id,first_name,second_name,web_name,status,news,news_added,now_cost,now_cost_rank,now_cost_rank_type,selected_by_percent,selected_rank,selected_rank_type,form,form_rank,form_rank_type,event_points,cost_change_event,cost_change_event_fall,cost_change_start,cost_change_start_fall,transfers_in_event,transfers_out_event,value_form,value_season,ep_next,ep_this,points_per_game,points_per_game_rank,points_per_game_rank_type,chance_of_playing_next_round,chance_of_playing_this_round,influence_rank,influence_rank_type,creativity_rank,creativity_rank_type,threat_rank,threat_rank_type,ict_index_rank,ict_index_rank_type,corners_and_indirect_freekicks_order,direct_freekicks_order,penalties_order,set_piece_threat,corners_and_indirect_freekicks_text,direct_freekicks_text,penalties_text,expected_goals_per_90,expected_assists_per_90,expected_goal_involvements_per_90,expected_goals_conceded_per_90,saves_per_90,clean_sheets_per_90,goals_conceded_per_90,starts_per_90,defensive_contribution_per_90,gw,total_points,minutes,goals_scored,assists,clean_sheets,goals_conceded,own_goals,penalties_saved,penalties_missed,yellow_cards,red_cards,saves,starts,bonus,bps,transfers_in,transfers_out,dreamteam_count,expected_goals,expected_assists,expected_goal_involvements,expected_goals_conceded,influence,creativity,threat,ict_index,tackles,clearances_blocks_interceptions,recoveries,defensive_contribution
7,Riccardo,Calafiori,Calafiori,a,,,5.6,132,14.0,6.5,56,18.0,1.6,227.0,83.0,1,0,0.0,1,-1.0,3863,6474,0.3,15.2,2.6,5.7,4.5,33.0,12.0,100.0,100.0,222.0,86.0,226.0,59.0,99.0,12.0,201.0,66.0,,,,,,,,0.19,0.03,0.22,0.5,0.0,0.67,0.47,1.14,6.08,26,1,9,0,0,0,0,0,0,0,0,0,0,0,0,2,27722,9549,0.0,0.0,0.0,0.0,0.1200000000000001,1.4000000000000057,0.29999999999999716,0.0,0.20000000000000284,0,1,0,1
14,Maldini,Kacurri,Kacurri,u,has joined Morecambe on loan for the rest of the season.,,3.9,779,229.0,0.1,485,174.0,0.0,448.0,176.0,0,0,0.0,-1,1.0,0,36,0.0,0.0,0.0,0.0,0.0,567.0,207.0,0.0,0.0,557.0,207.0,547.0,207.0,512.0,199.0,560.0,207.0,,,,,,,,0.0,0.0,0.0,0.0,0.0,0.0,0.0,0.0,0.0,26,0,0,0,0,0,0,0,0,0,0,0,0,0,0,0,0,62,0.0,0.0,0.0,0.0,0.0,0.0,0.0,0.0,0.0,0,0,0,0
16,Bukayo,Saka,Saka,a,,,9.8,6,4.0,7.7,52,19.0,0.6,311.0,138.0,1,-1,1.0,-2,2.0,2514,30726,0.1,10.4,1.6,1.9,4.6,30.0,16.0,100.0,50.0,77.0,25.0,11.0,11.0,17.0,7.0,11.0,9.0,2.0,,1.0,,,,,0.32,0.29,0.61,0.61,0.0,0.46,0.75,0.98,6.85,26,1,20,0,0,0,1,0,0,0,0,0,0,0,0,2,2762,132662,0.0,0.0,0.0,0.0,0.5899999999999999,0.19999999999998863,0.2999999999999545,2.0,0.29999999999998295,0,1,0,1
20,Leandro,Trossard,Trossard,a,,,6.8,45,27.0,1.3,169,55.0,2.6,145.0,67.0,2,0,0.0,-2,2.0,1647,8663,0.4,13.8,3.6,5.8,4.3,48.0,26.0,100.0,75.0,98.0,32.0,36.0,34.0,36.0,21.0,35.0,27.0,,,4.0,,,,,0.28,0.15,0.43,0.62,0.0,0.48,0.72,0.96,5.72,26,2,80,0,0,0,1,0,0,0,0,0,0,1,0,14,6852,29056,0.0,0.16999999999999993,0.10999999999999988,0.28000000000000025,1.2200000000000006,9.800000000000011,22.19999999999999,15.0,4.700000000000003,2,1,1,4
21,Declan,Rice,Rice,a,,,7.6,21,14.0,35.2,8,3.0,2.6,146.0,68.0,4,1,-1.0,11,-11.0,25854,98256,0.3,18.2,3.6,7.7,5.5,7.0,5.0,100.0,100.0,12.0,4.0,2.0,2.0,89.0,54.0,7.0,5.0,1.0,1.0,,,,,,0.12,0.22,0.34,0.62,0.0,0.5,0.71,1.01,10.91,26,4,90,0,0,0,1,0,0,0,0,0,0,1,0,21,202875,137409,0.0,0.0,0.11000000000000032,0.10999999999999943,1.3399999999999999,20.59999999999991,44.799999999999955,6.0,7.099999999999994,2,3,7,12
22,Mikel,Merino Zazón,Merino,i,Foot injury - Unknown return date,,5.4,164,101.0,0.9,198,66.0,1.4,242.0,106.0,0,0,0.0,-6,6.0,38,6184,0.3,12.2,0.0,0.0,3.1,176.0,77.0,0.0,0.0,168.0,63.0,154.0,107.0,93.0,56.0,133.0,73.0,,,,,,,,0.27,0.13,0.4,0.6,0.0,0.36,0.81,0.9,10.03,26,0,0,0,0,0,0,0,0,0,0,0,0,0,0,0,58,13612,0.0,0.0,0.0,0.0,0.0,0.0,0.0,0.0,0.0,0,0,0,0
23,Fábio,Ferreira Vieira,Fábio Vieira,u,has joined Hamburger on loan for the rest of the season.,,5.4,173,107.0,0.0,681,279.0,0.0,778.0,340.0,0,0,0.0,-1,1.0,0,6,0.0,0.0,0.0,0.0,0.0,798.0,353.0,0.0,0.0,798.0,353.0,797.0,353.0,795.0,352.0,798.0,353.0,,,,,,,,0.0,0.0,0.0,0.0,0.0,0.0,0.0,0.0,0.0,26,0,0,0,0,0,0,0,0,0,0,0,0,0,0,0,0,9,0.0,0.0,0.0,0.0,0.0,0.0,0.0,0.0,0.0,0,0,0,0
24,Christian,Nørgaard,Nørgaard,a,,,5.1,224,138.0,0.1,434,147.0,0.2,373.0,165.0,0,0,0.0,-4,4.0,116,134,0.0,0.8,1.2,2.9,1.0,493.0,229.0,100.0,100.0,448.0,200.0,475.0,230.0,417.0,203.0,462.0,209.0,,,,,,,,0.14,0.0,0.14,6.13,0.0,0.0,2.81,0.0,25.31,26,0,0,0,0,0,0,0,0,0,0,0,0,0,0,0,223,191,0.0,0.0,0.0,0.0,0.0,0.0,0.0,0.0,0.0,0,0,0,0
25,Ethan,Nwaneri,Nwaneri,u,has joined Marseille on loan for the rest of the season.,,5.0,269,164.0,0.1,448,154.0,0.0,749.0,320.0,0,0,0.0,-5,5.0,0,128,0.0,1.6,0.0,0.0,1.3,428.0,193.0,0.0,0.0,457.0,205.0,383.0,196.0,361.0,188.0,438.0,196.0,,,,,,,,0.13,0.04,0.17,0.4,0.0,0.55,0.0,0.0,7.09,26,0,0,0,0,0,0,0,0,0,0,0,0,0,0,0,0,169,0.0,0.0,0.0,0.0,0.0,0.0,0.0,0.0,0.0,0,0,0,0
26,Martín,Zubimendi Ibáñez,Zubimendi,a,,,5.3,201,125.0,5.9,63,22.0,4.6,33.0,21.0,2,0,0.0,-2,2.0,19949,14484,0.9,19.4,5.6,11.7,4.0,69.0,30.0,100.0,100.0,55.0,15.0,80.0,60.0,96.0,59.0,54.0,37.0,,,,,,,,0.11,0.07,0.18,0.7,0.0,0.54,0.66,1.03,9.1,26,2,90,0,0,0,1,0,0,0,0,0,0,1,0,13,192338,18595,0.0,0.0,0.22999999999999998,0.22999999999999954,1.339999999999998,10.800000000000011,4.0,2.0,1.6999999999999886,1,4,1,6
28,Ismeal,Kabia,Kabia,u,has joined Shrewsbury Town on loan for the rest of the season.,,4.5,486,297.0,0.1,481,168.0,0.0,662.0,257.0,0,0,0.0,0,0.0,0,29,0.0,0.0,0.0,0.0,0.0,731.0,303.0,0.0,0.0,729.0,301.0,724.0,302.0,710.0,298.0,730.0,302.0,,,,,,,,0.0,0.0,0.0,0.0,0.0,0.0,0.0,0.0,0.0,26,0,0,0,0,0,0,0,0,0,0,0,0,0,0,0,0,55,0.0,0.0,0.0,0.0,0.0,0.0,0.0,0.0,0.0,0,0,0,0
29,Albert,Sambi Lokonga,Sambi,u,has joined Hamburger permanently.,,4.5,429,256.0,0.0,584,219.0,0.0,618.0,220.0,0,0,0.0,0,0.0,0,8,0.0,0.0,0.0,0.0,0.0,695.0,273.0,0.0,0.0,689.0,267.0,686.0,271.0,668.0,264.0,692.0,270.0,,,,,,,,0.0,0.0,0.0,0.0,0.0,0.0,0.0,0.0,0.0,26,0,0,0,0,0,0,0,0,0,0,0,0,0,0,0,0,19,0.0,0.0,0.0,0.0,0.0,0.0,0.0,0.0,0.0,0,0,0,0
30,Kai,Havertz,Havertz,d,Muscle injury - 50% chance of playing,,7.3,25,10.0,0.9,199,32.0,1.4,244.0,31.0,0,0,0.0,-2,2.0,1398,13907,0.2,1.1,1.2,5.3,2.7,246.0,27.0,50.0,100.0,420.0,47.0,365.0,47.0,371.0,54.0,412.0,51.0,,,,,,,,0.12,0.03,0.15,0.64,0.0,1.15,0.0,1.15,5.77,26,0,0,0,0,0,0,0,0,0,0,0,0,0,0,0,27625,16164,0.0,0.0,0.0,0.0,0.0,0.0,0.0,0.0,0.0,0,0,0,0
31,Gabriel,Fernando de Jesus,G.Jesus,a,,,6.4,56,20.0,0.7,221,36.0,1.4,243.0,30.0,0,0,0.0,-1,1.0,2628,7087,0.2,2.7,2.4,5.3,1.7,376.0,44.0,100.0,100.0,338.0,33.0,381.0,48.0,111.0,29.0,306.0,35.0,,,,,,,,0.56,0.06,0.62,1.09,0.0,0.0,1.61,0.65,7.42,26,0,0,0,0,0,0,0,0,0,0,0,0,0,0,0,13660,10995,0.0,0.0,0.0,0.0,0.0,0.0,0.0,0.0,0.0,0,0,0,0
266,Eberechi,Eze,Eze,a,,,7.2,30,18.0,7.7,50,18.0,0.6,310.0,137.0,1,0,0.0,-3,3.0,2180,11702,0.1,9.9,1.6,3.7,3.4,135.0,61.0,,,200.0,84.0,160.0,112.0,67.0,41.0,127.0,69.0,,,,,,,,0.21,0.14,0.35,0.55,0.0,0.48,0.56,1.04,5.93,26,1,45,0,0,0,0,0,0,0,0,0,0,1,0,4,9226,20871,0.0,0.0,0.020000000000000018,0.019999999999999574,0.41000000000000014,1.2000000000000455,2.3000000000000114,2.0,0.6000000000000085,0,2,0,2
662,Cristhian,Mosquera,Mosquera,a,,,5.3,204,26.0,0.1,429,159.0,0.8,299.0,107.0,4,0,0.0,-2,2.0,426,158,0.2,4.0,1.8,4.1,1.9,346.0,129.0,100.0,100.0,320.0,121.0,377.0,135.0,410.0,154.0,381.0,136.0,,,,,,,,0.0,0.08,0.08,0.7,0.0,0.17,0.87,0.87,8.32,26,4,90,0,0,0,1,0,0,0,0,0,0,1,0,14,563,264,0.0,0.0,0.010000000000000009,0.010000000000000009,1.3399999999999994,32.400000000000006,2.8000000000000007,0.0,3.5,3,10,5,13
666,Viktor,Gyökeres,Gyökeres,a,,,8.8,8,4.0,13.2,29,5.0,4.2,47.0,6.0,1,0,0.0,-2,2.0,13683,33664,0.5,8.6,5.2,10.9,3.2,165.0,16.0,100.0,100.0,169.0,14.0,177.0,14.0,20.0,12.0,64.0,12.0,,,2.0,,,,,0.45,0.07,0.52,0.64,0.0,0.57,0.46,1.09,3.26,26,1,90,0,0,0,1,0,0,0,1,0,0,1,0,2,193619,39573,0.0,0.0,0.37,0.370000000000001,1.3399999999999999,2.1999999999999886,15.300000000000011,6.0,2.4000000000000057,0,1,1,2
700,Max,Dowman,Dowman,i,Ankle injury - Unknown return date,,4.2,648,367.0,0.4,274,95.0,0.0,536.0,173.0,0,0,0.0,-3,3.0,4398,1742,0.0,1.2,0.0,0.0,2.5,265.0,111.0,0.0,0.0,490.0,225.0,466.0,224.0,357.0,186.0,457.0,207.0,,,,,,,,0.47,0.07,0.54,0.4,0.0,0.0,0.0,0.0,10.0,26,0,0,0,0,0,0,0,0,0,0,0,0,0,0,0,6439,3645,0.0,0.0,0.0,0.0,0.0,0.0,0.0,0.0,0.0,0,0,0,0
711,Andre,Harriman-Annous,Harriman-Annous,a,,,4.4,570,342.0,0.0,701,293.0,0.0,603.0,213.0,0,0,0.0,-1,1.0,41,30,0.0,0.0,1.0,2.5,0.0,684.0,267.0,,,678.0,261.0,673.0,265.0,653.0,257.0,681.0,264.0,,,,,,,,0.0,0.0,0.0,0.0,0.0,0.0,0.0,0.0,0.0,26,0,0,0,0,0,0,0,0,0,0,0,0,0,0,0,60,42,0.0,0.0,0.0,0.0,0.0,0.0,0.0,0.0,0.0,0,0,0,0
33,Marco,Bizot,M.Bizot,s,Suspended until 27 Feb,,4.2,626,32.0,0.4,279,36.0,0.0,525.0,81.0,0,0,0.0,-3,3.0,114,426,0.0,2.6,0.0,0.0,2.2,301.0,27.0,0.0,,348.0,28.0,617.0,77.0,588.0,63.0,409.0,28.0,,,,,,,,0.0,0.0,0.0,1.9,2.89,0.22,1.78,0.89,0.0,26,0,0,0,0,0,0,0,0,0,0,0,0,0,0,0,176,629,0.0,0.0,0.0,0.0,0.0,0.0,0.0,0.0,0.0,0,0,0,0
34,Joe,Gauci,Gauci,u,Has joined Port Vale on loan for the rest of the season.,,4.0,683,53.0,0.1,489,74.0,0.0,473.0,64.0,0,0,0.0,0,0.0,0,50,0.0,0.0,0.0,0.0,0.0,589.0,72.0,0.0,0.0,579.0,72.0,572.0,60.0,539.0,46.0,582.0,72.0,,,,,,,,0.0,0.0,0.0,0.0,0.0,0.0,0.0,0.0,0.0,26,0,0,0,0,0,0,0,0,0,0,0,0,0,0,0,0,77,0.0,0.0,0.0,0.0,0.0,0.0,0.0,0.0,0.0,0,0,0,0
36,Matty,Cash,Cash,d,Knee injury - 75% chance of playing,,4.9,300,46.0,11.3,33,12.0,2.5,154.0,54.0,0,0,0.0,4,-4.0,14527,66423,0.5,20.2,1.9,2.5,4.1,58.0,23.0,75.0,100.0,57.0,26.0,54.0,9.0,133.0,26.0,55.0,8.0,1.0,,,,,,,0.04,0.1,0.14,1.35,0.0,0.3,0.93,1.01,5.7,26,0,0,0,0,0,0,0,0,0,0,0,0,0,0,0,31284,90569,0.0,0.0,0.0,0.0,0.0,0.0,0.0,0.0,0.0,0,0,0,0
37,Lucas,Digne,Digne,a,,,4.5,408,72.0,1.6,151,60.0,1.8,206.0,78.0,0,0,0.0,0,0.0,3089,2991,0.4,16.0,1.8,1.8,3.1,169.0,67.0,100.0,100.0,188.0,77.0,85.0,20.0,220.0,57.0,148.0,48.0,2.0,2.0,,,,,,0.04,0.15,0.19,1.39,0.0,0.41,0.89,1.03,5.36,26,0,0,0,0,0,0,0,0,0,0,0,0,0,0,0,5059,4884,0.0,0.0,0.0,0.0,0.0,0.0,0.0,0.0,0.0,0,0,0,0
38,Ezri,Konsa Ngoyo,Konsa,a,,,4.4,525,105.0,7.7,51,17.0,4.0,50.0,15.0,6,0,0.0,-1,1.0,20504,4359,0.9,18.2,4.0,4.0,3.2,153.0,58.0,100.0,100.0,71.0,31.0,268.0,85.0,239.0,64.0,179.0,57.0,,,,,,,,0.04,0.02,0.06,1.41,0.0,0.32,1.05,1.01,5.82,26,6,90,0,0,1,0,0,0,0,0,0,0,1,0,25,27153,12403,0.0,0.15000000000000002,0.020000000000000018,0.16999999999999993,0.5,7.0,1.0999999999999943,11.0,1.8999999999999986,0,4,4,4
39,Ian,Maatsen,Maatsen,a,,,4.2,636,149.0,0.6,243,91.0,4.0,49.0,14.0,8,0,0.0,-3,3.0,3590,715,1.0,8.6,4.0,4.0,1.8,355.0,131.0,,,233.0,91.0,106.0,28.0,155.0,32.0,169.0,55.0,5.0,,,,,,,0.07,0.15,0.22,1.42,0.0,0.17,1.21,0.95,7.42,26,8,90,0,0,1,0,0,0,0,0,0,0,1,0,24,4598,1624,0.0,0.020000000000000018,0.08000000000000007,0.09999999999999964,0.5000000000000018,24.599999999999994,29.700000000000017,12.0,6.600000000000001,2,9,3,11
40,Tyrone,Mings,Mings,a,,,4.3,577,126.0,0.6,237,88.0,3.8,66.0,23.0,12,0,0.0,-2,2.0,5592,390,0.9,9.1,3.8,3.8,3.9,80.0,30.0,100.0,100.0,283.0,110.0,341.0,117.0,318.0,102.0,338.0,116.0,,,,,,,,0.07,0.01,0.08,1.49,0.0,0.39,0.91,1.04,7.41,26,12,90,0,1,1,0,0,0,0,0,0,0,1,3,33,6074,573,0.0,0.14000000000000007,0.0,0.14,0.5,13.400000000000006,0.6999999999999957,9.0,2.3000000000000007,1,4,4,5
41,Pau,Torres,Pau,a,,,4.3,585,131.0,0.3,308,113.0,2.0,182.0,65.0,0,0,0.0,-2,2.0,484,647,0.5,11.4,2.0,2.0,3.3,138.0,51.0,100.0,100.0,217.0,83.0,358.0,125.0,308.0,98.0,304.0,102.0,,,,,,,,0.04,0.02,0.06,1.28,0.0,0.3,0.97,0.97,6.49,26,0,0,0,0,0,0,0,0,0,0,0,0,0,0,0,941,1215,0.0,0.0,0.0,0.0,0.0,0.0,0.0,0.0,0.0,0,0,0,0
42,Andrés,García,A.García,a,,,3.9,780,230.0,0.2,377,137.0,0.0,449.0,177.0,0,0,0.0,-1,1.0,15,295,0.0,0.3,0.0,0.0,0.5,508.0,176.0,100.0,0.0,494.0,176.0,455.0,166.0,513.0,200.0,497.0,176.0,,,,,,,,0.0,0.03,0.03,4.56,0.0,0.0,6.0,0.0,0.0,26,0,0,0,0,0,0,0,0,0,0,0,0,0,0,0,23,483,0.0,0.0,0.0,0.0,0.0,0.0,0.0,0.0,0.0,0,0,0,0
44,Lamare,Bogarde,Bogarde,a,,,4.0,701,182.0,0.5,253,94.0,2.5,148.0,50.0,7,0,0.0,0,0.0,1158,541,0.6,8.0,2.5,2.5,1.5,400.0,145.0,100.0,100.0,350.0,133.0,343.0,119.0,394.0,142.0,383.0,137.0,,,,,,,,0.0,0.02,0.02,1.29,0.0,0.27,1.09,0.96,5.33,26,7,90,0,0,1,0,0,0,0,0,0,0,1,1,28,1781,1051,0.0,0.0,0.010000000000000009,0.010000000000000009,0.5,17.0,2.3000000000000043,2.0,2.0999999999999996,2,5,3,7
45,Lino,da Cruz Sousa,Sousa,u,has joined Rotherham on loan for the rest of the season.,,3.8,798,247.0,0.3,326,119.0,0.0,400.0,155.0,0,0,0.0,-2,2.0,0,648,0.0,0.0,0.0,0.0,0.0,523.0,190.0,0.0,0.0,513.0,190.0,500.0,188.0,464.0,179.0,516.0,190.0,,,,,,,,0.0,0.0,0.0,0.0,0.0,0.0,0.0,0.0,0.0,26,0,0,0,0,0,0,0,0,0,0,0,0,0,0,0,0,1093,0.0,0.0,0.0,0.0,0.0,0.0,0.0,0.0,0.0,0,0,0,0
46,Yasin,Özcan,Yasin,u,has joined Anderlecht on loan for the rest of the season.,,4.0,717,195.0,0.1,460,168.0,0.0,503.0,207.0,0,0,0.0,0,0.0,0,36,0.0,0.0,0.0,0.0,0.0,616.0,233.0,0.0,0.0,606.0,233.0,599.0,233.0,567.0,228.0,609.0,233.0,,,,,,,,0.0,0.0,0.0,0.0,0.0,0.0,0.0,0.0,0.0,26,0,0,0,0,0,0,0,0,0,0,0,0,0,0,0,0,54,0.0,0.0,0.0,0.0,0.0,0.0,0.0,0.0,0.0,0,0,0,0
47,Morgan,Rogers,Rogers,a,,,7.6,22,15.0,30.6,11,4.0,5.5,19.0,13.0,2,0,0.0,6,-6.0,78228,47233,0.7,16.4,5.5,5.5,4.8,21.0,10.0,100.0,100.0,32.0,8.0,23.0,22.0,8.0,3.0,8.0,6.0,,,,,,,,0.19,0.11,0.3,1.39,0.0,0.31,1.05,1.01,6.14,26,2,90,0,0,1,0,0,0,0,1,0,0,1,0,4,137921,89563,0.0,0.20000000000000018,0.029999999999999805,0.22999999999999954,0.5,4.399999999999977,22.19999999999999,52.0,7.900000000000006,1,0,2,3
48,Youri,Tielemans,Tielemans,i,Ankle injury - Expected back 11 Apr,,5.9,92,58.0,0.7,224,78.0,0.8,305.0,133.0,0,0,0.0,-1,1.0,36,2705,0.1,8.8,0.0,0.0,3.1,178.0,78.0,0.0,0.0,154.0,55.0,41.0,39.0,170.0,96.0,95.0,56.0,3.0,,,,,,,0.07,0.18,0.25,1.6,0.0,0.28,1.18,1.04,9.59,26,0,0,0,0,0,0,0,0,0,0,0,0,0,0,0,52,4860,0.0,0.0,0.0,0.0,0.0,0.0,0.0,0.0,0.0,0,0,0,0
50,Emiliano,Buendía Stati,Buendía,a,,,5.3,190,117.0,0.5,255,87.0,3.8,71.0,35.0,1,0,0.0,-2,2.0,2863,2596,0.7,14.2,3.8,3.8,3.1,175.0,76.0,100.0,100.0,144.0,50.0,89.0,66.0,68.0,42.0,85.0,51.0,,6.0,2.0,,,,,0.2,0.11,0.31,1.39,0.0,0.23,0.86,1.1,10.41,26,1,59,0,0,0,0,0,0,0,0,0,0,1,0,8,5333,6523,0.0,0.020000000000000018,0.010000000000000009,0.029999999999999805,0.1700000000000017,5.800000000000011,10.399999999999977,4.0,2.0,0,2,4,6
53,Donyell,Malen,Malen,u,has joined Roma on loan for the rest of the season.,,5.1,227,140.0,0.4,271,94.0,0.0,759.0,328.0,0,0,0.0,-4,4.0,0,832,0.0,10.8,0.0,0.0,2.6,256.0,108.0,0.0,0.0,261.0,110.0,245.0,152.0,69.0,43.0,202.0,103.0,,,,,,,,0.57,0.05,0.62,1.49,0.0,0.14,1.41,0.7,2.25,26,0,0,0,0,0,0,0,0,0,0,0,0,0,0,0,0,1445,0.0,0.0,0.0,0.0,0.0,0.0,0.0,0.0,0.0,0,0,0,0
55,Ross,Barkley,Barkley,a,,,4.8,352,220.0,0.0,618,239.0,0.5,326.0,143.0,1,0,0.0,-2,2.0,148,48,0.1,3.5,0.5,0.5,1.9,343.0,151.0,100.0,100.0,388.0,170.0,344.0,185.0,297.0,158.0,372.0,175.0,,,,,,,,0.27,0.1,0.37,1.24,0.0,0.0,0.0,0.0,12.04,26,1,30,0,0,0,0,0,0,0,0,0,0,0,0,2,226,78,0.0,0.03999999999999998,0.01999999999999999,0.06000000000000005,0.32999999999999985,1.0,0.8000000000000043,1.0,0.3000000000000007,0,1,1,2
56,Enzo,Barrenechea,Barrenechea,u,Season-long loan to Benfica,,5.0,267,162.0,0.0,817,367.0,0.0,748.0,319.0,0,0,0.0,0,0.0,0,1,0.0,0.0,0.0,0.0,0.0,785.0,344.0,0.0,0.0,784.0,343.0,783.0,344.0,779.0,342.0,785.0,344.0,,,,,,,,0.0,0.0,0.0,0.0,0.0,0.0,0.0,0.0,0.0,26,0,0,0,0,0,0,0,0,0,0,0,0,0,0,0,0,1,0.0,0.0,0.0,0.0,0.0,0.0,0.0,0.0,0.0,0,0,0,0
63,Kadan,Young,Young,u,has joined Reading on loan for the rest of the season.,,4.3,606,353.0,0.6,242,84.0,0.0,555.0,183.0,0,0,0.0,-2,2.0,0,1848,0.0,0.0,0.0,0.0,0.0,649.0,245.0,0.0,0.0,639.0,235.0,636.0,241.0,611.0,229.0,642.0,238.0,,,,,,,,0.0,0.0,0.0,0.0,0.0,0.0,0.0,0.0,0.0,26,0,0,0,0,0,0,0,0,0,0,0,0,0,0,0,0,3125,0.0,0.0,0.0,0.0,0.0,0.0,0.0,0.0,0.0,0,0,0,0
64,Ollie,Watkins,Watkins,a,,,8.6,9,5.0,9.0,41,7.0,3.0,119.0,15.0,2,-1,1.0,-4,4.0,15598,27063,0.3,11.0,3.0,3.0,3.8,92.0,7.0,100.0,100.0,104.0,9.0,144.0,9.0,4.0,3.0,28.0,6.0,,,3.0,,,,,0.45,0.05,0.5,1.42,0.0,0.38,1.09,1.04,3.08,26,2,73,0,0,1,0,0,0,0,0,0,0,1,0,2,24452,60902,0.0,0.02000000000000135,0.020000000000000018,0.03999999999999915,0.39000000000000057,0.0,1.9000000000000057,6.0,0.30000000000001137,0,0,0,0
65,Zépiqueno,Redmond,Redmond,u,has joined Huddersfield Town on loan for the rest of the season.,,4.5,483,69.0,0.3,323,53.0,0.0,659.0,68.0,0,0,0.0,0,0.0,0,94,0.0,0.0,0.0,0.0,0.0,729.0,78.0,0.0,0.0,726.0,78.0,722.0,77.0,708.0,77.0,728.0,78.0,,,,,,,,0.0,0.0,0.0,0.0,0.0,0.0,0.0,0.0,0.0,26,0,0,0,0,0,0,0,0,0,0,0,0,0,0,0,0,129,0.0,0.0,0.0,0.0,0.0,0.0,0.0,0.0,0.0,0,0,0,0
389,Harvey,Elliott,Elliott,a,,,5.1,235,144.0,0.2,390,129.0,0.2,376.0,166.0,0,0,0.0,-4,4.0,259,240,0.0,1.0,0.2,0.2,1.0,494.0,230.0,100.0,100.0,449.0,201.0,368.0,189.0,346.0,182.0,426.0,194.0,,,,,,,,0.24,0.07,0.31,1.42,0.0,0.0,1.64,0.82,4.91,26,0,0,0,0,0,0,0,0,0,0,0,0,0,0,0,395,316,0.0,0.0,0.0,0.0,0.0,0.0,0.0,0.0,0.0,0,0,0,0
456,Jadon,Sancho,Sancho,a,,,5.8,107,68.0,0.2,347,117.0,2.2,176.0,78.0,1,0,0.0,-2,2.0,1290,617,0.4,4.0,2.2,2.2,1.5,414.0,185.0,100.0,100.0,361.0,161.0,164.0,116.0,163.0,92.0,266.0,133.0,,,,,,,,0.09,0.2,0.29,1.29,0.0,0.16,0.63,0.95,4.57,26,1,59,0,0,0,0,0,0,0,0,0,0,1,0,2,2221,957,0.0,0.08999999999999997,0.4,0.49,0.1700000000000017,2.200000000000003,33.69999999999999,11.0,4.700000000000003,0,0,0,0
688,James,Wright,Wright,a,,,3.9,764,83.0,0.6,240,32.0,0.0,433.0,42.0,0,0,0.0,-1,1.0,360,433,0.0,0.0,0.0,0.0,0.0,552.0,51.0,,,542.0,51.0,532.0,36.0,497.0,22.0,545.0,51.0,,,,,,,,0.0,0.0,0.0,0.0,0.0,0.0,0.0,0.0,0.0,26,0,0,0,0,0,0,0,0,0,0,0,0,0,0,0,593,667,0.0,0.0,0.0,0.0,0.0,0.0,0.0,0.0,0.0,0,0,0,0
702,Bradley,Burrowes,Burrowes,a,,,4.4,569,341.0,0.1,535,194.0,0.0,602.0,212.0,0,0,0.0,-1,1.0,117,63,0.0,0.2,0.0,0.0,1.0,470.0,210.0,,,677.0,260.0,478.0,232.0,652.0,256.0,680.0,263.0,,,,,,,,0.0,0.0,0.0,5.06,0.0,0.0,5.62,0.0,5.62,26,0,0,0,0,0,0,0,0,0,0,0,0,0,0,0,192,105,0.0,0.0,0.0,0.0,0.0,0.0,0.0,0.0,0.0,0,0,0,0
703,Sam,Proctor,Proctor,a,,,3.9,775,91.0,0.6,235,30.0,0.0,444.0,50.0,0,0,0.0,-1,1.0,1053,867,0.0,0.0,0.0,0.0,0.0,563.0,59.0,,,553.0,59.0,543.0,44.0,508.0,30.0,556.0,59.0,,,,,,,,0.0,0.0,0.0,0.0,0.0,0.0,0.0,0.0,0.0,26,0,0,0,0,0,0,0,0,0,0,0,0,0,0,0,1536,1327,0.0,0.0,0.0,0.0,0.0,0.0,0.0,0.0,0.0,0,0,0,0
710,Travis,Patterson,Patterson,a,,,3.9,772,226.0,0.2,382,141.0,0.0,441.0,173.0,0,0,0.0,-1,1.0,135,214,0.0,0.0,0.0,0.0,0.0,560.0,204.0,,,550.0,204.0,540.0,204.0,505.0,196.0,553.0,204.0,,,,,,,,0.0,0.0,0.0,0.0,0.0,0.0,0.0,0.0,0.0,26,0,0,0,0,0,0,0,0,0,0,0,0,0,0,0,200,293,0.0,0.0,0.0,0.0,0.0,0.0,0.0,0.0,0.0,0,0,0,0
719,Victor,Lindelöf,Lindelöf,a,,,4.5,415,76.0,0.1,469,170.0,0.5,319.0,116.0,1,0,0.0,0,0.0,294,377,0.1,4.9,0.5,0.5,1.8,360.0,133.0,100.0,100.0,314.0,118.0,374.0,133.0,406.0,153.0,373.0,131.0,,,,,,,,0.0,0.01,0.01,1.69,0.0,0.16,1.42,0.94,5.66,26,1,6,0,0,0,0,0,0,0,0,0,0,0,0,3,421,646,0.0,0.0,0.0,0.0,0.0,0.0,0.3000000000000007,0.0,0.0,0,0,0,0
754,George,Hemmings,George Hemmings,a,,,4.5,484,295.0,0.0,753,320.0,0.0,660.0,255.0,0,0,0.0,0,0.0,56,37,0.0,0.4,0.0,0.0,1.0,478.0,217.0,,,727.0,299.0,454.0,218.0,443.0,218.0,493.0,227.0,,,,,,,,0.14,0.04,0.18,2.2,0.0,0.0,0.0,0.0,3.6,26,0,0,0,0,0,0,0,0,0,0,0,0,0,0,0,91,52,0.0,0.0,0.0,0.0,0.0,0.0,0.0,0.0,0.0,0,0,0,0
792,Alysson Edward Franco,da Rocha dos Santos,Alysson,a,,,5.0,283,176.0,0.0,809,360.0,0.2,372.0,164.0,1,0,0.0,0,0.0,37,9,0.0,0.2,0.2,0.1,1.0,492.0,228.0,100.0,25.0,791.0,348.0,471.0,227.0,430.0,213.0,484.0,222.0,,,,,,,,0.0,0.06,0.06,0.62,0.0,0.0,0.0,0.0,5.62,26,1,16,0,0,0,0,0,0,0,0,0,0,0,0,4,38,13,0.0,0.0,0.01,0.01,0.11,0.0,0.5,4.0,0.5,0,0,1,1
808,Tammy,Abraham,Abraham,a,,,6.0,87,27.0,0.2,348,58.0,1.3,245.0,32.0,1,0,0.0,0,0.0,3153,3156,0.2,0.7,1.3,1.3,1.3,432.0,53.0,,,456.0,54.0,400.0,53.0,324.0,51.0,431.0,54.0,,,,,,,,0.53,0.07,0.6,0.69,0.0,0.0,0.83,0.83,3.3,26,1,15,0,0,0,0,0,0,0,0,0,0,0,0,3,4733,7195,0.0,0.0,0.0,0.0,0.10999999999999999,1.9999999999999991,2.0999999999999996,6.0,1.0,1,0,0,1
183,Max,Weiß,Weiss,a,,,4.3,603,30.0,0.1,451,66.0,0.0,553.0,85.0,0,0,0.0,-2,2.0,129,130,0.0,0.0,-1.0,-0.5,0.0,647.0,90.0,,,637.0,90.0,634.0,82.0,609.0,70.0,640.0,90.0,,,,,,,,0.0,0.0,0.0,0.0,0.0,0.0,0.0,0.0,0.0,26,0,0,0,0,0,0,0,0,0,0,0,0,0,0,0,193,235,0.0,0.0,0.0,0.0,0.0,0.0,0.0,0.0,0.0,0,0,0,0
184,Etienne,Green,Green,u,has joined FC Fredericia permanently.,,4.0,690,57.0,0.2,401,59.0,0.0,478.0,68.0,0,0,0.0,0,0.0,0,81,0.0,0.0,0.0,0.0,0.0,594.0,76.0,0.0,0.0,584.0,76.0,577.0,64.0,544.0,50.0,587.0,76.0,,,,,,,,0.0,0.0,0.0,0.0,0.0,0.0,0.0,0.0,0.0,26,0,0,0,0,0,0,0,0,0,0,0,0,0,0,0,0,127,0.0,0.0,0.0,0.0,0.0,0.0,0.0,0.0,0.0,0,0,0,0
185,Václav,Hladký,Hladký,a,,,3.9,737,67.0,0.2,402,60.0,0.0,413.0,27.0,0,0,0.0,-1,1.0,73,93,0.0,0.0,-1.0,-0.5,0.0,534.0,36.0,,,524.0,36.0,513.0,20.0,478.0,6.0,527.0,36.0,,,,,,,,0.0,0.0,0.0,0.0,0.0,0.0,0.0,0.0,0.0,26,0,0,0,0,0,0,0,0,0,0,0,0,0,0,0,121,255,0.0,0.0,0.0,0.0,0.0,0.0,0.0,0.0,0.0,0,0,0,0
186,Connor,Roberts,Roberts,i,Achilles injury - Unknown return date,,4.4,524,104.0,0.0,651,228.0,0.0,574.0,236.0,0,0,0.0,-1,1.0,22,19,0.0,0.0,0.0,0.0,0.0,663.0,251.0,0.0,0.0,653.0,251.0,650.0,251.0,627.0,250.0,656.0,251.0,,,,,,,,0.0,0.0,0.0,0.0,0.0,0.0,0.0,0.0,0.0,26,0,0,0,0,0,0,0,0,0,0,0,0,0,0,0,36,50,0.0,0.0,0.0,0.0,0.0,0.0,0.0,0.0,0.0,0,0,0,0
196,Shurandy,Sambo,Sambo,u,has joined Sparta Rotterdam on loan for the rest of the season.,,4.0,679,170.0,0.0,617,220.0,0.0,470.0,187.0,0,0,0.0,0,0.0,0,13,0.0,0.0,0.0,0.0,0.0,586.0,216.0,0.0,0.0,576.0,216.0,569.0,216.0,536.0,210.0,579.0,216.0,,,,,,,,0.0,0.0,0.0,0.0,0.0,0.0,0.0,0.0,0.0,26,0,0,0,0,0,0,0,0,0,0,0,0,0,0,0,0,21,0.0,0.0,0.0,0.0,0.0,0.0,0.0,0.0,0.0,0,0,0,0
197,Oliver,Sonne,Sonne,u,has joined Sparta Prague on loan for the rest of the season.,,3.8,801,250.0,0.2,358,128.0,0.0,403.0,158.0,0,0,0.0,-2,2.0,0,722,0.0,3.4,0.0,0.0,1.9,336.0,124.0,0.0,0.0,405.0,152.0,391.0,141.0,348.0,113.0,410.0,147.0,,,,,,,,0.3,0.04,0.34,2.08,0.0,0.0,2.2,0.55,3.84,26,0,0,0,0,0,0,0,0,0,0,0,0,0,0,0,0,1351,0.0,0.0,0.0,0.0,0.0,0.0,0.0,0.0,0.0,0,0,0,0
198,Axel,Tuanzebe,Tuanzebe,d,Achilles injury - 25% chance of playing,,3.9,748,214.0,1.0,190,73.0,1.2,247.0,89.0,0,0,0.0,-1,1.0,21,1559,0.3,6.9,0.0,0.2,2.5,261.0,100.0,25.0,25.0,224.0,87.0,424.0,152.0,306.0,96.0,324.0,112.0,,,,,,,,0.06,0.01,0.07,2.41,0.0,0.1,2.13,1.06,9.38,26,0,0,0,0,0,0,0,0,0,0,0,0,0,0,0,222,2600,0.0,0.0,0.0,0.0,0.0,0.0,0.0,0.0,0.0,0,0,0,0
206,Marcus,Edwards,Edwards,a,,,4.7,381,238.0,0.1,428,144.0,2.8,125.0,57.0,5,0,0.0,-3,3.0,1179,454,0.6,8.7,1.8,2.3,2.6,250.0,102.0,,,277.0,120.0,115.0,80.0,142.0,81.0,197.0,102.0,,3.0,,,,,,0.14,0.19,0.33,1.82,0.0,0.12,1.62,0.93,4.98,26,5,72,0,1,0,2,0,0,0,0,0,0,1,0,18,1583,1164,0.0,0.0,0.09999999999999987,0.10000000000000009,1.4600000000000009,21.80000000000001,22.700000000000017,6.0,5.099999999999994,1,0,3,4
207,Hannibal,Mejbri,Hannibal,a,,,4.7,389,242.0,0.1,467,161.0,3.2,93.0,43.0,10,0,0.0,-3,3.0,805,108,0.7,7.7,2.2,2.7,2.0,326.0,142.0,100.0,100.0,313.0,142.0,172.0,117.0,300.0,159.0,292.0,144.0,,4.0,,,,,,0.06,0.15,0.21,2.25,0.0,0.14,2.29,1.0,8.43,26,10,82,1,0,0,2,0,0,0,1,0,0,1,2,36,963,197,0.0,0.09000000000000002,0.030000000000000027,0.11999999999999988,1.4900000000000002,50.400000000000006,6.800000000000011,19.0,7.600000000000001,3,2,8,13
209,Josh,Laurent,Laurent,a,,,4.8,353,221.0,0.0,612,236.0,0.8,289.0,123.0,2,0,0.0,-2,2.0,56,77,0.2,9.4,-0.2,0.3,2.0,327.0,143.0,,,213.0,93.0,238.0,148.0,265.0,143.0,263.0,131.0,,,,,,,,0.04,0.02,0.06,2.0,0.0,0.07,2.14,0.86,9.94,26,2,90,0,0,0,2,0,0,0,0,0,0,1,0,5,92,180,0.0,0.08000000000000002,0.019999999999999962,0.09999999999999998,1.8000000000000007,7.599999999999994,2.0,3.0,1.2999999999999972,2,1,3,6
210,Loum,Tchaouna,Tchaouna,a,,,4.9,333,208.0,0.0,627,245.0,0.5,328.0,144.0,0,0,0.0,-1,1.0,23,41,0.1,7.1,-0.5,0.0,1.8,364.0,160.0,,,353.0,157.0,281.0,164.0,230.0,127.0,335.0,160.0,,2.0,,,,,,0.1,0.05,0.15,1.64,0.0,0.23,1.36,1.02,5.42,26,0,0,0,0,0,0,0,0,0,0,0,0,0,0,0,38,70,0.0,0.0,0.0,0.0,0.0,0.0,0.0,0.0,0.0,0,0,0,0
211,Aaron,Ramsey,A.Ramsey,u,has joined Leicester City on loan for the rest of the season.,,4.4,540,322.0,1.4,158,51.0,0.0,580.0,197.0,0,0,0.0,-1,1.0,0,539,0.0,0.0,0.0,0.0,0.0,667.0,256.0,0.0,0.0,657.0,246.0,654.0,252.0,631.0,241.0,660.0,249.0,,,,,,,,0.0,0.0,0.0,0.0,0.0,0.0,0.0,0.0,0.0,26,0,0,0,0,0,0,0,0,0,0,0,0,0,0,0,0,889,0.0,0.0,0.0,0.0,0.0,0.0,0.0,0.0,0.0,0,0,0,0
212,Oluwaseun,Adewumi,Adewumi,u,Has joined Cercle Brugge on loan for the rest of the season.,,4.5,480,292.0,0.0,760,325.0,0.0,656.0,252.0,0,0,0.0,0,0.0,0,1,0.0,0.0,0.0,0.0,0.0,728.0,301.0,0.0,0.0,725.0,298.0,721.0,300.0,706.0,295.0,727.0,300.0,,,,,,,,0.0,0.0,0.0,0.0,0.0,0.0,0.0,0.0,0.0,26,0,0,0,0,0,0,0,0,0,0,0,0,0,0,0,0,4,0.0,0.0,0.0,0.0,0.0,0.0,0.0,0.0,0.0,0,0,0,0
217,Lyle,Foster,Foster,a,,,4.9,324,60.0,0.8,206,33.0,2.2,169.0,23.0,1,0,0.0,-1,1.0,985,1157,0.4,9.4,1.2,1.7,2.4,286.0,30.0,100.0,100.0,267.0,24.0,223.0,24.0,151.0,36.0,250.0,28.0,,,,,,,,0.2,0.02,0.22,1.87,0.0,0.26,1.94,1.06,5.3,26,1,17,0,0,0,0,0,0,0,0,0,0,0,0,3,1879,2757,0.0,0.0,0.0,0.0,0.33999999999999986,0.0,0.0,0.0,0.0,0,1,1,2
218,Ashley,Barnes,Barnes,a,,,4.2,623,87.0,1.4,157,25.0,0.0,522.0,50.0,0,0,0.0,-3,3.0,4261,2418,0.0,0.2,-1.0,-0.5,1.0,456.0,56.0,,,499.0,62.0,476.0,60.0,412.0,57.0,477.0,58.0,,,2.0,,,,,1.1,0.0,1.1,4.1,0.0,0.0,10.0,0.0,10.0,26,0,0,0,0,0,0,0,0,0,0,0,0,0,0,0,8598,4258,0.0,0.0,0.0,0.0,0.0,0.0,0.0,0.0,0.0,0,0,0,0
219,Michael,Obafemi,Obafemi,u,has joined Blackpool on loan for the rest of the season.,,4.4,527,75.0,0.1,465,67.0,0.0,576.0,58.0,0,0,0.0,-1,1.0,0,44,0.0,0.0,0.0,0.0,0.0,664.0,68.0,0.0,0.0,654.0,68.0,651.0,67.0,628.0,67.0,657.0,68.0,,,,,,,,0.0,0.0,0.0,0.0,0.0,0.0,0.0,0.0,0.0,26,0,0,0,0,0,0,0,0,0,0,0,0,0,0,0,0,65,0.0,0.0,0.0,0.0,0.0,0.0,0.0,0.0,0.0,0,0,0,0
470,Martin,Dúbravka,Dúbravka,a,,,4.0,659,41.0,32.7,9,2.0,2.0,181.0,13.0,1,0,0.0,0,0.0,10944,14836,0.5,19.0,1.0,1.5,2.9,200.0,20.0,100.0,100.0,4.0,1.0,551.0,48.0,517.0,34.0,122.0,1.0,,,,,,,,0.0,0.0,0.0,1.99,3.85,0.12,1.96,1.0,0.0,26,1,90,0,0,0,2,0,0,0,0,0,1,1,0,4,22063,32186,0.0,0.0,0.0,0.0,1.7999999999999972,11.400000000000091,0.0,0.0,1.1000000000000085,0,1,9,0
614,James,Ward-Prowse,Ward-Prowse,a,,,5.6,123,76.0,0.2,391,130.0,0.2,382.0,171.0,1,0,0.0,-4,4.0,150,216,0.0,2.1,-0.8,-0.3,2.0,332.0,146.0,100.0,100.0,392.0,174.0,161.0,113.0,421.0,206.0,341.0,164.0,,,,,,,,0.03,0.2,0.23,1.62,0.0,0.21,2.35,1.07,4.92,26,1,7,0,0,0,0,0,0,0,0,0,0,0,0,5,238,383,0.0,0.0,0.010000000000000009,0.010000000000000009,0.3100000000000005,2.1999999999999957,4.0,0.0,0.6000000000000014,1,0,0,1
676,Lesley,Ugochukwu,Ugochukwu,a,,,5.0,272,167.0,0.1,454,156.0,3.0,114.0,53.0,7,0,0.0,0,0.0,372,229,0.6,15.4,2.0,2.5,3.1,173.0,75.0,100.0,100.0,125.0,41.0,194.0,130.0,136.0,78.0,157.0,87.0,,,,,,,,0.11,0.01,0.12,2.03,0.0,0.16,1.95,1.05,9.05,26,7,86,0,1,0,2,0,0,0,0,0,0,1,0,20,515,1004,0.0,0.0,0.0,0.0,1.490000000000002,34.39999999999998,11.599999999999994,2.0,4.799999999999997,3,6,3,12
680,Armando,Broja,Broja,a,,,5.2,213,49.0,0.2,376,60.0,1.0,271.0,37.0,0,0,0.0,-3,3.0,229,736,0.2,7.3,0.0,0.5,2.0,330.0,37.0,100.0,100.0,346.0,35.0,309.0,32.0,110.0,28.0,289.0,34.0,,,,,,,,0.24,0.01,0.25,2.33,0.0,0.11,2.8,0.89,4.58,26,0,0,0,0,0,0,0,0,0,0,0,0,0,0,0,404,1550,0.0,0.0,0.0,0.0,0.0,0.0,0.0,0.0,0.0,0,0,0,0
66,Norberto,Murara Neto,Neto,u,Has joined Botafogo permanently.,,4.5,406,21.0,0.1,568,77.0,0.0,605.0,88.0,0,0,0.0,0,0.0,0,26,0.0,0.0,0.0,0.0,0.0,686.0,92.0,0.0,0.0,680.0,92.0,675.0,84.0,655.0,73.0,683.0,92.0,,,,,,,,0.0,0.0,0.0,0.0,0.0,0.0,0.0,0.0,0.0,26,0,0,0,0,0,0,0,0,0,0,0,0,0,0,0,0,32,0.0,0.0,0.0,0.0,0.0,0.0,0.0,0.0,0.0,0,0,0,0
67,Đorđe,Petrović,Petrović,a,,,4.5,435,24.0,4.3,81,14.0,3.8,69.0,3.0,3,0,0.0,0,0.0,8007,4137,0.8,16.9,3.8,3.8,2.9,202.0,21.0,,,27.0,8.0,691.0,87.0,673.0,76.0,192.0,8.0,,,,,,,,0.0,0.0,0.0,1.47,3.08,0.23,1.73,1.0,0.0,26,3,90,0,0,0,1,0,0,0,0,0,5,1,0,17,15312,10037,0.0,0.0,0.0,0.0,2.940000000000005,36.0,0.0,0.0,3.5999999999999943,0,1,7,0
68,Will,Dennis,Dennis,u,has joined Leyton Orient on loan for the rest of the season.,,4.0,678,51.0,0.8,211,27.0,0.0,469.0,62.0,0,0,0.0,0,0.0,0,739,0.0,0.0,0.0,0.0,0.0,585.0,70.0,0.0,0.0,575.0,70.0,568.0,58.0,535.0,44.0,578.0,70.0,,,,,,,,0.0,0.0,0.0,0.0,0.0,0.0,0.0,0.0,0.0,26,0,0,0,0,0,0,0,0,0,0,0,0,0,0,0,0,1169,0.0,0.0,0.0,0.0,0.0,0.0,0.0,0.0,0.0,0,0,0,0
69,Callan,McKenna,McKenna,a,,,3.9,777,92.0,0.2,345,48.0,0.0,446.0,51.0,0,0,0.0,-1,1.0,371,209,0.0,0.0,0.0,0.0,0.0,565.0,60.0,,,555.0,60.0,545.0,45.0,510.0,31.0,558.0,60.0,,,,,,,,0.0,0.0,0.0,0.0,0.0,0.0,0.0,0.0,0.0,26,0,0,0,0,0,0,0,0,0,0,0,0,0,0,0,698,342,0.0,0.0,0.0,0.0,0.0,0.0,0.0,0.0,0.0,0,0,0,0
70,Alex,Paulsen,Paulsen,u,Has joined Lechia Gdansk on loan for the rest of the season.,,4.0,694,58.0,0.1,570,78.0,0.0,482.0,69.0,0,0,0.0,0,0.0,0,23,0.0,0.0,0.0,0.0,0.0,597.0,77.0,0.0,0.0,587.0,77.0,580.0,65.0,547.0,51.0,590.0,77.0,,,,,,,,0.0,0.0,0.0,0.0,0.0,0.0,0.0,0.0,0.0,26,0,0,0,0,0,0,0,0,0,0,0,0,0,0,0,0,37,0.0,0.0,0.0,0.0,0.0,0.0,0.0,0.0,0.0,0,0,0,0
71,Illia,Zabarnyi,Zabarnyi,u,Has joined Paris Saint-Germain permanently.,,5.0,264,41.0,0.0,667,233.0,0.0,746.0,257.0,0,0,0.0,0,0.0,0,4,0.0,0.0,0.0,0.0,0.0,783.0,262.0,0.0,0.0,782.0,262.0,781.0,262.0,777.0,262.0,783.0,262.0,,,,,,,,0.0,0.0,0.0,0.0,0.0,0.0,0.0,0.0,0.0,26,0,0,0,0,0,0,0,0,0,0,0,0,0,0,0,0,5,0.0,0.0,0.0,0.0,0.0,0.0,0.0,0.0,0.0,0,0,0,0
72,Marcos,Senesi Barón,Senesi,a,,,4.8,360,60.0,15.5,21,8.0,3.6,76.0,26.0,2,0,0.0,3,-3.0,31477,23397,0.8,22.1,3.6,3.6,4.2,51.0,19.0,100.0,100.0,3.0,1.0,87.0,21.0,165.0,35.0,31.0,1.0,,,,,,,,0.05,0.16,0.21,1.47,0.0,0.24,1.79,1.02,12.43,26,2,90,0,0,0,1,0,0,0,0,0,0,1,0,8,53259,47975,0.0,0.0,0.0,0.0,2.9399999999999977,25.800000000000068,0.6999999999999886,2.0,2.8999999999999915,1,6,4,7
73,Adam,Smith,Smith,a,,,4.4,517,98.0,0.2,385,143.0,1.8,204.0,76.0,1,0,0.0,-1,1.0,225,234,0.4,6.6,1.8,1.8,1.9,339.0,127.0,100.0,100.0,359.0,135.0,366.0,129.0,378.0,132.0,388.0,139.0,,,,,,,,0.0,0.01,0.01,1.53,0.0,0.37,1.86,1.24,5.08,26,1,1,0,0,0,0,0,0,0,0,0,0,0,0,4,396,388,0.0,0.0,0.0,0.0,0.0,0.0,0.0,0.0,0.0,0,0,0,0
74,Adrien,Truffert,Truffert,a,,,4.5,450,91.0,1.8,142,56.0,4.4,41.0,10.0,7,0,0.0,0,0.0,10864,1882,1.0,19.8,4.4,4.4,3.4,127.0,48.0,,,42.0,18.0,60.0,12.0,246.0,68.0,71.0,16.0,,,,,,,,0.01,0.07,0.08,1.4,0.0,0.23,1.64,1.02,8.38,26,7,90,0,1,0,1,0,0,0,0,0,0,1,0,18,13237,5727,0.0,0.019999999999999962,0.49,0.51,2.9399999999999977,32.599999999999966,15.800000000000011,1.0,4.8999999999999915,4,7,5,11
76,Owen,Bevan,Bevan,a,,,3.8,800,249.0,0.2,386,144.0,0.0,402.0,157.0,0,0,0.0,-2,2.0,348,216,0.0,0.0,0.0,0.0,0.0,525.0,192.0,,,515.0,192.0,502.0,190.0,466.0,181.0,518.0,192.0,,,,,,,,0.0,0.0,0.0,0.0,0.0,0.0,0.0,0.0,0.0,26,0,0,0,0,0,0,0,0,0,0,0,0,0,0,0,716,340,0.0,0.0,0.0,0.0,0.0,0.0,0.0,0.0,0.0,0,0,0,0
77,James,Hill,Hill,a,,,4.0,685,173.0,3.2,103,40.0,6.2,13.0,2.0,9,1,-1.0,0,0.0,116924,1513,1.6,14.8,6.2,6.2,3.5,116.0,42.0,,,158.0,69.0,294.0,97.0,294.0,89.0,253.0,84.0,,,,,,,,0.02,0.07,0.09,1.3,0.0,0.26,1.32,0.88,11.62,26,9,90,0,1,0,1,0,0,0,0,0,0,1,2,31,160842,3022,0.0,0.0,0.21999999999999997,0.21999999999999997,2.9400000000000013,55.0,10.599999999999994,2.0,6.799999999999997,3,17,2,20
78,Julián,Araujo Zúñiga,J.Araujo,u,has joined Celtic on loan for the rest of the season.,,3.8,792,241.0,0.5,254,95.0,0.0,395.0,150.0,0,0,0.0,-2,2.0,0,616,0.0,0.0,0.0,0.0,0.0,519.0,186.0,0.0,0.0,509.0,186.0,496.0,184.0,460.0,175.0,512.0,186.0,,,,,,,,0.0,0.0,0.0,0.0,0.0,0.0,0.0,0.0,0.0,26,0,0,0,0,0,0,0,0,0,0,0,0,0,0,0,0,1028,0.0,0.0,0.0,0.0,0.0,0.0,0.0,0.0,0.0,0,0,0,0
79,Chris,Mepham,Mepham,u,has joined West Bromwich Albion permanently.,,4.0,671,167.0,0.1,542,194.0,0.0,462.0,184.0,0,0,0.0,0,0.0,0,16,0.0,0.0,0.0,0.0,0.0,578.0,213.0,0.0,0.0,568.0,213.0,561.0,213.0,528.0,207.0,571.0,213.0,,,,,,,,0.0,0.0,0.0,0.0,0.0,0.0,0.0,0.0,0.0,26,0,0,0,0,0,0,0,0,0,0,0,0,0,0,0,0,27,0.0,0.0,0.0,0.0,0.0,0.0,0.0,0.0,0.0,0,0,0,0
81,Justin,Kluivert,Kluivert,i,Knee injury - Expected back 09 May,,7.0,36,22.0,0.6,231,80.0,0.0,813.0,365.0,0,0,0.0,0,0.0,47,749,0.0,5.7,0.0,0.0,2.2,310.0,135.0,0.0,0.0,292.0,131.0,84.0,63.0,201.0,110.0,195.0,101.0,4.0,2.0,1.0,,,,,0.22,0.15,0.37,1.65,0.0,0.39,1.77,0.98,6.11,26,0,0,0,0,0,0,0,0,0,0,0,0,0,0,0,70,1142,0.0,0.0,0.0,0.0,0.0,0.0,0.0,0.0,0.0,0,0,0,0
84,Marcus,Tavernier,Tavernier,i,Hamstring injury - Expected back 28 Feb,,5.3,191,118.0,1.1,184,62.0,1.6,226.0,97.0,0,0,0.0,-2,2.0,92,5116,0.3,17.7,0.0,0.0,4.3,42.0,21.0,0.0,0.0,79.0,26.0,32.0,31.0,57.0,34.0,39.0,29.0,2.0,1.0,4.0,,,,,0.26,0.12,0.38,1.4,0.0,0.36,1.84,1.02,8.38,26,0,0,0,0,0,0,0,0,0,0,0,0,0,0,0,156,13430,0.0,0.0,0.0,0.0,0.0,0.0,0.0,0.0,0.0,0,0,0,0
87,Ryan,Christie,Christie,a,,,4.9,292,182.0,0.1,562,207.0,1.2,253.0,109.0,2,0,0.0,-1,1.0,173,78,0.2,4.9,1.2,1.2,1.5,408.0,180.0,100.0,100.0,325.0,147.0,207.0,137.0,198.0,109.0,283.0,139.0,,,,,,,,0.28,0.08,0.36,1.95,0.0,0.0,1.98,0.4,9.91,26,2,79,0,0,0,1,0,0,0,0,0,0,1,0,12,337,136,0.0,0.029999999999999805,0.04999999999999999,0.08000000000000007,2.13,3.0,18.39999999999999,4.0,2.5,0,0,3,3
88,Lewis,Cook,Cook,a,,,4.9,291,181.0,0.1,560,206.0,3.2,94.0,44.0,1,0,0.0,-1,1.0,381,279,0.7,7.8,3.2,3.2,2.4,283.0,122.0,100.0,100.0,248.0,105.0,158.0,110.0,390.0,195.0,272.0,135.0,,,,,,,,0.01,0.05,0.06,1.4,0.0,0.1,1.86,0.83,14.79,26,1,10,0,0,0,0,0,0,0,0,0,0,0,0,2,853,485,0.0,0.0,0.0,0.0,0.8100000000000005,0.0,0.10000000000002274,0.0,0.0,0,1,0,1
89,Philip,Billing,Philip,u,has joined Midtjylland permanently.,,4.9,294,184.0,0.0,673,273.0,0.0,710.0,292.0,0,0,0.0,-1,1.0,0,6,0.0,0.0,0.0,0.0,0.0,762.0,326.0,0.0,0.0,761.0,325.0,758.0,326.0,751.0,324.0,762.0,326.0,,,,,,,,0.0,0.0,0.0,0.0,0.0,0.0,0.0,0.0,0.0,26,0,0,0,0,0,0,0,0,0,0,0,0,0,0,0,0,12,0.0,0.0,0.0,0.0,0.0,0.0,0.0,0.0,0.0,0,0,0,0
90,Alex,Scott,Scott,a,,,5.0,271,166.0,0.8,202,69.0,5.6,16.0,11.0,4,0,0.0,0,0.0,12321,2783,1.1,18.0,5.6,5.6,3.5,122.0,52.0,100.0,100.0,113.0,38.0,109.0,75.0,116.0,67.0,111.0,61.0,1.0,,,,,,,0.12,0.06,0.18,1.48,0.0,0.29,1.6,1.11,11.87,26,4,90,0,0,0,1,0,0,0,0,0,0,1,0,17,20913,6372,0.0,0.0,0.040000000000000036,0.040000000000000036,2.9399999999999977,16.0,6.5,0.0,2.299999999999997,3,6,7,16
91,Luis,Sinisterra Lucumí,Sinisterra,u,has joined Cruzeiro on loan for the rest of the season.,,5.0,253,154.0,0.0,736,310.0,0.0,741.0,313.0,0,0,0.0,0,0.0,0,2,0.0,0.0,0.0,0.0,0.0,779.0,339.0,0.0,0.0,778.0,338.0,776.0,339.0,773.0,337.0,779.0,339.0,,,,,,,,0.0,0.0,0.0,0.0,0.0,0.0,0.0,0.0,0.0,26,0,0,0,0,0,0,0,0,0,0,0,0,0,0,0,0,2,0.0,0.0,0.0,0.0,0.0,0.0,0.0,0.0,0.0,0,0,0,0
92,Romain,Faivre,Faivre,u,has joined Auxerre permanently.,,4.5,431,258.0,0.1,553,202.0,0.0,620.0,222.0,0,0,0.0,0,0.0,0,68,0.0,0.0,0.0,0.0,0.0,697.0,275.0,0.0,0.0,691.0,269.0,688.0,273.0,670.0,266.0,694.0,272.0,,,,,,,,0.0,0.0,0.0,0.0,0.0,0.0,0.0,0.0,0.0,26,0,0,0,0,0,0,0,0,0,0,0,0,0,0,0,0,111,0.0,0.0,0.0,0.0,0.0,0.0,0.0,0.0,0.0,0,0,0,0
93,Hamed,Traorè,H.Traorè,u,has joined Marseille on loan for the rest of the season.,,4.5,426,255.0,0.3,328,111.0,0.0,616.0,219.0,0,0,0.0,0,0.0,0,100,0.0,0.9,0.0,0.0,4.0,64.0,28.0,0.0,0.0,439.0,192.0,418.0,207.0,666.0,263.0,455.0,205.0,,,,,,,,0.0,0.0,0.0,2.25,0.0,0.0,11.25,0.0,22.5,26,0,0,0,0,0,0,0,0,0,0,0,0,0,0,0,0,152,0.0,0.0,0.0,0.0,0.0,0.0,0.0,0.0,0.0,0,0,0,0
94,Dominic,Sadi,Sadi,u,has joined Novi Pazar on loan for the rest of the season.,,4.5,466,283.0,0.0,639,254.0,0.0,643.0,243.0,0,0,0.0,0,0.0,0,5,0.0,0.0,0.0,0.0,0.0,718.0,295.0,0.0,0.0,713.0,290.0,710.0,293.0,693.0,286.0,715.0,292.0,,,,,,,,0.0,0.0,0.0,0.0,0.0,0.0,0.0,0.0,0.0,26,0,0,0,0,0,0,0,0,0,0,0,0,0,0,0,0,10,0.0,0.0,0.0,0.0,0.0,0.0,0.0,0.0,0.0,0,0,0,0
95,Zain,Silcott-Duberry,Silcott-Duberry,u,has joined Olympiakos permanently.,,4.4,552,331.0,0.1,577,214.0,0.0,588.0,204.0,0,0,0.0,-1,1.0,0,18,0.0,0.0,0.0,0.0,0.0,673.0,262.0,0.0,0.0,664.0,253.0,661.0,259.0,639.0,249.0,667.0,256.0,,,,,,,,0.0,0.0,0.0,0.0,0.0,0.0,0.0,0.0,0.0,26,0,0,0,0,0,0,0,0,0,0,0,0,0,0,0,0,34,0.0,0.0,0.0,0.0,0.0,0.0,0.0,0.0,0.0,0,0,0,0
96,Ben,Winterburn,Winterburn,u,has joined Barnet on loan for the rest of the season.,,4.5,496,305.0,0.0,637,252.0,0.0,671.0,264.0,0,0,0.0,0,0.0,0,13,0.0,0.2,0.0,0.0,1.0,479.0,218.0,0.0,0.0,738.0,308.0,733.0,309.0,719.0,305.0,739.0,309.0,,,,,,,,0.0,0.0,0.0,4.65,0.0,0.0,30.0,0.0,0.0,26,0,0,0,0,0,0,0,0,0,0,0,0,0,0,0,0,18,0.0,0.0,0.0,0.0,0.0,0.0,0.0,0.0,0.0,0,0,0,0
97,Francisco Evanilson,de Lima Barbosa,Evanilson,a,,,7.0,38,14.0,2.8,112,19.0,3.0,118.0,14.0,1,0,0.0,0,0.0,6323,19643,0.4,11.0,3.0,3.0,3.2,164.0,15.0,100.0,100.0,206.0,16.0,90.0,3.0,13.0,9.0,43.0,10.0,,,,,,,,0.36,0.05,0.41,1.23,0.0,0.3,1.64,1.04,3.87,26,1,57,0,0,0,1,0,0,0,0,0,0,1,0,7,13176,47153,0.0,0.11999999999999922,0.010000000000000009,0.129999999999999,1.9499999999999993,7.199999999999989,1.3000000000000114,24.0,3.299999999999997,0,1,1,2
98,Enes,Ünal,Enes Ünal,a,,,5.4,161,42.0,0.0,599,81.0,0.8,300.0,41.0,1,0,0.0,-1,1.0,318,202,0.1,3.1,0.8,0.8,1.3,431.0,52.0,100.0,100.0,411.0,46.0,428.0,55.0,291.0,49.0,403.0,49.0,,,,,,,,0.63,0.03,0.66,1.88,0.0,0.0,1.2,0.0,4.8,26,1,32,0,0,0,0,0,0,0,0,0,0,0,0,0,514,320,0.0,0.09000000000000008,0.0,0.09000000000000008,1.0,0.0,3.999999999999999,6.0,0.7000000000000011,0,1,1,2
100,Junior,Kroupi,Kroupi.Jr,a,,,4.7,393,65.0,7.2,54,10.0,2.6,142.0,19.0,1,0,0.0,2,-2.0,31776,17856,0.6,14.3,2.6,2.6,3.2,158.0,14.0,,,146.0,13.0,191.0,17.0,61.0,23.0,119.0,16.0,,,,,,,,0.45,0.06,0.51,1.38,0.0,0.41,1.76,1.14,6.64,26,1,32,0,0,0,0,0,0,0,0,0,0,0,0,3,80808,34555,0.0,0.0,0.15999999999999998,0.16000000000000014,1.0,3.599999999999966,14.5,0.0,1.7999999999999972,0,2,1,3
391,Ben,Gannon-Doak,Gannon-Doak,i,Hamstring injury - Unknown return date,,4.8,370,231.0,0.0,635,251.0,0.0,706.0,289.0,0,0,0.0,-2,2.0,8,14,0.0,1.5,0.0,0.0,1.8,363.0,159.0,0.0,0.0,440.0,193.0,401.0,199.0,392.0,197.0,446.0,200.0,,,,,,,,0.15,0.15,0.3,4.52,0.0,0.0,1.7,0.0,5.09,26,0,0,0,0,0,0,0,0,0,0,0,0,0,0,0,11,22,0.0,0.0,0.0,0.0,0.0,0.0,0.0,0.0,0.0,0,0,0,0
721,Veljko,Milosavljevic,Milosavljević,a,,,4.4,568,120.0,0.0,657,230.0,0.2,363.0,134.0,0,0,0.0,-1,1.0,45,38,0.0,4.3,0.2,0.2,2.7,239.0,95.0,100.0,100.0,342.0,131.0,402.0,146.0,395.0,143.0,396.0,141.0,,,,,,,,0.04,0.05,0.09,1.08,0.0,0.25,1.47,0.98,9.56,26,0,0,0,0,0,0,0,0,0,0,0,0,0,0,0,73,66,0.0,0.0,0.0,0.0,0.0,0.0,0.0,0.0,0.0,0,0,0,0
801,Alex,Tóth,Tóth.A,a,,,5.0,281,175.0,0.0,758,324.0,0.8,296.0,128.0,1,0,0.0,0,0.0,48,28,0.2,0.6,0.8,0.8,1.0,491.0,227.0,,,467.0,211.0,380.0,195.0,409.0,200.0,450.0,203.0,,,,,,,,0.08,0.11,0.19,3.19,0.0,0.0,1.36,1.36,10.91,26,1,57,0,0,0,1,0,0,0,0,0,0,1,0,3,63,52,0.0,0.0,0.08,0.08000000000000002,1.9499999999999997,4.8,22.8,4.0,3.2,0,1,2,3
806,Christos,Mandas,Mandas,a,,,4.0,676,50.0,0.0,775,88.0,0.0,467.0,61.0,0,0,0.0,0,0.0,36,20,0.0,0.0,0.0,0.0,0.0,583.0,69.0,,,573.0,69.0,566.0,57.0,533.0,43.0,576.0,69.0,,,,,,,,0.0,0.0,0.0,0.0,0.0,0.0,0.0,0.0,0.0,26,0,0,0,0,0,0,0,0,0,0,0,0,0,0,0,75,37,0.0,0.0,0.0,0.0,0.0,0.0,0.0,0.0,0.0,0,0,0,0
83,Dango,Ouattara,O.Dango,a,,,5.8,111,70.0,0.6,229,79.0,5.5,18.0,12.0,1,0,0.0,-2,2.0,21835,1644,0.9,15.0,5.5,4.5,4.3,45.0,24.0,100.0,100.0,175.0,68.0,157.0,109.0,30.0,15.0,89.0,53.0,2.0,,,,,,,0.32,0.09,0.41,1.26,0.0,0.2,1.25,0.99,7.91,26,1,90,0,0,0,1,0,0,0,1,0,0,1,0,5,27799,2844,0.0,0.019999999999999574,0.030000000000000027,0.04999999999999982,0.5999999999999979,9.599999999999966,17.69999999999999,4.0,3.1000000000000085,0,4,3,7
101,Caoimhín,Kelleher,Kelleher,a,,,4.6,397,19.0,10.4,35,6.0,3.5,79.0,4.0,2,0,0.0,1,-1.0,28325,7076,0.8,20.9,3.5,2.5,3.7,95.0,10.0,100.0,100.0,24.0,6.0,389.0,4.0,736.0,79.0,183.0,6.0,,,,,,,,0.0,0.0,0.0,1.4,2.62,0.23,1.35,1.0,0.0,26,2,90,0,0,0,1,0,0,0,0,0,1,1,0,6,38166,19783,0.0,0.0,0.0,0.0,0.6000000000000014,13.600000000000023,0.0,0.0,1.3999999999999986,0,1,4,0
102,Ellery,Balcombe,Balcombe,a,,,3.9,753,79.0,0.3,332,45.0,0.0,425.0,38.0,0,0,0.0,-1,1.0,165,128,0.0,0.0,0.0,-1.0,0.0,545.0,47.0,,,535.0,47.0,525.0,32.0,490.0,18.0,538.0,47.0,,,,,,,,0.0,0.0,0.0,0.0,0.0,0.0,0.0,0.0,0.0,26,0,0,0,0,0,0,0,0,0,0,0,0,0,0,0,274,209,0.0,0.0,0.0,0.0,0.0,0.0,0.0,0.0,0.0,0,0,0,0
106,Nathan,Collins,Collins,a,,,5.0,258,39.0,3.0,107,42.0,0.5,329.0,120.0,0,0,0.0,0,0.0,4231,15960,0.1,18.4,0.5,-0.5,3.8,88.0,34.0,,,14.0,5.0,240.0,67.0,92.0,10.0,66.0,12.0,,,,,,,,0.07,0.04,0.11,1.38,0.0,0.22,1.38,0.98,10.35,26,0,0,0,0,0,0,0,0,0,0,0,0,0,0,0,5067,36274,0.0,0.0,0.0,0.0,0.0,0.0,0.0,0.0,0.0,0,0,0,0
107,Keane,Lewis-Potter,Lewis-Potter,a,,,4.8,365,62.0,1.6,150,59.0,2.8,126.0,45.0,8,-1,1.0,-2,2.0,7400,4282,0.6,16.0,2.8,1.8,3.2,159.0,62.0,,,240.0,95.0,185.0,46.0,105.0,15.0,193.0,63.0,,,,,,,,0.16,0.08,0.24,1.6,0.0,0.5,1.49,0.99,3.4,26,8,72,1,0,0,1,0,0,0,0,0,0,1,0,14,7830,14420,0.0,0.54,0.020000000000000018,0.56,0.5300000000000011,32.400000000000006,2.3000000000000114,46.0,8.100000000000001,1,1,4,2
108,Kristoffer,Ajer,Ajer,a,,,4.4,523,103.0,0.2,379,139.0,3.8,67.0,24.0,4,0,0.0,-1,1.0,1446,287,0.9,14.1,3.8,2.8,3.1,168.0,66.0,100.0,100.0,149.0,65.0,347.0,121.0,177.0,39.0,223.0,74.0,,,,,,,,0.04,0.04,0.08,1.46,0.0,0.26,1.38,1.05,10.07,26,4,90,0,0,0,1,0,0,0,0,0,0,1,0,8,1810,558,0.0,0.0,0.020000000000000018,0.020000000000000018,0.6000000000000014,23.0,10.900000000000002,6.0,4.0,2,8,3,10
109,Rico,Henry,Henry,a,,,4.3,580,128.0,0.2,395,147.0,2.8,120.0,41.0,2,0,0.0,-2,2.0,490,244,0.7,10.7,2.8,1.8,2.1,312.0,116.0,,,333.0,125.0,327.0,111.0,352.0,116.0,366.0,127.0,,,,,,,,0.01,0.04,0.05,1.75,0.0,0.32,1.36,0.88,4.65,26,2,90,0,0,0,1,0,0,0,0,0,0,1,0,6,706,487,0.0,0.0,0.010000000000000009,0.010000000000000009,0.6000000000000014,9.200000000000003,0.7999999999999972,0.0,1.0,0,5,4,5
110,Michael,Kayode,Kayode,a,,,4.5,497,96.0,0.7,228,85.0,2.2,167.0,59.0,2,0,0.0,0,0.0,4064,943,0.5,16.2,2.2,1.2,2.8,223.0,89.0,,,82.0,35.0,53.0,8.0,271.0,79.0,101.0,27.0,,,,,,,,0.01,0.09,0.1,1.41,0.0,0.24,1.35,1.03,6.43,26,2,90,0,0,0,1,0,0,0,0,0,0,1,0,9,4731,2905,0.0,0.09000000000000002,0.040000000000000036,0.1299999999999999,0.5999999999999943,13.0,1.1000000000000227,2.0,1.6000000000000085,2,7,3,9
111,Ethan,Pinnock,Pinnock,a,,,4.2,632,146.0,0.1,459,167.0,0.0,526.0,223.0,0,0,0.0,-3,3.0,156,137,0.0,1.0,0.0,-1.0,1.3,422.0,153.0,100.0,100.0,387.0,149.0,461.0,169.0,389.0,140.0,424.0,151.0,,,,,,,,0.0,0.02,0.02,1.26,0.0,0.0,1.97,1.18,11.45,26,0,0,0,0,0,0,0,0,0,0,0,0,0,0,0,242,266,0.0,0.0,0.0,0.0,0.0,0.0,0.0,0.0,0.0,0,0,0,0
112,Mads,Roerslev Rasmussen,Roerslev,u,Has joined Southampton permanently.,,4.5,423,82.0,0.0,706,242.0,0.0,614.0,243.0,0,0,0.0,0,0.0,0,3,0.0,0.0,0.0,0.0,0.0,693.0,255.0,0.0,0.0,687.0,255.0,683.0,255.0,664.0,255.0,690.0,255.0,,,,,,,,0.0,0.0,0.0,0.0,0.0,0.0,0.0,0.0,0.0,26,0,0,0,0,0,0,0,0,0,0,0,0,0,0,0,0,5,0.0,0.0,0.0,0.0,0.0,0.0,0.0,0.0,0.0,0,0,0,0
113,Sepp,van den Berg,Van den Berg,a,,,4.5,432,85.0,0.7,227,84.0,4.0,54.0,19.0,6,0,0.0,0,0.0,2594,664,0.9,15.1,4.0,3.0,3.2,155.0,60.0,100.0,100.0,74.0,32.0,322.0,109.0,128.0,25.0,151.0,50.0,,,,,,,,0.1,0.02,0.12,1.37,0.0,0.19,1.41,0.97,8.79,26,6,90,0,1,0,1,0,0,0,0,0,0,1,1,23,2852,2928,0.0,0.10000000000000009,0.27,0.3700000000000001,0.6000000000000014,35.39999999999998,10.700000000000003,6.0,5.200000000000003,1,8,1,9
114,Benjamin,Arthur,Arthur,u,has joined Celtic on loan for the rest of the season.,,3.8,812,260.0,0.2,374,135.0,0.0,411.0,165.0,0,0,0.0,-2,2.0,0,368,0.0,0.0,0.0,0.0,0.0,532.0,198.0,0.0,0.0,522.0,198.0,511.0,198.0,476.0,190.0,525.0,198.0,,,,,,,,0.0,0.0,0.0,0.0,0.0,0.0,0.0,0.0,0.0,26,0,0,0,0,0,0,0,0,0,0,0,0,0,0,0,0,615,0.0,0.0,0.0,0.0,0.0,0.0,0.0,0.0,0.0,0,0,0,0
120,Kevin,Schade,Schade,a,,,6.9,44,26.0,1.1,185,63.0,0.0,811.0,363.0,0,0,0.0,-1,1.0,4058,6735,0.0,12.5,0.0,0.0,3.7,101.0,46.0,100.0,0.0,73.0,23.0,83.0,62.0,12.0,4.0,23.0,19.0,,,3.0,,,,,0.42,0.08,0.5,1.24,0.0,0.34,1.07,1.07,6.88,26,0,0,0,0,0,0,0,0,0,0,0,0,0,0,0,4086,26625,0.0,0.0,0.0,0.0,0.0,0.0,0.0,0.0,0.0,0,0,0,0
121,Mikkel,Damsgaard,Damsgaard,a,,,5.6,129,79.0,0.4,268,92.0,0.8,304.0,132.0,1,0,0.0,-4,4.0,394,666,0.1,11.2,0.8,-0.2,2.9,211.0,87.0,100.0,100.0,163.0,61.0,24.0,23.0,137.0,79.0,74.0,44.0,1.0,3.0,,,,,,0.08,0.25,0.33,1.37,0.0,0.14,1.53,1.04,10.45,26,1,17,0,0,0,0,0,0,0,0,0,0,0,0,5,540,1410,0.0,0.0,0.0,0.0,0.07000000000000028,6.800000000000011,10.599999999999966,4.0,2.0999999999999943,1,2,2,5
122,Antoni,Milambo,Milambo,i,Knee injury - Expected back 01 Jun,,5.2,217,135.0,0.0,652,262.0,0.0,764.0,331.0,0,0,0.0,-3,3.0,6,8,0.0,0.2,0.0,0.0,1.0,495.0,231.0,0.0,0.0,474.0,217.0,453.0,217.0,788.0,348.0,483.0,221.0,,,,,,,,0.0,0.02,0.02,2.98,0.0,0.0,6.0,2.0,8.0,26,0,0,0,0,0,0,0,0,0,0,0,0,0,0,0,7,13,0.0,0.0,0.0,0.0,0.0,0.0,0.0,0.0,0.0,0,0,0,0
99,Daniel,Adu-Adjei,Adu-Adjei,u,has joined HNK Rijeka permanently.,,4.4,566,82.0,0.1,431,63.0,0.0,601.0,65.0,0,0,0.0,-1,1.0,0,55,0.0,0.0,0.0,0.0,0.0,683.0,75.0,0.0,0.0,676.0,75.0,672.0,74.0,651.0,74.0,679.0,75.0,,,,,,,,0.0,0.0,0.0,0.0,0.0,0.0,0.0,0.0,0.0,26,0,0,0,0,0,0,0,0,0,0,0,0,0,0,0,0,83,0.0,0.0,0.0,0.0,0.0,0.0,0.0,0.0,0.0,0,0,0,0
123,Fábio,Freitas Gouveia Carvalho,Carvalho,i,Knee injury - Expected back 01 Jun,,4.7,386,241.0,0.1,464,159.0,0.0,692.0,280.0,0,0,0.0,-3,3.0,12,76,0.0,2.8,0.0,0.0,2.2,303.0,132.0,0.0,0.0,413.0,182.0,433.0,211.0,337.0,177.0,418.0,190.0,4.0,,4.0,,,,,0.63,0.03,0.66,1.87,0.0,0.0,3.6,0.9,7.2,26,0,0,0,0,0,0,0,0,0,0,0,0,0,0,0,21,116,0.0,0.0,0.0,0.0,0.0,0.0,0.0,0.0,0.0,0,0,0,0
124,Jordan,Henderson,Henderson,a,,,5.0,241,148.0,0.3,298,104.0,1.0,269.0,115.0,1,0,0.0,0,0.0,495,663,0.2,12.4,1.0,0.0,2.6,255.0,107.0,100.0,100.0,185.0,73.0,91.0,67.0,323.0,170.0,186.0,99.0,,,,,,,,0.02,0.12,0.14,1.28,0.0,0.24,1.33,1.03,8.4,26,1,17,0,0,0,0,0,0,0,0,0,0,0,0,4,757,1262,0.0,0.0,0.010000000000000231,0.010000000000000231,0.07000000000000028,3.7999999999999545,4.300000000000011,2.0,1.0,0,1,2,3
125,Vitaly,Janelt,Janelt,a,,,4.9,303,189.0,0.3,318,108.0,4.0,59.0,30.0,1,0,0.0,-1,1.0,1393,916,0.8,14.1,4.0,3.0,3.3,141.0,63.0,100.0,100.0,139.0,47.0,77.0,58.0,252.0,135.0,135.0,75.0,5.0,,,,,,,0.06,0.14,0.2,1.43,0.0,0.37,1.04,0.89,12.07,26,1,90,0,0,0,1,0,0,0,1,0,0,1,0,10,2605,1997,0.0,0.0,0.030000000000000027,0.03000000000000025,0.5999999999999979,9.599999999999966,15.300000000000011,0.0,2.5,1,5,3,9
130,Romelle,Donovan,Donovan,a,,,4.4,567,340.0,0.1,477,166.0,0.2,362.0,158.0,0,0,0.0,-1,1.0,284,167,0.0,0.5,0.2,-0.8,1.0,469.0,209.0,,,468.0,212.0,411.0,204.0,387.0,194.0,456.0,206.0,,,,,,,,0.57,0.08,0.65,1.96,0.0,0.0,0.0,0.0,16.36,26,0,0,0,0,0,0,0,0,0,0,0,0,0,0,0,612,269,0.0,0.0,0.0,0.0,0.0,0.0,0.0,0.0,0.0,0,0,0,0
131,Yunus Emre,Konak,Konak,u,has joined Oxford United on loan for the rest of the season.,,4.3,622,366.0,0.2,406,136.0,0.0,569.0,195.0,0,0,0.0,-2,2.0,0,278,0.0,0.0,0.0,0.0,0.0,660.0,255.0,0.0,0.0,650.0,245.0,647.0,251.0,623.0,240.0,653.0,248.0,,,,,,,,0.0,0.0,0.0,0.0,0.0,0.0,0.0,0.0,0.0,26,0,0,0,0,0,0,0,0,0,0,0,0,0,0,0,0,495,0.0,0.0,0.0,0.0,0.0,0.0,0.0,0.0,0.0,0,0,0,0
132,Paris,Maghoma,Maghoma,u,has joined Norwich City permanently.,,4.5,421,253.0,0.0,668,272.0,0.0,612.0,217.0,0,0,0.0,0,0.0,0,75,0.0,0.0,0.0,0.0,0.0,692.0,271.0,0.0,0.0,686.0,265.0,682.0,269.0,662.0,261.0,689.0,268.0,,,,,,,,0.0,0.0,0.0,0.0,0.0,0.0,0.0,0.0,0.0,26,0,0,0,0,0,0,0,0,0,0,0,0,0,0,0,0,118,0.0,0.0,0.0,0.0,0.0,0.0,0.0,0.0,0.0,0,0,0,0
133,Myles,Peart-Harris,Peart-Harris,u,has joined Oxford United permanently.,,4.4,541,323.0,0.0,629,246.0,0.0,581.0,198.0,0,0,0.0,-1,1.0,0,39,0.0,0.2,0.0,0.0,1.0,464.0,204.0,0.0,0.0,658.0,247.0,655.0,253.0,632.0,242.0,661.0,250.0,,,,,,,,0.0,0.0,0.0,0.0,0.0,0.0,0.0,0.0,0.0,26,0,0,0,0,0,0,0,0,0,0,0,0,0,0,0,0,54,0.0,0.0,0.0,0.0,0.0,0.0,0.0,0.0,0.0,0,0,0,0
134,Ryan,Trevitt,Trevitt,u,Has joined Wigan on loan for the rest of the season,,4.5,489,300.0,0.0,780,340.0,0.0,665.0,260.0,0,0,0.0,0,0.0,0,2,0.0,0.0,0.0,0.0,0.0,734.0,306.0,0.0,0.0,732.0,304.0,727.0,305.0,713.0,301.0,733.0,305.0,,,,,,,,0.0,0.0,0.0,0.0,0.0,0.0,0.0,0.0,0.0,26,0,0,0,0,0,0,0,0,0,0,0,0,0,0,0,0,2,0.0,0.0,0.0,0.0,0.0,0.0,0.0,0.0,0.0,0,0,0,0
136,Igor Thiago,Nascimento Rodrigues,Thiago,a,,,7.0,39,15.0,30.2,12,3.0,2.8,140.0,18.0,2,0,0.0,10,-10.0,83964,62099,0.4,19.0,2.8,1.8,5.1,12.0,2.0,100.0,100.0,6.0,2.0,123.0,7.0,2.0,2.0,5.0,2.0,,,2.0,,,,,0.6,0.04,0.64,1.43,0.0,0.25,1.35,1.02,5.4,26,2,90,0,0,0,1,0,0,0,0,0,0,1,0,3,103820,212310,0.0,0.5800000000000001,0.10999999999999999,0.6899999999999995,0.5999999999999943,7.199999999999932,10.599999999999994,57.0,7.5,1,0,4,5
137,Iwan,Morgan,Morgan,u,has joined Shrewsbury on loan for the rest of the season.,,4.4,554,77.0,0.3,314,51.0,0.0,590.0,60.0,0,0,0.0,-1,1.0,0,318,0.0,0.0,0.0,0.0,0.0,674.0,70.0,0.0,0.0,666.0,70.0,662.0,69.0,641.0,69.0,669.0,70.0,,,,,,,,0.0,0.0,0.0,0.0,0.0,0.0,0.0,0.0,0.0,26,0,0,0,0,0,0,0,0,0,0,0,0,0,0,0,0,495,0.0,0.0,0.0,0.0,0.0,0.0,0.0,0.0,0.0,0,0,0,0
748,Josh,Dasilva,Dasilva,i,Knee injury - Unknown return date,,4.9,298,186.0,0.0,807,358.0,0.0,712.0,294.0,0,0,0.0,-1,1.0,3,1,0.0,0.0,0.0,0.0,0.0,763.0,327.0,0.0,0.0,762.0,326.0,759.0,327.0,752.0,325.0,763.0,327.0,,,,,,,,0.0,0.0,0.0,0.0,0.0,0.0,0.0,0.0,0.0,26,0,0,0,0,0,0,0,0,0,0,0,0,0,0,0,5,4,0.0,0.0,0.0,0.0,0.0,0.0,0.0,0.0,0.0,0,0,0,0
139,Bart,Verbruggen,Verbruggen,a,,,4.5,444,25.0,5.5,66,11.0,2.2,165.0,12.0,2,0,0.0,0,0.0,3128,6202,0.5,17.6,2.2,2.2,3.0,186.0,17.0,,,13.0,3.0,419.0,7.0,679.0,77.0,161.0,3.0,,,,,,,,0.0,0.0,0.0,1.39,2.77,0.19,1.31,1.0,0.0,26,2,90,0,0,0,1,0,0,0,0,0,2,1,0,10,5465,20366,0.0,0.0,0.0,0.0,0.720000000000006,17.59999999999991,0.0,0.0,1.7999999999999972,0,0,9,0
782,Fraser,Forster,Forster,a,,,4.0,658,40.0,0.0,685,80.0,0.0,452.0,53.0,0,0,0.0,0,0.0,152,85,0.0,0.0,0.0,0.0,0.0,570.0,62.0,,,560.0,62.0,550.0,47.0,516.0,33.0,563.0,62.0,,,,,,,,0.0,0.0,0.0,0.0,0.0,0.0,0.0,0.0,0.0,26,0,0,0,0,0,0,0,0,0,0,0,0,0,0,0,254,110,0.0,0.0,0.0,0.0,0.0,0.0,0.0,0.0,0.0,0,0,0,0
140,Tom,McGill,McGill,a,,,3.9,749,77.0,0.3,311,42.0,0.0,423.0,36.0,0,0,0.0,-1,1.0,124,113,0.0,0.0,0.0,0.0,0.0,543.0,45.0,,,533.0,45.0,523.0,30.0,488.0,16.0,536.0,45.0,,,,,,,,0.0,0.0,0.0,0.0,0.0,0.0,0.0,0.0,0.0,26,0,0,0,0,0,0,0,0,0,0,0,0,0,0,0,202,221,0.0,0.0,0.0,0.0,0.0,0.0,0.0,0.0,0.0,0,0,0,0
143,Olivier,Boscagli,Boscagli,a,,,4.2,630,144.0,0.1,505,179.0,2.2,164.0,58.0,1,0,0.0,-3,3.0,102,94,0.5,4.8,2.2,2.2,2.9,201.0,78.0,,,335.0,127.0,352.0,122.0,388.0,139.0,378.0,134.0,,,,,,,,0.01,0.06,0.07,1.26,0.0,0.26,1.03,1.03,8.51,26,1,29,0,0,0,1,0,0,0,0,0,0,0,0,1,311,156,0.0,0.0,0.0,0.0,0.25,5.3999999999999915,0.5,0.0,0.6000000000000014,1,2,2,3
144,Diego,Coppola,Coppola,u,has joined Paris FC on loan for the rest of the season.,,4.2,644,154.0,0.0,592,212.0,0.0,532.0,226.0,0,0,0.0,-3,3.0,0,75,0.0,2.4,0.0,0.0,2.0,324.0,120.0,0.0,0.0,407.0,153.0,445.0,162.0,436.0,163.0,444.0,161.0,,,,,,,,0.0,0.0,0.0,2.11,0.0,0.47,1.4,0.93,8.39,26,0,0,0,0,0,0,0,0,0,0,0,0,0,0,0,0,119,0.0,0.0,0.0,0.0,0.0,0.0,0.0,0.0,0.0,0,0,0,0
145,Maxim,De Cuyper,De Cuyper,a,,,4.3,588,134.0,1.8,137,55.0,1.8,202.0,74.0,0,0,0.0,-2,2.0,594,2668,0.4,13.5,1.8,1.8,2.8,218.0,84.0,100.0,100.0,245.0,98.0,74.0,17.0,188.0,43.0,159.0,51.0,3.0,6.0,,,,,,0.12,0.17,0.29,1.61,0.0,0.32,1.45,1.13,3.79,26,0,0,0,0,0,0,0,0,0,0,0,0,0,0,0,1354,5762,0.0,0.0,0.0,0.0,0.0,0.0,0.0,0.0,0.0,0,0,0,0
146,Lewis,Dunk,Dunk,a,,,4.5,407,71.0,1.0,194,77.0,3.0,108.0,39.0,2,0,0.0,0,0.0,1445,1075,0.7,14.0,3.0,3.0,2.5,267.0,104.0,100.0,100.0,54.0,24.0,251.0,72.0,200.0,48.0,136.0,43.0,,1.0,,,,,,0.05,0.02,0.07,1.38,0.0,0.16,1.35,0.98,7.59,26,2,90,0,0,0,1,0,0,0,0,0,0,1,0,8,2292,2417,0.0,0.0,0.020000000000000018,0.020000000000000018,0.7199999999999989,12.399999999999977,1.2999999999999972,0.0,1.4000000000000057,0,3,4,3
147,Pervis,Estupiñán Tenorio,Estupiñan,u,Has joined AC Milan permanently,,4.5,417,77.0,0.0,742,256.0,0.0,610.0,240.0,0,0,0.0,0,0.0,0,2,0.0,0.0,0.0,0.0,0.0,690.0,253.0,0.0,0.0,684.0,253.0,680.0,253.0,660.0,252.0,687.0,253.0,,,,,,,,0.0,0.0,0.0,0.0,0.0,0.0,0.0,0.0,0.0,26,0,0,0,0,0,0,0,0,0,0,0,0,0,0,0,0,3,0.0,0.0,0.0,0.0,0.0,0.0,0.0,0.0,0.0,0,0,0,0
151,Jan Paul,van Hecke,Van Hecke,a,,,4.4,543,117.0,3.6,92,32.0,2.8,121.0,42.0,5,-1,1.0,-1,1.0,3810,8135,0.6,20.9,2.8,2.8,3.8,86.0,32.0,100.0,100.0,9.0,3.0,199.0,49.0,101.0,13.0,53.0,7.0,,,,,,,,0.09,0.04,0.13,1.41,0.0,0.21,1.35,1.01,8.37,26,5,60,0,0,1,0,0,0,0,1,0,0,1,0,21,4154,47275,0.0,0.0,0.010000000000000009,0.010000000000000231,0.46999999999999886,7.399999999999977,0.4000000000000057,0.0,0.7999999999999972,1,5,1,6
152,Joël,Veltman,Veltman,a,,,4.3,574,123.0,0.1,424,157.0,0.8,286.0,102.0,1,0,0.0,-2,2.0,96,217,0.2,7.2,0.8,0.8,2.2,302.0,112.0,100.0,100.0,247.0,100.0,293.0,96.0,285.0,84.0,299.0,100.0,,,,,,,,0.11,0.01,0.12,1.53,0.0,0.11,1.38,0.92,9.54,26,1,90,0,0,0,1,0,0,0,1,0,0,1,0,4,187,489,0.0,0.0,0.009999999999999995,0.010000000000000009,0.7200000000000006,12.799999999999983,1.7999999999999972,4.0,1.8999999999999986,0,5,2,5
153,Adam,Webster,Webster,i,Knee injury - Unknown return date,,4.4,522,102.0,0.0,756,258.0,0.0,573.0,235.0,0,0,0.0,-1,1.0,17,8,0.0,0.0,0.0,0.0,0.0,662.0,250.0,0.0,0.0,652.0,250.0,649.0,250.0,626.0,249.0,655.0,250.0,,,,,,,,0.0,0.0,0.0,0.0,0.0,0.0,0.0,0.0,0.0,26,0,0,0,0,0,0,0,0,0,0,0,0,0,0,0,21,15,0.0,0.0,0.0,0.0,0.0,0.0,0.0,0.0,0.0,0,0,0,0
154,Eiran,Cashin,Cashin,u,has joined Blackburn Rovers on loan for the rest of the season.,,4.0,677,169.0,0.0,771,260.0,0.0,468.0,186.0,0,0,0.0,0,0.0,0,0,0.0,0.0,0.0,0.0,0.0,584.0,215.0,0.0,0.0,574.0,215.0,567.0,215.0,534.0,209.0,577.0,215.0,,,,,,,,0.0,0.0,0.0,0.0,0.0,0.0,0.0,0.0,0.0,26,0,0,0,0,0,0,0,0,0,0,0,0,0,0,0,0,0,0.0,0.0,0.0,0.0,0.0,0.0,0.0,0.0,0.0,0,0,0,0
155,Jacob,Slater,Slater,u,has joined Harrogate Town on loan until January.,,4.0,719,196.0,0.1,495,176.0,0.0,505.0,208.0,0,0,0.0,0,0.0,0,32,0.0,0.0,0.0,0.0,0.0,618.0,234.0,0.0,0.0,608.0,234.0,601.0,234.0,569.0,229.0,611.0,234.0,,,,,,,,0.0,0.0,0.0,0.0,0.0,0.0,0.0,0.0,0.0,26,0,0,0,0,0,0,0,0,0,0,0,0,0,0,0,0,52,0.0,0.0,0.0,0.0,0.0,0.0,0.0,0.0,0.0,0,0,0,0
157,Mitoma,Kaoru,Mitoma,a,,,6.1,83,54.0,2.0,132,43.0,2.2,179.0,80.0,3,0,0.0,-4,4.0,1797,2818,0.4,7.4,2.2,2.2,2.8,235.0,95.0,100.0,100.0,252.0,107.0,78.0,59.0,102.0,62.0,134.0,74.0,,,,,,,,0.17,0.15,0.32,1.26,0.0,0.23,1.07,0.99,5.1,26,3,80,0,0,1,0,0,0,0,0,0,0,1,0,10,2649,8225,0.0,0.07000000000000028,0.09999999999999987,0.17000000000000037,0.509999999999998,7.800000000000011,18.299999999999955,8.0,3.4000000000000057,1,2,3,6
158,Georginio,Rutter,Georginio,a,,,5.6,131,81.0,0.4,288,99.0,1.0,275.0,119.0,0,0,0.0,-4,4.0,201,1021,0.2,11.6,1.0,1.0,2.8,233.0,94.0,100.0,100.0,211.0,91.0,100.0,73.0,50.0,31.0,98.0,57.0,,,,,,,,0.12,0.12,0.24,1.15,0.0,0.36,0.96,1.08,6.05,26,0,0,0,0,0,0,0,0,0,0,0,0,0,0,0,343,3541,0.0,0.0,0.0,0.0,0.0,0.0,0.0,0.0,0.0,0,0,0,0
159,Solly,March,March,d,Lack of match fitness - 25% chance of playing,,5.8,105,67.0,0.0,754,321.0,0.0,791.0,349.0,0,0,0.0,-2,2.0,12,10,0.0,0.0,0.0,0.0,0.0,806.0,359.0,25.0,25.0,806.0,359.0,806.0,359.0,805.0,359.0,806.0,359.0,,,,,,,,0.0,0.0,0.0,0.0,0.0,0.0,0.0,0.0,0.0,26,0,0,0,0,0,0,0,0,0,0,0,0,0,0,0,12,14,0.0,0.0,0.0,0.0,0.0,0.0,0.0,0.0,0.0,0,0,0,0
160,Yankuba,Minteh,Minteh,a,,,5.6,134,82.0,2.1,128,42.0,1.0,276.0,120.0,1,0,0.0,-4,4.0,1060,6078,0.2,15.0,1.0,1.0,3.5,125.0,54.0,100.0,100.0,161.0,59.0,31.0,30.0,26.0,13.0,34.0,26.0,1.0,,,,,,,0.16,0.15,0.31,1.39,0.0,0.33,1.43,0.99,6.88,26,1,9,0,0,0,1,0,0,0,0,0,0,0,0,2,1785,19252,0.0,0.0,0.0,0.0,0.21000000000000085,0.0,0.10000000000002274,2.0,0.10000000000000853,0,0,1,1
161,Julio,Enciso Espínola,Enciso,u,has joined Strasbourg permanently.,,5.4,176,108.0,0.0,744,315.0,0.0,780.0,341.0,0,0,0.0,-1,1.0,0,0,0.0,0.0,0.0,0.0,0.0,800.0,354.0,0.0,0.0,800.0,354.0,799.0,354.0,797.0,353.0,800.0,354.0,,,,,,,,0.0,0.0,0.0,0.0,0.0,0.0,0.0,0.0,0.0,26,0,0,0,0,0,0,0,0,0,0,0,0,0,0,0,0,2,0.0,0.0,0.0,0.0,0.0,0.0,0.0,0.0,0.0,0,0,0,0
162,Brajan,Gruda,Gruda,u,has joined Leipzig on loan for the rest of the season.,,5.4,181,112.0,0.0,582,217.0,0.4,346.0,154.0,0,0,0.0,-1,1.0,0,125,0.1,6.5,0.0,0.0,1.9,350.0,154.0,0.0,0.0,305.0,137.0,131.0,91.0,162.0,91.0,228.0,115.0,,,,,,,,0.24,0.11,0.35,1.76,0.0,0.25,1.4,1.02,7.37,26,0,0,0,0,0,0,0,0,0,0,0,0,0,0,0,0,267,0.0,0.0,0.0,0.0,0.0,0.0,0.0,0.0,0.0,0,0,0,0
166,Yasin,Ayari,Ayari,i,Shoulder injury - Unknown return date,,4.8,371,232.0,0.6,236,83.0,3.4,87.0,42.0,0,0,0.0,-2,2.0,82,8569,0.7,17.3,0.0,0.0,4.0,66.0,29.0,0.0,0.0,157.0,57.0,132.0,92.0,107.0,64.0,130.0,71.0,4.0,5.0,,,,,,0.13,0.06,0.19,1.3,0.0,0.26,1.11,0.95,10.59,26,0,0,0,0,0,0,0,0,0,0,0,0,0,0,0,165,19772,0.0,0.0,0.0,0.0,0.0,0.0,0.0,0.0,0.0,0,0,0,0
167,Carlos,Baleba,Baleba,a,,,4.5,460,277.0,1.5,153,49.0,2.2,166.0,74.0,0,0,0.0,-5,5.0,3583,1786,0.5,8.0,2.2,2.2,1.7,372.0,162.0,100.0,100.0,352.0,156.0,257.0,156.0,358.0,187.0,359.0,171.0,,,,,,,,0.03,0.02,0.05,1.24,0.0,0.31,1.22,1.37,10.69,26,0,21,0,0,0,0,0,0,0,1,0,0,1,0,0,8722,2939,0.0,0.0,0.0,0.0,0.28999999999999915,0.0,0.0,0.0,0.0,0,1,1,2
169,Diego,Gómez Amarilla,Gomez,a,,,4.9,341,210.0,0.2,408,138.0,1.4,241.0,105.0,3,0,0.0,-1,1.0,251,367,0.3,12.0,1.4,1.4,2.6,254.0,106.0,100.0,100.0,176.0,69.0,111.0,77.0,66.0,40.0,104.0,60.0,,3.0,,,,,,0.26,0.07,0.33,1.35,0.0,0.3,1.31,1.07,9.4,26,3,80,0,0,1,0,0,0,0,0,0,0,1,0,10,387,1044,0.0,0.0,0.030000000000000027,0.03000000000000025,0.509999999999998,12.600000000000023,2.0,0.0,1.5,5,1,4,10
172,Tom,Watson,Watson,u,has joined Millwall on loan for the rest of the season.,,4.8,373,234.0,0.0,638,253.0,0.0,707.0,290.0,0,0,0.0,-2,2.0,0,66,0.0,1.0,0.0,0.0,0.8,505.0,237.0,0.0,0.0,466.0,210.0,450.0,216.0,416.0,202.0,469.0,213.0,,,,,,,,0.06,0.05,0.11,2.72,0.0,0.0,3.16,0.0,7.89,26,0,0,0,0,0,0,0,0,0,0,0,0,0,0,0,0,104,0.0,0.0,0.0,0.0,0.0,0.0,0.0,0.0,0.0,0,0,0,0
173,Mats,Wieffer,Wieffer,a,,,4.9,332,207.0,0.1,440,150.0,0.0,730.0,306.0,0,0,0.0,-1,1.0,14,229,0.0,11.8,0.0,0.0,3.6,106.0,48.0,100.0,0.0,170.0,64.0,121.0,85.0,193.0,106.0,156.0,86.0,,,,,,,,0.09,0.11,0.2,1.25,0.0,0.23,1.3,0.99,14.05,26,0,0,0,0,0,0,0,0,0,0,0,0,0,0,0,17,652,0.0,0.0,0.0,0.0,0.0,0.0,0.0,0.0,0.0,0,0,0,0
174,Malick,Yalcouyé,Yalcouye,u,Has joined Swansea City on loan for the rest of the season.,,5.0,280,174.0,0.0,767,331.0,0.0,755.0,325.0,0,0,0.0,0,0.0,0,0,0.0,0.0,0.0,0.0,0.0,790.0,348.0,0.0,0.0,789.0,347.0,788.0,348.0,784.0,346.0,790.0,348.0,,,,,,,,0.0,0.0,0.0,0.0,0.0,0.0,0.0,0.0,0.0,26,0,0,0,0,0,0,0,0,0,0,0,0,0,0,0,0,0,0.0,0.0,0.0,0.0,0.0,0.0,0.0,0.0,0.0,0,0,0,0
180,Stefanos,Tzimas,Tzimas,i,Knee injury - Expected back 01 Jun,,5.2,221,51.0,0.1,526,75.0,0.0,766.0,81.0,0,0,0.0,-3,3.0,12,57,0.0,3.1,0.0,0.0,1.8,367.0,43.0,0.0,0.0,383.0,39.0,300.0,31.0,321.0,50.0,371.0,45.0,,,,,,,,0.3,0.08,0.38,1.77,0.0,0.0,1.36,0.68,10.23,26,0,0,0,0,0,0,0,0,0,0,0,0,0,0,0,16,77,0.0,0.0,0.0,0.0,0.0,0.0,0.0,0.0,0.0,0,0,0,0
181,Charalampos,Kostoulas,Kostoulas,a,,,4.8,375,64.0,0.4,290,45.0,2.4,162.0,21.0,1,0,0.0,-2,2.0,902,701,0.5,6.2,2.4,2.4,1.9,344.0,38.0,,,311.0,30.0,275.0,28.0,126.0,30.0,273.0,31.0,,,,,,,,0.52,0.07,0.59,1.42,0.0,0.31,2.16,0.62,11.71,26,1,9,0,0,0,1,0,0,0,0,0,0,0,0,2,1658,1173,0.0,0.0,0.010000000000000009,0.010000000000000009,0.20999999999999996,0.0,1.7999999999999972,4.0,0.6000000000000014,0,0,0,0
220,Robert,Lynch Sánchez,Sánchez,a,,,4.9,311,12.0,15.0,23,3.0,2.0,189.0,15.0,1,0,0.0,-1,1.0,10686,20578,0.4,19.0,3.0,2.5,3.7,96.0,11.0,100.0,100.0,25.0,7.0,332.0,1.0,755.0,86.0,172.0,4.0,,,,,,,,0.0,0.0,0.0,1.4,2.7,0.37,1.21,1.04,0.0,26,1,90,0,0,0,2,0,0,0,0,0,0,1,0,4,28411,41308,0.0,0.0,0.010000000000000002,0.010000000000000002,1.4400000000000048,5.400000000000091,0.0,0.0,0.5,0,0,7,0
221,Filip,Jörgensen,Jörgensen,d,Knock - 75% chance of playing,,4.3,602,29.0,0.2,400,58.0,0.0,552.0,84.0,0,0,0.0,-2,2.0,25,198,0.0,0.7,0.8,0.4,1.5,402.0,31.0,75.0,75.0,430.0,31.0,633.0,81.0,608.0,69.0,458.0,31.0,,,,,,,,0.0,0.0,0.0,1.44,1.55,0.0,1.55,0.52,0.0,26,0,0,0,0,0,0,0,0,0,0,0,0,0,0,0,41,306,0.0,0.0,0.0,0.0,0.0,0.0,0.0,0.0,0.0,0,0,0,0
226,Trevoh,Chalobah,Chalobah,a,,,5.8,106,8.0,23.8,14,4.0,3.5,83.0,30.0,3,0,0.0,8,-8.0,44720,44152,0.6,21.4,4.5,4.0,5.0,15.0,5.0,100.0,100.0,16.0,7.0,255.0,76.0,173.0,38.0,96.0,25.0,,,,,,,,0.05,0.03,0.08,1.31,0.0,0.37,1.19,1.03,9.25,26,3,90,0,0,0,2,0,0,0,0,0,0,1,0,8,74623,85764,0.0,0.0,0.030000000000000027,0.029999999999999805,1.4400000000000013,26.59999999999991,2.8000000000000114,0.0,2.8999999999999915,0,11,2,11
227,Levi,Samuels Colwill,Colwill,i,Anterior cruciate ligament - Unknown return date,,4.7,388,66.0,0.1,472,172.0,0.0,694.0,250.0,0,0,0.0,-3,3.0,18,29,0.0,0.0,0.0,0.0,0.0,755.0,259.0,0.0,0.0,754.0,259.0,750.0,259.0,741.0,259.0,755.0,259.0,,,,,,,,0.0,0.0,0.0,0.0,0.0,0.0,0.0,0.0,0.0,26,0,0,0,0,0,0,0,0,0,0,0,0,0,0,0,21,38,0.0,0.0,0.0,0.0,0.0,0.0,0.0,0.0,0.0,0,0,0,0
228,Malo,Gusto,Gusto,a,,,4.9,335,54.0,2.0,131,51.0,1.0,268.0,97.0,0,0,0.0,-1,1.0,5774,6572,0.2,15.7,2.0,1.5,3.3,143.0,54.0,100.0,100.0,150.0,66.0,101.0,25.0,167.0,36.0,128.0,42.0,,,,,,,,0.09,0.07,0.16,1.55,0.0,0.37,1.22,0.98,5.37,26,0,90,0,0,0,2,0,0,0,1,0,0,1,0,3,11583,10648,0.0,0.050000000000000044,0.11999999999999988,0.16999999999999993,1.4399999999999977,9.800000000000011,19.100000000000023,7.0,3.5999999999999943,3,2,5,5
229,Benoît,Badiashile Mukinayi,B.Badiashile,a,,,4.4,534,113.0,0.0,611,217.0,1.0,265.0,95.0,0,0,0.0,-1,1.0,45,293,0.2,1.6,2.0,1.5,0.9,501.0,173.0,100.0,100.0,334.0,126.0,429.0,155.0,439.0,164.0,400.0,143.0,,,,,,,,0.0,0.01,0.01,1.42,0.0,0.0,1.91,1.15,9.19,26,0,0,0,0,0,0,0,0,0,0,0,0,0,0,0,125,675,0.0,0.0,0.0,0.0,0.0,0.0,0.0,0.0,0.0,0,0,0,0
230,Wesley,Fofana,Fofana,a,,,4.4,539,116.0,0.5,266,98.0,2.0,185.0,68.0,1,0,0.0,-1,1.0,1134,1701,0.5,11.1,3.0,2.5,3.3,139.0,52.0,100.0,100.0,159.0,70.0,364.0,128.0,367.0,126.0,287.0,95.0,,,,,,,,0.02,0.05,0.07,1.42,0.0,0.38,0.95,0.95,12.01,26,1,11,0,0,0,0,0,0,0,0,0,0,0,0,5,3457,2757,0.0,0.0,0.0,0.0,0.02999999999999936,7.199999999999989,0.3999999999999986,0.0,0.7999999999999972,1,2,1,3
232,Tosin,Adarabioyo,Tosin,a,,,4.0,663,162.0,0.2,344,124.0,0.0,455.0,180.0,0,0,0.0,-5,5.0,104,272,0.0,7.5,1.0,0.4,2.7,237.0,93.0,100.0,75.0,236.0,93.0,367.0,130.0,375.0,130.0,334.0,115.0,,,,,,,,0.01,0.05,0.06,1.4,0.0,0.26,1.41,0.89,11.12,26,0,0,0,0,0,0,0,0,0,0,0,0,0,0,0,136,504,0.0,0.0,0.0,0.0,0.0,0.0,0.0,0.0,0.0,0,0,0,0
233,Josh,Acheampong,Acheampong,a,,,3.7,815,263.0,1.5,156,62.0,0.2,348.0,125.0,0,0,0.0,-3,3.0,9617,3131,0.1,8.6,1.2,0.7,2.9,198.0,76.0,100.0,100.0,315.0,119.0,371.0,131.0,282.0,82.0,354.0,121.0,,,,,,,,0.1,0.02,0.12,2.17,0.0,0.32,1.75,1.11,6.36,26,0,78,0,0,0,2,0,0,0,1,0,0,1,0,1,20841,5098,0.0,0.0,0.010000000000000009,0.010000000000000009,1.4099999999999984,4.799999999999997,1.5999999999999979,0.0,0.5999999999999979,1,3,3,4
234,Aarón,Anselmino,Anselmino,u,has joined Strasbourg on loan for the rest of the season.,,4.0,730,207.0,0.1,576,207.0,0.0,514.0,217.0,0,0,0.0,0,0.0,0,27,0.0,0.0,0.0,0.0,0.0,626.0,242.0,0.0,0.0,616.0,242.0,609.0,242.0,578.0,238.0,619.0,242.0,,,,,,,,0.0,0.0,0.0,0.0,0.0,0.0,0.0,0.0,0.0,26,0,0,0,0,0,0,0,0,0,0,0,0,0,0,0,0,48,0.0,0.0,0.0,0.0,0.0,0.0,0.0,0.0,0.0,0,0,0,0
235,Cole,Palmer,Palmer,a,,,10.6,3,2.0,15.3,22,8.0,8.5,2.0,1.0,12,1,-1.0,1,-1.0,171849,3763,0.8,7.5,9.5,9.0,5.3,9.0,6.0,100.0,100.0,110.0,37.0,159.0,111.0,54.0,33.0,87.0,52.0,,1.0,1.0,,,,,0.7,0.09,0.79,1.62,0.0,0.18,1.36,1.18,6.53,26,12,90,1,1,0,2,0,0,0,1,0,0,1,3,43,244614,8825,0.0,1.6899999999999995,0.52,2.210000000000001,1.4399999999999977,64.80000000000001,53.80000000000001,52.0,17.099999999999994,1,1,1,3
236,Pedro,Lomba Neto,Neto,a,,,7.0,37,23.0,4.9,70,25.0,2.0,198.0,84.0,1,0,0.0,0,0.0,7263,18894,0.3,14.1,3.0,2.5,3.8,91.0,42.0,100.0,100.0,84.0,28.0,10.0,10.0,31.0,16.0,19.0,15.0,1.0,4.0,,,,,,0.19,0.23,0.42,1.24,0.0,0.45,0.86,1.0,4.5,26,1,26,0,0,0,2,0,0,0,0,0,0,0,0,3,11574,36766,0.0,0.0,0.21999999999999975,0.22000000000000064,1.4299999999999997,6.199999999999989,16.199999999999932,2.0,2.3999999999999773,0,1,1,2
237,Enzo,Fernández,Enzo,a,,,6.9,41,24.0,22.8,16,5.0,5.0,27.0,17.0,2,0,0.0,4,-4.0,42918,93453,0.7,17.1,6.0,5.5,4.7,23.0,11.0,100.0,100.0,18.0,5.0,5.0,5.0,14.0,5.0,3.0,2.0,3.0,3.0,2.0,,,,,0.41,0.22,0.63,1.31,0.0,0.34,1.13,1.01,7.43,26,2,90,0,0,0,2,0,0,0,0,0,0,1,0,21,87155,149165,0.0,0.129999999999999,0.6899999999999995,0.8200000000000003,1.4400000000000013,19.799999999999955,83.0,15.0,11.800000000000011,2,1,3,6
238,Estêvão,Almeida de Oliveira Gonçalves,Estêvão,a,,,6.4,63,41.0,2.4,120,38.0,4.0,64.0,33.0,3,0,0.0,-1,1.0,5642,9609,0.6,8.6,5.0,4.5,2.9,215.0,89.0,100.0,100.0,264.0,113.0,128.0,88.0,73.0,44.0,152.0,82.0,4.0,,3.0,,,,,0.34,0.26,0.6,0.99,0.0,0.49,0.98,1.22,6.22,26,3,63,0,0,1,0,0,0,0,0,0,0,1,0,6,10082,23641,0.0,0.06000000000000005,0.020000000000000018,0.08000000000000007,0.010000000000001563,4.799999999999983,16.100000000000023,9.0,3.0,1,3,3,7
239,Jamie,Bynoe-Gittens,Gittens,i,Hamstring injury - Unknown return date,,6.0,88,56.0,0.1,473,164.0,0.5,338.0,150.0,0,0,0.0,-5,5.0,9,164,0.1,4.2,0.0,0.0,1.6,395.0,175.0,0.0,0.0,347.0,154.0,202.0,133.0,245.0,134.0,316.0,155.0,,,,,,,,0.15,0.17,0.32,1.65,0.0,0.19,1.3,0.93,5.37,26,0,0,0,0,0,0,0,0,0,0,0,0,0,0,0,10,235,0.0,0.0,0.0,0.0,0.0,0.0,0.0,0.0,0.0,0,0,0,0
240,Christopher,Nkunku,Nkunku,u,has joined AC Milan permanently.,,5.9,96,61.0,0.1,519,188.0,0.0,794.0,352.0,0,0,0.0,-1,1.0,0,16,0.0,0.0,0.0,0.0,0.0,807.0,360.0,0.0,0.0,807.0,360.0,807.0,360.0,806.0,360.0,807.0,360.0,,,,,,,,0.0,0.0,0.0,0.0,0.0,0.0,0.0,0.0,0.0,26,0,0,0,0,0,0,0,0,0,0,0,0,0,0,0,0,23,0.0,0.0,0.0,0.0,0.0,0.0,0.0,0.0,0.0,0,0,0,0
241,Moisés,Caicedo Corozo,Caicedo,a,,,5.7,119,74.0,8.0,49,17.0,2.8,136.0,64.0,1,0,0.0,2,-2.0,8514,13772,0.5,14.9,3.8,3.3,4.0,73.0,32.0,100.0,100.0,68.0,20.0,103.0,74.0,229.0,126.0,112.0,62.0,,,,,,,,0.06,0.09,0.15,1.37,0.0,0.3,1.27,1.01,13.34,26,1,90,0,0,0,2,0,0,0,1,0,0,1,0,13,17207,20871,0.0,0.0,0.6100000000000001,0.6099999999999999,1.4400000000000013,13.0,22.0,2.0,3.700000000000003,3,2,3,8
252,Marc,Guiu Paz,Marc Guiu,a,,,4.2,640,88.0,5.9,61,12.0,0.0,529.0,51.0,0,0,0.0,-3,3.0,5119,7680,0.0,2.9,1.0,0.5,1.3,423.0,51.0,100.0,100.0,435.0,51.0,351.0,42.0,256.0,46.0,393.0,46.0,,,,,,,,0.53,0.11,0.64,2.06,0.0,0.0,0.73,0.36,2.55,26,0,0,0,0,0,0,0,0,0,0,0,0,0,0,0,12202,18441,0.0,0.0,0.0,0.0,0.0,0.0,0.0,0.0,0.0,0,0,0,0
453,Alejandro,Garnacho Ferreyra,Garnacho,a,,,6.4,62,40.0,0.5,261,89.0,0.5,339.0,151.0,0,0,0.0,-1,1.0,497,2023,0.1,6.6,1.5,1.0,2.6,260.0,110.0,,,298.0,132.0,110.0,76.0,79.0,48.0,165.0,90.0,,,,,,,,0.25,0.26,0.51,1.64,0.0,0.4,1.21,1.21,4.96,26,0,0,0,0,0,0,0,0,0,0,0,0,0,0,0,1034,3991,0.0,0.0,0.0,0.0,0.0,0.0,0.0,0.0,0.0,0,0,0,0
672,Jorrel,Hato,Hato,a,,,4.6,403,70.0,0.2,394,146.0,0.5,322.0,118.0,0,0,0.0,-4,4.0,436,217,0.1,1.7,1.5,1.0,0.7,507.0,175.0,100.0,100.0,366.0,140.0,311.0,104.0,377.0,131.0,374.0,132.0,,,,,,,,0.05,0.07,0.12,1.65,0.0,0.0,2.21,0.74,8.36,26,0,45,0,0,0,2,0,0,0,0,0,0,0,0,25,535,349,0.0,0.0,0.21,0.21000000000000002,1.4300000000000006,10.799999999999997,20.799999999999997,2.0,3.4000000000000004,0,2,1,2
743,Landon,Emenalo,Emenalo,a,,,4.5,500,308.0,0.0,727,304.0,0.0,673.0,266.0,0,0,0.0,0,0.0,21,22,0.0,0.0,1.0,0.5,0.0,741.0,311.0,,,740.0,310.0,735.0,311.0,721.0,307.0,741.0,311.0,,,,,,,,0.0,0.0,0.0,0.0,0.0,0.0,0.0,0.0,0.0,26,0,0,0,0,0,0,0,0,0,0,0,0,0,0,0,45,33,0.0,0.0,0.0,0.0,0.0,0.0,0.0,0.0,0.0,0,0,0,0
803,Teddy,Sharman-Lowe,Sharman-Lowe,a,,,4.0,697,59.0,0.0,799,91.0,0.0,485.0,70.0,0,0,0.0,0,0.0,12,11,0.0,0.0,1.0,0.5,0.0,600.0,78.0,,,590.0,78.0,583.0,66.0,550.0,52.0,593.0,78.0,,,,,,,,0.0,0.0,0.0,0.0,0.0,0.0,0.0,0.0,0.0,26,0,0,0,0,0,0,0,0,0,0,0,0,0,0,0,23,16,0.0,0.0,0.0,0.0,0.0,0.0,0.0,0.0,0.0,0,0,0,0
253,Dean,Henderson,Henderson,a,,,5.0,245,8.0,7.4,53,8.0,3.0,112.0,8.0,1,0,0.0,0,0.0,5878,8279,0.6,18.6,3.5,3.5,3.6,108.0,12.0,,,38.0,11.0,423.0,11.0,771.0,89.0,206.0,11.0,,,,,,,,0.0,0.0,0.0,1.3,2.58,0.35,1.23,1.0,0.0,26,1,90,0,0,0,3,0,0,0,0,0,1,1,0,0,23014,14125,0.0,0.0,0.010000000000000009,0.010000000000000009,0.5300000000000011,11.0,0.0,0.0,1.1000000000000014,0,0,9,0
254,Walter,Benítez,Benitez,a,,,4.0,665,45.0,0.3,316,43.0,0.0,457.0,56.0,0,0,0.0,0,0.0,255,226,0.0,0.0,0.5,0.5,0.0,574.0,65.0,100.0,100.0,564.0,65.0,556.0,52.0,522.0,38.0,567.0,65.0,,,,,,,,0.0,0.0,0.0,0.0,0.0,0.0,0.0,0.0,0.0,26,0,0,0,0,0,0,0,0,0,0,0,0,0,0,0,450,366,0.0,0.0,0.0,0.0,0.0,0.0,0.0,0.0,0.0,0,0,0,0
255,Remi,Matthews,Matthews,a,,,3.9,747,76.0,0.1,476,71.0,0.0,422.0,35.0,0,0,0.0,-1,1.0,73,62,0.0,0.0,0.5,0.5,0.0,542.0,44.0,,,532.0,44.0,522.0,29.0,487.0,15.0,535.0,44.0,,,,,,,,0.0,0.0,0.0,0.0,0.0,0.0,0.0,0.0,0.0,26,0,0,0,0,0,0,0,0,0,0,0,0,0,0,0,130,105,0.0,0.0,0.0,0.0,0.0,0.0,0.0,0.0,0.0,0,0,0,0
256,Daniel,Muñoz Mejía,Muñoz,a,,,5.9,98,6.0,8.1,47,15.0,2.2,178.0,63.0,1,1,-1.0,4,-4.0,26169,9313,0.4,16.6,2.7,2.7,5.4,8.0,2.0,100.0,100.0,94.0,43.0,94.0,23.0,76.0,5.0,76.0,18.0,,,,,,,,0.11,0.19,0.3,1.18,0.0,0.45,1.02,1.02,6.87,26,1,71,0,0,0,3,0,0,0,0,0,0,1,0,10,105725,13810,0.0,0.10999999999999988,0.8900000000000001,1.0,0.3999999999999986,16.80000000000001,67.29999999999998,21.0,10.5,1,0,5,1
257,Maxence,Lacroix,Lacroix,a,,,5.1,232,32.0,6.4,57,19.0,4.2,44.0,12.0,3,0,0.0,1,-1.0,27874,9275,0.8,22.7,4.7,4.7,4.5,32.0,11.0,,,22.0,10.0,278.0,88.0,117.0,21.0,92.0,22.0,,,,,,,,0.07,0.03,0.1,1.3,0.0,0.35,1.23,1.0,10.62,26,3,90,0,0,0,3,0,0,0,0,0,0,1,0,2,65896,14541,0.0,0.2100000000000002,0.010000000000000009,0.21999999999999975,0.5300000000000011,23.0,2.0999999999999943,13.0,3.799999999999997,0,11,2,11
176,Adrian,Mazilu,Mazilu,u,has joined Dinamo Bucharest permanently.,,4.5,465,282.0,0.0,686,282.0,0.0,642.0,242.0,0,0,0.0,0,0.0,0,7,0.0,0.0,0.0,0.0,0.0,717.0,294.0,0.0,0.0,712.0,289.0,709.0,292.0,692.0,285.0,714.0,291.0,,,,,,,,0.0,0.0,0.0,0.0,0.0,0.0,0.0,0.0,0.0,26,0,0,0,0,0,0,0,0,0,0,0,0,0,0,0,0,9,0.0,0.0,0.0,0.0,0.0,0.0,0.0,0.0,0.0,0,0,0,0
258,Tyrick,Mitchell,Mitchell,a,,,5.0,255,38.0,2.0,130,50.0,2.5,158.0,56.0,1,0,0.0,0,0.0,3246,2793,0.5,18.8,3.0,3.0,3.6,109.0,39.0,,,67.0,30.0,68.0,14.0,153.0,31.0,79.0,19.0,,,,,,,,0.04,0.06,0.1,1.32,0.0,0.35,1.25,1.01,6.9,26,1,90,0,0,0,3,0,0,0,0,0,0,1,0,0,7967,4881,0.0,0.14,0.06999999999999984,0.20999999999999996,0.5300000000000011,10.199999999999989,19.19999999999999,11.0,4.0,2,2,3,4
259,Borna,Sosa,Sosa,a,,,4.8,359,59.0,0.1,450,165.0,0.2,365.0,135.0,0,0,0.0,-2,2.0,272,173,0.0,1.0,0.7,0.7,1.0,484.0,172.0,100.0,100.0,450.0,166.0,406.0,148.0,427.0,158.0,459.0,165.0,,,,,,,,0.0,0.1,0.1,1.41,0.0,0.0,1.7,0.0,11.89,26,0,0,0,0,0,0,0,0,0,0,0,0,0,0,0,441,236,0.0,0.0,0.0,0.0,0.0,0.0,0.0,0.0,0.0,0,0,0,0
261,Chris,Richards,Richards,a,,,4.4,536,115.0,2.7,113,46.0,4.0,51.0,16.0,0,0,0.0,-1,1.0,9044,4130,0.9,21.1,4.5,4.5,4.2,49.0,17.0,100.0,100.0,45.0,20.0,242.0,68.0,205.0,50.0,125.0,40.0,,,,,,,,0.04,0.06,0.1,1.24,0.0,0.37,1.28,1.0,10.22,26,0,90,0,0,0,3,0,0,0,1,0,0,1,0,337,47800,6572,0.0,0.16000000000000003,0.010000000000000009,0.17000000000000037,0.5300000000000011,15.0,12.200000000000003,24.0,5.099999999999994,2,4,6,6
262,Chadi,Riad Dnanou,Chadi Riad,a,,,4.0,702,183.0,0.0,625,223.0,1.5,229.0,84.0,1,0,0.0,0,0.0,195,139,0.4,1.5,2.0,2.0,2.0,323.0,119.0,100.0,100.0,410.0,154.0,394.0,142.0,402.0,149.0,432.0,155.0,,,,,,,,0.07,0.02,0.09,0.3,0.0,0.0,0.76,0.76,5.29,26,1,45,0,0,0,0,0,0,0,0,0,0,0,0,7,437,209,0.0,0.0,0.009999999999999998,0.009999999999999995,0.16000000000000003,8.600000000000001,2.599999999999998,0.0,1.1000000000000005,0,4,1,4
263,Nathaniel,Clyne,Clyne,a,,,3.8,782,232.0,0.6,244,92.0,0.0,388.0,144.0,0,0,0.0,-2,2.0,421,831,0.0,3.7,0.5,0.5,2.0,322.0,118.0,100.0,100.0,373.0,142.0,340.0,116.0,345.0,112.0,380.0,135.0,,,,,,,,0.09,0.12,0.21,1.24,0.0,0.0,1.72,1.29,7.32,26,0,0,0,0,0,0,0,0,0,0,0,0,0,0,0,885,1960,0.0,0.0,0.0,0.0,0.0,0.0,0.0,0.0,0.0,0,0,0,0
264,Rob,Holding,Holding,u,Has joined Colorado Rapids permanently.,,4.0,666,163.0,0.0,691,239.0,0.0,458.0,181.0,0,0,0.0,0,0.0,0,7,0.0,0.0,0.0,0.0,0.0,575.0,210.0,0.0,0.0,565.0,210.0,557.0,210.0,523.0,203.0,568.0,210.0,,,,,,,,0.0,0.0,0.0,0.0,0.0,0.0,0.0,0.0,0.0,26,0,0,0,0,0,0,0,0,0,0,0,0,0,0,0,0,8,0.0,0.0,0.0,0.0,0.0,0.0,0.0,0.0,0.0,0,0,0,0
265,Caleb,Kporha,Kporha,i,Back injury - Unknown return date,,4.0,720,197.0,0.0,728,252.0,0.0,506.0,209.0,0,0,0.0,0,0.0,11,11,0.0,0.0,0.0,0.0,0.0,619.0,235.0,0.0,0.0,609.0,235.0,602.0,235.0,570.0,230.0,612.0,235.0,,,,,,,,0.0,0.0,0.0,0.0,0.0,0.0,0.0,0.0,0.0,26,0,0,0,0,0,0,0,0,0,0,0,0,0,0,0,18,21,0.0,0.0,0.0,0.0,0.0,0.0,0.0,0.0,0.0,0,0,0,0
267,Ismaïla,Sarr,Sarr,a,,,6.4,57,36.0,3.9,84,28.0,4.8,30.0,18.0,2,1,-1.0,-1,1.0,18805,5138,0.7,11.1,5.3,5.3,4.4,39.0,19.0,100.0,100.0,186.0,74.0,151.0,105.0,62.0,37.0,118.0,66.0,,,,,,,,0.42,0.04,0.46,1.21,0.0,0.46,1.05,1.05,6.0,26,2,90,0,0,0,3,0,0,0,0,0,0,1,0,7,110755,7470,0.0,0.14999999999999947,0.020000000000000018,0.16999999999999993,0.5300000000000011,5.600000000000023,7.299999999999983,25.0,3.8000000000000114,1,0,3,4
268,Cheick,Doucouré,Doucouré,i,Knee injury - Unknown return date,,4.9,326,203.0,0.0,790,348.0,0.0,725.0,303.0,0,0,0.0,-1,1.0,6,2,0.0,0.0,0.0,0.0,0.0,770.0,333.0,0.0,0.0,769.0,332.0,766.0,333.0,760.0,331.0,770.0,333.0,,,,,,,,0.0,0.0,0.0,0.0,0.0,0.0,0.0,0.0,0.0,26,0,0,0,0,0,0,0,0,0,0,0,0,0,0,0,7,5,0.0,0.0,0.0,0.0,0.0,0.0,0.0,0.0,0.0,0,0,0,0
269,Romain,Esse,Esse,u,has joined Coventry City on loan for the rest of the season.,,4.7,395,247.0,0.1,453,155.0,0.0,697.0,283.0,0,0,0.0,-3,3.0,0,92,0.0,0.9,0.0,0.0,1.0,482.0,221.0,0.0,0.0,461.0,208.0,447.0,215.0,418.0,204.0,471.0,215.0,,,,,,,,0.0,0.09,0.09,3.92,0.0,0.0,0.0,0.0,11.25,26,0,0,0,0,0,0,0,0,0,0,0,0,0,0,0,0,141,0.0,0.0,0.0,0.0,0.0,0.0,0.0,0.0,0.0,0,0,0,0
270,Will,Hughes,Hughes,a,,,4.7,378,236.0,0.1,466,160.0,1.5,232.0,99.0,1,0,0.0,-3,3.0,273,253,0.3,7.9,2.0,2.0,1.6,383.0,167.0,100.0,100.0,290.0,129.0,95.0,69.0,257.0,138.0,224.0,112.0,5.0,,,,,,,0.08,0.13,0.21,1.32,0.0,0.39,1.01,1.01,8.81,26,1,18,0,0,0,0,0,0,0,0,0,0,0,0,4,726,427,0.0,0.040000000000000036,0.039999999999999813,0.08000000000000007,0.11999999999999744,6.0,15.300000000000011,4.0,2.5,1,0,1,2
276,Justin,Devenny,Devenny,a,,,4.3,593,347.0,1.3,166,53.0,0.0,546.0,177.0,0,0,0.0,-2,2.0,4404,1950,0.0,6.7,0.5,0.5,1.6,380.0,165.0,100.0,100.0,354.0,158.0,250.0,155.0,149.0,85.0,295.0,146.0,,2.0,,,,,,0.36,0.05,0.41,1.53,0.0,0.15,1.52,0.76,7.28,26,0,0,0,0,0,0,0,0,0,0,0,0,0,0,0,7552,5186,0.0,0.0,0.0,0.0,0.0,0.0,0.0,0.0,0.0,0,0,0,0
277,Malcolm,Ebiowei,Ebiowei,u,Has joined Blackpool permanently.,,4.5,433,259.0,0.0,794,350.0,0.0,621.0,223.0,0,0,0.0,0,0.0,0,0,0.0,0.0,0.0,0.0,0.0,698.0,276.0,0.0,0.0,692.0,270.0,689.0,274.0,671.0,267.0,695.0,273.0,,,,,,,,0.0,0.0,0.0,0.0,0.0,0.0,0.0,0.0,0.0,26,0,0,0,0,0,0,0,0,0,0,0,0,0,0,0,0,0,0.0,0.0,0.0,0.0,0.0,0.0,0.0,0.0,0.0,0,0,0,0
278,Jesurun,Rak-Sakyi,J.Rak-Sakyi,u,has joined Stoke City on loan for the rest of the season.,,4.4,542,324.0,0.0,644,257.0,0.0,582.0,199.0,0,0,0.0,-1,1.0,0,29,0.0,0.0,0.0,0.0,0.0,668.0,257.0,0.0,0.0,659.0,248.0,656.0,254.0,633.0,243.0,662.0,251.0,,,,,,,,0.0,0.0,0.0,0.0,0.0,0.0,0.0,0.0,0.0,26,0,0,0,0,0,0,0,0,0,0,0,0,0,0,0,0,40,0.0,0.0,0.0,0.0,0.0,0.0,0.0,0.0,0.0,0,0,0,0
279,Matheus,França de Oliveira,M.França,u,Has joined CR Vasco da Gama on loan for the rest of the season.,,4.5,463,280.0,0.0,761,326.0,0.0,641.0,241.0,0,0,0.0,0,0.0,0,0,0.0,0.0,0.0,0.0,0.0,716.0,293.0,0.0,0.0,711.0,288.0,708.0,291.0,691.0,284.0,713.0,290.0,,,,,,,,0.0,0.0,0.0,0.0,0.0,0.0,0.0,0.0,0.0,26,0,0,0,0,0,0,0,0,0,0,0,0,0,0,0,0,0,0.0,0.0,0.0,0.0,0.0,0.0,0.0,0.0,0.0,0,0,0,0
280,David,Ozoh,Ozoh,u,Has joined Derby County on loan for the rest of the season.,,4.5,458,275.0,0.0,811,361.0,0.0,638.0,238.0,0,0,0.0,0,0.0,0,0,0.0,0.0,0.0,0.0,0.0,713.0,290.0,0.0,0.0,708.0,285.0,705.0,288.0,688.0,281.0,710.0,287.0,,,,,,,,0.0,0.0,0.0,0.0,0.0,0.0,0.0,0.0,0.0,26,0,0,0,0,0,0,0,0,0,0,0,0,0,0,0,0,0,0.0,0.0,0.0,0.0,0.0,0.0,0.0,0.0,0.0,0,0,0,0
281,Kaden,Rodney,Rodney,a,,,4.4,553,332.0,0.0,585,220.0,0.0,589.0,205.0,0,0,0.0,-1,1.0,105,62,0.0,0.2,0.5,0.5,1.0,466.0,206.0,,,665.0,254.0,484.0,234.0,640.0,250.0,668.0,257.0,,,,,,,,0.0,0.0,0.0,19.5,0.0,0.0,0.0,0.0,0.0,26,0,0,0,0,0,0,0,0,0,0,0,0,0,0,0,238,117,0.0,0.0,0.0,0.0,0.0,0.0,0.0,0.0,0.0,0,0,0,0
282,Franco,Umeh-Chibueze,Umeh,u,has joined Portsmouth permanently.,,4.5,477,291.0,0.0,695,288.0,0.0,653.0,251.0,0,0,0.0,0,0.0,0,2,0.0,0.0,0.0,0.0,0.0,725.0,300.0,0.0,0.0,722.0,297.0,718.0,299.0,703.0,294.0,724.0,299.0,,,,,,,,0.0,0.0,0.0,0.0,0.0,0.0,0.0,0.0,0.0,26,0,0,0,0,0,0,0,0,0,0,0,0,0,0,0,0,2,0.0,0.0,0.0,0.0,0.0,0.0,0.0,0.0,0.0,0,0,0,0
283,Jean-Philippe,Mateta,Mateta,i,Knee injury - Unknown return date,,7.5,23,8.0,7.1,55,11.0,0.5,340.0,47.0,0,0,0.0,0,0.0,78,33238,0.1,11.2,0.0,0.0,3.7,103.0,9.0,0.0,0.0,88.0,6.0,213.0,22.0,6.0,4.0,38.0,9.0,,,2.0,,,,,0.56,0.06,0.62,1.26,0.0,0.38,1.09,1.09,5.2,26,0,0,0,0,0,0,0,0,0,0,0,0,0,0,0,120,59691,0.0,0.0,0.0,0.0,0.0,0.0,0.0,0.0,0.0,0,0,0,0
284,Eddie,Nketiah,Nketiah,i,Hamstring injury - Unknown return date,,5.4,166,43.0,0.3,313,50.0,0.0,775.0,82.0,0,0,0.0,-1,1.0,37,543,0.0,4.3,0.0,0.0,1.9,348.0,40.0,0.0,0.0,317.0,31.0,269.0,26.0,139.0,33.0,280.0,33.0,,,,,,,,0.38,0.1,0.48,2.06,0.0,0.0,2.61,0.43,8.26,26,0,0,0,0,0,0,0,0,0,0,0,0,0,0,0,61,1004,0.0,0.0,0.0,0.0,0.0,0.0,0.0,0.0,0.0,0,0,0,0
285,Odsonne,Édouard,Édouard,u,has joined RC Lens permanently.,,5.0,247,54.0,0.2,368,59.0,0.0,740.0,79.0,0,0,0.0,0,0.0,0,46,0.0,0.2,0.0,0.0,1.0,490.0,60.0,0.0,0.0,482.0,57.0,775.0,86.0,772.0,86.0,499.0,62.0,,,,,,,,0.0,0.0,0.0,12.15,0.0,0.0,0.0,0.0,45.0,26,0,0,0,0,0,0,0,0,0,0,0,0,0,0,0,0,77,0.0,0.0,0.0,0.0,0.0,0.0,0.0,0.0,0.0,0,0,0,0
286,Zach,Marsh,Marsh,a,,,4.4,560,80.0,0.3,306,49.0,0.0,596.0,63.0,0,0,0.0,-1,1.0,705,557,0.0,0.0,0.5,0.5,0.0,679.0,73.0,,,672.0,73.0,668.0,72.0,647.0,72.0,675.0,73.0,,,,,,,,0.0,0.0,0.0,0.0,0.0,0.0,0.0,0.0,0.0,26,0,0,0,0,0,0,0,0,0,0,0,0,0,0,0,1335,837,0.0,0.0,0.0,0.0,0.0,0.0,0.0,0.0,0.0,0,0,0,0
580,Brennan,Johnson,Johnson,a,,,6.5,50,32.0,2.4,119,37.0,1.5,238.0,103.0,1,0,0.0,-5,5.0,888,2641,0.2,6.9,2.0,2.0,2.0,334.0,148.0,,,280.0,123.0,180.0,122.0,131.0,76.0,226.0,113.0,,,,,,,,0.15,0.06,0.21,1.47,0.0,0.34,1.03,0.94,5.99,26,1,32,0,0,0,0,0,0,0,0,0,0,0,0,3,1885,4734,0.0,0.030000000000000027,0.09999999999999998,0.1299999999999999,0.16000000000000014,2.8000000000000114,11.5,5.0,1.8999999999999986,0,1,1,2
654,Jørgen,Strand Larsen,Strand Larsen,a,,,6.1,82,26.0,1.8,138,22.0,4.0,63.0,7.0,13,0,0.0,-4,4.0,58181,2025,0.7,8.7,4.5,4.5,2.2,309.0,34.0,100.0,100.0,254.0,22.0,209.0,21.0,53.0,21.0,163.0,19.0,,,,,,,,0.21,0.03,0.24,1.33,0.0,0.23,1.65,0.91,3.48,26,13,90,2,0,0,3,0,0,0,0,0,0,1,3,57,81110,3770,0.0,0.33999999999999986,0.030000000000000027,0.3700000000000001,0.5300000000000011,66.19999999999999,7.799999999999997,41.0,11.5,0,1,1,2
677,Evann,Guessand,Guessand,a,,,6.2,75,50.0,0.0,601,228.0,1.2,261.0,113.0,1,0,0.0,-3,3.0,270,104,0.2,4.8,1.7,1.7,2.0,333.0,147.0,100.0,100.0,322.0,145.0,295.0,169.0,171.0,97.0,303.0,150.0,,,,,,,,0.17,0.07,0.24,1.25,0.0,0.13,1.74,0.93,8.68,26,1,57,0,0,0,3,0,0,0,0,0,0,1,0,0,538,154,0.0,0.08000000000000007,0.020000000000000018,0.10000000000000009,0.370000000000001,0.0,2.4000000000000057,8.0,1.0,2,1,4,7
690,Rio,Cardines,Cardines,d,Groin Injury - 25% chance of playing,,4.4,564,338.0,0.3,331,114.0,0.0,599.0,210.0,0,0,0.0,-1,1.0,7,189,0.0,0.0,0.1,0.1,0.0,682.0,266.0,25.0,25.0,675.0,259.0,671.0,264.0,650.0,255.0,678.0,262.0,,,,,,,,0.0,0.0,0.0,0.0,0.0,0.0,0.0,0.0,0.0,26,0,0,0,0,0,0,0,0,0,0,0,0,0,0,0,10,269,0.0,0.0,0.0,0.0,0.0,0.0,0.0,0.0,0.0,0,0,0,0
712,Yéremy,Pino Santos,Yeremy,a,,,5.8,110,69.0,0.2,354,120.0,1.0,278.0,121.0,1,0,0.0,-2,2.0,591,1241,0.2,10.5,1.5,1.5,2.5,274.0,116.0,100.0,100.0,198.0,82.0,17.0,17.0,63.0,38.0,45.0,32.0,1.0,1.0,,,,,,0.2,0.26,0.46,1.22,0.0,0.33,1.11,1.11,7.09,26,1,18,0,0,0,0,0,0,0,0,0,0,0,0,6,1606,2284,0.0,0.0,0.040000000000000036,0.040000000000000924,0.11999999999999744,6.0,32.89999999999998,0.0,3.9000000000000057,0,0,1,1
732,Christantus,Uche,Uche,a,,,5.5,155,41.0,0.1,579,79.0,0.8,303.0,43.0,1,0,0.0,0,0.0,242,242,0.1,2.9,1.3,1.3,1.2,440.0,54.0,,,451.0,53.0,434.0,56.0,275.0,48.0,421.0,52.0,,,,,,,,0.23,0.01,0.24,2.65,0.0,0.0,2.4,0.0,7.2,26,1,7,0,0,0,0,0,0,0,0,0,0,0,0,1,424,393,0.0,0.0,0.0,0.0,0.1200000000000001,0.0,0.5999999999999996,2.0,0.20000000000000018,0,0,0,0
762,Joél,Drakes-Thomas,Drakes-Thomas,a,,,4.5,513,317.0,0.0,774,335.0,0.0,686.0,275.0,0,0,0.0,0,0.0,16,16,0.0,0.4,0.5,0.5,1.0,481.0,220.0,,,486.0,224.0,465.0,223.0,731.0,315.0,494.0,228.0,,,,,,,,0.0,0.0,0.0,9.39,0.0,0.0,12.86,0.0,38.57,26,0,0,0,0,0,0,0,0,0,0,0,0,0,0,0,41,20,0.0,0.0,0.0,0.0,0.0,0.0,0.0,0.0,0.0,0,0,0,0
773,Dean,Benamar,Benamar,a,,,4.0,733,210.0,0.0,734,254.0,0.0,515.0,218.0,0,0,0.0,0,0.0,30,31,0.0,0.0,0.5,0.5,0.0,627.0,243.0,,,617.0,243.0,610.0,243.0,580.0,240.0,620.0,243.0,,,,,,,,0.0,0.0,0.0,0.0,0.0,0.0,0.0,0.0,0.0,26,0,0,0,0,0,0,0,0,0,0,0,0,0,0,0,55,41,0.0,0.0,0.0,0.0,0.0,0.0,0.0,0.0,0.0,0,0,0,0
793,George,King,King,a,,,4.0,721,198.0,0.0,725,250.0,0.0,507.0,210.0,0,0,0.0,0,0.0,108,72,0.0,0.0,0.5,0.5,0.0,620.0,236.0,,,610.0,236.0,603.0,236.0,571.0,231.0,613.0,236.0,,,,,,,,0.0,0.0,0.0,0.0,0.0,0.0,0.0,0.0,0.0,26,0,0,0,0,0,0,0,0,0,0,0,0,0,0,0,171,87,0.0,0.0,0.0,0.0,0.0,0.0,0.0,0.0,0.0,0,0,0,0
798,Danny,Imray,Imray,u,has joined West Brom on loan for the rest of the season.,,4.0,698,181.0,0.0,792,263.0,0.0,486.0,195.0,0,0,0.0,0,0.0,0,26,0.0,0.0,0.0,0.0,0.0,601.0,223.0,0.0,0.0,591.0,223.0,584.0,223.0,551.0,217.0,594.0,223.0,,,,,,,,0.0,0.0,0.0,0.0,0.0,0.0,0.0,0.0,0.0,26,0,0,0,0,0,0,0,0,0,0,0,0,0,0,0,0,32,0.0,0.0,0.0,0.0,0.0,0.0,0.0,0.0,0.0,0,0,0,0
242,Kiernan,Dewsbury-Hall,Dewsbury-Hall,a,,,4.9,312,195.0,3.2,104,32.0,4.5,34.0,22.0,2,0,0.0,-1,1.0,19467,6280,0.9,19.0,4.0,4.5,4.9,16.0,8.0,100.0,100.0,127.0,43.0,49.0,43.0,90.0,55.0,72.0,43.0,2.0,,,,,,,0.14,0.19,0.33,1.29,0.0,0.35,1.15,1.04,7.27,26,2,90,0,0,0,2,0,0,0,0,0,0,1,0,13,66694,9473,0.0,0.16000000000000014,0.08999999999999986,0.25,1.3399999999999999,8.600000000000023,11.899999999999977,13.0,3.4000000000000057,1,1,4,6
243,Tyrique,George,George,a,,,4.8,374,235.0,0.1,536,195.0,0.8,291.0,125.0,2,0,0.0,-2,2.0,267,143,0.2,1.5,0.3,0.8,1.2,438.0,196.0,,,458.0,206.0,407.0,202.0,277.0,149.0,417.0,189.0,,,,,,,,0.16,0.05,0.21,0.94,0.0,0.4,1.21,0.4,4.02,26,2,61,0,0,0,1,0,0,0,0,0,0,1,0,0,519,207,0.0,0.0,0.01999999999999999,0.020000000000000018,0.5399999999999998,0.0,3.6000000000000014,4.0,0.39999999999999947,0,1,4,5
287,Jordan,Pickford,Pickford,a,,,5.6,124,2.0,13.6,28,4.0,2.0,194.0,17.0,1,0,0.0,1,-1.0,8331,35299,0.4,19.3,1.5,2.0,4.2,55.0,2.0,,,17.0,4.0,480.0,13.0,450.0,2.0,176.0,5.0,,,,,,,,0.0,0.01,0.01,1.47,2.73,0.35,1.15,1.0,0.0,26,1,90,0,0,0,2,0,0,0,0,0,2,1,0,6,21307,62011,0.0,0.0,0.010000000000000009,0.010000000000000009,1.3400000000000034,18.0,0.1,2.0,2.0,0,0,11,0
289,Harry,Tyrer,Tyrer,u,has joined Cardiff City permanently.,,3.9,757,80.0,0.1,483,73.0,0.0,428.0,39.0,0,0,0.0,-1,1.0,0,73,0.0,0.0,0.0,0.0,0.0,548.0,48.0,0.0,0.0,538.0,48.0,528.0,33.0,493.0,19.0,541.0,48.0,,,,,,,,0.0,0.0,0.0,0.0,0.0,0.0,0.0,0.0,0.0,26,0,0,0,0,0,0,0,0,0,0,0,0,0,0,0,0,118,0.0,0.0,0.0,0.0,0.0,0.0,0.0,0.0,0.0,0,0,0,0
290,Jarrad,Branthwaite,Branthwaite,a,,,5.3,200,24.0,0.2,364,132.0,1.8,216.0,80.0,4,0,0.0,-2,2.0,1590,486,0.3,1.3,1.3,1.8,1.8,368.0,135.0,100.0,100.0,415.0,156.0,395.0,143.0,362.0,121.0,423.0,150.0,,,,,,,,0.07,0.02,0.09,1.2,0.0,0.0,1.18,0.79,7.89,26,4,90,0,1,0,2,0,0,0,0,0,0,1,0,14,2431,774,0.0,0.16,0.010000000000000002,0.16999999999999998,1.3399999999999999,12.400000000000002,0.7999999999999989,16.0,2.8999999999999995,1,8,1,9
291,James,Tarkowski,Tarkowski,a,,,5.7,113,9.0,12.1,30,11.0,2.2,173.0,61.0,1,-1,1.0,2,-2.0,8120,66909,0.4,20.5,1.7,2.2,4.5,34.0,13.0,,,11.0,4.0,169.0,41.0,97.0,11.0,50.0,6.0,,,,,,,,0.07,0.05,0.12,1.47,0.0,0.35,1.15,1.0,10.69,26,1,90,0,0,0,2,0,0,0,0,0,0,1,0,5,17644,135833,0.0,0.24,0.020000000000000018,0.26000000000000023,1.3400000000000034,21.799999999999955,0.4000000000000057,35.0,5.700000000000003,0,9,2,9
292,Vitalii,Mykolenko,Mykolenko,a,,,4.9,314,50.0,0.6,230,86.0,1.2,255.0,92.0,1,0,0.0,-1,1.0,846,2004,0.2,13.7,0.7,1.2,3.0,189.0,75.0,100.0,100.0,117.0,51.0,97.0,24.0,281.0,81.0,145.0,46.0,,,,,,,,0.01,0.1,0.11,1.44,0.0,0.32,1.28,1.01,6.72,26,1,90,0,0,0,2,0,0,0,0,0,0,1,0,10,2068,4389,0.0,0.0,0.6000000000000001,0.5999999999999999,1.3399999999999999,22.0,38.400000000000006,4.0,6.399999999999999,2,2,1,4
293,Jake,O'Brien,O'Brien,s,Suspended until 28 Feb,,4.9,340,56.0,0.8,207,79.0,2.5,156.0,55.0,-2,0,0.0,-1,1.0,465,14181,0.5,17.6,0.0,2.5,3.3,144.0,55.0,0.0,,85.0,37.0,134.0,34.0,208.0,52.0,123.0,39.0,,,,,,,,0.03,0.03,0.06,1.53,0.0,0.33,1.19,0.99,6.88,26,86,68,0,0,0,2,0,0,0,0,1,0,1,0,290,5182,16845,0.0,0.0,0.010000000000000009,0.010000000000000009,1.25,4.199999999999989,1.0,0.0,0.5,2,1,3,3
294,Séamus,Coleman,Coleman,a,,,4.2,625,141.0,0.1,486,175.0,0.0,524.0,222.0,0,0,0.0,-3,3.0,134,79,0.0,0.7,-0.5,0.0,1.0,457.0,170.0,100.0,100.0,623.0,246.0,481.0,175.0,587.0,243.0,626.0,246.0,,,,,,,,0.0,0.0,0.0,1.96,0.0,0.0,0.0,8.18,0.0,26,0,0,0,0,0,0,0,0,0,0,0,0,0,0,0,225,114,0.0,0.0,0.0,0.0,0.0,0.0,0.0,0.0,0.0,0,0,0,0
295,Michael,Keane,Keane,a,,,4.7,377,63.0,3.7,89,31.0,1.8,209.0,79.0,1,0,0.0,2,-2.0,3820,15059,0.4,21.9,1.3,1.8,4.7,22.0,9.0,100.0,100.0,35.0,14.0,373.0,132.0,104.0,14.0,114.0,36.0,,,,,,,,0.09,0.01,0.1,1.53,0.0,0.29,1.31,1.02,10.32,26,1,1,0,0,0,0,0,0,0,0,0,0,0,0,3,11181,29830,0.0,0.0,0.009999999999999981,0.009999999999999787,0.0,0.0,0.3000000000000007,8.0,0.7999999999999972,0,0,0,0
296,Nathan,Patterson,Patterson,a,,,4.4,535,114.0,0.0,619,221.0,0.8,287.0,103.0,0,0,0.0,-1,1.0,45,156,0.2,4.8,0.3,0.8,3.5,119.0,44.0,100.0,100.0,386.0,148.0,435.0,157.0,381.0,135.0,415.0,148.0,,,,,,,,0.01,0.02,0.03,1.35,0.0,0.76,0.38,1.14,11.39,26,0,0,0,0,0,0,0,0,0,0,0,0,0,0,0,73,313,0.0,0.0,0.0,0.0,0.0,0.0,0.0,0.0,0.0,0,0,0,0
297,Roman,Dixon,Dixon,u,has joined Stockport County on loan for the rest of the season.,,3.8,797,246.0,0.2,393,145.0,0.0,399.0,154.0,0,0,0.0,-2,2.0,0,306,0.0,0.0,0.0,0.0,0.0,522.0,189.0,0.0,0.0,512.0,189.0,499.0,187.0,463.0,178.0,515.0,189.0,,,,,,,,0.0,0.0,0.0,0.0,0.0,0.0,0.0,0.0,0.0,26,0,0,0,0,0,0,0,0,0,0,0,0,0,0,0,0,498,0.0,0.0,0.0,0.0,0.0,0.0,0.0,0.0,0.0,0,0,0,0
298,Reece,Welch,Welch,a,,,3.8,795,244.0,0.1,423,156.0,0.0,397.0,152.0,0,0,0.0,-2,2.0,110,106,0.0,0.0,-0.5,0.0,0.0,520.0,187.0,,,510.0,187.0,497.0,185.0,461.0,176.0,513.0,187.0,,,,,,,,0.0,0.0,0.0,0.0,0.0,0.0,0.0,0.0,0.0,26,0,0,0,0,0,0,0,0,0,0,0,0,0,0,0,207,164,0.0,0.0,0.0,0.0,0.0,0.0,0.0,0.0,0.0,0,0,0,0
299,Iliman,Ndiaye,Ndiaye,a,,,6.2,73,49.0,3.9,85,29.0,3.8,75.0,38.0,9,0,0.0,-3,3.0,9567,4308,0.6,14.2,3.3,3.8,4.4,38.0,18.0,100.0,100.0,81.0,27.0,76.0,57.0,33.0,18.0,44.0,31.0,,,1.0,,,,,0.23,0.19,0.42,1.33,0.0,0.32,1.27,1.06,9.83,26,9,90,1,0,0,2,0,0,0,0,0,0,1,2,31,14229,17316,0.0,0.9699999999999998,0.56,1.5299999999999994,1.3399999999999999,45.0,29.599999999999966,79.0,15.399999999999991,1,2,8,11
300,Dwight,McNeil,McNeil,a,,,5.5,144,89.0,0.2,417,142.0,0.2,381.0,170.0,0,0,0.0,-5,5.0,95,463,0.0,5.3,-0.3,0.2,2.1,319.0,139.0,,,371.0,165.0,204.0,135.0,316.0,167.0,340.0,163.0,,,,,,,,0.07,0.1,0.17,1.78,0.0,0.44,0.59,1.02,7.76,26,0,0,0,0,0,0,0,0,0,0,0,0,0,0,0,192,1189,0.0,0.0,0.0,0.0,0.0,0.0,0.0,0.0,0.0,0,0,0,0
301,Carlos,Alcaraz Durán,Alcaraz,a,,,5.2,215,133.0,0.1,514,187.0,0.2,378.0,168.0,0,0,0.0,-3,3.0,92,73,0.0,5.0,-0.3,0.2,1.6,391.0,173.0,100.0,100.0,358.0,160.0,192.0,128.0,159.0,88.0,278.0,137.0,,,,,,,,0.14,0.06,0.2,1.76,0.0,0.4,1.08,0.81,8.64,26,0,0,0,0,0,0,0,0,0,0,0,0,0,0,0,161,201,0.0,0.0,0.0,0.0,0.0,0.0,0.0,0.0,0.0,0,0,0,0
302,Idrissa Gana,Gueye,Gana,a,,,5.4,156,96.0,0.1,490,172.0,2.8,132.0,61.0,2,0,0.0,-1,1.0,246,200,0.5,10.2,2.3,2.8,3.2,162.0,70.0,100.0,100.0,199.0,83.0,162.0,114.0,169.0,95.0,191.0,100.0,,,,,,,,0.08,0.06,0.14,1.42,0.0,0.19,1.16,1.09,9.32,26,2,90,0,0,0,2,0,0,0,0,0,0,1,0,16,492,354,0.0,0.040000000000000036,0.030000000000000027,0.06999999999999984,1.3399999999999999,21.400000000000006,14.400000000000006,7.0,4.300000000000004,1,4,6,11
303,James,Garner,Garner,a,,,5.2,212,131.0,4.1,82,27.0,3.0,115.0,54.0,2,0,0.0,2,-2.0,9896,20553,0.6,21.3,2.5,3.0,4.3,41.0,20.0,,,21.0,6.0,12.0,12.0,118.0,68.0,22.0,18.0,3.0,3.0,,,,,,0.07,0.16,0.23,1.47,0.0,0.35,1.16,1.0,12.42,26,2,90,0,0,0,2,0,0,0,0,0,0,1,0,23,23296,44315,0.0,0.10000000000000009,0.48,0.5800000000000001,1.3399999999999963,22.800000000000068,44.80000000000007,12.0,8.0,2,4,4,10
307,Coby,Ebere,Ebere,a,,,4.4,548,328.0,0.0,602,229.0,0.0,585.0,202.0,0,0,0.0,-1,1.0,80,49,0.0,0.0,-0.5,0.0,0.0,671.0,260.0,,,662.0,251.0,659.0,257.0,636.0,246.0,665.0,254.0,,,,,,,,0.0,0.0,0.0,0.0,0.0,0.0,0.0,0.0,0.0,26,0,0,0,0,0,0,0,0,0,0,0,0,0,0,0,140,83,0.0,0.0,0.0,0.0,0.0,0.0,0.0,0.0,0.0,0,0,0,0
308,Isaac,Heath,Heath,u,has joined Accrington on loan for the rest of the season.,,4.5,452,270.0,0.0,692,286.0,0.0,632.0,233.0,0,0,0.0,0,0.0,0,3,0.0,0.0,0.0,0.0,0.0,708.0,285.0,0.0,0.0,703.0,280.0,700.0,283.0,683.0,276.0,705.0,282.0,,,,,,,,0.0,0.0,0.0,0.0,0.0,0.0,0.0,0.0,0.0,26,0,0,0,0,0,0,0,0,0,0,0,0,0,0,0,0,4,0.0,0.0,0.0,0.0,0.0,0.0,0.0,0.0,0.0,0,0,0,0
309,Jenson,Metcalfe,Metcalfe,u,Has joined Bradford City permanently.,,4.5,448,268.0,0.0,815,365.0,0.0,630.0,231.0,0,0,0.0,0,0.0,0,1,0.0,0.0,0.0,0.0,0.0,706.0,283.0,0.0,0.0,701.0,278.0,698.0,281.0,681.0,274.0,703.0,280.0,,,,,,,,0.0,0.0,0.0,0.0,0.0,0.0,0.0,0.0,0.0,26,0,0,0,0,0,0,0,0,0,0,0,0,0,0,0,0,1,0.0,0.0,0.0,0.0,0.0,0.0,0.0,0.0,0.0,0,0,0,0
310,Thierno,Barry,Barry,a,,,5.7,120,33.0,1.2,171,30.0,3.8,74.0,9.0,2,0,0.0,-3,3.0,5528,9485,0.7,11.4,3.3,3.8,2.5,273.0,29.0,,,242.0,21.0,179.0,15.0,42.0,17.0,132.0,17.0,,,,,,,,0.32,0.02,0.34,1.43,0.0,0.42,1.21,1.09,2.97,26,2,61,0,0,0,1,0,0,0,0,0,0,1,0,189,13389,18820,0.0,0.8599999999999994,0.0,0.8600000000000003,0.5399999999999991,0.0,6.299999999999983,9.0,1.2000000000000028,0,1,1,2
311,Norberto Bercique,Gomes Betuncal,Beto,a,,,5.0,265,55.0,2.4,118,20.0,2.2,170.0,24.0,0,0,0.0,-5,5.0,2177,4246,0.4,9.2,1.7,2.2,1.8,365.0,42.0,,,281.0,27.0,321.0,34.0,52.0,20.0,209.0,27.0,,,2.0,,,,,0.53,0.02,0.55,1.63,0.0,0.2,1.33,0.82,5.21,26,0,28,0,0,0,1,0,0,0,1,0,0,0,0,114,5413,6755,0.0,0.10000000000000053,0.009999999999999981,0.10999999999999943,0.7900000000000009,0.0,1.3000000000000043,19.0,2.0,0,0,1,1
312,Youssef,Ramalho Chermiti,Y.Chermiti,u,has joined Rangers permanently.,,4.9,337,62.0,0.1,546,77.0,0.0,731.0,78.0,0,0,0.0,-1,1.0,0,10,0.0,0.0,0.0,0.0,0.0,774.0,86.0,0.0,0.0,773.0,86.0,770.0,85.0,764.0,85.0,774.0,86.0,,,,,,,,0.0,0.0,0.0,0.0,0.0,0.0,0.0,0.0,0.0,26,0,0,0,0,0,0,0,0,0,0,0,0,0,0,0,0,12,0.0,0.0,0.0,0.0,0.0,0.0,0.0,0.0,0.0,0,0,0,0
313,Martin,Sherif,Sherif,u,has joined Port Vale on loan for the rest of the season.,,4.4,555,78.0,0.1,442,64.0,0.0,591.0,61.0,0,0,0.0,-1,1.0,0,130,0.0,0.0,0.0,0.0,0.0,675.0,71.0,0.0,0.0,667.0,71.0,663.0,70.0,642.0,70.0,670.0,71.0,,,,,,,,0.0,0.0,0.0,0.0,0.0,0.0,0.0,0.0,0.0,26,0,0,0,0,0,0,0,0,0,0,0,0,0,0,0,0,202,0.0,0.0,0.0,0.0,0.0,0.0,0.0,0.0,0.0,0,0,0,0
419,Jack,Grealish,Grealish,i,Foot injury - Expected back 01 Jun,,6.3,65,43.0,6.1,59,20.0,0.0,802.0,358.0,0,0,0.0,-2,2.0,35,15014,0.0,12.5,0.0,0.0,4.0,75.0,33.0,0.0,0.0,106.0,35.0,20.0,20.0,35.0,20.0,27.0,22.0,,,,,,,,0.11,0.19,0.3,1.43,0.0,0.39,1.27,1.0,7.47,26,0,0,0,0,0,0,0,0,0,0,0,0,0,0,0,57,26214,0.0,0.0,0.0,0.0,0.0,0.0,0.0,0.0,0.0,0,0,0,0
704,Tyler,Onyango,Onyango,u,has joined Stockport County on loan for the rest of the season.,,4.5,437,261.0,0.0,583,218.0,0.0,624.0,225.0,0,0,0.0,0,0.0,0,16,0.0,0.0,0.0,0.0,0.0,701.0,278.0,0.0,0.0,695.0,272.0,693.0,276.0,675.0,269.0,698.0,275.0,,,,,,,,0.0,0.0,0.0,0.0,0.0,0.0,0.0,0.0,0.0,26,0,0,0,0,0,0,0,0,0,0,0,0,0,0,0,0,18,0.0,0.0,0.0,0.0,0.0,0.0,0.0,0.0,0.0,0,0,0,0
705,Elijah,Campbell,Campbell,u,has joined Port Vale on loan for the rest of the season.,,3.9,768,224.0,0.2,404,148.0,0.0,437.0,171.0,0,0,0.0,-1,1.0,0,316,0.0,0.0,0.0,0.0,0.0,556.0,202.0,0.0,0.0,546.0,202.0,536.0,202.0,501.0,194.0,549.0,202.0,,,,,,,,0.0,0.0,0.0,0.0,0.0,0.0,0.0,0.0,0.0,26,0,0,0,0,0,0,0,0,0,0,0,0,0,0,0,0,450,0.0,0.0,0.0,0.0,0.0,0.0,0.0,0.0,0.0,0,0,0,0
707,Tyler,Dibling,Dibling,a,,,5.3,203,126.0,0.0,646,259.0,0.5,335.0,148.0,0,0,0.0,-2,2.0,30,67,0.1,3.2,0.0,0.5,1.3,430.0,195.0,,,404.0,180.0,314.0,178.0,343.0,181.0,387.0,181.0,,,,,,,,0.05,0.04,0.09,1.55,0.0,0.52,0.52,1.03,10.34,26,0,0,0,0,0,0,0,0,0,0,0,0,0,0,0,56,132,0.0,0.0,0.0,0.0,0.0,0.0,0.0,0.0,0.0,0,0,0,0
728,Merlin,Röhl,Röhl,a,,,5.0,274,169.0,0.0,711,297.0,0.0,751.0,322.0,0,0,0.0,0,0.0,19,39,0.0,3.2,-0.5,0.0,1.6,387.0,170.0,100.0,100.0,390.0,172.0,299.0,171.0,342.0,180.0,375.0,176.0,,,,,,,,0.13,0.04,0.17,1.6,0.0,0.51,1.02,0.51,10.96,26,0,0,0,0,0,0,0,0,0,0,0,0,0,0,0,42,60,0.0,0.0,0.0,0.0,0.0,0.0,0.0,0.0,0.0,0,0,0,0
779,Braiden,Graham,Graham,a,,,4.5,505,72.0,0.0,641,82.0,0.0,678.0,71.0,0,0,0.0,0,0.0,374,224,0.0,0.0,-0.5,0.0,0.0,746.0,81.0,,,745.0,81.0,740.0,80.0,726.0,80.0,746.0,81.0,,,,,,,,0.0,0.0,0.0,0.0,0.0,0.0,0.0,0.0,0.0,26,0,0,0,0,0,0,0,0,0,0,0,0,0,0,0,698,310,0.0,0.0,0.0,0.0,0.0,0.0,0.0,0.0,0.0,0,0,0,0
314,Bernd,Leno,Leno,a,,,4.9,287,10.0,1.5,155,20.0,1.2,252.0,21.0,1,0,0.0,-1,1.0,604,1704,0.2,14.7,1.2,0.7,2.8,226.0,22.0,,,28.0,9.0,755.0,89.0,748.0,84.0,199.0,10.0,,,,,,,,0.0,0.0,0.0,1.42,2.58,0.19,1.54,1.0,0.0,26,1,90,0,0,0,3,0,0,0,0,0,2,1,0,4,834,5759,0.0,0.0,0.0,0.0,1.3699999999999974,14.399999999999977,0.0,0.0,1.3999999999999986,0,0,6,0
315,Steven,Benda,Benda,u,has joined Feyenoord on loan for the rest of the season.,,4.0,675,49.0,0.0,749,85.0,0.0,466.0,60.0,0,0,0.0,0,0.0,0,37,0.0,0.0,0.0,0.0,0.0,582.0,68.0,0.0,0.0,572.0,68.0,565.0,56.0,532.0,42.0,575.0,68.0,,,,,,,,0.0,0.0,0.0,0.0,0.0,0.0,0.0,0.0,0.0,26,0,0,0,0,0,0,0,0,0,0,0,0,0,0,0,0,58,0.0,0.0,0.0,0.0,0.0,0.0,0.0,0.0,0.0,0,0,0,0
317,Joachim,Andersen,Andersen,a,,,4.5,414,75.0,4.7,75,23.0,2.8,122.0,43.0,2,-1,1.0,0,0.0,2946,7451,0.6,19.8,2.8,2.3,3.6,104.0,37.0,100.0,100.0,15.0,6.0,221.0,57.0,207.0,51.0,94.0,24.0,,,,,,,,0.05,0.06,0.11,1.37,0.0,0.2,1.51,1.02,10.39,26,2,90,0,0,0,3,0,0,0,1,0,0,1,0,5,4527,37461,0.0,0.0,0.010000000000000009,0.010000000000000231,1.3699999999999974,31.200000000000045,1.3000000000000114,0.0,3.3000000000000114,2,8,2,10
318,Calvin,Bassey,Bassey,a,,,4.4,532,111.0,0.4,284,106.0,0.5,317.0,114.0,1,0,0.0,-1,1.0,729,475,0.1,13.0,0.5,0.0,3.2,154.0,59.0,100.0,100.0,116.0,50.0,288.0,94.0,289.0,86.0,229.0,75.0,,,,,,,,0.06,0.01,0.07,1.38,0.0,0.19,1.8,0.99,7.93,26,1,90,0,0,0,3,0,0,0,0,0,0,1,0,3,1051,1093,0.0,0.029999999999999916,0.0,0.030000000000000027,1.3699999999999974,16.19999999999999,0.7000000000000028,5.0,2.200000000000003,1,5,5,6
319,Timothy,Castagne,Castagne,a,,,4.3,579,127.0,0.1,462,169.0,1.8,200.0,72.0,0,0,0.0,-2,2.0,128,163,0.4,6.5,1.8,1.3,1.4,419.0,151.0,,,229.0,89.0,201.0,50.0,250.0,71.0,249.0,83.0,,,,,,,,0.08,0.04,0.12,1.74,0.0,0.0,1.85,0.97,7.82,26,0,0,0,0,0,0,0,0,0,0,0,0,0,0,0,242,400,0.0,0.0,0.0,0.0,0.0,0.0,0.0,0.0,0.0,0,0,0,0
320,Issa,Diop,Diop,a,,,4.3,581,129.0,0.1,530,189.0,0.0,541.0,232.0,0,0,0.0,-2,2.0,73,97,0.0,2.3,0.0,-0.5,1.2,434.0,155.0,,,377.0,144.0,440.0,160.0,404.0,151.0,416.0,149.0,,,,,,,,0.0,0.01,0.01,1.79,0.0,0.0,1.97,0.87,7.65,26,0,0,0,0,0,0,0,0,0,0,0,0,0,0,0,113,147,0.0,0.0,0.0,0.0,0.0,0.0,0.0,0.0,0.0,0,0,0,0
327,Andreas,Hoelgebaum Pereira,Andreas,u,has joined Palmeiras permanently.,,5.3,188,115.0,0.1,564,208.0,0.0,768.0,333.0,0,0,0.0,-2,2.0,0,11,0.0,0.0,0.0,0.0,0.0,794.0,350.0,0.0,0.0,794.0,350.0,793.0,350.0,790.0,349.0,794.0,350.0,,,,,,,,0.0,0.0,0.0,0.0,0.0,0.0,0.0,0.0,0.0,26,0,0,0,0,0,0,0,0,0,0,0,0,0,0,0,0,14,0.0,0.0,0.0,0.0,0.0,0.0,0.0,0.0,0.0,0,0,0,0
336,Harrison,Reed,Reed,a,,,4.3,578,343.0,0.4,280,97.0,0.2,358.0,155.0,1,0,0.0,-2,2.0,1918,901,0.0,2.8,0.2,-0.3,2.4,280.0,121.0,,,416.0,184.0,427.0,208.0,414.0,201.0,439.0,197.0,,,,,,,,0.16,0.94,1.1,1.6,0.0,0.0,3.91,0.0,7.83,26,1,9,0,0,0,0,0,0,0,0,0,0,0,0,3,4122,1728,0.0,0.0,0.0,0.0,0.0,1.0,0.29999999999999893,0.0,0.10000000000000053,0,0,1,1
337,Raúl,Jiménez Rodríguez,Raúl,a,,,6.1,79,25.0,1.8,144,23.0,3.5,84.0,11.0,1,-1,1.0,-4,4.0,6630,6512,0.6,13.6,3.5,3.0,3.3,148.0,13.0,100.0,100.0,122.0,10.0,105.0,4.0,15.0,10.0,37.0,8.0,,1.0,1.0,,,,,0.45,0.04,0.49,1.43,0.0,0.32,1.26,1.11,5.32,26,1,59,0,0,0,3,0,0,0,0,0,0,1,0,2,9638,18437,0.0,0.5600000000000005,0.0,0.5600000000000005,1.370000000000001,1.8000000000000114,0.4000000000000341,25.0,2.700000000000003,1,1,1,3
338,Rodrigo,Muniz Carvalho,Muniz,a,,,5.3,195,46.0,0.7,218,34.0,0.5,334.0,45.0,1,0,0.0,-2,2.0,826,328,0.1,3.6,0.5,0.0,2.1,317.0,35.0,100.0,100.0,385.0,41.0,326.0,36.0,180.0,40.0,342.0,40.0,,,,,,,,0.25,0.0,0.25,1.36,0.0,0.23,1.37,0.92,4.81,26,1,30,0,0,0,0,0,0,0,0,0,0,0,0,3,1305,459,0.0,0.040000000000000036,0.0,0.040000000000000036,0.0,2.200000000000003,10.299999999999997,4.0,1.6999999999999993,1,0,1,2
424,Oscar,Bobb,Bobb,a,,,5.1,237,145.0,0.2,373,126.0,0.5,331.0,146.0,1,0,0.0,-4,4.0,635,212,0.1,3.9,0.5,0.0,1.8,366.0,161.0,100.0,100.0,374.0,167.0,178.0,121.0,236.0,131.0,301.0,149.0,,,,,,,,0.09,0.21,0.3,0.94,0.0,0.37,1.1,0.92,6.81,26,1,18,0,0,0,0,0,0,0,0,0,0,0,0,5,910,347,0.0,0.06999999999999995,0.0,0.07000000000000006,0.0,4.200000000000003,11.699999999999989,10.0,2.599999999999998,1,2,4,7
727,Samuel,Chukwueze,Chukwueze,a,,,5.3,193,120.0,0.1,470,163.0,3.0,116.0,55.0,1,0,0.0,-2,2.0,689,565,0.6,8.9,3.0,2.5,3.6,111.0,50.0,100.0,100.0,223.0,98.0,130.0,90.0,134.0,77.0,174.0,95.0,,,,,,,,0.22,0.36,0.58,1.55,0.0,0.14,2.13,0.85,7.23,26,1,59,0,0,0,3,0,0,0,0,0,0,1,0,4,1176,1065,0.0,0.040000000000000036,0.10999999999999988,0.15000000000000036,1.370000000000001,3.1999999999999886,27.30000000000001,3.0,3.3999999999999986,1,0,1,2
731,Kevin,Santos Lopes de Macedo,Kevin,a,,,5.8,112,71.0,0.1,537,196.0,2.2,177.0,79.0,1,0,0.0,-2,2.0,376,308,0.4,7.2,2.2,1.7,1.9,351.0,155.0,100.0,100.0,251.0,106.0,119.0,83.0,113.0,66.0,175.0,96.0,4.0,,,,,,,0.11,0.15,0.26,1.37,0.0,0.42,1.58,0.74,7.17,26,1,30,0,0,0,0,0,0,0,0,0,0,0,0,4,516,552,0.0,0.030000000000000027,0.06999999999999984,0.10000000000000009,0.0,6.0,25.400000000000006,5.0,3.5999999999999943,1,0,0,1
343,Pascal,Struijk,Struijk,d,Hip injury - 50% chance of playing,,4.3,582,130.0,0.4,267,99.0,2.5,150.0,52.0,0,0,0.0,-2,2.0,46,5169,0.6,17.2,1.2,0.0,3.2,152.0,57.0,50.0,0.0,51.0,23.0,229.0,61.0,106.0,16.0,109.0,34.0,,,3.0,,,,,0.11,0.02,0.13,1.37,0.0,0.18,1.68,1.0,9.73,26,0,0,0,0,0,0,0,0,0,0,0,0,0,0,0,120,10028,0.0,0.0,0.0,0.0,0.0,0.0,0.0,0.0,0.0,0,0,0,0
274,Asher,Agbinone,Agbinone,a,,,4.3,612,358.0,0.1,496,175.0,0.0,561.0,188.0,0,0,0.0,-2,2.0,921,275,0.0,0.0,0.5,0.5,0.0,653.0,249.0,,,643.0,239.0,640.0,245.0,615.0,233.0,646.0,242.0,,,,,,,,0.0,0.0,0.0,0.0,0.0,0.0,0.0,0.0,0.0,26,0,0,0,0,0,0,0,0,0,0,0,0,0,0,0,2071,444,0.0,0.0,0.0,0.0,0.0,0.0,0.0,0.0,0.0,0,0,0,0
348,Joe,Rodon,Rodon,a,,,3.9,750,215.0,3.8,88,30.0,3.2,88.0,31.0,3,0,0.0,-1,1.0,9493,3934,0.8,19.7,3.2,2.7,3.2,151.0,56.0,100.0,100.0,48.0,22.0,305.0,101.0,150.0,30.0,126.0,41.0,,,,,,,,0.04,0.01,0.05,1.48,0.0,0.13,1.84,1.03,8.53,26,3,90,0,0,0,2,0,0,0,0,0,0,1,0,12,18104,9330,0.0,0.0,0.0,0.0,3.1299999999999955,23.80000000000001,0.5,0.0,2.3999999999999915,1,11,2,12
349,Isaac,Schmidt,Schmidt,u,has joined Werder Bremen on loan for the rest of the season.,,4.0,692,177.0,0.1,552,198.0,0.0,480.0,191.0,0,0,0.0,0,0.0,0,17,0.0,0.0,0.0,0.0,0.0,596.0,220.0,0.0,0.0,586.0,220.0,579.0,220.0,546.0,214.0,589.0,220.0,,,,,,,,0.0,0.0,0.0,0.0,0.0,0.0,0.0,0.0,0.0,26,0,0,0,0,0,0,0,0,0,0,0,0,0,0,0,0,30,0.0,0.0,0.0,0.0,0.0,0.0,0.0,0.0,0.0,0,0,0,0
350,Brenden,Aaronson,Aaronson,a,,,5.4,172,106.0,0.7,214,73.0,2.8,135.0,63.0,2,0,0.0,-1,1.0,2149,5336,0.5,18.1,2.8,2.3,3.9,83.0,39.0,,,109.0,36.0,64.0,51.0,43.0,26.0,47.0,34.0,,,,,,,,0.18,0.15,0.33,1.36,0.0,0.33,1.36,1.03,8.28,26,2,90,0,0,0,2,0,0,0,0,0,0,1,0,7,3904,12401,0.0,0.03000000000000025,0.010000000000000231,0.040000000000000036,3.129999999999999,0.5999999999999659,2.5,4.0,0.6999999999999886,1,0,3,4
352,Jack,Harrison,Harrison,u,has joined ACF Fiorentina on loan for the rest of the season.,,5.1,228,141.0,0.0,588,221.0,0.0,760.0,329.0,0,0,0.0,-4,4.0,0,75,0.0,2.4,0.0,0.0,1.1,443.0,199.0,0.0,0.0,425.0,187.0,336.0,182.0,339.0,178.0,399.0,184.0,4.0,,,,,,,0.1,0.08,0.18,1.31,0.0,0.0,1.72,0.34,8.24,26,0,0,0,0,0,0,0,0,0,0,0,0,0,0,0,0,112,0.0,0.0,0.0,0.0,0.0,0.0,0.0,0.0,0.0,0,0,0,0
353,Daniel,James,James,d,Back injury - 75% chance of playing,,5.2,208,129.0,0.1,480,167.0,0.5,332.0,147.0,1,0,0.0,-3,3.0,98,68,0.1,2.9,0.4,0.0,1.2,439.0,197.0,75.0,100.0,414.0,183.0,248.0,154.0,243.0,132.0,348.0,166.0,,,,,,,,0.17,0.14,0.31,2.55,0.0,0.24,3.18,0.98,4.89,26,1,8,0,0,0,0,0,0,0,0,0,0,0,0,3,168,82,0.0,0.0,0.0,0.0,1.3599999999999994,2.0,0.7999999999999972,0.0,0.29999999999999716,0,1,0,1
354,Ethan,Ampadu,Ampadu,a,,,4.9,299,187.0,0.2,403,134.0,2.5,153.0,70.0,2,0,0.0,-1,1.0,635,564,0.5,15.9,2.5,2.0,3.4,129.0,56.0,100.0,100.0,97.0,31.0,124.0,86.0,258.0,139.0,141.0,77.0,,,,,,,,0.07,0.06,0.13,1.43,0.0,0.18,1.68,1.02,11.61,26,2,90,0,0,0,2,0,0,0,0,0,0,1,0,11,1129,1355,0.0,0.0,0.010000000000000009,0.009999999999999787,3.129999999999999,9.599999999999966,3.6999999999999886,0.0,1.2999999999999972,0,4,2,6
355,Sam,Greenwood,Greenwood,u,has joined Pogon Szczecin permanently.,,4.9,320,199.0,0.0,633,249.0,0.0,720.0,299.0,0,0,0.0,-1,1.0,0,3,0.0,0.0,0.0,0.0,0.0,766.0,329.0,0.0,0.0,765.0,328.0,762.0,329.0,756.0,327.0,766.0,329.0,,,,,,,,0.0,0.0,0.0,0.0,0.0,0.0,0.0,0.0,0.0,26,0,0,0,0,0,0,0,0,0,0,0,0,0,0,0,0,8,0.0,0.0,0.0,0.0,0.0,0.0,0.0,0.0,0.0,0,0,0,0
356,Ilia,Gruev,Gruev,a,,,4.7,391,244.0,0.1,439,149.0,4.0,57.0,28.0,2,0,0.0,-3,3.0,1433,591,0.9,10.0,4.0,3.5,2.8,224.0,90.0,,,268.0,115.0,186.0,124.0,305.0,161.0,279.0,138.0,,,,,,,,0.03,0.07,0.1,1.83,0.0,0.35,1.85,1.06,8.21,26,2,90,0,0,0,2,0,0,0,0,0,0,1,0,15,3767,859,0.0,0.0,0.030000000000000027,0.030000000000000027,3.129999999999999,13.0,16.30000000000001,6.0,3.5,3,3,1,7
357,Largie,Ramazani,Ramazani,u,has joined Valencia on loan for the rest of the season.,,4.9,323,201.0,0.0,705,295.0,0.0,723.0,301.0,0,0,0.0,-1,1.0,0,3,0.0,0.0,0.0,0.0,0.0,768.0,331.0,0.0,0.0,767.0,330.0,764.0,331.0,758.0,329.0,768.0,331.0,,,,,,,,0.0,0.0,0.0,0.0,0.0,0.0,0.0,0.0,0.0,26,0,0,0,0,0,0,0,0,0,0,0,0,0,0,0,0,4,0.0,0.0,0.0,0.0,0.0,0.0,0.0,0.0,0.0,0,0,0,0
361,Darko,Gyabi,Gyabi,u,has joined Hull City permanently.,,4.5,440,264.0,0.0,665,270.0,0.0,627.0,228.0,0,0,0.0,0,0.0,0,15,0.0,0.0,0.0,0.0,0.0,704.0,281.0,0.0,0.0,698.0,275.0,696.0,279.0,678.0,272.0,701.0,278.0,,,,,,,,0.0,0.0,0.0,0.0,0.0,0.0,0.0,0.0,0.0,26,0,0,0,0,0,0,0,0,0,0,0,0,0,0,0,0,21,0.0,0.0,0.0,0.0,0.0,0.0,0.0,0.0,0.0,0,0,0,0
362,Joël,Piroe,Piroe,a,,,4.9,319,58.0,0.3,296,46.0,0.2,369.0,49.0,0,0,0.0,-6,6.0,229,370,0.0,2.4,0.2,-0.3,1.1,441.0,55.0,100.0,100.0,459.0,55.0,385.0,50.0,247.0,45.0,398.0,48.0,,,2.0,,,,,0.28,0.03,0.31,2.32,0.0,0.44,3.06,0.87,4.37,26,0,0,0,0,0,0,0,0,0,0,0,0,0,0,0,501,574,0.0,0.0,0.0,0.0,0.0,0.0,0.0,0.0,0.0,0,0,0,0
363,Patrick,Bamford,Bamford,u,has departed the club as a free agent.,,4.9,288,57.0,0.3,303,48.0,0.0,708.0,75.0,0,0,0.0,-1,1.0,0,94,0.0,0.0,0.0,0.0,0.0,760.0,84.0,0.0,0.0,759.0,84.0,756.0,83.0,749.0,83.0,760.0,84.0,,,,,,,,0.0,0.0,0.0,0.0,0.0,0.0,0.0,0.0,0.0,26,0,0,0,0,0,0,0,0,0,0,0,0,0,0,0,0,135,0.0,0.0,0.0,0.0,0.0,0.0,0.0,0.0,0.0,0,0,0,0
364,Mateo,Joseph Fernández-Regatillo,Mateo Joseph,u,Has joined RCD Mallorca on loan for the rest of the season.,,5.0,277,56.0,0.0,737,90.0,0.0,752.0,80.0,0,0,0.0,0,0.0,0,0,0.0,0.0,0.0,0.0,0.0,787.0,87.0,0.0,0.0,786.0,87.0,785.0,87.0,781.0,87.0,787.0,87.0,,,,,,,,0.0,0.0,0.0,0.0,0.0,0.0,0.0,0.0,0.0,26,0,0,0,0,0,0,0,0,0,0,0,0,0,0,0,0,1,0.0,0.0,0.0,0.0,0.0,0.0,0.0,0.0,0.0,0,0,0,0
365,Lukas,Nmecha,Nmecha,a,,,5.0,246,53.0,0.6,249,40.0,2.8,129.0,16.0,11,0,0.0,0,0.0,7745,975,0.6,12.0,2.8,2.3,3.0,190.0,18.0,100.0,100.0,208.0,17.0,318.0,33.0,64.0,24.0,184.0,22.0,,,1.0,,,,,0.75,0.11,0.86,1.87,0.0,0.26,2.11,0.92,4.61,26,11,81,1,1,0,2,0,0,0,0,0,0,1,2,33,8436,1479,0.0,0.79,0.4600000000000001,1.25,1.7699999999999996,50.20000000000002,13.899999999999999,21.0,8.5,1,1,1,3
493,Sean,Longstaff,Longstaff,a,,,4.8,354,222.0,0.2,350,118.0,0.8,290.0,124.0,0,0,0.0,-2,2.0,161,277,0.2,9.0,0.8,0.3,2.7,241.0,97.0,100.0,100.0,214.0,94.0,61.0,48.0,279.0,151.0,167.0,91.0,1.0,2.0,,,,,,0.08,0.12,0.2,1.3,0.0,0.1,1.73,0.96,9.62,26,0,1,0,0,0,0,0,0,0,1,0,0,0,0,228,301,501,0.0,0.0,0.0,0.0,0.0,0.0,0.0,0.0,0.0,0,0,0,0
660,Anton,Stach,Stach,d,Hip injury - 50% chance of playing,,4.7,390,243.0,1.8,140,45.0,2.5,152.0,69.0,0,-1,1.0,-3,3.0,1097,11396,0.5,20.6,1.2,0.0,4.6,25.0,13.0,50.0,0.0,65.0,19.0,8.0,8.0,94.0,57.0,24.0,20.0,3.0,1.0,,,,,,0.11,0.17,0.28,1.34,0.0,0.16,1.7,1.06,10.1,26,0,0,0,0,0,0,0,0,0,0,0,0,0,0,0,1470,32535,0.0,0.0,0.0,0.0,0.0,0.0,0.0,0.0,0.0,0,0,0,0
665,Lucas Estella,Perri,Perri,a,,,4.5,416,22.0,0.3,341,47.0,0.0,609.0,89.0,0,0,0.0,0,0.0,259,531,0.0,9.6,0.0,-0.5,2.7,240.0,23.0,100.0,100.0,148.0,19.0,679.0,85.0,659.0,74.0,310.0,19.0,,,,,,,,0.0,0.0,0.0,1.67,2.38,0.19,1.81,1.0,0.0,26,0,0,0,0,0,0,0,0,0,0,0,0,0,0,0,807,921,0.0,0.0,0.0,0.0,0.0,0.0,0.0,0.0,0.0,0,0,0,0
691,Dominic,Calvert-Lewin,Calvert-Lewin,a,,,5.9,93,29.0,10.9,34,6.0,2.8,137.0,17.0,0,0,0.0,4,-4.0,22885,67313,0.5,17.3,2.8,2.3,4.4,37.0,6.0,100.0,100.0,91.0,7.0,142.0,8.0,9.0,6.0,32.0,7.0,,,,,,,,0.49,0.05,0.54,1.1,0.0,0.22,1.35,0.97,2.87,26,0,0,0,0,0,0,0,0,0,0,0,0,0,0,0,51191,122491,0.0,0.0,0.0,0.0,0.0,0.0,0.0,0.0,0.0,0,0,0,0
698,Noah,Okafor,Okafor,d,Muscle injury - 75% chance of playing,,5.5,145,90.0,0.1,443,151.0,3.8,72.0,36.0,6,0,0.0,0,0.0,1644,440,0.7,12.2,2.8,3.3,2.9,209.0,86.0,75.0,100.0,204.0,87.0,143.0,99.0,60.0,36.0,120.0,67.0,,,,,,,,0.3,0.07,0.37,1.59,0.0,0.28,1.71,1.07,6.18,26,6,35,1,0,0,1,0,0,0,0,0,0,0,0,21,2145,770,0.0,0.6100000000000003,0.0,0.6099999999999994,2.5299999999999976,34.19999999999999,0.30000000000001137,19.0,5.400000000000006,0,0,0,0
706,James,Justin,Justin,a,,,3.9,752,216.0,1.0,189,72.0,4.0,48.0,13.0,0,0,0.0,-1,1.0,8272,2982,1.0,11.0,4.0,3.5,2.5,262.0,101.0,,,244.0,97.0,230.0,62.0,216.0,55.0,256.0,87.0,,,,,,,,0.1,0.08,0.18,1.8,0.0,0.22,1.62,0.97,8.2,26,0,90,0,0,0,2,0,0,0,1,0,0,1,0,3,23842,4421,0.0,0.010000000000000009,0.010000000000000009,0.020000000000000018,3.129999999999999,19.80000000000001,1.8000000000000114,2.0,2.4000000000000057,3,6,3,9
366,Alisson,Becker,A.Becker,a,,,5.4,158,4.0,5.8,64,10.0,2.8,133.0,10.0,7,0,0.0,-1,1.0,7307,3650,0.5,13.9,3.3,3.3,3.6,112.0,13.0,100.0,100.0,114.0,18.0,486.0,16.0,791.0,92.0,285.0,18.0,,,,,,,,0.0,0.0,0.0,1.11,2.1,0.33,1.19,1.0,0.0,26,7,90,0,0,1,0,0,0,0,0,0,2,1,1,28,8995,9035,0.0,0.0,0.0,0.0,0.6300000000000026,15.200000000000045,0.0,0.0,1.5,0,2,12,0
367,Giorgi,Mamardashvili,Mamardashvili,a,,,4.1,654,38.0,0.5,252,33.0,0.0,520.0,79.0,0,0,0.0,-4,4.0,407,659,0.0,4.6,0.5,0.5,3.8,85.0,8.0,,,299.0,23.0,615.0,75.0,585.0,61.0,386.0,23.0,,,,,,,,0.0,0.0,0.0,1.42,3.4,0.2,2.0,1.0,0.0,26,0,0,0,0,0,0,0,0,0,0,0,0,0,0,0,608,1012,0.0,0.0,0.0,0.0,0.0,0.0,0.0,0.0,0.0,0,0,0,0
368,Ármin,Pécsi,Pécsi,a,,,3.8,810,94.0,0.8,210,26.0,0.0,409.0,25.0,0,0,0.0,-2,2.0,7774,1706,0.0,0.0,0.5,0.5,0.0,530.0,34.0,,,520.0,34.0,509.0,18.0,474.0,4.0,523.0,34.0,,,,,,,,0.0,0.0,0.0,0.0,0.0,0.0,0.0,0.0,0.0,26,0,0,0,0,0,0,0,0,0,0,0,0,0,0,0,14804,2548,0.0,0.0,0.0,0.0,0.0,0.0,0.0,0.0,0.0,0,0,0,0
370,Jeremie,Frimpong,Frimpong,i,Groin Injury - Unknown return date,,5.7,117,11.0,4.7,72,22.0,0.0,789.0,264.0,0,0,0.0,-3,3.0,72,9392,0.0,6.0,0.0,0.0,3.1,177.0,69.0,0.0,0.0,357.0,134.0,195.0,48.0,228.0,60.0,302.0,101.0,,,,,,,,0.07,0.17,0.24,1.0,0.0,0.33,1.17,1.0,2.68,26,0,0,0,0,0,0,0,0,0,0,0,0,0,0,0,83,21009,0.0,0.0,0.0,0.0,0.0,0.0,0.0,0.0,0.0,0,0,0,0
374,Ibrahima,Konaté,Konaté,a,,,5.4,165,18.0,3.1,105,41.0,4.5,36.0,9.0,6,0,0.0,-1,1.0,15740,3350,0.8,18.3,5.0,5.0,4.0,70.0,28.0,100.0,100.0,29.0,11.0,212.0,54.0,237.0,62.0,117.0,37.0,,,,,,,,0.04,0.04,0.08,1.07,0.0,0.34,1.22,1.05,9.1,26,6,90,0,0,1,0,0,0,0,0,0,0,1,0,26,19415,7651,0.0,0.020000000000000018,0.020000000000000018,0.039999999999999813,0.6300000000000026,19.199999999999932,12.099999999999994,1.0,3.1999999999999886,2,6,1,8
375,Conor,Bradley,Bradley,i,Knee injury - Expected back 01 Jun,,4.9,338,55.0,0.2,409,149.0,0.0,732.0,255.0,0,0,0.0,-1,1.0,14,272,0.0,8.6,0.0,0.0,2.8,228.0,92.0,0.0,0.0,287.0,112.0,236.0,65.0,287.0,85.0,309.0,104.0,,,,,,,,0.02,0.08,0.1,1.04,0.0,0.39,1.26,1.16,6.3,26,0,0,0,0,0,0,0,0,0,0,0,0,0,0,0,20,414,0.0,0.0,0.0,0.0,0.0,0.0,0.0,0.0,0.0,0,0,0,0
376,Joe,Gomez,Gomez,a,,,4.9,296,45.0,0.1,427,158.0,0.2,368.0,136.0,1,0,0.0,-1,1.0,249,104,0.0,5.3,0.7,0.5,2.2,305.0,113.0,100.0,75.0,364.0,138.0,319.0,107.0,368.0,127.0,377.0,133.0,,,,,,,,0.05,0.16,0.21,1.19,0.0,0.6,2.1,1.2,6.9,26,1,21,0,0,0,0,0,0,0,0,0,0,0,0,3,259,198,0.0,0.0,0.0,0.0,0.20000000000000018,4.200000000000003,0.8999999999999986,0.0,0.5,1,1,0,2
377,Konstantinos,Tsimikas,Tsimikas,u,has joined AS Roma on loan for the rest of the season.,,4.8,357,58.0,0.0,590,211.0,0.0,700.0,251.0,0,0,0.0,-2,2.0,0,10,0.0,0.0,0.0,0.0,0.0,757.0,260.0,0.0,0.0,756.0,260.0,752.0,260.0,743.0,260.0,757.0,260.0,,,,,,,,0.0,0.0,0.0,0.0,0.0,0.0,0.0,0.0,0.0,26,0,0,0,0,0,0,0,0,0,0,0,0,0,0,0,0,16,0.0,0.0,0.0,0.0,0.0,0.0,0.0,0.0,0.0,0,0,0,0
380,Calvin,Ramsay,Ramsay,a,,,3.8,796,245.0,0.2,349,125.0,0.0,398.0,153.0,0,0,0.0,-2,2.0,159,206,0.0,0.0,0.5,0.5,0.0,521.0,188.0,,,511.0,188.0,498.0,186.0,462.0,177.0,514.0,188.0,,,,,,,,0.0,0.0,0.0,0.0,0.0,0.0,0.0,0.0,0.0,26,0,0,0,0,0,0,0,0,0,0,0,0,0,0,0,279,329,0.0,0.0,0.0,0.0,0.0,0.0,0.0,0.0,0.0,0,0,0,0
381,Mohamed,Salah,M.Salah,a,,,14.0,2,1.0,14.2,25,9.0,4.5,40.0,24.0,6,0,0.0,-5,5.0,5930,5951,0.3,5.9,5.0,5.0,4.6,31.0,17.0,100.0,100.0,126.0,42.0,14.0,14.0,16.0,6.0,16.0,12.0,,4.0,1.0,,,,,0.36,0.22,0.58,1.34,0.0,0.29,1.58,0.94,3.75,26,6,90,0,1,1,0,0,0,0,0,0,0,1,0,21,6606,11337,0.0,0.41999999999999993,0.25,0.6699999999999999,0.629999999999999,19.399999999999977,19.600000000000023,35.0,7.400000000000006,1,1,6,8
382,Florian,Wirtz,Wirtz,a,,,8.4,12,7.0,13.7,27,10.0,4.8,32.0,20.0,3,0,0.0,-1,1.0,34251,32983,0.6,11.9,5.3,5.3,4.0,79.0,37.0,100.0,100.0,89.0,29.0,6.0,6.0,21.0,9.0,10.0,8.0,4.0,,,,,,,0.27,0.2,0.47,1.16,0.0,0.39,1.12,1.02,6.47,26,3,90,0,0,1,0,0,0,0,0,0,0,1,0,13,47572,76451,0.0,0.6200000000000001,0.09999999999999964,0.7200000000000006,0.629999999999999,13.600000000000023,30.200000000000045,46.0,9.0,1,0,6,7
383,Luis,Díaz Marulanda,Luis Díaz,u,Has joined Bayern Munch permanently.,,8.0,16,11.0,0.0,604,231.0,0.0,815.0,366.0,0,0,0.0,0,0.0,0,8,0.0,0.0,0.0,0.0,0.0,816.0,366.0,0.0,0.0,816.0,366.0,816.0,366.0,816.0,366.0,816.0,366.0,,,,,,,,0.0,0.0,0.0,0.0,0.0,0.0,0.0,0.0,0.0,26,0,0,0,0,0,0,0,0,0,0,0,0,0,0,0,0,11,0.0,0.0,0.0,0.0,0.0,0.0,0.0,0.0,0.0,0,0,0,0
384,Cody,Gakpo,Gakpo,a,,,7.3,27,17.0,5.3,68,24.0,2.8,141.0,65.0,3,0,0.0,-2,2.0,4424,6430,0.4,12.2,3.3,3.3,3.7,102.0,47.0,100.0,100.0,115.0,39.0,19.0,19.0,19.0,8.0,20.0,16.0,3.0,,3.0,,,,,0.27,0.21,0.48,0.98,0.0,0.31,1.29,1.03,5.17,26,3,74,0,0,1,0,0,0,0,0,0,0,1,0,12,6917,14825,0.0,0.1299999999999999,0.29000000000000004,0.41999999999999993,0.5300000000000011,10.199999999999989,38.799999999999955,20.0,6.899999999999977,1,0,3,4
385,Federico,Chiesa,Chiesa,a,,,6.3,69,46.0,0.3,327,110.0,0.8,306.0,134.0,1,0,0.0,-2,2.0,199,268,0.1,4.9,1.3,1.3,1.6,396.0,176.0,100.0,100.0,323.0,146.0,360.0,188.0,202.0,111.0,329.0,157.0,,,,,,,,0.44,0.19,0.63,1.79,0.0,0.0,2.26,0.38,9.79,26,1,2,0,0,0,0,0,0,0,0,0,0,0,0,1,281,412,0.0,0.0,0.0,0.0,0.04999999999999982,0.0,0.29999999999999716,2.0,0.20000000000000284,0,1,0,1
386,Alexis,Mac Allister,Mac Allister,a,,,6.2,72,48.0,1.2,175,58.0,1.8,220.0,92.0,3,0,0.0,-3,3.0,2236,1759,0.3,8.4,2.3,2.3,2.1,320.0,140.0,100.0,100.0,202.0,85.0,58.0,47.0,121.0,71.0,115.0,64.0,,,4.0,,,,,0.11,0.06,0.17,1.11,0.0,0.31,1.25,1.1,7.35,26,3,90,0,0,1,0,0,0,0,0,0,0,1,0,23,3605,2871,0.0,0.020000000000000018,0.039999999999999813,0.05999999999999961,0.629999999999999,19.80000000000001,26.5,2.0,4.799999999999997,5,2,3,10
387,Dominik,Szoboszlai,Szoboszlai,a,,,6.7,49,31.0,5.6,65,23.0,6.5,10.0,6.0,0,0,0.0,2,-2.0,68095,19089,1.0,14.5,7.0,0.0,4.0,76.0,34.0,100.0,0.0,39.0,9.0,3.0,3.0,75.0,45.0,12.0,10.0,2.0,2.0,,,,,,0.15,0.16,0.31,1.19,0.0,0.29,1.42,1.0,9.28,26,0,0,0,0,0,0,0,0,0,0,0,0,0,0,0,69061,81628,0.0,0.0,0.0,0.0,0.0,0.0,0.0,0.0,0.0,0,0,0,0
388,Curtis,Jones,C.Jones,a,,,5.4,167,102.0,0.1,455,157.0,1.0,272.0,116.0,1,0,0.0,-1,1.0,220,332,0.2,8.0,1.5,1.5,1.9,349.0,153.0,100.0,100.0,234.0,102.0,82.0,61.0,217.0,119.0,171.0,94.0,,,,,,,,0.09,0.18,0.27,1.45,0.0,0.16,1.71,0.81,9.92,26,1,15,0,0,0,0,0,0,0,0,0,0,0,0,7,361,598,0.0,0.030000000000000027,0.07000000000000028,0.09999999999999964,0.10000000000000142,4.599999999999994,12.5,6.0,2.299999999999997,1,0,0,1
390,Ryan,Gravenberch,Gravenberch,a,,,5.5,147,91.0,4.7,74,26.0,3.8,73.0,37.0,5,0,0.0,0,0.0,16768,11974,0.7,20.2,4.3,4.3,4.6,27.0,14.0,100.0,100.0,49.0,12.0,50.0,44.0,184.0,102.0,57.0,38.0,,,,,,,,0.06,0.07,0.13,1.07,0.0,0.34,1.23,1.02,9.77,26,5,90,0,0,1,0,0,0,0,0,0,0,1,0,15,23659,28151,0.0,0.020000000000000018,0.08000000000000007,0.10000000000000009,0.6300000000000026,22.0,15.5,4.0,4.200000000000003,1,8,3,12
392,Endo,Wataru,Endo,i,Foot injury - Unknown return date,,4.9,293,183.0,0.1,502,180.0,1.2,254.0,110.0,3,0,0.0,-1,1.0,49,138,0.2,2.4,0.0,1.7,1.5,409.0,181.0,0.0,100.0,396.0,175.0,392.0,197.0,419.0,205.0,419.0,191.0,,,,,,,,0.02,0.03,0.05,2.18,0.0,0.53,2.65,0.53,12.18,26,3,68,0,0,1,0,0,0,0,0,0,0,1,0,14,89,157,0.0,0.04,0.010000000000000002,0.049999999999999996,0.4200000000000004,14.200000000000003,1.8000000000000007,6.0,2.2,2,6,3,11
393,Stefan,Bajčetić Maquieira,Bajcetic,i,Hamstring injury - Unknown return date,,4.3,604,352.0,0.0,632,248.0,0.0,554.0,182.0,0,0,0.0,-2,2.0,24,29,0.0,0.0,0.0,0.0,0.0,648.0,244.0,0.0,0.0,638.0,234.0,635.0,240.0,610.0,228.0,641.0,237.0,,,,,,,,0.0,0.0,0.0,0.0,0.0,0.0,0.0,0.0,0.0,26,0,0,0,0,0,0,0,0,0,0,0,0,0,0,0,72,55,0.0,0.0,0.0,0.0,0.0,0.0,0.0,0.0,0.0,0,0,0,0
394,James,McConnell,McConnell,u,has joined Ajax on loan for the rest of the season.,,4.4,546,326.0,0.0,677,275.0,0.0,583.0,200.0,0,0,0.0,-1,1.0,0,3,0.0,0.0,0.0,0.0,0.0,669.0,258.0,0.0,0.0,660.0,249.0,657.0,255.0,634.0,244.0,663.0,252.0,,,,,,,,0.0,0.0,0.0,0.0,0.0,0.0,0.0,0.0,0.0,26,0,0,0,0,0,0,0,0,0,0,0,0,0,0,0,0,5,0.0,0.0,0.0,0.0,0.0,0.0,0.0,0.0,0.0,0,0,0,0
395,Tyler,Morton,Morton,u,Has joined Lyon permanently.,,4.5,430,257.0,0.0,801,355.0,0.0,619.0,221.0,0,0,0.0,0,0.0,0,0,0.0,0.0,0.0,0.0,0.0,696.0,274.0,0.0,0.0,690.0,268.0,687.0,272.0,669.0,265.0,693.0,271.0,,,,,,,,0.0,0.0,0.0,0.0,0.0,0.0,0.0,0.0,0.0,26,0,0,0,0,0,0,0,0,0,0,0,0,0,0,0,0,0,0.0,0.0,0.0,0.0,0.0,0.0,0.0,0.0,0.0,0,0,0,0
396,Trey,Nyoni,Nyoni,a,,,4.3,613,359.0,0.3,305,106.0,0.0,562.0,189.0,0,0,0.0,-2,2.0,176,389,0.0,0.5,0.5,0.5,1.0,462.0,202.0,,,480.0,221.0,415.0,206.0,616.0,234.0,475.0,219.0,,,,,,,,0.0,0.0,0.0,0.0,0.0,0.0,0.0,0.0,0.0,26,0,0,0,0,0,0,0,0,0,0,0,0,0,0,0,391,644,0.0,0.0,0.0,0.0,0.0,0.0,0.0,0.0,0.0,0,0,0,0
397,Darwin,Núñez Ribeiro,Darwin,u,Has joined Al-Hilal permanently.,,6.5,51,18.0,0.1,554,78.0,0.0,807.0,88.0,0,0,0.0,0,0.0,0,5,0.0,0.0,0.0,0.0,0.0,812.0,90.0,0.0,0.0,812.0,90.0,812.0,90.0,812.0,90.0,812.0,90.0,,,,,,,,0.0,0.0,0.0,0.0,0.0,0.0,0.0,0.0,0.0,26,0,0,0,0,0,0,0,0,0,0,0,0,0,0,0,0,9,0.0,0.0,0.0,0.0,0.0,0.0,0.0,0.0,0.0,0,0,0,0
398,Jayden,Danns,Danns,i,Hamstring injury - Unknown return date,,4.3,600,84.0,0.1,474,68.0,0.0,551.0,55.0,0,0,0.0,-2,2.0,36,59,0.0,0.0,0.0,0.0,0.0,646.0,66.0,0.0,0.0,636.0,66.0,632.0,65.0,607.0,65.0,639.0,66.0,,,,,,,,0.0,0.0,0.0,0.0,0.0,0.0,0.0,0.0,0.0,26,0,0,0,0,0,0,0,0,0,0,0,0,0,0,0,101,86,0.0,0.0,0.0,0.0,0.0,0.0,0.0,0.0,0.0,0,0,0,0
499,Alexander,Isak,Isak,i,Ankle injury - Unknown return date,,10.3,4,2.0,3.6,93,16.0,0.0,817.0,91.0,0,0,0.0,-2,2.0,72,1868,0.0,2.8,0.0,0.0,2.9,216.0,24.0,0.0,0.0,343.0,34.0,357.0,44.0,176.0,39.0,333.0,39.0,,,,,,,,0.37,0.01,0.38,0.92,0.0,0.18,1.26,1.08,4.13,26,0,0,0,0,0,0,0,0,0,0,0,0,0,0,0,80,2410,0.0,0.0,0.0,0.0,0.0,0.0,0.0,0.0,0.0,0,0,0,0
306,Callum,Bates,Bates,a,,,4.3,609,356.0,0.1,487,170.0,0.0,558.0,186.0,0,0,0.0,-2,2.0,482,235,0.0,0.0,-0.5,0.0,0.0,651.0,247.0,,,641.0,237.0,638.0,243.0,613.0,231.0,644.0,240.0,,,,,,,,0.0,0.0,0.0,0.0,0.0,0.0,0.0,0.0,0.0,26,0,0,0,0,0,0,0,0,0,0,0,0,0,0,0,1149,372,0.0,0.0,0.0,0.0,0.0,0.0,0.0,0.0,0.0,0,0,0,0
661,Hugo,Ekitiké,Ekitiké,a,,,8.9,7,3.0,25.5,13,4.0,4.5,39.0,5.0,2,0,0.0,4,-4.0,60810,49022,0.5,11.7,5.0,5.0,4.5,35.0,5.0,100.0,100.0,70.0,5.0,113.0,5.0,10.0,7.0,26.0,5.0,,,,,,,,0.51,0.11,0.62,1.32,0.0,0.36,1.19,1.01,4.0,26,2,87,0,0,1,0,0,0,0,0,0,0,1,0,362,93055,133646,0.0,0.41999999999999993,0.1299999999999999,0.5500000000000007,0.5700000000000003,1.0,16.900000000000006,17.0,3.5,0,1,3,4
686,Rio,Ngumoha,Ngumoha,a,,,4.3,619,363.0,0.8,208,71.0,0.2,360.0,156.0,0,0,0.0,-2,2.0,3220,2322,0.0,3.0,0.7,0.7,1.6,381.0,166.0,,,400.0,177.0,317.0,179.0,326.0,171.0,379.0,178.0,,,,,,,,0.44,0.41,0.85,3.29,0.0,0.0,3.55,0.0,3.55,26,0,0,0,0,0,0,0,0,0,0,0,0,0,0,0,6919,3742,0.0,0.0,0.0,0.0,0.0,0.0,0.0,0.0,0.0,0,0,0,0
760,Wellity,Lucky,Lucky,a,,,4.0,706,185.0,0.0,703,241.0,0.0,492.0,197.0,0,0,0.0,0,0.0,36,56,0.0,0.0,0.5,0.5,0.0,607.0,225.0,,,597.0,225.0,590.0,225.0,557.0,219.0,600.0,225.0,,,,,,,,0.0,0.0,0.0,0.0,0.0,0.0,0.0,0.0,0.0,26,0,0,0,0,0,0,0,0,0,0,0,0,0,0,0,57,71,0.0,0.0,0.0,0.0,0.0,0.0,0.0,0.0,0.0,0,0,0,0
82,Antoine,Semenyo,Semenyo,a,,,7.9,17,12.0,49.9,2,1.0,7.8,3.0,2.0,14,0,0.0,9,-9.0,163144,20529,1.0,19.4,8.3,8.3,6.1,5.0,3.0,100.0,100.0,7.0,2.0,35.0,33.0,3.0,1.0,4.0,3.0,,,,,,,,0.34,0.09,0.43,1.49,0.0,0.28,1.72,1.0,7.2,26,14,90,1,1,1,0,0,0,0,0,0,0,1,3,36,196313,97748,0.0,0.5500000000000007,0.17000000000000037,0.7199999999999989,1.4200000000000017,53.60000000000002,17.80000000000001,39.0,11.0,2,0,2,4
182,James,Trafford,Trafford,a,,,4.5,428,23.0,0.9,197,24.0,0.0,617.0,90.0,0,0,0.0,-5,5.0,105,440,0.0,2.4,0.5,0.5,3.7,94.0,9.0,,,339.0,26.0,685.0,86.0,667.0,75.0,404.0,27.0,,,,,,,,0.0,0.0,0.0,1.32,3.67,0.33,1.33,1.0,0.0,26,0,0,0,0,0,0,0,0,0,0,0,0,0,0,0,149,614,0.0,0.0,0.0,0.0,0.0,0.0,0.0,0.0,0.0,0,0,0,0
260,Marc,Guéhi,Guéhi,a,,,5.2,209,28.0,36.8,5,2.0,4.8,29.0,7.0,7,0,0.0,7,-7.0,64392,27015,0.9,23.8,5.3,5.3,5.2,10.0,3.0,100.0,100.0,20.0,9.0,167.0,40.0,74.0,4.0,49.0,5.0,,,,,,,,0.11,0.08,0.19,1.33,0.0,0.38,1.08,1.0,8.33,26,7,90,0,0,1,0,0,0,0,0,0,0,1,1,33,97030,59883,0.0,0.0,0.07000000000000006,0.07000000000000028,1.4200000000000017,31.200000000000045,12.900000000000006,2.0,4.599999999999994,2,7,4,9
399,Ederson,Santana de Moraes,Ederson M.,u,has joined Fenerbache permanently.,,5.3,186,5.0,0.8,204,25.0,0.0,767.0,94.0,0,0,0.0,-2,2.0,0,164,0.0,0.0,0.0,0.0,0.0,793.0,94.0,0.0,0.0,793.0,94.0,792.0,93.0,789.0,91.0,793.0,94.0,,,,,,,,0.0,0.0,0.0,0.0,0.0,0.0,0.0,0.0,0.0,26,0,0,0,0,0,0,0,0,0,0,0,0,0,0,0,0,228,0.0,0.0,0.0,0.0,0.0,0.0,0.0,0.0,0.0,0,0,0,0
401,Marcus,Bettinelli,Bettinelli,a,,,3.8,785,93.0,0.4,276,35.0,0.0,391.0,24.0,0,0,0.0,-2,2.0,3757,1906,0.0,0.0,0.5,0.5,0.0,516.0,33.0,100.0,100.0,506.0,33.0,492.0,17.0,456.0,3.0,509.0,33.0,,,,,,,,0.0,0.0,0.0,0.0,0.0,0.0,0.0,0.0,0.0,26,0,0,0,0,0,0,0,0,0,0,0,0,0,0,0,7911,2808,0.0,0.0,0.0,0.0,0.0,0.0,0.0,0.0,0.0,0,0,0,0
402,Rayan,Aït-Nouri,Aït-Nouri,a,,,5.7,118,12.0,3.8,86,28.0,3.2,99.0,37.0,9,0,0.0,-3,3.0,5392,1201,0.6,4.6,3.7,3.7,2.9,212.0,82.0,100.0,100.0,360.0,136.0,310.0,103.0,334.0,106.0,367.0,128.0,,,,,,,,0.06,0.14,0.2,1.23,0.0,0.39,0.78,1.17,7.97,26,9,90,0,0,1,0,0,0,0,0,0,0,1,3,36,7540,1862,0.0,0.0,0.020000000000000018,0.020000000000000018,1.42,16.0,5.300000000000004,2.0,2.3000000000000007,5,3,2,8
403,Joško,Gvardiol,Gvardiol,i,Leg injury - Unknown return date,,5.9,102,7.0,3.5,96,34.0,0.0,799.0,265.0,0,0,0.0,-1,1.0,66,7356,0.0,13.1,0.0,0.0,4.8,19.0,8.0,0.0,0.0,119.0,53.0,237.0,66.0,124.0,23.0,162.0,53.0,,,,,,,,0.15,0.04,0.19,1.06,0.0,0.42,0.9,1.04,6.85,26,0,0,0,0,0,0,0,0,0,0,0,0,0,0,0,80,12408,0.0,0.0,0.0,0.0,0.0,0.0,0.0,0.0,0.0,0,0,0,0
408,Rúben,dos Santos Gato Alves Dias,Rúben,a,,,5.5,139,16.0,3.3,98,35.0,1.8,217.0,81.0,6,0,0.0,0,0.0,4682,2961,0.3,18.5,2.3,2.3,4.6,26.0,10.0,100.0,100.0,56.0,25.0,249.0,71.0,238.0,63.0,149.0,49.0,,,,,,,,0.03,0.02,0.05,1.06,0.0,0.54,0.84,0.99,7.06,26,6,90,0,0,1,0,0,0,0,0,0,0,1,0,29,6494,4897,0.0,0.0,0.010000000000000009,0.010000000000000009,1.4199999999999982,29.19999999999999,2.6000000000000085,0.0,3.200000000000003,2,6,5,8
412,Vitor,de Oliveira Nunes dos Reis,Vitor Reis,u,Has joined Girona on loan for the rest of the season.,,5.0,282,42.0,0.0,773,261.0,0.0,756.0,258.0,0,0,0.0,0,0.0,0,1,0.0,0.0,0.0,0.0,0.0,791.0,263.0,0.0,0.0,790.0,263.0,789.0,263.0,785.0,263.0,791.0,263.0,,,,,,,,0.0,0.0,0.0,0.0,0.0,0.0,0.0,0.0,0.0,26,0,0,0,0,0,0,0,0,0,0,0,0,0,0,0,0,1,0.0,0.0,0.0,0.0,0.0,0.0,0.0,0.0,0.0,0,0,0,0
413,Omar,Marmoush,Marmoush,a,,,8.3,13,8.0,2.5,117,36.0,3.5,86.0,41.0,1,0,0.0,-2,2.0,3186,3456,0.4,3.6,4.0,4.0,2.1,321.0,141.0,100.0,100.0,355.0,159.0,233.0,146.0,181.0,100.0,307.0,152.0,,1.0,2.0,,,,,0.37,0.14,0.51,1.01,0.0,0.47,0.7,0.94,5.64,26,1,45,0,0,0,0,0,0,0,0,0,0,0,0,5,5187,5042,0.0,0.0,0.0,0.0,0.7999999999999998,6.200000000000003,11.799999999999997,2.0,2.0,2,0,1,3
414,Phil,Foden,Foden,a,,,8.2,14,9.0,9.9,37,13.0,1.8,223.0,95.0,5,0,0.0,2,-2.0,2267,49532,0.2,13.2,2.3,2.3,4.7,24.0,12.0,100.0,100.0,60.0,17.0,4.0,4.0,34.0,19.0,13.0,11.0,1.0,3.0,,,,,,0.27,0.19,0.46,1.09,0.0,0.53,0.74,1.05,6.67,26,5,70,0,1,1,0,0,0,0,1,0,0,1,0,22,3007,129420,0.0,0.20000000000000018,0.06000000000000005,0.2599999999999998,0.8399999999999999,31.200000000000045,31.800000000000068,32.0,9.5,2,1,5,8
415,Sávio,Moreira de Oliveira,Savinho,d,Thigh injury - 25% chance of playing,,6.9,43,25.0,0.4,278,96.0,0.0,810.0,362.0,0,0,0.0,-1,1.0,10,200,0.0,3.8,0.1,0.1,1.7,377.0,164.0,25.0,25.0,372.0,166.0,197.0,132.0,103.0,63.0,258.0,127.0,,,,,,,,0.22,0.2,0.42,1.08,0.0,0.34,0.85,0.85,7.46,26,0,0,0,0,0,0,0,0,0,0,0,0,0,0,0,14,280,0.0,0.0,0.0,0.0,0.0,0.0,0.0,0.0,0.0,0,0,0,0
417,Rayan,Cherki,Cherki,a,,,6.5,53,34.0,9.0,40,15.0,3.2,103.0,48.0,1,0,0.0,0,0.0,15241,55748,0.5,13.8,3.7,3.7,4.3,47.0,25.0,100.0,100.0,100.0,33.0,15.0,15.0,59.0,35.0,29.0,23.0,2.0,4.0,,,,,,0.18,0.49,0.67,1.22,0.0,0.42,0.93,1.01,8.69,26,1,19,0,0,0,0,0,0,0,0,0,0,0,0,5,36184,91161,0.0,0.0,0.0,0.0,0.5800000000000001,0.0,1.3000000000000682,0.0,0.09999999999999432,1,0,3,4
423,Nico,González Iglesias,N.Gonzalez,a,,,5.9,99,63.0,0.1,475,165.0,0.0,796.0,354.0,0,0,0.0,-1,1.0,139,199,0.0,9.3,0.5,0.5,2.6,259.0,109.0,100.0,100.0,187.0,75.0,155.0,108.0,284.0,153.0,216.0,107.0,,,,,,,,0.04,0.07,0.11,1.1,0.0,0.46,0.92,0.99,11.96,26,0,19,0,0,0,0,0,0,0,1,0,0,0,0,0,203,297,0.0,0.0,0.0,0.0,0.5799999999999983,2.8000000000000114,0.29999999999998295,0.0,0.29999999999999716,0,3,0,3
425,Claudio,Echeverri,Echeverri,u,has joined Girona on loan for the rest of the season.,,5.4,184,114.0,0.0,738,311.0,0.0,783.0,344.0,0,0,0.0,-1,1.0,0,0,0.0,0.0,0.0,0.0,0.0,802.0,356.0,0.0,0.0,802.0,356.0,801.0,356.0,799.0,355.0,802.0,356.0,,,,,,,,0.0,0.0,0.0,0.0,0.0,0.0,0.0,0.0,0.0,26,0,0,0,0,0,0,0,0,0,0,0,0,0,0,0,0,0,0.0,0.0,0.0,0.0,0.0,0.0,0.0,0.0,0.0,0,0,0,0
427,Tijjani,Reijnders,Reijnders,a,,,5.1,231,143.0,10.2,36,12.0,1.2,257.0,112.0,1,0,0.0,-4,4.0,3245,19605,0.2,16.5,1.7,1.7,3.5,123.0,53.0,,,142.0,48.0,73.0,55.0,38.0,23.0,59.0,39.0,3.0,,,,,,,0.24,0.12,0.36,1.06,0.0,0.43,0.99,1.05,5.39,26,1,30,0,0,0,0,0,0,0,0,0,0,0,0,3,7411,37163,0.0,0.0,0.010000000000000009,0.009999999999999787,0.6099999999999994,5.0,1.6999999999999886,0.0,0.7000000000000028,2,1,1,4
429,Kalvin,Phillips,Phillips,u,has joined Sheffield United on loan for the rest of the season.,,4.7,379,237.0,0.1,556,203.0,0.0,691.0,279.0,0,0,0.0,-3,3.0,0,74,0.0,0.0,0.0,0.0,0.0,754.0,322.0,0.0,0.0,753.0,321.0,749.0,322.0,738.0,319.0,754.0,322.0,,,,,,,,0.0,0.0,0.0,0.0,0.0,0.0,0.0,0.0,0.0,26,0,0,0,0,0,0,0,0,0,0,0,0,0,0,0,0,97,0.0,0.0,0.0,0.0,0.0,0.0,0.0,0.0,0.0,0,0,0,0
430,Erling,Haaland,Haaland,d,Knee injury - 75% chance of playing,,14.9,1,1.0,68.3,1,1.0,5.5,20.0,3.0,5,0,0.0,9,-9.0,15466,68578,0.4,12.6,4.5,6.0,7.2,1.0,1.0,75.0,100.0,1.0,1.0,118.0,6.0,1.0,1.0,2.0,1.0,,,1.0,,,,,0.85,0.07,0.92,1.18,0.0,0.42,0.97,1.05,3.19,26,5,45,1,0,0,0,0,0,0,0,0,0,1,0,29,30760,103576,0.0,0.120000000000001,0.0,0.11999999999999744,0.620000000000001,32.0,0.5999999999999943,11.0,4.400000000000006,0,0,1,1
736,Gianluigi,Donnarumma,Donnarumma,a,,,5.6,126,3.0,8.9,42,7.0,5.0,26.0,2.0,7,0,0.0,1,-1.0,16912,13024,0.9,16.2,5.5,5.5,4.0,72.0,7.0,,,64.0,13.0,805.0,94.0,803.0,93.0,242.0,13.0,,,,,,,,0.0,0.0,0.0,1.12,2.35,0.43,0.87,1.0,0.0,26,7,90,0,0,1,0,0,0,0,0,0,3,1,0,28,27949,25088,0.0,0.0,0.0,0.0,1.4199999999999982,26.600000000000023,0.0,0.0,2.700000000000003,0,1,5,0
739,Divine,Mukasa,Mukasa,u,has joined Leicester City on loan for the rest of the season.,,4.4,565,339.0,0.0,678,276.0,0.0,600.0,211.0,0,0,0.0,-1,1.0,0,50,0.0,0.5,0.0,0.0,1.0,468.0,208.0,0.0,0.0,471.0,215.0,372.0,191.0,425.0,209.0,449.0,202.0,,,,,,,,0.0,0.76,0.76,1.22,0.0,0.0,0.0,0.0,3.6,26,0,0,0,0,0,0,0,0,0,0,0,0,0,0,0,0,84,0.0,0.0,0.0,0.0,0.0,0.0,0.0,0.0,0.0,0,0,0,0
740,Stephen,Mfuni,Mfuni,u,has joined Watford on loan for the rest of the season.,,3.9,776,227.0,0.0,616,219.0,0.0,445.0,174.0,0,0,0.0,-1,1.0,0,73,0.0,0.0,0.0,0.0,0.0,564.0,205.0,0.0,0.0,554.0,205.0,544.0,205.0,509.0,197.0,557.0,205.0,,,,,,,,0.0,0.0,0.0,0.0,0.0,0.0,0.0,0.0,0.0,26,0,0,0,0,0,0,0,0,0,0,0,0,0,0,0,0,109,0.0,0.0,0.0,0.0,0.0,0.0,0.0,0.0,0.0,0,0,0,0
431,Altay,Bayındır,Bayindir,a,,,4.7,387,17.0,0.3,310,41.0,0.0,693.0,91.0,0,0,0.0,-3,3.0,173,273,0.0,2.3,0.5,0.5,1.8,362.0,29.0,,,318.0,25.0,421.0,9.0,740.0,82.0,391.0,25.0,,,,,,,,0.0,0.01,0.01,1.54,2.17,0.0,1.83,1.0,0.0,26,0,0,0,0,0,0,0,0,0,0,0,0,0,0,0,329,424,0.0,0.0,0.0,0.0,0.0,0.0,0.0,0.0,0.0,0,0,0,0
432,André,Onana,Onana,u,has joined Trabzonspor on loan for the rest of the season.,,4.9,302,11.0,0.1,421,63.0,0.0,714.0,93.0,0,0,0.0,-1,1.0,0,27,0.0,0.0,0.0,0.0,0.0,764.0,93.0,0.0,0.0,763.0,93.0,760.0,90.0,753.0,85.0,764.0,93.0,,,,,,,,0.0,0.0,0.0,0.0,0.0,0.0,0.0,0.0,0.0,26,0,0,0,0,0,0,0,0,0,0,0,0,0,0,0,0,34,0.0,0.0,0.0,0.0,0.0,0.0,0.0,0.0,0.0,0,0,0,0
433,Elyh,Harrison,Harrison,u,On loan to Shrewsbury Town,,4.0,718,65.0,0.0,806,94.0,0.0,504.0,76.0,0,0,0.0,0,0.0,0,1,0.0,0.0,0.0,0.0,0.0,617.0,84.0,0.0,0.0,607.0,84.0,600.0,72.0,568.0,58.0,610.0,84.0,,,,,,,,0.0,0.0,0.0,0.0,0.0,0.0,0.0,0.0,0.0,26,0,0,0,0,0,0,0,0,0,0,0,0,0,0,0,0,1,0.0,0.0,0.0,0.0,0.0,0.0,0.0,0.0,0.0,0,0,0,0
436,Matthijs,de Ligt,De Ligt,d,Back injury - 50% chance of playing,,4.9,307,48.0,1.9,136,54.0,0.0,716.0,253.0,0,0,0.0,-1,1.0,67,1336,0.0,8.8,0.2,0.0,3.3,142.0,53.0,50.0,0.0,189.0,78.0,315.0,105.0,211.0,54.0,243.0,81.0,,,,,,,,0.11,0.06,0.17,1.44,0.0,0.08,1.54,1.0,8.23,26,0,0,0,0,0,0,0,0,0,0,0,0,0,0,0,89,1933,0.0,0.0,0.0,0.0,0.0,0.0,0.0,0.0,0.0,0,0,0,0
437,Lisandro,Martínez,Martinez,a,,,4.8,361,61.0,1.0,192,75.0,2.2,168.0,60.0,2,0,0.0,-2,2.0,7928,2982,0.5,8.1,2.7,2.7,2.8,225.0,90.0,100.0,100.0,232.0,90.0,280.0,89.0,397.0,145.0,317.0,107.0,,,,,,,,0.01,0.05,0.06,0.93,0.0,0.3,1.1,0.9,7.47,26,2,90,0,0,0,1,0,0,0,0,0,0,1,0,13,14620,4743,0.0,0.0,0.030000000000000027,0.030000000000000027,1.1099999999999994,21.799999999999983,4.599999999999994,0.0,2.6000000000000014,3,2,9,5
439,Diego,León Blanco,D.Leon,a,,,4.2,649,156.0,0.1,569,204.0,0.0,537.0,228.0,0,0,0.0,-3,3.0,44,63,0.0,0.0,0.5,0.5,0.0,638.0,247.0,,,629.0,248.0,624.0,247.0,597.0,246.0,632.0,248.0,,,,,,,,0.0,0.0,0.0,0.0,0.0,0.0,0.0,0.0,0.0,26,0,0,0,0,0,0,0,0,0,0,0,0,0,0,0,57,84,0.0,0.0,0.0,0.0,0.0,0.0,0.0,0.0,0.0,0,0,0,0
440,Diogo,Dalot Teixeira,Dalot,a,,,4.5,419,79.0,4.6,78,25.0,4.0,52.0,17.0,1,0,0.0,0,0.0,15899,10128,0.9,19.1,4.5,4.5,3.6,105.0,38.0,100.0,100.0,96.0,44.0,59.0,11.0,192.0,46.0,93.0,23.0,,,,,,,,0.07,0.1,0.17,1.25,0.0,0.24,1.47,1.03,6.02,26,1,81,0,0,0,1,0,0,0,1,0,0,1,0,8,62126,15464,0.0,0.030000000000000027,0.010000000000000009,0.040000000000000036,0.5500000000000007,10.0,5.699999999999989,5.0,2.0999999999999943,0,3,3,3
441,Patrick,Dorgu,Dorgu,i,Hamstring injury - Unknown return date,,4.3,616,140.0,4.7,76,24.0,2.0,183.0,66.0,0,0,0.0,-2,2.0,983,39183,0.5,17.2,0.0,0.0,3.4,126.0,47.0,0.0,0.0,93.0,42.0,56.0,10.0,84.0,7.0,58.0,10.0,,,,,,,,0.13,0.1,0.23,1.27,0.0,0.2,1.35,0.95,6.43,26,0,0,0,0,0,0,0,0,0,0,0,0,0,0,0,1478,88902,0.0,0.0,0.0,0.0,0.0,0.0,0.0,0.0,0.0,0,0,0,0
442,Harry,Maguire,Maguire,a,,,4.3,572,121.0,1.7,146,57.0,3.2,90.0,32.0,2,0,0.0,-2,2.0,6854,3884,0.7,12.1,3.7,3.7,4.0,62.0,25.0,100.0,100.0,269.0,108.0,387.0,138.0,241.0,66.0,325.0,113.0,,,,,,,,0.09,0.01,0.1,1.33,0.0,0.47,1.05,1.05,7.38,26,2,67,0,0,0,1,0,0,0,0,0,0,1,0,15,18998,6981,0.0,0.010000000000000009,0.019999999999999997,0.030000000000000027,0.5500000000000007,9.599999999999994,1.1000000000000014,6.0,1.6999999999999993,2,4,1,6
443,Luke,Shaw,Shaw,a,,,4.5,409,73.0,0.8,209,80.0,2.5,151.0,53.0,2,0,0.0,0,0.0,3416,1558,0.6,13.8,3.0,3.0,2.4,282.0,108.0,,,107.0,47.0,104.0,27.0,303.0,94.0,146.0,47.0,,,,,,,,0.02,0.06,0.08,1.2,0.0,0.2,1.35,1.03,5.57,26,2,90,0,0,0,1,0,0,0,0,0,0,1,0,17,6915,2920,0.0,0.16999999999999998,0.1499999999999999,0.31999999999999984,1.1099999999999994,19.80000000000001,31.099999999999994,4.0,5.5,2,2,3,4
444,Leny,Yoro,Yoro,a,,,4.1,656,160.0,1.2,173,65.0,0.5,313.0,110.0,1,0,0.0,-4,4.0,845,1171,0.1,9.0,1.0,1.0,1.6,378.0,141.0,,,246.0,99.0,308.0,102.0,270.0,78.0,297.0,98.0,,,,,,,,0.05,0.02,0.07,1.38,0.0,0.08,1.87,0.93,7.71,26,1,22,0,0,0,0,0,0,0,0,0,0,0,0,6,1241,2068,0.0,0.0,0.010000000000000009,0.010000000000000009,0.5600000000000023,14.200000000000017,0.9000000000000057,0.0,1.5,1,3,1,4
445,Harry,Amass,Amass,u,has joined Norwich City on loan for the rest of the season.,,4.0,716,194.0,0.1,540,192.0,0.0,502.0,206.0,0,0,0.0,0,0.0,0,19,0.0,0.0,0.0,0.0,0.0,615.0,232.0,0.0,0.0,605.0,232.0,598.0,232.0,566.0,227.0,608.0,232.0,,,,,,,,0.0,0.0,0.0,0.0,0.0,0.0,0.0,0.0,0.0,26,0,0,0,0,0,0,0,0,0,0,0,0,0,0,0,0,33,0.0,0.0,0.0,0.0,0.0,0.0,0.0,0.0,0.0,0,0,0,0
446,Tyler,Fredricson,Fredricson,a,,,3.8,804,253.0,0.1,432,160.0,0.0,405.0,160.0,0,0,0.0,-2,2.0,33,107,0.0,0.3,0.5,0.5,1.0,447.0,162.0,,,472.0,170.0,505.0,193.0,469.0,184.0,485.0,171.0,,,,,,,,0.0,0.0,0.0,13.5,0.0,0.0,0.0,0.0,90.0,26,0,0,0,0,0,0,0,0,0,0,0,0,0,0,0,56,179,0.0,0.0,0.0,0.0,0.0,0.0,0.0,0.0,0.0,0,0,0,0
450,Matheus,Santos Carneiro da Cunha,Cunha,a,,,8.1,15,10.0,8.5,44,16.0,5.8,15.0,10.0,2,0,0.0,1,-1.0,12053,42573,0.7,11.5,6.3,6.3,4.0,78.0,36.0,100.0,100.0,72.0,22.0,55.0,45.0,22.0,10.0,25.0,21.0,,,,,,,,0.28,0.13,0.41,1.21,0.0,0.28,1.27,1.05,7.3,26,2,68,0,0,0,1,0,0,0,0,0,0,1,0,6,30759,77966,0.0,0.0,0.009999999999999787,0.009999999999999787,0.5500000000000007,5.400000000000034,4.800000000000011,2.0,1.1999999999999886,1,1,2,4
451,Marcus,Rashford,Rashford,u,Has joined Barcelona on loan for the rest of the season,,7.0,34,20.0,0.0,696,289.0,0.0,812.0,364.0,0,0,0.0,0,0.0,0,0,0.0,0.0,0.0,0.0,0.0,815.0,365.0,0.0,0.0,815.0,365.0,815.0,365.0,815.0,365.0,815.0,365.0,,,,,,,,0.0,0.0,0.0,0.0,0.0,0.0,0.0,0.0,0.0,26,0,0,0,0,0,0,0,0,0,0,0,0,0,0,0,0,4,0.0,0.0,0.0,0.0,0.0,0.0,0.0,0.0,0.0,0,0,0,0
452,Amad,Diallo,Amad,a,,,6.2,76,51.0,1.8,141,46.0,2.0,197.0,83.0,2,0,0.0,-3,3.0,6785,8582,0.3,10.8,2.5,2.5,3.4,134.0,60.0,100.0,100.0,131.0,45.0,27.0,26.0,32.0,17.0,36.0,28.0,,,,,,,,0.22,0.18,0.4,1.13,0.0,0.22,1.25,1.04,7.85,26,2,90,0,0,0,1,0,0,0,0,0,0,1,0,19,17631,15520,0.0,0.020000000000000018,0.04999999999999982,0.07000000000000028,1.1099999999999994,9.0,7.100000000000023,12.0,2.799999999999997,2,2,5,9
454,Antony,dos Santos,Antony,u,has joined Real Betis permanently.,,5.9,100,64.0,0.1,567,210.0,0.0,797.0,355.0,0,0,0.0,-1,1.0,0,13,0.0,0.0,0.0,0.0,0.0,808.0,361.0,0.0,0.0,808.0,361.0,808.0,361.0,807.0,361.0,808.0,361.0,,,,,,,,0.0,0.0,0.0,0.0,0.0,0.0,0.0,0.0,0.0,26,0,0,0,0,0,0,0,0,0,0,0,0,0,0,0,0,15,0.0,0.0,0.0,0.0,0.0,0.0,0.0,0.0,0.0,0,0,0,0
455,Mason,Mount,Mount,d,Knock - 25% chance of playing,,5.9,95,60.0,0.3,317,107.0,0.0,793.0,351.0,0,0,0.0,-1,1.0,19,976,0.0,7.8,0.1,0.1,2.7,245.0,101.0,25.0,25.0,279.0,122.0,147.0,101.0,156.0,87.0,218.0,109.0,3.0,,,,,,,0.17,0.16,0.33,1.14,0.0,0.33,1.55,1.11,6.87,26,0,0,0,0,0,0,0,0,0,0,0,0,0,0,0,23,1881,0.0,0.0,0.0,0.0,0.0,0.0,0.0,0.0,0.0,0,0,0,0
770,Seth,Ridgeon,Ridgeon,a,,,4.5,503,311.0,0.0,778,338.0,0.0,676.0,269.0,0,0,0.0,0,0.0,22,21,0.0,0.0,0.0,-0.5,0.0,744.0,314.0,,,743.0,313.0,738.0,314.0,724.0,310.0,744.0,314.0,,,,,,,,0.0,0.0,0.0,0.0,0.0,0.0,0.0,0.0,0.0,26,0,0,0,0,0,0,0,0,0,0,0,0,0,0,0,40,27,0.0,0.0,0.0,0.0,0.0,0.0,0.0,0.0,0.0,0,0,0,0
457,Carlos Henrique,Casimiro,Casemiro,a,,,5.6,121,75.0,2.3,122,40.0,5.0,25.0,16.0,2,0,0.0,1,-1.0,20679,9129,0.9,19.6,5.5,5.5,4.6,28.0,15.0,100.0,100.0,43.0,10.0,57.0,46.0,45.0,27.0,30.0,24.0,,,,,,,,0.21,0.13,0.34,0.99,0.0,0.37,1.04,1.2,11.59,26,2,90,0,0,0,1,0,0,0,0,0,0,1,0,11,43102,15521,0.0,0.0,0.029999999999999805,0.03000000000000025,1.1099999999999994,20.0,10.199999999999989,6.0,3.6000000000000085,4,3,3,10
458,Kobbie,Mainoo,Mainoo,a,,,4.6,401,248.0,1.3,170,56.0,4.2,43.0,25.0,2,0,0.0,-4,4.0,14279,3309,0.9,7.0,4.7,4.7,1.9,342.0,150.0,100.0,100.0,282.0,124.0,139.0,97.0,327.0,172.0,270.0,134.0,,,,,,,,0.02,0.07,0.09,1.25,0.0,0.27,1.59,0.66,9.56,26,2,90,0,0,0,1,0,0,0,0,0,0,1,0,14,35773,4990,0.0,0.0,0.030000000000000027,0.030000000000000027,1.1099999999999994,7.200000000000017,10.5,2.0,2.0,1,1,8,10
459,Manuel,Ugarte Ribeiro,Ugarte,a,,,4.7,385,240.0,0.2,412,140.0,0.5,324.0,141.0,0,0,0.0,-3,3.0,212,390,0.1,6.6,1.0,1.0,1.7,373.0,163.0,,,310.0,141.0,303.0,172.0,341.0,179.0,351.0,168.0,,,,,,,,0.04,0.02,0.06,1.75,0.0,0.12,2.41,0.84,14.68,26,0,0,0,0,0,0,0,0,0,0,0,0,0,0,0,370,694,0.0,0.0,0.0,0.0,0.0,0.0,0.0,0.0,0.0,0,0,0,0
339,Illan,Meslier,Meslier,a,,,4.1,653,37.0,0.3,301,40.0,0.0,519.0,78.0,0,-1,1.0,-4,4.0,153,219,0.0,0.0,0.0,-0.5,0.0,631.0,86.0,,,621.0,86.0,614.0,74.0,584.0,60.0,624.0,86.0,,,,,,,,0.0,0.0,0.0,0.0,0.0,0.0,0.0,0.0,0.0,26,0,0,0,0,0,0,0,0,0,0,0,0,0,0,0,252,330,0.0,0.0,0.0,0.0,0.0,0.0,0.0,0.0,0.0,0,0,0,0
460,Toby,Collyer,Collyer,u,has joined Hull City on loan for the rest of the season.,,4.5,445,266.0,0.0,659,266.0,0.0,628.0,229.0,0,0,0.0,0,0.0,0,6,0.0,0.0,0.0,0.0,0.0,705.0,282.0,0.0,0.0,699.0,276.0,697.0,280.0,680.0,273.0,702.0,279.0,,,,,,,,0.0,0.0,0.0,0.0,0.0,0.0,0.0,0.0,0.0,26,0,0,0,0,0,0,0,0,0,0,0,0,0,0,0,0,17,0.0,0.0,0.0,0.0,0.0,0.0,0.0,0.0,0.0,0,0,0,0
462,Jack,Fletcher,J.Fletcher,a,,,4.3,607,354.0,0.1,503,181.0,0.0,556.0,184.0,0,0,0.0,-2,2.0,282,183,0.0,0.7,0.5,0.5,1.0,460.0,201.0,,,444.0,196.0,379.0,194.0,422.0,207.0,445.0,199.0,,,,,,,,0.03,0.02,0.05,1.56,0.0,0.0,0.0,0.0,9.25,26,0,0,0,0,0,0,0,0,0,0,0,0,0,0,0,621,344,0.0,0.0,0.0,0.0,0.0,0.0,0.0,0.0,0.0,0,0,0,0
465,Rasmus,Højlund,Højlund,u,has joined Napoli on loan for the rest of the season.,,6.3,70,22.0,0.3,336,55.0,0.0,804.0,87.0,0,0,0.0,-2,2.0,0,33,0.0,0.0,0.0,0.0,0.0,810.0,89.0,0.0,0.0,810.0,89.0,810.0,89.0,810.0,89.0,810.0,89.0,,,,,,,,0.0,0.0,0.0,0.0,0.0,0.0,0.0,0.0,0.0,26,0,0,0,0,0,0,0,0,0,0,0,0,0,0,0,0,42,0.0,0.0,0.0,0.0,0.0,0.0,0.0,0.0,0.0,0,0,0,0
466,Joshua,Zirkzee,Zirkzee,a,,,5.8,108,31.0,0.4,273,44.0,0.5,336.0,46.0,1,0,0.0,-2,2.0,591,745,0.1,6.0,1.0,1.0,2.2,308.0,33.0,100.0,100.0,297.0,29.0,200.0,19.0,144.0,35.0,252.0,29.0,,,,,,,,0.34,0.05,0.39,1.28,0.0,0.18,1.28,0.73,6.59,26,1,8,0,0,0,0,0,0,0,0,0,0,0,0,117,909,1229,0.0,0.09000000000000008,0.0,0.08999999999999986,0.5600000000000005,0.0,1.299999999999983,4.0,0.5,1,0,1,2
467,Chido,Obi,Obi,a,,,4.2,646,90.0,1.6,148,24.0,0.0,534.0,53.0,0,0,0.0,-3,3.0,1675,2511,0.0,0.0,0.5,0.5,0.0,636.0,64.0,,,627.0,64.0,622.0,63.0,595.0,63.0,630.0,64.0,,,,,,,,0.0,0.0,0.0,0.0,0.0,0.0,0.0,0.0,0.0,26,0,0,0,0,0,0,0,0,0,0,0,0,0,0,0,3142,4655,0.0,0.0,0.0,0.0,0.0,0.0,0.0,0.0,0.0,0,0,0,0
468,Ethan,Wheatley,Wheatley,u,has joined Bradford City on loan for the rest of the season.,,4.5,479,68.0,0.1,508,72.0,0.0,655.0,67.0,0,0,0.0,0,0.0,0,79,0.0,0.0,0.0,0.0,0.0,727.0,77.0,0.0,0.0,724.0,77.0,720.0,76.0,705.0,76.0,726.0,77.0,,,,,,,,0.0,0.0,0.0,0.0,0.0,0.0,0.0,0.0,0.0,26,0,0,0,0,0,0,0,0,0,0,0,0,0,0,0,0,126,0.0,0.0,0.0,0.0,0.0,0.0,0.0,0.0,0.0,0,0,0,0
681,Benjamin,Sesko,Šeško,a,,,7.2,32,13.0,3.5,97,17.0,4.0,65.0,8.0,8,0,0.0,-3,3.0,14861,3717,0.6,9.9,4.5,4.5,3.4,136.0,12.0,100.0,100.0,179.0,15.0,206.0,20.0,18.0,11.0,69.0,13.0,,,,,,,,0.48,0.02,0.5,1.42,0.0,0.08,1.88,0.9,3.77,26,8,21,1,0,0,0,0,0,0,0,0,0,0,3,29,18555,10088,0.0,0.1200000000000001,0.0,0.11999999999999922,0.5600000000000023,35.0,0.0,28.0,6.300000000000011,0,0,0,0
733,Senne,Lammens,Lammens,a,,,5.0,261,9.0,2.1,127,18.0,3.0,113.0,9.0,2,0,0.0,0,0.0,6130,4837,0.6,11.8,3.5,3.5,3.0,192.0,19.0,,,111.0,17.0,779.0,91.0,448.0,1.0,281.0,17.0,,,,,,,,0.0,0.0,0.0,1.14,2.2,0.2,1.3,1.0,0.0,26,2,90,0,0,0,1,0,0,0,0,0,2,1,0,7,13682,8506,0.0,0.0,0.0,0.0,1.1099999999999994,11.800000000000011,0.0,0.0,1.1999999999999957,0,1,3,0
755,Shea,Lacey,Lacey,a,,,4.5,482,294.0,0.0,713,298.0,0.0,658.0,254.0,0,0,0.0,0,0.0,66,88,0.0,0.4,0.5,0.5,1.0,477.0,216.0,100.0,100.0,473.0,216.0,457.0,220.0,391.0,196.0,470.0,214.0,,,,,,,,0.52,0.0,0.52,0.82,0.0,0.0,0.0,0.0,7.5,26,0,0,0,0,0,0,0,0,0,0,0,0,0,0,0,116,142,0.0,0.0,0.0,0.0,0.0,0.0,0.0,0.0,0.0,0,0,0,0
769,Bendito,Mantato,Bendito Mantato,a,,,4.5,481,293.0,0.0,781,341.0,0.0,657.0,253.0,0,0,0.0,0,0.0,20,14,0.0,0.2,0.5,0.5,1.0,476.0,215.0,,,481.0,222.0,408.0,203.0,707.0,296.0,472.0,216.0,,,,,,,,0.0,0.06,0.06,0.3,0.0,0.0,0.0,0.0,0.0,26,0,0,0,0,0,0,0,0,0,0,0,0,0,0,0,29,22,0.0,0.0,0.0,0.0,0.0,0.0,0.0,0.0,0.0,0,0,0,0
788,Godwill,Kukonki,Kukonki,a,,,4.0,715,193.0,0.0,752,257.0,0.0,501.0,205.0,0,0,0.0,0,0.0,30,32,0.0,0.0,0.5,0.5,0.0,614.0,231.0,,,604.0,231.0,597.0,231.0,565.0,226.0,607.0,231.0,,,,,,,,0.0,0.0,0.0,0.0,0.0,0.0,0.0,0.0,0.0,26,0,0,0,0,0,0,0,0,0,0,0,0,0,0,0,47,42,0.0,0.0,0.0,0.0,0.0,0.0,0.0,0.0,0.0,0,0,0,0
52,Jacob,Ramsey,J.Ramsey,a,,,5.3,194,121.0,0.2,363,121.0,2.5,160.0,72.0,7,0,0.0,-2,2.0,540,214,0.5,4.5,2.0,2.5,1.5,412.0,184.0,100.0,100.0,327.0,149.0,190.0,127.0,223.0,122.0,284.0,140.0,,,,,,,,0.1,0.09,0.19,1.71,0.0,0.0,2.14,0.76,9.58,26,7,74,1,0,0,1,0,0,0,0,0,0,1,0,30,638,349,0.0,0.4,0.020000000000000018,0.41999999999999993,1.4700000000000006,41.8,1.5999999999999943,40.0,8.299999999999997,1,2,2,5
135,Yoane,Wissa,Wissa,d,Knock - 50% chance of playing,,7.3,24,9.0,0.7,220,35.0,1.2,262.0,35.0,0,0,0.0,-2,2.0,659,5318,0.2,2.5,0.3,1.2,1.6,398.0,49.0,50.0,100.0,399.0,44.0,359.0,45.0,187.0,41.0,355.0,43.0,,,,,,,,0.42,0.12,0.54,1.35,0.0,0.22,1.55,0.89,3.99,26,0,0,0,0,0,0,0,0,0,0,0,0,0,0,0,2210,9631,0.0,0.0,0.0,0.0,0.0,0.0,0.0,0.0,0.0,0,0,0,0
471,Mark,Gillespie,Gillespie,a,,,3.9,741,71.0,0.1,435,65.0,0.0,416.0,30.0,0,0,0.0,-1,1.0,43,48,0.0,0.0,-0.5,0.0,0.0,537.0,39.0,,,527.0,39.0,517.0,24.0,482.0,10.0,530.0,39.0,,,,,,,,0.0,0.0,0.0,0.0,0.0,0.0,0.0,0.0,0.0,26,0,0,0,0,0,0,0,0,0,0,0,0,0,0,0,100,93,0.0,0.0,0.0,0.0,0.0,0.0,0.0,0.0,0.0,0,0,0,0
472,Odysseas,Vlachodimos,Odysseas,u,Has joined Sevilla on loan for the rest of the season.,,4.0,664,44.0,0.0,712,82.0,0.0,456.0,55.0,0,0,0.0,0,0.0,0,3,0.0,0.0,0.0,0.0,0.0,573.0,64.0,0.0,0.0,563.0,64.0,555.0,51.0,521.0,37.0,566.0,64.0,,,,,,,,0.0,0.0,0.0,0.0,0.0,0.0,0.0,0.0,0.0,26,0,0,0,0,0,0,0,0,0,0,0,0,0,0,0,0,10,0.0,0.0,0.0,0.0,0.0,0.0,0.0,0.0,0.0,0,0,0,0
473,Lewis,Hall,Hall,a,,,5.3,202,25.0,2.5,116,47.0,1.2,259.0,93.0,1,0,0.0,-2,2.0,4309,14110,0.2,10.6,0.7,1.2,2.9,208.0,81.0,100.0,100.0,129.0,57.0,108.0,30.0,227.0,59.0,143.0,45.0,4.0,,,,,,,0.04,0.12,0.16,1.37,0.0,0.21,1.66,0.97,8.04,26,1,1,0,0,0,0,0,0,0,0,0,0,0,0,3,8163,38804,0.0,0.0,0.0,0.0,0.3200000000000003,4.0,0.0,0.0,0.3999999999999915,1,1,1,2
474,Fabian,Schär,Schär,i,Ankle injury - Expected back 18 Apr,,5.2,207,27.0,1.2,174,66.0,0.0,763.0,260.0,0,0,0.0,-3,3.0,37,2356,0.0,9.8,0.0,0.0,3.2,160.0,63.0,0.0,0.0,180.0,73.0,302.0,100.0,222.0,58.0,240.0,80.0,,3.0,4.0,,,,,0.08,0.05,0.13,1.14,0.0,0.33,1.07,0.91,9.5,26,0,0,0,0,0,0,0,0,0,0,0,0,0,0,0,51,4207,0.0,0.0,0.0,0.0,0.0,0.0,0.0,0.0,0.0,0,0,0,0
475,Sven,Botman,Botman,d,Back injury - 75% chance of playing,,4.9,313,49.0,0.4,277,103.0,3.0,110.0,40.0,2,0,0.0,-1,1.0,870,925,0.6,10.8,1.9,3.0,3.5,121.0,46.0,75.0,100.0,141.0,64.0,333.0,114.0,190.0,44.0,222.0,73.0,,,,,,,,0.11,0.02,0.13,1.24,0.0,0.34,1.44,1.02,8.92,26,2,90,0,0,0,1,0,0,0,0,0,0,1,0,10,2147,1253,0.0,0.6900000000000001,0.0,0.6900000000000001,1.8499999999999996,27.19999999999999,0.5,19.0,4.699999999999996,1,8,3,9
476,Dan,Burn,Burn,a,,,5.0,242,36.0,3.2,102,39.0,0.8,294.0,106.0,1,0,0.0,0,0.0,3266,2863,0.2,14.0,0.3,0.8,3.9,82.0,31.0,100.0,100.0,153.0,67.0,265.0,84.0,269.0,77.0,234.0,77.0,,,,,,,,0.01,0.02,0.03,1.04,0.0,0.38,1.38,1.06,9.14,26,1,90,0,0,0,1,0,0,0,1,0,0,1,0,9,5098,5169,0.0,0.07,0.010000000000000009,0.08000000000000002,1.8499999999999979,22.19999999999999,11.799999999999997,8.0,4.200000000000003,5,4,3,9
477,Tino,Livramento,Livramento,i,Hamstring injury - Expected back 14 Mar,,4.9,327,52.0,1.9,135,53.0,0.0,726.0,254.0,0,0,0.0,-1,1.0,14,1862,0.0,10.0,0.0,0.0,3.8,87.0,33.0,0.0,0.0,260.0,106.0,165.0,38.0,338.0,109.0,271.0,91.0,,,,,,,,0.01,0.05,0.06,0.94,0.0,0.43,0.86,0.94,4.98,26,0,0,0,0,0,0,0,0,0,0,0,0,0,0,0,19,3149,0.0,0.0,0.0,0.0,0.0,0.0,0.0,0.0,0.0,0,0,0,0
478,Kieran,Trippier,Trippier,a,,,4.9,286,43.0,1.3,163,64.0,1.2,251.0,91.0,2,0,0.0,-1,1.0,1360,938,0.2,8.4,0.7,1.2,2.9,204.0,79.0,100.0,100.0,253.0,103.0,51.0,6.0,401.0,148.0,200.0,65.0,2.0,2.0,,,,,,0.0,0.13,0.13,1.14,0.0,0.4,1.5,1.03,4.43,26,2,90,0,0,0,1,0,0,0,0,0,0,1,0,6,2341,1575,0.0,0.0,0.020000000000000018,0.020000000000000018,1.8500000000000014,14.599999999999994,3.0,4.0,2.1999999999999957,3,3,2,6
479,Emil,Krafth,Krafth,i,Knee injury - Unknown return date,,4.3,575,124.0,0.0,622,222.0,0.0,539.0,230.0,0,0,0.0,-2,2.0,5,22,0.0,0.0,0.0,0.0,0.0,639.0,248.0,0.0,0.0,485.0,174.0,459.0,167.0,599.0,247.0,491.0,174.0,,,,,,,,0.0,0.0,0.0,0.5,0.0,0.0,4.0,2.0,2.0,26,0,0,0,0,0,0,0,0,0,0,0,0,0,0,0,24,35,0.0,0.0,0.0,0.0,0.0,0.0,0.0,0.0,0.0,0,0,0,0
480,Jamaal,Lascelles,Lascelles,u,has joined Leicester City permanently.,,4.3,573,122.0,0.0,586,209.0,0.0,538.0,229.0,0,0,0.0,-2,2.0,0,44,0.0,0.2,0.0,0.0,0.5,509.0,177.0,0.0,0.0,452.0,167.0,625.0,248.0,413.0,156.0,465.0,167.0,,,,,,,,0.19,0.0,0.19,2.61,0.0,0.0,9.47,0.0,23.68,26,0,0,0,0,0,0,0,0,0,0,0,0,0,0,0,0,58,0.0,0.0,0.0,0.0,0.0,0.0,0.0,0.0,0.0,0,0,0,0
482,Harrison,Ashby,Ashby,u,has joined Bradford City on loan for the rest of the season.,,3.9,756,219.0,0.1,456,166.0,0.0,427.0,168.0,0,0,0.0,-1,1.0,0,104,0.0,0.0,0.0,0.0,0.0,547.0,200.0,0.0,0.0,537.0,200.0,527.0,200.0,492.0,192.0,540.0,200.0,,,,,,,,0.0,0.0,0.0,0.0,0.0,0.0,0.0,0.0,0.0,26,0,0,0,0,0,0,0,0,0,0,0,0,0,0,0,0,146,0.0,0.0,0.0,0.0,0.0,0.0,0.0,0.0,0.0,0,0,0,0
484,Matt,Targett,Targett,u,has joined Middlesbrough on loan for the rest of the season.,,4.0,668,165.0,0.1,422,155.0,0.0,459.0,182.0,0,0,0.0,0,0.0,0,57,0.0,0.0,0.0,0.0,0.0,576.0,211.0,0.0,0.0,566.0,211.0,558.0,211.0,525.0,205.0,569.0,211.0,,,,,,,,0.0,0.0,0.0,0.0,0.0,0.0,0.0,0.0,0.0,26,0,0,0,0,0,0,0,0,0,0,0,0,0,0,0,0,98,0.0,0.0,0.0,0.0,0.0,0.0,0.0,0.0,0.0,0,0,0,0
485,Anthony,Gordon,Gordon,a,,,7.2,31,19.0,2.1,126,41.0,3.2,105.0,50.0,5,0,0.0,-3,3.0,4141,7219,0.4,9.2,2.7,2.4,3.3,150.0,68.0,100.0,75.0,203.0,86.0,65.0,52.0,51.0,32.0,78.0,46.0,,,2.0,,,,,0.38,0.22,0.6,1.11,0.0,0.41,1.59,1.24,4.49,26,5,87,0,1,0,1,0,0,0,0,0,0,1,0,15,4369,33368,0.0,0.4900000000000002,0.10999999999999988,0.5999999999999996,1.540000000000001,16.599999999999994,13.100000000000023,25.0,5.5,1,0,2,3
486,Anthony,Elanga,Elanga,a,,,6.5,52,33.0,2.6,115,35.0,1.5,239.0,104.0,2,0,0.0,-5,5.0,1020,1350,0.2,5.2,1.0,1.5,1.5,416.0,187.0,100.0,100.0,330.0,150.0,125.0,87.0,195.0,107.0,241.0,122.0,,,,,,,,0.12,0.13,0.25,1.32,0.0,0.2,1.97,0.88,3.64,26,2,74,0,0,0,1,0,0,0,0,0,0,1,0,8,1778,2379,0.0,0.0,0.24,0.2400000000000002,1.4699999999999989,10.800000000000011,31.19999999999999,12.0,5.399999999999999,1,1,3,5
487,Harvey,Barnes,Barnes,a,,,6.1,81,53.0,1.4,162,52.0,2.0,195.0,82.0,2,0,0.0,-4,4.0,2585,8621,0.3,12.5,1.5,2.0,3.0,195.0,82.0,,,181.0,72.0,99.0,72.0,23.0,11.0,51.0,35.0,,,,,,,,0.36,0.13,0.49,1.21,0.0,0.26,1.38,0.92,4.91,26,2,90,0,0,0,1,0,0,0,0,0,0,1,0,13,6693,19890,0.0,0.25,0.050000000000000044,0.2999999999999998,1.8500000000000014,8.0,8.5,36.0,5.299999999999997,1,1,3,5
488,Bruno,Guimarães Rodriguez Moura,Bruno G.,i,Hamstring injury - Expected back 11 Apr,,7.0,35,21.0,11.3,32,11.0,3.5,85.0,40.0,3,0,0.0,5,-5.0,12843,188065,0.5,19.1,0.0,3.5,5.8,6.0,4.0,0.0,100.0,8.0,3.0,9.0,9.0,46.0,28.0,9.0,7.0,,,,,,,,0.21,0.16,0.37,1.16,0.0,0.27,1.38,0.98,8.92,26,3,90,0,0,0,1,0,0,0,1,0,0,1,0,21,49756,218838,0.0,0.0,0.3999999999999999,0.40000000000000036,1.5399999999999991,19.0,49.59999999999991,2.0,7.100000000000023,4,3,5,12
489,Jacob,Murphy,J.Murphy,a,,,5.9,91,57.0,0.6,234,82.0,0.5,337.0,149.0,1,0,0.0,-6,6.0,460,791,0.1,9.0,0.0,0.5,2.5,275.0,117.0,100.0,100.0,237.0,103.0,75.0,56.0,78.0,47.0,116.0,65.0,,,,,,,,0.23,0.19,0.42,1.14,0.0,0.5,1.0,1.08,4.16,26,1,15,0,0,0,0,0,0,0,0,0,0,0,0,6,871,1447,0.0,0.0,0.009999999999999787,0.009999999999999787,0.3800000000000008,5.199999999999989,0.30000000000001137,0.0,0.6000000000000085,2,1,0,3
490,Joelinton Cássio,Apolinário de Lira,Joelinton,a,,,5.9,94,59.0,0.3,330,113.0,0.0,792.0,350.0,0,0,0.0,-1,1.0,21,979,0.0,9.5,-0.5,0.0,2.9,213.0,88.0,100.0,0.0,205.0,88.0,135.0,94.0,81.0,50.0,129.0,70.0,,,,,,,,0.12,0.06,0.18,1.14,0.0,0.33,1.19,1.12,11.28,26,0,0,0,0,0,0,0,0,0,0,0,0,0,0,0,34,1855,0.0,0.0,0.0,0.0,0.0,0.0,0.0,0.0,0.0,0,0,0,0
491,Sandro,Tonali,Tonali,a,,,5.3,197,122.0,1.0,186,64.0,2.2,172.0,76.0,1,0,0.0,-2,2.0,2277,2099,0.4,11.5,1.7,2.2,2.3,296.0,130.0,100.0,100.0,190.0,76.0,71.0,53.0,160.0,89.0,124.0,68.0,1.0,1.0,,,,,,0.08,0.08,0.16,1.14,0.0,0.36,1.27,1.12,9.68,26,1,15,0,0,0,0,0,0,0,0,0,0,0,0,4,3460,3405,0.0,0.0,0.0,0.0,0.379999999999999,3.3999999999999773,0.30000000000001137,0.0,0.3999999999999915,0,2,2,4
492,Antoñito,Cordero Campillo,Antoñito C.,u,has joined Cadiz on loan for the rest of the season.,,4.9,349,218.0,0.0,674,274.0,0.0,738.0,312.0,0,0,0.0,-1,1.0,0,3,0.0,0.0,0.0,0.0,0.0,777.0,338.0,0.0,0.0,776.0,337.0,773.0,338.0,768.0,336.0,777.0,338.0,,,,,,,,0.0,0.0,0.0,0.0,0.0,0.0,0.0,0.0,0.0,26,0,0,0,0,0,0,0,0,0,0,0,0,0,0,0,0,4,0.0,0.0,0.0,0.0,0.0,0.0,0.0,0.0,0.0,0,0,0,0
494,Joe,Willock,Willock,a,,,5.0,248,150.0,0.1,501,179.0,1.5,233.0,100.0,2,0,0.0,0,0.0,464,203,0.3,4.0,1.0,1.5,1.3,427.0,192.0,100.0,100.0,397.0,176.0,276.0,161.0,278.0,150.0,361.0,172.0,,,,,,,,0.14,0.07,0.21,1.79,0.0,0.41,1.83,1.02,9.75,26,2,87,0,0,0,1,0,0,0,0,0,0,1,0,6,664,328,0.0,0.10999999999999999,0.17,0.28,1.54,9.0,27.200000000000003,29.0,6.5,2,0,6,8
496,Garang,Kuol,Kuol,u,has joined Sparta Prague permanently.,,4.4,557,333.0,0.0,630,247.0,0.0,593.0,206.0,0,0,0.0,-1,1.0,0,9,0.0,0.0,0.0,0.0,0.0,677.0,263.0,0.0,0.0,669.0,255.0,665.0,260.0,644.0,251.0,672.0,258.0,,,,,,,,0.0,0.0,0.0,0.0,0.0,0.0,0.0,0.0,0.0,26,0,0,0,0,0,0,0,0,0,0,0,0,0,0,0,0,10,0.0,0.0,0.0,0.0,0.0,0.0,0.0,0.0,0.0,0,0,0,0
497,Lewis,Miley,L.Miley,d,Dead leg - 75% chance of playing,,4.5,464,281.0,2.9,111,33.0,0.5,321.0,139.0,0,0,0.0,0,0.0,1309,10852,0.1,12.9,0.0,0.4,3.1,171.0,73.0,75.0,75.0,191.0,77.0,133.0,93.0,189.0,105.0,178.0,97.0,,,,,,,,0.11,0.16,0.27,1.08,0.0,0.16,1.27,0.87,9.77,26,0,0,0,0,0,0,0,0,0,0,0,0,0,0,0,2979,25070,0.0,0.0,0.0,0.0,0.0,0.0,0.0,0.0,0.0,0,0,0,0
498,Joe,White,White,u,has joined Bradford City on loan for the rest of the season.,,4.5,438,262.0,0.0,764,328.0,0.0,625.0,226.0,0,0,0.0,0,0.0,0,7,0.0,0.0,0.0,0.0,0.0,702.0,279.0,0.0,0.0,696.0,273.0,694.0,277.0,676.0,270.0,699.0,276.0,,,,,,,,0.0,0.0,0.0,0.0,0.0,0.0,0.0,0.0,0.0,26,0,0,0,0,0,0,0,0,0,0,0,0,0,0,0,0,8,0.0,0.0,0.0,0.0,0.0,0.0,0.0,0.0,0.0,0,0,0,0
500,William,Osula,Osula,a,,,5.4,183,45.0,0.2,380,61.0,0.8,301.0,42.0,1,0,0.0,-1,1.0,196,163,0.1,3.9,0.3,0.8,1.6,393.0,46.0,100.0,100.0,408.0,45.0,396.0,52.0,273.0,47.0,394.0,47.0,,,,,,,,0.23,0.01,0.24,1.5,0.0,0.37,2.2,0.37,3.66,26,1,2,0,0,0,0,0,0,0,0,0,0,0,0,2,334,216,0.0,0.0,0.0,0.0,0.3200000000000003,0.0,0.0,0.0,0.0,0,0,1,1
674,Aaron,Ramsdale,Ramsdale,a,,,4.8,363,14.0,0.7,226,29.0,0.0,703.0,92.0,0,0,0.0,-2,2.0,251,851,0.0,2.3,-0.5,0.0,1.6,384.0,30.0,,,344.0,27.0,422.0,10.0,746.0,83.0,402.0,26.0,,,,,,,,0.0,0.0,0.0,1.3,1.63,0.0,1.63,0.98,0.0,26,0,0,0,0,0,0,0,0,0,0,0,0,0,0,0,412,1788,0.0,0.0,0.0,0.0,0.0,0.0,0.0,0.0,0.0,0,0,0,0
373,Virgil,van Dijk,Virgil,a,,,5.9,90,5.0,21.7,18,6.0,7.5,4.0,1.0,17,0,0.0,-1,1.0,90393,8746,1.3,18.8,8.0,8.0,4.3,46.0,16.0,,,5.0,2.0,189.0,47.0,82.0,6.0,41.0,3.0,,,,,,,,0.07,0.03,0.1,1.17,0.0,0.31,1.35,1.0,9.65,26,17,90,1,0,1,0,0,0,0,0,0,0,1,3,45,96630,44729,0.0,0.7899999999999998,0.010000000000000009,0.7999999999999998,0.629999999999999,61.0,1.5999999999999943,47.0,11.0,0,13,1,13
684,Malick,Thiaw,Thiaw,a,,,5.0,262,40.0,4.4,80,27.0,3.2,96.0,35.0,11,-1,1.0,0,0.0,20452,11701,0.6,19.4,2.7,3.2,4.2,54.0,21.0,,,19.0,8.0,258.0,78.0,72.0,3.0,67.0,13.0,,,,,,,,0.12,0.03,0.15,1.36,0.0,0.19,1.58,1.02,9.2,26,11,90,1,0,0,1,0,0,0,0,0,0,1,1,31,24793,61958,0.0,0.48999999999999977,0.18999999999999995,0.6799999999999997,1.8500000000000014,64.59999999999991,11.799999999999997,64.0,14.0,0,10,4,10
689,Seung-Soo,Park,Seung soo,a,,,4.3,621,365.0,0.5,263,90.0,0.0,568.0,194.0,0,0,0.0,-2,2.0,4765,2011,0.0,0.0,-0.5,0.0,0.0,659.0,254.0,,,649.0,244.0,646.0,250.0,622.0,239.0,652.0,247.0,,,,,,,,0.0,0.0,0.0,0.0,0.0,0.0,0.0,0.0,0.0,26,0,0,0,0,0,0,0,0,0,0,0,0,0,0,0,9136,3114,0.0,0.0,0.0,0.0,0.0,0.0,0.0,0.0,0.0,0,0,0,0
714,Nick,Woltemade,Woltemade,a,,,6.9,42,17.0,8.2,45,9.0,1.0,281.0,40.0,1,0,0.0,-1,1.0,3268,51974,0.1,12.2,0.5,1.0,3.7,100.0,8.0,,,123.0,11.0,175.0,13.0,40.0,16.0,88.0,15.0,,,3.0,,,,,0.4,0.05,0.45,1.16,0.0,0.38,1.33,1.08,4.58,26,1,2,0,0,0,0,0,0,0,0,0,0,0,0,5,8405,103461,0.0,0.0,0.0,0.0,0.3200000000000003,2.0,0.0,0.0,0.20000000000000284,1,0,0,1
765,Leo,Shahar,Shahar,a,,,4.0,711,189.0,0.0,663,232.0,0.0,497.0,201.0,0,0,0.0,0,0.0,142,107,0.0,0.0,-0.5,0.0,0.0,611.0,228.0,,,601.0,228.0,594.0,228.0,562.0,223.0,604.0,228.0,,,,,,,,0.0,0.0,0.0,0.0,0.0,0.0,0.0,0.0,0.0,26,0,0,0,0,0,0,0,0,0,0,0,0,0,0,0,259,171,0.0,0.0,0.0,0.0,0.0,0.0,0.0,0.0,0.0,0,0,0,0
772,Sam,Alabi,Alabi,a,,,4.5,512,316.0,0.0,783,342.0,0.0,685.0,274.0,0,0,0.0,0,0.0,34,19,0.0,0.0,-0.5,0.0,0.0,750.0,318.0,,,749.0,317.0,744.0,318.0,730.0,314.0,750.0,318.0,,,,,,,,0.0,0.0,0.0,0.0,0.0,0.0,0.0,0.0,0.0,26,0,0,0,0,0,0,0,0,0,0,0,0,0,0,0,55,24,0.0,0.0,0.0,0.0,0.0,0.0,0.0,0.0,0.0,0,0,0,0
12,Oleksandr,Zinchenko,Zinchenko,u,has joined Ajax permanently.,,4.9,304,47.0,0.2,360,130.0,0.0,715.0,252.0,0,0,0.0,-1,1.0,0,372,0.0,1.4,0.0,0.0,1.4,421.0,152.0,0.0,0.0,363.0,137.0,271.0,86.0,369.0,128.0,365.0,126.0,,,,,,,,0.02,0.09,0.11,1.28,0.0,0.0,1.53,1.02,6.14,26,0,0,0,0,0,0,0,0,0,0,0,0,0,0,0,0,542,0.0,0.0,0.0,0.0,0.0,0.0,0.0,0.0,0.0,0,0,0,0
426,James,McAtee,McAtee,a,,,5.0,257,157.0,0.1,494,174.0,0.0,743.0,315.0,0,0,0.0,-5,5.0,78,130,0.0,1.2,-0.5,0.5,0.9,502.0,236.0,,,447.0,199.0,345.0,186.0,408.0,199.0,428.0,195.0,,,,,,,,0.01,0.09,0.1,1.9,0.0,0.0,3.73,0.53,5.86,26,0,0,0,0,0,0,0,0,0,0,0,0,0,0,0,135,182,0.0,0.0,0.0,0.0,0.0,0.0,0.0,0.0,0.0,0,0,0,0
502,Matz,Sels,Sels,i,Groin Injury - Unknown return date,,4.6,396,18.0,5.1,69,12.0,1.8,208.0,19.0,0,0,0.0,-4,4.0,40,16684,0.4,13.3,0.0,0.0,3.0,188.0,18.0,0.0,0.0,78.0,15.0,420.0,8.0,735.0,78.0,257.0,15.0,,,,,,,,0.0,0.0,0.0,1.52,2.95,0.21,1.45,1.02,0.0,26,0,0,0,0,0,0,0,0,0,0,0,0,0,0,0,64,33480,0.0,0.0,0.0,0.0,0.0,0.0,0.0,0.0,0.0,0,0,0,0
503,Carlos Miguel,dos Santos Pereira,C.Miguel,u,Has joined Palmeiras permanently.,,4.0,688,56.0,0.1,549,76.0,0.0,476.0,67.0,0,0,0.0,0,0.0,0,24,0.0,0.0,0.0,0.0,0.0,592.0,75.0,0.0,0.0,582.0,75.0,575.0,63.0,542.0,49.0,585.0,75.0,,,,,,,,0.0,0.0,0.0,0.0,0.0,0.0,0.0,0.0,0.0,26,0,0,0,0,0,0,0,0,0,0,0,0,0,0,0,0,40,0.0,0.0,0.0,0.0,0.0,0.0,0.0,0.0,0.0,0,0,0,0
505,Nikola,Milenković,Milenković,a,,,5.1,229,31.0,3.3,100,37.0,4.5,35.0,8.0,6,0,0.0,-4,4.0,3527,4676,0.9,14.9,4.0,5.0,2.9,206.0,80.0,,,62.0,29.0,356.0,124.0,242.0,67.0,185.0,59.0,,,,,,,,0.03,0.02,0.05,1.44,0.0,0.23,1.46,1.0,8.27,26,6,90,0,0,1,0,0,0,0,0,0,0,1,0,24,7115,8046,0.0,0.010000000000000009,0.0,0.010000000000000009,0.4199999999999946,12.400000000000034,1.3000000000000043,1.0,1.5,0,6,3,6
506,Murillo,Costa dos Santos,Murillo,d,Calf injury - 50% chance of playing,,5.2,220,29.0,1.9,134,52.0,2.5,159.0,57.0,0,0,0.0,-3,3.0,103,10486,0.5,12.3,1.0,1.5,3.6,110.0,40.0,50.0,50.0,80.0,34.0,260.0,80.0,276.0,80.0,196.0,64.0,,3.0,,,,,,0.03,0.02,0.05,1.43,0.0,0.23,1.34,1.05,9.7,26,0,0,0,0,0,0,0,0,0,0,0,0,0,0,0,165,22069,0.0,0.0,0.0,0.0,0.0,0.0,0.0,0.0,0.0,0,0,0,0
507,Ola,Aina,Aina,a,,,4.7,380,64.0,2.3,123,48.0,5.2,22.0,4.0,7,0,0.0,-3,3.0,4565,3153,1.1,7.4,4.7,5.7,3.5,120.0,45.0,100.0,100.0,284.0,111.0,228.0,60.0,304.0,95.0,308.0,103.0,,,,,,,,0.03,0.06,0.09,1.63,0.0,0.31,1.23,1.03,7.18,26,7,90,0,0,1,0,0,0,0,0,0,0,1,1,32,8043,5181,0.0,0.08000000000000002,0.16999999999999998,0.25,0.41999999999999993,20.0,32.8,7.0,5.9999999999999964,0,6,5,6
508,Neco,Williams,N.Williams,a,,,4.7,384,65.0,2.9,110,45.0,3.5,80.0,29.0,8,0,0.0,-3,3.0,1400,2894,0.7,16.8,3.0,4.0,3.2,157.0,61.0,100.0,100.0,41.0,17.0,44.0,4.0,87.0,8.0,40.0,2.0,4.0,,,,,,,0.06,0.12,0.18,1.39,0.0,0.25,1.43,1.02,6.82,26,8,90,0,0,1,0,0,0,0,0,0,0,1,2,40,3371,5962,0.0,0.17999999999999994,0.6800000000000002,0.8600000000000003,0.4200000000000017,27.0,49.30000000000001,39.0,11.5,3,2,6,5
509,David,Mota Veiga Teixeira do Carmo,David Carmo,u,has joined Real Oviedo on loan for the rest of the season.,,4.5,434,86.0,0.0,675,235.0,0.0,622.0,244.0,0,0,0.0,0,0.0,0,6,0.0,0.0,0.0,0.0,0.0,699.0,256.0,0.0,0.0,693.0,256.0,690.0,256.0,672.0,256.0,696.0,256.0,,,,,,,,0.0,0.0,0.0,0.0,0.0,0.0,0.0,0.0,0.0,26,0,0,0,0,0,0,0,0,0,0,0,0,0,0,0,0,7,0.0,0.0,0.0,0.0,0.0,0.0,0.0,0.0,0.0,0,0,0,0
510,Jair,Paula da Cunha Filho,Jair Cunha,a,,,4.2,645,155.0,0.1,555,199.0,0.0,533.0,227.0,0,0,0.0,-3,3.0,32,60,0.0,0.7,-0.5,0.5,3.0,185.0,73.0,,,431.0,161.0,473.0,174.0,594.0,245.0,460.0,166.0,,,,,,,,0.0,0.0,0.0,3.28,0.0,0.0,2.0,1.0,11.0,26,0,0,0,0,0,0,0,0,0,0,0,0,0,0,0,58,79,0.0,0.0,0.0,0.0,0.0,0.0,0.0,0.0,0.0,0,0,0,0
511,Felipe,Rodrigues da Silva,Morato,a,,,4.3,591,135.0,0.1,510,180.0,3.2,91.0,33.0,8,0,0.0,-2,2.0,117,104,0.7,7.9,2.7,3.7,2.4,281.0,107.0,,,225.0,88.0,386.0,137.0,295.0,90.0,319.0,108.0,,,,,,,,0.08,0.01,0.09,1.35,0.0,0.19,1.63,0.96,9.41,26,8,90,0,0,1,0,0,0,0,0,0,0,1,0,30,318,164,0.0,0.36999999999999994,0.009999999999999995,0.38,0.41999999999999993,23.600000000000023,11.4,43.0,7.800000000000001,2,8,7,10
512,Omar,Richards,O.Richards,u,has joined Rio Ave on loan for the rest of the season.,,4.5,418,78.0,0.0,682,237.0,0.0,611.0,241.0,0,0,0.0,0,0.0,0,2,0.0,0.0,0.0,0.0,0.0,691.0,254.0,0.0,0.0,685.0,254.0,681.0,254.0,661.0,253.0,688.0,254.0,,,,,,,,0.0,0.0,0.0,0.0,0.0,0.0,0.0,0.0,0.0,26,0,0,0,0,0,0,0,0,0,0,0,0,0,0,0,0,4,0.0,0.0,0.0,0.0,0.0,0.0,0.0,0.0,0.0,0,0,0,0
513,Zach,Abbott,Abbott,a,,,3.8,806,255.0,0.3,333,120.0,0.2,351.0,128.0,0,0,0.0,-2,2.0,267,317,0.1,0.5,-0.3,0.7,1.0,448.0,163.0,,,434.0,163.0,436.0,158.0,471.0,186.0,454.0,164.0,,,,,,,,0.0,0.01,0.01,2.35,0.0,0.0,3.0,0.75,7.5,26,0,0,0,0,0,0,0,0,0,0,0,0,0,0,0,548,535,0.0,0.0,0.0,0.0,0.0,0.0,0.0,0.0,0.0,0,0,0,0
514,Willy,Boly,Boly,i,Knee injury - Unknown return date,,3.8,783,233.0,0.4,283,105.0,0.0,389.0,145.0,0,0,0.0,-2,2.0,355,797,0.0,0.0,0.0,0.5,0.0,515.0,183.0,0.0,100.0,504.0,182.0,490.0,179.0,454.0,170.0,507.0,182.0,,,,,,,,0.0,0.0,0.0,0.0,0.0,0.0,0.0,0.0,0.0,26,0,0,0,0,0,0,0,0,0,0,0,0,0,0,0,973,1087,0.0,0.0,0.0,0.0,0.0,0.0,0.0,0.0,0.0,0,0,0,0
515,Morgan,Gibbs-White,Gibbs-White,a,,,7.3,26,16.0,3.7,90,30.0,4.8,31.0,19.0,3,0,0.0,-2,2.0,3225,21168,0.7,14.1,4.3,5.3,4.0,77.0,35.0,100.0,100.0,75.0,24.0,18.0,18.0,24.0,12.0,18.0,14.0,,2.0,2.0,,,,,0.26,0.08,0.34,1.49,0.0,0.24,1.43,1.02,5.1,26,3,90,0,0,1,0,0,0,0,0,0,0,1,0,15,12417,31057,0.0,0.40000000000000036,0.1100000000000001,0.5099999999999998,0.4200000000000017,15.599999999999966,61.799999999999955,28.0,10.5,1,1,6,8
516,Callum,Hudson-Odoi,Hudson-Odoi,a,,,5.7,115,72.0,0.7,216,74.0,2.2,175.0,77.0,3,0,0.0,-3,3.0,562,1889,0.4,11.4,1.7,2.7,2.7,243.0,99.0,100.0,100.0,193.0,78.0,29.0,28.0,80.0,49.0,65.0,42.0,,,,,,,,0.13,0.12,0.25,1.56,0.0,0.25,1.41,0.98,5.21,26,3,64,0,0,1,0,0,0,0,0,0,0,1,0,26,2196,3148,0.0,0.2500000000000002,0.28,0.5299999999999998,0.21000000000000085,20.399999999999977,60.60000000000002,47.0,12.800000000000011,0,2,4,6
517,Elliot,Anderson,Anderson,a,,,5.4,169,103.0,5.9,62,21.0,5.2,23.0,15.0,5,0,0.0,-1,1.0,20955,13153,1.0,20.9,4.7,5.7,4.3,43.0,22.0,,,26.0,7.0,7.0,7.0,109.0,65.0,17.0,13.0,2.0,,4.0,,,,,0.08,0.11,0.19,1.44,0.0,0.23,1.46,1.0,13.92,26,5,90,0,0,1,0,0,0,0,0,0,0,1,0,24,44534,24218,0.0,0.27,0.52,0.79,0.4199999999999946,32.799999999999955,30.799999999999955,40.0,10.400000000000006,5,2,9,16
518,João Pedro,Ferreira da Silva,Jota,u,has joined Besiktas on loan for the rest of the season.,,5.4,180,111.0,0.0,620,240.0,0.0,781.0,342.0,0,0,0.0,-1,1.0,0,14,0.0,0.2,0.0,0.0,1.0,497.0,233.0,0.0,0.0,469.0,213.0,472.0,228.0,431.0,214.0,476.0,220.0,,,,,,,,0.0,0.0,0.0,0.0,0.0,0.0,0.0,0.0,24.55,26,0,0,0,0,0,0,0,0,0,0,0,0,0,0,0,0,20,0.0,0.0,0.0,0.0,0.0,0.0,0.0,0.0,0.0,0,0,0,0
519,Nicolás,Domínguez,Dominguez,a,,,5.0,256,156.0,0.0,623,242.0,1.2,256.0,111.0,0,0,0.0,0,0.0,51,201,0.2,6.6,0.7,1.7,2.1,316.0,138.0,100.0,100.0,274.0,118.0,196.0,131.0,214.0,117.0,259.0,128.0,3.0,,,,,,,0.12,0.04,0.16,1.64,0.0,0.33,1.67,1.33,9.11,26,0,0,0,0,0,0,0,0,0,0,0,0,0,0,0,161,335,0.0,0.0,0.0,0.0,0.0,0.0,0.0,0.0,0.0,0,0,0,0
521,Ibrahim,Sangaré,Sangaré,a,,,4.9,308,192.0,0.1,545,199.0,2.8,127.0,58.0,3,0,0.0,-1,1.0,118,165,0.6,12.4,2.3,3.3,3.4,130.0,57.0,100.0,100.0,178.0,71.0,220.0,141.0,224.0,123.0,220.0,111.0,,,,,,,,0.07,0.09,0.16,1.47,0.0,0.41,1.16,1.1,10.62,26,3,90,0,0,1,0,0,0,0,0,0,0,1,0,13,371,332,0.0,0.0,0.10000000000000009,0.09999999999999964,0.4200000000000017,9.0,14.199999999999989,2.0,2.5,4,0,4,8
523,Eric,da Silva Moreira,Da Silva Moreira,a,,,4.5,475,289.0,0.1,575,213.0,0.0,651.0,249.0,0,0,0.0,0,0.0,66,41,0.0,0.0,-0.5,0.5,0.0,723.0,298.0,100.0,100.0,720.0,295.0,716.0,297.0,701.0,292.0,722.0,297.0,,,,,,,,0.0,0.0,0.0,0.0,0.0,0.0,0.0,0.0,0.0,26,0,0,0,0,0,0,0,0,0,0,0,0,0,0,0,129,57,0.0,0.0,0.0,0.0,0.0,0.0,0.0,0.0,0.0,0,0,0,0
692,Giovanni,Leoni,Leoni,i,Knee injury - Expected back 01 Sep,,4.9,350,57.0,0.0,709,245.0,0.0,739.0,256.0,0,0,0.0,-1,1.0,11,12,0.0,0.0,0.0,0.0,0.0,778.0,261.0,0.0,0.0,777.0,261.0,774.0,261.0,769.0,261.0,778.0,261.0,,,,,,,,0.0,0.0,0.0,0.0,0.0,0.0,0.0,0.0,0.0,26,0,0,0,0,0,0,0,0,0,0,0,0,0,0,0,16,18,0.0,0.0,0.0,0.0,0.0,0.0,0.0,0.0,0.0,0,0,0,0
524,Marko,Stamenić,Stamenic,u,Has joined Swansea City permanently.,,4.5,451,269.0,0.0,689,284.0,0.0,631.0,232.0,0,0,0.0,0,0.0,0,4,0.0,0.0,0.0,0.0,0.0,707.0,284.0,0.0,0.0,702.0,279.0,699.0,282.0,682.0,275.0,704.0,281.0,,,,,,,,0.0,0.0,0.0,0.0,0.0,0.0,0.0,0.0,0.0,26,0,0,0,0,0,0,0,0,0,0,0,0,0,0,0,0,6,0.0,0.0,0.0,0.0,0.0,0.0,0.0,0.0,0.0,0,0,0,0
525,Chris,Wood,Wood,i,Knee injury - Unknown return date,,7.2,28,11.0,4.6,77,14.0,0.0,814.0,90.0,0,0,0.0,-3,3.0,36,1826,0.0,3.5,0.0,0.0,3.1,179.0,17.0,0.0,0.0,368.0,37.0,335.0,39.0,135.0,32.0,320.0,36.0,,,1.0,,,,,0.47,0.02,0.49,1.31,0.0,0.17,1.34,1.17,2.34,26,0,0,0,0,0,0,0,0,0,0,0,0,0,0,0,48,2489,0.0,0.0,0.0,0.0,0.0,0.0,0.0,0.0,0.0,0,0,0,0
526,Igor Jesus,Maciel da Cruz,Igor Jesus,a,,,5.8,109,32.0,1.4,161,27.0,3.2,100.0,12.0,1,0,0.0,-2,2.0,2459,11376,0.6,10.2,2.7,3.7,2.4,289.0,31.0,100.0,100.0,273.0,25.0,217.0,23.0,28.0,14.0,139.0,18.0,,,3.0,,,,,0.26,0.05,0.31,1.61,0.0,0.32,1.7,1.07,4.42,26,1,19,0,0,0,0,0,0,0,0,0,0,0,0,3,11926,18121,0.0,0.3299999999999996,0.0,0.33000000000000007,0.20000000000000284,5.0,0.0,33.0,3.8000000000000114,0,1,0,1
527,Taiwo,Awoniyi,Awoniyi,a,,,5.2,210,48.0,0.3,319,52.0,1.5,235.0,29.0,0,0,0.0,-3,3.0,302,461,0.3,2.5,1.0,2.0,1.6,389.0,45.0,100.0,100.0,398.0,43.0,349.0,41.0,231.0,44.0,362.0,44.0,,,,,,,,0.38,0.17,0.55,1.5,0.0,0.0,0.88,0.44,5.29,26,0,0,0,0,0,0,0,0,0,0,0,0,0,0,0,667,732,0.0,0.0,0.0,0.0,0.0,0.0,0.0,0.0,0.0,0,0,0,0
669,Dan,Ndoye,Ndoye,a,,,5.5,148,92.0,0.7,217,75.0,0.8,302.0,131.0,1,0,0.0,-5,5.0,114,392,0.1,8.2,0.3,1.3,2.4,288.0,126.0,100.0,100.0,286.0,126.0,140.0,98.0,145.0,83.0,213.0,106.0,,,,,,,,0.08,0.13,0.21,1.2,0.0,0.17,1.33,1.17,7.51,26,1,25,0,0,0,0,0,0,0,0,0,0,0,0,5,272,642,0.0,0.13,0.020000000000000018,0.1499999999999999,0.21999999999999886,5.0,21.799999999999983,23.0,5.0,1,0,0,1
675,Angus,Gunn,Gunn,a,,,4.0,662,43.0,1.2,180,23.0,0.2,352.0,23.0,0,0,0.0,0,0.0,180,329,0.0,0.2,-0.3,0.7,1.0,449.0,32.0,100.0,100.0,487.0,32.0,554.0,50.0,520.0,36.0,500.0,32.0,,,,,,,,0.0,0.0,0.0,0.42,0.0,0.0,0.0,0.0,0.0,26,0,0,0,0,0,0,0,0,0,0,0,0,0,0,0,358,608,0.0,0.0,0.0,0.0,0.0,0.0,0.0,0.0,0.0,0,0,0,0
693,Omari,Hutchinson,Hutchinson,a,,,5.4,179,110.0,0.1,499,177.0,2.0,192.0,81.0,3,0,0.0,-1,1.0,73,331,0.4,10.4,1.5,2.5,2.8,230.0,92.0,,,216.0,95.0,45.0,41.0,98.0,60.0,100.0,59.0,,,,,,,,0.15,0.26,0.41,1.35,0.0,0.26,1.31,0.78,7.14,26,3,90,0,0,1,0,0,0,0,0,0,0,1,0,12,261,678,0.0,0.08999999999999986,0.25,0.33999999999999986,0.41999999999999993,21.0,61.69999999999999,13.0,9.600000000000009,2,2,1,5
696,Arnaud,Kalimuendo,Kalimuendo,u,has joined Eintracht Frankfurt on loan for the rest of the season.,,6.0,89,28.0,0.1,446,65.0,0.0,800.0,85.0,0,0,0.0,0,0.0,0,104,0.0,1.5,0.0,0.0,1.0,500.0,61.0,0.0,0.0,462.0,56.0,393.0,51.0,329.0,52.0,435.0,55.0,,,,,,,,0.44,0.02,0.46,1.59,0.0,0.0,3.03,0.0,6.07,26,0,0,0,0,0,0,0,0,0,0,0,0,0,0,0,0,136,0.0,0.0,0.0,0.0,0.0,0.0,0.0,0.0,0.0,0,0,0,0
715,John Victor,Maciel Furtado,John,i,Knee injury - Expected back 01 Jun,,4.0,670,46.0,0.3,295,39.0,0.0,461.0,57.0,0,0,0.0,0,0.0,61,542,0.0,2.8,0.0,0.0,2.2,299.0,26.0,0.0,0.0,395.0,29.0,560.0,53.0,527.0,39.0,437.0,29.0,,,,,,,,0.0,0.0,0.0,1.26,1.24,0.21,1.65,1.03,0.0,26,0,0,0,0,0,0,0,0,0,0,0,0,0,0,0,103,1062,0.0,0.0,0.0,0.0,0.0,0.0,0.0,0.0,0.0,0,0,0,0
716,Nicolò,Savona,Savona,i,Knee injury - Unknown return date,,4.5,453,92.0,0.1,539,191.0,0.0,633.0,245.0,0,0,0.0,0,0.0,7,353,0.0,8.7,0.0,0.0,2.8,222.0,88.0,0.0,0.0,235.0,92.0,208.0,51.0,240.0,65.0,254.0,85.0,,,,,,,,0.12,0.04,0.16,1.32,0.0,0.26,1.58,0.97,5.0,26,0,0,0,0,0,0,0,0,0,0,0,0,0,0,0,14,826,0.0,0.0,0.0,0.0,0.0,0.0,0.0,0.0,0.0,0,0,0,0
729,Luis Eduardo,Soares da Silva,Cuiabano,u,has joined Vasco de Gama on loan for the rest of the season.,,4.5,474,94.0,0.0,810,265.0,0.0,650.0,246.0,0,0,0.0,0,0.0,0,14,0.0,0.0,0.0,0.0,0.0,722.0,257.0,0.0,0.0,719.0,257.0,715.0,257.0,700.0,257.0,721.0,257.0,,,,,,,,0.0,0.0,0.0,0.0,0.0,0.0,0.0,0.0,0.0,26,0,0,0,0,0,0,0,0,0,0,0,0,0,0,0,0,24,0.0,0.0,0.0,0.0,0.0,0.0,0.0,0.0,0.0,0,0,0,0
734,Dilane,Bakwa,Bakwa,a,,,5.9,101,65.0,0.0,679,277.0,0.0,798.0,356.0,0,0,0.0,-1,1.0,36,62,0.0,2.0,-0.5,0.5,1.5,415.0,186.0,100.0,100.0,401.0,178.0,224.0,142.0,272.0,147.0,346.0,165.0,,,,,,,,0.12,0.2,0.32,1.64,0.0,0.0,2.09,0.89,6.85,26,0,0,0,0,0,0,0,0,0,0,0,0,0,0,0,79,100,0.0,0.0,0.0,0.0,0.0,0.0,0.0,0.0,0.0,0,0,0,0
805,Lorenzo,Lucca,Lucca,a,,,5.5,149,38.0,0.0,643,83.0,2.3,163.0,22.0,2,0,0.0,0,0.0,309,400,0.4,1.3,1.8,2.8,3.5,124.0,11.0,,,421.0,48.0,452.0,59.0,354.0,53.0,436.0,56.0,,,,,,,,0.61,0.0,0.61,0.57,0.0,0.85,0.0,0.85,2.55,26,2,70,0,0,1,0,0,0,0,0,0,0,1,0,2,1329,522,0.0,0.5599999999999999,0.0,0.5599999999999999,0.22000000000000003,0.0,1.0,8.0,0.7000000000000002,0,2,1,3
814,Luca,Netz,Netz,a,,,4.5,441,87.0,0.0,797,264.0,0.5,320.0,117.0,0,0,0.0,0,0.0,35,25,0.1,0.2,0.0,1.0,1.0,471.0,171.0,,,492.0,175.0,462.0,170.0,441.0,165.0,487.0,172.0,,,,,,,,0.0,2.31,2.31,0.0,0.0,0.0,0.0,0.0,0.0,26,0,0,0,0,0,0,0,0,0,0,0,0,0,0,0,72,34,0.0,0.0,0.0,0.0,0.0,0.0,0.0,0.0,0.0,0,0,0,0
528,Anthony,Patterson,Patterson,u,has joined Millwall on loan for the rest of the season.,,4.2,633,34.0,0.2,399,57.0,0.0,527.0,82.0,0,0,0.0,-3,3.0,0,312,0.0,0.0,0.0,0.0,0.0,633.0,88.0,0.0,0.0,624.0,88.0,618.0,78.0,590.0,65.0,627.0,88.0,,,,,,,,0.0,0.0,0.0,0.0,0.0,0.0,0.0,0.0,0.0,26,0,0,0,0,0,0,0,0,0,0,0,0,0,0,0,0,482,0.0,0.0,0.0,0.0,0.0,0.0,0.0,0.0,0.0,0,0,0,0
529,Simon,Moore,Moore,a,,,3.9,739,69.0,0.4,289,38.0,0.0,414.0,28.0,0,0,0.0,-1,1.0,171,151,0.0,0.0,0.0,-0.5,0.0,535.0,37.0,,,525.0,37.0,515.0,22.0,480.0,8.0,528.0,37.0,,,,,,,,0.0,0.0,0.0,0.0,0.0,0.0,0.0,0.0,0.0,26,0,0,0,0,0,0,0,0,0,0,0,0,0,0,0,300,314,0.0,0.0,0.0,0.0,0.0,0.0,0.0,0.0,0.0,0,0,0,0
530,Blondy,Nna Noukeu,Nna Noukeu,u,has joined US Boulogne CO permanently.,,3.9,767,86.0,0.1,452,67.0,0.0,436.0,45.0,0,0,0.0,-1,1.0,0,122,0.0,0.0,0.0,0.0,0.0,555.0,54.0,0.0,0.0,545.0,54.0,535.0,39.0,500.0,25.0,548.0,54.0,,,,,,,,0.0,0.0,0.0,0.0,0.0,0.0,0.0,0.0,0.0,26,0,0,0,0,0,0,0,0,0,0,0,0,0,0,0,0,222,0.0,0.0,0.0,0.0,0.0,0.0,0.0,0.0,0.0,0,0,0,0
531,Daniel,Ballard,Ballard,a,,,4.6,399,68.0,3.0,108,43.0,4.0,56.0,21.0,4,0,0.0,1,-1.0,6993,3028,0.9,21.1,4.0,3.5,4.4,36.0,14.0,100.0,100.0,44.0,19.0,211.0,53.0,58.0,2.0,70.0,15.0,,,,,,,,0.12,0.03,0.15,1.35,0.0,0.27,1.24,0.97,10.88,26,4,90,0,0,0,1,0,0,0,0,0,0,1,0,12,9030,9765,0.0,0.04999999999999982,0.0,0.050000000000000266,2.5299999999999976,21.600000000000023,11.299999999999997,6.0,3.9000000000000057,0,13,2,13
532,Trai,Hume,Hume,a,,,4.5,443,88.0,0.3,307,112.0,2.0,187.0,70.0,2,0,0.0,0,0.0,257,410,0.4,16.4,2.0,1.5,2.8,221.0,87.0,,,132.0,58.0,102.0,26.0,146.0,28.0,121.0,38.0,2.0,,,,,,,0.06,0.04,0.1,1.44,0.0,0.3,1.14,1.01,6.17,26,2,79,0,0,0,1,0,0,0,0,0,0,1,0,4,360,1027,0.0,0.1399999999999999,0.030000000000000027,0.17000000000000037,2.379999999999999,16.0,15.0,10.0,4.1000000000000085,2,5,1,7
533,Aji,Alese,Alese,u,has joined Portsmouth on loan for the rest of the season.,,4.0,669,166.0,0.0,782,262.0,0.0,460.0,183.0,0,0,0.0,0,0.0,0,8,0.0,0.0,0.0,0.0,0.0,577.0,212.0,0.0,0.0,567.0,212.0,559.0,212.0,526.0,206.0,570.0,212.0,,,,,,,,0.0,0.0,0.0,0.0,0.0,0.0,0.0,0.0,0.0,26,0,0,0,0,0,0,0,0,0,0,0,0,0,0,0,0,11,0.0,0.0,0.0,0.0,0.0,0.0,0.0,0.0,0.0,0,0,0,0
534,Joe,Anderson,Anderson,u,has joined Barrow FC permanently.,,3.8,788,237.0,0.3,304,111.0,0.0,393.0,148.0,0,0,0.0,-2,2.0,0,509,0.0,0.0,0.0,0.0,0.0,517.0,184.0,0.0,0.0,507.0,184.0,494.0,182.0,458.0,173.0,510.0,184.0,,,,,,,,0.0,0.0,0.0,0.0,0.0,0.0,0.0,0.0,0.0,26,0,0,0,0,0,0,0,0,0,0,0,0,0,0,0,0,850,0.0,0.0,0.0,0.0,0.0,0.0,0.0,0.0,0.0,0,0,0,0
535,Dennis,Cirkin,Cirkin,a,,,4.0,680,171.0,0.1,574,206.0,0.2,353.0,129.0,0,0,0.0,0,0.0,91,178,0.0,3.2,0.2,-0.3,2.2,300.0,111.0,100.0,100.0,394.0,150.0,426.0,154.0,433.0,160.0,430.0,154.0,,,,,,,,0.0,0.01,0.01,1.84,0.0,0.3,0.61,0.91,7.91,26,0,0,0,0,0,0,0,0,0,0,0,0,0,0,0,148,296,0.0,0.0,0.0,0.0,0.0,0.0,0.0,0.0,0.0,0,0,0,0
536,Leo Fuhr,Hjelde,Hjelde,u,has joined Sheffield United on loan for the rest of the season.,,4.0,689,175.0,0.0,707,243.0,0.0,477.0,189.0,0,0,0.0,0,0.0,0,48,0.0,0.0,0.0,0.0,0.0,593.0,218.0,0.0,0.0,583.0,218.0,576.0,218.0,543.0,212.0,586.0,218.0,,,,,,,,0.0,0.0,0.0,0.0,0.0,0.0,0.0,0.0,0.0,26,0,0,0,0,0,0,0,0,0,0,0,0,0,0,0,0,80,0.0,0.0,0.0,0.0,0.0,0.0,0.0,0.0,0.0,0,0,0,0
537,Niall,Huggins,Huggins,u,has joined Wycombe Wanderers on loan for the rest of the season.,,4.0,691,176.0,0.1,541,193.0,0.0,479.0,190.0,0,0,0.0,0,0.0,0,21,0.0,0.0,0.0,0.0,0.0,595.0,219.0,0.0,0.0,585.0,219.0,578.0,219.0,545.0,213.0,588.0,219.0,,,,,,,,0.0,0.0,0.0,0.0,0.0,0.0,0.0,0.0,0.0,26,0,0,0,0,0,0,0,0,0,0,0,0,0,0,0,0,39,0.0,0.0,0.0,0.0,0.0,0.0,0.0,0.0,0.0,0,0,0,0
539,Luke,O'Nien,O'Nien,a,,,4.0,667,164.0,0.1,558,200.0,0.5,312.0,109.0,0,0,0.0,0,0.0,102,116,0.1,0.5,0.5,0.0,0.4,510.0,178.0,100.0,100.0,463.0,168.0,460.0,168.0,524.0,204.0,479.0,169.0,,,,,,,,0.0,0.0,0.0,3.52,0.0,0.0,0.0,0.0,12.27,26,0,0,0,0,0,0,0,0,0,0,0,0,0,0,0,161,176,0.0,0.0,0.0,0.0,0.0,0.0,0.0,0.0,0.0,0,0,0,0
540,Timothée,Pembélé,Pembele,u,has joined Le Havre AC on loan for the rest of the season.,,3.9,760,221.0,0.3,322,118.0,0.0,430.0,169.0,0,0,0.0,-1,1.0,0,320,0.0,0.0,0.0,0.0,0.0,550.0,201.0,0.0,0.0,540.0,201.0,530.0,201.0,495.0,193.0,543.0,201.0,,,,,,,,0.0,0.0,0.0,0.0,0.0,0.0,0.0,0.0,0.0,26,0,0,0,0,0,0,0,0,0,0,0,0,0,0,0,0,498,0.0,0.0,0.0,0.0,0.0,0.0,0.0,0.0,0.0,0,0,0,0
771,Tyler,Fletcher,Fletcher,a,,,4.4,550,330.0,0.0,735,309.0,0.2,361.0,157.0,0,0,0.0,-1,1.0,136,71,0.0,0.2,0.7,0.7,1.0,465.0,205.0,,,497.0,227.0,464.0,222.0,638.0,248.0,502.0,230.0,,,,,,,,0.0,0.9,0.9,1.8,0.0,0.0,0.0,0.0,0.0,26,0,0,0,0,0,0,0,0,0,0,0,0,0,0,0,329,107,0.0,0.0,0.0,0.0,0.0,0.0,0.0,0.0,0.0,0,0,0,0
541,Reinildo,Mandava,Reinildo,a,,,3.8,791,240.0,3.3,99,36.0,3.0,106.0,38.0,1,0,0.0,-2,2.0,11010,2880,0.8,13.4,3.0,2.5,3.0,181.0,70.0,100.0,100.0,182.0,74.0,252.0,73.0,330.0,105.0,264.0,89.0,,,,,,,,0.01,0.03,0.04,1.26,0.0,0.25,1.26,1.07,7.69,26,1,90,0,0,0,1,0,0,0,1,0,0,1,0,13,22025,5522,0.0,0.0,0.14,0.13999999999999996,2.5299999999999976,30.799999999999983,16.799999999999997,2.0,5.0,0,8,7,8
542,Jenson,Seelt,Seelt,u,has joined Wolfsburg on loan for the rest of the season.,,4.0,707,186.0,0.1,504,178.0,0.0,493.0,198.0,0,0,0.0,0,0.0,0,31,0.0,0.5,0.0,0.0,1.0,450.0,164.0,0.0,0.0,418.0,158.0,449.0,164.0,558.0,220.0,451.0,162.0,,,,,,,,0.0,0.01,0.01,0.9,0.0,0.0,1.35,0.68,8.12,26,0,0,0,0,0,0,0,0,0,0,0,0,0,0,0,0,53,0.0,0.0,0.0,0.0,0.0,0.0,0.0,0.0,0.0,0,0,0,0
543,Simon,Adingra,Adingra,u,has joined AS Monaco on loan for the rest of the season.,,4.9,343,212.0,0.4,285,98.0,0.0,734.0,308.0,0,0,0.0,-6,6.0,0,782,0.0,6.9,0.0,0.0,2.4,287.0,125.0,0.0,0.0,362.0,162.0,216.0,139.0,268.0,146.0,332.0,159.0,,,,,,,,0.05,0.09,0.14,1.57,0.0,0.55,1.11,1.25,6.24,26,0,0,0,0,0,0,0,0,0,0,0,0,0,0,0,0,1533,0.0,0.0,0.0,0.0,0.0,0.0,0.0,0.0,0.0,0,0,0,0
544,Habib,Diarra,Diarra,a,,,5.3,205,127.0,0.1,559,205.0,4.2,45.0,26.0,2,0,0.0,-2,2.0,486,184,0.8,5.7,4.2,3.7,3.3,146.0,65.0,100.0,100.0,379.0,169.0,304.0,173.0,233.0,129.0,350.0,167.0,,,1.0,,,,,0.12,0.05,0.17,1.15,0.0,0.4,0.8,0.93,5.33,26,2,90,0,0,0,1,0,0,0,0,0,0,1,0,8,754,375,0.0,0.0,0.15000000000000002,0.15000000000000013,2.41,6.000000000000007,7.600000000000001,6.0,2.0,2,0,3,5
545,Patrick,Roberts,Roberts,u,has joined Birmingham City permanently.,,5.4,160,98.0,0.0,723,303.0,0.0,773.0,337.0,0,0,0.0,-1,1.0,0,2,0.0,0.2,0.0,0.0,1.0,496.0,232.0,0.0,0.0,484.0,223.0,431.0,210.0,423.0,208.0,474.0,218.0,,,,,,,,0.1,0.07,0.17,2.2,0.0,0.0,3.33,0.0,3.33,26,0,0,0,0,0,0,0,0,0,0,0,0,0,0,0,0,2,0.0,0.0,0.0,0.0,0.0,0.0,0.0,0.0,0.0,0,0,0,0
547,Enzo,Le Fée,E.Le Fée,a,,,4.9,336,209.0,1.2,172,57.0,2.8,128.0,59.0,2,0,0.0,-1,1.0,3925,3490,0.6,18.4,2.8,2.3,3.6,107.0,49.0,100.0,100.0,63.0,18.0,22.0,21.0,143.0,82.0,42.0,30.0,3.0,2.0,2.0,,,,,0.17,0.12,0.29,1.45,0.0,0.31,1.2,1.02,9.38,26,2,90,0,0,0,1,0,0,0,0,0,0,1,0,14,6881,12795,0.0,0.0,0.2400000000000002,0.23999999999999932,2.530000000000001,19.19999999999999,9.900000000000034,0.0,2.9000000000000057,3,4,3,10
548,Romaine,Mundle,Mundle,a,,,4.9,330,205.0,0.0,741,313.0,1.0,267.0,114.0,1,0,0.0,-1,1.0,21,21,0.2,2.7,1.0,0.5,1.0,487.0,224.0,100.0,100.0,427.0,188.0,369.0,190.0,301.0,160.0,401.0,185.0,,3.0,,,,,,0.12,0.07,0.19,1.78,0.0,0.0,2.07,0.52,6.98,26,1,10,0,0,0,0,0,0,0,0,0,0,0,0,1,29,41,0.0,0.0,0.010000000000000009,0.010000000000000009,0.15000000000000036,0.3999999999999986,1.0,6.0,0.7000000000000011,0,0,1,1
549,Dan,Neil,Neil,u,has joined Ipswich Town on loan for the rest of the season.,,4.8,362,226.0,0.0,648,260.0,0.0,702.0,287.0,0,0,0.0,-2,2.0,0,29,0.0,0.6,0.0,0.0,1.0,485.0,223.0,0.0,0.0,477.0,219.0,458.0,221.0,745.0,322.0,489.0,225.0,,,,,,,,0.0,0.0,0.0,4.43,0.0,0.0,0.0,0.0,13.85,26,0,0,0,0,0,0,0,0,0,0,0,0,0,0,0,0,58,0.0,0.0,0.0,0.0,0.0,0.0,0.0,0.0,0.0,0,0,0,0
550,Ian,Poveda-Ocampo,Poveda,a,,,4.8,358,225.0,0.0,662,268.0,0.0,701.0,286.0,0,0,0.0,-2,2.0,29,29,0.0,0.0,0.0,-0.5,0.0,758.0,324.0,,,757.0,323.0,753.0,324.0,744.0,321.0,758.0,324.0,,,,,,,,0.0,0.0,0.0,0.0,0.0,0.0,0.0,0.0,0.0,26,0,0,0,0,0,0,0,0,0,0,0,0,0,0,0,40,42,0.0,0.0,0.0,0.0,0.0,0.0,0.0,0.0,0.0,0,0,0,0
551,Chris,Rigg,Rigg,a,,,4.7,392,245.0,0.0,594,224.0,0.0,695.0,281.0,0,0,0.0,-3,3.0,39,64,0.0,3.2,0.0,-0.5,1.5,406.0,178.0,,,441.0,194.0,337.0,183.0,372.0,189.0,411.0,186.0,,,,,,,,0.08,0.08,0.16,1.23,0.0,0.48,0.48,1.44,6.48,26,0,0,0,0,0,0,0,0,0,0,0,0,0,0,0,68,132,0.0,0.0,0.0,0.0,0.0,0.0,0.0,0.0,0.0,0,0,0,0
552,Noah,Sadiki,Sadiki,a,,,4.9,346,215.0,0.1,572,211.0,2.5,157.0,71.0,2,0,0.0,-1,1.0,178,99,0.5,10.6,2.5,2.0,2.5,268.0,112.0,100.0,100.0,227.0,100.0,150.0,104.0,310.0,163.0,238.0,121.0,,,,,,,,0.02,0.04,0.06,1.25,0.0,0.29,1.17,1.02,7.91,26,2,90,0,0,0,1,0,0,0,0,0,0,1,0,15,277,207,0.0,0.0,0.06000000000000005,0.06000000000000005,2.530000000000001,22.0,14.099999999999994,0.0,3.6000000000000014,1,5,2,8
553,Chemsdine,Talbi,Talbi,a,,,4.9,344,213.0,0.2,413,141.0,3.0,111.0,52.0,1,0,0.0,-1,1.0,358,211,0.6,12.9,3.0,2.5,3.1,172.0,74.0,100.0,100.0,265.0,114.0,173.0,118.0,154.0,86.0,227.0,114.0,,,,,,,,0.11,0.05,0.16,1.21,0.0,0.5,0.75,0.92,5.34,26,1,10,0,0,0,0,0,0,0,0,0,0,0,0,3,658,459,0.0,0.0,0.0,0.0,0.15000000000000036,0.0,0.29999999999998295,0.0,0.0,0,0,0,0
554,Abdoullah,Ba,Ba,a,,,4.3,590,346.0,0.3,297,103.0,0.0,545.0,176.0,0,0,0.0,-2,2.0,352,436,0.0,0.0,0.0,-0.5,0.0,642.0,240.0,,,632.0,230.0,628.0,236.0,602.0,223.0,635.0,233.0,,,,,,,,0.0,0.0,0.0,0.0,0.0,0.0,0.0,0.0,0.0,26,0,0,0,0,0,0,0,0,0,0,0,0,0,0,0,704,915,0.0,0.0,0.0,0.0,0.0,0.0,0.0,0.0,0.0,0,0,0,0
555,Alan,Browne,Browne,u,has joined Middlesbrough on loan for the rest of the season.,,4.5,413,252.0,0.0,642,256.0,0.0,608.0,216.0,0,0,0.0,0,0.0,0,9,0.0,0.0,0.0,0.0,0.0,689.0,270.0,0.0,0.0,683.0,264.0,678.0,268.0,658.0,260.0,686.0,267.0,,,,,,,,0.0,0.0,0.0,0.0,0.0,0.0,0.0,0.0,0.0,26,0,0,0,0,0,0,0,0,0,0,0,0,0,0,0,0,14,0.0,0.0,0.0,0.0,0.0,0.0,0.0,0.0,0.0,0,0,0,0
556,Pierre,Ekwah Elimby,Ekwah,u,Has joined AS Saint-Etienne permanently.,,4.5,436,260.0,0.0,766,330.0,0.0,623.0,224.0,0,0,0.0,0,0.0,0,1,0.0,0.0,0.0,0.0,0.0,700.0,277.0,0.0,0.0,694.0,271.0,692.0,275.0,674.0,268.0,697.0,274.0,,,,,,,,0.0,0.0,0.0,0.0,0.0,0.0,0.0,0.0,0.0,26,0,0,0,0,0,0,0,0,0,0,0,0,0,0,0,0,2,0.0,0.0,0.0,0.0,0.0,0.0,0.0,0.0,0.0,0,0,0,0
557,Harrison,Jones,H.Jones,a,,,4.3,608,355.0,0.1,544,198.0,0.0,557.0,185.0,0,0,0.0,-2,2.0,193,132,0.0,0.0,0.0,-0.5,0.0,650.0,246.0,,,640.0,236.0,637.0,242.0,612.0,230.0,643.0,239.0,,,,,,,,0.0,0.0,0.0,0.0,0.0,0.0,0.0,0.0,0.0,26,0,0,0,0,0,0,0,0,0,0,0,0,0,0,0,374,224,0.0,0.0,0.0,0.0,0.0,0.0,0.0,0.0,0.0,0,0,0,0
558,Jay,Matete,Matete,u,has joined MK Dons permanently.,,4.3,597,349.0,0.2,387,127.0,0.0,548.0,179.0,0,0,0.0,-2,2.0,0,313,0.0,0.0,0.0,0.0,0.0,644.0,242.0,0.0,0.0,634.0,232.0,630.0,238.0,604.0,225.0,637.0,235.0,,,,,,,,0.0,0.0,0.0,0.0,0.0,0.0,0.0,0.0,0.0,26,0,0,0,0,0,0,0,0,0,0,0,0,0,0,0,0,562,0.0,0.0,0.0,0.0,0.0,0.0,0.0,0.0,0.0,0,0,0,0
559,Nectarios,Triantis,Triantis,u,has joined Minnesota United permanently.,,4.4,547,327.0,0.0,640,255.0,0.0,584.0,201.0,0,0,0.0,-1,1.0,0,11,0.0,0.0,0.0,0.0,0.0,670.0,259.0,0.0,0.0,661.0,250.0,658.0,256.0,635.0,245.0,664.0,253.0,,,,,,,,0.0,0.0,0.0,0.0,0.0,0.0,0.0,0.0,0.0,26,0,0,0,0,0,0,0,0,0,0,0,0,0,0,0,0,16,0.0,0.0,0.0,0.0,0.0,0.0,0.0,0.0,0.0,0,0,0,0
560,Wilson,Isidor,Isidor,a,,,5.1,233,52.0,1.4,159,26.0,1.0,270.0,36.0,1,0,0.0,-4,4.0,1601,3130,0.2,10.6,1.0,0.5,2.3,293.0,32.0,100.0,100.0,275.0,26.0,382.0,49.0,44.0,18.0,204.0,25.0,,,,,,,,0.32,0.01,0.33,1.48,0.0,0.36,1.26,0.99,3.51,26,1,1,0,0,0,0,0,0,0,0,0,0,0,0,2,2877,6591,0.0,0.0,0.0,0.0,0.120000000000001,0.0,0.0,0.0,0.0,0,0,0,0
561,Eliezer,Mayenda Dossou,Mayenda,a,,,5.2,218,50.0,0.5,259,42.0,0.5,333.0,44.0,0,0,0.0,-3,3.0,204,418,0.1,5.0,0.5,0.0,1.9,345.0,39.0,,,376.0,38.0,348.0,40.0,194.0,42.0,343.0,41.0,,,3.0,,,,,0.17,0.02,0.19,1.63,0.0,0.47,1.1,0.94,3.15,26,0,0,0,0,0,0,0,0,0,0,0,0,0,0,0,321,737,0.0,0.0,0.0,0.0,0.0,0.0,0.0,0.0,0.0,0,0,0,0
562,Ahmed,Abdullahi,Abdullahi,a,,,4.2,647,91.0,0.5,264,43.0,0.0,535.0,54.0,0,0,0.0,-3,3.0,2517,1165,0.0,0.0,0.0,-0.5,0.0,637.0,65.0,,,628.0,65.0,623.0,64.0,596.0,64.0,631.0,65.0,,,,,,,,0.0,0.0,0.0,0.0,0.0,0.0,0.0,0.0,0.0,26,0,0,0,0,0,0,0,0,0,0,0,0,0,0,0,4934,1913,0.0,0.0,0.0,0.0,0.0,0.0,0.0,0.0,0.0,0,0,0,0
563,Luís Hemir,Silva Semedo,Luís Hemir,u,has joined Moreirense on loan for the rest of the season.,,4.4,556,79.0,0.1,515,73.0,0.0,592.0,62.0,0,0,0.0,-1,1.0,0,29,0.0,0.0,0.0,0.0,0.0,676.0,72.0,0.0,0.0,668.0,72.0,664.0,71.0,643.0,71.0,671.0,72.0,,,,,,,,0.0,0.0,0.0,0.0,0.0,0.0,0.0,0.0,0.0,26,0,0,0,0,0,0,0,0,0,0,0,0,0,0,0,0,44,0.0,0.0,0.0,0.0,0.0,0.0,0.0,0.0,0.0,0,0,0,0
564,Nazarii,Rusyn,Rusyn,u,has joined Arka on loan for the rest of the season.,,4.4,538,76.0,0.1,517,74.0,0.0,579.0,59.0,0,0,0.0,-1,1.0,0,24,0.0,0.0,0.0,0.0,0.0,666.0,69.0,0.0,0.0,656.0,69.0,653.0,68.0,630.0,68.0,659.0,69.0,,,,,,,,0.0,0.0,0.0,0.0,0.0,0.0,0.0,0.0,0.0,26,0,0,0,0,0,0,0,0,0,0,0,0,0,0,0,0,34,0.0,0.0,0.0,0.0,0.0,0.0,0.0,0.0,0.0,0,0,0,0
668,Granit,Xhaka,Xhaka,d,Ankle injury - 50% chance of playing,,5.1,222,137.0,3.5,94,31.0,0.0,758.0,327.0,0,0,0.0,1,-1.0,378,17728,0.0,17.6,0.0,0.0,4.1,60.0,27.0,50.0,0.0,47.0,11.0,38.0,36.0,261.0,141.0,60.0,40.0,1.0,1.0,,,,,,0.03,0.1,0.13,1.43,0.0,0.32,1.06,1.01,10.87,26,0,0,0,0,0,0,0,0,0,0,0,0,0,0,0,481,41732,0.0,0.0,0.0,0.0,0.0,0.0,0.0,0.0,0.0,0,0,0,0
670,Robin,Roefs,Roefs,a,,,4.9,339,13.0,11.7,31,5.0,2.5,155.0,11.0,2,-1,1.0,4,-4.0,11800,15583,0.5,21.8,2.5,2.0,4.1,59.0,4.0,,,10.0,2.0,350.0,2.0,765.0,87.0,140.0,2.0,,,,,,,,0.0,0.0,0.0,1.44,3.08,0.31,1.15,1.0,0.0,26,2,90,0,0,0,1,0,0,0,0,0,2,1,0,14,14647,49326,0.0,0.0,0.0,0.0,2.529999999999994,19.40000000000009,0.0,0.0,1.9000000000000057,0,5,10,0
678,Arthur,Masuaku,Masuaku,u,has joined RC Lens on loan for the rest of the season.,,3.9,744,213.0,0.5,260,97.0,0.0,419.0,166.0,0,0,0.0,-1,1.0,0,367,0.0,0.3,0.0,0.0,0.3,511.0,179.0,0.0,0.0,436.0,164.0,388.0,139.0,411.0,155.0,443.0,160.0,,,,,,,,0.05,0.06,0.11,1.5,0.0,0.0,1.44,1.44,7.2,26,0,0,0,0,0,0,0,0,0,0,0,0,0,0,0,0,677,0.0,0.0,0.0,0.0,0.0,0.0,0.0,0.0,0.0,0,0,0,0
683,Omar,Alderete,Alderete,a,,,4.1,651,157.0,6.4,58,20.0,2.5,149.0,51.0,2,0,0.0,1,-1.0,9019,8108,0.6,21.5,2.5,2.0,4.0,61.0,24.0,100.0,100.0,46.0,21.0,234.0,64.0,114.0,19.0,105.0,30.0,,,,,,,,0.06,0.04,0.1,1.45,0.0,0.33,1.18,0.99,9.55,26,2,79,0,0,0,1,0,0,0,0,0,0,1,0,7,16774,21382,0.0,0.0,0.010000000000000009,0.010000000000000009,2.379999999999999,18.000000000000057,10.700000000000003,4.0,3.299999999999997,0,9,2,9
694,Nordi,Mukiele,Mukiele,a,,,4.6,398,67.0,13.8,26,10.0,4.0,55.0,20.0,2,0,0.0,6,-6.0,36653,13340,0.9,24.8,4.0,3.5,4.8,18.0,7.0,,,33.0,13.0,92.0,22.0,178.0,40.0,68.0,14.0,,,,,,,,0.04,0.08,0.12,1.49,0.0,0.29,1.17,1.0,9.41,26,2,90,0,0,0,1,0,0,0,0,0,0,1,0,16,51270,43033,0.0,0.10999999999999999,0.1299999999999999,0.23999999999999977,2.530000000000001,21.399999999999977,26.5,19.0,6.700000000000003,2,6,7,8
724,Lutsharel,Geertruida,Geertruida,a,,,4.5,425,83.0,0.0,597,213.0,0.8,288.0,104.0,1,0,0.0,0,0.0,115,139,0.2,7.8,0.8,0.3,1.8,361.0,134.0,,,271.0,109.0,256.0,77.0,336.0,108.0,322.0,110.0,,,,,,,,0.03,0.05,0.08,1.91,0.0,0.18,1.34,0.89,5.89,26,1,10,0,0,0,0,0,0,0,0,0,0,0,0,9,155,241,0.0,0.0,0.07999999999999996,0.07999999999999996,0.14999999999999858,9.599999999999994,14.400000000000006,0.0,2.3999999999999986,2,0,0,2
730,Brian,Brobbey,Brobbey,a,,,5.5,146,37.0,1.3,165,29.0,3.0,117.0,13.0,2,0,0.0,0,0.0,9972,7183,0.5,11.1,3.0,2.5,2.9,210.0,22.0,100.0,100.0,215.0,18.0,270.0,27.0,86.0,27.0,198.0,23.0,,,,,,,,0.21,0.02,0.23,1.58,0.0,0.32,1.2,0.96,4.0,26,2,90,0,0,0,1,0,0,0,0,0,0,1,0,3,15601,20107,0.0,0.10000000000000009,0.07999999999999999,0.17999999999999972,2.530000000000001,8.200000000000017,1.0,15.0,2.4000000000000057,1,2,2,5
735,Bertrand,Traoré,Traoré,d,Knee injury - 50% chance of playing,,5.5,136,84.0,0.0,645,258.0,0.0,784.0,345.0,0,0,0.0,0,0.0,8,49,0.0,5.1,0.0,0.0,2.8,231.0,93.0,50.0,0.0,321.0,144.0,225.0,143.0,183.0,101.0,288.0,142.0,,,,,,,,0.07,0.04,0.11,1.33,0.0,0.44,1.33,1.33,5.93,26,0,0,0,0,0,0,0,0,0,0,0,0,0,0,0,12,82,0.0,0.0,0.0,0.0,0.0,0.0,0.0,0.0,0.0,0,0,0,0
774,Jenson,Jones,Jenson Jones,a,,,4.0,673,168.0,0.0,708,244.0,0.0,464.0,185.0,0,0,0.0,0,0.0,68,54,0.0,0.0,0.0,-0.5,0.0,580.0,214.0,,,570.0,214.0,563.0,214.0,530.0,208.0,573.0,214.0,,,,,,,,0.0,0.0,0.0,0.0,0.0,0.0,0.0,0.0,0.0,26,0,0,0,0,0,0,0,0,0,0,0,0,0,0,0,111,113,0.0,0.0,0.0,0.0,0.0,0.0,0.0,0.0,0.0,0,0,0,0
775,Tymur,Tutierov,Tutierov,u,has joined Exeter City on loan for the rest of the season.,,4.5,494,303.0,0.0,814,364.0,0.0,669.0,262.0,0,0,0.0,0,0.0,0,3,0.0,0.0,0.0,0.0,0.0,738.0,308.0,0.0,0.0,736.0,306.0,731.0,307.0,717.0,303.0,737.0,307.0,,,,,,,,0.0,0.0,0.0,0.0,0.0,0.0,0.0,0.0,0.0,26,0,0,0,0,0,0,0,0,0,0,0,0,0,0,0,0,6,0.0,0.0,0.0,0.0,0.0,0.0,0.0,0.0,0.0,0,0,0,0
461,Jayce,Fitzgerald,Fitzgerald,a,,,4.3,610,357.0,0.0,608,235.0,0.0,559.0,187.0,0,0,0.0,-2,2.0,73,45,0.0,0.0,0.5,0.5,0.0,652.0,248.0,,,642.0,238.0,639.0,244.0,614.0,232.0,645.0,241.0,,,,,,,,0.0,0.0,0.0,0.0,0.0,0.0,0.0,0.0,0.0,26,0,0,0,0,0,0,0,0,0,0,0,0,0,0,0,133,72,0.0,0.0,0.0,0.0,0.0,0.0,0.0,0.0,0.0,0,0,0,0
800,Djiamgone Jocelin Ta,Bi,Jocelin.T,a,,,5.0,284,177.0,0.0,816,366.0,0.0,757.0,326.0,0,0,0.0,0,0.0,10,5,0.0,0.0,0.0,-0.1,0.0,792.0,349.0,100.0,25.0,792.0,349.0,790.0,349.0,786.0,347.0,792.0,349.0,,,,,,,,0.0,0.0,0.0,0.0,0.0,0.0,0.0,0.0,0.0,26,0,0,0,0,0,0,0,0,0,0,0,0,0,0,0,15,6,0.0,0.0,0.0,0.0,0.0,0.0,0.0,0.0,0.0,0,0,0,0
812,Melker,Ellborg,Ellborg,a,,,4.0,700,61.0,0.0,785,89.0,0.0,488.0,72.0,0,0,0.0,0,0.0,55,23,0.0,0.0,0.0,-0.5,0.0,603.0,80.0,,,593.0,80.0,586.0,68.0,553.0,54.0,596.0,80.0,,,,,,,,0.0,0.0,0.0,0.0,0.0,0.0,0.0,0.0,0.0,26,0,0,0,0,0,0,0,0,0,0,0,0,0,0,0,97,55,0.0,0.0,0.0,0.0,0.0,0.0,0.0,0.0,0.0,0,0,0,0
813,Nilson,Angulo,Angulo,a,,,5.0,275,170.0,0.0,779,339.0,1.5,234.0,101.0,2,0,0.0,0,0.0,140,22,0.3,0.6,1.5,1.0,1.5,410.0,182.0,,,445.0,197.0,376.0,192.0,320.0,169.0,413.0,187.0,,,,,,,,0.22,0.04,0.26,3.25,0.0,0.0,2.14,1.07,5.36,26,2,79,0,0,0,1,0,0,0,0,0,0,1,0,8,177,42,0.0,0.21,0.02,0.23,2.38,14.600000000000001,11.8,44.0,6.999999999999999,1,3,1,5
565,Guglielmo,Vicario,Vicario,a,,,4.7,382,16.0,6.0,60,9.0,1.8,210.0,20.0,2,-1,1.0,-3,3.0,1162,9875,0.4,17.7,0.8,1.8,3.2,156.0,15.0,,,23.0,5.0,485.0,15.0,739.0,81.0,189.0,7.0,,,,,,,,0.0,0.0,0.0,1.42,2.73,0.27,1.42,1.0,0.0,26,2,90,0,0,0,2,0,0,0,0,0,3,1,0,10,4318,18388,0.0,0.0,0.0,0.0,2.479999999999997,25.800000000000068,0.0,0.0,2.6000000000000014,0,2,5,0
566,Brandon,Austin,Austin,a,,,3.9,751,78.0,0.3,320,44.0,0.0,424.0,37.0,0,0,0.0,-1,1.0,97,145,0.0,0.0,-1.0,0.0,0.0,544.0,46.0,,,534.0,46.0,524.0,31.0,489.0,17.0,537.0,46.0,,,,,,,,0.0,0.0,0.0,0.0,0.0,0.0,0.0,0.0,0.0,26,0,0,0,0,0,0,0,0,0,0,0,0,0,0,0,168,251,0.0,0.0,0.0,0.0,0.0,0.0,0.0,0.0,0.0,0,0,0,0
567,Antonín,Kinský,Kinsky,a,,,3.9,766,85.0,1.6,147,19.0,0.0,435.0,44.0,0,0,0.0,-1,1.0,263,902,0.0,0.0,-1.0,0.0,0.0,554.0,53.0,,,544.0,53.0,534.0,38.0,499.0,24.0,547.0,53.0,,,,,,,,0.0,0.0,0.0,0.0,0.0,0.0,0.0,0.0,0.0,26,0,0,0,0,0,0,0,0,0,0,0,0,0,0,0,518,1590,0.0,0.0,0.0,0.0,0.0,0.0,0.0,0.0,0.0,0,0,0,0
568,Pedro,Porro Sauceda,Pedro Porro,i,Hamstring injury - Expected back 01 Mar,,5.1,234,33.0,9.6,39,13.0,0.2,375.0,138.0,0,-1,1.0,-4,4.0,110,27127,0.0,15.5,0.0,0.0,3.4,133.0,49.0,0.0,0.0,86.0,38.0,21.0,1.0,248.0,69.0,56.0,9.0,3.0,2.0,,,,,,0.02,0.14,0.16,1.26,0.0,0.35,1.19,1.04,6.73,26,0,0,0,0,0,0,0,0,0,0,0,0,0,0,0,148,50352,0.0,0.0,0.0,0.0,0.0,0.0,0.0,0.0,0.0,0,0,0,0
569,Cristian,Romero,Romero,s,Suspended until 15 Mar,,5.0,252,37.0,3.5,95,33.0,2.0,190.0,71.0,0,0,0.0,0,0.0,164,21472,0.4,17.8,0.0,0.0,4.2,53.0,20.0,0.0,0.0,40.0,16.0,222.0,58.0,108.0,17.0,97.0,26.0,,,,,,,,0.07,0.06,0.13,1.36,0.0,0.26,1.53,1.05,9.58,26,0,0,0,0,0,0,0,0,0,0,0,0,0,0,0,246,44919,0.0,0.0,0.0,0.0,0.0,0.0,0.0,0.0,0.0,0,0,0,0
570,Kevin,Danso,Danso,i,Toe Injury - Unknown return date,,4.2,627,142.0,0.1,438,162.0,0.2,355.0,131.0,0,0,0.0,-3,3.0,6,293,0.0,6.4,0.0,0.0,2.1,311.0,115.0,0.0,0.0,256.0,104.0,425.0,153.0,403.0,150.0,356.0,122.0,,,,,,,,0.0,0.02,0.02,1.46,0.0,0.27,1.64,1.09,12.72,26,0,0,0,0,0,0,0,0,0,0,0,0,0,0,0,13,465,0.0,0.0,0.0,0.0,0.0,0.0,0.0,0.0,0.0,0,0,0,0
571,Ben,Davies,Davies,i,Ankle injury - Unknown return date,,4.3,576,125.0,0.1,543,195.0,0.0,540.0,231.0,0,0,0.0,-2,2.0,5,70,0.0,2.3,0.0,0.0,3.3,137.0,50.0,0.0,0.0,381.0,146.0,384.0,136.0,307.0,97.0,385.0,138.0,,,,,,,,0.32,0.05,0.37,0.73,0.0,0.0,1.99,1.32,9.26,26,0,0,0,0,0,0,0,0,0,0,0,0,0,0,0,8,111,0.0,0.0,0.0,0.0,0.0,0.0,0.0,0.0,0.0,0,0,0,0
572,Radu,Drăgușin,Dragusin,a,,,4.5,449,90.0,0.0,676,236.0,1.2,250.0,90.0,3,0,0.0,0,0.0,75,156,0.3,1.3,0.2,1.2,1.2,437.0,158.0,100.0,100.0,402.0,151.0,451.0,165.0,384.0,136.0,434.0,157.0,,,,,,,,0.07,0.0,0.07,2.22,0.0,0.0,2.21,0.74,8.85,26,3,90,0,0,0,2,0,0,0,0,0,0,1,0,3,504,237,0.0,0.12,0.0,0.12,2.4800000000000004,29.800000000000004,1.3,9.0,4.0,0,13,2,13
573,Djed,Spence,Spence,a,,,4.2,634,147.0,1.0,191,74.0,0.2,357.0,133.0,0,0,0.0,-3,3.0,780,1523,0.0,13.1,-0.8,0.2,2.6,247.0,96.0,100.0,100.0,221.0,85.0,170.0,42.0,168.0,37.0,208.0,68.0,,,,,,,,0.05,0.08,0.13,1.47,0.0,0.39,1.3,1.02,4.74,26,0,90,0,0,0,2,0,0,0,1,0,0,1,0,5,1918,2910,0.0,0.0,0.009999999999999787,0.010000000000000231,2.479999999999997,13.600000000000023,1.5999999999999943,0.0,1.5,2,4,5,6
574,Destiny,Udogie,Udogie,i,Hamstring injury - Expected back 15 Mar,,4.3,592,136.0,0.3,312,115.0,0.5,316.0,113.0,0,0,0.0,-2,2.0,10,624,0.1,3.5,0.0,0.0,1.2,435.0,156.0,0.0,0.0,294.0,114.0,210.0,52.0,254.0,73.0,293.0,97.0,,,,,,,,0.02,0.06,0.08,1.58,0.0,0.0,1.93,0.91,4.53,26,0,0,0,0,0,0,0,0,0,0,0,0,0,0,0,20,1286,0.0,0.0,0.0,0.0,0.0,0.0,0.0,0.0,0.0,0,0,0,0
575,Micky,van de Ven,Van de Ven,a,,,4.5,447,89.0,23.7,15,5.0,2.8,124.0,44.0,3,0,0.0,0,0.0,14099,39193,0.6,22.2,1.8,2.8,4.2,50.0,18.0,100.0,100.0,37.0,15.0,282.0,90.0,112.0,18.0,106.0,31.0,,,,,,,,0.12,0.01,0.13,1.38,0.0,0.29,1.38,1.01,6.78,26,3,90,0,0,0,2,0,0,0,0,0,0,1,0,10,25230,86369,0.0,0.16999999999999993,0.010000000000000009,0.17999999999999972,2.4800000000000004,31.200000000000045,1.1999999999999886,4.0,3.5999999999999943,1,11,6,12
576,Ashley,Phillips,Phillips,u,Has joined Stoke City on loan for the rest of the season.,,4.0,708,187.0,0.0,729,253.0,0.0,494.0,199.0,0,0,0.0,0,0.0,0,3,0.0,0.0,0.0,0.0,0.0,608.0,226.0,0.0,0.0,598.0,226.0,591.0,226.0,559.0,221.0,601.0,226.0,,,,,,,,0.0,0.0,0.0,0.0,0.0,0.0,0.0,0.0,0.0,26,0,0,0,0,0,0,0,0,0,0,0,0,0,0,0,0,4,0.0,0.0,0.0,0.0,0.0,0.0,0.0,0.0,0.0,0,0,0,0
577,Takai,Kōta,Takai,u,has joined Borussia Mönchengladbach on loan for the rest of the season.,,4.0,710,188.0,0.0,600,214.0,0.0,496.0,200.0,0,0,0.0,0,0.0,0,24,0.0,0.0,0.0,0.0,0.0,610.0,227.0,0.0,0.0,600.0,227.0,593.0,227.0,561.0,222.0,603.0,227.0,,,,,,,,0.0,0.0,0.0,0.0,0.0,0.0,0.0,0.0,0.0,26,0,0,0,0,0,0,0,0,0,0,0,0,0,0,0,0,35,0.0,0.0,0.0,0.0,0.0,0.0,0.0,0.0,0.0,0,0,0,0
578,Luka,Vušković,Vuskovic,u,has joined Hamburger SV on loan for the rest of the season.,,3.9,781,231.0,0.3,309,114.0,0.0,450.0,178.0,0,0,0.0,-1,1.0,0,122,0.0,0.0,0.0,0.0,0.0,568.0,208.0,0.0,0.0,558.0,208.0,548.0,208.0,514.0,201.0,561.0,208.0,,,,,,,,0.0,0.0,0.0,0.0,0.0,0.0,0.0,0.0,0.0,26,0,0,0,0,0,0,0,0,0,0,0,0,0,0,0,0,184,0.0,0.0,0.0,0.0,0.0,0.0,0.0,0.0,0.0,0,0,0,0
579,Son,Heung-min,Son,u,has joined Los Angeles FC permanently.,,8.5,11,6.0,0.1,445,153.0,0.0,816.0,367.0,0,0,0.0,0,0.0,0,18,0.0,0.0,0.0,0.0,0.0,817.0,367.0,0.0,0.0,817.0,367.0,817.0,367.0,817.0,367.0,817.0,367.0,,,,,,,,0.0,0.0,0.0,0.0,0.0,0.0,0.0,0.0,0.0,26,0,0,0,0,0,0,0,0,0,0,0,0,0,0,0,0,24,0.0,0.0,0.0,0.0,0.0,0.0,0.0,0.0,0.0,0,0,0,0
581,James,Maddison,Maddison,i,Anterior cruciate ligament - Unknown return date,,6.8,46,28.0,0.1,444,152.0,0.0,809.0,361.0,0,0,0.0,-2,2.0,27,45,0.0,0.0,0.0,0.0,0.0,814.0,364.0,0.0,0.0,814.0,364.0,814.0,364.0,814.0,364.0,814.0,364.0,,,,,,,,0.0,0.0,0.0,0.0,0.0,0.0,0.0,0.0,0.0,26,0,0,0,0,0,0,0,0,0,0,0,0,0,0,0,37,61,0.0,0.0,0.0,0.0,0.0,0.0,0.0,0.0,0.0,0,0,0,0
582,Mohammed,Kudus,Kudus,i,Thigh injury - Expected back 11 Apr,,6.4,61,39.0,9.7,38,14.0,0.0,806.0,360.0,0,0,0.0,-1,1.0,35,11529,0.0,11.7,0.0,0.0,3.9,84.0,40.0,0.0,0.0,136.0,46.0,40.0,38.0,65.0,39.0,52.0,36.0,2.0,1.0,,,,,,0.11,0.14,0.25,1.33,0.0,0.41,1.17,1.11,7.8,26,0,0,0,0,0,0,0,0,0,0,0,0,0,0,0,49,18389,0.0,0.0,0.0,0.0,0.0,0.0,0.0,0.0,0.0,0,0,0,0
584,Mathys,Tel,Tel,a,,,6.2,77,52.0,0.1,430,145.0,1.0,279.0,122.0,1,0,0.0,-3,3.0,176,491,0.2,7.7,0.0,1.0,2.5,277.0,119.0,,,291.0,130.0,193.0,129.0,129.0,74.0,233.0,118.0,4.0,,4.0,,,,,0.24,0.09,0.33,1.36,0.0,0.14,1.74,0.87,8.12,26,1,55,0,0,0,2,0,0,0,0,0,0,0,0,0,270,1163,0.0,0.5499999999999998,0.06999999999999995,0.6200000000000001,1.0600000000000005,1.8000000000000114,25.700000000000017,22.0,5.0,1,0,5,6
585,Rodrigo,Bentancur,Bentancur,i,Hamstring injury - Unknown return date,,5.3,192,119.0,0.2,396,132.0,0.0,769.0,334.0,0,0,0.0,-2,2.0,9,298,0.0,12.1,0.0,0.0,3.2,161.0,69.0,0.0,0.0,195.0,80.0,181.0,123.0,253.0,136.0,219.0,110.0,,,,,,,,0.03,0.04,0.07,1.32,0.0,0.32,1.34,1.09,13.24,26,0,0,0,0,0,0,0,0,0,0,0,0,0,0,0,16,477,0.0,0.0,0.0,0.0,0.0,0.0,0.0,0.0,0.0,0,0,0,0
586,Lucas,Bergvall,Bergvall,i,Ankle injury - Unknown return date,,5.2,219,136.0,0.2,388,128.0,0.0,765.0,332.0,0,0,0.0,-3,3.0,8,193,0.0,7.5,0.0,0.0,2.3,295.0,129.0,0.0,0.0,303.0,135.0,273.0,159.0,186.0,104.0,291.0,143.0,,,,,,,,0.11,0.04,0.15,1.15,0.0,0.34,1.46,1.13,7.66,26,0,0,0,0,0,0,0,0,0,0,0,0,0,0,0,12,293,0.0,0.0,0.0,0.0,0.0,0.0,0.0,0.0,0.0,0,0,0,0
587,Yves,Bissouma,Bissouma,a,,,5.2,211,130.0,0.0,591,222.0,1.8,215.0,90.0,1,0,0.0,-3,3.0,153,89,0.3,1.5,0.8,1.8,1.6,390.0,172.0,100.0,100.0,406.0,181.0,404.0,201.0,373.0,190.0,422.0,193.0,,,,,,,,0.1,0.03,0.13,2.31,0.0,0.0,2.58,1.11,12.17,26,1,45,0,0,0,1,0,0,0,0,0,0,1,0,4,263,146,0.0,0.0,0.0,0.0,1.8099999999999996,7.0,2.5,0.0,1.0,1,2,0,3
588,Wilson,Odobert,Odobert,i,Knee injury - Unknown return date,,5.3,206,128.0,0.1,538,197.0,2.8,131.0,60.0,1,0,0.0,-2,2.0,43,1021,0.5,8.7,0.0,2.8,1.9,347.0,152.0,0.0,100.0,285.0,125.0,88.0,65.0,95.0,58.0,153.0,83.0,,,,,,,,0.18,0.11,0.29,1.32,0.0,0.19,1.2,0.93,7.13,26,1,34,0,0,0,0,0,0,0,0,0,0,1,0,4,427,1587,0.0,0.0,0.040000000000000036,0.040000000000000036,1.42,1.6000000000000227,10.800000000000011,2.0,1.3999999999999915,0,0,1,1
589,Manor,Solomon,Solomon,u,has joined Fiorentina on loan for the rest of the season.,,5.4,171,105.0,0.0,757,323.0,0.0,777.0,339.0,0,0,0.0,-1,1.0,0,2,0.0,0.0,0.0,0.0,0.0,797.0,352.0,0.0,0.0,797.0,352.0,796.0,352.0,794.0,351.0,797.0,352.0,,,,,,,,0.0,0.0,0.0,0.0,0.0,0.0,0.0,0.0,0.0,26,0,0,0,0,0,0,0,0,0,0,0,0,0,0,0,0,3,0.0,0.0,0.0,0.0,0.0,0.0,0.0,0.0,0.0,0,0,0,0
590,Bryan,Gil Salvatierra,Bryan,u,has joined Girona permanently.,,4.9,325,202.0,0.0,658,265.0,0.0,724.0,302.0,0,0,0.0,-1,1.0,0,3,0.0,0.0,0.0,0.0,0.0,769.0,332.0,0.0,0.0,768.0,331.0,765.0,332.0,759.0,330.0,769.0,332.0,,,,,,,,0.0,0.0,0.0,0.0,0.0,0.0,0.0,0.0,0.0,26,0,0,0,0,0,0,0,0,0,0,0,0,0,0,0,0,4,0.0,0.0,0.0,0.0,0.0,0.0,0.0,0.0,0.0,0,0,0,0
591,Archie,Gray,Gray,a,,,4.8,372,233.0,0.1,433,146.0,3.8,70.0,34.0,10,0,0.0,-2,2.0,1010,244,0.8,8.8,2.8,3.8,2.6,252.0,104.0,100.0,100.0,272.0,117.0,284.0,165.0,212.0,115.0,286.0,141.0,,,,,,,,0.12,0.04,0.16,1.4,0.0,0.49,1.36,1.17,8.35,26,10,90,1,0,0,2,0,0,0,0,0,0,1,3,36,1206,440,0.0,0.57,0.29000000000000004,0.86,2.4800000000000004,47.000000000000014,16.299999999999997,37.0,10.0,1,3,1,5
592,Mikey,Moore,Moore,u,Has joined Rangers on loan for the rest of the season.,,5.0,270,165.0,0.0,788,346.0,0.0,750.0,321.0,0,0,0.0,0,0.0,0,1,0.0,0.0,0.0,0.0,0.0,786.0,345.0,0.0,0.0,785.0,344.0,784.0,345.0,780.0,343.0,786.0,345.0,,,,,,,,0.0,0.0,0.0,0.0,0.0,0.0,0.0,0.0,0.0,26,0,0,0,0,0,0,0,0,0,0,0,0,0,0,0,0,2,0.0,0.0,0.0,0.0,0.0,0.0,0.0,0.0,0.0,0,0,0,0
593,Pape Matar,Sarr,P.M.Sarr,a,,,4.5,442,265.0,0.9,196,65.0,2.8,123.0,56.0,8,0,0.0,-5,5.0,6693,1025,0.6,11.8,1.8,2.8,3.1,170.0,72.0,100.0,100.0,219.0,96.0,235.0,147.0,218.0,120.0,246.0,124.0,,,,,,,,0.11,0.09,0.2,1.76,0.0,0.29,1.07,0.87,11.64,26,8,90,0,1,0,2,0,0,0,1,0,0,1,2,33,10908,1828,0.0,0.010000000000000009,0.4099999999999999,0.41999999999999993,2.4799999999999986,43.20000000000002,14.799999999999997,11.0,6.899999999999999,4,9,6,19
594,Yang,Min-hyeok,Min-hyeok,u,has joined Coventry City on loan for the rest of the season.,,4.5,504,312.0,0.0,731,306.0,0.0,677.0,270.0,0,0,0.0,0,0.0,0,3,0.0,0.0,0.0,0.0,0.0,745.0,315.0,0.0,0.0,744.0,314.0,739.0,315.0,725.0,311.0,745.0,315.0,,,,,,,,0.0,0.0,0.0,0.0,0.0,0.0,0.0,0.0,0.0,26,0,0,0,0,0,0,0,0,0,0,0,0,0,0,0,0,3,0.0,0.0,0.0,0.0,0.0,0.0,0.0,0.0,0.0,0,0,0,0
596,Dominic,Solanke-Mitchell,Solanke,a,,,7.2,29,12.0,1.3,164,28.0,4.5,38.0,4.0,2,0,0.0,-3,3.0,3886,6955,0.6,2.9,3.5,4.5,3.0,197.0,20.0,100.0,100.0,332.0,32.0,353.0,43.0,174.0,38.0,326.0,37.0,,,2.0,,,,,0.27,0.04,0.31,1.87,0.0,0.0,1.77,0.88,5.97,26,2,90,0,0,0,2,0,0,0,0,0,0,1,0,8,12526,10880,0.0,0.2699999999999999,0.0,0.27,2.4799999999999995,11.599999999999994,0.8000000000000043,23.0,3.5,2,4,2,8
597,Richarlison,de Andrade,Richarlison,i,Hamstring injury - Expected back 01 Mar,,6.3,67,21.0,5.4,67,13.0,0.0,803.0,86.0,0,0,0.0,-2,2.0,60,8103,0.0,11.9,0.0,0.0,3.6,113.0,10.0,0.0,0.0,102.0,8.0,182.0,16.0,25.0,13.0,63.0,11.0,,,3.0,,,,,0.34,0.09,0.43,1.27,0.0,0.35,1.34,0.92,6.91,26,0,0,0,0,0,0,0,0,0,0,0,0,0,0,0,113,12836,0.0,0.0,0.0,0.0,0.0,0.0,0.0,0.0,0.0,0,0,0,0
598,Will,Lankshear,Lankshear,u,has joined Oxford United on loan for the rest of the season.,,4.5,469,67.0,0.0,672,87.0,0.0,645.0,66.0,0,0,0.0,0,0.0,0,4,0.0,0.0,0.0,0.0,0.0,719.0,76.0,0.0,0.0,715.0,76.0,711.0,75.0,695.0,75.0,717.0,76.0,,,,,,,,0.0,0.0,0.0,0.0,0.0,0.0,0.0,0.0,0.0,26,0,0,0,0,0,0,0,0,0,0,0,0,0,0,0,0,7,0.0,0.0,0.0,0.0,0.0,0.0,0.0,0.0,0.0,0,0,0,0
599,Dane,Scarlett,Scarlett,u,has joined Hibernian on loan for the rest of the season.,,4.3,594,83.0,0.6,248,39.0,0.2,359.0,48.0,0,0,0.0,-2,2.0,0,875,0.0,0.5,0.0,0.0,1.0,458.0,57.0,0.0,0.0,491.0,60.0,442.0,58.0,438.0,60.0,480.0,60.0,,,,,,,,0.0,0.13,0.13,0.39,0.0,0.0,0.0,0.0,12.86,26,0,0,0,0,0,0,0,0,0,0,0,0,0,0,0,0,1377,0.0,0.0,0.0,0.0,0.0,0.0,0.0,0.0,0.0,0,0,0,0
673,João Maria,Lobo Alves Palhares Costa Palhinha Gonçalves,J.Palhinha,a,,,5.5,137,85.0,0.8,203,70.0,1.5,236.0,102.0,1,0,0.0,0,0.0,504,1768,0.3,15.3,0.5,1.5,3.7,98.0,44.0,100.0,100.0,69.0,21.0,244.0,151.0,161.0,90.0,142.0,78.0,,,,,,,,0.07,0.03,0.1,1.38,0.0,0.24,1.43,0.95,12.25,26,1,45,0,0,0,1,0,0,0,0,0,0,0,0,9,1281,3392,0.0,0.0,0.050000000000000044,0.04999999999999982,0.6700000000000017,23.80000000000001,13.0,6.0,4.299999999999997,0,6,1,7
717,Xavi,Simons,Xavi,a,,,6.5,54,35.0,1.2,179,59.0,3.2,104.0,49.0,1,0,0.0,-5,5.0,2493,4010,0.5,9.1,2.2,3.2,3.0,196.0,83.0,100.0,100.0,194.0,79.0,39.0,37.0,125.0,73.0,91.0,55.0,5.0,,,,,,,0.14,0.22,0.36,1.59,0.0,0.2,1.77,0.99,8.15,26,1,90,0,0,0,2,0,0,0,1,0,0,1,0,19,6408,7303,0.0,0.15999999999999992,0.27,0.4299999999999997,2.4800000000000004,19.0,74.19999999999999,12.0,10.5,2,3,4,9
726,Randal,Kolo Muani,Kolo Muani,a,,,6.9,40,16.0,0.3,299,47.0,1.0,280.0,39.0,1,0,0.0,-1,1.0,401,1084,0.1,4.1,0.0,1.0,1.6,397.0,48.0,100.0,100.0,356.0,36.0,168.0,12.0,152.0,37.0,267.0,30.0,,,,,,,,0.11,0.1,0.21,1.4,0.0,0.26,1.68,1.06,6.09,26,1,20,0,0,0,0,0,0,0,0,0,0,0,0,5,822,2105,0.0,0.0,0.16000000000000014,0.1599999999999997,0.019999999999999574,7.799999999999997,15.400000000000006,2.0,2.5,1,1,3,5
750,James,Rowswell,Rowswell,a,,,4.0,695,179.0,0.0,655,229.0,0.0,483.0,193.0,0,0,0.0,0,0.0,60,76,0.0,0.0,-1.0,0.0,0.0,598.0,221.0,,,588.0,221.0,581.0,221.0,548.0,215.0,591.0,221.0,,,,,,,,0.0,0.0,0.0,0.0,0.0,0.0,0.0,0.0,0.0,26,0,0,0,0,0,0,0,0,0,0,0,0,0,0,0,116,102,0.0,0.0,0.0,0.0,0.0,0.0,0.0,0.0,0.0,0,0,0,0
602,Krisztián,Hegyi,Hegyi,u,has joined MTK Budapest on loan for the rest of the season.,,3.9,765,84.0,0.2,361,53.0,0.0,434.0,43.0,0,0,0.0,-1,1.0,0,201,0.0,0.0,0.0,0.0,0.0,553.0,52.0,0.0,0.0,543.0,52.0,533.0,37.0,498.0,23.0,546.0,52.0,,,,,,,,0.0,0.0,0.0,0.0,0.0,0.0,0.0,0.0,0.0,26,0,0,0,0,0,0,0,0,0,0,0,0,0,0,0,0,343,0.0,0.0,0.0,0.0,0.0,0.0,0.0,0.0,0.0,0,0,0,0
603,El Hadji Malick,Diouf,Diouf,a,,,4.0,726,203.0,1.5,152,61.0,4.2,42.0,11.0,6,0,0.0,-5,5.0,8185,1059,1.0,15.2,4.2,3.7,3.0,183.0,72.0,100.0,100.0,135.0,61.0,141.0,36.0,283.0,83.0,187.0,60.0,,,,,,,,0.02,0.06,0.08,1.51,0.0,0.22,1.75,0.99,7.34,26,6,79,0,0,1,0,0,0,0,0,0,0,1,0,22,13582,2690,0.0,0.0,0.010000000000000009,0.010000000000000009,0.3299999999999983,8.399999999999977,1.9000000000000057,0.0,1.0,1,3,3,4
604,Emerson,Palmieri dos Santos,Emerson,u,has joined Marseille permanently.,,4.4,521,101.0,0.1,581,208.0,0.0,572.0,234.0,0,0,0.0,-1,1.0,0,14,0.0,0.0,0.0,0.0,0.0,661.0,249.0,0.0,0.0,651.0,249.0,648.0,249.0,625.0,248.0,654.0,249.0,,,,,,,,0.0,0.0,0.0,0.0,0.0,0.0,0.0,0.0,0.0,26,0,0,0,0,0,0,0,0,0,0,0,0,0,0,0,0,23,0.0,0.0,0.0,0.0,0.0,0.0,0.0,0.0,0.0,0,0,0,0
605,Maximilian,Kilman,Kilman,a,,,4.2,631,145.0,0.2,415,151.0,0.2,356.0,132.0,0,0,0.0,-3,3.0,78,230,0.0,8.6,0.2,-0.3,1.7,369.0,136.0,,,99.0,45.0,320.0,108.0,293.0,88.0,221.0,72.0,,,,,,,,0.03,0.01,0.04,1.92,0.0,0.06,2.14,0.98,9.24,26,0,0,0,0,0,0,0,0,0,0,0,0,0,0,0,156,639,0.0,0.0,0.0,0.0,0.0,0.0,0.0,0.0,0.0,0,0,0,0
606,Konstantinos,Mavropanos,Mavropanos,a,,,4.4,533,112.0,0.1,513,181.0,3.8,68.0,25.0,2,0,0.0,-1,1.0,447,235,0.9,12.0,3.8,3.3,2.8,219.0,85.0,100.0,100.0,103.0,46.0,405.0,147.0,182.0,42.0,215.0,71.0,,,,,,,,0.06,0.02,0.08,1.48,0.0,0.12,1.64,0.93,10.69,26,2,90,0,0,0,1,0,0,0,0,0,0,1,0,7,936,1024,0.0,0.0,0.010000000000000009,0.010000000000000009,0.5700000000000003,11.0,0.8999999999999986,0.0,1.1999999999999957,2,3,1,5
607,Nayef,Aguerd,N.Aguerd,u,has joined Marseille permanently.,,4.4,526,106.0,0.0,609,215.0,0.0,575.0,237.0,0,0,0.0,-1,1.0,0,6,0.0,0.7,0.0,0.0,1.5,403.0,147.0,0.0,0.0,412.0,155.0,444.0,161.0,405.0,152.0,440.0,158.0,,,,,,,,0.05,0.02,0.07,1.71,0.0,0.0,4.0,1.0,7.5,26,0,0,0,0,0,0,0,0,0,0,0,0,0,0,0,0,8,0.0,0.0,0.0,0.0,0.0,0.0,0.0,0.0,0.0,0,0,0,0
608,Ollie,Scarles,Scarles,a,,,4.3,605,139.0,0.0,614,218.0,1.8,203.0,75.0,1,0,0.0,-2,2.0,49,69,0.4,4.9,1.8,1.3,1.8,356.0,132.0,100.0,100.0,301.0,116.0,292.0,95.0,365.0,124.0,345.0,118.0,,,,,,,,0.02,0.04,0.06,1.83,0.0,0.0,2.2,1.24,9.91,26,1,10,0,0,0,1,0,0,0,0,0,0,0,0,3,81,155,0.0,0.0,0.010000000000000009,0.010000000000000009,0.2400000000000002,3.5999999999999943,11.100000000000001,0.0,1.5,0,1,1,1
609,Jean-Clair,Todibo,Todibo,a,,,4.3,587,133.0,0.1,484,173.0,0.5,315.0,112.0,0,0,0.0,-2,2.0,113,79,0.1,7.2,0.5,0.0,1.7,370.0,137.0,100.0,0.0,137.0,62.0,301.0,99.0,364.0,123.0,262.0,88.0,,,,,,,,0.01,0.02,0.03,1.7,0.0,0.0,1.95,1.07,8.17,26,0,0,0,0,0,0,0,0,0,0,0,0,0,0,0,125,261,0.0,0.0,0.0,0.0,0.0,0.0,0.0,0.0,0.0,0,0,0,0
610,Aaron,Wan-Bissaka,Wan-Bissaka,a,,,4.1,652,158.0,4.5,79,26.0,4.8,28.0,6.0,2,0,0.0,-4,4.0,12544,2665,1.2,11.7,4.8,4.3,2.8,217.0,83.0,100.0,100.0,133.0,59.0,107.0,29.0,360.0,120.0,177.0,56.0,,,,,,,,0.0,0.05,0.05,1.6,0.0,0.06,1.91,0.99,8.07,26,2,90,0,0,0,1,0,0,0,0,0,0,1,0,14,20644,7197,0.0,0.0,0.010000000000000009,0.010000000000000009,0.5700000000000003,16.0,5.699999999999989,0.0,2.1999999999999957,0,7,4,7
611,Kaelan,Casey,Casey,u,has joined Leyton Orient on loan for the rest of the season.,,4.0,705,184.0,0.1,547,196.0,0.0,491.0,196.0,0,0,0.0,0,0.0,0,28,0.0,0.0,0.0,0.0,0.0,606.0,224.0,0.0,0.0,596.0,224.0,589.0,224.0,556.0,218.0,599.0,224.0,,,,,,,,0.0,0.0,0.0,0.0,0.0,0.0,0.0,0.0,0.0,26,0,0,0,0,0,0,0,0,0,0,0,0,0,0,0,0,37,0.0,0.0,0.0,0.0,0.0,0.0,0.0,0.0,0.0,0,0,0,0
612,Lucas,Tolentino Coelho de Lima,L.Paquetá,u,has joined Flamengo permanently.,,5.9,97,62.0,1.1,181,60.0,0.0,795.0,353.0,0,0,0.0,-1,1.0,0,2257,0.0,11.7,0.0,0.0,3.8,89.0,41.0,0.0,0.0,105.0,34.0,43.0,40.0,130.0,75.0,75.0,45.0,,,,,,,,0.17,0.12,0.29,1.44,0.0,0.18,1.96,1.07,8.68,26,0,0,0,0,0,0,0,0,0,0,0,0,0,0,0,0,4729,0.0,0.0,0.0,0.0,0.0,0.0,0.0,0.0,0.0,0,0,0,0
615,Crysencio,Summerville,Summerville,a,,,5.6,130,80.0,2.6,114,34.0,7.2,5.0,3.0,3,0,0.0,1,-1.0,53272,6135,1.3,13.8,7.2,6.7,3.7,99.0,45.0,100.0,100.0,173.0,66.0,98.0,71.0,48.0,29.0,80.0,47.0,2.0,,,,,,,0.19,0.07,0.26,1.41,0.0,0.17,1.65,1.08,7.55,26,3,89,0,0,1,0,0,0,0,0,0,0,1,0,13,90282,14014,0.0,0.020000000000000018,0.15999999999999992,0.17999999999999972,0.3999999999999986,17.399999999999977,20.299999999999983,9.0,4.700000000000003,1,3,3,7
616,Edson,Álvarez Velázquez,Álvarez,u,Has joined Fenerbahçe on loan for the rest of the season.,,4.9,310,194.0,0.0,596,226.0,0.0,718.0,297.0,0,0,0.0,-1,1.0,0,9,0.0,0.0,0.0,0.0,0.0,765.0,328.0,0.0,0.0,764.0,327.0,761.0,328.0,754.0,326.0,765.0,328.0,,,,,,,,0.0,0.0,0.0,0.0,0.0,0.0,0.0,0.0,0.0,26,0,0,0,0,0,0,0,0,0,0,0,0,0,0,0,0,11,0.0,0.0,0.0,0.0,0.0,0.0,0.0,0.0,0.0,0,0,0,0
617,Maxwel,Cornet,Cornet,u,has joined Genoa on loan for the rest of the season.,,4.9,289,179.0,0.0,700,292.0,0.0,709.0,291.0,0,0,0.0,-1,1.0,0,5,0.0,0.0,0.0,0.0,0.0,761.0,325.0,0.0,0.0,760.0,324.0,757.0,325.0,750.0,323.0,761.0,325.0,,,,,,,,0.0,0.0,0.0,0.0,0.0,0.0,0.0,0.0,0.0,26,0,0,0,0,0,0,0,0,0,0,0,0,0,0,0,0,6,0.0,0.0,0.0,0.0,0.0,0.0,0.0,0.0,0.0,0,0,0,0
618,Guido,Rodríguez,G.Rodriguez,u,has joined Valencia on loan for the rest of the season.,,4.8,355,223.0,0.0,607,234.0,0.0,698.0,284.0,0,0,0.0,-2,2.0,0,58,0.0,1.7,0.0,0.0,1.3,426.0,191.0,0.0,0.0,453.0,202.0,437.0,212.0,445.0,220.0,467.0,212.0,,,,,,,,0.02,0.02,0.04,1.33,0.0,0.51,1.03,1.03,7.71,26,0,0,0,0,0,0,0,0,0,0,0,0,0,0,0,0,90,0.0,0.0,0.0,0.0,0.0,0.0,0.0,0.0,0.0,0,0,0,0
619,Luis Guilherme,Lira dos Santos,L.Guilherme,u,has joined Sporting CP permanently.,,4.9,345,214.0,0.0,680,278.0,0.0,735.0,309.0,0,0,0.0,-1,1.0,0,17,0.0,1.0,0.0,0.0,1.0,489.0,226.0,0.0,0.0,455.0,204.0,398.0,198.0,429.0,212.0,461.0,208.0,,,,,,,,0.05,0.02,0.07,1.35,0.0,0.0,1.49,0.74,8.18,26,0,0,0,0,0,0,0,0,0,0,0,0,0,0,0,0,28,0.0,0.0,0.0,0.0,0.0,0.0,0.0,0.0,0.0,0,0,0,0
620,George,Earthy,Earthy,u,has joined Bristol City on loan for the rest of the season.,,4.5,446,267.0,0.0,606,233.0,0.0,629.0,230.0,0,0,0.0,0,0.0,0,46,0.0,0.2,0.0,0.0,1.0,472.0,211.0,0.0,0.0,700.0,277.0,456.0,219.0,442.0,217.0,488.0,224.0,,,,,,,,0.0,0.11,0.11,8.21,0.0,0.0,11.25,0.0,0.0,26,0,0,0,0,0,0,0,0,0,0,0,0,0,0,0,0,71,0.0,0.0,0.0,0.0,0.0,0.0,0.0,0.0,0.0,0,0,0,0
622,Lewis,Orford,Orford,u,has joined Stevenage on loan for the rest of the season.,,4.4,549,329.0,0.1,578,215.0,0.0,586.0,203.0,0,0,0.0,-1,1.0,0,20,0.0,0.0,0.0,0.0,0.0,672.0,261.0,0.0,0.0,663.0,252.0,660.0,258.0,637.0,247.0,666.0,255.0,,,,,,,,0.0,0.0,0.0,0.0,0.0,0.0,0.0,0.0,0.0,26,0,0,0,0,0,0,0,0,0,0,0,0,0,0,0,0,30,0.0,0.0,0.0,0.0,0.0,0.0,0.0,0.0,0.0,0,0,0,0
624,Jarrod,Bowen,Bowen,a,,,7.6,20,7.0,8.6,43,8.0,6.8,6.0,2.0,5,-1,1.0,-4,4.0,22728,25345,0.9,15.8,6.8,6.3,4.6,29.0,4.0,,,36.0,4.0,66.0,2.0,7.0,5.0,15.0,4.0,,1.0,2.0,,,,,0.22,0.09,0.31,1.61,0.0,0.12,1.82,1.0,6.84,26,5,89,0,1,1,0,0,0,0,0,0,0,1,0,16,31242,87160,0.0,0.03999999999999915,0.5100000000000002,0.5500000000000007,0.3999999999999986,18.200000000000045,12.5,10.0,4.099999999999994,0,2,7,9
625,Niclas,Füllkrug,Füllkrug,u,has joined AC Milan on loan for the rest of the season.,,5.6,122,34.0,0.6,245,37.0,0.0,788.0,84.0,0,0,0.0,-4,4.0,0,275,0.0,2.1,0.0,0.0,1.5,413.0,50.0,0.0,0.0,432.0,50.0,267.0,25.0,197.0,43.0,344.0,42.0,,,,,,,,0.21,0.05,0.26,1.9,0.0,0.22,2.43,1.11,4.2,26,0,0,0,0,0,0,0,0,0,0,0,0,0,0,0,0,392,0.0,0.0,0.0,0.0,0.0,0.0,0.0,0.0,0.0,0,0,0,0
626,Callum,Marshall,Marshall,u,has joined VfL Bochum 1848 on loan for the rest of the season.,,4.3,611,85.0,0.5,256,41.0,0.0,560.0,56.0,0,0,0.0,-2,2.0,0,496,0.0,0.5,0.0,0.0,1.0,461.0,58.0,0.0,0.0,488.0,58.0,482.0,61.0,415.0,58.0,478.0,59.0,,,,,,,,0.2,0.0,0.2,2.41,0.0,0.0,3.1,0.0,4.66,26,0,0,0,0,0,0,0,0,0,0,0,0,0,0,0,0,809,0.0,0.0,0.0,0.0,0.0,0.0,0.0,0.0,0.0,0,0,0,0
659,Kyle,Walker-Peters,Walker-Peters,a,,,4.2,629,143.0,0.3,343,123.0,0.5,314.0,111.0,1,0,0.0,-3,3.0,185,304,0.1,7.6,0.5,0.0,1.8,354.0,130.0,,,249.0,101.0,259.0,79.0,234.0,61.0,276.0,93.0,,,,,,,,0.11,0.02,0.13,1.99,0.0,0.09,2.08,0.94,6.79,26,1,1,0,0,0,1,0,0,0,0,0,0,0,0,118,330,609,0.0,0.0,0.0,0.0,0.17999999999999972,0.0,0.29999999999999716,0.0,0.0,0,0,0,0
671,Callum,Wilson,Wilson,a,,,5.8,103,30.0,0.6,246,38.0,1.0,277.0,38.0,1,0,0.0,-2,2.0,979,1749,0.2,10.7,1.0,0.5,2.8,234.0,26.0,,,231.0,19.0,291.0,29.0,56.0,22.0,181.0,21.0,,,,,,,,0.48,0.02,0.5,1.71,0.0,0.1,1.77,0.89,3.15,26,1,21,0,0,0,1,0,0,0,0,0,0,0,0,1,1526,3614,0.0,0.39999999999999947,0.010000000000000009,0.41000000000000014,0.3400000000000034,3.1999999999999886,1.0,12.0,1.5999999999999943,0,0,2,2
679,Mads,Hermansen,Hermansen,a,,,4.2,637,35.0,0.2,351,50.0,3.0,107.0,7.0,2,0,0.0,-3,3.0,1726,313,0.7,5.0,3.0,2.5,3.5,117.0,14.0,,,312.0,24.0,619.0,79.0,591.0,66.0,389.0,24.0,,,,,,,,0.0,0.0,0.0,1.22,2.67,0.33,2.0,1.0,0.0,26,2,90,0,0,0,1,0,0,0,0,0,2,1,0,7,2962,489,0.0,0.0,0.0,0.0,0.5699999999999994,12.400000000000006,0.0,0.0,1.200000000000001,0,1,11,0
708,Mateus Gonçalo,Espanha Fernandes,M.Fernandes,a,,,5.5,154,95.0,0.4,270,93.0,5.8,14.0,9.0,3,0,0.0,0,0.0,5306,1721,1.1,17.3,5.8,5.3,4.0,71.0,31.0,100.0,100.0,58.0,16.0,33.0,32.0,244.0,133.0,61.0,41.0,4.0,,,,,,,0.05,0.09,0.14,1.47,0.0,0.14,1.57,1.07,11.77,26,3,90,0,0,0,1,0,0,0,1,0,0,1,0,16,9720,4570,0.0,0.0,0.019999999999999796,0.020000000000000018,0.5700000000000003,13.0,3.1999999999999886,0.0,1.5999999999999943,5,2,8,15
747,Ezra,Mayers,Mayers,a,,,4.0,723,200.0,0.0,636,225.0,0.0,509.0,212.0,0,0,0.0,0,0.0,53,62,0.0,1.2,0.0,-0.5,1.0,452.0,166.0,,,438.0,165.0,361.0,126.0,399.0,146.0,433.0,156.0,,,,,,,,0.1,0.35,0.45,2.25,0.0,0.0,2.41,0.0,4.02,26,0,0,0,0,0,0,0,0,0,0,0,0,0,0,0,97,96,0.0,0.0,0.0,0.0,0.0,0.0,0.0,0.0,0.0,0,0,0,0
752,Airidas,Golambeckis,Golambeckis,a,,,4.0,734,211.0,0.0,660,231.0,0.0,516.0,219.0,0,0,0.0,0,0.0,52,55,0.0,0.0,0.0,-0.5,0.0,628.0,244.0,,,618.0,244.0,611.0,244.0,581.0,241.0,621.0,244.0,,,,,,,,0.0,0.0,0.0,0.0,0.0,0.0,0.0,0.0,0.0,26,0,0,0,0,0,0,0,0,0,0,0,0,0,0,0,120,85,0.0,0.0,0.0,0.0,0.0,0.0,0.0,0.0,0.0,0,0,0,0
758,Mohamadou,Kanté,Mohamadou Kanté,a,,,4.5,506,313.0,0.0,740,312.0,0.0,679.0,271.0,0,0,0.0,0,0.0,40,36,0.0,0.7,0.0,-0.5,1.0,480.0,219.0,,,470.0,214.0,412.0,205.0,426.0,210.0,466.0,211.0,,,,,,,,0.17,0.11,0.28,3.04,0.0,0.0,0.0,0.0,22.5,26,0,0,0,0,0,0,0,0,0,0,0,0,0,0,0,83,48,0.0,0.0,0.0,0.0,0.0,0.0,0.0,0.0,0.0,0,0,0,0
783,Pascal,Groß,Groß,a,,,5.5,135,83.0,0.1,497,176.0,4.2,46.0,27.0,2,0,0.0,0,0.0,660,561,0.8,4.2,4.2,4.2,3.3,147.0,66.0,,,302.0,134.0,120.0,84.0,263.0,142.0,251.0,126.0,,,,,,,,0.1,0.22,0.32,1.2,0.0,0.16,0.81,0.97,8.9,26,2,90,0,0,0,1,0,0,0,0,0,0,1,0,17,1082,1394,0.0,0.12,0.22999999999999998,0.34999999999999987,0.7199999999999998,23.60000000000001,51.20000000000002,15.0,9.0,1,2,4,7
795,Harry,Howell,Howell,a,,,4.5,492,302.0,0.0,777,337.0,0.6,308.0,135.0,1,0,0.0,0,0.0,81,22,0.1,0.7,0.6,0.6,1.5,405.0,177.0,,,460.0,207.0,439.0,213.0,444.0,219.0,473.0,217.0,,,,,,,,0.0,0.03,0.03,1.14,0.0,0.0,2.28,1.14,4.56,26,1,9,0,0,0,1,0,0,0,0,0,0,0,0,3,157,39,0.0,0.0,0.009999999999999998,0.009999999999999998,0.20999999999999996,1.2000000000000002,0.6000000000000005,2.0,0.3999999999999999,0,0,1,1
785,Pablo Felipe,Pereira de Jesus,Pablo,d,Knock - 25% chance of playing,,5.5,153,40.0,0.0,704,88.0,1.2,260.0,34.0,0,0,0.0,0,0.0,40,284,0.2,1.5,0.3,0.7,1.6,394.0,47.0,25.0,,443.0,52.0,324.0,35.0,374.0,55.0,408.0,50.0,,,,,,,,0.12,0.03,0.15,1.35,0.0,0.0,1.44,1.08,9.0,26,0,0,0,0,0,0,0,0,0,0,0,0,0,0,0,167,509,0.0,0.0,0.0,0.0,0.0,0.0,0.0,0.0,0.0,0,0,0,0
815,Axel,Disasi,Disasi,a,,,4.5,420,80.0,0.1,518,183.0,4.0,53.0,18.0,2,0,0.0,0,0.0,1577,500,0.9,1.8,4.0,3.5,4.0,63.0,26.0,,,424.0,160.0,410.0,149.0,400.0,147.0,441.0,159.0,,,,,,,,0.01,0.0,0.01,0.96,0.0,0.5,0.5,1.0,6.5,26,2,90,0,0,0,1,0,0,0,0,0,0,1,0,11,4151,753,0.0,0.0,0.0,0.0,0.5699999999999998,14.0,10.9,0.0,2.4999999999999996,0,8,0,8
627,Sam,Johnstone,Johnstone,a,,,4.4,520,26.0,0.1,425,64.0,0.0,571.0,86.0,0,0,0.0,-1,1.0,174,183,0.0,4.8,-0.5,-2.0,1.8,357.0,28.0,,,164.0,20.0,483.0,14.0,624.0,71.0,318.0,21.0,,,,,,,,0.0,0.0,0.0,1.55,3.25,0.0,2.0,1.0,0.0,26,0,0,0,0,0,0,0,0,0,0,0,0,0,0,0,349,301,0.0,0.0,0.0,0.0,0.0,0.0,0.0,0.0,0.0,0,0,0,0
628,José,Malheiro de Sá,José Sá,a,,,4.2,628,33.0,1.2,178,22.0,3.2,89.0,5.0,12,0,0.0,-3,3.0,2709,1201,0.8,10.0,2.7,4.4,3.0,184.0,16.0,,,166.0,21.0,416.0,5.0,589.0,64.0,312.0,20.0,,,,,,,,0.0,0.0,0.0,1.44,2.57,0.21,1.71,1.0,0.0,26,12,90,0,0,1,0,0,0,0,0,0,10,1,3,50,10005,2308,0.0,0.0,0.0,0.0,2.5500000000000007,71.60000000000002,0.0,0.0,7.199999999999999,0,2,12,0
629,Daniel,Bentley,Bentley,a,,,3.9,740,70.0,0.5,262,34.0,0.0,415.0,29.0,0,0,0.0,-1,1.0,395,243,0.0,0.0,-0.5,-2.0,0.0,536.0,38.0,100.0,100.0,526.0,38.0,516.0,23.0,481.0,9.0,529.0,38.0,,,,,,,,0.0,0.0,0.0,0.0,0.0,0.0,0.0,0.0,0.0,26,0,0,0,0,0,0,0,0,0,0,0,0,0,0,0,802,416,0.0,0.0,0.0,0.0,0.0,0.0,0.0,0.0,0.0,0,0,0,0
631,Emmanuel,Agbadou,Agbadou,u,has joined Besiktas permanently.,,4.2,642,153.0,0.1,447,164.0,0.6,307.0,108.0,0,0,0.0,-3,3.0,0,127,0.1,5.5,0.0,0.0,1.6,379.0,142.0,0.0,0.0,156.0,68.0,287.0,93.0,264.0,76.0,239.0,79.0,,5.0,,,,,,0.05,0.03,0.08,1.49,0.0,0.0,2.37,0.98,10.23,26,0,0,0,0,0,0,0,0,0,0,0,0,0,0,0,0,249,0.0,0.0,0.0,0.0,0.0,0.0,0.0,0.0,0.0,0,0,0,0
632,Matt,Doherty,Doherty,a,,,4.4,519,100.0,0.1,498,177.0,0.0,570.0,233.0,0,0,0.0,-1,1.0,45,88,0.0,2.5,-0.5,-2.0,1.2,436.0,157.0,100.0,100.0,329.0,124.0,331.0,113.0,379.0,133.0,368.0,129.0,,,,,,,,0.01,0.03,0.04,1.68,0.0,0.14,1.96,1.26,7.27,26,0,0,0,0,0,0,0,0,0,0,0,0,0,0,0,194,143,0.0,0.0,0.0,0.0,0.0,0.0,0.0,0.0,0.0,0,0,0,0
633,Hugo,Bueno López,H.Bueno,a,,,4.3,595,137.0,0.2,355,126.0,1.0,264.0,94.0,1,0,0.0,-2,2.0,141,1117,0.2,12.6,0.5,0.0,2.3,291.0,109.0,100.0,100.0,128.0,56.0,34.0,2.0,204.0,49.0,84.0,20.0,2.0,,,,,,,0.03,0.13,0.16,1.38,0.0,0.17,1.54,0.97,6.46,26,1,59,0,0,0,0,0,0,0,0,0,0,1,0,10,4979,1826,0.0,0.0,0.040000000000000036,0.040000000000000036,1.5,6.600000000000023,1.3000000000000114,8.0,1.6000000000000085,2,1,5,3
638,Ki-Jana,Hoever,Hoever,u,has joined Sheffield United on loan for the rest of the season.,,3.8,794,243.0,1.0,187,70.0,0.0,396.0,151.0,0,0,0.0,-2,2.0,0,1779,0.0,2.6,0.0,0.0,1.2,433.0,154.0,0.0,0.0,336.0,128.0,261.0,81.0,386.0,138.0,360.0,124.0,,,,,,,,0.0,0.08,0.08,1.99,0.0,0.0,2.77,1.28,8.51,26,0,0,0,0,0,0,0,0,0,0,0,0,0,0,0,0,3199,0.0,0.0,0.0,0.0,0.0,0.0,0.0,0.0,0.0,0,0,0,0
639,Bastien,Meupiyou Menadjou,Meupiyou,u,On loan to FC Alverca,,4.0,712,190.0,0.0,759,259.0,0.0,498.0,202.0,0,0,0.0,0,0.0,0,4,0.0,0.0,0.0,0.0,0.0,612.0,229.0,0.0,0.0,602.0,229.0,595.0,229.0,563.0,224.0,605.0,229.0,,,,,,,,0.0,0.0,0.0,0.0,0.0,0.0,0.0,0.0,0.0,26,0,0,0,0,0,0,0,0,0,0,0,0,0,0,0,0,4,0.0,0.0,0.0,0.0,0.0,0.0,0.0,0.0,0.0,0,0,0,0
640,Pedro,Cardoso de Lima,Pedro Lima,a,,,4.0,732,209.0,0.4,287,108.0,0.4,341.0,121.0,0,0,0.0,0,0.0,92,182,0.1,0.8,-0.1,-1.2,1.0,455.0,169.0,100.0,100.0,498.0,178.0,469.0,173.0,435.0,162.0,498.0,177.0,,,,,,,,0.0,0.0,0.0,23.7,0.0,0.0,30.0,0.0,0.0,26,0,0,0,0,0,0,0,0,0,0,0,0,0,0,0,311,278,0.0,0.0,0.0,0.0,0.0,0.0,0.0,0.0,0.0,0,0,0,0
641,Alfie,Pond,Pond,u,has joined Crewe Alexandra on loan for the rest of the season.,,3.9,771,225.0,1.0,188,71.0,0.0,440.0,172.0,0,0,0.0,-1,1.0,0,1036,0.0,0.0,0.0,0.0,0.0,559.0,203.0,0.0,0.0,549.0,203.0,539.0,203.0,504.0,195.0,552.0,203.0,,,,,,,,0.0,0.0,0.0,0.0,0.0,0.0,0.0,0.0,0.0,26,0,0,0,0,0,0,0,0,0,0,0,0,0,0,0,0,1733,0.0,0.0,0.0,0.0,0.0,0.0,0.0,0.0,0.0,0,0,0,0
642,Hwang,Hee-chan,Hee Chan,i,Calf injury - Unknown return date,,5.6,125,77.0,0.1,437,148.0,1.0,274.0,118.0,0,0,0.0,-4,4.0,15,1276,0.2,7.9,0.0,0.0,2.2,306.0,134.0,0.0,0.0,308.0,140.0,188.0,126.0,172.0,98.0,260.0,129.0,,,3.0,,,,,0.17,0.07,0.24,1.39,0.0,0.16,1.73,1.18,5.35,26,0,0,0,0,0,0,0,0,0,0,0,0,0,0,0,322,2832,0.0,0.0,0.0,0.0,0.0,0.0,0.0,0.0,0.0,0,0,0,0
643,André,Trindade da Costa Neto,André,a,,,5.2,216,134.0,0.1,534,193.0,0.8,297.0,129.0,0,-1,1.0,-3,3.0,27,188,0.2,10.2,0.3,-0.3,2.3,294.0,128.0,100.0,75.0,207.0,89.0,136.0,95.0,383.0,193.0,237.0,120.0,,,,,,,,0.01,0.04,0.05,1.46,0.0,0.05,1.77,0.96,12.57,26,0,0,0,0,0,0,0,0,0,0,0,0,0,0,0,134,344,0.0,0.0,0.0,0.0,0.0,0.0,0.0,0.0,0.0,0,0,0,0
644,Jean-Ricner,Bellegarde,Bellegarde,a,,,5.1,230,142.0,0.0,598,227.0,0.4,345.0,153.0,0,0,0.0,-4,4.0,46,110,0.1,5.3,-0.1,-1.2,1.6,388.0,171.0,100.0,100.0,319.0,143.0,219.0,140.0,232.0,128.0,305.0,151.0,3.0,4.0,,,,,,0.1,0.08,0.18,1.67,0.0,0.12,2.6,1.11,7.68,26,0,12,0,0,0,0,0,0,0,1,0,0,0,0,123,662,153,0.0,0.06999999999999995,0.0,0.06999999999999984,0.17999999999999972,0.0,0.0,4.0,0.10000000000000142,0,1,0,1
647,Gonçalo Manuel,Ganchinho Guedes,Guedes,u,Has joined Real Sociedad permanently.,,5.5,140,86.0,0.0,789,347.0,0.0,785.0,346.0,0,0,0.0,0,0.0,0,0,0.0,0.0,0.0,0.0,0.0,803.0,357.0,0.0,0.0,803.0,357.0,802.0,357.0,800.0,356.0,803.0,357.0,,,,,,,,0.0,0.0,0.0,0.0,0.0,0.0,0.0,0.0,0.0,26,0,0,0,0,0,0,0,0,0,0,0,0,0,0,0,0,0,0.0,0.0,0.0,0.0,0.0,0.0,0.0,0.0,0.0,0,0,0,0
538,Zak,Johnson,Johnson,u,has joined York City on loan for the rest of the season.,,3.8,799,248.0,0.2,362,131.0,0.0,401.0,156.0,0,0,0.0,-2,2.0,0,274,0.0,0.0,0.0,0.0,0.0,524.0,191.0,0.0,0.0,514.0,191.0,501.0,189.0,465.0,180.0,517.0,191.0,,,,,,,,0.0,0.0,0.0,0.0,0.0,0.0,0.0,0.0,0.0,26,0,0,0,0,0,0,0,0,0,0,0,0,0,0,0,0,451,0.0,0.0,0.0,0.0,0.0,0.0,0.0,0.0,0.0,0,0,0,0
583,Dejan,Kulusevski,Kulusevski,i,Knee injury - Unknown return date,,6.4,59,38.0,0.0,718,301.0,0.0,805.0,359.0,0,0,0.0,-1,1.0,10,17,0.0,0.0,0.0,0.0,0.0,811.0,363.0,0.0,0.0,811.0,363.0,811.0,363.0,811.0,363.0,811.0,363.0,,,,,,,,0.0,0.0,0.0,0.0,0.0,0.0,0.0,0.0,0.0,26,0,0,0,0,0,0,0,0,0,0,0,0,0,0,0,18,19,0.0,0.0,0.0,0.0,0.0,0.0,0.0,0.0,0.0,0,0,0,0
651,Tom,Edozie,Edozie,a,,,4.3,615,361.0,0.4,294,102.0,0.0,564.0,191.0,0,0,0.0,-2,2.0,400,405,0.0,0.0,-0.5,-2.0,0.0,655.0,251.0,,,645.0,241.0,642.0,247.0,618.0,236.0,648.0,244.0,,,,,,,,0.0,0.0,0.0,0.0,0.0,0.0,0.0,0.0,0.0,26,0,0,0,0,0,0,0,0,0,0,0,0,0,0,0,903,701,0.0,0.0,0.0,0.0,0.0,0.0,0.0,0.0,0.0,0,0,0,0
43,Álex,Moreno Lopera,Alex Moreno,u,Has joined Girona permanently.,,4.0,661,161.0,1.6,149,58.0,0.0,454.0,179.0,0,0,0.0,0,0.0,0,666,0.0,0.0,0.0,0.0,0.0,572.0,209.0,0.0,0.0,562.0,209.0,553.0,209.0,519.0,202.0,565.0,209.0,,,,,,,,0.0,0.0,0.0,0.0,0.0,0.0,0.0,0.0,0.0,26,0,0,0,0,0,0,0,0,0,0,0,0,0,0,0,0,1144,0.0,0.0,0.0,0.0,0.0,0.0,0.0,0.0,0.0,0,0,0,0
59,Amadou,Onana,Onana,a,,,4.8,367,229.0,0.7,222,76.0,3.0,109.0,51.0,3,0,0.0,-2,2.0,2541,923,0.6,12.1,3.0,3.0,3.4,128.0,55.0,100.0,100.0,177.0,70.0,274.0,160.0,266.0,144.0,244.0,123.0,,,,,,,,0.04,0.02,0.06,1.47,0.0,0.4,0.95,1.11,12.18,26,3,74,0,0,1,0,0,0,0,0,0,0,1,0,10,4818,1678,0.0,0.06,0.020000000000000018,0.07999999999999996,0.39000000000000057,6.199999999999989,3.0999999999999943,4.0,1.2999999999999972,2,3,2,7
190,Hjalmar,Ekdal,Ekdal,a,,,3.9,763,223.0,0.8,205,78.0,0.0,432.0,170.0,0,0,0.0,-1,1.0,229,1033,0.0,11.3,-1.0,-0.5,2.9,199.0,77.0,,,192.0,79.0,346.0,120.0,259.0,74.0,275.0,92.0,,,,,,,,0.02,0.02,0.04,1.74,0.0,0.15,1.83,0.99,10.08,26,0,0,0,0,0,0,0,0,0,0,0,0,0,0,0,335,2064,0.0,0.0,0.0,0.0,0.0,0.0,0.0,0.0,0.0,0,0,0,0
191,Maxime,Estève,Estève,a,,,3.9,762,222.0,8.0,48,16.0,2.5,147.0,49.0,3,0,0.0,-1,1.0,2896,5529,0.6,14.6,1.5,2.0,2.5,263.0,102.0,100.0,100.0,59.0,27.0,263.0,83.0,262.0,75.0,166.0,54.0,,,,,,,,0.02,0.02,0.04,2.09,0.0,0.09,2.15,1.05,10.01,26,3,90,0,0,0,2,0,0,0,0,0,0,1,0,9,5563,13867,0.0,0.0,0.020000000000000018,0.019999999999999907,1.7999999999999972,22.399999999999977,0.6999999999999886,6.0,2.9000000000000057,2,8,6,10
699,Douglas Luiz,Soares de Paulo,Douglas Luiz,a,,,4.9,317,197.0,0.1,500,178.0,1.8,212.0,87.0,3,0,0.0,-1,1.0,791,231,0.4,3.7,1.8,1.8,1.6,386.0,169.0,100.0,100.0,345.0,153.0,148.0,102.0,309.0,162.0,300.0,148.0,,,,,,,,0.04,0.17,0.21,1.11,0.0,0.16,1.44,1.28,10.87,26,3,83,0,0,1,0,0,0,0,0,0,0,1,0,19,1244,618,0.0,0.0,0.07000000000000006,0.07000000000000006,0.5,10.400000000000006,30.0,0.0,4.0000000000000036,2,1,8,11
701,Triston,Rowe,Rowe,u,has joined Annecy on loan for the rest of the season.,,4.0,713,191.0,0.1,533,190.0,0.0,499.0,203.0,0,0,0.0,0,0.0,0,25,0.0,0.0,0.0,0.0,0.0,613.0,230.0,0.0,0.0,603.0,230.0,596.0,230.0,564.0,225.0,606.0,230.0,,,,,,,,0.0,0.0,0.0,0.0,0.0,0.0,0.0,0.0,0.0,26,0,0,0,0,0,0,0,0,0,0,0,0,0,0,0,0,36,0.0,0.0,0.0,0.0,0.0,0.0,0.0,0.0,0.0,0,0,0,0
199,Joe,Worrall,Worrall,a,,,3.8,786,235.0,0.2,416,152.0,0.8,282.0,98.0,3,0,0.0,-2,2.0,296,108,0.2,2.6,-0.2,0.3,1.4,417.0,149.0,100.0,100.0,380.0,145.0,463.0,171.0,424.0,157.0,427.0,153.0,,,,,,,,0.0,0.01,0.01,2.12,0.0,0.0,1.84,0.74,13.28,26,3,90,0,0,0,2,0,0,0,0,0,0,1,0,3,416,234,0.0,0.0,0.0,0.0,1.7999999999999998,25.000000000000007,0.19999999999999996,2.0,2.7,0,13,2,13
204,Darko,Churlinov,Churlinov,u,has joined Kocaelispor  permanently.,,4.9,321,200.0,0.0,722,302.0,0.0,721.0,300.0,0,0,0.0,-1,1.0,0,5,0.0,0.0,0.0,0.0,0.0,767.0,330.0,0.0,0.0,766.0,329.0,763.0,330.0,757.0,328.0,767.0,330.0,,,,,,,,0.0,0.0,0.0,0.0,0.0,0.0,0.0,0.0,0.0,26,0,0,0,0,0,0,0,0,0,0,0,0,0,0,0,0,6,0.0,0.0,0.0,0.0,0.0,0.0,0.0,0.0,0.0,0,0,0,0
205,Josh,Cullen,Cullen,i,Knee injury - Expected back 30 Sep,,4.9,297,185.0,0.9,200,67.0,0.0,711.0,293.0,0,0,0.0,-1,1.0,26,1391,0.0,14.3,0.0,0.0,3.9,81.0,38.0,0.0,0.0,130.0,44.0,129.0,89.0,235.0,130.0,158.0,88.0,,,,,,,,0.06,0.08,0.14,1.93,0.0,0.18,1.73,1.07,10.29,26,0,0,0,0,0,0,0,0,0,0,0,0,0,0,0,33,2636,0.0,0.0,0.0,0.0,0.0,0.0,0.0,0.0,0.0,0,0,0,0
49,Leon,Bailey,Bailey,a,,,5.5,141,87.0,0.1,491,173.0,1.0,273.0,117.0,1,0,0.0,0,0.0,400,181,0.2,0.7,1.0,1.0,1.0,498.0,234.0,100.0,100.0,442.0,195.0,279.0,163.0,353.0,185.0,392.0,182.0,,,,,,,,0.1,0.37,0.47,0.77,0.0,0.0,0.0,0.0,9.0,26,1,30,0,0,0,0,0,0,0,0,0,0,0,0,3,561,292,0.0,0.0,0.23000000000000004,0.22999999999999993,0.33000000000000007,6.199999999999999,38.99999999999999,4.0,4.8999999999999995,0,0,1,1
51,Samuel,Iling-Junior,Iling Jr,u,has joined Pisa on loan for the rest of the season.,,5.5,150,93.0,0.0,683,280.0,0.0,786.0,347.0,0,0,0.0,0,0.0,0,4,0.0,0.0,0.0,0.0,0.0,804.0,358.0,0.0,0.0,804.0,358.0,803.0,358.0,801.0,357.0,804.0,358.0,,,,,,,,0.0,0.0,0.0,0.0,0.0,0.0,0.0,0.0,0.0,26,0,0,0,0,0,0,0,0,0,0,0,0,0,0,0,0,4,0.0,0.0,0.0,0.0,0.0,0.0,0.0,0.0,0.0,0,0,0,0
807,Rayan Vitor,Simplício Rocha,Rayan,a,,,5.5,152,94.0,0.9,201,68.0,6.3,12.0,8.0,6,0,0.0,0,0.0,67932,1405,1.1,3.5,6.3,6.3,6.3,3.0,1.0,,,351.0,155.0,306.0,174.0,274.0,148.0,352.0,169.0,,,,,,,,0.23,0.33,0.56,1.9,0.0,0.0,0.91,0.91,4.09,26,6,90,1,0,0,1,0,0,0,1,0,0,1,0,23,81707,2221,0.0,0.33999999999999997,0.09999999999999998,0.43999999999999995,2.9399999999999995,33.400000000000006,27.400000000000006,39.0,10.0,0,0,5,5
27,Reiss,Nelson,Nelson,a,,,4.8,356,224.0,0.1,488,171.0,0.0,699.0,285.0,0,0,0.0,-2,2.0,76,69,0.0,1.2,0.0,0.0,1.0,483.0,222.0,100.0,0.0,446.0,198.0,443.0,214.0,382.0,192.0,453.0,204.0,,,,,,,,1.1,0.13,1.23,2.18,0.0,0.0,1.8,0.0,30.6,26,0,0,0,0,0,0,0,0,0,0,0,0,0,0,0,82,161,0.0,0.0,0.0,0.0,0.0,0.0,0.0,0.0,0.0,0,0,0,0
757,Ronnie,Hollingshead,Hollingshead,a,,,4.0,703,62.0,0.0,716,83.0,0.0,489.0,73.0,0,0,0.0,0,0.0,46,31,0.0,0.0,0.0,0.0,0.0,604.0,81.0,,,594.0,81.0,587.0,69.0,554.0,55.0,597.0,81.0,,,,,,,,0.0,0.0,0.0,0.0,0.0,0.0,0.0,0.0,0.0,26,0,0,0,0,0,0,0,0,0,0,0,0,0,0,0,60,52,0.0,0.0,0.0,0.0,0.0,0.0,0.0,0.0,0.0,0,0,0,0
115,Benjamin,Fredrick,Fredrick,u,has joined Dender on loan for the rest of the season.,,4.0,725,202.0,0.1,525,187.0,0.0,511.0,214.0,0,0,0.0,0,0.0,0,27,0.0,0.0,0.0,0.0,0.0,623.0,239.0,0.0,0.0,613.0,239.0,606.0,239.0,574.0,234.0,616.0,239.0,,,,,,,,0.0,0.0,0.0,0.0,0.0,0.0,0.0,0.0,0.0,26,0,0,0,0,0,0,0,0,0,0,0,0,0,0,0,0,43,0.0,0.0,0.0,0.0,0.0,0.0,0.0,0.0,0.0,0,0,0,0
810,Luka,Bentt,Bentt,a,,,4.5,471,286.0,0.0,805,357.0,0.0,647.0,246.0,0,0,0.0,0,0.0,46,13,0.0,0.0,0.0,-1.0,0.0,720.0,296.0,,,717.0,293.0,713.0,295.0,697.0,289.0,719.0,295.0,,,,,,,,0.0,0.0,0.0,0.0,0.0,0.0,0.0,0.0,0.0,26,0,0,0,0,0,0,0,0,0,0,0,0,0,0,0,73,15,0.0,0.0,0.0,0.0,0.0,0.0,0.0,0.0,0.0,0,0,0,0
208,Luca,Koleosho,Koleosho,u,has joined Paris FC on loan for the rest of the season.,,5.0,266,161.0,0.0,733,308.0,0.0,747.0,318.0,0,0,0.0,0,0.0,0,2,0.0,0.0,0.0,0.0,0.0,784.0,343.0,0.0,0.0,783.0,342.0,782.0,343.0,778.0,341.0,784.0,343.0,,,,,,,,0.0,0.0,0.0,0.0,0.0,0.0,0.0,0.0,0.0,26,0,0,0,0,0,0,0,0,0,0,0,0,0,0,0,0,2,0.0,0.0,0.0,0.0,0.0,0.0,0.0,0.0,0.0,0,0,0,0
141,Carl,Rushworth,Rushworth,u,Has joined Coventry City on loan for the rest of the season.,,4.0,687,55.0,0.0,803,92.0,0.0,475.0,66.0,0,0,0.0,0,0.0,0,0,0.0,0.0,0.0,0.0,0.0,591.0,74.0,0.0,0.0,581.0,74.0,574.0,62.0,541.0,48.0,584.0,74.0,,,,,,,,0.0,0.0,0.0,0.0,0.0,0.0,0.0,0.0,0.0,26,0,0,0,0,0,0,0,0,0,0,0,0,0,0,0,0,0,0.0,0.0,0.0,0.0,0.0,0.0,0.0,0.0,0.0,0,0,0,0
288,Mark,Travers,Travers,a,,,4.3,584,28.0,0.1,458,69.0,0.0,543.0,83.0,0,0,0.0,-2,2.0,47,71,0.0,0.0,-0.5,0.0,0.0,640.0,89.0,,,630.0,89.0,626.0,80.0,600.0,68.0,633.0,89.0,,,,,,,,0.0,0.0,0.0,0.0,0.0,0.0,0.0,0.0,0.0,26,0,0,0,0,0,0,0,0,0,0,0,0,0,0,0,97,103,0.0,0.0,0.0,0.0,0.0,0.0,0.0,0.0,0.0,0,0,0,0
231,Mamadou,Sarr,M.Sarr,a,,,4.5,478,95.0,0.0,699,240.0,0.0,654.0,247.0,0,0,0.0,0,0.0,304,79,0.0,0.0,1.0,0.5,0.0,726.0,258.0,100.0,100.0,723.0,258.0,719.0,258.0,704.0,258.0,725.0,258.0,,,,,,,,0.0,0.0,0.0,0.0,0.0,0.0,0.0,0.0,0.0,26,0,0,0,0,0,0,0,0,0,0,0,0,0,0,0,400,115,0.0,0.0,0.0,0.0,0.0,0.0,0.0,0.0,0.0,0,0,0,0
316,Antonee,Robinson,Robinson,a,,,4.9,295,44.0,0.7,212,81.0,0.5,327.0,119.0,0,0,0.0,-1,1.0,1183,2234,0.1,6.7,0.5,0.0,2.8,227.0,91.0,100.0,100.0,257.0,105.0,137.0,35.0,340.0,110.0,255.0,86.0,,,,,,,,0.02,0.12,0.14,1.49,0.0,0.22,1.12,1.01,7.64,26,0,0,0,0,0,0,0,0,0,0,0,0,0,0,0,1513,5397,0.0,0.0,0.0,0.0,0.0,0.0,0.0,0.0,0.0,0,0,0,0
789,Max,Merrick,Merrick,a,,,4.0,704,63.0,0.0,769,87.0,0.0,490.0,74.0,0,0,0.0,0,0.0,18,33,0.0,0.0,1.0,0.5,0.0,605.0,82.0,,,595.0,82.0,588.0,70.0,555.0,56.0,598.0,82.0,,,,,,,,0.0,0.0,0.0,0.0,0.0,0.0,0.0,0.0,0.0,26,0,0,0,0,0,0,0,0,0,0,0,0,0,0,0,31,40,0.0,0.0,0.0,0.0,0.0,0.0,0.0,0.0,0.0,0,0,0,0
664,Benjamin,Lecomte,Lecomte,a,,,3.9,742,72.0,0.7,215,28.0,0.0,417.0,31.0,0,0,0.0,-1,1.0,422,425,0.0,0.0,0.0,-0.5,0.0,538.0,40.0,,,528.0,40.0,518.0,25.0,483.0,11.0,531.0,40.0,,,,,,,,0.0,0.0,0.0,0.0,0.0,0.0,0.0,0.0,0.0,26,0,0,0,0,0,0,0,0,0,0,0,0,0,0,0,619,716,0.0,0.0,0.0,0.0,0.0,0.0,0.0,0.0,0.0,0,0,0,0
723,Jaydee,Canvot,Canvot,a,,,4.5,510,97.0,0.0,649,227.0,0.0,683.0,248.0,0,0,0.0,0,0.0,40,101,0.0,6.0,0.5,0.5,3.0,187.0,74.0,100.0,100.0,340.0,129.0,432.0,156.0,396.0,144.0,397.0,142.0,,,,,,,,0.01,0.03,0.04,1.96,0.0,0.51,1.53,0.77,13.3,26,0,0,0,0,0,0,0,0,0,0,0,0,0,0,0,82,176,0.0,0.0,0.0,0.0,0.0,0.0,0.0,0.0,0.0,0,0,0,0
369,Freddie,Woodman,Woodman,a,,,3.9,746,75.0,0.2,389,56.0,0.0,421.0,34.0,0,0,0.0,-1,1.0,80,151,0.0,0.0,0.5,0.5,0.0,541.0,43.0,,,531.0,43.0,521.0,28.0,486.0,14.0,534.0,43.0,,,,,,,,0.0,0.0,0.0,0.0,0.0,0.0,0.0,0.0,0.0,26,0,0,0,0,0,0,0,0,0,0,0,0,0,0,0,134,222,0.0,0.0,0.0,0.0,0.0,0.0,0.0,0.0,0.0,0,0,0,0
378,Amara,Nallo,Nallo,a,,,3.7,817,265.0,1.2,177,68.0,0.0,387.0,143.0,0,0,0.0,-3,3.0,2437,3513,0.0,0.0,0.5,0.5,0.0,514.0,182.0,100.0,100.0,503.0,181.0,489.0,178.0,453.0,169.0,506.0,181.0,,,,,,,,0.0,0.0,0.0,0.0,0.0,0.0,0.0,0.0,0.0,26,0,0,0,0,0,0,0,0,0,0,0,0,0,0,0,7654,5479,0.0,0.0,0.0,0.0,0.0,0.0,0.0,0.0,0.0,0,0,0,0
746,Kieran,Morrison,Morrison,a,,,4.5,491,301.0,0.0,746,317.0,0.0,667.0,261.0,0,0,0.0,0,0.0,23,25,0.0,0.0,0.5,0.5,0.0,736.0,307.0,,,734.0,305.0,729.0,306.0,715.0,302.0,735.0,306.0,,,,,,,,0.0,0.0,0.0,0.0,0.0,0.0,0.0,0.0,0.0,26,0,0,0,0,0,0,0,0,0,0,0,0,0,0,0,33,34,0.0,0.0,0.0,0.0,0.0,0.0,0.0,0.0,0.0,0,0,0,0
737,Jonah,Kusi-Asare,Kusi-Asare,a,,,4.5,508,74.0,0.1,479,69.0,0.0,681.0,73.0,0,0,0.0,0,0.0,492,277,0.0,0.9,0.0,-0.5,0.8,504.0,62.0,,,489.0,59.0,409.0,54.0,407.0,56.0,463.0,57.0,,,,,,,,0.0,0.21,0.21,2.25,0.0,0.0,6.0,0.0,6.0,26,0,0,0,0,0,0,0,0,0,0,0,0,0,0,0,953,443,0.0,0.0,0.0,0.0,0.0,0.0,0.0,0.0,0.0,0,0,0,0
438,Noussair,Mazraoui,Mazraoui,a,,,4.9,316,51.0,0.2,372,134.0,0.8,293.0,105.0,0,0,0.0,-1,1.0,599,604,0.2,4.1,1.3,1.3,1.7,374.0,139.0,100.0,100.0,324.0,122.0,328.0,112.0,370.0,129.0,364.0,125.0,,,,,,,,0.01,0.05,0.06,0.8,0.0,0.2,1.21,1.21,9.44,26,0,0,0,0,0,0,0,0,0,0,0,0,0,0,0,916,893,0.0,0.0,0.0,0.0,0.0,0.0,0.0,0.0,0.0,0,0,0,0
344,Jaka,Bijol,Bijol,a,,,3.9,755,218.0,0.4,275,102.0,0.8,284.0,100.0,3,0,0.0,-1,1.0,419,531,0.2,11.8,0.8,0.3,3.5,115.0,41.0,100.0,100.0,184.0,76.0,354.0,123.0,191.0,45.0,245.0,82.0,,,,,,,,0.04,0.04,0.08,1.68,0.0,0.08,1.68,1.01,9.4,26,3,90,0,0,0,2,0,0,0,0,0,0,1,0,2,685,1282,0.0,0.0,0.0,0.0,3.1300000000000026,15.0,0.29999999999999716,2.0,1.7000000000000028,1,11,1,12
360,Joe,Gelhardt,Gelhardt,u,Has joined Hull City on loan for the rest of the season.,,4.5,439,263.0,0.0,750,319.0,0.0,626.0,227.0,0,0,0.0,0,0.0,0,3,0.0,0.0,0.0,0.0,0.0,703.0,280.0,0.0,0.0,697.0,274.0,695.0,278.0,677.0,271.0,700.0,277.0,,,,,,,,0.0,0.0,0.0,0.0,0.0,0.0,0.0,0.0,0.0,26,0,0,0,0,0,0,0,0,0,0,0,0,0,0,0,0,3,0.0,0.0,0.0,0.0,0.0,0.0,0.0,0.0,0.0,0,0,0,0
463,Sékou,Koné,Kone,u,has joined Lausanne-Sport on loan for the rest of the season.,,4.3,620,364.0,0.1,512,186.0,0.0,567.0,193.0,0,0,0.0,-2,2.0,0,180,0.0,0.0,0.0,0.0,0.0,658.0,253.0,0.0,0.0,648.0,243.0,645.0,249.0,621.0,238.0,651.0,246.0,,,,,,,,0.0,0.0,0.0,0.0,0.0,0.0,0.0,0.0,0.0,26,0,0,0,0,0,0,0,0,0,0,0,0,0,0,0,0,281,0.0,0.0,0.0,0.0,0.0,0.0,0.0,0.0,0.0,0,0,0,0
464,Jack,Moorhouse,Moorhouse,u,has joined Leyton Orient on loan for the rest of the season.,,4.5,472,287.0,0.0,688,283.0,0.0,648.0,247.0,0,0,0.0,0,0.0,0,8,0.0,0.0,0.0,0.0,0.0,721.0,297.0,0.0,0.0,718.0,294.0,714.0,296.0,698.0,290.0,720.0,296.0,,,,,,,,0.0,0.0,0.0,0.0,0.0,0.0,0.0,0.0,0.0,26,0,0,0,0,0,0,0,0,0,0,0,0,0,0,0,0,13,0.0,0.0,0.0,0.0,0.0,0.0,0.0,0.0,0.0,0,0,0,0
469,Nick,Pope,Pope,a,,,5.1,223,6.0,4.7,73,13.0,2.0,191.0,16.0,2,0,0.0,1,-1.0,1050,7084,0.4,15.5,1.5,2.0,4.0,68.0,6.0,100.0,100.0,66.0,14.0,791.0,92.0,787.0,90.0,247.0,14.0,,,,,,,,0.0,0.0,0.0,1.19,3.02,0.35,1.36,1.01,0.0,26,2,90,0,0,0,1,0,0,0,0,0,1,1,0,7,3542,15444,0.0,0.0,0.0,0.0,1.8500000000000014,5.600000000000023,0.0,0.0,0.6000000000000014,0,1,9,0
753,John,Ruddy,Ruddy,a,,,4.0,657,39.0,0.0,693,81.0,0.0,451.0,52.0,0,0,0.0,0,0.0,40,38,0.0,0.0,-0.5,0.0,0.0,569.0,61.0,,,559.0,61.0,549.0,46.0,515.0,32.0,562.0,61.0,,,,,,,,0.0,0.0,0.0,0.0,0.0,0.0,0.0,0.0,0.0,26,0,0,0,0,0,0,0,0,0,0,0,0,0,0,0,85,56,0.0,0.0,0.0,0.0,0.0,0.0,0.0,0.0,0.0,0,0,0,0
546,Milan,Aleksić,Aleksić,a,,,4.9,348,217.0,0.0,690,285.0,0.0,737.0,311.0,0,0,0.0,-1,1.0,15,10,0.0,0.0,0.0,-0.5,0.0,776.0,337.0,100.0,100.0,775.0,336.0,772.0,337.0,767.0,335.0,776.0,337.0,,,,,,,,0.0,0.0,0.0,0.0,0.0,0.0,0.0,0.0,0.0,26,0,0,0,0,0,0,0,0,0,0,0,0,0,0,0,31,16,0.0,0.0,0.0,0.0,0.0,0.0,0.0,0.0,0.0,0,0,0,0
520,Lewis,O'Brien,O'Brien,u,Has joined Wrexham permanently.,,5.0,254,155.0,0.0,813,363.0,0.0,742.0,314.0,0,0,0.0,0,0.0,0,0,0.0,0.0,0.0,0.0,0.0,780.0,340.0,0.0,0.0,779.0,339.0,777.0,340.0,774.0,338.0,780.0,340.0,,,,,,,,0.0,0.0,0.0,0.0,0.0,0.0,0.0,0.0,0.0,26,0,0,0,0,0,0,0,0,0,0,0,0,0,0,0,0,0,0.0,0.0,0.0,0.0,0.0,0.0,0.0,0.0,0.0,0,0,0,0
613,Tomáš,Souček,Souček,a,,,5.7,116,73.0,0.3,339,116.0,4.0,60.0,31.0,9,0,0.0,-3,3.0,1930,334,0.7,10.7,4.0,3.5,2.7,244.0,100.0,100.0,100.0,174.0,67.0,227.0,144.0,77.0,46.0,150.0,81.0,,,,,,,,0.25,0.03,0.28,1.8,0.0,0.15,2.16,0.93,10.03,26,9,90,1,0,0,1,0,0,0,0,0,0,1,2,28,2182,961,0.0,0.48,0.010000000000000009,0.4900000000000002,0.5700000000000003,43.799999999999955,2.4000000000000057,35.0,8.100000000000009,1,5,4,10
652,Enso,González Medina,Gonzalez,a,,,4.3,614,360.0,1.3,167,54.0,0.0,563.0,190.0,0,0,0.0,-2,2.0,1381,1393,0.0,0.0,-0.5,-2.0,0.0,654.0,250.0,,,644.0,240.0,641.0,246.0,617.0,235.0,647.0,243.0,,,,,,,,0.0,0.0,0.0,0.0,0.0,0.0,0.0,0.0,0.0,26,0,0,0,0,0,0,0,0,0,0,0,0,0,0,0,3240,2455,0.0,0.0,0.0,0.0,0.0,0.0,0.0,0.0,0.0,0,0,0,0
709,Ladislav,Krejcí,Krejčí,a,,,4.5,427,84.0,0.1,524,186.0,2.0,186.0,69.0,8,0,0.0,0,0.0,233,233,0.4,12.2,1.5,2.0,2.8,220.0,86.0,100.0,100.0,92.0,41.0,218.0,56.0,115.0,20.0,137.0,44.0,,,,,,,,0.1,0.07,0.17,1.41,0.0,0.16,1.69,1.0,7.12,26,8,90,0,0,1,0,0,0,0,0,0,0,1,0,25,1220,450,0.0,0.0,0.0,0.0,2.5500000000000007,24.400000000000034,0.29999999999999716,2.0,2.700000000000003,0,13,0,13
720,Tolu,Arokodare,Tolu,a,,,5.4,177,44.0,0.3,325,54.0,2.6,144.0,20.0,2,0,0.0,-1,1.0,531,2162,0.5,8.7,2.1,3.2,2.1,318.0,36.0,,,295.0,28.0,198.0,18.0,47.0,19.0,173.0,20.0,,2.0,,,,,,0.26,0.03,0.29,1.46,0.0,0.27,1.94,0.97,4.69,26,2,90,0,0,1,0,0,0,0,0,0,0,1,0,7,13249,2821,0.0,0.1200000000000001,0.010000000000000009,0.1299999999999999,2.549999999999999,10.400000000000006,15.300000000000011,4.0,3.0,0,4,0,4
778,Ethan,Sutherland,Sutherland,a,,,4.5,487,298.0,0.0,755,322.0,0.0,663.0,258.0,0,0,0.0,0,0.0,39,42,0.0,0.0,-0.5,-2.0,0.0,732.0,304.0,,,730.0,302.0,725.0,303.0,711.0,299.0,731.0,303.0,,,,,,,,0.0,0.0,0.0,0.0,0.0,0.0,0.0,0.0,0.0,26,0,0,0,0,0,0,0,0,0,0,0,0,0,0,0,81,73,0.0,0.0,0.0,0.0,0.0,0.0,0.0,0.0,0.0,0,0,0,0
13,Brayden,Clarke,Clarke,a,,,3.8,808,257.0,0.4,272,101.0,0.0,407.0,162.0,0,0,0.0,-2,2.0,149,365,0.0,0.0,1.0,2.5,0.0,528.0,195.0,,,518.0,195.0,507.0,195.0,472.0,187.0,521.0,195.0,,,,,,,,0.0,0.0,0.0,0.0,0.0,0.0,0.0,0.0,0.0,26,0,0,0,0,0,0,0,0,0,0,0,0,0,0,0,209,1128,0.0,0.0,0.0,0.0,0.0,0.0,0.0,0.0,0.0,0,0,0,0
768,Leon,Routh,Leon Routh,a,,,4.0,735,212.0,0.0,719,247.0,0.0,517.0,220.0,0,0,0.0,0,0.0,43,39,0.0,0.0,0.0,0.0,0.0,629.0,245.0,,,619.0,245.0,612.0,245.0,582.0,242.0,622.0,245.0,,,,,,,,0.0,0.0,0.0,0.0,0.0,0.0,0.0,0.0,0.0,26,0,0,0,0,0,0,0,0,0,0,0,0,0,0,0,73,60,0.0,0.0,0.0,0.0,0.0,0.0,0.0,0.0,0.0,0,0,0,0
85,Tyler,Adams,Adams,a,,,4.9,301,188.0,0.3,335,115.0,0.0,713.0,295.0,0,0,0.0,-1,1.0,295,144,0.0,10.2,0.0,0.0,3.3,140.0,62.0,100.0,50.0,197.0,81.0,290.0,168.0,226.0,125.0,248.0,125.0,,,,,,,,0.04,0.02,0.06,1.34,0.0,0.3,1.73,1.13,10.99,26,0,0,0,0,0,0,0,0,0,0,0,0,0,0,0,303,254,0.0,0.0,0.0,0.0,0.0,0.0,0.0,0.0,0.0,0,0,0,0
8,Jurriën,Timber,J.Timber,a,,,6.4,60,2.0,31.1,10,3.0,2.8,139.0,48.0,2,0,0.0,9,-9.0,22915,40541,0.4,19.2,3.8,8.1,4.9,17.0,6.0,100.0,100.0,87.0,39.0,69.0,15.0,55.0,1.0,48.0,4.0,,,,,,,,0.19,0.05,0.24,0.6,0.0,0.52,0.69,0.99,5.21,26,2,90,0,0,0,1,0,0,0,0,0,0,1,0,15,149148,67648,0.0,0.0,0.09999999999999987,0.09999999999999964,1.3399999999999999,13.0,21.80000000000001,4.0,3.9000000000000057,1,2,4,3
9,Jakub,Kiwior,Kiwior,u,has joined Porto on loan for the rest of the season.,,5.4,174,20.0,0.0,589,210.0,0.0,779.0,263.0,0,0,0.0,-1,1.0,0,5,0.0,0.0,0.0,0.0,0.0,799.0,265.0,0.0,0.0,799.0,265.0,798.0,265.0,796.0,265.0,799.0,265.0,,,,,,,,0.0,0.0,0.0,0.0,0.0,0.0,0.0,0.0,0.0,26,0,0,0,0,0,0,0,0,0,0,0,0,0,0,0,0,7,0.0,0.0,0.0,0.0,0.0,0.0,0.0,0.0,0.0,0,0,0,0
10,Myles,Lewis-Skelly,Lewis-Skelly,a,,,5.1,238,35.0,1.4,160,63.0,0.0,761.0,259.0,0,0,0.0,-4,4.0,617,1128,0.0,2.4,1.0,2.5,0.9,503.0,174.0,,,423.0,159.0,342.0,118.0,380.0,134.0,407.0,146.0,,,,,,,,0.01,0.02,0.03,1.52,0.0,0.0,1.45,0.29,4.05,26,0,0,0,0,0,0,0,0,0,0,0,0,0,0,0,878,2148,0.0,0.0,0.0,0.0,0.0,0.0,0.0,0.0,0.0,0,0,0,0
11,Benjamin,White,White,a,,,5.1,226,30.0,0.5,258,96.0,0.2,374.0,137.0,0,0,0.0,-4,4.0,730,1202,0.0,5.9,1.2,2.9,4.3,40.0,15.0,100.0,100.0,328.0,123.0,254.0,75.0,315.0,100.0,339.0,117.0,,,,,,,,0.09,0.11,0.2,1.35,0.0,0.66,0.88,1.1,7.92,26,0,0,0,0,0,0,0,0,0,0,0,0,0,0,0,1301,3823,0.0,0.0,0.0,0.0,0.0,0.0,0.0,0.0,0.0,0,0,0,0
193,Bashir,Humphreys,Humphreys,a,,,3.9,758,220.0,0.1,436,161.0,2.0,180.0,64.0,4,0,0.0,-1,1.0,277,235,0.5,7.7,1.0,1.5,3.0,182.0,71.0,100.0,100.0,250.0,102.0,297.0,98.0,313.0,99.0,313.0,106.0,,,,,,,,0.02,0.05,0.07,1.84,0.0,0.11,1.92,0.9,8.47,26,4,90,0,1,0,2,0,0,0,0,0,0,1,0,14,372,678,0.0,0.04000000000000001,0.009999999999999953,0.04999999999999993,1.8000000000000007,19.600000000000023,1.6999999999999886,19.0,4.0,1,5,8,6
19,Gabriel,Martinelli Silva,Martinelli,a,,,6.8,48,30.0,1.1,183,61.0,1.8,221.0,93.0,1,0,0.0,-2,2.0,1282,3114,0.3,5.6,2.8,6.1,1.9,353.0,156.0,100.0,100.0,307.0,139.0,246.0,153.0,83.0,51.0,230.0,116.0,,,,,,,,0.41,0.11,0.52,0.84,0.0,0.29,0.44,1.03,6.17,26,1,9,0,0,0,0,0,0,0,0,0,0,0,0,3,15591,4413,0.0,0.06999999999999984,0.0,0.06999999999999984,0.1200000000000001,5.199999999999989,0.0,17.0,2.1999999999999957,0,1,0,1
756,Malcom,DaCosta,DaCosta,a,,,4.5,514,318.0,0.0,743,314.0,0.0,687.0,276.0,0,0,0.0,0,0.0,46,25,0.0,0.0,0.0,0.0,0.0,751.0,319.0,,,750.0,318.0,745.0,319.0,732.0,316.0,751.0,319.0,,,,,,,,0.0,0.0,0.0,0.0,0.0,0.0,0.0,0.0,0.0,26,0,0,0,0,0,0,0,0,0,0,0,0,0,0,0,107,33,0.0,0.0,0.0,0.0,0.0,0.0,0.0,0.0,0.0,0,0,0,0
799,Charlie,Stevens,Stevens,a,,,4.5,511,315.0,0.0,786,344.0,0.0,684.0,273.0,0,0,0.0,0,0.0,62,32,0.0,0.0,0.0,0.0,0.0,749.0,317.0,,,748.0,316.0,743.0,317.0,729.0,313.0,749.0,317.0,,,,,,,,0.0,0.0,0.0,0.0,0.0,0.0,0.0,0.0,0.0,26,0,0,0,0,0,0,0,0,0,0,0,0,0,0,0,102,42,0.0,0.0,0.0,0.0,0.0,0.0,0.0,0.0,0.0,0,0,0,0
630,Tom,King,King,a,,,3.9,745,74.0,1.3,168,21.0,0.0,420.0,33.0,0,0,0.0,-1,1.0,424,677,0.0,0.0,-0.5,0.0,0.0,540.0,42.0,,,530.0,42.0,520.0,27.0,485.0,13.0,533.0,42.0,,,,,,,,0.0,0.0,0.0,0.0,0.0,0.0,0.0,0.0,0.0,26,0,0,0,0,0,0,0,0,0,0,0,0,0,0,0,727,1118,0.0,0.0,0.0,0.0,0.0,0.0,0.0,0.0,0.0,0,0,0,0
223,Gabriel,Słonina,Slonina,a,,,3.9,761,82.0,0.1,461,70.0,0.0,431.0,41.0,0,0,0.0,-1,1.0,34,101,0.0,0.0,1.0,0.5,0.0,551.0,50.0,,,541.0,50.0,531.0,35.0,496.0,21.0,544.0,50.0,,,,,,,,0.0,0.0,0.0,0.0,0.0,0.0,0.0,0.0,0.0,26,0,0,0,0,0,0,0,0,0,0,0,0,0,0,0,64,178,0.0,0.0,0.0,0.0,0.0,0.0,0.0,0.0,0.0,0,0,0,0
358,Tanaka,Ao,Tanaka,a,,,4.8,364,227.0,0.2,369,124.0,0.2,366.0,160.0,0,0,0.0,-2,2.0,223,761,0.0,9.0,0.2,-0.3,2.1,314.0,136.0,100.0,100.0,300.0,133.0,205.0,136.0,260.0,140.0,296.0,147.0,,,,,,,,0.1,0.07,0.17,1.62,0.0,0.24,1.95,0.85,10.14,26,0,0,0,0,0,0,0,0,0,0,0,0,0,0,0,403,1371,0.0,0.0,0.0,0.0,0.0,0.0,0.0,0.0,0.0,0,0,0,0
359,Charlie,Crew,Crew,u,Has joined Doncaster Rovers on loan for the rest of the season.,,4.5,461,278.0,0.0,787,345.0,0.0,639.0,239.0,0,0,0.0,0,0.0,0,0,0.0,0.0,0.0,0.0,0.0,714.0,291.0,0.0,0.0,709.0,286.0,706.0,289.0,689.0,282.0,711.0,288.0,,,,,,,,0.0,0.0,0.0,0.0,0.0,0.0,0.0,0.0,0.0,26,0,0,0,0,0,0,0,0,0,0,0,0,0,0,0,0,0,0.0,0.0,0.0,0.0,0.0,0.0,0.0,0.0,0.0,0,0,0,0
247,Dário,Luís Essugo,D.Essugo,d,Knock - 50% chance of playing,,4.3,596,348.0,0.1,580,216.0,0.0,547.0,178.0,0,0,0.0,-2,2.0,120,82,0.0,0.0,0.5,0.0,0.0,643.0,241.0,50.0,0.0,633.0,231.0,629.0,237.0,603.0,224.0,636.0,234.0,,,,,,,,0.0,0.0,0.0,0.0,0.0,0.0,0.0,0.0,0.0,26,0,0,0,0,0,0,0,0,0,0,0,0,0,0,0,275,148,0.0,0.0,0.0,0.0,0.0,0.0,0.0,0.0,0.0,0,0,0,0
371,Milos,Kerkez,Kerkez,a,,,5.6,133,15.0,2.9,109,44.0,1.5,237.0,86.0,0,0,0.0,-4,4.0,3844,3274,0.3,10.5,2.0,2.0,2.5,272.0,105.0,,,118.0,52.0,52.0,7.0,219.0,56.0,107.0,32.0,,,,,,,,0.05,0.03,0.08,1.17,0.0,0.21,1.42,1.1,5.98,26,0,0,0,0,0,0,0,0,0,0,0,0,0,0,0,5294,5310,0.0,0.0,0.0,0.0,0.0,0.0,0.0,0.0,0.0,0,0,0,0
372,Andrew,Robertson,Robertson,a,,,5.7,114,10.0,1.0,193,76.0,2.2,174.0,62.0,8,0,0.0,-3,3.0,1114,543,0.4,5.8,2.7,2.7,2.2,307.0,114.0,,,309.0,117.0,127.0,33.0,292.0,87.0,269.0,90.0,,,,,,,,0.03,0.13,0.16,1.16,0.0,0.43,1.15,0.72,4.59,26,8,90,0,0,1,0,0,0,0,0,0,0,1,2,30,1267,927,0.0,0.010000000000000009,0.13,0.14000000000000012,0.6299999999999999,14.400000000000006,40.29999999999998,4.0,5.899999999999999,0,2,6,2
379,Rhys,Williams,R.Williams,a,,,3.7,813,261.0,0.6,232,87.0,0.0,384.0,140.0,0,0,0.0,-3,3.0,3879,2257,0.0,0.0,0.5,0.5,0.0,512.0,180.0,,,501.0,179.0,487.0,176.0,451.0,167.0,504.0,179.0,,,,,,,,0.0,0.0,0.0,0.0,0.0,0.0,0.0,0.0,0.0,26,0,0,0,0,0,0,0,0,0,0,0,0,0,0,0,11471,3417,0.0,0.0,0.0,0.0,0.0,0.0,0.0,0.0,0.0,0,0,0,0
780,Ben,Casey,Casey,a,,,4.5,507,73.0,0.0,669,85.0,0.0,680.0,72.0,0,0,0.0,0,0.0,292,139,0.0,0.0,0.5,0.5,0.0,747.0,82.0,,,746.0,82.0,741.0,81.0,727.0,81.0,747.0,82.0,,,,,,,,0.0,0.0,0.0,0.0,0.0,0.0,0.0,0.0,0.0,26,0,0,0,0,0,0,0,0,0,0,0,0,0,0,0,533,210,0.0,0.0,0.0,0.0,0.0,0.0,0.0,0.0,0.0,0,0,0,0
416,Bernardo,Mota Veiga de Carvalho e Silva,Bernardo,a,,,6.2,71,47.0,0.6,247,85.0,4.5,37.0,23.0,0,0,0.0,-3,3.0,3105,1479,0.7,10.6,5.0,5.0,2.5,276.0,118.0,100.0,100.0,155.0,56.0,26.0,25.0,185.0,103.0,82.0,49.0,5.0,,,,,,,0.06,0.13,0.19,1.16,0.0,0.38,0.95,1.04,8.06,26,0,59,0,0,0,0,0,0,0,1,0,0,1,0,10,7118,1919,0.0,0.0,0.03000000000000025,0.029999999999999805,0.8099999999999987,8.199999999999989,26.30000000000001,2.0,3.700000000000003,2,1,8,11
501,Sean,Neave,Neave,a,,,4.3,617,86.0,0.3,342,57.0,0.0,565.0,57.0,0,0,0.0,-2,2.0,611,414,0.0,0.0,-0.5,0.0,0.0,656.0,67.0,,,646.0,67.0,643.0,66.0,619.0,66.0,649.0,67.0,,,,,,,,0.0,0.0,0.0,0.0,0.0,0.0,0.0,0.0,0.0,26,0,0,0,0,0,0,0,0,0,0,0,0,0,0,0,1136,568,0.0,0.0,0.0,0.0,0.0,0.0,0.0,0.0,0.0,0,0,0,0
495,Isaac,Hayden,Hayden,u,Has departed the club as a free agent.,,4.5,411,251.0,0.0,763,327.0,0.0,607.0,215.0,0,0,0.0,0,0.0,0,0,0.0,0.0,0.0,0.0,0.0,688.0,269.0,0.0,0.0,682.0,263.0,677.0,267.0,657.0,259.0,685.0,266.0,,,,,,,,0.0,0.0,0.0,0.0,0.0,0.0,0.0,0.0,0.0,26,0,0,0,0,0,0,0,0,0,0,0,0,0,0,0,0,1,0.0,0.0,0.0,0.0,0.0,0.0,0.0,0.0,0.0,0,0,0,0
718,Soungoutou,Magassa,S.Magassa,a,,,5.0,276,171.0,0.0,656,264.0,0.2,371.0,163.0,1,0,0.0,0,0.0,38,62,0.0,6.8,0.2,-0.3,2.3,292.0,127.0,,,288.0,127.0,285.0,166.0,332.0,175.0,331.0,158.0,,,,,,,,0.04,0.04,0.08,1.82,0.0,0.12,2.3,1.09,12.48,26,1,11,0,0,0,1,0,0,0,0,0,0,0,0,5,60,119,0.0,0.0,0.019999999999999962,0.020000000000000018,0.2400000000000002,7.400000000000006,10.399999999999991,0.0,1.8000000000000007,2,0,0,2
738,Lukasz,Fabianski,Fabianski,d,Back injury - 25% chance of playing,,4.5,405,20.0,0.0,631,79.0,0.0,604.0,87.0,0,0,0.0,0,0.0,21,54,0.0,0.0,0.0,-0.1,0.0,685.0,91.0,25.0,25.0,679.0,91.0,674.0,83.0,654.0,72.0,682.0,91.0,,,,,,,,0.0,0.0,0.0,0.0,0.0,0.0,0.0,0.0,0.0,26,0,0,0,0,0,0,0,0,0,0,0,0,0,0,0,52,82,0.0,0.0,0.0,0.0,0.0,0.0,0.0,0.0,0.0,0,0,0,0
648,Marshall,Munetsi,Munetsi,u,has joined Paris FC on loan for the rest of the season.,,5.3,198,123.0,0.0,624,243.0,0.0,770.0,335.0,0,0,0.0,-2,2.0,0,33,0.0,7.2,0.0,0.0,2.9,207.0,85.0,0.0,0.0,276.0,119.0,312.0,176.0,119.0,69.0,261.0,130.0,,,,,,,,0.17,0.04,0.21,1.38,0.0,0.0,1.96,0.93,8.26,26,0,0,0,0,0,0,0,0,0,0,0,0,0,0,0,0,55,0.0,0.0,0.0,0.0,0.0,0.0,0.0,0.0,0.0,0,0,0,0
649,Boubacar,Traoré,B.Traore,u,Has joined FC Metz on loan for the rest of the season.,,5.0,263,160.0,0.0,812,362.0,0.0,745.0,317.0,0,0,0.0,0,0.0,0,0,0.0,0.0,0.0,0.0,0.0,782.0,342.0,0.0,0.0,781.0,341.0,780.0,342.0,776.0,340.0,782.0,342.0,,,,,,,,0.0,0.0,0.0,0.0,0.0,0.0,0.0,0.0,0.0,26,0,0,0,0,0,0,0,0,0,0,0,0,0,0,0,0,0,0.0,0.0,0.0,0.0,0.0,0.0,0.0,0.0,0.0,0,0,0,0
650,Tawanda,Chirewa,Chirewa,u,has joined Barnsley on loan for the rest of the season.,,4.3,598,350.0,0.2,365,122.0,0.0,549.0,180.0,0,0,0.0,-2,2.0,0,249,0.0,0.5,0.0,0.0,1.0,459.0,200.0,0.0,0.0,475.0,218.0,477.0,231.0,605.0,226.0,486.0,223.0,,,,,,,,0.0,0.0,0.0,1.8,0.0,0.0,0.0,0.0,14.4,26,0,0,0,0,0,0,0,0,0,0,0,0,0,0,0,0,421,0.0,0.0,0.0,0.0,0.0,0.0,0.0,0.0,0.0,0,0,0,0
653,Joe,Hodge,Hodge,u,Signed by CD Tondela,,4.5,424,254.0,0.0,661,267.0,0.0,615.0,218.0,0,0,0.0,0,0.0,0,16,0.0,0.0,0.0,0.0,0.0,694.0,272.0,0.0,0.0,688.0,266.0,684.0,270.0,665.0,262.0,691.0,269.0,,,,,,,,0.0,0.0,0.0,0.0,0.0,0.0,0.0,0.0,0.0,26,0,0,0,0,0,0,0,0,0,0,0,0,0,0,0,0,22,0.0,0.0,0.0,0.0,0.0,0.0,0.0,0.0,0.0,0,0,0,0
32,Emiliano,Martínez Romero,Martinez,a,,,5.0,243,7.0,4.0,83,15.0,6.5,9.0,1.0,8,0,0.0,0,0.0,42091,3613,1.3,18.4,6.5,6.5,4.2,52.0,1.0,100.0,100.0,52.0,12.0,446.0,12.0,770.0,88.0,225.0,12.0,,,,,,,,0.0,0.0,0.0,1.3,3.02,0.28,0.88,1.02,0.0,26,8,90,0,0,1,0,0,0,0,1,0,3,1,2,29,56641,9836,0.0,0.0,0.010000000000000002,0.010000000000000002,0.5,21.19999999999999,0.0,0.0,2.1000000000000014,0,1,17,0
35,Filip,Marschall,Marschall,u,Has joined Stevenage permanently.,,4.0,682,52.0,0.0,748,84.0,0.0,472.0,63.0,0,0,0.0,0,0.0,0,7,0.0,0.0,0.0,0.0,0.0,588.0,71.0,0.0,0.0,578.0,71.0,571.0,59.0,538.0,45.0,581.0,71.0,,,,,,,,0.0,0.0,0.0,0.0,0.0,0.0,0.0,0.0,0.0,26,0,0,0,0,0,0,0,0,0,0,0,0,0,0,0,0,7,0.0,0.0,0.0,0.0,0.0,0.0,0.0,0.0,0.0,0,0,0,0
80,Julio,Soler Barreto,Soler,i,Hamstring injury - Expected back 01 Jun,,4.0,714,192.0,0.2,375,136.0,0.0,500.0,204.0,0,0,0.0,0,0.0,11,348,0.0,0.8,0.0,0.0,1.0,451.0,165.0,0.0,0.0,483.0,173.0,448.0,163.0,434.0,161.0,482.0,170.0,,,,,,,,0.0,0.0,0.0,4.29,0.0,0.0,5.29,0.0,2.65,26,0,0,0,0,0,0,0,0,0,0,0,0,0,0,0,24,559,0.0,0.0,0.0,0.0,0.0,0.0,0.0,0.0,0.0,0,0,0,0
86,David,Brooks,Brooks,a,,,5.0,244,149.0,0.2,392,131.0,0.2,370.0,162.0,0,0,0.0,0,0.0,410,244,0.0,8.8,0.2,0.2,2.1,315.0,137.0,100.0,100.0,258.0,108.0,86.0,64.0,39.0,24.0,99.0,58.0,5.0,3.0,,,,,,0.42,0.27,0.69,1.35,0.0,0.38,1.62,1.05,7.05,26,0,10,0,0,0,0,0,0,0,1,0,0,0,0,0,737,402,0.0,0.0,0.0,0.0,0.8100000000000005,1.200000000000017,1.0,0.0,0.20000000000000284,0,1,1,2
138,Jason,Steele,Steele,a,,,4.2,624,31.0,0.2,346,49.0,0.0,523.0,80.0,0,0,0.0,-3,3.0,126,137,0.0,0.0,0.0,0.0,0.0,632.0,87.0,,,622.0,87.0,616.0,76.0,586.0,62.0,625.0,87.0,,,,,,,,0.0,0.0,0.0,0.0,0.0,0.0,0.0,0.0,0.0,26,0,0,0,0,0,0,0,0,0,0,0,0,0,0,0,204,251,0.0,0.0,0.0,0.0,0.0,0.0,0.0,0.0,0.0,0,0,0,0
170,James,Milner,Milner,a,,,4.9,285,178.0,0.1,468,162.0,0.8,292.0,126.0,2,0,0.0,-1,1.0,146,85,0.2,4.9,0.8,0.8,1.6,385.0,168.0,100.0,100.0,337.0,152.0,239.0,149.0,312.0,165.0,337.0,162.0,5.0,,1.0,,,,,0.22,0.14,0.36,1.73,0.0,0.0,2.88,0.48,9.6,26,2,68,0,0,0,1,0,0,0,0,0,0,0,0,7,228,157,0.0,0.08000000000000007,0.04999999999999993,0.1299999999999999,0.4299999999999997,11.799999999999997,12.600000000000009,25.0,4.900000000000002,2,4,1,7
171,Jeremy,Sarmiento Morante,Sarmiento,u,has joined Middlesbrough on loan for the rest of the season.,,4.9,328,204.0,0.0,697,290.0,0.0,727.0,304.0,0,0,0.0,-1,1.0,0,6,0.0,0.0,0.0,0.0,0.0,771.0,334.0,0.0,0.0,770.0,333.0,767.0,334.0,761.0,332.0,771.0,334.0,,,,,,,,0.0,0.0,0.0,0.0,0.0,0.0,0.0,0.0,0.0,26,0,0,0,0,0,0,0,0,0,0,0,0,0,0,0,0,7,0.0,0.0,0.0,0.0,0.0,0.0,0.0,0.0,0.0,0,0,0,0
177,Andrew,Moran,Moran,u,Has joined Los Angeles FC on loan for the rest of the season.,,4.5,454,271.0,0.0,694,287.0,0.0,634.0,234.0,0,0,0.0,0,0.0,0,4,0.0,0.0,0.0,0.0,0.0,709.0,286.0,0.0,0.0,704.0,281.0,701.0,284.0,684.0,277.0,706.0,283.0,,,,,,,,0.0,0.0,0.0,0.0,0.0,0.0,0.0,0.0,0.0,26,0,0,0,0,0,0,0,0,0,0,0,0,0,0,0,0,5,0.0,0.0,0.0,0.0,0.0,0.0,0.0,0.0,0.0,0,0,0,0
178,Danny,Welbeck,Welbeck,a,,,6.1,78,24.0,3.6,91,15.0,1.6,228.0,28.0,2,-1,1.0,-4,4.0,3794,11088,0.3,12.0,1.6,1.6,2.9,214.0,23.0,100.0,100.0,140.0,12.0,145.0,10.0,29.0,15.0,77.0,14.0,,2.0,2.0,,,,,0.52,0.05,0.57,1.32,0.0,0.31,1.25,1.0,4.3,26,2,80,0,0,1,0,0,0,0,0,0,0,1,0,10,6186,26940,0.0,0.049999999999998934,0.010000000000000009,0.05999999999999872,0.509999999999998,11.200000000000045,12.900000000000006,13.0,3.6999999999999886,2,2,0,4
179,Evan,Ferguson,Ferguson,u,Has joined AS Roma on loan for the rest of the season,,5.5,151,39.0,0.0,751,91.0,0.0,787.0,83.0,0,0,0.0,0,0.0,0,1,0.0,0.0,0.0,0.0,0.0,805.0,88.0,0.0,0.0,805.0,88.0,804.0,88.0,802.0,88.0,805.0,88.0,,,,,,,,0.0,0.0,0.0,0.0,0.0,0.0,0.0,0.0,0.0,26,0,0,0,0,0,0,0,0,0,0,0,0,0,0,0,0,1,0.0,0.0,0.0,0.0,0.0,0.0,0.0,0.0,0.0,0,0,0,0
15,Josh,Nichols,Nichols,a,,,3.7,814,262.0,0.2,367,133.0,0.0,385.0,141.0,0,0,0.0,-3,3.0,1798,503,0.0,0.0,1.0,2.5,0.0,513.0,181.0,,,502.0,180.0,488.0,177.0,452.0,168.0,505.0,180.0,,,,,,,,0.0,0.0,0.0,0.0,0.0,0.0,0.0,0.0,0.0,26,0,0,0,0,0,0,0,0,0,0,0,0,0,0,0,2757,836,0.0,0.0,0.0,0.0,0.0,0.0,0.0,0.0,0.0,0,0,0,0
222,Mike,Penders,Penders,u,Has joined RC Strasbourg on loan for the rest of the season.,,4.0,709,64.0,0.0,793,90.0,0.0,495.0,75.0,0,0,0.0,0,0.0,0,0,0.0,0.0,0.0,0.0,0.0,609.0,83.0,0.0,0.0,599.0,83.0,592.0,71.0,560.0,57.0,602.0,83.0,,,,,,,,0.0,0.0,0.0,0.0,0.0,0.0,0.0,0.0,0.0,26,0,0,0,0,0,0,0,0,0,0,0,0,0,0,0,0,0,0.0,0.0,0.0,0.0,0.0,0.0,0.0,0.0,0.0,0,0,0,0
2,Kepa,Arrizabalaga Revuelta,Arrizabalaga,a,,,4.1,650,36.0,0.4,281,37.0,0.0,518.0,77.0,0,0,0.0,-4,4.0,174,265,0.0,0.0,1.0,2.5,0.0,630.0,85.0,,,620.0,85.0,613.0,73.0,583.0,59.0,623.0,85.0,,,,,,,,0.0,0.0,0.0,0.0,0.0,0.0,0.0,0.0,0.0,26,0,0,0,0,0,0,0,0,0,0,0,0,0,0,0,233,620,0.0,0.0,0.0,0.0,0.0,0.0,0.0,0.0,0.0,0,0,0,0
17,Martin,Ødegaard,Ødegaard,d,Knock - 75% chance of playing,,7.8,18,13.0,1.7,145,48.0,1.8,222.0,94.0,1,0,0.0,-2,2.0,466,5464,0.2,7.4,2.1,3.0,3.1,180.0,79.0,75.0,50.0,212.0,92.0,37.0,35.0,175.0,99.0,113.0,63.0,4.0,,3.0,,,,,0.09,0.25,0.34,1.05,0.0,0.34,0.94,1.11,6.81,26,1,45,0,0,0,1,0,0,0,0,0,0,0,0,3,564,15042,0.0,0.040000000000000036,0.06999999999999984,0.11000000000000032,0.9299999999999997,0.8000000000000114,2.599999999999966,10.0,1.2999999999999972,1,0,3,4
18,Noni,Madueke,Madueke,a,,,6.8,47,29.0,1.5,154,50.0,5.4,21.0,14.0,11,0,0.0,-2,2.0,5056,6694,0.8,7.1,6.4,13.3,2.8,236.0,96.0,100.0,100.0,263.0,112.0,117.0,82.0,88.0,53.0,155.0,85.0,3.0,,,,,,,0.1,0.23,0.33,0.99,0.0,0.59,0.71,1.18,5.3,26,11,69,1,0,1,0,0,0,0,0,0,0,1,3,32,33387,13208,0.0,0.18999999999999995,0.040000000000000036,0.22999999999999998,0.7400000000000002,42.0,7.099999999999994,31.0,8.0,5,0,1,6
759,Marli,Salmon,Salmon,a,,,4.0,727,204.0,0.0,687,238.0,0.0,512.0,215.0,0,0,0.0,0,0.0,46,55,0.0,0.0,1.0,2.5,0.0,624.0,240.0,,,614.0,240.0,607.0,240.0,575.0,235.0,617.0,240.0,,,,,,,,0.0,0.0,0.0,0.0,0.0,0.0,0.0,0.0,0.0,26,0,0,0,0,0,0,0,0,0,0,0,0,0,0,0,80,79,0.0,0.0,0.0,0.0,0.0,0.0,0.0,0.0,0.0,0,0,0,0
224,Marc,Cucurella Saseta,Cucurella,d,Hamstring injury - 50% chance of playing,,6.1,80,3.0,16.9,20,7.0,4.0,62.0,22.0,1,0,0.0,1,-1.0,5763,81759,0.7,14.8,2.5,4.5,3.8,90.0,35.0,50.0,100.0,76.0,33.0,47.0,5.0,122.0,22.0,62.0,11.0,,,,,,,,0.08,0.13,0.21,1.32,0.0,0.43,1.0,1.05,6.68,26,1,45,0,0,0,0,0,0,0,0,0,0,1,0,5,30032,92928,0.0,0.0,0.020000000000000018,0.020000000000000462,0.00999999999999801,5.400000000000034,15.799999999999955,0.0,2.0999999999999943,0,1,2,1
225,Reece,James,James,a,,,5.6,128,13.0,8.2,46,14.0,1.8,219.0,82.0,0,-1,1.0,1,-1.0,4510,59404,0.3,17.3,2.8,1.7,4.2,56.0,22.0,100.0,75.0,90.0,40.0,42.0,3.0,249.0,70.0,86.0,21.0,2.0,2.0,,,,,,0.05,0.13,0.18,1.43,0.0,0.41,0.94,0.94,6.16,26,0,0,0,0,0,0,0,0,0,0,0,0,0,0,0,4920,132248,0.0,0.0,0.0,0.0,0.0,0.0,0.0,0.0,0.0,0,0,0,0
200,Jaidon,Anthony,Anthony,a,,,5.0,259,158.0,1.8,143,47.0,3.2,95.0,45.0,8,0,0.0,-5,5.0,2044,2022,0.6,16.8,2.2,2.7,3.4,132.0,59.0,100.0,100.0,95.0,30.0,62.0,49.0,49.0,30.0,46.0,33.0,2.0,,,,,,,0.17,0.09,0.26,1.97,0.0,0.16,1.95,1.08,8.32,26,8,90,1,0,0,2,0,0,0,0,0,0,1,1,32,2694,5436,0.0,0.08999999999999986,0.1299999999999999,0.21999999999999975,1.7999999999999972,43.60000000000002,27.30000000000001,28.0,9.900000000000006,2,2,4,8
201,Manuel,Benson Hedilazio,Benson,u,has joined Maccabi Haifa permanently.,,5.4,162,99.0,0.0,702,294.0,0.0,774.0,338.0,0,0,0.0,-1,1.0,0,3,0.0,0.0,0.0,0.0,0.0,795.0,351.0,0.0,0.0,795.0,351.0,794.0,351.0,792.0,350.0,795.0,351.0,,,,,,,,0.0,0.0,0.0,0.0,0.0,0.0,0.0,0.0,0.0,26,0,0,0,0,0,0,0,0,0,0,0,0,0,0,0,0,4,0.0,0.0,0.0,0.0,0.0,0.0,0.0,0.0,0.0,0,0,0,0
202,Jacob,Bruun Larsen,Bruun Larsen,a,,,5.3,189,116.0,0.0,626,244.0,0.8,298.0,130.0,1,0,0.0,-2,2.0,47,60,0.2,6.4,-0.2,0.3,1.6,392.0,174.0,100.0,100.0,326.0,148.0,163.0,115.0,209.0,114.0,265.0,132.0,3.0,1.0,3.0,,,,,0.12,0.11,0.23,2.06,0.0,0.3,2.29,0.9,5.87,26,1,17,0,0,0,0,0,0,0,0,0,0,0,0,3,66,96,0.0,0.07000000000000006,0.0,0.06999999999999984,0.33999999999999986,7.200000000000003,0.0,1.0,0.8000000000000043,1,3,1,5
203,Enock,Agyei,Boateng,a,,,4.7,394,246.0,0.0,595,225.0,0.0,696.0,282.0,0,0,0.0,-3,3.0,80,60,0.0,0.0,-1.0,-0.5,0.0,756.0,323.0,,,755.0,322.0,751.0,323.0,742.0,320.0,756.0,323.0,,,,,,,,0.0,0.0,0.0,0.0,0.0,0.0,0.0,0.0,0.0,26,0,0,0,0,0,0,0,0,0,0,0,0,0,0,0,127,96,0.0,0.0,0.0,0.0,0.0,0.0,0.0,0.0,0.0,0,0,0,0
213,Jaydon,Banel,Banel,u,has joined Derby County on loan for the rest of the season.,,4.5,467,284.0,0.0,613,237.0,0.0,644.0,244.0,0,0,0.0,0,0.0,0,70,0.0,0.2,0.0,0.0,1.0,473.0,212.0,0.0,0.0,714.0,291.0,470.0,226.0,694.0,287.0,716.0,293.0,,,,,,,,0.0,0.0,0.0,0.5,0.0,0.0,0.0,0.0,0.0,26,0,0,0,0,0,0,0,0,0,0,0,0,0,0,0,0,120,0.0,0.0,0.0,0.0,0.0,0.0,0.0,0.0,0.0,0,0,0,0
214,Mike,Trésor Ndayishimiye,Trésor,i,Ankle injury - Unknown return date,,4.4,537,321.0,0.1,566,209.0,0.0,578.0,196.0,0,0,0.0,-1,1.0,22,77,0.0,0.9,0.0,0.0,1.0,463.0,203.0,0.0,0.0,495.0,226.0,474.0,229.0,440.0,216.0,492.0,226.0,,,,,,,,0.0,0.0,0.0,2.18,0.0,0.0,4.74,0.0,9.47,26,0,0,0,0,0,0,0,0,0,0,0,0,0,0,0,36,145,0.0,0.0,0.0,0.0,0.0,0.0,0.0,0.0,0.0,0,0,0,0
215,Zian,Flemming,Flemming,a,,,5.3,196,47.0,0.3,338,56.0,1.2,258.0,33.0,2,0,0.0,-2,2.0,490,566,0.2,8.9,0.2,0.7,2.6,257.0,28.0,100.0,100.0,241.0,20.0,298.0,30.0,70.0,25.0,205.0,26.0,,,1.0,,,,,0.43,0.02,0.45,1.86,0.0,0.22,1.64,1.09,4.69,26,2,72,0,0,0,2,0,0,0,0,0,0,1,0,2,839,1421,0.0,0.16999999999999993,0.0,0.16999999999999948,1.4600000000000009,1.6000000000000227,1.5,4.0,0.7000000000000028,0,3,3,6
216,Zeki,Amdouni,Amdouni,i,Knee injury - Expected back 25 Apr,,4.8,369,63.0,0.0,670,86.0,0.0,705.0,74.0,0,0,0.0,-2,2.0,31,15,0.0,0.0,0.0,0.0,0.0,759.0,83.0,0.0,0.0,758.0,83.0,754.0,82.0,747.0,82.0,759.0,83.0,,,,,,,,0.0,0.0,0.0,0.0,0.0,0.0,0.0,0.0,0.0,26,0,0,0,0,0,0,0,0,0,0,0,0,0,0,0,42,45,0.0,0.0,0.0,0.0,0.0,0.0,0.0,0.0,0.0,0,0,0,0
722,Florentino Ibrain,Morris Luís,Florentino,a,,,5.0,251,153.0,0.0,603,230.0,1.8,213.0,88.0,1,0,0.0,0,0.0,79,108,0.4,12.8,0.8,1.3,2.9,205.0,84.0,,,151.0,53.0,174.0,119.0,319.0,168.0,212.0,105.0,,,,,,,,0.03,0.02,0.05,2.06,0.0,0.11,1.99,1.08,13.5,26,1,3,0,0,0,0,0,0,0,0,0,0,0,0,5,164,376,0.0,0.0,0.0,0.0,0.3100000000000023,9.199999999999989,0.09999999999999432,0.0,0.9000000000000057,0,5,0,5
776,Oliver,Pimlott,Pimlott,a,,,4.5,509,314.0,0.0,798,353.0,0.0,682.0,272.0,0,0,0.0,0,0.0,15,12,0.0,0.0,-1.0,-0.5,0.0,748.0,316.0,,,747.0,315.0,742.0,316.0,728.0,312.0,748.0,316.0,,,,,,,,0.0,0.0,0.0,0.0,0.0,0.0,0.0,0.0,0.0,26,0,0,0,0,0,0,0,0,0,0,0,0,0,0,0,39,35,0.0,0.0,0.0,0.0,0.0,0.0,0.0,0.0,0.0,0,0,0,0
784,George,Brierley,Brierley,a,,,4.5,516,320.0,0.0,800,354.0,0.0,689.0,278.0,0,0,0.0,0,0.0,24,15,0.0,0.0,-1.0,-0.5,0.0,753.0,321.0,,,752.0,320.0,747.0,321.0,734.0,318.0,753.0,321.0,,,,,,,,0.0,0.0,0.0,0.0,0.0,0.0,0.0,0.0,0.0,26,0,0,0,0,0,0,0,0,0,0,0,0,0,0,0,33,29,0.0,0.0,0.0,0.0,0.0,0.0,0.0,0.0,0.0,0,0,0,0
75,Matai,Akinmboni,Akinmboni,d,Lack of match fitness - 75% chance of playing,,3.8,802,251.0,0.2,384,142.0,0.0,404.0,159.0,0,0,0.0,-2,2.0,57,108,0.0,0.0,0.0,0.0,0.0,526.0,193.0,75.0,25.0,516.0,193.0,503.0,191.0,467.0,182.0,519.0,193.0,,,,,,,,0.0,0.0,0.0,0.0,0.0,0.0,0.0,0.0,0.0,26,0,0,0,0,0,0,0,0,0,0,0,0,0,0,0,133,180,0.0,0.0,0.0,0.0,0.0,0.0,0.0,0.0,0.0,0,0,0,0
685,Bafodé,Diakité,Diakité,a,,,4.2,635,148.0,0.3,321,117.0,0.4,342.0,122.0,0,0,0.0,-3,3.0,192,457,0.1,11.0,0.4,0.4,2.6,248.0,97.0,100.0,100.0,196.0,80.0,323.0,110.0,363.0,122.0,298.0,99.0,,,,,,,,0.0,0.01,0.01,1.59,0.0,0.28,1.91,1.06,8.26,26,0,0,0,0,0,0,0,0,0,0,0,0,0,0,0,419,844,0.0,0.0,0.0,0.0,0.0,0.0,0.0,0.0,0.0,0,0,0,0
697,Amine,Adli,Adli,a,,,5.4,178,109.0,0.4,291,100.0,6.6,8.0,5.0,10,0,0.0,-1,1.0,18508,1031,1.2,10.2,6.6,6.6,2.5,271.0,115.0,,,210.0,90.0,153.0,106.0,100.0,61.0,164.0,89.0,,6.0,,,,,,0.27,0.16,0.43,1.39,0.0,0.22,1.51,0.86,10.48,26,10,79,1,0,0,1,0,0,0,0,0,0,1,3,36,20226,3669,0.0,0.7500000000000002,0.020000000000000018,0.77,2.129999999999999,41.599999999999994,6.099999999999994,40.0,8.800000000000004,4,1,3,8
713,Álex,Jiménez Sánchez,A.Jimenez,a,,,4.5,468,93.0,0.2,356,127.0,3.2,92.0,34.0,1,0,0.0,0,0.0,1023,837,0.7,10.4,3.2,3.2,2.1,313.0,117.0,,,183.0,75.0,184.0,45.0,158.0,34.0,188.0,61.0,,,,,,,,0.05,0.05,0.1,1.63,0.0,0.17,1.81,1.02,5.56,26,1,90,0,0,0,1,0,0,0,1,0,0,1,0,12,2093,2367,0.0,0.0,0.05999999999999994,0.06000000000000005,2.9399999999999977,23.399999999999977,18.299999999999983,4.0,4.600000000000001,6,3,9,9
687,Remy,Rees-Dottin,Rees-Dottin,a,,,4.3,618,362.0,0.2,398,133.0,0.0,566.0,192.0,0,0,0.0,-2,2.0,1232,476,0.0,0.0,0.0,0.0,0.0,657.0,252.0,,,647.0,242.0,644.0,248.0,620.0,237.0,650.0,245.0,,,,,,,,0.0,0.0,0.0,0.0,0.0,0.0,0.0,0.0,0.0,26,0,0,0,0,0,0,0,0,0,0,0,0,0,0,0,2341,756,0.0,0.0,0.0,0.0,0.0,0.0,0.0,0.0,0.0,0,0,0,0
116,Aaron,Hickey,Hickey,a,,,4.0,686,174.0,0.4,269,100.0,0.8,285.0,101.0,1,0,0.0,0,0.0,296,618,0.2,8.0,0.8,-0.2,1.9,337.0,125.0,100.0,100.0,375.0,143.0,399.0,145.0,325.0,104.0,390.0,140.0,,,,,,,,0.07,0.03,0.1,0.97,0.0,0.33,1.16,0.99,6.12,26,1,1,0,0,0,0,0,0,0,0,0,0,0,0,3,581,1306,0.0,0.0,0.0,0.0,0.0,0.0,0.10000000000000142,0.0,0.0,0,0,0,0
117,Kim,Ji-soo,Ji-soo,u,has joined Kaiserslautern on loan for the rest of the season.,,3.9,778,228.0,0.1,520,184.0,0.0,447.0,175.0,0,0,0.0,-1,1.0,0,31,0.0,0.0,0.0,0.0,0.0,566.0,206.0,0.0,0.0,556.0,206.0,546.0,206.0,511.0,198.0,559.0,206.0,,,,,,,,0.0,0.0,0.0,0.0,0.0,0.0,0.0,0.0,0.0,26,0,0,0,0,0,0,0,0,0,0,0,0,0,0,0,0,60,0.0,0.0,0.0,0.0,0.0,0.0,0.0,0.0,0.0,0,0,0,0
118,Jayden,Meghoma,Meghoma,u,Has joined Rangers on loan for the rest of the season.,,4.0,696,180.0,0.0,610,216.0,0.0,484.0,194.0,0,0,0.0,0,0.0,0,8,0.0,0.0,0.0,0.0,0.0,599.0,222.0,0.0,0.0,589.0,222.0,582.0,222.0,549.0,216.0,592.0,222.0,,,,,,,,0.0,0.0,0.0,0.0,0.0,0.0,0.0,0.0,0.0,26,0,0,0,0,0,0,0,0,0,0,0,0,0,0,0,0,16,0.0,0.0,0.0,0.0,0.0,0.0,0.0,0.0,0.0,0,0,0,0
341,Karl,Darlow,Darlow,a,,,3.9,738,68.0,2.3,124,16.0,1.8,199.0,18.0,1,0,0.0,-1,1.0,6635,1585,0.5,5.9,1.8,1.3,2.3,290.0,25.0,,,228.0,22.0,514.0,21.0,479.0,7.0,349.0,22.0,,,,,,,,0.0,0.0,0.0,1.21,2.7,0.1,1.6,1.0,0.0,26,1,90,0,0,0,2,0,0,0,0,0,2,1,0,6,13806,3016,0.0,0.0,0.009999999999999998,0.009999999999999998,3.130000000000001,13.400000000000006,0.0,0.0,1.2999999999999972,0,2,10,0
342,Jayden,Bogle,Bogle,a,,,4.4,528,107.0,0.2,381,140.0,3.5,78.0,28.0,4,0,0.0,-1,1.0,1866,393,0.8,14.8,3.5,3.0,2.7,238.0,94.0,100.0,100.0,171.0,72.0,152.0,37.0,148.0,29.0,160.0,52.0,,,,,,,,0.08,0.05,0.13,1.35,0.0,0.18,1.69,1.02,5.57,26,4,90,0,1,0,2,0,0,0,0,0,0,1,0,7,3099,648,0.0,0.0,0.010000000000000009,0.010000000000000231,3.1300000000000026,10.400000000000034,3.1999999999999886,10.0,2.4000000000000057,0,4,2,4
103,Matthew,Cox,Cox,u,has joined Shrewsbury Town on loan for the rest of the season.,,3.9,769,87.0,0.1,418,62.0,0.0,438.0,46.0,0,0,0.0,-1,1.0,0,161,0.0,0.0,0.0,0.0,0.0,557.0,55.0,0.0,0.0,547.0,55.0,537.0,40.0,502.0,26.0,550.0,55.0,,,,,,,,0.0,0.0,0.0,0.0,0.0,0.0,0.0,0.0,0.0,26,0,0,0,0,0,0,0,0,0,0,0,0,0,0,0,0,260,0.0,0.0,0.0,0.0,0.0,0.0,0.0,0.0,0.0,0,0,0,0
104,Julian,Eyestone,Eyestone,a,,,3.9,773,89.0,0.1,457,68.0,0.0,442.0,48.0,0,0,0.0,-1,1.0,42,92,0.0,0.0,0.0,-1.0,0.0,561.0,57.0,,,551.0,57.0,541.0,42.0,506.0,28.0,554.0,57.0,,,,,,,,0.0,0.0,0.0,0.0,0.0,0.0,0.0,0.0,0.0,26,0,0,0,0,0,0,0,0,0,0,0,0,0,0,0,73,154,0.0,0.0,0.0,0.0,0.0,0.0,0.0,0.0,0.0,0,0,0,0
105,Hákon Rafn,Valdimarsson,Valdimarsson,a,,,3.9,770,88.0,0.6,238,31.0,0.0,439.0,47.0,0,0,0.0,-1,1.0,85,284,0.0,0.0,0.0,-1.0,0.0,558.0,56.0,,,548.0,56.0,538.0,41.0,503.0,27.0,551.0,56.0,,,,,,,,0.0,0.0,0.0,0.0,0.0,0.0,0.0,0.0,0.0,26,0,0,0,0,0,0,0,0,0,0,0,0,0,0,0,158,529,0.0,0.0,0.0,0.0,0.0,0.0,0.0,0.0,0.0,0,0,0,0
126,Mathias,Jensen,Jensen,a,,,4.9,306,191.0,0.1,507,183.0,3.5,81.0,39.0,1,0,0.0,-1,1.0,437,148,0.7,11.6,3.5,2.5,2.4,285.0,124.0,,,226.0,99.0,72.0,54.0,196.0,108.0,154.0,84.0,3.0,,5.0,,,,,0.13,0.24,0.37,1.41,0.0,0.38,1.21,1.05,8.06,26,1,90,0,0,0,1,0,0,0,1,0,0,1,0,16,734,257,0.0,0.0,0.2100000000000004,0.20999999999999996,0.5999999999999979,12.800000000000011,49.60000000000002,2.0,6.400000000000006,2,0,5,7
127,Gustavo,Nunes Fernandes Gomes,Nunes,u,has joined Swansea City on loan for the rest of the season.,,4.9,347,216.0,0.0,710,296.0,0.0,736.0,310.0,0,0,0.0,-1,1.0,0,35,0.0,0.0,0.0,0.0,0.0,775.0,336.0,0.0,0.0,774.0,335.0,771.0,336.0,766.0,334.0,775.0,336.0,,,,,,,,0.0,0.0,0.0,0.0,0.0,0.0,0.0,0.0,0.0,26,0,0,0,0,0,0,0,0,0,0,0,0,0,0,0,0,48,0.0,0.0,0.0,0.0,0.0,0.0,0.0,0.0,0.0,0,0,0,0
128,Frank,Onyeka,Onyeka,u,has joined Coventry City on loan for the rest of the season.,,4.8,366,228.0,0.0,605,232.0,0.0,704.0,288.0,0,0,0.0,-2,2.0,0,41,0.0,2.5,0.0,0.0,2.0,328.0,144.0,0.0,0.0,429.0,190.0,403.0,200.0,428.0,211.0,447.0,201.0,,,,,,,,0.0,0.37,0.37,2.07,0.0,0.0,2.05,0.0,10.23,26,0,0,0,0,0,0,0,0,0,0,0,0,0,0,0,0,58,0.0,0.0,0.0,0.0,0.0,0.0,0.0,0.0,0.0,0,0,0,0
129,Yehor,Yarmoliuk,Yarmoliuk,a,,,5.0,273,168.0,0.1,463,158.0,1.8,214.0,89.0,2,0,0.0,0,0.0,195,340,0.4,14.8,1.8,0.8,2.8,229.0,91.0,100.0,100.0,160.0,58.0,149.0,103.0,221.0,121.0,182.0,98.0,,,,,,,,0.06,0.05,0.11,1.4,0.0,0.24,1.44,1.06,11.31,26,2,72,0,0,0,1,0,0,0,0,0,0,1,0,3,319,701,0.0,0.0,0.0,0.0,0.5300000000000011,0.0,0.9000000000000057,0.0,0.0,0,1,2,3
351,Wilfried,Gnonto,Gnonto,a,,,5.2,214,132.0,0.1,511,185.0,0.2,377.0,167.0,0,0,0.0,-3,3.0,81,108,0.0,4.0,0.2,-0.3,1.5,411.0,183.0,100.0,100.0,391.0,173.0,264.0,157.0,347.0,183.0,370.0,174.0,,,,,,,,0.07,0.14,0.21,2.18,0.0,0.26,2.86,1.04,9.62,26,0,0,0,0,0,0,0,0,0,0,0,0,0,0,0,133,177,0.0,0.0,0.0,0.0,0.0,0.0,0.0,0.0,0.0,0,0,0,0
797,Kaye,Furo,Furo,a,,,4.5,490,70.0,0.0,724,89.0,0.0,666.0,69.0,0,0,0.0,0,0.0,235,95,0.0,0.0,0.0,-1.0,0.0,735.0,79.0,,,733.0,79.0,728.0,78.0,714.0,78.0,734.0,79.0,,,,,,,,0.0,0.0,0.0,0.0,0.0,0.0,0.0,0.0,0.0,26,0,0,0,0,0,0,0,0,0,0,0,0,0,0,0,354,129,0.0,0.0,0.0,0.0,0.0,0.0,0.0,0.0,0.0,0,0,0,0
148,Ferdi,Kadıoğlu,F.Kadıoğlu,a,,,4.4,529,108.0,0.3,302,110.0,1.8,205.0,77.0,2,0,0.0,-1,1.0,537,799,0.4,14.8,1.8,1.8,2.6,249.0,98.0,,,134.0,60.0,70.0,16.0,157.0,33.0,110.0,35.0,2.0,,,,,,,0.06,0.1,0.16,1.39,0.0,0.22,1.27,0.97,4.87,26,2,90,0,0,0,1,0,0,0,0,0,0,1,0,17,751,2377,0.0,0.029999999999999805,0.010000000000000231,0.040000000000000036,0.7199999999999989,10.0,2.3000000000000114,7.0,1.9000000000000057,2,1,5,3
149,Igor Julio,dos Santos de Paulo,Igor,a,,,4.5,422,81.0,0.1,527,188.0,0.0,613.0,242.0,0,0,0.0,0,0.0,100,110,0.0,1.3,0.0,0.0,1.5,404.0,148.0,100.0,100.0,433.0,162.0,413.0,150.0,663.0,254.0,452.0,163.0,,,,,,,,0.0,0.0,0.0,4.07,0.0,0.0,2.62,0.87,11.36,26,0,0,0,0,0,0,0,0,0,0,0,0,0,0,0,155,182,0.0,0.0,0.0,0.0,0.0,0.0,0.0,0.0,0.0,0,0,0,0
150,Tariq,Lamptey,Lamptey,u,has joined Fiorentina permanently.,,4.4,531,110.0,0.1,516,182.0,0.0,577.0,238.0,0,0,0.0,-1,1.0,0,19,0.0,0.0,0.0,0.0,0.0,665.0,252.0,0.0,0.0,655.0,252.0,652.0,252.0,629.0,251.0,658.0,252.0,,,,,,,,0.0,0.0,0.0,0.0,0.0,0.0,0.0,0.0,0.0,26,0,0,0,0,0,0,0,0,0,0,0,0,0,0,0,0,34,0.0,0.0,0.0,0.0,0.0,0.0,0.0,0.0,0.0,0,0,0,0
156,Charlie,Tasker,Tasker,a,,,3.8,805,254.0,0.2,410,150.0,0.0,406.0,161.0,0,0,0.0,-2,2.0,241,140,0.0,0.0,0.0,0.0,0.0,527.0,194.0,,,517.0,194.0,506.0,194.0,470.0,185.0,520.0,194.0,,,,,,,,0.0,0.0,0.0,0.0,0.0,0.0,0.0,0.0,0.0,26,0,0,0,0,0,0,0,0,0,0,0,0,0,0,0,449,246,0.0,0.0,0.0,0.0,0.0,0.0,0.0,0.0,0.0,0,0,0,0
163,Jack,Hinshelwood,Hinshelwood,a,,,5.1,239,146.0,0.0,593,223.0,0.6,309.0,136.0,0,0,0.0,-4,4.0,123,117,0.1,7.3,0.6,0.6,2.5,270.0,114.0,100.0,100.0,306.0,138.0,289.0,167.0,225.0,124.0,315.0,154.0,,,,,,,,0.1,0.05,0.15,1.98,0.0,0.12,1.67,0.96,8.73,26,0,90,0,0,0,1,1,0,0,0,0,0,1,0,4,199,223,0.0,0.16000000000000003,0.12,0.28,0.7200000000000006,0.0,16.89999999999999,13.0,2.6999999999999993,1,2,3,6
164,Matt,O'Riley,O'Riley,a,,,5.5,142,88.0,0.3,300,105.0,0.2,380.0,169.0,0,0,0.0,0,0.0,182,76,0.0,2.4,0.2,0.2,4.3,44.0,23.0,100.0,100.0,389.0,171.0,296.0,170.0,286.0,154.0,363.0,173.0,,,,,,,,0.59,0.09,0.68,1.13,0.0,0.49,0.97,0.97,4.38,26,0,0,0,0,0,0,0,0,0,0,0,0,0,0,0,273,107,0.0,0.0,0.0,0.0,0.0,0.0,0.0,0.0,0.0,0,0,0,0
165,Abdallah,Sima,Sima,u,has joined Lens permanently.,,5.4,182,113.0,0.0,730,305.0,0.0,782.0,343.0,0,0,0.0,-1,1.0,0,5,0.0,0.0,0.0,0.0,0.0,801.0,355.0,0.0,0.0,801.0,355.0,800.0,355.0,798.0,354.0,801.0,355.0,,,,,,,,0.0,0.0,0.0,0.0,0.0,0.0,0.0,0.0,0.0,26,0,0,0,0,0,0,0,0,0,0,0,0,0,0,0,0,6,0.0,0.0,0.0,0.0,0.0,0.0,0.0,0.0,0.0,0,0,0,0
744,Nehemiah,Oriola,Oriola,a,,,4.5,470,285.0,0.0,715,299.0,0.0,646.0,245.0,0,0,0.0,0,0.0,43,40,0.0,0.2,0.0,0.0,1.0,474.0,213.0,,,716.0,292.0,712.0,294.0,696.0,288.0,718.0,294.0,,,,,,,,0.0,0.0,0.0,0.0,0.0,0.0,0.0,0.0,0.0,26,0,0,0,0,0,0,0,0,0,0,0,0,0,0,0,81,63,0.0,0.0,0.0,0.0,0.0,0.0,0.0,0.0,0.0,0,0,0,0
741,Harry,Gray,Gray,u,has joined Rotherham United on loan for the rest of the season.,,4.5,493,71.0,0.1,493,71.0,0.0,668.0,70.0,0,0,0.0,0,0.0,0,266,0.0,0.0,0.0,0.0,0.0,737.0,80.0,0.0,0.0,735.0,80.0,730.0,79.0,716.0,79.0,736.0,80.0,,,,,,,,0.0,0.0,0.0,0.0,0.0,0.0,0.0,0.0,0.0,26,0,0,0,0,0,0,0,0,0,0,0,0,0,0,0,0,402,0.0,0.0,0.0,0.0,0.0,0.0,0.0,0.0,0.0,0,0,0,0
787,Sam,Chambers,Chambers,a,,,4.4,558,334.0,0.0,745,316.0,0.0,594.0,207.0,0,0,0.0,-1,1.0,150,61,0.0,0.0,0.0,-0.5,0.0,678.0,264.0,,,670.0,256.0,666.0,261.0,645.0,252.0,673.0,259.0,,,,,,,,0.0,0.0,0.0,0.0,0.0,0.0,0.0,0.0,0.0,26,0,0,0,0,0,0,0,0,0,0,0,0,0,0,0,312,102,0.0,0.0,0.0,0.0,0.0,0.0,0.0,0.0,0.0,0,0,0,0
786,Alfie,McNally,McNally,a,,,4.0,699,60.0,0.0,762,86.0,0.0,487.0,71.0,0,0,0.0,0,0.0,60,31,0.0,0.0,0.0,-0.5,0.0,602.0,79.0,,,592.0,79.0,585.0,67.0,552.0,53.0,595.0,79.0,,,,,,,,0.0,0.0,0.0,0.0,0.0,0.0,0.0,0.0,0.0,26,0,0,0,0,0,0,0,0,0,0,0,0,0,0,0,69,40,0.0,0.0,0.0,0.0,0.0,0.0,0.0,0.0,0.0,0,0,0,0
345,Sebastiaan,Bornauw,Bornauw,a,,,3.8,793,242.0,0.1,419,153.0,1.2,246.0,88.0,0,0,0.0,-2,2.0,282,288,0.3,4.5,1.2,0.7,1.9,335.0,123.0,100.0,100.0,365.0,139.0,438.0,159.0,393.0,141.0,406.0,145.0,,,,,,,,0.0,0.0,0.0,1.46,0.0,0.3,1.18,1.18,11.25,26,0,54,0,0,0,1,0,0,0,1,0,0,1,0,48,551,485,0.0,0.0,0.0,0.0,0.5999999999999996,18.000000000000007,0.5,4.0,2.3000000000000007,1,5,1,6
346,Sam,Byram,Byram,a,,,3.8,784,234.0,0.2,378,138.0,0.0,390.0,146.0,0,0,0.0,-2,2.0,87,167,0.0,0.3,0.0,-0.5,1.0,444.0,159.0,,,505.0,183.0,491.0,180.0,455.0,171.0,508.0,183.0,,,,,,,,0.0,0.0,0.0,10.16,0.0,0.0,12.86,0.0,0.0,26,0,0,0,0,0,0,0,0,0,0,0,0,0,0,0,275,272,0.0,0.0,0.0,0.0,0.0,0.0,0.0,0.0,0.0,0,0,0,0
347,Gabriel,Gudmundsson,Gudmundsson,a,,,3.8,789,238.0,3.8,87,29.0,0.2,349.0,126.0,0,0,0.0,-2,2.0,4851,4753,0.1,14.7,0.2,-0.3,2.2,298.0,110.0,100.0,100.0,108.0,48.0,67.0,13.0,199.0,47.0,108.0,33.0,,,,,,,,0.04,0.09,0.13,1.45,0.0,0.17,1.71,1.03,6.17,26,0,90,0,0,0,2,0,0,0,1,0,0,1,0,222,11561,9887,0.0,0.0,0.0,0.0,3.129999999999999,0.0,0.5,0.0,0.0,0,1,4,1
595,Callum,Olusesi,Olusesi,a,,,4.3,599,351.0,0.2,370,125.0,0.0,550.0,181.0,0,0,0.0,-2,2.0,403,248,0.0,0.0,-1.0,0.0,0.0,645.0,243.0,,,635.0,233.0,631.0,239.0,606.0,227.0,638.0,236.0,,,,,,,,0.0,0.0,0.0,0.0,0.0,0.0,0.0,0.0,0.0,26,0,0,0,0,0,0,0,0,0,0,0,0,0,0,0,766,383,0.0,0.0,0.0,0.0,0.0,0.0,0.0,0.0,0.0,0,0,0,0
418,Jérémy,Doku,Doku,d,Calf injury - 25% chance of playing,,6.4,58,37.0,2.4,121,39.0,0.2,383.0,172.0,0,0,0.0,-1,1.0,59,6425,0.0,11.2,0.2,0.2,3.6,114.0,51.0,25.0,25.0,172.0,65.0,16.0,16.0,41.0,25.0,33.0,25.0,,,3.0,,,,,0.14,0.32,0.46,1.19,0.0,0.38,0.99,0.99,6.03,26,0,0,0,0,0,0,0,0,0,0,0,0,0,0,0,85,10430,0.0,0.0,0.0,0.0,0.0,0.0,0.0,0.0,0.0,0,0,0,0
420,İlkay,Gündoğan,Gündoğan,u,has joined Galatasaray permanently.,,6.3,64,42.0,0.1,557,204.0,0.0,801.0,357.0,0,0,0.0,-2,2.0,0,19,0.0,0.0,0.0,0.0,0.0,809.0,362.0,0.0,0.0,809.0,362.0,809.0,362.0,809.0,362.0,809.0,362.0,,,,,,,,0.0,0.0,0.0,0.0,0.0,0.0,0.0,0.0,0.0,26,0,0,0,0,0,0,0,0,0,0,0,0,0,0,0,0,24,0.0,0.0,0.0,0.0,0.0,0.0,0.0,0.0,0.0,0,0,0,0
421,Rodrigo 'Rodri',Hernandez Cascante,Rodrigo,a,,,6.3,68,45.0,0.5,265,91.0,3.2,102.0,47.0,3,0,0.0,-2,2.0,846,662,0.5,5.6,3.7,3.7,2.5,278.0,120.0,100.0,100.0,259.0,109.0,114.0,79.0,328.0,173.0,236.0,119.0,,,,,,,,0.03,0.12,0.15,1.27,0.0,0.31,0.92,1.02,12.74,26,3,70,0,0,1,0,0,0,0,0,0,0,1,0,9,1298,968,0.0,0.03,0.030000000000000027,0.06000000000000005,0.8399999999999999,2.5999999999999943,6.5,1.0,1.0,0,0,3,3
422,Mateo,Kovačić,Kovačić,i,Ankle injury - Unknown return date,,5.8,104,66.0,0.0,684,281.0,0.0,790.0,348.0,0,0,0.0,-2,2.0,4,12,0.0,0.2,0.0,0.0,1.0,499.0,235.0,0.0,0.0,478.0,220.0,467.0,225.0,804.0,358.0,495.0,229.0,,,,,,,,0.0,0.0,0.0,0.0,0.0,0.0,0.0,0.0,0.0,26,0,0,0,0,0,0,0,0,0,0,0,0,0,0,0,6,14,0.0,0.0,0.0,0.0,0.0,0.0,0.0,0.0,0.0,0,0,0,0
435,Dermot,Mee,Mee,a,,,3.9,759,81.0,0.1,478,72.0,0.0,429.0,40.0,0,0,0.0,-1,1.0,35,55,0.0,0.0,0.5,0.5,0.0,549.0,49.0,,,539.0,49.0,529.0,34.0,494.0,20.0,542.0,49.0,,,,,,,,0.0,0.0,0.0,0.0,0.0,0.0,0.0,0.0,0.0,26,0,0,0,0,0,0,0,0,0,0,0,0,0,0,0,79,102,0.0,0.0,0.0,0.0,0.0,0.0,0.0,0.0,0.0,0,0,0,0
447,Ayden,Heaven,Heaven,a,,,3.7,816,264.0,2.1,129,49.0,0.0,386.0,142.0,0,-1,1.0,-3,3.0,12599,5706,0.0,7.0,0.5,0.5,2.4,279.0,106.0,100.0,100.0,266.0,107.0,375.0,134.0,355.0,117.0,347.0,119.0,,,,,,,,0.05,0.02,0.07,1.12,0.0,0.14,1.7,1.13,10.05,26,0,0,0,0,0,0,0,0,0,0,0,0,0,0,0,13368,11894,0.0,0.0,0.0,0.0,0.0,0.0,0.0,0.0,0.0,0,0,0,0
448,Tyrell,Malacia,Malacia,a,,,3.8,787,236.0,0.4,282,104.0,0.0,392.0,147.0,0,0,0.0,-2,2.0,138,423,0.0,0.3,0.5,0.5,1.0,445.0,160.0,,,476.0,171.0,493.0,181.0,457.0,172.0,490.0,173.0,,,,,,,,0.0,0.0,0.0,13.5,0.0,0.0,0.0,0.0,90.0,26,0,0,0,0,0,0,0,0,0,0,0,0,0,0,0,234,730,0.0,0.0,0.0,0.0,0.0,0.0,0.0,0.0,0.0,0,0,0,0
449,Bruno,Borges Fernandes,B.Fernandes,a,,,9.8,5,3.0,36.7,6,2.0,6.8,7.0,4.0,2,0,0.0,8,-8.0,70958,34565,0.7,14.6,7.3,7.3,6.2,4.0,2.0,100.0,100.0,2.0,1.0,1.0,1.0,37.0,22.0,1.0,1.0,1.0,1.0,1.0,,,,,0.37,0.3,0.67,1.27,0.0,0.14,1.5,1.04,9.52,26,2,90,0,0,0,1,0,0,0,0,0,0,1,0,19,185207,43468,0.0,0.0,0.2599999999999998,0.2599999999999998,1.1099999999999994,19.600000000000023,58.799999999999955,0.0,7.800000000000011,1,0,2,3
481,Alex,Murphy,A.Murphy,a,,,3.8,803,252.0,0.7,219,82.0,0.2,350.0,127.0,0,0,0.0,-2,2.0,593,914,0.1,0.3,-0.3,0.2,1.0,446.0,161.0,,,479.0,172.0,504.0,192.0,468.0,183.0,496.0,175.0,,,,,,,,0.0,0.0,0.0,24.3,0.0,0.0,90.0,0.0,90.0,26,0,0,0,0,0,0,0,0,0,0,0,0,0,0,0,1121,1357,0.0,0.0,0.0,0.0,0.0,0.0,0.0,0.0,0.0,0,0,0,0
621,Andy,Irving,Irving,u,has joined Sparta Prague permanently.,,4.3,583,344.0,0.2,353,119.0,0.0,542.0,174.0,0,0,0.0,-2,2.0,0,363,0.0,2.1,0.0,0.0,1.3,424.0,189.0,0.0,0.0,422.0,186.0,325.0,180.0,437.0,215.0,414.0,188.0,3.0,,,,,,,0.0,0.1,0.1,2.32,0.0,0.0,2.31,1.15,12.69,26,0,0,0,0,0,0,0,0,0,0,0,0,0,0,0,0,643,0.0,0.0,0.0,0.0,0.0,0.0,0.0,0.0,0.0,0,0,0,0
623,Freddie,Potts,Potts,s,Suspended until 14 Mar,,4.4,545,325.0,0.7,223,77.0,1.2,248.0,107.0,3,0,0.0,-1,1.0,1192,1487,0.3,7.7,0.0,0.7,1.8,358.0,157.0,0.0,100.0,262.0,111.0,203.0,134.0,331.0,174.0,294.0,145.0,1.0,,,,,,,0.02,0.09,0.11,1.64,0.0,0.08,1.89,0.9,9.21,26,3,79,0,0,1,0,0,0,0,0,0,0,1,0,10,2171,3140,0.0,0.0,0.010000000000000009,0.010000000000000009,0.3299999999999983,9.799999999999983,2.9000000000000057,0.0,1.3000000000000043,2,6,1,9
400,Stefan,Ortega Moreno,Ortega Moreno,a,,,4.7,376,15.0,0.2,383,55.0,2.0,188.0,14.0,7,0,0.0,-3,3.0,448,453,0.4,1.7,1.5,2.5,4.0,65.0,5.0,,,409.0,30.0,748.0,88.0,737.0,80.0,448.0,30.0,,,,,,,,0.0,0.0,0.0,1.46,2.5,0.5,1.5,1.0,0.0,26,7,90,0,0,1,0,0,0,0,0,0,3,1,0,26,2128,672,0.0,0.0,0.0,0.0,0.41999999999999993,22.6,0.0,0.0,2.3000000000000003,0,0,2,0
645,Fer,López González,Fer López,u,has joined Celta Vigo on loan for the rest of the season.,,5.1,240,147.0,0.0,654,263.0,0.0,762.0,330.0,0,0,0.0,-4,4.0,0,26,0.0,2.4,0.0,0.0,1.3,429.0,194.0,0.0,0.0,428.0,189.0,313.0,177.0,333.0,176.0,395.0,183.0,,,,,,,,0.06,0.24,0.3,1.57,0.0,0.0,3.55,0.79,4.74,26,0,0,0,0,0,0,0,0,0,0,0,0,0,0,0,0,39,0.0,0.0,0.0,0.0,0.0,0.0,0.0,0.0,0.0,0,0,0,0
646,João Victor,Gomes da Silva,J.Gomes,a,,,5.3,199,124.0,0.4,293,101.0,2.6,143.0,66.0,5,0,0.0,-2,2.0,296,2288,0.5,12.6,2.1,3.2,2.7,242.0,98.0,100.0,100.0,145.0,51.0,93.0,68.0,206.0,113.0,131.0,72.0,,,,,,,,0.04,0.06,0.1,1.44,0.0,0.13,1.73,1.02,12.63,26,5,90,0,0,1,0,0,0,0,0,0,0,1,0,19,14488,2959,0.0,0.0,0.010000000000000009,0.009999999999999787,2.5500000000000007,18.400000000000034,2.2000000000000455,0.0,2.0999999999999943,6,4,10,20
656,Saša,Kalajdžić,Kalajdžić,u,has joined LASK on loan for the rest of the season.,,4.9,322,59.0,0.0,587,80.0,0.0,722.0,76.0,0,0,0.0,-1,1.0,0,12,0.0,0.2,0.0,0.0,1.0,486.0,59.0,0.0,0.0,493.0,61.0,441.0,57.0,446.0,61.0,481.0,61.0,,,,,,,,0.0,0.06,0.06,0.64,0.0,0.0,0.0,0.0,12.86,26,0,0,0,0,0,0,0,0,0,0,0,0,0,0,0,0,17,0.0,0.0,0.0,0.0,0.0,0.0,0.0,0.0,0.0,0,0,0,0
657,Leon,Chiwome,Chiwome,i,Knee injury - Unknown return date,,4.4,563,81.0,0.0,653,84.0,0.0,598.0,64.0,0,0,0.0,-1,1.0,38,41,0.0,0.0,0.0,0.0,0.0,681.0,74.0,0.0,0.0,674.0,74.0,670.0,73.0,649.0,73.0,677.0,74.0,,,,,,,,0.0,0.0,0.0,0.0,0.0,0.0,0.0,0.0,0.0,26,0,0,0,0,0,0,0,0,0,0,0,0,0,0,0,75,68,0.0,0.0,0.0,0.0,0.0,0.0,0.0,0.0,0.0,0,0,0,0
663,Jhon,Arias,J.Arias,u,has joined Palmeiras permanently.,,4.9,318,198.0,0.1,426,143.0,0.4,344.0,152.0,0,0,0.0,-6,6.0,0,336,0.1,9.2,0.0,0.0,2.0,329.0,145.0,0.0,0.0,270.0,116.0,138.0,96.0,166.0,94.0,217.0,108.0,1.0,1.0,,,,,,0.27,0.05,0.32,1.29,0.0,0.16,1.69,1.13,10.07,26,0,0,0,0,0,0,0,0,0,0,0,0,0,0,0,0,709,0.0,0.0,0.0,0.0,0.0,0.0,0.0,0.0,0.0,0,0,0,0
682,David,Møller Wolfe,Møller Wolfe,a,,,4.2,638,150.0,0.1,550,197.0,0.4,343.0,123.0,1,0,0.0,-3,3.0,38,57,0.1,5.2,-0.1,-1.2,1.4,418.0,150.0,,,316.0,120.0,231.0,63.0,317.0,101.0,330.0,114.0,,,,,,,,0.02,0.12,0.14,1.86,0.0,0.0,2.33,0.98,4.17,26,1,30,0,0,0,0,0,0,0,0,0,0,0,0,5,107,90,0.0,0.0,0.0,0.0,1.0500000000000007,4.599999999999994,0.10000000000000853,0.0,0.5,1,1,1,2
781,TJ,Carroll,Carroll,a,,,4.0,729,206.0,0.0,739,255.0,0.0,513.0,216.0,0,0,0.0,0,0.0,56,45,0.0,0.0,0.0,0.0,0.0,625.0,241.0,,,615.0,241.0,608.0,241.0,577.0,237.0,618.0,241.0,,,,,,,,0.0,0.0,0.0,0.0,0.0,0.0,0.0,0.0,0.0,26,0,0,0,0,0,0,0,0,0,0,0,0,0,0,0,85,66,0.0,0.0,0.0,0.0,0.0,0.0,0.0,0.0,0.0,0,0,0,0
187,Kyle,Walker,Walker,a,,,4.4,518,99.0,1.1,182,69.0,1.5,230.0,85.0,1,0,0.0,-1,1.0,778,1210,0.3,11.6,0.5,1.0,2.0,325.0,121.0,100.0,100.0,112.0,49.0,183.0,44.0,366.0,125.0,207.0,67.0,,,,,,,,0.0,0.04,0.04,1.98,0.0,0.12,1.93,1.01,6.04,26,1,90,0,0,0,2,0,0,0,0,0,0,1,0,0,1174,2943,0.0,0.0,0.0,0.0,1.7999999999999972,4.199999999999989,1.799999999999983,0.0,0.6000000000000014,0,3,6,3
188,Hannes,Delcroix,Delcroix,u,has joined Lugano permanently.,,3.8,790,239.0,0.2,359,129.0,0.0,394.0,149.0,0,0,0.0,-2,2.0,0,246,0.0,0.0,0.0,0.0,0.0,518.0,185.0,0.0,0.0,508.0,185.0,495.0,183.0,459.0,174.0,511.0,185.0,,,,,,,,0.0,0.0,0.0,0.0,0.0,0.0,0.0,0.0,0.0,26,0,0,0,0,0,0,0,0,0,0,0,0,0,0,0,0,465,0.0,0.0,0.0,0.0,0.0,0.0,0.0,0.0,0.0,0,0,0,0
189,Owen,Dodgson,Dodgson,u,Has joined Stockport County on loan for the rest of the season.,,4.0,681,172.0,0.0,721,249.0,0.0,471.0,188.0,0,0,0.0,0,0.0,0,6,0.0,0.0,0.0,0.0,0.0,587.0,217.0,0.0,0.0,577.0,217.0,570.0,217.0,537.0,211.0,580.0,217.0,,,,,,,,0.0,0.0,0.0,0.0,0.0,0.0,0.0,0.0,0.0,26,0,0,0,0,0,0,0,0,0,0,0,0,0,0,0,0,8,0.0,0.0,0.0,0.0,0.0,0.0,0.0,0.0,0.0,0,0,0,0
192,Quilindschy,Hartman,Hartman,a,,,4.0,693,178.0,0.7,225,83.0,0.0,481.0,192.0,0,0,0.0,0,0.0,213,1163,0.0,11.5,-1.0,-0.5,3.1,166.0,64.0,,,167.0,71.0,122.0,31.0,299.0,92.0,190.0,62.0,1.0,,,,,,,0.01,0.1,0.11,2.04,0.0,0.13,1.88,1.01,7.0,26,0,0,0,0,0,0,0,0,0,0,0,0,0,0,0,466,2524,0.0,0.0,0.0,0.0,0.0,0.0,0.0,0.0,0.0,0,0,0,0
194,Jordan,Beyer,Jordan,i,Hamstring injury - Unknown return date,,3.9,754,217.0,0.1,563,202.0,0.0,426.0,167.0,0,0,0.0,-1,1.0,17,19,0.0,0.0,0.0,0.0,0.0,546.0,199.0,0.0,0.0,536.0,199.0,526.0,199.0,491.0,191.0,539.0,199.0,,,,,,,,0.0,0.0,0.0,0.0,0.0,0.0,0.0,0.0,0.0,26,0,0,0,0,0,0,0,0,0,0,0,0,0,0,0,38,64,0.0,0.0,0.0,0.0,0.0,0.0,0.0,0.0,0.0,0,0,0,0
195,Lucas,Pires Silva,Lucas Pires,a,,,3.8,807,256.0,0.3,315,116.0,0.8,283.0,99.0,0,0,0.0,-2,2.0,645,510,0.2,4.2,-0.2,0.3,1.5,399.0,144.0,100.0,100.0,293.0,113.0,171.0,43.0,302.0,93.0,282.0,94.0,,,,,,,,0.03,0.1,0.13,1.86,0.0,0.1,1.99,1.05,6.38,26,0,0,0,0,0,0,0,0,0,0,0,0,0,0,0,1444,1120,0.0,0.0,0.0,0.0,0.0,0.0,0.0,0.0,0.0,0,0,0,0
244,Roméo,Lavia,Lavia,i,Thigh injury - Expected back 01 Mar,,4.9,342,211.0,0.0,698,291.0,0.0,733.0,307.0,0,0,0.0,-1,1.0,5,10,0.0,0.8,0.0,0.0,1.0,488.0,225.0,0.0,0.0,454.0,203.0,430.0,209.0,447.0,221.0,464.0,210.0,,,,,,,,0.0,0.04,0.04,2.39,0.0,0.0,2.57,0.86,9.43,26,0,0,0,0,0,0,0,0,0,0,0,0,0,0,0,7,15,0.0,0.0,0.0,0.0,0.0,0.0,0.0,0.0,0.0,0,0,0,0
250,Liam,Delap,Delap,a,,,6.2,74,23.0,1.0,195,31.0,2.0,196.0,26.0,1,0,0.0,-3,3.0,964,1898,0.3,5.3,3.0,2.5,1.9,352.0,41.0,100.0,100.0,393.0,42.0,329.0,37.0,71.0,26.0,277.0,32.0,,,,,,,,0.46,0.02,0.48,1.32,0.0,0.25,1.53,1.14,3.18,26,1,11,0,0,0,0,0,0,0,0,0,0,0,0,2,1694,3225,0.0,0.16999999999999993,0.0,0.16999999999999993,0.02999999999999936,0.0,0.7000000000000028,7.0,0.6000000000000014,0,0,2,2
251,Nicolas,Jackson,N.Jackson,u,has joined Bayern Munich on loan for the rest of the season.,,6.5,55,19.0,0.1,531,76.0,0.0,808.0,89.0,0,0,0.0,0,0.0,0,13,0.0,0.0,0.0,0.0,0.0,813.0,91.0,0.0,0.0,813.0,91.0,813.0,91.0,813.0,91.0,813.0,91.0,,,,,,,,0.0,0.0,0.0,0.0,0.0,0.0,0.0,0.0,0.0,26,0,0,0,0,0,0,0,0,0,0,0,0,0,0,0,0,20,0.0,0.0,0.0,0.0,0.0,0.0,0.0,0.0,0.0,0,0,0,0
658,Nathan,Fraser,Fraser,a,,,4.2,643,89.0,1.9,133,21.0,0.0,531.0,52.0,0,0,0.0,-3,3.0,7257,3203,0.0,0.0,-0.5,-2.0,0.0,635.0,63.0,,,626.0,63.0,621.0,62.0,593.0,62.0,629.0,63.0,,,,,,,,0.0,0.0,0.0,0.0,0.0,0.0,0.0,0.0,0.0,26,0,0,0,0,0,0,0,0,0,0,0,0,0,0,0,14336,5288,0.0,0.0,0.0,0.0,0.0,0.0,0.0,0.0,0.0,0,0,0,0
725,Piero,Hincapié,Hincapie,a,,,5.1,236,34.0,0.6,241,90.0,2.8,130.0,46.0,7,0,0.0,-4,4.0,2040,1626,0.5,9.6,3.8,8.1,3.1,174.0,68.0,100.0,100.0,209.0,82.0,272.0,87.0,350.0,114.0,290.0,96.0,,,,,,,,0.0,0.07,0.07,0.9,0.0,0.24,0.96,1.04,7.85,26,7,80,0,1,0,1,0,0,0,0,0,0,1,2,27,4277,9247,0.0,0.0,0.17000000000000004,0.17000000000000004,1.2200000000000006,35.400000000000006,18.299999999999997,6.0,6.0000000000000036,3,4,4,7
271,Daichi,Kamada,Kamada,a,,,5.0,250,152.0,0.1,529,191.0,0.8,295.0,127.0,2,0,0.0,0,0.0,159,80,0.2,9.6,1.3,1.3,3.0,191.0,80.0,100.0,100.0,289.0,128.0,146.0,100.0,203.0,112.0,232.0,117.0,2.0,,,,,,,0.1,0.14,0.24,1.06,0.0,0.43,1.01,1.08,10.08,26,2,71,0,0,0,3,0,0,0,0,0,0,1,0,14,265,123,0.0,0.4600000000000001,0.41999999999999993,0.8799999999999999,0.40000000000000036,11.400000000000006,34.400000000000006,16.0,6.200000000000003,2,1,7,10
272,Jefferson,Lerma Solís,Lerma,a,,,4.9,290,180.0,0.1,509,184.0,4.0,58.0,29.0,1,0,0.0,-1,1.0,410,167,0.8,10.4,4.5,4.5,2.2,304.0,133.0,100.0,100.0,238.0,104.0,187.0,125.0,138.0,80.0,211.0,104.0,,,,,,,,0.08,0.07,0.15,1.14,0.0,0.39,1.17,0.93,11.44,26,1,45,0,1,0,3,1,0,0,1,0,0,1,0,14,1519,274,0.0,0.0,0.08000000000000007,0.07999999999999985,0.3699999999999992,19.599999999999994,14.300000000000011,0.0,3.3999999999999986,1,3,0,4
273,Adam,Wharton,Wharton,a,,,5.0,268,163.0,0.6,233,81.0,2.2,171.0,75.0,7,0,0.0,0,0.0,2368,997,0.4,15.2,2.7,2.7,3.3,145.0,64.0,100.0,100.0,147.0,52.0,25.0,24.0,215.0,118.0,83.0,50.0,3.0,,,,,,,0.05,0.24,0.29,1.37,0.0,0.33,1.42,1.09,10.72,26,7,82,0,1,0,3,0,0,0,0,0,0,1,0,22,3858,2213,0.0,0.06000000000000005,0.3099999999999996,0.3700000000000001,0.40000000000000213,29.799999999999955,29.80000000000001,6.0,6.599999999999994,2,5,7,14
275,Naouirou,Ahamada,Ahamada,u,has joined AJ Auxerre permanently.,,4.3,589,345.0,0.0,621,241.0,0.0,544.0,175.0,0,0,0.0,-2,2.0,0,43,0.0,0.0,0.0,0.0,0.0,641.0,239.0,0.0,0.0,631.0,229.0,627.0,235.0,601.0,222.0,634.0,232.0,,,,,,,,0.0,0.0,0.0,0.0,0.0,0.0,0.0,0.0,0.0,26,0,0,0,0,0,0,0,0,0,0,0,0,0,0,0,0,70,0.0,0.0,0.0,0.0,0.0,0.0,0.0,0.0,0.0,0,0,0,0
54,John,McGinn,McGinn,i,Knee injury - Expected back 21 Mar,,5.4,159,97.0,0.5,257,88.0,0.0,772.0,336.0,0,0,0.0,-1,1.0,41,2607,0.0,13.1,0.0,0.0,3.2,163.0,71.0,0.0,0.0,162.0,60.0,46.0,42.0,123.0,72.0,90.0,54.0,4.0,,,,,,,0.14,0.11,0.25,1.5,0.0,0.4,1.19,1.19,7.13,26,0,0,0,0,0,0,0,0,0,0,0,0,0,0,0,48,4817,0.0,0.0,0.0,0.0,0.0,0.0,0.0,0.0,0.0,0,0,0,0
667,Adam,Aznou,Aznou,a,,,4.2,639,151.0,0.1,571,205.0,0.0,528.0,224.0,0,0,0.0,-3,3.0,29,46,0.0,0.0,-0.5,0.0,0.0,634.0,246.0,100.0,100.0,625.0,247.0,620.0,246.0,592.0,244.0,628.0,247.0,,,,,,,,0.0,0.0,0.0,0.0,0.0,0.0,0.0,0.0,0.0,26,0,0,0,0,0,0,0,0,0,0,0,0,0,0,0,65,62,0.0,0.0,0.0,0.0,0.0,0.0,0.0,0.0,0.0,0,0,0,0
142,Kjell,Scherpen,Scherpen,u,Has joined Union SG permanently,,4.0,674,48.0,0.0,804,93.0,0.0,465.0,59.0,0,0,0.0,0,0.0,0,2,0.0,0.0,0.0,0.0,0.0,581.0,67.0,0.0,0.0,571.0,67.0,564.0,55.0,531.0,41.0,574.0,67.0,,,,,,,,0.0,0.0,0.0,0.0,0.0,0.0,0.0,0.0,0.0,26,0,0,0,0,0,0,0,0,0,0,0,0,0,0,0,0,2,0.0,0.0,0.0,0.0,0.0,0.0,0.0,0.0,0.0,0,0,0,0
409,John,Stones,Stones,a,,,5.4,157,17.0,0.6,250,93.0,0.0,771.0,261.0,0,0,0.0,-1,1.0,223,147,0.0,2.2,0.5,0.5,1.7,375.0,140.0,100.0,100.0,369.0,141.0,390.0,140.0,449.0,166.0,405.0,144.0,,,,,,,,0.0,0.02,0.02,1.29,0.0,0.26,2.05,1.03,4.87,26,0,0,0,0,0,0,0,0,0,0,0,0,0,0,0,248,212,0.0,0.0,0.0,0.0,0.0,0.0,0.0,0.0,0.0,0,0,0,0
410,Rico,Lewis,Lewis,a,,,4.6,400,69.0,1.2,176,67.0,0.0,690.0,249.0,0,0,0.0,-4,4.0,401,1030,0.0,4.1,0.5,0.5,1.9,341.0,128.0,100.0,100.0,382.0,147.0,247.0,70.0,322.0,103.0,358.0,123.0,,,,,,,,0.03,0.38,0.41,1.46,0.0,0.29,1.45,0.87,5.5,26,0,0,0,0,0,0,0,0,0,0,0,0,0,0,0,592,1501,0.0,0.0,0.0,0.0,0.0,0.0,0.0,0.0,0.0,0,0,0,0
411,Nico,O'Reilly,O'Reilly,a,,,4.9,334,53.0,4.8,71,21.0,5.5,17.0,3.0,13,0,0.0,-1,1.0,32697,6824,1.1,20.4,6.0,6.0,4.0,67.0,27.0,100.0,100.0,83.0,36.0,81.0,19.0,91.0,9.0,73.0,17.0,,,,,,,,0.13,0.07,0.2,1.19,0.0,0.48,0.86,0.96,6.36,26,13,90,1,0,1,0,0,0,0,0,0,0,1,1,33,37141,29218,0.0,0.48,0.010000000000000009,0.48999999999999977,1.4200000000000017,30.400000000000034,5.800000000000011,36.0,7.199999999999989,0,0,2,0
428,Sverre,Nypan,Nypan,a,,,5.0,278,172.0,0.0,717,300.0,0.0,753.0,323.0,0,0,0.0,0,0.0,14,27,0.0,0.0,0.5,0.5,0.0,788.0,346.0,100.0,100.0,787.0,345.0,786.0,346.0,782.0,344.0,788.0,346.0,,,,,,,,0.0,0.0,0.0,0.0,0.0,0.0,0.0,0.0,0.0,26,0,0,0,0,0,0,0,0,0,0,0,0,0,0,0,26,31,0.0,0.0,0.0,0.0,0.0,0.0,0.0,0.0,0.0,0,0,0,0
175,Joe,Knight,Knight,u,has joined Stevenage permanently.,,4.4,559,335.0,0.1,528,190.0,0.0,595.0,208.0,0,0,0.0,-1,1.0,0,169,0.0,0.2,0.0,0.0,1.0,467.0,207.0,0.0,0.0,671.0,257.0,667.0,262.0,646.0,253.0,674.0,260.0,,,,,,,,0.0,0.0,0.0,0.0,0.0,0.0,0.0,0.0,0.0,26,0,0,0,0,0,0,0,0,0,0,0,0,0,0,0,0,282,0.0,0.0,0.0,0.0,0.0,0.0,0.0,0.0,0.0,0,0,0,0
763,Charlie,Gray,Gray,a,,,4.5,457,274.0,0.0,784,343.0,0.0,637.0,237.0,0,0,0.0,0,0.0,16,16,0.0,0.0,0.5,0.5,0.0,712.0,289.0,,,707.0,284.0,704.0,287.0,687.0,280.0,709.0,286.0,,,,,,,,0.0,0.0,0.0,0.0,0.0,0.0,0.0,0.0,0.0,26,0,0,0,0,0,0,0,0,0,0,0,0,0,0,0,25,25,0.0,0.0,0.0,0.0,0.0,0.0,0.0,0.0,0.0,0,0,0,0
764,Reigan,Heskey,Heskey,a,,,4.5,485,296.0,0.0,795,351.0,0.0,661.0,256.0,0,0,0.0,0,0.0,16,13,0.0,0.0,0.5,0.5,0.0,730.0,302.0,,,728.0,300.0,723.0,301.0,709.0,297.0,729.0,301.0,,,,,,,,0.0,0.0,0.0,0.0,0.0,0.0,0.0,0.0,0.0,26,0,0,0,0,0,0,0,0,0,0,0,0,0,0,0,22,21,0.0,0.0,0.0,0.0,0.0,0.0,0.0,0.0,0.0,0,0,0,0
794,Max,Alleyne,Alleyne,d,Knock - 75% chance of playing,,4.1,655,159.0,0.0,726,251.0,0.0,521.0,221.0,0,-1,1.0,-4,4.0,60,153,0.0,1.2,0.4,0.5,2.5,264.0,103.0,75.0,,417.0,157.0,397.0,144.0,356.0,118.0,425.0,152.0,,,,,,,,0.17,0.04,0.21,1.03,0.0,0.0,0.67,1.33,7.33,26,0,0,0,0,0,0,0,0,0,0,0,0,0,0,0,92,237,0.0,0.0,0.0,0.0,0.0,0.0,0.0,0.0,0.0,0,0,0,0
119,Bryan,Mbeumo,Mbeumo,a,,,8.6,10,5.0,22.6,17,6.0,6.5,11.0,7.0,6,0,0.0,6,-6.0,66535,30118,0.8,12.7,7.0,7.0,5.2,11.0,7.0,100.0,100.0,53.0,14.0,13.0,13.0,5.0,2.0,6.0,4.0,2.0,2.0,,,,,,0.35,0.19,0.54,1.26,0.0,0.2,1.44,1.04,4.78,26,6,90,0,1,0,1,0,0,0,0,0,0,1,1,23,148573,53068,0.0,0.1299999999999999,0.08999999999999986,0.22000000000000064,1.1099999999999994,23.19999999999999,35.5,13.0,7.199999999999989,1,1,6,8
434,Tom,Heaton,Heaton,a,,,3.9,736,66.0,0.3,340,46.0,0.0,412.0,26.0,0,0,0.0,-1,1.0,100,163,0.0,0.0,0.5,0.5,0.0,533.0,35.0,,,523.0,35.0,512.0,19.0,477.0,5.0,526.0,35.0,,,,,,,,0.0,0.0,0.0,0.0,0.0,0.0,0.0,0.0,0.0,26,0,0,0,0,0,0,0,0,0,0,0,0,0,0,0,163,292,0.0,0.0,0.0,0.0,0.0,0.0,0.0,0.0,0.0,0,0,0,0
504,Matt,Turner,Turner,u,Has joined Lyon permanently.,,4.0,672,47.0,0.1,521,75.0,0.0,463.0,58.0,0,0,0.0,0,0.0,0,37,0.0,0.0,0.0,0.0,0.0,579.0,66.0,0.0,0.0,569.0,66.0,562.0,54.0,529.0,40.0,572.0,66.0,,,,,,,,0.0,0.0,0.0,0.0,0.0,0.0,0.0,0.0,0.0,26,0,0,0,0,0,0,0,0,0,0,0,0,0,0,0,0,54,0.0,0.0,0.0,0.0,0.0,0.0,0.0,0.0,0.0,0,0,0,0
522,Ryan,Yates,Yates,a,,,4.7,383,239.0,0.1,551,201.0,0.5,323.0,140.0,0,0,0.0,-3,3.0,63,51,0.1,3.6,0.0,1.0,1.3,425.0,190.0,100.0,100.0,378.0,168.0,338.0,184.0,349.0,184.0,382.0,179.0,,,,,,,,0.02,0.05,0.07,0.9,0.0,0.0,1.23,0.25,8.83,26,0,0,0,0,0,0,0,0,0,0,0,0,0,0,0,143,96,0.0,0.0,0.0,0.0,0.0,0.0,0.0,0.0,0.0,0,0,0,0
742,Ryan,McAidoo,McAidoo,a,,,4.5,502,310.0,0.0,732,307.0,0.0,675.0,268.0,0,0,0.0,0,0.0,31,21,0.0,0.0,0.5,0.5,0.0,743.0,313.0,,,742.0,312.0,737.0,313.0,723.0,309.0,743.0,313.0,,,,,,,,0.0,0.0,0.0,0.0,0.0,0.0,0.0,0.0,0.0,26,0,0,0,0,0,0,0,0,0,0,0,0,0,0,0,48,34,0.0,0.0,0.0,0.0,0.0,0.0,0.0,0.0,0.0,0,0,0,0
695,Jackson,Tchatchoua,Tchatchoua,a,,,4.4,551,119.0,0.0,647,226.0,0.0,587.0,239.0,0,0,0.0,-1,1.0,24,78,0.0,8.2,-0.5,-2.0,1.6,382.0,143.0,,,239.0,94.0,126.0,32.0,335.0,107.0,235.0,78.0,,,,,,,,0.02,0.07,0.09,1.24,0.0,0.14,1.78,0.85,5.62,26,0,30,0,0,0,0,0,0,0,1,0,0,0,0,1,64,137,0.0,0.0,0.0,0.0,1.0499999999999972,5.200000000000017,0.0,0.0,0.5,0,3,0,3
749,Mateus,Mané,Mané,a,,,4.6,404,66.0,3.0,106,18.0,1.6,225.0,27.0,2,0,0.0,1,-1.0,7448,12152,0.3,9.6,1.1,1.2,2.9,203.0,21.0,,,255.0,23.0,156.0,11.0,132.0,31.0,203.0,24.0,,,,,,,,0.12,0.13,0.25,1.57,0.0,0.3,1.51,0.9,6.53,26,2,90,0,0,1,0,0,0,0,0,0,0,1,0,13,75845,17090,0.0,0.18999999999999995,0.010000000000000009,0.20000000000000018,2.5500000000000007,22.200000000000017,5.399999999999977,35.0,6.300000000000004,4,3,4,11
766,Saheed,Olagunju,Olagunju,a,,,4.0,722,199.0,0.0,671,234.0,0.0,508.0,211.0,0,0,0.0,0,0.0,119,108,0.0,0.0,-0.5,-2.0,0.0,621.0,237.0,,,611.0,237.0,604.0,237.0,572.0,232.0,614.0,237.0,,,,,,,,0.0,0.0,0.0,0.0,0.0,0.0,0.0,0.0,0.0,26,0,0,0,0,0,0,0,0,0,0,0,0,0,0,0,249,152,0.0,0.0,0.0,0.0,0.0,0.0,0.0,0.0,0.0,0,0,0,0
767,Luke,Rawlings,Rawlings,a,,,4.5,495,304.0,0.0,765,329.0,0.0,670.0,263.0,0,0,0.0,0,0.0,43,24,0.0,0.0,-0.5,-2.0,0.0,739.0,309.0,,,737.0,307.0,732.0,308.0,718.0,304.0,738.0,308.0,,,,,,,,0.0,0.0,0.0,0.0,0.0,0.0,0.0,0.0,0.0,26,0,0,0,0,0,0,0,0,0,0,0,0,0,0,0,89,45,0.0,0.0,0.0,0.0,0.0,0.0,0.0,0.0,0.0,0,0,0,0
57,Lewis,Dobbin,Dobbin,u,Has joined Preston North End on loan for the rest of the season.,,5.0,260,159.0,0.0,664,269.0,0.0,744.0,316.0,0,0,0.0,0,0.0,0,3,0.0,0.0,0.0,0.0,0.0,781.0,341.0,0.0,0.0,780.0,340.0,778.0,341.0,775.0,339.0,781.0,341.0,,,,,,,,0.0,0.0,0.0,0.0,0.0,0.0,0.0,0.0,0.0,26,0,0,0,0,0,0,0,0,0,0,0,0,0,0,0,0,4,0.0,0.0,0.0,0.0,0.0,0.0,0.0,0.0,0.0,0,0,0,0
58,Boubacar,Kamara,Kamara,i,Knee injury - Expected back 01 Jun,,4.9,315,196.0,0.2,366,123.0,0.0,719.0,298.0,0,0,0.0,-1,1.0,26,816,0.0,12.4,0.0,0.0,3.4,131.0,58.0,0.0,0.0,143.0,49.0,112.0,78.0,267.0,145.0,168.0,92.0,,,,,,,,0.03,0.05,0.08,1.33,0.0,0.32,0.96,1.09,9.51,26,0,0,0,0,0,0,0,0,0,0,0,0,0,0,0,35,1643,0.0,0.0,0.0,0.0,0.0,0.0,0.0,0.0,0.0,0,0,0,0
60,Ben,Broggio,Broggio,u,has joined Falkirk on loan for the rest of the season.,,4.4,562,337.0,0.3,329,112.0,0.0,597.0,209.0,0,0,0.0,-1,1.0,0,490,0.0,0.0,0.0,0.0,0.0,680.0,265.0,0.0,0.0,673.0,258.0,669.0,263.0,648.0,254.0,676.0,261.0,,,,,,,,0.0,0.0,0.0,0.0,0.0,0.0,0.0,0.0,0.0,26,0,0,0,0,0,0,0,0,0,0,0,0,0,0,0,0,787,0.0,0.0,0.0,0.0,0.0,0.0,0.0,0.0,0.0,0,0,0,0
61,Leander,Dendoncker,Dendoncker,u,Has joined Real Oviedo permanently.,,4.5,410,250.0,0.1,532,192.0,0.0,606.0,214.0,0,0,0.0,0,0.0,0,30,0.0,0.0,0.0,0.0,0.0,687.0,268.0,0.0,0.0,681.0,262.0,676.0,266.0,656.0,258.0,684.0,265.0,,,,,,,,0.0,0.0,0.0,0.0,0.0,0.0,0.0,0.0,0.0,26,0,0,0,0,0,0,0,0,0,0,0,0,0,0,0,0,45,0.0,0.0,0.0,0.0,0.0,0.0,0.0,0.0,0.0,0,0,0,0
62,Jamaldeen,Jimoh-Aloba,Jimoh-Aloba,u,has joined West Brom on loan for the rest of the season.,,4.5,473,288.0,0.1,548,200.0,0.0,649.0,248.0,0,0,0.0,0,0.0,0,188,0.0,0.2,0.0,0.0,1.0,475.0,214.0,0.0,0.0,500.0,228.0,479.0,233.0,699.0,291.0,503.0,231.0,,,,,,,,0.0,0.0,0.0,6.86,0.0,0.0,0.0,0.0,11.25,26,0,0,0,0,0,0,0,0,0,0,0,0,0,0,0,0,285,0.0,0.0,0.0,0.0,0.0,0.0,0.0,0.0,0.0,0,0,0,0
304,Tim,Iroegbunam,Iroegbunam,a,,,4.8,368,230.0,0.0,615,238.0,0.2,367.0,161.0,0,0,0.0,-2,2.0,57,67,0.0,10.4,-0.3,0.2,2.6,251.0,103.0,100.0,100.0,278.0,121.0,277.0,162.0,314.0,166.0,327.0,156.0,,,,,,,,0.03,0.06,0.09,1.45,0.0,0.67,0.87,1.06,12.14,26,0,0,0,0,0,0,0,0,0,0,0,0,0,0,0,180,121,0.0,0.0,0.0,0.0,0.0,0.0,0.0,0.0,0.0,0,0,0,0
305,Harrison,Armstrong,Armstrong,a,,,4.5,498,306.0,0.1,506,182.0,1.5,231.0,98.0,1,0,0.0,0,0.0,381,263,0.3,3.3,1.0,1.5,1.9,340.0,149.0,100.0,100.0,403.0,179.0,330.0,181.0,296.0,157.0,376.0,177.0,,,,,,,,0.15,0.04,0.19,1.64,0.0,0.22,1.32,1.1,9.22,26,1,28,0,0,0,1,0,0,0,0,0,0,0,0,7,1027,422,0.0,0.32999999999999996,0.03,0.36,0.79,5.0,2.8999999999999986,41.0,4.9,1,0,2,3
634,Yerson,Mosquera Valdelamar,Mosquera,a,,,4.3,601,138.0,0.1,471,171.0,1.4,240.0,87.0,6,0,0.0,-2,2.0,182,318,0.3,7.7,0.9,0.8,1.9,338.0,126.0,100.0,100.0,201.0,81.0,243.0,69.0,141.0,27.0,214.0,70.0,,,,,,,,0.1,0.02,0.12,1.53,0.0,0.21,1.71,1.03,8.75,26,6,90,0,0,1,0,0,0,0,0,0,0,1,0,24,1915,601,0.0,0.0,0.0,0.0,2.5500000000000007,14.599999999999994,0.4000000000000057,0.0,1.5,1,8,1,9
635,Rodrigo,Martins Gomes,R.Gomes,a,,,4.4,544,118.0,0.1,565,203.0,1.0,266.0,96.0,1,0,0.0,-1,1.0,40,53,0.2,4.3,0.5,0.0,1.7,371.0,138.0,100.0,100.0,349.0,132.0,316.0,106.0,179.0,41.0,323.0,111.0,,,,,,,,0.18,0.05,0.23,1.19,0.0,0.0,1.62,0.97,5.03,26,1,59,0,0,0,0,0,0,0,0,0,0,1,0,9,176,86,0.0,0.0,0.0,0.0,1.5,13.799999999999997,0.6999999999999957,4.0,1.8999999999999986,4,3,3,7
636,Santiago,Ignacio Bueno,S.Bueno,a,,,4.4,530,109.0,0.1,441,163.0,2.0,184.0,67.0,6,0,0.0,-1,1.0,172,371,0.5,13.4,1.5,2.0,3.5,118.0,43.0,100.0,100.0,124.0,55.0,286.0,92.0,210.0,53.0,210.0,69.0,,,,,,,,0.1,0.06,0.16,1.44,0.0,0.18,1.65,0.98,7.58,26,6,90,0,0,1,0,0,0,0,0,0,0,1,0,21,2099,714,0.0,0.0,0.14,0.13999999999999968,2.5500000000000007,19.0,14.399999999999991,0.0,3.3000000000000043,0,5,0,5
637,Toti,Gomes,Toti,d,Hamstring injury - 25% chance of playing,,4.2,641,152.0,0.1,523,185.0,0.0,530.0,225.0,0,0,0.0,-3,3.0,5,54,0.0,4.8,-0.1,-0.5,1.5,401.0,146.0,25.0,25.0,243.0,96.0,283.0,91.0,351.0,115.0,311.0,105.0,,,,,,,,0.0,0.02,0.02,1.7,0.0,0.0,2.37,1.14,7.97,26,0,0,0,0,0,0,0,0,0,0,0,0,0,0,0,13,108,0.0,0.0,0.0,0.0,0.0,0.0,0.0,0.0,0.0,0,0,0,0
761,Freddie,Simmonds,Simmonds,a,,,4.0,724,201.0,0.0,720,248.0,0.0,510.0,213.0,0,0,0.0,0,0.0,43,39,0.0,0.0,0.0,0.0,0.0,622.0,238.0,,,612.0,238.0,605.0,238.0,573.0,233.0,615.0,238.0,,,,,,,,0.0,0.0,0.0,0.0,0.0,0.0,0.0,0.0,0.0,26,0,0,0,0,0,0,0,0,0,0,0,0,0,0,0,72,55,0.0,0.0,0.0,0.0,0.0,0.0,0.0,0.0,0.0,0,0,0,0
245,Mykhailo,Mudryk,Mudryk,s,Suspended - unknown return date,,4.9,331,206.0,0.0,747,318.0,0.0,729.0,305.0,0,0,0.0,-1,1.0,14,9,0.0,0.0,0.0,0.0,0.0,773.0,335.0,0.0,0.0,772.0,334.0,769.0,335.0,763.0,333.0,773.0,335.0,,,,,,,,0.0,0.0,0.0,0.0,0.0,0.0,0.0,0.0,0.0,26,0,0,0,0,0,0,0,0,0,0,0,0,0,0,0,16,11,0.0,0.0,0.0,0.0,0.0,0.0,0.0,0.0,0.0,0,0,0,0
246,Andrey,Nascimento dos Santos,Andrey Santos,a,,,4.5,459,276.0,0.3,324,109.0,1.8,207.0,85.0,2,0,0.0,0,0.0,1111,502,0.4,5.8,2.8,2.3,1.4,420.0,188.0,100.0,100.0,304.0,136.0,215.0,138.0,290.0,156.0,314.0,153.0,,,,,,,,0.19,0.08,0.27,1.39,0.0,0.11,1.02,0.91,10.53,26,2,78,0,0,0,2,0,0,0,0,0,0,1,0,20,1914,930,0.0,0.0,0.039999999999999925,0.040000000000000036,1.4100000000000001,11.400000000000006,4.099999999999994,2.0,1.7999999999999972,2,2,1,5
248,Kendry,Páez Andrade,Paez,u,has joined River Plate on loan for the rest of the season.,,4.5,499,307.0,0.0,776,336.0,0.0,672.0,265.0,0,0,0.0,0,0.0,0,1,0.0,0.0,0.0,0.0,0.0,740.0,310.0,0.0,0.0,739.0,309.0,734.0,310.0,720.0,306.0,740.0,310.0,,,,,,,,0.0,0.0,0.0,0.0,0.0,0.0,0.0,0.0,0.0,26,0,0,0,0,0,0,0,0,0,0,0,0,0,0,0,0,1,0.0,0.0,0.0,0.0,0.0,0.0,0.0,0.0,0.0,0,0,0,0
249,João Pedro,Junqueira de Jesus,João Pedro,a,,,7.7,19,6.0,45.8,3,2.0,10.0,1.0,1.0,10,1,-1.0,2,-2.0,178406,7543,1.3,17.1,11.0,10.5,5.1,13.0,3.0,,,34.0,3.0,48.0,1.0,11.0,8.0,14.0,3.0,,,,,,,,0.42,0.08,0.5,1.26,0.0,0.43,0.95,1.05,5.15,26,10,90,1,1,0,2,0,0,0,0,0,0,1,1,29,297618,26494,0.0,1.0299999999999994,0.1499999999999999,1.1799999999999997,1.4399999999999977,29.600000000000023,18.100000000000023,57.0,10.5,0,0,1,1
321,Jorge,Cuenca Barreno,J.Cuenca,a,,,4.3,586,132.0,0.1,561,201.0,1.8,201.0,73.0,0,0,0.0,-2,2.0,86,129,0.4,8.6,1.8,1.3,3.1,167.0,65.0,,,218.0,84.0,339.0,115.0,385.0,137.0,321.0,109.0,,,,,,,,0.0,0.05,0.05,1.39,0.0,0.19,1.07,1.07,10.77,26,0,0,0,0,0,0,0,0,0,0,0,0,0,0,0,179,285,0.0,0.0,0.0,0.0,0.0,0.0,0.0,0.0,0.0,0,0,0,0
322,Kenny,Tete,Tete,a,,,4.5,412,74.0,0.3,337,122.0,0.5,318.0,115.0,1,0,0.0,0,0.0,211,399,0.1,14.9,0.5,0.0,3.7,93.0,36.0,100.0,100.0,120.0,54.0,166.0,39.0,251.0,72.0,180.0,58.0,,,,,,,,0.04,0.07,0.11,1.32,0.0,0.31,1.37,1.06,8.3,26,1,90,0,0,0,3,0,0,0,0,0,0,1,0,3,278,1410,0.0,0.27,0.07000000000000006,0.3400000000000001,1.3699999999999974,24.80000000000001,21.0,8.0,5.399999999999999,4,3,9,7
323,Samuel,Amissah,Amissah,a,,,3.8,811,259.0,0.1,420,154.0,0.0,410.0,164.0,0,0,0.0,-2,2.0,86,100,0.0,0.0,0.0,-0.5,0.0,531.0,197.0,,,521.0,197.0,510.0,197.0,475.0,189.0,524.0,197.0,,,,,,,,0.0,0.0,0.0,0.0,0.0,0.0,0.0,0.0,0.0,26,0,0,0,0,0,0,0,0,0,0,0,0,0,0,0,171,154,0.0,0.0,0.0,0.0,0.0,0.0,0.0,0.0,0.0,0,0,0,0
324,Alex,Iwobi,Iwobi,a,,,6.3,66,44.0,0.7,213,72.0,2.5,161.0,73.0,2,0,0.0,-2,2.0,1090,754,0.4,10.5,2.5,2.0,3.3,149.0,67.0,100.0,100.0,165.0,62.0,28.0,27.0,147.0,84.0,81.0,48.0,5.0,,,,,,,0.05,0.17,0.22,1.44,0.0,0.16,1.76,1.07,6.62,26,2,90,0,0,0,3,0,0,0,0,0,0,1,0,9,1570,1640,0.0,0.050000000000000044,0.020000000000000018,0.06999999999999984,1.3699999999999974,2.1999999999999886,3.0,5.0,1.0,0,0,4,4
325,Emile,Smith Rowe,Smith Rowe,a,,,5.6,127,78.0,0.6,251,86.0,1.8,218.0,91.0,1,0,0.0,-4,4.0,615,1420,0.3,10.5,1.8,1.3,2.3,297.0,131.0,100.0,100.0,230.0,101.0,116.0,81.0,85.0,52.0,138.0,76.0,,,,,,,,0.25,0.06,0.31,1.59,0.0,0.21,1.43,1.0,7.09,26,1,59,0,0,0,3,0,0,0,0,0,0,1,0,4,919,3507,0.0,0.04999999999999982,0.020000000000000018,0.07000000000000028,1.370000000000001,2.200000000000017,1.799999999999983,4.0,0.7999999999999972,1,1,1,3
328,Ryan,Sessegnon,Sessegnon,a,,,5.4,163,100.0,0.2,411,139.0,2.8,134.0,62.0,4,0,0.0,-1,1.0,323,224,0.5,13.1,2.8,2.3,3.7,97.0,43.0,100.0,100.0,152.0,54.0,176.0,120.0,164.0,93.0,170.0,93.0,,,,,,,,0.06,0.11,0.17,1.35,0.0,0.25,1.71,1.02,10.67,26,4,90,0,0,0,3,0,0,0,0,0,0,1,0,12,465,472,0.0,0.0,0.010000000000000009,0.009999999999999787,1.370000000000001,14.399999999999977,2.6999999999999886,4.0,2.1000000000000014,5,3,8,16
329,Harry,Wilson,Wilson,a,,,6.0,85,55.0,20.5,19,7.0,4.0,61.0,32.0,2,0,0.0,5,-5.0,34685,85163,0.7,20.0,4.0,3.5,4.8,20.0,9.0,100.0,100.0,50.0,13.0,30.0,29.0,27.0,14.0,21.0,17.0,3.0,3.0,3.0,,,,,0.2,0.17,0.37,1.31,0.0,0.28,1.36,1.08,5.7,26,2,71,0,0,0,3,0,0,0,0,0,0,1,0,9,45760,293379,0.0,0.08000000000000007,0.22999999999999998,0.3099999999999996,1.3699999999999974,7.399999999999977,25.600000000000023,17.0,5.0,0,0,1,1
330,Sander,Berge,Berge,a,,,4.9,305,190.0,0.1,522,189.0,1.8,211.0,86.0,2,0,0.0,-1,1.0,135,148,0.4,12.9,1.8,1.3,2.4,284.0,123.0,,,121.0,40.0,96.0,70.0,280.0,152.0,144.0,79.0,,,,,,,,0.05,0.04,0.09,1.44,0.0,0.21,1.58,1.04,8.66,26,2,80,0,0,0,3,0,0,0,0,0,0,1,0,9,205,284,0.0,0.0,0.010000000000000009,0.009999999999999787,1.3699999999999974,3.8000000000000114,1.900000000000034,0.0,0.5999999999999943,4,1,1,6
331,Tom,Cairney,Cairney,d,Calf injury - 50% chance of playing,,4.8,351,219.0,0.0,634,250.0,0.5,325.0,142.0,0,0,0.0,-2,2.0,3,135,0.1,5.0,0.2,0.0,1.5,407.0,179.0,50.0,0.0,367.0,163.0,266.0,158.0,311.0,164.0,357.0,170.0,,,,,,,,0.17,0.06,0.23,1.61,0.0,0.0,1.79,0.6,6.75,26,0,0,0,0,0,0,0,0,0,0,0,0,0,0,0,6,216,0.0,0.0,0.0,0.0,0.0,0.0,0.0,0.0,0.0,0,0,0,0
404,Manuel,Akanji,Akanji,u,has joined Inter Milan on loan for the rest of the season.,,5.4,168,19.0,0.3,334,121.0,0.0,776.0,262.0,0,0,0.0,-1,1.0,0,47,0.0,0.0,0.0,0.0,0.0,796.0,264.0,0.0,0.0,796.0,264.0,795.0,264.0,793.0,264.0,796.0,264.0,,,,,,,,0.0,0.0,0.0,0.0,0.0,0.0,0.0,0.0,0.0,26,0,0,0,0,0,0,0,0,0,0,0,0,0,0,0,0,58,0.0,0.0,0.0,0.0,0.0,0.0,0.0,0.0,0.0,0,0,0,0
405,Nathan,Aké,Aké,a,,,5.3,187,23.0,0.6,239,89.0,0.2,379.0,139.0,0,0,0.0,-2,2.0,273,826,0.0,4.9,0.7,0.7,2.0,331.0,122.0,,,341.0,130.0,253.0,74.0,359.0,119.0,353.0,120.0,,,,,,,,0.05,0.08,0.13,1.46,0.0,0.37,1.3,0.74,6.87,26,0,0,0,0,0,0,0,0,0,0,0,0,0,0,0,377,1237,0.0,0.0,0.0,0.0,0.0,0.0,0.0,0.0,0.0,0,0,0,0
406,Abdukodir,Khusanov,Khusanov,a,,,5.4,185,22.0,0.4,292,109.0,3.2,98.0,36.0,1,0,0.0,-1,1.0,1421,1008,0.6,5.7,3.7,3.7,2.6,258.0,99.0,100.0,100.0,296.0,115.0,362.0,127.0,432.0,159.0,369.0,130.0,,,,,,,,0.04,0.01,0.05,1.35,0.0,0.37,0.85,0.97,8.4,26,1,30,0,0,0,0,0,0,0,0,0,0,0,0,6,2038,2022,0.0,0.0,0.0,0.0,0.6099999999999994,6.599999999999994,0.8000000000000043,0.0,0.6999999999999993,2,2,1,4
407,Matheus,Nunes,Matheus N.,a,,,5.4,175,21.0,3.2,101,38.0,5.2,24.0,5.0,4,0,0.0,-1,1.0,12148,8657,1.0,21.3,5.7,5.7,5.0,14.0,4.0,100.0,100.0,61.0,28.0,79.0,18.0,298.0,91.0,102.0,28.0,,,4.0,,,,,0.01,0.07,0.08,1.06,0.0,0.38,0.9,0.99,6.85,26,4,59,0,1,0,0,0,0,0,0,0,0,1,0,14,22539,14738,0.0,0.0,0.010000000000000009,0.010000000000000009,0.8099999999999987,5.399999999999977,15.599999999999966,2.0,2.3000000000000114,0,1,6,1
483,Miodrag,Pivaš,Pivas,a,,,3.8,809,258.0,0.4,286,107.0,0.0,408.0,163.0,0,0,0.0,-2,2.0,287,421,0.0,0.0,-0.5,0.0,0.0,529.0,196.0,,,519.0,196.0,508.0,196.0,473.0,188.0,522.0,196.0,,,,,,,,0.0,0.0,0.0,0.0,0.0,0.0,0.0,0.0,0.0,26,0,0,0,0,0,0,0,0,0,0,0,0,0,0,0,542,680,0.0,0.0,0.0,0.0,0.0,0.0,0.0,0.0,0.0,0,0,0,0
332,Saša,Lukić,Lukić,i,Hamstring injury - Unknown return date,,4.9,309,193.0,0.1,573,212.0,0.0,717.0,296.0,0,0,0.0,-1,1.0,6,85,0.0,10.2,0.0,0.0,2.6,253.0,105.0,0.0,0.0,220.0,97.0,63.0,50.0,213.0,116.0,147.0,80.0,1.0,,,,,,,0.13,0.1,0.23,1.37,0.0,0.3,1.27,1.12,9.46,26,0,0,0,0,0,0,0,0,0,0,0,0,0,0,0,8,143,0.0,0.0,0.0,0.0,0.0,0.0,0.0,0.0,0.0,0,0,0,0
333,Martial,Godo,Godo,u,has joined Strasbourg permanently.,,4.5,476,290.0,0.0,666,271.0,0.0,652.0,250.0,0,0,0.0,0,0.0,0,6,0.0,0.0,0.0,0.0,0.0,724.0,299.0,0.0,0.0,721.0,296.0,717.0,298.0,702.0,293.0,723.0,298.0,,,,,,,,0.0,0.0,0.0,0.0,0.0,0.0,0.0,0.0,0.0,26,0,0,0,0,0,0,0,0,0,0,0,0,0,0,0,0,12,0.0,0.0,0.0,0.0,0.0,0.0,0.0,0.0,0.0,0,0,0,0
334,Luke,Harris,Harris,u,Has joined Oxford United on loan for the rest of the season.,,4.5,456,273.0,0.0,808,359.0,0.0,636.0,236.0,0,0,0.0,0,0.0,0,2,0.0,0.0,0.0,0.0,0.0,711.0,288.0,0.0,0.0,706.0,283.0,703.0,286.0,686.0,279.0,708.0,285.0,,,,,,,,0.0,0.0,0.0,0.0,0.0,0.0,0.0,0.0,0.0,26,0,0,0,0,0,0,0,0,0,0,0,0,0,0,0,0,2,0.0,0.0,0.0,0.0,0.0,0.0,0.0,0.0,0.0,0,0,0,0
335,Josh,King,King,a,,,4.4,561,336.0,1.8,139,44.0,1.2,249.0,108.0,1,0,0.0,-1,1.0,3875,2529,0.3,8.4,1.2,0.7,1.8,359.0,158.0,100.0,100.0,331.0,151.0,232.0,145.0,120.0,70.0,274.0,136.0,,,,,,,,0.14,0.04,0.18,1.28,0.0,0.3,1.49,1.09,7.33,26,1,30,0,0,0,0,0,0,0,0,0,0,0,0,5,8107,6203,0.0,0.20999999999999996,0.0,0.20999999999999996,0.0,2.3999999999999915,0.6000000000000085,23.0,2.6000000000000014,1,0,2,3
1,David,Raya Martín,Raya,a,,,6.0,86,1.0,35.3,7,1.0,3.2,101.0,6.0,2,1,-1.0,5,-5.0,22536,20861,0.5,18.0,4.2,8.9,4.2,57.0,3.0,,,101.0,16.0,370.0,3.0,808.0,94.0,268.0,16.0,,,,,,,,0.0,0.0,0.0,0.7,1.42,0.5,0.69,1.0,0.0,26,2,90,0,0,0,1,0,0,0,0,0,2,1,0,11,106374,41084,0.0,0.0,0.0,0.0,1.3399999999999999,19.80000000000001,0.0,0.0,2.0,0,2,11,0
3,Karl,Hein,Hein,u,Has joined Werder Bremen on loan for the rest of the season.,,4.0,684,54.0,0.2,371,54.0,0.0,474.0,65.0,0,0,0.0,0,0.0,0,81,0.0,0.0,0.0,0.0,0.0,590.0,73.0,0.0,0.0,580.0,73.0,573.0,61.0,540.0,47.0,583.0,73.0,,,,,,,,0.0,0.0,0.0,0.0,0.0,0.0,0.0,0.0,0.0,26,0,0,0,0,0,0,0,0,0,0,0,0,0,0,0,0,239,0.0,0.0,0.0,0.0,0.0,0.0,0.0,0.0,0.0,0,0,0,0
4,Tommy,Setford,Setford,a,,,3.9,774,90.0,0.2,357,52.0,0.0,443.0,49.0,0,0,0.0,-1,1.0,157,241,0.0,0.0,1.0,2.5,0.0,562.0,58.0,,,552.0,58.0,542.0,43.0,507.0,29.0,555.0,58.0,,,,,,,,0.0,0.0,0.0,0.0,0.0,0.0,0.0,0.0,0.0,26,0,0,0,0,0,0,0,0,0,0,0,0,0,0,0,208,799,0.0,0.0,0.0,0.0,0.0,0.0,0.0,0.0,0.0,0,0,0,0
5,Gabriel,dos Santos Magalhães,Gabriel,a,,,7.1,33,1.0,43.1,4,1.0,3.6,77.0,27.0,3,0,0.0,11,-11.0,35274,16314,0.5,19.4,4.6,9.7,6.9,2.0,1.0,100.0,100.0,30.0,12.0,262.0,82.0,127.0,24.0,103.0,29.0,,,,,,,,0.1,0.05,0.15,0.61,0.0,0.63,0.58,1.0,9.13,26,3,90,0,0,0,1,0,0,0,1,0,0,1,0,14,155677,27799,0.0,0.1200000000000001,0.030000000000000027,0.1499999999999999,1.3399999999999999,43.200000000000045,6.400000000000006,8.0,5.800000000000011,4,14,4,18
6,William,Saliba,Saliba,a,,,6.1,84,4.0,14.4,24,9.0,2.8,138.0,47.0,0,0,0.0,1,-1.0,15399,20969,0.5,13.6,3.8,8.1,4.0,74.0,29.0,100.0,100.0,138.0,63.0,214.0,55.0,344.0,111.0,231.0,76.0,,,,,,,,0.02,0.03,0.05,0.63,0.0,0.53,0.63,1.05,6.09,26,0,0,0,0,0,0,0,0,0,0,0,0,0,0,0,79035,31030,0.0,0.0,0.0,0.0,0.0,0.0,0.0,0.0,0.0,0,0,0,0
168,Facundo,Buonanotte,Buonanotte,a,,,4.6,402,249.0,0.1,482,169.0,0.2,364.0,159.0,0,0,0.0,-4,4.0,247,231,0.0,0.4,0.2,-0.3,0.7,506.0,238.0,100.0,100.0,465.0,209.0,378.0,193.0,376.0,191.0,442.0,198.0,,,,,,,,0.05,0.13,0.18,2.43,0.0,0.0,2.61,1.3,6.52,26,0,0,0,0,0,0,0,0,0,0,0,0,0,0,0,479,417,0.0,0.0,0.0,0.0,0.0,0.0,0.0,0.0,0.0,0,0,0,0
340,Alex,Cairns,Cairns,a,,,3.9,743,73.0,0.2,414,61.0,0.0,418.0,32.0,0,0,0.0,-1,1.0,64,88,0.0,0.0,0.0,-0.5,0.0,539.0,41.0,,,529.0,41.0,519.0,26.0,484.0,12.0,532.0,41.0,,,,,,,,0.0,0.0,0.0,0.0,0.0,0.0,0.0,0.0,0.0,26,0,0,0,0,0,0,0,0,0,0,0,0,0,0,0,200,142,0.0,0.0,0.0,0.0,0.0,0.0,0.0,0.0,0.0,0,0,0,0
745,Jun'ai,Byfield,Byfield,a,,,4.0,731,208.0,0.0,628,224.0,0.2,354.0,130.0,0,0,0.0,0,0.0,53,81,0.0,0.2,-0.8,0.2,1.0,454.0,168.0,,,496.0,177.0,468.0,172.0,579.0,239.0,501.0,178.0,,,,,,,,0.0,0.0,0.0,0.0,0.0,0.0,0.0,0.0,0.0,26,0,0,0,0,0,0,0,0,0,0,0,0,0,0,0,100,108,0.0,0.0,0.0,0.0,0.0,0.0,0.0,0.0,0.0,0,0,0,0
791,Valentín,Castellanos,Taty,a,,,5.5,143,36.0,0.1,449,66.0,3.5,82.0,10.0,2,0,0.0,0,0.0,1108,655,0.6,3.1,3.5,3.0,2.8,232.0,25.0,,,384.0,40.0,334.0,38.0,140.0,34.0,328.0,38.0,,,,,,,,0.34,0.04,0.38,1.27,0.0,0.38,1.14,1.14,4.74,26,2,68,0,0,1,0,0,0,0,0,0,0,1,0,2,2457,2626,0.0,0.0,0.0,0.0,0.23999999999999932,1.999999999999993,0.5,2.0,0.5,1,2,0,3
802,Keiber,Lamadrid,Lamadrid,a,,,5.0,279,173.0,0.0,791,349.0,0.0,754.0,324.0,0,0,0.0,0,0.0,20,25,0.0,0.0,0.0,-0.5,0.0,789.0,347.0,,,788.0,346.0,787.0,347.0,783.0,345.0,789.0,347.0,,,,,,,,0.0,0.0,0.0,0.0,0.0,0.0,0.0,0.0,0.0,26,0,0,0,0,0,0,0,0,0,0,0,0,0,0,0,55,38,0.0,0.0,0.0,0.0,0.0,0.0,0.0,0.0,0.0,0,0,0,0
751,Yusuf,Akhamrich,Akhamrich,u,has joined Bristol Rovers on loan for the rest of the season.,,4.5,488,299.0,0.0,768,332.0,0.0,664.0,259.0,0,0,0.0,0,0.0,0,14,0.0,0.0,0.0,0.0,0.0,733.0,305.0,0.0,0.0,731.0,303.0,726.0,304.0,712.0,300.0,732.0,304.0,,,,,,,,0.0,0.0,0.0,0.0,0.0,0.0,0.0,0.0,0.0,26,0,0,0,0,0,0,0,0,0,0,0,0,0,0,0,0,19,0.0,0.0,0.0,0.0,0.0,0.0,0.0,0.0,0.0,0,0,0,0
790,Lucá,Williams-Barnett,Williams-Barnett,a,,,4.5,501,309.0,0.0,770,333.0,0.0,674.0,267.0,0,0,0.0,0,0.0,64,31,0.0,0.0,-1.0,0.0,0.0,742.0,312.0,,,741.0,311.0,736.0,312.0,722.0,308.0,742.0,312.0,,,,,,,,0.0,0.0,0.0,0.0,0.0,0.0,0.0,0.0,0.0,26,0,0,0,0,0,0,0,0,0,0,0,0,0,0,0,105,47,0.0,0.0,0.0,0.0,0.0,0.0,0.0,0.0,0.0,0,0,0,0
796,Conor,Gallagher,Gallagher,a,,,5.4,170,104.0,0.2,405,135.0,3.2,97.0,46.0,2,0,0.0,-1,1.0,752,1347,0.6,2.8,2.2,3.2,3.0,193.0,81.0,,,370.0,164.0,241.0,150.0,255.0,137.0,336.0,161.0,,,,,,,,0.12,0.1,0.22,2.13,0.0,0.0,1.97,1.09,9.61,26,2,69,0,0,0,2,0,0,0,0,0,0,1,0,10,1936,2521,0.0,0.0,0.030000000000000027,0.030000000000000027,2.460000000000001,7.6000000000000085,31.799999999999997,2.0,4.100000000000001,1,0,3,4
804,João Victor,de Souza Menezes,Souza,a,,,4.0,728,205.0,0.0,714,246.0,0.3,347.0,124.0,0,0,0.0,0,0.0,141,87,0.1,0.2,-0.7,0.3,1.0,453.0,167.0,,,464.0,169.0,414.0,151.0,576.0,236.0,468.0,168.0,,,,,,,,0.0,0.0,0.0,2.67,0.0,0.0,2.57,0.0,5.14,26,0,0,0,0,0,0,0,0,0,0,0,0,0,0,0,376,133,0.0,0.0,0.0,0.0,0.0,0.0,0.0,0.0,0.0,0,0,0,0
811,Rio,Kyerematen,Kyerematen,a,,,4.5,462,279.0,0.0,802,356.0,0.0,640.0,240.0,0,0,0.0,0,0.0,36,18,0.0,0.0,-1.0,0.0,0.0,715.0,292.0,,,710.0,287.0,707.0,290.0,690.0,283.0,712.0,289.0,,,,,,,,0.0,0.0,0.0,0.0,0.0,0.0,0.0,0.0,0.0,26,0,0,0,0,0,0,0,0,0,0,0,0,0,0,0,80,23,0.0,0.0,0.0,0.0,0.0,0.0,0.0,0.0,0.0,0,0,0,0
326,Adama,Traoré Diarra,Adama,a,,,5.1,225,139.0,0.2,407,137.0,0.5,330.0,145.0,1,0,0.0,-4,4.0,541,331,0.1,3.7,0.5,0.0,1.1,442.0,198.0,,,437.0,191.0,307.0,175.0,288.0,155.0,384.0,180.0,,,,,,,,0.11,0.18,0.29,1.94,0.0,0.0,2.98,0.33,4.63,26,1,1,0,0,0,1,0,0,0,0,0,0,0,0,3,849,515,0.0,0.15000000000000002,0.0,0.15000000000000002,0.17999999999999972,1.1999999999999993,0.29999999999999716,5.0,0.7000000000000011,0,0,0,0
600,Alphonse,Areola,Areola,a,,,4.3,571,27.0,2.2,125,17.0,1.0,263.0,22.0,0,0,0.0,-2,2.0,1726,3148,0.2,11.9,1.0,0.5,2.5,266.0,24.0,,,31.0,10.0,417.0,6.0,598.0,67.0,194.0,9.0,,,,,,,,0.0,0.0,0.0,1.76,3.85,0.0,1.85,1.0,0.0,26,0,0,0,0,0,0,0,0,0,0,0,0,0,0,0,3334,7685,0.0,0.0,0.0,0.0,0.0,0.0,0.0,0.0,0.0,0,0,0,0
601,Wes,Foderingham,Foderingham,u,has joined Aris Limassol permanently.,,4.0,660,42.0,0.2,352,51.0,0.0,453.0,54.0,0,0,0.0,0,0.0,0,128,0.0,0.0,0.0,0.0,0.0,571.0,63.0,0.0,0.0,561.0,63.0,552.0,49.0,518.0,35.0,564.0,63.0,,,,,,,,0.0,0.0,0.0,0.0,0.0,0.0,0.0,0.0,0.0,26,0,0,0,0,0,0,0,0,0,0,0,0,0,0,0,0,180,0.0,0.0,0.0,0.0,0.0,0.0,0.0,0.0,0.0,0,0,0,0
655,Fábio,Soares Silva,Fábio Silva,u,has joined Borussia Dortmund permanently.,,4.9,329,61.0,0.2,397,62.0,0.0,728.0,77.0,0,0,0.0,-1,1.0,0,40,0.0,0.0,0.0,0.0,0.0,772.0,85.0,0.0,0.0,771.0,85.0,768.0,84.0,762.0,84.0,772.0,85.0,,,,,,,,0.0,0.0,0.0,0.0,0.0,0.0,0.0,0.0,0.0,26,0,0,0,0,0,0,0,0,0,0,0,0,0,0,0,0,61,0.0,0.0,0.0,0.0,0.0,0.0,0.0,0.0,0.0,0,0,0,0
777,Temple,Ojinnaka,Ojinnaka,u,has joined Shrewsbury Town on loan for the rest of the season.,,4.5,455,272.0,0.0,796,352.0,0.0,635.0,235.0,0,0,0.0,0,0.0,0,11,0.0,0.0,0.0,0.0,0.0,710.0,287.0,0.0,0.0,705.0,282.0,702.0,285.0,685.0,278.0,707.0,284.0,,,,,,,,0.0,0.0,0.0,0.0,0.0,0.0,0.0,0.0,0.0,26,0,0,0,0,0,0,0,0,0,0,0,0,0,0,0,0,27,0.0,0.0,0.0,0.0,0.0,0.0,0.0,0.0,0.0,0,0,0,0
809,Jerome,Abbey,Abbey,a,,,4.5,515,319.0,0.0,772,334.0,0.0,688.0,277.0,0,0,0.0,0,0.0,112,40,0.0,0.0,-0.5,-2.0,0.0,752.0,320.0,,,751.0,319.0,746.0,320.0,733.0,317.0,752.0,320.0,,,,,,,,0.0,0.0,0.0,0.0,0.0,0.0,0.0,0.0,0.0,26,0,0,0,0,0,0,0,0,0,0,0,0,0,0,0,208,53,0.0,0.0,0.0,0.0,0.0,0.0,0.0,0.0,0.0,0,0,0,0
816,Angel,Gomes,Angel,a,,,5.0,249,151.0,0.0,650,261.0,1.7,224.0,96.0,3,0,0.0,0,0.0,109,212,0.3,1.0,1.2,1.4,2.5,269.0,113.0,,,419.0,185.0,355.0,187.0,398.0,198.0,420.0,192.0,,,,,,,,0.03,0.04,0.07,3.04,0.0,0.58,1.74,1.16,8.71,26,3,77,0,0,1,0,0,0,0,0,0,0,1,0,13,1517,267,0.0,0.05,0.010000000000000009,0.06,2.3700000000000006,16.4,11.400000000000002,10.0,3.8,2,2,1,5
817,Adam,Armstrong,Armstrong,a,,,5.5,138,35.0,0.1,492,70.0,2.0,193.0,25.0,2,0,0.0,0,0.0,273,871,0.4,1.1,1.5,2.0,3.0,194.0,19.0,,,426.0,49.0,363.0,46.0,420.0,59.0,429.0,53.0,,,,,,,,0.0,0.18,0.18,3.0,0.0,0.5,1.5,1.0,2.5,26,2,90,0,0,1,0,0,0,0,0,0,0,1,0,7,5212,1163,0.0,0.0,0.020000000000000018,0.020000000000000018,2.5500000000000003,13.0,21.599999999999998,2.0,3.7,0,3,2,5
