id,status,chance_of_playing_next_round,chance_of_playing_this_round,now_cost,now_cost_rank,now_cost_rank_type,cost_change_event,cost_change_event_fall,cost_change_start,cost_change_start_fall,selected_by_percent,selected_rank,selected_rank_type,total_points,event_points,points_per_game,points_per_game_rank,points_per_game_rank_type,bonus,bps,form,form_rank,form_rank_type,value_form,value_season,dreamteam_count,transfers_in,transfers_in_event,transfers_out,transfers_out_event,ep_next,ep_this,expected_goals,expected_assists,expected_goal_involvements,expected_goals_conceded,expected_goals_per_90,expected_assists_per_90,expected_goal_involvements_per_90,expected_goals_conceded_per_90,influence,influence_rank,influence_rank_type,creativity,creativity_rank,creativity_rank_type,threat,threat_rank,threat_rank_type,ict_index,ict_index_rank,ict_index_rank_type,corners_and_indirect_freekicks_order,direct_freekicks_order,penalties_order,gw,set_piece_threat,first_name,second_name,web_name,news,news_added,minutes,goals_scored,assists,clean_sheets,goals_conceded,own_goals,penalties_saved,penalties_missed,yellow_cards,red_cards,saves,starts,defensive_contribution,corners_and_indirect_freekicks_text,direct_freekicks_text,penalties_text,saves_per_90,clean_sheets_per_90,goals_conceded_per_90,starts_per_90,defensive_contribution_per_90,tackles,clearances_blocks_interceptions,recoveries
711,a,,,4.4,570,342.0,0,0.0,-1,1.0,0.0,701,293.0,0,0,0.0,684.0,267.0,0,0,0.0,603.0,213.0,0.0,0.0,0.0,1829,41,1698,30,1.0,2.5,0.0,0.0,0.0,0.0,0.0,0.0,0.0,0.0,0.0,678.0,261.0,0.0,673.0,265.0,0.0,653.0,257.0,0.0,681.0,264.0,,,,26,,Andre,Harriman-Annous,Harriman-Annous,,,0,0,0,0,0,0,0,0,0,0,0,0,0,,,,0.0,0.0,0.0,0.0,0.0,0,0,0
688,a,,,3.9,764,83.0,0,0.0,-1,1.0,0.6,240,32.0,0,0,0.0,552.0,51.0,0,0,0.0,433.0,42.0,0.0,0.0,0.0,60004,361,42963,435,0.0,0.0,0.0,0.0,0.0,0.0,0.0,0.0,0.0,0.0,0.0,542.0,51.0,0.0,532.0,36.0,0.0,497.0,22.0,0.0,545.0,51.0,,,,26,,James,Wright,Wright,,,0,0,0,0,0,0,0,0,0,0,0,0,0,,,,0.0,0.0,0.0,0.0,0.0,0,0,0
99,u,0.0,0.0,4.4,566,82.0,0,0.0,-1,1.0,0.1,431,63.0,0,0,0.0,683.0,75.0,0,0,0.0,601.0,65.0,0.0,0.0,0.0,22144,0,44170,55,0.0,0.0,0.0,0.0,0.0,0.0,0.0,0.0,0.0,0.0,0.0,676.0,75.0,0.0,672.0,74.0,0.0,651.0,74.0,0.0,679.0,75.0,,,,26,,Daniel,Adu-Adjei,Adu-Adjei,has joined HNK Rijeka permanently.,,0,0,0,0,0,0,0,0,0,0,0,0,0,,,,0.0,0.0,0.0,0.0,0.0,0,0,0
782,a,,,4.0,658,40.0,0,0.0,0,0.0,0.0,685,80.0,0,0,0.0,570.0,62.0,0,0,0.0,452.0,53.0,0.0,0.0,0.0,2120,153,590,85,0.0,0.0,0.0,0.0,0.0,0.0,0.0,0.0,0.0,0.0,0.0,560.0,62.0,0.0,550.0,47.0,0.0,516.0,33.0,0.0,563.0,62.0,,,,26,,Fraser,Forster,Forster,,,0,0,0,0,0,0,0,0,0,0,0,0,0,,,,0.0,0.0,0.0,0.0,0.0,0,0,0
176,u,0.0,0.0,4.5,465,282.0,0,0.0,0,0.0,0.0,686,282.0,0,0,0.0,717.0,294.0,0,0,0.0,642.0,242.0,0.0,0.0,0.0,1435,0,4583,7,0.0,0.0,0.0,0.0,0.0,0.0,0.0,0.0,0.0,0.0,0.0,712.0,289.0,0.0,709.0,292.0,0.0,692.0,285.0,0.0,714.0,291.0,,,,26,,Adrian,Mazilu,Mazilu,has joined Dinamo Bucharest permanently.,,0,0,0,0,0,0,0,0,0,0,0,0,0,,,,0.0,0.0,0.0,0.0,0.0,0,0,0
274,a,,,4.3,612,358.0,0,0.0,-2,2.0,0.1,496,175.0,0,0,0.0,653.0,249.0,0,0,0.0,561.0,188.0,0.0,0.0,0.0,10689,929,8616,277,0.5,0.5,0.0,0.0,0.0,0.0,0.0,0.0,0.0,0.0,0.0,643.0,239.0,0.0,640.0,245.0,0.0,615.0,233.0,0.0,646.0,242.0,,,,26,,Asher,Agbinone,Agbinone,,,0,0,0,0,0,0,0,0,0,0,0,0,0,,,,0.0,0.0,0.0,0.0,0.0,0,0,0
355,u,0.0,0.0,4.9,320,199.0,0,0.0,-1,1.0,0.0,633,249.0,0,0,0.0,766.0,329.0,0,0,0.0,720.0,299.0,0.0,0.0,0.0,1234,0,10100,3,0.0,0.0,0.0,0.0,0.0,0.0,0.0,0.0,0.0,0.0,0.0,765.0,328.0,0.0,762.0,329.0,0.0,756.0,327.0,0.0,766.0,329.0,,,,26,,Sam,Greenwood,Greenwood,has joined Pogon Szczecin permanently.,,0,0,0,0,0,0,0,0,0,0,0,0,0,,,,0.0,0.0,0.0,0.0,0.0,0,0,0
306,a,,,4.3,609,356.0,0,0.0,-2,2.0,0.1,486,170.0,0,0,0.0,651.0,247.0,0,0,0.0,558.0,186.0,0.0,0.0,0.0,12823,487,13503,235,-0.5,0.0,0.0,0.0,0.0,0.0,0.0,0.0,0.0,0.0,0.0,641.0,237.0,0.0,638.0,243.0,0.0,613.0,231.0,0.0,644.0,240.0,,,,26,,Callum,Bates,Bates,,,0,0,0,0,0,0,0,0,0,0,0,0,0,,,,0.0,0.0,0.0,0.0,0.0,0,0,0
760,a,,,4.0,706,185.0,0,0.0,0,0.0,0.0,703,241.0,0,0,0.0,607.0,225.0,0,0,0.0,492.0,197.0,0.0,0.0,0.0,921,36,707,57,0.5,0.5,0.0,0.0,0.0,0.0,0.0,0.0,0.0,0.0,0.0,597.0,225.0,0.0,590.0,225.0,0.0,557.0,219.0,0.0,600.0,225.0,,,,26,,Wellity,Lucky,Lucky,,,0,0,0,0,0,0,0,0,0,0,0,0,0,,,,0.0,0.0,0.0,0.0,0.0,0,0,0
770,a,,,4.5,503,311.0,0,0.0,0,0.0,0.0,778,338.0,0,0,0.0,744.0,314.0,0,0,0.0,676.0,269.0,0.0,0.0,0.0,522,23,271,21,0.0,-0.5,0.0,0.0,0.0,0.0,0.0,0.0,0.0,0.0,0.0,743.0,313.0,0.0,738.0,314.0,0.0,724.0,310.0,0.0,744.0,314.0,,,,26,,Seth,Ridgeon,Ridgeon,,,0,0,0,0,0,0,0,0,0,0,0,0,0,,,,0.0,0.0,0.0,0.0,0.0,0,0,0
339,a,,,4.1,653,37.0,-1,1.0,-4,4.0,0.3,301,40.0,0,0,0.0,631.0,86.0,0,0,0.0,519.0,78.0,0.0,0.0,0.0,12498,153,62366,220,0.0,-0.5,0.0,0.0,0.0,0.0,0.0,0.0,0.0,0.0,0.0,621.0,86.0,0.0,614.0,74.0,0.0,584.0,60.0,0.0,624.0,86.0,,,,26,,Illan,Meslier,Meslier,,,0,0,0,0,0,0,0,0,0,0,0,0,0,,,,0.0,0.0,0.0,0.0,0.0,0,0,0
769,a,,,4.5,481,293.0,0,0.0,0,0.0,0.0,781,341.0,1,0,1.0,476.0,215.0,0,3,0.0,657.0,253.0,0.0,0.2,0.0,387,20,240,14,0.5,0.5,0.0,0.01,0.01,0.05,0.0,0.06,0.06,0.3,2.2,481.0,222.0,11.7,408.0,203.0,0.0,707.0,296.0,1.4,472.0,216.0,,,,26,,Bendito,Mantato,Bendito Mantato,,,15,0,0,0,0,0,0,0,0,0,0,0,0,,,,0.0,0.0,0.0,0.0,0.0,0,0,0
373,a,,,5.9,90,5.0,0,0.0,-1,1.0,21.7,18,6.0,111,17,4.3,46.0,16.0,7,398,7.5,4.0,1.0,1.3,18.8,0.0,2825172,91597,3374904,8826,8.0,8.0,1.89,0.76,2.65,30.45,0.07,0.03,0.1,1.17,755.4,5.0,2.0,149.6,189.0,47.0,266.0,82.0,6.0,117.0,41.0,3.0,,,,26,,Virgil,van Dijk,Virgil,,,2340,2,0,8,35,0,0,0,4,0,0,26,276,,,,0.0,0.31,1.35,1.0,9.65,17,234,55
692,i,0.0,0.0,4.9,350,57.0,0,0.0,-1,1.0,0.0,709,245.0,0,0,0.0,778.0,261.0,0,0,0.0,739.0,256.0,0.0,0.0,0.0,1840,11,2485,12,0.0,0.0,0.0,0.0,0.0,0.0,0.0,0.0,0.0,0.0,0.0,777.0,261.0,0.0,774.0,261.0,0.0,769.0,261.0,0.0,778.0,261.0,,,,26,,Giovanni,Leoni,Leoni,Knee injury - Expected back 01 Sep,,0,0,0,0,0,0,0,0,0,0,0,0,0,,,,0.0,0.0,0.0,0.0,0.0,0,0,0
771,a,,,4.4,550,330.0,0,0.0,-1,1.0,0.0,735,309.0,1,0,1.0,465.0,205.0,0,3,0.2,361.0,157.0,0.0,0.2,0.0,1765,136,833,71,0.7,0.7,0.0,0.01,0.01,0.02,0.0,0.9,0.9,1.8,0.4,497.0,227.0,1.0,464.0,222.0,0.0,638.0,248.0,0.1,502.0,230.0,,,,26,,Tyler,Fletcher,Fletcher,,,1,0,0,0,0,0,0,0,0,0,0,0,0,,,,0.0,0.0,0.0,0.0,0.0,0,0,0
554,a,,,4.3,590,346.0,0,0.0,-2,2.0,0.3,297,103.0,0,0,0.0,642.0,240.0,0,0,0.0,545.0,176.0,0.0,0.0,0.0,80265,354,75771,443,0.0,-0.5,0.0,0.0,0.0,0.0,0.0,0.0,0.0,0.0,0.0,632.0,230.0,0.0,628.0,236.0,0.0,602.0,223.0,0.0,635.0,233.0,,,,26,,Abdoullah,Ba,Ba,,,0,0,0,0,0,0,0,0,0,0,0,0,0,,,,0.0,0.0,0.0,0.0,0.0,0,0,0
461,a,,,4.3,610,357.0,0,0.0,-2,2.0,0.0,608,235.0,0,0,0.0,652.0,248.0,0,0,0.0,559.0,187.0,0.0,0.0,0.0,3110,75,4690,45,0.5,0.5,0.0,0.0,0.0,0.0,0.0,0.0,0.0,0.0,0.0,642.0,238.0,0.0,639.0,244.0,0.0,614.0,232.0,0.0,645.0,241.0,,,,26,,Jayce,Fitzgerald,Fitzgerald,,,0,0,0,0,0,0,0,0,0,0,0,0,0,,,,0.0,0.0,0.0,0.0,0.0,0,0,0
617,u,0.0,0.0,4.9,289,179.0,0,0.0,-1,1.0,0.0,700,292.0,0,0,0.0,761.0,325.0,0,0,0.0,709.0,291.0,0.0,0.0,0.0,246,0,3212,5,0.0,0.0,0.0,0.0,0.0,0.0,0.0,0.0,0.0,0.0,0.0,760.0,324.0,0.0,757.0,325.0,0.0,750.0,323.0,0.0,761.0,325.0,,,,26,,Maxwel,Cornet,Cornet,has joined Genoa on loan for the rest of the season.,,0,0,0,0,0,0,0,0,0,0,0,0,0,,,,0.0,0.0,0.0,0.0,0.0,0,0,0
783,a,,,5.5,135,83.0,0,0.0,0,0.0,0.1,497,176.0,23,2,3.3,147.0,66.0,4,121,4.2,46.0,27.0,0.8,4.2,0.0,16949,682,6267,567,4.2,4.2,0.61,1.35,1.96,7.39,0.1,0.22,0.32,1.2,137.8,302.0,134.0,229.8,120.0,84.0,76.0,263.0,142.0,44.2,251.0,126.0,,,,26,,Pascal,Groß,Groß,,,556,1,0,1,5,0,0,0,2,0,0,6,55,,,,0.0,0.16,0.81,0.97,8.9,9,18,28
795,a,,,4.5,492,302.0,0,0.0,0,0.0,0.0,777,337.0,3,1,1.5,405.0,177.0,0,9,0.6,308.0,135.0,0.1,0.7,0.0,482,82,120,22,0.6,0.6,0.0,0.03,0.03,1.0,0.0,0.03,0.03,1.14,7.2,460.0,207.0,4.4,439.0,213.0,2.0,444.0,219.0,1.4,473.0,217.0,,,,26,,Harry,Howell,Howell,,,79,0,0,0,2,0,0,0,0,0,0,1,4,,,,0.0,0.0,2.28,1.14,4.56,0,2,2
639,u,0.0,0.0,4.0,712,190.0,0,0.0,0,0.0,0.0,759,259.0,0,0,0.0,612.0,229.0,0,0,0.0,498.0,202.0,0.0,0.0,0.0,0,0,869,4,0.0,0.0,0.0,0.0,0.0,0.0,0.0,0.0,0.0,0.0,0.0,602.0,229.0,0.0,595.0,229.0,0.0,563.0,224.0,0.0,605.0,229.0,,,,26,,Bastien,Meupiyou Menadjou,Meupiyou,On loan to FC Alverca,,0,0,0,0,0,0,0,0,0,0,0,0,0,,,,0.0,0.0,0.0,0.0,0.0,0,0,0
640,a,100.0,100.0,4.0,732,209.0,0,0.0,0,0.0,0.4,287,108.0,3,0,1.0,455.0,169.0,0,5,0.4,341.0,121.0,0.1,0.8,0.0,9516,93,88453,184,-0.1,-1.2,0.0,0.0,0.0,0.79,0.0,0.0,0.0,23.7,0.2,498.0,178.0,0.5,469.0,173.0,2.0,435.0,162.0,0.2,498.0,177.0,,,,26,,Pedro,Cardoso de Lima,Pedro Lima,,,3,0,0,0,1,0,0,0,0,0,0,0,0,,,,0.0,0.0,30.0,0.0,0.0,0,0,1
641,u,0.0,0.0,3.9,771,225.0,0,0.0,-1,1.0,1.0,188,71.0,0,0,0.0,559.0,203.0,0,0,0.0,440.0,172.0,0.0,0.0,0.0,85684,0,143653,1045,0.0,0.0,0.0,0.0,0.0,0.0,0.0,0.0,0.0,0.0,0.0,549.0,203.0,0.0,539.0,203.0,0.0,504.0,195.0,0.0,552.0,203.0,,,,26,,Alfie,Pond,Pond,has joined Crewe Alexandra on loan for the rest of the season.,,0,0,0,0,0,0,0,0,0,0,0,0,0,,,,0.0,0.0,0.0,0.0,0.0,0,0,0
642,i,0.0,0.0,5.6,125,77.0,0,0.0,-4,4.0,0.1,437,148.0,44,0,2.2,306.0,134.0,0,125,1.0,274.0,118.0,0.2,7.9,0.0,48349,15,55792,1292,0.0,0.0,2.1,0.92,3.02,17.67,0.17,0.07,0.24,1.39,132.2,308.0,140.0,152.8,188.0,126.0,145.0,172.0,98.0,42.4,260.0,129.0,,,3.0,26,,Hwang,Hee-chan,Hee Chan,Calf injury - Unknown return date,,1144,2,1,2,22,0,0,0,3,0,0,15,68,,,,0.0,0.16,1.73,1.18,5.35,8,22,38
643,a,100.0,75.0,5.2,216,134.0,-1,1.0,-3,3.0,0.1,534,193.0,53,0,2.3,294.0,128.0,1,281,0.8,297.0,129.0,0.2,10.2,0.0,12473,29,16853,189,0.3,-0.3,0.19,0.67,0.86,27.34,0.01,0.04,0.05,1.46,247.6,207.0,89.0,207.7,136.0,95.0,16.0,383.0,193.0,47.1,237.0,120.0,,,,26,,André,Trindade da Costa Neto,André,,,1682,0,0,1,33,0,0,0,8,0,0,18,235,,,,0.0,0.05,1.77,0.96,12.57,50,61,124
644,a,100.0,100.0,5.1,230,142.0,0,0.0,-4,4.0,0.0,598,227.0,27,0,1.6,388.0,171.0,0,123,0.4,345.0,153.0,0.1,5.3,0.0,4931,46,10718,113,-0.1,-1.2,0.82,0.61,1.43,13.51,0.1,0.08,0.18,1.67,118.0,319.0,143.0,112.4,219.0,140.0,99.0,232.0,128.0,32.5,305.0,151.0,3.0,4.0,,26,,Jean-Ricner,Bellegarde,Bellegarde,,,727,1,0,1,21,0,0,0,2,0,0,9,62,,,,0.0,0.12,2.6,1.11,7.68,19,21,22
647,u,0.0,0.0,5.5,140,86.0,0,0.0,0,0.0,0.0,789,347.0,0,0,0.0,803.0,357.0,0,0,0.0,785.0,346.0,0.0,0.0,0.0,0,0,796,0,0.0,0.0,0.0,0.0,0.0,0.0,0.0,0.0,0.0,0.0,0.0,803.0,357.0,0.0,802.0,357.0,0.0,800.0,356.0,0.0,803.0,357.0,,,,26,,Gonçalo Manuel,Ganchinho Guedes,Guedes,Has joined Real Sociedad permanently.,,0,0,0,0,0,0,0,0,0,0,0,0,0,,,,0.0,0.0,0.0,0.0,0.0,0,0,0
5,a,100.0,100.0,7.1,33,1.0,0,0.0,11,-11.0,43.1,4,1.0,138,3,6.9,2.0,1.0,18,463,3.6,77.0,27.0,0.5,19.4,0.0,7951525,35658,5031779,16515,4.6,9.7,1.84,0.87,2.71,11.68,0.1,0.05,0.15,0.61,570.6,30.0,12.0,87.7,262.0,82.0,192.0,127.0,24.0,84.9,103.0,29.0,,,,26,,Gabriel,dos Santos Magalhães,Gabriel,,,1715,3,2,12,11,0,0,0,2,0,0,19,189,,,,0.0,0.63,0.58,1.0,9.13,23,151,31
7,a,100.0,100.0,5.6,132,14.0,0,0.0,1,-1.0,6.5,56,18.0,85,1,4.5,33.0,12.0,4,309,1.6,227.0,83.0,0.3,15.2,0.0,2625341,3880,2387554,6557,2.6,5.7,2.77,0.39,3.16,7.41,0.19,0.03,0.22,0.5,228.4,222.0,86.0,108.0,226.0,59.0,230.0,99.0,12.0,56.6,201.0,66.0,,,,26,,Riccardo,Calafiori,Calafiori,,,1346,1,2,10,7,0,0,0,5,0,0,17,130,,,,0.0,0.67,0.47,1.14,6.08,30,61,59
14,u,0.0,0.0,3.9,779,229.0,0,0.0,-1,1.0,0.1,485,174.0,0,0,0.0,567.0,207.0,0,0,0.0,448.0,176.0,0.0,0.0,0.0,10218,0,22554,36,0.0,0.0,0.0,0.0,0.0,0.0,0.0,0.0,0.0,0.0,0.0,557.0,207.0,0.0,547.0,207.0,0.0,512.0,199.0,0.0,560.0,207.0,,,,26,,Maldini,Kacurri,Kacurri,has joined Morecambe on loan for the rest of the season.,,0,0,0,0,0,0,0,0,0,0,0,0,0,,,,0.0,0.0,0.0,0.0,0.0,0,0,0
16,a,100.0,50.0,9.8,6,4.0,-1,1.0,-2,2.0,7.7,52,19.0,102,1,4.6,30.0,16.0,10,396,0.6,311.0,138.0,0.1,10.4,0.0,3972737,2604,4971931,30920,1.6,1.9,5.58,5.11,10.69,10.54,0.32,0.29,0.61,0.61,421.4,77.0,25.0,628.4,11.0,11.0,566.0,17.0,7.0,161.7,11.0,9.0,2.0,,1.0,26,,Bukayo,Saka,Saka,,,1563,4,7,8,13,0,0,0,1,0,0,17,119,,,,0.0,0.46,0.75,0.98,6.85,26,12,81
20,a,100.0,75.0,6.8,45,27.0,0,0.0,-2,2.0,1.3,169,55.0,94,2,4.3,48.0,26.0,9,337,2.6,145.0,67.0,0.4,13.8,0.0,521525,1674,421985,8721,3.6,5.8,4.57,2.51,7.08,10.33,0.28,0.15,0.43,0.62,392.6,98.0,32.0,424.8,36.0,34.0,394.0,36.0,21.0,121.4,35.0,27.0,,,4.0,26,,Leandro,Trossard,Trossard,,,1495,5,5,8,12,0,0,0,1,0,0,16,95,,,,0.0,0.48,0.72,0.96,5.72,19,20,56
538,u,0.0,0.0,3.8,799,248.0,0,0.0,-2,2.0,0.2,362,131.0,0,0,0.0,524.0,191.0,0,0,0.0,401.0,156.0,0.0,0.0,0.0,23261,0,31955,279,0.0,0.0,0.0,0.0,0.0,0.0,0.0,0.0,0.0,0.0,0.0,514.0,191.0,0.0,501.0,189.0,0.0,465.0,180.0,0.0,517.0,191.0,,,,26,,Zak,Johnson,Johnson,has joined York City on loan for the rest of the season.,,0,0,0,0,0,0,0,0,0,0,0,0,0,,,,0.0,0.0,0.0,0.0,0.0,0,0,0
21,a,100.0,100.0,7.6,21,14.0,1,-1.0,11,-11.0,35.2,8,3.0,138,4,5.5,7.0,5.0,18,590,2.6,146.0,68.0,0.3,18.2,0.0,6698353,26126,3354270,99511,3.6,7.7,2.92,5.36,8.28,14.69,0.12,0.22,0.34,0.62,649.8,12.0,4.0,811.4,2.0,2.0,254.0,89.0,54.0,171.6,7.0,5.0,1.0,1.0,,26,,Declan,Rice,Rice,,,2145,4,7,12,17,0,0,0,2,0,0,24,260,,,,0.0,0.5,0.71,1.01,10.91,43,92,125
583,i,0.0,0.0,6.4,59,38.0,0,0.0,-1,1.0,0.0,718,301.0,0,0,0.0,811.0,363.0,0,0,0.0,805.0,359.0,0.0,0.0,0.0,925,10,2022,17,0.0,0.0,0.0,0.0,0.0,0.0,0.0,0.0,0.0,0.0,0.0,811.0,363.0,0.0,811.0,363.0,0.0,811.0,363.0,0.0,811.0,363.0,,,,26,,Dejan,Kulusevski,Kulusevski,Knee injury - Unknown return date,,0,0,0,0,0,0,0,0,0,0,0,0,0,,,,0.0,0.0,0.0,0.0,0.0,0,0,0
22,i,0.0,0.0,5.4,164,101.0,0,0.0,-6,6.0,0.9,198,66.0,66,0,3.1,176.0,77.0,5,238,1.4,242.0,106.0,0.3,12.2,0.0,835846,38,825007,6235,0.0,0.0,2.99,1.45,4.44,6.59,0.27,0.13,0.4,0.6,304.4,168.0,63.0,187.0,154.0,107.0,237.0,93.0,56.0,72.6,133.0,73.0,,,,26,,Mikel,Merino Zazón,Merino,Foot injury - Unknown return date,,996,4,3,4,9,0,0,0,1,0,0,10,111,,,,0.0,0.36,0.81,0.9,10.03,26,30,55
23,u,0.0,0.0,5.4,173,107.0,0,0.0,-1,1.0,0.0,681,279.0,0,0,0.0,798.0,353.0,0,0,0.0,778.0,340.0,0.0,0.0,0.0,933,0,4418,6,0.0,0.0,0.0,0.0,0.0,0.0,0.0,0.0,0.0,0.0,0.0,798.0,353.0,0.0,797.0,353.0,0.0,795.0,352.0,0.0,798.0,353.0,,,,26,,Fábio,Ferreira Vieira,Fábio Vieira,has joined Hamburger on loan for the rest of the season.,,0,0,0,0,0,0,0,0,0,0,0,0,0,,,,0.0,0.0,0.0,0.0,0.0,0,0,0
24,a,100.0,100.0,5.1,224,138.0,0,0.0,-4,4.0,0.1,434,147.0,4,0,1.0,493.0,229.0,0,14,0.2,373.0,165.0,0.0,0.8,0.0,7353,117,60683,136,1.2,2.9,0.05,0.0,0.05,2.18,0.14,0.0,0.14,6.13,15.6,448.0,200.0,0.4,475.0,230.0,7.0,417.0,203.0,2.4,462.0,209.0,,,,26,,Christian,Nørgaard,Nørgaard,,,32,0,0,0,1,0,0,0,0,0,0,0,9,,,,0.0,0.0,2.81,0.0,25.31,0,6,3
25,u,0.0,0.0,5.0,269,164.0,0,0.0,-5,5.0,0.1,448,154.0,8,0,1.3,428.0,193.0,0,20,0.0,749.0,320.0,0.0,1.6,0.0,13149,0,36619,129,0.0,0.0,0.23,0.08,0.31,0.73,0.13,0.04,0.17,0.4,8.6,457.0,205.0,22.5,383.0,196.0,24.0,361.0,188.0,5.4,438.0,196.0,,,,26,,Ethan,Nwaneri,Nwaneri,has joined Marseille on loan for the rest of the season.,,165,0,0,1,0,0,0,0,0,0,0,0,13,,,,0.0,0.55,0.0,0.0,7.09,2,1,10
26,a,100.0,100.0,5.3,201,125.0,0,0.0,-2,2.0,5.9,63,22.0,103,2,4.0,69.0,30.0,9,468,4.6,33.0,21.0,0.9,19.4,0.0,1261040,20099,820019,14658,5.6,11.7,2.56,1.75,4.31,16.99,0.11,0.07,0.18,0.7,495.2,55.0,15.0,306.8,80.0,60.0,232.0,96.0,59.0,103.6,54.0,37.0,,,,26,,Martín,Zubimendi Ibáñez,Zubimendi,,,2175,5,1,13,16,0,0,0,4,0,0,25,220,,,,0.0,0.54,0.66,1.03,9.1,43,91,86
28,u,0.0,0.0,4.5,486,297.0,0,0.0,0,0.0,0.1,481,168.0,0,0,0.0,731.0,303.0,0,0,0.0,662.0,257.0,0.0,0.0,0.0,6731,0,30172,29,0.0,0.0,0.0,0.0,0.0,0.0,0.0,0.0,0.0,0.0,0.0,729.0,301.0,0.0,724.0,302.0,0.0,710.0,298.0,0.0,730.0,302.0,,,,26,,Ismeal,Kabia,Kabia,has joined Shrewsbury Town on loan for the rest of the season.,,0,0,0,0,0,0,0,0,0,0,0,0,0,,,,0.0,0.0,0.0,0.0,0.0,0,0,0
29,u,0.0,0.0,4.5,429,256.0,0,0.0,0,0.0,0.0,584,219.0,0,0,0.0,695.0,273.0,0,0,0.0,618.0,220.0,0.0,0.0,0.0,2952,0,14031,8,0.0,0.0,0.0,0.0,0.0,0.0,0.0,0.0,0.0,0.0,0.0,689.0,267.0,0.0,686.0,271.0,0.0,668.0,264.0,0.0,692.0,270.0,,,,26,,Albert,Sambi Lokonga,Sambi,has joined Hamburger permanently.,,0,0,0,0,0,0,0,0,0,0,0,0,0,,,,0.0,0.0,0.0,0.0,0.0,0,0,0
30,d,50.0,100.0,7.3,25,10.0,0,0.0,-2,2.0,0.9,199,32.0,8,0,2.7,246.0,27.0,0,40,1.4,244.0,31.0,0.2,1.1,0.0,109607,1400,137130,14079,1.2,5.3,0.21,0.06,0.27,1.11,0.12,0.03,0.15,0.64,32.2,420.0,47.0,32.6,365.0,47.0,22.0,371.0,54.0,8.8,412.0,51.0,,,,26,,Kai,Havertz,Havertz,Muscle injury - 50% chance of playing,,156,0,1,2,0,0,0,0,0,0,0,2,10,,,,0.0,1.15,0.0,1.15,5.77,2,5,3
31,a,100.0,100.0,6.4,56,20.0,0,0.0,-1,1.0,0.7,221,36.0,17,0,1.7,376.0,44.0,0,69,1.4,243.0,30.0,0.2,2.7,0.0,142593,2665,73033,7160,2.4,5.3,1.75,0.18,1.93,3.39,0.56,0.06,0.62,1.09,100.6,338.0,33.0,23.2,381.0,48.0,203.0,111.0,29.0,32.5,306.0,35.0,,,,26,,Gabriel,Fernando de Jesus,G.Jesus,,,279,2,0,0,5,0,0,0,1,0,0,2,23,,,,0.0,0.0,1.61,0.65,7.42,4,4,15
266,a,,,7.2,30,18.0,0,0.0,-3,3.0,7.7,50,18.0,71,1,3.4,135.0,61.0,6,274,0.6,310.0,137.0,0.1,9.9,0.0,3259263,2214,3683304,11804,1.6,3.7,2.6,1.7,4.3,6.86,0.21,0.14,0.35,0.55,259.6,200.0,84.0,180.5,160.0,112.0,299.0,67.0,41.0,73.9,127.0,69.0,,,,26,,Eberechi,Eze,Eze,,,1123,4,3,6,7,0,0,0,1,0,0,13,74,,,,0.0,0.48,0.56,1.04,5.93,13,16,45
662,a,100.0,100.0,5.3,204,26.0,0,0.0,-2,2.0,0.1,429,159.0,21,4,1.9,346.0,129.0,1,99,0.8,299.0,107.0,0.2,4.0,0.0,44315,431,51283,159,1.8,4.1,0.0,0.44,0.44,4.02,0.0,0.08,0.08,0.7,116.4,320.0,121.0,26.0,377.0,135.0,8.0,410.0,154.0,15.0,381.0,136.0,,,,26,,Cristhian,Mosquera,Mosquera,,,519,0,0,1,5,0,0,0,1,0,0,5,61,,,,0.0,0.17,0.87,0.87,8.32,14,34,22
666,a,100.0,100.0,8.8,8,4.0,0,0.0,-2,2.0,13.2,29,5.0,76,1,3.2,165.0,16.0,8,273,4.2,47.0,6.0,0.5,8.6,0.0,3235268,13925,4637085,34067,5.2,10.9,7.88,1.28,9.16,11.17,0.45,0.07,0.52,0.64,304.2,169.0,14.0,167.3,177.0,14.0,540.0,20.0,12.0,100.4,64.0,12.0,,,2.0,26,,Viktor,Gyökeres,Gyökeres,,,1572,8,0,10,8,0,0,0,4,0,0,19,57,,,,0.0,0.57,0.46,1.09,3.26,5,17,35
700,i,0.0,0.0,4.2,648,367.0,0,0.0,-3,3.0,0.4,274,95.0,5,0,2.5,265.0,111.0,0,13,0.0,536.0,173.0,0.0,1.2,0.0,160904,4427,128612,1765,0.0,0.0,0.14,0.02,0.16,0.12,0.47,0.07,0.54,0.4,1.0,490.0,225.0,0.8,466.0,224.0,26.0,357.0,186.0,2.8,457.0,207.0,,,,26,,Max,Dowman,Dowman,Ankle injury - Unknown return date,,27,0,1,0,0,0,0,0,0,0,0,0,3,,,,0.0,0.0,0.0,0.0,10.0,2,0,1
33,s,0.0,,4.2,626,32.0,0,0.0,-3,3.0,0.4,279,36.0,11,0,2.2,301.0,27.0,0,51,0.0,525.0,81.0,0.0,2.6,0.0,83359,115,113227,435,0.0,0.0,0.0,0.0,0.0,8.53,0.0,0.0,0.0,1.9,92.8,348.0,28.0,0.0,617.0,77.0,0.0,588.0,63.0,9.3,409.0,28.0,,,,26,,Marco,Bizot,M.Bizot,Suspended until 27 Feb,,405,0,0,1,8,0,0,0,2,0,13,4,23,,,,2.89,0.22,1.78,0.89,0.0,0,6,41
34,u,0.0,0.0,4.0,683,53.0,0,0.0,0,0.0,0.1,489,74.0,0,0,0.0,589.0,72.0,0,0,0.0,473.0,64.0,0.0,0.0,0.0,0,0,17157,50,0.0,0.0,0.0,0.0,0.0,0.0,0.0,0.0,0.0,0.0,0.0,579.0,72.0,0.0,572.0,60.0,0.0,539.0,46.0,0.0,582.0,72.0,,,,26,,Joe,Gauci,Gauci,Has joined Port Vale on loan for the rest of the season.,,0,0,0,0,0,0,0,0,0,0,0,0,0,,,,0.0,0.0,0.0,0.0,0.0,0,0,0
36,d,75.0,100.0,4.9,300,46.0,0,0.0,4,-4.0,11.3,32,12.0,99,0,4.1,58.0,23.0,6,367,2.5,154.0,54.0,0.5,20.2,0.0,2713550,14569,1671401,67196,1.9,2.5,1.02,2.25,3.27,31.87,0.04,0.1,0.14,1.35,490.2,57.0,26.0,359.5,54.0,9.0,183.0,133.0,26.0,103.3,55.0,8.0,1.0,,,26,,Matty,Cash,Cash,Knee injury - 75% chance of playing,,2131,3,2,7,22,0,0,0,5,0,0,24,158,,,,0.0,0.3,0.93,1.01,5.7,42,93,63
37,a,100.0,100.0,4.5,408,72.0,0,0.0,0,0.0,1.6,151,60.0,72,0,3.1,169.0,67.0,4,282,1.8,206.0,78.0,0.4,16.0,0.0,300851,3122,339202,3015,1.8,1.8,0.54,2.21,2.75,20.25,0.04,0.15,0.19,1.39,278.2,188.0,77.0,302.6,85.0,20.0,108.0,220.0,57.0,68.7,148.0,48.0,2.0,2.0,,26,,Lucas,Digne,Digne,,,1309,0,4,6,13,0,0,0,3,0,0,15,102,,,,0.0,0.41,0.89,1.03,5.36,26,52,52
38,a,100.0,100.0,4.4,525,105.0,0,0.0,-1,1.0,7.7,51,17.0,80,6,3.2,153.0,58.0,3,402,4.0,50.0,15.0,0.9,18.2,0.0,617309,20811,1944509,4414,4.0,4.0,0.88,0.51,1.39,34.95,0.04,0.02,0.06,1.41,436.0,71.0,31.0,84.6,268.0,85.0,94.0,239.0,64.0,61.9,179.0,57.0,,,,26,,Ezri,Konsa Ngoyo,Konsa,,,2225,0,0,8,26,0,0,0,0,1,0,25,171,,,,0.0,0.32,1.05,1.01,5.82,16,128,77
39,a,,,4.2,636,149.0,0,0.0,-3,3.0,0.6,243,91.0,36,8,1.8,355.0,131.0,0,187,4.0,49.0,14.0,1.0,8.6,0.0,67941,3662,98762,722,4.0,4.0,0.85,1.72,2.57,16.44,0.07,0.15,0.22,1.42,218.4,233.0,91.0,257.6,106.0,28.0,159.0,155.0,32.0,63.7,169.0,55.0,5.0,,,26,,Ian,Maatsen,Maatsen,,,1043,0,0,2,14,0,0,0,2,0,0,11,98,,,,0.0,0.17,1.21,0.95,7.42,32,54,64
40,a,100.0,100.0,4.3,577,126.0,0,0.0,-2,2.0,0.6,236,88.0,39,12,3.9,80.0,30.0,4,136,3.8,66.0,23.0,0.9,9.1,0.0,133727,5711,190343,394,3.8,3.8,0.56,0.1,0.66,11.47,0.07,0.01,0.08,1.49,159.8,283.0,110.0,46.3,341.0,117.0,44.0,318.0,102.0,25.0,338.0,116.0,,,,26,,Tyrone,Mings,Mings,,,692,0,1,3,7,0,0,0,0,0,0,8,73,,,,0.0,0.39,0.91,1.04,7.41,3,54,21
41,a,100.0,100.0,4.3,585,131.0,0,0.0,-2,2.0,0.3,308,113.0,49,0,3.3,138.0,51.0,2,216,2.0,182.0,65.0,0.5,11.4,0.0,69517,488,93254,656,2.0,2.0,0.59,0.33,0.92,17.12,0.04,0.02,0.06,1.28,235.8,217.0,83.0,36.3,358.0,125.0,51.0,308.0,98.0,32.5,304.0,102.0,,,,26,,Pau,Torres,Pau,,,1206,0,1,4,13,1,0,0,0,0,0,13,114,,,,0.0,0.3,0.97,0.97,6.49,17,70,63
42,a,100.0,0.0,3.9,780,230.0,0,0.0,-1,1.0,0.2,377,137.0,1,0,0.5,508.0,176.0,0,-3,0.0,449.0,177.0,0.0,0.3,0.0,27446,16,40106,295,0.0,0.0,0.0,0.01,0.01,1.52,0.0,0.03,0.03,4.56,0.6,494.0,176.0,1.5,455.0,166.0,0.0,513.0,200.0,0.2,497.0,176.0,,,,26,,Andrés,García,A.García,,,30,0,0,0,2,0,0,0,0,0,0,0,0,,,,0.0,0.0,6.0,0.0,0.0,0,0,2
44,a,100.0,100.0,4.0,701,182.0,0,0.0,0,0.0,0.5,253,94.0,32,7,1.5,400.0,145.0,4,107,2.5,148.0,50.0,0.6,8.0,0.0,102343,1169,86674,547,2.5,2.5,0.0,0.16,0.16,9.46,0.0,0.02,0.02,1.29,91.4,350.0,133.0,45.2,343.0,119.0,10.0,394.0,142.0,14.6,383.0,137.0,,,,26,,Lamare,Bogarde,Bogarde,,,659,0,0,2,8,0,0,0,5,0,0,7,48,,,,0.0,0.27,1.09,0.96,5.33,16,23,22
45,u,0.0,0.0,3.8,798,247.0,0,0.0,-2,2.0,0.3,325,119.0,0,0,0.0,523.0,190.0,0,0,0.0,400.0,155.0,0.0,0.0,0.0,22076,0,35535,658,0.0,0.0,0.0,0.0,0.0,0.0,0.0,0.0,0.0,0.0,0.0,513.0,190.0,0.0,500.0,188.0,0.0,464.0,179.0,0.0,516.0,190.0,,,,26,,Lino,da Cruz Sousa,Sousa,has joined Rotherham on loan for the rest of the season.,,0,0,0,0,0,0,0,0,0,0,0,0,0,,,,0.0,0.0,0.0,0.0,0.0,0,0,0
46,u,0.0,0.0,4.0,717,195.0,0,0.0,0,0.0,0.1,460,168.0,0,0,0.0,616.0,233.0,0,0,0.0,503.0,207.0,0.0,0.0,0.0,4656,0,20825,36,0.0,0.0,0.0,0.0,0.0,0.0,0.0,0.0,0.0,0.0,0.0,606.0,233.0,0.0,599.0,233.0,0.0,567.0,228.0,0.0,609.0,233.0,,,,26,,Yasin,Özcan,Yasin,has joined Anderlecht on loan for the rest of the season.,,0,0,0,0,0,0,0,0,0,0,0,0,0,,,,0.0,0.0,0.0,0.0,0.0,0,0,0
47,a,100.0,100.0,7.6,22,15.0,0,0.0,6,-6.0,30.6,11,4.0,125,2,4.8,21.0,10.0,13,433,5.5,19.0,13.0,0.7,16.4,0.0,5578992,79347,2814933,47589,5.5,5.5,4.86,2.9,7.76,35.78,0.19,0.11,0.3,1.39,562.0,32.0,8.0,492.5,23.0,22.0,644.0,8.0,3.0,169.8,8.0,6.0,,,,26,,Morgan,Rogers,Rogers,,,2317,8,5,8,27,0,0,0,5,0,0,26,158,,,,0.0,0.31,1.05,1.01,6.14,29,37,92
48,i,0.0,0.0,5.9,92,58.0,0,0.0,-1,1.0,0.7,224,78.0,52,0,3.1,178.0,78.0,3,289,0.8,305.0,133.0,0.1,8.8,0.0,158125,36,342224,2724,0.0,0.0,0.97,2.53,3.5,23.03,0.07,0.18,0.25,1.6,317.2,154.0,55.0,401.3,41.0,39.0,147.0,170.0,96.0,86.6,95.0,56.0,3.0,,,26,,Youri,Tielemans,Tielemans,Ankle injury - Expected back 11 Apr,,1295,0,4,4,17,0,0,0,0,0,0,15,138,,,,0.0,0.28,1.18,1.04,9.59,38,33,67
50,a,100.0,100.0,5.3,190,117.0,0,0.0,-2,2.0,0.5,254,87.0,75,1,3.1,175.0,76.0,8,260,3.8,71.0,35.0,0.7,14.2,0.0,210333,2900,167936,2617,3.8,3.8,2.57,1.43,4.0,17.76,0.2,0.11,0.31,1.39,324.8,144.0,50.0,280.2,89.0,66.0,295.0,68.0,42.0,90.0,85.0,51.0,,6.0,2.0,26,,Emiliano,Buendía Stati,Buendía,,,1150,5,2,3,11,0,0,0,3,0,0,14,133,,,,0.0,0.23,0.86,1.1,10.41,33,23,77
53,u,0.0,0.0,5.1,227,140.0,0,0.0,-4,4.0,0.4,271,94.0,55,0,2.6,256.0,108.0,3,161,0.0,759.0,328.0,0.0,10.8,0.0,172896,0,336585,842,0.0,0.0,4.03,0.35,4.38,10.59,0.57,0.05,0.62,1.49,183.4,261.0,110.0,99.7,245.0,152.0,290.0,69.0,43.0,56.3,202.0,103.0,,,,26,,Donyell,Malen,Malen,has joined Roma on loan for the rest of the season.,,640,4,2,1,10,0,0,0,0,0,0,5,16,,,,0.0,0.14,1.41,0.7,2.25,4,2,10
55,a,100.0,100.0,4.8,352,220.0,0,0.0,-2,2.0,0.0,618,239.0,17,1,1.9,343.0,151.0,0,66,0.5,326.0,143.0,0.1,3.5,0.0,5030,149,11967,48,0.5,0.5,0.47,0.18,0.65,2.17,0.27,0.1,0.37,1.24,62.4,388.0,170.0,45.1,344.0,185.0,58.0,297.0,158.0,16.5,372.0,175.0,,,,26,,Ross,Barkley,Barkley,,,157,1,1,0,0,0,0,0,0,0,0,0,21,,,,0.0,0.0,0.0,0.0,12.04,4,6,11
56,u,0.0,0.0,5.0,267,162.0,0,0.0,0,0.0,0.0,817,367.0,0,0,0.0,785.0,344.0,0,0,0.0,748.0,319.0,0.0,0.0,0.0,0,0,35,1,0.0,0.0,0.0,0.0,0.0,0.0,0.0,0.0,0.0,0.0,0.0,784.0,343.0,0.0,783.0,344.0,0.0,779.0,342.0,0.0,785.0,344.0,,,,26,,Enzo,Barrenechea,Barrenechea,Season-long loan to Benfica,,0,0,0,0,0,0,0,0,0,0,0,0,0,,,,0.0,0.0,0.0,0.0,0.0,0,0,0
63,u,0.0,0.0,4.3,606,353.0,0,0.0,-2,2.0,0.6,242,84.0,0,0,0.0,649.0,245.0,0,0,0.0,555.0,183.0,0.0,0.0,0.0,102090,0,121161,1860,0.0,0.0,0.0,0.0,0.0,0.0,0.0,0.0,0.0,0.0,0.0,639.0,235.0,0.0,636.0,241.0,0.0,611.0,229.0,0.0,642.0,238.0,,,,26,,Kadan,Young,Young,has joined Reading on loan for the rest of the season.,,0,0,0,0,0,0,0,0,0,0,0,0,0,,,,0.0,0.0,0.0,0.0,0.0,0,0,0
64,a,100.0,100.0,8.6,9,5.0,-1,1.0,-4,4.0,9.0,41,7.0,95,2,3.8,92.0,7.0,11,338,3.0,119.0,15.0,0.3,11.0,0.0,2127171,15915,4062470,27266,3.0,3.0,9.47,0.96,10.43,29.88,0.45,0.05,0.5,1.42,376.0,104.0,9.0,199.4,144.0,9.0,710.0,4.0,3.0,127.9,28.0,6.0,,,3.0,26,,Ollie,Watkins,Watkins,,,1899,8,2,8,23,0,0,0,1,0,0,22,65,,,,0.0,0.38,1.09,1.04,3.08,15,14,36
65,u,0.0,0.0,4.5,483,69.0,0,0.0,0,0.0,0.3,323,53.0,0,0,0.0,729.0,78.0,0,0,0.0,659.0,68.0,0.0,0.0,0.0,17574,0,84686,96,0.0,0.0,0.0,0.0,0.0,0.0,0.0,0.0,0.0,0.0,0.0,726.0,78.0,0.0,722.0,77.0,0.0,708.0,77.0,0.0,728.0,78.0,,,,26,,Zépiqueno,Redmond,Redmond,has joined Huddersfield Town on loan for the rest of the season.,,0,0,0,0,0,0,0,0,0,0,0,0,0,,,,0.0,0.0,0.0,0.0,0.0,0,0,0
389,a,100.0,100.0,5.1,235,144.0,0,0.0,-4,4.0,0.2,390,129.0,5,0,1.0,494.0,230.0,0,17,0.2,376.0,166.0,0.0,1.0,0.0,94006,259,102101,242,0.2,0.2,0.29,0.08,0.37,1.74,0.24,0.07,0.31,1.42,11.8,449.0,201.0,31.7,368.0,189.0,31.0,346.0,182.0,7.4,426.0,194.0,,,,26,,Harvey,Elliott,Elliott,,,110,0,0,0,2,0,0,0,0,0,0,1,6,,,,0.0,0.0,1.64,0.82,4.91,0,2,4
456,a,100.0,100.0,5.8,107,68.0,0,0.0,-2,2.0,0.2,348,117.0,23,1,1.5,414.0,185.0,0,89,2.2,176.0,78.0,0.4,4.0,0.0,46322,1306,46025,623,2.2,2.2,0.58,1.24,1.82,8.21,0.09,0.2,0.29,1.29,81.8,361.0,161.0,178.6,164.0,116.0,152.0,163.0,92.0,41.5,266.0,133.0,,,,26,,Jadon,Sancho,Sancho,,,571,0,1,1,4,0,0,0,0,0,0,6,29,,,,0.0,0.16,0.63,0.95,4.57,4,11,14
702,a,,,4.4,569,341.0,0,0.0,-1,1.0,0.1,535,194.0,1,0,1.0,470.0,210.0,0,3,0.0,602.0,212.0,0.0,0.2,0.0,9618,117,8699,63,0.0,0.0,0.0,0.0,0.0,0.9,0.0,0.0,0.0,5.06,0.0,677.0,260.0,0.3,478.0,232.0,0.0,652.0,256.0,0.0,680.0,263.0,,,,26,,Bradley,Burrowes,Burrowes,,,16,0,0,0,1,0,0,0,0,0,0,0,1,,,,0.0,0.0,5.62,0.0,5.62,0,0,1
703,a,,,3.9,775,91.0,0,0.0,-1,1.0,0.6,235,30.0,0,0,0.0,563.0,59.0,0,0,0.0,444.0,50.0,0.0,0.0,0.0,86475,1055,38851,876,0.0,0.0,0.0,0.0,0.0,0.0,0.0,0.0,0.0,0.0,0.0,553.0,59.0,0.0,543.0,44.0,0.0,508.0,30.0,0.0,556.0,59.0,,,,26,,Sam,Proctor,Proctor,,,0,0,0,0,0,0,0,0,0,0,0,0,0,,,,0.0,0.0,0.0,0.0,0.0,0,0,0
710,a,,,3.9,772,226.0,0,0.0,-1,1.0,0.2,382,141.0,0,0,0.0,560.0,204.0,0,0,0.0,441.0,173.0,0.0,0.0,0.0,32865,138,22138,214,0.0,0.0,0.0,0.0,0.0,0.0,0.0,0.0,0.0,0.0,0.0,550.0,204.0,0.0,540.0,204.0,0.0,505.0,196.0,0.0,553.0,204.0,,,,26,,Travis,Patterson,Patterson,,,0,0,0,0,0,0,0,0,0,0,0,0,0,,,,0.0,0.0,0.0,0.0,0.0,0,0,0
719,a,100.0,100.0,4.5,415,76.0,0,0.0,0,0.0,0.1,469,170.0,22,1,1.8,360.0,133.0,0,94,0.5,319.0,116.0,0.1,4.9,0.0,19810,295,12405,377,0.5,0.5,0.03,0.07,0.1,10.75,0.0,0.01,0.01,1.69,123.8,314.0,118.0,27.5,374.0,133.0,8.0,406.0,153.0,16.0,373.0,131.0,,,,26,,Victor,Lindelöf,Lindelöf,,,572,0,1,1,9,0,0,0,0,0,0,6,36,,,,0.0,0.16,1.42,0.94,5.66,4,32,13
754,a,,,4.5,484,295.0,0,0.0,0,0.0,0.0,753,320.0,2,0,1.0,478.0,217.0,0,5,0.0,660.0,255.0,0.0,0.4,0.0,950,56,566,37,0.0,0.0,0.04,0.01,0.05,0.61,0.14,0.04,0.18,2.2,0.0,727.0,299.0,1.7,454.0,218.0,2.0,443.0,218.0,0.3,493.0,227.0,,,,26,,George,Hemmings,George Hemmings,,,25,0,0,0,0,0,0,0,0,0,0,0,1,,,,0.0,0.0,0.0,0.0,3.6,0,0,1
792,a,100.0,25.0,5.0,283,176.0,0,0.0,0,0.0,0.0,809,360.0,1,1,1.0,492.0,228.0,0,4,0.2,372.0,164.0,0.0,0.2,0.0,162,37,120,9,0.2,0.1,0.0,0.01,0.01,0.11,0.0,0.06,0.06,0.62,0.0,791.0,348.0,0.5,471.0,227.0,4.0,430.0,213.0,0.5,484.0,222.0,,,,26,,Alysson Edward Franco,da Rocha dos Santos,Alysson,,,16,0,0,0,0,0,0,0,0,0,0,0,1,,,,0.0,0.0,0.0,0.0,5.62,0,0,1
808,a,,,6.0,87,27.0,0,0.0,0,0.0,0.2,347,58.0,4,1,1.3,432.0,53.0,0,12,1.3,245.0,32.0,0.2,0.7,0.0,49092,3212,19971,3173,1.3,1.3,0.64,0.08,0.72,0.84,0.53,0.07,0.6,0.69,9.2,456.0,54.0,14.2,400.0,53.0,43.0,324.0,51.0,6.6,431.0,54.0,,,,26,,Tammy,Abraham,Abraham,,,109,0,0,0,1,0,0,0,0,0,0,1,4,,,,0.0,0.0,0.83,0.83,3.3,1,1,2
183,a,,,4.3,603,30.0,0,0.0,-2,2.0,0.1,451,66.0,0,0,0.0,647.0,90.0,0,0,0.0,553.0,85.0,0.0,0.0,0.0,7057,131,16702,130,-1.0,-0.5,0.0,0.0,0.0,0.0,0.0,0.0,0.0,0.0,0.0,637.0,90.0,0.0,634.0,82.0,0.0,609.0,70.0,0.0,640.0,90.0,,,,26,,Max,Weiß,Weiss,,,0,0,0,0,0,0,0,0,0,0,0,0,0,,,,0.0,0.0,0.0,0.0,0.0,0,0,0
184,u,0.0,0.0,4.0,690,57.0,0,0.0,0,0.0,0.2,401,59.0,0,0,0.0,594.0,76.0,0,0,0.0,478.0,68.0,0.0,0.0,0.0,4943,0,33586,81,0.0,0.0,0.0,0.0,0.0,0.0,0.0,0.0,0.0,0.0,0.0,584.0,76.0,0.0,577.0,64.0,0.0,544.0,50.0,0.0,587.0,76.0,,,,26,,Etienne,Green,Green,has joined FC Fredericia permanently.,,0,0,0,0,0,0,0,0,0,0,0,0,0,,,,0.0,0.0,0.0,0.0,0.0,0,0,0
185,a,,,3.9,737,67.0,0,0.0,-1,1.0,0.2,402,60.0,0,0,0.0,534.0,36.0,0,0,0.0,413.0,27.0,0.0,0.0,0.0,14467,73,19654,93,-1.0,-0.5,0.0,0.0,0.0,0.0,0.0,0.0,0.0,0.0,0.0,524.0,36.0,0.0,513.0,20.0,0.0,478.0,6.0,0.0,527.0,36.0,,,,26,,Václav,Hladký,Hladký,,,0,0,0,0,0,0,0,0,0,0,0,0,0,,,,0.0,0.0,0.0,0.0,0.0,0,0,0
186,i,0.0,0.0,4.4,524,104.0,0,0.0,-1,1.0,0.0,651,228.0,0,0,0.0,663.0,251.0,0,0,0.0,574.0,236.0,0.0,0.0,0.0,1491,24,9052,20,0.0,0.0,0.0,0.0,0.0,0.0,0.0,0.0,0.0,0.0,0.0,653.0,251.0,0.0,650.0,251.0,0.0,627.0,250.0,0.0,656.0,251.0,,,,26,,Connor,Roberts,Roberts,Achilles injury - Unknown return date,,0,0,0,0,0,0,0,0,0,0,0,0,0,,,,0.0,0.0,0.0,0.0,0.0,0,0,0
196,u,0.0,0.0,4.0,679,170.0,0,0.0,0,0.0,0.0,617,220.0,0,0,0.0,586.0,216.0,0,0,0.0,470.0,187.0,0.0,0.0,0.0,202,0,9626,13,0.0,0.0,0.0,0.0,0.0,0.0,0.0,0.0,0.0,0.0,0.0,576.0,216.0,0.0,569.0,216.0,0.0,536.0,210.0,0.0,579.0,216.0,,,,26,,Shurandy,Sambo,Sambo,has joined Sparta Rotterdam on loan for the rest of the season.,,0,0,0,0,0,0,0,0,0,0,0,0,0,,,,0.0,0.0,0.0,0.0,0.0,0,0,0
197,u,0.0,0.0,3.8,801,250.0,0,0.0,-2,2.0,0.2,358,128.0,13,0,1.9,336.0,124.0,0,20,0.0,403.0,158.0,0.0,3.4,0.0,34622,0,29903,729,0.0,0.0,0.55,0.08,0.63,3.79,0.3,0.04,0.34,2.08,44.8,405.0,152.0,18.1,391.0,141.0,30.0,348.0,113.0,9.2,410.0,147.0,,,,26,,Oliver,Sonne,Sonne,has joined Sparta Prague on loan for the rest of the season.,,164,1,0,0,4,0,0,0,0,0,0,1,10,,,,0.0,0.0,2.2,0.55,3.84,2,5,4
198,d,25.0,25.0,3.9,748,214.0,0,0.0,-1,1.0,1.0,190,73.0,27,0,2.5,261.0,100.0,0,81,1.2,247.0,89.0,0.3,6.9,0.0,137095,23,286736,1576,0.0,0.2,0.61,0.11,0.72,24.88,0.06,0.01,0.07,2.41,225.2,224.0,87.0,9.8,424.0,152.0,52.0,306.0,96.0,28.9,324.0,112.0,,,,26,,Axel,Tuanzebe,Tuanzebe,Achilles injury - 25% chance of playing,,931,1,0,1,22,1,0,0,1,0,0,11,106,,,,0.0,0.1,2.13,1.06,9.38,12,85,29
206,a,,,4.7,381,238.0,0,0.0,-3,3.0,0.1,428,144.0,41,5,2.6,250.0,102.0,2,149,2.8,125.0,57.0,0.6,8.7,0.0,24093,1180,20094,457,1.8,2.3,1.23,1.64,2.87,15.72,0.14,0.19,0.33,1.82,162.8,277.0,120.0,238.8,115.0,80.0,172.0,142.0,81.0,57.3,197.0,102.0,,3.0,,26,,Marcus,Edwards,Edwards,,,777,1,3,1,14,0,0,0,0,0,0,8,43,,,,0.0,0.12,1.62,0.93,4.98,7,5,31
207,a,100.0,100.0,4.7,389,242.0,0,0.0,-3,3.0,0.1,467,161.0,36,10,2.0,326.0,142.0,2,148,3.2,93.0,43.0,0.7,7.7,0.0,15154,811,23682,110,2.2,2.7,0.4,1.04,1.44,15.78,0.06,0.15,0.21,2.25,124.0,313.0,142.0,170.0,172.0,117.0,56.0,300.0,159.0,35.0,292.0,144.0,,4.0,,26,,Hannibal,Mejbri,Hannibal,,,630,1,2,1,16,0,0,0,5,0,0,7,59,,,,0.0,0.14,2.29,1.0,8.43,14,7,38
209,a,,,4.8,353,221.0,0,0.0,-2,2.0,0.0,612,236.0,45,2,2.0,327.0,143.0,1,192,0.8,289.0,123.0,0.2,9.4,0.0,5648,56,5975,78,-0.2,0.3,0.53,0.3,0.83,27.93,0.04,0.02,0.06,2.0,238.4,213.0,93.0,104.6,238.0,148.0,75.0,265.0,143.0,41.9,263.0,131.0,,,,26,,Josh,Laurent,Laurent,,,1259,1,0,1,30,0,0,0,5,0,0,12,139,,,,0.0,0.07,2.14,0.86,9.94,33,64,42
210,a,,,4.9,333,208.0,0,0.0,-1,1.0,0.0,627,245.0,35,0,1.8,364.0,160.0,0,115,0.5,328.0,144.0,0.1,7.1,0.0,4736,23,5810,42,-0.5,0.0,0.86,0.45,1.31,14.54,0.1,0.05,0.15,1.64,88.4,353.0,157.0,78.2,281.0,164.0,101.0,230.0,127.0,26.8,335.0,160.0,,2.0,,26,,Loum,Tchaouna,Tchaouna,,,797,1,1,2,12,0,0,0,1,0,0,9,48,,,,0.0,0.23,1.36,1.02,5.42,14,11,23
211,u,0.0,0.0,4.4,540,322.0,0,0.0,-1,1.0,1.4,158,51.0,0,0,0.0,667.0,256.0,0,0,0.0,580.0,197.0,0.0,0.0,0.0,62789,0,928817,547,0.0,0.0,0.0,0.0,0.0,0.0,0.0,0.0,0.0,0.0,0.0,657.0,246.0,0.0,654.0,252.0,0.0,631.0,241.0,0.0,660.0,249.0,,,,26,,Aaron,Ramsey,A.Ramsey,has joined Leicester City on loan for the rest of the season.,,0,0,0,0,0,0,0,0,0,0,0,0,0,,,,0.0,0.0,0.0,0.0,0.0,0,0,0
212,u,0.0,0.0,4.5,480,292.0,0,0.0,0,0.0,0.0,760,325.0,0,0,0.0,728.0,301.0,0,0,0.0,656.0,252.0,0.0,0.0,0.0,0,0,2749,1,0.0,0.0,0.0,0.0,0.0,0.0,0.0,0.0,0.0,0.0,0.0,725.0,298.0,0.0,721.0,300.0,0.0,706.0,295.0,0.0,727.0,300.0,,,,26,,Oluwaseun,Adewumi,Adewumi,Has joined Cercle Brugge on loan for the rest of the season.,,0,0,0,0,0,0,0,0,0,0,0,0,0,,,,0.0,0.0,0.0,0.0,0.0,0,0,0
217,a,100.0,100.0,4.9,324,60.0,0,0.0,-1,1.0,0.8,206,33.0,46,1,2.4,286.0,30.0,4,170,2.2,169.0,23.0,0.4,9.4,0.0,446609,994,435943,1166,1.2,1.7,2.25,0.26,2.51,21.21,0.2,0.02,0.22,1.87,175.2,267.0,24.0,110.1,223.0,24.0,163.0,151.0,36.0,44.2,250.0,28.0,,,,26,,Lyle,Foster,Foster,,,1019,3,1,3,22,0,0,0,3,0,0,12,60,,,,0.0,0.26,1.94,1.06,5.3,11,19,30
218,a,,,4.2,623,87.0,0,0.0,-3,3.0,1.5,157,25.0,1,0,1.0,456.0,56.0,0,3,0.0,522.0,50.0,0.0,0.2,0.0,209339,4306,318352,2444,-1.0,-0.5,0.11,0.0,0.11,0.41,1.1,0.0,1.1,4.1,0.2,499.0,62.0,0.3,476.0,60.0,7.0,412.0,57.0,0.8,477.0,58.0,,,2.0,26,,Ashley,Barnes,Barnes,,,9,0,0,0,1,0,0,0,1,0,0,0,1,,,,0.0,0.0,10.0,0.0,10.0,0,0,1
219,u,0.0,0.0,4.4,527,75.0,0,0.0,-1,1.0,0.1,465,67.0,0,0,0.0,664.0,68.0,0,0,0.0,576.0,58.0,0.0,0.0,0.0,4151,0,40440,44,0.0,0.0,0.0,0.0,0.0,0.0,0.0,0.0,0.0,0.0,0.0,654.0,68.0,0.0,651.0,67.0,0.0,628.0,67.0,0.0,657.0,68.0,,,,26,,Michael,Obafemi,Obafemi,has joined Blackpool on loan for the rest of the season.,,0,0,0,0,0,0,0,0,0,0,0,0,0,,,,0.0,0.0,0.0,0.0,0.0,0,0,0
470,a,100.0,100.0,4.0,659,41.0,0,0.0,0,0.0,32.7,9,2.0,76,1,2.9,200.0,20.0,7,346,2.0,181.0,13.0,0.5,19.0,0.0,1646374,11044,1337373,15034,1.0,1.5,0.0,0.03,0.03,51.72,0.0,0.0,0.0,1.99,762.2,4.0,1.0,0.0,551.0,48.0,0.0,517.0,34.0,76.4,122.0,1.0,,,,26,,Martin,Dúbravka,Dúbravka,,,2340,0,0,3,51,0,0,0,1,0,100,26,96,,,,3.85,0.12,1.96,1.0,0.0,1,49,212
614,a,100.0,100.0,5.6,123,76.0,0,0.0,-4,4.0,0.2,391,130.0,12,1,2.0,332.0,146.0,0,87,0.2,382.0,171.0,0.0,2.1,0.0,16982,150,46692,216,-0.8,-0.3,0.13,0.92,1.05,7.58,0.03,0.2,0.23,1.62,58.8,392.0,174.0,180.3,161.0,113.0,6.0,421.0,206.0,24.5,341.0,164.0,,,,26,,James,Ward-Prowse,Ward-Prowse,,,421,0,0,1,11,0,0,0,0,0,0,5,23,,,,0.0,0.21,2.35,1.07,4.92,5,9,9
676,a,100.0,100.0,5.0,272,167.0,0,0.0,0,0.0,0.1,454,156.0,77,7,3.1,173.0,75.0,5,284,3.0,114.0,53.0,0.6,15.4,0.0,39725,374,35065,233,2.0,2.5,2.12,0.25,2.37,38.57,0.11,0.01,0.12,2.03,349.4,125.0,41.0,141.4,194.0,130.0,177.0,136.0,78.0,66.5,157.0,87.0,,,,26,,Lesley,Ugochukwu,Ugochukwu,,,1710,3,2,3,37,0,0,0,1,1,0,20,172,,,,0.0,0.16,1.95,1.05,9.05,42,52,78
680,a,100.0,100.0,5.2,213,49.0,0,0.0,-3,3.0,0.2,376,60.0,38,0,2.0,330.0,37.0,2,105,1.0,271.0,37.0,0.2,7.3,0.0,47246,229,53658,746,0.0,0.5,2.14,0.13,2.27,20.84,0.24,0.01,0.25,2.33,96.2,346.0,35.0,62.2,309.0,32.0,203.0,110.0,28.0,35.8,289.0,34.0,,,,26,,Armando,Broja,Broja,,,805,1,1,1,25,0,0,0,0,0,0,8,41,,,,0.0,0.11,2.8,0.89,4.58,6,11,24
66,u,0.0,0.0,4.5,406,21.0,0,0.0,0,0.0,0.1,568,77.0,0,0,0.0,686.0,92.0,0,0,0.0,605.0,88.0,0.0,0.0,0.0,0,0,16453,26,0.0,0.0,0.0,0.0,0.0,0.0,0.0,0.0,0.0,0.0,0.0,680.0,92.0,0.0,675.0,84.0,0.0,655.0,73.0,0.0,683.0,92.0,,,,26,,Norberto,Murara Neto,Neto,Has joined Botafogo permanently.,,0,0,0,0,0,0,0,0,0,0,0,0,0,,,,0.0,0.0,0.0,0.0,0.0,0,0,0
67,a,,,4.5,435,24.0,0,0.0,0,0.0,4.3,81,14.0,76,3,2.9,202.0,21.0,3,309,3.8,69.0,3.0,0.8,16.9,0.0,847354,8088,716257,4187,3.8,3.8,0.0,0.0,0.0,38.1,0.0,0.0,0.0,1.47,580.4,27.0,8.0,0.0,691.0,87.0,0.0,673.0,76.0,58.3,192.0,8.0,,,,26,,Đorđe,Petrović,Petrović,,,2340,0,0,6,45,1,0,0,2,0,80,26,98,,,,3.08,0.23,1.73,1.0,0.0,0,48,203
68,u,0.0,0.0,4.0,678,51.0,0,0.0,0,0.0,0.8,211,27.0,0,0,0.0,585.0,70.0,0,0,0.0,469.0,62.0,0.0,0.0,0.0,47217,0,83624,747,0.0,0.0,0.0,0.0,0.0,0.0,0.0,0.0,0.0,0.0,0.0,575.0,70.0,0.0,568.0,58.0,0.0,535.0,44.0,0.0,578.0,70.0,,,,26,,Will,Dennis,Dennis,has joined Leyton Orient on loan for the rest of the season.,,0,0,0,0,0,0,0,0,0,0,0,0,0,,,,0.0,0.0,0.0,0.0,0.0,0,0,0
69,a,,,3.9,777,92.0,0,0.0,-1,1.0,0.2,345,48.0,0,0,0.0,565.0,60.0,0,0,0.0,446.0,51.0,0.0,0.0,0.0,19683,375,17508,215,0.0,0.0,0.0,0.0,0.0,0.0,0.0,0.0,0.0,0.0,0.0,555.0,60.0,0.0,545.0,45.0,0.0,510.0,31.0,0.0,558.0,60.0,,,,26,,Callan,McKenna,McKenna,,,0,0,0,0,0,0,0,0,0,0,0,0,0,,,,0.0,0.0,0.0,0.0,0.0,0,0,0
70,u,0.0,0.0,4.0,694,58.0,0,0.0,0,0.0,0.1,570,78.0,0,0,0.0,597.0,77.0,0,0,0.0,482.0,69.0,0.0,0.0,0.0,1107,0,10330,24,0.0,0.0,0.0,0.0,0.0,0.0,0.0,0.0,0.0,0.0,0.0,587.0,77.0,0.0,580.0,65.0,0.0,547.0,51.0,0.0,590.0,77.0,,,,26,,Alex,Paulsen,Paulsen,Has joined Lechia Gdansk on loan for the rest of the season.,,0,0,0,0,0,0,0,0,0,0,0,0,0,,,,0.0,0.0,0.0,0.0,0.0,0,0,0
71,u,0.0,0.0,5.0,264,41.0,0,0.0,0,0.0,0.0,667,233.0,0,0,0.0,783.0,262.0,0,0,0.0,746.0,257.0,0.0,0.0,0.0,0,0,8191,4,0.0,0.0,0.0,0.0,0.0,0.0,0.0,0.0,0.0,0.0,0.0,782.0,262.0,0.0,781.0,262.0,0.0,777.0,262.0,0.0,783.0,262.0,,,,26,,Illia,Zabarnyi,Zabarnyi,Has joined Paris Saint-Germain permanently.,,0,0,0,0,0,0,0,0,0,0,0,0,0,,,,0.0,0.0,0.0,0.0,0.0,0,0,0
651,a,,,4.3,615,361.0,0,0.0,-2,2.0,0.4,294,102.0,0,0,0.0,655.0,251.0,0,0,0.0,564.0,191.0,0.0,0.0,0.0,54093,400,63334,410,-0.5,-2.0,0.0,0.0,0.0,0.0,0.0,0.0,0.0,0.0,0.0,645.0,241.0,0.0,642.0,247.0,0.0,618.0,236.0,0.0,648.0,244.0,,,,26,,Tom,Edozie,Edozie,,,0,0,0,0,0,0,0,0,0,0,0,0,0,,,,0.0,0.0,0.0,0.0,0.0,0,0,0
72,a,100.0,100.0,4.8,360,60.0,0,0.0,3,-3.0,15.5,21,8.0,106,2,4.2,51.0,19.0,6,344,3.6,76.0,26.0,0.8,22.1,0.0,4594284,31778,2950046,23618,3.6,3.6,1.18,3.96,5.14,36.15,0.05,0.16,0.21,1.47,801.6,3.0,1.0,291.5,87.0,21.0,148.0,165.0,35.0,124.3,31.0,1.0,,,,26,,Marcos,Senesi Barón,Senesi,,,2208,0,4,6,44,0,0,0,7,0,0,25,348,,,,0.0,0.24,1.79,1.02,12.43,44,261,105
73,a,100.0,100.0,4.4,517,98.0,0,0.0,-1,1.0,0.2,385,143.0,29,1,1.9,339.0,127.0,0,82,1.8,204.0,76.0,0.4,6.6,0.0,25115,225,40420,236,1.8,1.8,0.0,0.11,0.11,12.36,0.0,0.01,0.01,1.53,82.6,359.0,135.0,32.3,366.0,129.0,18.0,378.0,132.0,13.3,388.0,139.0,,,,26,,Adam,Smith,Smith,,,726,0,1,3,15,0,0,0,2,0,0,10,44,,,,0.0,0.37,1.86,1.24,5.08,7,34,18
74,a,,,4.5,450,91.0,0,0.0,0,0.0,1.8,142,56.0,89,7,3.4,127.0,48.0,7,324,4.4,41.0,10.0,1.0,19.8,0.0,523474,10944,400481,1915,4.4,4.4,0.35,1.71,2.06,35.8,0.01,0.07,0.08,1.4,538.4,42.0,18.0,343.2,60.0,12.0,90.0,246.0,68.0,97.1,71.0,16.0,,,,26,,Adrien,Truffert,Truffert,,,2298,0,2,6,42,0,0,0,3,0,0,26,264,,,,0.0,0.23,1.64,1.02,8.38,73,141,126
76,a,,,3.8,800,249.0,0,0.0,-2,2.0,0.2,386,144.0,0,0,0.0,525.0,192.0,0,0,0.0,402.0,157.0,0.0,0.0,0.0,14097,352,18303,219,0.0,0.0,0.0,0.0,0.0,0.0,0.0,0.0,0.0,0.0,0.0,515.0,192.0,0.0,502.0,190.0,0.0,466.0,181.0,0.0,518.0,192.0,,,,26,,Owen,Bevan,Bevan,,,0,0,0,0,0,0,0,0,0,0,0,0,0,,,,0.0,0.0,0.0,0.0,0.0,0,0,0
77,a,,,4.0,685,173.0,1,-1.0,0,0.0,3.2,103,40.0,59,9,3.5,116.0,42.0,2,184,6.2,13.0,2.0,1.6,14.8,0.0,451800,117874,137205,1541,6.2,6.2,0.23,0.76,0.98,14.8,0.02,0.07,0.09,1.3,309.8,158.0,69.0,69.3,294.0,97.0,59.0,294.0,89.0,44.0,253.0,84.0,,,,26,,James,Hill,Hill,,,1022,0,3,3,15,0,0,0,2,0,0,10,141,,,,0.0,0.26,1.32,0.88,11.62,21,111,30
78,u,0.0,0.0,3.8,792,241.0,0,0.0,-2,2.0,0.5,255,95.0,0,0,0.0,519.0,186.0,0,0,0.0,395.0,150.0,0.0,0.0,0.0,47440,0,130173,622,0.0,0.0,0.0,0.0,0.0,0.0,0.0,0.0,0.0,0.0,0.0,509.0,186.0,0.0,496.0,184.0,0.0,460.0,175.0,0.0,512.0,186.0,,,,26,,Julián,Araujo Zúñiga,J.Araujo,has joined Celtic on loan for the rest of the season.,,0,0,0,0,0,0,0,0,0,0,0,0,0,,,,0.0,0.0,0.0,0.0,0.0,0,0,0
79,u,0.0,0.0,4.0,671,167.0,0,0.0,0,0.0,0.1,542,194.0,0,0,0.0,578.0,213.0,0,0,0.0,462.0,184.0,0.0,0.0,0.0,1400,0,16629,17,0.0,0.0,0.0,0.0,0.0,0.0,0.0,0.0,0.0,0.0,0.0,568.0,213.0,0.0,561.0,213.0,0.0,528.0,207.0,0.0,571.0,213.0,,,,26,,Chris,Mepham,Mepham,has joined West Bromwich Albion permanently.,,0,0,0,0,0,0,0,0,0,0,0,0,0,,,,0.0,0.0,0.0,0.0,0.0,0,0,0
81,i,0.0,0.0,7.0,36,22.0,0,0.0,0,0.0,0.6,231,80.0,40,0,2.2,310.0,135.0,3,147,0.0,813.0,365.0,0.0,5.7,0.0,190113,47,249217,753,0.0,0.0,2.24,1.54,3.78,16.78,0.22,0.15,0.37,1.65,146.6,292.0,131.0,304.1,84.0,63.0,128.0,201.0,110.0,57.8,195.0,101.0,4.0,2.0,1.0,26,,Justin,Kluivert,Kluivert,Knee injury - Expected back 09 May,,914,2,0,4,18,0,0,0,4,0,0,10,62,,,,0.0,0.39,1.77,0.98,6.11,10,8,44
84,i,0.0,0.0,5.3,191,118.0,0,0.0,-2,2.0,1.1,184,62.0,94,0,4.3,42.0,21.0,8,341,1.6,226.0,97.0,0.3,17.7,0.0,839390,97,792762,5170,0.0,0.0,5.12,2.43,7.55,27.43,0.26,0.12,0.38,1.4,421.0,79.0,26.0,439.9,32.0,31.0,330.0,57.0,34.0,119.3,39.0,29.0,2.0,1.0,4.0,26,,Marcus,Tavernier,Tavernier,Hamstring injury - Expected back 28 Feb,,1762,5,3,7,36,0,0,0,3,0,0,20,164,,,,0.0,0.36,1.84,1.02,8.38,27,44,93
87,a,100.0,100.0,4.9,292,182.0,0,0.0,-1,1.0,0.1,562,207.0,24,2,1.5,408.0,180.0,0,107,1.2,253.0,109.0,0.2,4.9,0.0,8992,173,15197,79,1.2,1.2,1.39,0.39,1.78,9.82,0.28,0.08,0.36,1.95,114.0,325.0,147.0,125.3,207.0,137.0,129.0,198.0,109.0,37.0,283.0,139.0,,,,26,,Ryan,Christie,Christie,,,454,1,1,0,10,0,0,0,1,0,0,2,50,,,,0.0,0.0,1.98,0.4,9.91,10,14,26
88,a,100.0,100.0,4.9,291,181.0,0,0.0,-1,1.0,0.1,560,206.0,38,1,2.4,283.0,122.0,0,184,3.2,94.0,44.0,0.7,7.8,0.0,11322,382,7404,281,3.2,3.2,0.07,0.52,0.59,13.49,0.01,0.05,0.06,1.4,206.0,248.0,105.0,183.3,158.0,110.0,12.0,390.0,195.0,40.4,272.0,135.0,,,,26,,Lewis,Cook,Cook,,,870,0,1,1,18,0,0,0,1,1,0,8,143,,,,0.0,0.1,1.86,0.83,14.79,25,56,62
89,u,0.0,0.0,4.9,294,184.0,0,0.0,-1,1.0,0.0,673,273.0,0,0,0.0,762.0,326.0,0,0,0.0,710.0,292.0,0.0,0.0,0.0,598,0,6624,6,0.0,0.0,0.0,0.0,0.0,0.0,0.0,0.0,0.0,0.0,0.0,761.0,325.0,0.0,758.0,326.0,0.0,751.0,324.0,0.0,762.0,326.0,,,,26,,Philip,Billing,Philip,has joined Midtjylland permanently.,,0,0,0,0,0,0,0,0,0,0,0,0,0,,,,0.0,0.0,0.0,0.0,0.0,0,0,0
90,a,100.0,100.0,5.0,271,166.0,0,0.0,0,0.0,0.8,202,69.0,90,4,3.5,122.0,52.0,6,391,5.6,16.0,11.0,1.1,18.0,0.0,164071,12441,78774,2825,5.6,5.6,2.44,1.25,3.69,30.47,0.12,0.06,0.18,1.48,367.6,113.0,38.0,249.6,109.0,75.0,200.0,116.0,67.0,81.3,111.0,61.0,1.0,,,26,,Alex,Scott,Scott,,,1858,2,2,6,33,0,0,0,2,0,0,23,245,,,,0.0,0.29,1.6,1.11,11.87,36,91,118
91,u,0.0,0.0,5.0,253,154.0,0,0.0,0,0.0,0.0,736,310.0,0,0,0.0,779.0,339.0,0,0,0.0,741.0,313.0,0.0,0.0,0.0,396,0,3886,2,0.0,0.0,0.0,0.0,0.0,0.0,0.0,0.0,0.0,0.0,0.0,778.0,338.0,0.0,776.0,339.0,0.0,773.0,337.0,0.0,779.0,339.0,,,,26,,Luis,Sinisterra Lucumí,Sinisterra,has joined Cruzeiro on loan for the rest of the season.,,0,0,0,0,0,0,0,0,0,0,0,0,0,,,,0.0,0.0,0.0,0.0,0.0,0,0,0
92,u,0.0,0.0,4.5,431,258.0,0,0.0,0,0.0,0.1,553,202.0,0,0,0.0,697.0,275.0,0,0,0.0,620.0,222.0,0.0,0.0,0.0,4403,0,19506,69,0.0,0.0,0.0,0.0,0.0,0.0,0.0,0.0,0.0,0.0,0.0,691.0,269.0,0.0,688.0,273.0,0.0,670.0,266.0,0.0,694.0,272.0,,,,26,,Romain,Faivre,Faivre,has joined Auxerre permanently.,,0,0,0,0,0,0,0,0,0,0,0,0,0,,,,0.0,0.0,0.0,0.0,0.0,0,0,0
93,u,0.0,0.0,4.5,426,255.0,0,0.0,0,0.0,0.3,328,111.0,4,0,4.0,64.0,28.0,0,12,0.0,616.0,219.0,0.0,0.9,0.0,114900,0,165100,102,0.0,0.0,0.0,0.0,0.0,0.4,0.0,0.0,0.0,2.25,21.2,439.0,192.0,10.0,418.0,207.0,0.0,666.0,263.0,3.1,455.0,205.0,,,,26,,Hamed,Traorè,H.Traorè,has joined Marseille on loan for the rest of the season.,,16,0,1,0,2,0,0,0,0,0,0,0,4,,,,0.0,0.0,11.25,0.0,22.5,1,1,2
94,u,0.0,0.0,4.5,466,283.0,0,0.0,0,0.0,0.0,639,254.0,0,0,0.0,718.0,295.0,0,0,0.0,643.0,243.0,0.0,0.0,0.0,3895,0,8173,5,0.0,0.0,0.0,0.0,0.0,0.0,0.0,0.0,0.0,0.0,0.0,713.0,290.0,0.0,710.0,293.0,0.0,693.0,286.0,0.0,715.0,292.0,,,,26,,Dominic,Sadi,Sadi,has joined Novi Pazar on loan for the rest of the season.,,0,0,0,0,0,0,0,0,0,0,0,0,0,,,,0.0,0.0,0.0,0.0,0.0,0,0,0
95,u,0.0,0.0,4.4,552,331.0,0,0.0,-1,1.0,0.1,577,214.0,0,0,0.0,673.0,262.0,0,0,0.0,588.0,204.0,0.0,0.0,0.0,15405,0,21446,19,0.0,0.0,0.0,0.0,0.0,0.0,0.0,0.0,0.0,0.0,0.0,664.0,253.0,0.0,661.0,259.0,0.0,639.0,249.0,0.0,667.0,256.0,,,,26,,Zain,Silcott-Duberry,Silcott-Duberry,has joined Olympiakos permanently.,,0,0,0,0,0,0,0,0,0,0,0,0,0,,,,0.0,0.0,0.0,0.0,0.0,0,0,0
96,u,0.0,0.0,4.5,496,305.0,0,0.0,0,0.0,0.0,637,252.0,1,0,1.0,479.0,218.0,0,3,0.0,671.0,264.0,0.0,0.2,0.0,2964,0,9966,13,0.0,0.0,0.0,0.0,0.0,0.31,0.0,0.0,0.0,4.65,0.0,738.0,308.0,0.0,733.0,309.0,0.0,719.0,305.0,0.0,739.0,309.0,,,,26,,Ben,Winterburn,Winterburn,has joined Barnet on loan for the rest of the season.,,6,0,0,0,2,0,0,0,0,0,0,0,0,,,,0.0,0.0,30.0,0.0,0.0,0,0,0
97,a,100.0,100.0,7.0,38,14.0,0,0.0,0,0.0,2.8,112,19.0,77,1,3.2,164.0,15.0,5,274,3.0,118.0,14.0,0.4,11.0,0.0,1065303,6411,984886,19870,3.0,3.0,7.35,0.92,8.27,24.8,0.36,0.05,0.41,1.23,251.0,206.0,16.0,279.7,90.0,3.0,608.0,13.0,9.0,113.6,43.0,10.0,,,,26,,Francisco Evanilson,de Lima Barbosa,Evanilson,,,1816,5,3,6,33,0,0,0,1,0,0,21,78,,,,0.0,0.3,1.64,1.04,3.87,7,23,48
98,a,100.0,100.0,5.4,161,42.0,0,0.0,-1,1.0,0.0,599,81.0,17,1,1.3,431.0,52.0,1,47,0.8,300.0,41.0,0.1,3.1,0.0,12609,321,10080,202,0.8,0.8,1.05,0.05,1.1,3.14,0.63,0.03,0.66,1.88,39.2,411.0,46.0,8.7,428.0,55.0,61.0,291.0,49.0,10.3,403.0,49.0,,,,26,,Enes,Ünal,Enes Ünal,,,150,1,0,0,2,0,0,0,1,0,0,0,8,,,,0.0,0.0,1.2,0.0,4.8,0,4,4
100,a,,,4.7,393,65.0,0,0.0,2,-2.0,7.2,54,10.0,67,1,3.2,158.0,14.0,7,308,2.6,142.0,19.0,0.6,14.3,0.0,1709067,32033,960709,18081,2.6,2.6,4.37,0.59,4.96,13.31,0.45,0.06,0.51,1.38,323.4,146.0,13.0,144.7,191.0,17.0,313.0,61.0,23.0,78.2,119.0,16.0,,,,26,,Junior,Kroupi,Kroupi.Jr,,,868,8,0,4,17,0,0,0,3,0,0,11,64,,,,0.0,0.41,1.76,1.14,6.64,6,25,33
391,i,0.0,0.0,4.8,370,231.0,0,0.0,-2,2.0,0.0,635,251.0,7,0,1.8,363.0,159.0,0,22,0.0,706.0,289.0,0.0,1.5,0.0,4603,8,8032,15,0.0,0.0,0.09,0.09,0.18,2.66,0.15,0.15,0.3,4.52,21.2,440.0,193.0,14.0,401.0,199.0,11.0,392.0,197.0,4.7,446.0,200.0,,,,26,,Ben,Gannon-Doak,Gannon-Doak,Hamstring injury - Unknown return date,,53,0,1,0,1,0,0,0,0,0,0,0,3,,,,0.0,0.0,1.7,0.0,5.09,2,1,0
721,a,100.0,100.0,4.4,568,120.0,0,0.0,-1,1.0,0.0,657,230.0,19,0,2.7,239.0,95.0,0,63,0.2,363.0,134.0,0.0,4.3,0.0,6144,46,5745,38,0.2,0.2,0.15,0.19,0.34,4.42,0.04,0.05,0.09,1.08,98.4,342.0,131.0,13.9,402.0,146.0,10.0,395.0,143.0,12.2,396.0,141.0,,,,26,,Veljko,Milosavljevic,Milosavljević,,,367,0,0,1,6,0,0,0,0,0,0,4,42,,,,0.0,0.25,1.47,0.98,9.56,5,34,13
801,a,,,5.0,281,175.0,0,0.0,0,0.0,0.0,758,324.0,3,1,1.0,491.0,227.0,0,10,0.8,296.0,128.0,0.2,0.6,0.0,788,48,273,29,0.8,0.8,0.06,0.08,0.14,2.34,0.08,0.11,0.19,3.19,6.0,467.0,211.0,23.2,380.0,195.0,8.0,409.0,200.0,3.7,450.0,203.0,,,,26,,Alex,Tóth,Tóth.A,,,66,0,0,0,1,0,0,0,0,0,0,1,8,,,,0.0,0.0,1.36,1.36,10.91,1,2,5
806,a,,,4.0,676,50.0,0,0.0,0,0.0,0.0,775,88.0,0,0,0.0,583.0,69.0,0,0,0.0,467.0,61.0,0.0,0.0,0.0,426,36,118,20,0.0,0.0,0.0,0.0,0.0,0.0,0.0,0.0,0.0,0.0,0.0,573.0,69.0,0.0,566.0,57.0,0.0,533.0,43.0,0.0,576.0,69.0,,,,26,,Christos,Mandas,Mandas,,,0,0,0,0,0,0,0,0,0,0,0,0,0,,,,0.0,0.0,0.0,0.0,0.0,0,0,0
83,a,100.0,100.0,5.8,111,70.0,0,0.0,-2,2.0,0.6,229,79.0,87,1,4.3,45.0,24.0,10,249,5.5,18.0,12.0,0.9,15.0,0.0,500352,22352,452038,1675,5.5,4.5,4.85,1.44,6.29,19.11,0.32,0.09,0.41,1.26,300.4,175.0,68.0,184.6,157.0,109.0,410.0,30.0,15.0,88.9,89.0,53.0,2.0,,,26,,Dango,Ouattara,O.Dango,,,1366,5,5,3,19,0,0,0,4,0,0,15,120,,,,0.0,0.2,1.25,0.99,7.91,13,51,56
101,a,100.0,100.0,4.6,397,19.0,0,0.0,1,-1.0,10.4,35,6.0,96,2,3.7,95.0,10.0,6,363,3.5,79.0,4.0,0.8,20.9,0.0,1014596,28734,956884,7143,3.5,2.5,0.0,0.04,0.04,36.33,0.0,0.0,0.0,1.4,589.6,24.0,6.0,20.0,389.0,4.0,0.0,736.0,79.0,61.1,183.0,6.0,,,,26,,Caoimhín,Kelleher,Kelleher,,,2340,0,0,6,35,0,3,0,1,0,68,26,95,,,,2.62,0.23,1.35,1.0,0.0,1,33,196
102,a,,,3.9,753,79.0,0,0.0,-1,1.0,0.3,332,45.0,0,0,0.0,545.0,47.0,0,0,0.0,425.0,38.0,0.0,0.0,0.0,15517,168,23188,132,0.0,-1.0,0.0,0.0,0.0,0.0,0.0,0.0,0.0,0.0,0.0,535.0,47.0,0.0,525.0,32.0,0.0,490.0,18.0,0.0,538.0,47.0,,,,26,,Ellery,Balcombe,Balcombe,,,0,0,0,0,0,0,0,0,0,0,0,0,0,,,,0.0,0.0,0.0,0.0,0.0,0,0,0
106,a,,,5.0,258,39.0,0,0.0,0,0.0,3.0,107,42.0,92,0,3.8,88.0,34.0,7,315,0.5,329.0,120.0,0.1,18.4,0.0,607990,4323,429379,16116,0.5,-0.5,1.49,0.88,2.37,30.99,0.07,0.04,0.11,1.38,641.2,14.0,5.0,103.9,240.0,67.0,242.0,92.0,10.0,98.9,66.0,12.0,,,,26,,Nathan,Collins,Collins,,,2026,1,2,5,31,1,0,0,4,0,0,22,265,,,,0.0,0.22,1.38,0.98,10.35,23,210,92
107,a,,,4.8,365,62.0,-1,1.0,-2,2.0,1.6,149,58.0,77,8,3.2,159.0,62.0,3,201,2.8,126.0,45.0,0.6,16.0,0.0,415015,7513,268486,4315,2.8,1.8,1.96,0.99,2.95,19.34,0.16,0.08,0.24,1.6,214.6,240.0,95.0,154.3,185.0,46.0,213.0,105.0,15.0,58.2,193.0,63.0,,,,26,,Keane,Lewis-Potter,Lewis-Potter,,,1086,3,1,6,18,0,0,0,1,0,0,12,60,,,,0.0,0.5,1.49,0.99,3.4,15,26,45
108,a,100.0,100.0,4.4,523,103.0,0,0.0,-1,1.0,0.2,379,139.0,62,4,3.1,168.0,66.0,1,173,3.8,67.0,24.0,0.9,14.1,0.0,27273,1486,28571,298,3.8,2.8,0.67,0.62,1.29,22.14,0.04,0.04,0.08,1.46,322.2,149.0,65.0,42.6,347.0,121.0,141.0,177.0,39.0,50.7,223.0,74.0,,,,26,,Kristoffer,Ajer,Ajer,,,1367,0,2,4,21,0,0,0,2,0,0,16,160,,,,0.0,0.26,1.38,1.05,10.07,30,123,42
109,a,,,4.3,580,128.0,0,0.0,-2,2.0,0.2,395,147.0,46,2,2.1,312.0,116.0,0,122,2.8,120.0,41.0,0.7,10.7,0.0,18885,495,19952,249,2.8,1.8,0.18,0.44,0.62,21.85,0.01,0.04,0.05,1.75,104.0,333.0,125.0,52.0,327.0,111.0,27.0,352.0,116.0,18.3,366.0,127.0,,,,26,,Rico,Henry,Henry,,,1122,0,1,4,17,0,0,0,2,0,0,11,68,,,,0.0,0.32,1.36,0.88,4.65,13,45,62
110,a,,,4.5,497,96.0,0,0.0,0,0.0,0.7,228,85.0,73,2,2.8,223.0,89.0,6,345,2.2,167.0,59.0,0.5,16.2,0.0,169612,4127,119578,948,2.2,1.2,0.28,2.34,2.62,35.62,0.01,0.09,0.1,1.41,416.8,82.0,35.0,360.3,53.0,8.0,73.0,271.0,79.0,85.2,101.0,27.0,,,,26,,Michael,Kayode,Kayode,,,2268,0,1,6,34,0,0,0,6,0,0,26,207,,,,0.0,0.24,1.35,1.03,6.43,51,111,117
111,a,100.0,100.0,4.2,632,146.0,0,0.0,-3,3.0,0.1,459,167.0,4,0,1.3,422.0,153.0,0,21,0.0,526.0,223.0,0.0,1.0,0.0,11767,156,26161,137,0.0,-1.0,0.0,0.06,0.06,3.18,0.0,0.02,0.02,1.26,62.8,387.0,149.0,1.1,461.0,169.0,12.0,389.0,140.0,7.6,424.0,151.0,,,,26,,Ethan,Pinnock,Pinnock,,,228,0,0,0,5,1,0,0,1,0,0,3,33,,,,0.0,0.0,1.97,1.18,11.45,4,25,9
112,u,0.0,0.0,4.5,423,82.0,0,0.0,0,0.0,0.0,706,242.0,0,0,0.0,693.0,255.0,0,0,0.0,614.0,243.0,0.0,0.0,0.0,211,0,3922,4,0.0,0.0,0.0,0.0,0.0,0.0,0.0,0.0,0.0,0.0,0.0,687.0,255.0,0.0,683.0,255.0,0.0,664.0,255.0,0.0,690.0,255.0,,,,26,,Mads,Roerslev Rasmussen,Roerslev,Has joined Southampton permanently.,,0,0,0,0,0,0,0,0,0,0,0,0,0,,,,0.0,0.0,0.0,0.0,0.0,0,0,0
113,a,100.0,100.0,4.5,432,85.0,0,0.0,0,0.0,0.7,227,84.0,68,6,3.2,155.0,60.0,3,253,4.0,54.0,19.0,0.9,15.1,0.0,212227,2650,194080,670,4.0,3.0,2.02,0.48,2.5,28.14,0.1,0.02,0.12,1.37,431.2,74.0,32.0,55.1,322.0,109.0,190.0,128.0,25.0,67.7,151.0,50.0,,,,26,,Sepp,van den Berg,Van den Berg,,,1853,0,1,4,29,0,0,0,1,0,0,20,211,,,,0.0,0.19,1.41,0.97,8.79,14,167,71
114,u,0.0,0.0,3.8,812,260.0,0,0.0,-2,2.0,0.2,374,135.0,0,0,0.0,532.0,198.0,0,0,0.0,411.0,165.0,0.0,0.0,0.0,12981,0,29230,375,0.0,0.0,0.0,0.0,0.0,0.0,0.0,0.0,0.0,0.0,0.0,522.0,198.0,0.0,511.0,198.0,0.0,476.0,190.0,0.0,525.0,198.0,,,,26,,Benjamin,Arthur,Arthur,has joined Celtic on loan for the rest of the season.,,0,0,0,0,0,0,0,0,0,0,0,0,0,,,,0.0,0.0,0.0,0.0,0.0,0,0,0
120,a,100.0,0.0,6.9,44,26.0,0,0.0,-1,1.0,1.1,185,63.0,86,0,3.7,101.0,46.0,5,292,0.0,811.0,363.0,0.0,12.5,0.0,744619,4164,667694,6791,0.0,0.0,8.57,1.72,10.29,25.54,0.42,0.08,0.5,1.24,432.0,73.0,23.0,304.7,83.0,62.0,613.0,12.0,4.0,134.6,23.0,19.0,,,3.0,26,,Kevin,Schade,Schade,,,1857,6,4,7,22,0,0,1,6,1,0,22,142,,,,0.0,0.34,1.07,1.07,6.88,30,44,68
121,a,100.0,100.0,5.6,129,79.0,0,0.0,-4,4.0,0.4,267,92.0,63,1,2.9,211.0,87.0,3,276,0.8,304.0,132.0,0.1,11.2,0.0,99355,396,168492,671,0.8,-0.2,1.13,3.66,4.79,19.71,0.08,0.25,0.33,1.37,308.2,163.0,61.0,476.7,24.0,23.0,176.0,137.0,79.0,96.1,74.0,44.0,1.0,3.0,,26,,Mikkel,Damsgaard,Damsgaard,,,1292,1,3,2,22,0,0,0,0,0,0,15,150,,,,0.0,0.14,1.53,1.04,10.45,36,29,85
43,u,0.0,0.0,4.0,661,161.0,0,0.0,0,0.0,1.6,150,59.0,0,0,0.0,572.0,209.0,0,0,0.0,454.0,179.0,0.0,0.0,0.0,44476,0,884829,674,0.0,0.0,0.0,0.0,0.0,0.0,0.0,0.0,0.0,0.0,0.0,562.0,209.0,0.0,553.0,209.0,0.0,519.0,202.0,0.0,565.0,209.0,,,,26,,Álex,Moreno Lopera,Alex Moreno,Has joined Girona permanently.,,0,0,0,0,0,0,0,0,0,0,0,0,0,,,,0.0,0.0,0.0,0.0,0.0,0,0,0
122,i,0.0,0.0,5.2,217,135.0,0,0.0,-3,3.0,0.0,652,262.0,1,0,1.0,495.0,231.0,0,5,0.0,764.0,331.0,0.0,0.2,0.0,2010,6,6903,8,0.0,0.0,0.0,0.01,0.01,1.49,0.0,0.02,0.02,2.98,4.0,474.0,217.0,1.8,453.0,217.0,0.0,788.0,348.0,0.6,483.0,221.0,,,,26,,Antoni,Milambo,Milambo,Knee injury - Expected back 01 Jun,,45,0,0,0,3,0,0,0,0,0,0,1,4,,,,0.0,0.0,6.0,2.0,8.0,2,0,2
123,i,0.0,0.0,4.7,386,241.0,0,0.0,-3,3.0,0.1,463,158.0,13,0,2.2,303.0,132.0,1,42,0.0,692.0,280.0,0.0,2.8,0.0,27198,12,51192,78,0.0,0.0,0.7,0.03,0.73,2.08,0.63,0.03,0.66,1.87,39.0,413.0,182.0,6.5,433.0,211.0,36.0,337.0,177.0,8.1,418.0,190.0,4.0,,4.0,26,,Fábio,Freitas Gouveia Carvalho,Carvalho,Knee injury - Expected back 01 Jun,,100,1,0,0,4,0,0,0,0,0,0,1,8,,,,0.0,0.0,3.6,0.9,7.2,3,0,5
124,a,100.0,100.0,5.0,241,148.0,0,0.0,0,0.0,0.3,298,104.0,62,1,2.6,255.0,107.0,5,275,1.0,269.0,115.0,0.2,12.4,0.0,97168,500,97627,669,1.0,0.0,0.33,2.04,2.37,21.11,0.02,0.12,0.14,1.28,281.4,185.0,73.0,279.3,91.0,67.0,43.0,323.0,170.0,60.3,186.0,99.0,,,,26,,Jordan,Henderson,Henderson,,,1489,1,3,4,22,0,0,0,4,0,0,17,139,,,,0.0,0.24,1.33,1.03,8.4,22,43,74
125,a,100.0,100.0,4.9,303,189.0,0,0.0,-1,1.0,0.3,318,108.0,69,1,3.3,141.0,63.0,6,300,4.0,59.0,30.0,0.8,14.1,0.0,61612,1414,27111,925,4.0,3.0,0.75,1.85,2.6,19.24,0.06,0.14,0.2,1.43,329.2,139.0,47.0,309.3,77.0,58.0,87.0,252.0,135.0,72.3,135.0,75.0,5.0,,,26,,Vitaly,Janelt,Janelt,,,1208,1,4,5,14,0,0,0,7,0,0,12,162,,,,0.0,0.37,1.04,0.89,12.07,24,66,72
130,a,,,4.4,567,340.0,0,0.0,-1,1.0,0.1,477,166.0,2,0,1.0,469.0,209.0,0,10,0.2,362.0,158.0,0.0,0.5,0.0,14659,287,17783,168,0.2,-0.8,0.07,0.01,0.08,0.24,0.57,0.08,0.65,1.96,5.0,468.0,212.0,10.9,411.0,204.0,13.0,387.0,194.0,2.9,456.0,206.0,,,,26,,Romelle,Donovan,Donovan,,,11,0,0,0,0,0,0,0,0,0,0,0,2,,,,0.0,0.0,0.0,0.0,16.36,0,0,2
131,u,0.0,0.0,4.3,622,366.0,0,0.0,-2,2.0,0.2,406,136.0,0,0,0.0,660.0,255.0,0,0,0.0,569.0,195.0,0.0,0.0,0.0,38108,0,43268,280,0.0,0.0,0.0,0.0,0.0,0.0,0.0,0.0,0.0,0.0,0.0,650.0,245.0,0.0,647.0,251.0,0.0,623.0,240.0,0.0,653.0,248.0,,,,26,,Yunus Emre,Konak,Konak,has joined Oxford United on loan for the rest of the season.,,0,0,0,0,0,0,0,0,0,0,0,0,0,,,,0.0,0.0,0.0,0.0,0.0,0,0,0
132,u,0.0,0.0,4.5,421,253.0,0,0.0,0,0.0,0.0,668,272.0,0,0,0.0,692.0,271.0,0,0,0.0,612.0,217.0,0.0,0.0,0.0,4038,0,5268,76,0.0,0.0,0.0,0.0,0.0,0.0,0.0,0.0,0.0,0.0,0.0,686.0,265.0,0.0,682.0,269.0,0.0,662.0,261.0,0.0,689.0,268.0,,,,26,,Paris,Maghoma,Maghoma,has joined Norwich City permanently.,,0,0,0,0,0,0,0,0,0,0,0,0,0,,,,0.0,0.0,0.0,0.0,0.0,0,0,0
133,u,0.0,0.0,4.4,541,323.0,0,0.0,-1,1.0,0.0,629,246.0,1,0,1.0,464.0,204.0,0,2,0.0,581.0,198.0,0.0,0.2,0.0,3881,0,6243,39,0.0,0.0,0.0,0.0,0.0,0.0,0.0,0.0,0.0,0.0,0.0,658.0,247.0,0.0,655.0,253.0,0.0,632.0,242.0,0.0,661.0,250.0,,,,26,,Myles,Peart-Harris,Peart-Harris,has joined Oxford United permanently.,,1,0,0,0,0,0,0,0,0,0,0,0,0,,,,0.0,0.0,0.0,0.0,0.0,0,0,0
134,u,0.0,0.0,4.5,489,300.0,0,0.0,0,0.0,0.0,780,340.0,0,0,0.0,734.0,306.0,0,0,0.0,665.0,260.0,0.0,0.0,0.0,0,0,946,2,0.0,0.0,0.0,0.0,0.0,0.0,0.0,0.0,0.0,0.0,0.0,732.0,304.0,0.0,727.0,305.0,0.0,713.0,301.0,0.0,733.0,305.0,,,,26,,Ryan,Trevitt,Trevitt,Has joined Wigan on loan for the rest of the season,,0,0,0,0,0,0,0,0,0,0,0,0,0,,,,0.0,0.0,0.0,0.0,0.0,0,0,0
136,a,100.0,100.0,7.0,39,15.0,0,0.0,10,-10.0,30.2,12,3.0,133,2,5.1,12.0,2.0,18,532,2.8,140.0,18.0,0.4,19.0,0.0,7879061,85333,4284636,62469,2.8,1.8,14.56,1.01,15.57,35.05,0.6,0.04,0.64,1.43,739.8,6.0,2.0,228.4,123.0,7.0,862.0,2.0,2.0,183.0,5.0,2.0,,,2.0,26,,Igor Thiago,Nascimento Rodrigues,Thiago,,,2202,17,1,6,33,0,0,1,5,0,0,25,132,,,,0.0,0.25,1.35,1.02,5.4,20,51,61
59,a,100.0,100.0,4.8,367,229.0,0,0.0,-2,2.0,0.7,222,76.0,58,3,3.4,128.0,55.0,3,255,3.0,109.0,51.0,0.6,12.1,0.0,150785,2561,267537,939,3.0,3.0,0.49,0.26,0.75,18.59,0.04,0.02,0.06,1.47,299.2,177.0,70.0,80.8,274.0,160.0,75.0,266.0,144.0,45.5,244.0,123.0,,,,26,,Amadou,Onana,Onana,,,1138,2,0,5,12,0,0,0,2,0,0,14,154,,,,0.0,0.4,0.95,1.11,12.18,33,74,47
137,u,0.0,0.0,4.4,554,77.0,0,0.0,-1,1.0,0.3,314,51.0,0,0,0.0,674.0,70.0,0,0,0.0,590.0,60.0,0.0,0.0,0.0,52422,0,80337,320,0.0,0.0,0.0,0.0,0.0,0.0,0.0,0.0,0.0,0.0,0.0,666.0,70.0,0.0,662.0,69.0,0.0,641.0,69.0,0.0,669.0,70.0,,,,26,,Iwan,Morgan,Morgan,has joined Shrewsbury on loan for the rest of the season.,,0,0,0,0,0,0,0,0,0,0,0,0,0,,,,0.0,0.0,0.0,0.0,0.0,0,0,0
748,i,0.0,0.0,4.9,298,186.0,0,0.0,-1,1.0,0.0,807,358.0,0,0,0.0,763.0,327.0,0,0,0.0,712.0,294.0,0.0,0.0,0.0,162,3,197,1,0.0,0.0,0.0,0.0,0.0,0.0,0.0,0.0,0.0,0.0,0.0,762.0,326.0,0.0,759.0,327.0,0.0,752.0,325.0,0.0,763.0,327.0,,,,26,,Josh,Dasilva,Dasilva,Knee injury - Unknown return date,,0,0,0,0,0,0,0,0,0,0,0,0,0,,,,0.0,0.0,0.0,0.0,0.0,0,0,0
139,a,,,4.5,444,25.0,0,0.0,0,0.0,5.5,66,11.0,79,2,3.0,186.0,17.0,4,409,2.2,165.0,12.0,0.5,17.6,0.0,662422,3159,814156,6292,2.2,2.2,0.0,0.04,0.04,36.09,0.0,0.0,0.0,1.39,645.8,13.0,3.0,10.0,419.0,7.0,0.0,679.0,77.0,65.6,161.0,3.0,,,,26,,Bart,Verbruggen,Verbruggen,,,2340,0,0,5,34,1,1,0,3,0,72,26,102,,,,2.77,0.19,1.31,1.0,0.0,1,21,233
140,a,,,3.9,749,77.0,0,0.0,-1,1.0,0.3,311,42.0,0,0,0.0,543.0,45.0,0,0,0.0,423.0,36.0,0.0,0.0,0.0,17419,128,27274,114,0.0,0.0,0.0,0.0,0.0,0.0,0.0,0.0,0.0,0.0,0.0,533.0,45.0,0.0,523.0,30.0,0.0,488.0,16.0,0.0,536.0,45.0,,,,26,,Tom,McGill,McGill,,,0,0,0,0,0,0,0,0,0,0,0,0,0,,,,0.0,0.0,0.0,0.0,0.0,0,0,0
143,a,,,4.2,630,144.0,0,0.0,-3,3.0,0.1,505,179.0,20,1,2.9,201.0,78.0,2,78,2.2,164.0,58.0,0.5,4.8,0.0,6080,102,12407,96,2.2,2.2,0.05,0.24,0.29,4.9,0.01,0.06,0.07,1.26,101.8,335.0,127.0,38.6,352.0,122.0,12.0,388.0,139.0,15.3,378.0,134.0,,,,26,,Olivier,Boscagli,Boscagli,,,349,0,1,1,4,0,0,0,1,0,0,4,33,,,,0.0,0.26,1.03,1.03,8.51,8,25,27
144,u,0.0,0.0,4.2,644,154.0,0,0.0,-3,3.0,0.0,592,212.0,10,0,2.0,324.0,120.0,0,32,0.0,532.0,226.0,0.0,2.4,0.0,2735,0,8029,78,0.0,0.0,0.0,0.01,0.01,4.52,0.0,0.0,0.0,2.11,42.4,407.0,153.0,3.7,445.0,162.0,2.0,436.0,163.0,4.8,444.0,161.0,,,,26,,Diego,Coppola,Coppola,has joined Paris FC on loan for the rest of the season.,,193,0,0,1,3,0,0,0,2,0,0,2,19,,,,0.0,0.47,1.4,0.93,8.39,2,16,6
145,a,100.0,100.0,4.3,588,134.0,0,0.0,-2,2.0,1.8,137,55.0,58,0,2.8,218.0,84.0,6,218,1.8,202.0,74.0,0.4,13.5,0.0,252080,596,697099,2699,1.8,1.8,1.55,2.15,3.7,19.98,0.12,0.17,0.29,1.61,210.0,245.0,98.0,316.7,74.0,17.0,132.0,188.0,43.0,65.9,159.0,51.0,3.0,6.0,,26,,Maxim,De Cuyper,De Cuyper,,,1116,2,0,4,18,0,0,0,2,0,0,14,71,,,,0.0,0.32,1.45,1.13,3.79,16,31,54
146,a,100.0,100.0,4.5,407,71.0,0,0.0,0,0.0,1.0,194,77.0,63,2,2.5,267.0,104.0,0,304,3.0,108.0,39.0,0.7,14.0,0.0,145938,1470,189525,1084,3.0,3.0,1.2,0.46,1.66,33.85,0.05,0.02,0.07,1.38,495.4,54.0,24.0,94.2,251.0,72.0,128.0,200.0,48.0,72.0,136.0,43.0,,1.0,,26,,Lewis,Dunk,Dunk,,,2205,0,1,4,33,0,0,0,8,0,0,24,228,,,,0.0,0.16,1.35,0.98,7.59,28,158,108
147,u,0.0,0.0,4.5,417,77.0,0,0.0,0,0.0,0.0,742,256.0,0,0,0.0,690.0,253.0,0,0,0.0,610.0,240.0,0.0,0.0,0.0,0,0,1972,2,0.0,0.0,0.0,0.0,0.0,0.0,0.0,0.0,0.0,0.0,0.0,684.0,253.0,0.0,680.0,253.0,0.0,660.0,252.0,0.0,687.0,253.0,,,,26,,Pervis,Estupiñán Tenorio,Estupiñan,Has joined AC Milan permanently,,0,0,0,0,0,0,0,0,0,0,0,0,0,,,,0.0,0.0,0.0,0.0,0.0,0,0,0
151,a,100.0,100.0,4.4,543,117.0,-1,1.0,-1,1.0,3.6,92,32.0,92,5,3.8,86.0,32.0,6,355,2.8,121.0,42.0,0.6,20.9,0.0,907239,3867,602963,8219,2.8,2.8,2.05,0.91,2.95,33.3,0.09,0.04,0.13,1.41,681.0,9.0,3.0,135.1,199.0,49.0,226.0,101.0,13.0,104.5,53.0,7.0,,,,26,,Jan Paul,van Hecke,Van Hecke,,,2130,3,2,5,32,1,0,0,7,0,0,24,228,,,,0.0,0.21,1.35,1.01,8.37,33,165,73
152,a,100.0,100.0,4.3,574,123.0,0,0.0,-2,2.0,0.1,424,157.0,31,1,2.2,302.0,112.0,1,117,0.8,286.0,102.0,0.2,7.2,0.0,21558,97,34750,221,0.8,0.8,0.99,0.11,1.1,13.3,0.11,0.01,0.12,1.53,208.6,247.0,100.0,70.5,293.0,96.0,63.0,285.0,84.0,34.3,299.0,100.0,,,,26,,Joël,Veltman,Veltman,,,783,1,0,1,12,0,0,0,4,0,0,8,95,,,,0.0,0.11,1.38,0.92,9.54,27,56,31
153,i,0.0,0.0,4.4,522,102.0,0,0.0,-1,1.0,0.0,756,258.0,0,0,0.0,662.0,250.0,0,0,0.0,573.0,235.0,0.0,0.0,0.0,852,19,1646,8,0.0,0.0,0.0,0.0,0.0,0.0,0.0,0.0,0.0,0.0,0.0,652.0,250.0,0.0,649.0,250.0,0.0,626.0,249.0,0.0,655.0,250.0,,,,26,,Adam,Webster,Webster,Knee injury - Unknown return date,,0,0,0,0,0,0,0,0,0,0,0,0,0,,,,0.0,0.0,0.0,0.0,0.0,0,0,0
154,u,0.0,0.0,4.0,677,169.0,0,0.0,0,0.0,0.0,771,260.0,0,0,0.0,584.0,215.0,0,0,0.0,468.0,186.0,0.0,0.0,0.0,0,0,776,0,0.0,0.0,0.0,0.0,0.0,0.0,0.0,0.0,0.0,0.0,0.0,574.0,215.0,0.0,567.0,215.0,0.0,534.0,209.0,0.0,577.0,215.0,,,,26,,Eiran,Cashin,Cashin,has joined Blackburn Rovers on loan for the rest of the season.,,0,0,0,0,0,0,0,0,0,0,0,0,0,,,,0.0,0.0,0.0,0.0,0.0,0,0,0
155,u,0.0,0.0,4.0,719,196.0,0,0.0,0,0.0,0.1,495,176.0,0,0,0.0,618.0,234.0,0,0,0.0,505.0,208.0,0.0,0.0,0.0,3175,0,16534,32,0.0,0.0,0.0,0.0,0.0,0.0,0.0,0.0,0.0,0.0,0.0,608.0,234.0,0.0,601.0,234.0,0.0,569.0,229.0,0.0,611.0,234.0,,,,26,,Jacob,Slater,Slater,has joined Harrogate Town on loan until January.,,0,0,0,0,0,0,0,0,0,0,0,0,0,,,,0.0,0.0,0.0,0.0,0.0,0,0,0
157,a,100.0,100.0,6.1,83,54.0,0,0.0,-4,4.0,2.0,132,43.0,45,3,2.8,235.0,95.0,2,158,2.2,179.0,80.0,0.4,7.4,0.0,270680,1830,831585,2864,2.2,2.2,2.2,1.95,4.15,16.54,0.17,0.15,0.32,1.26,196.4,252.0,107.0,308.4,78.0,59.0,224.0,102.0,62.0,72.5,134.0,74.0,,,,26,,Mitoma,Kaoru,Mitoma,,,1183,2,1,3,14,0,0,0,2,0,0,13,67,,,,0.0,0.23,1.07,0.99,5.1,10,15,42
158,a,100.0,100.0,5.6,131,81.0,0,0.0,-4,4.0,0.4,288,99.0,65,0,2.8,233.0,94.0,2,213,1.0,275.0,119.0,0.2,11.6,0.0,128797,205,245692,1030,1.0,1.0,2.05,2.06,4.11,19.19,0.12,0.12,0.24,1.15,243.2,211.0,91.0,267.7,100.0,73.0,350.0,50.0,31.0,86.0,98.0,57.0,,,,26,,Georginio,Rutter,Georginio,,,1502,2,4,6,16,1,0,0,2,0,0,18,101,,,,0.0,0.36,0.96,1.08,6.05,23,32,46
159,d,25.0,25.0,5.8,105,67.0,0,0.0,-2,2.0,0.0,754,321.0,0,0,0.0,806.0,359.0,0,0,0.0,791.0,349.0,0.0,0.0,0.0,715,12,2525,10,0.0,0.0,0.0,0.0,0.0,0.0,0.0,0.0,0.0,0.0,0.0,806.0,359.0,0.0,806.0,359.0,0.0,805.0,359.0,0.0,806.0,359.0,,,,26,,Solly,March,March,Lack of match fitness - 25% chance of playing,,0,0,0,0,0,0,0,0,0,0,0,0,0,,,,0.0,0.0,0.0,0.0,0.0,0,0,0
160,a,100.0,100.0,5.6,134,82.0,0,0.0,-4,4.0,2.1,128,42.0,84,1,3.5,125.0,54.0,6,314,1.0,276.0,120.0,0.2,15.0,0.0,1916989,1084,1835061,6142,1.0,1.0,2.91,2.78,5.69,25.32,0.16,0.15,0.31,1.39,308.4,161.0,59.0,448.3,31.0,30.0,459.0,26.0,13.0,121.7,34.0,26.0,1.0,,,26,,Yankuba,Minteh,Minteh,,,1634,1,8,6,26,0,0,0,0,0,0,18,125,,,,0.0,0.33,1.43,0.99,6.88,34,21,70
161,u,0.0,0.0,5.4,176,108.0,0,0.0,-1,1.0,0.0,744,315.0,0,0,0.0,800.0,354.0,0,0,0.0,780.0,341.0,0.0,0.0,0.0,105,0,2950,0,0.0,0.0,0.0,0.0,0.0,0.0,0.0,0.0,0.0,0.0,0.0,800.0,354.0,0.0,799.0,354.0,0.0,797.0,353.0,0.0,800.0,354.0,,,,26,,Julio,Enciso Espínola,Enciso,has joined Strasbourg permanently.,,0,0,0,0,0,0,0,0,0,0,0,0,0,,,,0.0,0.0,0.0,0.0,0.0,0,0,0
162,u,0.0,0.0,5.4,181,112.0,0,0.0,-1,1.0,0.0,582,217.0,35,0,1.9,350.0,154.0,2,114,0.4,346.0,154.0,0.1,6.5,0.0,16799,0,19275,128,0.0,0.0,1.86,0.88,2.74,13.82,0.24,0.11,0.35,1.76,134.4,305.0,137.0,217.1,131.0,91.0,152.0,162.0,91.0,50.0,228.0,115.0,,,,26,,Brajan,Gruda,Gruda,has joined Leipzig on loan for the rest of the season.,,708,1,1,2,11,0,0,0,2,0,0,8,58,,,,0.0,0.25,1.4,1.02,7.37,14,4,40
190,a,,,3.9,763,223.0,0,0.0,-1,1.0,0.8,205,78.0,44,0,2.9,199.0,77.0,2,121,0.0,432.0,170.0,0.0,11.3,0.0,246387,229,198553,1051,-1.0,-0.5,0.21,0.24,0.45,22.73,0.02,0.02,0.04,1.74,273.8,192.0,79.0,43.1,346.0,120.0,78.0,259.0,74.0,39.5,275.0,92.0,,,,26,,Hjalmar,Ekdal,Ekdal,,,1179,0,0,2,24,0,0,0,0,0,0,13,146,,,,0.0,0.15,1.83,0.99,10.08,19,113,31
191,a,100.0,100.0,3.9,762,222.0,0,0.0,-1,1.0,8.0,48,16.0,57,3,2.5,263.0,102.0,0,186,2.5,147.0,49.0,0.6,14.6,0.0,739491,2930,1894770,5589,1.5,2.0,0.42,0.53,0.95,45.69,0.02,0.02,0.04,2.09,484.2,59.0,27.0,86.6,263.0,83.0,76.0,262.0,75.0,64.9,166.0,54.0,,,,26,,Maxime,Estève,Estève,,,1969,0,0,2,47,2,0,0,0,0,0,23,245,,,,0.0,0.09,2.15,1.05,10.01,28,191,70
166,i,0.0,0.0,4.8,371,232.0,0,0.0,-2,2.0,0.6,238,83.0,83,0,4.0,66.0,29.0,7,351,3.4,87.0,42.0,0.7,17.3,0.0,198359,84,151120,8674,0.0,0.0,2.54,1.07,3.61,24.57,0.13,0.06,0.19,1.3,311.2,157.0,57.0,214.4,132.0,92.0,206.0,107.0,64.0,73.3,130.0,71.0,4.0,5.0,,26,,Yasin,Ayari,Ayari,Shoulder injury - Unknown return date,,1699,3,3,5,21,0,0,0,0,0,0,18,200,,,,0.0,0.26,1.11,0.95,10.59,43,46,111
167,a,100.0,100.0,4.5,460,277.0,0,0.0,-5,5.0,1.5,153,49.0,36,0,1.7,372.0,162.0,0,141,2.2,166.0,74.0,0.5,8.0,0.0,185787,3605,536075,1802,2.2,2.2,0.36,0.27,0.63,16.24,0.03,0.02,0.05,1.24,90.0,352.0,156.0,88.9,257.0,156.0,25.0,358.0,187.0,20.4,359.0,171.0,,,,26,,Carlos,Baleba,Baleba,,,1179,0,0,4,16,0,0,0,5,0,0,18,140,,,,0.0,0.31,1.22,1.37,10.69,27,45,68
169,a,100.0,100.0,4.9,341,210.0,0,0.0,-1,1.0,0.2,408,138.0,59,3,2.6,254.0,106.0,5,248,1.4,241.0,105.0,0.3,12.0,0.0,75580,257,68561,371,1.4,1.4,4.45,1.21,5.66,22.72,0.26,0.07,0.33,1.35,299.6,176.0,69.0,245.4,111.0,77.0,301.0,66.0,40.0,84.7,104.0,60.0,,3.0,,26,,Diego,Gómez Amarilla,Gomez,,,1512,3,0,5,22,0,0,0,6,0,0,18,158,,,,0.0,0.3,1.31,1.07,9.4,57,32,69
172,u,0.0,0.0,4.8,373,234.0,0,0.0,-2,2.0,0.0,638,253.0,5,0,0.8,505.0,237.0,0,15,0.0,707.0,290.0,0.0,1.0,0.0,2397,0,4056,66,0.0,0.0,0.04,0.03,0.07,1.72,0.06,0.05,0.11,2.72,6.0,466.0,210.0,2.4,450.0,216.0,7.0,416.0,202.0,1.6,469.0,213.0,,,,26,,Tom,Watson,Watson,has joined Millwall on loan for the rest of the season.,,57,0,0,0,2,0,0,0,1,0,0,0,5,,,,0.0,0.0,3.16,0.0,7.89,1,0,4
173,a,100.0,0.0,4.9,332,207.0,0,0.0,-1,1.0,0.1,440,150.0,58,0,3.6,106.0,48.0,3,250,0.0,730.0,306.0,0.0,11.8,0.0,79448,15,77079,229,0.0,0.0,1.2,1.47,2.67,16.4,0.09,0.11,0.2,1.25,303.4,170.0,64.0,229.5,121.0,85.0,131.0,193.0,106.0,66.5,156.0,86.0,,,,26,,Mats,Wieffer,Wieffer,,,1179,0,4,3,17,0,0,0,4,0,0,13,184,,,,0.0,0.23,1.3,0.99,14.05,47,70,67
174,u,0.0,0.0,5.0,280,174.0,0,0.0,0,0.0,0.0,767,331.0,0,0,0.0,790.0,348.0,0,0,0.0,755.0,325.0,0.0,0.0,0.0,0,0,1262,0,0.0,0.0,0.0,0.0,0.0,0.0,0.0,0.0,0.0,0.0,0.0,789.0,347.0,0.0,788.0,348.0,0.0,784.0,346.0,0.0,790.0,348.0,,,,26,,Malick,Yalcouyé,Yalcouye,Has joined Swansea City on loan for the rest of the season.,,0,0,0,0,0,0,0,0,0,0,0,0,0,,,,0.0,0.0,0.0,0.0,0.0,0,0,0
699,a,100.0,100.0,4.9,317,197.0,0,0.0,-1,1.0,0.1,500,178.0,18,3,1.6,386.0,169.0,0,123,1.8,212.0,87.0,0.4,3.7,0.0,22186,801,17117,232,1.8,1.8,0.23,1.04,1.27,6.96,0.04,0.17,0.21,1.11,96.2,345.0,153.0,197.0,148.0,102.0,49.0,309.0,162.0,34.2,300.0,148.0,,,,26,,Douglas Luiz,Soares de Paulo,Douglas Luiz,,,563,0,1,1,9,0,0,0,2,0,0,8,68,,,,0.0,0.16,1.44,1.28,10.87,15,17,36
701,u,0.0,0.0,4.0,713,191.0,0,0.0,0,0.0,0.1,533,190.0,0,0,0.0,613.0,230.0,0,0,0.0,499.0,203.0,0.0,0.0,0.0,8943,0,10642,25,0.0,0.0,0.0,0.0,0.0,0.0,0.0,0.0,0.0,0.0,0.0,603.0,230.0,0.0,596.0,230.0,0.0,564.0,225.0,0.0,606.0,230.0,,,,26,,Triston,Rowe,Rowe,has joined Annecy on loan for the rest of the season.,,0,0,0,0,0,0,0,0,0,0,0,0,0,,,,0.0,0.0,0.0,0.0,0.0,0,0,0
199,a,100.0,100.0,3.8,786,235.0,0,0.0,-2,2.0,0.2,416,152.0,10,3,1.4,417.0,149.0,0,22,0.8,282.0,98.0,0.2,2.6,0.0,18794,307,22281,109,-0.2,0.3,0.0,0.02,0.02,5.75,0.0,0.01,0.01,2.12,67.4,380.0,145.0,1.0,463.0,171.0,4.0,424.0,157.0,7.3,427.0,153.0,,,,26,,Joe,Worrall,Worrall,,,244,0,0,0,5,0,0,0,0,0,0,2,37,,,,0.0,0.0,1.84,0.74,13.28,2,34,6
204,u,0.0,0.0,4.9,321,200.0,0,0.0,-1,1.0,0.0,722,302.0,0,0,0.0,767.0,330.0,0,0,0.0,721.0,300.0,0.0,0.0,0.0,160,0,2079,5,0.0,0.0,0.0,0.0,0.0,0.0,0.0,0.0,0.0,0.0,0.0,766.0,329.0,0.0,763.0,330.0,0.0,757.0,328.0,0.0,767.0,330.0,,,,26,,Darko,Churlinov,Churlinov,has joined Kocaelispor  permanently.,,0,0,0,0,0,0,0,0,0,0,0,0,0,,,,0.0,0.0,0.0,0.0,0.0,0,0,0
205,i,0.0,0.0,4.9,297,185.0,0,0.0,-1,1.0,0.9,200,67.0,70,0,3.9,81.0,38.0,8,321,0.0,711.0,293.0,0.0,14.3,0.0,568151,31,534040,1404,0.0,0.0,0.94,1.36,2.3,32.5,0.06,0.08,0.14,1.93,342.0,130.0,44.0,218.1,129.0,89.0,98.0,235.0,130.0,66.0,158.0,88.0,,,,26,,Josh,Cullen,Cullen,Knee injury - Expected back 30 Sep,,1513,2,2,3,29,1,0,0,2,0,0,18,173,,,,0.0,0.18,1.73,1.07,10.29,32,68,73
180,i,0.0,0.0,5.2,221,51.0,0,0.0,-3,3.0,0.1,526,75.0,16,0,1.8,367.0,43.0,0,55,0.0,766.0,81.0,0.0,3.1,0.0,13084,13,22996,58,0.0,0.0,0.44,0.11,0.55,2.59,0.3,0.08,0.38,1.77,66.6,383.0,39.0,65.7,300.0,31.0,44.0,321.0,50.0,17.7,371.0,45.0,,,,26,,Stefanos,Tzimas,Tzimas,Knee injury - Expected back 01 Jun,,132,1,1,0,2,0,0,0,0,0,0,1,15,,,,0.0,0.0,1.36,0.68,10.23,3,2,10
181,a,,,4.8,375,64.0,0,0.0,-2,2.0,0.4,291,45.0,30,1,1.9,344.0,38.0,3,117,2.4,162.0,21.0,0.5,6.2,0.0,53661,909,71487,715,2.4,2.4,1.7,0.23,1.93,4.62,0.52,0.07,0.59,1.42,129.6,311.0,30.0,80.0,275.0,28.0,192.0,126.0,30.0,40.1,273.0,31.0,,,,26,,Charalampos,Kostoulas,Kostoulas,,,292,2,1,1,7,0,0,0,2,0,0,2,38,,,,0.0,0.31,2.16,0.62,11.71,11,5,22
220,a,100.0,100.0,4.9,311,12.0,0,0.0,-1,1.0,15.0,23,3.0,93,1,3.7,96.0,11.0,7,415,2.0,189.0,15.0,0.4,19.0,0.0,1643321,10827,2642605,20793,3.0,2.5,0.0,0.04,0.04,33.74,0.0,0.0,0.0,1.4,587.2,25.0,7.0,50.0,332.0,1.0,0.0,755.0,86.0,63.3,172.0,4.0,,,,26,,Robert,Lynch Sánchez,Sánchez,,,2164,0,1,9,29,0,0,0,2,1,65,25,89,,,,2.7,0.37,1.21,1.04,0.0,0,19,217
221,d,75.0,75.0,4.3,602,29.0,0,0.0,-2,2.0,0.2,400,58.0,3,0,1.5,402.0,31.0,0,18,0.0,552.0,84.0,0.0,0.7,0.0,14955,25,26478,198,0.8,0.4,0.0,0.0,0.0,2.78,0.0,0.0,0.0,1.44,28.2,430.0,31.0,0.0,633.0,81.0,0.0,608.0,69.0,2.8,458.0,31.0,,,,26,,Filip,Jörgensen,Jörgensen,Knock - 75% chance of playing,,174,0,0,0,3,0,0,0,0,0,3,1,7,,,,1.55,0.0,1.55,0.52,0.0,0,2,14
226,a,100.0,100.0,5.8,106,8.0,0,0.0,8,-8.0,23.8,14,4.0,124,3,5.0,15.0,5.0,7,450,3.5,83.0,30.0,0.6,21.4,0.0,4682755,45193,2024584,44540,4.5,4.0,1.14,0.74,1.88,31.98,0.05,0.03,0.08,1.31,625.8,16.0,7.0,90.9,255.0,76.0,145.0,173.0,38.0,86.1,96.0,25.0,,,,26,,Trevoh,Chalobah,Chalobah,,,2190,3,1,9,29,0,0,0,3,1,0,25,257,,,,0.0,0.37,1.19,1.03,9.25,31,194,93
227,i,0.0,0.0,4.7,388,66.0,0,0.0,-3,3.0,0.1,472,172.0,0,0,0.0,755.0,259.0,0,0,0.0,694.0,250.0,0.0,0.0,0.0,1155,18,30547,29,0.0,0.0,0.0,0.0,0.0,0.0,0.0,0.0,0.0,0.0,0.0,754.0,259.0,0.0,750.0,259.0,0.0,741.0,259.0,0.0,755.0,259.0,,,,26,,Levi,Samuels Colwill,Colwill,Anterior cruciate ligament - Unknown return date,,0,0,0,0,0,0,0,0,0,0,0,0,0,,,,0.0,0.0,0.0,0.0,0.0,0,0,0
228,a,100.0,100.0,4.9,335,54.0,0,0.0,-1,1.0,2.0,131,51.0,77,0,3.3,143.0,54.0,7,302,1.0,268.0,97.0,0.2,15.7,0.0,461159,5857,441492,6622,2.0,1.5,1.46,1.19,2.65,25.38,0.09,0.07,0.16,1.55,320.8,150.0,66.0,267.6,101.0,25.0,148.0,167.0,36.0,73.6,128.0,42.0,,,,26,,Malo,Gusto,Gusto,,,1476,2,2,6,20,0,0,0,2,1,0,16,118,,,,0.0,0.37,1.22,0.98,5.37,40,48,88
229,a,100.0,100.0,4.4,534,113.0,0,0.0,-1,1.0,0.0,611,217.0,7,0,0.9,501.0,173.0,0,48,1.0,265.0,95.0,0.2,1.6,0.0,8703,45,7661,298,2.0,1.5,0.0,0.06,0.06,7.41,0.0,0.01,0.01,1.42,102.8,334.0,126.0,7.9,429.0,155.0,2.0,439.0,164.0,11.4,400.0,143.0,,,,26,,Benoît,Badiashile Mukinayi,B.Badiashile,,,470,0,0,0,10,0,0,0,2,0,0,6,51,,,,0.0,0.0,1.91,1.15,9.19,7,41,16
230,a,100.0,100.0,4.4,539,116.0,0,0.0,-1,1.0,0.5,266,98.0,49,1,3.3,139.0,52.0,3,224,2.0,185.0,68.0,0.5,11.1,0.0,107323,1143,86002,1715,3.0,2.5,0.25,0.52,0.77,15.01,0.02,0.05,0.07,1.42,309.2,159.0,70.0,32.8,364.0,128.0,22.0,367.0,126.0,36.4,287.0,95.0,,,,26,,Wesley,Fofana,Fofana,,,952,0,1,4,10,0,0,0,2,0,0,10,135,,,,0.0,0.38,0.95,0.95,12.01,14,113,50
232,a,100.0,75.0,4.0,663,162.0,0,0.0,-5,5.0,0.2,344,124.0,30,0,2.7,237.0,93.0,2,115,0.0,455.0,180.0,0.0,7.5,0.0,105188,107,220516,272,1.0,0.4,0.11,0.4,0.5,10.99,0.01,0.05,0.06,1.4,216.2,236.0,93.0,32.0,367.0,130.0,19.0,375.0,130.0,26.8,334.0,115.0,,,,26,,Tosin,Adarabioyo,Tosin,,,704,0,0,2,11,0,0,0,2,0,0,7,101,,,,0.0,0.26,1.41,0.89,11.12,13,74,18
233,a,100.0,100.0,3.7,815,263.0,0,0.0,-3,3.0,1.5,156,62.0,32,0,2.9,198.0,76.0,5,98,0.2,348.0,125.0,0.1,8.6,0.0,528835,9683,467523,3175,1.2,0.7,0.6,0.1,0.7,13.62,0.1,0.02,0.12,2.17,123.2,315.0,119.0,28.9,371.0,131.0,64.0,282.0,82.0,21.7,354.0,121.0,,,,26,,Josh,Acheampong,Acheampong,,,566,1,0,2,11,0,0,0,1,0,0,7,56,,,,0.0,0.32,1.75,1.11,6.36,9,31,23
234,u,0.0,0.0,4.0,730,207.0,0,0.0,0,0.0,0.1,576,207.0,0,0,0.0,626.0,242.0,0,0,0.0,514.0,217.0,0.0,0.0,0.0,1262,0,10136,27,0.0,0.0,0.0,0.0,0.0,0.0,0.0,0.0,0.0,0.0,0.0,616.0,242.0,0.0,609.0,242.0,0.0,578.0,238.0,0.0,619.0,242.0,,,,26,,Aarón,Anselmino,Anselmino,has joined Strasbourg on loan for the rest of the season.,,0,0,0,0,0,0,0,0,0,0,0,0,0,,,,0.0,0.0,0.0,0.0,0.0,0,0,0
235,a,100.0,100.0,10.6,3,2.0,1,-1.0,1,-1.0,15.3,22,8.0,79,12,5.3,9.0,6.0,7,272,8.5,2.0,1.0,0.8,7.5,0.0,2087196,173419,6942453,3823,9.5,9.0,7.67,0.96,8.63,17.9,0.7,0.09,0.79,1.62,372.2,110.0,37.0,181.4,159.0,111.0,340.0,54.0,33.0,89.3,87.0,52.0,,1.0,1.0,26,,Cole,Palmer,Palmer,,,993,8,2,2,15,0,0,0,3,0,0,13,72,,,,0.0,0.18,1.36,1.18,6.53,13,16,43
236,a,100.0,100.0,7.0,37,23.0,0,0.0,0,0.0,4.9,70,25.0,99,1,3.8,91.0,42.0,6,426,2.0,198.0,84.0,0.3,14.1,0.0,1894899,7372,1845970,19015,3.0,2.5,4.13,5.02,9.15,27.2,0.19,0.23,0.42,1.24,416.0,84.0,28.0,630.8,10.0,10.0,408.0,31.0,16.0,145.7,19.0,15.0,1.0,4.0,,26,,Pedro,Lomba Neto,Neto,,,1982,5,4,10,19,0,0,0,2,0,0,22,99,,,,0.0,0.45,0.86,1.0,4.5,15,17,67
237,a,100.0,100.0,6.9,41,24.0,0,0.0,4,-4.0,22.8,16,5.0,118,2,4.7,23.0,11.0,14,500,5.0,27.0,17.0,0.7,17.1,0.0,5252395,43578,3065447,94234,6.0,5.5,9.78,5.13,14.91,31.28,0.41,0.22,0.63,1.31,618.4,18.0,5.0,707.1,5.0,5.0,596.0,14.0,5.0,192.3,3.0,2.0,3.0,3.0,2.0,26,,Enzo,Fernández,Enzo,,,2144,8,3,8,27,0,0,0,6,0,0,24,177,,,,0.0,0.34,1.13,1.01,7.43,44,38,95
238,a,100.0,100.0,6.4,63,41.0,0,0.0,-1,1.0,2.4,120,38.0,55,3,2.9,215.0,89.0,4,169,4.0,64.0,33.0,0.6,8.6,0.0,844013,5702,813437,9677,5.0,4.5,2.82,2.12,4.94,8.13,0.34,0.26,0.6,0.99,177.2,264.0,113.0,218.3,128.0,88.0,283.0,73.0,44.0,67.7,152.0,82.0,4.0,,3.0,26,,Estêvão,Almeida de Oliveira Gonçalves,Estêvão,,,738,2,5,4,8,0,0,0,3,0,0,10,51,,,,0.0,0.49,0.98,1.22,6.22,10,8,33
239,i,0.0,0.0,6.0,88,56.0,0,0.0,-5,5.0,0.1,473,164.0,25,0,1.6,395.0,175.0,0,99,0.5,338.0,150.0,0.1,4.2,0.0,17079,9,41492,165,0.0,0.0,0.81,0.94,1.75,8.89,0.15,0.17,0.32,1.65,93.0,347.0,154.0,130.4,202.0,133.0,91.0,245.0,134.0,31.3,316.0,155.0,,,,26,,Jamie,Bynoe-Gittens,Gittens,Hamstring injury - Unknown return date,,486,0,2,1,7,0,0,0,0,0,0,5,29,,,,0.0,0.19,1.3,0.93,5.37,8,6,15
240,u,0.0,0.0,5.9,96,61.0,0,0.0,-1,1.0,0.1,519,188.0,0,0,0.0,807.0,360.0,0,0,0.0,794.0,352.0,0.0,0.0,0.0,2668,0,23706,17,0.0,0.0,0.0,0.0,0.0,0.0,0.0,0.0,0.0,0.0,0.0,807.0,360.0,0.0,807.0,360.0,0.0,806.0,360.0,0.0,807.0,360.0,,,,26,,Christopher,Nkunku,Nkunku,has joined AC Milan permanently.,,0,0,0,0,0,0,0,0,0,0,0,0,0,,,,0.0,0.0,0.0,0.0,0.0,0,0,0
241,a,100.0,100.0,5.7,119,74.0,0,0.0,2,-2.0,8.0,49,17.0,85,1,4.0,73.0,32.0,10,410,2.8,136.0,64.0,0.5,14.9,0.0,3220194,8569,3126884,13882,3.8,3.3,1.09,1.76,2.85,27.1,0.06,0.09,0.15,1.37,448.4,68.0,20.0,264.2,103.0,74.0,102.0,229.0,126.0,81.2,112.0,62.0,,,,26,,Moisés,Caicedo Corozo,Caicedo,,,1774,3,1,6,25,0,0,0,8,1,0,20,263,,,,0.0,0.3,1.27,1.01,13.34,64,77,122
252,a,100.0,100.0,4.2,640,88.0,0,0.0,-3,3.0,5.9,61,12.0,12,0,1.3,423.0,51.0,0,19,0.0,529.0,51.0,0.0,2.9,0.0,1179492,5162,2650074,7790,1.0,0.5,1.46,0.29,1.75,5.65,0.53,0.11,0.64,2.06,24.6,435.0,51.0,38.8,351.0,42.0,81.0,256.0,46.0,12.6,393.0,46.0,,,,26,,Marc,Guiu Paz,Marc Guiu,,,247,0,1,0,2,0,0,0,1,0,0,1,7,,,,0.0,0.0,0.73,0.36,2.55,0,4,3
453,a,,,6.4,62,40.0,0,0.0,-1,1.0,0.5,261,89.0,42,0,2.6,260.0,110.0,2,151,0.5,339.0,151.0,0.1,6.6,0.0,234385,502,222104,2042,1.5,1.0,2.49,2.57,5.06,16.16,0.25,0.26,0.51,1.64,141.0,298.0,132.0,247.4,110.0,76.0,273.0,79.0,48.0,65.2,165.0,90.0,,,,26,,Alejandro,Garnacho Ferreyra,Garnacho,,,889,1,3,4,12,0,0,0,1,0,0,12,49,,,,0.0,0.4,1.21,1.21,4.96,8,7,34
672,a,100.0,100.0,4.6,403,70.0,0,0.0,-4,4.0,0.2,394,146.0,8,0,0.7,507.0,175.0,0,25,0.5,322.0,118.0,0.1,1.7,0.0,14001,454,38138,220,1.5,1.0,0.22,0.3,0.52,6.69,0.05,0.07,0.12,1.65,78.0,366.0,140.0,61.8,311.0,104.0,19.0,377.0,131.0,15.9,374.0,132.0,,,,26,,Jorrel,Hato,Hato,,,366,0,0,0,9,0,0,0,2,0,0,3,39,,,,0.0,0.0,2.21,0.74,8.36,11,23,14
743,a,,,4.5,500,308.0,0,0.0,0,0.0,0.0,727,304.0,0,0,0.0,741.0,311.0,0,0,0.0,673.0,266.0,0.0,0.0,0.0,1426,21,1249,22,1.0,0.5,0.0,0.0,0.0,0.0,0.0,0.0,0.0,0.0,0.0,740.0,310.0,0.0,735.0,311.0,0.0,721.0,307.0,0.0,741.0,311.0,,,,26,,Landon,Emenalo,Emenalo,,,0,0,0,0,0,0,0,0,0,0,0,0,0,,,,0.0,0.0,0.0,0.0,0.0,0,0,0
803,a,,,4.0,697,59.0,0,0.0,0,0.0,0.0,799,91.0,0,0,0.0,600.0,78.0,0,0,0.0,485.0,70.0,0.0,0.0,0.0,101,12,46,11,1.0,0.5,0.0,0.0,0.0,0.0,0.0,0.0,0.0,0.0,0.0,590.0,78.0,0.0,583.0,66.0,0.0,550.0,52.0,0.0,593.0,78.0,,,,26,,Teddy,Sharman-Lowe,Sharman-Lowe,,,0,0,0,0,0,0,0,0,0,0,0,0,0,,,,0.0,0.0,0.0,0.0,0.0,0,0,0
253,a,,,5.0,245,8.0,0,0.0,0,0.0,7.4,53,8.0,93,1,3.6,108.0,12.0,4,395,3.0,112.0,8.0,0.6,18.6,0.0,900765,5927,872407,8347,3.5,3.5,0.0,0.1,0.1,33.78,0.0,0.0,0.0,1.3,546.0,38.0,11.0,10.0,423.0,11.0,0.0,771.0,89.0,55.5,206.0,11.0,,,,26,,Dean,Henderson,Henderson,,,2340,0,0,9,32,0,0,0,2,0,67,26,80,,,,2.58,0.35,1.23,1.0,0.0,0,36,209
254,a,100.0,100.0,4.0,665,45.0,0,0.0,0,0.0,0.3,316,43.0,0,0,0.0,574.0,65.0,0,0,0.0,457.0,56.0,0.0,0.0,0.0,14330,256,30020,229,0.5,0.5,0.0,0.0,0.0,0.0,0.0,0.0,0.0,0.0,0.0,564.0,65.0,0.0,556.0,52.0,0.0,522.0,38.0,0.0,567.0,65.0,,,,26,,Walter,Benítez,Benitez,,,0,0,0,0,0,0,0,0,0,0,0,0,0,,,,0.0,0.0,0.0,0.0,0.0,0,0,0
255,a,,,3.9,747,76.0,0,0.0,-1,1.0,0.1,476,71.0,0,0,0.0,542.0,44.0,0,0,0.0,422.0,35.0,0.0,0.0,0.0,5786,73,8343,62,0.5,0.5,0.0,0.0,0.0,0.0,0.0,0.0,0.0,0.0,0.0,532.0,44.0,0.0,522.0,29.0,0.0,487.0,15.0,0.0,535.0,44.0,,,,26,,Remi,Matthews,Matthews,,,0,0,0,0,0,0,0,0,0,0,0,0,0,,,,0.0,0.0,0.0,0.0,0.0,0,0,0
256,a,100.0,100.0,5.9,98,6.0,1,-1.0,4,-4.0,8.1,47,15.0,98,1,5.4,8.0,2.0,7,341,2.2,178.0,63.0,0.4,16.6,0.0,3546761,26398,3657887,9404,2.7,2.7,1.94,3.27,5.21,20.75,0.11,0.19,0.3,1.18,400.8,94.0,43.0,275.2,94.0,23.0,276.0,76.0,5.0,95.0,76.0,18.0,,,,26,,Daniel,Muñoz Mejía,Muñoz,,,1586,3,3,8,18,0,0,0,5,0,0,18,161,,,,0.0,0.45,1.02,1.02,6.87,39,82,68
257,a,,,5.1,232,32.0,0,0.0,1,-1.0,6.4,57,19.0,116,3,4.5,32.0,11.0,7,415,4.2,44.0,12.0,0.8,22.7,0.0,1559464,28156,970439,9366,4.7,4.7,1.85,0.72,2.57,33.78,0.07,0.03,0.1,1.3,597.8,22.0,10.0,79.3,278.0,88.0,200.0,117.0,21.0,87.7,92.0,22.0,,,,26,,Maxence,Lacroix,Lacroix,,,2340,0,2,9,32,0,0,0,3,0,0,26,303,,,,0.0,0.35,1.23,1.0,10.62,49,227,75
258,a,,,5.0,255,38.0,0,0.0,0,0.0,2.0,130,50.0,94,1,3.6,109.0,39.0,5,335,2.5,158.0,56.0,0.5,18.8,0.0,424354,3270,358270,2818,3.0,3.0,1.0,1.44,2.44,33.78,0.04,0.06,0.1,1.32,448.4,67.0,30.0,323.5,68.0,14.0,161.0,153.0,31.0,93.3,79.0,19.0,,,,26,,Tyrick,Mitchell,Mitchell,,,2308,1,0,9,32,0,0,0,5,0,0,26,225,,,,0.0,0.35,1.25,1.01,6.9,72,105,127
259,a,100.0,100.0,4.8,359,59.0,0,0.0,-2,2.0,0.1,450,165.0,5,0,1.0,484.0,172.0,0,10,0.2,365.0,135.0,0.0,1.0,0.0,10064,278,17648,173,0.7,0.7,0.0,0.06,0.06,0.83,0.0,0.1,0.1,1.41,11.0,450.0,166.0,12.2,406.0,148.0,4.0,427.0,158.0,2.7,459.0,165.0,,,,26,,Borna,Sosa,Sosa,,,53,0,0,0,1,0,0,0,0,0,0,0,8,,,,0.0,0.0,1.7,0.0,11.89,3,4,1
261,a,100.0,100.0,4.4,536,115.0,0,0.0,-1,1.0,2.7,113,46.0,93,0,4.2,49.0,17.0,3,337,4.0,51.0,16.0,0.9,21.1,0.0,905095,9102,749134,4181,4.5,4.5,0.98,1.26,2.24,27.21,0.04,0.06,0.1,1.24,521.4,45.0,20.0,100.9,242.0,68.0,125.0,205.0,50.0,75.0,125.0,40.0,,,,26,,Chris,Richards,Richards,,,1972,1,0,8,28,0,0,0,3,0,0,22,236,,,,0.0,0.37,1.28,1.0,10.22,47,177,45
262,a,100.0,100.0,4.0,702,183.0,0,0.0,0,0.0,0.0,625,223.0,6,1,2.0,323.0,119.0,0,29,1.5,229.0,84.0,0.4,1.5,0.0,4060,195,2778,140,2.0,2.0,0.09,0.03,0.12,0.4,0.07,0.02,0.09,0.3,39.2,410.0,154.0,16.9,394.0,142.0,8.0,402.0,149.0,6.4,432.0,155.0,,,,26,,Chadi,Riad Dnanou,Chadi Riad,,,119,0,1,0,1,0,0,0,1,0,0,1,7,,,,0.0,0.0,0.76,0.76,5.29,0,7,6
263,a,100.0,100.0,3.8,782,232.0,0,0.0,-2,2.0,0.6,244,92.0,14,0,2.0,322.0,118.0,2,50,0.0,388.0,144.0,0.0,3.7,0.0,88462,423,97251,837,0.5,0.5,0.43,0.56,0.99,5.77,0.09,0.12,0.21,1.24,74.4,373.0,142.0,46.3,340.0,116.0,31.0,345.0,112.0,15.1,380.0,135.0,,,,26,,Nathaniel,Clyne,Clyne,,,418,0,1,0,8,0,0,0,0,0,0,6,34,,,,0.0,0.0,1.72,1.29,7.32,12,22,15
264,u,0.0,0.0,4.0,666,163.0,0,0.0,0,0.0,0.0,691,239.0,0,0,0.0,575.0,210.0,0,0,0.0,458.0,181.0,0.0,0.0,0.0,0,0,3896,7,0.0,0.0,0.0,0.0,0.0,0.0,0.0,0.0,0.0,0.0,0.0,565.0,210.0,0.0,557.0,210.0,0.0,523.0,203.0,0.0,568.0,210.0,,,,26,,Rob,Holding,Holding,Has joined Colorado Rapids permanently.,,0,0,0,0,0,0,0,0,0,0,0,0,0,,,,0.0,0.0,0.0,0.0,0.0,0,0,0
265,i,0.0,0.0,4.0,720,197.0,0,0.0,0,0.0,0.0,728,252.0,0,0,0.0,619.0,235.0,0,0,0.0,506.0,209.0,0.0,0.0,0.0,636,11,2228,11,0.0,0.0,0.0,0.0,0.0,0.0,0.0,0.0,0.0,0.0,0.0,609.0,235.0,0.0,602.0,235.0,0.0,570.0,230.0,0.0,612.0,235.0,,,,26,,Caleb,Kporha,Kporha,Back injury - Unknown return date,,0,0,0,0,0,0,0,0,0,0,0,0,0,,,,0.0,0.0,0.0,0.0,0.0,0,0,0
267,a,100.0,100.0,6.4,57,36.0,1,-1.0,-1,1.0,3.9,84,28.0,71,2,4.4,39.0,19.0,6,222,4.8,30.0,18.0,0.7,11.1,0.0,2491690,18936,2621646,5214,5.3,5.3,6.31,0.63,6.93,18.39,0.42,0.04,0.46,1.21,279.6,186.0,74.0,191.6,151.0,105.0,311.0,62.0,37.0,78.4,118.0,66.0,,,,26,,Ismaïla,Sarr,Sarr,,,1366,5,1,7,16,0,0,0,1,0,0,16,91,,,,0.0,0.46,1.05,1.05,6.0,12,29,50
268,i,0.0,0.0,4.9,326,203.0,0,0.0,-1,1.0,0.0,790,348.0,0,0,0.0,770.0,333.0,0,0,0.0,725.0,303.0,0.0,0.0,0.0,403,6,634,2,0.0,0.0,0.0,0.0,0.0,0.0,0.0,0.0,0.0,0.0,0.0,769.0,332.0,0.0,766.0,333.0,0.0,760.0,331.0,0.0,770.0,333.0,,,,26,,Cheick,Doucouré,Doucouré,Knee injury - Unknown return date,,0,0,0,0,0,0,0,0,0,0,0,0,0,,,,0.0,0.0,0.0,0.0,0.0,0,0,0
269,u,0.0,0.0,4.7,395,247.0,0,0.0,-3,3.0,0.1,453,155.0,4,0,1.0,482.0,221.0,0,12,0.0,697.0,283.0,0.0,0.9,0.0,11622,0,28463,95,0.0,0.0,0.0,0.04,0.04,1.74,0.0,0.09,0.09,3.92,6.8,461.0,208.0,2.7,447.0,215.0,6.0,418.0,204.0,1.5,471.0,215.0,,,,26,,Romain,Esse,Esse,has joined Coventry City on loan for the rest of the season.,,40,0,0,0,0,0,0,0,0,0,0,0,5,,,,0.0,0.0,0.0,0.0,11.25,3,0,2
270,a,100.0,100.0,4.7,378,236.0,0,0.0,-3,3.0,0.1,466,160.0,37,1,1.6,383.0,167.0,0,178,1.5,232.0,99.0,0.3,7.9,0.0,20585,274,23409,255,2.0,2.0,1.06,1.64,2.7,16.88,0.08,0.13,0.21,1.32,151.4,290.0,129.0,274.2,95.0,69.0,81.0,257.0,138.0,50.7,224.0,112.0,5.0,,,26,,Will,Hughes,Hughes,,,1155,0,1,5,13,0,0,0,5,0,0,13,113,,,,0.0,0.39,1.01,1.01,8.81,21,41,51
276,a,100.0,100.0,4.3,593,347.0,0,0.0,-2,2.0,1.3,166,53.0,29,0,1.6,380.0,165.0,0,81,0.0,546.0,177.0,0.0,6.7,0.0,273138,4430,315501,1968,0.5,0.5,2.38,0.36,2.74,10.05,0.36,0.05,0.41,1.53,86.6,354.0,158.0,94.5,250.0,155.0,164.0,149.0,85.0,34.5,295.0,146.0,,2.0,,26,,Justin,Devenny,Devenny,,,593,1,0,1,10,0,0,0,0,0,0,5,48,,,,0.0,0.15,1.52,0.76,7.28,16,8,24
277,u,0.0,0.0,4.5,433,259.0,0,0.0,0,0.0,0.0,794,350.0,0,0,0.0,698.0,276.0,0,0,0.0,621.0,223.0,0.0,0.0,0.0,0,0,745,0,0.0,0.0,0.0,0.0,0.0,0.0,0.0,0.0,0.0,0.0,0.0,692.0,270.0,0.0,689.0,274.0,0.0,671.0,267.0,0.0,695.0,273.0,,,,26,,Malcolm,Ebiowei,Ebiowei,Has joined Blackpool permanently.,,0,0,0,0,0,0,0,0,0,0,0,0,0,,,,0.0,0.0,0.0,0.0,0.0,0,0,0
278,u,0.0,0.0,4.4,542,324.0,0,0.0,-1,1.0,0.0,644,257.0,0,0,0.0,668.0,257.0,0,0,0.0,582.0,199.0,0.0,0.0,0.0,4359,0,9445,29,0.0,0.0,0.0,0.0,0.0,0.0,0.0,0.0,0.0,0.0,0.0,659.0,248.0,0.0,656.0,254.0,0.0,633.0,243.0,0.0,662.0,251.0,,,,26,,Jesurun,Rak-Sakyi,J.Rak-Sakyi,has joined Stoke City on loan for the rest of the season.,,0,0,0,0,0,0,0,0,0,0,0,0,0,,,,0.0,0.0,0.0,0.0,0.0,0,0,0
279,u,0.0,0.0,4.5,463,280.0,0,0.0,0,0.0,0.0,762,326.0,0,0,0.0,716.0,293.0,0,0,0.0,641.0,241.0,0.0,0.0,0.0,95,0,1645,1,0.0,0.0,0.0,0.0,0.0,0.0,0.0,0.0,0.0,0.0,0.0,711.0,288.0,0.0,708.0,291.0,0.0,691.0,284.0,0.0,713.0,290.0,,,,26,,Matheus,França de Oliveira,M.França,Has joined CR Vasco da Gama on loan for the rest of the season.,,0,0,0,0,0,0,0,0,0,0,0,0,0,,,,0.0,0.0,0.0,0.0,0.0,0,0,0
280,u,0.0,0.0,4.5,458,275.0,0,0.0,0,0.0,0.0,810,361.0,0,0,0.0,713.0,290.0,0,0,0.0,638.0,238.0,0.0,0.0,0.0,0,0,189,0,0.0,0.0,0.0,0.0,0.0,0.0,0.0,0.0,0.0,0.0,0.0,708.0,285.0,0.0,705.0,288.0,0.0,688.0,281.0,0.0,710.0,287.0,,,,26,,David,Ozoh,Ozoh,Has joined Derby County on loan for the rest of the season.,,0,0,0,0,0,0,0,0,0,0,0,0,0,,,,0.0,0.0,0.0,0.0,0.0,0,0,0
281,a,,,4.4,553,332.0,0,0.0,-1,1.0,0.0,585,220.0,1,0,1.0,466.0,206.0,0,2,0.0,589.0,205.0,0.0,0.2,0.0,5422,105,6579,64,0.5,0.5,0.0,0.0,0.0,0.65,0.0,0.0,0.0,19.5,0.0,665.0,254.0,0.1,484.0,234.0,0.0,640.0,250.0,0.0,668.0,257.0,,,,26,,Kaden,Rodney,Rodney,,,3,0,0,0,0,0,0,0,0,0,0,0,0,,,,0.0,0.0,0.0,0.0,0.0,0,0,0
282,u,0.0,0.0,4.5,477,291.0,0,0.0,0,0.0,0.0,695,288.0,0,0,0.0,725.0,300.0,0,0,0.0,653.0,251.0,0.0,0.0,0.0,860,0,3042,2,0.0,0.0,0.0,0.0,0.0,0.0,0.0,0.0,0.0,0.0,0.0,722.0,297.0,0.0,718.0,299.0,0.0,703.0,294.0,0.0,724.0,299.0,,,,26,,Franco,Umeh-Chibueze,Umeh,has joined Portsmouth permanently.,,0,0,0,0,0,0,0,0,0,0,0,0,0,,,,0.0,0.0,0.0,0.0,0.0,0,0,0
283,i,0.0,0.0,7.5,23,8.0,0,0.0,0,0.0,7.1,55,11.0,84,0,3.7,103.0,9.0,9,281,0.5,340.0,47.0,0.1,11.2,0.0,4729598,82,5063082,33521,0.0,0.0,11.88,1.26,13.14,26.67,0.56,0.06,0.62,1.26,411.8,88.0,6.0,119.7,213.0,22.0,664.0,6.0,4.0,119.4,38.0,9.0,,,2.0,26,,Jean-Philippe,Mateta,Mateta,Knee injury - Unknown return date,,1904,8,0,8,23,0,0,0,2,0,0,23,110,,,,0.0,0.38,1.09,1.09,5.2,8,51,51
49,a,100.0,100.0,5.5,141,87.0,0,0.0,0,0.0,0.1,491,173.0,4,1,1.0,498.0,234.0,0,15,1.0,273.0,117.0,0.2,0.7,0.0,4912,405,49133,182,1.0,1.0,0.15,0.54,0.69,1.11,0.1,0.37,0.47,0.77,20.2,442.0,195.0,79.1,279.0,163.0,27.0,353.0,185.0,12.7,392.0,182.0,,,,26,,Leon,Bailey,Bailey,,,130,0,0,0,0,0,0,0,0,0,0,0,13,,,,0.0,0.0,0.0,0.0,9.0,3,1,9
51,u,0.0,0.0,5.5,150,93.0,0,0.0,0,0.0,0.0,683,280.0,0,0,0.0,804.0,358.0,0,0,0.0,786.0,347.0,0.0,0.0,0.0,1383,0,3774,4,0.0,0.0,0.0,0.0,0.0,0.0,0.0,0.0,0.0,0.0,0.0,804.0,358.0,0.0,803.0,358.0,0.0,801.0,357.0,0.0,804.0,358.0,,,,26,,Samuel,Iling-Junior,Iling Jr,has joined Pisa on loan for the rest of the season.,,0,0,0,0,0,0,0,0,0,0,0,0,0,,,,0.0,0.0,0.0,0.0,0.0,0,0,0
807,a,,,5.5,152,94.0,0,0.0,0,0.0,0.9,201,68.0,19,6,6.3,3.0,1.0,2,66,6.3,12.0,8.0,1.1,3.5,0.0,112904,68582,4070,1444,6.3,6.3,0.5,0.72,1.22,4.18,0.23,0.33,0.56,1.9,90.2,351.0,155.0,62.7,306.0,174.0,70.0,274.0,148.0,22.3,352.0,169.0,,,,26,,Rayan Vitor,Simplício Rocha,Rayan,,,198,2,1,0,2,0,0,0,1,0,0,2,9,,,,0.0,0.0,0.91,0.91,4.09,0,1,8
27,a,100.0,0.0,4.8,356,224.0,0,0.0,-2,2.0,0.1,488,171.0,6,0,1.0,483.0,222.0,0,19,0.0,699.0,285.0,0.0,1.2,0.0,10259,77,17904,72,0.0,0.0,0.61,0.07,0.68,1.21,1.1,0.13,1.23,2.18,16.4,446.0,198.0,4.0,443.0,214.0,16.0,382.0,192.0,3.4,453.0,204.0,,,,26,,Reiss,Nelson,Nelson,,,50,0,0,0,1,0,0,0,0,0,0,0,17,,,,0.0,0.0,1.8,0.0,30.6,2,3,12
284,i,0.0,0.0,5.4,166,43.0,0,0.0,-1,1.0,0.3,313,50.0,23,0,1.9,348.0,40.0,3,100,0.0,775.0,82.0,0.0,4.3,0.0,124258,37,143667,544,0.0,0.0,1.77,0.46,2.23,9.49,0.38,0.1,0.48,2.06,120.0,317.0,31.0,84.6,269.0,26.0,173.0,139.0,33.0,37.8,280.0,33.0,,,,26,,Eddie,Nketiah,Nketiah,Hamstring injury - Unknown return date,,414,2,0,0,12,0,0,0,2,0,0,2,38,,,,0.0,0.0,2.61,0.43,8.26,8,13,17
285,u,0.0,0.0,5.0,247,54.0,0,0.0,0,0.0,0.2,368,59.0,1,0,1.0,490.0,60.0,0,6,0.0,740.0,79.0,0.0,0.2,0.0,9044,0,89288,46,0.0,0.0,0.0,0.0,0.0,0.27,0.0,0.0,0.0,12.15,2.0,482.0,57.0,0.0,775.0,86.0,0.0,772.0,86.0,0.2,499.0,62.0,,,,26,,Odsonne,Édouard,Édouard,has joined RC Lens permanently.,,2,0,0,0,0,0,0,0,0,0,0,0,1,,,,0.0,0.0,0.0,0.0,45.0,1,0,0
286,a,,,4.4,560,80.0,0,0.0,-1,1.0,0.3,306,49.0,0,0,0.0,679.0,73.0,0,0,0.0,596.0,63.0,0.0,0.0,0.0,49209,710,55831,564,0.5,0.5,0.0,0.0,0.0,0.0,0.0,0.0,0.0,0.0,0.0,672.0,73.0,0.0,668.0,72.0,0.0,647.0,72.0,0.0,675.0,73.0,,,,26,,Zach,Marsh,Marsh,,,0,0,0,0,0,0,0,0,0,0,0,0,0,,,,0.0,0.0,0.0,0.0,0.0,0,0,0
580,a,,,6.5,50,32.0,0,0.0,-5,5.0,2.4,119,37.0,45,1,2.0,334.0,148.0,2,149,1.5,238.0,103.0,0.2,6.9,0.0,1139663,892,1307256,2670,2.0,2.0,1.72,0.7,2.42,17.24,0.15,0.06,0.21,1.47,162.4,280.0,123.0,160.1,180.0,122.0,185.0,131.0,76.0,50.5,226.0,113.0,,,,26,,Brennan,Johnson,Johnson,,,1052,2,0,4,12,0,0,0,4,0,0,11,70,,,,0.0,0.34,1.03,0.94,5.99,17,23,30
654,a,100.0,100.0,6.1,82,26.0,0,0.0,-4,4.0,1.8,138,22.0,53,13,2.2,309.0,34.0,3,148,4.0,63.0,7.0,0.7,8.7,0.0,320867,58672,623270,2063,4.5,4.5,3.76,0.52,4.28,23.41,0.21,0.03,0.24,1.33,195.2,254.0,22.0,123.0,209.0,21.0,343.0,53.0,21.0,65.3,163.0,19.0,,,,26,,Jørgen,Strand Larsen,Strand Larsen,,,1579,3,1,4,29,0,0,1,3,0,0,16,61,,,,0.0,0.23,1.65,0.91,3.48,6,33,22
677,a,100.0,100.0,6.2,75,50.0,0,0.0,-3,3.0,0.0,601,228.0,30,1,2.0,333.0,147.0,0,98,1.2,261.0,113.0,0.2,4.8,0.0,8285,272,12500,105,1.7,1.7,1.27,0.5,1.77,9.39,0.17,0.07,0.24,1.25,115.6,322.0,145.0,68.2,295.0,169.0,146.0,171.0,97.0,32.6,303.0,150.0,,,,26,,Evann,Guessand,Guessand,,,674,0,3,1,13,0,0,0,0,0,0,7,65,,,,0.0,0.13,1.74,0.93,8.68,22,11,32
690,d,25.0,25.0,4.4,564,338.0,0,0.0,-1,1.0,0.3,331,114.0,0,0,0.0,682.0,266.0,0,0,0.0,599.0,210.0,0.0,0.0,0.0,57952,7,55174,193,0.1,0.1,0.0,0.0,0.0,0.0,0.0,0.0,0.0,0.0,0.0,675.0,259.0,0.0,671.0,264.0,0.0,650.0,255.0,0.0,678.0,262.0,,,,26,,Rio,Cardines,Cardines,Groin Injury - 25% chance of playing,,0,0,0,0,0,0,0,0,0,0,0,0,0,,,,0.0,0.0,0.0,0.0,0.0,0,0,0
712,a,100.0,100.0,5.8,110,69.0,0,0.0,-2,2.0,0.2,354,120.0,61,1,2.5,274.0,116.0,3,249,1.0,278.0,121.0,0.2,10.5,0.0,127337,596,104520,1252,1.5,1.5,3.58,4.73,8.31,22.08,0.2,0.26,0.46,1.22,266.0,198.0,82.0,556.0,17.0,17.0,305.0,63.0,38.0,112.5,45.0,32.0,1.0,1.0,,26,,Yéremy,Pino Santos,Yeremy,,,1625,2,1,6,20,0,0,0,4,0,0,20,128,,,,0.0,0.33,1.11,1.11,7.09,30,23,75
732,a,,,5.5,155,41.0,0,0.0,0,0.0,0.1,579,79.0,16,1,1.2,440.0,54.0,0,38,0.8,303.0,43.0,0.1,2.9,0.0,13555,245,9943,243,1.3,1.3,0.39,0.01,0.4,4.41,0.23,0.01,0.24,2.65,10.8,451.0,53.0,6.5,434.0,56.0,68.0,275.0,48.0,8.0,421.0,52.0,,,,26,,Christantus,Uche,Uche,,,150,0,1,0,4,0,0,0,0,0,0,0,12,,,,0.0,0.0,2.4,0.0,7.2,1,2,9
762,a,,,4.5,513,317.0,0,0.0,0,0.0,0.0,774,335.0,2,0,1.0,481.0,220.0,0,6,0.0,686.0,275.0,0.0,0.4,0.0,599,17,317,16,0.5,0.5,0.0,0.0,0.0,0.73,0.0,0.0,0.0,9.39,1.4,486.0,224.0,1.0,465.0,223.0,0.0,731.0,315.0,0.3,494.0,228.0,,,,26,,Joél,Drakes-Thomas,Drakes-Thomas,,,7,0,0,0,1,0,0,0,0,0,0,0,3,,,,0.0,0.0,12.86,0.0,38.57,1,0,2
773,a,,,4.0,733,210.0,0,0.0,0,0.0,0.0,734,254.0,0,0,0.0,627.0,243.0,0,0,0.0,515.0,218.0,0.0,0.0,0.0,569,30,385,31,0.5,0.5,0.0,0.0,0.0,0.0,0.0,0.0,0.0,0.0,0.0,617.0,243.0,0.0,610.0,243.0,0.0,580.0,240.0,0.0,620.0,243.0,,,,26,,Dean,Benamar,Benamar,,,0,0,0,0,0,0,0,0,0,0,0,0,0,,,,0.0,0.0,0.0,0.0,0.0,0,0,0
793,a,,,4.0,721,198.0,0,0.0,0,0.0,0.0,725,250.0,0,0,0.0,620.0,236.0,0,0,0.0,507.0,210.0,0.0,0.0,0.0,911,108,337,72,0.5,0.5,0.0,0.0,0.0,0.0,0.0,0.0,0.0,0.0,0.0,610.0,236.0,0.0,603.0,236.0,0.0,571.0,231.0,0.0,613.0,236.0,,,,26,,George,King,King,,,0,0,0,0,0,0,0,0,0,0,0,0,0,,,,0.0,0.0,0.0,0.0,0.0,0,0,0
757,a,,,4.0,703,62.0,0,0.0,0,0.0,0.0,716,83.0,0,0,0.0,604.0,81.0,0,0,0.0,489.0,73.0,0.0,0.0,0.0,1163,46,748,31,0.0,0.0,0.0,0.0,0.0,0.0,0.0,0.0,0.0,0.0,0.0,594.0,81.0,0.0,587.0,69.0,0.0,554.0,55.0,0.0,597.0,81.0,,,,26,,Ronnie,Hollingshead,Hollingshead,,,0,0,0,0,0,0,0,0,0,0,0,0,0,,,,0.0,0.0,0.0,0.0,0.0,0,0,0
115,u,0.0,0.0,4.0,725,202.0,0,0.0,0,0.0,0.1,525,187.0,0,0,0.0,623.0,239.0,0,0,0.0,511.0,214.0,0.0,0.0,0.0,2020,0,14271,27,0.0,0.0,0.0,0.0,0.0,0.0,0.0,0.0,0.0,0.0,0.0,613.0,239.0,0.0,606.0,239.0,0.0,574.0,234.0,0.0,616.0,239.0,,,,26,,Benjamin,Fredrick,Fredrick,has joined Dender on loan for the rest of the season.,,0,0,0,0,0,0,0,0,0,0,0,0,0,,,,0.0,0.0,0.0,0.0,0.0,0,0,0
798,u,0.0,0.0,4.0,698,181.0,0,0.0,0,0.0,0.0,792,263.0,0,0,0.0,601.0,223.0,0,0,0.0,486.0,195.0,0.0,0.0,0.0,142,0,133,26,0.0,0.0,0.0,0.0,0.0,0.0,0.0,0.0,0.0,0.0,0.0,591.0,223.0,0.0,584.0,223.0,0.0,551.0,217.0,0.0,594.0,223.0,,,,26,,Danny,Imray,Imray,has joined West Brom on loan for the rest of the season.,,0,0,0,0,0,0,0,0,0,0,0,0,0,,,,0.0,0.0,0.0,0.0,0.0,0,0,0
242,a,100.0,100.0,4.9,312,195.0,0,0.0,-1,1.0,3.2,104,32.0,93,2,4.9,16.0,8.0,13,360,4.5,34.0,22.0,0.9,19.0,0.0,1689949,19637,1829207,6376,4.0,4.5,2.37,3.26,5.63,22.44,0.14,0.19,0.33,1.29,346.0,127.0,43.0,372.9,49.0,43.0,251.0,90.0,55.0,97.0,72.0,43.0,2.0,,,26,,Kiernan,Dewsbury-Hall,Dewsbury-Hall,,,1560,5,4,6,20,0,0,0,5,0,0,18,126,,,,0.0,0.35,1.15,1.04,7.27,30,30,66
243,a,,,4.8,374,235.0,0,0.0,-2,2.0,0.1,536,195.0,7,2,1.2,438.0,196.0,0,4,0.8,291.0,125.0,0.2,1.5,0.0,8306,269,9393,145,0.3,0.8,0.4,0.12,0.52,2.34,0.16,0.05,0.21,0.94,8.2,458.0,206.0,11.8,407.0,202.0,66.0,277.0,149.0,8.2,417.0,189.0,,,,26,,Tyrique,George,George,,,224,0,0,1,3,0,0,0,2,0,0,1,10,,,,0.0,0.4,1.21,0.4,4.02,2,1,7
287,a,,,5.6,124,2.0,0,0.0,1,-1.0,13.6,28,4.0,108,1,4.2,55.0,2.0,11,422,2.0,194.0,17.0,0.4,19.3,0.0,1523761,8397,1249773,35662,1.5,2.0,0.0,0.14,0.14,38.14,0.0,0.01,0.01,1.47,624.0,17.0,4.0,0.2,480.0,13.0,2.0,450.0,2.0,62.6,176.0,5.0,,,,26,,Jordan,Pickford,Pickford,,,2340,0,0,9,30,0,1,0,1,0,71,26,97,,,,2.73,0.35,1.15,1.0,0.0,1,36,220
289,u,0.0,0.0,3.9,757,80.0,0,0.0,-1,1.0,0.1,483,73.0,0,0,0.0,548.0,48.0,0,0,0.0,428.0,39.0,0.0,0.0,0.0,4633,0,9645,73,0.0,0.0,0.0,0.0,0.0,0.0,0.0,0.0,0.0,0.0,0.0,538.0,48.0,0.0,528.0,33.0,0.0,493.0,19.0,0.0,541.0,48.0,,,,26,,Harry,Tyrer,Tyrer,has joined Cardiff City permanently.,,0,0,0,0,0,0,0,0,0,0,0,0,0,,,,0.0,0.0,0.0,0.0,0.0,0,0,0
290,a,100.0,100.0,5.3,200,24.0,0,0.0,-2,2.0,0.2,363,132.0,7,4,1.8,368.0,135.0,0,30,1.8,216.0,80.0,0.3,1.3,0.0,13163,1607,71075,489,1.3,1.8,0.18,0.04,0.22,3.03,0.07,0.02,0.09,1.2,38.2,415.0,156.0,16.2,395.0,143.0,24.0,362.0,121.0,7.8,423.0,150.0,,,,26,,Jarrad,Branthwaite,Branthwaite,,,228,0,1,0,3,0,0,0,1,0,0,2,20,,,,0.0,0.0,1.18,0.79,7.89,2,18,12
291,a,,,5.7,113,9.0,-1,1.0,2,-2.0,12.1,30,11.0,117,1,4.5,34.0,13.0,6,420,2.2,173.0,61.0,0.4,20.5,0.0,2258313,8195,1575514,67558,1.7,2.2,1.72,1.3,3.02,38.14,0.07,0.05,0.12,1.47,650.0,11.0,4.0,174.1,169.0,41.0,232.0,97.0,11.0,106.0,50.0,6.0,,,,26,,James,Tarkowski,Tarkowski,,,2340,0,1,9,30,0,0,0,4,0,0,26,304,,,,0.0,0.35,1.15,1.0,10.69,36,242,62
292,a,100.0,100.0,4.9,314,50.0,0,0.0,-1,1.0,0.6,230,86.0,67,1,3.0,189.0,75.0,1,248,1.2,255.0,92.0,0.2,13.7,0.0,136804,850,161845,2029,0.7,1.2,0.28,2.14,2.42,31.58,0.01,0.1,0.11,1.44,356.6,117.0,51.0,272.0,97.0,24.0,65.0,281.0,81.0,69.3,145.0,46.0,,,,26,,Vitalii,Mykolenko,Mykolenko,,,1969,0,1,7,28,1,0,0,5,0,0,22,169,,,,0.0,0.32,1.28,1.01,6.72,29,118,71
293,s,0.0,,4.9,340,56.0,0,0.0,-1,1.0,0.8,207,79.0,86,-2,3.3,144.0,55.0,2,290,2.5,156.0,55.0,0.5,17.6,0.0,161983,466,136037,14313,0.0,2.5,0.83,0.68,1.51,37.23,0.03,0.03,0.06,1.53,415.4,85.0,37.0,211.0,134.0,34.0,124.0,208.0,52.0,75.3,123.0,39.0,,,,26,,Jake,O'Brien,O'Brien,Suspended until 28 Feb,,2186,0,2,8,29,0,0,0,2,1,0,24,195,,,,0.0,0.33,1.19,0.99,6.88,39,128,86
294,a,100.0,100.0,4.2,625,141.0,0,0.0,-3,3.0,0.1,487,175.0,3,0,1.0,457.0,170.0,0,10,0.0,524.0,222.0,0.0,0.7,0.0,5973,135,17324,79,-0.5,0.0,0.0,0.0,0.0,0.24,0.0,0.0,0.0,1.96,0.0,623.0,246.0,0.1,481.0,175.0,0.0,587.0,243.0,0.0,626.0,246.0,,,,26,,Séamus,Coleman,Coleman,,,11,0,0,0,0,0,0,0,0,0,0,1,0,,,,0.0,0.0,0.0,8.18,0.0,0,0,1
295,a,100.0,100.0,4.7,377,63.0,0,0.0,2,-2.0,3.7,89,31.0,103,1,4.7,22.0,9.0,8,309,1.8,209.0,79.0,0.4,21.9,0.0,1373270,3845,968578,15218,1.3,1.8,1.85,0.18,2.03,31.49,0.09,0.01,0.1,1.53,556.4,35.0,14.0,27.6,373.0,132.0,215.0,104.0,14.0,79.8,114.0,36.0,,,,26,,Michael,Keane,Keane,,,1857,3,0,6,27,0,0,0,0,1,0,21,243,,,,0.0,0.29,1.31,1.02,10.32,25,188,61
810,a,,,4.5,471,286.0,0,0.0,0,0.0,0.0,805,357.0,0,0,0.0,720.0,296.0,0,0,0.0,647.0,246.0,0.0,0.0,0.0,156,46,27,13,0.0,-1.0,0.0,0.0,0.0,0.0,0.0,0.0,0.0,0.0,0.0,717.0,293.0,0.0,713.0,295.0,0.0,697.0,289.0,0.0,719.0,295.0,,,,26,,Luka,Bentt,Bentt,,,0,0,0,0,0,0,0,0,0,0,0,0,0,,,,0.0,0.0,0.0,0.0,0.0,0,0,0
296,a,100.0,100.0,4.4,535,114.0,0,0.0,-1,1.0,0.0,619,221.0,21,0,3.5,119.0,44.0,0,68,0.8,287.0,103.0,0.2,4.8,0.0,5588,45,5888,157,0.3,0.8,0.03,0.04,0.07,3.55,0.01,0.02,0.03,1.35,63.6,386.0,148.0,6.4,435.0,157.0,17.0,381.0,135.0,8.6,415.0,148.0,,,,26,,Nathan,Patterson,Patterson,,,237,0,0,2,1,0,0,0,0,0,0,3,30,,,,0.0,0.76,0.38,1.14,11.39,10,20,14
297,u,0.0,0.0,3.8,797,246.0,0,0.0,-2,2.0,0.2,393,145.0,0,0,0.0,522.0,189.0,0,0,0.0,399.0,154.0,0.0,0.0,0.0,9298,0,20665,309,0.0,0.0,0.0,0.0,0.0,0.0,0.0,0.0,0.0,0.0,0.0,512.0,189.0,0.0,499.0,187.0,0.0,463.0,178.0,0.0,515.0,189.0,,,,26,,Roman,Dixon,Dixon,has joined Stockport County on loan for the rest of the season.,,0,0,0,0,0,0,0,0,0,0,0,0,0,,,,0.0,0.0,0.0,0.0,0.0,0,0,0
208,u,0.0,0.0,5.0,266,161.0,0,0.0,0,0.0,0.0,733,308.0,0,0,0.0,784.0,343.0,0,0,0.0,747.0,318.0,0.0,0.0,0.0,68,0,3018,2,0.0,0.0,0.0,0.0,0.0,0.0,0.0,0.0,0.0,0.0,0.0,783.0,342.0,0.0,782.0,343.0,0.0,778.0,341.0,0.0,784.0,343.0,,,,26,,Luca,Koleosho,Koleosho,has joined Paris FC on loan for the rest of the season.,,0,0,0,0,0,0,0,0,0,0,0,0,0,,,,0.0,0.0,0.0,0.0,0.0,0,0,0
141,u,0.0,0.0,4.0,687,55.0,0,0.0,0,0.0,0.0,803,92.0,0,0,0.0,591.0,74.0,0,0,0.0,475.0,66.0,0.0,0.0,0.0,0,0,243,0,0.0,0.0,0.0,0.0,0.0,0.0,0.0,0.0,0.0,0.0,0.0,581.0,74.0,0.0,574.0,62.0,0.0,541.0,48.0,0.0,584.0,74.0,,,,26,,Carl,Rushworth,Rushworth,Has joined Coventry City on loan for the rest of the season.,,0,0,0,0,0,0,0,0,0,0,0,0,0,,,,0.0,0.0,0.0,0.0,0.0,0,0,0
298,a,,,3.8,795,244.0,0,0.0,-2,2.0,0.1,423,156.0,0,0,0.0,520.0,187.0,0,0,0.0,397.0,152.0,0.0,0.0,0.0,7226,111,14410,106,-0.5,0.0,0.0,0.0,0.0,0.0,0.0,0.0,0.0,0.0,0.0,510.0,187.0,0.0,497.0,185.0,0.0,461.0,176.0,0.0,513.0,187.0,,,,26,,Reece,Welch,Welch,,,0,0,0,0,0,0,0,0,0,0,0,0,0,,,,0.0,0.0,0.0,0.0,0.0,0,0,0
299,a,100.0,100.0,6.2,73,49.0,0,0.0,-3,3.0,3.9,85,29.0,88,9,4.4,38.0,18.0,5,361,3.8,75.0,38.0,0.6,14.2,0.0,1653824,9660,2481985,4422,3.3,3.8,4.38,3.64,8.02,25.25,0.23,0.19,0.42,1.33,417.0,81.0,27.0,309.9,76.0,57.0,399.0,33.0,18.0,112.8,44.0,31.0,,,1.0,26,,Iliman,Ndiaye,Ndiaye,,,1703,5,2,6,24,0,0,0,2,0,0,20,186,,,,0.0,0.32,1.27,1.06,9.83,46,21,119
300,a,,,5.5,144,89.0,0,0.0,-5,5.0,0.2,417,142.0,29,0,2.1,319.0,139.0,0,99,0.2,381.0,170.0,0.0,5.3,0.0,31271,95,61770,467,-0.3,0.2,0.46,0.68,1.14,12.17,0.07,0.1,0.17,1.78,76.0,371.0,165.0,127.8,204.0,135.0,45.0,316.0,167.0,24.9,340.0,163.0,,,,26,,Dwight,McNeil,McNeil,,,615,0,2,3,4,0,0,0,1,0,0,7,53,,,,0.0,0.44,0.59,1.02,7.76,11,11,31
301,a,100.0,100.0,5.2,215,133.0,0,0.0,-3,3.0,0.1,514,187.0,26,0,1.6,391.0,173.0,0,111,0.2,378.0,168.0,0.0,5.0,0.0,16951,93,29101,76,-0.3,0.2,1.04,0.44,1.48,13.03,0.14,0.06,0.2,1.76,83.0,358.0,160.0,144.5,192.0,128.0,156.0,159.0,88.0,38.4,278.0,137.0,,,,26,,Carlos,Alcaraz Durán,Alcaraz,,,667,0,1,3,8,0,0,0,3,0,0,6,64,,,,0.0,0.4,1.08,0.81,8.64,13,10,41
302,a,100.0,100.0,5.4,156,96.0,0,0.0,-1,1.0,0.1,490,172.0,55,2,3.2,162.0,70.0,4,274,2.8,132.0,61.0,0.5,10.2,0.0,22346,248,27736,205,2.3,2.8,1.26,0.87,2.13,22.05,0.08,0.06,0.14,1.42,265.0,199.0,83.0,179.8,162.0,114.0,147.0,169.0,95.0,59.2,191.0,100.0,,,,26,,Idrissa Gana,Gueye,Gana,,,1400,2,1,3,18,0,0,0,1,1,0,17,145,,,,0.0,0.19,1.16,1.09,9.32,33,36,76
303,a,,,5.2,212,131.0,0,0.0,2,-2.0,4.1,82,27.0,111,2,4.3,41.0,20.0,11,565,3.0,115.0,54.0,0.6,21.3,0.0,969514,9974,477693,20794,2.5,3.0,1.78,4.25,6.03,38.08,0.07,0.16,0.23,1.47,598.2,21.0,6.0,590.2,12.0,12.0,198.0,118.0,68.0,138.8,22.0,18.0,3.0,3.0,,26,,James,Garner,Garner,,,2333,2,3,9,30,0,0,0,6,0,0,26,322,,,,0.0,0.35,1.16,1.0,12.42,79,109,134
307,a,,,4.4,548,328.0,0,0.0,-1,1.0,0.0,602,229.0,0,0,0.0,671.0,260.0,0,0,0.0,585.0,202.0,0.0,0.0,0.0,4510,81,6092,50,-0.5,0.0,0.0,0.0,0.0,0.0,0.0,0.0,0.0,0.0,0.0,662.0,251.0,0.0,659.0,257.0,0.0,636.0,246.0,0.0,665.0,254.0,,,,26,,Coby,Ebere,Ebere,,,0,0,0,0,0,0,0,0,0,0,0,0,0,,,,0.0,0.0,0.0,0.0,0.0,0,0,0
308,u,0.0,0.0,4.5,452,270.0,0,0.0,0,0.0,0.0,692,286.0,0,0,0.0,708.0,285.0,0,0,0.0,632.0,233.0,0.0,0.0,0.0,458,0,3735,3,0.0,0.0,0.0,0.0,0.0,0.0,0.0,0.0,0.0,0.0,0.0,703.0,280.0,0.0,700.0,283.0,0.0,683.0,276.0,0.0,705.0,282.0,,,,26,,Isaac,Heath,Heath,has joined Accrington on loan for the rest of the season.,,0,0,0,0,0,0,0,0,0,0,0,0,0,,,,0.0,0.0,0.0,0.0,0.0,0,0,0
309,u,0.0,0.0,4.5,448,268.0,0,0.0,0,0.0,0.0,815,365.0,0,0,0.0,706.0,283.0,0,0,0.0,630.0,231.0,0.0,0.0,0.0,0,0,112,1,0.0,0.0,0.0,0.0,0.0,0.0,0.0,0.0,0.0,0.0,0.0,701.0,278.0,0.0,698.0,281.0,0.0,681.0,274.0,0.0,703.0,280.0,,,,26,,Jenson,Metcalfe,Metcalfe,Has joined Bradford City permanently.,,0,0,0,0,0,0,0,0,0,0,0,0,0,,,,0.0,0.0,0.0,0.0,0.0,0,0,0
310,a,,,5.7,120,33.0,0,0.0,-3,3.0,1.2,171,30.0,65,2,2.5,273.0,29.0,5,189,3.8,74.0,9.0,0.7,11.4,0.0,269726,5553,206701,9598,3.3,3.8,5.22,0.35,5.57,23.64,0.32,0.02,0.34,1.43,212.8,242.0,21.0,162.2,179.0,15.0,375.0,42.0,17.0,72.7,132.0,17.0,,,,26,,Thierno,Barry,Barry,,,1486,5,0,7,20,0,0,0,2,0,0,18,49,,,,0.0,0.42,1.21,1.09,2.97,2,24,23
311,a,,,5.0,265,55.0,0,0.0,-5,5.0,2.4,118,20.0,46,0,1.8,365.0,42.0,3,114,2.2,170.0,24.0,0.4,9.2,0.0,449752,2195,1108560,4283,1.7,2.2,5.15,0.15,5.3,15.91,0.53,0.02,0.55,1.63,161.8,281.0,27.0,55.2,321.0,34.0,347.0,52.0,20.0,54.8,209.0,27.0,,,2.0,26,,Norberto Bercique,Gomes Betuncal,Beto,,,881,3,0,2,13,0,0,0,2,0,0,8,51,,,,0.0,0.2,1.33,0.82,5.21,9,25,17
312,u,0.0,0.0,4.9,337,62.0,0,0.0,-1,1.0,0.1,546,77.0,0,0,0.0,774.0,86.0,0,0,0.0,731.0,78.0,0.0,0.0,0.0,2418,0,14492,10,0.0,0.0,0.0,0.0,0.0,0.0,0.0,0.0,0.0,0.0,0.0,773.0,86.0,0.0,770.0,85.0,0.0,764.0,85.0,0.0,774.0,86.0,,,,26,,Youssef,Ramalho Chermiti,Y.Chermiti,has joined Rangers permanently.,,0,0,0,0,0,0,0,0,0,0,0,0,0,,,,0.0,0.0,0.0,0.0,0.0,0,0,0
313,u,0.0,0.0,4.4,555,78.0,0,0.0,-1,1.0,0.1,442,64.0,0,0,0.0,675.0,71.0,0,0,0.0,591.0,61.0,0.0,0.0,0.0,9203,0,26160,130,0.0,0.0,0.0,0.0,0.0,0.0,0.0,0.0,0.0,0.0,0.0,667.0,71.0,0.0,663.0,70.0,0.0,642.0,70.0,0.0,670.0,71.0,,,,26,,Martin,Sherif,Sherif,has joined Port Vale on loan for the rest of the season.,,0,0,0,0,0,0,0,0,0,0,0,0,0,,,,0.0,0.0,0.0,0.0,0.0,0,0,0
419,i,0.0,0.0,6.3,65,43.0,0,0.0,-2,2.0,6.1,59,20.0,79,0,4.0,75.0,33.0,12,356,0.0,802.0,358.0,0.0,12.5,0.0,3790139,35,3732079,15150,0.0,0.0,2.05,3.37,5.41,25.81,0.11,0.19,0.3,1.43,374.2,106.0,35.0,520.5,20.0,20.0,397.0,35.0,20.0,129.2,27.0,22.0,,,,26,,Jack,Grealish,Grealish,Foot injury - Expected back 01 Jun,,1627,2,6,7,23,0,0,0,3,1,0,18,135,,,,0.0,0.39,1.27,1.0,7.47,20,27,88
704,u,0.0,0.0,4.5,437,261.0,0,0.0,0,0.0,0.0,583,218.0,0,0,0.0,701.0,278.0,0,0,0.0,624.0,225.0,0.0,0.0,0.0,8420,0,10140,16,0.0,0.0,0.0,0.0,0.0,0.0,0.0,0.0,0.0,0.0,0.0,695.0,272.0,0.0,693.0,276.0,0.0,675.0,269.0,0.0,698.0,275.0,,,,26,,Tyler,Onyango,Onyango,has joined Stockport County on loan for the rest of the season.,,0,0,0,0,0,0,0,0,0,0,0,0,0,,,,0.0,0.0,0.0,0.0,0.0,0,0,0
705,u,0.0,0.0,3.9,768,224.0,0,0.0,-1,1.0,0.2,404,148.0,0,0,0.0,556.0,202.0,0,0,0.0,437.0,171.0,0.0,0.0,0.0,18604,0,16501,320,0.0,0.0,0.0,0.0,0.0,0.0,0.0,0.0,0.0,0.0,0.0,546.0,202.0,0.0,536.0,202.0,0.0,501.0,194.0,0.0,549.0,202.0,,,,26,,Elijah,Campbell,Campbell,has joined Port Vale on loan for the rest of the season.,,0,0,0,0,0,0,0,0,0,0,0,0,0,,,,0.0,0.0,0.0,0.0,0.0,0,0,0
707,a,,,5.3,203,126.0,0,0.0,-2,2.0,0.0,646,259.0,17,0,1.3,430.0,195.0,0,46,0.5,335.0,148.0,0.1,3.2,0.0,7617,30,6991,67,0.0,0.5,0.2,0.14,0.34,5.98,0.05,0.04,0.09,1.55,46.0,404.0,180.0,61.0,314.0,178.0,32.0,343.0,181.0,13.6,387.0,181.0,,,,26,,Tyler,Dibling,Dibling,,,348,0,0,2,2,0,0,0,2,0,0,4,40,,,,0.0,0.52,0.52,1.03,10.34,7,11,22
728,a,100.0,100.0,5.0,274,169.0,0,0.0,0,0.0,0.0,711,297.0,16,0,1.6,387.0,170.0,0,39,0.0,751.0,322.0,0.0,3.2,0.0,1456,19,1469,39,-0.5,0.0,0.5,0.17,0.67,6.27,0.13,0.04,0.17,1.6,61.2,390.0,172.0,65.9,299.0,171.0,32.0,342.0,180.0,15.9,375.0,176.0,,,,26,,Merlin,Röhl,Röhl,,,353,0,0,2,4,0,0,0,0,0,0,2,43,,,,0.0,0.51,1.02,0.51,10.96,15,10,18
779,a,,,4.5,505,72.0,0,0.0,0,0.0,0.0,641,82.0,0,0,0.0,746.0,81.0,0,0,0.0,678.0,71.0,0.0,0.0,0.0,3483,376,1326,226,-0.5,0.0,0.0,0.0,0.0,0.0,0.0,0.0,0.0,0.0,0.0,745.0,81.0,0.0,740.0,80.0,0.0,726.0,80.0,0.0,746.0,81.0,,,,26,,Braiden,Graham,Graham,,,0,0,0,0,0,0,0,0,0,0,0,0,0,,,,0.0,0.0,0.0,0.0,0.0,0,0,0
314,a,,,4.9,287,10.0,0,0.0,-1,1.0,1.5,155,20.0,72,1,2.8,226.0,22.0,3,338,1.2,252.0,21.0,0.2,14.7,0.0,204185,610,236784,1725,1.2,0.7,0.0,0.0,0.0,37.01,0.0,0.0,0.0,1.42,573.0,28.0,9.0,0.0,755.0,89.0,0.0,748.0,84.0,57.1,199.0,10.0,,,,26,,Bernd,Leno,Leno,,,2340,0,0,5,40,1,0,0,3,0,67,26,107,,,,2.58,0.19,1.54,1.0,0.0,4,33,215
315,u,0.0,0.0,4.0,675,49.0,0,0.0,0,0.0,0.0,749,85.0,0,0,0.0,582.0,68.0,0,0,0.0,466.0,60.0,0.0,0.0,0.0,577,0,782,37,0.0,0.0,0.0,0.0,0.0,0.0,0.0,0.0,0.0,0.0,0.0,572.0,68.0,0.0,565.0,56.0,0.0,532.0,42.0,0.0,575.0,68.0,,,,26,,Steven,Benda,Benda,has joined Feyenoord on loan for the rest of the season.,,0,0,0,0,0,0,0,0,0,0,0,0,0,,,,0.0,0.0,0.0,0.0,0.0,0,0,0
317,a,100.0,100.0,4.5,414,75.0,-1,1.0,0,0.0,4.7,75,23.0,89,2,3.6,104.0,37.0,5,312,2.8,122.0,43.0,0.6,19.8,0.0,1180567,2986,932958,7520,2.8,2.3,1.26,1.53,2.79,33.55,0.05,0.06,0.11,1.37,631.0,15.0,6.0,111.4,221.0,57.0,124.0,207.0,51.0,86.9,94.0,24.0,,,,26,,Joachim,Andersen,Andersen,,,2201,0,1,5,37,0,0,0,6,0,0,25,291,,,,0.0,0.2,1.51,1.02,10.39,36,218,90
318,a,100.0,100.0,4.4,532,111.0,0,0.0,-1,1.0,0.4,284,106.0,57,1,3.2,154.0,59.0,6,184,0.5,317.0,114.0,0.1,13.0,0.0,101492,736,120570,477,0.5,0.0,0.94,0.18,1.12,22.29,0.06,0.01,0.07,1.38,358.0,116.0,50.0,75.8,288.0,94.0,61.0,289.0,86.0,49.7,229.0,75.0,,,,26,,Calvin,Bassey,Bassey,,,1452,1,0,3,29,0,0,0,3,0,0,16,168,,,,0.0,0.19,1.8,0.99,7.93,34,94,72
319,a,,,4.3,579,127.0,0,0.0,-2,2.0,0.1,461,169.0,28,0,1.4,419.0,151.0,0,124,1.8,200.0,72.0,0.4,6.5,0.0,18548,128,24361,163,1.8,1.3,0.94,0.51,1.45,21.62,0.08,0.04,0.12,1.74,222.2,229.0,89.0,130.7,201.0,50.0,87.0,250.0,71.0,44.2,249.0,83.0,,,,26,,Timothy,Castagne,Castagne,,,1116,0,1,0,23,0,0,0,3,0,0,12,112,,,,0.0,0.0,1.85,0.97,7.82,22,75,34
320,a,,,4.3,581,129.0,0,0.0,-2,2.0,0.1,530,189.0,10,0,1.2,434.0,155.0,0,29,0.0,541.0,232.0,0.0,2.3,0.0,6835,73,11163,98,0.0,-0.5,0.02,0.03,0.05,8.18,0.0,0.01,0.01,1.79,72.4,377.0,144.0,4.3,440.0,160.0,8.0,404.0,151.0,8.5,416.0,149.0,,,,26,,Issa,Diop,Diop,,,412,0,0,0,9,0,0,0,1,0,0,4,42,,,,0.0,0.0,1.97,0.87,7.65,5,30,10
327,u,0.0,0.0,5.3,188,115.0,0,0.0,-2,2.0,0.1,564,208.0,0,0,0.0,794.0,350.0,0,0,0.0,768.0,333.0,0.0,0.0,0.0,2438,0,35559,12,0.0,0.0,0.0,0.0,0.0,0.0,0.0,0.0,0.0,0.0,0.0,794.0,350.0,0.0,793.0,350.0,0.0,790.0,349.0,0.0,794.0,350.0,,,,26,,Andreas,Hoelgebaum Pereira,Andreas,has joined Palmeiras permanently.,,0,0,0,0,0,0,0,0,0,0,0,0,0,,,,0.0,0.0,0.0,0.0,0.0,0,0,0
336,a,,,4.3,578,343.0,0,0.0,-2,2.0,0.4,280,97.0,12,1,2.4,280.0,121.0,2,37,0.2,358.0,155.0,0.0,2.8,0.0,76629,1946,63711,913,0.2,-0.3,0.04,0.24,0.28,0.41,0.16,0.94,1.1,1.6,36.6,416.0,184.0,8.7,427.0,208.0,7.0,414.0,201.0,5.2,439.0,197.0,,,,26,,Harrison,Reed,Reed,,,23,1,0,0,1,0,0,0,0,0,0,0,2,,,,0.0,0.0,3.91,0.0,7.83,0,0,2
337,a,100.0,100.0,6.1,79,25.0,-1,1.0,-4,4.0,1.8,144,23.0,83,1,3.3,148.0,13.0,5,299,3.5,84.0,11.0,0.6,13.6,0.0,545611,6697,594432,6585,3.5,3.0,8.56,0.7,9.26,27.14,0.45,0.04,0.49,1.43,351.8,122.0,10.0,259.3,105.0,4.0,590.0,15.0,10.0,119.7,37.0,8.0,,1.0,1.0,26,,Raúl,Jiménez Rodríguez,Raúl,,,1708,6,5,6,24,0,0,0,4,0,0,21,101,,,,0.0,0.32,1.26,1.11,5.32,25,33,43
338,a,100.0,100.0,5.3,195,46.0,0,0.0,-2,2.0,0.7,218,34.0,19,1,2.1,317.0,35.0,3,50,0.5,334.0,45.0,0.1,3.6,0.0,258132,830,435353,330,0.5,0.0,1.11,0.01,1.12,5.94,0.25,0.0,0.25,1.36,64.0,385.0,41.0,52.3,326.0,36.0,136.0,180.0,40.0,24.4,342.0,40.0,,,,26,,Rodrigo,Muniz Carvalho,Muniz,,,393,1,1,1,6,1,0,0,1,0,0,4,21,,,,0.0,0.23,1.37,0.92,4.81,4,9,8
424,a,100.0,100.0,5.1,237,145.0,0,0.0,-4,4.0,0.2,373,126.0,20,1,1.8,366.0,161.0,0,90,0.5,331.0,146.0,0.1,3.9,0.0,85356,641,96130,214,0.5,0.0,0.47,1.15,1.62,5.1,0.09,0.21,0.3,0.94,74.2,374.0,167.0,166.6,178.0,121.0,97.0,236.0,131.0,33.9,301.0,149.0,,,,26,,Oscar,Bobb,Bobb,,,489,0,1,2,6,0,0,0,1,0,0,5,37,,,,0.0,0.37,1.1,0.92,6.81,9,5,23
727,a,100.0,100.0,5.3,193,120.0,0,0.0,-2,2.0,0.1,470,163.0,47,1,3.6,111.0,50.0,1,192,3.0,116.0,55.0,0.6,8.9,0.0,97912,695,88334,570,3.0,2.5,1.56,2.55,4.11,10.97,0.22,0.36,0.58,1.55,228.0,223.0,98.0,217.9,130.0,90.0,182.0,134.0,77.0,62.9,174.0,95.0,,,,26,,Samuel,Chukwueze,Chukwueze,,,635,3,4,1,15,0,0,0,0,0,0,6,51,,,,0.0,0.14,2.13,0.85,7.23,6,10,35
731,a,100.0,100.0,5.8,112,71.0,0,0.0,-2,2.0,0.1,537,196.0,42,1,1.9,351.0,155.0,0,154,2.2,177.0,79.0,0.4,7.2,0.0,34056,384,28971,313,2.2,1.7,1.0,1.38,2.38,12.95,0.11,0.15,0.26,1.37,197.8,251.0,106.0,230.3,119.0,83.0,202.0,113.0,66.0,62.8,175.0,96.0,4.0,,,26,,Kevin,Santos Lopes de Macedo,Kevin,,,853,1,2,4,15,0,0,0,1,0,0,7,68,,,,0.0,0.42,1.58,0.74,7.17,18,15,35
343,d,50.0,0.0,4.3,582,130.0,0,0.0,-2,2.0,0.4,268,99.0,74,0,3.2,152.0,57.0,3,263,2.5,150.0,52.0,0.6,17.2,0.0,94457,46,87740,5222,1.2,0.0,2.46,0.48,2.94,30.19,0.11,0.02,0.13,1.37,511.2,51.0,23.0,107.1,229.0,61.0,209.0,106.0,16.0,82.7,109.0,34.0,,,3.0,26,,Pascal,Struijk,Struijk,Hip injury - 50% chance of playing,,1988,0,1,4,37,0,0,0,3,0,0,22,234,,,,0.0,0.18,1.68,1.0,9.73,26,189,86
348,a,100.0,100.0,3.9,750,215.0,0,0.0,-1,1.0,3.8,88,30.0,77,3,3.2,151.0,56.0,5,251,3.2,88.0,31.0,0.8,19.7,0.0,1071028,9591,879953,3987,3.2,2.7,0.96,0.25,1.21,34.48,0.04,0.01,0.05,1.48,520.6,48.0,22.0,62.9,305.0,101.0,163.0,150.0,30.0,74.8,126.0,41.0,,,,26,,Joe,Rodon,Rodon,,,2100,2,0,3,43,0,0,0,1,0,0,24,227,,,,0.0,0.13,1.84,1.03,8.53,27,172,61
349,u,0.0,0.0,4.0,692,177.0,0,0.0,0,0.0,0.1,552,198.0,0,0,0.0,596.0,220.0,0,0,0.0,480.0,191.0,0.0,0.0,0.0,788,0,15847,18,0.0,0.0,0.0,0.0,0.0,0.0,0.0,0.0,0.0,0.0,0.0,586.0,220.0,0.0,579.0,220.0,0.0,546.0,214.0,0.0,589.0,220.0,,,,26,,Isaac,Schmidt,Schmidt,has joined Werder Bremen on loan for the rest of the season.,,0,0,0,0,0,0,0,0,0,0,0,0,0,,,,0.0,0.0,0.0,0.0,0.0,0,0,0
350,a,,,5.4,172,106.0,0,0.0,-1,1.0,0.7,214,73.0,98,2,3.9,83.0,39.0,5,343,2.8,135.0,63.0,0.5,18.1,0.0,190588,2186,112262,5395,2.8,2.3,3.39,2.83,6.22,25.06,0.18,0.15,0.33,1.36,372.2,109.0,36.0,335.8,64.0,51.0,374.0,43.0,26.0,108.1,47.0,34.0,,,,26,,Brenden,Aaronson,Aaronson,,,1653,4,6,6,25,0,0,0,1,0,0,19,152,,,,0.0,0.33,1.36,1.03,8.28,39,21,92
352,u,0.0,0.0,5.1,228,141.0,0,0.0,-4,4.0,0.0,588,221.0,12,0,1.1,443.0,199.0,0,51,0.0,760.0,329.0,0.0,2.4,0.0,6000,0,18442,75,0.0,0.0,0.28,0.23,0.51,3.82,0.1,0.08,0.18,1.31,30.0,425.0,187.0,49.4,336.0,182.0,35.0,339.0,178.0,11.5,399.0,184.0,4.0,,,26,,Jack,Harrison,Harrison,has joined ACF Fiorentina on loan for the rest of the season.,,262,0,0,0,5,0,0,0,0,0,0,1,24,,,,0.0,0.0,1.72,0.34,8.24,5,6,13
353,d,75.0,100.0,5.2,208,129.0,0,0.0,-3,3.0,0.1,480,167.0,15,1,1.2,439.0,197.0,0,56,0.5,332.0,147.0,0.1,2.9,0.0,7654,99,52376,70,0.4,0.0,0.71,0.57,1.28,10.43,0.17,0.14,0.31,2.55,38.2,414.0,183.0,96.6,248.0,154.0,93.0,243.0,132.0,22.9,348.0,166.0,,,,26,,Daniel,James,James,Back injury - 75% chance of playing,,368,0,0,1,13,0,0,0,0,0,0,4,20,,,,0.0,0.24,3.18,0.98,4.89,4,3,13
354,a,100.0,100.0,4.9,299,187.0,0,0.0,-1,1.0,0.2,403,134.0,78,2,3.4,129.0,56.0,5,371,2.5,153.0,70.0,0.5,15.9,0.0,36281,641,28803,576,2.5,2.0,1.62,1.34,2.96,32.37,0.07,0.06,0.13,1.43,393.4,97.0,31.0,228.2,124.0,86.0,81.0,258.0,139.0,70.5,141.0,77.0,,,,26,,Ethan,Ampadu,Ampadu,,,2039,1,1,4,38,0,0,0,7,0,0,23,263,,,,0.0,0.18,1.68,1.02,11.61,51,96,116
356,a,,,4.7,391,244.0,0,0.0,-3,3.0,0.1,439,149.0,47,2,2.8,224.0,90.0,3,221,4.0,57.0,28.0,0.9,10.0,0.0,16947,1448,8360,593,4.0,3.5,0.38,0.78,1.16,20.77,0.03,0.07,0.1,1.83,174.4,268.0,115.0,153.3,186.0,124.0,54.0,305.0,161.0,37.9,279.0,138.0,,,,26,,Ilia,Gruev,Gruev,,,1020,0,4,4,21,0,0,0,2,0,0,12,93,,,,0.0,0.35,1.85,1.06,8.21,19,27,47
357,u,0.0,0.0,4.9,323,201.0,0,0.0,-1,1.0,0.0,705,295.0,0,0,0.0,768.0,331.0,0,0,0.0,723.0,301.0,0.0,0.0,0.0,203,0,4316,3,0.0,0.0,0.0,0.0,0.0,0.0,0.0,0.0,0.0,0.0,0.0,767.0,330.0,0.0,764.0,331.0,0.0,758.0,329.0,0.0,768.0,331.0,,,,26,,Largie,Ramazani,Ramazani,has joined Valencia on loan for the rest of the season.,,0,0,0,0,0,0,0,0,0,0,0,0,0,,,,0.0,0.0,0.0,0.0,0.0,0,0,0
361,u,0.0,0.0,4.5,440,264.0,0,0.0,0,0.0,0.0,665,270.0,0,0,0.0,704.0,281.0,0,0,0.0,627.0,228.0,0.0,0.0,0.0,1165,0,8369,15,0.0,0.0,0.0,0.0,0.0,0.0,0.0,0.0,0.0,0.0,0.0,698.0,275.0,0.0,696.0,279.0,0.0,678.0,272.0,0.0,701.0,278.0,,,,26,,Darko,Gyabi,Gyabi,has joined Hull City permanently.,,0,0,0,0,0,0,0,0,0,0,0,0,0,,,,0.0,0.0,0.0,0.0,0.0,0,0,0
362,a,100.0,100.0,4.9,319,58.0,0,0.0,-6,6.0,0.3,296,46.0,12,0,1.1,441.0,55.0,0,27,0.2,369.0,49.0,0.0,2.4,0.0,38004,233,218474,372,0.2,-0.3,0.65,0.08,0.73,5.3,0.28,0.03,0.31,2.32,8.0,459.0,55.0,22.0,385.0,50.0,90.0,247.0,45.0,11.5,398.0,48.0,,,2.0,26,,Joël,Piroe,Piroe,,,206,0,0,1,7,0,0,0,0,0,0,2,10,,,,0.0,0.44,3.06,0.87,4.37,1,1,8
363,u,0.0,0.0,4.9,288,57.0,0,0.0,-1,1.0,0.3,303,48.0,0,0,0.0,760.0,84.0,0,0,0.0,708.0,75.0,0.0,0.0,0.0,16144,0,202611,94,0.0,0.0,0.0,0.0,0.0,0.0,0.0,0.0,0.0,0.0,0.0,759.0,84.0,0.0,756.0,83.0,0.0,749.0,83.0,0.0,760.0,84.0,,,,26,,Patrick,Bamford,Bamford,has departed the club as a free agent.,,0,0,0,0,0,0,0,0,0,0,0,0,0,,,,0.0,0.0,0.0,0.0,0.0,0,0,0
364,u,0.0,0.0,5.0,277,56.0,0,0.0,0,0.0,0.0,737,90.0,0,0,0.0,787.0,87.0,0,0,0.0,752.0,80.0,0.0,0.0,0.0,0,0,2417,0,0.0,0.0,0.0,0.0,0.0,0.0,0.0,0.0,0.0,0.0,0.0,786.0,87.0,0.0,785.0,87.0,0.0,781.0,87.0,0.0,787.0,87.0,,,,26,,Mateo,Joseph Fernández-Regatillo,Mateo Joseph,Has joined RCD Mallorca on loan for the rest of the season.,,0,0,0,0,0,0,0,0,0,0,0,0,0,,,,0.0,0.0,0.0,0.0,0.0,0,0,0
365,a,100.0,100.0,5.0,246,53.0,0,0.0,0,0.0,0.6,249,40.0,60,11,3.0,190.0,18.0,8,214,2.8,129.0,16.0,0.6,12.0,0.0,196345,7787,206923,983,2.8,2.3,5.68,0.81,6.49,14.17,0.75,0.11,0.86,1.87,246.4,208.0,17.0,58.8,318.0,33.0,304.0,64.0,24.0,61.0,184.0,22.0,,,1.0,26,,Lukas,Nmecha,Nmecha,,,683,6,1,2,16,0,0,1,0,0,0,7,35,,,,0.0,0.26,2.11,0.92,4.61,6,12,17
493,a,100.0,100.0,4.8,354,222.0,0,0.0,-2,2.0,0.2,350,118.0,43,0,2.7,241.0,97.0,4,228,0.8,290.0,124.0,0.2,9.0,0.0,176834,162,179890,278,0.8,0.3,0.83,1.29,2.12,13.57,0.08,0.12,0.2,1.3,237.2,214.0,94.0,343.0,61.0,48.0,65.0,279.0,151.0,64.5,167.0,91.0,1.0,2.0,,26,,Sean,Longstaff,Longstaff,,,936,1,2,1,18,0,0,0,2,0,0,10,100,,,,0.0,0.1,1.73,0.96,9.62,37,25,38
660,d,50.0,0.0,4.7,390,243.0,-1,1.0,-3,3.0,1.8,140,45.0,97,0,4.6,25.0,13.0,8,394,2.5,152.0,69.0,0.5,20.6,0.0,957683,1115,787377,11523,1.2,0.0,2.13,3.29,5.42,25.16,0.11,0.17,0.28,1.34,455.2,65.0,19.0,649.0,8.0,8.0,234.0,94.0,57.0,134.0,24.0,20.0,3.0,1.0,,26,,Anton,Stach,Stach,Hip injury - 50% chance of playing,,1693,3,6,3,32,0,0,0,3,0,0,20,190,,,,0.0,0.16,1.7,1.06,10.1,45,57,88
665,a,100.0,100.0,4.5,416,22.0,0,0.0,0,0.0,0.3,341,47.0,43,0,2.7,240.0,23.0,3,153,0.0,609.0,89.0,0.0,9.6,0.0,40804,268,59201,543,0.0,-0.5,0.0,0.0,0.0,26.68,0.0,0.0,0.0,1.67,322.4,148.0,19.0,0.0,679.0,85.0,0.0,659.0,74.0,32.2,310.0,19.0,,,,26,,Lucas Estella,Perri,Perri,,,1440,0,0,3,29,0,0,0,2,0,38,16,39,,,,2.38,0.19,1.81,1.0,0.0,0,16,100
691,a,100.0,100.0,5.9,93,29.0,0,0.0,4,-4.0,10.9,34,6.0,102,0,4.4,37.0,6.0,16,332,2.8,137.0,17.0,0.5,17.3,0.0,2717431,23077,1366930,67930,2.8,2.3,9.03,0.92,9.94,20.31,0.49,0.05,0.54,1.1,404.6,91.0,7.0,200.3,142.0,8.0,643.0,9.0,6.0,123.9,32.0,7.0,,,,26,,Dominic,Calvert-Lewin,Calvert-Lewin,,,1663,10,2,4,25,0,0,0,1,0,0,18,53,,,,0.0,0.22,1.35,0.97,2.87,9,18,26
698,d,75.0,100.0,5.5,145,90.0,0,0.0,0,0.0,0.1,443,151.0,67,6,2.9,209.0,86.0,3,228,3.8,72.0,36.0,0.7,12.2,0.0,62456,1650,52850,451,2.8,3.3,4.2,0.98,5.18,22.4,0.3,0.07,0.37,1.59,254.6,204.0,87.0,199.8,143.0,99.0,322.0,60.0,36.0,77.7,120.0,67.0,,,,26,,Noah,Okafor,Okafor,Muscle injury - 75% chance of playing,,1266,4,2,4,24,0,0,0,3,0,0,15,87,,,,0.0,0.28,1.71,1.07,6.18,20,21,46
706,a,,,3.9,752,216.0,0,0.0,-1,1.0,1.0,189,72.0,43,0,2.5,262.0,101.0,6,137,4.0,48.0,13.0,1.0,11.0,0.0,149808,8306,41383,3005,4.0,3.5,0.89,0.78,1.67,16.72,0.1,0.08,0.18,1.8,211.0,244.0,97.0,106.9,230.0,62.0,112.0,216.0,55.0,43.2,256.0,87.0,,,,26,,James,Justin,Justin,,,834,1,1,2,15,0,0,0,2,0,0,9,83,,,,0.0,0.22,1.62,0.97,8.2,19,57,32
366,a,100.0,100.0,5.4,158,4.0,0,0.0,-1,1.0,5.8,64,10.0,75,7,3.6,112.0,13.0,7,310,2.8,133.0,10.0,0.5,13.9,0.0,549177,7375,1280613,3680,3.3,3.3,0.0,0.03,0.03,23.35,0.0,0.0,0.0,1.11,367.6,114.0,18.0,0.1,486.0,16.0,0.0,791.0,92.0,36.7,285.0,18.0,,,,26,,Alisson,Becker,A.Becker,,,1890,0,0,7,25,0,0,0,1,0,44,21,63,,,,2.1,0.33,1.19,1.0,0.0,0,30,187
367,a,,,4.1,654,38.0,0,0.0,-4,4.0,0.5,252,33.0,19,0,3.8,85.0,8.0,0,70,0.0,520.0,79.0,0.0,4.6,0.0,151863,409,164962,664,0.5,0.5,0.0,0.0,0.0,7.1,0.0,0.0,0.0,1.42,140.0,299.0,23.0,0.0,615.0,75.0,0.0,585.0,61.0,13.9,386.0,23.0,,,,26,,Giorgi,Mamardashvili,Mamardashvili,,,450,0,0,1,10,0,1,0,0,0,17,5,45,,,,3.4,0.2,2.0,1.0,0.0,0,7,43
368,a,,,3.8,810,94.0,0,0.0,-2,2.0,0.8,210,26.0,0,0,0.0,530.0,34.0,0,0,0.0,409.0,25.0,0.0,0.0,0.0,118226,7827,41771,1721,0.5,0.5,0.0,0.0,0.0,0.0,0.0,0.0,0.0,0.0,0.0,520.0,34.0,0.0,509.0,18.0,0.0,474.0,4.0,0.0,523.0,34.0,,,,26,,Ármin,Pécsi,Pécsi,,,0,0,0,0,0,0,0,0,0,0,0,0,0,,,,0.0,0.0,0.0,0.0,0.0,0,0,0
370,i,0.0,0.0,5.7,117,11.0,0,0.0,-3,3.0,4.7,72,22.0,34,0,3.1,177.0,69.0,0,136,0.0,789.0,264.0,0.0,6.0,0.0,587321,72,3338767,9492,0.0,0.0,0.39,1.02,1.41,5.96,0.07,0.17,0.24,1.0,83.2,357.0,134.0,140.8,195.0,48.0,103.0,228.0,60.0,32.8,302.0,101.0,,,,26,,Jeremie,Frimpong,Frimpong,Groin Injury - Unknown return date,,538,0,4,2,7,0,0,0,0,0,0,6,20,,,,0.0,0.33,1.17,1.0,2.68,4,12,31
374,a,100.0,100.0,5.4,165,18.0,0,0.0,-1,1.0,3.1,105,41.0,99,6,4.0,70.0,28.0,7,379,4.5,36.0,9.0,0.8,18.3,0.0,607031,15917,660981,3394,5.0,5.0,1.05,0.85,1.9,25.53,0.04,0.04,0.08,1.07,571.4,29.0,11.0,121.5,212.0,54.0,96.0,237.0,62.0,79.1,117.0,37.0,,,,26,,Ibrahima,Konaté,Konaté,,,2146,1,0,8,29,0,0,0,5,0,0,25,242,,,,0.0,0.34,1.22,1.05,9.1,39,178,74
375,i,0.0,0.0,4.9,338,55.0,0,0.0,-1,1.0,0.2,409,149.0,42,0,2.8,228.0,92.0,2,157,0.0,732.0,255.0,0.0,8.6,0.0,62601,14,71086,273,0.0,0.0,0.18,0.84,1.02,10.77,0.02,0.08,0.1,1.04,157.4,287.0,112.0,105.2,236.0,65.0,62.0,287.0,85.0,32.3,309.0,104.0,,,,26,,Conor,Bradley,Bradley,Knee injury - Expected back 01 Jun,,928,0,2,4,13,0,0,0,5,0,0,12,82,,,,0.0,0.39,1.26,1.16,6.3,19,46,43
376,a,100.0,75.0,4.9,296,45.0,0,0.0,-1,1.0,0.1,426,158.0,26,1,2.2,305.0,113.0,2,73,0.2,368.0,136.0,0.0,5.3,0.0,22502,253,28807,104,0.7,0.5,0.18,0.54,0.72,3.97,0.05,0.16,0.21,1.19,79.0,364.0,138.0,57.8,319.0,107.0,22.0,368.0,127.0,15.8,377.0,133.0,,,,26,,Joe,Gomez,Gomez,,,300,0,2,2,7,0,0,0,2,0,0,4,24,,,,0.0,0.6,2.1,1.2,6.9,3,20,9
377,u,0.0,0.0,4.8,357,58.0,0,0.0,-2,2.0,0.0,590,211.0,0,0,0.0,757.0,260.0,0,0,0.0,700.0,251.0,0.0,0.0,0.0,1669,0,12236,10,0.0,0.0,0.0,0.0,0.0,0.0,0.0,0.0,0.0,0.0,0.0,756.0,260.0,0.0,752.0,260.0,0.0,743.0,260.0,0.0,757.0,260.0,,,,26,,Konstantinos,Tsimikas,Tsimikas,has joined AS Roma on loan for the rest of the season.,,0,0,0,0,0,0,0,0,0,0,0,0,0,,,,0.0,0.0,0.0,0.0,0.0,0,0,0
380,a,,,3.8,796,245.0,0,0.0,-2,2.0,0.2,349,125.0,0,0,0.0,521.0,188.0,0,0,0.0,398.0,153.0,0.0,0.0,0.0,27323,159,30801,206,0.5,0.5,0.0,0.0,0.0,0.0,0.0,0.0,0.0,0.0,0.0,511.0,188.0,0.0,498.0,186.0,0.0,462.0,177.0,0.0,514.0,188.0,,,,26,,Calvin,Ramsay,Ramsay,,,0,0,0,0,0,0,0,0,0,0,0,0,0,,,,0.0,0.0,0.0,0.0,0.0,0,0,0
381,a,100.0,100.0,14.0,2,1.0,0,0.0,-5,5.0,14.2,25,9.0,82,6,4.6,31.0,17.0,5,259,4.5,40.0,24.0,0.3,5.9,0.0,1329785,6084,5874701,6004,5.0,5.0,6.18,3.75,9.93,22.81,0.36,0.22,0.58,1.34,348.4,126.0,42.0,569.9,14.0,14.0,587.0,16.0,6.0,150.5,16.0,12.0,,4.0,1.0,26,,Mohamed,Salah,M.Salah,,,1536,4,6,5,27,0,0,0,1,0,0,16,64,,,,0.0,0.29,1.58,0.94,3.75,5,9,50
382,a,100.0,100.0,8.4,12,7.0,0,0.0,-1,1.0,13.7,27,10.0,100,3,4.0,79.0,37.0,16,412,4.8,32.0,20.0,0.6,11.9,0.0,2055736,34664,4037298,33226,5.3,5.3,5.64,4.1,9.73,23.77,0.27,0.2,0.47,1.16,409.0,89.0,29.0,682.1,6.0,6.0,530.0,21.0,9.0,162.1,10.0,8.0,4.0,,,26,,Florian,Wirtz,Wirtz,,,1850,4,3,8,23,0,0,0,1,0,0,21,133,,,,0.0,0.39,1.12,1.02,6.47,28,19,86
383,u,0.0,0.0,8.0,16,11.0,0,0.0,0,0.0,0.0,604,231.0,0,0,0.0,816.0,366.0,0,0,0.0,815.0,366.0,0.0,0.0,0.0,0,0,7327,8,0.0,0.0,0.0,0.0,0.0,0.0,0.0,0.0,0.0,0.0,0.0,816.0,366.0,0.0,816.0,366.0,0.0,816.0,366.0,0.0,816.0,366.0,,,,26,,Luis,Díaz Marulanda,Luis Díaz,Has joined Bayern Munch permanently.,,0,0,0,0,0,0,0,0,0,0,0,0,0,,,,0.0,0.0,0.0,0.0,0.0,0,0,0
384,a,100.0,100.0,7.3,27,17.0,0,0.0,-2,2.0,5.3,68,24.0,89,3,3.7,102.0,47.0,5,330,2.8,141.0,65.0,0.4,12.2,0.0,3293954,4481,3722385,6476,3.3,3.3,5.25,4.08,9.33,19.01,0.27,0.21,0.48,0.98,365.2,115.0,39.0,529.9,19.0,19.0,553.0,19.0,8.0,144.7,20.0,16.0,3.0,,3.0,26,,Cody,Gakpo,Gakpo,,,1742,5,3,6,25,0,0,0,1,0,0,20,100,,,,0.0,0.31,1.29,1.03,5.17,16,25,59
385,a,100.0,100.0,6.3,69,46.0,0,0.0,-2,2.0,0.3,327,110.0,31,1,1.6,396.0,176.0,0,116,0.8,306.0,134.0,0.1,4.9,0.0,55845,204,68046,271,1.3,1.3,1.18,0.5,1.68,4.75,0.44,0.19,0.63,1.79,115.6,323.0,146.0,33.9,360.0,188.0,127.0,202.0,111.0,27.6,329.0,157.0,,,,26,,Federico,Chiesa,Chiesa,,,239,2,1,0,6,0,0,0,2,0,0,1,26,,,,0.0,0.0,2.26,0.38,9.79,8,12,6
386,a,100.0,100.0,6.2,72,48.0,0,0.0,-3,3.0,1.2,175,58.0,52,3,2.1,320.0,140.0,0,278,1.8,220.0,92.0,0.3,8.4,0.0,170292,2251,272968,1782,2.3,2.3,2.14,1.16,3.3,21.2,0.11,0.06,0.17,1.11,255.8,202.0,85.0,345.5,58.0,47.0,195.0,121.0,71.0,79.7,115.0,64.0,,,4.0,26,,Alexis,Mac Allister,Mac Allister,,,1726,0,2,6,24,0,0,0,4,0,0,21,141,,,,0.0,0.31,1.25,1.1,7.35,31,41,69
387,a,100.0,0.0,6.7,49,31.0,0,0.0,2,-2.0,5.6,65,23.0,97,0,4.0,76.0,34.0,14,496,6.5,10.0,6.0,1.0,14.5,0.0,1736593,69304,1410473,19155,7.0,0.0,3.54,3.76,7.3,28.45,0.15,0.16,0.31,1.19,544.8,39.0,9.0,794.2,3.0,3.0,277.0,75.0,45.0,161.5,12.0,10.0,2.0,2.0,,26,,Dominik,Szoboszlai,Szoboszlai,,,2152,4,2,7,34,0,0,1,5,1,0,24,222,,,,0.0,0.29,1.42,1.0,9.28,36,63,123
388,a,100.0,100.0,5.4,167,102.0,0,0.0,-1,1.0,0.1,455,157.0,43,1,1.9,349.0,153.0,1,263,1.0,272.0,116.0,0.2,8.0,0.0,27966,220,32468,334,1.5,1.5,1.08,2.24,3.32,17.85,0.09,0.18,0.27,1.45,218.0,234.0,102.0,305.2,82.0,61.0,112.0,217.0,119.0,63.4,171.0,94.0,,,,26,,Curtis,Jones,C.Jones,,,1107,0,2,2,21,0,0,0,1,0,0,10,122,,,,0.0,0.16,1.71,0.81,9.92,22,20,80
390,a,100.0,100.0,5.5,147,91.0,0,0.0,0,0.0,4.7,74,26.0,111,5,4.6,27.0,14.0,13,504,3.8,73.0,37.0,0.7,20.2,0.0,1882408,17016,1420067,12100,4.3,4.3,1.32,1.76,3.08,25.26,0.06,0.07,0.13,1.07,518.4,49.0,12.0,365.9,50.0,44.0,135.0,184.0,102.0,102.0,57.0,38.0,,,,26,,Ryan,Gravenberch,Gravenberch,,,2118,4,4,8,29,0,0,0,4,0,0,24,230,,,,0.0,0.34,1.23,1.02,9.77,43,82,105
392,i,0.0,100.0,4.9,293,183.0,0,0.0,-1,1.0,0.1,502,180.0,12,3,1.5,409.0,181.0,0,49,1.2,254.0,110.0,0.2,2.4,0.0,7336,49,14831,138,0.0,1.7,0.04,0.05,0.09,4.11,0.02,0.03,0.05,2.18,56.0,396.0,175.0,18.1,392.0,197.0,6.0,419.0,205.0,8.0,419.0,191.0,,,,26,,Endo,Wataru,Endo,Foot injury - Unknown return date,,170,0,1,1,5,0,0,0,1,0,0,1,23,,,,0.0,0.53,2.65,0.53,12.18,7,13,3
393,i,0.0,0.0,4.3,604,352.0,0,0.0,-2,2.0,0.0,632,248.0,0,0,0.0,648.0,244.0,0,0,0.0,554.0,182.0,0.0,0.0,0.0,6733,24,9976,29,0.0,0.0,0.0,0.0,0.0,0.0,0.0,0.0,0.0,0.0,0.0,638.0,234.0,0.0,635.0,240.0,0.0,610.0,228.0,0.0,641.0,237.0,,,,26,,Stefan,Bajčetić Maquieira,Bajcetic,Hamstring injury - Unknown return date,,0,0,0,0,0,0,0,0,0,0,0,0,0,,,,0.0,0.0,0.0,0.0,0.0,0,0,0
394,u,0.0,0.0,4.4,546,326.0,0,0.0,-1,1.0,0.0,677,275.0,0,0,0.0,669.0,258.0,0,0,0.0,583.0,200.0,0.0,0.0,0.0,1737,0,4090,3,0.0,0.0,0.0,0.0,0.0,0.0,0.0,0.0,0.0,0.0,0.0,660.0,249.0,0.0,657.0,255.0,0.0,634.0,244.0,0.0,663.0,252.0,,,,26,,James,McConnell,McConnell,has joined Ajax on loan for the rest of the season.,,0,0,0,0,0,0,0,0,0,0,0,0,0,,,,0.0,0.0,0.0,0.0,0.0,0,0,0
395,u,0.0,0.0,4.5,430,257.0,0,0.0,0,0.0,0.0,801,355.0,0,0,0.0,696.0,274.0,0,0,0.0,619.0,221.0,0.0,0.0,0.0,0,0,357,0,0.0,0.0,0.0,0.0,0.0,0.0,0.0,0.0,0.0,0.0,0.0,690.0,268.0,0.0,687.0,272.0,0.0,669.0,265.0,0.0,693.0,271.0,,,,26,,Tyler,Morton,Morton,Has joined Lyon permanently.,,0,0,0,0,0,0,0,0,0,0,0,0,0,,,,0.0,0.0,0.0,0.0,0.0,0,0,0
396,a,,,4.3,613,359.0,0,0.0,-2,2.0,0.3,305,106.0,2,0,1.0,462.0,202.0,0,5,0.0,562.0,189.0,0.0,0.5,0.0,97115,177,81367,396,0.5,0.5,0.0,0.0,0.0,0.0,0.0,0.0,0.0,0.0,2.2,480.0,221.0,10.3,415.0,206.0,0.0,616.0,234.0,1.3,475.0,219.0,,,,26,,Trey,Nyoni,Nyoni,,,2,0,0,0,0,0,0,0,0,0,0,0,0,,,,0.0,0.0,0.0,0.0,0.0,0,0,0
397,u,0.0,0.0,6.5,51,18.0,0,0.0,0,0.0,0.1,554,78.0,0,0,0.0,812.0,90.0,0,0,0.0,807.0,88.0,0.0,0.0,0.0,0,0,15925,5,0.0,0.0,0.0,0.0,0.0,0.0,0.0,0.0,0.0,0.0,0.0,812.0,90.0,0.0,812.0,90.0,0.0,812.0,90.0,0.0,812.0,90.0,,,,26,,Darwin,Núñez Ribeiro,Darwin,Has joined Al-Hilal permanently.,,0,0,0,0,0,0,0,0,0,0,0,0,0,,,,0.0,0.0,0.0,0.0,0.0,0,0,0
398,i,0.0,0.0,4.3,600,84.0,0,0.0,-2,2.0,0.1,474,68.0,0,0,0.0,646.0,66.0,0,0,0.0,551.0,55.0,0.0,0.0,0.0,8852,37,19404,62,0.0,0.0,0.0,0.0,0.0,0.0,0.0,0.0,0.0,0.0,0.0,636.0,66.0,0.0,632.0,65.0,0.0,607.0,65.0,0.0,639.0,66.0,,,,26,,Jayden,Danns,Danns,Hamstring injury - Unknown return date,,0,0,0,0,0,0,0,0,0,0,0,0,0,,,,0.0,0.0,0.0,0.0,0.0,0,0,0
499,i,0.0,0.0,10.3,4,2.0,0,0.0,-2,2.0,3.6,93,16.0,29,0,2.9,216.0,24.0,2,96,0.0,817.0,91.0,0.0,2.8,0.0,1797029,75,2410948,1890,0.0,0.0,2.04,0.07,2.11,5.1,0.37,0.01,0.38,0.92,97.6,343.0,34.0,36.5,357.0,44.0,143.0,176.0,39.0,26.9,333.0,39.0,,,,26,,Alexander,Isak,Isak,Ankle injury - Unknown return date,,501,2,1,1,7,0,0,0,0,0,0,6,23,,,,0.0,0.18,1.26,1.08,4.13,6,6,11
661,a,100.0,100.0,8.9,7,3.0,0,0.0,4,-4.0,25.5,13,4.0,104,2,4.5,35.0,5.0,19,362,4.5,39.0,5.0,0.5,11.7,0.0,7406982,61886,6518232,49357,5.0,5.0,8.62,1.88,10.5,22.21,0.51,0.11,0.62,1.32,440.4,70.0,5.0,241.3,113.0,5.0,628.0,10.0,7.0,129.9,26.0,5.0,,,,26,,Hugo,Ekitiké,Ekitiké,,,1509,10,2,6,20,0,0,0,0,0,0,17,67,,,,0.0,0.36,1.19,1.01,4.0,9,27,31
686,a,,,4.3,619,363.0,0,0.0,-2,2.0,0.8,208,71.0,13,0,1.6,381.0,166.0,0,56,0.2,360.0,156.0,0.0,3.0,0.0,240177,3242,170770,2347,0.7,0.7,0.37,0.35,0.72,2.78,0.44,0.41,0.85,3.29,50.8,400.0,177.0,59.7,317.0,179.0,41.0,326.0,171.0,15.3,379.0,178.0,,,,26,,Rio,Ngumoha,Ngumoha,,,76,1,0,0,3,0,0,0,0,0,0,0,3,,,,0.0,0.0,3.55,0.0,3.55,1,0,2
82,a,100.0,100.0,7.9,17,12.0,0,0.0,9,-9.0,49.9,2,1.0,153,14,6.1,5.0,3.0,17,490,7.8,3.0,2.0,1.0,19.4,0.0,10832260,164732,6034394,20642,8.3,8.3,8.4,2.2,10.6,37.2,0.34,0.09,0.43,1.49,694.2,7.0,2.0,425.0,35.0,33.0,754.0,3.0,1.0,187.5,4.0,3.0,,,,26,,Antoine,Semenyo,Semenyo,,,2250,13,6,7,43,0,0,1,6,0,0,25,180,,,,0.0,0.28,1.72,1.0,7.2,33,35,112
182,a,,,4.5,428,23.0,0,0.0,-5,5.0,0.9,197,24.0,11,0,3.7,94.0,9.0,0,62,0.0,617.0,90.0,0.0,2.4,0.0,99575,105,271483,444,0.5,0.5,0.0,0.0,0.0,3.97,0.0,0.0,0.0,1.32,100.2,339.0,26.0,0.0,685.0,86.0,0.0,667.0,75.0,10.1,404.0,27.0,,,,26,,James,Trafford,Trafford,,,270,0,0,1,4,0,0,0,0,0,11,3,41,,,,3.67,0.33,1.33,1.0,0.0,2,6,33
260,a,100.0,100.0,5.2,209,28.0,0,0.0,7,-7.0,36.8,5,2.0,124,7,5.2,10.0,3.0,9,455,4.8,29.0,7.0,0.9,23.8,0.0,5725751,65062,2803135,27220,5.3,5.3,2.65,1.84,4.49,31.91,0.11,0.08,0.19,1.33,608.6,20.0,9.0,175.0,167.0,40.0,281.0,74.0,4.0,106.5,49.0,5.0,,,,26,,Marc,Guéhi,Guéhi,,,2160,2,4,9,26,0,0,0,5,0,0,24,235,,,,0.0,0.38,1.08,1.0,8.33,34,166,103
399,u,0.0,0.0,5.3,186,5.0,0,0.0,-2,2.0,0.8,204,25.0,0,0,0.0,793.0,94.0,0,0,0.0,767.0,94.0,0.0,0.0,0.0,15200,0,272607,167,0.0,0.0,0.0,0.0,0.0,0.0,0.0,0.0,0.0,0.0,0.0,793.0,94.0,0.0,792.0,93.0,0.0,789.0,91.0,0.0,793.0,94.0,,,,26,,Ederson,Santana de Moraes,Ederson M.,has joined Fenerbache permanently.,,0,0,0,0,0,0,0,0,0,0,0,0,0,,,,0.0,0.0,0.0,0.0,0.0,0,0,0
401,a,100.0,100.0,3.8,785,93.0,0,0.0,-2,2.0,0.4,275,35.0,0,0,0.0,516.0,33.0,0,0,0.0,391.0,24.0,0.0,0.0,0.0,47859,3779,25643,1923,0.5,0.5,0.0,0.0,0.0,0.0,0.0,0.0,0.0,0.0,0.0,506.0,33.0,0.0,492.0,17.0,0.0,456.0,3.0,0.0,509.0,33.0,,,,26,,Marcus,Bettinelli,Bettinelli,,,0,0,0,0,0,0,0,0,0,0,0,0,0,,,,0.0,0.0,0.0,0.0,0.0,0,0,0
402,a,100.0,100.0,5.7,118,12.0,0,0.0,-3,3.0,3.8,86,28.0,26,9,2.9,212.0,82.0,4,101,3.2,99.0,37.0,0.6,4.6,0.0,531056,5470,2393535,1212,3.7,3.7,0.3,0.71,1.01,6.33,0.06,0.14,0.2,1.23,82.0,360.0,136.0,62.1,310.0,103.0,37.0,334.0,106.0,18.1,367.0,128.0,,,,26,,Rayan,Aït-Nouri,Aït-Nouri,,,463,0,0,2,4,0,0,0,1,0,0,6,49,,,,0.0,0.39,0.78,1.17,7.97,19,22,20
403,i,0.0,0.0,5.9,102,7.0,0,0.0,-1,1.0,3.5,96,34.0,77,0,4.8,19.0,8.0,5,291,0.0,799.0,265.0,0.0,13.1,0.0,1374030,66,2165769,7425,0.0,0.0,2.19,0.64,2.83,15.29,0.15,0.04,0.19,1.06,354.6,119.0,53.0,104.7,237.0,66.0,193.0,124.0,23.0,65.3,162.0,53.0,,,,26,,Joško,Gvardiol,Gvardiol,Leg injury - Unknown return date,,1301,2,2,6,13,0,0,0,2,0,0,15,115,,,,0.0,0.42,0.9,1.04,6.85,17,82,48
408,a,100.0,100.0,5.5,139,16.0,0,0.0,0,0.0,3.3,98,35.0,102,6,4.6,26.0,10.0,3,407,1.8,217.0,81.0,0.3,18.5,0.0,922874,4720,1042198,2993,2.3,2.3,0.53,0.5,1.03,21.52,0.03,0.02,0.05,1.06,492.4,56.0,25.0,95.2,249.0,71.0,95.0,238.0,63.0,68.4,149.0,49.0,,,,26,,Rúben,dos Santos Gato Alves Dias,Rúben,,,1824,2,0,11,17,0,0,0,2,0,0,20,167,,,,0.0,0.54,0.84,0.99,7.06,9,134,66
412,u,0.0,0.0,5.0,282,42.0,0,0.0,0,0.0,0.0,773,261.0,0,0,0.0,791.0,263.0,0,0,0.0,756.0,258.0,0.0,0.0,0.0,0,0,850,1,0.0,0.0,0.0,0.0,0.0,0.0,0.0,0.0,0.0,0.0,0.0,790.0,263.0,0.0,789.0,263.0,0.0,785.0,263.0,0.0,791.0,263.0,,,,26,,Vitor,de Oliveira Nunes dos Reis,Vitor Reis,Has joined Girona on loan for the rest of the season.,,0,0,0,0,0,0,0,0,0,0,0,0,0,,,,0.0,0.0,0.0,0.0,0.0,0,0,0
413,a,100.0,100.0,8.3,13,8.0,0,0.0,-2,2.0,2.5,117,36.0,30,1,2.1,321.0,141.0,4,94,3.5,86.0,41.0,0.4,3.6,0.0,241791,3236,1252456,3483,4.0,4.0,1.58,0.58,2.16,4.3,0.37,0.14,0.51,1.01,86.0,355.0,159.0,106.1,233.0,146.0,136.0,181.0,100.0,32.5,307.0,152.0,,1.0,2.0,26,,Omar,Marmoush,Marmoush,,,383,1,1,2,3,0,0,0,1,0,0,4,24,,,,0.0,0.47,0.7,0.94,5.64,8,4,12
414,a,100.0,100.0,8.2,14,9.0,0,0.0,2,-2.0,9.9,37,13.0,108,5,4.7,24.0,12.0,10,465,1.8,223.0,95.0,0.2,13.2,0.0,6153161,2301,5288423,49972,2.3,2.3,5.15,3.59,8.74,20.82,0.27,0.19,0.46,1.09,483.6,60.0,17.0,724.1,4.0,4.0,398.0,34.0,19.0,160.3,13.0,11.0,1.0,3.0,,26,,Phil,Foden,Foden,,,1713,7,3,10,14,0,0,0,4,0,0,20,127,,,,0.0,0.53,0.74,1.05,6.67,26,21,80
415,d,25.0,25.0,6.9,43,25.0,0,0.0,-1,1.0,0.4,278,96.0,26,0,1.7,377.0,164.0,0,87,0.0,810.0,362.0,0.0,3.8,0.0,33203,10,113118,203,0.1,0.1,1.28,1.18,2.46,6.39,0.22,0.2,0.42,1.08,75.0,372.0,166.0,138.1,197.0,132.0,218.0,103.0,63.0,43.1,258.0,127.0,,,,26,,Sávio,Moreira de Oliveira,Savinho,Thigh injury - 25% chance of playing,,531,0,2,2,5,0,0,0,1,0,0,5,44,,,,0.0,0.34,0.85,0.85,7.46,5,9,30
417,a,100.0,100.0,6.5,53,34.0,0,0.0,0,0.0,9.0,40,15.0,90,1,4.3,47.0,25.0,12,382,3.2,103.0,48.0,0.5,13.8,0.0,2646622,15356,2518067,56164,3.7,3.7,2.16,5.79,7.95,14.42,0.18,0.49,0.67,1.22,386.2,100.0,33.0,564.1,15.0,15.0,326.0,59.0,35.0,127.8,29.0,23.0,2.0,4.0,,26,,Rayan,Cherki,Cherki,,,1067,3,8,5,11,0,0,0,1,0,0,12,103,,,,0.0,0.42,0.93,1.01,8.69,21,14,68
423,a,100.0,100.0,5.9,99,63.0,0,0.0,-1,1.0,0.1,475,165.0,55,0,2.6,259.0,109.0,1,289,0.0,796.0,354.0,0.0,9.3,0.0,27451,141,30429,201,0.5,0.5,0.56,1.0,1.56,16.77,0.04,0.07,0.11,1.1,278.6,187.0,75.0,185.6,155.0,108.0,64.0,284.0,153.0,52.8,216.0,107.0,,,,26,,Nico,González Iglesias,N.Gonzalez,,,1370,1,0,7,14,0,0,0,6,0,0,15,182,,,,0.0,0.46,0.92,0.99,11.96,36,67,79
425,u,0.0,0.0,5.4,184,114.0,0,0.0,-1,1.0,0.0,738,311.0,0,0,0.0,802.0,356.0,0,0,0.0,783.0,344.0,0.0,0.0,0.0,194,0,3226,0,0.0,0.0,0.0,0.0,0.0,0.0,0.0,0.0,0.0,0.0,0.0,802.0,356.0,0.0,801.0,356.0,0.0,799.0,355.0,0.0,802.0,356.0,,,,26,,Claudio,Echeverri,Echeverri,has joined Girona on loan for the rest of the season.,,0,0,0,0,0,0,0,0,0,0,0,0,0,,,,0.0,0.0,0.0,0.0,0.0,0,0,0
427,a,,,5.1,231,143.0,0,0.0,-4,4.0,10.2,36,12.0,84,1,3.5,123.0,53.0,6,313,1.2,257.0,112.0,0.2,16.5,0.0,3540981,3266,4854693,19771,1.7,1.7,3.92,1.99,5.91,17.18,0.24,0.12,0.36,1.06,325.2,142.0,48.0,317.4,73.0,55.0,385.0,38.0,23.0,101.9,59.0,39.0,3.0,,,26,,Tijjani,Reijnders,Reijnders,,,1453,5,2,7,16,0,0,0,2,0,0,17,87,,,,0.0,0.43,0.99,1.05,5.39,10,27,50
429,u,0.0,0.0,4.7,379,237.0,0,0.0,-3,3.0,0.1,556,203.0,0,0,0.0,754.0,322.0,0,0,0.0,691.0,279.0,0.0,0.0,0.0,4052,0,8275,74,0.0,0.0,0.0,0.0,0.0,0.0,0.0,0.0,0.0,0.0,0.0,753.0,321.0,0.0,749.0,322.0,0.0,738.0,319.0,0.0,754.0,322.0,,,,26,,Kalvin,Phillips,Phillips,has joined Sheffield United on loan for the rest of the season.,,0,0,0,0,0,0,0,0,0,0,0,0,0,,,,0.0,0.0,0.0,0.0,0.0,0,0,0
288,a,,,4.3,584,28.0,0,0.0,-2,2.0,0.1,458,69.0,0,0,0.0,640.0,89.0,0,0,0.0,543.0,83.0,0.0,0.0,0.0,4384,47,11693,72,-0.5,0.0,0.0,0.0,0.0,0.0,0.0,0.0,0.0,0.0,0.0,630.0,89.0,0.0,626.0,80.0,0.0,600.0,68.0,0.0,633.0,89.0,,,,26,,Mark,Travers,Travers,,,0,0,0,0,0,0,0,0,0,0,0,0,0,,,,0.0,0.0,0.0,0.0,0.0,0,0,0
430,d,75.0,100.0,14.9,1,1.0,0,0.0,9,-9.0,68.3,1,1.0,187,5,7.2,1.0,1.0,34,757,5.5,20.0,3.0,0.4,12.6,0.0,6739048,15535,1811687,70462,4.5,6.0,20.35,1.64,21.99,28.1,0.85,0.07,0.92,1.18,948.2,1.0,1.0,231.2,118.0,6.0,1124.0,1.0,1.0,230.5,2.0,1.0,,,1.0,26,,Erling,Haaland,Haaland,Knee injury - 75% chance of playing,,2143,22,6,10,23,0,0,1,1,0,0,25,76,,,,0.0,0.42,0.97,1.05,3.19,12,36,28
736,a,,,5.6,126,3.0,0,0.0,1,-1.0,8.9,42,7.0,91,7,4.0,72.0,7.0,2,394,5.0,26.0,2.0,0.9,16.2,0.0,1960205,17088,1206313,13161,5.5,5.5,0.0,0.0,0.0,25.83,0.0,0.0,0.0,1.12,460.0,64.0,13.0,0.0,805.0,94.0,0.0,803.0,93.0,46.2,242.0,13.0,,,,26,,Gianluigi,Donnarumma,Donnarumma,,,2070,0,0,10,20,0,1,0,5,0,54,23,55,,,,2.35,0.43,0.87,1.0,0.0,0,33,154
739,u,0.0,0.0,4.4,565,339.0,0,0.0,-1,1.0,0.0,678,276.0,2,0,1.0,468.0,208.0,0,5,0.0,600.0,211.0,0.0,0.5,0.0,3500,0,3096,50,0.0,0.0,0.0,0.21,0.21,0.34,0.0,0.76,0.76,1.22,4.2,471.0,215.0,28.3,372.0,191.0,4.0,425.0,209.0,3.7,449.0,202.0,,,,26,,Divine,Mukasa,Mukasa,has joined Leicester City on loan for the rest of the season.,,25,0,0,0,0,0,0,0,0,0,0,0,1,,,,0.0,0.0,0.0,0.0,3.6,0,0,1
740,u,0.0,0.0,3.9,776,227.0,0,0.0,-1,1.0,0.0,616,219.0,0,0,0.0,564.0,205.0,0,0,0.0,445.0,174.0,0.0,0.0,0.0,3208,0,3691,78,0.0,0.0,0.0,0.0,0.0,0.0,0.0,0.0,0.0,0.0,0.0,554.0,205.0,0.0,544.0,205.0,0.0,509.0,197.0,0.0,557.0,205.0,,,,26,,Stephen,Mfuni,Mfuni,has joined Watford on loan for the rest of the season.,,0,0,0,0,0,0,0,0,0,0,0,0,0,,,,0.0,0.0,0.0,0.0,0.0,0,0,0
431,a,,,4.7,387,17.0,0,0.0,-3,3.0,0.3,310,41.0,11,0,1.8,362.0,29.0,0,49,0.0,693.0,91.0,0.0,2.3,0.0,36340,175,61486,275,0.5,0.5,0.0,0.05,0.05,9.24,0.0,0.01,0.01,1.54,118.4,318.0,25.0,10.0,421.0,9.0,0.0,740.0,82.0,12.8,391.0,25.0,,,,26,,Altay,Bayındır,Bayindir,,,540,0,0,0,11,0,0,0,0,0,13,6,46,,,,2.17,0.0,1.83,1.0,0.0,0,7,39
432,u,0.0,0.0,4.9,302,11.0,0,0.0,-1,1.0,0.1,421,63.0,0,0,0.0,764.0,93.0,0,0,0.0,714.0,93.0,0.0,0.0,0.0,5156,0,26442,27,0.0,0.0,0.0,0.0,0.0,0.0,0.0,0.0,0.0,0.0,0.0,763.0,93.0,0.0,760.0,90.0,0.0,753.0,85.0,0.0,764.0,93.0,,,,26,,André,Onana,Onana,has joined Trabzonspor on loan for the rest of the season.,,0,0,0,0,0,0,0,0,0,0,0,0,0,,,,0.0,0.0,0.0,0.0,0.0,0,0,0
433,u,0.0,0.0,4.0,718,65.0,0,0.0,0,0.0,0.0,806,94.0,0,0,0.0,617.0,84.0,0,0,0.0,504.0,76.0,0.0,0.0,0.0,0,0,246,1,0.0,0.0,0.0,0.0,0.0,0.0,0.0,0.0,0.0,0.0,0.0,607.0,84.0,0.0,600.0,72.0,0.0,568.0,58.0,0.0,610.0,84.0,,,,26,,Elyh,Harrison,Harrison,On loan to Shrewsbury Town,,0,0,0,0,0,0,0,0,0,0,0,0,0,,,,0.0,0.0,0.0,0.0,0.0,0,0,0
436,d,50.0,0.0,4.9,307,48.0,0,0.0,-1,1.0,1.9,136,54.0,43,0,3.3,142.0,53.0,5,169,0.0,716.0,253.0,0.0,8.8,0.0,419494,69,543309,1347,0.2,0.0,1.38,0.83,2.21,18.73,0.11,0.06,0.17,1.44,276.6,189.0,78.0,60.2,315.0,105.0,122.0,211.0,54.0,45.7,243.0,81.0,,,,26,,Matthijs,de Ligt,De Ligt,Back injury - 50% chance of playing,,1170,1,0,1,20,0,0,0,0,0,0,13,139,,,,0.0,0.08,1.54,1.0,8.23,19,88,40
437,a,100.0,100.0,4.8,361,61.0,0,0.0,-2,2.0,1.0,192,75.0,39,2,2.8,225.0,90.0,3,165,2.2,168.0,60.0,0.5,8.1,0.0,161146,7982,69099,3016,2.7,2.7,0.06,0.5,0.56,9.34,0.01,0.05,0.06,0.93,220.2,232.0,90.0,78.3,280.0,89.0,10.0,397.0,145.0,31.0,317.0,107.0,,,,26,,Lisandro,Martínez,Martinez,,,904,0,0,3,11,1,0,0,0,0,0,9,75,,,,0.0,0.3,1.1,0.9,7.47,12,63,52
439,a,,,4.2,649,156.0,0,0.0,-3,3.0,0.1,569,204.0,0,0,0.0,638.0,247.0,0,0,0.0,537.0,228.0,0.0,0.0,0.0,3219,44,8412,63,0.5,0.5,0.0,0.0,0.0,0.0,0.0,0.0,0.0,0.0,0.0,629.0,248.0,0.0,624.0,247.0,0.0,597.0,246.0,0.0,632.0,248.0,,,,26,,Diego,León Blanco,D.Leon,,,0,0,0,0,0,0,0,0,0,0,0,0,0,,,,0.0,0.0,0.0,0.0,0.0,0,0,0
440,a,100.0,100.0,4.5,419,79.0,0,0.0,0,0.0,4.6,78,25.0,86,1,3.6,105.0,38.0,8,304,4.0,52.0,17.0,0.9,19.1,0.0,911967,16009,577329,10275,4.5,4.5,1.34,1.95,3.29,25.5,0.07,0.1,0.17,1.25,397.4,96.0,44.0,344.2,59.0,11.0,131.0,192.0,46.0,87.3,93.0,23.0,,,,26,,Diogo,Dalot Teixeira,Dalot,,,1840,1,6,5,30,0,0,0,4,0,0,21,144,,,,0.0,0.24,1.47,1.03,6.02,36,87,86
441,i,0.0,0.0,4.3,616,140.0,0,0.0,-2,2.0,4.7,76,24.0,74,0,3.4,126.0,47.0,8,261,2.0,183.0,66.0,0.5,17.2,0.0,1771015,986,1932201,39523,0.0,0.0,1.86,1.42,3.28,18.78,0.13,0.1,0.23,1.27,402.4,93.0,42.0,354.1,56.0,10.0,262.0,84.0,7.0,101.9,58.0,10.0,,,,26,,Patrick,Dorgu,Dorgu,Hamstring injury - Unknown return date,,1329,3,3,3,20,0,0,0,5,0,0,14,117,,,,0.0,0.2,1.35,0.95,6.43,47,48,72
442,a,100.0,100.0,4.3,572,121.0,0,0.0,-2,2.0,1.7,146,57.0,52,2,4.0,62.0,25.0,3,161,3.2,90.0,32.0,0.7,12.1,0.0,251245,6901,150793,3934,3.7,3.7,0.73,0.06,0.79,11.32,0.09,0.01,0.1,1.33,172.6,269.0,108.0,20.6,387.0,138.0,93.0,241.0,66.0,28.8,325.0,113.0,,,,26,,Harry,Maguire,Maguire,,,768,1,1,4,9,0,0,0,1,0,0,9,74,,,,0.0,0.47,1.05,1.05,7.38,9,54,24
443,a,,,4.5,409,73.0,0,0.0,0,0.0,0.8,209,80.0,62,2,2.4,282.0,108.0,0,275,2.5,151.0,53.0,0.6,13.8,0.0,161758,3434,111646,1586,3.0,3.0,0.47,1.45,1.91,30.09,0.02,0.06,0.08,1.2,374.0,107.0,47.0,260.5,104.0,27.0,55.0,303.0,94.0,69.0,146.0,47.0,,,,26,,Luke,Shaw,Shaw,,,2264,0,1,5,34,0,0,0,4,0,0,26,171,,,,0.0,0.2,1.35,1.03,5.57,53,87,73
444,a,,,4.1,656,160.0,0,0.0,-4,4.0,1.2,173,65.0,37,1,1.6,378.0,141.0,1,114,0.5,313.0,110.0,0.1,9.0,0.0,204825,852,301495,1182,1.0,1.0,0.68,0.25,0.93,17.78,0.05,0.02,0.07,1.38,209.8,246.0,99.0,62.2,308.0,102.0,73.0,270.0,78.0,34.4,297.0,98.0,,,,26,,Leny,Yoro,Yoro,,,1156,0,1,1,24,0,0,0,0,0,0,12,121,,,,0.0,0.08,1.87,0.93,7.71,23,76,50
445,u,0.0,0.0,4.0,716,194.0,0,0.0,0,0.0,0.1,540,192.0,0,0,0.0,615.0,232.0,0,0,0.0,502.0,206.0,0.0,0.0,0.0,1160,0,14393,19,0.0,0.0,0.0,0.0,0.0,0.0,0.0,0.0,0.0,0.0,0.0,605.0,232.0,0.0,598.0,232.0,0.0,566.0,227.0,0.0,608.0,232.0,,,,26,,Harry,Amass,Amass,has joined Norwich City on loan for the rest of the season.,,0,0,0,0,0,0,0,0,0,0,0,0,0,,,,0.0,0.0,0.0,0.0,0.0,0,0,0
446,a,,,3.8,804,253.0,0,0.0,-2,2.0,0.1,432,160.0,1,0,1.0,447.0,162.0,0,4,0.0,405.0,160.0,0.0,0.3,0.0,10332,33,14400,108,0.5,0.5,0.0,0.0,0.0,0.3,0.0,0.0,0.0,13.5,4.0,472.0,170.0,0.0,505.0,193.0,0.0,469.0,184.0,0.4,485.0,171.0,,,,26,,Tyler,Fredricson,Fredricson,,,2,0,0,0,0,0,0,0,0,0,0,0,2,,,,0.0,0.0,0.0,0.0,90.0,0,2,0
450,a,100.0,100.0,8.1,15,10.0,0,0.0,1,-1.0,8.5,44,16.0,93,2,4.0,78.0,36.0,10,372,5.8,15.0,10.0,0.7,11.5,0.0,2971602,12165,2925464,42886,6.3,6.3,5.13,2.3,7.43,21.95,0.28,0.13,0.41,1.21,435.8,72.0,22.0,357.6,55.0,45.0,510.0,22.0,10.0,130.5,25.0,21.0,,,,26,,Matheus,Santos Carneiro da Cunha,Cunha,,,1627,6,2,5,23,0,0,0,1,0,0,19,132,,,,0.0,0.28,1.27,1.05,7.3,26,26,80
451,u,0.0,0.0,7.0,34,20.0,0,0.0,0,0.0,0.0,696,289.0,0,0,0.0,815.0,365.0,0,0,0.0,812.0,364.0,0.0,0.0,0.0,0,0,2109,0,0.0,0.0,0.0,0.0,0.0,0.0,0.0,0.0,0.0,0.0,0.0,815.0,365.0,0.0,815.0,365.0,0.0,815.0,365.0,0.0,815.0,365.0,,,,26,,Marcus,Rashford,Rashford,Has joined Barcelona on loan for the rest of the season,,0,0,0,0,0,0,0,0,0,0,0,0,0,,,,0.0,0.0,0.0,0.0,0.0,0,0,0
452,a,100.0,100.0,6.2,76,51.0,0,0.0,-3,3.0,1.8,141,46.0,67,2,3.4,134.0,60.0,6,349,2.0,197.0,83.0,0.3,10.8,0.0,407024,6862,533044,8652,2.5,2.5,3.96,3.23,7.19,20.63,0.22,0.18,0.4,1.13,341.8,131.0,45.0,459.3,27.0,26.0,403.0,32.0,17.0,120.5,36.0,28.0,,,,26,,Amad,Diallo,Amad,,,1650,2,4,4,23,0,0,0,2,0,0,19,144,,,,0.0,0.22,1.25,1.04,7.85,30,36,78
454,u,0.0,0.0,5.9,100,64.0,0,0.0,-1,1.0,0.1,567,210.0,0,0,0.0,808.0,361.0,0,0,0.0,797.0,355.0,0.0,0.0,0.0,1511,0,10687,13,0.0,0.0,0.0,0.0,0.0,0.0,0.0,0.0,0.0,0.0,0.0,808.0,361.0,0.0,808.0,361.0,0.0,807.0,361.0,0.0,808.0,361.0,,,,26,,Antony,dos Santos,Antony,has joined Real Betis permanently.,,0,0,0,0,0,0,0,0,0,0,0,0,0,,,,0.0,0.0,0.0,0.0,0.0,0,0,0
455,d,25.0,25.0,5.9,95,60.0,0,0.0,-1,1.0,0.3,317,107.0,46,0,2.7,245.0,101.0,3,164,0.0,793.0,351.0,0.0,7.8,0.0,183665,19,195778,985,0.1,0.1,1.54,1.4,2.94,10.3,0.17,0.16,0.33,1.14,162.4,279.0,122.0,198.5,147.0,101.0,158.0,156.0,87.0,51.9,218.0,109.0,3.0,,,26,,Mason,Mount,Mount,Knock - 25% chance of playing,,812,3,0,3,14,0,0,0,0,0,0,10,62,,,,0.0,0.33,1.55,1.11,6.87,14,7,41
457,a,100.0,100.0,5.6,121,75.0,0,0.0,1,-1.0,2.3,122,40.0,110,2,4.6,28.0,15.0,14,414,5.0,25.0,16.0,0.9,19.6,0.0,569181,20839,327694,9223,5.5,5.5,4.11,2.42,6.53,18.89,0.21,0.13,0.34,0.99,535.6,43.0,10.0,351.4,57.0,46.0,365.0,45.0,27.0,125.4,30.0,24.0,,,,26,,Carlos Henrique,Casimiro,Casemiro,,,1724,5,4,7,20,0,0,0,6,1,0,23,222,,,,0.0,0.37,1.04,1.2,11.59,56,77,89
458,a,100.0,100.0,4.6,401,248.0,0,0.0,-4,4.0,1.3,170,56.0,32,2,1.9,342.0,150.0,0,142,4.2,43.0,25.0,0.9,7.0,0.0,175459,14389,114651,3346,4.7,4.7,0.17,0.56,0.73,9.42,0.02,0.07,0.09,1.25,160.8,282.0,124.0,203.3,139.0,97.0,41.0,327.0,172.0,40.5,270.0,134.0,,,,26,,Kobbie,Mainoo,Mainoo,,,678,0,2,2,12,0,0,0,0,0,0,5,72,,,,0.0,0.27,1.59,0.66,9.56,16,20,36
459,a,,,4.7,385,240.0,0,0.0,-3,3.0,0.2,412,140.0,31,0,1.7,373.0,163.0,0,155,0.5,324.0,141.0,0.1,6.6,0.0,29221,213,36816,391,1.0,1.0,0.31,0.15,0.46,14.56,0.04,0.02,0.06,1.75,129.6,310.0,141.0,63.3,303.0,172.0,32.0,341.0,179.0,22.3,351.0,168.0,,,,26,,Manuel,Ugarte Ribeiro,Ugarte,,,748,0,0,1,20,0,0,0,1,0,0,7,122,,,,0.0,0.12,2.41,0.84,14.68,41,34,47
460,u,0.0,0.0,4.5,445,266.0,0,0.0,0,0.0,0.0,659,266.0,0,0,0.0,705.0,282.0,0,0,0.0,628.0,229.0,0.0,0.0,0.0,505,0,9582,6,0.0,0.0,0.0,0.0,0.0,0.0,0.0,0.0,0.0,0.0,0.0,699.0,276.0,0.0,697.0,280.0,0.0,680.0,273.0,0.0,702.0,279.0,,,,26,,Toby,Collyer,Collyer,has joined Hull City on loan for the rest of the season.,,0,0,0,0,0,0,0,0,0,0,0,0,0,,,,0.0,0.0,0.0,0.0,0.0,0,0,0
462,a,,,4.3,607,354.0,0,0.0,-2,2.0,0.1,503,181.0,3,0,1.0,460.0,201.0,0,10,0.0,556.0,184.0,0.0,0.7,0.0,14366,284,12095,185,0.5,0.5,0.03,0.02,0.05,1.86,0.03,0.02,0.05,1.56,18.6,444.0,196.0,24.4,379.0,194.0,5.0,422.0,207.0,4.8,445.0,199.0,,,,26,,Jack,Fletcher,J.Fletcher,,,107,0,0,0,0,0,0,0,0,0,0,0,11,,,,0.0,0.0,0.0,0.0,9.25,5,2,4
465,u,0.0,0.0,6.3,70,22.0,0,0.0,-2,2.0,0.3,336,55.0,0,0,0.0,810.0,89.0,0,0,0.0,804.0,87.0,0.0,0.0,0.0,5437,0,56534,34,0.0,0.0,0.0,0.0,0.0,0.0,0.0,0.0,0.0,0.0,0.0,810.0,89.0,0.0,810.0,89.0,0.0,810.0,89.0,0.0,810.0,89.0,,,,26,,Rasmus,Højlund,Højlund,has joined Napoli on loan for the rest of the season.,,0,0,0,0,0,0,0,0,0,0,0,0,0,,,,0.0,0.0,0.0,0.0,0.0,0,0,0
466,a,100.0,100.0,5.8,108,31.0,0,0.0,-2,2.0,0.4,273,44.0,35,1,2.2,308.0,33.0,6,117,0.5,336.0,46.0,0.1,6.0,0.0,106590,597,126637,749,1.0,1.0,1.86,0.29,2.15,6.99,0.34,0.05,0.39,1.28,141.2,297.0,29.0,131.2,200.0,19.0,172.0,144.0,35.0,44.1,252.0,29.0,,,,26,,Joshua,Zirkzee,Zirkzee,,,492,2,1,1,7,0,0,0,1,0,0,4,36,,,,0.0,0.18,1.28,0.73,6.59,8,11,17
467,a,,,4.2,646,90.0,0,0.0,-3,3.0,1.6,148,24.0,0,0,0.0,636.0,64.0,0,0,0.0,534.0,53.0,0.0,0.0,0.0,268999,1684,351572,2536,0.5,0.5,0.0,0.0,0.0,0.0,0.0,0.0,0.0,0.0,0.0,627.0,64.0,0.0,622.0,63.0,0.0,595.0,63.0,0.0,630.0,64.0,,,,26,,Chido,Obi,Obi,,,0,0,0,0,0,0,0,0,0,0,0,0,0,,,,0.0,0.0,0.0,0.0,0.0,0,0,0
468,u,0.0,0.0,4.5,479,68.0,0,0.0,0,0.0,0.1,508,72.0,0,0,0.0,727.0,77.0,0,0,0.0,655.0,67.0,0.0,0.0,0.0,4530,0,14664,79,0.0,0.0,0.0,0.0,0.0,0.0,0.0,0.0,0.0,0.0,0.0,724.0,77.0,0.0,720.0,76.0,0.0,705.0,76.0,0.0,726.0,77.0,,,,26,,Ethan,Wheatley,Wheatley,has joined Bradford City on loan for the rest of the season.,,0,0,0,0,0,0,0,0,0,0,0,0,0,,,,0.0,0.0,0.0,0.0,0.0,0,0,0
681,a,100.0,100.0,7.2,32,13.0,0,0.0,-3,3.0,3.5,97,17.0,71,8,3.4,136.0,12.0,12,229,4.0,65.0,8.0,0.6,9.9,0.0,715396,14989,1357891,3752,4.5,4.5,5.86,0.2,6.06,17.39,0.48,0.02,0.5,1.42,294.6,179.0,15.0,126.5,206.0,20.0,565.0,18.0,11.0,97.9,69.0,13.0,,,,26,,Benjamin,Sesko,Šeško,,,1099,6,2,1,23,0,0,0,1,0,0,11,46,,,,0.0,0.08,1.88,0.9,3.77,5,17,24
733,a,,,5.0,261,9.0,0,0.0,0,0.0,2.1,127,18.0,59,2,3.0,192.0,19.0,4,228,3.0,113.0,9.0,0.6,11.8,0.0,459287,6174,272298,4885,3.5,3.5,0.0,0.0,0.0,22.79,0.0,0.0,0.0,1.14,371.2,111.0,17.0,0.0,779.0,91.0,2.0,448.0,1.0,37.4,281.0,17.0,,,,26,,Senne,Lammens,Lammens,,,1800,0,0,4,26,0,0,0,0,0,44,20,43,,,,2.2,0.2,1.3,1.0,0.0,1,17,136
755,a,100.0,100.0,4.5,482,294.0,0,0.0,0,0.0,0.0,714,298.0,2,0,1.0,477.0,216.0,0,8,0.0,658.0,254.0,0.0,0.4,0.0,3187,67,2112,90,0.5,0.5,0.07,0.0,0.07,0.11,0.52,0.0,0.52,0.82,4.0,473.0,216.0,1.5,457.0,220.0,11.0,391.0,196.0,1.5,470.0,214.0,,,,26,,Shea,Lacey,Lacey,,,12,0,0,0,0,0,0,0,0,0,0,0,1,,,,0.0,0.0,0.0,0.0,7.5,1,0,0
788,a,,,4.0,715,193.0,0,0.0,0,0.0,0.0,751,257.0,0,0,0.0,614.0,231.0,0,0,0.0,501.0,205.0,0.0,0.0,0.0,343,30,239,33,0.5,0.5,0.0,0.0,0.0,0.0,0.0,0.0,0.0,0.0,0.0,604.0,231.0,0.0,597.0,231.0,0.0,565.0,226.0,0.0,607.0,231.0,,,,26,,Godwill,Kukonki,Kukonki,,,0,0,0,0,0,0,0,0,0,0,0,0,0,,,,0.0,0.0,0.0,0.0,0.0,0,0,0
231,a,100.0,100.0,4.5,478,95.0,0,0.0,0,0.0,0.0,699,240.0,0,0,0.0,726.0,258.0,0,0,0.0,654.0,247.0,0.0,0.0,0.0,1059,306,2165,81,1.0,0.5,0.0,0.0,0.0,0.0,0.0,0.0,0.0,0.0,0.0,723.0,258.0,0.0,719.0,258.0,0.0,704.0,258.0,0.0,725.0,258.0,,,,26,,Mamadou,Sarr,M.Sarr,,,0,0,0,0,0,0,0,0,0,0,0,0,0,,,,0.0,0.0,0.0,0.0,0.0,0,0,0
316,a,100.0,100.0,4.9,295,44.0,0,0.0,-1,1.0,0.7,212,81.0,33,0,2.8,227.0,91.0,4,142,0.5,327.0,119.0,0.1,6.7,0.0,142980,1193,171334,2254,0.5,0.0,0.22,1.11,1.33,13.3,0.02,0.12,0.14,1.49,192.8,257.0,105.0,207.2,137.0,35.0,34.0,340.0,110.0,43.4,255.0,86.0,,,,26,,Antonee,Robinson,Robinson,,,801,0,0,2,10,0,0,0,0,0,0,9,69,,,,0.0,0.22,1.12,1.01,7.64,26,42,48
52,a,100.0,100.0,5.3,194,121.0,0,0.0,-2,2.0,0.2,364,121.0,24,7,1.5,412.0,184.0,0,127,2.5,160.0,72.0,0.5,4.5,0.0,24620,544,73909,215,2.0,2.5,0.8,0.68,1.48,13.55,0.1,0.09,0.19,1.71,113.2,327.0,149.0,146.2,190.0,127.0,108.0,223.0,122.0,36.8,284.0,140.0,,,,26,,Jacob,Ramsey,J.Ramsey,,,714,1,0,0,17,0,0,0,3,0,0,6,76,,,,0.0,0.0,2.14,0.76,9.58,16,11,49
135,d,50.0,100.0,7.3,24,9.0,0,0.0,-2,2.0,0.7,220,35.0,18,0,1.6,398.0,49.0,0,56,1.2,262.0,35.0,0.2,2.5,0.0,234647,661,435928,5391,0.3,1.2,1.88,0.53,2.41,6.1,0.42,0.12,0.54,1.35,52.0,399.0,44.0,34.1,359.0,45.0,133.0,187.0,41.0,21.4,355.0,43.0,,,,26,,Yoane,Wissa,Wissa,Knock - 50% chance of playing,,406,1,0,1,7,0,0,0,1,0,0,4,18,,,,0.0,0.22,1.55,0.89,3.99,2,3,13
471,a,,,3.9,741,71.0,0,0.0,-1,1.0,0.1,435,65.0,0,0,0.0,537.0,39.0,0,0,0.0,416.0,30.0,0.0,0.0,0.0,6441,43,10172,48,-0.5,0.0,0.0,0.0,0.0,0.0,0.0,0.0,0.0,0.0,0.0,527.0,39.0,0.0,517.0,24.0,0.0,482.0,10.0,0.0,530.0,39.0,,,,26,,Mark,Gillespie,Gillespie,,,0,0,0,0,0,0,0,0,0,0,0,0,0,,,,0.0,0.0,0.0,0.0,0.0,0,0,0
472,u,0.0,0.0,4.0,664,44.0,0,0.0,0,0.0,0.0,712,82.0,0,0,0.0,573.0,64.0,0,0,0.0,456.0,55.0,0.0,0.0,0.0,0,0,2450,3,0.0,0.0,0.0,0.0,0.0,0.0,0.0,0.0,0.0,0.0,0.0,563.0,64.0,0.0,555.0,51.0,0.0,521.0,37.0,0.0,566.0,64.0,,,,26,,Odysseas,Vlachodimos,Odysseas,Has joined Sevilla on loan for the rest of the season.,,0,0,0,0,0,0,0,0,0,0,0,0,0,,,,0.0,0.0,0.0,0.0,0.0,0,0,0
473,a,100.0,100.0,5.3,202,25.0,0,0.0,-2,2.0,2.5,116,47.0,56,1,2.9,208.0,81.0,4,237,1.2,259.0,93.0,0.2,10.6,0.0,579162,4339,504740,14234,0.7,1.2,0.6,1.8,2.4,19.81,0.04,0.12,0.16,1.37,344.4,129.0,57.0,252.9,108.0,30.0,104.0,227.0,59.0,70.1,143.0,45.0,4.0,,,26,,Lewis,Hall,Hall,,,1299,0,2,3,24,0,0,0,2,0,0,14,124,,,,0.0,0.21,1.66,0.97,8.04,35,81,78
474,i,0.0,0.0,5.2,207,27.0,0,0.0,-3,3.0,1.2,174,66.0,51,0,3.2,160.0,63.0,0,186,0.0,763.0,260.0,0.0,9.8,0.0,296724,37,486808,2382,0.0,0.0,0.97,0.6,1.57,13.85,0.08,0.05,0.13,1.14,291.2,180.0,73.0,63.6,302.0,100.0,108.0,222.0,58.0,46.4,240.0,80.0,,3.0,4.0,26,,Fabian,Schär,Schär,Ankle injury - Expected back 18 Apr,,1089,0,0,4,13,0,0,0,1,0,0,11,133,,,,0.0,0.33,1.07,0.91,9.5,14,101,42
475,d,75.0,100.0,4.9,313,49.0,0,0.0,-1,1.0,0.4,277,103.0,53,2,3.5,121.0,46.0,4,206,3.0,110.0,40.0,0.6,10.8,0.0,75781,870,98758,946,1.9,3.0,1.28,0.28,1.56,14.57,0.11,0.02,0.13,1.24,325.8,141.0,64.0,49.7,333.0,114.0,132.0,190.0,44.0,50.8,222.0,73.0,,,,26,,Sven,Botman,Botman,Back injury - 75% chance of playing,,1060,1,1,4,17,1,0,0,1,0,0,12,134,,,,0.0,0.34,1.44,1.02,8.92,9,96,61
476,a,100.0,100.0,5.0,242,36.0,0,0.0,0,0.0,3.2,102,39.0,70,1,3.9,82.0,31.0,5,203,0.8,294.0,106.0,0.2,14.0,0.0,1487382,3293,1649548,2885,0.3,0.8,0.19,0.31,0.5,16.65,0.01,0.02,0.03,1.04,319.8,153.0,67.0,85.6,265.0,84.0,74.0,269.0,77.0,48.0,234.0,77.0,,,,26,,Dan,Burn,Burn,,,1438,0,3,6,22,0,0,0,5,1,0,17,182,,,,0.0,0.38,1.38,1.06,9.14,26,120,51
477,i,0.0,0.0,4.9,327,52.0,0,0.0,-1,1.0,1.9,135,53.0,49,0,3.8,87.0,33.0,3,218,0.0,726.0,254.0,0.0,10.0,0.0,1089519,14,1372574,1881,0.0,0.0,0.12,0.57,0.69,11.0,0.01,0.05,0.06,0.94,190.8,260.0,106.0,178.1,165.0,38.0,36.0,338.0,109.0,40.5,271.0,91.0,,,,26,,Tino,Livramento,Livramento,Hamstring injury - Expected back 14 Mar,,1048,0,1,5,10,0,0,0,1,0,0,11,86,,,,0.0,0.43,0.86,0.94,4.98,19,39,68
478,a,100.0,100.0,4.9,286,43.0,0,0.0,-1,1.0,1.3,163,64.0,41,2,2.9,204.0,79.0,2,171,1.2,251.0,91.0,0.2,8.4,0.0,240674,1364,369547,944,0.7,1.2,0.05,1.66,1.71,14.47,0.0,0.13,0.13,1.14,196.2,253.0,103.0,364.0,51.0,6.0,9.0,401.0,148.0,56.8,200.0,65.0,2.0,2.0,,26,,Kieran,Trippier,Trippier,,,1138,0,0,5,19,0,0,0,1,0,0,13,85,,,,0.0,0.4,1.5,1.03,4.43,17,39,53
479,i,0.0,0.0,4.3,575,124.0,0,0.0,-2,2.0,0.0,622,222.0,0,0,0.0,639.0,248.0,0,-8,0.0,539.0,230.0,0.0,0.0,0.0,1507,5,5083,22,0.0,0.0,0.0,0.0,0.0,0.25,0.0,0.0,0.0,0.5,1.4,485.0,174.0,1.2,459.0,167.0,0.0,599.0,247.0,0.3,491.0,174.0,,,,26,,Emil,Krafth,Krafth,Knee injury - Unknown return date,,45,0,0,0,2,0,0,0,0,0,0,1,1,,,,0.0,0.0,4.0,2.0,2.0,0,1,0
480,u,0.0,0.0,4.3,573,122.0,0,0.0,-2,2.0,0.0,586,209.0,1,0,0.5,509.0,177.0,0,0,0.0,538.0,229.0,0.0,0.2,0.0,2754,0,8926,44,0.0,0.0,0.04,0.0,0.04,0.55,0.19,0.0,0.19,2.61,10.2,452.0,167.0,0.0,625.0,248.0,7.0,413.0,156.0,1.7,465.0,167.0,,,,26,,Jamaal,Lascelles,Lascelles,has joined Leicester City permanently.,,19,0,0,0,2,0,0,0,0,0,0,0,5,,,,0.0,0.0,9.47,0.0,23.68,0,5,0
482,u,0.0,0.0,3.9,756,219.0,0,0.0,-1,1.0,0.1,456,166.0,0,0,0.0,547.0,200.0,0,0,0.0,427.0,168.0,0.0,0.0,0.0,8541,0,16655,104,0.0,0.0,0.0,0.0,0.0,0.0,0.0,0.0,0.0,0.0,0.0,537.0,200.0,0.0,527.0,200.0,0.0,492.0,192.0,0.0,540.0,200.0,,,,26,,Harrison,Ashby,Ashby,has joined Bradford City on loan for the rest of the season.,,0,0,0,0,0,0,0,0,0,0,0,0,0,,,,0.0,0.0,0.0,0.0,0.0,0,0,0
484,u,0.0,0.0,4.0,668,165.0,0,0.0,0,0.0,0.1,422,155.0,0,0,0.0,576.0,211.0,0,0,0.0,459.0,182.0,0.0,0.0,0.0,3759,0,45070,57,0.0,0.0,0.0,0.0,0.0,0.0,0.0,0.0,0.0,0.0,0.0,566.0,211.0,0.0,558.0,211.0,0.0,525.0,205.0,0.0,569.0,211.0,,,,26,,Matt,Targett,Targett,has joined Middlesbrough on loan for the rest of the season.,,0,0,0,0,0,0,0,0,0,0,0,0,0,,,,0.0,0.0,0.0,0.0,0.0,0,0,0
485,a,100.0,75.0,7.2,31,19.0,0,0.0,-3,3.0,2.1,126,41.0,66,5,3.3,150.0,68.0,4,234,3.2,105.0,50.0,0.4,9.2,0.0,1434384,4195,1428704,7289,2.7,2.4,5.54,3.13,8.67,16.14,0.38,0.22,0.6,1.11,255.6,203.0,86.0,334.0,65.0,52.0,348.0,51.0,32.0,93.4,78.0,46.0,,,2.0,26,,Anthony,Gordon,Gordon,,,1304,3,4,6,23,0,0,0,3,1,0,18,65,,,,0.0,0.41,1.59,1.24,4.49,14,11,40
486,a,100.0,100.0,6.5,52,33.0,0,0.0,-5,5.0,2.6,115,35.0,34,2,1.5,416.0,187.0,0,126,1.5,239.0,104.0,0.2,5.2,0.0,552871,1032,1178004,1362,1.0,1.5,1.24,1.34,2.58,13.45,0.12,0.13,0.25,1.32,108.4,330.0,150.0,223.7,125.0,87.0,131.0,195.0,107.0,46.3,241.0,122.0,,,,26,,Anthony,Elanga,Elanga,,,916,0,1,2,20,0,0,0,0,0,0,9,37,,,,0.0,0.2,1.97,0.88,3.64,10,6,21
487,a,,,6.1,81,53.0,0,0.0,-4,4.0,1.4,162,52.0,76,2,3.0,195.0,82.0,8,246,2.0,195.0,82.0,0.3,12.5,0.0,709714,2604,619409,8723,1.5,2.0,5.51,1.99,7.5,18.43,0.36,0.13,0.49,1.21,285.8,181.0,72.0,270.6,99.0,72.0,495.0,23.0,11.0,104.7,51.0,35.0,,,,26,,Harvey,Barnes,Barnes,,,1374,5,0,4,21,0,0,0,0,0,0,14,75,,,,0.0,0.26,1.38,0.92,4.91,10,15,50
488,i,0.0,100.0,7.0,35,21.0,0,0.0,5,-5.0,11.2,33,11.0,134,3,5.8,6.0,4.0,19,584,3.5,85.0,40.0,0.5,19.1,0.0,4036981,12847,2918608,191999,0.0,3.5,4.82,3.62,8.44,26.13,0.21,0.16,0.37,1.16,682.6,8.0,3.0,634.3,9.0,9.0,365.0,46.0,28.0,168.3,9.0,7.0,,,,26,,Bruno,Guimarães Rodriguez Moura,Bruno G.,Hamstring injury - Expected back 11 Apr,,2019,9,6,6,31,0,0,0,5,0,0,22,200,,,,0.0,0.27,1.38,0.98,8.92,50,43,107
489,a,100.0,100.0,5.9,91,57.0,0,0.0,-6,6.0,0.6,234,82.0,53,1,2.5,275.0,117.0,2,216,0.5,337.0,149.0,0.1,9.0,0.0,157892,464,343272,799,0.0,0.5,2.78,2.34,5.12,13.75,0.23,0.19,0.42,1.14,216.0,237.0,103.0,311.2,75.0,56.0,274.0,78.0,47.0,79.2,116.0,65.0,,,,26,,Jacob,Murphy,J.Murphy,,,1082,2,1,6,12,0,0,0,1,0,0,13,50,,,,0.0,0.5,1.0,1.08,4.16,9,13,28
664,a,,,3.9,742,72.0,0,0.0,-1,1.0,0.7,215,28.0,0,0,0.0,538.0,40.0,0,0,0.0,417.0,31.0,0.0,0.0,0.0,40530,425,51339,427,0.0,-0.5,0.0,0.0,0.0,0.0,0.0,0.0,0.0,0.0,0.0,528.0,40.0,0.0,518.0,25.0,0.0,483.0,11.0,0.0,531.0,40.0,,,,26,,Benjamin,Lecomte,Lecomte,,,0,0,0,0,0,0,0,0,0,0,0,0,0,,,,0.0,0.0,0.0,0.0,0.0,0,0,0
490,a,100.0,0.0,5.9,94,59.0,0,0.0,-1,1.0,0.3,330,113.0,56,0,2.9,213.0,88.0,2,239,0.0,792.0,350.0,0.0,9.5,0.0,70771,28,102077,985,-0.5,0.0,1.75,0.97,2.72,17.25,0.12,0.06,0.18,1.14,254.6,205.0,88.0,209.3,135.0,94.0,269.0,81.0,50.0,73.4,129.0,70.0,,,,26,,Joelinton Cássio,Apolinário de Lira,Joelinton,,,1364,2,0,5,18,0,0,0,6,0,0,17,171,,,,0.0,0.33,1.19,1.12,11.28,30,55,86
789,a,,,4.0,704,63.0,0,0.0,0,0.0,0.0,769,87.0,0,0,0.0,605.0,82.0,0,0,0.0,490.0,74.0,0.0,0.0,0.0,328,19,221,33,1.0,0.5,0.0,0.0,0.0,0.0,0.0,0.0,0.0,0.0,0.0,595.0,82.0,0.0,588.0,70.0,0.0,555.0,56.0,0.0,598.0,82.0,,,,26,,Max,Merrick,Merrick,,,0,0,0,0,0,0,0,0,0,0,0,0,0,,,,0.0,0.0,0.0,0.0,0.0,0,0,0
491,a,100.0,100.0,5.3,197,122.0,0,0.0,-2,2.0,1.0,186,64.0,61,1,2.3,296.0,130.0,1,332,2.2,172.0,76.0,0.4,11.5,0.0,188604,2307,301471,2119,1.7,2.2,1.5,1.6,3.1,22.3,0.08,0.08,0.16,1.14,275.4,190.0,76.0,321.7,71.0,53.0,153.0,160.0,89.0,75.3,124.0,68.0,1.0,1.0,,26,,Sandro,Tonali,Tonali,,,1767,0,1,7,25,0,0,0,3,0,0,22,190,,,,0.0,0.36,1.27,1.12,9.68,26,54,110
492,u,0.0,0.0,4.9,349,218.0,0,0.0,-1,1.0,0.0,674,274.0,0,0,0.0,777.0,338.0,0,0,0.0,738.0,312.0,0.0,0.0,0.0,655,0,3562,3,0.0,0.0,0.0,0.0,0.0,0.0,0.0,0.0,0.0,0.0,0.0,776.0,337.0,0.0,773.0,338.0,0.0,768.0,336.0,0.0,777.0,338.0,,,,26,,Antoñito,Cordero Campillo,Antoñito C.,has joined Cadiz on loan for the rest of the season.,,0,0,0,0,0,0,0,0,0,0,0,0,0,,,,0.0,0.0,0.0,0.0,0.0,0,0,0
494,a,100.0,100.0,5.0,248,150.0,0,0.0,0,0.0,0.1,501,179.0,20,2,1.3,427.0,192.0,0,79,1.5,233.0,100.0,0.3,4.0,0.0,11963,465,11342,205,1.0,1.5,0.71,0.34,1.05,8.82,0.14,0.07,0.21,1.79,54.0,397.0,176.0,79.7,276.0,161.0,66.0,278.0,150.0,19.8,361.0,172.0,,,,26,,Joe,Willock,Willock,,,443,0,0,2,9,0,0,0,1,0,0,5,48,,,,0.0,0.41,1.83,1.02,9.75,15,6,27
496,u,0.0,0.0,4.4,557,333.0,0,0.0,-1,1.0,0.0,630,247.0,0,0,0.0,677.0,263.0,0,0,0.0,593.0,206.0,0.0,0.0,0.0,2219,0,7361,9,0.0,0.0,0.0,0.0,0.0,0.0,0.0,0.0,0.0,0.0,0.0,669.0,255.0,0.0,665.0,260.0,0.0,644.0,251.0,0.0,672.0,258.0,,,,26,,Garang,Kuol,Kuol,has joined Sparta Prague permanently.,,0,0,0,0,0,0,0,0,0,0,0,0,0,,,,0.0,0.0,0.0,0.0,0.0,0,0,0
497,d,75.0,75.0,4.5,464,281.0,0,0.0,0,0.0,2.9,111,33.0,58,0,3.1,171.0,73.0,4,271,0.5,321.0,139.0,0.1,12.9,0.0,639928,1313,575144,10981,0.0,0.4,1.36,2.0,3.36,13.65,0.11,0.16,0.27,1.08,275.0,191.0,77.0,214.3,133.0,93.0,132.0,189.0,105.0,62.1,178.0,97.0,,,,26,,Lewis,Miley,L.Miley,Dead leg - 75% chance of playing,,1133,1,3,2,16,0,0,0,0,0,0,11,123,,,,0.0,0.16,1.27,0.87,9.77,24,42,57
498,u,0.0,0.0,4.5,438,262.0,0,0.0,0,0.0,0.0,764,328.0,0,0,0.0,702.0,279.0,0,0,0.0,625.0,226.0,0.0,0.0,0.0,117,0,1238,7,0.0,0.0,0.0,0.0,0.0,0.0,0.0,0.0,0.0,0.0,0.0,696.0,273.0,0.0,694.0,277.0,0.0,676.0,270.0,0.0,699.0,276.0,,,,26,,Joe,White,White,has joined Bradford City on loan for the rest of the season.,,0,0,0,0,0,0,0,0,0,0,0,0,0,,,,0.0,0.0,0.0,0.0,0.0,0,0,0
500,a,100.0,100.0,5.4,183,45.0,0,0.0,-1,1.0,0.2,380,61.0,21,1,1.6,393.0,46.0,0,67,0.8,301.0,42.0,0.1,3.9,0.0,69981,197,86026,164,0.3,0.8,0.64,0.04,0.68,4.11,0.23,0.01,0.24,1.5,42.4,408.0,45.0,15.8,396.0,52.0,70.0,273.0,47.0,12.6,394.0,47.0,,,,26,,William,Osula,Osula,,,246,1,1,1,6,0,0,0,0,0,0,1,10,,,,0.0,0.37,2.2,0.37,3.66,1,1,8
674,a,,,4.8,363,14.0,0,0.0,-2,2.0,0.7,226,29.0,11,0,1.6,384.0,30.0,0,45,0.0,703.0,92.0,0.0,2.3,0.0,108218,254,149350,852,-0.5,0.0,0.0,0.0,0.0,7.96,0.0,0.0,0.0,1.3,97.4,344.0,27.0,10.0,422.0,10.0,0.0,746.0,83.0,10.8,402.0,26.0,,,,26,,Aaron,Ramsdale,Ramsdale,,,553,0,0,0,10,0,0,0,0,0,10,6,0,,,,1.63,0.0,1.63,0.98,0.0,0,5,49
684,a,,,5.0,262,40.0,-1,1.0,0,0.0,4.4,80,27.0,97,11,4.2,54.0,21.0,11,317,3.2,96.0,35.0,0.6,19.4,0.0,1188438,20529,673053,11861,2.7,3.2,2.65,0.73,3.38,29.17,0.12,0.03,0.15,1.36,615.8,19.0,8.0,88.5,258.0,78.0,283.0,72.0,3.0,98.4,67.0,13.0,,,,26,,Malick,Thiaw,Thiaw,,,1937,4,0,4,34,0,0,0,3,0,0,22,226,,,,0.0,0.19,1.58,1.02,9.2,25,173,89
689,a,,,4.3,621,365.0,0,0.0,-2,2.0,0.5,263,90.0,0,0,0.0,659.0,254.0,0,0,0.0,568.0,194.0,0.0,0.0,0.0,76128,4790,44373,2035,-0.5,0.0,0.0,0.0,0.0,0.0,0.0,0.0,0.0,0.0,0.0,649.0,244.0,0.0,646.0,250.0,0.0,622.0,239.0,0.0,652.0,247.0,,,,26,,Seung-Soo,Park,Seung soo,,,0,0,0,0,0,0,0,0,0,0,0,0,0,,,,0.0,0.0,0.0,0.0,0.0,0,0,0
714,a,,,6.9,42,17.0,0,0.0,-1,1.0,8.2,45,9.0,84,1,3.7,100.0,8.0,10,297,1.0,281.0,40.0,0.1,12.2,0.0,5407077,3307,4541765,52382,0.5,1.0,6.25,0.77,7.02,18.26,0.4,0.05,0.45,1.16,350.8,123.0,11.0,169.0,175.0,13.0,381.0,40.0,16.0,89.0,88.0,15.0,,,3.0,26,,Nick,Woltemade,Woltemade,,,1416,7,3,6,21,1,0,0,0,0,0,17,72,,,,0.0,0.38,1.33,1.08,4.58,16,23,33
765,a,,,4.0,711,189.0,0,0.0,0,0.0,0.0,663,232.0,0,0,0.0,611.0,228.0,0,0,0.0,497.0,201.0,0.0,0.0,0.0,3312,144,1741,107,-0.5,0.0,0.0,0.0,0.0,0.0,0.0,0.0,0.0,0.0,0.0,601.0,228.0,0.0,594.0,228.0,0.0,562.0,223.0,0.0,604.0,228.0,,,,26,,Leo,Shahar,Shahar,,,0,0,0,0,0,0,0,0,0,0,0,0,0,,,,0.0,0.0,0.0,0.0,0.0,0,0,0
772,a,,,4.5,512,316.0,0,0.0,0,0.0,0.0,783,342.0,0,0,0.0,750.0,318.0,0,0,0.0,685.0,274.0,0.0,0.0,0.0,363,34,182,19,-0.5,0.0,0.0,0.0,0.0,0.0,0.0,0.0,0.0,0.0,0.0,749.0,317.0,0.0,744.0,318.0,0.0,730.0,314.0,0.0,750.0,318.0,,,,26,,Sam,Alabi,Alabi,,,0,0,0,0,0,0,0,0,0,0,0,0,0,,,,0.0,0.0,0.0,0.0,0.0,0,0,0
12,u,0.0,0.0,4.9,304,47.0,0,0.0,-1,1.0,0.2,360,130.0,7,0,1.4,421.0,152.0,0,56,0.0,715.0,252.0,0.0,1.4,0.0,26902,0,52619,375,0.0,0.0,0.07,0.36,0.43,5.02,0.02,0.09,0.11,1.28,80.8,363.0,137.0,83.4,271.0,86.0,22.0,369.0,128.0,18.6,365.0,126.0,,,,26,,Oleksandr,Zinchenko,Zinchenko,has joined Ajax permanently.,,352,0,0,0,6,0,0,0,0,0,0,4,36,,,,0.0,0.0,1.53,1.02,6.14,10,14,17
426,a,,,5.0,257,157.0,0,0.0,-5,5.0,0.1,494,174.0,6,0,0.9,502.0,236.0,0,24,0.0,743.0,315.0,0.0,1.2,0.0,12924,78,26229,130,-0.5,0.5,0.02,0.17,0.19,3.56,0.01,0.09,0.1,1.9,16.2,447.0,199.0,44.9,345.0,186.0,8.0,408.0,199.0,7.0,428.0,195.0,,,,26,,James,McAtee,McAtee,,,169,0,0,0,7,0,0,0,1,0,0,1,11,,,,0.0,0.0,3.73,0.53,5.86,4,1,6
502,i,0.0,0.0,4.6,396,18.0,0,0.0,-4,4.0,5.1,69,12.0,61,0,3.0,188.0,18.0,3,241,1.8,208.0,19.0,0.4,13.3,0.0,406512,40,1992086,16826,0.0,0.0,0.0,0.06,0.06,28.29,0.0,0.0,0.0,1.52,421.0,78.0,15.0,10.0,420.0,8.0,0.0,735.0,78.0,43.1,257.0,15.0,,,,26,,Matz,Sels,Sels,Groin Injury - Unknown return date,,1677,0,0,4,27,0,0,0,1,0,55,19,75,,,,2.95,0.21,1.45,1.02,0.0,1,21,126
503,u,0.0,0.0,4.0,688,56.0,0,0.0,0,0.0,0.1,549,76.0,0,0,0.0,592.0,75.0,0,0,0.0,476.0,67.0,0.0,0.0,0.0,448,0,15557,24,0.0,0.0,0.0,0.0,0.0,0.0,0.0,0.0,0.0,0.0,0.0,582.0,75.0,0.0,575.0,63.0,0.0,542.0,49.0,0.0,585.0,75.0,,,,26,,Carlos Miguel,dos Santos Pereira,C.Miguel,Has joined Palmeiras permanently.,,0,0,0,0,0,0,0,0,0,0,0,0,0,,,,0.0,0.0,0.0,0.0,0.0,0,0,0
505,a,,,5.1,229,31.0,0,0.0,-4,4.0,3.3,100,37.0,76,6,2.9,206.0,80.0,1,258,4.5,35.0,8.0,0.9,14.9,0.0,340774,3541,1038003,4714,4.0,5.0,0.73,0.41,1.14,37.55,0.03,0.02,0.05,1.44,471.6,62.0,29.0,37.7,356.0,124.0,93.0,242.0,67.0,60.5,185.0,59.0,,,,26,,Nikola,Milenković,Milenković,,,2340,0,0,6,38,1,0,0,5,0,0,26,244,,,,0.0,0.23,1.46,1.0,8.27,18,197,77
506,d,50.0,50.0,5.2,220,29.0,0,0.0,-3,3.0,1.9,134,52.0,64,0,3.6,110.0,40.0,3,242,2.5,159.0,57.0,0.5,12.3,0.0,250760,103,783319,10555,1.0,1.5,0.48,0.43,0.91,24.6,0.03,0.02,0.05,1.43,418.8,80.0,34.0,88.2,260.0,80.0,67.0,276.0,80.0,57.5,196.0,64.0,,3.0,,26,,Murillo,Costa dos Santos,Murillo,Calf injury - 50% chance of playing,,1549,1,0,4,23,1,0,0,3,0,0,18,199,,,,0.0,0.23,1.34,1.05,9.7,27,140,76
507,a,100.0,100.0,4.7,380,64.0,0,0.0,-3,3.0,2.3,123,48.0,35,7,3.5,120.0,45.0,3,132,5.2,22.0,4.0,1.1,7.4,0.0,307098,4607,1603834,3192,4.7,5.7,0.28,0.62,0.9,15.9,0.03,0.06,0.09,1.63,159.8,284.0,111.0,107.7,228.0,60.0,54.0,304.0,95.0,32.3,308.0,103.0,,,,26,,Ola,Aina,Aina,,,878,0,1,3,12,0,0,0,2,0,0,10,90,,,,0.0,0.31,1.23,1.03,7.18,12,58,54
508,a,100.0,100.0,4.7,384,65.0,0,0.0,-3,3.0,2.9,110,45.0,79,8,3.2,157.0,61.0,9,370,3.5,80.0,29.0,0.7,16.8,0.0,384728,1411,1149050,2928,3.0,4.0,1.53,2.87,4.4,33.97,0.06,0.12,0.18,1.39,541.6,41.0,17.0,393.1,44.0,4.0,257.0,87.0,8.0,119.1,40.0,2.0,4.0,,,26,,Neco,Williams,N.Williams,,,2204,1,1,6,35,0,0,0,4,1,0,25,207,,,,0.0,0.25,1.43,1.02,6.82,72,95,111
509,u,0.0,0.0,4.5,434,86.0,0,0.0,0,0.0,0.0,675,235.0,0,0,0.0,699.0,256.0,0,0,0.0,622.0,244.0,0.0,0.0,0.0,427,0,4401,7,0.0,0.0,0.0,0.0,0.0,0.0,0.0,0.0,0.0,0.0,0.0,693.0,256.0,0.0,690.0,256.0,0.0,672.0,256.0,0.0,696.0,256.0,,,,26,,David,Mota Veiga Teixeira do Carmo,David Carmo,has joined Real Oviedo on loan for the rest of the season.,,0,0,0,0,0,0,0,0,0,0,0,0,0,,,,0.0,0.0,0.0,0.0,0.0,0,0,0
510,a,,,4.2,645,155.0,0,0.0,-3,3.0,0.1,555,199.0,3,0,3.0,185.0,73.0,0,9,0.0,533.0,227.0,0.0,0.7,0.0,3201,32,8140,60,-0.5,0.5,0.0,0.0,0.0,3.28,0.0,0.0,0.0,3.28,26.0,431.0,161.0,0.4,473.0,174.0,0.0,594.0,245.0,2.6,460.0,166.0,,,,26,,Jair,Paula da Cunha Filho,Jair Cunha,,,90,0,0,0,2,0,0,0,0,0,0,1,12,,,,0.0,0.0,2.0,1.0,11.0,2,9,1
511,a,,,4.3,591,135.0,0,0.0,-2,2.0,0.1,510,180.0,34,8,2.4,281.0,107.0,1,131,3.2,91.0,33.0,0.7,7.9,0.0,8704,118,12733,105,2.7,3.7,0.83,0.08,0.91,14.04,0.08,0.01,0.09,1.35,224.8,225.0,88.0,20.8,386.0,137.0,59.0,295.0,90.0,30.5,319.0,108.0,,,,26,,Felipe,Rodrigues da Silva,Morato,,,937,0,0,2,17,0,0,0,4,0,0,10,120,,,,0.0,0.19,1.63,0.96,9.41,24,74,46
512,u,0.0,0.0,4.5,418,78.0,0,0.0,0,0.0,0.0,682,237.0,0,0,0.0,691.0,254.0,0,0,0.0,611.0,241.0,0.0,0.0,0.0,345,0,4115,2,0.0,0.0,0.0,0.0,0.0,0.0,0.0,0.0,0.0,0.0,0.0,685.0,254.0,0.0,681.0,254.0,0.0,661.0,253.0,0.0,688.0,254.0,,,,26,,Omar,Richards,O.Richards,has joined Rio Ave on loan for the rest of the season.,,0,0,0,0,0,0,0,0,0,0,0,0,0,,,,0.0,0.0,0.0,0.0,0.0,0,0,0
513,a,,,3.8,806,255.0,0,0.0,-2,2.0,0.3,333,120.0,2,0,1.0,448.0,163.0,0,1,0.2,351.0,128.0,0.1,0.5,0.0,27325,268,27609,321,-0.3,0.7,0.0,0.01,0.01,3.13,0.0,0.01,0.01,2.35,25.4,434.0,163.0,6.3,436.0,158.0,0.0,471.0,186.0,3.2,454.0,164.0,,,,26,,Zach,Abbott,Abbott,,,120,0,0,0,4,0,0,0,0,0,0,1,10,,,,0.0,0.0,3.0,0.75,7.5,2,8,8
514,i,0.0,100.0,3.8,783,233.0,0,0.0,-2,2.0,0.4,283,105.0,0,0,0.0,515.0,183.0,0,0,0.0,389.0,145.0,0.0,0.0,0.0,41823,356,62141,811,0.0,0.5,0.0,0.0,0.0,0.0,0.0,0.0,0.0,0.0,0.0,504.0,182.0,0.0,490.0,179.0,0.0,454.0,170.0,0.0,507.0,182.0,,,,26,,Willy,Boly,Boly,Knee injury - Unknown return date,,0,0,0,0,0,0,0,0,0,0,0,0,0,,,,0.0,0.0,0.0,0.0,0.0,0,0,0
515,a,100.0,100.0,7.3,26,16.0,0,0.0,-2,2.0,3.7,90,30.0,103,3,4.0,77.0,35.0,8,409,4.8,31.0,19.0,0.7,14.1,0.0,860368,3264,1051693,21365,4.3,5.3,6.49,2.0,8.49,36.46,0.26,0.08,0.34,1.49,430.4,75.0,24.0,542.4,18.0,18.0,488.0,24.0,12.0,145.8,18.0,14.0,,2.0,2.0,26,,Morgan,Gibbs-White,Gibbs-White,,,2208,6,2,6,35,0,0,0,0,0,0,25,125,,,,0.0,0.24,1.43,1.02,5.1,14,36,75
516,a,100.0,100.0,5.7,115,72.0,0,0.0,-3,3.0,0.7,216,74.0,65,3,2.7,243.0,99.0,6,270,2.2,175.0,77.0,0.4,11.4,0.0,261417,570,328281,1910,1.7,2.7,2.2,1.97,4.17,25.45,0.13,0.12,0.25,1.56,272.4,193.0,78.0,454.8,29.0,28.0,270.0,80.0,49.0,99.4,65.0,42.0,,,,26,,Callum,Hudson-Odoi,Hudson-Odoi,,,1469,3,1,4,23,0,0,0,0,0,0,16,85,,,,0.0,0.25,1.41,0.98,5.21,12,20,53
517,a,,,5.4,169,103.0,0,0.0,-1,1.0,5.9,62,21.0,113,5,4.3,43.0,22.0,7,520,5.2,23.0,15.0,1.0,20.9,0.0,1199846,21213,1181150,13311,4.7,5.7,2.17,2.89,5.06,37.55,0.08,0.11,0.19,1.44,584.8,26.0,7.0,676.4,7.0,7.0,205.0,109.0,65.0,147.0,17.0,13.0,2.0,,4.0,26,,Elliot,Anderson,Anderson,,,2340,1,3,6,38,0,0,0,4,0,0,26,362,,,,0.0,0.23,1.46,1.0,13.92,73,69,220
518,u,0.0,0.0,5.4,180,111.0,0,0.0,-1,1.0,0.0,620,240.0,1,0,1.0,497.0,233.0,0,6,0.0,781.0,342.0,0.0,0.2,0.0,1029,0,9118,14,0.0,0.0,0.0,0.0,0.0,0.0,0.0,0.0,0.0,0.0,5.0,469.0,213.0,0.5,472.0,228.0,4.0,431.0,214.0,1.0,476.0,220.0,,,,26,,João Pedro,Ferreira da Silva,Jota,has joined Besiktas on loan for the rest of the season.,,11,0,0,0,0,0,0,0,0,0,0,0,3,,,,0.0,0.0,0.0,0.0,24.55,2,1,0
519,a,100.0,100.0,5.0,256,156.0,0,0.0,0,0.0,0.0,623,242.0,33,0,2.1,316.0,138.0,3,131,1.2,256.0,111.0,0.2,6.6,0.0,4991,51,3000,204,0.7,1.7,1.09,0.39,1.48,14.74,0.12,0.04,0.16,1.64,165.2,274.0,118.0,140.6,196.0,131.0,117.0,214.0,117.0,42.4,259.0,128.0,3.0,,,26,,Nicolás,Domínguez,Dominguez,,,810,1,0,3,15,0,0,0,2,0,0,12,82,,,,0.0,0.33,1.67,1.33,9.11,32,18,32
521,a,100.0,100.0,4.9,308,192.0,0,0.0,-1,1.0,0.1,545,199.0,61,3,3.4,130.0,57.0,2,246,2.8,127.0,58.0,0.6,12.4,0.0,10053,119,11784,167,2.3,3.3,1.03,1.31,2.34,21.53,0.07,0.09,0.16,1.47,295.4,178.0,71.0,112.1,220.0,141.0,107.0,224.0,123.0,51.5,220.0,111.0,,,,26,,Ibrahim,Sangaré,Sangaré,,,1314,2,2,6,17,0,0,0,3,0,0,16,155,,,,0.0,0.41,1.16,1.1,10.62,38,59,58
723,a,100.0,100.0,4.5,510,97.0,0,0.0,0,0.0,0.0,649,227.0,27,0,3.0,187.0,74.0,4,71,0.0,683.0,248.0,0.0,6.0,0.0,4652,40,3601,101,0.5,0.5,0.05,0.12,0.17,7.65,0.01,0.03,0.04,1.96,99.0,340.0,129.0,7.1,432.0,156.0,10.0,396.0,144.0,11.5,397.0,142.0,,,,26,,Jaydee,Canvot,Canvot,,,352,0,0,2,6,0,0,0,1,0,0,3,52,,,,0.0,0.51,1.53,0.77,13.3,16,36,13
369,a,,,3.9,746,75.0,0,0.0,-1,1.0,0.2,389,56.0,0,0,0.0,541.0,43.0,0,0,0.0,421.0,34.0,0.0,0.0,0.0,22134,80,16683,153,0.5,0.5,0.0,0.0,0.0,0.0,0.0,0.0,0.0,0.0,0.0,531.0,43.0,0.0,521.0,28.0,0.0,486.0,14.0,0.0,534.0,43.0,,,,26,,Freddie,Woodman,Woodman,,,0,0,0,0,0,0,0,0,0,0,0,0,0,,,,0.0,0.0,0.0,0.0,0.0,0,0,0
378,a,100.0,100.0,3.7,817,265.0,0,0.0,-3,3.0,1.2,177,68.0,0,0,0.0,514.0,182.0,0,0,0.0,387.0,143.0,0.0,0.0,0.0,219959,2453,95100,3539,0.5,0.5,0.0,0.0,0.0,0.0,0.0,0.0,0.0,0.0,0.0,503.0,181.0,0.0,489.0,178.0,0.0,453.0,169.0,0.0,506.0,181.0,,,,26,,Amara,Nallo,Nallo,,,0,0,0,0,0,0,0,0,0,0,0,0,0,,,,0.0,0.0,0.0,0.0,0.0,0,0,0
523,a,100.0,100.0,4.5,475,289.0,0,0.0,0,0.0,0.1,575,213.0,0,0,0.0,723.0,298.0,0,0,0.0,651.0,249.0,0.0,0.0,0.0,2361,66,16590,44,-0.5,0.5,0.0,0.0,0.0,0.0,0.0,0.0,0.0,0.0,0.0,720.0,295.0,0.0,716.0,297.0,0.0,701.0,292.0,0.0,722.0,297.0,,,,26,,Eric,da Silva Moreira,Da Silva Moreira,,,0,0,0,0,0,0,0,0,0,0,0,0,0,,,,0.0,0.0,0.0,0.0,0.0,0,0,0
524,u,0.0,0.0,4.5,451,269.0,0,0.0,0,0.0,0.0,689,284.0,0,0,0.0,707.0,284.0,0,0,0.0,631.0,232.0,0.0,0.0,0.0,245,0,5692,4,0.0,0.0,0.0,0.0,0.0,0.0,0.0,0.0,0.0,0.0,0.0,702.0,279.0,0.0,699.0,282.0,0.0,682.0,275.0,0.0,704.0,281.0,,,,26,,Marko,Stamenić,Stamenic,Has joined Swansea City permanently.,,0,0,0,0,0,0,0,0,0,0,0,0,0,,,,0.0,0.0,0.0,0.0,0.0,0,0,0
525,i,0.0,0.0,7.2,28,11.0,0,0.0,-3,3.0,4.6,77,14.0,25,0,3.1,179.0,17.0,3,85,0.0,814.0,90.0,0.0,3.5,0.0,2133456,37,3384818,1852,0.0,0.0,2.81,0.11,2.92,7.84,0.47,0.02,0.49,1.31,77.6,368.0,37.0,49.6,335.0,39.0,179.0,135.0,32.0,29.8,320.0,36.0,,,1.0,26,,Chris,Wood,Wood,Knee injury - Unknown return date,,538,2,0,1,8,0,0,0,0,0,0,7,14,,,,0.0,0.17,1.34,1.17,2.34,1,6,7
526,a,100.0,100.0,5.8,109,32.0,0,0.0,-2,2.0,1.4,161,27.0,59,1,2.4,289.0,31.0,6,184,3.2,100.0,12.0,0.6,10.2,0.0,407505,2483,350172,11486,2.7,3.7,4.1,0.85,4.95,25.53,0.26,0.05,0.31,1.61,167.0,273.0,25.0,116.0,217.0,23.0,455.0,28.0,14.0,71.4,139.0,18.0,,,3.0,26,,Igor Jesus,Maciel da Cruz,Igor Jesus,,,1426,2,2,5,27,0,0,0,0,0,0,17,70,,,,0.0,0.32,1.7,1.07,4.42,17,21,32
527,a,100.0,100.0,5.2,210,48.0,0,0.0,-3,3.0,0.3,319,52.0,13,0,1.6,389.0,45.0,1,59,1.5,235.0,29.0,0.3,2.5,0.0,35200,303,91301,463,1.0,2.0,0.85,0.39,1.24,3.39,0.38,0.17,0.55,1.5,52.4,398.0,43.0,41.8,349.0,41.0,101.0,231.0,44.0,19.6,362.0,44.0,,,,26,,Taiwo,Awoniyi,Awoniyi,,,204,1,0,0,2,0,0,0,0,0,0,1,12,,,,0.0,0.0,0.88,0.44,5.29,1,4,7
669,a,100.0,100.0,5.5,148,92.0,0,0.0,-5,5.0,0.7,217,75.0,45,1,2.4,288.0,126.0,4,158,0.8,302.0,131.0,0.1,8.2,0.0,544413,115,572320,397,0.3,1.3,1.0,1.5,2.5,14.35,0.08,0.13,0.21,1.2,158.8,286.0,126.0,201.2,140.0,98.0,171.0,145.0,83.0,53.3,213.0,106.0,,,,26,,Dan,Ndoye,Ndoye,,,1079,1,2,2,16,0,0,0,1,0,0,14,90,,,,0.0,0.17,1.33,1.17,7.51,21,22,47
675,a,100.0,100.0,4.0,662,43.0,0,0.0,0,0.0,1.2,180,23.0,1,0,1.0,449.0,32.0,0,4,0.2,352.0,23.0,0.0,0.2,0.0,29756,181,98643,332,-0.3,0.7,0.0,0.0,0.0,0.21,0.0,0.0,0.0,0.42,1.2,487.0,32.0,0.0,554.0,50.0,0.0,520.0,36.0,0.1,500.0,32.0,,,,26,,Angus,Gunn,Gunn,,,45,0,0,0,0,0,0,0,0,0,0,0,0,,,,0.0,0.0,0.0,0.0,0.0,0,1,4
693,a,,,5.4,179,110.0,0,0.0,-1,1.0,0.1,499,177.0,56,3,2.8,230.0,92.0,3,224,2.0,192.0,81.0,0.4,10.4,0.0,31926,73,25529,333,1.5,2.5,1.67,2.93,4.6,15.54,0.15,0.26,0.41,1.35,236.0,216.0,95.0,390.2,45.0,41.0,231.0,98.0,60.0,85.4,100.0,59.0,,,,26,,Omari,Hutchinson,Hutchinson,,,1033,1,5,3,15,0,0,0,0,0,0,9,82,,,,0.0,0.26,1.31,0.78,7.14,16,11,55
696,u,0.0,0.0,6.0,89,28.0,0,0.0,0,0.0,0.1,446,65.0,9,0,1.0,500.0,61.0,0,24,0.0,800.0,85.0,0.0,1.5,0.0,15291,0,18091,104,0.0,0.0,0.44,0.02,0.46,1.57,0.44,0.02,0.46,1.59,6.8,462.0,56.0,17.7,393.0,51.0,39.0,329.0,52.0,6.3,435.0,55.0,,,,26,,Arnaud,Kalimuendo,Kalimuendo,has joined Eintracht Frankfurt on loan for the rest of the season.,,89,0,0,0,3,0,0,0,0,0,0,0,6,,,,0.0,0.0,3.03,0.0,6.07,1,1,4
715,i,0.0,0.0,4.0,670,46.0,0,0.0,0,0.0,0.3,295,39.0,11,0,2.2,299.0,26.0,0,32,0.0,461.0,57.0,0.0,2.8,0.0,65806,61,43830,546,0.0,0.0,0.0,0.0,0.0,6.13,0.0,0.0,0.0,1.26,56.4,395.0,29.0,0.0,560.0,53.0,0.0,527.0,39.0,5.7,437.0,29.0,,,,26,,John Victor,Maciel Furtado,John,Knee injury - Expected back 01 Jun,,437,0,0,1,8,0,0,0,1,0,6,5,0,,,,1.24,0.21,1.65,1.03,0.0,0,4,26
716,i,0.0,0.0,4.5,453,92.0,0,0.0,0,0.0,0.1,539,191.0,39,0,2.8,222.0,88.0,0,131,0.0,633.0,245.0,0.0,8.7,0.0,46643,7,42381,353,0.0,0.0,1.34,0.45,1.79,15.04,0.12,0.04,0.16,1.32,216.6,235.0,92.0,123.2,208.0,51.0,94.0,240.0,65.0,43.5,254.0,85.0,,,,26,,Nicolò,Savona,Savona,Knee injury - Unknown return date,,1025,2,0,3,18,0,0,0,2,0,0,11,69,,,,0.0,0.26,1.58,0.97,5.0,20,37,27
729,u,0.0,0.0,4.5,474,94.0,0,0.0,0,0.0,0.0,811,265.0,0,0,0.0,722.0,257.0,0,0,0.0,650.0,246.0,0.0,0.0,0.0,94,0,102,15,0.0,0.0,0.0,0.0,0.0,0.0,0.0,0.0,0.0,0.0,0.0,719.0,257.0,0.0,715.0,257.0,0.0,700.0,257.0,0.0,721.0,257.0,,,,26,,Luis Eduardo,Soares da Silva,Cuiabano,has joined Vasco de Gama on loan for the rest of the season.,,0,0,0,0,0,0,0,0,0,0,0,0,0,,,,0.0,0.0,0.0,0.0,0.0,0,0,0
734,a,100.0,100.0,5.9,101,65.0,0,0.0,-1,1.0,0.0,679,277.0,12,0,1.5,415.0,186.0,0,53,0.0,798.0,356.0,0.0,2.0,0.0,4295,36,3873,62,-0.5,0.5,0.39,0.68,1.07,5.51,0.12,0.2,0.32,1.64,49.8,401.0,178.0,108.8,224.0,142.0,71.0,272.0,147.0,23.0,346.0,165.0,,,,26,,Dilane,Bakwa,Bakwa,,,302,0,1,0,7,0,0,0,1,0,0,3,23,,,,0.0,0.0,2.09,0.89,6.85,1,3,19
805,a,,,5.5,149,38.0,0,0.0,0,0.0,0.0,643,83.0,7,2,3.5,124.0,11.0,0,29,2.3,163.0,22.0,0.4,1.3,0.0,4629,312,986,407,1.8,2.8,0.72,0.0,0.72,0.67,0.61,0.0,0.61,0.57,32.0,421.0,48.0,2.1,452.0,59.0,27.0,354.0,53.0,5.9,436.0,56.0,,,,26,,Lorenzo,Lucca,Lucca,,,106,1,0,1,0,0,0,0,0,0,0,1,3,,,,0.0,0.85,0.0,0.85,2.55,0,2,1
814,a,,,4.5,441,87.0,0,0.0,0,0.0,0.0,798,264.0,1,0,1.0,471.0,171.0,0,3,0.5,320.0,117.0,0.1,0.2,0.0,242,35,65,25,0.0,1.0,0.0,0.36,0.36,0.0,0.0,2.31,2.31,0.0,1.0,492.0,175.0,1.1,462.0,170.0,2.0,441.0,165.0,0.4,487.0,172.0,,,,26,,Luca,Netz,Netz,,,14,0,0,0,0,0,0,0,0,0,0,0,0,,,,0.0,0.0,0.0,0.0,0.0,0,0,0
528,u,0.0,0.0,4.2,633,34.0,0,0.0,-3,3.0,0.2,399,57.0,0,0,0.0,633.0,88.0,0,0,0.0,527.0,82.0,0.0,0.0,0.0,10565,0,33340,315,0.0,0.0,0.0,0.0,0.0,0.0,0.0,0.0,0.0,0.0,0.0,624.0,88.0,0.0,618.0,78.0,0.0,590.0,65.0,0.0,627.0,88.0,,,,26,,Anthony,Patterson,Patterson,has joined Millwall on loan for the rest of the season.,,0,0,0,0,0,0,0,0,0,0,0,0,0,,,,0.0,0.0,0.0,0.0,0.0,0,0,0
529,a,,,3.9,739,69.0,0,0.0,-1,1.0,0.4,290,38.0,0,0,0.0,535.0,37.0,0,0,0.0,414.0,28.0,0.0,0.0,0.0,17803,172,32755,153,0.0,-0.5,0.0,0.0,0.0,0.0,0.0,0.0,0.0,0.0,0.0,525.0,37.0,0.0,515.0,22.0,0.0,480.0,8.0,0.0,528.0,37.0,,,,26,,Simon,Moore,Moore,,,0,0,0,0,0,0,0,0,0,0,0,0,0,,,,0.0,0.0,0.0,0.0,0.0,0,0,0
530,u,0.0,0.0,3.9,767,86.0,0,0.0,-1,1.0,0.1,452,67.0,0,0,0.0,555.0,54.0,0,0,0.0,436.0,45.0,0.0,0.0,0.0,7473,0,12663,123,0.0,0.0,0.0,0.0,0.0,0.0,0.0,0.0,0.0,0.0,0.0,545.0,54.0,0.0,535.0,39.0,0.0,500.0,25.0,0.0,548.0,54.0,,,,26,,Blondy,Nna Noukeu,Nna Noukeu,has joined US Boulogne CO permanently.,,0,0,0,0,0,0,0,0,0,0,0,0,0,,,,0.0,0.0,0.0,0.0,0.0,0,0,0
531,a,100.0,100.0,4.6,399,68.0,0,0.0,1,-1.0,3.0,108,43.0,97,4,4.4,36.0,14.0,8,297,4.0,56.0,21.0,0.9,21.1,0.0,1074558,7054,950630,3046,4.0,3.5,2.23,0.51,2.74,25.08,0.12,0.03,0.15,1.35,523.2,44.0,19.0,121.5,211.0,53.0,329.0,58.0,2.0,97.4,70.0,15.0,,,,26,,Daniel,Ballard,Ballard,,,1671,2,1,5,23,0,0,0,3,0,0,18,214,,,,0.0,0.27,1.24,0.97,10.88,27,175,43
532,a,,,4.5,443,88.0,0,0.0,0,0.0,0.3,307,112.0,74,2,2.8,221.0,87.0,4,259,2.0,187.0,70.0,0.4,16.4,0.0,73126,260,67104,415,2.0,1.5,1.5,0.97,2.47,34.11,0.06,0.04,0.1,1.44,340.8,132.0,58.0,266.5,102.0,26.0,169.0,146.0,28.0,76.7,121.0,38.0,2.0,,,26,,Trai,Hume,Hume,,,2129,0,1,7,27,0,0,0,7,0,0,24,173,,,,0.0,0.3,1.14,1.01,6.17,48,98,74
533,u,0.0,0.0,4.0,669,166.0,0,0.0,0,0.0,0.0,782,262.0,0,0,0.0,577.0,212.0,0,0,0.0,460.0,183.0,0.0,0.0,0.0,611,0,845,8,0.0,0.0,0.0,0.0,0.0,0.0,0.0,0.0,0.0,0.0,0.0,567.0,212.0,0.0,559.0,212.0,0.0,526.0,206.0,0.0,570.0,212.0,,,,26,,Aji,Alese,Alese,has joined Portsmouth on loan for the rest of the season.,,0,0,0,0,0,0,0,0,0,0,0,0,0,,,,0.0,0.0,0.0,0.0,0.0,0,0,0
534,u,0.0,0.0,3.8,788,237.0,0,0.0,-2,2.0,0.3,304,111.0,0,0,0.0,517.0,184.0,0,0,0.0,393.0,148.0,0.0,0.0,0.0,39413,0,62842,513,0.0,0.0,0.0,0.0,0.0,0.0,0.0,0.0,0.0,0.0,0.0,507.0,184.0,0.0,494.0,182.0,0.0,458.0,173.0,0.0,510.0,184.0,,,,26,,Joe,Anderson,Anderson,has joined Barrow FC permanently.,,0,0,0,0,0,0,0,0,0,0,0,0,0,,,,0.0,0.0,0.0,0.0,0.0,0,0,0
535,a,100.0,100.0,4.0,680,171.0,0,0.0,0,0.0,0.1,574,206.0,13,0,2.2,300.0,111.0,0,44,0.2,353.0,129.0,0.0,3.2,0.0,7184,92,5334,178,0.2,-0.3,0.0,0.02,0.02,6.04,0.0,0.01,0.01,1.84,58.2,394.0,150.0,8.7,426.0,154.0,2.0,433.0,160.0,6.8,430.0,154.0,,,,26,,Dennis,Cirkin,Cirkin,,,296,0,0,1,2,0,0,0,1,0,0,3,26,,,,0.0,0.3,0.61,0.91,7.91,8,18,7
536,u,0.0,0.0,4.0,689,175.0,0,0.0,0,0.0,0.0,707,243.0,0,0,0.0,593.0,218.0,0,0,0.0,477.0,189.0,0.0,0.0,0.0,1255,0,1348,48,0.0,0.0,0.0,0.0,0.0,0.0,0.0,0.0,0.0,0.0,0.0,583.0,218.0,0.0,576.0,218.0,0.0,543.0,212.0,0.0,586.0,218.0,,,,26,,Leo Fuhr,Hjelde,Hjelde,has joined Sheffield United on loan for the rest of the season.,,0,0,0,0,0,0,0,0,0,0,0,0,0,,,,0.0,0.0,0.0,0.0,0.0,0,0,0
537,u,0.0,0.0,4.0,691,176.0,0,0.0,0,0.0,0.1,541,193.0,0,0,0.0,595.0,219.0,0,0,0.0,479.0,190.0,0.0,0.0,0.0,1038,0,16069,21,0.0,0.0,0.0,0.0,0.0,0.0,0.0,0.0,0.0,0.0,0.0,585.0,219.0,0.0,578.0,219.0,0.0,545.0,213.0,0.0,588.0,219.0,,,,26,,Niall,Huggins,Huggins,has joined Wycombe Wanderers on loan for the rest of the season.,,0,0,0,0,0,0,0,0,0,0,0,0,0,,,,0.0,0.0,0.0,0.0,0.0,0,0,0
746,a,,,4.5,491,301.0,0,0.0,0,0.0,0.0,746,317.0,0,0,0.0,736.0,307.0,0,0,0.0,667.0,261.0,0.0,0.0,0.0,972,23,753,25,0.5,0.5,0.0,0.0,0.0,0.0,0.0,0.0,0.0,0.0,0.0,734.0,305.0,0.0,729.0,306.0,0.0,715.0,302.0,0.0,735.0,306.0,,,,26,,Kieran,Morrison,Morrison,,,0,0,0,0,0,0,0,0,0,0,0,0,0,,,,0.0,0.0,0.0,0.0,0.0,0,0,0
539,a,100.0,100.0,4.0,667,164.0,0,0.0,0,0.0,0.1,559,200.0,2,0,0.4,510.0,178.0,0,6,0.5,312.0,109.0,0.1,0.5,0.0,6747,102,7069,117,0.5,0.0,0.0,0.0,0.0,0.86,0.0,0.0,0.0,3.52,6.0,463.0,168.0,1.1,460.0,168.0,0.0,524.0,204.0,0.7,479.0,169.0,,,,26,,Luke,O'Nien,O'Nien,,,22,0,0,0,0,0,0,0,0,1,0,0,3,,,,0.0,0.0,0.0,0.0,12.27,2,1,1
540,u,0.0,0.0,3.9,760,221.0,0,0.0,-1,1.0,0.3,322,118.0,0,0,0.0,550.0,201.0,0,0,0.0,430.0,169.0,0.0,0.0,0.0,47547,0,46538,325,0.0,0.0,0.0,0.0,0.0,0.0,0.0,0.0,0.0,0.0,0.0,540.0,201.0,0.0,530.0,201.0,0.0,495.0,193.0,0.0,543.0,201.0,,,,26,,Timothée,Pembélé,Pembele,has joined Le Havre AC on loan for the rest of the season.,,0,0,0,0,0,0,0,0,0,0,0,0,0,,,,0.0,0.0,0.0,0.0,0.0,0,0,0
541,a,100.0,100.0,3.8,791,240.0,0,0.0,-2,2.0,3.3,99,36.0,51,1,3.0,181.0,70.0,5,181,3.0,106.0,38.0,0.8,13.4,0.0,604867,11108,991622,2901,3.0,2.5,0.13,0.46,0.59,19.99,0.01,0.03,0.04,1.26,285.4,182.0,74.0,94.0,252.0,73.0,37.0,330.0,105.0,41.8,264.0,89.0,,,,26,,Reinildo,Mandava,Reinildo,,,1427,0,2,4,20,0,0,0,6,1,0,17,141,,,,0.0,0.25,1.26,1.07,7.69,27,95,67
542,u,0.0,0.0,4.0,707,186.0,0,0.0,0,0.0,0.1,504,178.0,2,0,1.0,450.0,164.0,0,11,0.0,493.0,198.0,0.0,0.5,0.0,3016,0,25099,32,0.0,0.0,0.0,0.01,0.01,1.33,0.0,0.01,0.01,0.9,33.6,418.0,158.0,2.4,449.0,164.0,0.0,558.0,220.0,3.6,451.0,162.0,,,,26,,Jenson,Seelt,Seelt,has joined Wolfsburg on loan for the rest of the season.,,133,0,0,0,2,0,0,0,0,0,0,1,18,,,,0.0,0.0,1.35,0.68,8.12,4,8,6
543,u,0.0,0.0,4.9,343,212.0,0,0.0,-6,6.0,0.4,285,98.0,34,0,2.4,287.0,125.0,3,81,0.0,734.0,308.0,0.0,6.9,0.0,90681,0,228035,789,0.0,0.0,0.35,0.62,0.97,11.3,0.05,0.09,0.14,1.57,81.4,362.0,162.0,116.8,216.0,139.0,75.0,268.0,146.0,27.0,332.0,159.0,,,,26,,Simon,Adingra,Adingra,has joined AS Monaco on loan for the rest of the season.,,649,1,1,4,8,0,0,0,2,0,0,9,45,,,,0.0,0.55,1.11,1.25,6.24,11,13,21
544,a,100.0,100.0,5.3,205,127.0,0,0.0,-2,2.0,0.1,558,205.0,30,2,3.3,146.0,65.0,3,89,4.2,45.0,26.0,0.8,5.7,0.0,10555,495,17369,185,4.2,3.7,0.93,0.4,1.33,8.65,0.12,0.05,0.17,1.15,68.4,379.0,169.0,63.2,304.0,173.0,99.0,233.0,129.0,22.4,350.0,167.0,,,1.0,26,,Habib,Diarra,Diarra,,,675,1,2,3,6,0,0,0,3,0,0,7,40,,,,0.0,0.4,0.8,0.93,5.33,6,13,21
545,u,0.0,0.0,5.4,160,98.0,0,0.0,-1,1.0,0.0,724,303.0,1,0,1.0,496.0,232.0,0,4,0.0,773.0,337.0,0.0,0.2,0.0,462,0,4074,2,0.0,0.0,0.03,0.02,0.05,0.66,0.1,0.07,0.17,2.2,1.8,484.0,223.0,7.3,431.0,210.0,5.0,423.0,208.0,1.4,474.0,218.0,,,,26,,Patrick,Roberts,Roberts,has joined Birmingham City permanently.,,27,0,0,0,1,0,0,0,0,0,0,0,1,,,,0.0,0.0,3.33,0.0,3.33,0,0,1
547,a,100.0,100.0,4.9,336,209.0,0,0.0,-1,1.0,1.2,172,57.0,90,2,3.6,107.0,49.0,7,375,2.8,128.0,59.0,0.6,18.4,0.0,325353,3956,217911,3533,2.8,2.3,3.77,2.75,6.52,32.64,0.17,0.12,0.29,1.45,461.8,63.0,18.0,502.1,22.0,21.0,172.0,143.0,82.0,113.7,42.0,30.0,3.0,2.0,2.0,26,,Enzo,Le Fée,E.Le Fée,,,2025,3,4,7,27,0,0,1,5,0,0,23,211,,,,0.0,0.31,1.2,1.02,9.38,58,57,96
548,a,100.0,100.0,4.9,330,205.0,0,0.0,-1,1.0,0.0,741,313.0,13,1,1.0,487.0,224.0,0,47,1.0,267.0,114.0,0.2,2.7,0.0,1065,21,1419,21,1.0,0.5,0.45,0.28,0.73,6.9,0.12,0.07,0.19,1.78,29.4,427.0,188.0,31.2,369.0,190.0,56.0,301.0,160.0,11.3,401.0,185.0,,3.0,,26,,Romaine,Mundle,Mundle,,,348,0,0,0,8,0,0,0,1,0,0,2,27,,,,0.0,0.0,2.07,0.52,6.98,5,5,17
549,u,0.0,0.0,4.8,362,226.0,0,0.0,-2,2.0,0.0,648,260.0,3,0,1.0,485.0,223.0,0,10,0.0,702.0,287.0,0.0,0.6,0.0,1972,0,4561,29,0.0,0.0,0.0,0.0,0.0,0.64,0.0,0.0,0.0,4.43,3.0,477.0,219.0,1.4,458.0,221.0,0.0,745.0,322.0,0.4,489.0,225.0,,,,26,,Dan,Neil,Neil,has joined Ipswich Town on loan for the rest of the season.,,13,0,0,0,0,0,0,0,0,0,0,0,2,,,,0.0,0.0,0.0,0.0,13.85,0,2,0
550,a,,,4.8,358,225.0,0,0.0,-2,2.0,0.0,662,268.0,0,0,0.0,758.0,324.0,0,0,0.0,701.0,286.0,0.0,0.0,0.0,993,29,2663,29,0.0,-0.5,0.0,0.0,0.0,0.0,0.0,0.0,0.0,0.0,0.0,757.0,323.0,0.0,753.0,324.0,0.0,744.0,321.0,0.0,758.0,324.0,,,,26,,Ian,Poveda-Ocampo,Poveda,,,0,0,0,0,0,0,0,0,0,0,0,0,0,,,,0.0,0.0,0.0,0.0,0.0,0,0,0
551,a,,,4.7,392,245.0,0,0.0,-3,3.0,0.0,594,224.0,15,0,1.5,406.0,178.0,0,48,0.0,695.0,281.0,0.0,3.2,0.0,5635,39,8921,64,0.0,-0.5,0.32,0.35,0.67,5.12,0.08,0.08,0.16,1.23,20.2,441.0,194.0,48.4,337.0,183.0,21.0,372.0,189.0,8.9,411.0,186.0,,,,26,,Chris,Rigg,Rigg,,,375,0,0,2,2,0,0,0,0,0,0,6,27,,,,0.0,0.48,0.48,1.44,6.48,6,7,14
552,a,100.0,100.0,4.9,346,215.0,0,0.0,-1,1.0,0.1,572,211.0,52,2,2.5,268.0,112.0,0,270,2.5,157.0,71.0,0.5,10.6,0.0,10078,178,11424,100,2.5,2.0,0.32,0.88,1.2,25.6,0.02,0.04,0.06,1.25,224.0,227.0,100.0,196.2,150.0,104.0,49.0,310.0,163.0,47.0,238.0,121.0,,,,26,,Noah,Sadiki,Sadiki,,,1844,0,1,6,24,0,0,0,5,0,0,21,162,,,,0.0,0.29,1.17,1.02,7.91,31,64,67
553,a,100.0,100.0,4.9,344,213.0,0,0.0,-1,1.0,0.2,413,141.0,63,1,3.1,172.0,74.0,5,190,3.0,111.0,52.0,0.6,12.9,0.0,58993,365,69302,215,3.0,2.5,1.34,0.56,1.89,14.46,0.11,0.05,0.16,1.21,176.4,265.0,114.0,169.7,173.0,118.0,160.0,154.0,86.0,50.1,227.0,114.0,,,,26,,Chemsdine,Talbi,Talbi,,,1078,3,2,6,9,0,0,0,0,0,0,11,64,,,,0.0,0.5,0.75,0.92,5.34,7,14,43
555,u,0.0,0.0,4.5,413,252.0,0,0.0,0,0.0,0.0,642,256.0,0,0,0.0,689.0,270.0,0,0,0.0,608.0,216.0,0.0,0.0,0.0,1291,0,9808,10,0.0,0.0,0.0,0.0,0.0,0.0,0.0,0.0,0.0,0.0,0.0,683.0,264.0,0.0,678.0,268.0,0.0,658.0,260.0,0.0,686.0,267.0,,,,26,,Alan,Browne,Browne,has joined Middlesbrough on loan for the rest of the season.,,0,0,0,0,0,0,0,0,0,0,0,0,0,,,,0.0,0.0,0.0,0.0,0.0,0,0,0
556,u,0.0,0.0,4.5,436,260.0,0,0.0,0,0.0,0.0,766,330.0,0,0,0.0,700.0,277.0,0,0,0.0,623.0,224.0,0.0,0.0,0.0,0,0,1799,1,0.0,0.0,0.0,0.0,0.0,0.0,0.0,0.0,0.0,0.0,0.0,694.0,271.0,0.0,692.0,275.0,0.0,674.0,268.0,0.0,697.0,274.0,,,,26,,Pierre,Ekwah Elimby,Ekwah,Has joined AS Saint-Etienne permanently.,,0,0,0,0,0,0,0,0,0,0,0,0,0,,,,0.0,0.0,0.0,0.0,0.0,0,0,0
557,a,,,4.3,608,355.0,0,0.0,-2,2.0,0.1,544,198.0,0,0,0.0,650.0,246.0,0,0,0.0,557.0,185.0,0.0,0.0,0.0,7926,194,9786,133,0.0,-0.5,0.0,0.0,0.0,0.0,0.0,0.0,0.0,0.0,0.0,640.0,236.0,0.0,637.0,242.0,0.0,612.0,230.0,0.0,643.0,239.0,,,,26,,Harrison,Jones,H.Jones,,,0,0,0,0,0,0,0,0,0,0,0,0,0,,,,0.0,0.0,0.0,0.0,0.0,0,0,0
558,u,0.0,0.0,4.3,597,349.0,0,0.0,-2,2.0,0.2,387,127.0,0,0,0.0,644.0,242.0,0,0,0.0,548.0,179.0,0.0,0.0,0.0,30710,0,44142,314,0.0,0.0,0.0,0.0,0.0,0.0,0.0,0.0,0.0,0.0,0.0,634.0,232.0,0.0,630.0,238.0,0.0,604.0,225.0,0.0,637.0,235.0,,,,26,,Jay,Matete,Matete,has joined MK Dons permanently.,,0,0,0,0,0,0,0,0,0,0,0,0,0,,,,0.0,0.0,0.0,0.0,0.0,0,0,0
559,u,0.0,0.0,4.4,547,327.0,0,0.0,-1,1.0,0.0,640,255.0,0,0,0.0,670.0,259.0,0,0,0.0,584.0,201.0,0.0,0.0,0.0,2951,0,8601,12,0.0,0.0,0.0,0.0,0.0,0.0,0.0,0.0,0.0,0.0,0.0,661.0,250.0,0.0,658.0,256.0,0.0,635.0,245.0,0.0,664.0,253.0,,,,26,,Nectarios,Triantis,Triantis,has joined Minnesota United permanently.,,0,0,0,0,0,0,0,0,0,0,0,0,0,,,,0.0,0.0,0.0,0.0,0.0,0,0,0
560,a,100.0,100.0,5.1,233,52.0,0,0.0,-4,4.0,1.4,159,26.0,54,1,2.3,293.0,32.0,7,179,1.0,270.0,36.0,0.2,10.6,0.0,956175,1607,853157,3163,1.0,0.5,3.58,0.07,3.65,16.51,0.32,0.01,0.33,1.48,164.4,275.0,26.0,22.6,382.0,49.0,373.0,44.0,18.0,55.8,204.0,25.0,,,,26,,Wilson,Isidor,Isidor,,,1001,4,0,4,14,0,0,0,1,0,0,11,39,,,,0.0,0.36,1.26,0.99,3.51,8,14,17
561,a,,,5.2,218,50.0,0,0.0,-3,3.0,0.5,259,42.0,26,0,1.9,345.0,39.0,2,86,0.5,333.0,44.0,0.1,5.0,0.0,264353,208,303396,421,0.5,0.0,1.05,0.14,1.19,10.33,0.17,0.02,0.19,1.63,73.4,376.0,38.0,42.0,348.0,40.0,131.0,194.0,42.0,24.3,343.0,41.0,,,3.0,26,,Eliezer,Mayenda Dossou,Mayenda,,,572,1,0,3,7,0,0,0,0,0,0,6,20,,,,0.0,0.47,1.1,0.94,3.15,3,6,11
562,a,,,4.2,647,91.0,0,0.0,-3,3.0,0.5,264,43.0,0,0,0.0,637.0,65.0,0,0,0.0,535.0,54.0,0.0,0.0,0.0,63617,2533,83707,1180,0.0,-0.5,0.0,0.0,0.0,0.0,0.0,0.0,0.0,0.0,0.0,628.0,65.0,0.0,623.0,64.0,0.0,596.0,64.0,0.0,631.0,65.0,,,,26,,Ahmed,Abdullahi,Abdullahi,,,0,0,0,0,0,0,0,0,0,0,0,0,0,,,,0.0,0.0,0.0,0.0,0.0,0,0,0
563,u,0.0,0.0,4.4,556,79.0,0,0.0,-1,1.0,0.1,515,73.0,0,0,0.0,676.0,72.0,0,0,0.0,592.0,62.0,0.0,0.0,0.0,5979,0,20297,29,0.0,0.0,0.0,0.0,0.0,0.0,0.0,0.0,0.0,0.0,0.0,668.0,72.0,0.0,664.0,71.0,0.0,643.0,71.0,0.0,671.0,72.0,,,,26,,Luís Hemir,Silva Semedo,Luís Hemir,has joined Moreirense on loan for the rest of the season.,,0,0,0,0,0,0,0,0,0,0,0,0,0,,,,0.0,0.0,0.0,0.0,0.0,0,0,0
564,u,0.0,0.0,4.4,538,76.0,0,0.0,-1,1.0,0.1,517,74.0,0,0,0.0,666.0,69.0,0,0,0.0,579.0,59.0,0.0,0.0,0.0,3530,0,20101,24,0.0,0.0,0.0,0.0,0.0,0.0,0.0,0.0,0.0,0.0,0.0,656.0,69.0,0.0,653.0,68.0,0.0,630.0,68.0,0.0,659.0,69.0,,,,26,,Nazarii,Rusyn,Rusyn,has joined Arka on loan for the rest of the season.,,0,0,0,0,0,0,0,0,0,0,0,0,0,,,,0.0,0.0,0.0,0.0,0.0,0,0,0
668,d,50.0,0.0,5.1,222,137.0,0,0.0,1,-1.0,3.5,94,31.0,90,0,4.1,60.0,27.0,5,426,0.0,758.0,327.0,0.0,17.6,0.0,1347228,386,1305987,17903,0.0,0.0,0.59,2.19,2.78,31.25,0.03,0.1,0.13,1.43,521.2,47.0,11.0,420.4,38.0,36.0,77.0,261.0,141.0,101.8,60.0,40.0,1.0,1.0,,26,,Granit,Xhaka,Xhaka,Ankle injury - 50% chance of playing,,1962,1,5,7,23,0,0,0,4,0,0,22,237,,,,0.0,0.32,1.06,1.01,10.87,35,101,101
670,a,,,4.9,339,13.0,-1,1.0,4,-4.0,11.7,31,5.0,107,2,4.1,59.0,4.0,9,464,2.5,155.0,11.0,0.5,21.8,0.0,2114508,11901,819883,15724,2.5,2.0,0.0,0.07,0.07,37.41,0.0,0.0,0.0,1.44,671.2,10.0,2.0,40.0,350.0,2.0,0.0,765.0,87.0,71.0,140.0,2.0,,,,26,,Robin,Roefs,Roefs,,,2340,0,0,8,30,0,1,0,2,0,80,26,110,,,,3.08,0.31,1.15,1.0,0.0,0,31,261
678,u,0.0,0.0,3.9,744,213.0,0,0.0,-1,1.0,0.5,260,97.0,1,0,0.3,511.0,179.0,0,4,0.0,419.0,166.0,0.0,0.3,0.0,52353,0,81230,370,0.0,0.0,0.07,0.08,0.15,2.09,0.05,0.06,0.11,1.5,21.8,436.0,164.0,20.1,388.0,139.0,7.0,411.0,155.0,4.9,443.0,160.0,,,,26,,Arthur,Masuaku,Masuaku,has joined RC Lens on loan for the rest of the season.,,125,0,0,0,2,0,0,0,1,0,0,2,13,,,,0.0,0.0,1.44,1.44,7.2,4,6,3
683,a,100.0,100.0,4.1,651,157.0,0,0.0,1,-1.0,6.4,58,20.0,88,2,4.0,61.0,24.0,5,295,2.5,149.0,51.0,0.6,21.5,0.0,1511294,9102,867099,8170,2.5,2.0,1.23,0.75,1.97,30.66,0.06,0.04,0.1,1.45,521.2,46.0,21.0,105.7,234.0,64.0,201.0,114.0,19.0,83.2,105.0,30.0,,,,26,,Omar,Alderete,Alderete,,,1903,1,1,7,25,0,0,0,4,0,0,21,226,,,,0.0,0.33,1.18,0.99,9.55,20,182,70
694,a,,,4.6,398,67.0,0,0.0,6,-6.0,13.8,26,10.0,114,2,4.8,18.0,7.0,8,394,4.0,55.0,20.0,0.9,24.8,0.0,2377990,37019,702101,13472,4.0,3.5,1.02,2.01,3.03,35.72,0.04,0.08,0.12,1.49,559.0,33.0,13.0,278.7,92.0,22.0,141.0,178.0,40.0,97.9,68.0,14.0,,,,26,,Nordi,Mukiele,Mukiele,,,2152,1,5,7,28,1,0,0,4,0,0,24,253,,,,0.0,0.29,1.17,1.0,9.41,57,168,101
724,a,,,4.5,425,83.0,0,0.0,0,0.0,0.0,597,213.0,35,1,1.8,361.0,134.0,0,158,0.8,288.0,104.0,0.2,7.8,0.0,8498,115,5972,141,0.8,0.3,0.37,0.61,0.98,21.41,0.03,0.05,0.08,1.91,170.4,271.0,109.0,90.5,256.0,77.0,36.0,336.0,108.0,29.7,322.0,110.0,,,,26,,Lutsharel,Geertruida,Geertruida,,,1009,0,0,2,15,0,0,0,0,0,0,10,82,,,,0.0,0.18,1.34,0.89,5.89,22,44,44
730,a,100.0,100.0,5.5,146,37.0,0,0.0,0,0.0,1.3,165,29.0,61,2,2.9,210.0,22.0,8,220,3.0,117.0,13.0,0.5,11.1,0.0,321442,10049,162063,7244,3.0,2.5,2.6,0.3,2.9,19.68,0.21,0.02,0.23,1.58,236.4,215.0,18.0,84.0,270.0,27.0,260.0,86.0,27.0,57.2,198.0,23.0,,,,26,,Brian,Brobbey,Brobbey,,,1124,5,1,4,15,0,0,0,2,0,0,12,50,,,,0.0,0.32,1.2,0.96,4.0,7,12,31
735,d,50.0,0.0,5.5,136,84.0,0,0.0,0,0.0,0.0,645,258.0,28,0,2.8,231.0,93.0,1,114,0.0,784.0,345.0,0.0,5.1,0.0,13461,8,12778,50,0.0,0.0,0.48,0.25,0.73,8.99,0.07,0.04,0.11,1.33,115.6,321.0,144.0,108.1,225.0,143.0,135.0,183.0,101.0,35.9,288.0,142.0,,,,26,,Bertrand,Traoré,Traoré,Knee injury - 50% chance of playing,,607,1,1,3,9,0,0,0,1,0,0,9,40,,,,0.0,0.44,1.33,1.33,5.93,11,11,18
737,a,,,4.5,508,74.0,0,0.0,0,0.0,0.1,479,69.0,4,0,0.8,504.0,62.0,0,11,0.0,681.0,73.0,0.0,0.9,0.0,19933,495,14629,281,0.0,-0.5,0.0,0.07,0.07,0.75,0.0,0.21,0.21,2.25,1.2,489.0,59.0,11.4,409.0,54.0,8.0,407.0,56.0,2.1,463.0,57.0,,,,26,,Jonah,Kusi-Asare,Kusi-Asare,,,30,0,0,0,2,0,0,0,1,0,0,0,2,,,,0.0,0.0,6.0,0.0,6.0,0,0,2
438,a,100.0,100.0,4.9,316,51.0,0,0.0,-1,1.0,0.2,372,134.0,20,0,1.7,374.0,139.0,2,99,0.8,293.0,105.0,0.2,4.1,0.0,32430,607,52703,608,1.3,1.3,0.06,0.23,0.28,3.98,0.01,0.05,0.06,0.8,115.2,324.0,122.0,51.5,328.0,112.0,22.0,370.0,129.0,18.7,364.0,125.0,,,,26,,Noussair,Mazraoui,Mazraoui,,,448,0,0,1,6,0,0,0,1,0,0,6,59,,,,0.0,0.2,1.21,1.21,9.44,15,32,27
774,a,,,4.0,673,168.0,0,0.0,0,0.0,0.0,708,244.0,0,0,0.0,580.0,214.0,0,0,0.0,464.0,185.0,0.0,0.0,0.0,1114,70,532,54,0.0,-0.5,0.0,0.0,0.0,0.0,0.0,0.0,0.0,0.0,0.0,570.0,214.0,0.0,563.0,214.0,0.0,530.0,208.0,0.0,573.0,214.0,,,,26,,Jenson,Jones,Jenson Jones,,,0,0,0,0,0,0,0,0,0,0,0,0,0,,,,0.0,0.0,0.0,0.0,0.0,0,0,0
775,u,0.0,0.0,4.5,494,303.0,0,0.0,0,0.0,0.0,814,364.0,0,0,0.0,738.0,308.0,0,0,0.0,669.0,262.0,0.0,0.0,0.0,160,0,130,3,0.0,0.0,0.0,0.0,0.0,0.0,0.0,0.0,0.0,0.0,0.0,736.0,306.0,0.0,731.0,307.0,0.0,717.0,303.0,0.0,737.0,307.0,,,,26,,Tymur,Tutierov,Tutierov,has joined Exeter City on loan for the rest of the season.,,0,0,0,0,0,0,0,0,0,0,0,0,0,,,,0.0,0.0,0.0,0.0,0.0,0,0,0
800,a,100.0,25.0,5.0,284,177.0,0,0.0,0,0.0,0.0,816,366.0,0,0,0.0,792.0,349.0,0,0,0.0,757.0,326.0,0.0,0.0,0.0,100,10,49,5,0.0,-0.1,0.0,0.0,0.0,0.0,0.0,0.0,0.0,0.0,0.0,792.0,349.0,0.0,790.0,349.0,0.0,786.0,347.0,0.0,792.0,349.0,,,,26,,Djiamgone Jocelin Ta,Bi,Jocelin.T,,,0,0,0,0,0,0,0,0,0,0,0,0,0,,,,0.0,0.0,0.0,0.0,0.0,0,0,0
812,a,,,4.0,700,61.0,0,0.0,0,0.0,0.0,785,89.0,0,0,0.0,603.0,80.0,0,0,0.0,488.0,72.0,0.0,0.0,0.0,354,55,96,24,0.0,-0.5,0.0,0.0,0.0,0.0,0.0,0.0,0.0,0.0,0.0,593.0,80.0,0.0,586.0,68.0,0.0,553.0,54.0,0.0,596.0,80.0,,,,26,,Melker,Ellborg,Ellborg,,,0,0,0,0,0,0,0,0,0,0,0,0,0,,,,0.0,0.0,0.0,0.0,0.0,0,0,0
813,a,,,5.0,275,170.0,0,0.0,0,0.0,0.0,779,339.0,3,2,1.5,410.0,182.0,0,13,1.5,234.0,101.0,0.3,0.6,0.0,460,141,74,23,1.5,1.0,0.21,0.04,0.25,3.03,0.22,0.04,0.26,3.25,16.6,445.0,197.0,26.3,376.0,192.0,44.0,320.0,169.0,8.7,413.0,187.0,,,,26,,Nilson,Angulo,Angulo,,,84,0,0,0,2,0,0,0,0,0,0,1,5,,,,0.0,0.0,2.14,1.07,5.36,1,3,1
565,a,,,4.7,382,16.0,-1,1.0,-3,3.0,6.0,60,9.0,83,2,3.2,156.0,15.0,6,388,1.8,210.0,20.0,0.4,17.7,0.0,1345817,1169,1356433,9993,0.8,1.8,0.0,0.02,0.02,37.04,0.0,0.0,0.0,1.42,597.6,23.0,5.0,0.1,485.0,15.0,0.0,739.0,81.0,60.0,189.0,7.0,,,,26,,Guglielmo,Vicario,Vicario,,,2340,0,0,7,37,0,0,0,1,0,71,26,97,,,,2.73,0.27,1.42,1.0,0.0,1,30,211
566,a,,,3.9,751,78.0,0,0.0,-1,1.0,0.3,320,44.0,0,0,0.0,544.0,46.0,0,0,0.0,424.0,37.0,0.0,0.0,0.0,20605,97,23634,146,-1.0,0.0,0.0,0.0,0.0,0.0,0.0,0.0,0.0,0.0,0.0,534.0,46.0,0.0,524.0,31.0,0.0,489.0,17.0,0.0,537.0,46.0,,,,26,,Brandon,Austin,Austin,,,0,0,0,0,0,0,0,0,0,0,0,0,0,,,,0.0,0.0,0.0,0.0,0.0,0,0,0
567,a,,,3.9,766,85.0,0,0.0,-1,1.0,1.6,147,19.0,0,0,0.0,554.0,53.0,0,0,0.0,435.0,44.0,0.0,0.0,0.0,124863,269,171054,914,-1.0,0.0,0.0,0.0,0.0,0.0,0.0,0.0,0.0,0.0,0.0,544.0,53.0,0.0,534.0,38.0,0.0,499.0,24.0,0.0,547.0,53.0,,,,26,,Antonín,Kinský,Kinsky,,,0,0,0,0,0,0,0,0,0,0,0,0,0,,,,0.0,0.0,0.0,0.0,0.0,0,0,0
568,i,0.0,0.0,5.1,234,33.0,-1,1.0,-4,4.0,9.6,39,13.0,79,0,3.4,133.0,49.0,4,344,0.2,375.0,138.0,0.0,15.5,0.0,1465229,110,2971612,27361,0.0,0.0,0.48,2.81,3.29,25.39,0.02,0.14,0.16,1.26,414.6,86.0,38.0,517.6,21.0,1.0,89.0,248.0,69.0,102.3,56.0,9.0,3.0,2.0,,26,,Pedro,Porro Sauceda,Pedro Porro,Hamstring injury - Expected back 01 Mar,,1820,0,3,7,24,0,0,0,5,0,0,21,171,,,,0.0,0.35,1.19,1.04,6.73,43,93,94
569,s,0.0,0.0,5.0,252,37.0,0,0.0,0,0.0,3.5,95,33.0,89,0,4.2,53.0,20.0,10,288,2.0,190.0,71.0,0.4,17.8,0.0,1016180,164,1149293,21653,0.0,0.0,1.33,1.2,2.53,25.77,0.07,0.06,0.13,1.36,543.2,40.0,16.0,110.8,222.0,58.0,206.0,108.0,17.0,86.0,97.0,26.0,,,,26,,Cristian,Romero,Romero,Suspended until 15 Mar,,1710,4,1,5,29,0,0,0,8,2,0,20,209,,,,0.0,0.26,1.53,1.05,9.58,53,129,80
570,i,0.0,0.0,4.2,627,142.0,0,0.0,-3,3.0,0.1,438,162.0,27,0,2.1,311.0,115.0,1,111,0.2,355.0,131.0,0.0,6.4,0.0,16881,6,30138,294,0.0,0.0,0.03,0.18,0.21,10.71,0.0,0.02,0.02,1.46,194.2,256.0,104.0,9.1,425.0,153.0,8.0,403.0,150.0,21.2,356.0,122.0,,,,26,,Kevin,Danso,Danso,Toe Injury - Unknown return date,,658,0,0,2,12,0,0,0,4,0,0,8,100,,,,0.0,0.27,1.64,1.09,12.72,13,80,28
571,i,0.0,0.0,4.3,576,125.0,0,0.0,-2,2.0,0.1,543,195.0,10,0,3.3,137.0,50.0,1,29,0.0,540.0,231.0,0.0,2.3,0.0,4379,5,11750,71,0.0,0.0,0.49,0.07,0.56,1.11,0.32,0.05,0.37,0.73,67.4,381.0,146.0,22.2,384.0,136.0,52.0,307.0,97.0,14.2,385.0,138.0,,,,26,,Ben,Davies,Davies,Ankle injury - Unknown return date,,136,1,0,0,3,0,0,0,1,0,0,2,14,,,,0.0,0.0,1.99,1.32,9.26,5,9,5
572,a,100.0,100.0,4.5,449,90.0,0,0.0,0,0.0,0.0,676,236.0,6,3,1.2,437.0,158.0,0,7,1.2,250.0,90.0,0.3,1.3,0.0,2484,77,1551,162,0.2,1.2,0.18,0.0,0.18,6.03,0.07,0.0,0.07,2.22,47.2,402.0,151.0,2.1,451.0,165.0,15.0,384.0,136.0,6.4,434.0,157.0,,,,26,,Radu,Drăgușin,Dragusin,,,244,0,0,0,6,0,0,0,0,0,0,2,24,,,,0.0,0.0,2.21,0.74,8.85,2,22,5
573,a,100.0,100.0,4.2,634,147.0,0,0.0,-3,3.0,1.0,191,74.0,55,0,2.6,247.0,96.0,1,229,0.2,357.0,133.0,0.0,13.1,0.0,296799,785,349578,1535,-0.8,0.2,0.82,1.38,2.2,26.08,0.05,0.08,0.13,1.47,229.8,221.0,85.0,172.6,170.0,42.0,147.0,168.0,37.0,54.8,208.0,68.0,,,,26,,Djed,Spence,Spence,,,1596,0,0,7,23,0,0,0,4,0,0,18,108,,,,0.0,0.39,1.3,1.02,4.74,29,55,92
574,i,0.0,0.0,4.3,592,136.0,0,0.0,-2,2.0,0.3,312,115.0,15,0,1.2,435.0,156.0,0,62,0.5,316.0,113.0,0.1,3.5,0.0,50327,10,112034,632,0.0,0.0,0.16,0.51,0.67,13.98,0.02,0.06,0.08,1.58,144.0,294.0,114.0,122.3,210.0,52.0,82.0,254.0,73.0,34.9,293.0,97.0,,,,26,,Destiny,Udogie,Udogie,Hamstring injury - Expected back 15 Mar,,794,0,1,0,17,0,0,0,2,0,0,8,61,,,,0.0,0.0,1.93,0.91,4.53,19,21,47
344,a,100.0,100.0,3.9,755,218.0,0,0.0,-1,1.0,0.4,276,102.0,46,3,3.5,115.0,41.0,2,152,0.8,284.0,100.0,0.2,11.8,0.0,99450,427,76411,534,0.8,0.3,0.48,0.5,0.98,20.03,0.04,0.04,0.08,1.68,283.4,184.0,76.0,38.0,354.0,123.0,131.0,191.0,45.0,45.2,245.0,82.0,,,,26,,Jaka,Bijol,Bijol,,,1072,1,2,1,20,0,0,0,1,0,0,12,123,,,,0.0,0.08,1.68,1.01,9.4,15,97,39
360,u,0.0,0.0,4.5,439,263.0,0,0.0,0,0.0,0.0,750,319.0,0,0,0.0,703.0,280.0,0,0,0.0,626.0,227.0,0.0,0.0,0.0,0,0,2886,3,0.0,0.0,0.0,0.0,0.0,0.0,0.0,0.0,0.0,0.0,0.0,697.0,274.0,0.0,695.0,278.0,0.0,677.0,271.0,0.0,700.0,277.0,,,,26,,Joe,Gelhardt,Gelhardt,Has joined Hull City on loan for the rest of the season.,,0,0,0,0,0,0,0,0,0,0,0,0,0,,,,0.0,0.0,0.0,0.0,0.0,0,0,0
463,u,0.0,0.0,4.3,620,364.0,0,0.0,-2,2.0,0.1,512,186.0,0,0,0.0,658.0,253.0,0,0,0.0,567.0,193.0,0.0,0.0,0.0,9069,0,12891,182,0.0,0.0,0.0,0.0,0.0,0.0,0.0,0.0,0.0,0.0,0.0,648.0,243.0,0.0,645.0,249.0,0.0,621.0,238.0,0.0,651.0,246.0,,,,26,,Sékou,Koné,Kone,has joined Lausanne-Sport on loan for the rest of the season.,,0,0,0,0,0,0,0,0,0,0,0,0,0,,,,0.0,0.0,0.0,0.0,0.0,0,0,0
464,u,0.0,0.0,4.5,472,287.0,0,0.0,0,0.0,0.0,688,283.0,0,0,0.0,721.0,297.0,0,0,0.0,648.0,247.0,0.0,0.0,0.0,723,0,2841,8,0.0,0.0,0.0,0.0,0.0,0.0,0.0,0.0,0.0,0.0,0.0,718.0,294.0,0.0,714.0,296.0,0.0,698.0,290.0,0.0,720.0,296.0,,,,26,,Jack,Moorhouse,Moorhouse,has joined Leyton Orient on loan for the rest of the season.,,0,0,0,0,0,0,0,0,0,0,0,0,0,,,,0.0,0.0,0.0,0.0,0.0,0,0,0
575,a,100.0,100.0,4.5,447,89.0,0,0.0,0,0.0,23.7,15,5.0,100,3,4.2,50.0,18.0,10,363,2.8,124.0,44.0,0.6,22.2,0.0,3438763,14203,3753850,39580,1.8,2.8,2.79,0.34,3.13,32.92,0.12,0.01,0.13,1.38,551.2,37.0,15.0,77.6,282.0,90.0,202.0,112.0,18.0,83.0,106.0,31.0,,,,26,,Micky,van de Ven,Van de Ven,,,2149,4,1,7,33,0,0,0,6,0,0,24,198,,,,0.0,0.29,1.38,1.01,6.78,27,135,86
576,u,0.0,0.0,4.0,708,187.0,0,0.0,0,0.0,0.0,729,253.0,0,0,0.0,608.0,226.0,0,0,0.0,494.0,199.0,0.0,0.0,0.0,0,0,1985,3,0.0,0.0,0.0,0.0,0.0,0.0,0.0,0.0,0.0,0.0,0.0,598.0,226.0,0.0,591.0,226.0,0.0,559.0,221.0,0.0,601.0,226.0,,,,26,,Ashley,Phillips,Phillips,Has joined Stoke City on loan for the rest of the season.,,0,0,0,0,0,0,0,0,0,0,0,0,0,,,,0.0,0.0,0.0,0.0,0.0,0,0,0
577,u,0.0,0.0,4.0,710,188.0,0,0.0,0,0.0,0.0,600,214.0,0,0,0.0,610.0,227.0,0,0,0.0,496.0,200.0,0.0,0.0,0.0,1005,0,8963,24,0.0,0.0,0.0,0.0,0.0,0.0,0.0,0.0,0.0,0.0,0.0,600.0,227.0,0.0,593.0,227.0,0.0,561.0,222.0,0.0,603.0,227.0,,,,26,,Takai,Kōta,Takai,has joined Borussia Mönchengladbach on loan for the rest of the season.,,0,0,0,0,0,0,0,0,0,0,0,0,0,,,,0.0,0.0,0.0,0.0,0.0,0,0,0
578,u,0.0,0.0,3.9,781,231.0,0,0.0,-1,1.0,0.3,309,114.0,0,0,0.0,568.0,208.0,0,0,0.0,450.0,178.0,0.0,0.0,0.0,7334,0,91495,124,0.0,0.0,0.0,0.0,0.0,0.0,0.0,0.0,0.0,0.0,0.0,558.0,208.0,0.0,548.0,208.0,0.0,514.0,201.0,0.0,561.0,208.0,,,,26,,Luka,Vušković,Vuskovic,has joined Hamburger SV on loan for the rest of the season.,,0,0,0,0,0,0,0,0,0,0,0,0,0,,,,0.0,0.0,0.0,0.0,0.0,0,0,0
579,u,0.0,0.0,8.5,11,6.0,0,0.0,0,0.0,0.1,445,153.0,0,0,0.0,817.0,367.0,0,0,0.0,816.0,367.0,0.0,0.0,0.0,0,0,25483,18,0.0,0.0,0.0,0.0,0.0,0.0,0.0,0.0,0.0,0.0,0.0,817.0,367.0,0.0,817.0,367.0,0.0,817.0,367.0,0.0,817.0,367.0,,,,26,,Son,Heung-min,Son,has joined Los Angeles FC permanently.,,0,0,0,0,0,0,0,0,0,0,0,0,0,,,,0.0,0.0,0.0,0.0,0.0,0,0,0
469,a,100.0,100.0,5.1,223,6.0,0,0.0,1,-1.0,4.7,73,13.0,79,2,4.0,68.0,6.0,3,318,2.0,191.0,16.0,0.4,15.5,0.0,1488712,1058,1507835,7157,1.5,2.0,0.0,0.0,0.0,23.53,0.0,0.0,0.0,1.19,449.6,66.0,14.0,0.0,791.0,92.0,0.0,787.0,90.0,45.0,247.0,14.0,,,,26,,Nick,Pope,Pope,,,1786,0,1,7,27,0,0,0,1,0,60,20,121,,,,3.02,0.35,1.36,1.01,0.0,1,29,187
581,i,0.0,0.0,6.8,46,28.0,0,0.0,-2,2.0,0.1,444,152.0,0,0,0.0,814.0,364.0,0,0,0.0,809.0,361.0,0.0,0.0,0.0,1654,27,23667,45,0.0,0.0,0.0,0.0,0.0,0.0,0.0,0.0,0.0,0.0,0.0,814.0,364.0,0.0,814.0,364.0,0.0,814.0,364.0,0.0,814.0,364.0,,,,26,,James,Maddison,Maddison,Anterior cruciate ligament - Unknown return date,,0,0,0,0,0,0,0,0,0,0,0,0,0,,,,0.0,0.0,0.0,0.0,0.0,0,0,0
582,i,0.0,0.0,6.4,61,39.0,0,0.0,-1,1.0,9.7,38,14.0,75,0,3.9,84.0,40.0,7,257,0.0,806.0,360.0,0.0,11.7,0.0,3263153,35,5174562,11633,0.0,0.0,1.92,2.41,4.33,22.74,0.11,0.14,0.25,1.33,333.4,136.0,46.0,413.8,40.0,38.0,302.0,65.0,39.0,104.7,52.0,36.0,2.0,1.0,,26,,Mohammed,Kudus,Kudus,Thigh injury - Expected back 11 Apr,,1535,2,6,7,20,0,0,0,3,0,0,19,133,,,,0.0,0.41,1.17,1.11,7.8,29,9,95
584,a,,,6.2,77,52.0,0,0.0,-3,3.0,0.1,430,145.0,48,1,2.5,277.0,119.0,5,150,1.0,279.0,122.0,0.2,7.7,0.0,39316,178,44311,496,0.0,1.0,1.67,0.61,2.27,9.35,0.24,0.09,0.33,1.36,147.0,291.0,130.0,141.8,193.0,129.0,189.0,129.0,74.0,48.1,233.0,118.0,4.0,,4.0,26,,Mathys,Tel,Tel,,,621,3,1,1,12,0,0,0,0,0,0,6,56,,,,0.0,0.14,1.74,0.87,8.12,11,5,40
585,i,0.0,0.0,5.3,192,119.0,0,0.0,-2,2.0,0.2,396,132.0,64,0,3.2,161.0,69.0,3,269,0.0,769.0,334.0,0.0,12.1,0.0,56870,9,65675,305,0.0,0.0,0.45,0.68,1.13,20.56,0.03,0.04,0.07,1.32,268.6,195.0,80.0,159.7,181.0,123.0,85.0,253.0,136.0,51.6,219.0,110.0,,,,26,,Rodrigo,Bentancur,Bentancur,Hamstring injury - Unknown return date,,1407,1,1,5,21,0,0,0,5,0,0,17,207,,,,0.0,0.32,1.34,1.09,13.24,37,69,101
586,i,0.0,0.0,5.2,219,136.0,0,0.0,-3,3.0,0.2,388,128.0,39,0,2.3,295.0,129.0,0,139,0.0,765.0,332.0,0.0,7.5,0.0,102312,8,110684,195,0.0,0.0,0.96,0.39,1.35,10.21,0.11,0.04,0.15,1.15,137.4,303.0,135.0,81.4,273.0,159.0,133.0,186.0,104.0,35.3,291.0,143.0,,,,26,,Lucas,Bergvall,Bergvall,Ankle injury - Unknown return date,,799,1,2,3,13,0,0,0,2,0,0,10,68,,,,0.0,0.34,1.46,1.13,7.66,20,14,34
587,a,100.0,100.0,5.2,211,130.0,0,0.0,-3,3.0,0.0,591,222.0,8,1,1.6,390.0,172.0,0,51,1.8,215.0,90.0,0.3,1.5,0.0,2671,154,14247,89,0.8,1.8,0.28,0.07,0.35,6.25,0.1,0.03,0.13,2.31,44.6,406.0,181.0,13.3,404.0,201.0,21.0,373.0,190.0,7.8,422.0,193.0,,,,26,,Yves,Bissouma,Bissouma,,,244,0,0,0,7,0,0,0,1,0,0,3,33,,,,0.0,0.0,2.58,1.11,12.17,10,13,10
588,i,0.0,100.0,5.3,206,128.0,0,0.0,-2,2.0,0.1,538,197.0,46,1,1.9,347.0,152.0,6,176,2.8,131.0,60.0,0.5,8.7,0.0,16348,43,14831,1036,0.0,2.8,1.92,1.21,3.13,14.24,0.18,0.11,0.29,1.32,158.8,285.0,125.0,284.3,88.0,65.0,234.0,95.0,58.0,67.6,153.0,83.0,,,,26,,Wilson,Odobert,Odobert,Knee injury - Unknown return date,,972,0,2,2,13,0,0,0,0,0,0,10,77,,,,0.0,0.19,1.2,0.93,7.13,10,14,53
589,u,0.0,0.0,5.4,171,105.0,0,0.0,-1,1.0,0.0,757,323.0,0,0,0.0,797.0,352.0,0,0,0.0,777.0,339.0,0.0,0.0,0.0,115,0,1474,2,0.0,0.0,0.0,0.0,0.0,0.0,0.0,0.0,0.0,0.0,0.0,797.0,352.0,0.0,796.0,352.0,0.0,794.0,351.0,0.0,797.0,352.0,,,,26,,Manor,Solomon,Solomon,has joined Fiorentina on loan for the rest of the season.,,0,0,0,0,0,0,0,0,0,0,0,0,0,,,,0.0,0.0,0.0,0.0,0.0,0,0,0
590,u,0.0,0.0,4.9,325,202.0,0,0.0,-1,1.0,0.0,658,265.0,0,0,0.0,769.0,332.0,0,0,0.0,724.0,302.0,0.0,0.0,0.0,675,0,4470,3,0.0,0.0,0.0,0.0,0.0,0.0,0.0,0.0,0.0,0.0,0.0,768.0,331.0,0.0,765.0,332.0,0.0,759.0,330.0,0.0,769.0,332.0,,,,26,,Bryan,Gil Salvatierra,Bryan,has joined Girona permanently.,,0,0,0,0,0,0,0,0,0,0,0,0,0,,,,0.0,0.0,0.0,0.0,0.0,0,0,0
591,a,100.0,100.0,4.8,372,233.0,0,0.0,-2,2.0,0.1,433,146.0,42,10,2.6,252.0,104.0,6,159,3.8,70.0,34.0,0.8,8.8,0.0,17100,1022,22131,248,2.8,3.8,1.25,0.45,1.7,14.43,0.12,0.04,0.16,1.4,167.8,272.0,117.0,76.8,284.0,165.0,121.0,212.0,115.0,36.5,286.0,141.0,,,,26,,Archie,Gray,Gray,,,927,2,0,5,14,0,0,0,4,0,0,12,86,,,,0.0,0.49,1.36,1.17,8.35,9,43,34
592,u,0.0,0.0,5.0,270,165.0,0,0.0,0,0.0,0.0,788,346.0,0,0,0.0,786.0,345.0,0,0,0.0,750.0,321.0,0.0,0.0,0.0,0,0,682,1,0.0,0.0,0.0,0.0,0.0,0.0,0.0,0.0,0.0,0.0,0.0,785.0,344.0,0.0,784.0,345.0,0.0,780.0,343.0,0.0,786.0,345.0,,,,26,,Mikey,Moore,Moore,Has joined Rangers on loan for the rest of the season.,,0,0,0,0,0,0,0,0,0,0,0,0,0,,,,0.0,0.0,0.0,0.0,0.0,0,0,0
593,a,100.0,100.0,4.5,442,265.0,0,0.0,-5,5.0,0.9,196,65.0,53,8,3.1,170.0,72.0,2,214,2.8,123.0,56.0,0.6,11.8,0.0,352843,6763,561106,1038,1.8,2.8,1.09,0.95,2.04,18.15,0.11,0.09,0.2,1.76,232.4,219.0,96.0,105.3,235.0,147.0,111.0,218.0,120.0,45.0,246.0,124.0,,,,26,,Pape Matar,Sarr,P.M.Sarr,,,928,2,3,3,11,0,0,0,1,0,0,9,120,,,,0.0,0.29,1.07,0.87,11.64,20,49,51
594,u,0.0,0.0,4.5,504,312.0,0,0.0,0,0.0,0.0,731,306.0,0,0,0.0,745.0,315.0,0,0,0.0,677.0,270.0,0.0,0.0,0.0,0,0,2818,3,0.0,0.0,0.0,0.0,0.0,0.0,0.0,0.0,0.0,0.0,0.0,744.0,314.0,0.0,739.0,315.0,0.0,725.0,311.0,0.0,745.0,315.0,,,,26,,Yang,Min-hyeok,Min-hyeok,has joined Coventry City on loan for the rest of the season.,,0,0,0,0,0,0,0,0,0,0,0,0,0,,,,0.0,0.0,0.0,0.0,0.0,0,0,0
596,a,100.0,100.0,7.2,29,12.0,0,0.0,-3,3.0,1.3,164,28.0,21,2,3.0,197.0,20.0,3,88,4.5,38.0,4.0,0.6,2.9,0.0,122238,3926,480813,7064,3.5,4.5,1.2,0.16,1.36,8.45,0.27,0.04,0.31,1.87,105.8,332.0,32.0,38.2,353.0,43.0,145.0,174.0,38.0,28.8,326.0,37.0,,,2.0,26,,Dominic,Solanke-Mitchell,Solanke,,,407,2,0,0,8,0,0,0,1,0,0,4,27,,,,0.0,0.0,1.77,0.88,5.97,10,10,7
597,i,0.0,0.0,6.3,67,21.0,0,0.0,-2,2.0,5.4,67,13.0,75,0,3.6,113.0,10.0,9,336,0.0,803.0,86.0,0.0,11.9,0.0,2946106,60,3031595,8170,0.0,0.0,4.8,1.22,6.02,17.99,0.34,0.09,0.43,1.27,381.8,102.0,8.0,159.3,182.0,16.0,464.0,25.0,13.0,100.4,63.0,11.0,,,3.0,26,,Richarlison,de Andrade,Richarlison,Hamstring injury - Expected back 01 Mar,,1276,7,3,5,19,0,0,0,4,0,0,13,98,,,,0.0,0.35,1.34,0.92,6.91,15,46,37
598,u,0.0,0.0,4.5,469,67.0,0,0.0,0,0.0,0.0,672,87.0,0,0,0.0,719.0,76.0,0,0,0.0,645.0,66.0,0.0,0.0,0.0,0,0,5091,4,0.0,0.0,0.0,0.0,0.0,0.0,0.0,0.0,0.0,0.0,0.0,715.0,76.0,0.0,711.0,75.0,0.0,695.0,75.0,0.0,717.0,76.0,,,,26,,Will,Lankshear,Lankshear,has joined Oxford United on loan for the rest of the season.,,0,0,0,0,0,0,0,0,0,0,0,0,0,,,,0.0,0.0,0.0,0.0,0.0,0,0,0
599,u,0.0,0.0,4.3,594,83.0,0,0.0,-2,2.0,0.6,248,39.0,2,0,1.0,458.0,57.0,0,5,0.2,359.0,48.0,0.0,0.5,0.0,60820,0,106882,886,0.0,0.0,0.0,0.01,0.01,0.03,0.0,0.13,0.13,0.39,1.0,491.0,60.0,4.1,442.0,58.0,2.0,438.0,60.0,0.7,480.0,60.0,,,,26,,Dane,Scarlett,Scarlett,has joined Hibernian on loan for the rest of the season.,,7,0,0,0,0,0,0,0,0,0,0,0,1,,,,0.0,0.0,0.0,0.0,12.86,0,0,1
673,a,100.0,100.0,5.5,137,85.0,0,0.0,0,0.0,0.8,203,70.0,84,1,3.7,98.0,44.0,11,353,1.5,236.0,102.0,0.3,15.3,0.0,366728,509,353004,1790,0.5,1.5,1.11,0.55,1.66,23.12,0.07,0.03,0.1,1.38,447.6,69.0,21.0,100.3,244.0,151.0,153.0,161.0,90.0,70.3,142.0,78.0,,,,26,,João Maria,Lobo Alves Palhares Costa Palhinha Gonçalves,J.Palhinha,,,1513,3,3,4,24,0,0,0,6,0,0,16,206,,,,0.0,0.24,1.43,0.95,12.25,83,64,59
717,a,100.0,100.0,6.5,54,35.0,0,0.0,-5,5.0,1.2,179,59.0,59,1,3.0,196.0,83.0,5,272,3.2,104.0,49.0,0.5,9.1,0.0,801890,2513,719678,4069,2.2,3.2,2.07,3.28,5.35,24.13,0.14,0.22,0.36,1.59,269.2,194.0,79.0,418.8,39.0,37.0,193.0,125.0,73.0,88.2,91.0,55.0,5.0,,,26,,Xavi,Simons,Xavi,,,1370,1,4,3,27,0,0,0,4,1,0,15,124,,,,0.0,0.2,1.77,0.99,8.15,29,21,74
726,a,100.0,100.0,6.9,40,16.0,0,0.0,-1,1.0,0.3,299,47.0,28,1,1.6,397.0,48.0,0,76,1.0,280.0,39.0,0.1,4.1,0.0,118193,406,109886,1095,0.0,1.0,1.29,1.11,2.4,15.9,0.11,0.1,0.21,1.4,83.6,356.0,36.0,175.0,168.0,12.0,163.0,152.0,37.0,41.5,267.0,30.0,,,,26,,Randal,Kolo Muani,Kolo Muani,,,1019,0,0,3,19,0,0,0,2,0,0,12,69,,,,0.0,0.26,1.68,1.06,6.09,18,12,39
750,a,,,4.0,695,179.0,0,0.0,0,0.0,0.0,655,229.0,0,0,0.0,598.0,221.0,0,0,0.0,483.0,193.0,0.0,0.0,0.0,1583,61,1327,76,-1.0,0.0,0.0,0.0,0.0,0.0,0.0,0.0,0.0,0.0,0.0,588.0,221.0,0.0,581.0,221.0,0.0,548.0,215.0,0.0,591.0,221.0,,,,26,,James,Rowswell,Rowswell,,,0,0,0,0,0,0,0,0,0,0,0,0,0,,,,0.0,0.0,0.0,0.0,0.0,0,0,0
602,u,0.0,0.0,3.9,765,84.0,0,0.0,-1,1.0,0.2,361,53.0,0,0,0.0,553.0,52.0,0,0,0.0,434.0,43.0,0.0,0.0,0.0,11331,0,18872,202,0.0,0.0,0.0,0.0,0.0,0.0,0.0,0.0,0.0,0.0,0.0,543.0,52.0,0.0,533.0,37.0,0.0,498.0,23.0,0.0,546.0,52.0,,,,26,,Krisztián,Hegyi,Hegyi,has joined MTK Budapest on loan for the rest of the season.,,0,0,0,0,0,0,0,0,0,0,0,0,0,,,,0.0,0.0,0.0,0.0,0.0,0,0,0
603,a,100.0,100.0,4.0,726,203.0,0,0.0,-5,5.0,1.5,152,61.0,61,6,3.0,183.0,72.0,2,180,4.2,42.0,11.0,1.0,15.2,0.0,261473,8299,878363,1074,4.2,3.7,0.39,1.02,1.41,27.58,0.02,0.06,0.08,1.51,334.4,135.0,61.0,200.8,141.0,36.0,64.0,283.0,83.0,60.0,187.0,60.0,,,,26,,El Hadji Malick,Diouf,Diouf,,,1644,0,5,4,32,0,0,0,4,0,0,18,169,,,,0.0,0.22,1.75,0.99,7.34,25,109,62
604,u,0.0,0.0,4.4,521,101.0,0,0.0,-1,1.0,0.1,581,208.0,0,0,0.0,661.0,249.0,0,0,0.0,572.0,234.0,0.0,0.0,0.0,1719,0,20743,14,0.0,0.0,0.0,0.0,0.0,0.0,0.0,0.0,0.0,0.0,0.0,651.0,249.0,0.0,648.0,249.0,0.0,625.0,248.0,0.0,654.0,249.0,,,,26,,Emerson,Palmieri dos Santos,Emerson,has joined Marseille permanently.,,0,0,0,0,0,0,0,0,0,0,0,0,0,,,,0.0,0.0,0.0,0.0,0.0,0,0,0
605,a,,,4.2,631,145.0,0,0.0,-3,3.0,0.2,415,151.0,36,0,1.7,369.0,136.0,0,80,0.2,356.0,132.0,0.0,8.6,0.0,29844,80,48973,231,0.2,-0.3,0.56,0.25,0.81,33.28,0.03,0.01,0.04,1.92,392.4,99.0,45.0,55.8,320.0,108.0,60.0,293.0,88.0,50.9,221.0,72.0,,,,26,,Maximilian,Kilman,Kilman,,,1559,0,0,1,37,0,0,0,4,0,0,17,191,,,,0.0,0.06,2.14,0.98,9.24,16,144,43
606,a,100.0,100.0,4.4,533,112.0,0,0.0,-1,1.0,0.1,513,181.0,53,2,2.8,219.0,85.0,0,158,3.8,68.0,25.0,0.9,12.0,0.0,17473,463,16801,240,3.8,3.3,1.01,0.36,1.37,25.29,0.06,0.02,0.08,1.48,381.2,103.0,46.0,13.2,405.0,147.0,135.0,182.0,42.0,52.9,215.0,71.0,,,,26,,Konstantinos,Mavropanos,Mavropanos,,,1541,0,0,2,28,1,0,0,2,0,0,16,203,,,,0.0,0.12,1.64,0.93,10.69,22,161,59
607,u,0.0,0.0,4.4,526,106.0,0,0.0,-1,1.0,0.0,609,215.0,3,0,1.5,403.0,147.0,0,-1,0.0,575.0,237.0,0.0,0.7,0.0,1288,0,12298,7,0.0,0.0,0.1,0.03,0.13,3.42,0.05,0.02,0.07,1.71,39.0,412.0,155.0,3.9,444.0,161.0,8.0,405.0,152.0,5.1,440.0,158.0,,,,26,,Nayef,Aguerd,N.Aguerd,has joined Marseille permanently.,,180,0,0,0,8,0,0,0,0,0,0,2,23,,,,0.0,0.0,4.0,1.0,7.5,1,14,8
608,a,100.0,100.0,4.3,605,139.0,0,0.0,-2,2.0,0.0,614,218.0,21,1,1.8,356.0,132.0,0,86,1.8,203.0,75.0,0.4,4.9,0.0,4836,49,6431,74,1.8,1.3,0.18,0.32,0.5,13.28,0.02,0.04,0.06,1.83,138.2,301.0,116.0,71.7,292.0,95.0,22.0,365.0,124.0,23.2,345.0,118.0,,,,26,,Ollie,Scarles,Scarles,,,654,0,1,0,16,0,0,0,1,0,0,9,73,,,,0.0,0.0,2.2,1.24,9.91,29,43,35
753,a,,,4.0,657,39.0,0,0.0,0,0.0,0.0,693,81.0,0,0,0.0,569.0,61.0,0,0,0.0,451.0,52.0,0.0,0.0,0.0,1431,41,846,38,-0.5,0.0,0.0,0.0,0.0,0.0,0.0,0.0,0.0,0.0,0.0,559.0,61.0,0.0,549.0,46.0,0.0,515.0,32.0,0.0,562.0,61.0,,,,26,,John,Ruddy,Ruddy,,,0,0,0,0,0,0,0,0,0,0,0,0,0,,,,0.0,0.0,0.0,0.0,0.0,0,0,0
609,a,100.0,0.0,4.3,587,133.0,0,0.0,-2,2.0,0.1,484,173.0,31,0,1.7,370.0,137.0,0,112,0.5,315.0,112.0,0.1,7.2,0.0,11330,114,19224,79,0.5,0.0,0.25,0.29,0.54,28.74,0.01,0.02,0.03,1.7,333.0,137.0,62.0,64.5,301.0,99.0,22.0,364.0,123.0,42.0,262.0,88.0,,,,26,,Jean-Clair,Todibo,Todibo,,,1521,0,1,0,33,0,0,0,4,1,0,18,152,,,,0.0,0.0,1.95,1.07,8.17,33,105,76
610,a,100.0,100.0,4.1,652,158.0,0,0.0,-4,4.0,4.5,79,26.0,48,2,2.8,217.0,83.0,0,153,4.8,28.0,6.0,1.2,11.7,0.0,223678,12664,2279284,2710,4.8,4.3,0.0,0.74,0.74,26.04,0.0,0.05,0.05,1.6,340.6,133.0,59.0,255.6,107.0,29.0,24.0,360.0,120.0,62.3,177.0,56.0,,,,26,,Aaron,Wan-Bissaka,Wan-Bissaka,,,1461,0,3,1,31,0,0,0,2,0,0,16,145,,,,0.0,0.06,1.91,0.99,8.07,23,108,45
611,u,0.0,0.0,4.0,705,184.0,0,0.0,0,0.0,0.1,547,196.0,0,0,0.0,606.0,224.0,0,0,0.0,491.0,196.0,0.0,0.0,0.0,0,0,13120,29,0.0,0.0,0.0,0.0,0.0,0.0,0.0,0.0,0.0,0.0,0.0,596.0,224.0,0.0,589.0,224.0,0.0,556.0,218.0,0.0,599.0,224.0,,,,26,,Kaelan,Casey,Casey,has joined Leyton Orient on loan for the rest of the season.,,0,0,0,0,0,0,0,0,0,0,0,0,0,,,,0.0,0.0,0.0,0.0,0.0,0,0,0
612,u,0.0,0.0,5.9,97,62.0,0,0.0,-1,1.0,1.1,181,60.0,69,0,3.8,89.0,41.0,8,291,0.0,795.0,353.0,0.0,11.7,0.0,897173,0,967473,2274,0.0,0.0,2.85,2.0,4.85,24.22,0.17,0.12,0.29,1.44,374.6,105.0,34.0,397.2,43.0,40.0,186.0,130.0,75.0,95.7,75.0,45.0,,,,26,,Lucas,Tolentino Coelho de Lima,L.Paquetá,has joined Flamengo permanently.,,1513,4,2,3,33,0,0,0,5,1,0,18,146,,,,0.0,0.18,1.96,1.07,8.68,40,30,76
615,a,100.0,100.0,5.6,130,80.0,0,0.0,1,-1.0,2.6,114,34.0,77,3,3.7,99.0,45.0,7,280,7.2,5.0,3.0,1.3,13.8,0.0,398359,53798,68522,6202,7.2,6.7,3.41,1.18,4.59,24.88,0.19,0.07,0.26,1.41,301.4,173.0,66.0,271.4,98.0,71.0,360.0,48.0,29.0,93.3,80.0,47.0,2.0,,,26,,Crysencio,Summerville,Summerville,,,1586,4,3,3,29,0,0,0,3,0,0,19,133,,,,0.0,0.17,1.65,1.08,7.55,25,36,72
616,u,0.0,0.0,4.9,310,194.0,0,0.0,-1,1.0,0.0,596,226.0,0,0,0.0,765.0,328.0,0,0,0.0,718.0,297.0,0.0,0.0,0.0,1147,0,16065,9,0.0,0.0,0.0,0.0,0.0,0.0,0.0,0.0,0.0,0.0,0.0,764.0,327.0,0.0,761.0,328.0,0.0,754.0,326.0,0.0,765.0,328.0,,,,26,,Edson,Álvarez Velázquez,Álvarez,Has joined Fenerbahçe on loan for the rest of the season.,,0,0,0,0,0,0,0,0,0,0,0,0,0,,,,0.0,0.0,0.0,0.0,0.0,0,0,0
618,u,0.0,0.0,4.8,355,223.0,0,0.0,-2,2.0,0.0,607,234.0,8,0,1.3,426.0,191.0,0,30,0.0,698.0,284.0,0.0,1.7,0.0,2295,0,5995,59,0.0,0.0,0.03,0.04,0.07,2.59,0.02,0.02,0.04,1.33,9.8,453.0,202.0,6.0,437.0,212.0,2.0,445.0,220.0,1.7,467.0,212.0,,,,26,,Guido,Rodríguez,G.Rodriguez,has joined Valencia on loan for the rest of the season.,,175,0,0,1,2,0,0,0,1,0,0,2,15,,,,0.0,0.51,1.03,1.03,7.71,1,4,10
619,u,0.0,0.0,4.9,345,214.0,0,0.0,-1,1.0,0.0,680,278.0,5,0,1.0,489.0,226.0,0,11,0.0,735.0,309.0,0.0,1.0,0.0,868,0,3374,17,0.0,0.0,0.07,0.03,0.1,1.82,0.05,0.02,0.07,1.35,9.2,455.0,204.0,14.5,398.0,198.0,4.0,429.0,212.0,2.5,461.0,208.0,,,,26,,Luis Guilherme,Lira dos Santos,L.Guilherme,has joined Sporting CP permanently.,,121,0,0,0,2,0,0,0,0,0,0,1,11,,,,0.0,0.0,1.49,0.74,8.18,1,2,8
620,u,0.0,0.0,4.5,446,267.0,0,0.0,0,0.0,0.0,605,232.0,1,0,1.0,472.0,211.0,0,3,0.0,629.0,230.0,0.0,0.2,0.0,3770,0,9381,46,0.0,0.0,0.0,0.01,0.01,0.73,0.0,0.11,0.11,8.21,0.0,700.0,277.0,1.5,456.0,219.0,2.0,442.0,217.0,0.4,488.0,224.0,,,,26,,George,Earthy,Earthy,has joined Bristol City on loan for the rest of the season.,,8,0,0,0,1,0,0,0,0,0,0,0,0,,,,0.0,0.0,11.25,0.0,0.0,0,0,0
622,u,0.0,0.0,4.4,549,329.0,0,0.0,-1,1.0,0.1,578,215.0,0,0,0.0,672.0,261.0,0,0,0.0,586.0,203.0,0.0,0.0,0.0,1052,0,11888,20,0.0,0.0,0.0,0.0,0.0,0.0,0.0,0.0,0.0,0.0,0.0,663.0,252.0,0.0,660.0,258.0,0.0,637.0,247.0,0.0,666.0,255.0,,,,26,,Lewis,Orford,Orford,has joined Stevenage on loan for the rest of the season.,,0,0,0,0,0,0,0,0,0,0,0,0,0,,,,0.0,0.0,0.0,0.0,0.0,0,0,0
624,a,,,7.6,20,7.0,-1,1.0,-4,4.0,8.6,43,8.0,120,5,4.6,29.0,4.0,21,468,6.8,6.0,2.0,0.9,15.8,0.0,2226764,23076,3003342,25592,6.8,6.3,5.77,2.45,8.22,41.68,0.22,0.09,0.31,1.61,553.0,36.0,4.0,331.5,66.0,2.0,647.0,7.0,5.0,153.0,15.0,4.0,,1.0,2.0,26,,Jarrod,Bowen,Bowen,,,2329,8,4,3,47,0,0,0,3,0,0,26,177,,,,0.0,0.12,1.82,1.0,6.84,30,42,105
625,u,0.0,0.0,5.6,122,34.0,0,0.0,-4,4.0,0.6,245,37.0,12,0,1.5,413.0,50.0,0,28,0.0,788.0,84.0,0.0,2.1,0.0,47611,0,391838,277,0.0,0.0,0.93,0.21,1.14,8.59,0.21,0.05,0.26,1.9,26.0,432.0,50.0,85.1,267.0,25.0,130.0,197.0,43.0,23.8,344.0,42.0,,,,26,,Niclas,Füllkrug,Füllkrug,has joined AC Milan on loan for the rest of the season.,,407,0,0,1,11,0,0,0,0,0,0,5,19,,,,0.0,0.22,2.43,1.11,4.2,2,7,10
626,u,0.0,0.0,4.3,611,85.0,0,0.0,-2,2.0,0.5,256,41.0,2,0,1.0,461.0,58.0,0,0,0.0,560.0,56.0,0.0,0.5,0.0,63604,0,104030,499,0.0,0.0,0.13,0.0,0.13,1.55,0.2,0.0,0.2,2.41,1.2,488.0,58.0,0.1,482.0,61.0,7.0,415.0,58.0,0.8,478.0,59.0,,,,26,,Callum,Marshall,Marshall,has joined VfL Bochum 1848 on loan for the rest of the season.,,58,0,0,0,2,0,0,0,0,0,0,0,3,,,,0.0,0.0,3.1,0.0,4.66,0,2,1
659,a,,,4.2,629,143.0,0,0.0,-3,3.0,0.3,343,123.0,32,1,1.8,354.0,130.0,0,118,0.5,314.0,111.0,0.1,7.6,0.0,30109,186,51510,305,0.5,0.0,1.13,0.26,1.39,21.13,0.11,0.02,0.13,1.99,203.2,249.0,101.0,88.2,259.0,79.0,98.0,234.0,61.0,39.0,276.0,93.0,,,,26,,Kyle,Walker-Peters,Walker-Peters,,,954,1,0,1,22,0,0,0,2,0,0,10,95,,,,0.0,0.09,2.08,0.94,6.79,34,38,41
671,a,,,5.8,103,30.0,0,0.0,-2,2.0,0.6,246,38.0,62,1,2.8,234.0,26.0,7,227,1.0,277.0,38.0,0.2,10.7,0.0,201471,994,206683,1772,1.0,0.5,4.85,0.16,5.01,17.42,0.48,0.02,0.5,1.71,221.6,231.0,19.0,72.9,291.0,29.0,332.0,56.0,22.0,61.8,181.0,21.0,,,,26,,Callum,Wilson,Wilson,,,915,5,2,1,18,0,0,0,0,0,0,9,32,,,,0.0,0.1,1.77,0.89,3.15,3,7,22
679,a,,,4.2,637,35.0,0,0.0,-3,3.0,0.2,351,50.0,21,2,3.5,117.0,14.0,3,70,3.0,107.0,7.0,0.7,5.0,0.0,19827,1759,37107,323,3.0,2.5,0.0,0.01,0.01,7.35,0.0,0.0,0.0,1.22,129.4,312.0,24.0,0.0,619.0,79.0,0.0,591.0,66.0,12.9,389.0,24.0,,,,26,,Mads,Hermansen,Hermansen,,,540,0,0,2,12,0,0,0,0,0,16,6,34,,,,2.67,0.33,2.0,1.0,0.0,0,11,53
708,a,100.0,100.0,5.5,154,95.0,0,0.0,0,0.0,0.4,270,93.0,95,3,4.0,71.0,31.0,6,460,5.8,14.0,9.0,1.1,17.3,0.0,92842,5383,45188,1742,5.8,5.3,1.16,1.88,3.04,31.8,0.05,0.09,0.14,1.47,485.8,58.0,16.0,436.7,33.0,32.0,91.0,244.0,133.0,101.5,61.0,41.0,4.0,,,26,,Mateus Gonçalo,Espanha Fernandes,M.Fernandes,,,1943,3,3,3,34,0,0,0,4,0,0,23,254,,,,0.0,0.14,1.57,1.07,11.77,67,64,123
747,a,,,4.0,723,200.0,0,0.0,0,0.0,0.0,636,225.0,5,0,1.0,452.0,166.0,0,15,0.0,509.0,212.0,0.0,1.2,0.0,2329,54,1795,63,0.0,-0.5,0.12,0.44,0.56,2.8,0.1,0.35,0.45,2.25,21.2,438.0,165.0,33.8,361.0,126.0,9.0,399.0,146.0,6.4,433.0,156.0,,,,26,,Ezra,Mayers,Mayers,,,112,0,0,0,3,0,0,0,0,0,0,0,5,,,,0.0,0.0,2.41,0.0,4.02,0,5,6
752,a,,,4.0,734,211.0,0,0.0,0,0.0,0.0,660,231.0,0,0,0.0,628.0,244.0,0,0,0.0,516.0,219.0,0.0,0.0,0.0,1781,52,1530,56,0.0,-0.5,0.0,0.0,0.0,0.0,0.0,0.0,0.0,0.0,0.0,618.0,244.0,0.0,611.0,244.0,0.0,581.0,241.0,0.0,621.0,244.0,,,,26,,Airidas,Golambeckis,Golambeckis,,,0,0,0,0,0,0,0,0,0,0,0,0,0,,,,0.0,0.0,0.0,0.0,0.0,0,0,0
758,a,,,4.5,506,313.0,0,0.0,0,0.0,0.0,740,312.0,3,0,1.0,480.0,219.0,0,11,0.0,679.0,271.0,0.0,0.7,0.0,1566,42,954,38,0.0,-0.5,0.03,0.02,0.05,0.54,0.17,0.11,0.28,3.04,4.4,470.0,214.0,10.9,412.0,205.0,4.0,426.0,210.0,1.7,466.0,211.0,,,,26,,Mohamadou,Kanté,Mohamadou Kanté,,,16,0,0,0,0,0,0,0,0,0,0,0,4,,,,0.0,0.0,0.0,0.0,22.5,1,0,3
785,d,25.0,,5.5,153,40.0,0,0.0,0,0.0,0.0,704,88.0,8,0,1.6,394.0,47.0,0,21,1.2,260.0,34.0,0.2,1.5,0.0,4304,41,2810,286,0.3,0.7,0.34,0.07,0.41,3.74,0.12,0.03,0.15,1.35,19.6,443.0,52.0,53.4,324.0,35.0,21.0,374.0,55.0,9.4,408.0,50.0,,,,26,,Pablo Felipe,Pereira de Jesus,Pablo,Knock - 25% chance of playing,,250,0,0,0,4,0,0,0,0,0,0,3,25,,,,0.0,0.0,1.44,1.08,9.0,9,5,11
815,a,,,4.5,420,80.0,0,0.0,0,0.0,0.1,518,183.0,8,2,4.0,63.0,26.0,0,40,4.0,53.0,18.0,0.9,1.8,0.0,10885,1585,1224,506,4.0,3.5,0.02,0.0,0.02,1.91,0.01,0.0,0.01,0.96,30.8,424.0,160.0,11.1,410.0,149.0,9.0,400.0,147.0,5.1,441.0,159.0,,,,26,,Axel,Disasi,Disasi,,,180,0,0,1,1,0,0,0,0,0,0,2,13,,,,0.0,0.5,0.5,1.0,6.5,0,13,3
627,a,,,4.4,520,26.0,0,0.0,-1,1.0,0.1,425,64.0,21,0,1.8,357.0,28.0,0,117,0.0,571.0,86.0,0.0,4.8,0.0,19424,175,23532,186,-0.5,-2.0,0.0,0.02,0.02,18.59,0.0,0.0,0.0,1.55,308.0,164.0,20.0,0.1,483.0,14.0,0.0,624.0,71.0,30.8,318.0,21.0,,,,26,,Sam,Johnstone,Johnstone,,,1080,0,0,0,24,1,0,0,0,0,39,12,71,,,,3.25,0.0,2.0,1.0,0.0,2,24,107
628,a,,,4.2,628,33.0,0,0.0,-3,3.0,1.2,178,22.0,42,12,3.0,184.0,16.0,5,180,3.2,89.0,5.0,0.8,10.0,0.0,89421,2738,173040,1216,2.7,4.4,0.0,0.03,0.03,20.12,0.0,0.0,0.0,1.44,305.8,166.0,21.0,10.0,416.0,5.0,0.0,589.0,64.0,31.8,312.0,20.0,,,,26,,José,Malheiro de Sá,José Sá,,,1260,0,0,3,24,0,0,0,1,0,36,14,40,,,,2.57,0.21,1.71,1.0,0.0,0,25,124
629,a,100.0,100.0,3.9,740,70.0,0,0.0,-1,1.0,0.5,262,34.0,0,0,0.0,536.0,38.0,0,0,0.0,415.0,29.0,0.0,0.0,0.0,17768,401,50162,247,-0.5,-2.0,0.0,0.0,0.0,0.0,0.0,0.0,0.0,0.0,0.0,526.0,38.0,0.0,516.0,23.0,0.0,481.0,9.0,0.0,529.0,38.0,,,,26,,Daniel,Bentley,Bentley,,,0,0,0,0,0,0,0,0,0,0,0,0,0,,,,0.0,0.0,0.0,0.0,0.0,0,0,0
631,u,0.0,0.0,4.2,642,153.0,0,0.0,-3,3.0,0.1,447,164.0,23,0,1.6,379.0,142.0,0,86,0.6,307.0,108.0,0.1,5.5,0.0,24605,0,62863,127,0.0,0.0,0.57,0.4,0.97,18.26,0.05,0.03,0.08,1.49,312.2,156.0,68.0,76.0,287.0,93.0,75.0,264.0,76.0,46.4,239.0,79.0,,5.0,,26,,Emmanuel,Agbadou,Agbadou,has joined Besiktas permanently.,,1100,0,0,0,29,0,0,0,1,1,0,12,156,,,,0.0,0.0,2.37,0.98,10.23,32,93,65
632,a,100.0,100.0,4.4,519,100.0,0,0.0,-1,1.0,0.1,498,177.0,11,0,1.2,436.0,157.0,0,43,0.0,570.0,233.0,0.0,2.5,0.0,6271,46,20068,91,-0.5,-2.0,0.09,0.19,0.28,12.04,0.01,0.03,0.04,1.68,110.6,329.0,124.0,50.4,331.0,113.0,18.0,379.0,133.0,18.0,368.0,129.0,,,,26,,Matt,Doherty,Doherty,,,644,0,0,1,14,0,0,0,4,0,0,9,63,,,,0.0,0.14,1.96,1.26,7.27,13,39,25
633,a,100.0,100.0,4.3,595,137.0,0,0.0,-2,2.0,0.2,355,126.0,54,1,2.3,291.0,109.0,4,216,1.0,264.0,94.0,0.2,12.6,0.0,44918,143,28986,1139,0.5,0.0,0.46,2.2,2.66,24.13,0.03,0.13,0.16,1.38,345.0,128.0,56.0,436.3,34.0,2.0,125.0,204.0,49.0,90.9,84.0,20.0,2.0,,,26,,Hugo,Bueno López,H.Bueno,,,1575,0,2,3,27,0,0,0,1,0,0,17,145,,,,0.0,0.17,1.54,0.97,6.46,41,72,79
638,u,0.0,0.0,3.8,794,243.0,0,0.0,-2,2.0,1.0,187,70.0,10,0,1.2,433.0,154.0,0,38,0.0,396.0,151.0,0.0,2.6,0.0,121813,0,253989,1789,0.0,0.0,0.02,0.36,0.38,9.36,0.0,0.08,0.08,1.99,101.4,336.0,128.0,87.8,261.0,81.0,13.0,386.0,138.0,20.3,360.0,124.0,,,,26,,Ki-Jana,Hoever,Hoever,has joined Sheffield United on loan for the rest of the season.,,423,0,0,0,13,0,0,0,0,0,0,6,46,,,,0.0,0.0,2.77,1.28,8.51,13,27,16
546,a,100.0,100.0,4.9,348,217.0,0,0.0,-1,1.0,0.0,690,285.0,0,0,0.0,776.0,337.0,0,0,0.0,737.0,311.0,0.0,0.0,0.0,402,15,3416,10,0.0,-0.5,0.0,0.0,0.0,0.0,0.0,0.0,0.0,0.0,0.0,775.0,336.0,0.0,772.0,337.0,0.0,767.0,335.0,0.0,776.0,337.0,,,,26,,Milan,Aleksić,Aleksić,,,0,0,0,0,0,0,0,0,0,0,0,0,0,,,,0.0,0.0,0.0,0.0,0.0,0,0,0
520,u,0.0,0.0,5.0,254,155.0,0,0.0,0,0.0,0.0,813,363.0,0,0,0.0,780.0,340.0,0,0,0.0,742.0,314.0,0.0,0.0,0.0,0,0,117,0,0.0,0.0,0.0,0.0,0.0,0.0,0.0,0.0,0.0,0.0,0.0,779.0,339.0,0.0,777.0,340.0,0.0,774.0,338.0,0.0,780.0,340.0,,,,26,,Lewis,O'Brien,O'Brien,Has joined Wrexham permanently.,,0,0,0,0,0,0,0,0,0,0,0,0,0,,,,0.0,0.0,0.0,0.0,0.0,0,0,0
613,a,100.0,100.0,5.7,116,73.0,0,0.0,-3,3.0,0.3,339,116.0,61,9,2.7,244.0,100.0,6,238,4.0,60.0,31.0,0.7,10.7,0.0,33425,1969,105895,338,4.0,3.5,3.2,0.36,3.56,23.31,0.25,0.03,0.28,1.8,301.4,174.0,67.0,107.9,227.0,144.0,274.0,77.0,46.0,68.4,150.0,81.0,,,,26,,Tomáš,Souček,Souček,,,1166,3,2,2,28,0,0,0,1,1,0,12,130,,,,0.0,0.15,2.16,0.93,10.03,21,70,39
652,a,,,4.3,614,360.0,0,0.0,-2,2.0,1.3,167,54.0,0,0,0.0,654.0,250.0,0,0,0.0,563.0,190.0,0.0,0.0,0.0,191993,1391,233943,1400,-0.5,-2.0,0.0,0.0,0.0,0.0,0.0,0.0,0.0,0.0,0.0,644.0,240.0,0.0,641.0,246.0,0.0,617.0,235.0,0.0,647.0,243.0,,,,26,,Enso,González Medina,Gonzalez,,,0,0,0,0,0,0,0,0,0,0,0,0,0,,,,0.0,0.0,0.0,0.0,0.0,0,0,0
709,a,100.0,100.0,4.5,427,84.0,0,0.0,0,0.0,0.1,524,186.0,55,8,2.8,220.0,86.0,0,190,2.0,186.0,69.0,0.4,12.2,0.0,23203,235,17169,239,1.5,2.0,1.97,1.27,3.24,26.77,0.1,0.07,0.17,1.41,403.6,92.0,41.0,112.8,218.0,56.0,200.0,115.0,20.0,71.8,137.0,44.0,,,,26,,Ladislav,Krejcí,Krejčí,,,1707,2,1,3,32,1,0,0,2,0,0,19,158,,,,0.0,0.16,1.69,1.0,7.12,18,117,53
720,a,,,5.4,177,44.0,0,0.0,-1,1.0,0.3,326,54.0,47,2,2.1,318.0,36.0,4,146,2.6,144.0,20.0,0.5,8.7,0.0,59118,537,26143,2192,2.1,3.2,2.92,0.31,3.23,16.47,0.26,0.03,0.29,1.46,143.0,295.0,28.0,136.3,198.0,18.0,360.0,47.0,19.0,63.2,173.0,20.0,,2.0,,26,,Tolu,Arokodare,Tolu,,,1018,2,1,3,22,0,0,0,1,0,0,11,53,,,,0.0,0.27,1.94,0.97,4.69,5,28,20
778,a,,,4.5,487,298.0,0,0.0,0,0.0,0.0,755,322.0,0,0,0.0,732.0,304.0,0,0,0.0,663.0,258.0,0.0,0.0,0.0,1126,39,578,44,-0.5,-2.0,0.0,0.0,0.0,0.0,0.0,0.0,0.0,0.0,0.0,730.0,302.0,0.0,725.0,303.0,0.0,711.0,299.0,0.0,731.0,303.0,,,,26,,Ethan,Sutherland,Sutherland,,,0,0,0,0,0,0,0,0,0,0,0,0,0,,,,0.0,0.0,0.0,0.0,0.0,0,0,0
13,a,,,3.8,808,257.0,0,0.0,-2,2.0,0.4,272,101.0,0,0,0.0,528.0,195.0,0,0,0.0,407.0,162.0,0.0,0.0,0.0,51375,149,77075,367,1.0,2.5,0.0,0.0,0.0,0.0,0.0,0.0,0.0,0.0,0.0,518.0,195.0,0.0,507.0,195.0,0.0,472.0,187.0,0.0,521.0,195.0,,,,26,,Brayden,Clarke,Clarke,,,0,0,0,0,0,0,0,0,0,0,0,0,0,,,,0.0,0.0,0.0,0.0,0.0,0,0,0
768,a,,,4.0,735,212.0,0,0.0,0,0.0,0.0,719,247.0,0,0,0.0,629.0,245.0,0,0,0.0,517.0,220.0,0.0,0.0,0.0,570,43,431,39,0.0,0.0,0.0,0.0,0.0,0.0,0.0,0.0,0.0,0.0,0.0,619.0,245.0,0.0,612.0,245.0,0.0,582.0,242.0,0.0,622.0,245.0,,,,26,,Leon,Routh,Leon Routh,,,0,0,0,0,0,0,0,0,0,0,0,0,0,,,,0.0,0.0,0.0,0.0,0.0,0,0,0
85,a,100.0,50.0,4.9,301,188.0,0,0.0,-1,1.0,0.3,335,115.0,50,0,3.3,140.0,62.0,3,245,0.0,713.0,295.0,0.0,10.2,0.0,77167,299,92275,145,0.0,0.0,0.56,0.32,0.88,17.78,0.04,0.02,0.06,1.34,266.2,197.0,81.0,74.0,290.0,168.0,105.0,226.0,125.0,44.7,248.0,125.0,,,,26,,Tyler,Adams,Adams,,,1196,2,1,4,23,0,0,0,5,0,0,15,146,,,,0.0,0.3,1.73,1.13,10.99,35,50,61
8,a,100.0,100.0,6.4,60,2.0,0,0.0,9,-9.0,31.1,10,3.0,123,2,4.9,17.0,6.0,7,448,2.8,139.0,48.0,0.4,19.2,0.0,6413500,23119,3218289,41014,3.8,8.1,4.3,1.21,5.51,13.95,0.19,0.05,0.24,0.6,414.0,87.0,39.0,323.2,69.0,15.0,338.0,55.0,1.0,107.9,48.0,4.0,,,,26,,Jurriën,Timber,J.Timber,,,2089,2,4,12,16,0,0,0,4,0,0,23,151,,,,0.0,0.52,0.69,0.99,5.21,55,66,83
9,u,0.0,0.0,5.4,174,20.0,0,0.0,-1,1.0,0.0,589,210.0,0,0,0.0,799.0,265.0,0,0,0.0,779.0,263.0,0.0,0.0,0.0,1119,0,10883,5,0.0,0.0,0.0,0.0,0.0,0.0,0.0,0.0,0.0,0.0,0.0,799.0,265.0,0.0,798.0,265.0,0.0,796.0,265.0,0.0,799.0,265.0,,,,26,,Jakub,Kiwior,Kiwior,has joined Porto on loan for the rest of the season.,,0,0,0,0,0,0,0,0,0,0,0,0,0,,,,0.0,0.0,0.0,0.0,0.0,0,0,0
10,a,,,5.1,238,35.0,0,0.0,-4,4.0,1.4,160,63.0,12,0,0.9,503.0,174.0,0,36,0.0,761.0,259.0,0.0,2.4,0.0,133163,619,461348,1144,1.0,2.5,0.05,0.06,0.11,5.26,0.01,0.02,0.03,1.52,31.2,423.0,159.0,45.5,342.0,118.0,18.0,380.0,134.0,9.4,407.0,146.0,,,,26,,Myles,Lewis-Skelly,Lewis-Skelly,,,311,0,0,0,5,0,0,0,3,0,0,1,21,,,,0.0,0.0,1.45,0.29,4.05,4,10,14
11,a,100.0,100.0,5.1,226,30.0,0,0.0,-4,4.0,0.5,258,96.0,30,0,4.3,40.0,15.0,3,112,0.2,374.0,137.0,0.0,5.9,0.0,346201,735,398610,1225,1.2,2.9,0.43,0.49,0.92,6.13,0.09,0.11,0.2,1.35,111.4,328.0,123.0,92.7,254.0,75.0,46.0,315.0,100.0,25.0,339.0,117.0,,,,26,,Benjamin,White,White,,,409,0,1,3,4,0,0,0,0,0,0,5,40,,,,0.0,0.66,0.88,1.1,7.92,13,23,18
193,a,100.0,100.0,3.9,758,220.0,0,0.0,-1,1.0,0.1,436,161.0,30,4,3.0,182.0,71.0,1,129,2.0,180.0,64.0,0.5,7.7,0.0,16656,278,12349,236,1.0,1.5,0.22,0.47,0.69,16.32,0.02,0.05,0.07,1.84,202.8,250.0,102.0,66.6,297.0,98.0,46.0,313.0,99.0,31.4,313.0,106.0,,,,26,,Bashir,Humphreys,Humphreys,,,797,0,2,1,17,0,0,0,3,0,0,8,75,,,,0.0,0.11,1.92,0.9,8.47,17,58,31
19,a,100.0,100.0,6.8,48,30.0,0,0.0,-2,2.0,1.1,183,61.0,38,1,1.9,353.0,156.0,1,131,1.8,221.0,93.0,0.3,5.6,0.0,181818,1289,233425,3144,2.8,6.1,2.79,0.78,3.57,5.73,0.41,0.11,0.52,0.84,133.2,307.0,139.0,99.1,246.0,153.0,266.0,83.0,51.0,49.3,230.0,116.0,,,,26,,Gabriel,Martinelli Silva,Martinelli,,,613,1,3,2,3,0,0,0,2,0,0,7,42,,,,0.0,0.29,0.44,1.03,6.17,8,9,25
756,a,,,4.5,514,318.0,0,0.0,0,0.0,0.0,743,314.0,0,0,0.0,751.0,319.0,0,0,0.0,687.0,276.0,0.0,0.0,0.0,1540,47,933,27,0.0,0.0,0.0,0.0,0.0,0.0,0.0,0.0,0.0,0.0,0.0,750.0,318.0,0.0,745.0,319.0,0.0,732.0,316.0,0.0,751.0,319.0,,,,26,,Malcom,DaCosta,DaCosta,,,0,0,0,0,0,0,0,0,0,0,0,0,0,,,,0.0,0.0,0.0,0.0,0.0,0,0,0
799,a,,,4.5,511,315.0,0,0.0,0,0.0,0.0,786,344.0,0,0,0.0,749.0,317.0,0,0,0.0,684.0,273.0,0.0,0.0,0.0,423,62,114,33,0.0,0.0,0.0,0.0,0.0,0.0,0.0,0.0,0.0,0.0,0.0,748.0,316.0,0.0,743.0,317.0,0.0,729.0,313.0,0.0,749.0,317.0,,,,26,,Charlie,Stevens,Stevens,,,0,0,0,0,0,0,0,0,0,0,0,0,0,,,,0.0,0.0,0.0,0.0,0.0,0,0,0
630,a,,,3.9,745,74.0,0,0.0,-1,1.0,1.3,168,21.0,0,0,0.0,540.0,42.0,0,0,0.0,420.0,33.0,0.0,0.0,0.0,69671,428,95967,680,-0.5,0.0,0.0,0.0,0.0,0.0,0.0,0.0,0.0,0.0,0.0,530.0,42.0,0.0,520.0,27.0,0.0,485.0,13.0,0.0,533.0,42.0,,,,26,,Tom,King,King,,,0,0,0,0,0,0,0,0,0,0,0,0,0,,,,0.0,0.0,0.0,0.0,0.0,0,0,0
223,a,,,3.9,761,82.0,0,0.0,-1,1.0,0.1,462,70.0,0,0,0.0,551.0,50.0,0,0,0.0,431.0,41.0,0.0,0.0,0.0,9869,35,12293,103,1.0,0.5,0.0,0.0,0.0,0.0,0.0,0.0,0.0,0.0,0.0,541.0,50.0,0.0,531.0,35.0,0.0,496.0,21.0,0.0,544.0,50.0,,,,26,,Gabriel,Słonina,Slonina,,,0,0,0,0,0,0,0,0,0,0,0,0,0,,,,0.0,0.0,0.0,0.0,0.0,0,0,0
358,a,100.0,100.0,4.8,364,227.0,0,0.0,-2,2.0,0.2,369,124.0,43,0,2.1,314.0,136.0,2,166,0.2,366.0,160.0,0.0,9.0,0.0,51718,223,58419,767,0.2,-0.3,0.83,0.61,1.44,13.29,0.1,0.07,0.17,1.62,140.0,300.0,133.0,127.1,205.0,136.0,78.0,260.0,140.0,34.5,296.0,147.0,,,,26,,Tanaka,Ao,Tanaka,,,737,2,0,2,16,0,0,0,1,0,0,7,83,,,,0.0,0.24,1.95,0.85,10.14,17,20,46
359,u,0.0,0.0,4.5,461,278.0,0,0.0,0,0.0,0.0,787,345.0,0,0,0.0,714.0,291.0,0,0,0.0,639.0,239.0,0.0,0.0,0.0,0,0,965,0,0.0,0.0,0.0,0.0,0.0,0.0,0.0,0.0,0.0,0.0,0.0,709.0,286.0,0.0,706.0,289.0,0.0,689.0,282.0,0.0,711.0,288.0,,,,26,,Charlie,Crew,Crew,Has joined Doncaster Rovers on loan for the rest of the season.,,0,0,0,0,0,0,0,0,0,0,0,0,0,,,,0.0,0.0,0.0,0.0,0.0,0,0,0
371,a,,,5.6,133,15.0,0,0.0,-4,4.0,2.9,109,44.0,59,0,2.5,272.0,105.0,4,265,1.5,237.0,86.0,0.3,10.5,0.0,318380,3885,788622,3311,2.0,2.0,0.95,0.61,1.56,22.25,0.05,0.03,0.08,1.17,355.0,118.0,52.0,362.2,52.0,7.0,110.0,219.0,56.0,82.9,107.0,32.0,,,,26,,Milos,Kerkez,Kerkez,,,1715,1,1,4,27,0,0,0,4,0,0,21,140,,,,0.0,0.21,1.42,1.1,5.98,36,78,66
372,a,,,5.7,114,10.0,0,0.0,-3,3.0,1.0,193,76.0,33,8,2.2,307.0,114.0,4,142,2.2,174.0,62.0,0.4,5.8,0.0,54830,1129,131523,546,2.7,2.7,0.22,0.91,1.12,8.1,0.03,0.13,0.16,1.16,130.0,309.0,117.0,220.6,127.0,33.0,61.0,292.0,87.0,41.3,269.0,90.0,,,,26,,Andrew,Robertson,Robertson,,,628,0,0,3,8,0,0,0,0,0,0,5,42,,,,0.0,0.43,1.15,0.72,4.59,10,22,27
247,d,50.0,0.0,4.3,596,348.0,0,0.0,-2,2.0,0.1,580,216.0,0,0,0.0,643.0,241.0,0,0,0.0,547.0,178.0,0.0,0.0,0.0,11681,121,13671,82,0.5,0.0,0.0,0.0,0.0,0.0,0.0,0.0,0.0,0.0,0.0,633.0,231.0,0.0,629.0,237.0,0.0,603.0,224.0,0.0,636.0,234.0,,,,26,,Dário,Luís Essugo,D.Essugo,Knock - 50% chance of playing,,0,0,0,0,0,0,0,0,0,0,0,0,0,,,,0.0,0.0,0.0,0.0,0.0,0,0,0
379,a,,,3.7,813,261.0,0,0.0,-3,3.0,0.6,232,87.0,0,0,0.0,512.0,180.0,0,0,0.0,384.0,140.0,0.0,0.0,0.0,84067,3894,38852,2276,0.5,0.5,0.0,0.0,0.0,0.0,0.0,0.0,0.0,0.0,0.0,501.0,179.0,0.0,487.0,176.0,0.0,451.0,167.0,0.0,504.0,179.0,,,,26,,Rhys,Williams,R.Williams,,,0,0,0,0,0,0,0,0,0,0,0,0,0,,,,0.0,0.0,0.0,0.0,0.0,0,0,0
780,a,,,4.5,507,73.0,0,0.0,0,0.0,0.0,669,85.0,0,0,0.0,747.0,82.0,0,0,0.0,680.0,72.0,0.0,0.0,0.0,2432,293,841,139,0.5,0.5,0.0,0.0,0.0,0.0,0.0,0.0,0.0,0.0,0.0,746.0,82.0,0.0,741.0,81.0,0.0,727.0,81.0,0.0,747.0,82.0,,,,26,,Ben,Casey,Casey,,,0,0,0,0,0,0,0,0,0,0,0,0,0,,,,0.0,0.0,0.0,0.0,0.0,0,0,0
416,a,100.0,100.0,6.2,71,47.0,0,0.0,-3,3.0,0.6,247,85.0,66,0,2.5,276.0,118.0,1,338,4.5,37.0,23.0,0.7,10.6,0.0,85688,3118,124725,1492,5.0,5.0,1.24,2.72,3.96,24.48,0.06,0.13,0.19,1.16,313.4,155.0,56.0,470.6,26.0,25.0,134.0,185.0,103.0,91.8,82.0,49.0,5.0,,,26,,Bernardo,Mota Veiga de Carvalho e Silva,Bernardo,,,1898,1,4,8,20,0,0,0,7,0,0,22,170,,,,0.0,0.38,0.95,1.04,8.06,29,43,98
501,a,,,4.3,617,86.0,0,0.0,-2,2.0,0.3,342,57.0,0,0,0.0,656.0,67.0,0,0,0.0,565.0,57.0,0.0,0.0,0.0,24171,613,34125,418,-0.5,0.0,0.0,0.0,0.0,0.0,0.0,0.0,0.0,0.0,0.0,646.0,67.0,0.0,643.0,66.0,0.0,619.0,66.0,0.0,649.0,67.0,,,,26,,Sean,Neave,Neave,,,0,0,0,0,0,0,0,0,0,0,0,0,0,,,,0.0,0.0,0.0,0.0,0.0,0,0,0
495,u,0.0,0.0,4.5,411,251.0,0,0.0,0,0.0,0.0,763,327.0,0,0,0.0,688.0,269.0,0,0,0.0,607.0,215.0,0.0,0.0,0.0,0,0,1606,0,0.0,0.0,0.0,0.0,0.0,0.0,0.0,0.0,0.0,0.0,0.0,682.0,263.0,0.0,677.0,267.0,0.0,657.0,259.0,0.0,685.0,266.0,,,,26,,Isaac,Hayden,Hayden,Has departed the club as a free agent.,,0,0,0,0,0,0,0,0,0,0,0,0,0,,,,0.0,0.0,0.0,0.0,0.0,0,0,0
718,a,,,5.0,276,171.0,0,0.0,0,0.0,0.0,656,264.0,34,1,2.3,292.0,127.0,2,162,0.2,371.0,163.0,0.0,6.8,0.0,5191,38,4426,62,0.2,-0.3,0.31,0.3,0.61,15.06,0.04,0.04,0.08,1.82,157.0,288.0,127.0,76.8,285.0,166.0,37.0,332.0,175.0,27.1,331.0,158.0,,,,26,,Soungoutou,Magassa,S.Magassa,,,743,1,0,1,19,0,0,0,2,0,0,9,103,,,,0.0,0.12,2.3,1.09,12.48,35,25,43
738,d,25.0,25.0,4.5,405,20.0,0,0.0,0,0.0,0.0,631,79.0,0,0,0.0,685.0,91.0,0,0,0.0,604.0,87.0,0.0,0.0,0.0,5774,21,5402,54,0.0,-0.1,0.0,0.0,0.0,0.0,0.0,0.0,0.0,0.0,0.0,679.0,91.0,0.0,674.0,83.0,0.0,654.0,72.0,0.0,682.0,91.0,,,,26,,Lukasz,Fabianski,Fabianski,Back injury - 25% chance of playing,,0,0,0,0,0,0,0,0,0,0,0,0,0,,,,0.0,0.0,0.0,0.0,0.0,0,0,0
648,u,0.0,0.0,5.3,198,123.0,0,0.0,-2,2.0,0.0,624,243.0,38,0,2.9,207.0,85.0,1,131,0.0,770.0,335.0,0.0,7.2,0.0,19177,0,22998,33,0.0,0.0,1.64,0.38,2.02,13.36,0.17,0.04,0.21,1.38,163.6,276.0,119.0,61.8,312.0,176.0,196.0,119.0,69.0,42.1,261.0,130.0,,,,26,,Marshall,Munetsi,Munetsi,has joined Paris FC on loan for the rest of the season.,,872,1,2,0,19,0,0,0,2,0,0,9,80,,,,0.0,0.0,1.96,0.93,8.26,21,39,20
649,u,0.0,0.0,5.0,263,160.0,0,0.0,0,0.0,0.0,812,362.0,0,0,0.0,782.0,342.0,0,0,0.0,745.0,317.0,0.0,0.0,0.0,0,0,161,0,0.0,0.0,0.0,0.0,0.0,0.0,0.0,0.0,0.0,0.0,0.0,781.0,341.0,0.0,780.0,342.0,0.0,776.0,340.0,0.0,782.0,342.0,,,,26,,Boubacar,Traoré,B.Traore,Has joined FC Metz on loan for the rest of the season.,,0,0,0,0,0,0,0,0,0,0,0,0,0,,,,0.0,0.0,0.0,0.0,0.0,0,0,0
650,u,0.0,0.0,4.3,598,350.0,0,0.0,-2,2.0,0.2,365,122.0,2,0,1.0,459.0,200.0,0,4,0.0,549.0,180.0,0.0,0.5,0.0,30885,0,47291,255,0.0,0.0,0.0,0.0,0.0,0.5,0.0,0.0,0.0,1.8,3.2,475.0,218.0,0.3,477.0,231.0,0.0,605.0,226.0,0.4,486.0,223.0,,,,26,,Tawanda,Chirewa,Chirewa,has joined Barnsley on loan for the rest of the season.,,25,0,0,0,0,0,0,0,0,0,0,0,4,,,,0.0,0.0,0.0,0.0,14.4,2,1,1
653,u,0.0,0.0,4.5,424,254.0,0,0.0,0,0.0,0.0,661,267.0,0,0,0.0,694.0,272.0,0,0,0.0,615.0,218.0,0.0,0.0,0.0,0,0,5721,16,0.0,0.0,0.0,0.0,0.0,0.0,0.0,0.0,0.0,0.0,0.0,688.0,266.0,0.0,684.0,270.0,0.0,665.0,262.0,0.0,691.0,269.0,,,,26,,Joe,Hodge,Hodge,Signed by CD Tondela,,0,0,0,0,0,0,0,0,0,0,0,0,0,,,,0.0,0.0,0.0,0.0,0.0,0,0,0
32,a,100.0,100.0,5.0,243,7.0,0,0.0,0,0.0,4.0,83,15.0,92,8,4.2,52.0,1.0,10,390,6.5,9.0,1.0,1.3,18.4,0.0,798226,42613,553488,3660,6.5,6.5,0.0,0.05,0.05,27.95,0.0,0.0,0.0,1.3,501.8,52.0,12.0,3.1,446.0,12.0,0.0,770.0,88.0,50.5,225.0,12.0,,,,26,,Emiliano,Martínez Romero,Martinez,,,1935,0,0,6,19,0,1,0,2,0,65,22,78,,,,3.02,0.28,0.88,1.02,0.0,0,22,190
35,u,0.0,0.0,4.0,682,52.0,0,0.0,0,0.0,0.0,748,84.0,0,0,0.0,588.0,71.0,0,0,0.0,472.0,63.0,0.0,0.0,0.0,0,0,1252,7,0.0,0.0,0.0,0.0,0.0,0.0,0.0,0.0,0.0,0.0,0.0,578.0,71.0,0.0,571.0,59.0,0.0,538.0,45.0,0.0,581.0,71.0,,,,26,,Filip,Marschall,Marschall,Has joined Stevenage permanently.,,0,0,0,0,0,0,0,0,0,0,0,0,0,,,,0.0,0.0,0.0,0.0,0.0,0,0,0
80,i,0.0,0.0,4.0,714,192.0,0,0.0,0,0.0,0.2,375,136.0,3,0,1.0,451.0,165.0,0,2,0.0,500.0,204.0,0.0,0.8,0.0,17294,12,32287,352,0.0,0.0,0.0,0.0,0.0,1.62,0.0,0.0,0.0,4.29,1.8,483.0,173.0,2.5,448.0,163.0,2.0,434.0,161.0,0.6,482.0,170.0,,,,26,,Julio,Soler Barreto,Soler,Hamstring injury - Expected back 01 Jun,,34,0,0,0,2,0,0,0,0,0,0,0,1,,,,0.0,0.0,5.29,0.0,2.65,1,0,4
86,a,100.0,100.0,5.0,244,149.0,0,0.0,0,0.0,0.2,392,131.0,44,0,2.1,315.0,137.0,4,172,0.2,370.0,162.0,0.0,8.8,0.0,71391,413,77179,245,0.2,0.2,4.41,2.8,7.21,14.15,0.42,0.27,0.69,1.35,192.8,258.0,108.0,299.0,86.0,64.0,381.0,39.0,24.0,85.8,99.0,58.0,5.0,3.0,,26,,David,Brooks,Brooks,,,945,1,2,4,17,0,0,0,7,0,0,11,74,,,,0.0,0.38,1.62,1.05,7.05,15,15,44
138,a,,,4.2,624,31.0,0,0.0,-3,3.0,0.2,346,49.0,0,0,0.0,632.0,87.0,0,0,0.0,523.0,80.0,0.0,0.0,0.0,9894,127,38706,137,0.0,0.0,0.0,0.0,0.0,0.0,0.0,0.0,0.0,0.0,0.0,622.0,87.0,0.0,616.0,76.0,0.0,586.0,62.0,0.0,625.0,87.0,,,,26,,Jason,Steele,Steele,,,0,0,0,0,0,0,0,0,0,0,0,0,0,,,,0.0,0.0,0.0,0.0,0.0,0,0,0
170,a,100.0,100.0,4.9,285,178.0,0,0.0,-1,1.0,0.1,468,162.0,24,2,1.6,385.0,168.0,0,96,0.8,292.0,126.0,0.2,4.9,0.0,17932,146,22900,86,0.8,0.8,0.93,0.57,1.5,7.22,0.22,0.14,0.36,1.73,100.6,337.0,152.0,104.2,239.0,149.0,48.0,312.0,165.0,25.1,337.0,162.0,5.0,,1.0,26,,James,Milner,Milner,,,375,1,1,0,12,0,0,0,2,0,0,2,40,,,,0.0,0.0,2.88,0.48,9.6,7,13,20
171,u,0.0,0.0,4.9,328,204.0,0,0.0,-1,1.0,0.0,697,290.0,0,0,0.0,771.0,334.0,0,0,0.0,727.0,304.0,0.0,0.0,0.0,197,0,2953,6,0.0,0.0,0.0,0.0,0.0,0.0,0.0,0.0,0.0,0.0,0.0,770.0,333.0,0.0,767.0,334.0,0.0,761.0,332.0,0.0,771.0,334.0,,,,26,,Jeremy,Sarmiento Morante,Sarmiento,has joined Middlesbrough on loan for the rest of the season.,,0,0,0,0,0,0,0,0,0,0,0,0,0,,,,0.0,0.0,0.0,0.0,0.0,0,0,0
177,u,0.0,0.0,4.5,454,271.0,0,0.0,0,0.0,0.0,694,287.0,0,0,0.0,709.0,286.0,0,0,0.0,634.0,234.0,0.0,0.0,0.0,490,0,5085,4,0.0,0.0,0.0,0.0,0.0,0.0,0.0,0.0,0.0,0.0,0.0,704.0,281.0,0.0,701.0,284.0,0.0,684.0,277.0,0.0,706.0,283.0,,,,26,,Andrew,Moran,Moran,Has joined Los Angeles FC on loan for the rest of the season.,,0,0,0,0,0,0,0,0,0,0,0,0,0,,,,0.0,0.0,0.0,0.0,0.0,0,0,0
178,a,100.0,100.0,6.1,78,24.0,-1,1.0,-4,4.0,3.6,91,15.0,73,2,2.9,214.0,23.0,8,281,1.6,228.0,28.0,0.3,12.0,0.0,1972272,3851,2103018,11209,1.6,1.6,8.36,0.75,9.11,21.11,0.52,0.05,0.57,1.32,328.6,140.0,12.0,199.3,145.0,10.0,414.0,29.0,15.0,93.6,77.0,14.0,,2.0,2.0,26,,Danny,Welbeck,Welbeck,,,1444,8,0,5,20,0,0,2,4,0,0,16,69,,,,0.0,0.31,1.25,1.0,4.3,16,22,31
179,u,0.0,0.0,5.5,151,39.0,0,0.0,0,0.0,0.0,752,91.0,0,0,0.0,805.0,88.0,0,0,0.0,787.0,83.0,0.0,0.0,0.0,0,0,1557,1,0.0,0.0,0.0,0.0,0.0,0.0,0.0,0.0,0.0,0.0,0.0,805.0,88.0,0.0,804.0,88.0,0.0,802.0,88.0,0.0,805.0,88.0,,,,26,,Evan,Ferguson,Ferguson,Has joined AS Roma on loan for the rest of the season,,0,0,0,0,0,0,0,0,0,0,0,0,0,,,,0.0,0.0,0.0,0.0,0.0,0,0,0
15,a,,,3.7,814,262.0,0,0.0,-3,3.0,0.2,366,133.0,0,0,0.0,513.0,181.0,0,0,0.0,385.0,141.0,0.0,0.0,0.0,22318,1805,26501,510,1.0,2.5,0.0,0.0,0.0,0.0,0.0,0.0,0.0,0.0,0.0,502.0,180.0,0.0,488.0,177.0,0.0,452.0,168.0,0.0,505.0,180.0,,,,26,,Josh,Nichols,Nichols,,,0,0,0,0,0,0,0,0,0,0,0,0,0,,,,0.0,0.0,0.0,0.0,0.0,0,0,0
222,u,0.0,0.0,4.0,709,64.0,0,0.0,0,0.0,0.0,793,90.0,0,0,0.0,609.0,83.0,0,0,0.0,495.0,75.0,0.0,0.0,0.0,0,0,339,0,0.0,0.0,0.0,0.0,0.0,0.0,0.0,0.0,0.0,0.0,0.0,599.0,83.0,0.0,592.0,71.0,0.0,560.0,57.0,0.0,602.0,83.0,,,,26,,Mike,Penders,Penders,Has joined RC Strasbourg on loan for the rest of the season.,,0,0,0,0,0,0,0,0,0,0,0,0,0,,,,0.0,0.0,0.0,0.0,0.0,0,0,0
2,a,,,4.1,650,36.0,0,0.0,-4,4.0,0.4,281,37.0,0,0,0.0,630.0,85.0,0,0,0.0,518.0,77.0,0.0,0.0,0.0,14023,174,75513,268,1.0,2.5,0.0,0.0,0.0,0.0,0.0,0.0,0.0,0.0,0.0,620.0,85.0,0.0,613.0,73.0,0.0,583.0,59.0,0.0,623.0,85.0,,,,26,,Kepa,Arrizabalaga Revuelta,Arrizabalaga,,,0,0,0,0,0,0,0,0,0,0,0,0,0,,,,0.0,0.0,0.0,0.0,0.0,0,0,0
17,d,75.0,50.0,7.8,18,13.0,0,0.0,-2,2.0,1.7,145,48.0,58,1,3.1,180.0,79.0,5,236,1.8,222.0,94.0,0.2,7.4,0.0,374594,467,624072,5537,2.1,3.0,1.01,2.9,3.91,12.31,0.09,0.25,0.34,1.05,241.8,212.0,92.0,422.9,37.0,35.0,144.0,175.0,99.0,80.7,113.0,63.0,4.0,,3.0,26,,Martin,Ødegaard,Ødegaard,Knock - 75% chance of playing,,1057,1,5,4,11,0,0,0,0,0,0,13,80,,,,0.0,0.34,0.94,1.11,6.81,17,13,50
18,a,100.0,100.0,6.8,47,29.0,0,0.0,-2,2.0,1.5,154,50.0,48,11,2.8,236.0,96.0,6,165,5.4,21.0,14.0,0.8,7.1,0.0,348258,5165,310611,6757,6.4,13.3,0.82,1.94,2.76,8.41,0.1,0.23,0.33,0.99,179.4,263.0,112.0,234.6,117.0,82.0,254.0,88.0,53.0,66.7,155.0,85.0,3.0,,,26,,Noni,Madueke,Madueke,,,764,2,1,5,6,0,0,0,0,0,0,10,45,,,,0.0,0.59,0.71,1.18,5.3,15,11,19
759,a,,,4.0,727,204.0,0,0.0,0,0.0,0.0,687,238.0,0,0,0.0,624.0,240.0,0,0,0.0,512.0,215.0,0.0,0.0,0.0,1180,46,948,55,1.0,2.5,0.0,0.0,0.0,0.0,0.0,0.0,0.0,0.0,0.0,614.0,240.0,0.0,607.0,240.0,0.0,575.0,235.0,0.0,617.0,240.0,,,,26,,Marli,Salmon,Salmon,,,0,0,0,0,0,0,0,0,0,0,0,0,0,,,,0.0,0.0,0.0,0.0,0.0,0,0,0
224,d,50.0,100.0,6.1,80,3.0,0,0.0,1,-1.0,16.9,20,7.0,90,1,3.8,90.0,35.0,5,409,4.0,62.0,22.0,0.7,14.8,0.0,2715906,5773,3278307,82840,2.5,4.5,1.64,2.73,4.37,27.63,0.08,0.13,0.21,1.32,429.6,76.0,33.0,384.9,47.0,5.0,194.0,122.0,22.0,100.8,62.0,11.0,,,,26,,Marc,Cucurella Saseta,Cucurella,Hamstring injury - 50% chance of playing,,1885,1,3,9,21,0,0,0,5,1,0,22,177,,,,0.0,0.43,1.0,1.05,6.68,43,97,85
225,a,100.0,75.0,5.6,128,13.0,-1,1.0,1,-1.0,8.2,46,14.0,97,0,4.2,56.0,22.0,9,402,1.8,219.0,82.0,0.3,17.3,0.0,2043567,4671,1802782,59585,2.8,1.7,0.86,2.3,3.16,24.36,0.05,0.13,0.18,1.43,406.8,90.0,40.0,399.5,42.0,3.0,89.0,249.0,70.0,89.7,86.0,21.0,2.0,2.0,,26,,Reece,James,James,,,1534,2,5,7,16,0,0,0,4,0,0,16,144,,,,0.0,0.41,0.94,0.94,6.16,40,65,81
200,a,100.0,100.0,5.0,259,158.0,0,0.0,-5,5.0,1.8,143,47.0,84,8,3.4,132.0,59.0,6,334,3.2,95.0,45.0,0.6,16.8,0.0,1208135,2068,1080271,2048,2.2,2.7,3.08,1.69,4.77,36.39,0.17,0.09,0.26,1.97,400.0,95.0,30.0,340.7,62.0,49.0,357.0,49.0,30.0,109.7,46.0,33.0,2.0,,,26,,Jaidon,Anthony,Anthony,,,1665,6,2,3,36,0,0,0,4,0,0,20,154,,,,0.0,0.16,1.95,1.08,8.32,29,33,92
201,u,0.0,0.0,5.4,162,99.0,0,0.0,-1,1.0,0.0,702,294.0,0,0,0.0,795.0,351.0,0,0,0.0,774.0,338.0,0.0,0.0,0.0,1070,0,3139,3,0.0,0.0,0.0,0.0,0.0,0.0,0.0,0.0,0.0,0.0,0.0,795.0,351.0,0.0,794.0,351.0,0.0,792.0,350.0,0.0,795.0,351.0,,,,26,,Manuel,Benson Hedilazio,Benson,has joined Maccabi Haifa permanently.,,0,0,0,0,0,0,0,0,0,0,0,0,0,,,,0.0,0.0,0.0,0.0,0.0,0,0,0
202,a,100.0,100.0,5.3,189,116.0,0,0.0,-2,2.0,0.0,626,244.0,34,1,1.6,392.0,174.0,0,102,0.8,298.0,130.0,0.2,6.4,0.0,5707,47,8328,60,-0.2,0.3,1.25,1.06,2.31,20.73,0.12,0.11,0.23,2.06,113.2,326.0,148.0,178.6,163.0,115.0,124.0,209.0,114.0,41.6,265.0,132.0,3.0,1.0,3.0,26,,Jacob,Bruun Larsen,Bruun Larsen,,,904,0,1,3,23,0,0,0,0,0,0,9,59,,,,0.0,0.3,2.29,0.9,5.87,12,19,28
203,a,,,4.7,394,246.0,0,0.0,-3,3.0,0.0,595,225.0,0,0,0.0,756.0,323.0,0,0,0.0,696.0,282.0,0.0,0.0,0.0,3897,81,6944,61,-1.0,-0.5,0.0,0.0,0.0,0.0,0.0,0.0,0.0,0.0,0.0,755.0,322.0,0.0,751.0,323.0,0.0,742.0,320.0,0.0,756.0,323.0,,,,26,,Enock,Agyei,Boateng,,,0,0,0,0,0,0,0,0,0,0,0,0,0,,,,0.0,0.0,0.0,0.0,0.0,0,0,0
213,u,0.0,0.0,4.5,467,284.0,0,0.0,0,0.0,0.0,613,237.0,1,0,1.0,473.0,212.0,0,2,0.0,644.0,244.0,0.0,0.2,0.0,7482,0,8828,71,0.0,0.0,0.0,0.0,0.0,0.05,0.0,0.0,0.0,0.5,0.0,714.0,291.0,0.5,470.0,226.0,0.0,694.0,287.0,0.0,716.0,293.0,,,,26,,Jaydon,Banel,Banel,has joined Derby County on loan for the rest of the season.,,9,0,0,0,0,0,0,0,0,0,0,0,0,,,,0.0,0.0,0.0,0.0,0.0,0,0,0
214,i,0.0,0.0,4.4,537,321.0,0,0.0,-1,1.0,0.1,566,209.0,4,0,1.0,463.0,203.0,0,10,0.0,578.0,196.0,0.0,0.9,0.0,11754,24,15540,77,0.0,0.0,0.0,0.0,0.0,0.46,0.0,0.0,0.0,2.18,0.6,495.0,226.0,0.4,474.0,229.0,2.0,440.0,216.0,0.3,492.0,226.0,,,,26,,Mike,Trésor Ndayishimiye,Trésor,Ankle injury - Unknown return date,,19,0,0,0,1,0,0,0,0,0,0,0,2,,,,0.0,0.0,4.74,0.0,9.47,0,0,2
215,a,100.0,100.0,5.3,196,47.0,0,0.0,-2,2.0,0.3,338,56.0,47,2,2.6,257.0,28.0,3,164,1.2,258.0,33.0,0.2,8.9,0.0,145632,493,142282,572,0.2,0.7,3.96,0.18,4.14,17.07,0.43,0.02,0.45,1.86,213.8,241.0,20.0,66.0,298.0,30.0,286.0,70.0,25.0,55.6,205.0,26.0,,,1.0,26,,Zian,Flemming,Flemming,,,825,5,0,2,15,0,0,0,3,0,0,10,43,,,,0.0,0.22,1.64,1.09,4.69,6,20,17
216,i,0.0,0.0,4.8,369,63.0,0,0.0,-2,2.0,0.0,670,86.0,0,0,0.0,759.0,83.0,0,0,0.0,705.0,74.0,0.0,0.0,0.0,1916,31,6136,16,0.0,0.0,0.0,0.0,0.0,0.0,0.0,0.0,0.0,0.0,0.0,758.0,83.0,0.0,754.0,82.0,0.0,747.0,82.0,0.0,759.0,83.0,,,,26,,Zeki,Amdouni,Amdouni,Knee injury - Expected back 25 Apr,,0,0,0,0,0,0,0,0,0,0,0,0,0,,,,0.0,0.0,0.0,0.0,0.0,0,0,0
722,a,,,5.0,251,153.0,0,0.0,0,0.0,0.0,603,230.0,64,1,2.9,205.0,84.0,0,271,1.8,213.0,88.0,0.4,12.8,0.0,14313,83,12065,109,0.8,1.3,0.55,0.38,0.93,36.11,0.03,0.02,0.05,2.06,320.8,151.0,53.0,169.4,174.0,119.0,44.0,319.0,168.0,53.7,212.0,105.0,,,,26,,Florentino Ibrain,Morris Luís,Florentino,,,1580,0,2,2,35,0,0,0,4,0,0,19,237,,,,0.0,0.11,1.99,1.08,13.5,74,81,82
776,a,,,4.5,509,314.0,0,0.0,0,0.0,0.0,797,353.0,0,0,0.0,748.0,316.0,0,0,0.0,682.0,272.0,0.0,0.0,0.0,316,18,176,12,-1.0,-0.5,0.0,0.0,0.0,0.0,0.0,0.0,0.0,0.0,0.0,747.0,315.0,0.0,742.0,316.0,0.0,728.0,312.0,0.0,748.0,316.0,,,,26,,Oliver,Pimlott,Pimlott,,,0,0,0,0,0,0,0,0,0,0,0,0,0,,,,0.0,0.0,0.0,0.0,0.0,0,0,0
784,a,,,4.5,516,320.0,0,0.0,0,0.0,0.0,800,354.0,0,0,0.0,753.0,321.0,0,0,0.0,689.0,278.0,0.0,0.0,0.0,337,25,218,16,-1.0,-0.5,0.0,0.0,0.0,0.0,0.0,0.0,0.0,0.0,0.0,752.0,320.0,0.0,747.0,321.0,0.0,734.0,318.0,0.0,753.0,321.0,,,,26,,George,Brierley,Brierley,,,0,0,0,0,0,0,0,0,0,0,0,0,0,,,,0.0,0.0,0.0,0.0,0.0,0,0,0
75,d,75.0,25.0,3.8,802,251.0,0,0.0,-2,2.0,0.2,384,142.0,0,0,0.0,526.0,193.0,0,0,0.0,404.0,159.0,0.0,0.0,0.0,14136,58,31944,110,0.0,0.0,0.0,0.0,0.0,0.0,0.0,0.0,0.0,0.0,0.0,516.0,193.0,0.0,503.0,191.0,0.0,467.0,182.0,0.0,519.0,193.0,,,,26,,Matai,Akinmboni,Akinmboni,Lack of match fitness - 75% chance of playing,,0,0,0,0,0,0,0,0,0,0,0,0,0,,,,0.0,0.0,0.0,0.0,0.0,0,0,0
685,a,100.0,100.0,4.2,635,148.0,0,0.0,-3,3.0,0.3,321,117.0,46,0,2.6,248.0,97.0,2,164,0.4,342.0,122.0,0.1,11.0,0.0,97565,193,93655,459,0.4,0.4,0.02,0.19,0.21,22.47,0.0,0.01,0.01,1.59,267.0,196.0,80.0,54.3,323.0,110.0,22.0,363.0,122.0,34.4,298.0,99.0,,,,26,,Bafodé,Diakité,Diakité,,,1275,0,0,4,27,0,0,0,1,0,0,15,147,,,,0.0,0.28,1.91,1.06,8.26,20,97,48
697,a,,,5.4,178,109.0,0,0.0,-1,1.0,0.4,289,100.0,55,10,2.5,271.0,115.0,4,201,6.6,8.0,5.0,1.2,10.2,0.0,62060,18785,21948,1057,6.6,6.6,2.49,1.45,3.94,12.87,0.27,0.16,0.43,1.39,243.2,210.0,90.0,187.6,153.0,106.0,227.0,100.0,61.0,65.2,164.0,89.0,,6.0,,26,,Amine,Adli,Adli,,,833,3,2,2,14,0,0,0,2,0,0,8,97,,,,0.0,0.22,1.51,0.86,10.48,30,23,44
713,a,,,4.5,468,93.0,0,0.0,0,0.0,0.2,356,127.0,47,1,2.1,313.0,117.0,0,176,3.2,92.0,34.0,0.7,10.4,0.0,44677,1029,19883,849,3.2,3.2,0.93,0.86,1.79,28.81,0.05,0.05,0.1,1.63,285.4,183.0,75.0,157.2,184.0,45.0,157.0,158.0,34.0,60.0,188.0,61.0,,,,26,,Álex,Jiménez Sánchez,A.Jimenez,,,1587,1,2,3,32,0,0,0,8,0,0,18,113,,,,0.0,0.17,1.81,1.02,5.56,46,52,85
116,a,100.0,100.0,4.0,686,174.0,0,0.0,0,0.0,0.4,269,100.0,32,1,1.9,337.0,125.0,0,91,0.8,285.0,101.0,0.2,8.0,0.0,65417,300,68735,622,0.8,-0.2,0.4,0.17,0.57,5.85,0.07,0.03,0.1,0.97,74.0,375.0,143.0,14.3,399.0,145.0,42.0,325.0,104.0,12.8,390.0,140.0,,,,26,,Aaron,Hickey,Hickey,,,544,0,0,2,7,0,0,0,1,0,0,6,44,,,,0.0,0.33,1.16,0.99,6.12,10,27,31
117,u,0.0,0.0,3.9,778,228.0,0,0.0,-1,1.0,0.1,520,184.0,0,0,0.0,566.0,206.0,0,0,0.0,447.0,175.0,0.0,0.0,0.0,4108,0,15517,31,0.0,0.0,0.0,0.0,0.0,0.0,0.0,0.0,0.0,0.0,0.0,556.0,206.0,0.0,546.0,206.0,0.0,511.0,198.0,0.0,559.0,206.0,,,,26,,Kim,Ji-soo,Ji-soo,has joined Kaiserslautern on loan for the rest of the season.,,0,0,0,0,0,0,0,0,0,0,0,0,0,,,,0.0,0.0,0.0,0.0,0.0,0,0,0
118,u,0.0,0.0,4.0,696,180.0,0,0.0,0,0.0,0.0,610,216.0,0,0,0.0,599.0,222.0,0,0,0.0,484.0,194.0,0.0,0.0,0.0,279,0,10949,8,0.0,0.0,0.0,0.0,0.0,0.0,0.0,0.0,0.0,0.0,0.0,589.0,222.0,0.0,582.0,222.0,0.0,549.0,216.0,0.0,592.0,222.0,,,,26,,Jayden,Meghoma,Meghoma,Has joined Rangers on loan for the rest of the season.,,0,0,0,0,0,0,0,0,0,0,0,0,0,,,,0.0,0.0,0.0,0.0,0.0,0,0,0
341,a,,,3.9,738,68.0,0,0.0,-1,1.0,2.3,124,16.0,23,1,2.3,290.0,25.0,0,118,1.8,199.0,18.0,0.5,5.9,0.0,205779,6686,258815,1606,1.8,1.3,0.0,0.03,0.03,12.07,0.0,0.0,0.0,1.21,223.0,228.0,22.0,0.0,514.0,21.0,0.0,479.0,7.0,22.4,349.0,22.0,,,,26,,Karl,Darlow,Darlow,,,900,0,0,1,16,0,0,0,0,0,27,10,59,,,,2.7,0.1,1.6,1.0,0.0,0,13,96
342,a,100.0,100.0,4.4,528,107.0,0,0.0,-1,1.0,0.2,381,140.0,65,4,2.7,238.0,94.0,0,174,3.5,78.0,28.0,0.8,14.8,0.0,33646,1883,36690,399,3.5,3.0,1.79,1.12,2.91,30.21,0.08,0.05,0.13,1.35,302.6,171.0,72.0,190.0,152.0,37.0,165.0,148.0,29.0,65.9,160.0,52.0,,,,26,,Jayden,Bogle,Bogle,,,2020,1,3,4,38,0,0,0,4,0,0,23,169,,,,0.0,0.18,1.69,1.02,5.57,47,78,101
687,a,,,4.3,618,362.0,0,0.0,-2,2.0,0.2,398,133.0,0,0,0.0,657.0,252.0,0,0,0.0,566.0,192.0,0.0,0.0,0.0,20610,1239,17209,481,0.0,0.0,0.0,0.0,0.0,0.0,0.0,0.0,0.0,0.0,0.0,647.0,242.0,0.0,644.0,248.0,0.0,620.0,237.0,0.0,650.0,245.0,,,,26,,Remy,Rees-Dottin,Rees-Dottin,,,0,0,0,0,0,0,0,0,0,0,0,0,0,,,,0.0,0.0,0.0,0.0,0.0,0,0,0
126,a,,,4.9,306,191.0,0,0.0,-1,1.0,0.1,507,183.0,57,1,2.4,285.0,124.0,0,263,3.5,81.0,39.0,0.7,11.6,0.0,14591,441,16608,149,3.5,2.5,1.79,3.22,5.01,18.74,0.13,0.24,0.37,1.41,224.0,226.0,99.0,319.8,72.0,54.0,130.0,196.0,108.0,67.2,154.0,84.0,3.0,,5.0,26,,Mathias,Jensen,Jensen,,,1195,2,2,5,16,0,0,0,2,0,0,14,107,,,,0.0,0.38,1.21,1.05,8.06,22,24,61
127,u,0.0,0.0,4.9,347,216.0,0,0.0,-1,1.0,0.0,710,296.0,0,0,0.0,775.0,336.0,0,0,0.0,736.0,310.0,0.0,0.0,0.0,1544,0,2223,35,0.0,0.0,0.0,0.0,0.0,0.0,0.0,0.0,0.0,0.0,0.0,774.0,335.0,0.0,771.0,336.0,0.0,766.0,334.0,0.0,775.0,336.0,,,,26,,Gustavo,Nunes Fernandes Gomes,Nunes,has joined Swansea City on loan for the rest of the season.,,0,0,0,0,0,0,0,0,0,0,0,0,0,,,,0.0,0.0,0.0,0.0,0.0,0,0,0
128,u,0.0,0.0,4.8,366,228.0,0,0.0,-2,2.0,0.0,606,233.0,12,0,2.0,328.0,144.0,0,41,0.0,704.0,288.0,0.0,2.5,0.0,5396,0,8753,42,0.0,0.0,0.0,0.36,0.36,2.02,0.0,0.37,0.37,2.07,28.4,429.0,190.0,13.6,403.0,200.0,4.0,428.0,211.0,4.6,447.0,201.0,,,,26,,Frank,Onyeka,Onyeka,has joined Coventry City on loan for the rest of the season.,,88,0,2,0,2,0,0,0,0,0,0,0,10,,,,0.0,0.0,2.05,0.0,10.23,2,3,5
129,a,100.0,100.0,5.0,273,168.0,0,0.0,0,0.0,0.1,464,159.0,74,2,2.8,229.0,91.0,0,311,1.8,214.0,89.0,0.4,14.8,0.0,23176,196,19078,347,1.8,0.8,1.19,1.08,2.27,29.14,0.06,0.05,0.11,1.4,309.2,160.0,58.0,196.9,149.0,103.0,108.0,221.0,121.0,61.3,182.0,98.0,,,,26,,Yehor,Yarmoliuk,Yarmoliuk,,,1870,1,2,5,30,0,0,0,5,0,0,22,235,,,,0.0,0.24,1.44,1.06,11.31,50,52,133
103,u,0.0,0.0,3.9,769,87.0,0,0.0,-1,1.0,0.1,418,62.0,0,0,0.0,557.0,55.0,0,0,0.0,438.0,46.0,0.0,0.0,0.0,11791,0,13815,163,0.0,0.0,0.0,0.0,0.0,0.0,0.0,0.0,0.0,0.0,0.0,547.0,55.0,0.0,537.0,40.0,0.0,502.0,26.0,0.0,550.0,55.0,,,,26,,Matthew,Cox,Cox,has joined Shrewsbury Town on loan for the rest of the season.,,0,0,0,0,0,0,0,0,0,0,0,0,0,,,,0.0,0.0,0.0,0.0,0.0,0,0,0
104,a,,,3.9,773,89.0,0,0.0,-1,1.0,0.1,457,68.0,0,0,0.0,561.0,57.0,0,0,0.0,442.0,48.0,0.0,0.0,0.0,12767,43,9819,93,0.0,-1.0,0.0,0.0,0.0,0.0,0.0,0.0,0.0,0.0,0.0,551.0,57.0,0.0,541.0,42.0,0.0,506.0,28.0,0.0,554.0,57.0,,,,26,,Julian,Eyestone,Eyestone,,,0,0,0,0,0,0,0,0,0,0,0,0,0,,,,0.0,0.0,0.0,0.0,0.0,0,0,0
105,a,,,3.9,770,88.0,0,0.0,-1,1.0,0.6,237,31.0,0,0,0.0,558.0,56.0,0,0,0.0,439.0,47.0,0.0,0.0,0.0,36983,86,70486,286,0.0,-1.0,0.0,0.0,0.0,0.0,0.0,0.0,0.0,0.0,0.0,548.0,56.0,0.0,538.0,41.0,0.0,503.0,27.0,0.0,551.0,56.0,,,,26,,Hákon Rafn,Valdimarsson,Valdimarsson,,,0,0,0,0,0,0,0,0,0,0,0,0,0,,,,0.0,0.0,0.0,0.0,0.0,0,0,0
351,a,100.0,100.0,5.2,214,132.0,0,0.0,-3,3.0,0.1,511,185.0,21,0,1.5,411.0,183.0,0,89,0.2,377.0,167.0,0.0,4.0,0.0,9006,81,39854,108,0.2,-0.3,0.25,0.54,0.79,8.4,0.07,0.14,0.21,2.18,59.0,391.0,173.0,86.0,264.0,157.0,31.0,347.0,183.0,17.7,370.0,174.0,,,,26,,Wilfried,Gnonto,Gnonto,,,346,0,2,1,11,0,0,0,2,0,0,4,37,,,,0.0,0.26,2.86,1.04,9.62,14,9,14
797,a,,,4.5,490,70.0,0,0.0,0,0.0,0.0,723,89.0,0,0,0.0,735.0,79.0,0,0,0.0,666.0,69.0,0.0,0.0,0.0,1269,236,398,95,0.0,-1.0,0.0,0.0,0.0,0.0,0.0,0.0,0.0,0.0,0.0,733.0,79.0,0.0,728.0,78.0,0.0,714.0,78.0,0.0,734.0,79.0,,,,26,,Kaye,Furo,Furo,,,0,0,0,0,0,0,0,0,0,0,0,0,0,,,,0.0,0.0,0.0,0.0,0.0,0,0,0
148,a,,,4.4,529,108.0,0,0.0,-1,1.0,0.3,302,110.0,65,2,2.6,249.0,98.0,4,318,1.8,205.0,77.0,0.4,14.8,0.0,74029,557,60061,805,1.8,1.8,1.38,2.22,3.6,31.64,0.06,0.1,0.16,1.39,337.2,134.0,60.0,322.2,70.0,16.0,157.0,157.0,33.0,81.9,110.0,35.0,2.0,,,26,,Ferdi,Kadıoğlu,F.Kadıoğlu,,,2050,0,1,5,29,0,0,0,4,0,0,22,141,,,,0.0,0.22,1.27,0.97,4.87,44,67,94
149,a,100.0,100.0,4.5,422,81.0,0,0.0,0,0.0,0.1,527,188.0,6,0,1.5,404.0,148.0,0,10,0.0,613.0,242.0,0.0,1.3,0.0,8627,100,9869,110,0.0,0.0,0.0,0.0,0.0,4.66,0.0,0.0,0.0,4.07,25.8,433.0,162.0,10.6,413.0,150.0,0.0,663.0,254.0,3.6,452.0,163.0,,,,26,,Igor Julio,dos Santos de Paulo,Igor,,,103,0,0,0,3,0,0,0,0,0,0,1,13,,,,0.0,0.0,2.62,0.87,11.36,0,13,3
150,u,0.0,0.0,4.4,531,110.0,0,0.0,-1,1.0,0.1,516,182.0,0,0,0.0,665.0,252.0,0,0,0.0,577.0,238.0,0.0,0.0,0.0,2778,0,38507,20,0.0,0.0,0.0,0.0,0.0,0.0,0.0,0.0,0.0,0.0,0.0,655.0,252.0,0.0,652.0,252.0,0.0,629.0,251.0,0.0,658.0,252.0,,,,26,,Tariq,Lamptey,Lamptey,has joined Fiorentina permanently.,,0,0,0,0,0,0,0,0,0,0,0,0,0,,,,0.0,0.0,0.0,0.0,0.0,0,0,0
156,a,,,3.8,805,254.0,0,0.0,-2,2.0,0.2,410,150.0,0,0,0.0,527.0,194.0,0,0,0.0,406.0,161.0,0.0,0.0,0.0,11174,242,16343,140,0.0,0.0,0.0,0.0,0.0,0.0,0.0,0.0,0.0,0.0,0.0,517.0,194.0,0.0,506.0,194.0,0.0,470.0,185.0,0.0,520.0,194.0,,,,26,,Charlie,Tasker,Tasker,,,0,0,0,0,0,0,0,0,0,0,0,0,0,,,,0.0,0.0,0.0,0.0,0.0,0,0,0
163,a,100.0,100.0,5.1,239,146.0,0,0.0,-4,4.0,0.0,593,223.0,37,0,2.5,270.0,114.0,2,148,0.6,309.0,136.0,0.1,7.3,0.0,8903,125,16600,117,0.6,0.6,0.86,0.46,1.32,16.6,0.1,0.05,0.15,1.98,134.2,306.0,138.0,74.6,289.0,167.0,106.0,225.0,124.0,31.4,315.0,154.0,,,,26,,Jack,Hinshelwood,Hinshelwood,,,753,1,2,1,14,1,0,0,0,0,0,8,73,,,,0.0,0.12,1.67,0.96,8.73,10,26,37
164,a,100.0,100.0,5.5,142,88.0,0,0.0,0,0.0,0.3,300,105.0,13,0,4.3,44.0,23.0,2,40,0.2,380.0,169.0,0.0,2.4,0.0,131160,182,199034,78,0.2,0.2,1.21,0.18,1.39,2.33,0.59,0.09,0.68,1.13,61.6,389.0,171.0,67.4,296.0,170.0,63.0,286.0,154.0,19.2,363.0,173.0,,,,26,,Matt,O'Riley,O'Riley,,,185,1,0,1,2,0,0,0,0,0,0,2,9,,,,0.0,0.49,0.97,0.97,4.38,4,3,2
165,u,0.0,0.0,5.4,182,113.0,0,0.0,-1,1.0,0.0,730,305.0,0,0,0.0,801.0,355.0,0,0,0.0,782.0,343.0,0.0,0.0,0.0,247,0,2236,5,0.0,0.0,0.0,0.0,0.0,0.0,0.0,0.0,0.0,0.0,0.0,801.0,355.0,0.0,800.0,355.0,0.0,798.0,354.0,0.0,801.0,355.0,,,,26,,Abdallah,Sima,Sima,has joined Lens permanently.,,0,0,0,0,0,0,0,0,0,0,0,0,0,,,,0.0,0.0,0.0,0.0,0.0,0,0,0
744,a,,,4.5,470,285.0,0,0.0,0,0.0,0.0,715,299.0,1,0,1.0,474.0,213.0,0,3,0.0,646.0,245.0,0.0,0.2,0.0,2597,44,1852,41,0.0,0.0,0.0,0.0,0.0,0.0,0.0,0.0,0.0,0.0,0.0,716.0,292.0,0.0,712.0,294.0,0.0,696.0,288.0,0.0,718.0,294.0,,,,26,,Nehemiah,Oriola,Oriola,,,1,0,0,0,0,0,0,0,0,0,0,0,0,,,,0.0,0.0,0.0,0.0,0.0,0,0,0
741,u,0.0,0.0,4.5,493,71.0,0,0.0,0,0.0,0.1,493,71.0,0,0,0.0,737.0,80.0,0,0,0.0,668.0,70.0,0.0,0.0,0.0,27606,0,23379,267,0.0,0.0,0.0,0.0,0.0,0.0,0.0,0.0,0.0,0.0,0.0,735.0,80.0,0.0,730.0,79.0,0.0,716.0,79.0,0.0,736.0,80.0,,,,26,,Harry,Gray,Gray,has joined Rotherham United on loan for the rest of the season.,,0,0,0,0,0,0,0,0,0,0,0,0,0,,,,0.0,0.0,0.0,0.0,0.0,0,0,0
787,a,,,4.4,558,334.0,0,0.0,-1,1.0,0.0,745,316.0,0,0,0.0,678.0,264.0,0,0,0.0,594.0,207.0,0.0,0.0,0.0,1402,151,509,65,0.0,-0.5,0.0,0.0,0.0,0.0,0.0,0.0,0.0,0.0,0.0,670.0,256.0,0.0,666.0,261.0,0.0,645.0,252.0,0.0,673.0,259.0,,,,26,,Sam,Chambers,Chambers,,,0,0,0,0,0,0,0,0,0,0,0,0,0,,,,0.0,0.0,0.0,0.0,0.0,0,0,0
786,a,,,4.0,699,60.0,0,0.0,0,0.0,0.0,761,86.0,0,0,0.0,602.0,79.0,0,0,0.0,487.0,71.0,0.0,0.0,0.0,451,61,211,32,0.0,-0.5,0.0,0.0,0.0,0.0,0.0,0.0,0.0,0.0,0.0,592.0,79.0,0.0,585.0,67.0,0.0,552.0,53.0,0.0,595.0,79.0,,,,26,,Alfie,McNally,McNally,,,0,0,0,0,0,0,0,0,0,0,0,0,0,,,,0.0,0.0,0.0,0.0,0.0,0,0,0
345,a,100.0,100.0,3.8,793,242.0,0,0.0,-2,2.0,0.1,419,153.0,17,0,1.9,335.0,123.0,0,48,1.2,246.0,88.0,0.3,4.5,0.0,20586,287,15073,294,1.2,0.7,0.0,0.01,0.01,4.93,0.0,0.0,0.0,1.46,78.4,365.0,139.0,5.6,438.0,159.0,10.0,393.0,141.0,9.4,406.0,145.0,,,,26,,Sebastiaan,Bornauw,Bornauw,,,304,0,0,1,4,0,0,0,1,0,0,4,38,,,,0.0,0.3,1.18,1.18,11.25,6,32,7
346,a,,,3.8,784,234.0,0,0.0,-2,2.0,0.2,378,138.0,1,0,1.0,444.0,159.0,0,-2,0.0,390.0,146.0,0.0,0.3,0.0,23125,87,32852,176,0.0,-0.5,0.0,0.0,0.0,0.79,0.0,0.0,0.0,10.16,0.0,505.0,183.0,0.0,491.0,180.0,0.0,455.0,171.0,0.0,508.0,183.0,,,,26,,Sam,Byram,Byram,,,7,0,0,0,1,0,0,0,0,0,0,0,0,,,,0.0,0.0,12.86,0.0,0.0,0,0,0
347,a,100.0,100.0,3.8,789,238.0,0,0.0,-2,2.0,3.8,87,29.0,56,0,2.2,298.0,110.0,8,222,0.2,349.0,126.0,0.1,14.7,0.0,895664,4887,768210,4799,0.2,-0.3,0.98,1.99,2.96,33.87,0.04,0.09,0.13,1.45,373.8,108.0,48.0,325.3,67.0,13.0,128.0,199.0,47.0,82.8,108.0,33.0,,,,26,,Gabriel,Gudmundsson,Gudmundsson,,,2100,0,0,4,40,1,0,0,4,0,0,24,179,,,,0.0,0.17,1.71,1.03,6.17,55,89,93
595,a,,,4.3,599,351.0,0,0.0,-2,2.0,0.2,370,125.0,0,0,0.0,645.0,243.0,0,0,0.0,550.0,181.0,0.0,0.0,0.0,23315,405,29011,254,-1.0,0.0,0.0,0.0,0.0,0.0,0.0,0.0,0.0,0.0,0.0,635.0,233.0,0.0,631.0,239.0,0.0,606.0,227.0,0.0,638.0,236.0,,,,26,,Callum,Olusesi,Olusesi,,,0,0,0,0,0,0,0,0,0,0,0,0,0,,,,0.0,0.0,0.0,0.0,0.0,0,0,0
418,d,25.0,25.0,6.4,58,37.0,0,0.0,-1,1.0,2.4,121,39.0,72,0,3.6,114.0,51.0,9,305,0.2,383.0,172.0,0.0,11.2,0.0,2119460,60,2074462,6488,0.2,0.2,1.81,4.25,6.06,15.61,0.14,0.32,0.46,1.19,302.0,172.0,65.0,557.2,16.0,16.0,380.0,41.0,25.0,123.8,33.0,25.0,,,3.0,26,,Jérémy,Doku,Doku,Calf injury - 25% chance of playing,,1179,1,7,5,13,0,0,0,0,0,0,13,79,,,,0.0,0.38,0.99,0.99,6.03,15,10,54
420,u,0.0,0.0,6.3,64,42.0,0,0.0,-2,2.0,0.1,557,204.0,0,0,0.0,809.0,362.0,0,0,0.0,801.0,357.0,0.0,0.0,0.0,1928,0,19846,20,0.0,0.0,0.0,0.0,0.0,0.0,0.0,0.0,0.0,0.0,0.0,809.0,362.0,0.0,809.0,362.0,0.0,809.0,362.0,0.0,809.0,362.0,,,,26,,İlkay,Gündoğan,Gündoğan,has joined Galatasaray permanently.,,0,0,0,0,0,0,0,0,0,0,0,0,0,,,,0.0,0.0,0.0,0.0,0.0,0,0,0
421,a,100.0,100.0,6.3,68,45.0,0,0.0,-2,2.0,0.5,265,91.0,35,3,2.5,278.0,120.0,1,192,3.2,102.0,47.0,0.5,5.6,0.0,56520,856,98523,664,3.7,3.7,0.26,1.19,1.45,12.49,0.03,0.12,0.15,1.27,192.4,259.0,109.0,241.0,114.0,79.0,40.0,328.0,173.0,47.4,236.0,119.0,,,,26,,Rodrigo 'Rodri',Hernandez Cascante,Rodrigo,,,883,0,0,3,9,0,0,0,2,0,0,10,125,,,,0.0,0.31,0.92,1.02,12.74,27,33,65
422,i,0.0,0.0,5.8,104,66.0,0,0.0,-2,2.0,0.0,684,281.0,1,0,1.0,499.0,235.0,0,3,0.0,790.0,348.0,0.0,0.2,0.0,2413,4,3350,13,0.0,0.0,0.0,0.0,0.0,0.0,0.0,0.0,0.0,0.0,2.6,478.0,220.0,0.8,467.0,225.0,0.0,804.0,358.0,0.3,495.0,229.0,,,,26,,Mateo,Kovačić,Kovačić,Ankle injury - Unknown return date,,4,0,0,0,0,0,0,0,0,0,0,0,0,,,,0.0,0.0,0.0,0.0,0.0,0,0,0
435,a,,,3.9,759,81.0,0,0.0,-1,1.0,0.1,478,72.0,0,0,0.0,549.0,49.0,0,0,0.0,429.0,40.0,0.0,0.0,0.0,5292,35,8367,56,0.5,0.5,0.0,0.0,0.0,0.0,0.0,0.0,0.0,0.0,0.0,539.0,49.0,0.0,529.0,34.0,0.0,494.0,20.0,0.0,542.0,49.0,,,,26,,Dermot,Mee,Mee,,,0,0,0,0,0,0,0,0,0,0,0,0,0,,,,0.0,0.0,0.0,0.0,0.0,0,0,0
447,a,100.0,100.0,3.7,816,264.0,-1,1.0,-3,3.0,2.1,129,49.0,26,0,2.4,279.0,106.0,0,107,0.0,386.0,142.0,0.0,7.0,0.0,395888,12706,325088,5755,0.5,0.5,0.34,0.17,0.51,7.95,0.05,0.02,0.07,1.12,175.6,266.0,107.0,27.2,375.0,134.0,26.0,355.0,117.0,22.9,347.0,119.0,,,,26,,Ayden,Heaven,Heaven,,,636,0,1,1,12,1,0,0,1,0,0,8,72,,,,0.0,0.14,1.7,1.13,10.05,16,55,29
448,a,,,3.8,787,236.0,0,0.0,-2,2.0,0.4,282,104.0,1,0,1.0,445.0,160.0,0,3,0.0,392.0,147.0,0.0,0.3,0.0,53167,139,56195,432,0.5,0.5,0.0,0.0,0.0,0.3,0.0,0.0,0.0,13.5,3.0,476.0,171.0,0.0,493.0,181.0,0.0,457.0,172.0,0.3,490.0,173.0,,,,26,,Tyrell,Malacia,Malacia,,,2,0,0,0,0,0,0,0,0,0,0,0,2,,,,0.0,0.0,0.0,0.0,90.0,1,1,0
449,a,100.0,100.0,9.8,5,3.0,0,0.0,8,-8.0,36.7,6,2.0,143,2,6.2,4.0,2.0,25,631,6.8,7.0,4.0,0.7,14.6,0.0,7208087,71740,5311098,34915,7.3,7.3,8.16,6.7,14.86,27.96,0.37,0.3,0.67,1.27,806.0,2.0,1.0,1127.1,1.0,1.0,389.0,37.0,22.0,232.5,1.0,1.0,1.0,1.0,1.0,26,,Bruno,Borges Fernandes,B.Fernandes,,,1985,6,12,3,33,0,0,2,2,0,0,23,210,,,,0.0,0.14,1.5,1.04,9.52,38,53,119
481,a,,,3.8,803,252.0,0,0.0,-2,2.0,0.7,219,82.0,1,0,1.0,446.0,161.0,0,-1,0.2,350.0,127.0,0.1,0.3,0.0,75444,595,98328,923,-0.3,0.2,0.0,0.0,0.0,0.27,0.0,0.0,0.0,24.3,2.2,479.0,172.0,0.0,504.0,192.0,0.0,468.0,183.0,0.2,496.0,175.0,,,,26,,Alex,Murphy,A.Murphy,,,1,0,0,0,1,0,0,0,0,0,0,0,1,,,,0.0,0.0,90.0,0.0,90.0,0,1,0
621,u,0.0,0.0,4.3,583,344.0,0,0.0,-2,2.0,0.2,353,119.0,9,0,1.3,424.0,189.0,0,49,0.0,542.0,174.0,0.0,2.1,0.0,43311,0,53692,367,0.0,0.0,0.0,0.17,0.17,4.03,0.0,0.1,0.1,2.32,31.6,422.0,186.0,52.3,325.0,180.0,2.0,437.0,215.0,8.6,414.0,188.0,3.0,,,26,,Andy,Irving,Irving,has joined Sparta Prague permanently.,,156,0,0,0,4,0,0,0,0,0,0,2,22,,,,0.0,0.0,2.31,1.15,12.69,6,2,14
623,s,0.0,100.0,4.4,545,325.0,0,0.0,-1,1.0,0.7,223,77.0,34,3,1.8,358.0,157.0,0,206,1.2,248.0,107.0,0.3,7.7,0.0,142664,1193,148619,1514,0.0,0.7,0.21,1.05,1.26,19.95,0.02,0.09,0.11,1.64,179.6,262.0,111.0,129.9,203.0,134.0,37.0,331.0,174.0,34.7,294.0,145.0,1.0,,,26,,Freddie,Potts,Potts,Suspended until 14 Mar,,1094,0,1,1,23,0,0,0,1,0,0,11,112,,,,0.0,0.08,1.89,0.9,9.21,27,47,38
656,u,0.0,0.0,4.9,322,59.0,0,0.0,-1,1.0,0.0,587,80.0,1,0,1.0,486.0,59.0,0,1,0.0,722.0,76.0,0.0,0.2,0.0,1691,0,10104,12,0.0,0.0,0.0,0.01,0.01,0.1,0.0,0.06,0.06,0.64,1.0,493.0,61.0,4.3,441.0,57.0,2.0,446.0,61.0,0.7,481.0,61.0,,,,26,,Saša,Kalajdžić,Kalajdžić,has joined LASK on loan for the rest of the season.,,14,0,0,0,0,0,0,0,0,0,0,0,2,,,,0.0,0.0,0.0,0.0,12.86,0,1,1
657,i,0.0,0.0,4.4,563,81.0,0,0.0,-1,1.0,0.0,653,84.0,0,0,0.0,681.0,74.0,0,0,0.0,598.0,64.0,0.0,0.0,0.0,4629,38,7074,42,0.0,0.0,0.0,0.0,0.0,0.0,0.0,0.0,0.0,0.0,0.0,674.0,74.0,0.0,670.0,73.0,0.0,649.0,73.0,0.0,677.0,74.0,,,,26,,Leon,Chiwome,Chiwome,Knee injury - Unknown return date,,0,0,0,0,0,0,0,0,0,0,0,0,0,,,,0.0,0.0,0.0,0.0,0.0,0,0,0
663,u,0.0,0.0,4.9,318,198.0,0,0.0,-6,6.0,0.1,427,143.0,45,0,2.0,329.0,145.0,2,175,0.4,344.0,152.0,0.1,9.2,0.0,20148,0,80943,341,0.0,0.0,3.38,0.62,4.0,16.0,0.27,0.05,0.32,1.29,171.0,270.0,116.0,204.0,138.0,96.0,148.0,166.0,94.0,52.1,217.0,108.0,1.0,1.0,,26,,Jhon,Arias,J.Arias,has joined Palmeiras permanently.,,1117,1,0,2,21,0,0,0,1,0,0,14,125,,,,0.0,0.16,1.69,1.13,10.07,43,24,58
682,a,,,4.2,638,150.0,0,0.0,-3,3.0,0.1,550,197.0,22,1,1.4,418.0,150.0,0,47,0.4,343.0,123.0,0.1,5.2,0.0,4469,39,9072,57,-0.1,-1.2,0.13,0.99,1.12,15.15,0.02,0.12,0.14,1.86,120.0,316.0,120.0,106.2,231.0,63.0,44.0,317.0,101.0,27.2,330.0,114.0,,,,26,,David,Møller Wolfe,Møller Wolfe,,,734,0,2,0,19,0,0,0,1,0,0,8,39,,,,0.0,0.0,2.33,0.98,4.17,6,28,18
400,a,,,4.7,376,15.0,0,0.0,-3,3.0,0.2,383,55.0,8,7,4.0,65.0,5.0,0,27,2.0,188.0,14.0,0.4,1.7,0.0,8687,450,20807,458,1.5,2.5,0.0,0.01,0.01,2.92,0.0,0.0,0.0,1.46,41.2,409.0,30.0,0.0,748.0,88.0,0.0,737.0,80.0,4.2,448.0,30.0,,,,26,,Stefan,Ortega Moreno,Ortega Moreno,,,180,0,0,1,3,0,0,0,0,0,5,2,0,,,,2.5,0.5,1.5,1.0,0.0,0,0,6
645,u,0.0,0.0,5.1,240,147.0,0,0.0,-4,4.0,0.0,654,263.0,12,0,1.3,429.0,194.0,0,38,0.0,762.0,330.0,0.0,2.4,0.0,1383,0,4850,26,0.0,0.0,0.16,0.61,0.77,3.98,0.06,0.24,0.3,1.57,29.0,428.0,189.0,61.0,313.0,177.0,37.0,333.0,176.0,12.4,395.0,183.0,,,,26,,Fer,López González,Fer López,has joined Celta Vigo on loan for the rest of the season.,,228,0,1,0,9,0,0,0,1,0,0,2,12,,,,0.0,0.0,3.55,0.79,4.74,1,1,10
646,a,100.0,100.0,5.3,199,124.0,0,0.0,-2,2.0,0.4,293,101.0,67,5,2.7,242.0,98.0,1,342,2.6,143.0,66.0,0.5,12.6,0.0,54650,299,25749,2312,2.1,3.2,0.83,1.32,2.15,32.35,0.04,0.06,0.1,1.44,324.8,145.0,51.0,278.6,93.0,68.0,125.0,206.0,113.0,73.3,131.0,72.0,,,,26,,João Victor,Gomes da Silva,J.Gomes,,,2024,0,0,3,39,0,0,0,8,0,0,23,284,,,,0.0,0.13,1.73,1.02,12.63,75,69,140
781,a,,,4.0,729,206.0,0,0.0,0,0.0,0.0,739,255.0,0,0,0.0,625.0,241.0,0,0,0.0,513.0,216.0,0.0,0.0,0.0,522,57,275,45,0.0,0.0,0.0,0.0,0.0,0.0,0.0,0.0,0.0,0.0,0.0,615.0,241.0,0.0,608.0,241.0,0.0,577.0,237.0,0.0,618.0,241.0,,,,26,,TJ,Carroll,Carroll,,,0,0,0,0,0,0,0,0,0,0,0,0,0,,,,0.0,0.0,0.0,0.0,0.0,0,0,0
187,a,100.0,100.0,4.4,518,99.0,0,0.0,-1,1.0,1.1,182,69.0,51,1,2.0,325.0,121.0,3,155,1.5,230.0,85.0,0.3,11.6,0.0,144390,786,254639,1221,0.5,1.0,0.12,0.96,1.08,49.15,0.0,0.04,0.04,1.98,369.2,112.0,49.0,158.7,183.0,44.0,22.0,366.0,125.0,55.2,207.0,67.0,,,,26,,Kyle,Walker,Walker,,,2236,0,2,3,48,0,0,0,8,0,0,25,203,,,,0.0,0.12,1.93,1.01,6.04,36,114,114
188,u,0.0,0.0,3.8,790,239.0,0,0.0,-2,2.0,0.2,359,129.0,0,0,0.0,518.0,185.0,0,0,0.0,394.0,149.0,0.0,0.0,0.0,26052,0,40184,247,0.0,0.0,0.0,0.0,0.0,0.0,0.0,0.0,0.0,0.0,0.0,508.0,185.0,0.0,495.0,183.0,0.0,459.0,174.0,0.0,511.0,185.0,,,,26,,Hannes,Delcroix,Delcroix,has joined Lugano permanently.,,0,0,0,0,0,0,0,0,0,0,0,0,0,,,,0.0,0.0,0.0,0.0,0.0,0,0,0
189,u,0.0,0.0,4.0,681,172.0,0,0.0,0,0.0,0.0,721,249.0,0,0,0.0,587.0,217.0,0,0,0.0,471.0,188.0,0.0,0.0,0.0,0,0,2365,6,0.0,0.0,0.0,0.0,0.0,0.0,0.0,0.0,0.0,0.0,0.0,577.0,217.0,0.0,570.0,217.0,0.0,537.0,211.0,0.0,580.0,217.0,,,,26,,Owen,Dodgson,Dodgson,Has joined Stockport County on loan for the rest of the season.,,0,0,0,0,0,0,0,0,0,0,0,0,0,,,,0.0,0.0,0.0,0.0,0.0,0,0,0
192,a,,,4.0,693,178.0,0,0.0,0,0.0,0.7,225,83.0,46,0,3.1,166.0,64.0,0,170,0.0,481.0,192.0,0.0,11.5,0.0,182792,215,171481,1179,-1.0,-0.5,0.19,1.51,1.7,30.28,0.01,0.1,0.11,2.04,305.4,167.0,71.0,228.9,122.0,31.0,57.0,299.0,92.0,59.2,190.0,62.0,1.0,,,26,,Quilindschy,Hartman,Hartman,,,1337,0,5,2,28,0,0,0,1,0,0,15,124,,,,0.0,0.13,1.88,1.01,7.0,31,73,49
194,i,0.0,0.0,3.9,754,217.0,0,0.0,-1,1.0,0.1,563,202.0,0,0,0.0,546.0,199.0,0,0,0.0,426.0,167.0,0.0,0.0,0.0,1729,17,15246,19,0.0,0.0,0.0,0.0,0.0,0.0,0.0,0.0,0.0,0.0,0.0,536.0,199.0,0.0,526.0,199.0,0.0,491.0,191.0,0.0,539.0,199.0,,,,26,,Jordan,Beyer,Jordan,Hamstring injury - Unknown return date,,0,0,0,0,0,0,0,0,0,0,0,0,0,,,,0.0,0.0,0.0,0.0,0.0,0,0,0
195,a,100.0,100.0,3.8,807,256.0,0,0.0,-2,2.0,0.3,315,116.0,16,0,1.5,399.0,144.0,0,71,0.8,283.0,99.0,0.2,4.2,0.0,45576,652,33262,517,-0.2,0.3,0.31,0.95,1.26,17.76,0.03,0.1,0.13,1.86,144.6,293.0,113.0,171.0,171.0,43.0,55.0,302.0,93.0,37.0,282.0,94.0,,,,26,,Lucas,Pires Silva,Lucas Pires,,,861,0,0,1,19,0,0,0,0,1,0,10,61,,,,0.0,0.1,1.99,1.05,6.38,22,39,51
250,a,100.0,100.0,6.2,74,23.0,0,0.0,-3,3.0,1.0,195,31.0,33,1,1.9,352.0,41.0,1,104,2.0,196.0,26.0,0.3,5.3,0.0,106537,976,458351,1912,3.0,2.5,3.61,0.18,3.78,10.35,0.46,0.02,0.48,1.32,58.8,393.0,42.0,51.5,329.0,37.0,286.0,71.0,26.0,38.9,277.0,32.0,,,,26,,Liam,Delap,Delap,,,708,1,2,2,12,0,0,0,2,0,0,9,25,,,,0.0,0.25,1.53,1.14,3.18,2,7,16
251,u,0.0,0.0,6.5,55,19.0,0,0.0,0,0.0,0.1,531,76.0,0,0,0.0,813.0,91.0,0,0,0.0,808.0,89.0,0.0,0.0,0.0,4962,0,15319,13,0.0,0.0,0.0,0.0,0.0,0.0,0.0,0.0,0.0,0.0,0.0,813.0,91.0,0.0,813.0,91.0,0.0,813.0,91.0,0.0,813.0,91.0,,,,26,,Nicolas,Jackson,N.Jackson,has joined Bayern Munich on loan for the rest of the season.,,0,0,0,0,0,0,0,0,0,0,0,0,0,,,,0.0,0.0,0.0,0.0,0.0,0,0,0
658,a,,,4.2,643,89.0,0,0.0,-3,3.0,1.9,133,21.0,0,0,0.0,635.0,63.0,0,0,0.0,531.0,52.0,0.0,0.0,0.0,263282,7300,339301,3233,-0.5,-2.0,0.0,0.0,0.0,0.0,0.0,0.0,0.0,0.0,0.0,626.0,63.0,0.0,621.0,62.0,0.0,593.0,62.0,0.0,629.0,63.0,,,,26,,Nathan,Fraser,Fraser,,,0,0,0,0,0,0,0,0,0,0,0,0,0,,,,0.0,0.0,0.0,0.0,0.0,0,0,0
244,i,0.0,0.0,4.9,342,211.0,0,0.0,-1,1.0,0.0,698,291.0,4,0,1.0,488.0,225.0,0,22,0.0,733.0,307.0,0.0,0.8,0.0,2543,5,4570,11,0.0,0.0,0.0,0.05,0.05,2.79,0.0,0.04,0.04,2.39,9.6,454.0,203.0,7.5,430.0,209.0,2.0,447.0,221.0,1.8,464.0,210.0,,,,26,,Roméo,Lavia,Lavia,Thigh injury - Expected back 01 Mar,,105,0,0,0,3,0,0,0,0,0,0,1,11,,,,0.0,0.0,2.57,0.86,9.43,2,5,4
725,a,100.0,100.0,5.1,236,34.0,0,0.0,-4,4.0,0.6,241,90.0,49,7,3.1,174.0,68.0,4,196,2.8,130.0,46.0,0.5,9.6,0.0,480991,2075,413408,1649,3.8,8.1,0.0,0.93,0.93,11.25,0.0,0.07,0.07,0.9,245.0,209.0,82.0,82.8,272.0,87.0,30.0,350.0,114.0,35.7,290.0,96.0,,,,26,,Piero,Hincapié,Hincapie,,,1123,0,1,3,12,0,0,0,2,0,0,13,98,,,,0.0,0.24,0.96,1.04,7.85,25,73,44
271,a,100.0,100.0,5.0,250,152.0,0,0.0,0,0.0,0.1,529,191.0,48,2,3.0,191.0,80.0,0,218,0.8,295.0,127.0,0.2,9.6,0.0,43375,159,42569,80,1.3,1.3,1.36,1.96,3.32,14.71,0.1,0.14,0.24,1.06,155.0,289.0,128.0,199.0,146.0,100.0,126.0,203.0,112.0,48.1,232.0,117.0,2.0,,,26,,Daichi,Kamada,Kamada,,,1250,0,2,6,14,0,0,0,1,0,0,15,140,,,,0.0,0.43,1.01,1.08,10.08,42,24,74
272,a,100.0,100.0,4.9,290,180.0,0,0.0,-1,1.0,0.1,509,184.0,51,1,2.2,304.0,133.0,3,205,4.0,58.0,29.0,0.8,10.4,0.0,11876,411,11852,169,4.5,4.5,1.01,0.91,1.92,14.61,0.08,0.07,0.15,1.14,215.6,238.0,104.0,152.9,187.0,125.0,174.0,138.0,80.0,54.3,211.0,104.0,,,,26,,Jefferson,Lerma Solís,Lerma,,,1156,0,4,5,15,1,0,0,6,0,0,12,147,,,,0.0,0.39,1.17,0.93,11.44,18,64,65
273,a,100.0,100.0,5.0,268,163.0,0,0.0,0,0.0,0.6,233,81.0,76,7,3.3,145.0,64.0,4,362,2.2,171.0,75.0,0.4,15.2,0.0,160630,2387,163445,1002,2.7,2.7,1.04,5.05,6.08,28.94,0.05,0.24,0.29,1.37,323.4,147.0,52.0,471.8,25.0,24.0,116.0,215.0,118.0,91.3,83.0,50.0,3.0,,,26,,Adam,Wharton,Wharton,,,1898,0,4,7,30,0,0,0,3,1,0,23,226,,,,0.0,0.33,1.42,1.09,10.72,54,53,119
275,u,0.0,0.0,4.3,589,345.0,0,0.0,-2,2.0,0.0,621,241.0,0,0,0.0,641.0,239.0,0,0,0.0,544.0,175.0,0.0,0.0,0.0,5497,0,7573,43,0.0,0.0,0.0,0.0,0.0,0.0,0.0,0.0,0.0,0.0,0.0,631.0,229.0,0.0,627.0,235.0,0.0,601.0,222.0,0.0,634.0,232.0,,,,26,,Naouirou,Ahamada,Ahamada,has joined AJ Auxerre permanently.,,0,0,0,0,0,0,0,0,0,0,0,0,0,,,,0.0,0.0,0.0,0.0,0.0,0,0,0
54,i,0.0,0.0,5.4,159,97.0,0,0.0,-1,1.0,0.5,257,88.0,71,0,3.2,163.0,71.0,4,289,0.0,772.0,336.0,0.0,13.1,0.0,208104,41,236985,2625,0.0,0.0,2.52,1.96,4.48,26.58,0.14,0.11,0.25,1.5,308.2,162.0,60.0,385.2,46.0,42.0,193.0,123.0,72.0,88.8,90.0,54.0,4.0,,,26,,John,McGinn,McGinn,Knee injury - Expected back 21 Mar,,1591,3,2,7,21,0,0,0,3,0,0,21,126,,,,0.0,0.4,1.19,1.19,7.13,27,29,70
667,a,100.0,100.0,4.2,639,151.0,0,0.0,-3,3.0,0.1,571,205.0,0,0,0.0,634.0,246.0,0,0,0.0,528.0,224.0,0.0,0.0,0.0,2590,29,12246,47,-0.5,0.0,0.0,0.0,0.0,0.0,0.0,0.0,0.0,0.0,0.0,625.0,247.0,0.0,620.0,246.0,0.0,592.0,244.0,0.0,628.0,247.0,,,,26,,Adam,Aznou,Aznou,,,0,0,0,0,0,0,0,0,0,0,0,0,0,,,,0.0,0.0,0.0,0.0,0.0,0,0,0
142,u,0.0,0.0,4.0,674,48.0,0,0.0,0,0.0,0.0,804,93.0,0,0,0.0,581.0,67.0,0,0,0.0,465.0,59.0,0.0,0.0,0.0,0,0,202,2,0.0,0.0,0.0,0.0,0.0,0.0,0.0,0.0,0.0,0.0,0.0,571.0,67.0,0.0,564.0,55.0,0.0,531.0,41.0,0.0,574.0,67.0,,,,26,,Kjell,Scherpen,Scherpen,Has joined Union SG permanently,,0,0,0,0,0,0,0,0,0,0,0,0,0,,,,0.0,0.0,0.0,0.0,0.0,0,0,0
409,a,100.0,100.0,5.4,157,17.0,0,0.0,-1,1.0,0.6,250,93.0,12,0,1.7,375.0,140.0,0,45,0.0,771.0,261.0,0.0,2.2,0.0,50490,224,109265,148,0.5,0.5,0.0,0.06,0.06,5.05,0.0,0.02,0.02,1.29,76.6,369.0,141.0,19.6,390.0,140.0,2.0,449.0,166.0,9.8,405.0,144.0,,,,26,,John,Stones,Stones,,,351,0,0,1,8,0,0,0,0,0,0,4,34,,,,0.0,0.26,2.05,1.03,4.87,0,19,17
410,a,100.0,100.0,4.6,400,69.0,0,0.0,-4,4.0,1.2,176,67.0,19,0,1.9,341.0,128.0,2,75,0.0,690.0,249.0,0.0,4.1,0.0,367277,403,458396,1040,0.5,0.5,0.11,1.31,1.42,5.04,0.03,0.38,0.41,1.46,67.4,382.0,147.0,97.3,247.0,70.0,43.0,322.0,103.0,20.7,358.0,123.0,,,,26,,Rico,Lewis,Lewis,,,311,0,1,1,5,0,0,0,1,0,0,3,23,,,,0.0,0.29,1.45,0.87,5.5,5,14,10
411,a,100.0,100.0,4.9,334,53.0,0,0.0,-1,1.0,4.8,71,21.0,100,13,4.0,67.0,27.0,3,376,5.5,17.0,3.0,1.1,20.4,0.0,1949676,33025,1401381,6896,6.0,6.0,2.63,1.55,4.18,24.94,0.13,0.07,0.2,1.19,416.6,83.0,36.0,306.2,81.0,19.0,243.0,91.0,9.0,96.6,73.0,17.0,,,,26,,Nico,O'Reilly,O'Reilly,,,1881,2,3,10,18,0,0,0,4,0,0,20,155,,,,0.0,0.48,0.86,0.96,6.36,57,76,76
428,a,100.0,100.0,5.0,278,172.0,0,0.0,0,0.0,0.0,717,300.0,0,0,0.0,788.0,346.0,0,0,0.0,753.0,323.0,0.0,0.0,0.0,181,14,2525,27,0.5,0.5,0.0,0.0,0.0,0.0,0.0,0.0,0.0,0.0,0.0,787.0,345.0,0.0,786.0,346.0,0.0,782.0,344.0,0.0,788.0,346.0,,,,26,,Sverre,Nypan,Nypan,,,0,0,0,0,0,0,0,0,0,0,0,0,0,,,,0.0,0.0,0.0,0.0,0.0,0,0,0
175,u,0.0,0.0,4.4,559,335.0,0,0.0,-1,1.0,0.1,528,190.0,1,0,1.0,467.0,207.0,0,3,0.0,595.0,208.0,0.0,0.2,0.0,11030,0,14470,170,0.0,0.0,0.0,0.0,0.0,0.0,0.0,0.0,0.0,0.0,0.0,671.0,257.0,0.0,667.0,262.0,0.0,646.0,253.0,0.0,674.0,260.0,,,,26,,Joe,Knight,Knight,has joined Stevenage permanently.,,1,0,0,0,0,0,0,0,0,0,0,0,0,,,,0.0,0.0,0.0,0.0,0.0,0,0,0
763,a,,,4.5,457,274.0,0,0.0,0,0.0,0.0,784,343.0,0,0,0.0,712.0,289.0,0,0,0.0,637.0,237.0,0.0,0.0,0.0,364,16,239,16,0.5,0.5,0.0,0.0,0.0,0.0,0.0,0.0,0.0,0.0,0.0,707.0,284.0,0.0,704.0,287.0,0.0,687.0,280.0,0.0,709.0,286.0,,,,26,,Charlie,Gray,Gray,,,0,0,0,0,0,0,0,0,0,0,0,0,0,,,,0.0,0.0,0.0,0.0,0.0,0,0,0
764,a,,,4.5,485,296.0,0,0.0,0,0.0,0.0,795,351.0,0,0,0.0,730.0,302.0,0,0,0.0,661.0,256.0,0.0,0.0,0.0,194,16,136,13,0.5,0.5,0.0,0.0,0.0,0.0,0.0,0.0,0.0,0.0,0.0,728.0,300.0,0.0,723.0,301.0,0.0,709.0,297.0,0.0,729.0,301.0,,,,26,,Reigan,Heskey,Heskey,,,0,0,0,0,0,0,0,0,0,0,0,0,0,,,,0.0,0.0,0.0,0.0,0.0,0,0,0
794,d,75.0,,4.1,655,159.0,-1,1.0,-4,4.0,0.0,726,251.0,5,0,2.5,264.0,103.0,0,27,0.0,521.0,221.0,0.0,1.2,0.0,5108,61,4097,153,0.4,0.5,0.26,0.06,0.32,1.54,0.17,0.04,0.21,1.03,34.0,417.0,157.0,14.8,397.0,144.0,26.0,356.0,118.0,7.5,425.0,152.0,,,,26,,Max,Alleyne,Alleyne,Knock - 75% chance of playing,,135,0,0,0,1,0,0,0,0,0,0,2,11,,,,0.0,0.0,0.67,1.33,7.33,3,8,4
119,a,100.0,100.0,8.6,10,5.0,0,0.0,6,-6.0,22.6,17,6.0,109,6,5.2,11.0,7.0,15,401,6.5,11.0,7.0,0.8,12.7,0.0,6668268,67146,5623338,30458,7.0,7.0,7.11,3.78,10.89,25.36,0.35,0.19,0.54,1.26,498.8,53.0,14.0,578.8,13.0,13.0,674.0,5.0,2.0,175.2,6.0,4.0,2.0,2.0,,26,,Bryan,Mbeumo,Mbeumo,,,1809,9,2,4,29,0,0,0,3,0,0,21,96,,,,0.0,0.2,1.44,1.04,4.78,16,12,68
434,a,,,3.9,736,66.0,0,0.0,-1,1.0,0.3,340,46.0,0,0,0.0,533.0,35.0,0,0,0.0,412.0,26.0,0.0,0.0,0.0,15316,102,23614,164,0.5,0.5,0.0,0.0,0.0,0.0,0.0,0.0,0.0,0.0,0.0,523.0,35.0,0.0,512.0,19.0,0.0,477.0,5.0,0.0,526.0,35.0,,,,26,,Tom,Heaton,Heaton,,,0,0,0,0,0,0,0,0,0,0,0,0,0,,,,0.0,0.0,0.0,0.0,0.0,0,0,0
504,u,0.0,0.0,4.0,672,47.0,0,0.0,0,0.0,0.1,521,75.0,0,0,0.0,579.0,66.0,0,0,0.0,463.0,58.0,0.0,0.0,0.0,0,0,15606,38,0.0,0.0,0.0,0.0,0.0,0.0,0.0,0.0,0.0,0.0,0.0,569.0,66.0,0.0,562.0,54.0,0.0,529.0,40.0,0.0,572.0,66.0,,,,26,,Matt,Turner,Turner,Has joined Lyon permanently.,,0,0,0,0,0,0,0,0,0,0,0,0,0,,,,0.0,0.0,0.0,0.0,0.0,0,0,0
522,a,100.0,100.0,4.7,383,239.0,0,0.0,-3,3.0,0.1,551,201.0,17,0,1.3,425.0,190.0,0,77,0.5,323.0,140.0,0.1,3.6,0.0,9681,63,18905,51,0.0,1.0,0.1,0.19,0.29,3.69,0.02,0.05,0.07,0.9,71.6,378.0,168.0,48.3,338.0,184.0,30.0,349.0,184.0,14.9,382.0,179.0,,,,26,,Ryan,Yates,Yates,,,367,0,1,0,5,0,0,0,1,0,0,1,36,,,,0.0,0.0,1.23,0.25,8.83,8,17,11
742,a,,,4.5,502,310.0,0,0.0,0,0.0,0.0,732,307.0,0,0,0.0,743.0,313.0,0,0,0.0,675.0,268.0,0.0,0.0,0.0,1452,31,1206,21,0.5,0.5,0.0,0.0,0.0,0.0,0.0,0.0,0.0,0.0,0.0,742.0,312.0,0.0,737.0,313.0,0.0,723.0,309.0,0.0,743.0,313.0,,,,26,,Ryan,McAidoo,McAidoo,,,0,0,0,0,0,0,0,0,0,0,0,0,0,,,,0.0,0.0,0.0,0.0,0.0,0,0,0
695,a,,,4.4,551,119.0,0,0.0,-1,1.0,0.0,647,226.0,36,0,1.6,382.0,143.0,0,97,0.0,587.0,239.0,0.0,8.2,0.0,5808,24,5602,80,-0.5,-2.0,0.26,0.97,1.23,17.49,0.02,0.07,0.09,1.24,215.4,239.0,94.0,223.3,126.0,32.0,36.0,335.0,107.0,47.5,235.0,78.0,,,,26,,Jackson,Tchatchoua,Tchatchoua,,,1266,0,0,2,25,0,0,0,3,0,0,12,104,,,,0.0,0.14,1.78,0.85,5.62,22,57,44
749,a,,,4.6,404,66.0,0,0.0,1,-1.0,3.0,106,18.0,44,2,2.9,203.0,21.0,6,182,1.6,225.0,27.0,0.3,9.6,0.0,505327,7495,125498,12329,1.1,1.2,1.23,1.29,2.52,15.67,0.12,0.13,0.25,1.57,194.4,255.0,23.0,184.7,156.0,11.0,183.0,132.0,31.0,56.2,203.0,24.0,,,,26,,Mateus,Mané,Mané,,,896,2,2,3,15,0,0,0,0,0,0,9,65,,,,0.0,0.3,1.51,0.9,6.53,16,16,33
766,a,,,4.0,722,199.0,0,0.0,0,0.0,0.0,671,234.0,0,0,0.0,621.0,237.0,0,0,0.0,508.0,211.0,0.0,0.0,0.0,2390,120,1162,109,-0.5,-2.0,0.0,0.0,0.0,0.0,0.0,0.0,0.0,0.0,0.0,611.0,237.0,0.0,604.0,237.0,0.0,572.0,232.0,0.0,614.0,237.0,,,,26,,Saheed,Olagunju,Olagunju,,,0,0,0,0,0,0,0,0,0,0,0,0,0,,,,0.0,0.0,0.0,0.0,0.0,0,0,0
767,a,,,4.5,495,304.0,0,0.0,0,0.0,0.0,765,329.0,0,0,0.0,739.0,309.0,0,0,0.0,670.0,263.0,0.0,0.0,0.0,935,43,547,24,-0.5,-2.0,0.0,0.0,0.0,0.0,0.0,0.0,0.0,0.0,0.0,737.0,307.0,0.0,732.0,308.0,0.0,718.0,304.0,0.0,738.0,308.0,,,,26,,Luke,Rawlings,Rawlings,,,0,0,0,0,0,0,0,0,0,0,0,0,0,,,,0.0,0.0,0.0,0.0,0.0,0,0,0
57,u,0.0,0.0,5.0,260,159.0,0,0.0,0,0.0,0.0,664,269.0,0,0,0.0,781.0,341.0,0,0,0.0,744.0,316.0,0.0,0.0,0.0,889,0,5423,3,0.0,0.0,0.0,0.0,0.0,0.0,0.0,0.0,0.0,0.0,0.0,780.0,340.0,0.0,778.0,341.0,0.0,775.0,339.0,0.0,781.0,341.0,,,,26,,Lewis,Dobbin,Dobbin,Has joined Preston North End on loan for the rest of the season.,,0,0,0,0,0,0,0,0,0,0,0,0,0,,,,0.0,0.0,0.0,0.0,0.0,0,0,0
58,i,0.0,0.0,4.9,315,196.0,0,0.0,-1,1.0,0.2,367,123.0,61,0,3.4,131.0,58.0,7,282,0.0,719.0,298.0,0.0,12.4,0.0,111314,26,115878,824,0.0,0.0,0.53,0.84,1.36,20.8,0.03,0.05,0.08,1.33,325.0,143.0,49.0,241.3,112.0,78.0,75.0,267.0,145.0,64.2,168.0,92.0,,,,26,,Boubacar,Kamara,Kamara,Knee injury - Expected back 01 Jun,,1410,1,3,5,15,0,0,0,5,0,0,17,149,,,,0.0,0.32,0.96,1.09,9.51,38,46,65
60,u,0.0,0.0,4.4,562,337.0,0,0.0,-1,1.0,0.3,329,112.0,0,0,0.0,680.0,265.0,0,0,0.0,597.0,209.0,0.0,0.0,0.0,38290,0,49759,493,0.0,0.0,0.0,0.0,0.0,0.0,0.0,0.0,0.0,0.0,0.0,673.0,258.0,0.0,669.0,263.0,0.0,648.0,254.0,0.0,676.0,261.0,,,,26,,Ben,Broggio,Broggio,has joined Falkirk on loan for the rest of the season.,,0,0,0,0,0,0,0,0,0,0,0,0,0,,,,0.0,0.0,0.0,0.0,0.0,0,0,0
61,u,0.0,0.0,4.5,410,250.0,0,0.0,0,0.0,0.1,532,192.0,0,0,0.0,687.0,268.0,0,0,0.0,606.0,214.0,0.0,0.0,0.0,2169,0,33574,30,0.0,0.0,0.0,0.0,0.0,0.0,0.0,0.0,0.0,0.0,0.0,681.0,262.0,0.0,676.0,266.0,0.0,656.0,258.0,0.0,684.0,265.0,,,,26,,Leander,Dendoncker,Dendoncker,Has joined Real Oviedo permanently.,,0,0,0,0,0,0,0,0,0,0,0,0,0,,,,0.0,0.0,0.0,0.0,0.0,0,0,0
62,u,0.0,0.0,4.5,473,288.0,0,0.0,0,0.0,0.1,548,200.0,1,0,1.0,475.0,214.0,0,3,0.0,649.0,248.0,0.0,0.2,0.0,8790,0,10095,190,0.0,0.0,0.0,0.0,0.0,0.61,0.0,0.0,0.0,6.86,0.2,500.0,228.0,0.3,479.0,233.0,0.0,699.0,291.0,0.1,503.0,231.0,,,,26,,Jamaldeen,Jimoh-Aloba,Jimoh-Aloba,has joined West Brom on loan for the rest of the season.,,8,0,0,0,0,0,0,0,0,0,0,0,1,,,,0.0,0.0,0.0,0.0,11.25,0,0,1
304,a,100.0,100.0,4.8,368,230.0,0,0.0,-2,2.0,0.0,615,238.0,50,0,2.6,251.0,103.0,1,158,0.2,367.0,161.0,0.0,10.4,0.0,5494,57,6236,70,-0.3,0.2,0.35,0.58,0.93,15.04,0.03,0.06,0.09,1.45,162.8,278.0,121.0,79.6,277.0,162.0,46.0,314.0,166.0,28.7,327.0,156.0,,,,26,,Tim,Iroegbunam,Iroegbunam,,,934,0,3,7,9,0,0,0,8,0,0,11,126,,,,0.0,0.67,0.87,1.06,12.14,43,28,55
305,a,100.0,100.0,4.5,498,306.0,0,0.0,0,0.0,0.1,506,182.0,15,1,1.9,340.0,149.0,0,57,1.5,231.0,98.0,0.3,3.3,0.0,10246,383,16476,267,1.0,1.5,0.7,0.17,0.87,7.49,0.15,0.04,0.19,1.64,47.0,403.0,179.0,50.9,330.0,181.0,59.0,296.0,157.0,15.8,376.0,177.0,,,,26,,Harrison,Armstrong,Armstrong,,,410,0,0,1,6,0,0,0,0,0,0,5,42,,,,0.0,0.22,1.32,1.1,9.22,10,13,19
634,a,100.0,100.0,4.3,601,138.0,0,0.0,-2,2.0,0.1,471,171.0,33,6,1.9,338.0,126.0,1,131,1.4,240.0,87.0,0.3,7.7,0.0,13138,182,9872,326,0.9,0.8,1.41,0.28,1.69,22.42,0.1,0.02,0.12,1.53,258.0,201.0,81.0,100.7,243.0,69.0,172.0,141.0,27.0,53.0,214.0,70.0,,,,26,,Yerson,Mosquera Valdelamar,Mosquera,,,1316,0,0,3,25,2,0,0,9,0,0,15,140,,,,0.0,0.21,1.71,1.03,8.75,36,92,66
635,a,100.0,100.0,4.4,544,118.0,0,0.0,-1,1.0,0.1,565,203.0,19,1,1.7,371.0,138.0,0,48,1.0,266.0,96.0,0.2,4.3,0.0,9565,41,14634,54,0.5,0.0,1.1,0.29,1.39,7.36,0.18,0.05,0.23,1.19,92.0,349.0,132.0,59.8,316.0,106.0,138.0,179.0,41.0,29.2,323.0,111.0,,,,26,,Rodrigo,Martins Gomes,R.Gomes,,,555,1,0,0,10,0,0,0,0,0,0,6,45,,,,0.0,0.0,1.62,0.97,5.03,13,18,21
636,a,100.0,100.0,4.4,530,109.0,0,0.0,-1,1.0,0.1,441,163.0,59,6,3.5,118.0,43.0,2,187,2.0,184.0,67.0,0.5,13.4,0.0,26430,174,21097,382,1.5,2.0,1.61,1.0,2.61,23.5,0.1,0.06,0.16,1.44,349.8,124.0,55.0,76.1,286.0,92.0,122.0,210.0,53.0,54.7,210.0,69.0,,,,26,,Santiago,Ignacio Bueno,S.Bueno,,,1472,2,1,3,27,0,0,0,2,0,0,16,140,,,,0.0,0.18,1.65,0.98,7.58,35,89,34
637,d,25.0,25.0,4.2,641,152.0,0,0.0,-3,3.0,0.1,523,185.0,20,0,1.5,401.0,146.0,0,74,0.0,530.0,225.0,0.0,4.8,0.0,6884,5,19360,56,-0.1,-0.5,0.04,0.21,0.25,17.96,0.0,0.02,0.02,1.7,212.2,243.0,96.0,77.4,283.0,91.0,29.0,351.0,115.0,31.9,311.0,105.0,,,,26,,Toti,Gomes,Toti,Hamstring injury - 25% chance of playing,,949,0,0,0,25,0,0,0,1,1,0,12,106,,,,0.0,0.0,2.37,1.14,7.97,14,70,37
761,a,,,4.0,724,201.0,0,0.0,0,0.0,0.0,720,248.0,0,0,0.0,622.0,238.0,0,0,0.0,510.0,213.0,0.0,0.0,0.0,813,45,575,39,0.0,0.0,0.0,0.0,0.0,0.0,0.0,0.0,0.0,0.0,0.0,612.0,238.0,0.0,605.0,238.0,0.0,573.0,233.0,0.0,615.0,238.0,,,,26,,Freddie,Simmonds,Simmonds,,,0,0,0,0,0,0,0,0,0,0,0,0,0,,,,0.0,0.0,0.0,0.0,0.0,0,0,0
245,s,0.0,0.0,4.9,331,206.0,0,0.0,-1,1.0,0.0,747,318.0,0,0,0.0,773.0,335.0,0,0,0.0,729.0,305.0,0.0,0.0,0.0,938,14,1255,9,0.0,0.0,0.0,0.0,0.0,0.0,0.0,0.0,0.0,0.0,0.0,772.0,334.0,0.0,769.0,335.0,0.0,763.0,333.0,0.0,773.0,335.0,,,,26,,Mykhailo,Mudryk,Mudryk,Suspended - unknown return date,,0,0,0,0,0,0,0,0,0,0,0,0,0,,,,0.0,0.0,0.0,0.0,0.0,0,0,0
246,a,100.0,100.0,4.5,459,276.0,0,0.0,0,0.0,0.3,324,109.0,26,2,1.4,420.0,188.0,0,144,1.8,207.0,85.0,0.4,5.8,0.0,70991,1120,79474,507,2.8,2.3,1.7,0.7,2.4,12.27,0.19,0.08,0.27,1.39,135.4,304.0,136.0,118.0,215.0,138.0,61.0,290.0,156.0,31.4,314.0,153.0,,,,26,,Andrey,Nascimento dos Santos,Andrey Santos,,,795,0,0,1,9,0,0,0,4,0,0,8,93,,,,0.0,0.11,1.02,0.91,10.53,24,35,34
248,u,0.0,0.0,4.5,499,307.0,0,0.0,0,0.0,0.0,776,336.0,0,0,0.0,740.0,310.0,0,0,0.0,672.0,265.0,0.0,0.0,0.0,0,0,948,1,0.0,0.0,0.0,0.0,0.0,0.0,0.0,0.0,0.0,0.0,0.0,739.0,309.0,0.0,734.0,310.0,0.0,720.0,306.0,0.0,740.0,310.0,,,,26,,Kendry,Páez Andrade,Paez,has joined River Plate on loan for the rest of the season.,,0,0,0,0,0,0,0,0,0,0,0,0,0,,,,0.0,0.0,0.0,0.0,0.0,0,0,0
249,a,,,7.7,19,6.0,1,-1.0,2,-2.0,45.8,3,2.0,132,10,5.1,13.0,3.0,24,529,10.0,1.0,1.0,1.3,17.1,0.0,7096193,180128,7983136,7693,11.0,10.5,8.78,1.65,10.43,26.4,0.42,0.08,0.5,1.26,557.6,34.0,3.0,380.3,48.0,1.0,621.0,11.0,8.0,155.5,14.0,3.0,,,,26,,João Pedro,Junqueira de Jesus,João Pedro,,,1887,10,8,9,20,0,0,0,3,0,0,22,108,,,,0.0,0.43,0.95,1.05,5.15,18,34,56
321,a,,,4.3,586,132.0,0,0.0,-2,2.0,0.1,561,201.0,37,0,3.1,167.0,65.0,1,148,1.8,201.0,73.0,0.4,8.6,0.0,6421,86,6640,132,1.8,1.3,0.05,0.53,0.58,14.38,0.0,0.05,0.05,1.39,234.6,218.0,84.0,47.0,339.0,115.0,14.0,385.0,137.0,29.7,321.0,109.0,,,,26,,Jorge,Cuenca Barreno,J.Cuenca,,,928,0,0,2,11,0,0,0,5,0,0,11,117,,,,0.0,0.19,1.07,1.07,10.77,16,95,39
322,a,100.0,100.0,4.5,412,74.0,0,0.0,0,0.0,0.3,337,122.0,67,1,3.7,93.0,36.0,5,256,0.5,318.0,115.0,0.1,14.9,0.0,155502,213,150150,404,0.5,0.0,0.65,1.1,1.75,21.15,0.04,0.07,0.11,1.32,353.6,120.0,54.0,178.0,166.0,39.0,87.0,251.0,72.0,61.9,180.0,58.0,,,,26,,Kenny,Tete,Tete,,,1443,1,0,5,22,0,0,0,2,0,0,17,156,,,,0.0,0.31,1.37,1.06,8.3,55,78,66
323,a,,,3.8,811,259.0,0,0.0,-2,2.0,0.1,420,154.0,0,0,0.0,531.0,197.0,0,0,0.0,410.0,164.0,0.0,0.0,0.0,8933,86,16540,101,0.0,-0.5,0.0,0.0,0.0,0.0,0.0,0.0,0.0,0.0,0.0,521.0,197.0,0.0,510.0,197.0,0.0,475.0,189.0,0.0,524.0,197.0,,,,26,,Samuel,Amissah,Amissah,,,0,0,0,0,0,0,0,0,0,0,0,0,0,,,,0.0,0.0,0.0,0.0,0.0,0,0,0
324,a,100.0,100.0,6.3,66,44.0,0,0.0,-2,2.0,0.7,213,72.0,66,2,3.3,149.0,67.0,7,318,2.5,161.0,73.0,0.4,10.5,0.0,290641,1102,395331,756,2.5,2.0,0.87,3.14,4.01,26.99,0.05,0.17,0.22,1.44,307.0,165.0,62.0,457.7,28.0,27.0,166.0,147.0,84.0,93.2,81.0,48.0,5.0,,,26,,Alex,Iwobi,Iwobi,,,1686,2,2,3,33,0,0,0,2,0,0,20,124,,,,0.0,0.16,1.76,1.07,6.62,20,22,82
325,a,100.0,100.0,5.6,127,78.0,0,0.0,-4,4.0,0.6,251,86.0,59,1,2.3,297.0,131.0,1,262,1.8,218.0,91.0,0.3,10.5,0.0,156383,619,205607,1440,1.8,1.3,3.52,0.9,4.42,22.23,0.25,0.06,0.31,1.59,221.8,230.0,101.0,234.7,116.0,81.0,261.0,85.0,52.0,71.8,138.0,76.0,,,,26,,Emile,Smith Rowe,Smith Rowe,,,1257,3,1,3,20,0,0,0,1,0,0,14,99,,,,0.0,0.21,1.43,1.0,7.09,18,30,51
328,a,100.0,100.0,5.4,163,100.0,0,0.0,-1,1.0,0.2,411,139.0,71,4,3.7,97.0,43.0,5,251,2.8,134.0,62.0,0.5,13.1,0.0,143096,326,137151,227,2.8,2.3,0.92,1.67,2.59,21.3,0.06,0.11,0.17,1.35,320.2,152.0,54.0,168.5,176.0,120.0,151.0,164.0,93.0,63.7,170.0,93.0,,,,26,,Ryan,Sessegnon,Sessegnon,,,1417,2,3,4,27,0,0,0,0,0,0,16,168,,,,0.0,0.25,1.71,1.02,10.67,36,75,57
329,a,100.0,100.0,6.0,85,55.0,0,0.0,5,-5.0,20.5,19,7.0,120,2,4.8,20.0,9.0,16,465,4.0,61.0,32.0,0.7,20.0,0.0,4315652,35118,1813966,85911,4.0,3.5,4.24,3.69,7.93,28.08,0.2,0.17,0.37,1.31,511.4,50.0,13.0,454.0,30.0,29.0,456.0,27.0,14.0,142.0,21.0,17.0,3.0,3.0,3.0,26,,Harry,Wilson,Wilson,,,1925,8,6,6,29,0,0,0,6,0,0,23,122,,,,0.0,0.28,1.36,1.08,5.7,20,43,59
330,a,,,4.9,305,190.0,0,0.0,-1,1.0,0.1,522,189.0,63,2,2.4,284.0,123.0,3,386,1.8,211.0,86.0,0.4,12.9,0.0,10785,136,12007,154,1.8,1.3,1.15,1.06,2.21,34.5,0.05,0.04,0.09,1.44,352.8,121.0,40.0,272.6,96.0,70.0,65.0,280.0,152.0,69.3,144.0,79.0,,,,26,,Sander,Berge,Berge,,,2161,0,2,5,38,1,0,0,4,0,0,25,208,,,,0.0,0.21,1.58,1.04,8.66,44,71,93
331,d,50.0,0.0,4.8,351,219.0,0,0.0,-2,2.0,0.0,634,250.0,24,0,1.5,407.0,179.0,1,100,0.5,325.0,142.0,0.1,5.0,0.0,2583,3,4578,137,0.2,0.0,0.85,0.28,1.13,8.12,0.17,0.06,0.23,1.61,78.0,367.0,163.0,85.2,266.0,158.0,48.0,311.0,164.0,21.2,357.0,170.0,,,,26,,Tom,Cairney,Cairney,Calf injury - 50% chance of playing,,453,1,0,0,9,0,0,0,2,0,0,3,34,,,,0.0,0.0,1.79,0.6,6.75,3,7,24
404,u,0.0,0.0,5.4,168,19.0,0,0.0,-1,1.0,0.3,334,121.0,0,0,0.0,796.0,264.0,0,0,0.0,776.0,262.0,0.0,0.0,0.0,9281,0,85337,48,0.0,0.0,0.0,0.0,0.0,0.0,0.0,0.0,0.0,0.0,0.0,796.0,264.0,0.0,795.0,264.0,0.0,793.0,264.0,0.0,796.0,264.0,,,,26,,Manuel,Akanji,Akanji,has joined Inter Milan on loan for the rest of the season.,,0,0,0,0,0,0,0,0,0,0,0,0,0,,,,0.0,0.0,0.0,0.0,0.0,0,0,0
405,a,,,5.3,187,23.0,0,0.0,-2,2.0,0.6,239,89.0,26,0,2.0,331.0,122.0,1,111,0.2,379.0,139.0,0.0,4.9,0.0,44177,273,83992,834,0.7,0.7,0.28,0.44,0.72,7.87,0.05,0.08,0.13,1.46,98.6,341.0,130.0,93.1,253.0,74.0,25.0,359.0,119.0,21.8,353.0,120.0,,,,26,,Nathan,Aké,Aké,,,485,0,0,2,7,0,0,0,1,0,0,4,40,,,,0.0,0.37,1.3,0.74,6.87,9,28,12
406,a,100.0,100.0,5.4,185,22.0,0,0.0,-1,1.0,0.4,292,109.0,31,1,2.6,258.0,99.0,0,151,3.2,98.0,36.0,0.6,5.7,0.0,51623,1435,70538,1012,3.7,3.7,0.3,0.1,0.4,11.09,0.04,0.01,0.05,1.35,141.6,296.0,115.0,33.7,362.0,127.0,4.0,432.0,159.0,18.0,369.0,130.0,,,,26,,Abdukodir,Khusanov,Khusanov,,,739,0,0,3,7,0,0,0,2,0,0,8,78,,,,0.0,0.37,0.85,0.97,8.4,19,50,34
407,a,100.0,100.0,5.4,175,21.0,0,0.0,-1,1.0,3.2,101,38.0,115,4,5.0,14.0,4.0,14,475,5.2,24.0,5.0,1.0,21.3,0.0,851955,12254,521790,8727,5.7,5.7,0.25,1.41,1.66,22.49,0.01,0.07,0.08,1.06,481.4,61.0,28.0,306.9,79.0,18.0,58.0,298.0,91.0,84.9,102.0,28.0,,,4.0,26,,Matheus,Nunes,Matheus N.,,,1904,1,7,8,19,0,0,0,4,0,0,21,183,,,,0.0,0.38,0.9,0.99,6.85,44,101,117
483,a,,,3.8,809,258.0,0,0.0,-2,2.0,0.4,286,107.0,0,0,0.0,529.0,196.0,0,0,0.0,408.0,163.0,0.0,0.0,0.0,64097,289,46570,424,-0.5,0.0,0.0,0.0,0.0,0.0,0.0,0.0,0.0,0.0,0.0,519.0,196.0,0.0,508.0,196.0,0.0,473.0,188.0,0.0,522.0,196.0,,,,26,,Miodrag,Pivaš,Pivas,,,0,0,0,0,0,0,0,0,0,0,0,0,0,,,,0.0,0.0,0.0,0.0,0.0,0,0,0
332,i,0.0,0.0,4.9,309,193.0,0,0.0,-1,1.0,0.1,573,212.0,50,0,2.6,253.0,105.0,3,225,0.0,717.0,296.0,0.0,10.2,0.0,14547,6,18914,85,0.0,0.0,1.74,1.35,3.09,18.45,0.13,0.1,0.23,1.37,232.0,220.0,97.0,338.7,63.0,50.0,119.0,213.0,116.0,68.9,147.0,80.0,1.0,,,26,,Saša,Lukić,Lukić,Hamstring injury - Unknown return date,,1208,1,3,4,17,0,0,0,6,0,0,15,127,,,,0.0,0.3,1.27,1.12,9.46,35,43,49
333,u,0.0,0.0,4.5,476,290.0,0,0.0,0,0.0,0.0,666,271.0,0,0,0.0,724.0,299.0,0,0,0.0,652.0,250.0,0.0,0.0,0.0,898,0,6577,6,0.0,0.0,0.0,0.0,0.0,0.0,0.0,0.0,0.0,0.0,0.0,721.0,296.0,0.0,717.0,298.0,0.0,702.0,293.0,0.0,723.0,298.0,,,,26,,Martial,Godo,Godo,has joined Strasbourg permanently.,,0,0,0,0,0,0,0,0,0,0,0,0,0,,,,0.0,0.0,0.0,0.0,0.0,0,0,0
334,u,0.0,0.0,4.5,456,273.0,0,0.0,0,0.0,0.0,808,359.0,0,0,0.0,711.0,288.0,0,0,0.0,636.0,236.0,0.0,0.0,0.0,0,0,307,2,0.0,0.0,0.0,0.0,0.0,0.0,0.0,0.0,0.0,0.0,0.0,706.0,283.0,0.0,703.0,286.0,0.0,686.0,279.0,0.0,708.0,285.0,,,,26,,Luke,Harris,Harris,Has joined Oxford United on loan for the rest of the season.,,0,0,0,0,0,0,0,0,0,0,0,0,0,,,,0.0,0.0,0.0,0.0,0.0,0,0,0
335,a,100.0,100.0,4.4,561,336.0,0,0.0,-1,1.0,1.8,139,44.0,37,1,1.8,359.0,158.0,0,129,1.2,249.0,108.0,0.3,8.4,0.0,942828,3916,844416,2561,1.2,0.7,1.38,0.42,1.8,12.9,0.14,0.04,0.18,1.28,106.8,331.0,151.0,106.2,232.0,145.0,195.0,120.0,70.0,40.0,274.0,136.0,,,,26,,Josh,King,King,,,908,0,2,3,15,0,0,0,3,0,0,11,74,,,,0.0,0.3,1.49,1.09,7.33,19,15,40
168,a,100.0,100.0,4.6,402,249.0,0,0.0,-4,4.0,0.1,482,169.0,2,0,0.7,506.0,238.0,0,5,0.2,364.0,159.0,0.0,0.4,0.0,15256,248,28135,236,0.2,-0.3,0.04,0.1,0.14,1.86,0.05,0.13,0.18,2.43,6.0,465.0,209.0,25.7,378.0,193.0,19.0,376.0,191.0,5.0,442.0,198.0,,,,26,,Facundo,Buonanotte,Buonanotte,,,69,0,0,0,2,0,0,0,1,0,0,1,5,,,,0.0,0.0,2.61,1.3,6.52,1,1,3
1,a,,,6.0,86,1.0,1,-1.0,5,-5.0,35.3,7,1.0,108,2,4.2,57.0,3.0,5,433,3.2,101.0,6.0,0.5,18.0,0.0,3912885,22741,2126691,21105,4.2,8.9,0.0,0.05,0.05,18.16,0.0,0.0,0.0,0.7,382.2,101.0,16.0,30.4,370.0,3.0,0.0,808.0,94.0,41.4,268.0,16.0,,,,26,,David,Raya Martín,Raya,,,2340,0,0,13,18,0,0,0,1,0,37,26,94,,,,1.42,0.5,0.69,1.0,0.0,1,22,219
3,u,0.0,0.0,4.0,684,54.0,0,0.0,0,0.0,0.2,371,54.0,0,0,0.0,590.0,73.0,0,0,0.0,474.0,65.0,0.0,0.0,0.0,5545,0,47846,81,0.0,0.0,0.0,0.0,0.0,0.0,0.0,0.0,0.0,0.0,0.0,580.0,73.0,0.0,573.0,61.0,0.0,540.0,47.0,0.0,583.0,73.0,,,,26,,Karl,Hein,Hein,Has joined Werder Bremen on loan for the rest of the season.,,0,0,0,0,0,0,0,0,0,0,0,0,0,,,,0.0,0.0,0.0,0.0,0.0,0,0,0
340,a,,,3.9,743,73.0,0,0.0,-1,1.0,0.2,414,61.0,0,0,0.0,539.0,41.0,0,0,0.0,418.0,32.0,0.0,0.0,0.0,7994,65,14336,90,0.0,-0.5,0.0,0.0,0.0,0.0,0.0,0.0,0.0,0.0,0.0,529.0,41.0,0.0,519.0,26.0,0.0,484.0,12.0,0.0,532.0,41.0,,,,26,,Alex,Cairns,Cairns,,,0,0,0,0,0,0,0,0,0,0,0,0,0,,,,0.0,0.0,0.0,0.0,0.0,0,0,0
4,a,,,3.9,774,90.0,0,0.0,-1,1.0,0.2,357,52.0,0,0,0.0,562.0,58.0,0,0,0.0,443.0,49.0,0.0,0.0,0.0,32919,159,32228,242,1.0,2.5,0.0,0.0,0.0,0.0,0.0,0.0,0.0,0.0,0.0,552.0,58.0,0.0,542.0,43.0,0.0,507.0,29.0,0.0,555.0,58.0,,,,26,,Tommy,Setford,Setford,,,0,0,0,0,0,0,0,0,0,0,0,0,0,,,,0.0,0.0,0.0,0.0,0.0,0,0,0
6,a,100.0,100.0,6.1,84,4.0,0,0.0,1,-1.0,14.4,24,9.0,83,0,4.0,74.0,29.0,4,370,2.8,138.0,47.0,0.5,13.6,0.0,1836261,15532,2034600,21152,3.8,8.1,0.38,0.59,0.97,12.0,0.02,0.03,0.05,0.63,331.8,138.0,63.0,119.3,214.0,55.0,32.0,344.0,111.0,48.3,231.0,76.0,,,,26,,William,Saliba,Saliba,,,1714,0,0,10,12,0,0,0,1,0,0,20,147,,,,0.0,0.53,0.63,1.05,6.09,21,95,77
745,a,,,4.0,731,208.0,0,0.0,0,0.0,0.0,628,224.0,1,0,1.0,454.0,168.0,0,3,0.2,354.0,130.0,0.0,0.2,0.0,1873,53,1740,82,-0.8,0.2,0.0,0.0,0.0,0.0,0.0,0.0,0.0,0.0,0.4,496.0,177.0,0.5,468.0,172.0,0.0,579.0,239.0,0.1,501.0,178.0,,,,26,,Jun'ai,Byfield,Byfield,,,1,0,0,0,0,0,0,0,0,0,0,0,0,,,,0.0,0.0,0.0,0.0,0.0,0,0,0
791,a,,,5.5,143,36.0,0,0.0,0,0.0,0.1,449,66.0,17,2,2.8,232.0,25.0,0,54,3.5,82.0,10.0,0.6,3.1,0.0,22842,1123,8287,665,3.5,3.0,1.81,0.21,2.02,6.68,0.34,0.04,0.38,1.27,64.6,384.0,40.0,49.6,334.0,38.0,173.0,140.0,34.0,27.7,328.0,38.0,,,,26,,Valentín,Castellanos,Taty,,,475,1,1,2,6,0,0,0,2,0,0,6,25,,,,0.0,0.38,1.14,1.14,4.74,3,10,12
802,a,,,5.0,279,173.0,0,0.0,0,0.0,0.0,791,349.0,0,0,0.0,789.0,347.0,0,0,0.0,754.0,324.0,0.0,0.0,0.0,282,21,148,25,0.0,-0.5,0.0,0.0,0.0,0.0,0.0,0.0,0.0,0.0,0.0,788.0,346.0,0.0,787.0,347.0,0.0,783.0,345.0,0.0,789.0,347.0,,,,26,,Keiber,Lamadrid,Lamadrid,,,0,0,0,0,0,0,0,0,0,0,0,0,0,,,,0.0,0.0,0.0,0.0,0.0,0,0,0
751,u,0.0,0.0,4.5,488,299.0,0,0.0,0,0.0,0.0,768,332.0,0,0,0.0,733.0,305.0,0,0,0.0,664.0,259.0,0.0,0.0,0.0,675,0,585,15,0.0,0.0,0.0,0.0,0.0,0.0,0.0,0.0,0.0,0.0,0.0,731.0,303.0,0.0,726.0,304.0,0.0,712.0,300.0,0.0,732.0,304.0,,,,26,,Yusuf,Akhamrich,Akhamrich,has joined Bristol Rovers on loan for the rest of the season.,,0,0,0,0,0,0,0,0,0,0,0,0,0,,,,0.0,0.0,0.0,0.0,0.0,0,0,0
790,a,,,4.5,501,309.0,0,0.0,0,0.0,0.0,770,333.0,0,0,0.0,742.0,312.0,0,0,0.0,674.0,267.0,0.0,0.0,0.0,534,65,211,31,-1.0,0.0,0.0,0.0,0.0,0.0,0.0,0.0,0.0,0.0,0.0,741.0,311.0,0.0,736.0,312.0,0.0,722.0,308.0,0.0,742.0,312.0,,,,26,,Lucá,Williams-Barnett,Williams-Barnett,,,0,0,0,0,0,0,0,0,0,0,0,0,0,,,,0.0,0.0,0.0,0.0,0.0,0,0,0
796,a,,,5.4,170,104.0,0,0.0,-1,1.0,0.2,405,135.0,15,2,3.0,193.0,81.0,0,79,3.2,97.0,46.0,0.6,2.8,0.0,33755,760,13937,1363,2.2,3.2,0.56,0.46,1.02,9.73,0.12,0.1,0.22,2.13,76.2,370.0,164.0,103.1,241.0,150.0,82.0,255.0,137.0,26.1,336.0,161.0,,,,26,,Conor,Gallagher,Gallagher,,,412,0,1,0,9,0,0,0,0,0,0,5,44,,,,0.0,0.0,1.97,1.09,9.61,7,12,25
804,a,,,4.0,728,205.0,0,0.0,0,0.0,0.0,713,246.0,1,0,1.0,453.0,167.0,0,1,0.3,347.0,124.0,0.1,0.2,0.0,1499,142,331,87,-0.7,0.3,0.0,0.0,0.0,1.04,0.0,0.0,0.0,2.67,6.0,464.0,169.0,10.3,414.0,151.0,0.0,576.0,236.0,1.6,468.0,168.0,,,,26,,João Victor,de Souza Menezes,Souza,,,35,0,0,0,1,0,0,0,0,0,0,0,2,,,,0.0,0.0,2.57,0.0,5.14,0,2,2
811,a,,,4.5,462,279.0,0,0.0,0,0.0,0.0,802,356.0,0,0,0.0,715.0,292.0,0,0,0.0,640.0,240.0,0.0,0.0,0.0,189,36,39,18,-1.0,0.0,0.0,0.0,0.0,0.0,0.0,0.0,0.0,0.0,0.0,710.0,287.0,0.0,707.0,290.0,0.0,690.0,283.0,0.0,712.0,289.0,,,,26,,Rio,Kyerematen,Kyerematen,,,0,0,0,0,0,0,0,0,0,0,0,0,0,,,,0.0,0.0,0.0,0.0,0.0,0,0,0
326,a,,,5.1,225,139.0,0,0.0,-4,4.0,0.2,407,137.0,19,1,1.1,442.0,198.0,0,63,0.5,330.0,145.0,0.1,3.7,0.0,15444,543,35183,333,0.5,0.0,0.34,0.55,0.89,5.87,0.11,0.18,0.29,1.94,21.8,437.0,191.0,62.5,307.0,175.0,62.0,288.0,155.0,14.3,384.0,180.0,,,,26,,Adama,Traoré Diarra,Adama,,,272,0,0,0,9,0,0,0,1,0,0,1,14,,,,0.0,0.0,2.98,0.33,4.63,1,1,12
600,a,,,4.3,571,27.0,0,0.0,-2,2.0,2.2,125,17.0,51,0,2.5,266.0,24.0,2,220,1.0,263.0,22.0,0.2,11.9,0.0,176627,1746,429770,3174,1.0,0.5,0.0,0.0,0.0,35.3,0.0,0.0,0.0,1.76,570.4,31.0,10.0,10.0,417.0,6.0,0.0,598.0,67.0,57.9,194.0,9.0,,,,26,,Alphonse,Areola,Areola,,,1800,0,1,0,37,0,0,0,0,0,77,20,55,,,,3.85,0.0,1.85,1.0,0.0,0,30,142
601,u,0.0,0.0,4.0,660,42.0,0,0.0,0,0.0,0.2,352,51.0,0,0,0.0,571.0,63.0,0,0,0.0,453.0,54.0,0.0,0.0,0.0,3874,0,42167,129,0.0,0.0,0.0,0.0,0.0,0.0,0.0,0.0,0.0,0.0,0.0,561.0,63.0,0.0,552.0,49.0,0.0,518.0,35.0,0.0,564.0,63.0,,,,26,,Wes,Foderingham,Foderingham,has joined Aris Limassol permanently.,,0,0,0,0,0,0,0,0,0,0,0,0,0,,,,0.0,0.0,0.0,0.0,0.0,0,0,0
655,u,0.0,0.0,4.9,329,61.0,0,0.0,-1,1.0,0.2,397,62.0,0,0,0.0,772.0,85.0,0,0,0.0,728.0,77.0,0.0,0.0,0.0,7178,0,55214,40,0.0,0.0,0.0,0.0,0.0,0.0,0.0,0.0,0.0,0.0,0.0,771.0,85.0,0.0,768.0,84.0,0.0,762.0,84.0,0.0,772.0,85.0,,,,26,,Fábio,Soares Silva,Fábio Silva,has joined Borussia Dortmund permanently.,,0,0,0,0,0,0,0,0,0,0,0,0,0,,,,0.0,0.0,0.0,0.0,0.0,0,0,0
777,u,0.0,0.0,4.5,455,272.0,0,0.0,0,0.0,0.0,796,352.0,0,0,0.0,710.0,287.0,0,0,0.0,635.0,235.0,0.0,0.0,0.0,415,0,280,11,0.0,0.0,0.0,0.0,0.0,0.0,0.0,0.0,0.0,0.0,0.0,705.0,282.0,0.0,702.0,285.0,0.0,685.0,278.0,0.0,707.0,284.0,,,,26,,Temple,Ojinnaka,Ojinnaka,has joined Shrewsbury Town on loan for the rest of the season.,,0,0,0,0,0,0,0,0,0,0,0,0,0,,,,0.0,0.0,0.0,0.0,0.0,0,0,0
809,a,,,4.5,515,319.0,0,0.0,0,0.0,0.0,772,334.0,0,0,0.0,752.0,320.0,0,0,0.0,688.0,277.0,0.0,0.0,0.0,540,112,99,40,-0.5,-2.0,0.0,0.0,0.0,0.0,0.0,0.0,0.0,0.0,0.0,751.0,319.0,0.0,746.0,320.0,0.0,733.0,317.0,0.0,752.0,320.0,,,,26,,Jerome,Abbey,Abbey,,,0,0,0,0,0,0,0,0,0,0,0,0,0,,,,0.0,0.0,0.0,0.0,0.0,0,0,0
816,a,,,5.0,249,151.0,0,0.0,0,0.0,0.0,650,261.0,5,3,2.5,269.0,113.0,0,38,1.7,224.0,96.0,0.3,1.0,0.0,3913,110,401,215,1.2,1.4,0.05,0.07,0.12,5.23,0.03,0.04,0.07,3.04,32.4,419.0,185.0,37.7,355.0,187.0,10.0,398.0,198.0,8.0,420.0,192.0,,,,26,,Angel,Gomes,Angel,,,155,0,0,1,3,0,0,0,0,0,0,2,15,,,,0.0,0.58,1.74,1.16,8.71,4,4,7
817,a,,,5.5,138,35.0,0,0.0,0,0.0,0.1,492,70.0,6,2,3.0,194.0,19.0,0,21,2.0,193.0,25.0,0.4,1.1,0.0,13159,278,1589,879,1.5,2.0,0.0,0.37,0.37,5.99,0.0,0.18,0.18,3.0,29.6,426.0,49.0,32.9,363.0,46.0,6.0,420.0,59.0,6.9,429.0,53.0,,,,26,,Adam,Armstrong,Armstrong,,,180,0,1,1,3,0,0,0,1,0,0,2,5,,,,0.0,0.5,1.5,1.0,2.5,0,3,2
