id,status,chance_of_playing_next_round,chance_of_playing_this_round,now_cost,now_cost_rank,now_cost_rank_type,cost_change_event,cost_change_event_fall,cost_change_start,cost_change_start_fall,selected_by_percent,selected_rank,selected_rank_type,total_points,event_points,points_per_game,points_per_game_rank,points_per_game_rank_type,bonus,bps,form,form_rank,form_rank_type,value_form,value_season,dreamteam_count,transfers_in,transfers_in_event,transfers_out,transfers_out_event,ep_next,ep_this,expected_goals,expected_assists,expected_goal_involvements,expected_goals_conceded,expected_goals_per_90,expected_assists_per_90,expected_goal_involvements_per_90,expected_goals_conceded_per_90,influence,influence_rank,influence_rank_type,creativity,creativity_rank,creativity_rank_type,threat,threat_rank,threat_rank_type,ict_index,ict_index_rank,ict_index_rank_type,corners_and_indirect_freekicks_order,direct_freekicks_order,penalties_order,gw,set_piece_threat,first_name,second_name,web_name,news,news_added,minutes,goals_scored,assists,clean_sheets,goals_conceded,own_goals,penalties_saved,penalties_missed,yellow_cards,red_cards,saves,starts,defensive_contribution,corners_and_indirect_freekicks_text,direct_freekicks_text,penalties_text,saves_per_90,clean_sheets_per_90,goals_conceded_per_90,starts_per_90,defensive_contribution_per_90,tackles,clearances_blocks_interceptions,recoveries
711,a,,,4.4,570,342.0,0,0.0,-1,1.0,0.0,701,293.0,0,0,0.0,684.0,267.0,0,0,0.0,601.0,211.0,0.0,0.0,0.0,1829,41,1701,33,1.0,2.5,0.0,0.0,0.0,0.0,0.0,0.0,0.0,0.0,0.0,678.0,261.0,0.0,673.0,265.0,0.0,653.0,257.0,0.0,681.0,264.0,,,,26,,Andre,Harriman-Annous,Harriman-Annous,,,0,0,0,0,0,0,0,0,0,0,0,0,0,,,,0.0,0.0,0.0,0.0,0.0,0,0,0
688,a,,,3.9,764,83.0,0,0.0,-1,1.0,0.6,240,32.0,0,0,0.0,553.0,51.0,0,0,0.0,432.0,42.0,0.0,0.0,0.0,60047,404,43030,502,0.0,0.0,0.0,0.0,0.0,0.0,0.0,0.0,0.0,0.0,0.0,543.0,51.0,0.0,533.0,36.0,0.0,498.0,22.0,0.0,546.0,51.0,,,,26,,James,Wright,Wright,,,0,0,0,0,0,0,0,0,0,0,0,0,0,,,,0.0,0.0,0.0,0.0,0.0,0,0,0
99,u,0.0,0.0,4.4,566,82.0,0,0.0,-1,1.0,0.1,430,63.0,0,0,0.0,683.0,75.0,0,0,0.0,598.0,65.0,0.0,0.0,0.0,22144,0,44178,63,0.0,0.0,0.0,0.0,0.0,0.0,0.0,0.0,0.0,0.0,0.0,676.0,75.0,0.0,672.0,74.0,0.0,651.0,74.0,0.0,679.0,75.0,,,,26,,Daniel,Adu-Adjei,Adu-Adjei,has joined HNK Rijeka permanently.,,0,0,0,0,0,0,0,0,0,0,0,0,0,,,,0.0,0.0,0.0,0.0,0.0,0,0,0
782,a,,,4.0,658,40.0,0,0.0,0,0.0,0.0,684,80.0,0,0,0.0,571.0,62.0,0,0,0.0,451.0,53.0,0.0,0.0,0.0,2144,177,596,91,0.0,0.0,0.0,0.0,0.0,0.0,0.0,0.0,0.0,0.0,0.0,561.0,62.0,0.0,551.0,47.0,0.0,517.0,33.0,0.0,564.0,62.0,,,,26,,Fraser,Forster,Forster,,,0,0,0,0,0,0,0,0,0,0,0,0,0,,,,0.0,0.0,0.0,0.0,0.0,0,0,0
176,u,0.0,0.0,4.5,465,282.0,0,0.0,0,0.0,0.0,686,282.0,0,0,0.0,717.0,294.0,0,0,0.0,640.0,240.0,0.0,0.0,0.0,1435,0,4583,7,0.0,0.0,0.0,0.0,0.0,0.0,0.0,0.0,0.0,0.0,0.0,712.0,289.0,0.0,709.0,292.0,0.0,692.0,285.0,0.0,714.0,291.0,,,,26,,Adrian,Mazilu,Mazilu,has joined Dinamo Bucharest permanently.,,0,0,0,0,0,0,0,0,0,0,0,0,0,,,,0.0,0.0,0.0,0.0,0.0,0,0,0
274,a,,,4.3,612,358.0,0,0.0,-2,2.0,0.1,494,175.0,0,0,0.0,654.0,250.0,0,0,0.0,560.0,187.0,0.0,0.0,0.0,10798,1038,8666,327,0.5,0.5,0.0,0.0,0.0,0.0,0.0,0.0,0.0,0.0,0.0,644.0,240.0,0.0,641.0,246.0,0.0,616.0,234.0,0.0,647.0,243.0,,,,26,,Asher,Agbinone,Agbinone,,,0,0,0,0,0,0,0,0,0,0,0,0,0,,,,0.0,0.0,0.0,0.0,0.0,0,0,0
355,u,0.0,0.0,4.9,320,199.0,0,0.0,-1,1.0,0.0,633,249.0,0,0,0.0,766.0,329.0,0,0,0.0,718.0,297.0,0.0,0.0,0.0,1234,0,10100,3,0.0,0.0,0.0,0.0,0.0,0.0,0.0,0.0,0.0,0.0,0.0,765.0,328.0,0.0,762.0,329.0,0.0,756.0,327.0,0.0,766.0,329.0,,,,26,,Sam,Greenwood,Greenwood,has joined Pogon Szczecin permanently.,,0,0,0,0,0,0,0,0,0,0,0,0,0,,,,0.0,0.0,0.0,0.0,0.0,0,0,0
306,a,,,4.3,609,356.0,0,0.0,-2,2.0,0.1,485,170.0,0,0,0.0,652.0,248.0,0,0,0.0,557.0,185.0,0.0,0.0,0.0,12871,535,13538,270,-0.5,0.0,0.0,0.0,0.0,0.0,0.0,0.0,0.0,0.0,0.0,642.0,238.0,0.0,639.0,244.0,0.0,614.0,232.0,0.0,645.0,241.0,,,,26,,Callum,Bates,Bates,,,0,0,0,0,0,0,0,0,0,0,0,0,0,,,,0.0,0.0,0.0,0.0,0.0,0,0,0
760,a,,,4.0,706,185.0,0,0.0,0,0.0,0.0,702,241.0,0,0,0.0,608.0,225.0,0,0,0.0,491.0,197.0,0.0,0.0,0.0,924,39,712,62,0.5,0.5,0.0,0.0,0.0,0.0,0.0,0.0,0.0,0.0,0.0,598.0,225.0,0.0,591.0,225.0,0.0,558.0,219.0,0.0,601.0,225.0,,,,26,,Wellity,Lucky,Lucky,,,0,0,0,0,0,0,0,0,0,0,0,0,0,,,,0.0,0.0,0.0,0.0,0.0,0,0,0
770,a,,,4.5,503,311.0,0,0.0,0,0.0,0.0,779,339.0,0,0,0.0,744.0,314.0,0,0,0.0,674.0,267.0,0.0,0.0,0.0,523,24,275,25,0.0,-0.5,0.0,0.0,0.0,0.0,0.0,0.0,0.0,0.0,0.0,743.0,313.0,0.0,738.0,314.0,0.0,724.0,310.0,0.0,744.0,314.0,,,,26,,Seth,Ridgeon,Ridgeon,,,0,0,0,0,0,0,0,0,0,0,0,0,0,,,,0.0,0.0,0.0,0.0,0.0,0,0,0
339,a,,,4.1,653,37.0,-1,1.0,-4,4.0,0.3,301,40.0,0,0,0.0,632.0,86.0,0,0,0.0,518.0,78.0,0.0,0.0,0.0,12528,183,62396,250,0.0,-0.5,0.0,0.0,0.0,0.0,0.0,0.0,0.0,0.0,0.0,622.0,86.0,0.0,615.0,74.0,0.0,585.0,60.0,0.0,625.0,86.0,,,,26,,Illan,Meslier,Meslier,,,0,0,0,0,0,0,0,0,0,0,0,0,0,,,,0.0,0.0,0.0,0.0,0.0,0,0,0
769,a,,,4.5,481,293.0,0,0.0,0,0.0,0.0,781,341.0,1,0,1.0,477.0,216.0,0,3,0.0,655.0,251.0,0.0,0.2,0.0,390,23,241,15,0.5,0.5,0.0,0.01,0.01,0.05,0.0,0.06,0.06,0.3,2.2,482.0,223.0,11.7,408.0,203.0,0.0,707.0,296.0,1.4,473.0,217.0,,,,26,,Bendito,Mantato,Bendito Mantato,,,15,0,0,0,0,0,0,0,0,0,0,0,0,,,,0.0,0.0,0.0,0.0,0.0,0,0,0
373,a,,,5.9,90,5.0,0,0.0,-1,1.0,21.9,18,6.0,111,17,4.3,47.0,16.0,7,398,7.5,4.0,1.0,1.3,18.8,0.0,2851405,117830,3375847,9769,8.0,8.0,1.89,0.76,2.65,30.45,0.07,0.03,0.1,1.17,755.4,5.0,2.0,149.6,189.0,47.0,266.0,84.0,6.0,117.0,41.0,3.0,,,,26,,Virgil,van Dijk,Virgil,,,2340,2,0,8,35,0,0,0,4,0,0,26,276,,,,0.0,0.31,1.35,1.0,9.65,17,234,55
692,i,0.0,0.0,4.9,350,57.0,0,0.0,-1,1.0,0.0,709,245.0,0,0,0.0,778.0,261.0,0,0,0.0,737.0,256.0,0.0,0.0,0.0,1842,13,2485,12,0.0,0.0,0.0,0.0,0.0,0.0,0.0,0.0,0.0,0.0,0.0,777.0,261.0,0.0,774.0,261.0,0.0,769.0,261.0,0.0,778.0,261.0,,,,26,,Giovanni,Leoni,Leoni,Knee injury - Expected back 01 Sep,,0,0,0,0,0,0,0,0,0,0,0,0,0,,,,0.0,0.0,0.0,0.0,0.0,0,0,0
771,a,,,4.4,550,330.0,0,0.0,-1,1.0,0.0,735,309.0,1,0,1.0,466.0,206.0,0,3,0.2,359.0,155.0,0.0,0.2,0.0,1780,151,846,84,0.7,0.7,0.0,0.01,0.01,0.02,0.0,0.9,0.9,1.8,0.4,498.0,228.0,1.0,464.0,222.0,0.0,638.0,248.0,0.1,503.0,231.0,,,,26,,Tyler,Fletcher,Fletcher,,,1,0,0,0,0,0,0,0,0,0,0,0,0,,,,0.0,0.0,0.0,0.0,0.0,0,0,0
554,a,,,4.3,590,346.0,0,0.0,-2,2.0,0.3,297,103.0,0,0,0.0,643.0,241.0,0,0,0.0,544.0,175.0,0.0,0.0,0.0,80309,398,75834,506,0.0,-0.5,0.0,0.0,0.0,0.0,0.0,0.0,0.0,0.0,0.0,633.0,231.0,0.0,629.0,237.0,0.0,603.0,224.0,0.0,636.0,234.0,,,,26,,Abdoullah,Ba,Ba,,,0,0,0,0,0,0,0,0,0,0,0,0,0,,,,0.0,0.0,0.0,0.0,0.0,0,0,0
461,a,,,4.3,610,357.0,0,0.0,-2,2.0,0.0,608,235.0,0,0,0.0,653.0,249.0,0,0,0.0,558.0,186.0,0.0,0.0,0.0,3122,87,4695,50,0.5,0.5,0.0,0.0,0.0,0.0,0.0,0.0,0.0,0.0,0.0,643.0,239.0,0.0,640.0,245.0,0.0,615.0,233.0,0.0,646.0,242.0,,,,26,,Jayce,Fitzgerald,Fitzgerald,,,0,0,0,0,0,0,0,0,0,0,0,0,0,,,,0.0,0.0,0.0,0.0,0.0,0,0,0
617,u,0.0,0.0,4.9,289,179.0,0,0.0,-1,1.0,0.0,700,292.0,0,0,0.0,761.0,325.0,0,0,0.0,707.0,289.0,0.0,0.0,0.0,246,0,3212,5,0.0,0.0,0.0,0.0,0.0,0.0,0.0,0.0,0.0,0.0,0.0,760.0,324.0,0.0,757.0,325.0,0.0,750.0,323.0,0.0,761.0,325.0,,,,26,,Maxwel,Cornet,Cornet,has joined Genoa on loan for the rest of the season.,,0,0,0,0,0,0,0,0,0,0,0,0,0,,,,0.0,0.0,0.0,0.0,0.0,0,0,0
783,a,,,5.5,135,83.0,0,0.0,0,0.0,0.1,497,176.0,23,2,3.3,148.0,66.0,4,121,4.5,40.0,24.0,0.8,4.2,0.0,17099,832,6359,659,4.5,4.5,0.61,1.35,1.96,7.39,0.1,0.22,0.32,1.2,137.8,303.0,135.0,229.8,122.0,84.0,76.0,263.0,142.0,44.2,252.0,126.0,,,,26,,Pascal,Groß,Groß,,,556,1,0,1,5,0,0,0,2,0,0,6,55,,,,0.0,0.16,0.81,0.97,8.9,9,18,28
795,a,,,4.5,492,302.0,0,0.0,0,0.0,0.0,778,338.0,3,1,1.5,405.0,178.0,0,9,0.8,292.0,126.0,0.2,0.7,0.0,489,89,124,26,0.8,0.8,0.0,0.03,0.03,1.0,0.0,0.03,0.03,1.14,7.2,461.0,208.0,4.4,439.0,213.0,2.0,445.0,220.0,1.4,474.0,218.0,,,,26,,Harry,Howell,Howell,,,79,0,0,0,2,0,0,0,0,0,0,1,4,,,,0.0,0.0,2.28,1.14,4.56,0,2,2
647,u,0.0,0.0,5.5,140,86.0,0,0.0,0,0.0,0.0,789,347.0,0,0,0.0,803.0,357.0,0,0,0.0,785.0,346.0,0.0,0.0,0.0,0,0,796,0,0.0,0.0,0.0,0.0,0.0,0.0,0.0,0.0,0.0,0.0,0.0,803.0,357.0,0.0,802.0,357.0,0.0,800.0,356.0,0.0,803.0,357.0,,,,26,,Gonçalo Manuel,Ganchinho Guedes,Guedes,Has joined Real Sociedad permanently.,,0,0,0,0,0,0,0,0,0,0,0,0,0,,,,0.0,0.0,0.0,0.0,0.0,0,0,0
639,u,0.0,0.0,4.0,712,190.0,0,0.0,0,0.0,0.0,759,259.0,0,0,0.0,613.0,229.0,0,0,0.0,497.0,202.0,0.0,0.0,0.0,0,0,870,5,0.0,0.0,0.0,0.0,0.0,0.0,0.0,0.0,0.0,0.0,0.0,603.0,229.0,0.0,596.0,229.0,0.0,564.0,224.0,0.0,606.0,229.0,,,,26,,Bastien,Meupiyou Menadjou,Meupiyou,On loan to FC Alverca,,0,0,0,0,0,0,0,0,0,0,0,0,0,,,,0.0,0.0,0.0,0.0,0.0,0,0,0
640,a,100.0,100.0,4.0,732,209.0,0,0.0,0,0.0,0.4,288,108.0,3,0,1.0,456.0,169.0,0,5,0.4,341.0,121.0,0.1,0.8,0.0,9531,108,88486,217,-0.1,-1.2,0.0,0.0,0.0,0.79,0.0,0.0,0.0,23.7,0.2,499.0,178.0,0.5,469.0,173.0,2.0,436.0,162.0,0.2,499.0,177.0,,,,26,,Pedro,Cardoso de Lima,Pedro Lima,,,3,0,0,0,1,0,0,0,0,0,0,0,0,,,,0.0,0.0,30.0,0.0,0.0,0,0,1
641,u,0.0,0.0,3.9,771,225.0,0,0.0,-1,1.0,1.0,188,71.0,0,0,0.0,560.0,203.0,0,0,0.0,439.0,172.0,0.0,0.0,0.0,85684,0,143798,1190,0.0,0.0,0.0,0.0,0.0,0.0,0.0,0.0,0.0,0.0,0.0,550.0,203.0,0.0,540.0,203.0,0.0,505.0,195.0,0.0,553.0,203.0,,,,26,,Alfie,Pond,Pond,has joined Crewe Alexandra on loan for the rest of the season.,,0,0,0,0,0,0,0,0,0,0,0,0,0,,,,0.0,0.0,0.0,0.0,0.0,0,0,0
20,a,100.0,75.0,6.8,45,27.0,0,0.0,-2,2.0,1.2,170,56.0,95,3,4.1,60.0,28.0,9,338,2.8,143.0,67.0,0.4,14.0,0.0,521917,2066,424211,10947,3.8,6.1,4.58,2.51,7.09,10.29,0.27,0.15,0.42,0.61,393.8,98.0,31.0,424.1,36.0,34.0,399.0,33.0,18.0,122.0,34.0,26.0,,,4.0,26,,Leandro,Trossard,Trossard,,,1515,5,5,8,12,0,0,0,1,0,0,16,98,,,,0.0,0.48,0.71,0.95,5.82,20,20,58
217,a,100.0,100.0,4.9,324,60.0,0,0.0,-1,1.0,0.8,206,33.0,46,1,2.4,287.0,30.0,4,170,2.2,174.0,23.0,0.4,9.4,0.0,446726,1111,436115,1338,1.2,1.7,2.25,0.26,2.51,21.21,0.2,0.02,0.22,1.87,175.2,267.0,24.0,110.1,225.0,24.0,163.0,151.0,36.0,44.2,251.0,28.0,,,,26,,Lyle,Foster,Foster,,,1019,3,1,3,22,0,0,0,3,0,0,12,60,,,,0.0,0.26,1.94,1.06,5.3,11,19,30
92,u,0.0,0.0,4.5,431,258.0,0,0.0,0,0.0,0.1,554,202.0,0,0,0.0,697.0,275.0,0,0,0.0,618.0,220.0,0.0,0.0,0.0,4403,0,19517,80,0.0,0.0,0.0,0.0,0.0,0.0,0.0,0.0,0.0,0.0,0.0,691.0,269.0,0.0,688.0,273.0,0.0,670.0,266.0,0.0,694.0,272.0,,,,26,,Romain,Faivre,Faivre,has joined Auxerre permanently.,,0,0,0,0,0,0,0,0,0,0,0,0,0,,,,0.0,0.0,0.0,0.0,0.0,0,0,0
43,u,0.0,0.0,4.0,661,161.0,0,0.0,0,0.0,1.6,150,59.0,0,0,0.0,573.0,209.0,0,0,0.0,453.0,179.0,0.0,0.0,0.0,44476,0,884920,765,0.0,0.0,0.0,0.0,0.0,0.0,0.0,0.0,0.0,0.0,0.0,563.0,209.0,0.0,554.0,209.0,0.0,520.0,202.0,0.0,566.0,209.0,,,,26,,Álex,Moreno Lopera,Alex Moreno,Has joined Girona permanently.,,0,0,0,0,0,0,0,0,0,0,0,0,0,,,,0.0,0.0,0.0,0.0,0.0,0,0,0
122,i,0.0,0.0,5.2,217,135.0,0,0.0,-3,3.0,0.0,651,261.0,1,0,1.0,496.0,232.0,0,5,0.0,762.0,329.0,0.0,0.2,0.0,2014,10,6906,11,0.0,0.0,0.0,0.01,0.01,1.49,0.0,0.02,0.02,2.98,4.0,475.0,218.0,1.8,453.0,217.0,0.0,788.0,348.0,0.6,484.0,222.0,,,,26,,Antoni,Milambo,Milambo,Knee injury - Expected back 01 Jun,,45,0,0,0,3,0,0,0,0,0,0,1,4,,,,0.0,0.0,6.0,2.0,8.0,2,0,2
59,a,100.0,100.0,4.8,367,229.0,0,0.0,-2,2.0,0.7,221,77.0,58,3,3.4,129.0,56.0,3,255,3.0,111.0,51.0,0.6,12.1,0.0,151206,2982,267720,1122,3.0,3.0,0.49,0.26,0.75,18.59,0.04,0.02,0.06,1.47,299.2,178.0,70.0,80.8,275.0,160.0,75.0,266.0,144.0,45.5,245.0,123.0,,,,26,,Amadou,Onana,Onana,,,1138,2,0,5,12,0,0,0,2,0,0,14,154,,,,0.0,0.4,0.95,1.11,12.18,33,74,47
190,a,,,3.9,763,223.0,0,0.0,-1,1.0,0.8,205,78.0,44,0,2.9,198.0,77.0,2,121,0.0,431.0,170.0,0.0,11.3,0.0,246409,251,198723,1221,-1.0,-0.5,0.21,0.24,0.45,22.73,0.02,0.02,0.04,1.74,273.8,194.0,81.0,43.1,346.0,120.0,78.0,259.0,74.0,39.5,276.0,93.0,,,,26,,Hjalmar,Ekdal,Ekdal,,,1179,0,0,2,24,0,0,0,0,0,0,13,146,,,,0.0,0.15,1.83,0.99,10.08,19,113,31
191,a,100.0,100.0,3.9,762,222.0,0,0.0,-1,1.0,7.9,48,16.0,57,3,2.5,264.0,102.0,0,186,2.5,149.0,49.0,0.6,14.6,0.0,739961,3400,1895778,6597,1.5,2.0,0.42,0.53,0.95,45.69,0.02,0.02,0.04,2.09,484.2,59.0,27.0,86.6,265.0,85.0,76.0,262.0,75.0,64.9,166.0,54.0,,,,26,,Maxime,Estève,Estève,,,1969,0,0,2,47,2,0,0,0,0,0,23,245,,,,0.0,0.09,2.15,1.05,10.01,28,191,70
699,a,100.0,100.0,4.9,317,197.0,0,0.0,-1,1.0,0.1,498,177.0,18,3,1.6,385.0,170.0,0,123,1.8,217.0,90.0,0.4,3.7,0.0,22348,963,17166,281,1.8,1.8,0.23,1.04,1.27,6.96,0.04,0.17,0.21,1.11,96.2,346.0,153.0,197.0,148.0,102.0,49.0,310.0,162.0,34.2,301.0,149.0,,,,26,,Douglas Luiz,Soares de Paulo,Douglas Luiz,,,563,0,1,1,9,0,0,0,2,0,0,8,68,,,,0.0,0.16,1.44,1.28,10.87,15,17,36
701,u,0.0,0.0,4.0,713,191.0,0,0.0,0,0.0,0.1,533,190.0,0,0,0.0,614.0,230.0,0,0,0.0,498.0,203.0,0.0,0.0,0.0,8943,0,10648,31,0.0,0.0,0.0,0.0,0.0,0.0,0.0,0.0,0.0,0.0,0.0,604.0,230.0,0.0,597.0,230.0,0.0,565.0,225.0,0.0,607.0,230.0,,,,26,,Triston,Rowe,Rowe,has joined Annecy on loan for the rest of the season.,,0,0,0,0,0,0,0,0,0,0,0,0,0,,,,0.0,0.0,0.0,0.0,0.0,0,0,0
199,a,100.0,100.0,3.8,786,235.0,0,0.0,-2,2.0,0.2,415,151.0,10,3,1.4,418.0,149.0,0,22,0.8,286.0,98.0,0.2,2.6,0.0,18886,399,22302,130,-0.2,0.3,0.0,0.02,0.02,5.75,0.0,0.01,0.01,2.12,67.4,380.0,145.0,1.0,463.0,171.0,4.0,425.0,157.0,7.3,427.0,153.0,,,,26,,Joe,Worrall,Worrall,,,244,0,0,0,5,0,0,0,0,0,0,2,37,,,,0.0,0.0,1.84,0.74,13.28,2,34,6
204,u,0.0,0.0,4.9,321,200.0,0,0.0,-1,1.0,0.0,723,302.0,0,0,0.0,767.0,330.0,0,0,0.0,719.0,298.0,0.0,0.0,0.0,160,0,2079,5,0.0,0.0,0.0,0.0,0.0,0.0,0.0,0.0,0.0,0.0,0.0,766.0,329.0,0.0,763.0,330.0,0.0,757.0,328.0,0.0,767.0,330.0,,,,26,,Darko,Churlinov,Churlinov,has joined Kocaelispor  permanently.,,0,0,0,0,0,0,0,0,0,0,0,0,0,,,,0.0,0.0,0.0,0.0,0.0,0,0,0
205,i,0.0,0.0,4.9,297,185.0,0,0.0,-1,1.0,0.9,200,68.0,70,0,3.9,81.0,39.0,8,321,0.0,709.0,291.0,0.0,14.3,0.0,568178,58,534227,1591,0.0,0.0,0.94,1.36,2.3,32.5,0.06,0.08,0.14,1.93,342.0,131.0,44.0,218.1,129.0,89.0,98.0,235.0,130.0,66.0,158.0,88.0,,,,26,,Josh,Cullen,Cullen,Knee injury - Expected back 30 Sep,,1513,2,2,3,29,1,0,0,2,0,0,18,173,,,,0.0,0.18,1.73,1.07,10.29,32,68,73
49,a,100.0,100.0,5.5,141,87.0,0,0.0,0,0.0,0.1,489,172.0,4,1,1.0,499.0,235.0,0,15,1.0,277.0,120.0,0.2,0.7,0.0,4975,468,49155,204,1.0,1.0,0.15,0.54,0.69,1.11,0.1,0.37,0.47,0.77,20.2,443.0,196.0,79.1,280.0,163.0,27.0,353.0,185.0,12.7,392.0,182.0,,,,26,,Leon,Bailey,Bailey,,,130,0,0,0,0,0,0,0,0,0,0,0,13,,,,0.0,0.0,0.0,0.0,9.0,3,1,9
51,u,0.0,0.0,5.5,150,93.0,0,0.0,0,0.0,0.0,683,280.0,0,0,0.0,804.0,358.0,0,0,0.0,786.0,347.0,0.0,0.0,0.0,1383,0,3775,5,0.0,0.0,0.0,0.0,0.0,0.0,0.0,0.0,0.0,0.0,0.0,804.0,358.0,0.0,803.0,358.0,0.0,801.0,357.0,0.0,804.0,358.0,,,,26,,Samuel,Iling-Junior,Iling Jr,has joined Pisa on loan for the rest of the season.,,0,0,0,0,0,0,0,0,0,0,0,0,0,,,,0.0,0.0,0.0,0.0,0.0,0,0,0
807,a,,,5.5,152,94.0,0,0.0,0,0.0,0.9,198,66.0,19,6,6.3,3.0,1.0,2,66,6.3,13.0,8.0,1.1,3.5,0.0,121492,77170,4477,1851,6.3,6.3,0.5,0.72,1.22,4.18,0.23,0.33,0.56,1.9,90.2,351.0,155.0,62.7,306.0,174.0,70.0,274.0,148.0,22.3,352.0,169.0,,,,26,,Rayan Vitor,Simplício Rocha,Rayan,,,198,2,1,0,2,0,0,0,1,0,0,2,9,,,,0.0,0.0,0.91,0.91,4.09,0,1,8
27,a,100.0,0.0,4.8,356,224.0,0,0.0,-2,2.0,0.1,488,171.0,6,0,1.0,484.0,223.0,0,19,0.0,697.0,283.0,0.0,1.2,0.0,10269,87,17914,82,0.0,0.0,0.61,0.07,0.68,1.21,1.1,0.13,1.23,2.18,16.4,447.0,199.0,4.0,443.0,214.0,16.0,384.0,194.0,3.4,454.0,205.0,,,,26,,Reiss,Nelson,Nelson,,,50,0,0,0,1,0,0,0,0,0,0,0,17,,,,0.0,0.0,1.8,0.0,30.6,2,3,12
757,a,,,4.0,703,62.0,0,0.0,0,0.0,0.0,716,83.0,0,0,0.0,605.0,81.0,0,0,0.0,488.0,73.0,0.0,0.0,0.0,1166,49,752,35,0.0,0.0,0.0,0.0,0.0,0.0,0.0,0.0,0.0,0.0,0.0,595.0,81.0,0.0,588.0,69.0,0.0,555.0,55.0,0.0,598.0,81.0,,,,26,,Ronnie,Hollingshead,Hollingshead,,,0,0,0,0,0,0,0,0,0,0,0,0,0,,,,0.0,0.0,0.0,0.0,0.0,0,0,0
115,u,0.0,0.0,4.0,725,202.0,0,0.0,0,0.0,0.1,525,187.0,0,0,0.0,624.0,239.0,0,0,0.0,510.0,214.0,0.0,0.0,0.0,2020,0,14274,30,0.0,0.0,0.0,0.0,0.0,0.0,0.0,0.0,0.0,0.0,0.0,614.0,239.0,0.0,607.0,239.0,0.0,575.0,234.0,0.0,617.0,239.0,,,,26,,Benjamin,Fredrick,Fredrick,has joined Dender on loan for the rest of the season.,,0,0,0,0,0,0,0,0,0,0,0,0,0,,,,0.0,0.0,0.0,0.0,0.0,0,0,0
798,u,0.0,0.0,4.0,698,181.0,0,0.0,0,0.0,0.0,792,263.0,0,0,0.0,602.0,223.0,0,0,0.0,485.0,195.0,0.0,0.0,0.0,142,0,133,26,0.0,0.0,0.0,0.0,0.0,0.0,0.0,0.0,0.0,0.0,0.0,592.0,223.0,0.0,585.0,223.0,0.0,552.0,217.0,0.0,595.0,223.0,,,,26,,Danny,Imray,Imray,has joined West Brom on loan for the rest of the season.,,0,0,0,0,0,0,0,0,0,0,0,0,0,,,,0.0,0.0,0.0,0.0,0.0,0,0,0
242,a,100.0,100.0,4.9,312,195.0,0,0.0,-1,1.0,3.2,104,32.0,93,2,4.9,18.0,10.0,13,360,4.5,37.0,23.0,0.9,19.0,0.0,1692922,22610,1830647,7816,4.0,4.5,2.37,3.26,5.63,22.44,0.14,0.19,0.33,1.29,346.0,129.0,43.0,372.9,49.0,43.0,251.0,90.0,55.0,97.0,73.0,43.0,2.0,,,26,,Kiernan,Dewsbury-Hall,Dewsbury-Hall,,,1560,5,4,6,20,0,0,0,5,0,0,18,126,,,,0.0,0.35,1.15,1.04,7.27,30,30,66
810,a,,,4.5,471,286.0,0,0.0,0,0.0,0.0,805,357.0,0,0,0.0,720.0,296.0,0,0,0.0,645.0,244.0,0.0,0.0,0.0,160,50,28,14,0.0,-1.0,0.0,0.0,0.0,0.0,0.0,0.0,0.0,0.0,0.0,717.0,293.0,0.0,713.0,295.0,0.0,697.0,289.0,0.0,719.0,295.0,,,,26,,Luka,Bentt,Bentt,,,0,0,0,0,0,0,0,0,0,0,0,0,0,,,,0.0,0.0,0.0,0.0,0.0,0,0,0
296,a,100.0,100.0,4.4,535,114.0,0,0.0,-1,1.0,0.0,619,221.0,21,0,3.5,119.0,43.0,0,68,0.8,290.0,102.0,0.2,4.8,0.0,5594,51,5904,173,0.3,0.8,0.03,0.04,0.07,3.55,0.01,0.02,0.03,1.35,63.6,386.0,148.0,6.4,435.0,157.0,17.0,383.0,135.0,8.6,415.0,148.0,,,,26,,Nathan,Patterson,Patterson,,,237,0,0,2,1,0,0,0,0,0,0,3,30,,,,0.0,0.76,0.38,1.14,11.39,10,20,14
208,u,0.0,0.0,5.0,266,161.0,0,0.0,0,0.0,0.0,733,308.0,0,0,0.0,784.0,343.0,0,0,0.0,745.0,316.0,0.0,0.0,0.0,68,0,3021,5,0.0,0.0,0.0,0.0,0.0,0.0,0.0,0.0,0.0,0.0,0.0,783.0,342.0,0.0,782.0,343.0,0.0,778.0,341.0,0.0,784.0,343.0,,,,26,,Luca,Koleosho,Koleosho,has joined Paris FC on loan for the rest of the season.,,0,0,0,0,0,0,0,0,0,0,0,0,0,,,,0.0,0.0,0.0,0.0,0.0,0,0,0
141,u,0.0,0.0,4.0,687,55.0,0,0.0,0,0.0,0.0,803,92.0,0,0,0.0,592.0,74.0,0,0,0.0,474.0,66.0,0.0,0.0,0.0,0,0,243,0,0.0,0.0,0.0,0.0,0.0,0.0,0.0,0.0,0.0,0.0,0.0,582.0,74.0,0.0,575.0,62.0,0.0,542.0,48.0,0.0,585.0,74.0,,,,26,,Carl,Rushworth,Rushworth,Has joined Coventry City on loan for the rest of the season.,,0,0,0,0,0,0,0,0,0,0,0,0,0,,,,0.0,0.0,0.0,0.0,0.0,0,0,0
298,a,,,3.8,795,244.0,0,0.0,-2,2.0,0.1,423,156.0,0,0,0.0,521.0,187.0,0,0,0.0,396.0,152.0,0.0,0.0,0.0,7235,120,14435,131,-0.5,0.0,0.0,0.0,0.0,0.0,0.0,0.0,0.0,0.0,0.0,511.0,187.0,0.0,498.0,185.0,0.0,462.0,176.0,0.0,514.0,187.0,,,,26,,Reece,Welch,Welch,,,0,0,0,0,0,0,0,0,0,0,0,0,0,,,,0.0,0.0,0.0,0.0,0.0,0,0,0
299,a,100.0,100.0,6.2,73,49.0,0,0.0,-3,3.0,3.9,85,29.0,88,9,4.4,38.0,19.0,5,361,3.8,80.0,40.0,0.6,14.2,0.0,1655129,10965,2482968,5405,3.3,3.8,4.38,3.64,8.02,25.25,0.23,0.19,0.42,1.33,417.0,83.0,27.0,309.9,77.0,58.0,384.0,38.0,23.0,111.3,45.0,32.0,,,1.0,26,,Iliman,Ndiaye,Ndiaye,,,1703,5,2,6,24,0,0,0,2,0,0,20,186,,,,0.0,0.32,1.27,1.06,9.83,46,21,119
300,a,,,5.5,144,89.0,0,0.0,-5,5.0,0.1,417,142.0,29,0,2.1,319.0,139.0,0,99,0.2,380.0,169.0,0.0,5.3,0.0,31284,108,61833,530,-0.3,0.2,0.46,0.68,1.14,12.17,0.07,0.1,0.17,1.78,76.0,371.0,165.0,127.8,205.0,136.0,45.0,317.0,167.0,24.9,340.0,163.0,,,,26,,Dwight,McNeil,McNeil,,,615,0,2,3,4,0,0,0,1,0,0,7,53,,,,0.0,0.44,0.59,1.02,7.76,11,11,31
288,a,,,4.3,584,28.0,0,0.0,-2,2.0,0.1,458,69.0,0,0,0.0,641.0,89.0,0,0,0.0,542.0,83.0,0.0,0.0,0.0,4387,50,11700,79,-0.5,0.0,0.0,0.0,0.0,0.0,0.0,0.0,0.0,0.0,0.0,631.0,89.0,0.0,627.0,80.0,0.0,601.0,68.0,0.0,634.0,89.0,,,,26,,Mark,Travers,Travers,,,0,0,0,0,0,0,0,0,0,0,0,0,0,,,,0.0,0.0,0.0,0.0,0.0,0,0,0
231,a,100.0,100.0,4.5,478,95.0,0,0.0,0,0.0,0.0,695,240.0,0,0,0.0,726.0,258.0,0,0,0.0,652.0,247.0,0.0,0.0,0.0,1112,359,2173,89,1.0,0.5,0.0,0.0,0.0,0.0,0.0,0.0,0.0,0.0,0.0,723.0,258.0,0.0,719.0,258.0,0.0,704.0,258.0,0.0,725.0,258.0,,,,26,,Mamadou,Sarr,M.Sarr,,,0,0,0,0,0,0,0,0,0,0,0,0,0,,,,0.0,0.0,0.0,0.0,0.0,0,0,0
316,a,100.0,100.0,4.9,295,44.0,0,0.0,-1,1.0,0.7,212,81.0,33,0,2.8,226.0,90.0,4,142,0.5,327.0,119.0,0.1,6.7,0.0,143134,1347,171621,2541,0.5,0.0,0.22,1.11,1.33,13.3,0.02,0.12,0.14,1.49,192.8,257.0,105.0,207.2,137.0,35.0,34.0,341.0,111.0,43.4,256.0,87.0,,,,26,,Antonee,Robinson,Robinson,,,801,0,0,2,10,0,0,0,0,0,0,9,69,,,,0.0,0.22,1.12,1.01,7.64,26,42,48
52,a,100.0,100.0,5.3,194,121.0,0,0.0,-2,2.0,0.2,365,121.0,24,7,1.5,412.0,185.0,0,127,2.5,164.0,74.0,0.5,4.5,0.0,24673,597,73938,244,2.0,2.5,0.8,0.68,1.48,13.55,0.1,0.09,0.19,1.71,113.2,326.0,148.0,146.2,190.0,127.0,108.0,223.0,122.0,36.8,285.0,140.0,,,,26,,Jacob,Ramsey,J.Ramsey,,,714,1,0,0,17,0,0,0,3,0,0,6,76,,,,0.0,0.0,2.14,0.76,9.58,16,11,49
664,a,,,3.9,742,72.0,0,0.0,-1,1.0,0.7,215,28.0,0,0,0.0,539.0,40.0,0,0,0.0,416.0,31.0,0.0,0.0,0.0,40571,466,51388,476,0.0,-0.5,0.0,0.0,0.0,0.0,0.0,0.0,0.0,0.0,0.0,529.0,40.0,0.0,519.0,25.0,0.0,484.0,11.0,0.0,532.0,40.0,,,,26,,Benjamin,Lecomte,Lecomte,,,0,0,0,0,0,0,0,0,0,0,0,0,0,,,,0.0,0.0,0.0,0.0,0.0,0,0,0
789,a,,,4.0,704,63.0,0,0.0,0,0.0,0.0,769,87.0,0,0,0.0,606.0,82.0,0,0,0.0,489.0,74.0,0.0,0.0,0.0,330,21,224,36,1.0,0.5,0.0,0.0,0.0,0.0,0.0,0.0,0.0,0.0,0.0,596.0,82.0,0.0,589.0,70.0,0.0,556.0,56.0,0.0,599.0,82.0,,,,26,,Max,Merrick,Merrick,,,0,0,0,0,0,0,0,0,0,0,0,0,0,,,,0.0,0.0,0.0,0.0,0.0,0,0,0
523,a,100.0,100.0,4.5,475,289.0,0,0.0,0,0.0,0.1,575,213.0,0,0,0.0,723.0,298.0,0,0,0.0,649.0,247.0,0.0,0.0,0.0,2376,81,16594,48,-0.5,0.5,0.0,0.0,0.0,0.0,0.0,0.0,0.0,0.0,0.0,720.0,295.0,0.0,716.0,297.0,0.0,701.0,292.0,0.0,722.0,297.0,,,,26,,Eric,da Silva Moreira,Da Silva Moreira,,,0,0,0,0,0,0,0,0,0,0,0,0,0,,,,0.0,0.0,0.0,0.0,0.0,0,0,0
524,u,0.0,0.0,4.5,451,269.0,0,0.0,0,0.0,0.0,689,284.0,0,0,0.0,707.0,284.0,0,0,0.0,629.0,230.0,0.0,0.0,0.0,245,0,5692,4,0.0,0.0,0.0,0.0,0.0,0.0,0.0,0.0,0.0,0.0,0.0,702.0,279.0,0.0,699.0,282.0,0.0,682.0,275.0,0.0,704.0,281.0,,,,26,,Marko,Stamenić,Stamenic,Has joined Swansea City permanently.,,0,0,0,0,0,0,0,0,0,0,0,0,0,,,,0.0,0.0,0.0,0.0,0.0,0,0,0
525,i,0.0,0.0,7.2,28,11.0,0,0.0,-3,3.0,4.6,76,14.0,25,0,3.1,179.0,16.0,3,85,0.0,814.0,90.0,0.0,3.5,0.0,2133466,47,3384990,2024,0.0,0.0,2.81,0.11,2.92,7.84,0.47,0.02,0.49,1.31,77.6,368.0,37.0,49.6,335.0,39.0,179.0,135.0,32.0,29.8,321.0,36.0,,,1.0,26,,Chris,Wood,Wood,Knee injury - Unknown return date,,538,2,0,1,8,0,0,0,0,0,0,7,14,,,,0.0,0.17,1.34,1.17,2.34,1,6,7
723,a,100.0,100.0,4.5,510,97.0,0,0.0,0,0.0,0.0,649,227.0,27,0,3.0,187.0,74.0,4,71,0.0,681.0,248.0,0.0,6.0,0.0,4654,42,3616,116,0.5,0.5,0.05,0.12,0.17,7.65,0.01,0.03,0.04,1.96,99.0,341.0,130.0,7.1,432.0,156.0,10.0,397.0,144.0,11.5,397.0,142.0,,,,26,,Jaydee,Canvot,Canvot,,,352,0,0,2,6,0,0,0,1,0,0,3,52,,,,0.0,0.51,1.53,0.77,13.3,16,36,13
369,a,,,3.9,746,75.0,0,0.0,-1,1.0,0.2,388,56.0,0,0,0.0,542.0,43.0,0,0,0.0,420.0,34.0,0.0,0.0,0.0,22146,92,16714,184,0.5,0.5,0.0,0.0,0.0,0.0,0.0,0.0,0.0,0.0,0.0,532.0,43.0,0.0,522.0,28.0,0.0,487.0,14.0,0.0,535.0,43.0,,,,26,,Freddie,Woodman,Woodman,,,0,0,0,0,0,0,0,0,0,0,0,0,0,,,,0.0,0.0,0.0,0.0,0.0,0,0,0
378,a,100.0,100.0,3.7,817,265.0,0,0.0,-3,3.0,1.2,177,68.0,0,0,0.0,515.0,182.0,0,0,0.0,386.0,143.0,0.0,0.0,0.0,220199,2693,95664,4103,0.5,0.5,0.0,0.0,0.0,0.0,0.0,0.0,0.0,0.0,0.0,504.0,181.0,0.0,490.0,178.0,0.0,454.0,169.0,0.0,507.0,181.0,,,,26,,Amara,Nallo,Nallo,,,0,0,0,0,0,0,0,0,0,0,0,0,0,,,,0.0,0.0,0.0,0.0,0.0,0,0,0
746,a,,,4.5,491,301.0,0,0.0,0,0.0,0.0,746,317.0,0,0,0.0,736.0,307.0,0,0,0.0,665.0,259.0,0.0,0.0,0.0,973,24,755,27,0.5,0.5,0.0,0.0,0.0,0.0,0.0,0.0,0.0,0.0,0.0,734.0,305.0,0.0,729.0,306.0,0.0,715.0,302.0,0.0,735.0,306.0,,,,26,,Kieran,Morrison,Morrison,,,0,0,0,0,0,0,0,0,0,0,0,0,0,,,,0.0,0.0,0.0,0.0,0.0,0,0,0
539,a,100.0,100.0,4.0,667,164.0,0,0.0,0,0.0,0.1,558,200.0,2,0,0.4,511.0,178.0,0,6,0.5,311.0,108.0,0.1,0.5,0.0,6752,107,7078,126,0.5,0.0,0.0,0.0,0.0,0.86,0.0,0.0,0.0,3.52,6.0,464.0,168.0,1.1,460.0,168.0,0.0,525.0,204.0,0.7,480.0,169.0,,,,26,,Luke,O'Nien,O'Nien,,,22,0,0,0,0,0,0,0,0,1,0,0,3,,,,0.0,0.0,0.0,0.0,12.27,2,1,1
737,a,,,4.5,508,74.0,0,0.0,0,0.0,0.1,479,69.0,4,0,0.8,505.0,62.0,0,11,0.0,679.0,73.0,0.0,0.9,0.0,19996,558,14679,331,0.0,-0.5,0.0,0.07,0.07,0.75,0.0,0.21,0.21,2.25,1.2,490.0,59.0,11.4,409.0,54.0,8.0,408.0,56.0,2.1,464.0,57.0,,,,26,,Jonah,Kusi-Asare,Kusi-Asare,,,30,0,0,0,2,0,0,0,1,0,0,0,2,,,,0.0,0.0,6.0,0.0,6.0,0,0,2
438,a,100.0,100.0,4.9,316,51.0,0,0.0,-1,1.0,0.2,371,134.0,20,0,1.7,375.0,139.0,2,99,0.8,296.0,104.0,0.2,4.1,0.0,32499,676,52766,671,1.3,1.3,0.06,0.23,0.28,3.98,0.01,0.05,0.06,0.8,115.2,323.0,121.0,51.5,328.0,112.0,22.0,370.0,129.0,18.7,364.0,125.0,,,,26,,Noussair,Mazraoui,Mazraoui,,,448,0,0,1,6,0,0,0,1,0,0,6,59,,,,0.0,0.2,1.21,1.21,9.44,15,32,27
774,a,,,4.0,673,168.0,0,0.0,0,0.0,0.0,707,243.0,0,0,0.0,581.0,214.0,0,0,0.0,463.0,185.0,0.0,0.0,0.0,1121,77,533,55,0.0,-0.5,0.0,0.0,0.0,0.0,0.0,0.0,0.0,0.0,0.0,571.0,214.0,0.0,564.0,214.0,0.0,531.0,208.0,0.0,574.0,214.0,,,,26,,Jenson,Jones,Jenson Jones,,,0,0,0,0,0,0,0,0,0,0,0,0,0,,,,0.0,0.0,0.0,0.0,0.0,0,0,0
775,u,0.0,0.0,4.5,494,303.0,0,0.0,0,0.0,0.0,814,364.0,0,0,0.0,738.0,308.0,0,0,0.0,667.0,260.0,0.0,0.0,0.0,160,0,130,3,0.0,0.0,0.0,0.0,0.0,0.0,0.0,0.0,0.0,0.0,0.0,736.0,306.0,0.0,731.0,307.0,0.0,717.0,303.0,0.0,737.0,307.0,,,,26,,Tymur,Tutierov,Tutierov,has joined Exeter City on loan for the rest of the season.,,0,0,0,0,0,0,0,0,0,0,0,0,0,,,,0.0,0.0,0.0,0.0,0.0,0,0,0
572,a,100.0,100.0,4.5,449,90.0,0,0.0,0,0.0,0.0,677,236.0,6,3,1.2,438.0,158.0,0,7,1.2,251.0,92.0,0.3,1.3,0.0,2491,84,1606,217,0.2,1.2,0.18,0.0,0.18,6.03,0.07,0.0,0.07,2.22,47.2,402.0,151.0,2.1,451.0,165.0,15.0,385.0,136.0,6.4,434.0,157.0,,,,26,,Radu,Drăgușin,Dragusin,,,244,0,0,0,6,0,0,0,0,0,0,2,24,,,,0.0,0.0,2.21,0.74,8.85,2,22,5
344,a,100.0,100.0,3.9,755,218.0,0,0.0,-1,1.0,0.4,277,102.0,46,3,3.5,116.0,41.0,2,152,0.8,288.0,100.0,0.2,11.8,0.0,99505,482,76498,621,0.8,0.3,0.48,0.5,0.98,20.03,0.04,0.04,0.08,1.68,283.4,185.0,77.0,38.0,353.0,122.0,131.0,192.0,46.0,45.2,246.0,83.0,,,,26,,Jaka,Bijol,Bijol,,,1072,1,2,1,20,0,0,0,1,0,0,12,123,,,,0.0,0.08,1.68,1.01,9.4,15,97,39
360,u,0.0,0.0,4.5,439,263.0,0,0.0,0,0.0,0.0,751,319.0,0,0,0.0,703.0,280.0,0,0,0.0,624.0,225.0,0.0,0.0,0.0,0,0,2886,3,0.0,0.0,0.0,0.0,0.0,0.0,0.0,0.0,0.0,0.0,0.0,697.0,274.0,0.0,695.0,278.0,0.0,677.0,271.0,0.0,700.0,277.0,,,,26,,Joe,Gelhardt,Gelhardt,Has joined Hull City on loan for the rest of the season.,,0,0,0,0,0,0,0,0,0,0,0,0,0,,,,0.0,0.0,0.0,0.0,0.0,0,0,0
463,u,0.0,0.0,4.3,620,364.0,0,0.0,-2,2.0,0.1,513,186.0,0,0,0.0,658.0,253.0,0,0,0.0,565.0,191.0,0.0,0.0,0.0,9069,0,12906,197,0.0,0.0,0.0,0.0,0.0,0.0,0.0,0.0,0.0,0.0,0.0,648.0,243.0,0.0,645.0,249.0,0.0,621.0,238.0,0.0,651.0,246.0,,,,26,,Sékou,Koné,Kone,has joined Lausanne-Sport on loan for the rest of the season.,,0,0,0,0,0,0,0,0,0,0,0,0,0,,,,0.0,0.0,0.0,0.0,0.0,0,0,0
464,u,0.0,0.0,4.5,472,287.0,0,0.0,0,0.0,0.0,688,283.0,0,0,0.0,721.0,297.0,0,0,0.0,646.0,245.0,0.0,0.0,0.0,723,0,2841,8,0.0,0.0,0.0,0.0,0.0,0.0,0.0,0.0,0.0,0.0,0.0,718.0,294.0,0.0,714.0,296.0,0.0,698.0,290.0,0.0,720.0,296.0,,,,26,,Jack,Moorhouse,Moorhouse,has joined Leyton Orient on loan for the rest of the season.,,0,0,0,0,0,0,0,0,0,0,0,0,0,,,,0.0,0.0,0.0,0.0,0.0,0,0,0
575,a,100.0,100.0,4.5,447,89.0,0,0.0,0,0.0,23.7,15,5.0,100,3,4.2,50.0,18.0,10,363,2.8,129.0,46.0,0.6,22.2,0.0,3440757,16197,3760168,45898,1.8,2.8,2.79,0.34,3.13,32.92,0.12,0.01,0.13,1.38,551.2,37.0,15.0,77.6,283.0,91.0,202.0,113.0,19.0,83.0,106.0,31.0,,,,26,,Micky,van de Ven,Van de Ven,,,2149,4,1,7,33,0,0,0,6,0,0,24,198,,,,0.0,0.29,1.38,1.01,6.78,27,135,86
576,u,0.0,0.0,4.0,708,187.0,0,0.0,0,0.0,0.0,729,253.0,0,0,0.0,609.0,226.0,0,0,0.0,493.0,199.0,0.0,0.0,0.0,0,0,1985,3,0.0,0.0,0.0,0.0,0.0,0.0,0.0,0.0,0.0,0.0,0.0,599.0,226.0,0.0,592.0,226.0,0.0,560.0,221.0,0.0,602.0,226.0,,,,26,,Ashley,Phillips,Phillips,Has joined Stoke City on loan for the rest of the season.,,0,0,0,0,0,0,0,0,0,0,0,0,0,,,,0.0,0.0,0.0,0.0,0.0,0,0,0
577,u,0.0,0.0,4.0,710,188.0,0,0.0,0,0.0,0.0,600,214.0,0,0,0.0,611.0,227.0,0,0,0.0,495.0,200.0,0.0,0.0,0.0,1005,0,8965,26,0.0,0.0,0.0,0.0,0.0,0.0,0.0,0.0,0.0,0.0,0.0,601.0,227.0,0.0,594.0,227.0,0.0,562.0,222.0,0.0,604.0,227.0,,,,26,,Takai,Kōta,Takai,has joined Borussia Mönchengladbach on loan for the rest of the season.,,0,0,0,0,0,0,0,0,0,0,0,0,0,,,,0.0,0.0,0.0,0.0,0.0,0,0,0
578,u,0.0,0.0,3.9,781,231.0,0,0.0,-1,1.0,0.3,309,114.0,0,0,0.0,569.0,208.0,0,0,0.0,449.0,178.0,0.0,0.0,0.0,7334,0,91519,148,0.0,0.0,0.0,0.0,0.0,0.0,0.0,0.0,0.0,0.0,0.0,559.0,208.0,0.0,549.0,208.0,0.0,515.0,201.0,0.0,562.0,208.0,,,,26,,Luka,Vušković,Vuskovic,has joined Hamburger SV on loan for the rest of the season.,,0,0,0,0,0,0,0,0,0,0,0,0,0,,,,0.0,0.0,0.0,0.0,0.0,0,0,0
469,a,100.0,100.0,5.1,223,6.0,0,0.0,1,-1.0,4.7,74,13.0,79,2,4.0,68.0,5.0,3,318,2.0,199.0,16.0,0.4,15.5,0.0,1488833,1179,1509143,8465,1.5,2.0,0.0,0.0,0.0,23.53,0.0,0.0,0.0,1.19,449.6,67.0,14.0,0.0,791.0,92.0,0.0,787.0,90.0,45.0,248.0,14.0,,,,26,,Nick,Pope,Pope,,,1786,0,1,7,27,0,0,0,1,0,60,20,121,,,,3.02,0.35,1.36,1.01,0.0,1,29,187
581,i,0.0,0.0,6.8,46,28.0,0,0.0,-2,2.0,0.1,443,151.0,0,0,0.0,814.0,364.0,0,0,0.0,809.0,361.0,0.0,0.0,0.0,1660,33,23675,53,0.0,0.0,0.0,0.0,0.0,0.0,0.0,0.0,0.0,0.0,0.0,814.0,364.0,0.0,814.0,364.0,0.0,814.0,364.0,0.0,814.0,364.0,,,,26,,James,Maddison,Maddison,Anterior cruciate ligament - Unknown return date,,0,0,0,0,0,0,0,0,0,0,0,0,0,,,,0.0,0.0,0.0,0.0,0.0,0,0,0
753,a,,,4.0,657,39.0,0,0.0,0,0.0,0.0,693,81.0,0,0,0.0,570.0,61.0,0,0,0.0,450.0,52.0,0.0,0.0,0.0,1434,44,852,44,-0.5,0.0,0.0,0.0,0.0,0.0,0.0,0.0,0.0,0.0,0.0,560.0,61.0,0.0,550.0,46.0,0.0,516.0,32.0,0.0,563.0,61.0,,,,26,,John,Ruddy,Ruddy,,,0,0,0,0,0,0,0,0,0,0,0,0,0,,,,0.0,0.0,0.0,0.0,0.0,0,0,0
609,a,100.0,0.0,4.3,587,133.0,0,0.0,-2,2.0,0.1,484,173.0,31,0,1.7,371.0,137.0,0,112,0.5,315.0,112.0,0.1,7.2,0.0,11356,140,19234,89,0.5,0.0,0.25,0.29,0.54,28.74,0.01,0.02,0.03,1.7,333.0,138.0,63.0,64.5,301.0,99.0,22.0,364.0,123.0,42.0,263.0,89.0,,,,26,,Jean-Clair,Todibo,Todibo,,,1521,0,1,0,33,0,0,0,4,1,0,18,152,,,,0.0,0.0,1.95,1.07,8.17,33,105,76
659,a,,,4.2,629,143.0,0,0.0,-3,3.0,0.3,343,123.0,32,1,1.8,355.0,130.0,0,118,0.5,313.0,110.0,0.1,7.6,0.0,30138,215,51568,363,0.5,0.0,1.13,0.26,1.39,21.13,0.11,0.02,0.13,1.99,203.2,249.0,101.0,88.2,262.0,82.0,98.0,234.0,61.0,39.0,277.0,94.0,,,,26,,Kyle,Walker-Peters,Walker-Peters,,,954,1,0,1,22,0,0,0,2,0,0,10,95,,,,0.0,0.09,2.08,0.94,6.79,34,38,41
671,a,,,5.8,103,30.0,0,0.0,-2,2.0,0.6,246,38.0,62,1,2.8,233.0,25.0,7,227,1.0,281.0,39.0,0.2,10.7,0.0,201603,1126,206935,2024,1.0,0.5,4.85,0.16,5.01,17.42,0.48,0.02,0.5,1.71,221.6,232.0,19.0,72.9,291.0,29.0,332.0,56.0,22.0,61.8,181.0,21.0,,,,26,,Callum,Wilson,Wilson,,,915,5,2,1,18,0,0,0,0,0,0,9,32,,,,0.0,0.1,1.77,0.89,3.15,3,7,22
662,a,100.0,100.0,5.3,204,26.0,0,0.0,-2,2.0,0.1,428,159.0,21,4,1.9,347.0,129.0,1,98,0.8,301.0,106.0,0.2,4.0,0.0,44358,474,51305,181,1.8,4.1,0.0,0.44,0.44,4.19,0.0,0.08,0.08,0.73,113.4,324.0,122.0,26.0,377.0,135.0,8.0,411.0,154.0,14.7,382.0,136.0,,,,26,,Cristhian,Mosquera,Mosquera,,,519,0,0,1,5,0,0,0,1,0,0,5,61,,,,0.0,0.17,0.87,0.87,8.32,14,34,22
33,s,0.0,,4.2,626,32.0,0,0.0,-3,3.0,0.4,281,36.0,11,0,2.2,301.0,27.0,0,51,0.0,524.0,81.0,0.0,2.6,0.0,83366,122,113330,538,0.0,0.0,0.0,0.0,0.0,8.53,0.0,0.0,0.0,1.9,92.8,349.0,28.0,0.0,618.0,77.0,0.0,589.0,63.0,9.3,409.0,28.0,,,,26,,Marco,Bizot,M.Bizot,Suspended until 27 Feb,,405,0,0,1,8,0,0,0,2,0,13,4,23,,,,2.89,0.22,1.78,0.89,0.0,0,6,41
801,a,,,5.0,281,175.0,0,0.0,0,0.0,0.0,758,324.0,3,1,1.0,492.0,228.0,0,10,0.8,299.0,131.0,0.2,0.6,0.0,790,50,276,32,0.8,0.8,0.06,0.08,0.14,2.34,0.08,0.11,0.19,3.19,6.0,468.0,212.0,23.2,381.0,195.0,8.0,410.0,201.0,3.7,451.0,204.0,,,,26,,Alex,Tóth,Tóth.A,,,66,0,0,0,1,0,0,0,0,0,0,1,8,,,,0.0,0.0,1.36,1.36,10.91,1,2,5
806,a,,,4.0,676,50.0,0,0.0,0,0.0,0.0,773,88.0,0,0,0.0,584.0,69.0,0,0,0.0,466.0,61.0,0.0,0.0,0.0,436,46,123,25,0.0,0.0,0.0,0.0,0.0,0.0,0.0,0.0,0.0,0.0,0.0,574.0,69.0,0.0,567.0,57.0,0.0,534.0,43.0,0.0,577.0,69.0,,,,26,,Christos,Mandas,Mandas,,,0,0,0,0,0,0,0,0,0,0,0,0,0,,,,0.0,0.0,0.0,0.0,0.0,0,0,0
83,a,100.0,100.0,5.8,111,70.0,0,0.0,-2,2.0,0.7,220,76.0,87,1,4.3,46.0,25.0,10,249,5.5,19.0,13.0,0.9,15.0,0.0,506623,28623,452466,2103,5.5,4.5,4.87,1.44,6.31,19.11,0.32,0.09,0.41,1.26,300.4,176.0,68.0,184.6,157.0,109.0,410.0,30.0,15.0,88.9,90.0,53.0,2.0,,,26,,Dango,Ouattara,O.Dango,,,1366,5,5,3,19,0,0,0,4,0,0,15,120,,,,0.0,0.2,1.25,0.99,7.91,13,51,56
101,a,100.0,100.0,4.6,397,19.0,0,0.0,1,-1.0,10.4,35,6.0,96,2,3.7,96.0,10.0,6,363,3.5,83.0,4.0,0.8,20.9,0.0,1021492,35630,957890,8149,3.5,2.5,0.0,0.04,0.04,36.33,0.0,0.0,0.0,1.4,589.4,25.0,6.0,20.0,389.0,4.0,0.0,736.0,79.0,61.0,183.0,6.0,,,,26,,Caoimhín,Kelleher,Kelleher,,,2340,0,0,6,35,0,3,0,1,0,68,26,95,,,,2.62,0.23,1.35,1.0,0.0,1,33,196
112,u,0.0,0.0,4.5,423,82.0,0,0.0,0,0.0,0.0,705,242.0,0,0,0.0,693.0,255.0,0,0,0.0,612.0,243.0,0.0,0.0,0.0,211,0,3922,4,0.0,0.0,0.0,0.0,0.0,0.0,0.0,0.0,0.0,0.0,0.0,687.0,255.0,0.0,683.0,255.0,0.0,664.0,255.0,0.0,690.0,255.0,,,,26,,Mads,Roerslev Rasmussen,Roerslev,Has joined Southampton permanently.,,0,0,0,0,0,0,0,0,0,0,0,0,0,,,,0.0,0.0,0.0,0.0,0.0,0,0,0
153,i,0.0,0.0,4.4,522,102.0,0,0.0,-1,1.0,0.0,756,258.0,0,0,0.0,662.0,250.0,0,0,0.0,571.0,235.0,0.0,0.0,0.0,856,23,1646,8,0.0,0.0,0.0,0.0,0.0,0.0,0.0,0.0,0.0,0.0,0.0,652.0,250.0,0.0,649.0,250.0,0.0,626.0,249.0,0.0,655.0,250.0,,,,26,,Adam,Webster,Webster,Knee injury - Unknown return date,,0,0,0,0,0,0,0,0,0,0,0,0,0,,,,0.0,0.0,0.0,0.0,0.0,0,0,0
154,u,0.0,0.0,4.0,677,169.0,0,0.0,0,0.0,0.0,771,260.0,0,0,0.0,585.0,215.0,0,0,0.0,467.0,186.0,0.0,0.0,0.0,0,0,776,0,0.0,0.0,0.0,0.0,0.0,0.0,0.0,0.0,0.0,0.0,0.0,575.0,215.0,0.0,568.0,215.0,0.0,535.0,209.0,0.0,578.0,215.0,,,,26,,Eiran,Cashin,Cashin,has joined Blackburn Rovers on loan for the rest of the season.,,0,0,0,0,0,0,0,0,0,0,0,0,0,,,,0.0,0.0,0.0,0.0,0.0,0,0,0
166,i,0.0,0.0,4.8,371,232.0,0,0.0,-2,2.0,0.6,241,83.0,83,0,4.0,66.0,30.0,7,351,4.2,50.0,28.0,0.9,17.3,0.0,198375,100,152618,10172,0.0,0.0,2.54,1.07,3.61,24.57,0.13,0.06,0.19,1.3,311.2,158.0,57.0,214.4,132.0,92.0,206.0,109.0,64.0,73.3,131.0,71.0,4.0,5.0,,26,,Yasin,Ayari,Ayari,Shoulder injury - Unknown return date,,1699,3,3,5,21,0,0,0,0,0,0,18,200,,,,0.0,0.26,1.11,0.95,10.59,43,46,111
167,a,100.0,100.0,4.5,460,277.0,0,0.0,-5,5.0,1.5,153,49.0,36,0,1.7,373.0,163.0,0,141,2.5,155.0,70.0,0.6,8.0,0.0,186192,4010,536371,2098,2.5,2.5,0.36,0.27,0.63,16.24,0.03,0.02,0.05,1.24,90.0,352.0,156.0,88.9,260.0,156.0,25.0,358.0,187.0,20.4,359.0,171.0,,,,26,,Carlos,Baleba,Baleba,,,1179,0,0,4,16,0,0,0,5,0,0,18,140,,,,0.0,0.31,1.22,1.37,10.69,27,45,68
172,u,0.0,0.0,4.8,373,234.0,0,0.0,-2,2.0,0.0,639,254.0,5,0,0.8,506.0,238.0,0,15,0.0,705.0,288.0,0.0,1.0,0.0,2397,0,4063,73,0.0,0.0,0.04,0.03,0.07,1.72,0.06,0.05,0.11,2.72,6.0,467.0,211.0,2.4,450.0,216.0,7.0,417.0,203.0,1.6,470.0,214.0,,,,26,,Tom,Watson,Watson,has joined Millwall on loan for the rest of the season.,,57,0,0,0,2,0,0,0,1,0,0,0,5,,,,0.0,0.0,3.16,0.0,7.89,1,0,4
173,a,100.0,0.0,4.9,332,207.0,0,0.0,-1,1.0,0.1,440,150.0,58,0,3.6,107.0,49.0,3,250,0.0,728.0,304.0,0.0,11.8,0.0,79458,25,77102,252,0.0,0.0,1.2,1.47,2.67,16.4,0.09,0.11,0.2,1.25,303.4,171.0,64.0,229.5,123.0,85.0,131.0,194.0,106.0,66.5,156.0,86.0,,,,26,,Mats,Wieffer,Wieffer,,,1179,0,4,3,17,0,0,0,4,0,0,13,184,,,,0.0,0.23,1.3,0.99,14.05,47,70,67
174,u,0.0,0.0,5.0,280,174.0,0,0.0,0,0.0,0.0,767,331.0,0,0,0.0,790.0,348.0,0,0,0.0,753.0,323.0,0.0,0.0,0.0,0,0,1262,0,0.0,0.0,0.0,0.0,0.0,0.0,0.0,0.0,0.0,0.0,0.0,789.0,347.0,0.0,788.0,348.0,0.0,784.0,346.0,0.0,790.0,348.0,,,,26,,Malick,Yalcouyé,Yalcouye,Has joined Swansea City on loan for the rest of the season.,,0,0,0,0,0,0,0,0,0,0,0,0,0,,,,0.0,0.0,0.0,0.0,0.0,0,0,0
13,a,,,3.8,808,257.0,0,0.0,-2,2.0,0.4,272,101.0,0,0,0.0,529.0,195.0,0,0,0.0,406.0,162.0,0.0,0.0,0.0,51394,168,77127,419,1.0,2.5,0.0,0.0,0.0,0.0,0.0,0.0,0.0,0.0,0.0,519.0,195.0,0.0,508.0,195.0,0.0,473.0,187.0,0.0,522.0,195.0,,,,26,,Brayden,Clarke,Clarke,,,0,0,0,0,0,0,0,0,0,0,0,0,0,,,,0.0,0.0,0.0,0.0,0.0,0,0,0
226,a,100.0,100.0,5.8,106,8.0,0,0.0,8,-8.0,23.8,14,4.0,124,3,5.0,16.0,5.0,7,450,3.5,87.0,32.0,0.6,21.4,0.0,4690365,52803,2030812,50768,4.5,4.0,1.14,0.74,1.88,31.98,0.05,0.03,0.08,1.31,625.8,16.0,7.0,90.9,258.0,79.0,145.0,173.0,38.0,86.1,97.0,26.0,,,,26,,Trevoh,Chalobah,Chalobah,,,2190,3,1,9,29,0,0,0,3,1,0,25,257,,,,0.0,0.37,1.19,1.03,9.25,31,194,93
227,i,0.0,0.0,4.7,388,66.0,0,0.0,-3,3.0,0.1,472,172.0,0,0,0.0,755.0,259.0,0,0,0.0,692.0,250.0,0.0,0.0,0.0,1156,19,30551,33,0.0,0.0,0.0,0.0,0.0,0.0,0.0,0.0,0.0,0.0,0.0,754.0,259.0,0.0,750.0,259.0,0.0,741.0,259.0,0.0,755.0,259.0,,,,26,,Levi,Samuels Colwill,Colwill,Anterior cruciate ligament - Unknown return date,,0,0,0,0,0,0,0,0,0,0,0,0,0,,,,0.0,0.0,0.0,0.0,0.0,0,0,0
280,u,0.0,0.0,4.5,458,275.0,0,0.0,0,0.0,0.0,810,361.0,0,0,0.0,713.0,290.0,0,0,0.0,636.0,236.0,0.0,0.0,0.0,0,0,189,0,0.0,0.0,0.0,0.0,0.0,0.0,0.0,0.0,0.0,0.0,0.0,708.0,285.0,0.0,705.0,288.0,0.0,688.0,281.0,0.0,710.0,287.0,,,,26,,David,Ozoh,Ozoh,Has joined Derby County on loan for the rest of the season.,,0,0,0,0,0,0,0,0,0,0,0,0,0,,,,0.0,0.0,0.0,0.0,0.0,0,0,0
768,a,,,4.0,735,212.0,0,0.0,0,0.0,0.0,717,247.0,0,0,0.0,630.0,245.0,0,0,0.0,516.0,220.0,0.0,0.0,0.0,575,48,435,43,0.0,0.0,0.0,0.0,0.0,0.0,0.0,0.0,0.0,0.0,0.0,620.0,245.0,0.0,613.0,245.0,0.0,583.0,242.0,0.0,623.0,245.0,,,,26,,Leon,Routh,Leon Routh,,,0,0,0,0,0,0,0,0,0,0,0,0,0,,,,0.0,0.0,0.0,0.0,0.0,0,0,0
580,a,,,6.5,50,32.0,0,0.0,-5,5.0,2.4,119,37.0,45,1,2.0,336.0,149.0,2,149,1.5,239.0,103.0,0.2,6.9,0.0,1139784,1013,1307599,3013,2.0,2.0,1.72,0.7,2.42,17.24,0.15,0.06,0.21,1.47,162.4,280.0,123.0,160.1,180.0,122.0,185.0,132.0,76.0,50.5,226.0,114.0,,,,26,,Brennan,Johnson,Johnson,,,1052,2,0,4,12,0,0,0,4,0,0,11,70,,,,0.0,0.34,1.03,0.94,5.99,17,23,30
654,a,100.0,100.0,6.1,82,26.0,0,0.0,-4,4.0,1.9,134,22.0,53,13,2.2,309.0,34.0,3,148,4.0,68.0,7.0,0.7,8.7,0.0,331440,69245,623757,2550,4.5,4.5,3.76,0.52,4.28,23.41,0.21,0.03,0.24,1.33,195.2,255.0,23.0,123.0,211.0,21.0,343.0,54.0,21.0,65.3,163.0,19.0,,,,26,,Jørgen,Strand Larsen,Strand Larsen,,,1579,3,1,4,29,0,0,1,3,0,0,16,61,,,,0.0,0.23,1.65,0.91,3.48,6,33,22
85,a,100.0,50.0,4.9,301,188.0,0,0.0,-1,1.0,0.3,335,115.0,50,0,3.3,141.0,62.0,3,245,0.0,711.0,293.0,0.0,10.2,0.0,77212,344,92293,163,0.0,0.0,0.56,0.32,0.88,17.78,0.04,0.02,0.06,1.34,266.2,199.0,81.0,74.0,290.0,168.0,105.0,226.0,125.0,44.7,249.0,125.0,,,,26,,Tyler,Adams,Adams,,,1196,2,1,4,23,0,0,0,5,0,0,15,146,,,,0.0,0.3,1.73,1.13,10.99,35,50,61
337,a,100.0,100.0,6.1,79,25.0,-1,1.0,-4,4.0,1.8,144,23.0,83,1,3.3,149.0,13.0,5,299,3.5,88.0,11.0,0.6,13.6,0.0,546624,7710,595499,7652,3.5,3.0,8.56,0.7,9.26,27.14,0.45,0.04,0.49,1.43,351.8,124.0,10.0,259.3,105.0,4.0,590.0,16.0,10.0,119.7,37.0,8.0,,1.0,1.0,26,,Raúl,Jiménez Rodríguez,Raúl,,,1708,6,5,6,24,0,0,0,4,0,0,21,101,,,,0.0,0.32,1.26,1.11,5.32,25,33,43
8,a,100.0,100.0,6.4,60,2.0,0,0.0,9,-9.0,30.9,10,3.0,124,3,4.8,22.0,8.0,7,457,3.0,123.0,43.0,0.5,19.4,0.0,6416636,26255,3235154,57879,4.0,8.5,4.3,1.24,5.54,14.41,0.18,0.05,0.23,0.6,427.2,78.0,34.0,331.3,67.0,13.0,344.0,53.0,1.0,110.6,46.0,4.0,,,,26,,Jurriën,Timber,J.Timber,,,2179,2,4,12,18,0,0,0,4,0,0,24,155,,,,0.0,0.5,0.74,0.99,5.16,57,68,89
9,u,0.0,0.0,5.4,174,20.0,0,0.0,-1,1.0,0.0,589,210.0,0,0,0.0,799.0,265.0,0,0,0.0,778.0,263.0,0.0,0.0,0.0,1119,0,10883,5,0.0,0.0,0.0,0.0,0.0,0.0,0.0,0.0,0.0,0.0,0.0,799.0,265.0,0.0,798.0,265.0,0.0,796.0,265.0,0.0,799.0,265.0,,,,26,,Jakub,Kiwior,Kiwior,has joined Porto on loan for the rest of the season.,,0,0,0,0,0,0,0,0,0,0,0,0,0,,,,0.0,0.0,0.0,0.0,0.0,0,0,0
10,a,,,5.1,238,35.0,0,0.0,-4,4.0,1.4,160,63.0,12,0,0.9,504.0,174.0,0,36,0.0,759.0,259.0,0.0,2.4,0.0,133226,682,461493,1289,1.0,2.5,0.05,0.06,0.11,5.26,0.01,0.02,0.03,1.52,31.2,424.0,159.0,45.5,342.0,118.0,18.0,381.0,134.0,9.4,407.0,146.0,,,,26,,Myles,Lewis-Skelly,Lewis-Skelly,,,311,0,0,0,5,0,0,0,3,0,0,1,21,,,,0.0,0.0,1.45,0.29,4.05,4,10,14
11,a,100.0,100.0,5.1,226,30.0,0,0.0,-4,4.0,0.5,258,96.0,30,0,4.3,40.0,14.0,3,112,0.2,372.0,137.0,0.0,5.9,0.0,346260,794,398897,1512,1.2,2.9,0.43,0.49,0.92,6.13,0.09,0.11,0.2,1.35,111.4,328.0,123.0,92.7,257.0,78.0,46.0,316.0,101.0,25.0,339.0,117.0,,,,26,,Benjamin,White,White,,,409,0,1,3,4,0,0,0,0,0,0,5,40,,,,0.0,0.66,0.88,1.1,7.92,13,23,18
193,a,100.0,100.0,3.9,758,220.0,0,0.0,-1,1.0,0.1,436,161.0,30,4,3.0,183.0,71.0,1,129,2.0,186.0,68.0,0.5,7.7,0.0,16705,327,12383,270,1.0,1.5,0.22,0.47,0.69,16.32,0.02,0.05,0.07,1.84,202.8,250.0,102.0,66.6,297.0,98.0,46.0,314.0,100.0,31.4,313.0,106.0,,,,26,,Bashir,Humphreys,Humphreys,,,797,0,2,1,17,0,0,0,3,0,0,8,75,,,,0.0,0.11,1.92,0.9,8.47,17,58,31
19,a,100.0,100.0,6.8,48,30.0,0,0.0,-2,2.0,1.1,184,62.0,40,3,1.9,354.0,157.0,1,138,2.2,185.0,82.0,0.3,5.9,0.0,181963,1434,234536,4255,3.2,6.9,3.42,0.9,4.32,6.23,0.44,0.12,0.56,0.8,147.0,292.0,131.0,127.9,204.0,135.0,314.0,61.0,37.0,58.4,193.0,101.0,,,,26,,Gabriel,Martinelli Silva,Martinelli,,,703,1,3,2,5,0,0,0,2,0,0,8,52,,,,0.0,0.26,0.64,1.02,6.66,10,10,32
756,a,,,4.5,514,318.0,0,0.0,0,0.0,0.0,743,314.0,0,0,0.0,751.0,319.0,0,0,0.0,685.0,274.0,0.0,0.0,0.0,1547,54,937,31,0.0,0.0,0.0,0.0,0.0,0.0,0.0,0.0,0.0,0.0,0.0,750.0,318.0,0.0,745.0,319.0,0.0,732.0,316.0,0.0,751.0,319.0,,,,26,,Malcom,DaCosta,DaCosta,,,0,0,0,0,0,0,0,0,0,0,0,0,0,,,,0.0,0.0,0.0,0.0,0.0,0,0,0
799,a,,,4.5,511,315.0,0,0.0,0,0.0,0.0,786,344.0,0,0,0.0,749.0,317.0,0,0,0.0,682.0,271.0,0.0,0.0,0.0,426,65,116,35,0.0,0.0,0.0,0.0,0.0,0.0,0.0,0.0,0.0,0.0,0.0,748.0,316.0,0.0,743.0,317.0,0.0,729.0,313.0,0.0,749.0,317.0,,,,26,,Charlie,Stevens,Stevens,,,0,0,0,0,0,0,0,0,0,0,0,0,0,,,,0.0,0.0,0.0,0.0,0.0,0,0,0
366,a,100.0,100.0,5.4,158,4.0,0,0.0,-1,1.0,5.8,65,10.0,75,7,3.6,113.0,13.0,7,310,2.8,138.0,10.0,0.5,13.9,0.0,550897,9095,1281151,4218,3.3,3.3,0.0,0.03,0.03,23.35,0.0,0.0,0.0,1.11,367.6,116.0,18.0,0.1,487.0,16.0,0.0,791.0,92.0,36.7,286.0,18.0,,,,26,,Alisson,Becker,A.Becker,,,1890,0,0,7,25,0,0,0,1,0,44,21,63,,,,2.1,0.33,1.19,1.0,0.0,0,30,187
427,a,,,5.1,231,143.0,0,0.0,-4,4.0,10.2,36,12.0,84,1,3.5,123.0,54.0,6,313,1.2,259.0,113.0,0.2,16.5,0.0,3541376,3661,4857300,22378,1.7,1.7,3.92,1.99,5.91,17.18,0.24,0.12,0.36,1.06,325.2,143.0,48.0,317.4,73.0,55.0,385.0,37.0,22.0,101.9,59.0,39.0,3.0,,,26,,Tijjani,Reijnders,Reijnders,,,1453,5,2,7,16,0,0,0,2,0,0,17,87,,,,0.0,0.43,0.99,1.05,5.39,10,27,50
630,a,,,3.9,745,74.0,0,0.0,-1,1.0,1.3,168,21.0,0,0,0.0,541.0,42.0,0,0,0.0,419.0,33.0,0.0,0.0,0.0,69716,473,96080,793,-0.5,0.0,0.0,0.0,0.0,0.0,0.0,0.0,0.0,0.0,0.0,531.0,42.0,0.0,521.0,27.0,0.0,486.0,13.0,0.0,534.0,42.0,,,,26,,Tom,King,King,,,0,0,0,0,0,0,0,0,0,0,0,0,0,,,,0.0,0.0,0.0,0.0,0.0,0,0,0
536,u,0.0,0.0,4.0,689,175.0,0,0.0,0,0.0,0.0,708,244.0,0,0,0.0,594.0,218.0,0,0,0.0,476.0,189.0,0.0,0.0,0.0,1255,0,1355,55,0.0,0.0,0.0,0.0,0.0,0.0,0.0,0.0,0.0,0.0,0.0,584.0,218.0,0.0,577.0,218.0,0.0,544.0,212.0,0.0,587.0,218.0,,,,26,,Leo Fuhr,Hjelde,Hjelde,has joined Sheffield United on loan for the rest of the season.,,0,0,0,0,0,0,0,0,0,0,0,0,0,,,,0.0,0.0,0.0,0.0,0.0,0,0,0
537,u,0.0,0.0,4.0,691,176.0,0,0.0,0,0.0,0.1,539,192.0,0,0,0.0,596.0,219.0,0,0,0.0,478.0,190.0,0.0,0.0,0.0,1038,0,16072,24,0.0,0.0,0.0,0.0,0.0,0.0,0.0,0.0,0.0,0.0,0.0,586.0,219.0,0.0,579.0,219.0,0.0,546.0,213.0,0.0,589.0,219.0,,,,26,,Niall,Huggins,Huggins,has joined Wycombe Wanderers on loan for the rest of the season.,,0,0,0,0,0,0,0,0,0,0,0,0,0,,,,0.0,0.0,0.0,0.0,0.0,0,0,0
223,a,,,3.9,761,82.0,0,0.0,-1,1.0,0.1,462,70.0,0,0,0.0,552.0,50.0,0,0,0.0,430.0,41.0,0.0,0.0,0.0,9872,38,12315,125,1.0,0.5,0.0,0.0,0.0,0.0,0.0,0.0,0.0,0.0,0.0,542.0,50.0,0.0,532.0,35.0,0.0,497.0,21.0,0.0,545.0,50.0,,,,26,,Gabriel,Słonina,Slonina,,,0,0,0,0,0,0,0,0,0,0,0,0,0,,,,0.0,0.0,0.0,0.0,0.0,0,0,0
358,a,100.0,100.0,4.8,364,227.0,0,0.0,-2,2.0,0.2,369,124.0,43,0,2.1,314.0,136.0,2,166,0.2,364.0,158.0,0.0,9.0,0.0,51737,242,58522,870,0.2,-0.3,0.83,0.61,1.44,13.29,0.1,0.07,0.17,1.62,140.0,301.0,134.0,127.1,206.0,137.0,78.0,260.0,140.0,34.5,296.0,147.0,,,,26,,Tanaka,Ao,Tanaka,,,737,2,0,2,16,0,0,0,1,0,0,7,83,,,,0.0,0.24,1.95,0.85,10.14,17,20,46
359,u,0.0,0.0,4.5,461,278.0,0,0.0,0,0.0,0.0,787,345.0,0,0,0.0,714.0,291.0,0,0,0.0,637.0,237.0,0.0,0.0,0.0,0,0,965,0,0.0,0.0,0.0,0.0,0.0,0.0,0.0,0.0,0.0,0.0,0.0,709.0,286.0,0.0,706.0,289.0,0.0,689.0,282.0,0.0,711.0,288.0,,,,26,,Charlie,Crew,Crew,Has joined Doncaster Rovers on loan for the rest of the season.,,0,0,0,0,0,0,0,0,0,0,0,0,0,,,,0.0,0.0,0.0,0.0,0.0,0,0,0
579,u,0.0,0.0,8.5,11,6.0,0,0.0,0,0.0,0.1,444,152.0,0,0,0.0,817.0,367.0,0,0,0.0,816.0,367.0,0.0,0.0,0.0,0,0,25489,24,0.0,0.0,0.0,0.0,0.0,0.0,0.0,0.0,0.0,0.0,0.0,817.0,367.0,0.0,817.0,367.0,0.0,817.0,367.0,0.0,817.0,367.0,,,,26,,Son,Heung-min,Son,has joined Los Angeles FC permanently.,,0,0,0,0,0,0,0,0,0,0,0,0,0,,,,0.0,0.0,0.0,0.0,0.0,0,0,0
247,d,50.0,0.0,4.3,596,348.0,0,0.0,-2,2.0,0.1,580,216.0,0,0,0.0,644.0,242.0,0,0,0.0,546.0,177.0,0.0,0.0,0.0,11697,137,13684,95,0.5,0.0,0.0,0.0,0.0,0.0,0.0,0.0,0.0,0.0,0.0,634.0,232.0,0.0,630.0,238.0,0.0,604.0,225.0,0.0,637.0,235.0,,,,26,,Dário,Luís Essugo,D.Essugo,Knock - 50% chance of playing,,0,0,0,0,0,0,0,0,0,0,0,0,0,,,,0.0,0.0,0.0,0.0,0.0,0,0,0
371,a,,,5.6,133,15.0,0,0.0,-4,4.0,2.9,109,44.0,59,0,2.5,273.0,106.0,4,265,1.5,238.0,88.0,0.3,10.5,0.0,319265,4770,789023,3712,2.0,2.0,0.95,0.61,1.56,22.25,0.05,0.03,0.08,1.17,355.0,120.0,54.0,362.2,52.0,7.0,110.0,219.0,56.0,82.9,107.0,32.0,,,,26,,Milos,Kerkez,Kerkez,,,1715,1,1,4,27,0,0,0,4,0,0,21,140,,,,0.0,0.21,1.42,1.1,5.98,36,78,66
372,a,,,5.7,114,10.0,0,0.0,-3,3.0,1.0,193,76.0,33,8,2.2,307.0,114.0,4,142,2.2,179.0,66.0,0.4,5.8,0.0,54987,1286,131582,605,2.7,2.7,0.22,0.91,1.12,8.1,0.03,0.13,0.16,1.16,130.0,309.0,117.0,220.6,127.0,33.0,61.0,292.0,87.0,41.3,270.0,91.0,,,,26,,Andrew,Robertson,Robertson,,,628,0,0,3,8,0,0,0,0,0,0,5,42,,,,0.0,0.43,1.15,0.72,4.59,10,22,27
379,a,,,3.7,813,261.0,0,0.0,-3,3.0,0.6,233,88.0,0,0,0.0,513.0,180.0,0,0,0.0,383.0,140.0,0.0,0.0,0.0,84404,4231,39197,2621,0.5,0.5,0.0,0.0,0.0,0.0,0.0,0.0,0.0,0.0,0.0,502.0,179.0,0.0,488.0,176.0,0.0,452.0,167.0,0.0,505.0,179.0,,,,26,,Rhys,Williams,R.Williams,,,0,0,0,0,0,0,0,0,0,0,0,0,0,,,,0.0,0.0,0.0,0.0,0.0,0,0,0
673,a,100.0,100.0,5.5,137,85.0,0,0.0,0,0.0,0.8,203,70.0,84,1,3.7,99.0,45.0,11,353,1.5,237.0,102.0,0.3,15.3,0.0,366788,569,353277,2063,0.5,1.5,1.11,0.55,1.66,23.12,0.07,0.03,0.1,1.38,447.6,70.0,22.0,100.3,247.0,152.0,153.0,161.0,90.0,70.3,143.0,79.0,,,,26,,João Maria,Lobo Alves Palhares Costa Palhinha Gonçalves,J.Palhinha,,,1513,3,3,4,24,0,0,0,6,0,0,16,206,,,,0.0,0.24,1.43,0.95,12.25,83,64,59
750,a,,,4.0,695,179.0,0,0.0,0,0.0,0.0,655,229.0,0,0,0.0,599.0,221.0,0,0,0.0,482.0,193.0,0.0,0.0,0.0,1589,67,1334,83,-1.0,0.0,0.0,0.0,0.0,0.0,0.0,0.0,0.0,0.0,0.0,589.0,221.0,0.0,582.0,221.0,0.0,549.0,215.0,0.0,592.0,221.0,,,,26,,James,Rowswell,Rowswell,,,0,0,0,0,0,0,0,0,0,0,0,0,0,,,,0.0,0.0,0.0,0.0,0.0,0,0,0
752,a,,,4.0,734,211.0,0,0.0,0,0.0,0.0,660,231.0,0,0,0.0,629.0,244.0,0,0,0.0,515.0,219.0,0.0,0.0,0.0,1789,60,1545,71,0.0,-0.5,0.0,0.0,0.0,0.0,0.0,0.0,0.0,0.0,0.0,619.0,244.0,0.0,612.0,244.0,0.0,582.0,241.0,0.0,622.0,244.0,,,,26,,Airidas,Golambeckis,Golambeckis,,,0,0,0,0,0,0,0,0,0,0,0,0,0,,,,0.0,0.0,0.0,0.0,0.0,0,0,0
780,a,,,4.5,507,73.0,0,0.0,0,0.0,0.0,669,85.0,0,0,0.0,747.0,82.0,0,0,0.0,678.0,72.0,0.0,0.0,0.0,2455,316,855,153,0.5,0.5,0.0,0.0,0.0,0.0,0.0,0.0,0.0,0.0,0.0,746.0,82.0,0.0,741.0,81.0,0.0,727.0,81.0,0.0,747.0,82.0,,,,26,,Ben,Casey,Casey,,,0,0,0,0,0,0,0,0,0,0,0,0,0,,,,0.0,0.0,0.0,0.0,0.0,0,0,0
416,a,100.0,100.0,6.2,71,47.0,0,0.0,-3,3.0,0.6,247,85.0,66,0,2.5,277.0,118.0,1,338,4.5,41.0,25.0,0.7,10.6,0.0,85993,3423,124963,1730,5.0,5.0,1.24,2.72,3.96,24.48,0.06,0.13,0.19,1.16,313.4,156.0,56.0,470.6,26.0,25.0,134.0,185.0,103.0,91.8,83.0,49.0,5.0,,,26,,Bernardo,Mota Veiga de Carvalho e Silva,Bernardo,,,1898,1,4,8,20,0,0,0,7,0,0,22,170,,,,0.0,0.38,0.95,1.04,8.06,29,43,98
631,u,0.0,0.0,4.2,642,153.0,0,0.0,-3,3.0,0.1,448,164.0,23,0,1.6,379.0,142.0,0,86,0.6,309.0,107.0,0.1,5.5,0.0,24605,0,62885,149,0.0,0.0,0.57,0.4,0.97,18.26,0.05,0.03,0.08,1.49,312.2,157.0,68.0,76.0,287.0,93.0,75.0,264.0,76.0,46.4,240.0,80.0,,5.0,,26,,Emmanuel,Agbadou,Agbadou,has joined Besiktas permanently.,,1100,0,0,0,29,0,0,0,1,1,0,12,156,,,,0.0,0.0,2.37,0.98,10.23,32,93,65
632,a,100.0,100.0,4.4,519,100.0,0,0.0,-1,1.0,0.1,499,177.0,11,0,1.2,437.0,157.0,0,43,0.0,568.0,233.0,0.0,2.5,0.0,6283,58,20084,107,-0.5,-2.0,0.09,0.19,0.28,12.04,0.01,0.03,0.04,1.68,110.6,329.0,124.0,50.4,331.0,113.0,18.0,380.0,133.0,18.0,368.0,129.0,,,,26,,Matt,Doherty,Doherty,,,644,0,0,1,14,0,0,0,4,0,0,9,63,,,,0.0,0.14,1.96,1.26,7.27,13,39,25
633,a,100.0,100.0,4.3,595,137.0,0,0.0,-2,2.0,0.2,356,127.0,61,8,2.5,268.0,104.0,4,243,2.4,166.0,59.0,0.6,14.2,0.0,45022,247,29198,1351,1.9,2.8,0.5,2.23,2.73,25.99,0.03,0.12,0.15,1.4,395.0,97.0,45.0,446.5,32.0,2.0,132.0,189.0,44.0,97.6,70.0,15.0,2.0,,,26,,Hugo,Bueno López,H.Bueno,,,1665,1,2,3,29,0,0,0,1,0,0,18,150,,,,0.0,0.16,1.57,0.97,6.38,44,74,89
638,u,0.0,0.0,3.8,794,243.0,0,0.0,-2,2.0,1.0,187,70.0,10,0,1.2,434.0,154.0,0,38,0.0,395.0,151.0,0.0,2.6,0.0,121813,0,254217,2017,0.0,0.0,0.02,0.36,0.38,9.36,0.0,0.08,0.08,1.99,101.4,336.0,128.0,87.8,264.0,84.0,13.0,387.0,138.0,20.3,360.0,124.0,,,,26,,Ki-Jana,Hoever,Hoever,has joined Sheffield United on loan for the rest of the season.,,423,0,0,0,13,0,0,0,0,0,0,6,46,,,,0.0,0.0,2.77,1.28,8.51,13,27,16
642,i,0.0,0.0,5.6,125,77.0,0,0.0,-4,4.0,0.1,437,148.0,44,0,2.2,306.0,134.0,0,125,1.0,278.0,121.0,0.2,7.9,0.0,48356,22,55992,1492,0.0,0.0,2.1,0.92,3.02,17.67,0.17,0.07,0.24,1.39,132.2,308.0,140.0,152.8,188.0,126.0,145.0,172.0,98.0,42.4,261.0,129.0,,,3.0,26,,Hwang,Hee-chan,Hee Chan,Calf injury - Unknown return date,,1144,2,1,2,22,0,0,0,3,0,0,15,68,,,,0.0,0.16,1.73,1.18,5.35,8,22,38
643,a,100.0,75.0,5.2,216,134.0,-1,1.0,-3,3.0,0.1,536,195.0,55,2,2.3,294.0,128.0,1,289,1.2,260.0,114.0,0.2,10.6,0.0,12494,50,16879,215,0.7,0.3,0.23,0.68,0.91,29.2,0.01,0.03,0.04,1.48,252.6,207.0,89.0,209.1,136.0,95.0,19.0,378.0,192.0,48.0,236.0,119.0,,,,26,,André,Trindade da Costa Neto,André,,,1772,0,0,1,35,0,0,0,8,0,0,19,244,,,,0.0,0.05,1.78,0.97,12.39,52,61,131
207,a,100.0,100.0,4.7,389,242.0,0,0.0,-3,3.0,0.1,467,161.0,36,10,2.0,327.0,142.0,2,148,3.2,97.0,44.0,0.7,7.7,0.0,15246,903,23701,129,2.2,2.7,0.4,1.04,1.44,15.78,0.06,0.15,0.21,2.25,124.0,313.0,142.0,170.0,173.0,117.0,56.0,300.0,159.0,35.0,292.0,144.0,,4.0,,26,,Hannibal,Mejbri,Hannibal,,,630,1,2,1,16,0,0,0,5,0,0,7,59,,,,0.0,0.14,2.29,1.0,8.43,14,7,38
209,a,,,4.8,353,221.0,0,0.0,-2,2.0,0.0,612,236.0,45,2,2.0,328.0,143.0,1,192,0.8,293.0,127.0,0.2,9.4,0.0,5661,69,5991,94,-0.2,0.3,0.53,0.3,0.83,27.93,0.04,0.02,0.06,2.0,238.4,213.0,93.0,104.6,240.0,149.0,75.0,265.0,143.0,41.9,264.0,131.0,,,,26,,Josh,Laurent,Laurent,,,1259,1,0,1,30,0,0,0,5,0,0,12,139,,,,0.0,0.07,2.14,0.86,9.94,33,64,42
210,a,,,4.9,333,208.0,0,0.0,-1,1.0,0.0,627,245.0,35,0,1.8,365.0,161.0,0,115,0.5,328.0,144.0,0.1,7.1,0.0,4737,24,5815,47,-0.5,0.0,0.86,0.45,1.31,14.54,0.1,0.05,0.15,1.64,88.4,353.0,157.0,78.2,282.0,164.0,101.0,230.0,127.0,26.8,335.0,160.0,,2.0,,26,,Loum,Tchaouna,Tchaouna,,,797,1,1,2,12,0,0,0,1,0,0,9,48,,,,0.0,0.23,1.36,1.02,5.42,14,11,23
161,u,0.0,0.0,5.4,176,108.0,0,0.0,-1,1.0,0.0,744,315.0,0,0,0.0,800.0,354.0,0,0,0.0,779.0,340.0,0.0,0.0,0.0,105,0,2951,1,0.0,0.0,0.0,0.0,0.0,0.0,0.0,0.0,0.0,0.0,0.0,800.0,354.0,0.0,799.0,354.0,0.0,797.0,353.0,0.0,800.0,354.0,,,,26,,Julio,Enciso Espínola,Enciso,has joined Strasbourg permanently.,,0,0,0,0,0,0,0,0,0,0,0,0,0,,,,0.0,0.0,0.0,0.0,0.0,0,0,0
302,a,100.0,100.0,5.4,156,96.0,0,0.0,-1,1.0,0.1,491,173.0,55,2,3.2,164.0,71.0,4,274,2.8,137.0,63.0,0.5,10.2,0.0,22364,266,27766,235,2.3,2.8,1.26,0.87,2.13,22.05,0.08,0.06,0.14,1.42,265.0,201.0,83.0,179.8,162.0,114.0,147.0,169.0,95.0,59.2,192.0,100.0,,,,26,,Idrissa Gana,Gueye,Gana,,,1400,2,1,3,18,0,0,0,1,1,0,17,145,,,,0.0,0.19,1.16,1.09,9.32,33,36,76
303,a,,,5.2,212,131.0,0,0.0,2,-2.0,4.1,82,27.0,111,2,4.3,41.0,21.0,11,565,3.0,118.0,55.0,0.6,21.3,0.0,970818,11278,481632,24733,2.5,3.0,1.78,4.25,6.03,38.08,0.07,0.16,0.23,1.47,598.2,22.0,6.0,590.2,12.0,12.0,198.0,118.0,68.0,138.8,22.0,18.0,3.0,3.0,,26,,James,Garner,Garner,,,2333,2,3,9,30,0,0,0,6,0,0,26,322,,,,0.0,0.35,1.16,1.0,12.42,79,109,134
307,a,,,4.4,548,328.0,0,0.0,-1,1.0,0.0,602,229.0,0,0,0.0,671.0,260.0,0,0,0.0,583.0,200.0,0.0,0.0,0.0,4518,89,6103,61,-0.5,0.0,0.0,0.0,0.0,0.0,0.0,0.0,0.0,0.0,0.0,662.0,251.0,0.0,659.0,257.0,0.0,636.0,246.0,0.0,665.0,254.0,,,,26,,Coby,Ebere,Ebere,,,0,0,0,0,0,0,0,0,0,0,0,0,0,,,,0.0,0.0,0.0,0.0,0.0,0,0,0
495,u,0.0,0.0,4.5,411,251.0,0,0.0,0,0.0,0.0,763,327.0,0,0,0.0,688.0,269.0,0,0,0.0,605.0,213.0,0.0,0.0,0.0,0,0,1606,0,0.0,0.0,0.0,0.0,0.0,0.0,0.0,0.0,0.0,0.0,0.0,682.0,263.0,0.0,677.0,267.0,0.0,657.0,259.0,0.0,685.0,266.0,,,,26,,Isaac,Hayden,Hayden,Has departed the club as a free agent.,,0,0,0,0,0,0,0,0,0,0,0,0,0,,,,0.0,0.0,0.0,0.0,0.0,0,0,0
718,a,,,5.0,276,171.0,0,0.0,0,0.0,0.0,656,264.0,34,1,2.3,292.0,127.0,2,162,0.2,369.0,161.0,0.0,6.8,0.0,5193,40,4435,71,0.2,-0.3,0.31,0.3,0.61,15.06,0.04,0.04,0.08,1.82,157.0,288.0,127.0,76.8,286.0,166.0,37.0,334.0,175.0,27.1,331.0,158.0,,,,26,,Soungoutou,Magassa,S.Magassa,,,743,1,0,1,19,0,0,0,2,0,0,9,103,,,,0.0,0.12,2.3,1.09,12.48,35,25,43
738,d,25.0,25.0,4.5,405,20.0,0,0.0,0,0.0,0.0,632,79.0,0,0,0.0,685.0,91.0,0,0,0.0,602.0,87.0,0.0,0.0,0.0,5779,26,5416,68,0.0,-0.1,0.0,0.0,0.0,0.0,0.0,0.0,0.0,0.0,0.0,679.0,91.0,0.0,674.0,83.0,0.0,654.0,72.0,0.0,682.0,91.0,,,,26,,Lukasz,Fabianski,Fabianski,Back injury - 25% chance of playing,,0,0,0,0,0,0,0,0,0,0,0,0,0,,,,0.0,0.0,0.0,0.0,0.0,0,0,0
308,u,0.0,0.0,4.5,452,270.0,0,0.0,0,0.0,0.0,692,286.0,0,0,0.0,708.0,285.0,0,0,0.0,630.0,231.0,0.0,0.0,0.0,458,0,3737,5,0.0,0.0,0.0,0.0,0.0,0.0,0.0,0.0,0.0,0.0,0.0,703.0,280.0,0.0,700.0,283.0,0.0,683.0,276.0,0.0,705.0,282.0,,,,26,,Isaac,Heath,Heath,has joined Accrington on loan for the rest of the season.,,0,0,0,0,0,0,0,0,0,0,0,0,0,,,,0.0,0.0,0.0,0.0,0.0,0,0,0
309,u,0.0,0.0,4.5,448,268.0,0,0.0,0,0.0,0.0,815,365.0,0,0,0.0,706.0,283.0,0,0,0.0,628.0,229.0,0.0,0.0,0.0,0,0,112,1,0.0,0.0,0.0,0.0,0.0,0.0,0.0,0.0,0.0,0.0,0.0,701.0,278.0,0.0,698.0,281.0,0.0,681.0,274.0,0.0,703.0,280.0,,,,26,,Jenson,Metcalfe,Metcalfe,Has joined Bradford City permanently.,,0,0,0,0,0,0,0,0,0,0,0,0,0,,,,0.0,0.0,0.0,0.0,0.0,0,0,0
310,a,,,5.7,120,33.0,0,0.0,-3,3.0,1.2,173,30.0,65,2,2.5,274.0,29.0,5,189,3.8,79.0,9.0,0.7,11.4,0.0,270171,5998,208385,11282,3.3,3.8,5.22,0.35,5.57,23.64,0.32,0.02,0.34,1.43,212.8,242.0,21.0,162.2,179.0,15.0,375.0,42.0,17.0,72.7,133.0,17.0,,,,26,,Thierno,Barry,Barry,,,1486,5,0,7,20,0,0,0,2,0,0,18,49,,,,0.0,0.42,1.21,1.09,2.97,2,24,23
317,a,100.0,100.0,4.5,414,75.0,-1,1.0,0,0.0,4.7,75,23.0,89,2,3.6,105.0,37.0,5,312,2.8,127.0,45.0,0.6,19.8,0.0,1181133,3552,934232,8794,2.8,2.3,1.26,1.53,2.79,33.55,0.05,0.06,0.11,1.37,631.0,15.0,6.0,111.4,223.0,58.0,124.0,208.0,52.0,86.9,95.0,25.0,,,,26,,Joachim,Andersen,Andersen,,,2201,0,1,5,37,0,0,0,6,0,0,25,291,,,,0.0,0.2,1.51,1.02,10.39,36,218,90
318,a,100.0,100.0,4.4,532,111.0,0,0.0,-1,1.0,0.4,284,105.0,57,1,3.2,156.0,60.0,6,184,0.5,317.0,114.0,0.1,13.0,0.0,101567,811,120660,567,0.5,0.0,0.94,0.18,1.12,22.29,0.06,0.01,0.07,1.38,358.0,118.0,52.0,75.8,288.0,94.0,61.0,289.0,86.0,49.7,232.0,77.0,,,,26,,Calvin,Bassey,Bassey,,,1452,1,0,3,29,0,0,0,3,0,0,16,168,,,,0.0,0.19,1.8,0.99,7.93,34,94,72
319,a,,,4.3,579,127.0,0,0.0,-2,2.0,0.1,461,169.0,28,0,1.4,420.0,151.0,0,124,1.8,207.0,76.0,0.4,6.5,0.0,18568,148,24393,195,1.8,1.3,0.94,0.51,1.45,21.62,0.08,0.04,0.12,1.74,222.2,230.0,90.0,130.7,201.0,50.0,87.0,251.0,71.0,44.2,250.0,84.0,,,,26,,Timothy,Castagne,Castagne,,,1116,0,1,0,23,0,0,0,3,0,0,12,112,,,,0.0,0.0,1.85,0.97,7.82,22,75,34
320,a,,,4.3,581,129.0,0,0.0,-2,2.0,0.1,530,189.0,10,0,1.2,435.0,155.0,0,29,0.0,540.0,232.0,0.0,2.3,0.0,6842,80,11173,108,0.0,-0.5,0.02,0.03,0.05,8.18,0.0,0.01,0.01,1.79,72.4,377.0,144.0,4.3,440.0,160.0,8.0,405.0,151.0,8.5,416.0,149.0,,,,26,,Issa,Diop,Diop,,,412,0,0,0,9,0,0,0,1,0,0,4,42,,,,0.0,0.0,1.97,0.87,7.65,5,30,10
32,a,100.0,100.0,5.0,243,7.0,0,0.0,0,0.0,4.1,83,15.0,92,8,4.2,52.0,1.0,10,390,6.5,10.0,1.0,1.3,18.4,0.0,807337,51724,554096,4268,6.5,6.5,0.0,0.05,0.05,27.95,0.0,0.0,0.0,1.3,501.8,53.0,12.0,3.1,446.0,12.0,0.0,770.0,88.0,50.5,225.0,12.0,,,,26,,Emiliano,Martínez Romero,Martinez,,,1935,0,0,6,19,0,1,0,2,0,65,22,78,,,,3.02,0.28,0.88,1.02,0.0,0,22,190
35,u,0.0,0.0,4.0,682,52.0,0,0.0,0,0.0,0.0,748,84.0,0,0,0.0,589.0,71.0,0,0,0.0,471.0,63.0,0.0,0.0,0.0,0,0,1252,7,0.0,0.0,0.0,0.0,0.0,0.0,0.0,0.0,0.0,0.0,0.0,579.0,71.0,0.0,572.0,59.0,0.0,539.0,45.0,0.0,582.0,71.0,,,,26,,Filip,Marschall,Marschall,Has joined Stevenage permanently.,,0,0,0,0,0,0,0,0,0,0,0,0,0,,,,0.0,0.0,0.0,0.0,0.0,0,0,0
660,d,50.0,0.0,4.7,390,243.0,-1,1.0,-3,3.0,1.8,140,45.0,97,0,4.6,27.0,15.0,8,394,2.5,156.0,71.0,0.5,20.6,0.0,957933,1365,789155,13301,1.2,0.0,2.13,3.29,5.42,25.16,0.11,0.17,0.28,1.34,455.2,66.0,20.0,649.0,9.0,9.0,234.0,94.0,57.0,134.0,24.0,20.0,3.0,1.0,,26,,Anton,Stach,Stach,Hip injury - 50% chance of playing,,1693,3,6,3,32,0,0,0,3,0,0,20,190,,,,0.0,0.16,1.7,1.06,10.1,45,57,88
665,a,100.0,100.0,4.5,416,22.0,0,0.0,0,0.0,0.3,342,47.0,43,0,2.7,239.0,23.0,3,153,0.0,607.0,89.0,0.0,9.6,0.0,40873,337,59307,649,0.0,-0.5,0.0,0.0,0.0,26.68,0.0,0.0,0.0,1.67,322.4,149.0,20.0,0.0,679.0,85.0,0.0,659.0,74.0,32.2,311.0,20.0,,,,26,,Lucas Estella,Perri,Perri,,,1440,0,0,3,29,0,0,0,2,0,38,16,39,,,,2.38,0.19,1.81,1.0,0.0,0,16,100
446,a,,,3.8,804,253.0,0,0.0,-2,2.0,0.1,432,160.0,1,0,1.0,448.0,162.0,0,4,0.0,404.0,160.0,0.0,0.3,0.0,10334,35,14424,132,0.5,0.5,0.0,0.0,0.0,0.3,0.0,0.0,0.0,13.5,4.0,473.0,170.0,0.0,506.0,193.0,0.0,470.0,184.0,0.4,486.0,171.0,,,,26,,Tyler,Fredricson,Fredricson,,,2,0,0,0,0,0,0,0,0,0,0,0,2,,,,0.0,0.0,0.0,0.0,90.0,0,2,0
80,i,0.0,0.0,4.0,714,192.0,0,0.0,0,0.0,0.2,375,136.0,3,0,1.0,452.0,165.0,0,2,0.0,499.0,204.0,0.0,0.8,0.0,17299,17,32333,398,0.0,0.0,0.0,0.0,0.0,1.62,0.0,0.0,0.0,4.29,1.8,484.0,173.0,2.5,448.0,163.0,2.0,435.0,161.0,0.6,483.0,170.0,,,,26,,Julio,Soler Barreto,Soler,Hamstring injury - Expected back 01 Jun,,34,0,0,0,2,0,0,0,0,0,0,0,1,,,,0.0,0.0,5.29,0.0,2.65,1,0,4
86,a,100.0,100.0,5.0,244,149.0,0,0.0,0,0.0,0.2,392,131.0,44,0,2.1,315.0,137.0,4,172,0.2,368.0,160.0,0.0,8.8,0.0,71434,456,77217,283,0.2,0.2,4.41,2.8,7.21,14.15,0.42,0.27,0.69,1.35,192.8,258.0,108.0,299.0,86.0,64.0,381.0,39.0,24.0,85.8,100.0,58.0,5.0,3.0,,26,,David,Brooks,Brooks,,,945,1,2,4,17,0,0,0,7,0,0,11,74,,,,0.0,0.38,1.62,1.05,7.05,15,15,44
454,u,0.0,0.0,5.9,100,64.0,0,0.0,-1,1.0,0.1,567,210.0,0,0,0.0,808.0,361.0,0,0,0.0,797.0,355.0,0.0,0.0,0.0,1511,0,10688,14,0.0,0.0,0.0,0.0,0.0,0.0,0.0,0.0,0.0,0.0,0.0,808.0,361.0,0.0,808.0,361.0,0.0,807.0,361.0,0.0,808.0,361.0,,,,26,,Antony,dos Santos,Antony,has joined Real Betis permanently.,,0,0,0,0,0,0,0,0,0,0,0,0,0,,,,0.0,0.0,0.0,0.0,0.0,0,0,0
138,a,,,4.2,624,31.0,0,0.0,-3,3.0,0.2,346,49.0,0,0,0.0,633.0,87.0,0,0,0.0,522.0,80.0,0.0,0.0,0.0,9919,152,38734,165,0.0,0.0,0.0,0.0,0.0,0.0,0.0,0.0,0.0,0.0,0.0,623.0,87.0,0.0,617.0,76.0,0.0,587.0,62.0,0.0,626.0,87.0,,,,26,,Jason,Steele,Steele,,,0,0,0,0,0,0,0,0,0,0,0,0,0,,,,0.0,0.0,0.0,0.0,0.0,0,0,0
496,u,0.0,0.0,4.4,557,333.0,0,0.0,-1,1.0,0.0,630,247.0,0,0,0.0,677.0,263.0,0,0,0.0,590.0,204.0,0.0,0.0,0.0,2219,0,7364,12,0.0,0.0,0.0,0.0,0.0,0.0,0.0,0.0,0.0,0.0,0.0,669.0,255.0,0.0,665.0,260.0,0.0,644.0,251.0,0.0,672.0,258.0,,,,26,,Garang,Kuol,Kuol,has joined Sparta Prague permanently.,,0,0,0,0,0,0,0,0,0,0,0,0,0,,,,0.0,0.0,0.0,0.0,0.0,0,0,0
497,d,75.0,75.0,4.5,464,281.0,0,0.0,0,0.0,2.8,111,33.0,58,0,3.1,172.0,74.0,4,271,0.5,321.0,139.0,0.1,12.9,0.0,640112,1497,577139,12976,0.0,0.4,1.36,2.0,3.36,13.65,0.11,0.16,0.27,1.08,275.0,193.0,77.0,214.3,133.0,93.0,132.0,190.0,105.0,62.1,178.0,97.0,,,,26,,Lewis,Miley,L.Miley,Dead leg - 75% chance of playing,,1133,1,3,2,16,0,0,0,0,0,0,11,123,,,,0.0,0.16,1.27,0.87,9.77,24,42,57
170,a,100.0,100.0,4.9,285,178.0,0,0.0,-1,1.0,0.1,469,162.0,24,2,1.6,384.0,169.0,0,96,1.0,269.0,116.0,0.2,4.9,0.0,17950,164,22916,102,1.0,1.0,0.93,0.57,1.5,7.22,0.22,0.14,0.36,1.73,100.6,338.0,152.0,104.2,241.0,150.0,48.0,313.0,165.0,25.1,337.0,162.0,5.0,,1.0,26,,James,Milner,Milner,,,375,1,1,0,12,0,0,0,2,0,0,2,40,,,,0.0,0.0,2.88,0.48,9.6,7,13,20
171,u,0.0,0.0,4.9,328,204.0,0,0.0,-1,1.0,0.0,699,291.0,0,0,0.0,771.0,334.0,0,0,0.0,725.0,302.0,0.0,0.0,0.0,197,0,2955,8,0.0,0.0,0.0,0.0,0.0,0.0,0.0,0.0,0.0,0.0,0.0,770.0,333.0,0.0,767.0,334.0,0.0,761.0,332.0,0.0,771.0,334.0,,,,26,,Jeremy,Sarmiento Morante,Sarmiento,has joined Middlesbrough on loan for the rest of the season.,,0,0,0,0,0,0,0,0,0,0,0,0,0,,,,0.0,0.0,0.0,0.0,0.0,0,0,0
177,u,0.0,0.0,4.5,454,271.0,0,0.0,0,0.0,0.0,694,287.0,0,0,0.0,709.0,286.0,0,0,0.0,632.0,232.0,0.0,0.0,0.0,490,0,5085,4,0.0,0.0,0.0,0.0,0.0,0.0,0.0,0.0,0.0,0.0,0.0,704.0,281.0,0.0,701.0,284.0,0.0,684.0,277.0,0.0,706.0,283.0,,,,26,,Andrew,Moran,Moran,Has joined Los Angeles FC on loan for the rest of the season.,,0,0,0,0,0,0,0,0,0,0,0,0,0,,,,0.0,0.0,0.0,0.0,0.0,0,0,0
512,u,0.0,0.0,4.5,418,78.0,0,0.0,0,0.0,0.0,682,237.0,0,0,0.0,691.0,254.0,0,0,0.0,609.0,241.0,0.0,0.0,0.0,345,0,4117,4,0.0,0.0,0.0,0.0,0.0,0.0,0.0,0.0,0.0,0.0,0.0,685.0,254.0,0.0,681.0,254.0,0.0,661.0,253.0,0.0,688.0,254.0,,,,26,,Omar,Richards,O.Richards,has joined Rio Ave on loan for the rest of the season.,,0,0,0,0,0,0,0,0,0,0,0,0,0,,,,0.0,0.0,0.0,0.0,0.0,0,0,0
178,a,100.0,100.0,6.1,78,24.0,-1,1.0,-4,4.0,3.6,90,15.0,73,2,2.9,214.0,22.0,8,281,1.8,226.0,27.0,0.3,12.0,0.0,1972956,4535,2104648,12839,1.8,1.8,8.36,0.75,9.11,21.11,0.52,0.05,0.57,1.32,328.6,140.0,12.0,199.3,145.0,10.0,414.0,29.0,15.0,93.6,78.0,14.0,,2.0,2.0,26,,Danny,Welbeck,Welbeck,,,1444,8,0,5,20,0,0,2,4,0,0,16,69,,,,0.0,0.31,1.25,1.0,4.3,16,22,31
179,u,0.0,0.0,5.5,151,39.0,0,0.0,0,0.0,0.0,752,91.0,0,0,0.0,805.0,88.0,0,0,0.0,787.0,83.0,0.0,0.0,0.0,0,0,1557,1,0.0,0.0,0.0,0.0,0.0,0.0,0.0,0.0,0.0,0.0,0.0,805.0,88.0,0.0,804.0,88.0,0.0,802.0,88.0,0.0,805.0,88.0,,,,26,,Evan,Ferguson,Ferguson,Has joined AS Roma on loan for the rest of the season,,0,0,0,0,0,0,0,0,0,0,0,0,0,,,,0.0,0.0,0.0,0.0,0.0,0,0,0
15,a,,,3.7,814,262.0,0,0.0,-3,3.0,0.2,364,133.0,0,0,0.0,514.0,181.0,0,0,0.0,384.0,141.0,0.0,0.0,0.0,22516,2003,26574,583,1.0,2.5,0.0,0.0,0.0,0.0,0.0,0.0,0.0,0.0,0.0,503.0,180.0,0.0,489.0,177.0,0.0,453.0,168.0,0.0,506.0,180.0,,,,26,,Josh,Nichols,Nichols,,,0,0,0,0,0,0,0,0,0,0,0,0,0,,,,0.0,0.0,0.0,0.0,0.0,0,0,0
222,u,0.0,0.0,4.0,709,64.0,0,0.0,0,0.0,0.0,793,90.0,0,0,0.0,610.0,83.0,0,0,0.0,494.0,75.0,0.0,0.0,0.0,0,0,340,1,0.0,0.0,0.0,0.0,0.0,0.0,0.0,0.0,0.0,0.0,0.0,600.0,83.0,0.0,593.0,71.0,0.0,561.0,57.0,0.0,603.0,83.0,,,,26,,Mike,Penders,Penders,Has joined RC Strasbourg on loan for the rest of the season.,,0,0,0,0,0,0,0,0,0,0,0,0,0,,,,0.0,0.0,0.0,0.0,0.0,0,0,0
2,a,,,4.1,650,36.0,0,0.0,-4,4.0,0.4,282,37.0,0,0,0.0,631.0,85.0,0,0,0.0,517.0,77.0,0.0,0.0,0.0,14043,194,75553,308,1.0,2.5,0.0,0.0,0.0,0.0,0.0,0.0,0.0,0.0,0.0,621.0,85.0,0.0,614.0,73.0,0.0,584.0,59.0,0.0,624.0,85.0,,,,26,,Kepa,Arrizabalaga Revuelta,Arrizabalaga,,,0,0,0,0,0,0,0,0,0,0,0,0,0,,,,0.0,0.0,0.0,0.0,0.0,0,0,0
17,d,75.0,50.0,7.8,18,13.0,0,0.0,-2,2.0,1.7,145,48.0,58,1,3.1,180.0,80.0,5,236,1.8,228.0,96.0,0.2,7.4,0.0,374614,487,625082,6547,2.1,3.0,1.01,2.9,3.91,12.47,0.09,0.25,0.34,1.06,242.0,212.0,92.0,423.9,37.0,35.0,144.0,175.0,99.0,80.9,113.0,63.0,4.0,,3.0,26,,Martin,Ødegaard,Ødegaard,Knock - 75% chance of playing,,1057,1,5,4,11,0,0,0,0,0,0,13,80,,,,0.0,0.34,0.94,1.11,6.81,17,13,50
18,a,100.0,100.0,6.8,47,29.0,0,0.0,-2,2.0,1.5,154,50.0,50,13,2.8,235.0,97.0,6,170,5.8,16.0,11.0,0.9,7.4,0.0,349505,6412,312930,9076,6.8,14.1,0.96,1.98,2.94,8.55,0.1,0.22,0.32,0.93,182.0,262.0,111.0,242.0,112.0,78.0,284.0,73.0,45.0,70.7,141.0,77.0,3.0,,,26,,Noni,Madueke,Madueke,,,828,2,1,5,7,0,0,0,0,0,0,11,46,,,,0.0,0.54,0.76,1.2,5.0,15,11,20
759,a,,,4.0,727,204.0,0,0.0,0,0.0,0.0,687,238.0,0,0,0.0,625.0,240.0,0,0,0.0,511.0,215.0,0.0,0.0,0.0,1182,48,952,59,1.0,2.5,0.0,0.0,0.0,0.0,0.0,0.0,0.0,0.0,0.0,615.0,240.0,0.0,608.0,240.0,0.0,576.0,235.0,0.0,618.0,240.0,,,,26,,Marli,Salmon,Salmon,,,0,0,0,0,0,0,0,0,0,0,0,0,0,,,,0.0,0.0,0.0,0.0,0.0,0,0,0
224,d,50.0,100.0,6.1,80,3.0,0,0.0,1,-1.0,16.7,20,7.0,90,1,3.8,90.0,34.0,5,409,4.0,67.0,24.0,0.7,14.8,0.0,2716049,5916,3297382,101915,2.5,4.5,1.64,2.73,4.37,27.63,0.08,0.13,0.21,1.32,429.6,77.0,33.0,384.9,47.0,5.0,194.0,122.0,22.0,100.8,63.0,11.0,,,,26,,Marc,Cucurella Saseta,Cucurella,Hamstring injury - 50% chance of playing,,1885,1,3,9,21,0,0,0,5,1,0,22,177,,,,0.0,0.43,1.0,1.05,6.68,43,97,85
225,a,100.0,75.0,5.6,128,13.0,-1,1.0,1,-1.0,8.2,45,14.0,97,0,4.2,56.0,22.0,9,402,1.8,224.0,84.0,0.3,17.3,0.0,2046381,7485,1805796,62599,2.8,1.7,0.86,2.3,3.16,24.36,0.05,0.13,0.18,1.43,406.8,91.0,41.0,399.5,42.0,3.0,89.0,250.0,70.0,89.7,86.0,21.0,2.0,2.0,,26,,Reece,James,James,,,1534,2,5,7,16,0,0,0,4,0,0,16,144,,,,0.0,0.41,0.94,0.94,6.16,40,65,81
518,u,0.0,0.0,5.4,180,111.0,0,0.0,-1,1.0,0.0,620,240.0,1,0,1.0,498.0,234.0,0,6,0.0,780.0,341.0,0.0,0.2,0.0,1029,0,9120,16,0.0,0.0,0.0,0.0,0.0,0.0,0.0,0.0,0.0,0.0,5.0,470.0,214.0,0.5,472.0,228.0,4.0,432.0,215.0,1.0,477.0,221.0,,,,26,,João Pedro,Ferreira da Silva,Jota,has joined Besiktas on loan for the rest of the season.,,11,0,0,0,0,0,0,0,0,0,0,0,3,,,,0.0,0.0,0.0,0.0,24.55,2,1,0
519,a,100.0,100.0,5.0,256,156.0,0,0.0,0,0.0,0.0,623,242.0,33,0,2.1,316.0,138.0,3,131,1.2,258.0,112.0,0.2,6.6,0.0,4995,55,3027,231,0.7,1.7,1.09,0.39,1.48,14.74,0.12,0.04,0.16,1.64,165.2,274.0,118.0,140.6,196.0,131.0,117.0,214.0,117.0,42.4,260.0,128.0,3.0,,,26,,Nicolás,Domínguez,Dominguez,,,810,1,0,3,15,0,0,0,2,0,0,12,82,,,,0.0,0.33,1.67,1.33,9.11,32,18,32
520,u,0.0,0.0,5.0,254,155.0,0,0.0,0,0.0,0.0,813,363.0,0,0,0.0,780.0,340.0,0,0,0.0,740.0,312.0,0.0,0.0,0.0,0,0,117,0,0.0,0.0,0.0,0.0,0.0,0.0,0.0,0.0,0.0,0.0,0.0,779.0,339.0,0.0,777.0,340.0,0.0,774.0,338.0,0.0,780.0,340.0,,,,26,,Lewis,O'Brien,O'Brien,Has joined Wrexham permanently.,,0,0,0,0,0,0,0,0,0,0,0,0,0,,,,0.0,0.0,0.0,0.0,0.0,0,0,0
521,a,100.0,100.0,4.9,308,192.0,0,0.0,-1,1.0,0.1,545,199.0,61,3,3.4,131.0,58.0,2,246,2.8,133.0,60.0,0.6,12.4,0.0,10071,137,11825,208,2.3,3.3,1.03,1.31,2.34,21.53,0.07,0.09,0.16,1.47,295.4,179.0,71.0,112.1,222.0,142.0,107.0,224.0,123.0,51.5,221.0,112.0,,,,26,,Ibrahim,Sangaré,Sangaré,,,1314,2,2,6,17,0,0,0,3,0,0,16,155,,,,0.0,0.41,1.16,1.1,10.62,38,59,58
200,a,100.0,100.0,5.0,259,158.0,0,0.0,-5,5.0,1.8,143,47.0,84,8,3.4,133.0,60.0,6,334,3.2,98.0,45.0,0.6,16.8,0.0,1208491,2424,1080606,2383,2.2,2.7,3.08,1.69,4.77,36.39,0.17,0.09,0.26,1.97,400.0,95.0,30.0,340.7,62.0,49.0,357.0,49.0,30.0,109.7,47.0,33.0,2.0,,,26,,Jaidon,Anthony,Anthony,,,1665,6,2,3,36,0,0,0,4,0,0,20,154,,,,0.0,0.16,1.95,1.08,8.32,29,33,92
201,u,0.0,0.0,5.4,162,99.0,0,0.0,-1,1.0,0.0,703,294.0,0,0,0.0,795.0,351.0,0,0,0.0,773.0,337.0,0.0,0.0,0.0,1070,0,3139,3,0.0,0.0,0.0,0.0,0.0,0.0,0.0,0.0,0.0,0.0,0.0,795.0,351.0,0.0,794.0,351.0,0.0,792.0,350.0,0.0,795.0,351.0,,,,26,,Manuel,Benson Hedilazio,Benson,has joined Maccabi Haifa permanently.,,0,0,0,0,0,0,0,0,0,0,0,0,0,,,,0.0,0.0,0.0,0.0,0.0,0,0,0
202,a,100.0,100.0,5.3,189,116.0,0,0.0,-2,2.0,0.0,626,244.0,34,1,1.6,391.0,175.0,0,102,0.8,300.0,132.0,0.2,6.4,0.0,5711,51,8332,64,-0.2,0.3,1.25,1.06,2.31,20.73,0.12,0.11,0.23,2.06,113.2,325.0,147.0,178.6,163.0,115.0,124.0,210.0,114.0,41.6,266.0,132.0,3.0,1.0,3.0,26,,Jacob,Bruun Larsen,Bruun Larsen,,,904,0,1,3,23,0,0,0,0,0,0,9,59,,,,0.0,0.3,2.29,0.9,5.87,12,19,28
203,a,,,4.7,394,246.0,0,0.0,-3,3.0,0.0,595,225.0,0,0,0.0,756.0,323.0,0,0,0.0,694.0,280.0,0.0,0.0,0.0,3903,87,6953,70,-1.0,-0.5,0.0,0.0,0.0,0.0,0.0,0.0,0.0,0.0,0.0,755.0,322.0,0.0,751.0,323.0,0.0,742.0,320.0,0.0,756.0,323.0,,,,26,,Enock,Agyei,Boateng,,,0,0,0,0,0,0,0,0,0,0,0,0,0,,,,0.0,0.0,0.0,0.0,0.0,0,0,0
213,u,0.0,0.0,4.5,467,284.0,0,0.0,0,0.0,0.0,613,237.0,1,0,1.0,474.0,213.0,0,2,0.0,642.0,242.0,0.0,0.2,0.0,7482,0,8838,81,0.0,0.0,0.0,0.0,0.0,0.05,0.0,0.0,0.0,0.5,0.0,714.0,291.0,0.5,470.0,226.0,0.0,694.0,287.0,0.0,716.0,293.0,,,,26,,Jaydon,Banel,Banel,has joined Derby County on loan for the rest of the season.,,9,0,0,0,0,0,0,0,0,0,0,0,0,,,,0.0,0.0,0.0,0.0,0.0,0,0,0
214,i,0.0,0.0,4.4,537,321.0,0,0.0,-1,1.0,0.1,566,209.0,4,0,1.0,464.0,204.0,0,10,0.0,576.0,194.0,0.0,0.9,0.0,11757,27,15556,93,0.0,0.0,0.0,0.0,0.0,0.46,0.0,0.0,0.0,2.18,0.6,496.0,227.0,0.4,474.0,229.0,2.0,441.0,217.0,0.3,493.0,227.0,,,,26,,Mike,Trésor Ndayishimiye,Trésor,Ankle injury - Unknown return date,,19,0,0,0,1,0,0,0,0,0,0,0,2,,,,0.0,0.0,4.74,0.0,9.47,0,0,2
215,a,100.0,100.0,5.3,196,47.0,0,0.0,-2,2.0,0.3,339,56.0,47,2,2.6,258.0,28.0,3,164,1.2,261.0,32.0,0.2,8.9,0.0,145709,570,142384,674,0.2,0.7,3.96,0.18,4.14,17.07,0.43,0.02,0.45,1.86,213.8,241.0,20.0,66.0,298.0,30.0,286.0,71.0,25.0,55.6,207.0,26.0,,,1.0,26,,Zian,Flemming,Flemming,,,825,5,0,2,15,0,0,0,3,0,0,10,43,,,,0.0,0.22,1.64,1.09,4.69,6,20,17
216,i,0.0,0.0,4.8,369,63.0,0,0.0,-2,2.0,0.0,671,86.0,0,0,0.0,759.0,83.0,0,0,0.0,703.0,74.0,0.0,0.0,0.0,1918,33,6138,18,0.0,0.0,0.0,0.0,0.0,0.0,0.0,0.0,0.0,0.0,0.0,758.0,83.0,0.0,754.0,82.0,0.0,747.0,82.0,0.0,759.0,83.0,,,,26,,Zeki,Amdouni,Amdouni,Knee injury - Expected back 25 Apr,,0,0,0,0,0,0,0,0,0,0,0,0,0,,,,0.0,0.0,0.0,0.0,0.0,0,0,0
607,u,0.0,0.0,4.4,526,106.0,0,0.0,-1,1.0,0.0,609,215.0,3,0,1.5,402.0,146.0,0,-1,0.0,573.0,237.0,0.0,0.7,0.0,1288,0,12299,8,0.0,0.0,0.1,0.03,0.13,3.42,0.05,0.02,0.07,1.71,39.0,412.0,155.0,3.9,444.0,161.0,8.0,406.0,152.0,5.1,441.0,158.0,,,,26,,Nayef,Aguerd,N.Aguerd,has joined Marseille permanently.,,180,0,0,0,8,0,0,0,0,0,0,2,23,,,,0.0,0.0,4.0,1.0,7.5,1,14,8
722,a,,,5.0,251,153.0,0,0.0,0,0.0,0.0,603,230.0,64,1,2.9,205.0,85.0,0,271,1.8,218.0,91.0,0.4,12.8,0.0,14323,93,12091,135,0.8,1.3,0.55,0.38,0.93,36.11,0.03,0.02,0.05,2.06,320.8,151.0,53.0,169.4,175.0,119.0,44.0,320.0,168.0,53.7,214.0,106.0,,,,26,,Florentino Ibrain,Morris Luís,Florentino,,,1580,0,2,2,35,0,0,0,4,0,0,19,237,,,,0.0,0.11,1.99,1.08,13.5,74,81,82
776,a,,,4.5,509,314.0,0,0.0,0,0.0,0.0,795,351.0,0,0,0.0,748.0,316.0,0,0,0.0,680.0,270.0,0.0,0.0,0.0,352,54,179,15,-1.0,-0.5,0.0,0.0,0.0,0.0,0.0,0.0,0.0,0.0,0.0,747.0,315.0,0.0,742.0,316.0,0.0,728.0,312.0,0.0,748.0,316.0,,,,26,,Oliver,Pimlott,Pimlott,,,0,0,0,0,0,0,0,0,0,0,0,0,0,,,,0.0,0.0,0.0,0.0,0.0,0,0,0
784,a,,,4.5,516,320.0,0,0.0,0,0.0,0.0,800,354.0,0,0,0.0,753.0,321.0,0,0,0.0,687.0,276.0,0.0,0.0,0.0,342,30,222,20,-1.0,-0.5,0.0,0.0,0.0,0.0,0.0,0.0,0.0,0.0,0.0,752.0,320.0,0.0,747.0,321.0,0.0,734.0,318.0,0.0,753.0,321.0,,,,26,,George,Brierley,Brierley,,,0,0,0,0,0,0,0,0,0,0,0,0,0,,,,0.0,0.0,0.0,0.0,0.0,0,0,0
75,d,75.0,25.0,3.8,802,251.0,0,0.0,-2,2.0,0.2,384,142.0,0,0,0.0,527.0,193.0,0,0,0.0,403.0,159.0,0.0,0.0,0.0,14141,63,31960,126,0.0,0.0,0.0,0.0,0.0,0.0,0.0,0.0,0.0,0.0,0.0,517.0,193.0,0.0,504.0,191.0,0.0,468.0,182.0,0.0,520.0,193.0,,,,26,,Matai,Akinmboni,Akinmboni,Lack of match fitness - 75% chance of playing,,0,0,0,0,0,0,0,0,0,0,0,0,0,,,,0.0,0.0,0.0,0.0,0.0,0,0,0
685,a,100.0,100.0,4.2,635,148.0,0,0.0,-3,3.0,0.3,321,117.0,46,0,2.6,249.0,97.0,2,164,0.2,355.0,133.0,0.0,11.0,0.0,97594,222,93718,522,0.2,0.2,0.02,0.19,0.21,22.47,0.0,0.01,0.01,1.59,267.0,198.0,82.0,54.3,323.0,110.0,22.0,363.0,122.0,34.4,298.0,99.0,,,,26,,Bafodé,Diakité,Diakité,,,1275,0,0,4,27,0,0,0,1,0,0,15,147,,,,0.0,0.28,1.91,1.06,8.26,20,97,48
697,a,,,5.4,178,109.0,0,0.0,-1,1.0,0.4,276,96.0,55,10,2.5,272.0,115.0,4,201,6.8,7.0,4.0,1.3,10.2,0.0,66111,22836,22248,1357,6.8,6.8,2.49,1.45,3.94,12.87,0.27,0.16,0.43,1.39,243.2,210.0,90.0,187.6,153.0,106.0,227.0,100.0,61.0,65.2,164.0,89.0,,6.0,,26,,Amine,Adli,Adli,,,833,3,2,2,14,0,0,0,2,0,0,8,97,,,,0.0,0.22,1.51,0.86,10.48,30,23,44
713,a,,,4.5,468,93.0,0,0.0,0,0.0,0.2,354,126.0,47,1,2.1,313.0,117.0,0,176,3.5,82.0,30.0,0.8,10.4,0.0,44832,1184,20037,1003,3.5,3.5,0.93,0.86,1.79,28.81,0.05,0.05,0.1,1.63,285.4,184.0,76.0,157.2,184.0,45.0,157.0,158.0,34.0,60.0,189.0,62.0,,,,26,,Álex,Jiménez Sánchez,A.Jimenez,,,1587,1,2,3,32,0,0,0,8,0,0,18,113,,,,0.0,0.17,1.81,1.02,5.56,46,52,85
687,a,,,4.3,618,362.0,0,0.0,-2,2.0,0.2,398,133.0,0,0,0.0,657.0,252.0,0,0,0.0,564.0,190.0,0.0,0.0,0.0,20716,1345,17274,546,0.0,0.0,0.0,0.0,0.0,0.0,0.0,0.0,0.0,0.0,0.0,647.0,242.0,0.0,644.0,248.0,0.0,620.0,237.0,0.0,650.0,245.0,,,,26,,Remy,Rees-Dottin,Rees-Dottin,,,0,0,0,0,0,0,0,0,0,0,0,0,0,,,,0.0,0.0,0.0,0.0,0.0,0,0,0
116,a,100.0,100.0,4.0,686,174.0,0,0.0,0,0.0,0.4,268,99.0,32,1,1.9,339.0,126.0,0,91,0.8,289.0,101.0,0.2,8.0,0.0,65452,335,68826,713,0.8,-0.2,0.4,0.17,0.57,5.85,0.07,0.03,0.1,0.97,74.0,375.0,143.0,14.3,399.0,145.0,42.0,326.0,105.0,12.8,390.0,140.0,,,,26,,Aaron,Hickey,Hickey,,,544,0,0,2,7,0,0,0,1,0,0,6,44,,,,0.0,0.33,1.16,0.99,6.12,10,27,31
117,u,0.0,0.0,3.9,778,228.0,0,0.0,-1,1.0,0.1,520,184.0,0,0,0.0,567.0,206.0,0,0,0.0,446.0,175.0,0.0,0.0,0.0,4108,0,15518,32,0.0,0.0,0.0,0.0,0.0,0.0,0.0,0.0,0.0,0.0,0.0,557.0,206.0,0.0,547.0,206.0,0.0,512.0,198.0,0.0,560.0,206.0,,,,26,,Kim,Ji-soo,Ji-soo,has joined Kaiserslautern on loan for the rest of the season.,,0,0,0,0,0,0,0,0,0,0,0,0,0,,,,0.0,0.0,0.0,0.0,0.0,0,0,0
118,u,0.0,0.0,4.0,696,180.0,0,0.0,0,0.0,0.0,610,216.0,0,0,0.0,600.0,222.0,0,0,0.0,483.0,194.0,0.0,0.0,0.0,279,0,10949,8,0.0,0.0,0.0,0.0,0.0,0.0,0.0,0.0,0.0,0.0,0.0,590.0,222.0,0.0,583.0,222.0,0.0,550.0,216.0,0.0,593.0,222.0,,,,26,,Jayden,Meghoma,Meghoma,Has joined Rangers on loan for the rest of the season.,,0,0,0,0,0,0,0,0,0,0,0,0,0,,,,0.0,0.0,0.0,0.0,0.0,0,0,0
341,a,,,3.9,738,68.0,0,0.0,-1,1.0,2.3,124,16.0,23,1,2.3,291.0,25.0,0,118,1.8,206.0,18.0,0.5,5.9,0.0,206690,7597,259152,1943,1.8,1.3,0.0,0.03,0.03,12.07,0.0,0.0,0.0,1.21,223.0,229.0,22.0,0.0,515.0,21.0,0.0,480.0,7.0,22.4,349.0,22.0,,,,26,,Karl,Darlow,Darlow,,,900,0,0,1,16,0,0,0,0,0,27,10,59,,,,2.7,0.1,1.6,1.0,0.0,0,13,96
342,a,100.0,100.0,4.4,528,107.0,0,0.0,-1,1.0,0.2,380,140.0,65,4,2.7,237.0,93.0,0,174,3.5,81.0,29.0,0.8,14.8,0.0,33848,2085,36764,473,3.5,3.0,1.79,1.12,2.91,30.21,0.08,0.05,0.13,1.35,302.6,172.0,73.0,190.0,152.0,37.0,165.0,148.0,29.0,65.9,160.0,52.0,,,,26,,Jayden,Bogle,Bogle,,,2020,1,3,4,38,0,0,0,4,0,0,23,169,,,,0.0,0.18,1.69,1.02,5.57,47,78,101
103,u,0.0,0.0,3.9,769,87.0,0,0.0,-1,1.0,0.1,418,62.0,0,0,0.0,558.0,55.0,0,0,0.0,437.0,46.0,0.0,0.0,0.0,11791,0,13844,192,0.0,0.0,0.0,0.0,0.0,0.0,0.0,0.0,0.0,0.0,0.0,548.0,55.0,0.0,538.0,40.0,0.0,503.0,26.0,0.0,551.0,55.0,,,,26,,Matthew,Cox,Cox,has joined Shrewsbury Town on loan for the rest of the season.,,0,0,0,0,0,0,0,0,0,0,0,0,0,,,,0.0,0.0,0.0,0.0,0.0,0,0,0
104,a,,,3.9,773,89.0,0,0.0,-1,1.0,0.1,457,68.0,0,0,0.0,562.0,57.0,0,0,0.0,441.0,48.0,0.0,0.0,0.0,12773,49,9845,119,0.0,-1.0,0.0,0.0,0.0,0.0,0.0,0.0,0.0,0.0,0.0,552.0,57.0,0.0,542.0,42.0,0.0,507.0,28.0,0.0,555.0,57.0,,,,26,,Julian,Eyestone,Eyestone,,,0,0,0,0,0,0,0,0,0,0,0,0,0,,,,0.0,0.0,0.0,0.0,0.0,0,0,0
105,a,,,3.9,770,88.0,0,0.0,-1,1.0,0.6,238,31.0,0,0,0.0,559.0,56.0,0,0,0.0,438.0,47.0,0.0,0.0,0.0,36999,102,70532,332,0.0,-1.0,0.0,0.0,0.0,0.0,0.0,0.0,0.0,0.0,0.0,549.0,56.0,0.0,539.0,41.0,0.0,504.0,27.0,0.0,552.0,56.0,,,,26,,Hákon Rafn,Valdimarsson,Valdimarsson,,,0,0,0,0,0,0,0,0,0,0,0,0,0,,,,0.0,0.0,0.0,0.0,0.0,0,0,0
126,a,,,4.9,306,191.0,0,0.0,-1,1.0,0.1,505,182.0,57,1,2.4,286.0,124.0,0,265,3.5,85.0,41.0,0.7,11.6,0.0,14681,531,16629,170,3.5,2.5,1.79,3.36,5.15,18.74,0.13,0.25,0.38,1.41,224.0,227.0,99.0,322.9,70.0,53.0,130.0,197.0,108.0,67.6,154.0,84.0,3.0,,5.0,26,,Mathias,Jensen,Jensen,,,1195,2,2,5,16,0,0,0,2,0,0,14,107,,,,0.0,0.38,1.21,1.05,8.06,22,24,61
127,u,0.0,0.0,4.9,347,216.0,0,0.0,-1,1.0,0.0,711,297.0,0,0,0.0,775.0,336.0,0,0,0.0,734.0,308.0,0.0,0.0,0.0,1544,0,2225,37,0.0,0.0,0.0,0.0,0.0,0.0,0.0,0.0,0.0,0.0,0.0,774.0,335.0,0.0,771.0,336.0,0.0,766.0,334.0,0.0,775.0,336.0,,,,26,,Gustavo,Nunes Fernandes Gomes,Nunes,has joined Swansea City on loan for the rest of the season.,,0,0,0,0,0,0,0,0,0,0,0,0,0,,,,0.0,0.0,0.0,0.0,0.0,0,0,0
128,u,0.0,0.0,4.8,366,228.0,0,0.0,-2,2.0,0.0,606,233.0,12,0,2.0,329.0,144.0,0,41,0.0,702.0,286.0,0.0,2.5,0.0,5396,0,8760,49,0.0,0.0,0.0,0.36,0.36,2.02,0.0,0.37,0.37,2.07,28.4,430.0,191.0,13.6,403.0,200.0,4.0,429.0,212.0,4.6,448.0,202.0,,,,26,,Frank,Onyeka,Onyeka,has joined Coventry City on loan for the rest of the season.,,88,0,2,0,2,0,0,0,0,0,0,0,10,,,,0.0,0.0,2.05,0.0,10.23,2,3,5
129,a,100.0,100.0,5.0,273,168.0,0,0.0,0,0.0,0.1,464,159.0,74,2,2.8,228.0,92.0,0,311,1.8,219.0,92.0,0.4,14.8,0.0,23215,235,19133,402,1.8,0.8,1.19,1.08,2.27,29.14,0.06,0.05,0.11,1.4,309.2,161.0,58.0,196.9,149.0,103.0,108.0,221.0,121.0,61.3,182.0,98.0,,,,26,,Yehor,Yarmoliuk,Yarmoliuk,,,1870,1,2,5,30,0,0,0,5,0,0,22,235,,,,0.0,0.24,1.44,1.06,11.31,50,52,133
351,a,100.0,100.0,5.2,214,132.0,0,0.0,-3,3.0,0.1,512,185.0,21,0,1.5,411.0,184.0,0,89,0.2,376.0,166.0,0.0,4.0,0.0,9015,90,39869,123,0.2,-0.3,0.25,0.54,0.79,8.4,0.07,0.14,0.21,2.18,59.0,391.0,173.0,86.0,266.0,157.0,31.0,348.0,183.0,17.7,370.0,174.0,,,,26,,Wilfried,Gnonto,Gnonto,,,346,0,2,1,11,0,0,0,2,0,0,4,37,,,,0.0,0.26,2.86,1.04,9.62,14,9,14
817,a,,,5.5,138,35.0,0,0.0,0,0.0,0.1,495,71.0,8,4,2.7,243.0,26.0,0,26,2.7,146.0,21.0,0.5,1.5,0.0,13235,354,1911,1201,2.2,3.4,0.03,0.37,0.4,7.85,0.01,0.12,0.13,2.62,30.2,426.0,49.0,33.5,362.0,46.0,7.0,419.0,59.0,7.1,428.0,53.0,,,,26,,Adam,Armstrong,Armstrong,,,270,0,1,1,5,0,0,0,1,0,0,3,6,,,,0.0,0.33,1.67,1.0,2.0,0,4,2
797,a,,,4.5,490,70.0,0,0.0,0,0.0,0.0,721,89.0,0,0,0.0,735.0,79.0,0,0,0.0,664.0,69.0,0.0,0.0,0.0,1295,262,408,105,0.0,-1.0,0.0,0.0,0.0,0.0,0.0,0.0,0.0,0.0,0.0,733.0,79.0,0.0,728.0,78.0,0.0,714.0,78.0,0.0,734.0,79.0,,,,26,,Kaye,Furo,Furo,,,0,0,0,0,0,0,0,0,0,0,0,0,0,,,,0.0,0.0,0.0,0.0,0.0,0,0,0
148,a,,,4.4,529,108.0,0,0.0,-1,1.0,0.3,302,110.0,65,2,2.6,250.0,98.0,4,318,1.8,210.0,79.0,0.4,14.8,0.0,74202,730,60201,945,1.8,1.8,1.38,2.22,3.6,31.64,0.06,0.1,0.16,1.39,337.2,135.0,61.0,322.2,71.0,16.0,157.0,157.0,33.0,81.9,110.0,35.0,2.0,,,26,,Ferdi,Kadıoğlu,F.Kadıoğlu,,,2050,0,1,5,29,0,0,0,4,0,0,22,141,,,,0.0,0.22,1.27,0.97,4.87,44,67,94
149,a,100.0,100.0,4.5,422,81.0,0,0.0,0,0.0,0.1,527,188.0,6,0,1.5,404.0,148.0,0,10,0.0,611.0,242.0,0.0,1.3,0.0,8645,118,9882,123,0.0,0.0,0.0,0.0,0.0,4.66,0.0,0.0,0.0,4.07,25.8,434.0,162.0,10.6,413.0,150.0,0.0,663.0,254.0,3.6,453.0,163.0,,,,26,,Igor Julio,dos Santos de Paulo,Igor,,,103,0,0,0,3,0,0,0,0,0,0,1,13,,,,0.0,0.0,2.62,0.87,11.36,0,13,3
150,u,0.0,0.0,4.4,531,110.0,0,0.0,-1,1.0,0.1,516,182.0,0,0,0.0,665.0,252.0,0,0,0.0,575.0,238.0,0.0,0.0,0.0,2778,0,38508,21,0.0,0.0,0.0,0.0,0.0,0.0,0.0,0.0,0.0,0.0,0.0,655.0,252.0,0.0,652.0,252.0,0.0,629.0,251.0,0.0,658.0,252.0,,,,26,,Tariq,Lamptey,Lamptey,has joined Fiorentina permanently.,,0,0,0,0,0,0,0,0,0,0,0,0,0,,,,0.0,0.0,0.0,0.0,0.0,0,0,0
156,a,,,3.8,805,254.0,0,0.0,-2,2.0,0.2,409,149.0,0,0,0.0,528.0,194.0,0,0,0.0,405.0,161.0,0.0,0.0,0.0,11216,284,16363,160,0.0,0.0,0.0,0.0,0.0,0.0,0.0,0.0,0.0,0.0,0.0,518.0,194.0,0.0,507.0,194.0,0.0,471.0,185.0,0.0,521.0,194.0,,,,26,,Charlie,Tasker,Tasker,,,0,0,0,0,0,0,0,0,0,0,0,0,0,,,,0.0,0.0,0.0,0.0,0.0,0,0,0
163,a,100.0,100.0,5.1,239,146.0,0,0.0,-4,4.0,0.0,593,223.0,37,0,2.5,271.0,114.0,2,148,0.2,375.0,165.0,0.0,7.3,0.0,8916,138,16620,137,0.2,0.2,0.86,0.46,1.32,16.6,0.1,0.05,0.15,1.98,134.2,307.0,139.0,74.6,289.0,167.0,106.0,225.0,124.0,31.4,315.0,154.0,,,,26,,Jack,Hinshelwood,Hinshelwood,,,753,1,2,1,14,1,0,0,0,0,0,8,73,,,,0.0,0.12,1.67,0.96,8.73,10,26,37
164,a,100.0,100.0,5.5,142,88.0,0,0.0,0,0.0,0.3,300,105.0,13,0,4.3,44.0,24.0,2,40,0.2,379.0,168.0,0.0,2.4,0.0,131177,199,199043,87,0.2,0.2,1.21,0.18,1.39,2.33,0.59,0.09,0.68,1.13,61.6,389.0,171.0,67.4,296.0,170.0,63.0,286.0,154.0,19.2,363.0,173.0,,,,26,,Matt,O'Riley,O'Riley,,,185,1,0,1,2,0,0,0,0,0,0,2,9,,,,0.0,0.49,0.97,0.97,4.38,4,3,2
165,u,0.0,0.0,5.4,182,113.0,0,0.0,-1,1.0,0.0,730,305.0,0,0,0.0,801.0,355.0,0,0,0.0,782.0,343.0,0.0,0.0,0.0,247,0,2236,5,0.0,0.0,0.0,0.0,0.0,0.0,0.0,0.0,0.0,0.0,0.0,801.0,355.0,0.0,800.0,355.0,0.0,798.0,354.0,0.0,801.0,355.0,,,,26,,Abdallah,Sima,Sima,has joined Lens permanently.,,0,0,0,0,0,0,0,0,0,0,0,0,0,,,,0.0,0.0,0.0,0.0,0.0,0,0,0
744,a,,,4.5,470,285.0,0,0.0,0,0.0,0.0,715,299.0,1,0,1.0,475.0,214.0,0,3,0.0,644.0,243.0,0.0,0.2,0.0,2603,50,1860,49,0.0,0.0,0.0,0.0,0.0,0.0,0.0,0.0,0.0,0.0,0.0,716.0,292.0,0.0,712.0,294.0,0.0,696.0,288.0,0.0,718.0,294.0,,,,26,,Nehemiah,Oriola,Oriola,,,1,0,0,0,0,0,0,0,0,0,0,0,0,,,,0.0,0.0,0.0,0.0,0.0,0,0,0
741,u,0.0,0.0,4.5,493,71.0,0,0.0,0,0.0,0.1,492,70.0,0,0,0.0,737.0,80.0,0,0,0.0,666.0,70.0,0.0,0.0,0.0,27606,0,23403,291,0.0,0.0,0.0,0.0,0.0,0.0,0.0,0.0,0.0,0.0,0.0,735.0,80.0,0.0,730.0,79.0,0.0,716.0,79.0,0.0,736.0,80.0,,,,26,,Harry,Gray,Gray,has joined Rotherham United on loan for the rest of the season.,,0,0,0,0,0,0,0,0,0,0,0,0,0,,,,0.0,0.0,0.0,0.0,0.0,0,0,0
787,a,,,4.4,558,334.0,0,0.0,-1,1.0,0.0,745,316.0,0,0,0.0,678.0,264.0,0,0,0.0,591.0,205.0,0.0,0.0,0.0,1431,180,539,95,0.0,-0.5,0.0,0.0,0.0,0.0,0.0,0.0,0.0,0.0,0.0,670.0,256.0,0.0,666.0,261.0,0.0,645.0,252.0,0.0,673.0,259.0,,,,26,,Sam,Chambers,Chambers,,,0,0,0,0,0,0,0,0,0,0,0,0,0,,,,0.0,0.0,0.0,0.0,0.0,0,0,0
5,a,100.0,100.0,7.1,33,1.0,0,0.0,11,-11.0,43.1,4,1.0,142,7,6.8,2.0,1.0,18,484,4.4,46.0,12.0,0.6,20.0,0.0,7957383,41516,5036598,21334,5.4,11.3,1.84,1.01,2.85,12.14,0.09,0.05,0.14,0.61,603.2,21.0,10.0,102.7,244.0,69.0,192.0,127.0,24.0,89.6,87.0,22.0,,,,26,,Gabriel,dos Santos Magalhães,Gabriel,,,1805,3,3,12,13,0,0,0,2,0,0,20,195,,,,0.0,0.6,0.65,1.0,8.98,23,157,36
7,a,100.0,100.0,5.6,132,14.0,0,0.0,1,-1.0,6.5,56,18.0,86,2,4.3,45.0,15.0,4,308,1.8,225.0,85.0,0.3,15.4,0.0,2625671,4210,2390816,9819,2.8,6.1,2.77,0.4,3.17,7.79,0.19,0.03,0.22,0.52,228.6,222.0,86.0,109.3,226.0,60.0,230.0,99.0,12.0,56.8,204.0,67.0,,,,26,,Riccardo,Calafiori,Calafiori,,,1347,1,2,10,8,0,0,0,5,0,0,17,130,,,,0.0,0.67,0.53,1.14,6.08,30,61,59
14,u,0.0,0.0,3.9,779,229.0,0,0.0,-1,1.0,0.1,486,174.0,0,0,0.0,568.0,207.0,0,0,0.0,447.0,176.0,0.0,0.0,0.0,10218,0,22555,37,0.0,0.0,0.0,0.0,0.0,0.0,0.0,0.0,0.0,0.0,0.0,558.0,207.0,0.0,548.0,207.0,0.0,513.0,199.0,0.0,561.0,207.0,,,,26,,Maldini,Kacurri,Kacurri,has joined Morecambe on loan for the rest of the season.,,0,0,0,0,0,0,0,0,0,0,0,0,0,,,,0.0,0.0,0.0,0.0,0.0,0,0,0
16,a,100.0,50.0,9.8,6,4.0,-1,1.0,-2,2.0,7.7,52,19.0,114,13,5.0,17.0,9.0,13,433,3.0,125.0,57.0,0.3,11.6,0.0,3976138,6005,4973911,32900,4.0,4.2,6.13,5.24,11.37,10.81,0.34,0.29,0.63,0.6,473.0,62.0,18.0,649.3,8.0,8.0,609.0,13.0,5.0,173.3,8.0,6.0,2.0,,1.0,26,,Bukayo,Saka,Saka,,,1635,5,7,8,14,0,0,0,1,0,0,18,137,,,,0.0,0.44,0.77,0.99,7.54,29,18,90
21,a,100.0,100.0,7.6,21,14.0,1,-1.0,11,-11.0,35.1,8,3.0,148,14,5.7,8.0,6.0,21,623,4.6,34.0,22.0,0.6,19.5,0.0,6704923,32696,3372122,117363,5.6,11.7,2.95,5.94,8.89,15.15,0.12,0.24,0.36,0.61,685.6,8.0,3.0,832.2,2.0,2.0,261.0,87.0,54.0,178.0,6.0,4.0,1.0,1.0,,26,,Declan,Rice,Rice,,,2235,4,8,12,19,0,0,0,2,0,0,25,276,,,,0.0,0.48,0.77,1.01,11.11,47,95,134
22,i,0.0,0.0,5.4,164,101.0,0,0.0,-6,6.0,0.9,199,67.0,66,0,3.1,176.0,78.0,5,238,1.4,241.0,105.0,0.3,12.2,0.0,835849,41,825741,6969,0.0,0.0,2.99,1.45,4.44,6.59,0.27,0.13,0.4,0.6,304.4,170.0,63.0,187.0,155.0,107.0,237.0,93.0,56.0,72.6,134.0,73.0,,,,26,,Mikel,Merino Zazón,Merino,Foot injury - Unknown return date,,996,4,3,4,9,0,0,0,1,0,0,10,111,,,,0.0,0.36,0.81,0.9,10.03,26,30,55
23,u,0.0,0.0,5.4,173,107.0,0,0.0,-1,1.0,0.0,681,279.0,0,0,0.0,798.0,353.0,0,0,0.0,777.0,339.0,0.0,0.0,0.0,933,0,4419,7,0.0,0.0,0.0,0.0,0.0,0.0,0.0,0.0,0.0,0.0,0.0,798.0,353.0,0.0,797.0,353.0,0.0,795.0,352.0,0.0,798.0,353.0,,,,26,,Fábio,Ferreira Vieira,Fábio Vieira,has joined Hamburger on loan for the rest of the season.,,0,0,0,0,0,0,0,0,0,0,0,0,0,,,,0.0,0.0,0.0,0.0,0.0,0,0,0
24,a,100.0,100.0,5.1,224,138.0,0,0.0,-4,4.0,0.1,434,147.0,4,0,1.0,494.0,230.0,0,14,0.2,371.0,163.0,0.0,0.8,0.0,7365,129,60706,159,1.2,2.9,0.05,0.0,0.05,2.18,0.14,0.0,0.14,6.13,15.6,449.0,201.0,0.4,475.0,230.0,7.0,418.0,204.0,2.4,463.0,210.0,,,,26,,Christian,Nørgaard,Nørgaard,,,32,0,0,0,1,0,0,0,0,0,0,0,9,,,,0.0,0.0,2.81,0.0,25.31,0,6,3
25,u,0.0,0.0,5.0,269,164.0,0,0.0,-5,5.0,0.1,449,154.0,8,0,1.3,429.0,194.0,0,20,0.0,747.0,318.0,0.0,1.6,0.0,13149,0,36633,143,0.0,0.0,0.23,0.08,0.31,0.73,0.13,0.04,0.17,0.4,8.6,458.0,206.0,22.5,383.0,196.0,24.0,361.0,188.0,5.4,438.0,196.0,,,,26,,Ethan,Nwaneri,Nwaneri,has joined Marseille on loan for the rest of the season.,,165,0,0,1,0,0,0,0,0,0,0,0,13,,,,0.0,0.55,0.0,0.0,7.09,2,1,10
26,a,100.0,100.0,5.3,201,125.0,0,0.0,-2,2.0,5.8,63,22.0,107,6,4.0,69.0,31.0,9,485,5.4,22.0,15.0,1.0,20.2,0.0,1263024,22083,826909,21548,6.4,13.3,2.56,1.84,4.4,17.45,0.1,0.07,0.17,0.69,510.4,52.0,14.0,313.9,75.0,56.0,232.0,96.0,59.0,105.8,51.0,35.0,,,,26,,Martín,Zubimendi Ibáñez,Zubimendi,,,2265,5,1,13,18,0,0,0,4,0,0,26,232,,,,0.0,0.52,0.72,1.03,9.22,46,96,90
28,u,0.0,0.0,4.5,486,297.0,0,0.0,0,0.0,0.1,480,167.0,0,0,0.0,731.0,303.0,0,0,0.0,660.0,255.0,0.0,0.0,0.0,6731,0,30177,34,0.0,0.0,0.0,0.0,0.0,0.0,0.0,0.0,0.0,0.0,0.0,729.0,301.0,0.0,724.0,302.0,0.0,710.0,298.0,0.0,730.0,302.0,,,,26,,Ismeal,Kabia,Kabia,has joined Shrewsbury Town on loan for the rest of the season.,,0,0,0,0,0,0,0,0,0,0,0,0,0,,,,0.0,0.0,0.0,0.0,0.0,0,0,0
29,u,0.0,0.0,4.5,429,256.0,0,0.0,0,0.0,0.0,584,219.0,0,0,0.0,695.0,273.0,0,0,0.0,616.0,218.0,0.0,0.0,0.0,2952,0,14032,9,0.0,0.0,0.0,0.0,0.0,0.0,0.0,0.0,0.0,0.0,0.0,689.0,267.0,0.0,686.0,271.0,0.0,668.0,264.0,0.0,692.0,270.0,,,,26,,Albert,Sambi Lokonga,Sambi,has joined Hamburger permanently.,,0,0,0,0,0,0,0,0,0,0,0,0,0,,,,0.0,0.0,0.0,0.0,0.0,0,0,0
30,d,50.0,100.0,7.3,25,10.0,0,0.0,-2,2.0,0.9,201,32.0,8,0,2.7,247.0,27.0,0,40,1.4,243.0,30.0,0.2,1.1,0.0,109629,1422,141896,18845,1.2,5.3,0.21,0.06,0.27,1.11,0.12,0.03,0.15,0.64,32.2,421.0,47.0,32.6,365.0,47.0,22.0,371.0,54.0,8.8,412.0,51.0,,,,26,,Kai,Havertz,Havertz,Muscle injury - 50% chance of playing,,156,0,1,2,0,0,0,0,0,0,0,2,10,,,,0.0,1.15,0.0,1.15,5.77,2,5,3
31,a,100.0,100.0,6.4,56,20.0,0,0.0,-1,1.0,0.7,223,36.0,17,0,1.5,416.0,50.0,0,68,1.4,242.0,29.0,0.2,2.7,0.0,142986,3058,75712,9839,2.4,5.3,1.75,0.19,1.94,3.56,0.52,0.06,0.58,1.05,100.6,339.0,33.0,24.9,379.0,48.0,207.0,107.0,28.0,33.0,304.0,35.0,,,,26,,Gabriel,Fernando de Jesus,G.Jesus,,,304,2,0,0,6,0,0,0,2,0,0,2,26,,,,0.0,0.0,1.78,0.59,7.7,4,4,18
266,a,,,7.2,30,18.0,0,0.0,-3,3.0,7.7,51,18.0,72,2,3.3,151.0,68.0,6,277,0.8,308.0,137.0,0.1,10.0,0.0,3259643,2594,3685329,13829,1.8,4.1,2.8,1.71,4.51,7.03,0.22,0.13,0.35,0.55,259.6,202.0,84.0,182.5,159.0,111.0,303.0,66.0,40.0,74.5,127.0,69.0,,,,26,,Eberechi,Eze,Eze,,,1148,4,3,6,8,0,0,0,1,0,0,13,75,,,,0.0,0.47,0.63,1.02,5.88,13,16,46
666,a,100.0,100.0,8.8,8,4.0,0,0.0,-2,2.0,13.1,29,5.0,78,3,3.1,181.0,17.0,8,280,4.6,35.0,4.0,0.5,8.9,0.0,3237774,16431,4661888,58870,5.6,11.7,7.88,1.33,9.21,11.46,0.43,0.07,0.5,0.63,306.6,167.0,14.0,178.0,167.0,12.0,542.0,20.0,12.0,101.9,60.0,11.0,,,2.0,26,,Viktor,Gyökeres,Gyökeres,,,1636,8,0,10,9,0,0,0,4,0,0,20,58,,,,0.0,0.55,0.5,1.1,3.19,5,18,35
700,i,0.0,0.0,4.2,648,367.0,0,0.0,-3,3.0,0.4,273,95.0,5,0,2.5,266.0,112.0,0,13,0.0,535.0,172.0,0.0,1.2,0.0,161443,4966,128886,2039,0.0,0.0,0.14,0.02,0.16,0.12,0.47,0.07,0.54,0.4,1.0,491.0,226.0,0.8,466.0,224.0,26.0,357.0,186.0,2.8,458.0,208.0,,,,26,,Max,Dowman,Dowman,Ankle injury - Unknown return date,,27,0,1,0,0,0,0,0,0,0,0,0,3,,,,0.0,0.0,0.0,0.0,10.0,2,0,1
34,u,0.0,0.0,4.0,683,53.0,0,0.0,0,0.0,0.1,490,74.0,0,0,0.0,590.0,72.0,0,0,0.0,472.0,64.0,0.0,0.0,0.0,0,0,17163,56,0.0,0.0,0.0,0.0,0.0,0.0,0.0,0.0,0.0,0.0,0.0,580.0,72.0,0.0,573.0,60.0,0.0,540.0,46.0,0.0,583.0,72.0,,,,26,,Joe,Gauci,Gauci,Has joined Port Vale on loan for the rest of the season.,,0,0,0,0,0,0,0,0,0,0,0,0,0,,,,0.0,0.0,0.0,0.0,0.0,0,0,0
36,d,75.0,100.0,4.9,300,46.0,0,0.0,4,-4.0,11.1,32,12.0,99,0,4.1,57.0,23.0,6,367,2.5,158.0,55.0,0.5,20.2,0.0,2714044,15063,1685467,81262,1.9,2.5,1.02,2.25,3.27,31.87,0.04,0.1,0.14,1.35,490.2,57.0,26.0,359.5,54.0,9.0,183.0,133.0,26.0,103.3,55.0,8.0,1.0,,,26,,Matty,Cash,Cash,Knee injury - 75% chance of playing,,2131,3,2,7,22,0,0,0,5,0,0,24,158,,,,0.0,0.3,0.93,1.01,5.7,42,93,63
37,a,100.0,100.0,4.5,408,72.0,0,0.0,0,0.0,1.6,151,60.0,72,0,3.1,170.0,68.0,4,282,1.8,211.0,80.0,0.4,16.0,0.0,301427,3698,339612,3425,1.8,1.8,0.54,2.21,2.75,20.25,0.04,0.15,0.19,1.39,278.2,190.0,79.0,302.6,85.0,20.0,108.0,220.0,57.0,68.7,149.0,48.0,2.0,2.0,,26,,Lucas,Digne,Digne,,,1309,0,4,6,13,0,0,0,3,0,0,15,102,,,,0.0,0.41,0.89,1.03,5.36,26,52,52
38,a,100.0,100.0,4.4,525,105.0,0,0.0,-1,1.0,7.7,50,17.0,80,6,3.2,155.0,59.0,3,402,4.0,55.0,17.0,0.9,18.2,0.0,622533,26035,1945211,5116,4.0,4.0,0.88,0.51,1.39,34.95,0.04,0.02,0.06,1.41,436.0,72.0,31.0,84.6,270.0,87.0,94.0,239.0,64.0,61.9,179.0,57.0,,,,26,,Ezri,Konsa Ngoyo,Konsa,,,2225,0,0,8,26,0,0,0,0,1,0,25,171,,,,0.0,0.32,1.05,1.01,5.82,16,128,77
39,a,,,4.2,636,149.0,0,0.0,-3,3.0,0.6,242,91.0,36,8,1.8,356.0,131.0,0,187,4.0,54.0,16.0,1.0,8.6,0.0,68789,4510,98874,834,4.0,4.0,0.85,1.72,2.57,16.44,0.07,0.15,0.22,1.42,218.4,234.0,92.0,257.6,106.0,28.0,159.0,155.0,32.0,63.7,170.0,55.0,5.0,,,26,,Ian,Maatsen,Maatsen,,,1043,0,0,2,14,0,0,0,2,0,0,11,98,,,,0.0,0.17,1.21,0.95,7.42,32,54,64
40,a,100.0,100.0,4.3,577,126.0,0,0.0,-2,2.0,0.6,231,87.0,39,12,3.9,80.0,29.0,4,136,3.8,71.0,25.0,0.9,9.1,0.0,135029,7013,190431,482,3.8,3.8,0.56,0.1,0.66,11.47,0.07,0.01,0.08,1.49,159.8,283.0,110.0,46.3,341.0,117.0,44.0,319.0,103.0,25.0,338.0,116.0,,,,26,,Tyrone,Mings,Mings,,,692,0,1,3,7,0,0,0,0,0,0,8,73,,,,0.0,0.39,0.91,1.04,7.41,3,54,21
41,a,100.0,100.0,4.3,585,131.0,0,0.0,-2,2.0,0.3,308,113.0,49,0,3.3,139.0,52.0,2,216,2.0,188.0,69.0,0.5,11.4,0.0,69582,553,93345,747,2.0,2.0,0.59,0.33,0.92,17.12,0.04,0.02,0.06,1.28,235.8,217.0,83.0,36.3,357.0,124.0,51.0,308.0,98.0,32.5,307.0,102.0,,,,26,,Pau,Torres,Pau,,,1206,0,1,4,13,1,0,0,0,0,0,13,114,,,,0.0,0.3,0.97,0.97,6.49,17,70,63
42,a,100.0,0.0,3.9,780,230.0,0,0.0,-1,1.0,0.2,377,138.0,1,0,0.5,509.0,176.0,0,-3,0.0,448.0,177.0,0.0,0.3,0.0,27476,46,40125,314,0.0,0.0,0.0,0.01,0.01,1.52,0.0,0.03,0.03,4.56,0.6,495.0,176.0,1.5,455.0,166.0,0.0,514.0,200.0,0.2,498.0,176.0,,,,26,,Andrés,García,A.García,,,30,0,0,0,2,0,0,0,0,0,0,0,0,,,,0.0,0.0,6.0,0.0,0.0,0,0,2
44,a,100.0,100.0,4.0,701,182.0,0,0.0,0,0.0,0.5,253,94.0,32,7,1.5,399.0,144.0,4,107,2.5,150.0,50.0,0.6,8.0,0.0,102522,1348,86750,623,2.5,2.5,0.0,0.16,0.16,9.46,0.0,0.02,0.02,1.29,91.4,350.0,133.0,45.2,343.0,119.0,10.0,395.0,142.0,14.6,383.0,137.0,,,,26,,Lamare,Bogarde,Bogarde,,,659,0,0,2,8,0,0,0,5,0,0,7,48,,,,0.0,0.27,1.09,0.96,5.33,16,23,22
45,u,0.0,0.0,3.8,798,247.0,0,0.0,-2,2.0,0.3,325,119.0,0,0,0.0,524.0,190.0,0,0,0.0,399.0,155.0,0.0,0.0,0.0,22076,0,35603,726,0.0,0.0,0.0,0.0,0.0,0.0,0.0,0.0,0.0,0.0,0.0,514.0,190.0,0.0,501.0,188.0,0.0,465.0,179.0,0.0,517.0,190.0,,,,26,,Lino,da Cruz Sousa,Sousa,has joined Rotherham on loan for the rest of the season.,,0,0,0,0,0,0,0,0,0,0,0,0,0,,,,0.0,0.0,0.0,0.0,0.0,0,0,0
46,u,0.0,0.0,4.0,717,195.0,0,0.0,0,0.0,0.1,460,168.0,0,0,0.0,617.0,233.0,0,0,0.0,502.0,207.0,0.0,0.0,0.0,4656,0,20830,41,0.0,0.0,0.0,0.0,0.0,0.0,0.0,0.0,0.0,0.0,0.0,607.0,233.0,0.0,600.0,233.0,0.0,568.0,228.0,0.0,610.0,233.0,,,,26,,Yasin,Özcan,Yasin,has joined Anderlecht on loan for the rest of the season.,,0,0,0,0,0,0,0,0,0,0,0,0,0,,,,0.0,0.0,0.0,0.0,0.0,0,0,0
47,a,100.0,100.0,7.6,22,15.0,0,0.0,6,-6.0,30.8,11,4.0,125,2,4.8,23.0,12.0,13,433,5.5,20.0,14.0,0.7,16.4,0.0,5599372,99727,2821751,54407,5.5,5.5,4.86,2.9,7.76,35.78,0.19,0.11,0.3,1.39,562.0,32.0,8.0,492.5,23.0,22.0,644.0,8.0,3.0,169.8,9.0,7.0,,,,26,,Morgan,Rogers,Rogers,,,2317,8,5,8,27,0,0,0,5,0,0,26,158,,,,0.0,0.31,1.05,1.01,6.14,29,37,92
48,i,0.0,0.0,5.9,92,58.0,0,0.0,-1,1.0,0.7,225,79.0,52,0,3.1,178.0,79.0,3,289,0.8,306.0,135.0,0.1,8.8,0.0,158127,38,342539,3039,0.0,0.0,0.97,2.53,3.5,23.03,0.07,0.18,0.25,1.6,317.2,155.0,55.0,401.3,41.0,39.0,147.0,170.0,96.0,86.6,96.0,56.0,3.0,,,26,,Youri,Tielemans,Tielemans,Ankle injury - Expected back 11 Apr,,1295,0,4,4,17,0,0,0,0,0,0,15,138,,,,0.0,0.28,1.18,1.04,9.59,38,33,67
50,a,100.0,100.0,5.3,190,117.0,0,0.0,-2,2.0,0.5,254,87.0,75,1,3.1,175.0,77.0,8,260,3.8,76.0,37.0,0.7,14.2,0.0,210882,3449,168351,3032,3.8,3.8,2.57,1.43,4.0,17.76,0.2,0.11,0.31,1.39,324.8,145.0,50.0,280.2,89.0,66.0,295.0,69.0,43.0,90.0,85.0,51.0,,6.0,2.0,26,,Emiliano,Buendía Stati,Buendía,,,1150,5,2,3,11,0,0,0,3,0,0,14,133,,,,0.0,0.23,0.86,1.1,10.41,33,23,77
53,u,0.0,0.0,5.1,227,140.0,0,0.0,-4,4.0,0.4,271,94.0,55,0,2.6,257.0,109.0,3,161,0.0,757.0,326.0,0.0,10.8,0.0,172896,0,336695,952,0.0,0.0,4.03,0.35,4.38,10.59,0.57,0.05,0.62,1.49,183.4,261.0,110.0,99.7,248.0,153.0,290.0,70.0,44.0,56.3,205.0,104.0,,,,26,,Donyell,Malen,Malen,has joined Roma on loan for the rest of the season.,,640,4,2,1,10,0,0,0,0,0,0,5,16,,,,0.0,0.14,1.41,0.7,2.25,4,2,10
55,a,100.0,100.0,4.8,352,220.0,0,0.0,-2,2.0,0.0,618,239.0,17,1,1.9,344.0,152.0,0,66,0.5,326.0,143.0,0.1,3.5,0.0,5047,166,11972,53,0.5,0.5,0.47,0.18,0.65,2.17,0.27,0.1,0.37,1.24,62.4,388.0,170.0,45.1,344.0,185.0,58.0,297.0,158.0,16.5,372.0,175.0,,,,26,,Ross,Barkley,Barkley,,,157,1,1,0,0,0,0,0,0,0,0,0,21,,,,0.0,0.0,0.0,0.0,12.04,4,6,11
56,u,0.0,0.0,5.0,267,162.0,0,0.0,0,0.0,0.0,817,367.0,0,0,0.0,785.0,344.0,0,0,0.0,746.0,317.0,0.0,0.0,0.0,0,0,35,1,0.0,0.0,0.0,0.0,0.0,0.0,0.0,0.0,0.0,0.0,0.0,784.0,343.0,0.0,783.0,344.0,0.0,779.0,342.0,0.0,785.0,344.0,,,,26,,Enzo,Barrenechea,Barrenechea,Season-long loan to Benfica,,0,0,0,0,0,0,0,0,0,0,0,0,0,,,,0.0,0.0,0.0,0.0,0.0,0,0,0
63,u,0.0,0.0,4.3,606,353.0,0,0.0,-2,2.0,0.6,243,84.0,0,0,0.0,650.0,246.0,0,0,0.0,554.0,182.0,0.0,0.0,0.0,102090,0,121408,2107,0.0,0.0,0.0,0.0,0.0,0.0,0.0,0.0,0.0,0.0,0.0,640.0,236.0,0.0,637.0,242.0,0.0,612.0,230.0,0.0,643.0,239.0,,,,26,,Kadan,Young,Young,has joined Reading on loan for the rest of the season.,,0,0,0,0,0,0,0,0,0,0,0,0,0,,,,0.0,0.0,0.0,0.0,0.0,0,0,0
64,a,100.0,100.0,8.6,9,5.0,-1,1.0,-4,4.0,9.0,40,7.0,95,2,3.8,93.0,7.0,11,338,3.0,124.0,16.0,0.3,11.0,0.0,2133954,22698,4065781,30577,3.0,3.0,9.47,0.96,10.43,29.88,0.45,0.05,0.5,1.42,376.0,106.0,9.0,199.4,144.0,9.0,710.0,4.0,3.0,127.9,28.0,6.0,,,3.0,26,,Ollie,Watkins,Watkins,,,1899,8,2,8,23,0,0,0,1,0,0,22,65,,,,0.0,0.38,1.09,1.04,3.08,15,14,36
65,u,0.0,0.0,4.5,483,69.0,0,0.0,0,0.0,0.3,323,53.0,0,0,0.0,729.0,78.0,0,0,0.0,657.0,68.0,0.0,0.0,0.0,17574,0,84697,107,0.0,0.0,0.0,0.0,0.0,0.0,0.0,0.0,0.0,0.0,0.0,726.0,78.0,0.0,722.0,77.0,0.0,708.0,77.0,0.0,728.0,78.0,,,,26,,Zépiqueno,Redmond,Redmond,has joined Huddersfield Town on loan for the rest of the season.,,0,0,0,0,0,0,0,0,0,0,0,0,0,,,,0.0,0.0,0.0,0.0,0.0,0,0,0
389,a,100.0,100.0,5.1,235,144.0,0,0.0,-4,4.0,0.2,390,129.0,5,0,1.0,495.0,231.0,0,17,0.2,374.0,164.0,0.0,1.0,0.0,94034,287,102130,271,0.2,0.2,0.29,0.08,0.37,1.74,0.24,0.07,0.31,1.42,11.8,450.0,202.0,31.7,368.0,189.0,31.0,347.0,182.0,7.4,426.0,194.0,,,,26,,Harvey,Elliott,Elliott,,,110,0,0,0,2,0,0,0,0,0,0,1,6,,,,0.0,0.0,1.64,0.82,4.91,0,2,4
456,a,100.0,100.0,5.8,107,68.0,0,0.0,-2,2.0,0.2,348,117.0,23,1,1.5,414.0,186.0,0,89,2.2,181.0,79.0,0.4,4.0,0.0,46517,1501,46138,736,2.2,2.2,0.58,1.24,1.82,8.21,0.09,0.2,0.29,1.29,81.8,361.0,161.0,178.6,164.0,116.0,152.0,163.0,92.0,41.5,267.0,133.0,,,,26,,Jadon,Sancho,Sancho,,,571,0,1,1,4,0,0,0,0,0,0,6,29,,,,0.0,0.16,0.63,0.95,4.57,4,11,14
702,a,,,4.4,569,341.0,0,0.0,-1,1.0,0.1,535,194.0,1,0,1.0,471.0,211.0,0,3,0.0,600.0,210.0,0.0,0.2,0.0,9625,124,8707,71,0.0,0.0,0.0,0.0,0.0,0.9,0.0,0.0,0.0,5.06,0.0,677.0,260.0,0.3,478.0,232.0,0.0,652.0,256.0,0.0,680.0,263.0,,,,26,,Bradley,Burrowes,Burrowes,,,16,0,0,0,1,0,0,0,0,0,0,0,1,,,,0.0,0.0,5.62,0.0,5.62,0,0,1
703,a,,,3.9,775,91.0,0,0.0,-1,1.0,0.6,236,30.0,0,0,0.0,564.0,59.0,0,0,0.0,443.0,50.0,0.0,0.0,0.0,86604,1184,38962,987,0.0,0.0,0.0,0.0,0.0,0.0,0.0,0.0,0.0,0.0,0.0,554.0,59.0,0.0,544.0,44.0,0.0,509.0,30.0,0.0,557.0,59.0,,,,26,,Sam,Proctor,Proctor,,,0,0,0,0,0,0,0,0,0,0,0,0,0,,,,0.0,0.0,0.0,0.0,0.0,0,0,0
710,a,,,3.9,772,226.0,0,0.0,-1,1.0,0.2,382,141.0,0,0,0.0,561.0,204.0,0,0,0.0,440.0,173.0,0.0,0.0,0.0,32875,148,22161,237,0.0,0.0,0.0,0.0,0.0,0.0,0.0,0.0,0.0,0.0,0.0,551.0,204.0,0.0,541.0,204.0,0.0,506.0,196.0,0.0,554.0,204.0,,,,26,,Travis,Patterson,Patterson,,,0,0,0,0,0,0,0,0,0,0,0,0,0,,,,0.0,0.0,0.0,0.0,0.0,0,0,0
719,a,100.0,100.0,4.5,415,76.0,0,0.0,0,0.0,0.1,468,170.0,22,1,1.8,361.0,133.0,0,94,0.5,319.0,116.0,0.1,4.9,0.0,19860,345,12448,420,0.5,0.5,0.03,0.07,0.1,10.75,0.0,0.01,0.01,1.69,123.8,315.0,118.0,27.5,374.0,133.0,8.0,407.0,153.0,16.0,373.0,131.0,,,,26,,Victor,Lindelöf,Lindelöf,,,572,0,1,1,9,0,0,0,0,0,0,6,36,,,,0.0,0.16,1.42,0.94,5.66,4,32,13
754,a,,,4.5,484,295.0,0,0.0,0,0.0,0.0,753,320.0,2,0,1.0,479.0,218.0,0,5,0.0,658.0,253.0,0.0,0.4,0.0,957,63,568,39,0.0,0.0,0.04,0.01,0.05,0.61,0.14,0.04,0.18,2.2,0.0,727.0,299.0,1.7,454.0,218.0,2.0,444.0,219.0,0.3,494.0,228.0,,,,26,,George,Hemmings,George Hemmings,,,25,0,0,0,0,0,0,0,0,0,0,0,1,,,,0.0,0.0,0.0,0.0,3.6,0,0,1
792,d,75.0,25.0,5.0,283,176.0,0,0.0,0,0.0,0.0,809,360.0,1,1,1.0,493.0,229.0,0,4,0.2,370.0,162.0,0.0,0.2,0.0,164,39,120,9,0.2,0.1,0.0,0.01,0.01,0.11,0.0,0.06,0.06,0.62,0.0,791.0,348.0,0.5,471.0,227.0,4.0,431.0,214.0,0.5,485.0,223.0,,,,26,,Alysson Edward Franco,da Rocha dos Santos,Alysson,Knock - 75% chance of playing,,16,0,0,0,0,0,0,0,0,0,0,0,1,,,,0.0,0.0,0.0,0.0,5.62,0,0,1
808,a,,,6.0,87,27.0,0,0.0,0,0.0,0.2,347,58.0,4,1,1.3,433.0,53.0,0,12,1.3,244.0,31.0,0.2,0.7,0.0,49937,4057,20434,3636,1.3,1.3,0.64,0.08,0.72,0.84,0.53,0.07,0.6,0.69,9.2,457.0,54.0,14.2,400.0,53.0,43.0,325.0,51.0,6.6,431.0,54.0,,,,26,,Tammy,Abraham,Abraham,,,109,0,0,0,1,0,0,0,0,0,0,1,4,,,,0.0,0.0,0.83,0.83,3.3,1,1,2
183,a,,,4.3,603,30.0,0,0.0,-2,2.0,0.1,451,66.0,0,0,0.0,648.0,90.0,0,0,0.0,552.0,85.0,0.0,0.0,0.0,7094,168,16711,139,-1.0,-0.5,0.0,0.0,0.0,0.0,0.0,0.0,0.0,0.0,0.0,638.0,90.0,0.0,635.0,82.0,0.0,610.0,70.0,0.0,641.0,90.0,,,,26,,Max,Weiß,Weiss,,,0,0,0,0,0,0,0,0,0,0,0,0,0,,,,0.0,0.0,0.0,0.0,0.0,0,0,0
184,u,0.0,0.0,4.0,690,57.0,0,0.0,0,0.0,0.2,399,57.0,0,0,0.0,595.0,76.0,0,0,0.0,477.0,68.0,0.0,0.0,0.0,4943,0,33603,98,0.0,0.0,0.0,0.0,0.0,0.0,0.0,0.0,0.0,0.0,0.0,585.0,76.0,0.0,578.0,64.0,0.0,545.0,50.0,0.0,588.0,76.0,,,,26,,Etienne,Green,Green,has joined FC Fredericia permanently.,,0,0,0,0,0,0,0,0,0,0,0,0,0,,,,0.0,0.0,0.0,0.0,0.0,0,0,0
185,a,,,3.9,737,67.0,0,0.0,-1,1.0,0.2,402,60.0,0,0,0.0,535.0,36.0,0,0,0.0,412.0,27.0,0.0,0.0,0.0,14487,93,19678,117,-1.0,-0.5,0.0,0.0,0.0,0.0,0.0,0.0,0.0,0.0,0.0,525.0,36.0,0.0,514.0,20.0,0.0,479.0,6.0,0.0,528.0,36.0,,,,26,,Václav,Hladký,Hladký,,,0,0,0,0,0,0,0,0,0,0,0,0,0,,,,0.0,0.0,0.0,0.0,0.0,0,0,0
186,i,0.0,0.0,4.4,524,104.0,0,0.0,-1,1.0,0.0,650,228.0,0,0,0.0,663.0,251.0,0,0,0.0,572.0,236.0,0.0,0.0,0.0,1498,31,9053,21,0.0,0.0,0.0,0.0,0.0,0.0,0.0,0.0,0.0,0.0,0.0,653.0,251.0,0.0,650.0,251.0,0.0,627.0,250.0,0.0,656.0,251.0,,,,26,,Connor,Roberts,Roberts,Achilles injury - Unknown return date,,0,0,0,0,0,0,0,0,0,0,0,0,0,,,,0.0,0.0,0.0,0.0,0.0,0,0,0
196,u,0.0,0.0,4.0,679,170.0,0,0.0,0,0.0,0.0,616,219.0,0,0,0.0,587.0,216.0,0,0,0.0,469.0,187.0,0.0,0.0,0.0,202,0,9626,13,0.0,0.0,0.0,0.0,0.0,0.0,0.0,0.0,0.0,0.0,0.0,577.0,216.0,0.0,570.0,216.0,0.0,537.0,210.0,0.0,580.0,216.0,,,,26,,Shurandy,Sambo,Sambo,has joined Sparta Rotterdam on loan for the rest of the season.,,0,0,0,0,0,0,0,0,0,0,0,0,0,,,,0.0,0.0,0.0,0.0,0.0,0,0,0
197,u,0.0,0.0,3.8,801,250.0,0,0.0,-2,2.0,0.2,358,128.0,13,0,1.9,338.0,125.0,0,20,0.0,402.0,158.0,0.0,3.4,0.0,34622,0,30013,839,0.0,0.0,0.55,0.08,0.63,3.79,0.3,0.04,0.34,2.08,44.8,405.0,152.0,18.1,391.0,141.0,30.0,349.0,114.0,9.2,410.0,147.0,,,,26,,Oliver,Sonne,Sonne,has joined Sparta Prague on loan for the rest of the season.,,164,1,0,0,4,0,0,0,0,0,0,1,10,,,,0.0,0.0,2.2,0.55,3.84,2,5,4
198,d,25.0,25.0,3.9,748,214.0,0,0.0,-1,1.0,1.0,191,74.0,27,0,2.5,262.0,100.0,0,81,1.2,246.0,90.0,0.3,6.9,0.0,137100,28,286963,1803,0.0,0.2,0.61,0.11,0.72,24.88,0.06,0.01,0.07,2.41,225.2,224.0,87.0,9.8,424.0,152.0,52.0,306.0,96.0,28.9,324.0,112.0,,,,26,,Axel,Tuanzebe,Tuanzebe,Achilles injury - 25% chance of playing,,931,1,0,1,22,1,0,0,1,0,0,11,106,,,,0.0,0.1,2.13,1.06,9.38,12,85,29
206,a,,,4.7,381,238.0,0,0.0,-3,3.0,0.1,429,144.0,41,5,2.6,251.0,103.0,2,149,2.8,130.0,59.0,0.6,8.7,0.0,24146,1233,20200,563,1.8,2.3,1.23,1.64,2.87,15.72,0.14,0.19,0.33,1.82,162.8,277.0,120.0,238.8,116.0,81.0,172.0,142.0,81.0,57.3,199.0,103.0,,3.0,,26,,Marcus,Edwards,Edwards,,,777,1,3,1,14,0,0,0,0,0,0,8,43,,,,0.0,0.12,1.62,0.93,4.98,7,5,31
211,u,0.0,0.0,4.4,540,322.0,0,0.0,-1,1.0,1.4,158,51.0,0,0,0.0,667.0,256.0,0,0,0.0,578.0,195.0,0.0,0.0,0.0,62789,0,928880,610,0.0,0.0,0.0,0.0,0.0,0.0,0.0,0.0,0.0,0.0,0.0,657.0,246.0,0.0,654.0,252.0,0.0,631.0,241.0,0.0,660.0,249.0,,,,26,,Aaron,Ramsey,A.Ramsey,has joined Leicester City on loan for the rest of the season.,,0,0,0,0,0,0,0,0,0,0,0,0,0,,,,0.0,0.0,0.0,0.0,0.0,0,0,0
212,u,0.0,0.0,4.5,480,292.0,0,0.0,0,0.0,0.0,760,325.0,0,0,0.0,728.0,301.0,0,0,0.0,654.0,250.0,0.0,0.0,0.0,0,0,2749,1,0.0,0.0,0.0,0.0,0.0,0.0,0.0,0.0,0.0,0.0,0.0,725.0,298.0,0.0,721.0,300.0,0.0,706.0,295.0,0.0,727.0,300.0,,,,26,,Oluwaseun,Adewumi,Adewumi,Has joined Cercle Brugge on loan for the rest of the season.,,0,0,0,0,0,0,0,0,0,0,0,0,0,,,,0.0,0.0,0.0,0.0,0.0,0,0,0
218,a,,,4.2,623,87.0,0,0.0,-3,3.0,1.5,157,25.0,1,0,1.0,457.0,56.0,0,3,0.0,521.0,50.0,0.0,0.2,0.0,209888,4855,318768,2860,-1.0,-0.5,0.11,0.0,0.11,0.41,1.1,0.0,1.1,4.1,0.2,500.0,62.0,0.3,476.0,60.0,7.0,413.0,57.0,0.8,478.0,58.0,,,2.0,26,,Ashley,Barnes,Barnes,,,9,0,0,0,1,0,0,0,1,0,0,0,1,,,,0.0,0.0,10.0,0.0,10.0,0,0,1
219,u,0.0,0.0,4.4,527,75.0,0,0.0,-1,1.0,0.1,466,67.0,0,0,0.0,664.0,68.0,0,0,0.0,574.0,58.0,0.0,0.0,0.0,4151,0,40444,48,0.0,0.0,0.0,0.0,0.0,0.0,0.0,0.0,0.0,0.0,0.0,654.0,68.0,0.0,651.0,67.0,0.0,628.0,67.0,0.0,657.0,68.0,,,,26,,Michael,Obafemi,Obafemi,has joined Blackpool on loan for the rest of the season.,,0,0,0,0,0,0,0,0,0,0,0,0,0,,,,0.0,0.0,0.0,0.0,0.0,0,0,0
470,a,100.0,100.0,4.0,659,41.0,0,0.0,0,0.0,32.7,9,2.0,76,1,2.9,199.0,19.0,7,346,2.0,187.0,13.0,0.5,19.0,0.0,1648116,12786,1340271,17932,1.0,1.5,0.0,0.03,0.03,51.72,0.0,0.0,0.0,1.99,762.2,4.0,1.0,0.0,552.0,48.0,0.0,518.0,34.0,76.4,122.0,1.0,,,,26,,Martin,Dúbravka,Dúbravka,,,2340,0,0,3,51,0,0,0,1,0,100,26,96,,,,3.85,0.12,1.96,1.0,0.0,1,49,212
614,a,100.0,100.0,5.6,123,76.0,0,0.0,-4,4.0,0.2,391,130.0,12,1,2.0,334.0,147.0,0,87,0.2,381.0,170.0,0.0,2.1,0.0,16996,164,46711,235,-0.8,-0.3,0.13,0.92,1.05,7.58,0.03,0.2,0.23,1.62,58.8,392.0,174.0,180.3,161.0,113.0,6.0,422.0,207.0,24.5,341.0,164.0,,,,26,,James,Ward-Prowse,Ward-Prowse,,,421,0,0,1,11,0,0,0,0,0,0,5,23,,,,0.0,0.21,2.35,1.07,4.92,5,9,9
676,a,100.0,100.0,5.0,272,167.0,0,0.0,0,0.0,0.1,454,156.0,77,7,3.1,174.0,76.0,5,284,3.0,117.0,54.0,0.6,15.4,0.0,39816,465,35108,276,2.0,2.5,2.12,0.25,2.37,38.57,0.11,0.01,0.12,2.03,349.4,127.0,41.0,141.4,194.0,130.0,177.0,136.0,78.0,66.5,157.0,87.0,,,,26,,Lesley,Ugochukwu,Ugochukwu,,,1710,3,2,3,37,0,0,0,1,1,0,20,172,,,,0.0,0.16,1.95,1.05,9.05,42,52,78
680,a,100.0,100.0,5.2,213,49.0,0,0.0,-3,3.0,0.2,378,60.0,38,0,2.0,332.0,37.0,2,105,1.0,274.0,37.0,0.2,7.3,0.0,47271,254,53787,875,0.0,0.5,2.14,0.13,2.27,20.84,0.24,0.01,0.25,2.33,96.2,347.0,35.0,62.2,309.0,32.0,203.0,112.0,29.0,35.8,290.0,34.0,,,,26,,Armando,Broja,Broja,,,805,1,1,1,25,0,0,0,0,0,0,8,41,,,,0.0,0.11,2.8,0.89,4.58,6,11,24
66,u,0.0,0.0,4.5,406,21.0,0,0.0,0,0.0,0.1,568,77.0,0,0,0.0,686.0,92.0,0,0,0.0,603.0,88.0,0.0,0.0,0.0,0,0,16455,28,0.0,0.0,0.0,0.0,0.0,0.0,0.0,0.0,0.0,0.0,0.0,680.0,92.0,0.0,675.0,84.0,0.0,655.0,73.0,0.0,683.0,92.0,,,,26,,Norberto,Murara Neto,Neto,Has joined Botafogo permanently.,,0,0,0,0,0,0,0,0,0,0,0,0,0,,,,0.0,0.0,0.0,0.0,0.0,0,0,0
67,a,,,4.5,435,24.0,0,0.0,0,0.0,4.3,81,14.0,76,3,2.9,202.0,21.0,3,309,4.2,48.0,3.0,0.9,16.9,0.0,848831,9565,717115,5045,4.2,4.2,0.0,0.0,0.0,38.1,0.0,0.0,0.0,1.47,580.4,28.0,8.0,0.0,691.0,87.0,0.0,673.0,76.0,58.3,194.0,8.0,,,,26,,Đorđe,Petrović,Petrović,,,2340,0,0,6,45,1,0,0,2,0,80,26,98,,,,3.08,0.23,1.73,1.0,0.0,0,48,203
68,u,0.0,0.0,4.0,678,51.0,0,0.0,0,0.0,0.8,211,27.0,0,0,0.0,586.0,70.0,0,0,0.0,468.0,62.0,0.0,0.0,0.0,47217,0,83733,856,0.0,0.0,0.0,0.0,0.0,0.0,0.0,0.0,0.0,0.0,0.0,576.0,70.0,0.0,569.0,58.0,0.0,536.0,44.0,0.0,579.0,70.0,,,,26,,Will,Dennis,Dennis,has joined Leyton Orient on loan for the rest of the season.,,0,0,0,0,0,0,0,0,0,0,0,0,0,,,,0.0,0.0,0.0,0.0,0.0,0,0,0
69,a,,,3.9,777,92.0,0,0.0,-1,1.0,0.2,345,48.0,0,0,0.0,566.0,60.0,0,0,0.0,445.0,51.0,0.0,0.0,0.0,19767,459,17541,248,0.0,0.0,0.0,0.0,0.0,0.0,0.0,0.0,0.0,0.0,0.0,556.0,60.0,0.0,546.0,45.0,0.0,511.0,31.0,0.0,559.0,60.0,,,,26,,Callan,McKenna,McKenna,,,0,0,0,0,0,0,0,0,0,0,0,0,0,,,,0.0,0.0,0.0,0.0,0.0,0,0,0
70,u,0.0,0.0,4.0,694,58.0,0,0.0,0,0.0,0.1,570,78.0,0,0,0.0,598.0,77.0,0,0,0.0,481.0,69.0,0.0,0.0,0.0,1107,0,10331,25,0.0,0.0,0.0,0.0,0.0,0.0,0.0,0.0,0.0,0.0,0.0,588.0,77.0,0.0,581.0,65.0,0.0,548.0,51.0,0.0,591.0,77.0,,,,26,,Alex,Paulsen,Paulsen,Has joined Lechia Gdansk on loan for the rest of the season.,,0,0,0,0,0,0,0,0,0,0,0,0,0,,,,0.0,0.0,0.0,0.0,0.0,0,0,0
71,u,0.0,0.0,5.0,264,41.0,0,0.0,0,0.0,0.0,667,233.0,0,0,0.0,783.0,262.0,0,0,0.0,744.0,257.0,0.0,0.0,0.0,0,0,8191,4,0.0,0.0,0.0,0.0,0.0,0.0,0.0,0.0,0.0,0.0,0.0,782.0,262.0,0.0,781.0,262.0,0.0,777.0,262.0,0.0,783.0,262.0,,,,26,,Illia,Zabarnyi,Zabarnyi,Has joined Paris Saint-Germain permanently.,,0,0,0,0,0,0,0,0,0,0,0,0,0,,,,0.0,0.0,0.0,0.0,0.0,0,0,0
72,a,100.0,100.0,4.8,360,60.0,0,0.0,3,-3.0,15.5,21,8.0,106,2,4.2,51.0,19.0,6,344,3.8,74.0,28.0,0.8,22.1,0.0,4600064,37558,2953614,27186,3.8,3.8,1.18,3.96,5.14,36.15,0.05,0.16,0.21,1.47,801.6,3.0,1.0,291.5,87.0,21.0,148.0,165.0,35.0,124.3,31.0,1.0,,,,26,,Marcos,Senesi Barón,Senesi,,,2208,0,4,6,44,0,0,0,7,0,0,25,348,,,,0.0,0.24,1.79,1.02,12.43,44,261,105
73,a,100.0,100.0,4.4,517,98.0,0,0.0,-1,1.0,0.2,385,143.0,29,1,1.9,340.0,127.0,0,82,2.2,169.0,61.0,0.5,6.6,0.0,25137,247,40452,268,2.2,2.2,0.0,0.11,0.11,12.36,0.0,0.01,0.01,1.53,82.6,359.0,135.0,32.3,366.0,129.0,18.0,379.0,132.0,13.3,388.0,139.0,,,,26,,Adam,Smith,Smith,,,726,0,1,3,15,0,0,0,2,0,0,10,44,,,,0.0,0.37,1.86,1.24,5.08,7,34,18
74,a,,,4.5,450,91.0,0,0.0,0,0.0,1.8,142,56.0,89,7,3.4,128.0,48.0,7,324,4.5,36.0,8.0,1.0,19.8,0.0,525092,12562,400907,2341,4.5,4.5,0.35,1.71,2.06,35.8,0.01,0.07,0.08,1.4,538.4,42.0,18.0,343.2,60.0,12.0,90.0,246.0,68.0,97.1,72.0,17.0,,,,26,,Adrien,Truffert,Truffert,,,2298,0,2,6,42,0,0,0,3,0,0,26,264,,,,0.0,0.23,1.64,1.02,8.38,73,141,126
76,a,,,3.8,800,249.0,0,0.0,-2,2.0,0.2,386,144.0,0,0,0.0,526.0,192.0,0,0,0.0,401.0,157.0,0.0,0.0,0.0,14143,398,18338,254,0.0,0.0,0.0,0.0,0.0,0.0,0.0,0.0,0.0,0.0,0.0,516.0,192.0,0.0,503.0,190.0,0.0,467.0,181.0,0.0,519.0,192.0,,,,26,,Owen,Bevan,Bevan,,,0,0,0,0,0,0,0,0,0,0,0,0,0,,,,0.0,0.0,0.0,0.0,0.0,0,0,0
77,a,,,4.0,685,173.0,1,-1.0,0,0.0,3.4,98,35.0,59,9,3.5,117.0,42.0,2,184,7.2,5.0,2.0,1.8,14.8,0.0,469540,135614,137592,1928,7.2,7.2,0.23,0.76,0.98,14.8,0.02,0.07,0.09,1.3,309.8,159.0,69.0,69.3,294.0,97.0,59.0,294.0,89.0,44.0,254.0,85.0,,,,26,,James,Hill,Hill,,,1022,0,3,3,15,0,0,0,2,0,0,10,141,,,,0.0,0.26,1.32,0.88,11.62,21,111,30
78,u,0.0,0.0,3.8,792,241.0,0,0.0,-2,2.0,0.5,255,95.0,0,0,0.0,520.0,186.0,0,0,0.0,394.0,150.0,0.0,0.0,0.0,47440,0,130257,706,0.0,0.0,0.0,0.0,0.0,0.0,0.0,0.0,0.0,0.0,0.0,510.0,186.0,0.0,497.0,184.0,0.0,461.0,175.0,0.0,513.0,186.0,,,,26,,Julián,Araujo Zúñiga,J.Araujo,has joined Celtic on loan for the rest of the season.,,0,0,0,0,0,0,0,0,0,0,0,0,0,,,,0.0,0.0,0.0,0.0,0.0,0,0,0
79,u,0.0,0.0,4.0,671,167.0,0,0.0,0,0.0,0.1,541,194.0,0,0,0.0,579.0,213.0,0,0,0.0,461.0,184.0,0.0,0.0,0.0,1400,0,16634,22,0.0,0.0,0.0,0.0,0.0,0.0,0.0,0.0,0.0,0.0,0.0,569.0,213.0,0.0,562.0,213.0,0.0,529.0,207.0,0.0,572.0,213.0,,,,26,,Chris,Mepham,Mepham,has joined West Bromwich Albion permanently.,,0,0,0,0,0,0,0,0,0,0,0,0,0,,,,0.0,0.0,0.0,0.0,0.0,0,0,0
81,i,0.0,0.0,7.0,36,22.0,0,0.0,0,0.0,0.6,232,80.0,40,0,2.2,310.0,135.0,3,147,0.0,813.0,365.0,0.0,5.7,0.0,190123,57,249307,843,0.0,0.0,2.24,1.54,3.78,16.78,0.22,0.15,0.37,1.65,146.6,293.0,132.0,304.1,84.0,63.0,128.0,202.0,110.0,57.8,197.0,102.0,4.0,2.0,1.0,26,,Justin,Kluivert,Kluivert,Knee injury - Expected back 09 May,,914,2,0,4,18,0,0,0,4,0,0,10,62,,,,0.0,0.39,1.77,0.98,6.11,10,8,44
84,i,0.0,0.0,5.3,191,118.0,0,0.0,-2,2.0,1.1,185,63.0,94,0,4.3,42.0,22.0,8,341,0.0,767.0,332.0,0.0,17.7,0.0,839404,111,793490,5898,0.0,0.0,5.12,2.43,7.55,27.43,0.26,0.12,0.38,1.4,421.0,80.0,26.0,439.9,33.0,31.0,330.0,57.0,34.0,119.3,39.0,29.0,2.0,1.0,4.0,26,,Marcus,Tavernier,Tavernier,Hamstring injury - Expected back 28 Feb,,1762,5,3,7,36,0,0,0,3,0,0,20,164,,,,0.0,0.36,1.84,1.02,8.38,27,44,93
87,a,100.0,100.0,4.9,292,182.0,0,0.0,-1,1.0,0.1,562,207.0,24,2,1.5,408.0,181.0,0,107,1.2,254.0,109.0,0.2,4.9,0.0,9014,195,15218,100,1.2,1.2,1.39,0.39,1.78,9.82,0.28,0.08,0.36,1.95,112.0,327.0,149.0,125.3,208.0,138.0,129.0,199.0,109.0,36.8,284.0,139.0,,,,26,,Ryan,Christie,Christie,,,454,1,1,0,10,0,0,0,1,0,0,2,50,,,,0.0,0.0,1.98,0.4,9.91,10,14,26
88,a,100.0,100.0,4.9,291,181.0,0,0.0,-1,1.0,0.1,560,206.0,38,1,2.4,284.0,122.0,0,184,3.0,112.0,52.0,0.6,7.8,0.0,11358,418,7454,331,3.0,3.0,0.07,0.52,0.59,13.49,0.01,0.05,0.06,1.4,206.0,248.0,105.0,183.3,158.0,110.0,12.0,391.0,196.0,40.4,273.0,135.0,,,,26,,Lewis,Cook,Cook,,,870,0,1,1,18,0,0,0,1,1,0,8,143,,,,0.0,0.1,1.86,0.83,14.79,25,56,62
89,u,0.0,0.0,4.9,294,184.0,0,0.0,-1,1.0,0.0,673,273.0,0,0,0.0,762.0,326.0,0,0,0.0,708.0,290.0,0.0,0.0,0.0,598,0,6624,6,0.0,0.0,0.0,0.0,0.0,0.0,0.0,0.0,0.0,0.0,0.0,761.0,325.0,0.0,758.0,326.0,0.0,751.0,324.0,0.0,762.0,326.0,,,,26,,Philip,Billing,Philip,has joined Midtjylland permanently.,,0,0,0,0,0,0,0,0,0,0,0,0,0,,,,0.0,0.0,0.0,0.0,0.0,0,0,0
90,a,100.0,100.0,5.0,271,166.0,0,0.0,0,0.0,0.8,202,69.0,90,4,3.5,122.0,53.0,6,391,6.0,14.0,9.0,1.2,18.0,0.0,166273,14643,79302,3353,6.0,6.0,2.44,1.25,3.69,30.47,0.12,0.06,0.18,1.48,367.6,115.0,38.0,249.6,109.0,75.0,200.0,116.0,67.0,81.3,111.0,61.0,1.0,,,26,,Alex,Scott,Scott,,,1858,2,2,6,33,0,0,0,2,0,0,23,245,,,,0.0,0.29,1.6,1.11,11.87,36,91,118
91,u,0.0,0.0,5.0,253,154.0,0,0.0,0,0.0,0.0,736,310.0,0,0,0.0,779.0,339.0,0,0,0.0,739.0,311.0,0.0,0.0,0.0,396,0,3886,2,0.0,0.0,0.0,0.0,0.0,0.0,0.0,0.0,0.0,0.0,0.0,778.0,338.0,0.0,776.0,339.0,0.0,773.0,337.0,0.0,779.0,339.0,,,,26,,Luis,Sinisterra Lucumí,Sinisterra,has joined Cruzeiro on loan for the rest of the season.,,0,0,0,0,0,0,0,0,0,0,0,0,0,,,,0.0,0.0,0.0,0.0,0.0,0,0,0
93,u,0.0,0.0,4.5,426,255.0,0,0.0,0,0.0,0.3,327,111.0,4,0,4.0,64.0,29.0,0,12,0.0,614.0,217.0,0.0,0.9,0.0,114900,0,165114,116,0.0,0.0,0.0,0.0,0.0,0.4,0.0,0.0,0.0,2.25,21.2,440.0,193.0,10.0,418.0,207.0,0.0,666.0,263.0,3.1,456.0,206.0,,,,26,,Hamed,Traorè,H.Traorè,has joined Marseille on loan for the rest of the season.,,16,0,1,0,2,0,0,0,0,0,0,0,4,,,,0.0,0.0,11.25,0.0,22.5,1,1,2
94,u,0.0,0.0,4.5,466,283.0,0,0.0,0,0.0,0.0,638,253.0,0,0,0.0,718.0,295.0,0,0,0.0,641.0,241.0,0.0,0.0,0.0,3895,0,8174,6,0.0,0.0,0.0,0.0,0.0,0.0,0.0,0.0,0.0,0.0,0.0,713.0,290.0,0.0,710.0,293.0,0.0,693.0,286.0,0.0,715.0,292.0,,,,26,,Dominic,Sadi,Sadi,has joined Novi Pazar on loan for the rest of the season.,,0,0,0,0,0,0,0,0,0,0,0,0,0,,,,0.0,0.0,0.0,0.0,0.0,0,0,0
95,u,0.0,0.0,4.4,552,331.0,0,0.0,-1,1.0,0.1,577,214.0,0,0,0.0,673.0,262.0,0,0,0.0,585.0,202.0,0.0,0.0,0.0,15405,0,21450,23,0.0,0.0,0.0,0.0,0.0,0.0,0.0,0.0,0.0,0.0,0.0,664.0,253.0,0.0,661.0,259.0,0.0,639.0,249.0,0.0,667.0,256.0,,,,26,,Zain,Silcott-Duberry,Silcott-Duberry,has joined Olympiakos permanently.,,0,0,0,0,0,0,0,0,0,0,0,0,0,,,,0.0,0.0,0.0,0.0,0.0,0,0,0
96,u,0.0,0.0,4.5,496,305.0,0,0.0,0,0.0,0.0,637,252.0,1,0,1.0,480.0,219.0,0,3,0.0,669.0,262.0,0.0,0.2,0.0,2964,0,9967,14,0.0,0.0,0.0,0.0,0.0,0.31,0.0,0.0,0.0,4.65,0.0,738.0,308.0,0.0,733.0,309.0,0.0,719.0,305.0,0.0,739.0,309.0,,,,26,,Ben,Winterburn,Winterburn,has joined Barnet on loan for the rest of the season.,,6,0,0,0,2,0,0,0,0,0,0,0,0,,,,0.0,0.0,30.0,0.0,0.0,0,0,0
97,a,100.0,100.0,7.0,38,14.0,0,0.0,0,0.0,2.8,112,19.0,77,1,3.2,166.0,15.0,5,274,3.2,107.0,13.0,0.5,11.0,0.0,1066902,8010,987870,22854,3.2,3.2,7.35,0.92,8.27,24.8,0.36,0.05,0.41,1.23,251.0,208.0,16.0,279.7,90.0,3.0,608.0,14.0,9.0,113.6,43.0,10.0,,,,26,,Francisco Evanilson,de Lima Barbosa,Evanilson,,,1816,5,3,6,33,0,0,0,1,0,0,21,78,,,,0.0,0.3,1.64,1.04,3.87,7,23,48
98,a,100.0,100.0,5.4,161,42.0,0,0.0,-1,1.0,0.0,599,81.0,17,1,1.3,432.0,52.0,1,47,1.0,275.0,38.0,0.2,3.1,0.0,12644,356,10109,231,1.0,1.0,1.05,0.05,1.1,3.14,0.63,0.03,0.66,1.88,39.2,411.0,46.0,8.7,428.0,55.0,61.0,291.0,49.0,10.3,403.0,49.0,,,,26,,Enes,Ünal,Enes Ünal,,,150,1,0,0,2,0,0,0,1,0,0,0,8,,,,0.0,0.0,1.2,0.0,4.8,0,4,4
100,a,,,4.7,393,65.0,0,0.0,2,-2.0,7.2,54,10.0,67,1,3.2,160.0,14.0,7,308,2.8,131.0,17.0,0.6,14.3,0.0,1714334,37300,963859,21231,2.8,2.8,4.37,0.59,4.96,13.31,0.45,0.06,0.51,1.38,323.4,147.0,13.0,144.7,191.0,17.0,313.0,62.0,23.0,78.2,119.0,16.0,,,,26,,Junior,Kroupi,Kroupi.Jr,,,868,8,0,4,17,0,0,0,3,0,0,11,64,,,,0.0,0.41,1.76,1.14,6.64,6,25,33
391,i,0.0,0.0,4.8,370,231.0,0,0.0,-2,2.0,0.0,635,251.0,7,0,1.8,364.0,160.0,0,22,0.0,704.0,287.0,0.0,1.5,0.0,4603,8,8032,15,0.0,0.0,0.09,0.09,0.18,2.66,0.15,0.15,0.3,4.52,21.2,441.0,194.0,14.0,401.0,199.0,11.0,393.0,198.0,4.7,447.0,201.0,,,,26,,Ben,Gannon-Doak,Gannon-Doak,Hamstring injury - Unknown return date,,53,0,1,0,1,0,0,0,0,0,0,0,3,,,,0.0,0.0,1.7,0.0,5.09,2,1,0
721,a,100.0,100.0,4.4,568,120.0,0,0.0,-1,1.0,0.0,657,230.0,19,0,2.7,238.0,94.0,0,63,0.0,599.0,239.0,0.0,4.3,0.0,6149,51,5746,39,0.0,0.0,0.15,0.19,0.34,4.42,0.04,0.05,0.09,1.08,98.4,343.0,132.0,13.9,402.0,146.0,10.0,396.0,143.0,12.2,396.0,141.0,,,,26,,Veljko,Milosavljevic,Milosavljević,,,367,0,0,1,6,0,0,0,0,0,0,4,42,,,,0.0,0.25,1.47,0.98,9.56,5,34,13
102,a,,,3.9,753,79.0,0,0.0,-1,1.0,0.3,332,45.0,0,0,0.0,546.0,47.0,0,0,0.0,424.0,38.0,0.0,0.0,0.0,15533,184,23226,170,0.0,-1.0,0.0,0.0,0.0,0.0,0.0,0.0,0.0,0.0,0.0,536.0,47.0,0.0,526.0,32.0,0.0,491.0,18.0,0.0,539.0,47.0,,,,26,,Ellery,Balcombe,Balcombe,,,0,0,0,0,0,0,0,0,0,0,0,0,0,,,,0.0,0.0,0.0,0.0,0.0,0,0,0
106,a,,,5.0,258,39.0,0,0.0,0,0.0,3.0,107,43.0,92,0,3.8,88.0,33.0,7,315,0.5,329.0,120.0,0.1,18.4,0.0,608890,5223,431963,18700,0.5,-0.5,1.49,0.88,2.37,30.99,0.07,0.04,0.11,1.38,641.2,14.0,5.0,103.9,242.0,68.0,242.0,92.0,10.0,98.9,66.0,12.0,,,,26,,Nathan,Collins,Collins,,,2026,1,2,5,31,1,0,0,4,0,0,22,265,,,,0.0,0.22,1.38,0.98,10.35,23,210,92
107,a,,,4.8,365,62.0,-1,1.0,-2,2.0,1.6,147,58.0,77,8,3.2,161.0,63.0,3,201,2.8,132.0,47.0,0.6,16.0,0.0,416856,9354,268953,4782,2.8,1.8,1.98,0.99,2.97,19.34,0.16,0.08,0.24,1.6,214.6,240.0,95.0,155.3,185.0,46.0,213.0,105.0,15.0,58.3,195.0,64.0,,,,26,,Keane,Lewis-Potter,Lewis-Potter,,,1086,3,1,6,18,0,0,0,1,0,0,12,60,,,,0.0,0.5,1.49,0.99,3.4,15,26,46
108,a,100.0,100.0,4.4,523,103.0,0,0.0,-1,1.0,0.2,376,137.0,62,4,3.1,169.0,67.0,1,176,3.8,72.0,26.0,0.9,14.1,0.0,27731,1944,28633,360,3.8,2.8,0.67,0.64,1.31,22.14,0.04,0.04,0.08,1.46,320.4,152.0,66.0,32.6,364.0,128.0,143.0,176.0,39.0,49.7,231.0,76.0,,,,26,,Kristoffer,Ajer,Ajer,,,1367,0,2,4,21,0,0,0,2,0,0,16,160,,,,0.0,0.26,1.38,1.05,10.07,30,123,42
109,a,,,4.3,580,128.0,0,0.0,-2,2.0,0.2,395,147.0,46,2,2.1,312.0,116.0,0,122,2.8,126.0,44.0,0.7,10.7,0.0,19001,611,19995,292,2.8,1.8,0.18,0.44,0.62,21.85,0.01,0.04,0.05,1.75,104.0,333.0,125.0,52.0,327.0,111.0,27.0,352.0,116.0,18.3,366.0,127.0,,,,26,,Rico,Henry,Henry,,,1122,0,1,4,17,0,0,0,2,0,0,11,68,,,,0.0,0.32,1.36,0.88,4.65,13,45,62
110,a,,,4.5,497,96.0,0,0.0,0,0.0,0.7,228,84.0,73,2,2.8,222.0,88.0,6,345,2.2,172.0,63.0,0.5,16.2,0.0,170598,5113,119729,1099,2.2,1.2,0.27,2.36,2.63,35.62,0.01,0.09,0.1,1.41,416.8,84.0,37.0,360.3,53.0,8.0,73.0,271.0,79.0,85.2,102.0,28.0,,,,26,,Michael,Kayode,Kayode,,,2268,0,1,6,34,0,0,0,6,0,0,26,207,,,,0.0,0.24,1.35,1.03,6.43,51,111,117
111,a,100.0,100.0,4.2,632,146.0,0,0.0,-3,3.0,0.1,459,167.0,4,0,1.3,423.0,153.0,0,21,0.0,525.0,223.0,0.0,1.0,0.0,11788,177,26185,161,0.0,-1.0,0.0,0.06,0.06,3.18,0.0,0.02,0.02,1.26,62.8,387.0,149.0,1.1,461.0,169.0,12.0,390.0,140.0,7.6,424.0,151.0,,,,26,,Ethan,Pinnock,Pinnock,,,228,0,0,0,5,1,0,0,1,0,0,3,33,,,,0.0,0.0,1.97,1.18,11.45,4,25,9
113,a,100.0,100.0,4.5,432,85.0,0,0.0,0,0.0,0.7,229,85.0,68,6,3.2,157.0,61.0,3,253,4.0,59.0,21.0,0.9,15.1,0.0,213116,3539,194197,787,4.0,3.0,1.97,0.48,2.45,28.14,0.1,0.02,0.12,1.37,432.2,74.0,32.0,55.1,322.0,109.0,190.0,128.0,25.0,67.8,152.0,50.0,,,,26,,Sepp,van den Berg,Van den Berg,,,1853,0,1,4,29,0,0,0,1,0,0,20,211,,,,0.0,0.19,1.41,0.97,8.79,14,167,72
114,u,0.0,0.0,3.8,812,260.0,0,0.0,-2,2.0,0.2,374,135.0,0,0,0.0,533.0,198.0,0,0,0.0,410.0,165.0,0.0,0.0,0.0,12981,0,29269,414,0.0,0.0,0.0,0.0,0.0,0.0,0.0,0.0,0.0,0.0,0.0,523.0,198.0,0.0,512.0,198.0,0.0,477.0,190.0,0.0,526.0,198.0,,,,26,,Benjamin,Arthur,Arthur,has joined Celtic on loan for the rest of the season.,,0,0,0,0,0,0,0,0,0,0,0,0,0,,,,0.0,0.0,0.0,0.0,0.0,0,0,0
120,a,100.0,0.0,6.9,44,26.0,0,0.0,-1,1.0,1.1,183,61.0,86,0,3.7,102.0,47.0,5,292,0.0,811.0,363.0,0.0,12.5,0.0,745940,5485,668472,7569,0.0,0.0,8.57,1.72,10.29,25.54,0.42,0.08,0.5,1.24,432.0,75.0,24.0,304.7,83.0,62.0,613.0,12.0,4.0,134.6,23.0,19.0,,,3.0,26,,Kevin,Schade,Schade,,,1857,6,4,7,22,0,0,1,6,1,0,22,142,,,,0.0,0.34,1.07,1.07,6.88,30,44,68
121,a,100.0,100.0,5.6,129,79.0,0,0.0,-4,4.0,0.4,267,92.0,63,1,2.9,211.0,88.0,3,276,0.8,305.0,134.0,0.1,11.2,0.0,99409,450,168584,763,0.8,-0.2,1.13,3.67,4.8,19.71,0.08,0.26,0.34,1.37,308.4,162.0,59.0,477.2,24.0,23.0,176.0,137.0,79.0,96.2,75.0,44.0,1.0,3.0,,26,,Mikkel,Damsgaard,Damsgaard,,,1292,1,3,2,22,0,0,0,0,0,0,15,150,,,,0.0,0.14,1.53,1.04,10.45,36,29,85
123,i,0.0,0.0,4.7,386,241.0,0,0.0,-3,3.0,0.1,463,158.0,13,0,2.2,303.0,132.0,1,42,0.0,690.0,278.0,0.0,2.8,0.0,27199,13,51208,94,0.0,0.0,0.7,0.03,0.73,2.08,0.63,0.03,0.66,1.87,39.0,413.0,182.0,6.5,433.0,211.0,36.0,338.0,177.0,8.1,418.0,190.0,4.0,,4.0,26,,Fábio,Freitas Gouveia Carvalho,Carvalho,Knee injury - Expected back 01 Jun,,100,1,0,0,4,0,0,0,0,0,0,1,8,,,,0.0,0.0,3.6,0.9,7.2,3,0,5
124,a,100.0,100.0,5.0,241,148.0,0,0.0,0,0.0,0.3,298,104.0,62,1,2.6,256.0,108.0,5,275,1.0,272.0,118.0,0.2,12.4,0.0,97226,558,97729,771,1.0,0.0,0.33,2.04,2.37,21.11,0.02,0.12,0.14,1.28,281.4,186.0,73.0,279.5,91.0,67.0,43.0,324.0,170.0,60.3,186.0,99.0,,,,26,,Jordan,Henderson,Henderson,,,1489,1,3,4,22,0,0,0,4,0,0,17,139,,,,0.0,0.24,1.33,1.03,8.4,22,43,74
125,a,100.0,100.0,4.9,303,189.0,0,0.0,-1,1.0,0.3,317,107.0,69,1,3.3,142.0,63.0,6,300,4.0,64.0,32.0,0.8,14.1,0.0,61927,1729,27312,1126,4.0,3.0,0.75,1.86,2.61,19.24,0.06,0.14,0.2,1.43,329.0,139.0,47.0,309.0,78.0,59.0,89.0,248.0,135.0,72.4,136.0,75.0,5.0,,,26,,Vitaly,Janelt,Janelt,,,1208,1,4,5,14,0,0,0,7,0,0,12,162,,,,0.0,0.37,1.04,0.89,12.07,24,66,72
130,a,,,4.4,567,340.0,0,0.0,-1,1.0,0.1,477,166.0,2,0,1.0,470.0,210.0,0,10,0.2,361.0,156.0,0.0,0.5,0.0,14689,317,17809,194,0.2,-0.8,0.07,0.01,0.08,0.24,0.57,0.08,0.65,1.96,5.0,469.0,213.0,10.9,411.0,204.0,13.0,388.0,195.0,2.9,457.0,207.0,,,,26,,Romelle,Donovan,Donovan,,,11,0,0,0,0,0,0,0,0,0,0,0,2,,,,0.0,0.0,0.0,0.0,16.36,0,0,2
131,u,0.0,0.0,4.3,622,366.0,0,0.0,-2,2.0,0.2,407,137.0,0,0,0.0,660.0,255.0,0,0,0.0,567.0,193.0,0.0,0.0,0.0,38108,0,43313,325,0.0,0.0,0.0,0.0,0.0,0.0,0.0,0.0,0.0,0.0,0.0,650.0,245.0,0.0,647.0,251.0,0.0,623.0,240.0,0.0,653.0,248.0,,,,26,,Yunus Emre,Konak,Konak,has joined Oxford United on loan for the rest of the season.,,0,0,0,0,0,0,0,0,0,0,0,0,0,,,,0.0,0.0,0.0,0.0,0.0,0,0,0
132,u,0.0,0.0,4.5,421,253.0,0,0.0,0,0.0,0.0,668,272.0,0,0,0.0,692.0,271.0,0,0,0.0,610.0,215.0,0.0,0.0,0.0,4038,0,5273,81,0.0,0.0,0.0,0.0,0.0,0.0,0.0,0.0,0.0,0.0,0.0,686.0,265.0,0.0,682.0,269.0,0.0,662.0,261.0,0.0,689.0,268.0,,,,26,,Paris,Maghoma,Maghoma,has joined Norwich City permanently.,,0,0,0,0,0,0,0,0,0,0,0,0,0,,,,0.0,0.0,0.0,0.0,0.0,0,0,0
133,u,0.0,0.0,4.4,541,323.0,0,0.0,-1,1.0,0.0,629,246.0,1,0,1.0,465.0,205.0,0,2,0.0,579.0,196.0,0.0,0.2,0.0,3881,0,6248,44,0.0,0.0,0.0,0.0,0.0,0.0,0.0,0.0,0.0,0.0,0.0,658.0,247.0,0.0,655.0,253.0,0.0,632.0,242.0,0.0,661.0,250.0,,,,26,,Myles,Peart-Harris,Peart-Harris,has joined Oxford United permanently.,,1,0,0,0,0,0,0,0,0,0,0,0,0,,,,0.0,0.0,0.0,0.0,0.0,0,0,0
134,u,0.0,0.0,4.5,489,300.0,0,0.0,0,0.0,0.0,780,340.0,0,0,0.0,734.0,306.0,0,0,0.0,663.0,258.0,0.0,0.0,0.0,0,0,946,2,0.0,0.0,0.0,0.0,0.0,0.0,0.0,0.0,0.0,0.0,0.0,732.0,304.0,0.0,727.0,305.0,0.0,713.0,301.0,0.0,733.0,305.0,,,,26,,Ryan,Trevitt,Trevitt,Has joined Wigan on loan for the rest of the season,,0,0,0,0,0,0,0,0,0,0,0,0,0,,,,0.0,0.0,0.0,0.0,0.0,0,0,0
136,a,100.0,100.0,7.0,39,15.0,0,0.0,10,-10.0,30.3,12,3.0,133,2,5.1,13.0,2.0,18,532,2.8,144.0,20.0,0.4,19.0,0.0,7905488,111760,4291533,69366,2.8,1.8,14.75,1.12,15.87,35.05,0.6,0.05,0.65,1.43,739.8,6.0,2.0,231.4,119.0,6.0,862.0,2.0,2.0,183.3,5.0,2.0,,,2.0,26,,Igor Thiago,Nascimento Rodrigues,Thiago,,,2202,17,1,6,33,0,0,1,5,0,0,25,132,,,,0.0,0.25,1.35,1.02,5.4,20,51,61
137,u,0.0,0.0,4.4,554,77.0,0,0.0,-1,1.0,0.3,314,51.0,0,0,0.0,674.0,70.0,0,0,0.0,587.0,60.0,0.0,0.0,0.0,52422,0,80371,354,0.0,0.0,0.0,0.0,0.0,0.0,0.0,0.0,0.0,0.0,0.0,666.0,70.0,0.0,662.0,69.0,0.0,641.0,69.0,0.0,669.0,70.0,,,,26,,Iwan,Morgan,Morgan,has joined Shrewsbury on loan for the rest of the season.,,0,0,0,0,0,0,0,0,0,0,0,0,0,,,,0.0,0.0,0.0,0.0,0.0,0,0,0
748,i,0.0,0.0,4.9,298,186.0,0,0.0,-1,1.0,0.0,807,358.0,0,0,0.0,763.0,327.0,0,0,0.0,710.0,292.0,0.0,0.0,0.0,163,4,198,2,0.0,0.0,0.0,0.0,0.0,0.0,0.0,0.0,0.0,0.0,0.0,762.0,326.0,0.0,759.0,327.0,0.0,752.0,325.0,0.0,763.0,327.0,,,,26,,Josh,Dasilva,Dasilva,Knee injury - Unknown return date,,0,0,0,0,0,0,0,0,0,0,0,0,0,,,,0.0,0.0,0.0,0.0,0.0,0,0,0
139,a,,,4.5,444,25.0,0,0.0,0,0.0,5.5,66,11.0,79,2,3.0,186.0,16.0,4,409,2.2,171.0,12.0,0.5,17.6,0.0,662947,3684,815430,7566,2.2,2.2,0.0,0.04,0.04,36.09,0.0,0.0,0.0,1.39,645.8,13.0,3.0,10.0,419.0,7.0,0.0,679.0,77.0,65.6,161.0,3.0,,,,26,,Bart,Verbruggen,Verbruggen,,,2340,0,0,5,34,1,1,0,3,0,72,26,102,,,,2.77,0.19,1.31,1.0,0.0,1,21,233
140,a,,,3.9,749,77.0,0,0.0,-1,1.0,0.3,311,42.0,0,0,0.0,544.0,45.0,0,0,0.0,422.0,36.0,0.0,0.0,0.0,17450,159,27295,135,0.0,0.0,0.0,0.0,0.0,0.0,0.0,0.0,0.0,0.0,0.0,534.0,45.0,0.0,524.0,30.0,0.0,489.0,16.0,0.0,537.0,45.0,,,,26,,Tom,McGill,McGill,,,0,0,0,0,0,0,0,0,0,0,0,0,0,,,,0.0,0.0,0.0,0.0,0.0,0,0,0
143,a,,,4.2,630,144.0,0,0.0,-3,3.0,0.1,506,179.0,20,1,2.9,201.0,78.0,2,78,2.5,152.0,52.0,0.6,4.8,0.0,6088,110,12417,106,2.5,2.5,0.05,0.24,0.29,4.9,0.01,0.06,0.07,1.26,101.8,335.0,127.0,38.6,351.0,121.0,12.0,389.0,139.0,15.3,378.0,134.0,,,,26,,Olivier,Boscagli,Boscagli,,,349,0,1,1,4,0,0,0,1,0,0,4,33,,,,0.0,0.26,1.03,1.03,8.51,8,25,27
144,u,0.0,0.0,4.2,644,154.0,0,0.0,-3,3.0,0.0,592,212.0,10,0,2.0,324.0,120.0,0,32,0.0,531.0,226.0,0.0,2.4,0.0,2735,0,8040,89,0.0,0.0,0.0,0.01,0.01,4.52,0.0,0.0,0.0,2.11,42.4,407.0,153.0,3.7,445.0,162.0,2.0,437.0,163.0,4.8,445.0,161.0,,,,26,,Diego,Coppola,Coppola,has joined Paris FC on loan for the rest of the season.,,193,0,0,1,3,0,0,0,2,0,0,2,19,,,,0.0,0.47,1.4,0.93,8.39,2,16,6
145,a,100.0,100.0,4.3,588,134.0,0,0.0,-2,2.0,1.8,138,55.0,58,0,2.8,218.0,84.0,6,218,2.2,168.0,60.0,0.5,13.5,0.0,252145,661,697553,3153,2.2,2.2,1.55,2.15,3.7,19.98,0.12,0.17,0.29,1.61,210.0,245.0,98.0,316.7,74.0,17.0,132.0,188.0,43.0,65.9,159.0,51.0,3.0,6.0,,26,,Maxim,De Cuyper,De Cuyper,,,1116,2,0,4,18,0,0,0,2,0,0,14,71,,,,0.0,0.32,1.45,1.13,3.79,16,31,54
146,a,100.0,100.0,4.5,407,71.0,0,0.0,0,0.0,1.0,194,77.0,63,2,2.5,269.0,105.0,0,304,3.2,96.0,36.0,0.7,14.0,0.0,146163,1695,189693,1252,3.2,3.2,1.2,0.46,1.66,33.85,0.05,0.02,0.07,1.38,495.4,55.0,24.0,94.2,254.0,75.0,128.0,201.0,49.0,72.0,137.0,44.0,,1.0,,26,,Lewis,Dunk,Dunk,,,2205,0,1,4,33,0,0,0,8,0,0,24,228,,,,0.0,0.16,1.35,0.98,7.59,28,158,108
147,u,0.0,0.0,4.5,417,77.0,0,0.0,0,0.0,0.0,742,256.0,0,0,0.0,690.0,253.0,0,0,0.0,608.0,240.0,0.0,0.0,0.0,0,0,1972,2,0.0,0.0,0.0,0.0,0.0,0.0,0.0,0.0,0.0,0.0,0.0,684.0,253.0,0.0,680.0,253.0,0.0,660.0,252.0,0.0,687.0,253.0,,,,26,,Pervis,Estupiñán Tenorio,Estupiñan,Has joined AC Milan permanently,,0,0,0,0,0,0,0,0,0,0,0,0,0,,,,0.0,0.0,0.0,0.0,0.0,0,0,0
151,a,100.0,100.0,4.4,543,117.0,-1,1.0,-1,1.0,3.6,92,32.0,92,5,3.8,86.0,31.0,6,355,2.0,192.0,73.0,0.5,20.9,0.0,908026,4654,604340,9596,2.0,2.0,2.05,0.91,2.95,33.3,0.09,0.04,0.13,1.41,681.0,10.0,3.0,135.1,199.0,49.0,226.0,101.0,13.0,104.5,54.0,7.0,,,,26,,Jan Paul,van Hecke,Van Hecke,,,2130,3,2,5,32,1,0,0,7,0,0,24,228,,,,0.0,0.21,1.35,1.01,8.37,33,165,73
152,a,100.0,100.0,4.3,574,123.0,0,0.0,-2,2.0,0.1,424,157.0,31,1,2.2,302.0,112.0,1,117,0.5,314.0,111.0,0.1,7.2,0.0,21579,118,34788,259,0.5,0.5,0.99,0.11,1.1,13.3,0.11,0.01,0.12,1.53,208.6,247.0,100.0,70.5,293.0,96.0,63.0,285.0,84.0,34.3,300.0,100.0,,,,26,,Joël,Veltman,Veltman,,,783,1,0,1,12,0,0,0,4,0,0,8,95,,,,0.0,0.11,1.38,0.92,9.54,27,56,31
155,u,0.0,0.0,4.0,719,196.0,0,0.0,0,0.0,0.1,496,176.0,0,0,0.0,619.0,234.0,0,0,0.0,504.0,208.0,0.0,0.0,0.0,3175,0,16536,34,0.0,0.0,0.0,0.0,0.0,0.0,0.0,0.0,0.0,0.0,0.0,609.0,234.0,0.0,602.0,234.0,0.0,570.0,229.0,0.0,612.0,234.0,,,,26,,Jacob,Slater,Slater,has joined Harrogate Town on loan until January.,,0,0,0,0,0,0,0,0,0,0,0,0,0,,,,0.0,0.0,0.0,0.0,0.0,0,0,0
157,a,100.0,100.0,6.1,83,54.0,0,0.0,-4,4.0,2.0,132,43.0,45,3,2.8,234.0,96.0,2,158,2.2,184.0,81.0,0.4,7.4,0.0,270986,2136,832009,3288,2.2,2.2,2.2,1.95,4.15,16.54,0.17,0.15,0.32,1.26,196.4,253.0,107.0,308.4,79.0,60.0,224.0,102.0,62.0,72.5,135.0,74.0,,,,26,,Mitoma,Kaoru,Mitoma,,,1183,2,1,3,14,0,0,0,2,0,0,13,67,,,,0.0,0.23,1.07,0.99,5.1,10,15,42
158,a,100.0,100.0,5.6,131,81.0,0,0.0,-4,4.0,0.4,289,100.0,65,0,2.8,232.0,95.0,2,213,1.0,279.0,122.0,0.2,11.6,0.0,128831,239,245867,1205,1.0,1.0,2.05,2.06,4.11,19.19,0.12,0.12,0.24,1.15,243.2,211.0,91.0,267.7,100.0,73.0,350.0,50.0,31.0,86.0,99.0,57.0,,,,26,,Georginio,Rutter,Georginio,,,1502,2,4,6,16,1,0,0,2,0,0,18,101,,,,0.0,0.36,0.96,1.08,6.05,23,32,46
159,d,25.0,25.0,5.8,105,67.0,0,0.0,-2,2.0,0.0,754,321.0,0,0,0.0,806.0,359.0,0,0,0.0,791.0,349.0,0.0,0.0,0.0,720,17,2526,11,0.0,0.0,0.0,0.0,0.0,0.0,0.0,0.0,0.0,0.0,0.0,806.0,359.0,0.0,806.0,359.0,0.0,805.0,359.0,0.0,806.0,359.0,,,,26,,Solly,March,March,Lack of match fitness - 25% chance of playing,,0,0,0,0,0,0,0,0,0,0,0,0,0,,,,0.0,0.0,0.0,0.0,0.0,0,0,0
160,a,100.0,100.0,5.6,134,82.0,0,0.0,-4,4.0,2.1,128,42.0,84,1,3.5,125.0,55.0,6,314,1.0,280.0,123.0,0.2,15.0,0.0,1917169,1264,1836057,7138,1.0,1.0,2.91,2.78,5.69,25.32,0.16,0.15,0.31,1.39,308.4,163.0,60.0,448.3,31.0,30.0,459.0,26.0,13.0,121.7,35.0,27.0,1.0,,,26,,Yankuba,Minteh,Minteh,,,1634,1,8,6,26,0,0,0,0,0,0,18,125,,,,0.0,0.33,1.43,0.99,6.88,34,21,70
162,u,0.0,0.0,5.4,181,112.0,0,0.0,-1,1.0,0.0,582,217.0,35,0,1.9,351.0,155.0,2,114,0.0,781.0,342.0,0.0,6.5,0.0,16799,0,19291,144,0.0,0.0,1.86,0.88,2.74,13.82,0.24,0.11,0.35,1.76,134.4,306.0,138.0,217.1,131.0,91.0,152.0,162.0,91.0,50.0,230.0,116.0,,,,26,,Brajan,Gruda,Gruda,has joined Leipzig on loan for the rest of the season.,,708,1,1,2,11,0,0,0,2,0,0,8,58,,,,0.0,0.25,1.4,1.02,7.37,14,4,40
169,a,100.0,100.0,4.9,341,210.0,0,0.0,-1,1.0,0.2,408,138.0,59,3,2.6,255.0,107.0,5,248,1.2,257.0,111.0,0.2,12.0,0.0,75647,324,68611,421,1.2,1.2,4.45,1.21,5.66,22.72,0.26,0.07,0.33,1.35,299.6,177.0,69.0,245.4,111.0,77.0,301.0,68.0,42.0,84.7,104.0,60.0,,3.0,,26,,Diego,Gómez Amarilla,Gomez,,,1512,3,0,5,22,0,0,0,6,0,0,18,158,,,,0.0,0.3,1.31,1.07,9.4,57,32,69
786,a,,,4.0,699,60.0,0,0.0,0,0.0,0.0,761,86.0,0,0,0.0,603.0,79.0,0,0,0.0,486.0,71.0,0.0,0.0,0.0,459,69,217,38,0.0,-0.5,0.0,0.0,0.0,0.0,0.0,0.0,0.0,0.0,0.0,593.0,79.0,0.0,586.0,67.0,0.0,553.0,53.0,0.0,596.0,79.0,,,,26,,Alfie,McNally,McNally,,,0,0,0,0,0,0,0,0,0,0,0,0,0,,,,0.0,0.0,0.0,0.0,0.0,0,0,0
345,a,100.0,100.0,3.8,793,242.0,0,0.0,-2,2.0,0.1,419,153.0,17,0,1.9,337.0,124.0,0,48,1.2,245.0,89.0,0.3,4.5,0.0,20653,354,15128,349,1.2,0.7,0.0,0.01,0.01,4.93,0.0,0.0,0.0,1.46,78.4,365.0,139.0,5.6,438.0,159.0,10.0,394.0,141.0,9.4,406.0,145.0,,,,26,,Sebastiaan,Bornauw,Bornauw,,,304,0,0,1,4,0,0,0,1,0,0,4,38,,,,0.0,0.3,1.18,1.18,11.25,6,32,7
346,a,,,3.8,784,234.0,0,0.0,-2,2.0,0.2,379,139.0,1,0,1.0,445.0,159.0,0,-2,0.0,389.0,146.0,0.0,0.3,0.0,23145,107,32901,225,0.0,-0.5,0.0,0.0,0.0,0.79,0.0,0.0,0.0,10.16,0.0,506.0,183.0,0.0,492.0,180.0,0.0,456.0,171.0,0.0,509.0,183.0,,,,26,,Sam,Byram,Byram,,,7,0,0,0,1,0,0,0,0,0,0,0,0,,,,0.0,0.0,12.86,0.0,0.0,0,0,0
347,a,100.0,100.0,3.8,789,238.0,0,0.0,-2,2.0,3.8,87,29.0,56,0,2.2,298.0,110.0,8,222,0.2,346.0,125.0,0.1,14.7,0.0,896306,5529,769003,5592,0.2,-0.3,0.98,1.99,2.96,33.87,0.04,0.09,0.13,1.45,373.8,110.0,50.0,325.3,68.0,14.0,128.0,200.0,48.0,82.8,108.0,33.0,,,,26,,Gabriel,Gudmundsson,Gudmundsson,,,2100,0,0,4,40,1,0,0,4,0,0,24,179,,,,0.0,0.17,1.71,1.03,6.17,55,89,93
180,i,0.0,0.0,5.2,221,51.0,0,0.0,-3,3.0,0.1,526,75.0,16,0,1.8,368.0,43.0,0,55,0.0,764.0,81.0,0.0,3.1,0.0,13087,16,23002,64,0.0,0.0,0.44,0.11,0.55,2.59,0.3,0.08,0.38,1.77,66.6,383.0,39.0,65.7,300.0,31.0,44.0,322.0,50.0,17.7,371.0,45.0,,,,26,,Stefanos,Tzimas,Tzimas,Knee injury - Expected back 01 Jun,,132,1,1,0,2,0,0,0,0,0,0,1,15,,,,0.0,0.0,1.36,0.68,10.23,3,2,10
181,a,,,4.8,375,64.0,0,0.0,-2,2.0,0.4,291,45.0,30,1,1.9,345.0,38.0,3,117,1.0,268.0,35.0,0.2,6.2,0.0,53742,990,71603,831,1.0,1.0,1.7,0.23,1.93,4.62,0.52,0.07,0.59,1.42,129.6,311.0,30.0,80.0,276.0,28.0,192.0,126.0,30.0,40.1,274.0,31.0,,,,26,,Charalampos,Kostoulas,Kostoulas,,,292,2,1,1,7,0,0,0,2,0,0,2,38,,,,0.0,0.31,2.16,0.62,11.71,11,5,22
220,a,100.0,100.0,4.9,311,12.0,0,0.0,-1,1.0,15.0,23,3.0,93,1,3.7,97.0,11.0,7,415,2.0,196.0,15.0,0.4,19.0,0.0,1645399,12905,2645764,23952,3.0,2.5,0.0,0.04,0.04,33.74,0.0,0.0,0.0,1.4,587.2,26.0,7.0,50.0,332.0,1.0,0.0,755.0,86.0,63.3,173.0,4.0,,,,26,,Robert,Lynch Sánchez,Sánchez,,,2164,0,1,9,29,0,0,0,2,1,65,25,89,,,,2.7,0.37,1.21,1.04,0.0,0,19,217
221,d,75.0,75.0,4.3,602,29.0,0,0.0,-2,2.0,0.2,400,58.0,3,0,1.5,401.0,31.0,0,18,0.0,551.0,84.0,0.0,0.7,0.0,14957,27,26508,228,0.8,0.4,0.0,0.0,0.0,2.78,0.0,0.0,0.0,1.44,28.2,431.0,31.0,0.0,634.0,81.0,0.0,609.0,69.0,2.8,459.0,31.0,,,,26,,Filip,Jörgensen,Jörgensen,Knock - 75% chance of playing,,174,0,0,0,3,0,0,0,0,0,3,1,7,,,,1.55,0.0,1.55,0.52,0.0,0,2,14
228,a,100.0,100.0,4.9,335,54.0,0,0.0,-1,1.0,2.0,131,51.0,77,0,3.3,144.0,55.0,7,302,1.0,271.0,97.0,0.2,15.7,0.0,462181,6879,442416,7546,2.0,1.5,1.46,1.19,2.65,25.38,0.09,0.07,0.16,1.55,320.8,150.0,65.0,267.6,101.0,25.0,148.0,167.0,36.0,73.6,129.0,43.0,,,,26,,Malo,Gusto,Gusto,,,1476,2,2,6,20,0,0,0,2,1,0,16,118,,,,0.0,0.37,1.22,0.98,5.37,40,48,88
229,a,100.0,100.0,4.4,534,113.0,0,0.0,-1,1.0,0.0,611,217.0,7,0,0.9,502.0,173.0,0,48,1.0,267.0,96.0,0.2,1.6,0.0,8710,52,7695,332,2.0,1.5,0.0,0.06,0.06,7.41,0.0,0.01,0.01,1.42,102.8,334.0,126.0,7.9,429.0,155.0,2.0,440.0,164.0,11.4,400.0,143.0,,,,26,,Benoît,Badiashile Mukinayi,B.Badiashile,,,470,0,0,0,10,0,0,0,2,0,0,6,51,,,,0.0,0.0,1.91,1.15,9.19,7,41,16
230,a,100.0,100.0,4.4,539,116.0,0,0.0,-1,1.0,0.5,266,98.0,49,1,3.3,140.0,53.0,3,224,2.0,191.0,72.0,0.5,11.1,0.0,107498,1318,86225,1938,3.0,2.5,0.25,0.52,0.77,15.01,0.02,0.05,0.07,1.42,309.2,160.0,70.0,32.8,363.0,127.0,22.0,367.0,126.0,36.4,288.0,96.0,,,,26,,Wesley,Fofana,Fofana,,,952,0,1,4,10,0,0,0,2,0,0,10,135,,,,0.0,0.38,0.95,0.95,12.01,14,113,50
232,a,100.0,75.0,4.0,663,162.0,0,0.0,-5,5.0,0.2,344,124.0,30,0,2.7,236.0,92.0,2,115,0.0,454.0,180.0,0.0,7.5,0.0,105219,138,220538,294,1.0,0.4,0.11,0.4,0.5,10.99,0.01,0.05,0.06,1.4,216.2,237.0,94.0,32.0,367.0,130.0,19.0,375.0,130.0,26.8,334.0,115.0,,,,26,,Tosin,Adarabioyo,Tosin,,,704,0,0,2,11,0,0,0,2,0,0,7,101,,,,0.0,0.26,1.41,0.89,11.12,13,74,18
233,a,100.0,100.0,3.7,815,263.0,0,0.0,-3,3.0,1.5,156,62.0,32,0,2.9,197.0,76.0,5,98,0.2,345.0,124.0,0.1,8.6,0.0,529990,10838,468092,3744,1.2,0.7,0.6,0.1,0.7,13.62,0.1,0.02,0.12,2.17,123.2,316.0,119.0,28.9,371.0,131.0,64.0,282.0,82.0,21.7,354.0,121.0,,,,26,,Josh,Acheampong,Acheampong,,,566,1,0,2,11,0,0,0,1,0,0,7,56,,,,0.0,0.32,1.75,1.11,6.36,9,31,23
234,u,0.0,0.0,4.0,730,207.0,0,0.0,0,0.0,0.1,576,207.0,0,0,0.0,627.0,242.0,0,0,0.0,513.0,217.0,0.0,0.0,0.0,1262,0,10137,28,0.0,0.0,0.0,0.0,0.0,0.0,0.0,0.0,0.0,0.0,0.0,617.0,242.0,0.0,610.0,242.0,0.0,579.0,238.0,0.0,620.0,242.0,,,,26,,Aarón,Anselmino,Anselmino,has joined Strasbourg on loan for the rest of the season.,,0,0,0,0,0,0,0,0,0,0,0,0,0,,,,0.0,0.0,0.0,0.0,0.0,0,0,0
235,a,100.0,100.0,10.6,3,2.0,1,-1.0,1,-1.0,15.5,22,8.0,79,12,5.3,10.0,7.0,7,272,8.5,2.0,1.0,0.8,7.5,0.0,2114439,200662,6943241,4611,9.5,9.0,7.67,0.96,8.63,17.9,0.7,0.09,0.79,1.62,372.2,112.0,37.0,181.4,160.0,112.0,340.0,55.0,33.0,89.3,88.0,52.0,,1.0,1.0,26,,Cole,Palmer,Palmer,,,993,8,2,2,15,0,0,0,3,0,0,13,72,,,,0.0,0.18,1.36,1.18,6.53,13,16,43
236,a,100.0,100.0,7.0,37,23.0,0,0.0,0,0.0,4.9,70,25.0,99,1,3.8,92.0,43.0,6,426,2.0,205.0,87.0,0.3,14.1,0.0,1896862,9335,1848123,21168,3.0,2.5,4.13,5.02,9.15,27.2,0.19,0.23,0.42,1.24,416.0,86.0,28.0,630.8,11.0,11.0,408.0,31.0,16.0,145.7,19.0,15.0,1.0,4.0,,26,,Pedro,Lomba Neto,Neto,,,1982,5,4,10,19,0,0,0,2,0,0,22,99,,,,0.0,0.45,0.86,1.0,4.5,15,17,67
237,a,100.0,100.0,6.9,41,24.0,0,0.0,4,-4.0,22.8,16,5.0,118,2,4.7,25.0,13.0,14,500,5.0,28.0,18.0,0.7,17.1,0.0,5263659,54842,3079018,107805,6.0,5.5,9.78,5.13,14.91,31.28,0.41,0.22,0.63,1.31,618.4,18.0,5.0,707.1,5.0,5.0,596.0,15.0,6.0,192.3,3.0,2.0,3.0,3.0,2.0,26,,Enzo,Fernández,Enzo,,,2144,8,3,8,27,0,0,0,6,0,0,24,177,,,,0.0,0.34,1.13,1.01,7.43,44,38,95
238,a,100.0,100.0,6.4,63,41.0,0,0.0,-1,1.0,2.4,120,38.0,55,3,2.9,215.0,90.0,4,169,4.0,69.0,35.0,0.6,8.6,0.0,844885,6574,814813,11053,5.0,4.5,2.82,2.12,4.94,8.13,0.34,0.26,0.6,0.99,177.2,264.0,113.0,218.3,128.0,88.0,283.0,75.0,46.0,67.7,153.0,83.0,4.0,,3.0,26,,Estêvão,Almeida de Oliveira Gonçalves,Estêvão,,,738,2,5,4,8,0,0,0,3,0,0,10,51,,,,0.0,0.49,0.98,1.22,6.22,10,8,33
239,i,0.0,0.0,6.0,88,56.0,0,0.0,-5,5.0,0.1,473,164.0,25,0,1.6,394.0,176.0,0,99,0.5,338.0,150.0,0.1,4.2,0.0,17081,11,41517,190,0.0,0.0,0.81,0.94,1.75,8.89,0.15,0.17,0.32,1.65,93.0,348.0,154.0,130.4,202.0,133.0,91.0,245.0,134.0,31.3,316.0,155.0,,,,26,,Jamie,Bynoe-Gittens,Gittens,Hamstring injury - Unknown return date,,486,0,2,1,7,0,0,0,0,0,0,5,29,,,,0.0,0.19,1.3,0.93,5.37,8,6,15
240,u,0.0,0.0,5.9,96,61.0,0,0.0,-1,1.0,0.1,519,188.0,0,0,0.0,807.0,360.0,0,0,0.0,794.0,352.0,0.0,0.0,0.0,2668,0,23707,18,0.0,0.0,0.0,0.0,0.0,0.0,0.0,0.0,0.0,0.0,0.0,807.0,360.0,0.0,807.0,360.0,0.0,806.0,360.0,0.0,807.0,360.0,,,,26,,Christopher,Nkunku,Nkunku,has joined AC Milan permanently.,,0,0,0,0,0,0,0,0,0,0,0,0,0,,,,0.0,0.0,0.0,0.0,0.0,0,0,0
241,a,100.0,100.0,5.7,119,74.0,0,0.0,2,-2.0,7.9,49,17.0,85,1,4.0,73.0,33.0,10,410,2.8,141.0,66.0,0.5,14.9,0.0,3221202,9577,3128666,15664,3.8,3.3,1.09,1.76,2.85,27.1,0.06,0.09,0.15,1.37,448.4,69.0,21.0,264.2,103.0,74.0,102.0,229.0,126.0,81.2,112.0,62.0,,,,26,,Moisés,Caicedo Corozo,Caicedo,,,1774,3,1,6,25,0,0,0,8,1,0,20,263,,,,0.0,0.3,1.27,1.01,13.34,64,77,122
252,a,100.0,100.0,4.2,640,88.0,0,0.0,-3,3.0,5.9,62,12.0,12,0,1.3,424.0,51.0,0,19,0.0,528.0,51.0,0.0,2.9,0.0,1180109,5779,2651513,9229,1.0,0.5,1.46,0.29,1.75,5.65,0.53,0.11,0.64,2.06,24.6,436.0,51.0,38.8,350.0,42.0,81.0,256.0,46.0,12.6,393.0,46.0,,,,26,,Marc,Guiu Paz,Marc Guiu,,,247,0,1,0,2,0,0,0,1,0,0,1,7,,,,0.0,0.0,0.73,0.36,2.55,0,4,3
453,a,,,6.4,62,40.0,0,0.0,-1,1.0,0.5,261,89.0,42,0,2.6,261.0,111.0,2,151,0.5,339.0,151.0,0.1,6.6,0.0,234452,569,222348,2286,1.5,1.0,2.49,2.57,5.06,16.16,0.25,0.26,0.51,1.64,141.0,299.0,133.0,247.4,110.0,76.0,273.0,81.0,50.0,65.2,165.0,90.0,,,,26,,Alejandro,Garnacho Ferreyra,Garnacho,,,889,1,3,4,12,0,0,0,1,0,0,12,49,,,,0.0,0.4,1.21,1.21,4.96,8,7,34
672,a,100.0,100.0,4.6,403,70.0,0,0.0,-4,4.0,0.2,393,145.0,8,0,0.7,508.0,175.0,0,25,0.5,322.0,118.0,0.1,1.7,0.0,14146,599,38168,250,1.5,1.0,0.22,0.3,0.52,6.69,0.05,0.07,0.12,1.65,78.0,366.0,140.0,61.8,311.0,104.0,19.0,377.0,131.0,15.9,374.0,132.0,,,,26,,Jorrel,Hato,Hato,,,366,0,0,0,9,0,0,0,2,0,0,3,39,,,,0.0,0.0,2.21,0.74,8.36,11,23,14
743,a,,,4.5,500,308.0,0,0.0,0,0.0,0.0,726,304.0,0,0,0.0,741.0,311.0,0,0,0.0,671.0,264.0,0.0,0.0,0.0,1428,23,1252,25,1.0,0.5,0.0,0.0,0.0,0.0,0.0,0.0,0.0,0.0,0.0,740.0,310.0,0.0,735.0,311.0,0.0,721.0,307.0,0.0,741.0,311.0,,,,26,,Landon,Emenalo,Emenalo,,,0,0,0,0,0,0,0,0,0,0,0,0,0,,,,0.0,0.0,0.0,0.0,0.0,0,0,0
803,a,,,4.0,697,59.0,0,0.0,0,0.0,0.0,799,91.0,0,0,0.0,601.0,78.0,0,0,0.0,484.0,70.0,0.0,0.0,0.0,103,14,47,12,1.0,0.5,0.0,0.0,0.0,0.0,0.0,0.0,0.0,0.0,0.0,591.0,78.0,0.0,584.0,66.0,0.0,551.0,52.0,0.0,594.0,78.0,,,,26,,Teddy,Sharman-Lowe,Sharman-Lowe,,,0,0,0,0,0,0,0,0,0,0,0,0,0,,,,0.0,0.0,0.0,0.0,0.0,0,0,0
253,a,,,5.0,245,8.0,0,0.0,0,0.0,7.4,53,8.0,93,1,3.6,109.0,12.0,4,395,3.0,115.0,8.0,0.6,18.6,0.0,901550,6712,873608,9548,3.5,3.5,0.0,0.1,0.1,33.78,0.0,0.0,0.0,1.3,546.0,38.0,11.0,10.0,423.0,11.0,0.0,771.0,89.0,55.5,209.0,11.0,,,,26,,Dean,Henderson,Henderson,,,2340,0,0,9,32,0,0,0,2,0,67,26,80,,,,2.58,0.35,1.23,1.0,0.0,0,36,209
254,a,100.0,100.0,4.0,665,45.0,0,0.0,0,0.0,0.3,316,43.0,0,0,0.0,575.0,65.0,0,0,0.0,456.0,56.0,0.0,0.0,0.0,14371,297,30049,258,0.5,0.5,0.0,0.0,0.0,0.0,0.0,0.0,0.0,0.0,0.0,565.0,65.0,0.0,557.0,52.0,0.0,523.0,38.0,0.0,568.0,65.0,,,,26,,Walter,Benítez,Benitez,,,0,0,0,0,0,0,0,0,0,0,0,0,0,,,,0.0,0.0,0.0,0.0,0.0,0,0,0
255,a,,,3.9,747,76.0,0,0.0,-1,1.0,0.1,476,71.0,0,0,0.0,543.0,44.0,0,0,0.0,421.0,35.0,0.0,0.0,0.0,5798,85,8351,70,0.5,0.5,0.0,0.0,0.0,0.0,0.0,0.0,0.0,0.0,0.0,533.0,44.0,0.0,523.0,29.0,0.0,488.0,15.0,0.0,536.0,44.0,,,,26,,Remi,Matthews,Matthews,,,0,0,0,0,0,0,0,0,0,0,0,0,0,,,,0.0,0.0,0.0,0.0,0.0,0,0,0
256,a,100.0,100.0,5.9,98,6.0,1,-1.0,4,-4.0,8.1,47,15.0,98,1,5.4,9.0,2.0,7,341,2.2,183.0,67.0,0.4,16.6,0.0,3551039,30676,3659153,10670,2.7,2.7,1.94,3.27,5.21,20.75,0.11,0.19,0.3,1.18,400.8,94.0,43.0,275.2,94.0,23.0,276.0,78.0,5.0,95.0,77.0,19.0,,,,26,,Daniel,Muñoz Mejía,Muñoz,,,1586,3,3,8,18,0,0,0,5,0,0,18,161,,,,0.0,0.45,1.02,1.02,6.87,39,82,68
257,a,,,5.1,232,32.0,0,0.0,1,-1.0,6.4,57,19.0,116,3,4.5,33.0,11.0,7,415,4.2,51.0,14.0,0.8,22.7,0.0,1564220,32912,971946,10873,4.7,4.7,1.85,0.72,2.57,33.78,0.07,0.03,0.1,1.3,597.8,23.0,11.0,79.3,279.0,89.0,200.0,117.0,21.0,87.7,93.0,23.0,,,,26,,Maxence,Lacroix,Lacroix,,,2340,0,2,9,32,0,0,0,3,0,0,26,303,,,,0.0,0.35,1.23,1.0,10.62,49,227,75
258,a,,,5.0,255,38.0,0,0.0,0,0.0,2.0,130,50.0,94,1,3.6,110.0,39.0,5,335,2.5,162.0,57.0,0.5,18.8,0.0,424861,3777,358702,3250,3.0,3.0,1.0,1.44,2.44,33.78,0.04,0.06,0.1,1.32,448.4,68.0,30.0,323.5,69.0,15.0,161.0,153.0,31.0,93.3,80.0,20.0,,,,26,,Tyrick,Mitchell,Mitchell,,,2308,1,0,9,32,0,0,0,5,0,0,26,225,,,,0.0,0.35,1.25,1.01,6.9,72,105,127
259,a,100.0,100.0,4.8,359,59.0,0,0.0,-2,2.0,0.1,450,165.0,5,0,1.0,485.0,172.0,0,10,0.2,363.0,135.0,0.0,1.0,0.0,10101,315,17659,184,0.7,0.7,0.0,0.06,0.06,0.83,0.0,0.1,0.1,1.41,11.0,451.0,166.0,12.2,406.0,148.0,4.0,428.0,158.0,2.7,460.0,165.0,,,,26,,Borna,Sosa,Sosa,,,53,0,0,0,1,0,0,0,0,0,0,0,8,,,,0.0,0.0,1.7,0.0,11.89,3,4,1
261,a,100.0,100.0,4.4,536,115.0,0,0.0,-1,1.0,2.7,113,46.0,93,0,4.2,49.0,17.0,3,337,4.0,56.0,18.0,0.9,21.1,0.0,906252,10259,749873,4920,4.5,4.5,0.98,1.26,2.24,27.21,0.04,0.06,0.1,1.24,521.4,45.0,20.0,100.9,246.0,71.0,125.0,206.0,51.0,75.0,125.0,40.0,,,,26,,Chris,Richards,Richards,,,1972,1,0,8,28,0,0,0,3,0,0,22,236,,,,0.0,0.37,1.28,1.0,10.22,47,177,45
262,a,100.0,100.0,4.0,702,183.0,0,0.0,0,0.0,0.0,625,223.0,6,1,2.0,323.0,119.0,0,29,1.5,230.0,86.0,0.4,1.5,0.0,4083,218,2793,155,2.0,2.0,0.09,0.03,0.12,0.4,0.07,0.02,0.09,0.3,39.2,410.0,154.0,16.9,394.0,142.0,8.0,403.0,149.0,6.4,432.0,155.0,,,,26,,Chadi,Riad Dnanou,Chadi Riad,,,119,0,1,0,1,0,0,0,1,0,0,1,7,,,,0.0,0.0,0.76,0.76,5.29,0,7,6
263,a,100.0,100.0,3.8,782,232.0,0,0.0,-2,2.0,0.6,244,92.0,14,0,2.0,322.0,118.0,2,50,0.0,387.0,144.0,0.0,3.7,0.0,88513,474,97378,964,0.5,0.5,0.43,0.56,0.99,5.77,0.09,0.12,0.21,1.24,74.4,373.0,142.0,46.3,340.0,116.0,31.0,346.0,113.0,15.1,380.0,135.0,,,,26,,Nathaniel,Clyne,Clyne,,,418,0,1,0,8,0,0,0,0,0,0,6,34,,,,0.0,0.0,1.72,1.29,7.32,12,22,15
264,u,0.0,0.0,4.0,666,163.0,0,0.0,0,0.0,0.0,691,239.0,0,0,0.0,576.0,210.0,0,0,0.0,457.0,181.0,0.0,0.0,0.0,0,0,3896,7,0.0,0.0,0.0,0.0,0.0,0.0,0.0,0.0,0.0,0.0,0.0,566.0,210.0,0.0,558.0,210.0,0.0,524.0,203.0,0.0,569.0,210.0,,,,26,,Rob,Holding,Holding,Has joined Colorado Rapids permanently.,,0,0,0,0,0,0,0,0,0,0,0,0,0,,,,0.0,0.0,0.0,0.0,0.0,0,0,0
265,a,100.0,0.0,4.0,720,197.0,0,0.0,0,0.0,0.0,727,251.0,0,0,0.0,620.0,235.0,0,0,0.0,505.0,209.0,0.0,0.0,0.0,638,13,2228,11,0.5,0.0,0.0,0.0,0.0,0.0,0.0,0.0,0.0,0.0,0.0,610.0,235.0,0.0,603.0,235.0,0.0,571.0,230.0,0.0,613.0,235.0,,,,26,,Caleb,Kporha,Kporha,,,0,0,0,0,0,0,0,0,0,0,0,0,0,,,,0.0,0.0,0.0,0.0,0.0,0,0,0
267,a,100.0,100.0,6.4,57,36.0,1,-1.0,-1,1.0,3.9,84,28.0,71,2,4.4,39.0,20.0,6,222,4.8,31.0,19.0,0.7,11.1,0.0,2494426,21672,2622622,6190,5.3,5.3,6.31,0.63,6.93,18.39,0.42,0.04,0.46,1.21,279.6,187.0,74.0,191.6,151.0,105.0,311.0,63.0,38.0,78.4,118.0,66.0,,,,26,,Ismaïla,Sarr,Sarr,,,1366,5,1,7,16,0,0,0,1,0,0,16,91,,,,0.0,0.46,1.05,1.05,6.0,12,29,50
268,i,0.0,0.0,4.9,326,203.0,0,0.0,-1,1.0,0.0,790,348.0,0,0,0.0,770.0,333.0,0,0,0.0,723.0,301.0,0.0,0.0,0.0,404,7,634,2,0.0,0.0,0.0,0.0,0.0,0.0,0.0,0.0,0.0,0.0,0.0,769.0,332.0,0.0,766.0,333.0,0.0,760.0,331.0,0.0,770.0,333.0,,,,26,,Cheick,Doucouré,Doucouré,Knee injury - Unknown return date,,0,0,0,0,0,0,0,0,0,0,0,0,0,,,,0.0,0.0,0.0,0.0,0.0,0,0,0
269,u,0.0,0.0,4.7,395,247.0,0,0.0,-3,3.0,0.1,453,155.0,4,0,1.0,483.0,222.0,0,12,0.0,695.0,281.0,0.0,0.9,0.0,11622,0,28478,110,0.0,0.0,0.0,0.04,0.04,1.74,0.0,0.09,0.09,3.92,6.8,462.0,209.0,2.7,447.0,215.0,6.0,420.0,205.0,1.5,472.0,216.0,,,,26,,Romain,Esse,Esse,has joined Coventry City on loan for the rest of the season.,,40,0,0,0,0,0,0,0,0,0,0,0,5,,,,0.0,0.0,0.0,0.0,11.25,3,0,2
270,a,100.0,100.0,4.7,378,236.0,0,0.0,-3,3.0,0.1,465,160.0,37,1,1.6,382.0,168.0,0,178,1.5,233.0,99.0,0.3,7.9,0.0,20622,311,23450,296,2.0,2.0,1.06,1.64,2.7,16.88,0.08,0.13,0.21,1.32,151.4,290.0,129.0,274.2,95.0,69.0,81.0,257.0,138.0,50.7,224.0,113.0,5.0,,,26,,Will,Hughes,Hughes,,,1155,0,1,5,13,0,0,0,5,0,0,13,113,,,,0.0,0.39,1.01,1.01,8.81,21,41,51
273,a,100.0,100.0,5.0,268,163.0,0,0.0,0,0.0,0.6,234,81.0,76,7,3.3,146.0,64.0,4,362,2.2,176.0,76.0,0.4,15.2,0.0,160983,2740,163596,1153,2.7,2.7,1.04,5.05,6.08,28.94,0.05,0.24,0.29,1.37,323.4,148.0,52.0,471.8,25.0,24.0,116.0,215.0,118.0,91.3,84.0,50.0,3.0,,,26,,Adam,Wharton,Wharton,,,1898,0,4,7,30,0,0,0,3,1,0,23,226,,,,0.0,0.33,1.42,1.09,10.72,54,53,119
276,a,100.0,100.0,4.3,593,347.0,0,0.0,-2,2.0,1.3,166,53.0,29,0,1.6,380.0,166.0,0,81,0.0,545.0,176.0,0.0,6.7,0.0,273677,4969,315877,2344,0.5,0.5,2.38,0.36,2.74,10.05,0.36,0.05,0.41,1.53,86.6,354.0,158.0,94.5,253.0,155.0,164.0,149.0,85.0,34.5,295.0,146.0,,2.0,,26,,Justin,Devenny,Devenny,,,593,1,0,1,10,0,0,0,0,0,0,5,48,,,,0.0,0.15,1.52,0.76,7.28,16,8,24
277,u,0.0,0.0,4.5,433,259.0,0,0.0,0,0.0,0.0,794,350.0,0,0,0.0,698.0,276.0,0,0,0.0,619.0,221.0,0.0,0.0,0.0,0,0,746,1,0.0,0.0,0.0,0.0,0.0,0.0,0.0,0.0,0.0,0.0,0.0,692.0,270.0,0.0,689.0,274.0,0.0,671.0,267.0,0.0,695.0,273.0,,,,26,,Malcolm,Ebiowei,Ebiowei,Has joined Blackpool permanently.,,0,0,0,0,0,0,0,0,0,0,0,0,0,,,,0.0,0.0,0.0,0.0,0.0,0,0,0
278,u,0.0,0.0,4.4,542,324.0,0,0.0,-1,1.0,0.0,643,257.0,0,0,0.0,668.0,257.0,0,0,0.0,580.0,197.0,0.0,0.0,0.0,4359,0,9447,31,0.0,0.0,0.0,0.0,0.0,0.0,0.0,0.0,0.0,0.0,0.0,659.0,248.0,0.0,656.0,254.0,0.0,633.0,243.0,0.0,662.0,251.0,,,,26,,Jesurun,Rak-Sakyi,J.Rak-Sakyi,has joined Stoke City on loan for the rest of the season.,,0,0,0,0,0,0,0,0,0,0,0,0,0,,,,0.0,0.0,0.0,0.0,0.0,0,0,0
279,u,0.0,0.0,4.5,463,280.0,0,0.0,0,0.0,0.0,762,326.0,0,0,0.0,716.0,293.0,0,0,0.0,639.0,239.0,0.0,0.0,0.0,95,0,1645,1,0.0,0.0,0.0,0.0,0.0,0.0,0.0,0.0,0.0,0.0,0.0,711.0,288.0,0.0,708.0,291.0,0.0,691.0,284.0,0.0,713.0,290.0,,,,26,,Matheus,França de Oliveira,M.França,Has joined CR Vasco da Gama on loan for the rest of the season.,,0,0,0,0,0,0,0,0,0,0,0,0,0,,,,0.0,0.0,0.0,0.0,0.0,0,0,0
281,a,,,4.4,553,332.0,0,0.0,-1,1.0,0.0,585,220.0,1,0,1.0,467.0,207.0,0,2,0.0,586.0,203.0,0.0,0.2,0.0,5435,118,6590,75,0.5,0.5,0.0,0.0,0.0,0.65,0.0,0.0,0.0,19.5,0.0,665.0,254.0,0.1,485.0,235.0,0.0,640.0,250.0,0.0,668.0,257.0,,,,26,,Kaden,Rodney,Rodney,,,3,0,0,0,0,0,0,0,0,0,0,0,0,,,,0.0,0.0,0.0,0.0,0.0,0,0,0
282,u,0.0,0.0,4.5,477,291.0,0,0.0,0,0.0,0.0,696,288.0,0,0,0.0,725.0,300.0,0,0,0.0,651.0,249.0,0.0,0.0,0.0,860,0,3042,2,0.0,0.0,0.0,0.0,0.0,0.0,0.0,0.0,0.0,0.0,0.0,722.0,297.0,0.0,718.0,299.0,0.0,703.0,294.0,0.0,724.0,299.0,,,,26,,Franco,Umeh-Chibueze,Umeh,has joined Portsmouth permanently.,,0,0,0,0,0,0,0,0,0,0,0,0,0,,,,0.0,0.0,0.0,0.0,0.0,0,0,0
283,i,0.0,0.0,7.5,23,8.0,0,0.0,0,0.0,7.1,55,11.0,84,0,3.7,104.0,9.0,9,281,0.5,340.0,47.0,0.1,11.2,0.0,4729619,103,5066997,37436,0.0,0.0,11.88,1.26,13.14,26.67,0.56,0.06,0.62,1.26,411.8,89.0,6.0,119.7,217.0,22.0,664.0,6.0,4.0,119.4,38.0,9.0,,,2.0,26,,Jean-Philippe,Mateta,Mateta,Knee injury - Expected back 05 Mar,,1904,8,0,8,23,0,0,0,2,0,0,23,110,,,,0.0,0.38,1.09,1.09,5.2,8,51,51
284,i,0.0,0.0,5.4,166,43.0,0,0.0,-1,1.0,0.3,313,50.0,23,0,1.9,349.0,40.0,3,100,0.0,774.0,82.0,0.0,4.3,0.0,124264,43,143726,603,0.0,0.0,1.77,0.46,2.23,9.49,0.38,0.1,0.48,2.06,120.0,318.0,31.0,84.6,271.0,26.0,173.0,140.0,33.0,37.8,281.0,33.0,,,,26,,Eddie,Nketiah,Nketiah,Hamstring injury - Unknown return date,,414,2,0,0,12,0,0,0,2,0,0,2,38,,,,0.0,0.0,2.61,0.43,8.26,8,13,17
285,u,0.0,0.0,5.0,247,54.0,0,0.0,0,0.0,0.2,368,59.0,1,0,1.0,491.0,60.0,0,6,0.0,738.0,79.0,0.0,0.2,0.0,9044,0,89295,53,0.0,0.0,0.0,0.0,0.0,0.27,0.0,0.0,0.0,12.15,2.0,483.0,57.0,0.0,775.0,86.0,0.0,772.0,86.0,0.2,500.0,62.0,,,,26,,Odsonne,Édouard,Édouard,has joined RC Lens permanently.,,2,0,0,0,0,0,0,0,0,0,0,0,1,,,,0.0,0.0,0.0,0.0,45.0,1,0,0
286,a,,,4.4,560,80.0,0,0.0,-1,1.0,0.3,306,49.0,0,0,0.0,679.0,73.0,0,0,0.0,593.0,63.0,0.0,0.0,0.0,49289,790,55911,644,0.5,0.5,0.0,0.0,0.0,0.0,0.0,0.0,0.0,0.0,0.0,672.0,73.0,0.0,668.0,72.0,0.0,647.0,72.0,0.0,675.0,73.0,,,,26,,Zach,Marsh,Marsh,,,0,0,0,0,0,0,0,0,0,0,0,0,0,,,,0.0,0.0,0.0,0.0,0.0,0,0,0
677,a,100.0,100.0,6.2,75,50.0,0,0.0,-3,3.0,0.0,601,228.0,30,1,2.0,335.0,148.0,0,98,1.2,264.0,115.0,0.2,4.8,0.0,8317,304,12520,125,1.7,1.7,1.27,0.5,1.77,9.39,0.17,0.07,0.24,1.25,115.6,321.0,145.0,68.2,295.0,169.0,146.0,171.0,97.0,32.6,306.0,151.0,,,,26,,Evann,Guessand,Guessand,,,674,0,3,1,13,0,0,0,0,0,0,7,65,,,,0.0,0.13,1.74,0.93,8.68,22,11,32
690,a,100.0,25.0,4.4,564,338.0,0,0.0,-1,1.0,0.3,331,114.0,0,0,0.0,682.0,266.0,0,0,0.0,596.0,208.0,0.0,0.0,0.0,57956,11,55196,215,0.5,0.1,0.0,0.0,0.0,0.0,0.0,0.0,0.0,0.0,0.0,675.0,259.0,0.0,671.0,264.0,0.0,650.0,255.0,0.0,678.0,262.0,,,,26,,Rio,Cardines,Cardines,,,0,0,0,0,0,0,0,0,0,0,0,0,0,,,,0.0,0.0,0.0,0.0,0.0,0,0,0
712,a,100.0,100.0,5.8,110,69.0,0,0.0,-2,2.0,0.2,355,120.0,61,1,2.5,275.0,116.0,3,249,1.0,282.0,124.0,0.2,10.5,0.0,127385,644,104680,1412,1.5,1.5,3.58,4.73,8.31,22.08,0.2,0.26,0.46,1.22,266.0,200.0,82.0,556.0,17.0,17.0,305.0,64.0,39.0,112.5,44.0,31.0,1.0,1.0,,26,,Yéremy,Pino Santos,Yeremy,,,1625,2,1,6,20,0,0,0,4,0,0,20,128,,,,0.0,0.33,1.11,1.11,7.09,30,23,75
732,a,,,5.5,155,41.0,0,0.0,0,0.0,0.1,579,79.0,16,1,1.2,441.0,54.0,0,38,0.8,304.0,43.0,0.1,2.9,0.0,13583,273,9974,274,1.3,1.3,0.39,0.01,0.4,4.41,0.23,0.01,0.24,2.65,10.8,452.0,53.0,6.5,434.0,56.0,68.0,275.0,48.0,8.0,421.0,52.0,,,,26,,Christantus,Uche,Uche,,,150,0,1,0,4,0,0,0,0,0,0,0,12,,,,0.0,0.0,2.4,0.0,7.2,1,2,9
762,a,,,4.5,513,317.0,0,0.0,0,0.0,0.0,775,335.0,2,0,1.0,482.0,221.0,0,6,0.0,684.0,273.0,0.0,0.4,0.0,599,17,321,20,0.5,0.5,0.0,0.0,0.0,0.73,0.0,0.0,0.0,9.39,1.4,487.0,225.0,1.0,465.0,223.0,0.0,731.0,315.0,0.3,495.0,229.0,,,,26,,Joél,Drakes-Thomas,Drakes-Thomas,,,7,0,0,0,1,0,0,0,0,0,0,0,3,,,,0.0,0.0,12.86,0.0,38.57,1,0,2
773,a,,,4.0,733,210.0,0,0.0,0,0.0,0.0,734,254.0,0,0,0.0,628.0,243.0,0,0,0.0,514.0,218.0,0.0,0.0,0.0,571,32,387,33,0.5,0.5,0.0,0.0,0.0,0.0,0.0,0.0,0.0,0.0,0.0,618.0,243.0,0.0,611.0,243.0,0.0,581.0,240.0,0.0,621.0,243.0,,,,26,,Dean,Benamar,Benamar,,,0,0,0,0,0,0,0,0,0,0,0,0,0,,,,0.0,0.0,0.0,0.0,0.0,0,0,0
793,a,,,4.0,721,198.0,0,0.0,0,0.0,0.0,725,250.0,0,0,0.0,621.0,236.0,0,0,0.0,506.0,210.0,0.0,0.0,0.0,922,119,343,78,0.5,0.5,0.0,0.0,0.0,0.0,0.0,0.0,0.0,0.0,0.0,611.0,236.0,0.0,604.0,236.0,0.0,572.0,231.0,0.0,614.0,236.0,,,,26,,George,King,King,,,0,0,0,0,0,0,0,0,0,0,0,0,0,,,,0.0,0.0,0.0,0.0,0.0,0,0,0
243,a,,,4.8,374,235.0,0,0.0,-2,2.0,0.1,537,196.0,7,2,1.2,439.0,197.0,0,4,0.8,295.0,129.0,0.2,1.5,0.0,8328,291,9406,158,0.3,0.8,0.4,0.12,0.52,2.34,0.16,0.05,0.21,0.94,8.2,459.0,207.0,11.8,407.0,202.0,66.0,277.0,149.0,8.2,417.0,189.0,,,,26,,Tyrique,George,George,,,224,0,0,1,3,0,0,0,2,0,0,1,10,,,,0.0,0.4,1.21,0.4,4.02,2,1,7
287,a,,,5.6,124,2.0,0,0.0,1,-1.0,13.6,28,4.0,108,1,4.2,55.0,2.0,11,422,2.0,201.0,17.0,0.4,19.3,0.0,1524868,9504,1255187,41076,1.5,2.0,0.0,0.14,0.14,38.14,0.0,0.01,0.01,1.47,624.0,17.0,4.0,0.2,480.0,13.0,2.0,451.0,2.0,62.6,176.0,5.0,,,,26,,Jordan,Pickford,Pickford,,,2340,0,0,9,30,0,1,0,1,0,71,26,97,,,,2.73,0.35,1.15,1.0,0.0,1,36,220
289,u,0.0,0.0,3.9,757,80.0,0,0.0,-1,1.0,0.1,483,73.0,0,0,0.0,549.0,48.0,0,0,0.0,427.0,39.0,0.0,0.0,0.0,4633,0,9655,83,0.0,0.0,0.0,0.0,0.0,0.0,0.0,0.0,0.0,0.0,0.0,539.0,48.0,0.0,529.0,33.0,0.0,494.0,19.0,0.0,542.0,48.0,,,,26,,Harry,Tyrer,Tyrer,has joined Cardiff City permanently.,,0,0,0,0,0,0,0,0,0,0,0,0,0,,,,0.0,0.0,0.0,0.0,0.0,0,0,0
290,a,100.0,100.0,5.3,200,24.0,0,0.0,-2,2.0,0.2,363,132.0,7,4,1.8,369.0,135.0,0,30,1.8,221.0,82.0,0.3,1.3,0.0,13348,1792,71126,540,1.3,1.8,0.18,0.04,0.22,3.03,0.07,0.02,0.09,1.2,38.2,415.0,156.0,16.2,395.0,143.0,24.0,362.0,121.0,7.8,423.0,150.0,,,,26,,Jarrad,Branthwaite,Branthwaite,,,228,0,1,0,3,0,0,0,1,0,0,2,20,,,,0.0,0.0,1.18,0.79,7.89,2,18,12
291,a,,,5.7,113,9.0,-1,1.0,2,-2.0,12.0,30,11.0,117,1,4.5,34.0,12.0,6,420,2.2,178.0,65.0,0.4,20.5,0.0,2259498,9380,1585499,77543,1.7,2.2,1.72,1.3,3.02,38.14,0.07,0.05,0.12,1.47,650.0,12.0,4.0,174.1,170.0,41.0,232.0,97.0,11.0,106.0,50.0,6.0,,,,26,,James,Tarkowski,Tarkowski,,,2340,0,1,9,30,0,0,0,4,0,0,26,304,,,,0.0,0.35,1.15,1.0,10.69,36,242,62
292,a,100.0,100.0,4.9,314,50.0,0,0.0,-1,1.0,0.6,230,86.0,67,1,3.0,189.0,75.0,1,248,1.2,256.0,94.0,0.2,13.7,0.0,136911,957,162196,2380,0.7,1.2,0.28,2.14,2.42,31.58,0.01,0.1,0.11,1.44,356.6,119.0,53.0,272.0,97.0,24.0,65.0,281.0,81.0,69.3,146.0,46.0,,,,26,,Vitalii,Mykolenko,Mykolenko,,,1969,0,1,7,28,1,0,0,5,0,0,22,169,,,,0.0,0.32,1.28,1.01,6.72,29,118,71
293,s,0.0,,4.9,340,56.0,0,0.0,-1,1.0,0.8,207,79.0,86,-2,3.3,145.0,56.0,2,290,2.5,160.0,56.0,0.5,17.6,0.0,161987,470,138056,16332,0.0,2.5,0.83,0.68,1.51,37.23,0.03,0.03,0.06,1.53,415.4,87.0,39.0,211.0,134.0,34.0,124.0,209.0,53.0,75.3,123.0,39.0,,,,26,,Jake,O'Brien,O'Brien,Suspended until 28 Feb,,2186,0,2,8,29,0,0,0,2,1,0,24,195,,,,0.0,0.33,1.19,0.99,6.88,39,128,86
294,a,100.0,100.0,4.2,625,141.0,0,0.0,-3,3.0,0.1,487,175.0,3,0,1.0,458.0,170.0,0,10,0.0,523.0,222.0,0.0,0.7,0.0,5981,143,17343,98,-0.5,0.0,0.0,0.0,0.0,0.24,0.0,0.0,0.0,1.96,0.0,624.0,246.0,0.1,481.0,175.0,0.0,588.0,243.0,0.0,627.0,246.0,,,,26,,Séamus,Coleman,Coleman,,,11,0,0,0,0,0,0,0,0,0,0,1,0,,,,0.0,0.0,0.0,8.18,0.0,0,0,1
295,a,100.0,100.0,4.7,377,63.0,0,0.0,2,-2.0,3.7,89,31.0,103,1,4.7,24.0,9.0,8,309,1.8,214.0,81.0,0.4,21.9,0.0,1373828,4403,970963,17603,1.3,1.8,1.85,0.18,2.03,31.49,0.09,0.01,0.1,1.53,556.4,35.0,14.0,27.6,373.0,132.0,215.0,104.0,14.0,79.8,114.0,36.0,,,,26,,Michael,Keane,Keane,,,1857,3,0,6,27,0,0,0,0,1,0,21,243,,,,0.0,0.29,1.31,1.02,10.32,25,188,61
297,u,0.0,0.0,3.8,797,246.0,0,0.0,-2,2.0,0.2,394,146.0,0,0,0.0,523.0,189.0,0,0,0.0,398.0,154.0,0.0,0.0,0.0,9298,0,20706,350,0.0,0.0,0.0,0.0,0.0,0.0,0.0,0.0,0.0,0.0,0.0,513.0,189.0,0.0,500.0,187.0,0.0,464.0,178.0,0.0,516.0,189.0,,,,26,,Roman,Dixon,Dixon,has joined Stockport County on loan for the rest of the season.,,0,0,0,0,0,0,0,0,0,0,0,0,0,,,,0.0,0.0,0.0,0.0,0.0,0,0,0
301,a,100.0,100.0,5.2,215,133.0,0,0.0,-3,3.0,0.1,514,187.0,26,0,1.6,390.0,174.0,0,111,0.2,377.0,167.0,0.0,5.0,0.0,16960,102,29109,84,-0.3,0.2,1.04,0.44,1.48,13.03,0.14,0.06,0.2,1.76,83.0,358.0,160.0,144.5,192.0,128.0,156.0,159.0,88.0,38.4,279.0,137.0,,,,26,,Carlos,Alcaraz Durán,Alcaraz,,,667,0,1,3,8,0,0,0,3,0,0,6,64,,,,0.0,0.4,1.08,0.81,8.64,13,10,41
311,a,,,5.0,265,55.0,0,0.0,-5,5.0,2.4,118,20.0,46,0,1.8,366.0,42.0,3,114,2.2,175.0,24.0,0.4,9.2,0.0,450014,2457,1109093,4816,1.7,2.2,5.15,0.15,5.3,15.91,0.53,0.02,0.55,1.63,161.8,281.0,27.0,55.2,321.0,34.0,347.0,52.0,20.0,54.8,212.0,27.0,,,2.0,26,,Norberto Bercique,Gomes Betuncal,Beto,,,881,3,0,2,13,0,0,0,2,0,0,8,51,,,,0.0,0.2,1.33,0.82,5.21,9,25,17
312,u,0.0,0.0,4.9,337,62.0,0,0.0,-1,1.0,0.1,546,77.0,0,0,0.0,774.0,86.0,0,0,0.0,729.0,78.0,0.0,0.0,0.0,2418,0,14493,11,0.0,0.0,0.0,0.0,0.0,0.0,0.0,0.0,0.0,0.0,0.0,773.0,86.0,0.0,770.0,85.0,0.0,764.0,85.0,0.0,774.0,86.0,,,,26,,Youssef,Ramalho Chermiti,Y.Chermiti,has joined Rangers permanently.,,0,0,0,0,0,0,0,0,0,0,0,0,0,,,,0.0,0.0,0.0,0.0,0.0,0,0,0
313,u,0.0,0.0,4.4,555,78.0,0,0.0,-1,1.0,0.1,442,64.0,0,0,0.0,675.0,71.0,0,0,0.0,588.0,61.0,0.0,0.0,0.0,9203,0,26173,143,0.0,0.0,0.0,0.0,0.0,0.0,0.0,0.0,0.0,0.0,0.0,667.0,71.0,0.0,663.0,70.0,0.0,642.0,70.0,0.0,670.0,71.0,,,,26,,Martin,Sherif,Sherif,has joined Port Vale on loan for the rest of the season.,,0,0,0,0,0,0,0,0,0,0,0,0,0,,,,0.0,0.0,0.0,0.0,0.0,0,0,0
595,a,,,4.3,599,351.0,0,0.0,-2,2.0,0.2,370,125.0,0,0,0.0,646.0,244.0,0,0,0.0,549.0,180.0,0.0,0.0,0.0,23355,445,29049,292,-1.0,0.0,0.0,0.0,0.0,0.0,0.0,0.0,0.0,0.0,0.0,636.0,234.0,0.0,632.0,240.0,0.0,607.0,228.0,0.0,639.0,237.0,,,,26,,Callum,Olusesi,Olusesi,,,0,0,0,0,0,0,0,0,0,0,0,0,0,,,,0.0,0.0,0.0,0.0,0.0,0,0,0
419,i,0.0,0.0,6.3,65,43.0,0,0.0,-2,2.0,6.1,59,20.0,79,0,4.0,75.0,34.0,12,356,0.0,802.0,358.0,0.0,12.5,0.0,3790144,40,3733685,16756,0.0,0.0,2.05,3.37,5.41,25.81,0.11,0.19,0.3,1.43,374.2,108.0,35.0,520.5,20.0,20.0,397.0,35.0,20.0,129.2,27.0,22.0,,,,26,,Jack,Grealish,Grealish,Foot injury - Expected back 01 Jun,,1627,2,6,7,23,0,0,0,3,1,0,18,135,,,,0.0,0.39,1.27,1.0,7.47,20,27,88
704,u,0.0,0.0,4.5,437,261.0,0,0.0,0,0.0,0.0,583,218.0,0,0,0.0,701.0,278.0,0,0,0.0,622.0,223.0,0.0,0.0,0.0,8420,0,10142,18,0.0,0.0,0.0,0.0,0.0,0.0,0.0,0.0,0.0,0.0,0.0,695.0,272.0,0.0,693.0,276.0,0.0,675.0,269.0,0.0,698.0,275.0,,,,26,,Tyler,Onyango,Onyango,has joined Stockport County on loan for the rest of the season.,,0,0,0,0,0,0,0,0,0,0,0,0,0,,,,0.0,0.0,0.0,0.0,0.0,0,0,0
705,u,0.0,0.0,3.9,768,224.0,0,0.0,-1,1.0,0.2,404,148.0,0,0,0.0,557.0,202.0,0,0,0.0,436.0,171.0,0.0,0.0,0.0,18604,0,16529,348,0.0,0.0,0.0,0.0,0.0,0.0,0.0,0.0,0.0,0.0,0.0,547.0,202.0,0.0,537.0,202.0,0.0,502.0,194.0,0.0,550.0,202.0,,,,26,,Elijah,Campbell,Campbell,has joined Port Vale on loan for the rest of the season.,,0,0,0,0,0,0,0,0,0,0,0,0,0,,,,0.0,0.0,0.0,0.0,0.0,0,0,0
707,a,,,5.3,203,126.0,0,0.0,-2,2.0,0.0,645,258.0,17,0,1.3,431.0,196.0,0,46,0.5,335.0,148.0,0.1,3.2,0.0,7621,34,7002,78,0.0,0.5,0.2,0.14,0.34,5.98,0.05,0.04,0.09,1.55,46.0,404.0,180.0,61.0,314.0,178.0,32.0,344.0,181.0,13.6,387.0,181.0,,,,26,,Tyler,Dibling,Dibling,,,348,0,0,2,2,0,0,0,2,0,0,4,40,,,,0.0,0.52,0.52,1.03,10.34,7,11,22
728,a,100.0,100.0,5.0,274,169.0,0,0.0,0,0.0,0.0,710,296.0,16,0,1.6,386.0,171.0,0,39,0.0,749.0,320.0,0.0,3.2,0.0,1458,21,1470,40,-0.5,0.0,0.5,0.17,0.67,6.27,0.13,0.04,0.17,1.6,61.2,390.0,172.0,65.9,299.0,171.0,32.0,343.0,180.0,15.9,375.0,176.0,,,,26,,Merlin,Röhl,Röhl,,,353,0,0,2,4,0,0,0,0,0,0,2,43,,,,0.0,0.51,1.02,0.51,10.96,15,10,18
779,a,,,4.5,505,72.0,0,0.0,0,0.0,0.0,640,82.0,0,0,0.0,746.0,81.0,0,0,0.0,676.0,71.0,0.0,0.0,0.0,3513,406,1355,255,-0.5,0.0,0.0,0.0,0.0,0.0,0.0,0.0,0.0,0.0,0.0,745.0,81.0,0.0,740.0,80.0,0.0,726.0,80.0,0.0,746.0,81.0,,,,26,,Braiden,Graham,Graham,,,0,0,0,0,0,0,0,0,0,0,0,0,0,,,,0.0,0.0,0.0,0.0,0.0,0,0,0
314,a,,,4.9,287,10.0,0,0.0,-1,1.0,1.5,155,20.0,72,1,2.8,225.0,22.0,3,338,1.2,253.0,21.0,0.2,14.7,0.0,204292,717,237066,2007,1.2,0.7,0.0,0.0,0.0,37.01,0.0,0.0,0.0,1.42,573.0,29.0,9.0,0.0,755.0,89.0,0.0,748.0,84.0,57.1,202.0,10.0,,,,26,,Bernd,Leno,Leno,,,2340,0,0,5,40,1,0,0,3,0,67,26,107,,,,2.58,0.19,1.54,1.0,0.0,4,33,215
315,u,0.0,0.0,4.0,675,49.0,0,0.0,0,0.0,0.0,749,85.0,0,0,0.0,583.0,68.0,0,0,0.0,465.0,60.0,0.0,0.0,0.0,577,0,787,42,0.0,0.0,0.0,0.0,0.0,0.0,0.0,0.0,0.0,0.0,0.0,573.0,68.0,0.0,566.0,56.0,0.0,533.0,42.0,0.0,576.0,68.0,,,,26,,Steven,Benda,Benda,has joined Feyenoord on loan for the rest of the season.,,0,0,0,0,0,0,0,0,0,0,0,0,0,,,,0.0,0.0,0.0,0.0,0.0,0,0,0
327,u,0.0,0.0,5.3,188,115.0,0,0.0,-2,2.0,0.1,564,208.0,0,0,0.0,794.0,350.0,0,0,0.0,766.0,331.0,0.0,0.0,0.0,2438,0,35559,12,0.0,0.0,0.0,0.0,0.0,0.0,0.0,0.0,0.0,0.0,0.0,794.0,350.0,0.0,793.0,350.0,0.0,790.0,349.0,0.0,794.0,350.0,,,,26,,Andreas,Hoelgebaum Pereira,Andreas,has joined Palmeiras permanently.,,0,0,0,0,0,0,0,0,0,0,0,0,0,,,,0.0,0.0,0.0,0.0,0.0,0,0,0
334,u,0.0,0.0,4.5,456,273.0,0,0.0,0,0.0,0.0,808,359.0,0,0,0.0,711.0,288.0,0,0,0.0,634.0,234.0,0.0,0.0,0.0,0,0,307,2,0.0,0.0,0.0,0.0,0.0,0.0,0.0,0.0,0.0,0.0,0.0,706.0,283.0,0.0,703.0,286.0,0.0,686.0,279.0,0.0,708.0,285.0,,,,26,,Luke,Harris,Harris,Has joined Oxford United on loan for the rest of the season.,,0,0,0,0,0,0,0,0,0,0,0,0,0,,,,0.0,0.0,0.0,0.0,0.0,0,0,0
335,a,100.0,100.0,4.4,561,336.0,0,0.0,-1,1.0,1.8,139,44.0,37,1,1.8,360.0,159.0,0,129,1.2,250.0,108.0,0.3,8.4,0.0,943400,4488,844971,3116,1.2,0.7,1.38,0.42,1.8,12.9,0.14,0.04,0.18,1.28,106.8,331.0,151.0,106.2,234.0,146.0,195.0,120.0,70.0,40.0,275.0,136.0,,,,26,,Josh,King,King,,,908,0,2,3,15,0,0,0,3,0,0,11,74,,,,0.0,0.3,1.49,1.09,7.33,19,15,40
336,a,,,4.3,578,343.0,0,0.0,-2,2.0,0.4,279,98.0,12,1,2.4,281.0,121.0,2,37,0.2,356.0,153.0,0.0,2.8,0.0,76904,2221,63877,1079,0.2,-0.3,0.04,0.24,0.28,0.41,0.16,0.94,1.1,1.6,36.6,416.0,184.0,8.7,427.0,208.0,7.0,415.0,202.0,5.2,439.0,197.0,,,,26,,Harrison,Reed,Reed,,,23,1,0,0,1,0,0,0,0,0,0,0,2,,,,0.0,0.0,3.91,0.0,7.83,0,0,2
338,a,100.0,100.0,5.3,195,46.0,0,0.0,-2,2.0,0.7,218,34.0,19,1,2.1,317.0,35.0,3,50,0.5,334.0,45.0,0.1,3.6,0.0,258256,954,435395,372,0.5,0.0,1.11,0.01,1.12,5.94,0.25,0.0,0.25,1.36,64.0,385.0,41.0,52.3,326.0,36.0,136.0,180.0,40.0,24.4,342.0,40.0,,,,26,,Rodrigo,Muniz Carvalho,Muniz,,,393,1,1,1,6,1,0,0,1,0,0,4,21,,,,0.0,0.23,1.37,0.92,4.81,4,9,8
424,a,100.0,100.0,5.1,237,145.0,0,0.0,-4,4.0,0.2,373,126.0,20,1,1.8,367.0,162.0,0,90,0.5,331.0,146.0,0.1,3.9,0.0,85424,709,96151,235,0.5,0.0,0.47,1.15,1.62,5.1,0.09,0.21,0.3,0.94,74.2,374.0,167.0,166.6,178.0,121.0,97.0,236.0,131.0,33.9,303.0,150.0,,,,26,,Oscar,Bobb,Bobb,,,489,0,1,2,6,0,0,0,1,0,0,5,37,,,,0.0,0.37,1.1,0.92,6.81,9,5,23
727,a,100.0,100.0,5.3,193,120.0,0,0.0,-2,2.0,0.1,470,163.0,47,1,3.6,112.0,51.0,1,192,3.0,119.0,56.0,0.6,8.9,0.0,97995,778,88410,646,3.0,2.5,1.56,2.55,4.11,10.97,0.22,0.36,0.58,1.55,228.0,223.0,98.0,217.9,130.0,90.0,182.0,134.0,77.0,62.9,174.0,95.0,,,,26,,Samuel,Chukwueze,Chukwueze,,,635,3,4,1,15,0,0,0,0,0,0,6,51,,,,0.0,0.14,2.13,0.85,7.23,6,10,35
731,a,100.0,100.0,5.8,112,71.0,0,0.0,-2,2.0,0.1,534,193.0,42,1,1.9,352.0,156.0,0,154,2.2,182.0,80.0,0.4,7.2,0.0,34138,466,29002,344,2.2,1.7,1.0,1.38,2.38,12.95,0.11,0.15,0.26,1.37,197.8,252.0,106.0,230.3,121.0,83.0,202.0,114.0,66.0,62.8,175.0,96.0,4.0,,,26,,Kevin,Santos Lopes de Macedo,Kevin,,,853,1,2,4,15,0,0,0,1,0,0,7,68,,,,0.0,0.42,1.58,0.74,7.17,18,15,35
343,d,50.0,0.0,4.3,582,130.0,0,0.0,-2,2.0,0.4,269,100.0,74,0,3.2,154.0,58.0,3,263,2.5,153.0,53.0,0.6,17.2,0.0,94467,56,88328,5810,1.2,0.0,2.46,0.48,2.94,30.19,0.11,0.02,0.13,1.37,511.2,51.0,23.0,107.1,231.0,62.0,209.0,106.0,16.0,82.7,109.0,34.0,,,3.0,26,,Pascal,Struijk,Struijk,Hip injury - 50% chance of playing,,1988,0,1,4,37,0,0,0,3,0,0,22,234,,,,0.0,0.18,1.68,1.0,9.73,26,189,86
348,a,100.0,100.0,3.9,750,215.0,0,0.0,-1,1.0,3.8,88,30.0,77,3,3.2,153.0,57.0,5,251,3.2,93.0,33.0,0.8,19.7,0.0,1072455,11018,880703,4737,3.2,2.7,0.96,0.25,1.21,34.48,0.04,0.01,0.05,1.48,520.6,48.0,22.0,62.9,305.0,101.0,163.0,150.0,30.0,74.8,126.0,41.0,,,,26,,Joe,Rodon,Rodon,,,2100,2,0,3,43,0,0,0,1,0,0,24,227,,,,0.0,0.13,1.84,1.03,8.53,27,172,61
349,u,0.0,0.0,4.0,692,177.0,0,0.0,0,0.0,0.1,552,198.0,0,0,0.0,597.0,220.0,0,0,0.0,479.0,191.0,0.0,0.0,0.0,788,0,15851,22,0.0,0.0,0.0,0.0,0.0,0.0,0.0,0.0,0.0,0.0,0.0,587.0,220.0,0.0,580.0,220.0,0.0,547.0,214.0,0.0,590.0,220.0,,,,26,,Isaac,Schmidt,Schmidt,has joined Werder Bremen on loan for the rest of the season.,,0,0,0,0,0,0,0,0,0,0,0,0,0,,,,0.0,0.0,0.0,0.0,0.0,0,0,0
350,a,,,5.4,172,106.0,0,0.0,-1,1.0,0.7,214,73.0,98,2,3.9,83.0,40.0,5,343,2.8,140.0,65.0,0.5,18.1,0.0,191057,2655,113205,6338,2.8,2.3,3.39,2.83,6.22,25.06,0.18,0.15,0.33,1.36,372.2,111.0,36.0,335.8,64.0,51.0,374.0,43.0,26.0,108.1,48.0,34.0,,,,26,,Brenden,Aaronson,Aaronson,,,1653,4,6,6,25,0,0,0,1,0,0,19,152,,,,0.0,0.33,1.36,1.03,8.28,39,21,92
352,u,0.0,0.0,5.1,228,141.0,0,0.0,-4,4.0,0.0,588,221.0,12,0,1.1,444.0,200.0,0,51,0.0,758.0,327.0,0.0,2.4,0.0,6000,0,18446,79,0.0,0.0,0.28,0.23,0.51,3.82,0.1,0.08,0.18,1.31,30.0,427.0,188.0,49.4,336.0,182.0,35.0,340.0,178.0,11.5,399.0,184.0,4.0,,,26,,Jack,Harrison,Harrison,has joined ACF Fiorentina on loan for the rest of the season.,,262,0,0,0,5,0,0,0,0,0,0,1,24,,,,0.0,0.0,1.72,0.34,8.24,5,6,13
353,d,75.0,100.0,5.2,208,129.0,0,0.0,-3,3.0,0.1,481,168.0,15,1,1.2,440.0,198.0,0,56,0.5,332.0,147.0,0.1,2.9,0.0,7657,102,52390,84,0.4,0.0,0.71,0.57,1.28,10.43,0.17,0.14,0.31,2.55,38.2,414.0,183.0,96.6,251.0,154.0,93.0,243.0,132.0,22.9,348.0,166.0,,,,26,,Daniel,James,James,Back injury - 75% chance of playing,,368,0,0,1,13,0,0,0,0,0,0,4,20,,,,0.0,0.24,3.18,0.98,4.89,4,3,13
354,a,100.0,100.0,4.9,299,187.0,0,0.0,-1,1.0,0.2,403,134.0,78,2,3.4,130.0,57.0,5,371,2.5,157.0,72.0,0.5,15.9,0.0,36383,743,28918,691,2.5,2.0,1.62,1.34,2.96,32.37,0.07,0.06,0.13,1.43,393.4,99.0,32.0,228.2,125.0,86.0,81.0,258.0,139.0,70.5,142.0,78.0,,,,26,,Ethan,Ampadu,Ampadu,,,2039,1,1,4,38,0,0,0,7,0,0,23,263,,,,0.0,0.18,1.68,1.02,11.61,51,96,116
418,d,25.0,25.0,6.4,58,37.0,0,0.0,-1,1.0,2.4,121,39.0,72,0,3.6,115.0,52.0,9,305,0.2,382.0,171.0,0.0,11.2,0.0,2119466,66,2075104,7130,0.2,0.2,1.81,4.25,6.06,15.61,0.14,0.32,0.46,1.19,302.0,173.0,65.0,557.2,16.0,16.0,380.0,41.0,25.0,123.8,33.0,25.0,,,3.0,26,,Jérémy,Doku,Doku,Calf injury - 25% chance of playing,,1179,1,7,5,13,0,0,0,0,0,0,13,79,,,,0.0,0.38,0.99,0.99,6.03,15,10,54
420,u,0.0,0.0,6.3,64,42.0,0,0.0,-2,2.0,0.1,559,205.0,0,0,0.0,809.0,362.0,0,0,0.0,801.0,357.0,0.0,0.0,0.0,1928,0,19847,21,0.0,0.0,0.0,0.0,0.0,0.0,0.0,0.0,0.0,0.0,0.0,809.0,362.0,0.0,809.0,362.0,0.0,809.0,362.0,0.0,809.0,362.0,,,,26,,İlkay,Gündoğan,Gündoğan,has joined Galatasaray permanently.,,0,0,0,0,0,0,0,0,0,0,0,0,0,,,,0.0,0.0,0.0,0.0,0.0,0,0,0
421,a,100.0,100.0,6.3,68,45.0,0,0.0,-2,2.0,0.5,265,91.0,35,3,2.5,279.0,120.0,1,192,3.2,104.0,47.0,0.5,5.6,0.0,56618,954,98610,751,3.7,3.7,0.26,1.19,1.45,12.49,0.03,0.12,0.15,1.27,192.4,259.0,109.0,241.0,115.0,80.0,40.0,329.0,173.0,47.4,238.0,120.0,,,,26,,Rodrigo 'Rodri',Hernandez Cascante,Rodrigo,,,883,0,0,3,9,0,0,0,2,0,0,10,125,,,,0.0,0.31,0.92,1.02,12.74,27,33,65
422,i,0.0,0.0,5.8,104,66.0,0,0.0,-2,2.0,0.0,685,281.0,1,0,1.0,500.0,236.0,0,3,0.0,790.0,348.0,0.0,0.2,0.0,2413,4,3351,14,0.0,0.0,0.0,0.0,0.0,0.0,0.0,0.0,0.0,0.0,2.6,479.0,221.0,0.8,467.0,225.0,0.0,804.0,358.0,0.3,496.0,230.0,,,,26,,Mateo,Kovačić,Kovačić,Ankle injury - Unknown return date,,4,0,0,0,0,0,0,0,0,0,0,0,0,,,,0.0,0.0,0.0,0.0,0.0,0,0,0
356,a,,,4.7,391,244.0,0,0.0,-3,3.0,0.1,438,149.0,47,2,2.8,223.0,91.0,3,221,4.0,62.0,30.0,0.9,10.0,0.0,17131,1632,8469,702,4.0,3.5,0.38,0.78,1.16,20.77,0.03,0.07,0.1,1.83,174.4,268.0,115.0,153.3,186.0,124.0,54.0,305.0,161.0,37.9,280.0,138.0,,,,26,,Ilia,Gruev,Gruev,,,1020,0,4,4,21,0,0,0,2,0,0,12,93,,,,0.0,0.35,1.85,1.06,8.21,19,27,47
435,a,,,3.9,759,81.0,0,0.0,-1,1.0,0.1,478,72.0,0,0,0.0,550.0,49.0,0,0,0.0,428.0,40.0,0.0,0.0,0.0,5295,38,8376,65,0.5,0.5,0.0,0.0,0.0,0.0,0.0,0.0,0.0,0.0,0.0,540.0,49.0,0.0,530.0,34.0,0.0,495.0,20.0,0.0,543.0,49.0,,,,26,,Dermot,Mee,Mee,,,0,0,0,0,0,0,0,0,0,0,0,0,0,,,,0.0,0.0,0.0,0.0,0.0,0,0,0
447,a,100.0,100.0,3.7,816,264.0,-1,1.0,-3,3.0,2.1,129,49.0,26,0,2.4,280.0,107.0,0,107,0.0,385.0,142.0,0.0,7.0,0.0,397590,14408,325939,6606,0.5,0.5,0.34,0.17,0.51,7.95,0.05,0.02,0.07,1.12,175.6,266.0,107.0,27.2,375.0,134.0,26.0,355.0,117.0,22.9,347.0,119.0,,,,26,,Ayden,Heaven,Heaven,,,636,0,1,1,12,1,0,0,1,0,0,8,72,,,,0.0,0.14,1.7,1.13,10.05,16,55,29
448,a,,,3.8,787,236.0,0,0.0,-2,2.0,0.4,283,104.0,1,0,1.0,446.0,160.0,0,3,0.0,391.0,147.0,0.0,0.3,0.0,53179,151,56265,502,0.5,0.5,0.0,0.0,0.0,0.3,0.0,0.0,0.0,13.5,3.0,477.0,171.0,0.0,494.0,181.0,0.0,458.0,172.0,0.3,491.0,173.0,,,,26,,Tyrell,Malacia,Malacia,,,2,0,0,0,0,0,0,0,0,0,0,0,2,,,,0.0,0.0,0.0,0.0,90.0,1,1,0
357,u,0.0,0.0,4.9,323,201.0,0,0.0,-1,1.0,0.0,704,295.0,0,0,0.0,768.0,331.0,0,0,0.0,721.0,299.0,0.0,0.0,0.0,203,0,4317,4,0.0,0.0,0.0,0.0,0.0,0.0,0.0,0.0,0.0,0.0,0.0,767.0,330.0,0.0,764.0,331.0,0.0,758.0,329.0,0.0,768.0,331.0,,,,26,,Largie,Ramazani,Ramazani,has joined Valencia on loan for the rest of the season.,,0,0,0,0,0,0,0,0,0,0,0,0,0,,,,0.0,0.0,0.0,0.0,0.0,0,0,0
361,u,0.0,0.0,4.5,440,264.0,0,0.0,0,0.0,0.0,665,270.0,0,0,0.0,704.0,281.0,0,0,0.0,625.0,226.0,0.0,0.0,0.0,1165,0,8369,15,0.0,0.0,0.0,0.0,0.0,0.0,0.0,0.0,0.0,0.0,0.0,698.0,275.0,0.0,696.0,279.0,0.0,678.0,272.0,0.0,701.0,278.0,,,,26,,Darko,Gyabi,Gyabi,has joined Hull City permanently.,,0,0,0,0,0,0,0,0,0,0,0,0,0,,,,0.0,0.0,0.0,0.0,0.0,0,0,0
362,a,100.0,100.0,4.9,319,58.0,0,0.0,-6,6.0,0.3,296,46.0,12,0,1.1,442.0,55.0,0,27,0.2,367.0,49.0,0.0,2.4,0.0,38035,264,218530,428,0.2,-0.3,0.65,0.08,0.73,5.3,0.28,0.03,0.31,2.32,8.0,460.0,55.0,22.0,385.0,50.0,90.0,247.0,45.0,11.5,398.0,48.0,,,2.0,26,,Joël,Piroe,Piroe,,,206,0,0,1,7,0,0,0,0,0,0,2,10,,,,0.0,0.44,3.06,0.87,4.37,1,1,8
363,u,0.0,0.0,4.9,288,57.0,0,0.0,-1,1.0,0.3,303,48.0,0,0,0.0,760.0,84.0,0,0,0.0,706.0,75.0,0.0,0.0,0.0,16144,0,202622,105,0.0,0.0,0.0,0.0,0.0,0.0,0.0,0.0,0.0,0.0,0.0,759.0,84.0,0.0,756.0,83.0,0.0,749.0,83.0,0.0,760.0,84.0,,,,26,,Patrick,Bamford,Bamford,has departed the club as a free agent.,,0,0,0,0,0,0,0,0,0,0,0,0,0,,,,0.0,0.0,0.0,0.0,0.0,0,0,0
364,u,0.0,0.0,5.0,277,56.0,0,0.0,0,0.0,0.0,737,90.0,0,0,0.0,787.0,87.0,0,0,0.0,750.0,80.0,0.0,0.0,0.0,0,0,2417,0,0.0,0.0,0.0,0.0,0.0,0.0,0.0,0.0,0.0,0.0,0.0,786.0,87.0,0.0,785.0,87.0,0.0,781.0,87.0,0.0,787.0,87.0,,,,26,,Mateo,Joseph Fernández-Regatillo,Mateo Joseph,Has joined RCD Mallorca on loan for the rest of the season.,,0,0,0,0,0,0,0,0,0,0,0,0,0,,,,0.0,0.0,0.0,0.0,0.0,0,0,0
365,a,100.0,100.0,5.0,246,53.0,0,0.0,0,0.0,0.6,249,40.0,60,11,3.0,190.0,18.0,8,214,2.8,135.0,18.0,0.6,12.0,0.0,197149,8591,207099,1159,2.8,2.3,5.68,0.81,6.49,14.17,0.75,0.11,0.86,1.87,246.4,209.0,17.0,58.8,318.0,33.0,304.0,65.0,24.0,61.0,184.0,22.0,,,1.0,26,,Lukas,Nmecha,Nmecha,,,683,6,1,2,16,0,0,1,0,0,0,7,35,,,,0.0,0.26,2.11,0.92,4.61,6,12,17
493,a,100.0,100.0,4.8,354,222.0,0,0.0,-2,2.0,0.2,350,118.0,43,0,2.7,241.0,98.0,4,228,0.8,294.0,128.0,0.2,9.0,0.0,176849,177,179935,323,0.8,0.3,0.83,1.29,2.12,13.57,0.08,0.12,0.2,1.3,237.2,214.0,94.0,343.0,61.0,48.0,65.0,279.0,151.0,64.5,167.0,91.0,1.0,2.0,,26,,Sean,Longstaff,Longstaff,,,936,1,2,1,18,0,0,0,2,0,0,10,100,,,,0.0,0.1,1.73,0.96,9.62,37,25,38
691,a,100.0,100.0,5.9,93,29.0,0,0.0,4,-4.0,10.8,33,6.0,102,0,4.4,37.0,6.0,16,332,2.8,142.0,19.0,0.5,17.3,0.0,2720986,26632,1378137,79137,2.8,2.3,9.03,0.92,9.94,20.31,0.49,0.05,0.54,1.1,404.6,92.0,7.0,200.3,142.0,8.0,643.0,9.0,6.0,123.9,32.0,7.0,,,,26,,Dominic,Calvert-Lewin,Calvert-Lewin,,,1663,10,2,4,25,0,0,0,1,0,0,18,53,,,,0.0,0.22,1.35,0.97,2.87,9,18,26
698,d,75.0,100.0,5.5,145,90.0,0,0.0,0,0.0,0.1,446,153.0,67,6,2.9,209.0,87.0,3,228,3.8,77.0,38.0,0.7,12.2,0.0,62488,1682,53025,626,2.8,3.3,4.2,0.98,5.18,22.4,0.3,0.07,0.37,1.59,254.6,205.0,87.0,199.8,143.0,99.0,322.0,60.0,36.0,77.7,120.0,67.0,,,,26,,Noah,Okafor,Okafor,Muscle injury - 75% chance of playing,,1266,4,2,4,24,0,0,0,3,0,0,15,87,,,,0.0,0.28,1.71,1.07,6.18,20,21,46
706,a,,,3.9,752,216.0,0,0.0,-1,1.0,1.0,189,72.0,43,0,2.5,263.0,101.0,6,137,4.0,53.0,15.0,1.0,11.0,0.0,150349,8847,41892,3514,4.0,3.5,0.89,0.78,1.67,16.72,0.1,0.08,0.18,1.8,211.0,244.0,97.0,106.9,232.0,63.0,112.0,216.0,55.0,43.2,257.0,88.0,,,,26,,James,Justin,Justin,,,834,1,1,2,15,0,0,0,2,0,0,9,83,,,,0.0,0.22,1.62,0.97,8.2,19,57,32
367,a,,,4.1,654,38.0,0,0.0,-4,4.0,0.5,252,33.0,19,0,3.8,85.0,8.0,0,70,0.0,519.0,79.0,0.0,4.6,0.0,151899,445,165045,747,0.5,0.5,0.0,0.0,0.0,7.1,0.0,0.0,0.0,1.42,140.0,300.0,23.0,0.0,616.0,75.0,0.0,586.0,61.0,13.9,386.0,23.0,,,,26,,Giorgi,Mamardashvili,Mamardashvili,,,450,0,0,1,10,0,1,0,0,0,17,5,45,,,,3.4,0.2,2.0,1.0,0.0,0,7,43
368,a,,,3.8,810,94.0,0,0.0,-2,2.0,0.8,208,26.0,0,0,0.0,531.0,34.0,0,0,0.0,408.0,25.0,0.0,0.0,0.0,119222,8823,42061,2011,0.5,0.5,0.0,0.0,0.0,0.0,0.0,0.0,0.0,0.0,0.0,521.0,34.0,0.0,510.0,18.0,0.0,475.0,4.0,0.0,524.0,34.0,,,,26,,Ármin,Pécsi,Pécsi,,,0,0,0,0,0,0,0,0,0,0,0,0,0,,,,0.0,0.0,0.0,0.0,0.0,0,0,0
370,i,0.0,0.0,5.7,117,11.0,0,0.0,-3,3.0,4.7,72,22.0,34,0,3.1,177.0,69.0,0,136,0.0,789.0,264.0,0.0,6.0,0.0,587331,82,3340003,10728,0.0,0.0,0.39,1.02,1.41,5.96,0.07,0.17,0.24,1.0,83.2,357.0,134.0,140.8,195.0,48.0,103.0,228.0,60.0,32.8,305.0,101.0,,,,26,,Jeremie,Frimpong,Frimpong,Groin Injury - Unknown return date,,538,0,4,2,7,0,0,0,0,0,0,6,20,,,,0.0,0.33,1.17,1.0,2.68,4,12,31
374,a,100.0,100.0,5.4,165,18.0,0,0.0,-1,1.0,3.1,105,41.0,99,6,4.0,70.0,28.0,7,379,4.5,39.0,10.0,0.8,18.3,0.0,610329,19215,661501,3914,5.0,5.0,1.05,0.85,1.9,25.53,0.04,0.04,0.08,1.07,571.4,30.0,12.0,121.5,215.0,55.0,96.0,237.0,62.0,79.1,117.0,37.0,,,,26,,Ibrahima,Konaté,Konaté,,,2146,1,0,8,29,0,0,0,5,0,0,25,242,,,,0.0,0.34,1.22,1.05,9.1,39,178,74
375,i,0.0,0.0,4.9,338,55.0,0,0.0,-1,1.0,0.2,410,150.0,42,0,2.8,227.0,91.0,2,157,0.0,730.0,255.0,0.0,8.6,0.0,62602,15,71113,300,0.0,0.0,0.18,0.84,1.02,10.77,0.02,0.08,0.1,1.04,157.4,287.0,112.0,105.2,238.0,66.0,62.0,287.0,85.0,32.3,310.0,104.0,,,,26,,Conor,Bradley,Bradley,Knee injury - Expected back 01 Jun,,928,0,2,4,13,0,0,0,5,0,0,12,82,,,,0.0,0.39,1.26,1.16,6.3,19,46,43
376,a,100.0,75.0,4.9,296,45.0,0,0.0,-1,1.0,0.1,425,158.0,26,1,2.2,305.0,113.0,2,73,0.2,366.0,136.0,0.0,5.3,0.0,22541,292,28817,114,0.7,0.5,0.18,0.54,0.72,3.97,0.05,0.16,0.21,1.19,79.0,364.0,138.0,57.8,319.0,107.0,22.0,368.0,127.0,15.8,377.0,133.0,,,,26,,Joe,Gomez,Gomez,,,300,0,2,2,7,0,0,0,2,0,0,4,24,,,,0.0,0.6,2.1,1.2,6.9,3,20,9
377,u,0.0,0.0,4.8,357,58.0,0,0.0,-2,2.0,0.0,590,211.0,0,0,0.0,757.0,260.0,0,0,0.0,698.0,251.0,0.0,0.0,0.0,1669,0,12239,13,0.0,0.0,0.0,0.0,0.0,0.0,0.0,0.0,0.0,0.0,0.0,756.0,260.0,0.0,752.0,260.0,0.0,743.0,260.0,0.0,757.0,260.0,,,,26,,Konstantinos,Tsimikas,Tsimikas,has joined AS Roma on loan for the rest of the season.,,0,0,0,0,0,0,0,0,0,0,0,0,0,,,,0.0,0.0,0.0,0.0,0.0,0,0,0
380,a,,,3.8,796,245.0,0,0.0,-2,2.0,0.2,349,125.0,0,0,0.0,522.0,188.0,0,0,0.0,397.0,153.0,0.0,0.0,0.0,27340,176,30827,232,0.5,0.5,0.0,0.0,0.0,0.0,0.0,0.0,0.0,0.0,0.0,512.0,188.0,0.0,499.0,186.0,0.0,463.0,177.0,0.0,515.0,188.0,,,,26,,Calvin,Ramsay,Ramsay,,,0,0,0,0,0,0,0,0,0,0,0,0,0,,,,0.0,0.0,0.0,0.0,0.0,0,0,0
381,a,100.0,100.0,14.0,2,1.0,0,0.0,-5,5.0,14.2,25,9.0,82,6,4.6,32.0,18.0,5,259,4.5,44.0,26.0,0.3,5.9,0.0,1331797,8096,5875285,6588,5.0,5.0,6.18,3.75,9.93,22.81,0.36,0.22,0.58,1.34,348.4,128.0,42.0,569.9,14.0,14.0,587.0,17.0,7.0,150.5,16.0,12.0,,4.0,1.0,26,,Mohamed,Salah,M.Salah,,,1536,4,6,5,27,0,0,0,1,0,0,16,64,,,,0.0,0.29,1.58,0.94,3.75,5,9,50
382,a,100.0,100.0,8.4,12,7.0,0,0.0,-1,1.0,13.7,27,10.0,100,3,4.0,79.0,38.0,16,412,4.8,33.0,21.0,0.6,11.9,0.0,2063051,41979,4041845,37773,5.3,5.3,5.64,4.1,9.73,23.77,0.27,0.2,0.47,1.16,409.0,90.0,29.0,682.1,6.0,6.0,530.0,21.0,9.0,162.1,11.0,9.0,4.0,,,26,,Florian,Wirtz,Wirtz,,,1850,4,3,8,23,0,0,0,1,0,0,21,133,,,,0.0,0.39,1.12,1.02,6.47,28,19,86
383,u,0.0,0.0,8.0,16,11.0,0,0.0,0,0.0,0.0,604,231.0,0,0,0.0,816.0,366.0,0,0,0.0,815.0,366.0,0.0,0.0,0.0,0,0,7327,8,0.0,0.0,0.0,0.0,0.0,0.0,0.0,0.0,0.0,0.0,0.0,816.0,366.0,0.0,816.0,366.0,0.0,816.0,366.0,0.0,816.0,366.0,,,,26,,Luis,Díaz Marulanda,Luis Díaz,Has joined Bayern Munch permanently.,,0,0,0,0,0,0,0,0,0,0,0,0,0,,,,0.0,0.0,0.0,0.0,0.0,0,0,0
384,a,100.0,100.0,7.3,27,17.0,0,0.0,-2,2.0,5.3,68,24.0,89,3,3.7,103.0,48.0,5,330,2.8,145.0,68.0,0.4,12.2,0.0,3294992,5519,3723245,7336,3.3,3.3,5.25,4.08,9.33,19.01,0.27,0.21,0.48,0.98,365.2,117.0,39.0,529.9,19.0,19.0,553.0,19.0,8.0,144.7,20.0,16.0,3.0,,3.0,26,,Cody,Gakpo,Gakpo,,,1742,5,3,6,25,0,0,0,1,0,0,20,100,,,,0.0,0.31,1.29,1.03,5.17,16,25,59
481,a,,,3.8,803,252.0,0,0.0,-2,2.0,0.7,219,82.0,1,0,1.0,447.0,161.0,0,-1,0.2,347.0,126.0,0.1,0.3,0.0,75514,665,98434,1029,-0.3,0.2,0.0,0.0,0.0,0.27,0.0,0.0,0.0,24.3,2.2,480.0,172.0,0.0,505.0,192.0,0.0,469.0,183.0,0.2,497.0,175.0,,,,26,,Alex,Murphy,A.Murphy,,,1,0,0,0,1,0,0,0,0,0,0,0,1,,,,0.0,0.0,90.0,0.0,90.0,0,1,0
621,u,0.0,0.0,4.3,583,344.0,0,0.0,-2,2.0,0.2,353,119.0,9,0,1.3,425.0,190.0,0,49,0.0,541.0,173.0,0.0,2.1,0.0,43311,0,53740,415,0.0,0.0,0.0,0.17,0.17,4.03,0.0,0.1,0.1,2.32,31.6,423.0,187.0,52.3,325.0,180.0,2.0,438.0,216.0,8.6,414.0,188.0,3.0,,,26,,Andy,Irving,Irving,has joined Sparta Prague permanently.,,156,0,0,0,4,0,0,0,0,0,0,2,22,,,,0.0,0.0,2.31,1.15,12.69,6,2,14
623,s,0.0,100.0,4.4,545,325.0,0,0.0,-1,1.0,0.7,224,78.0,34,3,1.8,359.0,158.0,0,206,1.2,249.0,107.0,0.3,7.7,0.0,142678,1207,149125,2020,0.0,0.7,0.21,1.05,1.26,19.95,0.02,0.09,0.11,1.64,179.6,263.0,112.0,129.9,203.0,134.0,37.0,333.0,174.0,34.7,294.0,145.0,1.0,,,26,,Freddie,Potts,Potts,Suspended until 14 Mar,,1094,0,1,1,23,0,0,0,1,0,0,11,112,,,,0.0,0.08,1.89,0.9,9.21,27,47,38
385,a,100.0,100.0,6.3,69,46.0,0,0.0,-2,2.0,0.3,326,110.0,31,1,1.6,395.0,177.0,0,116,0.8,307.0,136.0,0.1,4.9,0.0,55858,217,68073,298,1.3,1.3,1.18,0.5,1.68,4.75,0.44,0.19,0.63,1.79,115.6,322.0,146.0,33.9,359.0,188.0,127.0,203.0,111.0,27.6,329.0,157.0,,,,26,,Federico,Chiesa,Chiesa,,,239,2,1,0,6,0,0,0,2,0,0,1,26,,,,0.0,0.0,2.26,0.38,9.79,8,12,6
386,a,100.0,100.0,6.2,72,48.0,0,0.0,-3,3.0,1.2,175,58.0,52,3,2.1,320.0,140.0,0,278,1.8,227.0,95.0,0.3,8.4,0.0,170498,2457,273199,2013,2.3,2.3,2.14,1.16,3.3,21.2,0.11,0.06,0.17,1.11,255.8,203.0,85.0,345.5,58.0,47.0,195.0,121.0,71.0,79.7,115.0,64.0,,,4.0,26,,Alexis,Mac Allister,Mac Allister,,,1726,0,2,6,24,0,0,0,4,0,0,21,141,,,,0.0,0.31,1.25,1.1,7.35,31,41,69
387,a,100.0,0.0,6.7,49,31.0,0,0.0,2,-2.0,5.8,64,23.0,97,0,4.0,76.0,35.0,14,496,6.5,11.0,6.0,1.0,14.5,0.0,1758063,90774,1411547,20229,7.0,0.0,3.54,3.76,7.3,28.45,0.15,0.16,0.31,1.19,544.8,39.0,9.0,794.2,3.0,3.0,277.0,77.0,47.0,161.5,12.0,10.0,2.0,2.0,,26,,Dominik,Szoboszlai,Szoboszlai,,,2152,4,2,7,34,0,0,1,5,1,0,24,222,,,,0.0,0.29,1.42,1.0,9.28,36,63,123
388,a,100.0,100.0,5.4,167,102.0,0,0.0,-1,1.0,0.1,455,157.0,43,1,1.9,350.0,154.0,1,263,1.0,276.0,119.0,0.2,8.0,0.0,27990,244,32518,384,1.5,1.5,1.08,2.24,3.32,17.85,0.09,0.18,0.27,1.45,218.0,235.0,102.0,305.2,82.0,61.0,112.0,217.0,119.0,63.4,172.0,94.0,,,,26,,Curtis,Jones,C.Jones,,,1107,0,2,2,21,0,0,0,1,0,0,10,122,,,,0.0,0.16,1.71,0.81,9.92,22,20,80
390,a,100.0,100.0,5.5,147,91.0,0,0.0,0,0.0,4.7,73,26.0,111,5,4.6,29.0,16.0,13,504,3.8,78.0,39.0,0.7,20.2,0.0,1886508,21116,1422037,14070,4.3,4.3,1.32,1.76,3.08,25.26,0.06,0.07,0.13,1.07,518.4,49.0,12.0,365.9,50.0,44.0,135.0,184.0,102.0,102.0,57.0,38.0,,,,26,,Ryan,Gravenberch,Gravenberch,,,2118,4,4,8,29,0,0,0,4,0,0,24,230,,,,0.0,0.34,1.23,1.02,9.77,43,82,105
392,i,0.0,100.0,4.9,293,183.0,0,0.0,-1,1.0,0.1,503,181.0,12,3,1.5,409.0,182.0,0,49,1.2,255.0,110.0,0.2,2.4,0.0,7338,51,14850,157,0.0,1.7,0.04,0.05,0.09,4.11,0.02,0.03,0.05,2.18,56.0,396.0,175.0,18.1,392.0,197.0,6.0,421.0,206.0,8.0,419.0,191.0,,,,26,,Endo,Wataru,Endo,Foot injury - Unknown return date,,170,0,1,1,5,0,0,0,1,0,0,1,23,,,,0.0,0.53,2.65,0.53,12.18,7,13,3
393,i,0.0,0.0,4.3,604,352.0,0,0.0,-2,2.0,0.0,631,248.0,0,0,0.0,649.0,245.0,0,0,0.0,553.0,181.0,0.0,0.0,0.0,6735,26,9978,31,0.0,0.0,0.0,0.0,0.0,0.0,0.0,0.0,0.0,0.0,0.0,639.0,235.0,0.0,636.0,241.0,0.0,611.0,229.0,0.0,642.0,238.0,,,,26,,Stefan,Bajčetić Maquieira,Bajcetic,Hamstring injury - Unknown return date,,0,0,0,0,0,0,0,0,0,0,0,0,0,,,,0.0,0.0,0.0,0.0,0.0,0,0,0
394,u,0.0,0.0,4.4,546,326.0,0,0.0,-1,1.0,0.0,676,275.0,0,0,0.0,669.0,258.0,0,0,0.0,581.0,198.0,0.0,0.0,0.0,1737,0,4091,4,0.0,0.0,0.0,0.0,0.0,0.0,0.0,0.0,0.0,0.0,0.0,660.0,249.0,0.0,657.0,255.0,0.0,634.0,244.0,0.0,663.0,252.0,,,,26,,James,McConnell,McConnell,has joined Ajax on loan for the rest of the season.,,0,0,0,0,0,0,0,0,0,0,0,0,0,,,,0.0,0.0,0.0,0.0,0.0,0,0,0
395,u,0.0,0.0,4.5,430,257.0,0,0.0,0,0.0,0.0,801,355.0,0,0,0.0,696.0,274.0,0,0,0.0,617.0,219.0,0.0,0.0,0.0,0,0,357,0,0.0,0.0,0.0,0.0,0.0,0.0,0.0,0.0,0.0,0.0,0.0,690.0,268.0,0.0,687.0,272.0,0.0,669.0,265.0,0.0,693.0,271.0,,,,26,,Tyler,Morton,Morton,Has joined Lyon permanently.,,0,0,0,0,0,0,0,0,0,0,0,0,0,,,,0.0,0.0,0.0,0.0,0.0,0,0,0
396,a,,,4.3,613,359.0,0,0.0,-2,2.0,0.3,305,106.0,2,0,1.0,463.0,203.0,0,5,0.0,561.0,188.0,0.0,0.5,0.0,97139,201,81421,450,0.5,0.5,0.0,0.0,0.0,0.0,0.0,0.0,0.0,0.0,2.2,481.0,222.0,10.3,415.0,206.0,0.0,617.0,235.0,1.3,476.0,220.0,,,,26,,Trey,Nyoni,Nyoni,,,2,0,0,0,0,0,0,0,0,0,0,0,0,,,,0.0,0.0,0.0,0.0,0.0,0,0,0
397,u,0.0,0.0,6.5,51,18.0,0,0.0,0,0.0,0.1,553,78.0,0,0,0.0,812.0,90.0,0,0,0.0,807.0,88.0,0.0,0.0,0.0,0,0,15926,6,0.0,0.0,0.0,0.0,0.0,0.0,0.0,0.0,0.0,0.0,0.0,812.0,90.0,0.0,812.0,90.0,0.0,812.0,90.0,0.0,812.0,90.0,,,,26,,Darwin,Núñez Ribeiro,Darwin,Has joined Al-Hilal permanently.,,0,0,0,0,0,0,0,0,0,0,0,0,0,,,,0.0,0.0,0.0,0.0,0.0,0,0,0
398,i,0.0,0.0,4.3,600,84.0,0,0.0,-2,2.0,0.1,475,68.0,0,0,0.0,647.0,66.0,0,0,0.0,550.0,55.0,0.0,0.0,0.0,8858,43,19413,71,0.0,0.0,0.0,0.0,0.0,0.0,0.0,0.0,0.0,0.0,0.0,637.0,66.0,0.0,633.0,65.0,0.0,608.0,65.0,0.0,640.0,66.0,,,,26,,Jayden,Danns,Danns,Hamstring injury - Unknown return date,,0,0,0,0,0,0,0,0,0,0,0,0,0,,,,0.0,0.0,0.0,0.0,0.0,0,0,0
499,i,0.0,0.0,10.3,4,2.0,0,0.0,-2,2.0,3.6,93,16.0,29,0,2.9,216.0,23.0,2,96,0.0,817.0,91.0,0.0,2.8,0.0,1797043,89,2411133,2075,0.0,0.0,2.04,0.07,2.11,5.1,0.37,0.01,0.38,0.92,97.6,344.0,34.0,36.5,356.0,44.0,143.0,177.0,39.0,26.9,333.0,39.0,,,,26,,Alexander,Isak,Isak,Ankle injury - Unknown return date,,501,2,1,1,7,0,0,0,0,0,0,6,23,,,,0.0,0.18,1.26,1.08,4.13,6,6,11
661,a,100.0,100.0,8.9,7,3.0,0,0.0,4,-4.0,25.7,13,4.0,104,2,4.5,35.0,5.0,19,362,4.5,43.0,6.0,0.5,11.7,0.0,7430531,85435,6523910,55035,5.0,5.0,8.62,1.88,10.5,22.21,0.51,0.11,0.62,1.32,440.4,71.0,5.0,241.3,114.0,5.0,628.0,10.0,7.0,129.9,26.0,5.0,,,,26,,Hugo,Ekitiké,Ekitiké,,,1509,10,2,6,20,0,0,0,0,0,0,17,67,,,,0.0,0.36,1.19,1.01,4.0,9,27,31
686,a,,,4.3,619,363.0,0,0.0,-2,2.0,0.8,209,71.0,13,0,1.6,381.0,167.0,0,56,0.2,358.0,154.0,0.0,3.0,0.0,240484,3549,171184,2761,0.7,0.7,0.37,0.35,0.72,2.78,0.44,0.41,0.85,3.29,50.8,400.0,177.0,59.7,317.0,179.0,41.0,327.0,171.0,15.3,379.0,178.0,,,,26,,Rio,Ngumoha,Ngumoha,,,76,1,0,0,3,0,0,0,0,0,0,0,3,,,,0.0,0.0,3.55,0.0,3.55,1,0,2
82,a,100.0,100.0,8.0,17,12.0,1,-1.0,10,-10.0,50.1,2,1.0,153,14,6.1,5.0,3.0,17,490,7.8,3.0,2.0,1.0,19.1,0.0,10862928,195400,6036111,22359,8.3,8.3,8.4,2.2,10.6,37.2,0.34,0.09,0.43,1.49,694.2,7.0,2.0,425.0,35.0,33.0,754.0,3.0,1.0,187.5,4.0,3.0,,,,26,,Antoine,Semenyo,Semenyo,,,2250,13,6,7,43,0,0,1,6,0,0,25,180,,,,0.0,0.28,1.72,1.0,7.2,33,35,112
182,a,,,4.5,428,23.0,0,0.0,-5,5.0,0.9,197,24.0,11,0,3.7,95.0,9.0,0,62,0.0,615.0,90.0,0.0,2.4,0.0,99584,114,271553,514,0.5,0.5,0.0,0.0,0.0,3.97,0.0,0.0,0.0,1.32,100.2,340.0,26.0,0.0,685.0,86.0,0.0,667.0,75.0,10.1,404.0,27.0,,,,26,,James,Trafford,Trafford,,,270,0,0,1,4,0,0,0,0,0,11,3,41,,,,3.67,0.33,1.33,1.0,0.0,2,6,33
260,a,100.0,100.0,5.2,209,28.0,0,0.0,7,-7.0,36.9,5,2.0,124,7,5.2,11.0,3.0,9,455,4.8,30.0,7.0,0.9,23.8,0.0,5738079,77390,2806373,30458,5.3,5.3,2.65,1.84,4.49,31.91,0.11,0.08,0.19,1.33,608.6,20.0,9.0,175.0,168.0,40.0,281.0,76.0,4.0,106.5,49.0,5.0,,,,26,,Marc,Guéhi,Guéhi,,,2160,2,4,9,26,0,0,0,5,0,0,24,235,,,,0.0,0.38,1.08,1.0,8.33,34,166,103
399,u,0.0,0.0,5.3,186,5.0,0,0.0,-2,2.0,0.8,204,25.0,0,0,0.0,793.0,94.0,0,0,0.0,765.0,94.0,0.0,0.0,0.0,15200,0,272626,186,0.0,0.0,0.0,0.0,0.0,0.0,0.0,0.0,0.0,0.0,0.0,793.0,94.0,0.0,792.0,93.0,0.0,789.0,91.0,0.0,793.0,94.0,,,,26,,Ederson,Santana de Moraes,Ederson M.,has joined Fenerbache permanently.,,0,0,0,0,0,0,0,0,0,0,0,0,0,,,,0.0,0.0,0.0,0.0,0.0,0,0,0
401,a,100.0,100.0,3.8,785,93.0,0,0.0,-2,2.0,0.4,275,35.0,0,0,0.0,517.0,33.0,0,0,0.0,390.0,24.0,0.0,0.0,0.0,48268,4188,25923,2203,0.5,0.5,0.0,0.0,0.0,0.0,0.0,0.0,0.0,0.0,0.0,507.0,33.0,0.0,493.0,17.0,0.0,457.0,3.0,0.0,510.0,33.0,,,,26,,Marcus,Bettinelli,Bettinelli,,,0,0,0,0,0,0,0,0,0,0,0,0,0,,,,0.0,0.0,0.0,0.0,0.0,0,0,0
402,a,100.0,100.0,5.7,118,12.0,0,0.0,-3,3.0,3.8,86,28.0,26,9,2.9,212.0,82.0,4,101,3.2,102.0,39.0,0.6,4.6,0.0,532049,6463,2393697,1374,3.7,3.7,0.3,0.71,1.01,6.33,0.06,0.14,0.2,1.23,82.0,360.0,136.0,62.1,310.0,103.0,37.0,336.0,108.0,18.1,367.0,128.0,,,,26,,Rayan,Aït-Nouri,Aït-Nouri,,,463,0,0,2,4,0,0,0,1,0,0,6,49,,,,0.0,0.39,0.78,1.17,7.97,19,22,20
403,i,0.0,0.0,5.9,102,7.0,0,0.0,-1,1.0,3.5,97,34.0,77,0,4.8,20.0,7.0,5,291,0.0,799.0,265.0,0.0,13.1,0.0,1374041,77,2166548,8204,0.0,0.0,2.19,0.64,2.83,15.29,0.15,0.04,0.19,1.06,354.6,121.0,55.0,104.7,239.0,67.0,193.0,124.0,23.0,65.3,162.0,53.0,,,,26,,Joško,Gvardiol,Gvardiol,Leg injury - Unknown return date,,1301,2,2,6,13,0,0,0,2,0,0,15,115,,,,0.0,0.42,0.9,1.04,6.85,17,82,48
400,a,,,4.7,376,15.0,0,0.0,-3,3.0,0.2,383,55.0,8,7,4.0,65.0,4.0,0,27,2.0,195.0,14.0,0.4,1.7,0.0,8752,515,20881,532,1.5,2.5,0.0,0.01,0.01,2.92,0.0,0.0,0.0,1.46,41.2,409.0,30.0,0.0,748.0,88.0,0.0,737.0,80.0,4.2,449.0,30.0,,,,26,,Stefan,Ortega Moreno,Ortega Moreno,,,180,0,0,1,3,0,0,0,0,0,5,2,0,,,,2.5,0.5,1.5,1.0,0.0,0,0,6
645,u,0.0,0.0,5.1,240,147.0,0,0.0,-4,4.0,0.0,654,263.0,12,0,1.3,430.0,195.0,0,38,0.0,760.0,328.0,0.0,2.4,0.0,1383,0,4852,28,0.0,0.0,0.16,0.61,0.77,3.98,0.06,0.24,0.3,1.57,29.0,429.0,190.0,61.0,313.0,177.0,37.0,335.0,176.0,12.4,395.0,183.0,,,,26,,Fer,López González,Fer López,has joined Celta Vigo on loan for the rest of the season.,,228,0,1,0,9,0,0,0,1,0,0,2,12,,,,0.0,0.0,3.55,0.79,4.74,1,1,10
646,a,100.0,100.0,5.3,199,124.0,0,0.0,-2,2.0,0.4,294,102.0,67,5,2.7,242.0,99.0,1,342,2.6,148.0,69.0,0.5,12.6,0.0,54709,358,26775,3338,2.1,3.2,0.83,1.32,2.15,32.35,0.04,0.06,0.1,1.44,324.8,146.0,51.0,278.6,93.0,68.0,125.0,207.0,113.0,73.3,132.0,72.0,,,,26,,João Victor,Gomes da Silva,J.Gomes,,,2024,0,0,3,39,0,0,0,8,0,0,23,284,,,,0.0,0.13,1.73,1.02,12.63,75,69,140
656,u,0.0,0.0,4.9,322,59.0,0,0.0,-1,1.0,0.0,587,80.0,1,0,1.0,487.0,59.0,0,1,0.0,720.0,76.0,0.0,0.2,0.0,1691,0,10104,12,0.0,0.0,0.0,0.01,0.01,0.1,0.0,0.06,0.06,0.64,1.0,494.0,61.0,4.3,441.0,57.0,2.0,447.0,61.0,0.7,482.0,61.0,,,,26,,Saša,Kalajdžić,Kalajdžić,has joined LASK on loan for the rest of the season.,,14,0,0,0,0,0,0,0,0,0,0,0,2,,,,0.0,0.0,0.0,0.0,12.86,0,1,1
408,a,100.0,100.0,5.5,139,16.0,0,0.0,0,0.0,3.3,99,36.0,102,6,4.6,28.0,10.0,3,407,1.8,222.0,83.0,0.3,18.5,0.0,923538,5384,1042525,3320,2.3,2.3,0.53,0.5,1.03,21.52,0.03,0.02,0.05,1.06,492.4,56.0,25.0,95.2,252.0,74.0,95.0,238.0,63.0,68.4,150.0,49.0,,,,26,,Rúben,dos Santos Gato Alves Dias,Rúben,,,1824,2,0,11,17,0,0,0,2,0,0,20,167,,,,0.0,0.54,0.84,0.99,7.06,9,134,66
657,i,0.0,0.0,4.4,563,81.0,0,0.0,-1,1.0,0.0,652,84.0,0,0,0.0,681.0,74.0,0,0,0.0,595.0,64.0,0.0,0.0,0.0,4640,49,7084,52,0.0,0.0,0.0,0.0,0.0,0.0,0.0,0.0,0.0,0.0,0.0,674.0,74.0,0.0,670.0,73.0,0.0,649.0,73.0,0.0,677.0,74.0,,,,26,,Leon,Chiwome,Chiwome,Knee injury - Unknown return date,,0,0,0,0,0,0,0,0,0,0,0,0,0,,,,0.0,0.0,0.0,0.0,0.0,0,0,0
412,u,0.0,0.0,5.0,282,42.0,0,0.0,0,0.0,0.0,774,261.0,0,0,0.0,791.0,263.0,0,0,0.0,754.0,258.0,0.0,0.0,0.0,0,0,850,1,0.0,0.0,0.0,0.0,0.0,0.0,0.0,0.0,0.0,0.0,0.0,790.0,263.0,0.0,789.0,263.0,0.0,785.0,263.0,0.0,791.0,263.0,,,,26,,Vitor,de Oliveira Nunes dos Reis,Vitor Reis,Has joined Girona on loan for the rest of the season.,,0,0,0,0,0,0,0,0,0,0,0,0,0,,,,0.0,0.0,0.0,0.0,0.0,0,0,0
413,a,100.0,100.0,8.3,13,8.0,0,0.0,-2,2.0,2.5,117,36.0,30,1,2.1,321.0,141.0,4,94,3.5,90.0,43.0,0.4,3.6,0.0,242669,4114,1252856,3883,4.0,4.0,1.58,0.58,2.16,4.3,0.37,0.14,0.51,1.01,86.0,355.0,159.0,106.1,235.0,147.0,136.0,181.0,100.0,32.5,308.0,152.0,,1.0,2.0,26,,Omar,Marmoush,Marmoush,,,383,1,1,2,3,0,0,0,1,0,0,4,24,,,,0.0,0.47,0.7,0.94,5.64,8,4,12
663,u,0.0,0.0,4.9,318,198.0,0,0.0,-6,6.0,0.1,427,143.0,45,0,2.0,330.0,145.0,2,175,0.4,343.0,152.0,0.1,9.2,0.0,20148,0,80989,387,0.0,0.0,3.38,0.62,4.0,16.0,0.27,0.05,0.32,1.29,171.0,270.0,116.0,204.0,138.0,96.0,148.0,166.0,94.0,52.1,218.0,109.0,1.0,1.0,,26,,Jhon,Arias,J.Arias,has joined Palmeiras permanently.,,1117,1,0,2,21,0,0,0,1,0,0,14,125,,,,0.0,0.16,1.69,1.13,10.07,43,24,58
682,a,,,4.2,638,150.0,0,0.0,-3,3.0,0.1,550,197.0,22,1,1.4,419.0,150.0,0,47,0.4,342.0,122.0,0.1,5.2,0.0,4473,43,9079,64,-0.1,-1.2,0.13,0.99,1.12,15.15,0.02,0.12,0.14,1.86,120.0,317.0,120.0,106.2,233.0,64.0,44.0,318.0,102.0,27.2,330.0,114.0,,,,26,,David,Møller Wolfe,Møller Wolfe,,,734,0,2,0,19,0,0,0,1,0,0,8,39,,,,0.0,0.0,2.33,0.98,4.17,6,28,18
414,a,100.0,100.0,8.2,14,9.0,0,0.0,2,-2.0,9.8,37,13.0,108,5,4.7,26.0,14.0,10,465,1.8,229.0,97.0,0.2,13.2,0.0,6153638,2778,5294577,56126,2.3,2.3,5.15,3.59,8.74,20.82,0.27,0.19,0.46,1.09,483.6,60.0,17.0,724.1,4.0,4.0,398.0,34.0,19.0,160.3,13.0,11.0,1.0,3.0,,26,,Phil,Foden,Foden,,,1713,7,3,10,14,0,0,0,4,0,0,20,127,,,,0.0,0.53,0.74,1.05,6.67,26,21,80
415,d,25.0,25.0,6.9,43,25.0,0,0.0,-1,1.0,0.4,278,97.0,26,0,1.7,377.0,165.0,0,87,0.0,810.0,362.0,0.0,3.8,0.0,33209,16,113145,230,0.1,0.1,1.28,1.18,2.46,6.39,0.22,0.2,0.42,1.08,75.0,372.0,166.0,138.1,197.0,132.0,218.0,103.0,63.0,43.1,259.0,127.0,,,,26,,Sávio,Moreira de Oliveira,Savinho,Thigh injury - 25% chance of playing,,531,0,2,2,5,0,0,0,1,0,0,5,44,,,,0.0,0.34,0.85,0.85,7.46,5,9,30
417,a,100.0,100.0,6.5,53,34.0,0,0.0,0,0.0,8.9,41,15.0,90,1,4.3,48.0,26.0,12,382,3.2,105.0,48.0,0.5,13.8,0.0,2648705,17439,2525366,63463,3.7,3.7,2.16,5.79,7.95,14.42,0.18,0.49,0.67,1.22,386.2,101.0,33.0,564.1,15.0,15.0,326.0,59.0,35.0,127.8,29.0,23.0,2.0,4.0,,26,,Rayan,Cherki,Cherki,,,1067,3,8,5,11,0,0,0,1,0,0,12,103,,,,0.0,0.42,0.93,1.01,8.69,21,14,68
423,a,100.0,100.0,5.9,99,63.0,0,0.0,-1,1.0,0.1,474,165.0,55,0,2.6,260.0,110.0,1,289,0.0,796.0,354.0,0.0,9.3,0.0,27466,156,30450,222,0.5,0.5,0.56,1.0,1.56,16.77,0.04,0.07,0.11,1.1,278.6,189.0,75.0,185.6,156.0,108.0,64.0,284.0,153.0,52.8,217.0,108.0,,,,26,,Nico,González Iglesias,N.Gonzalez,,,1370,1,0,7,14,0,0,0,6,0,0,15,182,,,,0.0,0.46,0.92,0.99,11.96,36,67,79
425,u,0.0,0.0,5.4,184,114.0,0,0.0,-1,1.0,0.0,738,311.0,0,0,0.0,802.0,356.0,0,0,0.0,783.0,344.0,0.0,0.0,0.0,194,0,3226,0,0.0,0.0,0.0,0.0,0.0,0.0,0.0,0.0,0.0,0.0,0.0,802.0,356.0,0.0,801.0,356.0,0.0,799.0,355.0,0.0,802.0,356.0,,,,26,,Claudio,Echeverri,Echeverri,has joined Girona on loan for the rest of the season.,,0,0,0,0,0,0,0,0,0,0,0,0,0,,,,0.0,0.0,0.0,0.0,0.0,0,0,0
429,u,0.0,0.0,4.7,379,237.0,0,0.0,-3,3.0,0.1,557,204.0,0,0,0.0,754.0,322.0,0,0,0.0,689.0,277.0,0.0,0.0,0.0,4052,0,8280,79,0.0,0.0,0.0,0.0,0.0,0.0,0.0,0.0,0.0,0.0,0.0,753.0,321.0,0.0,749.0,322.0,0.0,738.0,319.0,0.0,754.0,322.0,,,,26,,Kalvin,Phillips,Phillips,has joined Sheffield United on loan for the rest of the season.,,0,0,0,0,0,0,0,0,0,0,0,0,0,,,,0.0,0.0,0.0,0.0,0.0,0,0,0
430,d,75.0,100.0,14.9,1,1.0,0,0.0,9,-9.0,68.0,1,1.0,187,5,7.2,1.0,1.0,34,757,5.5,21.0,3.0,0.4,12.6,0.0,6740576,17063,1844140,102915,4.5,6.0,20.35,1.64,21.99,28.1,0.85,0.07,0.92,1.18,948.2,1.0,1.0,231.2,120.0,7.0,1124.0,1.0,1.0,230.5,2.0,1.0,,,1.0,26,,Erling,Haaland,Haaland,Knee injury - 75% chance of playing,,2143,22,6,10,23,0,0,1,1,0,0,25,76,,,,0.0,0.42,0.97,1.05,3.19,12,36,28
736,a,,,5.6,126,3.0,0,0.0,1,-1.0,8.9,42,7.0,91,7,4.0,72.0,6.0,2,394,5.0,27.0,2.0,0.9,16.2,0.0,1963616,20499,1208055,14903,5.5,5.5,0.0,0.0,0.0,25.83,0.0,0.0,0.0,1.12,460.0,65.0,13.0,0.0,805.0,94.0,0.0,803.0,93.0,46.2,243.0,13.0,,,,26,,Gianluigi,Donnarumma,Donnarumma,,,2070,0,0,10,20,0,1,0,5,0,54,23,55,,,,2.35,0.43,0.87,1.0,0.0,0,33,154
739,u,0.0,0.0,4.4,565,339.0,0,0.0,-1,1.0,0.0,678,276.0,2,0,1.0,469.0,209.0,0,5,0.0,597.0,209.0,0.0,0.5,0.0,3500,0,3104,58,0.0,0.0,0.0,0.21,0.21,0.34,0.0,0.76,0.76,1.22,4.2,472.0,216.0,28.3,372.0,191.0,4.0,426.0,210.0,3.7,450.0,203.0,,,,26,,Divine,Mukasa,Mukasa,has joined Leicester City on loan for the rest of the season.,,25,0,0,0,0,0,0,0,0,0,0,0,1,,,,0.0,0.0,0.0,0.0,3.6,0,0,1
740,u,0.0,0.0,3.9,776,227.0,0,0.0,-1,1.0,0.0,617,220.0,0,0,0.0,565.0,205.0,0,0,0.0,444.0,174.0,0.0,0.0,0.0,3208,0,3698,85,0.0,0.0,0.0,0.0,0.0,0.0,0.0,0.0,0.0,0.0,0.0,555.0,205.0,0.0,545.0,205.0,0.0,510.0,197.0,0.0,558.0,205.0,,,,26,,Stephen,Mfuni,Mfuni,has joined Watford on loan for the rest of the season.,,0,0,0,0,0,0,0,0,0,0,0,0,0,,,,0.0,0.0,0.0,0.0,0.0,0,0,0
431,a,,,4.7,387,17.0,0,0.0,-3,3.0,0.3,310,41.0,11,0,1.8,363.0,29.0,0,49,0.0,691.0,91.0,0.0,2.3,0.0,36370,205,61522,311,0.5,0.5,0.0,0.05,0.05,9.24,0.0,0.01,0.01,1.54,118.4,319.0,25.0,10.0,421.0,9.0,0.0,740.0,82.0,12.8,391.0,25.0,,,,26,,Altay,Bayındır,Bayindir,,,540,0,0,0,11,0,0,0,0,0,13,6,46,,,,2.17,0.0,1.83,1.0,0.0,0,7,39
432,u,0.0,0.0,4.9,302,11.0,0,0.0,-1,1.0,0.1,421,63.0,0,0,0.0,764.0,93.0,0,0,0.0,712.0,93.0,0.0,0.0,0.0,5156,0,26447,32,0.0,0.0,0.0,0.0,0.0,0.0,0.0,0.0,0.0,0.0,0.0,763.0,93.0,0.0,760.0,90.0,0.0,753.0,85.0,0.0,764.0,93.0,,,,26,,André,Onana,Onana,has joined Trabzonspor on loan for the rest of the season.,,0,0,0,0,0,0,0,0,0,0,0,0,0,,,,0.0,0.0,0.0,0.0,0.0,0,0,0
433,u,0.0,0.0,4.0,718,65.0,0,0.0,0,0.0,0.0,806,94.0,0,0,0.0,618.0,84.0,0,0,0.0,503.0,76.0,0.0,0.0,0.0,0,0,246,1,0.0,0.0,0.0,0.0,0.0,0.0,0.0,0.0,0.0,0.0,0.0,608.0,84.0,0.0,601.0,72.0,0.0,569.0,58.0,0.0,611.0,84.0,,,,26,,Elyh,Harrison,Harrison,On loan to Shrewsbury Town,,0,0,0,0,0,0,0,0,0,0,0,0,0,,,,0.0,0.0,0.0,0.0,0.0,0,0,0
436,d,50.0,0.0,4.9,307,48.0,0,0.0,-1,1.0,1.9,137,54.0,43,0,3.3,143.0,54.0,5,169,0.0,714.0,253.0,0.0,8.8,0.0,419499,74,543425,1463,0.2,0.0,1.38,0.83,2.21,18.73,0.11,0.06,0.17,1.44,276.6,191.0,80.0,60.2,315.0,105.0,122.0,211.0,54.0,45.7,244.0,82.0,,,,26,,Matthijs,de Ligt,De Ligt,Back injury - 50% chance of playing,,1170,1,0,1,20,0,0,0,0,0,0,13,139,,,,0.0,0.08,1.54,1.0,8.23,19,88,40
437,a,100.0,100.0,4.8,361,61.0,0,0.0,-2,2.0,1.0,190,73.0,39,2,2.8,224.0,89.0,3,165,2.2,173.0,64.0,0.5,8.1,0.0,161987,8823,69584,3501,2.7,2.7,0.06,0.5,0.56,9.34,0.01,0.05,0.06,0.93,220.2,233.0,91.0,78.3,281.0,90.0,10.0,398.0,145.0,31.0,317.0,107.0,,,,26,,Lisandro,Martínez,Martinez,,,904,0,0,3,11,1,0,0,0,0,0,9,75,,,,0.0,0.3,1.1,0.9,7.47,12,63,52
439,a,,,4.2,649,156.0,0,0.0,-3,3.0,0.1,569,204.0,0,0,0.0,639.0,247.0,0,0,0.0,536.0,228.0,0.0,0.0,0.0,3220,45,8418,69,0.5,0.5,0.0,0.0,0.0,0.0,0.0,0.0,0.0,0.0,0.0,630.0,248.0,0.0,625.0,247.0,0.0,598.0,246.0,0.0,633.0,248.0,,,,26,,Diego,León Blanco,D.Leon,,,0,0,0,0,0,0,0,0,0,0,0,0,0,,,,0.0,0.0,0.0,0.0,0.0,0,0,0
440,a,100.0,100.0,4.5,419,79.0,0,0.0,0,0.0,4.6,78,25.0,86,1,3.6,106.0,38.0,8,304,4.0,57.0,19.0,0.9,19.1,0.0,913987,18029,579238,12184,4.5,4.5,1.34,1.95,3.29,25.5,0.07,0.1,0.17,1.25,397.4,96.0,44.0,344.2,59.0,11.0,131.0,193.0,47.0,87.3,94.0,24.0,,,,26,,Diogo,Dalot Teixeira,Dalot,,,1840,1,6,5,30,0,0,0,4,0,0,21,144,,,,0.0,0.24,1.47,1.03,6.02,36,87,86
441,i,0.0,0.0,4.3,616,140.0,0,0.0,-2,2.0,4.6,77,24.0,74,0,3.4,126.0,46.0,8,261,2.0,190.0,71.0,0.5,17.2,0.0,1771069,1040,1938425,45747,0.0,0.0,1.86,1.42,3.28,18.78,0.13,0.1,0.23,1.27,402.4,93.0,42.0,354.1,56.0,10.0,262.0,85.0,7.0,101.9,58.0,10.0,,,,26,,Patrick,Dorgu,Dorgu,Hamstring injury - Unknown return date,,1329,3,3,3,20,0,0,0,5,0,0,14,117,,,,0.0,0.2,1.35,0.95,6.43,47,48,72
442,a,100.0,100.0,4.3,572,121.0,0,0.0,-2,2.0,1.7,146,57.0,52,2,4.0,62.0,25.0,3,161,3.2,94.0,34.0,0.7,12.1,0.0,252142,7798,151465,4606,3.7,3.7,0.73,0.06,0.79,11.32,0.09,0.01,0.1,1.33,172.6,269.0,108.0,20.6,387.0,138.0,93.0,241.0,66.0,28.8,325.0,113.0,,,,26,,Harry,Maguire,Maguire,,,768,1,1,4,9,0,0,0,1,0,0,9,74,,,,0.0,0.47,1.05,1.05,7.38,9,54,24
443,a,,,4.5,409,73.0,0,0.0,0,0.0,0.8,210,80.0,62,2,2.4,283.0,109.0,0,275,2.5,154.0,54.0,0.6,13.8,0.0,162106,3782,111989,1929,3.0,3.0,0.47,1.45,1.91,30.09,0.02,0.06,0.08,1.2,374.0,109.0,49.0,260.5,104.0,27.0,55.0,303.0,94.0,69.0,147.0,47.0,,,,26,,Luke,Shaw,Shaw,,,2264,0,1,5,34,0,0,0,4,0,0,26,171,,,,0.0,0.2,1.35,1.03,5.57,53,87,73
444,a,,,4.1,656,160.0,0,0.0,-4,4.0,1.2,172,65.0,37,1,1.6,378.0,141.0,1,114,0.5,312.0,109.0,0.1,9.0,0.0,204896,923,301633,1320,1.0,1.0,0.68,0.25,0.93,17.78,0.05,0.02,0.07,1.38,209.8,246.0,99.0,62.2,308.0,102.0,73.0,270.0,78.0,34.4,297.0,98.0,,,,26,,Leny,Yoro,Yoro,,,1156,0,1,1,24,0,0,0,0,0,0,12,121,,,,0.0,0.08,1.87,0.93,7.71,23,76,50
445,u,0.0,0.0,4.0,716,194.0,0,0.0,0,0.0,0.1,538,191.0,0,0,0.0,616.0,232.0,0,0,0.0,501.0,206.0,0.0,0.0,0.0,1160,0,14398,24,0.0,0.0,0.0,0.0,0.0,0.0,0.0,0.0,0.0,0.0,0.0,606.0,232.0,0.0,599.0,232.0,0.0,567.0,227.0,0.0,609.0,232.0,,,,26,,Harry,Amass,Amass,has joined Norwich City on loan for the rest of the season.,,0,0,0,0,0,0,0,0,0,0,0,0,0,,,,0.0,0.0,0.0,0.0,0.0,0,0,0
449,a,100.0,100.0,9.8,5,3.0,0,0.0,8,-8.0,36.8,6,2.0,143,2,6.2,4.0,2.0,25,631,6.8,9.0,5.0,0.7,14.6,0.0,7220878,84531,5316491,40308,7.3,7.3,8.16,6.7,14.86,27.96,0.37,0.3,0.67,1.27,806.0,2.0,1.0,1127.1,1.0,1.0,389.0,36.0,21.0,232.5,1.0,1.0,1.0,1.0,1.0,26,,Bruno,Borges Fernandes,B.Fernandes,,,1985,6,12,3,33,0,0,2,2,0,0,23,210,,,,0.0,0.14,1.5,1.04,9.52,38,53,119
450,a,100.0,100.0,8.1,15,10.0,0,0.0,1,-1.0,8.5,44,16.0,93,2,4.0,78.0,37.0,10,372,5.8,17.0,12.0,0.7,11.5,0.0,2973421,13984,2931878,49300,6.3,6.3,5.13,2.3,7.43,21.95,0.28,0.13,0.41,1.21,435.8,73.0,23.0,357.6,55.0,45.0,510.0,22.0,10.0,130.5,25.0,21.0,,,,26,,Matheus,Santos Carneiro da Cunha,Cunha,,,1627,6,2,5,23,0,0,0,1,0,0,19,132,,,,0.0,0.28,1.27,1.05,7.3,26,26,80
451,u,0.0,0.0,7.0,34,20.0,0,0.0,0,0.0,0.0,697,289.0,0,0,0.0,815.0,365.0,0,0,0.0,812.0,364.0,0.0,0.0,0.0,0,0,2111,2,0.0,0.0,0.0,0.0,0.0,0.0,0.0,0.0,0.0,0.0,0.0,815.0,365.0,0.0,815.0,365.0,0.0,815.0,365.0,0.0,815.0,365.0,,,,26,,Marcus,Rashford,Rashford,Has joined Barcelona on loan for the rest of the season,,0,0,0,0,0,0,0,0,0,0,0,0,0,,,,0.0,0.0,0.0,0.0,0.0,0,0,0
452,a,100.0,100.0,6.2,76,51.0,0,0.0,-3,3.0,1.8,141,46.0,67,2,3.4,136.0,61.0,6,349,2.0,204.0,86.0,0.3,10.8,0.0,407910,7748,534381,9989,2.5,2.5,3.96,3.23,7.19,20.63,0.22,0.18,0.4,1.13,341.8,132.0,45.0,459.3,27.0,26.0,403.0,32.0,17.0,120.5,36.0,28.0,,,,26,,Amad,Diallo,Amad,,,1650,2,4,4,23,0,0,0,2,0,0,19,144,,,,0.0,0.22,1.25,1.04,7.85,30,36,78
455,d,25.0,25.0,5.9,95,60.0,0,0.0,-1,1.0,0.3,318,108.0,46,0,2.7,246.0,102.0,3,164,0.0,793.0,351.0,0.0,7.8,0.0,183667,21,195886,1093,0.1,0.1,1.54,1.4,2.94,10.3,0.17,0.16,0.33,1.14,162.4,279.0,122.0,198.5,147.0,101.0,158.0,156.0,87.0,51.9,219.0,110.0,3.0,,,26,,Mason,Mount,Mount,Knock - 25% chance of playing,,812,3,0,3,14,0,0,0,0,0,0,10,62,,,,0.0,0.33,1.55,1.11,6.87,14,7,41
457,a,100.0,100.0,5.6,121,75.0,0,0.0,1,-1.0,2.4,122,40.0,110,2,4.6,30.0,17.0,14,414,5.0,26.0,17.0,0.9,19.6,0.0,572040,23698,329450,10979,5.5,5.5,4.11,2.42,6.53,18.89,0.21,0.13,0.34,0.99,535.6,43.0,10.0,351.4,57.0,46.0,365.0,45.0,27.0,125.4,30.0,24.0,,,,26,,Carlos Henrique,Casimiro,Casemiro,,,1724,5,4,7,20,0,0,0,6,1,0,23,222,,,,0.0,0.37,1.04,1.2,11.59,56,77,89
458,a,100.0,100.0,4.6,401,248.0,0,0.0,-4,4.0,1.3,169,55.0,32,2,1.9,343.0,151.0,0,142,4.2,49.0,27.0,0.9,7.0,0.0,177340,16270,115400,4095,4.7,4.7,0.17,0.56,0.73,9.42,0.02,0.07,0.09,1.25,160.8,282.0,124.0,203.3,139.0,97.0,41.0,328.0,172.0,40.5,271.0,134.0,,,,26,,Kobbie,Mainoo,Mainoo,,,678,0,2,2,12,0,0,0,0,0,0,5,72,,,,0.0,0.27,1.59,0.66,9.56,16,20,36
459,a,,,4.7,385,240.0,0,0.0,-3,3.0,0.2,413,141.0,31,0,1.7,374.0,164.0,0,155,0.5,324.0,141.0,0.1,6.6,0.0,29239,231,36868,443,1.0,1.0,0.31,0.15,0.46,14.56,0.04,0.02,0.06,1.75,129.6,310.0,141.0,63.3,303.0,172.0,32.0,342.0,179.0,22.3,351.0,168.0,,,,26,,Manuel,Ugarte Ribeiro,Ugarte,,,748,0,0,1,20,0,0,0,1,0,0,7,122,,,,0.0,0.12,2.41,0.84,14.68,41,34,47
460,u,0.0,0.0,4.5,445,266.0,0,0.0,0,0.0,0.0,659,266.0,0,0,0.0,705.0,282.0,0,0,0.0,626.0,227.0,0.0,0.0,0.0,505,0,9584,8,0.0,0.0,0.0,0.0,0.0,0.0,0.0,0.0,0.0,0.0,0.0,699.0,276.0,0.0,697.0,280.0,0.0,680.0,273.0,0.0,702.0,279.0,,,,26,,Toby,Collyer,Collyer,has joined Hull City on loan for the rest of the season.,,0,0,0,0,0,0,0,0,0,0,0,0,0,,,,0.0,0.0,0.0,0.0,0.0,0,0,0
462,a,,,4.3,607,354.0,0,0.0,-2,2.0,0.1,502,180.0,3,0,1.0,461.0,202.0,0,10,0.0,555.0,183.0,0.0,0.7,0.0,14392,310,12123,213,0.5,0.5,0.03,0.02,0.05,1.86,0.03,0.02,0.05,1.56,18.6,445.0,197.0,24.4,380.0,194.0,5.0,423.0,208.0,4.8,446.0,200.0,,,,26,,Jack,Fletcher,J.Fletcher,,,107,0,0,0,0,0,0,0,0,0,0,0,11,,,,0.0,0.0,0.0,0.0,9.25,5,2,4
465,u,0.0,0.0,6.3,70,22.0,0,0.0,-2,2.0,0.3,336,55.0,0,0,0.0,810.0,89.0,0,0,0.0,804.0,87.0,0.0,0.0,0.0,5437,0,56538,38,0.0,0.0,0.0,0.0,0.0,0.0,0.0,0.0,0.0,0.0,0.0,810.0,89.0,0.0,810.0,89.0,0.0,810.0,89.0,0.0,810.0,89.0,,,,26,,Rasmus,Højlund,Højlund,has joined Napoli on loan for the rest of the season.,,0,0,0,0,0,0,0,0,0,0,0,0,0,,,,0.0,0.0,0.0,0.0,0.0,0,0,0
466,a,100.0,100.0,5.8,108,31.0,0,0.0,-2,2.0,0.4,274,44.0,35,1,2.2,308.0,33.0,6,117,0.5,336.0,46.0,0.1,6.0,0.0,106648,655,126731,843,1.0,1.0,1.86,0.29,2.15,6.99,0.34,0.05,0.39,1.28,141.2,298.0,29.0,131.2,200.0,19.0,172.0,144.0,35.0,44.1,253.0,29.0,,,,26,,Joshua,Zirkzee,Zirkzee,,,492,2,1,1,7,0,0,0,1,0,0,4,36,,,,0.0,0.18,1.28,0.73,6.59,8,11,17
467,a,,,4.2,646,90.0,0,0.0,-3,3.0,1.6,149,24.0,0,0,0.0,637.0,64.0,0,0,0.0,533.0,53.0,0.0,0.0,0.0,269174,1859,351993,2957,0.5,0.5,0.0,0.0,0.0,0.0,0.0,0.0,0.0,0.0,0.0,628.0,64.0,0.0,623.0,63.0,0.0,596.0,63.0,0.0,631.0,64.0,,,,26,,Chido,Obi,Obi,,,0,0,0,0,0,0,0,0,0,0,0,0,0,,,,0.0,0.0,0.0,0.0,0.0,0,0,0
468,u,0.0,0.0,4.5,479,68.0,0,0.0,0,0.0,0.1,508,72.0,0,0,0.0,727.0,77.0,0,0,0.0,653.0,67.0,0.0,0.0,0.0,4530,0,14673,88,0.0,0.0,0.0,0.0,0.0,0.0,0.0,0.0,0.0,0.0,0.0,724.0,77.0,0.0,720.0,76.0,0.0,705.0,76.0,0.0,726.0,77.0,,,,26,,Ethan,Wheatley,Wheatley,has joined Bradford City on loan for the rest of the season.,,0,0,0,0,0,0,0,0,0,0,0,0,0,,,,0.0,0.0,0.0,0.0,0.0,0,0,0
681,a,100.0,100.0,7.2,32,13.0,0,0.0,-3,3.0,3.5,96,17.0,71,8,3.4,137.0,12.0,12,229,4.0,70.0,8.0,0.6,9.9,0.0,717778,17371,1358459,4320,4.5,4.5,5.86,0.2,6.06,17.39,0.48,0.02,0.5,1.42,294.6,180.0,15.0,126.5,207.0,20.0,565.0,18.0,11.0,97.9,69.0,13.0,,,,26,,Benjamin,Sesko,Šeško,,,1099,6,2,1,23,0,0,0,1,0,0,11,46,,,,0.0,0.08,1.88,0.9,3.77,5,17,24
733,a,,,5.0,261,9.0,0,0.0,0,0.0,2.1,127,18.0,59,2,3.0,192.0,18.0,4,228,3.0,116.0,9.0,0.6,11.8,0.0,460092,6979,273103,5690,3.5,3.5,0.0,0.0,0.0,22.79,0.0,0.0,0.0,1.14,371.2,113.0,17.0,0.0,779.0,91.0,2.0,449.0,1.0,37.4,282.0,17.0,,,,26,,Senne,Lammens,Lammens,,,1800,0,0,4,26,0,0,0,0,0,44,20,43,,,,2.2,0.2,1.3,1.0,0.0,1,17,136
755,a,100.0,100.0,4.5,482,294.0,0,0.0,0,0.0,0.0,714,298.0,2,0,1.0,478.0,217.0,0,8,0.0,656.0,252.0,0.0,0.4,0.0,3191,71,2128,106,0.5,0.5,0.07,0.0,0.07,0.11,0.52,0.0,0.52,0.82,4.0,474.0,217.0,1.5,457.0,220.0,11.0,392.0,197.0,1.5,471.0,215.0,,,,26,,Shea,Lacey,Lacey,,,12,0,0,0,0,0,0,0,0,0,0,0,1,,,,0.0,0.0,0.0,0.0,7.5,1,0,0
788,a,,,4.0,715,193.0,0,0.0,0,0.0,0.0,750,257.0,0,0,0.0,615.0,231.0,0,0,0.0,500.0,205.0,0.0,0.0,0.0,344,31,243,37,0.5,0.5,0.0,0.0,0.0,0.0,0.0,0.0,0.0,0.0,0.0,605.0,231.0,0.0,598.0,231.0,0.0,566.0,226.0,0.0,608.0,231.0,,,,26,,Godwill,Kukonki,Kukonki,,,0,0,0,0,0,0,0,0,0,0,0,0,0,,,,0.0,0.0,0.0,0.0,0.0,0,0,0
135,d,50.0,100.0,7.3,24,9.0,0,0.0,-2,2.0,0.7,222,35.0,18,0,1.6,397.0,48.0,0,56,1.2,265.0,34.0,0.2,2.5,0.0,234658,672,437103,6566,0.3,1.2,1.88,0.53,2.41,6.1,0.42,0.12,0.54,1.35,52.0,399.0,44.0,34.1,358.0,45.0,133.0,187.0,41.0,21.4,355.0,43.0,,,,26,,Yoane,Wissa,Wissa,Knock - 50% chance of playing,,406,1,0,1,7,0,0,0,1,0,0,4,18,,,,0.0,0.22,1.55,0.89,3.99,2,3,13
471,a,,,3.9,741,71.0,0,0.0,-1,1.0,0.1,435,65.0,0,0,0.0,538.0,39.0,0,0,0.0,415.0,30.0,0.0,0.0,0.0,6446,48,10190,66,-0.5,0.0,0.0,0.0,0.0,0.0,0.0,0.0,0.0,0.0,0.0,528.0,39.0,0.0,518.0,24.0,0.0,483.0,10.0,0.0,531.0,39.0,,,,26,,Mark,Gillespie,Gillespie,,,0,0,0,0,0,0,0,0,0,0,0,0,0,,,,0.0,0.0,0.0,0.0,0.0,0,0,0
472,u,0.0,0.0,4.0,664,44.0,0,0.0,0,0.0,0.0,712,82.0,0,0,0.0,574.0,64.0,0,0,0.0,455.0,55.0,0.0,0.0,0.0,0,0,2451,4,0.0,0.0,0.0,0.0,0.0,0.0,0.0,0.0,0.0,0.0,0.0,564.0,64.0,0.0,556.0,51.0,0.0,522.0,37.0,0.0,567.0,64.0,,,,26,,Odysseas,Vlachodimos,Odysseas,Has joined Sevilla on loan for the rest of the season.,,0,0,0,0,0,0,0,0,0,0,0,0,0,,,,0.0,0.0,0.0,0.0,0.0,0,0,0
473,a,100.0,100.0,5.3,202,25.0,0,0.0,-2,2.0,2.5,116,47.0,56,1,2.9,208.0,81.0,4,237,1.2,262.0,95.0,0.2,10.6,0.0,579660,4837,506612,16106,0.7,1.2,0.6,1.8,2.4,19.81,0.04,0.12,0.16,1.37,344.4,130.0,58.0,252.9,108.0,30.0,104.0,227.0,59.0,70.1,144.0,45.0,4.0,,,26,,Lewis,Hall,Hall,,,1299,0,2,3,24,0,0,0,2,0,0,14,124,,,,0.0,0.21,1.66,0.97,8.04,35,81,78
474,i,0.0,0.0,5.2,207,27.0,0,0.0,-3,3.0,1.2,174,66.0,51,0,3.2,162.0,64.0,0,186,0.0,761.0,260.0,0.0,9.8,0.0,296728,41,487095,2669,0.0,0.0,0.97,0.6,1.57,13.85,0.08,0.05,0.13,1.14,291.2,181.0,74.0,63.6,302.0,100.0,108.0,222.0,58.0,46.4,241.0,81.0,,3.0,4.0,26,,Fabian,Schär,Schär,Ankle injury - Expected back 18 Apr,,1089,0,0,4,13,0,0,0,1,0,0,11,133,,,,0.0,0.33,1.07,0.91,9.5,14,101,42
475,d,75.0,100.0,4.9,313,49.0,0,0.0,-1,1.0,0.4,280,103.0,53,2,3.5,121.0,45.0,4,206,3.0,113.0,41.0,0.6,10.8,0.0,75787,876,99056,1244,1.9,3.0,1.28,0.28,1.56,14.57,0.11,0.02,0.13,1.24,325.8,142.0,64.0,49.7,333.0,114.0,132.0,191.0,45.0,50.8,223.0,73.0,,,,26,,Sven,Botman,Botman,Back injury - 75% chance of playing,,1060,1,1,4,17,1,0,0,1,0,0,12,134,,,,0.0,0.34,1.44,1.02,8.92,9,96,61
476,a,100.0,100.0,5.0,242,36.0,0,0.0,0,0.0,3.2,103,40.0,70,1,3.9,82.0,30.0,5,203,0.8,297.0,105.0,0.2,14.0,0.0,1487828,3739,1649928,3265,0.3,0.8,0.19,0.31,0.5,16.65,0.01,0.02,0.03,1.04,319.8,154.0,67.0,85.6,267.0,86.0,74.0,269.0,77.0,48.0,235.0,78.0,,,,26,,Dan,Burn,Burn,,,1438,0,3,6,22,0,0,0,5,1,0,17,182,,,,0.0,0.38,1.38,1.06,9.14,26,120,51
477,i,0.0,0.0,4.9,327,52.0,0,0.0,-1,1.0,1.9,136,53.0,49,0,3.8,87.0,32.0,3,218,0.0,724.0,254.0,0.0,10.0,0.0,1089523,18,1372804,2111,0.0,0.0,0.12,0.57,0.69,11.0,0.01,0.05,0.06,0.94,190.8,260.0,106.0,178.1,165.0,38.0,36.0,339.0,110.0,40.5,272.0,92.0,,,,26,,Tino,Livramento,Livramento,Hamstring injury - Expected back 14 Mar,,1048,0,1,5,10,0,0,0,1,0,0,11,86,,,,0.0,0.43,0.86,0.94,4.98,19,39,68
478,a,100.0,100.0,4.9,286,43.0,0,0.0,-1,1.0,1.3,163,64.0,41,2,2.9,204.0,79.0,2,171,1.2,252.0,93.0,0.2,8.4,0.0,240872,1562,369688,1085,0.7,1.2,0.05,1.66,1.71,14.47,0.0,0.13,0.13,1.14,196.2,254.0,103.0,364.0,51.0,6.0,9.0,402.0,148.0,56.8,203.0,66.0,2.0,2.0,,26,,Kieran,Trippier,Trippier,,,1138,0,0,5,19,0,0,0,1,0,0,13,85,,,,0.0,0.4,1.5,1.03,4.43,17,39,53
479,i,0.0,0.0,4.3,575,124.0,0,0.0,-2,2.0,0.0,622,222.0,0,0,0.0,640.0,248.0,0,-8,0.0,538.0,230.0,0.0,0.0,0.0,1511,9,5087,26,0.0,0.0,0.0,0.0,0.0,0.25,0.0,0.0,0.0,0.5,1.4,486.0,174.0,1.2,459.0,167.0,0.0,600.0,247.0,0.3,492.0,174.0,,,,26,,Emil,Krafth,Krafth,Knee injury - Unknown return date,,45,0,0,0,2,0,0,0,0,0,0,1,1,,,,0.0,0.0,4.0,2.0,2.0,0,1,0
781,a,,,4.0,729,206.0,0,0.0,0,0.0,0.0,739,255.0,0,0,0.0,626.0,241.0,0,0,0.0,512.0,216.0,0.0,0.0,0.0,530,65,279,49,0.0,0.0,0.0,0.0,0.0,0.0,0.0,0.0,0.0,0.0,0.0,616.0,241.0,0.0,609.0,241.0,0.0,578.0,237.0,0.0,619.0,241.0,,,,26,,TJ,Carroll,Carroll,,,0,0,0,0,0,0,0,0,0,0,0,0,0,,,,0.0,0.0,0.0,0.0,0.0,0,0,0
480,u,0.0,0.0,4.3,573,122.0,0,0.0,-2,2.0,0.0,586,209.0,1,0,0.5,510.0,177.0,0,0,0.0,537.0,229.0,0.0,0.2,0.0,2754,0,8931,49,0.0,0.0,0.04,0.0,0.04,0.55,0.19,0.0,0.19,2.61,10.2,453.0,167.0,0.0,626.0,248.0,7.0,414.0,156.0,1.7,466.0,167.0,,,,26,,Jamaal,Lascelles,Lascelles,has joined Leicester City permanently.,,19,0,0,0,2,0,0,0,0,0,0,0,5,,,,0.0,0.0,9.47,0.0,23.68,0,5,0
482,u,0.0,0.0,3.9,756,219.0,0,0.0,-1,1.0,0.1,456,166.0,0,0,0.0,548.0,200.0,0,0,0.0,426.0,168.0,0.0,0.0,0.0,8541,0,16665,114,0.0,0.0,0.0,0.0,0.0,0.0,0.0,0.0,0.0,0.0,0.0,538.0,200.0,0.0,528.0,200.0,0.0,493.0,192.0,0.0,541.0,200.0,,,,26,,Harrison,Ashby,Ashby,has joined Bradford City on loan for the rest of the season.,,0,0,0,0,0,0,0,0,0,0,0,0,0,,,,0.0,0.0,0.0,0.0,0.0,0,0,0
484,u,0.0,0.0,4.0,668,165.0,0,0.0,0,0.0,0.1,422,155.0,0,0,0.0,577.0,211.0,0,0,0.0,458.0,182.0,0.0,0.0,0.0,3759,0,45076,63,0.0,0.0,0.0,0.0,0.0,0.0,0.0,0.0,0.0,0.0,0.0,567.0,211.0,0.0,559.0,211.0,0.0,526.0,205.0,0.0,570.0,211.0,,,,26,,Matt,Targett,Targett,has joined Middlesbrough on loan for the rest of the season.,,0,0,0,0,0,0,0,0,0,0,0,0,0,,,,0.0,0.0,0.0,0.0,0.0,0,0,0
485,a,100.0,75.0,7.2,31,19.0,0,0.0,-3,3.0,2.2,125,41.0,66,5,3.3,152.0,69.0,4,234,3.2,108.0,50.0,0.4,9.2,0.0,1438451,8262,1429595,8180,2.7,2.4,5.54,3.13,8.67,16.14,0.38,0.22,0.6,1.11,255.6,204.0,86.0,334.0,65.0,52.0,348.0,51.0,32.0,93.4,79.0,46.0,,,2.0,26,,Anthony,Gordon,Gordon,,,1304,3,4,6,23,0,0,0,3,1,0,18,65,,,,0.0,0.41,1.59,1.24,4.49,14,11,40
187,a,100.0,100.0,4.4,518,99.0,0,0.0,-1,1.0,1.1,182,69.0,51,1,2.0,326.0,122.0,3,155,1.5,231.0,87.0,0.3,11.6,0.0,144516,912,254786,1368,0.5,1.0,0.12,0.96,1.08,49.15,0.0,0.04,0.04,1.98,369.2,114.0,51.0,158.7,183.0,44.0,22.0,366.0,125.0,55.2,210.0,69.0,,,,26,,Kyle,Walker,Walker,,,2236,0,2,3,48,0,0,0,8,0,0,25,203,,,,0.0,0.12,1.93,1.01,6.04,36,114,114
188,u,0.0,0.0,3.8,790,239.0,0,0.0,-2,2.0,0.2,359,129.0,0,0,0.0,519.0,185.0,0,0,0.0,393.0,149.0,0.0,0.0,0.0,26052,0,40233,296,0.0,0.0,0.0,0.0,0.0,0.0,0.0,0.0,0.0,0.0,0.0,509.0,185.0,0.0,496.0,183.0,0.0,460.0,174.0,0.0,512.0,185.0,,,,26,,Hannes,Delcroix,Delcroix,has joined Lugano permanently.,,0,0,0,0,0,0,0,0,0,0,0,0,0,,,,0.0,0.0,0.0,0.0,0.0,0,0,0
189,u,0.0,0.0,4.0,681,172.0,0,0.0,0,0.0,0.0,722,249.0,0,0,0.0,588.0,217.0,0,0,0.0,470.0,188.0,0.0,0.0,0.0,0,0,2365,6,0.0,0.0,0.0,0.0,0.0,0.0,0.0,0.0,0.0,0.0,0.0,578.0,217.0,0.0,571.0,217.0,0.0,538.0,211.0,0.0,581.0,217.0,,,,26,,Owen,Dodgson,Dodgson,Has joined Stockport County on loan for the rest of the season.,,0,0,0,0,0,0,0,0,0,0,0,0,0,,,,0.0,0.0,0.0,0.0,0.0,0,0,0
192,a,,,4.0,693,178.0,0,0.0,0,0.0,0.7,226,83.0,46,0,3.1,167.0,65.0,0,170,0.0,480.0,192.0,0.0,11.5,0.0,182815,238,171675,1373,-1.0,-0.5,0.19,1.51,1.7,30.28,0.01,0.1,0.11,2.04,305.4,169.0,72.0,228.9,124.0,32.0,57.0,299.0,92.0,59.2,191.0,63.0,1.0,,,26,,Quilindschy,Hartman,Hartman,,,1337,0,5,2,28,0,0,0,1,0,0,15,124,,,,0.0,0.13,1.88,1.01,7.0,31,73,49
194,i,0.0,0.0,3.9,754,217.0,0,0.0,-1,1.0,0.1,563,202.0,0,0,0.0,547.0,199.0,0,0,0.0,425.0,167.0,0.0,0.0,0.0,1736,24,15248,21,0.0,0.0,0.0,0.0,0.0,0.0,0.0,0.0,0.0,0.0,0.0,537.0,199.0,0.0,527.0,199.0,0.0,492.0,191.0,0.0,540.0,199.0,,,,26,,Jordan,Beyer,Jordan,Hamstring injury - Unknown return date,,0,0,0,0,0,0,0,0,0,0,0,0,0,,,,0.0,0.0,0.0,0.0,0.0,0,0,0
195,a,100.0,100.0,3.8,807,256.0,0,0.0,-2,2.0,0.3,315,116.0,16,0,1.5,398.0,143.0,0,71,0.8,287.0,99.0,0.2,4.2,0.0,45643,719,33347,602,-0.2,0.3,0.31,0.95,1.26,17.76,0.03,0.1,0.13,1.86,144.6,294.0,113.0,171.0,172.0,43.0,55.0,302.0,93.0,37.0,283.0,95.0,,,,26,,Lucas,Pires Silva,Lucas Pires,,,861,0,0,1,19,0,0,0,0,1,0,10,61,,,,0.0,0.1,1.99,1.05,6.38,22,39,51
486,a,100.0,100.0,6.5,52,33.0,0,0.0,-5,5.0,2.6,115,35.0,34,2,1.5,417.0,188.0,0,126,1.5,240.0,104.0,0.2,5.2,0.0,552983,1144,1178180,1538,1.0,1.5,1.24,1.34,2.58,13.45,0.12,0.13,0.25,1.32,108.4,330.0,150.0,223.7,126.0,87.0,131.0,196.0,107.0,46.3,242.0,122.0,,,,26,,Anthony,Elanga,Elanga,,,916,0,1,2,20,0,0,0,0,0,0,9,37,,,,0.0,0.2,1.97,0.88,3.64,10,6,21
487,a,,,6.1,81,53.0,0,0.0,-4,4.0,1.3,162,52.0,76,2,3.0,194.0,83.0,8,246,2.0,202.0,85.0,0.3,12.5,0.0,710084,2974,620919,10233,1.5,2.0,5.51,1.99,7.5,18.43,0.36,0.13,0.49,1.21,285.8,182.0,72.0,270.6,99.0,72.0,495.0,23.0,11.0,104.7,52.0,36.0,,,,26,,Harvey,Barnes,Barnes,,,1374,5,0,4,21,0,0,0,0,0,0,14,75,,,,0.0,0.26,1.38,0.92,4.91,10,15,50
488,i,0.0,100.0,7.0,35,21.0,0,0.0,5,-5.0,10.6,34,11.0,134,3,5.8,7.0,5.0,19,584,3.5,89.0,42.0,0.5,19.1,0.0,4037083,12949,2992092,265483,0.0,3.5,4.82,3.62,8.44,26.13,0.21,0.16,0.37,1.16,682.6,9.0,4.0,634.3,10.0,10.0,365.0,46.0,28.0,168.3,10.0,8.0,,,,26,,Bruno,Guimarães Rodriguez Moura,Bruno G.,Hamstring injury - Expected back 11 Apr,,2019,9,6,6,31,0,0,0,5,0,0,22,200,,,,0.0,0.27,1.38,0.98,8.92,50,43,107
489,a,100.0,100.0,5.9,91,57.0,0,0.0,-6,6.0,0.6,237,82.0,53,1,2.5,276.0,117.0,2,216,0.5,337.0,149.0,0.1,9.0,0.0,157944,516,343384,911,0.0,0.5,2.78,2.34,5.12,13.75,0.23,0.19,0.42,1.14,216.0,238.0,103.0,311.2,76.0,57.0,274.0,80.0,49.0,79.2,116.0,65.0,,,,26,,Jacob,Murphy,J.Murphy,,,1082,2,1,6,12,0,0,0,1,0,0,13,50,,,,0.0,0.5,1.0,1.08,4.16,9,13,28
490,a,100.0,0.0,5.9,94,59.0,0,0.0,-1,1.0,0.3,330,113.0,56,0,2.9,213.0,89.0,2,239,0.0,792.0,350.0,0.0,9.5,0.0,70845,102,102143,1051,-0.5,0.0,1.75,0.97,2.72,17.25,0.12,0.06,0.18,1.14,254.6,206.0,88.0,209.3,135.0,94.0,269.0,83.0,52.0,73.4,130.0,70.0,,,,26,,Joelinton Cássio,Apolinário de Lira,Joelinton,,,1364,2,0,5,18,0,0,0,6,0,0,17,171,,,,0.0,0.33,1.19,1.12,11.28,30,55,86
491,a,100.0,100.0,5.3,197,122.0,0,0.0,-2,2.0,1.0,186,64.0,61,1,2.3,296.0,130.0,1,332,2.2,177.0,77.0,0.4,11.5,0.0,189018,2721,301740,2388,1.7,2.2,1.5,1.6,3.1,22.3,0.08,0.08,0.16,1.14,275.4,192.0,76.0,321.7,72.0,54.0,153.0,160.0,89.0,75.3,124.0,68.0,1.0,1.0,,26,,Sandro,Tonali,Tonali,,,1767,0,1,7,25,0,0,0,3,0,0,22,190,,,,0.0,0.36,1.27,1.12,9.68,26,54,110
492,u,0.0,0.0,4.9,349,218.0,0,0.0,-1,1.0,0.0,674,274.0,0,0,0.0,777.0,338.0,0,0,0.0,736.0,310.0,0.0,0.0,0.0,655,0,3562,3,0.0,0.0,0.0,0.0,0.0,0.0,0.0,0.0,0.0,0.0,0.0,776.0,337.0,0.0,773.0,338.0,0.0,768.0,336.0,0.0,777.0,338.0,,,,26,,Antoñito,Cordero Campillo,Antoñito C.,has joined Cadiz on loan for the rest of the season.,,0,0,0,0,0,0,0,0,0,0,0,0,0,,,,0.0,0.0,0.0,0.0,0.0,0,0,0
494,a,100.0,100.0,5.0,248,150.0,0,0.0,0,0.0,0.1,501,179.0,20,2,1.3,428.0,193.0,0,79,1.5,234.0,100.0,0.3,4.0,0.0,11995,497,11370,233,1.0,1.5,0.71,0.34,1.05,8.82,0.14,0.07,0.21,1.79,54.0,397.0,176.0,79.7,277.0,161.0,66.0,278.0,150.0,19.8,361.0,172.0,,,,26,,Joe,Willock,Willock,,,443,0,0,2,9,0,0,0,1,0,0,5,48,,,,0.0,0.41,1.83,1.02,9.75,15,6,27
498,u,0.0,0.0,4.5,438,262.0,0,0.0,0,0.0,0.0,764,328.0,0,0,0.0,702.0,279.0,0,0,0.0,623.0,224.0,0.0,0.0,0.0,117,0,1239,8,0.0,0.0,0.0,0.0,0.0,0.0,0.0,0.0,0.0,0.0,0.0,696.0,273.0,0.0,694.0,277.0,0.0,676.0,270.0,0.0,699.0,276.0,,,,26,,Joe,White,White,has joined Bradford City on loan for the rest of the season.,,0,0,0,0,0,0,0,0,0,0,0,0,0,,,,0.0,0.0,0.0,0.0,0.0,0,0,0
500,a,100.0,100.0,5.4,183,45.0,0,0.0,-1,1.0,0.2,381,61.0,21,1,1.6,392.0,45.0,0,67,0.8,302.0,42.0,0.1,3.9,0.0,70000,216,86043,181,0.3,0.8,0.64,0.04,0.68,4.11,0.23,0.01,0.24,1.5,42.4,408.0,45.0,15.8,396.0,52.0,70.0,273.0,47.0,12.6,394.0,47.0,,,,26,,William,Osula,Osula,,,246,1,1,1,6,0,0,0,0,0,0,1,10,,,,0.0,0.37,2.2,0.37,3.66,1,1,8
501,a,,,4.3,617,86.0,0,0.0,-2,2.0,0.3,341,57.0,0,0,0.0,656.0,67.0,0,0,0.0,563.0,57.0,0.0,0.0,0.0,24228,670,34160,453,-0.5,0.0,0.0,0.0,0.0,0.0,0.0,0.0,0.0,0.0,0.0,646.0,67.0,0.0,643.0,66.0,0.0,619.0,66.0,0.0,649.0,67.0,,,,26,,Sean,Neave,Neave,,,0,0,0,0,0,0,0,0,0,0,0,0,0,,,,0.0,0.0,0.0,0.0,0.0,0,0,0
674,a,,,4.8,363,14.0,0,0.0,-2,2.0,0.7,227,29.0,11,0,1.6,383.0,30.0,0,45,0.0,701.0,92.0,0.0,2.3,0.0,108253,289,149466,968,-0.5,0.0,0.0,0.0,0.0,7.96,0.0,0.0,0.0,1.3,97.4,345.0,27.0,10.0,422.0,10.0,0.0,746.0,83.0,10.8,402.0,26.0,,,,26,,Aaron,Ramsdale,Ramsdale,,,553,0,0,0,10,0,0,0,0,0,10,6,0,,,,1.63,0.0,1.63,0.98,0.0,0,5,49
684,a,,,5.0,262,40.0,-1,1.0,0,0.0,4.4,80,27.0,97,11,4.2,54.0,21.0,11,317,3.2,99.0,37.0,0.6,19.4,0.0,1190837,22928,675276,14084,2.7,3.2,2.65,0.73,3.38,29.17,0.12,0.03,0.15,1.36,615.8,19.0,8.0,88.5,261.0,81.0,283.0,74.0,3.0,98.4,67.0,13.0,,,,26,,Malick,Thiaw,Thiaw,,,1937,4,0,4,34,0,0,0,3,0,0,22,226,,,,0.0,0.19,1.58,1.02,9.2,25,173,89
689,a,,,4.3,621,365.0,0,0.0,-2,2.0,0.5,263,90.0,0,0,0.0,659.0,254.0,0,0,0.0,566.0,192.0,0.0,0.0,0.0,76573,5235,44699,2361,-0.5,0.0,0.0,0.0,0.0,0.0,0.0,0.0,0.0,0.0,0.0,649.0,244.0,0.0,646.0,250.0,0.0,622.0,239.0,0.0,652.0,247.0,,,,26,,Seung-Soo,Park,Seung soo,,,0,0,0,0,0,0,0,0,0,0,0,0,0,,,,0.0,0.0,0.0,0.0,0.0,0,0,0
714,a,,,6.9,42,17.0,0,0.0,-1,1.0,8.2,46,9.0,84,1,3.7,101.0,8.0,10,297,1.0,285.0,41.0,0.1,12.2,0.0,5407745,3975,4548289,58906,0.5,1.0,6.25,0.77,7.02,18.26,0.4,0.05,0.45,1.16,350.8,125.0,11.0,169.0,176.0,14.0,381.0,40.0,16.0,89.0,89.0,15.0,,,3.0,26,,Nick,Woltemade,Woltemade,,,1416,7,3,6,21,1,0,0,0,0,0,17,72,,,,0.0,0.38,1.33,1.08,4.58,16,23,33
765,a,,,4.0,711,189.0,0,0.0,0,0.0,0.0,662,232.0,0,0,0.0,612.0,228.0,0,0,0.0,496.0,201.0,0.0,0.0,0.0,3327,159,1761,127,-0.5,0.0,0.0,0.0,0.0,0.0,0.0,0.0,0.0,0.0,0.0,602.0,228.0,0.0,595.0,228.0,0.0,563.0,223.0,0.0,605.0,228.0,,,,26,,Leo,Shahar,Shahar,,,0,0,0,0,0,0,0,0,0,0,0,0,0,,,,0.0,0.0,0.0,0.0,0.0,0,0,0
772,a,,,4.5,512,316.0,0,0.0,0,0.0,0.0,782,342.0,0,0,0.0,750.0,318.0,0,0,0.0,683.0,272.0,0.0,0.0,0.0,365,36,183,20,-0.5,0.0,0.0,0.0,0.0,0.0,0.0,0.0,0.0,0.0,0.0,749.0,317.0,0.0,744.0,318.0,0.0,730.0,314.0,0.0,750.0,318.0,,,,26,,Sam,Alabi,Alabi,,,0,0,0,0,0,0,0,0,0,0,0,0,0,,,,0.0,0.0,0.0,0.0,0.0,0,0,0
12,u,0.0,0.0,4.9,304,47.0,0,0.0,-1,1.0,0.2,360,130.0,7,0,1.4,422.0,152.0,0,56,0.0,713.0,252.0,0.0,1.4,0.0,26902,0,52650,406,0.0,0.0,0.07,0.36,0.43,5.02,0.02,0.09,0.11,1.28,80.8,363.0,137.0,83.4,273.0,88.0,22.0,369.0,128.0,18.6,365.0,126.0,,,,26,,Oleksandr,Zinchenko,Zinchenko,has joined Ajax permanently.,,352,0,0,0,6,0,0,0,0,0,0,4,36,,,,0.0,0.0,1.53,1.02,6.14,10,14,17
426,a,,,5.0,257,157.0,0,0.0,-5,5.0,0.1,493,174.0,6,0,0.9,503.0,237.0,0,24,0.0,741.0,313.0,0.0,1.2,0.0,12932,86,26234,135,-0.5,0.5,0.02,0.17,0.19,3.56,0.01,0.09,0.1,1.9,16.2,448.0,200.0,44.9,345.0,186.0,8.0,409.0,200.0,7.0,429.0,195.0,,,,26,,James,McAtee,McAtee,,,169,0,0,0,7,0,0,0,1,0,0,1,11,,,,0.0,0.0,3.73,0.53,5.86,4,1,6
502,i,0.0,0.0,4.6,396,18.0,0,0.0,-4,4.0,5.1,69,12.0,61,0,3.0,188.0,17.0,3,241,1.8,213.0,19.0,0.4,13.3,0.0,406514,42,1994643,19383,0.0,0.0,0.0,0.06,0.06,28.29,0.0,0.0,0.0,1.52,421.0,79.0,15.0,10.0,420.0,8.0,0.0,735.0,78.0,43.1,258.0,15.0,,,,26,,Matz,Sels,Sels,Groin Injury - Unknown return date,,1677,0,0,4,27,0,0,0,1,0,55,19,75,,,,2.95,0.21,1.45,1.02,0.0,1,21,126
503,u,0.0,0.0,4.0,688,56.0,0,0.0,0,0.0,0.1,549,76.0,0,0,0.0,593.0,75.0,0,0,0.0,475.0,67.0,0.0,0.0,0.0,448,0,15562,29,0.0,0.0,0.0,0.0,0.0,0.0,0.0,0.0,0.0,0.0,0.0,583.0,75.0,0.0,576.0,63.0,0.0,543.0,49.0,0.0,586.0,75.0,,,,26,,Carlos Miguel,dos Santos Pereira,C.Miguel,Has joined Palmeiras permanently.,,0,0,0,0,0,0,0,0,0,0,0,0,0,,,,0.0,0.0,0.0,0.0,0.0,0,0,0
505,a,,,5.1,229,31.0,0,0.0,-4,4.0,3.3,102,39.0,76,6,2.9,206.0,80.0,1,258,4.5,38.0,9.0,0.9,14.9,0.0,341133,3900,1038745,5456,4.0,5.0,0.73,0.41,1.14,37.55,0.03,0.02,0.05,1.44,471.6,63.0,29.0,37.7,355.0,123.0,93.0,242.0,67.0,60.5,185.0,59.0,,,,26,,Nikola,Milenković,Milenković,,,2340,0,0,6,38,1,0,0,5,0,0,26,244,,,,0.0,0.23,1.46,1.0,8.27,18,197,77
506,d,50.0,50.0,5.2,220,29.0,0,0.0,-3,3.0,1.9,135,52.0,64,0,3.6,111.0,40.0,3,242,2.5,163.0,58.0,0.5,12.3,0.0,250774,117,784817,12053,1.0,1.5,0.48,0.43,0.91,24.6,0.03,0.02,0.05,1.43,418.8,81.0,35.0,88.2,263.0,83.0,67.0,276.0,80.0,57.5,198.0,65.0,,3.0,,26,,Murillo,Costa dos Santos,Murillo,Calf injury - 50% chance of playing,,1549,1,0,4,23,1,0,0,3,0,0,18,199,,,,0.0,0.23,1.34,1.05,9.7,27,140,76
507,a,100.0,100.0,4.7,380,64.0,0,0.0,-3,3.0,2.3,123,48.0,35,7,3.5,120.0,44.0,3,132,5.2,23.0,4.0,1.1,7.4,0.0,307778,5287,1604371,3729,4.7,5.7,0.28,0.62,0.9,15.9,0.03,0.06,0.09,1.63,159.8,284.0,111.0,107.7,230.0,61.0,54.0,304.0,95.0,32.3,309.0,103.0,,,,26,,Ola,Aina,Aina,,,878,0,1,3,12,0,0,0,2,0,0,10,90,,,,0.0,0.31,1.23,1.03,7.18,12,58,54
508,a,100.0,100.0,4.7,384,65.0,0,0.0,-3,3.0,2.9,110,45.0,79,8,3.2,159.0,62.0,9,370,3.5,84.0,31.0,0.7,16.8,0.0,384899,1582,1149525,3403,3.0,4.0,1.53,2.87,4.4,33.97,0.06,0.12,0.18,1.39,541.6,41.0,17.0,393.1,44.0,4.0,257.0,89.0,8.0,119.1,40.0,2.0,4.0,,,26,,Neco,Williams,N.Williams,,,2204,1,1,6,35,0,0,0,4,1,0,25,207,,,,0.0,0.25,1.43,1.02,6.82,72,95,111
509,u,0.0,0.0,4.5,434,86.0,0,0.0,0,0.0,0.0,675,235.0,0,0,0.0,699.0,256.0,0,0,0.0,620.0,244.0,0.0,0.0,0.0,427,0,4401,7,0.0,0.0,0.0,0.0,0.0,0.0,0.0,0.0,0.0,0.0,0.0,693.0,256.0,0.0,690.0,256.0,0.0,672.0,256.0,0.0,696.0,256.0,,,,26,,David,Mota Veiga Teixeira do Carmo,David Carmo,has joined Real Oviedo on loan for the rest of the season.,,0,0,0,0,0,0,0,0,0,0,0,0,0,,,,0.0,0.0,0.0,0.0,0.0,0,0,0
510,a,,,4.2,645,155.0,0,0.0,-3,3.0,0.1,556,199.0,3,0,3.0,185.0,73.0,0,9,0.0,532.0,227.0,0.0,0.7,0.0,3203,34,8153,73,-0.5,0.5,0.0,0.0,0.0,3.28,0.0,0.0,0.0,3.28,26.0,432.0,161.0,0.4,473.0,174.0,0.0,595.0,245.0,2.6,461.0,166.0,,,,26,,Jair,Paula da Cunha Filho,Jair Cunha,,,90,0,0,0,2,0,0,0,0,0,0,1,12,,,,0.0,0.0,2.0,1.0,11.0,2,9,1
511,a,,,4.3,591,135.0,0,0.0,-2,2.0,0.1,510,180.0,34,8,2.4,282.0,108.0,1,131,3.2,95.0,35.0,0.7,7.9,0.0,8726,140,12748,120,2.7,3.7,0.83,0.08,0.91,14.04,0.08,0.01,0.09,1.35,224.8,225.0,88.0,20.8,386.0,137.0,59.0,295.0,90.0,30.5,319.0,108.0,,,,26,,Felipe,Rodrigues da Silva,Morato,,,937,0,0,2,17,0,0,0,4,0,0,10,120,,,,0.0,0.19,1.63,0.96,9.41,24,74,46
513,a,,,3.8,806,255.0,0,0.0,-2,2.0,0.3,333,120.0,2,0,1.0,449.0,163.0,0,1,0.2,348.0,127.0,0.1,0.5,0.0,27357,300,27656,368,-0.3,0.7,0.0,0.01,0.01,3.13,0.0,0.01,0.01,2.35,25.4,435.0,163.0,6.3,436.0,158.0,0.0,472.0,186.0,3.2,455.0,164.0,,,,26,,Zach,Abbott,Abbott,,,120,0,0,0,4,0,0,0,0,0,0,1,10,,,,0.0,0.0,3.0,0.75,7.5,2,8,8
514,i,0.0,100.0,3.8,783,233.0,0,0.0,-2,2.0,0.4,285,106.0,0,0,0.0,516.0,183.0,0,0,0.0,388.0,145.0,0.0,0.0,0.0,41838,371,62277,947,0.0,0.5,0.0,0.0,0.0,0.0,0.0,0.0,0.0,0.0,0.0,505.0,182.0,0.0,491.0,179.0,0.0,455.0,170.0,0.0,508.0,182.0,,,,26,,Willy,Boly,Boly,Knee injury - Unknown return date,,0,0,0,0,0,0,0,0,0,0,0,0,0,,,,0.0,0.0,0.0,0.0,0.0,0,0,0
515,a,100.0,100.0,7.3,26,16.0,0,0.0,-2,2.0,3.6,91,30.0,103,3,4.0,77.0,36.0,8,409,4.8,32.0,20.0,0.7,14.1,0.0,860991,3887,1055270,24942,4.3,5.3,6.49,2.0,8.49,36.46,0.26,0.08,0.34,1.49,430.4,76.0,25.0,542.4,18.0,18.0,488.0,24.0,12.0,145.8,18.0,14.0,,2.0,2.0,26,,Morgan,Gibbs-White,Gibbs-White,,,2208,6,2,6,35,0,0,0,0,0,0,25,125,,,,0.0,0.24,1.43,1.02,5.1,14,36,75
516,a,100.0,100.0,5.7,115,72.0,0,0.0,-3,3.0,0.7,216,74.0,65,3,2.7,244.0,100.0,6,270,2.2,180.0,78.0,0.4,11.4,0.0,261478,631,328568,2197,1.7,2.7,2.2,1.97,4.17,25.45,0.13,0.12,0.25,1.56,272.4,195.0,78.0,454.8,29.0,28.0,270.0,82.0,51.0,99.4,65.0,42.0,,,,26,,Callum,Hudson-Odoi,Hudson-Odoi,,,1469,3,1,4,23,0,0,0,0,0,0,16,85,,,,0.0,0.25,1.41,0.98,5.21,12,20,53
517,a,,,5.4,169,103.0,0,0.0,-1,1.0,5.9,61,21.0,113,5,4.3,43.0,23.0,7,520,5.2,24.0,16.0,1.0,20.9,0.0,1204292,25659,1183772,15933,4.7,5.7,2.17,2.89,5.06,37.55,0.08,0.11,0.19,1.44,584.8,27.0,7.0,676.4,7.0,7.0,205.0,111.0,65.0,147.0,17.0,13.0,2.0,,4.0,26,,Elliot,Anderson,Anderson,,,2340,1,3,6,38,0,0,0,4,0,0,26,362,,,,0.0,0.23,1.46,1.0,13.92,73,69,220
526,a,100.0,100.0,5.8,109,32.0,0,0.0,-2,2.0,1.4,161,27.0,59,1,2.4,290.0,31.0,6,184,3.2,103.0,12.0,0.6,10.2,0.0,407849,2827,352053,13367,2.7,3.7,4.1,0.85,4.95,25.53,0.26,0.05,0.31,1.61,167.0,273.0,25.0,116.0,220.0,23.0,455.0,28.0,14.0,71.4,139.0,18.0,,,3.0,26,,Igor Jesus,Maciel da Cruz,Igor Jesus,,,1426,2,2,5,27,0,0,0,0,0,0,17,70,,,,0.0,0.32,1.7,1.07,4.42,17,21,32
527,a,100.0,100.0,5.2,210,48.0,0,0.0,-3,3.0,0.3,319,52.0,13,0,1.6,388.0,44.0,1,59,1.5,236.0,28.0,0.3,2.5,0.0,35220,323,91373,535,1.0,2.0,0.85,0.39,1.24,3.39,0.38,0.17,0.55,1.5,52.4,398.0,43.0,41.8,348.0,41.0,101.0,231.0,44.0,19.6,362.0,44.0,,,,26,,Taiwo,Awoniyi,Awoniyi,,,204,1,0,0,2,0,0,0,0,0,0,1,12,,,,0.0,0.0,0.88,0.44,5.29,1,4,7
669,a,100.0,100.0,5.5,148,92.0,0,0.0,-5,5.0,0.7,217,75.0,45,1,2.4,289.0,126.0,4,158,0.8,303.0,133.0,0.1,8.2,0.0,544417,119,572373,450,0.3,1.3,1.0,1.5,2.5,14.35,0.08,0.13,0.21,1.2,158.8,286.0,126.0,201.2,140.0,98.0,171.0,145.0,83.0,53.3,215.0,107.0,,,,26,,Dan,Ndoye,Ndoye,,,1079,1,2,2,16,0,0,0,1,0,0,14,90,,,,0.0,0.17,1.33,1.17,7.51,21,22,47
675,a,100.0,100.0,4.0,662,43.0,0,0.0,0,0.0,1.2,180,23.0,1,0,1.0,450.0,32.0,0,4,0.2,349.0,23.0,0.0,0.2,0.0,29770,195,98691,380,-0.3,0.7,0.0,0.0,0.0,0.21,0.0,0.0,0.0,0.42,1.2,488.0,32.0,0.0,555.0,50.0,0.0,521.0,36.0,0.1,501.0,32.0,,,,26,,Angus,Gunn,Gunn,,,45,0,0,0,0,0,0,0,0,0,0,0,0,,,,0.0,0.0,0.0,0.0,0.0,0,1,4
693,a,,,5.4,179,110.0,0,0.0,-1,1.0,0.1,500,178.0,56,3,2.8,229.0,93.0,3,224,2.0,200.0,84.0,0.4,10.4,0.0,31937,84,25593,397,1.5,2.5,1.67,2.93,4.6,15.54,0.15,0.26,0.41,1.35,236.0,216.0,95.0,390.2,45.0,41.0,231.0,98.0,60.0,85.4,101.0,59.0,,,,26,,Omari,Hutchinson,Hutchinson,,,1033,1,5,3,15,0,0,0,0,0,0,9,82,,,,0.0,0.26,1.31,0.78,7.14,16,11,55
696,u,0.0,0.0,6.0,89,28.0,0,0.0,0,0.0,0.1,445,65.0,9,0,1.0,501.0,61.0,0,24,0.0,800.0,85.0,0.0,1.5,0.0,15291,0,18098,111,0.0,0.0,0.44,0.02,0.46,1.57,0.44,0.02,0.46,1.59,6.8,463.0,56.0,17.7,393.0,51.0,39.0,330.0,52.0,6.3,435.0,55.0,,,,26,,Arnaud,Kalimuendo,Kalimuendo,has joined Eintracht Frankfurt on loan for the rest of the season.,,89,0,0,0,3,0,0,0,0,0,0,0,6,,,,0.0,0.0,3.03,0.0,6.07,1,1,4
715,i,0.0,0.0,4.0,670,46.0,0,0.0,0,0.0,0.3,295,39.0,11,0,2.2,299.0,26.0,0,32,0.0,460.0,57.0,0.0,2.8,0.0,65811,66,43909,625,0.0,0.0,0.0,0.0,0.0,6.13,0.0,0.0,0.0,1.26,56.4,395.0,29.0,0.0,561.0,53.0,0.0,528.0,39.0,5.7,437.0,29.0,,,,26,,John Victor,Maciel Furtado,John,Knee injury - Expected back 01 Jun,,437,0,0,1,8,0,0,0,1,0,6,5,0,,,,1.24,0.21,1.65,1.03,0.0,0,4,26
716,i,0.0,0.0,4.5,453,92.0,0,0.0,0,0.0,0.1,540,193.0,39,0,2.8,221.0,87.0,0,131,0.0,631.0,245.0,0.0,8.7,0.0,46643,7,42432,404,0.0,0.0,1.34,0.45,1.79,15.04,0.12,0.04,0.16,1.32,216.6,236.0,93.0,123.2,210.0,51.0,94.0,240.0,65.0,43.5,255.0,86.0,,,,26,,Nicolò,Savona,Savona,Knee injury - Unknown return date,,1025,2,0,3,18,0,0,0,2,0,0,11,69,,,,0.0,0.26,1.58,0.97,5.0,20,37,27
729,u,0.0,0.0,4.5,474,94.0,0,0.0,0,0.0,0.0,811,265.0,0,0,0.0,722.0,257.0,0,0,0.0,648.0,246.0,0.0,0.0,0.0,94,0,104,17,0.0,0.0,0.0,0.0,0.0,0.0,0.0,0.0,0.0,0.0,0.0,719.0,257.0,0.0,715.0,257.0,0.0,700.0,257.0,0.0,721.0,257.0,,,,26,,Luis Eduardo,Soares da Silva,Cuiabano,has joined Vasco de Gama on loan for the rest of the season.,,0,0,0,0,0,0,0,0,0,0,0,0,0,,,,0.0,0.0,0.0,0.0,0.0,0,0,0
734,a,100.0,100.0,5.9,101,65.0,0,0.0,-1,1.0,0.0,679,277.0,12,0,1.5,415.0,187.0,0,53,0.0,798.0,356.0,0.0,2.0,0.0,4301,42,3880,69,-0.5,0.5,0.39,0.68,1.07,5.51,0.12,0.2,0.32,1.64,49.8,401.0,178.0,108.8,227.0,143.0,71.0,272.0,147.0,23.0,346.0,165.0,,,,26,,Dilane,Bakwa,Bakwa,,,302,0,1,0,7,0,0,0,1,0,0,3,23,,,,0.0,0.0,2.09,0.89,6.85,1,3,19
805,a,,,5.5,149,38.0,0,0.0,0,0.0,0.0,644,83.0,7,2,3.5,124.0,11.0,0,29,2.3,167.0,22.0,0.4,1.3,0.0,4663,346,1043,464,1.8,2.8,0.72,0.0,0.72,0.67,0.61,0.0,0.61,0.57,32.0,422.0,48.0,2.1,452.0,59.0,27.0,354.0,53.0,5.9,436.0,56.0,,,,26,,Lorenzo,Lucca,Lucca,,,106,1,0,1,0,0,0,0,0,0,0,1,3,,,,0.0,0.85,0.0,0.85,2.55,0,2,1
814,a,,,4.5,441,87.0,0,0.0,0,0.0,0.0,797,264.0,1,0,1.0,472.0,171.0,0,3,0.5,320.0,117.0,0.1,0.2,0.0,245,38,67,27,0.0,1.0,0.0,0.36,0.36,0.0,0.0,2.31,2.31,0.0,1.0,493.0,175.0,1.1,462.0,170.0,2.0,442.0,165.0,0.4,488.0,172.0,,,,26,,Luca,Netz,Netz,,,14,0,0,0,0,0,0,0,0,0,0,0,0,,,,0.0,0.0,0.0,0.0,0.0,0,0,0
528,u,0.0,0.0,4.2,633,34.0,0,0.0,-3,3.0,0.2,401,59.0,0,0,0.0,634.0,88.0,0,0,0.0,526.0,82.0,0.0,0.0,0.0,10565,0,33387,362,0.0,0.0,0.0,0.0,0.0,0.0,0.0,0.0,0.0,0.0,0.0,625.0,88.0,0.0,619.0,78.0,0.0,591.0,65.0,0.0,628.0,88.0,,,,26,,Anthony,Patterson,Patterson,has joined Millwall on loan for the rest of the season.,,0,0,0,0,0,0,0,0,0,0,0,0,0,,,,0.0,0.0,0.0,0.0,0.0,0,0,0
529,a,,,3.9,739,69.0,0,0.0,-1,1.0,0.4,290,38.0,0,0,0.0,536.0,37.0,0,0,0.0,413.0,28.0,0.0,0.0,0.0,17823,192,32792,190,0.0,-0.5,0.0,0.0,0.0,0.0,0.0,0.0,0.0,0.0,0.0,526.0,37.0,0.0,516.0,22.0,0.0,481.0,8.0,0.0,529.0,37.0,,,,26,,Simon,Moore,Moore,,,0,0,0,0,0,0,0,0,0,0,0,0,0,,,,0.0,0.0,0.0,0.0,0.0,0,0,0
530,u,0.0,0.0,3.9,767,86.0,0,0.0,-1,1.0,0.1,452,67.0,0,0,0.0,556.0,54.0,0,0,0.0,435.0,45.0,0.0,0.0,0.0,7473,0,12682,142,0.0,0.0,0.0,0.0,0.0,0.0,0.0,0.0,0.0,0.0,0.0,546.0,54.0,0.0,536.0,39.0,0.0,501.0,25.0,0.0,549.0,54.0,,,,26,,Blondy,Nna Noukeu,Nna Noukeu,has joined US Boulogne CO permanently.,,0,0,0,0,0,0,0,0,0,0,0,0,0,,,,0.0,0.0,0.0,0.0,0.0,0,0,0
531,a,100.0,100.0,4.6,399,68.0,0,0.0,1,-1.0,3.0,106,42.0,97,4,4.4,36.0,13.0,8,297,4.0,61.0,23.0,0.9,21.1,0.0,1075792,8288,951079,3495,4.0,3.5,2.23,0.51,2.74,25.08,0.12,0.03,0.15,1.35,523.2,44.0,19.0,121.5,214.0,54.0,329.0,58.0,2.0,97.4,71.0,16.0,,,,26,,Daniel,Ballard,Ballard,,,1671,2,1,5,23,0,0,0,3,0,0,18,214,,,,0.0,0.27,1.24,0.97,10.88,27,175,43
532,a,,,4.5,443,88.0,0,0.0,0,0.0,0.3,307,112.0,74,2,2.8,220.0,86.0,4,259,2.0,193.0,74.0,0.4,16.4,0.0,73168,302,67147,458,2.0,1.5,1.5,0.97,2.47,34.11,0.06,0.04,0.1,1.44,340.8,133.0,59.0,266.5,102.0,26.0,169.0,146.0,28.0,76.7,121.0,38.0,2.0,,,26,,Trai,Hume,Hume,,,2129,0,1,7,27,0,0,0,7,0,0,24,173,,,,0.0,0.3,1.14,1.01,6.17,48,98,74
533,u,0.0,0.0,4.0,669,166.0,0,0.0,0,0.0,0.0,783,262.0,0,0,0.0,578.0,212.0,0,0,0.0,459.0,183.0,0.0,0.0,0.0,611,0,846,9,0.0,0.0,0.0,0.0,0.0,0.0,0.0,0.0,0.0,0.0,0.0,568.0,212.0,0.0,560.0,212.0,0.0,527.0,206.0,0.0,571.0,212.0,,,,26,,Aji,Alese,Alese,has joined Portsmouth on loan for the rest of the season.,,0,0,0,0,0,0,0,0,0,0,0,0,0,,,,0.0,0.0,0.0,0.0,0.0,0,0,0
534,u,0.0,0.0,3.8,788,237.0,0,0.0,-2,2.0,0.3,304,111.0,0,0,0.0,518.0,184.0,0,0,0.0,392.0,148.0,0.0,0.0,0.0,39413,0,62898,569,0.0,0.0,0.0,0.0,0.0,0.0,0.0,0.0,0.0,0.0,0.0,508.0,184.0,0.0,495.0,182.0,0.0,459.0,173.0,0.0,511.0,184.0,,,,26,,Joe,Anderson,Anderson,has joined Barrow FC permanently.,,0,0,0,0,0,0,0,0,0,0,0,0,0,,,,0.0,0.0,0.0,0.0,0.0,0,0,0
535,a,100.0,100.0,4.0,680,171.0,0,0.0,0,0.0,0.1,573,206.0,13,0,2.2,300.0,111.0,0,44,0.2,350.0,128.0,0.0,3.2,0.0,7194,102,5364,208,0.2,-0.3,0.0,0.02,0.02,6.04,0.0,0.01,0.01,1.84,58.2,394.0,150.0,8.7,426.0,154.0,2.0,434.0,160.0,6.8,430.0,154.0,,,,26,,Dennis,Cirkin,Cirkin,,,296,0,0,1,2,0,0,0,1,0,0,3,26,,,,0.0,0.3,0.61,0.91,7.91,8,18,7
538,u,0.0,0.0,3.8,799,248.0,0,0.0,-2,2.0,0.2,362,131.0,0,0,0.0,525.0,191.0,0,0,0.0,400.0,156.0,0.0,0.0,0.0,23261,0,31991,315,0.0,0.0,0.0,0.0,0.0,0.0,0.0,0.0,0.0,0.0,0.0,515.0,191.0,0.0,502.0,189.0,0.0,466.0,180.0,0.0,518.0,191.0,,,,26,,Zak,Johnson,Johnson,has joined York City on loan for the rest of the season.,,0,0,0,0,0,0,0,0,0,0,0,0,0,,,,0.0,0.0,0.0,0.0,0.0,0,0,0
540,u,0.0,0.0,3.9,760,221.0,0,0.0,-1,1.0,0.3,322,118.0,0,0,0.0,551.0,201.0,0,0,0.0,429.0,169.0,0.0,0.0,0.0,47547,0,46575,362,0.0,0.0,0.0,0.0,0.0,0.0,0.0,0.0,0.0,0.0,0.0,541.0,201.0,0.0,531.0,201.0,0.0,496.0,193.0,0.0,544.0,201.0,,,,26,,Timothée,Pembélé,Pembele,has joined Le Havre AC on loan for the rest of the season.,,0,0,0,0,0,0,0,0,0,0,0,0,0,,,,0.0,0.0,0.0,0.0,0.0,0,0,0
541,a,100.0,100.0,3.8,791,240.0,0,0.0,-2,2.0,3.3,100,37.0,51,1,3.0,182.0,70.0,5,181,3.0,109.0,40.0,0.8,13.4,0.0,606525,12766,992054,3333,3.0,2.5,0.13,0.46,0.59,19.99,0.01,0.03,0.04,1.26,285.4,183.0,75.0,94.0,255.0,76.0,37.0,332.0,107.0,41.8,265.0,90.0,,,,26,,Reinildo,Mandava,Reinildo,,,1427,0,2,4,20,0,0,0,6,1,0,17,141,,,,0.0,0.25,1.26,1.07,7.69,27,95,67
542,u,0.0,0.0,4.0,707,186.0,0,0.0,0,0.0,0.1,504,178.0,2,0,1.0,451.0,164.0,0,11,0.0,492.0,198.0,0.0,0.5,0.0,3016,0,25099,32,0.0,0.0,0.0,0.01,0.01,1.33,0.0,0.01,0.01,0.9,33.6,419.0,158.0,2.4,449.0,164.0,0.0,559.0,220.0,3.6,452.0,162.0,,,,26,,Jenson,Seelt,Seelt,has joined Wolfsburg on loan for the rest of the season.,,133,0,0,0,2,0,0,0,0,0,0,1,18,,,,0.0,0.0,1.35,0.68,8.12,4,8,6
543,u,0.0,0.0,4.9,343,212.0,0,0.0,-6,6.0,0.4,287,99.0,34,0,2.4,288.0,125.0,3,81,0.0,732.0,306.0,0.0,6.9,0.0,90681,0,228131,885,0.0,0.0,0.35,0.62,0.97,11.3,0.05,0.09,0.14,1.57,81.4,362.0,162.0,116.8,219.0,141.0,75.0,268.0,146.0,27.0,332.0,159.0,,,,26,,Simon,Adingra,Adingra,has joined AS Monaco on loan for the rest of the season.,,649,1,1,4,8,0,0,0,2,0,0,9,45,,,,0.0,0.55,1.11,1.25,6.24,11,13,21
544,a,100.0,100.0,5.3,205,127.0,0,0.0,-2,2.0,0.1,555,203.0,30,2,3.3,147.0,65.0,3,89,4.2,52.0,29.0,0.8,5.7,0.0,10680,620,17386,202,4.2,3.7,0.93,0.4,1.33,8.65,0.12,0.05,0.17,1.15,68.4,379.0,169.0,63.2,304.0,173.0,99.0,233.0,129.0,22.4,350.0,167.0,,,1.0,26,,Habib,Diarra,Diarra,,,675,1,2,3,6,0,0,0,3,0,0,7,40,,,,0.0,0.4,0.8,0.93,5.33,6,13,21
545,u,0.0,0.0,5.4,160,98.0,0,0.0,-1,1.0,0.0,724,303.0,1,0,1.0,497.0,233.0,0,4,0.0,772.0,336.0,0.0,0.2,0.0,462,0,4074,2,0.0,0.0,0.03,0.02,0.05,0.66,0.1,0.07,0.17,2.2,1.8,485.0,224.0,7.3,431.0,210.0,5.0,424.0,209.0,1.4,475.0,219.0,,,,26,,Patrick,Roberts,Roberts,has joined Birmingham City permanently.,,27,0,0,0,1,0,0,0,0,0,0,0,1,,,,0.0,0.0,3.33,0.0,3.33,0,0,1
546,a,100.0,100.0,4.9,348,217.0,0,0.0,-1,1.0,0.0,690,285.0,0,0,0.0,776.0,337.0,0,0,0.0,735.0,309.0,0.0,0.0,0.0,403,16,3417,11,0.0,-0.5,0.0,0.0,0.0,0.0,0.0,0.0,0.0,0.0,0.0,775.0,336.0,0.0,772.0,337.0,0.0,767.0,335.0,0.0,776.0,337.0,,,,26,,Milan,Aleksić,Aleksić,,,0,0,0,0,0,0,0,0,0,0,0,0,0,,,,0.0,0.0,0.0,0.0,0.0,0,0,0
547,a,100.0,100.0,4.9,336,209.0,0,0.0,-1,1.0,1.2,171,57.0,90,2,3.6,108.0,50.0,7,375,2.8,134.0,61.0,0.6,18.4,0.0,326014,4617,218657,4279,2.8,2.3,3.77,2.75,6.52,32.64,0.17,0.12,0.29,1.45,461.8,64.0,19.0,502.1,22.0,21.0,172.0,143.0,82.0,113.7,42.0,30.0,3.0,2.0,2.0,26,,Enzo,Le Fée,E.Le Fée,,,2025,3,4,7,27,0,0,1,5,0,0,23,211,,,,0.0,0.31,1.2,1.02,9.38,58,57,96
548,a,100.0,100.0,4.9,330,205.0,0,0.0,-1,1.0,0.0,741,313.0,13,1,1.0,488.0,225.0,0,47,1.0,270.0,117.0,0.2,2.7,0.0,1068,24,1421,23,1.0,0.5,0.45,0.28,0.73,6.9,0.12,0.07,0.19,1.78,29.4,428.0,189.0,31.2,369.0,190.0,56.0,301.0,160.0,11.3,401.0,185.0,,3.0,,26,,Romaine,Mundle,Mundle,,,348,0,0,0,8,0,0,0,1,0,0,2,27,,,,0.0,0.0,2.07,0.52,6.98,5,5,17
549,u,0.0,0.0,4.8,362,226.0,0,0.0,-2,2.0,0.0,648,260.0,3,0,1.0,486.0,224.0,0,10,0.0,700.0,285.0,0.0,0.6,0.0,1972,0,4563,31,0.0,0.0,0.0,0.0,0.0,0.64,0.0,0.0,0.0,4.43,3.0,478.0,220.0,1.4,458.0,221.0,0.0,745.0,322.0,0.4,490.0,226.0,,,,26,,Dan,Neil,Neil,has joined Ipswich Town on loan for the rest of the season.,,13,0,0,0,0,0,0,0,0,0,0,0,2,,,,0.0,0.0,0.0,0.0,13.85,0,2,0
550,a,,,4.8,358,225.0,0,0.0,-2,2.0,0.0,663,268.0,0,0,0.0,758.0,324.0,0,0,0.0,699.0,284.0,0.0,0.0,0.0,995,31,2665,31,0.0,-0.5,0.0,0.0,0.0,0.0,0.0,0.0,0.0,0.0,0.0,757.0,323.0,0.0,753.0,324.0,0.0,744.0,321.0,0.0,758.0,324.0,,,,26,,Ian,Poveda-Ocampo,Poveda,,,0,0,0,0,0,0,0,0,0,0,0,0,0,,,,0.0,0.0,0.0,0.0,0.0,0,0,0
551,a,,,4.7,392,245.0,0,0.0,-3,3.0,0.0,594,224.0,15,0,1.5,406.0,179.0,0,48,0.0,693.0,279.0,0.0,3.2,0.0,5640,44,8930,73,0.0,-0.5,0.32,0.35,0.67,5.12,0.08,0.08,0.16,1.23,20.2,442.0,195.0,48.4,337.0,183.0,21.0,372.0,189.0,8.9,411.0,186.0,,,,26,,Chris,Rigg,Rigg,,,375,0,0,2,2,0,0,0,0,0,0,6,27,,,,0.0,0.48,0.48,1.44,6.48,6,7,14
552,a,100.0,100.0,4.9,346,215.0,0,0.0,-1,1.0,0.1,571,211.0,52,2,2.5,270.0,113.0,0,270,2.5,161.0,73.0,0.5,10.6,0.0,10092,192,11436,112,2.5,2.0,0.32,0.88,1.2,25.6,0.02,0.04,0.06,1.25,224.0,228.0,100.0,196.2,150.0,104.0,49.0,311.0,163.0,47.0,239.0,121.0,,,,26,,Noah,Sadiki,Sadiki,,,1844,0,1,6,24,0,0,0,5,0,0,21,162,,,,0.0,0.29,1.17,1.02,7.91,31,64,67
553,a,100.0,100.0,4.9,344,213.0,0,0.0,-1,1.0,0.2,412,140.0,63,1,3.1,173.0,75.0,5,190,3.0,114.0,53.0,0.6,12.9,0.0,59031,403,69340,253,3.0,2.5,1.34,0.56,1.89,14.46,0.11,0.05,0.16,1.21,176.4,265.0,114.0,169.7,174.0,118.0,160.0,154.0,86.0,50.1,229.0,115.0,,,,26,,Chemsdine,Talbi,Talbi,,,1078,3,2,6,9,0,0,0,0,0,0,11,64,,,,0.0,0.5,0.75,0.92,5.34,7,14,43
555,u,0.0,0.0,4.5,413,252.0,0,0.0,0,0.0,0.0,642,256.0,0,0,0.0,689.0,270.0,0,0,0.0,606.0,214.0,0.0,0.0,0.0,1291,0,9808,10,0.0,0.0,0.0,0.0,0.0,0.0,0.0,0.0,0.0,0.0,0.0,683.0,264.0,0.0,678.0,268.0,0.0,658.0,260.0,0.0,686.0,267.0,,,,26,,Alan,Browne,Browne,has joined Middlesbrough on loan for the rest of the season.,,0,0,0,0,0,0,0,0,0,0,0,0,0,,,,0.0,0.0,0.0,0.0,0.0,0,0,0
556,u,0.0,0.0,4.5,436,260.0,0,0.0,0,0.0,0.0,766,330.0,0,0,0.0,700.0,277.0,0,0,0.0,621.0,222.0,0.0,0.0,0.0,0,0,1799,1,0.0,0.0,0.0,0.0,0.0,0.0,0.0,0.0,0.0,0.0,0.0,694.0,271.0,0.0,692.0,275.0,0.0,674.0,268.0,0.0,697.0,274.0,,,,26,,Pierre,Ekwah Elimby,Ekwah,Has joined AS Saint-Etienne permanently.,,0,0,0,0,0,0,0,0,0,0,0,0,0,,,,0.0,0.0,0.0,0.0,0.0,0,0,0
557,a,,,4.3,608,355.0,0,0.0,-2,2.0,0.1,544,198.0,0,0,0.0,651.0,247.0,0,0,0.0,556.0,184.0,0.0,0.0,0.0,7947,215,9802,149,0.0,-0.5,0.0,0.0,0.0,0.0,0.0,0.0,0.0,0.0,0.0,641.0,237.0,0.0,638.0,243.0,0.0,613.0,231.0,0.0,644.0,240.0,,,,26,,Harrison,Jones,H.Jones,,,0,0,0,0,0,0,0,0,0,0,0,0,0,,,,0.0,0.0,0.0,0.0,0.0,0,0,0
558,u,0.0,0.0,4.3,597,349.0,0,0.0,-2,2.0,0.2,387,127.0,0,0,0.0,645.0,243.0,0,0,0.0,547.0,178.0,0.0,0.0,0.0,30710,0,44185,357,0.0,0.0,0.0,0.0,0.0,0.0,0.0,0.0,0.0,0.0,0.0,635.0,233.0,0.0,631.0,239.0,0.0,605.0,226.0,0.0,638.0,236.0,,,,26,,Jay,Matete,Matete,has joined MK Dons permanently.,,0,0,0,0,0,0,0,0,0,0,0,0,0,,,,0.0,0.0,0.0,0.0,0.0,0,0,0
559,u,0.0,0.0,4.4,547,327.0,0,0.0,-1,1.0,0.0,641,255.0,0,0,0.0,670.0,259.0,0,0,0.0,582.0,199.0,0.0,0.0,0.0,2951,0,8601,12,0.0,0.0,0.0,0.0,0.0,0.0,0.0,0.0,0.0,0.0,0.0,661.0,250.0,0.0,658.0,256.0,0.0,635.0,245.0,0.0,664.0,253.0,,,,26,,Nectarios,Triantis,Triantis,has joined Minnesota United permanently.,,0,0,0,0,0,0,0,0,0,0,0,0,0,,,,0.0,0.0,0.0,0.0,0.0,0,0,0
560,a,100.0,100.0,5.1,233,52.0,0,0.0,-4,4.0,1.4,159,26.0,54,1,2.3,293.0,32.0,7,179,1.0,273.0,36.0,0.2,10.6,0.0,956393,1825,853667,3673,1.0,0.5,3.58,0.07,3.65,16.51,0.32,0.01,0.33,1.48,164.4,275.0,26.0,22.6,382.0,49.0,373.0,44.0,18.0,55.8,206.0,25.0,,,,26,,Wilson,Isidor,Isidor,,,1001,4,0,4,14,0,0,0,1,0,0,11,39,,,,0.0,0.36,1.26,0.99,3.51,8,14,17
561,a,,,5.2,218,50.0,0,0.0,-3,3.0,0.5,259,42.0,26,0,1.9,346.0,39.0,2,86,0.5,333.0,44.0,0.1,5.0,0.0,264373,228,303451,476,0.5,0.0,1.05,0.14,1.19,10.33,0.17,0.02,0.19,1.63,73.4,376.0,38.0,42.0,347.0,40.0,131.0,195.0,42.0,24.3,343.0,41.0,,,3.0,26,,Eliezer,Mayenda Dossou,Mayenda,,,572,1,0,3,7,0,0,0,0,0,0,6,20,,,,0.0,0.47,1.1,0.94,3.15,3,6,11
562,a,,,4.2,647,91.0,0,0.0,-3,3.0,0.5,264,43.0,0,0,0.0,638.0,65.0,0,0,0.0,534.0,54.0,0.0,0.0,0.0,63882,2798,83923,1396,0.0,-0.5,0.0,0.0,0.0,0.0,0.0,0.0,0.0,0.0,0.0,629.0,65.0,0.0,624.0,64.0,0.0,597.0,64.0,0.0,632.0,65.0,,,,26,,Ahmed,Abdullahi,Abdullahi,,,0,0,0,0,0,0,0,0,0,0,0,0,0,,,,0.0,0.0,0.0,0.0,0.0,0,0,0
563,u,0.0,0.0,4.4,556,79.0,0,0.0,-1,1.0,0.1,515,73.0,0,0,0.0,676.0,72.0,0,0,0.0,589.0,62.0,0.0,0.0,0.0,5979,0,20302,34,0.0,0.0,0.0,0.0,0.0,0.0,0.0,0.0,0.0,0.0,0.0,668.0,72.0,0.0,664.0,71.0,0.0,643.0,71.0,0.0,671.0,72.0,,,,26,,Luís Hemir,Silva Semedo,Luís Hemir,has joined Moreirense on loan for the rest of the season.,,0,0,0,0,0,0,0,0,0,0,0,0,0,,,,0.0,0.0,0.0,0.0,0.0,0,0,0
564,u,0.0,0.0,4.4,538,76.0,0,0.0,-1,1.0,0.1,517,74.0,0,0,0.0,666.0,69.0,0,0,0.0,577.0,59.0,0.0,0.0,0.0,3530,0,20103,26,0.0,0.0,0.0,0.0,0.0,0.0,0.0,0.0,0.0,0.0,0.0,656.0,69.0,0.0,653.0,68.0,0.0,630.0,68.0,0.0,659.0,69.0,,,,26,,Nazarii,Rusyn,Rusyn,has joined Arka on loan for the rest of the season.,,0,0,0,0,0,0,0,0,0,0,0,0,0,,,,0.0,0.0,0.0,0.0,0.0,0,0,0
668,d,50.0,0.0,5.1,222,137.0,0,0.0,1,-1.0,3.5,94,31.0,90,0,4.1,59.0,27.0,5,426,0.0,756.0,325.0,0.0,17.6,0.0,1347294,452,1308424,20340,0.0,0.0,0.59,2.19,2.78,31.25,0.03,0.1,0.13,1.43,521.2,47.0,11.0,420.4,38.0,36.0,77.0,261.0,141.0,101.8,61.0,40.0,1.0,1.0,,26,,Granit,Xhaka,Xhaka,Ankle injury - 50% chance of playing,,1962,1,5,7,23,0,0,0,4,0,0,22,237,,,,0.0,0.32,1.06,1.01,10.87,35,101,101
670,a,,,4.9,339,13.0,-1,1.0,4,-4.0,11.7,31,5.0,107,2,4.1,58.0,3.0,9,464,2.5,159.0,11.0,0.5,21.8,0.0,2116881,14274,822181,18022,2.5,2.0,0.0,0.07,0.07,37.41,0.0,0.0,0.0,1.44,671.2,11.0,2.0,40.0,349.0,2.0,0.0,765.0,87.0,71.0,140.0,2.0,,,,26,,Robin,Roefs,Roefs,,,2340,0,0,8,30,0,1,0,2,0,80,26,110,,,,3.08,0.31,1.15,1.0,0.0,0,31,261
678,u,0.0,0.0,3.9,744,213.0,0,0.0,-1,1.0,0.5,260,97.0,1,0,0.3,512.0,179.0,0,4,0.0,418.0,166.0,0.0,0.3,0.0,52353,0,81289,429,0.0,0.0,0.07,0.08,0.15,2.09,0.05,0.06,0.11,1.5,21.8,437.0,164.0,20.1,388.0,139.0,7.0,412.0,155.0,4.9,444.0,160.0,,,,26,,Arthur,Masuaku,Masuaku,has joined RC Lens on loan for the rest of the season.,,125,0,0,0,2,0,0,0,1,0,0,2,13,,,,0.0,0.0,1.44,1.44,7.2,4,6,3
683,a,100.0,100.0,4.1,651,157.0,0,0.0,1,-1.0,6.4,58,20.0,88,2,4.0,61.0,24.0,5,295,2.5,151.0,51.0,0.6,21.5,0.0,1512864,10672,868401,9472,2.5,2.0,1.23,0.75,1.97,30.66,0.06,0.04,0.1,1.45,521.2,46.0,21.0,105.7,236.0,65.0,201.0,115.0,20.0,83.2,105.0,30.0,,,,26,,Omar,Alderete,Alderete,,,1903,1,1,7,25,0,0,0,4,0,0,21,226,,,,0.0,0.33,1.18,0.99,9.55,20,182,70
694,a,,,4.6,398,67.0,0,0.0,6,-6.0,13.8,26,10.0,114,2,4.8,19.0,6.0,8,394,4.0,60.0,22.0,0.9,24.8,0.0,2384613,43642,704137,15508,4.0,3.5,1.02,2.01,3.03,35.72,0.04,0.08,0.12,1.49,559.0,33.0,13.0,278.7,92.0,22.0,141.0,178.0,40.0,97.9,68.0,14.0,,,,26,,Nordi,Mukiele,Mukiele,,,2152,1,5,7,28,1,0,0,4,0,0,24,253,,,,0.0,0.29,1.17,1.0,9.41,57,168,101
724,a,,,4.5,425,83.0,0,0.0,0,0.0,0.0,597,213.0,35,1,1.8,362.0,134.0,0,158,0.8,291.0,103.0,0.2,7.8,0.0,8504,121,5991,160,0.8,0.3,0.37,0.61,0.98,21.41,0.03,0.05,0.08,1.91,170.4,271.0,109.0,90.5,259.0,80.0,36.0,337.0,109.0,29.7,323.0,111.0,,,,26,,Lutsharel,Geertruida,Geertruida,,,1009,0,0,2,15,0,0,0,0,0,0,10,82,,,,0.0,0.18,1.34,0.89,5.89,22,44,44
730,a,100.0,100.0,5.5,146,37.0,0,0.0,0,0.0,1.3,164,28.0,61,2,2.9,210.0,21.0,8,220,3.0,121.0,15.0,0.5,11.1,0.0,322782,11389,163226,8407,3.0,2.5,2.6,0.3,2.9,19.68,0.21,0.02,0.23,1.58,236.4,215.0,18.0,84.0,272.0,27.0,260.0,88.0,27.0,57.2,200.0,23.0,,,,26,,Brian,Brobbey,Brobbey,,,1124,5,1,4,15,0,0,0,2,0,0,12,50,,,,0.0,0.32,1.2,0.96,4.0,7,12,31
735,d,50.0,0.0,5.5,136,84.0,0,0.0,0,0.0,0.0,646,259.0,28,0,2.8,230.0,94.0,1,114,0.0,784.0,345.0,0.0,5.1,0.0,13461,8,12788,60,0.0,0.0,0.48,0.25,0.73,8.99,0.07,0.04,0.11,1.33,115.6,320.0,144.0,108.1,228.0,144.0,135.0,183.0,101.0,35.9,289.0,142.0,,,,26,,Bertrand,Traoré,Traoré,Knee injury - 50% chance of playing,,607,1,1,3,9,0,0,0,1,0,0,9,40,,,,0.0,0.44,1.33,1.33,5.93,11,11,18
800,a,100.0,25.0,5.0,284,177.0,0,0.0,0,0.0,0.0,816,366.0,0,0,0.0,792.0,349.0,0,0,0.0,755.0,324.0,0.0,0.0,0.0,102,12,51,7,0.0,-0.1,0.0,0.0,0.0,0.0,0.0,0.0,0.0,0.0,0.0,792.0,349.0,0.0,790.0,349.0,0.0,786.0,347.0,0.0,792.0,349.0,,,,26,,Djiamgone Jocelin Ta,Bi,Jocelin.T,,,0,0,0,0,0,0,0,0,0,0,0,0,0,,,,0.0,0.0,0.0,0.0,0.0,0,0,0
812,a,,,4.0,700,61.0,0,0.0,0,0.0,0.0,785,89.0,0,0,0.0,604.0,80.0,0,0,0.0,487.0,72.0,0.0,0.0,0.0,359,60,97,25,0.0,-0.5,0.0,0.0,0.0,0.0,0.0,0.0,0.0,0.0,0.0,594.0,80.0,0.0,587.0,68.0,0.0,554.0,54.0,0.0,597.0,80.0,,,,26,,Melker,Ellborg,Ellborg,,,0,0,0,0,0,0,0,0,0,0,0,0,0,,,,0.0,0.0,0.0,0.0,0.0,0,0,0
813,a,,,5.0,275,170.0,0,0.0,0,0.0,0.0,777,337.0,3,2,1.5,410.0,183.0,0,13,1.5,235.0,101.0,0.3,0.6,0.0,473,154,76,25,1.5,1.0,0.21,0.04,0.25,3.03,0.22,0.04,0.26,3.25,16.6,446.0,198.0,26.3,376.0,192.0,44.0,321.0,169.0,8.7,413.0,187.0,,,,26,,Nilson,Angulo,Angulo,,,84,0,0,0,2,0,0,0,0,0,0,1,5,,,,0.0,0.0,2.14,1.07,5.36,1,3,1
565,a,,,4.7,382,16.0,-1,1.0,-3,3.0,6.0,60,9.0,83,2,3.2,158.0,15.0,6,388,1.8,215.0,20.0,0.4,17.7,0.0,1345964,1316,1358158,11718,0.8,1.8,0.0,0.02,0.02,37.04,0.0,0.0,0.0,1.42,597.6,24.0,5.0,0.1,486.0,15.0,0.0,739.0,81.0,60.0,190.0,7.0,,,,26,,Guglielmo,Vicario,Vicario,,,2340,0,0,7,37,0,0,0,1,0,71,26,97,,,,2.73,0.27,1.42,1.0,0.0,1,30,211
566,a,,,3.9,751,78.0,0,0.0,-1,1.0,0.3,320,44.0,0,0,0.0,545.0,46.0,0,0,0.0,423.0,37.0,0.0,0.0,0.0,20615,107,23662,174,-1.0,0.0,0.0,0.0,0.0,0.0,0.0,0.0,0.0,0.0,0.0,535.0,46.0,0.0,525.0,31.0,0.0,490.0,17.0,0.0,538.0,46.0,,,,26,,Brandon,Austin,Austin,,,0,0,0,0,0,0,0,0,0,0,0,0,0,,,,0.0,0.0,0.0,0.0,0.0,0,0,0
567,a,,,3.9,766,85.0,0,0.0,-1,1.0,1.6,148,19.0,0,0,0.0,555.0,53.0,0,0,0.0,434.0,44.0,0.0,0.0,0.0,124894,300,171201,1061,-1.0,0.0,0.0,0.0,0.0,0.0,0.0,0.0,0.0,0.0,0.0,545.0,53.0,0.0,535.0,38.0,0.0,500.0,24.0,0.0,548.0,53.0,,,,26,,Antonín,Kinský,Kinsky,,,0,0,0,0,0,0,0,0,0,0,0,0,0,,,,0.0,0.0,0.0,0.0,0.0,0,0,0
568,i,0.0,0.0,5.1,234,33.0,-1,1.0,-4,4.0,9.6,39,13.0,79,0,3.4,134.0,49.0,4,344,0.2,373.0,138.0,0.0,15.5,0.0,1465242,123,2974850,30599,0.0,0.0,0.48,2.81,3.29,25.39,0.02,0.14,0.16,1.26,414.6,88.0,40.0,517.6,21.0,1.0,89.0,249.0,69.0,102.3,56.0,9.0,3.0,2.0,,26,,Pedro,Porro Sauceda,Pedro Porro,Hamstring injury - Expected back 01 Mar,,1820,0,3,7,24,0,0,0,5,0,0,21,171,,,,0.0,0.35,1.19,1.04,6.73,43,93,94
569,s,0.0,0.0,5.0,252,37.0,0,0.0,0,0.0,3.5,95,33.0,89,0,4.2,53.0,20.0,10,288,2.0,198.0,75.0,0.4,17.8,0.0,1016195,179,1152089,24449,0.0,0.0,1.33,1.2,2.53,25.77,0.07,0.06,0.13,1.36,543.2,40.0,16.0,110.8,224.0,59.0,206.0,110.0,18.0,86.0,98.0,27.0,,,,26,,Cristian,Romero,Romero,Suspended until 15 Mar,,1710,4,1,5,29,0,0,0,8,2,0,20,209,,,,0.0,0.26,1.53,1.05,9.58,53,129,80
570,i,0.0,0.0,4.2,627,142.0,0,0.0,-3,3.0,0.1,439,162.0,27,0,2.1,311.0,115.0,1,111,0.2,352.0,130.0,0.0,6.4,0.0,16883,8,30178,334,0.0,0.0,0.03,0.18,0.21,10.71,0.0,0.02,0.02,1.46,194.2,256.0,104.0,9.1,425.0,153.0,8.0,404.0,150.0,21.2,356.0,122.0,,,,26,,Kevin,Danso,Danso,Toe Injury - Unknown return date,,658,0,0,2,12,0,0,0,4,0,0,8,100,,,,0.0,0.27,1.64,1.09,12.72,13,80,28
571,i,0.0,0.0,4.3,576,125.0,0,0.0,-2,2.0,0.1,542,195.0,10,0,3.3,138.0,51.0,1,29,0.0,539.0,231.0,0.0,2.3,0.0,4380,6,11753,74,0.0,0.0,0.49,0.07,0.56,1.11,0.32,0.05,0.37,0.73,67.4,381.0,146.0,22.2,384.0,136.0,52.0,307.0,97.0,14.2,385.0,138.0,,,,26,,Ben,Davies,Davies,Ankle injury - Unknown return date,,136,1,0,0,3,0,0,0,1,0,0,2,14,,,,0.0,0.0,1.99,1.32,9.26,5,9,5
573,a,100.0,100.0,4.2,634,147.0,0,0.0,-3,3.0,1.0,192,75.0,55,0,2.6,248.0,96.0,1,229,0.2,354.0,132.0,0.0,13.1,0.0,296894,880,349783,1740,-0.8,0.2,0.82,1.38,2.2,26.08,0.05,0.08,0.13,1.47,229.8,221.0,85.0,172.6,171.0,42.0,147.0,168.0,37.0,54.8,211.0,70.0,,,,26,,Djed,Spence,Spence,,,1596,0,0,7,23,0,0,0,4,0,0,18,108,,,,0.0,0.39,1.3,1.02,4.74,29,55,92
574,i,0.0,0.0,4.3,592,136.0,0,0.0,-2,2.0,0.3,312,115.0,15,0,1.2,436.0,156.0,0,62,0.5,316.0,113.0,0.1,3.5,0.0,50330,13,112120,718,0.0,0.0,0.16,0.51,0.67,13.98,0.02,0.06,0.08,1.58,144.0,295.0,114.0,122.3,212.0,52.0,82.0,254.0,73.0,34.9,293.0,97.0,,,,26,,Destiny,Udogie,Udogie,Hamstring injury - Expected back 15 Mar,,794,0,1,0,17,0,0,0,2,0,0,8,61,,,,0.0,0.0,1.93,0.91,4.53,19,21,47
582,i,0.0,0.0,6.4,61,39.0,0,0.0,-1,1.0,9.7,38,14.0,75,0,3.9,84.0,41.0,7,257,0.0,806.0,360.0,0.0,11.7,0.0,3263161,43,5175696,12767,0.0,0.0,1.92,2.41,4.33,22.74,0.11,0.14,0.25,1.33,333.4,137.0,46.0,413.8,40.0,38.0,302.0,67.0,41.0,104.7,53.0,37.0,2.0,1.0,,26,,Mohammed,Kudus,Kudus,Thigh injury - Expected back 11 Apr,,1535,2,6,7,20,0,0,0,3,0,0,19,133,,,,0.0,0.41,1.17,1.11,7.8,29,9,95
583,i,0.0,0.0,6.4,59,38.0,0,0.0,-1,1.0,0.0,719,301.0,0,0,0.0,811.0,363.0,0,0,0.0,805.0,359.0,0.0,0.0,0.0,926,11,2026,21,0.0,0.0,0.0,0.0,0.0,0.0,0.0,0.0,0.0,0.0,0.0,811.0,363.0,0.0,811.0,363.0,0.0,811.0,363.0,0.0,811.0,363.0,,,,26,,Dejan,Kulusevski,Kulusevski,Knee injury - Unknown return date,,0,0,0,0,0,0,0,0,0,0,0,0,0,,,,0.0,0.0,0.0,0.0,0.0,0,0,0
584,a,,,6.2,77,52.0,0,0.0,-3,3.0,0.1,431,145.0,48,1,2.5,278.0,119.0,5,150,1.0,283.0,125.0,0.2,7.7,0.0,39327,189,44393,578,0.0,1.0,1.67,0.61,2.27,9.35,0.24,0.09,0.33,1.36,147.0,291.0,130.0,141.8,193.0,129.0,189.0,129.0,74.0,48.1,234.0,118.0,4.0,,4.0,26,,Mathys,Tel,Tel,,,621,3,1,1,12,0,0,0,0,0,0,6,56,,,,0.0,0.14,1.74,0.87,8.12,11,5,40
585,i,0.0,0.0,5.3,192,119.0,0,0.0,-2,2.0,0.2,397,132.0,64,0,3.2,163.0,70.0,3,269,0.0,768.0,333.0,0.0,12.1,0.0,56871,10,65709,339,0.0,0.0,0.45,0.68,1.13,20.56,0.03,0.04,0.07,1.32,268.6,197.0,80.0,159.7,181.0,123.0,85.0,253.0,136.0,51.6,220.0,111.0,,,,26,,Rodrigo,Bentancur,Bentancur,Hamstring injury - Unknown return date,,1407,1,1,5,21,0,0,0,5,0,0,17,207,,,,0.0,0.32,1.34,1.09,13.24,37,69,101
586,i,0.0,0.0,5.2,219,136.0,0,0.0,-3,3.0,0.2,389,128.0,39,0,2.3,295.0,129.0,0,139,0.0,763.0,330.0,0.0,7.5,0.0,102312,8,110711,222,0.0,0.0,0.96,0.39,1.35,10.21,0.11,0.04,0.15,1.15,137.4,304.0,136.0,81.4,274.0,159.0,133.0,186.0,104.0,35.3,291.0,143.0,,,,26,,Lucas,Bergvall,Bergvall,Ankle injury - Unknown return date,,799,1,2,3,13,0,0,0,2,0,0,10,68,,,,0.0,0.34,1.46,1.13,7.66,20,14,34
587,a,100.0,100.0,5.2,211,130.0,0,0.0,-3,3.0,0.0,591,222.0,8,1,1.6,389.0,173.0,0,51,1.8,220.0,93.0,0.3,1.5,0.0,2683,166,14252,94,0.8,1.8,0.28,0.07,0.35,6.25,0.1,0.03,0.13,2.31,44.6,406.0,181.0,13.3,404.0,201.0,21.0,373.0,190.0,7.8,422.0,193.0,,,,26,,Yves,Bissouma,Bissouma,,,244,0,0,0,7,0,0,0,1,0,0,3,33,,,,0.0,0.0,2.58,1.11,12.17,10,13,10
588,i,0.0,100.0,5.3,206,128.0,0,0.0,-2,2.0,0.1,543,197.0,46,1,1.9,348.0,153.0,6,176,2.8,136.0,62.0,0.5,8.7,0.0,16348,43,15036,1241,0.0,2.8,1.92,1.21,3.13,14.24,0.18,0.11,0.29,1.32,158.8,285.0,125.0,284.3,88.0,65.0,234.0,95.0,58.0,67.6,155.0,85.0,,,,26,,Wilson,Odobert,Odobert,Knee injury - Unknown return date,,972,0,2,2,13,0,0,0,0,0,0,10,77,,,,0.0,0.19,1.2,0.93,7.13,10,14,53
589,u,0.0,0.0,5.4,171,105.0,0,0.0,-1,1.0,0.0,757,323.0,0,0,0.0,797.0,352.0,0,0,0.0,776.0,338.0,0.0,0.0,0.0,115,0,1474,2,0.0,0.0,0.0,0.0,0.0,0.0,0.0,0.0,0.0,0.0,0.0,797.0,352.0,0.0,796.0,352.0,0.0,794.0,351.0,0.0,797.0,352.0,,,,26,,Manor,Solomon,Solomon,has joined Fiorentina on loan for the rest of the season.,,0,0,0,0,0,0,0,0,0,0,0,0,0,,,,0.0,0.0,0.0,0.0,0.0,0,0,0
590,u,0.0,0.0,4.9,325,202.0,0,0.0,-1,1.0,0.0,658,265.0,0,0,0.0,769.0,332.0,0,0,0.0,722.0,300.0,0.0,0.0,0.0,675,0,4471,4,0.0,0.0,0.0,0.0,0.0,0.0,0.0,0.0,0.0,0.0,0.0,768.0,331.0,0.0,765.0,332.0,0.0,759.0,330.0,0.0,769.0,332.0,,,,26,,Bryan,Gil Salvatierra,Bryan,has joined Girona permanently.,,0,0,0,0,0,0,0,0,0,0,0,0,0,,,,0.0,0.0,0.0,0.0,0.0,0,0,0
591,a,100.0,100.0,4.8,372,233.0,0,0.0,-2,2.0,0.1,433,146.0,42,10,2.6,253.0,105.0,6,159,3.8,75.0,36.0,0.8,8.8,0.0,17226,1148,22161,278,2.8,3.8,1.25,0.45,1.7,14.43,0.12,0.04,0.16,1.4,167.8,272.0,117.0,76.8,285.0,165.0,121.0,212.0,115.0,36.5,287.0,141.0,,,,26,,Archie,Gray,Gray,,,927,2,0,5,14,0,0,0,4,0,0,12,86,,,,0.0,0.49,1.36,1.17,8.35,9,43,34
592,u,0.0,0.0,5.0,270,165.0,0,0.0,0,0.0,0.0,788,346.0,0,0,0.0,786.0,345.0,0,0,0.0,748.0,319.0,0.0,0.0,0.0,0,0,682,1,0.0,0.0,0.0,0.0,0.0,0.0,0.0,0.0,0.0,0.0,0.0,785.0,344.0,0.0,784.0,345.0,0.0,780.0,343.0,0.0,786.0,345.0,,,,26,,Mikey,Moore,Moore,Has joined Rangers on loan for the rest of the season.,,0,0,0,0,0,0,0,0,0,0,0,0,0,,,,0.0,0.0,0.0,0.0,0.0,0,0,0
593,a,100.0,100.0,4.5,442,265.0,0,0.0,-5,5.0,0.9,196,65.0,53,8,3.1,171.0,73.0,2,214,2.8,128.0,58.0,0.6,11.8,0.0,353856,7776,561294,1226,1.8,2.8,1.09,0.95,2.04,18.15,0.11,0.09,0.2,1.76,232.4,219.0,96.0,105.3,237.0,148.0,111.0,218.0,120.0,45.0,247.0,124.0,,,,26,,Pape Matar,Sarr,P.M.Sarr,,,928,2,3,3,11,0,0,0,1,0,0,9,120,,,,0.0,0.29,1.07,0.87,11.64,20,49,51
594,u,0.0,0.0,4.5,504,312.0,0,0.0,0,0.0,0.0,731,306.0,0,0,0.0,745.0,315.0,0,0,0.0,675.0,268.0,0.0,0.0,0.0,0,0,2818,3,0.0,0.0,0.0,0.0,0.0,0.0,0.0,0.0,0.0,0.0,0.0,744.0,314.0,0.0,739.0,315.0,0.0,725.0,311.0,0.0,745.0,315.0,,,,26,,Yang,Min-hyeok,Min-hyeok,has joined Coventry City on loan for the rest of the season.,,0,0,0,0,0,0,0,0,0,0,0,0,0,,,,0.0,0.0,0.0,0.0,0.0,0,0,0
596,a,100.0,100.0,7.2,29,12.0,0,0.0,-3,3.0,1.3,165,29.0,21,2,3.0,196.0,19.0,3,88,4.5,42.0,5.0,0.6,2.9,0.0,123142,4830,482126,8377,3.5,4.5,1.2,0.16,1.36,8.45,0.27,0.04,0.31,1.87,105.8,332.0,32.0,38.2,352.0,43.0,145.0,174.0,38.0,28.8,326.0,37.0,,,2.0,26,,Dominic,Solanke-Mitchell,Solanke,,,407,2,0,0,8,0,0,0,1,0,0,4,27,,,,0.0,0.0,1.77,0.88,5.97,10,10,7
597,i,0.0,0.0,6.3,67,21.0,0,0.0,-2,2.0,5.4,67,13.0,75,0,3.6,114.0,10.0,9,336,0.0,803.0,86.0,0.0,11.9,0.0,2946115,69,3032391,8966,0.0,0.0,4.8,1.22,6.02,17.99,0.34,0.09,0.43,1.27,381.8,103.0,8.0,159.3,182.0,16.0,464.0,25.0,13.0,100.4,64.0,12.0,,,3.0,26,,Richarlison,de Andrade,Richarlison,Hamstring injury - Expected back 01 Mar,,1276,7,3,5,19,0,0,0,4,0,0,13,98,,,,0.0,0.35,1.34,0.92,6.91,15,46,37
598,u,0.0,0.0,4.5,469,67.0,0,0.0,0,0.0,0.0,672,87.0,0,0,0.0,719.0,76.0,0,0,0.0,643.0,66.0,0.0,0.0,0.0,0,0,5091,4,0.0,0.0,0.0,0.0,0.0,0.0,0.0,0.0,0.0,0.0,0.0,715.0,76.0,0.0,711.0,75.0,0.0,695.0,75.0,0.0,717.0,76.0,,,,26,,Will,Lankshear,Lankshear,has joined Oxford United on loan for the rest of the season.,,0,0,0,0,0,0,0,0,0,0,0,0,0,,,,0.0,0.0,0.0,0.0,0.0,0,0,0
599,u,0.0,0.0,4.3,594,83.0,0,0.0,-2,2.0,0.6,248,39.0,2,0,1.0,459.0,57.0,0,5,0.2,357.0,48.0,0.0,0.5,0.0,60820,0,106988,992,0.0,0.0,0.0,0.01,0.01,0.03,0.0,0.13,0.13,0.39,1.0,492.0,60.0,4.1,442.0,58.0,2.0,439.0,60.0,0.7,481.0,60.0,,,,26,,Dane,Scarlett,Scarlett,has joined Hibernian on loan for the rest of the season.,,7,0,0,0,0,0,0,0,0,0,0,0,1,,,,0.0,0.0,0.0,0.0,12.86,0,0,1
717,a,100.0,100.0,6.5,54,35.0,0,0.0,-5,5.0,1.2,179,59.0,59,1,3.0,195.0,84.0,5,272,3.2,106.0,49.0,0.5,9.1,0.0,802259,2882,720377,4768,2.2,3.2,2.07,3.28,5.35,24.13,0.14,0.22,0.36,1.59,269.2,196.0,79.0,418.8,39.0,37.0,193.0,125.0,73.0,88.2,92.0,55.0,5.0,,,26,,Xavi,Simons,Xavi,,,1370,1,4,3,27,0,0,0,4,1,0,15,124,,,,0.0,0.2,1.77,0.99,8.15,29,21,74
726,a,100.0,100.0,6.9,40,16.0,0,0.0,-1,1.0,0.3,299,47.0,28,1,1.6,396.0,47.0,0,76,1.0,284.0,40.0,0.1,4.1,0.0,118263,476,110027,1236,0.0,1.0,1.29,1.11,2.4,15.9,0.11,0.1,0.21,1.4,83.6,356.0,36.0,175.0,169.0,13.0,163.0,152.0,37.0,41.5,268.0,30.0,,,,26,,Randal,Kolo Muani,Kolo Muani,,,1019,0,0,3,19,0,0,0,2,0,0,12,69,,,,0.0,0.26,1.68,1.06,6.09,18,12,39
250,a,100.0,100.0,6.2,74,23.0,0,0.0,-3,3.0,1.0,195,31.0,33,1,1.9,353.0,41.0,1,104,2.0,203.0,26.0,0.3,5.3,0.0,106714,1153,458591,2152,3.0,2.5,3.61,0.18,3.78,10.35,0.46,0.02,0.48,1.32,58.8,393.0,42.0,51.5,329.0,37.0,286.0,72.0,26.0,38.9,278.0,32.0,,,,26,,Liam,Delap,Delap,,,708,1,2,2,12,0,0,0,2,0,0,9,25,,,,0.0,0.25,1.53,1.14,3.18,2,7,16
251,u,0.0,0.0,6.5,55,19.0,0,0.0,0,0.0,0.1,531,76.0,0,0,0.0,813.0,91.0,0,0,0.0,808.0,89.0,0.0,0.0,0.0,4962,0,15319,13,0.0,0.0,0.0,0.0,0.0,0.0,0.0,0.0,0.0,0.0,0.0,813.0,91.0,0.0,813.0,91.0,0.0,813.0,91.0,0.0,813.0,91.0,,,,26,,Nicolas,Jackson,N.Jackson,has joined Bayern Munich on loan for the rest of the season.,,0,0,0,0,0,0,0,0,0,0,0,0,0,,,,0.0,0.0,0.0,0.0,0.0,0,0,0
602,u,0.0,0.0,3.9,765,84.0,0,0.0,-1,1.0,0.2,361,53.0,0,0,0.0,554.0,52.0,0,0,0.0,433.0,43.0,0.0,0.0,0.0,11331,0,18898,228,0.0,0.0,0.0,0.0,0.0,0.0,0.0,0.0,0.0,0.0,0.0,544.0,52.0,0.0,534.0,37.0,0.0,499.0,23.0,0.0,547.0,52.0,,,,26,,Krisztián,Hegyi,Hegyi,has joined MTK Budapest on loan for the rest of the season.,,0,0,0,0,0,0,0,0,0,0,0,0,0,,,,0.0,0.0,0.0,0.0,0.0,0,0,0
603,a,100.0,100.0,4.0,726,203.0,0,0.0,-5,5.0,1.5,152,61.0,61,6,3.0,184.0,72.0,2,180,4.2,47.0,13.0,1.0,15.2,0.0,262848,9674,878608,1319,4.2,3.7,0.39,1.02,1.41,27.58,0.02,0.06,0.08,1.51,334.4,136.0,62.0,200.8,141.0,36.0,64.0,283.0,83.0,60.0,187.0,60.0,,,,26,,El Hadji Malick,Diouf,Diouf,,,1644,0,5,4,32,0,0,0,4,0,0,18,169,,,,0.0,0.22,1.75,0.99,7.34,25,109,62
244,i,0.0,0.0,4.9,342,211.0,0,0.0,-1,1.0,0.0,698,290.0,4,0,1.0,489.0,226.0,0,22,0.0,731.0,305.0,0.0,0.8,0.0,2544,6,4570,11,0.0,0.0,0.0,0.05,0.05,2.79,0.0,0.04,0.04,2.39,9.6,455.0,204.0,7.5,430.0,209.0,2.0,448.0,222.0,1.8,465.0,211.0,,,,26,,Roméo,Lavia,Lavia,Thigh injury - Expected back 01 Mar,,105,0,0,0,3,0,0,0,0,0,0,1,11,,,,0.0,0.0,2.57,0.86,9.43,2,5,4
604,u,0.0,0.0,4.4,521,101.0,0,0.0,-1,1.0,0.1,581,208.0,0,0,0.0,661.0,249.0,0,0,0.0,570.0,234.0,0.0,0.0,0.0,1719,0,20743,14,0.0,0.0,0.0,0.0,0.0,0.0,0.0,0.0,0.0,0.0,0.0,651.0,249.0,0.0,648.0,249.0,0.0,625.0,248.0,0.0,654.0,249.0,,,,26,,Emerson,Palmieri dos Santos,Emerson,has joined Marseille permanently.,,0,0,0,0,0,0,0,0,0,0,0,0,0,,,,0.0,0.0,0.0,0.0,0.0,0,0,0
605,a,,,4.2,631,145.0,0,0.0,-3,3.0,0.2,416,152.0,36,0,1.7,370.0,136.0,0,80,0.2,353.0,131.0,0.0,8.6,0.0,29855,91,49009,267,0.2,-0.3,0.56,0.25,0.81,33.28,0.03,0.01,0.04,1.92,392.4,100.0,46.0,55.8,320.0,108.0,60.0,293.0,88.0,50.9,222.0,72.0,,,,26,,Maximilian,Kilman,Kilman,,,1559,0,0,1,37,0,0,0,4,0,0,17,191,,,,0.0,0.06,2.14,0.98,9.24,16,144,43
606,a,100.0,100.0,4.4,533,112.0,0,0.0,-1,1.0,0.1,511,181.0,53,2,2.8,219.0,85.0,0,158,3.8,73.0,27.0,0.9,12.0,0.0,17599,589,16884,323,3.8,3.3,1.01,0.36,1.37,25.29,0.06,0.02,0.08,1.48,381.2,104.0,47.0,13.2,405.0,147.0,135.0,182.0,42.0,52.9,216.0,71.0,,,,26,,Konstantinos,Mavropanos,Mavropanos,,,1541,0,0,2,28,1,0,0,2,0,0,16,203,,,,0.0,0.12,1.64,0.93,10.69,22,161,59
608,a,100.0,100.0,4.3,605,139.0,0,0.0,-2,2.0,0.0,614,218.0,21,1,1.8,357.0,132.0,0,86,1.8,209.0,78.0,0.4,4.9,0.0,4840,53,6439,82,1.8,1.3,0.18,0.32,0.5,13.28,0.02,0.04,0.06,1.83,138.2,302.0,116.0,71.7,292.0,95.0,22.0,365.0,124.0,23.2,345.0,118.0,,,,26,,Ollie,Scarles,Scarles,,,654,0,1,0,16,0,0,0,1,0,0,9,73,,,,0.0,0.0,2.2,1.24,9.91,29,43,35
610,a,100.0,100.0,4.1,652,158.0,0,0.0,-4,4.0,4.5,79,26.0,48,2,2.8,217.0,83.0,0,153,4.8,29.0,6.0,1.2,11.7,0.0,225512,14498,2279810,3236,4.8,4.3,0.0,0.74,0.74,26.04,0.0,0.05,0.05,1.6,340.6,134.0,60.0,255.6,107.0,29.0,24.0,360.0,120.0,62.3,177.0,56.0,,,,26,,Aaron,Wan-Bissaka,Wan-Bissaka,,,1461,0,3,1,31,0,0,0,2,0,0,16,145,,,,0.0,0.06,1.91,0.99,8.07,23,108,45
611,u,0.0,0.0,4.0,705,184.0,0,0.0,0,0.0,0.1,547,196.0,0,0,0.0,607.0,224.0,0,0,0.0,490.0,196.0,0.0,0.0,0.0,0,0,13122,31,0.0,0.0,0.0,0.0,0.0,0.0,0.0,0.0,0.0,0.0,0.0,597.0,224.0,0.0,590.0,224.0,0.0,557.0,218.0,0.0,600.0,224.0,,,,26,,Kaelan,Casey,Casey,has joined Leyton Orient on loan for the rest of the season.,,0,0,0,0,0,0,0,0,0,0,0,0,0,,,,0.0,0.0,0.0,0.0,0.0,0,0,0
612,u,0.0,0.0,5.9,97,62.0,0,0.0,-1,1.0,1.1,181,60.0,69,0,3.8,89.0,42.0,8,291,0.0,795.0,353.0,0.0,11.7,0.0,897173,0,967737,2538,0.0,0.0,2.85,2.0,4.85,24.22,0.17,0.12,0.29,1.44,374.6,107.0,34.0,397.2,43.0,40.0,186.0,130.0,75.0,95.7,76.0,45.0,,,,26,,Lucas,Tolentino Coelho de Lima,L.Paquetá,has joined Flamengo permanently.,,1513,4,2,3,33,0,0,0,5,1,0,18,146,,,,0.0,0.18,1.96,1.07,8.68,40,30,76
613,a,100.0,100.0,5.7,116,73.0,0,0.0,-3,3.0,0.3,338,116.0,61,9,2.7,245.0,101.0,6,238,4.0,65.0,33.0,0.7,10.7,0.0,33781,2325,105958,401,4.0,3.5,3.2,0.36,3.56,23.31,0.25,0.03,0.28,1.8,301.4,175.0,67.0,107.9,229.0,145.0,274.0,79.0,48.0,68.4,151.0,82.0,,,,26,,Tomáš,Souček,Souček,,,1166,3,2,2,28,0,0,0,1,1,0,12,130,,,,0.0,0.15,2.16,0.93,10.03,21,70,39
615,a,100.0,100.0,5.6,130,80.0,0,0.0,1,-1.0,2.7,114,34.0,77,3,3.7,100.0,46.0,7,280,7.2,6.0,3.0,1.3,13.8,0.0,406722,62161,69643,7323,7.2,6.7,3.41,1.18,4.59,24.88,0.19,0.07,0.26,1.41,301.4,174.0,66.0,271.4,98.0,71.0,360.0,48.0,29.0,93.3,81.0,47.0,2.0,,,26,,Crysencio,Summerville,Summerville,,,1586,4,3,3,29,0,0,0,3,0,0,19,133,,,,0.0,0.17,1.65,1.08,7.55,25,36,72
616,u,0.0,0.0,4.9,310,194.0,0,0.0,-1,1.0,0.0,596,226.0,0,0,0.0,765.0,328.0,0,0,0.0,716.0,295.0,0.0,0.0,0.0,1147,0,16065,9,0.0,0.0,0.0,0.0,0.0,0.0,0.0,0.0,0.0,0.0,0.0,764.0,327.0,0.0,761.0,328.0,0.0,754.0,326.0,0.0,765.0,328.0,,,,26,,Edson,Álvarez Velázquez,Álvarez,Has joined Fenerbahçe on loan for the rest of the season.,,0,0,0,0,0,0,0,0,0,0,0,0,0,,,,0.0,0.0,0.0,0.0,0.0,0,0,0
618,u,0.0,0.0,4.8,355,223.0,0,0.0,-2,2.0,0.0,607,234.0,8,0,1.3,427.0,192.0,0,30,0.0,696.0,282.0,0.0,1.7,0.0,2295,0,6000,64,0.0,0.0,0.03,0.04,0.07,2.59,0.02,0.02,0.04,1.33,9.8,454.0,203.0,6.0,437.0,212.0,2.0,446.0,221.0,1.7,468.0,213.0,,,,26,,Guido,Rodríguez,G.Rodriguez,has joined Valencia on loan for the rest of the season.,,175,0,0,1,2,0,0,0,1,0,0,2,15,,,,0.0,0.51,1.03,1.03,7.71,1,4,10
619,u,0.0,0.0,4.9,345,214.0,0,0.0,-1,1.0,0.0,680,278.0,5,0,1.0,490.0,227.0,0,11,0.0,733.0,307.0,0.0,1.0,0.0,868,0,3375,18,0.0,0.0,0.07,0.03,0.1,1.82,0.05,0.02,0.07,1.35,9.2,456.0,205.0,14.5,398.0,198.0,4.0,430.0,213.0,2.5,462.0,209.0,,,,26,,Luis Guilherme,Lira dos Santos,L.Guilherme,has joined Sporting CP permanently.,,121,0,0,0,2,0,0,0,0,0,0,1,11,,,,0.0,0.0,1.49,0.74,8.18,1,2,8
620,u,0.0,0.0,4.5,446,267.0,0,0.0,0,0.0,0.0,605,232.0,1,0,1.0,473.0,212.0,0,3,0.0,627.0,228.0,0.0,0.2,0.0,3770,0,9384,49,0.0,0.0,0.0,0.01,0.01,0.73,0.0,0.11,0.11,8.21,0.0,700.0,277.0,1.5,456.0,219.0,2.0,443.0,218.0,0.4,489.0,225.0,,,,26,,George,Earthy,Earthy,has joined Bristol City on loan for the rest of the season.,,8,0,0,0,1,0,0,0,0,0,0,0,0,,,,0.0,0.0,11.25,0.0,0.0,0,0,0
622,u,0.0,0.0,4.4,549,329.0,0,0.0,-1,1.0,0.1,578,215.0,0,0,0.0,672.0,261.0,0,0,0.0,584.0,201.0,0.0,0.0,0.0,1052,0,11889,21,0.0,0.0,0.0,0.0,0.0,0.0,0.0,0.0,0.0,0.0,0.0,663.0,252.0,0.0,660.0,258.0,0.0,637.0,247.0,0.0,666.0,255.0,,,,26,,Lewis,Orford,Orford,has joined Stevenage on loan for the rest of the season.,,0,0,0,0,0,0,0,0,0,0,0,0,0,,,,0.0,0.0,0.0,0.0,0.0,0,0,0
624,a,,,7.6,20,7.0,-1,1.0,-4,4.0,8.6,43,8.0,120,5,4.6,31.0,4.0,21,468,6.8,8.0,2.0,0.9,15.8,0.0,2233022,29334,3007326,29576,6.8,6.3,5.77,2.45,8.22,41.68,0.22,0.09,0.31,1.61,553.0,36.0,4.0,331.5,66.0,2.0,647.0,7.0,5.0,153.0,15.0,4.0,,1.0,2.0,26,,Jarrod,Bowen,Bowen,,,2329,8,4,3,47,0,0,0,3,0,0,26,177,,,,0.0,0.12,1.82,1.0,6.84,30,42,105
625,u,0.0,0.0,5.6,122,34.0,0,0.0,-4,4.0,0.6,245,37.0,12,0,1.5,413.0,49.0,0,28,0.0,788.0,84.0,0.0,2.1,0.0,47611,0,391871,310,0.0,0.0,0.93,0.21,1.14,8.59,0.21,0.05,0.26,1.9,26.0,433.0,50.0,85.1,269.0,25.0,130.0,198.0,43.0,23.8,344.0,42.0,,,,26,,Niclas,Füllkrug,Füllkrug,has joined AC Milan on loan for the rest of the season.,,407,0,0,1,11,0,0,0,0,0,0,5,19,,,,0.0,0.22,2.43,1.11,4.2,2,7,10
626,u,0.0,0.0,4.3,611,85.0,0,0.0,-2,2.0,0.5,256,41.0,2,0,1.0,462.0,58.0,0,0,0.0,559.0,56.0,0.0,0.5,0.0,63604,0,104100,569,0.0,0.0,0.13,0.0,0.13,1.55,0.2,0.0,0.2,2.41,1.2,489.0,58.0,0.1,482.0,61.0,7.0,416.0,58.0,0.8,479.0,59.0,,,,26,,Callum,Marshall,Marshall,has joined VfL Bochum 1848 on loan for the rest of the season.,,58,0,0,0,2,0,0,0,0,0,0,0,3,,,,0.0,0.0,3.1,0.0,4.66,0,2,1
679,a,,,4.2,637,35.0,0,0.0,-3,3.0,0.2,351,50.0,21,2,3.5,118.0,14.0,3,70,3.0,110.0,7.0,0.7,5.0,0.0,20134,2066,37173,389,3.0,2.5,0.0,0.01,0.01,7.35,0.0,0.0,0.0,1.22,129.4,312.0,24.0,0.0,620.0,79.0,0.0,592.0,66.0,12.9,389.0,24.0,,,,26,,Mads,Hermansen,Hermansen,,,540,0,0,2,12,0,0,0,0,0,16,6,34,,,,2.67,0.33,2.0,1.0,0.0,0,11,53
708,a,100.0,100.0,5.5,154,95.0,0,0.0,0,0.0,0.4,270,93.0,95,3,4.0,71.0,32.0,6,460,5.8,15.0,10.0,1.1,17.3,0.0,93610,6151,45570,2124,5.8,5.3,1.16,1.88,3.04,31.8,0.05,0.09,0.14,1.47,485.8,58.0,16.0,436.7,34.0,32.0,91.0,244.0,133.0,101.5,62.0,41.0,4.0,,,26,,Mateus Gonçalo,Espanha Fernandes,M.Fernandes,,,1943,3,3,3,34,0,0,0,4,0,0,23,254,,,,0.0,0.14,1.57,1.07,11.77,67,64,123
725,a,100.0,100.0,5.1,236,34.0,0,0.0,-4,4.0,0.6,235,89.0,57,15,3.4,135.0,50.0,5,225,4.4,45.0,11.0,0.9,11.2,0.0,482324,3408,413650,1891,5.4,11.3,0.31,1.08,1.39,11.5,0.02,0.08,0.1,0.85,306.0,168.0,71.0,121.2,216.0,56.0,51.0,309.0,99.0,47.7,237.0,79.0,,,,26,,Piero,Hincapié,Hincapie,,,1213,1,1,3,14,0,0,0,2,0,0,14,107,,,,0.0,0.22,1.04,1.04,7.94,26,81,46
271,a,100.0,100.0,5.0,250,152.0,0,0.0,0,0.0,0.1,529,191.0,48,2,3.0,191.0,81.0,0,218,0.8,298.0,130.0,0.2,9.6,0.0,43391,175,42577,88,1.3,1.3,1.36,1.96,3.32,14.71,0.1,0.14,0.24,1.06,155.0,289.0,128.0,199.0,146.0,100.0,126.0,205.0,112.0,48.1,233.0,117.0,2.0,,,26,,Daichi,Kamada,Kamada,,,1250,0,2,6,14,0,0,0,1,0,0,15,140,,,,0.0,0.43,1.01,1.08,10.08,42,24,74
272,i,0.0,100.0,4.9,290,180.0,0,0.0,-1,1.0,0.1,509,184.0,51,1,2.2,304.0,133.0,3,205,4.0,63.0,31.0,0.8,10.4,0.0,11921,456,11911,228,0.0,4.5,1.01,0.91,1.92,14.61,0.08,0.07,0.15,1.14,215.6,239.0,104.0,152.9,187.0,125.0,174.0,139.0,80.0,54.3,213.0,105.0,,,,26,,Jefferson,Lerma Solís,Lerma,Hamstring injury - Expected back 14 Mar,,1156,0,4,5,15,1,0,0,6,0,0,12,147,,,,0.0,0.39,1.17,0.93,11.44,18,64,65
275,u,0.0,0.0,4.3,589,345.0,0,0.0,-2,2.0,0.0,621,241.0,0,0,0.0,642.0,240.0,0,0,0.0,543.0,174.0,0.0,0.0,0.0,5497,0,7579,49,0.0,0.0,0.0,0.0,0.0,0.0,0.0,0.0,0.0,0.0,0.0,632.0,230.0,0.0,628.0,236.0,0.0,602.0,223.0,0.0,635.0,233.0,,,,26,,Naouirou,Ahamada,Ahamada,has joined AJ Auxerre permanently.,,0,0,0,0,0,0,0,0,0,0,0,0,0,,,,0.0,0.0,0.0,0.0,0.0,0,0,0
747,a,,,4.0,723,200.0,0,0.0,0,0.0,0.0,636,225.0,5,0,1.0,453.0,166.0,0,15,0.0,508.0,212.0,0.0,1.2,0.0,2333,58,1802,70,0.0,-0.5,0.12,0.44,0.56,2.8,0.1,0.35,0.45,2.25,21.2,439.0,165.0,33.8,360.0,125.0,9.0,400.0,146.0,6.4,433.0,156.0,,,,26,,Ezra,Mayers,Mayers,,,112,0,0,0,3,0,0,0,0,0,0,0,5,,,,0.0,0.0,2.41,0.0,4.02,0,5,6
758,a,,,4.5,506,313.0,0,0.0,0,0.0,0.0,740,312.0,3,0,1.0,481.0,220.0,0,11,0.0,677.0,269.0,0.0,0.7,0.0,1575,51,964,48,0.0,-0.5,0.03,0.02,0.05,0.54,0.17,0.11,0.28,3.04,4.4,471.0,215.0,10.9,412.0,205.0,4.0,427.0,211.0,1.7,467.0,212.0,,,,26,,Mohamadou,Kanté,Mohamadou Kanté,,,16,0,0,0,0,0,0,0,0,0,0,0,4,,,,0.0,0.0,0.0,0.0,22.5,1,0,3
785,d,25.0,,5.5,153,40.0,0,0.0,0,0.0,0.0,706,88.0,8,0,1.6,393.0,46.0,0,21,1.2,263.0,33.0,0.2,1.5,0.0,4307,44,2867,343,0.3,0.7,0.34,0.07,0.41,3.74,0.12,0.03,0.15,1.35,19.6,444.0,52.0,53.4,324.0,35.0,21.0,374.0,55.0,9.4,408.0,50.0,,,,26,,Pablo Felipe,Pereira de Jesus,Pablo,Knock - 25% chance of playing,,250,0,0,0,4,0,0,0,0,0,0,3,25,,,,0.0,0.0,1.44,1.08,9.0,9,5,11
815,a,,,4.5,420,80.0,0,0.0,0,0.0,0.1,518,183.0,8,2,4.0,63.0,26.0,0,40,4.0,58.0,20.0,0.9,1.8,0.0,11004,1704,1288,570,4.0,3.5,0.02,0.0,0.02,1.91,0.01,0.0,0.01,0.96,30.8,425.0,160.0,11.1,410.0,149.0,9.0,401.0,147.0,5.1,442.0,159.0,,,,26,,Axel,Disasi,Disasi,,,180,0,0,1,1,0,0,0,0,0,0,2,13,,,,0.0,0.5,0.5,1.0,6.5,0,13,3
627,a,,,4.4,520,26.0,0,0.0,-1,1.0,0.1,426,64.0,21,0,1.8,358.0,28.0,0,117,0.0,569.0,86.0,0.0,4.8,0.0,19450,201,23563,217,-0.5,-2.0,0.0,0.02,0.02,18.59,0.0,0.0,0.0,1.55,308.0,165.0,21.0,0.1,484.0,14.0,0.0,624.0,71.0,30.8,318.0,21.0,,,,26,,Sam,Johnstone,Johnstone,,,1080,0,0,0,24,1,0,0,0,0,39,12,71,,,,3.25,0.0,2.0,1.0,0.0,2,24,107
628,a,,,4.2,628,33.0,0,0.0,-3,3.0,1.2,178,22.0,43,13,2.9,200.0,20.0,5,187,3.4,91.0,5.0,0.8,10.2,0.0,89888,3205,173296,1472,2.9,4.8,0.0,0.03,0.03,21.98,0.0,0.0,0.0,1.47,328.4,141.0,19.0,10.0,416.0,5.0,0.0,590.0,64.0,34.1,302.0,19.0,,,,26,,José,Malheiro de Sá,José Sá,,,1350,0,0,3,26,0,0,0,1,0,38,15,40,,,,2.53,0.2,1.73,1.0,0.0,0,28,130
629,a,100.0,100.0,3.9,740,70.0,0,0.0,-1,1.0,0.5,262,34.0,0,0,0.0,537.0,38.0,0,0,0.0,414.0,29.0,0.0,0.0,0.0,17813,446,50202,287,-0.5,-2.0,0.0,0.0,0.0,0.0,0.0,0.0,0.0,0.0,0.0,527.0,38.0,0.0,517.0,23.0,0.0,482.0,9.0,0.0,530.0,38.0,,,,26,,Daniel,Bentley,Bentley,,,0,0,0,0,0,0,0,0,0,0,0,0,0,,,,0.0,0.0,0.0,0.0,0.0,0,0,0
644,a,100.0,100.0,5.1,230,142.0,0,0.0,-4,4.0,0.0,598,227.0,28,1,1.6,387.0,172.0,0,131,0.6,310.0,138.0,0.1,5.5,0.0,4954,69,10751,146,0.1,-0.8,0.82,0.62,1.44,15.17,0.09,0.07,0.16,1.69,124.0,314.0,143.0,125.1,209.0,139.0,99.0,232.0,128.0,34.4,299.0,148.0,3.0,4.0,,26,,Jean-Ricner,Bellegarde,Bellegarde,,,810,1,0,1,23,0,0,0,3,0,0,10,69,,,,0.0,0.11,2.56,1.11,7.67,21,21,27
648,u,0.0,0.0,5.3,198,123.0,0,0.0,-2,2.0,0.0,624,243.0,38,0,2.9,207.0,86.0,1,131,0.0,769.0,334.0,0.0,7.2,0.0,19177,0,23000,35,0.0,0.0,1.64,0.38,2.02,13.36,0.17,0.04,0.21,1.38,163.6,276.0,119.0,61.8,312.0,176.0,196.0,119.0,69.0,42.1,262.0,130.0,,,,26,,Marshall,Munetsi,Munetsi,has joined Paris FC on loan for the rest of the season.,,872,1,2,0,19,0,0,0,2,0,0,9,80,,,,0.0,0.0,1.96,0.93,8.26,21,39,20
649,u,0.0,0.0,5.0,263,160.0,0,0.0,0,0.0,0.0,812,362.0,0,0,0.0,782.0,342.0,0,0,0.0,743.0,315.0,0.0,0.0,0.0,0,0,161,0,0.0,0.0,0.0,0.0,0.0,0.0,0.0,0.0,0.0,0.0,0.0,781.0,341.0,0.0,780.0,342.0,0.0,776.0,340.0,0.0,782.0,342.0,,,,26,,Boubacar,Traoré,B.Traore,Has joined FC Metz on loan for the rest of the season.,,0,0,0,0,0,0,0,0,0,0,0,0,0,,,,0.0,0.0,0.0,0.0,0.0,0,0,0
650,u,0.0,0.0,4.3,598,350.0,0,0.0,-2,2.0,0.2,366,122.0,2,0,1.0,460.0,201.0,0,4,0.0,548.0,179.0,0.0,0.5,0.0,30885,0,47326,290,0.0,0.0,0.0,0.0,0.0,0.5,0.0,0.0,0.0,1.8,3.2,476.0,219.0,0.3,477.0,231.0,0.0,606.0,227.0,0.4,487.0,224.0,,,,26,,Tawanda,Chirewa,Chirewa,has joined Barnsley on loan for the rest of the season.,,25,0,0,0,0,0,0,0,0,0,0,0,4,,,,0.0,0.0,0.0,0.0,14.4,2,1,1
651,a,,,4.3,615,361.0,0,0.0,-2,2.0,0.4,293,101.0,6,6,6.0,6.0,4.0,0,22,1.2,247.0,106.0,0.3,1.4,0.0,54304,611,63407,483,0.7,0.4,0.17,0.0,0.17,0.2,2.55,0.0,2.55,3.0,34.4,417.0,185.0,0.1,483.0,234.0,17.0,382.0,193.0,5.2,440.0,198.0,,,,26,,Tom,Edozie,Edozie,,,6,1,0,0,0,0,0,0,0,0,0,0,0,,,,0.0,0.0,0.0,0.0,0.0,0,0,0
652,a,,,4.3,614,360.0,0,0.0,-2,2.0,1.3,167,54.0,0,0,0.0,655.0,251.0,0,0,0.0,562.0,189.0,0.0,0.0,0.0,192137,1535,234189,1646,-0.5,-2.0,0.0,0.0,0.0,0.0,0.0,0.0,0.0,0.0,0.0,645.0,241.0,0.0,642.0,247.0,0.0,618.0,236.0,0.0,648.0,244.0,,,,26,,Enso,González Medina,Gonzalez,,,0,0,0,0,0,0,0,0,0,0,0,0,0,,,,0.0,0.0,0.0,0.0,0.0,0,0,0
653,u,0.0,0.0,4.5,424,254.0,0,0.0,0,0.0,0.0,661,267.0,0,0,0.0,694.0,272.0,0,0,0.0,613.0,216.0,0.0,0.0,0.0,0,0,5721,16,0.0,0.0,0.0,0.0,0.0,0.0,0.0,0.0,0.0,0.0,0.0,688.0,266.0,0.0,684.0,270.0,0.0,665.0,262.0,0.0,691.0,269.0,,,,26,,Joe,Hodge,Hodge,Signed by CD Tondela,,0,0,0,0,0,0,0,0,0,0,0,0,0,,,,0.0,0.0,0.0,0.0,0.0,0,0,0
658,a,,,4.2,643,89.0,0,0.0,-3,3.0,2.0,133,21.0,0,0,0.0,636.0,63.0,0,0,0.0,530.0,52.0,0.0,0.0,0.0,263970,7988,339884,3816,-0.5,-2.0,0.0,0.0,0.0,0.0,0.0,0.0,0.0,0.0,0.0,627.0,63.0,0.0,622.0,62.0,0.0,594.0,62.0,0.0,630.0,63.0,,,,26,,Nathan,Fraser,Fraser,,,0,0,0,0,0,0,0,0,0,0,0,0,0,,,,0.0,0.0,0.0,0.0,0.0,0,0,0
709,a,100.0,100.0,4.5,427,84.0,0,0.0,0,0.0,0.1,523,185.0,56,9,2.7,240.0,95.0,0,195,2.2,170.0,62.0,0.5,12.4,0.0,23260,292,17223,293,1.7,2.4,1.97,1.34,3.31,28.63,0.1,0.07,0.17,1.43,418.2,82.0,36.0,114.0,221.0,57.0,206.0,108.0,17.0,74.0,128.0,42.0,,,,26,,Ladislav,Krejcí,Krejčí,,,1797,2,1,3,34,1,0,0,2,0,0,20,167,,,,0.0,0.15,1.7,1.0,7.21,20,124,58
720,a,,,5.4,177,44.0,0,0.0,-1,1.0,0.3,328,54.0,49,4,2.1,318.0,36.0,4,151,3.0,120.0,14.0,0.6,9.1,0.0,59229,648,26969,3018,2.5,4.0,2.94,0.31,3.25,17.16,0.24,0.03,0.27,1.42,143.4,296.0,28.0,137.6,198.0,18.0,364.0,47.0,19.0,63.8,169.0,20.0,,2.0,,26,,Tolu,Arokodare,Tolu,,,1086,2,1,3,23,0,0,0,1,0,0,11,55,,,,0.0,0.25,1.91,0.91,4.56,6,28,21
778,a,,,4.5,487,298.0,0,0.0,0,0.0,0.0,755,322.0,0,0,0.0,732.0,304.0,0,0,0.0,661.0,256.0,0.0,0.0,0.0,1127,40,580,46,-0.5,-2.0,0.0,0.0,0.0,0.0,0.0,0.0,0.0,0.0,0.0,730.0,302.0,0.0,725.0,303.0,0.0,711.0,299.0,0.0,731.0,303.0,,,,26,,Ethan,Sutherland,Sutherland,,,0,0,0,0,0,0,0,0,0,0,0,0,0,,,,0.0,0.0,0.0,0.0,0.0,0,0,0
667,a,100.0,100.0,4.2,639,151.0,0,0.0,-3,3.0,0.1,572,205.0,0,0,0.0,635.0,246.0,0,0,0.0,527.0,224.0,0.0,0.0,0.0,2593,32,12258,59,-0.5,0.0,0.0,0.0,0.0,0.0,0.0,0.0,0.0,0.0,0.0,626.0,247.0,0.0,621.0,246.0,0.0,593.0,244.0,0.0,629.0,247.0,,,,26,,Adam,Aznou,Aznou,,,0,0,0,0,0,0,0,0,0,0,0,0,0,,,,0.0,0.0,0.0,0.0,0.0,0,0,0
54,i,0.0,0.0,5.4,159,97.0,0,0.0,-1,1.0,0.5,257,88.0,71,0,3.2,165.0,72.0,4,289,0.0,771.0,335.0,0.0,13.1,0.0,208111,48,237307,2947,0.0,0.0,2.52,1.96,4.48,26.58,0.14,0.11,0.25,1.5,308.2,164.0,61.0,385.2,46.0,42.0,193.0,123.0,72.0,88.8,91.0,54.0,4.0,,,26,,John,McGinn,McGinn,Knee injury - Expected back 21 Mar,,1591,3,2,7,21,0,0,0,3,0,0,21,126,,,,0.0,0.4,1.19,1.19,7.13,27,29,70
428,a,100.0,100.0,5.0,278,172.0,0,0.0,0,0.0,0.0,718,300.0,0,0,0.0,788.0,346.0,0,0,0.0,751.0,321.0,0.0,0.0,0.0,181,14,2526,28,0.5,0.5,0.0,0.0,0.0,0.0,0.0,0.0,0.0,0.0,0.0,787.0,345.0,0.0,786.0,346.0,0.0,782.0,344.0,0.0,788.0,346.0,,,,26,,Sverre,Nypan,Nypan,,,0,0,0,0,0,0,0,0,0,0,0,0,0,,,,0.0,0.0,0.0,0.0,0.0,0,0,0
142,u,0.0,0.0,4.0,674,48.0,0,0.0,0,0.0,0.0,804,93.0,0,0,0.0,582.0,67.0,0,0,0.0,464.0,59.0,0.0,0.0,0.0,0,0,203,3,0.0,0.0,0.0,0.0,0.0,0.0,0.0,0.0,0.0,0.0,0.0,572.0,67.0,0.0,565.0,55.0,0.0,532.0,41.0,0.0,575.0,67.0,,,,26,,Kjell,Scherpen,Scherpen,Has joined Union SG permanently,,0,0,0,0,0,0,0,0,0,0,0,0,0,,,,0.0,0.0,0.0,0.0,0.0,0,0,0
409,a,100.0,100.0,5.4,157,17.0,0,0.0,-1,1.0,0.6,250,93.0,12,0,1.7,376.0,140.0,0,45,0.0,770.0,261.0,0.0,2.2,0.0,50527,261,109277,160,0.5,0.5,0.0,0.06,0.06,5.05,0.0,0.02,0.02,1.29,76.6,369.0,141.0,19.6,390.0,140.0,2.0,450.0,166.0,9.8,405.0,144.0,,,,26,,John,Stones,Stones,,,351,0,0,1,8,0,0,0,0,0,0,4,34,,,,0.0,0.26,2.05,1.03,4.87,0,19,17
410,a,100.0,100.0,4.6,400,69.0,0,0.0,-4,4.0,1.2,176,67.0,19,0,1.9,342.0,128.0,2,75,0.0,688.0,249.0,0.0,4.1,0.0,367334,460,458495,1139,0.5,0.5,0.11,1.31,1.42,5.04,0.03,0.38,0.41,1.46,67.4,382.0,147.0,97.3,250.0,73.0,43.0,323.0,104.0,20.7,358.0,123.0,,,,26,,Rico,Lewis,Lewis,,,311,0,1,1,5,0,0,0,1,0,0,3,23,,,,0.0,0.29,1.45,0.87,5.5,5,14,10
411,a,100.0,100.0,4.9,334,53.0,0,0.0,-1,1.0,4.8,71,21.0,100,13,4.0,67.0,27.0,3,376,5.5,18.0,3.0,1.1,20.4,0.0,1955330,38679,1402460,7975,6.0,6.0,2.63,1.55,4.18,24.94,0.13,0.07,0.2,1.19,416.6,85.0,38.0,306.2,81.0,19.0,243.0,91.0,9.0,96.6,74.0,18.0,,,,26,,Nico,O'Reilly,O'Reilly,,,1881,2,3,10,18,0,0,0,4,0,0,20,155,,,,0.0,0.48,0.86,0.96,6.36,57,76,76
763,a,,,4.5,457,274.0,0,0.0,0,0.0,0.0,784,343.0,0,0,0.0,712.0,289.0,0,0,0.0,635.0,235.0,0.0,0.0,0.0,366,18,243,20,0.5,0.5,0.0,0.0,0.0,0.0,0.0,0.0,0.0,0.0,0.0,707.0,284.0,0.0,704.0,287.0,0.0,687.0,280.0,0.0,709.0,286.0,,,,26,,Charlie,Gray,Gray,,,0,0,0,0,0,0,0,0,0,0,0,0,0,,,,0.0,0.0,0.0,0.0,0.0,0,0,0
764,a,,,4.5,485,296.0,0,0.0,0,0.0,0.0,796,352.0,0,0,0.0,730.0,302.0,0,0,0.0,659.0,254.0,0.0,0.0,0.0,194,16,136,13,0.5,0.5,0.0,0.0,0.0,0.0,0.0,0.0,0.0,0.0,0.0,728.0,300.0,0.0,723.0,301.0,0.0,709.0,297.0,0.0,729.0,301.0,,,,26,,Reigan,Heskey,Heskey,,,0,0,0,0,0,0,0,0,0,0,0,0,0,,,,0.0,0.0,0.0,0.0,0.0,0,0,0
794,d,75.0,,4.1,655,159.0,-1,1.0,-4,4.0,0.0,728,252.0,5,0,2.5,265.0,103.0,0,27,0.0,520.0,221.0,0.0,1.2,0.0,5109,62,4115,171,0.4,0.5,0.26,0.06,0.32,1.54,0.17,0.04,0.21,1.03,34.0,418.0,157.0,14.8,397.0,144.0,26.0,356.0,118.0,7.5,425.0,152.0,,,,26,,Max,Alleyne,Alleyne,Knock - 75% chance of playing,,135,0,0,0,1,0,0,0,0,0,0,2,11,,,,0.0,0.0,0.67,1.33,7.33,3,8,4
119,a,100.0,100.0,8.6,10,5.0,0,0.0,6,-6.0,22.6,17,6.0,109,6,5.2,12.0,8.0,15,401,6.5,12.0,7.0,0.8,12.7,0.0,6679026,77904,5629199,36319,7.0,7.0,7.11,3.78,10.89,25.36,0.35,0.19,0.54,1.26,498.8,54.0,15.0,578.8,13.0,13.0,674.0,5.0,2.0,175.2,7.0,5.0,2.0,2.0,,26,,Bryan,Mbeumo,Mbeumo,,,1809,9,2,4,29,0,0,0,3,0,0,21,96,,,,0.0,0.2,1.44,1.04,4.78,16,12,68
434,a,,,3.9,736,66.0,0,0.0,-1,1.0,0.3,340,46.0,0,0,0.0,534.0,35.0,0,0,0.0,411.0,26.0,0.0,0.0,0.0,15325,111,23641,191,0.5,0.5,0.0,0.0,0.0,0.0,0.0,0.0,0.0,0.0,0.0,524.0,35.0,0.0,513.0,19.0,0.0,478.0,5.0,0.0,527.0,35.0,,,,26,,Tom,Heaton,Heaton,,,0,0,0,0,0,0,0,0,0,0,0,0,0,,,,0.0,0.0,0.0,0.0,0.0,0,0,0
175,u,0.0,0.0,4.4,559,335.0,0,0.0,-1,1.0,0.1,528,190.0,1,0,1.0,468.0,208.0,0,3,0.0,592.0,206.0,0.0,0.2,0.0,11030,0,14492,192,0.0,0.0,0.0,0.0,0.0,0.0,0.0,0.0,0.0,0.0,0.0,671.0,257.0,0.0,667.0,262.0,0.0,646.0,253.0,0.0,674.0,260.0,,,,26,,Joe,Knight,Knight,has joined Stevenage permanently.,,1,0,0,0,0,0,0,0,0,0,0,0,0,,,,0.0,0.0,0.0,0.0,0.0,0,0,0
504,u,0.0,0.0,4.0,672,47.0,0,0.0,0,0.0,0.1,521,75.0,0,0,0.0,580.0,66.0,0,0,0.0,462.0,58.0,0.0,0.0,0.0,0,0,15611,43,0.0,0.0,0.0,0.0,0.0,0.0,0.0,0.0,0.0,0.0,0.0,570.0,66.0,0.0,563.0,54.0,0.0,530.0,40.0,0.0,573.0,66.0,,,,26,,Matt,Turner,Turner,Has joined Lyon permanently.,,0,0,0,0,0,0,0,0,0,0,0,0,0,,,,0.0,0.0,0.0,0.0,0.0,0,0,0
522,a,100.0,100.0,4.7,383,239.0,0,0.0,-3,3.0,0.1,551,201.0,17,0,1.3,426.0,191.0,0,77,0.5,323.0,140.0,0.1,3.6,0.0,9687,69,18915,61,0.0,1.0,0.1,0.19,0.29,3.69,0.02,0.05,0.07,0.9,71.6,378.0,168.0,48.3,338.0,184.0,30.0,350.0,184.0,14.9,381.0,179.0,,,,26,,Ryan,Yates,Yates,,,367,0,1,0,5,0,0,0,1,0,0,1,36,,,,0.0,0.0,1.23,0.25,8.83,8,17,11
742,a,,,4.5,502,310.0,0,0.0,0,0.0,0.0,732,307.0,0,0,0.0,743.0,313.0,0,0,0.0,673.0,266.0,0.0,0.0,0.0,1455,34,1207,22,0.5,0.5,0.0,0.0,0.0,0.0,0.0,0.0,0.0,0.0,0.0,742.0,312.0,0.0,737.0,313.0,0.0,723.0,309.0,0.0,743.0,313.0,,,,26,,Ryan,McAidoo,McAidoo,,,0,0,0,0,0,0,0,0,0,0,0,0,0,,,,0.0,0.0,0.0,0.0,0.0,0,0,0
695,a,,,4.4,551,119.0,0,0.0,-1,1.0,0.0,647,226.0,37,1,1.5,403.0,147.0,0,95,0.2,360.0,134.0,0.0,8.4,0.0,5810,26,5611,89,-0.3,-1.6,0.26,0.99,1.25,19.13,0.02,0.07,0.09,1.29,224.6,226.0,89.0,238.7,117.0,31.0,38.0,331.0,106.0,50.2,228.0,75.0,,,,26,,Jackson,Tchatchoua,Tchatchoua,,,1335,0,0,2,27,0,0,0,3,0,0,13,108,,,,0.0,0.13,1.82,0.88,5.6,23,60,46
749,a,,,4.6,404,66.0,0,0.0,1,-1.0,3.0,108,18.0,46,4,2.9,203.0,20.0,6,188,2.0,194.0,25.0,0.4,10.0,0.0,506385,8553,128911,15742,1.5,2.0,1.23,1.32,2.55,17.53,0.11,0.12,0.23,1.6,199.0,251.0,22.0,187.5,154.0,11.0,185.0,131.0,31.0,57.1,201.0,24.0,,,,26,,Mateus,Mané,Mané,,,986,2,2,3,17,0,0,0,0,0,0,10,75,,,,0.0,0.27,1.55,0.91,6.85,16,19,40
766,a,,,4.0,722,199.0,0,0.0,0,0.0,0.0,670,234.0,0,0,0.0,622.0,237.0,0,0,0.0,507.0,211.0,0.0,0.0,0.0,2413,143,1180,127,-0.5,-2.0,0.0,0.0,0.0,0.0,0.0,0.0,0.0,0.0,0.0,612.0,237.0,0.0,605.0,237.0,0.0,573.0,232.0,0.0,615.0,237.0,,,,26,,Saheed,Olagunju,Olagunju,,,0,0,0,0,0,0,0,0,0,0,0,0,0,,,,0.0,0.0,0.0,0.0,0.0,0,0,0
767,a,,,4.5,495,304.0,0,0.0,0,0.0,0.0,765,329.0,0,0,0.0,739.0,309.0,0,0,0.0,668.0,261.0,0.0,0.0,0.0,941,49,552,29,-0.5,-2.0,0.0,0.0,0.0,0.0,0.0,0.0,0.0,0.0,0.0,737.0,307.0,0.0,732.0,308.0,0.0,718.0,304.0,0.0,738.0,308.0,,,,26,,Luke,Rawlings,Rawlings,,,0,0,0,0,0,0,0,0,0,0,0,0,0,,,,0.0,0.0,0.0,0.0,0.0,0,0,0
57,u,0.0,0.0,5.0,260,159.0,0,0.0,0,0.0,0.0,664,269.0,0,0,0.0,781.0,341.0,0,0,0.0,742.0,314.0,0.0,0.0,0.0,889,0,5424,4,0.0,0.0,0.0,0.0,0.0,0.0,0.0,0.0,0.0,0.0,0.0,780.0,340.0,0.0,778.0,341.0,0.0,775.0,339.0,0.0,781.0,341.0,,,,26,,Lewis,Dobbin,Dobbin,Has joined Preston North End on loan for the rest of the season.,,0,0,0,0,0,0,0,0,0,0,0,0,0,,,,0.0,0.0,0.0,0.0,0.0,0,0,0
58,i,0.0,0.0,4.9,315,196.0,0,0.0,-1,1.0,0.2,367,123.0,61,0,3.4,132.0,59.0,7,282,0.0,717.0,296.0,0.0,12.4,0.0,111317,29,115995,941,0.0,0.0,0.53,0.84,1.36,20.8,0.03,0.05,0.08,1.33,325.0,144.0,49.0,241.3,113.0,79.0,75.0,267.0,145.0,64.2,168.0,92.0,,,,26,,Boubacar,Kamara,Kamara,Knee injury - Expected back 01 Jun,,1410,1,3,5,15,0,0,0,5,0,0,17,149,,,,0.0,0.32,0.96,1.09,9.51,38,46,65
60,u,0.0,0.0,4.4,562,337.0,0,0.0,-1,1.0,0.3,329,112.0,0,0,0.0,680.0,265.0,0,0,0.0,594.0,207.0,0.0,0.0,0.0,38290,0,49820,554,0.0,0.0,0.0,0.0,0.0,0.0,0.0,0.0,0.0,0.0,0.0,673.0,258.0,0.0,669.0,263.0,0.0,648.0,254.0,0.0,676.0,261.0,,,,26,,Ben,Broggio,Broggio,has joined Falkirk on loan for the rest of the season.,,0,0,0,0,0,0,0,0,0,0,0,0,0,,,,0.0,0.0,0.0,0.0,0.0,0,0,0
61,u,0.0,0.0,4.5,410,250.0,0,0.0,0,0.0,0.1,532,192.0,0,0,0.0,687.0,268.0,0,0,0.0,604.0,212.0,0.0,0.0,0.0,2169,0,33575,31,0.0,0.0,0.0,0.0,0.0,0.0,0.0,0.0,0.0,0.0,0.0,681.0,262.0,0.0,676.0,266.0,0.0,656.0,258.0,0.0,684.0,265.0,,,,26,,Leander,Dendoncker,Dendoncker,Has joined Real Oviedo permanently.,,0,0,0,0,0,0,0,0,0,0,0,0,0,,,,0.0,0.0,0.0,0.0,0.0,0,0,0
62,u,0.0,0.0,4.5,473,288.0,0,0.0,0,0.0,0.1,548,200.0,1,0,1.0,476.0,215.0,0,3,0.0,647.0,246.0,0.0,0.2,0.0,8790,0,10118,213,0.0,0.0,0.0,0.0,0.0,0.61,0.0,0.0,0.0,6.86,0.2,501.0,229.0,0.3,479.0,233.0,0.0,699.0,291.0,0.1,504.0,232.0,,,,26,,Jamaldeen,Jimoh-Aloba,Jimoh-Aloba,has joined West Brom on loan for the rest of the season.,,8,0,0,0,0,0,0,0,0,0,0,0,1,,,,0.0,0.0,0.0,0.0,11.25,0,0,1
304,a,100.0,100.0,4.8,368,230.0,0,0.0,-2,2.0,0.0,615,238.0,50,0,2.6,252.0,104.0,1,158,0.2,365.0,159.0,0.0,10.4,0.0,5501,64,6250,84,-0.3,0.2,0.35,0.58,0.93,15.04,0.03,0.06,0.09,1.45,162.8,278.0,121.0,79.6,278.0,162.0,46.0,315.0,166.0,28.7,327.0,156.0,,,,26,,Tim,Iroegbunam,Iroegbunam,,,934,0,3,7,9,0,0,0,8,0,0,11,126,,,,0.0,0.67,0.87,1.06,12.14,43,28,55
305,a,100.0,100.0,4.5,498,306.0,0,0.0,0,0.0,0.1,507,183.0,15,1,1.9,341.0,150.0,0,57,1.5,232.0,98.0,0.3,3.3,0.0,10283,420,16524,315,1.0,1.5,0.7,0.17,0.87,7.49,0.15,0.04,0.19,1.64,47.0,403.0,179.0,50.9,330.0,181.0,59.0,296.0,157.0,15.8,376.0,177.0,,,,26,,Harrison,Armstrong,Armstrong,,,410,0,0,1,6,0,0,0,0,0,0,5,42,,,,0.0,0.22,1.32,1.1,9.22,10,13,19
634,a,100.0,100.0,4.3,601,138.0,0,0.0,-2,2.0,0.1,471,171.0,36,9,2.0,325.0,121.0,1,142,2.0,189.0,70.0,0.5,8.4,0.0,13171,215,9925,379,1.5,2.0,1.41,0.31,1.72,24.28,0.09,0.02,0.11,1.55,279.2,188.0,78.0,102.5,245.0,70.0,174.0,138.0,27.0,55.5,208.0,68.0,,,,26,,Yerson,Mosquera Valdelamar,Mosquera,,,1406,0,0,3,27,2,0,0,9,0,0,16,150,,,,0.0,0.19,1.73,1.02,8.83,42,96,69
635,a,100.0,100.0,4.4,544,118.0,0,0.0,-1,1.0,0.1,565,203.0,20,2,1.7,372.0,138.0,0,53,1.2,248.0,91.0,0.3,4.5,0.0,9569,45,14647,67,0.7,0.4,1.1,0.29,1.39,7.57,0.17,0.05,0.22,1.18,101.0,337.0,129.0,60.1,316.0,106.0,140.0,179.0,41.0,30.3,320.0,109.0,,,,26,,Rodrigo,Martins Gomes,R.Gomes,,,575,1,0,0,10,0,0,0,0,0,0,6,48,,,,0.0,0.0,1.57,0.94,5.32,15,19,21
636,a,100.0,100.0,4.4,530,109.0,0,0.0,-1,1.0,0.1,441,163.0,62,9,3.4,127.0,47.0,2,202,2.6,147.0,48.0,0.6,14.1,0.0,26512,256,21184,469,2.1,3.2,1.61,1.03,2.64,25.36,0.09,0.06,0.15,1.46,377.4,105.0,48.0,97.3,249.0,72.0,126.0,204.0,50.0,60.0,188.0,61.0,,,,26,,Santiago,Ignacio Bueno,S.Bueno,,,1562,2,2,3,29,0,0,0,3,0,0,17,145,,,,0.0,0.17,1.67,0.98,7.43,38,91,37
637,d,25.0,25.0,4.2,641,152.0,0,0.0,-3,3.0,0.1,524,186.0,20,0,1.5,400.0,145.0,0,74,0.0,529.0,225.0,0.0,4.8,0.0,6884,5,19370,66,-0.1,-0.5,0.04,0.21,0.25,17.96,0.0,0.02,0.02,1.7,212.2,243.0,96.0,77.4,284.0,92.0,29.0,351.0,115.0,31.9,312.0,105.0,,,,26,,Toti,Gomes,Toti,Hamstring injury - 25% chance of playing,,949,0,0,0,25,0,0,0,1,1,0,12,106,,,,0.0,0.0,2.37,1.14,7.97,14,70,37
761,a,,,4.0,724,201.0,0,0.0,0,0.0,0.0,720,248.0,0,0,0.0,623.0,238.0,0,0,0.0,509.0,213.0,0.0,0.0,0.0,822,54,576,40,0.0,0.0,0.0,0.0,0.0,0.0,0.0,0.0,0.0,0.0,0.0,613.0,238.0,0.0,606.0,238.0,0.0,574.0,233.0,0.0,616.0,238.0,,,,26,,Freddie,Simmonds,Simmonds,,,0,0,0,0,0,0,0,0,0,0,0,0,0,,,,0.0,0.0,0.0,0.0,0.0,0,0,0
245,s,0.0,0.0,4.9,331,206.0,0,0.0,-1,1.0,0.0,747,318.0,0,0,0.0,773.0,335.0,0,0,0.0,727.0,303.0,0.0,0.0,0.0,940,16,1255,9,0.0,0.0,0.0,0.0,0.0,0.0,0.0,0.0,0.0,0.0,0.0,772.0,334.0,0.0,769.0,335.0,0.0,763.0,333.0,0.0,773.0,335.0,,,,26,,Mykhailo,Mudryk,Mudryk,Suspended - unknown return date,,0,0,0,0,0,0,0,0,0,0,0,0,0,,,,0.0,0.0,0.0,0.0,0.0,0,0,0
246,a,100.0,100.0,4.5,459,276.0,0,0.0,0,0.0,0.3,324,109.0,26,2,1.4,421.0,189.0,0,144,1.8,212.0,88.0,0.4,5.8,0.0,71109,1238,79555,588,2.8,2.3,1.7,0.7,2.4,12.27,0.19,0.08,0.27,1.39,135.4,305.0,137.0,118.0,218.0,140.0,61.0,290.0,156.0,31.4,314.0,153.0,,,,26,,Andrey,Nascimento dos Santos,Andrey Santos,,,795,0,0,1,9,0,0,0,4,0,0,8,93,,,,0.0,0.11,1.02,0.91,10.53,24,35,34
248,u,0.0,0.0,4.5,499,307.0,0,0.0,0,0.0,0.0,776,336.0,0,0,0.0,740.0,310.0,0,0,0.0,670.0,263.0,0.0,0.0,0.0,0,0,948,1,0.0,0.0,0.0,0.0,0.0,0.0,0.0,0.0,0.0,0.0,0.0,739.0,309.0,0.0,734.0,310.0,0.0,720.0,306.0,0.0,740.0,310.0,,,,26,,Kendry,Páez Andrade,Paez,has joined River Plate on loan for the rest of the season.,,0,0,0,0,0,0,0,0,0,0,0,0,0,,,,0.0,0.0,0.0,0.0,0.0,0,0,0
249,a,,,7.7,19,6.0,1,-1.0,2,-2.0,46.0,3,2.0,132,10,5.1,14.0,3.0,24,529,10.0,1.0,1.0,1.3,17.1,0.0,7130522,214457,7984751,9308,11.0,10.5,8.78,1.65,10.43,26.4,0.42,0.08,0.5,1.26,557.6,34.0,3.0,380.3,48.0,1.0,621.0,11.0,8.0,155.5,14.0,3.0,,,,26,,João Pedro,Junqueira de Jesus,João Pedro,,,1887,10,8,9,20,0,0,0,3,0,0,22,108,,,,0.0,0.43,0.95,1.05,5.15,18,34,56
321,a,,,4.3,586,132.0,0,0.0,-2,2.0,0.1,561,201.0,37,0,3.1,168.0,66.0,1,148,1.8,208.0,77.0,0.4,8.6,0.0,6424,89,6655,147,1.8,1.3,0.05,0.53,0.58,14.38,0.0,0.05,0.05,1.39,234.6,218.0,84.0,47.0,339.0,115.0,14.0,386.0,137.0,29.7,322.0,110.0,,,,26,,Jorge,Cuenca Barreno,J.Cuenca,,,928,0,0,2,11,0,0,0,5,0,0,11,117,,,,0.0,0.19,1.07,1.07,10.77,16,95,39
322,a,100.0,100.0,4.5,412,74.0,0,0.0,0,0.0,0.3,337,122.0,67,1,3.7,94.0,36.0,5,256,0.5,318.0,115.0,0.1,14.9,0.0,155533,244,150213,467,0.5,0.0,0.65,1.1,1.75,21.15,0.04,0.07,0.11,1.32,353.6,122.0,56.0,178.0,166.0,39.0,87.0,252.0,72.0,61.9,180.0,58.0,,,,26,,Kenny,Tete,Tete,,,1443,1,0,5,22,0,0,0,2,0,0,17,156,,,,0.0,0.31,1.37,1.06,8.3,55,78,66
323,a,,,3.8,811,259.0,0,0.0,-2,2.0,0.1,420,154.0,0,0,0.0,532.0,197.0,0,0,0.0,409.0,164.0,0.0,0.0,0.0,8941,94,16561,122,0.0,-0.5,0.0,0.0,0.0,0.0,0.0,0.0,0.0,0.0,0.0,522.0,197.0,0.0,511.0,197.0,0.0,476.0,189.0,0.0,525.0,197.0,,,,26,,Samuel,Amissah,Amissah,,,0,0,0,0,0,0,0,0,0,0,0,0,0,,,,0.0,0.0,0.0,0.0,0.0,0,0,0
324,a,100.0,100.0,6.3,66,44.0,0,0.0,-2,2.0,0.7,213,72.0,66,2,3.3,150.0,67.0,7,318,2.5,165.0,75.0,0.4,10.5,0.0,290784,1245,395440,865,2.5,2.0,0.87,3.14,4.01,26.99,0.05,0.17,0.22,1.44,307.0,166.0,62.0,457.7,28.0,27.0,166.0,147.0,84.0,93.2,82.0,48.0,5.0,,,26,,Alex,Iwobi,Iwobi,,,1686,2,2,3,33,0,0,0,2,0,0,20,124,,,,0.0,0.16,1.76,1.07,6.62,20,22,82
325,a,100.0,100.0,5.6,127,78.0,0,0.0,-4,4.0,0.6,251,86.0,59,1,2.3,297.0,131.0,1,262,1.8,223.0,94.0,0.3,10.5,0.0,156454,690,205834,1667,1.8,1.3,3.52,0.9,4.42,22.23,0.25,0.06,0.31,1.59,221.8,231.0,101.0,234.7,118.0,82.0,261.0,86.0,53.0,71.8,138.0,76.0,,,,26,,Emile,Smith Rowe,Smith Rowe,,,1257,3,1,3,20,0,0,0,1,0,0,14,99,,,,0.0,0.21,1.43,1.0,7.09,18,30,51
328,a,100.0,100.0,5.4,163,100.0,0,0.0,-1,1.0,0.2,411,139.0,71,4,3.7,98.0,44.0,5,251,2.8,139.0,64.0,0.5,13.1,0.0,143135,365,137185,261,2.8,2.3,0.92,1.67,2.59,21.3,0.06,0.11,0.17,1.35,320.2,153.0,54.0,168.5,177.0,120.0,151.0,164.0,93.0,63.7,171.0,93.0,,,,26,,Ryan,Sessegnon,Sessegnon,,,1417,2,3,4,27,0,0,0,0,0,0,16,168,,,,0.0,0.25,1.71,1.02,10.67,36,75,57
329,a,100.0,100.0,6.0,85,55.0,0,0.0,5,-5.0,20.4,19,7.0,120,2,4.8,21.0,11.0,16,465,4.0,66.0,34.0,0.7,20.0,0.0,4322993,42459,1828260,100205,4.0,3.5,4.24,3.69,7.93,28.08,0.2,0.17,0.37,1.31,511.4,50.0,13.0,454.0,30.0,29.0,456.0,27.0,14.0,142.0,21.0,17.0,3.0,3.0,3.0,26,,Harry,Wilson,Wilson,,,1925,8,6,6,29,0,0,0,6,0,0,23,122,,,,0.0,0.28,1.36,1.08,5.7,20,43,59
330,a,,,4.9,305,190.0,0,0.0,-1,1.0,0.1,522,189.0,63,2,2.4,285.0,123.0,3,386,1.8,216.0,89.0,0.4,12.9,0.0,10793,144,12031,178,1.8,1.3,1.15,1.06,2.21,34.5,0.05,0.04,0.09,1.44,352.8,123.0,40.0,272.6,96.0,70.0,65.0,280.0,152.0,69.3,145.0,80.0,,,,26,,Sander,Berge,Berge,,,2161,0,2,5,38,1,0,0,4,0,0,25,208,,,,0.0,0.21,1.58,1.04,8.66,44,71,93
331,d,50.0,0.0,4.8,351,219.0,0,0.0,-2,2.0,0.0,634,250.0,24,0,1.5,407.0,180.0,1,100,0.5,325.0,142.0,0.1,5.0,0.0,2584,4,4582,141,0.2,0.0,0.85,0.28,1.13,8.12,0.17,0.06,0.23,1.61,78.0,367.0,163.0,85.2,268.0,158.0,48.0,312.0,164.0,21.2,357.0,170.0,,,,26,,Tom,Cairney,Cairney,Calf injury - 50% chance of playing,,453,1,0,0,9,0,0,0,2,0,0,3,34,,,,0.0,0.0,1.79,0.6,6.75,3,7,24
404,u,0.0,0.0,5.4,168,19.0,0,0.0,-1,1.0,0.3,334,121.0,0,0,0.0,796.0,264.0,0,0,0.0,775.0,262.0,0.0,0.0,0.0,9281,0,85345,56,0.0,0.0,0.0,0.0,0.0,0.0,0.0,0.0,0.0,0.0,0.0,796.0,264.0,0.0,795.0,264.0,0.0,793.0,264.0,0.0,796.0,264.0,,,,26,,Manuel,Akanji,Akanji,has joined Inter Milan on loan for the rest of the season.,,0,0,0,0,0,0,0,0,0,0,0,0,0,,,,0.0,0.0,0.0,0.0,0.0,0,0,0
405,a,,,5.3,187,23.0,0,0.0,-2,2.0,0.6,239,90.0,26,0,2.0,333.0,123.0,1,111,0.2,378.0,139.0,0.0,4.9,0.0,44207,303,84079,921,0.7,0.7,0.28,0.44,0.72,7.87,0.05,0.08,0.13,1.46,98.6,342.0,131.0,93.1,256.0,77.0,25.0,359.0,119.0,21.8,353.0,120.0,,,,26,,Nathan,Aké,Aké,,,485,0,0,2,7,0,0,0,1,0,0,4,40,,,,0.0,0.37,1.3,0.74,6.87,9,28,12
406,a,100.0,100.0,5.4,185,22.0,0,0.0,-1,1.0,0.4,292,109.0,31,1,2.6,259.0,99.0,0,151,3.2,101.0,38.0,0.6,5.7,0.0,51786,1598,70667,1141,3.7,3.7,0.3,0.1,0.4,11.09,0.04,0.01,0.05,1.35,141.6,297.0,115.0,33.7,361.0,126.0,4.0,433.0,159.0,18.0,369.0,130.0,,,,26,,Abdukodir,Khusanov,Khusanov,,,739,0,0,3,7,0,0,0,2,0,0,8,78,,,,0.0,0.37,0.85,0.97,8.4,19,50,34
407,a,100.0,100.0,5.4,175,21.0,0,0.0,-1,1.0,3.3,101,38.0,115,4,5.0,15.0,4.0,14,475,5.2,25.0,5.0,1.0,21.3,0.0,854181,14480,523129,10066,5.7,5.7,0.25,1.41,1.66,22.49,0.01,0.07,0.08,1.06,481.4,61.0,28.0,306.9,80.0,18.0,58.0,298.0,91.0,84.9,103.0,29.0,,,4.0,26,,Matheus,Nunes,Matheus N.,,,1904,1,7,8,19,0,0,0,4,0,0,21,183,,,,0.0,0.38,0.9,0.99,6.85,44,101,117
483,a,,,3.8,809,258.0,0,0.0,-2,2.0,0.4,286,107.0,0,0,0.0,530.0,196.0,0,0,0.0,407.0,163.0,0.0,0.0,0.0,64129,321,46621,475,-0.5,0.0,0.0,0.0,0.0,0.0,0.0,0.0,0.0,0.0,0.0,520.0,196.0,0.0,509.0,196.0,0.0,474.0,188.0,0.0,523.0,196.0,,,,26,,Miodrag,Pivaš,Pivas,,,0,0,0,0,0,0,0,0,0,0,0,0,0,,,,0.0,0.0,0.0,0.0,0.0,0,0,0
332,i,0.0,0.0,4.9,309,193.0,0,0.0,-1,1.0,0.1,574,212.0,50,0,2.6,254.0,106.0,3,225,0.0,715.0,294.0,0.0,10.2,0.0,14547,6,18921,92,0.0,0.0,1.74,1.35,3.09,18.45,0.13,0.1,0.23,1.37,232.0,220.0,97.0,338.7,63.0,50.0,119.0,213.0,116.0,68.9,148.0,81.0,1.0,,,26,,Saša,Lukić,Lukić,Hamstring injury - Unknown return date,,1208,1,3,4,17,0,0,0,6,0,0,15,127,,,,0.0,0.3,1.27,1.12,9.46,35,43,49
333,u,0.0,0.0,4.5,476,290.0,0,0.0,0,0.0,0.0,666,271.0,0,0,0.0,724.0,299.0,0,0,0.0,650.0,248.0,0.0,0.0,0.0,898,0,6578,7,0.0,0.0,0.0,0.0,0.0,0.0,0.0,0.0,0.0,0.0,0.0,721.0,296.0,0.0,717.0,298.0,0.0,702.0,293.0,0.0,723.0,298.0,,,,26,,Martial,Godo,Godo,has joined Strasbourg permanently.,,0,0,0,0,0,0,0,0,0,0,0,0,0,,,,0.0,0.0,0.0,0.0,0.0,0,0,0
340,a,,,3.9,743,73.0,0,0.0,-1,1.0,0.2,414,61.0,0,0,0.0,540.0,41.0,0,0,0.0,417.0,32.0,0.0,0.0,0.0,8007,78,14351,105,0.0,-0.5,0.0,0.0,0.0,0.0,0.0,0.0,0.0,0.0,0.0,530.0,41.0,0.0,520.0,26.0,0.0,485.0,12.0,0.0,533.0,41.0,,,,26,,Alex,Cairns,Cairns,,,0,0,0,0,0,0,0,0,0,0,0,0,0,,,,0.0,0.0,0.0,0.0,0.0,0,0,0
745,a,,,4.0,731,208.0,0,0.0,0,0.0,0.0,628,224.0,1,0,1.0,455.0,168.0,0,3,0.2,351.0,129.0,0.0,0.2,0.0,1874,54,1745,87,-0.8,0.2,0.0,0.0,0.0,0.0,0.0,0.0,0.0,0.0,0.4,497.0,177.0,0.5,468.0,172.0,0.0,580.0,239.0,0.1,502.0,178.0,,,,26,,Jun'ai,Byfield,Byfield,,,1,0,0,0,0,0,0,0,0,0,0,0,0,,,,0.0,0.0,0.0,0.0,0.0,0,0,0
1,a,,,6.0,86,1.0,1,-1.0,5,-5.0,35.3,7,1.0,109,3,4.0,74.0,7.0,5,432,3.4,92.0,6.0,0.6,18.2,0.0,3915569,25425,2134547,28961,4.4,9.3,0.0,0.05,0.05,18.62,0.0,0.0,0.0,0.69,382.4,102.0,16.0,30.4,370.0,3.0,0.0,808.0,94.0,41.4,269.0,16.0,,,,26,,David,Raya Martín,Raya,,,2430,0,0,13,20,0,0,0,1,0,37,27,94,,,,1.37,0.48,0.74,1.0,0.0,1,23,225
3,u,0.0,0.0,4.0,684,54.0,0,0.0,0,0.0,0.2,372,54.0,0,0,0.0,591.0,73.0,0,0,0.0,473.0,65.0,0.0,0.0,0.0,5545,0,47862,97,0.0,0.0,0.0,0.0,0.0,0.0,0.0,0.0,0.0,0.0,0.0,581.0,73.0,0.0,574.0,61.0,0.0,541.0,47.0,0.0,584.0,73.0,,,,26,,Karl,Hein,Hein,Has joined Werder Bremen on loan for the rest of the season.,,0,0,0,0,0,0,0,0,0,0,0,0,0,,,,0.0,0.0,0.0,0.0,0.0,0,0,0
4,a,,,3.9,774,90.0,0,0.0,-1,1.0,0.2,357,52.0,0,0,0.0,563.0,58.0,0,0,0.0,442.0,49.0,0.0,0.0,0.0,32942,182,32265,279,1.0,2.5,0.0,0.0,0.0,0.0,0.0,0.0,0.0,0.0,0.0,553.0,58.0,0.0,543.0,43.0,0.0,508.0,29.0,0.0,556.0,58.0,,,,26,,Tommy,Setford,Setford,,,0,0,0,0,0,0,0,0,0,0,0,0,0,,,,0.0,0.0,0.0,0.0,0.0,0,0,0
6,a,100.0,100.0,6.1,84,4.0,0,0.0,1,-1.0,14.3,24,9.0,84,1,3.8,91.0,35.0,4,377,3.0,122.0,42.0,0.5,13.8,0.0,1837877,17148,2041411,27963,4.0,8.5,0.38,0.6,0.98,12.29,0.02,0.03,0.05,0.61,349.8,126.0,57.0,122.0,213.0,53.0,32.0,345.0,112.0,50.4,227.0,74.0,,,,26,,William,Saliba,Saliba,,,1804,0,0,10,14,0,0,0,1,0,0,21,155,,,,0.0,0.5,0.7,1.05,6.19,24,100,82
168,a,100.0,100.0,4.6,402,249.0,0,0.0,-4,4.0,0.1,482,169.0,2,0,0.7,507.0,239.0,0,5,0.2,362.0,157.0,0.0,0.4,0.0,15287,279,28169,270,0.2,-0.3,0.04,0.1,0.14,1.86,0.05,0.13,0.18,2.43,6.0,466.0,210.0,25.7,378.0,193.0,19.0,376.0,191.0,5.0,443.0,199.0,,,,26,,Facundo,Buonanotte,Buonanotte,,,69,0,0,0,2,0,0,0,1,0,0,1,5,,,,0.0,0.0,2.61,1.3,6.52,1,1,3
791,a,,,5.5,143,36.0,0,0.0,0,0.0,0.1,449,66.0,17,2,2.8,231.0,24.0,0,54,3.5,86.0,10.0,0.6,3.1,0.0,23075,1356,8453,831,3.5,3.0,1.81,0.21,2.02,6.68,0.34,0.04,0.38,1.27,64.6,384.0,40.0,49.6,334.0,38.0,173.0,141.0,34.0,27.7,328.0,38.0,,,,26,,Valentín,Castellanos,Taty,,,475,1,1,2,6,0,0,0,2,0,0,6,25,,,,0.0,0.38,1.14,1.14,4.74,3,10,12
802,a,,,5.0,279,173.0,0,0.0,0,0.0,0.0,791,349.0,0,0,0.0,789.0,347.0,0,0,0.0,752.0,322.0,0.0,0.0,0.0,286,25,154,31,0.0,-0.5,0.0,0.0,0.0,0.0,0.0,0.0,0.0,0.0,0.0,788.0,346.0,0.0,787.0,347.0,0.0,783.0,345.0,0.0,789.0,347.0,,,,26,,Keiber,Lamadrid,Lamadrid,,,0,0,0,0,0,0,0,0,0,0,0,0,0,,,,0.0,0.0,0.0,0.0,0.0,0,0,0
751,u,0.0,0.0,4.5,488,299.0,0,0.0,0,0.0,0.0,768,332.0,0,0,0.0,733.0,305.0,0,0,0.0,662.0,257.0,0.0,0.0,0.0,675,0,585,15,0.0,0.0,0.0,0.0,0.0,0.0,0.0,0.0,0.0,0.0,0.0,731.0,303.0,0.0,726.0,304.0,0.0,712.0,300.0,0.0,732.0,304.0,,,,26,,Yusuf,Akhamrich,Akhamrich,has joined Bristol Rovers on loan for the rest of the season.,,0,0,0,0,0,0,0,0,0,0,0,0,0,,,,0.0,0.0,0.0,0.0,0.0,0,0,0
790,a,,,4.5,501,309.0,0,0.0,0,0.0,0.0,770,333.0,0,0,0.0,742.0,312.0,0,0,0.0,672.0,265.0,0.0,0.0,0.0,541,72,214,34,-1.0,0.0,0.0,0.0,0.0,0.0,0.0,0.0,0.0,0.0,0.0,741.0,311.0,0.0,736.0,312.0,0.0,722.0,308.0,0.0,742.0,312.0,,,,26,,Lucá,Williams-Barnett,Williams-Barnett,,,0,0,0,0,0,0,0,0,0,0,0,0,0,,,,0.0,0.0,0.0,0.0,0.0,0,0,0
796,a,,,5.4,170,104.0,0,0.0,-1,1.0,0.2,405,135.0,15,2,3.0,193.0,82.0,0,79,3.2,100.0,46.0,0.6,2.8,0.0,33843,848,14154,1580,2.2,3.2,0.56,0.46,1.02,9.73,0.12,0.1,0.22,2.13,76.2,370.0,164.0,103.1,243.0,151.0,82.0,255.0,137.0,26.1,336.0,161.0,,,,26,,Conor,Gallagher,Gallagher,,,412,0,1,0,9,0,0,0,0,0,0,5,44,,,,0.0,0.0,1.97,1.09,9.61,7,12,25
804,a,,,4.0,728,205.0,0,0.0,0,0.0,0.0,713,246.0,1,0,1.0,454.0,167.0,0,1,0.3,344.0,123.0,0.1,0.2,0.0,1513,156,349,105,-0.7,0.3,0.0,0.0,0.0,1.04,0.0,0.0,0.0,2.67,6.0,465.0,169.0,10.3,414.0,151.0,0.0,577.0,236.0,1.6,469.0,168.0,,,,26,,João Victor,de Souza Menezes,Souza,,,35,0,0,0,1,0,0,0,0,0,0,0,2,,,,0.0,0.0,2.57,0.0,5.14,0,2,2
811,a,,,4.5,462,279.0,0,0.0,0,0.0,0.0,802,356.0,0,0,0.0,715.0,292.0,0,0,0.0,638.0,238.0,0.0,0.0,0.0,193,40,41,20,-1.0,0.0,0.0,0.0,0.0,0.0,0.0,0.0,0.0,0.0,0.0,710.0,287.0,0.0,707.0,290.0,0.0,690.0,283.0,0.0,712.0,289.0,,,,26,,Rio,Kyerematen,Kyerematen,,,0,0,0,0,0,0,0,0,0,0,0,0,0,,,,0.0,0.0,0.0,0.0,0.0,0,0,0
326,a,,,5.1,225,139.0,0,0.0,-4,4.0,0.2,406,136.0,19,1,1.1,443.0,199.0,0,63,0.5,330.0,145.0,0.1,3.7,0.0,15489,588,35220,370,0.5,0.0,0.34,0.55,0.89,5.87,0.11,0.18,0.29,1.94,21.8,438.0,192.0,62.5,307.0,175.0,62.0,288.0,155.0,14.3,384.0,180.0,,,,26,,Adama,Traoré Diarra,Adama,,,272,0,0,0,9,0,0,0,1,0,0,1,14,,,,0.0,0.0,2.98,0.33,4.63,1,1,12
600,a,,,4.3,571,27.0,0,0.0,-2,2.0,2.2,126,17.0,51,0,2.5,267.0,24.0,2,220,1.0,266.0,22.0,0.2,11.9,0.0,176854,1973,430299,3703,1.0,0.5,0.0,0.0,0.0,35.3,0.0,0.0,0.0,1.76,570.4,31.0,10.0,10.0,417.0,6.0,0.0,599.0,67.0,57.9,196.0,9.0,,,,26,,Alphonse,Areola,Areola,,,1800,0,1,0,37,0,0,0,0,0,77,20,55,,,,3.85,0.0,1.85,1.0,0.0,0,30,142
601,u,0.0,0.0,4.0,660,42.0,0,0.0,0,0.0,0.2,352,51.0,0,0,0.0,572.0,63.0,0,0,0.0,452.0,54.0,0.0,0.0,0.0,3874,0,42185,147,0.0,0.0,0.0,0.0,0.0,0.0,0.0,0.0,0.0,0.0,0.0,562.0,63.0,0.0,553.0,49.0,0.0,519.0,35.0,0.0,565.0,63.0,,,,26,,Wes,Foderingham,Foderingham,has joined Aris Limassol permanently.,,0,0,0,0,0,0,0,0,0,0,0,0,0,,,,0.0,0.0,0.0,0.0,0.0,0,0,0
655,u,0.0,0.0,4.9,329,61.0,0,0.0,-1,1.0,0.2,396,62.0,0,0,0.0,772.0,85.0,0,0,0.0,726.0,77.0,0.0,0.0,0.0,7178,0,55220,46,0.0,0.0,0.0,0.0,0.0,0.0,0.0,0.0,0.0,0.0,0.0,771.0,85.0,0.0,768.0,84.0,0.0,762.0,84.0,0.0,772.0,85.0,,,,26,,Fábio,Soares Silva,Fábio Silva,has joined Borussia Dortmund permanently.,,0,0,0,0,0,0,0,0,0,0,0,0,0,,,,0.0,0.0,0.0,0.0,0.0,0,0,0
777,u,0.0,0.0,4.5,455,272.0,0,0.0,0,0.0,0.0,798,353.0,0,0,0.0,710.0,287.0,0,0,0.0,633.0,233.0,0.0,0.0,0.0,415,0,282,13,0.0,0.0,0.0,0.0,0.0,0.0,0.0,0.0,0.0,0.0,0.0,705.0,282.0,0.0,702.0,285.0,0.0,685.0,278.0,0.0,707.0,284.0,,,,26,,Temple,Ojinnaka,Ojinnaka,has joined Shrewsbury Town on loan for the rest of the season.,,0,0,0,0,0,0,0,0,0,0,0,0,0,,,,0.0,0.0,0.0,0.0,0.0,0,0,0
809,a,,,4.5,515,319.0,0,0.0,0,0.0,0.0,772,334.0,0,0,0.0,752.0,320.0,0,0,0.0,686.0,275.0,0.0,0.0,0.0,547,119,101,42,-0.5,-2.0,0.0,0.0,0.0,0.0,0.0,0.0,0.0,0.0,0.0,751.0,319.0,0.0,746.0,320.0,0.0,733.0,317.0,0.0,752.0,320.0,,,,26,,Jerome,Abbey,Abbey,,,0,0,0,0,0,0,0,0,0,0,0,0,0,,,,0.0,0.0,0.0,0.0,0.0,0,0,0
816,d,75.0,,5.0,249,151.0,0,0.0,0,0.0,0.0,653,262.0,6,4,2.0,331.0,146.0,0,42,2.0,197.0,83.0,0.4,1.2,0.0,3924,121,499,313,1.1,2.0,0.05,0.07,0.12,6.4,0.03,0.04,0.07,3.27,32.4,420.0,186.0,37.7,354.0,187.0,10.0,399.0,199.0,8.0,420.0,192.0,,,,26,,Angel,Gomes,Angel,Back injury - 75% chance of playing,,176,0,0,1,4,0,0,0,0,0,0,3,15,,,,0.0,0.51,2.05,1.53,7.67,4,4,7
