id,status,chance_of_playing_next_round,chance_of_playing_this_round,now_cost,now_cost_rank,now_cost_rank_type,cost_change_event,cost_change_event_fall,cost_change_start,cost_change_start_fall,selected_by_percent,selected_rank,selected_rank_type,total_points,event_points,points_per_game,points_per_game_rank,points_per_game_rank_type,bonus,bps,form,form_rank,form_rank_type,value_form,value_season,dreamteam_count,transfers_in,transfers_in_event,transfers_out,transfers_out_event,ep_next,ep_this,expected_goals,expected_assists,expected_goal_involvements,expected_goals_conceded,expected_goals_per_90,expected_assists_per_90,expected_goal_involvements_per_90,expected_goals_conceded_per_90,influence,influence_rank,influence_rank_type,creativity,creativity_rank,creativity_rank_type,threat,threat_rank,threat_rank_type,ict_index,ict_index_rank,ict_index_rank_type,corners_and_indirect_freekicks_order,direct_freekicks_order,penalties_order,gw,set_piece_threat,first_name,second_name,web_name,news,news_added,minutes,goals_scored,assists,clean_sheets,goals_conceded,own_goals,penalties_saved,penalties_missed,yellow_cards,red_cards,saves,starts,defensive_contribution,corners_and_indirect_freekicks_text,direct_freekicks_text,penalties_text,saves_per_90,clean_sheets_per_90,goals_conceded_per_90,starts_per_90,defensive_contribution_per_90,tackles,clearances_blocks_interceptions,recoveries
759,a,,,4.0,730,205.0,0,0.0,0,0.0,0.0,686,239.0,0,0,0.0,629.0,242.0,0,0,0.0,507.0,208.0,0.0,0.0,0.0,1297,2,1099,4,1.0,1.0,0.0,0.0,0.0,0.0,0.0,0.0,0.0,0.0,0.0,619.0,242.0,0.0,611.0,242.0,0.0,583.0,239.0,0.0,621.0,242.0,,,,29,,Marli,Salmon,Salmon,,,0,0,0,0,0,0,0,0,0,0,0,0,0,,,,0.0,0.0,0.0,0.0,0.0,0,0,0
203,a,,,4.7,394,246.0,0,0.0,-3,3.0,0.0,595,224.0,0,0,0.0,761.0,326.0,0,0,0.0,695.0,284.0,0.0,0.0,0.0,4140,7,7223,8,-0.5,-0.5,0.0,0.0,0.0,0.0,0.0,0.0,0.0,0.0,0.0,760.0,325.0,0.0,755.0,325.0,0.0,747.0,322.0,0.0,760.0,325.0,,,,29,,Enock,Agyei,Boateng,,,0,0,0,0,0,0,0,0,0,0,0,0,0,,,,0.0,0.0,0.0,0.0,0.0,0,0,0
87,a,100.0,100.0,4.9,293,183.0,0,0.0,-1,1.0,0.1,555,202.0,28,3,1.5,412.0,182.0,0,130,1.4,222.0,92.0,0.3,5.7,0.0,9545,6,15714,7,1.9,1.4,1.48,0.51,1.99,12.0,0.23,0.08,0.31,1.87,133.8,319.0,144.0,143.2,205.0,134.0,138.0,197.0,109.0,41.8,281.0,141.0,,,,29,,Ryan,Christie,Christie,,,579,1,1,1,10,0,0,0,2,0,0,3,71,,,,0.0,0.16,1.55,0.47,11.04,15,19,37
89,u,0.0,0.0,4.9,295,185.0,0,0.0,-1,1.0,0.0,674,272.0,0,0,0.0,767.0,329.0,0,0,0.0,712.0,296.0,0.0,0.0,0.0,598,0,6635,0,0.0,0.0,0.0,0.0,0.0,0.0,0.0,0.0,0.0,0.0,0.0,766.0,328.0,0.0,762.0,328.0,0.0,756.0,326.0,0.0,766.0,328.0,,,,29,,Philip,Billing,Philip,has joined Midtjylland permanently.,,0,0,0,0,0,0,0,0,0,0,0,0,0,,,,0.0,0.0,0.0,0.0,0.0,0,0,0
687,a,,,4.3,618,362.0,0,0.0,-2,2.0,0.2,391,130.0,0,0,0.0,661.0,254.0,0,0,0.0,564.0,193.0,0.0,0.0,0.0,24059,40,19254,32,0.5,0.0,0.0,0.0,0.0,0.0,0.0,0.0,0.0,0.0,0.0,651.0,244.0,0.0,647.0,249.0,0.0,624.0,238.0,0.0,653.0,246.0,,,,29,,Remy,Rees-Dottin,Rees-Dottin,,,0,0,0,0,0,0,0,0,0,0,0,0,0,,,,0.0,0.0,0.0,0.0,0.0,0,0,0
756,a,,,4.5,514,318.0,0,0.0,0,0.0,0.0,741,314.0,0,0,0.0,756.0,322.0,0,0,0.0,686.0,278.0,0.0,0.0,0.0,1687,3,1088,4,0.5,0.0,0.0,0.0,0.0,0.0,0.0,0.0,0.0,0.0,0.0,755.0,321.0,0.0,749.0,321.0,0.0,737.0,318.0,0.0,755.0,321.0,,,,29,,Malcom,DaCosta,DaCosta,,,0,0,0,0,0,0,0,0,0,0,0,0,0,,,,0.0,0.0,0.0,0.0,0.0,0,0,0
129,a,100.0,100.0,5.0,274,169.0,0,0.0,0,0.0,0.1,470,162.0,76,1,2.6,255.0,107.0,0,331,1.0,260.0,114.0,0.2,15.2,0.0,24125,11,20869,28,1.5,1.0,1.19,1.14,2.33,30.32,0.05,0.05,0.1,1.35,332.0,159.0,57.0,217.7,147.0,99.0,110.0,228.0,127.0,65.9,188.0,96.0,,,,29,,Yehor,Yarmoliuk,Yarmoliuk,,,2014,1,2,5,33,0,0,0,7,0,0,23,253,,,,0.0,0.22,1.47,1.03,11.31,52,59,142
130,a,,,4.4,570,341.0,0,0.0,-1,1.0,0.1,466,159.0,4,0,1.0,473.0,210.0,0,19,0.6,304.0,138.0,0.1,0.9,0.0,16111,11,18577,20,1.1,0.6,0.09,0.01,0.1,0.39,0.21,0.02,0.23,0.92,8.4,465.0,209.0,11.5,414.0,205.0,21.0,377.0,191.0,4.2,452.0,204.0,,,,29,,Romelle,Donovan,Donovan,,,38,0,0,0,0,0,0,0,0,0,0,0,5,,,,0.0,0.0,0.0,0.0,11.84,0,0,5
159,a,100.0,100.0,5.8,105,68.0,0,0.0,-2,2.0,0.0,751,319.0,1,0,1.0,505.0,237.0,0,4,0.2,378.0,175.0,0.0,0.2,0.0,884,12,2583,1,0.2,-0.8,0.0,0.0,0.0,0.25,0.0,0.0,0.0,5.62,0.0,809.0,360.0,0.0,809.0,360.0,0.0,808.0,360.0,0.0,809.0,360.0,,,,29,,Solly,March,March,,,4,0,0,0,0,0,0,0,0,0,0,0,0,,,,0.0,0.0,0.0,0.0,0.0,0,0,0
237,a,100.0,100.0,6.7,49,31.0,0,0.0,2,-2.0,16.2,20,7.0,121,0,4.5,36.0,16.0,14,518,1.4,230.0,97.0,0.2,18.1,0.0,5400052,1518,4071647,4682,1.9,1.9,9.89,5.17,15.06,33.26,0.38,0.2,0.58,1.29,621.0,30.0,7.0,715.5,8.0,8.0,597.0,19.0,8.0,193.4,5.0,3.0,3.0,1.0,2.0,29,,Enzo,Fernández,Enzo,,,2319,8,3,8,30,0,0,0,7,0,0,26,190,,,,0.0,0.31,1.16,1.01,7.37,45,42,103
240,u,0.0,0.0,5.9,96,62.0,0,0.0,-1,1.0,0.1,517,186.0,0,0,0.0,810.0,361.0,0,0,0.0,795.0,353.0,0.0,0.0,0.0,2668,0,23741,1,0.0,0.0,0.0,0.0,0.0,0.0,0.0,0.0,0.0,0.0,0.0,810.0,361.0,0.0,810.0,361.0,0.0,809.0,361.0,0.0,810.0,361.0,,,,29,,Christopher,Nkunku,Nkunku,has joined AC Milan permanently.,,0,0,0,0,0,0,0,0,0,0,0,0,0,,,,0.0,0.0,0.0,0.0,0.0,0,0,0
743,a,,,4.5,497,307.0,0,0.0,0,0.0,0.0,729,304.0,0,0,0.0,744.0,313.0,0,0,0.0,672.0,268.0,0.0,0.0,0.0,1493,2,1339,1,0.5,0.5,0.0,0.0,0.0,0.0,0.0,0.0,0.0,0.0,0.0,743.0,312.0,0.0,737.0,312.0,0.0,724.0,308.0,0.0,743.0,312.0,,,,29,,Landon,Emenalo,Emenalo,,,0,0,0,0,0,0,0,0,0,0,0,0,0,,,,0.0,0.0,0.0,0.0,0.0,0,0,0
283,i,0.0,0.0,7.5,23,8.0,0,0.0,0,0.0,6.6,57,11.0,84,0,3.7,107.0,8.0,9,281,0.0,815.0,91.0,0.0,11.2,0.0,4729881,15,5124525,708,0.0,0.0,11.88,1.26,13.14,26.67,0.56,0.06,0.62,1.26,411.8,108.0,9.0,119.7,228.0,24.0,664.0,13.0,8.0,119.4,46.0,10.0,,,2.0,29,,Jean-Philippe,Mateta,Mateta,Knee injury - Expected back 14 Mar,,1904,8,0,8,23,0,0,0,2,0,0,23,110,,,,0.0,0.38,1.09,1.09,5.2,8,51,51
302,a,100.0,100.0,5.4,154,96.0,0,0.0,-1,1.0,0.1,484,171.0,62,3,3.1,180.0,76.0,4,320,2.0,171.0,73.0,0.4,11.5,0.0,23545,21,28596,16,1.0,2.5,1.44,1.0,2.44,24.43,0.08,0.05,0.13,1.32,290.4,195.0,80.0,216.8,149.0,101.0,161.0,168.0,92.0,66.9,179.0,92.0,,,,29,,Idrissa Gana,Gueye,Gana,,,1666,2,1,4,21,0,0,0,1,1,0,20,171,,,,0.0,0.22,1.13,1.08,9.24,39,40,92
303,a,,,5.2,211,130.0,0,0.0,2,-2.0,4.0,88,29.0,129,10,4.4,39.0,18.0,13,641,4.8,20.0,8.0,0.9,24.8,0.0,1042805,2002,571922,696,3.8,5.3,1.81,4.71,6.52,41.17,0.06,0.16,0.22,1.42,685.4,13.0,4.0,721.1,7.0,7.0,207.0,117.0,69.0,161.6,19.0,15.0,1.0,3.0,2.0,29,,James,Garner,Garner,,,2603,2,5,10,33,0,0,0,7,0,0,29,355,,,,0.0,0.35,1.14,1.0,12.27,87,122,146
786,a,,,4.0,702,60.0,0,0.0,0,0.0,0.0,754,85.0,0,0,0.0,608.0,80.0,0,0,0.0,484.0,71.0,0.0,0.0,0.0,584,2,295,1,0.0,0.0,0.0,0.0,0.0,0.0,0.0,0.0,0.0,0.0,0.0,598.0,80.0,0.0,589.0,67.0,0.0,560.0,54.0,0.0,600.0,80.0,,,,29,,Alfie,McNally,McNally,,,0,0,0,0,0,0,0,0,0,0,0,0,0,,,,0.0,0.0,0.0,0.0,0.0,0,0,0
168,a,100.0,100.0,4.6,403,249.0,0,0.0,-4,4.0,0.1,487,172.0,2,0,0.7,514.0,241.0,0,5,0.0,690.0,281.0,0.0,0.4,0.0,16001,3,29159,9,0.0,0.0,0.04,0.1,0.14,1.86,0.05,0.13,0.18,2.43,6.0,472.0,212.0,25.7,382.0,194.0,19.0,383.0,193.0,5.0,445.0,200.0,,,,29,,Facundo,Buonanotte,Buonanotte,,,69,0,0,0,2,0,0,0,1,0,0,1,5,,,,0.0,0.0,2.61,1.3,6.52,1,1,3
343,a,100.0,100.0,4.3,584,130.0,0,0.0,-2,2.0,0.5,257,96.0,80,2,3.1,170.0,64.0,3,293,2.0,163.0,61.0,0.5,18.6,0.0,107068,85,94347,98,2.0,2.0,2.52,0.54,3.06,34.51,0.1,0.02,0.12,1.38,557.0,49.0,22.0,130.0,216.0,54.0,218.0,111.0,17.0,90.5,99.0,27.0,,,,29,,Pascal,Struijk,Struijk,,,2258,0,1,4,40,0,0,0,3,0,0,25,250,,,,0.0,0.16,1.59,1.0,9.21,28,203,95
344,a,100.0,100.0,3.9,758,219.0,0,0.0,-1,1.0,0.4,282,103.0,48,1,3.0,187.0,70.0,2,155,1.0,250.0,92.0,0.3,12.3,0.0,101635,23,80224,65,1.0,1.0,0.76,0.57,1.33,20.78,0.06,0.05,0.11,1.66,293.2,192.0,76.0,38.8,356.0,124.0,195.0,132.0,24.0,52.6,235.0,78.0,,,,29,,Jaka,Bijol,Bijol,,,1126,1,2,1,21,0,0,0,2,0,0,12,126,,,,0.0,0.08,1.68,0.96,9.19,15,100,43
345,a,100.0,100.0,3.8,796,243.0,0,0.0,-2,2.0,0.1,419,153.0,17,0,1.9,342.0,126.0,0,48,0.2,347.0,121.0,0.1,4.5,0.0,22297,10,16739,16,0.2,0.2,0.0,0.01,0.01,4.93,0.0,0.0,0.0,1.46,78.4,379.0,145.0,5.6,439.0,159.0,10.0,401.0,145.0,9.4,417.0,150.0,,,,29,,Sebastiaan,Bornauw,Bornauw,,,304,0,0,1,4,0,0,0,1,0,0,4,38,,,,0.0,0.3,1.18,1.18,11.25,6,32,7
346,a,,,3.8,787,235.0,0,0.0,-2,2.0,0.2,377,140.0,1,0,1.0,447.0,160.0,0,-2,0.0,385.0,138.0,0.0,0.3,0.0,23600,5,33809,8,0.0,0.0,0.0,0.0,0.0,0.79,0.0,0.0,0.0,10.16,0.0,511.0,184.0,0.0,494.0,181.0,0.0,463.0,175.0,0.0,513.0,184.0,,,,29,,Sam,Byram,Byram,,,7,0,0,0,1,0,0,0,0,0,0,0,0,,,,0.0,0.0,12.86,0.0,0.0,0,0,0
347,a,100.0,100.0,3.8,792,239.0,0,0.0,-2,2.0,3.9,89,30.0,61,2,2.2,303.0,113.0,8,241,1.4,218.0,84.0,0.4,16.1,0.0,933912,464,794703,293,1.4,1.4,1.13,2.0,3.12,37.44,0.04,0.08,0.12,1.45,389.0,124.0,55.0,329.2,75.0,17.0,148.0,187.0,44.0,86.7,112.0,33.0,,,,29,,Gabriel,Gudmundsson,Gudmundsson,,,2318,0,0,4,42,1,0,0,4,0,0,27,193,,,,0.0,0.16,1.63,1.05,6.13,59,99,100
135,a,100.0,100.0,7.3,24,9.0,0,0.0,-2,2.0,0.6,240,35.0,19,0,1.6,402.0,48.0,0,57,0.6,318.0,42.0,0.1,2.6,0.0,236909,70,451216,76,0.1,0.1,1.95,0.53,2.48,7.01,0.42,0.11,0.53,1.5,52.0,407.0,45.0,35.5,366.0,48.0,137.0,201.0,42.0,21.7,360.0,43.0,,,,29,,Yoane,Wissa,Wissa,,,421,1,0,1,8,0,0,0,1,0,0,4,18,,,,0.0,0.21,1.71,0.86,3.85,2,3,13
469,a,100.0,100.0,5.1,223,6.0,0,0.0,1,-1.0,4.5,81,15.0,82,0,3.7,101.0,13.0,3,336,1.4,225.0,18.0,0.3,16.1,0.0,1498917,71,1540279,294,0.9,0.9,0.16,0.0,0.16,27.01,0.01,0.0,0.01,1.24,505.8,66.0,14.0,0.0,794.0,92.0,35.0,346.0,1.0,54.1,226.0,12.0,,,,29,,Nick,Pope,Pope,,,1966,0,1,7,32,0,0,0,1,0,67,22,121,,,,3.07,0.32,1.46,1.01,0.0,1,32,204
753,a,,,4.0,659,39.0,0,0.0,0,0.0,0.0,692,81.0,0,0,0.0,574.0,62.0,0,0,0.0,445.0,51.0,0.0,0.0,0.0,1545,0,981,3,-0.5,-0.5,0.0,0.0,0.0,0.0,0.0,0.0,0.0,0.0,0.0,564.0,62.0,0.0,552.0,46.0,0.0,523.0,33.0,0.0,566.0,62.0,,,,29,,John,Ruddy,Ruddy,,,0,0,0,0,0,0,0,0,0,0,0,0,0,,,,0.0,0.0,0.0,0.0,0.0,0,0,0
765,a,,,4.0,714,190.0,0,0.0,0,0.0,0.0,656,232.0,0,0,0.0,616.0,230.0,0,0,0.0,493.0,195.0,0.0,0.0,0.0,3737,11,2157,7,-0.5,-0.5,0.0,0.0,0.0,0.0,0.0,0.0,0.0,0.0,0.0,606.0,230.0,0.0,598.0,230.0,0.0,570.0,227.0,0.0,608.0,230.0,,,,29,,Leo,Shahar,Shahar,,,0,0,0,0,0,0,0,0,0,0,0,0,0,,,,0.0,0.0,0.0,0.0,0.0,0,0,0
772,a,,,4.5,512,316.0,0,0.0,0,0.0,0.0,783,341.0,0,0,0.0,755.0,321.0,0,0,0.0,684.0,276.0,0.0,0.0,0.0,472,0,258,0,-0.5,-0.5,0.0,0.0,0.0,0.0,0.0,0.0,0.0,0.0,0.0,754.0,320.0,0.0,748.0,320.0,0.0,735.0,316.0,0.0,754.0,320.0,,,,29,,Sam,Alabi,Alabi,,,0,0,0,0,0,0,0,0,0,0,0,0,0,,,,0.0,0.0,0.0,0.0,0.0,0,0,0
12,u,0.0,0.0,4.9,304,46.0,0,0.0,-1,1.0,0.2,364,133.0,7,0,1.4,422.0,152.0,0,56,0.0,717.0,250.0,0.0,1.4,0.0,26902,0,53319,13,0.0,0.0,0.07,0.36,0.43,5.02,0.02,0.09,0.11,1.28,80.8,378.0,144.0,83.4,289.0,92.0,22.0,375.0,131.0,18.6,374.0,132.0,,,,29,,Oleksandr,Zinchenko,Zinchenko,has joined Ajax permanently.,,352,0,0,0,6,0,0,0,0,0,0,4,36,,,,0.0,0.0,1.53,1.02,6.14,10,14,17
426,a,,,5.0,258,157.0,0,0.0,-5,5.0,0.1,494,176.0,7,0,0.9,508.0,238.0,0,27,0.2,368.0,168.0,0.0,1.4,0.0,13104,4,26569,3,0.2,-0.3,0.02,0.17,0.19,4.2,0.01,0.09,0.1,2.22,16.2,450.0,200.0,45.0,351.0,187.0,10.0,409.0,201.0,7.2,434.0,195.0,,,5.0,29,,James,McAtee,McAtee,,,170,0,0,0,8,0,0,0,1,0,0,1,11,,,,0.0,0.0,4.24,0.53,5.82,4,1,6
508,a,100.0,100.0,4.7,384,64.0,0,0.0,-3,3.0,2.8,111,44.0,83,0,3.1,176.0,68.0,9,376,2.4,130.0,49.0,0.5,17.7,0.0,391207,133,1165998,128,2.4,1.9,1.54,2.89,4.43,36.96,0.06,0.11,0.17,1.42,567.8,45.0,19.0,397.3,51.0,6.0,258.0,97.0,10.0,122.2,43.0,3.0,,,,29,,Neco,Williams,N.Williams,,,2349,1,1,6,38,0,0,0,4,1,0,27,224,,,,0.0,0.23,1.46,1.03,7.05,74,110,120
675,a,100.0,100.0,4.0,664,43.0,0,0.0,0,0.0,1.1,178,23.0,1,0,1.0,453.0,34.0,0,4,0.0,449.0,54.0,0.0,0.2,0.0,30260,4,100100,21,0.0,-0.5,0.0,0.0,0.0,0.21,0.0,0.0,0.0,0.42,1.2,494.0,34.0,0.0,557.0,50.0,0.0,528.0,37.0,0.1,505.0,34.0,,,,29,,Angus,Gunn,Gunn,,,45,0,0,0,0,0,0,0,0,0,0,0,0,,,,0.0,0.0,0.0,0.0,0.0,0,1,4
534,u,0.0,0.0,3.8,791,238.0,0,0.0,-2,2.0,0.3,307,113.0,0,0,0.0,523.0,185.0,0,0,0.0,388.0,140.0,0.0,0.0,0.0,39413,0,64421,25,0.0,0.0,0.0,0.0,0.0,0.0,0.0,0.0,0.0,0.0,0.0,513.0,185.0,0.0,497.0,183.0,0.0,466.0,177.0,0.0,515.0,185.0,,,,29,,Joe,Anderson,Anderson,has joined Barrow FC permanently.,,0,0,0,0,0,0,0,0,0,0,0,0,0,,,,0.0,0.0,0.0,0.0,0.0,0,0,0
577,u,0.0,0.0,4.0,713,189.0,0,0.0,0,0.0,0.0,601,214.0,0,0,0.0,615.0,229.0,0,0,0.0,492.0,194.0,0.0,0.0,0.0,1005,0,9026,1,0.0,0.0,0.0,0.0,0.0,0.0,0.0,0.0,0.0,0.0,0.0,605.0,229.0,0.0,597.0,229.0,0.0,569.0,226.0,0.0,607.0,229.0,,,,29,,Takai,Kōta,Takai,has joined Borussia Mönchengladbach on loan for the rest of the season.,,0,0,0,0,0,0,0,0,0,0,0,0,0,,,,0.0,0.0,0.0,0.0,0.0,0,0,0
578,u,0.0,0.0,3.9,784,232.0,0,0.0,-1,1.0,0.3,309,114.0,0,0,0.0,573.0,209.0,0,0,0.0,444.0,170.0,0.0,0.0,0.0,7334,0,91896,7,0.0,0.0,0.0,0.0,0.0,0.0,0.0,0.0,0.0,0.0,0.0,563.0,209.0,0.0,551.0,209.0,0.0,522.0,205.0,0.0,565.0,209.0,,,,29,,Luka,Vušković,Vuskovic,has joined Hamburger SV on loan for the rest of the season.,,0,0,0,0,0,0,0,0,0,0,0,0,0,,,,0.0,0.0,0.0,0.0,0.0,0,0,0
595,a,,,4.3,601,352.0,0,0.0,-2,2.0,0.2,366,123.0,0,0,0.0,651.0,247.0,0,0,0.0,551.0,185.0,0.0,0.0,0.0,24412,9,29991,17,-0.5,0.0,0.0,0.0,0.0,0.0,0.0,0.0,0.0,0.0,0.0,641.0,237.0,0.0,636.0,242.0,0.0,613.0,231.0,0.0,643.0,239.0,,,,29,,Callum,Olusesi,Olusesi,,,0,0,0,0,0,0,0,0,0,0,0,0,0,,,,0.0,0.0,0.0,0.0,0.0,0,0,0
638,u,0.0,0.0,3.8,797,244.0,0,0.0,-2,2.0,1.0,195,75.0,10,0,1.2,434.0,155.0,0,38,0.0,391.0,143.0,0.0,2.6,0.0,121813,0,260099,102,0.0,0.0,0.02,0.36,0.38,9.36,0.0,0.08,0.08,1.99,101.4,351.0,134.0,87.8,277.0,86.0,13.0,393.0,141.0,20.3,368.0,128.0,,,,29,,Ki-Jana,Hoever,Hoever,has joined Sheffield United on loan for the rest of the season.,,423,0,0,0,13,0,0,0,0,0,0,6,46,,,,0.0,0.0,2.77,1.28,8.51,13,27,16
645,u,0.0,0.0,5.1,243,148.0,0,0.0,-4,4.0,0.0,655,262.0,12,0,1.3,432.0,194.0,0,38,0.0,763.0,330.0,0.0,2.4,0.0,1383,0,4918,0,0.0,0.0,0.16,0.61,0.77,3.98,0.06,0.24,0.3,1.57,29.0,432.0,191.0,61.0,322.0,180.0,37.0,342.0,178.0,12.4,406.0,185.0,,,,29,,Fer,López González,Fer López,has joined Celta Vigo on loan for the rest of the season.,,228,0,1,0,9,0,0,0,1,0,0,2,12,,,,0.0,0.0,3.55,0.79,4.74,1,1,10
646,a,100.0,100.0,5.3,197,123.0,0,0.0,-2,2.0,0.3,329,109.0,85,3,3.0,195.0,82.0,4,421,4.2,42.0,21.0,0.8,16.0,0.0,62600,704,43895,112,3.7,3.2,1.15,1.34,2.49,36.06,0.05,0.05,0.1,1.47,385.2,129.0,42.0,284.0,103.0,75.0,150.0,184.0,102.0,82.4,126.0,72.0,,1.0,,29,,João Victor,Gomes da Silva,J.Gomes,,,2207,1,1,4,41,0,0,0,9,0,0,25,312,,,,0.0,0.16,1.67,1.02,12.72,83,72,157
650,u,0.0,0.0,4.3,600,351.0,0,0.0,-2,2.0,0.2,371,124.0,2,0,1.0,463.0,201.0,0,4,0.0,550.0,184.0,0.0,0.5,0.0,30885,0,48124,16,0.0,0.0,0.0,0.0,0.0,0.5,0.0,0.0,0.0,1.8,3.2,481.0,220.0,0.3,478.0,232.0,0.0,612.0,230.0,0.4,492.0,225.0,,,,29,,Tawanda,Chirewa,Chirewa,has joined Barnsley on loan for the rest of the season.,,25,0,0,0,0,0,0,0,0,0,0,0,4,,,,0.0,0.0,0.0,0.0,14.4,2,1,1
778,a,,,4.5,484,297.0,0,0.0,0,0.0,0.0,753,321.0,0,0,0.0,735.0,306.0,0,0,0.0,662.0,260.0,0.0,0.0,0.0,1277,3,701,5,-0.5,-1.0,0.0,0.0,0.0,0.0,0.0,0.0,0.0,0.0,0.0,733.0,304.0,0.0,727.0,304.0,0.0,714.0,300.0,0.0,733.0,304.0,,,,29,,Ethan,Sutherland,Sutherland,,,0,0,0,0,0,0,0,0,0,0,0,0,0,,,,0.0,0.0,0.0,0.0,0.0,0,0,0
809,a,,,4.5,515,319.0,0,0.0,0,0.0,0.0,759,323.0,0,0,0.0,757.0,323.0,0,0,0.0,687.0,279.0,0.0,0.0,0.0,1012,1,284,5,-0.5,-1.0,0.0,0.0,0.0,0.0,0.0,0.0,0.0,0.0,0.0,756.0,322.0,0.0,750.0,322.0,0.0,738.0,319.0,0.0,756.0,322.0,,,,29,,Jerome,Abbey,Abbey,,,0,0,0,0,0,0,0,0,0,0,0,0,0,,,,0.0,0.0,0.0,0.0,0.0,0,0,0
816,a,100.0,100.0,4.8,357,224.0,0,0.0,-2,2.0,0.0,693,285.0,9,1,1.5,411.0,181.0,0,52,1.5,215.0,89.0,0.3,1.9,0.0,4211,14,2291,10,1.0,0.5,0.05,0.09,0.14,8.42,0.02,0.03,0.05,3.2,38.2,419.0,184.0,46.1,348.0,186.0,10.0,406.0,200.0,9.5,416.0,189.0,,,,29,,Angel,Gomes,Angel,,,237,0,0,1,4,0,0,0,0,0,0,4,22,,,,0.0,0.38,1.52,1.52,8.35,7,4,11
817,a,,,5.3,185,45.0,-1,1.0,-2,2.0,0.1,558,78.0,15,1,2.5,275.0,28.0,0,59,2.5,126.0,19.0,0.5,2.8,0.0,15344,46,7876,54,2.0,1.5,0.18,0.58,0.76,10.69,0.03,0.11,0.14,2.0,59.4,398.0,42.0,60.8,325.0,36.0,13.0,394.0,56.0,13.4,396.0,48.0,,,,29,,Adam,Armstrong,Armstrong,,,481,0,2,3,5,0,0,0,2,0,0,6,22,,,,0.0,0.56,0.94,1.12,4.12,3,9,10
1,a,,,6.0,86,1.0,0,0.0,5,-5.0,34.2,8,1.0,115,0,4.0,68.0,6.0,5,462,2.7,116.0,10.0,0.4,19.2,0.0,3990315,1794,2346481,1255,3.7,3.7,0.0,0.06,0.06,20.43,0.0,0.0,0.0,0.7,411.8,107.0,17.0,33.4,371.0,3.0,0.0,811.0,94.0,44.6,265.0,16.0,,,,29,,David,Raya Martín,Raya,,,2610,0,0,13,22,0,0,0,1,0,45,29,94,,,,1.55,0.45,0.76,1.0,0.0,1,26,243
2,a,,,4.1,650,36.0,0,0.0,-4,4.0,0.4,283,36.0,0,0,0.0,635.0,85.0,0,0,0.0,514.0,76.0,0.0,0.0,0.0,14471,8,76525,15,1.0,1.0,0.0,0.0,0.0,0.0,0.0,0.0,0.0,0.0,0.0,625.0,85.0,0.0,617.0,73.0,0.0,590.0,60.0,0.0,627.0,85.0,,,,29,,Kepa,Arrizabalaga Revuelta,Arrizabalaga,,,0,0,0,0,0,0,0,0,0,0,0,0,0,,,,0.0,0.0,0.0,0.0,0.0,0,0,0
3,u,0.0,0.0,4.0,686,54.0,0,0.0,0,0.0,0.2,372,54.0,0,0,0.0,595.0,74.0,0,0,0.0,469.0,65.0,0.0,0.0,0.0,5545,0,48096,6,0.0,0.0,0.0,0.0,0.0,0.0,0.0,0.0,0.0,0.0,0.0,585.0,74.0,0.0,576.0,61.0,0.0,547.0,48.0,0.0,587.0,74.0,,,,29,,Karl,Hein,Hein,Has joined Werder Bremen on loan for the rest of the season.,,0,0,0,0,0,0,0,0,0,0,0,0,0,,,,0.0,0.0,0.0,0.0,0.0,0,0,0
4,a,,,3.9,777,90.0,0,0.0,-1,1.0,0.2,360,52.0,0,0,0.0,567.0,59.0,0,0,0.0,438.0,48.0,0.0,0.0,0.0,33672,3,33221,13,1.0,1.0,0.0,0.0,0.0,0.0,0.0,0.0,0.0,0.0,0.0,557.0,59.0,0.0,545.0,43.0,0.0,515.0,30.0,0.0,559.0,59.0,,,,29,,Tommy,Setford,Setford,,,0,0,0,0,0,0,0,0,0,0,0,0,0,,,,0.0,0.0,0.0,0.0,0.0,0,0,0
5,a,100.0,100.0,7.1,34,1.0,0,0.0,11,-11.0,43.1,4,1.0,153,0,6.7,3.0,1.0,21,523,4.0,49.0,14.0,0.6,21.5,0.0,8119795,2823,5192824,672,5.0,5.0,1.87,1.59,3.46,13.95,0.08,0.07,0.15,0.63,628.0,27.0,12.0,105.1,251.0,72.0,194.0,135.0,26.0,92.5,93.0,24.0,,,,29,,Gabriel,dos Santos Magalhães,Gabriel,,,1985,3,4,12,15,0,0,0,3,0,0,22,212,,,,0.0,0.54,0.68,1.0,8.93,30,167,42
6,a,100.0,100.0,6.1,84,4.0,0,0.0,1,-1.0,13.6,25,9.0,96,0,4.0,69.0,27.0,6,412,3.3,85.0,28.0,0.5,15.7,0.0,1890221,1219,2190054,446,4.3,4.3,0.88,0.61,1.49,14.1,0.04,0.03,0.07,0.64,400.0,117.0,51.0,124.6,223.0,55.0,72.0,287.0,85.0,59.7,203.0,69.0,,,,29,,William,Saliba,Saliba,,,1984,1,0,10,16,0,0,0,1,0,0,23,169,,,,0.0,0.45,0.73,1.04,6.26,26,112,89
7,a,100.0,100.0,5.6,132,14.0,0,0.0,1,-1.0,6.1,61,21.0,86,0,4.3,45.0,19.0,4,308,1.3,236.0,90.0,0.2,15.4,0.0,2631522,77,2452445,417,2.3,2.3,2.77,0.4,3.17,7.79,0.19,0.03,0.22,0.52,228.6,238.0,92.0,109.3,244.0,69.0,230.0,106.0,13.0,56.8,219.0,75.0,,,,29,,Riccardo,Calafiori,Calafiori,,,1347,1,2,10,8,0,0,0,5,0,0,17,130,,,,0.0,0.67,0.53,1.14,6.08,30,61,59
8,a,100.0,100.0,6.3,69,2.0,0,0.0,8,-8.0,27.9,13,4.0,135,0,4.8,20.0,6.0,7,496,3.3,86.0,29.0,0.5,21.4,0.0,6540468,3006,3760823,1301,4.3,4.3,4.71,1.45,6.16,15.81,0.18,0.06,0.24,0.61,455.6,81.0,35.0,380.2,61.0,10.0,348.0,62.0,3.0,118.7,48.0,5.0,,,,29,,Jurriën,Timber,J.Timber,,,2325,3,5,12,20,0,0,0,5,0,0,26,160,,,,0.0,0.46,0.77,1.01,5.03,59,71,95
9,u,0.0,0.0,5.4,170,20.0,0,0.0,-1,1.0,0.0,589,211.0,0,0,0.0,803.0,266.0,0,0,0.0,782.0,263.0,0.0,0.0,0.0,1119,0,10899,1,0.0,0.0,0.0,0.0,0.0,0.0,0.0,0.0,0.0,0.0,0.0,802.0,266.0,0.0,801.0,266.0,0.0,799.0,266.0,0.0,802.0,266.0,,,,29,,Jakub,Kiwior,Kiwior,has joined Porto on loan for the rest of the season.,,0,0,0,0,0,0,0,0,0,0,0,0,0,,,,0.0,0.0,0.0,0.0,0.0,0,0,0
10,a,,,5.1,240,36.0,0,0.0,-4,4.0,1.4,164,63.0,12,0,0.9,509.0,176.0,0,36,0.0,762.0,259.0,0.0,2.4,0.0,134485,39,465030,55,1.0,1.0,0.05,0.06,0.11,5.26,0.01,0.02,0.03,1.52,31.2,429.0,161.0,45.5,350.0,121.0,18.0,386.0,137.0,9.4,418.0,151.0,,,,29,,Myles,Lewis-Skelly,Lewis-Skelly,,,311,0,0,0,5,0,0,0,3,0,0,1,21,,,,0.0,0.0,1.45,0.29,4.05,4,10,14
11,i,0.0,0.0,5.1,227,30.0,0,0.0,-4,4.0,0.5,265,98.0,30,0,4.3,43.0,18.0,3,112,0.0,757.0,257.0,0.0,5.9,0.0,346790,0,406439,123,0.0,0.0,0.43,0.49,0.92,6.13,0.09,0.11,0.2,1.35,111.4,343.0,130.0,92.7,272.0,83.0,46.0,328.0,107.0,25.0,350.0,119.0,,,,29,,Benjamin,White,White,Knock - Unknown return date,,409,0,1,3,4,0,0,0,0,0,0,5,40,,,,0.0,0.66,0.88,1.1,7.92,13,23,18
13,a,,,3.8,811,258.0,0,0.0,-2,2.0,0.4,271,101.0,0,0,0.0,534.0,196.0,0,0,0.0,403.0,155.0,0.0,0.0,0.0,51781,7,78365,14,1.0,1.0,0.0,0.0,0.0,0.0,0.0,0.0,0.0,0.0,0.0,524.0,196.0,0.0,510.0,196.0,0.0,480.0,191.0,0.0,526.0,196.0,,,,29,,Brayden,Clarke,Clarke,,,0,0,0,0,0,0,0,0,0,0,0,0,0,,,,0.0,0.0,0.0,0.0,0.0,0,0,0
14,u,0.0,0.0,3.9,782,230.0,0,0.0,-1,1.0,0.1,488,175.0,0,0,0.0,572.0,208.0,0,0,0.0,443.0,169.0,0.0,0.0,0.0,10218,0,22650,1,0.0,0.0,0.0,0.0,0.0,0.0,0.0,0.0,0.0,0.0,0.0,562.0,208.0,0.0,550.0,208.0,0.0,520.0,203.0,0.0,564.0,208.0,,,,29,,Maldini,Kacurri,Kacurri,has joined Morecambe on loan for the rest of the season.,,0,0,0,0,0,0,0,0,0,0,0,0,0,,,,0.0,0.0,0.0,0.0,0.0,0,0,0
15,a,,,3.7,817,263.0,0,0.0,-3,3.0,0.2,351,129.0,0,0,0.0,519.0,182.0,0,0,0.0,381.0,134.0,0.0,0.0,0.0,28950,58,29027,43,1.0,1.0,0.0,0.0,0.0,0.0,0.0,0.0,0.0,0.0,0.0,508.0,181.0,0.0,491.0,178.0,0.0,460.0,172.0,0.0,510.0,181.0,,,,29,,Josh,Nichols,Nichols,,,0,0,0,0,0,0,0,0,0,0,0,0,0,,,,0.0,0.0,0.0,0.0,0.0,0,0,0
16,a,100.0,100.0,9.8,6,4.0,0,0.0,-2,2.0,7.9,47,16.0,121,0,4.8,21.0,11.0,13,460,3.3,87.0,38.0,0.3,12.3,0.0,4059461,1523,5032222,475,4.3,4.3,6.72,5.65,12.37,12.49,0.33,0.28,0.61,0.62,495.4,68.0,19.0,695.0,9.0,9.0,700.0,7.0,2.0,189.3,6.0,4.0,2.0,2.0,1.0,29,,Bukayo,Saka,Saka,,,1815,5,8,8,16,0,0,0,1,0,0,20,152,,,,0.0,0.4,0.79,0.99,7.54,33,20,99
17,d,75.0,75.0,7.8,18,13.0,0,0.0,-2,2.0,1.6,154,53.0,62,0,3.1,185.0,80.0,5,252,0.8,296.0,134.0,0.1,7.9,0.0,376900,13,638320,217,1.4,1.4,1.01,2.91,3.92,12.89,0.08,0.24,0.32,1.08,259.6,215.0,92.0,434.7,40.0,37.0,144.0,193.0,107.0,83.7,124.0,71.0,4.0,,3.0,29,,Martin,Ødegaard,Ødegaard,Knee injury - 75% chance of playing,,1070,1,6,4,11,0,0,0,0,0,0,13,81,,,,0.0,0.34,0.93,1.09,6.81,17,13,51
18,a,100.0,100.0,6.8,44,28.0,0,0.0,-2,2.0,1.0,189,67.0,51,0,2.7,244.0,103.0,6,174,2.5,127.0,52.0,0.4,7.5,0.0,365989,82,389039,426,3.5,3.5,0.96,1.98,2.94,8.68,0.1,0.21,0.31,0.94,182.2,275.0,117.0,242.3,128.0,88.0,284.0,85.0,53.0,70.8,159.0,84.0,3.0,,,29,,Noni,Madueke,Madueke,,,829,2,1,5,7,0,0,0,0,0,0,11,46,,,,0.0,0.54,0.76,1.19,4.99,15,11,20
19,a,100.0,100.0,6.8,46,29.0,0,0.0,-2,2.0,0.9,198,69.0,42,0,1.8,376.0,161.0,1,144,1.5,217.0,90.0,0.2,6.2,0.0,184768,77,258073,119,2.5,2.5,3.42,0.91,4.33,6.87,0.41,0.11,0.52,0.82,147.2,305.0,138.0,128.5,219.0,142.0,316.0,71.0,42.0,58.7,207.0,103.0,,,,29,,Gabriel,Martinelli Silva,Martinelli,,,751,1,3,2,5,0,0,0,2,0,0,8,59,,,,0.0,0.24,0.6,0.96,7.07,10,10,39
20,a,100.0,100.0,6.7,48,30.0,0,0.0,-3,3.0,1.0,190,68.0,98,0,3.9,81.0,39.0,9,352,2.0,175.0,75.0,0.3,14.6,0.0,534025,190,469283,314,3.0,3.0,4.82,2.63,7.45,11.47,0.26,0.14,0.4,0.63,401.8,116.0,37.0,435.2,39.0,36.0,424.0,37.0,21.0,126.4,38.0,28.0,,,4.0,29,,Leandro,Trossard,Trossard,,,1645,5,5,8,14,0,0,0,1,0,0,18,111,,,,0.0,0.44,0.77,0.98,6.07,24,21,66
21,d,75.0,75.0,7.5,22,15.0,0,0.0,10,-10.0,30.3,12,3.0,157,0,5.6,8.0,5.0,21,659,4.7,25.0,11.0,0.6,20.9,0.0,6864436,1312,4155090,9263,4.3,4.3,2.99,6.22,9.21,16.91,0.11,0.23,0.34,0.63,693.8,12.0,3.0,840.7,3.0,3.0,265.0,93.0,59.0,180.1,9.0,7.0,1.0,1.0,,29,,Declan,Rice,Rice,Knock - 75% chance of playing,,2400,4,9,12,21,0,0,0,2,0,0,27,298,,,,0.0,0.45,0.79,1.01,11.18,53,99,146
22,i,0.0,0.0,5.4,162,101.0,0,0.0,-6,6.0,0.8,203,71.0,66,0,3.1,181.0,77.0,5,238,0.0,777.0,340.0,0.0,12.2,0.0,835916,2,838111,152,0.0,0.0,2.99,1.45,4.44,6.59,0.27,0.13,0.4,0.6,304.4,185.0,74.0,187.0,175.0,119.0,237.0,103.0,64.0,72.6,150.0,79.0,,,,29,,Mikel,Merino Zazón,Merino,Foot injury - Unknown return date,,996,4,3,4,9,0,0,0,1,0,0,10,111,,,,0.0,0.36,0.81,0.9,10.03,26,30,55
23,u,0.0,0.0,5.4,169,106.0,0,0.0,-1,1.0,0.0,681,277.0,0,0,0.0,802.0,355.0,0,0,0.0,781.0,342.0,0.0,0.0,0.0,933,0,4428,0,0.0,0.0,0.0,0.0,0.0,0.0,0.0,0.0,0.0,0.0,0.0,801.0,354.0,0.0,800.0,354.0,0.0,798.0,353.0,0.0,801.0,354.0,,,,29,,Fábio,Ferreira Vieira,Fábio Vieira,has joined Hamburger on loan for the rest of the season.,,0,0,0,0,0,0,0,0,0,0,0,0,0,,,,0.0,0.0,0.0,0.0,0.0,0,0,0
24,a,100.0,100.0,5.1,225,138.0,0,0.0,-4,4.0,0.1,434,146.0,5,0,1.0,498.0,230.0,0,16,0.3,343.0,158.0,0.1,1.0,0.0,7604,5,61105,7,1.3,1.3,0.05,0.0,0.05,2.23,0.1,0.0,0.1,4.36,15.6,451.0,201.0,0.4,477.0,231.0,7.0,423.0,204.0,2.4,466.0,211.0,,,,29,,Christian,Nørgaard,Nørgaard,,,46,0,0,0,1,0,0,0,0,0,0,0,10,,,,0.0,0.0,1.96,0.0,19.57,0,7,3
25,u,0.0,0.0,5.0,271,166.0,0,0.0,-5,5.0,0.1,449,153.0,8,0,1.3,431.0,193.0,0,20,0.0,749.0,321.0,0.0,1.6,0.0,13149,0,36865,5,0.0,0.0,0.23,0.08,0.31,0.73,0.13,0.04,0.17,0.4,8.6,464.0,208.0,22.5,388.0,196.0,24.0,368.0,189.0,5.4,440.0,196.0,,,,29,,Ethan,Nwaneri,Nwaneri,has joined Marseille on loan for the rest of the season.,,165,0,0,1,0,0,0,0,0,0,0,0,13,,,,0.0,0.55,0.0,0.0,7.09,2,1,10
26,a,100.0,100.0,5.2,213,131.0,0,0.0,-3,3.0,4.6,77,26.0,111,0,3.8,90.0,42.0,9,510,3.3,83.0,37.0,0.6,21.3,0.0,1307855,487,1035628,1501,4.3,4.3,2.64,2.07,4.71,19.26,0.1,0.08,0.18,0.71,521.6,61.0,17.0,318.4,83.0,62.0,239.0,102.0,63.0,108.0,68.0,43.0,,,,29,,Martín,Zubimendi Ibáñez,Zubimendi,,,2445,5,1,13,20,0,0,0,4,0,0,28,246,,,,0.0,0.48,0.74,1.03,9.06,52,99,95
28,u,0.0,0.0,4.5,483,296.0,0,0.0,0,0.0,0.1,483,170.0,0,0,0.0,734.0,305.0,0,0,0.0,661.0,259.0,0.0,0.0,0.0,6731,0,30243,1,0.0,0.0,0.0,0.0,0.0,0.0,0.0,0.0,0.0,0.0,0.0,732.0,303.0,0.0,726.0,303.0,0.0,713.0,299.0,0.0,732.0,303.0,,,,29,,Ismeal,Kabia,Kabia,has joined Shrewsbury Town on loan for the rest of the season.,,0,0,0,0,0,0,0,0,0,0,0,0,0,,,,0.0,0.0,0.0,0.0,0.0,0,0,0
29,u,0.0,0.0,4.5,429,256.0,0,0.0,0,0.0,0.0,584,219.0,0,0,0.0,699.0,275.0,0,0,0.0,618.0,222.0,0.0,0.0,0.0,2952,0,14070,2,0.0,0.0,0.0,0.0,0.0,0.0,0.0,0.0,0.0,0.0,0.0,693.0,269.0,0.0,689.0,272.0,0.0,672.0,265.0,0.0,695.0,271.0,,,,29,,Albert,Sambi Lokonga,Sambi,has joined Hamburger permanently.,,0,0,0,0,0,0,0,0,0,0,0,0,0,,,,0.0,0.0,0.0,0.0,0.0,0,0,0
30,d,75.0,75.0,7.3,25,10.0,0,0.0,-2,2.0,0.5,263,41.0,9,0,2.2,317.0,35.0,0,44,1.0,268.0,34.0,0.1,1.2,0.0,110793,21,193765,149,1.5,1.5,0.21,0.06,0.27,1.16,0.11,0.03,0.14,0.61,32.2,426.0,50.0,32.6,372.0,49.0,22.0,376.0,54.0,8.8,423.0,53.0,,,,29,,Kai,Havertz,Havertz,Lack of match fitness - 75% chance of playing,,170,0,1,2,0,0,0,0,0,0,0,2,12,,,,0.0,1.06,0.0,1.06,6.35,3,5,4
31,a,100.0,100.0,6.4,56,20.0,0,0.0,-1,1.0,0.4,276,44.0,17,0,1.5,417.0,51.0,0,68,0.2,379.0,49.0,0.0,2.7,0.0,146581,62,115625,305,1.2,1.2,1.75,0.19,1.94,3.56,0.52,0.06,0.58,1.05,100.6,353.0,36.0,24.9,384.0,50.0,207.0,118.0,29.0,33.0,321.0,37.0,,,,29,,Gabriel,Fernando de Jesus,G.Jesus,,,304,2,0,0,6,0,0,0,2,0,0,2,26,,,,0.0,0.0,1.78,0.59,7.7,4,4,18
266,a,,,7.2,31,18.0,0,0.0,-3,3.0,8.1,45,15.0,88,0,3.7,105.0,49.0,8,335,3.2,97.0,40.0,0.4,12.2,0.0,3340240,1077,3718976,458,4.2,4.2,3.73,2.07,5.8,8.43,0.26,0.14,0.4,0.58,330.2,161.0,58.0,212.3,153.0,105.0,351.0,58.0,35.0,89.2,104.0,60.0,,,,29,,Eberechi,Eze,Eze,,,1314,6,3,6,10,0,0,0,1,0,0,15,85,,,,0.0,0.41,0.68,1.03,5.82,14,17,54
662,a,100.0,100.0,5.3,201,25.0,0,0.0,-2,2.0,0.1,428,159.0,22,0,1.8,374.0,141.0,1,113,0.8,288.0,103.0,0.2,4.2,0.0,45206,11,51968,10,1.8,1.8,0.0,0.46,0.46,4.61,0.0,0.08,0.08,0.75,128.2,324.0,123.0,37.3,361.0,128.0,8.0,416.0,156.0,17.3,378.0,134.0,,,,29,,Cristhian,Mosquera,Mosquera,,,552,0,0,1,5,0,0,0,1,0,0,5,68,,,,0.0,0.16,0.82,0.82,8.97,19,36,22
666,a,100.0,100.0,8.8,8,4.0,0,0.0,-2,2.0,12.3,27,5.0,93,0,3.4,143.0,14.0,11,349,5.0,17.0,3.0,0.6,10.6,0.0,3406601,2655,4929027,1181,6.0,6.0,8.23,1.74,9.97,13.22,0.41,0.09,0.5,0.66,373.8,135.0,12.0,196.0,167.0,14.0,583.0,20.0,12.0,114.5,55.0,11.0,,,2.0,29,,Viktor,Gyökeres,Gyökeres,,,1801,10,0,10,11,0,0,0,4,0,0,22,67,,,,0.0,0.5,0.55,1.1,3.35,6,18,43
700,a,100.0,100.0,4.2,648,368.0,0,0.0,-3,3.0,0.5,258,89.0,5,0,2.5,267.0,112.0,0,13,0.0,534.0,177.0,0.0,1.2,0.0,179522,277,137698,148,1.0,1.0,0.14,0.02,0.16,0.12,0.47,0.07,0.54,0.4,1.0,497.0,228.0,0.8,468.0,226.0,26.0,364.0,187.0,2.8,460.0,208.0,,,,29,,Max,Dowman,Dowman,,,27,0,1,0,0,0,0,0,0,0,0,0,3,,,,0.0,0.0,0.0,0.0,10.0,2,0,1
711,a,,,4.4,573,343.0,0,0.0,-1,1.0,0.0,700,289.0,0,0,0.0,688.0,269.0,0,0,0.0,603.0,215.0,0.0,0.0,0.0,1890,0,1768,0,1.0,1.0,0.0,0.0,0.0,0.0,0.0,0.0,0.0,0.0,0.0,682.0,263.0,0.0,676.0,266.0,0.0,657.0,258.0,0.0,684.0,265.0,,,,29,,Andre,Harriman-Annous,Harriman-Annous,,,0,0,0,0,0,0,0,0,0,0,0,0,0,,,,0.0,0.0,0.0,0.0,0.0,0,0,0
725,a,100.0,100.0,5.1,237,34.0,0,0.0,-4,4.0,0.8,208,78.0,61,0,3.2,160.0,60.0,5,239,3.3,82.0,27.0,0.6,12.0,0.0,514110,360,425340,165,4.3,4.3,0.33,1.35,1.68,13.31,0.02,0.09,0.11,0.86,332.6,158.0,68.0,156.8,193.0,48.0,53.0,318.0,101.0,54.1,227.0,76.0,,,,29,,Piero,Hincapié,Hincapie,,,1393,1,1,3,16,1,0,0,2,0,0,16,123,,,,0.0,0.19,1.03,1.03,7.95,35,88,51
32,a,100.0,100.0,5.1,224,7.0,0,0.0,1,-1.0,4.5,80,14.0,96,0,4.0,63.0,3.0,10,409,3.6,62.0,7.0,0.7,18.8,0.0,928841,289,617259,1062,3.1,3.1,0.0,0.05,0.05,30.16,0.0,0.0,0.0,1.28,533.8,55.0,12.0,3.2,448.0,12.0,0.0,790.0,90.0,53.7,229.0,13.0,,,,29,,Emiliano,Martínez Romero,Martinez,,,2115,0,0,6,22,0,1,0,2,0,68,24,78,,,,2.89,0.26,0.94,1.02,0.0,0,23,199
33,a,100.0,100.0,4.2,626,32.0,0,0.0,-3,3.0,0.4,284,37.0,11,0,2.2,306.0,28.0,0,51,0.0,521.0,80.0,0.0,2.6,0.0,83637,0,114797,10,-0.5,-0.5,0.0,0.0,0.0,8.53,0.0,0.0,0.0,1.9,92.8,366.0,28.0,0.0,621.0,77.0,0.0,595.0,64.0,9.3,420.0,28.0,,,,29,,Marco,Bizot,M.Bizot,,,405,0,0,1,8,0,0,0,2,0,13,4,23,,,,2.89,0.22,1.78,0.89,0.0,0,6,41
34,u,0.0,0.0,4.0,685,53.0,0,0.0,0,0.0,0.1,492,74.0,0,0,0.0,594.0,73.0,0,0,0.0,468.0,64.0,0.0,0.0,0.0,0,0,17318,3,0.0,0.0,0.0,0.0,0.0,0.0,0.0,0.0,0.0,0.0,0.0,584.0,73.0,0.0,575.0,60.0,0.0,546.0,47.0,0.0,586.0,73.0,,,,29,,Joe,Gauci,Gauci,Has joined Port Vale on loan for the rest of the season.,,0,0,0,0,0,0,0,0,0,0,0,0,0,,,,0.0,0.0,0.0,0.0,0.0,0,0,0
35,u,0.0,0.0,4.0,684,52.0,0,0.0,0,0.0,0.0,749,84.0,0,0,0.0,593.0,72.0,0,0,0.0,467.0,63.0,0.0,0.0,0.0,0,0,1265,0,0.0,0.0,0.0,0.0,0.0,0.0,0.0,0.0,0.0,0.0,0.0,583.0,72.0,0.0,574.0,59.0,0.0,545.0,46.0,0.0,585.0,72.0,,,,29,,Filip,Marschall,Marschall,Has joined Stevenage permanently.,,0,0,0,0,0,0,0,0,0,0,0,0,0,,,,0.0,0.0,0.0,0.0,0.0,0,0,0
36,a,100.0,100.0,4.8,355,58.0,0,0.0,3,-3.0,10.1,32,11.0,101,0,3.9,76.0,28.0,6,391,0.8,277.0,100.0,0.2,21.0,0.0,2808402,504,1912562,2587,0.3,0.3,1.04,2.44,3.48,34.08,0.04,0.1,0.14,1.33,531.2,58.0,27.0,413.2,44.0,4.0,188.0,143.0,28.0,113.3,57.0,8.0,5.0,,,29,,Matty,Cash,Cash,,,2307,3,2,7,25,0,0,0,6,0,0,26,172,,,,0.0,0.27,0.98,1.01,5.81,48,101,72
37,a,100.0,100.0,4.5,408,73.0,0,0.0,0,0.0,1.5,160,62.0,74,0,3.1,173.0,66.0,4,289,1.2,238.0,91.0,0.3,16.4,0.0,309542,75,356303,163,0.7,0.7,0.54,2.3,2.84,20.64,0.04,0.15,0.19,1.35,279.6,201.0,80.0,308.9,89.0,20.0,108.0,229.0,59.0,69.5,166.0,55.0,,2.0,,29,,Lucas,Digne,Digne,,,1378,0,4,6,14,0,0,0,3,0,0,16,103,,,,0.0,0.39,0.91,1.04,5.16,26,53,53
38,a,100.0,100.0,4.4,526,105.0,0,0.0,-1,1.0,8.1,46,17.0,88,0,3.3,146.0,53.0,3,436,3.2,90.0,32.0,0.7,20.0,0.0,719895,398,1998277,855,2.7,2.7,1.01,0.53,1.54,37.16,0.04,0.02,0.06,1.39,482.6,73.0,33.0,86.9,282.0,89.0,104.0,234.0,61.0,67.8,172.0,57.0,,,,29,,Ezri,Konsa Ngoyo,Konsa,,,2405,0,1,8,29,0,0,0,0,1,0,27,189,,,,0.0,0.3,1.09,1.01,6.06,20,142,86
39,a,,,4.2,635,147.0,0,0.0,-3,3.0,0.6,227,87.0,39,0,1.8,362.0,137.0,0,198,2.4,128.0,47.0,0.6,9.3,0.0,81362,50,106302,107,1.9,1.9,1.05,1.82,2.87,18.26,0.08,0.14,0.22,1.43,241.2,228.0,89.0,286.3,100.0,23.0,184.0,149.0,31.0,71.3,155.0,52.0,,,,29,,Ian,Maatsen,Maatsen,,,1153,0,0,2,16,0,0,0,2,0,0,12,104,,,,0.0,0.16,1.25,0.94,7.18,34,58,70
40,a,100.0,100.0,4.3,579,126.0,0,0.0,-2,2.0,0.7,221,84.0,41,0,3.7,96.0,35.0,4,148,3.2,89.0,31.0,0.7,9.5,0.0,152101,66,199514,100,2.7,2.7,0.65,0.34,0.99,12.82,0.07,0.04,0.11,1.48,183.8,273.0,109.0,67.8,307.0,102.0,55.0,313.0,97.0,30.7,330.0,111.0,,,,29,,Tyrone,Mings,Mings,,,782,0,1,3,8,0,0,0,0,0,0,9,81,,,,0.0,0.35,0.92,1.04,7.48,3,62,22
41,a,100.0,100.0,4.3,587,131.0,0,0.0,-2,2.0,0.3,313,115.0,50,0,3.1,171.0,65.0,2,225,0.2,357.0,129.0,0.0,11.6,0.0,70667,14,96214,26,-0.3,-0.3,0.63,0.34,0.97,17.98,0.04,0.02,0.06,1.25,251.8,221.0,86.0,37.8,360.0,127.0,55.0,314.0,98.0,34.7,312.0,106.0,,,,29,,Pau,Torres,Pau,,,1296,0,1,4,15,1,0,0,0,0,0,14,121,,,,0.0,0.28,1.04,0.97,6.53,18,76,66
42,a,100.0,100.0,3.9,783,231.0,0,0.0,-1,1.0,0.2,373,137.0,2,0,0.7,513.0,177.0,0,0,0.2,350.0,123.0,0.1,0.5,0.0,28362,13,40766,12,-0.3,-0.3,0.0,0.01,0.01,1.52,0.0,0.03,0.03,4.15,0.8,500.0,177.0,1.6,458.0,168.0,0.0,521.0,204.0,0.2,502.0,177.0,,,,29,,Andrés,García,A.García,,,33,0,0,0,2,0,0,0,0,0,0,0,0,,,,0.0,0.0,5.45,0.0,0.0,0,0,2
43,u,0.0,0.0,4.0,663,161.0,0,0.0,0,0.0,1.6,156,61.0,0,0,0.0,577.0,210.0,0,0,0.0,448.0,171.0,0.0,0.0,0.0,44476,0,887157,33,0.0,0.0,0.0,0.0,0.0,0.0,0.0,0.0,0.0,0.0,0.0,567.0,210.0,0.0,556.0,210.0,0.0,527.0,206.0,0.0,569.0,210.0,,,,29,,Álex,Moreno Lopera,Alex Moreno,Has joined Girona permanently.,,0,0,0,0,0,0,0,0,0,0,0,0,0,,,,0.0,0.0,0.0,0.0,0.0,0,0,0
44,a,100.0,100.0,4.0,704,183.0,0,0.0,0,0.0,0.5,249,94.0,33,0,1.5,403.0,148.0,4,110,1.8,179.0,64.0,0.4,8.2,0.0,106628,39,90167,49,1.3,1.3,0.0,0.16,0.16,9.46,0.0,0.02,0.02,1.29,91.8,368.0,140.0,45.7,349.0,120.0,10.0,402.0,146.0,14.7,389.0,140.0,,,,29,,Lamare,Bogarde,Bogarde,,,662,0,0,2,8,0,0,0,5,0,0,7,48,,,,0.0,0.27,1.09,0.95,5.3,16,23,23
45,u,0.0,0.0,3.8,801,248.0,0,0.0,-2,2.0,0.3,333,121.0,0,0,0.0,529.0,191.0,0,0,0.0,395.0,147.0,0.0,0.0,0.0,22076,0,37363,24,0.0,0.0,0.0,0.0,0.0,0.0,0.0,0.0,0.0,0.0,0.0,519.0,191.0,0.0,503.0,189.0,0.0,472.0,183.0,0.0,521.0,191.0,,,,29,,Lino,da Cruz Sousa,Sousa,has joined Rotherham on loan for the rest of the season.,,0,0,0,0,0,0,0,0,0,0,0,0,0,,,,0.0,0.0,0.0,0.0,0.0,0,0,0
46,u,0.0,0.0,4.0,720,196.0,0,0.0,0,0.0,0.1,462,170.0,0,0,0.0,621.0,235.0,0,0,0.0,499.0,201.0,0.0,0.0,0.0,4656,0,20954,3,0.0,0.0,0.0,0.0,0.0,0.0,0.0,0.0,0.0,0.0,0.0,611.0,235.0,0.0,603.0,235.0,0.0,575.0,232.0,0.0,613.0,235.0,,,,29,,Yasin,Özcan,Yasin,has joined Anderlecht on loan for the rest of the season.,,0,0,0,0,0,0,0,0,0,0,0,0,0,,,,0.0,0.0,0.0,0.0,0.0,0,0,0
47,a,100.0,100.0,7.6,19,14.0,0,0.0,6,-6.0,27.7,14,4.0,129,0,4.6,31.0,13.0,13,455,3.2,99.0,42.0,0.4,17.0,0.0,5920981,1686,3543518,8978,2.7,2.7,5.14,3.13,8.27,37.99,0.19,0.11,0.3,1.37,588.6,37.0,10.0,525.2,24.0,23.0,685.0,9.0,4.0,179.8,10.0,8.0,,1.0,,29,,Morgan,Rogers,Rogers,,,2497,8,5,8,30,0,0,0,5,0,0,28,171,,,,0.0,0.29,1.08,1.01,6.16,30,40,101
48,i,0.0,0.0,5.9,93,59.0,0,0.0,-1,1.0,0.6,230,79.0,52,0,3.1,182.0,78.0,3,289,0.0,793.0,351.0,0.0,8.8,0.0,158215,3,347599,74,0.0,0.0,0.97,2.53,3.5,23.03,0.07,0.18,0.25,1.6,317.2,177.0,69.0,401.3,48.0,42.0,147.0,190.0,105.0,86.6,114.0,64.0,3.0,,,29,,Youri,Tielemans,Tielemans,Ankle injury - Expected back 11 Apr,,1295,0,4,4,17,0,0,0,0,0,0,15,138,,,,0.0,0.28,1.18,1.04,9.59,38,33,67
49,a,100.0,100.0,5.5,141,87.0,0,0.0,0,0.0,0.1,481,168.0,6,0,1.0,503.0,235.0,0,20,0.8,290.0,130.0,0.1,1.1,0.0,6591,17,50202,13,0.3,0.3,0.27,0.61,0.88,2.18,0.11,0.25,0.36,0.89,28.4,434.0,193.0,99.3,259.0,160.0,41.0,336.0,175.0,16.9,381.0,178.0,2.0,,,29,,Leon,Bailey,Bailey,,,220,0,0,0,3,0,0,0,1,0,0,1,24,,,,0.0,0.0,1.23,0.41,9.82,4,1,19
50,a,100.0,100.0,5.3,188,116.0,0,0.0,-2,2.0,0.5,264,92.0,77,0,3.0,194.0,81.0,8,263,0.8,286.0,129.0,0.2,14.5,0.0,222411,22,188829,198,0.3,0.3,2.71,1.49,4.2,19.22,0.19,0.1,0.29,1.34,324.8,170.0,65.0,289.0,97.0,71.0,304.0,74.0,43.0,90.5,100.0,58.0,,6.0,2.0,29,,Emiliano,Buendía Stati,Buendía,,,1293,5,2,3,13,0,0,0,5,0,0,16,140,,,,0.0,0.21,0.9,1.11,9.74,33,23,84
51,u,0.0,0.0,5.5,149,93.0,0,0.0,0,0.0,0.0,683,278.0,0,0,0.0,808.0,360.0,0,0,0.0,789.0,349.0,0.0,0.0,0.0,1383,0,3786,0,0.0,0.0,0.0,0.0,0.0,0.0,0.0,0.0,0.0,0.0,0.0,807.0,359.0,0.0,806.0,359.0,0.0,804.0,358.0,0.0,807.0,359.0,,,,29,,Samuel,Iling-Junior,Iling Jr,has joined Pisa on loan for the rest of the season.,,0,0,0,0,0,0,0,0,0,0,0,0,0,,,,0.0,0.0,0.0,0.0,0.0,0,0,0
53,u,0.0,0.0,5.1,228,140.0,0,0.0,-4,4.0,0.4,274,96.0,55,0,2.6,256.0,108.0,3,161,0.0,758.0,327.0,0.0,10.8,0.0,172896,0,338631,33,0.0,0.0,4.03,0.35,4.38,10.59,0.57,0.05,0.62,1.49,183.4,274.0,116.0,99.7,258.0,159.0,290.0,82.0,51.0,56.3,222.0,109.0,,,,29,,Donyell,Malen,Malen,has joined Roma on loan for the rest of the season.,,640,4,2,1,10,0,0,0,0,0,0,5,16,,,,0.0,0.14,1.41,0.7,2.25,4,2,10
54,i,0.0,0.0,5.4,157,97.0,0,0.0,-1,1.0,0.5,260,90.0,71,0,3.2,163.0,70.0,4,289,0.0,774.0,337.0,0.0,13.1,0.0,208244,2,243232,70,0.0,0.0,2.52,1.96,4.48,26.58,0.14,0.11,0.25,1.5,308.2,182.0,73.0,385.2,56.0,48.0,193.0,136.0,77.0,88.8,105.0,61.0,,,,29,,John,McGinn,McGinn,Knee injury - Expected back 21 Mar,,1591,3,2,7,21,0,0,0,3,0,0,21,126,,,,0.0,0.4,1.19,1.19,7.13,27,29,70
55,a,100.0,100.0,4.8,351,219.0,0,0.0,-2,2.0,0.0,612,236.0,19,0,1.7,383.0,165.0,0,79,0.8,276.0,123.0,0.2,4.0,0.0,5493,5,12207,7,0.3,0.3,0.57,0.36,0.93,3.73,0.24,0.15,0.39,1.55,76.2,384.0,170.0,71.1,304.0,171.0,63.0,300.0,162.0,21.0,364.0,173.0,,,,29,,Ross,Barkley,Barkley,,,216,1,1,0,2,0,0,0,0,0,0,0,26,,,,0.0,0.0,0.83,0.0,10.83,4,8,14
56,u,0.0,0.0,5.0,269,164.0,0,0.0,0,0.0,0.0,819,367.0,0,0,0.0,790.0,347.0,0,0,0.0,748.0,320.0,0.0,0.0,0.0,0,0,35,0,0.0,0.0,0.0,0.0,0.0,0.0,0.0,0.0,0.0,0.0,0.0,789.0,346.0,0.0,787.0,346.0,0.0,783.0,344.0,0.0,789.0,346.0,,,,29,,Enzo,Barrenechea,Barrenechea,Season-long loan to Benfica,,0,0,0,0,0,0,0,0,0,0,0,0,0,,,,0.0,0.0,0.0,0.0,0.0,0,0,0
57,u,0.0,0.0,5.0,261,160.0,0,0.0,0,0.0,0.0,663,268.0,0,0,0.0,786.0,344.0,0,0,0.0,744.0,317.0,0.0,0.0,0.0,889,0,5431,0,0.0,0.0,0.0,0.0,0.0,0.0,0.0,0.0,0.0,0.0,0.0,785.0,343.0,0.0,782.0,343.0,0.0,779.0,341.0,0.0,785.0,343.0,,,,29,,Lewis,Dobbin,Dobbin,Has joined Preston North End on loan for the rest of the season.,,0,0,0,0,0,0,0,0,0,0,0,0,0,,,,0.0,0.0,0.0,0.0,0.0,0,0,0
58,i,0.0,0.0,4.9,315,196.0,0,0.0,-1,1.0,0.2,384,127.0,61,0,3.4,132.0,59.0,7,282,0.0,721.0,301.0,0.0,12.4,0.0,111365,1,118577,27,0.0,0.0,0.53,0.84,1.36,20.8,0.03,0.05,0.08,1.33,325.0,169.0,64.0,241.3,129.0,89.0,75.0,281.0,153.0,64.2,193.0,98.0,,,,29,,Boubacar,Kamara,Kamara,Knee injury - Expected back 01 Jun,,1410,1,3,5,15,0,0,0,5,0,0,17,149,,,,0.0,0.32,0.96,1.09,9.51,38,46,65
59,a,100.0,100.0,4.8,367,229.0,0,0.0,-2,2.0,0.7,216,75.0,62,0,3.3,147.0,65.0,3,276,2.2,151.0,60.0,0.5,12.9,0.0,158769,61,274193,88,1.7,1.7,1.06,0.28,1.34,19.88,0.07,0.02,0.09,1.39,320.8,175.0,67.0,84.7,287.0,167.0,123.0,220.0,122.0,52.8,232.0,115.0,,,,29,,Amadou,Onana,Onana,,,1288,2,0,5,15,0,0,0,2,0,0,16,168,,,,0.0,0.35,1.05,1.12,11.74,34,81,53
60,u,0.0,0.0,4.4,565,338.0,0,0.0,-1,1.0,0.3,339,115.0,0,0,0.0,684.0,267.0,0,0,0.0,596.0,211.0,0.0,0.0,0.0,38290,0,51029,14,0.0,0.0,0.0,0.0,0.0,0.0,0.0,0.0,0.0,0.0,0.0,677.0,260.0,0.0,672.0,264.0,0.0,652.0,255.0,0.0,679.0,262.0,,,,29,,Ben,Broggio,Broggio,has joined Falkirk on loan for the rest of the season.,,0,0,0,0,0,0,0,0,0,0,0,0,0,,,,0.0,0.0,0.0,0.0,0.0,0,0,0
61,u,0.0,0.0,4.5,410,250.0,0,0.0,0,0.0,0.1,531,193.0,0,0,0.0,691.0,270.0,0,0,0.0,606.0,216.0,0.0,0.0,0.0,2169,0,33666,1,0.0,0.0,0.0,0.0,0.0,0.0,0.0,0.0,0.0,0.0,0.0,685.0,264.0,0.0,679.0,267.0,0.0,660.0,259.0,0.0,687.0,266.0,,,,29,,Leander,Dendoncker,Dendoncker,Has joined Real Oviedo permanently.,,0,0,0,0,0,0,0,0,0,0,0,0,0,,,,0.0,0.0,0.0,0.0,0.0,0,0,0
62,u,0.0,0.0,4.5,470,287.0,0,0.0,0,0.0,0.1,556,203.0,1,0,1.0,479.0,215.0,0,3,0.0,649.0,250.0,0.0,0.2,0.0,8790,0,10531,11,0.0,0.0,0.0,0.0,0.0,0.61,0.0,0.0,0.0,6.86,0.2,506.0,231.0,0.3,480.0,234.0,0.0,703.0,292.0,0.1,508.0,233.0,,,,29,,Jamaldeen,Jimoh-Aloba,Jimoh-Aloba,has joined West Brom on loan for the rest of the season.,,8,0,0,0,0,0,0,0,0,0,0,0,1,,,,0.0,0.0,0.0,0.0,11.25,0,0,1
63,u,0.0,0.0,4.3,607,353.0,0,0.0,-2,2.0,0.5,250,87.0,0,0,0.0,654.0,248.0,0,0,0.0,555.0,186.0,0.0,0.0,0.0,102090,0,126836,68,0.0,0.0,0.0,0.0,0.0,0.0,0.0,0.0,0.0,0.0,0.0,644.0,238.0,0.0,640.0,243.0,0.0,617.0,232.0,0.0,646.0,240.0,,,,29,,Kadan,Young,Young,has joined Reading on loan for the rest of the season.,,0,0,0,0,0,0,0,0,0,0,0,0,0,,,,0.0,0.0,0.0,0.0,0.0,0,0,0
64,a,100.0,100.0,8.5,11,5.0,-1,1.0,-5,5.0,8.1,44,7.0,99,0,3.7,108.0,9.0,11,351,1.6,213.0,27.0,0.2,11.6,0.0,2212386,369,4259675,1989,1.1,1.1,9.8,1.01,10.81,31.67,0.43,0.04,0.47,1.37,382.6,131.0,11.0,226.3,140.0,10.0,740.0,4.0,3.0,134.3,33.0,8.0,,,3.0,29,,Ollie,Watkins,Watkins,,,2074,8,2,8,25,0,0,0,1,0,0,24,71,,,,0.0,0.35,1.08,1.04,3.08,17,15,39
65,u,0.0,0.0,4.5,480,68.0,0,0.0,0,0.0,0.3,324,55.0,0,0,0.0,732.0,78.0,0,0,0.0,658.0,68.0,0.0,0.0,0.0,17574,0,84938,4,0.0,0.0,0.0,0.0,0.0,0.0,0.0,0.0,0.0,0.0,0.0,729.0,78.0,0.0,724.0,77.0,0.0,711.0,77.0,0.0,730.0,78.0,,,,29,,Zépiqueno,Redmond,Redmond,has joined Huddersfield Town on loan for the rest of the season.,,0,0,0,0,0,0,0,0,0,0,0,0,0,,,,0.0,0.0,0.0,0.0,0.0,0,0,0
389,i,0.0,0.0,5.1,236,144.0,0,0.0,-4,4.0,0.2,398,135.0,5,0,1.0,499.0,231.0,0,17,0.0,761.0,329.0,0.0,1.0,0.0,94091,1,103225,24,0.0,0.0,0.29,0.08,0.37,1.74,0.24,0.07,0.31,1.42,11.8,454.0,203.0,31.7,375.0,191.0,31.0,354.0,184.0,7.4,433.0,194.0,,,,29,,Harvey,Elliott,Elliott,Knock - Unknown return date,,110,0,0,0,2,0,0,0,0,0,0,1,6,,,,0.0,0.0,1.64,0.82,4.91,0,2,4
456,a,100.0,100.0,5.8,106,69.0,0,0.0,-2,2.0,0.2,352,116.0,25,0,1.5,416.0,184.0,0,100,1.6,211.0,87.0,0.3,4.3,0.0,50361,40,50112,49,1.1,1.1,0.58,1.46,2.04,9.35,0.08,0.2,0.28,1.28,95.2,363.0,160.0,220.8,144.0,96.0,172.0,159.0,87.0,49.0,254.0,129.0,4.0,,,29,,Jadon,Sancho,Sancho,,,659,0,1,1,4,0,0,0,0,0,0,7,35,,,,0.0,0.14,0.55,0.96,4.78,6,11,18
688,a,,,3.9,767,83.0,0,0.0,-1,1.0,0.6,235,32.0,0,0,0.0,558.0,53.0,0,0,0.0,429.0,42.0,0.0,0.0,0.0,61168,19,44499,21,-0.5,-0.5,0.0,0.0,0.0,0.0,0.0,0.0,0.0,0.0,0.0,548.0,53.0,0.0,535.0,36.0,0.0,505.0,23.0,0.0,550.0,53.0,,,,29,,James,Wright,Wright,,,0,0,0,0,0,0,0,0,0,0,0,0,0,,,,0.0,0.0,0.0,0.0,0.0,0,0,0
699,a,100.0,100.0,4.9,317,197.0,0,0.0,-1,1.0,0.1,491,174.0,21,0,1.6,392.0,169.0,0,150,1.6,204.0,83.0,0.3,4.3,0.0,25458,13,19932,27,1.1,1.1,0.36,1.34,1.7,8.53,0.05,0.17,0.22,1.08,128.4,323.0,147.0,259.1,117.0,80.0,66.0,294.0,158.0,45.3,264.0,133.0,1.0,,,29,,Douglas Luiz,Soares de Paulo,Douglas Luiz,,,708,0,1,1,10,0,0,0,2,0,0,10,84,,,,0.0,0.13,1.27,1.27,10.68,20,20,44
701,u,0.0,0.0,4.0,716,192.0,0,0.0,0,0.0,0.1,534,189.0,0,0,0.0,618.0,232.0,0,0,0.0,495.0,197.0,0.0,0.0,0.0,8943,0,10718,0,0.0,0.0,0.0,0.0,0.0,0.0,0.0,0.0,0.0,0.0,0.0,608.0,232.0,0.0,600.0,232.0,0.0,572.0,229.0,0.0,610.0,232.0,,,,29,,Triston,Rowe,Rowe,has joined Annecy on loan for the rest of the season.,,0,0,0,0,0,0,0,0,0,0,0,0,0,,,,0.0,0.0,0.0,0.0,0.0,0,0,0
702,a,,,4.4,572,342.0,0,0.0,-1,1.0,0.1,532,194.0,1,0,1.0,474.0,211.0,0,3,0.0,602.0,214.0,0.0,0.2,0.0,9872,4,8940,5,-0.5,-0.5,0.0,0.0,0.0,0.9,0.0,0.0,0.0,5.06,0.0,681.0,262.0,0.3,479.0,233.0,0.0,656.0,257.0,0.0,683.0,264.0,,,,29,,Bradley,Burrowes,Burrowes,,,16,0,0,0,1,0,0,0,0,0,0,0,1,,,,0.0,0.0,5.62,0.0,5.62,0,0,1
703,a,,,3.9,778,91.0,0,0.0,-1,1.0,0.6,229,30.0,0,0,0.0,568.0,60.0,0,0,0.0,439.0,49.0,0.0,0.0,0.0,91825,62,42346,61,-0.5,-0.5,0.0,0.0,0.0,0.0,0.0,0.0,0.0,0.0,0.0,558.0,60.0,0.0,546.0,44.0,0.0,516.0,31.0,0.0,560.0,60.0,,,,29,,Sam,Proctor,Proctor,,,0,0,0,0,0,0,0,0,0,0,0,0,0,,,,0.0,0.0,0.0,0.0,0.0,0,0,0
710,a,,,3.9,775,227.0,0,0.0,-1,1.0,0.2,376,139.0,0,0,0.0,565.0,205.0,0,0,0.0,436.0,166.0,0.0,0.0,0.0,33223,9,22830,9,-0.5,-0.5,0.0,0.0,0.0,0.0,0.0,0.0,0.0,0.0,0.0,555.0,205.0,0.0,543.0,205.0,0.0,513.0,200.0,0.0,557.0,205.0,,,,29,,Travis,Patterson,Patterson,,,0,0,0,0,0,0,0,0,0,0,0,0,0,,,,0.0,0.0,0.0,0.0,0.0,0,0,0
719,a,100.0,100.0,4.5,415,77.0,0,0.0,0,0.0,0.1,477,172.0,22,0,1.8,366.0,139.0,0,94,0.2,361.0,131.0,0.0,4.9,0.0,20619,11,14041,25,-0.3,-0.3,0.03,0.07,0.1,10.75,0.0,0.01,0.01,1.69,123.8,327.0,126.0,27.5,380.0,135.0,8.0,414.0,155.0,16.0,383.0,136.0,,,,29,,Victor,Lindelöf,Lindelöf,,,572,0,1,1,9,0,0,0,0,0,0,6,36,,,,0.0,0.16,1.42,0.94,5.66,4,32,13
754,a,,,4.5,481,294.0,0,0.0,0,0.0,0.0,752,320.0,2,0,1.0,483.0,218.0,0,5,0.0,659.0,257.0,0.0,0.4,0.0,1084,0,670,1,-0.5,-0.5,0.04,0.01,0.05,0.61,0.14,0.04,0.18,2.2,0.0,730.0,301.0,1.7,457.0,219.0,2.0,450.0,220.0,0.3,498.0,229.0,,,,29,,George,Hemmings,George Hemmings,,,25,0,0,0,0,0,0,0,0,0,0,0,1,,,,0.0,0.0,0.0,0.0,3.6,0,0,1
757,a,,,4.0,706,62.0,0,0.0,0,0.0,0.0,712,82.0,0,0,0.0,609.0,81.0,0,0,0.0,485.0,72.0,0.0,0.0,0.0,1264,0,835,2,-0.5,-0.5,0.0,0.0,0.0,0.0,0.0,0.0,0.0,0.0,0.0,599.0,81.0,0.0,591.0,69.0,0.0,562.0,56.0,0.0,601.0,81.0,,,,29,,Ronnie,Hollingshead,Hollingshead,,,0,0,0,0,0,0,0,0,0,0,0,0,0,,,,0.0,0.0,0.0,0.0,0.0,0,0,0
768,a,,,4.0,738,213.0,0,0.0,0,0.0,0.0,709,246.0,0,0,0.0,634.0,247.0,0,0,0.0,513.0,214.0,0.0,0.0,0.0,651,0,554,3,-0.5,-0.5,0.0,0.0,0.0,0.0,0.0,0.0,0.0,0.0,0.0,624.0,247.0,0.0,616.0,247.0,0.0,589.0,245.0,0.0,626.0,247.0,,,,29,,Leon,Routh,Leon Routh,,,0,0,0,0,0,0,0,0,0,0,0,0,0,,,,0.0,0.0,0.0,0.0,0.0,0,0,0
781,a,,,4.0,732,207.0,0,0.0,0,0.0,0.0,728,253.0,0,0,0.0,630.0,243.0,0,0,0.0,508.0,209.0,0.0,0.0,0.0,682,3,418,2,-0.5,-0.5,0.0,0.0,0.0,0.0,0.0,0.0,0.0,0.0,0.0,620.0,243.0,0.0,612.0,243.0,0.0,584.0,240.0,0.0,622.0,243.0,,,,29,,TJ,Carroll,Carroll,,,0,0,0,0,0,0,0,0,0,0,0,0,0,,,,0.0,0.0,0.0,0.0,0.0,0,0,0
792,a,100.0,100.0,5.0,284,177.0,0,0.0,0,0.0,0.0,804,357.0,2,0,1.0,496.0,228.0,0,9,0.4,336.0,152.0,0.1,0.4,0.0,229,1,159,2,-0.1,-0.1,0.0,0.04,0.04,0.53,0.0,0.18,0.18,2.38,3.2,482.0,221.0,1.5,462.0,222.0,6.0,426.0,207.0,1.1,482.0,221.0,,,,29,,Alysson Edward Franco,da Rocha dos Santos,Alysson,,,20,0,0,0,1,0,0,0,0,0,0,0,2,,,,0.0,0.0,4.5,0.0,9.0,0,1,1
808,a,,,6.0,87,27.0,0,0.0,0,0.0,0.3,304,50.0,12,0,2.4,294.0,30.0,2,45,2.0,174.0,21.0,0.3,2.0,0.0,79994,102,40654,258,1.5,1.5,0.99,0.1,1.09,1.6,0.62,0.06,0.68,1.0,45.6,412.0,47.0,36.0,364.0,47.0,83.0,266.0,46.0,16.5,382.0,46.0,,,,29,,Tammy,Abraham,Abraham,,,144,1,0,0,2,0,0,0,0,0,0,1,5,,,,0.0,0.0,1.25,0.62,3.12,1,1,3
183,a,,,4.3,605,30.0,0,0.0,-2,2.0,0.1,445,66.0,0,0,0.0,653.0,90.0,0,0,0.0,554.0,85.0,0.0,0.0,0.0,7594,5,17122,7,-0.5,-0.5,0.0,0.0,0.0,0.0,0.0,0.0,0.0,0.0,0.0,643.0,90.0,0.0,639.0,82.0,0.0,616.0,71.0,0.0,645.0,90.0,,,,29,,Max,Weiß,Weiss,,,0,0,0,0,0,0,0,0,0,0,0,0,0,,,,0.0,0.0,0.0,0.0,0.0,0,0,0
184,u,0.0,0.0,4.0,691,57.0,0,0.0,0,0.0,0.2,404,58.0,0,0,0.0,599.0,77.0,0,0,0.0,473.0,68.0,0.0,0.0,0.0,4943,0,33900,3,0.0,0.0,0.0,0.0,0.0,0.0,0.0,0.0,0.0,0.0,0.0,589.0,77.0,0.0,580.0,64.0,0.0,551.0,51.0,0.0,591.0,77.0,,,,29,,Etienne,Green,Green,has joined FC Fredericia permanently.,,0,0,0,0,0,0,0,0,0,0,0,0,0,,,,0.0,0.0,0.0,0.0,0.0,0,0,0
185,a,,,3.9,740,67.0,0,0.0,-1,1.0,0.2,403,57.0,0,0,0.0,540.0,38.0,0,0,0.0,409.0,27.0,0.0,0.0,0.0,14978,4,20231,9,-0.5,-0.5,0.0,0.0,0.0,0.0,0.0,0.0,0.0,0.0,0.0,530.0,38.0,0.0,516.0,20.0,0.0,486.0,7.0,0.0,532.0,38.0,,,,29,,Václav,Hladký,Hladký,,,0,0,0,0,0,0,0,0,0,0,0,0,0,,,,0.0,0.0,0.0,0.0,0.0,0,0,0
186,i,0.0,0.0,4.4,525,104.0,0,0.0,-1,1.0,0.0,651,229.0,0,0,0.0,667.0,253.0,0,0,0.0,571.0,232.0,0.0,0.0,0.0,1600,2,9166,1,0.0,0.0,0.0,0.0,0.0,0.0,0.0,0.0,0.0,0.0,0.0,657.0,253.0,0.0,653.0,253.0,0.0,631.0,252.0,0.0,659.0,253.0,,,,29,,Connor,Roberts,Roberts,Achilles injury - Unknown return date,,0,0,0,0,0,0,0,0,0,0,0,0,0,,,,0.0,0.0,0.0,0.0,0.0,0,0,0
187,a,100.0,100.0,4.4,518,98.0,0,0.0,-1,1.0,1.1,183,68.0,55,3,2.0,330.0,123.0,3,165,1.0,254.0,95.0,0.2,12.5,0.0,148688,40,260603,61,0.5,0.5,0.12,0.98,1.1,51.56,0.0,0.04,0.04,1.96,391.4,122.0,54.0,162.8,190.0,47.0,22.0,373.0,129.0,57.9,213.0,72.0,,,,29,,Kyle,Walker,Walker,,,2371,0,2,3,51,0,0,0,8,0,0,27,216,,,,0.0,0.11,1.94,1.02,6.19,40,123,121
188,u,0.0,0.0,3.8,793,240.0,0,0.0,-2,2.0,0.2,365,134.0,0,0,0.0,524.0,186.0,0,0,0.0,389.0,141.0,0.0,0.0,0.0,26052,0,41306,7,0.0,0.0,0.0,0.0,0.0,0.0,0.0,0.0,0.0,0.0,0.0,514.0,186.0,0.0,498.0,184.0,0.0,467.0,178.0,0.0,516.0,186.0,,,,29,,Hannes,Delcroix,Delcroix,has joined Lugano permanently.,,0,0,0,0,0,0,0,0,0,0,0,0,0,,,,0.0,0.0,0.0,0.0,0.0,0,0,0
189,u,0.0,0.0,4.0,683,172.0,0,0.0,0,0.0,0.0,724,252.0,0,0,0.0,592.0,218.0,0,0,0.0,466.0,180.0,0.0,0.0,0.0,0,0,2377,0,0.0,0.0,0.0,0.0,0.0,0.0,0.0,0.0,0.0,0.0,0.0,582.0,218.0,0.0,573.0,218.0,0.0,544.0,214.0,0.0,584.0,218.0,,,,29,,Owen,Dodgson,Dodgson,Has joined Stockport County on loan for the rest of the season.,,0,0,0,0,0,0,0,0,0,0,0,0,0,,,,0.0,0.0,0.0,0.0,0.0,0,0,0
190,a,,,3.9,766,224.0,0,0.0,-1,1.0,0.8,209,79.0,44,0,2.9,197.0,75.0,2,121,0.0,428.0,163.0,0.0,11.3,0.0,247332,9,204129,66,-0.5,-0.5,0.21,0.24,0.45,22.73,0.02,0.02,0.04,1.74,273.8,206.0,82.0,43.1,352.0,122.0,78.0,274.0,78.0,39.5,292.0,95.0,,,,29,,Hjalmar,Ekdal,Ekdal,,,1179,0,0,2,24,0,0,0,0,0,0,13,146,,,,0.0,0.15,1.83,0.99,10.08,19,113,31
191,a,100.0,100.0,3.9,765,223.0,0,0.0,-1,1.0,7.8,48,18.0,60,1,2.3,297.0,112.0,0,201,1.7,196.0,75.0,0.4,15.4,0.0,761084,222,1933083,328,1.2,1.2,0.67,0.58,1.25,51.03,0.03,0.02,0.05,2.05,540.6,53.0,24.0,89.0,274.0,84.0,84.0,265.0,74.0,71.5,153.0,51.0,,,,29,,Maxime,Estève,Estève,,,2239,0,0,2,54,2,0,0,0,0,0,26,270,,,,0.0,0.08,2.17,1.05,9.81,30,214,86
192,a,,,4.0,696,179.0,0,0.0,0,0.0,0.6,228,88.0,46,0,3.1,168.0,63.0,0,170,0.0,478.0,186.0,0.0,11.5,0.0,184078,16,177815,69,-0.5,-0.5,0.19,1.51,1.7,30.28,0.01,0.1,0.11,2.04,305.4,184.0,75.0,228.9,139.0,36.0,57.0,311.0,95.0,59.2,206.0,70.0,,,,29,,Quilindschy,Hartman,Hartman,,,1337,0,5,2,28,0,0,0,1,0,0,15,124,,,,0.0,0.13,1.88,1.01,7.0,31,73,49
193,a,100.0,100.0,3.9,761,221.0,0,0.0,-1,1.0,0.1,427,158.0,33,0,2.5,263.0,101.0,1,141,1.7,195.0,74.0,0.4,8.5,0.0,19470,24,14067,23,1.2,1.2,0.22,0.59,0.81,21.59,0.02,0.05,0.07,1.83,252.8,219.0,85.0,86.2,283.0,90.0,46.0,324.0,104.0,38.4,297.0,98.0,,,,29,,Bashir,Humphreys,Humphreys,,,1059,0,2,1,24,0,0,0,5,0,0,11,100,,,,0.0,0.08,2.04,0.93,8.5,23,77,39
194,i,0.0,0.0,3.9,757,218.0,0,0.0,-1,1.0,0.1,560,201.0,0,0,0.0,552.0,200.0,0,0,0.0,422.0,160.0,0.0,0.0,0.0,1896,2,15424,3,0.0,0.0,0.0,0.0,0.0,0.0,0.0,0.0,0.0,0.0,0.0,542.0,200.0,0.0,529.0,200.0,0.0,499.0,195.0,0.0,544.0,200.0,,,,29,,Jordan,Beyer,Jordan,Hamstring injury - Unknown return date,,0,0,0,0,0,0,0,0,0,0,0,0,0,,,,0.0,0.0,0.0,0.0,0.0,0,0,0
195,a,100.0,100.0,3.8,810,257.0,0,0.0,-2,2.0,0.3,317,117.0,18,1,1.3,425.0,153.0,0,94,0.7,297.0,104.0,0.2,4.7,0.0,47382,22,36025,28,0.2,0.2,0.33,1.2,1.53,21.79,0.03,0.1,0.13,1.81,180.0,276.0,110.0,231.2,135.0,34.0,60.0,308.0,92.0,47.0,257.0,83.0,3.0,,,29,,Lucas,Pires Silva,Lucas Pires,,,1086,0,0,1,25,0,0,0,0,1,0,12,72,,,,0.0,0.08,2.07,0.99,5.97,24,48,69
196,u,0.0,0.0,4.0,681,170.0,0,0.0,0,0.0,0.0,614,218.0,0,0,0.0,591.0,217.0,0,0,0.0,464.0,178.0,0.0,0.0,0.0,202,0,9659,0,0.0,0.0,0.0,0.0,0.0,0.0,0.0,0.0,0.0,0.0,0.0,581.0,217.0,0.0,572.0,217.0,0.0,543.0,213.0,0.0,583.0,217.0,,,,29,,Shurandy,Sambo,Sambo,has joined Sparta Rotterdam on loan for the rest of the season.,,0,0,0,0,0,0,0,0,0,0,0,0,0,,,,0.0,0.0,0.0,0.0,0.0,0,0,0
197,u,0.0,0.0,3.8,804,251.0,0,0.0,-2,2.0,0.2,374,138.0,13,0,1.9,343.0,127.0,0,20,0.0,398.0,150.0,0.0,3.4,0.0,34622,0,32709,39,0.0,0.0,0.55,0.08,0.63,3.79,0.3,0.04,0.34,2.08,44.8,413.0,155.0,18.1,396.0,145.0,30.0,356.0,118.0,9.2,421.0,152.0,,,,29,,Oliver,Sonne,Sonne,has joined Sparta Prague on loan for the rest of the season.,,164,1,0,0,4,0,0,0,0,0,0,1,10,,,,0.0,0.0,2.2,0.55,3.84,2,5,4
198,i,0.0,0.0,3.9,751,215.0,0,0.0,-1,1.0,0.9,197,77.0,27,0,2.5,261.0,99.0,0,81,-0.3,819.0,265.0,-0.1,6.9,0.0,137311,0,293454,81,0.0,0.0,0.61,0.11,0.72,24.88,0.06,0.01,0.07,2.41,225.2,240.0,93.0,9.8,427.0,153.0,52.0,319.0,102.0,28.9,340.0,115.0,,,,29,,Axel,Tuanzebe,Tuanzebe,Achilles injury - Expected back 14 Mar,,931,1,0,1,22,1,0,0,1,0,0,11,106,,,,0.0,0.1,2.13,1.06,9.38,12,85,29
199,a,100.0,100.0,3.8,789,236.0,0,0.0,-2,2.0,0.2,382,143.0,19,3,1.9,341.0,125.0,0,35,2.0,161.0,60.0,0.5,5.0,0.0,24939,81,23502,25,1.5,1.5,0.08,0.02,0.1,10.7,0.02,0.0,0.02,2.01,138.6,315.0,121.0,1.5,459.0,169.0,17.0,387.0,138.0,15.8,385.0,137.0,,,,29,,Joe,Worrall,Worrall,,,480,0,0,0,11,0,0,0,0,0,0,5,72,,,,0.0,0.0,2.06,0.94,13.31,4,67,9
200,a,100.0,100.0,5.0,260,159.0,0,0.0,-5,5.0,1.9,141,47.0,100,4,3.6,114.0,51.0,6,386,4.5,30.0,15.0,0.9,20.0,0.0,1231015,340,1090701,133,4.0,4.0,3.59,1.84,5.43,41.66,0.17,0.09,0.26,1.94,454.4,82.0,28.0,385.5,55.0,47.0,416.0,41.0,24.0,125.5,39.0,29.0,2.0,,,29,,Jaidon,Anthony,Anthony,,,1928,7,3,3,43,0,0,0,4,0,0,23,181,,,,0.0,0.14,2.01,1.07,8.45,33,39,109
201,u,0.0,0.0,5.4,160,99.0,0,0.0,-1,1.0,0.0,706,294.0,0,0,0.0,799.0,353.0,0,0,0.0,776.0,339.0,0.0,0.0,0.0,1070,0,3143,0,0.0,0.0,0.0,0.0,0.0,0.0,0.0,0.0,0.0,0.0,0.0,798.0,352.0,0.0,797.0,352.0,0.0,795.0,351.0,0.0,798.0,352.0,,,,29,,Manuel,Benson Hedilazio,Benson,has joined Maccabi Haifa permanently.,,0,0,0,0,0,0,0,0,0,0,0,0,0,,,,0.0,0.0,0.0,0.0,0.0,0,0,0
202,a,100.0,100.0,5.3,187,115.0,0,0.0,-2,2.0,0.0,622,242.0,36,0,1.6,397.0,173.0,0,107,0.8,285.0,128.0,0.2,6.8,0.0,5952,1,8545,3,0.3,0.3,1.35,1.06,2.41,22.64,0.13,0.1,0.23,2.12,114.4,342.0,154.0,189.7,174.0,118.0,128.0,211.0,117.0,43.2,272.0,136.0,,2.0,3.0,29,,Jacob,Bruun Larsen,Bruun Larsen,,,961,0,1,3,26,0,0,0,0,0,0,10,61,,,,0.0,0.28,2.43,0.94,5.71,12,20,29
204,u,0.0,0.0,4.9,321,200.0,0,0.0,-1,1.0,0.0,725,302.0,0,0,0.0,772.0,333.0,0,0,0.0,724.0,304.0,0.0,0.0,0.0,160,0,2083,0,0.0,0.0,0.0,0.0,0.0,0.0,0.0,0.0,0.0,0.0,0.0,771.0,332.0,0.0,767.0,332.0,0.0,762.0,330.0,0.0,771.0,332.0,,,,29,,Darko,Churlinov,Churlinov,has joined Kocaelispor  permanently.,,0,0,0,0,0,0,0,0,0,0,0,0,0,,,,0.0,0.0,0.0,0.0,0.0,0,0,0
205,i,0.0,0.0,4.9,298,186.0,0,0.0,-1,1.0,0.8,202,70.0,70,0,3.9,77.0,36.0,8,321,0.0,714.0,297.0,0.0,14.3,0.0,568474,1,538826,59,0.0,0.0,0.94,1.36,2.3,32.5,0.06,0.08,0.14,1.93,342.0,151.0,53.0,218.1,146.0,98.0,98.0,245.0,136.0,66.0,186.0,95.0,,,,29,,Josh,Cullen,Cullen,Knee injury - Expected back 30 Sep,,1513,2,2,3,29,1,0,0,2,0,0,18,173,,,,0.0,0.18,1.73,1.07,10.29,32,68,73
206,d,75.0,75.0,4.7,380,238.0,0,0.0,-3,3.0,0.1,440,149.0,43,0,2.5,271.0,113.0,2,155,1.8,184.0,78.0,0.4,9.1,0.0,25658,1,23665,79,1.0,1.0,1.44,1.65,3.09,17.71,0.15,0.17,0.32,1.84,162.8,293.0,129.0,243.6,126.0,86.0,190.0,141.0,80.0,59.5,204.0,101.0,,3.0,,29,,Marcus,Edwards,Edwards,Knock - 75% chance of playing,,867,1,3,1,15,0,0,0,0,0,0,9,51,,,,0.0,0.1,1.56,0.93,5.29,8,6,37
207,a,100.0,100.0,4.7,389,242.0,0,0.0,-3,3.0,0.2,396,134.0,49,2,2.3,298.0,130.0,4,211,4.2,41.0,20.0,0.9,10.4,0.0,23765,136,24638,34,3.7,3.7,0.5,1.24,1.74,20.73,0.05,0.13,0.18,2.13,189.6,266.0,112.0,209.4,156.0,107.0,87.0,261.0,143.0,48.6,256.0,131.0,4.0,,,29,,Hannibal,Mejbri,Hannibal,,,874,1,4,1,22,0,0,0,6,0,0,10,83,,,,0.0,0.1,2.27,1.03,8.55,22,12,49
208,u,0.0,0.0,5.0,268,163.0,0,0.0,0,0.0,0.0,735,309.0,0,0,0.0,789.0,346.0,0,0,0.0,747.0,319.0,0.0,0.0,0.0,68,0,3026,0,0.0,0.0,0.0,0.0,0.0,0.0,0.0,0.0,0.0,0.0,0.0,788.0,345.0,0.0,786.0,345.0,0.0,782.0,343.0,0.0,788.0,345.0,,,,29,,Luca,Koleosho,Koleosho,has joined Paris FC on loan for the rest of the season.,,0,0,0,0,0,0,0,0,0,0,0,0,0,,,,0.0,0.0,0.0,0.0,0.0,0,0,0
209,a,,,4.8,352,220.0,0,0.0,-2,2.0,0.0,613,237.0,48,1,1.8,370.0,158.0,1,212,1.0,255.0,110.0,0.2,10.0,0.0,5957,0,6425,6,0.5,0.5,0.6,0.42,1.02,31.68,0.04,0.03,0.07,2.04,262.4,214.0,91.0,164.2,189.0,126.0,92.0,253.0,138.0,52.0,239.0,120.0,,,,29,,Josh,Laurent,Laurent,,,1399,1,0,1,34,0,0,0,6,0,0,14,150,,,,0.0,0.06,2.19,0.9,9.65,35,66,49
210,a,,,4.9,334,208.0,0,0.0,-1,1.0,0.0,626,244.0,38,1,1.7,385.0,167.0,0,127,0.8,281.0,125.0,0.2,7.8,0.0,4810,0,5942,3,0.3,0.3,0.86,0.68,1.54,15.31,0.09,0.07,0.16,1.63,99.4,355.0,159.0,109.3,243.0,151.0,101.0,239.0,133.0,31.1,327.0,160.0,,4.0,,29,,Loum,Tchaouna,Tchaouna,,,843,1,1,2,14,0,0,0,1,0,0,9,48,,,,0.0,0.21,1.49,0.96,5.12,14,11,23
211,u,0.0,0.0,4.4,541,322.0,0,0.0,-1,1.0,1.4,162,56.0,0,0,0.0,671.0,258.0,0,0,0.0,579.0,198.0,0.0,0.0,0.0,62789,0,930499,36,0.0,0.0,0.0,0.0,0.0,0.0,0.0,0.0,0.0,0.0,0.0,661.0,248.0,0.0,657.0,253.0,0.0,635.0,242.0,0.0,663.0,250.0,,,,29,,Aaron,Ramsey,A.Ramsey,has joined Leicester City on loan for the rest of the season.,,0,0,0,0,0,0,0,0,0,0,0,0,0,,,,0.0,0.0,0.0,0.0,0.0,0,0,0
212,u,0.0,0.0,4.5,477,291.0,0,0.0,0,0.0,0.0,764,326.0,0,0,0.0,731.0,303.0,0,0,0.0,655.0,254.0,0.0,0.0,0.0,0,0,2758,0,0.0,0.0,0.0,0.0,0.0,0.0,0.0,0.0,0.0,0.0,0.0,728.0,300.0,0.0,723.0,301.0,0.0,709.0,296.0,0.0,729.0,301.0,,,,29,,Oluwaseun,Adewumi,Adewumi,Has joined Cercle Brugge on loan for the rest of the season.,,0,0,0,0,0,0,0,0,0,0,0,0,0,,,,0.0,0.0,0.0,0.0,0.0,0,0,0
213,u,0.0,0.0,4.5,464,283.0,0,0.0,0,0.0,0.0,616,239.0,1,0,1.0,477.0,213.0,0,2,0.0,644.0,246.0,0.0,0.2,0.0,7482,0,9016,4,0.0,0.0,0.0,0.0,0.0,0.05,0.0,0.0,0.0,0.5,0.0,718.0,293.0,0.5,474.0,228.0,0.0,698.0,288.0,0.0,719.0,294.0,,,,29,,Jaydon,Banel,Banel,has joined Derby County on loan for the rest of the season.,,9,0,0,0,0,0,0,0,0,0,0,0,0,,,,0.0,0.0,0.0,0.0,0.0,0,0,0
214,i,0.0,0.0,4.4,538,321.0,0,0.0,-1,1.0,0.1,569,210.0,4,0,1.0,467.0,204.0,0,10,0.0,577.0,197.0,0.0,0.9,0.0,11901,0,15877,3,0.0,0.0,0.0,0.0,0.0,0.46,0.0,0.0,0.0,2.18,0.6,501.0,229.0,0.4,476.0,230.0,2.0,447.0,218.0,0.3,497.0,228.0,,,,29,,Mike,Trésor Ndayishimiye,Trésor,Ankle injury - Unknown return date,,19,0,0,0,1,0,0,0,0,0,0,0,2,,,,0.0,0.0,4.74,0.0,9.47,0,0,2
215,a,100.0,100.0,5.3,194,47.0,0,0.0,-2,2.0,0.4,281,45.0,62,0,3.1,179.0,17.0,6,231,3.3,84.0,12.0,0.6,11.7,0.0,167679,288,148122,168,2.8,2.8,4.39,0.19,4.58,21.02,0.39,0.02,0.41,1.88,289.4,197.0,17.0,79.7,296.0,33.0,332.0,66.0,24.0,69.2,167.0,23.0,,5.0,1.0,29,,Zian,Flemming,Flemming,,,1005,7,0,2,19,0,0,0,3,0,0,12,55,,,,0.0,0.18,1.7,1.07,4.93,7,28,20
216,i,0.0,0.0,4.8,369,63.0,0,0.0,-2,2.0,0.0,669,85.0,0,0,0.0,764.0,84.0,0,0,0.0,706.0,75.0,0.0,0.0,0.0,2102,1,6276,2,0.0,0.0,0.0,0.0,0.0,0.0,0.0,0.0,0.0,0.0,0.0,763.0,84.0,0.0,758.0,83.0,0.0,752.0,83.0,0.0,763.0,84.0,,,,29,,Zeki,Amdouni,Amdouni,Knee injury - Expected back 25 Apr,,0,0,0,0,0,0,0,0,0,0,0,0,0,,,,0.0,0.0,0.0,0.0,0.0,0,0,0
217,a,100.0,100.0,4.9,325,60.0,0,0.0,-1,1.0,0.8,207,31.0,48,2,2.3,299.0,31.0,4,179,1.0,258.0,31.0,0.2,9.8,0.0,449571,36,441812,63,0.5,0.5,2.96,0.29,3.25,22.76,0.23,0.02,0.25,1.78,188.6,268.0,26.0,130.2,214.0,22.0,206.0,121.0,30.0,51.9,240.0,28.0,,,,29,,Lyle,Foster,Foster,,,1154,3,1,3,25,0,0,0,4,0,0,13,70,,,,0.0,0.23,1.95,1.01,5.46,12,24,34
218,a,,,4.2,623,88.0,0,0.0,-3,3.0,1.4,163,25.0,4,1,1.0,460.0,56.0,0,7,0.5,319.0,43.0,0.1,1.0,0.0,222967,134,334927,178,0.0,0.0,0.11,0.0,0.11,0.77,0.43,0.0,0.43,3.01,0.2,505.0,62.0,0.6,471.0,60.0,9.0,411.0,57.0,1.0,483.0,58.0,,,2.0,29,,Ashley,Barnes,Barnes,,,23,0,0,0,2,0,0,0,1,0,0,0,2,,,,0.0,0.0,7.83,0.0,7.83,0,0,2
219,u,0.0,0.0,4.4,528,76.0,0,0.0,-1,1.0,0.1,464,67.0,0,0,0.0,668.0,68.0,0,0,0.0,573.0,58.0,0.0,0.0,0.0,4151,0,40573,1,0.0,0.0,0.0,0.0,0.0,0.0,0.0,0.0,0.0,0.0,0.0,658.0,68.0,0.0,654.0,67.0,0.0,632.0,67.0,0.0,660.0,68.0,,,,29,,Michael,Obafemi,Obafemi,has joined Blackpool on loan for the rest of the season.,,0,0,0,0,0,0,0,0,0,0,0,0,0,,,,0.0,0.0,0.0,0.0,0.0,0,0,0
470,a,100.0,100.0,4.0,661,41.0,0,0.0,0,0.0,32.3,10,2.0,80,2,2.8,211.0,22.0,7,357,1.2,237.0,19.0,0.3,20.0,0.0,1696386,481,1433705,1143,0.7,0.7,0.0,0.04,0.04,57.06,0.0,0.0,0.0,1.97,808.6,5.0,1.0,0.0,554.0,48.0,0.0,525.0,35.0,81.1,131.0,1.0,,,,29,,Martin,Dúbravka,Dúbravka,,,2610,0,0,3,58,0,0,0,1,0,106,29,96,,,,3.66,0.1,2.0,1.0,0.0,1,53,230
614,a,100.0,100.0,5.6,123,77.0,0,0.0,-4,4.0,0.2,389,129.0,19,1,2.1,323.0,142.0,0,129,1.3,235.0,99.0,0.2,3.4,0.0,18451,19,47578,14,0.8,0.8,0.13,1.11,1.24,10.26,0.02,0.18,0.2,1.65,101.4,352.0,158.0,229.1,138.0,94.0,6.0,427.0,208.0,33.6,319.0,156.0,1.0,1.0,,29,,James,Ward-Prowse,Ward-Prowse,,,561,0,1,1,15,0,0,0,0,0,0,6,37,,,,0.0,0.16,2.41,0.96,5.94,6,15,16
676,a,100.0,100.0,5.0,273,168.0,0,0.0,0,0.0,0.1,451,154.0,81,2,2.9,202.0,83.0,5,305,2.3,142.0,59.0,0.5,16.2,0.0,41829,9,37392,24,1.8,1.8,2.25,0.27,2.52,41.71,0.11,0.01,0.12,1.98,359.2,142.0,49.0,145.2,202.0,132.0,188.0,144.0,82.0,69.0,168.0,87.0,,,,29,,Lesley,Ugochukwu,Ugochukwu,,,1893,3,2,3,41,0,0,0,1,1,0,22,182,,,,0.0,0.14,1.95,1.05,8.65,46,52,84
680,i,0.0,0.0,5.2,212,49.0,0,0.0,-3,3.0,0.2,401,62.0,38,0,2.0,337.0,39.0,2,105,0.3,344.0,45.0,0.1,7.3,0.0,47534,2,58605,47,0.0,0.0,2.14,0.13,2.27,20.84,0.24,0.01,0.25,2.33,96.2,362.0,38.0,62.2,320.0,35.0,203.0,125.0,31.0,35.8,304.0,35.0,,,,29,,Armando,Broja,Broja,Knock - Expected back 14 Mar,,805,1,1,1,25,0,0,0,0,0,0,8,41,,,,0.0,0.11,2.8,0.89,4.58,6,11,24
722,a,,,5.0,252,153.0,0,0.0,0,0.0,0.0,609,234.0,66,1,2.8,221.0,90.0,0,286,0.8,283.0,126.0,0.2,13.2,0.0,14670,2,12785,7,0.3,0.3,0.55,0.39,0.94,37.18,0.03,0.02,0.05,2.03,343.2,150.0,52.0,173.1,182.0,122.0,44.0,330.0,172.0,56.3,221.0,108.0,,,,29,,Florentino Ibrain,Morris Luís,Florentino,,,1651,0,2,2,37,0,0,0,4,0,0,20,247,,,,0.0,0.11,2.02,1.09,13.46,74,88,85
776,a,,,4.5,509,314.0,0,0.0,0,0.0,0.0,787,345.0,0,0,0.0,753.0,319.0,0,0,0.0,682.0,274.0,0.0,0.0,0.0,605,2,347,1,-0.5,-0.5,0.0,0.0,0.0,0.0,0.0,0.0,0.0,0.0,0.0,752.0,318.0,0.0,746.0,318.0,0.0,733.0,314.0,0.0,752.0,318.0,,,,29,,Oliver,Pimlott,Pimlott,,,0,0,0,0,0,0,0,0,0,0,0,0,0,,,,0.0,0.0,0.0,0.0,0.0,0,0,0
784,a,,,4.5,516,320.0,0,0.0,0,0.0,0.0,800,354.0,0,0,0.0,758.0,324.0,0,0,0.0,688.0,280.0,0.0,0.0,0.0,422,2,292,0,-0.5,-0.5,0.0,0.0,0.0,0.0,0.0,0.0,0.0,0.0,0.0,757.0,323.0,0.0,751.0,323.0,0.0,739.0,320.0,0.0,757.0,323.0,,,,29,,George,Brierley,Brierley,,,0,0,0,0,0,0,0,0,0,0,0,0,0,,,,0.0,0.0,0.0,0.0,0.0,0,0,0
820,a,,,4.5,507,313.0,0,0.0,0,0.0,0.0,820,368.0,0,0,0.0,752.0,318.0,0,0,0.0,681.0,273.0,0.0,0.0,0.0,1,1,0,0,0.8,0.8,0.0,0.0,0.0,0.0,0.0,0.0,0.0,0.0,0.0,751.0,317.0,0.0,745.0,317.0,0.0,732.0,313.0,0.0,751.0,317.0,,,,29,,Kian,McMahon-Brown,McMahon-Brown,,,0,0,0,0,0,0,0,0,0,0,0,0,0,,,,0.0,0.0,0.0,0.0,0.0,0,0,0
66,u,0.0,0.0,4.5,406,21.0,0,0.0,0,0.0,0.1,567,77.0,0,0,0.0,690.0,92.0,0,0,0.0,605.0,88.0,0.0,0.0,0.0,0,0,16518,2,0.0,0.0,0.0,0.0,0.0,0.0,0.0,0.0,0.0,0.0,0.0,684.0,92.0,0.0,678.0,84.0,0.0,659.0,74.0,0.0,686.0,92.0,,,,29,,Norberto,Murara Neto,Neto,Has joined Botafogo permanently.,,0,0,0,0,0,0,0,0,0,0,0,0,0,,,,0.0,0.0,0.0,0.0,0.0,0,0,0
67,a,,,4.5,435,24.0,0,0.0,0,0.0,4.8,73,12.0,94,6,3.2,153.0,16.0,5,381,4.8,18.0,2.0,1.1,20.9,0.0,936262,1020,743024,186,5.3,4.8,0.0,0.0,0.0,43.19,0.0,0.0,0.0,1.49,656.2,20.0,6.0,0.0,694.0,87.0,0.0,677.0,77.0,65.9,187.0,8.0,,,,29,,Đorđe,Petrović,Petrović,,,2610,0,0,8,46,1,0,0,2,0,88,29,98,,,,3.03,0.28,1.59,1.0,0.0,0,54,227
68,u,0.0,0.0,4.0,680,51.0,0,0.0,0,0.0,0.7,210,27.0,0,0,0.0,590.0,71.0,0,0,0.0,463.0,62.0,0.0,0.0,0.0,47217,0,86131,36,0.0,0.0,0.0,0.0,0.0,0.0,0.0,0.0,0.0,0.0,0.0,580.0,71.0,0.0,571.0,58.0,0.0,542.0,45.0,0.0,582.0,71.0,,,,29,,Will,Dennis,Dennis,has joined Leyton Orient on loan for the rest of the season.,,0,0,0,0,0,0,0,0,0,0,0,0,0,,,,0.0,0.0,0.0,0.0,0.0,0,0,0
69,a,,,3.9,780,92.0,0,0.0,-1,1.0,0.3,342,47.0,0,0,0.0,570.0,61.0,0,0,0.0,441.0,50.0,0.0,0.0,0.0,22007,18,18675,19,0.5,0.0,0.0,0.0,0.0,0.0,0.0,0.0,0.0,0.0,0.0,560.0,61.0,0.0,548.0,45.0,0.0,518.0,32.0,0.0,562.0,61.0,,,,29,,Callan,McKenna,McKenna,,,0,0,0,0,0,0,0,0,0,0,0,0,0,,,,0.0,0.0,0.0,0.0,0.0,0,0,0
70,u,0.0,0.0,4.0,697,58.0,0,0.0,0,0.0,0.1,571,78.0,0,0,0.0,603.0,78.0,0,0,0.0,479.0,69.0,0.0,0.0,0.0,1107,0,10413,1,0.0,0.0,0.0,0.0,0.0,0.0,0.0,0.0,0.0,0.0,0.0,593.0,78.0,0.0,584.0,65.0,0.0,555.0,52.0,0.0,595.0,78.0,,,,29,,Alex,Paulsen,Paulsen,Has joined Lechia Gdansk on loan for the rest of the season.,,0,0,0,0,0,0,0,0,0,0,0,0,0,,,,0.0,0.0,0.0,0.0,0.0,0,0,0
71,u,0.0,0.0,5.0,265,41.0,0,0.0,0,0.0,0.0,667,234.0,0,0,0.0,788.0,263.0,0,0,0.0,746.0,255.0,0.0,0.0,0.0,0,0,8204,0,0.0,0.0,0.0,0.0,0.0,0.0,0.0,0.0,0.0,0.0,0.0,787.0,263.0,0.0,785.0,263.0,0.0,781.0,263.0,0.0,787.0,263.0,,,,29,,Illia,Zabarnyi,Zabarnyi,Has joined Paris Saint-Germain permanently.,,0,0,0,0,0,0,0,0,0,0,0,0,0,,,,0.0,0.0,0.0,0.0,0.0,0,0,0
72,a,100.0,100.0,4.9,313,49.0,0,0.0,4,-4.0,16.5,19,7.0,126,11,4.5,33.0,13.0,9,407,4.8,19.0,7.0,1.0,25.7,0.0,4827149,5981,3051364,453,5.3,4.8,1.25,4.03,5.28,41.24,0.05,0.15,0.2,1.5,866.4,3.0,1.0,296.0,94.0,22.0,165.0,163.0,37.0,133.0,34.0,2.0,,,,29,,Marcos,Senesi Barón,Senesi,,,2478,0,4,8,45,0,0,0,8,0,0,28,377,,,,0.0,0.29,1.63,1.02,12.13,49,285,115
73,a,100.0,100.0,4.4,517,97.0,0,0.0,-1,1.0,0.2,387,145.0,30,0,1.9,344.0,128.0,0,86,0.6,303.0,107.0,0.1,6.8,0.0,25993,13,41337,24,1.1,0.6,0.0,0.11,0.11,12.46,0.0,0.01,0.01,1.54,82.8,374.0,142.0,32.3,373.0,131.0,18.0,384.0,135.0,13.3,397.0,143.0,,,,29,,Adam,Smith,Smith,,,727,0,1,3,15,0,0,0,2,0,0,10,44,,,,0.0,0.37,1.86,1.24,5.08,7,34,18
74,a,,,4.6,401,70.0,0,0.0,1,-1.0,2.2,127,49.0,107,8,3.7,98.0,36.0,9,394,5.4,11.0,5.0,1.2,23.3,0.0,598539,1446,415976,135,5.9,5.4,0.39,2.07,2.46,40.89,0.01,0.07,0.08,1.43,583.0,41.0,17.0,370.8,64.0,13.0,94.0,251.0,69.0,104.8,72.0,14.0,,,,29,,Adrien,Truffert,Truffert,,,2568,0,2,8,43,0,0,0,3,0,0,29,286,,,,0.0,0.28,1.51,1.02,8.27,78,158,149
75,d,75.0,75.0,3.8,805,252.0,0,0.0,-2,2.0,0.2,386,144.0,0,0,0.0,532.0,194.0,0,0,0.0,399.0,151.0,0.0,0.0,0.0,14424,7,32429,5,0.4,0.0,0.0,0.0,0.0,0.0,0.0,0.0,0.0,0.0,0.0,522.0,194.0,0.0,506.0,192.0,0.0,475.0,186.0,0.0,524.0,194.0,,,,29,,Matai,Akinmboni,Akinmboni,Lack of match fitness - 75% chance of playing,,0,0,0,0,0,0,0,0,0,0,0,0,0,,,,0.0,0.0,0.0,0.0,0.0,0,0,0
76,a,,,3.8,803,250.0,0,0.0,-2,2.0,0.2,388,146.0,0,0,0.0,531.0,193.0,0,0,0.0,397.0,149.0,0.0,0.0,0.0,15353,16,19294,14,0.5,0.0,0.0,0.0,0.0,0.0,0.0,0.0,0.0,0.0,0.0,521.0,193.0,0.0,505.0,191.0,0.0,474.0,185.0,0.0,523.0,193.0,,,,29,,Owen,Bevan,Bevan,,,0,0,0,0,0,0,0,0,0,0,0,0,0,,,,0.0,0.0,0.0,0.0,0.0,0,0,0
77,a,,,4.1,656,159.0,0,0.0,1,-1.0,7.0,55,19.0,75,8,3.8,83.0,29.0,2,246,6.4,5.0,3.0,1.6,18.3,0.0,967939,4372,161911,210,6.9,6.4,0.39,0.97,1.35,19.89,0.03,0.07,0.1,1.39,374.6,132.0,59.0,84.9,286.0,91.0,74.0,283.0,81.0,53.6,230.0,77.0,,,,29,,James,Hill,Hill,,,1292,0,3,5,16,0,0,0,2,0,0,13,171,,,,0.0,0.35,1.11,0.91,11.28,24,138,39
78,u,0.0,0.0,3.8,795,242.0,0,0.0,-2,2.0,0.5,255,95.0,0,0,0.0,525.0,187.0,0,0,0.0,390.0,142.0,0.0,0.0,0.0,47440,0,132290,34,0.0,0.0,0.0,0.0,0.0,0.0,0.0,0.0,0.0,0.0,0.0,515.0,187.0,0.0,499.0,185.0,0.0,468.0,179.0,0.0,517.0,187.0,,,,29,,Julián,Araujo Zúñiga,J.Araujo,has joined Celtic on loan for the rest of the season.,,0,0,0,0,0,0,0,0,0,0,0,0,0,,,,0.0,0.0,0.0,0.0,0.0,0,0,0
79,u,0.0,0.0,4.0,673,167.0,0,0.0,0,0.0,0.1,538,192.0,0,0,0.0,583.0,214.0,0,0,0.0,456.0,175.0,0.0,0.0,0.0,1400,0,16701,2,0.0,0.0,0.0,0.0,0.0,0.0,0.0,0.0,0.0,0.0,0.0,573.0,214.0,0.0,564.0,214.0,0.0,535.0,210.0,0.0,575.0,214.0,,,,29,,Chris,Mepham,Mepham,has joined West Bromwich Albion permanently.,,0,0,0,0,0,0,0,0,0,0,0,0,0,,,,0.0,0.0,0.0,0.0,0.0,0,0,0
80,i,0.0,0.0,4.0,717,193.0,0,0.0,0,0.0,0.2,378,141.0,3,0,1.0,455.0,166.0,0,2,0.0,496.0,198.0,0.0,0.8,0.0,17391,2,33297,15,0.0,0.0,0.0,0.0,0.0,1.62,0.0,0.0,0.0,4.29,1.8,490.0,175.0,2.5,451.0,164.0,2.0,441.0,165.0,0.6,489.0,172.0,,,,29,,Julio,Soler Barreto,Soler,Hamstring injury - Expected back 01 Jun,,34,0,0,0,2,0,0,0,0,0,0,0,1,,,,0.0,0.0,5.29,0.0,2.65,1,0,4
81,i,0.0,0.0,7.0,36,21.0,0,0.0,0,0.0,0.6,233,81.0,40,0,2.2,316.0,140.0,3,147,0.0,813.0,366.0,0.0,5.7,0.0,190303,2,250938,27,0.0,0.0,2.24,1.54,3.78,16.78,0.22,0.15,0.37,1.65,146.6,307.0,139.0,304.1,91.0,68.0,128.0,212.0,118.0,57.8,215.0,106.0,,3.0,1.0,29,,Justin,Kluivert,Kluivert,Knee injury - Expected back 09 May,,914,2,0,4,18,0,0,0,4,0,0,10,62,,,,0.0,0.39,1.77,0.98,6.11,10,8,44
84,a,100.0,100.0,5.3,189,117.0,0,0.0,-2,2.0,1.6,153,52.0,104,2,4.2,49.0,22.0,10,375,2.0,170.0,72.0,0.4,19.6,0.0,920035,1609,805783,115,2.5,2.0,6.79,2.74,9.53,29.35,0.31,0.13,0.44,1.36,456.2,80.0,27.0,484.7,32.0,30.0,420.0,39.0,23.0,136.3,31.0,23.0,2.0,2.0,4.0,29,,Marcus,Tavernier,Tavernier,,,1942,5,4,8,37,0,0,0,4,0,0,22,178,,,,0.0,0.37,1.71,1.02,8.25,29,47,102
85,a,100.0,100.0,4.9,301,189.0,0,0.0,-1,1.0,0.3,334,113.0,60,4,3.3,148.0,66.0,3,279,2.0,166.0,69.0,0.4,12.2,0.0,79133,44,92962,11,2.5,2.0,0.56,0.37,0.93,20.86,0.04,0.02,0.06,1.33,304.2,186.0,75.0,94.9,266.0,162.0,105.0,232.0,129.0,50.7,247.0,124.0,,,,29,,Tyler,Adams,Adams,,,1412,2,1,6,24,0,0,0,7,0,0,18,182,,,,0.0,0.38,1.53,1.15,11.6,40,66,76
86,a,100.0,100.0,5.0,246,150.0,0,0.0,0,0.0,0.2,392,131.0,46,0,2.0,333.0,145.0,4,180,0.6,310.0,142.0,0.1,9.2,0.0,72623,15,78270,20,1.1,0.6,4.51,2.85,7.36,16.91,0.4,0.25,0.65,1.5,200.4,261.0,110.0,323.0,77.0,58.0,391.0,47.0,29.0,90.0,102.0,59.0,,4.0,,29,,David,Brooks,Brooks,,,1014,1,2,4,18,0,0,0,7,0,0,12,79,,,,0.0,0.36,1.6,1.07,7.01,15,16,48
88,i,0.0,0.0,4.9,292,182.0,0,0.0,-1,1.0,0.0,599,227.0,38,0,2.4,288.0,124.0,0,184,1.0,257.0,112.0,0.2,7.8,0.0,11723,2,9840,29,0.0,0.0,0.07,0.52,0.59,13.49,0.01,0.05,0.06,1.4,206.0,256.0,107.0,183.3,178.0,121.0,12.0,398.0,197.0,40.4,288.0,144.0,1.0,,,29,,Lewis,Cook,Cook,Hamstring injury - Expected back 11 Apr,,870,0,1,1,18,0,0,0,1,1,0,8,143,,,,0.0,0.1,1.86,0.83,14.79,25,56,62
90,a,100.0,100.0,5.1,241,146.0,0,0.0,1,-1.0,1.3,169,59.0,101,3,3.5,122.0,55.0,6,434,3.4,75.0,34.0,0.7,19.8,0.0,247643,197,102478,341,3.9,3.4,3.26,1.63,4.89,35.56,0.14,0.07,0.21,1.5,420.4,103.0,34.0,316.7,85.0,64.0,259.0,96.0,60.0,99.2,85.0,52.0,4.0,6.0,,29,,Alex,Scott,Scott,,,2128,2,2,8,34,0,0,0,3,0,0,26,279,,,,0.0,0.34,1.44,1.1,11.8,42,103,134
91,u,0.0,0.0,5.0,254,154.0,0,0.0,0,0.0,0.0,738,312.0,0,0,0.0,784.0,342.0,0,0,0.0,742.0,315.0,0.0,0.0,0.0,396,0,3893,0,0.0,0.0,0.0,0.0,0.0,0.0,0.0,0.0,0.0,0.0,0.0,783.0,341.0,0.0,780.0,341.0,0.0,777.0,339.0,0.0,783.0,341.0,,,,29,,Luis,Sinisterra Lucumí,Sinisterra,has joined Cruzeiro on loan for the rest of the season.,,0,0,0,0,0,0,0,0,0,0,0,0,0,,,,0.0,0.0,0.0,0.0,0.0,0,0,0
92,u,0.0,0.0,4.5,431,258.0,0,0.0,0,0.0,0.1,553,200.0,0,0,0.0,701.0,277.0,0,0,0.0,620.0,224.0,0.0,0.0,0.0,4403,0,19647,1,0.0,0.0,0.0,0.0,0.0,0.0,0.0,0.0,0.0,0.0,0.0,695.0,271.0,0.0,691.0,274.0,0.0,674.0,267.0,0.0,697.0,273.0,,,,29,,Romain,Faivre,Faivre,has joined Auxerre permanently.,,0,0,0,0,0,0,0,0,0,0,0,0,0,,,,0.0,0.0,0.0,0.0,0.0,0,0,0
93,u,0.0,0.0,4.5,426,255.0,0,0.0,0,0.0,0.3,332,112.0,4,0,4.0,59.0,28.0,0,12,0.0,616.0,221.0,0.0,0.9,0.0,114900,0,165399,7,0.0,0.0,0.0,0.0,0.0,0.4,0.0,0.0,0.0,2.25,21.2,444.0,195.0,10.0,421.0,207.0,0.0,670.0,264.0,3.1,459.0,207.0,,,,29,,Hamed,Traorè,H.Traorè,has joined Marseille on loan for the rest of the season.,,16,0,1,0,2,0,0,0,0,0,0,0,4,,,,0.0,0.0,11.25,0.0,22.5,1,1,2
94,u,0.0,0.0,4.5,463,282.0,0,0.0,0,0.0,0.0,642,254.0,0,0,0.0,722.0,297.0,0,0,0.0,643.0,245.0,0.0,0.0,0.0,3895,0,8200,0,0.0,0.0,0.0,0.0,0.0,0.0,0.0,0.0,0.0,0.0,0.0,717.0,292.0,0.0,713.0,294.0,0.0,697.0,287.0,0.0,718.0,293.0,,,,29,,Dominic,Sadi,Sadi,has joined Novi Pazar on loan for the rest of the season.,,0,0,0,0,0,0,0,0,0,0,0,0,0,,,,0.0,0.0,0.0,0.0,0.0,0,0,0
95,u,0.0,0.0,4.4,554,331.0,0,0.0,-1,1.0,0.1,575,213.0,0,0,0.0,677.0,264.0,0,0,0.0,586.0,205.0,0.0,0.0,0.0,15405,0,21509,0,0.0,0.0,0.0,0.0,0.0,0.0,0.0,0.0,0.0,0.0,0.0,668.0,255.0,0.0,664.0,260.0,0.0,643.0,250.0,0.0,670.0,257.0,,,,29,,Zain,Silcott-Duberry,Silcott-Duberry,has joined Olympiakos permanently.,,0,0,0,0,0,0,0,0,0,0,0,0,0,,,,0.0,0.0,0.0,0.0,0.0,0,0,0
96,u,0.0,0.0,4.5,493,304.0,0,0.0,0,0.0,0.0,640,253.0,1,0,1.0,484.0,219.0,0,3,0.0,670.0,266.0,0.0,0.2,0.0,2964,0,9999,0,0.0,0.0,0.0,0.0,0.0,0.31,0.0,0.0,0.0,4.65,0.0,741.0,310.0,0.0,735.0,310.0,0.0,722.0,306.0,0.0,741.0,310.0,,,,29,,Ben,Winterburn,Winterburn,has joined Barnet on loan for the rest of the season.,,6,0,0,0,2,0,0,0,0,0,0,0,0,,,,0.0,0.0,30.0,0.0,0.0,0,0,0
97,d,75.0,75.0,6.8,45,16.0,-1,1.0,-2,2.0,2.2,130,21.0,87,2,3.2,165.0,16.0,6,318,2.6,124.0,18.0,0.4,12.8,0.0,1098027,202,1101240,877,2.3,2.0,7.5,1.13,8.63,28.62,0.34,0.05,0.39,1.28,295.0,190.0,16.0,309.4,88.0,3.0,649.0,15.0,10.0,125.1,40.0,9.0,,,,29,,Francisco Evanilson,de Lima Barbosa,Evanilson,Dead leg - 75% chance of playing,,2013,6,3,8,33,0,0,0,1,0,0,23,85,,,,0.0,0.36,1.48,1.03,3.8,7,25,53
98,a,100.0,100.0,5.4,159,39.0,0,0.0,-1,1.0,0.0,590,81.0,20,1,1.2,441.0,53.0,1,55,1.0,263.0,32.0,0.2,3.7,0.0,13697,12,10928,18,1.5,1.0,1.35,0.06,1.41,3.45,0.71,0.03,0.74,1.83,45.6,411.0,46.0,12.4,410.0,55.0,82.0,268.0,47.0,13.3,398.0,49.0,,1.0,,29,,Enes,Ünal,Enes Ünal,,,170,1,0,0,2,0,0,0,1,0,0,0,12,,,,0.0,0.0,1.06,0.0,6.35,1,7,4
99,u,0.0,0.0,4.4,569,83.0,0,0.0,-1,1.0,0.1,430,63.0,0,0,0.0,687.0,75.0,0,0,0.0,600.0,65.0,0.0,0.0,0.0,22144,0,44337,2,0.0,0.0,0.0,0.0,0.0,0.0,0.0,0.0,0.0,0.0,0.0,680.0,75.0,0.0,675.0,74.0,0.0,655.0,74.0,0.0,682.0,75.0,,,,29,,Daniel,Adu-Adjei,Adu-Adjei,has joined HNK Rijeka permanently.,,0,0,0,0,0,0,0,0,0,0,0,0,0,,,,0.0,0.0,0.0,0.0,0.0,0,0,0
100,a,,,4.7,393,65.0,0,0.0,2,-2.0,6.9,56,10.0,72,1,3.0,193.0,19.0,7,322,1.6,202.0,25.0,0.3,15.3,0.0,1835369,814,1120270,2448,2.1,1.6,4.78,0.71,5.49,18.06,0.41,0.06,0.47,1.55,337.2,154.0,15.0,202.6,161.0,12.0,344.0,63.0,23.0,88.4,107.0,16.0,,,,29,,Junior,Kroupi,Kroupi.Jr,,,1052,8,0,5,18,0,0,0,3,0,0,13,79,,,,0.0,0.43,1.54,1.11,6.76,8,28,43
391,i,0.0,0.0,4.8,370,231.0,0,0.0,-2,2.0,0.0,638,252.0,7,0,1.8,371.0,159.0,0,22,0.0,707.0,292.0,0.0,1.5,0.0,4624,0,8089,0,0.0,0.0,0.09,0.09,0.18,2.66,0.15,0.15,0.3,4.52,21.2,445.0,196.0,14.0,405.0,201.0,11.0,400.0,199.0,4.7,449.0,202.0,,,,29,,Ben,Gannon-Doak,Gannon-Doak,Hamstring injury - Unknown return date,,53,0,1,0,1,0,0,0,0,0,0,0,3,,,,0.0,0.0,1.7,0.0,5.09,2,1,0
685,a,100.0,100.0,4.2,634,146.0,0,0.0,-3,3.0,0.3,326,120.0,46,0,2.6,246.0,93.0,2,164,0.0,525.0,219.0,0.0,11.0,0.0,98252,7,95779,35,0.5,0.0,0.02,0.19,0.21,22.47,0.0,0.01,0.01,1.59,267.0,212.0,83.0,54.3,331.0,114.0,22.0,370.0,126.0,34.4,316.0,107.0,,,,29,,Bafodé,Diakité,Diakité,,,1275,0,0,4,27,0,0,0,1,0,0,15,147,,,,0.0,0.28,1.91,1.06,8.26,20,97,48
697,a,,,5.4,175,108.0,0,0.0,-1,1.0,0.6,241,83.0,60,1,2.4,292.0,128.0,4,223,3.4,76.0,35.0,0.6,11.1,0.0,116919,56,48211,802,3.9,3.4,2.52,1.49,4.01,14.65,0.25,0.15,0.4,1.43,256.6,216.0,93.0,209.1,157.0,108.0,240.0,101.0,62.0,70.0,163.0,86.0,3.0,,,29,,Amine,Adli,Adli,,,923,3,2,3,14,0,0,0,2,0,0,9,108,,,,0.0,0.29,1.37,0.88,10.53,31,25,52
713,a,,,4.5,465,92.0,0,0.0,0,0.0,0.2,347,127.0,63,8,2.5,270.0,106.0,2,238,3.6,59.0,20.0,0.8,14.0,0.0,51843,190,24611,32,4.1,3.6,1.05,1.49,2.54,33.81,0.05,0.07,0.12,1.64,331.0,160.0,69.0,212.1,154.0,38.0,169.0,161.0,36.0,71.2,156.0,53.0,,,,29,,Álex,Jiménez Sánchez,A.Jimenez,,,1855,1,2,5,33,0,0,0,8,0,0,21,132,,,,0.0,0.24,1.6,1.02,5.68,52,65,97
721,a,100.0,100.0,4.4,571,121.0,0,0.0,-1,1.0,0.0,653,230.0,19,0,2.7,230.0,91.0,0,63,0.0,601.0,237.0,0.0,4.3,0.0,6291,4,5881,4,0.5,0.0,0.15,0.19,0.34,4.42,0.04,0.05,0.09,1.08,98.4,358.0,137.0,13.9,406.0,148.0,10.0,405.0,149.0,12.2,407.0,146.0,,,,29,,Veljko,Milosavljevic,Milosavljević,,,367,0,0,1,6,0,0,0,0,0,0,4,42,,,,0.0,0.25,1.47,0.98,9.56,5,34,13
782,a,,,4.0,660,40.0,0,0.0,0,0.0,0.0,668,80.0,0,0,0.0,575.0,63.0,0,0,0.0,446.0,52.0,0.0,0.0,0.0,2651,4,838,5,0.5,0.0,0.0,0.0,0.0,0.0,0.0,0.0,0.0,0.0,0.0,565.0,63.0,0.0,553.0,47.0,0.0,524.0,34.0,0.0,567.0,63.0,,,,29,,Fraser,Forster,Forster,,,0,0,0,0,0,0,0,0,0,0,0,0,0,,,,0.0,0.0,0.0,0.0,0.0,0,0,0
799,a,,,4.5,511,315.0,0,0.0,0,0.0,0.0,782,340.0,0,0,0.0,754.0,320.0,0,0,0.0,683.0,275.0,0.0,0.0,0.0,587,2,210,4,0.5,0.0,0.0,0.0,0.0,0.0,0.0,0.0,0.0,0.0,0.0,753.0,319.0,0.0,747.0,319.0,0.0,734.0,315.0,0.0,753.0,319.0,,,,29,,Charlie,Stevens,Stevens,,,0,0,0,0,0,0,0,0,0,0,0,0,0,,,,0.0,0.0,0.0,0.0,0.0,0,0,0
801,a,,,5.0,282,176.0,0,0.0,0,0.0,0.0,760,324.0,3,0,0.8,512.0,240.0,0,10,0.2,369.0,169.0,0.0,0.6,0.0,869,1,425,2,0.7,0.2,0.06,0.25,0.31,2.34,0.08,0.32,0.4,2.97,6.0,474.0,214.0,33.5,370.0,190.0,14.0,392.0,196.0,5.3,441.0,197.0,,,,29,,Alex,Tóth,Tóth.A,,,71,0,0,0,1,0,0,0,1,0,0,1,8,,,,0.0,0.0,1.27,1.27,10.14,1,2,5
806,a,,,4.0,678,50.0,0,0.0,0,0.0,0.0,769,89.0,0,0,0.0,588.0,70.0,0,0,0.0,461.0,61.0,0.0,0.0,0.0,580,0,261,2,0.5,0.0,0.0,0.0,0.0,0.0,0.0,0.0,0.0,0.0,0.0,578.0,70.0,0.0,569.0,57.0,0.0,540.0,44.0,0.0,580.0,70.0,,,,29,,Christos,Mandas,Mandas,,,0,0,0,0,0,0,0,0,0,0,0,0,0,,,,0.0,0.0,0.0,0.0,0.0,0,0,0
807,a,,,5.6,133,82.0,0,0.0,1,-1.0,2.7,113,36.0,27,3,4.5,34.0,15.0,2,95,4.6,26.0,12.0,0.8,4.8,0.0,383624,806,41317,910,5.1,4.6,0.87,1.03,1.9,9.04,0.17,0.21,0.38,1.8,122.6,328.0,148.0,118.1,230.0,146.0,103.0,236.0,131.0,34.3,317.0,155.0,,,,29,,Rayan Vitor,Simplício Rocha,Rayan,,,451,2,1,2,3,0,0,0,1,0,0,5,27,,,,0.0,0.4,0.6,1.0,5.39,5,6,16
27,i,0.0,0.0,4.8,356,223.0,0,0.0,-2,2.0,0.1,489,173.0,6,0,1.0,488.0,223.0,0,19,0.0,698.0,287.0,0.0,1.2,0.0,10481,0,18207,15,0.0,0.0,0.61,0.07,0.68,1.21,1.1,0.13,1.23,2.18,16.4,449.0,199.0,4.0,445.0,215.0,16.0,390.0,195.0,3.4,456.0,206.0,,,,29,,Reiss,Nelson,Nelson,Calf injury - Expected back 16 Mar,,50,0,0,0,1,0,0,0,0,0,0,0,17,,,,0.0,0.0,1.8,0.0,30.6,2,3,12
83,a,100.0,100.0,6.0,91,57.0,1,-1.0,0,0.0,3.5,96,30.0,97,3,4.2,52.0,24.0,10,296,4.6,27.0,13.0,0.8,16.2,0.0,897686,2066,482535,394,5.1,4.6,5.37,2.3,7.67,22.87,0.3,0.13,0.43,1.28,345.0,149.0,51.0,243.0,127.0,87.0,449.0,31.0,16.0,103.1,77.0,47.0,3.0,,,29,,Dango,Ouattara,O.Dango,,,1613,5,6,4,24,0,0,0,4,0,0,18,140,,,,0.0,0.22,1.34,1.0,7.81,16,59,65
101,a,100.0,100.0,4.7,382,17.0,0,0.0,2,-2.0,11.7,28,5.0,104,6,3.7,100.0,12.0,6,402,2.2,149.0,14.0,0.5,22.1,0.0,1255039,3342,1016412,440,2.7,2.2,0.0,0.04,0.04,39.41,0.0,0.0,0.0,1.41,643.2,23.0,7.0,20.0,393.0,4.0,0.0,744.0,82.0,66.3,184.0,7.0,,,,29,,Caoimhín,Kelleher,Kelleher,,,2520,0,0,7,37,0,3,0,1,0,75,28,95,,,,2.68,0.25,1.32,1.0,0.0,1,35,211
102,a,,,3.9,756,79.0,0,0.0,-1,1.0,0.3,337,46.0,0,0,0.0,551.0,49.0,0,0,0.0,421.0,38.0,0.0,0.0,0.0,16213,5,23879,17,0.5,0.0,0.0,0.0,0.0,0.0,0.0,0.0,0.0,0.0,0.0,541.0,49.0,0.0,528.0,32.0,0.0,498.0,19.0,0.0,543.0,49.0,,,,29,,Ellery,Balcombe,Balcombe,,,0,0,0,0,0,0,0,0,0,0,0,0,0,,,,0.0,0.0,0.0,0.0,0.0,0,0,0
103,u,0.0,0.0,3.9,772,87.0,0,0.0,-1,1.0,0.1,424,63.0,0,0,0.0,563.0,57.0,0,0,0.0,434.0,46.0,0.0,0.0,0.0,11791,0,14474,8,0.0,0.0,0.0,0.0,0.0,0.0,0.0,0.0,0.0,0.0,0.0,553.0,57.0,0.0,540.0,40.0,0.0,510.0,27.0,0.0,555.0,57.0,,,,29,,Matthew,Cox,Cox,has joined Shrewsbury Town on loan for the rest of the season.,,0,0,0,0,0,0,0,0,0,0,0,0,0,,,,0.0,0.0,0.0,0.0,0.0,0,0,0
104,a,,,3.9,776,89.0,0,0.0,-1,1.0,0.1,455,67.0,0,0,0.0,566.0,58.0,0,0,0.0,437.0,47.0,0.0,0.0,0.0,12986,2,10243,7,0.5,0.0,0.0,0.0,0.0,0.0,0.0,0.0,0.0,0.0,0.0,556.0,58.0,0.0,544.0,42.0,0.0,514.0,29.0,0.0,558.0,58.0,,,,29,,Julian,Eyestone,Eyestone,,,0,0,0,0,0,0,0,0,0,0,0,0,0,,,,0.0,0.0,0.0,0.0,0.0,0,0,0
105,a,,,3.9,773,88.0,0,0.0,-1,1.0,0.6,234,31.0,1,0,1.0,452.0,33.0,0,1,0.2,349.0,23.0,0.1,0.3,0.0,38027,11,72045,23,0.7,0.2,0.0,0.0,0.0,0.97,0.0,0.0,0.0,0.97,13.0,453.0,33.0,0.0,541.0,41.0,0.0,511.0,28.0,1.3,479.0,33.0,,,,29,,Hákon Rafn,Valdimarsson,Valdimarsson,,,90,0,0,0,3,0,0,0,0,0,1,1,0,,,,1.0,0.0,3.0,1.0,0.0,0,0,7
106,a,,,4.9,323,52.0,0,0.0,-1,1.0,2.6,115,45.0,99,6,3.8,85.0,31.0,7,340,1.4,224.0,87.0,0.3,20.2,0.0,636943,999,511350,404,1.9,1.4,1.58,1.34,2.92,33.45,0.07,0.06,0.13,1.39,661.4,17.0,5.0,116.3,232.0,61.0,258.0,98.0,11.0,103.7,75.0,16.0,,,,29,,Nathan,Collins,Collins,,,2161,1,2,6,32,1,0,0,4,0,0,23,274,,,,0.0,0.25,1.33,0.96,10.08,24,218,98
107,a,,,4.8,365,62.0,0,0.0,-2,2.0,1.7,152,60.0,79,1,2.9,201.0,79.0,3,208,2.2,150.0,58.0,0.5,16.5,0.0,455372,335,304658,966,2.7,2.2,2.02,1.03,3.05,20.6,0.16,0.08,0.24,1.61,220.6,245.0,97.0,167.8,188.0,46.0,228.0,108.0,15.0,61.6,200.0,66.0,,1.0,,29,,Keane,Lewis-Potter,Lewis-Potter,,,1152,3,1,6,20,0,0,0,1,0,0,13,60,,,,0.0,0.47,1.56,1.02,3.2,15,26,50
108,a,100.0,100.0,4.4,524,103.0,0,0.0,-1,1.0,0.3,345,126.0,70,6,3.0,188.0,71.0,1,200,3.0,101.0,39.0,0.7,15.9,0.0,38489,74,32759,42,3.5,3.0,0.69,0.72,1.41,26.19,0.04,0.04,0.08,1.47,354.2,145.0,63.0,58.0,328.0,111.0,161.0,167.0,38.0,57.4,218.0,74.0,,,,29,,Kristoffer,Ajer,Ajer,,,1606,0,2,5,26,0,0,0,2,0,0,18,172,,,,0.0,0.28,1.46,1.01,9.25,35,130,49
109,a,,,4.3,582,128.0,0,0.0,-2,2.0,0.2,369,136.0,52,1,2.1,320.0,117.0,0,144,1.8,181.0,66.0,0.4,12.1,0.0,25773,65,22016,48,2.3,1.8,0.18,0.54,0.72,23.91,0.01,0.04,0.05,1.63,151.4,303.0,116.0,82.0,291.0,93.0,35.0,345.0,114.0,26.8,347.0,117.0,,,,29,,Rico,Henry,Henry,,,1322,0,2,4,22,0,0,0,2,0,0,14,78,,,,0.0,0.27,1.5,0.95,4.63,15,53,72
110,a,100.0,100.0,4.5,494,95.0,0,0.0,0,0.0,0.7,220,83.0,78,6,2.8,216.0,86.0,6,376,1.6,200.0,78.0,0.4,17.3,0.0,189546,531,135704,49,2.1,1.6,0.27,2.52,2.79,38.58,0.01,0.09,0.1,1.42,442.6,89.0,39.0,382.9,59.0,8.0,77.0,278.0,79.0,90.4,101.0,28.0,,,,29,,Michael,Kayode,Kayode,,,2448,0,1,7,37,1,0,0,6,0,0,28,220,,,,0.0,0.26,1.36,1.03,6.43,57,118,127
111,a,100.0,100.0,4.2,631,144.0,0,0.0,-3,3.0,0.1,453,167.0,4,0,1.3,427.0,154.0,0,21,0.0,522.0,217.0,0.0,1.0,0.0,12396,5,26806,11,0.5,0.0,0.0,0.06,0.06,3.18,0.0,0.02,0.02,1.26,62.8,395.0,152.0,1.1,465.0,171.0,12.0,397.0,144.0,7.6,431.0,155.0,,,,29,,Ethan,Pinnock,Pinnock,,,228,0,0,0,5,1,0,0,1,0,0,3,33,,,,0.0,0.0,1.97,1.18,11.45,4,25,9
112,u,0.0,0.0,4.5,423,83.0,0,0.0,0,0.0,0.0,713,247.0,0,0,0.0,697.0,257.0,0,0,0.0,614.0,241.0,0.0,0.0,0.0,211,0,3930,0,0.0,0.0,0.0,0.0,0.0,0.0,0.0,0.0,0.0,0.0,0.0,691.0,257.0,0.0,686.0,257.0,0.0,668.0,257.0,0.0,693.0,257.0,,,,29,,Mads,Roerslev Rasmussen,Roerslev,Has joined Southampton permanently.,,0,0,0,0,0,0,0,0,0,0,0,0,0,,,,0.0,0.0,0.0,0.0,0.0,0,0,0
113,a,100.0,100.0,4.5,432,86.0,0,0.0,0,0.0,1.0,188,70.0,83,6,3.5,119.0,42.0,3,300,4.4,32.0,9.0,1.0,18.4,0.0,269505,1600,203592,66,4.9,4.4,2.75,0.5,3.25,32.19,0.12,0.02,0.14,1.36,494.8,69.0,31.0,57.2,329.0,112.0,240.0,100.0,12.0,79.3,135.0,43.0,,,,29,,Sepp,van den Berg,Van den Berg,,,2123,0,2,5,34,0,0,0,1,0,0,23,242,,,,0.0,0.21,1.44,0.98,8.99,14,198,89
114,u,0.0,0.0,3.8,815,261.0,0,0.0,-2,2.0,0.2,379,142.0,0,0,0.0,538.0,199.0,0,0,0.0,407.0,158.0,0.0,0.0,0.0,12981,0,30217,13,0.0,0.0,0.0,0.0,0.0,0.0,0.0,0.0,0.0,0.0,0.0,528.0,199.0,0.0,514.0,199.0,0.0,484.0,194.0,0.0,530.0,199.0,,,,29,,Benjamin,Arthur,Arthur,has joined Celtic on loan for the rest of the season.,,0,0,0,0,0,0,0,0,0,0,0,0,0,,,,0.0,0.0,0.0,0.0,0.0,0,0,0
115,u,0.0,0.0,4.0,728,203.0,0,0.0,0,0.0,0.1,526,187.0,0,0,0.0,628.0,241.0,0,0,0.0,506.0,207.0,0.0,0.0,0.0,2020,0,14360,1,0.0,0.0,0.0,0.0,0.0,0.0,0.0,0.0,0.0,0.0,0.0,618.0,241.0,0.0,610.0,241.0,0.0,582.0,238.0,0.0,620.0,241.0,,,,29,,Benjamin,Fredrick,Fredrick,has joined Dender on loan for the rest of the season.,,0,0,0,0,0,0,0,0,0,0,0,0,0,,,,0.0,0.0,0.0,0.0,0.0,0,0,0
116,i,0.0,0.0,4.0,687,173.0,0,0.0,0,0.0,0.4,278,102.0,33,0,1.8,359.0,134.0,0,94,0.4,322.0,112.0,0.1,8.2,0.0,65882,0,75410,160,0.0,0.0,0.4,0.17,0.57,6.47,0.06,0.03,0.09,0.99,82.6,375.0,143.0,16.2,401.0,146.0,42.0,335.0,110.0,13.9,392.0,142.0,,,,29,,Aaron,Hickey,Hickey,Hamstring injury - Expected back 11 Apr,,588,0,0,2,8,0,0,0,1,0,0,7,49,,,,0.0,0.31,1.22,1.07,6.43,12,30,33
117,u,0.0,0.0,3.9,781,229.0,0,0.0,-1,1.0,0.1,520,185.0,0,0,0.0,571.0,207.0,0,0,0.0,442.0,168.0,0.0,0.0,0.0,4108,0,15614,3,0.0,0.0,0.0,0.0,0.0,0.0,0.0,0.0,0.0,0.0,0.0,561.0,207.0,0.0,549.0,207.0,0.0,519.0,202.0,0.0,563.0,207.0,,,,29,,Kim,Ji-soo,Ji-soo,has joined Kaiserslautern on loan for the rest of the season.,,0,0,0,0,0,0,0,0,0,0,0,0,0,,,,0.0,0.0,0.0,0.0,0.0,0,0,0
118,u,0.0,0.0,4.0,699,181.0,0,0.0,0,0.0,0.0,611,217.0,0,0,0.0,605.0,224.0,0,0,0.0,481.0,188.0,0.0,0.0,0.0,279,0,10977,1,0.0,0.0,0.0,0.0,0.0,0.0,0.0,0.0,0.0,0.0,0.0,595.0,224.0,0.0,586.0,224.0,0.0,557.0,220.0,0.0,597.0,224.0,,,,29,,Jayden,Meghoma,Meghoma,Has joined Rangers on loan for the rest of the season.,,0,0,0,0,0,0,0,0,0,0,0,0,0,,,,0.0,0.0,0.0,0.0,0.0,0,0,0
120,a,100.0,100.0,6.9,41,25.0,0,0.0,-1,1.0,1.7,149,51.0,97,3,3.7,104.0,48.0,5,319,2.2,160.0,68.0,0.3,14.1,0.0,848408,1989,691743,238,2.7,2.2,9.69,1.86,11.55,28.46,0.42,0.08,0.5,1.24,472.8,75.0,23.0,322.9,78.0,59.0,669.0,11.0,5.0,146.1,25.0,20.0,,,3.0,29,,Kevin,Schade,Schade,,,2063,7,4,8,25,0,0,1,6,1,0,24,155,,,,0.0,0.35,1.09,1.05,6.76,33,45,77
121,a,100.0,100.0,5.6,130,80.0,0,0.0,-4,4.0,0.7,211,74.0,85,3,3.4,140.0,64.0,6,352,4.8,21.0,9.0,0.9,15.2,0.0,139829,1572,172214,110,5.3,4.8,1.79,3.95,5.74,22.68,0.11,0.24,0.35,1.37,413.8,106.0,35.0,527.0,23.0,22.0,249.0,99.0,61.0,119.1,47.0,33.0,,3.0,,29,,Mikkel,Damsgaard,Damsgaard,,,1495,3,4,3,25,0,0,0,0,0,0,17,168,,,,0.0,0.18,1.51,1.02,10.11,40,34,94
122,i,0.0,0.0,5.2,217,135.0,0,0.0,-3,3.0,0.0,652,261.0,1,0,1.0,500.0,232.0,0,5,0.0,767.0,333.0,0.0,0.2,0.0,2037,0,6943,0,0.0,0.0,0.0,0.01,0.01,1.49,0.0,0.02,0.02,2.98,4.0,479.0,218.0,1.8,455.0,218.0,0.0,791.0,349.0,0.6,490.0,224.0,,,,29,,Antoni,Milambo,Milambo,Knee injury - Expected back 01 Jun,,45,0,0,0,3,0,0,0,0,0,0,1,4,,,,0.0,0.0,6.0,2.0,8.0,2,0,2
123,i,0.0,0.0,4.7,386,241.0,0,0.0,-3,3.0,0.1,465,158.0,13,0,2.2,307.0,133.0,1,42,0.0,692.0,283.0,0.0,2.8,0.0,27233,3,51413,5,0.0,0.0,0.7,0.03,0.73,2.08,0.63,0.03,0.66,1.87,39.0,418.0,183.0,6.5,434.0,211.0,36.0,343.0,179.0,8.1,426.0,192.0,,,4.0,29,,Fábio,Freitas Gouveia Carvalho,Carvalho,Knee injury - Expected back 01 Jun,,100,1,0,0,4,0,0,0,0,0,0,1,8,,,,0.0,0.0,3.6,0.9,7.2,3,0,5
124,a,100.0,100.0,5.0,244,149.0,0,0.0,0,0.0,0.3,299,103.0,68,3,2.5,274.0,116.0,5,306,1.6,206.0,84.0,0.3,13.6,0.0,98707,19,100611,19,2.1,1.6,0.33,2.09,2.42,24.08,0.02,0.12,0.14,1.33,299.2,189.0,78.0,320.4,80.0,60.0,43.0,334.0,174.0,66.2,185.0,94.0,,,,29,,Jordan,Henderson,Henderson,,,1634,1,3,5,24,0,0,0,4,0,0,19,156,,,,0.0,0.28,1.32,1.05,8.59,23,50,83
125,i,0.0,0.0,4.9,303,190.0,0,0.0,-1,1.0,0.2,359,120.0,70,0,3.2,156.0,67.0,6,300,2.2,152.0,61.0,0.4,14.3,0.0,67496,0,42527,524,0.0,0.0,0.82,1.88,2.7,20.22,0.06,0.14,0.2,1.45,329.0,164.0,61.0,313.6,87.0,66.0,91.0,254.0,139.0,72.5,151.0,80.0,2.0,,,29,,Vitaly,Janelt,Janelt,Foot injury - Unknown return date,,1253,1,4,5,16,0,0,0,7,0,0,13,164,,,,0.0,0.36,1.15,0.93,11.78,24,66,74
126,a,,,4.9,306,192.0,0,0.0,-1,1.0,0.1,482,169.0,65,4,2.4,289.0,125.0,0,317,3.4,73.0,33.0,0.7,13.3,0.0,17889,50,18395,9,3.9,3.4,1.93,3.94,5.87,22.79,0.12,0.24,0.36,1.4,274.0,205.0,85.0,394.6,53.0,45.0,153.0,180.0,98.0,82.1,127.0,73.0,1.0,2.0,5.0,29,,Mathias,Jensen,Jensen,,,1465,2,2,6,21,0,0,0,3,0,0,17,132,,,,0.0,0.37,1.29,1.04,8.11,26,35,71
127,u,0.0,0.0,4.9,346,215.0,0,0.0,-1,1.0,0.0,720,299.0,0,0,0.0,780.0,339.0,0,0,0.0,737.0,312.0,0.0,0.0,0.0,1544,0,2284,2,0.0,0.0,0.0,0.0,0.0,0.0,0.0,0.0,0.0,0.0,0.0,779.0,338.0,0.0,775.0,338.0,0.0,771.0,336.0,0.0,779.0,338.0,,,,29,,Gustavo,Nunes Fernandes Gomes,Nunes,has joined Swansea City on loan for the rest of the season.,,0,0,0,0,0,0,0,0,0,0,0,0,0,,,,0.0,0.0,0.0,0.0,0.0,0,0,0
128,u,0.0,0.0,4.8,366,228.0,0,0.0,-2,2.0,0.0,606,232.0,12,0,2.0,331.0,143.0,0,41,0.0,705.0,291.0,0.0,2.5,0.0,5396,0,8863,1,0.0,0.0,0.0,0.36,0.36,2.02,0.0,0.37,0.37,2.07,28.4,433.0,192.0,13.6,407.0,202.0,4.0,435.0,214.0,4.6,450.0,203.0,,,,29,,Frank,Onyeka,Onyeka,has joined Coventry City on loan for the rest of the season.,,88,0,2,0,2,0,0,0,0,0,0,0,10,,,,0.0,0.0,2.05,0.0,10.23,2,3,5
131,u,0.0,0.0,4.3,622,366.0,0,0.0,-2,2.0,0.1,414,141.0,0,0,0.0,664.0,257.0,0,0,0.0,567.0,196.0,0.0,0.0,0.0,38108,0,44354,18,0.0,0.0,0.0,0.0,0.0,0.0,0.0,0.0,0.0,0.0,0.0,654.0,247.0,0.0,650.0,252.0,0.0,627.0,241.0,0.0,656.0,249.0,,,,29,,Yunus Emre,Konak,Konak,has joined Oxford United on loan for the rest of the season.,,0,0,0,0,0,0,0,0,0,0,0,0,0,,,,0.0,0.0,0.0,0.0,0.0,0,0,0
132,u,0.0,0.0,4.5,421,253.0,0,0.0,0,0.0,0.0,673,271.0,0,0,0.0,696.0,273.0,0,0,0.0,612.0,219.0,0.0,0.0,0.0,4038,0,5418,3,0.0,0.0,0.0,0.0,0.0,0.0,0.0,0.0,0.0,0.0,0.0,690.0,267.0,0.0,685.0,270.0,0.0,666.0,262.0,0.0,692.0,269.0,,,,29,,Paris,Maghoma,Maghoma,has joined Norwich City permanently.,,0,0,0,0,0,0,0,0,0,0,0,0,0,,,,0.0,0.0,0.0,0.0,0.0,0,0,0
133,u,0.0,0.0,4.4,542,323.0,0,0.0,-1,1.0,0.0,633,248.0,1,0,1.0,468.0,205.0,0,2,0.0,580.0,199.0,0.0,0.2,0.0,3881,0,6355,0,0.0,0.0,0.0,0.0,0.0,0.0,0.0,0.0,0.0,0.0,0.0,662.0,249.0,0.0,658.0,254.0,0.0,636.0,243.0,0.0,664.0,251.0,,,,29,,Myles,Peart-Harris,Peart-Harris,has joined Oxford United permanently.,,1,0,0,0,0,0,0,0,0,0,0,0,0,,,,0.0,0.0,0.0,0.0,0.0,0,0,0
134,u,0.0,0.0,4.5,486,299.0,0,0.0,0,0.0,0.0,786,344.0,0,0,0.0,737.0,308.0,0,0,0.0,664.0,262.0,0.0,0.0,0.0,0,0,948,0,0.0,0.0,0.0,0.0,0.0,0.0,0.0,0.0,0.0,0.0,0.0,735.0,306.0,0.0,729.0,306.0,0.0,716.0,302.0,0.0,735.0,306.0,,,,29,,Ryan,Trevitt,Trevitt,Has joined Wigan on loan for the rest of the season,,0,0,0,0,0,0,0,0,0,0,0,0,0,,,,0.0,0.0,0.0,0.0,0.0,0,0,0
136,a,100.0,100.0,7.2,33,14.0,0,0.0,12,-12.0,34.5,7,3.0,143,2,4.9,16.0,3.0,19,583,3.4,79.0,11.0,0.5,19.9,0.0,8706431,7585,4546577,2822,3.9,3.4,15.64,1.62,17.26,39.1,0.57,0.06,0.63,1.42,788.2,6.0,2.0,272.2,112.0,6.0,936.0,2.0,2.0,199.4,4.0,2.0,,,2.0,29,,Igor Thiago,Nascimento Rodrigues,Thiago,,,2472,18,1,7,38,0,0,1,6,0,0,28,151,,,,0.0,0.25,1.38,1.02,5.5,23,55,73
137,u,0.0,0.0,4.4,556,78.0,0,0.0,-1,1.0,0.3,318,52.0,0,0,0.0,678.0,70.0,0,0,0.0,588.0,60.0,0.0,0.0,0.0,52422,0,81261,13,0.0,0.0,0.0,0.0,0.0,0.0,0.0,0.0,0.0,0.0,0.0,670.0,70.0,0.0,665.0,69.0,0.0,645.0,69.0,0.0,672.0,70.0,,,,29,,Iwan,Morgan,Morgan,has joined Shrewsbury on loan for the rest of the season.,,0,0,0,0,0,0,0,0,0,0,0,0,0,,,,0.0,0.0,0.0,0.0,0.0,0,0,0
748,i,0.0,0.0,4.9,299,187.0,0,0.0,-1,1.0,0.0,809,359.0,0,0,0.0,768.0,330.0,0,0,0.0,715.0,298.0,0.0,0.0,0.0,186,0,216,0,0.0,0.0,0.0,0.0,0.0,0.0,0.0,0.0,0.0,0.0,0.0,767.0,329.0,0.0,763.0,329.0,0.0,757.0,327.0,0.0,767.0,329.0,,,,29,,Josh,Dasilva,Dasilva,Lack of match fitness - Expected back 24 May,,0,0,0,0,0,0,0,0,0,0,0,0,0,,,,0.0,0.0,0.0,0.0,0.0,0,0,0
797,a,,,4.5,487,69.0,0,0.0,0,0.0,0.0,704,88.0,0,0,0.0,738.0,79.0,0,0,0.0,665.0,69.0,0.0,0.0,0.0,1784,6,834,10,0.5,0.0,0.0,0.0,0.0,0.0,0.0,0.0,0.0,0.0,0.0,736.0,79.0,0.0,730.0,78.0,0.0,717.0,78.0,0.0,736.0,79.0,,,,29,,Kaye,Furo,Furo,,,0,0,0,0,0,0,0,0,0,0,0,0,0,,,,0.0,0.0,0.0,0.0,0.0,0,0,0
810,a,,,4.5,468,285.0,0,0.0,0,0.0,0.0,802,355.0,0,0,0.0,724.0,298.0,0,0,0.0,647.0,248.0,0.0,0.0,0.0,288,2,97,1,0.5,0.0,0.0,0.0,0.0,0.0,0.0,0.0,0.0,0.0,0.0,721.0,295.0,0.0,716.0,296.0,0.0,701.0,290.0,0.0,722.0,296.0,,,,29,,Luka,Bentt,Bentt,,,0,0,0,0,0,0,0,0,0,0,0,0,0,,,,0.0,0.0,0.0,0.0,0.0,0,0,0
819,a,,,4.0,695,178.0,0,0.0,0,0.0,0.0,811,265.0,0,0,0.0,602.0,222.0,0,0,0.0,477.0,185.0,0.0,0.0,0.0,89,5,5,0,0.5,0.0,0.0,0.0,0.0,0.0,0.0,0.0,0.0,0.0,0.0,592.0,222.0,0.0,583.0,222.0,0.0,554.0,218.0,0.0,594.0,222.0,,,,29,,Ollie,Shield,Shield,,,0,0,0,0,0,0,0,0,0,0,0,0,0,,,,0.0,0.0,0.0,0.0,0.0,0,0,0
138,a,,,4.2,624,31.0,0,0.0,-3,3.0,0.2,350,50.0,0,0,0.0,637.0,87.0,0,0,0.0,519.0,79.0,0.0,0.0,0.0,10375,7,39387,10,0.0,-1.0,0.0,0.0,0.0,0.0,0.0,0.0,0.0,0.0,0.0,627.0,87.0,0.0,620.0,76.0,0.0,593.0,63.0,0.0,629.0,87.0,,,,29,,Jason,Steele,Steele,,,0,0,0,0,0,0,0,0,0,0,0,0,0,,,,0.0,0.0,0.0,0.0,0.0,0,0,0
139,a,,,4.5,444,25.0,0,0.0,0,0.0,5.4,68,11.0,89,0,3.2,154.0,17.0,4,451,3.0,105.0,9.0,0.7,19.8,0.0,685655,224,855816,300,3.0,2.0,0.0,0.05,0.05,38.62,0.0,0.0,0.0,1.38,695.8,11.0,3.0,10.0,422.0,7.0,0.0,683.0,78.0,70.6,160.0,3.0,,,,29,,Bart,Verbruggen,Verbruggen,,,2520,0,0,6,35,1,1,0,3,0,79,28,102,,,,2.82,0.21,1.25,1.0,0.0,1,23,251
140,a,,,3.9,752,77.0,0,0.0,-1,1.0,0.3,312,42.0,0,0,0.0,549.0,47.0,0,0,0.0,419.0,36.0,0.0,0.0,0.0,17924,2,27988,4,0.0,-1.0,0.0,0.0,0.0,0.0,0.0,0.0,0.0,0.0,0.0,539.0,47.0,0.0,526.0,30.0,0.0,496.0,17.0,0.0,541.0,47.0,,,,29,,Tom,McGill,McGill,,,0,0,0,0,0,0,0,0,0,0,0,0,0,,,,0.0,0.0,0.0,0.0,0.0,0,0,0
141,u,0.0,0.0,4.0,688,55.0,0,0.0,0,0.0,0.0,806,92.0,0,0,0.0,596.0,75.0,0,0,0.0,470.0,66.0,0.0,0.0,0.0,0,0,244,0,0.0,0.0,0.0,0.0,0.0,0.0,0.0,0.0,0.0,0.0,0.0,586.0,75.0,0.0,577.0,62.0,0.0,548.0,49.0,0.0,588.0,75.0,,,,29,,Carl,Rushworth,Rushworth,Has joined Coventry City on loan for the rest of the season.,,0,0,0,0,0,0,0,0,0,0,0,0,0,,,,0.0,0.0,0.0,0.0,0.0,0,0,0
142,u,0.0,0.0,4.0,676,48.0,0,0.0,0,0.0,0.0,807,93.0,0,0,0.0,586.0,68.0,0,0,0.0,459.0,59.0,0.0,0.0,0.0,0,0,205,0,0.0,0.0,0.0,0.0,0.0,0.0,0.0,0.0,0.0,0.0,0.0,576.0,68.0,0.0,567.0,55.0,0.0,538.0,42.0,0.0,578.0,68.0,,,,29,,Kjell,Scherpen,Scherpen,Has joined Union SG permanently,,0,0,0,0,0,0,0,0,0,0,0,0,0,,,,0.0,0.0,0.0,0.0,0.0,0,0,0
143,a,,,4.2,630,143.0,0,0.0,-3,3.0,0.1,503,179.0,20,0,2.9,198.0,76.0,2,78,1.0,252.0,94.0,0.2,4.8,0.0,6401,3,12852,2,1.0,0.0,0.05,0.24,0.29,4.9,0.01,0.06,0.07,1.26,101.8,350.0,133.0,38.6,358.0,125.0,12.0,396.0,143.0,15.3,386.0,138.0,,,,29,,Olivier,Boscagli,Boscagli,,,349,0,1,1,4,0,0,0,1,0,0,4,33,,,,0.0,0.26,1.03,1.03,8.51,8,25,27
144,u,0.0,0.0,4.2,643,152.0,0,0.0,-3,3.0,0.0,598,213.0,10,0,2.0,328.0,121.0,0,32,0.0,530.0,222.0,0.0,2.4,0.0,2735,0,8207,2,0.0,0.0,0.0,0.01,0.01,4.52,0.0,0.0,0.0,2.11,42.4,415.0,156.0,3.7,447.0,162.0,2.0,443.0,167.0,4.8,447.0,161.0,,,,29,,Diego,Coppola,Coppola,has joined Paris FC on loan for the rest of the season.,,193,0,0,1,3,0,0,0,2,0,0,2,19,,,,0.0,0.47,1.4,0.93,8.39,2,16,6
145,a,100.0,100.0,4.3,590,134.0,0,0.0,-2,2.0,1.7,148,57.0,60,0,2.6,247.0,94.0,6,226,0.8,271.0,98.0,0.2,14.0,0.0,254053,28,713415,143,0.8,-0.2,1.55,2.15,3.7,20.72,0.12,0.17,0.29,1.65,215.0,252.0,101.0,319.7,81.0,19.0,132.0,205.0,49.0,66.7,181.0,60.0,3.0,1.0,,29,,Maxim,De Cuyper,De Cuyper,,,1131,2,0,4,18,0,0,0,2,0,0,14,74,,,,0.0,0.32,1.43,1.11,3.98,18,32,56
146,a,100.0,100.0,4.5,407,72.0,0,0.0,0,0.0,1.0,194,74.0,70,0,2.6,249.0,96.0,0,340,2.6,118.0,46.0,0.6,15.6,0.0,154367,94,196540,73,2.6,1.6,1.25,0.47,1.72,36.38,0.05,0.02,0.07,1.37,538.0,54.0,25.0,96.1,263.0,79.0,147.0,189.0,45.0,78.3,136.0,44.0,,3.0,,29,,Lewis,Dunk,Dunk,,,2385,0,1,5,34,0,0,0,9,0,0,26,243,,,,0.0,0.19,1.28,0.98,7.58,30,171,112
147,u,0.0,0.0,4.5,418,79.0,0,0.0,0,0.0,0.0,743,256.0,0,0,0.0,694.0,255.0,0,0,0.0,610.0,238.0,0.0,0.0,0.0,0,0,1981,0,0.0,0.0,0.0,0.0,0.0,0.0,0.0,0.0,0.0,0.0,0.0,688.0,255.0,0.0,683.0,255.0,0.0,664.0,254.0,0.0,690.0,255.0,,,,29,,Pervis,Estupiñán Tenorio,Estupiñan,Has joined AC Milan permanently,,0,0,0,0,0,0,0,0,0,0,0,0,0,,,,0.0,0.0,0.0,0.0,0.0,0,0,0
148,a,,,4.4,530,108.0,0,0.0,-1,1.0,0.3,303,111.0,75,0,2.8,214.0,84.0,4,352,2.8,108.0,43.0,0.6,17.0,0.0,78732,42,65959,44,2.8,1.8,1.43,2.31,3.74,34.17,0.06,0.09,0.15,1.38,351.8,146.0,64.0,338.0,74.0,16.0,170.0,160.0,35.0,86.3,115.0,35.0,,,,29,,Ferdi,Kadıoğlu,F.Kadıoğlu,,,2230,0,2,6,30,0,0,0,5,0,0,24,150,,,,0.0,0.24,1.21,0.97,4.84,47,73,102
149,a,100.0,100.0,4.5,422,82.0,0,0.0,0,0.0,0.1,524,186.0,6,0,1.5,407.0,150.0,0,10,0.0,613.0,240.0,0.0,1.3,0.0,9024,6,10241,7,0.0,-1.0,0.0,0.0,0.0,4.66,0.0,0.0,0.0,4.07,25.8,437.0,162.0,10.6,417.0,152.0,0.0,667.0,256.0,3.6,455.0,164.0,,,,29,,Igor Julio,dos Santos de Paulo,Igor,,,103,0,0,0,3,0,0,0,0,0,0,1,13,,,,0.0,0.0,2.62,0.87,11.36,0,13,3
150,u,0.0,0.0,4.4,532,110.0,0,0.0,-1,1.0,0.1,512,182.0,0,0,0.0,669.0,254.0,0,0,0.0,574.0,234.0,0.0,0.0,0.0,2778,0,38581,1,0.0,0.0,0.0,0.0,0.0,0.0,0.0,0.0,0.0,0.0,0.0,659.0,254.0,0.0,655.0,254.0,0.0,633.0,253.0,0.0,661.0,254.0,,,,29,,Tariq,Lamptey,Lamptey,has joined Fiorentina permanently.,,0,0,0,0,0,0,0,0,0,0,0,0,0,,,,0.0,0.0,0.0,0.0,0.0,0,0,0
151,a,100.0,100.0,4.4,544,117.0,0,0.0,-1,1.0,3.8,91,32.0,105,0,4.0,58.0,24.0,7,401,3.6,58.0,19.0,0.8,23.9,0.0,975283,1035,648264,308,3.6,2.6,2.05,0.97,3.01,35.83,0.08,0.04,0.12,1.4,736.2,9.0,4.0,150.6,199.0,51.0,226.0,109.0,16.0,111.6,60.0,9.0,,,,29,,Jan Paul,van Hecke,Van Hecke,,,2310,3,2,6,33,1,0,0,7,0,0,26,249,,,,0.0,0.23,1.29,1.01,8.53,35,184,79
152,a,100.0,100.0,4.3,576,123.0,0,0.0,-2,2.0,0.1,429,160.0,33,0,2.1,319.0,116.0,1,126,0.6,300.0,105.0,0.1,7.7,0.0,22010,12,35976,10,0.6,-0.4,0.99,0.12,1.11,14.73,0.11,0.01,0.12,1.6,214.0,253.0,102.0,71.2,303.0,100.0,63.0,298.0,88.0,34.9,310.0,104.0,,,,29,,Joël,Veltman,Veltman,,,827,1,0,1,12,0,0,0,4,0,0,8,97,,,,0.0,0.11,1.31,0.87,9.25,28,57,34
153,i,0.0,0.0,4.4,523,102.0,0,0.0,-1,1.0,0.0,761,258.0,0,0,0.0,666.0,252.0,0,0,0.0,570.0,231.0,0.0,0.0,0.0,920,2,1719,0,0.0,0.0,0.0,0.0,0.0,0.0,0.0,0.0,0.0,0.0,0.0,656.0,252.0,0.0,652.0,252.0,0.0,630.0,251.0,0.0,658.0,252.0,,,,29,,Adam,Webster,Webster,Knee injury - Unknown return date,,0,0,0,0,0,0,0,0,0,0,0,0,0,,,,0.0,0.0,0.0,0.0,0.0,0,0,0
154,u,0.0,0.0,4.0,679,169.0,0,0.0,0,0.0,0.0,778,260.0,0,0,0.0,589.0,216.0,0,0,0.0,462.0,177.0,0.0,0.0,0.0,0,0,779,0,0.0,0.0,0.0,0.0,0.0,0.0,0.0,0.0,0.0,0.0,0.0,579.0,216.0,0.0,570.0,216.0,0.0,541.0,212.0,0.0,581.0,216.0,,,,29,,Eiran,Cashin,Cashin,has joined Blackburn Rovers on loan for the rest of the season.,,0,0,0,0,0,0,0,0,0,0,0,0,0,,,,0.0,0.0,0.0,0.0,0.0,0,0,0
155,u,0.0,0.0,4.0,722,197.0,0,0.0,0,0.0,0.1,496,176.0,0,0,0.0,623.0,236.0,0,0,0.0,501.0,202.0,0.0,0.0,0.0,3175,0,16605,0,0.0,0.0,0.0,0.0,0.0,0.0,0.0,0.0,0.0,0.0,0.0,613.0,236.0,0.0,605.0,236.0,0.0,577.0,233.0,0.0,615.0,236.0,,,,29,,Jacob,Slater,Slater,has joined Harrogate Town on loan until January.,,0,0,0,0,0,0,0,0,0,0,0,0,0,,,,0.0,0.0,0.0,0.0,0.0,0,0,0
156,a,,,3.8,808,255.0,0,0.0,-2,2.0,0.2,408,149.0,0,0,0.0,533.0,195.0,0,0,0.0,402.0,154.0,0.0,0.0,0.0,12015,5,17025,9,0.0,-1.0,0.0,0.0,0.0,0.0,0.0,0.0,0.0,0.0,0.0,523.0,195.0,0.0,509.0,195.0,0.0,478.0,189.0,0.0,525.0,195.0,,,,29,,Charlie,Tasker,Tasker,,,0,0,0,0,0,0,0,0,0,0,0,0,0,,,,0.0,0.0,0.0,0.0,0.0,0,0,0
157,a,100.0,100.0,6.1,83,54.0,0,0.0,-4,4.0,1.9,138,46.0,49,0,2.7,242.0,101.0,2,180,1.8,193.0,80.0,0.3,8.0,0.0,280379,105,847803,122,1.8,0.8,3.11,2.11,5.22,18.82,0.21,0.14,0.35,1.24,221.6,243.0,105.0,360.9,67.0,51.0,298.0,78.0,47.0,87.7,109.0,63.0,,,,29,,Mitoma,Kaoru,Mitoma,,,1363,2,1,4,15,0,0,0,3,0,0,15,78,,,,0.0,0.26,0.99,0.99,5.15,11,20,47
158,a,100.0,100.0,5.6,131,81.0,0,0.0,-4,4.0,0.3,308,104.0,65,0,2.8,225.0,93.0,2,213,0.4,340.0,155.0,0.1,11.6,0.0,129694,11,252782,46,0.4,-0.6,2.05,2.06,4.11,19.19,0.12,0.12,0.24,1.15,243.2,227.0,98.0,267.7,114.0,79.0,350.0,59.0,36.0,86.0,117.0,65.0,,,,29,,Georginio,Rutter,Georginio,,,1502,2,4,6,16,1,0,0,2,0,0,18,101,,,,0.0,0.36,0.96,1.08,6.05,23,32,46
160,a,100.0,100.0,5.5,152,95.0,0,0.0,-5,5.0,1.8,145,49.0,84,0,3.5,124.0,56.0,6,314,0.4,339.0,154.0,0.1,15.3,0.0,1921848,56,1870336,244,0.4,-0.6,2.91,2.78,5.69,25.32,0.16,0.15,0.31,1.39,308.4,181.0,72.0,448.3,35.0,33.0,459.0,29.0,14.0,121.7,44.0,32.0,,,,29,,Yankuba,Minteh,Minteh,,,1634,1,8,6,26,0,0,0,0,0,0,18,125,,,,0.0,0.33,1.43,0.99,6.88,34,21,70
161,u,0.0,0.0,5.4,173,107.0,0,0.0,-1,1.0,0.0,745,316.0,0,0,0.0,804.0,356.0,0,0,0.0,783.0,343.0,0.0,0.0,0.0,105,0,2955,0,0.0,0.0,0.0,0.0,0.0,0.0,0.0,0.0,0.0,0.0,0.0,803.0,355.0,0.0,802.0,355.0,0.0,800.0,354.0,0.0,803.0,355.0,,,,29,,Julio,Enciso Espínola,Enciso,has joined Strasbourg permanently.,,0,0,0,0,0,0,0,0,0,0,0,0,0,,,,0.0,0.0,0.0,0.0,0.0,0,0,0
162,u,0.0,0.0,5.4,178,111.0,0,0.0,-1,1.0,0.0,592,221.0,35,0,1.9,357.0,154.0,2,114,0.0,785.0,345.0,0.0,6.5,0.0,16799,0,19620,5,0.0,0.0,1.86,0.88,2.74,13.82,0.24,0.11,0.35,1.76,134.4,318.0,143.0,217.1,148.0,100.0,152.0,181.0,99.0,50.0,250.0,126.0,,,,29,,Brajan,Gruda,Gruda,has joined Leipzig on loan for the rest of the season.,,708,1,1,2,11,0,0,0,2,0,0,8,58,,,,0.0,0.25,1.4,1.02,7.37,14,4,40
163,a,100.0,100.0,5.1,242,147.0,0,0.0,-4,4.0,0.0,585,220.0,48,0,2.8,222.0,91.0,2,178,2.4,133.0,53.0,0.5,9.4,0.0,9689,8,17145,8,2.4,1.4,1.06,0.61,1.67,19.13,0.1,0.06,0.16,1.85,158.0,298.0,134.0,102.0,254.0,156.0,149.0,186.0,103.0,40.9,285.0,143.0,,,,29,,Jack,Hinshelwood,Hinshelwood,,,933,1,4,2,15,1,0,0,0,0,0,10,83,,,,0.0,0.19,1.45,0.96,8.01,12,28,43
164,a,100.0,100.0,5.5,142,88.0,0,0.0,0,0.0,0.3,297,101.0,13,0,4.3,44.0,20.0,2,40,0.2,375.0,173.0,0.0,2.4,0.0,131796,9,199458,12,0.2,-0.8,1.21,0.18,1.39,2.33,0.59,0.09,0.68,1.13,61.6,396.0,174.0,67.4,309.0,174.0,63.0,301.0,163.0,19.2,371.0,176.0,5.0,,3.0,29,,Matt,O'Riley,O'Riley,,,185,1,0,1,2,0,0,0,0,0,0,2,9,,,,0.0,0.49,0.97,0.97,4.38,4,3,2
165,u,0.0,0.0,5.4,179,112.0,0,0.0,-1,1.0,0.0,731,306.0,0,0,0.0,805.0,357.0,0,0,0.0,786.0,346.0,0.0,0.0,0.0,247,0,2242,0,0.0,0.0,0.0,0.0,0.0,0.0,0.0,0.0,0.0,0.0,0.0,804.0,356.0,0.0,803.0,356.0,0.0,801.0,355.0,0.0,804.0,356.0,,,,29,,Abdallah,Sima,Sima,has joined Lens permanently.,,0,0,0,0,0,0,0,0,0,0,0,0,0,,,,0.0,0.0,0.0,0.0,0.0,0,0,0
166,d,75.0,75.0,4.8,371,232.0,0,0.0,-2,2.0,0.4,270,94.0,83,0,4.0,60.0,29.0,7,351,0.0,708.0,293.0,0.0,17.3,0.0,198951,7,176408,179,0.0,-0.8,2.54,1.07,3.61,24.57,0.13,0.06,0.19,1.3,311.2,180.0,71.0,214.4,151.0,103.0,206.0,120.0,70.0,73.3,148.0,78.0,,2.0,,29,,Yasin,Ayari,Ayari,Lack of match fitness - 75% chance of playing,,1699,3,3,5,21,0,0,0,0,0,0,18,200,,,,0.0,0.26,1.11,0.95,10.59,43,46,111
167,a,100.0,100.0,4.5,458,277.0,0,0.0,-5,5.0,1.5,161,55.0,38,0,1.7,381.0,163.0,0,148,0.8,274.0,121.0,0.2,8.4,0.0,196419,89,546200,131,0.8,-0.2,0.36,0.27,0.63,16.49,0.03,0.02,0.05,1.25,94.0,364.0,161.0,90.0,273.0,164.0,25.0,366.0,188.0,20.9,365.0,174.0,,,,29,,Carlos,Baleba,Baleba,,,1184,0,0,4,16,0,0,0,5,0,0,18,142,,,,0.0,0.3,1.22,1.37,10.79,28,46,68
169,a,100.0,100.0,4.9,340,209.0,0,0.0,-1,1.0,0.2,362,121.0,78,0,3.1,177.0,74.0,9,315,4.4,33.0,16.0,0.9,15.9,0.0,86639,357,71584,25,4.4,3.4,4.66,1.27,5.93,24.51,0.25,0.07,0.32,1.32,389.4,123.0,40.0,277.1,109.0,77.0,349.0,60.0,37.0,101.7,81.0,50.0,,5.0,,29,,Diego,Gómez Amarilla,Gomez,,,1672,5,0,6,23,0,0,0,6,0,0,20,177,,,,0.0,0.32,1.24,1.08,9.53,63,35,79
170,a,100.0,100.0,4.9,286,179.0,0,0.0,-1,1.0,0.1,463,157.0,29,0,1.7,384.0,166.0,0,125,1.4,221.0,91.0,0.3,5.9,0.0,18638,11,23395,11,1.4,0.4,0.96,0.62,1.58,9.5,0.16,0.1,0.26,1.56,116.4,337.0,151.0,128.4,220.0,143.0,54.0,316.0,167.0,29.7,335.0,161.0,,,1.0,29,,James,Milner,Milner,,,549,1,1,1,13,0,0,0,2,0,0,4,56,,,,0.0,0.16,2.13,0.66,9.18,10,16,30
171,u,0.0,0.0,4.9,329,204.0,0,0.0,-1,1.0,0.0,703,292.0,0,0,0.0,776.0,337.0,0,0,0.0,730.0,308.0,0.0,0.0,0.0,197,0,2964,0,0.0,0.0,0.0,0.0,0.0,0.0,0.0,0.0,0.0,0.0,0.0,775.0,336.0,0.0,771.0,336.0,0.0,766.0,334.0,0.0,775.0,336.0,,,,29,,Jeremy,Sarmiento Morante,Sarmiento,has joined Middlesbrough on loan for the rest of the season.,,0,0,0,0,0,0,0,0,0,0,0,0,0,,,,0.0,0.0,0.0,0.0,0.0,0,0,0
172,u,0.0,0.0,4.8,373,234.0,0,0.0,-2,2.0,0.0,646,257.0,5,0,0.8,511.0,239.0,0,15,0.0,709.0,294.0,0.0,1.0,0.0,2397,0,4184,2,0.0,0.0,0.04,0.03,0.07,1.72,0.06,0.05,0.11,2.72,6.0,473.0,213.0,2.4,453.0,217.0,7.0,422.0,203.0,1.6,471.0,214.0,,,,29,,Tom,Watson,Watson,has joined Millwall on loan for the rest of the season.,,57,0,0,0,2,0,0,0,1,0,0,0,5,,,,0.0,0.0,3.16,0.0,7.89,1,0,4
173,a,100.0,100.0,4.9,333,207.0,0,0.0,-1,1.0,0.1,448,152.0,61,0,3.4,133.0,60.0,3,268,0.6,309.0,141.0,0.1,12.4,0.0,79651,2,77909,7,0.6,-0.4,1.3,1.51,2.81,17.51,0.09,0.1,0.19,1.2,319.0,176.0,68.0,244.0,125.0,85.0,138.0,198.0,110.0,70.2,162.0,85.0,,,,29,,Mats,Wieffer,Wieffer,,,1313,0,4,4,18,0,0,0,6,0,0,15,199,,,,0.0,0.27,1.23,1.03,13.64,51,75,73
174,u,0.0,0.0,5.0,281,175.0,0,0.0,0,0.0,0.0,775,335.0,0,0,0.0,795.0,351.0,0,0,0.0,755.0,326.0,0.0,0.0,0.0,0,0,1264,0,0.0,0.0,0.0,0.0,0.0,0.0,0.0,0.0,0.0,0.0,0.0,794.0,350.0,0.0,792.0,350.0,0.0,788.0,348.0,0.0,794.0,350.0,,,,29,,Malick,Yalcouyé,Yalcouye,Has joined Swansea City on loan for the rest of the season.,,0,0,0,0,0,0,0,0,0,0,0,0,0,,,,0.0,0.0,0.0,0.0,0.0,0,0,0
175,u,0.0,0.0,4.4,562,336.0,0,0.0,-1,1.0,0.1,530,192.0,1,0,1.0,471.0,208.0,0,3,0.0,594.0,210.0,0.0,0.2,0.0,11030,0,14917,6,0.0,0.0,0.0,0.0,0.0,0.0,0.0,0.0,0.0,0.0,0.0,675.0,259.0,0.0,670.0,263.0,0.0,650.0,254.0,0.0,677.0,261.0,,,,29,,Joe,Knight,Knight,has joined Stevenage permanently.,,1,0,0,0,0,0,0,0,0,0,0,0,0,,,,0.0,0.0,0.0,0.0,0.0,0,0,0
176,u,0.0,0.0,4.5,462,281.0,0,0.0,0,0.0,0.0,687,281.0,0,0,0.0,721.0,296.0,0,0,0.0,642.0,244.0,0.0,0.0,0.0,1435,0,4592,0,0.0,0.0,0.0,0.0,0.0,0.0,0.0,0.0,0.0,0.0,0.0,716.0,291.0,0.0,712.0,293.0,0.0,696.0,286.0,0.0,717.0,292.0,,,,29,,Adrian,Mazilu,Mazilu,has joined Dinamo Bucharest permanently.,,0,0,0,0,0,0,0,0,0,0,0,0,0,,,,0.0,0.0,0.0,0.0,0.0,0,0,0
177,u,0.0,0.0,4.5,452,271.0,0,0.0,0,0.0,0.0,699,288.0,0,0,0.0,713.0,288.0,0,0,0.0,634.0,236.0,0.0,0.0,0.0,490,0,5100,0,0.0,0.0,0.0,0.0,0.0,0.0,0.0,0.0,0.0,0.0,0.0,708.0,283.0,0.0,704.0,285.0,0.0,688.0,278.0,0.0,709.0,284.0,,,,29,,Andrew,Moran,Moran,Has joined Los Angeles FC on loan for the rest of the season.,,0,0,0,0,0,0,0,0,0,0,0,0,0,,,,0.0,0.0,0.0,0.0,0.0,0,0,0
178,a,100.0,100.0,6.1,79,25.0,0,0.0,-4,4.0,3.7,92,16.0,91,0,3.4,141.0,12.0,14,354,4.2,44.0,6.0,0.7,14.9,0.0,2025094,1506,2144130,286,4.2,3.2,9.1,1.05,10.15,23.64,0.5,0.06,0.56,1.31,407.4,111.0,10.0,233.0,133.0,9.0,480.0,27.0,14.0,111.5,62.0,14.0,,4.0,2.0,29,,Danny,Welbeck,Welbeck,,,1624,10,0,6,21,0,0,2,4,0,0,18,77,,,,0.0,0.33,1.16,1.0,4.27,18,25,34
179,u,0.0,0.0,5.5,150,37.0,0,0.0,0,0.0,0.0,757,92.0,0,0,0.0,809.0,89.0,0,0,0.0,790.0,84.0,0.0,0.0,0.0,0,0,1558,0,0.0,0.0,0.0,0.0,0.0,0.0,0.0,0.0,0.0,0.0,0.0,808.0,89.0,0.0,807.0,89.0,0.0,805.0,89.0,0.0,808.0,89.0,,,,29,,Evan,Ferguson,Ferguson,Has joined AS Roma on loan for the rest of the season,,0,0,0,0,0,0,0,0,0,0,0,0,0,,,,0.0,0.0,0.0,0.0,0.0,0,0,0
180,i,0.0,0.0,5.2,221,51.0,0,0.0,-3,3.0,0.1,527,74.0,16,0,1.8,373.0,43.0,0,55,0.0,769.0,82.0,0.0,3.1,0.0,13161,0,23164,5,0.0,0.0,0.44,0.11,0.55,2.59,0.3,0.08,0.38,1.77,66.6,392.0,41.0,65.7,313.0,34.0,44.0,332.0,51.0,17.7,377.0,45.0,,,,29,,Stefanos,Tzimas,Tzimas,Knee injury - Expected back 01 Jun,,132,1,1,0,2,0,0,0,0,0,0,1,15,,,,0.0,0.0,1.36,0.68,10.23,3,2,10
181,a,,,4.8,375,64.0,0,0.0,-2,2.0,0.3,294,47.0,30,0,1.9,348.0,40.0,3,117,0.6,306.0,39.0,0.1,6.2,0.0,55088,18,74947,38,0.6,-0.4,1.7,0.23,1.93,4.62,0.52,0.07,0.59,1.42,129.6,322.0,30.0,80.0,295.0,32.0,192.0,139.0,34.0,40.1,289.0,32.0,,,,29,,Charalampos,Kostoulas,Kostoulas,,,292,2,1,1,7,0,0,0,2,0,0,2,38,,,,0.0,0.31,2.16,0.62,11.71,11,5,22
744,a,,,4.5,467,284.0,0,0.0,0,0.0,0.0,716,297.0,1,0,1.0,478.0,214.0,0,3,0.0,646.0,247.0,0.0,0.2,0.0,2765,2,2009,4,0.0,-1.0,0.0,0.0,0.0,0.0,0.0,0.0,0.0,0.0,0.0,720.0,294.0,0.0,715.0,295.0,0.0,700.0,289.0,0.0,721.0,295.0,,,,29,,Nehemiah,Oriola,Oriola,,,1,0,0,0,0,0,0,0,0,0,0,0,0,,,,0.0,0.0,0.0,0.0,0.0,0,0,0
761,a,,,4.0,727,202.0,0,0.0,0,0.0,0.0,708,245.0,0,0,0.0,627.0,240.0,0,0,0.0,505.0,206.0,0.0,0.0,0.0,963,0,726,4,0.0,-1.0,0.0,0.0,0.0,0.0,0.0,0.0,0.0,0.0,0.0,617.0,240.0,0.0,609.0,240.0,0.0,581.0,237.0,0.0,619.0,240.0,,,,29,,Freddie,Simmonds,Simmonds,,,0,0,0,0,0,0,0,0,0,0,0,0,0,,,,0.0,0.0,0.0,0.0,0.0,0,0,0
783,a,,,5.5,135,83.0,0,0.0,0,0.0,0.1,497,178.0,31,0,3.4,139.0,63.0,4,164,2.4,136.0,56.0,0.4,5.6,0.0,20827,43,10370,38,2.4,1.4,0.72,1.99,2.71,9.92,0.09,0.24,0.33,1.21,185.2,271.0,114.0,308.6,90.0,67.0,100.0,241.0,134.0,59.3,205.0,102.0,1.0,,,29,,Pascal,Groß,Groß,,,736,1,1,2,6,0,0,0,2,0,0,8,67,,,,0.0,0.24,0.73,0.98,8.19,12,21,34
795,a,,,4.5,489,301.0,0,0.0,0,0.0,0.0,774,334.0,3,0,1.5,408.0,178.0,0,9,0.6,305.0,139.0,0.1,0.7,0.0,694,0,250,2,0.6,-0.4,0.0,0.03,0.03,1.0,0.0,0.03,0.03,1.14,7.2,468.0,210.0,4.4,441.0,213.0,2.0,451.0,221.0,1.4,477.0,219.0,,,,29,,Harry,Howell,Howell,,,79,0,0,0,2,0,0,0,0,0,0,1,4,,,,0.0,0.0,2.28,1.14,4.56,0,2,2
220,a,100.0,100.0,4.9,311,12.0,0,0.0,-1,1.0,13.7,24,3.0,97,0,3.6,112.0,14.0,7,435,1.4,223.0,17.0,0.3,19.8,0.0,1676646,313,2837470,1370,1.9,1.9,0.0,0.04,0.04,35.72,0.0,0.0,0.0,1.37,618.4,31.0,9.0,50.0,339.0,1.0,0.0,760.0,87.0,66.4,182.0,6.0,,,,29,,Robert,Lynch Sánchez,Sánchez,,,2344,0,1,9,32,0,0,0,3,1,71,27,89,,,,2.73,0.35,1.23,1.04,0.0,2,22,234
221,a,100.0,100.0,4.3,604,29.0,0,0.0,-2,2.0,0.2,406,59.0,3,0,1.5,404.0,32.0,0,18,0.0,553.0,84.0,0.0,0.7,0.0,15057,5,27066,7,0.5,0.5,0.0,0.0,0.0,2.78,0.0,0.0,0.0,1.44,28.2,435.0,31.0,0.0,638.0,81.0,0.0,615.0,70.0,2.8,461.0,31.0,,,,29,,Filip,Jörgensen,Jörgensen,,,174,0,0,0,3,0,0,0,0,0,3,1,7,,,,1.55,0.0,1.55,0.52,0.0,0,2,14
222,u,0.0,0.0,4.0,712,64.0,0,0.0,0,0.0,0.0,797,91.0,0,0,0.0,614.0,83.0,0,0,0.0,491.0,74.0,0.0,0.0,0.0,0,0,341,0,0.0,0.0,0.0,0.0,0.0,0.0,0.0,0.0,0.0,0.0,0.0,604.0,83.0,0.0,596.0,71.0,0.0,568.0,58.0,0.0,606.0,83.0,,,,29,,Mike,Penders,Penders,Has joined RC Strasbourg on loan for the rest of the season.,,0,0,0,0,0,0,0,0,0,0,0,0,0,,,,0.0,0.0,0.0,0.0,0.0,0,0,0
223,a,,,3.9,764,82.0,0,0.0,-1,1.0,0.1,461,70.0,0,0,0.0,557.0,52.0,0,0,0.0,427.0,41.0,0.0,0.0,0.0,10021,2,12586,2,0.5,0.5,0.0,0.0,0.0,0.0,0.0,0.0,0.0,0.0,0.0,547.0,52.0,0.0,534.0,35.0,0.0,504.0,22.0,0.0,549.0,52.0,,,,29,,Gabriel,Słonina,Slonina,,,0,0,0,0,0,0,0,0,0,0,0,0,0,,,,0.0,0.0,0.0,0.0,0.0,0,0,0
224,d,50.0,50.0,6.0,88,5.0,0,0.0,0,0.0,13.8,23,8.0,90,0,3.8,93.0,34.0,5,409,1.0,266.0,96.0,0.2,15.0,0.0,2716852,25,3682306,1949,0.8,0.8,1.64,2.73,4.37,27.63,0.08,0.13,0.21,1.32,429.6,95.0,44.0,384.9,57.0,7.0,194.0,134.0,25.0,100.8,83.0,19.0,,,,29,,Marc,Cucurella Saseta,Cucurella,Hamstring injury - 50% chance of playing,,1885,1,3,9,21,0,0,0,5,1,0,22,177,,,,0.0,0.43,1.0,1.05,6.68,43,97,85
225,a,100.0,100.0,5.6,129,13.0,0,0.0,1,-1.0,8.2,43,16.0,109,0,4.4,41.0,16.0,11,454,2.4,138.0,52.0,0.4,19.5,0.0,2123884,1511,1886587,405,2.9,2.9,0.86,2.67,3.53,26.05,0.05,0.14,0.19,1.37,417.8,104.0,46.0,405.0,46.0,5.0,89.0,259.0,72.0,91.4,97.0,26.0,2.0,2.0,,29,,Reece,James,James,,,1712,2,6,8,18,0,0,0,4,0,0,18,156,,,,0.0,0.42,0.95,0.95,6.15,46,71,88
226,a,100.0,100.0,5.6,125,12.0,0,0.0,6,-6.0,19.1,18,6.0,127,0,4.7,22.0,7.0,7,475,2.0,172.0,63.0,0.4,22.7,0.0,4785362,609,2729034,4279,2.5,2.5,1.14,0.99,2.13,33.96,0.04,0.04,0.08,1.29,650.6,22.0,9.0,93.4,269.0,81.0,145.0,191.0,46.0,88.8,106.0,30.0,,,,29,,Trevoh,Chalobah,Chalobah,,,2370,3,1,9,32,0,0,0,3,1,0,27,272,,,,0.0,0.34,1.22,1.03,9.11,33,207,104
227,i,0.0,0.0,4.7,388,65.0,0,0.0,-3,3.0,0.1,469,171.0,0,0,0.0,760.0,260.0,0,0,0.0,694.0,246.0,0.0,0.0,0.0,1198,1,30650,1,0.0,0.0,0.0,0.0,0.0,0.0,0.0,0.0,0.0,0.0,0.0,759.0,260.0,0.0,754.0,260.0,0.0,746.0,260.0,0.0,759.0,260.0,,,,29,,Levi,Samuels Colwill,Colwill,Anterior cruciate ligament - Unknown return date,,0,0,0,0,0,0,0,0,0,0,0,0,0,,,,0.0,0.0,0.0,0.0,0.0,0,0,0
228,a,100.0,100.0,4.9,335,54.0,0,0.0,-1,1.0,1.9,140,53.0,84,0,3.4,134.0,48.0,7,331,1.8,187.0,71.0,0.4,17.1,0.0,475496,82,474719,289,2.3,2.3,1.46,1.37,2.83,25.88,0.08,0.08,0.16,1.48,323.6,172.0,72.0,277.1,108.0,27.0,156.0,174.0,40.0,75.6,142.0,46.0,,,,29,,Malo,Gusto,Gusto,,,1570,2,2,7,20,0,0,0,2,1,0,17,120,,,,0.0,0.4,1.15,0.97,5.16,40,50,92
229,a,100.0,100.0,4.4,535,113.0,0,0.0,-1,1.0,0.0,628,224.0,7,0,0.9,507.0,175.0,0,48,0.0,575.0,235.0,0.0,1.6,0.0,8864,3,8994,11,0.5,0.5,0.0,0.06,0.06,7.41,0.0,0.01,0.01,1.42,102.8,348.0,131.0,7.9,431.0,156.0,2.0,446.0,168.0,11.4,410.0,147.0,,,,29,,Benoît,Badiashile Mukinayi,B.Badiashile,,,470,0,0,0,10,0,0,0,2,0,0,6,51,,,,0.0,0.0,1.91,1.15,9.19,7,41,16
230,a,100.0,100.0,4.4,540,116.0,0,0.0,-1,1.0,0.3,295,110.0,48,0,3.0,189.0,72.0,3,231,0.4,326.0,116.0,0.1,10.9,0.0,110839,41,103185,57,0.9,0.9,0.25,0.55,0.8,15.29,0.02,0.05,0.07,1.35,321.0,174.0,73.0,46.4,346.0,118.0,22.0,374.0,130.0,38.9,294.0,97.0,,,,29,,Wesley,Fofana,Fofana,,,1023,0,1,4,11,0,0,0,2,1,0,11,140,,,,0.0,0.35,0.97,0.97,11.61,15,117,57
231,a,100.0,100.0,4.5,475,94.0,0,0.0,0,0.0,0.0,670,235.0,2,0,1.0,480.0,173.0,0,1,0.4,329.0,118.0,0.1,0.4,0.0,2192,22,2574,9,0.9,0.9,0.35,0.0,0.35,1.42,0.35,0.0,0.35,1.4,6.2,471.0,171.0,0.1,487.0,176.0,7.0,421.0,159.0,1.3,480.0,170.0,,,,29,,Mamadou,Sarr,M.Sarr,,,91,0,0,0,3,0,0,0,0,0,0,1,8,,,,0.0,0.0,2.97,0.99,7.91,1,7,2
232,a,100.0,100.0,4.0,665,162.0,0,0.0,-5,5.0,0.3,343,125.0,32,0,2.5,264.0,102.0,2,118,0.4,321.0,111.0,0.1,8.0,0.0,106610,21,221356,10,0.9,0.9,0.11,0.4,0.5,11.55,0.01,0.05,0.06,1.44,221.2,244.0,96.0,32.0,374.0,132.0,19.0,382.0,134.0,27.3,343.0,116.0,,,,29,,Tosin,Adarabioyo,Tosin,,,720,0,0,2,12,0,0,0,2,0,0,7,104,,,,0.0,0.25,1.5,0.88,11.25,13,77,18
233,a,100.0,100.0,3.7,818,264.0,0,0.0,-3,3.0,1.7,151,59.0,33,0,2.8,210.0,81.0,5,98,0.4,320.0,110.0,0.1,8.9,0.0,572570,460,484764,246,0.9,0.9,0.6,0.13,0.73,13.91,0.1,0.02,0.12,2.21,125.2,326.0,125.0,39.2,355.0,123.0,66.0,293.0,86.0,23.1,356.0,122.0,,,,29,,Josh,Acheampong,Acheampong,,,567,1,0,2,12,0,0,0,1,0,0,7,56,,,,0.0,0.32,1.9,1.11,6.35,9,31,23
234,u,0.0,0.0,4.0,733,208.0,0,0.0,0,0.0,0.1,574,206.0,0,0,0.0,631.0,244.0,0,0,0.0,509.0,210.0,0.0,0.0,0.0,1262,0,10189,0,0.0,0.0,0.0,0.0,0.0,0.0,0.0,0.0,0.0,0.0,0.0,621.0,244.0,0.0,613.0,244.0,0.0,585.0,241.0,0.0,623.0,244.0,,,,29,,Aarón,Anselmino,Anselmino,has joined Strasbourg on loan for the rest of the season.,,0,0,0,0,0,0,0,0,0,0,0,0,0,,,,0.0,0.0,0.0,0.0,0.0,0,0,0
235,a,100.0,100.0,10.6,3,2.0,0,0.0,1,-1.0,15.9,21,8.0,83,0,4.9,17.0,9.0,7,282,7.2,3.0,1.0,0.7,7.8,0.0,2469360,2653,7235768,2498,7.7,7.7,8.1,1.2,9.3,19.31,0.63,0.09,0.72,1.51,384.2,130.0,43.0,210.0,155.0,106.0,375.0,53.0,32.0,96.7,89.0,53.0,,3.0,1.0,29,,Cole,Palmer,Palmer,,,1152,8,2,3,17,0,0,0,4,0,0,15,84,,,,0.0,0.23,1.33,1.17,6.56,16,18,50
236,s,0.0,0.0,7.0,37,22.0,0,0.0,0,0.0,4.3,85,27.0,106,0,3.8,94.0,45.0,8,454,2.0,177.0,76.0,0.3,15.1,0.0,1926940,9,1956433,2579,0.0,0.0,4.27,5.64,9.91,28.79,0.18,0.24,0.42,1.21,442.8,88.0,30.0,684.0,10.0,10.0,427.0,34.0,18.0,155.6,23.0,19.0,1.0,4.0,,29,,Pedro,Lomba Neto,Neto,Suspended until 14 Mar,,2138,5,5,11,21,0,0,0,2,1,0,24,103,,,,0.0,0.46,0.88,1.01,4.34,15,17,71
238,d,25.0,25.0,6.4,62,41.0,0,0.0,-1,1.0,1.9,143,48.0,55,0,2.9,208.0,88.0,4,169,0.6,317.0,146.0,0.1,8.6,0.0,852069,9,891054,670,0.3,0.3,2.82,2.12,4.94,8.13,0.34,0.26,0.6,0.99,177.2,281.0,121.0,218.3,145.0,97.0,283.0,86.0,54.0,67.7,174.0,89.0,,,3.0,29,,Estêvão,Almeida de Oliveira Gonçalves,Estêvão,Hamstring injury - 25% chance of playing,,738,2,5,4,8,0,0,0,3,0,0,10,51,,,,0.0,0.49,0.98,1.22,6.22,10,8,33
239,i,0.0,0.0,6.0,89,56.0,0,0.0,-5,5.0,0.1,475,165.0,25,0,1.6,399.0,174.0,0,99,0.0,800.0,357.0,0.0,4.2,0.0,17104,1,41817,4,0.0,0.0,0.81,0.94,1.75,8.89,0.15,0.17,0.32,1.65,93.0,365.0,162.0,130.4,213.0,139.0,91.0,255.0,140.0,31.3,326.0,159.0,,,,29,,Jamie,Bynoe-Gittens,Gittens,Hamstring injury - Unknown return date,,486,0,2,1,7,0,0,0,0,0,0,5,29,,,,0.0,0.19,1.3,0.93,5.37,8,6,15
241,a,100.0,100.0,5.7,119,75.0,0,0.0,2,-2.0,7.7,52,18.0,91,0,4.0,67.0,30.0,10,443,2.4,139.0,57.0,0.4,16.0,0.0,3244489,452,3183829,589,2.9,2.9,1.21,1.86,3.07,29.08,0.06,0.09,0.15,1.34,465.4,77.0,25.0,275.9,110.0,78.0,104.0,235.0,130.0,84.3,121.0,69.0,,,,29,,Moisés,Caicedo Corozo,Caicedo,,,1954,3,1,6,28,0,0,0,8,1,0,22,285,,,,0.0,0.28,1.29,1.01,13.13,71,84,130
244,a,100.0,100.0,4.9,341,210.0,0,0.0,-1,1.0,0.0,694,286.0,5,0,1.0,493.0,226.0,0,25,0.2,367.0,167.0,0.0,1.0,0.0,2702,2,4617,0,0.7,0.7,0.0,0.06,0.06,2.89,0.0,0.04,0.04,2.17,9.6,462.0,206.0,7.5,432.0,209.0,2.0,454.0,223.0,1.8,468.0,212.0,,,,29,,Roméo,Lavia,Lavia,,,120,0,0,0,3,0,0,0,0,0,0,1,12,,,,0.0,0.0,2.25,0.75,9.0,2,5,5
245,s,0.0,0.0,4.9,332,206.0,0,0.0,-1,1.0,0.0,746,317.0,0,0,0.0,778.0,338.0,0,0,0.0,732.0,309.0,0.0,0.0,0.0,985,0,1291,1,0.0,0.0,0.0,0.0,0.0,0.0,0.0,0.0,0.0,0.0,0.0,777.0,337.0,0.0,773.0,337.0,0.0,768.0,335.0,0.0,777.0,337.0,,,,29,,Mykhailo,Mudryk,Mudryk,Suspended - unknown return date,,0,0,0,0,0,0,0,0,0,0,0,0,0,,,,0.0,0.0,0.0,0.0,0.0,0,0,0
246,a,100.0,100.0,4.5,457,276.0,0,0.0,0,0.0,0.3,320,106.0,30,0,1.4,420.0,186.0,0,168,1.6,199.0,82.0,0.4,6.7,0.0,75486,59,82310,32,2.1,2.1,1.7,0.79,2.49,14.15,0.16,0.07,0.23,1.33,148.4,304.0,137.0,124.9,222.0,145.0,61.0,306.0,166.0,33.4,320.0,157.0,,,,29,,Andrey,Nascimento dos Santos,Andrey Santos,,,959,0,0,1,12,0,0,0,4,0,0,10,103,,,,0.0,0.09,1.13,0.94,9.67,27,38,38
247,d,50.0,50.0,4.3,598,349.0,0,0.0,-2,2.0,0.1,573,212.0,0,0,0.0,649.0,245.0,0,0,0.0,548.0,182.0,0.0,0.0,0.0,12361,16,14075,7,0.2,0.2,0.0,0.0,0.0,0.0,0.0,0.0,0.0,0.0,0.0,639.0,235.0,0.0,634.0,240.0,0.0,610.0,228.0,0.0,641.0,237.0,,,,29,,Dário,Luís Essugo,D.Essugo,Lack of match fitness - 50% chance of playing,,0,0,0,0,0,0,0,0,0,0,0,0,0,,,,0.0,0.0,0.0,0.0,0.0,0,0,0
248,u,0.0,0.0,4.5,496,306.0,0,0.0,0,0.0,0.0,781,339.0,0,0,0.0,743.0,312.0,0,0,0.0,671.0,267.0,0.0,0.0,0.0,0,0,949,1,0.0,0.0,0.0,0.0,0.0,0.0,0.0,0.0,0.0,0.0,0.0,742.0,311.0,0.0,736.0,311.0,0.0,723.0,307.0,0.0,742.0,311.0,,,,29,,Kendry,Páez Andrade,Paez,has joined River Plate on loan for the rest of the season.,,0,0,0,0,0,0,0,0,0,0,0,0,0,,,,0.0,0.0,0.0,0.0,0.0,0,0,0
249,a,,,7.6,20,6.0,0,0.0,1,-1.0,45.3,3,2.0,141,0,5.0,15.0,2.0,25,559,5.4,12.0,1.0,0.7,18.6,0.0,7628747,5354,8572665,3140,5.9,5.9,10.57,1.72,12.29,27.93,0.46,0.08,0.54,1.22,592.2,36.0,4.0,399.0,50.0,2.0,668.0,12.0,7.0,165.5,13.0,4.0,,,,29,,João Pedro,Junqueira de Jesus,João Pedro,,,2056,11,8,10,22,0,0,0,3,0,0,24,115,,,,0.0,0.44,0.96,1.05,5.03,20,35,60
250,a,100.0,100.0,6.2,75,24.0,0,0.0,-3,3.0,0.9,199,30.0,35,0,1.8,375.0,44.0,1,108,0.8,292.0,37.0,0.1,5.6,0.0,108598,32,464841,47,1.3,1.3,3.68,0.18,3.85,10.79,0.46,0.02,0.48,1.35,58.8,400.0,43.0,51.8,336.0,40.0,287.0,83.0,26.0,38.9,295.0,33.0,,,,29,,Liam,Delap,Delap,,,722,1,2,2,13,0,0,0,2,0,0,9,25,,,,0.0,0.25,1.62,1.12,3.12,2,7,16
251,u,0.0,0.0,6.5,54,19.0,0,0.0,0,0.0,0.1,529,75.0,0,0,0.0,816.0,92.0,0,0,0.0,809.0,89.0,0.0,0.0,0.0,4962,0,15342,1,0.0,0.0,0.0,0.0,0.0,0.0,0.0,0.0,0.0,0.0,0.0,816.0,92.0,0.0,816.0,92.0,0.0,816.0,92.0,0.0,816.0,92.0,,,,29,,Nicolas,Jackson,N.Jackson,has joined Bayern Munich on loan for the rest of the season.,,0,0,0,0,0,0,0,0,0,0,0,0,0,,,,0.0,0.0,0.0,0.0,0.0,0,0,0
252,a,100.0,100.0,4.1,657,92.0,0,0.0,-4,4.0,5.7,65,12.0,12,0,1.3,426.0,52.0,0,19,0.0,518.0,50.0,0.0,2.9,0.0,1211126,405,2717326,456,0.5,0.5,1.46,0.29,1.75,5.65,0.53,0.11,0.64,2.06,24.6,440.0,52.0,38.8,357.0,44.0,81.0,269.0,48.0,12.6,403.0,50.0,,,,29,,Marc,Guiu Paz,Marc Guiu,,,247,0,1,0,2,0,0,0,1,0,0,1,7,,,,0.0,0.0,0.73,0.36,2.55,0,4,3
453,a,,,6.4,61,40.0,0,0.0,-1,1.0,0.5,268,93.0,43,0,2.5,282.0,122.0,2,154,0.4,342.0,157.0,0.1,6.7,0.0,236497,52,228841,61,0.9,0.9,2.49,2.57,5.06,16.16,0.25,0.26,0.51,1.63,141.0,312.0,140.0,247.4,123.0,84.0,273.0,90.0,57.0,65.2,190.0,97.0,,,,29,,Alejandro,Garnacho Ferreyra,Garnacho,,,893,1,3,4,12,0,0,0,1,0,0,12,49,,,,0.0,0.4,1.21,1.21,4.94,8,7,34
672,a,100.0,100.0,4.6,404,71.0,0,0.0,-4,4.0,0.2,390,147.0,8,0,0.6,515.0,178.0,0,22,0.2,362.0,132.0,0.0,1.7,0.0,16879,13,40070,10,0.7,0.7,0.26,0.41,0.67,8.16,0.05,0.08,0.13,1.63,84.2,371.0,141.0,66.4,310.0,103.0,20.0,381.0,133.0,17.1,380.0,135.0,,,,29,,Jorrel,Hato,Hato,,,450,0,0,0,12,0,0,0,4,0,0,4,50,,,,0.0,0.0,2.4,0.8,9.0,16,29,18
789,a,,,4.0,707,63.0,0,0.0,0,0.0,0.0,765,88.0,0,0,0.0,610.0,82.0,0,0,0.0,486.0,73.0,0.0,0.0,0.0,391,0,287,1,0.5,0.5,0.0,0.0,0.0,0.0,0.0,0.0,0.0,0.0,0.0,600.0,82.0,0.0,592.0,70.0,0.0,563.0,57.0,0.0,602.0,82.0,,,,29,,Max,Merrick,Merrick,,,0,0,0,0,0,0,0,0,0,0,0,0,0,,,,0.0,0.0,0.0,0.0,0.0,0,0,0
803,a,,,4.0,700,59.0,0,0.0,0,0.0,0.0,791,90.0,0,0,0.0,606.0,79.0,0,0,0.0,482.0,70.0,0.0,0.0,0.0,150,2,94,1,0.5,0.5,0.0,0.0,0.0,0.0,0.0,0.0,0.0,0.0,0.0,596.0,79.0,0.0,587.0,66.0,0.0,558.0,53.0,0.0,598.0,79.0,,,,29,,Teddy,Sharman-Lowe,Sharman-Lowe,,,0,0,0,0,0,0,0,0,0,0,0,0,0,,,,0.0,0.0,0.0,0.0,0.0,0,0,0
253,a,,,5.0,247,8.0,0,0.0,0,0.0,7.7,51,8.0,112,0,4.0,61.0,2.0,7,465,5.6,8.0,1.0,1.1,22.4,0.0,982430,2265,915875,362,5.6,5.6,0.0,0.1,0.1,37.46,0.0,0.0,0.0,1.34,664.6,16.0,5.0,10.0,426.0,11.0,0.0,775.0,89.0,67.4,177.0,5.0,,,,29,,Dean,Henderson,Henderson,,,2520,0,0,10,34,0,1,0,3,0,83,28,80,,,,2.96,0.36,1.21,1.0,0.0,0,40,230
254,a,100.0,100.0,4.0,667,45.0,0,0.0,0,0.0,0.3,316,44.0,0,0,0.0,579.0,66.0,0,0,0.0,451.0,56.0,0.0,0.0,0.0,15075,9,30808,17,0.0,0.0,0.0,0.0,0.0,0.0,0.0,0.0,0.0,0.0,0.0,569.0,66.0,0.0,559.0,52.0,0.0,530.0,39.0,0.0,571.0,66.0,,,,29,,Walter,Benítez,Benitez,,,0,0,0,0,0,0,0,0,0,0,0,0,0,,,,0.0,0.0,0.0,0.0,0.0,0,0,0
255,a,,,3.9,750,76.0,0,0.0,-1,1.0,0.1,471,71.0,0,0,0.0,548.0,46.0,0,0,0.0,418.0,35.0,0.0,0.0,0.0,6039,4,8596,5,0.0,0.0,0.0,0.0,0.0,0.0,0.0,0.0,0.0,0.0,0.0,538.0,46.0,0.0,525.0,29.0,0.0,495.0,16.0,0.0,540.0,46.0,,,,29,,Remi,Matthews,Matthews,,,0,0,0,0,0,0,0,0,0,0,0,0,0,,,,0.0,0.0,0.0,0.0,0.0,0,0,0
256,a,100.0,100.0,5.9,98,6.0,0,0.0,4,-4.0,8.3,42,15.0,108,0,5.4,9.0,2.0,8,383,3.2,95.0,37.0,0.5,18.3,0.0,3666740,1443,3751719,656,3.2,3.2,1.94,3.33,5.27,24.43,0.1,0.17,0.27,1.25,436.4,90.0,40.0,302.2,92.0,21.0,280.0,87.0,7.0,101.7,82.0,18.0,,,,29,,Daniel,Muñoz Mejía,Muñoz,,,1766,3,3,9,20,0,0,0,5,0,0,20,180,,,,0.0,0.46,1.02,1.02,7.13,48,92,81
257,s,0.0,0.0,5.1,233,32.0,0,0.0,1,-1.0,4.5,82,26.0,119,0,4.4,38.0,15.0,7,412,3.4,74.0,25.0,0.7,23.3,0.0,1583099,48,1242071,3805,0.0,0.0,1.87,0.73,2.6,34.22,0.07,0.03,0.1,1.29,627.2,28.0,13.0,79.5,298.0,95.0,217.0,113.0,18.0,92.4,94.0,25.0,,,,29,,Maxence,Lacroix,Lacroix,Suspended until 15 Mar,,2395,1,2,9,34,0,0,0,3,1,0,27,307,,,,0.0,0.34,1.28,1.01,10.52,49,231,76
258,a,,,5.0,256,39.0,0,0.0,0,0.0,2.2,132,51.0,106,0,3.8,87.0,33.0,7,378,3.8,51.0,15.0,0.8,21.2,0.0,457807,649,375646,157,3.8,3.8,1.06,1.61,2.67,37.46,0.04,0.06,0.1,1.36,487.6,71.0,32.0,362.6,66.0,14.0,187.0,146.0,29.0,103.8,74.0,15.0,,,,29,,Tyrick,Mitchell,Mitchell,,,2488,1,1,10,34,0,0,0,5,0,0,28,233,,,,0.0,0.36,1.23,1.01,6.69,74,111,135
259,a,100.0,100.0,4.8,360,60.0,0,0.0,-2,2.0,0.1,441,164.0,5,0,1.0,489.0,174.0,0,10,0.0,701.0,248.0,0.0,1.0,0.0,10838,15,18200,12,0.0,0.0,0.0,0.06,0.06,0.83,0.0,0.1,0.1,1.41,11.0,455.0,166.0,12.2,411.0,150.0,4.0,434.0,161.0,2.7,462.0,167.0,,,,29,,Borna,Sosa,Sosa,,,53,0,0,0,1,0,0,0,0,0,0,0,8,,,,0.0,0.0,1.7,0.0,11.89,3,4,1
261,a,100.0,100.0,4.4,537,115.0,0,0.0,-1,1.0,2.6,117,46.0,100,0,4.2,47.0,20.0,3,367,3.0,102.0,40.0,0.7,22.7,0.0,935053,347,792964,268,3.0,3.0,1.09,1.28,2.37,30.89,0.05,0.05,0.1,1.29,565.4,46.0,20.0,113.4,236.0,64.0,131.0,209.0,51.0,81.2,129.0,40.0,,,,29,,Chris,Richards,Richards,,,2152,1,0,9,30,0,0,0,3,0,0,24,252,,,,0.0,0.38,1.25,1.0,10.04,48,192,48
262,a,100.0,100.0,4.0,705,184.0,0,0.0,0,0.0,0.0,605,215.0,12,0,2.4,283.0,108.0,0,43,1.4,219.0,85.0,0.4,3.0,0.0,5233,17,3304,10,1.4,1.4,0.11,0.03,0.14,2.75,0.04,0.01,0.05,1.11,45.8,410.0,154.0,18.7,395.0,144.0,12.0,395.0,142.0,7.6,430.0,154.0,,,,29,,Chadi,Riad Dnanou,Chadi Riad,,,222,0,1,1,2,0,0,0,2,0,0,2,11,,,,0.0,0.41,0.81,0.81,4.46,1,10,10
263,a,100.0,100.0,3.8,785,233.0,0,0.0,-2,2.0,0.6,246,93.0,14,0,2.0,325.0,118.0,2,50,0.0,383.0,136.0,0.0,3.7,0.0,90233,15,102613,59,0.0,0.0,0.43,0.56,0.99,5.77,0.09,0.12,0.21,1.24,74.4,386.0,147.0,46.3,347.0,119.0,31.0,353.0,117.0,15.1,387.0,139.0,,,,29,,Nathaniel,Clyne,Clyne,,,418,0,1,0,8,0,0,0,0,0,0,6,34,,,,0.0,0.0,1.72,1.29,7.32,12,22,15
264,u,0.0,0.0,4.0,668,163.0,0,0.0,0,0.0,0.0,697,243.0,0,0,0.0,580.0,211.0,0,0,0.0,452.0,172.0,0.0,0.0,0.0,0,0,3908,0,0.0,0.0,0.0,0.0,0.0,0.0,0.0,0.0,0.0,0.0,0.0,570.0,211.0,0.0,560.0,211.0,0.0,531.0,207.0,0.0,572.0,211.0,,,,29,,Rob,Holding,Holding,Has joined Colorado Rapids permanently.,,0,0,0,0,0,0,0,0,0,0,0,0,0,,,,0.0,0.0,0.0,0.0,0.0,0,0,0
265,a,100.0,100.0,4.0,723,198.0,0,0.0,0,0.0,0.0,714,248.0,0,0,0.0,624.0,237.0,0,0,0.0,502.0,203.0,0.0,0.0,0.0,788,2,2308,2,0.0,0.0,0.0,0.0,0.0,0.0,0.0,0.0,0.0,0.0,0.0,614.0,237.0,0.0,606.0,237.0,0.0,578.0,234.0,0.0,616.0,237.0,,,,29,,Caleb,Kporha,Kporha,,,0,0,0,0,0,0,0,0,0,0,0,0,0,,,,0.0,0.0,0.0,0.0,0.0,0,0,0
267,a,100.0,100.0,6.3,68,46.0,0,0.0,-2,2.0,3.4,98,31.0,75,0,4.2,53.0,25.0,6,240,2.8,114.0,47.0,0.4,11.9,0.0,2543855,474,2731799,501,2.8,2.8,6.82,0.68,7.49,22.07,0.4,0.04,0.44,1.28,301.2,188.0,77.0,197.0,165.0,114.0,352.0,57.0,34.0,85.2,119.0,67.0,,,3.0,29,,Ismaïla,Sarr,Sarr,,,1546,5,1,8,18,0,0,0,2,0,0,18,106,,,,0.0,0.47,1.05,1.05,6.17,16,33,57
268,i,0.0,0.0,4.9,327,203.0,0,0.0,-1,1.0,0.0,794,349.0,0,0,0.0,775.0,336.0,0,0,0.0,728.0,307.0,0.0,0.0,0.0,427,0,651,0,0.0,0.0,0.0,0.0,0.0,0.0,0.0,0.0,0.0,0.0,0.0,774.0,335.0,0.0,770.0,335.0,0.0,765.0,333.0,0.0,774.0,335.0,,,,29,,Cheick,Doucouré,Doucouré,Knee injury - Unknown return date,,0,0,0,0,0,0,0,0,0,0,0,0,0,,,,0.0,0.0,0.0,0.0,0.0,0,0,0
269,u,0.0,0.0,4.7,395,247.0,0,0.0,-3,3.0,0.1,454,155.0,4,0,1.0,487.0,222.0,0,12,0.0,696.0,285.0,0.0,0.9,0.0,11622,0,28702,8,0.0,0.0,0.0,0.04,0.04,1.74,0.0,0.09,0.09,3.92,6.8,469.0,211.0,2.7,450.0,216.0,6.0,424.0,205.0,1.5,475.0,217.0,,,,29,,Romain,Esse,Esse,has joined Coventry City on loan for the rest of the season.,,40,0,0,0,0,0,0,0,0,0,0,0,5,,,,0.0,0.0,0.0,0.0,11.25,3,0,2
270,a,100.0,100.0,4.7,377,236.0,0,0.0,-3,3.0,0.1,468,161.0,38,0,1.5,409.0,179.0,0,182,0.8,275.0,122.0,0.2,8.1,0.0,21206,10,24611,10,0.8,0.8,1.11,1.66,2.77,18.86,0.08,0.12,0.2,1.39,159.8,296.0,132.0,285.2,101.0,73.0,86.0,262.0,144.0,53.2,231.0,114.0,1.0,,,29,,Will,Hughes,Hughes,,,1222,0,1,5,13,0,0,0,6,0,0,14,119,,,,0.0,0.37,0.96,1.03,8.76,23,43,53
271,a,100.0,100.0,5.0,251,152.0,0,0.0,0,0.0,0.1,525,191.0,50,0,2.8,220.0,89.0,0,236,1.0,259.0,113.0,0.2,10.0,0.0,43755,5,42899,5,1.0,1.0,1.42,2.04,3.46,16.67,0.09,0.13,0.22,1.09,168.8,287.0,124.0,234.6,132.0,91.0,132.0,208.0,116.0,53.7,228.0,113.0,,,,29,,Daichi,Kamada,Kamada,,,1379,0,2,6,16,0,0,0,2,0,0,16,153,,,,0.0,0.39,1.04,1.04,9.99,44,29,80
272,i,0.0,0.0,4.9,291,181.0,0,0.0,-1,1.0,0.1,542,198.0,51,0,2.2,308.0,134.0,3,205,1.2,241.0,101.0,0.2,10.4,0.0,11943,0,14524,21,0.0,0.0,1.01,0.91,1.92,14.61,0.08,0.07,0.15,1.14,215.6,251.0,106.0,152.9,196.0,128.0,174.0,156.0,86.0,54.3,225.0,112.0,,,,29,,Jefferson,Lerma Solís,Lerma,Hamstring injury - Expected back 14 Mar,,1156,0,4,5,15,1,0,0,6,0,0,12,147,,,,0.0,0.39,1.17,0.93,11.44,18,64,65
273,a,100.0,100.0,5.0,270,165.0,0,0.0,0,0.0,0.6,237,82.0,80,0,3.2,159.0,68.0,4,372,2.8,111.0,45.0,0.6,16.0,0.0,166491,65,171375,79,2.8,2.8,1.13,5.32,6.44,32.0,0.05,0.23,0.28,1.4,330.0,162.0,59.0,506.0,29.0,27.0,124.0,218.0,121.0,96.2,90.0,54.0,3.0,,,29,,Adam,Wharton,Wharton,,,2055,0,4,8,32,0,0,0,4,1,0,25,240,,,,0.0,0.35,1.4,1.09,10.51,57,56,127
274,a,,,4.3,613,358.0,0,0.0,-2,2.0,0.1,474,164.0,0,0,0.0,658.0,252.0,0,0,0.0,561.0,191.0,0.0,0.0,0.0,13952,33,10149,21,0.0,0.0,0.0,0.0,0.0,0.0,0.0,0.0,0.0,0.0,0.0,648.0,242.0,0.0,644.0,247.0,0.0,621.0,236.0,0.0,650.0,244.0,,,,29,,Asher,Agbinone,Agbinone,,,0,0,0,0,0,0,0,0,0,0,0,0,0,,,,0.0,0.0,0.0,0.0,0.0,0,0,0
275,u,0.0,0.0,4.3,591,346.0,0,0.0,-2,2.0,0.0,621,241.0,0,0,0.0,647.0,243.0,0,0,0.0,543.0,179.0,0.0,0.0,0.0,5497,0,7700,1,0.0,0.0,0.0,0.0,0.0,0.0,0.0,0.0,0.0,0.0,0.0,637.0,233.0,0.0,632.0,238.0,0.0,608.0,226.0,0.0,639.0,235.0,,,,29,,Naouirou,Ahamada,Ahamada,has joined AJ Auxerre permanently.,,0,0,0,0,0,0,0,0,0,0,0,0,0,,,,0.0,0.0,0.0,0.0,0.0,0,0,0
276,a,100.0,100.0,4.3,595,348.0,0,0.0,-2,2.0,1.3,170,60.0,29,0,1.6,389.0,168.0,0,81,0.0,546.0,181.0,0.0,6.7,0.0,286489,135,329981,179,0.0,0.0,2.38,0.36,2.74,10.05,0.36,0.05,0.41,1.53,86.6,369.0,163.0,94.5,267.0,163.0,164.0,165.0,90.0,34.5,314.0,153.0,,2.0,4.0,29,,Justin,Devenny,Devenny,,,593,1,0,1,10,0,0,0,0,0,0,5,48,,,,0.0,0.15,1.52,0.76,7.28,16,8,24
277,u,0.0,0.0,4.5,433,259.0,0,0.0,0,0.0,0.0,798,352.0,0,0,0.0,702.0,278.0,0,0,0.0,621.0,225.0,0.0,0.0,0.0,0,0,749,0,0.0,0.0,0.0,0.0,0.0,0.0,0.0,0.0,0.0,0.0,0.0,696.0,272.0,0.0,692.0,275.0,0.0,675.0,268.0,0.0,698.0,274.0,,,,29,,Malcolm,Ebiowei,Ebiowei,Has joined Blackpool permanently.,,0,0,0,0,0,0,0,0,0,0,0,0,0,,,,0.0,0.0,0.0,0.0,0.0,0,0,0
278,u,0.0,0.0,4.4,543,324.0,0,0.0,-1,1.0,0.0,647,258.0,0,0,0.0,672.0,259.0,0,0,0.0,581.0,200.0,0.0,0.0,0.0,4359,0,9518,1,0.0,0.0,0.0,0.0,0.0,0.0,0.0,0.0,0.0,0.0,0.0,663.0,250.0,0.0,659.0,255.0,0.0,637.0,244.0,0.0,665.0,252.0,,,,29,,Jesurun,Rak-Sakyi,J.Rak-Sakyi,has joined Stoke City on loan for the rest of the season.,,0,0,0,0,0,0,0,0,0,0,0,0,0,,,,0.0,0.0,0.0,0.0,0.0,0,0,0
279,u,0.0,0.0,4.5,461,280.0,0,0.0,0,0.0,0.0,766,327.0,0,0,0.0,720.0,295.0,0,0,0.0,641.0,243.0,0.0,0.0,0.0,95,0,1647,1,0.0,0.0,0.0,0.0,0.0,0.0,0.0,0.0,0.0,0.0,0.0,715.0,290.0,0.0,711.0,292.0,0.0,695.0,285.0,0.0,716.0,291.0,,,,29,,Matheus,França de Oliveira,M.França,Has joined CR Vasco da Gama on loan for the rest of the season.,,0,0,0,0,0,0,0,0,0,0,0,0,0,,,,0.0,0.0,0.0,0.0,0.0,0,0,0
280,u,0.0,0.0,4.5,456,275.0,0,0.0,0,0.0,0.0,812,361.0,0,0,0.0,717.0,292.0,0,0,0.0,638.0,240.0,0.0,0.0,0.0,0,0,191,0,0.0,0.0,0.0,0.0,0.0,0.0,0.0,0.0,0.0,0.0,0.0,712.0,287.0,0.0,708.0,289.0,0.0,692.0,282.0,0.0,713.0,288.0,,,,29,,David,Ozoh,Ozoh,Has joined Derby County on loan for the rest of the season.,,0,0,0,0,0,0,0,0,0,0,0,0,0,,,,0.0,0.0,0.0,0.0,0.0,0,0,0
281,a,,,4.4,555,332.0,0,0.0,-1,1.0,0.0,582,217.0,1,0,1.0,470.0,207.0,0,2,0.0,587.0,206.0,0.0,0.2,0.0,5735,1,6862,3,0.0,0.0,0.0,0.0,0.0,0.65,0.0,0.0,0.0,19.5,0.0,669.0,256.0,0.1,486.0,236.0,0.0,644.0,251.0,0.0,671.0,258.0,,,,29,,Kaden,Rodney,Rodney,,,3,0,0,0,0,0,0,0,0,0,0,0,0,,,,0.0,0.0,0.0,0.0,0.0,0,0,0
282,u,0.0,0.0,4.5,474,290.0,0,0.0,0,0.0,0.0,701,290.0,0,0,0.0,729.0,302.0,0,0,0.0,653.0,253.0,0.0,0.0,0.0,860,0,3056,0,0.0,0.0,0.0,0.0,0.0,0.0,0.0,0.0,0.0,0.0,0.0,726.0,299.0,0.0,721.0,300.0,0.0,707.0,295.0,0.0,727.0,300.0,,,,29,,Franco,Umeh-Chibueze,Umeh,has joined Portsmouth permanently.,,0,0,0,0,0,0,0,0,0,0,0,0,0,,,,0.0,0.0,0.0,0.0,0.0,0,0,0
284,i,0.0,0.0,5.4,163,40.0,0,0.0,-1,1.0,0.3,321,53.0,23,0,1.9,355.0,42.0,3,100,0.0,778.0,83.0,0.0,4.3,0.0,124372,5,145391,29,0.0,0.0,1.77,0.46,2.23,9.49,0.38,0.1,0.48,2.06,120.0,331.0,31.0,84.6,288.0,30.0,173.0,158.0,38.0,37.8,300.0,34.0,,,,29,,Eddie,Nketiah,Nketiah,Hamstring injury - Expected back 11 Apr,,414,2,0,0,12,0,0,0,2,0,0,2,38,,,,0.0,0.0,2.61,0.43,8.26,8,13,17
285,u,0.0,0.0,5.0,249,54.0,0,0.0,0,0.0,0.2,370,58.0,1,0,1.0,495.0,60.0,0,6,0.0,741.0,80.0,0.0,0.2,0.0,9044,0,89435,3,0.0,0.0,0.0,0.0,0.0,0.27,0.0,0.0,0.0,12.15,2.0,489.0,57.0,0.0,779.0,87.0,0.0,776.0,87.0,0.2,504.0,62.0,,,,29,,Odsonne,Édouard,Édouard,has joined RC Lens permanently.,,2,0,0,0,0,0,0,0,0,0,0,0,1,,,,0.0,0.0,0.0,0.0,45.0,1,0,0
286,a,,,4.4,563,81.0,0,0.0,-1,1.0,0.3,306,51.0,0,0,0.0,683.0,73.0,0,0,0.0,595.0,63.0,0.0,0.0,0.0,50603,19,57810,29,0.0,0.0,0.0,0.0,0.0,0.0,0.0,0.0,0.0,0.0,0.0,676.0,73.0,0.0,671.0,72.0,0.0,651.0,72.0,0.0,678.0,73.0,,,,29,,Zach,Marsh,Marsh,,,0,0,0,0,0,0,0,0,0,0,0,0,0,,,,0.0,0.0,0.0,0.0,0.0,0,0,0
580,a,,,6.5,50,32.0,0,0.0,-5,5.0,2.4,124,41.0,50,0,2.0,340.0,149.0,2,171,1.4,229.0,96.0,0.2,7.7,0.0,1143483,128,1316712,73,1.4,1.4,1.77,0.81,2.58,18.56,0.14,0.06,0.2,1.49,184.6,272.0,115.0,192.5,170.0,116.0,189.0,142.0,81.0,56.3,223.0,110.0,4.0,,,29,,Brennan,Johnson,Johnson,,,1122,2,1,4,13,0,0,0,4,0,0,12,73,,,,0.0,0.32,1.04,0.96,5.86,18,23,32
654,a,100.0,100.0,6.1,82,26.0,0,0.0,-4,4.0,2.1,135,22.0,56,0,2.2,314.0,34.0,3,152,3.4,78.0,10.0,0.6,9.2,0.0,443411,577,713901,609,3.4,3.4,3.99,0.55,4.54,26.26,0.21,0.03,0.24,1.37,204.2,257.0,24.0,150.0,200.0,19.0,361.0,56.0,22.0,70.3,161.0,20.0,,,,29,,Jørgen,Strand Larsen,Strand Larsen,,,1726,3,1,5,30,0,0,1,3,0,0,18,70,,,,0.0,0.26,1.56,0.94,3.65,6,38,26
677,a,100.0,100.0,6.2,76,50.0,0,0.0,-3,3.0,0.1,577,215.0,37,0,2.2,315.0,139.0,0,127,2.4,140.0,58.0,0.4,6.0,0.0,10078,44,13192,6,2.4,2.4,1.52,0.69,2.21,10.34,0.19,0.09,0.28,1.29,154.6,301.0,136.0,70.2,305.0,172.0,167.0,162.0,88.0,38.8,296.0,147.0,,,,29,,Evann,Guessand,Guessand,,,724,1,3,1,14,0,0,0,0,0,0,7,73,,,,0.0,0.12,1.74,0.87,9.07,24,12,37
690,a,100.0,100.0,4.4,567,339.0,0,0.0,-1,1.0,0.3,336,114.0,0,0,0.0,686.0,268.0,0,0,0.0,598.0,212.0,0.0,0.0,0.0,58102,1,55504,6,0.0,0.0,0.0,0.0,0.0,0.0,0.0,0.0,0.0,0.0,0.0,679.0,261.0,0.0,674.0,265.0,0.0,654.0,256.0,0.0,681.0,263.0,,,,29,,Rio,Cardines,Cardines,,,0,0,0,0,0,0,0,0,0,0,0,0,0,,,,0.0,0.0,0.0,0.0,0.0,0,0,0
712,a,100.0,100.0,5.8,109,70.0,0,0.0,-2,2.0,0.2,385,128.0,65,0,2.5,280.0,120.0,3,265,1.2,243.0,103.0,0.2,11.2,0.0,128605,22,110687,61,1.2,1.2,3.94,4.78,8.72,23.97,0.21,0.25,0.46,1.26,271.0,208.0,87.0,573.4,18.0,18.0,318.0,70.0,41.0,116.0,54.0,37.0,2.0,1.0,,29,,Yéremy,Pino Santos,Yeremy,,,1706,2,1,7,20,0,0,0,4,0,0,21,135,,,,0.0,0.37,1.06,1.11,7.12,30,24,81
723,a,100.0,100.0,4.5,510,96.0,0,0.0,0,0.0,0.0,641,227.0,35,0,3.2,155.0,58.0,4,102,1.6,201.0,79.0,0.4,7.8,0.0,5024,7,3920,7,1.6,1.6,0.61,0.17,0.78,11.33,0.1,0.03,0.13,1.92,146.8,306.0,117.0,11.1,416.0,151.0,21.0,378.0,132.0,17.8,376.0,133.0,,,,29,,Jaydee,Canvot,Canvot,,,532,0,0,3,8,0,0,0,2,0,0,5,73,,,,0.0,0.51,1.35,0.85,12.35,21,52,22
732,a,,,5.5,153,38.0,0,0.0,0,0.0,0.1,578,79.0,16,0,1.2,442.0,54.0,0,38,0.2,376.0,48.0,0.0,2.9,0.0,14268,12,10738,11,0.2,0.2,0.39,0.01,0.4,4.41,0.23,0.01,0.24,2.65,10.8,456.0,54.0,6.5,435.0,57.0,68.0,292.0,50.0,8.0,428.0,54.0,,,,29,,Christantus,Uche,Uche,,,150,0,1,0,4,0,0,0,0,0,0,0,12,,,,0.0,0.0,2.4,0.0,7.2,1,2,9
762,a,,,4.5,513,317.0,0,0.0,0,0.0,0.0,776,336.0,2,0,1.0,486.0,221.0,0,6,0.0,685.0,277.0,0.0,0.4,0.0,655,2,382,1,0.0,0.0,0.0,0.0,0.0,0.73,0.0,0.0,0.0,9.39,1.4,493.0,227.0,1.0,467.0,225.0,0.0,736.0,317.0,0.3,499.0,230.0,,,,29,,Joél,Drakes-Thomas,Drakes-Thomas,,,7,0,0,0,1,0,0,0,0,0,0,0,3,,,,0.0,0.0,12.86,0.0,38.57,1,0,2
773,a,,,4.0,736,211.0,0,0.0,0,0.0,0.0,722,251.0,0,0,0.0,632.0,245.0,0,0,0.0,511.0,212.0,0.0,0.0,0.0,667,2,493,2,0.0,0.0,0.0,0.0,0.0,0.0,0.0,0.0,0.0,0.0,0.0,622.0,245.0,0.0,614.0,245.0,0.0,587.0,243.0,0.0,624.0,245.0,,,,29,,Dean,Benamar,Benamar,,,0,0,0,0,0,0,0,0,0,0,0,0,0,,,,0.0,0.0,0.0,0.0,0.0,0,0,0
780,a,,,4.5,505,73.0,0,0.0,0,0.0,0.0,664,84.0,0,0,0.0,751.0,83.0,0,0,0.0,679.0,73.0,0.0,0.0,0.0,2933,11,1401,16,0.0,0.0,0.0,0.0,0.0,0.0,0.0,0.0,0.0,0.0,0.0,750.0,83.0,0.0,744.0,82.0,0.0,731.0,82.0,0.0,750.0,83.0,,,,29,,Ben,Casey,Casey,,,0,0,0,0,0,0,0,0,0,0,0,0,0,,,,0.0,0.0,0.0,0.0,0.0,0,0,0
793,a,,,4.0,724,199.0,0,0.0,0,0.0,0.0,707,244.0,0,0,0.0,625.0,238.0,0,0,0.0,503.0,204.0,0.0,0.0,0.0,1188,5,534,3,0.0,0.0,0.0,0.0,0.0,0.0,0.0,0.0,0.0,0.0,0.0,615.0,238.0,0.0,607.0,238.0,0.0,579.0,235.0,0.0,617.0,238.0,,,,29,,George,King,King,,,0,0,0,0,0,0,0,0,0,0,0,0,0,,,,0.0,0.0,0.0,0.0,0.0,0,0,0
798,u,0.0,0.0,4.0,701,182.0,0,0.0,0,0.0,0.0,801,264.0,0,0,0.0,607.0,225.0,0,0,0.0,483.0,189.0,0.0,0.0,0.0,142,0,170,0,0.0,0.0,0.0,0.0,0.0,0.0,0.0,0.0,0.0,0.0,0.0,597.0,225.0,0.0,588.0,225.0,0.0,559.0,221.0,0.0,599.0,225.0,,,,29,,Danny,Imray,Imray,has joined West Brom on loan for the rest of the season.,,0,0,0,0,0,0,0,0,0,0,0,0,0,,,,0.0,0.0,0.0,0.0,0.0,0,0,0
242,a,100.0,100.0,5.1,229,141.0,1,-1.0,1,-1.0,4.8,74,25.0,112,9,5.1,11.0,7.0,14,433,6.8,4.0,2.0,1.3,22.0,0.0,1931768,4829,1866023,690,5.8,7.3,2.95,3.99,6.94,25.5,0.15,0.2,0.35,1.26,431.8,93.0,31.0,432.8,41.0,38.0,296.0,81.0,50.0,116.1,53.0,36.0,2.0,,,29,,Kiernan,Dewsbury-Hall,Dewsbury-Hall,,,1828,6,5,7,23,0,0,0,6,0,0,21,158,,,,0.0,0.34,1.13,1.03,7.78,36,34,88
243,a,,,4.8,374,235.0,0,0.0,-2,2.0,0.1,533,195.0,9,1,1.1,443.0,198.0,0,14,1.0,256.0,111.0,0.2,1.9,0.0,9066,5,10157,24,0.0,1.5,0.46,0.13,0.59,3.05,0.17,0.05,0.22,1.12,14.6,452.0,202.0,17.2,400.0,199.0,77.0,279.0,152.0,10.5,413.0,188.0,,,,29,,Tyrique,George,George,,,244,0,0,1,3,0,0,0,2,0,0,1,12,,,,0.0,0.37,1.11,0.37,4.43,2,1,9
287,a,,,5.6,124,2.0,0,0.0,1,-1.0,13.3,26,4.0,117,6,4.0,65.0,4.0,11,465,2.4,137.0,11.0,0.4,20.9,0.0,1600520,1246,1372264,1723,1.4,2.9,0.0,0.15,0.15,41.23,0.0,0.01,0.01,1.42,683.4,14.0,4.0,0.2,481.0,13.0,2.0,458.0,3.0,68.6,170.0,4.0,,,,29,,Jordan,Pickford,Pickford,,,2610,0,0,10,33,0,1,0,2,0,78,29,97,,,,2.69,0.34,1.14,1.0,0.0,2,38,244
288,a,100.0,100.0,4.3,586,28.0,0,0.0,-2,2.0,0.1,456,68.0,0,0,0.0,646.0,89.0,0,0,0.0,541.0,83.0,0.0,0.0,0.0,4568,2,12054,4,-1.0,0.5,0.0,0.0,0.0,0.0,0.0,0.0,0.0,0.0,0.0,636.0,89.0,0.0,631.0,80.0,0.0,607.0,69.0,0.0,638.0,89.0,,,,29,,Mark,Travers,Travers,,,0,0,0,0,0,0,0,0,0,0,0,0,0,,,,0.0,0.0,0.0,0.0,0.0,0,0,0
289,u,0.0,0.0,3.9,760,80.0,0,0.0,-1,1.0,0.1,490,73.0,0,0,0.0,554.0,50.0,0,0,0.0,424.0,39.0,0.0,0.0,0.0,4633,0,10003,5,0.0,0.0,0.0,0.0,0.0,0.0,0.0,0.0,0.0,0.0,0.0,544.0,50.0,0.0,531.0,33.0,0.0,501.0,20.0,0.0,546.0,50.0,,,,29,,Harry,Tyrer,Tyrer,has joined Cardiff City permanently.,,0,0,0,0,0,0,0,0,0,0,0,0,0,,,,0.0,0.0,0.0,0.0,0.0,0,0,0
290,a,100.0,100.0,5.3,198,23.0,0,0.0,-2,2.0,0.4,269,100.0,24,6,3.4,138.0,50.0,0,84,4.4,34.0,10.0,0.8,4.5,0.0,43847,389,74230,265,3.4,4.9,0.26,0.09,0.35,5.41,0.05,0.02,0.07,0.99,120.8,330.0,128.0,31.6,376.0,133.0,90.0,257.0,71.0,24.3,352.0,120.0,,,,29,,Jarrad,Branthwaite,Branthwaite,,,490,1,1,1,6,0,0,0,1,0,0,5,42,,,,0.0,0.18,1.1,0.92,7.71,9,33,20
291,a,,,5.7,111,8.0,0,0.0,2,-2.0,10.8,31,10.0,136,15,4.7,23.0,8.0,9,484,4.4,35.0,11.0,0.8,23.9,0.0,2339880,3485,1821151,1689,3.4,4.9,2.04,1.32,3.36,41.23,0.07,0.05,0.12,1.42,744.2,8.0,3.0,185.6,176.0,43.0,265.0,92.0,8.0,119.8,45.0,4.0,,,,29,,James,Tarkowski,Tarkowski,,,2610,1,1,10,33,0,0,0,5,0,0,29,329,,,,0.0,0.34,1.14,1.0,10.45,39,264,69
292,a,100.0,100.0,4.9,314,50.0,0,0.0,-1,1.0,0.6,232,89.0,76,6,3.2,157.0,59.0,1,286,2.4,131.0,50.0,0.5,15.5,0.0,144884,57,171678,133,1.4,2.9,0.28,2.21,2.49,33.4,0.01,0.09,0.1,1.4,396.8,119.0,52.0,283.0,104.0,24.0,65.0,295.0,87.0,74.4,146.0,49.0,,,,29,,Vitalii,Mykolenko,Mykolenko,,,2149,0,1,8,30,1,0,0,5,0,0,24,186,,,,0.0,0.34,1.26,1.01,6.87,30,134,82
293,a,100.0,100.0,4.9,339,56.0,0,0.0,-1,1.0,0.7,225,86.0,93,6,3.3,150.0,55.0,2,322,1.6,205.0,81.0,0.3,19.0,0.0,168623,59,160415,180,0.6,2.1,0.83,0.83,1.66,39.05,0.03,0.03,0.06,1.49,445.8,87.0,38.0,224.5,142.0,37.0,126.0,214.0,52.0,79.9,133.0,42.0,,,,29,,Jake,O'Brien,O'Brien,,,2366,0,2,9,31,0,0,0,2,1,0,26,207,,,,0.0,0.34,1.18,0.99,6.81,48,131,89
294,i,0.0,0.0,4.2,625,140.0,0,0.0,-3,3.0,0.1,485,173.0,3,0,1.0,461.0,171.0,0,10,0.0,520.0,216.0,0.0,0.7,0.0,6318,1,17714,13,0.0,0.0,0.0,0.0,0.0,0.24,0.0,0.0,0.0,1.96,0.0,628.0,248.0,0.1,482.0,175.0,0.0,594.0,246.0,0.0,630.0,248.0,,,,29,,Séamus,Coleman,Coleman,Knock - Expected back 14 Mar,,11,0,0,0,0,0,0,0,0,0,0,1,0,,,,0.0,0.0,0.0,8.18,0.0,0,0,1
295,a,100.0,100.0,4.6,397,66.0,0,0.0,1,-1.0,3.5,95,34.0,107,1,4.3,42.0,17.0,8,334,1.8,183.0,68.0,0.4,23.3,0.0,1422677,262,1047215,3430,0.8,2.3,1.91,0.19,2.1,33.49,0.09,0.01,0.1,1.54,585.0,38.0,15.0,28.5,377.0,134.0,228.0,107.0,14.0,84.1,122.0,37.0,,,,29,,Michael,Keane,Keane,,,1955,3,0,6,28,0,0,0,0,1,0,22,260,,,,0.0,0.28,1.29,1.01,10.59,27,203,71
296,a,100.0,100.0,4.4,536,114.0,0,0.0,-1,1.0,0.0,623,222.0,21,0,3.5,118.0,41.0,0,68,0.0,576.0,236.0,0.0,4.8,0.0,5746,5,6479,15,-1.0,0.5,0.03,0.04,0.07,3.55,0.01,0.02,0.03,1.35,63.6,394.0,151.0,6.4,436.0,157.0,17.0,389.0,139.0,8.6,425.0,153.0,,,,29,,Nathan,Patterson,Patterson,,,237,0,0,2,1,0,0,0,0,0,0,3,30,,,,0.0,0.76,0.38,1.14,11.39,10,20,14
297,u,0.0,0.0,3.8,800,247.0,0,0.0,-2,2.0,0.2,399,148.0,0,0,0.0,528.0,190.0,0,0,0.0,394.0,146.0,0.0,0.0,0.0,9298,0,21425,15,0.0,0.0,0.0,0.0,0.0,0.0,0.0,0.0,0.0,0.0,0.0,518.0,190.0,0.0,502.0,188.0,0.0,471.0,182.0,0.0,520.0,190.0,,,,29,,Roman,Dixon,Dixon,has joined Stockport County on loan for the rest of the season.,,0,0,0,0,0,0,0,0,0,0,0,0,0,,,,0.0,0.0,0.0,0.0,0.0,0,0,0
298,a,,,3.8,798,245.0,0,0.0,-2,2.0,0.1,422,156.0,0,0,0.0,526.0,188.0,0,0,0.0,392.0,144.0,0.0,0.0,0.0,7681,4,14887,9,-1.0,0.5,0.0,0.0,0.0,0.0,0.0,0.0,0.0,0.0,0.0,516.0,188.0,0.0,500.0,186.0,0.0,469.0,180.0,0.0,518.0,188.0,,,,29,,Reece,Welch,Welch,,,0,0,0,0,0,0,0,0,0,0,0,0,0,,,,0.0,0.0,0.0,0.0,0.0,0,0,0
299,a,100.0,100.0,6.2,74,49.0,0,0.0,-3,3.0,4.3,86,28.0,100,6,4.3,46.0,21.0,5,418,4.6,28.0,14.0,0.7,16.1,0.0,1740588,926,2512203,753,3.6,5.1,4.44,3.88,8.32,27.67,0.2,0.18,0.38,1.26,471.4,76.0,24.0,355.0,70.0,54.0,397.0,45.0,27.0,122.6,42.0,31.0,,,1.0,29,,Iliman,Ndiaye,Ndiaye,,,1973,5,3,7,27,0,0,0,2,0,0,23,217,,,,0.0,0.32,1.23,1.05,9.9,52,27,138
300,a,,,5.5,144,89.0,0,0.0,-5,5.0,0.2,412,140.0,40,5,2.5,279.0,119.0,1,140,2.2,157.0,66.0,0.4,7.3,0.0,32982,19,63442,16,1.2,2.7,0.67,0.76,1.43,13.2,0.08,0.09,0.17,1.52,104.2,346.0,157.0,148.8,201.0,131.0,100.0,242.0,135.0,35.4,306.0,150.0,,,,29,,Dwight,McNeil,McNeil,,,781,0,3,4,5,0,0,0,1,0,0,9,77,,,,0.0,0.46,0.58,1.04,8.87,16,16,45
301,i,0.0,0.0,5.2,215,133.0,0,0.0,-3,3.0,0.1,518,187.0,26,0,1.6,396.0,172.0,0,111,0.0,766.0,332.0,0.0,5.0,0.0,17057,0,29709,13,0.0,0.0,1.04,0.44,1.48,13.03,0.14,0.06,0.2,1.76,83.0,373.0,166.0,144.5,203.0,133.0,156.0,175.0,96.0,38.4,299.0,148.0,,,,29,,Carlos,Alcaraz Durán,Alcaraz,Knock - Expected back 21 Mar,,667,0,1,3,8,0,0,0,3,0,0,6,64,,,,0.0,0.4,1.08,0.81,8.64,13,10,41
304,a,100.0,100.0,4.8,368,230.0,0,0.0,-2,2.0,0.0,615,238.0,53,1,2.5,272.0,114.0,1,168,0.8,278.0,124.0,0.2,11.0,0.0,5711,1,6594,7,-0.2,1.3,0.37,0.59,0.96,17.02,0.03,0.05,0.08,1.51,168.6,289.0,125.0,81.2,293.0,170.0,48.0,323.0,170.0,29.6,336.0,162.0,,,,29,,Tim,Iroegbunam,Iroegbunam,,,1015,0,3,7,10,0,0,0,8,0,0,12,134,,,,0.0,0.62,0.89,1.06,11.88,46,29,59
305,a,100.0,100.0,4.5,495,305.0,0,0.0,0,0.0,0.1,493,175.0,18,0,1.8,368.0,157.0,0,75,1.2,239.0,100.0,0.3,4.0,0.0,11919,12,17739,34,0.2,1.7,0.79,0.21,1.0,8.84,0.14,0.04,0.18,1.62,58.4,401.0,177.0,66.3,311.0,175.0,78.0,275.0,149.0,20.4,367.0,175.0,,,,29,,Harrison,Armstrong,Armstrong,,,491,0,0,1,8,0,0,0,0,0,0,6,50,,,,0.0,0.18,1.47,1.1,9.16,13,13,24
306,a,,,4.3,610,356.0,0,0.0,-2,2.0,0.1,479,166.0,0,0,0.0,656.0,250.0,0,0,0.0,558.0,189.0,0.0,0.0,0.0,14340,17,14564,18,-1.0,0.5,0.0,0.0,0.0,0.0,0.0,0.0,0.0,0.0,0.0,646.0,240.0,0.0,642.0,245.0,0.0,619.0,234.0,0.0,648.0,242.0,,,,29,,Callum,Bates,Bates,,,0,0,0,0,0,0,0,0,0,0,0,0,0,,,,0.0,0.0,0.0,0.0,0.0,0,0,0
307,a,,,4.4,550,328.0,0,0.0,-1,1.0,0.0,602,229.0,0,0,0.0,675.0,262.0,0,0,0.0,584.0,203.0,0.0,0.0,0.0,4759,5,6302,4,-1.0,0.5,0.0,0.0,0.0,0.0,0.0,0.0,0.0,0.0,0.0,666.0,253.0,0.0,662.0,258.0,0.0,640.0,247.0,0.0,668.0,255.0,,,,29,,Coby,Ebere,Ebere,,,0,0,0,0,0,0,0,0,0,0,0,0,0,,,,0.0,0.0,0.0,0.0,0.0,0,0,0
308,u,0.0,0.0,4.5,450,270.0,0,0.0,0,0.0,0.0,698,287.0,0,0,0.0,712.0,287.0,0,0,0.0,632.0,235.0,0.0,0.0,0.0,458,0,3751,0,0.0,0.0,0.0,0.0,0.0,0.0,0.0,0.0,0.0,0.0,0.0,707.0,282.0,0.0,703.0,284.0,0.0,687.0,277.0,0.0,708.0,283.0,,,,29,,Isaac,Heath,Heath,has joined Accrington on loan for the rest of the season.,,0,0,0,0,0,0,0,0,0,0,0,0,0,,,,0.0,0.0,0.0,0.0,0.0,0,0,0
309,u,0.0,0.0,4.5,447,268.0,0,0.0,0,0.0,0.0,818,366.0,0,0,0.0,710.0,285.0,0,0,0.0,630.0,233.0,0.0,0.0,0.0,0,0,113,0,0.0,0.0,0.0,0.0,0.0,0.0,0.0,0.0,0.0,0.0,0.0,705.0,280.0,0.0,701.0,282.0,0.0,685.0,275.0,0.0,706.0,281.0,,,,29,,Jenson,Metcalfe,Metcalfe,Has joined Bradford City permanently.,,0,0,0,0,0,0,0,0,0,0,0,0,0,,,,0.0,0.0,0.0,0.0,0.0,0,0,0
310,a,,,5.7,120,33.0,0,0.0,-3,3.0,1.1,186,29.0,74,1,2.6,258.0,27.0,7,225,2.6,123.0,17.0,0.5,13.0,0.0,294968,189,251287,956,1.6,3.1,6.13,0.37,6.5,25.83,0.35,0.02,0.37,1.45,247.4,223.0,19.0,169.4,186.0,17.0,418.0,40.0,17.0,81.2,130.0,17.0,,,,29,,Thierno,Barry,Barry,,,1599,6,0,7,22,0,0,0,3,0,0,19,57,,,,0.0,0.39,1.24,1.07,3.21,3,26,28
311,a,,,5.0,267,55.0,0,0.0,-5,5.0,2.5,120,19.0,58,2,2.0,335.0,38.0,6,172,2.6,120.0,15.0,0.5,11.6,0.0,471739,255,1122227,286,1.6,3.1,6.43,0.16,6.59,16.81,0.55,0.01,0.56,1.44,219.6,247.0,22.0,88.0,276.0,27.0,404.0,44.0,18.0,69.6,165.0,22.0,,,3.0,29,,Norberto Bercique,Gomes Betuncal,Beto,,,1047,4,0,3,14,0,0,0,2,0,0,10,66,,,,0.0,0.26,1.2,0.86,5.67,12,31,23
312,u,0.0,0.0,4.9,336,62.0,0,0.0,-1,1.0,0.1,543,76.0,0,0,0.0,779.0,87.0,0,0,0.0,733.0,79.0,0.0,0.0,0.0,2418,0,14528,0,0.0,0.0,0.0,0.0,0.0,0.0,0.0,0.0,0.0,0.0,0.0,778.0,87.0,0.0,774.0,86.0,0.0,769.0,86.0,0.0,778.0,87.0,,,,29,,Youssef,Ramalho Chermiti,Y.Chermiti,has joined Rangers permanently.,,0,0,0,0,0,0,0,0,0,0,0,0,0,,,,0.0,0.0,0.0,0.0,0.0,0,0,0
313,u,0.0,0.0,4.4,557,79.0,0,0.0,-1,1.0,0.1,446,64.0,0,0,0.0,679.0,71.0,0,0,0.0,589.0,61.0,0.0,0.0,0.0,9203,0,26457,2,0.0,0.0,0.0,0.0,0.0,0.0,0.0,0.0,0.0,0.0,0.0,671.0,71.0,0.0,666.0,70.0,0.0,646.0,70.0,0.0,673.0,71.0,,,,29,,Martin,Sherif,Sherif,has joined Port Vale on loan for the rest of the season.,,0,0,0,0,0,0,0,0,0,0,0,0,0,,,,0.0,0.0,0.0,0.0,0.0,0,0,0
419,i,0.0,0.0,6.3,64,43.0,0,0.0,-2,2.0,5.9,63,22.0,79,0,4.0,70.0,31.0,12,356,0.0,803.0,359.0,0.0,12.5,0.0,3790329,2,3762613,545,0.0,0.0,2.05,3.37,5.41,25.81,0.11,0.19,0.3,1.43,374.2,134.0,45.0,520.5,25.0,24.0,397.0,46.0,28.0,129.2,37.0,27.0,,,,29,,Jack,Grealish,Grealish,Foot injury - Expected back 01 Jun,,1627,2,6,7,23,0,0,0,3,1,0,18,135,,,,0.0,0.39,1.27,1.0,7.47,20,27,88
630,a,,,3.9,748,74.0,0,0.0,-1,1.0,1.3,172,21.0,0,0,0.0,546.0,44.0,0,0,0.0,416.0,33.0,0.0,0.0,0.0,71213,16,98838,39,-1.0,0.5,0.0,0.0,0.0,0.0,0.0,0.0,0.0,0.0,0.0,536.0,44.0,0.0,523.0,27.0,0.0,493.0,14.0,0.0,538.0,44.0,,,,29,,Tom,King,King,,,0,0,0,0,0,0,0,0,0,0,0,0,0,,,,0.0,0.0,0.0,0.0,0.0,0,0,0
667,a,100.0,100.0,4.2,638,149.0,0,0.0,-3,3.0,0.1,570,205.0,0,0,0.0,639.0,248.0,0,0,0.0,526.0,220.0,0.0,0.0,0.0,2740,3,12460,6,-1.0,0.5,0.0,0.0,0.0,0.0,0.0,0.0,0.0,0.0,0.0,630.0,249.0,0.0,624.0,248.0,0.0,599.0,247.0,0.0,632.0,249.0,,,,29,,Adam,Aznou,Aznou,,,0,0,0,0,0,0,0,0,0,0,0,0,0,,,,0.0,0.0,0.0,0.0,0.0,0,0,0
704,u,0.0,0.0,4.5,437,261.0,0,0.0,0,0.0,0.0,583,218.0,0,0,0.0,705.0,280.0,0,0,0.0,624.0,227.0,0.0,0.0,0.0,8420,0,10183,3,0.0,0.0,0.0,0.0,0.0,0.0,0.0,0.0,0.0,0.0,0.0,699.0,274.0,0.0,696.0,277.0,0.0,679.0,270.0,0.0,701.0,276.0,,,,29,,Tyler,Onyango,Onyango,has joined Stockport County on loan for the rest of the season.,,0,0,0,0,0,0,0,0,0,0,0,0,0,,,,0.0,0.0,0.0,0.0,0.0,0,0,0
705,u,0.0,0.0,3.9,771,225.0,0,0.0,-1,1.0,0.2,410,150.0,0,0,0.0,562.0,203.0,0,0,0.0,433.0,164.0,0.0,0.0,0.0,18604,0,17112,14,0.0,0.0,0.0,0.0,0.0,0.0,0.0,0.0,0.0,0.0,0.0,552.0,203.0,0.0,539.0,203.0,0.0,509.0,198.0,0.0,554.0,203.0,,,,29,,Elijah,Campbell,Campbell,has joined Port Vale on loan for the rest of the season.,,0,0,0,0,0,0,0,0,0,0,0,0,0,,,,0.0,0.0,0.0,0.0,0.0,0,0,0
707,a,,,5.3,200,124.0,0,0.0,-2,2.0,0.0,648,259.0,18,1,1.3,433.0,195.0,0,49,0.2,373.0,172.0,0.0,3.4,0.0,7743,0,7245,4,-0.8,0.7,0.2,0.14,0.34,6.65,0.05,0.04,0.09,1.71,46.0,409.0,181.0,61.0,323.0,181.0,32.0,352.0,183.0,13.6,395.0,182.0,,,,29,,Tyler,Dibling,Dibling,,,349,0,0,2,2,0,0,0,2,0,0,4,40,,,,0.0,0.52,0.52,1.03,10.32,7,11,22
728,a,100.0,100.0,5.0,275,170.0,0,0.0,0,0.0,0.0,711,296.0,16,0,1.6,393.0,170.0,0,39,0.0,751.0,323.0,0.0,3.2,0.0,1514,2,1566,3,-1.0,0.5,0.5,0.17,0.67,6.27,0.13,0.04,0.17,1.6,61.2,397.0,175.0,65.9,312.0,176.0,32.0,351.0,182.0,15.9,384.0,179.0,,,,29,,Merlin,Röhl,Röhl,,,353,0,0,2,4,0,0,0,0,0,0,2,43,,,,0.0,0.51,1.02,0.51,10.96,15,10,18
779,a,,,4.5,503,72.0,0,0.0,0,0.0,0.0,627,82.0,0,0,0.0,750.0,82.0,0,0,0.0,678.0,72.0,0.0,0.0,0.0,4328,12,2122,14,-1.0,0.5,0.0,0.0,0.0,0.0,0.0,0.0,0.0,0.0,0.0,749.0,82.0,0.0,743.0,81.0,0.0,730.0,81.0,0.0,749.0,82.0,,,,29,,Braiden,Graham,Graham,,,0,0,0,0,0,0,0,0,0,0,0,0,0,,,,0.0,0.0,0.0,0.0,0.0,0,0,0
314,a,,,4.9,288,10.0,0,0.0,-1,1.0,1.5,159,20.0,76,0,2.7,234.0,24.0,3,348,0.8,280.0,21.0,0.2,15.5,0.0,219165,217,245339,83,0.8,0.8,0.0,0.0,0.0,39.74,0.0,0.0,0.0,1.42,584.2,39.0,10.0,0.0,759.0,89.0,0.0,753.0,85.0,58.3,209.0,10.0,,,,29,,Bernd,Leno,Leno,,,2520,0,0,5,42,1,0,0,3,0,68,28,107,,,,2.43,0.18,1.5,1.0,0.0,4,36,228
315,u,0.0,0.0,4.0,677,49.0,0,0.0,0,0.0,0.0,755,86.0,0,0,0.0,587.0,69.0,0,0,0.0,460.0,60.0,0.0,0.0,0.0,577,0,847,2,0.0,0.0,0.0,0.0,0.0,0.0,0.0,0.0,0.0,0.0,0.0,577.0,69.0,0.0,568.0,56.0,0.0,539.0,43.0,0.0,579.0,69.0,,,,29,,Steven,Benda,Benda,has joined Feyenoord on loan for the rest of the season.,,0,0,0,0,0,0,0,0,0,0,0,0,0,,,,0.0,0.0,0.0,0.0,0.0,0,0,0
316,a,100.0,100.0,4.9,296,44.0,0,0.0,-1,1.0,0.7,219,82.0,33,0,2.8,218.0,88.0,4,142,0.0,713.0,249.0,0.0,6.7,0.0,148778,92,183711,103,0.0,0.0,0.22,1.11,1.33,13.3,0.02,0.12,0.14,1.49,192.8,264.0,107.0,207.2,158.0,39.0,34.0,349.0,116.0,43.4,270.0,90.0,,,,29,,Antonee,Robinson,Robinson,,,801,0,0,2,10,0,0,0,0,0,0,9,69,,,,0.0,0.22,1.12,1.01,7.64,26,42,48
317,a,100.0,100.0,4.5,414,76.0,0,0.0,0,0.0,4.8,72,23.0,93,0,3.6,110.0,38.0,5,325,1.4,220.0,86.0,0.3,20.7,0.0,1252173,1004,986717,261,1.4,1.4,1.26,1.54,2.8,35.4,0.05,0.06,0.11,1.39,657.2,18.0,6.0,111.8,238.0,65.0,124.0,217.0,54.0,89.6,103.0,29.0,,,,29,,Joachim,Andersen,Andersen,,,2291,0,1,5,38,0,0,0,6,0,0,26,302,,,,0.0,0.2,1.49,1.02,10.41,37,228,91
318,a,100.0,100.0,4.4,533,111.0,0,0.0,-1,1.0,0.5,266,99.0,65,0,3.2,152.0,57.0,6,210,1.8,182.0,67.0,0.4,14.8,0.0,114670,156,122760,30,1.8,1.8,1.28,0.23,1.51,25.02,0.07,0.01,0.08,1.38,406.4,112.0,48.0,97.3,261.0,77.0,79.0,273.0,77.0,58.5,208.0,71.0,,,,29,,Calvin,Bassey,Bassey,,,1632,1,1,3,31,0,0,0,4,0,0,18,189,,,,0.0,0.17,1.71,0.99,8.22,37,112,81
319,a,,,4.3,581,127.0,0,0.0,-2,2.0,0.1,460,169.0,29,0,1.4,419.0,151.0,0,127,0.6,301.0,106.0,0.1,6.7,0.0,19171,5,25152,12,0.6,0.6,0.94,0.51,1.45,21.75,0.08,0.04,0.12,1.75,224.2,242.0,95.0,130.8,212.0,53.0,87.0,260.0,73.0,44.4,266.0,87.0,,,,29,,Timothy,Castagne,Castagne,,,1118,0,1,0,23,0,0,0,3,0,0,12,113,,,,0.0,0.0,1.85,0.97,7.89,22,76,34
320,a,,,4.3,583,129.0,0,0.0,-2,2.0,0.1,528,188.0,11,0,1.2,436.0,157.0,0,39,0.2,356.0,128.0,0.0,2.6,0.0,7280,11,11453,4,0.2,0.2,0.02,0.03,0.05,9.06,0.0,0.01,0.01,1.62,96.8,361.0,138.0,5.0,440.0,160.0,10.0,404.0,148.0,11.2,411.0,148.0,,,,29,,Issa,Diop,Diop,,,502,0,0,0,10,0,0,0,2,0,0,5,51,,,,0.0,0.0,1.79,0.9,7.89,6,38,11
321,a,,,4.3,588,132.0,0,0.0,-2,2.0,0.1,562,202.0,39,0,2.8,213.0,83.0,1,155,0.8,270.0,97.0,0.2,9.1,0.0,6674,2,7222,7,0.8,0.8,0.05,0.53,0.58,14.59,0.0,0.05,0.05,1.41,244.6,226.0,88.0,47.1,345.0,117.0,14.0,391.0,140.0,30.7,331.0,112.0,,,,29,,Jorge,Cuenca Barreno,J.Cuenca,,,931,0,0,2,11,0,0,0,5,0,0,11,120,,,,0.0,0.19,1.06,1.06,11.02,16,98,40
322,a,100.0,100.0,4.5,412,75.0,0,0.0,0,0.0,0.3,315,116.0,73,0,3.6,109.0,37.0,5,279,1.6,197.0,76.0,0.4,16.2,0.0,163995,96,152795,22,1.6,1.6,0.86,1.39,2.25,23.75,0.05,0.08,0.13,1.32,386.0,128.0,58.0,192.0,172.0,41.0,101.0,238.0,62.0,68.0,171.0,56.0,,,,29,,Kenny,Tete,Tete,,,1620,1,0,5,24,0,0,0,2,0,0,19,175,,,,0.0,0.28,1.33,1.06,8.44,62,90,75
323,a,,,3.8,814,260.0,0,0.0,-2,2.0,0.1,421,155.0,0,0,0.0,537.0,198.0,0,0,0.0,406.0,157.0,0.0,0.0,0.0,9321,5,17032,9,0.0,0.0,0.0,0.0,0.0,0.0,0.0,0.0,0.0,0.0,0.0,527.0,198.0,0.0,513.0,198.0,0.0,483.0,193.0,0.0,529.0,198.0,,,,29,,Samuel,Amissah,Amissah,,,0,0,0,0,0,0,0,0,0,0,0,0,0,,,,0.0,0.0,0.0,0.0,0.0,0,0,0
324,a,100.0,100.0,6.4,55,35.0,1,-1.0,-1,1.0,2.0,137,45.0,89,0,4.0,71.0,32.0,13,416,5.8,7.0,4.0,0.9,13.9,0.0,460412,3855,400618,152,5.8,5.8,1.22,3.47,4.69,29.51,0.06,0.17,0.23,1.43,422.0,102.0,33.0,551.1,21.0,21.0,203.0,126.0,72.0,117.7,49.0,34.0,2.0,,,29,,Alex,Iwobi,Iwobi,,,1862,4,3,3,35,0,0,0,2,0,0,22,136,,,,0.0,0.15,1.69,1.06,6.57,22,24,90
325,a,100.0,100.0,5.6,128,79.0,0,0.0,-4,4.0,0.5,248,86.0,63,0,2.2,313.0,138.0,1,274,1.4,228.0,95.0,0.3,11.2,0.0,161179,59,211476,69,1.4,1.4,4.01,0.95,4.96,24.6,0.26,0.06,0.32,1.56,238.4,232.0,101.0,250.2,119.0,82.0,286.0,84.0,52.0,77.5,140.0,76.0,,,,29,,Emile,Smith Rowe,Smith Rowe,,,1415,3,1,3,22,0,0,0,1,0,0,16,111,,,,0.0,0.19,1.4,1.02,7.06,22,33,56
327,u,0.0,0.0,5.3,186,114.0,0,0.0,-2,2.0,0.1,561,206.0,0,0,0.0,798.0,352.0,0,0,0.0,771.0,335.0,0.0,0.0,0.0,2438,0,35587,1,0.0,0.0,0.0,0.0,0.0,0.0,0.0,0.0,0.0,0.0,0.0,797.0,351.0,0.0,796.0,351.0,0.0,793.0,350.0,0.0,797.0,351.0,,,,29,,Andreas,Hoelgebaum Pereira,Andreas,has joined Palmeiras permanently.,,0,0,0,0,0,0,0,0,0,0,0,0,0,,,,0.0,0.0,0.0,0.0,0.0,0,0,0
328,a,100.0,100.0,5.4,161,100.0,0,0.0,-1,1.0,0.2,402,136.0,77,0,3.7,103.0,47.0,5,266,2.4,134.0,54.0,0.4,14.3,0.0,145377,31,138300,12,2.4,2.4,1.11,1.7,2.81,24.03,0.06,0.1,0.16,1.35,340.6,152.0,54.0,195.3,168.0,115.0,175.0,155.0,85.0,70.8,158.0,83.0,,,,29,,Ryan,Sessegnon,Sessegnon,,,1597,2,3,4,29,0,0,0,0,0,0,18,188,,,,0.0,0.23,1.63,1.01,10.59,40,87,61
329,d,75.0,75.0,6.0,85,55.0,0,0.0,5,-5.0,23.8,16,6.0,140,0,5.2,10.0,6.0,19,529,4.8,23.0,10.0,0.8,23.3,0.0,5023250,5535,2083225,3110,3.6,3.6,4.69,3.92,8.61,30.58,0.2,0.17,0.37,1.32,594.6,35.0,9.0,486.9,31.0,29.0,501.0,26.0,13.0,158.1,21.0,17.0,1.0,1.0,3.0,29,,Harry,Wilson,Wilson,Ankle injury - 75% chance of playing,,2086,9,8,6,31,0,0,0,6,0,0,25,139,,,,0.0,0.26,1.34,1.08,6.0,21,51,67
330,a,,,4.9,305,191.0,0,0.0,-1,1.0,0.1,519,188.0,69,0,2.5,273.0,115.0,3,412,2.0,167.0,70.0,0.4,14.1,0.0,11450,10,12618,6,2.0,2.0,1.29,1.09,2.38,37.23,0.05,0.04,0.09,1.43,366.8,140.0,47.0,277.7,107.0,76.0,71.0,289.0,156.0,71.9,152.0,81.0,,,,29,,Sander,Berge,Berge,,,2341,0,2,5,40,1,0,0,4,0,0,27,230,,,,0.0,0.19,1.54,1.04,8.84,47,78,105
331,a,100.0,100.0,4.8,350,218.0,0,0.0,-2,2.0,0.0,637,251.0,25,0,1.4,421.0,187.0,1,103,0.2,366.0,166.0,0.0,5.2,0.0,2676,1,4751,2,0.2,0.2,0.95,0.29,1.24,8.48,0.18,0.06,0.24,1.61,78.2,381.0,169.0,87.6,280.0,166.0,49.0,322.0,169.0,21.5,361.0,172.0,,,,29,,Tom,Cairney,Cairney,,,473,1,0,0,9,0,0,0,3,0,0,3,38,,,,0.0,0.0,1.71,0.57,7.23,4,7,27
332,a,100.0,100.0,4.9,309,194.0,0,0.0,-1,1.0,0.1,572,211.0,50,0,2.6,254.0,106.0,3,225,0.0,719.0,299.0,0.0,10.2,0.0,14624,2,19078,1,0.0,0.0,1.74,1.35,3.09,18.45,0.13,0.1,0.23,1.37,232.0,236.0,103.0,338.7,73.0,56.0,119.0,223.0,124.0,68.9,169.0,88.0,3.0,,,29,,Saša,Lukić,Lukić,,,1208,1,3,4,17,0,0,0,6,0,0,15,127,,,,0.0,0.3,1.27,1.12,9.46,35,43,49
333,u,0.0,0.0,4.5,473,289.0,0,0.0,0,0.0,0.0,666,270.0,0,0,0.0,728.0,301.0,0,0,0.0,652.0,252.0,0.0,0.0,0.0,898,0,6591,0,0.0,0.0,0.0,0.0,0.0,0.0,0.0,0.0,0.0,0.0,0.0,725.0,298.0,0.0,720.0,299.0,0.0,706.0,294.0,0.0,726.0,299.0,,,,29,,Martial,Godo,Godo,has joined Strasbourg permanently.,,0,0,0,0,0,0,0,0,0,0,0,0,0,,,,0.0,0.0,0.0,0.0,0.0,0,0,0
334,u,0.0,0.0,4.5,454,273.0,0,0.0,0,0.0,0.0,810,360.0,0,0,0.0,715.0,290.0,0,0,0.0,636.0,238.0,0.0,0.0,0.0,0,0,311,0,0.0,0.0,0.0,0.0,0.0,0.0,0.0,0.0,0.0,0.0,0.0,710.0,285.0,0.0,706.0,287.0,0.0,690.0,280.0,0.0,711.0,286.0,,,,29,,Luke,Harris,Harris,Has joined Oxford United on loan for the rest of the season.,,0,0,0,0,0,0,0,0,0,0,0,0,0,,,,0.0,0.0,0.0,0.0,0.0,0,0,0
335,a,100.0,100.0,4.4,564,337.0,0,0.0,-1,1.0,1.8,147,50.0,38,0,1.7,380.0,162.0,0,130,0.4,327.0,147.0,0.1,8.6,0.0,956897,102,864892,201,0.4,0.4,1.38,0.42,1.8,13.13,0.13,0.04,0.17,1.28,106.8,345.0,156.0,106.5,248.0,154.0,195.0,133.0,76.0,40.0,290.0,145.0,,,,29,,Josh,King,King,,,924,0,2,3,15,0,0,0,3,0,0,11,77,,,,0.0,0.29,1.46,1.07,7.5,19,16,42
336,a,,,4.3,580,344.0,0,0.0,-2,2.0,0.4,279,98.0,12,0,2.4,284.0,123.0,2,37,0.2,355.0,160.0,0.0,2.8,0.0,83538,53,69587,67,0.2,0.2,0.04,0.24,0.28,0.41,0.16,0.94,1.1,1.6,36.6,421.0,185.0,8.7,430.0,208.0,7.0,419.0,202.0,5.2,442.0,198.0,,,,29,,Harrison,Reed,Reed,,,23,1,0,0,1,0,0,0,0,0,0,0,2,,,,0.0,0.0,3.91,0.0,7.83,0,0,2
337,a,100.0,100.0,6.2,71,23.0,1,-1.0,-3,3.0,3.0,108,18.0,96,0,3.6,116.0,10.0,7,354,3.8,55.0,7.0,0.6,15.5,0.0,744116,1754,631978,572,3.8,3.8,10.02,0.83,10.85,28.35,0.49,0.04,0.53,1.38,426.4,99.0,7.0,288.8,98.0,5.0,655.0,14.0,9.0,136.6,30.0,7.0,,2.0,1.0,29,,Raúl,Jiménez Rodríguez,Raúl,,,1844,8,5,7,25,0,0,0,5,0,0,23,110,,,,0.0,0.34,1.22,1.12,5.37,28,37,45
338,a,100.0,100.0,5.3,193,46.0,0,0.0,-2,2.0,0.7,214,33.0,21,0,1.9,353.0,41.0,3,59,0.8,287.0,35.0,0.2,4.0,0.0,261357,54,437115,28,0.8,0.8,1.21,0.02,1.23,7.46,0.25,0.0,0.25,1.54,82.4,376.0,39.0,54.1,332.0,37.0,155.0,177.0,40.0,28.3,341.0,40.0,,,,29,,Rodrigo,Muniz Carvalho,Muniz,,,435,1,1,1,7,1,0,0,1,0,0,4,27,,,,0.0,0.21,1.45,0.83,5.59,4,14,9
424,a,100.0,100.0,5.1,239,145.0,0,0.0,-4,4.0,0.2,355,118.0,26,0,2.0,336.0,147.0,0,109,1.6,207.0,85.0,0.3,5.1,0.0,90071,64,97015,16,1.6,1.6,0.5,1.37,1.87,7.54,0.07,0.2,0.27,1.12,84.6,370.0,164.0,202.7,160.0,110.0,107.0,231.0,128.0,39.6,291.0,146.0,,,,29,,Oscar,Bobb,Bobb,,,608,0,2,2,8,0,0,0,1,0,0,6,47,,,,0.0,0.3,1.18,0.89,6.96,12,7,28
664,a,,,3.9,745,72.0,0,0.0,-1,1.0,0.7,215,28.0,0,0,0.0,544.0,42.0,0,0,0.0,413.0,31.0,0.0,0.0,0.0,42326,15,53192,30,0.0,0.0,0.0,0.0,0.0,0.0,0.0,0.0,0.0,0.0,0.0,534.0,42.0,0.0,521.0,25.0,0.0,491.0,12.0,0.0,536.0,42.0,,,,29,,Benjamin,Lecomte,Lecomte,,,0,0,0,0,0,0,0,0,0,0,0,0,0,,,,0.0,0.0,0.0,0.0,0.0,0,0,0
727,a,100.0,100.0,5.3,190,118.0,0,0.0,-2,2.0,0.1,498,179.0,48,0,3.4,137.0,62.0,1,198,1.0,262.0,116.0,0.2,9.1,0.0,99358,24,92175,26,1.0,1.0,1.6,2.76,4.36,11.2,0.22,0.38,0.6,1.54,236.6,233.0,102.0,240.5,130.0,90.0,191.0,140.0,79.0,66.9,178.0,91.0,,,,29,,Samuel,Chukwueze,Chukwueze,,,653,3,4,1,15,0,0,0,0,0,0,6,55,,,,0.0,0.14,2.07,0.83,7.58,6,13,36
731,i,0.0,0.0,5.8,110,71.0,0,0.0,-2,2.0,0.1,559,205.0,43,0,1.9,358.0,155.0,0,158,0.6,316.0,145.0,0.1,7.4,0.0,34684,0,30925,30,0.0,0.0,1.12,1.4,2.52,13.01,0.11,0.14,0.25,1.3,200.8,260.0,109.0,231.6,134.0,92.0,206.0,123.0,71.0,63.6,196.0,99.0,,,,29,,Kevin,Santos Lopes de Macedo,Kevin,Foot injury - Unknown return date,,898,1,2,4,15,0,0,0,1,0,0,8,75,,,,0.0,0.4,1.5,0.8,7.52,19,16,40
737,a,,,4.5,506,74.0,0,0.0,0,0.0,0.1,476,69.0,4,0,0.8,510.0,62.0,0,11,0.0,680.0,74.0,0.0,0.9,0.0,21096,14,15943,30,0.0,0.0,0.0,0.07,0.07,0.75,0.0,0.21,0.21,2.25,1.2,496.0,59.0,11.4,415.0,56.0,8.0,415.0,58.0,2.1,467.0,57.0,,,,29,,Jonah,Kusi-Asare,Kusi-Asare,,,30,0,0,0,2,0,0,0,1,0,0,0,2,,,,0.0,0.0,6.0,0.0,6.0,0,0,2
770,a,,,4.5,501,310.0,0,0.0,0,0.0,0.0,780,338.0,0,0,0.0,748.0,316.0,0,0,0.0,676.0,271.0,0.0,0.0,0.0,592,3,336,0,0.0,0.0,0.0,0.0,0.0,0.0,0.0,0.0,0.0,0.0,0.0,747.0,315.0,0.0,741.0,315.0,0.0,728.0,311.0,0.0,747.0,315.0,,,,29,,Seth,Ridgeon,Ridgeon,,,0,0,0,0,0,0,0,0,0,0,0,0,0,,,,0.0,0.0,0.0,0.0,0.0,0,0,0
339,a,,,4.1,654,37.0,0,0.0,-4,4.0,0.3,300,39.0,0,0,0.0,636.0,86.0,0,0,0.0,516.0,77.0,0.0,0.0,0.0,13201,7,63252,15,0.0,0.0,0.0,0.0,0.0,0.0,0.0,0.0,0.0,0.0,0.0,626.0,86.0,0.0,618.0,74.0,0.0,591.0,61.0,0.0,628.0,86.0,,,,29,,Illan,Meslier,Meslier,,,0,0,0,0,0,0,0,0,0,0,0,0,0,,,,0.0,0.0,0.0,0.0,0.0,0,0,0
340,a,,,3.9,746,73.0,0,0.0,-1,1.0,0.2,413,61.0,0,0,0.0,545.0,43.0,0,0,0.0,414.0,32.0,0.0,0.0,0.0,8330,3,14821,10,0.0,0.0,0.0,0.0,0.0,0.0,0.0,0.0,0.0,0.0,0.0,535.0,43.0,0.0,522.0,26.0,0.0,492.0,13.0,0.0,537.0,43.0,,,,29,,Alex,Cairns,Cairns,,,0,0,0,0,0,0,0,0,0,0,0,0,0,,,,0.0,0.0,0.0,0.0,0.0,0,0,0
341,a,,,3.9,741,68.0,0,0.0,-1,1.0,2.5,118,16.0,30,2,2.3,296.0,26.0,0,151,2.2,144.0,12.0,0.6,7.7,0.0,242734,308,269511,131,2.2,2.2,0.0,0.04,0.04,16.39,0.0,0.0,0.0,1.26,290.8,194.0,22.0,0.0,517.0,21.0,0.0,487.0,8.0,29.3,337.0,22.0,,,,29,,Karl,Darlow,Darlow,,,1170,0,0,1,19,0,0,0,1,0,34,13,59,,,,2.62,0.08,1.46,1.0,0.0,0,18,118
342,a,100.0,100.0,4.4,529,107.0,0,0.0,-1,1.0,0.3,340,124.0,70,2,2.6,248.0,95.0,0,195,3.4,71.0,24.0,0.8,15.9,0.0,44709,53,40283,78,3.4,3.4,2.02,1.57,3.59,34.53,0.08,0.06,0.14,1.37,332.6,157.0,67.0,231.1,136.0,35.0,185.0,148.0,30.0,75.0,143.0,47.0,,,,29,,Jayden,Bogle,Bogle,,,2268,1,3,4,41,0,0,0,5,0,0,26,184,,,,0.0,0.16,1.63,1.03,5.56,51,89,113
348,d,75.0,75.0,3.9,753,216.0,0,0.0,-1,1.0,3.9,90,31.0,85,2,3.1,167.0,62.0,5,277,3.0,100.0,38.0,0.8,21.8,0.0,1121471,264,917569,509,2.2,2.2,1.2,0.28,1.48,38.8,0.05,0.01,0.06,1.48,573.0,43.0,18.0,64.9,314.0,104.0,173.0,157.0,34.0,81.3,128.0,39.0,,,,29,,Joe,Rodon,Rodon,Hamstring injury - 75% chance of playing,,2366,2,0,3,46,0,0,0,1,0,0,27,251,,,,0.0,0.11,1.75,1.03,8.48,31,192,70
349,u,0.0,0.0,4.0,693,176.0,0,0.0,0,0.0,0.1,550,199.0,0,0,0.0,601.0,221.0,0,0,0.0,475.0,183.0,0.0,0.0,0.0,788,0,15920,4,0.0,0.0,0.0,0.0,0.0,0.0,0.0,0.0,0.0,0.0,0.0,591.0,221.0,0.0,582.0,221.0,0.0,553.0,217.0,0.0,593.0,221.0,,,,29,,Isaac,Schmidt,Schmidt,has joined Werder Bremen on loan for the rest of the season.,,0,0,0,0,0,0,0,0,0,0,0,0,0,,,,0.0,0.0,0.0,0.0,0.0,0,0,0
350,a,,,5.4,168,105.0,0,0.0,-1,1.0,0.7,222,77.0,105,2,3.8,91.0,43.0,5,361,2.4,135.0,55.0,0.4,19.4,0.0,207939,159,138007,346,2.4,2.4,4.03,2.95,6.98,28.27,0.19,0.14,0.33,1.37,388.2,125.0,41.0,354.5,71.0,55.0,424.0,36.0,20.0,116.6,50.0,35.0,,,,29,,Brenden,Aaronson,Aaronson,,,1862,4,6,7,27,0,0,0,1,0,0,22,167,,,,0.0,0.34,1.31,1.06,8.07,44,23,100
351,a,100.0,100.0,5.2,214,132.0,0,0.0,-3,3.0,0.1,509,184.0,22,0,1.4,423.0,188.0,0,88,0.2,372.0,171.0,0.0,4.2,0.0,9243,2,40246,6,0.2,0.2,0.29,0.56,0.85,8.4,0.07,0.13,0.2,2.01,59.0,399.0,176.0,87.7,278.0,165.0,39.0,338.0,176.0,18.4,375.0,177.0,,,,29,,Wilfried,Gnonto,Gnonto,,,377,0,2,1,11,0,0,0,3,0,0,4,41,,,,0.0,0.24,2.63,0.95,9.79,14,10,17
352,u,0.0,0.0,5.1,230,142.0,0,0.0,-4,4.0,0.0,594,223.0,12,0,1.1,446.0,200.0,0,51,0.0,759.0,328.0,0.0,2.4,0.0,6000,0,18606,4,0.0,0.0,0.28,0.23,0.51,3.82,0.1,0.08,0.18,1.31,30.0,430.0,189.0,49.4,342.0,183.0,35.0,347.0,180.0,11.5,408.0,186.0,,,,29,,Jack,Harrison,Harrison,has joined ACF Fiorentina on loan for the rest of the season.,,262,0,0,0,5,0,0,0,0,0,0,1,24,,,,0.0,0.0,1.72,0.34,8.24,5,6,13
353,a,100.0,100.0,5.2,206,127.0,0,0.0,-3,3.0,0.1,480,167.0,17,1,1.2,440.0,197.0,0,65,0.8,284.0,127.0,0.2,3.3,0.0,8000,6,52613,8,0.8,0.8,0.71,0.59,1.3,10.43,0.16,0.13,0.29,2.36,44.6,414.0,182.0,112.9,237.0,149.0,97.0,246.0,137.0,25.6,348.0,168.0,,,,29,,Daniel,James,James,,,398,0,0,1,13,0,0,0,0,0,0,4,22,,,,0.0,0.23,2.94,0.9,4.97,4,3,15
354,a,100.0,100.0,4.9,300,188.0,0,0.0,-1,1.0,0.2,383,126.0,92,2,3.5,120.0,54.0,6,423,3.6,61.0,28.0,0.7,18.8,0.0,42708,76,31777,53,3.6,3.6,1.69,1.53,3.22,36.69,0.07,0.06,0.13,1.43,450.4,85.0,29.0,301.2,93.0,69.0,90.0,256.0,141.0,84.4,120.0,68.0,,,,29,,Ethan,Ampadu,Ampadu,,,2309,1,2,4,41,0,0,0,7,0,0,26,311,,,,0.0,0.16,1.6,1.01,12.12,62,110,139
355,u,0.0,0.0,4.9,320,199.0,0,0.0,-1,1.0,0.0,632,247.0,0,0,0.0,771.0,332.0,0,0,0.0,723.0,303.0,0.0,0.0,0.0,1234,0,10115,1,0.0,0.0,0.0,0.0,0.0,0.0,0.0,0.0,0.0,0.0,0.0,770.0,331.0,0.0,766.0,331.0,0.0,761.0,329.0,0.0,770.0,331.0,,,,29,,Sam,Greenwood,Greenwood,has joined Pogon Szczecin permanently.,,0,0,0,0,0,0,0,0,0,0,0,0,0,,,,0.0,0.0,0.0,0.0,0.0,0,0,0
356,a,,,4.7,391,244.0,0,0.0,-3,3.0,0.1,437,148.0,53,3,2.6,251.0,104.0,3,236,3.8,50.0,25.0,0.8,11.3,0.0,20618,37,11779,59,3.8,3.8,0.46,0.85,1.31,24.24,0.03,0.06,0.09,1.75,188.4,269.0,113.0,167.8,187.0,125.0,63.0,299.0,161.0,41.7,282.0,142.0,4.0,,,29,,Ilia,Gruev,Gruev,,,1245,0,4,5,23,0,0,0,3,0,0,15,107,,,,0.0,0.36,1.66,1.08,7.73,22,36,49
357,u,0.0,0.0,4.9,324,201.0,0,0.0,-1,1.0,0.0,710,295.0,0,0,0.0,773.0,334.0,0,0,0.0,726.0,305.0,0.0,0.0,0.0,203,0,4324,0,0.0,0.0,0.0,0.0,0.0,0.0,0.0,0.0,0.0,0.0,0.0,772.0,333.0,0.0,768.0,333.0,0.0,763.0,331.0,0.0,772.0,333.0,,,,29,,Largie,Ramazani,Ramazani,has joined Valencia on loan for the rest of the season.,,0,0,0,0,0,0,0,0,0,0,0,0,0,,,,0.0,0.0,0.0,0.0,0.0,0,0,0
358,a,100.0,100.0,4.8,364,227.0,0,0.0,-2,2.0,0.2,381,125.0,43,0,2.1,321.0,141.0,2,166,0.0,704.0,290.0,0.0,9.0,0.0,52311,11,61199,50,0.0,0.0,0.83,0.61,1.44,13.29,0.1,0.07,0.17,1.62,140.0,314.0,141.0,127.1,221.0,144.0,78.0,276.0,150.0,34.5,315.0,154.0,,,,29,,Tanaka,Ao,Tanaka,,,737,2,0,2,16,0,0,0,1,0,0,7,83,,,,0.0,0.24,1.95,0.85,10.14,17,20,46
359,u,0.0,0.0,4.5,459,278.0,0,0.0,0,0.0,0.0,792,347.0,0,0,0.0,718.0,293.0,0,0,0.0,639.0,241.0,0.0,0.0,0.0,0,0,968,0,0.0,0.0,0.0,0.0,0.0,0.0,0.0,0.0,0.0,0.0,0.0,713.0,288.0,0.0,709.0,290.0,0.0,693.0,283.0,0.0,714.0,289.0,,,,29,,Charlie,Crew,Crew,Has joined Doncaster Rovers on loan for the rest of the season.,,0,0,0,0,0,0,0,0,0,0,0,0,0,,,,0.0,0.0,0.0,0.0,0.0,0,0,0
360,u,0.0,0.0,4.5,439,263.0,0,0.0,0,0.0,0.0,756,322.0,0,0,0.0,707.0,282.0,0,0,0.0,626.0,229.0,0.0,0.0,0.0,0,0,2894,0,0.0,0.0,0.0,0.0,0.0,0.0,0.0,0.0,0.0,0.0,0.0,701.0,276.0,0.0,698.0,279.0,0.0,681.0,272.0,0.0,703.0,278.0,,,,29,,Joe,Gelhardt,Gelhardt,Has joined Hull City on loan for the rest of the season.,,0,0,0,0,0,0,0,0,0,0,0,0,0,,,,0.0,0.0,0.0,0.0,0.0,0,0,0
361,u,0.0,0.0,4.5,440,264.0,0,0.0,0,0.0,0.0,665,269.0,0,0,0.0,708.0,283.0,0,0,0.0,627.0,230.0,0.0,0.0,0.0,1165,0,8397,2,0.0,0.0,0.0,0.0,0.0,0.0,0.0,0.0,0.0,0.0,0.0,702.0,277.0,0.0,699.0,280.0,0.0,682.0,273.0,0.0,704.0,279.0,,,,29,,Darko,Gyabi,Gyabi,has joined Hull City permanently.,,0,0,0,0,0,0,0,0,0,0,0,0,0,,,,0.0,0.0,0.0,0.0,0.0,0,0,0
362,a,100.0,100.0,4.9,319,58.0,0,0.0,-6,6.0,0.3,296,48.0,14,1,1.1,444.0,55.0,0,34,0.4,333.0,44.0,0.1,2.9,0.0,38631,12,219782,11,0.4,0.4,0.83,0.18,1.01,5.3,0.35,0.08,0.43,2.22,10.6,457.0,55.0,36.9,362.0,45.0,96.0,247.0,45.0,13.8,394.0,47.0,,,3.0,29,,Joël,Piroe,Piroe,,,215,0,0,1,7,0,0,0,0,0,0,2,11,,,,0.0,0.42,2.93,0.84,4.6,1,1,9
363,u,0.0,0.0,4.9,289,57.0,0,0.0,-1,1.0,0.3,302,49.0,0,0,0.0,765.0,85.0,0,0,0.0,710.0,76.0,0.0,0.0,0.0,16144,0,202857,7,0.0,0.0,0.0,0.0,0.0,0.0,0.0,0.0,0.0,0.0,0.0,764.0,85.0,0.0,760.0,84.0,0.0,754.0,84.0,0.0,764.0,85.0,,,,29,,Patrick,Bamford,Bamford,has departed the club as a free agent.,,0,0,0,0,0,0,0,0,0,0,0,0,0,,,,0.0,0.0,0.0,0.0,0.0,0,0,0
364,u,0.0,0.0,5.0,278,56.0,0,0.0,0,0.0,0.0,739,90.0,0,0,0.0,792.0,88.0,0,0,0.0,752.0,81.0,0.0,0.0,0.0,0,0,2419,0,0.0,0.0,0.0,0.0,0.0,0.0,0.0,0.0,0.0,0.0,0.0,791.0,88.0,0.0,789.0,88.0,0.0,785.0,88.0,0.0,791.0,88.0,,,,29,,Mateo,Joseph Fernández-Regatillo,Mateo Joseph,Has joined RCD Mallorca on loan for the rest of the season.,,0,0,0,0,0,0,0,0,0,0,0,0,0,,,,0.0,0.0,0.0,0.0,0.0,0,0,0
365,a,100.0,100.0,5.0,248,53.0,0,0.0,0,0.0,0.6,238,34.0,63,1,2.7,235.0,23.0,8,220,2.8,110.0,13.0,0.6,12.6,0.0,209061,107,215200,162,2.8,2.8,6.19,0.9,7.09,16.13,0.74,0.11,0.85,1.93,252.2,220.0,18.0,80.5,294.0,31.0,331.0,67.0,25.0,66.4,183.0,24.0,,,2.0,29,,Lukas,Nmecha,Nmecha,,,753,6,1,2,18,0,0,1,0,0,0,7,38,,,,0.0,0.24,2.15,0.84,4.54,6,12,20
493,a,100.0,100.0,4.8,353,221.0,0,0.0,-2,2.0,0.2,357,119.0,44,0,2.6,252.0,105.0,4,234,0.4,332.0,149.0,0.1,9.2,0.0,177338,3,180993,15,0.4,0.4,0.83,1.48,2.31,13.95,0.08,0.14,0.22,1.33,240.2,230.0,99.0,357.3,69.0,53.0,71.0,288.0,155.0,66.8,180.0,93.0,2.0,2.0,,29,,Sean,Longstaff,Longstaff,,,943,1,2,1,19,0,0,0,2,0,0,10,100,,,,0.0,0.1,1.81,0.95,9.54,37,25,38
660,a,100.0,100.0,4.7,390,243.0,0,0.0,-3,3.0,2.5,121,40.0,114,4,4.8,18.0,10.0,11,466,3.4,72.0,32.0,0.7,24.3,0.0,1068995,1273,814442,338,3.4,3.4,2.39,3.97,6.36,29.1,0.11,0.18,0.29,1.34,546.2,50.0,13.0,765.0,4.0,4.0,268.0,91.0,58.0,158.2,20.0,16.0,1.0,1.0,,29,,Anton,Stach,Stach,,,1955,4,6,4,34,0,0,0,3,0,0,23,224,,,,0.0,0.18,1.57,1.06,10.31,54,66,104
665,a,100.0,100.0,4.5,417,22.0,0,0.0,0,0.0,0.2,349,49.0,43,0,2.7,231.0,23.0,3,153,0.0,609.0,89.0,0.0,9.6,0.0,42588,7,62181,45,0.0,0.0,0.0,0.0,0.0,26.68,0.0,0.0,0.0,1.67,322.4,173.0,20.0,0.0,682.0,85.0,0.0,663.0,75.0,32.2,325.0,20.0,,,,29,,Lucas Estella,Perri,Perri,,,1440,0,0,3,29,0,0,0,2,0,38,16,39,,,,2.38,0.19,1.81,1.0,0.0,0,16,100
691,a,100.0,100.0,5.7,113,32.0,0,0.0,2,-2.0,9.4,38,6.0,108,2,4.2,51.0,6.0,16,345,2.6,122.0,16.0,0.5,18.9,0.0,2865108,1561,1709293,4092,2.6,2.6,10.27,0.98,11.24,24.63,0.48,0.05,0.53,1.15,428.4,97.0,6.0,247.5,122.0,8.0,717.0,6.0,5.0,138.2,28.0,6.0,,,1.0,29,,Dominic,Calvert-Lewin,Calvert-Lewin,,,1933,10,2,4,28,0,0,0,1,0,0,21,65,,,,0.0,0.19,1.3,0.98,3.03,10,25,30
698,i,0.0,0.0,5.5,145,90.0,0,0.0,0,0.0,0.1,495,177.0,67,0,2.9,205.0,85.0,3,228,2.6,121.0,50.0,0.5,12.2,0.0,62662,0,57102,43,0.0,0.0,4.2,0.98,5.18,22.4,0.3,0.07,0.37,1.59,254.6,218.0,95.0,199.8,163.0,112.0,322.0,68.0,39.0,77.7,138.0,75.0,,,,29,,Noah,Okafor,Okafor,Hamstring injury - Expected back 14 Mar,,1266,4,2,4,24,0,0,0,3,0,0,15,87,,,,0.0,0.28,1.71,1.07,6.18,20,21,46
706,d,75.0,75.0,3.9,755,217.0,0,0.0,-1,1.0,1.0,192,72.0,49,2,2.5,262.0,100.0,6,168,2.6,117.0,45.0,0.7,12.6,0.0,164943,46,58716,396,2.0,2.0,0.92,0.8,1.72,21.04,0.08,0.07,0.15,1.75,263.2,213.0,84.0,110.2,242.0,68.0,123.0,219.0,55.0,49.8,251.0,82.0,3.0,,,29,,James,Justin,Justin,Gashed Leg - 75% chance of playing,,1083,1,1,2,18,0,0,0,2,0,0,12,106,,,,0.0,0.17,1.5,1.0,8.23,26,73,41
741,u,0.0,0.0,4.5,490,70.0,0,0.0,0,0.0,0.1,505,70.0,0,0,0.0,740.0,80.0,0,0,0.0,667.0,70.0,0.0,0.0,0.0,27606,0,24032,10,0.0,0.0,0.0,0.0,0.0,0.0,0.0,0.0,0.0,0.0,0.0,738.0,80.0,0.0,732.0,79.0,0.0,719.0,79.0,0.0,738.0,80.0,,,,29,,Harry,Gray,Gray,has joined Rotherham United on loan for the rest of the season.,,0,0,0,0,0,0,0,0,0,0,0,0,0,,,,0.0,0.0,0.0,0.0,0.0,0,0,0
787,a,,,4.4,561,335.0,0,0.0,-1,1.0,0.0,736,310.0,0,0,0.0,682.0,266.0,0,0,0.0,593.0,209.0,0.0,0.0,0.0,1926,6,899,5,0.0,0.0,0.0,0.0,0.0,0.0,0.0,0.0,0.0,0.0,0.0,674.0,258.0,0.0,669.0,262.0,0.0,649.0,253.0,0.0,676.0,260.0,,,,29,,Sam,Chambers,Chambers,,,0,0,0,0,0,0,0,0,0,0,0,0,0,,,,0.0,0.0,0.0,0.0,0.0,0,0,0
366,a,100.0,100.0,5.4,156,4.0,0,0.0,-1,1.0,6.4,59,9.0,85,1,3.5,123.0,15.0,8,359,3.6,64.0,8.0,0.7,15.7,0.0,655600,527,1303388,997,4.1,4.6,0.0,0.03,0.03,26.84,0.0,0.0,0.0,1.12,428.8,96.0,16.0,0.1,489.0,16.0,0.0,794.0,92.0,42.8,274.0,17.0,,,,29,,Alisson,Becker,A.Becker,,,2160,0,0,8,29,0,0,0,1,0,50,24,63,,,,2.08,0.33,1.21,1.0,0.0,0,35,211
367,a,,,4.1,655,38.0,0,0.0,-4,4.0,0.5,252,33.0,19,0,3.8,82.0,9.0,0,70,0.0,517.0,78.0,0.0,4.6,0.0,152765,10,167555,51,0.5,1.0,0.0,0.0,0.0,7.1,0.0,0.0,0.0,1.42,140.0,313.0,24.0,0.0,619.0,75.0,0.0,592.0,62.0,13.9,393.0,24.0,,,,29,,Giorgi,Mamardashvili,Mamardashvili,,,450,0,0,1,10,0,1,0,0,0,17,5,45,,,,3.4,0.2,2.0,1.0,0.0,0,7,43
368,a,,,3.8,813,94.0,0,0.0,-2,2.0,0.9,201,25.0,0,0,0.0,536.0,36.0,0,0,0.0,405.0,25.0,0.0,0.0,0.0,143423,283,53945,186,0.5,1.0,0.0,0.0,0.0,0.0,0.0,0.0,0.0,0.0,0.0,526.0,36.0,0.0,512.0,18.0,0.0,482.0,5.0,0.0,528.0,36.0,,,,29,,Ármin,Pécsi,Pécsi,,,0,0,0,0,0,0,0,0,0,0,0,0,0,,,,0.0,0.0,0.0,0.0,0.0,0,0,0
369,a,,,3.9,749,75.0,0,0.0,-1,1.0,0.2,394,56.0,0,0,0.0,547.0,45.0,0,0,0.0,417.0,34.0,0.0,0.0,0.0,22344,4,17382,9,0.5,1.0,0.0,0.0,0.0,0.0,0.0,0.0,0.0,0.0,0.0,537.0,45.0,0.0,524.0,28.0,0.0,494.0,15.0,0.0,539.0,45.0,,,,29,,Freddie,Woodman,Woodman,,,0,0,0,0,0,0,0,0,0,0,0,0,0,,,,0.0,0.0,0.0,0.0,0.0,0,0,0
370,a,100.0,100.0,5.7,116,10.0,0,0.0,-3,3.0,4.7,76,24.0,45,7,3.5,125.0,44.0,1,181,2.2,158.0,59.0,0.4,7.9,0.0,608323,581,3356039,101,2.7,3.2,0.43,1.17,1.6,6.12,0.06,0.17,0.23,0.89,92.0,367.0,139.0,155.7,194.0,49.0,113.0,227.0,58.0,36.1,301.0,100.0,,,,29,,Jeremie,Frimpong,Frimpong,,,622,0,5,3,7,0,0,0,0,0,0,7,23,,,,0.0,0.43,1.01,1.01,2.75,6,13,33
371,a,,,5.6,134,15.0,0,0.0,-4,4.0,3.0,107,42.0,73,7,2.7,238.0,92.0,5,320,3.0,107.0,42.0,0.5,13.0,0.0,348822,303,800329,205,3.5,4.0,0.95,0.64,1.59,25.01,0.04,0.03,0.07,1.15,371.8,136.0,60.0,379.4,62.0,11.0,118.0,224.0,57.0,87.2,111.0,32.0,,,,29,,Milos,Kerkez,Kerkez,,,1951,1,1,6,29,0,0,0,4,0,0,24,147,,,,0.0,0.28,1.34,1.11,5.58,40,81,76
372,a,,,5.7,112,9.0,0,0.0,-3,3.0,1.0,191,71.0,34,0,2.0,339.0,124.0,4,142,1.8,191.0,73.0,0.3,6.0,0.0,58022,23,134314,82,2.3,2.8,0.22,1.01,1.22,8.83,0.03,0.14,0.17,1.2,142.8,311.0,120.0,236.1,131.0,33.0,61.0,307.0,91.0,44.2,268.0,88.0,,,,29,,Andrew,Robertson,Robertson,,,660,0,0,3,10,0,0,0,0,0,0,5,44,,,,0.0,0.41,1.36,0.68,4.64,10,24,29
373,a,,,6.1,80,3.0,0,0.0,1,-1.0,32.2,11,3.0,130,1,4.5,35.0,14.0,9,460,7.2,2.0,2.0,1.2,21.3,0.0,4219123,6625,3401441,2109,7.7,8.2,2.67,0.94,3.61,33.94,0.09,0.03,0.12,1.17,861.0,4.0,2.0,175.4,181.0,45.0,364.0,55.0,1.0,139.9,26.0,1.0,,,,29,,Virgil,van Dijk,Virgil,,,2610,3,1,9,39,0,0,0,4,0,0,29,296,,,,0.0,0.31,1.34,1.0,9.34,18,253,65
374,a,100.0,100.0,5.5,140,17.0,0,0.0,0,0.0,4.3,84,28.0,111,2,4.0,64.0,26.0,8,438,3.8,54.0,17.0,0.7,20.2,0.0,793844,585,688912,1044,4.3,4.8,1.05,0.9,1.95,28.89,0.04,0.03,0.07,1.08,637.8,25.0,10.0,138.9,208.0,52.0,96.0,249.0,67.0,87.5,110.0,31.0,,,,29,,Ibrahima,Konaté,Konaté,,,2404,1,0,9,32,0,0,0,5,0,0,28,267,,,,0.0,0.34,1.2,1.05,9.06,45,197,93
375,i,0.0,0.0,4.9,337,55.0,0,0.0,-1,1.0,0.1,415,151.0,42,0,2.8,219.0,89.0,2,157,0.0,734.0,253.0,0.0,8.6,0.0,62652,1,71773,12,0.0,0.0,0.18,0.84,1.02,10.77,0.02,0.08,0.1,1.04,157.4,299.0,114.0,105.2,250.0,71.0,62.0,302.0,89.0,32.3,324.0,109.0,,,,29,,Conor,Bradley,Bradley,Knee injury - Expected back 01 Jun,,928,0,2,4,13,0,0,0,5,0,0,12,82,,,,0.0,0.39,1.26,1.16,6.3,19,46,43
376,a,100.0,100.0,4.9,297,45.0,0,0.0,-1,1.0,0.1,417,152.0,28,0,1.9,349.0,131.0,2,75,0.6,308.0,108.0,0.1,5.7,0.0,23758,14,29305,28,1.1,1.6,0.23,0.6,0.83,6.39,0.05,0.13,0.18,1.43,98.8,357.0,136.0,70.1,306.0,101.0,26.0,365.0,124.0,19.5,370.0,129.0,,,,29,,Joe,Gomez,Gomez,,,401,0,2,2,11,0,0,0,2,0,0,5,33,,,,0.0,0.45,2.47,1.12,7.18,5,27,14
377,u,0.0,0.0,4.8,358,59.0,0,0.0,-2,2.0,0.0,591,212.0,0,0,0.0,762.0,261.0,0,0,0.0,699.0,247.0,0.0,0.0,0.0,1669,0,12259,0,0.0,0.0,0.0,0.0,0.0,0.0,0.0,0.0,0.0,0.0,0.0,761.0,261.0,0.0,756.0,261.0,0.0,748.0,261.0,0.0,761.0,261.0,,,,29,,Konstantinos,Tsimikas,Tsimikas,has joined AS Roma on loan for the rest of the season.,,0,0,0,0,0,0,0,0,0,0,0,0,0,,,,0.0,0.0,0.0,0.0,0.0,0,0,0
378,a,100.0,100.0,3.7,820,266.0,0,0.0,-3,3.0,1.1,185,69.0,0,0,0.0,520.0,183.0,0,0,0.0,382.0,135.0,0.0,0.0,0.0,226102,69,114609,284,0.5,1.0,0.0,0.0,0.0,0.0,0.0,0.0,0.0,0.0,0.0,509.0,182.0,0.0,492.0,179.0,0.0,461.0,173.0,0.0,511.0,182.0,,,,29,,Amara,Nallo,Nallo,,,0,0,0,0,0,0,0,0,0,0,0,0,0,,,,0.0,0.0,0.0,0.0,0.0,0,0,0
379,a,,,3.7,816,262.0,0,0.0,-3,3.0,0.6,239,91.0,0,0,0.0,518.0,181.0,0,0,0.0,380.0,133.0,0.0,0.0,0.0,93503,123,51050,164,0.5,1.0,0.0,0.0,0.0,0.0,0.0,0.0,0.0,0.0,0.0,507.0,180.0,0.0,490.0,177.0,0.0,459.0,171.0,0.0,509.0,180.0,,,,29,,Rhys,Williams,R.Williams,,,0,0,0,0,0,0,0,0,0,0,0,0,0,,,,0.0,0.0,0.0,0.0,0.0,0,0,0
380,a,,,3.8,799,246.0,0,0.0,-2,2.0,0.2,354,130.0,0,0,0.0,527.0,189.0,0,0,0.0,393.0,145.0,0.0,0.0,0.0,27702,5,31671,16,0.5,1.0,0.0,0.0,0.0,0.0,0.0,0.0,0.0,0.0,0.0,517.0,189.0,0.0,501.0,187.0,0.0,470.0,181.0,0.0,519.0,189.0,,,,29,,Calvin,Ramsay,Ramsay,,,0,0,0,0,0,0,0,0,0,0,0,0,0,,,,0.0,0.0,0.0,0.0,0.0,0,0,0
381,a,100.0,100.0,14.0,2,1.0,0,0.0,-5,5.0,14.4,22,9.0,96,9,4.6,32.0,14.0,7,305,4.4,37.0,18.0,0.3,6.9,0.0,1393019,605,5902126,518,4.9,5.4,6.65,4.39,11.04,26.01,0.33,0.22,0.55,1.31,394.2,120.0,39.0,614.5,16.0,16.0,644.0,17.0,6.0,165.3,14.0,10.0,2.0,4.0,1.0,29,,Mohamed,Salah,M.Salah,,,1792,5,6,6,31,0,0,0,1,0,0,19,82,,,,0.0,0.3,1.56,0.95,4.12,10,10,62
382,d,25.0,25.0,8.3,13,8.0,0,0.0,-2,2.0,9.4,39,13.0,100,0,4.0,74.0,35.0,16,412,1.0,269.0,119.0,0.1,12.0,0.0,2151955,82,4695145,6256,0.4,0.5,5.64,4.1,9.73,23.77,0.27,0.2,0.47,1.16,409.0,109.0,36.0,682.1,11.0,11.0,530.0,24.0,11.0,162.1,18.0,14.0,4.0,5.0,,29,,Florian,Wirtz,Wirtz,Back injury - 25% chance of playing,,1850,4,3,8,23,0,0,0,1,0,0,21,133,,,,0.0,0.39,1.12,1.02,6.47,28,19,86
383,u,0.0,0.0,8.0,16,11.0,0,0.0,0,0.0,0.0,604,231.0,0,0,0.0,819.0,367.0,0,0,0.0,816.0,367.0,0.0,0.0,0.0,0,0,7341,0,0.0,0.0,0.0,0.0,0.0,0.0,0.0,0.0,0.0,0.0,0.0,819.0,367.0,0.0,819.0,367.0,0.0,819.0,367.0,0.0,819.0,367.0,,,,29,,Luis,Díaz Marulanda,Luis Díaz,Has joined Bayern Munch permanently.,,0,0,0,0,0,0,0,0,0,0,0,0,0,,,,0.0,0.0,0.0,0.0,0.0,0,0,0
384,a,100.0,100.0,7.3,27,17.0,0,0.0,-2,2.0,6.0,62,21.0,101,3,3.7,106.0,50.0,5,365,3.4,80.0,36.0,0.5,13.8,0.0,3419013,716,3748287,792,3.9,4.4,6.24,4.21,10.45,21.77,0.28,0.19,0.47,0.99,422.6,101.0,32.0,574.6,17.0,17.0,629.0,18.0,7.0,162.5,17.0,13.0,3.0,,3.0,29,,Cody,Gakpo,Gakpo,,,1972,6,3,8,27,0,0,0,2,0,0,23,117,,,,0.0,0.37,1.23,1.05,5.34,21,29,67
385,a,100.0,100.0,6.3,67,45.0,0,0.0,-2,2.0,0.3,331,111.0,33,1,1.6,400.0,175.0,0,122,0.8,294.0,133.0,0.1,5.2,0.0,56421,8,68846,20,1.3,1.8,1.29,0.51,1.8,5.17,0.44,0.17,0.61,1.77,117.8,335.0,150.0,35.6,365.0,188.0,138.0,200.0,112.0,29.1,339.0,164.0,,,,29,,Federico,Chiesa,Chiesa,,,263,2,1,0,7,0,0,0,2,0,0,1,27,,,,0.0,0.0,2.4,0.34,9.24,8,13,6
386,a,100.0,100.0,6.2,73,48.0,0,0.0,-3,3.0,2.1,133,44.0,76,2,2.7,243.0,102.0,5,364,5.8,6.0,3.0,0.9,12.3,0.0,289968,1386,280383,498,6.3,6.8,3.15,1.25,4.4,24.69,0.14,0.06,0.2,1.11,367.4,139.0,46.0,383.2,58.0,49.0,273.0,89.0,56.0,102.4,79.0,49.0,,,4.0,29,,Alexis,Mac Allister,Mac Allister,,,1996,2,2,7,28,0,0,0,4,0,0,24,172,,,,0.0,0.32,1.26,1.08,7.76,43,49,80
387,a,100.0,100.0,6.9,39,23.0,0,0.0,4,-4.0,11.3,29,10.0,109,5,4.0,72.0,33.0,15,563,4.0,48.0,24.0,0.6,15.8,0.0,2515318,4981,1462037,1404,4.5,5.0,3.62,4.6,8.22,31.94,0.13,0.17,0.3,1.19,621.2,29.0,6.0,954.5,2.0,2.0,297.0,80.0,49.0,187.2,7.0,5.0,1.0,2.0,2.0,29,,Dominik,Szoboszlai,Szoboszlai,,,2422,4,3,8,38,0,0,1,6,1,0,27,251,,,,0.0,0.3,1.41,1.0,9.33,42,69,140
388,a,100.0,100.0,5.4,164,102.0,0,0.0,-1,1.0,0.1,459,156.0,47,1,1.9,356.0,153.0,1,275,1.2,242.0,102.0,0.2,8.7,0.0,28935,11,34017,20,1.7,2.2,1.42,2.29,3.71,19.19,0.1,0.17,0.27,1.4,228.6,237.0,104.0,327.2,76.0,57.0,160.0,170.0,94.0,71.4,154.0,82.0,,,,29,,Curtis,Jones,C.Jones,,,1234,0,2,3,23,0,0,0,1,0,0,11,136,,,,0.0,0.22,1.68,0.8,9.92,25,23,88
390,a,100.0,100.0,5.5,146,91.0,0,0.0,0,0.0,5.4,67,23.0,119,0,4.4,40.0,19.0,13,537,3.6,65.0,29.0,0.7,21.6,0.0,2035026,1016,1475615,2669,4.1,4.6,1.39,1.9,3.29,28.31,0.05,0.07,0.12,1.09,559.6,47.0,12.0,412.4,45.0,40.0,151.0,182.0,100.0,112.0,59.0,38.0,,,,29,,Ryan,Gravenberch,Gravenberch,,,2338,4,5,9,31,0,0,0,5,0,0,27,246,,,,0.0,0.35,1.19,1.04,9.47,45,90,111
392,i,0.0,0.0,4.9,294,184.0,0,0.0,-1,1.0,0.1,506,182.0,12,0,1.5,413.0,183.0,0,49,0.6,307.0,140.0,0.1,2.4,0.0,7362,0,15149,5,0.0,0.0,0.04,0.05,0.09,4.11,0.02,0.03,0.05,2.18,56.0,405.0,179.0,18.1,397.0,197.0,6.0,425.0,206.0,8.0,427.0,193.0,,,,29,,Endo,Wataru,Endo,Foot injury - Unknown return date,,170,0,1,1,5,0,0,0,1,0,0,1,23,,,,0.0,0.53,2.65,0.53,12.18,7,13,3
393,i,0.0,0.0,4.2,642,367.0,-1,1.0,-3,3.0,0.0,634,249.0,0,0,0.0,641.0,242.0,0,0,0.0,529.0,176.0,0.0,0.0,0.0,6823,7,10132,1,0.0,0.0,0.0,0.0,0.0,0.0,0.0,0.0,0.0,0.0,0.0,632.0,232.0,0.0,626.0,237.0,0.0,601.0,225.0,0.0,634.0,234.0,,,,29,,Stefan,Bajčetić Maquieira,Bajcetic,Hamstring injury - Unknown return date,,0,0,0,0,0,0,0,0,0,0,0,0,0,,,,0.0,0.0,0.0,0.0,0.0,0,0,0
394,u,0.0,0.0,4.4,548,326.0,0,0.0,-1,1.0,0.0,679,275.0,0,0,0.0,673.0,260.0,0,0,0.0,582.0,201.0,0.0,0.0,0.0,1737,0,4096,0,0.0,0.0,0.0,0.0,0.0,0.0,0.0,0.0,0.0,0.0,0.0,664.0,251.0,0.0,660.0,256.0,0.0,638.0,245.0,0.0,666.0,253.0,,,,29,,James,McConnell,McConnell,has joined Ajax on loan for the rest of the season.,,0,0,0,0,0,0,0,0,0,0,0,0,0,,,,0.0,0.0,0.0,0.0,0.0,0,0,0
395,u,0.0,0.0,4.5,430,257.0,0,0.0,0,0.0,0.0,805,358.0,0,0,0.0,700.0,276.0,0,0,0.0,619.0,223.0,0.0,0.0,0.0,0,0,359,0,0.0,0.0,0.0,0.0,0.0,0.0,0.0,0.0,0.0,0.0,0.0,694.0,270.0,0.0,690.0,273.0,0.0,673.0,266.0,0.0,696.0,272.0,,,,29,,Tyler,Morton,Morton,Has joined Lyon permanently.,,0,0,0,0,0,0,0,0,0,0,0,0,0,,,,0.0,0.0,0.0,0.0,0.0,0,0,0
396,a,,,4.3,614,359.0,0,0.0,-2,2.0,0.3,310,105.0,3,0,1.0,466.0,203.0,0,3,0.2,358.0,161.0,0.0,0.7,0.0,97829,6,83175,25,0.7,1.2,0.37,0.0,0.37,0.0,5.55,0.0,5.55,0.0,2.2,487.0,224.0,10.3,418.0,206.0,4.0,431.0,211.0,1.5,473.0,215.0,,,,29,,Trey,Nyoni,Nyoni,,,6,0,0,0,0,0,0,0,0,0,0,0,2,,,,0.0,0.0,0.0,0.0,30.0,0,0,2
397,u,0.0,0.0,6.5,51,18.0,0,0.0,0,0.0,0.1,552,77.0,0,0,0.0,815.0,91.0,0,0,0.0,808.0,88.0,0.0,0.0,0.0,0,0,15954,1,0.0,0.0,0.0,0.0,0.0,0.0,0.0,0.0,0.0,0.0,0.0,815.0,91.0,0.0,815.0,91.0,0.0,815.0,91.0,0.0,815.0,91.0,,,,29,,Darwin,Núñez Ribeiro,Darwin,Has joined Al-Hilal permanently.,,0,0,0,0,0,0,0,0,0,0,0,0,0,,,,0.0,0.0,0.0,0.0,0.0,0,0,0
398,i,0.0,0.0,4.3,602,85.0,0,0.0,-2,2.0,0.1,473,68.0,0,0,0.0,652.0,66.0,0,0,0.0,552.0,55.0,0.0,0.0,0.0,9037,3,19687,8,0.0,0.0,0.0,0.0,0.0,0.0,0.0,0.0,0.0,0.0,0.0,642.0,66.0,0.0,637.0,65.0,0.0,614.0,65.0,0.0,644.0,66.0,,,,29,,Jayden,Danns,Danns,Hamstring injury - Unknown return date,,0,0,0,0,0,0,0,0,0,0,0,0,0,,,,0.0,0.0,0.0,0.0,0.0,0,0,0
499,i,0.0,0.0,10.3,4,2.0,0,0.0,-2,2.0,3.5,94,17.0,29,0,2.9,209.0,20.0,2,96,0.0,818.0,92.0,0.0,2.8,0.0,1797293,6,2414875,103,0.0,0.0,2.04,0.07,2.11,5.1,0.37,0.01,0.38,0.92,97.6,359.0,37.0,36.5,363.0,46.0,143.0,194.0,41.0,26.9,346.0,41.0,,,,29,,Alexander,Isak,Isak,Ankle injury - Expected back 11 Apr,,501,2,1,1,7,0,0,0,0,0,0,6,23,,,,0.0,0.18,1.26,1.08,4.13,6,6,11
661,a,100.0,100.0,9.1,7,3.0,0,0.0,6,-6.0,34.0,9,4.0,123,2,4.7,25.0,5.0,22,425,4.6,29.0,4.0,0.5,13.5,0.0,8665650,8229,6676485,3149,5.1,5.6,9.58,2.41,11.99,25.53,0.49,0.12,0.61,1.3,521.4,62.0,5.0,293.6,96.0,4.0,730.0,5.0,4.0,153.5,24.0,5.0,,,,29,,Hugo,Ekitiké,Ekitiké,,,1764,11,4,7,24,0,0,0,0,0,0,20,82,,,,0.0,0.36,1.22,1.02,4.18,11,31,40
686,a,,,4.3,619,363.0,0,0.0,-2,2.0,0.8,206,73.0,16,1,1.5,405.0,177.0,0,82,0.6,302.0,137.0,0.1,3.7,0.0,254464,194,182748,185,1.1,1.6,0.57,1.05,1.62,3.67,0.4,0.74,1.14,2.58,78.2,380.0,168.0,110.4,241.0,150.0,81.0,270.0,147.0,27.1,344.0,166.0,,,,29,,Rio,Ngumoha,Ngumoha,,,128,1,0,0,5,0,0,0,0,0,0,0,8,,,,0.0,0.0,3.52,0.0,5.62,2,1,5
692,i,0.0,0.0,4.9,349,57.0,0,0.0,-1,1.0,0.0,715,249.0,0,0,0.0,783.0,262.0,0,0,0.0,740.0,254.0,0.0,0.0,0.0,1878,1,2530,0,0.0,0.0,0.0,0.0,0.0,0.0,0.0,0.0,0.0,0.0,0.0,782.0,262.0,0.0,778.0,262.0,0.0,774.0,262.0,0.0,782.0,262.0,,,,29,,Giovanni,Leoni,Leoni,Knee injury - Expected back 01 Sep,,0,0,0,0,0,0,0,0,0,0,0,0,0,,,,0.0,0.0,0.0,0.0,0.0,0,0,0
746,a,,,4.5,488,300.0,0,0.0,0,0.0,0.0,744,315.0,0,0,0.0,739.0,309.0,0,0,0.0,666.0,263.0,0.0,0.0,0.0,1018,2,825,0,0.5,1.0,0.0,0.0,0.0,0.0,0.0,0.0,0.0,0.0,0.0,737.0,307.0,0.0,731.0,307.0,0.0,718.0,303.0,0.0,737.0,307.0,,,,29,,Kieran,Morrison,Morrison,,,0,0,0,0,0,0,0,0,0,0,0,0,0,,,,0.0,0.0,0.0,0.0,0.0,0,0,0
760,a,,,4.0,709,186.0,0,0.0,0,0.0,0.0,695,241.0,0,0,0.0,612.0,227.0,0,0,0.0,488.0,191.0,0.0,0.0,0.0,1045,2,889,3,0.5,1.0,0.0,0.0,0.0,0.0,0.0,0.0,0.0,0.0,0.0,602.0,227.0,0.0,594.0,227.0,0.0,565.0,223.0,0.0,604.0,227.0,,,,29,,Wellity,Lucky,Lucky,,,0,0,0,0,0,0,0,0,0,0,0,0,0,,,,0.0,0.0,0.0,0.0,0.0,0,0,0
82,a,100.0,100.0,8.2,14,9.0,0,0.0,12,-12.0,56.4,2,1.0,165,0,6.1,5.0,2.0,17,534,5.6,9.0,5.0,0.7,20.1,0.0,11753507,6912,6102345,625,6.1,6.1,9.58,2.29,11.87,39.14,0.36,0.08,0.44,1.45,754.0,7.0,2.0,471.9,33.0,31.0,822.0,3.0,1.0,205.0,3.0,2.0,,,,29,,Antoine,Semenyo,Semenyo,,,2426,14,6,8,44,0,0,1,6,0,0,27,198,,,,0.0,0.3,1.63,1.0,7.35,39,38,121
182,a,,,4.5,428,23.0,0,0.0,-5,5.0,0.9,200,24.0,11,0,3.7,97.0,10.0,0,62,0.0,617.0,90.0,0.0,2.4,0.0,99855,4,272756,24,0.5,0.5,0.0,0.0,0.0,3.97,0.0,0.0,0.0,1.32,100.2,354.0,26.0,0.0,688.0,86.0,0.0,671.0,76.0,10.1,414.0,27.0,,,,29,,James,Trafford,Trafford,,,270,0,0,1,4,0,0,0,0,0,11,3,41,,,,3.67,0.33,1.33,1.0,0.0,2,6,33
260,a,100.0,100.0,5.2,208,28.0,0,0.0,7,-7.0,37.5,6,2.0,132,0,5.1,12.0,3.0,9,502,3.6,63.0,21.0,0.7,25.4,0.0,6056490,3062,3048780,1523,4.1,4.1,2.86,2.05,4.91,34.02,0.11,0.08,0.19,1.31,656.8,19.0,7.0,193.5,169.0,40.0,314.0,72.0,5.0,116.5,52.0,7.0,,,,29,,Marc,Guéhi,Guéhi,,,2340,2,4,10,27,0,0,0,5,0,0,26,250,,,,0.0,0.38,1.04,1.0,8.27,37,178,107
399,u,0.0,0.0,5.3,184,5.0,0,0.0,-2,2.0,0.8,204,26.0,0,0,0.0,797.0,94.0,0,0,0.0,770.0,94.0,0.0,0.0,0.0,15200,0,273092,7,0.0,0.0,0.0,0.0,0.0,0.0,0.0,0.0,0.0,0.0,0.0,796.0,94.0,0.0,795.0,93.0,0.0,792.0,91.0,0.0,796.0,94.0,,,,29,,Ederson,Santana de Moraes,Ederson M.,has joined Fenerbache permanently.,,0,0,0,0,0,0,0,0,0,0,0,0,0,,,,0.0,0.0,0.0,0.0,0.0,0,0,0
401,a,100.0,100.0,3.8,788,93.0,0,0.0,-2,2.0,0.4,277,35.0,0,0,0.0,522.0,35.0,0,0,0.0,386.0,24.0,0.0,0.0,0.0,58841,124,35387,115,0.5,0.5,0.0,0.0,0.0,0.0,0.0,0.0,0.0,0.0,0.0,512.0,35.0,0.0,495.0,17.0,0.0,464.0,4.0,0.0,514.0,35.0,,,,29,,Marcus,Bettinelli,Bettinelli,,,0,0,0,0,0,0,0,0,0,0,0,0,0,,,,0.0,0.0,0.0,0.0,0.0,0,0,0
402,a,100.0,100.0,5.7,117,11.0,0,0.0,-3,3.0,4.4,83,27.0,39,0,3.5,126.0,45.0,7,146,4.8,22.0,8.0,0.8,6.8,0.0,608266,1151,2400393,138,5.3,5.3,0.36,1.24,1.6,8.44,0.05,0.17,0.22,1.18,122.0,329.0,127.0,87.7,279.0,87.0,46.0,329.0,108.0,25.5,349.0,118.0,,,,29,,Rayan,Aït-Nouri,Aït-Nouri,,,643,0,1,3,5,0,0,0,2,0,0,8,59,,,,0.0,0.42,0.7,1.12,7.14,24,27,27
403,i,0.0,0.0,5.9,102,7.0,0,0.0,-1,1.0,3.3,103,38.0,77,0,4.8,19.0,5.0,5,291,0.0,799.0,264.0,0.0,13.1,0.0,1374273,6,2182052,212,0.0,0.0,2.19,0.64,2.83,15.29,0.15,0.04,0.19,1.06,354.6,144.0,62.0,104.7,252.0,73.0,193.0,137.0,27.0,65.3,189.0,61.0,,,,29,,Joško,Gvardiol,Gvardiol,Leg injury - Unknown return date,,1301,2,2,6,13,0,0,0,2,0,0,15,115,,,,0.0,0.42,0.9,1.04,6.85,17,82,48
404,u,0.0,0.0,5.4,165,19.0,0,0.0,-1,1.0,0.3,338,123.0,0,0,0.0,800.0,265.0,0,0,0.0,779.0,262.0,0.0,0.0,0.0,9281,0,85475,4,0.0,0.0,0.0,0.0,0.0,0.0,0.0,0.0,0.0,0.0,0.0,799.0,265.0,0.0,798.0,265.0,0.0,796.0,265.0,0.0,799.0,265.0,,,,29,,Manuel,Akanji,Akanji,has joined Inter Milan on loan for the rest of the season.,,0,0,0,0,0,0,0,0,0,0,0,0,0,,,,0.0,0.0,0.0,0.0,0.0,0,0,0
405,a,,,5.2,205,27.0,0,0.0,-3,3.0,0.6,236,90.0,27,0,1.9,351.0,133.0,1,114,0.4,337.0,119.0,0.1,5.2,0.0,44907,21,85918,24,0.9,0.9,0.28,0.44,0.72,7.92,0.05,0.08,0.13,1.46,102.0,349.0,132.0,93.1,271.0,82.0,25.0,367.0,125.0,22.1,359.0,124.0,,,,29,,Nathan,Aké,Aké,,,487,0,0,2,7,0,0,0,1,0,0,4,41,,,,0.0,0.37,1.29,0.74,7.02,9,29,12
406,a,100.0,100.0,5.4,183,22.0,0,0.0,-1,1.0,0.4,292,109.0,32,0,2.5,277.0,107.0,0,157,1.6,208.0,82.0,0.3,5.9,0.0,54296,37,74592,48,2.1,2.1,0.3,0.1,0.4,11.39,0.03,0.01,0.04,1.31,152.2,302.0,115.0,34.1,368.0,130.0,4.0,438.0,162.0,19.1,372.0,130.0,,,,29,,Abdukodir,Khusanov,Khusanov,,,784,0,0,3,7,0,0,0,2,0,0,8,82,,,,0.0,0.34,0.8,0.92,8.38,21,52,39
407,a,100.0,100.0,5.4,172,21.0,0,0.0,-1,1.0,3.5,93,33.0,125,0,5.0,14.0,4.0,16,525,3.8,53.0,16.0,0.7,23.1,0.0,938331,883,574422,350,4.3,4.3,0.25,1.71,1.96,24.6,0.01,0.07,0.08,1.06,533.4,56.0,26.0,378.8,63.0,12.0,62.0,305.0,90.0,97.7,87.0,21.0,,,4.0,29,,Matheus,Nunes,Matheus N.,,,2084,1,7,9,20,0,0,0,4,0,0,23,193,,,,0.0,0.39,0.86,0.99,6.69,46,109,127
408,a,100.0,100.0,5.5,138,16.0,0,0.0,0,0.0,3.4,99,36.0,111,0,4.6,29.0,12.0,4,440,3.2,94.0,36.0,0.6,20.2,0.0,943915,271,1053212,120,3.7,3.7,0.57,0.53,1.1,23.33,0.03,0.02,0.05,1.07,527.8,59.0,28.0,120.1,227.0,59.0,96.0,248.0,66.0,74.5,145.0,48.0,,,,29,,Rúben,dos Santos Gato Alves Dias,Rúben,,,1959,2,0,12,18,0,0,0,3,0,0,22,184,,,,0.0,0.55,0.83,1.01,7.35,12,148,66
409,a,100.0,100.0,5.4,155,18.0,0,0.0,-1,1.0,0.6,245,92.0,12,0,1.7,386.0,144.0,0,45,0.0,773.0,261.0,0.0,2.2,0.0,51149,17,109799,10,0.5,0.5,0.0,0.06,0.06,5.05,0.0,0.02,0.02,1.29,76.6,383.0,146.0,19.6,394.0,143.0,2.0,457.0,170.0,9.8,415.0,149.0,,,,29,,John,Stones,Stones,,,351,0,0,1,8,0,0,0,0,0,0,4,34,,,,0.0,0.26,2.05,1.03,4.87,0,19,17
410,a,100.0,100.0,4.6,400,69.0,0,0.0,-4,4.0,1.2,175,66.0,19,0,1.9,346.0,130.0,2,75,0.0,689.0,245.0,0.0,4.1,0.0,369305,34,461589,58,0.5,0.5,0.11,1.31,1.42,5.04,0.03,0.38,0.41,1.46,67.4,391.0,149.0,97.3,262.0,78.0,43.0,333.0,109.0,20.7,366.0,127.0,,,,29,,Rico,Lewis,Lewis,,,311,0,1,1,5,0,0,0,1,0,0,3,23,,,,0.0,0.29,1.45,0.87,5.5,5,14,10
411,d,75.0,75.0,5.1,238,35.0,0,0.0,1,-1.0,9.7,34,12.0,123,0,4.6,28.0,11.0,6,433,7.6,1.0,1.0,1.5,24.1,0.0,2685923,1727,1502549,1932,6.1,6.1,3.36,1.68,5.04,26.95,0.15,0.07,0.22,1.19,509.8,65.0,29.0,321.5,79.0,18.0,333.0,64.0,4.0,116.5,51.0,6.0,,,,29,,Nico,O'Reilly,O'Reilly,Ankle injury - 75% chance of playing,,2040,4,3,11,19,0,0,0,4,0,0,22,161,,,,0.0,0.49,0.84,0.97,6.13,60,79,80
412,u,0.0,0.0,5.0,283,42.0,0,0.0,0,0.0,0.0,779,261.0,0,0,0.0,796.0,264.0,0,0,0.0,756.0,256.0,0.0,0.0,0.0,0,0,852,0,0.0,0.0,0.0,0.0,0.0,0.0,0.0,0.0,0.0,0.0,0.0,795.0,264.0,0.0,793.0,264.0,0.0,789.0,264.0,0.0,795.0,264.0,,,,29,,Vitor,de Oliveira Nunes dos Reis,Vitor Reis,Has joined Girona on loan for the rest of the season.,,0,0,0,0,0,0,0,0,0,0,0,0,0,,,,0.0,0.0,0.0,0.0,0.0,0,0,0
413,a,100.0,100.0,8.3,12,7.0,0,0.0,-2,2.0,2.6,114,37.0,37,0,2.3,302.0,132.0,4,112,2.0,178.0,77.0,0.2,4.5,0.0,272692,348,1263661,175,2.5,2.5,2.12,0.67,2.79,6.04,0.38,0.12,0.5,1.07,118.2,334.0,149.0,134.4,210.0,137.0,220.0,110.0,66.0,46.9,258.0,132.0,,4.0,2.0,29,,Omar,Marmoush,Marmoush,,,507,1,2,3,4,0,0,0,1,0,0,6,30,,,,0.0,0.53,0.71,1.07,5.33,11,6,13
414,a,100.0,100.0,8.1,15,10.0,0,0.0,1,-1.0,8.7,41,14.0,109,0,4.5,37.0,17.0,10,466,1.2,249.0,108.0,0.1,13.5,0.0,6167053,185,5455842,1516,1.7,1.7,5.29,3.59,8.88,20.99,0.28,0.19,0.47,1.1,486.6,72.0,21.0,724.6,6.0,6.0,421.0,38.0,22.0,163.0,16.0,12.0,2.0,3.0,,29,,Phil,Foden,Foden,,,1716,7,3,10,14,0,0,0,4,0,0,20,127,,,,0.0,0.52,0.73,1.05,6.66,26,21,80
415,a,100.0,100.0,6.9,40,24.0,0,0.0,-1,1.0,0.4,280,99.0,26,0,1.6,401.0,176.0,0,88,0.0,811.0,364.0,0.0,3.8,0.0,34119,22,113645,6,0.5,0.5,1.28,1.18,2.46,6.49,0.21,0.19,0.4,1.06,75.2,385.0,171.0,138.1,209.0,136.0,218.0,112.0,67.0,43.1,273.0,137.0,,,,29,,Sávio,Moreira de Oliveira,Savinho,,,553,0,2,2,5,0,0,0,2,0,0,5,46,,,,0.0,0.33,0.81,0.81,7.49,6,9,31
416,a,100.0,100.0,6.2,72,47.0,0,0.0,-3,3.0,0.6,242,84.0,70,0,2.5,281.0,121.0,1,363,2.2,159.0,67.0,0.4,11.3,0.0,93622,53,131860,74,2.7,2.7,1.24,2.83,4.07,26.59,0.05,0.12,0.17,1.15,340.6,153.0,55.0,517.5,26.0,25.0,142.0,195.0,108.0,100.1,84.0,51.0,1.0,,,29,,Bernardo,Mota Veiga de Carvalho e Silva,Bernardo,,,2078,1,4,9,21,0,0,0,8,0,0,24,186,,,,0.0,0.39,0.91,1.04,8.06,31,48,107
417,a,100.0,100.0,6.4,60,39.0,0,0.0,-1,1.0,7.7,53,19.0,94,0,4.1,55.0,26.0,12,401,1.2,246.0,105.0,0.2,14.7,0.0,2710514,787,2755591,1644,1.7,1.7,2.18,6.11,8.29,16.13,0.17,0.46,0.63,1.22,400.0,118.0,38.0,621.3,15.0,15.0,333.0,65.0,38.0,135.6,32.0,24.0,3.0,2.0,,29,,Rayan,Cherki,Cherki,,,1186,3,8,6,11,0,0,0,1,0,0,13,111,,,,0.0,0.46,0.83,0.99,8.42,22,15,74
418,a,100.0,100.0,6.4,57,36.0,0,0.0,-1,1.0,2.3,125,42.0,72,0,3.6,117.0,53.0,9,305,0.0,805.0,360.0,0.0,11.2,0.0,2121634,106,2085553,105,0.5,0.5,1.81,4.25,6.06,15.61,0.14,0.32,0.46,1.19,302.0,187.0,76.0,557.2,20.0,20.0,380.0,52.0,31.0,123.8,41.0,30.0,,,3.0,29,,Jérémy,Doku,Doku,,,1179,1,7,5,13,0,0,0,0,0,0,13,79,,,,0.0,0.38,0.99,0.99,6.03,15,10,54
420,u,0.0,0.0,6.3,63,42.0,0,0.0,-2,2.0,0.1,554,201.0,0,0,0.0,812.0,363.0,0,0,0.0,802.0,358.0,0.0,0.0,0.0,1928,0,19864,1,0.0,0.0,0.0,0.0,0.0,0.0,0.0,0.0,0.0,0.0,0.0,812.0,363.0,0.0,812.0,363.0,0.0,812.0,363.0,0.0,812.0,363.0,,,,29,,İlkay,Gündoğan,Gündoğan,has joined Galatasaray permanently.,,0,0,0,0,0,0,0,0,0,0,0,0,0,,,,0.0,0.0,0.0,0.0,0.0,0,0,0
421,a,100.0,100.0,6.3,66,44.0,0,0.0,-2,2.0,0.5,262,91.0,44,0,2.8,227.0,95.0,3,240,3.2,96.0,39.0,0.5,7.0,0.0,62176,56,100924,47,3.7,3.7,0.38,1.37,1.75,14.6,0.03,0.12,0.15,1.24,239.0,231.0,100.0,293.7,95.0,70.0,50.0,321.0,168.0,58.3,210.0,104.0,,,,29,,Rodrigo 'Rodri',Hernandez Cascante,Rodrigo,,,1063,0,0,4,10,0,0,0,2,0,0,12,150,,,,0.0,0.34,0.85,1.02,12.7,33,44,73
422,i,0.0,0.0,5.8,104,67.0,0,0.0,-2,2.0,0.0,685,280.0,1,0,1.0,504.0,236.0,0,3,0.0,792.0,350.0,0.0,0.2,0.0,2433,2,3382,1,0.0,0.0,0.0,0.0,0.0,0.0,0.0,0.0,0.0,0.0,2.6,485.0,223.0,0.8,469.0,227.0,0.0,807.0,359.0,0.3,500.0,231.0,,,,29,,Mateo,Kovačić,Kovačić,Ankle injury - Unknown return date,,4,0,0,0,0,0,0,0,0,0,0,0,0,,,,0.0,0.0,0.0,0.0,0.0,0,0,0
423,a,100.0,100.0,5.9,99,64.0,0,0.0,-1,1.0,0.1,472,163.0,55,0,2.6,260.0,111.0,1,289,0.0,797.0,355.0,0.0,9.3,0.0,27815,6,30984,8,0.5,0.5,0.56,1.0,1.56,16.77,0.04,0.07,0.11,1.1,278.6,202.0,83.0,185.6,177.0,120.0,64.0,297.0,160.0,52.8,233.0,116.0,,,,29,,Nico,González Iglesias,N.Gonzalez,,,1370,1,0,7,14,0,0,0,6,0,0,15,182,,,,0.0,0.46,0.92,0.99,11.96,36,67,79
425,u,0.0,0.0,5.4,182,113.0,0,0.0,-1,1.0,0.0,740,313.0,0,0,0.0,806.0,358.0,0,0,0.0,787.0,347.0,0.0,0.0,0.0,194,0,3231,0,0.0,0.0,0.0,0.0,0.0,0.0,0.0,0.0,0.0,0.0,0.0,805.0,357.0,0.0,804.0,357.0,0.0,802.0,356.0,0.0,805.0,357.0,,,,29,,Claudio,Echeverri,Echeverri,has joined Girona on loan for the rest of the season.,,0,0,0,0,0,0,0,0,0,0,0,0,0,,,,0.0,0.0,0.0,0.0,0.0,0,0,0
427,a,,,5.0,259,158.0,0,0.0,-5,5.0,9.7,33,11.0,85,0,3.4,135.0,61.0,6,319,0.4,335.0,151.0,0.1,17.0,0.0,3550915,110,4934912,757,0.9,0.9,3.92,2.12,6.04,17.28,0.24,0.13,0.37,1.06,329.6,163.0,60.0,318.5,82.0,61.0,387.0,48.0,30.0,102.7,78.0,48.0,4.0,,,29,,Tijjani,Reijnders,Reijnders,,,1473,5,2,7,16,0,0,0,2,0,0,17,91,,,,0.0,0.43,0.98,1.04,5.56,10,29,52
428,a,100.0,100.0,5.0,279,173.0,0,0.0,0,0.0,0.0,719,298.0,0,0,0.0,793.0,349.0,0,0,0.0,753.0,324.0,0.0,0.0,0.0,216,1,2567,0,0.5,0.5,0.0,0.0,0.0,0.0,0.0,0.0,0.0,0.0,0.0,792.0,348.0,0.0,790.0,348.0,0.0,786.0,346.0,0.0,792.0,348.0,,,,29,,Sverre,Nypan,Nypan,,,0,0,0,0,0,0,0,0,0,0,0,0,0,,,,0.0,0.0,0.0,0.0,0.0,0,0,0
429,u,0.0,0.0,4.7,378,237.0,0,0.0,-3,3.0,0.1,557,204.0,0,0,0.0,759.0,325.0,0,0,0.0,691.0,282.0,0.0,0.0,0.0,4052,0,8404,0,0.0,0.0,0.0,0.0,0.0,0.0,0.0,0.0,0.0,0.0,0.0,758.0,324.0,0.0,753.0,324.0,0.0,742.0,321.0,0.0,758.0,324.0,,,,29,,Kalvin,Phillips,Phillips,has joined Sheffield United on loan for the rest of the season.,,0,0,0,0,0,0,0,0,0,0,0,0,0,,,,0.0,0.0,0.0,0.0,0.0,0,0,0
430,d,75.0,75.0,14.7,1,1.0,0,0.0,7,-7.0,62.1,1,1.0,193,0,7.1,2.0,1.0,35,779,4.4,38.0,5.0,0.3,13.1,0.0,6845503,1690,2718413,10552,3.7,3.7,20.66,1.86,22.52,28.72,0.83,0.07,0.9,1.16,975.4,1.0,1.0,249.3,120.0,7.0,1160.0,1.0,1.0,238.6,2.0,1.0,,,1.0,29,,Erling,Haaland,Haaland,Knock - 75% chance of playing,,2233,22,7,10,24,0,0,1,1,0,0,26,80,,,,0.0,0.4,0.97,1.05,3.22,13,39,28
736,a,,,5.6,127,3.0,0,0.0,1,-1.0,9.6,35,7.0,101,0,4.0,66.0,5.0,3,439,4.0,47.0,5.0,0.7,18.0,0.0,2094007,1673,1256288,585,4.5,4.5,0.0,0.0,0.0,27.94,0.0,0.0,0.0,1.12,521.2,63.0,13.0,0.0,808.0,94.0,0.0,806.0,93.0,52.3,237.0,14.0,,,,29,,Gianluigi,Donnarumma,Donnarumma,,,2250,0,0,11,21,0,1,0,6,0,62,25,55,,,,2.48,0.44,0.84,1.0,0.0,0,35,172
739,u,0.0,0.0,4.4,568,340.0,0,0.0,-1,1.0,0.0,684,279.0,2,0,1.0,472.0,209.0,0,5,0.0,599.0,213.0,0.0,0.5,0.0,3500,0,3224,3,0.0,0.0,0.0,0.21,0.21,0.34,0.0,0.76,0.76,1.22,4.2,476.0,216.0,28.3,378.0,192.0,4.0,432.0,212.0,3.7,453.0,205.0,,,,29,,Divine,Mukasa,Mukasa,has joined Leicester City on loan for the rest of the season.,,25,0,0,0,0,0,0,0,0,0,0,0,1,,,,0.0,0.0,0.0,0.0,3.6,0,0,1
740,u,0.0,0.0,3.9,779,228.0,0,0.0,-1,1.0,0.0,618,220.0,0,0,0.0,569.0,206.0,0,0,0.0,440.0,167.0,0.0,0.0,0.0,3208,0,3848,1,0.0,0.0,0.0,0.0,0.0,0.0,0.0,0.0,0.0,0.0,0.0,559.0,206.0,0.0,547.0,206.0,0.0,517.0,201.0,0.0,561.0,206.0,,,,29,,Stephen,Mfuni,Mfuni,has joined Watford on loan for the rest of the season.,,0,0,0,0,0,0,0,0,0,0,0,0,0,,,,0.0,0.0,0.0,0.0,0.0,0,0,0
742,a,,,4.5,500,309.0,0,0.0,0,0.0,0.0,730,305.0,0,0,0.0,747.0,315.0,0,0,0.0,675.0,270.0,0.0,0.0,0.0,1526,1,1280,0,0.5,0.5,0.0,0.0,0.0,0.0,0.0,0.0,0.0,0.0,0.0,746.0,314.0,0.0,740.0,314.0,0.0,727.0,310.0,0.0,746.0,314.0,,,,29,,Ryan,McAidoo,McAidoo,,,0,0,0,0,0,0,0,0,0,0,0,0,0,,,,0.0,0.0,0.0,0.0,0.0,0,0,0
763,a,,,4.5,455,274.0,0,0.0,0,0.0,0.0,784,342.0,0,0,0.0,716.0,291.0,0,0,0.0,637.0,239.0,0.0,0.0,0.0,419,0,291,2,0.5,0.5,0.0,0.0,0.0,0.0,0.0,0.0,0.0,0.0,0.0,711.0,286.0,0.0,707.0,288.0,0.0,691.0,281.0,0.0,712.0,287.0,,,,29,,Charlie,Gray,Gray,,,0,0,0,0,0,0,0,0,0,0,0,0,0,,,,0.0,0.0,0.0,0.0,0.0,0,0,0
764,a,,,4.5,482,295.0,0,0.0,0,0.0,0.0,796,351.0,0,0,0.0,733.0,304.0,0,0,0.0,660.0,258.0,0.0,0.0,0.0,222,0,159,0,0.5,0.5,0.0,0.0,0.0,0.0,0.0,0.0,0.0,0.0,0.0,731.0,302.0,0.0,725.0,302.0,0.0,712.0,298.0,0.0,731.0,302.0,,,,29,,Reigan,Heskey,Heskey,,,0,0,0,0,0,0,0,0,0,0,0,0,0,,,,0.0,0.0,0.0,0.0,0.0,0,0,0
794,d,75.0,75.0,4.0,694,177.0,0,0.0,-5,5.0,0.0,750,257.0,5,0,2.5,265.0,103.0,0,27,0.0,476.0,184.0,0.0,1.2,0.0,5144,1,4560,5,0.4,0.4,0.26,0.06,0.32,1.54,0.17,0.04,0.21,1.03,34.0,424.0,158.0,14.8,403.0,147.0,26.0,363.0,123.0,7.5,432.0,156.0,,,,29,,Max,Alleyne,Alleyne,Knock - 75% chance of playing,,135,0,0,0,1,0,0,0,0,0,0,2,11,,,,0.0,0.0,0.67,1.33,7.33,3,8,4
119,a,100.0,100.0,8.7,9,5.0,0,0.0,7,-7.0,23.8,15,5.0,117,0,5.1,13.0,8.0,15,432,4.4,36.0,17.0,0.5,13.4,0.0,7052272,3655,5842203,2447,4.9,4.9,7.54,4.17,11.71,26.02,0.34,0.19,0.53,1.19,524.0,60.0,16.0,651.4,12.0,12.0,696.0,8.0,3.0,187.2,8.0,6.0,2.0,2.0,,29,,Bryan,Mbeumo,Mbeumo,,,1971,9,3,5,30,0,0,0,3,0,0,23,104,,,,0.0,0.23,1.37,1.05,4.75,17,14,73
431,a,,,4.7,387,18.0,0,0.0,-3,3.0,0.3,311,41.0,11,0,1.8,369.0,30.0,0,49,0.0,693.0,91.0,0.0,2.3,0.0,36926,8,62396,15,0.5,0.5,0.0,0.05,0.05,9.24,0.0,0.01,0.01,1.54,118.4,333.0,25.0,10.0,424.0,9.0,0.0,745.0,83.0,12.8,401.0,25.0,,,,29,,Altay,Bayındır,Bayindir,,,540,0,0,0,11,0,0,0,0,0,13,6,46,,,,2.17,0.0,1.83,1.0,0.0,0,7,39
432,u,0.0,0.0,4.9,302,11.0,0,0.0,-1,1.0,0.1,423,62.0,0,0,0.0,769.0,93.0,0,0,0.0,716.0,93.0,0.0,0.0,0.0,5156,0,26516,5,0.0,0.0,0.0,0.0,0.0,0.0,0.0,0.0,0.0,0.0,0.0,768.0,93.0,0.0,764.0,90.0,0.0,758.0,86.0,0.0,768.0,93.0,,,,29,,André,Onana,Onana,has joined Trabzonspor on loan for the rest of the season.,,0,0,0,0,0,0,0,0,0,0,0,0,0,,,,0.0,0.0,0.0,0.0,0.0,0,0,0
433,u,0.0,0.0,4.0,721,65.0,0,0.0,0,0.0,0.0,808,94.0,0,0,0.0,622.0,84.0,0,0,0.0,500.0,75.0,0.0,0.0,0.0,0,0,250,0,0.0,0.0,0.0,0.0,0.0,0.0,0.0,0.0,0.0,0.0,0.0,612.0,84.0,0.0,604.0,72.0,0.0,576.0,59.0,0.0,614.0,84.0,,,,29,,Elyh,Harrison,Harrison,On loan to Shrewsbury Town,,0,0,0,0,0,0,0,0,0,0,0,0,0,,,,0.0,0.0,0.0,0.0,0.0,0,0,0
434,a,,,3.9,739,66.0,0,0.0,-1,1.0,0.2,346,48.0,0,0,0.0,539.0,37.0,0,0,0.0,408.0,26.0,0.0,0.0,0.0,15626,4,24537,9,0.5,0.5,0.0,0.0,0.0,0.0,0.0,0.0,0.0,0.0,0.0,529.0,37.0,0.0,515.0,19.0,0.0,485.0,6.0,0.0,531.0,37.0,,,,29,,Tom,Heaton,Heaton,,,0,0,0,0,0,0,0,0,0,0,0,0,0,,,,0.0,0.0,0.0,0.0,0.0,0,0,0
435,a,,,3.9,762,81.0,0,0.0,-1,1.0,0.1,478,72.0,0,0,0.0,555.0,51.0,0,0,0.0,425.0,40.0,0.0,0.0,0.0,5427,0,8640,5,0.5,0.5,0.0,0.0,0.0,0.0,0.0,0.0,0.0,0.0,0.0,545.0,51.0,0.0,532.0,34.0,0.0,502.0,21.0,0.0,547.0,51.0,,,,29,,Dermot,Mee,Mee,,,0,0,0,0,0,0,0,0,0,0,0,0,0,,,,0.0,0.0,0.0,0.0,0.0,0,0,0
436,i,0.0,0.0,4.9,307,47.0,0,0.0,-1,1.0,1.8,146,56.0,43,0,3.3,149.0,54.0,5,169,0.0,718.0,251.0,0.0,8.8,0.0,419610,2,546894,61,0.0,0.0,1.38,0.83,2.21,18.73,0.11,0.06,0.17,1.44,276.6,203.0,81.0,60.2,326.0,109.0,122.0,221.0,56.0,45.7,263.0,86.0,,,,29,,Matthijs,de Ligt,De Ligt,Back injury - Unknown return date,,1170,1,0,1,20,0,0,0,0,0,0,13,139,,,,0.0,0.08,1.54,1.0,8.23,19,88,40
437,i,0.0,0.0,4.8,361,61.0,0,0.0,-2,2.0,0.7,224,85.0,39,0,2.8,217.0,87.0,3,165,1.8,185.0,69.0,0.4,8.1,0.0,169458,1,119200,1052,0.0,0.0,0.06,0.5,0.56,9.34,0.01,0.05,0.06,0.93,220.2,246.0,98.0,78.3,299.0,96.0,10.0,407.0,150.0,31.0,328.0,110.0,,,,29,,Lisandro,Martínez,Martinez,Calf injury - Expected back 15 Mar,,904,0,0,3,11,1,0,0,0,0,0,9,75,,,,0.0,0.3,1.1,0.9,7.47,12,63,52
438,a,100.0,100.0,4.9,316,51.0,0,0.0,-1,1.0,0.2,361,132.0,27,0,1.9,350.0,132.0,3,126,1.6,203.0,80.0,0.3,5.5,0.0,35547,63,54129,16,2.1,2.1,0.11,0.26,0.36,4.52,0.02,0.04,0.06,0.77,127.8,325.0,124.0,59.8,327.0,110.0,28.0,359.0,120.0,21.4,362.0,125.0,,,,29,,Noussair,Mazraoui,Mazraoui,,,526,0,0,2,6,0,0,0,2,0,0,6,65,,,,0.0,0.34,1.03,1.03,9.07,15,38,29
439,a,,,4.2,649,155.0,0,0.0,-3,3.0,0.1,566,204.0,0,0,0.0,644.0,249.0,0,0,0.0,535.0,224.0,0.0,0.0,0.0,3318,2,8558,4,0.5,0.5,0.0,0.0,0.0,0.0,0.0,0.0,0.0,0.0,0.0,635.0,250.0,0.0,629.0,249.0,0.0,604.0,248.0,0.0,637.0,250.0,,,,29,,Diego,León Blanco,D.Leon,,,0,0,0,0,0,0,0,0,0,0,0,0,0,,,,0.0,0.0,0.0,0.0,0.0,0,0,0
440,a,100.0,100.0,4.6,398,67.0,0,0.0,1,-1.0,5.0,71,22.0,94,0,3.6,111.0,39.0,9,344,4.2,40.0,12.0,0.9,20.4,0.0,1028625,1524,642279,764,4.7,4.7,1.37,2.16,3.53,26.5,0.06,0.1,0.16,1.18,433.4,92.0,42.0,381.7,60.0,9.0,157.0,173.0,39.0,97.2,88.0,22.0,,,,29,,Diogo,Dalot Teixeira,Dalot,,,2020,1,6,6,31,0,0,0,5,0,0,23,155,,,,0.0,0.27,1.38,1.02,5.97,38,96,100
441,i,0.0,0.0,4.2,646,154.0,0,0.0,-3,3.0,3.4,101,37.0,74,0,3.4,129.0,46.0,8,261,0.0,532.0,223.0,0.0,17.6,0.0,1772539,33,2098494,1675,0.0,0.0,1.86,1.42,3.28,18.78,0.13,0.1,0.23,1.27,402.4,115.0,50.0,354.1,72.0,15.0,262.0,95.0,9.0,101.9,80.0,17.0,,,,29,,Patrick,Dorgu,Dorgu,Hamstring injury - Unknown return date,,1329,3,3,3,20,0,0,0,5,0,0,14,117,,,,0.0,0.2,1.35,0.95,6.43,47,48,72
442,d,75.0,75.0,4.4,520,100.0,0,0.0,-1,1.0,1.7,150,58.0,61,0,4.1,54.0,22.0,3,200,3.4,70.0,23.0,0.8,13.9,0.0,284915,107,182146,657,2.9,2.9,0.78,0.07,0.85,12.32,0.07,0.01,0.08,1.18,213.2,254.0,103.0,24.5,385.0,138.0,98.0,244.0,65.0,33.8,318.0,108.0,,,,29,,Harry,Maguire,Maguire,Illness - 75% chance of playing,,942,1,1,5,10,0,0,0,2,0,0,11,90,,,,0.0,0.48,0.96,1.05,7.55,9,70,34
443,d,75.0,75.0,4.5,409,74.0,0,0.0,0,0.0,0.7,213,80.0,69,0,2.5,269.0,105.0,0,297,3.0,103.0,41.0,0.7,15.3,0.0,171495,21,129519,371,2.6,2.6,0.51,1.46,1.96,30.9,0.02,0.06,0.08,1.17,388.0,126.0,56.0,262.6,116.0,31.0,57.0,312.0,96.0,70.8,157.0,54.0,,,,29,,Luke,Shaw,Shaw,Illness - 75% chance of playing,,2377,0,1,6,35,0,0,0,4,0,0,28,176,,,,0.0,0.23,1.33,1.06,5.49,53,92,80
444,a,,,4.1,658,160.0,0,0.0,-4,4.0,1.2,174,65.0,45,0,1.8,360.0,135.0,1,152,1.8,180.0,65.0,0.4,11.0,0.0,211596,153,305437,73,2.3,2.3,0.68,0.26,0.94,18.78,0.05,0.02,0.07,1.27,246.8,224.0,87.0,64.8,315.0,105.0,73.0,285.0,83.0,38.4,298.0,99.0,,,,29,,Leny,Yoro,Yoro,,,1336,0,1,2,25,0,0,0,0,0,0,14,134,,,,0.0,0.13,1.68,0.94,7.54,24,88,59
445,u,0.0,0.0,4.0,719,195.0,0,0.0,0,0.0,0.1,536,190.0,0,0,0.0,620.0,234.0,0,0,0.0,498.0,200.0,0.0,0.0,0.0,1160,0,14466,0,0.0,0.0,0.0,0.0,0.0,0.0,0.0,0.0,0.0,0.0,0.0,610.0,234.0,0.0,602.0,234.0,0.0,574.0,231.0,0.0,612.0,234.0,,,,29,,Harry,Amass,Amass,has joined Norwich City on loan for the rest of the season.,,0,0,0,0,0,0,0,0,0,0,0,0,0,,,,0.0,0.0,0.0,0.0,0.0,0,0,0
446,a,,,3.8,807,254.0,0,0.0,-2,2.0,0.1,431,161.0,1,0,1.0,450.0,163.0,0,4,0.0,401.0,153.0,0.0,0.3,0.0,10442,4,14775,5,0.5,0.5,0.0,0.0,0.0,0.3,0.0,0.0,0.0,13.5,4.0,477.0,172.0,0.0,508.0,194.0,0.0,477.0,188.0,0.4,491.0,173.0,,,,29,,Tyler,Fredricson,Fredricson,,,2,0,0,0,0,0,0,0,0,0,0,0,2,,,,0.0,0.0,0.0,0.0,90.0,0,2,0
447,a,100.0,100.0,3.7,819,265.0,0,0.0,-3,3.0,2.2,131,50.0,27,0,2.1,318.0,115.0,0,109,0.2,346.0,120.0,0.1,7.3,0.0,447198,537,360193,464,0.7,0.7,0.34,0.17,0.51,7.95,0.05,0.02,0.07,1.11,175.6,282.0,112.0,27.2,381.0,136.0,26.0,362.0,122.0,22.9,357.0,123.0,,,,29,,Ayden,Heaven,Heaven,,,642,0,1,1,12,1,0,0,2,0,0,8,73,,,,0.0,0.14,1.68,1.12,10.09,16,56,31
448,a,,,3.8,790,237.0,0,0.0,-2,2.0,0.4,286,104.0,1,0,1.0,448.0,161.0,0,3,0.0,387.0,139.0,0.0,0.3,0.0,53609,8,57755,39,0.5,0.5,0.0,0.0,0.0,0.3,0.0,0.0,0.0,13.5,3.0,483.0,173.0,0.0,496.0,182.0,0.0,465.0,176.0,0.3,495.0,174.0,,,,29,,Tyrell,Malacia,Malacia,,,2,0,0,0,0,0,0,0,0,0,0,0,2,,,,0.0,0.0,0.0,0.0,90.0,1,1,0
449,a,100.0,100.0,10.0,5,3.0,0,0.0,10,-10.0,39.8,5,2.0,158,0,6.3,4.0,1.0,28,682,5.4,13.0,6.0,0.5,15.8,0.0,7731803,9044,5441671,393,5.9,5.9,9.05,7.16,16.21,28.96,0.38,0.3,0.68,1.2,886.4,2.0,1.0,1231.3,1.0,1.0,432.0,33.0,17.0,255.2,1.0,1.0,1.0,1.0,1.0,29,,Bruno,Borges Fernandes,B.Fernandes,,,2165,7,13,4,34,0,0,2,3,0,0,25,214,,,,0.0,0.17,1.41,1.04,8.9,39,54,121
450,a,100.0,100.0,8.0,17,12.0,0,0.0,0,0.0,7.8,50,17.0,101,0,4.0,73.0,34.0,10,398,2.6,125.0,51.0,0.3,12.6,0.0,3044803,1215,3102984,1256,3.1,3.1,5.33,2.37,7.7,22.95,0.27,0.12,0.39,1.14,460.0,79.0,26.0,367.5,65.0,50.0,541.0,21.0,9.0,137.0,29.0,22.0,,,,29,,Matheus,Santos Carneiro da Cunha,Cunha,,,1807,6,3,6,24,0,0,0,1,0,0,21,149,,,,0.0,0.3,1.2,1.05,7.42,30,29,90
451,u,0.0,0.0,7.0,35,20.0,0,0.0,0,0.0,0.0,702,291.0,0,0,0.0,818.0,366.0,0,0,0.0,812.0,365.0,0.0,0.0,0.0,0,0,2123,1,0.0,0.0,0.0,0.0,0.0,0.0,0.0,0.0,0.0,0.0,0.0,818.0,366.0,0.0,818.0,366.0,0.0,818.0,366.0,0.0,818.0,366.0,,,,29,,Marcus,Rashford,Rashford,Has joined Barcelona on loan for the rest of the season,,0,0,0,0,0,0,0,0,0,0,0,0,0,,,,0.0,0.0,0.0,0.0,0.0,0,0,0
452,a,100.0,100.0,6.2,77,51.0,0,0.0,-3,3.0,1.6,157,54.0,69,0,3.1,183.0,79.0,6,363,1.2,244.0,104.0,0.2,11.1,0.0,427496,184,583823,548,1.7,1.7,4.17,3.37,7.54,20.84,0.22,0.18,0.4,1.09,360.4,141.0,48.0,505.3,30.0,28.0,425.0,35.0,19.0,129.2,36.0,26.0,,,,29,,Amad,Diallo,Amad,,,1722,2,4,4,23,0,0,0,2,0,0,20,151,,,,0.0,0.21,1.2,1.05,7.89,31,37,83
454,u,0.0,0.0,5.9,100,65.0,0,0.0,-1,1.0,0.1,564,207.0,0,0,0.0,811.0,362.0,0,0,0.0,798.0,356.0,0.0,0.0,0.0,1511,0,10707,1,0.0,0.0,0.0,0.0,0.0,0.0,0.0,0.0,0.0,0.0,0.0,811.0,362.0,0.0,811.0,362.0,0.0,810.0,362.0,0.0,811.0,362.0,,,,29,,Antony,dos Santos,Antony,has joined Real Betis permanently.,,0,0,0,0,0,0,0,0,0,0,0,0,0,,,,0.0,0.0,0.0,0.0,0.0,0,0,0
455,i,0.0,0.0,5.9,95,61.0,0,0.0,-1,1.0,0.3,328,108.0,46,0,2.7,241.0,100.0,3,164,0.0,794.0,352.0,0.0,7.8,0.0,183710,3,198032,28,0.0,0.0,1.54,1.4,2.94,10.3,0.17,0.16,0.33,1.14,162.4,294.0,130.0,198.5,164.0,113.0,158.0,171.0,95.0,51.9,241.0,121.0,,,,29,,Mason,Mount,Mount,Knock - Expected back 15 Mar,,812,3,0,3,14,0,0,0,0,0,0,10,62,,,,0.0,0.33,1.55,1.11,6.87,14,7,41
457,a,100.0,100.0,5.6,121,76.0,0,0.0,1,-1.0,2.5,119,39.0,119,0,4.6,30.0,12.0,14,448,2.8,113.0,46.0,0.5,21.2,0.0,641741,834,382966,737,3.3,3.3,4.48,2.6,7.08,19.89,0.21,0.12,0.33,0.94,582.6,42.0,11.0,400.6,49.0,43.0,409.0,43.0,26.0,139.5,27.0,21.0,,,,29,,Carlos Henrique,Casimiro,Casemiro,,,1904,5,4,8,21,0,0,0,6,1,0,25,251,,,,0.0,0.38,0.99,1.18,11.86,64,81,106
458,a,100.0,100.0,4.6,402,248.0,0,0.0,-4,4.0,1.3,168,58.0,37,0,1.9,347.0,150.0,0,170,2.6,119.0,49.0,0.6,8.0,0.0,215247,281,143234,439,3.1,3.1,0.21,0.69,0.9,10.42,0.02,0.07,0.09,1.09,193.6,263.0,111.0,248.9,121.0,83.0,46.0,327.0,171.0,48.9,255.0,130.0,,,,29,,Kobbie,Mainoo,Mainoo,,,858,0,2,3,13,0,0,0,0,0,0,7,91,,,,0.0,0.31,1.36,0.73,9.55,22,24,45
459,a,,,4.7,385,240.0,0,0.0,-3,3.0,0.1,418,143.0,31,0,1.7,382.0,164.0,0,155,0.2,364.0,164.0,0.0,6.6,0.0,29661,8,38171,19,0.7,0.7,0.31,0.15,0.46,14.56,0.04,0.02,0.06,1.75,129.6,321.0,146.0,63.3,319.0,178.0,32.0,350.0,181.0,22.3,358.0,171.0,,,,29,,Manuel,Ugarte Ribeiro,Ugarte,,,748,0,0,1,20,0,0,0,1,0,0,7,122,,,,0.0,0.12,2.41,0.84,14.68,41,34,47
460,u,0.0,0.0,4.5,445,266.0,0,0.0,0,0.0,0.0,660,265.0,0,0,0.0,709.0,284.0,0,0,0.0,628.0,231.0,0.0,0.0,0.0,505,0,9621,1,0.0,0.0,0.0,0.0,0.0,0.0,0.0,0.0,0.0,0.0,0.0,703.0,278.0,0.0,700.0,281.0,0.0,684.0,274.0,0.0,705.0,280.0,,,,29,,Toby,Collyer,Collyer,has joined Hull City on loan for the rest of the season.,,0,0,0,0,0,0,0,0,0,0,0,0,0,,,,0.0,0.0,0.0,0.0,0.0,0,0,0
461,a,,,4.3,611,357.0,0,0.0,-2,2.0,0.0,603,230.0,0,0,0.0,657.0,251.0,0,0,0.0,559.0,190.0,0.0,0.0,0.0,3353,1,4885,6,0.5,0.5,0.0,0.0,0.0,0.0,0.0,0.0,0.0,0.0,0.0,647.0,241.0,0.0,643.0,246.0,0.0,620.0,235.0,0.0,649.0,243.0,,,,29,,Jayce,Fitzgerald,Fitzgerald,,,0,0,0,0,0,0,0,0,0,0,0,0,0,,,,0.0,0.0,0.0,0.0,0.0,0,0,0
462,a,,,4.3,608,354.0,0,0.0,-2,2.0,0.1,508,183.0,3,0,1.0,464.0,202.0,0,10,0.0,556.0,187.0,0.0,0.7,0.0,14935,4,13123,24,0.5,0.5,0.03,0.02,0.05,1.86,0.03,0.02,0.05,1.56,18.6,448.0,198.0,24.4,386.0,195.0,5.0,428.0,209.0,4.8,448.0,201.0,,,,29,,Jack,Fletcher,J.Fletcher,,,107,0,0,0,0,0,0,0,0,0,0,0,11,,,,0.0,0.0,0.0,0.0,9.25,5,2,4
463,u,0.0,0.0,4.3,620,364.0,0,0.0,-2,2.0,0.1,514,185.0,0,0,0.0,662.0,255.0,0,0,0.0,565.0,194.0,0.0,0.0,0.0,9069,0,13267,5,0.0,0.0,0.0,0.0,0.0,0.0,0.0,0.0,0.0,0.0,0.0,652.0,245.0,0.0,648.0,250.0,0.0,625.0,239.0,0.0,654.0,247.0,,,,29,,Sékou,Koné,Kone,has joined Lausanne-Sport on loan for the rest of the season.,,0,0,0,0,0,0,0,0,0,0,0,0,0,,,,0.0,0.0,0.0,0.0,0.0,0,0,0
464,u,0.0,0.0,4.5,469,286.0,0,0.0,0,0.0,0.0,689,282.0,0,0,0.0,725.0,299.0,0,0,0.0,648.0,249.0,0.0,0.0,0.0,723,0,2853,0,0.0,0.0,0.0,0.0,0.0,0.0,0.0,0.0,0.0,0.0,0.0,722.0,296.0,0.0,717.0,297.0,0.0,702.0,291.0,0.0,723.0,297.0,,,,29,,Jack,Moorhouse,Moorhouse,has joined Leyton Orient on loan for the rest of the season.,,0,0,0,0,0,0,0,0,0,0,0,0,0,,,,0.0,0.0,0.0,0.0,0.0,0,0,0
465,u,0.0,0.0,6.3,70,22.0,0,0.0,-2,2.0,0.3,341,56.0,0,0,0.0,813.0,90.0,0,0,0.0,804.0,87.0,0.0,0.0,0.0,5437,0,56637,5,0.0,0.0,0.0,0.0,0.0,0.0,0.0,0.0,0.0,0.0,0.0,813.0,90.0,0.0,813.0,90.0,0.0,813.0,90.0,0.0,813.0,90.0,,,,29,,Rasmus,Højlund,Højlund,has joined Napoli on loan for the rest of the season.,,0,0,0,0,0,0,0,0,0,0,0,0,0,,,,0.0,0.0,0.0,0.0,0.0,0,0,0
466,a,100.0,100.0,5.8,107,30.0,0,0.0,-2,2.0,0.4,273,43.0,36,0,2.1,324.0,37.0,6,122,0.6,315.0,41.0,0.1,6.2,0.0,108014,30,129036,35,1.1,1.1,2.16,0.3,2.46,6.99,0.39,0.05,0.44,1.27,144.2,308.0,29.0,143.0,206.0,21.0,182.0,150.0,36.0,46.6,259.0,30.0,,,,29,,Joshua,Zirkzee,Zirkzee,,,496,2,1,1,7,0,0,0,1,0,0,4,36,,,,0.0,0.18,1.27,0.73,6.53,8,11,17
467,a,,,4.2,645,90.0,0,0.0,-3,3.0,1.5,158,24.0,0,0,0.0,642.0,64.0,0,0,0.0,531.0,52.0,0.0,0.0,0.0,271822,30,366232,175,0.5,0.5,0.0,0.0,0.0,0.0,0.0,0.0,0.0,0.0,0.0,633.0,64.0,0.0,627.0,63.0,0.0,602.0,63.0,0.0,635.0,64.0,,,,29,,Chido,Obi,Obi,,,0,0,0,0,0,0,0,0,0,0,0,0,0,,,,0.0,0.0,0.0,0.0,0.0,0,0,0
468,u,0.0,0.0,4.5,476,67.0,0,0.0,0,0.0,0.1,507,71.0,0,0,0.0,730.0,77.0,0,0,0.0,654.0,67.0,0.0,0.0,0.0,4530,0,14813,7,0.0,0.0,0.0,0.0,0.0,0.0,0.0,0.0,0.0,0.0,0.0,727.0,77.0,0.0,722.0,76.0,0.0,708.0,76.0,0.0,728.0,77.0,,,,29,,Ethan,Wheatley,Wheatley,has joined Bradford City on loan for the rest of the season.,,0,0,0,0,0,0,0,0,0,0,0,0,0,,,,0.0,0.0,0.0,0.0,0.0,0,0,0
681,a,100.0,100.0,7.3,28,11.0,0,0.0,-2,2.0,5.6,66,13.0,87,0,3.8,95.0,7.0,17,300,5.0,16.0,2.0,0.7,11.9,0.0,1013836,7983,1376185,270,5.5,5.5,6.56,0.21,6.77,18.18,0.49,0.02,0.51,1.36,370.2,137.0,13.0,130.2,215.0,23.0,646.0,16.0,11.0,114.0,56.0,12.0,,,,29,,Benjamin,Sesko,Šeško,,,1205,8,2,1,24,0,0,0,1,0,0,12,52,,,,0.0,0.07,1.79,0.9,3.88,5,19,28
733,a,,,5.0,262,9.0,0,0.0,0,0.0,2.4,123,17.0,70,0,3.2,158.0,18.0,6,268,3.8,52.0,6.0,0.8,14.0,0.0,517979,791,294940,316,4.3,4.3,0.0,0.0,0.0,23.79,0.0,0.0,0.0,1.08,408.8,110.0,18.0,0.0,783.0,91.0,2.0,455.0,2.0,41.1,283.0,19.0,,,,29,,Senne,Lammens,Lammens,,,1980,0,0,5,27,0,0,0,0,0,50,22,43,,,,2.27,0.23,1.23,1.0,0.0,1,21,152
755,a,100.0,100.0,4.5,479,293.0,0,0.0,0,0.0,0.0,723,301.0,2,0,1.0,482.0,217.0,0,8,0.0,657.0,256.0,0.0,0.4,0.0,3324,1,2431,2,0.5,0.5,0.07,0.0,0.07,0.11,0.52,0.0,0.52,0.82,4.0,478.0,217.0,1.5,461.0,221.0,11.0,399.0,198.0,1.5,474.0,216.0,,,,29,,Shea,Lacey,Lacey,,,12,0,0,0,0,0,0,0,0,0,0,0,1,,,,0.0,0.0,0.0,0.0,7.5,1,0,0
769,a,,,4.5,478,292.0,0,0.0,0,0.0,0.0,785,343.0,1,0,1.0,481.0,216.0,0,3,0.0,656.0,255.0,0.0,0.2,0.0,437,1,292,0,0.5,0.5,0.0,0.01,0.01,0.05,0.0,0.06,0.06,0.3,2.2,488.0,225.0,11.7,413.0,204.0,0.0,710.0,297.0,1.4,476.0,218.0,,,,29,,Bendito,Mantato,Bendito Mantato,,,15,0,0,0,0,0,0,0,0,0,0,0,0,,,,0.0,0.0,0.0,0.0,0.0,0,0,0
771,a,,,4.4,552,330.0,0,0.0,-1,1.0,0.0,733,307.0,1,0,1.0,469.0,206.0,0,3,0.2,360.0,162.0,0.0,0.2,0.0,2057,5,1105,5,0.7,0.7,0.0,0.01,0.01,0.02,0.0,0.9,0.9,1.8,0.4,503.0,230.0,1.0,466.0,224.0,0.0,642.0,249.0,0.1,507.0,232.0,,,,29,,Tyler,Fletcher,Fletcher,,,1,0,0,0,0,0,0,0,0,0,0,0,0,,,,0.0,0.0,0.0,0.0,0.0,0,0,0
788,a,,,4.0,718,194.0,0,0.0,0,0.0,0.0,742,255.0,0,0,0.0,619.0,233.0,0,0,0.0,497.0,199.0,0.0,0.0,0.0,416,0,322,1,0.5,0.5,0.0,0.0,0.0,0.0,0.0,0.0,0.0,0.0,0.0,609.0,233.0,0.0,601.0,233.0,0.0,573.0,230.0,0.0,611.0,233.0,,,,29,,Godwill,Kukonki,Kukonki,,,0,0,0,0,0,0,0,0,0,0,0,0,0,,,,0.0,0.0,0.0,0.0,0.0,0,0,0
52,a,100.0,100.0,5.3,191,119.0,0,0.0,-2,2.0,0.2,353,117.0,36,0,2.0,338.0,148.0,1,171,4.0,46.0,23.0,0.8,6.8,0.0,29513,146,75435,29,3.5,3.5,0.94,0.84,1.78,15.9,0.1,0.09,0.19,1.69,179.6,278.0,119.0,192.4,171.0,117.0,122.0,222.0,123.0,49.4,253.0,128.0,,,,29,,Jacob,Ramsey,J.Ramsey,,,849,2,1,0,21,0,0,0,3,0,0,8,86,,,,0.0,0.0,2.23,0.85,9.12,21,13,52
471,a,,,3.9,744,71.0,0,0.0,-1,1.0,0.1,435,65.0,0,0,0.0,543.0,41.0,0,0,0.0,412.0,30.0,0.0,0.0,0.0,6661,1,10476,4,-0.5,-0.5,0.0,0.0,0.0,0.0,0.0,0.0,0.0,0.0,0.0,533.0,41.0,0.0,520.0,24.0,0.0,490.0,11.0,0.0,535.0,41.0,,,,29,,Mark,Gillespie,Gillespie,,,0,0,0,0,0,0,0,0,0,0,0,0,0,,,,0.0,0.0,0.0,0.0,0.0,0,0,0
472,u,0.0,0.0,4.0,666,44.0,0,0.0,0,0.0,0.0,717,83.0,0,0,0.0,578.0,65.0,0,0,0.0,450.0,55.0,0.0,0.0,0.0,0,0,2468,0,0.0,0.0,0.0,0.0,0.0,0.0,0.0,0.0,0.0,0.0,0.0,568.0,65.0,0.0,558.0,51.0,0.0,529.0,38.0,0.0,570.0,65.0,,,,29,,Odysseas,Vlachodimos,Odysseas,Has joined Sevilla on loan for the rest of the season.,,0,0,0,0,0,0,0,0,0,0,0,0,0,,,,0.0,0.0,0.0,0.0,0.0,0,0,0
473,a,100.0,100.0,5.3,199,24.0,0,0.0,-2,2.0,2.4,122,47.0,64,0,3.0,196.0,74.0,4,257,1.8,190.0,72.0,0.3,12.1,0.0,615767,265,555471,476,1.3,1.3,0.67,1.88,2.55,23.29,0.04,0.11,0.15,1.42,417.6,105.0,47.0,266.4,115.0,30.0,125.0,216.0,53.0,80.9,132.0,41.0,2.0,4.0,,29,,Lewis,Hall,Hall,,,1479,1,2,3,29,0,0,0,2,0,0,16,140,,,,0.0,0.18,1.76,0.97,8.03,44,88,95
474,i,0.0,0.0,5.2,204,26.0,0,0.0,-3,3.0,1.2,177,67.0,51,0,3.2,161.0,61.0,0,186,0.0,764.0,260.0,0.0,9.8,0.0,296840,2,492636,67,0.0,0.0,0.97,0.6,1.57,13.85,0.08,0.05,0.13,1.14,291.2,193.0,77.0,63.6,318.0,107.0,108.0,230.0,60.0,46.4,261.0,85.0,,1.0,,29,,Fabian,Schär,Schär,Ankle injury - Expected back 18 Apr,,1089,0,0,4,13,0,0,0,1,0,0,11,133,,,,0.0,0.33,1.07,0.91,9.5,14,101,42
475,a,100.0,100.0,4.9,312,48.0,0,0.0,-1,1.0,0.4,289,107.0,53,0,3.5,121.0,43.0,4,206,1.8,186.0,70.0,0.4,10.8,0.0,76887,23,102734,25,1.3,1.3,1.28,0.28,1.56,14.57,0.11,0.02,0.13,1.24,325.8,167.0,70.0,49.7,340.0,116.0,132.0,207.0,50.0,50.8,246.0,81.0,,,,29,,Sven,Botman,Botman,,,1060,1,1,4,17,1,0,0,1,0,0,12,134,,,,0.0,0.34,1.44,1.02,8.92,9,96,61
476,a,100.0,100.0,5.0,245,37.0,0,0.0,0,0.0,3.3,104,39.0,72,0,3.6,113.0,40.0,5,201,0.8,282.0,102.0,0.2,14.4,0.0,1503955,188,1663108,170,0.3,0.3,0.19,0.32,0.51,20.13,0.01,0.02,0.03,1.12,349.8,147.0,65.0,87.2,281.0,88.0,74.0,284.0,82.0,51.2,243.0,79.0,,,,29,,Dan,Burn,Burn,,,1618,0,3,6,27,0,0,0,7,1,0,19,198,,,,0.0,0.33,1.5,1.06,9.01,29,133,56
477,d,25.0,25.0,4.9,328,53.0,0,0.0,-1,1.0,1.8,144,55.0,49,0,3.8,86.0,32.0,3,218,0.0,729.0,252.0,0.0,10.0,0.0,1089599,5,1377489,72,-0.1,-0.1,0.12,0.57,0.69,11.0,0.01,0.05,0.06,0.94,190.8,265.0,108.0,178.1,180.0,44.0,36.0,344.0,113.0,40.5,287.0,94.0,,,,29,,Tino,Livramento,Livramento,Hamstring injury - 25% chance of playing,,1048,0,1,5,10,0,0,0,1,0,0,11,86,,,,0.0,0.43,0.86,0.94,4.98,19,39,68
478,a,100.0,100.0,4.9,287,43.0,0,0.0,-1,1.0,1.3,167,64.0,42,0,2.6,253.0,98.0,2,179,0.8,279.0,101.0,0.2,8.6,0.0,246844,57,374633,67,0.3,0.3,0.08,1.79,1.87,17.04,0.01,0.12,0.13,1.18,218.6,248.0,99.0,413.9,42.0,3.0,10.0,408.0,151.0,64.1,195.0,64.0,4.0,2.0,,29,,Kieran,Trippier,Trippier,,,1302,0,0,5,23,0,0,0,2,0,0,15,89,,,,0.0,0.35,1.59,1.04,4.15,18,42,62
479,i,0.0,0.0,4.3,577,124.0,0,0.0,-2,2.0,0.0,620,221.0,0,0,0.0,645.0,250.0,0,-8,0.0,538.0,226.0,0.0,0.0,0.0,1546,0,5160,0,0.0,0.0,0.0,0.0,0.0,0.25,0.0,0.0,0.0,0.5,1.4,492.0,176.0,1.2,464.0,170.0,0.0,606.0,249.0,0.3,496.0,175.0,,,,29,,Emil,Krafth,Krafth,Knee injury - Unknown return date,,45,0,0,0,2,0,0,0,0,0,0,1,1,,,,0.0,0.0,4.0,2.0,2.0,0,1,0
480,u,0.0,0.0,4.3,575,122.0,0,0.0,-2,2.0,0.0,587,210.0,1,0,0.5,516.0,179.0,0,0,0.0,537.0,225.0,0.0,0.2,0.0,2754,0,9020,2,0.0,0.0,0.04,0.0,0.04,0.55,0.19,0.0,0.19,2.61,10.2,460.0,168.0,0.0,630.0,250.0,7.0,418.0,158.0,1.7,469.0,168.0,,,,29,,Jamaal,Lascelles,Lascelles,has joined Leicester City permanently.,,19,0,0,0,2,0,0,0,0,0,0,0,5,,,,0.0,0.0,9.47,0.0,23.68,0,5,0
481,a,,,3.8,806,253.0,0,0.0,-2,2.0,0.7,217,81.0,1,0,1.0,449.0,162.0,0,-1,0.0,400.0,152.0,0.0,0.3,0.0,78117,26,101345,51,-0.5,-0.5,0.0,0.0,0.0,0.27,0.0,0.0,0.0,24.3,2.2,486.0,174.0,0.0,507.0,193.0,0.0,476.0,187.0,0.2,501.0,176.0,,,,29,,Alex,Murphy,A.Murphy,,,1,0,0,0,1,0,0,0,0,0,0,0,1,,,,0.0,0.0,90.0,0.0,90.0,0,1,0
482,u,0.0,0.0,3.9,759,220.0,0,0.0,-1,1.0,0.1,458,168.0,0,0,0.0,553.0,201.0,0,0,0.0,423.0,161.0,0.0,0.0,0.0,8541,0,16896,5,0.0,0.0,0.0,0.0,0.0,0.0,0.0,0.0,0.0,0.0,0.0,543.0,201.0,0.0,530.0,201.0,0.0,500.0,196.0,0.0,545.0,201.0,,,,29,,Harrison,Ashby,Ashby,has joined Bradford City on loan for the rest of the season.,,0,0,0,0,0,0,0,0,0,0,0,0,0,,,,0.0,0.0,0.0,0.0,0.0,0,0,0
483,a,,,3.8,812,259.0,0,0.0,-2,2.0,0.4,287,105.0,0,0,0.0,535.0,197.0,0,0,0.0,404.0,156.0,0.0,0.0,0.0,65691,20,48437,32,-0.5,-0.5,0.0,0.0,0.0,0.0,0.0,0.0,0.0,0.0,0.0,525.0,197.0,0.0,511.0,197.0,0.0,481.0,192.0,0.0,527.0,197.0,,,,29,,Miodrag,Pivaš,Pivas,,,0,0,0,0,0,0,0,0,0,0,0,0,0,,,,0.0,0.0,0.0,0.0,0.0,0,0,0
484,u,0.0,0.0,4.0,670,165.0,0,0.0,0,0.0,0.1,425,157.0,0,0,0.0,581.0,212.0,0,0,0.0,453.0,173.0,0.0,0.0,0.0,3759,0,45245,0,0.0,0.0,0.0,0.0,0.0,0.0,0.0,0.0,0.0,0.0,0.0,571.0,212.0,0.0,561.0,212.0,0.0,532.0,208.0,0.0,573.0,212.0,,,,29,,Matt,Targett,Targett,has joined Middlesbrough on loan for the rest of the season.,,0,0,0,0,0,0,0,0,0,0,0,0,0,,,,0.0,0.0,0.0,0.0,0.0,0,0,0
485,a,100.0,100.0,7.2,32,19.0,0,0.0,-3,3.0,2.7,112,35.0,70,0,3.2,166.0,71.0,4,252,1.8,194.0,81.0,0.2,9.7,0.0,1552054,724,1472219,605,1.3,1.3,5.83,3.19,9.02,19.26,0.36,0.2,0.56,1.18,269.0,210.0,89.0,359.7,68.0,52.0,411.0,42.0,25.0,103.6,76.0,46.0,,,1.0,29,,Anthony,Gordon,Gordon,,,1466,3,4,6,28,0,0,0,3,1,0,20,69,,,,0.0,0.37,1.72,1.23,4.24,14,13,42
486,a,100.0,100.0,6.5,52,33.0,0,0.0,-5,5.0,2.6,116,38.0,37,0,1.5,418.0,185.0,0,140,1.2,247.0,106.0,0.2,5.7,0.0,557684,70,1183453,76,0.7,0.7,1.28,1.39,2.67,15.52,0.11,0.12,0.23,1.33,115.4,341.0,153.0,229.3,137.0,93.0,151.0,183.0,101.0,49.6,252.0,127.0,5.0,,,29,,Anthony,Elanga,Elanga,,,1048,0,1,2,24,0,0,0,0,0,0,11,42,,,,0.0,0.17,2.06,0.94,3.61,11,7,24
487,a,,,6.1,81,53.0,0,0.0,-4,4.0,1.1,182,64.0,77,0,2.9,207.0,87.0,8,248,1.0,267.0,118.0,0.2,12.6,0.0,724059,115,663349,329,0.5,0.5,5.63,2.1,7.73,20.05,0.35,0.13,0.48,1.25,290.2,196.0,81.0,287.0,99.0,72.0,526.0,25.0,12.0,109.9,65.0,40.0,,,,29,,Harvey,Barnes,Barnes,,,1438,5,0,4,22,0,0,0,1,0,0,14,78,,,,0.0,0.25,1.38,0.88,4.88,11,15,52
488,i,0.0,0.0,6.8,43,27.0,0,0.0,3,-3.0,5.3,70,24.0,134,0,5.8,7.0,4.0,19,584,2.8,115.0,48.0,0.4,19.7,0.0,4039077,19,3690062,3469,0.0,0.0,4.82,3.62,8.44,26.13,0.21,0.16,0.37,1.16,682.6,15.0,5.0,634.3,13.0,13.0,365.0,54.0,33.0,168.3,12.0,9.0,3.0,5.0,2.0,29,,Bruno,Guimarães Rodriguez Moura,Bruno G.,Hamstring injury - Expected back 11 Apr,,2019,9,6,6,31,0,0,0,5,0,0,22,200,,,,0.0,0.27,1.38,0.98,8.92,50,43,107
489,a,100.0,100.0,5.9,92,58.0,0,0.0,-6,6.0,0.6,231,80.0,60,0,2.6,259.0,110.0,2,242,1.6,212.0,88.0,0.3,10.2,0.0,160753,50,345808,34,1.1,1.1,2.86,2.38,5.24,15.16,0.23,0.19,0.42,1.21,251.8,222.0,96.0,318.3,84.0,63.0,297.0,79.0,48.0,85.8,118.0,66.0,,,,29,,Jacob,Murphy,J.Murphy,,,1128,3,1,6,13,0,0,0,1,0,0,13,56,,,,0.0,0.48,1.04,1.04,4.47,9,13,34
490,a,100.0,100.0,5.9,94,60.0,0,0.0,-1,1.0,0.3,330,110.0,61,0,2.9,206.0,86.0,2,261,1.0,265.0,117.0,0.2,10.3,0.0,74259,57,103754,24,0.5,0.5,1.92,1.09,3.01,19.95,0.12,0.07,0.19,1.21,282.8,200.0,82.0,254.1,118.0,81.0,302.0,75.0,44.0,83.9,123.0,70.0,,,,29,,Joelinton Cássio,Apolinário de Lira,Joelinton,,,1484,2,1,5,21,0,0,0,7,0,0,18,181,,,,0.0,0.3,1.27,1.09,10.98,33,56,92
491,a,100.0,100.0,5.3,195,121.0,0,0.0,-2,2.0,1.1,187,66.0,69,0,2.5,276.0,117.0,2,374,2.2,155.0,64.0,0.4,13.0,0.0,204254,213,308471,79,1.7,1.7,1.54,1.86,3.4,25.78,0.07,0.09,0.16,1.19,323.8,171.0,66.0,392.8,54.0,46.0,164.0,166.0,91.0,88.3,108.0,62.0,1.0,1.0,,29,,Sandro,Tonali,Tonali,,,1947,0,2,7,30,0,0,0,3,0,0,24,202,,,,0.0,0.32,1.39,1.11,9.34,29,55,118
492,u,0.0,0.0,4.9,348,217.0,0,0.0,-1,1.0,0.0,675,273.0,0,0,0.0,782.0,341.0,0,0,0.0,739.0,314.0,0.0,0.0,0.0,655,0,3573,0,0.0,0.0,0.0,0.0,0.0,0.0,0.0,0.0,0.0,0.0,0.0,781.0,340.0,0.0,777.0,340.0,0.0,773.0,338.0,0.0,781.0,340.0,,,,29,,Antoñito,Cordero Campillo,Antoñito C.,has joined Cadiz on loan for the rest of the season.,,0,0,0,0,0,0,0,0,0,0,0,0,0,,,,0.0,0.0,0.0,0.0,0.0,0,0,0
494,a,100.0,100.0,5.0,250,151.0,0,0.0,0,0.0,0.1,499,180.0,20,0,1.2,439.0,196.0,0,78,0.6,311.0,143.0,0.1,4.0,0.0,12768,7,12241,25,0.1,0.1,0.8,0.37,1.17,10.74,0.13,0.06,0.19,1.77,57.8,403.0,178.0,101.0,256.0,158.0,89.0,258.0,142.0,24.6,351.0,169.0,,,,29,,Joe,Willock,Willock,,,547,0,0,2,12,0,0,0,3,0,0,6,56,,,,0.0,0.33,1.97,0.99,9.21,15,7,34
495,u,0.0,0.0,4.5,411,251.0,0,0.0,0,0.0,0.0,767,328.0,0,0,0.0,692.0,271.0,0,0,0.0,607.0,217.0,0.0,0.0,0.0,0,0,1610,0,0.0,0.0,0.0,0.0,0.0,0.0,0.0,0.0,0.0,0.0,0.0,686.0,265.0,0.0,680.0,268.0,0.0,661.0,260.0,0.0,688.0,267.0,,,,29,,Isaac,Hayden,Hayden,Has departed the club as a free agent.,,0,0,0,0,0,0,0,0,0,0,0,0,0,,,,0.0,0.0,0.0,0.0,0.0,0,0,0
496,u,0.0,0.0,4.4,560,334.0,0,0.0,-1,1.0,0.0,629,245.0,0,0,0.0,681.0,265.0,0,0,0.0,592.0,208.0,0.0,0.0,0.0,2219,0,7391,0,0.0,0.0,0.0,0.0,0.0,0.0,0.0,0.0,0.0,0.0,0.0,673.0,257.0,0.0,668.0,261.0,0.0,648.0,252.0,0.0,675.0,259.0,,,,29,,Garang,Kuol,Kuol,has joined Sparta Prague permanently.,,0,0,0,0,0,0,0,0,0,0,0,0,0,,,,0.0,0.0,0.0,0.0,0.0,0,0,0
497,i,0.0,0.0,4.4,558,333.0,0,0.0,-1,1.0,2.2,128,43.0,58,0,3.1,172.0,72.0,4,271,0.0,590.0,207.0,0.0,13.2,0.0,641732,22,656562,674,0.0,0.0,1.36,2.0,3.36,13.65,0.11,0.16,0.27,1.08,275.0,204.0,84.0,214.3,152.0,104.0,132.0,206.0,115.0,62.1,199.0,100.0,,,,29,,Lewis,Miley,L.Miley,Dead leg - Expected back 14 Mar,,1133,1,3,2,16,0,0,0,0,0,0,11,123,,,,0.0,0.16,1.27,0.87,9.77,24,42,57
498,u,0.0,0.0,4.5,438,262.0,0,0.0,0,0.0,0.0,772,332.0,0,0,0.0,706.0,281.0,0,0,0.0,625.0,228.0,0.0,0.0,0.0,117,0,1251,0,0.0,0.0,0.0,0.0,0.0,0.0,0.0,0.0,0.0,0.0,0.0,700.0,275.0,0.0,697.0,278.0,0.0,680.0,271.0,0.0,702.0,277.0,,,,29,,Joe,White,White,has joined Bradford City on loan for the rest of the season.,,0,0,0,0,0,0,0,0,0,0,0,0,0,,,,0.0,0.0,0.0,0.0,0.0,0,0,0
500,a,100.0,100.0,5.4,181,44.0,0,0.0,-1,1.0,0.2,375,59.0,23,0,1.5,414.0,49.0,0,73,0.8,289.0,36.0,0.1,4.3,0.0,70620,6,86604,7,0.3,0.3,0.64,0.04,0.68,4.47,0.22,0.01,0.23,1.54,42.4,416.0,48.0,15.8,402.0,53.0,70.0,290.0,49.0,12.6,404.0,51.0,,,,29,,William,Osula,Osula,,,262,1,1,1,6,0,0,0,0,0,0,1,10,,,,0.0,0.34,2.06,0.34,3.44,1,1,8
501,a,,,4.3,617,87.0,0,0.0,-2,2.0,0.3,344,57.0,0,0,0.0,660.0,67.0,0,0,0.0,563.0,57.0,0.0,0.0,0.0,25424,17,35598,32,-0.5,-0.5,0.0,0.0,0.0,0.0,0.0,0.0,0.0,0.0,0.0,650.0,67.0,0.0,646.0,66.0,0.0,623.0,66.0,0.0,652.0,67.0,,,,29,,Sean,Neave,Neave,,,0,0,0,0,0,0,0,0,0,0,0,0,0,,,,0.0,0.0,0.0,0.0,0.0,0,0,0
674,a,,,4.8,363,14.0,0,0.0,-2,2.0,0.6,226,29.0,11,0,1.6,391.0,31.0,0,45,0.0,703.0,92.0,0.0,2.3,0.0,109269,8,152908,38,-0.5,-0.5,0.0,0.0,0.0,7.96,0.0,0.0,0.0,1.3,97.4,360.0,27.0,10.0,425.0,10.0,0.0,751.0,84.0,10.8,412.0,26.0,,,,29,,Aaron,Ramsdale,Ramsdale,,,553,0,0,0,10,0,0,0,0,0,10,6,0,,,,1.63,0.0,1.63,0.98,0.0,0,5,49
684,a,,,5.0,263,40.0,0,0.0,0,0.0,4.2,87,29.0,101,0,4.0,62.0,25.0,11,334,3.2,93.0,35.0,0.6,20.2,0.0,1258106,496,765193,1204,2.7,2.7,2.99,0.86,3.85,32.65,0.13,0.04,0.17,1.39,656.2,21.0,8.0,102.4,253.0,74.0,313.0,73.0,6.0,106.9,70.0,13.0,,,,29,,Malick,Thiaw,Thiaw,,,2117,4,0,4,39,0,0,0,3,0,0,24,240,,,,0.0,0.17,1.66,1.02,9.01,28,184,95
689,a,,,4.3,621,365.0,0,0.0,-2,2.0,0.5,256,88.0,0,0,0.0,663.0,256.0,0,0,0.0,566.0,195.0,0.0,0.0,0.0,89400,140,52887,122,-0.5,-0.5,0.0,0.0,0.0,0.0,0.0,0.0,0.0,0.0,0.0,653.0,246.0,0.0,649.0,251.0,0.0,626.0,240.0,0.0,655.0,248.0,,,,29,,Seung-Soo,Park,Seung soo,,,0,0,0,0,0,0,0,0,0,0,0,0,0,,,,0.0,0.0,0.0,0.0,0.0,0,0,0
714,d,75.0,75.0,6.8,47,17.0,0,0.0,-2,2.0,7.2,54,9.0,86,0,3.4,142.0,13.0,10,300,0.8,295.0,38.0,0.1,12.6,0.0,5428497,38,4695078,2480,0.2,0.2,6.25,0.79,7.04,20.13,0.37,0.05,0.42,1.18,358.2,143.0,14.0,182.7,179.0,15.0,381.0,51.0,21.0,91.1,98.0,15.0,,,3.0,29,,Nick,Woltemade,Woltemade,Illness - 75% chance of playing,,1530,7,3,6,25,1,0,0,0,0,0,19,79,,,,0.0,0.35,1.47,1.12,4.65,18,23,38
400,d,25.0,25.0,4.7,376,15.0,0,0.0,-3,3.0,0.2,380,55.0,11,0,3.7,99.0,11.0,0,38,2.2,148.0,13.0,0.5,2.3,0.0,10929,2,23619,83,0.6,0.4,0.0,0.01,0.01,4.65,0.0,0.0,0.0,1.55,68.6,389.0,29.0,0.0,752.0,88.0,0.0,741.0,80.0,6.9,435.0,29.0,,,,29,,Stefan,Ortega Moreno,Ortega Moreno,Calf injury - 25% chance of playing,,270,0,0,1,4,0,0,0,0,0,8,3,0,,,,2.67,0.33,1.33,1.0,0.0,0,1,8
502,a,100.0,100.0,4.6,396,19.0,0,0.0,-4,4.0,4.7,75,13.0,63,0,3.0,191.0,20.0,3,257,0.4,331.0,22.0,0.1,13.7,0.0,407413,55,2037447,118,0.4,-0.1,0.0,0.06,0.06,29.6,0.0,0.0,0.0,1.51,452.8,83.0,15.0,10.0,423.0,8.0,0.0,740.0,79.0,46.3,262.0,15.0,,,,29,,Matz,Sels,Sels,,,1767,0,0,4,29,0,0,0,1,0,60,20,75,,,,3.06,0.2,1.48,1.02,0.0,1,21,135
503,u,0.0,0.0,4.0,689,56.0,0,0.0,0,0.0,0.1,548,76.0,0,0,0.0,597.0,76.0,0,0,0.0,471.0,67.0,0.0,0.0,0.0,448,0,15629,0,0.0,0.0,0.0,0.0,0.0,0.0,0.0,0.0,0.0,0.0,0.0,587.0,76.0,0.0,578.0,63.0,0.0,549.0,50.0,0.0,589.0,76.0,,,,29,,Carlos Miguel,dos Santos Pereira,C.Miguel,Has joined Palmeiras permanently.,,0,0,0,0,0,0,0,0,0,0,0,0,0,,,,0.0,0.0,0.0,0.0,0.0,0,0,0
504,u,0.0,0.0,4.0,674,47.0,0,0.0,0,0.0,0.1,521,75.0,0,0,0.0,584.0,67.0,0,0,0.0,457.0,58.0,0.0,0.0,0.0,0,0,15688,1,0.0,0.0,0.0,0.0,0.0,0.0,0.0,0.0,0.0,0.0,0.0,574.0,67.0,0.0,565.0,54.0,0.0,536.0,41.0,0.0,576.0,67.0,,,,29,,Matt,Turner,Turner,Has joined Lyon permanently.,,0,0,0,0,0,0,0,0,0,0,0,0,0,,,,0.0,0.0,0.0,0.0,0.0,0,0,0
505,a,,,5.1,231,31.0,0,0.0,-4,4.0,3.2,105,40.0,81,0,2.9,203.0,80.0,1,270,2.4,132.0,51.0,0.5,15.9,0.0,348527,122,1058300,202,2.4,1.9,0.81,0.44,1.25,40.59,0.03,0.02,0.05,1.45,501.6,67.0,30.0,38.5,359.0,126.0,100.0,240.0,63.0,64.3,192.0,63.0,,,,29,,Nikola,Milenković,Milenković,,,2520,0,0,6,41,1,0,0,5,0,0,28,259,,,,0.0,0.21,1.46,1.0,8.21,20,210,80
506,a,100.0,100.0,5.2,220,29.0,0,0.0,-3,3.0,1.9,142,54.0,67,0,3.4,136.0,49.0,3,261,0.6,313.0,109.0,0.1,12.9,0.0,259961,143,797643,141,0.6,0.1,0.58,0.45,1.03,27.64,0.03,0.02,0.05,1.44,460.4,78.0,34.0,101.0,257.0,75.0,73.0,286.0,84.0,63.5,198.0,65.0,,2.0,,29,,Murillo,Costa dos Santos,Murillo,,,1729,1,0,4,26,1,0,0,3,0,0,20,214,,,,0.0,0.21,1.35,1.04,9.47,30,152,88
507,a,100.0,100.0,4.7,379,63.0,0,0.0,-3,3.0,2.3,126,48.0,37,0,3.1,175.0,67.0,3,139,2.0,165.0,62.0,0.4,7.9,0.0,317755,73,1621086,128,2.0,1.5,0.28,0.66,0.94,18.94,0.02,0.06,0.08,1.62,178.4,279.0,111.0,122.7,225.0,57.0,54.0,315.0,99.0,35.6,305.0,102.0,,,,29,,Ola,Aina,Aina,,,1049,0,1,3,15,0,0,0,3,0,0,12,99,,,,0.0,0.26,1.29,1.03,6.78,13,66,62
509,u,0.0,0.0,4.5,434,87.0,0,0.0,0,0.0,0.0,676,237.0,0,0,0.0,703.0,258.0,0,0,0.0,622.0,242.0,0.0,0.0,0.0,427,0,4408,0,0.0,0.0,0.0,0.0,0.0,0.0,0.0,0.0,0.0,0.0,0.0,697.0,258.0,0.0,693.0,258.0,0.0,676.0,258.0,0.0,699.0,258.0,,,,29,,David,Mota Veiga Teixeira do Carmo,David Carmo,has joined Real Oviedo on loan for the rest of the season.,,0,0,0,0,0,0,0,0,0,0,0,0,0,,,,0.0,0.0,0.0,0.0,0.0,0,0,0
510,a,,,4.2,644,153.0,0,0.0,-3,3.0,0.1,551,200.0,4,0,2.0,329.0,122.0,0,13,0.2,354.0,127.0,0.0,1.0,0.0,3343,3,8337,4,0.2,-0.3,0.14,0.0,0.14,3.33,0.1,0.0,0.1,2.42,32.0,427.0,160.0,0.7,470.0,172.0,10.0,403.0,147.0,4.2,451.0,162.0,,,,29,,Jair,Paula da Cunha Filho,Jair Cunha,,,124,0,0,0,2,0,0,0,0,0,0,1,15,,,,0.0,0.0,1.45,0.73,10.16,3,11,2
511,a,,,4.3,593,135.0,0,0.0,-2,2.0,0.1,510,181.0,34,0,2.4,285.0,109.0,1,131,2.2,145.0,55.0,0.5,7.9,0.0,9043,7,13257,10,2.2,1.7,0.83,0.08,0.91,14.04,0.08,0.01,0.09,1.35,224.8,241.0,94.0,20.8,391.0,141.0,59.0,310.0,94.0,30.5,332.0,113.0,,,,29,,Felipe,Rodrigues da Silva,Morato,,,937,0,0,2,17,0,0,0,4,0,0,10,120,,,,0.0,0.19,1.63,0.96,9.41,24,74,46
512,u,0.0,0.0,4.5,419,80.0,0,0.0,0,0.0,0.0,682,238.0,0,0,0.0,695.0,256.0,0,0,0.0,611.0,239.0,0.0,0.0,0.0,345,0,4123,0,0.0,0.0,0.0,0.0,0.0,0.0,0.0,0.0,0.0,0.0,0.0,689.0,256.0,0.0,684.0,256.0,0.0,665.0,255.0,0.0,691.0,256.0,,,,29,,Omar,Richards,O.Richards,has joined Rio Ave on loan for the rest of the season.,,0,0,0,0,0,0,0,0,0,0,0,0,0,,,,0.0,0.0,0.0,0.0,0.0,0,0,0
513,a,,,3.8,809,256.0,0,0.0,-2,2.0,0.3,335,122.0,2,0,1.0,451.0,164.0,0,1,0.2,348.0,122.0,0.1,0.5,0.0,28770,19,28954,17,0.2,-0.3,0.0,0.01,0.01,3.13,0.0,0.01,0.01,2.35,25.4,439.0,163.0,6.3,437.0,158.0,0.0,479.0,190.0,3.2,458.0,166.0,,,,29,,Zach,Abbott,Abbott,,,120,0,0,0,4,0,0,0,0,0,0,1,10,,,,0.0,0.0,3.0,0.75,7.5,2,8,8
514,i,0.0,0.0,3.8,786,234.0,0,0.0,-2,2.0,0.4,291,108.0,0,0,0.0,521.0,184.0,0,0,0.0,384.0,137.0,0.0,0.0,0.0,42429,8,65102,39,0.0,0.0,0.0,0.0,0.0,0.0,0.0,0.0,0.0,0.0,0.0,510.0,183.0,0.0,493.0,180.0,0.0,462.0,174.0,0.0,512.0,183.0,,,,29,,Willy,Boly,Boly,Knee injury - Unknown return date,,0,0,0,0,0,0,0,0,0,0,0,0,0,,,,0.0,0.0,0.0,0.0,0.0,0,0,0
515,a,100.0,100.0,7.3,26,16.0,0,0.0,-2,2.0,3.4,102,33.0,114,0,4.1,56.0,27.0,10,452,3.2,98.0,41.0,0.4,15.6,0.0,893086,1537,1121456,260,3.2,2.7,6.91,2.09,9.0,38.86,0.26,0.08,0.34,1.46,489.4,70.0,20.0,626.6,14.0,14.0,533.0,23.0,10.0,164.7,15.0,11.0,,3.0,2.0,29,,Morgan,Gibbs-White,Gibbs-White,,,2388,7,2,7,37,0,0,0,1,0,0,27,134,,,,0.0,0.26,1.39,1.02,5.05,14,39,81
516,a,100.0,100.0,5.7,114,72.0,0,0.0,-3,3.0,0.7,223,78.0,70,0,2.7,239.0,99.0,6,298,2.0,173.0,74.0,0.4,12.3,0.0,264692,52,335937,59,2.0,1.5,2.69,2.33,5.02,27.27,0.15,0.13,0.28,1.53,293.4,191.0,79.0,516.9,27.0,26.0,300.0,77.0,46.0,110.7,63.0,39.0,,,,29,,Callum,Hudson-Odoi,Hudson-Odoi,,,1607,3,1,5,25,0,0,0,0,0,0,18,94,,,,0.0,0.28,1.4,1.01,5.26,12,20,62
517,a,,,5.4,166,103.0,0,0.0,-1,1.0,6.2,60,20.0,119,0,4.2,50.0,23.0,7,556,3.0,106.0,44.0,0.6,22.0,0.0,1330317,1192,1278516,852,3.0,2.5,2.35,3.09,5.44,39.39,0.08,0.11,0.19,1.41,612.2,33.0,8.0,734.5,5.0,5.0,215.0,114.0,68.0,156.5,22.0,18.0,1.0,1.0,4.0,29,,Elliot,Anderson,Anderson,,,2506,1,3,7,40,0,0,0,5,0,0,28,391,,,,0.0,0.25,1.44,1.01,14.04,78,76,237
518,u,0.0,0.0,5.4,177,110.0,0,0.0,-1,1.0,0.0,619,240.0,1,0,1.0,502.0,234.0,0,6,0.0,784.0,344.0,0.0,0.2,0.0,1029,0,9136,0,0.0,0.0,0.0,0.0,0.0,0.0,0.0,0.0,0.0,0.0,5.0,475.0,215.0,0.5,475.0,229.0,4.0,437.0,216.0,1.0,485.0,223.0,,,,29,,João Pedro,Ferreira da Silva,Jota,has joined Besiktas on loan for the rest of the season.,,11,0,0,0,0,0,0,0,0,0,0,0,3,,,,0.0,0.0,0.0,0.0,24.55,2,1,0
519,a,100.0,100.0,5.0,257,156.0,0,0.0,0,0.0,0.0,630,246.0,34,0,2.0,334.0,146.0,3,140,0.4,334.0,150.0,0.1,6.8,0.0,5090,2,3745,6,0.4,-0.1,1.09,0.39,1.48,15.94,0.12,0.04,0.16,1.74,172.6,283.0,122.0,141.2,207.0,135.0,117.0,225.0,125.0,43.2,271.0,135.0,,,,29,,Nicolás,Domínguez,Dominguez,,,823,1,0,3,16,0,0,0,2,0,0,12,86,,,,0.0,0.33,1.75,1.31,9.4,35,19,32
520,u,0.0,0.0,5.0,255,155.0,0,0.0,0,0.0,0.0,816,364.0,0,0,0.0,785.0,343.0,0,0,0.0,743.0,316.0,0.0,0.0,0.0,0,0,118,0,0.0,0.0,0.0,0.0,0.0,0.0,0.0,0.0,0.0,0.0,0.0,784.0,342.0,0.0,781.0,342.0,0.0,778.0,340.0,0.0,784.0,342.0,,,,29,,Lewis,O'Brien,O'Brien,Has joined Wrexham permanently.,,0,0,0,0,0,0,0,0,0,0,0,0,0,,,,0.0,0.0,0.0,0.0,0.0,0,0,0
521,a,100.0,100.0,4.9,308,193.0,0,0.0,-1,1.0,0.1,541,197.0,67,0,3.4,131.0,58.0,2,281,2.0,168.0,71.0,0.4,13.7,0.0,10771,13,12633,9,2.0,1.5,1.16,1.47,2.63,24.57,0.07,0.09,0.16,1.48,316.2,178.0,70.0,129.7,218.0,141.0,116.0,226.0,126.0,56.3,220.0,107.0,,,,29,,Ibrahim,Sangaré,Sangaré,,,1494,2,2,6,20,0,0,0,3,0,0,18,178,,,,0.0,0.36,1.2,1.08,10.72,44,62,72
522,a,100.0,100.0,4.7,383,239.0,0,0.0,-3,3.0,0.1,549,199.0,17,0,1.3,429.0,191.0,0,77,0.2,363.0,163.0,0.0,3.6,0.0,9845,2,19160,2,0.2,-0.3,0.1,0.19,0.29,3.69,0.02,0.05,0.07,0.9,71.6,388.0,173.0,48.3,344.0,185.0,30.0,357.0,185.0,14.9,388.0,180.0,,,,29,,Ryan,Yates,Yates,,,367,0,1,0,5,0,0,0,1,0,0,1,36,,,,0.0,0.0,1.23,0.25,8.83,8,17,11
523,a,100.0,100.0,4.5,472,288.0,0,0.0,0,0.0,0.1,568,209.0,0,0,0.0,727.0,300.0,0,0,0.0,651.0,251.0,0.0,0.0,0.0,2601,6,16752,1,0.0,-0.5,0.0,0.0,0.0,0.0,0.0,0.0,0.0,0.0,0.0,724.0,297.0,0.0,719.0,298.0,0.0,705.0,293.0,0.0,725.0,298.0,,,,29,,Eric,da Silva Moreira,Da Silva Moreira,,,0,0,0,0,0,0,0,0,0,0,0,0,0,,,,0.0,0.0,0.0,0.0,0.0,0,0,0
524,u,0.0,0.0,4.5,449,269.0,0,0.0,0,0.0,0.0,690,283.0,0,0,0.0,711.0,286.0,0,0,0.0,631.0,234.0,0.0,0.0,0.0,245,0,5700,0,0.0,0.0,0.0,0.0,0.0,0.0,0.0,0.0,0.0,0.0,0.0,706.0,281.0,0.0,702.0,283.0,0.0,686.0,276.0,0.0,707.0,282.0,,,,29,,Marko,Stamenić,Stamenic,Has joined Swansea City permanently.,,0,0,0,0,0,0,0,0,0,0,0,0,0,,,,0.0,0.0,0.0,0.0,0.0,0,0,0
525,i,0.0,0.0,7.2,29,12.0,0,0.0,-3,3.0,4.6,79,15.0,25,0,3.1,184.0,18.0,3,85,0.0,814.0,90.0,0.0,3.5,0.0,2133613,1,3389045,111,0.0,0.0,2.81,0.11,2.92,7.84,0.47,0.02,0.49,1.31,77.6,382.0,40.0,49.6,341.0,42.0,179.0,151.0,37.0,29.8,334.0,39.0,,,1.0,29,,Chris,Wood,Wood,Knee injury - Unknown return date,,538,2,0,1,8,0,0,0,0,0,0,7,14,,,,0.0,0.17,1.34,1.17,2.34,1,6,7
526,a,100.0,100.0,5.8,108,31.0,0,0.0,-2,2.0,1.1,181,28.0,66,0,2.4,293.0,29.0,6,205,1.8,192.0,24.0,0.3,11.4,0.0,419743,245,394971,206,1.8,1.3,4.25,0.9,5.15,27.37,0.24,0.05,0.29,1.56,188.4,270.0,27.0,143.5,204.0,20.0,472.0,28.0,15.0,78.0,137.0,18.0,,,3.0,29,,Igor Jesus,Maciel da Cruz,Igor Jesus,,,1584,2,3,6,29,0,0,0,0,0,0,19,78,,,,0.0,0.34,1.65,1.08,4.43,17,24,37
527,a,100.0,100.0,5.2,209,48.0,0,0.0,-3,3.0,0.3,323,54.0,14,0,1.6,395.0,46.0,1,57,0.2,371.0,46.0,0.0,2.7,0.0,35966,11,92849,23,0.2,-0.3,1.05,0.39,1.44,3.39,0.45,0.17,0.62,1.45,52.4,406.0,44.0,41.8,353.0,43.0,105.0,233.0,44.0,19.8,369.0,44.0,,,,29,,Taiwo,Awoniyi,Awoniyi,,,211,1,0,0,2,0,0,0,0,0,0,1,13,,,,0.0,0.0,0.85,0.43,5.55,1,4,8
669,a,100.0,100.0,5.5,147,92.0,0,0.0,-5,5.0,0.7,218,76.0,47,0,2.2,311.0,136.0,4,168,0.8,291.0,131.0,0.1,8.5,0.0,544786,9,573668,15,0.8,0.3,1.05,1.51,2.56,15.55,0.09,0.12,0.21,1.26,165.0,291.0,127.0,216.0,150.0,102.0,178.0,153.0,84.0,56.1,224.0,111.0,4.0,,,29,,Dan,Ndoye,Ndoye,,,1111,1,2,2,17,0,0,0,1,0,0,14,94,,,,0.0,0.16,1.38,1.13,7.61,22,23,49
693,a,,,5.4,176,109.0,0,0.0,-1,1.0,0.1,522,189.0,60,0,2.7,236.0,98.0,3,237,2.2,156.0,65.0,0.4,11.1,0.0,32425,4,27328,11,2.2,1.7,1.72,2.99,4.71,17.33,0.13,0.23,0.36,1.35,244.8,225.0,97.0,401.6,47.0,41.0,275.0,88.0,55.0,91.9,96.0,57.0,2.0,,,29,,Omari,Hutchinson,Hutchinson,,,1153,1,5,4,17,0,0,0,0,0,0,11,90,,,,0.0,0.31,1.33,0.86,7.03,17,13,60
696,u,0.0,0.0,6.0,90,28.0,0,0.0,0,0.0,0.1,447,65.0,9,0,1.0,506.0,61.0,0,24,0.0,801.0,86.0,0.0,1.5,0.0,15291,0,18263,6,0.0,0.0,0.44,0.02,0.46,1.57,0.44,0.02,0.46,1.59,6.8,470.0,56.0,17.7,399.0,52.0,39.0,339.0,52.0,6.3,438.0,56.0,,,,29,,Arnaud,Kalimuendo,Kalimuendo,has joined Eintracht Frankfurt on loan for the rest of the season.,,89,0,0,0,3,0,0,0,0,0,0,0,6,,,,0.0,0.0,3.03,0.0,6.07,1,1,4
715,i,0.0,0.0,4.0,672,46.0,0,0.0,0,0.0,0.3,301,40.0,11,0,2.2,304.0,27.0,0,32,0.0,455.0,57.0,0.0,2.8,0.0,66060,3,46232,54,0.0,0.0,0.0,0.0,0.0,6.13,0.0,0.0,0.0,1.26,56.4,404.0,30.0,0.0,563.0,53.0,0.0,534.0,40.0,5.7,439.0,30.0,,,,29,,John Victor,Maciel Furtado,John,Knee injury - Expected back 01 Jun,,437,0,0,1,8,0,0,0,1,0,6,5,0,,,,1.24,0.21,1.65,1.03,0.0,0,4,26
716,i,0.0,0.0,4.5,451,91.0,0,0.0,0,0.0,0.1,563,203.0,39,0,2.8,215.0,85.0,0,131,0.0,633.0,243.0,0.0,8.7,0.0,46668,1,43744,12,0.0,0.0,1.34,0.45,1.79,15.04,0.12,0.04,0.16,1.32,216.6,249.0,100.0,123.2,224.0,56.0,94.0,250.0,68.0,43.5,269.0,89.0,,,,29,,Nicolò,Savona,Savona,Knee injury - Unknown return date,,1025,2,0,3,18,0,0,0,2,0,0,11,69,,,,0.0,0.26,1.58,0.97,5.0,20,37,27
729,u,0.0,0.0,4.5,471,93.0,0,0.0,0,0.0,0.0,813,266.0,0,0,0.0,726.0,259.0,0,0,0.0,650.0,244.0,0.0,0.0,0.0,94,0,111,0,0.0,0.0,0.0,0.0,0.0,0.0,0.0,0.0,0.0,0.0,0.0,723.0,259.0,0.0,718.0,259.0,0.0,704.0,259.0,0.0,724.0,259.0,,,,29,,Luis Eduardo,Soares da Silva,Cuiabano,has joined Vasco de Gama on loan for the rest of the season.,,0,0,0,0,0,0,0,0,0,0,0,0,0,,,,0.0,0.0,0.0,0.0,0.0,0,0,0
734,a,100.0,100.0,5.9,101,66.0,0,0.0,-1,1.0,0.0,677,274.0,14,0,1.4,424.0,189.0,0,55,0.4,341.0,156.0,0.1,2.4,0.0,4445,2,4058,4,0.4,-0.1,0.5,0.68,1.18,6.73,0.13,0.18,0.31,1.77,49.8,408.0,180.0,113.9,235.0,148.0,78.0,277.0,151.0,23.8,354.0,170.0,3.0,,,29,,Dilane,Bakwa,Bakwa,,,342,0,1,0,8,0,0,0,1,0,0,3,26,,,,0.0,0.0,2.11,0.79,6.84,2,3,21
805,a,,,5.5,148,36.0,0,0.0,0,0.0,0.0,678,87.0,8,0,2.7,237.0,24.0,0,34,1.6,210.0,26.0,0.3,1.5,0.0,5429,2,3080,19,1.6,1.1,0.72,0.01,0.73,1.87,0.54,0.01,0.55,1.41,37.2,420.0,49.0,12.7,408.0,54.0,31.0,355.0,53.0,7.9,429.0,55.0,,,,29,,Lorenzo,Lucca,Lucca,,,119,1,0,1,1,0,0,0,0,0,0,1,5,,,,0.0,0.76,0.76,0.76,3.78,0,4,1
814,a,,,4.5,441,88.0,0,0.0,0,0.0,0.0,790,263.0,2,0,1.0,475.0,172.0,0,8,0.4,328.0,117.0,0.1,0.4,0.0,328,1,141,1,0.4,-0.1,0.0,0.36,0.36,0.05,0.0,0.68,0.68,0.09,7.8,467.0,170.0,1.7,456.0,167.0,2.0,448.0,169.0,1.1,481.0,171.0,,,,29,,Luca,Netz,Netz,,,48,0,0,0,0,0,0,0,0,0,0,0,1,,,,0.0,0.0,0.0,0.0,1.88,0,1,3
528,u,0.0,0.0,4.2,632,34.0,0,0.0,-3,3.0,0.2,407,60.0,0,0,0.0,638.0,88.0,0,0,0.0,523.0,81.0,0.0,0.0,0.0,10565,0,34150,18,0.0,0.0,0.0,0.0,0.0,0.0,0.0,0.0,0.0,0.0,0.0,629.0,88.0,0.0,622.0,78.0,0.0,597.0,66.0,0.0,631.0,88.0,,,,29,,Anthony,Patterson,Patterson,has joined Millwall on loan for the rest of the season.,,0,0,0,0,0,0,0,0,0,0,0,0,0,,,,0.0,0.0,0.0,0.0,0.0,0,0,0
529,a,,,3.9,742,69.0,0,0.0,-1,1.0,0.4,290,38.0,0,0,0.0,541.0,39.0,0,0,0.0,410.0,28.0,0.0,0.0,0.0,18444,5,33634,22,0.0,0.0,0.0,0.0,0.0,0.0,0.0,0.0,0.0,0.0,0.0,531.0,39.0,0.0,518.0,22.0,0.0,488.0,9.0,0.0,533.0,39.0,,,,29,,Simon,Moore,Moore,,,0,0,0,0,0,0,0,0,0,0,0,0,0,,,,0.0,0.0,0.0,0.0,0.0,0,0,0
530,u,0.0,0.0,3.9,770,86.0,0,0.0,-1,1.0,0.1,457,69.0,0,0,0.0,561.0,56.0,0,0,0.0,432.0,45.0,0.0,0.0,0.0,7473,0,13080,9,0.0,0.0,0.0,0.0,0.0,0.0,0.0,0.0,0.0,0.0,0.0,551.0,56.0,0.0,538.0,39.0,0.0,508.0,26.0,0.0,553.0,56.0,,,,29,,Blondy,Nna Noukeu,Nna Noukeu,has joined US Boulogne CO permanently.,,0,0,0,0,0,0,0,0,0,0,0,0,0,,,,0.0,0.0,0.0,0.0,0.0,0,0,0
531,a,100.0,100.0,4.6,399,68.0,0,0.0,1,-1.0,3.4,97,35.0,114,9,4.6,27.0,10.0,9,353,5.2,14.0,6.0,1.1,24.8,0.0,1148708,2828,970675,158,5.2,5.2,2.37,0.58,2.95,29.83,0.11,0.03,0.14,1.38,612.6,32.0,14.0,153.6,195.0,50.0,348.0,61.0,2.0,111.5,61.0,10.0,,,,29,,Daniel,Ballard,Ballard,,,1941,2,2,6,27,0,0,0,3,0,0,21,254,,,,0.0,0.28,1.25,0.97,11.22,30,212,60
532,a,,,4.5,443,89.0,0,0.0,0,0.0,0.3,305,112.0,85,8,2.9,200.0,78.0,6,300,3.2,92.0,34.0,0.7,18.9,0.0,75740,44,69661,24,3.2,3.2,1.56,1.01,2.57,38.86,0.06,0.04,0.1,1.46,386.6,127.0,57.0,269.8,113.0,29.0,178.0,152.0,32.0,82.5,125.0,38.0,2.0,,,29,,Trai,Hume,Hume,,,2399,0,1,8,31,0,0,0,7,0,0,27,194,,,,0.0,0.3,1.16,1.01,6.27,55,112,80
533,u,0.0,0.0,4.0,671,166.0,0,0.0,0,0.0,0.0,789,262.0,0,0,0.0,582.0,213.0,0,0,0.0,454.0,174.0,0.0,0.0,0.0,611,0,859,0,0.0,0.0,0.0,0.0,0.0,0.0,0.0,0.0,0.0,0.0,0.0,572.0,213.0,0.0,562.0,213.0,0.0,533.0,209.0,0.0,574.0,213.0,,,,29,,Aji,Alese,Alese,has joined Portsmouth on loan for the rest of the season.,,0,0,0,0,0,0,0,0,0,0,0,0,0,,,,0.0,0.0,0.0,0.0,0.0,0,0,0
535,i,0.0,0.0,4.0,682,171.0,0,0.0,0,0.0,0.0,586,209.0,13,0,2.2,305.0,114.0,0,44,0.0,465.0,179.0,0.0,3.2,0.0,7334,0,6507,12,0.0,0.0,0.0,0.02,0.02,6.04,0.0,0.01,0.01,1.84,58.2,402.0,153.0,8.7,429.0,155.0,2.0,440.0,164.0,6.8,436.0,157.0,,,,29,,Dennis,Cirkin,Cirkin,Hamstring injury - Expected back 21 Mar,,296,0,0,1,2,0,0,0,1,0,0,3,26,,,,0.0,0.3,0.61,0.91,7.91,8,18,7
536,u,0.0,0.0,4.0,690,174.0,0,0.0,0,0.0,0.0,718,250.0,0,0,0.0,598.0,219.0,0,0,0.0,472.0,181.0,0.0,0.0,0.0,1255,0,1451,0,0.0,0.0,0.0,0.0,0.0,0.0,0.0,0.0,0.0,0.0,0.0,588.0,219.0,0.0,579.0,219.0,0.0,550.0,215.0,0.0,590.0,219.0,,,,29,,Leo Fuhr,Hjelde,Hjelde,has joined Sheffield United on loan for the rest of the season.,,0,0,0,0,0,0,0,0,0,0,0,0,0,,,,0.0,0.0,0.0,0.0,0.0,0,0,0
537,u,0.0,0.0,4.0,692,175.0,0,0.0,0,0.0,0.1,537,191.0,0,0,0.0,600.0,220.0,0,0,0.0,474.0,182.0,0.0,0.0,0.0,1038,0,16159,0,0.0,0.0,0.0,0.0,0.0,0.0,0.0,0.0,0.0,0.0,0.0,590.0,220.0,0.0,581.0,220.0,0.0,552.0,216.0,0.0,592.0,220.0,,,,29,,Niall,Huggins,Huggins,has joined Wycombe Wanderers on loan for the rest of the season.,,0,0,0,0,0,0,0,0,0,0,0,0,0,,,,0.0,0.0,0.0,0.0,0.0,0,0,0
538,u,0.0,0.0,3.8,802,249.0,0,0.0,-2,2.0,0.2,368,135.0,0,0,0.0,530.0,192.0,0,0,0.0,396.0,148.0,0.0,0.0,0.0,23261,0,32849,19,0.0,0.0,0.0,0.0,0.0,0.0,0.0,0.0,0.0,0.0,0.0,520.0,192.0,0.0,504.0,190.0,0.0,473.0,184.0,0.0,522.0,192.0,,,,29,,Zak,Johnson,Johnson,has joined York City on loan for the rest of the season.,,0,0,0,0,0,0,0,0,0,0,0,0,0,,,,0.0,0.0,0.0,0.0,0.0,0,0,0
539,a,100.0,100.0,4.0,669,164.0,0,0.0,0,0.0,0.1,547,198.0,7,5,1.2,435.0,156.0,0,26,1.0,251.0,93.0,0.2,1.8,0.0,7123,13,7443,6,1.0,1.0,0.0,0.02,0.02,2.02,0.0,0.02,0.02,1.62,10.4,458.0,167.0,2.2,454.0,166.0,2.0,439.0,163.0,1.5,472.0,169.0,,,,29,,Luke,O'Nien,O'Nien,,,112,0,0,1,0,0,0,0,1,1,0,1,7,,,,0.0,0.8,0.0,0.8,5.62,3,4,5
540,u,0.0,0.0,3.9,763,222.0,0,0.0,-1,1.0,0.3,325,119.0,0,0,0.0,556.0,202.0,0,0,0.0,426.0,162.0,0.0,0.0,0.0,47547,0,47499,17,0.0,0.0,0.0,0.0,0.0,0.0,0.0,0.0,0.0,0.0,0.0,546.0,202.0,0.0,533.0,202.0,0.0,503.0,197.0,0.0,548.0,202.0,,,,29,,Timothée,Pembélé,Pembele,has joined Le Havre AC on loan for the rest of the season.,,0,0,0,0,0,0,0,0,0,0,0,0,0,,,,0.0,0.0,0.0,0.0,0.0,0,0,0
541,i,0.0,0.0,3.8,794,241.0,0,0.0,-2,2.0,3.0,109,43.0,51,0,3.0,186.0,69.0,5,181,2.2,143.0,54.0,0.6,13.4,0.0,613999,34,1042938,622,0.0,0.0,0.13,0.46,0.59,19.99,0.01,0.03,0.04,1.26,285.4,199.0,79.0,94.0,268.0,80.0,37.0,340.0,112.0,41.8,280.0,92.0,,,,29,,Reinildo,Mandava,Reinildo,Knee injury - Expected back 14 Mar,,1427,0,2,4,20,0,0,0,6,1,0,17,141,,,,0.0,0.25,1.26,1.07,7.69,27,95,67
542,u,0.0,0.0,4.0,710,187.0,0,0.0,0,0.0,0.1,504,180.0,2,0,1.0,454.0,165.0,0,11,0.0,489.0,192.0,0.0,0.5,0.0,3016,0,25216,2,0.0,0.0,0.0,0.01,0.01,1.33,0.0,0.01,0.01,0.9,33.6,425.0,159.0,2.4,452.0,165.0,0.0,566.0,224.0,3.6,454.0,163.0,,,,29,,Jenson,Seelt,Seelt,has joined Wolfsburg on loan for the rest of the season.,,133,0,0,0,2,0,0,0,0,0,0,1,18,,,,0.0,0.0,1.35,0.68,8.12,4,8,6
543,u,0.0,0.0,4.9,342,211.0,0,0.0,-6,6.0,0.4,293,100.0,34,0,2.4,290.0,126.0,3,81,0.0,735.0,310.0,0.0,6.9,0.0,90681,0,230172,30,0.0,0.0,0.35,0.62,0.97,11.3,0.05,0.09,0.14,1.57,81.4,377.0,167.0,116.8,231.0,147.0,75.0,282.0,154.0,27.0,345.0,167.0,,,,29,,Simon,Adingra,Adingra,has joined AS Monaco on loan for the rest of the season.,,649,1,1,4,8,0,0,0,2,0,0,9,45,,,,0.0,0.55,1.11,1.25,6.24,11,13,21
544,a,100.0,100.0,5.3,202,125.0,0,0.0,-2,2.0,0.1,500,181.0,44,7,3.7,102.0,46.0,3,137,5.2,15.0,7.0,1.0,8.3,0.0,15119,321,18776,16,5.2,5.2,2.03,0.41,2.44,12.97,0.2,0.04,0.24,1.26,110.2,344.0,155.0,67.4,308.0,173.0,155.0,178.0,97.0,32.6,323.0,158.0,,,1.0,29,,Habib,Diarra,Diarra,,,925,2,3,4,9,0,0,0,4,0,0,10,55,,,,0.0,0.39,0.88,0.97,5.35,10,16,29
545,u,0.0,0.0,5.4,158,98.0,0,0.0,-1,1.0,0.0,726,303.0,1,0,1.0,501.0,233.0,0,4,0.0,775.0,338.0,0.0,0.2,0.0,462,0,4081,0,0.0,0.0,0.03,0.02,0.05,0.66,0.1,0.07,0.17,2.2,1.8,491.0,226.0,7.3,433.0,210.0,5.0,429.0,210.0,1.4,478.0,220.0,,,,29,,Patrick,Roberts,Roberts,has joined Birmingham City permanently.,,27,0,0,0,1,0,0,0,0,0,0,0,1,,,,0.0,0.0,3.33,0.0,3.33,0,0,1
546,a,100.0,100.0,4.9,347,216.0,0,0.0,-1,1.0,0.0,691,284.0,0,0,0.0,781.0,340.0,0,0,0.0,738.0,313.0,0.0,0.0,0.0,461,1,3462,1,0.0,0.0,0.0,0.0,0.0,0.0,0.0,0.0,0.0,0.0,0.0,780.0,339.0,0.0,776.0,339.0,0.0,772.0,337.0,0.0,780.0,339.0,,,,29,,Milan,Aleksić,Aleksić,,,0,0,0,0,0,0,0,0,0,0,0,0,0,,,,0.0,0.0,0.0,0.0,0.0,0,0,0
547,a,100.0,100.0,5.0,266,162.0,0,0.0,0,0.0,1.4,166,57.0,107,5,3.8,88.0,40.0,8,431,4.3,39.0,19.0,0.9,21.4,0.0,367064,378,243312,235,4.3,4.3,4.58,2.93,7.51,37.39,0.18,0.11,0.29,1.47,533.2,57.0,15.0,566.7,19.0,19.0,201.0,127.0,73.0,130.2,35.0,25.0,3.0,2.0,2.0,29,,Enzo,Le Fée,E.Le Fée,,,2295,4,4,8,31,0,0,1,5,0,0,26,246,,,,0.0,0.31,1.22,1.02,9.65,67,63,116
548,i,0.0,0.0,4.9,331,205.0,0,0.0,-1,1.0,0.0,747,318.0,14,0,1.0,492.0,225.0,0,42,0.7,298.0,135.0,0.1,2.9,0.0,1119,1,1569,3,0.0,0.0,0.87,0.48,1.35,8.54,0.2,0.11,0.31,1.93,29.4,431.0,190.0,33.6,369.0,189.0,69.0,291.0,157.0,12.7,402.0,183.0,,,,29,,Romaine,Mundle,Mundle,Hamstring injury - Expected back 22 Mar,,399,0,0,0,11,0,0,0,1,0,0,2,33,,,,0.0,0.0,2.48,0.45,7.44,5,6,22
549,u,0.0,0.0,4.8,362,226.0,0,0.0,-2,2.0,0.0,650,260.0,3,0,1.0,490.0,224.0,0,10,0.0,702.0,289.0,0.0,0.6,0.0,1972,0,4632,1,0.0,0.0,0.0,0.0,0.0,0.64,0.0,0.0,0.0,4.43,3.0,484.0,222.0,1.4,463.0,223.0,0.0,750.0,324.0,0.4,494.0,227.0,,,,29,,Dan,Neil,Neil,has joined Ipswich Town on loan for the rest of the season.,,13,0,0,0,0,0,0,0,0,0,0,0,2,,,,0.0,0.0,0.0,0.0,13.85,0,2,0
550,a,,,4.8,359,225.0,0,0.0,-2,2.0,0.0,662,267.0,0,0,0.0,763.0,327.0,0,0,0.0,700.0,288.0,0.0,0.0,0.0,1050,1,2734,1,0.0,0.0,0.0,0.0,0.0,0.0,0.0,0.0,0.0,0.0,0.0,762.0,326.0,0.0,757.0,326.0,0.0,749.0,323.0,0.0,762.0,326.0,,,,29,,Ian,Poveda-Ocampo,Poveda,,,0,0,0,0,0,0,0,0,0,0,0,0,0,,,,0.0,0.0,0.0,0.0,0.0,0,0,0
551,a,,,4.7,392,245.0,0,0.0,-3,3.0,0.0,597,226.0,16,1,1.5,410.0,180.0,0,51,0.2,365.0,165.0,0.0,3.4,0.0,5784,4,9171,3,0.2,0.2,0.32,0.35,0.67,5.39,0.08,0.08,0.16,1.29,20.2,446.0,197.0,48.4,343.0,184.0,21.0,379.0,192.0,8.9,422.0,190.0,,,,29,,Chris,Rigg,Rigg,,,376,0,0,2,2,0,0,0,0,0,0,6,28,,,,0.0,0.48,0.48,1.44,6.7,6,7,15
552,a,100.0,100.0,4.9,345,214.0,0,0.0,-1,1.0,0.1,565,208.0,58,3,2.4,291.0,127.0,0,299,2.2,154.0,63.0,0.4,11.8,0.0,10670,8,11913,5,2.2,2.2,0.37,0.94,1.31,30.35,0.02,0.04,0.06,1.29,255.8,217.0,94.0,200.9,162.0,111.0,65.0,296.0,159.0,52.3,236.0,118.0,,,,29,,Noah,Sadiki,Sadiki,,,2114,0,1,7,28,0,0,0,6,0,0,24,186,,,,0.0,0.3,1.19,1.02,7.92,35,74,77
553,a,100.0,100.0,4.9,343,212.0,0,0.0,-1,1.0,0.2,411,139.0,65,0,3.1,178.0,75.0,5,193,2.2,153.0,62.0,0.4,13.3,0.0,60194,9,70459,16,2.2,2.2,1.34,0.59,1.92,15.56,0.11,0.05,0.16,1.22,178.2,280.0,120.0,171.7,183.0,123.0,160.0,169.0,93.0,50.5,249.0,125.0,,,,29,,Chemsdine,Talbi,Talbi,,,1146,3,2,6,10,0,0,0,0,0,0,12,71,,,,0.0,0.47,0.79,0.94,5.58,8,15,48
554,a,,,4.3,592,347.0,0,0.0,-2,2.0,0.3,298,102.0,0,0,0.0,648.0,244.0,0,0,0.0,544.0,180.0,0.0,0.0,0.0,81378,7,78050,31,0.0,0.0,0.0,0.0,0.0,0.0,0.0,0.0,0.0,0.0,0.0,638.0,234.0,0.0,633.0,239.0,0.0,609.0,227.0,0.0,640.0,236.0,,,,29,,Abdoullah,Ba,Ba,,,0,0,0,0,0,0,0,0,0,0,0,0,0,,,,0.0,0.0,0.0,0.0,0.0,0,0,0
555,u,0.0,0.0,4.5,413,252.0,0,0.0,0,0.0,0.0,644,256.0,0,0,0.0,693.0,272.0,0,0,0.0,608.0,218.0,0.0,0.0,0.0,1291,0,9840,2,0.0,0.0,0.0,0.0,0.0,0.0,0.0,0.0,0.0,0.0,0.0,687.0,266.0,0.0,681.0,269.0,0.0,662.0,261.0,0.0,689.0,268.0,,,,29,,Alan,Browne,Browne,has joined Middlesbrough on loan for the rest of the season.,,0,0,0,0,0,0,0,0,0,0,0,0,0,,,,0.0,0.0,0.0,0.0,0.0,0,0,0
556,u,0.0,0.0,4.5,436,260.0,0,0.0,0,0.0,0.0,773,333.0,0,0,0.0,704.0,279.0,0,0,0.0,623.0,226.0,0.0,0.0,0.0,0,0,1802,0,0.0,0.0,0.0,0.0,0.0,0.0,0.0,0.0,0.0,0.0,0.0,698.0,273.0,0.0,695.0,276.0,0.0,678.0,269.0,0.0,700.0,275.0,,,,29,,Pierre,Ekwah Elimby,Ekwah,Has joined AS Saint-Etienne permanently.,,0,0,0,0,0,0,0,0,0,0,0,0,0,,,,0.0,0.0,0.0,0.0,0.0,0,0,0
557,a,,,4.3,609,355.0,0,0.0,-2,2.0,0.1,535,196.0,0,0,0.0,655.0,249.0,0,0,0.0,557.0,188.0,0.0,0.0,0.0,8617,4,10324,6,0.0,0.0,0.0,0.0,0.0,0.0,0.0,0.0,0.0,0.0,0.0,645.0,239.0,0.0,641.0,244.0,0.0,618.0,233.0,0.0,647.0,241.0,,,,29,,Harrison,Jones,H.Jones,,,0,0,0,0,0,0,0,0,0,0,0,0,0,,,,0.0,0.0,0.0,0.0,0.0,0,0,0
558,u,0.0,0.0,4.3,599,350.0,0,0.0,-2,2.0,0.2,395,133.0,0,0,0.0,650.0,246.0,0,0,0.0,549.0,183.0,0.0,0.0,0.0,30710,0,45157,9,0.0,0.0,0.0,0.0,0.0,0.0,0.0,0.0,0.0,0.0,0.0,640.0,236.0,0.0,635.0,241.0,0.0,611.0,229.0,0.0,642.0,238.0,,,,29,,Jay,Matete,Matete,has joined MK Dons permanently.,,0,0,0,0,0,0,0,0,0,0,0,0,0,,,,0.0,0.0,0.0,0.0,0.0,0,0,0
559,u,0.0,0.0,4.4,549,327.0,0,0.0,-1,1.0,0.0,643,255.0,0,0,0.0,674.0,261.0,0,0,0.0,583.0,202.0,0.0,0.0,0.0,2951,0,8629,0,0.0,0.0,0.0,0.0,0.0,0.0,0.0,0.0,0.0,0.0,0.0,665.0,252.0,0.0,661.0,257.0,0.0,639.0,246.0,0.0,667.0,254.0,,,,29,,Nectarios,Triantis,Triantis,has joined Minnesota United permanently.,,0,0,0,0,0,0,0,0,0,0,0,0,0,,,,0.0,0.0,0.0,0.0,0.0,0,0,0
560,a,100.0,100.0,5.1,234,52.0,0,0.0,-4,4.0,1.4,165,26.0,60,4,2.3,300.0,32.0,7,193,1.5,216.0,28.0,0.3,11.8,0.0,963137,94,869133,153,1.5,1.5,3.73,0.17,3.9,17.92,0.32,0.01,0.33,1.53,168.8,288.0,28.0,24.2,387.0,51.0,384.0,50.0,20.0,57.6,216.0,27.0,,,,29,,Wilson,Isidor,Isidor,,,1057,4,1,4,15,0,0,0,1,0,0,11,44,,,,0.0,0.34,1.28,0.94,3.75,9,16,19
561,a,,,5.2,218,50.0,0,0.0,-3,3.0,0.5,253,39.0,37,1,2.2,310.0,33.0,5,117,1.8,189.0,23.0,0.3,7.1,0.0,268860,73,304936,39,1.8,1.8,2.13,0.22,2.35,12.66,0.26,0.03,0.29,1.55,115.6,339.0,34.0,53.5,333.0,38.0,188.0,145.0,35.0,35.3,308.0,36.0,,,,29,,Eliezer,Mayenda Dossou,Mayenda,,,736,2,0,3,9,0,0,0,0,0,0,8,26,,,,0.0,0.37,1.1,0.98,3.18,5,7,14
562,a,,,4.2,647,91.0,0,0.0,-3,3.0,0.5,267,42.0,0,0,0.0,643.0,65.0,0,0,0.0,533.0,53.0,0.0,0.0,0.0,67640,23,89311,74,0.0,0.0,0.0,0.0,0.0,0.0,0.0,0.0,0.0,0.0,0.0,634.0,65.0,0.0,628.0,64.0,0.0,603.0,64.0,0.0,636.0,65.0,,,,29,,Ahmed,Abdullahi,Abdullahi,,,0,0,0,0,0,0,0,0,0,0,0,0,0,,,,0.0,0.0,0.0,0.0,0.0,0,0,0
563,u,0.0,0.0,4.4,559,80.0,0,0.0,-1,1.0,0.1,511,72.0,0,0,0.0,680.0,72.0,0,0,0.0,591.0,62.0,0.0,0.0,0.0,5979,0,20362,1,0.0,0.0,0.0,0.0,0.0,0.0,0.0,0.0,0.0,0.0,0.0,672.0,72.0,0.0,667.0,71.0,0.0,647.0,71.0,0.0,674.0,72.0,,,,29,,Luís Hemir,Silva Semedo,Luís Hemir,has joined Moreirense on loan for the rest of the season.,,0,0,0,0,0,0,0,0,0,0,0,0,0,,,,0.0,0.0,0.0,0.0,0.0,0,0,0
564,u,0.0,0.0,4.4,539,77.0,0,0.0,-1,1.0,0.1,513,73.0,0,0,0.0,670.0,69.0,0,0,0.0,578.0,59.0,0.0,0.0,0.0,3530,0,20176,4,0.0,0.0,0.0,0.0,0.0,0.0,0.0,0.0,0.0,0.0,0.0,660.0,69.0,0.0,656.0,68.0,0.0,634.0,68.0,0.0,662.0,69.0,,,,29,,Nazarii,Rusyn,Rusyn,has joined Arka on loan for the rest of the season.,,0,0,0,0,0,0,0,0,0,0,0,0,0,,,,0.0,0.0,0.0,0.0,0.0,0,0,0
668,a,100.0,100.0,5.1,222,137.0,0,0.0,1,-1.0,3.4,100,32.0,94,1,3.8,89.0,41.0,5,455,0.7,299.0,136.0,0.1,18.4,0.0,1363973,164,1338780,370,0.7,0.7,0.59,2.29,2.88,33.66,0.03,0.1,0.13,1.45,543.0,52.0,14.0,444.3,37.0,35.0,81.0,271.0,148.0,106.8,71.0,44.0,1.0,1.0,,29,,Granit,Xhaka,Xhaka,,,2090,1,5,7,25,0,0,0,4,0,0,23,260,,,,0.0,0.3,1.08,0.99,11.2,36,109,115
670,a,,,4.9,338,13.0,0,0.0,4,-4.0,11.3,30,6.0,110,0,3.9,78.0,8.0,9,474,2.0,169.0,16.0,0.4,22.4,0.0,2167440,316,929294,3921,2.0,2.0,0.0,0.1,0.1,41.0,0.0,0.0,0.0,1.46,704.0,10.0,2.0,40.0,354.0,2.0,0.0,770.0,88.0,74.3,147.0,2.0,,,,29,,Robin,Roefs,Roefs,,,2520,0,0,8,34,0,1,0,3,0,85,28,110,,,,3.04,0.29,1.21,1.0,0.0,0,33,277
678,u,0.0,0.0,3.9,747,214.0,0,0.0,-1,1.0,0.5,259,97.0,1,0,0.3,517.0,180.0,0,4,0.0,415.0,159.0,0.0,0.3,0.0,52353,0,82610,26,0.0,0.0,0.07,0.08,0.15,2.09,0.05,0.06,0.11,1.5,21.8,441.0,164.0,20.1,392.0,142.0,7.0,417.0,157.0,4.9,446.0,160.0,,,,29,,Arthur,Masuaku,Masuaku,has joined RC Lens on loan for the rest of the season.,,125,0,0,0,2,0,0,0,1,0,0,2,13,,,,0.0,0.0,1.44,1.44,7.2,4,6,3
683,a,100.0,100.0,4.1,651,156.0,0,0.0,1,-1.0,6.5,58,20.0,100,7,4.0,57.0,23.0,5,334,3.5,69.0,22.0,0.9,24.4,0.0,1575252,1306,918875,300,3.5,3.5,1.23,0.82,2.04,35.41,0.05,0.03,0.08,1.47,629.8,26.0,11.0,118.9,229.0,60.0,207.0,115.0,19.0,96.0,91.0,23.0,,,,29,,Omar,Alderete,Alderete,,,2173,1,1,8,29,0,0,0,5,0,0,24,276,,,,0.0,0.33,1.2,0.99,10.44,25,227,75
694,i,0.0,0.0,4.5,416,78.0,0,0.0,5,-5.0,9.5,36,13.0,115,0,4.6,26.0,9.0,8,397,2.2,146.0,56.0,0.5,25.6,0.0,2464034,50,1336617,9448,0.0,0.0,1.02,2.01,3.03,35.72,0.04,0.08,0.12,1.49,559.0,48.0,21.0,278.7,105.0,25.0,141.0,196.0,47.0,97.9,86.0,20.0,,,,29,,Nordi,Mukiele,Mukiele,Calf injury - Expected back 14 Mar,,2163,1,5,7,28,1,0,0,4,0,0,25,253,,,,0.0,0.29,1.17,1.04,9.36,57,168,101
724,a,,,4.5,425,84.0,0,0.0,0,0.0,0.1,580,208.0,41,1,1.8,367.0,140.0,0,172,1.5,214.0,83.0,0.3,9.1,0.0,9483,10,6413,9,1.5,1.5,0.44,0.7,1.14,25.45,0.03,0.05,0.08,1.86,207.2,255.0,104.0,106.9,247.0,70.0,46.0,326.0,106.0,36.0,302.0,101.0,,,,29,,Lutsharel,Geertruida,Geertruida,,,1232,0,0,2,19,0,0,0,0,0,0,12,104,,,,0.0,0.15,1.39,0.88,6.43,31,57,52
730,i,0.0,0.0,5.4,171,41.0,0,0.0,-1,1.0,0.7,212,32.0,62,0,2.8,224.0,21.0,8,224,1.0,264.0,33.0,0.2,11.5,0.0,334678,6,253260,1027,0.0,0.0,2.6,0.41,3.01,21.13,0.2,0.03,0.23,1.59,236.4,234.0,20.0,95.8,264.0,25.0,264.0,94.0,27.0,58.2,211.0,26.0,,,,29,,Brian,Brobbey,Brobbey,Groin Injury - Expected back 14 Mar,,1193,5,1,4,17,0,0,0,3,0,0,13,50,,,,0.0,0.3,1.28,0.98,3.77,7,12,31
735,a,100.0,100.0,5.5,136,84.0,0,0.0,0,0.0,0.0,636,250.0,30,1,2.5,278.0,118.0,1,118,0.3,345.0,159.0,0.1,5.5,0.0,13811,5,12944,9,0.3,0.3,0.48,0.25,0.73,9.74,0.07,0.04,0.11,1.38,115.6,340.0,152.0,108.7,245.0,152.0,135.0,202.0,113.0,35.9,303.0,149.0,,,,29,,Bertrand,Traoré,Traoré,,,634,1,1,3,9,0,0,0,1,0,0,9,40,,,,0.0,0.43,1.28,1.28,5.68,11,11,18
774,a,,,4.0,675,168.0,0,0.0,0,0.0,0.0,688,240.0,0,0,0.0,585.0,215.0,0,0,0.0,458.0,176.0,0.0,0.0,0.0,1449,3,785,5,0.0,0.0,0.0,0.0,0.0,0.0,0.0,0.0,0.0,0.0,0.0,575.0,215.0,0.0,566.0,215.0,0.0,537.0,211.0,0.0,577.0,215.0,,,,29,,Jenson,Jones,Jenson Jones,,,0,0,0,0,0,0,0,0,0,0,0,0,0,,,,0.0,0.0,0.0,0.0,0.0,0,0,0
775,u,0.0,0.0,4.5,491,302.0,0,0.0,0,0.0,0.0,817,365.0,0,0,0.0,741.0,310.0,0,0,0.0,668.0,264.0,0.0,0.0,0.0,160,0,139,0,0.0,0.0,0.0,0.0,0.0,0.0,0.0,0.0,0.0,0.0,0.0,739.0,308.0,0.0,733.0,308.0,0.0,720.0,304.0,0.0,739.0,308.0,,,,29,,Tymur,Tutierov,Tutierov,has joined Exeter City on loan for the rest of the season.,,0,0,0,0,0,0,0,0,0,0,0,0,0,,,,0.0,0.0,0.0,0.0,0.0,0,0,0
800,i,0.0,0.0,5.0,285,178.0,0,0.0,0,0.0,0.0,815,363.0,1,0,1.0,497.0,229.0,0,4,0.2,370.0,170.0,0.0,0.2,0.0,135,0,91,1,0.0,0.0,0.0,0.04,0.04,0.24,0.0,0.09,0.09,0.57,3.4,480.0,219.0,4.3,443.0,214.0,2.0,456.0,224.0,1.0,484.0,222.0,1.0,,,29,,Djiamgone Jocelin Ta,Bi,Jocelin.T,Ankle injury - Expected back 22 Mar,,38,0,0,0,0,0,0,0,0,0,0,1,3,,,,0.0,0.0,0.0,2.37,7.11,1,0,2
812,a,,,4.0,703,61.0,0,0.0,0,0.0,0.0,758,87.0,10,10,10.0,1.0,1.0,3,32,2.0,162.0,15.0,0.5,2.5,0.0,832,148,225,2,2.0,2.0,0.0,0.0,0.0,1.16,0.0,0.0,0.0,1.16,25.6,438.0,32.0,0.0,590.0,68.0,0.0,561.0,55.0,2.6,463.0,32.0,,,,29,,Melker,Ellborg,Ellborg,,,90,0,0,1,0,0,0,0,0,0,4,1,0,,,,4.0,1.0,0.0,1.0,0.0,0,2,11
813,a,,,5.0,276,171.0,0,0.0,0,0.0,0.0,770,330.0,9,3,1.8,372.0,160.0,0,27,1.8,188.0,79.0,0.4,1.8,0.0,797,7,297,1,1.8,1.8,0.49,0.08,0.57,5.68,0.17,0.03,0.2,2.01,34.2,423.0,187.0,28.3,379.0,193.0,62.0,303.0,164.0,12.4,405.0,184.0,,,,29,,Nilson,Angulo,Angulo,,,254,0,0,1,4,0,0,0,0,0,0,3,22,,,,0.0,0.35,1.42,1.06,7.8,7,9,6
565,a,,,4.7,381,16.0,0,0.0,-3,3.0,5.7,64,10.0,84,0,3.0,192.0,21.0,6,394,1.2,240.0,20.0,0.3,17.9,0.0,1350953,40,1399913,531,0.7,1.2,0.0,0.02,0.02,41.25,0.0,0.0,0.0,1.47,638.8,24.0,8.0,0.1,488.0,15.0,0.0,743.0,81.0,64.1,194.0,9.0,,,,29,,Guglielmo,Vicario,Vicario,,,2520,0,0,7,43,0,0,0,1,0,75,28,97,,,,2.68,0.25,1.54,1.0,0.0,1,33,227
566,a,,,3.9,754,78.0,0,0.0,-1,1.0,0.3,322,45.0,0,0,0.0,550.0,48.0,0,0,0.0,420.0,37.0,0.0,0.0,0.0,20947,8,24311,5,-0.5,0.0,0.0,0.0,0.0,0.0,0.0,0.0,0.0,0.0,0.0,540.0,48.0,0.0,527.0,31.0,0.0,497.0,18.0,0.0,542.0,48.0,,,,29,,Brandon,Austin,Austin,,,0,0,0,0,0,0,0,0,0,0,0,0,0,,,,0.0,0.0,0.0,0.0,0.0,0,0,0
567,a,,,3.9,769,85.0,0,0.0,-1,1.0,1.6,155,19.0,0,0,0.0,560.0,55.0,0,0,0.0,431.0,44.0,0.0,0.0,0.0,125924,16,175043,66,-0.5,0.0,0.0,0.0,0.0,0.0,0.0,0.0,0.0,0.0,0.0,550.0,55.0,0.0,537.0,38.0,0.0,507.0,25.0,0.0,552.0,55.0,,,,29,,Antonín,Kinský,Kinsky,,,0,0,0,0,0,0,0,0,0,0,0,0,0,,,,0.0,0.0,0.0,0.0,0.0,0,0,0
568,a,100.0,100.0,5.1,235,33.0,0,0.0,-4,4.0,9.3,40,14.0,79,0,3.3,151.0,56.0,4,348,0.0,760.0,258.0,0.0,15.5,0.0,1472518,160,3019043,328,-0.5,0.0,0.56,2.89,3.45,27.53,0.03,0.14,0.17,1.3,433.6,91.0,41.0,541.7,22.0,1.0,94.0,252.0,70.0,107.1,69.0,12.0,2.0,2.0,,29,,Pedro,Porro Sauceda,Pedro Porro,,,1910,0,3,7,26,0,0,0,6,0,0,22,179,,,,0.0,0.33,1.23,1.04,6.79,47,97,97
569,s,0.0,0.0,5.0,253,38.0,0,0.0,0,0.0,3.1,106,41.0,89,0,4.2,48.0,21.0,10,288,-0.6,820.0,266.0,-0.1,17.8,0.0,1016474,1,1199618,485,0.0,0.0,1.33,1.2,2.53,25.77,0.07,0.06,0.13,1.36,543.2,51.0,23.0,110.8,240.0,67.0,206.0,122.0,22.0,86.0,116.0,36.0,,,,29,,Cristian,Romero,Romero,Suspended until 15 Mar,,1710,4,1,5,29,0,0,0,8,2,0,20,209,,,,0.0,0.26,1.53,1.05,9.58,53,129,80
570,a,100.0,100.0,4.2,627,141.0,0,0.0,-3,3.0,0.1,439,163.0,28,0,2.0,326.0,119.0,1,115,0.2,353.0,126.0,0.0,6.7,0.0,17129,11,30697,7,-0.3,0.2,0.03,0.18,0.21,10.71,0.0,0.02,0.02,1.46,194.8,262.0,106.0,9.2,428.0,154.0,8.0,412.0,153.0,21.3,363.0,126.0,,,,29,,Kevin,Danso,Danso,,,659,0,0,2,12,0,0,0,4,0,0,8,100,,,,0.0,0.27,1.64,1.09,12.7,13,80,29
571,i,0.0,0.0,4.3,578,125.0,0,0.0,-2,2.0,0.1,539,193.0,10,0,3.3,145.0,52.0,1,29,0.0,539.0,227.0,0.0,2.3,0.0,4411,0,11945,7,0.0,0.0,0.49,0.07,0.56,1.11,0.32,0.05,0.37,0.73,67.4,390.0,148.0,22.2,389.0,139.0,52.0,320.0,103.0,14.2,391.0,141.0,,,,29,,Ben,Davies,Davies,Ankle injury - Unknown return date,,136,1,0,0,3,0,0,0,1,0,0,2,14,,,,0.0,0.0,1.99,1.32,9.26,5,9,5
572,a,100.0,100.0,4.5,448,90.0,0,0.0,0,0.0,0.0,672,236.0,11,0,1.6,390.0,147.0,0,18,1.6,198.0,77.0,0.4,2.4,0.0,3198,3,2355,13,1.1,1.6,0.31,0.0,0.31,10.24,0.07,0.0,0.07,2.18,99.2,356.0,135.0,2.7,449.0,163.0,27.0,361.0,121.0,12.9,400.0,145.0,,,,29,,Radu,Drăgușin,Dragusin,,,423,0,0,0,12,0,0,0,0,0,0,4,57,,,,0.0,0.0,2.55,0.85,12.13,3,54,11
573,d,75.0,75.0,4.2,633,145.0,0,0.0,-3,3.0,0.9,196,76.0,55,0,2.5,266.0,104.0,1,209,0.0,524.0,218.0,0.0,13.1,0.0,299299,3,358100,165,-0.4,0.0,0.82,1.73,2.55,28.15,0.04,0.09,0.13,1.5,233.2,235.0,91.0,190.1,173.0,42.0,153.0,179.0,42.0,57.5,217.0,73.0,,,,29,,Djed,Spence,Spence,Knock - 75% chance of playing,,1686,0,0,7,27,0,0,0,4,0,0,19,113,,,,0.0,0.37,1.44,1.01,4.75,31,58,95
574,i,0.0,0.0,4.3,594,136.0,0,0.0,-2,2.0,0.3,319,118.0,15,0,1.2,437.0,158.0,0,62,0.0,545.0,229.0,0.0,3.5,0.0,50367,1,113353,11,0.0,0.0,0.16,0.51,0.67,13.98,0.02,0.06,0.08,1.58,144.0,309.0,118.0,122.3,226.0,58.0,82.0,267.0,75.0,34.9,311.0,105.0,,,,29,,Destiny,Udogie,Udogie,Hamstring injury - Expected back 15 Mar,,794,0,1,0,17,0,0,0,2,0,0,8,61,,,,0.0,0.0,1.93,0.91,4.53,19,21,47
575,a,100.0,100.0,4.4,547,119.0,-1,1.0,-1,1.0,22.1,17,5.0,100,0,3.8,84.0,30.0,10,356,0.8,273.0,99.0,0.2,22.7,0.0,3492813,430,4011798,3929,0.3,0.8,2.79,0.34,3.13,37.13,0.11,0.01,0.12,1.43,583.2,40.0,16.0,79.6,297.0,94.0,204.0,124.0,23.0,86.6,113.0,34.0,,,,29,,Micky,van de Ven,Van de Ven,,,2329,4,1,7,39,0,0,0,7,0,0,26,210,,,,0.0,0.27,1.51,1.0,6.72,30,144,92
576,u,0.0,0.0,4.0,711,188.0,0,0.0,0,0.0,0.0,732,254.0,0,0,0.0,613.0,228.0,0,0,0.0,490.0,193.0,0.0,0.0,0.0,0,0,1994,1,0.0,0.0,0.0,0.0,0.0,0.0,0.0,0.0,0.0,0.0,0.0,603.0,228.0,0.0,595.0,228.0,0.0,567.0,225.0,0.0,605.0,228.0,,,,29,,Ashley,Phillips,Phillips,Has joined Stoke City on loan for the rest of the season.,,0,0,0,0,0,0,0,0,0,0,0,0,0,,,,0.0,0.0,0.0,0.0,0.0,0,0,0
579,u,0.0,0.0,8.5,10,6.0,0,0.0,0,0.0,0.1,443,151.0,0,0,0.0,820.0,368.0,0,0,0.0,817.0,368.0,0.0,0.0,0.0,0,0,25534,4,0.0,0.0,0.0,0.0,0.0,0.0,0.0,0.0,0.0,0.0,0.0,820.0,368.0,0.0,820.0,368.0,0.0,820.0,368.0,0.0,820.0,368.0,,,,29,,Son,Heung-min,Son,has joined Los Angeles FC permanently.,,0,0,0,0,0,0,0,0,0,0,0,0,0,,,,0.0,0.0,0.0,0.0,0.0,0,0,0
581,i,0.0,0.0,6.8,42,26.0,0,0.0,-2,2.0,0.1,442,150.0,0,0,0.0,817.0,365.0,0,0,0.0,810.0,363.0,0.0,0.0,0.0,1735,3,23791,3,0.0,0.0,0.0,0.0,0.0,0.0,0.0,0.0,0.0,0.0,0.0,817.0,365.0,0.0,817.0,365.0,0.0,817.0,365.0,0.0,817.0,365.0,,,,29,,James,Maddison,Maddison,Anterior cruciate ligament - Unknown return date,,0,0,0,0,0,0,0,0,0,0,0,0,0,,,,0.0,0.0,0.0,0.0,0.0,0,0,0
582,i,0.0,0.0,6.4,59,38.0,0,0.0,-1,1.0,9.5,37,12.0,75,0,3.9,80.0,38.0,7,257,0.0,807.0,362.0,0.0,11.7,0.0,3263261,1,5198417,455,0.0,0.0,1.92,2.41,4.33,22.74,0.11,0.14,0.25,1.33,333.4,155.0,56.0,413.8,43.0,39.0,302.0,76.0,45.0,104.7,73.0,45.0,3.0,4.0,3.0,29,,Mohammed,Kudus,Kudus,Thigh injury - Expected back 11 Apr,,1535,2,6,7,20,0,0,0,3,0,0,19,133,,,,0.0,0.41,1.17,1.11,7.8,29,9,95
583,i,0.0,0.0,6.4,58,37.0,0,0.0,-1,1.0,0.0,721,300.0,0,0,0.0,814.0,364.0,0,0,0.0,806.0,361.0,0.0,0.0,0.0,989,1,2085,2,0.0,0.0,0.0,0.0,0.0,0.0,0.0,0.0,0.0,0.0,0.0,814.0,364.0,0.0,814.0,364.0,0.0,814.0,364.0,0.0,814.0,364.0,,,,29,,Dejan,Kulusevski,Kulusevski,Knee injury - Unknown return date,,0,0,0,0,0,0,0,0,0,0,0,0,0,,,,0.0,0.0,0.0,0.0,0.0,0,0,0
584,a,,,6.2,78,52.0,0,0.0,-3,3.0,0.1,433,145.0,50,0,2.4,295.0,129.0,5,160,0.8,293.0,132.0,0.1,8.1,0.0,40218,13,46059,21,0.3,0.8,1.67,0.82,2.48,10.21,0.23,0.11,0.34,1.39,160.6,295.0,131.0,170.4,185.0,124.0,193.0,138.0,78.0,52.7,234.0,117.0,4.0,,,29,,Mathys,Tel,Tel,,,661,3,1,1,13,0,0,0,0,0,0,6,61,,,,0.0,0.14,1.77,0.82,8.31,11,6,44
585,i,0.0,0.0,5.2,207,128.0,0,0.0,-3,3.0,0.2,405,137.0,64,0,3.2,162.0,69.0,3,269,0.0,765.0,331.0,0.0,12.3,0.0,56882,0,66431,8,0.0,0.0,0.45,0.68,1.13,20.56,0.03,0.04,0.07,1.32,268.6,211.0,90.0,159.7,192.0,127.0,85.0,264.0,146.0,51.6,242.0,122.0,,,,29,,Rodrigo,Bentancur,Bentancur,Hamstring injury - Unknown return date,,1407,1,1,5,21,0,0,0,5,0,0,17,207,,,,0.0,0.32,1.34,1.09,13.24,37,69,101
586,i,0.0,0.0,5.2,219,136.0,0,0.0,-3,3.0,0.2,393,132.0,39,0,2.3,301.0,131.0,0,139,0.0,768.0,334.0,0.0,7.5,0.0,102332,0,111157,5,0.0,0.0,0.96,0.39,1.35,10.21,0.11,0.04,0.15,1.15,137.4,317.0,142.0,81.4,292.0,169.0,133.0,204.0,114.0,35.3,309.0,151.0,,,,29,,Lucas,Bergvall,Bergvall,Ankle injury - Unknown return date,,799,1,2,3,13,0,0,0,2,0,0,10,68,,,,0.0,0.34,1.46,1.13,7.66,20,14,34
587,a,100.0,100.0,5.2,210,129.0,0,0.0,-3,3.0,0.0,581,216.0,13,0,1.9,352.0,151.0,0,83,1.4,226.0,93.0,0.3,2.5,0.0,3214,6,14553,9,0.9,1.4,0.36,0.08,0.44,10.34,0.08,0.02,0.1,2.25,74.2,387.0,172.0,17.9,398.0,198.0,23.0,369.0,190.0,11.5,409.0,187.0,,,,29,,Yves,Bissouma,Bissouma,,,413,0,0,0,13,0,0,0,2,0,0,5,61,,,,0.0,0.0,2.83,1.09,13.29,15,23,23
588,i,0.0,0.0,5.3,203,126.0,0,0.0,-2,2.0,0.0,593,222.0,46,0,1.9,354.0,152.0,6,176,0.4,338.0,153.0,0.1,8.7,0.0,16361,2,17724,10,0.0,0.0,1.92,1.21,3.13,14.24,0.18,0.11,0.29,1.32,158.8,297.0,133.0,284.3,102.0,74.0,234.0,104.0,65.0,67.6,175.0,90.0,,,,29,,Wilson,Odobert,Odobert,Knee injury - Unknown return date,,972,0,2,2,13,0,0,0,0,0,0,10,77,,,,0.0,0.19,1.2,0.93,7.13,10,14,53
589,u,0.0,0.0,5.4,167,104.0,0,0.0,-1,1.0,0.0,762,325.0,0,0,0.0,801.0,354.0,0,0,0.0,780.0,341.0,0.0,0.0,0.0,115,0,1476,0,0.0,0.0,0.0,0.0,0.0,0.0,0.0,0.0,0.0,0.0,0.0,800.0,353.0,0.0,799.0,353.0,0.0,797.0,352.0,0.0,800.0,353.0,,,,29,,Manor,Solomon,Solomon,has joined Fiorentina on loan for the rest of the season.,,0,0,0,0,0,0,0,0,0,0,0,0,0,,,,0.0,0.0,0.0,0.0,0.0,0,0,0
590,u,0.0,0.0,4.9,326,202.0,0,0.0,-1,1.0,0.0,658,264.0,0,0,0.0,774.0,335.0,0,0,0.0,727.0,306.0,0.0,0.0,0.0,675,0,4479,0,0.0,0.0,0.0,0.0,0.0,0.0,0.0,0.0,0.0,0.0,0.0,773.0,334.0,0.0,769.0,334.0,0.0,764.0,332.0,0.0,773.0,334.0,,,,29,,Bryan,Gil Salvatierra,Bryan,has joined Girona permanently.,,0,0,0,0,0,0,0,0,0,0,0,0,0,,,,0.0,0.0,0.0,0.0,0.0,0,0,0
591,a,100.0,100.0,4.8,372,233.0,0,0.0,-2,2.0,0.1,416,142.0,48,0,2.7,233.0,97.0,6,181,3.6,60.0,27.0,0.8,10.0,0.0,20251,42,23472,22,3.1,3.6,1.25,0.69,1.94,18.64,0.1,0.06,0.16,1.52,201.0,259.0,108.0,95.3,265.0,161.0,125.0,215.0,120.0,42.1,276.0,139.0,,,,29,,Archie,Gray,Gray,,,1107,2,1,5,20,0,0,0,5,0,0,14,101,,,,0.0,0.41,1.63,1.14,8.21,9,51,41
592,u,0.0,0.0,5.0,272,167.0,0,0.0,0,0.0,0.0,793,348.0,0,0,0.0,791.0,348.0,0,0,0.0,750.0,322.0,0.0,0.0,0.0,0,0,686,0,0.0,0.0,0.0,0.0,0.0,0.0,0.0,0.0,0.0,0.0,0.0,790.0,347.0,0.0,788.0,347.0,0.0,784.0,345.0,0.0,790.0,347.0,,,,29,,Mikey,Moore,Moore,Has joined Rangers on loan for the rest of the season.,,0,0,0,0,0,0,0,0,0,0,0,0,0,,,,0.0,0.0,0.0,0.0,0.0,0,0,0
593,a,100.0,100.0,4.5,442,265.0,0,0.0,-5,5.0,1.1,180,63.0,58,0,3.1,174.0,73.0,2,238,3.0,104.0,43.0,0.7,12.9,0.0,386874,252,570806,184,2.5,3.0,1.31,0.96,2.27,20.99,0.11,0.08,0.19,1.8,273.4,207.0,86.0,107.9,246.0,153.0,127.0,213.0,119.0,51.0,244.0,123.0,,,,29,,Pape Matar,Sarr,P.M.Sarr,,,1050,2,3,3,15,0,0,0,1,0,0,10,143,,,,0.0,0.26,1.29,0.86,12.26,26,60,57
594,u,0.0,0.0,4.5,502,311.0,0,0.0,0,0.0,0.0,734,308.0,0,0,0.0,749.0,317.0,0,0,0.0,677.0,272.0,0.0,0.0,0.0,0,0,2822,0,0.0,0.0,0.0,0.0,0.0,0.0,0.0,0.0,0.0,0.0,0.0,748.0,316.0,0.0,742.0,316.0,0.0,729.0,312.0,0.0,748.0,316.0,,,,29,,Yang,Min-hyeok,Min-hyeok,has joined Coventry City on loan for the rest of the season.,,0,0,0,0,0,0,0,0,0,0,0,0,0,,,,0.0,0.0,0.0,0.0,0.0,0,0,0
596,a,100.0,100.0,7.2,30,13.0,0,0.0,-3,3.0,1.2,176,27.0,24,0,2.7,245.0,26.0,3,107,1.4,231.0,29.0,0.2,3.3,0.0,135599,69,512527,298,0.9,1.4,1.22,0.19,1.41,10.85,0.21,0.03,0.24,1.86,119.8,332.0,32.0,51.2,337.0,41.0,158.0,172.0,39.0,32.8,322.0,38.0,,,2.0,29,,Dominic,Solanke-Mitchell,Solanke,,,525,2,0,0,11,0,0,0,1,0,0,5,37,,,,0.0,0.0,1.89,0.86,6.34,14,11,12
597,a,100.0,100.0,6.3,65,21.0,0,0.0,-2,2.0,5.4,69,14.0,81,0,3.5,128.0,11.0,10,371,1.2,245.0,30.0,0.2,12.9,0.0,2953964,188,3043783,143,0.7,1.2,5.32,1.24,6.56,18.99,0.36,0.08,0.44,1.29,423.2,100.0,8.0,170.8,184.0,16.0,533.0,22.0,13.0,112.6,58.0,13.0,,,5.0,29,,Richarlison,de Andrade,Richarlison,,,1330,8,3,5,20,0,0,0,5,0,0,13,101,,,,0.0,0.34,1.35,0.88,6.83,15,47,39
598,u,0.0,0.0,4.5,466,66.0,0,0.0,0,0.0,0.0,671,86.0,0,0,0.0,723.0,76.0,0,0,0.0,645.0,66.0,0.0,0.0,0.0,0,0,5105,0,0.0,0.0,0.0,0.0,0.0,0.0,0.0,0.0,0.0,0.0,0.0,719.0,76.0,0.0,714.0,75.0,0.0,699.0,75.0,0.0,720.0,76.0,,,,29,,Will,Lankshear,Lankshear,has joined Oxford United on loan for the rest of the season.,,0,0,0,0,0,0,0,0,0,0,0,0,0,,,,0.0,0.0,0.0,0.0,0.0,0,0,0
599,u,0.0,0.0,4.3,596,84.0,0,0.0,-2,2.0,0.6,247,37.0,2,0,1.0,462.0,57.0,0,5,0.0,547.0,54.0,0.0,0.5,0.0,60820,0,109343,32,0.0,0.0,0.0,0.01,0.01,0.03,0.0,0.13,0.13,0.39,1.0,498.0,60.0,4.1,444.0,59.0,2.0,445.0,60.0,0.7,487.0,60.0,,,,29,,Dane,Scarlett,Scarlett,has joined Hibernian on loan for the rest of the season.,,7,0,0,0,0,0,0,0,0,0,0,0,1,,,,0.0,0.0,0.0,0.0,12.86,0,0,1
673,a,100.0,100.0,5.5,137,85.0,0,0.0,0,0.0,0.8,205,72.0,90,0,3.6,115.0,52.0,11,384,1.6,209.0,86.0,0.3,16.4,0.0,369009,27,359348,88,1.1,1.6,1.3,0.55,1.85,27.24,0.07,0.03,0.1,1.46,477.8,74.0,22.0,101.8,255.0,157.0,165.0,164.0,89.0,74.7,144.0,77.0,,,,29,,João Maria,Lobo Alves Palhares Costa Palhinha Gonçalves,J.Palhinha,,,1684,3,3,4,29,0,0,0,6,0,0,18,232,,,,0.0,0.21,1.55,0.96,12.4,93,72,67
717,a,100.0,100.0,6.5,53,34.0,0,0.0,-5,5.0,1.1,179,62.0,62,0,2.8,228.0,96.0,5,272,1.2,248.0,107.0,0.2,9.5,0.0,813641,66,736697,240,0.7,1.2,2.13,3.33,5.46,27.57,0.13,0.2,0.33,1.64,271.0,209.0,88.0,447.9,36.0,34.0,200.0,128.0,74.0,92.0,95.0,56.0,1.0,3.0,4.0,29,,Xavi,Simons,Xavi,,,1517,1,4,3,33,0,0,0,4,1,0,17,132,,,,0.0,0.18,1.96,1.01,7.83,29,22,81
726,a,100.0,100.0,6.9,38,15.0,0,0.0,-1,1.0,0.4,285,46.0,36,0,1.8,377.0,45.0,1,108,2.0,176.0,22.0,0.3,5.2,0.0,125856,71,114128,65,1.5,2.0,1.62,1.14,2.76,19.11,0.13,0.09,0.22,1.5,117.2,336.0,33.0,196.9,166.0,13.0,200.0,129.0,32.0,50.7,248.0,29.0,,,,29,,Randal,Kolo Muani,Kolo Muani,,,1143,1,0,3,24,0,0,0,2,0,0,14,77,,,,0.0,0.24,1.89,1.1,6.06,20,15,42
745,a,,,4.0,734,209.0,0,0.0,0,0.0,0.0,625,223.0,1,0,1.0,458.0,169.0,0,3,0.0,510.0,211.0,0.0,0.2,0.0,1987,5,1900,9,-0.5,0.0,0.0,0.0,0.0,0.0,0.0,0.0,0.0,0.0,0.4,502.0,178.0,0.5,472.0,173.0,0.0,586.0,242.0,0.1,506.0,179.0,,,,29,,Jun'ai,Byfield,Byfield,,,1,0,0,0,0,0,0,0,0,0,0,0,0,,,,0.0,0.0,0.0,0.0,0.0,0,0,0
750,a,,,4.0,698,180.0,0,0.0,0,0.0,0.0,645,228.0,0,0,0.0,604.0,223.0,0,0,0.0,480.0,187.0,0.0,0.0,0.0,1770,5,1516,8,-0.5,0.0,0.0,0.0,0.0,0.0,0.0,0.0,0.0,0.0,0.0,594.0,223.0,0.0,585.0,223.0,0.0,556.0,219.0,0.0,596.0,223.0,,,,29,,James,Rowswell,Rowswell,,,0,0,0,0,0,0,0,0,0,0,0,0,0,,,,0.0,0.0,0.0,0.0,0.0,0,0,0
751,u,0.0,0.0,4.5,485,298.0,0,0.0,0,0.0,0.0,777,337.0,0,0,0.0,736.0,307.0,0,0,0.0,663.0,261.0,0.0,0.0,0.0,675,0,619,0,0.0,0.0,0.0,0.0,0.0,0.0,0.0,0.0,0.0,0.0,0.0,734.0,305.0,0.0,728.0,305.0,0.0,715.0,301.0,0.0,734.0,305.0,,,,29,,Yusuf,Akhamrich,Akhamrich,has joined Bristol Rovers on loan for the rest of the season.,,0,0,0,0,0,0,0,0,0,0,0,0,0,,,,0.0,0.0,0.0,0.0,0.0,0,0,0
790,a,,,4.5,498,308.0,0,0.0,0,0.0,0.0,771,331.0,0,0,0.0,745.0,314.0,0,0,0.0,673.0,269.0,0.0,0.0,0.0,679,1,314,2,-0.5,0.0,0.0,0.0,0.0,0.0,0.0,0.0,0.0,0.0,0.0,744.0,313.0,0.0,738.0,313.0,0.0,725.0,309.0,0.0,744.0,313.0,,,,29,,Lucá,Williams-Barnett,Williams-Barnett,,,0,0,0,0,0,0,0,0,0,0,0,0,0,,,,0.0,0.0,0.0,0.0,0.0,0,0,0
796,a,,,5.3,192,120.0,0,0.0,-2,2.0,0.1,436,147.0,18,0,2.6,257.0,109.0,0,94,1.4,227.0,94.0,0.3,3.4,0.0,36174,17,20703,88,0.9,1.4,0.56,0.48,1.04,12.91,0.1,0.08,0.18,2.19,83.4,372.0,165.0,106.4,249.0,155.0,86.0,263.0,145.0,27.6,342.0,165.0,,,,29,,Conor,Gallagher,Gallagher,,,530,0,1,0,14,0,0,0,0,0,0,7,56,,,,0.0,0.0,2.38,1.19,9.51,10,14,32
804,a,,,4.0,731,206.0,0,0.0,0,0.0,0.0,696,242.0,2,0,1.0,457.0,168.0,0,5,0.4,323.0,113.0,0.1,0.5,0.0,1923,4,696,6,-0.1,0.4,0.0,0.03,0.03,1.16,0.0,0.06,0.06,2.32,8.2,466.0,169.0,20.8,390.0,140.0,4.0,430.0,160.0,3.3,457.0,165.0,,,,29,,João Victor,de Souza Menezes,Souza,,,45,0,0,0,1,0,0,0,0,0,0,0,2,,,,0.0,0.0,2.0,0.0,4.0,0,2,2
811,a,,,4.5,460,279.0,0,0.0,0,0.0,0.0,799,353.0,0,0,0.0,719.0,294.0,0,0,0.0,640.0,242.0,0.0,0.0,0.0,319,2,122,2,-0.5,0.0,0.0,0.0,0.0,0.0,0.0,0.0,0.0,0.0,0.0,714.0,289.0,0.0,710.0,291.0,0.0,694.0,284.0,0.0,715.0,290.0,,,,29,,Rio,Kyerematen,Kyerematen,,,0,0,0,0,0,0,0,0,0,0,0,0,0,,,,0.0,0.0,0.0,0.0,0.0,0,0,0
818,a,,,4.5,499,71.0,0,0.0,0,0.0,0.0,727,89.0,0,0,0.0,746.0,81.0,0,0,0.0,674.0,71.0,0.0,0.0,0.0,1501,25,364,9,-0.5,0.0,0.0,0.0,0.0,0.0,0.0,0.0,0.0,0.0,0.0,745.0,81.0,0.0,739.0,80.0,0.0,726.0,80.0,0.0,745.0,81.0,,,,29,,James,Wilson,Wilson,,,0,0,0,0,0,0,0,0,0,0,0,0,0,,,,0.0,0.0,0.0,0.0,0.0,0,0,0
326,a,,,5.1,226,139.0,0,0.0,-4,4.0,0.2,409,138.0,20,0,1.1,445.0,199.0,0,64,0.6,312.0,144.0,0.1,3.9,0.0,16339,13,36473,21,0.1,0.6,0.34,0.55,0.89,6.49,0.11,0.17,0.28,2.04,21.8,443.0,194.0,63.8,317.0,177.0,62.0,304.0,165.0,14.4,390.0,181.0,,,,29,,Adama,Traoré Diarra,Adama,,,286,0,0,0,10,0,0,0,1,0,0,1,14,,,,0.0,0.0,3.15,0.31,4.41,1,1,12
600,a,,,4.3,574,27.0,0,0.0,-2,2.0,2.1,134,18.0,51,0,2.5,268.0,25.0,2,220,0.0,536.0,82.0,0.0,11.9,0.0,181677,38,447922,180,-0.5,0.0,0.0,0.0,0.0,35.3,0.0,0.0,0.0,1.76,570.4,44.0,11.0,10.0,420.0,6.0,0.0,605.0,68.0,57.9,212.0,11.0,,,,29,,Alphonse,Areola,Areola,,,1800,0,1,0,37,0,0,0,0,0,77,20,55,,,,3.85,0.0,1.85,1.0,0.0,0,30,142
601,u,0.0,0.0,4.0,662,42.0,0,0.0,0,0.0,0.2,358,51.0,0,0,0.0,576.0,64.0,0,0,0.0,447.0,53.0,0.0,0.0,0.0,3874,0,42557,7,0.0,0.0,0.0,0.0,0.0,0.0,0.0,0.0,0.0,0.0,0.0,566.0,64.0,0.0,555.0,49.0,0.0,526.0,36.0,0.0,568.0,64.0,,,,29,,Wes,Foderingham,Foderingham,has joined Aris Limassol permanently.,,0,0,0,0,0,0,0,0,0,0,0,0,0,,,,0.0,0.0,0.0,0.0,0.0,0,0,0
602,u,0.0,0.0,3.9,768,84.0,0,0.0,-1,1.0,0.2,367,53.0,0,0,0.0,559.0,54.0,0,0,0.0,430.0,43.0,0.0,0.0,0.0,11331,0,19665,8,0.0,0.0,0.0,0.0,0.0,0.0,0.0,0.0,0.0,0.0,0.0,549.0,54.0,0.0,536.0,37.0,0.0,506.0,24.0,0.0,551.0,54.0,,,,29,,Krisztián,Hegyi,Hegyi,has joined MTK Budapest on loan for the rest of the season.,,0,0,0,0,0,0,0,0,0,0,0,0,0,,,,0.0,0.0,0.0,0.0,0.0,0,0,0
603,a,100.0,100.0,4.0,729,204.0,0,0.0,-5,5.0,2.0,136,52.0,73,0,3.3,144.0,51.0,3,227,5.4,10.0,4.0,1.4,18.2,0.0,341068,1071,891529,173,4.9,5.4,0.46,1.69,2.15,29.65,0.02,0.08,0.1,1.46,404.6,114.0,49.0,246.0,124.0,32.0,79.0,272.0,76.0,73.1,149.0,50.0,,,,29,,El Hadji Malick,Diouf,Diouf,,,1823,0,6,5,37,0,0,0,4,0,0,20,188,,,,0.0,0.25,1.83,0.99,7.55,29,124,75
604,u,0.0,0.0,4.4,522,101.0,0,0.0,-1,1.0,0.1,579,207.0,0,0,0.0,665.0,251.0,0,0,0.0,569.0,230.0,0.0,0.0,0.0,1719,0,20771,0,0.0,0.0,0.0,0.0,0.0,0.0,0.0,0.0,0.0,0.0,0.0,655.0,251.0,0.0,651.0,251.0,0.0,629.0,250.0,0.0,657.0,251.0,,,,29,,Emerson,Palmieri dos Santos,Emerson,has joined Marseille permanently.,,0,0,0,0,0,0,0,0,0,0,0,0,0,,,,0.0,0.0,0.0,0.0,0.0,0,0,0
605,a,,,4.1,652,157.0,0,0.0,-4,4.0,0.1,420,154.0,36,0,1.7,378.0,142.0,0,80,0.0,515.0,215.0,0.0,8.8,0.0,30073,1,50155,7,-0.5,0.0,0.56,0.25,0.81,33.28,0.03,0.01,0.04,1.92,392.4,121.0,53.0,55.8,330.0,113.0,60.0,309.0,93.0,50.9,245.0,80.0,,,,29,,Maximilian,Kilman,Kilman,,,1559,0,0,1,37,0,0,0,4,0,0,17,191,,,,0.0,0.06,2.14,0.98,9.24,16,144,43
606,a,100.0,100.0,4.4,534,112.0,0,0.0,-1,1.0,0.1,516,184.0,61,0,2.9,199.0,77.0,0,179,3.6,57.0,18.0,0.8,13.9,0.0,19865,8,19783,10,3.1,3.6,1.37,0.38,1.75,27.78,0.07,0.02,0.09,1.45,430.4,94.0,43.0,25.2,383.0,137.0,155.0,176.0,41.0,61.0,201.0,67.0,,,,29,,Konstantinos,Mavropanos,Mavropanos,,,1721,0,0,3,33,1,0,0,2,0,0,18,222,,,,0.0,0.16,1.73,0.94,10.56,25,177,67
607,u,0.0,0.0,4.4,527,106.0,0,0.0,-1,1.0,0.0,608,216.0,3,0,1.5,406.0,149.0,0,-1,0.0,572.0,233.0,0.0,0.7,0.0,1288,0,12317,0,0.0,0.0,0.1,0.03,0.13,3.42,0.05,0.02,0.07,1.71,39.0,417.0,157.0,3.9,446.0,161.0,8.0,413.0,154.0,5.1,444.0,159.0,,,,29,,Nayef,Aguerd,N.Aguerd,has joined Marseille permanently.,,180,0,0,0,8,0,0,0,0,0,0,2,23,,,,0.0,0.0,4.0,1.0,7.5,1,14,8
608,a,100.0,100.0,4.3,606,139.0,0,0.0,-2,2.0,0.0,617,219.0,21,0,1.8,363.0,138.0,0,86,0.4,325.0,115.0,0.1,4.9,0.0,4952,2,6797,1,-0.1,0.4,0.18,0.32,0.5,13.28,0.02,0.04,0.06,1.83,138.2,316.0,122.0,71.7,302.0,99.0,22.0,372.0,128.0,23.2,355.0,121.0,5.0,,,29,,Ollie,Scarles,Scarles,,,654,0,1,0,16,0,0,0,1,0,0,9,73,,,,0.0,0.0,2.2,1.24,9.91,29,43,35
609,a,100.0,100.0,4.3,589,133.0,0,0.0,-2,2.0,0.1,486,174.0,31,0,1.7,379.0,143.0,0,112,0.0,542.0,228.0,0.0,7.2,0.0,11682,5,19703,8,-0.5,0.0,0.25,0.29,0.54,28.74,0.01,0.02,0.03,1.7,333.0,156.0,66.0,64.5,316.0,106.0,22.0,371.0,127.0,42.0,278.0,91.0,,,,29,,Jean-Clair,Todibo,Todibo,,,1521,0,1,0,33,0,0,0,4,1,0,18,152,,,,0.0,0.0,1.95,1.07,8.17,33,105,76
610,a,100.0,100.0,4.1,653,158.0,0,0.0,-4,4.0,4.6,78,25.0,54,0,2.8,212.0,82.0,0,167,3.2,88.0,30.0,0.8,13.2,0.0,259304,190,2303050,333,2.7,3.2,0.0,0.8,0.8,28.53,0.0,0.04,0.04,1.56,370.0,138.0,61.0,275.7,111.0,28.0,28.0,358.0,119.0,67.7,173.0,58.0,,,,29,,Aaron,Wan-Bissaka,Wan-Bissaka,,,1641,0,3,2,36,0,0,0,2,0,0,18,156,,,,0.0,0.11,1.97,0.99,7.79,24,118,53
611,u,0.0,0.0,4.0,708,185.0,0,0.0,0,0.0,0.1,546,197.0,0,0,0.0,611.0,226.0,0,0,0.0,487.0,190.0,0.0,0.0,0.0,0,0,13218,0,0.0,0.0,0.0,0.0,0.0,0.0,0.0,0.0,0.0,0.0,0.0,601.0,226.0,0.0,593.0,226.0,0.0,564.0,222.0,0.0,603.0,226.0,,,,29,,Kaelan,Casey,Casey,has joined Leyton Orient on loan for the rest of the season.,,0,0,0,0,0,0,0,0,0,0,0,0,0,,,,0.0,0.0,0.0,0.0,0.0,0,0,0
612,u,0.0,0.0,5.9,97,63.0,0,0.0,-1,1.0,1.1,184,65.0,69,0,3.8,92.0,44.0,8,291,0.0,796.0,354.0,0.0,11.7,0.0,897173,0,973107,62,0.0,0.0,2.85,2.0,4.85,24.22,0.17,0.12,0.29,1.44,374.6,133.0,44.0,397.2,52.0,44.0,186.0,147.0,83.0,95.7,92.0,55.0,,,,29,,Lucas,Tolentino Coelho de Lima,L.Paquetá,has joined Flamengo permanently.,,1513,4,2,3,33,0,0,0,5,1,0,18,146,,,,0.0,0.18,1.96,1.07,8.68,40,30,76
613,a,100.0,100.0,5.7,115,73.0,0,0.0,-3,3.0,0.3,327,107.0,70,0,2.8,226.0,94.0,6,274,4.2,43.0,22.0,0.7,12.3,0.0,40394,95,109026,43,3.7,4.2,4.32,0.38,4.7,25.07,0.29,0.03,0.32,1.7,345.0,148.0,50.0,133.1,211.0,138.0,320.0,69.0,40.0,79.9,134.0,74.0,,,,29,,Tomáš,Souček,Souček,,,1326,4,2,3,33,0,0,0,2,1,0,14,137,,,,0.0,0.2,2.24,0.95,9.3,22,74,41
615,a,100.0,100.0,5.7,118,74.0,0,0.0,2,-2.0,2.9,110,34.0,81,0,3.5,127.0,57.0,7,297,3.6,67.0,31.0,0.6,14.2,0.0,527808,355,167224,1786,3.1,3.6,4.4,1.56,5.96,27.37,0.22,0.08,0.3,1.39,327.2,165.0,62.0,313.9,86.0,65.0,453.0,30.0,15.0,109.4,66.0,41.0,2.0,,,29,,Crysencio,Summerville,Summerville,,,1766,4,3,4,34,0,0,0,4,0,0,21,154,,,,0.0,0.2,1.73,1.07,7.85,30,40,84
616,u,0.0,0.0,4.9,310,195.0,0,0.0,-1,1.0,0.0,596,225.0,0,0,0.0,770.0,331.0,0,0,0.0,720.0,300.0,0.0,0.0,0.0,1147,0,16093,3,0.0,0.0,0.0,0.0,0.0,0.0,0.0,0.0,0.0,0.0,0.0,769.0,330.0,0.0,765.0,330.0,0.0,759.0,328.0,0.0,769.0,330.0,,,,29,,Edson,Álvarez Velázquez,Álvarez,Has joined Fenerbahçe on loan for the rest of the season.,,0,0,0,0,0,0,0,0,0,0,0,0,0,,,,0.0,0.0,0.0,0.0,0.0,0,0,0
617,u,0.0,0.0,4.9,290,180.0,0,0.0,-1,1.0,0.0,705,293.0,0,0,0.0,766.0,328.0,0,0,0.0,711.0,295.0,0.0,0.0,0.0,246,0,3221,0,0.0,0.0,0.0,0.0,0.0,0.0,0.0,0.0,0.0,0.0,0.0,765.0,327.0,0.0,761.0,327.0,0.0,755.0,325.0,0.0,765.0,327.0,,,,29,,Maxwel,Cornet,Cornet,has joined Genoa on loan for the rest of the season.,,0,0,0,0,0,0,0,0,0,0,0,0,0,,,,0.0,0.0,0.0,0.0,0.0,0,0,0
618,u,0.0,0.0,4.8,354,222.0,0,0.0,-2,2.0,0.0,610,235.0,8,0,1.3,430.0,192.0,0,30,0.0,697.0,286.0,0.0,1.7,0.0,2295,0,6122,4,0.0,0.0,0.03,0.04,0.07,2.59,0.02,0.02,0.04,1.33,9.8,461.0,205.0,6.0,438.0,212.0,2.0,452.0,222.0,1.7,470.0,213.0,,,,29,,Guido,Rodríguez,G.Rodriguez,has joined Valencia on loan for the rest of the season.,,175,0,0,1,2,0,0,0,1,0,0,2,15,,,,0.0,0.51,1.03,1.03,7.71,1,4,10
619,u,0.0,0.0,4.9,344,213.0,0,0.0,-1,1.0,0.0,680,276.0,5,0,1.0,494.0,227.0,0,11,0.0,736.0,311.0,0.0,1.0,0.0,868,0,3391,0,0.0,0.0,0.07,0.03,0.1,1.82,0.05,0.02,0.07,1.35,9.2,463.0,207.0,14.5,404.0,200.0,4.0,436.0,215.0,2.5,464.0,209.0,,,,29,,Luis Guilherme,Lira dos Santos,L.Guilherme,has joined Sporting CP permanently.,,121,0,0,0,2,0,0,0,0,0,0,1,11,,,,0.0,0.0,1.49,0.74,8.18,1,2,8
620,u,0.0,0.0,4.5,446,267.0,0,0.0,0,0.0,0.0,607,233.0,1,0,1.0,476.0,212.0,0,3,0.0,629.0,232.0,0.0,0.2,0.0,3770,0,9497,2,0.0,0.0,0.0,0.01,0.01,0.73,0.0,0.11,0.11,8.21,0.0,704.0,279.0,1.5,460.0,220.0,2.0,449.0,219.0,0.4,493.0,226.0,,,,29,,George,Earthy,Earthy,has joined Bristol City on loan for the rest of the season.,,8,0,0,0,1,0,0,0,0,0,0,0,0,,,,0.0,0.0,11.25,0.0,0.0,0,0,0
621,u,0.0,0.0,4.3,585,345.0,0,0.0,-2,2.0,0.2,363,122.0,9,0,1.3,428.0,190.0,0,49,0.0,540.0,178.0,0.0,2.1,0.0,43311,0,55061,16,0.0,0.0,0.0,0.17,0.17,4.03,0.0,0.1,0.1,2.32,31.6,428.0,188.0,52.3,335.0,182.0,2.0,444.0,217.0,8.6,424.0,191.0,,,,29,,Andy,Irving,Irving,has joined Sparta Prague permanently.,,156,0,0,0,4,0,0,0,0,0,0,2,22,,,,0.0,0.0,2.31,1.15,12.69,6,2,14
622,u,0.0,0.0,4.4,551,329.0,0,0.0,-1,1.0,0.1,576,214.0,0,0,0.0,676.0,263.0,0,0,0.0,585.0,204.0,0.0,0.0,0.0,1052,0,11936,1,0.0,0.0,0.0,0.0,0.0,0.0,0.0,0.0,0.0,0.0,0.0,667.0,254.0,0.0,663.0,259.0,0.0,641.0,248.0,0.0,669.0,256.0,,,,29,,Lewis,Orford,Orford,has joined Stevenage on loan for the rest of the season.,,0,0,0,0,0,0,0,0,0,0,0,0,0,,,,0.0,0.0,0.0,0.0,0.0,0,0,0
623,s,0.0,0.0,4.4,546,325.0,0,0.0,-1,1.0,0.6,243,85.0,34,0,1.8,365.0,156.0,0,206,0.8,272.0,120.0,0.2,7.7,0.0,143061,4,161180,96,0.0,0.0,0.21,1.05,1.26,19.95,0.02,0.09,0.11,1.64,179.6,277.0,118.0,129.9,217.0,140.0,37.0,341.0,177.0,34.7,313.0,152.0,,,,29,,Freddie,Potts,Potts,Suspended until 14 Mar,,1094,0,1,1,23,0,0,0,1,0,0,11,112,,,,0.0,0.08,1.89,0.9,9.21,27,47,38
624,a,,,7.5,21,7.0,0,0.0,-5,5.0,7.8,49,8.0,131,0,4.7,24.0,4.0,21,504,3.6,68.0,8.0,0.5,17.5,0.0,2317569,718,3201862,1687,3.1,3.6,5.91,3.56,9.47,44.17,0.21,0.13,0.34,1.58,609.2,34.0,3.0,436.5,38.0,1.0,677.0,10.0,6.0,172.2,11.0,3.0,1.0,1.0,2.0,29,,Jarrod,Bowen,Bowen,,,2509,8,5,4,52,0,0,0,3,0,0,28,204,,,,0.0,0.14,1.87,1.0,7.32,36,49,119
625,u,0.0,0.0,5.6,122,34.0,0,0.0,-4,4.0,0.6,244,36.0,12,0,1.5,415.0,50.0,0,28,0.0,791.0,85.0,0.0,2.1,0.0,47611,0,392397,12,0.0,0.0,0.93,0.21,1.14,8.59,0.21,0.05,0.26,1.9,26.0,436.0,51.0,85.1,285.0,29.0,130.0,210.0,43.0,23.8,353.0,42.0,,,,29,,Niclas,Füllkrug,Füllkrug,has joined AC Milan on loan for the rest of the season.,,407,0,0,1,11,0,0,0,0,0,0,5,19,,,,0.0,0.22,2.43,1.11,4.2,2,7,10
626,u,0.0,0.0,4.3,612,86.0,0,0.0,-2,2.0,0.5,254,40.0,2,0,1.0,465.0,58.0,0,0,0.0,560.0,56.0,0.0,0.5,0.0,63604,0,105777,19,0.0,0.0,0.13,0.0,0.13,1.55,0.2,0.0,0.2,2.41,1.2,495.0,58.0,0.1,483.0,61.0,7.0,420.0,59.0,0.8,486.0,59.0,,,,29,,Callum,Marshall,Marshall,has joined VfL Bochum 1848 on loan for the rest of the season.,,58,0,0,0,2,0,0,0,0,0,0,0,3,,,,0.0,0.0,3.1,0.0,4.66,0,2,1
659,a,,,4.2,629,142.0,0,0.0,-3,3.0,0.2,348,128.0,32,0,1.8,361.0,136.0,0,118,0.4,324.0,114.0,0.1,7.6,0.0,30751,9,53017,17,-0.1,0.4,1.13,0.26,1.39,21.13,0.11,0.02,0.13,1.99,203.2,258.0,105.0,88.2,275.0,85.0,98.0,243.0,64.0,39.0,293.0,96.0,,,,29,,Kyle,Walker-Peters,Walker-Peters,,,954,1,0,1,22,0,0,0,2,0,0,10,95,,,,0.0,0.09,2.08,0.94,6.79,34,38,41
671,a,,,5.8,103,29.0,0,0.0,-2,2.0,0.5,251,38.0,63,0,2.7,240.0,25.0,7,228,0.6,314.0,40.0,0.1,10.9,0.0,203844,38,214431,83,0.1,0.6,5.88,0.29,6.17,17.73,0.57,0.03,0.6,1.71,226.8,239.0,21.0,93.4,270.0,26.0,385.0,49.0,19.0,69.7,164.0,21.0,,,,29,,Callum,Wilson,Wilson,,,933,5,2,1,18,0,0,0,0,0,0,9,32,,,,0.0,0.1,1.74,0.87,3.09,3,7,22
679,a,,,4.2,636,35.0,0,0.0,-3,3.0,0.3,314,43.0,31,0,3.9,75.0,7.0,6,100,4.4,31.0,4.0,1.0,7.4,0.0,32960,100,41540,57,3.9,4.4,0.0,0.01,0.01,9.84,0.0,0.0,0.0,1.23,172.4,284.0,23.0,0.0,623.0,79.0,0.0,598.0,67.0,17.2,379.0,23.0,,,,29,,Mads,Hermansen,Hermansen,,,720,0,0,3,17,0,0,0,0,0,23,8,34,,,,2.88,0.38,2.12,1.0,0.0,0,14,77
708,a,100.0,100.0,5.5,151,94.0,0,0.0,0,0.0,0.4,272,95.0,102,0,3.9,79.0,37.0,6,503,3.6,66.0,30.0,0.7,18.5,0.0,107815,70,61592,198,3.1,3.6,1.2,1.98,3.18,34.29,0.05,0.08,0.13,1.45,514.8,64.0,18.0,469.7,34.0,32.0,102.0,237.0,132.0,108.8,67.0,42.0,4.0,,,29,,Mateus Gonçalo,Espanha Fernandes,M.Fernandes,,,2123,3,3,4,39,0,0,0,4,0,0,25,277,,,,0.0,0.17,1.65,1.06,11.74,74,66,137
718,a,,,5.0,277,172.0,0,0.0,0,0.0,0.0,657,263.0,38,0,2.2,309.0,135.0,2,171,1.0,261.0,115.0,0.2,7.6,0.0,5318,0,4704,5,0.5,1.0,0.44,0.32,0.76,16.91,0.04,0.03,0.07,1.69,166.2,290.0,126.0,82.5,290.0,168.0,44.0,331.0,173.0,29.3,338.0,163.0,,,,29,,Soungoutou,Magassa,S.Magassa,,,901,1,0,2,23,0,0,0,3,0,0,11,115,,,,0.0,0.2,2.3,1.1,11.49,36,30,49
738,d,25.0,25.0,4.5,405,20.0,0,0.0,0,0.0,0.0,635,79.0,0,0,0.0,689.0,91.0,0,0,0.0,604.0,87.0,0.0,0.0,0.0,5978,2,5702,4,-0.1,0.0,0.0,0.0,0.0,0.0,0.0,0.0,0.0,0.0,0.0,683.0,91.0,0.0,677.0,83.0,0.0,658.0,73.0,0.0,685.0,91.0,,,,29,,Lukasz,Fabianski,Fabianski,Back injury - 25% chance of playing,,0,0,0,0,0,0,0,0,0,0,0,0,0,,,,0.0,0.0,0.0,0.0,0.0,0,0,0
747,a,,,4.0,726,201.0,0,0.0,0,0.0,0.0,631,225.0,6,0,1.0,456.0,167.0,0,18,0.2,351.0,124.0,0.0,1.5,0.0,2532,2,2046,6,-0.3,0.2,0.12,0.49,0.61,3.21,0.1,0.39,0.49,2.56,21.8,442.0,165.0,34.9,367.0,129.0,9.0,410.0,152.0,6.6,437.0,158.0,,,,29,,Ezra,Mayers,Mayers,,,113,0,0,0,3,0,0,0,0,0,0,0,5,,,,0.0,0.0,2.39,0.0,3.98,0,5,6
752,a,,,4.0,737,212.0,0,0.0,0,0.0,0.0,654,231.0,0,0,0.0,633.0,246.0,0,0,0.0,512.0,213.0,0.0,0.0,0.0,2078,5,1843,3,-0.5,0.0,0.0,0.0,0.0,0.0,0.0,0.0,0.0,0.0,0.0,623.0,246.0,0.0,615.0,246.0,0.0,588.0,244.0,0.0,625.0,246.0,,,,29,,Airidas,Golambeckis,Golambeckis,,,0,0,0,0,0,0,0,0,0,0,0,0,0,,,,0.0,0.0,0.0,0.0,0.0,0,0,0
758,a,,,4.5,504,312.0,0,0.0,0,0.0,0.0,737,311.0,5,0,1.0,485.0,220.0,0,20,0.4,330.0,148.0,0.1,1.1,0.0,1786,4,1126,2,-0.1,0.4,0.03,0.02,0.05,0.97,0.12,0.08,0.2,3.8,10.4,459.0,204.0,11.9,412.0,203.0,4.0,433.0,213.0,2.4,465.0,210.0,,,,29,,Mohamadou,Kanté,Mohamadou Kanté,,,23,0,0,0,0,0,0,0,0,0,0,0,10,,,,0.0,0.0,0.0,0.0,39.13,4,1,5
785,i,0.0,0.0,5.4,180,43.0,0,0.0,-1,1.0,0.0,748,91.0,8,0,1.6,398.0,47.0,0,21,0.2,374.0,47.0,0.0,1.5,0.0,4521,0,3838,4,0.0,0.0,0.34,0.07,0.41,3.74,0.12,0.03,0.15,1.35,19.6,447.0,53.0,53.4,334.0,39.0,21.0,380.0,55.0,9.4,419.0,52.0,,,,29,,Pablo Felipe,Pereira de Jesus,Pablo,Calf injury - Unknown return date,,250,0,0,0,4,0,0,0,0,0,0,3,25,,,,0.0,0.0,1.44,1.08,9.0,9,5,11
791,a,,,5.5,143,35.0,0,0.0,0,0.0,0.1,452,66.0,26,0,3.2,164.0,15.0,1,91,3.4,77.0,9.0,0.6,4.7,0.0,29031,92,15106,32,2.9,3.4,2.39,0.48,2.87,9.17,0.33,0.07,0.4,1.26,104.0,347.0,35.0,85.1,284.0,28.0,232.0,105.0,28.0,41.1,284.0,31.0,,,,29,,Valentín,Castellanos,Taty,,,655,2,1,3,11,0,0,0,2,0,0,8,32,,,,0.0,0.41,1.51,1.1,4.4,5,13,14
802,a,,,5.0,280,174.0,0,0.0,0,0.0,0.0,788,346.0,0,0,0.0,794.0,350.0,0,0,0.0,754.0,325.0,0.0,0.0,0.0,389,0,283,2,-0.5,0.0,0.0,0.0,0.0,0.0,0.0,0.0,0.0,0.0,0.0,793.0,349.0,0.0,791.0,349.0,0.0,787.0,347.0,0.0,793.0,349.0,,,,29,,Keiber,Lamadrid,Lamadrid,,,0,0,0,0,0,0,0,0,0,0,0,0,0,,,,0.0,0.0,0.0,0.0,0.0,0,0,0
815,a,,,4.5,420,81.0,0,0.0,0,0.0,0.1,502,178.0,12,0,3.0,190.0,73.0,0,53,2.4,129.0,48.0,0.5,2.7,0.0,14418,15,4230,46,1.9,2.4,0.69,0.01,0.7,4.4,0.17,0.0,0.17,1.1,66.4,393.0,150.0,12.6,409.0,149.0,53.0,317.0,100.0,13.2,399.0,144.0,,,,29,,Axel,Disasi,Disasi,,,360,0,0,2,6,1,0,0,0,0,0,4,25,,,,0.0,0.5,1.5,1.0,6.25,1,24,8
627,a,,,4.4,521,26.0,0,0.0,-1,1.0,0.1,426,64.0,21,0,1.8,364.0,29.0,0,117,0.0,568.0,86.0,0.0,4.8,0.0,20032,12,24284,12,-0.5,-1.0,0.0,0.02,0.02,18.59,0.0,0.0,0.0,1.55,308.0,183.0,21.0,0.1,485.0,14.0,0.0,628.0,72.0,30.8,329.0,21.0,,,,29,,Sam,Johnstone,Johnstone,,,1080,0,0,0,24,1,0,0,0,0,39,12,71,,,,3.25,0.0,2.0,1.0,0.0,2,24,107
628,a,,,4.2,628,33.0,0,0.0,-3,3.0,1.2,173,22.0,56,3,3.1,169.0,19.0,6,251,4.7,24.0,3.0,1.1,13.3,0.0,103970,396,180977,70,4.2,3.7,0.0,0.03,0.03,26.82,0.0,0.0,0.0,1.49,405.6,113.0,19.0,10.0,419.0,5.0,0.0,596.0,65.0,41.9,279.0,18.0,,,,29,,José,Malheiro de Sá,José Sá,,,1620,0,0,4,28,0,0,0,1,0,49,18,40,,,,2.72,0.22,1.56,1.0,0.0,0,37,163
629,a,100.0,100.0,3.9,743,70.0,0,0.0,-1,1.0,0.5,261,34.0,0,0,0.0,542.0,40.0,0,0,0.0,411.0,29.0,0.0,0.0,0.0,19493,10,51279,11,-0.5,-1.0,0.0,0.0,0.0,0.0,0.0,0.0,0.0,0.0,0.0,532.0,40.0,0.0,519.0,23.0,0.0,489.0,10.0,0.0,534.0,40.0,,,,29,,Daniel,Bentley,Bentley,,,0,0,0,0,0,0,0,0,0,0,0,0,0,,,,0.0,0.0,0.0,0.0,0.0,0,0,0
631,u,0.0,0.0,4.2,640,151.0,0,0.0,-3,3.0,0.1,450,166.0,23,0,1.6,388.0,146.0,0,86,0.0,527.0,221.0,0.0,5.5,0.0,24605,0,63284,5,0.0,0.0,0.57,0.4,0.97,18.26,0.05,0.03,0.08,1.49,312.2,179.0,74.0,76.0,301.0,98.0,75.0,280.0,80.0,46.4,260.0,84.0,,,,29,,Emmanuel,Agbadou,Agbadou,has joined Besiktas permanently.,,1100,0,0,0,29,0,0,0,1,1,0,12,156,,,,0.0,0.0,2.37,0.98,10.23,32,93,65
632,a,100.0,100.0,4.4,519,99.0,0,0.0,-1,1.0,0.1,501,177.0,12,1,1.2,438.0,159.0,0,48,0.2,359.0,130.0,0.0,2.7,0.0,6476,7,20455,9,-0.3,-0.8,0.09,0.19,0.28,13.17,0.01,0.02,0.03,1.69,116.2,338.0,129.0,50.8,338.0,115.0,18.0,385.0,136.0,18.6,373.0,131.0,,,,29,,Matt,Doherty,Doherty,,,702,0,0,1,14,0,0,0,4,0,0,10,68,,,,0.0,0.13,1.79,1.28,7.31,13,44,28
633,a,100.0,100.0,4.3,597,137.0,0,0.0,-2,2.0,0.2,356,131.0,72,1,2.7,229.0,90.0,4,284,3.3,81.0,26.0,0.8,16.7,0.0,51166,84,34630,111,2.8,2.3,0.5,2.67,3.17,29.65,0.02,0.13,0.15,1.44,451.4,84.0,36.0,510.9,28.0,2.0,134.0,203.0,48.0,109.9,64.0,11.0,1.0,,,29,,Hugo,Bueno López,H.Bueno,,,1856,1,2,4,31,0,0,0,1,0,0,20,173,,,,0.0,0.19,1.5,0.97,6.84,53,88,96
634,a,100.0,100.0,4.3,603,138.0,0,0.0,-2,2.0,0.1,444,165.0,50,1,2.4,286.0,110.0,3,187,4.0,45.0,13.0,0.9,11.6,0.0,16852,80,12075,47,3.5,3.0,1.57,0.43,2.0,27.37,0.09,0.02,0.11,1.52,325.6,168.0,71.0,114.1,234.0,63.0,207.0,116.0,20.0,64.6,191.0,62.0,,,,29,,Yerson,Mosquera Valdelamar,Mosquera,,,1617,0,0,4,29,2,0,0,10,0,0,18,173,,,,0.0,0.22,1.61,1.0,8.96,48,113,73
635,a,100.0,100.0,4.4,545,118.0,0,0.0,-1,1.0,0.1,544,195.0,34,7,2.4,287.0,111.0,0,85,2.8,109.0,44.0,0.6,7.7,0.0,10521,297,14992,10,2.3,1.8,1.69,0.29,1.98,8.43,0.26,0.04,0.3,1.27,169.2,286.0,113.0,60.9,324.0,108.0,176.0,154.0,33.0,40.8,286.0,93.0,,,,29,,Rodrigo,Martins Gomes,R.Gomes,,,596,3,0,0,11,0,0,0,0,0,0,6,49,,,,0.0,0.0,1.66,0.91,5.29,16,19,21
636,a,100.0,100.0,4.4,531,109.0,0,0.0,-1,1.0,0.1,438,162.0,71,1,3.4,130.0,47.0,2,255,3.2,91.0,33.0,0.7,16.1,0.0,29752,59,23953,41,2.7,2.2,1.63,1.04,2.67,30.2,0.08,0.05,0.13,1.48,428.2,98.0,45.0,98.1,260.0,76.0,149.0,185.0,43.0,67.4,176.0,59.0,,,,29,,Santiago,Ignacio Bueno,S.Bueno,,,1832,2,2,4,31,0,0,0,4,0,0,20,169,,,,0.0,0.2,1.52,0.98,7.52,41,112,43
637,a,100.0,100.0,4.2,639,150.0,0,0.0,-3,3.0,0.1,515,183.0,28,0,2.0,327.0,120.0,0,102,1.3,233.0,89.0,0.3,6.7,0.0,7424,9,19553,7,0.8,0.3,0.22,0.21,0.43,18.99,0.02,0.02,0.04,1.64,240.4,229.0,90.0,78.2,300.0,97.0,34.0,348.0,115.0,35.3,307.0,103.0,,,,29,,Toti,Gomes,Toti,,,1039,0,0,1,25,0,0,0,1,1,0,13,118,,,,0.0,0.09,2.17,1.13,8.32,16,80,40
639,u,0.0,0.0,4.0,715,191.0,0,0.0,0,0.0,0.0,763,259.0,0,0,0.0,617.0,231.0,0,0,0.0,494.0,196.0,0.0,0.0,0.0,0,0,877,1,0.0,0.0,0.0,0.0,0.0,0.0,0.0,0.0,0.0,0.0,0.0,607.0,231.0,0.0,599.0,231.0,0.0,571.0,228.0,0.0,609.0,231.0,,,,29,,Bastien,Meupiyou Menadjou,Meupiyou,On loan to FC Alverca,,0,0,0,0,0,0,0,0,0,0,0,0,0,,,,0.0,0.0,0.0,0.0,0.0,0,0,0
640,a,100.0,100.0,4.0,735,210.0,0,0.0,0,0.0,0.4,288,106.0,3,0,1.0,459.0,170.0,0,5,0.2,352.0,125.0,0.0,0.8,0.0,9925,9,89224,17,-0.3,-0.8,0.0,0.0,0.0,0.79,0.0,0.0,0.0,23.7,0.2,504.0,179.0,0.5,473.0,174.0,2.0,442.0,166.0,0.2,503.0,178.0,,,,29,,Pedro,Cardoso de Lima,Pedro Lima,,,3,0,0,0,1,0,0,0,0,0,0,0,0,,,,0.0,0.0,30.0,0.0,0.0,0,0,1
641,u,0.0,0.0,3.9,774,226.0,0,0.0,-1,1.0,1.0,193,73.0,0,0,0.0,564.0,204.0,0,0,0.0,435.0,165.0,0.0,0.0,0.0,85684,0,146939,45,0.0,0.0,0.0,0.0,0.0,0.0,0.0,0.0,0.0,0.0,0.0,554.0,204.0,0.0,542.0,204.0,0.0,512.0,199.0,0.0,556.0,204.0,,,,29,,Alfie,Pond,Pond,has joined Crewe Alexandra on loan for the rest of the season.,,0,0,0,0,0,0,0,0,0,0,0,0,0,,,,0.0,0.0,0.0,0.0,0.0,0,0,0
642,a,100.0,100.0,5.6,126,78.0,0,0.0,-4,4.0,0.1,467,160.0,44,0,2.2,312.0,137.0,0,125,0.2,377.0,174.0,0.0,7.9,0.0,48714,15,59059,6,-0.3,-0.8,2.1,0.92,3.02,17.67,0.17,0.07,0.24,1.39,132.2,320.0,145.0,152.8,197.0,129.0,145.0,192.0,106.0,42.4,275.0,138.0,,1.0,3.0,29,,Hwang,Hee-chan,Hee Chan,,,1144,2,1,2,22,0,0,0,3,0,0,15,68,,,,0.0,0.16,1.73,1.18,5.35,8,22,38
643,a,100.0,100.0,5.2,216,134.0,0,0.0,-3,3.0,0.1,523,190.0,75,12,2.8,223.0,92.0,4,363,3.7,56.0,26.0,0.7,14.4,0.0,13827,253,17514,19,3.2,2.7,0.34,0.72,1.06,33.77,0.02,0.03,0.05,1.49,326.0,166.0,63.0,226.0,141.0,95.0,28.0,360.0,186.0,57.9,214.0,105.0,,,,29,,André,Trindade da Costa Neto,André,,,2040,1,0,2,37,0,0,0,9,0,0,22,289,,,,0.0,0.09,1.63,0.97,12.75,61,72,156
644,a,100.0,100.0,5.1,232,143.0,0,0.0,-4,4.0,0.0,600,228.0,34,1,1.6,394.0,171.0,0,164,1.3,234.0,98.0,0.3,6.7,0.0,5570,2,11589,5,0.8,0.3,1.03,0.65,1.68,17.61,0.09,0.06,0.15,1.58,156.4,300.0,135.0,151.2,198.0,130.0,138.0,199.0,111.0,44.2,267.0,134.0,3.0,2.0,,29,,Jean-Ricner,Bellegarde,Bellegarde,,,1006,1,0,3,24,0,0,0,4,0,0,12,86,,,,0.0,0.27,2.15,1.07,7.69,25,27,34
647,u,0.0,0.0,5.5,139,86.0,0,0.0,0,0.0,0.0,795,350.0,0,0,0.0,807.0,359.0,0,0,0.0,788.0,348.0,0.0,0.0,0.0,0,0,796,0,0.0,0.0,0.0,0.0,0.0,0.0,0.0,0.0,0.0,0.0,0.0,806.0,358.0,0.0,805.0,358.0,0.0,803.0,357.0,0.0,806.0,358.0,,,,29,,Gonçalo Manuel,Ganchinho Guedes,Guedes,Has joined Real Sociedad permanently.,,0,0,0,0,0,0,0,0,0,0,0,0,0,,,,0.0,0.0,0.0,0.0,0.0,0,0,0
648,u,0.0,0.0,5.3,196,122.0,0,0.0,-2,2.0,0.0,624,243.0,38,0,2.9,204.0,84.0,1,131,0.0,772.0,336.0,0.0,7.2,0.0,19177,0,23080,2,0.0,0.0,1.64,0.38,2.02,13.36,0.17,0.04,0.21,1.38,163.6,292.0,128.0,61.8,321.0,179.0,196.0,131.0,75.0,42.1,277.0,140.0,,,,29,,Marshall,Munetsi,Munetsi,has joined Paris FC on loan for the rest of the season.,,872,1,2,0,19,0,0,0,2,0,0,9,80,,,,0.0,0.0,1.96,0.93,8.26,21,39,20
649,u,0.0,0.0,5.0,264,161.0,0,0.0,0,0.0,0.0,814,362.0,0,0,0.0,787.0,345.0,0,0,0.0,745.0,318.0,0.0,0.0,0.0,0,0,162,0,0.0,0.0,0.0,0.0,0.0,0.0,0.0,0.0,0.0,0.0,0.0,786.0,344.0,0.0,784.0,344.0,0.0,780.0,342.0,0.0,786.0,344.0,,,,29,,Boubacar,Traoré,B.Traore,Has joined FC Metz on loan for the rest of the season.,,0,0,0,0,0,0,0,0,0,0,0,0,0,,,,0.0,0.0,0.0,0.0,0.0,0,0,0
651,a,,,4.3,616,361.0,0,0.0,-2,2.0,0.4,275,97.0,6,0,6.0,6.0,3.0,0,22,1.0,253.0,109.0,0.2,1.4,0.0,64442,68,66550,45,0.5,0.0,0.17,0.0,0.17,0.2,2.55,0.0,2.55,3.0,34.4,422.0,186.0,0.1,484.0,235.0,17.0,388.0,194.0,5.2,443.0,199.0,,,,29,,Tom,Edozie,Edozie,,,6,1,0,0,0,0,0,0,0,0,0,0,0,,,,0.0,0.0,0.0,0.0,0.0,0,0,0
652,a,,,4.3,615,360.0,0,0.0,-2,2.0,1.3,171,61.0,0,0,0.0,659.0,253.0,0,0,0.0,562.0,192.0,0.0,0.0,0.0,196956,77,240841,113,-0.5,-1.0,0.0,0.0,0.0,0.0,0.0,0.0,0.0,0.0,0.0,649.0,243.0,0.0,645.0,248.0,0.0,622.0,237.0,0.0,651.0,245.0,,,,29,,Enso,González Medina,Gonzalez,,,0,0,0,0,0,0,0,0,0,0,0,0,0,,,,0.0,0.0,0.0,0.0,0.0,0,0,0
653,u,0.0,0.0,4.5,424,254.0,0,0.0,0,0.0,0.0,661,266.0,0,0,0.0,698.0,274.0,0,0,0.0,615.0,220.0,0.0,0.0,0.0,0,0,5762,2,0.0,0.0,0.0,0.0,0.0,0.0,0.0,0.0,0.0,0.0,0.0,692.0,268.0,0.0,687.0,271.0,0.0,669.0,263.0,0.0,694.0,270.0,,,,29,,Joe,Hodge,Hodge,Signed by CD Tondela,,0,0,0,0,0,0,0,0,0,0,0,0,0,,,,0.0,0.0,0.0,0.0,0.0,0,0,0
655,u,0.0,0.0,4.9,330,61.0,0,0.0,-1,1.0,0.2,397,60.0,0,0,0.0,777.0,86.0,0,0,0.0,731.0,78.0,0.0,0.0,0.0,7178,0,55326,2,0.0,0.0,0.0,0.0,0.0,0.0,0.0,0.0,0.0,0.0,0.0,776.0,86.0,0.0,772.0,85.0,0.0,767.0,85.0,0.0,776.0,86.0,,,,29,,Fábio,Soares Silva,Fábio Silva,has joined Borussia Dortmund permanently.,,0,0,0,0,0,0,0,0,0,0,0,0,0,,,,0.0,0.0,0.0,0.0,0.0,0,0,0
656,u,0.0,0.0,4.9,322,59.0,0,0.0,-1,1.0,0.0,588,80.0,1,0,1.0,491.0,59.0,0,1,0.0,725.0,77.0,0.0,0.2,0.0,1691,0,10131,0,0.0,0.0,0.0,0.01,0.01,0.1,0.0,0.06,0.06,0.64,1.0,499.0,61.0,4.3,442.0,58.0,2.0,453.0,61.0,0.7,488.0,61.0,,,,29,,Saša,Kalajdžić,Kalajdžić,has joined LASK on loan for the rest of the season.,,14,0,0,0,0,0,0,0,0,0,0,0,2,,,,0.0,0.0,0.0,0.0,12.86,0,1,1
657,a,100.0,100.0,4.4,566,82.0,0,0.0,-1,1.0,0.0,649,83.0,0,0,0.0,685.0,74.0,0,0,0.0,597.0,64.0,0.0,0.0,0.0,4979,7,7335,3,-0.5,-1.0,0.0,0.0,0.0,0.0,0.0,0.0,0.0,0.0,0.0,678.0,74.0,0.0,673.0,73.0,0.0,653.0,73.0,0.0,680.0,74.0,,,,29,,Leon,Chiwome,Chiwome,,,0,0,0,0,0,0,0,0,0,0,0,0,0,,,,0.0,0.0,0.0,0.0,0.0,0,0,0
658,a,,,4.2,641,89.0,0,0.0,-3,3.0,1.9,139,23.0,0,0,0.0,640.0,63.0,0,0,0.0,528.0,51.0,0.0,0.0,0.0,274295,81,357002,275,-0.5,-1.0,0.0,0.0,0.0,0.0,0.0,0.0,0.0,0.0,0.0,631.0,63.0,0.0,625.0,62.0,0.0,600.0,62.0,0.0,633.0,63.0,,,,29,,Nathan,Fraser,Fraser,,,0,0,0,0,0,0,0,0,0,0,0,0,0,,,,0.0,0.0,0.0,0.0,0.0,0,0,0
663,u,0.0,0.0,4.9,318,198.0,0,0.0,-6,6.0,0.1,432,144.0,45,0,2.0,332.0,144.0,2,175,0.0,722.0,302.0,0.0,9.2,0.0,20148,0,81864,10,0.0,0.0,3.38,0.62,4.0,16.0,0.27,0.05,0.32,1.29,171.0,285.0,123.0,204.0,159.0,109.0,148.0,188.0,104.0,52.1,238.0,119.0,,,,29,,Jhon,Arias,J.Arias,has joined Palmeiras permanently.,,1117,1,0,2,21,0,0,0,1,0,0,14,125,,,,0.0,0.16,1.69,1.13,10.07,43,24,58
682,a,,,4.2,637,148.0,0,0.0,-3,3.0,0.1,545,196.0,29,6,1.6,387.0,145.0,0,70,1.3,232.0,88.0,0.3,6.9,0.0,4626,9,9299,2,0.8,0.3,0.13,1.04,1.17,17.44,0.01,0.11,0.12,1.87,143.0,310.0,119.0,110.8,239.0,66.0,46.0,325.0,105.0,30.1,333.0,114.0,,,,29,,David,Møller Wolfe,Møller Wolfe,,,839,0,2,1,20,0,0,0,1,0,0,9,49,,,,0.0,0.11,2.15,0.97,4.72,9,35,20
695,a,,,4.4,553,120.0,0,0.0,-1,1.0,0.0,639,226.0,50,5,1.9,345.0,129.0,0,152,2.3,141.0,53.0,0.5,11.4,0.0,6070,21,5810,8,1.8,1.3,0.26,1.13,1.39,23.97,0.01,0.06,0.07,1.34,287.8,198.0,78.0,278.5,106.0,26.0,40.0,337.0,111.0,60.7,202.0,68.0,,,,29,,Jackson,Tchatchoua,Tchatchoua,,,1605,0,1,3,29,0,0,0,3,0,0,16,123,,,,0.0,0.17,1.63,0.9,5.5,27,71,57
709,a,100.0,100.0,4.5,427,85.0,0,0.0,0,0.0,0.1,540,194.0,59,4,2.6,250.0,97.0,0,201,2.2,147.0,57.0,0.5,13.1,0.0,24008,43,19641,12,1.7,1.2,1.97,1.35,3.32,31.33,0.09,0.06,0.15,1.45,447.4,86.0,37.0,115.0,233.0,62.0,206.0,119.0,21.0,77.1,141.0,45.0,,,,29,,Ladislav,Krejcí,Krejčí,,,1947,2,1,3,36,1,0,0,2,1,0,22,186,,,,0.0,0.14,1.66,1.02,7.53,23,140,61
720,a,,,5.4,174,42.0,0,0.0,-1,1.0,0.2,400,61.0,54,4,2.1,322.0,36.0,4,173,2.8,112.0,14.0,0.5,10.0,0.0,61936,64,44341,78,2.3,1.8,4.04,0.34,4.38,20.24,0.3,0.03,0.33,1.5,188.8,267.0,25.0,160.8,191.0,18.0,434.0,32.0,16.0,77.6,139.0,19.0,,,5.0,29,,Tolu,Arokodare,Tolu,,,1215,2,2,3,25,0,0,1,1,0,0,12,68,,,,0.0,0.22,1.85,0.89,5.04,6,39,23
749,a,,,4.5,508,75.0,-1,1.0,0,0.0,2.2,129,20.0,52,2,2.7,232.0,22.0,6,207,2.0,164.0,20.0,0.4,11.6,0.0,533433,364,260331,1079,1.5,1.0,1.32,1.61,2.93,21.72,0.1,0.12,0.22,1.58,216.4,250.0,23.0,223.4,143.0,11.0,198.0,130.0,33.0,63.5,197.0,25.0,2.0,3.0,,29,,Mateus,Mané,Mané,,,1235,2,2,5,18,0,0,0,0,0,0,13,94,,,,0.0,0.36,1.31,0.95,6.85,16,27,51
766,a,,,4.0,725,200.0,0,0.0,0,0.0,0.0,659,233.0,0,0,0.0,626.0,239.0,0,0,0.0,504.0,205.0,0.0,0.0,0.0,3001,4,1507,5,-0.5,-1.0,0.0,0.0,0.0,0.0,0.0,0.0,0.0,0.0,0.0,616.0,239.0,0.0,608.0,239.0,0.0,580.0,236.0,0.0,618.0,239.0,,,,29,,Saheed,Olagunju,Olagunju,,,0,0,0,0,0,0,0,0,0,0,0,0,0,,,,0.0,0.0,0.0,0.0,0.0,0,0,0
767,a,,,4.5,492,303.0,0,0.0,0,0.0,0.0,768,329.0,0,0,0.0,742.0,311.0,0,0,0.0,669.0,265.0,0.0,0.0,0.0,1045,0,659,1,-0.5,-1.0,0.0,0.0,0.0,0.0,0.0,0.0,0.0,0.0,0.0,740.0,309.0,0.0,734.0,309.0,0.0,721.0,305.0,0.0,740.0,309.0,,,,29,,Luke,Rawlings,Rawlings,,,0,0,0,0,0,0,0,0,0,0,0,0,0,,,,0.0,0.0,0.0,0.0,0.0,0,0,0
777,u,0.0,0.0,4.5,453,272.0,0,0.0,0,0.0,0.0,803,356.0,0,0,0.0,714.0,289.0,0,0,0.0,635.0,237.0,0.0,0.0,0.0,415,0,320,0,0.0,0.0,0.0,0.0,0.0,0.0,0.0,0.0,0.0,0.0,0.0,709.0,284.0,0.0,705.0,286.0,0.0,689.0,279.0,0.0,710.0,285.0,,,,29,,Temple,Ojinnaka,Ojinnaka,has joined Shrewsbury Town on loan for the rest of the season.,,0,0,0,0,0,0,0,0,0,0,0,0,0,,,,0.0,0.0,0.0,0.0,0.0,0,0,0
