id,first_name,second_name,web_name,status,news,news_added,now_cost,now_cost_rank,now_cost_rank_type,selected_by_percent,selected_rank,selected_rank_type,form,form_rank,form_rank_type,event_points,cost_change_event,cost_change_event_fall,cost_change_start,cost_change_start_fall,transfers_in_event,transfers_out_event,value_form,value_season,ep_next,ep_this,points_per_game,points_per_game_rank,points_per_game_rank_type,chance_of_playing_next_round,chance_of_playing_this_round,influence_rank,influence_rank_type,creativity_rank,creativity_rank_type,threat_rank,threat_rank_type,ict_index_rank,ict_index_rank_type,corners_and_indirect_freekicks_order,direct_freekicks_order,penalties_order,set_piece_threat,corners_and_indirect_freekicks_text,direct_freekicks_text,penalties_text,expected_goals_per_90,expected_assists_per_90,expected_goal_involvements_per_90,expected_goals_conceded_per_90,saves_per_90,clean_sheets_per_90,goals_conceded_per_90,starts_per_90,defensive_contribution_per_90,gw,total_points,minutes,goals_scored,assists,clean_sheets,goals_conceded,own_goals,penalties_saved,penalties_missed,yellow_cards,red_cards,saves,starts,bonus,bps,transfers_in,transfers_out,dreamteam_count,expected_goals,expected_assists,expected_goal_involvements,expected_goals_conceded,influence,creativity,threat,ict_index,tackles,clearances_blocks_interceptions,recoveries,defensive_contribution
409,John,Stones,Stones,a,,,5.4,155,18.0,0.6,245,92.0,0.0,776.0,262.0,0,0,0.0,-1,1.0,61,61,0.0,2.2,0.5,0.5,1.7,390.0,144.0,100.0,100.0,387.0,147.0,394.0,143.0,457.0,170.0,416.0,149.0,,,,,,,,0.0,0.02,0.02,1.29,0.0,0.26,2.05,1.03,4.87,29,0.0,0.0,0.0,0.0,0.0,0.0,0.0,0.0,0.0,0.0,0.0,0.0,0.0,0.0,0.0,112.0,98.0,0.0,0.0,0.0,0.0,0.0,0.0,0.0,0.0,0.0,0.0,0.0,0.0,0.0
410,Rico,Lewis,Lewis,a,,,4.6,400,69.0,1.2,175,66.0,0.0,694.0,247.0,0,0,0.0,-4,4.0,137,256,0.0,4.1,0.5,0.5,1.9,347.0,131.0,100.0,100.0,393.0,150.0,265.0,79.0,334.0,109.0,367.0,127.0,,,,,,,,0.03,0.38,0.41,1.46,0.0,0.29,1.45,0.87,5.5,29,0.0,0.0,0.0,0.0,0.0,0.0,0.0,0.0,0.0,0.0,0.0,0.0,0.0,0.0,0.0,350.0,525.0,0.0,0.0,0.0,0.0,0.0,0.0,0.0,0.0,0.0,0.0,0.0,0.0,0.0
487,Harvey,Barnes,Barnes,a,,,6.1,81,53.0,1.1,182,64.0,1.2,263.0,116.0,1,0,0.0,-4,4.0,600,1848,0.2,12.8,0.7,0.7,2.8,225.0,95.0,,,194.0,81.0,104.0,75.0,23.0,11.0,59.0,39.0,,,,,,,,0.36,0.13,0.49,1.26,0.0,0.24,1.4,0.91,4.79,29,1.0,45.0,0.0,0.0,0.0,1.0,0.0,0.0,0.0,0.0,0.0,0.0,1.0,0.0,6.0,1528.0,8398.0,0.0,0.23000000000000043,0.009999999999999787,0.23999999999999932,0.629999999999999,2.400000000000034,1.3000000000000114,45.0,4.8999999999999915,1.0,0.0,0.0,1.0
504,Matt,Turner,Turner,u,Has joined Lyon permanently.,,4.0,674,47.0,0.1,522,75.0,0.0,464.0,60.0,0,0,0.0,0,0.0,0,9,0.0,0.0,0.0,0.0,0.0,584.0,67.0,0.0,0.0,574.0,67.0,565.0,54.0,536.0,41.0,576.0,67.0,,,,,,,,0.0,0.0,0.0,0.0,0.0,0.0,0.0,0.0,0.0,29,0.0,0.0,0.0,0.0,0.0,0.0,0.0,0.0,0.0,0.0,0.0,0.0,0.0,0.0,0.0,0.0,23.0,0.0,0.0,0.0,0.0,0.0,0.0,0.0,0.0,0.0,0.0,0.0,0.0,0.0
539,Luke,O'Nien,O'Nien,a,,,4.0,669,164.0,0.1,545,196.0,1.0,268.0,98.0,5,0,0.0,0,0.0,75,20,0.2,1.8,1.0,1.0,1.2,437.0,157.0,100.0,100.0,459.0,167.0,455.0,166.0,439.0,163.0,473.0,169.0,,,,,,,,0.0,0.02,0.02,1.62,0.0,0.8,0.0,0.8,5.62,29,5.0,90.0,0.0,0.0,1.0,0.0,0.0,0.0,0.0,1.0,0.0,0.0,1.0,0.0,20.0,126.0,70.0,0.0,0.0,0.02,0.02,1.15,4.4,1.1,2.0,0.8,1.0,3.0,4.0,4.0
559,Nectarios,Triantis,Triantis,u,has joined Minnesota United permanently.,,4.4,549,327.0,0.0,643,255.0,0.0,588.0,204.0,0,0,0.0,-1,1.0,0,3,0.0,0.0,0.0,0.0,0.0,674.0,261.0,0.0,0.0,665.0,252.0,661.0,257.0,639.0,246.0,667.0,254.0,,,,,,,,0.0,0.0,0.0,0.0,0.0,0.0,0.0,0.0,0.0,29,0.0,0.0,0.0,0.0,0.0,0.0,0.0,0.0,0.0,0.0,0.0,0.0,0.0,0.0,0.0,0.0,9.0,0.0,0.0,0.0,0.0,0.0,0.0,0.0,0.0,0.0,0.0,0.0,0.0,0.0
601,Wes,Foderingham,Foderingham,u,has joined Aris Limassol permanently.,,4.0,662,42.0,0.2,358,51.0,0.0,454.0,55.0,0,0,0.0,0,0.0,0,31,0.0,0.0,0.0,0.0,0.0,576.0,64.0,0.0,0.0,566.0,64.0,555.0,49.0,526.0,36.0,568.0,64.0,,,,,,,,0.0,0.0,0.0,0.0,0.0,0.0,0.0,0.0,0.0,29,0.0,0.0,0.0,0.0,0.0,0.0,0.0,0.0,0.0,0.0,0.0,0.0,0.0,0.0,0.0,0.0,71.0,0.0,0.0,0.0,0.0,0.0,0.0,0.0,0.0,0.0,0.0,0.0,0.0,0.0
602,Krisztián,Hegyi,Hegyi,u,has joined MTK Budapest on loan for the rest of the season.,,3.9,768,84.0,0.2,367,53.0,0.0,437.0,45.0,0,0,0.0,-1,1.0,0,67,0.0,0.0,0.0,0.0,0.0,559.0,54.0,0.0,0.0,549.0,54.0,536.0,37.0,506.0,24.0,551.0,54.0,,,,,,,,0.0,0.0,0.0,0.0,0.0,0.0,0.0,0.0,0.0,29,0.0,0.0,0.0,0.0,0.0,0.0,0.0,0.0,0.0,0.0,0.0,0.0,0.0,0.0,0.0,0.0,149.0,0.0,0.0,0.0,0.0,0.0,0.0,0.0,0.0,0.0,0.0,0.0,0.0,0.0
411,Nico,O'Reilly,O'Reilly,d,Ankle injury - 75% chance of playing,,5.1,238,35.0,9.6,35,12.0,7.6,3.0,1.0,0,0,0.0,1,-1.0,5681,18284,1.5,24.1,6.1,6.1,4.6,28.0,10.0,75.0,75.0,68.0,30.0,81.0,18.0,67.0,5.0,54.0,8.0,,,,,,,,0.15,0.07,0.22,1.19,0.0,0.49,0.84,0.97,6.13,29,0.0,0.0,0.0,0.0,0.0,0.0,0.0,0.0,0.0,0.0,0.0,0.0,0.0,0.0,0.0,23900.0,58101.0,0.0,0.0,0.0,0.0,0.0,0.0,0.0,0.0,0.0,0.0,0.0,0.0,0.0
412,Vitor,de Oliveira Nunes dos Reis,Vitor Reis,u,Has joined Girona on loan for the rest of the season.,,5.0,282,42.0,0.0,779,261.0,0.0,759.0,257.0,0,0,0.0,0,0.0,0,0,0.0,0.0,0.0,0.0,0.0,796.0,264.0,0.0,0.0,795.0,264.0,793.0,264.0,789.0,264.0,795.0,264.0,,,,,,,,0.0,0.0,0.0,0.0,0.0,0.0,0.0,0.0,0.0,29,0.0,0.0,0.0,0.0,0.0,0.0,0.0,0.0,0.0,0.0,0.0,0.0,0.0,0.0,0.0,0.0,0.0,0.0,0.0,0.0,0.0,0.0,0.0,0.0,0.0,0.0,0.0,0.0,0.0,0.0
413,Omar,Marmoush,Marmoush,a,,,8.3,12,7.0,2.6,115,37.0,2.0,189.0,81.0,0,0,0.0,-2,2.0,954,2616,0.2,4.5,2.5,2.5,2.3,301.0,132.0,100.0,100.0,337.0,150.0,213.0,139.0,114.0,70.0,264.0,133.0,,4.0,2.0,,,,,0.38,0.12,0.5,1.07,0.0,0.53,0.71,1.07,5.33,29,0.0,0.0,0.0,0.0,0.0,0.0,0.0,0.0,0.0,0.0,0.0,0.0,0.0,0.0,0.0,8979.0,3930.0,0.0,0.0,0.0,0.0,0.0,0.0,0.0,0.0,0.0,0.0,0.0,0.0,0.0
414,Phil,Foden,Foden,a,,,8.1,15,10.0,8.6,41,14.0,1.6,223.0,96.0,2,0,0.0,1,-1.0,765,8084,0.2,13.7,2.1,2.1,4.4,42.0,20.0,100.0,100.0,70.0,21.0,4.0,4.0,33.0,18.0,14.0,10.0,2.0,3.0,,,,,,0.27,0.19,0.46,1.1,0.0,0.5,0.8,1.05,6.68,29,2.0,76.0,0.0,0.0,0.0,2.0,0.0,0.0,0.0,0.0,0.0,0.0,1.0,0.0,20.0,3255.0,23591.0,0.0,0.04999999999999982,0.18000000000000016,0.22999999999999865,0.8200000000000003,14.799999999999955,40.69999999999993,16.0,7.199999999999989,1.0,2.0,3.0,6.0
415,Sávio,Moreira de Oliveira,Savinho,a,,,6.9,40,24.0,0.4,280,99.0,0.2,386.0,177.0,1,0,0.0,-1,1.0,87,62,0.0,3.9,0.7,0.7,1.6,404.0,178.0,100.0,100.0,380.0,170.0,211.0,137.0,106.0,66.0,270.0,135.0,,,,,,,,0.27,0.19,0.46,1.06,0.0,0.32,0.8,0.8,7.38,29,1.0,8.0,0.0,0.0,0.0,0.0,0.0,0.0,0.0,0.0,0.0,0.0,0.0,0.0,2.0,191.0,116.0,0.0,0.3899999999999999,0.010000000000000009,0.3999999999999999,0.10999999999999943,6.0,0.8000000000000114,14.0,2.1000000000000014,0.0,0.0,0.0,0.0
416,Bernardo,Mota Veiga de Carvalho e Silva,Bernardo,a,,,6.2,72,47.0,0.6,241,83.0,2.6,141.0,63.0,2,0,0.0,-3,3.0,301,463,0.4,11.6,3.1,3.1,2.5,279.0,121.0,100.0,100.0,143.0,49.0,21.0,21.0,129.0,75.0,63.0,42.0,1.0,,,,,,,0.06,0.13,0.19,1.14,0.0,0.37,0.95,1.04,7.93,29,2.0,90.0,0.0,0.0,0.0,2.0,0.0,0.0,0.0,0.0,0.0,0.0,1.0,0.0,22.0,1131.0,1227.0,0.0,0.32000000000000006,0.3500000000000001,0.6699999999999999,0.9699999999999989,23.799999999999955,49.200000000000045,60.0,13.300000000000011,1.0,1.0,3.0,5.0
417,Rayan,Cherki,Cherki,a,,,6.4,60,39.0,7.7,53,19.0,2.2,170.0,71.0,5,0,0.0,-1,1.0,6028,7531,0.3,15.5,2.7,2.7,4.1,57.0,27.0,100.0,100.0,105.0,34.0,12.0,12.0,64.0,38.0,26.0,21.0,3.0,2.0,,,,,,0.17,0.48,0.65,1.21,0.0,0.43,0.92,0.99,8.17,29,5.0,81.0,0.0,1.0,0.0,2.0,0.0,0.0,0.0,0.0,0.0,0.0,1.0,0.0,28.0,17696.0,29125.0,0.0,0.25,0.6099999999999994,0.8600000000000012,0.8599999999999994,27.600000000000023,60.200000000000045,13.0,10.099999999999994,1.0,0.0,3.0,4.0
418,Jérémy,Doku,Doku,a,,,6.4,57,36.0,2.3,125,42.0,0.2,385.0,176.0,1,0,0.0,-1,1.0,469,627,0.0,11.4,0.7,0.7,3.5,127.0,56.0,100.0,100.0,188.0,77.0,20.0,20.0,52.0,32.0,41.0,31.0,,,3.0,,,,,0.14,0.34,0.48,1.19,0.0,0.38,0.98,0.98,6.27,29,1.0,13.0,0.0,0.0,0.0,0.0,0.0,0.0,0.0,0.0,0.0,0.0,0.0,0.0,7.0,1139.0,1203.0,0.0,0.040000000000000036,0.2999999999999998,0.34000000000000075,0.15000000000000036,2.3999999999999773,10.799999999999955,1.0,1.4000000000000057,1.0,0.0,3.0,4.0
759,Marli,Salmon,Salmon,a,,,4.0,730,205.0,0.0,685,239.0,0.0,514.0,211.0,0,0,0.0,0,0.0,9,9,0.0,0.0,1.0,1.0,0.0,629.0,242.0,,,619.0,242.0,611.0,242.0,583.0,239.0,621.0,242.0,,,,,,,,0.0,0.0,0.0,0.0,0.0,0.0,0.0,0.0,0.0,29,0.0,0.0,0.0,0.0,0.0,0.0,0.0,0.0,0.0,0.0,0.0,0.0,0.0,0.0,0.0,13.0,25.0,0.0,0.0,0.0,0.0,0.0,0.0,0.0,0.0,0.0,0.0,0.0,0.0,0.0
203,Enock,Agyei,Boateng,a,,,4.7,394,246.0,0.0,594,223.0,0.0,700.0,286.0,0,0,0.0,-3,3.0,18,25,0.0,0.0,-0.5,-0.5,0.0,761.0,326.0,,,760.0,325.0,755.0,325.0,747.0,322.0,760.0,325.0,,,,,,,,0.0,0.0,0.0,0.0,0.0,0.0,0.0,0.0,0.0,29,0.0,0.0,0.0,0.0,0.0,0.0,0.0,0.0,0.0,0.0,0.0,0.0,0.0,0.0,0.0,40.0,71.0,0.0,0.0,0.0,0.0,0.0,0.0,0.0,0.0,0.0,0.0,0.0,0.0,0.0
87,Ryan,Christie,Christie,a,,,4.9,292,182.0,0.1,555,202.0,1.4,233.0,99.0,3,0,0.0,-1,1.0,46,31,0.3,5.7,1.9,1.4,1.5,413.0,184.0,100.0,100.0,323.0,146.0,207.0,135.0,198.0,110.0,285.0,143.0,,,,,,,,0.23,0.08,0.31,1.87,0.0,0.16,1.55,0.47,11.04,29,3.0,73.0,0.0,0.0,1.0,0.0,0.0,0.0,0.0,0.0,0.0,0.0,1.0,0.0,16.0,89.0,106.0,0.0,0.020000000000000018,0.10000000000000003,0.11999999999999988,0.16999999999999993,11.000000000000014,14.5,5.0,3.0999999999999943,2.0,3.0,6.0,11.0
89,Philip,Billing,Philip,u,has joined Midtjylland permanently.,,4.9,294,184.0,0.0,674,272.0,0.0,716.0,298.0,0,0,0.0,-1,1.0,0,1,0.0,0.0,0.0,0.0,0.0,767.0,329.0,0.0,0.0,766.0,328.0,762.0,328.0,756.0,326.0,766.0,328.0,,,,,,,,0.0,0.0,0.0,0.0,0.0,0.0,0.0,0.0,0.0,29,0.0,0.0,0.0,0.0,0.0,0.0,0.0,0.0,0.0,0.0,0.0,0.0,0.0,0.0,0.0,0.0,4.0,0.0,0.0,0.0,0.0,0.0,0.0,0.0,0.0,0.0,0.0,0.0,0.0,0.0
687,Remy,Rees-Dottin,Rees-Dottin,a,,,4.3,618,362.0,0.2,390,130.0,0.0,569.0,195.0,0,0,0.0,-2,2.0,249,190,0.0,0.0,0.5,0.0,0.0,661.0,254.0,,,651.0,244.0,647.0,249.0,624.0,238.0,653.0,246.0,,,,,,,,0.0,0.0,0.0,0.0,0.0,0.0,0.0,0.0,0.0,29,0.0,0.0,0.0,0.0,0.0,0.0,0.0,0.0,0.0,0.0,0.0,0.0,0.0,0.0,0.0,526.0,473.0,0.0,0.0,0.0,0.0,0.0,0.0,0.0,0.0,0.0,0.0,0.0,0.0,0.0
756,Malcom,DaCosta,DaCosta,a,,,4.5,514,318.0,0.0,742,314.0,0.0,691.0,280.0,0,0,0.0,0,0.0,13,12,0.0,0.0,0.5,0.0,0.0,756.0,322.0,,,755.0,321.0,749.0,321.0,737.0,318.0,755.0,321.0,,,,,,,,0.0,0.0,0.0,0.0,0.0,0.0,0.0,0.0,0.0,29,0.0,0.0,0.0,0.0,0.0,0.0,0.0,0.0,0.0,0.0,0.0,0.0,0.0,0.0,0.0,26.0,24.0,0.0,0.0,0.0,0.0,0.0,0.0,0.0,0.0,0.0,0.0,0.0,0.0,0.0
420,İlkay,Gündoğan,Gündoğan,u,has joined Galatasaray permanently.,,6.3,63,42.0,0.1,554,201.0,0.0,805.0,360.0,0,0,0.0,-2,2.0,0,1,0.0,0.0,0.0,0.0,0.0,812.0,363.0,0.0,0.0,812.0,363.0,812.0,363.0,812.0,363.0,812.0,363.0,,,,,,,,0.0,0.0,0.0,0.0,0.0,0.0,0.0,0.0,0.0,29,0.0,0.0,0.0,0.0,0.0,0.0,0.0,0.0,0.0,0.0,0.0,0.0,0.0,0.0,0.0,0.0,2.0,0.0,0.0,0.0,0.0,0.0,0.0,0.0,0.0,0.0,0.0,0.0,0.0,0.0
421,Rodrigo 'Rodri',Hernandez Cascante,Rodrigo,a,,,6.3,66,44.0,0.5,260,90.0,5.0,25.0,12.0,9,0,0.0,-2,2.0,725,184,0.8,8.4,5.5,5.5,3.1,181.0,78.0,100.0,100.0,202.0,84.0,79.0,60.0,256.0,139.0,169.0,88.0,,,,,,,,0.06,0.12,0.18,1.22,0.0,0.31,0.94,1.01,12.49,29,9.0,90.0,1.0,0.0,0.0,2.0,0.0,0.0,0.0,0.0,0.0,0.0,1.0,2.0,35.0,1267.0,527.0,0.0,0.38,0.17999999999999994,0.56,0.9700000000000006,45.39999999999998,31.30000000000001,42.0,11.900000000000006,1.0,0.0,9.0,10.0
422,Mateo,Kovačić,Kovačić,i,Ankle injury - Unknown return date,,5.8,104,67.0,0.0,687,280.0,0.0,795.0,352.0,0,0,0.0,-2,2.0,5,2,0.0,0.2,0.0,0.0,1.0,503.0,235.0,0.0,0.0,485.0,223.0,470.0,227.0,807.0,359.0,500.0,231.0,,,,,,,,0.0,0.0,0.0,0.0,0.0,0.0,0.0,0.0,0.0,29,0.0,0.0,0.0,0.0,0.0,0.0,0.0,0.0,0.0,0.0,0.0,0.0,0.0,0.0,0.0,5.0,7.0,0.0,0.0,0.0,0.0,0.0,0.0,0.0,0.0,0.0,0.0,0.0,0.0,0.0
423,Nico,González Iglesias,N.Gonzalez,a,,,5.9,99,64.0,0.1,472,163.0,0.0,800.0,357.0,0,0,0.0,-1,1.0,29,46,0.0,9.3,0.5,0.5,2.6,259.0,110.0,100.0,100.0,204.0,85.0,177.0,120.0,300.0,162.0,237.0,118.0,,,,,,,,0.04,0.07,0.11,1.1,0.0,0.46,0.92,0.99,11.96,29,0.0,0.0,0.0,0.0,0.0,0.0,0.0,0.0,0.0,0.0,0.0,0.0,0.0,0.0,0.0,69.0,91.0,0.0,0.0,0.0,0.0,0.0,0.0,0.0,0.0,0.0,0.0,0.0,0.0,0.0
425,Claudio,Echeverri,Echeverri,u,has joined Girona on loan for the rest of the season.,,5.4,182,113.0,0.0,741,313.0,0.0,790.0,349.0,0,0,0.0,-1,1.0,0,0,0.0,0.0,0.0,0.0,0.0,806.0,358.0,0.0,0.0,805.0,357.0,804.0,357.0,802.0,356.0,805.0,357.0,,,,,,,,0.0,0.0,0.0,0.0,0.0,0.0,0.0,0.0,0.0,29,0.0,0.0,0.0,0.0,0.0,0.0,0.0,0.0,0.0,0.0,0.0,0.0,0.0,0.0,0.0,0.0,0.0,0.0,0.0,0.0,0.0,0.0,0.0,0.0,0.0,0.0,0.0,0.0,0.0,0.0
427,Tijjani,Reijnders,Reijnders,a,,,5.0,259,158.0,9.7,33,11.0,0.4,350.0,160.0,0,0,0.0,-5,5.0,519,4650,0.1,17.0,0.9,0.9,3.4,136.0,59.0,,,169.0,65.0,86.0,65.0,50.0,31.0,82.0,51.0,4.0,,,,,,,0.24,0.13,0.37,1.06,0.0,0.43,0.98,1.04,5.56,29,0.0,0.0,0.0,0.0,0.0,0.0,0.0,0.0,0.0,0.0,0.0,0.0,0.0,0.0,0.0,1451.0,14048.0,0.0,0.0,0.0,0.0,0.0,0.0,0.0,0.0,0.0,0.0,0.0,0.0,0.0
428,Sverre,Nypan,Nypan,a,,,5.0,279,173.0,0.0,719,298.0,0.0,756.0,326.0,0,0,0.0,0,0.0,3,3,0.0,0.0,0.5,0.5,0.0,793.0,349.0,100.0,100.0,792.0,348.0,790.0,348.0,786.0,346.0,792.0,348.0,,,,,,,,0.0,0.0,0.0,0.0,0.0,0.0,0.0,0.0,0.0,29,0.0,0.0,0.0,0.0,0.0,0.0,0.0,0.0,0.0,0.0,0.0,0.0,0.0,0.0,0.0,7.0,5.0,0.0,0.0,0.0,0.0,0.0,0.0,0.0,0.0,0.0,0.0,0.0,0.0,0.0
429,Kalvin,Phillips,Phillips,u,has joined Sheffield United on loan for the rest of the season.,,4.7,378,237.0,0.1,556,203.0,0.0,696.0,284.0,0,0,0.0,-3,3.0,0,7,0.0,0.0,0.0,0.0,0.0,759.0,325.0,0.0,0.0,758.0,324.0,753.0,324.0,742.0,321.0,758.0,324.0,,,,,,,,0.0,0.0,0.0,0.0,0.0,0.0,0.0,0.0,0.0,29,0.0,0.0,0.0,0.0,0.0,0.0,0.0,0.0,0.0,0.0,0.0,0.0,0.0,0.0,0.0,0.0,10.0,0.0,0.0,0.0,0.0,0.0,0.0,0.0,0.0,0.0,0.0,0.0,0.0,0.0
430,Erling,Haaland,Haaland,a,,,14.6,1,1.0,61.8,1,1.0,4.8,35.0,4.0,2,-1,1.0,6,-6.0,11346,52528,0.3,13.4,5.3,4.0,7.0,2.0,1.0,100.0,75.0,1.0,1.0,124.0,7.0,1.0,1.0,2.0,1.0,,,1.0,,,,,0.8,0.07,0.87,1.15,0.0,0.39,1.01,1.05,3.18,29,2.0,90.0,0.0,0.0,0.0,2.0,0.0,0.0,0.0,0.0,0.0,0.0,1.0,0.0,778.0,14765.0,372527.0,0.0,0.10000000000000142,0.029999999999999805,0.129999999999999,0.9700000000000024,0.0,1.799999999999983,15.0,1.5999999999999943,0.0,1.0,1.0,2.0
736,Gianluigi,Donnarumma,Donnarumma,a,,,5.6,127,3.0,9.6,34,7.0,4.2,57.0,6.0,1,0,0.0,1,-1.0,7951,4758,0.8,18.2,4.7,4.7,3.9,76.0,8.0,,,56.0,13.0,808.0,94.0,806.0,93.0,228.0,13.0,,,,,,,,0.0,0.0,0.0,1.11,2.46,0.42,0.88,1.0,0.0,29,1.0,90.0,0.0,0.0,0.0,2.0,0.0,0.0,0.0,0.0,0.0,2.0,1.0,0.0,5.0,29692.0,9202.0,0.0,0.0,0.0,0.0,0.9699999999999989,19.59999999999991,0.0,0.0,2.0,0.0,0.0,4.0,0.0
739,Divine,Mukasa,Mukasa,u,has joined Leicester City on loan for the rest of the season.,,4.4,568,340.0,0.0,686,279.0,0.0,604.0,215.0,0,0,0.0,-1,1.0,0,4,0.0,0.5,0.0,0.0,1.0,473.0,210.0,0.0,0.0,476.0,216.0,378.0,192.0,432.0,212.0,454.0,205.0,,,,,,,,0.0,0.76,0.76,1.22,0.0,0.0,0.0,0.0,3.6,29,0.0,0.0,0.0,0.0,0.0,0.0,0.0,0.0,0.0,0.0,0.0,0.0,0.0,0.0,0.0,0.0,15.0,0.0,0.0,0.0,0.0,0.0,0.0,0.0,0.0,0.0,0.0,0.0,0.0,0.0
740,Stephen,Mfuni,Mfuni,u,has joined Watford on loan for the rest of the season.,,3.9,779,228.0,0.0,619,220.0,0.0,447.0,170.0,0,0,0.0,-1,1.0,0,10,0.0,0.0,0.0,0.0,0.0,569.0,206.0,0.0,0.0,559.0,206.0,547.0,206.0,517.0,201.0,561.0,206.0,,,,,,,,0.0,0.0,0.0,0.0,0.0,0.0,0.0,0.0,0.0,29,0.0,0.0,0.0,0.0,0.0,0.0,0.0,0.0,0.0,0.0,0.0,0.0,0.0,0.0,0.0,0.0,19.0,0.0,0.0,0.0,0.0,0.0,0.0,0.0,0.0,0.0,0.0,0.0,0.0,0.0
742,Ryan,McAidoo,McAidoo,a,,,4.5,500,309.0,0.0,731,305.0,0.0,680.0,272.0,0,0,0.0,0,0.0,6,8,0.0,0.0,0.5,0.5,0.0,747.0,315.0,,,746.0,314.0,740.0,314.0,727.0,310.0,746.0,314.0,,,,,,,,0.0,0.0,0.0,0.0,0.0,0.0,0.0,0.0,0.0,29,0.0,0.0,0.0,0.0,0.0,0.0,0.0,0.0,0.0,0.0,0.0,0.0,0.0,0.0,0.0,12.0,13.0,0.0,0.0,0.0,0.0,0.0,0.0,0.0,0.0,0.0,0.0,0.0,0.0,0.0
763,Charlie,Gray,Gray,a,,,4.5,455,274.0,0.0,784,342.0,0.0,642.0,241.0,0,0,0.0,0,0.0,6,6,0.0,0.0,0.5,0.5,0.0,716.0,291.0,,,711.0,286.0,707.0,288.0,691.0,281.0,712.0,287.0,,,,,,,,0.0,0.0,0.0,0.0,0.0,0.0,0.0,0.0,0.0,29,0.0,0.0,0.0,0.0,0.0,0.0,0.0,0.0,0.0,0.0,0.0,0.0,0.0,0.0,0.0,12.0,10.0,0.0,0.0,0.0,0.0,0.0,0.0,0.0,0.0,0.0,0.0,0.0,0.0,0.0
764,Reigan,Heskey,Heskey,a,,,4.5,482,295.0,0.0,796,351.0,0.0,665.0,260.0,0,0,0.0,0,0.0,2,4,0.0,0.0,0.5,0.5,0.0,733.0,304.0,,,731.0,302.0,725.0,302.0,712.0,298.0,731.0,302.0,,,,,,,,0.0,0.0,0.0,0.0,0.0,0.0,0.0,0.0,0.0,29,0.0,0.0,0.0,0.0,0.0,0.0,0.0,0.0,0.0,0.0,0.0,0.0,0.0,0.0,0.0,4.0,7.0,0.0,0.0,0.0,0.0,0.0,0.0,0.0,0.0,0.0,0.0,0.0,0.0,0.0
794,Max,Alleyne,Alleyne,d,Knock - 75% chance of playing,,4.0,694,177.0,0.0,752,257.0,0.0,483.0,187.0,0,0,0.0,-5,5.0,5,23,0.0,1.2,0.4,0.4,2.5,264.0,102.0,75.0,75.0,428.0,159.0,403.0,147.0,366.0,124.0,432.0,156.0,,,,,,,,0.17,0.04,0.21,1.03,0.0,0.0,0.67,1.33,7.33,29,0.0,0.0,0.0,0.0,0.0,0.0,0.0,0.0,0.0,0.0,0.0,0.0,0.0,0.0,0.0,9.0,69.0,0.0,0.0,0.0,0.0,0.0,0.0,0.0,0.0,0.0,0.0,0.0,0.0,0.0
129,Yehor,Yarmoliuk,Yarmoliuk,a,,,5.0,274,169.0,0.1,470,162.0,1.0,277.0,126.0,1,0,0.0,0,0.0,39,125,0.2,15.2,1.5,1.0,2.6,255.0,107.0,100.0,100.0,164.0,61.0,149.0,100.0,229.0,127.0,192.0,98.0,,,,,,,,0.05,0.05,0.1,1.35,0.0,0.22,1.47,1.03,11.31,29,1.0,28.0,0.0,0.0,0.0,0.0,0.0,0.0,0.0,0.0,0.0,0.0,0.0,0.0,3.0,158.0,396.0,0.0,0.0,0.010000000000000009,0.010000000000000231,0.23000000000000043,3.8000000000000114,2.299999999999983,0.0,0.6000000000000085,0.0,1.0,2.0,3.0
130,Romelle,Donovan,Donovan,a,,,4.4,570,341.0,0.1,465,158.0,0.6,318.0,145.0,0,0,0.0,-1,1.0,84,75,0.1,0.9,1.1,0.6,1.0,474.0,211.0,,,466.0,210.0,415.0,205.0,378.0,191.0,453.0,204.0,,,,,,,,0.21,0.02,0.23,0.92,0.0,0.0,0.0,0.0,11.84,29,0.0,0.0,0.0,0.0,0.0,0.0,0.0,0.0,0.0,0.0,0.0,0.0,0.0,0.0,0.0,278.0,201.0,0.0,0.0,0.0,0.0,0.0,0.0,0.0,0.0,0.0,0.0,0.0,0.0,0.0
159,Solly,March,March,a,,,5.8,105,68.0,0.0,749,319.0,0.2,383.0,175.0,0,0,0.0,-2,2.0,72,13,0.0,0.2,0.2,-0.8,1.0,504.0,236.0,100.0,100.0,809.0,360.0,809.0,360.0,808.0,360.0,809.0,360.0,,,,,,,,0.0,0.0,0.0,5.62,0.0,0.0,0.0,0.0,0.0,29,0.0,0.0,0.0,0.0,0.0,0.0,0.0,0.0,0.0,0.0,0.0,0.0,0.0,0.0,0.0,116.0,22.0,0.0,0.0,0.0,0.0,0.0,0.0,0.0,0.0,0.0,0.0,0.0,0.0,0.0
237,Enzo,Fernández,Enzo,a,,,6.7,49,31.0,16.1,20,7.0,2.2,172.0,73.0,4,0,0.0,2,-2.0,8263,21121,0.3,18.7,2.7,2.7,4.5,36.0,16.0,100.0,100.0,26.0,7.0,7.0,7.0,19.0,8.0,4.0,3.0,3.0,1.0,2.0,,,,,0.37,0.21,0.58,1.27,0.0,0.3,1.16,1.01,7.51,29,4.0,78.0,0.0,1.0,0.0,1.0,0.0,0.0,0.0,1.0,0.0,0.0,1.0,0.0,29.0,19079.0,141983.0,0.0,0.02999999999999936,0.5,0.5299999999999994,0.44000000000000483,26.399999999999977,30.200000000000045,19.0,7.599999999999994,2.0,0.0,8.0,10.0
240,Christopher,Nkunku,Nkunku,u,has joined AC Milan permanently.,,5.9,96,62.0,0.1,518,187.0,0.0,798.0,355.0,0,0,0.0,-1,1.0,0,3,0.0,0.0,0.0,0.0,0.0,810.0,361.0,0.0,0.0,810.0,361.0,810.0,361.0,809.0,361.0,810.0,361.0,,,,,,,,0.0,0.0,0.0,0.0,0.0,0.0,0.0,0.0,0.0,29,0.0,0.0,0.0,0.0,0.0,0.0,0.0,0.0,0.0,0.0,0.0,0.0,0.0,0.0,0.0,0.0,5.0,0.0,0.0,0.0,0.0,0.0,0.0,0.0,0.0,0.0,0.0,0.0,0.0,0.0
743,Landon,Emenalo,Emenalo,a,,,4.5,497,307.0,0.0,730,304.0,0.0,677.0,270.0,0,0,0.0,0,0.0,8,3,0.0,0.0,0.5,0.5,0.0,744.0,313.0,,,743.0,312.0,737.0,312.0,724.0,308.0,743.0,312.0,,,,,,,,0.0,0.0,0.0,0.0,0.0,0.0,0.0,0.0,0.0,29,0.0,0.0,0.0,0.0,0.0,0.0,0.0,0.0,0.0,0.0,0.0,0.0,0.0,0.0,0.0,14.0,10.0,0.0,0.0,0.0,0.0,0.0,0.0,0.0,0.0,0.0,0.0,0.0,0.0,0.0
283,Jean-Philippe,Mateta,Mateta,d,Knee injury - 50% chance of playing,,7.5,22,8.0,6.6,57,11.0,0.0,816.0,91.0,0,0,0.0,0,0.0,72,3374,0.0,11.2,0.0,0.0,3.7,104.0,8.0,50.0,0.0,113.0,9.0,229.0,24.0,13.0,8.0,48.0,10.0,,,2.0,,,,,0.56,0.06,0.62,1.26,0.0,0.38,1.09,1.09,5.2,29,0.0,0.0,0.0,0.0,0.0,0.0,0.0,0.0,0.0,0.0,0.0,0.0,0.0,0.0,0.0,94.0,7219.0,0.0,0.0,0.0,0.0,0.0,0.0,0.0,0.0,0.0,0.0,0.0,0.0,0.0
302,Idrissa Gana,Gueye,Gana,a,,,5.4,154,96.0,0.1,484,171.0,2.0,185.0,78.0,3,0,0.0,-1,1.0,96,74,0.4,11.5,1.0,2.5,3.1,177.0,75.0,100.0,100.0,199.0,83.0,153.0,104.0,170.0,94.0,182.0,94.0,,,,,,,,0.08,0.05,0.13,1.32,0.0,0.22,1.13,1.08,9.18,29,3.0,86.0,0.0,0.0,1.0,0.0,0.0,0.0,0.0,0.0,0.0,0.0,1.0,0.0,12.0,335.0,207.0,0.0,0.08000000000000007,0.06999999999999995,0.1499999999999999,0.0799999999999983,3.7999999999999545,8.800000000000011,6.0,1.9000000000000057,0.0,2.0,4.0,6.0
303,James,Garner,Garner,a,,,5.2,211,130.0,4.0,88,29.0,4.8,29.0,13.0,10,0,0.0,2,-2.0,10554,2681,0.9,24.8,3.8,5.3,4.4,40.0,18.0,,,14.0,4.0,8.0,8.0,120.0,72.0,20.0,16.0,1.0,3.0,2.0,,,,,0.06,0.16,0.22,1.42,0.0,0.35,1.14,1.0,12.31,29,10.0,90.0,0.0,1.0,1.0,0.0,0.0,0.0,0.0,0.0,0.0,0.0,1.0,2.0,37.0,32071.0,9458.0,0.0,0.0,0.1900000000000004,0.1900000000000004,0.7899999999999991,48.19999999999993,72.39999999999998,0.0,12.099999999999994,7.0,3.0,3.0,13.0
786,Alfie,McNally,McNally,a,,,4.0,702,60.0,0.0,755,86.0,0.0,491.0,73.0,0,0,0.0,0,0.0,6,4,0.0,0.0,0.0,0.0,0.0,608.0,80.0,,,598.0,80.0,589.0,67.0,560.0,54.0,600.0,80.0,,,,,,,,0.0,0.0,0.0,0.0,0.0,0.0,0.0,0.0,0.0,29,0.0,0.0,0.0,0.0,0.0,0.0,0.0,0.0,0.0,0.0,0.0,0.0,0.0,0.0,0.0,16.0,13.0,0.0,0.0,0.0,0.0,0.0,0.0,0.0,0.0,0.0,0.0,0.0,0.0,0.0
168,Facundo,Buonanotte,Buonanotte,a,,,4.6,403,249.0,0.1,487,172.0,0.0,695.0,283.0,0,0,0.0,-4,4.0,52,71,0.0,0.4,0.0,0.0,0.7,514.0,241.0,100.0,100.0,472.0,212.0,383.0,194.0,383.0,193.0,447.0,200.0,,,,,,,,0.05,0.13,0.18,2.43,0.0,0.0,2.61,1.3,6.52,29,0.0,0.0,0.0,0.0,0.0,0.0,0.0,0.0,0.0,0.0,0.0,0.0,0.0,0.0,0.0,129.0,215.0,0.0,0.0,0.0,0.0,0.0,0.0,0.0,0.0,0.0,0.0,0.0,0.0,0.0
343,Pascal,Struijk,Struijk,a,,,4.3,584,130.0,0.5,257,96.0,2.0,176.0,64.0,2,0,0.0,-2,2.0,334,472,0.5,18.6,2.0,2.0,3.1,166.0,63.0,100.0,100.0,50.0,22.0,217.0,55.0,115.0,17.0,102.0,27.0,,,,,,,,0.1,0.02,0.12,1.38,0.0,0.16,1.59,1.0,9.21,29,2.0,90.0,0.0,0.0,0.0,1.0,0.0,0.0,0.0,0.0,0.0,0.0,1.0,0.0,11.0,6193.0,1110.0,0.0,0.06000000000000005,0.06000000000000005,0.1200000000000001,0.8599999999999994,11.399999999999977,11.700000000000003,7.0,3.0,0.0,2.0,4.0,2.0
344,Jaka,Bijol,Bijol,a,,,3.9,758,219.0,0.4,281,103.0,1.0,267.0,97.0,1,0,0.0,-1,1.0,76,226,0.3,12.3,1.0,1.0,3.0,185.0,69.0,100.0,100.0,193.0,76.0,357.0,125.0,136.0,25.0,239.0,79.0,,,,,,,,0.06,0.05,0.11,1.66,0.0,0.08,1.68,0.96,9.19,29,1.0,6.0,0.0,0.0,0.0,0.0,0.0,0.0,0.0,0.0,0.0,0.0,0.0,0.0,8.0,687.0,793.0,0.0,0.22999999999999998,0.06999999999999995,0.30000000000000004,0.0,9.800000000000011,0.7999999999999972,58.0,6.899999999999999,0.0,1.0,3.0,1.0
345,Sebastiaan,Bornauw,Bornauw,a,,,3.8,796,243.0,0.1,419,153.0,0.2,358.0,126.0,0,0,0.0,-2,2.0,32,93,0.1,4.5,0.2,0.2,1.9,343.0,127.0,100.0,100.0,382.0,145.0,441.0,160.0,403.0,147.0,417.0,150.0,,,,,,,,0.0,0.0,0.0,1.46,0.0,0.3,1.18,1.18,11.25,29,0.0,0.0,0.0,0.0,0.0,0.0,0.0,0.0,0.0,0.0,0.0,0.0,0.0,0.0,0.0,96.0,295.0,0.0,0.0,0.0,0.0,0.0,0.0,0.0,0.0,0.0,0.0,0.0,0.0,0.0
346,Sam,Byram,Byram,a,,,3.8,787,235.0,0.2,376,139.0,0.0,392.0,141.0,0,0,0.0,-2,2.0,25,49,0.0,0.3,0.0,0.0,1.0,448.0,160.0,,,511.0,184.0,495.0,182.0,463.0,175.0,513.0,184.0,,,,,,,,0.0,0.0,0.0,10.16,0.0,0.0,12.86,0.0,0.0,29,0.0,0.0,0.0,0.0,0.0,0.0,0.0,0.0,0.0,0.0,0.0,0.0,0.0,0.0,0.0,81.0,166.0,0.0,0.0,0.0,0.0,0.0,0.0,0.0,0.0,0.0,0.0,0.0,0.0,0.0
135,Yoane,Wissa,Wissa,a,,,7.3,24,9.0,0.6,240,35.0,0.6,333.0,43.0,0,0,0.0,-2,2.0,236,415,0.1,2.6,0.1,0.1,1.6,405.0,48.0,100.0,100.0,409.0,46.0,367.0,48.0,201.0,42.0,364.0,43.0,,,,,,,,0.42,0.11,0.53,1.5,0.0,0.21,1.71,0.86,3.85,29,0.0,0.0,0.0,0.0,0.0,0.0,0.0,0.0,0.0,0.0,0.0,0.0,0.0,0.0,0.0,626.0,1405.0,0.0,0.0,0.0,0.0,0.0,0.0,0.0,0.0,0.0,0.0,0.0,0.0,0.0
469,Nick,Pope,Pope,a,,,5.1,223,6.0,4.5,81,15.0,1.4,237.0,18.0,0,0,0.0,1,-1.0,427,2189,0.3,16.1,0.9,0.9,3.7,99.0,13.0,100.0,100.0,69.0,14.0,794.0,92.0,348.0,1.0,229.0,14.0,,,,,,,,0.01,0.0,0.01,1.24,3.07,0.32,1.46,1.01,0.0,29,0.0,0.0,0.0,0.0,0.0,0.0,0.0,0.0,0.0,0.0,0.0,0.0,0.0,0.0,0.0,848.0,7454.0,0.0,0.0,0.0,0.0,0.0,0.0,0.0,0.0,0.0,0.0,0.0,0.0,0.0
753,John,Ruddy,Ruddy,a,,,4.0,659,39.0,0.0,694,82.0,0.0,452.0,53.0,0,0,0.0,0,0.0,6,11,0.0,0.0,-0.5,-0.5,0.0,574.0,62.0,,,564.0,62.0,552.0,46.0,523.0,33.0,566.0,62.0,,,,,,,,0.0,0.0,0.0,0.0,0.0,0.0,0.0,0.0,0.0,29,0.0,0.0,0.0,0.0,0.0,0.0,0.0,0.0,0.0,0.0,0.0,0.0,0.0,0.0,0.0,15.0,31.0,0.0,0.0,0.0,0.0,0.0,0.0,0.0,0.0,0.0,0.0,0.0,0.0,0.0
765,Leo,Shahar,Shahar,a,,,4.0,714,190.0,0.0,655,232.0,0.0,500.0,198.0,0,0,0.0,0,0.0,46,26,0.0,0.0,-0.5,-0.5,0.0,616.0,230.0,,,606.0,230.0,598.0,230.0,570.0,227.0,608.0,230.0,,,,,,,,0.0,0.0,0.0,0.0,0.0,0.0,0.0,0.0,0.0,29,0.0,0.0,0.0,0.0,0.0,0.0,0.0,0.0,0.0,0.0,0.0,0.0,0.0,0.0,0.0,85.0,78.0,0.0,0.0,0.0,0.0,0.0,0.0,0.0,0.0,0.0,0.0,0.0,0.0,0.0
772,Sam,Alabi,Alabi,a,,,4.5,512,316.0,0.0,782,340.0,0.0,689.0,278.0,0,0,0.0,0,0.0,7,3,0.0,0.0,-0.5,-0.5,0.0,755.0,321.0,,,754.0,320.0,748.0,320.0,735.0,316.0,754.0,320.0,,,,,,,,0.0,0.0,0.0,0.0,0.0,0.0,0.0,0.0,0.0,29,0.0,0.0,0.0,0.0,0.0,0.0,0.0,0.0,0.0,0.0,0.0,0.0,0.0,0.0,0.0,12.0,21.0,0.0,0.0,0.0,0.0,0.0,0.0,0.0,0.0,0.0,0.0,0.0,0.0,0.0
12,Oleksandr,Zinchenko,Zinchenko,u,has joined Ajax permanently.,,4.9,303,46.0,0.2,364,133.0,0.0,720.0,251.0,0,0,0.0,-1,1.0,0,49,0.0,1.4,0.0,0.0,1.4,421.0,152.0,0.0,0.0,381.0,144.0,290.0,92.0,377.0,132.0,378.0,134.0,,,,,,,,0.02,0.09,0.11,1.28,0.0,0.0,1.53,1.02,6.14,29,0.0,0.0,0.0,0.0,0.0,0.0,0.0,0.0,0.0,0.0,0.0,0.0,0.0,0.0,0.0,0.0,89.0,0.0,0.0,0.0,0.0,0.0,0.0,0.0,0.0,0.0,0.0,0.0,0.0,0.0
426,James,McAtee,McAtee,a,,,5.0,258,157.0,0.1,495,177.0,0.2,374.0,169.0,0,0,0.0,-5,5.0,18,27,0.0,1.4,0.2,-0.3,0.9,507.0,237.0,,,450.0,200.0,352.0,187.0,409.0,201.0,434.0,195.0,,,5.0,,,,,0.01,0.09,0.1,2.22,0.0,0.0,4.24,0.53,5.82,29,0.0,0.0,0.0,0.0,0.0,0.0,0.0,0.0,0.0,0.0,0.0,0.0,0.0,0.0,0.0,30.0,60.0,0.0,0.0,0.0,0.0,0.0,0.0,0.0,0.0,0.0,0.0,0.0,0.0,0.0
508,Neco,Williams,N.Williams,a,,,4.7,384,64.0,2.8,111,44.0,2.6,132.0,50.0,1,0,0.0,-3,3.0,618,757,0.6,17.9,2.6,2.1,3.0,189.0,72.0,100.0,100.0,43.0,18.0,50.0,7.0,97.0,10.0,43.0,3.0,,,,,,,,0.06,0.11,0.17,1.41,0.0,0.22,1.48,1.03,7.05,29,1.0,89.0,0.0,0.0,0.0,2.0,0.0,0.0,0.0,0.0,0.0,0.0,1.0,0.0,3.0,1055.0,3974.0,0.0,0.0,0.009999999999999787,0.010000000000000675,1.3699999999999974,15.200000000000045,11.0,0.0,2.5999999999999943,3.0,4.0,7.0,7.0
675,Angus,Gunn,Gunn,a,,,4.0,664,43.0,1.1,178,23.0,0.0,456.0,56.0,0,0,0.0,0,0.0,28,125,0.0,0.2,0.0,-0.5,1.0,454.0,34.0,100.0,100.0,494.0,34.0,557.0,50.0,528.0,37.0,505.0,34.0,,,,,,,,0.0,0.0,0.0,0.42,0.0,0.0,0.0,0.0,0.0,29,0.0,0.0,0.0,0.0,0.0,0.0,0.0,0.0,0.0,0.0,0.0,0.0,0.0,0.0,0.0,75.0,306.0,0.0,0.0,0.0,0.0,0.0,0.0,0.0,0.0,0.0,0.0,0.0,0.0,0.0
534,Joe,Anderson,Anderson,u,has joined Barrow FC permanently.,,3.8,791,238.0,0.3,307,113.0,0.0,394.0,142.0,0,0,0.0,-2,2.0,0,120,0.0,0.0,0.0,0.0,0.0,523.0,185.0,0.0,0.0,513.0,185.0,497.0,183.0,466.0,177.0,515.0,185.0,,,,,,,,0.0,0.0,0.0,0.0,0.0,0.0,0.0,0.0,0.0,29,0.0,0.0,0.0,0.0,0.0,0.0,0.0,0.0,0.0,0.0,0.0,0.0,0.0,0.0,0.0,0.0,305.0,0.0,0.0,0.0,0.0,0.0,0.0,0.0,0.0,0.0,0.0,0.0,0.0,0.0
577,Takai,Kōta,Takai,u,has joined Borussia Mönchengladbach on loan for the rest of the season.,,4.0,713,189.0,0.0,600,214.0,0.0,499.0,197.0,0,0,0.0,0,0.0,0,2,0.0,0.0,0.0,0.0,0.0,615.0,229.0,0.0,0.0,605.0,229.0,597.0,229.0,569.0,226.0,607.0,229.0,,,,,,,,0.0,0.0,0.0,0.0,0.0,0.0,0.0,0.0,0.0,29,0.0,0.0,0.0,0.0,0.0,0.0,0.0,0.0,0.0,0.0,0.0,0.0,0.0,0.0,0.0,0.0,4.0,0.0,0.0,0.0,0.0,0.0,0.0,0.0,0.0,0.0,0.0,0.0,0.0,0.0
578,Luka,Vušković,Vuskovic,u,has joined Hamburger SV on loan for the rest of the season.,,3.9,784,232.0,0.3,309,114.0,0.0,451.0,173.0,0,0,0.0,-1,1.0,0,34,0.0,0.0,0.0,0.0,0.0,573.0,209.0,0.0,0.0,563.0,209.0,551.0,209.0,522.0,205.0,565.0,209.0,,,,,,,,0.0,0.0,0.0,0.0,0.0,0.0,0.0,0.0,0.0,29,0.0,0.0,0.0,0.0,0.0,0.0,0.0,0.0,0.0,0.0,0.0,0.0,0.0,0.0,0.0,0.0,74.0,0.0,0.0,0.0,0.0,0.0,0.0,0.0,0.0,0.0,0.0,0.0,0.0,0.0
595,Callum,Olusesi,Olusesi,a,,,4.3,601,352.0,0.2,366,123.0,0.0,557.0,187.0,0,0,0.0,-2,2.0,69,77,0.0,0.0,-0.5,0.0,0.0,651.0,247.0,,,641.0,237.0,636.0,242.0,613.0,231.0,643.0,239.0,,,,,,,,0.0,0.0,0.0,0.0,0.0,0.0,0.0,0.0,0.0,29,0.0,0.0,0.0,0.0,0.0,0.0,0.0,0.0,0.0,0.0,0.0,0.0,0.0,0.0,0.0,167.0,220.0,0.0,0.0,0.0,0.0,0.0,0.0,0.0,0.0,0.0,0.0,0.0,0.0,0.0
638,Ki-Jana,Hoever,Hoever,u,has joined Sheffield United on loan for the rest of the season.,,3.8,797,244.0,1.0,195,75.0,0.0,397.0,145.0,0,0,0.0,-2,2.0,0,486,0.0,2.6,0.0,0.0,1.2,436.0,156.0,0.0,0.0,354.0,135.0,281.0,87.0,393.0,141.0,369.0,128.0,,,,,,,,0.0,0.08,0.08,1.99,0.0,0.0,2.77,1.28,8.51,29,0.0,0.0,0.0,0.0,0.0,0.0,0.0,0.0,0.0,0.0,0.0,0.0,0.0,0.0,0.0,0.0,1262.0,0.0,0.0,0.0,0.0,0.0,0.0,0.0,0.0,0.0,0.0,0.0,0.0,0.0
645,Fer,López González,Fer López,u,has joined Celta Vigo on loan for the rest of the season.,,5.1,243,148.0,0.0,656,262.0,0.0,766.0,332.0,0,0,0.0,-4,4.0,0,3,0.0,2.4,0.0,0.0,1.3,434.0,195.0,0.0,0.0,434.0,192.0,324.0,180.0,344.0,179.0,408.0,185.0,,,,,,,,0.06,0.24,0.3,1.57,0.0,0.0,3.55,0.79,4.74,29,0.0,0.0,0.0,0.0,0.0,0.0,0.0,0.0,0.0,0.0,0.0,0.0,0.0,0.0,0.0,0.0,8.0,0.0,0.0,0.0,0.0,0.0,0.0,0.0,0.0,0.0,0.0,0.0,0.0,0.0
646,João Victor,Gomes da Silva,J.Gomes,a,,,5.3,197,123.0,0.3,321,107.0,4.2,56.0,27.0,3,0,0.0,-2,2.0,2605,536,0.8,16.0,3.7,3.2,3.0,192.0,81.0,100.0,100.0,132.0,43.0,106.0,76.0,187.0,105.0,128.0,73.0,,1.0,,,,,,0.05,0.05,0.1,1.47,0.0,0.16,1.67,1.02,12.72,29,3.0,90.0,0.0,0.0,0.0,1.0,0.0,0.0,0.0,1.0,0.0,0.0,1.0,0.0,21.0,4713.0,1985.0,0.0,0.029999999999999805,0.010000000000000009,0.040000000000000036,1.8299999999999983,17.399999999999977,5.699999999999989,1.0,2.4000000000000057,6.0,1.0,9.0,16.0
650,Tawanda,Chirewa,Chirewa,u,has joined Barnsley on loan for the rest of the season.,,4.3,600,351.0,0.2,371,124.0,0.0,556.0,186.0,0,0,0.0,-2,2.0,0,62,0.0,0.5,0.0,0.0,1.0,464.0,202.0,0.0,0.0,482.0,220.0,479.0,232.0,612.0,230.0,493.0,225.0,,,,,,,,0.0,0.0,0.0,1.8,0.0,0.0,0.0,0.0,14.4,29,0.0,0.0,0.0,0.0,0.0,0.0,0.0,0.0,0.0,0.0,0.0,0.0,0.0,0.0,0.0,0.0,179.0,0.0,0.0,0.0,0.0,0.0,0.0,0.0,0.0,0.0,0.0,0.0,0.0,0.0
119,Bryan,Mbeumo,Mbeumo,a,,,8.7,9,5.0,23.7,16,6.0,4.6,42.0,23.0,1,0,0.0,7,-7.0,12888,31380,0.5,13.6,5.1,5.1,4.9,18.0,10.0,100.0,100.0,64.0,19.0,13.0,13.0,9.0,3.0,7.0,5.0,2.0,2.0,,,,,,0.34,0.19,0.53,1.22,0.0,0.22,1.36,1.06,4.79,29,1.0,76.0,0.0,0.0,0.0,1.0,0.0,0.0,0.0,1.0,0.0,0.0,1.0,0.0,429.0,48276.0,78763.0,0.0,0.22999999999999954,0.07000000000000028,0.29999999999999893,1.8000000000000007,0.0,13.200000000000045,18.0,3.1000000000000227,2.0,1.0,2.0,5.0
431,Altay,Bayındır,Bayindir,a,,,4.7,387,18.0,0.3,312,42.0,0.0,698.0,92.0,0,0,0.0,-3,3.0,56,88,0.0,2.3,0.5,0.5,1.8,371.0,31.0,,,336.0,26.0,425.0,10.0,745.0,83.0,404.0,26.0,,,,,,,,0.0,0.01,0.01,1.54,2.17,0.0,1.83,1.0,0.0,29,0.0,0.0,0.0,0.0,0.0,0.0,0.0,0.0,0.0,0.0,0.0,0.0,0.0,0.0,0.0,94.0,167.0,0.0,0.0,0.0,0.0,0.0,0.0,0.0,0.0,0.0,0.0,0.0,0.0,0.0
432,André,Onana,Onana,u,has joined Trabzonspor on loan for the rest of the season.,,4.9,301,11.0,0.1,423,62.0,0.0,719.0,93.0,0,0,0.0,-1,1.0,0,11,0.0,0.0,0.0,0.0,0.0,769.0,93.0,0.0,0.0,768.0,93.0,764.0,90.0,758.0,86.0,768.0,93.0,,,,,,,,0.0,0.0,0.0,0.0,0.0,0.0,0.0,0.0,0.0,29,0.0,0.0,0.0,0.0,0.0,0.0,0.0,0.0,0.0,0.0,0.0,0.0,0.0,0.0,0.0,0.0,16.0,0.0,0.0,0.0,0.0,0.0,0.0,0.0,0.0,0.0,0.0,0.0,0.0,0.0
433,Elyh,Harrison,Harrison,u,On loan to Shrewsbury Town,,4.0,721,65.0,0.0,810,94.0,0.0,507.0,77.0,0,0,0.0,0,0.0,0,0,0.0,0.0,0.0,0.0,0.0,622.0,84.0,0.0,0.0,612.0,84.0,604.0,72.0,576.0,59.0,614.0,84.0,,,,,,,,0.0,0.0,0.0,0.0,0.0,0.0,0.0,0.0,0.0,29,0.0,0.0,0.0,0.0,0.0,0.0,0.0,0.0,0.0,0.0,0.0,0.0,0.0,0.0,0.0,0.0,2.0,0.0,0.0,0.0,0.0,0.0,0.0,0.0,0.0,0.0,0.0,0.0,0.0,0.0
434,Tom,Heaton,Heaton,a,,,3.9,739,66.0,0.2,347,48.0,0.0,414.0,28.0,0,0,0.0,-1,1.0,22,76,0.0,0.0,0.5,0.5,0.0,539.0,37.0,,,529.0,37.0,515.0,19.0,485.0,6.0,531.0,37.0,,,,,,,,0.0,0.0,0.0,0.0,0.0,0.0,0.0,0.0,0.0,29,0.0,0.0,0.0,0.0,0.0,0.0,0.0,0.0,0.0,0.0,0.0,0.0,0.0,0.0,0.0,63.0,198.0,0.0,0.0,0.0,0.0,0.0,0.0,0.0,0.0,0.0,0.0,0.0,0.0,0.0
435,Dermot,Mee,Mee,a,,,3.9,762,81.0,0.1,478,72.0,0.0,432.0,42.0,0,0,0.0,-1,1.0,8,24,0.0,0.0,0.5,0.5,0.0,555.0,51.0,,,545.0,51.0,532.0,34.0,502.0,21.0,547.0,51.0,,,,,,,,0.0,0.0,0.0,0.0,0.0,0.0,0.0,0.0,0.0,29,0.0,0.0,0.0,0.0,0.0,0.0,0.0,0.0,0.0,0.0,0.0,0.0,0.0,0.0,0.0,23.0,54.0,0.0,0.0,0.0,0.0,0.0,0.0,0.0,0.0,0.0,0.0,0.0,0.0,0.0
436,Matthijs,de Ligt,De Ligt,i,Back injury - Unknown return date,,4.9,306,47.0,1.8,146,56.0,0.0,721.0,252.0,0,0,0.0,-1,1.0,10,296,0.0,8.8,0.0,0.0,3.3,144.0,54.0,0.0,0.0,205.0,81.0,327.0,110.0,221.0,56.0,268.0,88.0,,,,,,,,0.11,0.06,0.17,1.44,0.0,0.08,1.54,1.0,8.23,29,0.0,0.0,0.0,0.0,0.0,0.0,0.0,0.0,0.0,0.0,0.0,0.0,0.0,0.0,0.0,23.0,563.0,0.0,0.0,0.0,0.0,0.0,0.0,0.0,0.0,0.0,0.0,0.0,0.0,0.0
437,Lisandro,Martínez,Martinez,d,Calf injury - 50% chance of playing,,4.8,361,61.0,0.6,226,86.0,1.8,196.0,73.0,0,0,0.0,-2,2.0,22,3722,0.4,8.1,1.1,0.0,2.8,214.0,84.0,50.0,0.0,249.0,100.0,300.0,96.0,408.0,151.0,331.0,113.0,,,,,,,,0.01,0.05,0.06,0.93,0.0,0.3,1.1,0.9,7.47,29,0.0,0.0,0.0,0.0,0.0,0.0,0.0,0.0,0.0,0.0,0.0,0.0,0.0,0.0,0.0,43.0,9863.0,0.0,0.0,0.0,0.0,0.0,0.0,0.0,0.0,0.0,0.0,0.0,0.0,0.0
438,Noussair,Mazraoui,Mazraoui,d,Foot injury - 75% chance of playing,,4.9,315,51.0,0.2,360,132.0,1.8,197.0,74.0,1,0,0.0,-1,1.0,260,168,0.4,5.7,1.7,2.3,1.9,351.0,133.0,75.0,100.0,324.0,125.0,315.0,105.0,360.0,120.0,360.0,123.0,,,,,,,,0.03,0.04,0.07,0.99,0.0,0.3,1.03,1.03,8.56,29,1.0,84.0,0.0,0.0,0.0,1.0,0.0,0.0,0.0,1.0,0.0,0.0,1.0,0.0,8.0,1059.0,278.0,0.0,0.06000000000000001,0.020000000000000018,0.08000000000000002,2.16,5.000000000000014,5.799999999999997,2.0,1.3000000000000007,1.0,4.0,1.0,5.0
439,Diego,León Blanco,D.Leon,a,,,4.2,649,155.0,0.1,566,204.0,0.0,542.0,227.0,0,0,0.0,-3,3.0,10,14,0.0,0.0,0.5,0.5,0.0,644.0,249.0,,,635.0,250.0,629.0,249.0,604.0,248.0,637.0,250.0,,,,,,,,0.0,0.0,0.0,0.0,0.0,0.0,0.0,0.0,0.0,29,0.0,0.0,0.0,0.0,0.0,0.0,0.0,0.0,0.0,0.0,0.0,0.0,0.0,0.0,0.0,18.0,24.0,0.0,0.0,0.0,0.0,0.0,0.0,0.0,0.0,0.0,0.0,0.0,0.0,0.0
8,Jurriën,Timber,J.Timber,a,,,6.3,69,2.0,28.0,13,4.0,5.5,17.0,7.0,13,0,0.0,8,-8.0,27520,4180,0.9,23.5,6.5,6.5,5.1,13.0,3.0,100.0,100.0,73.0,33.0,54.0,8.0,61.0,2.0,44.0,4.0,,,,,,,,0.18,0.06,0.24,0.62,0.0,0.48,0.75,1.01,5.33,29,13.0,90.0,0.0,1.0,1.0,0.0,0.0,0.0,0.0,0.0,0.0,0.0,1.0,2.0,32.0,55133.0,24928.0,0.0,0.0,0.07000000000000006,0.07000000000000028,0.7999999999999989,37.39999999999998,20.80000000000001,2.0,6.0,4.0,9.0,1.0,13.0
700,Max,Dowman,Dowman,a,,,4.2,648,368.0,0.5,258,89.0,0.0,541.0,179.0,0,0,0.0,-3,3.0,1740,787,0.0,1.2,1.0,1.0,2.5,266.0,112.0,100.0,100.0,497.0,228.0,469.0,226.0,367.0,188.0,461.0,208.0,,,,,,,,0.47,0.07,0.54,0.4,0.0,0.0,0.0,0.0,10.0,29,0.0,0.0,0.0,0.0,0.0,0.0,0.0,0.0,0.0,0.0,0.0,0.0,0.0,0.0,0.0,4375.0,2315.0,0.0,0.0,0.0,0.0,0.0,0.0,0.0,0.0,0.0,0.0,0.0,0.0,0.0
711,Andre,Harriman-Annous,Harriman-Annous,a,,,4.4,573,343.0,0.0,701,289.0,0.0,608.0,217.0,0,0,0.0,-1,1.0,7,10,0.0,0.0,1.0,1.0,0.0,688.0,269.0,,,682.0,263.0,676.0,266.0,657.0,258.0,684.0,265.0,,,,,,,,0.0,0.0,0.0,0.0,0.0,0.0,0.0,0.0,0.0,29,0.0,0.0,0.0,0.0,0.0,0.0,0.0,0.0,0.0,0.0,0.0,0.0,0.0,0.0,0.0,10.0,16.0,0.0,0.0,0.0,0.0,0.0,0.0,0.0,0.0,0.0,0.0,0.0,0.0,0.0
757,Ronnie,Hollingshead,Hollingshead,a,,,4.0,706,62.0,0.0,711,83.0,0.0,492.0,74.0,0,0,0.0,0,0.0,4,11,0.0,0.0,-0.5,-0.5,0.0,609.0,81.0,,,599.0,81.0,591.0,69.0,562.0,56.0,601.0,81.0,,,,,,,,0.0,0.0,0.0,0.0,0.0,0.0,0.0,0.0,0.0,29,0.0,0.0,0.0,0.0,0.0,0.0,0.0,0.0,0.0,0.0,0.0,0.0,0.0,0.0,0.0,13.0,16.0,0.0,0.0,0.0,0.0,0.0,0.0,0.0,0.0,0.0,0.0,0.0,0.0,0.0
676,Lesley,Ugochukwu,Ugochukwu,a,,,5.0,273,168.0,0.1,452,154.0,2.6,135.0,59.0,2,0,0.0,0,0.0,45,92,0.5,16.2,2.1,2.1,2.9,201.0,83.0,100.0,100.0,147.0,52.0,205.0,133.0,146.0,83.0,175.0,90.0,,,,,,,,0.11,0.01,0.12,1.99,0.0,0.14,1.95,1.05,8.65,29,2.0,82.0,0.0,0.0,0.0,2.0,0.0,0.0,0.0,0.0,0.0,0.0,1.0,0.0,13.0,320.0,594.0,0.0,0.0,0.010000000000000009,0.010000000000000231,1.2999999999999972,5.0,1.5,0.0,0.7000000000000028,1.0,0.0,4.0,5.0
776,Oliver,Pimlott,Pimlott,a,,,4.5,509,314.0,0.0,786,344.0,0.0,687.0,276.0,0,0,0.0,0,0.0,5,5,0.0,0.0,-0.5,-0.5,0.0,753.0,319.0,,,752.0,318.0,746.0,318.0,733.0,314.0,752.0,318.0,,,,,,,,0.0,0.0,0.0,0.0,0.0,0.0,0.0,0.0,0.0,29,0.0,0.0,0.0,0.0,0.0,0.0,0.0,0.0,0.0,0.0,0.0,0.0,0.0,0.0,0.0,50.0,28.0,0.0,0.0,0.0,0.0,0.0,0.0,0.0,0.0,0.0,0.0,0.0,0.0,0.0
77,James,Hill,Hill,a,,,4.1,656,159.0,7.1,55,19.0,6.4,9.0,4.0,8,0,0.0,1,-1.0,17842,891,1.6,18.3,6.9,6.4,3.8,80.0,28.0,,,135.0,61.0,288.0,91.0,289.0,83.0,234.0,78.0,,,,,,,,0.03,0.07,0.1,1.39,0.0,0.35,1.11,0.91,11.28,29,8.0,90.0,0.0,0.0,1.0,0.0,0.0,0.0,0.0,0.0,0.0,0.0,1.0,0.0,27.0,52625.0,7769.0,0.0,0.16,0.14,0.30000000000000004,0.40000000000000213,29.600000000000023,4.5,9.0,4.300000000000004,1.0,15.0,3.0,16.0
180,Stefanos,Tzimas,Tzimas,i,Knee injury - Expected back 01 Jun,,5.2,221,51.0,0.1,528,74.0,0.0,772.0,82.0,0,0,0.0,-3,3.0,7,15,0.0,3.1,0.0,0.0,1.8,376.0,43.0,0.0,0.0,394.0,42.0,314.0,34.0,333.0,52.0,383.0,46.0,,,,,,,,0.3,0.08,0.38,1.77,0.0,0.0,1.36,0.68,10.23,29,0.0,0.0,0.0,0.0,0.0,0.0,0.0,0.0,0.0,0.0,0.0,0.0,0.0,0.0,0.0,28.0,26.0,0.0,0.0,0.0,0.0,0.0,0.0,0.0,0.0,0.0,0.0,0.0,0.0,0.0
221,Filip,Jörgensen,Jörgensen,a,,,4.3,604,29.0,0.2,403,58.0,0.6,315.0,22.0,3,0,0.0,-2,2.0,148,26,0.1,1.4,1.1,1.1,2.0,330.0,29.0,100.0,100.0,400.0,30.0,638.0,81.0,615.0,70.0,439.0,30.0,,,,,,,,0.0,0.0,0.0,1.25,2.05,0.0,1.36,0.68,0.0,29,3.0,90.0,0.0,0.0,0.0,1.0,0.0,0.0,0.0,0.0,0.0,3.0,1.0,0.0,17.0,166.0,48.0,0.0,0.0,0.0,0.0,0.8800000000000003,31.400000000000002,0.0,0.0,3.1000000000000005,0.0,1.0,9.0,0.0
256,Daniel,Muñoz Mejía,Muñoz,a,,,5.9,98,6.0,8.3,42,15.0,3.2,103.0,37.0,0,0,0.0,4,-4.0,5680,2956,0.5,18.3,3.2,3.2,5.4,10.0,2.0,100.0,100.0,90.0,40.0,95.0,21.0,88.0,7.0,86.0,20.0,,,,,,,,0.1,0.17,0.27,1.25,0.0,0.46,1.02,1.02,7.13,29,0.0,0.0,0.0,0.0,0.0,0.0,0.0,0.0,0.0,0.0,0.0,0.0,0.0,0.0,0.0,16130.0,14690.0,0.0,0.0,0.0,0.0,0.0,0.0,0.0,0.0,0.0,0.0,0.0,0.0,0.0
257,Maxence,Lacroix,Lacroix,a,,,5.1,233,32.0,4.5,82,26.0,3.4,88.0,29.0,0,0,0.0,1,-1.0,3064,7104,0.7,23.3,3.4,0.0,4.4,39.0,15.0,100.0,0.0,32.0,13.0,299.0,95.0,116.0,18.0,97.0,26.0,,,,,,,,0.07,0.03,0.1,1.29,0.0,0.34,1.28,1.01,10.52,29,0.0,0.0,0.0,0.0,0.0,0.0,0.0,0.0,0.0,0.0,0.0,0.0,0.0,0.0,0.0,3192.0,37577.0,0.0,0.0,0.0,0.0,0.0,0.0,0.0,0.0,0.0,0.0,0.0,0.0,0.0
690,Rio,Cardines,Cardines,a,,,4.4,567,339.0,0.3,336,114.0,0.0,603.0,214.0,0,0,0.0,-1,1.0,10,30,0.0,0.0,0.0,0.0,0.0,686.0,268.0,100.0,100.0,679.0,261.0,674.0,265.0,654.0,256.0,681.0,263.0,,,,,,,,0.0,0.0,0.0,0.0,0.0,0.0,0.0,0.0,0.0,29,0.0,0.0,0.0,0.0,0.0,0.0,0.0,0.0,0.0,0.0,0.0,0.0,0.0,0.0,0.0,34.0,74.0,0.0,0.0,0.0,0.0,0.0,0.0,0.0,0.0,0.0,0.0,0.0,0.0,0.0
182,James,Trafford,Trafford,a,,,4.5,428,23.0,0.9,200,24.0,0.0,622.0,91.0,0,0,0.0,-5,5.0,22,102,0.0,2.4,0.5,0.5,3.7,94.0,10.0,,,357.0,27.0,688.0,86.0,671.0,76.0,415.0,27.0,,,,,,,,0.0,0.0,0.0,1.32,3.67,0.33,1.33,1.0,0.0,29,0.0,0.0,0.0,0.0,0.0,0.0,0.0,0.0,0.0,0.0,0.0,0.0,0.0,0.0,0.0,43.0,179.0,0.0,0.0,0.0,0.0,0.0,0.0,0.0,0.0,0.0,0.0,0.0,0.0,0.0
451,Marcus,Rashford,Rashford,u,Has joined Barcelona on loan for the rest of the season,,7.0,35,20.0,0.0,703,291.0,0.0,813.0,365.0,0,0,0.0,0,0.0,0,1,0.0,0.0,0.0,0.0,0.0,818.0,366.0,0.0,0.0,818.0,366.0,818.0,366.0,818.0,366.0,818.0,366.0,,,,,,,,0.0,0.0,0.0,0.0,0.0,0.0,0.0,0.0,0.0,29,0.0,0.0,0.0,0.0,0.0,0.0,0.0,0.0,0.0,0.0,0.0,0.0,0.0,0.0,0.0,0.0,3.0,0.0,0.0,0.0,0.0,0.0,0.0,0.0,0.0,0.0,0.0,0.0,0.0,0.0
452,Amad,Diallo,Amad,a,,,6.2,77,51.0,1.6,157,54.0,1.4,241.0,104.0,1,0,0.0,-3,3.0,820,3260,0.2,11.3,1.9,1.9,3.0,194.0,82.0,100.0,100.0,145.0,51.0,29.0,27.0,37.0,21.0,36.0,26.0,,,,,,,,0.22,0.18,0.4,1.1,0.0,0.21,1.24,1.04,7.88,29,1.0,14.0,0.0,0.0,0.0,1.0,0.0,0.0,0.0,0.0,0.0,0.0,0.0,0.0,3.0,1825.0,11577.0,0.0,0.0,0.040000000000000036,0.040000000000000036,0.4200000000000017,0.20000000000004547,0.8000000000000114,2.0,0.30000000000001137,0.0,0.0,1.0,1.0
440,Diogo,Dalot Teixeira,Dalot,a,,,4.6,398,67.0,5.0,71,22.0,4.4,46.0,14.0,1,0,0.0,1,-1.0,4018,5727,1.0,20.7,4.9,4.9,3.5,118.0,43.0,100.0,100.0,94.0,43.0,63.0,10.0,176.0,40.0,89.0,22.0,,,,,,,,0.06,0.1,0.16,1.2,0.0,0.26,1.41,1.01,5.89,29,1.0,29.0,0.0,0.0,0.0,1.0,0.0,0.0,0.0,0.0,0.0,0.0,0.0,0.0,343.0,16193.0,18749.0,0.0,0.0,0.009999999999999787,0.010000000000000231,0.9299999999999997,0.0,1.900000000000034,2.0,0.3999999999999915,0.0,0.0,6.0,0.0
441,Patrick,Dorgu,Dorgu,i,Hamstring injury - Unknown return date,,4.2,646,154.0,3.3,102,37.0,0.0,539.0,226.0,0,0,0.0,-3,3.0,149,7059,0.0,17.6,0.0,0.0,3.4,129.0,47.0,0.0,0.0,117.0,50.0,72.0,15.0,95.0,9.0,85.0,19.0,,,,,,,,0.13,0.1,0.23,1.27,0.0,0.2,1.35,0.95,6.43,29,0.0,0.0,0.0,0.0,0.0,0.0,0.0,0.0,0.0,0.0,0.0,0.0,0.0,0.0,0.0,235.0,26474.0,0.0,0.0,0.0,0.0,0.0,0.0,0.0,0.0,0.0,0.0,0.0,0.0,0.0
442,Harry,Maguire,Maguire,a,,,4.4,520,100.0,1.7,151,59.0,3.6,76.0,25.0,1,0,0.0,-1,1.0,897,2526,0.8,14.1,4.1,3.1,3.9,71.0,27.0,100.0,75.0,245.0,98.0,382.0,137.0,237.0,63.0,307.0,104.0,,,,,,,,0.07,0.01,0.08,1.27,0.0,0.44,1.05,1.05,7.24,29,1.0,90.0,0.0,0.0,0.0,2.0,0.0,0.0,0.0,0.0,0.0,0.0,1.0,0.0,4.0,1787.0,11811.0,0.0,0.0,0.009999999999999995,0.010000000000000009,2.219999999999999,9.600000000000023,1.1999999999999993,6.0,1.7000000000000028,1.0,3.0,4.0,4.0
443,Luke,Shaw,Shaw,a,,,4.5,409,74.0,0.7,215,80.0,3.2,102.0,36.0,1,0,0.0,0,0.0,221,1327,0.7,15.6,3.7,2.8,2.4,285.0,109.0,100.0,75.0,126.0,56.0,117.0,31.0,313.0,96.0,160.0,54.0,,,,,,,,0.02,0.05,0.07,1.19,0.0,0.22,1.33,1.07,5.5,29,1.0,60.0,0.0,0.0,0.0,1.0,0.0,0.0,0.0,1.0,0.0,0.0,1.0,0.0,0.0,310.0,6807.0,0.0,0.0,0.010000000000000009,0.010000000000000009,1.2899999999999991,3.0,2.2999999999999545,0.0,0.5,0.0,4.0,1.0,4.0
444,Leny,Yoro,Yoro,a,,,4.1,658,160.0,1.2,174,65.0,2.0,175.0,63.0,1,0,0.0,-4,4.0,720,345,0.5,11.2,2.5,2.5,1.8,362.0,136.0,,,216.0,85.0,308.0,103.0,259.0,73.0,281.0,92.0,,,,,,,,0.06,0.02,0.08,1.33,0.0,0.13,1.7,0.95,7.45,29,1.0,90.0,0.0,0.0,0.0,2.0,0.0,0.0,0.0,0.0,0.0,0.0,1.0,0.0,7.0,2184.0,870.0,0.0,0.2599999999999999,0.13,0.3900000000000001,2.219999999999999,16.399999999999977,4.0,17.0,3.700000000000003,1.0,5.0,2.0,6.0
445,Harry,Amass,Amass,u,has joined Norwich City on loan for the rest of the season.,,4.0,719,195.0,0.1,537,191.0,0.0,505.0,203.0,0,0,0.0,0,0.0,0,3,0.0,0.0,0.0,0.0,0.0,620.0,234.0,0.0,0.0,610.0,234.0,602.0,234.0,574.0,231.0,612.0,234.0,,,,,,,,0.0,0.0,0.0,0.0,0.0,0.0,0.0,0.0,0.0,29,0.0,0.0,0.0,0.0,0.0,0.0,0.0,0.0,0.0,0.0,0.0,0.0,0.0,0.0,0.0,0.0,11.0,0.0,0.0,0.0,0.0,0.0,0.0,0.0,0.0,0.0,0.0,0.0,0.0,0.0
446,Tyler,Fredricson,Fredricson,a,,,3.8,807,254.0,0.1,431,161.0,0.0,407.0,155.0,0,0,0.0,-2,2.0,13,32,0.0,0.3,0.5,0.5,1.0,451.0,163.0,,,477.0,172.0,508.0,194.0,477.0,188.0,492.0,174.0,,,,,,,,0.0,0.0,0.0,13.5,0.0,0.0,0.0,0.0,90.0,29,0.0,0.0,0.0,0.0,0.0,0.0,0.0,0.0,0.0,0.0,0.0,0.0,0.0,0.0,0.0,22.0,83.0,0.0,0.0,0.0,0.0,0.0,0.0,0.0,0.0,0.0,0.0,0.0,0.0,0.0
447,Ayden,Heaven,Heaven,a,,,3.7,819,265.0,2.2,131,50.0,0.2,356.0,124.0,0,0,0.0,-3,3.0,3383,2181,0.1,7.3,0.7,0.7,2.1,317.0,115.0,100.0,100.0,285.0,112.0,381.0,136.0,365.0,123.0,359.0,122.0,,,,,,,,0.05,0.02,0.07,1.11,0.0,0.14,1.68,1.12,10.09,29,0.0,0.0,0.0,0.0,0.0,0.0,0.0,0.0,0.0,0.0,0.0,0.0,0.0,0.0,0.0,9032.0,7926.0,0.0,0.0,0.0,0.0,0.0,0.0,0.0,0.0,0.0,0.0,0.0,0.0,0.0
448,Tyrell,Malacia,Malacia,a,,,3.8,790,237.0,0.4,286,104.0,0.2,357.0,125.0,1,0,0.0,-2,2.0,41,140,0.1,0.5,0.7,0.7,1.0,449.0,161.0,,,480.0,173.0,472.0,173.0,465.0,176.0,491.0,173.0,,,,,,,,0.0,0.0,0.0,4.63,0.0,0.0,12.86,0.0,25.71,29,1.0,5.0,0.0,0.0,0.0,1.0,0.0,0.0,0.0,0.0,0.0,0.0,0.0,0.0,2.0,77.0,342.0,0.0,0.0,0.0,0.0,0.06,0.6000000000000001,0.5,0.0,0.10000000000000003,0.0,0.0,2.0,0.0
449,Bruno,Borges Fernandes,B.Fernandes,a,,,10.0,5,3.0,40.0,5,2.0,7.0,6.0,3.0,8,0,0.0,10,-10.0,44370,3234,0.7,16.6,7.5,7.5,6.4,4.0,1.0,100.0,100.0,2.0,1.0,1.0,1.0,34.0,19.0,1.0,1.0,1.0,1.0,1.0,,,,,0.36,0.34,0.7,1.24,0.0,0.16,1.44,1.04,8.98,29,8.0,90.0,0.0,1.0,0.0,2.0,0.0,0.0,0.0,0.0,0.0,0.0,1.0,3.0,37.0,158270.0,8626.0,0.0,0.02999999999999936,1.25,1.2799999999999976,2.219999999999999,36.0,103.40000000000009,3.0,14.199999999999989,3.0,2.0,6.0,11.0
450,Matheus,Santos Carneiro da Cunha,Cunha,a,,,8.0,17,12.0,7.7,51,17.0,3.0,113.0,49.0,2,0,0.0,0,0.0,5090,9127,0.4,12.9,3.5,3.5,4.0,69.0,32.0,100.0,100.0,78.0,24.0,59.0,48.0,22.0,10.0,28.0,23.0,,,,,,,,0.26,0.12,0.38,1.19,0.0,0.28,1.23,1.04,7.5,29,2.0,90.0,0.0,0.0,0.0,2.0,0.0,0.0,0.0,0.0,0.0,0.0,1.0,0.0,17.0,14497.0,30380.0,0.0,0.16999999999999993,0.06000000000000005,0.22999999999999954,2.2200000000000024,15.0,17.80000000000001,35.0,6.800000000000011,1.0,4.0,4.0,9.0
454,Antony,dos Santos,Antony,u,has joined Real Betis permanently.,,5.9,100,65.0,0.1,564,207.0,0.0,801.0,358.0,0,0,0.0,-1,1.0,0,3,0.0,0.0,0.0,0.0,0.0,811.0,362.0,0.0,0.0,811.0,362.0,811.0,362.0,810.0,362.0,811.0,362.0,,,,,,,,0.0,0.0,0.0,0.0,0.0,0.0,0.0,0.0,0.0,29,0.0,0.0,0.0,0.0,0.0,0.0,0.0,0.0,0.0,0.0,0.0,0.0,0.0,0.0,0.0,0.0,3.0,0.0,0.0,0.0,0.0,0.0,0.0,0.0,0.0,0.0,0.0,0.0,0.0,0.0
455,Mason,Mount,Mount,d,Knock - 50% chance of playing,,5.9,95,61.0,0.3,330,110.0,0.0,797.0,354.0,0,0,0.0,-1,1.0,6,139,0.0,7.8,0.2,0.0,2.7,240.0,100.0,50.0,0.0,296.0,132.0,167.0,113.0,178.0,99.0,243.0,123.0,,,,,,,,0.17,0.16,0.33,1.14,0.0,0.33,1.55,1.11,6.87,29,0.0,0.0,0.0,0.0,0.0,0.0,0.0,0.0,0.0,0.0,0.0,0.0,0.0,0.0,0.0,8.0,319.0,0.0,0.0,0.0,0.0,0.0,0.0,0.0,0.0,0.0,0.0,0.0,0.0,0.0
457,Carlos Henrique,Casimiro,Casemiro,a,,,5.6,121,76.0,2.5,118,39.0,4.4,49.0,24.0,8,0,0.0,1,-1.0,7312,2623,0.8,22.7,4.9,4.9,4.7,22.0,12.0,100.0,100.0,34.0,9.0,51.0,42.0,39.0,23.0,27.0,22.0,,,,,,,,0.21,0.12,0.33,0.97,0.0,0.37,1.01,1.19,11.87,29,8.0,60.0,1.0,0.0,0.0,1.0,0.0,0.0,0.0,0.0,0.0,0.0,1.0,1.0,26.0,14520.0,11393.0,0.0,0.05999999999999961,0.009999999999999787,0.07000000000000028,1.2899999999999991,39.60000000000002,3.599999999999966,17.0,6.0,1.0,3.0,4.0,8.0
458,Kobbie,Mainoo,Mainoo,a,,,4.6,402,248.0,1.3,168,58.0,3.0,111.0,47.0,2,0,0.0,-4,4.0,1632,2200,0.7,8.5,3.5,3.5,1.9,348.0,149.0,100.0,100.0,265.0,111.0,122.0,85.0,319.0,169.0,249.0,126.0,,,,,,,,0.02,0.07,0.09,1.18,0.0,0.29,1.35,0.77,9.36,29,2.0,75.0,0.0,0.0,0.0,1.0,0.0,0.0,0.0,0.0,0.0,0.0,1.0,0.0,16.0,4578.0,7979.0,0.0,0.04000000000000001,0.020000000000000018,0.05999999999999994,1.8000000000000007,5.400000000000006,5.299999999999983,7.0,1.8000000000000043,0.0,1.0,5.0,6.0
459,Manuel,Ugarte Ribeiro,Ugarte,a,,,4.7,385,240.0,0.1,418,143.0,0.4,346.0,157.0,1,0,0.0,-3,3.0,31,84,0.1,6.8,0.9,0.9,1.7,386.0,165.0,,,321.0,144.0,317.0,177.0,341.0,177.0,355.0,172.0,,,,,,,,0.06,0.02,0.08,1.79,0.0,0.12,2.43,0.81,14.71,29,1.0,29.0,0.0,0.0,0.0,1.0,0.0,0.0,0.0,0.0,0.0,0.0,0.0,0.0,2.0,65.0,296.0,0.0,0.19,0.0,0.19,0.9299999999999997,4.800000000000011,1.6000000000000085,6.0,1.1999999999999993,2.0,1.0,2.0,5.0
460,Toby,Collyer,Collyer,u,has joined Hull City on loan for the rest of the season.,,4.5,445,266.0,0.0,660,265.0,0.0,633.0,233.0,0,0,0.0,0,0.0,0,2,0.0,0.0,0.0,0.0,0.0,709.0,284.0,0.0,0.0,703.0,278.0,700.0,281.0,684.0,274.0,705.0,280.0,,,,,,,,0.0,0.0,0.0,0.0,0.0,0.0,0.0,0.0,0.0,29,0.0,0.0,0.0,0.0,0.0,0.0,0.0,0.0,0.0,0.0,0.0,0.0,0.0,0.0,0.0,0.0,8.0,0.0,0.0,0.0,0.0,0.0,0.0,0.0,0.0,0.0,0.0,0.0,0.0,0.0
467,Chido,Obi,Obi,a,,,4.2,645,90.0,1.5,159,24.0,0.0,538.0,52.0,0,0,0.0,-3,3.0,177,943,0.0,0.0,0.5,0.5,0.0,642.0,64.0,,,633.0,64.0,627.0,63.0,602.0,63.0,635.0,64.0,,,,,,,,0.0,0.0,0.0,0.0,0.0,0.0,0.0,0.0,0.0,29,0.0,0.0,0.0,0.0,0.0,0.0,0.0,0.0,0.0,0.0,0.0,0.0,0.0,0.0,0.0,301.0,3373.0,0.0,0.0,0.0,0.0,0.0,0.0,0.0,0.0,0.0,0.0,0.0,0.0,0.0
694,Nordi,Mukiele,Mukiele,d,Calf injury - 50% chance of playing,,4.5,416,78.0,9.3,37,13.0,0.8,290.0,106.0,0,0,0.0,5,-5.0,357,33394,0.2,25.6,0.4,0.0,4.6,26.0,8.0,50.0,0.0,49.0,21.0,112.0,27.0,197.0,47.0,88.0,21.0,,,,,,,,0.04,0.08,0.12,1.49,0.0,0.29,1.17,1.04,9.36,29,0.0,0.0,0.0,0.0,0.0,0.0,0.0,0.0,0.0,0.0,0.0,0.0,0.0,0.0,0.0,625.0,136780.0,0.0,0.0,0.0,0.0,0.0,0.0,0.0,0.0,0.0,0.0,0.0,0.0,0.0
724,Lutsharel,Geertruida,Geertruida,a,,,4.5,425,84.0,0.1,579,207.0,1.6,208.0,78.0,1,0,0.0,0,0.0,44,45,0.4,9.1,1.6,1.6,1.8,369.0,140.0,,,258.0,105.0,252.0,71.0,328.0,107.0,303.0,102.0,,,,,,,,0.03,0.05,0.08,1.86,0.0,0.15,1.39,0.88,6.43,29,1.0,54.0,0.0,0.0,0.0,0.0,0.0,0.0,0.0,0.0,0.0,0.0,1.0,0.0,3.0,361.0,112.0,0.0,0.0,0.010000000000000009,0.010000000000000009,0.4200000000000017,0.799999999999983,2.3000000000000114,0.0,0.29999999999999716,1.0,1.0,0.0,2.0
584,Mathys,Tel,Tel,a,,,6.2,78,52.0,0.1,433,145.0,0.8,307.0,141.0,0,0,0.0,-3,3.0,58,88,0.1,8.1,0.3,0.8,2.4,293.0,129.0,,,297.0,133.0,186.0,124.0,141.0,80.0,238.0,119.0,4.0,,,,,,,0.23,0.11,0.34,1.39,0.0,0.14,1.77,0.82,8.31,29,0.0,0.0,0.0,0.0,0.0,0.0,0.0,0.0,0.0,0.0,0.0,0.0,0.0,0.0,0.0,192.0,249.0,0.0,0.0,0.0,0.0,0.0,0.0,0.0,0.0,0.0,0.0,0.0,0.0,0.0
585,Rodrigo,Bentancur,Bentancur,i,Hamstring injury - Unknown return date,,5.2,207,128.0,0.2,406,137.0,0.0,768.0,333.0,0,0,0.0,-3,3.0,0,49,0.0,12.3,0.0,0.0,3.2,160.0,70.0,0.0,0.0,212.0,91.0,194.0,127.0,267.0,147.0,245.0,124.0,,,,,,,,0.03,0.04,0.07,1.32,0.0,0.32,1.34,1.09,13.24,29,0.0,0.0,0.0,0.0,0.0,0.0,0.0,0.0,0.0,0.0,0.0,0.0,0.0,0.0,0.0,3.0,104.0,0.0,0.0,0.0,0.0,0.0,0.0,0.0,0.0,0.0,0.0,0.0,0.0,0.0
586,Lucas,Bergvall,Bergvall,i,Ankle injury - Unknown return date,,5.2,219,136.0,0.2,395,133.0,0.0,771.0,336.0,0,0,0.0,-3,3.0,1,47,0.0,7.5,0.0,0.0,2.3,300.0,131.0,0.0,0.0,320.0,143.0,293.0,170.0,204.0,114.0,311.0,151.0,,,,,,,,0.11,0.04,0.15,1.15,0.0,0.34,1.46,1.13,7.66,29,0.0,0.0,0.0,0.0,0.0,0.0,0.0,0.0,0.0,0.0,0.0,0.0,0.0,0.0,0.0,1.0,83.0,0.0,0.0,0.0,0.0,0.0,0.0,0.0,0.0,0.0,0.0,0.0,0.0,0.0
747,Ezra,Mayers,Mayers,a,,,4.0,726,201.0,0.0,632,225.0,0.2,362.0,129.0,0,0,0.0,0,0.0,7,18,0.0,1.5,-0.3,0.2,1.0,457.0,167.0,,,442.0,165.0,368.0,130.0,411.0,152.0,437.0,158.0,,,,,,,,0.1,0.39,0.49,2.56,0.0,0.0,2.39,0.0,3.98,29,0.0,0.0,0.0,0.0,0.0,0.0,0.0,0.0,0.0,0.0,0.0,0.0,0.0,0.0,0.0,30.0,52.0,0.0,0.0,0.0,0.0,0.0,0.0,0.0,0.0,0.0,0.0,0.0,0.0,0.0
752,Airidas,Golambeckis,Golambeckis,a,,,4.0,737,212.0,0.0,653,230.0,0.0,519.0,216.0,0,0,0.0,0,0.0,16,17,0.0,0.0,-0.5,0.0,0.0,633.0,246.0,,,623.0,246.0,615.0,246.0,588.0,244.0,625.0,246.0,,,,,,,,0.0,0.0,0.0,0.0,0.0,0.0,0.0,0.0,0.0,29,0.0,0.0,0.0,0.0,0.0,0.0,0.0,0.0,0.0,0.0,0.0,0.0,0.0,0.0,0.0,31.0,78.0,0.0,0.0,0.0,0.0,0.0,0.0,0.0,0.0,0.0,0.0,0.0,0.0,0.0
758,Mohamadou,Kanté,Mohamadou Kanté,a,,,4.5,504,312.0,0.0,738,311.0,0.4,344.0,155.0,0,0,0.0,0,0.0,17,11,0.1,1.1,-0.1,0.4,0.8,509.0,238.0,,,460.0,205.0,413.0,203.0,433.0,213.0,465.0,210.0,,,,,,,,0.11,0.08,0.19,3.64,0.0,0.0,0.0,0.0,41.25,29,0.0,1.0,0.0,0.0,0.0,0.0,0.0,0.0,0.0,1.0,0.0,0.0,0.0,0.0,19.0,31.0,45.0,0.0,0.0,0.0,0.0,0.0,0.0,0.09999999999999964,0.0,0.0,0.0,0.0,1.0,1.0
785,Pablo Felipe,Pereira de Jesus,Pablo,i,Calf injury - Unknown return date,,5.4,180,43.0,0.0,750,91.0,0.2,379.0,47.0,0,0,0.0,-1,1.0,3,24,0.0,1.5,0.0,0.0,1.6,399.0,47.0,0.0,0.0,447.0,53.0,335.0,40.0,381.0,55.0,420.0,53.0,,,,,,,,0.12,0.03,0.15,1.35,0.0,0.0,1.44,1.08,9.0,29,0.0,0.0,0.0,0.0,0.0,0.0,0.0,0.0,0.0,0.0,0.0,0.0,0.0,0.0,0.0,11.0,151.0,0.0,0.0,0.0,0.0,0.0,0.0,0.0,0.0,0.0,0.0,0.0,0.0,0.0
791,Valentín,Castellanos,Taty,a,,,5.5,143,35.0,0.1,450,66.0,3.8,72.0,10.0,2,0,0.0,0,0.0,434,264,0.7,5.1,3.3,3.8,3.1,179.0,17.0,,,343.0,34.0,232.0,25.0,99.0,28.0,261.0,31.0,,,,,,,,0.3,0.06,0.36,1.23,0.0,0.49,1.33,1.09,4.25,29,2.0,87.0,0.0,0.0,1.0,0.0,0.0,0.0,0.0,0.0,0.0,0.0,1.0,0.0,13.0,1352.0,1137.0,0.0,0.10000000000000009,0.040000000000000036,0.13999999999999968,0.9499999999999993,11.799999999999997,33.30000000000001,19.0,6.399999999999999,0.0,1.0,2.0,3.0
802,Keiber,Lamadrid,Lamadrid,a,,,5.0,280,174.0,0.0,788,346.0,0.0,757.0,327.0,0,0,0.0,0,0.0,7,5,0.0,0.0,-0.5,0.0,0.0,794.0,350.0,,,793.0,349.0,791.0,349.0,787.0,347.0,793.0,349.0,,,,,,,,0.0,0.0,0.0,0.0,0.0,0.0,0.0,0.0,0.0,29,0.0,0.0,0.0,0.0,0.0,0.0,0.0,0.0,0.0,0.0,0.0,0.0,0.0,0.0,0.0,18.0,30.0,0.0,0.0,0.0,0.0,0.0,0.0,0.0,0.0,0.0,0.0,0.0,0.0,0.0
815,Axel,Disasi,Disasi,a,,,4.5,420,81.0,0.1,502,178.0,3.6,77.0,26.0,6,0,0.0,0,0.0,131,159,0.8,4.0,3.1,3.6,3.6,107.0,37.0,,,386.0,146.0,409.0,149.0,318.0,100.0,392.0,141.0,,,,,,,,0.14,0.0,0.14,1.08,0.0,0.6,1.2,1.0,5.8,29,6.0,90.0,0.0,0.0,1.0,0.0,0.0,0.0,0.0,0.0,0.0,0.0,1.0,0.0,22.0,328.0,610.0,0.0,0.0,0.0,0.0,1.0099999999999998,10.799999999999997,0.3000000000000007,0.0,1.1000000000000014,1.0,3.0,1.0,4.0
629,Daniel,Bentley,Bentley,a,,,3.9,743,70.0,0.5,262,34.0,0.0,417.0,31.0,0,0,0.0,-1,1.0,91,77,0.0,0.0,-0.5,-1.0,0.0,542.0,40.0,100.0,100.0,532.0,40.0,519.0,23.0,489.0,10.0,534.0,40.0,,,,,,,,0.0,0.0,0.0,0.0,0.0,0.0,0.0,0.0,0.0,29,0.0,0.0,0.0,0.0,0.0,0.0,0.0,0.0,0.0,0.0,0.0,0.0,0.0,0.0,0.0,348.0,203.0,0.0,0.0,0.0,0.0,0.0,0.0,0.0,0.0,0.0,0.0,0.0,0.0,0.0
468,Ethan,Wheatley,Wheatley,u,has joined Bradford City on loan for the rest of the season.,,4.5,476,67.0,0.1,508,71.0,0.0,659.0,67.0,0,0,0.0,0,0.0,0,16,0.0,0.0,0.0,0.0,0.0,730.0,77.0,0.0,0.0,727.0,77.0,722.0,76.0,708.0,76.0,728.0,77.0,,,,,,,,0.0,0.0,0.0,0.0,0.0,0.0,0.0,0.0,0.0,29,0.0,0.0,0.0,0.0,0.0,0.0,0.0,0.0,0.0,0.0,0.0,0.0,0.0,0.0,0.0,0.0,26.0,0.0,0.0,0.0,0.0,0.0,0.0,0.0,0.0,0.0,0.0,0.0,0.0,0.0
681,Benjamin,Sesko,Šeško,a,,,7.3,28,11.0,5.8,64,12.0,5.4,20.0,2.0,2,0,0.0,-2,2.0,28961,4875,0.7,12.2,5.9,5.9,3.7,103.0,7.0,100.0,100.0,141.0,13.0,214.0,22.0,15.0,10.0,58.0,12.0,,,,,,,,0.47,0.02,0.49,1.42,0.0,0.07,1.81,0.9,3.68,29,2.0,90.0,0.0,0.0,0.0,2.0,0.0,0.0,0.0,0.0,0.0,0.0,1.0,0.0,4.0,93356.0,7800.0,0.0,0.2400000000000002,0.010000000000000009,0.25,2.219999999999999,0.0,3.4000000000000057,12.0,1.5,0.0,0.0,1.0,1.0
733,Senne,Lammens,Lammens,a,,,5.0,262,9.0,2.4,122,17.0,4.2,54.0,5.0,2,0,0.0,0,0.0,5625,1600,0.8,14.4,4.7,4.7,3.1,175.0,19.0,,,98.0,16.0,783.0,91.0,455.0,2.0,277.0,17.0,,,,,,,,0.0,0.0,0.0,1.13,2.3,0.22,1.26,1.0,0.0,29,2.0,90.0,0.0,0.0,0.0,2.0,0.0,0.0,0.0,0.0,0.0,3.0,1.0,0.0,8.0,10066.0,5479.0,0.0,0.0,0.0,0.0,2.2200000000000024,22.599999999999966,0.0,0.0,2.299999999999997,0.0,0.0,7.0,0.0
755,Shea,Lacey,Lacey,a,,,4.5,479,293.0,0.0,725,301.0,0.0,662.0,258.0,0,0,0.0,0,0.0,7,21,0.0,0.4,0.5,0.5,1.0,483.0,218.0,100.0,100.0,478.0,217.0,462.0,222.0,401.0,198.0,475.0,217.0,,,,,,,,0.52,0.0,0.52,0.82,0.0,0.0,0.0,0.0,7.5,29,0.0,0.0,0.0,0.0,0.0,0.0,0.0,0.0,0.0,0.0,0.0,0.0,0.0,0.0,0.0,14.0,51.0,0.0,0.0,0.0,0.0,0.0,0.0,0.0,0.0,0.0,0.0,0.0,0.0,0.0
769,Bendito,Mantato,Bendito Mantato,a,,,4.5,478,292.0,0.0,785,343.0,0.0,661.0,257.0,0,0,0.0,0,0.0,6,8,0.0,0.2,0.5,0.5,1.0,482.0,217.0,,,488.0,225.0,414.0,204.0,710.0,297.0,478.0,220.0,,,,,,,,0.0,0.06,0.06,0.3,0.0,0.0,0.0,0.0,0.0,29,0.0,0.0,0.0,0.0,0.0,0.0,0.0,0.0,0.0,0.0,0.0,0.0,0.0,0.0,0.0,8.0,14.0,0.0,0.0,0.0,0.0,0.0,0.0,0.0,0.0,0.0,0.0,0.0,0.0,0.0
771,Tyler,Fletcher,Fletcher,a,,,4.4,552,330.0,0.0,732,306.0,0.2,369.0,166.0,0,0,0.0,-1,1.0,25,24,0.0,0.2,0.7,0.7,1.0,470.0,207.0,,,503.0,230.0,466.0,224.0,642.0,249.0,507.0,232.0,,,,,,,,0.0,0.9,0.9,1.8,0.0,0.0,0.0,0.0,0.0,29,0.0,0.0,0.0,0.0,0.0,0.0,0.0,0.0,0.0,0.0,0.0,0.0,0.0,0.0,0.0,42.0,63.0,0.0,0.0,0.0,0.0,0.0,0.0,0.0,0.0,0.0,0.0,0.0,0.0,0.0
788,Godwill,Kukonki,Kukonki,a,,,4.0,718,194.0,0.0,743,255.0,0.0,504.0,202.0,0,0,0.0,0,0.0,3,10,0.0,0.0,0.5,0.5,0.0,619.0,233.0,,,609.0,233.0,601.0,233.0,573.0,230.0,611.0,233.0,,,,,,,,0.0,0.0,0.0,0.0,0.0,0.0,0.0,0.0,0.0,29,0.0,0.0,0.0,0.0,0.0,0.0,0.0,0.0,0.0,0.0,0.0,0.0,0.0,0.0,0.0,10.0,16.0,0.0,0.0,0.0,0.0,0.0,0.0,0.0,0.0,0.0,0.0,0.0,0.0,0.0
52,Jacob,Ramsey,J.Ramsey,a,,,5.3,191,119.0,0.2,352,116.0,3.6,81.0,36.0,-2,0,0.0,-2,2.0,426,271,0.7,6.4,3.1,3.1,1.8,377.0,162.0,100.0,100.0,282.0,121.0,171.0,116.0,222.0,123.0,258.0,131.0,,,,,,,,0.09,0.09,0.18,1.65,0.0,0.0,2.21,0.91,9.26,29,34.0,45.0,0.0,0.0,0.0,1.0,0.0,0.0,0.0,0.0,1.0,0.0,1.0,0.0,166.0,1818.0,446.0,0.0,0.0,0.010000000000000009,0.010000000000000009,0.5099999999999998,0.0,1.5999999999999943,0.0,0.20000000000000284,3.0,0.0,3.0,6.0
471,Mark,Gillespie,Gillespie,a,,,3.9,744,71.0,0.1,435,65.0,0.0,418.0,32.0,0,0,0.0,-1,1.0,9,18,0.0,0.0,-0.5,-0.5,0.0,543.0,41.0,,,533.0,41.0,520.0,24.0,490.0,11.0,535.0,41.0,,,,,,,,0.0,0.0,0.0,0.0,0.0,0.0,0.0,0.0,0.0,29,0.0,0.0,0.0,0.0,0.0,0.0,0.0,0.0,0.0,0.0,0.0,0.0,0.0,0.0,0.0,36.0,65.0,0.0,0.0,0.0,0.0,0.0,0.0,0.0,0.0,0.0,0.0,0.0,0.0,0.0
472,Odysseas,Vlachodimos,Odysseas,u,Has joined Sevilla on loan for the rest of the season.,,4.0,666,44.0,0.0,718,84.0,0.0,457.0,57.0,0,0,0.0,0,0.0,0,2,0.0,0.0,0.0,0.0,0.0,578.0,65.0,0.0,0.0,568.0,65.0,558.0,51.0,529.0,38.0,570.0,65.0,,,,,,,,0.0,0.0,0.0,0.0,0.0,0.0,0.0,0.0,0.0,29,0.0,0.0,0.0,0.0,0.0,0.0,0.0,0.0,0.0,0.0,0.0,0.0,0.0,0.0,0.0,0.0,5.0,0.0,0.0,0.0,0.0,0.0,0.0,0.0,0.0,0.0,0.0,0.0,0.0,0.0
473,Lewis,Hall,Hall,a,,,5.3,199,24.0,2.4,123,47.0,2.2,164.0,61.0,2,0,0.0,-2,2.0,1364,2386,0.4,12.5,1.7,1.7,3.0,193.0,73.0,100.0,100.0,104.0,47.0,115.0,29.0,210.0,52.0,127.0,38.0,2.0,4.0,,,,,,0.04,0.11,0.15,1.41,0.0,0.17,1.72,0.98,7.92,29,2.0,90.0,0.0,0.0,0.0,1.0,0.0,0.0,0.0,0.0,0.0,0.0,1.0,0.0,10.0,2990.0,11742.0,0.0,0.06999999999999995,0.020000000000000018,0.0900000000000003,1.2800000000000011,10.0,5.5,6.0,2.1999999999999886,1.0,5.0,4.0,6.0
474,Fabian,Schär,Schär,i,Ankle injury - Expected back 18 Apr,,5.2,204,26.0,1.2,177,67.0,0.0,767.0,261.0,0,0,0.0,-3,3.0,9,343,0.0,9.8,0.0,0.0,3.2,159.0,60.0,0.0,0.0,195.0,77.0,320.0,108.0,232.0,62.0,266.0,87.0,,1.0,,,,,,0.08,0.05,0.13,1.14,0.0,0.33,1.07,0.91,9.5,29,0.0,0.0,0.0,0.0,0.0,0.0,0.0,0.0,0.0,0.0,0.0,0.0,0.0,0.0,0.0,18.0,871.0,0.0,0.0,0.0,0.0,0.0,0.0,0.0,0.0,0.0,0.0,0.0,0.0,0.0
475,Sven,Botman,Botman,a,,,4.9,311,48.0,0.4,289,107.0,2.0,182.0,68.0,1,0,0.0,-1,1.0,81,160,0.4,11.0,1.5,1.5,3.4,132.0,50.0,100.0,100.0,175.0,73.0,340.0,116.0,207.0,50.0,248.0,81.0,,,,,,,,0.11,0.02,0.13,1.24,0.0,0.34,1.44,1.02,8.91,29,1.0,1.0,0.0,0.0,0.0,0.0,0.0,0.0,0.0,0.0,0.0,0.0,0.0,0.0,3.0,180.0,463.0,0.0,0.0,0.0,0.0,0.0,0.0,0.0,0.0,0.0,0.0,0.0,0.0,0.0
476,Dan,Burn,Burn,a,,,5.0,245,37.0,3.3,104,39.0,1.6,215.0,83.0,4,0,0.0,0,0.0,985,813,0.3,15.2,1.1,1.1,3.6,109.0,38.0,100.0,100.0,134.0,60.0,284.0,89.0,283.0,80.0,230.0,77.0,,,,,,,,0.01,0.02,0.03,1.13,0.0,0.32,1.48,1.05,9.06,29,4.0,90.0,0.0,0.0,0.0,1.0,0.0,0.0,0.0,0.0,0.0,0.0,1.0,0.0,13.0,2005.0,3584.0,0.0,0.0,0.0,0.0,1.2800000000000011,25.399999999999977,0.3999999999999915,2.0,2.799999999999997,2.0,8.0,4.0,10.0
477,Tino,Livramento,Livramento,d,Hamstring injury - 50% chance of playing,,4.9,327,53.0,1.8,144,55.0,0.0,732.0,253.0,0,0,0.0,-1,1.0,8,315,0.0,10.0,-0.2,-0.1,3.8,84.0,31.0,50.0,25.0,271.0,110.0,181.0,45.0,346.0,113.0,291.0,96.0,,,,,,,,0.01,0.05,0.06,0.94,0.0,0.43,0.86,0.94,4.98,29,0.0,0.0,0.0,0.0,0.0,0.0,0.0,0.0,0.0,0.0,0.0,0.0,0.0,0.0,0.0,13.0,751.0,0.0,0.0,0.0,0.0,0.0,0.0,0.0,0.0,0.0,0.0,0.0,0.0,0.0
478,Kieran,Trippier,Trippier,a,,,4.9,286,43.0,1.3,167,64.0,2.0,180.0,67.0,6,0,0.0,-1,1.0,456,269,0.4,9.8,1.5,1.5,2.8,215.0,85.0,100.0,100.0,218.0,86.0,40.0,3.0,399.0,146.0,165.0,57.0,4.0,2.0,,,,,,0.01,0.12,0.13,1.18,0.0,0.32,1.55,1.03,4.91,29,6.0,90.0,0.0,1.0,0.0,1.0,0.0,0.0,0.0,1.0,0.0,0.0,1.0,0.0,24.0,793.0,1337.0,0.0,0.0,0.08999999999999986,0.08999999999999986,1.2800000000000011,42.599999999999994,20.80000000000001,2.0,6.5,4.0,12.0,3.0,16.0
479,Emil,Krafth,Krafth,i,Knee injury - Unknown return date,,4.3,577,124.0,0.0,621,221.0,0.0,545.0,229.0,0,0,0.0,-2,2.0,6,4,0.0,0.0,0.0,0.0,0.0,645.0,250.0,0.0,0.0,492.0,176.0,464.0,170.0,606.0,249.0,496.0,175.0,,,,,,,,0.0,0.0,0.0,0.5,0.0,0.0,4.0,2.0,2.0,29,0.0,0.0,0.0,0.0,0.0,0.0,0.0,0.0,0.0,0.0,0.0,0.0,0.0,0.0,0.0,9.0,14.0,0.0,0.0,0.0,0.0,0.0,0.0,0.0,0.0,0.0,0.0,0.0,0.0,0.0
22,Mikel,Merino Zazón,Merino,i,Foot injury - Unknown return date,,5.4,162,101.0,0.8,203,71.0,0.0,780.0,342.0,0,0,0.0,-6,6.0,7,734,0.0,12.2,0.0,0.0,3.1,178.0,76.0,0.0,0.0,187.0,76.0,175.0,119.0,104.0,64.0,154.0,82.0,,,,,,,,0.27,0.13,0.4,0.6,0.0,0.36,0.81,0.9,10.03,29,0.0,0.0,0.0,0.0,0.0,0.0,0.0,0.0,0.0,0.0,0.0,0.0,0.0,0.0,0.0,13.0,1712.0,0.0,0.0,0.0,0.0,0.0,0.0,0.0,0.0,0.0,0.0,0.0,0.0,0.0
23,Fábio,Ferreira Vieira,Fábio Vieira,u,has joined Hamburger on loan for the rest of the season.,,5.4,169,106.0,0.0,682,277.0,0.0,784.0,344.0,0,0,0.0,-1,1.0,0,0,0.0,0.0,0.0,0.0,0.0,802.0,355.0,0.0,0.0,801.0,354.0,800.0,354.0,798.0,353.0,801.0,354.0,,,,,,,,0.0,0.0,0.0,0.0,0.0,0.0,0.0,0.0,0.0,29,0.0,0.0,0.0,0.0,0.0,0.0,0.0,0.0,0.0,0.0,0.0,0.0,0.0,0.0,0.0,0.0,1.0,0.0,0.0,0.0,0.0,0.0,0.0,0.0,0.0,0.0,0.0,0.0,0.0,0.0
24,Christian,Nørgaard,Nørgaard,a,,,5.1,225,138.0,0.1,434,146.0,0.5,334.0,154.0,1,0,0.0,-4,4.0,27,34,0.1,1.2,1.5,1.5,1.0,498.0,230.0,100.0,100.0,451.0,201.0,478.0,231.0,424.0,205.0,466.0,211.0,,,,,,,,0.08,0.0,0.08,3.58,0.0,0.0,1.61,0.0,16.07,29,1.0,10.0,0.0,0.0,0.0,0.0,0.0,0.0,0.0,0.0,0.0,0.0,0.0,0.0,3.0,47.0,58.0,0.0,0.0,0.0,0.0,0.0,0.20000000000000107,0.0,0.0,0.0,0.0,0.0,0.0,0.0
25,Ethan,Nwaneri,Nwaneri,u,has joined Marseille on loan for the rest of the season.,,5.0,271,166.0,0.1,449,153.0,0.0,752.0,323.0,0,0,0.0,-5,5.0,0,17,0.0,1.6,0.0,0.0,1.3,433.0,194.0,0.0,0.0,465.0,209.0,388.0,196.0,372.0,189.0,442.0,196.0,,,,,,,,0.13,0.04,0.17,0.4,0.0,0.55,0.0,0.0,7.09,29,0.0,0.0,0.0,0.0,0.0,0.0,0.0,0.0,0.0,0.0,0.0,0.0,0.0,0.0,0.0,0.0,36.0,0.0,0.0,0.0,0.0,0.0,0.0,0.0,0.0,0.0,0.0,0.0,0.0,0.0
26,Martín,Zubimendi Ibáñez,Zubimendi,a,,,5.2,213,131.0,4.5,79,26.0,3.8,69.0,31.0,3,0,0.0,-3,3.0,2242,8297,0.7,21.9,4.8,4.8,3.8,88.0,41.0,100.0,100.0,62.0,17.0,85.0,64.0,101.0,62.0,70.0,44.0,,,,,,,,0.1,0.07,0.17,0.72,0.0,0.5,0.71,1.03,9.02,29,3.0,79.0,0.0,0.0,1.0,0.0,0.0,0.0,0.0,0.0,0.0,0.0,1.0,0.0,6.0,7843.0,38763.0,0.0,0.029999999999999805,0.0,0.03000000000000025,0.7999999999999972,9.0,0.7000000000000455,4.0,1.4000000000000057,1.0,4.0,2.0,7.0
185,Václav,Hladký,Hladký,a,,,3.9,740,67.0,0.2,402,57.0,0.0,415.0,29.0,0,0,0.0,-1,1.0,16,34,0.0,0.0,-0.5,-0.5,0.0,540.0,38.0,,,530.0,38.0,516.0,20.0,486.0,7.0,532.0,38.0,,,,,,,,0.0,0.0,0.0,0.0,0.0,0.0,0.0,0.0,0.0,29,0.0,0.0,0.0,0.0,0.0,0.0,0.0,0.0,0.0,0.0,0.0,0.0,0.0,0.0,0.0,77.0,131.0,0.0,0.0,0.0,0.0,0.0,0.0,0.0,0.0,0.0,0.0,0.0,0.0,0.0
186,Connor,Roberts,Roberts,i,Achilles injury - Unknown return date,,4.4,525,104.0,0.0,651,229.0,0.0,576.0,234.0,0,0,0.0,-1,1.0,5,5,0.0,0.0,0.0,0.0,0.0,667.0,253.0,0.0,0.0,657.0,253.0,653.0,253.0,631.0,252.0,659.0,253.0,,,,,,,,0.0,0.0,0.0,0.0,0.0,0.0,0.0,0.0,0.0,29,0.0,0.0,0.0,0.0,0.0,0.0,0.0,0.0,0.0,0.0,0.0,0.0,0.0,0.0,0.0,23.0,15.0,0.0,0.0,0.0,0.0,0.0,0.0,0.0,0.0,0.0,0.0,0.0,0.0,0.0
187,Kyle,Walker,Walker,a,,,4.4,518,98.0,1.1,183,68.0,1.2,249.0,94.0,3,0,0.0,-1,1.0,176,264,0.3,12.5,0.7,0.7,2.0,331.0,124.0,100.0,100.0,125.0,55.0,191.0,48.0,376.0,131.0,216.0,72.0,,,,,,,,0.0,0.04,0.04,1.96,0.0,0.11,1.94,1.02,6.19,29,3.0,90.0,0.0,0.0,0.0,2.0,0.0,0.0,0.0,0.0,0.0,0.0,1.0,0.0,12.0,840.0,1217.0,0.0,0.0,0.010000000000000009,0.010000000000000009,1.2999999999999972,20.19999999999999,3.6000000000000227,0.0,2.3999999999999986,4.0,8.0,5.0,12.0
188,Hannes,Delcroix,Delcroix,u,has joined Lugano permanently.,,3.8,793,240.0,0.2,365,134.0,0.0,395.0,143.0,0,0,0.0,-2,2.0,0,65,0.0,0.0,0.0,0.0,0.0,524.0,186.0,0.0,0.0,514.0,186.0,498.0,184.0,467.0,178.0,516.0,186.0,,,,,,,,0.0,0.0,0.0,0.0,0.0,0.0,0.0,0.0,0.0,29,0.0,0.0,0.0,0.0,0.0,0.0,0.0,0.0,0.0,0.0,0.0,0.0,0.0,0.0,0.0,0.0,209.0,0.0,0.0,0.0,0.0,0.0,0.0,0.0,0.0,0.0,0.0,0.0,0.0,0.0
189,Owen,Dodgson,Dodgson,u,Has joined Stockport County on loan for the rest of the season.,,4.0,683,172.0,0.0,726,252.0,0.0,473.0,183.0,0,0,0.0,0,0.0,0,0,0.0,0.0,0.0,0.0,0.0,592.0,218.0,0.0,0.0,582.0,218.0,573.0,218.0,544.0,214.0,584.0,218.0,,,,,,,,0.0,0.0,0.0,0.0,0.0,0.0,0.0,0.0,0.0,29,0.0,0.0,0.0,0.0,0.0,0.0,0.0,0.0,0.0,0.0,0.0,0.0,0.0,0.0,0.0,0.0,0.0,0.0,0.0,0.0,0.0,0.0,0.0,0.0,0.0,0.0,0.0,0.0,0.0,0.0
190,Hjalmar,Ekdal,Ekdal,a,,,3.9,766,224.0,0.8,209,79.0,0.0,435.0,166.0,0,0,0.0,-1,1.0,54,335,0.0,11.3,-0.5,-0.5,2.9,195.0,74.0,,,207.0,82.0,353.0,123.0,277.0,78.0,294.0,97.0,,,,,,,,0.02,0.02,0.04,1.74,0.0,0.15,1.83,0.99,10.08,29,0.0,0.0,0.0,0.0,0.0,0.0,0.0,0.0,0.0,0.0,0.0,0.0,0.0,0.0,0.0,205.0,1220.0,0.0,0.0,0.0,0.0,0.0,0.0,0.0,0.0,0.0,0.0,0.0,0.0,0.0
132,Paris,Maghoma,Maghoma,u,has joined Norwich City permanently.,,4.5,421,253.0,0.0,673,271.0,0.0,617.0,221.0,0,0,0.0,0,0.0,0,19,0.0,0.0,0.0,0.0,0.0,696.0,273.0,0.0,0.0,690.0,267.0,685.0,270.0,666.0,262.0,692.0,269.0,,,,,,,,0.0,0.0,0.0,0.0,0.0,0.0,0.0,0.0,0.0,29,0.0,0.0,0.0,0.0,0.0,0.0,0.0,0.0,0.0,0.0,0.0,0.0,0.0,0.0,0.0,0.0,34.0,0.0,0.0,0.0,0.0,0.0,0.0,0.0,0.0,0.0,0.0,0.0,0.0,0.0
133,Myles,Peart-Harris,Peart-Harris,u,has joined Oxford United permanently.,,4.4,542,323.0,0.0,634,249.0,0.0,585.0,201.0,0,0,0.0,-1,1.0,0,5,0.0,0.2,0.0,0.0,1.0,469.0,206.0,0.0,0.0,662.0,249.0,658.0,254.0,636.0,243.0,664.0,251.0,,,,,,,,0.0,0.0,0.0,0.0,0.0,0.0,0.0,0.0,0.0,29,0.0,0.0,0.0,0.0,0.0,0.0,0.0,0.0,0.0,0.0,0.0,0.0,0.0,0.0,0.0,0.0,17.0,0.0,0.0,0.0,0.0,0.0,0.0,0.0,0.0,0.0,0.0,0.0,0.0,0.0
134,Ryan,Trevitt,Trevitt,u,Has joined Wigan on loan for the rest of the season,,4.5,486,299.0,0.0,787,345.0,0.0,669.0,264.0,0,0,0.0,0,0.0,0,0,0.0,0.0,0.0,0.0,0.0,737.0,308.0,0.0,0.0,735.0,306.0,729.0,306.0,716.0,302.0,735.0,306.0,,,,,,,,0.0,0.0,0.0,0.0,0.0,0.0,0.0,0.0,0.0,29,0.0,0.0,0.0,0.0,0.0,0.0,0.0,0.0,0.0,0.0,0.0,0.0,0.0,0.0,0.0,0.0,0.0,0.0,0.0,0.0,0.0,0.0,0.0,0.0,0.0,0.0,0.0,0.0,0.0,0.0
136,Igor Thiago,Nascimento Rodrigues,Thiago,a,,,7.2,34,14.0,34.5,7,3.0,3.4,94.0,12.0,2,0,0.0,12,-12.0,33428,28772,0.5,19.9,3.9,3.4,4.9,17.0,3.0,100.0,100.0,7.0,2.0,114.0,6.0,2.0,2.0,5.0,2.0,,,2.0,,,,,0.57,0.06,0.63,1.42,0.0,0.25,1.38,1.02,5.5,29,2.0,90.0,0.0,0.0,1.0,0.0,0.0,0.0,0.0,0.0,0.0,0.0,1.0,0.0,11.0,117300.0,59414.0,0.0,0.0,0.040000000000000036,0.0400000000000027,1.9200000000000017,9.0,15.300000000000011,2.0,2.5999999999999943,1.0,2.0,5.0,8.0
165,Abdallah,Sima,Sima,u,has joined Lens permanently.,,5.4,179,112.0,0.0,733,307.0,0.0,789.0,348.0,0,0,0.0,-1,1.0,0,1,0.0,0.0,0.0,0.0,0.0,805.0,357.0,0.0,0.0,804.0,356.0,803.0,356.0,801.0,355.0,804.0,356.0,,,,,,,,0.0,0.0,0.0,0.0,0.0,0.0,0.0,0.0,0.0,29,0.0,0.0,0.0,0.0,0.0,0.0,0.0,0.0,0.0,0.0,0.0,0.0,0.0,0.0,0.0,0.0,1.0,0.0,0.0,0.0,0.0,0.0,0.0,0.0,0.0,0.0,0.0,0.0,0.0,0.0
235,Cole,Palmer,Palmer,a,,,10.6,3,2.0,16.0,21,8.0,9.0,2.0,1.0,9,0,0.0,1,-1.0,21273,9391,0.8,8.7,9.5,9.5,5.1,14.0,8.0,100.0,100.0,96.0,32.0,134.0,93.0,44.0,27.0,72.0,46.0,,3.0,1.0,,,,,0.61,0.11,0.72,1.44,0.0,0.22,1.31,1.17,6.92,29,9.0,84.0,1.0,0.0,0.0,1.0,0.0,0.0,0.0,0.0,0.0,0.0,1.0,2.0,38.0,46249.0,53955.0,0.0,0.2599999999999998,0.28,0.5399999999999991,0.5300000000000011,47.80000000000001,29.0,30.0,10.700000000000003,1.0,3.0,7.0,11.0
236,Pedro,Lomba Neto,Neto,a,,,7.0,37,22.0,4.3,86,28.0,2.0,188.0,80.0,0,0,0.0,0,0.0,956,6437,0.3,15.1,2.5,0.0,3.8,93.0,46.0,100.0,0.0,89.0,30.0,10.0,10.0,38.0,22.0,23.0,19.0,1.0,4.0,,,,,,0.18,0.24,0.42,1.21,0.0,0.46,0.88,1.01,4.34,29,0.0,0.0,0.0,0.0,0.0,0.0,0.0,0.0,0.0,0.0,0.0,0.0,0.0,0.0,0.0,999.0,31073.0,0.0,0.0,0.0,0.0,0.0,0.0,0.0,0.0,0.0,0.0,0.0,0.0,0.0
238,Estêvão,Almeida de Oliveira Gonçalves,Estêvão,d,Hamstring injury - 50% chance of playing,,6.4,62,41.0,1.8,143,48.0,0.6,332.0,153.0,0,0,0.0,-1,1.0,57,3196,0.1,8.6,0.6,0.3,2.9,206.0,88.0,50.0,25.0,284.0,123.0,147.0,98.0,87.0,55.0,178.0,92.0,,,3.0,,,,,0.34,0.26,0.6,0.99,0.0,0.49,0.98,1.22,6.22,29,0.0,0.0,0.0,0.0,0.0,0.0,0.0,0.0,0.0,0.0,0.0,0.0,0.0,0.0,0.0,87.0,10615.0,0.0,0.0,0.0,0.0,0.0,0.0,0.0,0.0,0.0,0.0,0.0,0.0,0.0
239,Jamie,Bynoe-Gittens,Gittens,i,Hamstring injury - Unknown return date,,6.0,89,56.0,0.1,475,165.0,0.0,803.0,359.0,0,0,0.0,-5,5.0,4,29,0.0,4.2,0.0,0.0,1.6,401.0,175.0,0.0,0.0,368.0,162.0,216.0,140.0,258.0,141.0,329.0,159.0,,,,,,,,0.15,0.17,0.32,1.65,0.0,0.19,1.3,0.93,5.37,29,0.0,0.0,0.0,0.0,0.0,0.0,0.0,0.0,0.0,0.0,0.0,0.0,0.0,0.0,0.0,5.0,52.0,0.0,0.0,0.0,0.0,0.0,0.0,0.0,0.0,0.0,0.0,0.0,0.0,0.0
241,Moisés,Caicedo Corozo,Caicedo,a,,,5.7,119,75.0,7.7,52,18.0,2.8,126.0,55.0,2,0,0.0,2,-2.0,2200,3759,0.5,16.3,3.3,3.3,3.9,77.0,36.0,100.0,100.0,77.0,23.0,110.0,79.0,240.0,131.0,118.0,66.0,,,,,,,,0.05,0.09,0.14,1.32,0.0,0.26,1.28,1.01,12.77,29,2.0,90.0,0.0,0.0,0.0,1.0,0.0,0.0,0.0,0.0,0.0,0.0,1.0,0.0,14.0,4875.0,9687.0,0.0,0.0,0.18999999999999972,0.18999999999999995,0.8800000000000026,11.200000000000045,5.300000000000011,0.0,1.7000000000000028,0.0,2.0,3.0,5.0
244,Roméo,Lavia,Lavia,a,,,4.9,340,209.0,0.0,697,286.0,0.4,349.0,159.0,1,0,0.0,-1,1.0,16,7,0.1,1.2,0.9,0.9,1.0,493.0,226.0,100.0,100.0,455.0,204.0,432.0,209.0,454.0,223.0,468.0,212.0,,,,,,,,0.0,0.04,0.04,2.22,0.0,0.0,2.0,0.67,8.67,29,1.0,15.0,0.0,0.0,0.0,0.0,0.0,0.0,0.0,0.0,0.0,0.0,0.0,0.0,2.0,56.0,13.0,0.0,0.0,0.0,0.0,0.43999999999999995,2.0,1.0,0.0,0.30000000000000004,0.0,1.0,0.0,1.0
245,Mykhailo,Mudryk,Mudryk,s,Suspended - unknown return date,,4.9,331,205.0,0.0,747,317.0,0.0,735.0,311.0,0,0,0.0,-1,1.0,4,5,0.0,0.0,0.0,0.0,0.0,778.0,338.0,0.0,0.0,777.0,337.0,773.0,337.0,768.0,335.0,777.0,337.0,,,,,,,,0.0,0.0,0.0,0.0,0.0,0.0,0.0,0.0,0.0,29,0.0,0.0,0.0,0.0,0.0,0.0,0.0,0.0,0.0,0.0,0.0,0.0,0.0,0.0,0.0,10.0,8.0,0.0,0.0,0.0,0.0,0.0,0.0,0.0,0.0,0.0,0.0,0.0,0.0,0.0
246,Andrey,Nascimento dos Santos,Andrey Santos,a,,,4.5,457,276.0,0.3,318,106.0,1.8,193.0,82.0,1,0,0.0,0,0.0,273,240,0.4,6.9,2.3,2.3,1.4,420.0,186.0,100.0,100.0,308.0,139.0,224.0,145.0,307.0,167.0,319.0,156.0,,,,,,,,0.16,0.07,0.23,1.35,0.0,0.09,1.12,0.93,9.71,29,1.0,5.0,0.0,0.0,0.0,0.0,0.0,0.0,0.0,0.0,0.0,0.0,0.0,0.0,3.0,1021.0,739.0,0.0,0.0,0.0,0.0,0.34999999999999964,2.0,1.0,0.0,0.30000000000000426,0.0,1.0,0.0,1.0
247,Dário,Luís Essugo,D.Essugo,d,Lack of match fitness - 50% chance of playing,,4.3,598,349.0,0.1,573,212.0,0.0,554.0,184.0,0,0,0.0,-2,2.0,38,38,0.0,0.0,0.2,0.2,0.0,649.0,245.0,50.0,50.0,639.0,235.0,634.0,240.0,610.0,228.0,641.0,237.0,,,,,,,,0.0,0.0,0.0,0.0,0.0,0.0,0.0,0.0,0.0,29,0.0,0.0,0.0,0.0,0.0,0.0,0.0,0.0,0.0,0.0,0.0,0.0,0.0,0.0,0.0,112.0,99.0,0.0,0.0,0.0,0.0,0.0,0.0,0.0,0.0,0.0,0.0,0.0,0.0,0.0
248,Kendry,Páez Andrade,Paez,u,has joined River Plate on loan for the rest of the season.,,4.5,496,306.0,0.0,783,341.0,0.0,676.0,269.0,0,0,0.0,0,0.0,0,1,0.0,0.0,0.0,0.0,0.0,743.0,312.0,0.0,0.0,742.0,311.0,736.0,311.0,723.0,307.0,742.0,311.0,,,,,,,,0.0,0.0,0.0,0.0,0.0,0.0,0.0,0.0,0.0,29,0.0,0.0,0.0,0.0,0.0,0.0,0.0,0.0,0.0,0.0,0.0,0.0,0.0,0.0,0.0,0.0,1.0,0.0,0.0,0.0,0.0,0.0,0.0,0.0,0.0,0.0,0.0,0.0,0.0,0.0
249,João Pedro,Junqueira de Jesus,João Pedro,a,,,7.6,19,6.0,46.0,3,2.0,9.2,1.0,1.0,19,0,0.0,1,-1.0,109054,7084,1.2,21.1,9.7,9.7,5.5,9.0,2.0,,,11.0,3.0,48.0,2.0,4.0,3.0,8.0,3.0,,,,,,,,0.56,0.07,0.63,1.2,0.0,0.42,0.97,1.05,4.96,29,19.0,84.0,3.0,1.0,0.0,1.0,0.0,0.0,0.0,1.0,0.0,0.0,1.0,3.0,92.0,155274.0,94345.0,0.0,2.6799999999999997,0.0,2.6800000000000015,0.5300000000000011,118.59999999999991,10.800000000000011,110.0,23.900000000000006,2.0,0.0,1.0,3.0
789,Max,Merrick,Merrick,a,,,4.0,707,63.0,0.0,765,88.0,0.0,493.0,75.0,0,0,0.0,0,0.0,5,6,0.0,0.0,0.5,0.5,0.0,610.0,82.0,,,600.0,82.0,592.0,70.0,563.0,57.0,602.0,82.0,,,,,,,,0.0,0.0,0.0,0.0,0.0,0.0,0.0,0.0,0.0,29,0.0,0.0,0.0,0.0,0.0,0.0,0.0,0.0,0.0,0.0,0.0,0.0,0.0,0.0,0.0,13.0,15.0,0.0,0.0,0.0,0.0,0.0,0.0,0.0,0.0,0.0,0.0,0.0,0.0,0.0
355,Sam,Greenwood,Greenwood,u,has joined Pogon Szczecin permanently.,,4.9,319,198.0,0.0,633,248.0,0.0,726.0,305.0,0,0,0.0,-1,1.0,0,1,0.0,0.0,0.0,0.0,0.0,771.0,332.0,0.0,0.0,770.0,331.0,766.0,331.0,761.0,329.0,770.0,331.0,,,,,,,,0.0,0.0,0.0,0.0,0.0,0.0,0.0,0.0,0.0,29,0.0,0.0,0.0,0.0,0.0,0.0,0.0,0.0,0.0,0.0,0.0,0.0,0.0,0.0,0.0,0.0,2.0,0.0,0.0,0.0,0.0,0.0,0.0,0.0,0.0,0.0,0.0,0.0,0.0,0.0
356,Ilia,Gruev,Gruev,a,,,4.7,391,244.0,0.1,436,147.0,3.8,65.0,30.0,3,0,0.0,-3,3.0,164,224,0.8,11.3,3.8,3.8,2.6,251.0,104.0,,,273.0,114.0,188.0,125.0,302.0,163.0,286.0,144.0,4.0,,,,,,,0.03,0.06,0.09,1.75,0.0,0.36,1.66,1.08,7.73,29,3.0,61.0,0.0,0.0,1.0,0.0,0.0,0.0,0.0,0.0,0.0,0.0,1.0,0.0,9.0,785.0,681.0,0.0,0.0,0.010000000000000009,0.010000000000000009,0.00999999999999801,1.8000000000000114,12.300000000000011,0.0,1.4000000000000057,0.0,0.0,1.0,1.0
357,Largie,Ramazani,Ramazani,u,has joined Valencia on loan for the rest of the season.,,4.9,323,200.0,0.0,712,295.0,0.0,729.0,307.0,0,0,0.0,-1,1.0,0,1,0.0,0.0,0.0,0.0,0.0,773.0,334.0,0.0,0.0,772.0,333.0,768.0,333.0,763.0,331.0,772.0,333.0,,,,,,,,0.0,0.0,0.0,0.0,0.0,0.0,0.0,0.0,0.0,29,0.0,0.0,0.0,0.0,0.0,0.0,0.0,0.0,0.0,0.0,0.0,0.0,0.0,0.0,0.0,0.0,3.0,0.0,0.0,0.0,0.0,0.0,0.0,0.0,0.0,0.0,0.0,0.0,0.0,0.0
358,Tanaka,Ao,Tanaka,a,,,4.8,364,227.0,0.2,382,125.0,0.0,708.0,292.0,0,0,0.0,-2,2.0,46,198,0.0,9.0,0.0,0.0,2.1,320.0,141.0,100.0,100.0,317.0,142.0,223.0,144.0,279.0,152.0,316.0,154.0,,,,,,,,0.1,0.07,0.17,1.62,0.0,0.24,1.95,0.85,10.14,29,0.0,0.0,0.0,0.0,0.0,0.0,0.0,0.0,0.0,0.0,0.0,0.0,0.0,0.0,0.0,129.0,552.0,0.0,0.0,0.0,0.0,0.0,0.0,0.0,0.0,0.0,0.0,0.0,0.0,0.0
359,Charlie,Crew,Crew,u,Has joined Doncaster Rovers on loan for the rest of the season.,,4.5,459,278.0,0.0,792,347.0,0.0,644.0,243.0,0,0,0.0,0,0.0,0,0,0.0,0.0,0.0,0.0,0.0,718.0,293.0,0.0,0.0,713.0,288.0,709.0,290.0,693.0,283.0,714.0,289.0,,,,,,,,0.0,0.0,0.0,0.0,0.0,0.0,0.0,0.0,0.0,29,0.0,0.0,0.0,0.0,0.0,0.0,0.0,0.0,0.0,0.0,0.0,0.0,0.0,0.0,0.0,0.0,0.0,0.0,0.0,0.0,0.0,0.0,0.0,0.0,0.0,0.0,0.0,0.0,0.0,0.0
360,Joe,Gelhardt,Gelhardt,u,Has joined Hull City on loan for the rest of the season.,,4.5,439,263.0,0.0,758,323.0,0.0,631.0,231.0,0,0,0.0,0,0.0,0,0,0.0,0.0,0.0,0.0,0.0,707.0,282.0,0.0,0.0,701.0,276.0,698.0,279.0,681.0,272.0,703.0,278.0,,,,,,,,0.0,0.0,0.0,0.0,0.0,0.0,0.0,0.0,0.0,29,0.0,0.0,0.0,0.0,0.0,0.0,0.0,0.0,0.0,0.0,0.0,0.0,0.0,0.0,0.0,0.0,1.0,0.0,0.0,0.0,0.0,0.0,0.0,0.0,0.0,0.0,0.0,0.0,0.0,0.0
361,Darko,Gyabi,Gyabi,u,has joined Hull City permanently.,,4.5,440,264.0,0.0,665,269.0,0.0,632.0,232.0,0,0,0.0,0,0.0,0,5,0.0,0.0,0.0,0.0,0.0,708.0,283.0,0.0,0.0,702.0,277.0,699.0,280.0,682.0,273.0,704.0,279.0,,,,,,,,0.0,0.0,0.0,0.0,0.0,0.0,0.0,0.0,0.0,29,0.0,0.0,0.0,0.0,0.0,0.0,0.0,0.0,0.0,0.0,0.0,0.0,0.0,0.0,0.0,0.0,10.0,0.0,0.0,0.0,0.0,0.0,0.0,0.0,0.0,0.0,0.0,0.0,0.0,0.0
461,Jayce,Fitzgerald,Fitzgerald,a,,,4.3,611,357.0,0.0,604,230.0,0.0,564.0,192.0,0,0,0.0,-2,2.0,21,18,0.0,0.0,0.5,0.5,0.0,657.0,251.0,,,647.0,241.0,643.0,246.0,620.0,235.0,649.0,243.0,,,,,,,,0.0,0.0,0.0,0.0,0.0,0.0,0.0,0.0,0.0,29,0.0,0.0,0.0,0.0,0.0,0.0,0.0,0.0,0.0,0.0,0.0,0.0,0.0,0.0,0.0,46.0,38.0,0.0,0.0,0.0,0.0,0.0,0.0,0.0,0.0,0.0,0.0,0.0,0.0,0.0
462,Jack,Fletcher,J.Fletcher,a,,,4.3,608,354.0,0.1,511,185.0,0.0,561.0,189.0,0,0,0.0,-2,2.0,24,82,0.0,0.7,0.5,0.5,1.0,465.0,203.0,,,448.0,198.0,386.0,195.0,428.0,209.0,450.0,201.0,,,,,,,,0.03,0.02,0.05,1.56,0.0,0.0,0.0,0.0,9.25,29,0.0,0.0,0.0,0.0,0.0,0.0,0.0,0.0,0.0,0.0,0.0,0.0,0.0,0.0,0.0,72.0,254.0,0.0,0.0,0.0,0.0,0.0,0.0,0.0,0.0,0.0,0.0,0.0,0.0,0.0
463,Sékou,Koné,Kone,u,has joined Lausanne-Sport on loan for the rest of the season.,,4.3,620,364.0,0.1,515,186.0,0.0,570.0,196.0,0,0,0.0,-2,2.0,0,26,0.0,0.0,0.0,0.0,0.0,662.0,255.0,0.0,0.0,652.0,245.0,648.0,250.0,625.0,239.0,654.0,247.0,,,,,,,,0.0,0.0,0.0,0.0,0.0,0.0,0.0,0.0,0.0,29,0.0,0.0,0.0,0.0,0.0,0.0,0.0,0.0,0.0,0.0,0.0,0.0,0.0,0.0,0.0,0.0,68.0,0.0,0.0,0.0,0.0,0.0,0.0,0.0,0.0,0.0,0.0,0.0,0.0,0.0
464,Jack,Moorhouse,Moorhouse,u,has joined Leyton Orient on loan for the rest of the season.,,4.5,469,286.0,0.0,690,282.0,0.0,653.0,251.0,0,0,0.0,0,0.0,0,1,0.0,0.0,0.0,0.0,0.0,725.0,299.0,0.0,0.0,722.0,296.0,717.0,297.0,702.0,291.0,723.0,297.0,,,,,,,,0.0,0.0,0.0,0.0,0.0,0.0,0.0,0.0,0.0,29,0.0,0.0,0.0,0.0,0.0,0.0,0.0,0.0,0.0,0.0,0.0,0.0,0.0,0.0,0.0,0.0,3.0,0.0,0.0,0.0,0.0,0.0,0.0,0.0,0.0,0.0,0.0,0.0,0.0,0.0
465,Rasmus,Højlund,Højlund,u,has joined Napoli on loan for the rest of the season.,,6.3,70,22.0,0.3,340,56.0,0.0,807.0,87.0,0,0,0.0,-2,2.0,0,11,0.0,0.0,0.0,0.0,0.0,813.0,90.0,0.0,0.0,813.0,90.0,813.0,90.0,813.0,90.0,813.0,90.0,,,,,,,,0.0,0.0,0.0,0.0,0.0,0.0,0.0,0.0,0.0,29,0.0,0.0,0.0,0.0,0.0,0.0,0.0,0.0,0.0,0.0,0.0,0.0,0.0,0.0,0.0,0.0,17.0,0.0,0.0,0.0,0.0,0.0,0.0,0.0,0.0,0.0,0.0,0.0,0.0,0.0
466,Joshua,Zirkzee,Zirkzee,a,,,5.8,107,30.0,0.4,272,43.0,0.8,306.0,39.0,1,0,0.0,-2,2.0,121,189,0.1,6.4,1.3,1.3,2.1,324.0,36.0,100.0,100.0,304.0,29.0,192.0,18.0,137.0,34.0,253.0,30.0,,,,,,,,0.39,0.06,0.45,1.31,0.0,0.18,1.41,0.71,6.54,29,1.0,13.0,0.0,0.0,0.0,1.0,0.0,0.0,0.0,0.0,0.0,0.0,0.0,0.0,8.0,238.0,420.0,0.0,0.020000000000000018,0.020000000000000018,0.040000000000000036,0.41999999999999993,8.600000000000023,18.69999999999999,13.0,4.0,0.0,0.0,1.0,1.0
525,Chris,Wood,Wood,i,Knee injury - Unknown return date,,7.2,29,12.0,4.6,78,15.0,0.0,815.0,90.0,0,0,0.0,-3,3.0,11,440,0.0,3.5,0.0,0.0,3.1,182.0,18.0,0.0,0.0,384.0,40.0,341.0,42.0,153.0,37.0,336.0,39.0,,,1.0,,,,,0.47,0.02,0.49,1.31,0.0,0.17,1.34,1.17,2.34,29,0.0,0.0,0.0,0.0,0.0,0.0,0.0,0.0,0.0,0.0,0.0,0.0,0.0,0.0,0.0,34.0,764.0,0.0,0.0,0.0,0.0,0.0,0.0,0.0,0.0,0.0,0.0,0.0,0.0,0.0
526,Igor Jesus,Maciel da Cruz,Igor Jesus,a,,,5.8,108,31.0,1.1,179,28.0,2.8,127.0,15.0,5,0,0.0,-2,2.0,2146,1061,0.5,12.2,2.8,2.3,2.5,276.0,29.0,100.0,100.0,257.0,24.0,197.0,20.0,27.0,14.0,125.0,17.0,,,3.0,,,,,0.23,0.06,0.29,1.54,0.0,0.32,1.68,1.08,4.28,29,5.0,78.0,0.0,1.0,0.0,2.0,0.0,0.0,0.0,0.0,0.0,0.0,1.0,0.0,21.0,3019.0,6393.0,0.0,0.04999999999999982,0.18000000000000005,0.22999999999999954,1.0899999999999999,21.0,12.300000000000011,25.0,5.799999999999997,1.0,0.0,0.0,1.0
527,Taiwo,Awoniyi,Awoniyi,a,,,5.2,209,48.0,0.3,324,54.0,0.4,352.0,45.0,1,0,0.0,-3,3.0,81,100,0.1,2.9,0.4,-0.1,1.5,415.0,49.0,100.0,100.0,408.0,45.0,354.0,43.0,235.0,44.0,371.0,44.0,,,,,,,,0.43,0.16,0.59,1.76,0.0,0.0,0.81,0.41,5.27,29,1.0,11.0,0.0,0.0,0.0,0.0,0.0,0.0,0.0,0.0,0.0,0.0,0.0,0.0,3.0,121.0,286.0,0.0,0.0,0.0,0.0,0.94,0.0,0.0,0.0,0.0,0.0,0.0,0.0,0.0
669,Dan,Ndoye,Ndoye,a,,,5.5,147,92.0,0.7,219,76.0,0.8,304.0,140.0,0,0,0.0,-5,5.0,37,99,0.1,8.5,0.8,0.3,2.2,310.0,136.0,100.0,100.0,292.0,128.0,154.0,105.0,155.0,86.0,226.0,111.0,4.0,,,,,,,0.09,0.12,0.21,1.26,0.0,0.16,1.38,1.13,7.61,29,0.0,0.0,0.0,0.0,0.0,0.0,0.0,0.0,0.0,0.0,0.0,0.0,0.0,0.0,0.0,70.0,285.0,0.0,0.0,0.0,0.0,0.0,0.0,0.0,0.0,0.0,0.0,0.0,0.0,0.0
567,Antonín,Kinský,Kinsky,a,,,3.9,769,85.0,1.6,155,19.0,0.0,438.0,46.0,0,0,0.0,-1,1.0,75,322,0.0,0.0,-0.5,0.0,0.0,560.0,55.0,,,550.0,55.0,537.0,38.0,507.0,25.0,552.0,55.0,,,,,,,,0.0,0.0,0.0,0.0,0.0,0.0,0.0,0.0,0.0,29,0.0,0.0,0.0,0.0,0.0,0.0,0.0,0.0,0.0,0.0,0.0,0.0,0.0,0.0,0.0,203.0,782.0,0.0,0.0,0.0,0.0,0.0,0.0,0.0,0.0,0.0,0.0,0.0,0.0,0.0
480,Jamaal,Lascelles,Lascelles,u,has joined Leicester City permanently.,,4.3,575,122.0,0.0,587,209.0,0.0,544.0,228.0,0,0,0.0,-2,2.0,0,5,0.0,0.2,0.0,0.0,0.5,516.0,179.0,0.0,0.0,461.0,168.0,630.0,250.0,419.0,158.0,470.0,168.0,,,,,,,,0.19,0.0,0.19,2.61,0.0,0.0,9.47,0.0,23.68,29,0.0,0.0,0.0,0.0,0.0,0.0,0.0,0.0,0.0,0.0,0.0,0.0,0.0,0.0,0.0,0.0,15.0,0.0,0.0,0.0,0.0,0.0,0.0,0.0,0.0,0.0,0.0,0.0,0.0,0.0
481,Alex,Murphy,A.Murphy,a,,,3.8,806,253.0,0.7,218,82.0,0.0,406.0,154.0,0,0,0.0,-2,2.0,187,270,0.0,0.3,-0.5,-0.5,1.0,450.0,162.0,,,486.0,174.0,507.0,193.0,476.0,187.0,501.0,176.0,,,,,,,,0.0,0.0,0.0,24.3,0.0,0.0,90.0,0.0,90.0,29,0.0,0.0,0.0,0.0,0.0,0.0,0.0,0.0,0.0,0.0,0.0,0.0,0.0,0.0,0.0,422.0,673.0,0.0,0.0,0.0,0.0,0.0,0.0,0.0,0.0,0.0,0.0,0.0,0.0,0.0
482,Harrison,Ashby,Ashby,u,has joined Bradford City on loan for the rest of the season.,,3.9,759,220.0,0.1,457,168.0,0.0,430.0,164.0,0,0,0.0,-1,1.0,0,14,0.0,0.0,0.0,0.0,0.0,553.0,201.0,0.0,0.0,543.0,201.0,530.0,201.0,500.0,196.0,545.0,201.0,,,,,,,,0.0,0.0,0.0,0.0,0.0,0.0,0.0,0.0,0.0,29,0.0,0.0,0.0,0.0,0.0,0.0,0.0,0.0,0.0,0.0,0.0,0.0,0.0,0.0,0.0,0.0,38.0,0.0,0.0,0.0,0.0,0.0,0.0,0.0,0.0,0.0,0.0,0.0,0.0,0.0
483,Miodrag,Pivaš,Pivas,a,,,3.8,812,259.0,0.4,287,105.0,0.0,410.0,158.0,0,0,0.0,-2,2.0,83,172,0.0,0.0,-0.5,-0.5,0.0,535.0,197.0,,,525.0,197.0,511.0,197.0,481.0,192.0,527.0,197.0,,,,,,,,0.0,0.0,0.0,0.0,0.0,0.0,0.0,0.0,0.0,29,0.0,0.0,0.0,0.0,0.0,0.0,0.0,0.0,0.0,0.0,0.0,0.0,0.0,0.0,0.0,264.0,435.0,0.0,0.0,0.0,0.0,0.0,0.0,0.0,0.0,0.0,0.0,0.0,0.0,0.0
484,Matt,Targett,Targett,u,has joined Middlesbrough on loan for the rest of the season.,,4.0,670,165.0,0.1,425,157.0,0.0,460.0,176.0,0,0,0.0,0,0.0,0,8,0.0,0.0,0.0,0.0,0.0,581.0,212.0,0.0,0.0,571.0,212.0,561.0,212.0,532.0,208.0,573.0,212.0,,,,,,,,0.0,0.0,0.0,0.0,0.0,0.0,0.0,0.0,0.0,29,0.0,0.0,0.0,0.0,0.0,0.0,0.0,0.0,0.0,0.0,0.0,0.0,0.0,0.0,0.0,0.0,32.0,0.0,0.0,0.0,0.0,0.0,0.0,0.0,0.0,0.0,0.0,0.0,0.0,0.0
485,Anthony,Gordon,Gordon,a,,,7.2,33,19.0,2.8,112,35.0,3.2,104.0,45.0,7,0,0.0,-3,3.0,7027,2397,0.4,10.7,2.7,2.7,3.3,151.0,65.0,100.0,100.0,183.0,74.0,62.0,51.0,32.0,17.0,61.0,41.0,,,1.0,,,,,0.42,0.19,0.61,1.18,0.0,0.35,1.68,1.22,4.41,29,7.0,84.0,1.0,0.0,0.0,1.0,0.0,0.0,0.0,0.0,0.0,0.0,1.0,0.0,24.0,14599.0,14528.0,0.0,1.33,0.1299999999999999,1.4600000000000009,1.0699999999999967,39.80000000000001,24.30000000000001,37.0,10.100000000000009,1.0,1.0,5.0,7.0
486,Anthony,Elanga,Elanga,a,,,6.5,52,33.0,2.6,116,38.0,1.6,222.0,95.0,2,0,0.0,-5,5.0,352,427,0.2,6.0,1.1,1.1,1.6,403.0,177.0,100.0,100.0,332.0,149.0,120.0,83.0,173.0,95.0,231.0,113.0,5.0,,,,,,,0.11,0.13,0.24,1.32,0.0,0.16,1.99,0.95,3.82,29,2.0,83.0,0.0,0.0,0.0,1.0,0.0,0.0,0.0,0.0,0.0,0.0,1.0,0.0,12.0,694.0,1369.0,0.0,0.040000000000000036,0.29000000000000004,0.33000000000000007,1.0700000000000003,6.799999999999997,27.19999999999999,10.0,4.399999999999999,1.0,0.0,5.0,6.0
1,David,Raya Martín,Raya,a,,,6.0,86,1.0,34.3,8,1.0,3.8,73.0,8.0,7,0,0.0,5,-5.0,15391,5237,0.6,20.3,4.8,4.8,4.1,56.0,3.0,,,106.0,18.0,371.0,3.0,811.0,94.0,267.0,16.0,,,,,,,,0.0,0.0,0.0,0.71,1.57,0.47,0.73,1.0,0.0,29,7.0,90.0,0.0,0.0,1.0,0.0,0.0,0.0,0.0,0.0,0.0,2.0,1.0,1.0,25.0,29582.0,21211.0,0.0,0.0,0.0,0.0,0.8000000000000007,14.199999999999989,0.0,0.0,1.3999999999999986,0.0,1.0,8.0,0.0
2,Kepa,Arrizabalaga Revuelta,Arrizabalaga,a,,,4.1,650,36.0,0.4,282,36.0,0.0,521.0,78.0,0,0,0.0,-4,4.0,35,79,0.0,0.0,1.0,1.0,0.0,635.0,85.0,,,625.0,85.0,617.0,73.0,590.0,60.0,627.0,85.0,,,,,,,,0.0,0.0,0.0,0.0,0.0,0.0,0.0,0.0,0.0,29,0.0,0.0,0.0,0.0,0.0,0.0,0.0,0.0,0.0,0.0,0.0,0.0,0.0,0.0,0.0,73.0,171.0,0.0,0.0,0.0,0.0,0.0,0.0,0.0,0.0,0.0,0.0,0.0,0.0,0.0
3,Karl,Hein,Hein,u,Has joined Werder Bremen on loan for the rest of the season.,,4.0,686,54.0,0.2,372,54.0,0.0,476.0,67.0,0,0,0.0,0,0.0,0,20,0.0,0.0,0.0,0.0,0.0,595.0,74.0,0.0,0.0,585.0,74.0,576.0,61.0,547.0,48.0,587.0,74.0,,,,,,,,0.0,0.0,0.0,0.0,0.0,0.0,0.0,0.0,0.0,29,0.0,0.0,0.0,0.0,0.0,0.0,0.0,0.0,0.0,0.0,0.0,0.0,0.0,0.0,0.0,0.0,40.0,0.0,0.0,0.0,0.0,0.0,0.0,0.0,0.0,0.0,0.0,0.0,0.0,0.0
4,Tommy,Setford,Setford,a,,,3.9,777,90.0,0.2,361,52.0,0.0,445.0,50.0,0,0,0.0,-1,1.0,35,94,0.0,0.0,1.0,1.0,0.0,567.0,59.0,,,557.0,59.0,545.0,43.0,515.0,30.0,559.0,59.0,,,,,,,,0.0,0.0,0.0,0.0,0.0,0.0,0.0,0.0,0.0,29,0.0,0.0,0.0,0.0,0.0,0.0,0.0,0.0,0.0,0.0,0.0,0.0,0.0,0.0,0.0,117.0,214.0,0.0,0.0,0.0,0.0,0.0,0.0,0.0,0.0,0.0,0.0,0.0,0.0,0.0
5,Gabriel,dos Santos Magalhães,Gabriel,a,,,7.2,31,1.0,43.2,4,1.0,5.8,14.0,5.0,11,1,-1.0,12,-12.0,15816,3171,0.8,22.8,6.8,6.8,6.8,3.0,1.0,100.0,100.0,20.0,7.0,254.0,72.0,135.0,24.0,90.0,23.0,,,,,,,,0.08,0.07,0.15,0.64,0.0,0.56,0.65,1.0,9.28,29,11.0,90.0,0.0,0.0,1.0,0.0,0.0,0.0,0.0,0.0,0.0,0.0,1.0,3.0,40.0,47845.0,9875.0,0.0,0.0,0.0,0.0,0.8000000000000007,37.60000000000002,0.30000000000001137,2.0,4.0,1.0,16.0,2.0,17.0
6,William,Saliba,Saliba,a,,,6.1,84,4.0,13.6,25,9.0,3.3,98.0,32.0,0,0,0.0,1,-1.0,4571,8303,0.5,15.7,4.3,4.3,4.0,65.0,26.0,100.0,100.0,119.0,51.0,225.0,57.0,292.0,86.0,207.0,70.0,,,,,,,,0.04,0.03,0.07,0.64,0.0,0.45,0.73,1.04,6.26,29,0.0,0.0,0.0,0.0,0.0,0.0,0.0,0.0,0.0,0.0,0.0,0.0,0.0,0.0,0.0,14737.0,13676.0,0.0,0.0,0.0,0.0,0.0,0.0,0.0,0.0,0.0,0.0,0.0,0.0,0.0
7,Riccardo,Calafiori,Calafiori,a,,,5.6,132,14.0,6.1,61,21.0,1.5,225.0,84.0,1,0,0.0,1,-1.0,346,2425,0.3,15.5,2.5,2.5,4.1,55.0,21.0,100.0,100.0,238.0,94.0,246.0,69.0,108.0,13.0,221.0,75.0,,,,,,,,0.18,0.03,0.21,0.52,0.0,0.66,0.52,1.11,6.1,29,1.0,26.0,0.0,0.0,0.0,0.0,0.0,0.0,0.0,0.0,0.0,0.0,0.0,0.0,2.0,777.0,8363.0,0.0,0.0,0.0,0.0,0.17999999999999972,4.599999999999994,0.9000000000000057,0.0,0.6000000000000014,1.0,1.0,0.0,2.0
9,Jakub,Kiwior,Kiwior,u,has joined Porto on loan for the rest of the season.,,5.4,170,20.0,0.0,590,211.0,0.0,785.0,264.0,0,0,0.0,-1,1.0,0,3,0.0,0.0,0.0,0.0,0.0,803.0,266.0,0.0,0.0,802.0,266.0,801.0,266.0,799.0,266.0,802.0,266.0,,,,,,,,0.0,0.0,0.0,0.0,0.0,0.0,0.0,0.0,0.0,29,0.0,0.0,0.0,0.0,0.0,0.0,0.0,0.0,0.0,0.0,0.0,0.0,0.0,0.0,0.0,0.0,5.0,0.0,0.0,0.0,0.0,0.0,0.0,0.0,0.0,0.0,0.0,0.0,0.0,0.0
10,Myles,Lewis-Skelly,Lewis-Skelly,a,,,5.1,240,36.0,1.4,164,63.0,0.0,765.0,260.0,0,0,0.0,-4,4.0,130,315,0.0,2.4,1.0,1.0,0.9,508.0,176.0,,,431.0,161.0,349.0,121.0,386.0,137.0,419.0,151.0,,,,,,,,0.01,0.02,0.03,1.52,0.0,0.0,1.45,0.29,4.05,29,0.0,0.0,0.0,0.0,0.0,0.0,0.0,0.0,0.0,0.0,0.0,0.0,0.0,0.0,0.0,223.0,592.0,0.0,0.0,0.0,0.0,0.0,0.0,0.0,0.0,0.0,0.0,0.0,0.0,0.0
11,Benjamin,White,White,i,Knock - Unknown return date,,5.1,227,30.0,0.5,265,98.0,0.0,760.0,258.0,0,0,0.0,-4,4.0,6,513,0.0,5.9,0.0,0.0,4.3,44.0,17.0,0.0,0.0,347.0,132.0,276.0,84.0,329.0,108.0,351.0,119.0,,,,,,,,0.09,0.11,0.2,1.35,0.0,0.66,0.88,1.1,7.92,29,0.0,0.0,0.0,0.0,0.0,0.0,0.0,0.0,0.0,0.0,0.0,0.0,0.0,0.0,0.0,12.0,1367.0,0.0,0.0,0.0,0.0,0.0,0.0,0.0,0.0,0.0,0.0,0.0,0.0,0.0
13,Brayden,Clarke,Clarke,a,,,3.8,811,258.0,0.4,271,101.0,0.0,409.0,157.0,0,0,0.0,-2,2.0,31,99,0.0,0.0,1.0,1.0,0.0,534.0,196.0,,,524.0,196.0,510.0,196.0,480.0,191.0,526.0,196.0,,,,,,,,0.0,0.0,0.0,0.0,0.0,0.0,0.0,0.0,0.0,29,0.0,0.0,0.0,0.0,0.0,0.0,0.0,0.0,0.0,0.0,0.0,0.0,0.0,0.0,0.0,69.0,252.0,0.0,0.0,0.0,0.0,0.0,0.0,0.0,0.0,0.0,0.0,0.0,0.0,0.0
14,Maldini,Kacurri,Kacurri,u,has joined Morecambe on loan for the rest of the season.,,3.9,782,230.0,0.1,488,175.0,0.0,450.0,172.0,0,0,0.0,-1,1.0,0,10,0.0,0.0,0.0,0.0,0.0,572.0,208.0,0.0,0.0,562.0,208.0,550.0,208.0,520.0,203.0,564.0,208.0,,,,,,,,0.0,0.0,0.0,0.0,0.0,0.0,0.0,0.0,0.0,29,0.0,0.0,0.0,0.0,0.0,0.0,0.0,0.0,0.0,0.0,0.0,0.0,0.0,0.0,0.0,0.0,18.0,0.0,0.0,0.0,0.0,0.0,0.0,0.0,0.0,0.0,0.0,0.0,0.0,0.0
15,Josh,Nichols,Nichols,a,,,3.7,817,263.0,0.2,351,129.0,0.0,388.0,137.0,0,0,0.0,-3,3.0,326,241,0.0,0.0,1.0,1.0,0.0,519.0,182.0,,,508.0,181.0,492.0,179.0,460.0,172.0,510.0,181.0,,,,,,,,0.0,0.0,0.0,0.0,0.0,0.0,0.0,0.0,0.0,29,0.0,0.0,0.0,0.0,0.0,0.0,0.0,0.0,0.0,0.0,0.0,0.0,0.0,0.0,0.0,945.0,676.0,0.0,0.0,0.0,0.0,0.0,0.0,0.0,0.0,0.0,0.0,0.0,0.0,0.0
16,Bukayo,Saka,Saka,a,,,9.8,6,4.0,8.0,47,16.0,4.8,34.0,18.0,9,0,0.0,-2,2.0,13536,1740,0.5,13.3,5.8,5.8,5.0,15.0,9.0,100.0,100.0,63.0,18.0,9.0,9.0,7.0,2.0,6.0,4.0,2.0,2.0,1.0,,,,,0.32,0.27,0.59,0.63,0.0,0.43,0.76,0.99,7.37,29,9.0,90.0,1.0,0.0,1.0,0.0,0.0,0.0,0.0,0.0,0.0,0.0,1.0,1.0,25.0,36347.0,7164.0,0.0,0.10000000000000053,0.009999999999999787,0.11000000000000121,0.7999999999999989,34.0,1.1000000000000227,27.0,6.199999999999989,1.0,2.0,1.0,4.0
17,Martin,Ødegaard,Ødegaard,d,Knee injury - 75% chance of playing,,7.8,18,13.0,1.6,154,53.0,0.8,310.0,143.0,0,0,0.0,-2,2.0,40,996,0.1,7.9,1.4,1.4,3.1,183.0,79.0,75.0,75.0,219.0,94.0,41.0,37.0,195.0,109.0,126.0,72.0,4.0,,3.0,,,,,0.08,0.24,0.32,1.08,0.0,0.34,0.93,1.09,6.81,29,0.0,0.0,0.0,0.0,0.0,0.0,0.0,0.0,0.0,0.0,0.0,0.0,0.0,0.0,0.0,87.0,2333.0,0.0,0.0,0.0,0.0,0.0,0.0,0.0,0.0,0.0,0.0,0.0,0.0,0.0
18,Noni,Madueke,Madueke,a,,,6.8,44,28.0,1.0,189,67.0,2.5,144.0,64.0,0,0,0.0,-2,2.0,235,2888,0.4,7.5,3.5,3.5,2.7,243.0,103.0,100.0,100.0,278.0,118.0,132.0,91.0,86.0,54.0,164.0,86.0,3.0,,,,,,,0.1,0.21,0.31,0.94,0.0,0.54,0.76,1.19,4.99,29,0.0,0.0,0.0,0.0,0.0,0.0,0.0,0.0,0.0,0.0,0.0,0.0,0.0,0.0,0.0,776.0,11805.0,0.0,0.0,0.0,0.0,0.0,0.0,0.0,0.0,0.0,0.0,0.0,0.0,0.0
19,Gabriel,Martinelli Silva,Martinelli,a,,,6.8,46,29.0,0.9,199,69.0,1.7,207.0,89.0,1,0,0.0,-2,2.0,249,638,0.3,6.3,2.7,2.7,1.8,380.0,163.0,100.0,100.0,309.0,140.0,220.0,142.0,73.0,42.0,211.0,105.0,,,,,,,,0.39,0.1,0.49,0.82,0.0,0.22,0.56,1.0,6.89,29,1.0,59.0,0.0,0.0,0.0,0.0,0.0,0.0,0.0,0.0,0.0,0.0,1.0,0.0,0.0,749.0,2563.0,0.0,0.06000000000000005,0.0,0.05999999999999961,0.4900000000000002,0.0,0.30000000000001137,4.0,0.19999999999999574,0.0,1.0,2.0,3.0
20,Leandro,Trossard,Trossard,a,,,6.7,48,30.0,1.0,190,68.0,2.2,171.0,72.0,1,0,0.0,-3,3.0,667,2194,0.3,14.8,3.2,3.2,3.8,92.0,45.0,100.0,100.0,116.0,39.0,37.0,34.0,36.0,20.0,38.0,28.0,,,4.0,,,,,0.27,0.15,0.42,0.63,0.0,0.43,0.75,0.97,6.18,29,1.0,30.0,0.0,0.0,0.0,0.0,0.0,0.0,0.0,0.0,0.0,0.0,0.0,0.0,351.0,2937.0,6852.0,0.0,0.13999999999999968,0.07000000000000028,0.20999999999999996,0.3099999999999987,5.599999999999966,14.800000000000011,6.0,2.5999999999999943,1.0,1.0,2.0,4.0
21,Declan,Rice,Rice,a,,,7.5,21,14.0,30.1,12,3.0,5.2,22.0,10.0,3,0,0.0,10,-10.0,10214,39539,0.7,21.3,6.2,4.7,5.5,8.0,5.0,100.0,75.0,10.0,3.0,3.0,3.0,93.0,59.0,10.0,7.0,1.0,1.0,,,,,,0.11,0.23,0.34,0.64,0.0,0.47,0.76,1.01,11.17,29,3.0,90.0,0.0,0.0,1.0,0.0,0.0,0.0,0.0,0.0,0.0,0.0,1.0,0.0,19.0,19216.0,272328.0,0.0,0.0,0.07000000000000028,0.06999999999999851,0.8000000000000007,25.800000000000068,27.0,0.0,5.300000000000011,1.0,6.0,4.0,11.0
28,Ismeal,Kabia,Kabia,u,has joined Shrewsbury Town on loan for the rest of the season.,,4.5,483,296.0,0.1,483,170.0,0.0,666.0,261.0,0,0,0.0,0,0.0,0,4,0.0,0.0,0.0,0.0,0.0,734.0,305.0,0.0,0.0,732.0,303.0,726.0,303.0,713.0,299.0,732.0,303.0,,,,,,,,0.0,0.0,0.0,0.0,0.0,0.0,0.0,0.0,0.0,29,0.0,0.0,0.0,0.0,0.0,0.0,0.0,0.0,0.0,0.0,0.0,0.0,0.0,0.0,0.0,0.0,7.0,0.0,0.0,0.0,0.0,0.0,0.0,0.0,0.0,0.0,0.0,0.0,0.0,0.0
29,Albert,Sambi Lokonga,Sambi,u,has joined Hamburger permanently.,,4.5,429,256.0,0.0,584,219.0,0.0,623.0,224.0,0,0,0.0,0,0.0,0,7,0.0,0.0,0.0,0.0,0.0,699.0,275.0,0.0,0.0,693.0,269.0,689.0,272.0,672.0,265.0,695.0,271.0,,,,,,,,0.0,0.0,0.0,0.0,0.0,0.0,0.0,0.0,0.0,29,0.0,0.0,0.0,0.0,0.0,0.0,0.0,0.0,0.0,0.0,0.0,0.0,0.0,0.0,0.0,0.0,8.0,0.0,0.0,0.0,0.0,0.0,0.0,0.0,0.0,0.0,0.0,0.0,0.0,0.0
30,Kai,Havertz,Havertz,a,,,7.3,25,10.0,0.5,263,41.0,1.2,266.0,32.0,1,0,0.0,-2,2.0,136,826,0.2,1.4,2.2,1.7,2.0,341.0,39.0,100.0,75.0,426.0,50.0,372.0,49.0,330.0,51.0,412.0,52.0,,,,,,,,0.14,0.03,0.17,0.66,0.0,0.9,0.0,0.9,6.27,29,1.0,31.0,0.0,0.0,0.0,0.0,0.0,0.0,0.0,0.0,0.0,0.0,0.0,0.0,6.0,419.0,3260.0,0.0,0.1,0.0,0.09999999999999998,0.31000000000000005,3.3999999999999986,0.6999999999999957,23.0,2.6999999999999993,0.0,0.0,2.0,2.0
31,Gabriel,Fernando de Jesus,G.Jesus,a,,,6.4,56,20.0,0.4,277,44.0,0.2,384.0,49.0,0,0,0.0,-1,1.0,223,1599,0.0,2.7,1.2,1.2,1.5,417.0,51.0,100.0,100.0,356.0,36.0,385.0,50.0,121.0,29.0,321.0,37.0,,,,,,,,0.52,0.06,0.58,1.05,0.0,0.0,1.78,0.59,7.7,29,0.0,0.0,0.0,0.0,0.0,0.0,0.0,0.0,0.0,0.0,0.0,0.0,0.0,0.0,0.0,476.0,4376.0,0.0,0.0,0.0,0.0,0.0,0.0,0.0,0.0,0.0,0.0,0.0,0.0,0.0
266,Eberechi,Eze,Eze,a,,,7.2,32,18.0,8.1,44,15.0,3.7,75.0,33.0,3,0,0.0,-3,3.0,4243,3217,0.5,12.6,4.7,4.7,3.6,114.0,52.0,,,161.0,59.0,152.0,103.0,60.0,37.0,104.0,61.0,,,,,,,,0.24,0.13,0.37,0.59,0.0,0.45,0.64,1.03,5.83,29,3.0,90.0,0.0,0.0,1.0,0.0,0.0,0.0,0.0,0.0,0.0,0.0,1.0,0.0,11.0,17583.0,6869.0,0.0,0.0,0.020000000000000018,0.020000000000000462,0.8000000000000007,5.199999999999989,4.799999999999983,0.0,1.0,1.0,1.0,4.0,6.0
662,Cristhian,Mosquera,Mosquera,a,,,5.3,201,25.0,0.1,427,158.0,1.7,206.0,77.0,5,0,0.0,-2,2.0,109,44,0.3,5.1,2.7,2.7,2.1,321.0,118.0,100.0,100.0,313.0,120.0,361.0,128.0,417.0,156.0,375.0,131.0,,,,,,,,0.0,0.07,0.07,0.77,0.0,0.29,0.73,0.88,9.37,29,5.0,63.0,0.0,0.0,1.0,0.0,0.0,0.0,0.0,1.0,0.0,0.0,1.0,0.0,24.0,180.0,113.0,0.0,0.0,0.0,0.0,0.6200000000000001,15.200000000000017,0.30000000000000426,0.0,1.5999999999999979,1.0,8.0,1.0,9.0
666,Viktor,Gyökeres,Gyökeres,a,,,8.8,8,4.0,12.2,27,5.0,5.2,23.0,3.0,1,0,0.0,-2,2.0,9006,17234,0.6,10.7,6.2,6.2,3.4,141.0,13.0,100.0,100.0,138.0,12.0,160.0,12.0,20.0,12.0,55.0,11.0,,,2.0,,,,,0.4,0.09,0.49,0.66,0.0,0.48,0.53,1.11,3.44,29,1.0,58.0,0.0,0.0,0.0,0.0,0.0,0.0,0.0,0.0,0.0,0.0,1.0,0.0,348.0,34468.0,39272.0,0.0,0.0,0.020000000000000018,0.019999999999999574,0.4900000000000002,0.0,11.900000000000006,6.0,1.7000000000000028,0.0,0.0,4.0,4.0
725,Piero,Hincapié,Hincapie,a,,,5.1,237,34.0,0.8,207,78.0,4.8,28.0,10.0,9,0,0.0,-4,4.0,2662,588,0.9,13.7,5.8,5.8,3.5,120.0,44.0,100.0,100.0,148.0,64.0,195.0,49.0,320.0,101.0,222.0,76.0,,,,,,,,0.02,0.08,0.1,0.86,0.0,0.24,0.97,1.03,8.44,29,9.0,90.0,0.0,0.0,1.0,0.0,0.0,0.0,0.0,0.0,0.0,0.0,1.0,1.0,25.0,6392.0,2613.0,0.0,0.0,0.0,0.0,0.7999999999999989,26.399999999999977,0.6999999999999886,0.0,2.6999999999999957,3.0,13.0,4.0,16.0
32,Emiliano,Martínez Romero,Martinez,a,,,5.1,224,7.0,4.5,80,14.0,3.8,67.0,7.0,1,0,0.0,1,-1.0,1809,6169,0.7,19.0,3.3,3.3,3.9,74.0,7.0,100.0,100.0,45.0,11.0,408.0,5.0,790.0,90.0,212.0,11.0,,,,,,,,0.0,0.0,0.0,1.39,2.94,0.24,1.06,1.02,0.0,29,1.0,90.0,0.0,0.0,0.0,4.0,0.0,0.0,0.0,0.0,0.0,4.0,1.0,0.0,10.0,3344.0,20019.0,0.0,0.0,0.009999999999999995,0.009999999999999995,3.919999999999998,37.60000000000002,10.0,0.0,4.799999999999997,0.0,2.0,11.0,0.0
33,Marco,Bizot,M.Bizot,a,,,4.2,626,32.0,0.4,284,37.0,0.0,528.0,82.0,0,0,0.0,-3,3.0,19,66,0.0,2.6,-0.5,-0.5,2.2,305.0,28.0,100.0,100.0,369.0,28.0,621.0,77.0,595.0,64.0,421.0,28.0,,,,,,,,0.0,0.0,0.0,1.9,2.89,0.22,1.78,0.89,0.0,29,0.0,0.0,0.0,0.0,0.0,0.0,0.0,0.0,0.0,0.0,0.0,0.0,0.0,0.0,0.0,38.0,160.0,0.0,0.0,0.0,0.0,0.0,0.0,0.0,0.0,0.0,0.0,0.0,0.0,0.0
34,Joe,Gauci,Gauci,u,Has joined Port Vale on loan for the rest of the season.,,4.0,685,53.0,0.1,493,74.0,0.0,475.0,66.0,0,0,0.0,0,0.0,0,21,0.0,0.0,0.0,0.0,0.0,594.0,73.0,0.0,0.0,584.0,73.0,575.0,60.0,546.0,47.0,586.0,73.0,,,,,,,,0.0,0.0,0.0,0.0,0.0,0.0,0.0,0.0,0.0,29,0.0,0.0,0.0,0.0,0.0,0.0,0.0,0.0,0.0,0.0,0.0,0.0,0.0,0.0,0.0,0.0,34.0,0.0,0.0,0.0,0.0,0.0,0.0,0.0,0.0,0.0,0.0,0.0,0.0,0.0
35,Filip,Marschall,Marschall,u,Has joined Stevenage permanently.,,4.0,684,52.0,0.0,751,85.0,0.0,474.0,65.0,0,0,0.0,0,0.0,0,1,0.0,0.0,0.0,0.0,0.0,593.0,72.0,0.0,0.0,583.0,72.0,574.0,59.0,545.0,46.0,585.0,72.0,,,,,,,,0.0,0.0,0.0,0.0,0.0,0.0,0.0,0.0,0.0,29,0.0,0.0,0.0,0.0,0.0,0.0,0.0,0.0,0.0,0.0,0.0,0.0,0.0,0.0,0.0,0.0,4.0,0.0,0.0,0.0,0.0,0.0,0.0,0.0,0.0,0.0,0.0,0.0,0.0,0.0
36,Matty,Cash,Cash,d,Calf injury - 75% chance of playing,,4.8,355,58.0,10.0,32,11.0,0.6,321.0,112.0,-1,0,0.0,3,-3.0,1802,21789,0.1,20.8,0.1,0.1,3.7,98.0,34.0,75.0,100.0,60.0,28.0,45.0,4.0,145.0,28.0,62.0,9.0,5.0,,,,,,,0.04,0.09,0.13,1.39,0.0,0.27,1.03,1.03,5.74,29,100.0,45.0,0.0,0.0,0.0,2.0,0.0,0.0,0.0,1.0,0.0,0.0,1.0,0.0,379.0,5081.0,68487.0,0.0,0.0,0.0,0.0,2.240000000000002,1.7999999999999545,0.5,0.0,0.20000000000000284,0.0,1.0,2.0,1.0
37,Lucas,Digne,Digne,a,,,4.5,408,73.0,1.5,161,62.0,1.2,250.0,95.0,0,0,0.0,0,0.0,293,1156,0.3,16.4,0.7,0.7,3.1,171.0,67.0,100.0,100.0,203.0,80.0,92.0,20.0,230.0,60.0,173.0,59.0,,2.0,,,,,,0.04,0.15,0.19,1.35,0.0,0.39,0.91,1.04,5.16,29,0.0,0.0,0.0,0.0,0.0,0.0,0.0,0.0,0.0,0.0,0.0,0.0,0.0,0.0,0.0,729.0,3445.0,0.0,0.0,0.0,0.0,0.0,0.0,0.0,0.0,0.0,0.0,0.0,0.0,0.0
38,Ezri,Konsa Ngoyo,Konsa,a,,,4.4,526,105.0,8.0,46,17.0,3.2,100.0,34.0,0,0,0.0,-1,1.0,1554,5884,0.7,20.0,2.7,2.7,3.1,168.0,65.0,100.0,100.0,71.0,31.0,282.0,88.0,238.0,64.0,172.0,58.0,,,,,,,,0.04,0.02,0.06,1.48,0.0,0.29,1.19,1.01,6.02,29,0.0,90.0,0.0,0.0,0.0,4.0,0.0,0.0,0.0,0.0,0.0,0.0,1.0,0.0,433.0,4805.0,18600.0,0.0,0.0,0.0,0.0,3.9200000000000017,17.0,0.7999999999999972,0.0,1.7999999999999972,0.0,5.0,2.0,5.0
39,Ian,Maatsen,Maatsen,a,,,4.2,635,147.0,0.6,228,87.0,2.4,146.0,52.0,0,0,0.0,-3,3.0,314,625,0.6,9.3,1.9,1.9,1.7,383.0,142.0,,,220.0,87.0,97.0,22.0,150.0,30.0,149.0,50.0,,,,,,,,0.08,0.13,0.21,1.61,0.0,0.14,1.45,0.94,7.31,29,0.0,90.0,0.0,0.0,0.0,4.0,0.0,0.0,0.0,0.0,0.0,0.0,1.0,0.0,1.0,709.0,2059.0,0.0,0.0,0.020000000000000018,0.020000000000000018,3.919999999999998,18.0,12.699999999999989,2.0,3.299999999999997,2.0,7.0,3.0,9.0
40,Tyrone,Mings,Mings,a,,,4.3,579,126.0,0.7,221,84.0,3.2,99.0,33.0,0,0,0.0,-2,2.0,321,515,0.7,9.5,2.7,2.7,3.4,130.0,48.0,100.0,100.0,266.0,107.0,307.0,102.0,315.0,98.0,324.0,109.0,,,,,,,,0.07,0.04,0.11,1.73,0.0,0.31,1.24,1.03,7.12,29,0.0,90.0,0.0,0.0,0.0,4.0,0.0,0.0,0.0,0.0,0.0,0.0,1.0,0.0,0.0,808.0,1926.0,0.0,0.0,0.019999999999999962,0.020000000000000018,3.919999999999998,14.799999999999983,1.9000000000000057,0.0,1.6999999999999993,1.0,3.0,3.0,4.0
41,Pau,Torres,Pau,a,,,4.3,587,131.0,0.3,314,115.0,0.2,366.0,132.0,0,0,0.0,-2,2.0,47,168,0.0,11.6,-0.3,-0.3,3.1,167.0,64.0,100.0,100.0,226.0,88.0,360.0,127.0,316.0,99.0,313.0,107.0,,,,,,,,0.04,0.02,0.06,1.25,0.0,0.28,1.04,0.97,6.53,29,0.0,0.0,0.0,0.0,0.0,0.0,0.0,0.0,0.0,0.0,0.0,0.0,0.0,0.0,0.0,123.0,515.0,0.0,0.0,0.0,0.0,0.0,0.0,0.0,0.0,0.0,0.0,0.0,0.0,0.0
42,Andrés,García,A.García,a,,,3.9,783,231.0,0.2,373,137.0,0.2,361.0,128.0,0,0,0.0,-1,1.0,66,61,0.1,0.5,-0.3,-0.3,0.7,513.0,177.0,100.0,100.0,500.0,177.0,459.0,168.0,521.0,204.0,502.0,177.0,,,,,,,,0.0,0.03,0.03,4.15,0.0,0.0,5.45,0.0,0.0,29,0.0,0.0,0.0,0.0,0.0,0.0,0.0,0.0,0.0,0.0,0.0,0.0,0.0,0.0,0.0,162.0,145.0,0.0,0.0,0.0,0.0,0.0,0.0,0.0,0.0,0.0,0.0,0.0,0.0,0.0
43,Álex,Moreno Lopera,Alex Moreno,u,Has joined Girona permanently.,,4.0,663,161.0,1.6,156,61.0,0.0,455.0,174.0,0,0,0.0,0,0.0,0,177,0.0,0.0,0.0,0.0,0.0,577.0,210.0,0.0,0.0,567.0,210.0,556.0,210.0,527.0,206.0,569.0,210.0,,,,,,,,0.0,0.0,0.0,0.0,0.0,0.0,0.0,0.0,0.0,29,0.0,0.0,0.0,0.0,0.0,0.0,0.0,0.0,0.0,0.0,0.0,0.0,0.0,0.0,0.0,0.0,439.0,0.0,0.0,0.0,0.0,0.0,0.0,0.0,0.0,0.0,0.0,0.0,0.0,0.0
44,Lamare,Bogarde,Bogarde,a,,,4.0,704,183.0,0.5,248,94.0,1.8,190.0,69.0,0,0,0.0,0,0.0,185,256,0.4,8.2,1.3,1.3,1.4,418.0,150.0,100.0,100.0,366.0,140.0,347.0,119.0,404.0,148.0,389.0,140.0,,,,,,,,0.0,0.02,0.02,1.42,0.0,0.25,1.27,0.89,5.09,29,0.0,45.0,0.0,0.0,0.0,2.0,0.0,0.0,0.0,0.0,0.0,0.0,0.0,0.0,105.0,527.0,811.0,0.0,0.0,0.0,0.0,1.6899999999999995,3.0,1.0999999999999943,0.0,0.40000000000000036,1.0,0.0,3.0,1.0
45,Lino,da Cruz Sousa,Sousa,u,has joined Rotherham on loan for the rest of the season.,,3.8,801,248.0,0.3,334,121.0,0.0,401.0,149.0,0,0,0.0,-2,2.0,0,140,0.0,0.0,0.0,0.0,0.0,529.0,191.0,0.0,0.0,519.0,191.0,503.0,189.0,472.0,183.0,521.0,191.0,,,,,,,,0.0,0.0,0.0,0.0,0.0,0.0,0.0,0.0,0.0,29,0.0,0.0,0.0,0.0,0.0,0.0,0.0,0.0,0.0,0.0,0.0,0.0,0.0,0.0,0.0,0.0,306.0,0.0,0.0,0.0,0.0,0.0,0.0,0.0,0.0,0.0,0.0,0.0,0.0,0.0
46,Yasin,Özcan,Yasin,u,has joined Anderlecht on loan for the rest of the season.,,4.0,720,196.0,0.1,461,170.0,0.0,506.0,204.0,0,0,0.0,0,0.0,0,8,0.0,0.0,0.0,0.0,0.0,621.0,235.0,0.0,0.0,611.0,235.0,603.0,235.0,575.0,232.0,613.0,235.0,,,,,,,,0.0,0.0,0.0,0.0,0.0,0.0,0.0,0.0,0.0,29,0.0,0.0,0.0,0.0,0.0,0.0,0.0,0.0,0.0,0.0,0.0,0.0,0.0,0.0,0.0,0.0,21.0,0.0,0.0,0.0,0.0,0.0,0.0,0.0,0.0,0.0,0.0,0.0,0.0,0.0
47,Morgan,Rogers,Rogers,a,,,7.5,23,15.0,27.2,14,4.0,3.4,96.0,44.0,1,-1,1.0,5,-5.0,6847,68786,0.5,17.3,2.9,2.9,4.5,37.0,17.0,100.0,100.0,39.0,11.0,25.0,24.0,10.0,4.0,11.0,8.0,,1.0,,,,,,0.18,0.11,0.29,1.46,0.0,0.28,1.18,1.01,6.19,29,1.0,90.0,0.0,0.0,0.0,4.0,0.0,0.0,0.0,1.0,0.0,0.0,1.0,0.0,1.0,18541.0,271003.0,0.0,0.1299999999999999,0.010000000000000231,0.14000000000000057,3.9199999999999946,4.0,2.5,25.0,3.1999999999999886,0.0,1.0,6.0,7.0
48,Youri,Tielemans,Tielemans,i,Ankle injury - Expected back 11 Apr,,5.9,93,59.0,0.6,230,79.0,0.0,796.0,353.0,0,0,0.0,-1,1.0,8,276,0.0,8.8,0.0,0.0,3.1,180.0,77.0,0.0,0.0,179.0,71.0,53.0,44.0,192.0,107.0,116.0,65.0,3.0,,,,,,,0.07,0.18,0.25,1.6,0.0,0.28,1.18,1.04,9.59,29,0.0,0.0,0.0,0.0,0.0,0.0,0.0,0.0,0.0,0.0,0.0,0.0,0.0,0.0,0.0,13.0,653.0,0.0,0.0,0.0,0.0,0.0,0.0,0.0,0.0,0.0,0.0,0.0,0.0,0.0
49,Leon,Bailey,Bailey,a,,,5.5,141,87.0,0.1,481,168.0,1.8,201.0,86.0,5,0,0.0,0,0.0,156,63,0.3,2.0,1.3,1.3,1.6,400.0,174.0,100.0,100.0,410.0,180.0,248.0,153.0,336.0,175.0,370.0,176.0,2.0,,,,,,,0.09,0.28,0.37,1.48,0.0,0.0,1.91,0.64,8.94,29,5.0,62.0,0.0,1.0,0.0,3.0,0.0,0.0,0.0,0.0,0.0,0.0,1.0,0.0,18.0,243.0,271.0,0.0,0.0,0.26,0.2599999999999999,2.4499999999999997,21.6,10.700000000000003,2.0,3.400000000000002,1.0,2.0,1.0,4.0
50,Emiliano,Buendía Stati,Buendía,a,,,5.3,188,116.0,0.5,264,92.0,1.2,257.0,111.0,2,0,0.0,-2,2.0,149,1007,0.2,14.9,0.7,0.7,2.9,202.0,84.0,100.0,100.0,165.0,62.0,94.0,71.0,78.0,47.0,96.0,57.0,,6.0,2.0,,,,,0.18,0.11,0.29,1.44,0.0,0.2,1.06,1.13,9.63,29,2.0,62.0,0.0,0.0,0.0,3.0,0.0,0.0,0.0,0.0,0.0,0.0,1.0,0.0,13.0,412.0,5031.0,0.0,0.0,0.18999999999999995,0.1899999999999995,2.450000000000003,6.800000000000011,14.300000000000011,0.0,2.0999999999999943,2.0,1.0,2.0,5.0
51,Samuel,Iling-Junior,Iling Jr,u,has joined Pisa on loan for the rest of the season.,,5.5,149,93.0,0.0,684,278.0,0.0,792.0,351.0,0,0,0.0,0,0.0,0,1,0.0,0.0,0.0,0.0,0.0,808.0,360.0,0.0,0.0,807.0,359.0,806.0,359.0,804.0,358.0,807.0,359.0,,,,,,,,0.0,0.0,0.0,0.0,0.0,0.0,0.0,0.0,0.0,29,0.0,0.0,0.0,0.0,0.0,0.0,0.0,0.0,0.0,0.0,0.0,0.0,0.0,0.0,0.0,0.0,4.0,0.0,0.0,0.0,0.0,0.0,0.0,0.0,0.0,0.0,0.0,0.0,0.0,0.0
53,Donyell,Malen,Malen,u,has joined Roma on loan for the rest of the season.,,5.1,228,140.0,0.4,276,97.0,0.0,761.0,329.0,0,0,0.0,-4,4.0,0,146,0.0,10.8,0.0,0.0,2.6,256.0,108.0,0.0,0.0,276.0,116.0,263.0,161.0,84.0,53.0,224.0,109.0,,,,,,,,0.57,0.05,0.62,1.49,0.0,0.14,1.41,0.7,2.25,29,0.0,0.0,0.0,0.0,0.0,0.0,0.0,0.0,0.0,0.0,0.0,0.0,0.0,0.0,0.0,0.0,334.0,0.0,0.0,0.0,0.0,0.0,0.0,0.0,0.0,0.0,0.0,0.0,0.0,0.0
54,John,McGinn,McGinn,i,Knee injury - Expected back 21 Mar,,5.4,157,97.0,0.5,261,91.0,0.0,777.0,339.0,0,0,0.0,-1,1.0,5,318,0.0,13.1,0.0,0.0,3.2,161.0,71.0,0.0,0.0,184.0,75.0,60.0,49.0,139.0,79.0,108.0,63.0,,,,,,,,0.14,0.11,0.25,1.5,0.0,0.4,1.19,1.19,7.13,29,0.0,0.0,0.0,0.0,0.0,0.0,0.0,0.0,0.0,0.0,0.0,0.0,0.0,0.0,0.0,9.0,860.0,0.0,0.0,0.0,0.0,0.0,0.0,0.0,0.0,0.0,0.0,0.0,0.0,0.0
55,Ross,Barkley,Barkley,a,,,4.8,351,219.0,0.0,612,236.0,1.0,271.0,120.0,1,0,0.0,-2,2.0,38,22,0.2,4.2,0.5,0.5,1.7,387.0,166.0,100.0,100.0,375.0,167.0,280.0,166.0,297.0,160.0,356.0,173.0,,,,,,,,0.21,0.26,0.47,1.93,0.0,0.0,1.11,0.0,10.37,29,1.0,27.0,0.0,0.0,0.0,1.0,0.0,0.0,0.0,0.0,0.0,0.0,0.0,0.0,9.0,75.0,54.0,0.0,0.010000000000000009,0.32999999999999996,0.33999999999999997,1.48,6.599999999999994,16.80000000000001,2.0,2.5,1.0,0.0,1.0,2.0
56,Enzo,Barrenechea,Barrenechea,u,Season-long loan to Benfica,,5.0,269,164.0,0.0,819,367.0,0.0,751.0,322.0,0,0,0.0,0,0.0,0,0,0.0,0.0,0.0,0.0,0.0,790.0,347.0,0.0,0.0,789.0,346.0,787.0,346.0,783.0,344.0,789.0,346.0,,,,,,,,0.0,0.0,0.0,0.0,0.0,0.0,0.0,0.0,0.0,29,0.0,0.0,0.0,0.0,0.0,0.0,0.0,0.0,0.0,0.0,0.0,0.0,0.0,0.0,0.0,0.0,0.0,0.0,0.0,0.0,0.0,0.0,0.0,0.0,0.0,0.0,0.0,0.0,0.0,0.0
57,Lewis,Dobbin,Dobbin,u,Has joined Preston North End on loan for the rest of the season.,,5.0,261,160.0,0.0,663,268.0,0.0,747.0,319.0,0,0,0.0,0,0.0,0,2,0.0,0.0,0.0,0.0,0.0,786.0,344.0,0.0,0.0,785.0,343.0,782.0,343.0,779.0,341.0,785.0,343.0,,,,,,,,0.0,0.0,0.0,0.0,0.0,0.0,0.0,0.0,0.0,29,0.0,0.0,0.0,0.0,0.0,0.0,0.0,0.0,0.0,0.0,0.0,0.0,0.0,0.0,0.0,0.0,2.0,0.0,0.0,0.0,0.0,0.0,0.0,0.0,0.0,0.0,0.0,0.0,0.0,0.0
58,Boubacar,Kamara,Kamara,i,Knee injury - Expected back 01 Jun,,4.9,314,195.0,0.2,385,127.0,0.0,724.0,303.0,0,0,0.0,-1,1.0,7,133,0.0,12.4,0.0,0.0,3.4,133.0,57.0,0.0,0.0,176.0,69.0,133.0,92.0,287.0,156.0,196.0,99.0,,,,,,,,0.03,0.05,0.08,1.33,0.0,0.32,0.96,1.09,9.51,29,0.0,0.0,0.0,0.0,0.0,0.0,0.0,0.0,0.0,0.0,0.0,0.0,0.0,0.0,0.0,12.0,469.0,0.0,0.0,0.0,0.0,0.0,0.0,0.0,0.0,0.0,0.0,0.0,0.0,0.0
59,Amadou,Onana,Onana,a,,,4.8,367,229.0,0.7,216,75.0,2.6,133.0,58.0,2,0,0.0,-2,2.0,384,459,0.5,13.3,2.1,2.1,3.2,154.0,66.0,100.0,100.0,171.0,67.0,286.0,168.0,216.0,120.0,232.0,114.0,,,,,,,,0.07,0.02,0.09,1.55,0.0,0.33,1.24,1.11,11.17,29,2.0,90.0,0.0,0.0,0.0,4.0,0.0,0.0,0.0,0.0,0.0,0.0,1.0,0.0,9.0,882.0,1787.0,0.0,0.0,0.009999999999999953,0.010000000000000009,3.9200000000000017,6.0,1.2999999999999972,2.0,0.9000000000000057,1.0,1.0,1.0,3.0
60,Ben,Broggio,Broggio,u,has joined Falkirk on loan for the rest of the season.,,4.4,565,338.0,0.3,339,115.0,0.0,601.0,213.0,0,0,0.0,-1,1.0,0,87,0.0,0.0,0.0,0.0,0.0,684.0,267.0,0.0,0.0,677.0,260.0,672.0,264.0,652.0,255.0,679.0,262.0,,,,,,,,0.0,0.0,0.0,0.0,0.0,0.0,0.0,0.0,0.0,29,0.0,0.0,0.0,0.0,0.0,0.0,0.0,0.0,0.0,0.0,0.0,0.0,0.0,0.0,0.0,0.0,219.0,0.0,0.0,0.0,0.0,0.0,0.0,0.0,0.0,0.0,0.0,0.0,0.0,0.0
61,Leander,Dendoncker,Dendoncker,u,Has joined Real Oviedo permanently.,,4.5,410,250.0,0.1,532,194.0,0.0,611.0,218.0,0,0,0.0,0,0.0,0,5,0.0,0.0,0.0,0.0,0.0,691.0,270.0,0.0,0.0,685.0,264.0,679.0,267.0,660.0,259.0,687.0,266.0,,,,,,,,0.0,0.0,0.0,0.0,0.0,0.0,0.0,0.0,0.0,29,0.0,0.0,0.0,0.0,0.0,0.0,0.0,0.0,0.0,0.0,0.0,0.0,0.0,0.0,0.0,0.0,14.0,0.0,0.0,0.0,0.0,0.0,0.0,0.0,0.0,0.0,0.0,0.0,0.0,0.0
62,Jamaldeen,Jimoh-Aloba,Jimoh-Aloba,u,has joined West Brom on loan for the rest of the season.,,4.5,470,287.0,0.1,558,204.0,0.0,654.0,252.0,0,0,0.0,0,0.0,0,38,0.0,0.2,0.0,0.0,1.0,480.0,216.0,0.0,0.0,506.0,231.0,481.0,234.0,703.0,292.0,508.0,233.0,,,,,,,,0.0,0.0,0.0,6.86,0.0,0.0,0.0,0.0,11.25,29,0.0,0.0,0.0,0.0,0.0,0.0,0.0,0.0,0.0,0.0,0.0,0.0,0.0,0.0,0.0,0.0,72.0,0.0,0.0,0.0,0.0,0.0,0.0,0.0,0.0,0.0,0.0,0.0,0.0,0.0
63,Kadan,Young,Young,u,has joined Reading on loan for the rest of the season.,,4.3,607,353.0,0.5,250,87.0,0.0,560.0,188.0,0,0,0.0,-2,2.0,0,355,0.0,0.0,0.0,0.0,0.0,654.0,248.0,0.0,0.0,644.0,238.0,640.0,243.0,617.0,232.0,646.0,240.0,,,,,,,,0.0,0.0,0.0,0.0,0.0,0.0,0.0,0.0,0.0,29,0.0,0.0,0.0,0.0,0.0,0.0,0.0,0.0,0.0,0.0,0.0,0.0,0.0,0.0,0.0,0.0,1046.0,0.0,0.0,0.0,0.0,0.0,0.0,0.0,0.0,0.0,0.0,0.0,0.0,0.0
64,Ollie,Watkins,Watkins,a,,,8.5,11,5.0,8.1,45,7.0,1.8,205.0,26.0,1,-1,1.0,-5,5.0,1844,12002,0.2,11.8,1.3,1.3,3.6,115.0,9.0,100.0,100.0,130.0,11.0,144.0,10.0,5.0,4.0,30.0,6.0,,,3.0,,,,,0.42,0.04,0.46,1.47,0.0,0.34,1.22,1.05,3.1,29,1.0,71.0,0.0,0.0,0.0,4.0,0.0,0.0,0.0,1.0,0.0,0.0,1.0,0.0,4.0,4332.0,47109.0,0.0,0.1999999999999993,0.0,0.1999999999999993,3.3799999999999955,5.0,0.5999999999999943,38.0,4.399999999999977,1.0,1.0,1.0,3.0
65,Zépiqueno,Redmond,Redmond,u,has joined Huddersfield Town on loan for the rest of the season.,,4.5,480,68.0,0.3,325,55.0,0.0,663.0,68.0,0,0,0.0,0,0.0,0,25,0.0,0.0,0.0,0.0,0.0,732.0,78.0,0.0,0.0,729.0,78.0,724.0,77.0,711.0,77.0,730.0,78.0,,,,,,,,0.0,0.0,0.0,0.0,0.0,0.0,0.0,0.0,0.0,29,0.0,0.0,0.0,0.0,0.0,0.0,0.0,0.0,0.0,0.0,0.0,0.0,0.0,0.0,0.0,0.0,45.0,0.0,0.0,0.0,0.0,0.0,0.0,0.0,0.0,0.0,0.0,0.0,0.0,0.0
389,Harvey,Elliott,Elliott,i,Knock - Unknown return date,,5.1,236,144.0,0.2,398,135.0,0.0,764.0,331.0,0,0,0.0,-4,4.0,2,81,0.0,1.0,0.0,0.0,1.0,499.0,231.0,0.0,0.0,454.0,203.0,375.0,191.0,357.0,185.0,433.0,194.0,,,,,,,,0.24,0.07,0.31,1.42,0.0,0.0,1.64,0.82,4.91,29,0.0,0.0,0.0,0.0,0.0,0.0,0.0,0.0,0.0,0.0,0.0,0.0,0.0,0.0,0.0,5.0,159.0,0.0,0.0,0.0,0.0,0.0,0.0,0.0,0.0,0.0,0.0,0.0,0.0,0.0
456,Jadon,Sancho,Sancho,n,Ineligible to face his parent club on 15/3. - Expected back 22 Mar,,5.8,106,69.0,0.2,353,117.0,1.8,203.0,87.0,1,0,0.0,-2,2.0,58,561,0.3,4.5,0.0,1.3,1.4,423.0,188.0,0.0,100.0,352.0,158.0,127.0,87.0,158.0,87.0,236.0,117.0,4.0,,,,,,,0.08,0.21,0.29,1.42,0.0,0.13,0.66,0.92,4.72,29,1.0,27.0,0.0,0.0,0.0,1.0,0.0,0.0,0.0,0.0,0.0,0.0,0.0,0.0,6.0,181.0,1136.0,0.0,0.0,0.15000000000000013,0.1499999999999999,1.4800000000000004,7.0,27.399999999999977,4.0,3.799999999999997,0.0,0.0,1.0,1.0
688,James,Wright,Wright,a,,,3.9,767,83.0,0.6,235,32.0,0.0,436.0,44.0,0,0,0.0,-1,1.0,79,124,0.0,0.0,-0.5,-0.5,0.0,558.0,53.0,,,548.0,53.0,535.0,36.0,505.0,23.0,550.0,53.0,,,,,,,,0.0,0.0,0.0,0.0,0.0,0.0,0.0,0.0,0.0,29,0.0,0.0,0.0,0.0,0.0,0.0,0.0,0.0,0.0,0.0,0.0,0.0,0.0,0.0,0.0,227.0,290.0,0.0,0.0,0.0,0.0,0.0,0.0,0.0,0.0,0.0,0.0,0.0,0.0,0.0
699,Douglas Luiz,Soares de Paulo,Douglas Luiz,a,,,4.9,316,196.0,0.1,489,173.0,3.0,112.0,48.0,7,0,0.0,-1,1.0,376,94,0.6,5.7,2.5,2.5,2.0,333.0,144.0,100.0,100.0,295.0,131.0,118.0,81.0,270.0,148.0,251.0,128.0,1.0,,,,,,,0.06,0.16,0.22,1.28,0.0,0.12,1.52,1.29,10.4,29,7.0,62.0,1.0,0.0,0.0,3.0,0.0,0.0,0.0,0.0,0.0,0.0,1.0,0.0,29.0,491.0,620.0,0.0,0.14,0.020000000000000018,0.16000000000000014,2.450000000000001,34.19999999999999,3.099999999999966,17.0,5.400000000000006,0.0,1.0,4.0,5.0
701,Triston,Rowe,Rowe,u,has joined Annecy on loan for the rest of the season.,,4.0,716,192.0,0.1,534,189.0,0.0,502.0,200.0,0,0,0.0,0,0.0,0,4,0.0,0.0,0.0,0.0,0.0,618.0,232.0,0.0,0.0,608.0,232.0,600.0,232.0,572.0,229.0,610.0,232.0,,,,,,,,0.0,0.0,0.0,0.0,0.0,0.0,0.0,0.0,0.0,29,0.0,0.0,0.0,0.0,0.0,0.0,0.0,0.0,0.0,0.0,0.0,0.0,0.0,0.0,0.0,0.0,12.0,0.0,0.0,0.0,0.0,0.0,0.0,0.0,0.0,0.0,0.0,0.0,0.0,0.0
702,Bradley,Burrowes,Burrowes,a,,,4.4,572,342.0,0.1,531,193.0,0.0,607.0,216.0,0,0,0.0,-1,1.0,25,29,0.0,0.2,-0.5,-0.5,1.0,475.0,212.0,,,681.0,262.0,480.0,233.0,656.0,257.0,683.0,264.0,,,,,,,,0.0,0.0,0.0,5.06,0.0,0.0,5.62,0.0,5.62,29,0.0,0.0,0.0,0.0,0.0,0.0,0.0,0.0,0.0,0.0,0.0,0.0,0.0,0.0,0.0,40.0,60.0,0.0,0.0,0.0,0.0,0.0,0.0,0.0,0.0,0.0,0.0,0.0,0.0,0.0
703,Sam,Proctor,Proctor,a,,,3.9,778,91.0,0.6,227,30.0,0.0,446.0,51.0,0,0,0.0,-1,1.0,337,329,0.0,0.0,-0.5,-0.5,0.0,568.0,60.0,,,558.0,60.0,546.0,44.0,516.0,31.0,560.0,60.0,,,,,,,,0.0,0.0,0.0,0.0,0.0,0.0,0.0,0.0,0.0,29,0.0,0.0,0.0,0.0,0.0,0.0,0.0,0.0,0.0,0.0,0.0,0.0,0.0,0.0,0.0,1080.0,697.0,0.0,0.0,0.0,0.0,0.0,0.0,0.0,0.0,0.0,0.0,0.0,0.0,0.0
710,Travis,Patterson,Patterson,a,,,3.9,775,227.0,0.2,377,140.0,0.0,443.0,169.0,0,0,0.0,-1,1.0,22,56,0.0,0.0,-0.5,-0.5,0.0,565.0,205.0,,,555.0,205.0,543.0,205.0,513.0,200.0,557.0,205.0,,,,,,,,0.0,0.0,0.0,0.0,0.0,0.0,0.0,0.0,0.0,29,0.0,0.0,0.0,0.0,0.0,0.0,0.0,0.0,0.0,0.0,0.0,0.0,0.0,0.0,0.0,63.0,135.0,0.0,0.0,0.0,0.0,0.0,0.0,0.0,0.0,0.0,0.0,0.0,0.0,0.0
719,Victor,Lindelöf,Lindelöf,a,,,4.5,415,77.0,0.1,477,172.0,0.2,370.0,134.0,0,0,0.0,0,0.0,63,114,0.0,4.9,-0.3,-0.3,1.8,368.0,139.0,100.0,100.0,330.0,128.0,380.0,135.0,415.0,155.0,385.0,137.0,,,,,,,,0.0,0.01,0.01,1.69,0.0,0.16,1.42,0.94,5.66,29,0.0,0.0,0.0,0.0,0.0,0.0,0.0,0.0,0.0,0.0,0.0,0.0,0.0,0.0,0.0,112.0,282.0,0.0,0.0,0.0,0.0,0.0,0.0,0.0,0.0,0.0,0.0,0.0,0.0,0.0
754,George,Hemmings,George Hemmings,a,,,4.5,481,294.0,0.0,753,320.0,0.0,664.0,259.0,0,0,0.0,0,0.0,12,10,0.0,0.4,-0.5,-0.5,1.0,484.0,219.0,,,730.0,301.0,458.0,220.0,450.0,220.0,498.0,229.0,,,,,,,,0.14,0.04,0.18,2.2,0.0,0.0,0.0,0.0,3.6,29,0.0,0.0,0.0,0.0,0.0,0.0,0.0,0.0,0.0,0.0,0.0,0.0,0.0,0.0,0.0,22.0,20.0,0.0,0.0,0.0,0.0,0.0,0.0,0.0,0.0,0.0,0.0,0.0,0.0,0.0
768,Leon,Routh,Leon Routh,a,,,4.0,738,213.0,0.0,710,246.0,0.0,520.0,217.0,0,0,0.0,0,0.0,5,13,0.0,0.0,-0.5,-0.5,0.0,634.0,247.0,,,624.0,247.0,616.0,247.0,589.0,245.0,626.0,247.0,,,,,,,,0.0,0.0,0.0,0.0,0.0,0.0,0.0,0.0,0.0,29,0.0,0.0,0.0,0.0,0.0,0.0,0.0,0.0,0.0,0.0,0.0,0.0,0.0,0.0,0.0,9.0,24.0,0.0,0.0,0.0,0.0,0.0,0.0,0.0,0.0,0.0,0.0,0.0,0.0,0.0
781,TJ,Carroll,Carroll,a,,,4.0,732,207.0,0.0,729,253.0,0.0,515.0,212.0,0,0,0.0,0,0.0,16,17,0.0,0.0,-0.5,-0.5,0.0,630.0,243.0,,,620.0,243.0,612.0,243.0,584.0,240.0,622.0,243.0,,,,,,,,0.0,0.0,0.0,0.0,0.0,0.0,0.0,0.0,0.0,29,0.0,0.0,0.0,0.0,0.0,0.0,0.0,0.0,0.0,0.0,0.0,0.0,0.0,0.0,0.0,29.0,34.0,0.0,0.0,0.0,0.0,0.0,0.0,0.0,0.0,0.0,0.0,0.0,0.0,0.0
792,Alysson Edward Franco,da Rocha dos Santos,Alysson,a,,,5.0,283,176.0,0.0,803,356.0,0.6,329.0,150.0,1,0,0.0,0,0.0,8,5,0.1,0.6,0.1,0.1,1.0,496.0,228.0,100.0,100.0,483.0,221.0,449.0,216.0,410.0,202.0,477.0,219.0,,,,,,,,0.1,0.1,0.2,3.85,0.0,0.0,3.83,0.0,7.66,29,1.0,27.0,0.0,0.0,0.0,1.0,0.0,0.0,0.0,0.0,0.0,0.0,0.0,0.0,2.0,15.0,7.0,0.0,0.05,0.010000000000000002,0.060000000000000005,1.4799999999999998,0.0,2.0,4.0,0.3999999999999999,0.0,0.0,2.0,2.0
808,Tammy,Abraham,Abraham,a,,,6.0,87,27.0,0.3,310,51.0,2.2,169.0,23.0,1,0,0.0,0,0.0,413,1957,0.4,2.2,1.7,1.7,2.2,313.0,33.0,,,415.0,47.0,362.0,45.0,262.0,46.0,384.0,47.0,,,,,,,,0.74,0.06,0.8,1.19,0.0,0.0,1.11,0.56,3.33,29,1.0,18.0,0.0,0.0,0.0,0.0,0.0,0.0,0.0,0.0,0.0,0.0,0.0,0.0,1.0,987.0,6153.0,0.0,0.3500000000000001,0.0,0.34999999999999987,0.54,0.19999999999999574,1.2999999999999972,6.0,0.8000000000000007,1.0,0.0,0.0,1.0
183,Max,Weiß,Weiss,a,,,4.3,605,30.0,0.1,445,66.0,0.0,559.0,86.0,0,0,0.0,-2,2.0,31,36,0.0,0.0,-0.5,-0.5,0.0,653.0,90.0,,,643.0,90.0,639.0,82.0,616.0,71.0,645.0,90.0,,,,,,,,0.0,0.0,0.0,0.0,0.0,0.0,0.0,0.0,0.0,29,0.0,0.0,0.0,0.0,0.0,0.0,0.0,0.0,0.0,0.0,0.0,0.0,0.0,0.0,0.0,86.0,89.0,0.0,0.0,0.0,0.0,0.0,0.0,0.0,0.0,0.0,0.0,0.0,0.0,0.0
184,Etienne,Green,Green,u,has joined FC Fredericia permanently.,,4.0,691,57.0,0.2,404,59.0,0.0,480.0,70.0,0,0,0.0,0,0.0,0,16,0.0,0.0,0.0,0.0,0.0,599.0,77.0,0.0,0.0,589.0,77.0,580.0,64.0,551.0,51.0,591.0,77.0,,,,,,,,0.0,0.0,0.0,0.0,0.0,0.0,0.0,0.0,0.0,29,0.0,0.0,0.0,0.0,0.0,0.0,0.0,0.0,0.0,0.0,0.0,0.0,0.0,0.0,0.0,0.0,48.0,0.0,0.0,0.0,0.0,0.0,0.0,0.0,0.0,0.0,0.0,0.0,0.0,0.0
191,Maxime,Estève,Estève,a,,,3.9,765,223.0,7.8,49,18.0,1.4,228.0,87.0,1,0,0.0,-1,1.0,962,1823,0.4,15.4,0.9,0.9,2.3,295.0,111.0,100.0,100.0,57.0,26.0,277.0,85.0,268.0,74.0,157.0,52.0,,,,,,,,0.03,0.02,0.05,2.06,0.0,0.08,2.17,1.05,9.81,29,1.0,90.0,0.0,0.0,0.0,2.0,0.0,0.0,0.0,0.0,0.0,0.0,1.0,0.0,6.0,4378.0,8833.0,0.0,0.0,0.0,0.0,1.2999999999999972,16.399999999999977,0.9000000000000057,0.0,1.7000000000000028,0.0,8.0,4.0,8.0
192,Quilindschy,Hartman,Hartman,a,,,4.0,696,179.0,0.6,229,88.0,0.0,485.0,189.0,0,0,0.0,0,0.0,82,361,0.0,11.5,-0.5,-0.5,3.1,164.0,62.0,,,186.0,75.0,141.0,37.0,312.0,95.0,209.0,71.0,,,,,,,,0.01,0.1,0.11,2.04,0.0,0.13,1.88,1.01,7.0,29,0.0,0.0,0.0,0.0,0.0,0.0,0.0,0.0,0.0,0.0,0.0,0.0,0.0,0.0,0.0,300.0,1389.0,0.0,0.0,0.0,0.0,0.0,0.0,0.0,0.0,0.0,0.0,0.0,0.0,0.0
193,Bashir,Humphreys,Humphreys,a,,,3.9,761,221.0,0.1,428,159.0,1.4,227.0,86.0,0,0,0.0,-1,1.0,78,114,0.4,8.5,0.9,0.9,2.5,263.0,101.0,100.0,100.0,227.0,89.0,285.0,90.0,326.0,105.0,299.0,99.0,,,,,,,,0.02,0.05,0.07,1.85,0.0,0.08,2.04,0.93,8.41,29,0.0,90.0,0.0,0.0,0.0,2.0,0.0,0.0,0.0,1.0,0.0,0.0,1.0,0.0,5.0,732.0,501.0,0.0,0.0,0.010000000000000009,0.010000000000000009,1.3000000000000007,14.599999999999994,1.7999999999999972,0.0,1.6000000000000014,2.0,6.0,3.0,8.0
194,Jordan,Beyer,Jordan,i,Hamstring injury - Unknown return date,,3.9,757,218.0,0.1,560,201.0,0.0,429.0,163.0,0,0,0.0,-1,1.0,6,5,0.0,0.0,0.0,0.0,0.0,552.0,200.0,0.0,0.0,542.0,200.0,529.0,200.0,499.0,195.0,544.0,200.0,,,,,,,,0.0,0.0,0.0,0.0,0.0,0.0,0.0,0.0,0.0,29,0.0,0.0,0.0,0.0,0.0,0.0,0.0,0.0,0.0,0.0,0.0,0.0,0.0,0.0,0.0,27.0,28.0,0.0,0.0,0.0,0.0,0.0,0.0,0.0,0.0,0.0,0.0,0.0,0.0,0.0
195,Lucas,Pires Silva,Lucas Pires,a,,,3.8,810,257.0,0.3,317,117.0,0.6,311.0,107.0,1,0,0.0,-2,2.0,98,167,0.2,4.7,0.1,0.1,1.3,425.0,153.0,100.0,100.0,280.0,111.0,139.0,35.0,309.0,92.0,262.0,84.0,3.0,,,,,,,0.03,0.1,0.13,1.82,0.0,0.08,2.07,0.99,6.05,29,1.0,90.0,0.0,0.0,0.0,2.0,0.0,0.0,0.0,0.0,0.0,0.0,1.0,0.0,10.0,325.0,595.0,0.0,0.020000000000000018,0.010000000000000009,0.030000000000000027,1.2999999999999972,11.400000000000006,33.0,5.0,4.899999999999999,0.0,2.0,7.0,2.0
196,Shurandy,Sambo,Sambo,u,has joined Sparta Rotterdam on loan for the rest of the season.,,4.0,681,170.0,0.0,615,218.0,0.0,471.0,181.0,0,0,0.0,0,0.0,0,4,0.0,0.0,0.0,0.0,0.0,591.0,217.0,0.0,0.0,581.0,217.0,572.0,217.0,543.0,213.0,583.0,217.0,,,,,,,,0.0,0.0,0.0,0.0,0.0,0.0,0.0,0.0,0.0,29,0.0,0.0,0.0,0.0,0.0,0.0,0.0,0.0,0.0,0.0,0.0,0.0,0.0,0.0,0.0,0.0,9.0,0.0,0.0,0.0,0.0,0.0,0.0,0.0,0.0,0.0,0.0,0.0,0.0,0.0
197,Oliver,Sonne,Sonne,u,has joined Sparta Prague on loan for the rest of the season.,,3.8,804,251.0,0.2,374,138.0,0.0,404.0,152.0,0,0,0.0,-2,2.0,0,167,0.0,3.4,0.0,0.0,1.9,344.0,128.0,0.0,0.0,417.0,156.0,396.0,145.0,359.0,119.0,422.0,152.0,,,,,,,,0.3,0.04,0.34,2.08,0.0,0.0,2.2,0.55,3.84,29,0.0,0.0,0.0,0.0,0.0,0.0,0.0,0.0,0.0,0.0,0.0,0.0,0.0,0.0,0.0,0.0,506.0,0.0,0.0,0.0,0.0,0.0,0.0,0.0,0.0,0.0,0.0,0.0,0.0,0.0
198,Axel,Tuanzebe,Tuanzebe,d,Achilles injury - 50% chance of playing,,3.9,751,215.0,0.9,196,76.0,0.0,425.0,162.0,0,0,0.0,-1,1.0,6,300,0.0,6.9,-0.2,0.0,2.5,261.0,99.0,50.0,0.0,244.0,97.0,428.0,153.0,321.0,102.0,342.0,116.0,,,,,,,,0.06,0.01,0.07,2.41,0.0,0.1,2.13,1.06,9.38,29,0.0,0.0,0.0,0.0,0.0,0.0,0.0,0.0,0.0,0.0,0.0,0.0,0.0,0.0,0.0,29.0,1170.0,0.0,0.0,0.0,0.0,0.0,0.0,0.0,0.0,0.0,0.0,0.0,0.0,0.0
199,Joe,Worrall,Worrall,a,,,3.8,789,236.0,0.2,379,142.0,2.4,145.0,51.0,3,0,0.0,-2,2.0,510,103,0.6,5.0,1.9,1.9,1.9,342.0,126.0,100.0,100.0,318.0,123.0,460.0,169.0,387.0,138.0,386.0,138.0,,,,,,,,0.02,0.0,0.02,2.02,0.0,0.0,2.06,0.94,13.31,29,3.0,56.0,0.0,0.0,0.0,1.0,0.0,0.0,0.0,0.0,0.0,0.0,1.0,0.0,6.0,1424.0,400.0,0.0,0.0,0.0,0.0,0.8100000000000005,30.200000000000017,0.30000000000000004,2.0,3.3000000000000007,1.0,10.0,1.0,11.0
200,Jaidon,Anthony,Anthony,a,,,5.0,260,159.0,1.9,141,47.0,5.2,21.0,9.0,4,0,0.0,-5,5.0,2232,723,1.0,20.0,4.7,4.7,3.6,110.0,50.0,100.0,100.0,84.0,29.0,58.0,47.0,43.0,26.0,40.0,30.0,2.0,,,,,,,0.17,0.09,0.26,1.95,0.0,0.14,2.01,1.07,8.4,29,4.0,90.0,0.0,0.0,0.0,2.0,0.0,0.0,0.0,0.0,0.0,0.0,1.0,0.0,13.0,8567.0,2546.0,0.0,0.06000000000000005,0.020000000000000018,0.08000000000000007,1.2999999999999972,8.399999999999977,17.69999999999999,10.0,3.5999999999999943,2.0,1.0,10.0,13.0
201,Manuel,Benson Hedilazio,Benson,u,has joined Maccabi Haifa permanently.,,5.4,160,99.0,0.0,708,294.0,0.0,779.0,341.0,0,0,0.0,-1,1.0,0,0,0.0,0.0,0.0,0.0,0.0,799.0,353.0,0.0,0.0,798.0,352.0,797.0,352.0,795.0,351.0,798.0,352.0,,,,,,,,0.0,0.0,0.0,0.0,0.0,0.0,0.0,0.0,0.0,29,0.0,0.0,0.0,0.0,0.0,0.0,0.0,0.0,0.0,0.0,0.0,0.0,0.0,0.0,0.0,0.0,1.0,0.0,0.0,0.0,0.0,0.0,0.0,0.0,0.0,0.0,0.0,0.0,0.0,0.0
202,Jacob,Bruun Larsen,Bruun Larsen,a,,,5.3,187,115.0,0.0,623,243.0,0.8,302.0,139.0,0,0,0.0,-2,2.0,9,15,0.2,6.8,0.3,0.3,1.6,398.0,173.0,100.0,100.0,346.0,154.0,174.0,118.0,212.0,117.0,278.0,139.0,,2.0,3.0,,,,,0.13,0.1,0.23,2.12,0.0,0.28,2.43,0.94,5.71,29,0.0,0.0,0.0,0.0,0.0,0.0,0.0,0.0,0.0,0.0,0.0,0.0,0.0,0.0,0.0,59.0,45.0,0.0,0.0,0.0,0.0,0.0,0.0,0.0,0.0,0.0,0.0,0.0,0.0,0.0
204,Darko,Churlinov,Churlinov,u,has joined Kocaelispor  permanently.,,4.9,320,199.0,0.0,727,302.0,0.0,727.0,306.0,0,0,0.0,-1,1.0,0,1,0.0,0.0,0.0,0.0,0.0,772.0,333.0,0.0,0.0,771.0,332.0,767.0,332.0,762.0,330.0,771.0,332.0,,,,,,,,0.0,0.0,0.0,0.0,0.0,0.0,0.0,0.0,0.0,29,0.0,0.0,0.0,0.0,0.0,0.0,0.0,0.0,0.0,0.0,0.0,0.0,0.0,0.0,0.0,0.0,1.0,0.0,0.0,0.0,0.0,0.0,0.0,0.0,0.0,0.0,0.0,0.0,0.0,0.0
205,Josh,Cullen,Cullen,i,Knee injury - Expected back 30 Sep,,4.9,297,185.0,0.8,202,70.0,0.0,717.0,299.0,0,0,0.0,-1,1.0,6,304,0.0,14.3,0.0,0.0,3.9,72.0,34.0,0.0,0.0,156.0,55.0,148.0,99.0,246.0,136.0,190.0,97.0,,,,,,,,0.06,0.08,0.14,1.93,0.0,0.18,1.73,1.07,10.29,29,0.0,0.0,0.0,0.0,0.0,0.0,0.0,0.0,0.0,0.0,0.0,0.0,0.0,0.0,0.0,66.0,955.0,0.0,0.0,0.0,0.0,0.0,0.0,0.0,0.0,0.0,0.0,0.0,0.0,0.0
206,Marcus,Edwards,Edwards,d,Knock - 75% chance of playing,,4.7,380,238.0,0.1,440,149.0,1.8,195.0,83.0,0,0,0.0,-3,3.0,7,310,0.4,9.1,1.0,1.0,2.5,269.0,113.0,75.0,75.0,294.0,130.0,130.0,89.0,143.0,81.0,208.0,103.0,,3.0,,,,,,0.15,0.17,0.32,1.84,0.0,0.1,1.56,0.93,5.29,29,0.0,0.0,0.0,0.0,0.0,0.0,0.0,0.0,0.0,0.0,0.0,0.0,0.0,0.0,0.0,22.0,1303.0,0.0,0.0,0.0,0.0,0.0,0.0,0.0,0.0,0.0,0.0,0.0,0.0,0.0
207,Hannibal,Mejbri,Hannibal,a,,,4.7,389,242.0,0.2,393,132.0,5.0,24.0,11.0,2,0,0.0,-3,3.0,862,181,1.1,10.4,4.5,4.5,2.3,297.0,130.0,100.0,100.0,270.0,113.0,158.0,108.0,266.0,146.0,259.0,132.0,4.0,,,,,,,0.05,0.13,0.18,2.15,0.0,0.1,2.27,1.03,8.65,29,2.0,71.0,0.0,0.0,0.0,2.0,0.0,0.0,0.0,0.0,0.0,0.0,1.0,0.0,7.0,3297.0,418.0,0.0,0.0,0.020000000000000018,0.020000000000000018,1.2200000000000024,9.200000000000017,3.8000000000000114,4.0,1.7000000000000028,5.0,2.0,1.0,8.0
208,Luca,Koleosho,Koleosho,u,has joined Paris FC on loan for the rest of the season.,,5.0,268,163.0,0.0,736,309.0,0.0,750.0,321.0,0,0,0.0,0,0.0,0,0,0.0,0.0,0.0,0.0,0.0,789.0,346.0,0.0,0.0,788.0,345.0,786.0,345.0,782.0,343.0,788.0,345.0,,,,,,,,0.0,0.0,0.0,0.0,0.0,0.0,0.0,0.0,0.0,29,0.0,0.0,0.0,0.0,0.0,0.0,0.0,0.0,0.0,0.0,0.0,0.0,0.0,0.0,0.0,0.0,0.0,0.0,0.0,0.0,0.0,0.0,0.0,0.0,0.0,0.0,0.0,0.0,0.0,0.0
209,Josh,Laurent,Laurent,a,,,4.8,352,220.0,0.0,613,237.0,1.0,272.0,121.0,1,0,0.0,-2,2.0,12,21,0.2,10.0,0.5,0.5,1.8,372.0,159.0,,,217.0,93.0,190.0,126.0,255.0,138.0,242.0,122.0,,,,,,,,0.04,0.03,0.07,2.04,0.0,0.06,2.19,0.9,9.65,29,1.0,18.0,0.0,0.0,0.0,0.0,0.0,0.0,0.0,0.0,0.0,0.0,0.0,0.0,3.0,50.0,110.0,0.0,0.0,0.0,0.0,0.08999999999999986,1.3999999999999773,2.299999999999983,0.0,0.3999999999999986,1.0,0.0,3.0,4.0
210,Loum,Tchaouna,Tchaouna,a,,,4.9,333,207.0,0.0,627,245.0,0.8,296.0,133.0,1,0,0.0,-1,1.0,6,10,0.2,7.8,0.3,0.3,1.7,389.0,168.0,,,359.0,161.0,249.0,154.0,243.0,134.0,330.0,160.0,,4.0,,,,,,0.09,0.07,0.16,1.65,0.0,0.21,1.49,0.96,5.12,29,1.0,33.0,0.0,0.0,0.0,1.0,0.0,0.0,0.0,0.0,0.0,0.0,0.0,0.0,3.0,17.0,28.0,0.0,0.0,0.020000000000000018,0.020000000000000018,0.5,0.8000000000000114,1.2999999999999972,0.0,0.20000000000000284,0.0,0.0,0.0,0.0
211,Aaron,Ramsey,A.Ramsey,u,has joined Leicester City on loan for the rest of the season.,,4.4,541,322.0,1.4,162,56.0,0.0,584.0,200.0,0,0,0.0,-1,1.0,0,149,0.0,0.0,0.0,0.0,0.0,671.0,258.0,0.0,0.0,661.0,248.0,657.0,253.0,635.0,242.0,663.0,250.0,,,,,,,,0.0,0.0,0.0,0.0,0.0,0.0,0.0,0.0,0.0,29,0.0,0.0,0.0,0.0,0.0,0.0,0.0,0.0,0.0,0.0,0.0,0.0,0.0,0.0,0.0,0.0,362.0,0.0,0.0,0.0,0.0,0.0,0.0,0.0,0.0,0.0,0.0,0.0,0.0,0.0
212,Oluwaseun,Adewumi,Adewumi,u,Has joined Cercle Brugge on loan for the rest of the season.,,4.5,477,291.0,0.0,764,326.0,0.0,660.0,256.0,0,0,0.0,0,0.0,0,0,0.0,0.0,0.0,0.0,0.0,731.0,303.0,0.0,0.0,728.0,300.0,723.0,301.0,709.0,296.0,729.0,301.0,,,,,,,,0.0,0.0,0.0,0.0,0.0,0.0,0.0,0.0,0.0,29,0.0,0.0,0.0,0.0,0.0,0.0,0.0,0.0,0.0,0.0,0.0,0.0,0.0,0.0,0.0,0.0,0.0,0.0,0.0,0.0,0.0,0.0,0.0,0.0,0.0,0.0,0.0,0.0,0.0,0.0
213,Jaydon,Banel,Banel,u,has joined Derby County on loan for the rest of the season.,,4.5,464,283.0,0.0,617,240.0,0.0,649.0,248.0,0,0,0.0,0,0.0,0,18,0.0,0.2,0.0,0.0,1.0,478.0,214.0,0.0,0.0,718.0,293.0,475.0,228.0,698.0,288.0,719.0,294.0,,,,,,,,0.0,0.0,0.0,0.5,0.0,0.0,0.0,0.0,0.0,29,0.0,0.0,0.0,0.0,0.0,0.0,0.0,0.0,0.0,0.0,0.0,0.0,0.0,0.0,0.0,0.0,36.0,0.0,0.0,0.0,0.0,0.0,0.0,0.0,0.0,0.0,0.0,0.0,0.0,0.0
214,Mike,Trésor Ndayishimiye,Trésor,i,Ankle injury - Unknown return date,,4.4,538,321.0,0.1,569,210.0,0.0,582.0,199.0,0,0,0.0,-1,1.0,6,22,0.0,0.9,0.0,0.0,1.0,468.0,205.0,0.0,0.0,501.0,229.0,477.0,230.0,447.0,218.0,497.0,228.0,,,,,,,,0.0,0.0,0.0,2.18,0.0,0.0,4.74,0.0,9.47,29,0.0,0.0,0.0,0.0,0.0,0.0,0.0,0.0,0.0,0.0,0.0,0.0,0.0,0.0,0.0,29.0,61.0,0.0,0.0,0.0,0.0,0.0,0.0,0.0,0.0,0.0,0.0,0.0,0.0,0.0
215,Zian,Flemming,Flemming,d,Calf injury - 75% chance of playing,,5.3,194,47.0,0.4,283,45.0,3.8,70.0,9.0,0,0,0.0,-2,2.0,585,1085,0.7,11.7,2.5,3.3,3.1,176.0,16.0,75.0,100.0,198.0,17.0,297.0,33.0,68.0,24.0,174.0,23.0,,5.0,1.0,,,,,0.39,0.02,0.41,1.88,0.0,0.18,1.7,1.07,4.93,29,0.0,0.0,0.0,0.0,0.0,0.0,0.0,0.0,0.0,0.0,0.0,0.0,0.0,0.0,0.0,4722.0,2860.0,0.0,0.0,0.0,0.0,0.0,0.0,0.0,0.0,0.0,0.0,0.0,0.0,0.0
216,Zeki,Amdouni,Amdouni,i,Knee injury - Expected back 25 Apr,,4.8,369,63.0,0.0,670,85.0,0.0,710.0,75.0,0,0,0.0,-2,2.0,7,5,0.0,0.0,0.0,0.0,0.0,764.0,84.0,0.0,0.0,763.0,84.0,758.0,83.0,752.0,83.0,763.0,84.0,,,,,,,,0.0,0.0,0.0,0.0,0.0,0.0,0.0,0.0,0.0,29,0.0,0.0,0.0,0.0,0.0,0.0,0.0,0.0,0.0,0.0,0.0,0.0,0.0,0.0,0.0,24.0,40.0,0.0,0.0,0.0,0.0,0.0,0.0,0.0,0.0,0.0,0.0,0.0,0.0,0.0
217,Lyle,Foster,Foster,a,,,4.9,324,60.0,0.8,208,31.0,0.8,295.0,36.0,2,0,0.0,-1,1.0,212,361,0.2,9.8,0.3,0.3,2.3,298.0,30.0,100.0,100.0,274.0,27.0,219.0,23.0,123.0,30.0,244.0,28.0,,,,,,,,0.23,0.02,0.25,1.79,0.0,0.23,1.95,1.01,5.38,29,2.0,90.0,0.0,0.0,0.0,2.0,0.0,0.0,0.0,0.0,0.0,0.0,1.0,0.0,5.0,521.0,1293.0,0.0,0.71,0.009999999999999953,0.7200000000000002,1.3000000000000007,5.199999999999989,5.799999999999983,43.0,5.400000000000006,0.0,3.0,3.0,6.0
218,Ashley,Barnes,Barnes,a,,,4.2,623,88.0,1.4,163,25.0,0.6,313.0,41.0,1,0,0.0,-3,3.0,925,1161,0.1,1.0,0.1,0.1,1.0,461.0,56.0,,,505.0,62.0,471.0,60.0,412.0,57.0,483.0,58.0,,,2.0,,,,,0.43,0.0,0.43,3.01,0.0,0.0,7.83,0.0,7.83,29,1.0,7.0,0.0,0.0,0.0,0.0,0.0,0.0,0.0,0.0,0.0,0.0,0.0,0.0,2.0,2031.0,4206.0,0.0,0.0,0.0,0.0,0.0,0.0,0.3,2.0,0.19999999999999996,0.0,0.0,0.0,0.0
219,Michael,Obafemi,Obafemi,u,has joined Blackpool on loan for the rest of the season.,,4.4,528,76.0,0.1,464,67.0,0.0,578.0,58.0,0,0,0.0,-1,1.0,0,9,0.0,0.0,0.0,0.0,0.0,668.0,68.0,0.0,0.0,658.0,68.0,654.0,67.0,632.0,67.0,660.0,68.0,,,,,,,,0.0,0.0,0.0,0.0,0.0,0.0,0.0,0.0,0.0,29,0.0,0.0,0.0,0.0,0.0,0.0,0.0,0.0,0.0,0.0,0.0,0.0,0.0,0.0,0.0,0.0,27.0,0.0,0.0,0.0,0.0,0.0,0.0,0.0,0.0,0.0,0.0,0.0,0.0,0.0
470,Martin,Dúbravka,Dúbravka,a,,,4.0,661,41.0,32.2,11,2.0,1.2,247.0,19.0,2,0,0.0,0,0.0,3210,5216,0.3,20.0,0.7,0.7,2.8,209.0,22.0,100.0,100.0,5.0,1.0,554.0,48.0,525.0,35.0,136.0,1.0,,,,,,,,0.0,0.0,0.0,1.97,3.66,0.1,2.0,1.0,0.0,29,2.0,90.0,0.0,0.0,0.0,2.0,0.0,0.0,0.0,0.0,0.0,3.0,1.0,0.0,9.0,8860.0,19383.0,0.0,0.0,0.0,0.0,1.2999999999999972,23.399999999999977,0.0,0.0,2.299999999999997,0.0,1.0,8.0,0.0
614,James,Ward-Prowse,Ward-Prowse,a,,,5.6,123,77.0,0.2,389,129.0,1.6,219.0,92.0,1,0,0.0,-4,4.0,66,65,0.3,3.4,1.1,1.1,2.1,323.0,142.0,100.0,100.0,355.0,159.0,143.0,97.0,427.0,208.0,320.0,157.0,1.0,1.0,,,,,,0.02,0.18,0.2,1.66,0.0,0.16,2.41,0.96,5.94,29,1.0,33.0,0.0,0.0,0.0,1.0,0.0,0.0,0.0,0.0,0.0,0.0,0.0,0.0,8.0,259.0,264.0,0.0,0.0,0.010000000000000009,0.010000000000000009,0.5,6.200000000000003,2.799999999999983,0.0,0.8999999999999986,1.0,1.0,2.0,4.0
680,Armando,Broja,Broja,d,Knock - 50% chance of playing,,5.2,212,49.0,0.2,405,62.0,0.2,376.0,46.0,0,0,0.0,-3,3.0,8,210,0.0,7.3,-0.1,0.0,2.0,338.0,38.0,50.0,0.0,364.0,38.0,322.0,35.0,127.0,31.0,305.0,35.0,,,,,,,,0.24,0.01,0.25,2.33,0.0,0.11,2.8,0.89,4.58,29,0.0,0.0,0.0,0.0,0.0,0.0,0.0,0.0,0.0,0.0,0.0,0.0,0.0,0.0,0.0,35.0,689.0,0.0,0.0,0.0,0.0,0.0,0.0,0.0,0.0,0.0,0.0,0.0,0.0,0.0
722,Florentino Ibrain,Morris Luís,Florentino,a,,,5.0,252,153.0,0.0,609,234.0,0.6,328.0,149.0,1,0,0.0,0,0.0,8,38,0.1,13.2,0.1,0.1,2.8,218.0,90.0,,,155.0,54.0,183.0,122.0,331.0,172.0,223.0,108.0,,,,,,,,0.03,0.02,0.05,2.03,0.0,0.11,2.02,1.09,13.46,29,1.0,56.0,0.0,0.0,0.0,1.0,0.0,0.0,0.0,0.0,0.0,0.0,1.0,0.0,10.0,57.0,142.0,0.0,0.0,0.010000000000000009,0.009999999999999898,0.8100000000000023,10.399999999999977,3.5999999999999943,0.0,1.3999999999999986,0.0,5.0,2.0,7.0
784,George,Brierley,Brierley,a,,,4.5,516,320.0,0.0,800,354.0,0.0,693.0,282.0,0,0,0.0,0,0.0,5,2,0.0,0.0,-0.5,-0.5,0.0,758.0,324.0,,,757.0,323.0,751.0,323.0,739.0,320.0,757.0,323.0,,,,,,,,0.0,0.0,0.0,0.0,0.0,0.0,0.0,0.0,0.0,29,0.0,0.0,0.0,0.0,0.0,0.0,0.0,0.0,0.0,0.0,0.0,0.0,0.0,0.0,0.0,21.0,14.0,0.0,0.0,0.0,0.0,0.0,0.0,0.0,0.0,0.0,0.0,0.0,0.0,0.0
820,Kian,McMahon-Brown,McMahon-Brown,a,,,4.5,507,313.0,0.0,820,368.0,0.0,686.0,275.0,0,0,0.0,0,0.0,10,1,0.0,0.0,0.8,0.8,0.0,752.0,318.0,,,751.0,317.0,745.0,317.0,732.0,313.0,751.0,317.0,,,,,,,,0.0,0.0,0.0,0.0,0.0,0.0,0.0,0.0,0.0,29,0.0,0.0,0.0,0.0,0.0,0.0,0.0,0.0,0.0,0.0,0.0,0.0,0.0,0.0,0.0,10.0,1.0,0.0,0.0,0.0,0.0,0.0,0.0,0.0,0.0,0.0,0.0,0.0,0.0,0.0
66,Norberto,Murara Neto,Neto,u,Has joined Botafogo permanently.,,4.5,406,21.0,0.1,568,77.0,0.0,610.0,89.0,0,0,0.0,0,0.0,0,6,0.0,0.0,0.0,0.0,0.0,690.0,92.0,0.0,0.0,684.0,92.0,678.0,84.0,659.0,74.0,686.0,92.0,,,,,,,,0.0,0.0,0.0,0.0,0.0,0.0,0.0,0.0,0.0,29,0.0,0.0,0.0,0.0,0.0,0.0,0.0,0.0,0.0,0.0,0.0,0.0,0.0,0.0,0.0,0.0,10.0,0.0,0.0,0.0,0.0,0.0,0.0,0.0,0.0,0.0,0.0,0.0,0.0,0.0
67,Đorđe,Petrović,Petrović,a,,,4.5,435,24.0,4.9,73,12.0,4.8,26.0,3.0,6,0,0.0,0,0.0,9087,797,1.1,20.9,5.3,4.8,3.2,152.0,16.0,,,25.0,6.0,694.0,87.0,677.0,77.0,191.0,8.0,,,,,,,,0.0,0.0,0.0,1.49,3.03,0.28,1.59,1.0,0.0,29,6.0,90.0,0.0,0.0,1.0,0.0,0.0,0.0,0.0,0.0,0.0,2.0,1.0,0.0,26.0,15830.0,5854.0,0.0,0.0,0.0,0.0,0.3999999999999986,18.200000000000045,0.0,0.0,1.8000000000000114,0.0,1.0,8.0,0.0
68,Will,Dennis,Dennis,u,has joined Leyton Orient on loan for the rest of the season.,,4.0,680,51.0,0.7,211,27.0,0.0,470.0,64.0,0,0,0.0,0,0.0,0,225,0.0,0.0,0.0,0.0,0.0,590.0,71.0,0.0,0.0,580.0,71.0,571.0,58.0,542.0,45.0,582.0,71.0,,,,,,,,0.0,0.0,0.0,0.0,0.0,0.0,0.0,0.0,0.0,29,0.0,0.0,0.0,0.0,0.0,0.0,0.0,0.0,0.0,0.0,0.0,0.0,0.0,0.0,0.0,0.0,457.0,0.0,0.0,0.0,0.0,0.0,0.0,0.0,0.0,0.0,0.0,0.0,0.0,0.0
69,Callan,McKenna,McKenna,a,,,3.9,780,92.0,0.3,341,47.0,0.0,448.0,52.0,0,0,0.0,-1,1.0,131,115,0.0,0.0,0.5,0.0,0.0,570.0,61.0,,,560.0,61.0,548.0,45.0,518.0,32.0,562.0,61.0,,,,,,,,0.0,0.0,0.0,0.0,0.0,0.0,0.0,0.0,0.0,29,0.0,0.0,0.0,0.0,0.0,0.0,0.0,0.0,0.0,0.0,0.0,0.0,0.0,0.0,0.0,468.0,264.0,0.0,0.0,0.0,0.0,0.0,0.0,0.0,0.0,0.0,0.0,0.0,0.0,0.0
70,Alex,Paulsen,Paulsen,u,Has joined Lechia Gdansk on loan for the rest of the season.,,4.0,697,58.0,0.1,571,78.0,0.0,486.0,71.0,0,0,0.0,0,0.0,0,4,0.0,0.0,0.0,0.0,0.0,603.0,78.0,0.0,0.0,593.0,78.0,584.0,65.0,555.0,52.0,595.0,78.0,,,,,,,,0.0,0.0,0.0,0.0,0.0,0.0,0.0,0.0,0.0,29,0.0,0.0,0.0,0.0,0.0,0.0,0.0,0.0,0.0,0.0,0.0,0.0,0.0,0.0,0.0,0.0,13.0,0.0,0.0,0.0,0.0,0.0,0.0,0.0,0.0,0.0,0.0,0.0,0.0,0.0
71,Illia,Zabarnyi,Zabarnyi,u,Has joined Paris Saint-Germain permanently.,,5.0,265,41.0,0.0,668,234.0,0.0,749.0,256.0,0,0,0.0,0,0.0,0,0,0.0,0.0,0.0,0.0,0.0,788.0,263.0,0.0,0.0,787.0,263.0,785.0,263.0,781.0,263.0,787.0,263.0,,,,,,,,0.0,0.0,0.0,0.0,0.0,0.0,0.0,0.0,0.0,29,0.0,0.0,0.0,0.0,0.0,0.0,0.0,0.0,0.0,0.0,0.0,0.0,0.0,0.0,0.0,0.0,0.0,0.0,0.0,0.0,0.0,0.0,0.0,0.0,0.0,0.0,0.0,0.0,0.0,0.0
72,Marcos,Senesi Barón,Senesi,a,,,4.9,312,49.0,16.8,19,7.0,4.8,27.0,9.0,11,0,0.0,4,-4.0,38866,1457,1.0,25.7,5.3,4.8,4.5,31.0,12.0,100.0,100.0,3.0,1.0,98.0,23.0,166.0,37.0,34.0,2.0,,,,,,,,0.05,0.15,0.2,1.5,0.0,0.29,1.63,1.02,12.13,29,11.0,90.0,0.0,0.0,1.0,0.0,0.0,0.0,0.0,0.0,0.0,0.0,1.0,3.0,31.0,64994.0,16056.0,0.0,0.0,0.040000000000000036,0.040000000000000036,0.3999999999999986,18.399999999999977,0.6999999999999886,0.0,1.9000000000000057,2.0,8.0,4.0,10.0
73,Adam,Smith,Smith,a,,,4.4,517,97.0,0.2,387,145.0,0.6,317.0,110.0,0,0,0.0,-1,1.0,67,96,0.1,6.8,1.1,0.6,1.9,345.0,129.0,100.0,100.0,374.0,142.0,373.0,131.0,384.0,135.0,401.0,145.0,,,,,,,,0.0,0.01,0.01,1.54,0.0,0.37,1.86,1.24,5.08,29,0.0,0.0,0.0,0.0,0.0,0.0,0.0,0.0,0.0,0.0,0.0,0.0,0.0,0.0,0.0,157.0,212.0,0.0,0.0,0.0,0.0,0.0,0.0,0.0,0.0,0.0,0.0,0.0,0.0,0.0
74,Adrien,Truffert,Truffert,a,,,4.6,401,70.0,2.3,126,48.0,5.4,18.0,8.0,8,0,0.0,1,-1.0,7534,527,1.2,23.3,5.9,5.4,3.7,95.0,33.0,,,42.0,17.0,66.0,13.0,253.0,71.0,76.0,14.0,,,,,,,,0.01,0.07,0.08,1.43,0.0,0.28,1.51,1.02,8.27,29,8.0,90.0,0.0,0.0,1.0,0.0,0.0,0.0,0.0,0.0,0.0,0.0,1.0,2.0,30.0,16043.0,3707.0,0.0,0.0,0.32999999999999985,0.33000000000000007,0.3999999999999986,14.0,17.69999999999999,2.0,3.3999999999999915,1.0,5.0,8.0,6.0
75,Matai,Akinmboni,Akinmboni,a,,,3.8,805,252.0,0.2,384,144.0,0.0,405.0,153.0,0,0,0.0,-2,2.0,73,19,0.0,0.0,0.5,0.0,0.0,532.0,194.0,100.0,75.0,522.0,194.0,506.0,192.0,475.0,186.0,524.0,194.0,,,,,,,,0.0,0.0,0.0,0.0,0.0,0.0,0.0,0.0,0.0,29,0.0,0.0,0.0,0.0,0.0,0.0,0.0,0.0,0.0,0.0,0.0,0.0,0.0,0.0,0.0,112.0,73.0,0.0,0.0,0.0,0.0,0.0,0.0,0.0,0.0,0.0,0.0,0.0,0.0,0.0
76,Owen,Bevan,Bevan,a,,,3.8,803,250.0,0.2,388,146.0,0.0,403.0,151.0,0,0,0.0,-2,2.0,55,76,0.0,0.0,0.5,0.0,0.0,531.0,193.0,,,521.0,193.0,505.0,191.0,474.0,185.0,523.0,193.0,,,,,,,,0.0,0.0,0.0,0.0,0.0,0.0,0.0,0.0,0.0,29,0.0,0.0,0.0,0.0,0.0,0.0,0.0,0.0,0.0,0.0,0.0,0.0,0.0,0.0,0.0,195.0,202.0,0.0,0.0,0.0,0.0,0.0,0.0,0.0,0.0,0.0,0.0,0.0,0.0,0.0
78,Julián,Araujo Zúñiga,J.Araujo,u,has joined Celtic on loan for the rest of the season.,,3.8,795,242.0,0.5,255,95.0,0.0,396.0,144.0,0,0,0.0,-2,2.0,0,147,0.0,0.0,0.0,0.0,0.0,525.0,187.0,0.0,0.0,515.0,187.0,499.0,185.0,468.0,179.0,517.0,187.0,,,,,,,,0.0,0.0,0.0,0.0,0.0,0.0,0.0,0.0,0.0,29,0.0,0.0,0.0,0.0,0.0,0.0,0.0,0.0,0.0,0.0,0.0,0.0,0.0,0.0,0.0,0.0,379.0,0.0,0.0,0.0,0.0,0.0,0.0,0.0,0.0,0.0,0.0,0.0,0.0,0.0
79,Chris,Mepham,Mepham,u,has joined West Bromwich Albion permanently.,,4.0,673,167.0,0.1,539,193.0,0.0,463.0,178.0,0,0,0.0,0,0.0,0,11,0.0,0.0,0.0,0.0,0.0,583.0,214.0,0.0,0.0,573.0,214.0,564.0,214.0,535.0,210.0,575.0,214.0,,,,,,,,0.0,0.0,0.0,0.0,0.0,0.0,0.0,0.0,0.0,29,0.0,0.0,0.0,0.0,0.0,0.0,0.0,0.0,0.0,0.0,0.0,0.0,0.0,0.0,0.0,0.0,19.0,0.0,0.0,0.0,0.0,0.0,0.0,0.0,0.0,0.0,0.0,0.0,0.0,0.0
80,Julio,Soler Barreto,Soler,i,Hamstring injury - Expected back 01 Jun,,4.0,717,193.0,0.2,378,141.0,0.0,503.0,201.0,0,0,0.0,0,0.0,7,77,0.0,0.8,0.0,0.0,1.0,456.0,166.0,0.0,0.0,490.0,175.0,452.0,164.0,441.0,165.0,489.0,172.0,,,,,,,,0.0,0.0,0.0,4.29,0.0,0.0,5.29,0.0,2.65,29,0.0,0.0,0.0,0.0,0.0,0.0,0.0,0.0,0.0,0.0,0.0,0.0,0.0,0.0,0.0,20.0,166.0,0.0,0.0,0.0,0.0,0.0,0.0,0.0,0.0,0.0,0.0,0.0,0.0,0.0
81,Justin,Kluivert,Kluivert,i,Knee injury - Expected back 09 May,,7.0,36,21.0,0.6,233,81.0,0.0,814.0,366.0,0,0,0.0,0,0.0,14,128,0.0,5.7,0.0,0.0,2.2,316.0,140.0,0.0,0.0,311.0,141.0,93.0,70.0,213.0,118.0,217.0,107.0,,3.0,1.0,,,,,0.22,0.15,0.37,1.65,0.0,0.39,1.77,0.98,6.11,29,0.0,0.0,0.0,0.0,0.0,0.0,0.0,0.0,0.0,0.0,0.0,0.0,0.0,0.0,0.0,29.0,259.0,0.0,0.0,0.0,0.0,0.0,0.0,0.0,0.0,0.0,0.0,0.0,0.0,0.0
84,Marcus,Tavernier,Tavernier,a,,,5.3,189,117.0,1.6,152,52.0,2.0,184.0,77.0,2,0,0.0,-2,2.0,6312,702,0.4,19.6,2.5,2.0,4.2,50.0,23.0,100.0,100.0,82.0,27.0,33.0,31.0,41.0,25.0,33.0,24.0,2.0,2.0,4.0,,,,,0.31,0.13,0.44,1.36,0.0,0.37,1.71,1.02,8.25,29,2.0,90.0,0.0,0.0,1.0,0.0,0.0,0.0,0.0,1.0,0.0,0.0,1.0,0.0,6.0,37080.0,2439.0,0.0,1.37,0.10000000000000009,1.4700000000000006,0.40000000000000213,5.0,25.30000000000001,37.0,6.700000000000017,0.0,3.0,5.0,8.0
85,Tyler,Adams,Adams,a,,,4.9,300,188.0,0.3,333,113.0,2.0,181.0,75.0,4,0,0.0,-1,1.0,234,59,0.4,12.2,2.5,2.0,3.3,143.0,62.0,100.0,100.0,189.0,78.0,269.0,163.0,234.0,129.0,250.0,127.0,,,,,,,,0.04,0.02,0.06,1.33,0.0,0.38,1.53,1.15,11.6,29,4.0,90.0,0.0,0.0,1.0,0.0,0.0,0.0,0.0,1.0,0.0,0.0,1.0,0.0,13.0,443.0,207.0,0.0,0.0,0.02999999999999997,0.030000000000000027,0.3999999999999986,13.800000000000011,14.799999999999997,0.0,2.9000000000000057,0.0,5.0,7.0,12.0
86,David,Brooks,Brooks,a,,,5.0,246,150.0,0.2,392,131.0,0.6,327.0,148.0,0,0,0.0,0,0.0,74,87,0.1,9.2,1.1,0.6,2.0,335.0,146.0,100.0,100.0,264.0,110.0,80.0,61.0,49.0,30.0,105.0,62.0,,4.0,,,,,,0.4,0.25,0.65,1.5,0.0,0.36,1.6,1.07,7.01,29,0.0,0.0,0.0,0.0,0.0,0.0,0.0,0.0,0.0,0.0,0.0,0.0,0.0,0.0,0.0,200.0,257.0,0.0,0.0,0.0,0.0,0.0,0.0,0.0,0.0,0.0,0.0,0.0,0.0,0.0
88,Lewis,Cook,Cook,i,Hamstring injury - Expected back 11 Apr,,4.9,291,181.0,0.0,602,229.0,1.0,274.0,123.0,0,0,0.0,-1,1.0,5,135,0.2,7.8,0.0,0.0,2.4,286.0,123.0,0.0,0.0,259.0,107.0,178.0,121.0,400.0,197.0,292.0,146.0,1.0,,,,,,,0.01,0.05,0.06,1.4,0.0,0.1,1.86,0.83,14.79,29,0.0,0.0,0.0,0.0,0.0,0.0,0.0,0.0,0.0,0.0,0.0,0.0,0.0,0.0,0.0,8.0,433.0,0.0,0.0,0.0,0.0,0.0,0.0,0.0,0.0,0.0,0.0,0.0,0.0,0.0
90,Alex,Scott,Scott,a,,,5.1,241,146.0,1.3,170,60.0,3.4,89.0,40.0,3,0,0.0,1,-1.0,920,1748,0.7,19.8,3.9,3.4,3.5,121.0,54.0,100.0,100.0,109.0,36.0,88.0,67.0,96.0,60.0,87.0,53.0,4.0,6.0,,,,,,0.14,0.07,0.21,1.5,0.0,0.34,1.44,1.1,11.8,29,3.0,90.0,0.0,0.0,1.0,0.0,0.0,0.0,0.0,0.0,0.0,0.0,1.0,0.0,11.0,3099.0,6918.0,0.0,0.16999999999999993,0.2899999999999998,0.45999999999999996,0.4000000000000057,13.199999999999989,37.10000000000002,14.0,6.400000000000006,1.0,4.0,4.0,9.0
91,Luis,Sinisterra Lucumí,Sinisterra,u,has joined Cruzeiro on loan for the rest of the season.,,5.0,254,154.0,0.0,739,312.0,0.0,745.0,317.0,0,0,0.0,0,0.0,0,1,0.0,0.0,0.0,0.0,0.0,784.0,342.0,0.0,0.0,783.0,341.0,780.0,341.0,777.0,339.0,783.0,341.0,,,,,,,,0.0,0.0,0.0,0.0,0.0,0.0,0.0,0.0,0.0,29,0.0,0.0,0.0,0.0,0.0,0.0,0.0,0.0,0.0,0.0,0.0,0.0,0.0,0.0,0.0,0.0,1.0,0.0,0.0,0.0,0.0,0.0,0.0,0.0,0.0,0.0,0.0,0.0,0.0,0.0
92,Romain,Faivre,Faivre,u,has joined Auxerre permanently.,,4.5,431,258.0,0.1,553,200.0,0.0,625.0,226.0,0,0,0.0,0,0.0,0,13,0.0,0.0,0.0,0.0,0.0,701.0,277.0,0.0,0.0,695.0,271.0,691.0,274.0,674.0,267.0,697.0,273.0,,,,,,,,0.0,0.0,0.0,0.0,0.0,0.0,0.0,0.0,0.0,29,0.0,0.0,0.0,0.0,0.0,0.0,0.0,0.0,0.0,0.0,0.0,0.0,0.0,0.0,0.0,0.0,24.0,0.0,0.0,0.0,0.0,0.0,0.0,0.0,0.0,0.0,0.0,0.0,0.0,0.0
93,Hamed,Traorè,H.Traorè,u,has joined Marseille on loan for the rest of the season.,,4.5,426,255.0,0.3,332,112.0,0.0,621.0,223.0,0,0,0.0,0,0.0,0,27,0.0,0.9,0.0,0.0,4.0,60.0,28.0,0.0,0.0,444.0,195.0,422.0,207.0,670.0,264.0,460.0,207.0,,,,,,,,0.0,0.0,0.0,2.25,0.0,0.0,11.25,0.0,22.5,29,0.0,0.0,0.0,0.0,0.0,0.0,0.0,0.0,0.0,0.0,0.0,0.0,0.0,0.0,0.0,0.0,55.0,0.0,0.0,0.0,0.0,0.0,0.0,0.0,0.0,0.0,0.0,0.0,0.0,0.0
94,Dominic,Sadi,Sadi,u,has joined Novi Pazar on loan for the rest of the season.,,4.5,463,282.0,0.0,642,254.0,0.0,648.0,247.0,0,0,0.0,0,0.0,0,1,0.0,0.0,0.0,0.0,0.0,722.0,297.0,0.0,0.0,717.0,292.0,713.0,294.0,697.0,287.0,718.0,293.0,,,,,,,,0.0,0.0,0.0,0.0,0.0,0.0,0.0,0.0,0.0,29,0.0,0.0,0.0,0.0,0.0,0.0,0.0,0.0,0.0,0.0,0.0,0.0,0.0,0.0,0.0,0.0,4.0,0.0,0.0,0.0,0.0,0.0,0.0,0.0,0.0,0.0,0.0,0.0,0.0,0.0
95,Zain,Silcott-Duberry,Silcott-Duberry,u,has joined Olympiakos permanently.,,4.4,554,331.0,0.1,576,214.0,0.0,591.0,207.0,0,0,0.0,-1,1.0,0,7,0.0,0.0,0.0,0.0,0.0,677.0,264.0,0.0,0.0,668.0,255.0,664.0,260.0,643.0,250.0,670.0,257.0,,,,,,,,0.0,0.0,0.0,0.0,0.0,0.0,0.0,0.0,0.0,29,0.0,0.0,0.0,0.0,0.0,0.0,0.0,0.0,0.0,0.0,0.0,0.0,0.0,0.0,0.0,0.0,14.0,0.0,0.0,0.0,0.0,0.0,0.0,0.0,0.0,0.0,0.0,0.0,0.0,0.0
96,Ben,Winterburn,Winterburn,u,has joined Barnet on loan for the rest of the season.,,4.5,493,304.0,0.0,641,253.0,0.0,675.0,268.0,0,0,0.0,0,0.0,0,2,0.0,0.2,0.0,0.0,1.0,485.0,220.0,0.0,0.0,741.0,310.0,735.0,310.0,722.0,306.0,741.0,310.0,,,,,,,,0.0,0.0,0.0,4.65,0.0,0.0,30.0,0.0,0.0,29,0.0,0.0,0.0,0.0,0.0,0.0,0.0,0.0,0.0,0.0,0.0,0.0,0.0,0.0,0.0,0.0,6.0,0.0,0.0,0.0,0.0,0.0,0.0,0.0,0.0,0.0,0.0,0.0,0.0,0.0
97,Francisco Evanilson,de Lima Barbosa,Evanilson,a,,,6.8,45,16.0,2.2,130,21.0,2.6,142.0,19.0,2,-1,1.0,-2,2.0,3049,3013,0.4,12.8,3.1,2.0,3.2,162.0,15.0,100.0,75.0,192.0,16.0,91.0,3.0,16.0,11.0,42.0,9.0,,,,,,,,0.34,0.05,0.39,1.28,0.0,0.36,1.48,1.03,3.8,29,2.0,79.0,0.0,0.0,1.0,0.0,0.0,0.0,0.0,0.0,0.0,0.0,1.0,0.0,10.0,3625.0,26633.0,0.0,0.0,0.20999999999999985,0.21000000000000085,0.26000000000000156,6.399999999999977,28.299999999999955,4.0,3.9000000000000057,0.0,1.0,5.0,6.0
98,Enes,Ünal,Enes Ünal,a,,,5.4,159,39.0,0.0,588,81.0,1.0,280.0,34.0,1,0,0.0,-1,1.0,78,71,0.2,3.7,1.5,1.0,1.2,442.0,53.0,100.0,100.0,416.0,48.0,411.0,55.0,272.0,48.0,402.0,50.0,,1.0,,,,,,0.71,0.03,0.74,1.83,0.0,0.0,1.06,0.0,6.35,29,1.0,10.0,0.0,0.0,0.0,0.0,0.0,0.0,0.0,0.0,0.0,0.0,0.0,0.0,5.0,234.0,161.0,0.0,0.0,0.009999999999999995,0.010000000000000009,0.13000000000000034,4.200000000000003,1.5,2.0,0.8000000000000007,1.0,1.0,0.0,2.0
99,Daniel,Adu-Adjei,Adu-Adjei,u,has joined HNK Rijeka permanently.,,4.4,569,83.0,0.1,430,63.0,0.0,605.0,65.0,0,0,0.0,-1,1.0,0,13,0.0,0.0,0.0,0.0,0.0,687.0,75.0,0.0,0.0,680.0,75.0,675.0,74.0,655.0,74.0,682.0,75.0,,,,,,,,0.0,0.0,0.0,0.0,0.0,0.0,0.0,0.0,0.0,29,0.0,0.0,0.0,0.0,0.0,0.0,0.0,0.0,0.0,0.0,0.0,0.0,0.0,0.0,0.0,0.0,30.0,0.0,0.0,0.0,0.0,0.0,0.0,0.0,0.0,0.0,0.0,0.0,0.0,0.0
100,Junior,Kroupi,Kroupi.Jr,a,,,4.7,393,65.0,6.9,56,10.0,1.6,212.0,27.0,1,0,0.0,2,-2.0,3888,13199,0.3,15.3,2.1,1.6,3.0,190.0,19.0,,,160.0,15.0,163.0,13.0,65.0,23.0,110.0,16.0,,,,,,,,0.41,0.06,0.47,1.55,0.0,0.43,1.54,1.11,6.76,29,1.0,16.0,0.0,0.0,0.0,0.0,0.0,0.0,0.0,0.0,0.0,0.0,0.0,0.0,3.0,15260.0,44364.0,0.0,0.1299999999999999,0.029999999999999916,0.16000000000000014,0.23000000000000043,4.800000000000011,0.799999999999983,5.0,1.1000000000000085,1.0,2.0,5.0,8.0
391,Ben,Gannon-Doak,Gannon-Doak,i,Hamstring injury - Unknown return date,,4.8,370,231.0,0.0,639,252.0,0.0,711.0,294.0,0,0,0.0,-2,2.0,2,1,0.0,1.5,0.0,0.0,1.8,374.0,160.0,0.0,0.0,445.0,196.0,405.0,201.0,402.0,199.0,451.0,202.0,,,,,,,,0.15,0.15,0.3,4.52,0.0,0.0,1.7,0.0,5.09,29,0.0,0.0,0.0,0.0,0.0,0.0,0.0,0.0,0.0,0.0,0.0,0.0,0.0,0.0,0.0,4.0,4.0,0.0,0.0,0.0,0.0,0.0,0.0,0.0,0.0,0.0,0.0,0.0,0.0,0.0
685,Bafodé,Diakité,Diakité,a,,,4.2,634,146.0,0.3,328,120.0,0.0,532.0,222.0,0,0,0.0,-3,3.0,31,163,0.0,11.0,0.5,0.0,2.6,246.0,93.0,100.0,100.0,213.0,83.0,333.0,114.0,374.0,129.0,317.0,108.0,,,,,,,,0.0,0.01,0.01,1.59,0.0,0.28,1.91,1.06,8.26,29,0.0,0.0,0.0,0.0,0.0,0.0,0.0,0.0,0.0,0.0,0.0,0.0,0.0,0.0,0.0,103.0,439.0,0.0,0.0,0.0,0.0,0.0,0.0,0.0,0.0,0.0,0.0,0.0,0.0,0.0
697,Amine,Adli,Adli,a,,,5.4,175,108.0,0.6,244,85.0,3.4,91.0,42.0,1,0,0.0,-1,1.0,228,2563,0.6,11.1,3.9,3.4,2.4,291.0,128.0,,,221.0,95.0,159.0,109.0,103.0,63.0,170.0,89.0,3.0,,,,,,,0.25,0.15,0.4,1.43,0.0,0.29,1.37,0.88,10.53,29,1.0,16.0,0.0,0.0,0.0,0.0,0.0,0.0,0.0,0.0,0.0,0.0,0.0,0.0,5.0,1047.0,9001.0,0.0,0.03999999999999959,0.0,0.03999999999999959,0.23000000000000043,5.000000000000028,0.29999999999998295,9.0,1.4000000000000057,0.0,1.0,2.0,3.0
713,Álex,Jiménez Sánchez,A.Jimenez,a,,,4.5,465,92.0,0.3,346,127.0,3.6,78.0,27.0,8,0,0.0,0,0.0,818,95,0.8,14.0,4.1,3.6,2.5,268.0,104.0,,,166.0,70.0,157.0,39.0,162.0,36.0,162.0,55.0,,,,,,,,0.05,0.07,0.12,1.64,0.0,0.24,1.6,1.02,5.68,29,8.0,90.0,0.0,0.0,1.0,0.0,0.0,0.0,0.0,0.0,0.0,0.0,1.0,2.0,30.0,1687.0,1016.0,0.0,0.030000000000000027,0.3899999999999999,0.41999999999999993,0.4000000000000057,16.399999999999977,25.799999999999983,8.0,5.0,2.0,5.0,5.0,7.0
721,Veljko,Milosavljevic,Milosavljević,a,,,4.4,571,121.0,0.0,654,231.0,0.0,606.0,239.0,0,0,0.0,-1,1.0,8,10,0.0,4.3,0.5,0.0,2.7,229.0,90.0,100.0,100.0,362.0,138.0,406.0,148.0,406.0,150.0,409.0,147.0,,,,,,,,0.04,0.05,0.09,1.08,0.0,0.25,1.47,0.98,9.56,29,0.0,0.0,0.0,0.0,0.0,0.0,0.0,0.0,0.0,0.0,0.0,0.0,0.0,0.0,0.0,23.0,20.0,0.0,0.0,0.0,0.0,0.0,0.0,0.0,0.0,0.0,0.0,0.0,0.0,0.0
782,Fraser,Forster,Forster,a,,,4.0,660,40.0,0.0,667,80.0,0.0,453.0,54.0,0,0,0.0,0,0.0,42,26,0.0,0.0,0.5,0.0,0.0,575.0,63.0,,,565.0,63.0,553.0,47.0,524.0,34.0,567.0,63.0,,,,,,,,0.0,0.0,0.0,0.0,0.0,0.0,0.0,0.0,0.0,29,0.0,0.0,0.0,0.0,0.0,0.0,0.0,0.0,0.0,0.0,0.0,0.0,0.0,0.0,0.0,95.0,49.0,0.0,0.0,0.0,0.0,0.0,0.0,0.0,0.0,0.0,0.0,0.0,0.0,0.0
799,Charlie,Stevens,Stevens,a,,,4.5,511,315.0,0.0,780,338.0,0.0,688.0,277.0,0,0,0.0,0,0.0,15,9,0.0,0.0,0.5,0.0,0.0,754.0,320.0,,,753.0,319.0,747.0,319.0,734.0,315.0,753.0,319.0,,,,,,,,0.0,0.0,0.0,0.0,0.0,0.0,0.0,0.0,0.0,29,0.0,0.0,0.0,0.0,0.0,0.0,0.0,0.0,0.0,0.0,0.0,0.0,0.0,0.0,0.0,40.0,22.0,0.0,0.0,0.0,0.0,0.0,0.0,0.0,0.0,0.0,0.0,0.0,0.0,0.0
801,Alex,Tóth,Tóth.A,a,,,4.9,345,214.0,0.0,760,324.0,0.2,373.0,168.0,0,-1,1.0,-1,1.0,2,14,0.0,0.6,0.7,0.2,0.8,512.0,240.0,,,474.0,214.0,370.0,190.0,392.0,196.0,443.0,197.0,,,,,,,,0.08,0.32,0.4,2.97,0.0,0.0,1.27,1.27,10.14,29,0.0,0.0,0.0,0.0,0.0,0.0,0.0,0.0,0.0,0.0,0.0,0.0,0.0,0.0,0.0,6.0,29.0,0.0,0.0,0.0,0.0,0.0,0.0,0.0,0.0,0.0,0.0,0.0,0.0,0.0
806,Christos,Mandas,Mandas,a,,,4.0,678,50.0,0.0,768,89.0,0.0,468.0,63.0,0,0,0.0,0,0.0,11,5,0.0,0.0,0.5,0.0,0.0,588.0,70.0,,,578.0,70.0,569.0,57.0,540.0,44.0,580.0,70.0,,,,,,,,0.0,0.0,0.0,0.0,0.0,0.0,0.0,0.0,0.0,29,0.0,0.0,0.0,0.0,0.0,0.0,0.0,0.0,0.0,0.0,0.0,0.0,0.0,0.0,0.0,22.0,19.0,0.0,0.0,0.0,0.0,0.0,0.0,0.0,0.0,0.0,0.0,0.0,0.0,0.0
807,Rayan Vitor,Simplício Rocha,Rayan,a,,,5.6,133,82.0,2.6,113,36.0,4.6,39.0,20.0,3,0,0.0,1,-1.0,2956,3655,0.8,4.8,5.1,4.6,4.5,34.0,15.0,,,331.0,148.0,233.0,147.0,241.0,132.0,318.0,155.0,,,,,,,,0.17,0.21,0.38,1.8,0.0,0.4,0.6,1.0,5.39,29,3.0,73.0,0.0,0.0,1.0,0.0,0.0,0.0,0.0,0.0,0.0,0.0,1.0,0.0,8.0,14636.0,14300.0,0.0,0.0,0.040000000000000036,0.039999999999999813,0.16999999999999993,8.199999999999989,5.099999999999994,6.0,1.8999999999999986,2.0,3.0,3.0,8.0
27,Reiss,Nelson,Nelson,d,Calf injury - 50% chance of playing,,4.8,356,223.0,0.1,490,174.0,0.0,703.0,289.0,0,0,0.0,-2,2.0,2,61,0.0,1.2,0.2,0.0,1.0,488.0,223.0,50.0,0.0,449.0,199.0,446.0,215.0,390.0,195.0,457.0,206.0,,,,,,,,1.1,0.13,1.23,2.18,0.0,0.0,1.8,0.0,30.6,29,0.0,0.0,0.0,0.0,0.0,0.0,0.0,0.0,0.0,0.0,0.0,0.0,0.0,0.0,0.0,5.0,119.0,0.0,0.0,0.0,0.0,0.0,0.0,0.0,0.0,0.0,0.0,0.0,0.0,0.0
83,Dango,Ouattara,O.Dango,a,,,6.0,91,57.0,3.5,96,30.0,4.6,40.0,21.0,3,1,-1.0,0,0.0,7776,1917,0.8,16.2,5.1,4.6,4.2,52.0,24.0,100.0,100.0,154.0,53.0,131.0,90.0,31.0,16.0,81.0,50.0,3.0,,,,,,,0.3,0.13,0.43,1.27,0.0,0.22,1.34,1.0,7.81,29,3.0,86.0,0.0,0.0,1.0,0.0,0.0,0.0,0.0,0.0,0.0,0.0,1.0,0.0,9.0,59201.0,10011.0,0.0,0.13999999999999968,0.0,0.13999999999999968,1.7899999999999991,7.600000000000023,0.8000000000000114,21.0,2.8999999999999915,2.0,1.0,6.0,9.0
101,Caoimhín,Kelleher,Kelleher,a,,,4.7,382,17.0,11.9,28,5.0,2.2,159.0,14.0,6,0,0.0,2,-2.0,30320,1728,0.5,22.1,2.7,2.2,3.7,97.0,12.0,100.0,100.0,27.0,7.0,393.0,4.0,744.0,82.0,187.0,6.0,,,,,,,,0.0,0.0,0.0,1.4,2.68,0.25,1.32,1.0,0.0,29,6.0,90.0,0.0,0.0,1.0,0.0,0.0,0.0,0.0,0.0,0.0,2.0,1.0,0.0,25.0,43259.0,14382.0,0.0,0.0,0.0,0.0,1.9200000000000017,16.800000000000068,0.0,0.0,1.7000000000000028,0.0,1.0,7.0,0.0
102,Ellery,Balcombe,Balcombe,a,,,3.9,756,79.0,0.3,337,46.0,0.0,428.0,40.0,0,0,0.0,-1,1.0,43,83,0.0,0.0,0.5,0.0,0.0,551.0,49.0,,,541.0,49.0,528.0,32.0,498.0,19.0,543.0,49.0,,,,,,,,0.0,0.0,0.0,0.0,0.0,0.0,0.0,0.0,0.0,29,0.0,0.0,0.0,0.0,0.0,0.0,0.0,0.0,0.0,0.0,0.0,0.0,0.0,0.0,0.0,124.0,149.0,0.0,0.0,0.0,0.0,0.0,0.0,0.0,0.0,0.0,0.0,0.0,0.0,0.0
103,Matthew,Cox,Cox,u,has joined Shrewsbury Town on loan for the rest of the season.,,3.9,772,87.0,0.1,424,63.0,0.0,441.0,48.0,0,0,0.0,-1,1.0,0,45,0.0,0.0,0.0,0.0,0.0,563.0,57.0,0.0,0.0,553.0,57.0,540.0,40.0,510.0,27.0,555.0,57.0,,,,,,,,0.0,0.0,0.0,0.0,0.0,0.0,0.0,0.0,0.0,29,0.0,0.0,0.0,0.0,0.0,0.0,0.0,0.0,0.0,0.0,0.0,0.0,0.0,0.0,0.0,0.0,116.0,0.0,0.0,0.0,0.0,0.0,0.0,0.0,0.0,0.0,0.0,0.0,0.0,0.0
104,Julian,Eyestone,Eyestone,a,,,3.9,776,89.0,0.1,456,68.0,0.0,444.0,49.0,0,0,0.0,-1,1.0,18,43,0.0,0.0,0.5,0.0,0.0,566.0,58.0,,,556.0,58.0,544.0,42.0,514.0,29.0,558.0,58.0,,,,,,,,0.0,0.0,0.0,0.0,0.0,0.0,0.0,0.0,0.0,29,0.0,0.0,0.0,0.0,0.0,0.0,0.0,0.0,0.0,0.0,0.0,0.0,0.0,0.0,0.0,51.0,91.0,0.0,0.0,0.0,0.0,0.0,0.0,0.0,0.0,0.0,0.0,0.0,0.0,0.0
105,Hákon Rafn,Valdimarsson,Valdimarsson,a,,,3.9,773,88.0,0.6,234,31.0,0.2,360.0,25.0,0,0,0.0,-1,1.0,101,140,0.1,0.3,0.7,0.2,1.0,453.0,33.0,,,453.0,33.0,541.0,41.0,511.0,28.0,480.0,33.0,,,,,,,,0.0,0.0,0.0,0.97,1.0,0.0,3.0,1.0,0.0,29,0.0,0.0,0.0,0.0,0.0,0.0,0.0,0.0,0.0,0.0,0.0,0.0,0.0,0.0,0.0,354.0,329.0,0.0,0.0,0.0,0.0,0.0,0.0,0.0,0.0,0.0,0.0,0.0,0.0,0.0
106,Nathan,Collins,Collins,a,,,4.9,322,52.0,2.6,114,45.0,1.4,235.0,90.0,6,0,0.0,-1,1.0,4053,1573,0.3,20.2,1.9,1.4,3.8,83.0,30.0,,,23.0,9.0,235.0,62.0,98.0,11.0,78.0,15.0,,,,,,,,0.07,0.05,0.12,1.39,0.0,0.25,1.33,0.96,10.08,29,6.0,90.0,0.0,0.0,1.0,0.0,0.0,0.0,0.0,0.0,0.0,0.0,1.0,0.0,23.0,5738.0,12811.0,0.0,0.0,0.14000000000000012,0.14000000000000012,1.9200000000000017,15.399999999999977,1.3999999999999915,8.0,2.5,0.0,5.0,3.0,5.0
107,Keane,Lewis-Potter,Lewis-Potter,a,,,4.8,365,62.0,1.6,153,60.0,2.2,160.0,60.0,1,0,0.0,-2,2.0,1270,3138,0.5,16.5,2.7,2.2,2.9,200.0,78.0,,,248.0,99.0,189.0,47.0,111.0,16.0,201.0,66.0,,1.0,,,,,,0.16,0.08,0.24,1.61,0.0,0.47,1.56,1.02,3.2,29,1.0,3.0,0.0,0.0,0.0,0.0,0.0,0.0,0.0,0.0,0.0,0.0,0.0,0.0,4.0,3414.0,9430.0,0.0,0.0,0.0,0.0,0.13000000000000256,0.19999999999998863,0.0,0.0,0.0,0.0,0.0,2.0,0.0
108,Kristoffer,Ajer,Ajer,a,,,4.4,524,103.0,0.3,344,126.0,3.0,107.0,40.0,6,0,0.0,-1,1.0,386,132,0.7,15.9,3.5,3.0,3.0,187.0,71.0,100.0,100.0,151.0,66.0,328.0,111.0,172.0,39.0,220.0,74.0,,,,,,,,0.04,0.04,0.08,1.46,0.0,0.28,1.46,1.01,9.25,29,6.0,69.0,0.0,0.0,1.0,0.0,0.0,0.0,0.0,0.0,0.0,0.0,0.0,0.0,18.0,1139.0,1105.0,0.0,0.0,0.0,0.0,1.9200000000000017,11.599999999999966,0.10000000000000142,4.0,1.6000000000000014,3.0,3.0,1.0,6.0
109,Rico,Henry,Henry,d,Hamstring injury - 75% chance of playing,,4.3,582,128.0,0.2,370,136.0,1.8,191.0,70.0,1,0,0.0,-2,2.0,91,343,0.4,12.1,1.7,1.8,2.1,318.0,116.0,75.0,,306.0,116.0,292.0,93.0,347.0,114.0,347.0,118.0,,,,,,,,0.01,0.04,0.05,1.63,0.0,0.27,1.5,0.95,4.63,29,1.0,20.0,0.0,0.0,0.0,0.0,0.0,0.0,0.0,0.0,0.0,0.0,1.0,0.0,4.0,1396.0,888.0,0.0,0.0,0.0,0.0,0.0,2.1999999999999886,0.29999999999999716,0.0,0.29999999999999716,0.0,1.0,1.0,1.0
110,Michael,Kayode,Kayode,a,,,4.5,494,95.0,0.7,217,81.0,1.6,210.0,80.0,6,0,0.0,0,0.0,1957,202,0.4,17.3,2.1,1.6,2.8,213.0,83.0,100.0,100.0,88.0,39.0,64.0,11.0,281.0,79.0,103.0,28.0,,,,,,,,0.01,0.09,0.1,1.42,0.0,0.26,1.36,1.03,6.43,29,6.0,90.0,0.0,0.0,1.0,0.0,0.0,0.0,0.0,0.0,0.0,0.0,1.0,0.0,27.0,4441.0,1577.0,0.0,0.0,0.020000000000000018,0.020000000000000018,1.9199999999999946,10.800000000000011,1.7999999999999545,0.0,1.2999999999999972,2.0,3.0,7.0,5.0
111,Ethan,Pinnock,Pinnock,a,,,4.2,631,144.0,0.1,453,167.0,0.0,529.0,220.0,0,0,0.0,-3,3.0,55,57,0.0,1.0,0.5,0.0,1.3,427.0,154.0,100.0,100.0,396.0,152.0,465.0,171.0,397.0,144.0,431.0,155.0,,,,,,,,0.0,0.02,0.02,1.26,0.0,0.0,1.97,1.18,11.45,29,0.0,0.0,0.0,0.0,0.0,0.0,0.0,0.0,0.0,0.0,0.0,0.0,0.0,0.0,0.0,132.0,158.0,0.0,0.0,0.0,0.0,0.0,0.0,0.0,0.0,0.0,0.0,0.0,0.0,0.0
112,Mads,Roerslev Rasmussen,Roerslev,u,Has joined Southampton permanently.,,4.5,423,83.0,0.0,715,248.0,0.0,619.0,243.0,0,0,0.0,0,0.0,0,0,0.0,0.0,0.0,0.0,0.0,697.0,257.0,0.0,0.0,691.0,257.0,686.0,257.0,668.0,257.0,693.0,257.0,,,,,,,,0.0,0.0,0.0,0.0,0.0,0.0,0.0,0.0,0.0,29,0.0,0.0,0.0,0.0,0.0,0.0,0.0,0.0,0.0,0.0,0.0,0.0,0.0,0.0,0.0,0.0,1.0,0.0,0.0,0.0,0.0,0.0,0.0,0.0,0.0,0.0,0.0,0.0,0.0,0.0
113,Sepp,van den Berg,Van den Berg,a,,,4.5,432,86.0,1.1,188,70.0,4.4,45.0,13.0,6,0,0.0,0,0.0,6339,321,1.0,18.4,4.9,4.4,3.5,117.0,42.0,100.0,100.0,72.0,32.0,329.0,112.0,102.0,12.0,139.0,44.0,,,,,,,,0.12,0.02,0.14,1.36,0.0,0.21,1.44,0.98,8.99,29,6.0,90.0,0.0,0.0,1.0,0.0,0.0,0.0,0.0,0.0,0.0,0.0,1.0,0.0,25.0,16519.0,2624.0,0.0,0.10000000000000009,0.010000000000000009,0.10999999999999988,1.9199999999999982,16.80000000000001,0.5,17.0,3.3999999999999915,0.0,7.0,6.0,7.0
114,Benjamin,Arthur,Arthur,u,has joined Celtic on loan for the rest of the season.,,3.8,815,261.0,0.2,380,143.0,0.0,413.0,160.0,0,0,0.0,-2,2.0,0,53,0.0,0.0,0.0,0.0,0.0,538.0,199.0,0.0,0.0,528.0,199.0,514.0,199.0,484.0,194.0,530.0,199.0,,,,,,,,0.0,0.0,0.0,0.0,0.0,0.0,0.0,0.0,0.0,29,0.0,0.0,0.0,0.0,0.0,0.0,0.0,0.0,0.0,0.0,0.0,0.0,0.0,0.0,0.0,0.0,150.0,0.0,0.0,0.0,0.0,0.0,0.0,0.0,0.0,0.0,0.0,0.0,0.0,0.0
115,Benjamin,Fredrick,Fredrick,u,has joined Dender on loan for the rest of the season.,,4.0,728,203.0,0.1,526,187.0,0.0,513.0,210.0,0,0,0.0,0,0.0,0,5,0.0,0.0,0.0,0.0,0.0,628.0,241.0,0.0,0.0,618.0,241.0,610.0,241.0,582.0,238.0,620.0,241.0,,,,,,,,0.0,0.0,0.0,0.0,0.0,0.0,0.0,0.0,0.0,29,0.0,0.0,0.0,0.0,0.0,0.0,0.0,0.0,0.0,0.0,0.0,0.0,0.0,0.0,0.0,0.0,16.0,0.0,0.0,0.0,0.0,0.0,0.0,0.0,0.0,0.0,0.0,0.0,0.0,0.0
116,Aaron,Hickey,Hickey,i,Hamstring injury - Expected back 11 Apr,,4.0,687,173.0,0.4,278,102.0,0.4,337.0,116.0,0,0,0.0,0,0.0,5,598,0.1,8.2,0.0,0.0,1.8,361.0,135.0,0.0,0.0,376.0,143.0,401.0,146.0,337.0,110.0,394.0,143.0,,,,,,,,0.06,0.03,0.09,0.99,0.0,0.31,1.22,1.07,6.43,29,0.0,0.0,0.0,0.0,0.0,0.0,0.0,0.0,0.0,0.0,0.0,0.0,0.0,0.0,0.0,17.0,1923.0,0.0,0.0,0.0,0.0,0.0,0.0,0.0,0.0,0.0,0.0,0.0,0.0,0.0
117,Kim,Ji-soo,Ji-soo,u,has joined Kaiserslautern on loan for the rest of the season.,,3.9,781,229.0,0.1,521,185.0,0.0,449.0,171.0,0,0,0.0,-1,1.0,0,15,0.0,0.0,0.0,0.0,0.0,571.0,207.0,0.0,0.0,561.0,207.0,549.0,207.0,519.0,202.0,563.0,207.0,,,,,,,,0.0,0.0,0.0,0.0,0.0,0.0,0.0,0.0,0.0,29,0.0,0.0,0.0,0.0,0.0,0.0,0.0,0.0,0.0,0.0,0.0,0.0,0.0,0.0,0.0,0.0,28.0,0.0,0.0,0.0,0.0,0.0,0.0,0.0,0.0,0.0,0.0,0.0,0.0,0.0
118,Jayden,Meghoma,Meghoma,u,Has joined Rangers on loan for the rest of the season.,,4.0,699,181.0,0.0,611,217.0,0.0,488.0,191.0,0,0,0.0,0,0.0,0,1,0.0,0.0,0.0,0.0,0.0,605.0,224.0,0.0,0.0,595.0,224.0,586.0,224.0,557.0,220.0,597.0,224.0,,,,,,,,0.0,0.0,0.0,0.0,0.0,0.0,0.0,0.0,0.0,29,0.0,0.0,0.0,0.0,0.0,0.0,0.0,0.0,0.0,0.0,0.0,0.0,0.0,0.0,0.0,0.0,2.0,0.0,0.0,0.0,0.0,0.0,0.0,0.0,0.0,0.0,0.0,0.0,0.0,0.0
120,Kevin,Schade,Schade,a,,,6.9,41,25.0,1.7,148,51.0,2.2,173.0,74.0,3,0,0.0,-1,1.0,7848,1380,0.3,14.1,2.7,2.2,3.7,101.0,48.0,100.0,100.0,80.0,25.0,78.0,59.0,12.0,5.0,25.0,20.0,,,3.0,,,,,0.42,0.08,0.5,1.24,0.0,0.35,1.09,1.05,6.76,29,3.0,90.0,0.0,0.0,1.0,0.0,0.0,0.0,0.0,0.0,0.0,0.0,1.0,0.0,2.0,31938.0,4770.0,0.0,0.129999999999999,0.07000000000000006,0.20000000000000107,1.9200000000000017,2.1999999999999886,16.399999999999977,11.0,3.0,0.0,0.0,3.0,3.0
121,Mikkel,Damsgaard,Damsgaard,a,,,5.6,130,80.0,0.8,210,74.0,4.8,30.0,14.0,3,0,0.0,-4,4.0,6079,718,0.9,15.2,5.3,4.8,3.4,139.0,61.0,100.0,100.0,112.0,37.0,26.0,25.0,100.0,61.0,50.0,34.0,,3.0,,,,,,0.11,0.24,0.35,1.36,0.0,0.18,1.51,1.02,10.11,29,3.0,90.0,0.0,0.0,1.0,0.0,0.0,0.0,0.0,0.0,0.0,0.0,1.0,0.0,9.0,20160.0,1539.0,0.0,0.0,0.03000000000000025,0.03000000000000025,1.9199999999999982,12.199999999999989,13.899999999999977,4.0,3.0,2.0,3.0,5.0,10.0
122,Antoni,Milambo,Milambo,i,Knee injury - Expected back 01 Jun,,5.2,217,135.0,0.0,652,261.0,0.0,770.0,335.0,0,0,0.0,-3,3.0,2,1,0.0,0.2,0.0,0.0,1.0,500.0,232.0,0.0,0.0,479.0,218.0,456.0,219.0,791.0,349.0,490.0,224.0,,,,,,,,0.0,0.02,0.02,2.98,0.0,0.0,6.0,2.0,8.0,29,0.0,0.0,0.0,0.0,0.0,0.0,0.0,0.0,0.0,0.0,0.0,0.0,0.0,0.0,0.0,5.0,6.0,0.0,0.0,0.0,0.0,0.0,0.0,0.0,0.0,0.0,0.0,0.0,0.0,0.0
123,Fábio,Freitas Gouveia Carvalho,Carvalho,i,Knee injury - Expected back 01 Jun,,4.7,386,241.0,0.1,466,159.0,0.0,697.0,285.0,0,0,0.0,-3,3.0,7,16,0.0,2.8,0.0,0.0,2.2,306.0,133.0,0.0,0.0,421.0,184.0,435.0,211.0,345.0,180.0,426.0,192.0,,,4.0,,,,,0.63,0.03,0.66,1.87,0.0,0.0,3.6,0.9,7.2,29,0.0,0.0,0.0,0.0,0.0,0.0,0.0,0.0,0.0,0.0,0.0,0.0,0.0,0.0,0.0,8.0,38.0,0.0,0.0,0.0,0.0,0.0,0.0,0.0,0.0,0.0,0.0,0.0,0.0,0.0
124,Jordan,Henderson,Henderson,a,,,5.0,244,149.0,0.3,299,103.0,1.6,214.0,90.0,3,0,0.0,0,0.0,127,142,0.3,13.6,2.1,1.6,2.5,272.0,116.0,100.0,100.0,191.0,80.0,82.0,62.0,335.0,174.0,189.0,96.0,,,,,,,,0.02,0.12,0.14,1.32,0.0,0.28,1.32,1.05,8.59,29,3.0,61.0,0.0,0.0,1.0,0.0,0.0,0.0,0.0,0.0,0.0,0.0,1.0,0.0,14.0,273.0,629.0,0.0,0.0,0.009999999999999787,0.009999999999999787,1.6999999999999993,7.199999999999989,3.7999999999999545,0.0,1.1000000000000085,1.0,4.0,4.0,9.0
125,Vitaly,Janelt,Janelt,i,Foot injury - Unknown return date,,4.9,302,189.0,0.2,362,121.0,2.2,161.0,67.0,0,0,0.0,-1,1.0,1,1738,0.4,14.3,0.0,0.0,3.2,155.0,67.0,0.0,0.0,170.0,66.0,90.0,69.0,257.0,140.0,155.0,83.0,2.0,,,,,,,0.06,0.14,0.2,1.45,0.0,0.36,1.15,0.93,11.78,29,0.0,0.0,0.0,0.0,0.0,0.0,0.0,0.0,0.0,0.0,0.0,0.0,0.0,0.0,0.0,8.0,6657.0,0.0,0.0,0.0,0.0,0.0,0.0,0.0,0.0,0.0,0.0,0.0,0.0,0.0
126,Mathias,Jensen,Jensen,a,,,4.9,305,191.0,0.1,482,169.0,3.4,87.0,39.0,4,0,0.0,-1,1.0,212,51,0.7,13.3,3.9,3.4,2.4,287.0,124.0,,,209.0,88.0,57.0,46.0,184.0,102.0,131.0,75.0,1.0,2.0,5.0,,,,,0.12,0.24,0.36,1.4,0.0,0.37,1.29,1.04,8.11,29,4.0,90.0,0.0,0.0,1.0,0.0,0.0,0.0,0.0,1.0,0.0,0.0,1.0,0.0,20.0,488.0,572.0,0.0,0.020000000000000018,0.2599999999999998,0.28000000000000025,1.9199999999999982,27.19999999999999,31.80000000000001,2.0,6.099999999999994,3.0,7.0,8.0,18.0
127,Gustavo,Nunes Fernandes Gomes,Nunes,u,has joined Swansea City on loan for the rest of the season.,,4.9,346,215.0,0.0,721,299.0,0.0,740.0,314.0,0,0,0.0,-1,1.0,0,5,0.0,0.0,0.0,0.0,0.0,780.0,339.0,0.0,0.0,779.0,338.0,775.0,338.0,771.0,336.0,779.0,338.0,,,,,,,,0.0,0.0,0.0,0.0,0.0,0.0,0.0,0.0,0.0,29,0.0,0.0,0.0,0.0,0.0,0.0,0.0,0.0,0.0,0.0,0.0,0.0,0.0,0.0,0.0,0.0,17.0,0.0,0.0,0.0,0.0,0.0,0.0,0.0,0.0,0.0,0.0,0.0,0.0,0.0
128,Frank,Onyeka,Onyeka,u,has joined Coventry City on loan for the rest of the season.,,4.8,366,228.0,0.0,606,232.0,0.0,709.0,293.0,0,0,0.0,-2,2.0,0,8,0.0,2.5,0.0,0.0,2.0,332.0,143.0,0.0,0.0,435.0,193.0,407.0,202.0,435.0,214.0,452.0,203.0,,,,,,,,0.0,0.37,0.37,2.07,0.0,0.0,2.05,0.0,10.23,29,0.0,0.0,0.0,0.0,0.0,0.0,0.0,0.0,0.0,0.0,0.0,0.0,0.0,0.0,0.0,0.0,14.0,0.0,0.0,0.0,0.0,0.0,0.0,0.0,0.0,0.0,0.0,0.0,0.0,0.0
131,Yunus Emre,Konak,Konak,u,has joined Oxford United on loan for the rest of the season.,,4.3,622,366.0,0.1,414,141.0,0.0,572.0,198.0,0,0,0.0,-2,2.0,0,61,0.0,0.0,0.0,0.0,0.0,664.0,257.0,0.0,0.0,654.0,247.0,650.0,252.0,627.0,241.0,656.0,249.0,,,,,,,,0.0,0.0,0.0,0.0,0.0,0.0,0.0,0.0,0.0,29,0.0,0.0,0.0,0.0,0.0,0.0,0.0,0.0,0.0,0.0,0.0,0.0,0.0,0.0,0.0,0.0,237.0,0.0,0.0,0.0,0.0,0.0,0.0,0.0,0.0,0.0,0.0,0.0,0.0,0.0
137,Iwan,Morgan,Morgan,u,has joined Shrewsbury on loan for the rest of the season.,,4.4,556,78.0,0.3,319,52.0,0.0,593.0,60.0,0,0,0.0,-1,1.0,0,73,0.0,0.0,0.0,0.0,0.0,678.0,70.0,0.0,0.0,670.0,70.0,665.0,69.0,645.0,69.0,672.0,70.0,,,,,,,,0.0,0.0,0.0,0.0,0.0,0.0,0.0,0.0,0.0,29,0.0,0.0,0.0,0.0,0.0,0.0,0.0,0.0,0.0,0.0,0.0,0.0,0.0,0.0,0.0,0.0,198.0,0.0,0.0,0.0,0.0,0.0,0.0,0.0,0.0,0.0,0.0,0.0,0.0,0.0
748,Josh,Dasilva,Dasilva,i,Lack of match fitness - Expected back 24 May,,4.9,298,186.0,0.0,809,359.0,0.0,718.0,300.0,0,0,0.0,-1,1.0,2,1,0.0,0.0,0.0,0.0,0.0,768.0,330.0,0.0,0.0,767.0,329.0,763.0,329.0,757.0,327.0,767.0,329.0,,,,,,,,0.0,0.0,0.0,0.0,0.0,0.0,0.0,0.0,0.0,29,0.0,0.0,0.0,0.0,0.0,0.0,0.0,0.0,0.0,0.0,0.0,0.0,0.0,0.0,0.0,6.0,3.0,0.0,0.0,0.0,0.0,0.0,0.0,0.0,0.0,0.0,0.0,0.0,0.0,0.0
797,Kaye,Furo,Furo,a,,,4.5,487,69.0,0.0,705,88.0,0.0,670.0,69.0,0,0,0.0,0,0.0,21,33,0.0,0.0,0.5,0.0,0.0,738.0,79.0,,,736.0,79.0,730.0,78.0,717.0,78.0,736.0,79.0,,,,,,,,0.0,0.0,0.0,0.0,0.0,0.0,0.0,0.0,0.0,29,0.0,0.0,0.0,0.0,0.0,0.0,0.0,0.0,0.0,0.0,0.0,0.0,0.0,0.0,0.0,80.0,92.0,0.0,0.0,0.0,0.0,0.0,0.0,0.0,0.0,0.0,0.0,0.0,0.0,0.0
810,Luka,Bentt,Bentt,a,,,4.5,468,285.0,0.0,802,355.0,0.0,652.0,250.0,0,0,0.0,0,0.0,8,6,0.0,0.0,0.5,0.0,0.0,724.0,298.0,,,721.0,295.0,716.0,296.0,701.0,290.0,722.0,296.0,,,,,,,,0.0,0.0,0.0,0.0,0.0,0.0,0.0,0.0,0.0,29,0.0,0.0,0.0,0.0,0.0,0.0,0.0,0.0,0.0,0.0,0.0,0.0,0.0,0.0,0.0,26.0,24.0,0.0,0.0,0.0,0.0,0.0,0.0,0.0,0.0,0.0,0.0,0.0,0.0,0.0
819,Ollie,Shield,Shield,a,,,4.0,695,178.0,0.0,808,265.0,0.0,484.0,188.0,0,0,0.0,0,0.0,17,4,0.0,0.0,0.5,0.0,0.0,602.0,222.0,,,592.0,222.0,583.0,222.0,554.0,218.0,594.0,222.0,,,,,,,,0.0,0.0,0.0,0.0,0.0,0.0,0.0,0.0,0.0,29,0.0,0.0,0.0,0.0,0.0,0.0,0.0,0.0,0.0,0.0,0.0,0.0,0.0,0.0,0.0,53.0,7.0,0.0,0.0,0.0,0.0,0.0,0.0,0.0,0.0,0.0,0.0,0.0,0.0,0.0
138,Jason,Steele,Steele,a,,,4.2,624,31.0,0.2,350,50.0,0.0,526.0,81.0,0,0,0.0,-3,3.0,36,55,0.0,0.0,0.0,-1.0,0.0,637.0,87.0,,,627.0,87.0,620.0,76.0,593.0,63.0,629.0,87.0,,,,,,,,0.0,0.0,0.0,0.0,0.0,0.0,0.0,0.0,0.0,29,0.0,0.0,0.0,0.0,0.0,0.0,0.0,0.0,0.0,0.0,0.0,0.0,0.0,0.0,0.0,69.0,143.0,0.0,0.0,0.0,0.0,0.0,0.0,0.0,0.0,0.0,0.0,0.0,0.0,0.0
139,Bart,Verbruggen,Verbruggen,a,,,4.5,444,25.0,5.4,67,11.0,3.4,85.0,10.0,2,0,0.0,0,0.0,1558,1352,0.8,20.2,3.4,2.4,3.1,173.0,18.0,,,13.0,3.0,423.0,8.0,683.0,78.0,161.0,3.0,,,,,,,,0.0,0.0,0.0,1.35,2.76,0.21,1.24,1.0,0.0,29,2.0,90.0,0.0,0.0,0.0,1.0,0.0,0.0,0.0,0.0,0.0,1.0,1.0,0.0,3.0,3194.0,8457.0,0.0,0.0,0.0,0.0,0.4299999999999997,7.2000000000000455,0.0,0.0,0.7000000000000028,0.0,1.0,5.0,0.0
140,Tom,McGill,McGill,a,,,3.9,752,77.0,0.3,313,43.0,0.0,426.0,38.0,0,0,0.0,-1,1.0,28,43,0.0,0.0,0.0,-1.0,0.0,549.0,47.0,,,539.0,47.0,526.0,30.0,496.0,17.0,541.0,47.0,,,,,,,,0.0,0.0,0.0,0.0,0.0,0.0,0.0,0.0,0.0,29,0.0,0.0,0.0,0.0,0.0,0.0,0.0,0.0,0.0,0.0,0.0,0.0,0.0,0.0,0.0,81.0,113.0,0.0,0.0,0.0,0.0,0.0,0.0,0.0,0.0,0.0,0.0,0.0,0.0,0.0
141,Carl,Rushworth,Rushworth,u,Has joined Coventry City on loan for the rest of the season.,,4.0,688,55.0,0.0,806,92.0,0.0,477.0,68.0,0,0,0.0,0,0.0,0,0,0.0,0.0,0.0,0.0,0.0,596.0,75.0,0.0,0.0,586.0,75.0,577.0,62.0,548.0,49.0,588.0,75.0,,,,,,,,0.0,0.0,0.0,0.0,0.0,0.0,0.0,0.0,0.0,29,0.0,0.0,0.0,0.0,0.0,0.0,0.0,0.0,0.0,0.0,0.0,0.0,0.0,0.0,0.0,0.0,0.0,0.0,0.0,0.0,0.0,0.0,0.0,0.0,0.0,0.0,0.0,0.0,0.0,0.0
142,Kjell,Scherpen,Scherpen,u,Has joined Union SG permanently,,4.0,676,48.0,0.0,807,93.0,0.0,466.0,61.0,0,0,0.0,0,0.0,0,0,0.0,0.0,0.0,0.0,0.0,586.0,68.0,0.0,0.0,576.0,68.0,567.0,55.0,538.0,42.0,578.0,68.0,,,,,,,,0.0,0.0,0.0,0.0,0.0,0.0,0.0,0.0,0.0,29,0.0,0.0,0.0,0.0,0.0,0.0,0.0,0.0,0.0,0.0,0.0,0.0,0.0,0.0,0.0,0.0,0.0,0.0,0.0,0.0,0.0,0.0,0.0,0.0,0.0,0.0,0.0,0.0,0.0,0.0
143,Olivier,Boscagli,Boscagli,a,,,4.2,630,143.0,0.1,503,179.0,1.2,248.0,93.0,1,0,0.0,-3,3.0,27,20,0.3,5.0,1.2,0.2,2.6,245.0,92.0,,,329.0,127.0,350.0,122.0,396.0,143.0,380.0,135.0,,,,,,,,0.01,0.06,0.07,1.09,0.0,0.21,1.03,1.03,8.61,29,1.0,90.0,0.0,0.0,0.0,1.0,0.0,0.0,0.0,1.0,0.0,0.0,1.0,0.0,12.0,48.0,76.0,0.0,0.0,0.07,0.07,0.4299999999999997,22.0,6.799999999999997,0.0,2.8999999999999986,2.0,7.0,7.0,9.0
144,Diego,Coppola,Coppola,u,has joined Paris FC on loan for the rest of the season.,,4.2,643,152.0,0.0,598,213.0,0.0,537.0,225.0,0,0,0.0,-3,3.0,0,5,0.0,2.4,0.0,0.0,2.0,328.0,122.0,0.0,0.0,419.0,157.0,448.0,162.0,443.0,167.0,449.0,162.0,,,,,,,,0.0,0.0,0.0,2.11,0.0,0.47,1.4,0.93,8.39,29,0.0,0.0,0.0,0.0,0.0,0.0,0.0,0.0,0.0,0.0,0.0,0.0,0.0,0.0,0.0,0.0,17.0,0.0,0.0,0.0,0.0,0.0,0.0,0.0,0.0,0.0,0.0,0.0,0.0,0.0
145,Maxim,De Cuyper,De Cuyper,a,,,4.3,590,134.0,1.7,149,57.0,0.8,286.0,103.0,0,0,0.0,-2,2.0,132,881,0.2,14.0,0.8,-0.2,2.6,247.0,94.0,100.0,100.0,255.0,104.0,83.0,19.0,205.0,49.0,184.0,61.0,3.0,1.0,,,,,,0.12,0.17,0.29,1.65,0.0,0.32,1.43,1.11,3.98,29,0.0,0.0,0.0,0.0,0.0,0.0,0.0,0.0,0.0,0.0,0.0,0.0,0.0,0.0,0.0,311.0,3564.0,0.0,0.0,0.0,0.0,0.0,0.0,0.0,0.0,0.0,0.0,0.0,0.0,0.0
146,Lewis,Dunk,Dunk,a,,,4.5,407,72.0,1.0,192,72.0,2.6,131.0,49.0,0,0,0.0,0,0.0,400,509,0.6,15.6,2.6,1.6,2.6,249.0,96.0,100.0,100.0,58.0,27.0,266.0,80.0,191.0,45.0,141.0,46.0,,3.0,,,,,,0.05,0.02,0.07,1.37,0.0,0.19,1.28,0.98,7.58,29,0.0,0.0,0.0,0.0,0.0,0.0,0.0,0.0,0.0,0.0,0.0,0.0,0.0,0.0,0.0,919.0,1800.0,0.0,0.0,0.0,0.0,0.0,0.0,0.0,0.0,0.0,0.0,0.0,0.0,0.0
147,Pervis,Estupiñán Tenorio,Estupiñan,u,Has joined AC Milan permanently,,4.5,418,79.0,0.0,744,256.0,0.0,615.0,240.0,0,0,0.0,0,0.0,0,0,0.0,0.0,0.0,0.0,0.0,694.0,255.0,0.0,0.0,688.0,255.0,683.0,255.0,664.0,254.0,690.0,255.0,,,,,,,,0.0,0.0,0.0,0.0,0.0,0.0,0.0,0.0,0.0,29,0.0,0.0,0.0,0.0,0.0,0.0,0.0,0.0,0.0,0.0,0.0,0.0,0.0,0.0,0.0,0.0,2.0,0.0,0.0,0.0,0.0,0.0,0.0,0.0,0.0,0.0,0.0,0.0,0.0,0.0
148,Ferdi,Kadıoğlu,F.Kadıoğlu,a,,,4.4,530,108.0,0.3,303,111.0,3.0,108.0,41.0,1,0,0.0,-1,1.0,221,195,0.7,17.3,3.0,2.0,2.7,228.0,89.0,,,146.0,63.0,73.0,16.0,156.0,33.0,111.0,31.0,,,,,,,,0.06,0.09,0.15,1.34,0.0,0.23,1.2,0.97,4.81,29,1.0,90.0,0.0,0.0,0.0,1.0,0.0,0.0,0.0,1.0,0.0,0.0,1.0,0.0,5.0,492.0,1316.0,0.0,0.0,0.029999999999999805,0.029999999999999805,0.4299999999999997,8.399999999999977,4.899999999999977,6.0,1.9000000000000057,0.0,4.0,2.0,4.0
149,Igor Julio,dos Santos de Paulo,Igor,a,,,4.5,422,82.0,0.1,524,186.0,0.0,618.0,242.0,0,0,0.0,0,0.0,28,23,0.0,1.3,0.0,-1.0,1.5,408.0,149.0,100.0,100.0,437.0,162.0,418.0,152.0,667.0,256.0,456.0,164.0,,,,,,,,0.0,0.0,0.0,4.07,0.0,0.0,2.62,0.87,11.36,29,0.0,0.0,0.0,0.0,0.0,0.0,0.0,0.0,0.0,0.0,0.0,0.0,0.0,0.0,0.0,66.0,66.0,0.0,0.0,0.0,0.0,0.0,0.0,0.0,0.0,0.0,0.0,0.0,0.0,0.0
150,Tariq,Lamptey,Lamptey,u,has joined Fiorentina permanently.,,4.4,532,110.0,0.1,513,182.0,0.0,579.0,236.0,0,0,0.0,-1,1.0,0,7,0.0,0.0,0.0,0.0,0.0,669.0,254.0,0.0,0.0,659.0,254.0,655.0,254.0,633.0,253.0,661.0,254.0,,,,,,,,0.0,0.0,0.0,0.0,0.0,0.0,0.0,0.0,0.0,29,0.0,0.0,0.0,0.0,0.0,0.0,0.0,0.0,0.0,0.0,0.0,0.0,0.0,0.0,0.0,0.0,13.0,0.0,0.0,0.0,0.0,0.0,0.0,0.0,0.0,0.0,0.0,0.0,0.0,0.0
151,Jan Paul,van Hecke,Van Hecke,a,,,4.4,544,117.0,3.8,91,32.0,4.4,44.0,12.0,4,0,0.0,-1,1.0,4847,1596,1.0,24.8,4.4,3.4,4.0,59.0,23.0,100.0,100.0,8.0,3.0,182.0,46.0,109.0,14.0,52.0,7.0,,,,,,,,0.08,0.05,0.13,1.36,0.0,0.23,1.27,1.01,8.59,29,4.0,90.0,0.0,0.0,0.0,1.0,0.0,0.0,0.0,0.0,0.0,0.0,1.0,0.0,17.0,12116.0,10414.0,0.0,0.0,0.28,0.28000000000000025,0.4299999999999997,28.199999999999932,26.700000000000017,2.0,5.700000000000003,4.0,6.0,1.0,10.0
152,Joël,Veltman,Veltman,a,,,4.3,576,123.0,0.1,429,160.0,0.8,283.0,100.0,1,0,0.0,-2,2.0,45,73,0.2,7.9,0.8,-0.2,2.0,329.0,123.0,100.0,100.0,250.0,101.0,304.0,100.0,301.0,89.0,306.0,103.0,,,,,,,,0.11,0.01,0.12,1.58,0.0,0.11,1.29,0.86,9.43,29,1.0,13.0,0.0,0.0,0.0,0.0,0.0,0.0,0.0,0.0,0.0,0.0,0.0,0.0,4.0,89.0,263.0,0.0,0.0,0.0,0.0,0.03999999999999915,5.800000000000011,0.29999999999999716,0.0,0.6000000000000014,0.0,3.0,0.0,3.0
153,Adam,Webster,Webster,i,Knee injury - Unknown return date,,4.4,523,102.0,0.0,761,258.0,0.0,575.0,233.0,0,0,0.0,-1,1.0,5,1,0.0,0.0,0.0,0.0,0.0,666.0,252.0,0.0,0.0,656.0,252.0,652.0,252.0,630.0,251.0,658.0,252.0,,,,,,,,0.0,0.0,0.0,0.0,0.0,0.0,0.0,0.0,0.0,29,0.0,0.0,0.0,0.0,0.0,0.0,0.0,0.0,0.0,0.0,0.0,0.0,0.0,0.0,0.0,11.0,9.0,0.0,0.0,0.0,0.0,0.0,0.0,0.0,0.0,0.0,0.0,0.0,0.0,0.0
154,Eiran,Cashin,Cashin,u,has joined Blackburn Rovers on loan for the rest of the season.,,4.0,679,169.0,0.0,778,260.0,0.0,469.0,180.0,0,0,0.0,0,0.0,0,0,0.0,0.0,0.0,0.0,0.0,589.0,216.0,0.0,0.0,579.0,216.0,570.0,216.0,541.0,212.0,581.0,216.0,,,,,,,,0.0,0.0,0.0,0.0,0.0,0.0,0.0,0.0,0.0,29,0.0,0.0,0.0,0.0,0.0,0.0,0.0,0.0,0.0,0.0,0.0,0.0,0.0,0.0,0.0,0.0,0.0,0.0,0.0,0.0,0.0,0.0,0.0,0.0,0.0,0.0,0.0,0.0,0.0,0.0
155,Jacob,Slater,Slater,u,has joined Harrogate Town on loan until January.,,4.0,722,197.0,0.1,496,176.0,0.0,508.0,205.0,0,0,0.0,0,0.0,0,7,0.0,0.0,0.0,0.0,0.0,623.0,236.0,0.0,0.0,613.0,236.0,605.0,236.0,577.0,233.0,615.0,236.0,,,,,,,,0.0,0.0,0.0,0.0,0.0,0.0,0.0,0.0,0.0,29,0.0,0.0,0.0,0.0,0.0,0.0,0.0,0.0,0.0,0.0,0.0,0.0,0.0,0.0,0.0,0.0,19.0,0.0,0.0,0.0,0.0,0.0,0.0,0.0,0.0,0.0,0.0,0.0,0.0,0.0
156,Charlie,Tasker,Tasker,a,,,3.8,808,255.0,0.2,408,149.0,0.0,408.0,156.0,0,0,0.0,-2,2.0,40,44,0.0,0.0,0.0,-1.0,0.0,533.0,195.0,,,523.0,195.0,509.0,195.0,478.0,189.0,525.0,195.0,,,,,,,,0.0,0.0,0.0,0.0,0.0,0.0,0.0,0.0,0.0,29,0.0,0.0,0.0,0.0,0.0,0.0,0.0,0.0,0.0,0.0,0.0,0.0,0.0,0.0,0.0,145.0,140.0,0.0,0.0,0.0,0.0,0.0,0.0,0.0,0.0,0.0,0.0,0.0,0.0,0.0
157,Mitoma,Kaoru,Mitoma,d,Ankle injury - 75% chance of playing,,6.1,83,54.0,1.9,138,46.0,2.0,186.0,79.0,1,0,0.0,-4,4.0,516,865,0.3,8.2,1.5,1.0,2.6,260.0,111.0,75.0,100.0,246.0,105.0,68.0,52.0,77.0,46.0,109.0,64.0,,,,,,,,0.2,0.14,0.34,1.2,0.0,0.26,1.02,1.02,5.11,29,1.0,45.0,0.0,0.0,0.0,1.0,0.0,0.0,0.0,0.0,0.0,0.0,1.0,0.0,1.0,1062.0,3714.0,0.0,0.07000000000000028,0.010000000000000231,0.08000000000000007,0.00999999999999801,0.5999999999999943,1.400000000000034,7.0,0.8999999999999915,1.0,1.0,0.0,2.0
158,Georginio,Rutter,Georginio,a,,,5.6,131,81.0,0.3,306,104.0,1.2,259.0,113.0,4,0,0.0,-4,4.0,111,154,0.2,12.3,1.2,0.2,2.9,205.0,87.0,100.0,100.0,215.0,92.0,100.0,73.0,54.0,33.0,98.0,58.0,,,,,,,,0.13,0.12,0.25,1.11,0.0,0.34,0.96,1.07,6.44,29,4.0,90.0,0.0,0.0,0.0,1.0,0.0,0.0,0.0,0.0,0.0,0.0,1.0,0.0,22.0,161.0,1209.0,0.0,0.17000000000000037,0.14000000000000012,0.3099999999999996,0.4299999999999997,20.400000000000034,23.80000000000001,16.0,6.0,3.0,3.0,7.0,13.0
160,Yankuba,Minteh,Minteh,a,,,5.5,152,95.0,1.8,145,49.0,0.6,330.0,151.0,1,0,0.0,-5,5.0,350,1215,0.1,15.5,0.6,-0.4,3.4,138.0,60.0,100.0,100.0,178.0,70.0,36.0,33.0,30.0,15.0,39.0,29.0,,,,,,,,0.16,0.15,0.31,1.38,0.0,0.32,1.39,0.96,6.97,29,1.0,45.0,0.0,0.0,0.0,0.0,0.0,0.0,0.0,0.0,0.0,0.0,0.0,0.0,9.0,641.0,6546.0,0.0,0.0,0.020000000000000018,0.019999999999999574,0.41999999999999815,11.400000000000034,15.199999999999989,12.0,3.8999999999999915,1.0,2.0,2.0,5.0
161,Julio,Enciso Espínola,Enciso,u,has joined Strasbourg permanently.,,5.4,173,107.0,0.0,746,316.0,0.0,786.0,345.0,0,0,0.0,-1,1.0,0,0,0.0,0.0,0.0,0.0,0.0,804.0,356.0,0.0,0.0,803.0,355.0,802.0,355.0,800.0,354.0,803.0,355.0,,,,,,,,0.0,0.0,0.0,0.0,0.0,0.0,0.0,0.0,0.0,29,0.0,0.0,0.0,0.0,0.0,0.0,0.0,0.0,0.0,0.0,0.0,0.0,0.0,0.0,0.0,0.0,1.0,0.0,0.0,0.0,0.0,0.0,0.0,0.0,0.0,0.0,0.0,0.0,0.0,0.0
162,Brajan,Gruda,Gruda,u,has joined Leipzig on loan for the rest of the season.,,5.4,178,111.0,0.0,592,221.0,0.0,788.0,347.0,0,0,0.0,-1,1.0,0,23,0.0,6.5,0.0,0.0,1.9,358.0,154.0,0.0,0.0,322.0,145.0,151.0,102.0,185.0,103.0,257.0,130.0,,,,,,,,0.24,0.11,0.35,1.76,0.0,0.25,1.4,1.02,7.37,29,0.0,0.0,0.0,0.0,0.0,0.0,0.0,0.0,0.0,0.0,0.0,0.0,0.0,0.0,0.0,0.0,59.0,0.0,0.0,0.0,0.0,0.0,0.0,0.0,0.0,0.0,0.0,0.0,0.0,0.0
163,Jack,Hinshelwood,Hinshelwood,a,,,5.1,242,147.0,0.0,585,220.0,2.8,120.0,52.0,2,0,0.0,-4,4.0,31,29,0.5,9.8,2.8,1.8,2.8,220.0,91.0,100.0,100.0,300.0,136.0,237.0,149.0,164.0,90.0,276.0,138.0,,,,,,,,0.12,0.05,0.17,1.74,0.0,0.18,1.44,0.99,7.55,29,2.0,68.0,0.0,0.0,0.0,1.0,0.0,0.0,0.0,0.0,0.0,0.0,1.0,0.0,1.0,96.0,109.0,0.0,0.25,0.0,0.25,0.25,0.0,13.0,17.0,2.6000000000000014,0.0,0.0,1.0,1.0
164,Matt,O'Riley,O'Riley,a,,,5.5,142,88.0,0.3,297,101.0,0.2,380.0,173.0,0,0,0.0,0,0.0,39,60,0.0,2.4,0.2,-0.8,4.3,45.0,21.0,100.0,100.0,397.0,174.0,310.0,174.0,303.0,164.0,374.0,177.0,5.0,,3.0,,,,,0.59,0.09,0.68,1.13,0.0,0.49,0.97,0.97,4.38,29,0.0,0.0,0.0,0.0,0.0,0.0,0.0,0.0,0.0,0.0,0.0,0.0,0.0,0.0,0.0,70.0,104.0,0.0,0.0,0.0,0.0,0.0,0.0,0.0,0.0,0.0,0.0,0.0,0.0,0.0
166,Yasin,Ayari,Ayari,a,,,4.8,371,232.0,0.4,270,94.0,0.0,712.0,295.0,0,0,0.0,-2,2.0,132,656,0.0,17.3,0.0,-0.8,3.8,82.0,38.0,100.0,75.0,182.0,73.0,155.0,106.0,117.0,71.0,153.0,81.0,,2.0,,,,,,0.13,0.06,0.19,1.29,0.0,0.26,1.1,0.95,10.63,29,0.0,12.0,0.0,0.0,0.0,0.0,0.0,0.0,0.0,1.0,0.0,0.0,0.0,0.0,348.0,211.0,3399.0,0.0,0.0,0.0,0.0,0.03999999999999915,0.19999999999998863,0.5999999999999943,2.0,0.29999999999999716,0.0,1.0,1.0,2.0
167,Carlos,Baleba,Baleba,a,,,4.5,458,277.0,1.5,160,55.0,1.2,251.0,107.0,2,0,0.0,-5,5.0,690,646,0.3,8.9,1.2,0.2,1.7,385.0,164.0,100.0,100.0,358.0,160.0,275.0,165.0,361.0,186.0,362.0,174.0,,,,,,,,0.04,0.02,0.06,1.2,0.0,0.29,1.21,1.36,10.85,29,2.0,77.0,0.0,0.0,0.0,1.0,0.0,0.0,0.0,0.0,0.0,0.0,1.0,0.0,7.0,1492.0,2429.0,0.0,0.18000000000000005,0.010000000000000009,0.18999999999999995,0.39000000000000057,5.599999999999994,2.799999999999997,4.0,1.2000000000000028,0.0,4.0,6.0,10.0
169,Diego,Gómez Amarilla,Gomez,a,,,4.9,339,208.0,0.2,359,120.0,4.6,38.0,19.0,1,0,0.0,-1,1.0,1222,165,0.9,16.1,4.6,3.6,3.0,191.0,80.0,100.0,100.0,120.0,40.0,102.0,74.0,58.0,35.0,75.0,48.0,,5.0,,,,,,0.24,0.07,0.31,1.28,0.0,0.31,1.24,1.08,9.58,29,1.0,76.0,0.0,0.0,0.0,1.0,0.0,0.0,0.0,1.0,0.0,0.0,1.0,0.0,9.0,3988.0,812.0,0.0,0.0,0.030000000000000027,0.03000000000000025,0.389999999999997,8.800000000000011,13.299999999999955,10.0,3.200000000000003,5.0,1.0,3.0,9.0
170,James,Milner,Milner,a,,,4.9,285,178.0,0.1,463,157.0,1.4,231.0,98.0,0,0,0.0,-1,1.0,51,53,0.3,5.9,1.4,0.4,1.7,388.0,167.0,100.0,100.0,341.0,152.0,221.0,143.0,317.0,168.0,337.0,162.0,,,1.0,,,,,0.16,0.1,0.26,1.56,0.0,0.16,2.13,0.66,9.18,29,0.0,0.0,0.0,0.0,0.0,0.0,0.0,0.0,0.0,0.0,0.0,0.0,0.0,0.0,0.0,117.0,117.0,0.0,0.0,0.0,0.0,0.0,0.0,0.0,0.0,0.0,0.0,0.0,0.0,0.0
171,Jeremy,Sarmiento Morante,Sarmiento,u,has joined Middlesbrough on loan for the rest of the season.,,4.9,328,203.0,0.0,704,292.0,0.0,733.0,310.0,0,0,0.0,-1,1.0,0,0,0.0,0.0,0.0,0.0,0.0,776.0,337.0,0.0,0.0,775.0,336.0,771.0,336.0,766.0,334.0,775.0,336.0,,,,,,,,0.0,0.0,0.0,0.0,0.0,0.0,0.0,0.0,0.0,29,0.0,0.0,0.0,0.0,0.0,0.0,0.0,0.0,0.0,0.0,0.0,0.0,0.0,0.0,0.0,0.0,1.0,0.0,0.0,0.0,0.0,0.0,0.0,0.0,0.0,0.0,0.0,0.0,0.0,0.0
172,Tom,Watson,Watson,u,has joined Millwall on loan for the rest of the season.,,4.8,373,234.0,0.0,646,257.0,0.0,713.0,296.0,0,0,0.0,-2,2.0,0,7,0.0,1.0,0.0,0.0,0.8,511.0,239.0,0.0,0.0,473.0,213.0,454.0,218.0,423.0,204.0,472.0,215.0,,,,,,,,0.06,0.05,0.11,2.72,0.0,0.0,3.16,0.0,7.89,29,0.0,0.0,0.0,0.0,0.0,0.0,0.0,0.0,0.0,0.0,0.0,0.0,0.0,0.0,0.0,0.0,16.0,0.0,0.0,0.0,0.0,0.0,0.0,0.0,0.0,0.0,0.0,0.0,0.0,0.0
173,Mats,Wieffer,Wieffer,a,,,4.9,332,206.0,0.1,447,152.0,1.4,236.0,100.0,4,0,0.0,-1,1.0,20,29,0.3,13.3,1.4,0.4,3.4,134.0,58.0,100.0,100.0,158.0,57.0,129.0,88.0,177.0,98.0,147.0,78.0,,,,,,,,0.09,0.1,0.19,1.16,0.0,0.26,1.23,1.04,13.8,29,4.0,76.0,0.0,0.0,0.0,1.0,0.0,0.0,0.0,0.0,0.0,0.0,1.0,0.0,20.0,33.0,173.0,0.0,0.1299999999999999,0.020000000000000018,0.1499999999999999,0.389999999999997,21.0,2.5999999999999943,21.0,4.5,3.0,7.0,4.0,14.0
174,Malick,Yalcouyé,Yalcouye,u,Has joined Swansea City on loan for the rest of the season.,,5.0,281,175.0,0.0,775,335.0,0.0,758.0,328.0,0,0,0.0,0,0.0,0,1,0.0,0.0,0.0,0.0,0.0,795.0,351.0,0.0,0.0,794.0,350.0,792.0,350.0,788.0,348.0,794.0,350.0,,,,,,,,0.0,0.0,0.0,0.0,0.0,0.0,0.0,0.0,0.0,29,0.0,0.0,0.0,0.0,0.0,0.0,0.0,0.0,0.0,0.0,0.0,0.0,0.0,0.0,0.0,0.0,1.0,0.0,0.0,0.0,0.0,0.0,0.0,0.0,0.0,0.0,0.0,0.0,0.0,0.0
175,Joe,Knight,Knight,u,has joined Stevenage permanently.,,4.4,562,336.0,0.1,530,192.0,0.0,599.0,212.0,0,0,0.0,-1,1.0,0,27,0.0,0.2,0.0,0.0,1.0,472.0,209.0,0.0,0.0,675.0,259.0,670.0,263.0,650.0,254.0,677.0,261.0,,,,,,,,0.0,0.0,0.0,0.0,0.0,0.0,0.0,0.0,0.0,29,0.0,0.0,0.0,0.0,0.0,0.0,0.0,0.0,0.0,0.0,0.0,0.0,0.0,0.0,0.0,0.0,87.0,0.0,0.0,0.0,0.0,0.0,0.0,0.0,0.0,0.0,0.0,0.0,0.0,0.0
176,Adrian,Mazilu,Mazilu,u,has joined Dinamo Bucharest permanently.,,4.5,462,281.0,0.0,688,281.0,0.0,647.0,246.0,0,0,0.0,0,0.0,0,1,0.0,0.0,0.0,0.0,0.0,721.0,296.0,0.0,0.0,716.0,291.0,712.0,293.0,696.0,286.0,717.0,292.0,,,,,,,,0.0,0.0,0.0,0.0,0.0,0.0,0.0,0.0,0.0,29,0.0,0.0,0.0,0.0,0.0,0.0,0.0,0.0,0.0,0.0,0.0,0.0,0.0,0.0,0.0,0.0,1.0,0.0,0.0,0.0,0.0,0.0,0.0,0.0,0.0,0.0,0.0,0.0,0.0,0.0
177,Andrew,Moran,Moran,u,Has joined Los Angeles FC on loan for the rest of the season.,,4.5,452,271.0,0.0,700,288.0,0.0,639.0,238.0,0,0,0.0,0,0.0,0,1,0.0,0.0,0.0,0.0,0.0,713.0,288.0,0.0,0.0,708.0,283.0,704.0,285.0,688.0,278.0,709.0,284.0,,,,,,,,0.0,0.0,0.0,0.0,0.0,0.0,0.0,0.0,0.0,29,0.0,0.0,0.0,0.0,0.0,0.0,0.0,0.0,0.0,0.0,0.0,0.0,0.0,0.0,0.0,0.0,6.0,0.0,0.0,0.0,0.0,0.0,0.0,0.0,0.0,0.0,0.0,0.0,0.0,0.0
178,Danny,Welbeck,Welbeck,a,,,6.1,79,25.0,3.8,92,16.0,4.4,51.0,6.0,1,0,0.0,-4,4.0,6075,2830,0.7,15.1,4.4,3.4,3.3,150.0,14.0,100.0,100.0,115.0,10.0,137.0,9.0,28.0,15.0,67.0,14.0,,4.0,2.0,,,,,0.5,0.06,0.56,1.3,0.0,0.33,1.15,0.98,4.21,29,1.0,21.0,0.0,0.0,0.0,0.0,0.0,0.0,0.0,0.0,0.0,0.0,0.0,0.0,2.0,13006.0,9205.0,0.0,0.0,0.0,0.0,0.17999999999999972,0.0,0.09999999999999432,2.0,0.09999999999999432,0.0,0.0,0.0,0.0
179,Evan,Ferguson,Ferguson,u,Has joined AS Roma on loan for the rest of the season,,5.5,150,37.0,0.0,759,92.0,0.0,793.0,84.0,0,0,0.0,0,0.0,0,0,0.0,0.0,0.0,0.0,0.0,809.0,89.0,0.0,0.0,808.0,89.0,807.0,89.0,805.0,89.0,808.0,89.0,,,,,,,,0.0,0.0,0.0,0.0,0.0,0.0,0.0,0.0,0.0,29,0.0,0.0,0.0,0.0,0.0,0.0,0.0,0.0,0.0,0.0,0.0,0.0,0.0,0.0,0.0,0.0,0.0,0.0,0.0,0.0,0.0,0.0,0.0,0.0,0.0,0.0,0.0,0.0,0.0,0.0
181,Charalampos,Kostoulas,Kostoulas,a,,,4.8,375,64.0,0.3,294,47.0,0.6,323.0,42.0,0,0,0.0,-2,2.0,91,222,0.1,6.2,0.6,-0.4,1.9,349.0,40.0,,,326.0,30.0,296.0,32.0,142.0,35.0,293.0,32.0,,,,,,,,0.52,0.07,0.59,1.42,0.0,0.31,2.16,0.62,11.71,29,0.0,0.0,0.0,0.0,0.0,0.0,0.0,0.0,0.0,0.0,0.0,0.0,0.0,0.0,0.0,165.0,672.0,0.0,0.0,0.0,0.0,0.0,0.0,0.0,0.0,0.0,0.0,0.0,0.0,0.0
744,Nehemiah,Oriola,Oriola,a,,,4.5,467,284.0,0.0,717,297.0,0.0,651.0,249.0,0,0,0.0,0,0.0,13,14,0.0,0.2,0.0,-1.0,1.0,479.0,215.0,,,720.0,294.0,715.0,295.0,700.0,289.0,721.0,295.0,,,,,,,,0.0,0.0,0.0,0.0,0.0,0.0,0.0,0.0,0.0,29,0.0,0.0,0.0,0.0,0.0,0.0,0.0,0.0,0.0,0.0,0.0,0.0,0.0,0.0,0.0,38.0,32.0,0.0,0.0,0.0,0.0,0.0,0.0,0.0,0.0,0.0,0.0,0.0,0.0,0.0
761,Freddie,Simmonds,Simmonds,a,,,4.0,727,202.0,0.0,709,245.0,0.0,512.0,209.0,0,0,0.0,0,0.0,4,11,0.0,0.0,0.0,-1.0,0.0,627.0,240.0,,,617.0,240.0,609.0,240.0,581.0,237.0,619.0,240.0,,,,,,,,0.0,0.0,0.0,0.0,0.0,0.0,0.0,0.0,0.0,29,0.0,0.0,0.0,0.0,0.0,0.0,0.0,0.0,0.0,0.0,0.0,0.0,0.0,0.0,0.0,17.0,26.0,0.0,0.0,0.0,0.0,0.0,0.0,0.0,0.0,0.0,0.0,0.0,0.0,0.0
783,Pascal,Groß,Groß,a,,,5.5,135,83.0,0.1,497,178.0,2.8,122.0,53.0,2,0,0.0,0,0.0,215,177,0.5,6.0,2.8,1.8,3.3,149.0,64.0,,,267.0,112.0,89.0,68.0,242.0,133.0,202.0,102.0,1.0,,,,,,,0.08,0.23,0.31,1.13,0.0,0.22,0.76,0.98,7.95,29,2.0,90.0,0.0,0.0,0.0,1.0,0.0,0.0,0.0,0.0,0.0,0.0,1.0,0.0,16.0,411.0,739.0,0.0,0.0,0.07999999999999985,0.08000000000000007,0.4299999999999997,12.0,7.699999999999989,2.0,2.200000000000003,3.0,1.0,2.0,6.0
795,Harry,Howell,Howell,a,,,4.5,489,301.0,0.0,774,334.0,0.8,291.0,129.0,1,0,0.0,0,0.0,7,9,0.2,0.9,0.8,-0.2,1.3,430.0,191.0,,,462.0,206.0,442.0,213.0,451.0,221.0,469.0,213.0,,,,,,,,0.0,0.03,0.03,1.02,0.0,0.0,1.96,0.98,6.85,29,1.0,13.0,0.0,0.0,0.0,0.0,0.0,0.0,0.0,0.0,0.0,0.0,0.0,0.0,2.0,24.0,30.0,0.0,0.0,0.0,0.0,0.040000000000000036,2.999999999999999,0.6999999999999993,0.0,0.40000000000000013,1.0,1.0,1.0,3.0
220,Robert,Lynch Sánchez,Sánchez,a,,,4.9,310,12.0,13.7,24,3.0,1.4,234.0,17.0,0,0,0.0,-1,1.0,2106,11589,0.3,19.8,1.9,1.9,3.6,108.0,14.0,100.0,100.0,35.0,9.0,339.0,1.0,760.0,87.0,188.0,7.0,,,,,,,,0.0,0.0,0.0,1.37,2.73,0.35,1.23,1.04,0.0,29,0.0,0.0,0.0,0.0,0.0,0.0,0.0,0.0,0.0,0.0,0.0,0.0,0.0,0.0,0.0,3651.0,31469.0,0.0,0.0,0.0,0.0,0.0,0.0,0.0,0.0,0.0,0.0,0.0,0.0,0.0
222,Mike,Penders,Penders,u,Has joined RC Strasbourg on loan for the rest of the season.,,4.0,712,64.0,0.0,797,91.0,0.0,498.0,76.0,0,0,0.0,0,0.0,0,0,0.0,0.0,0.0,0.0,0.0,614.0,83.0,0.0,0.0,604.0,83.0,596.0,71.0,568.0,58.0,606.0,83.0,,,,,,,,0.0,0.0,0.0,0.0,0.0,0.0,0.0,0.0,0.0,29,0.0,0.0,0.0,0.0,0.0,0.0,0.0,0.0,0.0,0.0,0.0,0.0,0.0,0.0,0.0,0.0,1.0,0.0,0.0,0.0,0.0,0.0,0.0,0.0,0.0,0.0,0.0,0.0,0.0,0.0
223,Gabriel,Słonina,Slonina,a,,,3.9,764,82.0,0.1,462,70.0,0.0,434.0,43.0,0,0,0.0,-1,1.0,9,39,0.0,0.0,0.5,0.5,0.0,557.0,52.0,,,547.0,52.0,534.0,35.0,504.0,22.0,549.0,52.0,,,,,,,,0.0,0.0,0.0,0.0,0.0,0.0,0.0,0.0,0.0,29,0.0,0.0,0.0,0.0,0.0,0.0,0.0,0.0,0.0,0.0,0.0,0.0,0.0,0.0,0.0,24.0,66.0,0.0,0.0,0.0,0.0,0.0,0.0,0.0,0.0,0.0,0.0,0.0,0.0,0.0
224,Marc,Cucurella Saseta,Cucurella,a,,,6.0,88,5.0,13.7,23,8.0,1.2,262.0,96.0,1,0,0.0,0,0.0,804,8259,0.2,15.2,1.7,0.8,3.6,113.0,40.0,100.0,50.0,92.0,41.0,56.0,9.0,138.0,26.0,84.0,18.0,,,,,,,,0.08,0.14,0.22,1.33,0.0,0.43,1.0,1.04,6.69,29,1.0,11.0,0.0,0.0,0.0,0.0,0.0,0.0,0.0,0.0,0.0,0.0,0.0,0.0,7.0,908.0,26076.0,0.0,0.0,0.1499999999999999,0.14999999999999947,0.4400000000000013,4.399999999999977,10.300000000000011,0.0,1.5,0.0,1.0,0.0,1.0
225,Reece,James,James,a,,,5.6,129,13.0,8.2,43,16.0,2.8,123.0,46.0,2,0,0.0,1,-1.0,6993,2896,0.5,19.8,3.3,3.3,4.3,46.0,18.0,100.0,100.0,100.0,45.0,46.0,5.0,247.0,67.0,94.0,25.0,2.0,2.0,,,,,,0.04,0.13,0.17,1.35,0.0,0.4,0.95,0.95,6.04,29,2.0,90.0,0.0,0.0,0.0,1.0,0.0,0.0,0.0,0.0,0.0,0.0,1.0,0.0,12.0,19859.0,8107.0,0.0,0.040000000000000036,0.020000000000000018,0.06000000000000005,0.879999999999999,10.800000000000011,8.300000000000011,9.0,2.799999999999997,1.0,3.0,3.0,4.0
226,Trevoh,Chalobah,Chalobah,a,,,5.6,125,12.0,19.0,18,6.0,2.4,152.0,56.0,2,0,0.0,6,-6.0,2538,25237,0.4,23.0,2.9,2.9,4.6,29.0,11.0,100.0,100.0,22.0,8.0,272.0,82.0,193.0,46.0,106.0,29.0,,,,,,,,0.04,0.04,0.08,1.27,0.0,0.33,1.21,1.02,9.0,29,2.0,90.0,0.0,0.0,0.0,1.0,0.0,0.0,0.0,0.0,0.0,0.0,1.0,0.0,11.0,6124.0,98957.0,0.0,0.0,0.0,0.0,0.8800000000000026,11.600000000000023,0.3999999999999915,0.0,1.2000000000000028,1.0,5.0,2.0,6.0
227,Levi,Samuels Colwill,Colwill,i,Anterior cruciate ligament - Unknown return date,,4.7,388,65.0,0.1,469,171.0,0.0,699.0,248.0,0,0,0.0,-3,3.0,4,3,0.0,0.0,0.0,0.0,0.0,760.0,260.0,0.0,0.0,759.0,260.0,754.0,260.0,746.0,260.0,759.0,260.0,,,,,,,,0.0,0.0,0.0,0.0,0.0,0.0,0.0,0.0,0.0,29,0.0,0.0,0.0,0.0,0.0,0.0,0.0,0.0,0.0,0.0,0.0,0.0,0.0,0.0,0.0,7.0,10.0,0.0,0.0,0.0,0.0,0.0,0.0,0.0,0.0,0.0,0.0,0.0,0.0,0.0
228,Malo,Gusto,Gusto,a,,,4.9,334,54.0,1.9,140,53.0,2.8,117.0,45.0,5,0,0.0,-1,1.0,1017,1155,0.6,18.2,3.3,3.3,3.4,135.0,51.0,100.0,100.0,153.0,68.0,101.0,24.0,171.0,38.0,138.0,43.0,,,,,,,,0.08,0.1,0.18,1.44,0.0,0.38,1.15,0.99,5.04,29,5.0,74.0,0.0,1.0,0.0,1.0,0.0,0.0,0.0,0.0,0.0,0.0,1.0,0.0,20.0,1611.0,5193.0,0.0,0.0,0.5099999999999998,0.5099999999999998,0.4400000000000013,22.19999999999999,14.0,6.0,4.200000000000003,2.0,0.0,4.0,2.0
229,Benoît,Badiashile Mukinayi,B.Badiashile,a,,,4.4,535,113.0,0.0,629,224.0,0.0,580.0,237.0,0,0,0.0,-1,1.0,10,41,0.0,1.6,0.5,0.5,0.9,506.0,175.0,100.0,100.0,351.0,133.0,433.0,156.0,446.0,168.0,413.0,148.0,,,,,,,,0.0,0.01,0.01,1.42,0.0,0.0,1.91,1.15,9.19,29,0.0,0.0,0.0,0.0,0.0,0.0,0.0,0.0,0.0,0.0,0.0,0.0,0.0,0.0,0.0,21.0,193.0,0.0,0.0,0.0,0.0,0.0,0.0,0.0,0.0,0.0,0.0,0.0,0.0,0.0
230,Wesley,Fofana,Fofana,a,,,4.4,540,116.0,0.3,295,110.0,0.8,287.0,104.0,2,0,0.0,-1,1.0,199,295,0.2,11.4,1.3,1.3,2.9,196.0,75.0,100.0,100.0,174.0,72.0,346.0,118.0,351.0,116.0,290.0,95.0,,,,,,,,0.04,0.04,0.08,1.29,0.0,0.33,0.98,0.98,11.04,29,2.0,78.0,0.0,0.0,0.0,1.0,0.0,0.0,0.0,0.0,0.0,0.0,1.0,0.0,7.0,416.0,1370.0,0.0,0.22999999999999998,0.0,0.22999999999999998,0.4400000000000013,4.800000000000011,0.5,12.0,1.7000000000000028,0.0,3.0,1.0,3.0
231,Mamadou,Sarr,M.Sarr,a,,,4.5,475,94.0,0.0,669,235.0,0.4,343.0,122.0,0,0,0.0,0,0.0,90,67,0.1,0.4,0.9,0.9,1.0,481.0,173.0,100.0,100.0,471.0,171.0,488.0,177.0,422.0,159.0,481.0,170.0,,,,,,,,0.35,0.0,0.35,1.4,0.0,0.0,2.97,0.99,7.91,29,0.0,0.0,0.0,0.0,0.0,0.0,0.0,0.0,0.0,0.0,0.0,0.0,0.0,0.0,0.0,246.0,106.0,0.0,0.0,0.0,0.0,0.0,0.0,0.0,0.0,0.0,0.0,0.0,0.0,0.0
232,Tosin,Adarabioyo,Tosin,a,,,4.0,665,162.0,0.3,343,125.0,0.6,312.0,108.0,1,0,0.0,-5,5.0,113,71,0.2,8.2,1.1,1.1,2.4,280.0,105.0,100.0,100.0,243.0,96.0,374.0,132.0,382.0,134.0,343.0,117.0,,,,,,,,0.01,0.05,0.06,1.48,0.0,0.25,1.48,0.86,11.33,29,1.0,11.0,0.0,0.0,0.0,0.0,0.0,0.0,0.0,0.0,0.0,0.0,0.0,0.0,4.0,299.0,207.0,0.0,0.0,0.0,0.0,0.4399999999999995,5.0,0.0,0.0,0.5,0.0,2.0,0.0,2.0
233,Josh,Acheampong,Acheampong,a,,,3.7,818,264.0,1.7,150,58.0,0.4,335.0,114.0,0,0,0.0,-3,3.0,2444,1542,0.1,8.9,0.9,0.9,2.8,208.0,79.0,100.0,100.0,328.0,126.0,356.0,124.0,296.0,87.0,358.0,121.0,,,,,,,,0.1,0.02,0.12,2.21,0.0,0.32,1.9,1.11,6.35,29,0.0,0.0,0.0,0.0,0.0,0.0,0.0,0.0,0.0,0.0,0.0,0.0,0.0,0.0,0.0,7553.0,4143.0,0.0,0.0,0.0,0.0,0.0,0.0,0.0,0.0,0.0,0.0,0.0,0.0,0.0
234,Aarón,Anselmino,Anselmino,u,has joined Strasbourg on loan for the rest of the season.,,4.0,733,208.0,0.1,574,206.0,0.0,516.0,213.0,0,0,0.0,0,0.0,0,3,0.0,0.0,0.0,0.0,0.0,631.0,244.0,0.0,0.0,621.0,244.0,613.0,244.0,585.0,241.0,623.0,244.0,,,,,,,,0.0,0.0,0.0,0.0,0.0,0.0,0.0,0.0,0.0,29,0.0,0.0,0.0,0.0,0.0,0.0,0.0,0.0,0.0,0.0,0.0,0.0,0.0,0.0,0.0,0.0,7.0,0.0,0.0,0.0,0.0,0.0,0.0,0.0,0.0,0.0,0.0,0.0,0.0,0.0
250,Liam,Delap,Delap,a,,,6.2,75,24.0,0.9,198,30.0,1.0,281.0,35.0,1,0,0.0,-3,3.0,134,305,0.2,5.8,1.5,1.5,1.8,379.0,45.0,100.0,100.0,403.0,44.0,332.0,38.0,85.0,26.0,295.0,33.0,,,,,,,,0.46,0.02,0.48,1.38,0.0,0.25,1.61,1.11,3.22,29,1.0,5.0,0.0,0.0,0.0,0.0,0.0,0.0,0.0,0.0,0.0,0.0,0.0,0.0,2.0,266.0,878.0,0.0,0.0,0.0,0.0,0.3500000000000014,0.0,3.0,0.0,0.20000000000000284,0.0,0.0,1.0,1.0
251,Nicolas,Jackson,N.Jackson,u,has joined Bayern Munich on loan for the rest of the season.,,6.5,54,19.0,0.1,529,75.0,0.0,811.0,89.0,0,0,0.0,0,0.0,0,3,0.0,0.0,0.0,0.0,0.0,816.0,92.0,0.0,0.0,816.0,92.0,816.0,92.0,816.0,92.0,816.0,92.0,,,,,,,,0.0,0.0,0.0,0.0,0.0,0.0,0.0,0.0,0.0,29,0.0,0.0,0.0,0.0,0.0,0.0,0.0,0.0,0.0,0.0,0.0,0.0,0.0,0.0,0.0,0.0,4.0,0.0,0.0,0.0,0.0,0.0,0.0,0.0,0.0,0.0,0.0,0.0,0.0,0.0
252,Marc,Guiu Paz,Marc Guiu,a,,,4.1,657,92.0,5.7,65,13.0,0.0,525.0,50.0,0,0,0.0,-4,4.0,2346,3449,0.0,2.9,0.5,0.5,1.3,426.0,52.0,100.0,100.0,440.0,52.0,358.0,44.0,273.0,49.0,406.0,51.0,,,,,,,,0.53,0.11,0.64,2.06,0.0,0.0,0.73,0.36,2.55,29,0.0,0.0,0.0,0.0,0.0,0.0,0.0,0.0,0.0,0.0,0.0,0.0,0.0,0.0,0.0,5536.0,17646.0,0.0,0.0,0.0,0.0,0.0,0.0,0.0,0.0,0.0,0.0,0.0,0.0,0.0
453,Alejandro,Garnacho Ferreyra,Garnacho,a,,,6.4,61,40.0,0.5,268,93.0,1.6,221.0,94.0,6,0,0.0,-1,1.0,386,274,0.2,7.7,2.1,2.1,2.7,242.0,102.0,,,277.0,117.0,84.0,63.0,75.0,44.0,135.0,76.0,,,,,,,,0.28,0.3,0.58,1.56,0.0,0.37,1.19,1.19,5.04,29,6.0,90.0,0.0,1.0,0.0,1.0,0.0,0.0,0.0,0.0,0.0,0.0,1.0,1.0,31.0,834.0,863.0,0.0,0.6199999999999997,0.7200000000000002,1.3400000000000007,0.879999999999999,42.400000000000006,71.9,45.0,15.899999999999991,4.0,0.0,2.0,6.0
672,Jorrel,Hato,Hato,a,,,4.6,404,71.0,0.2,391,147.0,0.6,320.0,111.0,2,0,0.0,-4,4.0,124,84,0.1,2.2,1.1,1.1,0.7,515.0,178.0,100.0,100.0,365.0,139.0,311.0,104.0,371.0,128.0,376.0,132.0,,,,,,,,0.05,0.07,0.12,1.51,0.0,0.0,2.17,0.83,8.17,29,2.0,90.0,0.0,0.0,0.0,1.0,0.0,0.0,0.0,0.0,0.0,0.0,1.0,0.0,11.0,268.0,290.0,0.0,0.06,0.0,0.05999999999999994,0.879999999999999,11.399999999999991,0.8999999999999915,4.0,1.5999999999999979,2.0,2.0,2.0,4.0
803,Teddy,Sharman-Lowe,Sharman-Lowe,a,,,4.0,700,59.0,0.0,791,90.0,0.0,489.0,72.0,0,0,0.0,0,0.0,5,2,0.0,0.0,0.5,0.5,0.0,606.0,79.0,,,596.0,79.0,587.0,66.0,558.0,53.0,598.0,79.0,,,,,,,,0.0,0.0,0.0,0.0,0.0,0.0,0.0,0.0,0.0,29,0.0,0.0,0.0,0.0,0.0,0.0,0.0,0.0,0.0,0.0,0.0,0.0,0.0,0.0,0.0,15.0,5.0,0.0,0.0,0.0,0.0,0.0,0.0,0.0,0.0,0.0,0.0,0.0,0.0,0.0
253,Dean,Henderson,Henderson,a,,,5.0,247,8.0,7.8,48,8.0,5.6,15.0,2.0,0,0,0.0,0,0.0,18228,1677,1.1,22.4,5.6,5.6,4.0,61.0,4.0,,,21.0,5.0,427.0,12.0,775.0,89.0,181.0,5.0,,,,,,,,0.0,0.0,0.0,1.34,2.96,0.36,1.21,1.0,0.0,29,0.0,0.0,0.0,0.0,0.0,0.0,0.0,0.0,0.0,0.0,0.0,0.0,0.0,0.0,0.0,32101.0,6127.0,0.0,0.0,0.0,0.0,0.0,0.0,0.0,0.0,0.0,0.0,0.0,0.0,0.0
254,Walter,Benítez,Benitez,a,,,4.0,667,45.0,0.3,316,44.0,0.0,458.0,58.0,0,0,0.0,0,0.0,64,65,0.0,0.0,0.0,0.0,0.0,579.0,66.0,100.0,100.0,569.0,66.0,559.0,52.0,530.0,39.0,571.0,66.0,,,,,,,,0.0,0.0,0.0,0.0,0.0,0.0,0.0,0.0,0.0,29,0.0,0.0,0.0,0.0,0.0,0.0,0.0,0.0,0.0,0.0,0.0,0.0,0.0,0.0,0.0,130.0,145.0,0.0,0.0,0.0,0.0,0.0,0.0,0.0,0.0,0.0,0.0,0.0,0.0,0.0
255,Remi,Matthews,Matthews,a,,,3.9,750,76.0,0.1,471,71.0,0.0,424.0,37.0,0,0,0.0,-1,1.0,21,23,0.0,0.0,0.0,0.0,0.0,548.0,46.0,,,538.0,46.0,525.0,29.0,495.0,16.0,540.0,46.0,,,,,,,,0.0,0.0,0.0,0.0,0.0,0.0,0.0,0.0,0.0,29,0.0,0.0,0.0,0.0,0.0,0.0,0.0,0.0,0.0,0.0,0.0,0.0,0.0,0.0,0.0,49.0,57.0,0.0,0.0,0.0,0.0,0.0,0.0,0.0,0.0,0.0,0.0,0.0,0.0,0.0
258,Tyrick,Mitchell,Mitchell,a,,,5.0,256,39.0,2.2,132,51.0,3.8,66.0,22.0,0,0,0.0,0,0.0,1726,928,0.8,21.2,3.8,3.8,3.8,85.0,32.0,,,75.0,35.0,67.0,14.0,148.0,29.0,79.0,16.0,,,,,,,,0.04,0.06,0.1,1.36,0.0,0.36,1.23,1.01,6.69,29,0.0,0.0,0.0,0.0,0.0,0.0,0.0,0.0,0.0,0.0,0.0,0.0,0.0,0.0,0.0,6303.0,3358.0,0.0,0.0,0.0,0.0,0.0,0.0,0.0,0.0,0.0,0.0,0.0,0.0,0.0
259,Borna,Sosa,Sosa,a,,,4.8,360,60.0,0.1,442,165.0,0.0,706.0,250.0,0,0,0.0,-2,2.0,70,38,0.0,1.0,0.0,0.0,1.0,489.0,174.0,100.0,100.0,456.0,166.0,412.0,150.0,434.0,161.0,462.0,167.0,,,,,,,,0.0,0.1,0.1,1.41,0.0,0.0,1.7,0.0,11.89,29,0.0,0.0,0.0,0.0,0.0,0.0,0.0,0.0,0.0,0.0,0.0,0.0,0.0,0.0,0.0,127.0,86.0,0.0,0.0,0.0,0.0,0.0,0.0,0.0,0.0,0.0,0.0,0.0,0.0,0.0
261,Chris,Richards,Richards,a,,,4.4,537,115.0,2.6,117,46.0,3.0,109.0,42.0,0,0,0.0,-1,1.0,1295,1193,0.7,22.7,3.0,3.0,4.2,48.0,19.0,100.0,100.0,47.0,20.0,240.0,65.0,209.0,51.0,133.0,41.0,,,,,,,,0.05,0.05,0.1,1.29,0.0,0.38,1.25,1.0,10.04,29,0.0,0.0,0.0,0.0,0.0,0.0,0.0,0.0,0.0,0.0,0.0,0.0,0.0,0.0,0.0,5045.0,7796.0,0.0,0.0,0.0,0.0,0.0,0.0,0.0,0.0,0.0,0.0,0.0,0.0,0.0
262,Chadi,Riad Dnanou,Chadi Riad,a,,,4.0,705,184.0,0.0,603,215.0,1.4,229.0,88.0,0,0,0.0,0,0.0,89,42,0.4,3.0,1.4,1.4,2.4,281.0,106.0,100.0,100.0,414.0,155.0,395.0,144.0,395.0,142.0,430.0,154.0,,,,,,,,0.04,0.01,0.05,1.11,0.0,0.41,0.81,0.81,4.46,29,0.0,0.0,0.0,0.0,0.0,0.0,0.0,0.0,0.0,0.0,0.0,0.0,0.0,0.0,0.0,221.0,102.0,0.0,0.0,0.0,0.0,0.0,0.0,0.0,0.0,0.0,0.0,0.0,0.0,0.0
263,Nathaniel,Clyne,Clyne,a,,,3.8,785,233.0,0.6,246,93.0,0.0,390.0,139.0,0,0,0.0,-2,2.0,98,216,0.0,3.7,0.0,0.0,2.0,325.0,119.0,100.0,100.0,388.0,148.0,348.0,120.0,356.0,118.0,388.0,139.0,,,,,,,,0.09,0.12,0.21,1.24,0.0,0.0,1.72,1.29,7.32,29,0.0,0.0,0.0,0.0,0.0,0.0,0.0,0.0,0.0,0.0,0.0,0.0,0.0,0.0,0.0,278.0,1262.0,0.0,0.0,0.0,0.0,0.0,0.0,0.0,0.0,0.0,0.0,0.0,0.0,0.0
264,Rob,Holding,Holding,u,Has joined Colorado Rapids permanently.,,4.0,668,163.0,0.0,698,243.0,0.0,459.0,175.0,0,0,0.0,0,0.0,0,3,0.0,0.0,0.0,0.0,0.0,580.0,211.0,0.0,0.0,570.0,211.0,560.0,211.0,531.0,207.0,572.0,211.0,,,,,,,,0.0,0.0,0.0,0.0,0.0,0.0,0.0,0.0,0.0,29,0.0,0.0,0.0,0.0,0.0,0.0,0.0,0.0,0.0,0.0,0.0,0.0,0.0,0.0,0.0,0.0,4.0,0.0,0.0,0.0,0.0,0.0,0.0,0.0,0.0,0.0,0.0,0.0,0.0,0.0
265,Caleb,Kporha,Kporha,a,,,4.0,723,198.0,0.0,714,247.0,0.0,509.0,206.0,0,0,0.0,0,0.0,12,9,0.0,0.0,0.0,0.0,0.0,624.0,237.0,100.0,100.0,614.0,237.0,606.0,237.0,578.0,234.0,616.0,237.0,,,,,,,,0.0,0.0,0.0,0.0,0.0,0.0,0.0,0.0,0.0,29,0.0,0.0,0.0,0.0,0.0,0.0,0.0,0.0,0.0,0.0,0.0,0.0,0.0,0.0,0.0,28.0,15.0,0.0,0.0,0.0,0.0,0.0,0.0,0.0,0.0,0.0,0.0,0.0,0.0,0.0
267,Ismaïla,Sarr,Sarr,a,,,6.3,68,46.0,3.4,99,32.0,2.8,128.0,56.0,0,0,0.0,-2,2.0,2112,2241,0.4,11.9,2.8,2.8,4.2,53.0,25.0,100.0,100.0,190.0,79.0,169.0,115.0,59.0,36.0,121.0,69.0,,,3.0,,,,,0.4,0.04,0.44,1.28,0.0,0.47,1.05,1.05,6.17,29,0.0,0.0,0.0,0.0,0.0,0.0,0.0,0.0,0.0,0.0,0.0,0.0,0.0,0.0,0.0,6545.0,18853.0,0.0,0.0,0.0,0.0,0.0,0.0,0.0,0.0,0.0,0.0,0.0,0.0,0.0
268,Cheick,Doucouré,Doucouré,i,Knee injury - Unknown return date,,4.9,326,202.0,0.0,794,349.0,0.0,731.0,309.0,0,0,0.0,-1,1.0,2,1,0.0,0.0,0.0,0.0,0.0,775.0,336.0,0.0,0.0,774.0,335.0,770.0,335.0,765.0,333.0,774.0,335.0,,,,,,,,0.0,0.0,0.0,0.0,0.0,0.0,0.0,0.0,0.0,29,0.0,0.0,0.0,0.0,0.0,0.0,0.0,0.0,0.0,0.0,0.0,0.0,0.0,0.0,0.0,5.0,5.0,0.0,0.0,0.0,0.0,0.0,0.0,0.0,0.0,0.0,0.0,0.0,0.0,0.0
269,Romain,Esse,Esse,u,has joined Coventry City on loan for the rest of the season.,,4.7,395,247.0,0.1,454,155.0,0.0,701.0,287.0,0,0,0.0,-3,3.0,0,26,0.0,0.9,0.0,0.0,1.0,487.0,222.0,0.0,0.0,469.0,211.0,451.0,217.0,425.0,206.0,476.0,218.0,,,,,,,,0.0,0.09,0.09,3.92,0.0,0.0,0.0,0.0,11.25,29,0.0,0.0,0.0,0.0,0.0,0.0,0.0,0.0,0.0,0.0,0.0,0.0,0.0,0.0,0.0,0.0,39.0,0.0,0.0,0.0,0.0,0.0,0.0,0.0,0.0,0.0,0.0,0.0,0.0,0.0
270,Will,Hughes,Hughes,a,,,4.7,377,236.0,0.1,468,161.0,0.8,292.0,130.0,0,0,0.0,-3,3.0,43,58,0.2,8.1,0.8,0.8,1.5,409.0,180.0,100.0,100.0,298.0,134.0,107.0,77.0,264.0,144.0,235.0,116.0,1.0,,,,,,,0.08,0.12,0.2,1.39,0.0,0.37,0.96,1.03,8.76,29,0.0,0.0,0.0,0.0,0.0,0.0,0.0,0.0,0.0,0.0,0.0,0.0,0.0,0.0,0.0,94.0,232.0,0.0,0.0,0.0,0.0,0.0,0.0,0.0,0.0,0.0,0.0,0.0,0.0,0.0
271,Daichi,Kamada,Kamada,a,,,5.0,251,152.0,0.1,525,191.0,1.0,276.0,125.0,0,0,0.0,0,0.0,34,21,0.2,10.0,1.0,1.0,2.8,217.0,89.0,100.0,100.0,289.0,126.0,136.0,94.0,208.0,116.0,233.0,115.0,,,,,,,,0.09,0.13,0.22,1.09,0.0,0.39,1.04,1.04,9.99,29,0.0,0.0,0.0,0.0,0.0,0.0,0.0,0.0,0.0,0.0,0.0,0.0,0.0,0.0,0.0,68.0,68.0,0.0,0.0,0.0,0.0,0.0,0.0,0.0,0.0,0.0,0.0,0.0,0.0,0.0
272,Jefferson,Lerma Solís,Lerma,a,,,4.9,290,180.0,0.1,543,198.0,1.2,254.0,109.0,0,0,0.0,-1,1.0,11,64,0.2,10.4,1.2,0.0,2.2,307.0,134.0,100.0,0.0,254.0,106.0,201.0,130.0,159.0,88.0,227.0,112.0,,,,,,,,0.08,0.07,0.15,1.14,0.0,0.39,1.17,0.93,11.44,29,0.0,0.0,0.0,0.0,0.0,0.0,0.0,0.0,0.0,0.0,0.0,0.0,0.0,0.0,0.0,11.0,339.0,0.0,0.0,0.0,0.0,0.0,0.0,0.0,0.0,0.0,0.0,0.0,0.0,0.0
273,Adam,Wharton,Wharton,a,,,5.0,270,165.0,0.6,237,82.0,2.8,119.0,51.0,0,0,0.0,0,0.0,362,370,0.6,16.0,2.8,2.8,3.2,158.0,69.0,100.0,100.0,168.0,64.0,30.0,28.0,219.0,122.0,92.0,54.0,3.0,,,,,,,0.05,0.23,0.28,1.4,0.0,0.35,1.4,1.09,10.51,29,0.0,0.0,0.0,0.0,0.0,0.0,0.0,0.0,0.0,0.0,0.0,0.0,0.0,0.0,0.0,708.0,1590.0,0.0,0.0,0.0,0.0,0.0,0.0,0.0,0.0,0.0,0.0,0.0,0.0,0.0
274,Asher,Agbinone,Agbinone,a,,,4.3,613,358.0,0.1,474,164.0,0.0,566.0,193.0,0,0,0.0,-2,2.0,183,122,0.0,0.0,0.0,0.0,0.0,658.0,252.0,,,648.0,242.0,644.0,247.0,621.0,236.0,650.0,244.0,,,,,,,,0.0,0.0,0.0,0.0,0.0,0.0,0.0,0.0,0.0,29,0.0,0.0,0.0,0.0,0.0,0.0,0.0,0.0,0.0,0.0,0.0,0.0,0.0,0.0,0.0,471.0,358.0,0.0,0.0,0.0,0.0,0.0,0.0,0.0,0.0,0.0,0.0,0.0,0.0,0.0
275,Naouirou,Ahamada,Ahamada,u,has joined AJ Auxerre permanently.,,4.3,591,346.0,0.0,622,242.0,0.0,549.0,181.0,0,0,0.0,-2,2.0,0,3,0.0,0.0,0.0,0.0,0.0,647.0,243.0,0.0,0.0,637.0,233.0,632.0,238.0,608.0,226.0,639.0,235.0,,,,,,,,0.0,0.0,0.0,0.0,0.0,0.0,0.0,0.0,0.0,29,0.0,0.0,0.0,0.0,0.0,0.0,0.0,0.0,0.0,0.0,0.0,0.0,0.0,0.0,0.0,0.0,27.0,0.0,0.0,0.0,0.0,0.0,0.0,0.0,0.0,0.0,0.0,0.0,0.0,0.0
276,Justin,Devenny,Devenny,a,,,4.3,595,348.0,1.3,169,59.0,0.0,552.0,183.0,0,0,0.0,-2,2.0,708,820,0.0,6.7,0.0,0.0,1.6,393.0,169.0,100.0,100.0,371.0,164.0,270.0,164.0,169.0,93.0,315.0,153.0,,2.0,4.0,,,,,0.36,0.05,0.41,1.53,0.0,0.15,1.52,0.76,7.28,29,0.0,0.0,0.0,0.0,0.0,0.0,0.0,0.0,0.0,0.0,0.0,0.0,0.0,0.0,0.0,2079.0,3839.0,0.0,0.0,0.0,0.0,0.0,0.0,0.0,0.0,0.0,0.0,0.0,0.0,0.0
277,Malcolm,Ebiowei,Ebiowei,u,Has joined Blackpool permanently.,,4.5,433,259.0,0.0,798,352.0,0.0,626.0,227.0,0,0,0.0,0,0.0,0,0,0.0,0.0,0.0,0.0,0.0,702.0,278.0,0.0,0.0,696.0,272.0,692.0,275.0,675.0,268.0,698.0,274.0,,,,,,,,0.0,0.0,0.0,0.0,0.0,0.0,0.0,0.0,0.0,29,0.0,0.0,0.0,0.0,0.0,0.0,0.0,0.0,0.0,0.0,0.0,0.0,0.0,0.0,0.0,0.0,1.0,0.0,0.0,0.0,0.0,0.0,0.0,0.0,0.0,0.0,0.0,0.0,0.0,0.0
278,Jesurun,Rak-Sakyi,J.Rak-Sakyi,u,has joined Stoke City on loan for the rest of the season.,,4.4,543,324.0,0.0,648,258.0,0.0,586.0,202.0,0,0,0.0,-1,1.0,0,4,0.0,0.0,0.0,0.0,0.0,672.0,259.0,0.0,0.0,663.0,250.0,659.0,255.0,637.0,244.0,665.0,252.0,,,,,,,,0.0,0.0,0.0,0.0,0.0,0.0,0.0,0.0,0.0,29,0.0,0.0,0.0,0.0,0.0,0.0,0.0,0.0,0.0,0.0,0.0,0.0,0.0,0.0,0.0,0.0,16.0,0.0,0.0,0.0,0.0,0.0,0.0,0.0,0.0,0.0,0.0,0.0,0.0,0.0
279,Matheus,França de Oliveira,M.França,u,Has joined CR Vasco da Gama on loan for the rest of the season.,,4.5,461,280.0,0.0,766,327.0,0.0,646.0,245.0,0,0,0.0,0,0.0,0,1,0.0,0.0,0.0,0.0,0.0,720.0,295.0,0.0,0.0,715.0,290.0,711.0,292.0,695.0,285.0,716.0,291.0,,,,,,,,0.0,0.0,0.0,0.0,0.0,0.0,0.0,0.0,0.0,29,0.0,0.0,0.0,0.0,0.0,0.0,0.0,0.0,0.0,0.0,0.0,0.0,0.0,0.0,0.0,0.0,1.0,0.0,0.0,0.0,0.0,0.0,0.0,0.0,0.0,0.0,0.0,0.0,0.0,0.0
280,David,Ozoh,Ozoh,u,Has joined Derby County on loan for the rest of the season.,,4.5,456,275.0,0.0,812,361.0,0.0,643.0,242.0,0,0,0.0,0,0.0,0,0,0.0,0.0,0.0,0.0,0.0,717.0,292.0,0.0,0.0,712.0,287.0,708.0,289.0,692.0,282.0,713.0,288.0,,,,,,,,0.0,0.0,0.0,0.0,0.0,0.0,0.0,0.0,0.0,29,0.0,0.0,0.0,0.0,0.0,0.0,0.0,0.0,0.0,0.0,0.0,0.0,0.0,0.0,0.0,0.0,0.0,0.0,0.0,0.0,0.0,0.0,0.0,0.0,0.0,0.0,0.0,0.0,0.0,0.0
281,Kaden,Rodney,Rodney,a,,,4.4,555,332.0,0.0,582,217.0,0.0,592.0,208.0,0,0,0.0,-1,1.0,23,15,0.0,0.2,0.0,0.0,1.0,471.0,208.0,,,669.0,256.0,487.0,236.0,644.0,251.0,671.0,258.0,,,,,,,,0.0,0.0,0.0,19.5,0.0,0.0,0.0,0.0,0.0,29,0.0,0.0,0.0,0.0,0.0,0.0,0.0,0.0,0.0,0.0,0.0,0.0,0.0,0.0,0.0,48.0,47.0,0.0,0.0,0.0,0.0,0.0,0.0,0.0,0.0,0.0,0.0,0.0,0.0,0.0
282,Franco,Umeh-Chibueze,Umeh,u,has joined Portsmouth permanently.,,4.5,474,290.0,0.0,702,290.0,0.0,658.0,255.0,0,0,0.0,0,0.0,0,0,0.0,0.0,0.0,0.0,0.0,729.0,302.0,0.0,0.0,726.0,299.0,721.0,300.0,707.0,295.0,727.0,300.0,,,,,,,,0.0,0.0,0.0,0.0,0.0,0.0,0.0,0.0,0.0,29,0.0,0.0,0.0,0.0,0.0,0.0,0.0,0.0,0.0,0.0,0.0,0.0,0.0,0.0,0.0,0.0,1.0,0.0,0.0,0.0,0.0,0.0,0.0,0.0,0.0,0.0,0.0,0.0,0.0,0.0
284,Eddie,Nketiah,Nketiah,i,Hamstring injury - Expected back 11 Apr,,5.4,163,40.0,0.3,322,53.0,0.0,781.0,83.0,0,0,0.0,-1,1.0,16,123,0.0,4.3,0.0,0.0,1.9,356.0,41.0,0.0,0.0,334.0,31.0,289.0,30.0,161.0,38.0,301.0,34.0,,,,,,,,0.38,0.1,0.48,2.06,0.0,0.0,2.61,0.43,8.26,29,0.0,0.0,0.0,0.0,0.0,0.0,0.0,0.0,0.0,0.0,0.0,0.0,0.0,0.0,0.0,25.0,316.0,0.0,0.0,0.0,0.0,0.0,0.0,0.0,0.0,0.0,0.0,0.0,0.0,0.0
285,Odsonne,Édouard,Édouard,u,has joined RC Lens permanently.,,5.0,249,54.0,0.2,368,58.0,0.0,744.0,80.0,0,0,0.0,0,0.0,0,9,0.0,0.2,0.0,0.0,1.0,495.0,60.0,0.0,0.0,489.0,57.0,779.0,87.0,776.0,87.0,504.0,62.0,,,,,,,,0.0,0.0,0.0,12.15,0.0,0.0,0.0,0.0,45.0,29,0.0,0.0,0.0,0.0,0.0,0.0,0.0,0.0,0.0,0.0,0.0,0.0,0.0,0.0,0.0,0.0,18.0,0.0,0.0,0.0,0.0,0.0,0.0,0.0,0.0,0.0,0.0,0.0,0.0,0.0
286,Zach,Marsh,Marsh,a,,,4.4,563,81.0,0.3,305,50.0,0.0,600.0,63.0,0,0,0.0,-1,1.0,92,160,0.0,0.0,0.0,0.0,0.0,683.0,73.0,,,676.0,73.0,671.0,72.0,651.0,72.0,678.0,73.0,,,,,,,,0.0,0.0,0.0,0.0,0.0,0.0,0.0,0.0,0.0,29,0.0,0.0,0.0,0.0,0.0,0.0,0.0,0.0,0.0,0.0,0.0,0.0,0.0,0.0,0.0,173.0,415.0,0.0,0.0,0.0,0.0,0.0,0.0,0.0,0.0,0.0,0.0,0.0,0.0,0.0
580,Brennan,Johnson,Johnson,a,,,6.5,50,32.0,2.4,124,41.0,1.4,242.0,105.0,0,0,0.0,-5,5.0,492,429,0.2,7.7,1.4,1.4,2.0,340.0,148.0,,,275.0,115.0,172.0,117.0,144.0,82.0,225.0,110.0,4.0,,,,,,,0.14,0.06,0.2,1.49,0.0,0.32,1.04,0.96,5.86,29,0.0,0.0,0.0,0.0,0.0,0.0,0.0,0.0,0.0,0.0,0.0,0.0,0.0,0.0,0.0,1202.0,1197.0,0.0,0.0,0.0,0.0,0.0,0.0,0.0,0.0,0.0,0.0,0.0,0.0,0.0
654,Jørgen,Strand Larsen,Strand Larsen,a,,,6.1,82,26.0,2.1,137,22.0,3.4,93.0,11.0,0,0,0.0,-4,4.0,2317,3331,0.6,9.2,3.4,3.4,2.2,314.0,34.0,100.0,100.0,260.0,25.0,203.0,21.0,57.0,22.0,168.0,21.0,,,,,,,,0.21,0.03,0.24,1.37,0.0,0.26,1.56,0.94,3.65,29,0.0,0.0,0.0,0.0,0.0,0.0,0.0,0.0,0.0,0.0,0.0,0.0,0.0,0.0,0.0,6104.0,17366.0,0.0,0.0,0.0,0.0,0.0,0.0,0.0,0.0,0.0,0.0,0.0,0.0,0.0
677,Evann,Guessand,Guessand,a,,,6.2,76,50.0,0.1,575,213.0,2.4,153.0,66.0,0,0,0.0,-3,3.0,168,58,0.4,6.0,2.4,2.4,2.2,315.0,139.0,100.0,100.0,302.0,137.0,305.0,172.0,163.0,89.0,297.0,147.0,,,,,,,,0.19,0.09,0.28,1.29,0.0,0.12,1.74,0.87,9.07,29,0.0,0.0,0.0,0.0,0.0,0.0,0.0,0.0,0.0,0.0,0.0,0.0,0.0,0.0,0.0,341.0,182.0,0.0,0.0,0.0,0.0,0.0,0.0,0.0,0.0,0.0,0.0,0.0,0.0,0.0
712,Yéremy,Pino Santos,Yeremy,a,,,5.8,109,70.0,0.2,386,128.0,1.2,260.0,114.0,0,0,0.0,-2,2.0,118,257,0.2,11.2,1.2,1.2,2.5,277.0,119.0,100.0,100.0,210.0,89.0,19.0,19.0,74.0,43.0,57.0,38.0,2.0,1.0,,,,,,0.21,0.25,0.46,1.26,0.0,0.37,1.06,1.11,7.12,29,0.0,0.0,0.0,0.0,0.0,0.0,0.0,0.0,0.0,0.0,0.0,0.0,0.0,0.0,0.0,235.0,1042.0,0.0,0.0,0.0,0.0,0.0,0.0,0.0,0.0,0.0,0.0,0.0,0.0,0.0
723,Jaydee,Canvot,Canvot,a,,,4.5,510,96.0,0.0,640,227.0,1.6,211.0,81.0,0,0,0.0,0,0.0,43,20,0.4,7.8,1.6,1.6,3.2,153.0,58.0,100.0,100.0,310.0,118.0,417.0,151.0,379.0,133.0,381.0,136.0,,,,,,,,0.1,0.03,0.13,1.92,0.0,0.51,1.35,0.85,12.35,29,0.0,0.0,0.0,0.0,0.0,0.0,0.0,0.0,0.0,0.0,0.0,0.0,0.0,0.0,0.0,121.0,59.0,0.0,0.0,0.0,0.0,0.0,0.0,0.0,0.0,0.0,0.0,0.0,0.0,0.0
732,Christantus,Uche,Uche,a,,,5.5,153,38.0,0.1,577,79.0,0.2,381.0,48.0,0,0,0.0,0,0.0,80,72,0.0,2.9,0.2,0.2,1.2,443.0,54.0,,,457.0,54.0,436.0,57.0,295.0,50.0,428.0,54.0,,,,,,,,0.23,0.01,0.24,2.65,0.0,0.0,2.4,0.0,7.2,29,0.0,0.0,0.0,0.0,0.0,0.0,0.0,0.0,0.0,0.0,0.0,0.0,0.0,0.0,0.0,124.0,150.0,0.0,0.0,0.0,0.0,0.0,0.0,0.0,0.0,0.0,0.0,0.0,0.0,0.0
762,Joél,Drakes-Thomas,Drakes-Thomas,a,,,4.5,513,317.0,0.0,776,336.0,0.0,690.0,279.0,0,0,0.0,0,0.0,5,4,0.0,0.4,0.0,0.0,1.0,486.0,221.0,,,493.0,227.0,467.0,225.0,736.0,317.0,499.0,230.0,,,,,,,,0.0,0.0,0.0,9.39,0.0,0.0,12.86,0.0,38.57,29,0.0,0.0,0.0,0.0,0.0,0.0,0.0,0.0,0.0,0.0,0.0,0.0,0.0,0.0,0.0,7.0,8.0,0.0,0.0,0.0,0.0,0.0,0.0,0.0,0.0,0.0,0.0,0.0,0.0,0.0
773,Dean,Benamar,Benamar,a,,,4.0,736,211.0,0.0,724,251.0,0.0,518.0,215.0,0,0,0.0,0,0.0,9,13,0.0,0.0,0.0,0.0,0.0,632.0,245.0,,,622.0,245.0,614.0,245.0,587.0,243.0,624.0,245.0,,,,,,,,0.0,0.0,0.0,0.0,0.0,0.0,0.0,0.0,0.0,29,0.0,0.0,0.0,0.0,0.0,0.0,0.0,0.0,0.0,0.0,0.0,0.0,0.0,0.0,0.0,18.0,21.0,0.0,0.0,0.0,0.0,0.0,0.0,0.0,0.0,0.0,0.0,0.0,0.0,0.0
780,Ben,Casey,Casey,a,,,4.5,505,73.0,0.0,664,84.0,0.0,684.0,73.0,0,0,0.0,0,0.0,43,48,0.0,0.0,0.0,0.0,0.0,751.0,83.0,,,750.0,83.0,744.0,82.0,731.0,82.0,750.0,83.0,,,,,,,,0.0,0.0,0.0,0.0,0.0,0.0,0.0,0.0,0.0,29,0.0,0.0,0.0,0.0,0.0,0.0,0.0,0.0,0.0,0.0,0.0,0.0,0.0,0.0,0.0,65.0,107.0,0.0,0.0,0.0,0.0,0.0,0.0,0.0,0.0,0.0,0.0,0.0,0.0,0.0
793,George,King,King,a,,,4.0,724,199.0,0.0,706,244.0,0.0,510.0,207.0,0,0,0.0,0,0.0,17,15,0.0,0.0,0.0,0.0,0.0,625.0,238.0,,,615.0,238.0,607.0,238.0,579.0,235.0,617.0,238.0,,,,,,,,0.0,0.0,0.0,0.0,0.0,0.0,0.0,0.0,0.0,29,0.0,0.0,0.0,0.0,0.0,0.0,0.0,0.0,0.0,0.0,0.0,0.0,0.0,0.0,0.0,41.0,32.0,0.0,0.0,0.0,0.0,0.0,0.0,0.0,0.0,0.0,0.0,0.0,0.0,0.0
798,Danny,Imray,Imray,u,has joined West Brom on loan for the rest of the season.,,4.0,701,182.0,0.0,801,264.0,0.0,490.0,192.0,0,0,0.0,0,0.0,0,0,0.0,0.0,0.0,0.0,0.0,607.0,225.0,0.0,0.0,597.0,225.0,588.0,225.0,559.0,221.0,599.0,225.0,,,,,,,,0.0,0.0,0.0,0.0,0.0,0.0,0.0,0.0,0.0,29,0.0,0.0,0.0,0.0,0.0,0.0,0.0,0.0,0.0,0.0,0.0,0.0,0.0,0.0,0.0,0.0,7.0,0.0,0.0,0.0,0.0,0.0,0.0,0.0,0.0,0.0,0.0,0.0,0.0,0.0
242,Kiernan,Dewsbury-Hall,Dewsbury-Hall,a,,,5.1,229,141.0,4.9,72,25.0,6.8,7.0,4.0,9,1,-1.0,1,-1.0,20371,2662,1.3,22.0,5.8,7.3,5.1,12.0,7.0,100.0,100.0,97.0,33.0,43.0,39.0,83.0,52.0,56.0,37.0,2.0,,,,,,,0.15,0.2,0.35,1.26,0.0,0.34,1.13,1.03,7.83,29,9.0,90.0,1.0,0.0,1.0,0.0,0.0,0.0,0.0,0.0,0.0,0.0,1.0,1.0,36.0,120448.0,6435.0,0.0,0.5999999999999996,0.03000000000000025,0.6299999999999999,0.7899999999999991,39.400000000000034,7.2999999999999545,36.0,8.299999999999997,2.0,1.0,5.0,8.0
243,Tyrique,George,George,a,,,4.8,374,235.0,0.1,533,195.0,1.0,273.0,122.0,1,0,0.0,-2,2.0,47,87,0.2,1.9,0.0,1.5,1.1,444.0,199.0,,,452.0,202.0,400.0,199.0,282.0,154.0,414.0,188.0,,,,,,,,0.17,0.05,0.22,1.12,0.0,0.37,1.11,0.37,4.43,29,1.0,3.0,0.0,0.0,0.0,0.0,0.0,0.0,0.0,0.0,0.0,0.0,0.0,0.0,3.0,108.0,221.0,0.0,0.0,0.0,0.0,0.71,0.0,0.3000000000000007,0.0,0.0,0.0,0.0,2.0,2.0
287,Jordan,Pickford,Pickford,a,,,5.6,124,2.0,13.3,26,4.0,2.4,151.0,11.0,6,0,0.0,1,-1.0,9713,6867,0.4,20.9,1.4,2.9,4.0,64.0,5.0,,,16.0,4.0,482.0,13.0,458.0,3.0,177.0,4.0,,,,,,,,0.0,0.01,0.01,1.42,2.69,0.34,1.14,1.0,0.0,29,6.0,90.0,0.0,0.0,1.0,0.0,0.0,0.0,0.0,0.0,0.0,2.0,1.0,0.0,29.0,34716.0,14027.0,0.0,0.0,0.0,0.0,0.7899999999999991,17.600000000000023,0.0,0.0,1.7999999999999972,0.0,0.0,8.0,0.0
288,Mark,Travers,Travers,a,,,4.3,586,28.0,0.1,455,67.0,0.0,548.0,85.0,0,0,0.0,-2,2.0,6,15,0.0,0.0,-1.0,0.5,0.0,646.0,89.0,100.0,100.0,636.0,89.0,631.0,80.0,607.0,69.0,638.0,89.0,,,,,,,,0.0,0.0,0.0,0.0,0.0,0.0,0.0,0.0,0.0,29,0.0,0.0,0.0,0.0,0.0,0.0,0.0,0.0,0.0,0.0,0.0,0.0,0.0,0.0,0.0,34.0,53.0,0.0,0.0,0.0,0.0,0.0,0.0,0.0,0.0,0.0,0.0,0.0,0.0,0.0
289,Harry,Tyrer,Tyrer,u,has joined Cardiff City permanently.,,3.9,760,80.0,0.1,491,73.0,0.0,431.0,41.0,0,0,0.0,-1,1.0,0,23,0.0,0.0,0.0,0.0,0.0,554.0,50.0,0.0,0.0,544.0,50.0,531.0,33.0,501.0,20.0,546.0,50.0,,,,,,,,0.0,0.0,0.0,0.0,0.0,0.0,0.0,0.0,0.0,29,0.0,0.0,0.0,0.0,0.0,0.0,0.0,0.0,0.0,0.0,0.0,0.0,0.0,0.0,0.0,0.0,48.0,0.0,0.0,0.0,0.0,0.0,0.0,0.0,0.0,0.0,0.0,0.0,0.0,0.0
290,Jarrad,Branthwaite,Branthwaite,a,,,5.3,198,23.0,0.4,269,100.0,4.4,48.0,16.0,6,0,0.0,-2,2.0,1470,891,0.8,4.5,3.4,4.9,3.4,137.0,52.0,100.0,100.0,333.0,129.0,376.0,133.0,290.0,84.0,361.0,124.0,,,,,,,,0.05,0.02,0.07,0.99,0.0,0.18,1.1,0.92,7.71,29,6.0,82.0,0.0,0.0,1.0,0.0,0.0,0.0,0.0,0.0,0.0,0.0,1.0,0.0,28.0,12812.0,1755.0,0.0,0.060000000000000026,0.009999999999999995,0.07,0.08000000000000007,14.799999999999997,2.1000000000000014,17.0,3.3999999999999986,1.0,3.0,0.0,4.0
291,James,Tarkowski,Tarkowski,a,,,5.7,111,8.0,10.9,30,10.0,4.4,50.0,17.0,15,0,0.0,2,-2.0,20619,5658,0.8,23.9,3.4,4.9,4.7,23.0,7.0,,,9.0,4.0,176.0,43.0,92.0,8.0,47.0,5.0,,,,,,,,0.07,0.05,0.12,1.42,0.0,0.34,1.14,1.0,10.48,29,15.0,90.0,1.0,0.0,1.0,0.0,0.0,0.0,0.0,0.0,0.0,0.0,1.0,3.0,42.0,44680.0,19497.0,0.0,0.13000000000000012,0.010000000000000009,0.13999999999999968,0.7899999999999991,45.200000000000045,0.799999999999983,19.0,6.5,1.0,3.0,2.0,4.0
292,Vitalii,Mykolenko,Mykolenko,a,,,4.9,313,50.0,0.6,232,89.0,2.4,148.0,54.0,6,0,0.0,-1,1.0,227,500,0.5,15.5,1.4,2.9,3.2,157.0,59.0,100.0,100.0,122.0,53.0,109.0,26.0,298.0,88.0,150.0,51.0,,,,,,,,0.01,0.09,0.1,1.4,0.0,0.34,1.26,1.01,6.91,29,6.0,90.0,0.0,0.0,1.0,0.0,0.0,0.0,0.0,0.0,0.0,0.0,1.0,0.0,30.0,3721.0,1251.0,0.0,0.0,0.040000000000000036,0.040000000000000036,0.7899999999999991,19.0,5.800000000000011,0.0,2.5,1.0,7.0,6.0,8.0
293,Jake,O'Brien,O'Brien,a,,,4.9,338,56.0,0.7,224,85.0,1.6,213.0,82.0,6,0,0.0,-1,1.0,198,608,0.3,19.0,0.6,2.1,3.3,145.0,55.0,100.0,100.0,87.0,38.0,145.0,38.0,215.0,53.0,137.0,42.0,,,,,,,,0.03,0.03,0.06,1.49,0.0,0.34,1.18,0.99,6.81,29,6.0,90.0,0.0,0.0,1.0,0.0,0.0,0.0,0.0,0.0,0.0,0.0,1.0,0.0,29.0,3126.0,1591.0,0.0,0.0,0.010000000000000009,0.010000000000000009,0.7899999999999991,11.200000000000045,2.4000000000000057,0.0,1.4000000000000057,3.0,1.0,0.0,4.0
294,Séamus,Coleman,Coleman,d,Knock - 50% chance of playing,,4.2,625,140.0,0.1,486,174.0,0.0,527.0,219.0,0,0,0.0,-3,3.0,2,53,0.0,0.7,-0.5,0.0,1.0,462.0,171.0,50.0,0.0,628.0,248.0,483.0,176.0,594.0,246.0,630.0,248.0,,,,,,,,0.0,0.0,0.0,1.96,0.0,0.0,0.0,8.18,0.0,29,0.0,0.0,0.0,0.0,0.0,0.0,0.0,0.0,0.0,0.0,0.0,0.0,0.0,0.0,0.0,9.0,127.0,0.0,0.0,0.0,0.0,0.0,0.0,0.0,0.0,0.0,0.0,0.0,0.0,0.0
295,Michael,Keane,Keane,a,,,4.6,397,66.0,3.5,98,35.0,1.8,194.0,72.0,1,0,0.0,1,-1.0,908,9477,0.4,23.3,0.8,2.3,4.3,43.0,16.0,100.0,100.0,40.0,15.0,377.0,134.0,110.0,15.0,123.0,37.0,,,,,,,,0.09,0.01,0.1,1.54,0.0,0.28,1.29,1.01,10.59,29,1.0,7.0,0.0,0.0,0.0,0.0,0.0,0.0,0.0,0.0,0.0,0.0,0.0,0.0,8.0,12904.0,19079.0,0.0,0.0,0.0,0.0,0.7100000000000009,9.0,0.0,0.0,0.8999999999999915,1.0,6.0,1.0,7.0
296,Nathan,Patterson,Patterson,a,,,4.4,536,114.0,0.0,625,222.0,0.0,581.0,238.0,0,0,0.0,-1,1.0,14,51,0.0,4.8,-1.0,0.5,3.5,116.0,41.0,100.0,100.0,395.0,151.0,437.0,157.0,389.0,139.0,425.0,153.0,,,,,,,,0.01,0.02,0.03,1.35,0.0,0.76,0.38,1.14,11.39,29,0.0,0.0,0.0,0.0,0.0,0.0,0.0,0.0,0.0,0.0,0.0,0.0,0.0,0.0,0.0,39.0,136.0,0.0,0.0,0.0,0.0,0.0,0.0,0.0,0.0,0.0,0.0,0.0,0.0,0.0
297,Roman,Dixon,Dixon,u,has joined Stockport County on loan for the rest of the season.,,3.8,800,247.0,0.2,400,148.0,0.0,400.0,148.0,0,0,0.0,-2,2.0,0,64,0.0,0.0,0.0,0.0,0.0,528.0,190.0,0.0,0.0,518.0,190.0,502.0,188.0,471.0,182.0,520.0,190.0,,,,,,,,0.0,0.0,0.0,0.0,0.0,0.0,0.0,0.0,0.0,29,0.0,0.0,0.0,0.0,0.0,0.0,0.0,0.0,0.0,0.0,0.0,0.0,0.0,0.0,0.0,0.0,134.0,0.0,0.0,0.0,0.0,0.0,0.0,0.0,0.0,0.0,0.0,0.0,0.0,0.0
298,Reece,Welch,Welch,a,,,3.8,798,245.0,0.1,422,156.0,0.0,398.0,146.0,0,0,0.0,-2,2.0,20,41,0.0,0.0,-1.0,0.5,0.0,526.0,188.0,,,516.0,188.0,500.0,186.0,469.0,180.0,518.0,188.0,,,,,,,,0.0,0.0,0.0,0.0,0.0,0.0,0.0,0.0,0.0,29,0.0,0.0,0.0,0.0,0.0,0.0,0.0,0.0,0.0,0.0,0.0,0.0,0.0,0.0,0.0,63.0,104.0,0.0,0.0,0.0,0.0,0.0,0.0,0.0,0.0,0.0,0.0,0.0,0.0,0.0
299,Iliman,Ndiaye,Ndiaye,a,,,6.2,74,49.0,4.3,85,27.0,4.6,41.0,22.0,6,0,0.0,-3,3.0,4598,3059,0.7,16.1,3.6,5.1,4.3,47.0,22.0,100.0,100.0,81.0,26.0,69.0,53.0,46.0,28.0,46.0,33.0,,,1.0,,,,,0.2,0.19,0.39,1.26,0.0,0.32,1.23,1.05,9.85,29,6.0,90.0,0.0,1.0,1.0,0.0,0.0,0.0,0.0,0.0,0.0,0.0,1.0,0.0,23.0,39163.0,5981.0,0.0,0.040000000000000036,0.41999999999999993,0.46000000000000085,0.120000000000001,23.19999999999999,24.30000000000001,8.0,5.6000000000000085,0.0,2.0,6.0,8.0
300,Dwight,McNeil,McNeil,a,,,5.5,144,89.0,0.2,412,140.0,2.2,167.0,70.0,5,0,0.0,-5,5.0,80,97,0.4,7.3,1.2,2.7,2.5,275.0,118.0,,,350.0,157.0,204.0,132.0,244.0,135.0,308.0,150.0,,,,,,,,0.08,0.09,0.17,1.52,0.0,0.46,0.58,1.04,8.87,29,5.0,86.0,0.0,0.0,1.0,0.0,0.0,0.0,0.0,0.0,0.0,0.0,1.0,0.0,15.0,933.0,272.0,0.0,0.10999999999999999,0.07000000000000006,0.17999999999999994,0.08000000000000007,10.200000000000003,17.5,28.0,5.599999999999998,1.0,2.0,10.0,13.0
301,Carlos,Alcaraz Durán,Alcaraz,i,Knock - Expected back 21 Mar,,5.2,215,133.0,0.1,519,188.0,0.0,769.0,334.0,0,0,0.0,-3,3.0,0,39,0.0,5.0,0.0,0.0,1.6,397.0,172.0,0.0,0.0,373.0,166.0,206.0,134.0,180.0,100.0,298.0,148.0,,,,,,,,0.14,0.06,0.2,1.76,0.0,0.4,1.08,0.81,8.64,29,0.0,0.0,0.0,0.0,0.0,0.0,0.0,0.0,0.0,0.0,0.0,0.0,0.0,0.0,0.0,1.0,132.0,0.0,0.0,0.0,0.0,0.0,0.0,0.0,0.0,0.0,0.0,0.0,0.0,0.0
304,Tim,Iroegbunam,Iroegbunam,a,,,4.8,368,230.0,0.0,616,239.0,0.8,294.0,132.0,1,0,0.0,-2,2.0,15,32,0.2,11.0,-0.2,1.3,2.5,270.0,114.0,100.0,100.0,291.0,127.0,294.0,171.0,324.0,171.0,338.0,163.0,,,,,,,,0.03,0.05,0.08,1.51,0.0,0.62,0.89,1.06,11.88,29,1.0,3.0,0.0,0.0,0.0,0.0,0.0,0.0,0.0,0.0,0.0,0.0,0.0,0.0,1.0,45.0,84.0,0.0,0.0,0.0,0.0,0.7100000000000009,0.0,0.29999999999999716,0.0,0.0,0.0,0.0,1.0,1.0
305,Harrison,Armstrong,Armstrong,a,,,4.5,495,305.0,0.1,494,176.0,1.2,252.0,108.0,0,0,0.0,0,0.0,91,117,0.3,4.0,0.2,1.7,1.8,370.0,158.0,100.0,100.0,404.0,178.0,312.0,175.0,278.0,151.0,368.0,175.0,,,,,,,,0.14,0.04,0.18,1.62,0.0,0.18,1.47,1.1,9.16,29,0.0,0.0,0.0,0.0,0.0,0.0,0.0,0.0,0.0,0.0,0.0,0.0,0.0,0.0,0.0,302.0,340.0,0.0,0.0,0.0,0.0,0.0,0.0,0.0,0.0,0.0,0.0,0.0,0.0,0.0
306,Callum,Bates,Bates,a,,,4.3,610,356.0,0.1,479,166.0,0.0,563.0,191.0,0,0,0.0,-2,2.0,95,94,0.0,0.0,-1.0,0.5,0.0,656.0,250.0,,,646.0,240.0,642.0,245.0,619.0,234.0,648.0,242.0,,,,,,,,0.0,0.0,0.0,0.0,0.0,0.0,0.0,0.0,0.0,29,0.0,0.0,0.0,0.0,0.0,0.0,0.0,0.0,0.0,0.0,0.0,0.0,0.0,0.0,0.0,222.0,261.0,0.0,0.0,0.0,0.0,0.0,0.0,0.0,0.0,0.0,0.0,0.0,0.0,0.0
307,Coby,Ebere,Ebere,a,,,4.4,550,328.0,0.0,601,228.0,0.0,589.0,205.0,0,0,0.0,-1,1.0,22,20,0.0,0.0,-1.0,0.5,0.0,675.0,262.0,,,666.0,253.0,662.0,258.0,640.0,247.0,668.0,255.0,,,,,,,,0.0,0.0,0.0,0.0,0.0,0.0,0.0,0.0,0.0,29,0.0,0.0,0.0,0.0,0.0,0.0,0.0,0.0,0.0,0.0,0.0,0.0,0.0,0.0,0.0,47.0,54.0,0.0,0.0,0.0,0.0,0.0,0.0,0.0,0.0,0.0,0.0,0.0,0.0,0.0
308,Isaac,Heath,Heath,u,has joined Accrington on loan for the rest of the season.,,4.5,450,270.0,0.0,699,287.0,0.0,637.0,237.0,0,0,0.0,0,0.0,0,0,0.0,0.0,0.0,0.0,0.0,712.0,287.0,0.0,0.0,707.0,282.0,703.0,284.0,687.0,277.0,708.0,283.0,,,,,,,,0.0,0.0,0.0,0.0,0.0,0.0,0.0,0.0,0.0,29,0.0,0.0,0.0,0.0,0.0,0.0,0.0,0.0,0.0,0.0,0.0,0.0,0.0,0.0,0.0,0.0,3.0,0.0,0.0,0.0,0.0,0.0,0.0,0.0,0.0,0.0,0.0,0.0,0.0,0.0
309,Jenson,Metcalfe,Metcalfe,u,Has joined Bradford City permanently.,,4.5,447,268.0,0.0,818,366.0,0.0,635.0,235.0,0,0,0.0,0,0.0,0,0,0.0,0.0,0.0,0.0,0.0,710.0,285.0,0.0,0.0,705.0,280.0,701.0,282.0,685.0,275.0,706.0,281.0,,,,,,,,0.0,0.0,0.0,0.0,0.0,0.0,0.0,0.0,0.0,29,0.0,0.0,0.0,0.0,0.0,0.0,0.0,0.0,0.0,0.0,0.0,0.0,0.0,0.0,0.0,0.0,0.0,0.0,0.0,0.0,0.0,0.0,0.0,0.0,0.0,0.0,0.0,0.0,0.0,0.0
310,Thierno,Barry,Barry,a,,,5.7,120,33.0,1.1,187,29.0,2.6,140.0,18.0,1,0,0.0,-3,3.0,724,3872,0.5,13.0,1.6,3.1,2.6,258.0,27.0,,,228.0,19.0,187.0,17.0,42.0,17.0,134.0,18.0,,,,,,,,0.35,0.02,0.37,1.45,0.0,0.39,1.24,1.07,3.21,29,1.0,7.0,0.0,0.0,0.0,0.0,0.0,0.0,0.0,0.0,0.0,0.0,0.0,0.0,4.0,8742.0,7555.0,0.0,0.0,0.0,0.0,0.7099999999999973,3.200000000000017,0.5,4.0,0.7999999999999972,1.0,1.0,0.0,2.0
311,Norberto Bercique,Gomes Betuncal,Beto,a,,,5.0,267,55.0,2.5,121,19.0,2.6,134.0,16.0,2,0,0.0,-5,5.0,1247,1781,0.5,11.6,1.6,3.1,2.0,337.0,37.0,,,247.0,22.0,279.0,28.0,45.0,18.0,171.0,22.0,,,3.0,,,,,0.55,0.01,0.56,1.44,0.0,0.26,1.2,0.86,5.76,29,2.0,82.0,0.0,0.0,1.0,0.0,0.0,0.0,0.0,0.0,0.0,0.0,1.0,0.0,11.0,8280.0,3208.0,0.0,0.28000000000000025,0.0,0.28000000000000025,0.0799999999999983,9.599999999999994,10.099999999999994,18.0,3.799999999999997,0.0,4.0,3.0,7.0
312,Youssef,Ramalho Chermiti,Y.Chermiti,u,has joined Rangers permanently.,,4.9,335,62.0,0.1,544,76.0,0.0,736.0,79.0,0,0,0.0,-1,1.0,0,1,0.0,0.0,0.0,0.0,0.0,779.0,87.0,0.0,0.0,778.0,87.0,774.0,86.0,769.0,86.0,778.0,87.0,,,,,,,,0.0,0.0,0.0,0.0,0.0,0.0,0.0,0.0,0.0,29,0.0,0.0,0.0,0.0,0.0,0.0,0.0,0.0,0.0,0.0,0.0,0.0,0.0,0.0,0.0,0.0,3.0,0.0,0.0,0.0,0.0,0.0,0.0,0.0,0.0,0.0,0.0,0.0,0.0,0.0
313,Martin,Sherif,Sherif,u,has joined Port Vale on loan for the rest of the season.,,4.4,557,79.0,0.1,446,64.0,0.0,594.0,61.0,0,0,0.0,-1,1.0,0,10,0.0,0.0,0.0,0.0,0.0,679.0,71.0,0.0,0.0,671.0,71.0,666.0,70.0,646.0,70.0,673.0,71.0,,,,,,,,0.0,0.0,0.0,0.0,0.0,0.0,0.0,0.0,0.0,29,0.0,0.0,0.0,0.0,0.0,0.0,0.0,0.0,0.0,0.0,0.0,0.0,0.0,0.0,0.0,0.0,48.0,0.0,0.0,0.0,0.0,0.0,0.0,0.0,0.0,0.0,0.0,0.0,0.0,0.0
419,Jack,Grealish,Grealish,i,Foot injury - Expected back 01 Jun,,6.3,64,43.0,5.9,63,22.0,0.0,806.0,361.0,0,0,0.0,-2,2.0,8,2261,0.0,12.5,0.0,0.0,4.0,66.0,29.0,0.0,0.0,137.0,46.0,27.0,26.0,47.0,29.0,37.0,27.0,,,,,,,,0.11,0.19,0.3,1.43,0.0,0.39,1.27,1.0,7.47,29,0.0,0.0,0.0,0.0,0.0,0.0,0.0,0.0,0.0,0.0,0.0,0.0,0.0,0.0,0.0,16.0,4407.0,0.0,0.0,0.0,0.0,0.0,0.0,0.0,0.0,0.0,0.0,0.0,0.0,0.0
630,Tom,King,King,a,,,3.9,748,74.0,1.3,172,21.0,0.0,422.0,35.0,0,0,0.0,-1,1.0,107,275,0.0,0.0,-1.0,0.5,0.0,546.0,44.0,,,536.0,44.0,523.0,27.0,493.0,14.0,538.0,44.0,,,,,,,,0.0,0.0,0.0,0.0,0.0,0.0,0.0,0.0,0.0,29,0.0,0.0,0.0,0.0,0.0,0.0,0.0,0.0,0.0,0.0,0.0,0.0,0.0,0.0,0.0,262.0,672.0,0.0,0.0,0.0,0.0,0.0,0.0,0.0,0.0,0.0,0.0,0.0,0.0,0.0
667,Adam,Aznou,Aznou,a,,,4.2,638,149.0,0.1,570,205.0,0.0,533.0,223.0,0,0,0.0,-3,3.0,13,21,0.0,0.0,-1.0,0.5,0.0,639.0,248.0,100.0,100.0,630.0,249.0,624.0,248.0,599.0,247.0,632.0,249.0,,,,,,,,0.0,0.0,0.0,0.0,0.0,0.0,0.0,0.0,0.0,29,0.0,0.0,0.0,0.0,0.0,0.0,0.0,0.0,0.0,0.0,0.0,0.0,0.0,0.0,0.0,26.0,43.0,0.0,0.0,0.0,0.0,0.0,0.0,0.0,0.0,0.0,0.0,0.0,0.0,0.0
704,Tyler,Onyango,Onyango,u,has joined Stockport County on loan for the rest of the season.,,4.5,437,261.0,0.0,583,218.0,0.0,629.0,229.0,0,0,0.0,0,0.0,0,10,0.0,0.0,0.0,0.0,0.0,705.0,280.0,0.0,0.0,699.0,274.0,696.0,277.0,679.0,270.0,701.0,276.0,,,,,,,,0.0,0.0,0.0,0.0,0.0,0.0,0.0,0.0,0.0,29,0.0,0.0,0.0,0.0,0.0,0.0,0.0,0.0,0.0,0.0,0.0,0.0,0.0,0.0,0.0,0.0,13.0,0.0,0.0,0.0,0.0,0.0,0.0,0.0,0.0,0.0,0.0,0.0,0.0,0.0
705,Elijah,Campbell,Campbell,u,has joined Port Vale on loan for the rest of the season.,,3.9,771,225.0,0.2,410,150.0,0.0,440.0,167.0,0,0,0.0,-1,1.0,0,48,0.0,0.0,0.0,0.0,0.0,562.0,203.0,0.0,0.0,552.0,203.0,539.0,203.0,509.0,198.0,554.0,203.0,,,,,,,,0.0,0.0,0.0,0.0,0.0,0.0,0.0,0.0,0.0,29,0.0,0.0,0.0,0.0,0.0,0.0,0.0,0.0,0.0,0.0,0.0,0.0,0.0,0.0,0.0,0.0,98.0,0.0,0.0,0.0,0.0,0.0,0.0,0.0,0.0,0.0,0.0,0.0,0.0,0.0
707,Tyler,Dibling,Dibling,a,,,5.3,200,124.0,0.0,649,259.0,0.2,378.0,172.0,1,0,0.0,-2,2.0,3,18,0.0,3.4,-0.8,0.7,1.3,435.0,196.0,,,413.0,182.0,325.0,181.0,355.0,184.0,399.0,182.0,,,,,,,,0.05,0.04,0.09,1.71,0.0,0.52,0.52,1.03,10.32,29,1.0,1.0,0.0,0.0,0.0,0.0,0.0,0.0,0.0,0.0,0.0,0.0,0.0,0.0,3.0,22.0,44.0,0.0,0.0,0.0,0.0,0.6699999999999999,0.0,0.0,0.0,0.0,0.0,0.0,0.0,0.0
728,Merlin,Röhl,Röhl,a,,,5.0,275,170.0,0.0,713,296.0,0.0,754.0,325.0,0,0,0.0,0,0.0,6,10,0.0,3.2,-1.0,0.5,1.6,395.0,170.0,100.0,100.0,398.0,175.0,313.0,176.0,354.0,183.0,387.0,179.0,,,,,,,,0.13,0.04,0.17,1.6,0.0,0.51,1.02,0.51,10.96,29,0.0,0.0,0.0,0.0,0.0,0.0,0.0,0.0,0.0,0.0,0.0,0.0,0.0,0.0,0.0,17.0,25.0,0.0,0.0,0.0,0.0,0.0,0.0,0.0,0.0,0.0,0.0,0.0,0.0,0.0
779,Braiden,Graham,Graham,a,,,4.5,503,72.0,0.0,628,82.0,0.0,683.0,72.0,0,0,0.0,0,0.0,46,64,0.0,0.0,-1.0,0.5,0.0,750.0,82.0,,,749.0,82.0,743.0,81.0,730.0,81.0,749.0,82.0,,,,,,,,0.0,0.0,0.0,0.0,0.0,0.0,0.0,0.0,0.0,29,0.0,0.0,0.0,0.0,0.0,0.0,0.0,0.0,0.0,0.0,0.0,0.0,0.0,0.0,0.0,99.0,176.0,0.0,0.0,0.0,0.0,0.0,0.0,0.0,0.0,0.0,0.0,0.0,0.0,0.0
314,Bernd,Leno,Leno,a,,,4.9,287,10.0,1.5,158,20.0,1.4,232.0,16.0,3,0,0.0,-1,1.0,1131,454,0.3,16.1,1.4,1.4,2.7,233.0,24.0,,,37.0,10.0,759.0,89.0,753.0,85.0,205.0,10.0,,,,,,,,0.0,0.0,0.0,1.41,2.45,0.17,1.48,1.0,0.0,29,3.0,90.0,0.0,0.0,0.0,1.0,0.0,0.0,0.0,0.0,0.0,3.0,1.0,0.0,11.0,5782.0,1498.0,0.0,0.0,0.0,0.0,1.0899999999999963,21.0,0.0,0.0,2.1000000000000014,0.0,0.0,14.0,0.0
315,Steven,Benda,Benda,u,has joined Feyenoord on loan for the rest of the season.,,4.0,677,49.0,0.0,757,87.0,0.0,467.0,62.0,0,0,0.0,0,0.0,0,3,0.0,0.0,0.0,0.0,0.0,587.0,69.0,0.0,0.0,577.0,69.0,568.0,56.0,539.0,43.0,579.0,69.0,,,,,,,,0.0,0.0,0.0,0.0,0.0,0.0,0.0,0.0,0.0,29,0.0,0.0,0.0,0.0,0.0,0.0,0.0,0.0,0.0,0.0,0.0,0.0,0.0,0.0,0.0,0.0,10.0,0.0,0.0,0.0,0.0,0.0,0.0,0.0,0.0,0.0,0.0,0.0,0.0,0.0
316,Antonee,Robinson,Robinson,a,,,4.9,295,44.0,0.7,220,83.0,0.2,372.0,135.0,1,0,0.0,-1,1.0,411,432,0.0,6.9,0.2,0.2,2.6,253.0,98.0,100.0,100.0,251.0,102.0,125.0,32.0,353.0,117.0,255.0,82.0,,,,,,,,0.02,0.13,0.15,1.45,0.0,0.2,1.11,1.01,7.78,29,1.0,90.0,0.0,0.0,0.0,1.0,0.0,0.0,0.0,1.0,0.0,0.0,1.0,0.0,11.0,1731.0,1551.0,0.0,0.0,0.15999999999999992,0.15999999999999992,1.0899999999999999,24.399999999999977,42.30000000000001,0.0,6.700000000000003,0.0,9.0,5.0,9.0
317,Joachim,Andersen,Andersen,a,,,4.5,414,76.0,4.8,74,23.0,1.4,230.0,89.0,0,0,0.0,0,0.0,2567,2484,0.3,20.7,1.4,1.4,3.6,106.0,36.0,100.0,100.0,24.0,10.0,242.0,66.0,218.0,54.0,107.0,30.0,,,,,,,,0.05,0.06,0.11,1.39,0.0,0.2,1.49,1.02,10.41,29,0.0,0.0,0.0,0.0,0.0,0.0,0.0,0.0,0.0,0.0,0.0,0.0,0.0,0.0,0.0,22286.0,12060.0,0.0,0.0,0.0,0.0,0.0,0.0,0.0,0.0,0.0,0.0,0.0,0.0,0.0
318,Calvin,Bassey,Bassey,a,,,4.4,533,111.0,0.5,266,99.0,2.0,177.0,65.0,1,0,0.0,-1,1.0,503,207,0.5,15.0,2.0,2.0,3.1,169.0,66.0,100.0,100.0,110.0,48.0,261.0,76.0,276.0,77.0,206.0,69.0,,,,,,,,0.07,0.01,0.08,1.36,0.0,0.16,1.67,0.99,8.0,29,1.0,90.0,0.0,0.0,0.0,1.0,0.0,0.0,0.0,1.0,0.0,0.0,1.0,0.0,7.0,4638.0,633.0,0.0,0.0,0.009999999999999981,0.010000000000000009,1.0899999999999999,12.400000000000034,3.799999999999997,0.0,1.6000000000000014,4.0,0.0,1.0,4.0
319,Timothy,Castagne,Castagne,a,,,4.3,581,127.0,0.1,460,169.0,0.8,284.0,101.0,1,0,0.0,-2,2.0,37,65,0.2,7.0,0.8,0.8,1.4,419.0,151.0,,,241.0,95.0,215.0,54.0,228.0,59.0,263.0,85.0,,,,,,,,0.09,0.04,0.13,1.74,0.0,0.0,1.84,0.96,7.91,29,1.0,8.0,0.0,0.0,0.0,0.0,0.0,0.0,0.0,0.0,0.0,0.0,0.0,0.0,3.0,136.0,182.0,0.0,0.18000000000000016,0.0,0.17999999999999994,0.0,2.6000000000000227,0.6999999999999886,24.0,2.700000000000003,1.0,0.0,0.0,1.0
320,Issa,Diop,Diop,a,,,4.3,583,129.0,0.1,527,188.0,0.6,314.0,109.0,2,0,0.0,-2,2.0,49,25,0.1,3.0,0.6,0.6,1.3,428.0,155.0,,,339.0,130.0,440.0,159.0,398.0,145.0,397.0,144.0,,,,,,,,0.0,0.01,0.01,1.54,0.0,0.0,1.67,0.91,7.45,29,2.0,90.0,0.0,0.0,0.0,1.0,0.0,0.0,0.0,0.0,0.0,0.0,1.0,0.0,10.0,151.0,67.0,0.0,0.0,0.010000000000000002,0.009999999999999995,1.0899999999999999,20.799999999999997,0.9000000000000004,2.0,2.4000000000000004,1.0,4.0,3.0,5.0
321,Jorge,Cuenca Barreno,J.Cuenca,a,,,4.3,588,132.0,0.1,562,202.0,0.8,285.0,102.0,0,0,0.0,-2,2.0,6,39,0.2,9.1,0.8,0.8,2.8,210.0,80.0,,,231.0,90.0,345.0,117.0,391.0,140.0,333.0,114.0,,,,,,,,0.0,0.05,0.05,1.41,0.0,0.19,1.06,1.06,11.02,29,0.0,0.0,0.0,0.0,0.0,0.0,0.0,0.0,0.0,0.0,0.0,0.0,0.0,0.0,0.0,58.0,125.0,0.0,0.0,0.0,0.0,0.0,0.0,0.0,0.0,0.0,0.0,0.0,0.0,0.0
322,Kenny,Tete,Tete,a,,,4.5,412,75.0,0.3,315,116.0,2.0,178.0,66.0,2,0,0.0,0,0.0,303,151,0.4,16.7,2.0,2.0,3.6,105.0,35.0,100.0,100.0,121.0,52.0,161.0,40.0,231.0,61.0,159.0,53.0,,,,,,,,0.05,0.08,0.13,1.31,0.0,0.26,1.32,1.06,8.31,29,2.0,81.0,0.0,0.0,0.0,1.0,0.0,0.0,0.0,0.0,0.0,0.0,1.0,0.0,12.0,3867.0,603.0,0.0,0.06000000000000005,0.040000000000000036,0.10000000000000009,1.0899999999999999,12.0,15.099999999999994,7.0,3.4000000000000057,1.0,4.0,3.0,5.0
323,Samuel,Amissah,Amissah,a,,,3.8,814,260.0,0.1,421,155.0,0.0,412.0,159.0,0,0,0.0,-2,2.0,25,37,0.0,0.0,0.0,0.0,0.0,537.0,198.0,,,527.0,198.0,513.0,198.0,483.0,193.0,529.0,198.0,,,,,,,,0.0,0.0,0.0,0.0,0.0,0.0,0.0,0.0,0.0,29,0.0,0.0,0.0,0.0,0.0,0.0,0.0,0.0,0.0,0.0,0.0,0.0,0.0,0.0,0.0,70.0,99.0,0.0,0.0,0.0,0.0,0.0,0.0,0.0,0.0,0.0,0.0,0.0,0.0,0.0
324,Alex,Iwobi,Iwobi,a,,,6.4,55,35.0,2.1,135,45.0,6.2,11.0,5.0,2,1,-1.0,-1,1.0,12355,1879,1.0,14.2,6.2,6.2,4.0,67.0,30.0,100.0,100.0,91.0,31.0,17.0,17.0,112.0,68.0,45.0,32.0,2.0,,,,,,,0.06,0.16,0.22,1.41,0.0,0.14,1.66,1.06,6.73,29,2.0,90.0,0.0,0.0,0.0,1.0,0.0,0.0,0.0,0.0,0.0,0.0,1.0,0.0,15.0,86904.0,3339.0,0.0,0.050000000000000044,0.06999999999999984,0.11999999999999922,1.0899999999999999,13.0,24.799999999999955,24.0,6.200000000000003,1.0,4.0,5.0,10.0
325,Emile,Smith Rowe,Smith Rowe,a,,,5.6,128,79.0,0.5,249,86.0,1.6,220.0,93.0,1,0,0.0,-4,4.0,264,486,0.3,11.4,1.6,1.6,2.2,312.0,138.0,100.0,100.0,232.0,101.0,121.0,84.0,72.0,41.0,130.0,74.0,,,,,,,,0.26,0.06,0.32,1.54,0.0,0.19,1.43,1.0,6.98,29,1.0,29.0,0.0,0.0,0.0,1.0,0.0,0.0,0.0,0.0,0.0,0.0,0.0,0.0,6.0,1553.0,1237.0,0.0,0.1900000000000004,0.010000000000000009,0.20000000000000018,0.13999999999999702,5.799999999999983,6.100000000000023,35.0,4.700000000000003,0.0,0.0,1.0,1.0
327,Andreas,Hoelgebaum Pereira,Andreas,u,has joined Palmeiras permanently.,,5.3,186,114.0,0.1,561,206.0,0.0,774.0,337.0,0,0,0.0,-2,2.0,0,1,0.0,0.0,0.0,0.0,0.0,798.0,352.0,0.0,0.0,797.0,351.0,796.0,351.0,793.0,350.0,797.0,351.0,,,,,,,,0.0,0.0,0.0,0.0,0.0,0.0,0.0,0.0,0.0,29,0.0,0.0,0.0,0.0,0.0,0.0,0.0,0.0,0.0,0.0,0.0,0.0,0.0,0.0,0.0,0.0,3.0,0.0,0.0,0.0,0.0,0.0,0.0,0.0,0.0,0.0,0.0,0.0,0.0,0.0
328,Ryan,Sessegnon,Sessegnon,a,,,5.4,161,100.0,0.2,401,136.0,2.6,137.0,61.0,1,0,0.0,-1,1.0,106,112,0.5,14.4,2.6,2.6,3.5,123.0,55.0,100.0,100.0,157.0,56.0,168.0,114.0,149.0,84.0,156.0,84.0,,,,,,,,0.07,0.1,0.17,1.35,0.0,0.22,1.63,1.01,10.54,29,1.0,8.0,0.0,0.0,0.0,0.0,0.0,0.0,0.0,0.0,0.0,0.0,0.0,0.0,3.0,653.0,290.0,0.0,0.05999999999999983,0.010000000000000009,0.06999999999999984,0.0,0.19999999999998863,1.799999999999983,12.0,1.4000000000000057,0.0,0.0,0.0,0.0
329,Harry,Wilson,Wilson,d,Ankle injury - 75% chance of playing,,6.0,85,55.0,23.7,15,5.0,4.8,32.0,16.0,0,0,0.0,5,-5.0,19175,31579,0.8,23.3,3.6,3.6,5.2,11.0,6.0,75.0,75.0,38.0,10.0,32.0,30.0,26.0,13.0,22.0,18.0,1.0,1.0,3.0,,,,,0.2,0.17,0.37,1.32,0.0,0.26,1.34,1.08,6.0,29,0.0,0.0,0.0,0.0,0.0,0.0,0.0,0.0,0.0,0.0,0.0,0.0,0.0,0.0,0.0,111252.0,71225.0,0.0,0.0,0.0,0.0,0.0,0.0,0.0,0.0,0.0,0.0,0.0,0.0,0.0
330,Sander,Berge,Berge,a,,,4.9,304,190.0,0.1,520,189.0,2.8,116.0,50.0,4,0,0.0,-1,1.0,65,39,0.6,14.9,2.8,2.8,2.5,271.0,115.0,,,133.0,44.0,111.0,80.0,286.0,155.0,152.0,80.0,,,,,,,,0.05,0.04,0.09,1.42,0.0,0.19,1.52,1.04,9.03,29,4.0,81.0,0.0,0.0,0.0,1.0,0.0,0.0,0.0,0.0,0.0,0.0,1.0,0.0,15.0,185.0,123.0,0.0,0.0,0.010000000000000009,0.010000000000000231,1.0900000000000034,17.0,2.0,4.0,2.299999999999997,2.0,3.0,8.0,13.0
331,Tom,Cairney,Cairney,a,,,4.8,350,218.0,0.0,636,250.0,0.8,293.0,131.0,3,0,0.0,-2,2.0,14,9,0.2,5.8,0.8,0.8,1.5,411.0,182.0,100.0,100.0,377.0,168.0,256.0,158.0,323.0,170.0,354.0,171.0,,,,,,,,0.16,0.06,0.22,1.59,0.0,0.17,1.52,0.68,7.26,29,3.0,60.0,0.0,0.0,1.0,0.0,0.0,0.0,0.0,0.0,0.0,0.0,1.0,0.0,12.0,31.0,29.0,0.0,0.0,0.06,0.06000000000000005,0.9499999999999993,4.3999999999999915,17.10000000000001,0.0,2.1999999999999993,0.0,1.0,4.0,5.0
332,Saša,Lukić,Lukić,a,,,4.9,308,193.0,0.1,572,211.0,0.0,722.0,301.0,0,0,0.0,-1,1.0,8,5,0.0,10.2,0.0,0.0,2.6,254.0,106.0,100.0,100.0,239.0,103.0,74.0,56.0,223.0,124.0,176.0,91.0,3.0,,,,,,,0.13,0.1,0.23,1.37,0.0,0.3,1.27,1.12,9.46,29,0.0,0.0,0.0,0.0,0.0,0.0,0.0,0.0,0.0,0.0,0.0,0.0,0.0,0.0,0.0,26.0,21.0,0.0,0.0,0.0,0.0,0.0,0.0,0.0,0.0,0.0,0.0,0.0,0.0,0.0
333,Martial,Godo,Godo,u,has joined Strasbourg permanently.,,4.5,473,289.0,0.0,666,270.0,0.0,657.0,254.0,0,0,0.0,0,0.0,0,1,0.0,0.0,0.0,0.0,0.0,728.0,301.0,0.0,0.0,725.0,298.0,720.0,299.0,706.0,294.0,726.0,299.0,,,,,,,,0.0,0.0,0.0,0.0,0.0,0.0,0.0,0.0,0.0,29,0.0,0.0,0.0,0.0,0.0,0.0,0.0,0.0,0.0,0.0,0.0,0.0,0.0,0.0,0.0,0.0,3.0,0.0,0.0,0.0,0.0,0.0,0.0,0.0,0.0,0.0,0.0,0.0,0.0,0.0
334,Luke,Harris,Harris,u,Has joined Oxford United on loan for the rest of the season.,,4.5,454,273.0,0.0,811,360.0,0.0,641.0,240.0,0,0,0.0,0,0.0,0,0,0.0,0.0,0.0,0.0,0.0,715.0,290.0,0.0,0.0,710.0,285.0,706.0,287.0,690.0,280.0,711.0,286.0,,,,,,,,0.0,0.0,0.0,0.0,0.0,0.0,0.0,0.0,0.0,29,0.0,0.0,0.0,0.0,0.0,0.0,0.0,0.0,0.0,0.0,0.0,0.0,0.0,0.0,0.0,0.0,1.0,0.0,0.0,0.0,0.0,0.0,0.0,0.0,0.0,0.0,0.0,0.0,0.0,0.0
335,Josh,King,King,a,,,4.4,564,337.0,1.8,147,50.0,1.0,270.0,119.0,3,0,0.0,-1,1.0,856,885,0.2,9.3,1.0,1.0,1.8,367.0,157.0,100.0,100.0,349.0,156.0,231.0,146.0,113.0,69.0,271.0,136.0,,,,,,,,0.15,0.04,0.19,1.29,0.0,0.37,1.37,1.1,7.32,29,3.0,60.0,0.0,0.0,1.0,0.0,0.0,0.0,0.0,0.0,0.0,0.0,1.0,0.0,8.0,2376.0,5177.0,0.0,0.2200000000000002,0.010000000000000009,0.22999999999999976,0.9499999999999993,2.799999999999997,12.099999999999994,31.0,4.600000000000001,0.0,0.0,3.0,3.0
336,Harrison,Reed,Reed,a,,,4.3,580,344.0,0.4,279,98.0,0.2,365.0,164.0,0,0,0.0,-2,2.0,342,367,0.0,2.8,0.2,0.2,2.4,282.0,122.0,,,424.0,186.0,431.0,208.0,420.0,203.0,444.0,198.0,,,,,,,,0.16,0.94,1.1,1.6,0.0,0.0,3.91,0.0,7.83,29,0.0,0.0,0.0,0.0,0.0,0.0,0.0,0.0,0.0,0.0,0.0,0.0,0.0,0.0,0.0,1038.0,1508.0,0.0,0.0,0.0,0.0,0.0,0.0,0.0,0.0,0.0,0.0,0.0,0.0,0.0
337,Raúl,Jiménez Rodríguez,Raúl,a,,,6.2,71,23.0,3.0,108,18.0,4.0,62.0,8.0,1,1,-1.0,-3,3.0,5405,7525,0.6,15.6,4.0,4.0,3.5,125.0,10.0,100.0,100.0,102.0,7.0,103.0,5.0,14.0,9.0,32.0,8.0,,2.0,1.0,,,,,0.48,0.04,0.52,1.39,0.0,0.33,1.18,1.14,5.34,29,1.0,59.0,0.0,0.0,0.0,0.0,0.0,0.0,0.0,0.0,0.0,0.0,1.0,0.0,8.0,42100.0,13925.0,0.0,0.16000000000000014,0.040000000000000036,0.20000000000000107,0.9499999999999993,2.0,1.0,4.0,0.700000000000017,1.0,0.0,2.0,3.0
338,Rodrigo,Muniz Carvalho,Muniz,a,,,5.3,193,46.0,0.7,212,32.0,1.0,279.0,33.0,1,0,0.0,-2,2.0,220,165,0.2,4.2,1.0,1.0,1.8,378.0,44.0,100.0,100.0,378.0,39.0,331.0,37.0,165.0,39.0,340.0,40.0,,,,,,,,0.24,0.01,0.25,1.47,0.0,0.19,1.55,0.77,5.23,29,1.0,30.0,0.0,0.0,0.0,1.0,0.0,0.0,0.0,0.0,0.0,0.0,0.0,0.0,3.0,580.0,444.0,0.0,0.040000000000000036,0.009999999999999998,0.050000000000000044,0.13999999999999968,0.0,1.2999999999999972,11.0,1.0,0.0,0.0,0.0,0.0
424,Oscar,Bobb,Bobb,a,,,5.1,239,145.0,0.2,355,118.0,1.8,199.0,85.0,1,0,0.0,-4,4.0,192,118,0.4,5.3,1.8,1.8,1.9,352.0,150.0,100.0,100.0,370.0,163.0,150.0,101.0,233.0,128.0,287.0,145.0,,,,,,,,0.07,0.21,0.28,1.09,0.0,0.28,1.27,0.85,6.78,29,1.0,29.0,0.0,0.0,0.0,1.0,0.0,0.0,0.0,0.0,0.0,0.0,0.0,0.0,6.0,1860.0,241.0,0.0,0.0,0.1299999999999999,0.1299999999999999,0.13999999999999968,5.800000000000011,15.0,0.0,2.1000000000000014,0.0,0.0,1.0,1.0
664,Benjamin,Lecomte,Lecomte,a,,,3.9,745,72.0,0.7,214,28.0,0.0,419.0,33.0,0,0,0.0,-1,1.0,96,156,0.0,0.0,0.0,0.0,0.0,544.0,42.0,,,534.0,42.0,521.0,25.0,491.0,12.0,536.0,42.0,,,,,,,,0.0,0.0,0.0,0.0,0.0,0.0,0.0,0.0,0.0,29,0.0,0.0,0.0,0.0,0.0,0.0,0.0,0.0,0.0,0.0,0.0,0.0,0.0,0.0,0.0,297.0,422.0,0.0,0.0,0.0,0.0,0.0,0.0,0.0,0.0,0.0,0.0,0.0,0.0,0.0
727,Samuel,Chukwueze,Chukwueze,a,,,5.3,190,118.0,0.1,499,180.0,1.4,239.0,102.0,2,0,0.0,-2,2.0,125,124,0.3,9.4,1.4,1.4,3.3,148.0,63.0,100.0,100.0,229.0,99.0,123.0,86.0,128.0,74.0,167.0,87.0,,,,,,,,0.2,0.35,0.55,1.49,0.0,0.12,1.94,0.85,7.15,29,2.0,90.0,0.0,0.0,0.0,1.0,0.0,0.0,0.0,0.0,0.0,0.0,1.0,0.0,10.0,517.0,348.0,0.0,0.029999999999999805,0.14000000000000012,0.16999999999999993,1.0899999999999999,10.0,13.599999999999994,11.0,3.5,0.0,1.0,3.0,4.0
731,Kevin,Santos Lopes de Macedo,Kevin,i,Foot injury - Unknown return date,,5.8,110,71.0,0.1,559,205.0,0.6,331.0,152.0,0,0,0.0,-2,2.0,2,120,0.1,7.4,0.0,0.0,1.9,360.0,155.0,0.0,0.0,263.0,109.0,138.0,95.0,125.0,73.0,198.0,100.0,,,,,,,,0.11,0.14,0.25,1.3,0.0,0.4,1.5,0.8,7.52,29,0.0,0.0,0.0,0.0,0.0,0.0,0.0,0.0,0.0,0.0,0.0,0.0,0.0,0.0,0.0,5.0,351.0,0.0,0.0,0.0,0.0,0.0,0.0,0.0,0.0,0.0,0.0,0.0,0.0,0.0
737,Jonah,Kusi-Asare,Kusi-Asare,a,,,4.5,506,74.0,0.1,476,69.0,0.0,685.0,74.0,0,0,0.0,0,0.0,63,118,0.0,0.9,0.0,0.0,0.8,510.0,62.0,,,496.0,59.0,416.0,56.0,416.0,58.0,467.0,57.0,,,,,,,,0.0,0.21,0.21,2.25,0.0,0.0,6.0,0.0,6.0,29,0.0,0.0,0.0,0.0,0.0,0.0,0.0,0.0,0.0,0.0,0.0,0.0,0.0,0.0,0.0,135.0,298.0,0.0,0.0,0.0,0.0,0.0,0.0,0.0,0.0,0.0,0.0,0.0,0.0,0.0
770,Seth,Ridgeon,Ridgeon,a,,,4.5,501,310.0,0.0,781,339.0,0.0,681.0,273.0,0,0,0.0,0,0.0,9,4,0.0,0.0,0.0,0.0,0.0,748.0,316.0,,,747.0,315.0,741.0,315.0,728.0,311.0,747.0,315.0,,,,,,,,0.0,0.0,0.0,0.0,0.0,0.0,0.0,0.0,0.0,29,0.0,0.0,0.0,0.0,0.0,0.0,0.0,0.0,0.0,0.0,0.0,0.0,0.0,0.0,0.0,16.0,11.0,0.0,0.0,0.0,0.0,0.0,0.0,0.0,0.0,0.0,0.0,0.0,0.0,0.0
339,Illan,Meslier,Meslier,a,,,4.1,654,37.0,0.3,300,39.0,0.0,523.0,79.0,0,0,0.0,-4,4.0,59,67,0.0,0.0,0.0,0.0,0.0,636.0,86.0,,,626.0,86.0,618.0,74.0,591.0,61.0,628.0,86.0,,,,,,,,0.0,0.0,0.0,0.0,0.0,0.0,0.0,0.0,0.0,29,0.0,0.0,0.0,0.0,0.0,0.0,0.0,0.0,0.0,0.0,0.0,0.0,0.0,0.0,0.0,138.0,156.0,0.0,0.0,0.0,0.0,0.0,0.0,0.0,0.0,0.0,0.0,0.0,0.0,0.0
340,Alex,Cairns,Cairns,a,,,3.9,746,73.0,0.1,413,61.0,0.0,420.0,34.0,0,0,0.0,-1,1.0,21,41,0.0,0.0,0.0,0.0,0.0,545.0,43.0,,,535.0,43.0,522.0,26.0,492.0,13.0,537.0,43.0,,,,,,,,0.0,0.0,0.0,0.0,0.0,0.0,0.0,0.0,0.0,29,0.0,0.0,0.0,0.0,0.0,0.0,0.0,0.0,0.0,0.0,0.0,0.0,0.0,0.0,0.0,68.0,79.0,0.0,0.0,0.0,0.0,0.0,0.0,0.0,0.0,0.0,0.0,0.0,0.0,0.0
341,Karl,Darlow,Darlow,a,,,3.9,741,68.0,2.5,119,16.0,2.2,155.0,12.0,2,0,0.0,-1,1.0,1826,663,0.6,7.7,2.2,2.2,2.3,294.0,26.0,,,196.0,22.0,517.0,21.0,487.0,8.0,339.0,22.0,,,,,,,,0.0,0.0,0.0,1.26,2.62,0.08,1.46,1.0,0.0,29,2.0,90.0,0.0,0.0,0.0,1.0,0.0,0.0,0.0,0.0,0.0,0.0,1.0,0.0,4.0,10237.0,1741.0,0.0,0.0,0.0,0.0,0.8600000000000012,7.600000000000023,0.0,0.0,0.8000000000000007,0.0,1.0,7.0,0.0
342,Jayden,Bogle,Bogle,a,,,4.4,529,107.0,0.3,342,124.0,3.4,84.0,28.0,2,0,0.0,-1,1.0,159,289,0.8,15.9,3.4,3.4,2.6,248.0,95.0,100.0,100.0,163.0,69.0,140.0,36.0,152.0,31.0,145.0,48.0,,,,,,,,0.08,0.06,0.14,1.37,0.0,0.16,1.63,1.03,5.56,29,2.0,83.0,0.0,0.0,0.0,1.0,0.0,0.0,0.0,0.0,0.0,0.0,1.0,0.0,1.0,5004.0,650.0,0.0,0.21999999999999997,0.0,0.21999999999999975,0.8599999999999994,0.4000000000000341,1.799999999999983,16.0,1.7999999999999972,0.0,1.0,4.0,1.0
347,Gabriel,Gudmundsson,Gudmundsson,a,,,3.8,792,239.0,3.9,89,30.0,1.4,226.0,85.0,2,0,0.0,-2,2.0,2014,1445,0.4,16.1,1.4,1.4,2.2,302.0,113.0,100.0,100.0,128.0,58.0,76.0,17.0,189.0,44.0,114.0,34.0,,,,,,,,0.04,0.08,0.12,1.45,0.0,0.16,1.63,1.05,6.13,29,2.0,83.0,0.0,0.0,0.0,1.0,0.0,0.0,0.0,0.0,0.0,0.0,1.0,0.0,8.0,11896.0,4580.0,0.0,0.040000000000000036,0.009999999999999787,0.050000000000000266,0.8599999999999994,1.3999999999999773,2.2999999999999545,5.0,0.8999999999999915,0.0,2.0,4.0,2.0
348,Joe,Rodon,Rodon,a,,,3.9,753,216.0,3.9,90,31.0,3.0,105.0,38.0,2,0,0.0,-1,1.0,2467,1716,0.8,21.8,3.0,2.2,3.1,163.0,61.0,100.0,75.0,44.0,19.0,316.0,106.0,160.0,35.0,132.0,40.0,,,,,,,,0.05,0.01,0.06,1.48,0.0,0.11,1.75,1.03,8.52,29,2.0,90.0,0.0,0.0,0.0,1.0,0.0,0.0,0.0,0.0,0.0,0.0,1.0,0.0,11.0,6453.0,9403.0,0.0,0.0,0.010000000000000009,0.010000000000000009,0.8599999999999994,18.199999999999932,1.4000000000000057,0.0,2.0,2.0,5.0,6.0,7.0
349,Isaac,Schmidt,Schmidt,u,has joined Werder Bremen on loan for the rest of the season.,,4.0,693,176.0,0.1,551,200.0,0.0,482.0,186.0,0,0,0.0,0,0.0,0,10,0.0,0.0,0.0,0.0,0.0,601.0,221.0,0.0,0.0,591.0,221.0,582.0,221.0,553.0,217.0,593.0,221.0,,,,,,,,0.0,0.0,0.0,0.0,0.0,0.0,0.0,0.0,0.0,29,0.0,0.0,0.0,0.0,0.0,0.0,0.0,0.0,0.0,0.0,0.0,0.0,0.0,0.0,0.0,0.0,20.0,0.0,0.0,0.0,0.0,0.0,0.0,0.0,0.0,0.0,0.0,0.0,0.0,0.0
350,Brenden,Aaronson,Aaronson,a,,,5.4,168,105.0,0.7,223,78.0,2.4,150.0,65.0,2,0,0.0,-1,1.0,574,1583,0.4,19.4,2.4,2.4,3.8,89.0,42.0,,,129.0,42.0,71.0,55.0,40.0,24.0,53.0,36.0,,,,,,,,0.19,0.14,0.33,1.37,0.0,0.34,1.31,1.06,8.12,29,2.0,73.0,0.0,0.0,0.0,1.0,0.0,0.0,0.0,0.0,0.0,0.0,1.0,0.0,7.0,5767.0,4173.0,0.0,0.10000000000000009,0.010000000000000231,0.11000000000000032,0.8599999999999994,2.1999999999999886,1.8000000000000114,14.0,1.7999999999999972,1.0,1.0,3.0,5.0
351,Wilfried,Gnonto,Gnonto,a,,,5.2,214,132.0,0.1,510,184.0,0.2,377.0,171.0,0,0,0.0,-3,3.0,14,30,0.0,4.2,0.2,0.2,1.4,422.0,187.0,100.0,100.0,402.0,177.0,283.0,167.0,339.0,176.0,379.0,178.0,,,,,,,,0.07,0.13,0.2,2.01,0.0,0.24,2.63,0.95,9.79,29,0.0,16.0,0.0,0.0,0.0,0.0,0.0,0.0,0.0,1.0,0.0,0.0,0.0,0.0,88.0,48.0,79.0,0.0,0.03999999999999998,0.010000000000000009,0.04999999999999993,0.0,0.0,1.2000000000000028,4.0,0.29999999999999716,0.0,1.0,2.0,3.0
352,Jack,Harrison,Harrison,u,has joined ACF Fiorentina on loan for the rest of the season.,,5.1,230,142.0,0.0,593,222.0,0.0,762.0,330.0,0,0,0.0,-4,4.0,0,17,0.0,2.4,0.0,0.0,1.1,447.0,201.0,0.0,0.0,432.0,190.0,342.0,183.0,349.0,181.0,410.0,186.0,,,,,,,,0.1,0.08,0.18,1.31,0.0,0.0,1.72,0.34,8.24,29,0.0,0.0,0.0,0.0,0.0,0.0,0.0,0.0,0.0,0.0,0.0,0.0,0.0,0.0,0.0,0.0,27.0,0.0,0.0,0.0,0.0,0.0,0.0,0.0,0.0,0.0,0.0,0.0,0.0,0.0
353,Daniel,James,James,a,,,5.2,206,127.0,0.1,480,167.0,0.8,301.0,138.0,1,0,0.0,-3,3.0,38,32,0.2,3.3,0.8,0.8,1.2,441.0,198.0,100.0,100.0,418.0,183.0,241.0,151.0,248.0,137.0,349.0,168.0,,,,,,,,0.16,0.13,0.29,2.36,0.0,0.23,2.94,0.9,4.97,29,1.0,16.0,0.0,0.0,0.0,0.0,0.0,0.0,0.0,0.0,0.0,0.0,0.0,0.0,6.0,85.0,51.0,0.0,0.0,0.020000000000000018,0.020000000000000018,0.0,6.200000000000003,15.600000000000009,4.0,2.6000000000000014,0.0,0.0,2.0,2.0
354,Ethan,Ampadu,Ampadu,a,,,4.9,299,187.0,0.2,383,126.0,3.6,80.0,35.0,2,0,0.0,-1,1.0,323,244,0.7,18.8,3.6,3.6,3.5,119.0,53.0,100.0,100.0,83.0,28.0,96.0,72.0,260.0,142.0,122.0,70.0,,,,,,,,0.07,0.06,0.13,1.43,0.0,0.16,1.6,1.01,12.2,29,2.0,90.0,0.0,0.0,0.0,1.0,0.0,0.0,0.0,0.0,0.0,0.0,1.0,0.0,14.0,2430.0,631.0,0.0,0.050000000000000044,0.10000000000000009,0.1499999999999999,0.8599999999999994,19.399999999999977,27.200000000000045,5.0,5.200000000000003,3.0,4.0,3.0,10.0
362,Joël,Piroe,Piroe,a,,,4.9,318,58.0,0.3,296,48.0,0.4,348.0,44.0,1,0,0.0,-6,6.0,44,80,0.1,2.9,0.4,0.4,1.1,445.0,55.0,100.0,100.0,458.0,55.0,363.0,46.0,249.0,45.0,396.0,48.0,,,3.0,,,,,0.34,0.05,0.39,2.22,0.0,0.42,2.93,0.84,4.6,29,1.0,6.0,0.0,0.0,0.0,0.0,0.0,0.0,0.0,0.0,0.0,0.0,0.0,0.0,4.0,116.0,200.0,0.0,0.16000000000000003,0.05,0.20999999999999996,0.0,2.4000000000000004,14.799999999999997,6.0,2.3000000000000007,0.0,0.0,1.0,1.0
363,Patrick,Bamford,Bamford,u,has departed the club as a free agent.,,4.9,288,57.0,0.3,302,49.0,0.0,714.0,76.0,0,0,0.0,-1,1.0,0,26,0.0,0.0,0.0,0.0,0.0,765.0,85.0,0.0,0.0,764.0,85.0,760.0,84.0,754.0,84.0,764.0,85.0,,,,,,,,0.0,0.0,0.0,0.0,0.0,0.0,0.0,0.0,0.0,29,0.0,0.0,0.0,0.0,0.0,0.0,0.0,0.0,0.0,0.0,0.0,0.0,0.0,0.0,0.0,0.0,51.0,0.0,0.0,0.0,0.0,0.0,0.0,0.0,0.0,0.0,0.0,0.0,0.0,0.0
364,Mateo,Joseph Fernández-Regatillo,Mateo Joseph,u,Has joined RCD Mallorca on loan for the rest of the season.,,5.0,278,56.0,0.0,740,90.0,0.0,755.0,81.0,0,0,0.0,0,0.0,0,1,0.0,0.0,0.0,0.0,0.0,792.0,88.0,0.0,0.0,791.0,88.0,789.0,88.0,785.0,88.0,791.0,88.0,,,,,,,,0.0,0.0,0.0,0.0,0.0,0.0,0.0,0.0,0.0,29,0.0,0.0,0.0,0.0,0.0,0.0,0.0,0.0,0.0,0.0,0.0,0.0,0.0,0.0,0.0,0.0,2.0,0.0,0.0,0.0,0.0,0.0,0.0,0.0,0.0,0.0,0.0,0.0,0.0,0.0
365,Lukas,Nmecha,Nmecha,a,,,5.0,248,53.0,0.6,238,34.0,2.8,118.0,13.0,1,0,0.0,0,0.0,560,792,0.6,12.6,2.8,2.8,2.7,234.0,23.0,100.0,100.0,225.0,18.0,295.0,31.0,69.0,25.0,186.0,24.0,,,2.0,,,,,0.74,0.11,0.85,1.93,0.0,0.24,2.15,0.84,4.54,29,1.0,28.0,0.0,0.0,0.0,1.0,0.0,0.0,0.0,0.0,0.0,0.0,0.0,0.0,4.0,1855.0,1866.0,0.0,0.0,0.09000000000000008,0.08999999999999986,0.8499999999999996,3.5999999999999943,21.0,8.0,3.299999999999997,0.0,0.0,1.0,1.0
493,Sean,Longstaff,Longstaff,a,,,4.8,353,221.0,0.2,357,119.0,0.4,347.0,158.0,0,0,0.0,-2,2.0,29,66,0.1,9.2,0.4,0.4,2.6,252.0,105.0,100.0,100.0,234.0,102.0,70.0,54.0,293.0,158.0,183.0,95.0,2.0,2.0,,,,,,0.08,0.14,0.22,1.33,0.0,0.1,1.81,0.95,9.54,29,0.0,0.0,0.0,0.0,0.0,0.0,0.0,0.0,0.0,0.0,0.0,0.0,0.0,0.0,0.0,106.0,221.0,0.0,0.0,0.0,0.0,0.0,0.0,0.0,0.0,0.0,0.0,0.0,0.0,0.0
660,Anton,Stach,Stach,a,,,4.7,390,243.0,2.5,120,40.0,3.4,86.0,38.0,4,0,0.0,-3,3.0,6753,1727,0.7,24.3,3.4,3.4,4.8,19.0,11.0,100.0,100.0,53.0,13.0,5.0,5.0,91.0,58.0,21.0,17.0,1.0,1.0,,,,,,0.11,0.18,0.29,1.34,0.0,0.18,1.57,1.06,10.31,29,4.0,90.0,0.0,0.0,0.0,1.0,0.0,0.0,0.0,0.0,0.0,0.0,1.0,0.0,20.0,35230.0,5597.0,0.0,0.1599999999999997,0.20000000000000018,0.3600000000000003,0.860000000000003,24.40000000000009,35.39999999999998,13.0,7.299999999999983,6.0,3.0,4.0,13.0
665,Lucas Estella,Perri,Perri,a,,,4.5,417,22.0,0.2,349,49.0,0.0,614.0,90.0,0,0,0.0,0,0.0,57,179,0.0,9.6,0.0,0.0,2.7,230.0,23.0,100.0,100.0,177.0,20.0,682.0,85.0,663.0,75.0,326.0,20.0,,,,,,,,0.0,0.0,0.0,1.67,2.38,0.19,1.81,1.0,0.0,29,0.0,0.0,0.0,0.0,0.0,0.0,0.0,0.0,0.0,0.0,0.0,0.0,0.0,0.0,0.0,482.0,456.0,0.0,0.0,0.0,0.0,0.0,0.0,0.0,0.0,0.0,0.0,0.0,0.0,0.0
691,Dominic,Calvert-Lewin,Calvert-Lewin,a,,,5.7,113,32.0,9.3,38,6.0,2.6,139.0,17.0,2,0,0.0,2,-2.0,7287,26473,0.5,18.9,2.6,2.6,4.2,51.0,6.0,100.0,100.0,101.0,6.0,126.0,8.0,8.0,6.0,31.0,7.0,,,1.0,,,,,0.48,0.05,0.53,1.15,0.0,0.19,1.3,0.98,3.03,29,2.0,90.0,0.0,0.0,0.0,1.0,0.0,0.0,0.0,0.0,0.0,0.0,1.0,0.0,5.0,57551.0,57918.0,0.0,0.08000000000000007,0.0,0.08000000000000007,0.8599999999999994,4.399999999999977,2.8000000000000114,6.0,1.3000000000000114,0.0,3.0,1.0,4.0
698,Noah,Okafor,Okafor,d,Hamstring injury - 50% chance of playing,,5.5,145,90.0,0.1,498,179.0,2.6,138.0,62.0,0,0,0.0,0,0.0,4,143,0.5,12.2,1.3,0.0,2.9,204.0,86.0,50.0,0.0,223.0,97.0,165.0,112.0,70.0,40.0,142.0,77.0,,,,,,,,0.3,0.07,0.37,1.59,0.0,0.28,1.71,1.07,6.18,29,0.0,0.0,0.0,0.0,0.0,0.0,0.0,0.0,0.0,0.0,0.0,0.0,0.0,0.0,0.0,21.0,418.0,0.0,0.0,0.0,0.0,0.0,0.0,0.0,0.0,0.0,0.0,0.0,0.0,0.0
706,James,Justin,Justin,a,,,3.9,755,217.0,1.0,194,74.0,2.6,130.0,48.0,2,0,0.0,-1,1.0,372,1186,0.7,12.6,2.6,2.0,2.5,262.0,100.0,100.0,75.0,214.0,84.0,247.0,70.0,220.0,55.0,256.0,83.0,3.0,,,,,,,0.08,0.07,0.15,1.75,0.0,0.17,1.5,1.0,8.31,29,2.0,73.0,0.0,0.0,0.0,1.0,0.0,0.0,0.0,0.0,0.0,0.0,1.0,0.0,12.0,1305.0,4750.0,0.0,0.0,0.010000000000000009,0.010000000000000009,0.8599999999999994,16.599999999999966,2.299999999999997,0.0,1.8999999999999986,4.0,4.0,5.0,8.0
741,Harry,Gray,Gray,u,has joined Rotherham United on loan for the rest of the season.,,4.5,490,70.0,0.1,506,70.0,0.0,672.0,70.0,0,0,0.0,0,0.0,0,40,0.0,0.0,0.0,0.0,0.0,740.0,80.0,0.0,0.0,738.0,80.0,732.0,79.0,719.0,79.0,738.0,80.0,,,,,,,,0.0,0.0,0.0,0.0,0.0,0.0,0.0,0.0,0.0,29,0.0,0.0,0.0,0.0,0.0,0.0,0.0,0.0,0.0,0.0,0.0,0.0,0.0,0.0,0.0,0.0,121.0,0.0,0.0,0.0,0.0,0.0,0.0,0.0,0.0,0.0,0.0,0.0,0.0,0.0
787,Sam,Chambers,Chambers,a,,,4.4,561,335.0,0.0,737,310.0,0.0,598.0,211.0,0,0,0.0,-1,1.0,31,28,0.0,0.0,0.0,0.0,0.0,682.0,266.0,,,674.0,258.0,669.0,262.0,649.0,253.0,676.0,260.0,,,,,,,,0.0,0.0,0.0,0.0,0.0,0.0,0.0,0.0,0.0,29,0.0,0.0,0.0,0.0,0.0,0.0,0.0,0.0,0.0,0.0,0.0,0.0,0.0,0.0,0.0,74.0,65.0,0.0,0.0,0.0,0.0,0.0,0.0,0.0,0.0,0.0,0.0,0.0,0.0,0.0
366,Alisson,Becker,A.Becker,a,,,5.4,156,4.0,6.4,59,9.0,3.6,82.0,9.0,1,0,0.0,-1,1.0,2211,4039,0.7,15.7,4.1,4.6,3.5,122.0,15.0,100.0,100.0,99.0,17.0,490.0,16.0,794.0,92.0,279.0,18.0,,,,,,,,0.0,0.0,0.0,1.12,2.08,0.33,1.21,1.0,0.0,29,1.0,90.0,0.0,0.0,0.0,2.0,0.0,0.0,0.0,0.0,0.0,1.0,1.0,0.0,9.0,14267.0,8637.0,0.0,0.0,0.0,0.0,0.4400000000000013,14.399999999999977,0.0,0.0,1.3999999999999986,0.0,0.0,8.0,0.0
367,Giorgi,Mamardashvili,Mamardashvili,a,,,4.1,655,38.0,0.5,252,33.0,0.0,524.0,80.0,0,0,0.0,-4,4.0,99,223,0.0,4.6,0.5,1.0,3.8,79.0,9.0,,,316.0,24.0,619.0,75.0,592.0,62.0,395.0,24.0,,,,,,,,0.0,0.0,0.0,1.42,3.4,0.2,2.0,1.0,0.0,29,0.0,0.0,0.0,0.0,0.0,0.0,0.0,0.0,0.0,0.0,0.0,0.0,0.0,0.0,0.0,155.0,503.0,0.0,0.0,0.0,0.0,0.0,0.0,0.0,0.0,0.0,0.0,0.0,0.0,0.0
368,Ármin,Pécsi,Pécsi,a,,,3.8,813,94.0,0.9,201,25.0,0.0,411.0,27.0,0,0,0.0,-2,2.0,1930,814,0.0,0.0,0.5,1.0,0.0,536.0,36.0,,,526.0,36.0,512.0,18.0,482.0,5.0,528.0,36.0,,,,,,,,0.0,0.0,0.0,0.0,0.0,0.0,0.0,0.0,0.0,29,0.0,0.0,0.0,0.0,0.0,0.0,0.0,0.0,0.0,0.0,0.0,0.0,0.0,0.0,0.0,4130.0,2769.0,0.0,0.0,0.0,0.0,0.0,0.0,0.0,0.0,0.0,0.0,0.0,0.0,0.0
369,Freddie,Woodman,Woodman,a,,,3.9,749,75.0,0.2,394,56.0,0.0,423.0,36.0,0,0,0.0,-1,1.0,15,47,0.0,0.0,0.5,1.0,0.0,547.0,45.0,,,537.0,45.0,524.0,28.0,494.0,15.0,539.0,45.0,,,,,,,,0.0,0.0,0.0,0.0,0.0,0.0,0.0,0.0,0.0,29,0.0,0.0,0.0,0.0,0.0,0.0,0.0,0.0,0.0,0.0,0.0,0.0,0.0,0.0,0.0,37.0,169.0,0.0,0.0,0.0,0.0,0.0,0.0,0.0,0.0,0.0,0.0,0.0,0.0,0.0
370,Jeremie,Frimpong,Frimpong,a,,,5.7,116,10.0,4.7,75,24.0,2.2,168.0,62.0,7,0,0.0,-3,3.0,2480,443,0.4,7.9,2.7,3.2,3.5,124.0,45.0,100.0,100.0,367.0,141.0,196.0,50.0,227.0,58.0,302.0,101.0,,,,,,,,0.06,0.17,0.23,0.89,0.0,0.43,1.01,1.01,2.75,29,7.0,71.0,0.0,0.0,1.0,0.0,0.0,0.0,0.0,0.0,0.0,0.0,1.0,1.0,26.0,10325.0,1324.0,0.0,0.03999999999999998,0.020000000000000018,0.06000000000000005,0.0,2.799999999999997,4.700000000000017,8.0,1.5999999999999943,1.0,0.0,2.0,1.0
371,Milos,Kerkez,Kerkez,a,,,5.6,134,15.0,3.0,107,42.0,2.8,124.0,47.0,6,0,0.0,-4,4.0,881,687,0.5,12.9,3.3,3.8,2.7,237.0,91.0,,,139.0,62.0,65.0,12.0,225.0,57.0,113.0,33.0,,,,,,,,0.04,0.03,0.07,1.15,0.0,0.28,1.34,1.11,5.58,29,6.0,64.0,0.0,0.0,1.0,0.0,0.0,0.0,0.0,0.0,0.0,0.0,1.0,0.0,25.0,4049.0,3025.0,0.0,0.0,0.010000000000000009,0.010000000000000009,0.0,4.0,13.299999999999955,4.0,2.1000000000000085,0.0,0.0,0.0,0.0
372,Andrew,Robertson,Robertson,a,,,5.7,112,9.0,1.0,191,71.0,1.8,202.0,76.0,0,0,0.0,-3,3.0,84,351,0.3,6.0,2.3,2.8,2.0,339.0,125.0,,,314.0,121.0,135.0,34.0,308.0,91.0,272.0,89.0,,,,,,,,0.03,0.14,0.17,1.2,0.0,0.41,1.36,0.68,4.64,29,0.0,25.0,0.0,0.0,0.0,2.0,0.0,0.0,0.0,0.0,0.0,0.0,0.0,0.0,142.0,304.0,701.0,0.0,0.0,0.050000000000000044,0.050000000000000044,0.4399999999999995,7.599999999999994,15.400000000000006,0.0,2.3000000000000043,0.0,1.0,2.0,1.0
373,Virgil,van Dijk,Virgil,a,,,6.1,80,3.0,32.3,10,3.0,7.2,4.0,2.0,1,0,0.0,1,-1.0,21333,12985,1.2,21.3,7.7,8.2,4.5,35.0,14.0,,,4.0,2.0,180.0,44.0,56.0,1.0,29.0,1.0,,,,,,,,0.09,0.04,0.13,1.17,0.0,0.31,1.34,1.0,9.34,29,1.0,90.0,0.0,0.0,0.0,2.0,0.0,0.0,0.0,0.0,0.0,0.0,1.0,0.0,6.0,201640.0,16774.0,0.0,0.4299999999999997,0.22999999999999987,0.6600000000000001,0.4399999999999977,23.600000000000023,15.0,26.0,6.5,0.0,5.0,5.0,5.0
374,Ibrahima,Konaté,Konaté,a,,,5.5,140,17.0,4.3,84,28.0,3.8,71.0,24.0,2,0,0.0,0,0.0,1840,4816,0.7,20.2,4.3,4.8,4.0,63.0,25.0,100.0,100.0,30.0,11.0,210.0,53.0,251.0,69.0,112.0,32.0,,,,,,,,0.04,0.03,0.07,1.08,0.0,0.34,1.2,1.05,9.06,29,2.0,78.0,0.0,0.0,0.0,1.0,0.0,0.0,0.0,0.0,0.0,0.0,1.0,0.0,15.0,18416.0,10940.0,0.0,0.0,0.020000000000000018,0.020000000000000018,0.3100000000000023,16.0,4.800000000000011,0.0,2.0999999999999943,1.0,3.0,6.0,4.0
375,Conor,Bradley,Bradley,i,Knee injury - Expected back 01 Jun,,4.9,336,55.0,0.1,415,151.0,0.0,737.0,254.0,0,0,0.0,-1,1.0,7,43,0.0,8.6,0.0,0.0,2.8,216.0,86.0,0.0,0.0,301.0,114.0,255.0,73.0,304.0,90.0,325.0,110.0,,,,,,,,0.02,0.08,0.1,1.04,0.0,0.39,1.26,1.16,6.3,29,0.0,0.0,0.0,0.0,0.0,0.0,0.0,0.0,0.0,0.0,0.0,0.0,0.0,0.0,0.0,10.0,104.0,0.0,0.0,0.0,0.0,0.0,0.0,0.0,0.0,0.0,0.0,0.0,0.0,0.0
376,Joe,Gomez,Gomez,a,,,4.9,296,45.0,0.1,417,152.0,0.6,325.0,113.0,0,0,0.0,-1,1.0,35,93,0.1,5.7,1.1,1.6,1.9,350.0,132.0,100.0,100.0,361.0,137.0,306.0,101.0,368.0,125.0,372.0,129.0,,,,,,,,0.05,0.13,0.18,1.43,0.0,0.45,2.47,1.12,7.18,29,0.0,18.0,0.0,0.0,0.0,2.0,0.0,0.0,0.0,0.0,0.0,0.0,0.0,0.0,75.0,261.0,175.0,0.0,0.0,0.0,0.0,0.4399999999999995,2.200000000000003,0.29999999999999716,0.0,0.3000000000000007,0.0,1.0,1.0,1.0
377,Konstantinos,Tsimikas,Tsimikas,u,has joined AS Roma on loan for the rest of the season.,,4.8,358,59.0,0.0,591,212.0,0.0,704.0,249.0,0,0,0.0,-2,2.0,0,1,0.0,0.0,0.0,0.0,0.0,762.0,261.0,0.0,0.0,761.0,261.0,756.0,261.0,748.0,261.0,761.0,261.0,,,,,,,,0.0,0.0,0.0,0.0,0.0,0.0,0.0,0.0,0.0,29,0.0,0.0,0.0,0.0,0.0,0.0,0.0,0.0,0.0,0.0,0.0,0.0,0.0,0.0,0.0,0.0,2.0,0.0,0.0,0.0,0.0,0.0,0.0,0.0,0.0,0.0,0.0,0.0,0.0,0.0
378,Amara,Nallo,Nallo,a,,,3.7,820,266.0,1.1,185,69.0,0.0,389.0,138.0,0,0,0.0,-3,3.0,449,1203,0.0,0.0,0.5,1.0,0.0,520.0,183.0,100.0,100.0,509.0,182.0,493.0,180.0,461.0,173.0,511.0,182.0,,,,,,,,0.0,0.0,0.0,0.0,0.0,0.0,0.0,0.0,0.0,29,0.0,0.0,0.0,0.0,0.0,0.0,0.0,0.0,0.0,0.0,0.0,0.0,0.0,0.0,0.0,918.0,4460.0,0.0,0.0,0.0,0.0,0.0,0.0,0.0,0.0,0.0,0.0,0.0,0.0,0.0
379,Rhys,Williams,R.Williams,a,,,3.7,816,262.0,0.6,239,91.0,0.0,387.0,136.0,0,0,0.0,-3,3.0,727,729,0.0,0.0,0.5,1.0,0.0,518.0,181.0,,,507.0,180.0,491.0,178.0,459.0,171.0,509.0,180.0,,,,,,,,0.0,0.0,0.0,0.0,0.0,0.0,0.0,0.0,0.0,29,0.0,0.0,0.0,0.0,0.0,0.0,0.0,0.0,0.0,0.0,0.0,0.0,0.0,0.0,0.0,1423.0,2612.0,0.0,0.0,0.0,0.0,0.0,0.0,0.0,0.0,0.0,0.0,0.0,0.0,0.0
380,Calvin,Ramsay,Ramsay,a,,,3.8,799,246.0,0.2,354,130.0,0.0,399.0,147.0,0,0,0.0,-2,2.0,19,62,0.0,0.0,0.5,1.0,0.0,527.0,189.0,,,517.0,189.0,501.0,187.0,470.0,181.0,519.0,189.0,,,,,,,,0.0,0.0,0.0,0.0,0.0,0.0,0.0,0.0,0.0,29,0.0,0.0,0.0,0.0,0.0,0.0,0.0,0.0,0.0,0.0,0.0,0.0,0.0,0.0,0.0,51.0,197.0,0.0,0.0,0.0,0.0,0.0,0.0,0.0,0.0,0.0,0.0,0.0,0.0,0.0
381,Mohamed,Salah,M.Salah,a,,,14.0,2,1.0,14.4,22,9.0,4.4,53.0,25.0,9,0,0.0,-5,5.0,2584,2024,0.3,6.9,4.9,5.4,4.6,30.0,13.0,100.0,100.0,123.0,41.0,16.0,16.0,17.0,6.0,16.0,12.0,2.0,4.0,1.0,,,,,0.33,0.22,0.55,1.31,0.0,0.3,1.56,0.95,4.12,29,9.0,90.0,1.0,0.0,0.0,2.0,0.0,0.0,0.0,0.0,0.0,0.0,1.0,2.0,27.0,20931.0,6610.0,0.0,0.28000000000000025,0.10999999999999943,0.3899999999999988,0.4400000000000013,40.799999999999955,25.100000000000023,39.0,10.5,3.0,1.0,5.0,9.0
382,Florian,Wirtz,Wirtz,d,Back injury - 50% chance of playing,,8.3,13,8.0,9.3,39,13.0,1.0,282.0,127.0,0,0,0.0,-2,2.0,455,23110,0.1,12.0,0.8,0.5,4.0,70.0,33.0,50.0,25.0,114.0,38.0,11.0,11.0,25.0,12.0,19.0,15.0,4.0,5.0,,,,,,0.27,0.2,0.47,1.16,0.0,0.39,1.12,1.02,6.47,29,0.0,0.0,0.0,0.0,0.0,0.0,0.0,0.0,0.0,0.0,0.0,0.0,0.0,0.0,0.0,594.0,116523.0,0.0,0.0,0.0,0.0,0.0,0.0,0.0,0.0,0.0,0.0,0.0,0.0,0.0
383,Luis,Díaz Marulanda,Luis Díaz,u,Has joined Bayern Munch permanently.,,8.0,16,11.0,0.0,605,231.0,0.0,817.0,367.0,0,0,0.0,0,0.0,0,1,0.0,0.0,0.0,0.0,0.0,819.0,367.0,0.0,0.0,819.0,367.0,819.0,367.0,819.0,367.0,819.0,367.0,,,,,,,,0.0,0.0,0.0,0.0,0.0,0.0,0.0,0.0,0.0,29,0.0,0.0,0.0,0.0,0.0,0.0,0.0,0.0,0.0,0.0,0.0,0.0,0.0,0.0,0.0,0.0,2.0,0.0,0.0,0.0,0.0,0.0,0.0,0.0,0.0,0.0,0.0,0.0,0.0,0.0
384,Cody,Gakpo,Gakpo,a,,,7.3,27,17.0,6.0,62,21.0,3.4,95.0,43.0,3,0,0.0,-2,2.0,2384,4149,0.5,13.8,3.9,4.4,3.7,102.0,49.0,100.0,100.0,108.0,35.0,18.0,18.0,18.0,7.0,18.0,14.0,3.0,,3.0,,,,,0.29,0.19,0.48,0.99,0.0,0.37,1.23,1.05,5.34,29,3.0,64.0,0.0,0.0,1.0,0.0,0.0,0.0,0.0,0.0,0.0,0.0,1.0,0.0,6.0,38406.0,7916.0,0.0,0.6500000000000004,0.04999999999999982,0.7000000000000011,0.0,2.6000000000000227,4.300000000000068,33.0,4.0,1.0,0.0,3.0,4.0
385,Federico,Chiesa,Chiesa,a,,,6.3,67,45.0,0.3,331,111.0,0.8,308.0,142.0,1,0,0.0,-2,2.0,37,71,0.1,5.2,1.3,1.8,1.6,402.0,176.0,100.0,100.0,338.0,151.0,364.0,188.0,200.0,112.0,341.0,164.0,,,,,,,,0.44,0.17,0.61,1.77,0.0,0.0,2.4,0.34,9.24,29,1.0,11.0,0.0,0.0,0.0,1.0,0.0,0.0,0.0,0.0,0.0,0.0,0.0,0.0,4.0,93.0,139.0,0.0,0.1100000000000001,0.010000000000000009,0.1200000000000001,0.1299999999999999,1.0,2.5,11.0,1.5,0.0,0.0,0.0,0.0
386,Alexis,Mac Allister,Mac Allister,a,,,6.2,73,48.0,2.1,133,44.0,5.8,13.0,7.0,2,0,0.0,-3,3.0,5075,2714,0.9,12.3,6.3,6.8,2.7,241.0,101.0,100.0,100.0,142.0,48.0,61.0,50.0,90.0,57.0,83.0,52.0,,,4.0,,,,,0.14,0.06,0.2,1.11,0.0,0.32,1.26,1.08,7.76,29,2.0,90.0,0.0,0.0,0.0,2.0,0.0,0.0,0.0,0.0,0.0,0.0,1.0,0.0,11.0,40539.0,4181.0,0.0,0.08000000000000007,0.050000000000000044,0.1299999999999999,0.4400000000000013,14.599999999999966,26.5,10.0,5.099999999999994,4.0,3.0,1.0,8.0
387,Dominik,Szoboszlai,Szoboszlai,a,,,6.9,39,23.0,11.4,29,10.0,4.0,63.0,29.0,5,0,0.0,4,-4.0,22629,6941,0.6,15.8,4.5,5.0,4.0,68.0,31.0,100.0,100.0,33.0,8.0,2.0,2.0,82.0,51.0,9.0,6.0,1.0,2.0,2.0,,,,,0.13,0.17,0.3,1.19,0.0,0.3,1.41,1.0,9.4,29,5.0,90.0,0.0,0.0,0.0,2.0,0.0,0.0,0.0,0.0,0.0,0.0,1.0,1.0,26.0,146539.0,16888.0,0.0,0.08000000000000007,0.16999999999999993,0.2500000000000009,0.4400000000000013,26.399999999999977,55.80000000000007,16.0,9.800000000000011,3.0,3.0,9.0,15.0
388,Curtis,Jones,C.Jones,a,,,5.4,164,102.0,0.1,459,156.0,1.2,258.0,112.0,1,0,0.0,-1,1.0,45,69,0.2,8.7,1.7,2.2,1.9,357.0,153.0,100.0,100.0,240.0,104.0,77.0,58.0,175.0,97.0,158.0,85.0,,,,,,,,0.1,0.17,0.27,1.4,0.0,0.22,1.68,0.8,9.92,29,1.0,45.0,0.0,0.0,0.0,2.0,0.0,0.0,0.0,0.0,0.0,0.0,0.0,0.0,6.0,99.0,332.0,0.0,0.040000000000000036,0.020000000000000018,0.06000000000000005,0.4400000000000013,8.200000000000017,15.300000000000011,10.0,3.4000000000000057,2.0,1.0,4.0,7.0
390,Ryan,Gravenberch,Gravenberch,a,,,5.5,146,91.0,5.4,69,23.0,3.6,83.0,37.0,0,0,0.0,0,0.0,3201,12232,0.7,21.6,4.1,4.6,4.4,41.0,19.0,100.0,100.0,48.0,12.0,47.0,41.0,186.0,104.0,66.0,43.0,,,,,,,,0.05,0.07,0.12,1.09,0.0,0.35,1.19,1.04,9.47,29,0.0,45.0,0.0,0.0,0.0,0.0,0.0,0.0,0.0,1.0,0.0,0.0,1.0,0.0,537.0,29997.0,19190.0,0.0,0.0,0.010000000000000009,0.010000000000000231,0.0,0.0,3.599999999999966,0.0,0.0,0.0,0.0,1.0,1.0
392,Endo,Wataru,Endo,i,Foot injury - Unknown return date,,4.9,293,183.0,0.1,507,183.0,0.6,324.0,146.0,0,0,0.0,-1,1.0,0,22,0.1,2.4,0.0,0.0,1.5,414.0,185.0,0.0,0.0,407.0,179.0,397.0,197.0,426.0,207.0,427.0,193.0,,,,,,,,0.02,0.03,0.05,2.18,0.0,0.53,2.65,0.53,12.18,29,0.0,0.0,0.0,0.0,0.0,0.0,0.0,0.0,0.0,0.0,0.0,0.0,0.0,0.0,0.0,0.0,39.0,0.0,0.0,0.0,0.0,0.0,0.0,0.0,0.0,0.0,0.0,0.0,0.0,0.0
393,Stefan,Bajčetić Maquieira,Bajcetic,i,Hamstring injury - Unknown return date,,4.2,642,367.0,0.0,614,238.0,0.0,536.0,178.0,0,-1,1.0,-3,3.0,902,57,0.0,0.0,0.0,0.0,0.0,641.0,242.0,0.0,0.0,632.0,232.0,626.0,237.0,601.0,225.0,634.0,234.0,,,,,,,,0.0,0.0,0.0,0.0,0.0,0.0,0.0,0.0,0.0,29,0.0,0.0,0.0,0.0,0.0,0.0,0.0,0.0,0.0,0.0,0.0,0.0,0.0,0.0,0.0,907.0,80.0,0.0,0.0,0.0,0.0,0.0,0.0,0.0,0.0,0.0,0.0,0.0,0.0,0.0
394,James,McConnell,McConnell,u,has joined Ajax on loan for the rest of the season.,,4.4,548,326.0,0.0,679,275.0,0.0,587.0,203.0,0,0,0.0,-1,1.0,0,1,0.0,0.0,0.0,0.0,0.0,673.0,260.0,0.0,0.0,664.0,251.0,660.0,256.0,638.0,245.0,666.0,253.0,,,,,,,,0.0,0.0,0.0,0.0,0.0,0.0,0.0,0.0,0.0,29,0.0,0.0,0.0,0.0,0.0,0.0,0.0,0.0,0.0,0.0,0.0,0.0,0.0,0.0,0.0,0.0,2.0,0.0,0.0,0.0,0.0,0.0,0.0,0.0,0.0,0.0,0.0,0.0,0.0,0.0
395,Tyler,Morton,Morton,u,Has joined Lyon permanently.,,4.5,430,257.0,0.0,805,358.0,0.0,624.0,225.0,0,0,0.0,0,0.0,0,1,0.0,0.0,0.0,0.0,0.0,700.0,276.0,0.0,0.0,694.0,270.0,690.0,273.0,673.0,266.0,696.0,272.0,,,,,,,,0.0,0.0,0.0,0.0,0.0,0.0,0.0,0.0,0.0,29,0.0,0.0,0.0,0.0,0.0,0.0,0.0,0.0,0.0,0.0,0.0,0.0,0.0,0.0,0.0,0.0,1.0,0.0,0.0,0.0,0.0,0.0,0.0,0.0,0.0,0.0,0.0,0.0,0.0,0.0
396,Trey,Nyoni,Nyoni,a,,,4.3,614,359.0,0.3,311,105.0,0.2,367.0,165.0,0,0,0.0,-2,2.0,54,142,0.0,0.7,0.7,1.2,1.0,467.0,204.0,,,487.0,224.0,419.0,206.0,431.0,211.0,474.0,216.0,,,,,,,,5.55,0.0,5.55,0.0,0.0,0.0,0.0,0.0,30.0,29,0.0,0.0,0.0,0.0,0.0,0.0,0.0,0.0,0.0,0.0,0.0,0.0,0.0,0.0,0.0,134.0,467.0,0.0,0.0,0.0,0.0,0.0,0.0,0.0,0.0,0.0,0.0,0.0,0.0,0.0
397,Darwin,Núñez Ribeiro,Darwin,u,Has joined Al-Hilal permanently.,,6.5,51,18.0,0.1,552,77.0,0.0,810.0,88.0,0,0,0.0,0,0.0,0,2,0.0,0.0,0.0,0.0,0.0,815.0,91.0,0.0,0.0,815.0,91.0,815.0,91.0,815.0,91.0,815.0,91.0,,,,,,,,0.0,0.0,0.0,0.0,0.0,0.0,0.0,0.0,0.0,29,0.0,0.0,0.0,0.0,0.0,0.0,0.0,0.0,0.0,0.0,0.0,0.0,0.0,0.0,0.0,0.0,4.0,0.0,0.0,0.0,0.0,0.0,0.0,0.0,0.0,0.0,0.0,0.0,0.0,0.0
398,Jayden,Danns,Danns,i,Hamstring injury - Unknown return date,,4.3,602,85.0,0.1,473,68.0,0.0,558.0,55.0,0,0,0.0,-2,2.0,15,27,0.0,0.0,0.0,0.0,0.0,652.0,66.0,0.0,0.0,642.0,66.0,637.0,65.0,614.0,65.0,644.0,66.0,,,,,,,,0.0,0.0,0.0,0.0,0.0,0.0,0.0,0.0,0.0,29,0.0,0.0,0.0,0.0,0.0,0.0,0.0,0.0,0.0,0.0,0.0,0.0,0.0,0.0,0.0,24.0,69.0,0.0,0.0,0.0,0.0,0.0,0.0,0.0,0.0,0.0,0.0,0.0,0.0,0.0
499,Alexander,Isak,Isak,i,Ankle injury - Expected back 11 Apr,,10.3,4,2.0,3.5,95,17.0,0.0,819.0,92.0,0,0,0.0,-2,2.0,34,412,0.0,2.8,0.0,0.0,2.9,207.0,20.0,0.0,0.0,363.0,37.0,365.0,47.0,196.0,41.0,348.0,41.0,,,,,,,,0.37,0.01,0.38,0.92,0.0,0.18,1.26,1.08,4.13,29,0.0,0.0,0.0,0.0,0.0,0.0,0.0,0.0,0.0,0.0,0.0,0.0,0.0,0.0,0.0,69.0,673.0,0.0,0.0,0.0,0.0,0.0,0.0,0.0,0.0,0.0,0.0,0.0,0.0,0.0
661,Hugo,Ekitiké,Ekitiké,a,,,9.1,7,3.0,34.0,9,4.0,4.6,43.0,5.0,2,0,0.0,6,-6.0,29861,29375,0.5,13.5,5.1,5.6,4.7,25.0,5.0,100.0,100.0,65.0,5.0,99.0,4.0,6.0,5.0,24.0,5.0,,,,,,,,0.49,0.12,0.61,1.3,0.0,0.36,1.22,1.02,4.18,29,2.0,90.0,0.0,0.0,0.0,2.0,0.0,0.0,0.0,0.0,0.0,0.0,1.0,0.0,8.0,399885.0,32753.0,0.0,0.0600000000000005,0.3900000000000001,0.4499999999999993,0.4400000000000013,5.199999999999932,26.600000000000023,19.0,5.099999999999994,1.0,1.0,4.0,6.0
686,Rio,Ngumoha,Ngumoha,a,,,4.3,619,363.0,0.8,205,72.0,0.6,316.0,144.0,1,0,0.0,-2,2.0,1509,876,0.1,3.7,1.1,1.6,1.5,406.0,179.0,,,383.0,171.0,245.0,152.0,274.0,149.0,345.0,166.0,,,,,,,,0.4,0.74,1.14,2.58,0.0,0.0,3.52,0.0,5.62,29,1.0,25.0,0.0,0.0,0.0,2.0,0.0,0.0,0.0,0.0,0.0,0.0,0.0,0.0,12.0,3061.0,2999.0,0.0,0.07999999999999996,0.28,0.3600000000000001,0.43999999999999995,11.0,26.10000000000001,21.0,5.800000000000001,0.0,0.0,2.0,2.0
692,Giovanni,Leoni,Leoni,i,Knee injury - Expected back 01 Sep,,4.9,349,57.0,0.0,716,249.0,0.0,743.0,255.0,0,0,0.0,-1,1.0,2,2,0.0,0.0,0.0,0.0,0.0,783.0,262.0,0.0,0.0,782.0,262.0,778.0,262.0,774.0,262.0,782.0,262.0,,,,,,,,0.0,0.0,0.0,0.0,0.0,0.0,0.0,0.0,0.0,29,0.0,0.0,0.0,0.0,0.0,0.0,0.0,0.0,0.0,0.0,0.0,0.0,0.0,0.0,0.0,6.0,7.0,0.0,0.0,0.0,0.0,0.0,0.0,0.0,0.0,0.0,0.0,0.0,0.0,0.0
746,Kieran,Morrison,Morrison,a,,,4.5,488,300.0,0.0,745,315.0,0.0,671.0,265.0,0,0,0.0,0,0.0,2,7,0.0,0.0,0.5,1.0,0.0,739.0,309.0,,,737.0,307.0,731.0,307.0,718.0,303.0,737.0,307.0,,,,,,,,0.0,0.0,0.0,0.0,0.0,0.0,0.0,0.0,0.0,29,0.0,0.0,0.0,0.0,0.0,0.0,0.0,0.0,0.0,0.0,0.0,0.0,0.0,0.0,0.0,6.0,15.0,0.0,0.0,0.0,0.0,0.0,0.0,0.0,0.0,0.0,0.0,0.0,0.0,0.0
760,Wellity,Lucky,Lucky,a,,,4.0,709,186.0,0.0,695,241.0,0.0,495.0,194.0,0,0,0.0,0,0.0,11,12,0.0,0.0,0.5,1.0,0.0,612.0,227.0,,,602.0,227.0,594.0,227.0,565.0,223.0,604.0,227.0,,,,,,,,0.0,0.0,0.0,0.0,0.0,0.0,0.0,0.0,0.0,29,0.0,0.0,0.0,0.0,0.0,0.0,0.0,0.0,0.0,0.0,0.0,0.0,0.0,0.0,0.0,23.0,27.0,0.0,0.0,0.0,0.0,0.0,0.0,0.0,0.0,0.0,0.0,0.0,0.0,0.0
82,Antoine,Semenyo,Semenyo,a,,,8.2,14,9.0,56.7,2,1.0,7.0,5.0,2.0,7,0,0.0,12,-12.0,46705,2446,0.9,21.0,7.5,7.5,6.1,5.0,2.0,100.0,100.0,6.0,2.0,31.0,29.0,3.0,1.0,3.0,2.0,,,,,,,,0.35,0.08,0.43,1.43,0.0,0.29,1.65,1.0,7.37,29,7.0,90.0,1.0,0.0,0.0,2.0,0.0,0.0,0.0,0.0,0.0,0.0,1.0,0.0,28.0,212457.0,6298.0,0.0,0.2400000000000002,0.020000000000000018,0.26000000000000156,0.9699999999999989,43.0,16.400000000000034,24.0,8.300000000000011,1.0,2.0,5.0,8.0
260,Marc,Guéhi,Guéhi,a,,,5.2,208,28.0,37.4,6,2.0,3.8,68.0,23.0,1,0,0.0,7,-7.0,11362,14447,0.7,25.6,4.3,4.3,4.9,16.0,4.0,100.0,100.0,18.0,6.0,166.0,41.0,71.0,6.0,49.0,6.0,,,,,,,,0.11,0.08,0.19,1.3,0.0,0.37,1.07,1.0,8.07,29,1.0,90.0,0.0,0.0,0.0,2.0,0.0,0.0,0.0,0.0,0.0,0.0,1.0,0.0,4.0,63968.0,26314.0,0.0,0.2400000000000002,0.020000000000000018,0.2599999999999998,0.9699999999999989,15.600000000000023,5.099999999999994,7.0,2.799999999999997,0.0,3.0,4.0,3.0
399,Ederson,Santana de Moraes,Ederson M.,u,has joined Fenerbache permanently.,,5.3,184,5.0,0.8,204,26.0,0.0,773.0,94.0,0,0,0.0,-2,2.0,0,33,0.0,0.0,0.0,0.0,0.0,797.0,94.0,0.0,0.0,796.0,94.0,795.0,93.0,792.0,91.0,796.0,94.0,,,,,,,,0.0,0.0,0.0,0.0,0.0,0.0,0.0,0.0,0.0,29,0.0,0.0,0.0,0.0,0.0,0.0,0.0,0.0,0.0,0.0,0.0,0.0,0.0,0.0,0.0,0.0,67.0,0.0,0.0,0.0,0.0,0.0,0.0,0.0,0.0,0.0,0.0,0.0,0.0,0.0
401,Marcus,Bettinelli,Bettinelli,a,,,3.8,788,93.0,0.4,275,35.0,0.0,393.0,26.0,0,0,0.0,-2,2.0,845,633,0.0,0.0,0.5,0.5,0.0,522.0,35.0,100.0,100.0,512.0,35.0,496.0,17.0,464.0,4.0,514.0,35.0,,,,,,,,0.0,0.0,0.0,0.0,0.0,0.0,0.0,0.0,0.0,29,0.0,0.0,0.0,0.0,0.0,0.0,0.0,0.0,0.0,0.0,0.0,0.0,0.0,0.0,0.0,2083.0,1666.0,0.0,0.0,0.0,0.0,0.0,0.0,0.0,0.0,0.0,0.0,0.0,0.0,0.0
402,Rayan,Aït-Nouri,Aït-Nouri,a,,,5.7,117,11.0,4.4,83,27.0,5.6,16.0,6.0,4,0,0.0,-3,3.0,6175,845,1.0,7.5,6.1,6.1,3.6,112.0,39.0,100.0,100.0,307.0,117.0,227.0,59.0,325.0,104.0,327.0,111.0,,,,,,,,0.05,0.19,0.24,1.16,0.0,0.38,0.88,1.13,6.76,29,4.0,76.0,0.0,1.0,0.0,2.0,0.0,0.0,0.0,0.0,0.0,0.0,1.0,0.0,22.0,30100.0,1788.0,0.0,0.0,0.26,0.26,0.8200000000000003,28.599999999999994,35.2,2.0,6.600000000000001,1.0,2.0,6.0,3.0
403,Joško,Gvardiol,Gvardiol,i,Leg injury - Unknown return date,,5.9,102,7.0,3.3,103,38.0,0.0,802.0,265.0,0,0,0.0,-1,1.0,22,1148,0.0,13.1,0.0,0.0,4.8,21.0,6.0,0.0,0.0,150.0,65.0,257.0,74.0,140.0,27.0,194.0,64.0,,,,,,,,0.15,0.04,0.19,1.06,0.0,0.42,0.9,1.04,6.85,29,0.0,0.0,0.0,0.0,0.0,0.0,0.0,0.0,0.0,0.0,0.0,0.0,0.0,0.0,0.0,41.0,2246.0,0.0,0.0,0.0,0.0,0.0,0.0,0.0,0.0,0.0,0.0,0.0,0.0,0.0
404,Manuel,Akanji,Akanji,u,has joined Inter Milan on loan for the rest of the season.,,5.4,165,19.0,0.3,338,123.0,0.0,782.0,263.0,0,0,0.0,-1,1.0,0,13,0.0,0.0,0.0,0.0,0.0,800.0,265.0,0.0,0.0,799.0,265.0,798.0,265.0,796.0,265.0,799.0,265.0,,,,,,,,0.0,0.0,0.0,0.0,0.0,0.0,0.0,0.0,0.0,29,0.0,0.0,0.0,0.0,0.0,0.0,0.0,0.0,0.0,0.0,0.0,0.0,0.0,0.0,0.0,0.0,20.0,0.0,0.0,0.0,0.0,0.0,0.0,0.0,0.0,0.0,0.0,0.0,0.0,0.0
405,Nathan,Aké,Aké,a,,,5.2,205,27.0,0.6,236,90.0,0.4,351.0,123.0,0,0,0.0,-3,3.0,72,133,0.1,5.2,0.9,0.9,1.9,353.0,134.0,,,353.0,134.0,274.0,83.0,369.0,126.0,363.0,125.0,,,,,,,,0.05,0.08,0.13,1.46,0.0,0.37,1.29,0.74,7.02,29,0.0,0.0,0.0,0.0,0.0,0.0,0.0,0.0,0.0,0.0,0.0,0.0,0.0,0.0,0.0,136.0,297.0,0.0,0.0,0.0,0.0,0.0,0.0,0.0,0.0,0.0,0.0,0.0,0.0,0.0
406,Abdukodir,Khusanov,Khusanov,a,,,5.4,183,22.0,0.4,292,109.0,1.8,200.0,75.0,1,0,0.0,-1,1.0,141,304,0.3,6.1,2.3,2.3,2.4,292.0,110.0,100.0,100.0,303.0,115.0,366.0,129.0,438.0,162.0,373.0,130.0,,,,,,,,0.03,0.01,0.04,1.3,0.0,0.34,0.79,0.9,8.24,29,1.0,13.0,0.0,0.0,0.0,0.0,0.0,0.0,0.0,0.0,0.0,0.0,0.0,0.0,2.0,290.0,690.0,0.0,0.0,0.009999999999999995,0.009999999999999953,0.14999999999999858,1.200000000000017,1.3999999999999986,0.0,0.29999999999999716,0.0,0.0,1.0,0.0
407,Matheus,Nunes,Matheus N.,a,,,5.4,172,21.0,3.5,94,34.0,4.0,60.0,20.0,1,0,0.0,-1,1.0,3380,2935,0.7,23.3,4.5,4.5,4.8,20.0,5.0,100.0,100.0,52.0,24.0,49.0,6.0,284.0,81.0,80.0,17.0,,,4.0,,,,,0.01,0.07,0.08,1.06,0.0,0.37,0.91,0.99,6.5,29,1.0,90.0,0.0,0.0,0.0,2.0,0.0,0.0,0.0,0.0,0.0,0.0,1.0,0.0,5.0,27050.0,5672.0,0.0,0.0,0.06000000000000005,0.06000000000000005,0.9699999999999989,13.399999999999977,29.599999999999966,14.0,5.700000000000003,2.0,0.0,2.0,2.0
408,Rúben,dos Santos Gato Alves Dias,Rúben,a,,,5.5,138,16.0,3.4,100,36.0,3.4,92.0,30.0,1,0,0.0,0,0.0,1119,841,0.6,20.4,3.9,3.9,4.5,33.0,13.0,100.0,100.0,51.0,23.0,209.0,52.0,250.0,68.0,140.0,45.0,,,,,,,,0.03,0.03,0.06,1.07,0.0,0.53,0.88,1.01,7.2,29,1.0,90.0,0.0,0.0,0.0,2.0,0.0,0.0,0.0,0.0,0.0,0.0,1.0,0.0,7.0,4516.0,1487.0,0.0,0.0,0.09999999999999998,0.09999999999999987,0.9700000000000024,21.600000000000023,19.400000000000006,0.0,4.099999999999994,1.0,3.0,5.0,4.0
488,Bruno,Guimarães Rodriguez Moura,Bruno G.,i,Hamstring injury - Expected back 11 Apr,,6.8,43,27.0,5.2,70,24.0,2.8,129.0,57.0,0,0,0.0,3,-3.0,116,16249,0.4,19.7,0.0,0.0,5.8,7.0,4.0,0.0,0.0,17.0,5.0,15.0,15.0,55.0,34.0,15.0,11.0,3.0,5.0,2.0,,,,,0.21,0.16,0.37,1.16,0.0,0.27,1.38,0.98,8.92,29,0.0,0.0,0.0,0.0,0.0,0.0,0.0,0.0,0.0,0.0,0.0,0.0,0.0,0.0,0.0,216.0,50988.0,0.0,0.0,0.0,0.0,0.0,0.0,0.0,0.0,0.0,0.0,0.0,0.0,0.0
489,Jacob,Murphy,J.Murphy,a,,,5.9,92,58.0,0.6,231,80.0,1.8,204.0,88.0,1,0,0.0,-6,6.0,246,200,0.3,10.3,1.3,1.3,2.5,278.0,120.0,100.0,100.0,224.0,98.0,87.0,66.0,81.0,50.0,119.0,67.0,,,,,,,,0.23,0.19,0.42,1.22,0.0,0.48,1.03,1.03,4.52,29,1.0,6.0,0.0,0.0,0.0,0.0,0.0,0.0,0.0,0.0,0.0,0.0,0.0,0.0,3.0,702.0,543.0,0.0,0.0,0.0,0.0,0.20999999999999908,1.0,0.0,0.0,0.10000000000000853,0.0,1.0,0.0,1.0
490,Joelinton Cássio,Apolinário de Lira,Joelinton,a,,,5.9,94,60.0,0.3,329,109.0,1.2,261.0,115.0,1,0,0.0,-1,1.0,416,136,0.2,10.5,0.7,0.7,2.8,224.0,94.0,100.0,100.0,197.0,82.0,119.0,82.0,76.0,45.0,120.0,68.0,,,,,,,,0.11,0.07,0.18,1.21,0.0,0.29,1.26,1.09,10.98,29,1.0,90.0,0.0,0.0,0.0,1.0,0.0,0.0,0.0,1.0,0.0,0.0,1.0,0.0,8.0,849.0,459.0,0.0,0.08000000000000007,0.05999999999999983,0.14000000000000012,1.2800000000000011,7.599999999999966,4.299999999999983,7.0,1.8999999999999915,2.0,3.0,6.0,11.0
491,Sandro,Tonali,Tonali,a,,,5.3,195,121.0,1.1,186,66.0,2.6,136.0,60.0,2,0,0.0,-2,2.0,1166,518,0.5,13.4,2.1,2.1,2.4,290.0,127.0,100.0,100.0,159.0,58.0,42.0,38.0,167.0,91.0,95.0,56.0,1.0,1.0,,,,,,0.07,0.1,0.17,1.2,0.0,0.31,1.37,1.1,9.32,29,2.0,90.0,0.0,0.0,0.0,1.0,0.0,0.0,0.0,0.0,0.0,0.0,1.0,0.0,14.0,2895.0,1876.0,0.0,0.040000000000000036,0.4999999999999998,0.54,1.2799999999999976,13.599999999999966,40.80000000000001,1.0,5.5,0.0,5.0,4.0,9.0
492,Antoñito,Cordero Campillo,Antoñito C.,u,has joined Cadiz on loan for the rest of the season.,,4.9,348,217.0,0.0,676,273.0,0.0,742.0,316.0,0,0,0.0,-1,1.0,0,0,0.0,0.0,0.0,0.0,0.0,782.0,341.0,0.0,0.0,781.0,340.0,777.0,340.0,773.0,338.0,781.0,340.0,,,,,,,,0.0,0.0,0.0,0.0,0.0,0.0,0.0,0.0,0.0,29,0.0,0.0,0.0,0.0,0.0,0.0,0.0,0.0,0.0,0.0,0.0,0.0,0.0,0.0,0.0,0.0,1.0,0.0,0.0,0.0,0.0,0.0,0.0,0.0,0.0,0.0,0.0,0.0,0.0,0.0
494,Joe,Willock,Willock,a,,,5.0,250,151.0,0.1,500,181.0,0.8,297.0,134.0,1,0,0.0,0,0.0,46,91,0.2,4.2,0.3,0.3,1.2,440.0,197.0,100.0,100.0,399.0,176.0,259.0,159.0,261.0,143.0,350.0,169.0,,,,,,,,0.12,0.06,0.18,1.73,0.0,0.3,1.82,0.91,9.58,29,1.0,45.0,0.0,0.0,0.0,0.0,0.0,0.0,0.0,0.0,0.0,0.0,0.0,0.0,6.0,87.0,214.0,0.0,0.0,0.0,0.0,0.6500000000000004,3.200000000000003,1.5,0.0,0.5,1.0,2.0,4.0,7.0
495,Isaac,Hayden,Hayden,u,Has departed the club as a free agent.,,4.5,411,251.0,0.0,769,329.0,0.0,612.0,219.0,0,0,0.0,0,0.0,0,0,0.0,0.0,0.0,0.0,0.0,692.0,271.0,0.0,0.0,686.0,265.0,680.0,268.0,661.0,260.0,688.0,267.0,,,,,,,,0.0,0.0,0.0,0.0,0.0,0.0,0.0,0.0,0.0,29,0.0,0.0,0.0,0.0,0.0,0.0,0.0,0.0,0.0,0.0,0.0,0.0,0.0,0.0,0.0,0.0,0.0,0.0,0.0,0.0,0.0,0.0,0.0,0.0,0.0,0.0,0.0,0.0,0.0,0.0
496,Garang,Kuol,Kuol,u,has joined Sparta Prague permanently.,,4.4,560,334.0,0.0,630,246.0,0.0,597.0,210.0,0,0,0.0,-1,1.0,0,3,0.0,0.0,0.0,0.0,0.0,681.0,265.0,0.0,0.0,673.0,257.0,668.0,261.0,648.0,252.0,675.0,259.0,,,,,,,,0.0,0.0,0.0,0.0,0.0,0.0,0.0,0.0,0.0,29,0.0,0.0,0.0,0.0,0.0,0.0,0.0,0.0,0.0,0.0,0.0,0.0,0.0,0.0,0.0,0.0,7.0,0.0,0.0,0.0,0.0,0.0,0.0,0.0,0.0,0.0,0.0,0.0,0.0,0.0
497,Lewis,Miley,L.Miley,d,Dead leg - 50% chance of playing,,4.4,558,333.0,2.2,128,43.0,0.0,595.0,209.0,0,0,0.0,-1,1.0,246,2734,0.0,13.2,-0.2,0.0,3.1,170.0,72.0,50.0,0.0,206.0,86.0,156.0,107.0,206.0,115.0,200.0,101.0,,,,,,,,0.11,0.16,0.27,1.08,0.0,0.16,1.27,0.87,9.77,29,0.0,0.0,0.0,0.0,0.0,0.0,0.0,0.0,0.0,0.0,0.0,0.0,0.0,0.0,0.0,445.0,15681.0,0.0,0.0,0.0,0.0,0.0,0.0,0.0,0.0,0.0,0.0,0.0,0.0,0.0
498,Joe,White,White,u,has joined Bradford City on loan for the rest of the season.,,4.5,438,262.0,0.0,772,332.0,0.0,630.0,230.0,0,0,0.0,0,0.0,0,1,0.0,0.0,0.0,0.0,0.0,706.0,281.0,0.0,0.0,700.0,275.0,697.0,278.0,680.0,271.0,702.0,277.0,,,,,,,,0.0,0.0,0.0,0.0,0.0,0.0,0.0,0.0,0.0,29,0.0,0.0,0.0,0.0,0.0,0.0,0.0,0.0,0.0,0.0,0.0,0.0,0.0,0.0,0.0,0.0,1.0,0.0,0.0,0.0,0.0,0.0,0.0,0.0,0.0,0.0,0.0,0.0,0.0,0.0
500,William,Osula,Osula,a,,,5.4,181,44.0,0.2,375,59.0,2.2,166.0,22.0,7,0,0.0,-1,1.0,286,51,0.4,5.6,1.7,1.7,1.9,359.0,42.0,100.0,100.0,385.0,41.0,402.0,53.0,263.0,47.0,382.0,45.0,,,,,,,,0.24,0.01,0.25,1.58,0.0,0.34,2.02,0.34,4.38,29,7.0,5.0,1.0,0.0,0.0,0.0,0.0,0.0,0.0,0.0,0.0,0.0,0.0,2.0,34.0,335.0,134.0,0.0,0.05999999999999994,0.0,0.05999999999999994,0.20999999999999996,35.00000000000001,0.3000000000000007,17.0,5.200000000000001,1.0,0.0,2.0,3.0
501,Sean,Neave,Neave,a,,,4.3,617,87.0,0.3,345,57.0,0.0,568.0,57.0,0,0,0.0,-2,2.0,85,120,0.0,0.0,-0.5,-0.5,0.0,660.0,67.0,,,650.0,67.0,646.0,66.0,623.0,66.0,652.0,67.0,,,,,,,,0.0,0.0,0.0,0.0,0.0,0.0,0.0,0.0,0.0,29,0.0,0.0,0.0,0.0,0.0,0.0,0.0,0.0,0.0,0.0,0.0,0.0,0.0,0.0,0.0,152.0,332.0,0.0,0.0,0.0,0.0,0.0,0.0,0.0,0.0,0.0,0.0,0.0,0.0,0.0
674,Aaron,Ramsdale,Ramsdale,a,,,4.8,363,14.0,0.6,225,29.0,0.6,322.0,24.0,3,0,0.0,-2,2.0,425,174,0.1,2.9,0.1,0.1,1.8,373.0,32.0,,,327.0,25.0,426.0,11.0,751.0,84.0,398.0,25.0,,,,,,,,0.0,0.0,0.0,1.29,1.96,0.0,1.54,0.98,0.0,29,3.0,90.0,0.0,0.0,0.0,1.0,0.0,0.0,0.0,0.0,0.0,4.0,1.0,0.0,14.0,501.0,604.0,0.0,0.0,0.0,0.0,1.2800000000000002,28.39999999999999,0.0,0.0,2.799999999999999,0.0,0.0,6.0,0.0
684,Malick,Thiaw,Thiaw,a,,,5.0,263,40.0,4.2,87,29.0,4.0,59.0,19.0,4,0,0.0,0,0.0,2303,5303,0.8,21.0,3.5,3.5,4.0,62.0,24.0,,,15.0,5.0,258.0,75.0,63.0,4.0,64.0,10.0,,,,,,,,0.14,0.04,0.18,1.38,0.0,0.16,1.63,1.02,9.05,29,4.0,90.0,0.0,0.0,0.0,1.0,0.0,0.0,0.0,0.0,0.0,0.0,1.0,0.0,8.0,5879.0,24991.0,0.0,0.3599999999999999,0.010000000000000009,0.36999999999999966,1.2800000000000011,27.59999999999991,0.5,33.0,6.099999999999994,0.0,10.0,0.0,10.0
689,Seung-Soo,Park,Seung soo,a,,,4.3,621,365.0,0.5,256,88.0,0.0,571.0,197.0,0,0,0.0,-2,2.0,731,716,0.0,0.0,-0.5,-0.5,0.0,663.0,256.0,,,653.0,246.0,649.0,251.0,626.0,240.0,655.0,248.0,,,,,,,,0.0,0.0,0.0,0.0,0.0,0.0,0.0,0.0,0.0,29,0.0,0.0,0.0,0.0,0.0,0.0,0.0,0.0,0.0,0.0,0.0,0.0,0.0,0.0,0.0,1800.0,1909.0,0.0,0.0,0.0,0.0,0.0,0.0,0.0,0.0,0.0,0.0,0.0,0.0,0.0
714,Nick,Woltemade,Woltemade,d,Illness - 75% chance of playing,,6.8,47,17.0,7.1,54,9.0,0.8,309.0,40.0,0,0,0.0,-2,2.0,175,13575,0.1,12.6,0.2,0.2,3.4,140.0,12.0,75.0,75.0,149.0,14.0,179.0,15.0,53.0,21.0,101.0,15.0,,,3.0,,,,,0.37,0.05,0.42,1.18,0.0,0.35,1.47,1.12,4.65,29,0.0,0.0,0.0,0.0,0.0,0.0,0.0,0.0,0.0,0.0,0.0,0.0,0.0,0.0,0.0,623.0,35642.0,0.0,0.0,0.0,0.0,0.0,0.0,0.0,0.0,0.0,0.0,0.0,0.0,0.0
400,Stefan,Ortega Moreno,Ortega Moreno,d,Calf injury - 50% chance of playing,,4.7,376,15.0,0.2,381,55.0,2.2,157.0,13.0,0,0,0.0,-3,3.0,10,263,0.5,2.3,1.1,0.4,3.7,96.0,11.0,50.0,25.0,391.0,29.0,752.0,88.0,741.0,80.0,435.0,29.0,,,,,,,,0.0,0.0,0.0,1.55,2.67,0.33,1.33,1.0,0.0,29,0.0,0.0,0.0,0.0,0.0,0.0,0.0,0.0,0.0,0.0,0.0,0.0,0.0,0.0,0.0,14.0,852.0,0.0,0.0,0.0,0.0,0.0,0.0,0.0,0.0,0.0,0.0,0.0,0.0,0.0
502,Matz,Sels,Sels,a,,,4.6,396,19.0,4.7,76,13.0,0.6,319.0,23.0,1,0,0.0,-4,4.0,631,551,0.1,13.9,0.6,0.1,2.9,198.0,21.0,100.0,100.0,79.0,15.0,424.0,9.0,740.0,79.0,260.0,15.0,,,,,,,,0.0,0.0,0.0,1.53,3.05,0.19,1.5,1.02,0.0,29,1.0,90.0,0.0,0.0,0.0,2.0,0.0,0.0,0.0,1.0,0.0,3.0,1.0,0.0,5.0,1004.0,2114.0,0.0,0.0,0.0,0.0,2.0199999999999996,20.80000000000001,0.0,0.0,2.1000000000000014,0.0,0.0,9.0,0.0
503,Carlos Miguel,dos Santos Pereira,C.Miguel,u,Has joined Palmeiras permanently.,,4.0,689,56.0,0.1,548,76.0,0.0,478.0,69.0,0,0,0.0,0,0.0,0,5,0.0,0.0,0.0,0.0,0.0,597.0,76.0,0.0,0.0,587.0,76.0,578.0,63.0,549.0,50.0,589.0,76.0,,,,,,,,0.0,0.0,0.0,0.0,0.0,0.0,0.0,0.0,0.0,29,0.0,0.0,0.0,0.0,0.0,0.0,0.0,0.0,0.0,0.0,0.0,0.0,0.0,0.0,0.0,0.0,12.0,0.0,0.0,0.0,0.0,0.0,0.0,0.0,0.0,0.0,0.0,0.0,0.0,0.0
505,Nikola,Milenković,Milenković,a,,,5.1,231,31.0,3.1,105,40.0,2.4,149.0,55.0,0,0,0.0,-4,4.0,455,1186,0.5,15.9,2.4,1.9,2.8,219.0,87.0,,,67.0,29.0,359.0,126.0,239.0,65.0,193.0,63.0,,,,,,,,0.03,0.02,0.05,1.47,0.0,0.21,1.48,1.0,8.07,29,0.0,90.0,0.0,0.0,0.0,2.0,0.0,0.0,0.0,1.0,0.0,0.0,1.0,0.0,2.0,795.0,4289.0,0.0,0.0,0.0,0.0,2.019999999999996,12.199999999999932,0.10000000000000142,4.0,1.6000000000000085,0.0,4.0,1.0,4.0
506,Murillo,Costa dos Santos,Murillo,a,,,5.2,220,29.0,1.9,142,54.0,1.0,278.0,99.0,2,0,0.0,-3,3.0,925,573,0.2,13.3,1.0,0.5,3.3,147.0,57.0,100.0,100.0,74.0,34.0,262.0,77.0,291.0,85.0,185.0,62.0,,2.0,,,,,,0.03,0.02,0.05,1.47,0.0,0.2,1.39,1.04,9.6,29,2.0,90.0,0.0,0.0,0.0,2.0,0.0,0.0,0.0,1.0,0.0,0.0,1.0,0.0,13.0,1370.0,2443.0,0.0,0.0,0.0,0.0,2.0199999999999996,32.0,0.09999999999999432,0.0,3.200000000000003,0.0,12.0,2.0,12.0
507,Ola,Aina,Aina,a,,,4.7,379,63.0,2.3,127,49.0,2.2,158.0,59.0,1,0,0.0,-3,3.0,542,764,0.5,8.1,2.2,1.7,2.9,199.0,77.0,100.0,100.0,268.0,108.0,222.0,56.0,314.0,97.0,300.0,100.0,,,,,,,,0.02,0.05,0.07,1.66,0.0,0.24,1.34,1.03,6.8,29,1.0,90.0,0.0,0.0,0.0,2.0,0.0,0.0,0.0,0.0,0.0,0.0,1.0,0.0,8.0,898.0,3546.0,0.0,0.0,0.020000000000000018,0.020000000000000018,2.0199999999999996,17.0,4.799999999999997,2.0,2.3999999999999986,3.0,4.0,2.0,7.0
509,David,Mota Veiga Teixeira do Carmo,David Carmo,u,has joined Real Oviedo on loan for the rest of the season.,,4.5,434,87.0,0.0,677,237.0,0.0,627.0,244.0,0,0,0.0,0,0.0,0,0,0.0,0.0,0.0,0.0,0.0,703.0,258.0,0.0,0.0,697.0,258.0,693.0,258.0,676.0,258.0,699.0,258.0,,,,,,,,0.0,0.0,0.0,0.0,0.0,0.0,0.0,0.0,0.0,29,0.0,0.0,0.0,0.0,0.0,0.0,0.0,0.0,0.0,0.0,0.0,0.0,0.0,0.0,0.0,0.0,0.0,0.0,0.0,0.0,0.0,0.0,0.0,0.0,0.0,0.0,0.0,0.0,0.0,0.0
510,Jair,Paula da Cunha Filho,Jair Cunha,a,,,4.2,644,153.0,0.1,550,199.0,0.4,340.0,119.0,1,0,0.0,-3,3.0,19,14,0.1,1.2,0.4,-0.1,1.7,384.0,143.0,,,412.0,154.0,468.0,172.0,405.0,149.0,441.0,159.0,,,,,,,,0.06,0.0,0.06,2.25,0.0,0.0,1.68,0.84,8.41,29,1.0,90.0,0.0,0.0,0.0,2.0,0.0,0.0,0.0,0.0,0.0,0.0,1.0,0.0,5.0,34.0,29.0,0.0,0.0,0.0,0.0,2.0199999999999996,14.200000000000003,0.10000000000000009,0.0,1.3999999999999995,1.0,5.0,1.0,6.0
511,Felipe,Rodrigues da Silva,Morato,a,,,4.3,593,135.0,0.1,509,181.0,2.4,147.0,53.0,1,0,0.0,-2,2.0,32,40,0.6,8.1,2.4,1.9,2.3,296.0,112.0,,,236.0,92.0,391.0,141.0,311.0,94.0,328.0,112.0,,,,,,,,0.08,0.01,0.09,1.41,0.0,0.19,1.63,0.96,9.79,29,1.0,1.0,0.0,0.0,0.0,0.0,0.0,0.0,0.0,0.0,0.0,0.0,0.0,0.0,14.0,56.0,115.0,0.0,0.0,0.0,0.0,0.6500000000000004,9.0,0.0,0.0,0.8999999999999986,0.0,4.0,0.0,4.0
512,Omar,Richards,O.Richards,u,has joined Rio Ave on loan for the rest of the season.,,4.5,419,80.0,0.0,683,238.0,0.0,616.0,241.0,0,0,0.0,0,0.0,0,1,0.0,0.0,0.0,0.0,0.0,695.0,256.0,0.0,0.0,689.0,256.0,684.0,256.0,665.0,255.0,691.0,256.0,,,,,,,,0.0,0.0,0.0,0.0,0.0,0.0,0.0,0.0,0.0,29,0.0,0.0,0.0,0.0,0.0,0.0,0.0,0.0,0.0,0.0,0.0,0.0,0.0,0.0,0.0,0.0,3.0,0.0,0.0,0.0,0.0,0.0,0.0,0.0,0.0,0.0,0.0,0.0,0.0,0.0
513,Zach,Abbott,Abbott,a,,,3.8,809,256.0,0.3,335,122.0,0.2,359.0,127.0,0,0,0.0,-2,2.0,103,96,0.1,0.5,0.2,-0.3,1.0,452.0,164.0,,,439.0,163.0,438.0,158.0,479.0,190.0,459.0,166.0,,,,,,,,0.0,0.01,0.01,2.35,0.0,0.0,3.0,0.75,7.5,29,0.0,0.0,0.0,0.0,0.0,0.0,0.0,0.0,0.0,0.0,0.0,0.0,0.0,0.0,0.0,261.0,284.0,0.0,0.0,0.0,0.0,0.0,0.0,0.0,0.0,0.0,0.0,0.0,0.0,0.0
514,Willy,Boly,Boly,i,Knee injury - Unknown return date,,3.8,786,234.0,0.4,291,108.0,0.0,391.0,140.0,0,0,0.0,-2,2.0,31,188,0.0,0.0,0.0,0.0,0.0,521.0,184.0,0.0,0.0,510.0,183.0,494.0,181.0,462.0,174.0,512.0,183.0,,,,,,,,0.0,0.0,0.0,0.0,0.0,0.0,0.0,0.0,0.0,29,0.0,0.0,0.0,0.0,0.0,0.0,0.0,0.0,0.0,0.0,0.0,0.0,0.0,0.0,0.0,94.0,516.0,0.0,0.0,0.0,0.0,0.0,0.0,0.0,0.0,0.0,0.0,0.0,0.0,0.0
515,Morgan,Gibbs-White,Gibbs-White,a,,,7.3,26,16.0,3.5,97,31.0,4.8,33.0,17.0,8,0,0.0,-2,2.0,18641,1149,0.7,16.7,4.8,4.3,4.2,54.0,26.0,100.0,100.0,61.0,16.0,14.0,14.0,21.0,9.0,13.0,9.0,,3.0,2.0,,,,,0.28,0.08,0.36,1.46,0.0,0.25,1.42,1.02,5.09,29,8.0,89.0,1.0,0.0,0.0,2.0,0.0,0.0,0.0,0.0,0.0,0.0,1.0,1.0,31.0,24018.0,7736.0,0.0,0.71,0.03000000000000025,0.7400000000000002,1.3699999999999974,41.80000000000007,15.299999999999955,55.0,11.200000000000017,1.0,0.0,5.0,6.0
516,Callum,Hudson-Odoi,Hudson-Odoi,a,,,5.7,114,72.0,0.7,222,77.0,2.8,125.0,54.0,4,0,0.0,-3,3.0,441,372,0.5,13.0,2.8,2.3,2.7,238.0,99.0,100.0,100.0,180.0,72.0,24.0,23.0,80.0,49.0,60.0,40.0,,,,,,,,0.15,0.13,0.28,1.55,0.0,0.28,1.38,0.99,5.34,29,4.0,27.0,0.0,1.0,0.0,0.0,0.0,0.0,0.0,0.0,0.0,0.0,0.0,0.0,13.0,718.0,1476.0,0.0,0.0,0.009999999999999787,0.010000000000000675,0.9400000000000013,19.400000000000034,11.300000000000068,0.0,3.0999999999999943,1.0,0.0,2.0,3.0
517,Elliot,Anderson,Anderson,a,,,5.4,166,103.0,6.3,60,20.0,5.4,19.0,8.0,12,0,0.0,-1,1.0,21495,2866,1.0,24.3,5.4,4.9,4.5,32.0,14.0,,,19.0,6.0,6.0,6.0,107.0,67.0,17.0,13.0,1.0,1.0,4.0,,,,,0.08,0.11,0.19,1.44,0.0,0.24,1.46,1.01,14.08,29,12.0,90.0,1.0,0.0,0.0,2.0,0.0,0.0,0.0,0.0,0.0,0.0,1.0,3.0,46.0,28103.0,25228.0,0.0,0.10000000000000009,0.08000000000000007,0.17999999999999972,2.019999999999996,56.799999999999955,18.299999999999955,15.0,9.0,5.0,4.0,6.0,15.0
518,João Pedro,Ferreira da Silva,Jota,u,has joined Besiktas on loan for the rest of the season.,,5.4,177,110.0,0.0,620,241.0,0.0,787.0,346.0,0,0,0.0,-1,1.0,0,1,0.0,0.2,0.0,0.0,1.0,502.0,234.0,0.0,0.0,475.0,215.0,476.0,229.0,437.0,216.0,485.0,223.0,,,,,,,,0.0,0.0,0.0,0.0,0.0,0.0,0.0,0.0,24.55,29,0.0,0.0,0.0,0.0,0.0,0.0,0.0,0.0,0.0,0.0,0.0,0.0,0.0,0.0,0.0,0.0,1.0,0.0,0.0,0.0,0.0,0.0,0.0,0.0,0.0,0.0,0.0,0.0,0.0,0.0
519,Nicolás,Domínguez,Dominguez,a,,,5.0,257,156.0,0.0,631,247.0,0.8,298.0,135.0,2,0,0.0,0,0.0,19,39,0.2,7.2,0.8,0.3,2.0,336.0,147.0,100.0,100.0,279.0,119.0,200.0,129.0,224.0,125.0,269.0,134.0,,,,,,,,0.11,0.04,0.15,1.73,0.0,0.3,1.83,1.32,9.85,29,2.0,63.0,0.0,0.0,0.0,2.0,0.0,0.0,0.0,0.0,0.0,0.0,1.0,0.0,15.0,21.0,135.0,0.0,0.0,0.04999999999999999,0.050000000000000044,1.0900000000000016,9.0,12.200000000000017,2.0,2.299999999999997,2.0,1.0,8.0,11.0
520,Lewis,O'Brien,O'Brien,u,Has joined Wrexham permanently.,,5.0,255,155.0,0.0,816,364.0,0.0,746.0,318.0,0,0,0.0,0,0.0,0,0,0.0,0.0,0.0,0.0,0.0,785.0,343.0,0.0,0.0,784.0,342.0,781.0,342.0,778.0,340.0,784.0,342.0,,,,,,,,0.0,0.0,0.0,0.0,0.0,0.0,0.0,0.0,0.0,29,0.0,0.0,0.0,0.0,0.0,0.0,0.0,0.0,0.0,0.0,0.0,0.0,0.0,0.0,0.0,0.0,0.0,0.0,0.0,0.0,0.0,0.0,0.0,0.0,0.0,0.0,0.0,0.0,0.0,0.0
521,Ibrahim,Sangaré,Sangaré,a,,,4.9,307,192.0,0.1,542,197.0,2.2,162.0,68.0,1,0,0.0,-1,1.0,54,48,0.4,13.9,2.2,1.7,3.2,156.0,68.0,100.0,100.0,167.0,63.0,208.0,136.0,226.0,126.0,210.0,104.0,,,,,,,,0.07,0.08,0.15,1.51,0.0,0.34,1.25,1.08,10.68,29,1.0,90.0,0.0,0.0,0.0,2.0,0.0,0.0,0.0,1.0,0.0,0.0,1.0,0.0,4.0,129.0,161.0,0.0,0.0,0.0,0.0,2.0199999999999996,14.199999999999989,12.5,0.0,2.700000000000003,2.0,4.0,4.0,10.0
522,Ryan,Yates,Yates,a,,,4.7,383,239.0,0.1,549,199.0,0.4,345.0,156.0,1,0,0.0,-3,3.0,23,17,0.1,3.8,0.4,-0.1,1.3,431.0,192.0,100.0,100.0,390.0,173.0,343.0,184.0,352.0,182.0,390.0,180.0,,,,,,,,0.05,0.05,0.1,1.06,0.0,0.0,1.22,0.24,8.8,29,1.0,1.0,0.0,0.0,0.0,0.0,0.0,0.0,0.0,0.0,0.0,0.0,0.0,0.0,75.0,35.0,48.0,0.0,0.10999999999999999,0.0,0.11000000000000004,0.6499999999999999,0.0,0.10000000000000142,4.0,0.1999999999999993,0.0,0.0,0.0,0.0
523,Eric,da Silva Moreira,Da Silva Moreira,a,,,4.5,472,288.0,0.1,567,209.0,0.0,656.0,253.0,0,0,0.0,0,0.0,24,12,0.0,0.0,0.0,-0.5,0.0,727.0,300.0,100.0,100.0,724.0,297.0,719.0,298.0,705.0,293.0,725.0,298.0,,,,,,,,0.0,0.0,0.0,0.0,0.0,0.0,0.0,0.0,0.0,29,0.0,0.0,0.0,0.0,0.0,0.0,0.0,0.0,0.0,0.0,0.0,0.0,0.0,0.0,0.0,50.0,32.0,0.0,0.0,0.0,0.0,0.0,0.0,0.0,0.0,0.0,0.0,0.0,0.0,0.0
524,Marko,Stamenić,Stamenic,u,Has joined Swansea City permanently.,,4.5,449,269.0,0.0,692,284.0,0.0,636.0,236.0,0,0,0.0,0,0.0,0,0,0.0,0.0,0.0,0.0,0.0,711.0,286.0,0.0,0.0,706.0,281.0,702.0,283.0,686.0,276.0,707.0,282.0,,,,,,,,0.0,0.0,0.0,0.0,0.0,0.0,0.0,0.0,0.0,29,0.0,0.0,0.0,0.0,0.0,0.0,0.0,0.0,0.0,0.0,0.0,0.0,0.0,0.0,0.0,0.0,1.0,0.0,0.0,0.0,0.0,0.0,0.0,0.0,0.0,0.0,0.0,0.0,0.0,0.0
693,Omari,Hutchinson,Hutchinson,a,,,5.4,176,109.0,0.1,523,190.0,2.2,165.0,69.0,0,0,0.0,-1,1.0,33,80,0.4,11.1,2.2,1.7,2.7,235.0,98.0,,,230.0,100.0,52.0,43.0,89.0,56.0,100.0,60.0,2.0,,,,,,,0.13,0.23,0.36,1.35,0.0,0.31,1.33,0.86,7.03,29,0.0,0.0,0.0,0.0,0.0,0.0,0.0,0.0,0.0,0.0,0.0,0.0,0.0,0.0,0.0,81.0,373.0,0.0,0.0,0.0,0.0,0.0,0.0,0.0,0.0,0.0,0.0,0.0,0.0,0.0
696,Arnaud,Kalimuendo,Kalimuendo,u,has joined Eintracht Frankfurt on loan for the rest of the season.,,6.0,90,28.0,0.1,448,65.0,0.0,804.0,86.0,0,0,0.0,0,0.0,0,24,0.0,1.5,0.0,0.0,1.0,505.0,61.0,0.0,0.0,470.0,56.0,399.0,52.0,340.0,53.0,438.0,56.0,,,,,,,,0.44,0.02,0.46,1.59,0.0,0.0,3.03,0.0,6.07,29,0.0,0.0,0.0,0.0,0.0,0.0,0.0,0.0,0.0,0.0,0.0,0.0,0.0,0.0,0.0,0.0,35.0,0.0,0.0,0.0,0.0,0.0,0.0,0.0,0.0,0.0,0.0,0.0,0.0,0.0
715,John Victor,Maciel Furtado,John,i,Knee injury - Expected back 01 Jun,,4.0,672,46.0,0.3,301,40.0,0.0,462.0,59.0,0,0,0.0,0,0.0,27,197,0.0,2.8,0.0,0.0,2.2,303.0,27.0,0.0,0.0,406.0,31.0,563.0,53.0,534.0,40.0,440.0,31.0,,,,,,,,0.0,0.0,0.0,1.26,1.24,0.21,1.65,1.03,0.0,29,0.0,0.0,0.0,0.0,0.0,0.0,0.0,0.0,0.0,0.0,0.0,0.0,0.0,0.0,0.0,66.0,508.0,0.0,0.0,0.0,0.0,0.0,0.0,0.0,0.0,0.0,0.0,0.0,0.0,0.0
716,Nicolò,Savona,Savona,i,Knee injury - Unknown return date,,4.5,451,91.0,0.1,563,203.0,0.0,638.0,245.0,0,0,0.0,0,0.0,4,50,0.0,8.7,0.0,0.0,2.8,212.0,82.0,0.0,0.0,252.0,103.0,226.0,58.0,252.0,70.0,275.0,91.0,,,,,,,,0.12,0.04,0.16,1.32,0.0,0.26,1.58,0.97,5.0,29,0.0,0.0,0.0,0.0,0.0,0.0,0.0,0.0,0.0,0.0,0.0,0.0,0.0,0.0,0.0,5.0,213.0,0.0,0.0,0.0,0.0,0.0,0.0,0.0,0.0,0.0,0.0,0.0,0.0,0.0
729,Luis Eduardo,Soares da Silva,Cuiabano,u,has joined Vasco de Gama on loan for the rest of the season.,,4.5,471,93.0,0.0,813,266.0,0.0,655.0,246.0,0,0,0.0,0,0.0,0,2,0.0,0.0,0.0,0.0,0.0,726.0,259.0,0.0,0.0,723.0,259.0,718.0,259.0,704.0,259.0,724.0,259.0,,,,,,,,0.0,0.0,0.0,0.0,0.0,0.0,0.0,0.0,0.0,29,0.0,0.0,0.0,0.0,0.0,0.0,0.0,0.0,0.0,0.0,0.0,0.0,0.0,0.0,0.0,0.0,2.0,0.0,0.0,0.0,0.0,0.0,0.0,0.0,0.0,0.0,0.0,0.0,0.0,0.0
734,Dilane,Bakwa,Bakwa,a,,,5.9,101,66.0,0.0,678,274.0,0.4,355.0,163.0,0,0,0.0,-1,1.0,17,17,0.1,2.4,0.4,-0.1,1.4,424.0,189.0,100.0,100.0,411.0,181.0,239.0,150.0,280.0,153.0,353.0,170.0,3.0,,,,,,,0.13,0.18,0.31,1.77,0.0,0.0,2.11,0.79,6.84,29,0.0,0.0,0.0,0.0,0.0,0.0,0.0,0.0,0.0,0.0,0.0,0.0,0.0,0.0,0.0,32.0,35.0,0.0,0.0,0.0,0.0,0.0,0.0,0.0,0.0,0.0,0.0,0.0,0.0,0.0
805,Lorenzo,Lucca,Lucca,a,,,5.5,148,36.0,0.0,680,87.0,1.6,218.0,29.0,0,0,0.0,0,0.0,44,105,0.3,1.5,1.6,1.1,2.7,236.0,24.0,,,423.0,49.0,410.0,54.0,358.0,54.0,429.0,55.0,,,,,,,,0.54,0.01,0.55,1.41,0.0,0.76,0.76,0.76,3.78,29,0.0,0.0,0.0,0.0,0.0,0.0,0.0,0.0,0.0,0.0,0.0,0.0,0.0,0.0,0.0,78.0,343.0,0.0,0.0,0.0,0.0,0.0,0.0,0.0,0.0,0.0,0.0,0.0,0.0,0.0
814,Luca,Netz,Netz,a,,,4.5,441,88.0,0.0,789,262.0,0.4,342.0,121.0,0,0,0.0,0,0.0,10,8,0.1,0.4,0.4,-0.1,1.0,476.0,172.0,,,468.0,170.0,457.0,167.0,448.0,169.0,482.0,171.0,,,,,,,,0.0,0.68,0.68,0.09,0.0,0.0,0.0,0.0,1.88,29,0.0,0.0,0.0,0.0,0.0,0.0,0.0,0.0,0.0,0.0,0.0,0.0,0.0,0.0,0.0,16.0,12.0,0.0,0.0,0.0,0.0,0.0,0.0,0.0,0.0,0.0,0.0,0.0,0.0,0.0
528,Anthony,Patterson,Patterson,u,has joined Millwall on loan for the rest of the season.,,4.2,632,34.0,0.2,407,60.0,0.0,530.0,83.0,0,0,0.0,-3,3.0,0,58,0.0,0.0,0.0,0.0,0.0,638.0,88.0,0.0,0.0,629.0,88.0,622.0,78.0,597.0,66.0,631.0,88.0,,,,,,,,0.0,0.0,0.0,0.0,0.0,0.0,0.0,0.0,0.0,29,0.0,0.0,0.0,0.0,0.0,0.0,0.0,0.0,0.0,0.0,0.0,0.0,0.0,0.0,0.0,0.0,129.0,0.0,0.0,0.0,0.0,0.0,0.0,0.0,0.0,0.0,0.0,0.0,0.0,0.0
529,Simon,Moore,Moore,a,,,3.9,742,69.0,0.4,290,38.0,0.0,416.0,30.0,0,0,0.0,-1,1.0,37,88,0.0,0.0,0.0,0.0,0.0,541.0,39.0,,,531.0,39.0,518.0,22.0,488.0,9.0,533.0,39.0,,,,,,,,0.0,0.0,0.0,0.0,0.0,0.0,0.0,0.0,0.0,29,0.0,0.0,0.0,0.0,0.0,0.0,0.0,0.0,0.0,0.0,0.0,0.0,0.0,0.0,0.0,108.0,198.0,0.0,0.0,0.0,0.0,0.0,0.0,0.0,0.0,0.0,0.0,0.0,0.0,0.0
530,Blondy,Nna Noukeu,Nna Noukeu,u,has joined US Boulogne CO permanently.,,3.9,770,86.0,0.1,458,69.0,0.0,439.0,47.0,0,0,0.0,-1,1.0,0,40,0.0,0.0,0.0,0.0,0.0,561.0,56.0,0.0,0.0,551.0,56.0,538.0,39.0,508.0,26.0,553.0,56.0,,,,,,,,0.0,0.0,0.0,0.0,0.0,0.0,0.0,0.0,0.0,29,0.0,0.0,0.0,0.0,0.0,0.0,0.0,0.0,0.0,0.0,0.0,0.0,0.0,0.0,0.0,0.0,72.0,0.0,0.0,0.0,0.0,0.0,0.0,0.0,0.0,0.0,0.0,0.0,0.0,0.0
531,Daniel,Ballard,Ballard,a,,,4.6,399,68.0,3.5,93,33.0,4.4,47.0,15.0,9,0,0.0,1,-1.0,13280,703,1.0,24.8,4.4,4.4,4.6,27.0,9.0,100.0,100.0,36.0,14.0,199.0,51.0,62.0,3.0,68.0,11.0,,,,,,,,0.11,0.03,0.14,1.38,0.0,0.28,1.25,0.97,11.22,29,9.0,90.0,0.0,0.0,1.0,0.0,0.0,0.0,0.0,0.0,0.0,0.0,1.0,1.0,25.0,27000.0,3847.0,0.0,0.010000000000000231,0.0,0.010000000000000231,1.1499999999999986,35.799999999999955,0.29999999999998295,7.0,4.299999999999997,2.0,14.0,4.0,16.0
532,Trai,Hume,Hume,a,,,4.5,443,89.0,0.3,304,112.0,2.8,115.0,44.0,8,0,0.0,0,0.0,266,88,0.6,18.9,2.8,2.8,2.9,197.0,76.0,,,131.0,59.0,116.0,30.0,154.0,32.0,129.0,39.0,2.0,,,,,,,0.06,0.04,0.1,1.46,0.0,0.3,1.16,1.01,6.27,29,8.0,90.0,0.0,0.0,1.0,0.0,0.0,0.0,0.0,0.0,0.0,0.0,1.0,2.0,30.0,832.0,560.0,0.0,0.0,0.030000000000000027,0.029999999999999805,1.1499999999999986,16.0,1.1999999999999886,0.0,1.7000000000000028,2.0,7.0,3.0,9.0
533,Aji,Alese,Alese,u,has joined Portsmouth on loan for the rest of the season.,,4.0,671,166.0,0.0,790,263.0,0.0,461.0,177.0,0,0,0.0,0,0.0,0,2,0.0,0.0,0.0,0.0,0.0,582.0,213.0,0.0,0.0,572.0,213.0,562.0,213.0,533.0,209.0,574.0,213.0,,,,,,,,0.0,0.0,0.0,0.0,0.0,0.0,0.0,0.0,0.0,29,0.0,0.0,0.0,0.0,0.0,0.0,0.0,0.0,0.0,0.0,0.0,0.0,0.0,0.0,0.0,0.0,4.0,0.0,0.0,0.0,0.0,0.0,0.0,0.0,0.0,0.0,0.0,0.0,0.0,0.0
535,Dennis,Cirkin,Cirkin,i,Hamstring injury - Expected back 21 Mar,,4.0,682,171.0,0.0,589,210.0,0.0,472.0,182.0,0,0,0.0,0,0.0,5,83,0.0,3.2,0.0,0.0,2.2,304.0,114.0,0.0,0.0,405.0,153.0,430.0,155.0,440.0,164.0,436.0,157.0,,,,,,,,0.0,0.01,0.01,1.84,0.0,0.3,0.61,0.91,7.91,29,0.0,0.0,0.0,0.0,0.0,0.0,0.0,0.0,0.0,0.0,0.0,0.0,0.0,0.0,0.0,9.0,217.0,0.0,0.0,0.0,0.0,0.0,0.0,0.0,0.0,0.0,0.0,0.0,0.0,0.0
536,Leo Fuhr,Hjelde,Hjelde,u,has joined Sheffield United on loan for the rest of the season.,,4.0,690,174.0,0.0,720,250.0,0.0,479.0,184.0,0,0,0.0,0,0.0,0,10,0.0,0.0,0.0,0.0,0.0,598.0,219.0,0.0,0.0,588.0,219.0,579.0,219.0,550.0,215.0,590.0,219.0,,,,,,,,0.0,0.0,0.0,0.0,0.0,0.0,0.0,0.0,0.0,29,0.0,0.0,0.0,0.0,0.0,0.0,0.0,0.0,0.0,0.0,0.0,0.0,0.0,0.0,0.0,0.0,24.0,0.0,0.0,0.0,0.0,0.0,0.0,0.0,0.0,0.0,0.0,0.0,0.0,0.0
537,Niall,Huggins,Huggins,u,has joined Wycombe Wanderers on loan for the rest of the season.,,4.0,692,175.0,0.1,538,192.0,0.0,481.0,185.0,0,0,0.0,0,0.0,0,6,0.0,0.0,0.0,0.0,0.0,600.0,220.0,0.0,0.0,590.0,220.0,581.0,220.0,552.0,216.0,592.0,220.0,,,,,,,,0.0,0.0,0.0,0.0,0.0,0.0,0.0,0.0,0.0,29,0.0,0.0,0.0,0.0,0.0,0.0,0.0,0.0,0.0,0.0,0.0,0.0,0.0,0.0,0.0,0.0,17.0,0.0,0.0,0.0,0.0,0.0,0.0,0.0,0.0,0.0,0.0,0.0,0.0,0.0
538,Zak,Johnson,Johnson,u,has joined York City on loan for the rest of the season.,,3.8,802,249.0,0.2,369,135.0,0.0,402.0,150.0,0,0,0.0,-2,2.0,0,70,0.0,0.0,0.0,0.0,0.0,530.0,192.0,0.0,0.0,520.0,192.0,504.0,190.0,473.0,184.0,522.0,192.0,,,,,,,,0.0,0.0,0.0,0.0,0.0,0.0,0.0,0.0,0.0,29,0.0,0.0,0.0,0.0,0.0,0.0,0.0,0.0,0.0,0.0,0.0,0.0,0.0,0.0,0.0,0.0,146.0,0.0,0.0,0.0,0.0,0.0,0.0,0.0,0.0,0.0,0.0,0.0,0.0,0.0
540,Timothée,Pembélé,Pembele,u,has joined Le Havre AC on loan for the rest of the season.,,3.9,763,222.0,0.3,327,119.0,0.0,433.0,165.0,0,0,0.0,-1,1.0,0,73,0.0,0.0,0.0,0.0,0.0,556.0,202.0,0.0,0.0,546.0,202.0,533.0,202.0,503.0,197.0,548.0,202.0,,,,,,,,0.0,0.0,0.0,0.0,0.0,0.0,0.0,0.0,0.0,29,0.0,0.0,0.0,0.0,0.0,0.0,0.0,0.0,0.0,0.0,0.0,0.0,0.0,0.0,0.0,0.0,189.0,0.0,0.0,0.0,0.0,0.0,0.0,0.0,0.0,0.0,0.0,0.0,0.0,0.0
541,Reinildo,Mandava,Reinildo,d,Knee injury - 50% chance of playing,,3.8,794,241.0,3.0,109,43.0,0.4,336.0,115.0,0,0,0.0,-2,2.0,266,2460,0.1,13.4,0.2,0.0,3.0,184.0,68.0,50.0,0.0,201.0,79.0,271.0,81.0,342.0,112.0,284.0,93.0,,,,,,,,0.01,0.03,0.04,1.26,0.0,0.25,1.26,1.07,7.69,29,0.0,0.0,0.0,0.0,0.0,0.0,0.0,0.0,0.0,0.0,0.0,0.0,0.0,0.0,0.0,609.0,8319.0,0.0,0.0,0.0,0.0,0.0,0.0,0.0,0.0,0.0,0.0,0.0,0.0,0.0
542,Jenson,Seelt,Seelt,u,has joined Wolfsburg on loan for the rest of the season.,,4.0,710,187.0,0.1,504,180.0,0.0,496.0,195.0,0,0,0.0,0,0.0,0,9,0.0,0.5,0.0,0.0,1.0,455.0,165.0,0.0,0.0,429.0,160.0,453.0,165.0,566.0,224.0,455.0,163.0,,,,,,,,0.0,0.01,0.01,0.9,0.0,0.0,1.35,0.68,8.12,29,0.0,0.0,0.0,0.0,0.0,0.0,0.0,0.0,0.0,0.0,0.0,0.0,0.0,0.0,0.0,0.0,22.0,0.0,0.0,0.0,0.0,0.0,0.0,0.0,0.0,0.0,0.0,0.0,0.0,0.0
543,Simon,Adingra,Adingra,u,has joined AS Monaco on loan for the rest of the season.,,4.9,341,210.0,0.4,293,100.0,0.0,738.0,312.0,0,0,0.0,-6,6.0,0,107,0.0,6.9,0.0,0.0,2.4,288.0,125.0,0.0,0.0,379.0,169.0,234.0,148.0,288.0,157.0,346.0,167.0,,,,,,,,0.05,0.09,0.14,1.57,0.0,0.55,1.11,1.25,6.24,29,0.0,0.0,0.0,0.0,0.0,0.0,0.0,0.0,0.0,0.0,0.0,0.0,0.0,0.0,0.0,0.0,327.0,0.0,0.0,0.0,0.0,0.0,0.0,0.0,0.0,0.0,0.0,0.0,0.0,0.0
544,Habib,Diarra,Diarra,a,,,5.3,202,125.0,0.1,492,175.0,3.4,90.0,41.0,7,0,0.0,-2,2.0,1074,80,0.6,8.3,3.4,3.4,3.7,100.0,47.0,100.0,100.0,348.0,155.0,309.0,173.0,182.0,101.0,323.0,158.0,,,1.0,,,,,0.2,0.04,0.24,1.26,0.0,0.39,0.88,0.97,5.35,29,7.0,90.0,1.0,0.0,1.0,0.0,0.0,0.0,0.0,1.0,0.0,0.0,1.0,0.0,23.0,1956.0,341.0,0.0,0.7899999999999998,0.0,0.79,1.1500000000000004,35.2,1.7000000000000028,17.0,5.400000000000002,1.0,2.0,3.0,6.0
545,Patrick,Roberts,Roberts,u,has joined Birmingham City permanently.,,5.4,158,98.0,0.0,728,303.0,0.0,778.0,340.0,0,0,0.0,-1,1.0,0,0,0.0,0.2,0.0,0.0,1.0,501.0,233.0,0.0,0.0,491.0,226.0,434.0,210.0,429.0,210.0,479.0,221.0,,,,,,,,0.1,0.07,0.17,2.2,0.0,0.0,3.33,0.0,3.33,29,0.0,0.0,0.0,0.0,0.0,0.0,0.0,0.0,0.0,0.0,0.0,0.0,0.0,0.0,0.0,0.0,0.0,0.0,0.0,0.0,0.0,0.0,0.0,0.0,0.0,0.0,0.0,0.0,0.0,0.0
546,Milan,Aleksić,Aleksić,a,,,4.9,347,216.0,0.0,691,283.0,0.0,741.0,315.0,0,0,0.0,-1,1.0,3,2,0.0,0.0,0.0,0.0,0.0,781.0,340.0,100.0,100.0,780.0,339.0,776.0,339.0,772.0,337.0,780.0,339.0,,,,,,,,0.0,0.0,0.0,0.0,0.0,0.0,0.0,0.0,0.0,29,0.0,0.0,0.0,0.0,0.0,0.0,0.0,0.0,0.0,0.0,0.0,0.0,0.0,0.0,0.0,14.0,7.0,0.0,0.0,0.0,0.0,0.0,0.0,0.0,0.0,0.0,0.0,0.0,0.0,0.0
547,Enzo,Le Fée,E.Le Fée,a,,,5.0,266,162.0,1.4,165,57.0,4.2,55.0,26.0,5,0,0.0,0,0.0,2146,981,0.8,21.4,4.2,4.2,3.8,86.0,39.0,100.0,100.0,59.0,15.0,22.0,22.0,132.0,77.0,35.0,25.0,3.0,2.0,2.0,,,,,0.18,0.11,0.29,1.47,0.0,0.31,1.22,1.02,9.65,29,5.0,90.0,0.0,0.0,1.0,0.0,0.0,0.0,0.0,0.0,0.0,0.0,1.0,0.0,13.0,7259.0,6315.0,0.0,0.0,0.03000000000000025,0.02999999999999936,1.1500000000000057,16.800000000000068,15.399999999999977,0.0,3.200000000000003,5.0,2.0,6.0,13.0
548,Romaine,Mundle,Mundle,i,Hamstring injury - Expected back 22 Mar,,4.9,330,204.0,0.0,748,318.0,0.6,326.0,147.0,0,0,0.0,-1,1.0,1,12,0.1,2.9,0.0,0.0,1.0,492.0,225.0,0.0,0.0,433.0,191.0,369.0,189.0,294.0,159.0,405.0,183.0,,,,,,,,0.2,0.11,0.31,1.93,0.0,0.0,2.48,0.45,7.44,29,0.0,0.0,0.0,0.0,0.0,0.0,0.0,0.0,0.0,0.0,0.0,0.0,0.0,0.0,0.0,7.0,31.0,0.0,0.0,0.0,0.0,0.0,0.0,0.0,0.0,0.0,0.0,0.0,0.0,0.0
549,Dan,Neil,Neil,u,has joined Ipswich Town on loan for the rest of the season.,,4.8,362,226.0,0.0,650,260.0,0.0,707.0,291.0,0,0,0.0,-2,2.0,0,2,0.0,0.6,0.0,0.0,1.0,490.0,224.0,0.0,0.0,484.0,222.0,463.0,223.0,750.0,324.0,495.0,227.0,,,,,,,,0.0,0.0,0.0,4.43,0.0,0.0,0.0,0.0,13.85,29,0.0,0.0,0.0,0.0,0.0,0.0,0.0,0.0,0.0,0.0,0.0,0.0,0.0,0.0,0.0,0.0,9.0,0.0,0.0,0.0,0.0,0.0,0.0,0.0,0.0,0.0,0.0,0.0,0.0,0.0
550,Ian,Poveda-Ocampo,Poveda,a,,,4.8,359,225.0,0.0,662,267.0,0.0,705.0,290.0,0,0,0.0,-2,2.0,8,6,0.0,0.0,0.0,0.0,0.0,763.0,327.0,,,762.0,326.0,757.0,326.0,749.0,323.0,762.0,326.0,,,,,,,,0.0,0.0,0.0,0.0,0.0,0.0,0.0,0.0,0.0,29,0.0,0.0,0.0,0.0,0.0,0.0,0.0,0.0,0.0,0.0,0.0,0.0,0.0,0.0,0.0,15.0,17.0,0.0,0.0,0.0,0.0,0.0,0.0,0.0,0.0,0.0,0.0,0.0,0.0,0.0
551,Chris,Rigg,Rigg,a,,,4.7,392,245.0,0.0,597,226.0,0.2,371.0,167.0,1,0,0.0,-3,3.0,16,22,0.0,3.4,0.2,0.2,1.5,410.0,181.0,,,446.0,197.0,344.0,185.0,380.0,192.0,423.0,190.0,,,,,,,,0.08,0.08,0.16,1.29,0.0,0.48,0.48,1.44,6.7,29,1.0,1.0,0.0,0.0,0.0,0.0,0.0,0.0,0.0,0.0,0.0,0.0,0.0,0.0,3.0,32.0,64.0,0.0,0.0,0.0,0.0,0.29000000000000004,0.0,0.0,0.0,0.0,0.0,0.0,1.0,1.0
552,Noah,Sadiki,Sadiki,a,,,4.9,344,213.0,0.1,565,208.0,2.0,183.0,76.0,3,0,0.0,-1,1.0,46,23,0.4,11.8,2.0,2.0,2.4,289.0,126.0,100.0,100.0,222.0,96.0,164.0,111.0,299.0,161.0,240.0,120.0,,,,,,,,0.02,0.04,0.06,1.29,0.0,0.3,1.19,1.02,7.92,29,3.0,90.0,0.0,0.0,1.0,0.0,0.0,0.0,0.0,0.0,0.0,0.0,1.0,0.0,5.0,148.0,123.0,0.0,0.0,0.009999999999999898,0.010000000000000009,1.1499999999999986,8.600000000000023,2.0,0.0,1.1000000000000014,0.0,5.0,3.0,8.0
553,Chemsdine,Talbi,Talbi,a,,,4.9,342,211.0,0.2,411,139.0,1.0,275.0,124.0,0,0,0.0,-1,1.0,44,108,0.2,13.3,1.0,1.0,3.1,174.0,74.0,100.0,100.0,283.0,122.0,184.0,123.0,174.0,96.0,254.0,129.0,,,,,,,,0.11,0.05,0.16,1.22,0.0,0.47,0.79,0.94,5.58,29,0.0,0.0,0.0,0.0,0.0,0.0,0.0,0.0,0.0,0.0,0.0,0.0,0.0,0.0,0.0,252.0,296.0,0.0,0.0,0.0,0.0,0.0,0.0,0.0,0.0,0.0,0.0,0.0,0.0,0.0
554,Abdoullah,Ba,Ba,a,,,4.3,592,347.0,0.3,298,102.0,0.0,550.0,182.0,0,0,0.0,-2,2.0,61,155,0.0,0.0,0.0,0.0,0.0,648.0,244.0,,,638.0,234.0,633.0,239.0,609.0,227.0,640.0,236.0,,,,,,,,0.0,0.0,0.0,0.0,0.0,0.0,0.0,0.0,0.0,29,0.0,0.0,0.0,0.0,0.0,0.0,0.0,0.0,0.0,0.0,0.0,0.0,0.0,0.0,0.0,174.0,585.0,0.0,0.0,0.0,0.0,0.0,0.0,0.0,0.0,0.0,0.0,0.0,0.0,0.0
555,Alan,Browne,Browne,u,has joined Middlesbrough on loan for the rest of the season.,,4.5,413,252.0,0.0,645,256.0,0.0,613.0,220.0,0,0,0.0,0,0.0,0,3,0.0,0.0,0.0,0.0,0.0,693.0,272.0,0.0,0.0,687.0,266.0,681.0,269.0,662.0,261.0,689.0,268.0,,,,,,,,0.0,0.0,0.0,0.0,0.0,0.0,0.0,0.0,0.0,29,0.0,0.0,0.0,0.0,0.0,0.0,0.0,0.0,0.0,0.0,0.0,0.0,0.0,0.0,0.0,0.0,6.0,0.0,0.0,0.0,0.0,0.0,0.0,0.0,0.0,0.0,0.0,0.0,0.0,0.0
556,Pierre,Ekwah Elimby,Ekwah,u,Has joined AS Saint-Etienne permanently.,,4.5,436,260.0,0.0,773,333.0,0.0,628.0,228.0,0,0,0.0,0,0.0,0,0,0.0,0.0,0.0,0.0,0.0,704.0,279.0,0.0,0.0,698.0,273.0,695.0,276.0,678.0,269.0,700.0,275.0,,,,,,,,0.0,0.0,0.0,0.0,0.0,0.0,0.0,0.0,0.0,29,0.0,0.0,0.0,0.0,0.0,0.0,0.0,0.0,0.0,0.0,0.0,0.0,0.0,0.0,0.0,0.0,1.0,0.0,0.0,0.0,0.0,0.0,0.0,0.0,0.0,0.0,0.0,0.0,0.0,0.0
557,Harrison,Jones,H.Jones,a,,,4.3,609,355.0,0.1,535,196.0,0.0,562.0,190.0,0,0,0.0,-2,2.0,43,35,0.0,0.0,0.0,0.0,0.0,655.0,249.0,,,645.0,239.0,641.0,244.0,618.0,233.0,647.0,241.0,,,,,,,,0.0,0.0,0.0,0.0,0.0,0.0,0.0,0.0,0.0,29,0.0,0.0,0.0,0.0,0.0,0.0,0.0,0.0,0.0,0.0,0.0,0.0,0.0,0.0,0.0,105.0,160.0,0.0,0.0,0.0,0.0,0.0,0.0,0.0,0.0,0.0,0.0,0.0,0.0,0.0
558,Jay,Matete,Matete,u,has joined MK Dons permanently.,,4.3,599,350.0,0.2,396,134.0,0.0,555.0,185.0,0,0,0.0,-2,2.0,0,69,0.0,0.0,0.0,0.0,0.0,650.0,246.0,0.0,0.0,640.0,236.0,635.0,241.0,611.0,229.0,642.0,238.0,,,,,,,,0.0,0.0,0.0,0.0,0.0,0.0,0.0,0.0,0.0,29,0.0,0.0,0.0,0.0,0.0,0.0,0.0,0.0,0.0,0.0,0.0,0.0,0.0,0.0,0.0,0.0,205.0,0.0,0.0,0.0,0.0,0.0,0.0,0.0,0.0,0.0,0.0,0.0,0.0,0.0
560,Wilson,Isidor,Isidor,a,,,5.1,234,52.0,1.4,166,26.0,1.6,216.0,28.0,4,0,0.0,-4,4.0,625,864,0.3,11.8,1.6,1.6,2.3,299.0,31.0,100.0,100.0,290.0,28.0,387.0,51.0,51.0,20.0,218.0,27.0,,,,,,,,0.32,0.01,0.33,1.53,0.0,0.34,1.28,0.94,3.75,29,4.0,34.0,0.0,1.0,0.0,0.0,0.0,0.0,0.0,0.0,0.0,0.0,0.0,0.0,10.0,1255.0,3450.0,0.0,0.06000000000000005,0.0,0.06000000000000005,0.7300000000000004,2.200000000000017,0.3000000000000007,5.0,0.8000000000000043,0.0,1.0,0.0,1.0
561,Eliezer,Mayenda Dossou,Mayenda,a,,,5.2,218,50.0,0.5,253,39.0,2.2,163.0,21.0,1,0,0.0,-3,3.0,308,237,0.4,7.1,2.2,2.2,2.2,309.0,32.0,,,344.0,35.0,334.0,39.0,147.0,36.0,310.0,36.0,,,,,,,,0.26,0.03,0.29,1.54,0.0,0.37,1.1,0.98,3.18,29,1.0,55.0,0.0,0.0,0.0,0.0,0.0,0.0,0.0,0.0,0.0,0.0,1.0,0.0,117.0,2218.0,486.0,0.0,0.0,0.0,0.0,0.41999999999999993,0.0,0.10000000000000142,0.0,0.0,0.0,0.0,1.0,1.0
562,Ahmed,Abdullahi,Abdullahi,a,,,4.2,647,91.0,0.5,267,42.0,0.0,540.0,53.0,0,0,0.0,-3,3.0,212,407,0.0,0.0,0.0,0.0,0.0,643.0,65.0,,,634.0,65.0,628.0,64.0,603.0,64.0,636.0,65.0,,,,,,,,0.0,0.0,0.0,0.0,0.0,0.0,0.0,0.0,0.0,29,0.0,0.0,0.0,0.0,0.0,0.0,0.0,0.0,0.0,0.0,0.0,0.0,0.0,0.0,0.0,411.0,1226.0,0.0,0.0,0.0,0.0,0.0,0.0,0.0,0.0,0.0,0.0,0.0,0.0,0.0
563,Luís Hemir,Silva Semedo,Luís Hemir,u,has joined Moreirense on loan for the rest of the season.,,4.4,559,80.0,0.1,512,72.0,0.0,596.0,62.0,0,0,0.0,-1,1.0,0,5,0.0,0.0,0.0,0.0,0.0,680.0,72.0,0.0,0.0,672.0,72.0,667.0,71.0,647.0,71.0,674.0,72.0,,,,,,,,0.0,0.0,0.0,0.0,0.0,0.0,0.0,0.0,0.0,29,0.0,0.0,0.0,0.0,0.0,0.0,0.0,0.0,0.0,0.0,0.0,0.0,0.0,0.0,0.0,0.0,10.0,0.0,0.0,0.0,0.0,0.0,0.0,0.0,0.0,0.0,0.0,0.0,0.0,0.0
564,Nazarii,Rusyn,Rusyn,u,has joined Arka on loan for the rest of the season.,,4.4,539,77.0,0.1,514,73.0,0.0,583.0,59.0,0,0,0.0,-1,1.0,0,8,0.0,0.0,0.0,0.0,0.0,670.0,69.0,0.0,0.0,660.0,69.0,656.0,68.0,634.0,68.0,662.0,69.0,,,,,,,,0.0,0.0,0.0,0.0,0.0,0.0,0.0,0.0,0.0,29,0.0,0.0,0.0,0.0,0.0,0.0,0.0,0.0,0.0,0.0,0.0,0.0,0.0,0.0,0.0,0.0,19.0,0.0,0.0,0.0,0.0,0.0,0.0,0.0,0.0,0.0,0.0,0.0,0.0,0.0
668,Granit,Xhaka,Xhaka,a,,,5.1,222,137.0,3.4,101,33.0,0.8,299.0,136.0,1,0,0.0,1,-1.0,790,1844,0.2,18.4,0.8,0.8,3.8,87.0,40.0,100.0,100.0,55.0,14.0,39.0,36.0,275.0,150.0,74.0,47.0,1.0,1.0,,,,,,0.03,0.1,0.13,1.45,0.0,0.3,1.08,0.99,11.19,29,1.0,35.0,0.0,0.0,0.0,0.0,0.0,0.0,0.0,0.0,0.0,0.0,0.0,0.0,5.0,2836.0,5862.0,0.0,0.0,0.010000000000000231,0.009999999999999787,0.7299999999999969,7.600000000000023,11.299999999999955,4.0,2.299999999999997,0.0,3.0,4.0,7.0
670,Robin,Roefs,Roefs,d,Hamstring injury - 25% chance of playing,,4.9,337,13.0,10.8,31,6.0,1.2,255.0,21.0,0,0,0.0,4,-4.0,513,58001,0.2,22.4,0.3,1.2,3.9,73.0,6.0,25.0,,12.0,2.0,355.0,2.0,770.0,88.0,151.0,2.0,,,,,,,,0.0,0.0,0.0,1.46,3.04,0.29,1.21,1.0,0.0,29,0.0,0.0,0.0,0.0,0.0,0.0,0.0,0.0,0.0,0.0,0.0,0.0,0.0,0.0,0.0,6163.0,71418.0,0.0,0.0,0.0,0.0,0.0,0.0,0.0,0.0,0.0,0.0,0.0,0.0,0.0
678,Arthur,Masuaku,Masuaku,u,has joined RC Lens on loan for the rest of the season.,,3.9,747,214.0,0.5,259,97.0,0.0,421.0,161.0,0,0,0.0,-1,1.0,0,110,0.0,0.3,0.0,0.0,0.3,517.0,180.0,0.0,0.0,441.0,164.0,392.0,142.0,418.0,157.0,448.0,161.0,,,,,,,,0.05,0.06,0.11,1.5,0.0,0.0,1.44,1.44,7.2,29,0.0,0.0,0.0,0.0,0.0,0.0,0.0,0.0,0.0,0.0,0.0,0.0,0.0,0.0,0.0,0.0,260.0,0.0,0.0,0.0,0.0,0.0,0.0,0.0,0.0,0.0,0.0,0.0,0.0,0.0
683,Omar,Alderete,Alderete,a,,,4.1,651,156.0,6.5,58,20.0,3.0,106.0,39.0,7,0,0.0,1,-1.0,5944,1306,0.7,24.4,3.0,3.0,4.0,58.0,22.0,100.0,100.0,31.0,12.0,230.0,61.0,118.0,19.0,91.0,24.0,,,,,,,,0.05,0.03,0.08,1.47,0.0,0.33,1.2,0.99,10.48,29,7.0,90.0,0.0,0.0,1.0,0.0,0.0,0.0,0.0,1.0,0.0,0.0,1.0,0.0,22.0,18065.0,7568.0,0.0,0.0,0.0,0.0,1.1499999999999986,48.59999999999991,0.20000000000000284,2.0,5.1000000000000085,1.0,22.0,1.0,23.0
730,Brian,Brobbey,Brobbey,d,Groin Injury - 50% chance of playing,,5.4,171,41.0,0.7,213,33.0,0.8,303.0,37.0,0,0,0.0,-1,1.0,49,3886,0.1,11.5,0.4,0.0,2.8,222.0,21.0,50.0,0.0,235.0,20.0,267.0,26.0,94.0,27.0,214.0,26.0,,,,,,,,0.2,0.03,0.23,1.59,0.0,0.3,1.28,0.98,3.77,29,0.0,0.0,0.0,0.0,0.0,0.0,0.0,0.0,0.0,0.0,0.0,0.0,0.0,0.0,0.0,80.0,16156.0,0.0,0.0,0.0,0.0,0.0,0.0,0.0,0.0,0.0,0.0,0.0,0.0,0.0
735,Bertrand,Traoré,Traoré,d,Knee injury - 75% chance of playing,,5.5,136,84.0,0.0,637,251.0,0.4,354.0,162.0,1,0,0.0,0,0.0,12,40,0.1,5.5,0.3,0.4,2.5,274.0,117.0,75.0,100.0,345.0,153.0,250.0,155.0,202.0,113.0,304.0,149.0,,,,,,,,0.07,0.04,0.11,1.38,0.0,0.43,1.28,1.28,5.68,29,1.0,6.0,0.0,0.0,0.0,0.0,0.0,0.0,0.0,0.0,0.0,0.0,0.0,0.0,3.0,129.0,79.0,0.0,0.0,0.0,0.0,0.13000000000000078,0.0,0.20000000000000284,0.0,0.0,0.0,0.0,0.0,0.0
774,Jenson,Jones,Jenson Jones,a,,,4.0,675,168.0,0.0,689,240.0,0.0,465.0,179.0,0,0,0.0,0,0.0,16,19,0.0,0.0,0.0,0.0,0.0,585.0,215.0,,,575.0,215.0,566.0,215.0,537.0,211.0,577.0,215.0,,,,,,,,0.0,0.0,0.0,0.0,0.0,0.0,0.0,0.0,0.0,29,0.0,0.0,0.0,0.0,0.0,0.0,0.0,0.0,0.0,0.0,0.0,0.0,0.0,0.0,0.0,53.0,66.0,0.0,0.0,0.0,0.0,0.0,0.0,0.0,0.0,0.0,0.0,0.0,0.0,0.0
775,Tymur,Tutierov,Tutierov,u,has joined Exeter City on loan for the rest of the season.,,4.5,491,302.0,0.0,817,365.0,0.0,673.0,266.0,0,0,0.0,0,0.0,0,0,0.0,0.0,0.0,0.0,0.0,741.0,310.0,0.0,0.0,739.0,308.0,733.0,308.0,720.0,304.0,739.0,308.0,,,,,,,,0.0,0.0,0.0,0.0,0.0,0.0,0.0,0.0,0.0,29,0.0,0.0,0.0,0.0,0.0,0.0,0.0,0.0,0.0,0.0,0.0,0.0,0.0,0.0,0.0,0.0,1.0,0.0,0.0,0.0,0.0,0.0,0.0,0.0,0.0,0.0,0.0,0.0,0.0,0.0
800,Djiamgone Jocelin Ta,Bi,Jocelin.T,i,Ankle injury - Expected back 22 Mar,,5.0,284,177.0,0.0,815,363.0,0.2,375.0,170.0,0,0,0.0,0,0.0,2,1,0.0,0.2,0.0,0.0,1.0,497.0,229.0,0.0,0.0,481.0,219.0,444.0,214.0,456.0,224.0,484.0,222.0,1.0,,,,,,,0.0,0.09,0.09,0.57,0.0,0.0,0.0,2.37,7.11,29,0.0,0.0,0.0,0.0,0.0,0.0,0.0,0.0,0.0,0.0,0.0,0.0,0.0,0.0,0.0,6.0,7.0,0.0,0.0,0.0,0.0,0.0,0.0,0.0,0.0,0.0,0.0,0.0,0.0,0.0
812,Melker,Ellborg,Ellborg,a,,,4.0,703,61.0,0.0,675,81.0,2.0,174.0,15.0,10,0,0.0,0,0.0,1862,28,0.5,2.5,2.0,2.0,10.0,1.0,1.0,,,438.0,32.0,590.0,68.0,561.0,55.0,463.0,32.0,,,,,,,,0.0,0.0,0.0,1.15,4.0,1.0,0.0,1.0,0.0,29,10.0,90.0,0.0,0.0,1.0,0.0,0.0,0.0,0.0,0.0,0.0,4.0,1.0,3.0,32.0,1946.0,61.0,0.0,0.0,0.0,0.0,1.15,25.6,0.0,0.0,2.6,0.0,2.0,11.0,0.0
813,Nilson,Angulo,Angulo,a,,,5.0,276,171.0,0.0,770,330.0,1.8,198.0,84.0,3,0,0.0,0,0.0,34,9,0.4,1.8,1.8,1.8,1.8,375.0,161.0,,,425.0,187.0,379.0,193.0,305.0,165.0,407.0,184.0,,,,,,,,0.17,0.03,0.2,2.0,0.0,0.35,1.42,1.06,8.15,29,3.0,87.0,0.0,0.0,1.0,0.0,0.0,0.0,0.0,0.0,0.0,0.0,1.0,0.0,10.0,46.0,71.0,0.0,0.0,0.009999999999999995,0.009999999999999898,0.7300000000000004,11.200000000000003,0.5,0.0,1.1999999999999993,3.0,4.0,3.0,10.0
565,Guglielmo,Vicario,Vicario,a,,,4.7,381,16.0,5.7,66,10.0,1.2,253.0,20.0,0,0,0.0,-3,3.0,299,2544,0.3,17.9,0.7,1.2,3.0,188.0,20.0,,,29.0,8.0,489.0,15.0,743.0,81.0,197.0,9.0,,,,,,,,0.0,0.0,0.0,1.47,2.68,0.25,1.54,1.0,0.0,29,0.0,0.0,0.0,0.0,0.0,0.0,0.0,0.0,0.0,0.0,0.0,0.0,0.0,0.0,0.0,1026.0,6832.0,0.0,0.0,0.0,0.0,0.0,0.0,0.0,0.0,0.0,0.0,0.0,0.0,0.0
566,Brandon,Austin,Austin,a,,,3.9,754,78.0,0.3,323,45.0,0.0,427.0,39.0,0,0,0.0,-1,1.0,29,53,0.0,0.0,-0.5,0.0,0.0,550.0,48.0,,,540.0,48.0,527.0,31.0,497.0,18.0,542.0,48.0,,,,,,,,0.0,0.0,0.0,0.0,0.0,0.0,0.0,0.0,0.0,29,0.0,0.0,0.0,0.0,0.0,0.0,0.0,0.0,0.0,0.0,0.0,0.0,0.0,0.0,0.0,72.0,121.0,0.0,0.0,0.0,0.0,0.0,0.0,0.0,0.0,0.0,0.0,0.0,0.0,0.0
568,Pedro,Porro Sauceda,Pedro Porro,a,,,5.1,235,33.0,9.3,40,14.0,0.0,763.0,259.0,0,0,0.0,-4,4.0,675,1664,0.0,15.5,-0.5,0.0,3.3,146.0,56.0,100.0,100.0,93.0,42.0,23.0,1.0,254.0,72.0,73.0,13.0,2.0,2.0,,,,,,0.03,0.14,0.17,1.3,0.0,0.33,1.23,1.04,6.79,29,0.0,0.0,0.0,0.0,0.0,0.0,0.0,0.0,0.0,0.0,0.0,0.0,0.0,0.0,0.0,2357.0,4280.0,0.0,0.0,0.0,0.0,0.0,0.0,0.0,0.0,0.0,0.0,0.0,0.0,0.0
569,Cristian,Romero,Romero,a,,,5.0,253,38.0,3.1,106,41.0,-0.6,820.0,266.0,0,0,0.0,0,0.0,315,1289,-0.1,17.8,-1.1,0.0,4.2,49.0,20.0,100.0,0.0,54.0,25.0,244.0,68.0,124.0,22.0,117.0,36.0,,,,,,,,0.07,0.06,0.13,1.36,0.0,0.26,1.53,1.05,9.58,29,0.0,0.0,0.0,0.0,0.0,0.0,0.0,0.0,0.0,0.0,0.0,0.0,0.0,0.0,0.0,337.0,4953.0,0.0,0.0,0.0,0.0,0.0,0.0,0.0,0.0,0.0,0.0,0.0,0.0,0.0
570,Kevin,Danso,Danso,a,,,4.2,627,141.0,0.1,439,163.0,0.2,364.0,131.0,0,0,0.0,-3,3.0,47,27,0.0,6.7,-0.3,0.2,2.0,326.0,120.0,100.0,100.0,269.0,109.0,429.0,154.0,413.0,153.0,365.0,126.0,,,,,,,,0.0,0.02,0.02,1.46,0.0,0.27,1.64,1.09,12.7,29,0.0,0.0,0.0,0.0,0.0,0.0,0.0,0.0,0.0,0.0,0.0,0.0,0.0,0.0,0.0,122.0,59.0,0.0,0.0,0.0,0.0,0.0,0.0,0.0,0.0,0.0,0.0,0.0,0.0,0.0
571,Ben,Davies,Davies,i,Ankle injury - Unknown return date,,4.3,578,125.0,0.1,540,194.0,0.0,546.0,230.0,0,0,0.0,-2,2.0,1,17,0.0,2.3,0.0,0.0,3.3,142.0,53.0,0.0,0.0,392.0,149.0,389.0,139.0,322.0,103.0,393.0,142.0,,,,,,,,0.32,0.05,0.37,0.73,0.0,0.0,1.99,1.32,9.26,29,0.0,0.0,0.0,0.0,0.0,0.0,0.0,0.0,0.0,0.0,0.0,0.0,0.0,0.0,0.0,1.0,34.0,0.0,0.0,0.0,0.0,0.0,0.0,0.0,0.0,0.0,0.0,0.0,0.0,0.0
572,Radu,Drăgușin,Dragusin,a,,,4.5,448,90.0,0.0,671,236.0,1.6,209.0,79.0,0,0,0.0,0,0.0,26,35,0.4,2.4,1.1,1.6,1.6,394.0,147.0,100.0,100.0,360.0,136.0,450.0,163.0,364.0,122.0,403.0,146.0,,,,,,,,0.07,0.0,0.07,2.18,0.0,0.0,2.55,0.85,12.13,29,0.0,0.0,0.0,0.0,0.0,0.0,0.0,0.0,0.0,0.0,0.0,0.0,0.0,0.0,0.0,115.0,98.0,0.0,0.0,0.0,0.0,0.0,0.0,0.0,0.0,0.0,0.0,0.0,0.0,0.0
573,Djed,Spence,Spence,d,Calf injury - 75% chance of playing,,4.2,633,145.0,0.9,197,77.0,0.0,531.0,221.0,0,0,0.0,-3,3.0,25,764,0.0,13.1,-0.4,0.0,2.5,265.0,103.0,75.0,75.0,237.0,93.0,173.0,42.0,183.0,42.0,219.0,73.0,,,,,,,,0.04,0.09,0.13,1.5,0.0,0.37,1.44,1.01,4.75,29,0.0,0.0,0.0,0.0,0.0,0.0,0.0,0.0,0.0,0.0,0.0,0.0,0.0,0.0,0.0,64.0,2483.0,0.0,0.0,0.0,0.0,0.0,0.0,0.0,0.0,0.0,0.0,0.0,0.0,0.0
574,Destiny,Udogie,Udogie,d,Hamstring injury - 50% chance of playing,,4.3,594,136.0,0.3,320,118.0,0.0,551.0,231.0,0,0,0.0,-2,2.0,6,63,0.0,3.5,-0.2,0.0,1.2,438.0,158.0,50.0,0.0,312.0,119.0,228.0,60.0,271.0,76.0,312.0,106.0,,,,,,,,0.02,0.06,0.08,1.58,0.0,0.0,1.93,0.91,4.53,29,0.0,0.0,0.0,0.0,0.0,0.0,0.0,0.0,0.0,0.0,0.0,0.0,0.0,0.0,0.0,13.0,163.0,0.0,0.0,0.0,0.0,0.0,0.0,0.0,0.0,0.0,0.0,0.0,0.0,0.0
575,Micky,van de Ven,Van de Ven,a,,,4.4,547,119.0,22.0,17,5.0,0.8,289.0,105.0,0,-1,1.0,-1,1.0,1866,17920,0.2,22.7,0.3,0.8,3.8,81.0,29.0,100.0,100.0,41.0,16.0,298.0,94.0,126.0,23.0,115.0,35.0,,,,,,,,0.11,0.01,0.12,1.43,0.0,0.27,1.51,1.0,6.72,29,0.0,0.0,0.0,0.0,0.0,0.0,0.0,0.0,0.0,0.0,0.0,0.0,0.0,0.0,0.0,7558.0,55782.0,0.0,0.0,0.0,0.0,0.0,0.0,0.0,0.0,0.0,0.0,0.0,0.0,0.0
576,Ashley,Phillips,Phillips,u,Has joined Stoke City on loan for the rest of the season.,,4.0,711,188.0,0.0,734,254.0,0.0,497.0,196.0,0,0,0.0,0,0.0,0,3,0.0,0.0,0.0,0.0,0.0,613.0,228.0,0.0,0.0,603.0,228.0,595.0,228.0,567.0,225.0,605.0,228.0,,,,,,,,0.0,0.0,0.0,0.0,0.0,0.0,0.0,0.0,0.0,29,0.0,0.0,0.0,0.0,0.0,0.0,0.0,0.0,0.0,0.0,0.0,0.0,0.0,0.0,0.0,0.0,3.0,0.0,0.0,0.0,0.0,0.0,0.0,0.0,0.0,0.0,0.0,0.0,0.0,0.0
579,Son,Heung-min,Son,u,has joined Los Angeles FC permanently.,,8.5,10,6.0,0.1,444,151.0,0.0,818.0,368.0,0,0,0.0,0,0.0,0,8,0.0,0.0,0.0,0.0,0.0,820.0,368.0,0.0,0.0,820.0,368.0,820.0,368.0,820.0,368.0,820.0,368.0,,,,,,,,0.0,0.0,0.0,0.0,0.0,0.0,0.0,0.0,0.0,29,0.0,0.0,0.0,0.0,0.0,0.0,0.0,0.0,0.0,0.0,0.0,0.0,0.0,0.0,0.0,0.0,14.0,0.0,0.0,0.0,0.0,0.0,0.0,0.0,0.0,0.0,0.0,0.0,0.0,0.0
581,James,Maddison,Maddison,i,Anterior cruciate ligament - Unknown return date,,6.8,42,26.0,0.1,443,150.0,0.0,812.0,364.0,0,0,0.0,-2,2.0,14,11,0.0,0.0,0.0,0.0,0.0,817.0,365.0,0.0,0.0,817.0,365.0,817.0,365.0,817.0,365.0,817.0,365.0,,,,,,,,0.0,0.0,0.0,0.0,0.0,0.0,0.0,0.0,0.0,29,0.0,0.0,0.0,0.0,0.0,0.0,0.0,0.0,0.0,0.0,0.0,0.0,0.0,0.0,0.0,25.0,24.0,0.0,0.0,0.0,0.0,0.0,0.0,0.0,0.0,0.0,0.0,0.0,0.0,0.0
582,Mohammed,Kudus,Kudus,i,Thigh injury - Expected back 11 Apr,,6.4,59,38.0,9.5,36,12.0,0.0,809.0,363.0,0,0,0.0,-1,1.0,8,2148,0.0,11.7,0.0,0.0,3.9,78.0,37.0,0.0,0.0,162.0,60.0,44.0,40.0,79.0,48.0,77.0,49.0,3.0,4.0,3.0,,,,,0.11,0.14,0.25,1.33,0.0,0.41,1.17,1.11,7.8,29,0.0,0.0,0.0,0.0,0.0,0.0,0.0,0.0,0.0,0.0,0.0,0.0,0.0,0.0,0.0,15.0,3906.0,0.0,0.0,0.0,0.0,0.0,0.0,0.0,0.0,0.0,0.0,0.0,0.0,0.0
583,Dejan,Kulusevski,Kulusevski,i,Knee injury - Unknown return date,,6.4,58,37.0,0.0,723,300.0,0.0,808.0,362.0,0,0,0.0,-1,1.0,4,5,0.0,0.0,0.0,0.0,0.0,814.0,364.0,0.0,0.0,814.0,364.0,814.0,364.0,814.0,364.0,814.0,364.0,,,,,,,,0.0,0.0,0.0,0.0,0.0,0.0,0.0,0.0,0.0,29,0.0,0.0,0.0,0.0,0.0,0.0,0.0,0.0,0.0,0.0,0.0,0.0,0.0,0.0,0.0,8.0,12.0,0.0,0.0,0.0,0.0,0.0,0.0,0.0,0.0,0.0,0.0,0.0,0.0,0.0
587,Yves,Bissouma,Bissouma,a,,,5.2,210,129.0,0.0,581,216.0,1.4,238.0,101.0,0,0,0.0,-3,3.0,31,26,0.3,2.5,0.9,1.4,1.9,354.0,151.0,100.0,100.0,389.0,172.0,398.0,198.0,373.0,190.0,411.0,187.0,,,,,,,,0.08,0.02,0.1,2.25,0.0,0.0,2.83,1.09,13.29,29,0.0,0.0,0.0,0.0,0.0,0.0,0.0,0.0,0.0,0.0,0.0,0.0,0.0,0.0,0.0,68.0,75.0,0.0,0.0,0.0,0.0,0.0,0.0,0.0,0.0,0.0,0.0,0.0,0.0,0.0
588,Wilson,Odobert,Odobert,i,Knee injury - Unknown return date,,5.3,203,126.0,0.0,595,224.0,0.4,353.0,161.0,0,0,0.0,-2,2.0,5,65,0.1,8.7,0.0,0.0,1.9,355.0,152.0,0.0,0.0,299.0,135.0,108.0,78.0,105.0,65.0,179.0,93.0,,,,,,,,0.18,0.11,0.29,1.32,0.0,0.19,1.2,0.93,7.13,29,0.0,0.0,0.0,0.0,0.0,0.0,0.0,0.0,0.0,0.0,0.0,0.0,0.0,0.0,0.0,5.0,270.0,0.0,0.0,0.0,0.0,0.0,0.0,0.0,0.0,0.0,0.0,0.0,0.0,0.0
589,Manor,Solomon,Solomon,u,has joined Fiorentina on loan for the rest of the season.,,5.4,167,104.0,0.0,762,325.0,0.0,783.0,343.0,0,0,0.0,-1,1.0,0,0,0.0,0.0,0.0,0.0,0.0,801.0,354.0,0.0,0.0,800.0,353.0,799.0,353.0,797.0,352.0,800.0,353.0,,,,,,,,0.0,0.0,0.0,0.0,0.0,0.0,0.0,0.0,0.0,29,0.0,0.0,0.0,0.0,0.0,0.0,0.0,0.0,0.0,0.0,0.0,0.0,0.0,0.0,0.0,0.0,0.0,0.0,0.0,0.0,0.0,0.0,0.0,0.0,0.0,0.0,0.0,0.0,0.0,0.0
590,Bryan,Gil Salvatierra,Bryan,u,has joined Girona permanently.,,4.9,325,201.0,0.0,658,264.0,0.0,730.0,308.0,0,0,0.0,-1,1.0,0,1,0.0,0.0,0.0,0.0,0.0,774.0,335.0,0.0,0.0,773.0,334.0,769.0,334.0,764.0,332.0,773.0,334.0,,,,,,,,0.0,0.0,0.0,0.0,0.0,0.0,0.0,0.0,0.0,29,0.0,0.0,0.0,0.0,0.0,0.0,0.0,0.0,0.0,0.0,0.0,0.0,0.0,0.0,0.0,0.0,1.0,0.0,0.0,0.0,0.0,0.0,0.0,0.0,0.0,0.0,0.0,0.0,0.0,0.0
591,Archie,Gray,Gray,a,,,4.8,372,233.0,0.1,416,142.0,3.6,79.0,34.0,0,0,0.0,-2,2.0,159,101,0.8,10.0,3.1,3.6,2.7,232.0,97.0,100.0,100.0,262.0,108.0,268.0,162.0,217.0,121.0,282.0,141.0,,,,,,,,0.1,0.06,0.16,1.52,0.0,0.41,1.63,1.14,8.21,29,0.0,0.0,0.0,0.0,0.0,0.0,0.0,0.0,0.0,0.0,0.0,0.0,0.0,0.0,0.0,627.0,292.0,0.0,0.0,0.0,0.0,0.0,0.0,0.0,0.0,0.0,0.0,0.0,0.0,0.0
592,Mikey,Moore,Moore,u,Has joined Rangers on loan for the rest of the season.,,5.0,272,167.0,0.0,793,348.0,0.0,753.0,324.0,0,0,0.0,0,0.0,0,0,0.0,0.0,0.0,0.0,0.0,791.0,348.0,0.0,0.0,790.0,347.0,788.0,347.0,784.0,345.0,790.0,347.0,,,,,,,,0.0,0.0,0.0,0.0,0.0,0.0,0.0,0.0,0.0,29,0.0,0.0,0.0,0.0,0.0,0.0,0.0,0.0,0.0,0.0,0.0,0.0,0.0,0.0,0.0,0.0,0.0,0.0,0.0,0.0,0.0,0.0,0.0,0.0,0.0,0.0,0.0,0.0,0.0,0.0
593,Pape Matar,Sarr,P.M.Sarr,a,,,4.5,442,265.0,1.1,180,62.0,3.0,110.0,46.0,0,0,0.0,-5,5.0,1475,838,0.7,12.9,2.5,3.0,3.1,172.0,73.0,100.0,100.0,208.0,87.0,251.0,156.0,214.0,119.0,246.0,125.0,,,,,,,,0.11,0.08,0.19,1.8,0.0,0.26,1.29,0.86,12.26,29,0.0,0.0,0.0,0.0,0.0,0.0,0.0,0.0,0.0,0.0,0.0,0.0,0.0,0.0,0.0,4971.0,2973.0,0.0,0.0,0.0,0.0,0.0,0.0,0.0,0.0,0.0,0.0,0.0,0.0,0.0
594,Yang,Min-hyeok,Min-hyeok,u,has joined Coventry City on loan for the rest of the season.,,4.5,502,311.0,0.0,735,308.0,0.0,682.0,274.0,0,0,0.0,0,0.0,0,0,0.0,0.0,0.0,0.0,0.0,749.0,317.0,0.0,0.0,748.0,316.0,742.0,316.0,729.0,312.0,748.0,316.0,,,,,,,,0.0,0.0,0.0,0.0,0.0,0.0,0.0,0.0,0.0,29,0.0,0.0,0.0,0.0,0.0,0.0,0.0,0.0,0.0,0.0,0.0,0.0,0.0,0.0,0.0,0.0,0.0,0.0,0.0,0.0,0.0,0.0,0.0,0.0,0.0,0.0,0.0,0.0,0.0,0.0
596,Dominic,Solanke-Mitchell,Solanke,a,,,7.2,30,13.0,1.2,176,27.0,1.4,243.0,30.0,0,0,0.0,-3,3.0,301,1411,0.2,3.3,0.9,1.4,2.7,244.0,26.0,100.0,100.0,335.0,32.0,337.0,41.0,179.0,40.0,322.0,38.0,,,2.0,,,,,0.21,0.03,0.24,1.86,0.0,0.0,1.89,0.86,6.34,29,0.0,0.0,0.0,0.0,0.0,0.0,0.0,0.0,0.0,0.0,0.0,0.0,0.0,0.0,0.0,1577.0,4212.0,0.0,0.0,0.0,0.0,0.0,0.0,0.0,0.0,0.0,0.0,0.0,0.0,0.0
597,Richarlison,de Andrade,Richarlison,a,,,6.3,65,21.0,5.4,68,14.0,1.2,264.0,31.0,0,0,0.0,-2,2.0,827,824,0.2,12.9,0.7,1.2,3.5,126.0,11.0,100.0,100.0,107.0,8.0,185.0,16.0,24.0,13.0,65.0,13.0,,,5.0,,,,,0.36,0.08,0.44,1.29,0.0,0.34,1.35,0.88,6.83,29,0.0,0.0,0.0,0.0,0.0,0.0,0.0,0.0,0.0,0.0,0.0,0.0,0.0,0.0,0.0,3130.0,1643.0,0.0,0.0,0.0,0.0,0.0,0.0,0.0,0.0,0.0,0.0,0.0,0.0,0.0
598,Will,Lankshear,Lankshear,u,has joined Oxford United on loan for the rest of the season.,,4.5,466,66.0,0.0,672,86.0,0.0,650.0,66.0,0,0,0.0,0,0.0,0,2,0.0,0.0,0.0,0.0,0.0,723.0,76.0,0.0,0.0,719.0,76.0,714.0,75.0,699.0,75.0,720.0,76.0,,,,,,,,0.0,0.0,0.0,0.0,0.0,0.0,0.0,0.0,0.0,29,0.0,0.0,0.0,0.0,0.0,0.0,0.0,0.0,0.0,0.0,0.0,0.0,0.0,0.0,0.0,0.0,5.0,0.0,0.0,0.0,0.0,0.0,0.0,0.0,0.0,0.0,0.0,0.0,0.0,0.0
599,Dane,Scarlett,Scarlett,u,has joined Hibernian on loan for the rest of the season.,,4.3,596,84.0,0.6,247,37.0,0.0,553.0,54.0,0,0,0.0,-2,2.0,0,172,0.0,0.5,0.0,0.0,1.0,463.0,57.0,0.0,0.0,498.0,60.0,445.0,59.0,445.0,60.0,487.0,60.0,,,,,,,,0.0,0.13,0.13,0.39,0.0,0.0,0.0,0.0,12.86,29,0.0,0.0,0.0,0.0,0.0,0.0,0.0,0.0,0.0,0.0,0.0,0.0,0.0,0.0,0.0,0.0,444.0,0.0,0.0,0.0,0.0,0.0,0.0,0.0,0.0,0.0,0.0,0.0,0.0,0.0
673,João Maria,Lobo Alves Palhares Costa Palhinha Gonçalves,J.Palhinha,a,,,5.5,137,85.0,0.8,206,73.0,1.6,217.0,91.0,0,0,0.0,0,0.0,120,376,0.3,16.4,1.1,1.6,3.6,111.0,51.0,100.0,100.0,76.0,22.0,260.0,160.0,168.0,92.0,148.0,79.0,,,,,,,,0.07,0.03,0.1,1.46,0.0,0.21,1.55,0.96,12.4,29,0.0,0.0,0.0,0.0,0.0,0.0,0.0,0.0,0.0,0.0,0.0,0.0,0.0,0.0,0.0,373.0,1112.0,0.0,0.0,0.0,0.0,0.0,0.0,0.0,0.0,0.0,0.0,0.0,0.0,0.0
717,Xavi,Simons,Xavi,a,,,6.5,53,34.0,1.1,181,63.0,1.2,265.0,117.0,0,0,0.0,-5,5.0,343,1064,0.2,9.5,0.7,1.2,2.8,226.0,96.0,100.0,100.0,211.0,90.0,38.0,35.0,130.0,76.0,99.0,59.0,1.0,3.0,4.0,,,,,0.13,0.2,0.33,1.64,0.0,0.18,1.96,1.01,7.83,29,0.0,0.0,0.0,0.0,0.0,0.0,0.0,0.0,0.0,0.0,0.0,0.0,0.0,0.0,0.0,1487.0,3223.0,0.0,0.0,0.0,0.0,0.0,0.0,0.0,0.0,0.0,0.0,0.0,0.0,0.0
726,Randal,Kolo Muani,Kolo Muani,a,,,6.9,38,15.0,0.4,285,46.0,2.0,187.0,25.0,0,0,0.0,-1,1.0,323,392,0.3,5.2,1.5,2.0,1.8,381.0,46.0,100.0,100.0,340.0,33.0,170.0,14.0,131.0,32.0,252.0,29.0,,,,,,,,0.13,0.09,0.22,1.5,0.0,0.24,1.89,1.1,6.06,29,0.0,0.0,0.0,0.0,0.0,0.0,0.0,0.0,0.0,0.0,0.0,0.0,0.0,0.0,0.0,956.0,1076.0,0.0,0.0,0.0,0.0,0.0,0.0,0.0,0.0,0.0,0.0,0.0,0.0,0.0
745,Jun'ai,Byfield,Byfield,a,,,4.0,734,209.0,0.0,626,223.0,0.0,517.0,214.0,0,0,0.0,0,0.0,13,20,0.0,0.2,-0.5,0.0,1.0,459.0,169.0,,,502.0,178.0,473.0,174.0,586.0,242.0,506.0,179.0,,,,,,,,0.0,0.0,0.0,0.0,0.0,0.0,0.0,0.0,0.0,29,0.0,0.0,0.0,0.0,0.0,0.0,0.0,0.0,0.0,0.0,0.0,0.0,0.0,0.0,0.0,25.0,28.0,0.0,0.0,0.0,0.0,0.0,0.0,0.0,0.0,0.0,0.0,0.0,0.0,0.0
750,James,Rowswell,Rowswell,a,,,4.0,698,180.0,0.0,644,228.0,0.0,487.0,190.0,0,0,0.0,0,0.0,20,21,0.0,0.0,-0.5,0.0,0.0,604.0,223.0,,,594.0,223.0,585.0,223.0,556.0,219.0,596.0,223.0,,,,,,,,0.0,0.0,0.0,0.0,0.0,0.0,0.0,0.0,0.0,29,0.0,0.0,0.0,0.0,0.0,0.0,0.0,0.0,0.0,0.0,0.0,0.0,0.0,0.0,0.0,34.0,38.0,0.0,0.0,0.0,0.0,0.0,0.0,0.0,0.0,0.0,0.0,0.0,0.0,0.0
751,Yusuf,Akhamrich,Akhamrich,u,has joined Bristol Rovers on loan for the rest of the season.,,4.5,485,298.0,0.0,777,337.0,0.0,668.0,263.0,0,0,0.0,0,0.0,0,3,0.0,0.0,0.0,0.0,0.0,736.0,307.0,0.0,0.0,734.0,305.0,728.0,305.0,715.0,301.0,734.0,305.0,,,,,,,,0.0,0.0,0.0,0.0,0.0,0.0,0.0,0.0,0.0,29,0.0,0.0,0.0,0.0,0.0,0.0,0.0,0.0,0.0,0.0,0.0,0.0,0.0,0.0,0.0,0.0,5.0,0.0,0.0,0.0,0.0,0.0,0.0,0.0,0.0,0.0,0.0,0.0,0.0,0.0
790,Lucá,Williams-Barnett,Williams-Barnett,a,,,4.5,498,308.0,0.0,771,331.0,0.0,678.0,271.0,0,0,0.0,0,0.0,7,8,0.0,0.0,-0.5,0.0,0.0,745.0,314.0,,,744.0,313.0,738.0,313.0,725.0,309.0,744.0,313.0,,,,,,,,0.0,0.0,0.0,0.0,0.0,0.0,0.0,0.0,0.0,29,0.0,0.0,0.0,0.0,0.0,0.0,0.0,0.0,0.0,0.0,0.0,0.0,0.0,0.0,0.0,21.0,27.0,0.0,0.0,0.0,0.0,0.0,0.0,0.0,0.0,0.0,0.0,0.0,0.0,0.0
796,Conor,Gallagher,Gallagher,a,,,5.3,192,120.0,0.1,437,148.0,1.4,240.0,103.0,0,0,0.0,-2,2.0,68,372,0.3,3.4,0.9,1.4,2.6,257.0,109.0,,,372.0,165.0,253.0,157.0,265.0,145.0,344.0,165.0,,,,,,,,0.1,0.08,0.18,2.19,0.0,0.0,2.38,1.19,9.51,29,0.0,0.0,0.0,0.0,0.0,0.0,0.0,0.0,0.0,0.0,0.0,0.0,0.0,0.0,0.0,202.0,1233.0,0.0,0.0,0.0,0.0,0.0,0.0,0.0,0.0,0.0,0.0,0.0,0.0,0.0
804,João Victor,de Souza Menezes,Souza,a,,,4.0,731,206.0,0.0,696,242.0,0.4,338.0,117.0,0,0,0.0,0,0.0,30,25,0.1,0.5,-0.1,0.4,1.0,458.0,168.0,,,467.0,169.0,390.0,140.0,430.0,160.0,458.0,165.0,,,,,,,,0.0,0.06,0.06,2.32,0.0,0.0,2.0,0.0,4.0,29,0.0,0.0,0.0,0.0,0.0,0.0,0.0,0.0,0.0,0.0,0.0,0.0,0.0,0.0,0.0,76.0,67.0,0.0,0.0,0.0,0.0,0.0,0.0,0.0,0.0,0.0,0.0,0.0,0.0,0.0
811,Rio,Kyerematen,Kyerematen,a,,,4.5,460,279.0,0.0,799,353.0,0.0,645.0,244.0,0,0,0.0,0,0.0,10,7,0.0,0.0,-0.5,0.0,0.0,719.0,294.0,,,714.0,289.0,710.0,291.0,694.0,284.0,715.0,290.0,,,,,,,,0.0,0.0,0.0,0.0,0.0,0.0,0.0,0.0,0.0,29,0.0,0.0,0.0,0.0,0.0,0.0,0.0,0.0,0.0,0.0,0.0,0.0,0.0,0.0,0.0,21.0,22.0,0.0,0.0,0.0,0.0,0.0,0.0,0.0,0.0,0.0,0.0,0.0,0.0,0.0
818,James,Wilson,Wilson,a,,,4.5,499,71.0,0.0,722,89.0,0.0,679.0,71.0,0,0,0.0,0,0.0,150,52,0.0,0.0,-0.5,0.0,0.0,746.0,81.0,,,745.0,81.0,739.0,80.0,726.0,80.0,745.0,81.0,,,,,,,,0.0,0.0,0.0,0.0,0.0,0.0,0.0,0.0,0.0,29,0.0,0.0,0.0,0.0,0.0,0.0,0.0,0.0,0.0,0.0,0.0,0.0,0.0,0.0,0.0,347.0,132.0,0.0,0.0,0.0,0.0,0.0,0.0,0.0,0.0,0.0,0.0,0.0,0.0,0.0
326,Adama,Traoré Diarra,Adama,a,,,5.1,226,139.0,0.2,409,138.0,0.8,300.0,137.0,1,0,0.0,-4,4.0,58,112,0.2,4.1,0.3,0.8,1.1,446.0,200.0,,,443.0,194.0,319.0,178.0,306.0,166.0,391.0,181.0,,,,,,,,0.11,0.17,0.28,2.05,0.0,0.0,3.12,0.31,4.38,29,1.0,2.0,0.0,0.0,0.0,0.0,0.0,0.0,0.0,0.0,0.0,0.0,0.0,0.0,0.0,113.0,261.0,0.0,0.0,0.0,0.0,0.05999999999999961,0.0,0.0,0.0,0.0,0.0,0.0,0.0,0.0
600,Alphonse,Areola,Areola,a,,,4.3,574,27.0,2.1,136,18.0,0.0,543.0,84.0,0,0,0.0,-2,2.0,253,1059,0.0,11.9,-0.5,0.0,2.5,267.0,25.0,,,46.0,12.0,421.0,7.0,605.0,68.0,215.0,12.0,,,,,,,,0.0,0.0,0.0,1.76,3.85,0.0,1.85,1.0,0.0,29,0.0,0.0,0.0,0.0,0.0,0.0,0.0,0.0,0.0,0.0,0.0,0.0,0.0,0.0,0.0,602.0,3491.0,0.0,0.0,0.0,0.0,0.0,0.0,0.0,0.0,0.0,0.0,0.0,0.0,0.0
603,El Hadji Malick,Diouf,Diouf,a,,,4.0,729,204.0,2.1,134,52.0,6.6,8.0,3.0,6,0,0.0,-5,5.0,5447,768,1.6,19.8,6.1,6.6,3.4,128.0,46.0,100.0,100.0,111.0,49.0,128.0,33.0,269.0,75.0,146.0,49.0,,,,,,,,0.02,0.08,0.1,1.44,0.0,0.28,1.74,0.99,7.39,29,6.0,90.0,0.0,0.0,1.0,0.0,0.0,0.0,0.0,0.0,0.0,0.0,1.0,0.0,20.0,21890.0,3420.0,0.0,0.0,0.010000000000000009,0.010000000000000231,1.0100000000000016,10.799999999999955,1.0999999999999943,4.0,1.6000000000000085,0.0,4.0,4.0,4.0
604,Emerson,Palmieri dos Santos,Emerson,u,has joined Marseille permanently.,,4.4,522,101.0,0.1,580,208.0,0.0,574.0,232.0,0,0,0.0,-1,1.0,0,4,0.0,0.0,0.0,0.0,0.0,665.0,251.0,0.0,0.0,655.0,251.0,651.0,251.0,629.0,250.0,657.0,251.0,,,,,,,,0.0,0.0,0.0,0.0,0.0,0.0,0.0,0.0,0.0,29,0.0,0.0,0.0,0.0,0.0,0.0,0.0,0.0,0.0,0.0,0.0,0.0,0.0,0.0,0.0,0.0,6.0,0.0,0.0,0.0,0.0,0.0,0.0,0.0,0.0,0.0,0.0,0.0,0.0,0.0
605,Maximilian,Kilman,Kilman,a,,,4.1,652,157.0,0.1,420,154.0,0.0,522.0,218.0,0,0,0.0,-4,4.0,13,46,0.0,8.8,-0.5,0.0,1.7,382.0,141.0,,,124.0,54.0,330.0,113.0,310.0,93.0,247.0,80.0,,,,,,,,0.03,0.01,0.04,1.92,0.0,0.06,2.14,0.98,9.24,29,0.0,0.0,0.0,0.0,0.0,0.0,0.0,0.0,0.0,0.0,0.0,0.0,0.0,0.0,0.0,42.0,216.0,0.0,0.0,0.0,0.0,0.0,0.0,0.0,0.0,0.0,0.0,0.0,0.0,0.0
606,Konstantinos,Mavropanos,Mavropanos,a,,,4.4,534,112.0,0.1,517,184.0,3.8,64.0,21.0,1,0,0.0,-1,1.0,30,74,0.9,14.1,3.3,3.8,2.8,211.0,81.0,100.0,100.0,95.0,44.0,384.0,138.0,181.0,41.0,203.0,67.0,,,,,,,,0.07,0.02,0.09,1.45,0.0,0.16,1.72,0.94,10.61,29,1.0,1.0,0.0,0.0,0.0,0.0,0.0,0.0,0.0,0.0,0.0,0.0,0.0,0.0,3.0,223.0,669.0,0.0,0.0,0.0,0.0,0.0,2.0,0.0,0.0,0.20000000000000284,0.0,1.0,0.0,1.0
607,Nayef,Aguerd,N.Aguerd,u,has joined Marseille permanently.,,4.4,527,106.0,0.0,608,216.0,0.0,577.0,235.0,0,0,0.0,-1,1.0,0,3,0.0,0.7,0.0,0.0,1.5,407.0,148.0,0.0,0.0,420.0,158.0,447.0,161.0,414.0,154.0,446.0,160.0,,,,,,,,0.05,0.02,0.07,1.71,0.0,0.0,4.0,1.0,7.5,29,0.0,0.0,0.0,0.0,0.0,0.0,0.0,0.0,0.0,0.0,0.0,0.0,0.0,0.0,0.0,0.0,3.0,0.0,0.0,0.0,0.0,0.0,0.0,0.0,0.0,0.0,0.0,0.0,0.0,0.0
608,Ollie,Scarles,Scarles,a,,,4.3,606,139.0,0.0,618,219.0,0.4,341.0,120.0,0,0,0.0,-2,2.0,4,16,0.1,4.9,-0.1,0.4,1.8,364.0,138.0,100.0,100.0,319.0,124.0,303.0,99.0,375.0,130.0,357.0,120.0,5.0,,,,,,,0.02,0.04,0.06,1.83,0.0,0.0,2.2,1.24,9.91,29,0.0,0.0,0.0,0.0,0.0,0.0,0.0,0.0,0.0,0.0,0.0,0.0,0.0,0.0,0.0,13.0,62.0,0.0,0.0,0.0,0.0,0.0,0.0,0.0,0.0,0.0,0.0,0.0,0.0,0.0
609,Jean-Clair,Todibo,Todibo,a,,,4.3,589,133.0,0.1,485,173.0,1.8,192.0,71.0,9,0,0.0,-2,2.0,51,27,0.4,9.3,1.3,1.8,2.1,319.0,117.0,100.0,100.0,152.0,67.0,318.0,107.0,370.0,127.0,273.0,90.0,,,,,,,,0.01,0.02,0.03,1.66,0.0,0.06,1.84,1.06,8.27,29,9.0,90.0,0.0,0.0,1.0,0.0,0.0,0.0,0.0,0.0,0.0,0.0,1.0,1.0,32.0,75.0,83.0,0.0,0.0,0.0,0.0,1.0100000000000016,18.600000000000023,0.20000000000000284,2.0,2.1000000000000014,1.0,9.0,4.0,10.0
610,Aaron,Wan-Bissaka,Wan-Bissaka,a,,,4.1,653,158.0,4.6,77,25.0,4.6,37.0,11.0,7,0,0.0,-4,4.0,1168,1284,1.1,14.9,4.1,4.6,3.0,186.0,70.0,100.0,100.0,127.0,57.0,105.0,25.0,362.0,121.0,163.0,56.0,,,,,,,,0.0,0.05,0.05,1.54,0.0,0.16,1.87,0.99,8.06,29,7.0,90.0,0.0,0.0,1.0,0.0,0.0,0.0,0.0,1.0,0.0,0.0,1.0,0.0,27.0,3306.0,4998.0,0.0,0.0,0.13,0.13,1.009999999999998,20.600000000000023,12.300000000000011,0.0,3.299999999999997,1.0,12.0,6.0,13.0
611,Kaelan,Casey,Casey,u,has joined Leyton Orient on loan for the rest of the season.,,4.0,708,185.0,0.1,547,198.0,0.0,494.0,193.0,0,0,0.0,0,0.0,0,7,0.0,0.0,0.0,0.0,0.0,611.0,226.0,0.0,0.0,601.0,226.0,593.0,226.0,564.0,222.0,603.0,226.0,,,,,,,,0.0,0.0,0.0,0.0,0.0,0.0,0.0,0.0,0.0,29,0.0,0.0,0.0,0.0,0.0,0.0,0.0,0.0,0.0,0.0,0.0,0.0,0.0,0.0,0.0,0.0,18.0,0.0,0.0,0.0,0.0,0.0,0.0,0.0,0.0,0.0,0.0,0.0,0.0,0.0
612,Lucas,Tolentino Coelho de Lima,L.Paquetá,u,has joined Flamengo permanently.,,5.9,97,63.0,1.1,184,65.0,0.0,799.0,356.0,0,0,0.0,-1,1.0,0,338,0.0,11.7,0.0,0.0,3.8,91.0,44.0,0.0,0.0,136.0,45.0,55.0,45.0,151.0,85.0,93.0,55.0,,,,,,,,0.17,0.12,0.29,1.44,0.0,0.18,1.96,1.07,8.68,29,0.0,0.0,0.0,0.0,0.0,0.0,0.0,0.0,0.0,0.0,0.0,0.0,0.0,0.0,0.0,0.0,841.0,0.0,0.0,0.0,0.0,0.0,0.0,0.0,0.0,0.0,0.0,0.0,0.0,0.0
613,Tomáš,Souček,Souček,a,,,5.7,115,73.0,0.3,326,108.0,4.8,31.0,15.0,3,0,0.0,-3,3.0,384,232,0.8,12.8,4.3,4.8,2.8,223.0,93.0,100.0,100.0,144.0,50.0,212.0,138.0,66.0,39.0,124.0,71.0,,,,,,,,0.28,0.02,0.3,1.66,0.0,0.25,2.1,0.95,9.41,29,3.0,90.0,0.0,0.0,1.0,0.0,0.0,0.0,0.0,0.0,0.0,0.0,1.0,0.0,11.0,1599.0,678.0,0.0,0.09999999999999964,0.010000000000000009,0.10999999999999943,1.009999999999998,17.0,5.700000000000017,19.0,4.199999999999989,0.0,7.0,4.0,11.0
615,Crysencio,Summerville,Summerville,a,,,5.7,118,74.0,2.9,110,34.0,5.8,12.0,6.0,11,0,0.0,2,-2.0,6740,5444,1.0,16.1,5.3,5.8,3.8,90.0,43.0,100.0,100.0,140.0,47.0,75.0,57.0,29.0,14.0,51.0,35.0,2.0,,,,,,,0.22,0.09,0.31,1.38,0.0,0.24,1.65,1.07,7.9,29,11.0,90.0,1.0,0.0,1.0,0.0,0.0,0.0,0.0,0.0,0.0,0.0,1.0,3.0,41.0,12668.0,23368.0,0.0,0.1299999999999999,0.3799999999999999,0.5099999999999998,1.009999999999998,43.80000000000001,17.30000000000001,19.0,8.0,1.0,2.0,6.0,9.0
616,Edson,Álvarez Velázquez,Álvarez,u,Has joined Fenerbahçe on loan for the rest of the season.,,4.9,309,194.0,0.0,596,225.0,0.0,723.0,302.0,0,0,0.0,-1,1.0,0,5,0.0,0.0,0.0,0.0,0.0,770.0,331.0,0.0,0.0,769.0,330.0,765.0,330.0,759.0,328.0,769.0,330.0,,,,,,,,0.0,0.0,0.0,0.0,0.0,0.0,0.0,0.0,0.0,29,0.0,0.0,0.0,0.0,0.0,0.0,0.0,0.0,0.0,0.0,0.0,0.0,0.0,0.0,0.0,0.0,7.0,0.0,0.0,0.0,0.0,0.0,0.0,0.0,0.0,0.0,0.0,0.0,0.0,0.0
617,Maxwel,Cornet,Cornet,u,has joined Genoa on loan for the rest of the season.,,4.9,289,179.0,0.0,707,293.0,0.0,715.0,297.0,0,0,0.0,-1,1.0,0,0,0.0,0.0,0.0,0.0,0.0,766.0,328.0,0.0,0.0,765.0,327.0,761.0,327.0,755.0,325.0,765.0,327.0,,,,,,,,0.0,0.0,0.0,0.0,0.0,0.0,0.0,0.0,0.0,29,0.0,0.0,0.0,0.0,0.0,0.0,0.0,0.0,0.0,0.0,0.0,0.0,0.0,0.0,0.0,0.0,0.0,0.0,0.0,0.0,0.0,0.0,0.0,0.0,0.0,0.0,0.0,0.0,0.0,0.0
618,Guido,Rodríguez,G.Rodriguez,u,has joined Valencia on loan for the rest of the season.,,4.8,354,222.0,0.0,610,235.0,0.0,702.0,288.0,0,0,0.0,-2,2.0,0,7,0.0,1.7,0.0,0.0,1.3,432.0,193.0,0.0,0.0,463.0,207.0,439.0,212.0,452.0,222.0,471.0,214.0,,,,,,,,0.02,0.02,0.04,1.33,0.0,0.51,1.03,1.03,7.71,29,0.0,0.0,0.0,0.0,0.0,0.0,0.0,0.0,0.0,0.0,0.0,0.0,0.0,0.0,0.0,0.0,14.0,0.0,0.0,0.0,0.0,0.0,0.0,0.0,0.0,0.0,0.0,0.0,0.0,0.0
619,Luis Guilherme,Lira dos Santos,L.Guilherme,u,has joined Sporting CP permanently.,,4.9,343,212.0,0.0,681,276.0,0.0,739.0,313.0,0,0,0.0,-1,1.0,0,1,0.0,1.0,0.0,0.0,1.0,494.0,227.0,0.0,0.0,464.0,208.0,404.0,200.0,436.0,215.0,464.0,209.0,,,,,,,,0.05,0.02,0.07,1.35,0.0,0.0,1.49,0.74,8.18,29,0.0,0.0,0.0,0.0,0.0,0.0,0.0,0.0,0.0,0.0,0.0,0.0,0.0,0.0,0.0,0.0,2.0,0.0,0.0,0.0,0.0,0.0,0.0,0.0,0.0,0.0,0.0,0.0,0.0,0.0
620,George,Earthy,Earthy,u,has joined Bristol City on loan for the rest of the season.,,4.5,446,267.0,0.0,607,233.0,0.0,634.0,234.0,0,0,0.0,0,0.0,0,10,0.0,0.2,0.0,0.0,1.0,477.0,213.0,0.0,0.0,704.0,279.0,461.0,221.0,449.0,219.0,494.0,226.0,,,,,,,,0.0,0.11,0.11,8.21,0.0,0.0,11.25,0.0,0.0,29,0.0,0.0,0.0,0.0,0.0,0.0,0.0,0.0,0.0,0.0,0.0,0.0,0.0,0.0,0.0,0.0,21.0,0.0,0.0,0.0,0.0,0.0,0.0,0.0,0.0,0.0,0.0,0.0,0.0,0.0
621,Andy,Irving,Irving,u,has joined Sparta Prague permanently.,,4.3,585,345.0,0.2,363,122.0,0.0,547.0,180.0,0,0,0.0,-2,2.0,0,83,0.0,2.1,0.0,0.0,1.3,429.0,190.0,0.0,0.0,430.0,189.0,336.0,182.0,444.0,217.0,424.0,191.0,,,,,,,,0.0,0.1,0.1,2.32,0.0,0.0,2.31,1.15,12.69,29,0.0,0.0,0.0,0.0,0.0,0.0,0.0,0.0,0.0,0.0,0.0,0.0,0.0,0.0,0.0,0.0,278.0,0.0,0.0,0.0,0.0,0.0,0.0,0.0,0.0,0.0,0.0,0.0,0.0,0.0
622,Lewis,Orford,Orford,u,has joined Stevenage on loan for the rest of the season.,,4.4,551,329.0,0.1,578,215.0,0.0,590.0,206.0,0,0,0.0,-1,1.0,0,6,0.0,0.0,0.0,0.0,0.0,676.0,263.0,0.0,0.0,667.0,254.0,663.0,259.0,641.0,248.0,669.0,256.0,,,,,,,,0.0,0.0,0.0,0.0,0.0,0.0,0.0,0.0,0.0,29,0.0,0.0,0.0,0.0,0.0,0.0,0.0,0.0,0.0,0.0,0.0,0.0,0.0,0.0,0.0,0.0,13.0,0.0,0.0,0.0,0.0,0.0,0.0,0.0,0.0,0.0,0.0,0.0,0.0,0.0
623,Freddie,Potts,Potts,a,,,4.4,546,325.0,0.6,242,84.0,0.8,288.0,128.0,0,0,0.0,-1,1.0,118,339,0.2,7.7,0.3,0.0,1.8,366.0,156.0,100.0,0.0,281.0,120.0,218.0,141.0,343.0,178.0,314.0,152.0,,,,,,,,0.02,0.09,0.11,1.64,0.0,0.08,1.89,0.9,9.21,29,0.0,0.0,0.0,0.0,0.0,0.0,0.0,0.0,0.0,0.0,0.0,0.0,0.0,0.0,0.0,162.0,2493.0,0.0,0.0,0.0,0.0,0.0,0.0,0.0,0.0,0.0,0.0,0.0,0.0,0.0
624,Jarrod,Bowen,Bowen,a,,,7.5,20,7.0,7.7,50,8.0,4.4,52.0,7.0,4,0,0.0,-5,5.0,4412,10597,0.6,18.0,3.9,4.4,4.7,24.0,4.0,,,28.0,4.0,34.0,1.0,11.0,7.0,12.0,4.0,1.0,1.0,2.0,,,,,0.21,0.13,0.34,1.56,0.0,0.17,1.8,1.0,7.41,29,4.0,90.0,0.0,1.0,1.0,0.0,0.0,0.0,0.0,1.0,0.0,0.0,1.0,0.0,25.0,17579.0,27613.0,0.0,0.1299999999999999,0.10999999999999988,0.2400000000000002,1.009999999999998,31.0,37.30000000000001,8.0,7.600000000000023,0.0,4.0,6.0,10.0
625,Niclas,Füllkrug,Füllkrug,u,has joined AC Milan on loan for the rest of the season.,,5.6,122,34.0,0.6,243,36.0,0.0,794.0,85.0,0,0,0.0,-4,4.0,0,59,0.0,2.1,0.0,0.0,1.5,416.0,50.0,0.0,0.0,436.0,51.0,287.0,29.0,211.0,43.0,352.0,42.0,,,,,,,,0.21,0.05,0.26,1.9,0.0,0.22,2.43,1.11,4.2,29,0.0,0.0,0.0,0.0,0.0,0.0,0.0,0.0,0.0,0.0,0.0,0.0,0.0,0.0,0.0,0.0,101.0,0.0,0.0,0.0,0.0,0.0,0.0,0.0,0.0,0.0,0.0,0.0,0.0,0.0
626,Callum,Marshall,Marshall,u,has joined VfL Bochum 1848 on loan for the rest of the season.,,4.3,612,86.0,0.5,254,40.0,0.0,565.0,56.0,0,0,0.0,-2,2.0,0,94,0.0,0.5,0.0,0.0,1.0,466.0,58.0,0.0,0.0,495.0,58.0,484.0,61.0,421.0,59.0,486.0,59.0,,,,,,,,0.2,0.0,0.2,2.41,0.0,0.0,3.1,0.0,4.66,29,0.0,0.0,0.0,0.0,0.0,0.0,0.0,0.0,0.0,0.0,0.0,0.0,0.0,0.0,0.0,0.0,356.0,0.0,0.0,0.0,0.0,0.0,0.0,0.0,0.0,0.0,0.0,0.0,0.0,0.0
659,Kyle,Walker-Peters,Walker-Peters,a,,,4.2,629,142.0,0.2,348,128.0,0.4,339.0,118.0,0,0,0.0,-3,3.0,44,94,0.1,7.6,-0.1,0.4,1.8,363.0,137.0,,,261.0,106.0,278.0,86.0,245.0,66.0,296.0,98.0,,,,,,,,0.11,0.02,0.13,1.99,0.0,0.09,2.08,0.94,6.79,29,0.0,0.0,0.0,0.0,0.0,0.0,0.0,0.0,0.0,0.0,0.0,0.0,0.0,0.0,0.0,128.0,302.0,0.0,0.0,0.0,0.0,0.0,0.0,0.0,0.0,0.0,0.0,0.0,0.0,0.0
671,Callum,Wilson,Wilson,a,,,5.8,103,29.0,0.5,251,38.0,0.8,305.0,38.0,1,0,0.0,-2,2.0,164,442,0.1,11.0,0.3,0.8,2.7,239.0,25.0,,,242.0,21.0,273.0,27.0,48.0,19.0,166.0,20.0,,,,,,,,0.59,0.03,0.62,1.65,0.0,0.09,1.63,0.91,3.08,29,1.0,59.0,0.0,0.0,0.0,0.0,0.0,0.0,0.0,0.0,0.0,0.0,1.0,0.0,223.0,368.0,1418.0,0.0,0.6000000000000005,0.0,0.5999999999999996,0.509999999999998,0.0,0.19999999999998863,11.0,0.7999999999999972,0.0,1.0,1.0,2.0
679,Mads,Hermansen,Hermansen,a,,,4.2,636,35.0,0.3,308,41.0,6.2,10.0,1.0,9,0,0.0,-3,3.0,1529,203,1.5,9.5,5.7,6.2,4.4,38.0,2.0,,,256.0,23.0,623.0,79.0,598.0,67.0,366.0,23.0,,,,,,,,0.0,0.0,0.0,1.21,3.11,0.44,1.89,1.0,0.0,29,9.0,90.0,0.0,0.0,1.0,0.0,0.0,0.0,0.0,0.0,0.0,5.0,1.0,2.0,38.0,3218.0,1274.0,0.0,0.0,0.0,0.0,1.0099999999999998,39.79999999999998,0.0,0.0,4.0,0.0,0.0,11.0,0.0
708,Mateus Gonçalo,Espanha Fernandes,M.Fernandes,a,,,5.5,151,94.0,0.4,273,95.0,4.0,61.0,28.0,2,0,0.0,0,0.0,326,1126,0.7,18.9,3.5,4.0,3.9,75.0,35.0,100.0,100.0,66.0,20.0,35.0,32.0,236.0,130.0,71.0,45.0,4.0,,,,,,,0.05,0.08,0.13,1.44,0.0,0.2,1.59,1.06,11.47,29,2.0,90.0,0.0,0.0,1.0,0.0,0.0,0.0,0.0,1.0,0.0,0.0,1.0,0.0,5.0,1217.0,4104.0,0.0,0.030000000000000027,0.010000000000000009,0.040000000000000036,1.009999999999998,2.2000000000000455,1.0,3.0,0.6000000000000085,1.0,2.0,2.0,5.0
718,Soungoutou,Magassa,S.Magassa,a,,,5.0,277,172.0,0.0,657,263.0,1.2,256.0,110.0,1,0,0.0,0,0.0,3,17,0.2,7.8,0.7,1.2,2.2,308.0,135.0,,,286.0,124.0,291.0,169.0,332.0,173.0,334.0,161.0,,,,,,,,0.04,0.03,0.07,1.68,0.0,0.19,2.22,1.06,11.7,29,1.0,30.0,0.0,0.0,0.0,0.0,0.0,0.0,0.0,0.0,0.0,0.0,0.0,0.0,6.0,21.0,65.0,0.0,0.0,0.0,0.0,0.48999999999999844,9.200000000000017,0.20000000000000284,0.0,0.8999999999999986,2.0,3.0,1.0,6.0
738,Lukasz,Fabianski,Fabianski,d,Back injury - 25% chance of playing,,4.5,405,20.0,0.0,635,79.0,0.0,609.0,88.0,0,0,0.0,0,0.0,5,16,0.0,0.0,-0.1,0.0,0.0,689.0,91.0,25.0,25.0,683.0,91.0,677.0,83.0,658.0,73.0,685.0,91.0,,,,,,,,0.0,0.0,0.0,0.0,0.0,0.0,0.0,0.0,0.0,29,0.0,0.0,0.0,0.0,0.0,0.0,0.0,0.0,0.0,0.0,0.0,0.0,0.0,0.0,0.0,18.0,74.0,0.0,0.0,0.0,0.0,0.0,0.0,0.0,0.0,0.0,0.0,0.0,0.0,0.0
627,Sam,Johnstone,Johnstone,a,,,4.4,521,26.0,0.1,426,64.0,0.0,573.0,87.0,0,0,0.0,-1,1.0,55,62,0.0,4.8,-0.5,-1.0,1.8,365.0,30.0,,,185.0,21.0,486.0,14.0,628.0,72.0,332.0,21.0,,,,,,,,0.0,0.0,0.0,1.55,3.25,0.0,2.0,1.0,0.0,29,0.0,0.0,0.0,0.0,0.0,0.0,0.0,0.0,0.0,0.0,0.0,0.0,0.0,0.0,0.0,141.0,139.0,0.0,0.0,0.0,0.0,0.0,0.0,0.0,0.0,0.0,0.0,0.0,0.0,0.0
628,José,Malheiro de Sá,José Sá,a,,,4.2,628,33.0,1.3,173,22.0,4.7,36.0,4.0,3,0,0.0,-3,3.0,2248,357,1.1,13.3,4.2,3.7,3.1,165.0,17.0,,,118.0,19.0,420.0,6.0,596.0,65.0,288.0,19.0,,,,,,,,0.0,0.0,0.0,1.49,2.72,0.22,1.56,1.0,0.0,29,3.0,90.0,0.0,0.0,0.0,1.0,0.0,0.0,0.0,0.0,0.0,5.0,1.0,0.0,20.0,5162.0,1287.0,0.0,0.0,0.0,0.0,1.8299999999999983,29.80000000000001,0.0,0.0,3.0,0.0,5.0,15.0,0.0
631,Emmanuel,Agbadou,Agbadou,u,has joined Besiktas permanently.,,4.2,640,151.0,0.1,451,166.0,0.0,534.0,224.0,0,0,0.0,-3,3.0,0,23,0.0,5.5,0.0,0.0,1.6,392.0,146.0,0.0,0.0,181.0,74.0,302.0,98.0,285.0,82.0,265.0,86.0,,,,,,,,0.05,0.03,0.08,1.49,0.0,0.0,2.37,0.98,10.23,29,0.0,0.0,0.0,0.0,0.0,0.0,0.0,0.0,0.0,0.0,0.0,0.0,0.0,0.0,0.0,0.0,59.0,0.0,0.0,0.0,0.0,0.0,0.0,0.0,0.0,0.0,0.0,0.0,0.0,0.0
632,Matt,Doherty,Doherty,a,,,4.4,519,99.0,0.1,501,177.0,0.2,368.0,133.0,1,0,0.0,-1,1.0,20,25,0.0,2.7,-0.3,-0.8,1.2,439.0,159.0,100.0,100.0,342.0,131.0,338.0,115.0,385.0,136.0,377.0,133.0,,,,,,,,0.01,0.02,0.03,1.69,0.0,0.13,1.79,1.28,7.31,29,1.0,58.0,0.0,0.0,0.0,0.0,0.0,0.0,0.0,0.0,0.0,0.0,1.0,0.0,4.0,48.0,70.0,0.0,0.0,0.0,0.0,1.1700000000000017,5.6000000000000085,0.3999999999999986,0.0,0.6000000000000014,0.0,5.0,2.0,5.0
633,Hugo,Bueno López,H.Bueno,a,,,4.3,597,137.0,0.2,356,131.0,3.3,97.0,31.0,1,0,0.0,-2,2.0,387,320,0.8,16.7,2.8,2.3,2.7,227.0,88.0,100.0,100.0,85.0,36.0,28.0,2.0,203.0,48.0,69.0,12.0,1.0,,,,,,,0.02,0.13,0.15,1.44,0.0,0.19,1.5,0.97,6.84,29,1.0,11.0,0.0,0.0,0.0,1.0,0.0,0.0,0.0,0.0,0.0,0.0,0.0,0.0,284.0,1943.0,1128.0,0.0,0.0,0.009999999999999787,0.009999999999999787,0.620000000000001,4.0,0.7999999999999545,2.0,0.7000000000000028,1.0,1.0,0.0,2.0
634,Yerson,Mosquera Valdelamar,Mosquera,a,,,4.3,603,138.0,0.1,441,164.0,4.0,58.0,18.0,1,0,0.0,-2,2.0,374,159,0.9,11.6,3.5,3.0,2.4,283.0,107.0,100.0,100.0,173.0,71.0,238.0,64.0,119.0,20.0,195.0,65.0,,,,,,,,0.09,0.02,0.11,1.52,0.0,0.22,1.61,1.0,8.96,29,1.0,31.0,0.0,0.0,0.0,1.0,0.0,0.0,0.0,0.0,0.0,0.0,0.0,0.0,4.0,1617.0,463.0,0.0,0.040000000000000036,0.0,0.040000000000000036,0.6600000000000001,8.199999999999989,0.29999999999999716,17.0,2.6000000000000014,1.0,2.0,0.0,3.0
635,Rodrigo,Martins Gomes,R.Gomes,a,,,4.4,545,118.0,0.1,536,190.0,2.8,114.0,43.0,7,0,0.0,-1,1.0,861,37,0.6,7.7,2.3,1.8,2.4,284.0,108.0,100.0,100.0,288.0,113.0,321.0,109.0,157.0,34.0,289.0,94.0,,,,,,,,0.26,0.04,0.3,1.27,0.0,0.0,1.66,0.91,5.29,29,7.0,20.0,1.0,0.0,0.0,1.0,0.0,0.0,0.0,0.0,0.0,0.0,0.0,0.0,15.0,1014.0,62.0,0.0,0.31000000000000005,0.0,0.31000000000000005,0.6399999999999997,35.19999999999999,2.799999999999997,19.0,5.700000000000003,1.0,0.0,0.0,1.0
636,Santiago,Ignacio Bueno,S.Bueno,a,,,4.4,531,109.0,0.1,438,162.0,3.2,101.0,35.0,1,0,0.0,-1,1.0,221,154,0.7,16.1,2.7,2.2,3.4,131.0,49.0,100.0,100.0,103.0,46.0,264.0,78.0,188.0,43.0,180.0,60.0,,,,,,,,0.08,0.05,0.13,1.48,0.0,0.2,1.52,0.98,7.52,29,1.0,90.0,0.0,0.0,0.0,1.0,0.0,0.0,0.0,1.0,0.0,0.0,1.0,0.0,16.0,1007.0,525.0,0.0,0.0,0.0,0.0,1.8299999999999983,12.0,0.0,4.0,1.6000000000000085,1.0,6.0,2.0,7.0
637,Toti,Gomes,Toti,a,,,4.2,639,150.0,0.1,516,183.0,1.3,245.0,92.0,0,0,0.0,-3,3.0,35,30,0.3,6.7,0.8,0.3,2.0,327.0,121.0,100.0,100.0,233.0,91.0,301.0,97.0,350.0,115.0,309.0,105.0,,,,,,,,0.02,0.02,0.04,1.64,0.0,0.09,2.17,1.13,8.32,29,0.0,0.0,0.0,0.0,0.0,0.0,0.0,0.0,0.0,0.0,0.0,0.0,0.0,0.0,0.0,199.0,64.0,0.0,0.0,0.0,0.0,0.0,0.0,0.0,0.0,0.0,0.0,0.0,0.0,0.0
639,Bastien,Meupiyou Menadjou,Meupiyou,u,On loan to FC Alverca,,4.0,715,191.0,0.0,763,259.0,0.0,501.0,199.0,0,0,0.0,0,0.0,0,1,0.0,0.0,0.0,0.0,0.0,617.0,231.0,0.0,0.0,607.0,231.0,599.0,231.0,571.0,228.0,609.0,231.0,,,,,,,,0.0,0.0,0.0,0.0,0.0,0.0,0.0,0.0,0.0,29,0.0,0.0,0.0,0.0,0.0,0.0,0.0,0.0,0.0,0.0,0.0,0.0,0.0,0.0,0.0,0.0,2.0,0.0,0.0,0.0,0.0,0.0,0.0,0.0,0.0,0.0,0.0,0.0,0.0,0.0
640,Pedro,Cardoso de Lima,Pedro Lima,a,,,4.0,735,210.0,0.4,288,106.0,0.2,363.0,130.0,0,0,0.0,0,0.0,43,62,0.0,0.8,-0.3,-0.8,1.0,460.0,170.0,100.0,100.0,504.0,179.0,474.0,175.0,442.0,166.0,503.0,178.0,,,,,,,,0.0,0.0,0.0,23.7,0.0,0.0,30.0,0.0,0.0,29,0.0,0.0,0.0,0.0,0.0,0.0,0.0,0.0,0.0,0.0,0.0,0.0,0.0,0.0,0.0,104.0,155.0,0.0,0.0,0.0,0.0,0.0,0.0,0.0,0.0,0.0,0.0,0.0,0.0,0.0
641,Alfie,Pond,Pond,u,has joined Crewe Alexandra on loan for the rest of the season.,,3.9,774,226.0,1.0,193,73.0,0.0,442.0,168.0,0,0,0.0,-1,1.0,0,285,0.0,0.0,0.0,0.0,0.0,564.0,204.0,0.0,0.0,554.0,204.0,542.0,204.0,512.0,199.0,556.0,204.0,,,,,,,,0.0,0.0,0.0,0.0,0.0,0.0,0.0,0.0,0.0,29,0.0,0.0,0.0,0.0,0.0,0.0,0.0,0.0,0.0,0.0,0.0,0.0,0.0,0.0,0.0,0.0,661.0,0.0,0.0,0.0,0.0,0.0,0.0,0.0,0.0,0.0,0.0,0.0,0.0,0.0
642,Hwang,Hee-chan,Hee Chan,a,,,5.6,126,78.0,0.1,467,160.0,0.2,382.0,174.0,0,0,0.0,-4,4.0,65,45,0.0,7.9,-0.3,-0.8,2.2,311.0,137.0,100.0,100.0,325.0,147.0,202.0,131.0,194.0,108.0,280.0,140.0,,1.0,3.0,,,,,0.17,0.07,0.24,1.39,0.0,0.16,1.73,1.18,5.35,29,0.0,0.0,0.0,0.0,0.0,0.0,0.0,0.0,0.0,0.0,0.0,0.0,0.0,0.0,0.0,278.0,207.0,0.0,0.0,0.0,0.0,0.0,0.0,0.0,0.0,0.0,0.0,0.0,0.0,0.0
643,André,Trindade da Costa Neto,André,a,,,5.2,216,134.0,0.1,505,182.0,3.7,74.0,32.0,12,0,0.0,-3,3.0,1381,98,0.7,14.4,3.2,2.7,2.8,221.0,92.0,100.0,100.0,172.0,68.0,142.0,96.0,363.0,187.0,213.0,106.0,,,,,,,,0.02,0.03,0.05,1.49,0.0,0.09,1.63,0.97,12.79,29,12.0,90.0,1.0,0.0,0.0,1.0,0.0,0.0,0.0,0.0,0.0,0.0,1.0,3.0,46.0,1661.0,231.0,0.0,0.06,0.050000000000000044,0.1100000000000001,1.8299999999999983,57.39999999999998,15.200000000000017,7.0,8.0,5.0,4.0,11.0,20.0
644,Jean-Ricner,Bellegarde,Bellegarde,a,,,5.1,232,143.0,0.0,599,227.0,1.3,246.0,106.0,1,0,0.0,-4,4.0,18,25,0.3,6.7,0.8,0.3,1.6,396.0,171.0,100.0,100.0,305.0,138.0,198.0,128.0,199.0,111.0,274.0,137.0,3.0,2.0,,,,,,0.09,0.06,0.15,1.57,0.0,0.27,2.15,1.07,7.69,29,1.0,30.0,0.0,0.0,0.0,1.0,0.0,0.0,0.0,0.0,0.0,0.0,0.0,0.0,2.0,121.0,187.0,0.0,0.0,0.0,0.0,0.6600000000000001,2.5999999999999943,13.099999999999994,0.0,1.6000000000000014,1.0,1.0,3.0,5.0
647,Gonçalo Manuel,Ganchinho Guedes,Guedes,u,Has joined Real Sociedad permanently.,,5.5,139,86.0,0.0,795,350.0,0.0,791.0,350.0,0,0,0.0,0,0.0,0,0,0.0,0.0,0.0,0.0,0.0,807.0,359.0,0.0,0.0,806.0,358.0,805.0,358.0,803.0,357.0,806.0,358.0,,,,,,,,0.0,0.0,0.0,0.0,0.0,0.0,0.0,0.0,0.0,29,0.0,0.0,0.0,0.0,0.0,0.0,0.0,0.0,0.0,0.0,0.0,0.0,0.0,0.0,0.0,0.0,0.0,0.0,0.0,0.0,0.0,0.0,0.0,0.0,0.0,0.0,0.0,0.0,0.0,0.0
648,Marshall,Munetsi,Munetsi,u,has joined Paris FC on loan for the rest of the season.,,5.3,196,122.0,0.0,624,244.0,0.0,775.0,338.0,0,0,0.0,-2,2.0,0,7,0.0,7.2,0.0,0.0,2.9,203.0,85.0,0.0,0.0,293.0,129.0,323.0,179.0,134.0,78.0,283.0,142.0,,,,,,,,0.17,0.04,0.21,1.38,0.0,0.0,1.96,0.93,8.26,29,0.0,0.0,0.0,0.0,0.0,0.0,0.0,0.0,0.0,0.0,0.0,0.0,0.0,0.0,0.0,0.0,15.0,0.0,0.0,0.0,0.0,0.0,0.0,0.0,0.0,0.0,0.0,0.0,0.0,0.0
649,Boubacar,Traoré,B.Traore,u,Has joined FC Metz on loan for the rest of the season.,,5.0,264,161.0,0.0,814,362.0,0.0,748.0,320.0,0,0,0.0,0,0.0,0,0,0.0,0.0,0.0,0.0,0.0,787.0,345.0,0.0,0.0,786.0,344.0,784.0,344.0,780.0,342.0,786.0,344.0,,,,,,,,0.0,0.0,0.0,0.0,0.0,0.0,0.0,0.0,0.0,29,0.0,0.0,0.0,0.0,0.0,0.0,0.0,0.0,0.0,0.0,0.0,0.0,0.0,0.0,0.0,0.0,0.0,0.0,0.0,0.0,0.0,0.0,0.0,0.0,0.0,0.0,0.0,0.0,0.0,0.0
651,Tom,Edozie,Edozie,a,,,4.3,616,361.0,0.4,274,96.0,1.0,269.0,118.0,0,0,0.0,-2,2.0,393,233,0.2,1.4,0.5,0.0,6.0,6.0,3.0,,,427.0,188.0,485.0,235.0,388.0,194.0,445.0,199.0,,,,,,,,2.55,0.0,2.55,3.0,0.0,0.0,0.0,0.0,0.0,29,0.0,0.0,0.0,0.0,0.0,0.0,0.0,0.0,0.0,0.0,0.0,0.0,0.0,0.0,0.0,1373.0,930.0,0.0,0.0,0.0,0.0,0.0,0.0,0.0,0.0,0.0,0.0,0.0,0.0,0.0
652,Enso,González Medina,Gonzalez,a,,,4.3,615,360.0,1.3,171,61.0,0.0,567.0,194.0,0,0,0.0,-2,2.0,389,563,0.0,0.0,-0.5,-1.0,0.0,659.0,253.0,,,649.0,243.0,645.0,248.0,622.0,237.0,651.0,245.0,,,,,,,,0.0,0.0,0.0,0.0,0.0,0.0,0.0,0.0,0.0,29,0.0,0.0,0.0,0.0,0.0,0.0,0.0,0.0,0.0,0.0,0.0,0.0,0.0,0.0,0.0,887.0,1709.0,0.0,0.0,0.0,0.0,0.0,0.0,0.0,0.0,0.0,0.0,0.0,0.0,0.0
653,Joe,Hodge,Hodge,u,Signed by CD Tondela,,4.5,424,254.0,0.0,661,266.0,0.0,620.0,222.0,0,0,0.0,0,0.0,0,4,0.0,0.0,0.0,0.0,0.0,698.0,274.0,0.0,0.0,692.0,268.0,687.0,271.0,669.0,263.0,694.0,270.0,,,,,,,,0.0,0.0,0.0,0.0,0.0,0.0,0.0,0.0,0.0,29,0.0,0.0,0.0,0.0,0.0,0.0,0.0,0.0,0.0,0.0,0.0,0.0,0.0,0.0,0.0,0.0,6.0,0.0,0.0,0.0,0.0,0.0,0.0,0.0,0.0,0.0,0.0,0.0,0.0,0.0
655,Fábio,Soares Silva,Fábio Silva,u,has joined Borussia Dortmund permanently.,,4.9,329,61.0,0.2,397,60.0,0.0,734.0,78.0,0,0,0.0,-1,1.0,0,11,0.0,0.0,0.0,0.0,0.0,777.0,86.0,0.0,0.0,776.0,86.0,772.0,85.0,767.0,85.0,776.0,86.0,,,,,,,,0.0,0.0,0.0,0.0,0.0,0.0,0.0,0.0,0.0,29,0.0,0.0,0.0,0.0,0.0,0.0,0.0,0.0,0.0,0.0,0.0,0.0,0.0,0.0,0.0,0.0,25.0,0.0,0.0,0.0,0.0,0.0,0.0,0.0,0.0,0.0,0.0,0.0,0.0,0.0
656,Saša,Kalajdžić,Kalajdžić,u,has joined LASK on loan for the rest of the season.,,4.9,321,59.0,0.0,586,80.0,0.0,728.0,77.0,0,0,0.0,-1,1.0,0,0,0.0,0.2,0.0,0.0,1.0,491.0,59.0,0.0,0.0,499.0,61.0,443.0,58.0,453.0,61.0,488.0,61.0,,,,,,,,0.0,0.06,0.06,0.64,0.0,0.0,0.0,0.0,12.86,29,0.0,0.0,0.0,0.0,0.0,0.0,0.0,0.0,0.0,0.0,0.0,0.0,0.0,0.0,0.0,0.0,0.0,0.0,0.0,0.0,0.0,0.0,0.0,0.0,0.0,0.0,0.0,0.0,0.0,0.0
657,Leon,Chiwome,Chiwome,a,,,4.4,566,82.0,0.0,647,83.0,0.0,602.0,64.0,0,0,0.0,-1,1.0,47,22,0.0,0.0,-0.5,-1.0,0.0,685.0,74.0,100.0,100.0,678.0,74.0,673.0,73.0,653.0,73.0,680.0,74.0,,,,,,,,0.0,0.0,0.0,0.0,0.0,0.0,0.0,0.0,0.0,29,0.0,0.0,0.0,0.0,0.0,0.0,0.0,0.0,0.0,0.0,0.0,0.0,0.0,0.0,0.0,109.0,80.0,0.0,0.0,0.0,0.0,0.0,0.0,0.0,0.0,0.0,0.0,0.0,0.0,0.0
658,Nathan,Fraser,Fraser,a,,,4.2,641,89.0,1.9,139,23.0,0.0,535.0,51.0,0,0,0.0,-3,3.0,683,1404,0.0,0.0,-0.5,-1.0,0.0,640.0,63.0,,,631.0,63.0,625.0,62.0,600.0,62.0,633.0,63.0,,,,,,,,0.0,0.0,0.0,0.0,0.0,0.0,0.0,0.0,0.0,29,0.0,0.0,0.0,0.0,0.0,0.0,0.0,0.0,0.0,0.0,0.0,0.0,0.0,0.0,0.0,1281.0,4138.0,0.0,0.0,0.0,0.0,0.0,0.0,0.0,0.0,0.0,0.0,0.0,0.0,0.0
663,Jhon,Arias,J.Arias,u,has joined Palmeiras permanently.,,4.9,317,197.0,0.1,432,144.0,0.0,725.0,304.0,0,0,0.0,-6,6.0,0,46,0.0,9.2,0.0,0.0,2.0,334.0,145.0,0.0,0.0,287.0,125.0,162.0,110.0,190.0,106.0,241.0,121.0,,,,,,,,0.27,0.05,0.32,1.29,0.0,0.16,1.69,1.13,10.07,29,0.0,0.0,0.0,0.0,0.0,0.0,0.0,0.0,0.0,0.0,0.0,0.0,0.0,0.0,0.0,0.0,133.0,0.0,0.0,0.0,0.0,0.0,0.0,0.0,0.0,0.0,0.0,0.0,0.0,0.0
682,David,Møller Wolfe,Møller Wolfe,a,,,4.2,637,148.0,0.1,546,197.0,1.3,244.0,91.0,6,0,0.0,-3,3.0,39,9,0.3,6.9,0.8,0.3,1.6,391.0,145.0,,,315.0,122.0,243.0,67.0,327.0,106.0,335.0,115.0,,,,,,,,0.01,0.11,0.12,1.88,0.0,0.11,2.15,0.97,4.61,29,6.0,78.0,0.0,0.0,1.0,0.0,0.0,0.0,0.0,0.0,0.0,0.0,1.0,0.0,19.0,52.0,41.0,0.0,0.0,0.0,0.0,1.2199999999999989,9.0,0.29999999999999716,2.0,1.1000000000000014,2.0,3.0,1.0,5.0
695,Jackson,Tchatchoua,Tchatchoua,a,,,4.4,553,120.0,0.0,638,226.0,2.3,154.0,57.0,5,0,0.0,-1,1.0,79,13,0.5,11.4,1.8,1.3,1.9,346.0,130.0,,,200.0,78.0,113.0,28.0,338.0,111.0,204.0,68.0,,,,,,,,0.01,0.06,0.07,1.35,0.0,0.17,1.63,0.9,5.5,29,5.0,90.0,0.0,1.0,0.0,1.0,0.0,0.0,0.0,0.0,0.0,0.0,1.0,0.0,20.0,144.0,37.0,0.0,0.0,0.029999999999999805,0.029999999999999805,1.8299999999999983,34.0,15.300000000000011,2.0,5.100000000000001,2.0,4.0,4.0,6.0
709,Ladislav,Krejcí,Krejčí,a,,,4.5,427,85.0,0.1,541,195.0,2.2,156.0,58.0,4,0,0.0,0,0.0,174,47,0.5,13.1,1.7,1.2,2.6,250.0,97.0,100.0,100.0,86.0,37.0,236.0,63.0,122.0,21.0,144.0,47.0,,,,,,,,0.09,0.06,0.15,1.45,0.0,0.14,1.66,1.02,7.53,29,4.0,90.0,0.0,0.0,0.0,1.0,0.0,0.0,0.0,0.0,0.0,0.0,1.0,0.0,9.0,338.0,204.0,0.0,0.0,0.0,0.0,1.8300000000000018,16.599999999999966,0.0,0.0,1.6999999999999886,2.0,8.0,1.0,10.0
720,Tolu,Arokodare,Tolu,a,,,5.4,174,42.0,0.2,399,61.0,2.8,121.0,14.0,4,0,0.0,-1,1.0,416,402,0.5,10.0,2.3,1.8,2.1,322.0,35.0,,,272.0,26.0,193.0,19.0,35.0,16.0,143.0,19.0,,,5.0,,,,,0.3,0.03,0.33,1.5,0.0,0.22,1.85,0.89,5.04,29,4.0,30.0,0.0,1.0,0.0,1.0,0.0,0.0,0.0,0.0,0.0,0.0,0.0,0.0,19.0,829.0,2663.0,0.0,0.0,0.010000000000000009,0.009999999999999787,0.6600000000000001,23.200000000000017,10.900000000000006,4.0,3.799999999999997,0.0,3.0,0.0,3.0
749,Mateus,Mané,Mané,a,,,4.5,508,75.0,2.2,129,20.0,2.0,179.0,24.0,2,-1,1.0,0,0.0,2449,5236,0.4,11.6,1.5,1.0,2.7,231.0,22.0,,,253.0,23.0,146.0,11.0,133.0,33.0,199.0,25.0,2.0,3.0,,,,,,0.1,0.12,0.22,1.59,0.0,0.36,1.31,0.95,6.85,29,2.0,69.0,0.0,0.0,1.0,0.0,0.0,0.0,0.0,0.0,0.0,0.0,1.0,0.0,3.0,5080.0,30803.0,0.0,0.0,0.010000000000000009,0.010000000000000231,1.1900000000000013,0.0,1.3000000000000114,2.0,0.10000000000000142,0.0,1.0,3.0,4.0
766,Saheed,Olagunju,Olagunju,a,,,4.0,725,200.0,0.0,659,233.0,0.0,511.0,208.0,0,0,0.0,0,0.0,41,32,0.0,0.0,-0.5,-1.0,0.0,626.0,239.0,,,616.0,239.0,608.0,239.0,580.0,236.0,618.0,239.0,,,,,,,,0.0,0.0,0.0,0.0,0.0,0.0,0.0,0.0,0.0,29,0.0,0.0,0.0,0.0,0.0,0.0,0.0,0.0,0.0,0.0,0.0,0.0,0.0,0.0,0.0,160.0,82.0,0.0,0.0,0.0,0.0,0.0,0.0,0.0,0.0,0.0,0.0,0.0,0.0,0.0
767,Luke,Rawlings,Rawlings,a,,,4.5,492,303.0,0.0,767,328.0,0.0,674.0,267.0,0,0,0.0,0,0.0,8,4,0.0,0.0,-0.5,-1.0,0.0,742.0,311.0,,,740.0,309.0,734.0,309.0,721.0,305.0,740.0,309.0,,,,,,,,0.0,0.0,0.0,0.0,0.0,0.0,0.0,0.0,0.0,29,0.0,0.0,0.0,0.0,0.0,0.0,0.0,0.0,0.0,0.0,0.0,0.0,0.0,0.0,0.0,15.0,14.0,0.0,0.0,0.0,0.0,0.0,0.0,0.0,0.0,0.0,0.0,0.0,0.0,0.0
777,Temple,Ojinnaka,Ojinnaka,u,has joined Shrewsbury Town on loan for the rest of the season.,,4.5,453,272.0,0.0,804,357.0,0.0,640.0,239.0,0,0,0.0,0,0.0,0,2,0.0,0.0,0.0,0.0,0.0,714.0,289.0,0.0,0.0,709.0,284.0,705.0,286.0,689.0,279.0,710.0,285.0,,,,,,,,0.0,0.0,0.0,0.0,0.0,0.0,0.0,0.0,0.0,29,0.0,0.0,0.0,0.0,0.0,0.0,0.0,0.0,0.0,0.0,0.0,0.0,0.0,0.0,0.0,0.0,4.0,0.0,0.0,0.0,0.0,0.0,0.0,0.0,0.0,0.0,0.0,0.0,0.0,0.0
778,Ethan,Sutherland,Sutherland,a,,,4.5,484,297.0,0.0,754,321.0,0.0,667.0,262.0,0,0,0.0,0,0.0,18,9,0.0,0.0,-0.5,-1.0,0.0,735.0,306.0,,,733.0,304.0,727.0,304.0,714.0,300.0,733.0,304.0,,,,,,,,0.0,0.0,0.0,0.0,0.0,0.0,0.0,0.0,0.0,29,0.0,0.0,0.0,0.0,0.0,0.0,0.0,0.0,0.0,0.0,0.0,0.0,0.0,0.0,0.0,56.0,24.0,0.0,0.0,0.0,0.0,0.0,0.0,0.0,0.0,0.0,0.0,0.0,0.0,0.0
809,Jerome,Abbey,Abbey,a,,,4.5,515,319.0,0.0,756,322.0,0.0,692.0,281.0,0,0,0.0,0,0.0,30,13,0.0,0.0,-0.5,-1.0,0.0,757.0,323.0,,,756.0,322.0,750.0,322.0,738.0,319.0,756.0,322.0,,,,,,,,0.0,0.0,0.0,0.0,0.0,0.0,0.0,0.0,0.0,29,0.0,0.0,0.0,0.0,0.0,0.0,0.0,0.0,0.0,0.0,0.0,0.0,0.0,0.0,0.0,135.0,40.0,0.0,0.0,0.0,0.0,0.0,0.0,0.0,0.0,0.0,0.0,0.0,0.0,0.0
816,Angel,Gomes,Angel,a,,,4.8,357,224.0,0.0,693,285.0,1.5,224.0,97.0,1,0,0.0,-2,2.0,73,52,0.3,1.9,1.0,0.5,1.5,412.0,183.0,100.0,100.0,422.0,185.0,351.0,186.0,407.0,200.0,418.0,189.0,,,,,,,,0.02,0.03,0.05,3.21,0.0,0.38,1.52,1.52,8.35,29,1.0,59.0,0.0,0.0,0.0,0.0,0.0,0.0,0.0,0.0,0.0,0.0,1.0,0.0,3.0,125.0,259.0,0.0,0.0,0.009999999999999995,0.010000000000000009,1.1700000000000008,3.4000000000000057,6.300000000000004,0.0,1.0,2.0,0.0,2.0,4.0
817,Adam,Armstrong,Armstrong,a,,,5.3,185,45.0,0.1,557,78.0,2.5,143.0,20.0,1,-1,1.0,-2,2.0,243,266,0.5,2.8,2.0,1.5,2.5,273.0,28.0,,,401.0,43.0,326.0,36.0,394.0,56.0,400.0,49.0,,,,,,,,0.03,0.11,0.14,2.01,0.0,0.56,0.94,1.12,4.12,29,1.0,59.0,0.0,0.0,0.0,0.0,0.0,0.0,0.0,0.0,0.0,0.0,1.0,0.0,5.0,703.0,1000.0,0.0,0.0,0.0,0.0,1.17,6.199999999999996,0.5999999999999943,2.0,0.9000000000000004,1.0,3.0,1.0,5.0
