id,status,chance_of_playing_next_round,chance_of_playing_this_round,now_cost,now_cost_rank,now_cost_rank_type,cost_change_event,cost_change_event_fall,cost_change_start,cost_change_start_fall,selected_by_percent,selected_rank,selected_rank_type,total_points,event_points,points_per_game,points_per_game_rank,points_per_game_rank_type,bonus,bps,form,form_rank,form_rank_type,value_form,value_season,dreamteam_count,transfers_in,transfers_in_event,transfers_out,transfers_out_event,ep_next,ep_this,expected_goals,expected_assists,expected_goal_involvements,expected_goals_conceded,expected_goals_per_90,expected_assists_per_90,expected_goal_involvements_per_90,expected_goals_conceded_per_90,influence,influence_rank,influence_rank_type,creativity,creativity_rank,creativity_rank_type,threat,threat_rank,threat_rank_type,ict_index,ict_index_rank,ict_index_rank_type,corners_and_indirect_freekicks_order,direct_freekicks_order,penalties_order,gw,set_piece_threat,first_name,second_name,web_name,news,news_added,minutes,goals_scored,assists,clean_sheets,goals_conceded,own_goals,penalties_saved,penalties_missed,yellow_cards,red_cards,saves,starts,defensive_contribution,corners_and_indirect_freekicks_text,direct_freekicks_text,penalties_text,saves_per_90,clean_sheets_per_90,goals_conceded_per_90,starts_per_90,defensive_contribution_per_90,tackles,clearances_blocks_interceptions,recoveries
759,a,,,4.0,729,205.0,0,0.0,0,0.0,0.0,688,239.0,0,0,0.0,628.0,242.0,0,0,0.0,512.0,210.0,0.0,0.0,0.0,1275,2,1043,15,1.0,0.5,0.0,0.0,0.0,0.0,0.0,0.0,0.0,0.0,0.0,618.0,241.0,0.0,610.0,241.0,0.0,580.0,236.0,0.0,620.0,241.0,,,,28,,Marli,Salmon,Salmon,,,0,0,0,0,0,0,0,0,0,0,0,0,0,,,,0.0,0.0,0.0,0.0,0.0,0,0,0
762,a,,,4.5,513,316.0,0,0.0,0,0.0,0.0,777,337.0,2,0,1.0,484.0,221.0,0,6,0.0,687.0,279.0,0.0,0.4,0.0,644,1,363,5,0.0,-0.5,0.0,0.0,0.0,0.73,0.0,0.0,0.0,9.39,1.4,490.0,227.0,1.0,467.0,225.0,0.0,735.0,316.0,0.3,497.0,230.0,,,,28,,Joél,Drakes-Thomas,Drakes-Thomas,,,7,0,0,0,1,0,0,0,0,0,0,0,3,,,,0.0,0.0,12.86,0.0,38.57,1,0,2
288,a,100.0,75.0,4.3,585,28.0,0,0.0,-2,2.0,0.1,457,69.0,0,0,0.0,644.0,89.0,0,0,0.0,544.0,83.0,0.0,0.0,0.0,4484,2,11958,29,0.5,0.0,0.0,0.0,0.0,0.0,0.0,0.0,0.0,0.0,0.0,634.0,89.0,0.0,629.0,80.0,0.0,605.0,69.0,0.0,636.0,89.0,,,,28,,Mark,Travers,Travers,,,0,0,0,0,0,0,0,0,0,0,0,0,0,,,,0.0,0.0,0.0,0.0,0.0,0,0,0
289,u,0.0,0.0,3.9,759,80.0,0,0.0,-1,1.0,0.1,490,73.0,0,0,0.0,552.0,49.0,0,0,0.0,429.0,40.0,0.0,0.0,0.0,4633,0,9912,17,0.0,0.0,0.0,0.0,0.0,0.0,0.0,0.0,0.0,0.0,0.0,542.0,49.0,0.0,530.0,33.0,0.0,497.0,20.0,0.0,544.0,49.0,,,,28,,Harry,Tyrer,Tyrer,has joined Cardiff City permanently.,,0,0,0,0,0,0,0,0,0,0,0,0,0,,,,0.0,0.0,0.0,0.0,0.0,0,0,0
290,a,100.0,100.0,5.3,198,23.0,0,0.0,-2,2.0,0.3,344,125.0,18,9,3.0,195.0,75.0,0,56,3.4,79.0,23.0,0.6,3.4,0.0,19417,2389,72509,89,3.9,3.4,0.22,0.08,0.3,5.27,0.05,0.02,0.07,1.16,104.4,344.0,130.0,29.5,375.0,133.0,57.0,310.0,94.0,19.1,370.0,128.0,,,,28,,Jarrad,Branthwaite,Branthwaite,,,408,1,1,0,6,0,0,0,1,0,0,4,37,,,,0.0,0.0,1.32,0.88,8.16,8,29,20
291,a,,,5.7,112,8.0,0,0.0,2,-2.0,10.7,33,12.0,121,3,4.3,44.0,20.0,6,442,1.8,194.0,71.0,0.3,21.2,0.0,2289776,4587,1783419,6736,2.3,1.8,1.91,1.31,3.22,40.38,0.07,0.05,0.12,1.44,701.0,9.0,3.0,184.8,173.0,42.0,246.0,97.0,11.0,113.6,53.0,7.0,,,,28,,James,Tarkowski,Tarkowski,,,2520,0,1,9,33,0,0,0,5,0,0,28,326,,,,0.0,0.32,1.18,1.0,10.71,38,262,67
135,a,100.0,100.0,7.3,24,9.0,0,0.0,-2,2.0,0.6,236,34.0,19,1,1.6,398.0,48.0,0,57,0.8,298.0,40.0,0.1,2.6,0.0,236078,115,448960,304,0.3,0.8,1.92,0.53,2.45,7.01,0.41,0.11,0.52,1.5,52.0,407.0,45.0,35.5,364.0,47.0,137.0,196.0,41.0,21.7,358.0,43.0,,,,28,,Yoane,Wissa,Wissa,,,421,1,0,1,8,0,0,0,1,0,0,4,18,,,,0.0,0.21,1.71,0.86,3.85,2,3,13
507,a,100.0,100.0,4.7,379,63.0,0,0.0,-3,3.0,2.3,127,48.0,36,0,3.3,145.0,55.0,3,140,2.2,157.0,55.0,0.5,7.7,0.0,316579,338,1614724,644,1.7,2.2,0.28,0.63,0.91,17.63,0.03,0.06,0.09,1.64,168.0,283.0,112.0,110.9,236.0,64.0,54.0,314.0,98.0,33.4,315.0,107.0,,,,28,,Ola,Aina,Aina,,,968,0,1,3,13,0,0,0,3,0,0,11,95,,,,0.0,0.28,1.21,1.02,6.97,13,62,60
25,u,0.0,0.0,5.0,271,166.0,0,0.0,-5,5.0,0.1,449,154.0,8,0,1.3,430.0,193.0,0,20,0.0,749.0,322.0,0.0,1.6,0.0,13149,0,36793,25,0.0,0.0,0.23,0.08,0.31,0.73,0.13,0.04,0.17,0.4,8.6,461.0,208.0,22.5,386.0,196.0,24.0,365.0,188.0,5.4,440.0,196.0,,,,28,,Ethan,Nwaneri,Nwaneri,has joined Marseille on loan for the rest of the season.,,165,0,0,1,0,0,0,0,0,0,0,0,13,,,,0.0,0.55,0.0,0.0,7.09,2,1,10
26,a,100.0,100.0,5.3,199,124.0,0,0.0,-2,2.0,5.0,72,25.0,109,0,3.9,80.0,38.0,9,499,4.7,27.0,12.0,0.9,20.6,0.0,1294356,2407,968895,5293,5.7,5.2,2.56,1.86,4.42,18.21,0.1,0.07,0.17,0.7,521.6,59.0,15.0,318.1,81.0,60.0,238.0,100.0,62.0,107.9,61.0,41.0,,,,28,,Martín,Zubimendi Ibáñez,Zubimendi,,,2355,5,1,13,19,0,0,0,4,0,0,27,239,,,,0.0,0.5,0.73,1.03,9.13,49,97,93
321,a,,,4.3,587,132.0,0,0.0,-2,2.0,0.1,561,202.0,38,0,2.9,199.0,79.0,1,151,0.8,278.0,98.0,0.2,8.8,0.0,6561,9,7023,15,0.8,0.8,0.05,0.53,0.58,14.51,0.0,0.05,0.05,1.4,235.4,231.0,89.0,47.1,344.0,117.0,14.0,391.0,140.0,29.8,329.0,113.0,,,,28,,Jorge,Cuenca Barreno,J.Cuenca,,,930,0,0,2,11,0,0,0,5,0,0,11,117,,,,0.0,0.19,1.06,1.06,10.74,16,95,40
322,a,100.0,100.0,4.5,413,75.0,0,0.0,0,0.0,0.3,342,123.0,71,0,3.7,94.0,33.0,5,268,1.2,234.0,87.0,0.3,15.8,0.0,156674,189,151902,68,1.2,1.2,0.7,1.1,1.8,22.87,0.04,0.06,0.1,1.35,372.2,125.0,55.0,180.1,176.0,43.0,90.0,251.0,69.0,64.3,186.0,61.0,,,,28,,Kenny,Tete,Tete,,,1530,1,0,5,23,0,0,0,2,0,0,18,167,,,,0.0,0.29,1.35,1.06,8.47,60,84,70
323,a,,,3.8,813,260.0,0,0.0,-2,2.0,0.1,418,155.0,0,0,0.0,535.0,198.0,0,0,0.0,411.0,159.0,0.0,0.0,0.0,9191,17,16865,21,0.0,0.0,0.0,0.0,0.0,0.0,0.0,0.0,0.0,0.0,0.0,525.0,197.0,0.0,512.0,197.0,0.0,479.0,189.0,0.0,527.0,197.0,,,,28,,Samuel,Amissah,Amissah,,,0,0,0,0,0,0,0,0,0,0,0,0,0,,,,0.0,0.0,0.0,0.0,0.0,0,0,0
767,a,,,4.5,494,303.0,0,0.0,0,0.0,0.0,767,330.0,0,0,0.0,741.0,310.0,0,0,0.0,672.0,268.0,0.0,0.0,0.0,1015,5,625,12,-1.0,-0.5,0.0,0.0,0.0,0.0,0.0,0.0,0.0,0.0,0.0,740.0,309.0,0.0,734.0,309.0,0.0,721.0,305.0,0.0,740.0,309.0,,,,28,,Luke,Rawlings,Rawlings,,,0,0,0,0,0,0,0,0,0,0,0,0,0,,,,0.0,0.0,0.0,0.0,0.0,0,0,0
10,a,,,5.1,239,36.0,0,0.0,-4,4.0,1.4,161,63.0,12,0,0.9,506.0,175.0,0,36,0.0,761.0,259.0,0.0,2.4,0.0,134113,110,464026,207,1.0,0.5,0.05,0.06,0.11,5.26,0.01,0.02,0.03,1.52,31.2,427.0,160.0,45.5,348.0,121.0,18.0,385.0,136.0,9.4,416.0,150.0,,,,28,,Myles,Lewis-Skelly,Lewis-Skelly,,,311,0,0,0,5,0,0,0,3,0,0,1,21,,,,0.0,0.0,1.45,0.29,4.05,4,10,14
41,a,100.0,100.0,4.3,586,131.0,0,0.0,-2,2.0,0.3,311,114.0,50,1,3.1,172.0,66.0,2,225,0.6,302.0,106.0,0.1,11.6,0.0,70398,55,95423,120,0.1,1.1,0.63,0.34,0.97,17.98,0.04,0.02,0.06,1.25,251.8,215.0,84.0,37.8,360.0,127.0,55.0,313.0,97.0,34.7,308.0,104.0,,,,28,,Pau,Torres,Pau,,,1296,0,1,4,15,1,0,0,0,0,0,14,121,,,,0.0,0.28,1.04,0.97,6.53,18,76,66
59,a,100.0,100.0,4.8,367,229.0,0,0.0,-2,2.0,0.7,216,74.0,62,2,3.3,146.0,64.0,3,276,2.2,160.0,69.0,0.5,12.9,0.0,157370,315,271131,368,1.7,2.7,1.06,0.28,1.34,19.88,0.07,0.02,0.09,1.39,320.8,172.0,66.0,84.7,281.0,164.0,123.0,216.0,119.0,52.8,227.0,111.0,,,,28,,Amadou,Onana,Onana,,,1288,2,0,5,15,0,0,0,2,0,0,16,168,,,,0.0,0.35,1.05,1.12,11.74,34,81,53
64,a,100.0,100.0,8.6,10,5.0,0,0.0,-4,4.0,8.8,42,7.0,99,2,3.7,106.0,8.0,11,351,1.6,211.0,28.0,0.2,11.5,0.0,2206012,645,4169635,21915,1.1,2.1,9.8,1.01,10.81,31.67,0.43,0.04,0.47,1.37,382.6,120.0,10.0,226.3,133.0,9.0,740.0,4.0,3.0,134.3,28.0,7.0,,,3.0,28,,Ollie,Watkins,Watkins,,,2074,8,2,8,25,0,0,0,1,0,0,24,71,,,,0.0,0.35,1.08,1.04,3.08,17,15,39
65,u,0.0,0.0,4.5,482,69.0,0,0.0,0,0.0,0.3,322,55.0,0,0,0.0,731.0,78.0,0,0,0.0,661.0,67.0,0.0,0.0,0.0,17574,0,84874,20,0.0,0.0,0.0,0.0,0.0,0.0,0.0,0.0,0.0,0.0,0.0,729.0,78.0,0.0,724.0,77.0,0.0,711.0,77.0,0.0,730.0,78.0,,,,28,,Zépiqueno,Redmond,Redmond,has joined Huddersfield Town on loan for the rest of the season.,,0,0,0,0,0,0,0,0,0,0,0,0,0,,,,0.0,0.0,0.0,0.0,0.0,0,0,0
743,a,,,4.5,499,307.0,0,0.0,0,0.0,0.0,727,304.0,0,0,0.0,743.0,312.0,0,0,0.0,675.0,271.0,0.0,0.0,0.0,1477,4,1314,9,0.5,-0.5,0.0,0.0,0.0,0.0,0.0,0.0,0.0,0.0,0.0,743.0,312.0,0.0,737.0,312.0,0.0,724.0,308.0,0.0,743.0,312.0,,,,28,,Landon,Emenalo,Emenalo,,,0,0,0,0,0,0,0,0,0,0,0,0,0,,,,0.0,0.0,0.0,0.0,0.0,0,0,0
295,a,100.0,100.0,4.6,397,66.0,0,0.0,1,-1.0,3.5,96,34.0,106,1,4.4,35.0,13.0,8,326,2.0,172.0,61.0,0.4,23.0,0.0,1396496,4047,1023594,2890,2.5,2.0,1.91,0.19,2.1,32.8,0.09,0.01,0.1,1.52,576.0,38.0,15.0,28.5,376.0,134.0,228.0,106.0,13.0,83.2,121.0,37.0,,,,28,,Michael,Keane,Keane,,,1948,3,0,6,28,0,0,0,0,1,0,22,253,,,,0.0,0.28,1.29,1.02,10.3,26,197,70
296,a,100.0,100.0,4.4,536,115.0,0,0.0,-1,1.0,0.0,622,222.0,21,0,3.5,119.0,41.0,0,68,0.2,364.0,130.0,0.0,4.8,0.0,5683,11,6278,29,0.7,0.2,0.03,0.04,0.07,3.55,0.01,0.02,0.03,1.35,63.6,394.0,151.0,6.4,436.0,157.0,17.0,387.0,137.0,8.6,423.0,152.0,,,,28,,Nathan,Patterson,Patterson,,,237,0,0,2,1,0,0,0,0,0,0,3,30,,,,0.0,0.76,0.38,1.14,11.39,10,20,14
297,u,0.0,0.0,3.8,799,247.0,0,0.0,-2,2.0,0.2,399,148.0,0,0,0.0,526.0,190.0,0,0,0.0,400.0,149.0,0.0,0.0,0.0,9298,0,21214,42,0.0,0.0,0.0,0.0,0.0,0.0,0.0,0.0,0.0,0.0,0.0,516.0,189.0,0.0,501.0,187.0,0.0,467.0,178.0,0.0,518.0,189.0,,,,28,,Roman,Dixon,Dixon,has joined Stockport County on loan for the rest of the season.,,0,0,0,0,0,0,0,0,0,0,0,0,0,,,,0.0,0.0,0.0,0.0,0.0,0,0,0
72,a,100.0,100.0,4.9,315,50.0,0,0.0,4,-4.0,16.2,21,7.0,115,4,4.3,39.0,16.0,6,376,4.2,46.0,14.0,0.9,23.5,0.0,4754667,9795,3020408,3645,4.2,4.2,1.25,3.99,5.24,40.84,0.05,0.15,0.2,1.54,847.0,2.0,1.0,295.3,89.0,21.0,165.0,156.0,33.0,131.0,33.0,2.0,,,,28,,Marcos,Senesi Barón,Senesi,,,2388,0,4,7,45,0,0,0,8,0,0,27,367,,,,0.0,0.26,1.7,1.02,12.21,47,277,111
73,a,100.0,100.0,4.4,517,98.0,0,0.0,-1,1.0,0.2,385,144.0,30,0,1.9,342.0,128.0,0,86,1.8,189.0,67.0,0.4,6.8,0.0,25751,50,41007,57,1.8,1.8,0.0,0.11,0.11,12.46,0.0,0.01,0.01,1.54,82.8,368.0,139.0,32.3,372.0,131.0,18.0,383.0,134.0,13.3,394.0,142.0,,,,28,,Adam,Smith,Smith,,,727,0,1,3,15,0,0,0,2,0,0,10,44,,,,0.0,0.37,1.86,1.24,5.08,7,34,18
76,a,,,3.8,802,250.0,0,0.0,-2,2.0,0.2,386,145.0,0,0,0.0,529.0,193.0,0,0,0.0,403.0,152.0,0.0,0.0,0.0,14969,69,18938,45,0.0,0.0,0.0,0.0,0.0,0.0,0.0,0.0,0.0,0.0,0.0,519.0,192.0,0.0,504.0,190.0,0.0,470.0,181.0,0.0,521.0,192.0,,,,28,,Owen,Bevan,Bevan,,,0,0,0,0,0,0,0,0,0,0,0,0,0,,,,0.0,0.0,0.0,0.0,0.0,0,0,0
30,d,75.0,75.0,7.3,25,10.0,0,0.0,-2,2.0,0.5,256,40.0,8,0,2.7,250.0,28.0,0,40,1.2,252.0,31.0,0.2,1.1,0.0,110051,17,188692,917,1.7,1.3,0.21,0.06,0.27,1.11,0.12,0.03,0.15,0.64,32.2,425.0,50.0,32.6,371.0,48.0,22.0,373.0,54.0,8.8,421.0,53.0,,,,28,,Kai,Havertz,Havertz,Muscle injury - 75% chance of playing,,156,0,1,2,0,0,0,0,0,0,0,2,10,,,,0.0,1.15,0.0,1.15,5.77,2,5,3
31,a,100.0,100.0,6.4,55,20.0,0,0.0,-1,1.0,0.5,267,43.0,17,0,1.5,415.0,51.0,0,68,1.0,272.0,35.0,0.2,2.7,0.0,145850,178,107473,1170,2.0,1.5,1.75,0.19,1.94,3.56,0.52,0.06,0.58,1.05,100.6,350.0,36.0,24.9,383.0,49.0,207.0,115.0,29.0,33.0,317.0,37.0,,,,28,,Gabriel,Fernando de Jesus,G.Jesus,,,304,2,0,0,6,0,0,0,2,0,0,2,26,,,,0.0,0.0,1.78,0.59,7.7,4,4,18
266,a,,,7.2,31,18.0,0,0.0,-3,3.0,7.9,46,15.0,86,0,3.7,104.0,49.0,8,324,3.0,111.0,49.0,0.4,11.9,0.0,3310643,3413,3708202,1247,4.0,3.5,3.48,2.0,5.48,7.38,0.26,0.15,0.41,0.54,330.2,158.0,56.0,211.7,149.0,102.0,349.0,57.0,35.0,89.1,102.0,60.0,,,,28,,Eberechi,Eze,Eze,,,1224,6,3,6,9,0,0,0,1,0,0,14,81,,,,0.0,0.44,0.66,1.03,5.96,13,17,51
662,a,100.0,100.0,5.3,202,25.0,0,0.0,-2,2.0,0.1,427,158.0,22,0,1.8,374.0,139.0,1,113,0.8,292.0,101.0,0.2,4.2,0.0,44977,77,51723,34,1.8,1.3,0.0,0.46,0.46,4.61,0.0,0.08,0.08,0.75,128.2,321.0,121.0,37.3,361.0,128.0,8.0,414.0,155.0,17.3,377.0,133.0,,,,28,,Cristhian,Mosquera,Mosquera,,,552,0,0,1,5,0,0,0,1,0,0,5,68,,,,0.0,0.16,0.82,0.82,8.97,19,36,22
711,a,,,4.4,572,342.0,0,0.0,-1,1.0,0.0,700,289.0,0,0,0.0,687.0,268.0,0,0,0.0,606.0,218.0,0.0,0.0,0.0,1879,10,1748,5,1.0,0.5,0.0,0.0,0.0,0.0,0.0,0.0,0.0,0.0,0.0,681.0,263.0,0.0,675.0,266.0,0.0,656.0,258.0,0.0,683.0,265.0,,,,28,,Andre,Harriman-Annous,Harriman-Annous,,,0,0,0,0,0,0,0,0,0,0,0,0,0,,,,0.0,0.0,0.0,0.0,0.0,0,0,0
766,a,,,4.0,724,200.0,0,0.0,0,0.0,0.0,664,233.0,0,0,0.0,625.0,239.0,0,0,0.0,509.0,207.0,0.0,0.0,0.0,2755,32,1385,22,-1.0,-0.5,0.0,0.0,0.0,0.0,0.0,0.0,0.0,0.0,0.0,615.0,238.0,0.0,607.0,238.0,0.0,577.0,233.0,0.0,617.0,238.0,,,,28,,Saheed,Olagunju,Olagunju,,,0,0,0,0,0,0,0,0,0,0,0,0,0,,,,0.0,0.0,0.0,0.0,0.0,0,0,0
5,a,100.0,100.0,7.1,33,1.0,0,0.0,11,-11.0,42.6,4,1.0,144,0,6.5,2.0,1.0,18,496,3.8,68.0,19.0,0.5,20.3,0.0,8038151,7131,5175628,5687,4.8,4.3,1.84,1.02,2.86,12.9,0.09,0.05,0.14,0.61,621.4,24.0,11.0,104.5,248.0,72.0,192.0,133.0,25.0,91.6,91.0,23.0,,,,28,,Gabriel,dos Santos Magalhães,Gabriel,,,1895,3,3,12,14,0,0,0,2,0,0,21,201,,,,0.0,0.57,0.66,1.0,8.83,26,160,38
11,d,75.0,75.0,5.1,227,30.0,0,0.0,-4,4.0,0.5,260,97.0,30,0,4.3,40.0,17.0,3,112,0.0,757.0,257.0,0.0,5.9,0.0,346758,7,404418,344,0.8,0.4,0.43,0.49,0.92,6.13,0.09,0.11,0.2,1.35,111.4,338.0,127.0,92.7,268.0,83.0,46.0,325.0,105.0,25.0,348.0,119.0,,,,28,,Benjamin,White,White,Knock - 75% chance of playing,,409,0,1,3,4,0,0,0,0,0,0,5,40,,,,0.0,0.66,0.88,1.1,7.92,13,23,18
13,a,,,3.8,810,258.0,0,0.0,-2,2.0,0.4,272,100.0,0,0,0.0,532.0,196.0,0,0,0.0,408.0,157.0,0.0,0.0,0.0,51676,33,77927,72,1.0,0.5,0.0,0.0,0.0,0.0,0.0,0.0,0.0,0.0,0.0,522.0,195.0,0.0,509.0,195.0,0.0,476.0,187.0,0.0,524.0,195.0,,,,28,,Brayden,Clarke,Clarke,,,0,0,0,0,0,0,0,0,0,0,0,0,0,,,,0.0,0.0,0.0,0.0,0.0,0,0,0
14,u,0.0,0.0,3.9,781,230.0,0,0.0,-1,1.0,0.1,489,175.0,0,0,0.0,570.0,208.0,0,0,0.0,448.0,171.0,0.0,0.0,0.0,10218,0,22629,5,0.0,0.0,0.0,0.0,0.0,0.0,0.0,0.0,0.0,0.0,0.0,560.0,207.0,0.0,549.0,207.0,0.0,516.0,199.0,0.0,562.0,207.0,,,,28,,Maldini,Kacurri,Kacurri,has joined Morecambe on loan for the rest of the season.,,0,0,0,0,0,0,0,0,0,0,0,0,0,,,,0.0,0.0,0.0,0.0,0.0,0,0,0
15,a,,,3.7,816,263.0,0,0.0,-3,3.0,0.2,352,128.0,0,0,0.0,517.0,182.0,0,0,0.0,387.0,137.0,0.0,0.0,0.0,27284,384,27881,142,1.0,0.5,0.0,0.0,0.0,0.0,0.0,0.0,0.0,0.0,0.0,506.0,180.0,0.0,490.0,177.0,0.0,456.0,168.0,0.0,508.0,180.0,,,,28,,Josh,Nichols,Nichols,,,0,0,0,0,0,0,0,0,0,0,0,0,0,,,,0.0,0.0,0.0,0.0,0.0,0,0,0
16,a,100.0,100.0,9.8,6,4.0,0,0.0,-2,2.0,7.6,52,19.0,119,0,5.0,15.0,8.0,13,451,3.0,114.0,52.0,0.3,12.1,0.0,4010725,4063,5019620,1411,4.0,3.5,6.71,5.36,12.07,11.44,0.35,0.28,0.63,0.6,491.2,68.0,19.0,680.6,9.0,9.0,698.0,7.0,2.0,187.2,6.0,4.0,2.0,2.0,1.0,28,,Bukayo,Saka,Saka,,,1725,5,8,8,15,0,0,0,1,0,0,19,145,,,,0.0,0.42,0.78,0.99,7.57,32,19,94
17,a,100.0,100.0,7.8,18,13.0,0,0.0,-2,2.0,1.6,150,50.0,62,0,3.1,184.0,79.0,5,252,1.5,216.0,94.0,0.2,7.9,0.0,376502,303,634211,325,2.5,2.0,1.01,2.91,3.92,12.89,0.08,0.24,0.32,1.08,259.6,212.0,91.0,434.7,38.0,35.0,144.0,188.0,105.0,83.7,120.0,68.0,4.0,,3.0,28,,Martin,Ødegaard,Ødegaard,,,1070,1,6,4,11,0,0,0,0,0,0,13,81,,,,0.0,0.34,0.93,1.09,6.81,17,13,51
18,a,100.0,100.0,6.8,44,27.0,0,0.0,-2,2.0,1.2,179,62.0,51,0,2.7,249.0,103.0,6,174,4.8,25.0,10.0,0.7,7.5,0.0,364100,1220,368708,1538,5.8,5.3,0.96,1.98,2.94,8.68,0.1,0.21,0.31,0.94,182.2,268.0,112.0,242.3,125.0,85.0,284.0,81.0,49.0,70.8,154.0,82.0,3.0,,,28,,Noni,Madueke,Madueke,,,829,2,1,5,7,0,0,0,0,0,0,11,46,,,,0.0,0.54,0.76,1.19,4.99,15,11,20
19,a,100.0,100.0,6.8,46,29.0,0,0.0,-2,2.0,0.9,197,68.0,41,0,1.9,355.0,155.0,1,141,2.0,185.0,83.0,0.3,6.0,0.0,183579,118,253489,459,3.0,2.5,3.42,0.9,4.32,6.65,0.43,0.11,0.54,0.83,147.2,302.0,136.0,128.5,214.0,141.0,316.0,71.0,42.0,58.7,204.0,102.0,,,,28,,Gabriel,Martinelli Silva,Martinelli,,,717,1,3,2,5,0,0,0,2,0,0,8,57,,,,0.0,0.25,0.63,1.0,7.15,10,10,37
20,a,100.0,100.0,6.7,48,30.0,0,0.0,-3,3.0,1.0,187,67.0,97,0,4.0,68.0,31.0,9,348,2.3,153.0,67.0,0.3,14.5,0.0,529029,688,458331,1126,3.3,2.8,4.8,2.57,7.37,10.64,0.27,0.15,0.42,0.6,401.4,109.0,35.0,434.9,37.0,34.0,419.0,35.0,19.0,125.8,37.0,27.0,,,4.0,28,,Leandro,Trossard,Trossard,,,1590,5,5,8,13,0,0,0,1,0,0,17,107,,,,0.0,0.45,0.74,0.96,6.06,24,21,62
21,a,100.0,100.0,7.5,22,15.0,-1,1.0,10,-10.0,33.2,9,3.0,152,0,5.6,8.0,5.0,21,634,4.3,44.0,20.0,0.6,20.3,0.0,6825807,14393,3751655,13610,5.3,4.8,2.95,5.98,8.93,15.91,0.11,0.23,0.34,0.62,692.0,11.0,3.0,839.5,3.0,3.0,265.0,86.0,53.0,179.8,8.0,6.0,1.0,1.0,,28,,Declan,Rice,Rice,,,2325,4,8,12,20,0,0,0,2,0,0,26,291,,,,0.0,0.46,0.77,1.01,11.26,50,97,144
22,i,0.0,0.0,5.4,164,101.0,0,0.0,-6,6.0,0.8,204,71.0,66,0,3.1,181.0,77.0,5,238,0.0,776.0,339.0,0.0,12.2,0.0,835894,6,835280,675,0.0,0.0,2.99,1.45,4.44,6.59,0.27,0.13,0.4,0.6,304.4,184.0,73.0,187.0,169.0,116.0,237.0,101.0,63.0,72.6,148.0,79.0,,,,28,,Mikel,Merino Zazón,Merino,Foot injury - Unknown return date,,996,4,3,4,9,0,0,0,1,0,0,10,111,,,,0.0,0.36,0.81,0.9,10.03,26,30,55
23,u,0.0,0.0,5.4,172,107.0,0,0.0,-1,1.0,0.0,682,279.0,0,0,0.0,800.0,353.0,0,0,0.0,780.0,341.0,0.0,0.0,0.0,933,0,4426,1,0.0,0.0,0.0,0.0,0.0,0.0,0.0,0.0,0.0,0.0,0.0,800.0,353.0,0.0,799.0,353.0,0.0,797.0,352.0,0.0,800.0,353.0,,,,28,,Fábio,Ferreira Vieira,Fábio Vieira,has joined Hamburger on loan for the rest of the season.,,0,0,0,0,0,0,0,0,0,0,0,0,0,,,,0.0,0.0,0.0,0.0,0.0,0,0,0
24,a,100.0,100.0,5.1,225,138.0,0,0.0,-4,4.0,0.1,435,147.0,4,0,1.0,496.0,230.0,0,14,0.2,377.0,171.0,0.0,0.8,0.0,7529,14,61009,19,1.2,0.7,0.05,0.0,0.05,2.18,0.14,0.0,0.14,6.13,15.6,450.0,201.0,0.4,477.0,231.0,7.0,421.0,204.0,2.4,464.0,211.0,,,,28,,Christian,Nørgaard,Nørgaard,,,32,0,0,0,1,0,0,0,0,0,0,0,9,,,,0.0,0.0,2.81,0.0,25.31,0,6,3
28,u,0.0,0.0,4.5,485,296.0,0,0.0,0,0.0,0.1,484,171.0,0,0,0.0,733.0,304.0,0,0,0.0,664.0,262.0,0.0,0.0,0.0,6731,0,30224,5,0.0,0.0,0.0,0.0,0.0,0.0,0.0,0.0,0.0,0.0,0.0,732.0,303.0,0.0,726.0,303.0,0.0,713.0,299.0,0.0,732.0,303.0,,,,28,,Ismeal,Kabia,Kabia,has joined Shrewsbury Town on loan for the rest of the season.,,0,0,0,0,0,0,0,0,0,0,0,0,0,,,,0.0,0.0,0.0,0.0,0.0,0,0,0
29,u,0.0,0.0,4.5,429,256.0,0,0.0,0,0.0,0.0,586,221.0,0,0,0.0,698.0,274.0,0,0,0.0,621.0,225.0,0.0,0.0,0.0,2952,0,14056,6,0.0,0.0,0.0,0.0,0.0,0.0,0.0,0.0,0.0,0.0,0.0,692.0,269.0,0.0,688.0,272.0,0.0,671.0,265.0,0.0,694.0,271.0,,,,28,,Albert,Sambi Lokonga,Sambi,has joined Hamburger permanently.,,0,0,0,0,0,0,0,0,0,0,0,0,0,,,,0.0,0.0,0.0,0.0,0.0,0,0,0
666,a,100.0,100.0,8.8,8,4.0,0,0.0,-2,2.0,12.3,27,5.0,91,0,3.5,130.0,12.0,11,346,5.8,9.0,3.0,0.7,10.3,0.0,3346067,10633,4872938,4011,6.8,6.3,8.2,1.69,9.89,12.22,0.43,0.09,0.52,0.64,373.6,124.0,11.0,192.4,166.0,13.0,581.0,20.0,12.0,113.9,52.0,11.0,,,2.0,28,,Viktor,Gyökeres,Gyökeres,,,1726,10,0,10,10,0,0,0,4,0,0,21,63,,,,0.0,0.52,0.52,1.1,3.29,6,18,39
700,d,75.0,75.0,4.2,647,367.0,0,0.0,-3,3.0,0.5,264,92.0,5,0,2.5,270.0,114.0,0,13,0.0,537.0,179.0,0.0,1.2,0.0,173679,989,133680,521,0.8,0.4,0.14,0.02,0.16,0.12,0.47,0.07,0.54,0.4,1.0,494.0,228.0,0.8,468.0,226.0,26.0,361.0,186.0,2.8,458.0,208.0,,,,28,,Max,Dowman,Dowman,Lack of match fitness - 75% chance of playing,,27,0,1,0,0,0,0,0,0,0,0,0,3,,,,0.0,0.0,0.0,0.0,10.0,2,0,1
725,a,100.0,100.0,5.1,236,34.0,0,0.0,-4,4.0,0.7,213,81.0,61,0,3.4,138.0,51.0,5,242,4.3,43.0,12.0,0.8,12.0,0.0,504457,1643,420558,358,5.3,4.8,0.33,1.35,1.68,12.26,0.02,0.09,0.11,0.85,331.0,157.0,68.0,156.6,190.0,48.0,53.0,317.0,100.0,53.9,222.0,75.0,,,,28,,Piero,Hincapié,Hincapie,,,1303,1,1,3,15,0,0,0,2,0,0,15,118,,,,0.0,0.21,1.04,1.04,8.15,33,85,49
32,a,100.0,100.0,5.1,224,7.0,0,0.0,1,-1.0,4.8,76,13.0,96,1,4.0,61.0,2.0,10,409,4.0,56.0,6.0,0.8,18.8,0.0,924050,1014,583057,7602,3.5,4.5,0.0,0.05,0.05,30.16,0.0,0.0,0.0,1.28,533.8,52.0,12.0,3.2,448.0,12.0,0.0,789.0,90.0,53.7,224.0,13.0,,,,28,,Emiliano,Martínez Romero,Martinez,,,2115,0,0,6,22,0,1,0,2,0,68,24,78,,,,2.89,0.26,0.94,1.02,0.0,0,23,199
33,a,100.0,100.0,4.2,626,32.0,0,0.0,-3,3.0,0.4,283,37.0,11,0,2.2,308.0,27.0,0,51,0.0,525.0,81.0,0.0,2.6,0.0,83557,27,114524,59,-0.5,0.5,0.0,0.0,0.0,8.53,0.0,0.0,0.0,1.9,92.8,361.0,28.0,0.0,620.0,77.0,0.0,593.0,64.0,9.3,418.0,28.0,,,,28,,Marco,Bizot,M.Bizot,,,405,0,0,1,8,0,0,0,2,0,13,4,23,,,,2.89,0.22,1.78,0.89,0.0,0,6,41
34,u,0.0,0.0,4.0,684,53.0,0,0.0,0,0.0,0.1,494,74.0,0,0,0.0,592.0,72.0,0,0,0.0,472.0,64.0,0.0,0.0,0.0,0,0,17260,8,0.0,0.0,0.0,0.0,0.0,0.0,0.0,0.0,0.0,0.0,0.0,582.0,72.0,0.0,574.0,60.0,0.0,543.0,47.0,0.0,584.0,72.0,,,,28,,Joe,Gauci,Gauci,Has joined Port Vale on loan for the rest of the season.,,0,0,0,0,0,0,0,0,0,0,0,0,0,,,,0.0,0.0,0.0,0.0,0.0,0,0,0
35,u,0.0,0.0,4.0,683,52.0,0,0.0,0,0.0,0.0,749,84.0,0,0,0.0,591.0,71.0,0,0,0.0,471.0,63.0,0.0,0.0,0.0,0,0,1258,0,0.0,0.0,0.0,0.0,0.0,0.0,0.0,0.0,0.0,0.0,0.0,581.0,71.0,0.0,573.0,59.0,0.0,542.0,46.0,0.0,583.0,71.0,,,,28,,Filip,Marschall,Marschall,Has joined Stevenage permanently.,,0,0,0,0,0,0,0,0,0,0,0,0,0,,,,0.0,0.0,0.0,0.0,0.0,0,0,0
36,a,100.0,100.0,4.9,301,46.0,0,0.0,4,-4.0,10.9,32,11.0,101,0,3.9,76.0,28.0,6,391,1.2,240.0,89.0,0.2,20.6,0.0,2799591,1437,1804860,20827,0.7,1.7,1.04,2.44,3.48,34.08,0.04,0.1,0.14,1.33,531.2,54.0,25.0,413.2,44.0,4.0,188.0,138.0,27.0,113.3,54.0,8.0,5.0,,,28,,Matty,Cash,Cash,,,2307,3,2,7,25,0,0,0,6,0,0,26,172,,,,0.0,0.27,0.98,1.01,5.81,48,101,72
37,a,100.0,100.0,4.5,409,73.0,0,0.0,0,0.0,1.5,155,62.0,74,2,3.1,174.0,67.0,4,289,1.2,233.0,86.0,0.3,16.4,0.0,308244,242,350811,734,0.7,1.7,0.54,2.3,2.84,20.64,0.04,0.15,0.19,1.35,279.6,199.0,79.0,308.9,87.0,20.0,108.0,228.0,58.0,69.5,158.0,54.0,,2.0,,28,,Lucas,Digne,Digne,,,1378,0,4,6,14,0,0,0,3,0,0,16,103,,,,0.0,0.39,0.91,1.04,5.16,26,53,53
40,a,100.0,100.0,4.3,578,126.0,0,0.0,-2,2.0,0.7,218,83.0,41,0,3.7,93.0,32.0,4,148,3.2,87.0,26.0,0.7,9.5,0.0,150782,225,196178,598,2.7,3.7,0.65,0.34,0.99,12.82,0.07,0.04,0.11,1.48,183.8,265.0,109.0,67.8,306.0,102.0,55.0,312.0,96.0,30.7,327.0,111.0,,,,28,,Tyrone,Mings,Mings,,,782,0,1,3,8,0,0,0,0,0,0,9,81,,,,0.0,0.35,0.92,1.04,7.48,3,62,22
42,a,100.0,100.0,3.9,782,231.0,0,0.0,-1,1.0,0.2,371,136.0,2,0,0.7,510.0,176.0,0,0,0.2,353.0,122.0,0.1,0.5,0.0,28091,52,40522,32,-0.3,0.7,0.0,0.01,0.01,1.52,0.0,0.03,0.03,4.15,0.8,498.0,176.0,1.6,456.0,166.0,0.0,517.0,200.0,0.2,500.0,176.0,,,,28,,Andrés,García,A.García,,,33,0,0,0,2,0,0,0,0,0,0,0,0,,,,0.0,0.0,5.45,0.0,0.0,0,0,2
43,u,0.0,0.0,4.0,662,161.0,0,0.0,0,0.0,1.6,153,61.0,0,0,0.0,575.0,210.0,0,0,0.0,453.0,173.0,0.0,0.0,0.0,44476,0,886430,124,0.0,0.0,0.0,0.0,0.0,0.0,0.0,0.0,0.0,0.0,0.0,565.0,209.0,0.0,555.0,209.0,0.0,523.0,202.0,0.0,567.0,209.0,,,,28,,Álex,Moreno Lopera,Alex Moreno,Has joined Girona permanently.,,0,0,0,0,0,0,0,0,0,0,0,0,0,,,,0.0,0.0,0.0,0.0,0.0,0,0,0
44,a,100.0,100.0,4.0,703,183.0,0,0.0,0,0.0,0.6,249,94.0,33,0,1.5,399.0,145.0,4,110,2.0,169.0,58.0,0.5,8.2,0.0,105673,179,88721,211,1.5,2.5,0.0,0.16,0.16,9.46,0.0,0.02,0.02,1.29,91.8,363.0,137.0,45.7,347.0,120.0,10.0,402.0,146.0,14.7,387.0,138.0,,,,28,,Lamare,Bogarde,Bogarde,,,662,0,0,2,8,0,0,0,5,0,0,7,48,,,,0.0,0.27,1.09,0.95,5.3,16,23,23
45,u,0.0,0.0,3.8,800,248.0,0,0.0,-2,2.0,0.3,330,119.0,0,0,0.0,527.0,191.0,0,0,0.0,401.0,150.0,0.0,0.0,0.0,22076,0,36843,114,0.0,0.0,0.0,0.0,0.0,0.0,0.0,0.0,0.0,0.0,0.0,517.0,190.0,0.0,502.0,188.0,0.0,468.0,179.0,0.0,519.0,190.0,,,,28,,Lino,da Cruz Sousa,Sousa,has joined Rotherham on loan for the rest of the season.,,0,0,0,0,0,0,0,0,0,0,0,0,0,,,,0.0,0.0,0.0,0.0,0.0,0,0,0
46,u,0.0,0.0,4.0,719,196.0,0,0.0,0,0.0,0.1,459,169.0,0,0,0.0,620.0,235.0,0,0,0.0,504.0,203.0,0.0,0.0,0.0,4656,0,20915,7,0.0,0.0,0.0,0.0,0.0,0.0,0.0,0.0,0.0,0.0,0.0,610.0,234.0,0.0,602.0,234.0,0.0,572.0,229.0,0.0,612.0,234.0,,,,28,,Yasin,Özcan,Yasin,has joined Anderlecht on loan for the rest of the season.,,0,0,0,0,0,0,0,0,0,0,0,0,0,,,,0.0,0.0,0.0,0.0,0.0,0,0,0
47,a,100.0,100.0,7.7,19,14.0,0,0.0,7,-7.0,31.0,11,4.0,129,2,4.6,32.0,16.0,13,455,3.6,74.0,36.0,0.5,16.8,0.0,5891039,4420,3072930,75929,3.1,4.1,5.14,3.13,8.27,37.99,0.19,0.11,0.3,1.37,588.6,34.0,9.0,525.2,21.0,21.0,685.0,9.0,4.0,179.8,9.0,7.0,,1.0,,28,,Morgan,Rogers,Rogers,,,2497,8,5,8,30,0,0,0,5,0,0,28,171,,,,0.0,0.29,1.08,1.01,6.16,30,40,101
48,i,0.0,0.0,5.9,92,58.0,0,0.0,-1,1.0,0.6,229,79.0,52,0,3.1,182.0,78.0,3,289,0.0,793.0,351.0,0.0,8.8,0.0,158195,7,346431,263,0.0,0.0,0.97,2.53,3.5,23.03,0.07,0.18,0.25,1.6,317.2,174.0,67.0,401.3,47.0,41.0,147.0,182.0,103.0,86.6,109.0,63.0,3.0,,,28,,Youri,Tielemans,Tielemans,Ankle injury - Expected back 11 Apr,,1295,0,4,4,17,0,0,0,0,0,0,15,138,,,,0.0,0.28,1.18,1.04,9.59,38,33,67
49,a,100.0,100.0,5.5,141,87.0,0,0.0,0,0.0,0.1,481,168.0,6,0,1.0,501.0,235.0,0,20,1.0,269.0,122.0,0.2,1.1,0.0,6348,60,49684,100,0.5,1.5,0.27,0.61,0.88,2.18,0.11,0.25,0.36,0.89,28.4,432.0,192.0,99.3,256.0,157.0,41.0,335.0,175.0,16.9,379.0,178.0,2.0,,,28,,Leon,Bailey,Bailey,,,220,0,0,0,3,0,0,0,1,0,0,1,24,,,,0.0,0.0,1.23,0.41,9.82,4,1,19
50,a,100.0,100.0,5.3,189,117.0,0,0.0,-2,2.0,0.5,252,87.0,77,1,3.0,193.0,80.0,8,263,1.2,245.0,109.0,0.2,14.5,0.0,221786,127,179710,1459,0.7,1.7,2.71,1.49,4.2,19.22,0.19,0.1,0.29,1.34,324.8,166.0,63.0,289.0,91.0,68.0,304.0,74.0,43.0,90.5,96.0,56.0,,6.0,2.0,28,,Emiliano,Buendía Stati,Buendía,,,1293,5,2,3,13,0,0,0,5,0,0,16,140,,,,0.0,0.21,0.9,1.11,9.74,33,23,84
51,u,0.0,0.0,5.5,149,93.0,0,0.0,0,0.0,0.0,684,280.0,0,0,0.0,806.0,358.0,0,0,0.0,788.0,348.0,0.0,0.0,0.0,1383,0,3782,1,0.0,0.0,0.0,0.0,0.0,0.0,0.0,0.0,0.0,0.0,0.0,806.0,358.0,0.0,805.0,358.0,0.0,803.0,357.0,0.0,806.0,358.0,,,,28,,Samuel,Iling-Junior,Iling Jr,has joined Pisa on loan for the rest of the season.,,0,0,0,0,0,0,0,0,0,0,0,0,0,,,,0.0,0.0,0.0,0.0,0.0,0,0,0
53,u,0.0,0.0,5.1,228,140.0,0,0.0,-4,4.0,0.4,274,96.0,55,0,2.6,259.0,108.0,3,161,0.0,758.0,328.0,0.0,10.8,0.0,172896,0,338085,115,0.0,0.0,4.03,0.35,4.38,10.59,0.57,0.05,0.62,1.49,183.4,266.0,111.0,99.7,255.0,156.0,290.0,79.0,48.0,56.3,213.0,105.0,,,,28,,Donyell,Malen,Malen,has joined Roma on loan for the rest of the season.,,640,4,2,1,10,0,0,0,0,0,0,5,16,,,,0.0,0.14,1.41,0.7,2.25,4,2,10
54,i,0.0,0.0,5.4,158,97.0,0,0.0,-1,1.0,0.5,258,89.0,71,0,3.2,161.0,70.0,4,289,0.0,773.0,336.0,0.0,13.1,0.0,208225,6,241710,333,0.0,0.0,2.52,1.96,4.48,26.58,0.14,0.11,0.25,1.5,308.2,180.0,71.0,385.2,53.0,45.0,193.0,130.0,76.0,88.8,103.0,61.0,,,,28,,John,McGinn,McGinn,Knee injury - Expected back 21 Mar,,1591,3,2,7,21,0,0,0,3,0,0,21,126,,,,0.0,0.4,1.19,1.19,7.13,27,29,70
55,a,100.0,100.0,4.8,353,220.0,0,0.0,-2,2.0,0.0,613,237.0,19,1,1.7,381.0,165.0,0,79,0.8,281.0,127.0,0.2,4.0,0.0,5365,24,12114,19,0.3,1.3,0.57,0.36,0.93,3.73,0.24,0.15,0.39,1.55,76.2,380.0,168.0,71.1,302.0,171.0,63.0,296.0,160.0,21.0,362.0,173.0,,,,28,,Ross,Barkley,Barkley,,,216,1,1,0,2,0,0,0,0,0,0,0,26,,,,0.0,0.0,0.83,0.0,10.83,4,8,14
56,u,0.0,0.0,5.0,269,164.0,0,0.0,0,0.0,0.0,818,367.0,0,0,0.0,788.0,345.0,0,0,0.0,748.0,321.0,0.0,0.0,0.0,0,0,35,0,0.0,0.0,0.0,0.0,0.0,0.0,0.0,0.0,0.0,0.0,0.0,788.0,345.0,0.0,786.0,345.0,0.0,782.0,343.0,0.0,788.0,345.0,,,,28,,Enzo,Barrenechea,Barrenechea,Season-long loan to Benfica,,0,0,0,0,0,0,0,0,0,0,0,0,0,,,,0.0,0.0,0.0,0.0,0.0,0,0,0
57,u,0.0,0.0,5.0,261,160.0,0,0.0,0,0.0,0.0,663,268.0,0,0,0.0,784.0,342.0,0,0,0.0,744.0,318.0,0.0,0.0,0.0,889,0,5429,0,0.0,0.0,0.0,0.0,0.0,0.0,0.0,0.0,0.0,0.0,0.0,784.0,342.0,0.0,781.0,342.0,0.0,778.0,340.0,0.0,784.0,342.0,,,,28,,Lewis,Dobbin,Dobbin,Has joined Preston North End on loan for the rest of the season.,,0,0,0,0,0,0,0,0,0,0,0,0,0,,,,0.0,0.0,0.0,0.0,0.0,0,0,0
58,i,0.0,0.0,4.9,317,197.0,0,0.0,-1,1.0,0.2,382,126.0,61,0,3.4,135.0,60.0,7,282,0.0,721.0,302.0,0.0,12.4,0.0,111350,4,117821,117,0.0,0.0,0.53,0.84,1.36,20.8,0.03,0.05,0.08,1.33,325.0,165.0,62.0,241.3,127.0,87.0,75.0,276.0,150.0,64.2,188.0,97.0,,,,28,,Boubacar,Kamara,Kamara,Knee injury - Expected back 01 Jun,,1410,1,3,5,15,0,0,0,5,0,0,17,149,,,,0.0,0.32,0.96,1.09,9.51,38,46,65
60,u,0.0,0.0,4.4,564,337.0,0,0.0,-1,1.0,0.3,337,116.0,0,0,0.0,683.0,266.0,0,0,0.0,599.0,214.0,0.0,0.0,0.0,38290,0,50649,72,0.0,0.0,0.0,0.0,0.0,0.0,0.0,0.0,0.0,0.0,0.0,676.0,260.0,0.0,671.0,264.0,0.0,651.0,255.0,0.0,678.0,262.0,,,,28,,Ben,Broggio,Broggio,has joined Falkirk on loan for the rest of the season.,,0,0,0,0,0,0,0,0,0,0,0,0,0,,,,0.0,0.0,0.0,0.0,0.0,0,0,0
61,u,0.0,0.0,4.5,411,250.0,0,0.0,0,0.0,0.1,533,195.0,0,0,0.0,690.0,269.0,0,0,0.0,609.0,219.0,0.0,0.0,0.0,2169,0,33640,9,0.0,0.0,0.0,0.0,0.0,0.0,0.0,0.0,0.0,0.0,0.0,684.0,264.0,0.0,678.0,267.0,0.0,659.0,259.0,0.0,686.0,266.0,,,,28,,Leander,Dendoncker,Dendoncker,Has joined Real Oviedo permanently.,,0,0,0,0,0,0,0,0,0,0,0,0,0,,,,0.0,0.0,0.0,0.0,0.0,0,0,0
62,u,0.0,0.0,4.5,472,287.0,0,0.0,0,0.0,0.1,555,202.0,1,0,1.0,477.0,215.0,0,3,0.0,652.0,253.0,0.0,0.2,0.0,8790,0,10396,20,0.0,0.0,0.0,0.0,0.0,0.61,0.0,0.0,0.0,6.86,0.2,504.0,231.0,0.3,480.0,234.0,0.0,702.0,292.0,0.1,506.0,233.0,,,,28,,Jamaldeen,Jimoh-Aloba,Jimoh-Aloba,has joined West Brom on loan for the rest of the season.,,8,0,0,0,0,0,0,0,0,0,0,0,1,,,,0.0,0.0,0.0,0.0,11.25,0,0,1
63,u,0.0,0.0,4.3,607,353.0,0,0.0,-2,2.0,0.6,246,85.0,0,0,0.0,653.0,247.0,0,0,0.0,558.0,189.0,0.0,0.0,0.0,102090,0,125060,264,0.0,0.0,0.0,0.0,0.0,0.0,0.0,0.0,0.0,0.0,0.0,643.0,238.0,0.0,639.0,243.0,0.0,616.0,232.0,0.0,645.0,240.0,,,,28,,Kadan,Young,Young,has joined Reading on loan for the rest of the season.,,0,0,0,0,0,0,0,0,0,0,0,0,0,,,,0.0,0.0,0.0,0.0,0.0,0,0,0
389,i,0.0,0.0,5.1,235,143.0,0,0.0,-4,4.0,0.2,397,133.0,5,0,1.0,497.0,231.0,0,17,0.2,378.0,172.0,0.0,1.0,0.0,94078,1,102951,77,0.0,0.0,0.29,0.08,0.37,1.74,0.24,0.07,0.31,1.42,11.8,453.0,203.0,31.7,374.0,191.0,31.0,354.0,184.0,7.4,432.0,194.0,,,,28,,Harvey,Elliott,Elliott,Knock - Unknown return date,,110,0,0,0,2,0,0,0,0,0,0,1,6,,,,0.0,0.0,1.64,0.82,4.91,0,2,4
456,a,100.0,100.0,5.8,107,69.0,0,0.0,-2,2.0,0.2,347,117.0,25,1,1.5,414.0,185.0,0,100,2.0,183.0,81.0,0.3,4.3,0.0,49919,115,48594,289,1.5,2.5,0.58,1.46,2.04,9.35,0.08,0.2,0.28,1.28,95.2,358.0,157.0,220.8,137.0,92.0,172.0,153.0,86.0,49.0,248.0,127.0,4.0,,,28,,Jadon,Sancho,Sancho,,,659,0,1,1,4,0,0,0,0,0,0,7,35,,,,0.0,0.14,0.55,0.96,4.78,6,11,18
688,a,,,3.9,766,83.0,0,0.0,-1,1.0,0.6,239,32.0,0,0,0.0,556.0,52.0,0,0,0.0,434.0,43.0,0.0,0.0,0.0,60765,73,44048,75,-0.5,0.5,0.0,0.0,0.0,0.0,0.0,0.0,0.0,0.0,0.0,546.0,52.0,0.0,534.0,36.0,0.0,501.0,23.0,0.0,548.0,52.0,,,,28,,James,Wright,Wright,,,0,0,0,0,0,0,0,0,0,0,0,0,0,,,,0.0,0.0,0.0,0.0,0.0,0,0,0
699,a,100.0,100.0,4.9,319,198.0,0,0.0,-1,1.0,0.1,483,170.0,21,1,1.6,388.0,169.0,0,150,2.0,178.0,77.0,0.4,4.3,0.0,25179,75,18809,190,1.5,2.5,0.36,1.34,1.7,8.53,0.05,0.17,0.22,1.08,128.4,320.0,146.0,259.1,115.0,78.0,66.0,289.0,156.0,45.3,260.0,132.0,1.0,,,28,,Douglas Luiz,Soares de Paulo,Douglas Luiz,,,708,0,1,1,10,0,0,0,2,0,0,10,84,,,,0.0,0.13,1.27,1.27,10.68,20,20,44
702,a,,,4.4,571,341.0,0,0.0,-1,1.0,0.1,532,194.0,1,0,1.0,472.0,211.0,0,3,0.0,605.0,217.0,0.0,0.2,0.0,9817,10,8841,21,-0.5,0.5,0.0,0.0,0.0,0.9,0.0,0.0,0.0,5.06,0.0,680.0,262.0,0.3,479.0,233.0,0.0,655.0,257.0,0.0,682.0,264.0,,,,28,,Bradley,Burrowes,Burrowes,,,16,0,0,0,1,0,0,0,0,0,0,0,1,,,,0.0,0.0,5.62,0.0,5.62,0,0,1
703,a,,,3.9,777,91.0,0,0.0,-1,1.0,0.6,230,30.0,0,0,0.0,566.0,59.0,0,0,0.0,444.0,50.0,0.0,0.0,0.0,89655,378,41226,181,-0.5,0.5,0.0,0.0,0.0,0.0,0.0,0.0,0.0,0.0,0.0,556.0,59.0,0.0,545.0,44.0,0.0,512.0,31.0,0.0,558.0,59.0,,,,28,,Sam,Proctor,Proctor,,,0,0,0,0,0,0,0,0,0,0,0,0,0,,,,0.0,0.0,0.0,0.0,0.0,0,0,0
710,a,,,3.9,774,227.0,0,0.0,-1,1.0,0.2,381,141.0,0,0,0.0,563.0,205.0,0,0,0.0,441.0,168.0,0.0,0.0,0.0,33114,11,22586,48,-0.5,0.5,0.0,0.0,0.0,0.0,0.0,0.0,0.0,0.0,0.0,553.0,204.0,0.0,542.0,204.0,0.0,509.0,196.0,0.0,555.0,204.0,,,,28,,Travis,Patterson,Patterson,,,0,0,0,0,0,0,0,0,0,0,0,0,0,,,,0.0,0.0,0.0,0.0,0.0,0,0,0
719,a,100.0,100.0,4.5,416,77.0,0,0.0,0,0.0,0.1,471,171.0,22,0,1.8,365.0,137.0,0,94,0.2,367.0,131.0,0.0,4.9,0.0,20453,21,13507,119,-0.3,0.7,0.03,0.07,0.1,10.75,0.0,0.01,0.01,1.69,123.8,323.0,123.0,27.5,379.0,135.0,8.0,412.0,154.0,16.0,382.0,135.0,,,,28,,Victor,Lindelöf,Lindelöf,,,572,0,1,1,9,0,0,0,0,0,0,6,36,,,,0.0,0.16,1.42,0.94,5.66,4,32,13
754,a,,,4.5,483,294.0,0,0.0,0,0.0,0.0,750,319.0,2,0,1.0,481.0,218.0,0,5,0.0,662.0,260.0,0.0,0.4,0.0,1057,8,631,5,-0.5,0.5,0.04,0.01,0.05,0.61,0.14,0.04,0.18,2.2,0.0,730.0,301.0,1.7,455.0,219.0,2.0,446.0,220.0,0.3,496.0,229.0,,,,28,,George,Hemmings,George Hemmings,,,25,0,0,0,0,0,0,0,0,0,0,0,1,,,,0.0,0.0,0.0,0.0,3.6,0,0,1
757,a,,,4.0,705,62.0,0,0.0,0,0.0,0.0,712,82.0,0,0,0.0,608.0,81.0,0,0,0.0,490.0,73.0,0.0,0.0,0.0,1232,6,808,5,-0.5,0.5,0.0,0.0,0.0,0.0,0.0,0.0,0.0,0.0,0.0,598.0,81.0,0.0,590.0,69.0,0.0,559.0,56.0,0.0,600.0,81.0,,,,28,,Ronnie,Hollingshead,Hollingshead,,,0,0,0,0,0,0,0,0,0,0,0,0,0,,,,0.0,0.0,0.0,0.0,0.0,0,0,0
768,a,,,4.0,737,213.0,0,0.0,0,0.0,0.0,711,246.0,0,0,0.0,633.0,247.0,0,0,0.0,517.0,215.0,0.0,0.0,0.0,632,4,519,9,-0.5,0.5,0.0,0.0,0.0,0.0,0.0,0.0,0.0,0.0,0.0,623.0,246.0,0.0,615.0,246.0,0.0,587.0,243.0,0.0,625.0,246.0,,,,28,,Leon,Routh,Leon Routh,,,0,0,0,0,0,0,0,0,0,0,0,0,0,,,,0.0,0.0,0.0,0.0,0.0,0,0,0
781,a,,,4.0,731,207.0,0,0.0,0,0.0,0.0,728,253.0,0,0,0.0,629.0,243.0,0,0,0.0,513.0,211.0,0.0,0.0,0.0,639,10,360,12,-0.5,0.5,0.0,0.0,0.0,0.0,0.0,0.0,0.0,0.0,0.0,619.0,242.0,0.0,611.0,242.0,0.0,582.0,238.0,0.0,621.0,242.0,,,,28,,TJ,Carroll,Carroll,,,0,0,0,0,0,0,0,0,0,0,0,0,0,,,,0.0,0.0,0.0,0.0,0.0,0,0,0
792,a,100.0,100.0,5.0,284,177.0,0,0.0,0,0.0,0.0,807,358.0,2,1,1.0,494.0,228.0,0,9,0.4,340.0,160.0,0.1,0.4,0.0,203,9,147,2,-0.1,0.9,0.0,0.04,0.04,0.53,0.0,0.18,0.18,2.38,3.2,479.0,221.0,1.5,460.0,222.0,6.0,424.0,207.0,1.1,478.0,221.0,,,,28,,Alysson Edward Franco,da Rocha dos Santos,Alysson,,,20,0,0,0,1,0,0,0,0,0,0,0,2,,,,0.0,0.0,4.5,0.0,9.0,0,1,1
808,a,,,6.0,87,27.0,0,0.0,0,0.0,0.4,279,45.0,12,1,2.4,293.0,30.0,2,45,2.4,151.0,22.0,0.4,2.0,0.0,78374,463,29609,2244,1.9,2.9,0.99,0.1,1.09,1.6,0.62,0.06,0.68,1.0,45.6,410.0,46.0,36.0,363.0,46.0,83.0,261.0,46.0,16.5,381.0,46.0,,,,28,,Tammy,Abraham,Abraham,,,144,1,0,0,2,0,0,0,0,0,0,1,5,,,,0.0,0.0,1.25,0.62,3.12,1,1,3
183,a,,,4.3,604,30.0,0,0.0,-2,2.0,0.1,448,66.0,0,0,0.0,651.0,90.0,0,0,0.0,556.0,85.0,0.0,0.0,0.0,7460,34,16978,22,-0.5,-0.5,0.0,0.0,0.0,0.0,0.0,0.0,0.0,0.0,0.0,641.0,90.0,0.0,637.0,82.0,0.0,614.0,71.0,0.0,643.0,90.0,,,,28,,Max,Weiß,Weiss,,,0,0,0,0,0,0,0,0,0,0,0,0,0,,,,0.0,0.0,0.0,0.0,0.0,0,0,0
184,u,0.0,0.0,4.0,690,57.0,0,0.0,0,0.0,0.2,402,58.0,0,0,0.0,597.0,76.0,0,0,0.0,477.0,68.0,0.0,0.0,0.0,4943,0,33809,16,0.0,0.0,0.0,0.0,0.0,0.0,0.0,0.0,0.0,0.0,0.0,587.0,76.0,0.0,579.0,64.0,0.0,548.0,51.0,0.0,589.0,76.0,,,,28,,Etienne,Green,Green,has joined FC Fredericia permanently.,,0,0,0,0,0,0,0,0,0,0,0,0,0,,,,0.0,0.0,0.0,0.0,0.0,0,0,0
185,a,,,3.9,739,67.0,0,0.0,-1,1.0,0.2,401,57.0,0,0,0.0,538.0,37.0,0,0,0.0,414.0,28.0,0.0,0.0,0.0,14840,14,20020,37,-0.5,-0.5,0.0,0.0,0.0,0.0,0.0,0.0,0.0,0.0,0.0,528.0,37.0,0.0,515.0,20.0,0.0,482.0,7.0,0.0,530.0,37.0,,,,28,,Václav,Hladký,Hladký,,,0,0,0,0,0,0,0,0,0,0,0,0,0,,,,0.0,0.0,0.0,0.0,0.0,0,0,0
186,i,0.0,0.0,4.4,525,105.0,0,0.0,-1,1.0,0.0,650,229.0,0,0,0.0,666.0,253.0,0,0,0.0,575.0,234.0,0.0,0.0,0.0,1567,1,9146,2,0.0,0.0,0.0,0.0,0.0,0.0,0.0,0.0,0.0,0.0,0.0,656.0,252.0,0.0,652.0,252.0,0.0,630.0,251.0,0.0,658.0,252.0,,,,28,,Connor,Roberts,Roberts,Achilles injury - Unknown return date,,0,0,0,0,0,0,0,0,0,0,0,0,0,,,,0.0,0.0,0.0,0.0,0.0,0,0,0
187,a,100.0,100.0,4.4,518,99.0,0,0.0,-1,1.0,1.1,183,69.0,52,0,2.0,329.0,124.0,3,153,0.6,303.0,107.0,0.1,11.8,0.0,147452,136,258412,315,0.1,0.1,0.12,0.97,1.09,50.46,0.0,0.04,0.04,1.99,371.2,126.0,56.0,159.2,189.0,47.0,22.0,369.0,127.0,55.5,216.0,73.0,,,,28,,Kyle,Walker,Walker,,,2281,0,2,3,49,0,0,0,8,0,0,26,204,,,,0.0,0.12,1.93,1.03,5.96,36,115,116
188,u,0.0,0.0,3.8,792,240.0,0,0.0,-2,2.0,0.2,361,132.0,0,0,0.0,522.0,186.0,0,0,0.0,395.0,144.0,0.0,0.0,0.0,26052,0,40953,66,0.0,0.0,0.0,0.0,0.0,0.0,0.0,0.0,0.0,0.0,0.0,512.0,185.0,0.0,497.0,183.0,0.0,463.0,174.0,0.0,514.0,185.0,,,,28,,Hannes,Delcroix,Delcroix,has joined Lugano permanently.,,0,0,0,0,0,0,0,0,0,0,0,0,0,,,,0.0,0.0,0.0,0.0,0.0,0,0,0
189,u,0.0,0.0,4.0,682,172.0,0,0.0,0,0.0,0.0,723,251.0,0,0,0.0,590.0,218.0,0,0,0.0,470.0,182.0,0.0,0.0,0.0,0,0,2374,1,0.0,0.0,0.0,0.0,0.0,0.0,0.0,0.0,0.0,0.0,0.0,580.0,217.0,0.0,572.0,217.0,0.0,541.0,211.0,0.0,582.0,217.0,,,,28,,Owen,Dodgson,Dodgson,Has joined Stockport County on loan for the rest of the season.,,0,0,0,0,0,0,0,0,0,0,0,0,0,,,,0.0,0.0,0.0,0.0,0.0,0,0,0
197,u,0.0,0.0,3.8,803,251.0,0,0.0,-2,2.0,0.2,365,134.0,13,0,1.9,341.0,127.0,0,20,0.0,404.0,153.0,0.0,3.4,0.0,34622,0,31845,142,0.0,0.0,0.55,0.08,0.63,3.79,0.3,0.04,0.34,2.08,44.8,411.0,154.0,18.1,394.0,143.0,30.0,356.0,118.0,9.2,419.0,151.0,,,,28,,Oliver,Sonne,Sonne,has joined Sparta Prague on loan for the rest of the season.,,164,1,0,0,4,0,0,0,0,0,0,1,10,,,,0.0,0.0,2.2,0.55,3.84,2,5,4
198,i,0.0,0.0,3.9,750,215.0,0,0.0,-1,1.0,1.0,196,76.0,27,0,2.5,266.0,101.0,0,81,-0.4,818.0,265.0,-0.1,6.9,0.0,137268,6,291387,277,0.0,0.0,0.61,0.11,0.72,24.88,0.06,0.01,0.07,2.41,225.2,239.0,93.0,9.8,427.0,153.0,52.0,318.0,101.0,28.9,334.0,114.0,,,,28,,Axel,Tuanzebe,Tuanzebe,Achilles injury - Expected back 14 Mar,,931,1,0,1,22,1,0,0,1,0,0,11,106,,,,0.0,0.1,2.13,1.06,9.38,12,85,29
199,a,100.0,100.0,3.8,788,236.0,0,0.0,-2,2.0,0.2,390,147.0,16,2,1.8,356.0,131.0,0,29,1.8,186.0,64.0,0.5,4.2,0.0,22718,294,22886,42,1.3,1.3,0.08,0.06,0.14,9.68,0.02,0.01,0.03,2.05,108.6,342.0,129.0,1.5,457.0,167.0,15.0,390.0,139.0,12.6,398.0,144.0,,,,28,,Joe,Worrall,Worrall,,,424,0,0,0,10,0,0,0,0,0,0,4,61,,,,0.0,0.0,2.12,0.85,12.74,3,57,8
200,a,100.0,100.0,5.0,260,159.0,0,0.0,-5,5.0,1.8,146,48.0,96,10,3.6,111.0,51.0,6,371,4.6,30.0,14.0,0.9,19.2,0.0,1216611,1323,1087205,345,4.1,4.1,3.53,1.82,5.35,40.25,0.17,0.09,0.26,1.97,444.0,82.0,27.0,368.7,59.0,47.0,406.0,40.0,23.0,121.8,40.0,30.0,2.0,,,28,,Jaidon,Anthony,Anthony,,,1838,7,3,3,41,0,0,0,4,0,0,22,167,,,,0.0,0.15,2.01,1.08,8.18,31,37,99
201,u,0.0,0.0,5.4,162,99.0,0,0.0,-1,1.0,0.0,705,294.0,0,0,0.0,797.0,351.0,0,0,0.0,775.0,338.0,0.0,0.0,0.0,1070,0,3140,0,0.0,0.0,0.0,0.0,0.0,0.0,0.0,0.0,0.0,0.0,0.0,797.0,351.0,0.0,796.0,351.0,0.0,794.0,350.0,0.0,797.0,351.0,,,,28,,Manuel,Benson Hedilazio,Benson,has joined Maccabi Haifa permanently.,,0,0,0,0,0,0,0,0,0,0,0,0,0,,,,0.0,0.0,0.0,0.0,0.0,0,0,0
202,a,100.0,100.0,5.3,188,116.0,0,0.0,-2,2.0,0.0,624,243.0,36,1,1.6,393.0,173.0,0,106,1.0,266.0,121.0,0.2,6.8,0.0,5870,6,8470,6,0.5,0.5,1.35,1.06,2.41,22.35,0.13,0.1,0.23,2.09,114.2,336.0,152.0,189.7,168.0,115.0,128.0,209.0,115.0,43.1,268.0,134.0,,2.0,3.0,28,,Jacob,Bruun Larsen,Bruun Larsen,,,961,0,1,3,26,0,0,0,0,0,0,10,61,,,,0.0,0.28,2.43,0.94,5.71,12,20,29
203,a,,,4.7,394,246.0,0,0.0,-3,3.0,0.0,594,225.0,0,0,0.0,759.0,324.0,0,0,0.0,697.0,286.0,0.0,0.0,0.0,4078,19,7103,16,-0.5,-0.5,0.0,0.0,0.0,0.0,0.0,0.0,0.0,0.0,0.0,759.0,324.0,0.0,754.0,324.0,0.0,746.0,321.0,0.0,759.0,324.0,,,,28,,Enock,Agyei,Boateng,,,0,0,0,0,0,0,0,0,0,0,0,0,0,,,,0.0,0.0,0.0,0.0,0.0,0,0,0
204,u,0.0,0.0,4.9,323,201.0,0,0.0,-1,1.0,0.0,724,302.0,0,0,0.0,770.0,331.0,0,0,0.0,723.0,304.0,0.0,0.0,0.0,160,0,2082,1,0.0,0.0,0.0,0.0,0.0,0.0,0.0,0.0,0.0,0.0,0.0,770.0,331.0,0.0,766.0,331.0,0.0,761.0,329.0,0.0,770.0,331.0,,,,28,,Darko,Churlinov,Churlinov,has joined Kocaelispor  permanently.,,0,0,0,0,0,0,0,0,0,0,0,0,0,,,,0.0,0.0,0.0,0.0,0.0,0,0,0
205,i,0.0,0.0,4.9,298,186.0,0,0.0,-1,1.0,0.8,203,70.0,70,0,3.9,75.0,36.0,8,321,0.0,714.0,298.0,0.0,14.3,0.0,568390,0,537377,220,0.0,0.0,0.94,1.36,2.3,32.5,0.06,0.08,0.14,1.93,342.0,147.0,50.0,218.1,140.0,94.0,98.0,239.0,133.0,66.0,176.0,91.0,,,,28,,Josh,Cullen,Cullen,Knee injury - Expected back 30 Sep,,1513,2,2,3,29,1,0,0,2,0,0,18,173,,,,0.0,0.18,1.73,1.07,10.29,32,68,73
206,a,,,4.7,380,238.0,0,0.0,-3,3.0,0.1,430,144.0,43,0,2.5,275.0,115.0,2,155,2.2,158.0,68.0,0.5,9.1,0.0,25570,53,21796,149,1.7,1.7,1.44,1.65,3.09,17.71,0.15,0.17,0.32,1.84,162.8,290.0,127.0,243.6,124.0,84.0,190.0,135.0,77.0,59.5,202.0,101.0,,3.0,,28,,Marcus,Edwards,Edwards,,,867,1,3,1,15,0,0,0,0,0,0,9,51,,,,0.0,0.1,1.56,0.93,5.29,8,6,37
207,a,100.0,100.0,4.7,389,242.0,0,0.0,-3,3.0,0.1,439,149.0,47,10,2.4,288.0,124.0,4,203,4.6,29.0,13.0,1.0,10.0,0.0,17660,719,24128,31,4.1,4.1,0.5,1.22,1.72,19.4,0.06,0.14,0.2,2.17,181.0,269.0,113.0,205.6,155.0,107.0,81.0,266.0,145.0,46.8,254.0,131.0,4.0,,,28,,Hannibal,Mejbri,Hannibal,,,803,1,4,1,20,0,0,0,6,0,0,9,76,,,,0.0,0.11,2.24,1.01,8.52,18,10,48
208,u,0.0,0.0,5.0,268,163.0,0,0.0,0,0.0,0.0,734,309.0,0,0,0.0,787.0,344.0,0,0,0.0,747.0,320.0,0.0,0.0,0.0,68,0,3025,1,0.0,0.0,0.0,0.0,0.0,0.0,0.0,0.0,0.0,0.0,0.0,787.0,344.0,0.0,785.0,344.0,0.0,781.0,342.0,0.0,787.0,344.0,,,,28,,Luca,Koleosho,Koleosho,has joined Paris FC on loan for the rest of the season.,,0,0,0,0,0,0,0,0,0,0,0,0,0,,,,0.0,0.0,0.0,0.0,0.0,0,0,0
210,a,,,4.9,336,209.0,0,0.0,-1,1.0,0.0,628,245.0,37,1,1.8,370.0,160.0,0,125,0.8,288.0,131.0,0.2,7.6,0.0,4785,1,5899,11,0.3,0.3,0.86,0.66,1.52,14.92,0.1,0.07,0.17,1.66,98.6,352.0,156.0,108.0,242.0,150.0,101.0,235.0,131.0,30.9,325.0,158.0,,4.0,,28,,Loum,Tchaouna,Tchaouna,,,810,1,1,2,13,0,0,0,1,0,0,9,48,,,,0.0,0.22,1.44,1.0,5.33,14,11,23
211,u,0.0,0.0,4.4,541,321.0,0,0.0,-1,1.0,1.4,160,53.0,0,0,0.0,670.0,257.0,0,0,0.0,582.0,201.0,0.0,0.0,0.0,62789,0,929950,73,0.0,0.0,0.0,0.0,0.0,0.0,0.0,0.0,0.0,0.0,0.0,660.0,248.0,0.0,656.0,253.0,0.0,634.0,242.0,0.0,662.0,250.0,,,,28,,Aaron,Ramsey,A.Ramsey,has joined Leicester City on loan for the rest of the season.,,0,0,0,0,0,0,0,0,0,0,0,0,0,,,,0.0,0.0,0.0,0.0,0.0,0,0,0
212,u,0.0,0.0,4.5,479,291.0,0,0.0,0,0.0,0.0,763,326.0,0,0,0.0,730.0,302.0,0,0,0.0,658.0,257.0,0.0,0.0,0.0,0,0,2755,0,0.0,0.0,0.0,0.0,0.0,0.0,0.0,0.0,0.0,0.0,0.0,728.0,300.0,0.0,723.0,301.0,0.0,709.0,296.0,0.0,729.0,301.0,,,,28,,Oluwaseun,Adewumi,Adewumi,Has joined Cercle Brugge on loan for the rest of the season.,,0,0,0,0,0,0,0,0,0,0,0,0,0,,,,0.0,0.0,0.0,0.0,0.0,0,0,0
213,u,0.0,0.0,4.5,466,283.0,0,0.0,0,0.0,0.0,616,239.0,1,0,1.0,475.0,213.0,0,2,0.0,647.0,249.0,0.0,0.2,0.0,7482,0,8966,13,0.0,0.0,0.0,0.0,0.0,0.05,0.0,0.0,0.0,0.5,0.0,717.0,293.0,0.5,472.0,228.0,0.0,697.0,288.0,0.0,718.0,294.0,,,,28,,Jaydon,Banel,Banel,has joined Derby County on loan for the rest of the season.,,9,0,0,0,0,0,0,0,0,0,0,0,0,,,,0.0,0.0,0.0,0.0,0.0,0,0,0
614,a,100.0,100.0,5.6,124,77.0,0,0.0,-4,4.0,0.2,388,128.0,18,2,2.2,314.0,138.0,0,121,1.4,224.0,97.0,0.3,3.2,0.0,18043,59,47151,53,0.9,0.9,0.13,1.1,1.23,9.57,0.02,0.19,0.21,1.63,94.8,359.0,158.0,225.4,134.0,91.0,6.0,425.0,208.0,32.6,318.0,155.0,1.0,1.0,,28,,James,Ward-Prowse,Ward-Prowse,,,528,0,1,1,14,0,0,0,0,0,0,6,33,,,,0.0,0.17,2.39,1.02,5.62,5,14,14
676,a,100.0,100.0,5.0,273,168.0,0,0.0,0,0.0,0.1,446,153.0,79,1,2.9,204.0,84.0,5,292,2.4,146.0,64.0,0.5,15.8,0.0,41398,30,36439,96,1.9,1.9,2.25,0.26,2.51,40.59,0.11,0.01,0.12,2.02,354.0,138.0,45.0,143.5,200.0,131.0,188.0,139.0,80.0,68.3,162.0,84.0,,,,28,,Lesley,Ugochukwu,Ugochukwu,,,1811,3,2,3,39,0,0,0,1,1,0,21,176,,,,0.0,0.15,1.94,1.04,8.75,45,52,79
680,i,0.0,0.0,5.2,213,49.0,0,0.0,-3,3.0,0.2,395,61.0,38,0,2.0,336.0,38.0,2,105,0.4,342.0,45.0,0.1,7.3,0.0,47474,4,57342,221,0.0,0.0,2.14,0.13,2.27,20.84,0.24,0.01,0.25,2.33,96.2,357.0,38.0,62.2,319.0,34.0,203.0,121.0,30.0,35.8,299.0,35.0,,,,28,,Armando,Broja,Broja,Knock - Expected back 14 Mar,,805,1,1,1,25,0,0,0,0,0,0,8,41,,,,0.0,0.11,2.8,0.89,4.58,6,11,24
722,a,,,5.0,252,153.0,0,0.0,0,0.0,0.0,605,232.0,65,1,2.8,225.0,91.0,0,276,0.8,290.0,133.0,0.2,13.0,0.0,14580,4,12567,29,0.3,0.3,0.55,0.38,0.93,36.46,0.03,0.02,0.05,2.06,333.0,153.0,55.0,169.5,182.0,123.0,44.0,328.0,171.0,54.9,218.0,106.0,,,,28,,Florentino Ibrain,Morris Luís,Florentino,,,1595,0,2,2,36,0,0,0,4,0,0,19,240,,,,0.0,0.11,2.03,1.07,13.54,74,83,83
776,a,,,4.5,509,313.0,0,0.0,0,0.0,0.0,791,348.0,0,0,0.0,751.0,317.0,0,0,0.0,684.0,276.0,0.0,0.0,0.0,516,2,310,2,-0.5,-0.5,0.0,0.0,0.0,0.0,0.0,0.0,0.0,0.0,0.0,751.0,317.0,0.0,745.0,317.0,0.0,732.0,313.0,0.0,751.0,317.0,,,,28,,Oliver,Pimlott,Pimlott,,,0,0,0,0,0,0,0,0,0,0,0,0,0,,,,0.0,0.0,0.0,0.0,0.0,0,0,0
784,a,,,4.5,516,319.0,0,0.0,0,0.0,0.0,801,354.0,0,0,0.0,756.0,322.0,0,0,0.0,690.0,282.0,0.0,0.0,0.0,391,6,266,6,-0.5,-0.5,0.0,0.0,0.0,0.0,0.0,0.0,0.0,0.0,0.0,756.0,322.0,0.0,750.0,322.0,0.0,738.0,319.0,0.0,756.0,322.0,,,,28,,George,Brierley,Brierley,,,0,0,0,0,0,0,0,0,0,0,0,0,0,,,,0.0,0.0,0.0,0.0,0.0,0,0,0
66,u,0.0,0.0,4.5,407,21.0,0,0.0,0,0.0,0.1,567,77.0,0,0,0.0,689.0,92.0,0,0,0.0,608.0,88.0,0.0,0.0,0.0,0,0,16501,3,0.0,0.0,0.0,0.0,0.0,0.0,0.0,0.0,0.0,0.0,0.0,683.0,92.0,0.0,677.0,84.0,0.0,658.0,74.0,0.0,685.0,92.0,,,,28,,Norberto,Murara Neto,Neto,Has joined Botafogo permanently.,,0,0,0,0,0,0,0,0,0,0,0,0,0,,,,0.0,0.0,0.0,0.0,0.0,0,0,0
67,a,,,4.5,435,24.0,0,0.0,0,0.0,4.7,77,14.0,88,3,3.1,175.0,18.0,5,355,5.6,10.0,1.0,1.2,19.6,0.0,917142,4130,732923,925,5.6,5.6,0.0,0.0,0.0,42.79,0.0,0.0,0.0,1.53,638.2,21.0,5.0,0.0,693.0,87.0,0.0,676.0,77.0,64.1,189.0,7.0,,,,28,,Đorđe,Petrović,Petrović,,,2520,0,0,7,46,1,0,0,2,0,86,28,98,,,,3.07,0.25,1.64,1.0,0.0,0,53,219
68,u,0.0,0.0,4.0,679,51.0,0,0.0,0,0.0,0.7,212,27.0,0,0,0.0,588.0,70.0,0,0,0.0,467.0,62.0,0.0,0.0,0.0,47217,0,85411,138,0.0,0.0,0.0,0.0,0.0,0.0,0.0,0.0,0.0,0.0,0.0,578.0,70.0,0.0,570.0,58.0,0.0,539.0,45.0,0.0,580.0,70.0,,,,28,,Will,Dennis,Dennis,has joined Leyton Orient on loan for the rest of the season.,,0,0,0,0,0,0,0,0,0,0,0,0,0,,,,0.0,0.0,0.0,0.0,0.0,0,0,0
69,a,,,3.9,779,92.0,0,0.0,-1,1.0,0.3,345,47.0,0,0,0.0,568.0,60.0,0,0,0.0,446.0,51.0,0.0,0.0,0.0,21115,137,18307,70,0.0,0.0,0.0,0.0,0.0,0.0,0.0,0.0,0.0,0.0,0.0,558.0,60.0,0.0,547.0,45.0,0.0,514.0,32.0,0.0,560.0,60.0,,,,28,,Callan,McKenna,McKenna,,,0,0,0,0,0,0,0,0,0,0,0,0,0,,,,0.0,0.0,0.0,0.0,0.0,0,0,0
70,u,0.0,0.0,4.0,696,58.0,0,0.0,0,0.0,0.1,571,78.0,0,0,0.0,601.0,77.0,0,0,0.0,483.0,69.0,0.0,0.0,0.0,1107,0,10388,4,0.0,0.0,0.0,0.0,0.0,0.0,0.0,0.0,0.0,0.0,0.0,591.0,77.0,0.0,583.0,65.0,0.0,552.0,52.0,0.0,593.0,77.0,,,,28,,Alex,Paulsen,Paulsen,Has joined Lechia Gdansk on loan for the rest of the season.,,0,0,0,0,0,0,0,0,0,0,0,0,0,,,,0.0,0.0,0.0,0.0,0.0,0,0,0
71,u,0.0,0.0,5.0,265,41.0,0,0.0,0,0.0,0.0,668,234.0,0,0,0.0,786.0,263.0,0,0,0.0,746.0,255.0,0.0,0.0,0.0,0,0,8202,1,0.0,0.0,0.0,0.0,0.0,0.0,0.0,0.0,0.0,0.0,0.0,786.0,263.0,0.0,784.0,263.0,0.0,780.0,263.0,0.0,786.0,263.0,,,,28,,Illia,Zabarnyi,Zabarnyi,Has joined Paris Saint-Germain permanently.,,0,0,0,0,0,0,0,0,0,0,0,0,0,,,,0.0,0.0,0.0,0.0,0.0,0,0,0
74,a,,,4.5,450,91.0,0,0.0,0,0.0,2.1,132,51.0,99,4,3.5,120.0,42.0,7,364,5.0,20.0,7.0,1.1,22.0,0.0,574363,3416,409662,586,5.0,5.0,0.39,1.74,2.13,40.49,0.01,0.06,0.07,1.47,570.0,41.0,17.0,353.1,68.0,14.0,92.0,247.0,68.0,101.5,76.0,15.0,,,,28,,Adrien,Truffert,Truffert,,,2478,0,2,7,43,0,0,0,3,0,0,28,280,,,,0.0,0.25,1.56,1.02,8.35,77,153,141
75,d,75.0,75.0,3.8,804,252.0,0,0.0,-2,2.0,0.2,384,143.0,0,0,0.0,530.0,194.0,0,0,0.0,405.0,154.0,0.0,0.0,0.0,14311,10,32282,31,0.0,0.0,0.0,0.0,0.0,0.0,0.0,0.0,0.0,0.0,0.0,520.0,193.0,0.0,505.0,191.0,0.0,471.0,182.0,0.0,522.0,193.0,,,,28,,Matai,Akinmboni,Akinmboni,Lack of match fitness - 75% chance of playing,,0,0,0,0,0,0,0,0,0,0,0,0,0,,,,0.0,0.0,0.0,0.0,0.0,0,0,0
77,a,,,4.1,655,159.0,0,0.0,1,-1.0,6.5,57,19.0,67,2,3.5,117.0,39.0,2,219,6.2,7.0,3.0,1.5,16.3,0.0,888237,11902,147408,1545,6.2,6.2,0.23,0.83,1.05,19.49,0.02,0.06,0.08,1.46,344.0,145.0,64.0,80.4,291.0,93.0,65.0,290.0,84.0,49.2,247.0,80.0,,,,28,,James,Hill,Hill,,,1202,0,3,4,16,0,0,0,2,0,0,12,155,,,,0.0,0.3,1.2,0.9,10.93,23,123,36
78,u,0.0,0.0,3.8,794,242.0,0,0.0,-2,2.0,0.5,254,95.0,0,0,0.0,523.0,187.0,0,0,0.0,396.0,145.0,0.0,0.0,0.0,47440,0,131674,121,0.0,0.0,0.0,0.0,0.0,0.0,0.0,0.0,0.0,0.0,0.0,513.0,186.0,0.0,498.0,184.0,0.0,464.0,175.0,0.0,515.0,186.0,,,,28,,Julián,Araujo Zúñiga,J.Araujo,has joined Celtic on loan for the rest of the season.,,0,0,0,0,0,0,0,0,0,0,0,0,0,,,,0.0,0.0,0.0,0.0,0.0,0,0,0
79,u,0.0,0.0,4.0,672,167.0,0,0.0,0,0.0,0.1,539,192.0,0,0,0.0,581.0,214.0,0,0,0.0,460.0,177.0,0.0,0.0,0.0,1400,0,16675,4,0.0,0.0,0.0,0.0,0.0,0.0,0.0,0.0,0.0,0.0,0.0,571.0,213.0,0.0,563.0,213.0,0.0,532.0,207.0,0.0,573.0,213.0,,,,28,,Chris,Mepham,Mepham,has joined West Bromwich Albion permanently.,,0,0,0,0,0,0,0,0,0,0,0,0,0,,,,0.0,0.0,0.0,0.0,0.0,0,0,0
80,i,0.0,0.0,4.0,716,193.0,0,0.0,0,0.0,0.2,377,138.0,3,0,1.0,453.0,165.0,0,2,0.0,501.0,200.0,0.0,0.8,0.0,17357,2,33017,43,0.0,0.0,0.0,0.0,0.0,1.62,0.0,0.0,0.0,4.29,1.8,487.0,173.0,2.5,450.0,163.0,2.0,437.0,161.0,0.6,486.0,170.0,,,,28,,Julio,Soler Barreto,Soler,Hamstring injury - Expected back 01 Jun,,34,0,0,0,2,0,0,0,0,0,0,0,1,,,,0.0,0.0,5.29,0.0,2.65,1,0,4
81,i,0.0,0.0,7.0,36,21.0,0,0.0,0,0.0,0.6,235,83.0,40,0,2.2,319.0,141.0,3,147,0.0,812.0,365.0,0.0,5.7,0.0,190249,10,250497,149,0.0,0.0,2.24,1.54,3.78,16.78,0.22,0.15,0.37,1.65,146.6,303.0,137.0,304.1,88.0,66.0,128.0,210.0,116.0,57.8,209.0,104.0,,3.0,1.0,28,,Justin,Kluivert,Kluivert,Knee injury - Expected back 09 May,,914,2,0,4,18,0,0,0,4,0,0,10,62,,,,0.0,0.39,1.77,0.98,6.11,10,8,44
84,a,100.0,100.0,5.3,190,118.0,0,0.0,-2,2.0,1.2,171,60.0,102,7,4.2,52.0,25.0,10,372,1.6,205.0,91.0,0.3,19.2,0.0,869073,3315,802423,268,1.6,1.6,5.38,2.64,8.02,28.95,0.26,0.13,0.39,1.41,451.4,77.0,24.0,459.4,34.0,32.0,383.0,48.0,29.0,129.6,34.0,24.0,2.0,2.0,4.0,28,,Marcus,Tavernier,Tavernier,,,1852,5,4,7,37,0,0,0,3,0,0,21,170,,,,0.0,0.34,1.8,1.02,8.26,29,44,97
85,a,100.0,100.0,4.9,302,189.0,0,0.0,-1,1.0,0.3,332,113.0,56,1,3.3,147.0,65.0,3,266,1.2,241.0,106.0,0.2,11.4,0.0,78583,113,92611,51,1.2,1.2,0.56,0.34,0.9,20.46,0.04,0.02,0.06,1.39,290.4,188.0,76.0,80.2,292.0,170.0,105.0,230.0,128.0,47.8,252.0,129.0,,,,28,,Tyler,Adams,Adams,,,1322,2,1,5,24,0,0,0,6,0,0,17,170,,,,0.0,0.34,1.63,1.16,11.57,40,61,69
86,a,100.0,100.0,5.0,245,149.0,0,0.0,0,0.0,0.2,392,130.0,46,1,2.0,333.0,145.0,4,180,0.6,309.0,141.0,0.1,9.2,0.0,72301,61,77852,37,0.6,0.6,4.51,2.85,7.36,16.91,0.4,0.25,0.65,1.5,200.4,259.0,109.0,326.8,76.0,57.0,391.0,43.0,26.0,90.3,97.0,57.0,,4.0,,28,,David,Brooks,Brooks,,,1014,1,2,4,18,0,0,0,7,0,0,12,79,,,,0.0,0.36,1.6,1.07,7.01,15,16,48
87,a,100.0,100.0,4.9,293,183.0,0,0.0,-1,1.0,0.1,557,203.0,25,0,1.4,420.0,188.0,0,114,1.0,260.0,117.0,0.2,5.1,0.0,9433,25,15531,31,1.0,1.0,1.44,0.41,1.85,11.83,0.26,0.07,0.33,2.1,122.8,324.0,147.0,128.7,213.0,140.0,133.0,199.0,110.0,38.7,290.0,143.0,,,,28,,Ryan,Christie,Christie,,,506,1,1,0,10,0,0,0,2,0,0,2,60,,,,0.0,0.0,1.78,0.36,10.67,13,16,31
88,i,0.0,0.0,4.9,292,182.0,0,0.0,-1,1.0,0.1,578,215.0,38,0,2.4,289.0,125.0,0,184,1.6,202.0,89.0,0.3,7.8,0.0,11714,1,8998,157,0.0,0.0,0.07,0.52,0.59,13.49,0.01,0.05,0.06,1.4,206.0,255.0,107.0,183.3,174.0,118.0,12.0,397.0,197.0,40.4,281.0,140.0,1.0,,,28,,Lewis,Cook,Cook,Hamstring injury - Expected back 11 Apr,,870,0,1,1,18,0,0,0,1,1,0,8,143,,,,0.0,0.1,1.86,0.83,14.79,25,56,62
89,u,0.0,0.0,4.9,295,185.0,0,0.0,-1,1.0,0.0,673,272.0,0,0,0.0,765.0,327.0,0,0,0.0,713.0,297.0,0.0,0.0,0.0,598,0,6630,1,0.0,0.0,0.0,0.0,0.0,0.0,0.0,0.0,0.0,0.0,0.0,765.0,327.0,0.0,761.0,327.0,0.0,755.0,325.0,0.0,765.0,327.0,,,,28,,Philip,Billing,Philip,has joined Midtjylland permanently.,,0,0,0,0,0,0,0,0,0,0,0,0,0,,,,0.0,0.0,0.0,0.0,0.0,0,0,0
90,a,100.0,100.0,5.1,240,145.0,1,-1.0,1,-1.0,1.3,167,57.0,98,3,3.5,124.0,56.0,6,423,5.4,16.0,6.0,1.1,19.2,0.0,240148,3533,90849,1108,5.4,5.4,3.09,1.34,4.43,35.16,0.14,0.06,0.2,1.55,408.2,105.0,33.0,280.7,98.0,73.0,245.0,98.0,60.0,93.0,90.0,54.0,4.0,6.0,,28,,Alex,Scott,Scott,,,2038,2,2,7,34,0,0,0,3,0,0,25,270,,,,0.0,0.31,1.5,1.1,11.92,41,99,130
91,u,0.0,0.0,5.0,254,154.0,0,0.0,0,0.0,0.0,738,312.0,0,0,0.0,782.0,340.0,0,0,0.0,742.0,316.0,0.0,0.0,0.0,396,0,3892,3,0.0,0.0,0.0,0.0,0.0,0.0,0.0,0.0,0.0,0.0,0.0,782.0,340.0,0.0,779.0,340.0,0.0,776.0,338.0,0.0,782.0,340.0,,,,28,,Luis,Sinisterra Lucumí,Sinisterra,has joined Cruzeiro on loan for the rest of the season.,,0,0,0,0,0,0,0,0,0,0,0,0,0,,,,0.0,0.0,0.0,0.0,0.0,0,0,0
92,u,0.0,0.0,4.5,431,258.0,0,0.0,0,0.0,0.1,554,201.0,0,0,0.0,700.0,276.0,0,0,0.0,623.0,227.0,0.0,0.0,0.0,4403,0,19614,10,0.0,0.0,0.0,0.0,0.0,0.0,0.0,0.0,0.0,0.0,0.0,694.0,271.0,0.0,690.0,274.0,0.0,673.0,267.0,0.0,696.0,273.0,,,,28,,Romain,Faivre,Faivre,has joined Auxerre permanently.,,0,0,0,0,0,0,0,0,0,0,0,0,0,,,,0.0,0.0,0.0,0.0,0.0,0,0,0
93,u,0.0,0.0,4.5,426,255.0,0,0.0,0,0.0,0.3,329,111.0,4,0,4.0,56.0,27.0,0,12,0.0,619.0,224.0,0.0,0.9,0.0,114900,0,165288,23,0.0,0.0,0.0,0.0,0.0,0.4,0.0,0.0,0.0,2.25,21.2,443.0,195.0,10.0,421.0,207.0,0.0,669.0,264.0,3.1,457.0,207.0,,,,28,,Hamed,Traorè,H.Traorè,has joined Marseille on loan for the rest of the season.,,16,0,1,0,2,0,0,0,0,0,0,0,4,,,,0.0,0.0,11.25,0.0,22.5,1,1,2
94,u,0.0,0.0,4.5,465,282.0,0,0.0,0,0.0,0.0,639,253.0,0,0,0.0,721.0,296.0,0,0,0.0,646.0,248.0,0.0,0.0,0.0,3895,0,8193,0,0.0,0.0,0.0,0.0,0.0,0.0,0.0,0.0,0.0,0.0,0.0,716.0,292.0,0.0,712.0,294.0,0.0,696.0,287.0,0.0,717.0,293.0,,,,28,,Dominic,Sadi,Sadi,has joined Novi Pazar on loan for the rest of the season.,,0,0,0,0,0,0,0,0,0,0,0,0,0,,,,0.0,0.0,0.0,0.0,0.0,0,0,0
95,u,0.0,0.0,4.4,553,330.0,0,0.0,-1,1.0,0.1,576,213.0,0,0,0.0,676.0,263.0,0,0,0.0,589.0,208.0,0.0,0.0,0.0,15405,0,21493,2,0.0,0.0,0.0,0.0,0.0,0.0,0.0,0.0,0.0,0.0,0.0,667.0,255.0,0.0,663.0,260.0,0.0,642.0,250.0,0.0,669.0,257.0,,,,28,,Zain,Silcott-Duberry,Silcott-Duberry,has joined Olympiakos permanently.,,0,0,0,0,0,0,0,0,0,0,0,0,0,,,,0.0,0.0,0.0,0.0,0.0,0,0,0
96,u,0.0,0.0,4.5,495,304.0,0,0.0,0,0.0,0.0,638,252.0,1,0,1.0,482.0,219.0,0,3,0.0,673.0,269.0,0.0,0.2,0.0,2964,0,9990,1,0.0,0.0,0.0,0.0,0.0,0.31,0.0,0.0,0.0,4.65,0.0,741.0,310.0,0.0,735.0,310.0,0.0,722.0,306.0,0.0,741.0,310.0,,,,28,,Ben,Winterburn,Winterburn,has joined Barnet on loan for the rest of the season.,,6,0,0,0,2,0,0,0,0,0,0,0,0,,,,0.0,0.0,30.0,0.0,0.0,0,0,0
97,d,75.0,100.0,6.9,39,16.0,0,0.0,-1,1.0,2.5,120,20.0,85,6,3.3,149.0,14.0,6,305,2.6,140.0,20.0,0.4,12.3,0.0,1096339,1294,1055303,3225,2.0,2.6,7.5,0.92,8.42,28.36,0.35,0.04,0.39,1.32,288.6,190.0,16.0,282.1,96.0,3.0,645.0,14.0,9.0,121.3,43.0,9.0,,,,28,,Francisco Evanilson,de Lima Barbosa,Evanilson,Dead leg - 75% chance of playing,,1934,6,3,7,33,0,0,0,1,0,0,22,79,,,,0.0,0.33,1.54,1.02,3.68,7,24,48
98,a,100.0,100.0,5.4,161,41.0,0,0.0,-1,1.0,0.0,596,81.0,19,1,1.3,433.0,53.0,1,50,1.0,267.0,33.0,0.2,3.5,0.0,13340,79,10652,66,1.0,1.0,1.35,0.05,1.4,3.32,0.76,0.03,0.79,1.87,41.4,415.0,48.0,10.9,414.0,56.0,80.0,267.0,48.0,12.5,402.0,50.0,,1.0,,28,,Enes,Ünal,Enes Ünal,,,160,1,0,0,2,0,0,0,1,0,0,0,10,,,,0.0,0.0,1.12,0.0,5.62,0,6,4
99,u,0.0,0.0,4.4,568,83.0,0,0.0,-1,1.0,0.1,431,63.0,0,0,0.0,686.0,75.0,0,0,0.0,603.0,64.0,0.0,0.0,0.0,22144,0,44273,12,0.0,0.0,0.0,0.0,0.0,0.0,0.0,0.0,0.0,0.0,0.0,679.0,75.0,0.0,674.0,74.0,0.0,654.0,74.0,0.0,681.0,75.0,,,,28,,Daniel,Adu-Adjei,Adu-Adjei,has joined HNK Rijeka permanently.,,0,0,0,0,0,0,0,0,0,0,0,0,0,,,,0.0,0.0,0.0,0.0,0.0,0,0,0
100,a,,,4.7,393,65.0,0,0.0,2,-2.0,7.3,55,10.0,71,2,3.1,177.0,17.0,7,319,2.8,119.0,14.0,0.6,15.1,0.0,1811406,3883,1051019,8554,2.8,2.8,4.65,0.68,5.33,17.83,0.4,0.06,0.46,1.55,332.4,154.0,14.0,200.8,158.0,12.0,339.0,60.0,23.0,87.2,108.0,16.0,,,,28,,Junior,Kroupi,Kroupi.Jr,,,1036,8,0,5,18,0,0,0,3,0,0,13,71,,,,0.0,0.43,1.56,1.13,6.17,7,26,38
391,i,0.0,0.0,4.8,370,231.0,0,0.0,-2,2.0,0.0,637,251.0,7,0,1.8,369.0,159.0,0,22,0.0,709.0,294.0,0.0,1.5,0.0,4620,0,8083,5,0.0,0.0,0.09,0.09,0.18,2.66,0.15,0.15,0.3,4.52,21.2,444.0,196.0,14.0,404.0,201.0,11.0,399.0,199.0,4.7,449.0,202.0,,,,28,,Ben,Gannon-Doak,Gannon-Doak,Hamstring injury - Unknown return date,,53,0,1,0,1,0,0,0,0,0,0,0,3,,,,0.0,0.0,1.7,0.0,5.09,2,1,0
685,a,100.0,100.0,4.2,634,146.0,0,0.0,-3,3.0,0.3,324,117.0,46,0,2.6,252.0,98.0,2,164,0.2,360.0,128.0,0.0,11.0,0.0,98050,32,95051,108,0.2,0.2,0.02,0.19,0.21,22.47,0.0,0.01,0.01,1.59,267.0,209.0,82.0,54.3,330.0,113.0,22.0,366.0,124.0,34.4,314.0,106.0,,,,28,,Bafodé,Diakité,Diakité,,,1275,0,0,4,27,0,0,0,1,0,0,15,147,,,,0.0,0.28,1.91,1.06,8.26,20,97,48
687,a,,,4.3,618,362.0,0,0.0,-2,2.0,0.2,391,129.0,0,0,0.0,660.0,253.0,0,0,0.0,567.0,196.0,0.0,0.0,0.0,23151,226,18442,110,0.0,0.0,0.0,0.0,0.0,0.0,0.0,0.0,0.0,0.0,0.0,650.0,244.0,0.0,646.0,249.0,0.0,623.0,238.0,0.0,652.0,246.0,,,,28,,Remy,Rees-Dottin,Rees-Dottin,,,0,0,0,0,0,0,0,0,0,0,0,0,0,,,,0.0,0.0,0.0,0.0,0.0,0,0,0
697,a,,,5.4,178,109.0,0,0.0,-1,1.0,0.7,221,77.0,59,1,2.5,280.0,120.0,4,218,4.2,52.0,25.0,0.8,10.9,0.0,115332,312,33418,1931,4.2,4.2,2.49,1.49,3.98,14.42,0.25,0.15,0.4,1.43,249.6,217.0,94.0,205.0,156.0,108.0,231.0,104.0,65.0,68.0,165.0,86.0,3.0,,,28,,Amine,Adli,Adli,,,907,3,2,3,14,0,0,0,2,0,0,9,105,,,,0.0,0.3,1.39,0.89,10.42,31,24,50
713,a,,,4.5,467,93.0,0,0.0,0,0.0,0.2,351,127.0,55,2,2.3,295.0,112.0,0,208,3.0,104.0,38.0,0.7,12.2,0.0,49730,321,22934,145,3.0,3.0,1.01,1.1,2.11,33.41,0.05,0.06,0.11,1.7,314.2,175.0,73.0,186.3,171.0,41.0,161.0,162.0,35.0,66.2,174.0,58.0,,,,28,,Álex,Jiménez Sánchez,A.Jimenez,,,1765,1,2,4,33,0,0,0,8,0,0,20,125,,,,0.0,0.2,1.68,1.02,5.61,50,60,92
721,a,100.0,100.0,4.4,570,121.0,0,0.0,-1,1.0,0.0,654,231.0,19,0,2.7,237.0,94.0,0,63,0.0,604.0,238.0,0.0,4.3,0.0,6250,7,5837,9,0.0,0.0,0.15,0.19,0.34,4.42,0.04,0.05,0.09,1.08,98.4,353.0,135.0,13.9,405.0,147.0,10.0,403.0,147.0,12.2,404.0,145.0,,,,28,,Veljko,Milosavljevic,Milosavljević,,,367,0,0,1,6,0,0,0,0,0,0,4,42,,,,0.0,0.25,1.47,0.98,9.56,5,34,13
756,a,,,4.5,514,317.0,0,0.0,0,0.0,0.0,741,314.0,0,0,0.0,754.0,320.0,0,0,0.0,688.0,280.0,0.0,0.0,0.0,1649,10,1038,13,0.0,0.0,0.0,0.0,0.0,0.0,0.0,0.0,0.0,0.0,0.0,754.0,320.0,0.0,748.0,320.0,0.0,736.0,317.0,0.0,754.0,320.0,,,,28,,Malcom,DaCosta,DaCosta,,,0,0,0,0,0,0,0,0,0,0,0,0,0,,,,0.0,0.0,0.0,0.0,0.0,0,0,0
782,a,,,4.0,659,40.0,0,0.0,0,0.0,0.0,671,80.0,0,0,0.0,573.0,62.0,0,0,0.0,451.0,53.0,0.0,0.0,0.0,2495,25,759,8,0.0,0.0,0.0,0.0,0.0,0.0,0.0,0.0,0.0,0.0,0.0,563.0,62.0,0.0,552.0,47.0,0.0,520.0,34.0,0.0,565.0,62.0,,,,28,,Fraser,Forster,Forster,,,0,0,0,0,0,0,0,0,0,0,0,0,0,,,,0.0,0.0,0.0,0.0,0.0,0,0,0
799,a,,,4.5,511,314.0,0,0.0,0,0.0,0.0,783,341.0,0,0,0.0,752.0,318.0,0,0,0.0,685.0,277.0,0.0,0.0,0.0,532,9,172,2,0.0,0.0,0.0,0.0,0.0,0.0,0.0,0.0,0.0,0.0,0.0,752.0,318.0,0.0,746.0,318.0,0.0,733.0,314.0,0.0,752.0,318.0,,,,28,,Charlie,Stevens,Stevens,,,0,0,0,0,0,0,0,0,0,0,0,0,0,,,,0.0,0.0,0.0,0.0,0.0,0,0,0
801,a,,,5.0,282,176.0,0,0.0,0,0.0,0.0,758,323.0,3,0,0.8,509.0,239.0,0,10,0.4,339.0,159.0,0.1,0.6,0.0,855,11,370,13,0.4,0.4,0.06,0.25,0.31,2.34,0.08,0.32,0.4,2.97,6.0,471.0,214.0,33.5,369.0,190.0,14.0,392.0,196.0,5.3,441.0,197.0,,,,28,,Alex,Tóth,Tóth.A,,,71,0,0,0,1,0,0,0,1,0,0,1,8,,,,0.0,0.0,1.27,1.27,10.14,1,2,5
806,a,,,4.0,677,50.0,0,0.0,0,0.0,0.0,769,88.0,0,0,0.0,586.0,69.0,0,0,0.0,465.0,61.0,0.0,0.0,0.0,538,7,218,6,0.0,0.0,0.0,0.0,0.0,0.0,0.0,0.0,0.0,0.0,0.0,576.0,69.0,0.0,568.0,57.0,0.0,537.0,44.0,0.0,578.0,69.0,,,,28,,Christos,Mandas,Mandas,,,0,0,0,0,0,0,0,0,0,0,0,0,0,,,,0.0,0.0,0.0,0.0,0.0,0,0,0
807,a,,,5.6,133,82.0,0,0.0,1,-1.0,2.7,113,36.0,24,2,4.8,19.0,12.0,2,87,4.8,24.0,9.0,0.9,4.3,0.0,360922,4764,17980,2302,4.8,4.8,0.87,0.99,1.86,8.87,0.21,0.24,0.45,2.11,114.2,337.0,153.0,113.0,233.0,147.0,97.0,241.0,134.0,32.4,319.0,156.0,,,,28,,Rayan Vitor,Simplício Rocha,Rayan,,,378,2,1,1,3,0,0,0,1,0,0,4,19,,,,0.0,0.24,0.71,0.95,4.52,3,3,13
27,a,100.0,100.0,4.8,357,224.0,0,0.0,-2,2.0,0.1,487,173.0,6,0,1.0,486.0,223.0,0,19,0.0,700.0,289.0,0.0,1.2,0.0,10446,13,18050,9,0.0,0.5,0.61,0.07,0.68,1.21,1.1,0.13,1.23,2.18,16.4,448.0,199.0,4.0,445.0,215.0,16.0,389.0,195.0,3.4,455.0,206.0,,,,28,,Reiss,Nelson,Nelson,,,50,0,0,0,1,0,0,0,0,0,0,0,17,,,,0.0,0.0,1.8,0.0,30.6,2,3,12
83,a,100.0,100.0,5.9,102,66.0,0,0.0,-1,1.0,2.9,109,34.0,94,5,4.3,45.0,20.0,10,284,5.6,12.0,3.0,0.9,15.9,0.0,805389,9947,467032,1160,5.6,6.1,5.24,2.3,7.54,21.02,0.31,0.14,0.45,1.24,337.4,150.0,53.0,242.1,126.0,86.0,428.0,32.0,16.0,100.2,79.0,48.0,3.0,,,28,,Dango,Ouattara,O.Dango,,,1527,5,6,3,24,0,0,0,4,0,0,17,131,,,,0.0,0.18,1.41,1.0,7.72,14,58,59
101,a,100.0,100.0,4.7,382,17.0,0,0.0,2,-2.0,11.7,28,5.0,98,0,3.6,108.0,14.0,6,377,3.0,106.0,11.0,0.6,20.9,0.0,1224488,4823,985570,4901,3.0,3.5,0.0,0.04,0.04,37.42,0.0,0.0,0.0,1.39,626.8,22.0,6.0,20.0,392.0,4.0,0.0,743.0,82.0,64.7,185.0,6.0,,,,28,,Caoimhín,Kelleher,Kelleher,,,2430,0,0,6,37,0,3,0,1,0,73,27,95,,,,2.7,0.22,1.37,1.0,0.0,1,34,204
102,a,,,3.9,755,79.0,0,0.0,-1,1.0,0.3,336,46.0,0,0,0.0,549.0,48.0,0,0,0.0,426.0,39.0,0.0,0.0,0.0,15978,28,23655,33,0.0,0.5,0.0,0.0,0.0,0.0,0.0,0.0,0.0,0.0,0.0,539.0,48.0,0.0,527.0,32.0,0.0,494.0,19.0,0.0,541.0,48.0,,,,28,,Ellery,Balcombe,Balcombe,,,0,0,0,0,0,0,0,0,0,0,0,0,0,,,,0.0,0.0,0.0,0.0,0.0,0,0,0
103,u,0.0,0.0,3.9,771,87.0,0,0.0,-1,1.0,0.1,422,62.0,0,0,0.0,561.0,56.0,0,0,0.0,439.0,47.0,0.0,0.0,0.0,11791,0,14281,37,0.0,0.0,0.0,0.0,0.0,0.0,0.0,0.0,0.0,0.0,0.0,551.0,56.0,0.0,539.0,40.0,0.0,506.0,27.0,0.0,553.0,56.0,,,,28,,Matthew,Cox,Cox,has joined Shrewsbury Town on loan for the rest of the season.,,0,0,0,0,0,0,0,0,0,0,0,0,0,,,,0.0,0.0,0.0,0.0,0.0,0,0,0
104,a,,,3.9,775,89.0,0,0.0,-1,1.0,0.1,455,68.0,0,0,0.0,564.0,57.0,0,0,0.0,442.0,48.0,0.0,0.0,0.0,12899,17,10098,14,0.0,0.5,0.0,0.0,0.0,0.0,0.0,0.0,0.0,0.0,0.0,554.0,57.0,0.0,543.0,42.0,0.0,510.0,29.0,0.0,556.0,57.0,,,,28,,Julian,Eyestone,Eyestone,,,0,0,0,0,0,0,0,0,0,0,0,0,0,,,,0.0,0.0,0.0,0.0,0.0,0,0,0
105,a,,,3.9,772,88.0,0,0.0,-1,1.0,0.6,238,31.0,1,1,1.0,450.0,32.0,0,1,0.2,352.0,22.0,0.1,0.3,0.0,37391,114,71573,65,0.2,0.7,0.0,0.0,0.0,0.97,0.0,0.0,0.0,0.97,13.0,452.0,32.0,0.0,540.0,41.0,0.0,507.0,28.0,1.3,477.0,32.0,,,,28,,Hákon Rafn,Valdimarsson,Valdimarsson,,,90,0,0,0,3,0,0,0,0,0,1,1,0,,,,1.0,0.0,3.0,1.0,0.0,0,0,8
106,a,,,4.9,325,53.0,-1,1.0,-1,1.0,2.8,111,45.0,93,0,3.7,99.0,35.0,7,317,0.4,337.0,115.0,0.1,19.0,0.0,632017,709,483574,4751,0.4,0.9,1.58,1.13,2.71,31.46,0.07,0.05,0.12,1.37,646.4,19.0,9.0,114.9,230.0,61.0,250.0,96.0,10.0,101.3,77.0,16.0,,,,28,,Nathan,Collins,Collins,,,2071,1,2,5,32,1,0,0,4,0,0,22,269,,,,0.0,0.22,1.39,0.96,10.3,24,213,95
107,a,,,4.8,365,62.0,0,0.0,-2,2.0,1.7,148,59.0,78,1,3.0,190.0,72.0,3,204,2.2,159.0,56.0,0.5,16.2,0.0,449790,1071,289718,2201,2.2,2.7,2.02,1.03,3.05,20.47,0.16,0.08,0.24,1.6,220.4,244.0,97.0,167.8,184.0,45.0,226.0,108.0,15.0,61.4,200.0,66.0,,1.0,,28,,Keane,Lewis-Potter,Lewis-Potter,,,1149,3,1,6,20,0,0,0,1,0,0,13,60,,,,0.0,0.47,1.57,1.02,3.21,15,26,48
111,a,100.0,100.0,4.2,631,144.0,0,0.0,-3,3.0,0.1,453,166.0,4,0,1.3,425.0,153.0,0,21,0.0,527.0,219.0,0.0,1.0,0.0,12197,24,26557,33,0.0,0.5,0.0,0.06,0.06,3.18,0.0,0.02,0.02,1.26,62.8,395.0,152.0,1.1,464.0,170.0,12.0,396.0,144.0,7.6,430.0,154.0,,,,28,,Ethan,Pinnock,Pinnock,,,228,0,0,0,5,1,0,0,1,0,0,3,33,,,,0.0,0.0,1.97,1.18,11.45,4,25,9
112,u,0.0,0.0,4.5,423,82.0,0,0.0,0,0.0,0.0,708,244.0,0,0,0.0,696.0,257.0,0,0,0.0,617.0,242.0,0.0,0.0,0.0,211,0,3929,0,0.0,0.0,0.0,0.0,0.0,0.0,0.0,0.0,0.0,0.0,0.0,690.0,256.0,0.0,685.0,256.0,0.0,667.0,256.0,0.0,692.0,256.0,,,,28,,Mads,Roerslev Rasmussen,Roerslev,Has joined Southampton permanently.,,0,0,0,0,0,0,0,0,0,0,0,0,0,,,,0.0,0.0,0.0,0.0,0.0,0,0,0
113,a,100.0,100.0,4.5,432,85.0,0,0.0,0,0.0,0.9,201,77.0,77,6,3.3,144.0,54.0,3,275,4.8,22.0,8.0,1.1,17.1,0.0,244412,2168,199390,323,4.8,5.3,2.68,0.49,3.17,30.2,0.12,0.02,0.14,1.34,480.2,71.0,32.0,56.7,328.0,111.0,223.0,109.0,16.0,76.1,135.0,43.0,,,,28,,Sepp,van den Berg,Van den Berg,,,2033,0,2,4,34,0,0,0,1,0,0,22,236,,,,0.0,0.18,1.51,0.97,9.12,14,192,83
114,u,0.0,0.0,3.8,814,261.0,0,0.0,-2,2.0,0.2,378,139.0,0,0,0.0,536.0,199.0,0,0,0.0,412.0,160.0,0.0,0.0,0.0,12981,0,29922,63,0.0,0.0,0.0,0.0,0.0,0.0,0.0,0.0,0.0,0.0,0.0,526.0,198.0,0.0,513.0,198.0,0.0,480.0,190.0,0.0,528.0,198.0,,,,28,,Benjamin,Arthur,Arthur,has joined Celtic on loan for the rest of the season.,,0,0,0,0,0,0,0,0,0,0,0,0,0,,,,0.0,0.0,0.0,0.0,0.0,0,0,0
115,u,0.0,0.0,4.0,727,203.0,0,0.0,0,0.0,0.1,524,187.0,0,0,0.0,627.0,241.0,0,0,0.0,511.0,209.0,0.0,0.0,0.0,2020,0,14327,12,0.0,0.0,0.0,0.0,0.0,0.0,0.0,0.0,0.0,0.0,0.0,617.0,240.0,0.0,609.0,240.0,0.0,579.0,235.0,0.0,619.0,240.0,,,,28,,Benjamin,Fredrick,Fredrick,has joined Dender on loan for the rest of the season.,,0,0,0,0,0,0,0,0,0,0,0,0,0,,,,0.0,0.0,0.0,0.0,0.0,0,0,0
116,d,50.0,50.0,4.0,686,173.0,0,0.0,0,0.0,0.4,271,99.0,33,0,1.8,357.0,132.0,0,94,0.6,300.0,104.0,0.2,8.2,0.0,65847,6,72429,371,0.3,0.6,0.4,0.17,0.57,6.47,0.06,0.03,0.09,0.99,82.6,369.0,140.0,16.2,399.0,145.0,42.0,333.0,109.0,13.9,391.0,141.0,,,,28,,Aaron,Hickey,Hickey,Knock - 50% chance of playing,,588,0,0,2,8,0,0,0,1,0,0,7,49,,,,0.0,0.31,1.22,1.07,6.43,12,30,33
117,u,0.0,0.0,3.9,780,229.0,0,0.0,-1,1.0,0.1,518,184.0,0,0,0.0,569.0,207.0,0,0,0.0,447.0,170.0,0.0,0.0,0.0,4108,0,15578,7,0.0,0.0,0.0,0.0,0.0,0.0,0.0,0.0,0.0,0.0,0.0,559.0,206.0,0.0,548.0,206.0,0.0,515.0,198.0,0.0,561.0,206.0,,,,28,,Kim,Ji-soo,Ji-soo,has joined Kaiserslautern on loan for the rest of the season.,,0,0,0,0,0,0,0,0,0,0,0,0,0,,,,0.0,0.0,0.0,0.0,0.0,0,0,0
118,u,0.0,0.0,4.0,698,181.0,0,0.0,0,0.0,0.0,610,216.0,0,0,0.0,603.0,224.0,0,0,0.0,485.0,190.0,0.0,0.0,0.0,279,0,10969,1,0.0,0.0,0.0,0.0,0.0,0.0,0.0,0.0,0.0,0.0,0.0,593.0,223.0,0.0,585.0,223.0,0.0,554.0,217.0,0.0,595.0,223.0,,,,28,,Jayden,Meghoma,Meghoma,Has joined Rangers on loan for the rest of the season.,,0,0,0,0,0,0,0,0,0,0,0,0,0,,,,0.0,0.0,0.0,0.0,0.0,0,0,0
120,a,100.0,100.0,6.9,41,24.0,0,0.0,-1,1.0,1.4,163,54.0,94,7,3.8,91.0,46.0,5,317,1.2,251.0,113.0,0.2,13.6,0.0,801692,4636,684840,771,1.2,1.7,9.49,1.79,11.28,26.47,0.43,0.08,0.51,1.21,470.6,74.0,22.0,309.5,86.0,65.0,658.0,13.0,5.0,143.4,25.0,20.0,,,3.0,28,,Kevin,Schade,Schade,,,1973,7,4,7,25,0,0,1,6,1,0,23,152,,,,0.0,0.32,1.14,1.05,6.93,33,45,74
121,a,100.0,100.0,5.6,130,80.0,0,0.0,-4,4.0,0.5,261,90.0,82,18,3.4,140.0,63.0,6,344,4.2,53.0,26.0,0.8,14.6,0.0,105154,4191,170381,129,4.2,4.7,1.78,3.78,5.56,20.69,0.11,0.24,0.35,1.33,402.6,107.0,34.0,510.2,25.0,24.0,245.0,99.0,61.0,115.9,49.0,33.0,,3.0,,28,,Mikkel,Damsgaard,Damsgaard,,,1405,3,4,2,25,0,0,0,0,0,0,16,159,,,,0.0,0.13,1.6,1.02,10.19,38,31,90
122,i,0.0,0.0,5.2,217,135.0,0,0.0,-3,3.0,0.0,652,261.0,1,0,1.0,498.0,232.0,0,5,0.0,766.0,332.0,0.0,0.2,0.0,2027,1,6928,3,0.0,0.0,0.0,0.01,0.01,1.49,0.0,0.02,0.02,2.98,4.0,476.0,218.0,1.8,454.0,218.0,0.0,790.0,348.0,0.6,487.0,224.0,,,,28,,Antoni,Milambo,Milambo,Knee injury - Expected back 01 Jun,,45,0,0,0,3,0,0,0,0,0,0,1,4,,,,0.0,0.0,6.0,2.0,8.0,2,0,2
123,i,0.0,0.0,4.7,386,241.0,0,0.0,-3,3.0,0.1,464,158.0,13,0,2.2,309.0,135.0,1,42,0.0,693.0,284.0,0.0,2.8,0.0,27225,0,51342,17,0.0,0.0,0.7,0.03,0.73,2.08,0.63,0.03,0.66,1.87,39.0,417.0,182.0,6.5,434.0,211.0,36.0,342.0,178.0,8.1,426.0,192.0,,,4.0,28,,Fábio,Freitas Gouveia Carvalho,Carvalho,Knee injury - Expected back 01 Jun,,100,1,0,0,4,0,0,0,0,0,0,1,8,,,,0.0,0.0,3.6,0.9,7.2,3,0,5
124,a,100.0,100.0,5.0,243,148.0,0,0.0,0,0.0,0.3,297,102.0,65,1,2.5,278.0,118.0,5,292,1.2,243.0,107.0,0.2,13.0,0.0,98306,86,99454,147,1.2,1.7,0.33,2.08,2.41,22.34,0.02,0.12,0.14,1.28,292.0,186.0,75.0,313.6,84.0,63.0,43.0,332.0,173.0,64.8,184.0,96.0,,,,28,,Jordan,Henderson,Henderson,,,1572,1,3,4,24,0,0,0,4,0,0,18,147,,,,0.0,0.23,1.37,1.03,8.42,22,46,79
125,d,75.0,100.0,4.9,304,190.0,0,0.0,-1,1.0,0.3,312,106.0,70,0,3.2,155.0,67.0,6,300,3.0,110.0,48.0,0.6,14.3,0.0,67461,141,31814,580,2.2,3.5,0.82,1.88,2.7,20.22,0.06,0.14,0.2,1.45,329.0,160.0,58.0,313.6,83.0,62.0,91.0,249.0,137.0,72.5,149.0,80.0,2.0,,,28,,Vitaly,Janelt,Janelt,Knock - 75% chance of playing,,1253,1,4,5,16,0,0,0,7,0,0,13,164,,,,0.0,0.36,1.15,0.93,11.78,24,66,74
126,a,,,4.9,307,192.0,0,0.0,-1,1.0,0.1,480,167.0,61,2,2.3,296.0,129.0,0,296,3.2,91.0,41.0,0.7,12.4,0.0,17253,87,17472,74,3.2,3.7,1.91,3.68,5.59,20.8,0.13,0.24,0.37,1.36,245.2,221.0,96.0,362.9,61.0,48.0,153.0,174.0,95.0,76.0,136.0,75.0,1.0,2.0,5.0,28,,Mathias,Jensen,Jensen,,,1375,2,2,5,21,0,0,0,2,0,0,16,113,,,,0.0,0.33,1.37,1.05,7.4,23,26,64
127,u,0.0,0.0,4.9,348,216.0,0,0.0,-1,1.0,0.0,718,298.0,0,0,0.0,778.0,337.0,0,0,0.0,737.0,313.0,0.0,0.0,0.0,1544,0,2255,3,0.0,0.0,0.0,0.0,0.0,0.0,0.0,0.0,0.0,0.0,0.0,778.0,337.0,0.0,774.0,337.0,0.0,770.0,335.0,0.0,778.0,337.0,,,,28,,Gustavo,Nunes Fernandes Gomes,Nunes,has joined Swansea City on loan for the rest of the season.,,0,0,0,0,0,0,0,0,0,0,0,0,0,,,,0.0,0.0,0.0,0.0,0.0,0,0,0
128,u,0.0,0.0,4.8,366,228.0,0,0.0,-2,2.0,0.0,607,234.0,12,0,2.0,330.0,143.0,0,41,0.0,707.0,293.0,0.0,2.5,0.0,5396,0,8843,8,0.0,0.0,0.0,0.36,0.36,2.02,0.0,0.37,0.37,2.07,28.4,431.0,191.0,13.6,406.0,202.0,4.0,432.0,214.0,4.6,450.0,203.0,,,,28,,Frank,Onyeka,Onyeka,has joined Coventry City on loan for the rest of the season.,,88,0,2,0,2,0,0,0,0,0,0,0,10,,,,0.0,0.0,2.05,0.0,10.23,2,3,5
129,a,100.0,100.0,5.0,274,169.0,0,0.0,0,0.0,0.1,467,161.0,75,1,2.7,242.0,98.0,0,327,1.0,263.0,119.0,0.2,15.0,0.0,23904,31,20239,95,1.0,1.5,1.19,1.13,2.32,30.07,0.05,0.05,0.1,1.36,326.2,161.0,59.0,215.4,143.0,97.0,110.0,226.0,126.0,65.1,182.0,94.0,,,,28,,Yehor,Yarmoliuk,Yarmoliuk,,,1987,1,2,5,33,0,0,0,7,0,0,23,248,,,,0.0,0.23,1.49,1.04,11.23,52,57,139
130,a,,,4.4,569,340.0,0,0.0,-1,1.0,0.1,468,162.0,4,1,1.0,471.0,210.0,0,19,0.6,304.0,137.0,0.1,0.9,0.0,15617,80,18229,46,0.6,1.1,0.09,0.01,0.1,0.39,0.21,0.02,0.23,0.92,8.4,462.0,209.0,11.5,412.0,205.0,21.0,374.0,189.0,4.2,451.0,204.0,,,,28,,Romelle,Donovan,Donovan,,,38,0,0,0,0,0,0,0,0,0,0,0,5,,,,0.0,0.0,0.0,0.0,11.84,0,0,5
131,u,0.0,0.0,4.3,622,366.0,0,0.0,-2,2.0,0.2,411,139.0,0,0,0.0,663.0,256.0,0,0,0.0,570.0,199.0,0.0,0.0,0.0,38108,0,43958,66,0.0,0.0,0.0,0.0,0.0,0.0,0.0,0.0,0.0,0.0,0.0,653.0,247.0,0.0,649.0,252.0,0.0,626.0,241.0,0.0,655.0,249.0,,,,28,,Yunus Emre,Konak,Konak,has joined Oxford United on loan for the rest of the season.,,0,0,0,0,0,0,0,0,0,0,0,0,0,,,,0.0,0.0,0.0,0.0,0.0,0,0,0
132,u,0.0,0.0,4.5,421,253.0,0,0.0,0,0.0,0.0,670,271.0,0,0,0.0,695.0,272.0,0,0,0.0,615.0,222.0,0.0,0.0,0.0,4038,0,5363,5,0.0,0.0,0.0,0.0,0.0,0.0,0.0,0.0,0.0,0.0,0.0,689.0,267.0,0.0,684.0,270.0,0.0,665.0,262.0,0.0,691.0,269.0,,,,28,,Paris,Maghoma,Maghoma,has joined Norwich City permanently.,,0,0,0,0,0,0,0,0,0,0,0,0,0,,,,0.0,0.0,0.0,0.0,0.0,0,0,0
133,u,0.0,0.0,4.4,542,322.0,0,0.0,-1,1.0,0.0,632,247.0,1,0,1.0,466.0,205.0,0,2,0.0,583.0,202.0,0.0,0.2,0.0,3881,0,6319,2,0.0,0.0,0.0,0.0,0.0,0.0,0.0,0.0,0.0,0.0,0.0,661.0,249.0,0.0,657.0,254.0,0.0,635.0,243.0,0.0,663.0,251.0,,,,28,,Myles,Peart-Harris,Peart-Harris,has joined Oxford United permanently.,,1,0,0,0,0,0,0,0,0,0,0,0,0,,,,0.0,0.0,0.0,0.0,0.0,0,0,0
134,u,0.0,0.0,4.5,488,299.0,0,0.0,0,0.0,0.0,786,344.0,0,0,0.0,736.0,307.0,0,0,0.0,667.0,265.0,0.0,0.0,0.0,0,0,948,0,0.0,0.0,0.0,0.0,0.0,0.0,0.0,0.0,0.0,0.0,0.0,735.0,306.0,0.0,729.0,306.0,0.0,716.0,302.0,0.0,735.0,306.0,,,,28,,Ryan,Trevitt,Trevitt,Has joined Wigan on loan for the rest of the season,,0,0,0,0,0,0,0,0,0,0,0,0,0,,,,0.0,0.0,0.0,0.0,0.0,0,0,0
136,a,100.0,100.0,7.1,34,14.0,0,0.0,11,-11.0,33.7,8,3.0,141,6,5.0,14.0,3.0,19,571,3.4,82.0,12.0,0.5,19.9,0.0,8520247,21952,4472142,12842,3.4,3.9,15.4,1.57,16.97,37.11,0.58,0.06,0.64,1.4,778.2,6.0,2.0,259.9,114.0,6.0,934.0,2.0,2.0,197.0,4.0,2.0,,,2.0,28,,Igor Thiago,Nascimento Rodrigues,Thiago,,,2382,18,1,6,38,0,0,1,6,0,0,27,143,,,,0.0,0.23,1.44,1.02,5.4,22,53,68
137,u,0.0,0.0,4.4,555,78.0,0,0.0,-1,1.0,0.3,316,52.0,0,0,0.0,677.0,70.0,0,0,0.0,591.0,59.0,0.0,0.0,0.0,52422,0,80960,56,0.0,0.0,0.0,0.0,0.0,0.0,0.0,0.0,0.0,0.0,0.0,669.0,70.0,0.0,664.0,69.0,0.0,644.0,69.0,0.0,671.0,70.0,,,,28,,Iwan,Morgan,Morgan,has joined Shrewsbury on loan for the rest of the season.,,0,0,0,0,0,0,0,0,0,0,0,0,0,,,,0.0,0.0,0.0,0.0,0.0,0,0,0
748,d,25.0,25.0,4.9,299,187.0,0,0.0,-1,1.0,0.0,809,359.0,0,0,0.0,766.0,328.0,0,0,0.0,715.0,299.0,0.0,0.0,0.0,181,2,209,2,0.0,0.1,0.0,0.0,0.0,0.0,0.0,0.0,0.0,0.0,0.0,766.0,328.0,0.0,762.0,328.0,0.0,756.0,326.0,0.0,766.0,328.0,,,,28,,Josh,Dasilva,Dasilva,Lack of match fitness - 25% chance of playing,,0,0,0,0,0,0,0,0,0,0,0,0,0,,,,0.0,0.0,0.0,0.0,0.0,0,0,0
797,a,,,4.5,489,70.0,0,0.0,0,0.0,0.0,706,88.0,0,0,0.0,737.0,79.0,0,0,0.0,668.0,68.0,0.0,0.0,0.0,1663,15,665,22,0.0,0.5,0.0,0.0,0.0,0.0,0.0,0.0,0.0,0.0,0.0,736.0,79.0,0.0,730.0,78.0,0.0,717.0,78.0,0.0,736.0,79.0,,,,28,,Kaye,Furo,Furo,,,0,0,0,0,0,0,0,0,0,0,0,0,0,,,,0.0,0.0,0.0,0.0,0.0,0,0,0
810,a,,,4.5,470,285.0,0,0.0,0,0.0,0.0,802,355.0,0,0,0.0,723.0,297.0,0,0,0.0,650.0,251.0,0.0,0.0,0.0,249,7,61,4,0.0,0.5,0.0,0.0,0.0,0.0,0.0,0.0,0.0,0.0,0.0,720.0,295.0,0.0,715.0,296.0,0.0,700.0,290.0,0.0,721.0,296.0,,,,28,,Luka,Bentt,Bentt,,,0,0,0,0,0,0,0,0,0,0,0,0,0,,,,0.0,0.0,0.0,0.0,0.0,0,0,0
819,a,,,4.0,694,178.0,0,0.0,0,0.0,0.0,819,266.0,0,0,0.0,600.0,222.0,0,0,0.0,481.0,187.0,0.0,0.0,0.0,0,0,0,0,1.4,1.9,0.0,0.0,0.0,0.0,0.0,0.0,0.0,0.0,0.0,590.0,221.0,0.0,582.0,221.0,0.0,551.0,215.0,0.0,592.0,221.0,,,,28,,Ollie,Shield,Shield,,,0,0,0,0,0,0,0,0,0,0,0,0,0,,,,0.0,0.0,0.0,0.0,0.0,0,0,0
138,a,,,4.2,624,31.0,0,0.0,-3,3.0,0.2,349,49.0,0,0,0.0,636.0,87.0,0,0,0.0,523.0,80.0,0.0,0.0,0.0,10266,27,39161,32,-1.0,0.0,0.0,0.0,0.0,0.0,0.0,0.0,0.0,0.0,0.0,626.0,87.0,0.0,619.0,76.0,0.0,591.0,63.0,0.0,628.0,87.0,,,,28,,Jason,Steele,Steele,,,0,0,0,0,0,0,0,0,0,0,0,0,0,,,,0.0,0.0,0.0,0.0,0.0,0,0,0
139,a,,,4.5,444,25.0,0,0.0,0,0.0,5.5,67,11.0,86,0,3.2,152.0,15.0,4,437,3.0,103.0,10.0,0.7,19.1,0.0,681107,712,841592,1327,2.0,3.0,0.0,0.05,0.05,37.69,0.0,0.0,0.0,1.4,670.2,13.0,3.0,10.0,422.0,7.0,0.0,682.0,78.0,68.0,164.0,3.0,,,,28,,Bart,Verbruggen,Verbruggen,,,2430,0,0,6,34,1,1,0,3,0,76,27,102,,,,2.81,0.22,1.26,1.0,0.0,1,23,244
140,a,,,3.9,751,77.0,0,0.0,-1,1.0,0.3,313,42.0,0,0,0.0,547.0,46.0,0,0,0.0,424.0,37.0,0.0,0.0,0.0,17803,22,27795,34,-1.0,0.0,0.0,0.0,0.0,0.0,0.0,0.0,0.0,0.0,0.0,537.0,46.0,0.0,525.0,30.0,0.0,492.0,17.0,0.0,539.0,46.0,,,,28,,Tom,McGill,McGill,,,0,0,0,0,0,0,0,0,0,0,0,0,0,,,,0.0,0.0,0.0,0.0,0.0,0,0,0
141,u,0.0,0.0,4.0,687,55.0,0,0.0,0,0.0,0.0,805,92.0,0,0,0.0,594.0,74.0,0,0,0.0,474.0,66.0,0.0,0.0,0.0,0,0,244,0,0.0,0.0,0.0,0.0,0.0,0.0,0.0,0.0,0.0,0.0,0.0,584.0,74.0,0.0,576.0,62.0,0.0,545.0,49.0,0.0,586.0,74.0,,,,28,,Carl,Rushworth,Rushworth,Has joined Coventry City on loan for the rest of the season.,,0,0,0,0,0,0,0,0,0,0,0,0,0,,,,0.0,0.0,0.0,0.0,0.0,0,0,0
142,u,0.0,0.0,4.0,675,48.0,0,0.0,0,0.0,0.0,806,93.0,0,0,0.0,584.0,67.0,0,0,0.0,463.0,59.0,0.0,0.0,0.0,0,0,205,0,0.0,0.0,0.0,0.0,0.0,0.0,0.0,0.0,0.0,0.0,0.0,574.0,67.0,0.0,566.0,55.0,0.0,535.0,42.0,0.0,576.0,67.0,,,,28,,Kjell,Scherpen,Scherpen,Has joined Union SG permanently,,0,0,0,0,0,0,0,0,0,0,0,0,0,,,,0.0,0.0,0.0,0.0,0.0,0,0,0
143,a,,,4.2,630,143.0,0,0.0,-3,3.0,0.1,502,179.0,20,0,2.9,198.0,78.0,2,78,1.0,254.0,91.0,0.2,4.8,0.0,6341,9,12699,18,0.0,1.0,0.05,0.24,0.29,4.9,0.01,0.06,0.07,1.26,101.8,348.0,133.0,38.6,357.0,124.0,12.0,395.0,143.0,15.3,384.0,136.0,,,,28,,Olivier,Boscagli,Boscagli,,,349,0,1,1,4,0,0,0,1,0,0,4,33,,,,0.0,0.26,1.03,1.03,8.51,8,25,27
144,u,0.0,0.0,4.2,642,152.0,0,0.0,-3,3.0,0.0,599,213.0,10,0,2.0,328.0,123.0,0,32,0.0,532.0,222.0,0.0,2.4,0.0,2735,0,8170,13,0.0,0.0,0.0,0.01,0.01,4.52,0.0,0.0,0.0,2.11,42.4,412.0,155.0,3.7,447.0,162.0,2.0,439.0,163.0,4.8,447.0,161.0,,,,28,,Diego,Coppola,Coppola,has joined Paris FC on loan for the rest of the season.,,193,0,0,1,3,0,0,0,2,0,0,2,19,,,,0.0,0.47,1.4,0.93,8.39,2,16,6
145,a,100.0,100.0,4.3,589,134.0,0,0.0,-2,2.0,1.8,147,58.0,59,0,2.7,235.0,92.0,6,222,1.8,188.0,66.0,0.4,13.7,0.0,253507,90,707513,501,0.8,1.8,1.55,2.15,3.7,20.47,0.12,0.17,0.29,1.63,214.0,250.0,101.0,319.7,78.0,19.0,132.0,201.0,48.0,66.6,173.0,57.0,3.0,1.0,,28,,Maxim,De Cuyper,De Cuyper,,,1130,2,0,4,18,0,0,0,2,0,0,14,73,,,,0.0,0.32,1.43,1.12,3.9,18,31,55
146,a,100.0,100.0,4.5,408,72.0,0,0.0,0,0.0,1.0,191,72.0,69,0,2.7,238.0,95.0,0,330,3.2,90.0,29.0,0.7,15.3,0.0,152747,290,193407,289,2.2,3.2,1.25,0.46,1.71,35.45,0.05,0.02,0.07,1.39,509.8,64.0,28.0,95.2,262.0,79.0,145.0,184.0,43.0,75.2,139.0,46.0,,3.0,,28,,Lewis,Dunk,Dunk,,,2295,0,1,5,33,0,0,0,8,0,0,25,235,,,,0.0,0.2,1.29,0.98,7.57,29,164,110
147,u,0.0,0.0,4.5,418,78.0,0,0.0,0,0.0,0.0,743,255.0,0,0,0.0,693.0,255.0,0,0,0.0,613.0,239.0,0.0,0.0,0.0,0,0,1976,2,0.0,0.0,0.0,0.0,0.0,0.0,0.0,0.0,0.0,0.0,0.0,687.0,254.0,0.0,682.0,254.0,0.0,663.0,253.0,0.0,689.0,254.0,,,,28,,Pervis,Estupiñán Tenorio,Estupiñan,Has joined AC Milan permanently,,0,0,0,0,0,0,0,0,0,0,0,0,0,,,,0.0,0.0,0.0,0.0,0.0,0,0,0
148,a,,,4.4,530,109.0,0,0.0,-1,1.0,0.3,299,110.0,73,0,2.8,217.0,86.0,4,345,2.8,118.0,42.0,0.6,16.6,0.0,78036,107,63739,195,1.8,2.8,1.4,2.25,3.65,33.24,0.06,0.09,0.15,1.4,345.8,143.0,63.0,335.1,72.0,16.0,164.0,159.0,34.0,84.8,117.0,36.0,,,,28,,Ferdi,Kadıoğlu,F.Kadıoğlu,,,2140,0,2,6,29,0,0,0,5,0,0,23,147,,,,0.0,0.25,1.22,0.97,4.92,45,72,101
149,a,100.0,100.0,4.5,422,81.0,0,0.0,0,0.0,0.1,522,186.0,6,0,1.5,403.0,147.0,0,10,0.0,616.0,241.0,0.0,1.3,0.0,8913,24,10107,25,-1.0,0.0,0.0,0.0,0.0,4.66,0.0,0.0,0.0,4.07,25.8,436.0,162.0,10.6,415.0,150.0,0.0,666.0,255.0,3.6,454.0,163.0,,,,28,,Igor Julio,dos Santos de Paulo,Igor,,,103,0,0,0,3,0,0,0,0,0,0,1,13,,,,0.0,0.0,2.62,0.87,11.36,0,13,3
150,u,0.0,0.0,4.4,532,111.0,0,0.0,-1,1.0,0.1,512,183.0,0,0,0.0,668.0,254.0,0,0,0.0,578.0,236.0,0.0,0.0,0.0,2778,0,38557,3,0.0,0.0,0.0,0.0,0.0,0.0,0.0,0.0,0.0,0.0,0.0,658.0,253.0,0.0,654.0,253.0,0.0,632.0,252.0,0.0,660.0,253.0,,,,28,,Tariq,Lamptey,Lamptey,has joined Fiorentina permanently.,,0,0,0,0,0,0,0,0,0,0,0,0,0,,,,0.0,0.0,0.0,0.0,0.0,0,0,0
151,a,100.0,100.0,4.4,544,118.0,0,0.0,-1,1.0,3.7,89,32.0,101,0,4.0,55.0,23.0,7,384,3.2,89.0,28.0,0.7,23.0,0.0,954709,3122,630233,1800,2.2,3.2,2.05,0.92,2.96,34.9,0.08,0.04,0.12,1.41,698.0,10.0,4.0,135.8,204.0,51.0,226.0,107.0,14.0,106.3,64.0,12.0,,,,28,,Jan Paul,van Hecke,Van Hecke,,,2220,3,2,6,32,1,0,0,7,0,0,25,238,,,,0.0,0.24,1.3,1.01,8.43,33,175,77
152,a,100.0,100.0,4.3,575,123.0,0,0.0,-2,2.0,0.1,428,159.0,32,0,2.1,321.0,117.0,1,121,0.6,301.0,105.0,0.1,7.4,0.0,21891,21,35527,52,-0.4,0.6,0.99,0.11,1.1,14.17,0.11,0.01,0.12,1.58,212.6,251.0,102.0,70.6,303.0,100.0,63.0,294.0,86.0,34.7,307.0,103.0,,,,28,,Joël,Veltman,Veltman,,,808,1,0,1,12,0,0,0,4,0,0,8,97,,,,0.0,0.11,1.34,0.89,9.47,28,57,31
153,i,0.0,0.0,4.4,523,103.0,0,0.0,-1,1.0,0.0,759,258.0,0,0,0.0,665.0,252.0,0,0,0.0,574.0,233.0,0.0,0.0,0.0,908,2,1704,4,0.0,0.0,0.0,0.0,0.0,0.0,0.0,0.0,0.0,0.0,0.0,655.0,251.0,0.0,651.0,251.0,0.0,629.0,250.0,0.0,657.0,251.0,,,,28,,Adam,Webster,Webster,Knee injury - Unknown return date,,0,0,0,0,0,0,0,0,0,0,0,0,0,,,,0.0,0.0,0.0,0.0,0.0,0,0,0
154,u,0.0,0.0,4.0,678,169.0,0,0.0,0,0.0,0.0,778,260.0,0,0,0.0,587.0,216.0,0,0,0.0,466.0,179.0,0.0,0.0,0.0,0,0,776,0,0.0,0.0,0.0,0.0,0.0,0.0,0.0,0.0,0.0,0.0,0.0,577.0,215.0,0.0,569.0,215.0,0.0,538.0,209.0,0.0,579.0,215.0,,,,28,,Eiran,Cashin,Cashin,has joined Blackburn Rovers on loan for the rest of the season.,,0,0,0,0,0,0,0,0,0,0,0,0,0,,,,0.0,0.0,0.0,0.0,0.0,0,0,0
155,u,0.0,0.0,4.0,721,197.0,0,0.0,0,0.0,0.1,499,177.0,0,0,0.0,622.0,236.0,0,0,0.0,506.0,204.0,0.0,0.0,0.0,3175,0,16584,5,0.0,0.0,0.0,0.0,0.0,0.0,0.0,0.0,0.0,0.0,0.0,612.0,235.0,0.0,604.0,235.0,0.0,574.0,230.0,0.0,614.0,235.0,,,,28,,Jacob,Slater,Slater,has joined Harrogate Town on loan until January.,,0,0,0,0,0,0,0,0,0,0,0,0,0,,,,0.0,0.0,0.0,0.0,0.0,0,0,0
156,a,,,3.8,807,255.0,0,0.0,-2,2.0,0.2,409,150.0,0,0,0.0,531.0,195.0,0,0,0.0,407.0,156.0,0.0,0.0,0.0,11767,44,16773,25,-1.0,0.0,0.0,0.0,0.0,0.0,0.0,0.0,0.0,0.0,0.0,521.0,194.0,0.0,508.0,194.0,0.0,474.0,185.0,0.0,523.0,194.0,,,,28,,Charlie,Tasker,Tasker,,,0,0,0,0,0,0,0,0,0,0,0,0,0,,,,0.0,0.0,0.0,0.0,0.0,0,0,0
157,a,100.0,100.0,6.1,83,54.0,0,0.0,-4,4.0,2.0,136,45.0,48,0,2.8,232.0,96.0,2,169,2.0,184.0,82.0,0.3,7.9,0.0,278829,275,841422,566,1.0,2.0,2.49,2.01,4.5,18.14,0.18,0.14,0.32,1.28,209.4,253.0,106.0,332.3,74.0,56.0,264.0,88.0,54.0,80.2,127.0,71.0,,,,28,,Mitoma,Kaoru,Mitoma,,,1273,2,1,4,14,0,0,0,2,0,0,14,72,,,,0.0,0.28,0.99,0.99,5.09,11,17,44
158,a,100.0,100.0,5.6,131,81.0,0,0.0,-4,4.0,0.3,302,104.0,65,0,2.8,230.0,94.0,2,213,0.6,320.0,150.0,0.1,11.6,0.0,129569,34,250555,165,-0.4,0.6,2.05,2.06,4.11,19.19,0.12,0.12,0.24,1.15,243.2,223.0,97.0,267.7,110.0,77.0,350.0,56.0,34.0,86.0,111.0,64.0,,,,28,,Georginio,Rutter,Georginio,,,1502,2,4,6,16,1,0,0,2,0,0,18,101,,,,0.0,0.36,0.96,1.08,6.05,23,32,46
159,d,75.0,75.0,5.8,105,68.0,0,0.0,-2,2.0,0.0,755,321.0,0,0,0.0,808.0,359.0,0,0,0.0,792.0,350.0,0.0,0.0,0.0,773,3,2564,2,-0.8,0.0,0.0,0.0,0.0,0.0,0.0,0.0,0.0,0.0,0.0,808.0,359.0,0.0,808.0,359.0,0.0,807.0,359.0,0.0,808.0,359.0,,,,28,,Solly,March,March,Lack of match fitness - 75% chance of playing,,0,0,0,0,0,0,0,0,0,0,0,0,0,,,,0.0,0.0,0.0,0.0,0.0,0,0,0
160,a,100.0,100.0,5.5,153,95.0,-1,1.0,-5,5.0,1.9,139,46.0,84,0,3.5,126.0,57.0,6,314,0.6,319.0,149.0,0.1,15.3,0.0,1921092,157,1859106,950,-0.4,0.6,2.91,2.78,5.69,25.32,0.16,0.15,0.31,1.39,308.4,179.0,70.0,448.3,35.0,33.0,459.0,28.0,14.0,121.7,41.0,31.0,,,,28,,Yankuba,Minteh,Minteh,,,1634,1,8,6,26,0,0,0,0,0,0,18,125,,,,0.0,0.33,1.43,0.99,6.88,34,21,70
161,u,0.0,0.0,5.4,176,108.0,0,0.0,-1,1.0,0.0,747,317.0,0,0,0.0,802.0,354.0,0,0,0.0,782.0,342.0,0.0,0.0,0.0,105,0,2954,0,0.0,0.0,0.0,0.0,0.0,0.0,0.0,0.0,0.0,0.0,0.0,802.0,354.0,0.0,801.0,354.0,0.0,799.0,353.0,0.0,802.0,354.0,,,,28,,Julio,Enciso Espínola,Enciso,has joined Strasbourg permanently.,,0,0,0,0,0,0,0,0,0,0,0,0,0,,,,0.0,0.0,0.0,0.0,0.0,0,0,0
162,u,0.0,0.0,5.4,181,112.0,0,0.0,-1,1.0,0.0,590,223.0,35,0,1.9,351.0,152.0,2,114,0.0,784.0,344.0,0.0,6.5,0.0,16799,0,19532,16,0.0,0.0,1.86,0.88,2.74,13.82,0.24,0.11,0.35,1.76,134.4,314.0,143.0,217.1,142.0,96.0,152.0,176.0,97.0,50.0,242.0,122.0,,,,28,,Brajan,Gruda,Gruda,has joined Leipzig on loan for the rest of the season.,,708,1,1,2,11,0,0,0,2,0,0,8,58,,,,0.0,0.25,1.4,1.02,7.37,14,4,40
163,a,100.0,100.0,5.1,241,146.0,0,0.0,-4,4.0,0.0,587,222.0,43,0,2.7,243.0,99.0,2,168,1.4,223.0,96.0,0.3,8.4,0.0,9511,14,16956,24,0.4,1.4,0.95,0.48,1.43,18.2,0.1,0.05,0.15,1.94,139.0,310.0,141.0,88.4,270.0,161.0,120.0,222.0,123.0,34.7,310.0,151.0,,,,28,,Jack,Hinshelwood,Hinshelwood,,,843,1,3,2,14,1,0,0,0,0,0,9,77,,,,0.0,0.21,1.49,0.96,8.22,11,27,39
164,a,100.0,100.0,5.5,142,88.0,0,0.0,0,0.0,0.3,298,103.0,13,0,4.3,41.0,19.0,2,40,0.2,382.0,176.0,0.0,2.4,0.0,131667,36,199287,27,-0.8,0.2,1.21,0.18,1.39,2.33,0.59,0.09,0.68,1.13,61.6,396.0,174.0,67.4,307.0,173.0,63.0,297.0,161.0,19.2,369.0,176.0,5.0,,3.0,28,,Matt,O'Riley,O'Riley,,,185,1,0,1,2,0,0,0,0,0,0,2,9,,,,0.0,0.49,0.97,0.97,4.38,4,3,2
165,u,0.0,0.0,5.4,182,113.0,0,0.0,-1,1.0,0.0,730,306.0,0,0,0.0,803.0,355.0,0,0,0.0,785.0,345.0,0.0,0.0,0.0,247,0,2241,1,0.0,0.0,0.0,0.0,0.0,0.0,0.0,0.0,0.0,0.0,0.0,803.0,355.0,0.0,802.0,355.0,0.0,800.0,354.0,0.0,803.0,355.0,,,,28,,Abdallah,Sima,Sima,has joined Lens permanently.,,0,0,0,0,0,0,0,0,0,0,0,0,0,,,,0.0,0.0,0.0,0.0,0.0,0,0,0
166,d,75.0,75.0,4.8,371,232.0,0,0.0,-2,2.0,0.5,266,93.0,83,0,4.0,58.0,28.0,7,351,1.2,238.0,104.0,0.3,17.3,0.0,198761,37,170312,649,0.1,0.9,2.54,1.07,3.61,24.57,0.13,0.06,0.19,1.3,311.2,177.0,68.0,214.4,144.0,98.0,206.0,117.0,70.0,73.3,144.0,77.0,,2.0,,28,,Yasin,Ayari,Ayari,Shoulder injury - 75% chance of playing,,1699,3,3,5,21,0,0,0,0,0,0,18,200,,,,0.0,0.26,1.11,0.95,10.59,43,46,111
170,a,100.0,100.0,4.9,286,179.0,0,0.0,-1,1.0,0.1,462,157.0,27,0,1.7,382.0,166.0,0,112,1.2,239.0,105.0,0.2,5.5,0.0,18458,47,23202,26,0.2,1.2,0.96,0.59,1.55,8.82,0.19,0.11,0.3,1.71,110.0,341.0,154.0,112.5,234.0,148.0,54.0,315.0,167.0,27.5,339.0,163.0,,,1.0,28,,James,Milner,Milner,,,464,1,1,1,12,0,0,0,2,0,0,3,49,,,,0.0,0.19,2.33,0.58,9.5,9,15,25
171,u,0.0,0.0,4.9,331,205.0,0,0.0,-1,1.0,0.0,703,292.0,0,0,0.0,774.0,335.0,0,0,0.0,729.0,308.0,0.0,0.0,0.0,197,0,2963,0,0.0,0.0,0.0,0.0,0.0,0.0,0.0,0.0,0.0,0.0,0.0,774.0,335.0,0.0,770.0,335.0,0.0,765.0,333.0,0.0,774.0,335.0,,,,28,,Jeremy,Sarmiento Morante,Sarmiento,has joined Middlesbrough on loan for the rest of the season.,,0,0,0,0,0,0,0,0,0,0,0,0,0,,,,0.0,0.0,0.0,0.0,0.0,0,0,0
172,u,0.0,0.0,4.8,373,234.0,0,0.0,-2,2.0,0.0,643,257.0,5,0,0.8,508.0,238.0,0,15,0.0,710.0,295.0,0.0,1.0,0.0,2397,0,4148,10,0.0,0.0,0.04,0.03,0.07,1.72,0.06,0.05,0.11,2.72,6.0,470.0,213.0,2.4,452.0,217.0,7.0,420.0,203.0,1.6,470.0,214.0,,,,28,,Tom,Watson,Watson,has joined Millwall on loan for the rest of the season.,,57,0,0,0,2,0,0,0,1,0,0,0,5,,,,0.0,0.0,3.16,0.0,7.89,1,0,4
173,a,100.0,100.0,4.9,335,208.0,0,0.0,-1,1.0,0.1,441,150.0,60,0,3.5,122.0,55.0,3,259,0.4,338.0,158.0,0.1,12.2,0.0,79616,6,77635,22,-0.6,0.4,1.2,1.49,2.69,17.13,0.09,0.11,0.2,1.24,310.4,178.0,69.0,231.7,128.0,88.0,131.0,206.0,114.0,67.4,170.0,89.0,,,,28,,Mats,Wieffer,Wieffer,,,1243,0,4,4,17,0,0,0,5,0,0,14,192,,,,0.0,0.29,1.23,1.01,13.9,49,73,70
174,u,0.0,0.0,5.0,281,175.0,0,0.0,0,0.0,0.0,775,335.0,0,0,0.0,793.0,349.0,0,0,0.0,755.0,327.0,0.0,0.0,0.0,0,0,1264,0,0.0,0.0,0.0,0.0,0.0,0.0,0.0,0.0,0.0,0.0,0.0,793.0,349.0,0.0,791.0,349.0,0.0,787.0,347.0,0.0,793.0,349.0,,,,28,,Malick,Yalcouyé,Yalcouye,Has joined Swansea City on loan for the rest of the season.,,0,0,0,0,0,0,0,0,0,0,0,0,0,,,,0.0,0.0,0.0,0.0,0.0,0,0,0
175,u,0.0,0.0,4.4,561,335.0,0,0.0,-1,1.0,0.1,529,192.0,1,0,1.0,469.0,208.0,0,3,0.0,597.0,213.0,0.0,0.2,0.0,11030,0,14779,23,0.0,0.0,0.0,0.0,0.0,0.0,0.0,0.0,0.0,0.0,0.0,674.0,259.0,0.0,669.0,263.0,0.0,649.0,254.0,0.0,676.0,261.0,,,,28,,Joe,Knight,Knight,has joined Stevenage permanently.,,1,0,0,0,0,0,0,0,0,0,0,0,0,,,,0.0,0.0,0.0,0.0,0.0,0,0,0
176,u,0.0,0.0,4.5,464,281.0,0,0.0,0,0.0,0.0,687,282.0,0,0,0.0,720.0,295.0,0,0,0.0,645.0,247.0,0.0,0.0,0.0,1435,0,4589,0,0.0,0.0,0.0,0.0,0.0,0.0,0.0,0.0,0.0,0.0,0.0,715.0,291.0,0.0,711.0,293.0,0.0,695.0,286.0,0.0,716.0,292.0,,,,28,,Adrian,Mazilu,Mazilu,has joined Dinamo Bucharest permanently.,,0,0,0,0,0,0,0,0,0,0,0,0,0,,,,0.0,0.0,0.0,0.0,0.0,0,0,0
177,u,0.0,0.0,4.5,454,271.0,0,0.0,0,0.0,0.0,698,288.0,0,0,0.0,712.0,287.0,0,0,0.0,637.0,239.0,0.0,0.0,0.0,490,0,5093,1,0.0,0.0,0.0,0.0,0.0,0.0,0.0,0.0,0.0,0.0,0.0,707.0,283.0,0.0,703.0,285.0,0.0,687.0,278.0,0.0,708.0,284.0,,,,28,,Andrew,Moran,Moran,Has joined Los Angeles FC on loan for the rest of the season.,,0,0,0,0,0,0,0,0,0,0,0,0,0,,,,0.0,0.0,0.0,0.0,0.0,0,0,0
178,a,100.0,100.0,6.1,79,25.0,0,0.0,-4,4.0,3.7,92,16.0,82,0,3.2,165.0,16.0,11,313,2.8,125.0,17.0,0.5,13.4,0.0,2007136,935,2130117,2109,1.8,2.8,8.72,0.77,9.49,22.71,0.51,0.05,0.56,1.33,367.2,132.0,12.0,212.2,148.0,11.0,451.0,30.0,15.0,102.5,73.0,14.0,,4.0,2.0,28,,Danny,Welbeck,Welbeck,,,1534,9,0,6,20,0,0,2,4,0,0,17,70,,,,0.0,0.35,1.17,1.0,4.11,16,23,31
179,u,0.0,0.0,5.5,150,37.0,0,0.0,0,0.0,0.0,754,92.0,0,0,0.0,807.0,89.0,0,0,0.0,789.0,84.0,0.0,0.0,0.0,0,0,1557,0,0.0,0.0,0.0,0.0,0.0,0.0,0.0,0.0,0.0,0.0,0.0,807.0,89.0,0.0,806.0,89.0,0.0,804.0,89.0,0.0,807.0,89.0,,,,28,,Evan,Ferguson,Ferguson,Has joined AS Roma on loan for the rest of the season,,0,0,0,0,0,0,0,0,0,0,0,0,0,,,,0.0,0.0,0.0,0.0,0.0,0,0,0
761,a,,,4.0,726,202.0,0,0.0,0,0.0,0.0,710,245.0,0,0,0.0,626.0,240.0,0,0,0.0,510.0,208.0,0.0,0.0,0.0,924,9,680,13,-1.0,0.0,0.0,0.0,0.0,0.0,0.0,0.0,0.0,0.0,0.0,616.0,239.0,0.0,608.0,239.0,0.0,578.0,234.0,0.0,618.0,239.0,,,,28,,Freddie,Simmonds,Simmonds,,,0,0,0,0,0,0,0,0,0,0,0,0,0,,,,0.0,0.0,0.0,0.0,0.0,0,0,0
783,a,,,5.5,135,83.0,0,0.0,0,0.0,0.1,495,176.0,26,0,3.2,162.0,71.0,4,133,3.8,63.0,29.0,0.7,4.7,0.0,20095,67,9140,164,2.8,3.8,0.71,1.42,2.13,8.99,0.1,0.2,0.3,1.25,148.8,301.0,135.0,258.5,116.0,79.0,83.0,260.0,142.0,48.9,249.0,128.0,1.0,,,28,,Pascal,Groß,Groß,,,646,1,0,2,5,0,0,0,2,0,0,7,57,,,,0.0,0.28,0.7,0.98,7.94,10,18,29
795,a,,,4.5,491,301.0,0,0.0,0,0.0,0.0,774,334.0,3,0,1.5,404.0,178.0,0,9,0.6,305.0,138.0,0.1,0.7,0.0,652,17,199,5,-0.4,0.6,0.0,0.03,0.03,1.0,0.0,0.03,0.03,1.14,7.2,464.0,210.0,4.4,440.0,213.0,2.0,447.0,221.0,1.4,475.0,219.0,,,,28,,Harry,Howell,Howell,,,79,0,0,0,2,0,0,0,0,0,0,1,4,,,,0.0,0.0,2.28,1.14,4.56,0,2,2
220,a,100.0,100.0,4.9,313,12.0,0,0.0,-1,1.0,14.0,24,3.0,95,0,3.7,98.0,11.0,7,425,1.4,221.0,17.0,0.3,19.4,0.0,1671996,1135,2793055,4964,1.9,0.9,0.0,0.04,0.04,34.59,0.0,0.0,0.0,1.38,611.2,28.0,9.0,50.0,338.0,1.0,0.0,759.0,87.0,65.7,178.0,5.0,,,,28,,Robert,Lynch Sánchez,Sánchez,,,2254,0,1,9,30,0,0,0,3,1,68,26,89,,,,2.72,0.36,1.2,1.04,0.0,0,20,224
221,d,50.0,50.0,4.3,603,29.0,0,0.0,-2,2.0,0.2,404,59.0,3,0,1.5,400.0,31.0,0,18,0.0,555.0,84.0,0.0,0.7,0.0,14995,3,26938,34,0.2,-0.2,0.0,0.0,0.0,2.78,0.0,0.0,0.0,1.44,28.2,433.0,31.0,0.0,636.0,81.0,0.0,613.0,70.0,2.8,459.0,31.0,,,,28,,Filip,Jörgensen,Jörgensen,Knock - 50% chance of playing,,174,0,0,0,3,0,0,0,0,0,3,1,7,,,,1.55,0.0,1.55,0.52,0.0,0,2,14
222,u,0.0,0.0,4.0,711,64.0,0,0.0,0,0.0,0.0,797,91.0,0,0,0.0,613.0,83.0,0,0,0.0,496.0,75.0,0.0,0.0,0.0,0,0,340,0,0.0,0.0,0.0,0.0,0.0,0.0,0.0,0.0,0.0,0.0,0.0,603.0,83.0,0.0,595.0,71.0,0.0,565.0,58.0,0.0,605.0,83.0,,,,28,,Mike,Penders,Penders,Has joined RC Strasbourg on loan for the rest of the season.,,0,0,0,0,0,0,0,0,0,0,0,0,0,,,,0.0,0.0,0.0,0.0,0.0,0,0,0
223,a,,,3.9,763,82.0,0,0.0,-1,1.0,0.1,460,70.0,0,0,0.0,555.0,51.0,0,0,0.0,432.0,42.0,0.0,0.0,0.0,9978,11,12514,10,0.5,-0.5,0.0,0.0,0.0,0.0,0.0,0.0,0.0,0.0,0.0,545.0,51.0,0.0,533.0,35.0,0.0,500.0,22.0,0.0,547.0,51.0,,,,28,,Gabriel,Słonina,Slonina,,,0,0,0,0,0,0,0,0,0,0,0,0,0,,,,0.0,0.0,0.0,0.0,0.0,0,0,0
224,i,0.0,0.0,6.0,88,5.0,0,0.0,0,0.0,14.2,23,8.0,90,0,3.8,89.0,31.0,5,409,2.4,152.0,52.0,0.4,15.0,0.0,2716579,42,3623552,15052,0.0,0.0,1.64,2.73,4.37,27.63,0.08,0.13,0.21,1.32,429.6,90.0,41.0,384.9,54.0,7.0,194.0,129.0,23.0,100.8,78.0,17.0,,,,28,,Marc,Cucurella Saseta,Cucurella,Hamstring injury - Unknown return date,,1885,1,3,9,21,0,0,0,5,1,0,22,177,,,,0.0,0.43,1.0,1.05,6.68,43,97,85
225,a,100.0,100.0,5.6,129,13.0,0,0.0,1,-1.0,8.0,45,17.0,103,0,4.3,42.0,18.0,9,428,1.4,226.0,83.0,0.3,18.4,0.0,2090210,2132,1874079,2859,1.9,0.9,0.86,2.32,3.18,24.92,0.05,0.13,0.18,1.38,417.0,98.0,45.0,404.8,46.0,5.0,89.0,255.0,71.0,91.3,93.0,24.0,2.0,2.0,,28,,Reece,James,James,,,1622,2,5,8,16,0,0,0,4,0,0,17,150,,,,0.0,0.44,0.89,0.94,6.16,43,68,82
226,a,100.0,100.0,5.7,114,10.0,0,0.0,7,-7.0,20.4,18,6.0,126,0,4.8,20.0,5.0,7,464,2.4,150.0,51.0,0.4,22.1,0.0,4772850,3150,2558886,20157,2.9,1.9,1.14,0.75,1.89,32.83,0.04,0.03,0.07,1.3,647.4,18.0,8.0,93.3,266.0,81.0,145.0,186.0,44.0,88.5,104.0,28.0,,,,28,,Trevoh,Chalobah,Chalobah,,,2280,3,1,9,30,0,0,0,3,1,0,26,266,,,,0.0,0.36,1.18,1.03,9.24,32,202,99
227,i,0.0,0.0,4.7,388,65.0,0,0.0,-3,3.0,0.1,469,170.0,0,0,0.0,758.0,260.0,0,0,0.0,695.0,247.0,0.0,0.0,0.0,1191,6,30624,7,0.0,0.0,0.0,0.0,0.0,0.0,0.0,0.0,0.0,0.0,0.0,758.0,260.0,0.0,753.0,260.0,0.0,745.0,260.0,0.0,758.0,260.0,,,,28,,Levi,Samuels Colwill,Colwill,Anterior cruciate ligament - Unknown return date,,0,0,0,0,0,0,0,0,0,0,0,0,0,,,,0.0,0.0,0.0,0.0,0.0,0,0,0
228,a,100.0,100.0,4.9,337,55.0,0,0.0,-1,1.0,2.0,137,52.0,83,0,3.5,123.0,44.0,7,327,1.8,192.0,70.0,0.4,16.9,0.0,473795,443,465053,867,2.3,1.3,1.46,1.37,2.83,25.78,0.08,0.08,0.16,1.49,323.6,168.0,70.0,277.1,102.0,26.0,156.0,169.0,38.0,75.6,137.0,44.0,,,,28,,Malo,Gusto,Gusto,,,1555,2,2,7,20,0,0,0,2,1,0,17,120,,,,0.0,0.41,1.16,0.98,5.21,40,50,91
229,a,100.0,100.0,4.4,535,114.0,0,0.0,-1,1.0,0.0,625,223.0,7,0,0.9,504.0,174.0,0,48,0.0,579.0,237.0,0.0,1.6,0.0,8833,15,8698,24,0.5,-0.5,0.0,0.06,0.06,7.41,0.0,0.01,0.01,1.42,102.8,346.0,131.0,7.9,431.0,156.0,2.0,442.0,164.0,11.4,407.0,146.0,,,,28,,Benoît,Badiashile Mukinayi,B.Badiashile,,,470,0,0,0,10,0,0,0,2,0,0,6,51,,,,0.0,0.0,1.91,1.15,9.19,7,41,16
230,a,100.0,0.0,4.4,540,117.0,0,0.0,-1,1.0,0.4,292,109.0,48,0,3.0,187.0,70.0,3,231,1.2,232.0,85.0,0.3,10.9,0.0,110241,23,100998,605,1.7,0.0,0.25,0.55,0.8,15.29,0.02,0.05,0.07,1.35,321.0,170.0,71.0,46.4,345.0,118.0,22.0,370.0,128.0,38.9,288.0,96.0,,,,28,,Wesley,Fofana,Fofana,,,1023,0,1,4,11,0,0,0,2,1,0,11,140,,,,0.0,0.35,0.97,0.97,11.61,15,117,57
231,a,100.0,100.0,4.5,477,95.0,0,0.0,0,0.0,0.0,685,238.0,1,0,1.0,478.0,172.0,0,-1,0.2,369.0,133.0,0.0,0.2,0.0,1706,34,2456,24,0.7,-0.3,0.0,0.0,0.0,0.29,0.0,0.0,0.0,13.05,0.0,726.0,259.0,0.0,721.0,259.0,0.0,707.0,259.0,0.0,727.0,259.0,,,,28,,Mamadou,Sarr,M.Sarr,,,2,0,0,0,1,0,0,0,0,0,0,0,0,,,,0.0,0.0,45.0,0.0,0.0,0,0,1
232,a,100.0,100.0,4.0,664,162.0,0,0.0,-5,5.0,0.3,343,124.0,31,0,2.6,251.0,97.0,2,114,0.2,355.0,123.0,0.0,7.8,0.0,106090,107,221009,53,0.7,-0.3,0.11,0.4,0.5,11.55,0.01,0.05,0.06,1.45,221.2,242.0,96.0,32.0,373.0,132.0,19.0,380.0,132.0,27.3,340.0,116.0,,,,28,,Tosin,Adarabioyo,Tosin,,,719,0,0,2,12,0,0,0,2,0,0,7,102,,,,0.0,0.25,1.5,0.88,11.02,13,75,18
233,a,100.0,100.0,3.7,817,264.0,0,0.0,-3,3.0,1.6,152,60.0,33,0,2.8,212.0,82.0,5,98,0.4,325.0,111.0,0.1,8.9,0.0,558929,2266,478295,743,0.9,-0.1,0.6,0.13,0.73,13.91,0.1,0.02,0.12,2.21,125.2,322.0,122.0,39.2,354.0,123.0,66.0,288.0,83.0,23.1,353.0,121.0,,,,28,,Josh,Acheampong,Acheampong,,,567,1,0,2,12,0,0,0,1,0,0,7,56,,,,0.0,0.32,1.9,1.11,6.35,9,31,23
234,u,0.0,0.0,4.0,732,208.0,0,0.0,0,0.0,0.1,573,206.0,0,0,0.0,630.0,244.0,0,0,0.0,514.0,212.0,0.0,0.0,0.0,1262,0,10173,5,0.0,0.0,0.0,0.0,0.0,0.0,0.0,0.0,0.0,0.0,0.0,620.0,243.0,0.0,612.0,243.0,0.0,583.0,239.0,0.0,622.0,243.0,,,,28,,Aarón,Anselmino,Anselmino,has joined Strasbourg on loan for the rest of the season.,,0,0,0,0,0,0,0,0,0,0,0,0,0,,,,0.0,0.0,0.0,0.0,0.0,0,0,0
235,a,100.0,100.0,10.6,3,2.0,0,0.0,1,-1.0,16.3,20,8.0,82,0,5.1,12.0,7.0,7,286,7.4,3.0,1.0,0.7,7.7,0.0,2407426,10714,7127058,6648,7.9,6.9,8.07,1.18,9.25,18.18,0.68,0.1,0.78,1.53,384.2,119.0,39.0,208.5,151.0,104.0,372.0,52.0,31.0,96.4,86.0,51.0,,3.0,1.0,28,,Cole,Palmer,Palmer,,,1067,8,2,3,15,0,0,0,3,0,0,14,81,,,,0.0,0.25,1.27,1.18,6.83,15,17,49
236,a,100.0,100.0,7.0,37,22.0,0,0.0,0,0.0,4.8,73,26.0,107,0,4.0,70.0,33.0,8,457,2.6,141.0,62.0,0.4,15.3,0.0,1925701,1839,1893332,1920,3.1,2.1,4.24,5.6,9.84,27.76,0.18,0.24,0.42,1.21,440.6,84.0,29.0,673.2,10.0,10.0,425.0,33.0,17.0,154.1,18.0,14.0,1.0,4.0,,28,,Pedro,Lomba Neto,Neto,,,2069,5,5,11,19,0,0,0,2,0,0,23,102,,,,0.0,0.48,0.83,1.0,4.44,15,17,70
237,a,100.0,100.0,6.7,49,31.0,-1,1.0,2,-2.0,17.9,19,7.0,120,0,4.6,31.0,15.0,14,507,2.8,128.0,56.0,0.4,17.9,0.0,5370574,5782,3817675,21940,3.3,2.3,9.87,5.16,15.03,32.13,0.4,0.21,0.61,1.29,618.4,26.0,6.0,713.8,6.0,6.0,597.0,17.0,7.0,193.0,5.0,3.0,3.0,1.0,2.0,28,,Enzo,Fernández,Enzo,,,2234,8,3,8,28,0,0,0,6,0,0,25,181,,,,0.0,0.32,1.13,1.01,7.29,44,39,98
238,i,0.0,0.0,6.4,62,41.0,0,0.0,-1,1.0,2.0,135,44.0,55,0,2.9,209.0,89.0,4,169,0.6,321.0,151.0,0.1,8.6,0.0,851982,19,870978,4754,0.0,0.0,2.82,2.12,4.94,8.13,0.34,0.26,0.6,0.99,177.2,274.0,118.0,218.3,139.0,93.0,283.0,82.0,50.0,67.7,168.0,87.0,,,3.0,28,,Estêvão,Almeida de Oliveira Gonçalves,Estêvão,Hamstring injury - Unknown return date,,738,2,5,4,8,0,0,0,3,0,0,10,51,,,,0.0,0.49,0.98,1.22,6.22,10,8,33
239,i,0.0,0.0,6.0,89,56.0,0,0.0,-5,5.0,0.1,474,164.0,25,0,1.6,395.0,174.0,0,99,0.2,384.0,178.0,0.0,4.2,0.0,17095,2,41736,26,0.0,0.0,0.81,0.94,1.75,8.89,0.15,0.17,0.32,1.65,93.0,360.0,159.0,130.4,211.0,138.0,91.0,250.0,138.0,31.3,322.0,157.0,,,,28,,Jamie,Bynoe-Gittens,Gittens,Hamstring injury - Unknown return date,,486,0,2,1,7,0,0,0,0,0,0,5,29,,,,0.0,0.19,1.3,0.93,5.37,8,6,15
240,u,0.0,0.0,5.9,95,61.0,0,0.0,-1,1.0,0.1,517,187.0,0,0,0.0,809.0,360.0,0,0,0.0,795.0,353.0,0.0,0.0,0.0,2668,0,23730,3,0.0,0.0,0.0,0.0,0.0,0.0,0.0,0.0,0.0,0.0,0.0,809.0,360.0,0.0,809.0,360.0,0.0,808.0,360.0,0.0,809.0,360.0,,,,28,,Christopher,Nkunku,Nkunku,has joined AC Milan permanently.,,0,0,0,0,0,0,0,0,0,0,0,0,0,,,,0.0,0.0,0.0,0.0,0.0,0,0,0
241,a,100.0,100.0,5.7,120,75.0,0,0.0,2,-2.0,7.8,51,18.0,87,0,4.0,65.0,29.0,10,427,2.2,162.0,71.0,0.4,15.3,0.0,3236810,1355,3168369,2265,2.7,1.7,1.16,1.84,3.0,27.95,0.06,0.09,0.15,1.35,460.8,75.0,23.0,275.6,104.0,74.0,104.0,233.0,129.0,83.8,119.0,67.0,,,,28,,Moisés,Caicedo Corozo,Caicedo,,,1864,3,1,6,26,0,0,0,8,1,0,21,269,,,,0.0,0.29,1.26,1.01,12.99,66,78,125
244,a,100.0,100.0,4.9,343,211.0,0,0.0,-1,1.0,0.0,697,287.0,4,0,1.0,491.0,226.0,0,22,0.0,734.0,310.0,0.0,0.8,0.0,2606,11,4599,4,0.5,-0.5,0.0,0.05,0.05,2.79,0.0,0.04,0.04,2.39,9.6,459.0,206.0,7.5,432.0,209.0,2.0,450.0,223.0,1.8,466.0,212.0,,,,28,,Roméo,Lavia,Lavia,,,105,0,0,0,3,0,0,0,0,0,0,1,11,,,,0.0,0.0,2.57,0.86,9.43,2,5,4
245,s,0.0,0.0,4.9,334,207.0,0,0.0,-1,1.0,0.0,748,318.0,0,0,0.0,776.0,336.0,0,0,0.0,731.0,309.0,0.0,0.0,0.0,973,6,1278,2,0.0,0.0,0.0,0.0,0.0,0.0,0.0,0.0,0.0,0.0,0.0,776.0,336.0,0.0,772.0,336.0,0.0,767.0,334.0,0.0,776.0,336.0,,,,28,,Mykhailo,Mudryk,Mudryk,Suspended - unknown return date,,0,0,0,0,0,0,0,0,0,0,0,0,0,,,,0.0,0.0,0.0,0.0,0.0,0,0,0
246,a,100.0,100.0,4.5,459,276.0,0,0.0,0,0.0,0.3,320,107.0,28,0,1.4,419.0,187.0,0,158,1.2,236.0,103.0,0.3,6.2,0.0,73866,186,81200,125,1.7,0.7,1.7,0.79,2.49,13.12,0.17,0.08,0.25,1.33,146.4,304.0,138.0,124.8,218.0,144.0,61.0,303.0,165.0,33.2,316.0,154.0,,,,28,,Andrey,Nascimento dos Santos,Andrey Santos,,,885,0,0,1,10,0,0,0,4,0,0,9,97,,,,0.0,0.1,1.02,0.92,9.86,25,36,36
247,d,50.0,50.0,4.3,597,348.0,0,0.0,-2,2.0,0.1,574,212.0,0,0,0.0,647.0,243.0,0,0,0.0,550.0,184.0,0.0,0.0,0.0,12109,50,13924,20,0.2,-0.2,0.0,0.0,0.0,0.0,0.0,0.0,0.0,0.0,0.0,637.0,234.0,0.0,632.0,239.0,0.0,608.0,227.0,0.0,639.0,236.0,,,,28,,Dário,Luís Essugo,D.Essugo,Lack of match fitness - 50% chance of playing,,0,0,0,0,0,0,0,0,0,0,0,0,0,,,,0.0,0.0,0.0,0.0,0.0,0,0,0
248,u,0.0,0.0,4.5,498,306.0,0,0.0,0,0.0,0.0,780,338.0,0,0,0.0,742.0,311.0,0,0,0.0,674.0,270.0,0.0,0.0,0.0,0,0,948,0,0.0,0.0,0.0,0.0,0.0,0.0,0.0,0.0,0.0,0.0,0.0,742.0,311.0,0.0,736.0,311.0,0.0,723.0,307.0,0.0,742.0,311.0,,,,28,,Kendry,Páez Andrade,Paez,has joined River Plate on loan for the rest of the season.,,0,0,0,0,0,0,0,0,0,0,0,0,0,,,,0.0,0.0,0.0,0.0,0.0,0,0,0
249,a,,,7.6,20,6.0,-1,1.0,1,-1.0,45.9,3,2.0,139,0,5.1,11.0,2.0,25,559,7.0,4.0,1.0,0.9,18.3,0.0,7512740,19187,8377785,20131,7.5,6.5,10.0,1.71,11.71,26.8,0.46,0.08,0.54,1.23,592.2,33.0,4.0,396.6,50.0,2.0,668.0,11.0,7.0,165.3,13.0,4.0,,,,28,,João Pedro,Junqueira de Jesus,João Pedro,,,1966,11,8,10,20,0,0,0,3,0,0,23,112,,,,0.0,0.46,0.92,1.05,5.13,19,35,58
250,a,100.0,100.0,6.2,75,24.0,0,0.0,-3,3.0,0.9,198,31.0,34,0,1.9,353.0,43.0,1,106,1.6,209.0,27.0,0.3,5.5,0.0,108206,100,463289,258,2.1,1.1,3.68,0.18,3.85,10.79,0.46,0.02,0.48,1.35,58.8,399.0,42.0,51.8,335.0,40.0,287.0,80.0,26.0,38.9,289.0,33.0,,,,28,,Liam,Delap,Delap,,,718,1,2,2,13,0,0,0,2,0,0,9,25,,,,0.0,0.25,1.63,1.13,3.13,2,7,16
251,u,0.0,0.0,6.5,54,19.0,0,0.0,0,0.0,0.1,530,75.0,0,0,0.0,815.0,92.0,0,0,0.0,808.0,89.0,0.0,0.0,0.0,4962,0,15336,1,0.0,0.0,0.0,0.0,0.0,0.0,0.0,0.0,0.0,0.0,0.0,815.0,92.0,0.0,815.0,92.0,0.0,815.0,92.0,0.0,815.0,92.0,,,,28,,Nicolas,Jackson,N.Jackson,has joined Bayern Munich on loan for the rest of the season.,,0,0,0,0,0,0,0,0,0,0,0,0,0,,,,0.0,0.0,0.0,0.0,0.0,0,0,0
252,a,100.0,100.0,4.1,656,92.0,0,0.0,-4,4.0,5.8,64,12.0,12,0,1.3,424.0,52.0,0,19,0.0,522.0,49.0,0.0,2.9,0.0,1202262,1784,2692199,2133,0.5,-0.5,1.46,0.29,1.75,5.65,0.53,0.11,0.64,2.06,24.6,439.0,52.0,38.8,355.0,44.0,81.0,264.0,47.0,12.6,399.0,47.0,,,,28,,Marc,Guiu Paz,Marc Guiu,,,247,0,1,0,2,0,0,0,1,0,0,1,7,,,,0.0,0.0,0.73,0.36,2.55,0,4,3
453,a,,,6.4,61,40.0,0,0.0,-1,1.0,0.5,268,94.0,42,0,2.6,265.0,113.0,2,151,0.4,346.0,162.0,0.1,6.6,0.0,235557,108,227375,237,0.9,-0.1,2.49,2.57,5.06,16.16,0.25,0.26,0.51,1.64,141.0,307.0,139.0,247.4,120.0,82.0,273.0,85.0,52.0,65.2,181.0,93.0,,,,28,,Alejandro,Garnacho Ferreyra,Garnacho,,,889,1,3,4,12,0,0,0,1,0,0,12,49,,,,0.0,0.4,1.21,1.21,4.96,8,7,34
672,a,100.0,100.0,4.6,404,71.0,0,0.0,-4,4.0,0.2,389,146.0,8,0,0.7,512.0,177.0,0,22,0.2,372.0,134.0,0.0,1.7,0.0,16444,34,39645,51,0.7,-0.3,0.26,0.32,0.58,7.13,0.06,0.08,0.14,1.71,80.0,374.0,143.0,66.1,309.0,103.0,20.0,379.0,131.0,16.6,380.0,134.0,,,,28,,Jorrel,Hato,Hato,,,376,0,0,0,10,0,0,0,3,0,0,3,41,,,,0.0,0.0,2.39,0.72,8.62,13,23,14
789,a,,,4.0,706,63.0,0,0.0,0,0.0,0.0,768,87.0,0,0,0.0,609.0,82.0,0,0,0.0,491.0,74.0,0.0,0.0,0.0,369,4,264,4,0.5,-0.5,0.0,0.0,0.0,0.0,0.0,0.0,0.0,0.0,0.0,599.0,82.0,0.0,591.0,70.0,0.0,560.0,57.0,0.0,601.0,82.0,,,,28,,Max,Merrick,Merrick,,,0,0,0,0,0,0,0,0,0,0,0,0,0,,,,0.0,0.0,0.0,0.0,0.0,0,0,0
803,a,,,4.0,699,59.0,0,0.0,0,0.0,0.0,793,90.0,0,0,0.0,604.0,78.0,0,0,0.0,486.0,70.0,0.0,0.0,0.0,133,1,79,1,0.5,-0.5,0.0,0.0,0.0,0.0,0.0,0.0,0.0,0.0,0.0,594.0,78.0,0.0,586.0,66.0,0.0,555.0,53.0,0.0,596.0,78.0,,,,28,,Teddy,Sharman-Lowe,Sharman-Lowe,,,0,0,0,0,0,0,0,0,0,0,0,0,0,,,,0.0,0.0,0.0,0.0,0.0,0,0,0
253,a,,,5.0,246,8.0,0,0.0,0,0.0,7.5,54,8.0,109,0,4.0,59.0,1.0,7,445,5.4,14.0,2.0,1.1,21.8,0.0,942998,4434,904744,1525,5.4,4.9,0.0,0.1,0.1,35.41,0.0,0.0,0.0,1.31,615.8,27.0,8.0,10.0,426.0,11.0,0.0,774.0,89.0,62.5,195.0,8.0,,,,28,,Dean,Henderson,Henderson,,,2430,0,0,10,32,0,1,0,2,0,74,27,80,,,,2.74,0.37,1.19,1.0,0.0,0,38,218
254,a,100.0,100.0,4.0,666,45.0,0,0.0,0,0.0,0.3,315,43.0,0,0,0.0,577.0,65.0,0,0,0.0,455.0,56.0,0.0,0.0,0.0,14853,47,30553,46,0.0,-0.5,0.0,0.0,0.0,0.0,0.0,0.0,0.0,0.0,0.0,567.0,65.0,0.0,558.0,52.0,0.0,526.0,39.0,0.0,569.0,65.0,,,,28,,Walter,Benítez,Benitez,,,0,0,0,0,0,0,0,0,0,0,0,0,0,,,,0.0,0.0,0.0,0.0,0.0,0,0,0
255,a,,,3.9,749,76.0,0,0.0,-1,1.0,0.1,472,71.0,0,0,0.0,546.0,45.0,0,0,0.0,423.0,36.0,0.0,0.0,0.0,5955,15,8508,13,0.0,-0.5,0.0,0.0,0.0,0.0,0.0,0.0,0.0,0.0,0.0,536.0,45.0,0.0,524.0,29.0,0.0,491.0,16.0,0.0,538.0,45.0,,,,28,,Remi,Matthews,Matthews,,,0,0,0,0,0,0,0,0,0,0,0,0,0,,,,0.0,0.0,0.0,0.0,0.0,0,0,0
256,a,100.0,100.0,5.9,97,6.0,0,0.0,4,-4.0,8.3,43,15.0,107,0,5.6,7.0,2.0,8,375,3.4,80.0,24.0,0.6,18.1,0.0,3640317,4031,3725224,3373,3.4,2.9,1.94,3.29,5.23,22.38,0.1,0.18,0.28,1.2,423.0,92.0,42.0,279.8,99.0,23.0,278.0,84.0,7.0,97.9,83.0,20.0,,,,28,,Daniel,Muñoz Mejía,Muñoz,,,1676,3,3,9,18,0,0,0,5,0,0,19,175,,,,0.0,0.48,0.97,1.02,7.25,44,91,72
257,a,100.0,100.0,5.1,232,32.0,0,0.0,1,-1.0,5.0,71,23.0,116,0,4.5,33.0,12.0,7,415,3.2,93.0,31.0,0.6,22.7,0.0,1577478,3241,1168316,2707,3.2,2.7,1.85,0.72,2.57,33.78,0.07,0.03,0.1,1.3,597.8,31.0,12.0,79.3,295.0,94.0,200.0,123.0,22.0,87.7,106.0,29.0,,,,28,,Maxence,Lacroix,Lacroix,,,2340,0,2,9,32,0,0,0,3,0,0,26,303,,,,0.0,0.35,1.23,1.0,10.62,49,227,75
258,a,,,5.0,256,39.0,0,0.0,0,0.0,2.1,131,50.0,105,0,3.9,78.0,29.0,7,375,4.0,55.0,16.0,0.8,21.0,0.0,446180,1152,369668,627,4.0,3.5,1.05,1.54,2.59,35.41,0.04,0.06,0.1,1.33,474.6,72.0,33.0,340.8,70.0,15.0,180.0,146.0,29.0,99.6,81.0,18.0,,,,28,,Tyrick,Mitchell,Mitchell,,,2398,1,1,10,32,0,0,0,5,0,0,27,227,,,,0.0,0.38,1.2,1.01,6.72,73,106,130
259,a,100.0,100.0,4.8,360,60.0,0,0.0,-2,2.0,0.1,443,164.0,5,0,1.0,487.0,173.0,0,10,0.0,703.0,249.0,0.0,1.0,0.0,10632,61,18015,27,0.0,-0.5,0.0,0.06,0.06,0.83,0.0,0.1,0.1,1.41,11.0,454.0,166.0,12.2,409.0,149.0,4.0,431.0,158.0,2.7,460.0,165.0,,,,28,,Borna,Sosa,Sosa,,,53,0,0,0,1,0,0,0,0,0,0,0,8,,,,0.0,0.0,1.7,0.0,11.89,3,4,1
261,a,100.0,100.0,4.4,537,116.0,0,0.0,-1,1.0,2.6,114,46.0,99,0,4.3,38.0,15.0,3,361,3.0,99.0,35.0,0.7,22.5,0.0,926318,833,780688,1325,3.0,2.5,1.09,1.27,2.36,28.84,0.05,0.06,0.11,1.26,541.8,50.0,23.0,102.7,250.0,73.0,129.0,208.0,51.0,77.6,134.0,42.0,,,,28,,Chris,Richards,Richards,,,2062,1,0,9,28,0,0,0,3,0,0,23,243,,,,0.0,0.39,1.22,1.0,10.08,47,184,47
262,a,100.0,100.0,4.0,704,184.0,0,0.0,0,0.0,0.0,612,217.0,11,0,2.8,215.0,84.0,0,46,1.4,217.0,79.0,0.4,2.8,0.0,4878,53,3120,21,1.4,0.9,0.11,0.03,0.14,1.92,0.05,0.01,0.06,0.91,41.6,414.0,156.0,17.9,396.0,144.0,12.0,394.0,142.0,7.1,434.0,156.0,,,,28,,Chadi,Riad Dnanou,Chadi Riad,,,190,0,1,1,1,0,0,0,2,0,0,2,9,,,,0.0,0.47,0.47,0.95,4.26,0,9,10
263,a,100.0,100.0,3.8,784,233.0,0,0.0,-2,2.0,0.6,244,92.0,14,0,2.0,326.0,121.0,2,50,0.0,389.0,139.0,0.0,3.7,0.0,89777,74,100721,157,0.0,-0.5,0.43,0.56,0.99,5.77,0.09,0.12,0.21,1.24,74.4,383.0,146.0,46.3,346.0,119.0,31.0,353.0,117.0,15.1,385.0,137.0,,,,28,,Nathaniel,Clyne,Clyne,,,418,0,1,0,8,0,0,0,0,0,0,6,34,,,,0.0,0.0,1.72,1.29,7.32,12,22,15
264,u,0.0,0.0,4.0,667,163.0,0,0.0,0,0.0,0.0,695,242.0,0,0,0.0,578.0,211.0,0,0,0.0,456.0,174.0,0.0,0.0,0.0,0,0,3904,0,0.0,0.0,0.0,0.0,0.0,0.0,0.0,0.0,0.0,0.0,0.0,568.0,210.0,0.0,559.0,210.0,0.0,527.0,203.0,0.0,570.0,210.0,,,,28,,Rob,Holding,Holding,Has joined Colorado Rapids permanently.,,0,0,0,0,0,0,0,0,0,0,0,0,0,,,,0.0,0.0,0.0,0.0,0.0,0,0,0
265,a,100.0,100.0,4.0,722,198.0,0,0.0,0,0.0,0.0,719,250.0,0,0,0.0,623.0,237.0,0,0,0.0,507.0,205.0,0.0,0.0,0.0,737,9,2277,7,0.0,-0.5,0.0,0.0,0.0,0.0,0.0,0.0,0.0,0.0,0.0,613.0,236.0,0.0,605.0,236.0,0.0,575.0,231.0,0.0,615.0,236.0,,,,28,,Caleb,Kporha,Kporha,,,0,0,0,0,0,0,0,0,0,0,0,0,0,,,,0.0,0.0,0.0,0.0,0.0,0,0,0
267,a,100.0,100.0,6.4,56,35.0,0,0.0,-1,1.0,3.6,93,29.0,73,0,4.3,47.0,22.0,6,227,3.8,67.0,32.0,0.6,11.4,0.0,2533254,1431,2697341,3301,3.8,3.3,6.71,0.65,7.35,20.02,0.41,0.04,0.45,1.24,287.4,192.0,78.0,194.4,163.0,113.0,324.0,66.0,38.0,80.8,123.0,69.0,,,3.0,28,,Ismaïla,Sarr,Sarr,,,1456,5,1,8,16,0,0,0,2,0,0,17,102,,,,0.0,0.49,0.99,1.05,6.3,15,31,56
268,i,0.0,0.0,4.9,329,204.0,0,0.0,-1,1.0,0.0,792,349.0,0,0,0.0,773.0,334.0,0,0,0.0,727.0,307.0,0.0,0.0,0.0,423,4,644,1,0.0,0.0,0.0,0.0,0.0,0.0,0.0,0.0,0.0,0.0,0.0,773.0,334.0,0.0,769.0,334.0,0.0,764.0,332.0,0.0,773.0,334.0,,,,28,,Cheick,Doucouré,Doucouré,Knee injury - Unknown return date,,0,0,0,0,0,0,0,0,0,0,0,0,0,,,,0.0,0.0,0.0,0.0,0.0,0,0,0
269,u,0.0,0.0,4.7,395,247.0,0,0.0,-3,3.0,0.1,452,156.0,4,0,1.0,485.0,222.0,0,12,0.0,698.0,287.0,0.0,0.9,0.0,11622,0,28635,20,0.0,0.0,0.0,0.04,0.04,1.74,0.0,0.09,0.09,3.92,6.8,465.0,211.0,2.7,449.0,216.0,6.0,422.0,205.0,1.5,473.0,217.0,,,,28,,Romain,Esse,Esse,has joined Coventry City on loan for the rest of the season.,,40,0,0,0,0,0,0,0,0,0,0,0,5,,,,0.0,0.0,0.0,0.0,11.25,3,0,2
270,a,100.0,100.0,4.7,377,236.0,0,0.0,-3,3.0,0.1,466,160.0,37,0,1.5,405.0,179.0,0,179,1.0,257.0,115.0,0.2,7.9,0.0,21062,31,24168,46,1.0,0.5,1.06,1.66,2.72,18.24,0.08,0.12,0.2,1.37,156.2,295.0,131.0,284.9,94.0,70.0,81.0,265.0,144.0,52.3,230.0,113.0,1.0,,,28,,Will,Hughes,Hughes,,,1200,0,1,5,13,0,0,0,6,0,0,14,117,,,,0.0,0.38,0.97,1.05,8.78,22,43,52
271,a,100.0,100.0,5.0,250,151.0,0,0.0,0,0.0,0.1,523,189.0,49,0,2.9,203.0,83.0,0,225,0.8,289.0,132.0,0.2,9.8,0.0,43649,18,42775,17,0.8,0.3,1.42,2.01,3.43,14.98,0.1,0.14,0.24,1.04,159.8,292.0,129.0,212.8,147.0,101.0,132.0,205.0,113.0,50.6,239.0,119.0,,,,28,,Daichi,Kamada,Kamada,,,1295,0,2,6,14,0,0,0,1,0,0,15,143,,,,0.0,0.42,0.97,1.04,9.94,42,27,74
272,i,0.0,0.0,4.9,291,181.0,0,0.0,-1,1.0,0.1,536,197.0,51,0,2.2,310.0,136.0,3,205,3.0,109.0,47.0,0.6,10.4,0.0,11941,1,13935,90,0.0,0.0,1.01,0.91,1.92,14.61,0.08,0.07,0.15,1.14,215.6,249.0,105.0,152.9,194.0,128.0,174.0,150.0,85.0,54.3,221.0,109.0,,,,28,,Jefferson,Lerma Solís,Lerma,Hamstring injury - Expected back 14 Mar,,1156,0,4,5,15,1,0,0,6,0,0,12,147,,,,0.0,0.39,1.17,0.93,11.44,18,64,65
273,a,100.0,100.0,5.0,270,165.0,0,0.0,0,0.0,0.6,232,80.0,78,0,3.2,158.0,68.0,4,365,2.4,145.0,63.0,0.5,15.6,0.0,165397,236,168338,308,2.4,1.9,1.13,5.31,6.43,30.57,0.05,0.24,0.29,1.38,325.6,164.0,61.0,503.6,27.0,25.0,124.0,214.0,118.0,95.5,88.0,53.0,3.0,,,28,,Adam,Wharton,Wharton,,,1988,0,4,8,30,0,0,0,4,1,0,24,234,,,,0.0,0.36,1.36,1.09,10.59,55,56,123
274,a,,,4.3,613,358.0,0,0.0,-2,2.0,0.1,478,165.0,0,0,0.0,657.0,251.0,0,0,0.0,564.0,194.0,0.0,0.0,0.0,13073,195,9511,102,0.0,-0.5,0.0,0.0,0.0,0.0,0.0,0.0,0.0,0.0,0.0,647.0,242.0,0.0,643.0,247.0,0.0,620.0,236.0,0.0,649.0,244.0,,,,28,,Asher,Agbinone,Agbinone,,,0,0,0,0,0,0,0,0,0,0,0,0,0,,,,0.0,0.0,0.0,0.0,0.0,0,0,0
275,u,0.0,0.0,4.3,590,345.0,0,0.0,-2,2.0,0.0,620,241.0,0,0,0.0,645.0,241.0,0,0,0.0,546.0,181.0,0.0,0.0,0.0,5497,0,7648,8,0.0,0.0,0.0,0.0,0.0,0.0,0.0,0.0,0.0,0.0,0.0,635.0,232.0,0.0,630.0,237.0,0.0,606.0,225.0,0.0,637.0,234.0,,,,28,,Naouirou,Ahamada,Ahamada,has joined AJ Auxerre permanently.,,0,0,0,0,0,0,0,0,0,0,0,0,0,,,,0.0,0.0,0.0,0.0,0.0,0,0,0
276,a,100.0,100.0,4.3,594,347.0,0,0.0,-2,2.0,1.3,168,58.0,29,0,1.6,385.0,167.0,0,81,0.0,548.0,183.0,0.0,6.7,0.0,283084,621,323664,494,0.0,-0.5,2.38,0.36,2.74,10.05,0.36,0.05,0.41,1.53,86.6,366.0,162.0,94.5,263.0,159.0,164.0,158.0,88.0,34.5,312.0,152.0,,2.0,4.0,28,,Justin,Devenny,Devenny,,,593,1,0,1,10,0,0,0,0,0,0,5,48,,,,0.0,0.15,1.52,0.76,7.28,16,8,24
277,u,0.0,0.0,4.5,433,259.0,0,0.0,0,0.0,0.0,798,352.0,0,0,0.0,701.0,277.0,0,0,0.0,624.0,228.0,0.0,0.0,0.0,0,0,748,0,0.0,0.0,0.0,0.0,0.0,0.0,0.0,0.0,0.0,0.0,0.0,695.0,272.0,0.0,691.0,275.0,0.0,674.0,268.0,0.0,697.0,274.0,,,,28,,Malcolm,Ebiowei,Ebiowei,Has joined Blackpool permanently.,,0,0,0,0,0,0,0,0,0,0,0,0,0,,,,0.0,0.0,0.0,0.0,0.0,0,0,0
278,u,0.0,0.0,4.4,543,323.0,0,0.0,-1,1.0,0.0,646,258.0,0,0,0.0,671.0,258.0,0,0,0.0,584.0,203.0,0.0,0.0,0.0,4359,0,9496,5,0.0,0.0,0.0,0.0,0.0,0.0,0.0,0.0,0.0,0.0,0.0,662.0,250.0,0.0,658.0,255.0,0.0,636.0,244.0,0.0,664.0,252.0,,,,28,,Jesurun,Rak-Sakyi,J.Rak-Sakyi,has joined Stoke City on loan for the rest of the season.,,0,0,0,0,0,0,0,0,0,0,0,0,0,,,,0.0,0.0,0.0,0.0,0.0,0,0,0
279,u,0.0,0.0,4.5,463,280.0,0,0.0,0,0.0,0.0,765,328.0,0,0,0.0,719.0,294.0,0,0,0.0,644.0,246.0,0.0,0.0,0.0,95,0,1646,0,0.0,0.0,0.0,0.0,0.0,0.0,0.0,0.0,0.0,0.0,0.0,714.0,290.0,0.0,710.0,292.0,0.0,694.0,285.0,0.0,715.0,291.0,,,,28,,Matheus,França de Oliveira,M.França,Has joined CR Vasco da Gama on loan for the rest of the season.,,0,0,0,0,0,0,0,0,0,0,0,0,0,,,,0.0,0.0,0.0,0.0,0.0,0,0,0
280,u,0.0,0.0,4.5,458,275.0,0,0.0,0,0.0,0.0,811,361.0,0,0,0.0,716.0,291.0,0,0,0.0,641.0,243.0,0.0,0.0,0.0,0,0,191,0,0.0,0.0,0.0,0.0,0.0,0.0,0.0,0.0,0.0,0.0,0.0,711.0,287.0,0.0,707.0,289.0,0.0,691.0,282.0,0.0,712.0,288.0,,,,28,,David,Ozoh,Ozoh,Has joined Derby County on loan for the rest of the season.,,0,0,0,0,0,0,0,0,0,0,0,0,0,,,,0.0,0.0,0.0,0.0,0.0,0,0,0
281,a,,,4.4,554,331.0,0,0.0,-1,1.0,0.0,584,219.0,1,0,1.0,468.0,207.0,0,2,0.0,590.0,209.0,0.0,0.2,0.0,5661,21,6761,13,0.0,-0.5,0.0,0.0,0.0,0.65,0.0,0.0,0.0,19.5,0.0,668.0,256.0,0.1,486.0,236.0,0.0,643.0,251.0,0.0,670.0,258.0,,,,28,,Kaden,Rodney,Rodney,,,3,0,0,0,0,0,0,0,0,0,0,0,0,,,,0.0,0.0,0.0,0.0,0.0,0,0,0
282,u,0.0,0.0,4.5,476,290.0,0,0.0,0,0.0,0.0,701,290.0,0,0,0.0,728.0,301.0,0,0,0.0,656.0,256.0,0.0,0.0,0.0,860,0,3053,1,0.0,0.0,0.0,0.0,0.0,0.0,0.0,0.0,0.0,0.0,0.0,725.0,299.0,0.0,720.0,300.0,0.0,706.0,295.0,0.0,726.0,300.0,,,,28,,Franco,Umeh-Chibueze,Umeh,has joined Portsmouth permanently.,,0,0,0,0,0,0,0,0,0,0,0,0,0,,,,0.0,0.0,0.0,0.0,0.0,0,0,0
283,i,0.0,0.0,7.5,23,8.0,0,0.0,0,0.0,6.7,56,11.0,84,0,3.7,105.0,7.0,9,281,0.0,814.0,91.0,0.0,11.2,0.0,4729798,16,5111256,3377,0.0,0.0,11.88,1.26,13.14,26.67,0.56,0.06,0.62,1.26,411.8,102.0,8.0,119.7,224.0,23.0,664.0,12.0,8.0,119.4,44.0,10.0,,,2.0,28,,Jean-Philippe,Mateta,Mateta,Knee injury - Expected back 14 Mar,,1904,8,0,8,23,0,0,0,2,0,0,23,110,,,,0.0,0.38,1.09,1.09,5.2,8,51,51
284,i,0.0,0.0,5.4,165,42.0,0,0.0,-1,1.0,0.3,318,53.0,23,0,1.9,349.0,42.0,3,100,0.0,777.0,83.0,0.0,4.3,0.0,124339,9,144866,85,0.0,0.0,1.77,0.46,2.23,9.49,0.38,0.1,0.48,2.06,120.0,326.0,31.0,84.6,282.0,29.0,173.0,152.0,36.0,37.8,294.0,34.0,,,,28,,Eddie,Nketiah,Nketiah,Hamstring injury - Expected back 11 Apr,,414,2,0,0,12,0,0,0,2,0,0,2,38,,,,0.0,0.0,2.61,0.43,8.26,8,13,17
285,u,0.0,0.0,5.0,248,54.0,0,0.0,0,0.0,0.2,367,58.0,1,0,1.0,493.0,60.0,0,6,0.0,741.0,79.0,0.0,0.2,0.0,9044,0,89401,9,0.0,0.0,0.0,0.0,0.0,0.27,0.0,0.0,0.0,12.15,2.0,486.0,57.0,0.0,778.0,87.0,0.0,775.0,87.0,0.2,502.0,62.0,,,,28,,Odsonne,Édouard,Édouard,has joined RC Lens permanently.,,2,0,0,0,0,0,0,0,0,0,0,0,1,,,,0.0,0.0,0.0,0.0,45.0,1,0,0
286,a,,,4.4,562,81.0,0,0.0,-1,1.0,0.3,306,51.0,0,0,0.0,682.0,73.0,0,0,0.0,598.0,62.0,0.0,0.0,0.0,50333,65,57061,96,0.0,-0.5,0.0,0.0,0.0,0.0,0.0,0.0,0.0,0.0,0.0,675.0,73.0,0.0,670.0,72.0,0.0,650.0,72.0,0.0,677.0,73.0,,,,28,,Zach,Marsh,Marsh,,,0,0,0,0,0,0,0,0,0,0,0,0,0,,,,0.0,0.0,0.0,0.0,0.0,0,0,0
580,a,,,6.5,50,32.0,0,0.0,-5,5.0,2.4,126,41.0,46,0,1.9,354.0,154.0,2,157,1.0,273.0,125.0,0.2,7.1,0.0,1141595,131,1314653,455,1.0,0.5,1.77,0.79,2.56,17.34,0.15,0.07,0.22,1.47,169.6,280.0,122.0,178.1,179.0,120.0,189.0,137.0,79.0,53.4,225.0,110.0,4.0,,,28,,Brennan,Johnson,Johnson,,,1065,2,0,4,12,0,0,0,4,0,0,11,72,,,,0.0,0.34,1.01,0.93,6.08,18,23,31
654,a,100.0,100.0,6.2,73,23.0,0,0.0,-3,3.0,2.3,129,22.0,55,0,2.2,317.0,36.0,3,152,3.4,81.0,11.0,0.5,8.9,0.0,434508,1481,679306,3770,3.4,2.9,3.8,0.54,4.34,25.04,0.2,0.03,0.23,1.35,204.2,256.0,24.0,144.5,199.0,19.0,353.0,55.0,22.0,69.4,159.0,21.0,,,,28,,Jørgen,Strand Larsen,Strand Larsen,,,1669,3,1,5,29,0,0,1,3,0,0,17,68,,,,0.0,0.27,1.56,0.92,3.67,6,37,25
677,a,100.0,100.0,6.2,76,50.0,0,0.0,-3,3.0,0.1,580,216.0,36,0,2.2,318.0,140.0,0,124,2.2,163.0,72.0,0.4,5.8,0.0,9570,199,12857,25,2.2,1.7,1.52,0.68,2.2,9.51,0.2,0.09,0.29,1.24,150.2,298.0,133.0,69.4,305.0,172.0,165.0,157.0,87.0,38.1,293.0,145.0,,,,28,,Evann,Guessand,Guessand,,,692,1,3,1,13,0,0,0,0,0,0,7,68,,,,0.0,0.13,1.69,0.91,8.84,22,12,34
690,a,100.0,100.0,4.4,566,338.0,0,0.0,-1,1.0,0.3,335,115.0,0,0,0.0,685.0,267.0,0,0,0.0,601.0,215.0,0.0,0.0,0.0,58044,5,55396,16,0.0,-0.5,0.0,0.0,0.0,0.0,0.0,0.0,0.0,0.0,0.0,678.0,261.0,0.0,673.0,265.0,0.0,653.0,256.0,0.0,680.0,263.0,,,,28,,Rio,Cardines,Cardines,,,0,0,0,0,0,0,0,0,0,0,0,0,0,,,,0.0,0.0,0.0,0.0,0.0,0,0,0
712,a,100.0,100.0,5.8,110,70.0,0,0.0,-2,2.0,0.2,373,124.0,64,0,2.6,262.0,110.0,3,261,1.2,250.0,112.0,0.2,11.0,0.0,128310,78,108734,230,1.2,0.7,3.94,4.74,8.68,23.61,0.21,0.25,0.46,1.25,270.4,204.0,84.0,569.7,18.0,18.0,318.0,70.0,41.0,115.6,50.0,34.0,2.0,1.0,,28,,Yéremy,Pino Santos,Yeremy,,,1701,2,1,7,20,0,0,0,4,0,0,21,132,,,,0.0,0.37,1.06,1.11,6.98,30,24,78
723,a,100.0,100.0,4.5,510,97.0,0,0.0,0,0.0,0.0,645,227.0,32,0,3.2,153.0,58.0,4,95,1.0,256.0,92.0,0.2,7.1,0.0,4838,14,3822,8,1.0,0.5,0.61,0.16,0.77,9.28,0.12,0.03,0.15,1.89,117.2,330.0,126.0,10.2,418.0,152.0,19.0,381.0,133.0,14.5,388.0,139.0,,,,28,,Jaydee,Canvot,Canvot,,,442,0,0,3,6,0,0,0,2,0,0,4,59,,,,0.0,0.61,1.22,0.81,12.01,19,40,20
732,a,,,5.5,154,39.0,0,0.0,0,0.0,0.1,575,79.0,16,0,1.2,440.0,54.0,0,38,0.4,344.0,46.0,0.1,2.9,0.0,14077,47,10466,43,0.4,-0.1,0.39,0.01,0.4,4.41,0.23,0.01,0.24,2.65,10.8,455.0,54.0,6.5,435.0,57.0,68.0,287.0,50.0,8.0,428.0,54.0,,,,28,,Christantus,Uche,Uche,,,150,0,1,0,4,0,0,0,0,0,0,0,12,,,,0.0,0.0,2.4,0.0,7.2,1,2,9
773,a,,,4.0,735,211.0,0,0.0,0,0.0,0.0,725,252.0,0,0,0.0,631.0,245.0,0,0,0.0,515.0,213.0,0.0,0.0,0.0,635,13,458,8,0.0,-0.5,0.0,0.0,0.0,0.0,0.0,0.0,0.0,0.0,0.0,621.0,244.0,0.0,613.0,244.0,0.0,585.0,241.0,0.0,623.0,244.0,,,,28,,Dean,Benamar,Benamar,,,0,0,0,0,0,0,0,0,0,0,0,0,0,,,,0.0,0.0,0.0,0.0,0.0,0,0,0
780,a,,,4.5,507,74.0,0,0.0,0,0.0,0.0,665,85.0,0,0,0.0,750.0,83.0,0,0,0.0,682.0,72.0,0.0,0.0,0.0,2831,20,1175,25,0.0,-0.5,0.0,0.0,0.0,0.0,0.0,0.0,0.0,0.0,0.0,750.0,83.0,0.0,744.0,82.0,0.0,731.0,82.0,0.0,750.0,83.0,,,,28,,Ben,Casey,Casey,,,0,0,0,0,0,0,0,0,0,0,0,0,0,,,,0.0,0.0,0.0,0.0,0.0,0,0,0
793,a,,,4.0,723,199.0,0,0.0,0,0.0,0.0,713,247.0,0,0,0.0,624.0,238.0,0,0,0.0,508.0,206.0,0.0,0.0,0.0,1107,14,463,12,0.0,-0.5,0.0,0.0,0.0,0.0,0.0,0.0,0.0,0.0,0.0,614.0,237.0,0.0,606.0,237.0,0.0,576.0,232.0,0.0,616.0,237.0,,,,28,,George,King,King,,,0,0,0,0,0,0,0,0,0,0,0,0,0,,,,0.0,0.0,0.0,0.0,0.0,0,0,0
798,u,0.0,0.0,4.0,700,182.0,0,0.0,0,0.0,0.0,799,264.0,0,0,0.0,605.0,225.0,0,0,0.0,487.0,191.0,0.0,0.0,0.0,142,0,157,1,0.0,0.0,0.0,0.0,0.0,0.0,0.0,0.0,0.0,0.0,0.0,595.0,224.0,0.0,587.0,224.0,0.0,556.0,218.0,0.0,597.0,224.0,,,,28,,Danny,Imray,Imray,has joined West Brom on loan for the rest of the season.,,0,0,0,0,0,0,0,0,0,0,0,0,0,,,,0.0,0.0,0.0,0.0,0.0,0,0,0
242,a,100.0,100.0,5.0,251,152.0,0,0.0,0,0.0,3.5,95,30.0,103,6,4.9,16.0,9.0,13,399,5.4,15.0,5.0,1.1,20.6,0.0,1756952,9919,1857749,811,5.9,5.4,2.43,3.96,6.39,24.64,0.13,0.21,0.34,1.28,392.6,112.0,37.0,424.4,41.0,38.0,262.0,91.0,56.0,107.9,60.0,40.0,2.0,,,28,,Kiernan,Dewsbury-Hall,Dewsbury-Hall,,,1738,5,5,6,23,0,0,0,6,0,0,20,151,,,,0.0,0.31,1.19,1.04,7.82,34,33,84
243,a,,,4.8,374,235.0,0,0.0,-2,2.0,0.1,531,193.0,8,0,1.1,441.0,198.0,0,11,0.8,282.0,128.0,0.2,1.7,0.0,8901,44,9801,52,1.3,0.8,0.46,0.13,0.59,2.34,0.17,0.05,0.22,0.87,14.6,451.0,202.0,16.9,398.0,198.0,77.0,273.0,148.0,10.5,410.0,187.0,,,,28,,Tyrique,George,George,,,241,0,0,1,3,0,0,0,2,0,0,1,10,,,,0.0,0.37,1.12,0.37,3.73,2,1,7
287,a,,,5.6,125,2.0,0,0.0,1,-1.0,13.0,26,4.0,111,2,4.0,63.0,3.0,11,436,1.6,208.0,16.0,0.3,19.8,0.0,1549692,4700,1351104,3712,2.1,1.6,0.0,0.14,0.14,40.38,0.0,0.0,0.0,1.44,665.2,14.0,4.0,0.2,481.0,13.0,2.0,454.0,3.0,66.7,172.0,4.0,,,,28,,Jordan,Pickford,Pickford,,,2520,0,0,9,33,0,1,0,2,0,76,28,97,,,,2.71,0.32,1.18,1.0,0.0,2,38,236
292,a,100.0,100.0,4.9,316,51.0,0,0.0,-1,1.0,0.6,242,91.0,70,3,3.0,191.0,73.0,1,258,1.2,242.0,90.0,0.2,14.3,0.0,138726,416,169909,225,1.7,1.2,0.28,2.18,2.46,32.55,0.01,0.1,0.11,1.42,380.8,121.0,54.0,277.2,101.0,25.0,65.0,291.0,85.0,72.2,151.0,50.0,,,,28,,Vitalii,Mykolenko,Mykolenko,,,2059,0,1,7,30,1,0,0,5,0,0,23,180,,,,0.0,0.31,1.31,1.01,6.91,30,128,76
293,a,100.0,100.0,4.9,341,57.0,0,0.0,-1,1.0,0.6,226,86.0,87,1,3.2,156.0,60.0,2,293,1.4,222.0,82.0,0.3,17.8,0.0,163502,376,157969,327,1.9,1.4,0.83,0.93,1.76,38.2,0.03,0.04,0.07,1.51,432.4,86.0,38.0,221.9,136.0,35.0,126.0,212.0,52.0,78.3,132.0,41.0,,,,28,,Jake,O'Brien,O'Brien,,,2276,0,2,8,31,0,0,0,2,1,0,25,202,,,,0.0,0.32,1.23,0.99,6.88,44,130,89
294,a,100.0,100.0,4.2,625,140.0,0,0.0,-3,3.0,0.1,485,173.0,3,0,1.0,459.0,170.0,0,10,0.0,524.0,217.0,0.0,0.7,0.0,6237,27,17525,21,0.5,0.0,0.0,0.0,0.0,0.24,0.0,0.0,0.0,1.96,0.0,627.0,247.0,0.1,482.0,175.0,0.0,592.0,244.0,0.0,629.0,247.0,,,,28,,Séamus,Coleman,Coleman,,,11,0,0,0,0,0,0,0,0,0,0,1,0,,,,0.0,0.0,0.0,8.18,0.0,0,0,1
298,a,,,3.8,797,245.0,0,0.0,-2,2.0,0.1,419,156.0,0,0,0.0,524.0,188.0,0,0,0.0,398.0,147.0,0.0,0.0,0.0,7548,16,14697,25,0.5,0.0,0.0,0.0,0.0,0.0,0.0,0.0,0.0,0.0,0.0,514.0,187.0,0.0,499.0,185.0,0.0,465.0,176.0,0.0,516.0,187.0,,,,28,,Reece,Welch,Welch,,,0,0,0,0,0,0,0,0,0,0,0,0,0,,,,0.0,0.0,0.0,0.0,0.0,0,0,0
299,a,100.0,100.0,6.2,74,49.0,0,0.0,-3,3.0,3.9,87,27.0,94,4,4.3,46.0,21.0,5,395,3.8,65.0,30.0,0.6,15.2,0.0,1681265,4289,2505183,783,4.3,3.8,4.4,3.73,8.13,27.49,0.21,0.18,0.39,1.31,448.2,78.0,25.0,332.8,73.0,55.0,389.0,44.0,27.0,117.2,46.0,32.0,,,1.0,28,,Iliman,Ndiaye,Ndiaye,,,1883,5,2,6,27,0,0,0,2,0,0,22,208,,,,0.0,0.29,1.29,1.05,9.94,52,25,131
300,a,,,5.5,144,89.0,0,0.0,-5,5.0,0.1,420,141.0,34,5,2.3,299.0,131.0,0,123,1.0,270.0,123.0,0.2,6.2,0.0,31554,64,63082,35,1.5,1.0,0.62,0.7,1.32,13.06,0.08,0.09,0.17,1.69,91.0,364.0,161.0,131.4,208.0,137.0,62.0,302.0,164.0,28.5,337.0,161.0,,,,28,,Dwight,McNeil,McNeil,,,695,0,3,3,5,0,0,0,1,0,0,8,63,,,,0.0,0.39,0.65,1.04,8.16,14,14,35
301,i,0.0,0.0,5.2,215,133.0,0,0.0,-3,3.0,0.1,516,186.0,26,0,1.6,392.0,172.0,0,111,0.2,379.0,173.0,0.0,5.0,0.0,17055,0,29488,40,0.0,0.0,1.04,0.44,1.48,13.03,0.14,0.06,0.2,1.76,83.0,367.0,163.0,144.5,198.0,130.0,156.0,170.0,94.0,38.4,292.0,144.0,,,,28,,Carlos,Alcaraz Durán,Alcaraz,Knock - Expected back 21 Mar,,667,0,1,3,8,0,0,0,3,0,0,6,64,,,,0.0,0.4,1.08,0.81,8.64,13,10,41
302,a,100.0,100.0,5.4,155,96.0,0,0.0,-1,1.0,0.1,492,175.0,59,2,3.1,180.0,76.0,4,305,1.8,193.0,84.0,0.3,10.9,0.0,23032,83,28284,43,2.3,1.8,1.38,0.93,2.31,24.29,0.08,0.05,0.13,1.38,284.0,195.0,80.0,208.0,152.0,105.0,157.0,168.0,93.0,64.9,183.0,95.0,,,,28,,Idrissa Gana,Gueye,Gana,,,1580,2,1,3,21,0,0,0,1,1,0,19,163,,,,0.0,0.17,1.2,1.08,9.28,38,37,88
303,a,,,5.2,212,131.0,0,0.0,2,-2.0,3.7,91,28.0,119,6,4.2,51.0,24.0,11,602,3.6,72.0,34.0,0.7,22.9,0.0,994379,4084,556211,2167,4.1,3.6,1.81,4.55,6.36,40.32,0.06,0.16,0.22,1.44,640.0,20.0,5.0,648.7,11.0,11.0,207.0,114.0,69.0,149.8,22.0,18.0,1.0,3.0,2.0,28,,James,Garner,Garner,,,2513,2,4,9,33,0,0,0,7,0,0,28,344,,,,0.0,0.32,1.18,1.0,12.32,81,120,143
304,a,100.0,100.0,4.8,368,230.0,0,0.0,-2,2.0,0.0,614,238.0,52,0,2.6,256.0,106.0,1,167,0.6,307.0,140.0,0.1,10.8,0.0,5647,12,6450,16,1.1,0.6,0.37,0.59,0.96,16.31,0.03,0.05,0.08,1.45,168.6,282.0,123.0,80.9,289.0,168.0,48.0,322.0,170.0,29.6,331.0,159.0,,,,28,,Tim,Iroegbunam,Iroegbunam,,,1012,0,3,7,10,0,0,0,8,0,0,12,133,,,,0.0,0.62,0.89,1.07,11.83,46,29,58
305,a,100.0,100.0,4.5,497,305.0,0,0.0,0,0.0,0.1,497,178.0,18,1,1.8,367.0,158.0,0,75,1.6,201.0,88.0,0.4,4.0,0.0,11386,104,17214,68,2.1,1.6,0.79,0.21,1.0,8.84,0.14,0.04,0.18,1.62,58.4,400.0,177.0,66.3,308.0,174.0,78.0,270.0,146.0,20.4,365.0,175.0,,,,28,,Harrison,Armstrong,Armstrong,,,491,0,0,1,8,0,0,0,0,0,0,6,50,,,,0.0,0.18,1.47,1.1,9.16,13,13,24
310,a,,,5.7,121,33.0,0,0.0,-3,3.0,1.0,188,29.0,73,6,2.6,261.0,29.0,7,221,2.8,123.0,16.0,0.5,12.8,0.0,279137,1190,242381,1439,3.3,2.8,6.13,0.38,6.51,25.09,0.35,0.02,0.37,1.42,244.2,222.0,19.0,168.9,183.0,16.0,414.0,36.0,17.0,80.4,125.0,17.0,,,,28,,Thierno,Barry,Barry,,,1592,6,0,7,22,0,0,0,3,0,0,19,55,,,,0.0,0.4,1.24,1.07,3.11,2,25,28
311,a,,,5.0,267,55.0,0,0.0,-5,5.0,2.4,124,21.0,56,9,2.0,335.0,37.0,6,162,3.6,71.0,10.0,0.7,11.2,0.0,455864,1396,1118677,549,4.1,3.6,6.17,0.16,6.33,16.7,0.58,0.01,0.59,1.56,212.0,252.0,23.0,78.0,299.0,32.0,388.0,45.0,18.0,66.2,175.0,23.0,,,3.0,28,,Norberto Bercique,Gomes Betuncal,Beto,,,965,4,0,2,14,0,0,0,2,0,0,9,60,,,,0.0,0.19,1.31,0.84,5.6,12,28,20
312,u,0.0,0.0,4.9,338,62.0,0,0.0,-1,1.0,0.1,545,77.0,0,0,0.0,777.0,87.0,0,0,0.0,732.0,78.0,0.0,0.0,0.0,2418,0,14520,4,0.0,0.0,0.0,0.0,0.0,0.0,0.0,0.0,0.0,0.0,0.0,777.0,87.0,0.0,773.0,86.0,0.0,768.0,86.0,0.0,777.0,87.0,,,,28,,Youssef,Ramalho Chermiti,Y.Chermiti,has joined Rangers permanently.,,0,0,0,0,0,0,0,0,0,0,0,0,0,,,,0.0,0.0,0.0,0.0,0.0,0,0,0
313,u,0.0,0.0,4.4,556,79.0,0,0.0,-1,1.0,0.1,444,64.0,0,0,0.0,678.0,71.0,0,0,0.0,592.0,60.0,0.0,0.0,0.0,9203,0,26363,25,0.0,0.0,0.0,0.0,0.0,0.0,0.0,0.0,0.0,0.0,0.0,670.0,71.0,0.0,665.0,70.0,0.0,645.0,70.0,0.0,672.0,71.0,,,,28,,Martin,Sherif,Sherif,has joined Port Vale on loan for the rest of the season.,,0,0,0,0,0,0,0,0,0,0,0,0,0,,,,0.0,0.0,0.0,0.0,0.0,0,0,0
419,i,0.0,0.0,6.3,64,43.0,0,0.0,-2,2.0,6.0,63,22.0,79,0,4.0,67.0,30.0,12,356,0.0,802.0,358.0,0.0,12.5,0.0,3790280,4,3755370,2081,0.0,0.0,2.05,3.37,5.41,25.81,0.11,0.19,0.3,1.43,374.2,123.0,41.0,520.5,22.0,22.0,397.0,41.0,24.0,129.2,35.0,25.0,,,,28,,Jack,Grealish,Grealish,Foot injury - Expected back 01 Jun,,1627,2,6,7,23,0,0,0,3,1,0,18,135,,,,0.0,0.39,1.27,1.0,7.47,20,27,88
630,a,,,3.9,747,74.0,0,0.0,-1,1.0,1.3,170,21.0,0,0,0.0,544.0,43.0,0,0,0.0,421.0,34.0,0.0,0.0,0.0,70777,82,97770,144,0.5,0.0,0.0,0.0,0.0,0.0,0.0,0.0,0.0,0.0,0.0,534.0,43.0,0.0,522.0,27.0,0.0,489.0,14.0,0.0,536.0,43.0,,,,28,,Tom,King,King,,,0,0,0,0,0,0,0,0,0,0,0,0,0,,,,0.0,0.0,0.0,0.0,0.0,0,0,0
667,a,100.0,100.0,4.2,638,149.0,0,0.0,-3,3.0,0.1,569,205.0,0,0,0.0,638.0,248.0,0,0,0.0,530.0,221.0,0.0,0.0,0.0,2693,5,12372,8,0.5,0.0,0.0,0.0,0.0,0.0,0.0,0.0,0.0,0.0,0.0,629.0,248.0,0.0,623.0,247.0,0.0,597.0,245.0,0.0,631.0,248.0,,,,28,,Adam,Aznou,Aznou,,,0,0,0,0,0,0,0,0,0,0,0,0,0,,,,0.0,0.0,0.0,0.0,0.0,0,0,0
704,u,0.0,0.0,4.5,437,261.0,0,0.0,0,0.0,0.0,585,220.0,0,0,0.0,704.0,279.0,0,0,0.0,627.0,230.0,0.0,0.0,0.0,8420,0,10167,6,0.0,0.0,0.0,0.0,0.0,0.0,0.0,0.0,0.0,0.0,0.0,698.0,274.0,0.0,695.0,277.0,0.0,678.0,270.0,0.0,700.0,276.0,,,,28,,Tyler,Onyango,Onyango,has joined Stockport County on loan for the rest of the season.,,0,0,0,0,0,0,0,0,0,0,0,0,0,,,,0.0,0.0,0.0,0.0,0.0,0,0,0
705,u,0.0,0.0,3.9,770,225.0,0,0.0,-1,1.0,0.2,407,149.0,0,0,0.0,560.0,203.0,0,0,0.0,438.0,166.0,0.0,0.0,0.0,18604,0,16931,40,0.0,0.0,0.0,0.0,0.0,0.0,0.0,0.0,0.0,0.0,0.0,550.0,202.0,0.0,538.0,202.0,0.0,505.0,194.0,0.0,552.0,202.0,,,,28,,Elijah,Campbell,Campbell,has joined Port Vale on loan for the rest of the season.,,0,0,0,0,0,0,0,0,0,0,0,0,0,,,,0.0,0.0,0.0,0.0,0.0,0,0,0
707,a,,,5.3,201,125.0,0,0.0,-2,2.0,0.0,647,259.0,17,0,1.3,432.0,195.0,0,46,0.2,380.0,174.0,0.0,3.2,0.0,7698,12,7160,10,0.7,0.2,0.2,0.14,0.34,5.98,0.05,0.04,0.09,1.55,46.0,409.0,181.0,61.0,322.0,181.0,32.0,352.0,183.0,13.6,393.0,182.0,,,,28,,Tyler,Dibling,Dibling,,,348,0,0,2,2,0,0,0,2,0,0,4,40,,,,0.0,0.52,0.52,1.03,10.34,7,11,22
728,a,100.0,100.0,5.0,275,170.0,0,0.0,0,0.0,0.0,709,296.0,16,0,1.6,389.0,170.0,0,39,0.0,751.0,324.0,0.0,3.2,0.0,1494,2,1532,6,0.5,0.0,0.5,0.17,0.67,6.27,0.13,0.04,0.17,1.6,61.2,397.0,175.0,65.9,310.0,175.0,32.0,351.0,182.0,15.9,383.0,179.0,,,,28,,Merlin,Röhl,Röhl,,,353,0,0,2,4,0,0,0,0,0,0,2,43,,,,0.0,0.51,1.02,0.51,10.96,15,10,18
779,a,,,4.5,505,73.0,0,0.0,0,0.0,0.0,629,82.0,0,0,0.0,749.0,82.0,0,0,0.0,681.0,71.0,0.0,0.0,0.0,4155,54,1795,46,0.5,0.0,0.0,0.0,0.0,0.0,0.0,0.0,0.0,0.0,0.0,749.0,82.0,0.0,743.0,81.0,0.0,730.0,81.0,0.0,749.0,82.0,,,,28,,Braiden,Graham,Graham,,,0,0,0,0,0,0,0,0,0,0,0,0,0,,,,0.0,0.0,0.0,0.0,0.0,0,0,0
314,a,,,4.9,288,10.0,0,0.0,-1,1.0,1.5,158,20.0,74,0,2.7,241.0,23.0,3,344,0.8,284.0,20.0,0.2,15.1,0.0,208942,1076,242967,253,0.8,0.8,0.0,0.0,0.0,38.86,0.0,0.0,0.0,1.44,579.6,36.0,10.0,0.0,758.0,89.0,0.0,752.0,85.0,57.8,208.0,11.0,,,,28,,Bernd,Leno,Leno,,,2430,0,0,5,41,1,0,0,3,0,68,27,107,,,,2.52,0.19,1.52,1.0,0.0,4,33,223
315,u,0.0,0.0,4.0,676,49.0,0,0.0,0,0.0,0.0,752,85.0,0,0,0.0,585.0,68.0,0,0,0.0,464.0,60.0,0.0,0.0,0.0,577,0,821,2,0.0,0.0,0.0,0.0,0.0,0.0,0.0,0.0,0.0,0.0,0.0,575.0,68.0,0.0,567.0,56.0,0.0,536.0,43.0,0.0,577.0,68.0,,,,28,,Steven,Benda,Benda,has joined Feyenoord on loan for the rest of the season.,,0,0,0,0,0,0,0,0,0,0,0,0,0,,,,0.0,0.0,0.0,0.0,0.0,0,0,0
316,a,100.0,100.0,4.9,296,44.0,0,0.0,-1,1.0,0.7,222,84.0,33,0,2.8,222.0,90.0,4,142,0.2,373.0,135.0,0.0,6.7,0.0,145351,511,180768,264,0.2,0.2,0.22,1.11,1.33,13.3,0.02,0.12,0.14,1.49,192.8,262.0,107.0,207.2,153.0,37.0,34.0,349.0,116.0,43.4,265.0,88.0,,,,28,,Antonee,Robinson,Robinson,,,801,0,0,2,10,0,0,0,0,0,0,9,69,,,,0.0,0.22,1.12,1.01,7.64,26,42,48
317,a,100.0,100.0,4.5,415,76.0,0,0.0,0,0.0,4.8,75,24.0,93,0,3.6,107.0,37.0,5,325,1.4,218.0,80.0,0.3,20.7,0.0,1223039,5030,963736,761,1.4,1.4,1.26,1.54,2.8,35.4,0.05,0.06,0.11,1.39,657.2,15.0,5.0,111.8,235.0,63.0,124.0,213.0,53.0,89.6,100.0,27.0,,,,28,,Joachim,Andersen,Andersen,,,2291,0,1,5,38,0,0,0,6,0,0,26,302,,,,0.0,0.2,1.49,1.02,10.41,37,228,91
318,a,100.0,100.0,4.4,533,112.0,0,0.0,-1,1.0,0.4,277,101.0,64,0,3.4,133.0,49.0,6,205,1.8,190.0,68.0,0.4,14.5,0.0,105677,626,121830,71,1.8,1.8,0.99,0.18,1.17,24.14,0.06,0.01,0.07,1.41,385.8,118.0,53.0,96.4,260.0,78.0,68.0,286.0,82.0,55.2,217.0,74.0,,,,28,,Calvin,Bassey,Bassey,,,1542,1,1,3,30,0,0,0,3,0,0,17,181,,,,0.0,0.18,1.75,0.99,8.23,37,104,75
319,a,,,4.3,580,127.0,0,0.0,-2,2.0,0.1,458,168.0,29,0,1.4,418.0,150.0,0,127,0.8,277.0,97.0,0.2,6.7,0.0,18922,36,24850,33,0.8,0.8,0.94,0.51,1.45,21.75,0.08,0.04,0.12,1.75,224.2,241.0,95.0,130.8,210.0,53.0,87.0,256.0,72.0,44.4,262.0,86.0,,,,28,,Timothy,Castagne,Castagne,,,1118,0,1,0,23,0,0,0,3,0,0,12,113,,,,0.0,0.0,1.85,0.97,7.89,22,76,34
320,a,,,4.3,582,129.0,0,0.0,-2,2.0,0.1,527,188.0,10,0,1.2,435.0,156.0,0,29,0.0,542.0,229.0,0.0,2.3,0.0,6984,11,11349,16,0.0,0.0,0.02,0.03,0.05,8.18,0.0,0.01,0.01,1.79,72.4,385.0,147.0,4.3,441.0,160.0,8.0,410.0,152.0,8.5,424.0,153.0,,,,28,,Issa,Diop,Diop,,,412,0,0,0,9,0,0,0,1,0,0,4,42,,,,0.0,0.0,1.97,0.87,7.65,5,30,10
324,a,100.0,100.0,6.3,65,44.0,0,0.0,-2,2.0,0.9,200,69.0,79,0,3.8,90.0,45.0,10,366,4.2,54.0,27.0,0.7,12.5,0.0,314086,2695,397690,258,4.2,4.2,1.16,3.33,4.49,28.71,0.06,0.17,0.23,1.46,365.4,134.0,43.0,498.4,28.0,26.0,188.0,141.0,81.0,105.3,67.0,43.0,2.0,,,28,,Alex,Iwobi,Iwobi,,,1773,3,3,3,34,0,0,0,2,0,0,21,126,,,,0.0,0.15,1.73,1.07,6.4,20,22,84
325,a,100.0,100.0,5.6,128,79.0,0,0.0,-4,4.0,0.5,250,86.0,61,0,2.3,301.0,133.0,1,271,1.4,225.0,98.0,0.3,10.9,0.0,158561,250,209536,218,1.4,1.4,3.52,0.93,4.45,23.95,0.24,0.06,0.3,1.6,231.2,234.0,102.0,247.2,121.0,83.0,261.0,92.0,57.0,74.0,142.0,76.0,,,,28,,Emile,Smith Rowe,Smith Rowe,,,1344,3,1,3,21,0,0,0,1,0,0,15,107,,,,0.0,0.2,1.41,1.0,7.17,21,31,55
327,u,0.0,0.0,5.3,187,115.0,0,0.0,-2,2.0,0.1,562,206.0,0,0,0.0,796.0,350.0,0,0,0.0,770.0,334.0,0.0,0.0,0.0,2438,0,35582,5,0.0,0.0,0.0,0.0,0.0,0.0,0.0,0.0,0.0,0.0,0.0,796.0,350.0,0.0,795.0,350.0,0.0,792.0,349.0,0.0,796.0,350.0,,,,28,,Andreas,Hoelgebaum Pereira,Andreas,has joined Palmeiras permanently.,,0,0,0,0,0,0,0,0,0,0,0,0,0,,,,0.0,0.0,0.0,0.0,0.0,0,0,0
328,a,100.0,100.0,5.4,163,100.0,0,0.0,-1,1.0,0.2,408,137.0,73,0,3.6,113.0,53.0,5,255,2.4,148.0,65.0,0.4,13.5,0.0,144156,81,137916,50,2.4,2.4,1.01,1.69,2.7,23.15,0.06,0.1,0.16,1.38,321.0,171.0,65.0,179.6,177.0,119.0,159.0,164.0,91.0,65.7,179.0,92.0,,,,28,,Ryan,Sessegnon,Sessegnon,,,1507,2,3,4,28,0,0,0,0,0,0,17,175,,,,0.0,0.24,1.67,1.02,10.45,37,80,58
329,a,100.0,100.0,6.0,85,55.0,1,-1.0,5,-5.0,22.1,17,6.0,128,0,4.9,17.0,10.0,17,494,2.8,124.0,54.0,0.5,21.3,0.0,4723916,32397,2008442,6333,2.8,2.8,4.35,3.9,8.25,29.93,0.19,0.17,0.36,1.34,544.2,48.0,12.0,474.4,31.0,29.0,473.0,26.0,13.0,149.0,23.0,19.0,1.0,1.0,3.0,28,,Harry,Wilson,Wilson,,,2015,8,7,6,30,0,0,0,6,0,0,24,138,,,,0.0,0.27,1.34,1.07,6.16,21,51,66
330,a,,,4.9,306,191.0,0,0.0,-1,1.0,0.1,520,188.0,67,0,2.5,277.0,117.0,3,399,2.0,176.0,75.0,0.4,13.7,0.0,11173,38,12376,25,2.0,2.0,1.29,1.08,2.37,36.35,0.05,0.04,0.09,1.45,361.0,135.0,44.0,274.9,105.0,75.0,71.0,283.0,154.0,71.0,153.0,81.0,,,,28,,Sander,Berge,Berge,,,2251,0,2,5,39,1,0,0,4,0,0,26,222,,,,0.0,0.2,1.56,1.04,8.88,47,76,99
331,a,100.0,100.0,4.8,352,219.0,0,0.0,-2,2.0,0.0,636,250.0,25,0,1.5,407.0,181.0,1,103,0.4,334.0,157.0,0.1,5.2,0.0,2637,10,4704,7,0.4,0.4,0.85,0.28,1.13,8.25,0.17,0.06,0.23,1.63,78.2,376.0,166.0,86.8,277.0,162.0,48.0,321.0,169.0,21.4,359.0,171.0,,,,28,,Tom,Cairney,Cairney,,,455,1,0,0,9,0,0,0,2,0,0,3,35,,,,0.0,0.0,1.78,0.59,6.92,3,7,25
332,a,100.0,100.0,4.9,311,195.0,0,0.0,-1,1.0,0.1,572,211.0,50,0,2.6,258.0,107.0,3,225,0.0,719.0,300.0,0.0,10.2,0.0,14570,9,19036,2,0.0,0.0,1.74,1.35,3.09,18.45,0.13,0.1,0.23,1.37,232.0,233.0,101.0,338.7,71.0,54.0,119.0,223.0,124.0,68.9,161.0,83.0,3.0,,,28,,Saša,Lukić,Lukić,,,1208,1,3,4,17,0,0,0,6,0,0,15,127,,,,0.0,0.3,1.27,1.12,9.46,35,43,49
333,u,0.0,0.0,4.5,475,289.0,0,0.0,0,0.0,0.0,667,270.0,0,0,0.0,727.0,300.0,0,0,0.0,655.0,255.0,0.0,0.0,0.0,898,0,6585,2,0.0,0.0,0.0,0.0,0.0,0.0,0.0,0.0,0.0,0.0,0.0,724.0,298.0,0.0,719.0,299.0,0.0,705.0,294.0,0.0,725.0,299.0,,,,28,,Martial,Godo,Godo,has joined Strasbourg permanently.,,0,0,0,0,0,0,0,0,0,0,0,0,0,,,,0.0,0.0,0.0,0.0,0.0,0,0,0
334,u,0.0,0.0,4.5,456,273.0,0,0.0,0,0.0,0.0,810,360.0,0,0,0.0,714.0,289.0,0,0,0.0,639.0,241.0,0.0,0.0,0.0,0,0,310,0,0.0,0.0,0.0,0.0,0.0,0.0,0.0,0.0,0.0,0.0,0.0,709.0,285.0,0.0,705.0,287.0,0.0,689.0,280.0,0.0,710.0,286.0,,,,28,,Luke,Harris,Harris,Has joined Oxford United on loan for the rest of the season.,,0,0,0,0,0,0,0,0,0,0,0,0,0,,,,0.0,0.0,0.0,0.0,0.0,0,0,0
335,a,100.0,100.0,4.4,563,336.0,0,0.0,-1,1.0,1.8,143,47.0,37,0,1.8,364.0,157.0,0,129,0.2,366.0,166.0,0.0,8.4,0.0,953323,600,856454,635,0.2,0.2,1.38,0.42,1.8,12.9,0.14,0.04,0.18,1.28,106.8,343.0,155.0,106.2,244.0,152.0,195.0,128.0,75.0,40.0,284.0,142.0,,,,28,,Josh,King,King,,,908,0,2,3,15,0,0,0,3,0,0,11,74,,,,0.0,0.3,1.49,1.09,7.33,19,15,40
336,a,,,4.3,579,343.0,0,0.0,-2,2.0,0.4,276,98.0,12,0,2.4,286.0,123.0,2,37,0.2,361.0,163.0,0.0,2.8,0.0,81856,304,67000,224,0.2,0.2,0.04,0.24,0.28,0.41,0.16,0.94,1.1,1.6,36.6,420.0,184.0,8.7,430.0,208.0,7.0,418.0,202.0,5.2,442.0,198.0,,,,28,,Harrison,Reed,Reed,,,23,1,0,0,1,0,0,0,0,0,0,0,2,,,,0.0,0.0,3.91,0.0,7.83,0,0,2
337,a,100.0,100.0,6.1,81,26.0,0,0.0,-4,4.0,2.6,116,18.0,94,0,3.6,114.0,9.0,7,344,4.6,33.0,6.0,0.8,15.4,0.0,668654,10270,615773,1279,4.6,4.6,9.59,0.81,10.4,27.7,0.49,0.04,0.53,1.41,420.2,95.0,7.0,273.6,106.0,4.0,644.0,15.0,10.0,133.4,30.0,8.0,,2.0,1.0,28,,Raúl,Jiménez Rodríguez,Raúl,,,1772,8,5,7,24,0,0,0,5,0,0,22,105,,,,0.0,0.36,1.22,1.12,5.33,26,35,44
338,a,100.0,100.0,5.3,193,46.0,0,0.0,-2,2.0,0.7,215,33.0,20,0,2.0,338.0,39.0,3,53,0.6,316.0,41.0,0.1,3.8,0.0,260405,162,436335,82,0.6,0.6,1.11,0.02,1.13,7.23,0.24,0.0,0.24,1.56,73.4,384.0,40.0,52.9,333.0,39.0,136.0,197.0,42.0,25.4,347.0,41.0,,,,28,,Rodrigo,Muniz Carvalho,Muniz,,,418,1,1,1,7,1,0,0,1,0,0,4,24,,,,0.0,0.22,1.51,0.86,5.17,4,11,9
424,a,100.0,100.0,5.1,238,144.0,0,0.0,-4,4.0,0.2,366,122.0,21,0,1.8,371.0,161.0,0,89,0.6,314.0,146.0,0.1,4.1,0.0,86623,77,96738,50,0.6,0.6,0.47,1.17,1.64,6.89,0.08,0.2,0.28,1.16,77.2,378.0,167.0,170.1,181.0,122.0,99.0,237.0,132.0,34.8,306.0,149.0,,,,28,,Oscar,Bobb,Bobb,,,534,0,1,2,7,0,0,0,1,0,0,5,42,,,,0.0,0.34,1.18,0.84,7.08,12,5,25
38,a,100.0,100.0,4.4,526,106.0,0,0.0,-1,1.0,8.2,44,16.0,88,1,3.3,143.0,53.0,3,436,3.6,69.0,20.0,0.8,20.0,0.0,710913,1644,1968803,4819,3.1,4.1,1.01,0.53,1.54,37.16,0.04,0.02,0.06,1.39,482.6,70.0,31.0,86.9,276.0,89.0,104.0,232.0,61.0,67.8,166.0,55.0,,,,28,,Ezri,Konsa Ngoyo,Konsa,,,2405,0,1,8,29,0,0,0,0,1,0,27,189,,,,0.0,0.3,1.09,1.01,6.06,20,142,86
39,a,,,4.2,635,147.0,0,0.0,-3,3.0,0.6,227,87.0,39,1,1.8,360.0,135.0,0,198,2.8,116.0,40.0,0.7,9.3,0.0,80274,200,103024,601,2.3,3.3,1.05,1.82,2.87,18.26,0.08,0.14,0.22,1.43,241.2,225.0,86.0,286.3,93.0,22.0,184.0,143.0,28.0,71.3,152.0,51.0,,,,28,,Ian,Maatsen,Maatsen,,,1153,0,0,2,16,0,0,0,2,0,0,12,104,,,,0.0,0.16,1.25,0.94,7.18,34,58,70
727,a,100.0,100.0,5.3,191,119.0,0,0.0,-2,2.0,0.1,507,182.0,47,0,3.6,112.0,52.0,1,192,1.2,246.0,110.0,0.2,8.9,0.0,98505,125,91612,59,1.2,1.2,1.56,2.55,4.11,10.97,0.22,0.36,0.58,1.55,228.0,237.0,103.0,217.9,141.0,95.0,182.0,144.0,83.0,62.9,194.0,99.0,,,,28,,Samuel,Chukwueze,Chukwueze,,,635,3,4,1,15,0,0,0,0,0,0,6,51,,,,0.0,0.14,2.13,0.85,7.23,6,10,35
731,i,0.0,0.0,5.8,111,71.0,0,0.0,-2,2.0,0.1,543,199.0,43,0,1.9,352.0,153.0,0,158,1.8,197.0,86.0,0.3,7.4,0.0,34671,2,30197,171,0.0,0.0,1.12,1.4,2.52,13.01,0.11,0.14,0.25,1.3,200.8,258.0,108.0,231.6,129.0,89.0,206.0,119.0,71.0,63.6,190.0,98.0,,,,28,,Kevin,Santos Lopes de Macedo,Kevin,Foot injury - Unknown return date,,898,1,2,4,15,0,0,0,1,0,0,8,75,,,,0.0,0.4,1.5,0.8,7.52,19,16,40
737,a,,,4.5,508,75.0,0,0.0,0,0.0,0.1,475,69.0,4,0,0.8,507.0,62.0,0,11,0.0,683.0,73.0,0.0,0.9,0.0,20836,48,15429,69,0.0,0.0,0.0,0.07,0.07,0.75,0.0,0.21,0.21,2.25,1.2,493.0,59.0,11.4,413.0,55.0,8.0,413.0,57.0,2.1,465.0,57.0,,,,28,,Jonah,Kusi-Asare,Kusi-Asare,,,30,0,0,0,2,0,0,0,1,0,0,0,2,,,,0.0,0.0,6.0,0.0,6.0,0,0,2
770,a,,,4.5,503,310.0,0,0.0,0,0.0,0.0,781,339.0,0,0,0.0,747.0,315.0,0,0,0.0,679.0,274.0,0.0,0.0,0.0,569,5,317,2,0.0,0.0,0.0,0.0,0.0,0.0,0.0,0.0,0.0,0.0,0.0,747.0,315.0,0.0,741.0,315.0,0.0,728.0,311.0,0.0,747.0,315.0,,,,28,,Seth,Ridgeon,Ridgeon,,,0,0,0,0,0,0,0,0,0,0,0,0,0,,,,0.0,0.0,0.0,0.0,0.0,0,0,0
786,a,,,4.0,701,60.0,0,0.0,0,0.0,0.0,757,86.0,0,0,0.0,606.0,79.0,0,0,0.0,488.0,71.0,0.0,0.0,0.0,540,4,270,9,0.0,0.0,0.0,0.0,0.0,0.0,0.0,0.0,0.0,0.0,0.0,596.0,79.0,0.0,588.0,67.0,0.0,557.0,54.0,0.0,598.0,79.0,,,,28,,Alfie,McNally,McNally,,,0,0,0,0,0,0,0,0,0,0,0,0,0,,,,0.0,0.0,0.0,0.0,0.0,0,0,0
168,a,100.0,100.0,4.6,403,249.0,0,0.0,-4,4.0,0.1,486,172.0,2,0,0.7,511.0,240.0,0,5,0.2,371.0,167.0,0.0,0.4,0.0,15791,56,28824,45,0.2,-0.3,0.04,0.1,0.14,1.86,0.05,0.13,0.18,2.43,6.0,469.0,212.0,25.7,381.0,194.0,19.0,382.0,193.0,5.0,445.0,200.0,,,,28,,Facundo,Buonanotte,Buonanotte,,,69,0,0,0,2,0,0,0,1,0,0,1,5,,,,0.0,0.0,2.61,1.3,6.52,1,1,3
339,a,,,4.1,653,37.0,0,0.0,-4,4.0,0.3,301,40.0,0,0,0.0,635.0,86.0,0,0,0.0,520.0,78.0,0.0,0.0,0.0,12966,37,62962,53,0.0,-0.5,0.0,0.0,0.0,0.0,0.0,0.0,0.0,0.0,0.0,625.0,86.0,0.0,617.0,74.0,0.0,589.0,61.0,0.0,627.0,86.0,,,,28,,Illan,Meslier,Meslier,,,0,0,0,0,0,0,0,0,0,0,0,0,0,,,,0.0,0.0,0.0,0.0,0.0,0,0,0
340,a,,,3.9,745,73.0,0,0.0,-1,1.0,0.2,413,61.0,0,0,0.0,543.0,42.0,0,0,0.0,419.0,33.0,0.0,0.0,0.0,8207,9,14697,14,0.0,-0.5,0.0,0.0,0.0,0.0,0.0,0.0,0.0,0.0,0.0,533.0,42.0,0.0,521.0,26.0,0.0,488.0,13.0,0.0,535.0,42.0,,,,28,,Alex,Cairns,Cairns,,,0,0,0,0,0,0,0,0,0,0,0,0,0,,,,0.0,0.0,0.0,0.0,0.0,0,0,0
341,a,,,3.9,740,68.0,0,0.0,-1,1.0,2.4,123,16.0,28,3,2.3,294.0,25.0,0,145,2.0,167.0,14.0,0.5,7.2,0.0,226307,1454,266897,345,2.0,1.5,0.0,0.03,0.03,15.3,0.0,0.0,0.0,1.28,283.2,197.0,22.0,0.0,516.0,21.0,0.0,483.0,8.0,28.5,336.0,22.0,,,,28,,Karl,Darlow,Darlow,,,1080,0,0,1,18,0,0,0,1,0,34,12,59,,,,2.83,0.08,1.5,1.0,0.0,0,17,111
342,a,100.0,100.0,4.4,529,108.0,0,0.0,-1,1.0,0.2,374,137.0,68,2,2.6,253.0,99.0,0,193,3.0,98.0,34.0,0.7,15.5,0.0,36715,441,39494,84,3.0,2.5,1.8,1.56,3.36,33.44,0.07,0.06,0.13,1.38,331.2,156.0,67.0,229.1,131.0,33.0,169.0,155.0,32.0,73.1,146.0,49.0,,,,28,,Jayden,Bogle,Bogle,,,2185,1,3,4,40,0,0,0,5,0,0,25,182,,,,0.0,0.16,1.65,1.03,5.68,51,87,109
343,a,100.0,100.0,4.3,583,130.0,0,0.0,-2,2.0,0.4,270,98.0,78,2,3.1,171.0,65.0,3,282,2.0,170.0,59.0,0.5,18.1,0.0,97083,435,92825,188,2.0,1.5,2.46,0.48,2.94,33.42,0.1,0.02,0.12,1.39,545.4,47.0,21.0,118.3,226.0,59.0,211.0,113.0,17.0,87.5,107.0,30.0,,,,28,,Pascal,Struijk,Struijk,,,2168,0,1,4,39,0,0,0,3,0,0,24,248,,,,0.0,0.17,1.62,1.0,9.51,28,201,91
344,a,100.0,100.0,3.9,757,219.0,0,0.0,-1,1.0,0.4,281,102.0,47,1,3.1,168.0,63.0,2,150,0.8,276.0,96.0,0.2,12.1,0.0,100482,60,79009,134,0.8,0.3,0.53,0.5,1.03,20.78,0.04,0.04,0.08,1.67,283.4,196.0,78.0,38.0,359.0,126.0,137.0,195.0,47.0,45.7,258.0,84.0,,,,28,,Jaka,Bijol,Bijol,,,1120,1,2,1,21,0,0,0,2,0,0,12,125,,,,0.0,0.08,1.69,0.96,9.16,15,99,40
345,a,100.0,100.0,3.8,795,243.0,0,0.0,-2,2.0,0.1,415,152.0,17,0,1.9,340.0,126.0,0,48,0.2,349.0,119.0,0.1,4.5,0.0,22120,25,16235,63,0.2,-0.3,0.0,0.01,0.01,4.93,0.0,0.0,0.0,1.46,78.4,375.0,144.0,5.6,439.0,159.0,10.0,401.0,145.0,9.4,415.0,149.0,,,,28,,Sebastiaan,Bornauw,Bornauw,,,304,0,0,1,4,0,0,0,1,0,0,4,38,,,,0.0,0.3,1.18,1.18,11.25,6,32,7
346,a,,,3.8,786,235.0,0,0.0,-2,2.0,0.2,380,140.0,1,0,1.0,445.0,159.0,0,-2,0.0,391.0,141.0,0.0,0.3,0.0,23466,30,33544,26,0.0,-0.5,0.0,0.0,0.0,0.79,0.0,0.0,0.0,10.16,0.0,509.0,183.0,0.0,493.0,180.0,0.0,459.0,171.0,0.0,511.0,183.0,,,,28,,Sam,Byram,Byram,,,7,0,0,0,1,0,0,0,0,0,0,0,0,,,,0.0,0.0,12.86,0.0,0.0,0,0,0
347,a,100.0,100.0,3.8,791,239.0,0,0.0,-2,2.0,3.8,88,31.0,59,2,2.2,305.0,114.0,8,232,0.8,275.0,95.0,0.2,15.5,0.0,914331,1466,787679,889,0.8,0.3,1.06,2.0,3.05,36.35,0.04,0.08,0.12,1.46,388.8,114.0,51.0,327.1,75.0,17.0,141.0,191.0,45.0,85.8,112.0,32.0,,,,28,,Gabriel,Gudmundsson,Gudmundsson,,,2235,0,0,4,41,1,0,0,4,0,0,26,192,,,,0.0,0.16,1.65,1.05,6.32,59,98,96
348,d,75.0,100.0,3.9,752,216.0,0,0.0,-1,1.0,3.9,85,29.0,83,2,3.2,150.0,57.0,5,268,3.0,97.0,33.0,0.8,21.3,0.0,1113088,3588,900012,972,2.2,2.5,1.2,0.27,1.47,37.71,0.05,0.01,0.06,1.49,556.6,46.0,20.0,63.5,316.0,106.0,173.0,151.0,31.0,79.5,129.0,40.0,,,,28,,Joe,Rodon,Rodon,Hamstring injury - 75% chance of playing,,2276,2,0,3,45,0,0,0,1,0,0,26,245,,,,0.0,0.12,1.78,1.03,8.58,29,188,64
349,u,0.0,0.0,4.0,692,176.0,0,0.0,0,0.0,0.1,551,198.0,0,0,0.0,599.0,221.0,0,0,0.0,479.0,185.0,0.0,0.0,0.0,788,0,15891,4,0.0,0.0,0.0,0.0,0.0,0.0,0.0,0.0,0.0,0.0,0.0,589.0,220.0,0.0,581.0,220.0,0.0,550.0,214.0,0.0,591.0,220.0,,,,28,,Isaac,Schmidt,Schmidt,has joined Werder Bremen on loan for the rest of the season.,,0,0,0,0,0,0,0,0,0,0,0,0,0,,,,0.0,0.0,0.0,0.0,0.0,0,0,0
350,a,,,5.4,171,106.0,0,0.0,-1,1.0,0.6,225,78.0,103,2,3.8,87.0,43.0,5,355,2.4,149.0,66.0,0.4,19.1,0.0,198197,932,131585,777,2.4,1.9,3.93,2.94,6.87,27.27,0.2,0.15,0.35,1.37,386.0,117.0,38.0,352.8,69.0,53.0,410.0,38.0,21.0,114.8,51.0,35.0,,,,28,,Brenden,Aaronson,Aaronson,,,1789,4,6,7,26,0,0,0,1,0,0,21,163,,,,0.0,0.35,1.31,1.06,8.2,43,22,98
351,a,100.0,100.0,5.2,214,132.0,0,0.0,-3,3.0,0.1,510,183.0,22,1,1.5,411.0,184.0,0,91,0.4,343.0,161.0,0.1,4.2,0.0,9169,14,40113,17,0.4,-0.1,0.25,0.55,0.8,8.4,0.06,0.14,0.2,2.09,59.0,398.0,176.0,86.5,278.0,163.0,35.0,347.0,180.0,18.1,374.0,177.0,,,,28,,Wilfried,Gnonto,Gnonto,,,361,0,2,1,11,0,0,0,2,0,0,4,38,,,,0.0,0.25,2.74,1.0,9.47,14,9,15
352,u,0.0,0.0,5.1,229,141.0,0,0.0,-4,4.0,0.0,593,224.0,12,0,1.1,444.0,200.0,0,51,0.0,759.0,329.0,0.0,2.4,0.0,6000,0,18562,9,0.0,0.0,0.28,0.23,0.51,3.82,0.1,0.08,0.18,1.31,30.0,428.0,188.0,49.4,341.0,183.0,35.0,346.0,179.0,11.5,406.0,185.0,,,,28,,Jack,Harrison,Harrison,has joined ACF Fiorentina on loan for the rest of the season.,,262,0,0,0,5,0,0,0,0,0,0,1,24,,,,0.0,0.0,1.72,0.34,8.24,5,6,13
353,a,100.0,100.0,5.2,207,128.0,0,0.0,-3,3.0,0.1,482,169.0,16,1,1.2,439.0,197.0,0,59,0.6,315.0,147.0,0.1,3.1,0.0,7866,28,52537,20,0.6,0.1,0.71,0.57,1.28,10.43,0.17,0.13,0.3,2.46,38.4,418.0,183.0,97.3,259.0,158.0,93.0,246.0,135.0,23.0,354.0,169.0,,,,28,,Daniel,James,James,,,382,0,0,1,13,0,0,0,0,0,0,4,20,,,,0.0,0.24,3.06,0.94,4.71,4,3,13
354,a,100.0,100.0,4.9,300,188.0,0,0.0,-1,1.0,0.2,400,134.0,90,4,3.6,109.0,50.0,6,407,3.6,70.0,33.0,0.7,18.4,0.0,38448,329,30837,107,3.6,3.1,1.65,1.54,3.19,35.6,0.07,0.06,0.13,1.44,430.2,89.0,30.0,270.0,107.0,76.0,85.0,257.0,140.0,78.7,131.0,73.0,,,,28,,Ethan,Ampadu,Ampadu,,,2219,1,2,4,40,0,0,0,7,0,0,25,302,,,,0.0,0.16,1.62,1.01,12.25,59,107,136
355,u,0.0,0.0,4.9,322,200.0,0,0.0,-1,1.0,0.0,634,249.0,0,0,0.0,769.0,330.0,0,0,0.0,722.0,303.0,0.0,0.0,0.0,1234,0,10110,1,0.0,0.0,0.0,0.0,0.0,0.0,0.0,0.0,0.0,0.0,0.0,769.0,330.0,0.0,765.0,330.0,0.0,760.0,328.0,0.0,769.0,330.0,,,,28,,Sam,Greenwood,Greenwood,has joined Pogon Szczecin permanently.,,0,0,0,0,0,0,0,0,0,0,0,0,0,,,,0.0,0.0,0.0,0.0,0.0,0,0,0
356,a,,,4.7,391,244.0,0,0.0,-3,3.0,0.1,437,148.0,50,2,2.6,254.0,104.0,3,227,3.4,78.0,38.0,0.7,10.6,0.0,19358,181,10618,169,3.4,2.9,0.46,0.84,1.3,24.0,0.03,0.06,0.09,1.82,186.6,264.0,110.0,155.5,192.0,127.0,63.0,295.0,159.0,40.3,282.0,141.0,4.0,,,28,,Ilia,Gruev,Gruev,,,1184,0,4,4,23,0,0,0,3,0,0,14,106,,,,0.0,0.3,1.75,1.06,8.06,22,36,48
357,u,0.0,0.0,4.9,326,202.0,0,0.0,-1,1.0,0.0,707,295.0,0,0,0.0,771.0,332.0,0,0,0.0,725.0,305.0,0.0,0.0,0.0,203,0,4322,0,0.0,0.0,0.0,0.0,0.0,0.0,0.0,0.0,0.0,0.0,0.0,771.0,332.0,0.0,767.0,332.0,0.0,762.0,330.0,0.0,771.0,332.0,,,,28,,Largie,Ramazani,Ramazani,has joined Valencia on loan for the rest of the season.,,0,0,0,0,0,0,0,0,0,0,0,0,0,,,,0.0,0.0,0.0,0.0,0.0,0,0,0
358,a,100.0,100.0,4.8,364,227.0,0,0.0,-2,2.0,0.2,376,125.0,43,0,2.1,324.0,142.0,2,166,0.0,706.0,292.0,0.0,9.0,0.0,52112,34,60269,120,0.0,-0.5,0.83,0.61,1.44,13.29,0.1,0.07,0.17,1.62,140.0,309.0,140.0,127.1,216.0,143.0,78.0,271.0,147.0,34.5,313.0,153.0,,,,28,,Tanaka,Ao,Tanaka,,,737,2,0,2,16,0,0,0,1,0,0,7,83,,,,0.0,0.24,1.95,0.85,10.14,17,20,46
359,u,0.0,0.0,4.5,461,278.0,0,0.0,0,0.0,0.0,789,346.0,0,0,0.0,717.0,292.0,0,0,0.0,642.0,244.0,0.0,0.0,0.0,0,0,967,1,0.0,0.0,0.0,0.0,0.0,0.0,0.0,0.0,0.0,0.0,0.0,712.0,288.0,0.0,708.0,290.0,0.0,692.0,283.0,0.0,713.0,289.0,,,,28,,Charlie,Crew,Crew,Has joined Doncaster Rovers on loan for the rest of the season.,,0,0,0,0,0,0,0,0,0,0,0,0,0,,,,0.0,0.0,0.0,0.0,0.0,0,0,0
360,u,0.0,0.0,4.5,439,263.0,0,0.0,0,0.0,0.0,753,320.0,0,0,0.0,706.0,281.0,0,0,0.0,629.0,232.0,0.0,0.0,0.0,0,0,2891,0,0.0,0.0,0.0,0.0,0.0,0.0,0.0,0.0,0.0,0.0,0.0,700.0,276.0,0.0,697.0,279.0,0.0,680.0,272.0,0.0,702.0,278.0,,,,28,,Joe,Gelhardt,Gelhardt,Has joined Hull City on loan for the rest of the season.,,0,0,0,0,0,0,0,0,0,0,0,0,0,,,,0.0,0.0,0.0,0.0,0.0,0,0,0
361,u,0.0,0.0,4.5,440,264.0,0,0.0,0,0.0,0.0,666,269.0,0,0,0.0,707.0,282.0,0,0,0.0,630.0,233.0,0.0,0.0,0.0,1165,0,8387,1,0.0,0.0,0.0,0.0,0.0,0.0,0.0,0.0,0.0,0.0,0.0,701.0,277.0,0.0,698.0,280.0,0.0,681.0,273.0,0.0,703.0,279.0,,,,28,,Darko,Gyabi,Gyabi,has joined Hull City permanently.,,0,0,0,0,0,0,0,0,0,0,0,0,0,,,,0.0,0.0,0.0,0.0,0.0,0,0,0
362,a,100.0,100.0,4.9,321,58.0,0,0.0,-6,6.0,0.3,295,48.0,13,1,1.1,442.0,55.0,0,30,0.4,336.0,44.0,0.1,2.7,0.0,38445,37,219417,73,0.4,-0.1,0.65,0.08,0.73,5.3,0.28,0.03,0.31,2.28,8.2,463.0,55.0,22.1,388.0,51.0,90.0,252.0,45.0,11.5,405.0,51.0,,,3.0,28,,Joël,Piroe,Piroe,,,209,0,0,1,7,0,0,0,0,0,0,2,10,,,,0.0,0.43,3.01,0.86,4.31,1,1,8
363,u,0.0,0.0,4.9,289,57.0,0,0.0,-1,1.0,0.3,304,50.0,0,0,0.0,763.0,85.0,0,0,0.0,711.0,75.0,0.0,0.0,0.0,16144,0,202780,17,0.0,0.0,0.0,0.0,0.0,0.0,0.0,0.0,0.0,0.0,0.0,763.0,85.0,0.0,759.0,84.0,0.0,753.0,84.0,0.0,763.0,85.0,,,,28,,Patrick,Bamford,Bamford,has departed the club as a free agent.,,0,0,0,0,0,0,0,0,0,0,0,0,0,,,,0.0,0.0,0.0,0.0,0.0,0,0,0
364,u,0.0,0.0,5.0,278,56.0,0,0.0,0,0.0,0.0,739,90.0,0,0,0.0,790.0,88.0,0,0,0.0,752.0,80.0,0.0,0.0,0.0,0,0,2418,0,0.0,0.0,0.0,0.0,0.0,0.0,0.0,0.0,0.0,0.0,0.0,790.0,88.0,0.0,788.0,88.0,0.0,784.0,88.0,0.0,790.0,88.0,,,,28,,Mateo,Joseph Fernández-Regatillo,Mateo Joseph,Has joined RCD Mallorca on loan for the rest of the season.,,0,0,0,0,0,0,0,0,0,0,0,0,0,,,,0.0,0.0,0.0,0.0,0.0,0,0,0
365,a,100.0,100.0,5.0,247,53.0,0,0.0,0,0.0,0.6,240,35.0,62,1,2.8,224.0,22.0,8,216,2.6,135.0,18.0,0.5,12.4,0.0,206349,478,212113,448,2.6,2.1,6.19,0.82,7.01,15.19,0.77,0.1,0.87,1.89,248.6,219.0,18.0,59.7,326.0,36.0,323.0,67.0,25.0,63.2,192.0,25.0,,,2.0,28,,Lukas,Nmecha,Nmecha,,,725,6,1,2,17,0,0,1,0,0,0,7,37,,,,0.0,0.25,2.11,0.87,4.59,6,12,19
493,a,100.0,100.0,4.8,355,222.0,0,0.0,-2,2.0,0.2,354,118.0,44,0,2.6,255.0,105.0,4,234,0.6,306.0,139.0,0.1,9.2,0.0,177168,33,180629,47,0.6,0.1,0.83,1.48,2.31,13.95,0.08,0.14,0.22,1.33,240.2,227.0,99.0,357.3,66.0,52.0,71.0,282.0,153.0,66.8,171.0,90.0,2.0,2.0,,28,,Sean,Longstaff,Longstaff,,,943,1,2,1,19,0,0,0,2,0,0,10,100,,,,0.0,0.1,1.81,0.95,9.54,37,25,38
660,a,100.0,100.0,4.7,390,243.0,0,0.0,-3,3.0,2.1,133,43.0,110,2,4.8,18.0,11.0,11,443,3.0,107.0,45.0,0.6,23.4,0.0,1012878,6231,805846,686,3.0,2.5,2.22,3.79,6.01,28.01,0.11,0.18,0.29,1.35,521.8,57.0,14.0,729.6,4.0,4.0,255.0,95.0,59.0,150.9,21.0,17.0,1.0,1.0,,28,,Anton,Stach,Stach,,,1865,4,6,4,33,0,0,0,3,0,0,22,211,,,,0.0,0.19,1.59,1.06,10.18,48,63,100
665,a,100.0,100.0,4.5,417,22.0,0,0.0,0,0.0,0.2,350,50.0,43,0,2.7,239.0,22.0,3,153,0.0,612.0,89.0,0.0,9.6,0.0,41763,96,61496,92,0.0,-0.5,0.0,0.0,0.0,26.68,0.0,0.0,0.0,1.67,322.4,169.0,20.0,0.0,681.0,85.0,0.0,662.0,75.0,32.2,321.0,20.0,,,,28,,Lucas Estella,Perri,Perri,,,1440,0,0,3,29,0,0,0,2,0,38,16,39,,,,2.38,0.19,1.81,1.0,0.0,0,16,100
691,a,100.0,100.0,5.8,106,30.0,0,0.0,3,-3.0,9.4,38,6.0,106,2,4.2,53.0,6.0,16,340,2.6,139.0,19.0,0.4,18.3,0.0,2776068,6963,1620834,12661,2.6,2.1,10.19,0.97,11.15,23.54,0.5,0.05,0.55,1.15,424.0,91.0,6.0,244.4,123.0,8.0,709.0,6.0,5.0,136.7,26.0,6.0,,,1.0,28,,Dominic,Calvert-Lewin,Calvert-Lewin,,,1843,10,2,4,27,0,0,0,1,0,0,20,61,,,,0.0,0.2,1.32,0.98,2.98,10,22,29
698,i,0.0,0.0,5.5,145,90.0,0,0.0,0,0.0,0.1,491,174.0,67,0,2.9,206.0,86.0,3,228,2.8,122.0,53.0,0.5,12.2,0.0,62614,2,56270,210,0.0,0.0,4.2,0.98,5.18,22.4,0.3,0.07,0.37,1.59,254.6,213.0,92.0,199.8,160.0,111.0,322.0,68.0,39.0,77.7,133.0,74.0,,,,28,,Noah,Okafor,Okafor,Hamstring injury - Expected back 14 Mar,,1266,4,2,4,24,0,0,0,3,0,0,15,87,,,,0.0,0.28,1.71,1.07,6.18,20,21,46
706,a,,,3.9,754,217.0,0,0.0,-1,1.0,1.0,189,70.0,47,2,2.5,267.0,102.0,6,156,2.2,154.0,53.0,0.6,12.1,0.0,160377,577,51599,521,2.2,1.7,0.92,0.79,1.71,19.95,0.08,0.07,0.15,1.78,249.0,218.0,85.0,108.1,241.0,68.0,123.0,215.0,54.0,48.2,250.0,81.0,3.0,,,28,,James,Justin,Justin,,,1010,1,1,2,17,0,0,0,2,0,0,11,99,,,,0.0,0.18,1.51,0.98,8.2,23,69,36
741,u,0.0,0.0,4.5,492,71.0,0,0.0,0,0.0,0.1,501,70.0,0,0,0.0,739.0,80.0,0,0,0.0,670.0,69.0,0.0,0.0,0.0,27606,0,23824,35,0.0,0.0,0.0,0.0,0.0,0.0,0.0,0.0,0.0,0.0,0.0,738.0,80.0,0.0,732.0,79.0,0.0,719.0,79.0,0.0,738.0,80.0,,,,28,,Harry,Gray,Gray,has joined Rotherham United on loan for the rest of the season.,,0,0,0,0,0,0,0,0,0,0,0,0,0,,,,0.0,0.0,0.0,0.0,0.0,0,0,0
366,a,100.0,100.0,5.4,157,4.0,0,0.0,-1,1.0,6.3,60,9.0,84,2,3.7,101.0,13.0,8,350,3.8,62.0,8.0,0.7,15.6,0.0,629087,4398,1291909,1366,4.8,4.3,0.0,0.03,0.03,26.38,0.0,0.0,0.0,1.15,414.2,101.0,16.0,0.1,488.0,16.0,0.0,793.0,92.0,41.4,278.0,17.0,,,,28,,Alisson,Becker,A.Becker,,,2070,0,0,8,27,0,0,0,1,0,49,23,63,,,,2.13,0.35,1.17,1.0,0.0,0,35,203
367,a,,,4.1,654,38.0,0,0.0,-4,4.0,0.5,251,33.0,19,0,3.8,84.0,8.0,0,70,0.0,521.0,79.0,0.0,4.6,0.0,152524,72,166706,173,1.0,0.5,0.0,0.0,0.0,7.1,0.0,0.0,0.0,1.42,140.0,308.0,24.0,0.0,618.0,75.0,0.0,590.0,62.0,13.9,392.0,24.0,,,,28,,Giorgi,Mamardashvili,Mamardashvili,,,450,0,0,1,10,0,1,0,0,0,17,5,45,,,,3.4,0.2,2.0,1.0,0.0,0,7,43
368,a,,,3.8,812,94.0,0,0.0,-2,2.0,0.9,202,25.0,0,0,0.0,534.0,35.0,0,0,0.0,410.0,26.0,0.0,0.0,0.0,136942,1162,48867,765,1.0,0.5,0.0,0.0,0.0,0.0,0.0,0.0,0.0,0.0,0.0,524.0,35.0,0.0,511.0,18.0,0.0,478.0,5.0,0.0,526.0,35.0,,,,28,,Ármin,Pécsi,Pécsi,,,0,0,0,0,0,0,0,0,0,0,0,0,0,,,,0.0,0.0,0.0,0.0,0.0,0,0,0
369,a,,,3.9,748,75.0,0,0.0,-1,1.0,0.2,393,56.0,0,0,0.0,545.0,44.0,0,0,0.0,422.0,35.0,0.0,0.0,0.0,22292,17,17080,45,1.0,0.5,0.0,0.0,0.0,0.0,0.0,0.0,0.0,0.0,0.0,535.0,44.0,0.0,523.0,28.0,0.0,490.0,15.0,0.0,537.0,44.0,,,,28,,Freddie,Woodman,Woodman,,,0,0,0,0,0,0,0,0,0,0,0,0,0,,,,0.0,0.0,0.0,0.0,0.0,0,0,0
370,a,100.0,100.0,5.7,117,11.0,0,0.0,-3,3.0,4.6,78,25.0,38,4,3.2,164.0,62.0,0,156,0.8,294.0,102.0,0.1,6.7,0.0,591716,1915,3354086,363,1.8,1.3,0.39,1.15,1.54,6.11,0.06,0.19,0.25,1.0,90.2,365.0,138.0,151.1,196.0,50.0,105.0,231.0,60.0,34.7,311.0,105.0,,,,28,,Jeremie,Frimpong,Frimpong,,,551,0,5,2,7,0,0,0,0,0,0,6,22,,,,0.0,0.33,1.14,0.98,2.94,5,13,31
371,a,,,5.6,134,15.0,0,0.0,-4,4.0,3.0,108,43.0,66,1,2.5,282.0,109.0,4,295,2.6,138.0,48.0,0.5,11.8,0.0,341578,1361,794932,725,3.6,3.1,0.95,0.63,1.58,24.99,0.05,0.03,0.08,1.19,368.6,130.0,59.0,366.4,60.0,11.0,114.0,225.0,57.0,85.1,116.0,35.0,,,,28,,Milos,Kerkez,Kerkez,,,1887,1,1,5,29,0,0,0,4,0,0,23,147,,,,0.0,0.24,1.38,1.1,5.77,40,81,76
372,a,,,5.7,113,9.0,0,0.0,-3,3.0,1.0,190,71.0,34,0,2.1,325.0,120.0,4,145,1.8,195.0,72.0,0.3,6.0,0.0,57492,92,133118,237,2.8,2.3,0.22,0.94,1.15,8.39,0.03,0.13,0.16,1.19,135.4,313.0,118.0,220.7,138.0,36.0,61.0,304.0,89.0,41.9,276.0,91.0,,,,28,,Andrew,Robertson,Robertson,,,635,0,0,3,8,0,0,0,0,0,0,5,43,,,,0.0,0.43,1.13,0.71,4.68,10,23,27
373,a,,,6.1,80,3.0,1,-1.0,1,-1.0,29.2,12,3.0,129,7,4.6,30.0,11.0,9,454,7.8,2.0,2.0,1.3,21.1,0.0,3814321,66214,3391666,948,8.8,8.3,2.22,0.81,3.03,33.48,0.08,0.03,0.11,1.2,837.6,3.0,2.0,163.5,185.0,46.0,338.0,61.0,3.0,133.8,29.0,1.0,,,,28,,Virgil,van Dijk,Virgil,,,2520,3,1,9,37,0,0,0,4,0,0,28,291,,,,0.0,0.32,1.32,1.0,9.5,18,248,60
374,a,100.0,100.0,5.5,140,17.0,1,-1.0,0,0.0,4.2,84,28.0,109,1,4.0,62.0,26.0,8,423,5.6,11.0,5.0,1.0,19.8,0.0,754013,7231,672885,2196,6.6,6.1,1.05,0.88,1.93,28.56,0.04,0.03,0.07,1.11,621.8,23.0,10.0,134.0,206.0,52.0,96.0,243.0,65.0,85.4,114.0,33.0,,,,28,,Ibrahima,Konaté,Konaté,,,2326,1,0,9,31,0,0,0,5,0,0,27,263,,,,0.0,0.35,1.2,1.04,9.21,44,194,87
375,i,0.0,0.0,4.9,339,56.0,0,0.0,-1,1.0,0.2,412,151.0,42,0,2.8,223.0,91.0,2,157,0.0,733.0,253.0,0.0,8.6,0.0,62641,4,71564,45,0.0,0.0,0.18,0.84,1.02,10.77,0.02,0.08,0.1,1.04,157.4,294.0,113.0,105.2,245.0,69.0,62.0,298.0,87.0,32.3,320.0,108.0,,,,28,,Conor,Bradley,Bradley,Knee injury - Expected back 01 Jun,,928,0,2,4,13,0,0,0,5,0,0,12,82,,,,0.0,0.39,1.26,1.16,6.3,19,46,43
376,a,100.0,100.0,4.9,297,45.0,0,0.0,-1,1.0,0.1,417,154.0,28,1,2.0,331.0,125.0,2,82,0.6,308.0,108.0,0.1,5.7,0.0,23235,95,29097,28,1.6,1.1,0.22,0.6,0.82,5.95,0.05,0.14,0.19,1.4,96.6,356.0,136.0,69.8,304.0,101.0,26.0,362.0,122.0,19.2,368.0,127.0,,,,28,,Joe,Gomez,Gomez,,,383,0,2,2,9,0,0,0,2,0,0,5,32,,,,0.0,0.47,2.11,1.17,7.28,5,26,12
377,u,0.0,0.0,4.8,358,59.0,0,0.0,-2,2.0,0.0,592,211.0,0,0,0.0,760.0,261.0,0,0,0.0,701.0,248.0,0.0,0.0,0.0,1669,0,12253,1,0.0,0.0,0.0,0.0,0.0,0.0,0.0,0.0,0.0,0.0,0.0,760.0,261.0,0.0,755.0,261.0,0.0,747.0,261.0,0.0,760.0,261.0,,,,28,,Konstantinos,Tsimikas,Tsimikas,has joined AS Roma on loan for the rest of the season.,,0,0,0,0,0,0,0,0,0,0,0,0,0,,,,0.0,0.0,0.0,0.0,0.0,0,0,0
378,a,100.0,100.0,3.7,819,266.0,0,0.0,-3,3.0,1.1,181,68.0,0,0,0.0,518.0,183.0,0,0,0.0,388.0,138.0,0.0,0.0,0.0,224698,294,106668,1044,1.0,0.5,0.0,0.0,0.0,0.0,0.0,0.0,0.0,0.0,0.0,507.0,181.0,0.0,491.0,178.0,0.0,457.0,169.0,0.0,509.0,181.0,,,,28,,Amara,Nallo,Nallo,,,0,0,0,0,0,0,0,0,0,0,0,0,0,,,,0.0,0.0,0.0,0.0,0.0,0,0,0
379,a,,,3.7,815,262.0,0,0.0,-3,3.0,0.6,231,89.0,0,0,0.0,516.0,181.0,0,0,0.0,386.0,136.0,0.0,0.0,0.0,91271,443,46165,657,1.0,0.5,0.0,0.0,0.0,0.0,0.0,0.0,0.0,0.0,0.0,505.0,179.0,0.0,489.0,176.0,0.0,455.0,167.0,0.0,507.0,179.0,,,,28,,Rhys,Williams,R.Williams,,,0,0,0,0,0,0,0,0,0,0,0,0,0,,,,0.0,0.0,0.0,0.0,0.0,0,0,0
380,a,,,3.8,798,246.0,0,0.0,-2,2.0,0.2,353,129.0,0,0,0.0,525.0,189.0,0,0,0.0,399.0,148.0,0.0,0.0,0.0,27603,23,31295,34,1.0,0.5,0.0,0.0,0.0,0.0,0.0,0.0,0.0,0.0,0.0,515.0,188.0,0.0,500.0,186.0,0.0,466.0,177.0,0.0,517.0,188.0,,,,28,,Calvin,Ramsay,Ramsay,,,0,0,0,0,0,0,0,0,0,0,0,0,0,,,,0.0,0.0,0.0,0.0,0.0,0,0,0
383,u,0.0,0.0,8.0,16,11.0,0,0.0,0,0.0,0.0,604,231.0,0,0,0.0,818.0,366.0,0,0,0.0,815.0,366.0,0.0,0.0,0.0,0,0,7338,2,0.0,0.0,0.0,0.0,0.0,0.0,0.0,0.0,0.0,0.0,0.0,818.0,366.0,0.0,818.0,366.0,0.0,818.0,366.0,0.0,818.0,366.0,,,,28,,Luis,Díaz Marulanda,Luis Díaz,Has joined Bayern Munch permanently.,,0,0,0,0,0,0,0,0,0,0,0,0,0,,,,0.0,0.0,0.0,0.0,0.0,0,0,0
384,a,100.0,100.0,7.3,27,17.0,0,0.0,-2,2.0,5.5,66,23.0,98,6,3.8,92.0,47.0,5,359,3.6,73.0,35.0,0.5,13.4,0.0,3348940,5997,3739525,1153,4.6,4.1,5.66,4.17,9.83,21.75,0.27,0.2,0.47,1.03,420.2,96.0,31.0,570.3,17.0,17.0,594.0,18.0,8.0,158.3,16.0,12.0,3.0,,3.0,28,,Cody,Gakpo,Gakpo,,,1908,6,3,7,27,0,0,0,2,0,0,22,113,,,,0.0,0.33,1.27,1.04,5.33,20,29,64
385,a,100.0,100.0,6.3,68,46.0,0,0.0,-2,2.0,0.3,327,109.0,32,0,1.6,396.0,175.0,0,118,0.8,297.0,136.0,0.1,5.1,0.0,56272,38,68565,63,1.8,1.3,1.18,0.5,1.68,5.04,0.42,0.18,0.6,1.8,116.8,332.0,149.0,34.1,367.0,188.0,127.0,211.0,117.0,27.7,338.0,162.0,,,,28,,Federico,Chiesa,Chiesa,,,252,2,1,0,6,0,0,0,2,0,0,1,27,,,,0.0,0.0,2.14,0.36,9.64,8,13,6
386,a,100.0,100.0,6.2,72,48.0,0,0.0,-3,3.0,1.5,157,52.0,74,9,2.7,248.0,102.0,5,353,5.6,13.0,4.0,0.9,11.9,0.0,210327,9307,276575,418,6.6,6.1,2.99,1.2,4.19,24.23,0.14,0.06,0.2,1.14,353.0,140.0,47.0,358.0,64.0,51.0,263.0,89.0,55.0,97.5,85.0,50.0,,,4.0,28,,Alexis,Mac Allister,Mac Allister,,,1906,2,2,7,26,0,0,0,4,0,0,23,164,,,,0.0,0.33,1.23,1.09,7.74,39,46,79
387,a,100.0,100.0,6.8,45,28.0,0,0.0,3,-3.0,9.5,37,13.0,104,4,4.0,69.0,32.0,14,537,4.0,59.0,28.0,0.6,15.3,0.0,2255293,37462,1437596,2279,5.0,4.5,3.54,4.42,7.96,31.48,0.14,0.17,0.31,1.21,596.2,32.0,8.0,898.4,2.0,2.0,281.0,83.0,51.0,177.4,10.0,8.0,1.0,2.0,2.0,28,,Dominik,Szoboszlai,Szoboszlai,,,2332,4,3,8,36,0,0,1,6,1,0,26,238,,,,0.0,0.31,1.39,1.0,9.19,39,67,132
388,a,100.0,100.0,5.4,166,102.0,0,0.0,-1,1.0,0.1,451,155.0,46,0,1.9,350.0,151.0,1,269,1.2,247.0,111.0,0.2,8.5,0.0,28796,53,33356,94,2.2,1.7,1.38,2.27,3.65,18.75,0.1,0.17,0.27,1.42,220.6,243.0,104.0,311.9,85.0,64.0,150.0,179.0,100.0,68.1,163.0,85.0,,,,28,,Curtis,Jones,C.Jones,,,1189,0,2,3,21,0,0,0,1,0,0,11,129,,,,0.0,0.23,1.59,0.83,9.76,23,22,84
390,a,100.0,100.0,5.5,146,91.0,0,0.0,0,0.0,5.1,69,24.0,119,5,4.6,28.0,13.0,13,543,4.4,38.0,17.0,0.8,21.6,0.0,1974003,8086,1456986,2018,5.4,4.9,1.39,1.9,3.29,28.29,0.05,0.07,0.12,1.11,560.2,44.0,11.0,409.8,45.0,40.0,151.0,177.0,98.0,112.1,55.0,36.0,,,,28,,Ryan,Gravenberch,Gravenberch,,,2293,4,5,9,31,0,0,0,4,0,0,26,245,,,,0.0,0.35,1.22,1.02,9.62,45,90,110
392,i,0.0,0.0,4.9,294,184.0,0,0.0,-1,1.0,0.1,505,181.0,12,0,1.5,408.0,182.0,0,49,0.8,285.0,129.0,0.2,2.4,0.0,7358,3,15073,22,0.0,0.0,0.04,0.05,0.09,4.11,0.02,0.03,0.05,2.18,56.0,404.0,179.0,18.1,395.0,197.0,6.0,423.0,206.0,8.0,427.0,193.0,,,,28,,Endo,Wataru,Endo,Foot injury - Unknown return date,,170,0,1,1,5,0,0,0,1,0,0,1,23,,,,0.0,0.53,2.65,0.53,12.18,7,13,3
393,i,0.0,0.0,4.3,605,352.0,0,0.0,-2,2.0,0.0,633,248.0,0,0,0.0,652.0,246.0,0,0,0.0,557.0,188.0,0.0,0.0,0.0,6800,5,10077,6,0.0,0.0,0.0,0.0,0.0,0.0,0.0,0.0,0.0,0.0,0.0,642.0,237.0,0.0,638.0,242.0,0.0,615.0,231.0,0.0,644.0,239.0,,,,28,,Stefan,Bajčetić Maquieira,Bajcetic,Hamstring injury - Unknown return date,,0,0,0,0,0,0,0,0,0,0,0,0,0,,,,0.0,0.0,0.0,0.0,0.0,0,0,0
394,u,0.0,0.0,4.4,547,325.0,0,0.0,-1,1.0,0.0,677,274.0,0,0,0.0,672.0,259.0,0,0,0.0,585.0,204.0,0.0,0.0,0.0,1737,0,4092,0,0.0,0.0,0.0,0.0,0.0,0.0,0.0,0.0,0.0,0.0,0.0,663.0,251.0,0.0,659.0,256.0,0.0,637.0,245.0,0.0,665.0,253.0,,,,28,,James,McConnell,McConnell,has joined Ajax on loan for the rest of the season.,,0,0,0,0,0,0,0,0,0,0,0,0,0,,,,0.0,0.0,0.0,0.0,0.0,0,0,0
395,u,0.0,0.0,4.5,430,257.0,0,0.0,0,0.0,0.0,804,357.0,0,0,0.0,699.0,275.0,0,0,0.0,622.0,226.0,0.0,0.0,0.0,0,0,359,0,0.0,0.0,0.0,0.0,0.0,0.0,0.0,0.0,0.0,0.0,0.0,693.0,270.0,0.0,689.0,273.0,0.0,672.0,266.0,0.0,695.0,272.0,,,,28,,Tyler,Morton,Morton,Has joined Lyon permanently.,,0,0,0,0,0,0,0,0,0,0,0,0,0,,,,0.0,0.0,0.0,0.0,0.0,0,0,0
396,a,,,4.3,614,359.0,0,0.0,-2,2.0,0.3,308,105.0,3,1,1.0,464.0,203.0,0,3,0.2,363.0,164.0,0.0,0.7,0.0,97587,44,82438,91,1.2,0.7,0.37,0.0,0.37,0.0,5.55,0.0,5.55,0.0,2.2,484.0,224.0,10.3,417.0,206.0,4.0,428.0,211.0,1.5,471.0,215.0,,,,28,,Trey,Nyoni,Nyoni,,,6,0,0,0,0,0,0,0,0,0,0,0,2,,,,0.0,0.0,0.0,0.0,30.0,0,0,2
397,u,0.0,0.0,6.5,51,18.0,0,0.0,0,0.0,0.1,552,78.0,0,0,0.0,814.0,91.0,0,0,0.0,807.0,88.0,0.0,0.0,0.0,0,0,15944,5,0.0,0.0,0.0,0.0,0.0,0.0,0.0,0.0,0.0,0.0,0.0,814.0,91.0,0.0,814.0,91.0,0.0,814.0,91.0,0.0,814.0,91.0,,,,28,,Darwin,Núñez Ribeiro,Darwin,Has joined Al-Hilal permanently.,,0,0,0,0,0,0,0,0,0,0,0,0,0,,,,0.0,0.0,0.0,0.0,0.0,0,0,0
398,i,0.0,0.0,4.3,601,85.0,0,0.0,-2,2.0,0.1,470,68.0,0,0,0.0,650.0,66.0,0,0,0.0,554.0,54.0,0.0,0.0,0.0,9008,8,19588,12,0.0,0.0,0.0,0.0,0.0,0.0,0.0,0.0,0.0,0.0,0.0,640.0,66.0,0.0,635.0,65.0,0.0,612.0,65.0,0.0,642.0,66.0,,,,28,,Jayden,Danns,Danns,Hamstring injury - Unknown return date,,0,0,0,0,0,0,0,0,0,0,0,0,0,,,,0.0,0.0,0.0,0.0,0.0,0,0,0
499,i,0.0,0.0,10.3,4,2.0,0,0.0,-2,2.0,3.5,94,17.0,29,0,2.9,211.0,20.0,2,96,0.0,817.0,92.0,0.0,2.8,0.0,1797178,14,2413802,410,0.0,0.0,2.04,0.07,2.11,5.1,0.37,0.01,0.38,0.92,97.6,354.0,37.0,36.5,362.0,45.0,143.0,189.0,40.0,26.9,343.0,40.0,,,,28,,Alexander,Isak,Isak,Ankle injury - Expected back 11 Apr,,501,2,1,1,7,0,0,0,0,0,0,6,23,,,,0.0,0.18,1.26,1.08,4.13,6,6,11
661,a,100.0,100.0,9.0,7,3.0,1,-1.0,5,-5.0,28.0,13,4.0,121,15,4.8,22.0,4.0,22,418,6.8,6.0,2.0,0.8,13.4,0.0,7876526,72850,6666257,3211,7.8,7.3,9.5,1.99,11.49,25.09,0.51,0.11,0.62,1.35,517.2,60.0,5.0,268.0,109.0,5.0,711.0,5.0,4.0,148.6,24.0,5.0,,,,28,,Hugo,Ekitiké,Ekitiké,,,1674,11,4,7,22,0,0,0,0,0,0,19,76,,,,0.0,0.38,1.18,1.02,4.09,10,30,36
686,a,,,4.3,619,363.0,0,0.0,-2,2.0,0.8,208,73.0,15,1,1.5,401.0,177.0,0,70,0.4,330.0,153.0,0.1,3.5,0.0,250204,855,177566,668,1.4,0.9,0.48,0.77,1.25,3.22,0.42,0.67,1.09,2.81,67.2,391.0,173.0,84.3,284.0,165.0,60.0,306.0,166.0,21.3,360.0,172.0,,,,28,,Rio,Ngumoha,Ngumoha,,,103,1,0,0,3,0,0,0,0,0,0,0,6,,,,0.0,0.0,2.62,0.0,5.24,2,1,3
692,i,0.0,0.0,4.9,351,58.0,0,0.0,-1,1.0,0.0,714,248.0,0,0,0.0,781.0,262.0,0,0,0.0,740.0,254.0,0.0,0.0,0.0,1869,3,2514,4,0.0,0.0,0.0,0.0,0.0,0.0,0.0,0.0,0.0,0.0,0.0,781.0,262.0,0.0,777.0,262.0,0.0,773.0,262.0,0.0,781.0,262.0,,,,28,,Giovanni,Leoni,Leoni,Knee injury - Expected back 01 Sep,,0,0,0,0,0,0,0,0,0,0,0,0,0,,,,0.0,0.0,0.0,0.0,0.0,0,0,0
746,a,,,4.5,490,300.0,0,0.0,0,0.0,0.0,744,316.0,0,0,0.0,738.0,308.0,0,0,0.0,669.0,266.0,0.0,0.0,0.0,1008,4,797,5,1.0,0.5,0.0,0.0,0.0,0.0,0.0,0.0,0.0,0.0,0.0,737.0,307.0,0.0,731.0,307.0,0.0,718.0,303.0,0.0,737.0,307.0,,,,28,,Kieran,Morrison,Morrison,,,0,0,0,0,0,0,0,0,0,0,0,0,0,,,,0.0,0.0,0.0,0.0,0.0,0,0,0
760,a,,,4.0,708,186.0,0,0.0,0,0.0,0.0,694,241.0,0,0,0.0,611.0,227.0,0,0,0.0,493.0,193.0,0.0,0.0,0.0,1006,9,826,18,1.0,0.5,0.0,0.0,0.0,0.0,0.0,0.0,0.0,0.0,0.0,601.0,226.0,0.0,593.0,226.0,0.0,562.0,220.0,0.0,603.0,226.0,,,,28,,Wellity,Lucky,Lucky,,,0,0,0,0,0,0,0,0,0,0,0,0,0,,,,0.0,0.0,0.0,0.0,0.0,0,0,0
82,a,100.0,100.0,8.1,15,10.0,0,0.0,11,-11.0,53.8,2,1.0,165,8,6.1,3.0,1.0,17,529,7.0,5.0,2.0,0.9,20.4,0.0,11399931,40925,6092933,3282,7.5,7.5,9.46,2.28,11.74,39.12,0.35,0.08,0.43,1.45,749.8,7.0,2.0,461.6,33.0,31.0,822.0,3.0,1.0,203.6,3.0,2.0,,,,28,,Antoine,Semenyo,Semenyo,,,2426,14,6,8,44,0,0,1,6,0,0,27,198,,,,0.0,0.3,1.63,1.0,7.35,39,38,121
182,a,,,4.5,428,23.0,0,0.0,-5,5.0,0.9,199,24.0,11,0,3.7,95.0,9.0,0,62,0.0,620.0,90.0,0.0,2.4,0.0,99780,24,272434,111,0.5,0.5,0.0,0.0,0.0,3.97,0.0,0.0,0.0,1.32,100.2,351.0,26.0,0.0,687.0,86.0,0.0,670.0,76.0,10.1,412.0,27.0,,,,28,,James,Trafford,Trafford,,,270,0,0,1,4,0,0,0,0,0,11,3,41,,,,3.67,0.33,1.33,1.0,0.0,2,6,33
260,a,100.0,100.0,5.2,209,28.0,0,0.0,7,-7.0,36.7,6,2.0,132,6,5.1,10.0,3.0,9,502,4.2,48.0,15.0,0.8,25.4,0.0,5929742,12124,3018380,10814,4.7,4.7,2.86,2.05,4.91,34.0,0.11,0.08,0.19,1.31,657.0,16.0,6.0,193.4,164.0,39.0,314.0,72.0,5.0,116.5,48.0,6.0,,,,28,,Marc,Guéhi,Guéhi,,,2340,2,4,10,27,0,0,0,5,0,0,26,250,,,,0.0,0.38,1.04,1.0,8.27,37,178,107
399,u,0.0,0.0,5.3,186,5.0,0,0.0,-2,2.0,0.8,207,26.0,0,0,0.0,795.0,94.0,0,0,0.0,769.0,94.0,0.0,0.0,0.0,15200,0,272957,30,0.0,0.0,0.0,0.0,0.0,0.0,0.0,0.0,0.0,0.0,0.0,795.0,94.0,0.0,794.0,93.0,0.0,791.0,91.0,0.0,795.0,94.0,,,,28,,Ederson,Santana de Moraes,Ederson M.,has joined Fenerbache permanently.,,0,0,0,0,0,0,0,0,0,0,0,0,0,,,,0.0,0.0,0.0,0.0,0.0,0,0,0
401,a,100.0,100.0,3.8,787,93.0,0,0.0,-2,2.0,0.4,278,35.0,0,0,0.0,520.0,34.0,0,0,0.0,392.0,25.0,0.0,0.0,0.0,55396,531,32525,542,0.5,0.5,0.0,0.0,0.0,0.0,0.0,0.0,0.0,0.0,0.0,510.0,34.0,0.0,494.0,17.0,0.0,460.0,4.0,0.0,512.0,34.0,,,,28,,Marcus,Bettinelli,Bettinelli,,,0,0,0,0,0,0,0,0,0,0,0,0,0,,,,0.0,0.0,0.0,0.0,0.0,0,0,0
402,a,100.0,100.0,5.7,118,12.0,0,0.0,-3,3.0,3.9,86,30.0,39,11,3.5,127.0,46.0,7,146,5.2,18.0,6.0,0.9,6.8,0.0,550389,3409,2398263,291,5.7,5.7,0.36,1.19,1.55,8.42,0.05,0.17,0.22,1.18,122.0,325.0,124.0,87.7,274.0,87.0,46.0,326.0,106.0,25.5,346.0,118.0,,,,28,,Rayan,Aït-Nouri,Aït-Nouri,,,643,0,1,3,5,0,0,0,2,0,0,8,59,,,,0.0,0.42,0.7,1.12,7.14,24,27,27
403,i,0.0,0.0,5.9,101,7.0,0,0.0,-1,1.0,3.4,98,35.0,77,0,4.8,21.0,6.0,5,291,0.0,799.0,264.0,0.0,13.1,0.0,1374204,16,2178229,1077,0.0,0.0,2.19,0.64,2.83,15.29,0.15,0.04,0.19,1.06,354.6,137.0,61.0,104.7,246.0,70.0,193.0,131.0,24.0,65.3,180.0,60.0,,,,28,,Joško,Gvardiol,Gvardiol,Leg injury - Unknown return date,,1301,2,2,6,13,0,0,0,2,0,0,15,115,,,,0.0,0.42,0.9,1.04,6.85,17,82,48
404,u,0.0,0.0,5.4,167,19.0,0,0.0,-1,1.0,0.3,338,121.0,0,0,0.0,798.0,265.0,0,0,0.0,778.0,262.0,0.0,0.0,0.0,9281,0,85442,13,0.0,0.0,0.0,0.0,0.0,0.0,0.0,0.0,0.0,0.0,0.0,798.0,265.0,0.0,797.0,265.0,0.0,795.0,265.0,0.0,798.0,265.0,,,,28,,Manuel,Akanji,Akanji,has joined Inter Milan on loan for the rest of the season.,,0,0,0,0,0,0,0,0,0,0,0,0,0,,,,0.0,0.0,0.0,0.0,0.0,0,0,0
405,a,,,5.2,206,27.0,-1,1.0,-3,3.0,0.6,237,90.0,27,1,1.9,347.0,130.0,1,114,0.4,341.0,116.0,0.1,5.2,0.0,44668,36,85424,98,0.9,0.9,0.28,0.44,0.72,7.92,0.05,0.08,0.13,1.46,102.0,347.0,132.0,93.1,267.0,82.0,25.0,364.0,123.0,22.1,357.0,123.0,,,,28,,Nathan,Aké,Aké,,,487,0,0,2,7,0,0,0,1,0,0,4,41,,,,0.0,0.37,1.29,0.74,7.02,9,29,12
406,a,100.0,100.0,5.4,185,22.0,0,0.0,-1,1.0,0.4,291,108.0,32,0,2.5,281.0,108.0,0,157,1.6,206.0,75.0,0.3,5.9,0.0,53751,140,73205,313,2.1,2.1,0.3,0.1,0.4,11.39,0.03,0.01,0.04,1.31,152.2,296.0,114.0,34.1,366.0,130.0,4.0,435.0,159.0,19.1,371.0,129.0,,,,28,,Abdukodir,Khusanov,Khusanov,,,784,0,0,3,7,0,0,0,2,0,0,8,82,,,,0.0,0.34,0.8,0.92,8.38,21,52,39
407,a,100.0,100.0,5.4,175,21.0,0,0.0,-1,1.0,3.2,104,40.0,125,8,5.0,13.0,4.0,16,525,4.0,58.0,17.0,0.7,23.1,0.0,889972,2885,567813,2241,4.5,4.5,0.25,1.71,1.96,24.58,0.01,0.07,0.08,1.06,533.4,53.0,24.0,378.8,57.0,9.0,62.0,301.0,88.0,97.7,84.0,21.0,,,4.0,28,,Matheus,Nunes,Matheus N.,,,2084,1,7,9,20,0,0,0,4,0,0,23,193,,,,0.0,0.39,0.86,0.99,6.69,46,109,127
408,a,100.0,100.0,5.5,138,16.0,0,0.0,0,0.0,3.3,100,36.0,111,9,4.6,27.0,10.0,4,440,3.2,94.0,32.0,0.6,20.2,0.0,933743,935,1051371,575,3.7,3.7,0.56,0.53,1.09,23.31,0.03,0.02,0.05,1.07,528.0,55.0,26.0,120.1,223.0,57.0,96.0,242.0,64.0,74.5,140.0,47.0,,,,28,,Rúben,dos Santos Gato Alves Dias,Rúben,,,1959,2,0,12,18,0,0,0,3,0,0,22,184,,,,0.0,0.55,0.83,1.01,7.35,12,148,66
409,a,100.0,100.0,5.4,156,18.0,0,0.0,-1,1.0,0.6,245,93.0,12,0,1.7,383.0,143.0,0,45,0.0,772.0,261.0,0.0,2.2,0.0,50950,43,109629,52,0.5,0.5,0.0,0.06,0.06,5.05,0.0,0.02,0.02,1.29,76.6,379.0,145.0,19.6,393.0,142.0,2.0,453.0,166.0,9.8,414.0,148.0,,,,28,,John,Stones,Stones,,,351,0,0,1,8,0,0,0,0,0,0,4,34,,,,0.0,0.26,2.05,1.03,4.87,0,19,17
410,a,100.0,100.0,4.6,401,70.0,0,0.0,-4,4.0,1.2,175,66.0,19,0,1.9,343.0,129.0,2,75,0.0,691.0,246.0,0.0,4.1,0.0,368631,146,460669,237,0.5,0.5,0.11,1.31,1.42,5.04,0.03,0.38,0.41,1.46,67.4,389.0,149.0,97.3,258.0,77.0,43.0,331.0,108.0,20.7,363.0,125.0,,,,28,,Rico,Lewis,Lewis,,,311,0,1,1,5,0,0,0,1,0,0,3,23,,,,0.0,0.29,1.45,0.87,5.5,5,14,10
411,d,75.0,100.0,5.1,237,35.0,1,-1.0,1,-1.0,9.9,34,13.0,123,6,4.6,26.0,9.0,6,433,7.8,1.0,1.0,1.5,24.1,0.0,2638526,31844,1420039,3123,6.2,8.3,3.27,1.68,4.95,26.95,0.14,0.07,0.21,1.19,509.8,65.0,29.0,321.5,77.0,18.0,333.0,62.0,4.0,116.5,47.0,5.0,,,,28,,Nico,O'Reilly,O'Reilly,Ankle injury - 75% chance of playing,,2040,4,3,11,19,0,0,0,4,0,0,22,161,,,,0.0,0.49,0.84,0.97,6.13,60,79,80
412,u,0.0,0.0,5.0,283,42.0,0,0.0,0,0.0,0.0,779,261.0,0,0,0.0,794.0,264.0,0,0,0.0,756.0,256.0,0.0,0.0,0.0,0,0,851,0,0.0,0.0,0.0,0.0,0.0,0.0,0.0,0.0,0.0,0.0,0.0,794.0,264.0,0.0,792.0,264.0,0.0,788.0,264.0,0.0,794.0,264.0,,,,28,,Vitor,de Oliveira Nunes dos Reis,Vitor Reis,Has joined Girona on loan for the rest of the season.,,0,0,0,0,0,0,0,0,0,0,0,0,0,,,,0.0,0.0,0.0,0.0,0.0,0,0,0
413,a,100.0,100.0,8.3,12,7.0,0,0.0,-2,2.0,2.5,119,38.0,37,3,2.3,303.0,134.0,4,112,2.2,166.0,74.0,0.3,4.5,0.0,255770,1250,1259878,656,2.7,2.7,2.11,0.67,2.78,6.04,0.37,0.12,0.49,1.07,118.2,329.0,148.0,134.7,205.0,135.0,222.0,110.0,66.0,47.2,253.0,130.0,,4.0,2.0,28,,Omar,Marmoush,Marmoush,,,507,1,2,3,4,0,0,0,1,0,0,6,30,,,,0.0,0.53,0.71,1.07,5.33,11,6,13
414,a,100.0,100.0,8.1,14,9.0,0,0.0,1,-1.0,9.0,41,14.0,109,0,4.5,34.0,17.0,10,466,1.4,229.0,101.0,0.2,13.5,0.0,6161477,623,5409728,8758,1.9,1.9,5.29,3.59,8.88,20.99,0.28,0.19,0.47,1.1,486.6,69.0,20.0,724.6,5.0,5.0,421.0,34.0,18.0,163.0,14.0,10.0,2.0,3.0,,28,,Phil,Foden,Foden,,,1716,7,3,10,14,0,0,0,4,0,0,20,127,,,,0.0,0.52,0.73,1.05,6.66,26,21,80
415,a,100.0,100.0,6.9,40,23.0,0,0.0,-1,1.0,0.4,280,99.0,26,0,1.6,397.0,176.0,0,88,0.0,810.0,363.0,0.0,3.8,0.0,33782,57,113464,48,0.5,0.5,1.28,1.18,2.46,6.47,0.21,0.19,0.4,1.05,75.2,381.0,169.0,138.1,203.0,134.0,218.0,111.0,67.0,43.1,269.0,135.0,,,,28,,Sávio,Moreira de Oliveira,Savinho,,,553,0,2,2,5,0,0,0,2,0,0,5,46,,,,0.0,0.33,0.81,0.81,7.49,6,9,31
416,a,100.0,100.0,6.2,71,47.0,0,0.0,-3,3.0,0.6,241,84.0,70,3,2.5,283.0,121.0,1,363,3.2,96.0,42.0,0.5,11.3,0.0,91533,304,129694,310,3.7,3.7,1.24,2.83,4.07,26.57,0.05,0.12,0.17,1.15,340.6,148.0,51.0,517.5,24.0,23.0,142.0,190.0,106.0,100.1,80.0,49.0,1.0,,,28,,Bernardo,Mota Veiga de Carvalho e Silva,Bernardo,,,2078,1,4,9,21,0,0,0,8,0,0,24,186,,,,0.0,0.39,0.91,1.04,8.06,31,48,107
417,a,100.0,100.0,6.4,60,39.0,0,0.0,-1,1.0,7.9,49,17.0,94,3,4.1,54.0,26.0,12,402,2.8,127.0,55.0,0.4,14.7,0.0,2683072,2929,2702700,8441,3.3,3.3,2.17,6.11,8.28,16.11,0.16,0.46,0.62,1.22,400.2,110.0,36.0,620.3,13.0,13.0,333.0,63.0,36.0,135.6,27.0,21.0,3.0,2.0,,28,,Rayan,Cherki,Cherki,,,1186,3,8,6,11,0,0,0,1,0,0,13,111,,,,0.0,0.46,0.83,0.99,8.42,22,15,74
418,a,100.0,50.0,6.4,57,36.0,0,0.0,-1,1.0,2.3,128,42.0,72,0,3.6,115.0,54.0,9,305,0.0,804.0,359.0,0.0,11.2,0.0,2119699,75,2083707,714,0.5,0.2,1.81,4.25,6.06,15.61,0.14,0.32,0.46,1.19,302.0,185.0,74.0,557.2,19.0,19.0,380.0,50.0,30.0,123.8,39.0,29.0,,,3.0,28,,Jérémy,Doku,Doku,,,1179,1,7,5,13,0,0,0,0,0,0,13,79,,,,0.0,0.38,0.99,0.99,6.03,15,10,54
420,u,0.0,0.0,6.3,63,42.0,0,0.0,-2,2.0,0.1,558,204.0,0,0,0.0,811.0,362.0,0,0,0.0,801.0,357.0,0.0,0.0,0.0,1928,0,19860,1,0.0,0.0,0.0,0.0,0.0,0.0,0.0,0.0,0.0,0.0,0.0,811.0,362.0,0.0,811.0,362.0,0.0,811.0,362.0,0.0,811.0,362.0,,,,28,,İlkay,Gündoğan,Gündoğan,has joined Galatasaray permanently.,,0,0,0,0,0,0,0,0,0,0,0,0,0,,,,0.0,0.0,0.0,0.0,0.0,0,0,0
421,a,100.0,100.0,6.3,67,45.0,0,0.0,-2,2.0,0.5,263,91.0,44,3,2.8,233.0,97.0,3,240,3.8,66.0,31.0,0.6,7.0,0.0,60629,301,99879,144,4.3,4.3,0.39,1.37,1.76,14.58,0.03,0.12,0.15,1.23,238.6,228.0,100.0,293.7,90.0,67.0,50.0,320.0,168.0,58.3,205.0,103.0,,,,28,,Rodrigo 'Rodri',Hernandez Cascante,Rodrigo,,,1063,0,0,4,10,0,0,0,2,0,0,12,150,,,,0.0,0.34,0.85,1.02,12.7,33,44,73
422,i,0.0,0.0,5.8,104,67.0,0,0.0,-2,2.0,0.0,686,281.0,1,0,1.0,502.0,236.0,0,3,0.0,791.0,349.0,0.0,0.2,0.0,2427,2,3372,4,0.0,0.0,0.0,0.0,0.0,0.0,0.0,0.0,0.0,0.0,2.6,482.0,223.0,0.8,469.0,227.0,0.0,806.0,358.0,0.3,498.0,231.0,,,,28,,Mateo,Kovačić,Kovačić,Ankle injury - Unknown return date,,4,0,0,0,0,0,0,0,0,0,0,0,0,,,,0.0,0.0,0.0,0.0,0.0,0,0,0
423,a,100.0,100.0,5.9,98,63.0,0,0.0,-1,1.0,0.1,473,163.0,55,0,2.6,264.0,112.0,1,289,0.0,797.0,355.0,0.0,9.3,0.0,27704,23,30827,32,0.5,0.5,0.56,1.0,1.56,16.77,0.04,0.07,0.11,1.1,278.6,200.0,82.0,185.6,172.0,117.0,64.0,293.0,158.0,52.8,228.0,112.0,,,,28,,Nico,González Iglesias,N.Gonzalez,,,1370,1,0,7,14,0,0,0,6,0,0,15,182,,,,0.0,0.46,0.92,0.99,11.96,36,67,79
425,u,0.0,0.0,5.4,184,114.0,0,0.0,-1,1.0,0.0,740,313.0,0,0,0.0,804.0,356.0,0,0,0.0,786.0,346.0,0.0,0.0,0.0,194,0,3230,1,0.0,0.0,0.0,0.0,0.0,0.0,0.0,0.0,0.0,0.0,0.0,804.0,356.0,0.0,803.0,356.0,0.0,801.0,355.0,0.0,804.0,356.0,,,,28,,Claudio,Echeverri,Echeverri,has joined Girona on loan for the rest of the season.,,0,0,0,0,0,0,0,0,0,0,0,0,0,,,,0.0,0.0,0.0,0.0,0.0,0,0,0
427,a,,,5.0,259,158.0,0,0.0,-5,5.0,9.8,35,11.0,85,1,3.4,136.0,61.0,6,319,0.6,311.0,143.0,0.1,17.0,0.0,3548433,456,4912319,3606,1.1,1.1,3.92,2.12,6.04,17.26,0.24,0.13,0.37,1.05,329.6,159.0,57.0,318.5,80.0,59.0,387.0,46.0,28.0,102.7,72.0,47.0,4.0,,,28,,Tijjani,Reijnders,Reijnders,,,1473,5,2,7,16,0,0,0,2,0,0,17,91,,,,0.0,0.43,0.98,1.04,5.56,10,29,52
428,a,100.0,100.0,5.0,279,173.0,0,0.0,0,0.0,0.0,720,299.0,0,0,0.0,791.0,347.0,0,0,0.0,753.0,325.0,0.0,0.0,0.0,205,2,2563,5,0.5,0.5,0.0,0.0,0.0,0.0,0.0,0.0,0.0,0.0,0.0,791.0,347.0,0.0,789.0,347.0,0.0,785.0,345.0,0.0,791.0,347.0,,,,28,,Sverre,Nypan,Nypan,,,0,0,0,0,0,0,0,0,0,0,0,0,0,,,,0.0,0.0,0.0,0.0,0.0,0,0,0
429,u,0.0,0.0,4.7,378,237.0,0,0.0,-3,3.0,0.1,559,205.0,0,0,0.0,757.0,323.0,0,0,0.0,692.0,283.0,0.0,0.0,0.0,4052,0,8373,12,0.0,0.0,0.0,0.0,0.0,0.0,0.0,0.0,0.0,0.0,0.0,757.0,323.0,0.0,752.0,323.0,0.0,741.0,320.0,0.0,757.0,323.0,,,,28,,Kalvin,Phillips,Phillips,has joined Sheffield United on loan for the rest of the season.,,0,0,0,0,0,0,0,0,0,0,0,0,0,,,,0.0,0.0,0.0,0.0,0.0,0,0,0
430,d,75.0,100.0,14.8,1,1.0,0,0.0,8,-8.0,67.2,1,1.0,193,0,7.1,1.0,1.0,35,779,5.4,17.0,4.0,0.4,13.0,0.0,6836333,4225,2051483,34378,4.4,5.9,20.66,1.86,22.52,28.72,0.83,0.07,0.9,1.16,975.4,1.0,1.0,249.3,118.0,7.0,1160.0,1.0,1.0,238.6,1.0,1.0,,,1.0,28,,Erling,Haaland,Haaland,Knock - 75% chance of playing,,2233,22,7,10,24,0,0,1,1,0,0,26,80,,,,0.0,0.4,0.97,1.05,3.22,13,39,28
736,a,,,5.6,127,3.0,0,0.0,1,-1.0,9.2,40,7.0,101,5,4.0,64.0,4.0,3,439,4.4,40.0,4.0,0.8,18.0,0.0,2037349,6428,1244323,2506,4.9,4.9,0.0,0.0,0.0,27.92,0.0,0.0,0.0,1.12,521.8,58.0,13.0,0.0,807.0,94.0,0.0,805.0,93.0,52.4,229.0,14.0,,,,28,,Gianluigi,Donnarumma,Donnarumma,,,2250,0,0,11,21,0,1,0,6,0,62,25,55,,,,2.48,0.44,0.84,1.0,0.0,0,35,172
739,u,0.0,0.0,4.4,567,339.0,0,0.0,-1,1.0,0.0,681,278.0,2,0,1.0,470.0,209.0,0,5,0.0,602.0,216.0,0.0,0.5,0.0,3500,0,3193,6,0.0,0.0,0.0,0.21,0.21,0.34,0.0,0.76,0.76,1.22,4.2,473.0,216.0,28.3,377.0,192.0,4.0,429.0,212.0,3.7,452.0,205.0,,,,28,,Divine,Mukasa,Mukasa,has joined Leicester City on loan for the rest of the season.,,25,0,0,0,0,0,0,0,0,0,0,0,1,,,,0.0,0.0,0.0,0.0,3.6,0,0,1
740,u,0.0,0.0,3.9,778,228.0,0,0.0,-1,1.0,0.0,618,220.0,0,0,0.0,567.0,206.0,0,0,0.0,445.0,169.0,0.0,0.0,0.0,3208,0,3810,9,0.0,0.0,0.0,0.0,0.0,0.0,0.0,0.0,0.0,0.0,0.0,557.0,205.0,0.0,546.0,205.0,0.0,513.0,197.0,0.0,559.0,205.0,,,,28,,Stephen,Mfuni,Mfuni,has joined Watford on loan for the rest of the season.,,0,0,0,0,0,0,0,0,0,0,0,0,0,,,,0.0,0.0,0.0,0.0,0.0,0,0,0
742,a,,,4.5,502,309.0,0,0.0,0,0.0,0.0,732,307.0,0,0,0.0,746.0,314.0,0,0,0.0,678.0,273.0,0.0,0.0,0.0,1509,7,1269,11,0.5,0.5,0.0,0.0,0.0,0.0,0.0,0.0,0.0,0.0,0.0,746.0,314.0,0.0,740.0,314.0,0.0,727.0,310.0,0.0,746.0,314.0,,,,28,,Ryan,McAidoo,McAidoo,,,0,0,0,0,0,0,0,0,0,0,0,0,0,,,,0.0,0.0,0.0,0.0,0.0,0,0,0
763,a,,,4.5,457,274.0,0,0.0,0,0.0,0.0,785,343.0,0,0,0.0,715.0,290.0,0,0,0.0,640.0,242.0,0.0,0.0,0.0,399,4,274,4,0.5,0.5,0.0,0.0,0.0,0.0,0.0,0.0,0.0,0.0,0.0,710.0,286.0,0.0,706.0,288.0,0.0,690.0,281.0,0.0,711.0,287.0,,,,28,,Charlie,Gray,Gray,,,0,0,0,0,0,0,0,0,0,0,0,0,0,,,,0.0,0.0,0.0,0.0,0.0,0,0,0
764,a,,,4.5,484,295.0,0,0.0,0,0.0,0.0,796,351.0,0,0,0.0,732.0,303.0,0,0,0.0,663.0,261.0,0.0,0.0,0.0,216,2,148,2,0.5,0.5,0.0,0.0,0.0,0.0,0.0,0.0,0.0,0.0,0.0,731.0,302.0,0.0,725.0,302.0,0.0,712.0,298.0,0.0,731.0,302.0,,,,28,,Reigan,Heskey,Heskey,,,0,0,0,0,0,0,0,0,0,0,0,0,0,,,,0.0,0.0,0.0,0.0,0.0,0,0,0
794,d,75.0,75.0,4.0,693,177.0,-1,1.0,-5,5.0,0.0,745,256.0,5,0,2.5,268.0,103.0,0,27,0.0,480.0,186.0,0.0,1.2,0.0,5132,5,4455,18,0.4,0.4,0.26,0.06,0.32,1.54,0.17,0.04,0.21,1.03,34.0,423.0,158.0,14.8,401.0,146.0,26.0,360.0,121.0,7.5,431.0,155.0,,,,28,,Max,Alleyne,Alleyne,Knock - 75% chance of playing,,135,0,0,0,1,0,0,0,0,0,0,2,11,,,,0.0,0.0,0.67,1.33,7.33,3,8,4
119,a,100.0,100.0,8.7,9,5.0,0,0.0,7,-7.0,24.1,15,5.0,115,0,5.2,9.0,6.0,15,414,4.4,41.0,19.0,0.5,13.2,0.0,6970750,19695,5724526,4167,4.9,4.9,7.54,3.94,11.48,25.64,0.36,0.19,0.55,1.22,514.2,63.0,18.0,602.2,14.0,14.0,690.0,8.0,3.0,180.7,7.0,5.0,2.0,2.0,,28,,Bryan,Mbeumo,Mbeumo,,,1886,9,3,5,29,0,0,0,3,0,0,22,100,,,,0.0,0.24,1.38,1.05,4.77,16,14,70
431,a,,,4.7,387,18.0,0,0.0,-3,3.0,0.3,310,41.0,11,0,1.8,368.0,29.0,0,49,0.0,694.0,91.0,0.0,2.3,0.0,36787,42,62113,47,0.5,0.5,0.0,0.05,0.05,9.24,0.0,0.01,0.01,1.54,118.4,327.0,25.0,10.0,424.0,9.0,0.0,744.0,83.0,12.8,396.0,25.0,,,,28,,Altay,Bayındır,Bayindir,,,540,0,0,0,11,0,0,0,0,0,13,6,46,,,,2.17,0.0,1.83,1.0,0.0,0,7,39
432,u,0.0,0.0,4.9,303,11.0,0,0.0,-1,1.0,0.1,424,63.0,0,0,0.0,767.0,93.0,0,0,0.0,716.0,93.0,0.0,0.0,0.0,5156,0,26490,10,0.0,0.0,0.0,0.0,0.0,0.0,0.0,0.0,0.0,0.0,0.0,767.0,93.0,0.0,763.0,90.0,0.0,757.0,86.0,0.0,767.0,93.0,,,,28,,André,Onana,Onana,has joined Trabzonspor on loan for the rest of the season.,,0,0,0,0,0,0,0,0,0,0,0,0,0,,,,0.0,0.0,0.0,0.0,0.0,0,0,0
433,u,0.0,0.0,4.0,720,65.0,0,0.0,0,0.0,0.0,808,94.0,0,0,0.0,621.0,84.0,0,0,0.0,505.0,76.0,0.0,0.0,0.0,0,0,247,1,0.0,0.0,0.0,0.0,0.0,0.0,0.0,0.0,0.0,0.0,0.0,611.0,84.0,0.0,603.0,72.0,0.0,573.0,59.0,0.0,613.0,84.0,,,,28,,Elyh,Harrison,Harrison,On loan to Shrewsbury Town,,0,0,0,0,0,0,0,0,0,0,0,0,0,,,,0.0,0.0,0.0,0.0,0.0,0,0,0
434,a,,,3.9,738,66.0,0,0.0,-1,1.0,0.2,346,48.0,0,0,0.0,537.0,36.0,0,0,0.0,413.0,27.0,0.0,0.0,0.0,15518,12,24194,38,0.5,0.5,0.0,0.0,0.0,0.0,0.0,0.0,0.0,0.0,0.0,527.0,36.0,0.0,514.0,19.0,0.0,481.0,6.0,0.0,529.0,36.0,,,,28,,Tom,Heaton,Heaton,,,0,0,0,0,0,0,0,0,0,0,0,0,0,,,,0.0,0.0,0.0,0.0,0.0,0,0,0
435,a,,,3.9,761,81.0,0,0.0,-1,1.0,0.1,477,72.0,0,0,0.0,553.0,50.0,0,0,0.0,430.0,41.0,0.0,0.0,0.0,5387,9,8539,12,0.5,0.5,0.0,0.0,0.0,0.0,0.0,0.0,0.0,0.0,0.0,543.0,50.0,0.0,531.0,34.0,0.0,498.0,21.0,0.0,545.0,50.0,,,,28,,Dermot,Mee,Mee,,,0,0,0,0,0,0,0,0,0,0,0,0,0,,,,0.0,0.0,0.0,0.0,0.0,0,0,0
436,i,0.0,0.0,4.9,309,48.0,0,0.0,-1,1.0,1.8,142,55.0,43,0,3.3,148.0,56.0,5,169,0.0,718.0,251.0,0.0,8.8,0.0,419571,8,545740,295,0.0,0.0,1.38,0.83,2.21,18.73,0.11,0.06,0.17,1.44,276.6,201.0,80.0,60.2,323.0,108.0,122.0,218.0,56.0,45.7,259.0,85.0,,,,28,,Matthijs,de Ligt,De Ligt,Back injury - Unknown return date,,1170,1,0,1,20,0,0,0,0,0,0,13,139,,,,0.0,0.08,1.54,1.0,8.23,19,88,40
437,d,50.0,50.0,4.8,361,61.0,0,0.0,-2,2.0,0.8,205,78.0,39,0,2.8,221.0,89.0,3,165,2.0,175.0,63.0,0.4,8.1,0.0,169353,52,100044,3530,1.2,1.2,0.06,0.5,0.56,9.34,0.01,0.05,0.06,0.93,220.2,245.0,98.0,78.3,297.0,96.0,10.0,404.0,148.0,31.0,324.0,110.0,,,,28,,Lisandro,Martínez,Martinez,Calf injury - 50% chance of playing,,904,0,0,3,11,1,0,0,0,0,0,9,75,,,,0.0,0.3,1.1,0.9,7.47,12,63,52
438,a,100.0,100.0,4.9,318,52.0,0,0.0,-1,1.0,0.2,368,135.0,20,0,1.5,409.0,148.0,2,100,0.4,335.0,114.0,0.1,4.1,0.0,33523,92,53785,87,0.9,0.9,0.06,0.23,0.28,4.32,0.01,0.04,0.05,0.85,118.2,328.0,125.0,51.5,336.0,114.0,22.0,372.0,130.0,19.0,372.0,130.0,,,,28,,Noussair,Mazraoui,Mazraoui,,,460,0,0,1,6,0,0,0,2,0,0,6,63,,,,0.0,0.2,1.17,1.17,9.98,15,36,27
439,a,,,4.2,648,155.0,0,0.0,-3,3.0,0.1,568,204.0,0,0,0.0,642.0,249.0,0,0,0.0,538.0,225.0,0.0,0.0,0.0,3288,5,8516,9,0.5,0.5,0.0,0.0,0.0,0.0,0.0,0.0,0.0,0.0,0.0,633.0,249.0,0.0,627.0,248.0,0.0,602.0,247.0,0.0,635.0,249.0,,,,28,,Diego,León Blanco,D.Leon,,,0,0,0,0,0,0,0,0,0,0,0,0,0,,,,0.0,0.0,0.0,0.0,0.0,0,0,0
440,a,100.0,100.0,4.6,399,68.0,1,-1.0,1,-1.0,5.0,70,22.0,93,0,3.7,96.0,34.0,9,335,4.4,36.0,10.0,1.0,20.2,0.0,998452,6639,612023,1566,4.9,4.9,1.37,2.04,3.41,26.12,0.06,0.1,0.16,1.22,421.4,93.0,43.0,357.5,65.0,12.0,155.0,172.0,40.0,93.4,89.0,22.0,,,,28,,Diogo,Dalot Teixeira,Dalot,,,1930,1,6,6,30,0,0,0,4,0,0,22,153,,,,0.0,0.28,1.4,1.03,6.16,37,95,93
441,i,0.0,0.0,4.2,645,154.0,0,0.0,-3,3.0,3.7,90,33.0,74,0,3.4,132.0,48.0,8,261,0.0,535.0,224.0,0.0,17.6,0.0,1772103,156,2055475,6294,0.0,0.0,1.86,1.42,3.28,18.78,0.13,0.1,0.23,1.27,402.4,108.0,49.0,354.1,67.0,13.0,262.0,90.0,8.0,101.9,75.0,14.0,,,,28,,Patrick,Dorgu,Dorgu,Hamstring injury - Unknown return date,,1329,3,3,3,20,0,0,0,5,0,0,14,117,,,,0.0,0.2,1.35,0.95,6.43,47,48,72
442,a,100.0,100.0,4.4,520,101.0,1,-1.0,-1,1.0,1.8,145,57.0,59,0,4.2,49.0,21.0,3,187,3.4,77.0,22.0,0.8,13.4,0.0,280592,2163,162723,658,3.9,3.9,0.73,0.06,0.79,11.94,0.08,0.01,0.09,1.25,194.2,261.0,106.0,21.8,389.0,139.0,93.0,245.0,67.0,31.1,323.0,109.0,,,,28,,Harry,Maguire,Maguire,,,858,1,1,5,9,0,0,0,2,0,0,10,84,,,,0.0,0.52,0.94,1.05,7.66,9,64,30
443,a,,,4.5,410,74.0,0,0.0,0,0.0,0.8,209,79.0,68,0,2.5,273.0,106.0,0,299,3.0,100.0,36.0,0.7,15.1,0.0,170790,774,117146,330,3.5,3.5,0.51,1.46,1.96,30.71,0.02,0.06,0.08,1.17,386.4,116.0,52.0,262.1,113.0,31.0,57.0,309.0,93.0,70.6,155.0,52.0,,,,28,,Luke,Shaw,Shaw,,,2354,0,1,6,34,0,0,0,4,0,0,27,175,,,,0.0,0.23,1.3,1.03,5.51,53,91,79
444,a,,,4.1,657,160.0,0,0.0,-4,4.0,1.2,173,65.0,43,0,1.8,358.0,133.0,1,143,1.6,199.0,73.0,0.4,10.5,0.0,208184,298,303932,196,2.1,2.1,0.68,0.25,0.93,18.4,0.05,0.02,0.07,1.33,229.4,235.0,91.0,62.5,318.0,107.0,73.0,279.0,80.0,36.4,297.0,98.0,,,,28,,Leny,Yoro,Yoro,,,1246,0,1,2,24,0,0,0,0,0,0,13,129,,,,0.0,0.14,1.73,0.94,7.73,24,83,55
445,u,0.0,0.0,4.0,718,195.0,0,0.0,0,0.0,0.1,537,190.0,0,0,0.0,619.0,234.0,0,0,0.0,503.0,202.0,0.0,0.0,0.0,1160,0,14442,6,0.0,0.0,0.0,0.0,0.0,0.0,0.0,0.0,0.0,0.0,0.0,609.0,233.0,0.0,601.0,233.0,0.0,571.0,228.0,0.0,611.0,233.0,,,,28,,Harry,Amass,Amass,has joined Norwich City on loan for the rest of the season.,,0,0,0,0,0,0,0,0,0,0,0,0,0,,,,0.0,0.0,0.0,0.0,0.0,0,0,0
446,a,,,3.8,806,254.0,0,0.0,-2,2.0,0.1,433,161.0,1,0,1.0,448.0,162.0,0,4,0.0,406.0,155.0,0.0,0.3,0.0,10408,8,14648,28,0.5,0.5,0.0,0.0,0.0,0.3,0.0,0.0,0.0,13.5,4.0,474.0,170.0,0.0,507.0,193.0,0.0,473.0,184.0,0.4,488.0,171.0,,,,28,,Tyler,Fredricson,Fredricson,,,2,0,0,0,0,0,0,0,0,0,0,0,2,,,,0.0,0.0,0.0,0.0,90.0,0,2,0
447,a,100.0,100.0,3.7,818,265.0,0,0.0,-3,3.0,2.2,130,49.0,27,0,2.2,304.0,113.0,0,110,0.2,348.0,118.0,0.1,7.3,0.0,432013,2688,346975,1370,0.7,0.7,0.34,0.17,0.51,7.95,0.05,0.02,0.07,1.12,175.6,276.0,110.0,27.2,380.0,136.0,26.0,359.0,120.0,22.9,355.0,122.0,,,,28,,Ayden,Heaven,Heaven,,,637,0,1,1,12,1,0,0,1,0,0,8,72,,,,0.0,0.14,1.7,1.13,10.03,16,55,29
448,a,,,3.8,789,237.0,0,0.0,-2,2.0,0.4,284,103.0,1,0,1.0,446.0,160.0,0,3,0.0,393.0,142.0,0.0,0.3,0.0,53479,20,57182,87,0.5,0.5,0.0,0.0,0.0,0.3,0.0,0.0,0.0,13.5,3.0,480.0,171.0,0.0,495.0,181.0,0.0,461.0,172.0,0.3,493.0,173.0,,,,28,,Tyrell,Malacia,Malacia,,,2,0,0,0,0,0,0,0,0,0,0,0,2,,,,0.0,0.0,0.0,0.0,90.0,1,1,0
449,a,100.0,100.0,9.9,5,3.0,0,0.0,9,-9.0,37.6,5,2.0,145,0,6.0,5.0,3.0,25,635,4.8,26.0,11.0,0.5,14.6,0.0,7442279,14855,5428204,6608,5.3,5.3,8.19,6.75,14.94,28.58,0.36,0.29,0.65,1.24,812.4,4.0,1.0,1135.0,1.0,1.0,394.0,42.0,25.0,234.4,2.0,1.0,1.0,1.0,1.0,28,,Bruno,Borges Fernandes,B.Fernandes,,,2075,6,12,4,33,0,0,2,3,0,0,24,212,,,,0.0,0.17,1.43,1.04,9.2,39,53,120
450,a,100.0,100.0,8.0,17,12.0,0,0.0,0,0.0,7.9,47,16.0,96,0,4.0,71.0,34.0,10,380,3.4,84.0,39.0,0.4,12.0,0.0,3019155,4812,3053552,4849,3.9,3.9,5.28,2.31,7.59,22.57,0.28,0.12,0.4,1.18,446.8,80.0,26.0,358.9,63.0,50.0,515.0,23.0,11.0,132.2,31.0,22.0,,,,28,,Matheus,Santos Carneiro da Cunha,Cunha,,,1717,6,2,6,23,0,0,0,1,0,0,20,143,,,,0.0,0.31,1.21,1.05,7.5,27,29,87
451,u,0.0,0.0,7.0,35,20.0,0,0.0,0,0.0,0.0,702,291.0,0,0,0.0,817.0,365.0,0,0,0.0,811.0,364.0,0.0,0.0,0.0,0,0,2119,0,0.0,0.0,0.0,0.0,0.0,0.0,0.0,0.0,0.0,0.0,0.0,817.0,365.0,0.0,817.0,365.0,0.0,817.0,365.0,0.0,817.0,365.0,,,,28,,Marcus,Rashford,Rashford,Has joined Barcelona on loan for the rest of the season,,0,0,0,0,0,0,0,0,0,0,0,0,0,,,,0.0,0.0,0.0,0.0,0.0,0,0,0
452,a,100.0,100.0,6.2,77,51.0,0,0.0,-3,3.0,1.7,149,49.0,68,0,3.2,166.0,72.0,6,356,1.4,228.0,100.0,0.2,11.0,0.0,424313,1099,563114,1542,1.9,1.9,4.12,3.25,7.37,20.78,0.22,0.17,0.39,1.1,349.2,142.0,48.0,482.4,30.0,28.0,409.0,39.0,22.0,124.2,38.0,28.0,,,,28,,Amad,Diallo,Amad,,,1707,2,4,4,23,0,0,0,2,0,0,20,149,,,,0.0,0.21,1.21,1.05,7.86,31,37,81
454,u,0.0,0.0,5.9,99,64.0,0,0.0,-1,1.0,0.1,564,207.0,0,0,0.0,810.0,361.0,0,0,0.0,798.0,356.0,0.0,0.0,0.0,1511,0,10702,1,0.0,0.0,0.0,0.0,0.0,0.0,0.0,0.0,0.0,0.0,0.0,810.0,361.0,0.0,810.0,361.0,0.0,809.0,361.0,0.0,810.0,361.0,,,,28,,Antony,dos Santos,Antony,has joined Real Betis permanently.,,0,0,0,0,0,0,0,0,0,0,0,0,0,,,,0.0,0.0,0.0,0.0,0.0,0,0,0
455,d,25.0,25.0,5.9,94,60.0,0,0.0,-1,1.0,0.3,326,108.0,46,0,2.7,247.0,101.0,3,164,0.0,794.0,352.0,0.0,7.8,0.0,183700,1,197459,125,0.1,0.1,1.54,1.4,2.94,10.3,0.17,0.16,0.33,1.14,162.4,291.0,128.0,198.5,161.0,112.0,158.0,165.0,92.0,51.9,232.0,115.0,,,,28,,Mason,Mount,Mount,Knock - 25% chance of playing,,812,3,0,3,14,0,0,0,0,0,0,10,62,,,,0.0,0.33,1.55,1.11,6.87,14,7,41
457,a,100.0,100.0,5.6,122,76.0,0,0.0,1,-1.0,2.5,121,39.0,115,0,4.6,29.0,14.0,14,434,4.6,31.0,15.0,0.8,20.5,0.0,621604,2883,359931,2218,5.1,5.1,4.12,2.5,6.62,19.51,0.2,0.12,0.32,0.97,564.2,42.0,10.0,382.5,55.0,46.0,366.0,53.0,32.0,131.5,32.0,23.0,,,,28,,Carlos Henrique,Casimiro,Casemiro,,,1814,5,4,8,20,0,0,0,6,1,0,24,237,,,,0.0,0.4,0.99,1.19,11.76,60,80,97
458,a,100.0,100.0,4.6,402,248.0,0,0.0,-4,4.0,1.4,164,55.0,35,0,1.9,344.0,148.0,0,157,3.0,105.0,44.0,0.7,7.6,0.0,207472,1607,129316,1113,3.5,3.5,0.17,0.6,0.77,10.04,0.02,0.07,0.09,1.18,177.4,273.0,117.0,211.3,150.0,103.0,41.0,334.0,174.0,43.0,270.0,136.0,,,,28,,Kobbie,Mainoo,Mainoo,,,768,0,2,3,12,0,0,0,0,0,0,6,81,,,,0.0,0.35,1.41,0.7,9.49,18,24,39
459,a,,,4.7,385,240.0,0,0.0,-3,3.0,0.1,414,140.0,31,0,1.7,380.0,164.0,0,155,0.4,333.0,156.0,0.1,6.6,0.0,29566,52,37656,71,0.9,0.9,0.31,0.15,0.46,14.56,0.04,0.02,0.06,1.75,129.6,318.0,145.0,63.3,317.0,178.0,32.0,350.0,181.0,22.3,356.0,170.0,,,,28,,Manuel,Ugarte Ribeiro,Ugarte,,,748,0,0,1,20,0,0,0,1,0,0,7,122,,,,0.0,0.12,2.41,0.84,14.68,41,34,47
460,u,0.0,0.0,4.5,445,266.0,0,0.0,0,0.0,0.0,659,265.0,0,0,0.0,708.0,283.0,0,0,0.0,631.0,234.0,0.0,0.0,0.0,505,0,9607,3,0.0,0.0,0.0,0.0,0.0,0.0,0.0,0.0,0.0,0.0,0.0,702.0,278.0,0.0,699.0,281.0,0.0,683.0,274.0,0.0,704.0,280.0,,,,28,,Toby,Collyer,Collyer,has joined Hull City on loan for the rest of the season.,,0,0,0,0,0,0,0,0,0,0,0,0,0,,,,0.0,0.0,0.0,0.0,0.0,0,0,0
461,a,,,4.3,611,357.0,0,0.0,-2,2.0,0.0,603,230.0,0,0,0.0,656.0,250.0,0,0,0.0,562.0,193.0,0.0,0.0,0.0,3291,20,4812,14,0.5,0.5,0.0,0.0,0.0,0.0,0.0,0.0,0.0,0.0,0.0,646.0,241.0,0.0,642.0,246.0,0.0,619.0,235.0,0.0,648.0,243.0,,,,28,,Jayce,Fitzgerald,Fitzgerald,,,0,0,0,0,0,0,0,0,0,0,0,0,0,,,,0.0,0.0,0.0,0.0,0.0,0,0,0
462,a,,,4.3,608,354.0,0,0.0,-2,2.0,0.1,503,180.0,3,0,1.0,462.0,202.0,0,10,0.0,559.0,190.0,0.0,0.7,0.0,14807,20,12690,38,0.5,0.5,0.03,0.02,0.05,1.86,0.03,0.02,0.05,1.56,18.6,447.0,198.0,24.4,384.0,195.0,5.0,426.0,209.0,4.8,448.0,201.0,,,,28,,Jack,Fletcher,J.Fletcher,,,107,0,0,0,0,0,0,0,0,0,0,0,11,,,,0.0,0.0,0.0,0.0,9.25,5,2,4
463,u,0.0,0.0,4.3,620,364.0,0,0.0,-2,2.0,0.1,513,184.0,0,0,0.0,661.0,254.0,0,0,0.0,568.0,197.0,0.0,0.0,0.0,9069,0,13151,23,0.0,0.0,0.0,0.0,0.0,0.0,0.0,0.0,0.0,0.0,0.0,651.0,245.0,0.0,647.0,250.0,0.0,624.0,239.0,0.0,653.0,247.0,,,,28,,Sékou,Koné,Kone,has joined Lausanne-Sport on loan for the rest of the season.,,0,0,0,0,0,0,0,0,0,0,0,0,0,,,,0.0,0.0,0.0,0.0,0.0,0,0,0
464,u,0.0,0.0,4.5,471,286.0,0,0.0,0,0.0,0.0,689,283.0,0,0,0.0,724.0,298.0,0,0,0.0,651.0,252.0,0.0,0.0,0.0,723,0,2850,1,0.0,0.0,0.0,0.0,0.0,0.0,0.0,0.0,0.0,0.0,0.0,721.0,296.0,0.0,716.0,297.0,0.0,701.0,291.0,0.0,722.0,297.0,,,,28,,Jack,Moorhouse,Moorhouse,has joined Leyton Orient on loan for the rest of the season.,,0,0,0,0,0,0,0,0,0,0,0,0,0,,,,0.0,0.0,0.0,0.0,0.0,0,0,0
465,u,0.0,0.0,6.3,70,22.0,0,0.0,-2,2.0,0.3,339,56.0,0,0,0.0,812.0,90.0,0,0,0.0,803.0,87.0,0.0,0.0,0.0,5437,0,56609,10,0.0,0.0,0.0,0.0,0.0,0.0,0.0,0.0,0.0,0.0,0.0,812.0,90.0,0.0,812.0,90.0,0.0,812.0,90.0,0.0,812.0,90.0,,,,28,,Rasmus,Højlund,Højlund,has joined Napoli on loan for the rest of the season.,,0,0,0,0,0,0,0,0,0,0,0,0,0,,,,0.0,0.0,0.0,0.0,0.0,0,0,0
466,a,100.0,100.0,5.8,108,31.0,0,0.0,-2,2.0,0.4,273,44.0,35,0,2.2,316.0,35.0,6,117,0.4,345.0,47.0,0.1,6.0,0.0,107639,86,128254,135,0.9,0.9,1.86,0.29,2.15,6.99,0.34,0.05,0.39,1.28,141.2,306.0,29.0,131.2,209.0,20.0,172.0,154.0,37.0,44.1,263.0,30.0,,,,28,,Joshua,Zirkzee,Zirkzee,,,492,2,1,1,7,0,0,0,1,0,0,4,36,,,,0.0,0.18,1.28,0.73,6.59,8,11,17
467,a,,,4.2,644,90.0,0,0.0,-3,3.0,1.6,154,24.0,0,0,0.0,640.0,64.0,0,0,0.0,534.0,51.0,0.0,0.0,0.0,271394,132,360751,684,0.5,0.5,0.0,0.0,0.0,0.0,0.0,0.0,0.0,0.0,0.0,631.0,64.0,0.0,625.0,63.0,0.0,600.0,63.0,0.0,633.0,64.0,,,,28,,Chido,Obi,Obi,,,0,0,0,0,0,0,0,0,0,0,0,0,0,,,,0.0,0.0,0.0,0.0,0.0,0,0,0
468,u,0.0,0.0,4.5,478,68.0,0,0.0,0,0.0,0.1,508,71.0,0,0,0.0,729.0,77.0,0,0,0.0,657.0,66.0,0.0,0.0,0.0,4530,0,14771,9,0.0,0.0,0.0,0.0,0.0,0.0,0.0,0.0,0.0,0.0,0.0,727.0,77.0,0.0,722.0,76.0,0.0,708.0,76.0,0.0,728.0,77.0,,,,28,,Ethan,Wheatley,Wheatley,has joined Bradford City on loan for the rest of the season.,,0,0,0,0,0,0,0,0,0,0,0,0,0,,,,0.0,0.0,0.0,0.0,0.0,0,0,0
681,a,100.0,100.0,7.3,28,11.0,1,-1.0,-2,2.0,4.2,83,15.0,79,0,3.6,116.0,10.0,15,262,4.6,34.0,7.0,0.6,10.8,0.0,826153,7797,1369483,1186,5.1,5.1,6.27,0.2,6.47,17.86,0.5,0.02,0.52,1.42,331.8,155.0,15.0,126.8,217.0,21.0,586.0,19.0,11.0,103.8,71.0,13.0,,,,28,,Benjamin,Sesko,Šeško,,,1131,7,2,1,23,0,0,0,1,0,0,11,51,,,,0.0,0.08,1.83,0.88,4.06,5,19,27
733,a,,,5.0,262,9.0,0,0.0,0,0.0,2.4,125,17.0,68,0,3.2,157.0,16.0,6,260,3.8,61.0,7.0,0.8,13.6,0.0,504499,3967,284537,758,4.3,4.3,0.0,0.0,0.0,23.41,0.0,0.0,0.0,1.11,393.6,111.0,18.0,0.0,782.0,91.0,2.0,451.0,2.0,39.6,285.0,18.0,,,,28,,Senne,Lammens,Lammens,,,1890,0,0,5,26,0,0,0,0,0,48,21,43,,,,2.29,0.24,1.24,1.0,0.0,1,21,147
755,a,100.0,100.0,4.5,481,293.0,0,0.0,0,0.0,0.0,721,300.0,2,0,1.0,480.0,217.0,0,8,0.0,660.0,259.0,0.0,0.4,0.0,3308,13,2317,16,0.5,0.5,0.07,0.0,0.07,0.11,0.52,0.0,0.52,0.82,4.0,475.0,217.0,1.5,459.0,221.0,11.0,398.0,198.0,1.5,472.0,216.0,,,,28,,Shea,Lacey,Lacey,,,12,0,0,0,0,0,0,0,0,0,0,0,1,,,,0.0,0.0,0.0,0.0,7.5,1,0,0
769,a,,,4.5,480,292.0,0,0.0,0,0.0,0.0,784,342.0,1,0,1.0,479.0,216.0,0,3,0.0,659.0,258.0,0.0,0.2,0.0,426,4,272,4,0.5,0.5,0.0,0.01,0.01,0.05,0.0,0.06,0.06,0.3,2.2,485.0,225.0,11.7,411.0,204.0,0.0,710.0,297.0,1.4,474.0,218.0,,,,28,,Bendito,Mantato,Bendito Mantato,,,15,0,0,0,0,0,0,0,0,0,0,0,0,,,,0.0,0.0,0.0,0.0,0.0,0,0,0
771,a,,,4.4,551,329.0,0,0.0,-1,1.0,0.0,729,305.0,1,0,1.0,467.0,206.0,0,3,0.2,365.0,165.0,0.0,0.2,0.0,1993,20,1001,19,0.7,0.7,0.0,0.01,0.01,0.02,0.0,0.9,0.9,1.8,0.4,501.0,230.0,1.0,466.0,224.0,0.0,641.0,249.0,0.1,505.0,232.0,,,,28,,Tyler,Fletcher,Fletcher,,,1,0,0,0,0,0,0,0,0,0,0,0,0,,,,0.0,0.0,0.0,0.0,0.0,0,0,0
788,a,,,4.0,717,194.0,0,0.0,0,0.0,0.0,746,257.0,0,0,0.0,618.0,233.0,0,0,0.0,502.0,201.0,0.0,0.0,0.0,396,1,292,2,0.5,0.5,0.0,0.0,0.0,0.0,0.0,0.0,0.0,0.0,0.0,608.0,232.0,0.0,600.0,232.0,0.0,570.0,227.0,0.0,610.0,232.0,,,,28,,Godwill,Kukonki,Kukonki,,,0,0,0,0,0,0,0,0,0,0,0,0,0,,,,0.0,0.0,0.0,0.0,0.0,0,0,0
52,a,100.0,75.0,5.3,192,120.0,0,0.0,-2,2.0,0.2,359,120.0,36,6,2.0,337.0,147.0,1,171,4.2,49.0,22.0,0.8,6.8,0.0,26639,151,74985,113,3.7,3.2,0.94,0.84,1.78,15.9,0.1,0.09,0.19,1.69,179.6,271.0,115.0,192.4,165.0,114.0,122.0,219.0,120.0,49.4,246.0,126.0,,,,28,,Jacob,Ramsey,J.Ramsey,,,849,2,1,0,21,0,0,0,3,0,0,8,86,,,,0.0,0.0,2.23,0.85,9.12,21,13,52
469,a,100.0,100.0,5.1,223,6.0,0,0.0,1,-1.0,4.6,79,15.0,82,1,3.7,100.0,12.0,3,335,1.6,204.0,15.0,0.3,16.1,0.0,1497742,237,1528906,1378,1.1,1.6,0.16,0.0,0.16,27.01,0.01,0.0,0.01,1.24,502.0,66.0,14.0,0.0,793.0,92.0,35.0,345.0,1.0,53.7,223.0,12.0,,,,28,,Nick,Pope,Pope,,,1966,0,1,7,32,0,0,0,1,0,67,22,121,,,,3.07,0.32,1.46,1.01,0.0,1,32,203
471,a,,,3.9,743,71.0,0,0.0,-1,1.0,0.1,436,65.0,0,0,0.0,541.0,40.0,0,0,0.0,417.0,31.0,0.0,0.0,0.0,6603,15,10375,11,-0.5,0.0,0.0,0.0,0.0,0.0,0.0,0.0,0.0,0.0,0.0,531.0,40.0,0.0,519.0,24.0,0.0,486.0,11.0,0.0,533.0,40.0,,,,28,,Mark,Gillespie,Gillespie,,,0,0,0,0,0,0,0,0,0,0,0,0,0,,,,0.0,0.0,0.0,0.0,0.0,0,0,0
472,u,0.0,0.0,4.0,665,44.0,0,0.0,0,0.0,0.0,716,83.0,0,0,0.0,576.0,64.0,0,0,0.0,454.0,55.0,0.0,0.0,0.0,0,0,2464,3,0.0,0.0,0.0,0.0,0.0,0.0,0.0,0.0,0.0,0.0,0.0,566.0,64.0,0.0,557.0,51.0,0.0,525.0,38.0,0.0,568.0,64.0,,,,28,,Odysseas,Vlachodimos,Odysseas,Has joined Sevilla on loan for the rest of the season.,,0,0,0,0,0,0,0,0,0,0,0,0,0,,,,0.0,0.0,0.0,0.0,0.0,0,0,0
473,a,100.0,100.0,5.3,200,24.0,0,0.0,-2,2.0,2.5,117,47.0,64,1,3.0,196.0,76.0,4,257,2.4,147.0,50.0,0.5,12.1,0.0,610667,1329,535523,2390,1.9,2.4,0.68,1.88,2.56,23.29,0.04,0.11,0.15,1.42,417.6,97.0,44.0,266.2,111.0,29.0,123.0,217.0,55.0,80.7,124.0,39.0,2.0,4.0,,28,,Lewis,Hall,Hall,,,1479,1,2,3,29,0,0,0,2,0,0,16,140,,,,0.0,0.18,1.76,0.97,8.03,44,88,95
474,i,0.0,0.0,5.2,205,26.0,0,0.0,-3,3.0,1.2,178,67.0,51,0,3.2,159.0,61.0,0,186,0.0,763.0,260.0,0.0,9.8,0.0,296810,6,491186,354,0.0,0.0,0.97,0.6,1.57,13.85,0.08,0.05,0.13,1.14,291.2,187.0,76.0,63.6,315.0,105.0,108.0,229.0,59.0,46.4,256.0,83.0,,1.0,,28,,Fabian,Schär,Schär,Ankle injury - Expected back 18 Apr,,1089,0,0,4,13,0,0,0,1,0,0,11,133,,,,0.0,0.33,1.07,0.91,9.5,14,101,42
475,a,100.0,100.0,4.9,314,49.0,0,0.0,-1,1.0,0.4,287,105.0,53,0,3.5,121.0,43.0,4,206,1.8,191.0,69.0,0.4,10.8,0.0,76578,91,101904,111,1.3,1.8,1.28,0.28,1.56,14.57,0.11,0.02,0.13,1.24,325.8,163.0,69.0,49.7,339.0,116.0,132.0,204.0,50.0,50.8,238.0,79.0,,,,28,,Sven,Botman,Botman,,,1060,1,1,4,17,1,0,0,1,0,0,12,134,,,,0.0,0.34,1.44,1.02,8.92,9,96,61
476,a,100.0,100.0,5.0,244,37.0,0,0.0,0,0.0,3.3,101,37.0,72,0,3.6,110.0,38.0,5,201,1.0,261.0,94.0,0.2,14.4,0.0,1500708,628,1656385,839,0.5,1.0,0.19,0.32,0.51,20.13,0.01,0.02,0.03,1.12,350.0,141.0,62.0,87.3,275.0,88.0,74.0,278.0,79.0,51.2,236.0,77.0,,,,28,,Dan,Burn,Burn,,,1618,0,3,6,27,0,0,0,7,1,0,19,198,,,,0.0,0.33,1.5,1.06,9.01,29,133,56
477,i,0.0,0.0,4.9,330,54.0,0,0.0,-1,1.0,1.9,141,54.0,49,0,3.8,85.0,30.0,3,218,0.0,728.0,252.0,0.0,10.0,0.0,1089576,4,1376150,281,0.0,0.0,0.12,0.57,0.69,11.0,0.01,0.05,0.06,0.94,190.8,263.0,108.0,178.1,178.0,44.0,36.0,343.0,113.0,40.5,280.0,93.0,,,,28,,Tino,Livramento,Livramento,Hamstring injury - Expected back 14 Mar,,1048,0,1,5,10,0,0,0,1,0,0,11,86,,,,0.0,0.43,0.86,0.94,4.98,19,39,68
478,a,100.0,100.0,4.9,287,43.0,0,0.0,-1,1.0,1.4,166,64.0,42,1,2.6,257.0,100.0,2,179,1.0,259.0,93.0,0.2,8.6,0.0,245818,231,372307,245,0.5,1.0,0.08,1.8,1.88,17.04,0.01,0.12,0.13,1.18,218.8,246.0,99.0,413.9,42.0,3.0,10.0,405.0,149.0,64.2,187.0,62.0,4.0,2.0,,28,,Kieran,Trippier,Trippier,,,1302,0,0,5,23,0,0,0,2,0,0,15,89,,,,0.0,0.35,1.59,1.04,4.15,18,42,62
479,i,0.0,0.0,4.3,576,124.0,0,0.0,-2,2.0,0.0,621,221.0,0,0,0.0,643.0,250.0,0,-8,0.0,540.0,227.0,0.0,0.0,0.0,1536,0,5139,7,0.0,0.0,0.0,0.0,0.0,0.25,0.0,0.0,0.0,0.5,1.4,489.0,174.0,1.2,462.0,168.0,0.0,604.0,248.0,0.3,494.0,174.0,,,,28,,Emil,Krafth,Krafth,Knee injury - Unknown return date,,45,0,0,0,2,0,0,0,0,0,0,1,1,,,,0.0,0.0,4.0,2.0,2.0,0,1,0
480,u,0.0,0.0,4.3,574,122.0,0,0.0,-2,2.0,0.0,588,209.0,1,0,0.5,513.0,178.0,0,0,0.0,539.0,226.0,0.0,0.2,0.0,2754,0,8992,3,0.0,0.0,0.04,0.0,0.04,0.55,0.19,0.0,0.19,2.61,10.2,457.0,167.0,0.0,628.0,249.0,7.0,417.0,157.0,1.7,467.0,167.0,,,,28,,Jamaal,Lascelles,Lascelles,has joined Leicester City permanently.,,19,0,0,0,2,0,0,0,0,0,0,0,5,,,,0.0,0.0,9.47,0.0,23.68,0,5,0
481,a,,,3.8,805,253.0,0,0.0,-2,2.0,0.7,217,82.0,1,0,1.0,447.0,161.0,0,-1,0.2,350.0,120.0,0.1,0.3,0.0,77367,181,100217,163,-0.3,0.2,0.0,0.0,0.0,0.27,0.0,0.0,0.0,24.3,2.2,483.0,172.0,0.0,506.0,192.0,0.0,472.0,183.0,0.2,499.0,175.0,,,,28,,Alex,Murphy,A.Murphy,,,1,0,0,0,1,0,0,0,0,0,0,0,1,,,,0.0,0.0,90.0,0.0,90.0,0,1,0
482,u,0.0,0.0,3.9,758,220.0,0,0.0,-1,1.0,0.1,456,167.0,0,0,0.0,551.0,201.0,0,0,0.0,428.0,163.0,0.0,0.0,0.0,8541,0,16826,21,0.0,0.0,0.0,0.0,0.0,0.0,0.0,0.0,0.0,0.0,0.0,541.0,200.0,0.0,529.0,200.0,0.0,496.0,192.0,0.0,543.0,200.0,,,,28,,Harrison,Ashby,Ashby,has joined Bradford City on loan for the rest of the season.,,0,0,0,0,0,0,0,0,0,0,0,0,0,,,,0.0,0.0,0.0,0.0,0.0,0,0,0
484,u,0.0,0.0,4.0,669,165.0,0,0.0,0,0.0,0.1,425,157.0,0,0,0.0,579.0,212.0,0,0,0.0,457.0,175.0,0.0,0.0,0.0,3759,0,45187,10,0.0,0.0,0.0,0.0,0.0,0.0,0.0,0.0,0.0,0.0,0.0,569.0,211.0,0.0,560.0,211.0,0.0,529.0,205.0,0.0,571.0,211.0,,,,28,,Matt,Targett,Targett,has joined Middlesbrough on loan for the rest of the season.,,0,0,0,0,0,0,0,0,0,0,0,0,0,,,,0.0,0.0,0.0,0.0,0.0,0,0,0
485,a,100.0,100.0,7.2,32,19.0,0,0.0,-3,3.0,2.8,112,35.0,70,2,3.2,167.0,73.0,4,252,3.0,112.0,50.0,0.4,9.7,0.0,1533321,3717,1446566,2609,2.5,3.0,5.86,3.18,9.04,19.26,0.36,0.2,0.56,1.18,269.2,206.0,86.0,359.7,62.0,49.0,413.0,37.0,20.0,103.8,70.0,46.0,,,1.0,28,,Anthony,Gordon,Gordon,,,1466,3,4,6,28,0,0,0,3,1,0,20,70,,,,0.0,0.37,1.72,1.23,4.3,14,13,43
486,a,100.0,100.0,6.5,52,33.0,0,0.0,-5,5.0,2.6,115,37.0,37,1,1.5,416.0,186.0,0,139,1.6,210.0,92.0,0.2,5.7,0.0,556669,228,1181194,324,1.1,1.6,1.27,1.39,2.66,15.52,0.11,0.12,0.23,1.33,115.4,335.0,151.0,229.3,130.0,90.0,151.0,178.0,99.0,49.6,245.0,125.0,5.0,,,28,,Anthony,Elanga,Elanga,,,1048,0,1,2,24,0,0,0,0,0,0,11,42,,,,0.0,0.17,2.06,0.94,3.61,11,7,24
487,a,,,6.1,82,53.0,0,0.0,-4,4.0,1.2,174,61.0,77,1,2.9,208.0,88.0,8,248,1.4,227.0,99.0,0.2,12.6,0.0,721801,444,648568,1936,0.9,1.4,5.64,2.06,7.7,20.05,0.35,0.13,0.48,1.25,289.8,189.0,77.0,287.0,92.0,69.0,526.0,22.0,10.0,109.9,56.0,37.0,,,,28,,Harvey,Barnes,Barnes,,,1438,5,0,4,22,0,0,0,1,0,0,14,78,,,,0.0,0.25,1.38,0.88,4.88,11,15,52
488,i,0.0,0.0,6.8,43,26.0,-1,1.0,3,-3.0,6.1,62,21.0,134,0,5.8,6.0,4.0,19,584,2.8,129.0,57.0,0.4,19.7,0.0,4038700,202,3592691,21034,0.0,0.0,4.82,3.62,8.44,26.13,0.21,0.16,0.37,1.16,682.6,12.0,4.0,634.3,12.0,12.0,365.0,54.0,33.0,168.3,12.0,9.0,3.0,5.0,2.0,28,,Bruno,Guimarães Rodriguez Moura,Bruno G.,Hamstring injury - Expected back 11 Apr,,2019,9,6,6,31,0,0,0,5,0,0,22,200,,,,0.0,0.27,1.38,0.98,8.92,50,43,107
489,a,100.0,100.0,5.9,91,57.0,0,0.0,-6,6.0,0.6,233,81.0,60,6,2.6,263.0,111.0,2,242,1.8,198.0,87.0,0.3,10.2,0.0,159466,206,345041,135,1.3,1.8,2.88,2.38,5.26,15.16,0.23,0.19,0.42,1.21,251.4,216.0,93.0,318.6,79.0,58.0,297.0,77.0,46.0,85.8,113.0,65.0,,,,28,,Jacob,Murphy,J.Murphy,,,1128,3,1,6,13,0,0,0,1,0,0,13,56,,,,0.0,0.48,1.04,1.04,4.47,9,13,34
490,a,100.0,100.0,5.9,93,59.0,0,0.0,-1,1.0,0.3,328,110.0,61,5,2.9,207.0,87.0,2,263,1.0,271.0,124.0,0.2,10.3,0.0,73065,209,103052,84,0.5,1.0,1.87,1.08,2.95,19.95,0.11,0.07,0.18,1.21,282.6,198.0,81.0,253.8,117.0,80.0,304.0,75.0,44.0,84.1,118.0,66.0,,,,28,,Joelinton Cássio,Apolinário de Lira,Joelinton,,,1484,2,1,5,21,0,0,0,7,0,0,18,181,,,,0.0,0.3,1.27,1.09,10.98,33,56,92
491,a,100.0,100.0,5.3,195,121.0,0,0.0,-2,2.0,1.1,186,66.0,69,6,2.5,279.0,119.0,2,374,2.6,136.0,60.0,0.5,13.0,0.0,199210,837,305578,327,2.1,2.6,1.55,1.86,3.41,25.78,0.07,0.09,0.16,1.19,324.0,167.0,64.0,392.6,52.0,44.0,164.0,160.0,89.0,88.3,105.0,62.0,1.0,1.0,,28,,Sandro,Tonali,Tonali,,,1947,0,2,7,30,0,0,0,3,0,0,24,202,,,,0.0,0.32,1.39,1.11,9.34,29,55,118
492,u,0.0,0.0,4.9,350,218.0,0,0.0,-1,1.0,0.0,674,273.0,0,0,0.0,780.0,339.0,0,0,0.0,739.0,315.0,0.0,0.0,0.0,655,0,3570,0,0.0,0.0,0.0,0.0,0.0,0.0,0.0,0.0,0.0,0.0,0.0,780.0,339.0,0.0,776.0,339.0,0.0,772.0,337.0,0.0,780.0,339.0,,,,28,,Antoñito,Cordero Campillo,Antoñito C.,has joined Cadiz on loan for the rest of the season.,,0,0,0,0,0,0,0,0,0,0,0,0,0,,,,0.0,0.0,0.0,0.0,0.0,0,0,0
701,u,0.0,0.0,4.0,715,192.0,0,0.0,0,0.0,0.1,534,189.0,0,0,0.0,617.0,232.0,0,0,0.0,500.0,199.0,0.0,0.0,0.0,8943,0,10695,5,0.0,0.0,0.0,0.0,0.0,0.0,0.0,0.0,0.0,0.0,0.0,607.0,231.0,0.0,599.0,231.0,0.0,569.0,226.0,0.0,609.0,231.0,,,,28,,Triston,Rowe,Rowe,has joined Annecy on loan for the rest of the season.,,0,0,0,0,0,0,0,0,0,0,0,0,0,,,,0.0,0.0,0.0,0.0,0.0,0,0,0
494,a,100.0,100.0,5.0,249,150.0,0,0.0,0,0.0,0.1,498,179.0,20,0,1.2,438.0,196.0,0,77,1.0,262.0,118.0,0.2,4.0,0.0,12635,39,11873,62,0.5,1.0,0.8,0.37,1.17,10.74,0.13,0.06,0.19,1.77,56.6,402.0,178.0,101.0,252.0,154.0,89.0,253.0,139.0,24.5,349.0,167.0,,,,28,,Joe,Willock,Willock,,,547,0,0,2,12,0,0,0,3,0,0,6,55,,,,0.0,0.33,1.97,0.99,9.05,15,6,34
495,u,0.0,0.0,4.5,412,251.0,0,0.0,0,0.0,0.0,766,329.0,0,0,0.0,691.0,270.0,0,0,0.0,610.0,220.0,0.0,0.0,0.0,0,0,1610,1,0.0,0.0,0.0,0.0,0.0,0.0,0.0,0.0,0.0,0.0,0.0,685.0,265.0,0.0,679.0,268.0,0.0,660.0,260.0,0.0,687.0,267.0,,,,28,,Isaac,Hayden,Hayden,Has departed the club as a free agent.,,0,0,0,0,0,0,0,0,0,0,0,0,0,,,,0.0,0.0,0.0,0.0,0.0,0,0,0
496,u,0.0,0.0,4.4,559,333.0,0,0.0,-1,1.0,0.0,630,246.0,0,0,0.0,680.0,264.0,0,0,0.0,595.0,211.0,0.0,0.0,0.0,2219,0,7380,1,0.0,0.0,0.0,0.0,0.0,0.0,0.0,0.0,0.0,0.0,0.0,672.0,257.0,0.0,667.0,261.0,0.0,647.0,252.0,0.0,674.0,259.0,,,,28,,Garang,Kuol,Kuol,has joined Sparta Prague permanently.,,0,0,0,0,0,0,0,0,0,0,0,0,0,,,,0.0,0.0,0.0,0.0,0.0,0,0,0
497,i,0.0,0.0,4.4,557,332.0,-1,1.0,-1,1.0,2.4,122,40.0,58,0,3.1,173.0,74.0,4,271,0.0,593.0,210.0,0.0,13.2,0.0,641155,58,630152,3118,0.0,0.0,1.36,2.0,3.36,13.65,0.11,0.16,0.27,1.08,275.0,202.0,83.0,214.3,145.0,99.0,132.0,203.0,112.0,62.1,198.0,100.0,,,,28,,Lewis,Miley,L.Miley,Dead leg - Expected back 14 Mar,,1133,1,3,2,16,0,0,0,0,0,0,11,123,,,,0.0,0.16,1.27,0.87,9.77,24,42,57
498,u,0.0,0.0,4.5,438,262.0,0,0.0,0,0.0,0.0,771,332.0,0,0,0.0,705.0,280.0,0,0,0.0,628.0,231.0,0.0,0.0,0.0,117,0,1249,1,0.0,0.0,0.0,0.0,0.0,0.0,0.0,0.0,0.0,0.0,0.0,699.0,275.0,0.0,696.0,278.0,0.0,679.0,271.0,0.0,701.0,277.0,,,,28,,Joe,White,White,has joined Bradford City on loan for the rest of the season.,,0,0,0,0,0,0,0,0,0,0,0,0,0,,,,0.0,0.0,0.0,0.0,0.0,0,0,0
500,a,100.0,100.0,5.4,183,45.0,0,0.0,-1,1.0,0.2,375,59.0,23,1,1.5,412.0,49.0,0,73,1.0,268.0,34.0,0.2,4.3,0.0,70479,40,86376,42,0.5,1.0,0.64,0.04,0.68,4.47,0.22,0.01,0.23,1.54,42.4,413.0,47.0,15.8,400.0,53.0,70.0,284.0,49.0,12.6,400.0,48.0,,,,28,,William,Osula,Osula,,,262,1,1,1,6,0,0,0,0,0,0,1,10,,,,0.0,0.34,2.06,0.34,3.44,1,1,8
674,a,,,4.8,363,14.0,0,0.0,-2,2.0,0.7,224,29.0,11,0,1.6,386.0,30.0,0,45,0.0,705.0,92.0,0.0,2.3,0.0,108997,64,151867,163,-0.5,0.0,0.0,0.0,0.0,7.96,0.0,0.0,0.0,1.3,97.4,355.0,27.0,10.0,425.0,10.0,0.0,750.0,84.0,10.8,409.0,26.0,,,,28,,Aaron,Ramsdale,Ramsdale,,,553,0,0,0,10,0,0,0,0,0,10,6,0,,,,1.63,0.0,1.63,0.98,0.0,0,5,49
684,a,,,5.0,263,40.0,0,0.0,0,0.0,4.4,82,27.0,101,1,4.0,60.0,25.0,11,334,3.2,92.0,30.0,0.6,20.2,0.0,1248406,1931,722461,5453,2.7,3.2,2.97,0.85,3.82,32.65,0.13,0.04,0.17,1.39,656.2,17.0,7.0,102.3,251.0,74.0,313.0,73.0,6.0,106.8,63.0,11.0,,,,28,,Malick,Thiaw,Thiaw,,,2117,4,0,4,39,0,0,0,3,0,0,24,240,,,,0.0,0.17,1.66,1.02,9.01,28,184,95
689,a,,,4.3,621,365.0,0,0.0,-2,2.0,0.5,255,88.0,0,0,0.0,662.0,255.0,0,0,0.0,569.0,198.0,0.0,0.0,0.0,85872,781,49336,525,-0.5,0.0,0.0,0.0,0.0,0.0,0.0,0.0,0.0,0.0,0.0,652.0,246.0,0.0,648.0,251.0,0.0,625.0,240.0,0.0,654.0,248.0,,,,28,,Seung-Soo,Park,Seung soo,,,0,0,0,0,0,0,0,0,0,0,0,0,0,,,,0.0,0.0,0.0,0.0,0.0,0,0,0
714,a,,,6.8,47,17.0,0,0.0,-2,2.0,7.6,53,9.0,86,1,3.4,141.0,13.0,10,300,1.0,274.0,36.0,0.1,12.6,0.0,5425794,741,4645683,7297,0.5,1.0,6.25,0.79,7.04,20.13,0.37,0.05,0.42,1.18,358.2,136.0,13.0,182.7,175.0,15.0,381.0,49.0,20.0,91.1,95.0,15.0,,,3.0,28,,Nick,Woltemade,Woltemade,,,1530,7,3,6,25,1,0,0,0,0,0,19,79,,,,0.0,0.35,1.47,1.12,4.65,18,23,38
765,a,,,4.0,713,190.0,0,0.0,0,0.0,0.0,658,232.0,0,0,0.0,615.0,230.0,0,0,0.0,498.0,197.0,0.0,0.0,0.0,3611,19,2009,21,-0.5,0.0,0.0,0.0,0.0,0.0,0.0,0.0,0.0,0.0,0.0,605.0,229.0,0.0,597.0,229.0,0.0,567.0,224.0,0.0,607.0,229.0,,,,28,,Leo,Shahar,Shahar,,,0,0,0,0,0,0,0,0,0,0,0,0,0,,,,0.0,0.0,0.0,0.0,0.0,0,0,0
772,a,,,4.5,512,315.0,0,0.0,0,0.0,0.0,782,340.0,0,0,0.0,753.0,319.0,0,0,0.0,686.0,278.0,0.0,0.0,0.0,447,7,223,4,-0.5,0.0,0.0,0.0,0.0,0.0,0.0,0.0,0.0,0.0,0.0,753.0,319.0,0.0,747.0,319.0,0.0,734.0,315.0,0.0,753.0,319.0,,,,28,,Sam,Alabi,Alabi,,,0,0,0,0,0,0,0,0,0,0,0,0,0,,,,0.0,0.0,0.0,0.0,0.0,0,0,0
12,u,0.0,0.0,4.9,305,47.0,0,0.0,-1,1.0,0.2,360,131.0,7,0,1.4,421.0,151.0,0,56,0.0,717.0,250.0,0.0,1.4,0.0,26902,0,53158,47,0.0,0.0,0.07,0.36,0.43,5.02,0.02,0.09,0.11,1.28,80.8,373.0,142.0,83.4,285.0,91.0,22.0,371.0,129.0,18.6,373.0,131.0,,,,28,,Oleksandr,Zinchenko,Zinchenko,has joined Ajax permanently.,,352,0,0,0,6,0,0,0,0,0,0,4,36,,,,0.0,0.0,1.53,1.02,6.14,10,14,17
400,a,,,4.7,376,15.0,0,0.0,-3,3.0,0.2,372,55.0,11,0,3.7,97.0,10.0,0,38,2.2,156.0,13.0,0.5,2.3,0.0,10834,90,22279,61,1.7,2.2,0.0,0.01,0.01,4.65,0.0,0.0,0.0,1.55,68.6,387.0,29.0,0.0,751.0,88.0,0.0,740.0,80.0,6.9,435.0,29.0,,,,28,,Stefan,Ortega Moreno,Ortega Moreno,,,270,0,0,1,4,0,0,0,0,0,8,3,0,,,,2.67,0.33,1.33,1.0,0.0,0,1,8
426,a,,,5.0,258,157.0,0,0.0,-5,5.0,0.1,496,177.0,7,0,0.9,505.0,237.0,0,27,0.2,375.0,169.0,0.0,1.4,0.0,13065,10,26451,22,-0.3,0.2,0.02,0.17,0.19,4.2,0.01,0.09,0.1,2.22,16.2,449.0,200.0,45.0,349.0,186.0,10.0,407.0,201.0,7.2,433.0,195.0,,,5.0,28,,James,McAtee,McAtee,,,170,0,0,0,8,0,0,0,1,0,0,1,11,,,,0.0,0.0,4.24,0.53,5.82,4,1,6
502,i,0.0,0.0,4.6,396,19.0,0,0.0,-4,4.0,4.8,74,12.0,61,0,3.0,189.0,20.0,3,241,0.2,370.0,24.0,0.0,13.3,0.0,406604,7,2032234,2050,0.0,0.0,0.0,0.06,0.06,28.29,0.0,0.0,0.0,1.52,421.0,94.0,15.0,10.0,423.0,8.0,0.0,739.0,79.0,43.1,267.0,16.0,,,,28,,Matz,Sels,Sels,Groin Injury - Expected back 04 Mar,,1677,0,0,4,27,0,0,0,1,0,55,19,75,,,,2.95,0.21,1.45,1.02,0.0,1,21,126
503,u,0.0,0.0,4.0,688,56.0,0,0.0,0,0.0,0.1,548,76.0,0,0,0.0,595.0,75.0,0,0,0.0,475.0,67.0,0.0,0.0,0.0,448,0,15608,2,0.0,0.0,0.0,0.0,0.0,0.0,0.0,0.0,0.0,0.0,0.0,585.0,75.0,0.0,577.0,63.0,0.0,546.0,50.0,0.0,587.0,75.0,,,,28,,Carlos Miguel,dos Santos Pereira,C.Miguel,Has joined Palmeiras permanently.,,0,0,0,0,0,0,0,0,0,0,0,0,0,,,,0.0,0.0,0.0,0.0,0.0,0,0,0
504,u,0.0,0.0,4.0,673,47.0,0,0.0,0,0.0,0.1,519,75.0,0,0,0.0,582.0,66.0,0,0,0.0,461.0,58.0,0.0,0.0,0.0,0,0,15660,3,0.0,0.0,0.0,0.0,0.0,0.0,0.0,0.0,0.0,0.0,0.0,572.0,66.0,0.0,564.0,54.0,0.0,533.0,41.0,0.0,574.0,66.0,,,,28,,Matt,Turner,Turner,Has joined Lyon permanently.,,0,0,0,0,0,0,0,0,0,0,0,0,0,,,,0.0,0.0,0.0,0.0,0.0,0,0,0
505,a,,,5.1,230,31.0,0,0.0,-4,4.0,3.2,103,39.0,80,0,3.0,192.0,74.0,1,263,2.8,120.0,43.0,0.5,15.7,0.0,347453,231,1050354,802,2.3,2.8,0.81,0.41,1.22,39.28,0.03,0.02,0.05,1.45,491.4,67.0,30.0,38.2,358.0,125.0,98.0,240.0,63.0,63.0,193.0,63.0,,,,28,,Nikola,Milenković,Milenković,,,2430,0,0,6,39,1,0,0,5,0,0,27,255,,,,0.0,0.22,1.44,1.0,8.37,18,208,77
506,a,100.0,100.0,5.2,220,29.0,0,0.0,-3,3.0,1.9,140,53.0,66,0,3.5,125.0,45.0,3,257,0.8,291.0,100.0,0.2,12.7,0.0,258315,427,792884,502,0.3,0.8,0.58,0.45,1.03,26.33,0.03,0.02,0.05,1.45,446.2,81.0,36.0,100.0,254.0,75.0,73.0,280.0,81.0,62.0,199.0,65.0,,2.0,,28,,Murillo,Costa dos Santos,Murillo,,,1639,1,0,4,24,1,0,0,3,0,0,19,208,,,,0.0,0.22,1.32,1.04,9.66,28,148,82
508,a,100.0,100.0,4.7,384,64.0,0,0.0,-3,3.0,2.9,110,44.0,83,0,3.2,154.0,59.0,9,381,2.0,174.0,62.0,0.4,17.7,0.0,389856,349,1158484,565,1.5,2.0,1.54,2.88,4.42,35.7,0.06,0.11,0.17,1.4,561.4,43.0,18.0,396.4,51.0,6.0,258.0,93.0,9.0,121.5,42.0,3.0,,,,28,,Neco,Williams,N.Williams,,,2294,1,1,6,36,0,0,0,4,1,0,26,220,,,,0.0,0.24,1.41,1.02,7.06,72,108,116
509,u,0.0,0.0,4.5,434,86.0,0,0.0,0,0.0,0.0,675,235.0,0,0,0.0,702.0,258.0,0,0,0.0,625.0,243.0,0.0,0.0,0.0,427,0,4406,0,0.0,0.0,0.0,0.0,0.0,0.0,0.0,0.0,0.0,0.0,0.0,696.0,257.0,0.0,692.0,257.0,0.0,675.0,257.0,0.0,698.0,257.0,,,,28,,David,Mota Veiga Teixeira do Carmo,David Carmo,has joined Real Oviedo on loan for the rest of the season.,,0,0,0,0,0,0,0,0,0,0,0,0,0,,,,0.0,0.0,0.0,0.0,0.0,0,0,0
510,a,,,4.2,643,153.0,0,0.0,-3,3.0,0.1,553,199.0,3,0,3.0,186.0,69.0,0,9,0.0,533.0,223.0,0.0,0.7,0.0,3299,11,8279,13,-0.5,0.0,0.0,0.0,0.0,3.28,0.0,0.0,0.0,3.28,26.0,434.0,161.0,0.4,475.0,174.0,0.0,599.0,246.0,2.6,461.0,166.0,,,,28,,Jair,Paula da Cunha Filho,Jair Cunha,,,90,0,0,0,2,0,0,0,0,0,0,1,12,,,,0.0,0.0,2.0,1.0,11.0,2,9,1
517,a,,,5.4,168,103.0,0,0.0,-1,1.0,6.4,58,20.0,118,0,4.4,37.0,18.0,7,543,4.2,51.0,24.0,0.8,21.9,0.0,1313588,5859,1228627,2787,3.7,4.2,2.27,2.93,5.2,38.08,0.08,0.11,0.19,1.42,604.6,30.0,7.0,711.7,7.0,7.0,214.0,112.0,68.0,153.4,19.0,15.0,1.0,1.0,4.0,28,,Elliot,Anderson,Anderson,,,2416,1,3,7,38,0,0,0,4,0,0,27,381,,,,0.0,0.26,1.42,1.01,14.19,77,72,232
524,u,0.0,0.0,4.5,451,269.0,0,0.0,0,0.0,0.0,690,284.0,0,0,0.0,710.0,285.0,0,0,0.0,634.0,237.0,0.0,0.0,0.0,245,0,5699,2,0.0,0.0,0.0,0.0,0.0,0.0,0.0,0.0,0.0,0.0,0.0,705.0,281.0,0.0,701.0,283.0,0.0,685.0,276.0,0.0,706.0,282.0,,,,28,,Marko,Stamenić,Stamenic,Has joined Swansea City permanently.,,0,0,0,0,0,0,0,0,0,0,0,0,0,,,,0.0,0.0,0.0,0.0,0.0,0,0,0
525,i,0.0,0.0,7.2,29,12.0,0,0.0,-3,3.0,4.6,81,14.0,25,0,3.1,183.0,19.0,3,85,0.0,813.0,90.0,0.0,3.5,0.0,2133564,7,3387790,371,0.0,0.0,2.81,0.11,2.92,7.84,0.47,0.02,0.49,1.31,77.6,377.0,39.0,49.6,340.0,41.0,179.0,147.0,35.0,29.8,330.0,38.0,,,1.0,28,,Chris,Wood,Wood,Knee injury - Unknown return date,,538,2,0,1,8,0,0,0,0,0,0,7,14,,,,0.0,0.17,1.34,1.17,2.34,1,6,7
526,a,100.0,100.0,5.8,109,32.0,0,0.0,-2,2.0,1.2,177,28.0,61,0,2.3,302.0,32.0,6,187,1.2,249.0,30.0,0.2,10.5,0.0,417184,394,383586,1392,0.7,1.2,4.13,0.86,4.99,26.06,0.25,0.05,0.3,1.56,167.4,285.0,26.0,118.3,227.0,24.0,461.0,27.0,14.0,72.3,150.0,19.0,,,3.0,28,,Igor Jesus,Maciel da Cruz,Igor Jesus,,,1502,2,2,6,27,0,0,0,0,0,0,18,73,,,,0.0,0.36,1.62,1.08,4.37,17,22,34
527,a,100.0,100.0,5.2,210,48.0,0,0.0,-3,3.0,0.3,319,54.0,13,0,1.6,391.0,46.0,1,59,0.0,765.0,81.0,0.0,2.5,0.0,35815,33,92347,99,-0.5,0.0,0.85,0.39,1.24,3.39,0.38,0.17,0.55,1.5,52.4,406.0,44.0,41.8,351.0,42.0,101.0,236.0,44.0,19.6,367.0,44.0,,,,28,,Taiwo,Awoniyi,Awoniyi,,,204,1,0,0,2,0,0,0,0,0,0,1,12,,,,0.0,0.0,0.88,0.44,5.29,1,4,7
669,a,100.0,100.0,5.5,147,92.0,0,0.0,-5,5.0,0.7,219,75.0,46,0,2.3,300.0,132.0,4,163,0.8,293.0,134.0,0.1,8.4,0.0,544683,24,573198,80,0.3,0.8,1.05,1.5,2.55,15.55,0.09,0.12,0.21,1.27,163.0,289.0,126.0,205.7,154.0,106.0,178.0,149.0,84.0,54.9,219.0,107.0,4.0,,,28,,Dan,Ndoye,Ndoye,,,1103,1,2,2,17,0,0,0,1,0,0,14,94,,,,0.0,0.16,1.39,1.14,7.67,22,23,49
675,a,100.0,100.0,4.0,663,43.0,0,0.0,0,0.0,1.1,182,23.0,1,0,1.0,451.0,33.0,0,4,0.2,354.0,23.0,0.0,0.2,0.0,30141,24,99620,62,-0.3,0.2,0.0,0.0,0.0,0.21,0.0,0.0,0.0,0.42,1.2,491.0,33.0,0.0,556.0,50.0,0.0,524.0,37.0,0.1,503.0,33.0,,,,28,,Angus,Gunn,Gunn,,,45,0,0,0,0,0,0,0,0,0,0,0,0,,,,0.0,0.0,0.0,0.0,0.0,0,1,4
693,a,,,5.4,179,110.0,0,0.0,-1,1.0,0.1,515,185.0,59,0,2.8,229.0,93.0,3,233,2.0,181.0,79.0,0.4,10.9,0.0,32323,30,26705,58,1.5,2.0,1.7,2.98,4.68,16.07,0.14,0.24,0.38,1.32,242.0,224.0,98.0,399.8,48.0,42.0,256.0,94.0,58.0,89.5,101.0,59.0,2.0,,,28,,Omari,Hutchinson,Hutchinson,,,1098,1,5,4,15,0,0,0,0,0,0,10,86,,,,0.0,0.33,1.23,0.82,7.05,17,12,57
696,u,0.0,0.0,6.0,90,28.0,0,0.0,0,0.0,0.1,447,65.0,9,0,1.0,503.0,61.0,0,24,0.0,800.0,86.0,0.0,1.5,0.0,15291,0,18214,13,0.0,0.0,0.44,0.02,0.46,1.57,0.44,0.02,0.46,1.59,6.8,466.0,56.0,17.7,397.0,52.0,39.0,337.0,52.0,6.3,438.0,56.0,,,,28,,Arnaud,Kalimuendo,Kalimuendo,has joined Eintracht Frankfurt on loan for the rest of the season.,,89,0,0,0,3,0,0,0,0,0,0,0,6,,,,0.0,0.0,3.03,0.0,6.07,1,1,4
715,i,0.0,0.0,4.0,671,46.0,0,0.0,0,0.0,0.3,300,39.0,11,0,2.2,306.0,26.0,0,32,0.0,459.0,57.0,0.0,2.8,0.0,65979,9,45509,137,0.0,0.0,0.0,0.0,0.0,6.13,0.0,0.0,0.0,1.26,56.4,403.0,30.0,0.0,562.0,53.0,0.0,531.0,40.0,5.7,439.0,30.0,,,,28,,John Victor,Maciel Furtado,John,Knee injury - Expected back 01 Jun,,437,0,0,1,8,0,0,0,1,0,6,5,0,,,,1.24,0.21,1.65,1.03,0.0,0,4,26
716,i,0.0,0.0,4.5,453,92.0,0,0.0,0,0.0,0.1,556,200.0,39,0,2.8,219.0,88.0,0,131,0.0,636.0,244.0,0.0,8.7,0.0,46659,1,43376,52,0.0,0.0,1.34,0.45,1.79,15.04,0.12,0.04,0.16,1.32,216.6,247.0,100.0,123.2,221.0,55.0,94.0,244.0,66.0,43.5,264.0,87.0,,,,28,,Nicolò,Savona,Savona,Knee injury - Unknown return date,,1025,2,0,3,18,0,0,0,2,0,0,11,69,,,,0.0,0.26,1.58,0.97,5.0,20,37,27
729,u,0.0,0.0,4.5,473,94.0,0,0.0,0,0.0,0.0,812,265.0,0,0,0.0,725.0,259.0,0,0,0.0,653.0,245.0,0.0,0.0,0.0,94,0,109,0,0.0,0.0,0.0,0.0,0.0,0.0,0.0,0.0,0.0,0.0,0.0,722.0,258.0,0.0,717.0,258.0,0.0,703.0,258.0,0.0,723.0,258.0,,,,28,,Luis Eduardo,Soares da Silva,Cuiabano,has joined Vasco de Gama on loan for the rest of the season.,,0,0,0,0,0,0,0,0,0,0,0,0,0,,,,0.0,0.0,0.0,0.0,0.0,0,0,0
734,a,100.0,100.0,5.9,100,65.0,0,0.0,-1,1.0,0.0,678,275.0,13,0,1.4,422.0,189.0,0,55,0.2,383.0,177.0,0.0,2.2,0.0,4392,9,3992,9,-0.3,0.2,0.44,0.68,1.12,6.71,0.12,0.19,0.31,1.85,49.8,408.0,180.0,113.1,232.0,146.0,72.0,281.0,152.0,23.3,351.0,168.0,3.0,,,28,,Dilane,Bakwa,Bakwa,,,326,0,1,0,8,0,0,0,1,0,0,3,26,,,,0.0,0.0,2.21,0.83,7.18,2,3,21
805,a,,,5.5,148,36.0,0,0.0,0,0.0,0.0,662,84.0,8,0,2.7,244.0,26.0,0,34,1.6,207.0,26.0,0.3,1.5,0.0,5328,40,2395,87,1.1,1.6,0.72,0.01,0.73,1.87,0.54,0.01,0.55,1.41,37.2,419.0,49.0,12.7,407.0,54.0,31.0,355.0,53.0,7.9,429.0,55.0,,,,28,,Lorenzo,Lucca,Lucca,,,119,1,0,1,1,0,0,0,0,0,0,1,5,,,,0.0,0.76,0.76,0.76,3.78,0,4,1
814,a,,,4.5,441,87.0,0,0.0,0,0.0,0.0,795,263.0,1,0,1.0,473.0,171.0,0,3,0.2,368.0,132.0,0.0,0.2,0.0,301,10,121,4,-0.3,0.2,0.0,0.36,0.36,0.0,0.0,2.31,2.31,0.0,1.0,496.0,175.0,1.1,465.0,171.0,2.0,444.0,165.0,0.4,490.0,172.0,,,,28,,Luca,Netz,Netz,,,14,0,0,0,0,0,0,0,0,0,0,0,0,,,,0.0,0.0,0.0,0.0,0.0,0,0,0
528,u,0.0,0.0,4.2,632,34.0,0,0.0,-3,3.0,0.2,405,60.0,0,0,0.0,637.0,88.0,0,0,0.0,528.0,82.0,0.0,0.0,0.0,10565,0,33938,52,0.0,0.0,0.0,0.0,0.0,0.0,0.0,0.0,0.0,0.0,0.0,628.0,88.0,0.0,621.0,78.0,0.0,595.0,66.0,0.0,630.0,88.0,,,,28,,Anthony,Patterson,Patterson,has joined Millwall on loan for the rest of the season.,,0,0,0,0,0,0,0,0,0,0,0,0,0,,,,0.0,0.0,0.0,0.0,0.0,0,0,0
529,a,,,3.9,741,69.0,0,0.0,-1,1.0,0.4,290,38.0,0,0,0.0,539.0,38.0,0,0,0.0,415.0,29.0,0.0,0.0,0.0,18258,23,33344,41,0.0,0.0,0.0,0.0,0.0,0.0,0.0,0.0,0.0,0.0,0.0,529.0,38.0,0.0,517.0,22.0,0.0,484.0,9.0,0.0,531.0,38.0,,,,28,,Simon,Moore,Moore,,,0,0,0,0,0,0,0,0,0,0,0,0,0,,,,0.0,0.0,0.0,0.0,0.0,0,0,0
530,u,0.0,0.0,3.9,769,86.0,0,0.0,-1,1.0,0.1,454,67.0,0,0,0.0,559.0,55.0,0,0,0.0,437.0,46.0,0.0,0.0,0.0,7473,0,12950,17,0.0,0.0,0.0,0.0,0.0,0.0,0.0,0.0,0.0,0.0,0.0,549.0,55.0,0.0,537.0,39.0,0.0,504.0,26.0,0.0,551.0,55.0,,,,28,,Blondy,Nna Noukeu,Nna Noukeu,has joined US Boulogne CO permanently.,,0,0,0,0,0,0,0,0,0,0,0,0,0,,,,0.0,0.0,0.0,0.0,0.0,0,0,0
531,a,100.0,100.0,4.6,400,69.0,0,0.0,1,-1.0,3.2,102,38.0,105,4,4.4,36.0,14.0,8,328,4.4,37.0,11.0,1.0,22.8,0.0,1112413,5234,963824,686,4.4,4.4,2.36,0.58,2.94,28.67,0.11,0.03,0.14,1.39,576.6,37.0,14.0,153.3,193.0,49.0,341.0,59.0,2.0,107.2,62.0,10.0,,,,28,,Daniel,Ballard,Ballard,,,1851,2,2,5,27,0,0,0,3,0,0,20,238,,,,0.0,0.24,1.31,0.97,10.99,28,198,56
532,a,,,4.5,443,88.0,0,0.0,0,0.0,0.3,307,112.0,77,2,2.8,218.0,87.0,4,270,2.2,155.0,54.0,0.5,17.1,0.0,74611,97,68670,92,2.2,2.2,1.56,0.98,2.54,37.7,0.06,0.04,0.1,1.47,370.6,128.0,57.0,268.6,108.0,28.0,178.0,148.0,30.0,80.8,122.0,38.0,2.0,,,28,,Trai,Hume,Hume,,,2309,0,1,7,31,0,0,0,7,0,0,26,185,,,,0.0,0.27,1.21,1.01,6.16,53,105,77
533,u,0.0,0.0,4.0,670,166.0,0,0.0,0,0.0,0.0,788,262.0,0,0,0.0,580.0,213.0,0,0,0.0,458.0,176.0,0.0,0.0,0.0,611,0,854,0,0.0,0.0,0.0,0.0,0.0,0.0,0.0,0.0,0.0,0.0,0.0,570.0,212.0,0.0,561.0,212.0,0.0,530.0,206.0,0.0,572.0,212.0,,,,28,,Aji,Alese,Alese,has joined Portsmouth on loan for the rest of the season.,,0,0,0,0,0,0,0,0,0,0,0,0,0,,,,0.0,0.0,0.0,0.0,0.0,0,0,0
534,u,0.0,0.0,3.8,790,238.0,0,0.0,-2,2.0,0.3,305,111.0,0,0,0.0,521.0,185.0,0,0,0.0,394.0,143.0,0.0,0.0,0.0,39413,0,63957,85,0.0,0.0,0.0,0.0,0.0,0.0,0.0,0.0,0.0,0.0,0.0,511.0,184.0,0.0,496.0,182.0,0.0,462.0,173.0,0.0,513.0,184.0,,,,28,,Joe,Anderson,Anderson,has joined Barrow FC permanently.,,0,0,0,0,0,0,0,0,0,0,0,0,0,,,,0.0,0.0,0.0,0.0,0.0,0,0,0
535,i,0.0,0.0,4.0,681,171.0,0,0.0,0,0.0,0.1,579,207.0,13,0,2.2,307.0,115.0,0,44,0.0,469.0,181.0,0.0,3.2,0.0,7322,2,6101,89,0.0,0.0,0.0,0.02,0.02,6.04,0.0,0.01,0.01,1.84,58.2,401.0,153.0,8.7,429.0,155.0,2.0,436.0,160.0,6.8,436.0,157.0,,,,28,,Dennis,Cirkin,Cirkin,Hamstring injury - Expected back 21 Mar,,296,0,0,1,2,0,0,0,1,0,0,3,26,,,,0.0,0.3,0.61,0.91,7.91,8,18,7
536,u,0.0,0.0,4.0,689,174.0,0,0.0,0,0.0,0.0,715,249.0,0,0,0.0,596.0,219.0,0,0,0.0,476.0,183.0,0.0,0.0,0.0,1255,0,1418,5,0.0,0.0,0.0,0.0,0.0,0.0,0.0,0.0,0.0,0.0,0.0,586.0,218.0,0.0,578.0,218.0,0.0,547.0,212.0,0.0,588.0,218.0,,,,28,,Leo Fuhr,Hjelde,Hjelde,has joined Sheffield United on loan for the rest of the season.,,0,0,0,0,0,0,0,0,0,0,0,0,0,,,,0.0,0.0,0.0,0.0,0.0,0,0,0
537,u,0.0,0.0,4.0,691,175.0,0,0.0,0,0.0,0.1,538,191.0,0,0,0.0,598.0,220.0,0,0,0.0,478.0,184.0,0.0,0.0,0.0,1038,0,16129,2,0.0,0.0,0.0,0.0,0.0,0.0,0.0,0.0,0.0,0.0,0.0,588.0,219.0,0.0,580.0,219.0,0.0,549.0,213.0,0.0,590.0,219.0,,,,28,,Niall,Huggins,Huggins,has joined Wycombe Wanderers on loan for the rest of the season.,,0,0,0,0,0,0,0,0,0,0,0,0,0,,,,0.0,0.0,0.0,0.0,0.0,0,0,0
538,u,0.0,0.0,3.8,801,249.0,0,0.0,-2,2.0,0.2,364,133.0,0,0,0.0,528.0,192.0,0,0,0.0,402.0,151.0,0.0,0.0,0.0,23261,0,32576,48,0.0,0.0,0.0,0.0,0.0,0.0,0.0,0.0,0.0,0.0,0.0,518.0,191.0,0.0,503.0,189.0,0.0,469.0,180.0,0.0,520.0,191.0,,,,28,,Zak,Johnson,Johnson,has joined York City on loan for the rest of the season.,,0,0,0,0,0,0,0,0,0,0,0,0,0,,,,0.0,0.0,0.0,0.0,0.0,0,0,0
539,a,100.0,100.0,4.0,668,164.0,0,0.0,0,0.0,0.1,550,197.0,2,0,0.4,514.0,179.0,0,6,0.2,356.0,124.0,0.0,0.5,0.0,6994,19,7293,29,0.2,0.2,0.0,0.0,0.0,0.86,0.0,0.0,0.0,3.52,6.0,467.0,168.0,1.1,463.0,169.0,0.0,528.0,204.0,0.7,483.0,169.0,,,,28,,Luke,O'Nien,O'Nien,,,22,0,0,0,0,0,0,0,0,1,0,0,3,,,,0.0,0.0,0.0,0.0,12.27,2,1,1
540,u,0.0,0.0,3.9,762,222.0,0,0.0,-1,1.0,0.3,325,118.0,0,0,0.0,554.0,202.0,0,0,0.0,431.0,164.0,0.0,0.0,0.0,47547,0,47206,59,0.0,0.0,0.0,0.0,0.0,0.0,0.0,0.0,0.0,0.0,0.0,544.0,201.0,0.0,532.0,201.0,0.0,499.0,193.0,0.0,546.0,201.0,,,,28,,Timothée,Pembélé,Pembele,has joined Le Havre AC on loan for the rest of the season.,,0,0,0,0,0,0,0,0,0,0,0,0,0,,,,0.0,0.0,0.0,0.0,0.0,0,0,0
541,i,0.0,0.0,3.8,793,241.0,0,0.0,-2,2.0,3.1,107,42.0,51,0,3.0,185.0,68.0,5,181,2.6,131.0,46.0,0.7,13.4,0.0,612973,195,1028599,2312,0.0,0.0,0.13,0.46,0.59,19.99,0.01,0.03,0.04,1.26,285.4,193.0,77.0,94.0,264.0,80.0,37.0,339.0,112.0,41.8,277.0,92.0,,,,28,,Reinildo,Mandava,Reinildo,Knee injury - Expected back 14 Mar,,1427,0,2,4,20,0,0,0,6,1,0,17,141,,,,0.0,0.25,1.26,1.07,7.69,27,95,67
542,u,0.0,0.0,4.0,709,187.0,0,0.0,0,0.0,0.1,504,180.0,2,0,1.0,452.0,164.0,0,11,0.0,494.0,194.0,0.0,0.5,0.0,3016,0,25176,10,0.0,0.0,0.0,0.01,0.01,1.33,0.0,0.01,0.01,0.9,33.6,424.0,159.0,2.4,451.0,164.0,0.0,563.0,221.0,3.6,453.0,162.0,,,,28,,Jenson,Seelt,Seelt,has joined Wolfsburg on loan for the rest of the season.,,133,0,0,0,2,0,0,0,0,0,0,1,18,,,,0.0,0.0,1.35,0.68,8.12,4,8,6
543,u,0.0,0.0,4.9,344,212.0,0,0.0,-6,6.0,0.4,293,100.0,34,0,2.4,290.0,126.0,3,81,0.0,735.0,311.0,0.0,6.9,0.0,90681,0,229620,117,0.0,0.0,0.35,0.62,0.97,11.3,0.05,0.09,0.14,1.57,81.4,370.0,164.0,116.8,228.0,145.0,75.0,277.0,151.0,27.0,342.0,165.0,,,,28,,Simon,Adingra,Adingra,has joined AS Monaco on loan for the rest of the season.,,649,1,1,4,8,0,0,0,2,0,0,9,45,,,,0.0,0.55,1.11,1.25,6.24,11,13,21
544,a,100.0,100.0,5.3,203,126.0,0,0.0,-2,2.0,0.1,526,190.0,37,5,3.4,139.0,62.0,3,114,4.8,23.0,8.0,0.9,7.0,0.0,12983,288,18229,53,4.8,4.8,1.24,0.41,1.65,11.81,0.13,0.04,0.17,1.27,75.0,382.0,170.0,65.7,312.0,176.0,138.0,194.0,108.0,27.2,341.0,164.0,,,1.0,28,,Habib,Diarra,Diarra,,,835,1,3,3,9,0,0,0,3,0,0,9,49,,,,0.0,0.32,0.97,0.97,5.28,9,14,26
545,u,0.0,0.0,5.4,159,98.0,0,0.0,-1,1.0,0.0,726,303.0,1,0,1.0,499.0,233.0,0,4,0.0,774.0,337.0,0.0,0.2,0.0,462,0,4080,1,0.0,0.0,0.03,0.02,0.05,0.66,0.1,0.07,0.17,2.2,1.8,488.0,226.0,7.3,433.0,210.0,5.0,427.0,210.0,1.4,476.0,220.0,,,,28,,Patrick,Roberts,Roberts,has joined Birmingham City permanently.,,27,0,0,0,1,0,0,0,0,0,0,0,1,,,,0.0,0.0,3.33,0.0,3.33,0,0,1
546,a,100.0,100.0,4.9,349,217.0,0,0.0,-1,1.0,0.0,691,285.0,0,0,0.0,779.0,338.0,0,0,0.0,738.0,314.0,0.0,0.0,0.0,446,2,3445,6,0.0,0.0,0.0,0.0,0.0,0.0,0.0,0.0,0.0,0.0,0.0,779.0,338.0,0.0,775.0,338.0,0.0,771.0,336.0,0.0,779.0,338.0,,,,28,,Milan,Aleksić,Aleksić,,,0,0,0,0,0,0,0,0,0,0,0,0,0,,,,0.0,0.0,0.0,0.0,0.0,0,0,0
547,a,100.0,100.0,5.0,266,162.0,1,-1.0,0,0.0,1.4,165,56.0,102,2,3.8,86.0,42.0,8,417,4.2,47.0,21.0,0.8,20.4,0.0,356759,2051,232836,854,4.2,4.2,4.58,2.9,7.48,36.23,0.19,0.12,0.31,1.48,516.4,61.0,16.0,551.1,20.0,20.0,199.0,125.0,73.0,126.8,36.0,26.0,3.0,2.0,2.0,28,,Enzo,Le Fée,E.Le Fée,,,2205,4,4,7,31,0,0,1,5,0,0,25,233,,,,0.0,0.29,1.27,1.02,9.51,62,61,110
548,i,0.0,0.0,4.9,333,206.0,0,0.0,-1,1.0,0.0,742,315.0,14,0,1.0,490.0,225.0,0,42,0.8,287.0,130.0,0.2,2.9,0.0,1106,0,1508,15,0.0,0.0,0.87,0.48,1.35,8.54,0.2,0.11,0.31,1.93,29.4,429.0,189.0,33.6,368.0,189.0,69.0,285.0,155.0,12.7,397.0,183.0,,,,28,,Romaine,Mundle,Mundle,Hamstring injury - Expected back 22 Mar,,399,0,0,0,11,0,0,0,1,0,0,2,33,,,,0.0,0.0,2.48,0.45,7.44,5,6,22
549,u,0.0,0.0,4.8,362,226.0,0,0.0,-2,2.0,0.0,649,260.0,3,0,1.0,488.0,224.0,0,10,0.0,704.0,291.0,0.0,0.6,0.0,1972,0,4614,9,0.0,0.0,0.0,0.0,0.0,0.64,0.0,0.0,0.0,4.43,3.0,481.0,222.0,1.4,461.0,223.0,0.0,749.0,323.0,0.4,492.0,227.0,,,,28,,Dan,Neil,Neil,has joined Ipswich Town on loan for the rest of the season.,,13,0,0,0,0,0,0,0,0,0,0,0,2,,,,0.0,0.0,0.0,0.0,13.85,0,2,0
550,a,,,4.8,359,225.0,0,0.0,-2,2.0,0.0,661,267.0,0,0,0.0,761.0,325.0,0,0,0.0,702.0,290.0,0.0,0.0,0.0,1032,2,2707,2,0.0,0.0,0.0,0.0,0.0,0.0,0.0,0.0,0.0,0.0,0.0,761.0,325.0,0.0,756.0,325.0,0.0,748.0,322.0,0.0,761.0,325.0,,,,28,,Ian,Poveda-Ocampo,Poveda,,,0,0,0,0,0,0,0,0,0,0,0,0,0,,,,0.0,0.0,0.0,0.0,0.0,0,0,0
551,a,,,4.7,392,245.0,0,0.0,-3,3.0,0.0,597,226.0,15,0,1.5,406.0,180.0,0,48,0.0,696.0,285.0,0.0,3.2,0.0,5735,1,9072,9,0.0,0.0,0.32,0.35,0.67,5.12,0.08,0.08,0.16,1.23,20.2,445.0,197.0,48.4,342.0,184.0,21.0,375.0,190.0,8.9,420.0,189.0,,,,28,,Chris,Rigg,Rigg,,,375,0,0,2,2,0,0,0,0,0,0,6,27,,,,0.0,0.48,0.48,1.44,6.48,6,7,14
552,a,100.0,100.0,4.9,347,215.0,0,0.0,-1,1.0,0.1,565,208.0,55,1,2.4,291.0,127.0,0,294,2.0,179.0,78.0,0.4,11.2,0.0,10450,22,11701,26,2.0,2.0,0.37,0.93,1.3,29.19,0.02,0.04,0.06,1.3,247.2,220.0,95.0,199.9,159.0,110.0,65.0,292.0,157.0,51.3,235.0,118.0,,,,28,,Noah,Sadiki,Sadiki,,,2024,0,1,6,28,0,0,0,6,0,0,23,178,,,,0.0,0.27,1.25,1.02,7.92,35,69,74
553,a,100.0,100.0,4.9,345,213.0,0,0.0,-1,1.0,0.2,410,138.0,65,2,3.1,178.0,75.0,5,193,2.6,134.0,59.0,0.5,13.3,0.0,59772,49,70029,46,2.6,2.6,1.34,0.59,1.92,15.56,0.11,0.05,0.16,1.22,178.2,272.0,116.0,171.7,180.0,121.0,160.0,163.0,90.0,50.5,240.0,120.0,,,,28,,Chemsdine,Talbi,Talbi,,,1146,3,2,6,10,0,0,0,0,0,0,12,71,,,,0.0,0.47,0.79,0.94,5.58,8,15,48
554,a,,,4.3,591,346.0,0,0.0,-2,2.0,0.3,296,101.0,0,0,0.0,646.0,242.0,0,0,0.0,547.0,182.0,0.0,0.0,0.0,81102,55,77145,107,0.0,0.0,0.0,0.0,0.0,0.0,0.0,0.0,0.0,0.0,0.0,636.0,233.0,0.0,631.0,238.0,0.0,607.0,226.0,0.0,638.0,235.0,,,,28,,Abdoullah,Ba,Ba,,,0,0,0,0,0,0,0,0,0,0,0,0,0,,,,0.0,0.0,0.0,0.0,0.0,0,0,0
555,u,0.0,0.0,4.5,414,252.0,0,0.0,0,0.0,0.0,642,256.0,0,0,0.0,692.0,271.0,0,0,0.0,611.0,221.0,0.0,0.0,0.0,1291,0,9827,6,0.0,0.0,0.0,0.0,0.0,0.0,0.0,0.0,0.0,0.0,0.0,686.0,266.0,0.0,680.0,269.0,0.0,661.0,261.0,0.0,688.0,268.0,,,,28,,Alan,Browne,Browne,has joined Middlesbrough on loan for the rest of the season.,,0,0,0,0,0,0,0,0,0,0,0,0,0,,,,0.0,0.0,0.0,0.0,0.0,0,0,0
556,u,0.0,0.0,4.5,436,260.0,0,0.0,0,0.0,0.0,773,333.0,0,0,0.0,703.0,278.0,0,0,0.0,626.0,229.0,0.0,0.0,0.0,0,0,1800,0,0.0,0.0,0.0,0.0,0.0,0.0,0.0,0.0,0.0,0.0,0.0,697.0,273.0,0.0,694.0,276.0,0.0,677.0,269.0,0.0,699.0,275.0,,,,28,,Pierre,Ekwah Elimby,Ekwah,Has joined AS Saint-Etienne permanently.,,0,0,0,0,0,0,0,0,0,0,0,0,0,,,,0.0,0.0,0.0,0.0,0.0,0,0,0
557,a,,,4.3,609,355.0,0,0.0,-2,2.0,0.1,535,196.0,0,0,0.0,654.0,248.0,0,0,0.0,560.0,191.0,0.0,0.0,0.0,8446,38,10087,31,0.0,0.0,0.0,0.0,0.0,0.0,0.0,0.0,0.0,0.0,0.0,644.0,239.0,0.0,640.0,244.0,0.0,617.0,233.0,0.0,646.0,241.0,,,,28,,Harrison,Jones,H.Jones,,,0,0,0,0,0,0,0,0,0,0,0,0,0,,,,0.0,0.0,0.0,0.0,0.0,0,0,0
558,u,0.0,0.0,4.3,598,349.0,0,0.0,-2,2.0,0.2,396,132.0,0,0,0.0,648.0,244.0,0,0,0.0,551.0,185.0,0.0,0.0,0.0,30710,0,44832,49,0.0,0.0,0.0,0.0,0.0,0.0,0.0,0.0,0.0,0.0,0.0,638.0,235.0,0.0,633.0,240.0,0.0,609.0,228.0,0.0,640.0,237.0,,,,28,,Jay,Matete,Matete,has joined MK Dons permanently.,,0,0,0,0,0,0,0,0,0,0,0,0,0,,,,0.0,0.0,0.0,0.0,0.0,0,0,0
559,u,0.0,0.0,4.4,548,326.0,0,0.0,-1,1.0,0.0,640,254.0,0,0,0.0,673.0,260.0,0,0,0.0,586.0,205.0,0.0,0.0,0.0,2951,0,8616,5,0.0,0.0,0.0,0.0,0.0,0.0,0.0,0.0,0.0,0.0,0.0,664.0,252.0,0.0,660.0,257.0,0.0,638.0,246.0,0.0,666.0,254.0,,,,28,,Nectarios,Triantis,Triantis,has joined Minnesota United permanently.,,0,0,0,0,0,0,0,0,0,0,0,0,0,,,,0.0,0.0,0.0,0.0,0.0,0,0,0
560,a,100.0,100.0,5.1,233,52.0,0,0.0,-4,4.0,1.4,162,26.0,56,1,2.2,312.0,33.0,7,183,1.0,265.0,32.0,0.2,11.0,0.0,961660,251,862938,730,1.0,1.0,3.67,0.17,3.84,17.21,0.32,0.01,0.33,1.52,166.6,286.0,27.0,23.9,385.0,50.0,379.0,51.0,21.0,56.8,211.0,27.0,,,,28,,Wilson,Isidor,Isidor,,,1022,4,0,4,15,0,0,0,1,0,0,11,43,,,,0.0,0.35,1.32,0.97,3.79,9,15,19
561,a,,,5.2,218,50.0,0,0.0,-3,3.0,0.5,257,41.0,36,9,2.2,313.0,34.0,5,120,2.0,180.0,25.0,0.4,6.9,0.0,265262,331,304370,90,2.0,2.0,2.13,0.22,2.35,12.21,0.28,0.03,0.31,1.61,115.6,333.0,33.0,53.4,331.0,37.0,188.0,140.0,33.0,35.3,303.0,36.0,,,,28,,Eliezer,Mayenda Dossou,Mayenda,,,682,2,0,3,9,0,0,0,0,0,0,7,25,,,,0.0,0.4,1.19,0.92,3.3,5,7,13
562,a,,,4.2,646,91.0,0,0.0,-3,3.0,0.5,265,42.0,0,0,0.0,641.0,65.0,0,0,0.0,536.0,52.0,0.0,0.0,0.0,67049,129,87160,286,0.0,0.0,0.0,0.0,0.0,0.0,0.0,0.0,0.0,0.0,0.0,632.0,65.0,0.0,626.0,64.0,0.0,601.0,64.0,0.0,634.0,65.0,,,,28,,Ahmed,Abdullahi,Abdullahi,,,0,0,0,0,0,0,0,0,0,0,0,0,0,,,,0.0,0.0,0.0,0.0,0.0,0,0,0
563,u,0.0,0.0,4.4,558,80.0,0,0.0,-1,1.0,0.1,511,72.0,0,0,0.0,679.0,72.0,0,0,0.0,594.0,61.0,0.0,0.0,0.0,5979,0,20343,6,0.0,0.0,0.0,0.0,0.0,0.0,0.0,0.0,0.0,0.0,0.0,671.0,72.0,0.0,666.0,71.0,0.0,646.0,71.0,0.0,673.0,72.0,,,,28,,Luís Hemir,Silva Semedo,Luís Hemir,has joined Moreirense on loan for the rest of the season.,,0,0,0,0,0,0,0,0,0,0,0,0,0,,,,0.0,0.0,0.0,0.0,0.0,0,0,0
564,u,0.0,0.0,4.4,539,77.0,0,0.0,-1,1.0,0.1,514,73.0,0,0,0.0,669.0,69.0,0,0,0.0,581.0,58.0,0.0,0.0,0.0,3530,0,20147,1,0.0,0.0,0.0,0.0,0.0,0.0,0.0,0.0,0.0,0.0,0.0,659.0,69.0,0.0,655.0,68.0,0.0,633.0,68.0,0.0,661.0,69.0,,,,28,,Nazarii,Rusyn,Rusyn,has joined Arka on loan for the rest of the season.,,0,0,0,0,0,0,0,0,0,0,0,0,0,,,,0.0,0.0,0.0,0.0,0.0,0,0,0
668,a,100.0,100.0,5.1,222,137.0,0,0.0,1,-1.0,3.4,97,31.0,93,2,3.9,79.0,37.0,5,450,0.6,312.0,144.0,0.1,18.2,0.0,1358863,1080,1329749,873,0.6,0.6,0.59,2.28,2.87,32.95,0.03,0.1,0.13,1.44,535.4,51.0,13.0,433.1,39.0,36.0,77.0,274.0,149.0,104.5,69.0,45.0,1.0,1.0,,28,,Granit,Xhaka,Xhaka,,,2056,1,5,7,25,0,0,0,4,0,0,23,253,,,,0.0,0.31,1.09,1.01,11.07,36,106,111
670,a,,,4.9,340,13.0,0,0.0,4,-4.0,11.4,30,6.0,110,2,3.9,77.0,7.0,9,474,2.4,144.0,12.0,0.5,22.4,0.0,2154315,2423,893056,4627,2.4,2.4,0.0,0.1,0.1,41.0,0.0,0.0,0.0,1.46,704.2,8.0,2.0,40.0,352.0,2.0,0.0,769.0,88.0,74.3,141.0,2.0,,,,28,,Robin,Roefs,Roefs,,,2520,0,0,8,34,0,1,0,3,0,85,28,110,,,,3.04,0.29,1.21,1.0,0.0,0,33,277
678,u,0.0,0.0,3.9,746,214.0,0,0.0,-1,1.0,0.5,259,96.0,1,0,0.3,515.0,180.0,0,4,0.0,420.0,161.0,0.0,0.3,0.0,52353,0,82198,82,0.0,0.0,0.07,0.08,0.15,2.09,0.05,0.06,0.11,1.5,21.8,440.0,164.0,20.1,391.0,141.0,7.0,415.0,156.0,4.9,446.0,160.0,,,,28,,Arthur,Masuaku,Masuaku,has joined RC Lens on loan for the rest of the season.,,125,0,0,0,2,0,0,0,1,0,0,2,13,,,,0.0,0.0,1.44,1.44,7.2,4,6,3
683,a,100.0,100.0,4.1,650,156.0,0,0.0,1,-1.0,6.3,59,20.0,93,4,3.9,73.0,27.0,5,313,2.8,115.0,39.0,0.7,22.7,0.0,1547444,3320,905535,1650,2.8,2.8,1.23,0.82,2.04,34.25,0.05,0.04,0.09,1.48,583.2,35.0,13.0,118.7,225.0,58.0,205.0,120.0,20.0,91.1,94.0,25.0,,,,28,,Omar,Alderete,Alderete,,,2083,1,1,7,29,0,0,0,4,0,0,23,254,,,,0.0,0.3,1.25,0.99,9.94,24,206,74
694,i,0.0,0.0,4.6,398,67.0,0,0.0,6,-6.0,11.5,29,10.0,115,0,4.6,25.0,8.0,8,397,2.6,132.0,47.0,0.6,25.0,0.0,2463315,96,1082698,54154,0.0,0.0,1.02,2.01,3.03,35.72,0.04,0.08,0.12,1.49,559.0,45.0,19.0,278.7,100.0,24.0,141.0,192.0,46.0,97.9,82.0,19.0,,,,28,,Nordi,Mukiele,Mukiele,Calf injury - Expected back 14 Mar,,2163,1,5,7,28,1,0,0,4,0,0,25,253,,,,0.0,0.29,1.17,1.04,9.36,57,168,101
724,a,,,4.5,425,83.0,0,0.0,0,0.0,0.0,595,212.0,40,4,1.8,366.0,138.0,0,169,1.6,200.0,74.0,0.4,8.9,0.0,8843,72,6257,30,1.6,1.6,0.44,0.69,1.13,25.0,0.03,0.05,0.08,1.91,206.0,254.0,103.0,104.6,247.0,71.0,46.0,324.0,104.0,35.6,300.0,99.0,,,,28,,Lutsharel,Geertruida,Geertruida,,,1177,0,0,2,19,0,0,0,0,0,0,11,102,,,,0.0,0.15,1.45,0.84,6.58,30,56,52
730,i,0.0,0.0,5.4,174,43.0,-1,1.0,-1,1.0,1.0,194,30.0,62,0,2.8,228.0,24.0,8,224,1.2,248.0,29.0,0.2,11.5,0.0,334580,30,221963,6889,0.0,0.0,2.6,0.41,3.01,21.13,0.2,0.03,0.23,1.59,236.4,230.0,20.0,95.8,261.0,25.0,264.0,87.0,27.0,58.2,206.0,26.0,,,,28,,Brian,Brobbey,Brobbey,Groin Injury - Expected back 14 Mar,,1193,5,1,4,17,0,0,0,3,0,0,13,50,,,,0.0,0.3,1.28,0.98,3.77,7,12,31
735,a,100.0,100.0,5.5,136,84.0,0,0.0,0,0.0,0.0,641,255.0,29,1,2.6,260.0,109.0,1,115,0.2,381.0,175.0,0.0,5.3,0.0,13594,29,12866,6,0.2,0.2,0.48,0.25,0.73,9.61,0.07,0.04,0.11,1.38,115.6,334.0,150.0,108.2,240.0,149.0,135.0,198.0,109.0,35.9,298.0,147.0,,,,28,,Bertrand,Traoré,Traoré,,,628,1,1,3,9,0,0,0,1,0,0,9,40,,,,0.0,0.43,1.29,1.29,5.73,11,11,18
774,a,,,4.0,674,168.0,0,0.0,0,0.0,0.0,692,240.0,0,0,0.0,583.0,215.0,0,0,0.0,462.0,178.0,0.0,0.0,0.0,1348,15,669,22,0.0,0.0,0.0,0.0,0.0,0.0,0.0,0.0,0.0,0.0,0.0,573.0,214.0,0.0,565.0,214.0,0.0,534.0,208.0,0.0,575.0,214.0,,,,28,,Jenson,Jones,Jenson Jones,,,0,0,0,0,0,0,0,0,0,0,0,0,0,,,,0.0,0.0,0.0,0.0,0.0,0,0,0
775,u,0.0,0.0,4.5,493,302.0,0,0.0,0,0.0,0.0,816,365.0,0,0,0.0,740.0,309.0,0,0,0.0,671.0,267.0,0.0,0.0,0.0,160,0,134,1,0.0,0.0,0.0,0.0,0.0,0.0,0.0,0.0,0.0,0.0,0.0,739.0,308.0,0.0,733.0,308.0,0.0,720.0,304.0,0.0,739.0,308.0,,,,28,,Tymur,Tutierov,Tutierov,has joined Exeter City on loan for the rest of the season.,,0,0,0,0,0,0,0,0,0,0,0,0,0,,,,0.0,0.0,0.0,0.0,0.0,0,0,0
800,i,0.0,0.0,5.0,285,178.0,0,0.0,0,0.0,0.0,814,363.0,1,0,1.0,495.0,229.0,0,4,0.2,376.0,170.0,0.0,0.2,0.0,128,0,81,4,0.0,0.0,0.0,0.04,0.04,0.24,0.0,0.09,0.09,0.57,3.4,477.0,219.0,4.3,443.0,214.0,2.0,452.0,224.0,1.0,479.0,222.0,1.0,,,28,,Djiamgone Jocelin Ta,Bi,Jocelin.T,Ankle injury - Expected back 22 Mar,,38,0,0,0,0,0,0,0,0,0,0,1,3,,,,0.0,0.0,0.0,2.37,7.11,1,0,2
812,a,,,4.0,702,61.0,0,0.0,0,0.0,0.0,772,89.0,0,0,0.0,607.0,80.0,0,0,0.0,489.0,72.0,0.0,0.0,0.0,536,12,167,5,0.0,0.0,0.0,0.0,0.0,0.0,0.0,0.0,0.0,0.0,0.0,597.0,80.0,0.0,589.0,68.0,0.0,558.0,55.0,0.0,599.0,80.0,,,,28,,Melker,Ellborg,Ellborg,,,0,0,0,0,0,0,0,0,0,0,0,0,0,,,,0.0,0.0,0.0,0.0,0.0,0,0,0
813,a,,,5.0,276,171.0,0,0.0,0,0.0,0.0,764,327.0,6,1,1.5,410.0,183.0,0,17,1.5,214.0,93.0,0.3,1.2,0.0,758,13,172,18,1.5,1.5,0.49,0.07,0.56,4.92,0.26,0.04,0.3,2.65,25.0,438.0,193.0,27.8,378.0,193.0,62.0,299.0,162.0,11.4,408.0,186.0,,,,28,,Nilson,Angulo,Angulo,,,167,0,0,0,4,0,0,0,0,0,0,2,13,,,,0.0,0.0,2.16,1.08,7.01,4,6,3
565,a,,,4.7,381,16.0,0,0.0,-3,3.0,5.8,65,10.0,83,0,3.1,176.0,19.0,6,387,1.2,237.0,18.0,0.3,17.7,0.0,1349301,302,1388174,1304,1.2,1.2,0.0,0.02,0.02,39.11,0.0,0.0,0.0,1.45,619.4,25.0,7.0,0.1,487.0,15.0,0.0,742.0,81.0,62.2,196.0,9.0,,,,28,,Guglielmo,Vicario,Vicario,,,2430,0,0,7,41,0,0,0,1,0,73,27,97,,,,2.7,0.26,1.52,1.0,0.0,1,33,218
566,a,,,3.9,753,78.0,0,0.0,-1,1.0,0.3,321,44.0,0,0,0.0,548.0,47.0,0,0,0.0,425.0,38.0,0.0,0.0,0.0,20841,20,24104,31,0.0,0.0,0.0,0.0,0.0,0.0,0.0,0.0,0.0,0.0,0.0,538.0,47.0,0.0,526.0,31.0,0.0,493.0,18.0,0.0,540.0,47.0,,,,28,,Brandon,Austin,Austin,,,0,0,0,0,0,0,0,0,0,0,0,0,0,,,,0.0,0.0,0.0,0.0,0.0,0,0,0
567,a,,,3.9,768,85.0,0,0.0,-1,1.0,1.6,151,19.0,0,0,0.0,558.0,54.0,0,0,0.0,436.0,45.0,0.0,0.0,0.0,125588,72,173777,171,0.0,0.0,0.0,0.0,0.0,0.0,0.0,0.0,0.0,0.0,0.0,548.0,54.0,0.0,536.0,38.0,0.0,503.0,25.0,0.0,550.0,54.0,,,,28,,Antonín,Kinský,Kinsky,,,0,0,0,0,0,0,0,0,0,0,0,0,0,,,,0.0,0.0,0.0,0.0,0.0,0,0,0
568,a,100.0,100.0,5.1,234,33.0,0,0.0,-4,4.0,9.3,39,14.0,79,0,3.4,137.0,50.0,4,344,0.0,760.0,258.0,0.0,15.5,0.0,1468116,767,3011808,892,0.0,0.0,0.48,2.81,3.29,25.39,0.02,0.14,0.16,1.26,414.6,100.0,47.0,517.6,23.0,1.0,89.0,254.0,70.0,102.3,74.0,13.0,2.0,2.0,,28,,Pedro,Porro Sauceda,Pedro Porro,,,1820,0,3,7,24,0,0,0,5,0,0,21,171,,,,0.0,0.35,1.19,1.04,6.73,43,93,94
569,s,0.0,0.0,5.0,253,38.0,0,0.0,0,0.0,3.2,105,41.0,89,0,4.2,50.0,22.0,10,288,-0.6,819.0,266.0,-0.1,17.8,0.0,1016390,20,1188956,2372,0.0,0.0,1.33,1.2,2.53,25.77,0.07,0.06,0.13,1.36,543.2,49.0,22.0,110.8,237.0,65.0,206.0,118.0,19.0,86.0,110.0,31.0,,,,28,,Cristian,Romero,Romero,Suspended until 15 Mar,,1710,4,1,5,29,0,0,0,8,2,0,20,209,,,,0.0,0.26,1.53,1.05,9.58,53,129,80
570,a,100.0,100.0,4.2,627,141.0,0,0.0,-3,3.0,0.1,438,162.0,27,0,2.1,320.0,116.0,1,111,0.0,526.0,218.0,0.0,6.4,0.0,16960,22,30594,16,0.0,0.0,0.03,0.18,0.21,10.71,0.0,0.02,0.02,1.46,194.2,260.0,105.0,9.1,428.0,154.0,8.0,409.0,151.0,21.2,361.0,124.0,,,,28,,Kevin,Danso,Danso,,,658,0,0,2,12,0,0,0,4,0,0,8,100,,,,0.0,0.27,1.64,1.09,12.72,13,80,28
571,i,0.0,0.0,4.3,577,125.0,0,0.0,-2,2.0,0.1,540,193.0,10,0,3.3,142.0,52.0,1,29,0.0,541.0,228.0,0.0,2.3,0.0,4407,2,11891,15,0.0,0.0,0.49,0.07,0.56,1.11,0.32,0.05,0.37,0.73,67.4,388.0,148.0,22.2,387.0,138.0,52.0,319.0,102.0,14.2,390.0,140.0,,,,28,,Ben,Davies,Davies,Ankle injury - Unknown return date,,136,1,0,0,3,0,0,0,1,0,0,2,14,,,,0.0,0.0,1.99,1.32,9.26,5,9,5
572,a,100.0,100.0,4.5,449,90.0,0,0.0,0,0.0,0.0,676,236.0,8,0,1.3,427.0,154.0,0,17,1.2,235.0,88.0,0.3,1.8,0.0,2949,38,2193,21,1.2,1.2,0.18,0.0,0.18,8.1,0.05,0.0,0.05,2.18,81.0,372.0,141.0,2.3,453.0,165.0,17.0,388.0,138.0,10.0,413.0,147.0,,,,28,,Radu,Drăgușin,Dragusin,,,334,0,0,0,10,0,0,0,0,0,0,3,44,,,,0.0,0.0,2.69,0.81,11.86,2,42,11
573,a,100.0,100.0,4.2,633,145.0,0,0.0,-3,3.0,1.0,195,75.0,55,0,2.5,269.0,104.0,1,209,0.0,529.0,220.0,0.0,13.1,0.0,299047,191,354297,244,0.0,0.0,0.82,1.73,2.55,28.15,0.04,0.09,0.13,1.5,233.2,232.0,90.0,190.1,167.0,40.0,153.0,173.0,41.0,57.5,210.0,69.0,,,,28,,Djed,Spence,Spence,,,1686,0,0,7,27,0,0,0,4,0,0,19,113,,,,0.0,0.37,1.44,1.01,4.75,31,58,95
574,i,0.0,0.0,4.3,593,136.0,0,0.0,-2,2.0,0.3,317,116.0,15,0,1.2,436.0,157.0,0,62,0.2,362.0,129.0,0.0,3.5,0.0,50349,2,113040,66,0.0,0.0,0.16,0.51,0.67,13.98,0.02,0.06,0.08,1.58,144.0,305.0,116.0,122.3,222.0,56.0,82.0,262.0,74.0,34.9,305.0,102.0,,,,28,,Destiny,Udogie,Udogie,Hamstring injury - Expected back 15 Mar,,794,0,1,0,17,0,0,0,2,0,0,8,61,,,,0.0,0.0,1.93,0.91,4.53,19,21,47
575,a,100.0,100.0,4.5,447,89.0,0,0.0,0,0.0,22.8,16,5.0,100,0,4.0,57.0,24.0,10,355,0.8,280.0,99.0,0.2,22.2,0.0,3478073,3757,3910405,7102,0.8,0.8,2.79,0.34,3.13,34.99,0.11,0.01,0.12,1.41,571.4,39.0,16.0,79.1,296.0,95.0,202.0,122.0,21.0,85.2,115.0,34.0,,,,28,,Micky,van de Ven,Van de Ven,,,2239,4,1,7,37,0,0,0,6,0,0,25,207,,,,0.0,0.28,1.49,1.0,6.87,29,142,87
576,u,0.0,0.0,4.0,710,188.0,0,0.0,0,0.0,0.0,731,254.0,0,0,0.0,612.0,228.0,0,0,0.0,495.0,195.0,0.0,0.0,0.0,0,0,1992,0,0.0,0.0,0.0,0.0,0.0,0.0,0.0,0.0,0.0,0.0,0.0,602.0,227.0,0.0,594.0,227.0,0.0,564.0,222.0,0.0,604.0,227.0,,,,28,,Ashley,Phillips,Phillips,Has joined Stoke City on loan for the rest of the season.,,0,0,0,0,0,0,0,0,0,0,0,0,0,,,,0.0,0.0,0.0,0.0,0.0,0,0,0
577,u,0.0,0.0,4.0,712,189.0,0,0.0,0,0.0,0.0,601,214.0,0,0,0.0,614.0,229.0,0,0,0.0,497.0,196.0,0.0,0.0,0.0,1005,0,9009,5,0.0,0.0,0.0,0.0,0.0,0.0,0.0,0.0,0.0,0.0,0.0,604.0,228.0,0.0,596.0,228.0,0.0,566.0,223.0,0.0,606.0,228.0,,,,28,,Takai,Kōta,Takai,has joined Borussia Mönchengladbach on loan for the rest of the season.,,0,0,0,0,0,0,0,0,0,0,0,0,0,,,,0.0,0.0,0.0,0.0,0.0,0,0,0
578,u,0.0,0.0,3.9,783,232.0,0,0.0,-1,1.0,0.3,309,113.0,0,0,0.0,571.0,209.0,0,0,0.0,449.0,172.0,0.0,0.0,0.0,7334,0,91777,22,0.0,0.0,0.0,0.0,0.0,0.0,0.0,0.0,0.0,0.0,0.0,561.0,208.0,0.0,550.0,208.0,0.0,518.0,201.0,0.0,563.0,208.0,,,,28,,Luka,Vušković,Vuskovic,has joined Hamburger SV on loan for the rest of the season.,,0,0,0,0,0,0,0,0,0,0,0,0,0,,,,0.0,0.0,0.0,0.0,0.0,0,0,0
579,u,0.0,0.0,8.5,11,6.0,0,0.0,0,0.0,0.1,445,152.0,0,0,0.0,819.0,367.0,0,0,0.0,816.0,367.0,0.0,0.0,0.0,0,0,25513,2,0.0,0.0,0.0,0.0,0.0,0.0,0.0,0.0,0.0,0.0,0.0,819.0,367.0,0.0,819.0,367.0,0.0,819.0,367.0,0.0,819.0,367.0,,,,28,,Son,Heung-min,Son,has joined Los Angeles FC permanently.,,0,0,0,0,0,0,0,0,0,0,0,0,0,,,,0.0,0.0,0.0,0.0,0.0,0,0,0
581,i,0.0,0.0,6.8,42,25.0,0,0.0,-2,2.0,0.1,442,151.0,0,0,0.0,816.0,364.0,0,0,0.0,809.0,362.0,0.0,0.0,0.0,1710,3,23750,6,0.0,0.0,0.0,0.0,0.0,0.0,0.0,0.0,0.0,0.0,0.0,816.0,364.0,0.0,816.0,364.0,0.0,816.0,364.0,0.0,816.0,364.0,,,,28,,James,Maddison,Maddison,Anterior cruciate ligament - Unknown return date,,0,0,0,0,0,0,0,0,0,0,0,0,0,,,,0.0,0.0,0.0,0.0,0.0,0,0,0
582,i,0.0,0.0,6.4,59,38.0,0,0.0,-1,1.0,9.5,36,12.0,75,0,3.9,82.0,40.0,7,257,0.0,806.0,361.0,0.0,11.7,0.0,3263232,5,5192194,1744,0.0,0.0,1.92,2.41,4.33,22.74,0.11,0.14,0.25,1.33,333.4,151.0,54.0,413.8,43.0,39.0,302.0,76.0,45.0,104.7,68.0,44.0,3.0,4.0,3.0,28,,Mohammed,Kudus,Kudus,Thigh injury - Expected back 11 Apr,,1535,2,6,7,20,0,0,0,3,0,0,19,133,,,,0.0,0.41,1.17,1.11,7.8,29,9,95
583,i,0.0,0.0,6.4,58,37.0,0,0.0,-1,1.0,0.0,722,301.0,0,0,0.0,813.0,363.0,0,0,0.0,805.0,360.0,0.0,0.0,0.0,976,8,2062,2,0.0,0.0,0.0,0.0,0.0,0.0,0.0,0.0,0.0,0.0,0.0,813.0,363.0,0.0,813.0,363.0,0.0,813.0,363.0,0.0,813.0,363.0,,,,28,,Dejan,Kulusevski,Kulusevski,Knee injury - Unknown return date,,0,0,0,0,0,0,0,0,0,0,0,0,0,,,,0.0,0.0,0.0,0.0,0.0,0,0,0
584,a,,,6.2,78,52.0,0,0.0,-3,3.0,0.1,434,146.0,49,0,2.5,284.0,122.0,5,153,0.8,296.0,135.0,0.1,7.9,0.0,39806,128,45626,56,0.8,0.8,1.67,0.77,2.43,9.44,0.24,0.11,0.35,1.35,151.2,297.0,132.0,155.8,191.0,126.0,189.0,136.0,78.0,49.9,243.0,123.0,4.0,,,28,,Mathys,Tel,Tel,,,629,3,1,1,13,0,0,0,0,0,0,6,57,,,,0.0,0.14,1.86,0.86,8.16,11,5,41
585,i,0.0,0.0,5.2,208,129.0,-1,1.0,-3,3.0,0.2,403,135.0,64,0,3.2,160.0,69.0,3,269,0.0,764.0,331.0,0.0,12.3,0.0,56878,0,66267,54,0.0,0.0,0.45,0.68,1.13,20.56,0.03,0.04,0.07,1.32,268.6,208.0,88.0,159.7,187.0,125.0,85.0,258.0,141.0,51.6,234.0,117.0,,,,28,,Rodrigo,Bentancur,Bentancur,Hamstring injury - Unknown return date,,1407,1,1,5,21,0,0,0,5,0,0,17,207,,,,0.0,0.32,1.34,1.09,13.24,37,69,101
586,i,0.0,0.0,5.2,219,136.0,0,0.0,-3,3.0,0.2,394,131.0,39,0,2.3,298.0,130.0,0,139,0.0,767.0,333.0,0.0,7.5,0.0,102328,0,111036,21,0.0,0.0,0.96,0.39,1.35,10.21,0.11,0.04,0.15,1.15,137.4,312.0,142.0,81.4,288.0,167.0,133.0,200.0,111.0,35.3,304.0,148.0,,,,28,,Lucas,Bergvall,Bergvall,Ankle injury - Unknown return date,,799,1,2,3,13,0,0,0,2,0,0,10,68,,,,0.0,0.34,1.46,1.13,7.66,20,14,34
587,a,100.0,100.0,5.2,211,130.0,0,0.0,-3,3.0,0.0,583,218.0,11,0,1.8,372.0,162.0,0,70,1.2,244.0,108.0,0.2,2.1,0.0,3106,30,14417,18,1.2,1.2,0.28,0.07,0.35,8.32,0.08,0.02,0.1,2.24,67.4,390.0,172.0,14.1,403.0,200.0,21.0,376.0,191.0,10.2,411.0,188.0,,,,28,,Yves,Bissouma,Bissouma,,,334,0,0,0,11,0,0,0,2,0,0,4,54,,,,0.0,0.0,2.96,1.08,14.55,14,20,20
588,i,0.0,0.0,5.3,204,127.0,0,0.0,-2,2.0,0.1,582,217.0,46,0,1.9,348.0,150.0,6,176,0.6,317.0,148.0,0.1,8.7,0.0,16357,1,17266,63,0.0,0.0,1.92,1.21,3.13,14.24,0.18,0.11,0.29,1.32,158.8,293.0,130.0,284.3,95.0,71.0,234.0,102.0,64.0,67.6,169.0,88.0,,,,28,,Wilson,Odobert,Odobert,Knee injury - Unknown return date,,972,0,2,2,13,0,0,0,0,0,0,10,77,,,,0.0,0.19,1.2,0.93,7.13,10,14,53
589,u,0.0,0.0,5.4,170,105.0,0,0.0,-1,1.0,0.0,760,324.0,0,0,0.0,799.0,352.0,0,0,0.0,779.0,340.0,0.0,0.0,0.0,115,0,1476,0,0.0,0.0,0.0,0.0,0.0,0.0,0.0,0.0,0.0,0.0,0.0,799.0,352.0,0.0,798.0,352.0,0.0,796.0,351.0,0.0,799.0,352.0,,,,28,,Manor,Solomon,Solomon,has joined Fiorentina on loan for the rest of the season.,,0,0,0,0,0,0,0,0,0,0,0,0,0,,,,0.0,0.0,0.0,0.0,0.0,0,0,0
590,u,0.0,0.0,4.9,328,203.0,0,0.0,-1,1.0,0.0,657,264.0,0,0,0.0,772.0,333.0,0,0,0.0,726.0,306.0,0.0,0.0,0.0,675,0,4478,1,0.0,0.0,0.0,0.0,0.0,0.0,0.0,0.0,0.0,0.0,0.0,772.0,333.0,0.0,768.0,333.0,0.0,763.0,331.0,0.0,772.0,333.0,,,,28,,Bryan,Gil Salvatierra,Bryan,has joined Girona permanently.,,0,0,0,0,0,0,0,0,0,0,0,0,0,,,,0.0,0.0,0.0,0.0,0.0,0,0,0
591,a,100.0,100.0,4.8,372,233.0,0,0.0,-2,2.0,0.1,423,143.0,43,0,2.5,276.0,116.0,6,162,3.0,108.0,46.0,0.6,9.0,0.0,19106,124,22996,75,3.0,3.0,1.25,0.45,1.7,16.5,0.11,0.04,0.15,1.46,176.0,275.0,119.0,80.5,290.0,169.0,121.0,220.0,121.0,37.7,295.0,146.0,,,,28,,Archie,Gray,Gray,,,1017,2,0,5,18,0,0,0,5,0,0,13,94,,,,0.0,0.44,1.59,1.15,8.32,9,48,37
592,u,0.0,0.0,5.0,272,167.0,0,0.0,0,0.0,0.0,790,347.0,0,0,0.0,789.0,346.0,0,0,0.0,750.0,323.0,0.0,0.0,0.0,0,0,684,0,0.0,0.0,0.0,0.0,0.0,0.0,0.0,0.0,0.0,0.0,0.0,789.0,346.0,0.0,787.0,346.0,0.0,783.0,344.0,0.0,789.0,346.0,,,,28,,Mikey,Moore,Moore,Has joined Rangers on loan for the rest of the season.,,0,0,0,0,0,0,0,0,0,0,0,0,0,,,,0.0,0.0,0.0,0.0,0.0,0,0,0
593,a,100.0,100.0,4.5,442,265.0,0,0.0,-5,5.0,1.1,185,65.0,57,0,3.2,151.0,66.0,2,232,3.0,102.0,43.0,0.7,12.7,0.0,378564,1677,565726,355,3.0,3.0,1.16,0.96,2.12,20.22,0.1,0.08,0.18,1.79,266.8,210.0,89.0,107.9,243.0,151.0,120.0,221.0,122.0,49.6,244.0,124.0,,,,28,,Pape Matar,Sarr,P.M.Sarr,,,1018,2,3,3,15,0,0,0,1,0,0,10,137,,,,0.0,0.27,1.33,0.88,12.11,25,58,54
594,u,0.0,0.0,4.5,504,311.0,0,0.0,0,0.0,0.0,733,308.0,0,0,0.0,748.0,316.0,0,0,0.0,680.0,275.0,0.0,0.0,0.0,0,0,2821,2,0.0,0.0,0.0,0.0,0.0,0.0,0.0,0.0,0.0,0.0,0.0,748.0,316.0,0.0,742.0,316.0,0.0,729.0,312.0,0.0,748.0,316.0,,,,28,,Yang,Min-hyeok,Min-hyeok,has joined Coventry City on loan for the rest of the season.,,0,0,0,0,0,0,0,0,0,0,0,0,0,,,,0.0,0.0,0.0,0.0,0.0,0,0,0
595,a,,,4.3,600,351.0,0,0.0,-2,2.0,0.2,363,121.0,0,0,0.0,649.0,245.0,0,0,0.0,553.0,187.0,0.0,0.0,0.0,24144,59,29587,37,0.0,0.0,0.0,0.0,0.0,0.0,0.0,0.0,0.0,0.0,0.0,639.0,236.0,0.0,634.0,241.0,0.0,611.0,230.0,0.0,641.0,238.0,,,,28,,Callum,Olusesi,Olusesi,,,0,0,0,0,0,0,0,0,0,0,0,0,0,,,,0.0,0.0,0.0,0.0,0.0,0,0,0
596,a,100.0,100.0,7.2,30,13.0,0,0.0,-3,3.0,1.2,172,27.0,22,0,2.8,234.0,25.0,3,94,3.4,83.0,13.0,0.5,3.1,0.0,132786,418,504545,890,3.4,3.4,1.2,0.17,1.37,8.71,0.25,0.04,0.29,1.8,111.0,339.0,34.0,39.3,353.0,43.0,145.0,187.0,39.0,29.4,333.0,39.0,,,2.0,28,,Dominic,Solanke-Mitchell,Solanke,,,435,2,0,0,9,0,0,0,1,0,0,4,31,,,,0.0,0.0,1.86,0.83,6.41,12,11,8
597,a,100.0,100.0,6.3,66,21.0,0,0.0,-2,2.0,5.4,68,13.0,76,0,3.5,129.0,11.0,9,343,0.2,385.0,48.0,0.0,12.1,0.0,2948681,359,3041285,629,0.2,0.2,5.19,1.22,6.41,18.22,0.36,0.08,0.44,1.26,386.8,115.0,9.0,159.3,188.0,17.0,514.0,24.0,13.0,105.9,66.0,12.0,,,5.0,28,,Richarlison,de Andrade,Richarlison,,,1298,7,3,5,20,0,0,0,4,0,0,13,100,,,,0.0,0.35,1.39,0.9,6.93,15,46,39
598,u,0.0,0.0,4.5,468,67.0,0,0.0,0,0.0,0.0,672,87.0,0,0,0.0,722.0,76.0,0,0,0.0,648.0,65.0,0.0,0.0,0.0,0,0,5100,1,0.0,0.0,0.0,0.0,0.0,0.0,0.0,0.0,0.0,0.0,0.0,718.0,76.0,0.0,713.0,75.0,0.0,698.0,75.0,0.0,719.0,76.0,,,,28,,Will,Lankshear,Lankshear,has joined Oxford United on loan for the rest of the season.,,0,0,0,0,0,0,0,0,0,0,0,0,0,,,,0.0,0.0,0.0,0.0,0.0,0,0,0
599,u,0.0,0.0,4.3,595,84.0,0,0.0,-2,2.0,0.6,247,37.0,2,0,1.0,460.0,57.0,0,5,0.0,549.0,53.0,0.0,0.5,0.0,60820,0,108540,156,0.0,0.0,0.0,0.01,0.01,0.03,0.0,0.13,0.13,0.39,1.0,495.0,60.0,4.1,444.0,59.0,2.0,441.0,60.0,0.7,484.0,60.0,,,,28,,Dane,Scarlett,Scarlett,has joined Hibernian on loan for the rest of the season.,,7,0,0,0,0,0,0,0,0,0,0,0,1,,,,0.0,0.0,0.0,0.0,12.86,0,0,1
673,a,100.0,100.0,5.5,137,85.0,0,0.0,0,0.0,0.8,206,72.0,88,0,3.7,102.0,48.0,11,372,2.0,182.0,80.0,0.4,16.0,0.0,368395,124,357379,236,2.0,2.0,1.11,0.55,1.66,25.1,0.06,0.03,0.09,1.42,471.0,73.0,21.0,100.4,253.0,155.0,153.0,175.0,96.0,72.7,147.0,78.0,,,,28,,João Maria,Lobo Alves Palhares Costa Palhinha Gonçalves,J.Palhinha,,,1594,3,3,4,27,0,0,0,6,0,0,17,221,,,,0.0,0.23,1.52,0.96,12.48,88,70,63
717,a,100.0,100.0,6.5,53,34.0,0,0.0,-5,5.0,1.2,180,63.0,61,0,2.9,210.0,90.0,5,268,2.2,164.0,73.0,0.3,9.4,0.0,811003,682,730838,522,2.2,2.2,2.13,3.29,5.42,26.2,0.13,0.2,0.33,1.62,269.4,205.0,85.0,431.7,40.0,37.0,200.0,124.0,72.0,90.2,98.0,58.0,1.0,3.0,4.0,28,,Xavi,Simons,Xavi,,,1460,1,4,3,31,0,0,0,4,1,0,16,128,,,,0.0,0.18,1.91,0.99,7.89,29,22,77
796,a,,,5.4,169,104.0,0,0.0,-1,1.0,0.1,421,142.0,17,0,2.8,227.0,92.0,0,91,2.6,137.0,61.0,0.5,3.1,0.0,35797,129,18462,185,2.6,2.6,0.56,0.46,1.02,11.54,0.11,0.09,0.2,2.2,81.2,371.0,165.0,103.7,249.0,153.0,82.0,263.0,143.0,26.7,344.0,166.0,,,,28,,Conor,Gallagher,Gallagher,,,473,0,1,0,12,0,0,0,0,0,0,6,51,,,,0.0,0.0,2.28,1.14,9.7,10,12,29
804,a,,,4.0,730,206.0,0,0.0,0,0.0,0.0,699,243.0,1,0,1.0,455.0,167.0,0,1,0.2,358.0,126.0,0.0,0.2,0.0,1782,19,590,19,0.2,0.2,0.0,0.0,0.0,1.04,0.0,0.0,0.0,2.67,6.0,468.0,169.0,10.3,416.0,151.0,0.0,581.0,237.0,1.6,469.0,168.0,,,,28,,João Victor,de Souza Menezes,Souza,,,35,0,0,0,1,0,0,0,0,0,0,0,2,,,,0.0,0.0,2.57,0.0,5.14,0,2,2
811,a,,,4.5,462,279.0,0,0.0,0,0.0,0.0,800,353.0,0,0,0.0,718.0,293.0,0,0,0.0,643.0,245.0,0.0,0.0,0.0,282,10,88,4,0.0,0.0,0.0,0.0,0.0,0.0,0.0,0.0,0.0,0.0,0.0,713.0,289.0,0.0,709.0,291.0,0.0,693.0,284.0,0.0,714.0,290.0,,,,28,,Rio,Kyerematen,Kyerematen,,,0,0,0,0,0,0,0,0,0,0,0,0,0,,,,0.0,0.0,0.0,0.0,0.0,0,0,0
818,a,,,4.5,501,72.0,0,0.0,0,0.0,0.0,751,91.0,0,0,0.0,745.0,81.0,0,0,0.0,677.0,70.0,0.0,0.0,0.0,853,115,107,27,0.0,0.0,0.0,0.0,0.0,0.0,0.0,0.0,0.0,0.0,0.0,745.0,81.0,0.0,739.0,80.0,0.0,726.0,80.0,0.0,745.0,81.0,,,,28,,James,Wilson,Wilson,,,0,0,0,0,0,0,0,0,0,0,0,0,0,,,,0.0,0.0,0.0,0.0,0.0,0,0,0
326,a,,,5.1,226,139.0,0,0.0,-4,4.0,0.2,406,136.0,20,1,1.1,443.0,199.0,0,64,0.6,313.0,145.0,0.1,3.9,0.0,16147,55,36043,84,0.6,0.1,0.34,0.55,0.89,6.5,0.11,0.17,0.28,2.05,21.8,442.0,194.0,63.8,314.0,177.0,62.0,300.0,163.0,14.4,389.0,181.0,,,,28,,Adama,Traoré Diarra,Adama,,,286,0,0,0,10,0,0,0,1,0,0,1,14,,,,0.0,0.0,3.15,0.31,4.41,1,1,12
600,a,,,4.3,573,27.0,0,0.0,-2,2.0,2.1,134,18.0,51,0,2.5,271.0,24.0,2,220,0.4,328.0,21.0,0.1,11.9,0.0,180687,194,442377,718,0.4,-0.1,0.0,0.0,0.0,35.3,0.0,0.0,0.0,1.76,570.4,40.0,11.0,10.0,420.0,6.0,0.0,603.0,68.0,57.9,207.0,10.0,,,,28,,Alphonse,Areola,Areola,,,1800,0,1,0,37,0,0,0,0,0,77,20,55,,,,3.85,0.0,1.85,1.0,0.0,0,30,142
601,u,0.0,0.0,4.0,661,42.0,0,0.0,0,0.0,0.2,355,51.0,0,0,0.0,574.0,63.0,0,0,0.0,452.0,54.0,0.0,0.0,0.0,3874,0,42438,21,0.0,0.0,0.0,0.0,0.0,0.0,0.0,0.0,0.0,0.0,0.0,564.0,63.0,0.0,554.0,49.0,0.0,522.0,36.0,0.0,566.0,63.0,,,,28,,Wes,Foderingham,Foderingham,has joined Aris Limassol permanently.,,0,0,0,0,0,0,0,0,0,0,0,0,0,,,,0.0,0.0,0.0,0.0,0.0,0,0,0
602,u,0.0,0.0,3.9,767,84.0,0,0.0,-1,1.0,0.2,362,53.0,0,0,0.0,557.0,53.0,0,0,0.0,435.0,44.0,0.0,0.0,0.0,11331,0,19433,35,0.0,0.0,0.0,0.0,0.0,0.0,0.0,0.0,0.0,0.0,0.0,547.0,53.0,0.0,535.0,37.0,0.0,502.0,24.0,0.0,549.0,53.0,,,,28,,Krisztián,Hegyi,Hegyi,has joined MTK Budapest on loan for the rest of the season.,,0,0,0,0,0,0,0,0,0,0,0,0,0,,,,0.0,0.0,0.0,0.0,0.0,0,0,0
603,a,100.0,100.0,4.0,728,204.0,0,0.0,-5,5.0,1.8,144,56.0,75,5,3.4,131.0,47.0,3,227,6.0,8.0,4.0,1.5,18.8,0.0,304211,4554,886326,374,6.0,5.5,0.46,1.69,2.15,29.57,0.02,0.08,0.1,1.46,405.6,106.0,48.0,246.0,122.0,32.0,79.0,268.0,75.0,73.2,145.0,48.0,,,,28,,El Hadji Malick,Diouf,Diouf,,,1823,0,6,5,37,0,0,0,4,0,0,20,189,,,,0.0,0.25,1.83,0.99,7.6,29,125,75
604,u,0.0,0.0,4.4,522,102.0,0,0.0,-1,1.0,0.1,581,208.0,0,0,0.0,664.0,251.0,0,0,0.0,573.0,232.0,0.0,0.0,0.0,1719,0,20764,4,0.0,0.0,0.0,0.0,0.0,0.0,0.0,0.0,0.0,0.0,0.0,654.0,250.0,0.0,650.0,250.0,0.0,628.0,249.0,0.0,656.0,250.0,,,,28,,Emerson,Palmieri dos Santos,Emerson,has joined Marseille permanently.,,0,0,0,0,0,0,0,0,0,0,0,0,0,,,,0.0,0.0,0.0,0.0,0.0,0,0,0
605,a,,,4.1,651,157.0,-1,1.0,-4,4.0,0.1,416,153.0,36,0,1.7,376.0,140.0,0,80,0.0,519.0,216.0,0.0,8.8,0.0,30007,12,49808,43,0.0,-0.5,0.56,0.25,0.81,33.28,0.03,0.01,0.04,1.92,392.4,113.0,50.0,55.8,329.0,112.0,60.0,305.0,90.0,50.9,237.0,78.0,,,,28,,Maximilian,Kilman,Kilman,,,1559,0,0,1,37,0,0,0,4,0,0,17,191,,,,0.0,0.06,2.14,0.98,9.24,16,144,43
606,a,100.0,100.0,4.4,534,113.0,0,0.0,-1,1.0,0.1,506,181.0,61,2,2.9,201.0,81.0,0,179,4.2,45.0,13.0,1.0,13.9,0.0,19428,90,18825,45,4.2,3.7,1.37,0.38,1.75,27.69,0.07,0.02,0.09,1.45,430.4,88.0,40.0,25.0,382.0,137.0,155.0,171.0,39.0,61.0,201.0,67.0,,,,28,,Konstantinos,Mavropanos,Mavropanos,,,1721,0,0,3,33,1,0,0,2,0,0,18,222,,,,0.0,0.16,1.73,0.94,10.56,25,177,67
607,u,0.0,0.0,4.4,527,107.0,0,0.0,-1,1.0,0.0,609,215.0,3,0,1.5,402.0,146.0,0,-1,0.0,576.0,235.0,0.0,0.7,0.0,1288,0,12314,1,0.0,0.0,0.1,0.03,0.13,3.42,0.05,0.02,0.07,1.71,39.0,416.0,157.0,3.9,446.0,161.0,8.0,411.0,153.0,5.1,444.0,159.0,,,,28,,Nayef,Aguerd,N.Aguerd,has joined Marseille permanently.,,180,0,0,0,8,0,0,0,0,0,0,2,23,,,,0.0,0.0,4.0,1.0,7.5,1,14,8
608,a,100.0,100.0,4.3,606,139.0,0,0.0,-2,2.0,0.0,617,219.0,21,0,1.8,361.0,136.0,0,86,0.4,329.0,113.0,0.1,4.9,0.0,4926,4,6691,11,0.4,-0.1,0.18,0.32,0.5,13.28,0.02,0.04,0.06,1.83,138.2,311.0,117.0,71.7,301.0,99.0,22.0,368.0,126.0,23.2,352.0,120.0,5.0,,,28,,Ollie,Scarles,Scarles,,,654,0,1,0,16,0,0,0,1,0,0,9,73,,,,0.0,0.0,2.2,1.24,9.91,29,43,35
609,a,100.0,100.0,4.3,588,133.0,0,0.0,-2,2.0,0.1,488,174.0,31,0,1.7,377.0,141.0,0,112,0.0,545.0,230.0,0.0,7.2,0.0,11588,24,19572,23,0.0,-0.5,0.25,0.29,0.54,28.74,0.01,0.02,0.03,1.7,333.0,152.0,66.0,64.5,313.0,104.0,22.0,367.0,125.0,42.0,275.0,90.0,,,,28,,Jean-Clair,Todibo,Todibo,,,1521,0,1,0,33,0,0,0,4,1,0,18,152,,,,0.0,0.0,1.95,1.07,8.17,33,105,76
610,a,100.0,100.0,4.1,652,158.0,0,0.0,-4,4.0,4.6,80,26.0,54,0,2.8,216.0,85.0,0,167,4.6,28.0,9.0,1.1,13.2,0.0,252787,1497,2293957,1112,4.6,4.1,0.0,0.8,0.8,28.44,0.0,0.04,0.04,1.56,369.8,129.0,58.0,276.2,103.0,27.0,28.0,358.0,119.0,67.7,167.0,56.0,,,,28,,Aaron,Wan-Bissaka,Wan-Bissaka,,,1641,0,3,2,36,0,0,0,2,0,0,18,156,,,,0.0,0.11,1.97,0.99,7.79,24,118,53
611,u,0.0,0.0,4.0,707,185.0,0,0.0,0,0.0,0.1,546,195.0,0,0,0.0,610.0,226.0,0,0,0.0,492.0,192.0,0.0,0.0,0.0,0,0,13184,6,0.0,0.0,0.0,0.0,0.0,0.0,0.0,0.0,0.0,0.0,0.0,600.0,225.0,0.0,592.0,225.0,0.0,561.0,219.0,0.0,602.0,225.0,,,,28,,Kaelan,Casey,Casey,has joined Leyton Orient on loan for the rest of the season.,,0,0,0,0,0,0,0,0,0,0,0,0,0,,,,0.0,0.0,0.0,0.0,0.0,0,0,0
612,u,0.0,0.0,5.9,96,62.0,0,0.0,-1,1.0,1.1,184,64.0,69,0,3.8,88.0,44.0,8,291,0.0,796.0,354.0,0.0,11.7,0.0,897173,0,971791,321,0.0,0.0,2.85,2.0,4.85,24.22,0.17,0.12,0.29,1.44,374.6,122.0,40.0,397.2,49.0,43.0,186.0,142.0,82.0,95.7,87.0,52.0,,,,28,,Lucas,Tolentino Coelho de Lima,L.Paquetá,has joined Flamengo permanently.,,1513,4,2,3,33,0,0,0,5,1,0,18,146,,,,0.0,0.18,1.96,1.07,8.68,40,30,76
613,a,100.0,100.0,5.7,116,73.0,0,0.0,-3,3.0,0.3,331,112.0,70,7,2.8,231.0,95.0,6,274,4.6,32.0,16.0,0.8,12.3,0.0,37499,372,108145,92,4.6,4.1,4.31,0.37,4.68,24.99,0.29,0.03,0.32,1.7,345.2,144.0,49.0,133.0,207.0,136.0,320.0,69.0,40.0,79.9,128.0,72.0,,,,28,,Tomáš,Souček,Souček,,,1326,4,2,3,33,0,0,0,2,1,0,14,137,,,,0.0,0.2,2.24,0.95,9.3,22,74,41
615,a,100.0,100.0,5.7,119,74.0,0,0.0,2,-2.0,3.1,106,33.0,81,1,3.5,128.0,58.0,7,297,5.0,21.0,7.0,0.9,14.2,0.0,511987,4600,123943,4754,5.0,4.5,4.4,1.57,5.97,27.28,0.22,0.08,0.3,1.39,326.2,162.0,60.0,313.9,82.0,61.0,453.0,29.0,15.0,109.3,57.0,38.0,2.0,,,28,,Crysencio,Summerville,Summerville,,,1766,4,3,4,34,0,0,0,4,0,0,21,153,,,,0.0,0.2,1.73,1.07,7.8,30,39,84
616,u,0.0,0.0,4.9,312,196.0,0,0.0,-1,1.0,0.0,598,227.0,0,0,0.0,768.0,329.0,0,0,0.0,720.0,301.0,0.0,0.0,0.0,1147,0,16079,4,0.0,0.0,0.0,0.0,0.0,0.0,0.0,0.0,0.0,0.0,0.0,768.0,329.0,0.0,764.0,329.0,0.0,758.0,327.0,0.0,768.0,329.0,,,,28,,Edson,Álvarez Velázquez,Álvarez,Has joined Fenerbahçe on loan for the rest of the season.,,0,0,0,0,0,0,0,0,0,0,0,0,0,,,,0.0,0.0,0.0,0.0,0.0,0,0,0
617,u,0.0,0.0,4.9,290,180.0,0,0.0,-1,1.0,0.0,704,293.0,0,0,0.0,764.0,326.0,0,0,0.0,712.0,296.0,0.0,0.0,0.0,246,0,3220,2,0.0,0.0,0.0,0.0,0.0,0.0,0.0,0.0,0.0,0.0,0.0,764.0,326.0,0.0,760.0,326.0,0.0,754.0,324.0,0.0,764.0,326.0,,,,28,,Maxwel,Cornet,Cornet,has joined Genoa on loan for the rest of the season.,,0,0,0,0,0,0,0,0,0,0,0,0,0,,,,0.0,0.0,0.0,0.0,0.0,0,0,0
618,u,0.0,0.0,4.8,356,223.0,0,0.0,-2,2.0,0.0,608,235.0,8,0,1.3,429.0,192.0,0,30,0.0,699.0,288.0,0.0,1.7,0.0,2295,0,6090,12,0.0,0.0,0.03,0.04,0.07,2.59,0.02,0.02,0.04,1.33,9.8,458.0,205.0,6.0,438.0,212.0,2.0,448.0,222.0,1.7,468.0,213.0,,,,28,,Guido,Rodríguez,G.Rodriguez,has joined Valencia on loan for the rest of the season.,,175,0,0,1,2,0,0,0,1,0,0,2,15,,,,0.0,0.51,1.03,1.03,7.71,1,4,10
619,u,0.0,0.0,4.9,346,214.0,0,0.0,-1,1.0,0.0,679,276.0,5,0,1.0,492.0,227.0,0,11,0.0,736.0,312.0,0.0,1.0,0.0,868,0,3389,4,0.0,0.0,0.07,0.03,0.1,1.82,0.05,0.02,0.07,1.35,9.2,460.0,207.0,14.5,402.0,199.0,4.0,433.0,215.0,2.5,462.0,209.0,,,,28,,Luis Guilherme,Lira dos Santos,L.Guilherme,has joined Sporting CP permanently.,,121,0,0,0,2,0,0,0,0,0,0,1,11,,,,0.0,0.0,1.49,0.74,8.18,1,2,8
620,u,0.0,0.0,4.5,446,267.0,0,0.0,0,0.0,0.0,606,233.0,1,0,1.0,474.0,212.0,0,3,0.0,632.0,235.0,0.0,0.2,0.0,3770,0,9456,9,0.0,0.0,0.0,0.01,0.01,0.73,0.0,0.11,0.11,8.21,0.0,703.0,279.0,1.5,458.0,220.0,2.0,445.0,219.0,0.4,491.0,226.0,,,,28,,George,Earthy,Earthy,has joined Bristol City on loan for the rest of the season.,,8,0,0,0,1,0,0,0,0,0,0,0,0,,,,0.0,0.0,11.25,0.0,0.0,0,0,0
621,u,0.0,0.0,4.3,584,344.0,0,0.0,-2,2.0,0.2,357,119.0,9,0,1.3,426.0,190.0,0,49,0.0,543.0,180.0,0.0,2.1,0.0,43311,0,54600,67,0.0,0.0,0.0,0.17,0.17,4.03,0.0,0.1,0.1,2.32,31.6,426.0,187.0,52.3,334.0,182.0,2.0,440.0,217.0,8.6,422.0,190.0,,,,28,,Andy,Irving,Irving,has joined Sparta Prague permanently.,,156,0,0,0,4,0,0,0,0,0,0,2,22,,,,0.0,0.0,2.31,1.15,12.69,6,2,14
622,u,0.0,0.0,4.4,550,328.0,0,0.0,-1,1.0,0.1,577,214.0,0,0,0.0,675.0,262.0,0,0,0.0,588.0,207.0,0.0,0.0,0.0,1052,0,11921,2,0.0,0.0,0.0,0.0,0.0,0.0,0.0,0.0,0.0,0.0,0.0,666.0,254.0,0.0,662.0,259.0,0.0,640.0,248.0,0.0,668.0,256.0,,,,28,,Lewis,Orford,Orford,has joined Stevenage on loan for the rest of the season.,,0,0,0,0,0,0,0,0,0,0,0,0,0,,,,0.0,0.0,0.0,0.0,0.0,0,0,0
623,s,0.0,0.0,4.4,546,324.0,0,0.0,-1,1.0,0.6,234,82.0,34,0,1.8,363.0,156.0,0,206,0.8,279.0,126.0,0.2,7.7,0.0,142966,13,157042,482,0.0,0.0,0.21,1.05,1.26,19.95,0.02,0.09,0.11,1.64,179.6,270.0,114.0,129.9,212.0,139.0,37.0,340.0,176.0,34.7,309.0,150.0,,,,28,,Freddie,Potts,Potts,Suspended until 14 Mar,,1094,0,1,1,23,0,0,0,1,0,0,11,112,,,,0.0,0.08,1.89,0.9,9.21,27,47,38
624,a,,,7.5,21,7.0,-1,1.0,-5,5.0,7.8,50,8.0,131,7,4.7,24.0,5.0,21,504,5.2,19.0,5.0,0.7,17.5,0.0,2287919,2613,3162975,6822,5.2,4.7,5.91,3.63,9.54,44.08,0.21,0.13,0.34,1.58,609.2,29.0,3.0,436.3,36.0,1.0,677.0,10.0,6.0,172.1,11.0,3.0,1.0,1.0,2.0,28,,Jarrod,Bowen,Bowen,,,2509,8,5,4,52,0,0,0,3,0,0,28,204,,,,0.0,0.14,1.87,1.0,7.32,36,49,119
625,u,0.0,0.0,5.6,123,34.0,0,0.0,-4,4.0,0.6,243,36.0,12,0,1.5,413.0,50.0,0,28,0.0,790.0,85.0,0.0,2.1,0.0,47611,0,392244,32,0.0,0.0,0.93,0.21,1.14,8.59,0.21,0.05,0.26,1.9,26.0,435.0,51.0,85.1,280.0,28.0,130.0,207.0,43.0,23.8,350.0,42.0,,,,28,,Niclas,Füllkrug,Füllkrug,has joined AC Milan on loan for the rest of the season.,,407,0,0,1,11,0,0,0,0,0,0,5,19,,,,0.0,0.22,2.43,1.11,4.2,2,7,10
626,u,0.0,0.0,4.3,612,86.0,0,0.0,-2,2.0,0.5,253,39.0,2,0,1.0,463.0,58.0,0,0,0.0,563.0,55.0,0.0,0.5,0.0,63604,0,105202,104,0.0,0.0,0.13,0.0,0.13,1.55,0.2,0.0,0.2,2.41,1.2,492.0,58.0,0.1,483.0,61.0,7.0,419.0,59.0,0.8,482.0,59.0,,,,28,,Callum,Marshall,Marshall,has joined VfL Bochum 1848 on loan for the rest of the season.,,58,0,0,0,2,0,0,0,0,0,0,0,3,,,,0.0,0.0,3.1,0.0,4.66,0,2,1
659,a,,,4.2,629,142.0,0,0.0,-3,3.0,0.2,348,126.0,32,0,1.8,359.0,134.0,0,118,0.4,327.0,112.0,0.1,7.6,0.0,30553,39,52513,71,0.4,-0.1,1.13,0.26,1.39,21.13,0.11,0.02,0.13,1.99,203.2,257.0,104.0,88.2,271.0,84.0,98.0,238.0,62.0,39.0,287.0,95.0,,,,28,,Kyle,Walker-Peters,Walker-Peters,,,954,1,0,1,22,0,0,0,2,0,0,10,95,,,,0.0,0.09,2.08,0.94,6.79,34,38,41
671,a,,,5.8,103,29.0,0,0.0,-2,2.0,0.6,248,38.0,63,0,2.7,246.0,27.0,7,228,0.8,295.0,39.0,0.1,10.9,0.0,203284,78,211862,375,0.8,0.3,5.88,0.29,6.17,17.73,0.57,0.03,0.6,1.71,226.8,238.0,21.0,93.4,265.0,26.0,385.0,47.0,19.0,69.7,157.0,20.0,,,,28,,Callum,Wilson,Wilson,,,933,5,2,1,18,0,0,0,0,0,0,9,32,,,,0.0,0.1,1.74,0.87,3.09,3,7,22
679,a,,,4.2,636,35.0,0,0.0,-3,3.0,0.3,323,45.0,31,0,3.9,74.0,6.0,6,100,4.4,35.0,3.0,1.0,7.4,0.0,29363,520,39432,162,4.4,3.9,0.0,0.01,0.01,9.75,0.0,0.0,0.0,1.22,172.6,277.0,23.0,0.0,622.0,79.0,0.0,596.0,67.0,17.2,378.0,23.0,,,,28,,Mads,Hermansen,Hermansen,,,720,0,0,3,17,0,0,0,0,0,23,8,34,,,,2.88,0.38,2.12,1.0,0.0,0,14,77
708,a,100.0,100.0,5.5,152,94.0,0,0.0,0,0.0,0.4,269,95.0,102,2,3.9,81.0,39.0,6,503,4.4,39.0,18.0,0.8,18.5,0.0,105668,538,55189,601,4.4,3.9,1.2,1.98,3.18,34.2,0.05,0.08,0.13,1.45,514.4,62.0,17.0,469.6,32.0,30.0,102.0,234.0,130.0,108.7,59.0,39.0,4.0,,,28,,Mateus Gonçalo,Espanha Fernandes,M.Fernandes,,,2123,3,3,4,39,0,0,0,4,0,0,25,277,,,,0.0,0.17,1.65,1.06,11.74,74,66,137
718,a,,,5.0,277,172.0,0,0.0,0,0.0,0.0,656,263.0,38,1,2.2,311.0,137.0,2,173,1.0,264.0,120.0,0.2,7.6,0.0,5287,3,4611,6,1.0,0.5,0.44,0.32,0.76,16.81,0.04,0.03,0.07,1.68,168.0,284.0,124.0,82.4,286.0,166.0,44.0,329.0,172.0,29.4,332.0,160.0,,,,28,,Soungoutou,Magassa,S.Magassa,,,901,1,0,2,23,0,0,0,3,0,0,11,116,,,,0.0,0.2,2.3,1.1,11.59,37,30,49
738,d,25.0,25.0,4.5,406,20.0,0,0.0,0,0.0,0.0,631,79.0,0,0,0.0,688.0,91.0,0,0,0.0,607.0,87.0,0.0,0.0,0.0,5948,6,5562,15,0.0,-0.1,0.0,0.0,0.0,0.0,0.0,0.0,0.0,0.0,0.0,682.0,91.0,0.0,676.0,83.0,0.0,657.0,73.0,0.0,684.0,91.0,,,,28,,Lukasz,Fabianski,Fabianski,Back injury - 25% chance of playing,,0,0,0,0,0,0,0,0,0,0,0,0,0,,,,0.0,0.0,0.0,0.0,0.0,0,0,0
747,a,,,4.0,725,201.0,0,0.0,0,0.0,0.0,635,225.0,6,1,1.0,454.0,166.0,0,18,0.2,357.0,125.0,0.0,1.5,0.0,2470,4,1953,13,0.2,-0.3,0.12,0.5,0.62,3.21,0.1,0.4,0.5,2.56,21.8,441.0,165.0,34.9,365.0,129.0,9.0,408.0,150.0,6.6,437.0,158.0,,,,28,,Ezra,Mayers,Mayers,,,113,0,0,0,3,0,0,0,0,0,0,0,5,,,,0.0,0.0,2.39,0.0,3.98,0,5,6
752,a,,,4.0,736,212.0,0,0.0,0,0.0,0.0,653,230.0,0,0,0.0,632.0,246.0,0,0,0.0,516.0,214.0,0.0,0.0,0.0,2021,13,1709,21,0.0,-0.5,0.0,0.0,0.0,0.0,0.0,0.0,0.0,0.0,0.0,622.0,245.0,0.0,614.0,245.0,0.0,586.0,242.0,0.0,624.0,245.0,,,,28,,Airidas,Golambeckis,Golambeckis,,,0,0,0,0,0,0,0,0,0,0,0,0,0,,,,0.0,0.0,0.0,0.0,0.0,0,0,0
758,a,,,4.5,506,312.0,0,0.0,0,0.0,0.0,736,310.0,5,1,1.0,483.0,220.0,0,20,0.4,331.0,154.0,0.1,1.1,0.0,1737,8,1057,12,0.4,-0.1,0.03,0.02,0.05,0.97,0.12,0.08,0.2,3.8,10.4,456.0,204.0,11.9,410.0,203.0,4.0,430.0,213.0,2.4,463.0,210.0,,,,28,,Mohamadou,Kanté,Mohamadou Kanté,,,23,0,0,0,0,0,0,0,0,0,0,0,10,,,,0.0,0.0,0.0,0.0,39.13,4,1,5
785,i,0.0,0.0,5.5,151,38.0,0,0.0,0,0.0,0.0,735,89.0,8,0,1.6,394.0,47.0,0,21,0.6,318.0,42.0,0.1,1.5,0.0,4503,4,3573,34,0.0,0.0,0.34,0.07,0.41,3.74,0.12,0.03,0.15,1.35,19.6,446.0,53.0,53.4,332.0,38.0,21.0,378.0,55.0,9.4,417.0,52.0,,,,28,,Pablo Felipe,Pereira de Jesus,Pablo,Calf injury - Unknown return date,,250,0,0,0,4,0,0,0,0,0,0,3,25,,,,0.0,0.0,1.44,1.08,9.0,9,5,11
791,a,,,5.5,143,35.0,0,0.0,0,0.0,0.1,461,66.0,26,7,3.2,163.0,15.0,1,91,3.8,64.0,9.0,0.7,4.7,0.0,26983,262,13512,157,3.8,3.3,2.39,0.48,2.87,9.08,0.33,0.07,0.4,1.25,104.0,345.0,35.0,85.1,279.0,27.0,232.0,103.0,28.0,41.1,279.0,31.0,,,,28,,Valentín,Castellanos,Taty,,,655,2,1,3,11,0,0,0,2,0,0,8,32,,,,0.0,0.41,1.51,1.1,4.4,5,13,14
802,a,,,5.0,280,174.0,0,0.0,0,0.0,0.0,787,345.0,0,0,0.0,792.0,348.0,0,0,0.0,754.0,326.0,0.0,0.0,0.0,370,5,231,18,0.0,-0.5,0.0,0.0,0.0,0.0,0.0,0.0,0.0,0.0,0.0,792.0,348.0,0.0,790.0,348.0,0.0,786.0,346.0,0.0,792.0,348.0,,,,28,,Keiber,Lamadrid,Lamadrid,,,0,0,0,0,0,0,0,0,0,0,0,0,0,,,,0.0,0.0,0.0,0.0,0.0,0,0,0
815,a,,,4.5,420,80.0,0,0.0,0,0.0,0.1,493,176.0,12,-2,3.0,188.0,71.0,0,53,3.0,101.0,37.0,0.7,2.7,0.0,13904,167,2951,229,3.0,2.5,0.69,0.01,0.7,4.31,0.17,0.0,0.17,1.08,66.4,393.0,150.0,12.6,408.0,148.0,53.0,316.0,99.0,13.2,395.0,143.0,,,,28,,Axel,Disasi,Disasi,,,360,0,0,2,6,1,0,0,0,0,0,4,25,,,,0.0,0.5,1.5,1.0,6.25,1,24,8
627,a,,,4.4,521,26.0,0,0.0,-1,1.0,0.1,426,64.0,21,0,1.8,362.0,28.0,0,117,0.0,572.0,86.0,0.0,4.8,0.0,19827,47,24061,49,-1.0,-0.5,0.0,0.02,0.02,18.59,0.0,0.0,0.0,1.55,308.0,181.0,21.0,0.1,485.0,14.0,0.0,627.0,72.0,30.8,326.0,21.0,,,,28,,Sam,Johnstone,Johnstone,,,1080,0,0,0,24,1,0,0,0,0,39,12,71,,,,3.25,0.0,2.0,1.0,0.0,2,24,107
628,a,,,4.2,628,33.0,0,0.0,-3,3.0,1.2,176,22.0,53,8,3.1,170.0,17.0,6,229,4.3,42.0,5.0,1.0,12.6,0.0,97363,905,178950,240,3.3,3.8,0.0,0.03,0.03,25.01,0.0,0.0,0.0,1.47,371.0,127.0,19.0,10.0,419.0,5.0,0.0,594.0,65.0,38.4,291.0,19.0,,,,28,,José,Malheiro de Sá,José Sá,,,1530,0,0,4,27,0,0,0,1,0,44,17,40,,,,2.59,0.24,1.59,1.0,0.0,0,32,149
629,a,100.0,100.0,3.9,742,70.0,0,0.0,-1,1.0,0.5,262,34.0,0,0,0.0,540.0,39.0,0,0,0.0,416.0,30.0,0.0,0.0,0.0,18858,87,50914,62,-1.0,-0.5,0.0,0.0,0.0,0.0,0.0,0.0,0.0,0.0,0.0,530.0,39.0,0.0,518.0,23.0,0.0,485.0,10.0,0.0,532.0,39.0,,,,28,,Daniel,Bentley,Bentley,,,0,0,0,0,0,0,0,0,0,0,0,0,0,,,,0.0,0.0,0.0,0.0,0.0,0,0,0
631,u,0.0,0.0,4.2,640,151.0,0,0.0,-3,3.0,0.1,450,165.0,23,0,1.6,384.0,144.0,0,86,0.5,323.0,110.0,0.1,5.5,0.0,24605,0,63189,13,0.0,0.0,0.57,0.4,0.97,18.26,0.05,0.03,0.08,1.49,312.2,176.0,74.0,76.0,300.0,98.0,75.0,275.0,78.0,46.4,255.0,82.0,,,,28,,Emmanuel,Agbadou,Agbadou,has joined Besiktas permanently.,,1100,0,0,0,29,0,0,0,1,1,0,12,156,,,,0.0,0.0,2.37,0.98,10.23,32,93,65
632,a,100.0,100.0,4.4,519,100.0,0,0.0,-1,1.0,0.1,500,178.0,11,0,1.2,437.0,158.0,0,43,0.0,571.0,231.0,0.0,2.5,0.0,6405,19,20326,26,-1.0,-0.5,0.09,0.19,0.28,12.04,0.01,0.03,0.04,1.68,110.6,340.0,128.0,50.4,337.0,115.0,18.0,384.0,135.0,18.0,375.0,132.0,,,,28,,Matt,Doherty,Doherty,,,644,0,0,1,14,0,0,0,4,0,0,9,63,,,,0.0,0.14,1.96,1.26,7.27,13,39,25
633,a,100.0,100.0,4.3,596,137.0,0,0.0,-2,2.0,0.2,358,130.0,71,6,2.7,236.0,93.0,4,285,3.5,76.0,21.0,0.8,16.5,0.0,48009,409,33040,176,2.5,3.0,0.5,2.66,3.16,29.02,0.02,0.13,0.15,1.42,447.4,79.0,35.0,510.1,26.0,2.0,132.0,202.0,49.0,109.2,58.0,9.0,1.0,,,28,,Hugo,Bueno López,H.Bueno,,,1845,1,2,4,30,0,0,0,1,0,0,20,171,,,,0.0,0.2,1.46,0.98,6.78,52,87,96
634,a,100.0,100.0,4.3,602,138.0,0,0.0,-2,2.0,0.1,476,172.0,49,9,2.5,272.0,105.0,3,186,3.8,60.0,18.0,0.9,11.4,0.0,14103,283,11466,49,2.8,3.3,1.53,0.43,1.96,26.69,0.09,0.02,0.11,1.51,317.6,173.0,72.0,113.8,231.0,62.0,190.0,134.0,26.0,62.1,197.0,64.0,,,,28,,Yerson,Mosquera Valdelamar,Mosquera,,,1586,0,0,4,28,2,0,0,10,0,0,18,170,,,,0.0,0.23,1.59,1.02,8.97,47,111,73
635,a,100.0,100.0,4.4,545,119.0,0,0.0,-1,1.0,0.1,563,203.0,27,7,2.1,323.0,119.0,0,70,2.0,171.0,60.0,0.5,6.1,0.0,9776,119,14891,24,1.0,1.5,1.38,0.29,1.67,7.78,0.22,0.05,0.27,1.22,134.0,315.0,119.0,60.1,325.0,109.0,157.0,167.0,37.0,35.3,302.0,101.0,,,,28,,Rodrigo,Martins Gomes,R.Gomes,,,576,2,0,0,10,0,0,0,0,0,0,6,48,,,,0.0,0.0,1.56,0.94,5.31,15,19,21
636,a,100.0,100.0,4.4,531,110.0,0,0.0,-1,1.0,0.1,440,163.0,70,6,3.5,118.0,40.0,2,239,3.3,86.0,25.0,0.7,15.9,0.0,28216,183,23181,96,2.3,2.8,1.63,1.04,2.67,28.39,0.08,0.05,0.13,1.47,416.0,99.0,46.0,98.1,257.0,76.0,145.0,183.0,42.0,65.8,177.0,59.0,,,,28,,Santiago,Ignacio Bueno,S.Bueno,,,1742,2,2,4,30,0,0,0,3,0,0,19,162,,,,0.0,0.21,1.55,0.98,7.54,40,106,41
637,a,100.0,100.0,4.2,639,150.0,0,0.0,-3,3.0,0.1,521,185.0,28,8,2.0,327.0,122.0,0,102,1.3,230.0,84.0,0.3,6.7,0.0,7008,58,19478,8,0.3,0.8,0.22,0.21,0.43,18.99,0.02,0.02,0.04,1.64,240.4,226.0,87.0,78.2,298.0,97.0,34.0,348.0,115.0,35.3,301.0,100.0,,,,28,,Toti,Gomes,Toti,,,1039,0,0,1,25,0,0,0,1,1,0,13,118,,,,0.0,0.09,2.17,1.13,8.32,16,80,40
638,u,0.0,0.0,3.8,796,244.0,0,0.0,-2,2.0,1.0,193,74.0,10,0,1.2,434.0,155.0,0,38,0.0,397.0,146.0,0.0,2.6,0.0,121813,0,258011,311,0.0,0.0,0.02,0.36,0.38,9.36,0.0,0.08,0.08,1.99,101.4,349.0,134.0,87.8,273.0,86.0,13.0,393.0,141.0,20.3,366.0,126.0,,,,28,,Ki-Jana,Hoever,Hoever,has joined Sheffield United on loan for the rest of the season.,,423,0,0,0,13,0,0,0,0,0,0,6,46,,,,0.0,0.0,2.77,1.28,8.51,13,27,16
639,u,0.0,0.0,4.0,714,191.0,0,0.0,0,0.0,0.0,761,259.0,0,0,0.0,616.0,231.0,0,0,0.0,499.0,198.0,0.0,0.0,0.0,0,0,872,0,0.0,0.0,0.0,0.0,0.0,0.0,0.0,0.0,0.0,0.0,0.0,606.0,230.0,0.0,598.0,230.0,0.0,568.0,225.0,0.0,608.0,230.0,,,,28,,Bastien,Meupiyou Menadjou,Meupiyou,On loan to FC Alverca,,0,0,0,0,0,0,0,0,0,0,0,0,0,,,,0.0,0.0,0.0,0.0,0.0,0,0,0
640,a,100.0,100.0,4.0,734,210.0,0,0.0,0,0.0,0.4,288,106.0,3,0,1.0,457.0,169.0,0,5,0.3,347.0,117.0,0.1,0.8,0.0,9753,20,88955,40,-0.7,-0.2,0.0,0.0,0.0,0.79,0.0,0.0,0.0,23.7,0.2,502.0,178.0,0.5,471.0,173.0,2.0,438.0,162.0,0.2,501.0,177.0,,,,28,,Pedro,Cardoso de Lima,Pedro Lima,,,3,0,0,0,1,0,0,0,0,0,0,0,0,,,,0.0,0.0,30.0,0.0,0.0,0,0,1
641,u,0.0,0.0,3.9,773,226.0,0,0.0,-1,1.0,1.0,192,73.0,0,0,0.0,562.0,204.0,0,0,0.0,440.0,167.0,0.0,0.0,0.0,85684,0,145892,199,0.0,0.0,0.0,0.0,0.0,0.0,0.0,0.0,0.0,0.0,0.0,552.0,203.0,0.0,541.0,203.0,0.0,508.0,195.0,0.0,554.0,203.0,,,,28,,Alfie,Pond,Pond,has joined Crewe Alexandra on loan for the rest of the season.,,0,0,0,0,0,0,0,0,0,0,0,0,0,,,,0.0,0.0,0.0,0.0,0.0,0,0,0
642,d,25.0,25.0,5.6,126,78.0,0,0.0,-4,4.0,0.1,465,159.0,44,0,2.2,315.0,139.0,0,125,0.5,324.0,152.0,0.1,7.9,0.0,48397,2,58605,101,-0.1,0.0,2.1,0.92,3.02,17.67,0.17,0.07,0.24,1.39,132.2,317.0,144.0,152.8,195.0,129.0,145.0,185.0,104.0,42.4,272.0,138.0,,1.0,3.0,28,,Hwang,Hee-chan,Hee Chan,Calf injury - 25% chance of playing,,1144,2,1,2,22,0,0,0,3,0,0,15,68,,,,0.0,0.16,1.73,1.18,5.35,8,22,38
643,a,100.0,100.0,5.2,216,134.0,0,0.0,-3,3.0,0.1,528,191.0,63,5,2.4,292.0,128.0,1,314,2.2,161.0,70.0,0.4,12.1,0.0,13062,65,17250,32,1.2,1.7,0.28,0.7,0.98,31.96,0.01,0.03,0.04,1.48,269.0,207.0,87.0,213.7,146.0,100.0,21.0,377.0,192.0,50.3,241.0,121.0,,,,28,,André,Trindade da Costa Neto,André,,,1950,0,0,2,36,0,0,0,9,0,0,21,270,,,,0.0,0.09,1.66,0.97,12.46,56,68,146
644,a,100.0,100.0,5.1,231,142.0,0,0.0,-4,4.0,0.0,600,228.0,33,2,1.6,390.0,171.0,0,160,1.3,231.0,102.0,0.3,6.5,0.0,5358,26,11289,35,0.3,0.8,1.03,0.65,1.68,16.93,0.09,0.06,0.15,1.56,149.8,299.0,134.0,141.1,202.0,133.0,138.0,193.0,107.0,42.5,271.0,137.0,3.0,2.0,,28,,Jean-Ricner,Bellegarde,Bellegarde,,,976,1,0,3,23,0,0,0,4,0,0,12,81,,,,0.0,0.28,2.12,1.11,7.47,24,26,31
645,u,0.0,0.0,5.1,242,147.0,0,0.0,-4,4.0,0.0,655,262.0,12,0,1.3,431.0,194.0,0,38,0.0,762.0,330.0,0.0,2.4,0.0,1383,0,4904,6,0.0,0.0,0.16,0.61,0.77,3.98,0.06,0.24,0.3,1.57,29.0,430.0,190.0,61.0,321.0,180.0,37.0,341.0,177.0,12.4,403.0,184.0,,,,28,,Fer,López González,Fer López,has joined Celta Vigo on loan for the rest of the season.,,228,0,1,0,9,0,0,0,1,0,0,2,12,,,,0.0,0.0,3.55,0.79,4.74,1,1,10
646,a,100.0,100.0,5.3,197,123.0,0,0.0,-2,2.0,0.3,333,114.0,82,14,3.0,194.0,81.0,4,400,4.2,50.0,23.0,0.8,15.5,0.0,57473,1904,40878,312,3.2,3.7,1.12,1.33,2.45,34.25,0.05,0.06,0.11,1.46,367.6,131.0,42.0,281.2,97.0,72.0,149.0,180.0,101.0,80.3,126.0,70.0,,1.0,,28,,João Victor,Gomes da Silva,J.Gomes,,,2117,1,1,4,40,0,0,0,8,0,0,24,296,,,,0.0,0.17,1.7,1.02,12.58,77,71,148
647,u,0.0,0.0,5.5,139,86.0,0,0.0,0,0.0,0.0,794,350.0,0,0,0.0,805.0,357.0,0,0,0.0,787.0,347.0,0.0,0.0,0.0,0,0,796,0,0.0,0.0,0.0,0.0,0.0,0.0,0.0,0.0,0.0,0.0,0.0,805.0,357.0,0.0,804.0,357.0,0.0,802.0,356.0,0.0,805.0,357.0,,,,28,,Gonçalo Manuel,Ganchinho Guedes,Guedes,Has joined Real Sociedad permanently.,,0,0,0,0,0,0,0,0,0,0,0,0,0,,,,0.0,0.0,0.0,0.0,0.0,0,0,0
648,u,0.0,0.0,5.3,196,122.0,0,0.0,-2,2.0,0.0,623,242.0,38,0,2.9,205.0,85.0,1,131,0.0,771.0,335.0,0.0,7.2,0.0,19177,0,23061,4,0.0,0.0,1.64,0.38,2.02,13.36,0.17,0.04,0.21,1.38,163.6,288.0,125.0,61.8,320.0,179.0,196.0,127.0,74.0,42.1,274.0,139.0,,,,28,,Marshall,Munetsi,Munetsi,has joined Paris FC on loan for the rest of the season.,,872,1,2,0,19,0,0,0,2,0,0,9,80,,,,0.0,0.0,1.96,0.93,8.26,21,39,20
649,u,0.0,0.0,5.0,264,161.0,0,0.0,0,0.0,0.0,813,362.0,0,0,0.0,785.0,343.0,0,0,0.0,745.0,319.0,0.0,0.0,0.0,0,0,162,0,0.0,0.0,0.0,0.0,0.0,0.0,0.0,0.0,0.0,0.0,0.0,785.0,343.0,0.0,783.0,343.0,0.0,779.0,341.0,0.0,785.0,343.0,,,,28,,Boubacar,Traoré,B.Traore,Has joined FC Metz on loan for the rest of the season.,,0,0,0,0,0,0,0,0,0,0,0,0,0,,,,0.0,0.0,0.0,0.0,0.0,0,0,0
650,u,0.0,0.0,4.3,599,350.0,0,0.0,-2,2.0,0.2,369,123.0,2,0,1.0,461.0,201.0,0,4,0.0,552.0,186.0,0.0,0.5,0.0,30885,0,47846,49,0.0,0.0,0.0,0.0,0.0,0.5,0.0,0.0,0.0,1.8,3.2,478.0,220.0,0.3,478.0,232.0,0.0,610.0,229.0,0.4,489.0,225.0,,,,28,,Tawanda,Chirewa,Chirewa,has joined Barnsley on loan for the rest of the season.,,25,0,0,0,0,0,0,0,0,0,0,0,4,,,,0.0,0.0,0.0,0.0,14.4,2,1,1
651,a,,,4.3,616,361.0,0,0.0,-2,2.0,0.4,275,97.0,6,0,6.0,4.0,2.0,0,22,1.0,255.0,114.0,0.2,1.4,0.0,62159,412,65036,162,0.0,0.5,0.17,0.0,0.17,0.2,2.55,0.0,2.55,3.0,34.4,422.0,186.0,0.1,484.0,235.0,17.0,386.0,194.0,5.2,443.0,199.0,,,,28,,Tom,Edozie,Edozie,,,6,1,0,0,0,0,0,0,0,0,0,0,0,,,,0.0,0.0,0.0,0.0,0.0,0,0,0
652,a,,,4.3,615,360.0,0,0.0,-2,2.0,1.3,169,59.0,0,0,0.0,658.0,252.0,0,0,0.0,565.0,195.0,0.0,0.0,0.0,195499,273,237950,373,-1.0,-0.5,0.0,0.0,0.0,0.0,0.0,0.0,0.0,0.0,0.0,648.0,243.0,0.0,644.0,248.0,0.0,621.0,237.0,0.0,650.0,245.0,,,,28,,Enso,González Medina,Gonzalez,,,0,0,0,0,0,0,0,0,0,0,0,0,0,,,,0.0,0.0,0.0,0.0,0.0,0,0,0
653,u,0.0,0.0,4.5,424,254.0,0,0.0,0,0.0,0.0,660,266.0,0,0,0.0,697.0,273.0,0,0,0.0,618.0,223.0,0.0,0.0,0.0,0,0,5748,2,0.0,0.0,0.0,0.0,0.0,0.0,0.0,0.0,0.0,0.0,0.0,691.0,268.0,0.0,686.0,271.0,0.0,668.0,263.0,0.0,693.0,270.0,,,,28,,Joe,Hodge,Hodge,Signed by CD Tondela,,0,0,0,0,0,0,0,0,0,0,0,0,0,,,,0.0,0.0,0.0,0.0,0.0,0,0,0
655,u,0.0,0.0,4.9,332,61.0,0,0.0,-1,1.0,0.2,398,62.0,0,0,0.0,775.0,86.0,0,0,0.0,730.0,77.0,0.0,0.0,0.0,7178,0,55293,9,0.0,0.0,0.0,0.0,0.0,0.0,0.0,0.0,0.0,0.0,0.0,775.0,86.0,0.0,771.0,85.0,0.0,766.0,85.0,0.0,775.0,86.0,,,,28,,Fábio,Soares Silva,Fábio Silva,has joined Borussia Dortmund permanently.,,0,0,0,0,0,0,0,0,0,0,0,0,0,,,,0.0,0.0,0.0,0.0,0.0,0,0,0
656,u,0.0,0.0,4.9,324,59.0,0,0.0,-1,1.0,0.0,589,80.0,1,0,1.0,489.0,59.0,0,1,0.0,724.0,76.0,0.0,0.2,0.0,1691,0,10126,2,0.0,0.0,0.0,0.01,0.01,0.1,0.0,0.06,0.06,0.64,1.0,497.0,61.0,4.3,442.0,58.0,2.0,449.0,61.0,0.7,485.0,61.0,,,,28,,Saša,Kalajdžić,Kalajdžić,has joined LASK on loan for the rest of the season.,,14,0,0,0,0,0,0,0,0,0,0,0,2,,,,0.0,0.0,0.0,0.0,12.86,0,1,1
657,i,0.0,0.0,4.4,565,82.0,0,0.0,-1,1.0,0.0,651,83.0,0,0,0.0,684.0,74.0,0,0,0.0,600.0,63.0,0.0,0.0,0.0,4839,10,7229,11,0.0,0.0,0.0,0.0,0.0,0.0,0.0,0.0,0.0,0.0,0.0,677.0,74.0,0.0,672.0,73.0,0.0,652.0,73.0,0.0,679.0,74.0,,,,28,,Leon,Chiwome,Chiwome,Knee injury - Unknown return date,,0,0,0,0,0,0,0,0,0,0,0,0,0,,,,0.0,0.0,0.0,0.0,0.0,0,0,0
658,a,,,4.2,641,89.0,0,0.0,-3,3.0,1.9,138,23.0,0,0,0.0,639.0,63.0,0,0,0.0,531.0,50.0,0.0,0.0,0.0,272691,361,349855,943,-1.0,-0.5,0.0,0.0,0.0,0.0,0.0,0.0,0.0,0.0,0.0,630.0,63.0,0.0,624.0,62.0,0.0,598.0,62.0,0.0,632.0,63.0,,,,28,,Nathan,Fraser,Fraser,,,0,0,0,0,0,0,0,0,0,0,0,0,0,,,,0.0,0.0,0.0,0.0,0.0,0,0,0
663,u,0.0,0.0,4.9,320,199.0,0,0.0,-6,6.0,0.1,432,145.0,45,0,2.0,332.0,144.0,2,175,0.2,374.0,168.0,0.0,9.2,0.0,20148,0,81651,40,0.0,0.0,3.38,0.62,4.0,16.0,0.27,0.05,0.32,1.29,171.0,279.0,121.0,204.0,157.0,109.0,148.0,181.0,102.0,52.1,231.0,114.0,,,,28,,Jhon,Arias,J.Arias,has joined Palmeiras permanently.,,1117,1,0,2,21,0,0,0,1,0,0,14,125,,,,0.0,0.16,1.69,1.13,10.07,43,24,58
682,a,,,4.2,637,148.0,0,0.0,-3,3.0,0.1,547,196.0,23,0,1.4,417.0,149.0,0,50,0.5,322.0,109.0,0.1,5.5,0.0,4571,11,9222,9,-0.5,0.0,0.13,1.04,1.17,16.26,0.02,0.12,0.14,1.92,133.0,316.0,120.0,110.5,238.0,66.0,44.0,327.0,107.0,28.9,335.0,115.0,,,,28,,David,Møller Wolfe,Møller Wolfe,,,761,0,2,0,20,0,0,0,1,0,0,8,43,,,,0.0,0.0,2.37,0.95,4.49,7,31,19
695,a,,,4.4,552,120.0,0,0.0,-1,1.0,0.0,644,226.0,45,6,1.7,378.0,142.0,0,132,1.5,212.0,76.0,0.3,10.2,0.0,5908,27,5745,11,0.5,1.0,0.26,1.1,1.36,22.16,0.02,0.07,0.09,1.32,253.8,214.0,83.0,263.2,112.0,30.0,40.0,336.0,110.0,55.8,215.0,72.0,,,,28,,Jackson,Tchatchoua,Tchatchoua,,,1515,0,0,3,28,0,0,0,3,0,0,15,117,,,,0.0,0.18,1.66,0.89,5.47,25,67,53
709,a,100.0,0.0,4.5,427,84.0,0,0.0,0,0.0,0.1,542,194.0,55,0,2.5,274.0,107.0,0,192,1.5,213.0,77.0,0.3,12.2,0.0,23650,8,19259,125,0.5,0.0,1.97,1.35,3.32,29.52,0.1,0.07,0.17,1.43,430.8,87.0,39.0,115.0,229.0,60.0,206.0,116.0,18.0,75.4,138.0,45.0,,,,28,,Ladislav,Krejcí,Krejčí,,,1857,2,1,3,35,1,0,0,2,1,0,21,176,,,,0.0,0.15,1.7,1.02,7.42,21,132,60
720,a,,,5.4,177,44.0,0,0.0,-1,1.0,0.2,379,60.0,50,1,2.0,339.0,40.0,4,154,2.5,142.0,21.0,0.5,9.3,0.0,61144,86,39448,612,1.5,2.0,4.04,0.33,4.37,19.56,0.31,0.03,0.34,1.49,165.6,287.0,28.0,149.9,197.0,18.0,430.0,31.0,16.0,73.8,143.0,18.0,,,5.0,28,,Tolu,Arokodare,Tolu,,,1185,2,1,3,24,0,0,1,1,0,0,12,65,,,,0.0,0.23,1.82,0.91,4.94,6,36,23
749,a,,,4.6,405,66.0,0,0.0,1,-1.0,2.5,118,19.0,50,2,2.8,220.0,21.0,6,204,2.0,173.0,24.0,0.4,10.9,0.0,527089,1217,212415,4573,1.0,1.5,1.32,1.6,2.92,20.56,0.1,0.12,0.22,1.59,216.4,248.0,22.0,222.1,135.0,10.0,196.0,126.0,31.0,63.4,191.0,24.0,2.0,3.0,,28,,Mateus,Mané,Mané,,,1166,2,2,4,18,0,0,0,0,0,0,12,90,,,,0.0,0.31,1.39,0.93,6.95,16,26,48
190,a,,,3.9,765,224.0,0,0.0,-1,1.0,0.8,211,80.0,44,0,2.9,197.0,77.0,2,121,0.0,433.0,165.0,0.0,11.3,0.0,247012,35,202125,219,-0.5,-0.5,0.21,0.24,0.45,22.73,0.02,0.02,0.04,1.74,273.8,203.0,81.0,43.1,350.0,122.0,78.0,269.0,76.0,39.5,286.0,94.0,,,,28,,Hjalmar,Ekdal,Ekdal,,,1179,0,0,2,24,0,0,0,0,0,0,13,146,,,,0.0,0.15,1.83,0.99,10.08,19,113,31
191,a,100.0,100.0,3.9,764,223.0,0,0.0,-1,1.0,7.9,48,18.0,59,0,2.4,285.0,110.0,0,195,1.8,187.0,65.0,0.5,15.1,0.0,753817,816,1918731,1210,1.3,1.3,0.67,0.58,1.25,49.62,0.03,0.02,0.05,2.08,524.2,56.0,27.0,88.1,272.0,85.0,84.0,259.0,73.0,69.8,156.0,53.0,,,,28,,Maxime,Estève,Estève,,,2149,0,0,2,52,2,0,0,0,0,0,25,262,,,,0.0,0.08,2.18,1.05,9.88,30,206,81
192,a,,,4.0,695,179.0,0,0.0,0,0.0,0.6,228,88.0,46,0,3.1,169.0,64.0,0,170,0.0,482.0,188.0,0.0,11.5,0.0,183585,67,175691,226,-0.5,-0.5,0.19,1.51,1.7,30.28,0.01,0.1,0.11,2.04,305.4,183.0,75.0,228.9,132.0,34.0,57.0,308.0,92.0,59.2,203.0,68.0,,,,28,,Quilindschy,Hartman,Hartman,,,1337,0,5,2,28,0,0,0,1,0,0,15,124,,,,0.0,0.13,1.88,1.01,7.0,31,73,49
193,a,100.0,100.0,3.9,760,221.0,0,0.0,-1,1.0,0.1,429,160.0,33,1,2.8,213.0,83.0,1,133,2.0,168.0,57.0,0.5,8.5,0.0,18246,100,13295,62,1.5,1.5,0.22,0.57,0.79,20.18,0.02,0.05,0.07,1.87,237.0,229.0,88.0,84.4,283.0,90.0,46.0,323.0,103.0,36.6,296.0,97.0,,,,28,,Bashir,Humphreys,Humphreys,,,969,0,2,1,22,0,0,0,4,0,0,10,91,,,,0.0,0.09,2.04,0.93,8.45,21,70,35
194,i,0.0,0.0,3.9,756,218.0,0,0.0,-1,1.0,0.1,560,201.0,0,0,0.0,550.0,200.0,0,0,0.0,427.0,162.0,0.0,0.0,0.0,1850,4,15366,7,0.0,0.0,0.0,0.0,0.0,0.0,0.0,0.0,0.0,0.0,0.0,540.0,199.0,0.0,528.0,199.0,0.0,495.0,191.0,0.0,542.0,199.0,,,,28,,Jordan,Beyer,Jordan,Hamstring injury - Unknown return date,,0,0,0,0,0,0,0,0,0,0,0,0,0,,,,0.0,0.0,0.0,0.0,0.0,0,0,0
195,a,100.0,100.0,3.8,809,257.0,0,0.0,-2,2.0,0.3,314,115.0,17,0,1.3,423.0,152.0,0,83,0.6,299.0,103.0,0.2,4.5,0.0,46856,71,35018,120,0.1,0.1,0.31,1.19,1.5,20.38,0.03,0.11,0.14,1.84,169.4,281.0,111.0,198.4,162.0,38.0,55.0,311.0,95.0,42.2,273.0,89.0,3.0,,,28,,Lucas,Pires Silva,Lucas Pires,,,996,0,0,1,23,0,0,0,0,1,0,11,71,,,,0.0,0.09,2.08,0.99,6.42,24,47,62
196,u,0.0,0.0,4.0,680,170.0,0,0.0,0,0.0,0.0,615,218.0,0,0,0.0,589.0,217.0,0,0,0.0,468.0,180.0,0.0,0.0,0.0,202,0,9648,1,0.0,0.0,0.0,0.0,0.0,0.0,0.0,0.0,0.0,0.0,0.0,579.0,216.0,0.0,571.0,216.0,0.0,540.0,210.0,0.0,581.0,216.0,,,,28,,Shurandy,Sambo,Sambo,has joined Sparta Rotterdam on loan for the rest of the season.,,0,0,0,0,0,0,0,0,0,0,0,0,0,,,,0.0,0.0,0.0,0.0,0.0,0,0,0
1,a,,,6.0,86,1.0,0,0.0,5,-5.0,34.2,7,1.0,112,0,4.0,66.0,5.0,5,450,3.2,95.0,9.0,0.5,18.7,0.0,3952044,5291,2307444,5316,4.2,3.7,0.0,0.05,0.05,19.38,0.0,0.0,0.0,0.69,410.6,103.0,17.0,33.4,370.0,3.0,0.0,810.0,94.0,44.5,261.0,15.0,,,,28,,David,Raya Martín,Raya,,,2520,0,0,13,21,0,0,0,1,0,41,28,94,,,,1.46,0.46,0.75,1.0,0.0,1,25,239
2,a,,,4.1,649,36.0,0,0.0,-4,4.0,0.4,282,36.0,0,0,0.0,634.0,85.0,0,0,0.0,518.0,77.0,0.0,0.0,0.0,14353,18,76208,67,1.0,0.5,0.0,0.0,0.0,0.0,0.0,0.0,0.0,0.0,0.0,624.0,85.0,0.0,616.0,73.0,0.0,588.0,60.0,0.0,626.0,85.0,,,,28,,Kepa,Arrizabalaga Revuelta,Arrizabalaga,,,0,0,0,0,0,0,0,0,0,0,0,0,0,,,,0.0,0.0,0.0,0.0,0.0,0,0,0
3,u,0.0,0.0,4.0,685,54.0,0,0.0,0,0.0,0.2,370,54.0,0,0,0.0,593.0,73.0,0,0,0.0,473.0,65.0,0.0,0.0,0.0,5545,0,48026,16,0.0,0.0,0.0,0.0,0.0,0.0,0.0,0.0,0.0,0.0,0.0,583.0,73.0,0.0,575.0,61.0,0.0,544.0,48.0,0.0,585.0,73.0,,,,28,,Karl,Hein,Hein,Has joined Werder Bremen on loan for the rest of the season.,,0,0,0,0,0,0,0,0,0,0,0,0,0,,,,0.0,0.0,0.0,0.0,0.0,0,0,0
4,a,,,3.9,776,90.0,0,0.0,-1,1.0,0.2,356,52.0,0,0,0.0,565.0,58.0,0,0,0.0,443.0,49.0,0.0,0.0,0.0,33467,37,32846,60,1.0,0.5,0.0,0.0,0.0,0.0,0.0,0.0,0.0,0.0,0.0,555.0,58.0,0.0,544.0,43.0,0.0,511.0,30.0,0.0,557.0,58.0,,,,28,,Tommy,Setford,Setford,,,0,0,0,0,0,0,0,0,0,0,0,0,0,,,,0.0,0.0,0.0,0.0,0.0,0,0,0
209,a,,,4.8,354,221.0,0,0.0,-2,2.0,0.0,611,236.0,47,1,1.9,345.0,149.0,1,209,1.0,258.0,116.0,0.2,9.8,0.0,5878,6,6232,12,0.5,0.5,0.6,0.42,1.02,31.32,0.04,0.03,0.07,2.04,261.0,211.0,90.0,161.9,186.0,124.0,92.0,248.0,136.0,51.6,233.0,116.0,,,,28,,Josh,Laurent,Laurent,,,1381,1,0,1,34,0,0,0,6,0,0,14,146,,,,0.0,0.07,2.22,0.91,9.51,34,66,46
108,a,100.0,100.0,4.4,524,104.0,0,0.0,-1,1.0,0.3,341,122.0,64,1,2.9,200.0,80.0,1,182,3.2,88.0,27.0,0.7,14.5,0.0,36888,278,30890,162,3.2,3.7,0.69,0.72,1.41,24.2,0.04,0.04,0.08,1.42,342.8,146.0,65.0,58.0,327.0,110.0,157.0,166.0,36.0,55.9,214.0,71.0,,,,28,,Kristoffer,Ajer,Ajer,,,1537,0,2,4,26,0,0,0,2,0,0,18,166,,,,0.0,0.23,1.52,1.05,9.31,32,127,47
109,a,,,4.3,581,128.0,0,0.0,-2,2.0,0.2,383,142.0,51,4,2.1,322.0,118.0,0,137,2.8,117.0,41.0,0.7,11.9,0.0,23113,246,20987,67,2.8,3.3,0.18,0.54,0.72,23.91,0.01,0.04,0.05,1.65,149.4,300.0,115.0,81.7,287.0,92.0,35.0,344.0,114.0,26.6,345.0,117.0,,,,28,,Rico,Henry,Henry,,,1302,0,2,4,22,0,0,0,2,0,0,13,77,,,,0.0,0.28,1.52,0.9,4.63,15,52,71
110,a,100.0,75.0,4.5,496,96.0,0,0.0,0,0.0,0.7,223,85.0,72,-1,2.7,240.0,96.0,6,351,1.4,220.0,81.0,0.3,16.0,0.0,183395,327,132634,829,1.4,1.4,0.27,2.5,2.77,36.59,0.01,0.1,0.11,1.4,437.0,85.0,37.0,381.1,56.0,8.0,77.0,272.0,77.0,89.7,99.0,26.0,,,,28,,Michael,Kayode,Kayode,,,2358,0,1,6,37,1,0,0,6,0,0,27,215,,,,0.0,0.23,1.41,1.03,6.49,55,115,119
167,a,100.0,100.0,4.5,460,277.0,0,0.0,-5,5.0,1.5,156,51.0,37,0,1.7,379.0,163.0,0,145,1.4,219.0,95.0,0.3,8.2,0.0,194134,488,541914,407,0.4,1.4,0.36,0.27,0.63,16.24,0.03,0.02,0.05,1.24,92.0,362.0,160.0,88.9,269.0,160.0,25.0,363.0,187.0,20.6,364.0,174.0,,,,28,,Carlos,Baleba,Baleba,,,1180,0,0,4,16,0,0,0,5,0,0,18,141,,,,0.0,0.31,1.22,1.37,10.75,28,45,68
169,a,100.0,100.0,4.9,342,210.0,0,0.0,-1,1.0,0.2,387,127.0,69,0,2.9,202.0,82.0,7,278,2.6,133.0,58.0,0.5,14.1,0.0,80598,99,70293,128,1.6,2.6,4.6,1.22,5.82,23.83,0.26,0.07,0.33,1.35,340.0,149.0,52.0,249.0,119.0,81.0,324.0,65.0,37.0,91.4,92.0,55.0,,5.0,,28,,Diego,Gómez Amarilla,Gomez,,,1587,4,0,6,22,0,0,0,6,0,0,19,168,,,,0.0,0.34,1.25,1.08,9.53,60,34,74
180,i,0.0,0.0,5.2,221,51.0,0,0.0,-3,3.0,0.1,525,74.0,16,0,1.8,373.0,44.0,0,55,0.0,768.0,82.0,0.0,3.1,0.0,13129,2,23111,10,0.0,0.0,0.44,0.11,0.55,2.59,0.3,0.08,0.38,1.77,66.6,392.0,41.0,65.7,311.0,33.0,44.0,330.0,51.0,17.7,376.0,45.0,,,,28,,Stefanos,Tzimas,Tzimas,Knee injury - Expected back 01 Jun,,132,1,1,0,2,0,0,0,0,0,0,1,15,,,,0.0,0.0,1.36,0.68,10.23,3,2,10
181,a,,,4.8,375,64.0,0,0.0,-2,2.0,0.4,294,47.0,30,0,1.9,346.0,41.0,3,117,0.8,283.0,37.0,0.2,6.2,0.0,54845,55,73652,129,-0.2,0.8,1.7,0.23,1.93,4.62,0.52,0.07,0.59,1.42,129.6,319.0,30.0,80.0,293.0,30.0,192.0,132.0,32.0,40.1,283.0,32.0,,,,28,,Charalampos,Kostoulas,Kostoulas,,,292,2,1,1,7,0,0,0,2,0,0,2,38,,,,0.0,0.31,2.16,0.62,11.71,11,5,22
744,a,,,4.5,469,284.0,0,0.0,0,0.0,0.0,717,297.0,1,0,1.0,476.0,214.0,0,3,0.0,649.0,250.0,0.0,0.2,0.0,2714,9,1952,7,-1.0,0.0,0.0,0.0,0.0,0.0,0.0,0.0,0.0,0.0,0.0,719.0,294.0,0.0,714.0,295.0,0.0,699.0,289.0,0.0,720.0,295.0,,,,28,,Nehemiah,Oriola,Oriola,,,1,0,0,0,0,0,0,0,0,0,0,0,0,,,,0.0,0.0,0.0,0.0,0.0,0,0,0
306,a,,,4.3,610,356.0,0,0.0,-2,2.0,0.1,479,166.0,0,0,0.0,655.0,249.0,0,0,0.0,561.0,192.0,0.0,0.0,0.0,13962,66,14121,50,0.5,0.0,0.0,0.0,0.0,0.0,0.0,0.0,0.0,0.0,0.0,645.0,240.0,0.0,641.0,245.0,0.0,618.0,234.0,0.0,647.0,242.0,,,,28,,Callum,Bates,Bates,,,0,0,0,0,0,0,0,0,0,0,0,0,0,,,,0.0,0.0,0.0,0.0,0.0,0,0,0
307,a,,,4.4,549,327.0,0,0.0,-1,1.0,0.0,602,229.0,0,0,0.0,674.0,261.0,0,0,0.0,587.0,206.0,0.0,0.0,0.0,4689,12,6213,7,0.5,0.0,0.0,0.0,0.0,0.0,0.0,0.0,0.0,0.0,0.0,665.0,253.0,0.0,661.0,258.0,0.0,639.0,247.0,0.0,667.0,255.0,,,,28,,Coby,Ebere,Ebere,,,0,0,0,0,0,0,0,0,0,0,0,0,0,,,,0.0,0.0,0.0,0.0,0.0,0,0,0
308,u,0.0,0.0,4.5,452,270.0,0,0.0,0,0.0,0.0,696,286.0,0,0,0.0,711.0,286.0,0,0,0.0,635.0,238.0,0.0,0.0,0.0,458,0,3745,1,0.0,0.0,0.0,0.0,0.0,0.0,0.0,0.0,0.0,0.0,0.0,706.0,282.0,0.0,702.0,284.0,0.0,686.0,277.0,0.0,707.0,283.0,,,,28,,Isaac,Heath,Heath,has joined Accrington on loan for the rest of the season.,,0,0,0,0,0,0,0,0,0,0,0,0,0,,,,0.0,0.0,0.0,0.0,0.0,0,0,0
309,u,0.0,0.0,4.5,448,268.0,0,0.0,0,0.0,0.0,817,366.0,0,0,0.0,709.0,284.0,0,0,0.0,633.0,236.0,0.0,0.0,0.0,0,0,113,0,0.0,0.0,0.0,0.0,0.0,0.0,0.0,0.0,0.0,0.0,0.0,704.0,280.0,0.0,700.0,282.0,0.0,684.0,275.0,0.0,705.0,281.0,,,,28,,Jenson,Metcalfe,Metcalfe,Has joined Bradford City permanently.,,0,0,0,0,0,0,0,0,0,0,0,0,0,,,,0.0,0.0,0.0,0.0,0.0,0,0,0
214,i,0.0,0.0,4.4,538,320.0,0,0.0,-1,1.0,0.1,566,209.0,4,0,1.0,465.0,204.0,0,10,0.0,580.0,200.0,0.0,0.9,0.0,11858,4,15773,17,0.0,0.0,0.0,0.0,0.0,0.46,0.0,0.0,0.0,2.18,0.6,499.0,229.0,0.4,476.0,230.0,2.0,443.0,218.0,0.3,495.0,228.0,,,,28,,Mike,Trésor Ndayishimiye,Trésor,Ankle injury - Unknown return date,,19,0,0,0,1,0,0,0,0,0,0,0,2,,,,0.0,0.0,4.74,0.0,9.47,0,0,2
787,a,,,4.4,560,334.0,0,0.0,-1,1.0,0.0,737,311.0,0,0,0.0,681.0,265.0,0,0,0.0,596.0,212.0,0.0,0.0,0.0,1802,39,803,17,0.0,-0.5,0.0,0.0,0.0,0.0,0.0,0.0,0.0,0.0,0.0,673.0,258.0,0.0,668.0,262.0,0.0,648.0,253.0,0.0,675.0,260.0,,,,28,,Sam,Chambers,Chambers,,,0,0,0,0,0,0,0,0,0,0,0,0,0,,,,0.0,0.0,0.0,0.0,0.0,0,0,0
381,a,100.0,100.0,14.0,2,1.0,0,0.0,-5,5.0,14.3,22,9.0,87,2,4.3,48.0,23.0,5,278,3.6,75.0,37.0,0.3,6.2,0.0,1362722,1179,5890299,2482,4.6,4.1,6.39,4.33,10.72,25.55,0.34,0.23,0.57,1.35,353.6,139.0,46.0,591.9,15.0,15.0,607.0,16.0,6.0,155.3,17.0,13.0,2.0,4.0,1.0,28,,Mohamed,Salah,M.Salah,,,1702,4,6,6,29,0,0,0,1,0,0,18,73,,,,0.0,0.32,1.53,0.95,3.86,7,9,57
382,d,25.0,25.0,8.3,13,8.0,-1,1.0,-2,2.0,11.2,31,10.0,100,0,4.0,72.0,35.0,16,412,3.4,85.0,40.0,0.4,12.0,0.0,2151317,366,4452645,53590,1.1,1.0,5.64,4.1,9.73,23.77,0.27,0.2,0.47,1.16,409.0,104.0,32.0,682.1,8.0,8.0,530.0,21.0,9.0,162.1,15.0,11.0,4.0,5.0,,28,,Florian,Wirtz,Wirtz,Back injury - 25% chance of playing,,1850,4,3,8,23,0,0,0,1,0,0,21,133,,,,0.0,0.39,1.12,1.02,6.47,28,19,86
753,a,,,4.0,658,39.0,0,0.0,0,0.0,0.0,693,81.0,0,0,0.0,572.0,61.0,0,0,0.0,450.0,52.0,0.0,0.0,0.0,1515,8,938,8,-0.5,0.0,0.0,0.0,0.0,0.0,0.0,0.0,0.0,0.0,0.0,562.0,61.0,0.0,551.0,46.0,0.0,519.0,33.0,0.0,564.0,61.0,,,,28,,John,Ruddy,Ruddy,,,0,0,0,0,0,0,0,0,0,0,0,0,0,,,,0.0,0.0,0.0,0.0,0.0,0,0,0
511,a,,,4.3,592,135.0,0,0.0,-2,2.0,0.1,509,182.0,34,0,2.4,287.0,111.0,1,131,2.4,143.0,49.0,0.6,7.9,0.0,8955,12,13078,14,1.9,2.4,0.83,0.08,0.91,14.04,0.08,0.01,0.09,1.35,224.8,240.0,94.0,20.8,390.0,140.0,59.0,307.0,91.0,30.5,328.0,112.0,,,,28,,Felipe,Rodrigues da Silva,Morato,,,937,0,0,2,17,0,0,0,4,0,0,10,120,,,,0.0,0.19,1.63,0.96,9.41,24,74,46
512,u,0.0,0.0,4.5,419,79.0,0,0.0,0,0.0,0.0,683,237.0,0,0,0.0,694.0,256.0,0,0,0.0,614.0,240.0,0.0,0.0,0.0,345,0,4121,1,0.0,0.0,0.0,0.0,0.0,0.0,0.0,0.0,0.0,0.0,0.0,688.0,255.0,0.0,683.0,255.0,0.0,664.0,254.0,0.0,690.0,255.0,,,,28,,Omar,Richards,O.Richards,has joined Rio Ave on loan for the rest of the season.,,0,0,0,0,0,0,0,0,0,0,0,0,0,,,,0.0,0.0,0.0,0.0,0.0,0,0,0
513,a,,,3.8,808,256.0,0,0.0,-2,2.0,0.3,334,120.0,2,0,1.0,449.0,163.0,0,1,0.2,351.0,121.0,0.1,0.5,0.0,28301,75,28443,68,-0.3,0.2,0.0,0.01,0.01,3.13,0.0,0.01,0.01,2.35,25.4,437.0,163.0,6.3,437.0,158.0,0.0,475.0,186.0,3.2,456.0,164.0,,,,28,,Zach,Abbott,Abbott,,,120,0,0,0,4,0,0,0,0,0,0,1,10,,,,0.0,0.0,3.0,0.75,7.5,2,8,8
514,i,0.0,0.0,3.8,785,234.0,0,0.0,-2,2.0,0.4,289,107.0,0,0,0.0,519.0,184.0,0,0,0.0,390.0,140.0,0.0,0.0,0.0,42257,42,64248,140,0.0,0.0,0.0,0.0,0.0,0.0,0.0,0.0,0.0,0.0,0.0,508.0,182.0,0.0,492.0,179.0,0.0,458.0,170.0,0.0,510.0,182.0,,,,28,,Willy,Boly,Boly,Knee injury - Unknown return date,,0,0,0,0,0,0,0,0,0,0,0,0,0,,,,0.0,0.0,0.0,0.0,0.0,0,0,0
515,a,100.0,100.0,7.3,26,16.0,0,0.0,-2,2.0,3.4,99,32.0,105,0,3.9,83.0,41.0,8,415,3.0,113.0,51.0,0.4,14.4,0.0,876366,876,1107101,2685,2.5,3.0,6.73,2.04,8.77,37.55,0.26,0.08,0.34,1.47,441.4,83.0,28.0,588.1,16.0,16.0,504.0,25.0,12.0,153.1,20.0,16.0,,3.0,2.0,28,,Morgan,Gibbs-White,Gibbs-White,,,2298,6,2,7,35,0,0,0,1,0,0,26,131,,,,0.0,0.27,1.37,1.02,5.13,14,38,79
516,a,100.0,100.0,5.7,115,72.0,0,0.0,-3,3.0,0.7,220,76.0,68,0,2.7,245.0,100.0,6,285,1.8,196.0,85.0,0.3,11.9,0.0,263947,143,333295,325,1.3,1.8,2.64,2.13,4.77,25.98,0.15,0.12,0.27,1.52,284.4,194.0,79.0,489.6,29.0,27.0,291.0,78.0,47.0,106.2,65.0,42.0,,,,28,,Callum,Hudson-Odoi,Hudson-Odoi,,,1534,3,1,5,23,0,0,0,0,0,0,17,91,,,,0.0,0.29,1.35,1.0,5.34,12,20,59
518,u,0.0,0.0,5.4,180,111.0,0,0.0,-1,1.0,0.0,619,240.0,1,0,1.0,500.0,234.0,0,6,0.0,783.0,343.0,0.0,0.2,0.0,1029,0,9135,2,0.0,0.0,0.0,0.0,0.0,0.0,0.0,0.0,0.0,0.0,5.0,472.0,215.0,0.5,473.0,229.0,4.0,434.0,216.0,1.0,480.0,223.0,,,,28,,João Pedro,Ferreira da Silva,Jota,has joined Besiktas on loan for the rest of the season.,,11,0,0,0,0,0,0,0,0,0,0,0,3,,,,0.0,0.0,0.0,0.0,24.55,2,1,0
519,a,100.0,100.0,5.0,257,156.0,0,0.0,0,0.0,0.0,627,244.0,34,0,2.0,334.0,146.0,3,140,0.6,310.0,142.0,0.1,6.8,0.0,5074,5,3499,33,0.1,0.6,1.09,0.39,1.48,15.94,0.12,0.04,0.16,1.74,172.6,278.0,120.0,141.2,201.0,132.0,117.0,224.0,125.0,43.2,266.0,133.0,,,,28,,Nicolás,Domínguez,Dominguez,,,823,1,0,3,16,0,0,0,2,0,0,12,86,,,,0.0,0.33,1.75,1.31,9.4,35,19,32
520,u,0.0,0.0,5.0,255,155.0,0,0.0,0,0.0,0.0,815,364.0,0,0,0.0,783.0,341.0,0,0,0.0,743.0,317.0,0.0,0.0,0.0,0,0,117,0,0.0,0.0,0.0,0.0,0.0,0.0,0.0,0.0,0.0,0.0,0.0,783.0,341.0,0.0,780.0,341.0,0.0,777.0,339.0,0.0,783.0,341.0,,,,28,,Lewis,O'Brien,O'Brien,Has joined Wrexham permanently.,,0,0,0,0,0,0,0,0,0,0,0,0,0,,,,0.0,0.0,0.0,0.0,0.0,0,0,0
521,a,100.0,100.0,4.9,310,194.0,0,0.0,-1,1.0,0.1,541,198.0,65,0,3.4,134.0,59.0,2,265,2.0,177.0,76.0,0.4,13.3,0.0,10608,28,12346,22,1.5,2.0,1.08,1.46,2.54,23.26,0.07,0.09,0.16,1.49,308.0,182.0,72.0,128.1,215.0,142.0,109.0,227.0,127.0,54.6,220.0,108.0,,,,28,,Ibrahim,Sangaré,Sangaré,,,1404,2,2,6,18,0,0,0,3,0,0,17,171,,,,0.0,0.38,1.15,1.09,10.96,44,60,67
522,a,100.0,100.0,4.7,383,239.0,0,0.0,-3,3.0,0.1,549,200.0,17,0,1.3,428.0,191.0,0,77,0.4,332.0,155.0,0.1,3.6,0.0,9808,9,19079,9,-0.1,0.4,0.1,0.19,0.29,3.69,0.02,0.05,0.07,0.9,71.6,386.0,171.0,48.3,343.0,185.0,30.0,357.0,185.0,14.9,386.0,180.0,,,,28,,Ryan,Yates,Yates,,,367,0,1,0,5,0,0,0,1,0,0,1,36,,,,0.0,0.0,1.23,0.25,8.83,8,17,11
523,a,100.0,100.0,4.5,474,288.0,0,0.0,0,0.0,0.1,570,210.0,0,0,0.0,726.0,299.0,0,0,0.0,654.0,254.0,0.0,0.0,0.0,2518,14,16695,11,-0.5,0.0,0.0,0.0,0.0,0.0,0.0,0.0,0.0,0.0,0.0,723.0,297.0,0.0,718.0,298.0,0.0,704.0,293.0,0.0,724.0,298.0,,,,28,,Eric,da Silva Moreira,Da Silva Moreira,,,0,0,0,0,0,0,0,0,0,0,0,0,0,,,,0.0,0.0,0.0,0.0,0.0,0,0,0
726,a,100.0,100.0,6.9,38,15.0,0,0.0,-1,1.0,0.4,285,46.0,35,0,1.8,375.0,45.0,1,105,2.2,165.0,23.0,0.3,5.1,0.0,124347,416,112118,195,2.2,2.2,1.53,1.11,2.64,17.74,0.13,0.09,0.22,1.47,117.2,331.0,32.0,186.4,170.0,14.0,182.0,145.0,34.0,47.9,251.0,28.0,,,,28,,Randal,Kolo Muani,Kolo Muani,,,1086,1,0,3,22,0,0,0,2,0,0,13,74,,,,0.0,0.25,1.82,1.08,6.13,19,15,40
745,a,,,4.0,733,209.0,0,0.0,0,0.0,0.0,626,224.0,1,0,1.0,456.0,168.0,0,3,0.2,359.0,127.0,0.0,0.2,0.0,1952,10,1850,5,0.2,0.2,0.0,0.0,0.0,0.0,0.0,0.0,0.0,0.0,0.4,500.0,177.0,0.5,470.0,172.0,0.0,584.0,240.0,0.1,504.0,178.0,,,,28,,Jun'ai,Byfield,Byfield,,,1,0,0,0,0,0,0,0,0,0,0,0,0,,,,0.0,0.0,0.0,0.0,0.0,0,0,0
750,a,,,4.0,697,180.0,0,0.0,0,0.0,0.0,648,228.0,0,0,0.0,602.0,223.0,0,0,0.0,484.0,189.0,0.0,0.0,0.0,1718,18,1452,13,0.0,0.0,0.0,0.0,0.0,0.0,0.0,0.0,0.0,0.0,0.0,592.0,222.0,0.0,584.0,222.0,0.0,553.0,216.0,0.0,594.0,222.0,,,,28,,James,Rowswell,Rowswell,,,0,0,0,0,0,0,0,0,0,0,0,0,0,,,,0.0,0.0,0.0,0.0,0.0,0,0,0
751,u,0.0,0.0,4.5,487,298.0,0,0.0,0,0.0,0.0,776,336.0,0,0,0.0,735.0,306.0,0,0,0.0,666.0,264.0,0.0,0.0,0.0,675,0,611,3,0.0,0.0,0.0,0.0,0.0,0.0,0.0,0.0,0.0,0.0,0.0,734.0,305.0,0.0,728.0,305.0,0.0,715.0,301.0,0.0,734.0,305.0,,,,28,,Yusuf,Akhamrich,Akhamrich,has joined Bristol Rovers on loan for the rest of the season.,,0,0,0,0,0,0,0,0,0,0,0,0,0,,,,0.0,0.0,0.0,0.0,0.0,0,0,0
790,a,,,4.5,500,308.0,0,0.0,0,0.0,0.0,770,331.0,0,0,0.0,744.0,313.0,0,0,0.0,676.0,272.0,0.0,0.0,0.0,637,6,273,4,0.0,0.0,0.0,0.0,0.0,0.0,0.0,0.0,0.0,0.0,0.0,744.0,313.0,0.0,738.0,313.0,0.0,725.0,309.0,0.0,744.0,313.0,,,,28,,Lucá,Williams-Barnett,Williams-Barnett,,,0,0,0,0,0,0,0,0,0,0,0,0,0,,,,0.0,0.0,0.0,0.0,0.0,0,0,0
215,a,100.0,100.0,5.3,194,47.0,0,0.0,-2,2.0,0.3,303,49.0,62,6,3.1,179.0,18.0,6,230,4.0,57.0,8.0,0.8,11.7,0.0,157869,1408,144702,208,3.5,3.5,4.39,0.19,4.58,20.71,0.39,0.02,0.41,1.85,288.4,191.0,17.0,79.7,294.0,31.0,332.0,64.0,24.0,69.1,160.0,22.0,,5.0,1.0,28,,Zian,Flemming,Flemming,,,1005,7,0,2,19,0,0,0,3,0,0,12,54,,,,0.0,0.18,1.7,1.07,4.84,7,27,20
216,i,0.0,0.0,4.8,369,63.0,0,0.0,-2,2.0,0.0,669,86.0,0,0,0.0,762.0,84.0,0,0,0.0,708.0,74.0,0.0,0.0,0.0,2058,5,6207,0,0.0,0.0,0.0,0.0,0.0,0.0,0.0,0.0,0.0,0.0,0.0,762.0,84.0,0.0,757.0,83.0,0.0,751.0,83.0,0.0,762.0,84.0,,,,28,,Zeki,Amdouni,Amdouni,Knee injury - Expected back 25 Apr,,0,0,0,0,0,0,0,0,0,0,0,0,0,,,,0.0,0.0,0.0,0.0,0.0,0,0,0
217,a,100.0,100.0,4.9,327,60.0,0,0.0,-1,1.0,0.8,210,32.0,46,0,2.3,297.0,31.0,4,173,0.8,286.0,38.0,0.2,9.4,0.0,448916,111,439497,252,0.3,0.3,2.25,0.28,2.53,21.64,0.19,0.02,0.21,1.83,182.4,267.0,25.0,123.4,220.0,22.0,163.0,161.0,38.0,46.3,257.0,29.0,,,,28,,Lyle,Foster,Foster,,,1064,3,1,3,23,0,0,0,4,0,0,12,63,,,,0.0,0.25,1.95,1.02,5.33,12,20,31
218,a,,,4.2,623,88.0,0,0.0,-3,3.0,1.5,159,25.0,3,1,1.0,458.0,56.0,0,5,0.4,326.0,43.0,0.1,0.7,0.0,220010,512,328172,788,-0.1,-0.1,0.11,0.0,0.11,0.76,0.62,0.0,0.62,4.28,0.2,503.0,62.0,0.4,474.0,60.0,7.0,416.0,58.0,0.8,481.0,58.0,,,2.0,28,,Ashley,Barnes,Barnes,,,16,0,0,0,2,0,0,0,1,0,0,0,2,,,,0.0,0.0,11.25,0.0,11.25,0,0,2
219,u,0.0,0.0,4.4,528,76.0,0,0.0,-1,1.0,0.1,463,67.0,0,0,0.0,667.0,68.0,0,0,0.0,577.0,57.0,0.0,0.0,0.0,4151,0,40532,10,0.0,0.0,0.0,0.0,0.0,0.0,0.0,0.0,0.0,0.0,0.0,657.0,68.0,0.0,653.0,67.0,0.0,631.0,67.0,0.0,659.0,68.0,,,,28,,Michael,Obafemi,Obafemi,has joined Blackpool on loan for the rest of the season.,,0,0,0,0,0,0,0,0,0,0,0,0,0,,,,0.0,0.0,0.0,0.0,0.0,0,0,0
470,a,100.0,100.0,4.0,660,41.0,0,0.0,0,0.0,32.4,10,2.0,78,0,2.8,214.0,21.0,7,348,1.0,253.0,19.0,0.2,19.5,0.0,1683051,2052,1400630,3692,0.5,0.5,0.0,0.03,0.03,55.65,0.0,0.0,0.0,1.99,785.0,5.0,1.0,0.0,553.0,48.0,0.0,521.0,35.0,78.7,130.0,1.0,,,,28,,Martin,Dúbravka,Dúbravka,,,2520,0,0,3,56,0,0,0,1,0,103,28,96,,,,3.68,0.11,2.0,1.0,0.0,1,52,222
6,a,100.0,100.0,6.1,84,4.0,0,0.0,1,-1.0,13.4,25,9.0,86,0,3.7,103.0,36.0,4,386,2.7,130.0,45.0,0.4,14.1,0.0,1859694,2013,2177170,4502,3.7,3.2,0.62,0.61,1.23,13.05,0.03,0.03,0.06,0.62,366.4,133.0,60.0,124.5,219.0,54.0,39.0,338.0,111.0,53.0,226.0,76.0,,,,28,,William,Saliba,Saliba,,,1894,0,0,10,15,0,0,0,1,0,0,22,163,,,,0.0,0.48,0.71,1.05,6.27,25,107,86
7,a,100.0,100.0,5.6,132,14.0,0,0.0,1,-1.0,6.2,61,21.0,86,0,4.3,43.0,19.0,4,308,1.5,215.0,78.0,0.3,15.4,0.0,2630141,378,2437397,1637,2.5,2.0,2.77,0.4,3.17,7.79,0.19,0.03,0.22,0.52,228.6,236.0,92.0,109.3,239.0,67.0,230.0,105.0,12.0,56.8,212.0,70.0,,,,28,,Riccardo,Calafiori,Calafiori,,,1347,1,2,10,8,0,0,0,5,0,0,17,130,,,,0.0,0.67,0.53,1.14,6.08,30,61,59
8,a,100.0,100.0,6.3,69,2.0,-1,1.0,8,-8.0,27.7,14,4.0,127,0,4.7,23.0,7.0,7,471,2.8,126.0,44.0,0.4,20.2,0.0,6467189,4483,3712381,17201,3.8,3.3,4.3,1.44,5.74,14.76,0.17,0.06,0.23,0.59,453.0,76.0,34.0,369.5,58.0,10.0,348.0,58.0,1.0,117.4,45.0,4.0,,,,28,,Jurriën,Timber,J.Timber,,,2235,2,5,12,19,0,0,0,5,0,0,25,156,,,,0.0,0.48,0.77,1.01,5.07,58,68,91
9,u,0.0,0.0,5.4,173,20.0,0,0.0,-1,1.0,0.0,591,210.0,0,0,0.0,801.0,266.0,0,0,0.0,781.0,263.0,0.0,0.0,0.0,1119,0,10894,1,0.0,0.0,0.0,0.0,0.0,0.0,0.0,0.0,0.0,0.0,0.0,801.0,266.0,0.0,800.0,266.0,0.0,798.0,266.0,0.0,801.0,266.0,,,,28,,Jakub,Kiwior,Kiwior,has joined Porto on loan for the rest of the season.,,0,0,0,0,0,0,0,0,0,0,0,0,0,,,,0.0,0.0,0.0,0.0,0.0,0,0,0
664,a,,,3.9,744,72.0,0,0.0,-1,1.0,0.7,214,28.0,0,0,0.0,542.0,41.0,0,0,0.0,418.0,32.0,0.0,0.0,0.0,41800,118,52525,89,0.0,0.0,0.0,0.0,0.0,0.0,0.0,0.0,0.0,0.0,0.0,532.0,41.0,0.0,520.0,25.0,0.0,487.0,12.0,0.0,534.0,41.0,,,,28,,Benjamin,Lecomte,Lecomte,,,0,0,0,0,0,0,0,0,0,0,0,0,0,,,,0.0,0.0,0.0,0.0,0.0,0,0,0
483,a,,,3.8,811,259.0,0,0.0,-2,2.0,0.4,286,104.0,0,0,0.0,533.0,197.0,0,0,0.0,409.0,158.0,0.0,0.0,0.0,65206,85,47686,95,-0.5,0.0,0.0,0.0,0.0,0.0,0.0,0.0,0.0,0.0,0.0,523.0,196.0,0.0,510.0,196.0,0.0,477.0,188.0,0.0,525.0,196.0,,,,28,,Miodrag,Pivaš,Pivas,,,0,0,0,0,0,0,0,0,0,0,0,0,0,,,,0.0,0.0,0.0,0.0,0.0,0,0,0
501,a,,,4.3,617,87.0,0,0.0,-2,2.0,0.3,340,57.0,0,0,0.0,659.0,67.0,0,0,0.0,566.0,56.0,0.0,0.0,0.0,25178,56,35013,80,-0.5,0.0,0.0,0.0,0.0,0.0,0.0,0.0,0.0,0.0,0.0,649.0,67.0,0.0,645.0,66.0,0.0,622.0,66.0,0.0,651.0,67.0,,,,28,,Sean,Neave,Neave,,,0,0,0,0,0,0,0,0,0,0,0,0,0,,,,0.0,0.0,0.0,0.0,0.0,0,0,0
777,u,0.0,0.0,4.5,455,272.0,0,0.0,0,0.0,0.0,803,356.0,0,0,0.0,713.0,288.0,0,0,0.0,638.0,240.0,0.0,0.0,0.0,415,0,311,3,0.0,0.0,0.0,0.0,0.0,0.0,0.0,0.0,0.0,0.0,0.0,708.0,284.0,0.0,704.0,286.0,0.0,688.0,279.0,0.0,709.0,285.0,,,,28,,Temple,Ojinnaka,Ojinnaka,has joined Shrewsbury Town on loan for the rest of the season.,,0,0,0,0,0,0,0,0,0,0,0,0,0,,,,0.0,0.0,0.0,0.0,0.0,0,0,0
778,a,,,4.5,486,297.0,0,0.0,0,0.0,0.0,756,322.0,0,0,0.0,734.0,305.0,0,0,0.0,665.0,263.0,0.0,0.0,0.0,1202,7,654,5,-1.0,-0.5,0.0,0.0,0.0,0.0,0.0,0.0,0.0,0.0,0.0,733.0,304.0,0.0,727.0,304.0,0.0,714.0,300.0,0.0,733.0,304.0,,,,28,,Ethan,Sutherland,Sutherland,,,0,0,0,0,0,0,0,0,0,0,0,0,0,,,,0.0,0.0,0.0,0.0,0.0,0,0,0
809,a,,,4.5,515,318.0,0,0.0,0,0.0,0.0,762,325.0,0,0,0.0,755.0,321.0,0,0,0.0,689.0,281.0,0.0,0.0,0.0,820,24,212,10,-1.0,-0.5,0.0,0.0,0.0,0.0,0.0,0.0,0.0,0.0,0.0,755.0,321.0,0.0,749.0,321.0,0.0,737.0,318.0,0.0,755.0,321.0,,,,28,,Jerome,Abbey,Abbey,,,0,0,0,0,0,0,0,0,0,0,0,0,0,,,,0.0,0.0,0.0,0.0,0.0,0,0,0
816,a,100.0,100.0,4.9,308,193.0,0,0.0,-1,1.0,0.0,680,277.0,8,1,1.6,387.0,168.0,0,49,1.6,203.0,90.0,0.3,1.6,0.0,4090,20,1815,59,0.6,1.1,0.05,0.08,0.13,7.29,0.03,0.04,0.07,3.69,34.8,421.0,185.0,38.8,356.0,187.0,10.0,406.0,200.0,8.4,425.0,191.0,,,,28,,Angel,Gomes,Angel,,,178,0,0,1,4,0,0,0,0,0,0,3,18,,,,0.0,0.51,2.02,1.52,9.1,5,4,9
817,a,,,5.4,160,40.0,0,0.0,-1,1.0,0.1,544,76.0,14,4,2.8,226.0,23.0,0,54,2.8,121.0,15.0,0.5,2.6,0.0,14401,212,6253,193,1.8,2.3,0.18,0.58,0.76,9.56,0.04,0.12,0.16,2.04,53.2,405.0,43.0,60.2,324.0,35.0,11.0,400.0,56.0,12.5,401.0,49.0,,,,28,,Adam,Armstrong,Armstrong,,,422,0,2,3,5,0,0,0,2,0,0,5,17,,,,0.0,0.64,1.07,1.07,3.63,2,6,9
