id,status,chance_of_playing_next_round,chance_of_playing_this_round,now_cost,now_cost_rank,now_cost_rank_type,cost_change_event,cost_change_event_fall,cost_change_start,cost_change_start_fall,selected_by_percent,selected_rank,selected_rank_type,total_points,event_points,points_per_game,points_per_game_rank,points_per_game_rank_type,bonus,bps,form,form_rank,form_rank_type,value_form,value_season,dreamteam_count,transfers_in,transfers_in_event,transfers_out,transfers_out_event,ep_next,ep_this,expected_goals,expected_assists,expected_goal_involvements,expected_goals_conceded,expected_goals_per_90,expected_assists_per_90,expected_goal_involvements_per_90,expected_goals_conceded_per_90,influence,influence_rank,influence_rank_type,creativity,creativity_rank,creativity_rank_type,threat,threat_rank,threat_rank_type,ict_index,ict_index_rank,ict_index_rank_type,corners_and_indirect_freekicks_order,direct_freekicks_order,penalties_order,gw,set_piece_threat,first_name,second_name,web_name,news,news_added,minutes,goals_scored,assists,clean_sheets,goals_conceded,own_goals,penalties_saved,penalties_missed,yellow_cards,red_cards,saves,starts,defensive_contribution,corners_and_indirect_freekicks_text,direct_freekicks_text,penalties_text,saves_per_90,clean_sheets_per_90,goals_conceded_per_90,starts_per_90,defensive_contribution_per_90,tackles,clearances_blocks_interceptions,recoveries
2,a,,,4.1,651,36.0,0,0.0,-4,4.0,0.4,281,36.0,0,0,0.0,635.0,85.0,0,0,0.0,515.0,78.0,0.0,0.0,0.0,14574,111,76813,303,1.0,1.0,0.0,0.0,0.0,0.0,0.0,0.0,0.0,0.0,0.0,625.0,85.0,0.0,617.0,73.0,0.0,590.0,60.0,0.0,627.0,85.0,,,,29,,Kepa,Arrizabalaga Revuelta,Arrizabalaga,,,0,0,0,0,0,0,0,0,0,0,0,0,0,,,,0.0,0.0,0.0,0.0,0.0,0,0,0
34,u,0.0,0.0,4.0,685,53.0,0,0.0,0,0.0,0.1,494,74.0,0,0,0.0,594.0,73.0,0,0,0.0,468.0,66.0,0.0,0.0,0.0,0,0,17378,63,0.0,0.0,0.0,0.0,0.0,0.0,0.0,0.0,0.0,0.0,0.0,584.0,73.0,0.0,575.0,60.0,0.0,546.0,47.0,0.0,586.0,73.0,,,,29,,Joe,Gauci,Gauci,Has joined Port Vale on loan for the rest of the season.,,0,0,0,0,0,0,0,0,0,0,0,0,0,,,,0.0,0.0,0.0,0.0,0.0,0,0,0
61,u,0.0,0.0,4.5,410,250.0,0,0.0,0,0.0,0.1,532,193.0,0,0,0.0,691.0,270.0,0,0,0.0,607.0,216.0,0.0,0.0,0.0,2169,0,33691,26,0.0,0.0,0.0,0.0,0.0,0.0,0.0,0.0,0.0,0.0,0.0,685.0,264.0,0.0,679.0,267.0,0.0,660.0,259.0,0.0,687.0,266.0,,,,29,,Leander,Dendoncker,Dendoncker,Has joined Real Oviedo permanently.,,0,0,0,0,0,0,0,0,0,0,0,0,0,,,,0.0,0.0,0.0,0.0,0.0,0,0,0
204,u,0.0,0.0,4.9,320,199.0,0,0.0,-1,1.0,0.0,728,302.0,0,0,0.0,772.0,333.0,0,0,0.0,723.0,304.0,0.0,0.0,0.0,160,0,2085,2,0.0,0.0,0.0,0.0,0.0,0.0,0.0,0.0,0.0,0.0,0.0,771.0,332.0,0.0,767.0,332.0,0.0,762.0,330.0,0.0,771.0,332.0,,,,29,,Darko,Churlinov,Churlinov,has joined Kocaelispor  permanently.,,0,0,0,0,0,0,0,0,0,0,0,0,0,,,,0.0,0.0,0.0,0.0,0.0,0,0,0
216,i,0.0,0.0,4.8,369,63.0,0,0.0,-2,2.0,0.0,671,85.0,0,0,0.0,764.0,84.0,0,0,0.0,706.0,72.0,0.0,0.0,0.0,2145,44,6304,30,0.0,0.0,0.0,0.0,0.0,0.0,0.0,0.0,0.0,0.0,0.0,763.0,84.0,0.0,758.0,83.0,0.0,752.0,83.0,0.0,763.0,84.0,,,,29,,Zeki,Amdouni,Amdouni,Knee injury - Expected back 25 Apr,,0,0,0,0,0,0,0,0,0,0,0,0,0,,,,0.0,0.0,0.0,0.0,0.0,0,0,0
784,a,,,4.5,516,320.0,0,0.0,0,0.0,0.0,800,354.0,0,0,0.0,758.0,324.0,0,0,0.0,689.0,280.0,0.0,0.0,0.0,438,18,311,19,-0.5,-0.5,0.0,0.0,0.0,0.0,0.0,0.0,0.0,0.0,0.0,757.0,323.0,0.0,751.0,323.0,0.0,739.0,320.0,0.0,757.0,323.0,,,,29,,George,Brierley,Brierley,,,0,0,0,0,0,0,0,0,0,0,0,0,0,,,,0.0,0.0,0.0,0.0,0.0,0,0,0
803,a,,,4.0,700,59.0,0,0.0,0,0.0,0.0,788,90.0,0,0,0.0,606.0,79.0,0,0,0.0,482.0,72.0,0.0,0.0,0.0,167,19,104,11,0.5,0.5,0.0,0.0,0.0,0.0,0.0,0.0,0.0,0.0,0.0,596.0,79.0,0.0,587.0,66.0,0.0,558.0,53.0,0.0,598.0,79.0,,,,29,,Teddy,Sharman-Lowe,Sharman-Lowe,,,0,0,0,0,0,0,0,0,0,0,0,0,0,,,,0.0,0.0,0.0,0.0,0.0,0,0,0
789,a,,,4.0,707,63.0,0,0.0,0,0.0,0.0,764,89.0,0,0,0.0,610.0,82.0,0,0,0.0,486.0,75.0,0.0,0.0,0.0,406,15,312,26,0.5,0.5,0.0,0.0,0.0,0.0,0.0,0.0,0.0,0.0,0.0,600.0,82.0,0.0,592.0,70.0,0.0,563.0,57.0,0.0,602.0,82.0,,,,29,,Max,Merrick,Merrick,,,0,0,0,0,0,0,0,0,0,0,0,0,0,,,,0.0,0.0,0.0,0.0,0.0,0,0,0
665,a,100.0,100.0,4.5,417,22.0,0,0.0,0,0.0,0.2,352,50.0,43,0,2.7,230.0,23.0,3,153,0.0,610.0,90.0,0.0,9.6,0.0,42796,215,62696,560,0.0,0.0,0.0,0.0,0.0,26.68,0.0,0.0,0.0,1.67,322.4,178.0,20.0,0.0,682.0,85.0,0.0,663.0,75.0,32.2,326.0,20.0,,,,29,,Lucas Estella,Perri,Perri,,,1440,0,0,3,29,0,0,0,2,0,38,16,39,,,,2.38,0.19,1.81,1.0,0.0,0,16,100
788,a,,,4.0,718,194.0,0,0.0,0,0.0,0.0,740,255.0,0,0,0.0,619.0,233.0,0,0,0.0,497.0,201.0,0.0,0.0,0.0,435,19,357,36,0.5,0.5,0.0,0.0,0.0,0.0,0.0,0.0,0.0,0.0,0.0,609.0,233.0,0.0,601.0,233.0,0.0,573.0,230.0,0.0,611.0,233.0,,,,29,,Godwill,Kukonki,Kukonki,,,0,0,0,0,0,0,0,0,0,0,0,0,0,,,,0.0,0.0,0.0,0.0,0.0,0,0,0
365,a,100.0,100.0,5.0,248,53.0,0,0.0,0,0.0,0.6,238,34.0,63,1,2.7,233.0,24.0,8,220,3.5,86.0,10.0,0.7,12.6,0.0,211140,2186,217456,2418,3.5,3.5,6.19,0.91,7.1,16.13,0.74,0.11,0.85,1.93,252.2,225.0,18.0,80.7,295.0,31.0,331.0,69.0,25.0,66.5,186.0,24.0,,,2.0,29,,Lukas,Nmecha,Nmecha,,,753,6,1,2,18,0,0,1,0,0,0,7,38,,,,0.0,0.24,2.15,0.84,4.54,6,12,20
487,a,,,6.1,81,53.0,0,0.0,-4,4.0,1.1,185,65.0,78,1,2.8,226.0,95.0,8,254,1.0,271.0,124.0,0.2,12.8,0.0,727033,3089,669569,6549,0.5,0.5,5.89,2.11,8.0,20.8,0.36,0.13,0.49,1.26,292.6,194.0,81.0,288.3,104.0,75.0,571.0,23.0,11.0,114.8,59.0,39.0,,,,29,,Harvey,Barnes,Barnes,,,1483,5,0,4,23,0,0,0,1,0,0,15,79,,,,0.0,0.24,1.4,0.91,4.79,12,15,52
646,a,100.0,100.0,5.3,196,122.0,0,0.0,-2,2.0,0.3,313,106.0,85,3,3.0,192.0,81.0,4,421,4.6,53.0,26.0,0.9,16.0,0.0,67479,5583,45810,2027,4.1,3.6,1.15,1.34,2.49,36.08,0.05,0.05,0.1,1.47,385.0,132.0,43.0,286.9,106.0,76.0,150.0,187.0,105.0,82.7,129.0,73.0,,1.0,,29,,João Victor,Gomes da Silva,J.Gomes,,,2207,1,1,4,41,0,0,0,9,0,0,25,312,,,,0.0,0.16,1.67,1.02,12.72,83,72,157
650,u,0.0,0.0,4.3,600,351.0,0,0.0,-2,2.0,0.2,372,123.0,2,0,1.0,464.0,203.0,0,4,0.0,552.0,184.0,0.0,0.5,0.0,30885,0,48300,192,0.0,0.0,0.0,0.0,0.0,0.5,0.0,0.0,0.0,1.8,3.2,482.0,220.0,0.3,479.0,232.0,0.0,613.0,230.0,0.4,493.0,225.0,,,,29,,Tawanda,Chirewa,Chirewa,has joined Barnsley on loan for the rest of the season.,,25,0,0,0,0,0,0,0,0,0,0,0,4,,,,0.0,0.0,0.0,0.0,14.4,2,1,1
15,a,,,3.7,816,262.0,0,0.0,-3,3.0,0.2,347,128.0,0,0,0.0,519.0,182.0,0,0,0.0,381.0,136.0,0.0,0.0,0.0,30122,1230,29775,791,1.0,1.0,0.0,0.0,0.0,0.0,0.0,0.0,0.0,0.0,0.0,509.0,182.0,0.0,493.0,180.0,0.0,461.0,173.0,0.0,511.0,182.0,,,,29,,Josh,Nichols,Nichols,,,0,0,0,0,0,0,0,0,0,0,0,0,0,,,,0.0,0.0,0.0,0.0,0.0,0,0,0
170,a,100.0,100.0,4.9,286,178.0,0,0.0,-1,1.0,0.1,463,157.0,29,0,1.7,387.0,166.0,0,125,1.8,200.0,84.0,0.4,5.9,0.0,18800,173,23528,144,1.8,0.8,0.96,0.62,1.58,9.5,0.16,0.1,0.26,1.56,116.4,341.0,152.0,128.4,221.0,143.0,54.0,318.0,169.0,29.7,337.0,162.0,,,1.0,29,,James,Milner,Milner,,,549,1,1,1,13,0,0,0,2,0,0,4,56,,,,0.0,0.16,2.13,0.66,9.18,10,16,30
171,u,0.0,0.0,4.9,328,203.0,0,0.0,-1,1.0,0.0,710,292.0,0,0,0.0,776.0,337.0,0,0,0.0,729.0,308.0,0.0,0.0,0.0,197,0,2966,2,0.0,0.0,0.0,0.0,0.0,0.0,0.0,0.0,0.0,0.0,0.0,775.0,336.0,0.0,771.0,336.0,0.0,766.0,334.0,0.0,775.0,336.0,,,,29,,Jeremy,Sarmiento Morante,Sarmiento,has joined Middlesbrough on loan for the rest of the season.,,0,0,0,0,0,0,0,0,0,0,0,0,0,,,,0.0,0.0,0.0,0.0,0.0,0,0,0
10,a,,,5.1,240,36.0,0,0.0,-4,4.0,1.4,164,63.0,12,0,0.9,507.0,175.0,0,36,0.0,761.0,261.0,0.0,2.4,0.0,134924,478,466052,1077,1.0,1.0,0.05,0.06,0.11,5.26,0.01,0.02,0.03,1.52,31.2,431.0,161.0,45.5,350.0,122.0,18.0,387.0,138.0,9.4,420.0,152.0,,,,29,,Myles,Lewis-Skelly,Lewis-Skelly,,,311,0,0,0,5,0,0,0,3,0,0,1,21,,,,0.0,0.0,1.45,0.29,4.05,4,10,14
179,u,0.0,0.0,5.5,151,37.0,0,0.0,0,0.0,0.0,758,92.0,0,0,0.0,809.0,89.0,0,0,0.0,792.0,83.0,0.0,0.0,0.0,0,0,1560,2,0.0,0.0,0.0,0.0,0.0,0.0,0.0,0.0,0.0,0.0,0.0,808.0,89.0,0.0,807.0,89.0,0.0,805.0,89.0,0.0,808.0,89.0,,,,29,,Evan,Ferguson,Ferguson,Has joined AS Roma on loan for the rest of the season,,0,0,0,0,0,0,0,0,0,0,0,0,0,,,,0.0,0.0,0.0,0.0,0.0,0,0,0
281,a,,,4.4,553,331.0,0,0.0,-1,1.0,0.0,583,217.0,1,0,1.0,470.0,208.0,0,2,0.0,588.0,206.0,0.0,0.2,0.0,5819,85,6919,60,0.0,0.0,0.0,0.0,0.0,0.65,0.0,0.0,0.0,19.5,0.0,669.0,256.0,0.1,487.0,236.0,0.0,644.0,251.0,0.0,671.0,258.0,,,,29,,Kaden,Rodney,Rodney,,,3,0,0,0,0,0,0,0,0,0,0,0,0,,,,0.0,0.0,0.0,0.0,0.0,0,0,0
759,a,,,4.0,730,205.0,0,0.0,0,0.0,0.0,680,238.0,0,0,0.0,629.0,242.0,0,0,0.0,507.0,210.0,0.0,0.0,0.0,1331,36,1149,54,1.0,1.0,0.0,0.0,0.0,0.0,0.0,0.0,0.0,0.0,0.0,619.0,242.0,0.0,611.0,242.0,0.0,583.0,239.0,0.0,621.0,242.0,,,,29,,Marli,Salmon,Salmon,,,0,0,0,0,0,0,0,0,0,0,0,0,0,,,,0.0,0.0,0.0,0.0,0.0,0,0,0
193,a,100.0,100.0,3.9,761,221.0,0,0.0,-1,1.0,0.1,428,159.0,33,0,2.5,262.0,101.0,1,139,1.8,195.0,74.0,0.5,8.5,0.0,19740,294,14516,472,1.3,1.3,0.22,0.59,0.81,21.79,0.02,0.05,0.07,1.85,251.6,227.0,89.0,86.2,285.0,90.0,46.0,326.0,105.0,38.2,300.0,99.0,,,,29,,Bashir,Humphreys,Humphreys,,,1059,0,2,1,24,0,0,0,5,0,0,11,99,,,,0.0,0.08,2.04,0.93,8.41,23,76,39
319,a,,,4.3,579,126.0,0,0.0,-2,2.0,0.1,460,169.0,30,1,1.4,419.0,151.0,0,130,0.5,314.0,106.0,0.1,7.0,0.0,19323,157,25321,181,0.5,0.5,1.1,0.51,1.61,21.75,0.09,0.04,0.13,1.74,226.8,243.0,95.0,131.5,215.0,54.0,111.0,228.0,59.0,47.1,264.0,85.0,,,,29,,Timothy,Castagne,Castagne,,,1126,0,1,0,23,0,0,0,3,0,0,12,114,,,,0.0,0.0,1.84,0.96,7.91,23,76,34
320,a,,,4.3,582,129.0,0,0.0,-2,2.0,0.1,527,188.0,13,2,1.3,428.0,155.0,0,49,0.8,276.0,96.0,0.2,3.0,0.0,7442,173,11543,94,0.8,0.8,0.02,0.04,0.06,10.15,0.0,0.01,0.01,1.54,118.0,339.0,130.0,5.7,440.0,159.0,12.0,399.0,146.0,13.6,397.0,144.0,,,,29,,Issa,Diop,Diop,,,592,0,0,0,11,0,0,0,2,0,0,6,55,,,,0.0,0.0,1.67,0.91,7.3,6,42,14
218,a,,,4.2,623,88.0,0,0.0,-3,3.0,1.4,162,25.0,4,1,1.0,460.0,56.0,0,7,0.8,275.0,34.0,0.2,1.0,0.0,226193,3360,338549,3800,0.3,0.3,0.11,0.0,0.11,0.77,0.43,0.0,0.43,3.01,0.2,505.0,62.0,0.6,471.0,60.0,9.0,413.0,57.0,1.0,483.0,58.0,,,2.0,29,,Ashley,Barnes,Barnes,,,23,0,0,0,2,0,0,0,1,0,0,0,2,,,,0.0,0.0,7.83,0.0,7.83,0,0,2
664,a,,,3.9,745,72.0,0,0.0,-1,1.0,0.7,215,28.0,0,0,0.0,544.0,42.0,0,0,0.0,413.0,33.0,0.0,0.0,0.0,42653,342,53693,531,0.0,0.0,0.0,0.0,0.0,0.0,0.0,0.0,0.0,0.0,0.0,534.0,42.0,0.0,521.0,25.0,0.0,491.0,12.0,0.0,536.0,42.0,,,,29,,Benjamin,Lecomte,Lecomte,,,0,0,0,0,0,0,0,0,0,0,0,0,0,,,,0.0,0.0,0.0,0.0,0.0,0,0,0
203,a,,,4.7,394,246.0,0,0.0,-3,3.0,0.0,593,222.0,0,0,0.0,761.0,326.0,0,0,0.0,696.0,284.0,0.0,0.0,0.0,4217,84,7299,84,-0.5,-0.5,0.0,0.0,0.0,0.0,0.0,0.0,0.0,0.0,0.0,760.0,325.0,0.0,755.0,325.0,0.0,747.0,322.0,0.0,760.0,325.0,,,,29,,Enock,Agyei,Boateng,,,0,0,0,0,0,0,0,0,0,0,0,0,0,,,,0.0,0.0,0.0,0.0,0.0,0,0,0
104,a,,,3.9,775,89.0,0,0.0,-1,1.0,0.1,456,68.0,0,0,0.0,566.0,58.0,0,0,0.0,437.0,49.0,0.0,0.0,0.0,13031,47,10380,144,0.5,0.0,0.0,0.0,0.0,0.0,0.0,0.0,0.0,0.0,0.0,556.0,58.0,0.0,544.0,42.0,0.0,514.0,29.0,0.0,558.0,58.0,,,,29,,Julian,Eyestone,Eyestone,,,0,0,0,0,0,0,0,0,0,0,0,0,0,,,,0.0,0.0,0.0,0.0,0.0,0,0,0
499,i,0.0,0.0,10.3,4,2.0,0,0.0,-2,2.0,3.5,98,17.0,29,0,2.9,208.0,21.0,2,96,0.0,820.0,92.0,0.0,2.8,0.0,1797382,95,2416258,1486,0.0,0.0,2.04,0.07,2.11,5.1,0.37,0.01,0.38,0.92,97.6,363.0,37.0,36.5,365.0,47.0,143.0,197.0,41.0,26.9,348.0,41.0,,,,29,,Alexander,Isak,Isak,Ankle injury - Expected back 11 Apr,,501,2,1,1,7,0,0,0,0,0,0,6,23,,,,0.0,0.18,1.26,1.08,4.13,6,6,11
661,a,100.0,100.0,9.1,7,3.0,0,0.0,6,-6.0,34.1,9,4.0,123,2,4.7,26.0,5.0,22,426,5.2,43.0,5.0,0.6,13.5,0.0,8743872,86451,6747879,74543,5.7,6.2,9.6,2.41,12.01,25.53,0.49,0.12,0.61,1.3,522.4,65.0,5.0,294.6,99.0,4.0,728.0,6.0,5.0,153.5,24.0,5.0,,,,29,,Hugo,Ekitiké,Ekitiké,,,1764,11,4,7,24,0,0,0,0,0,0,20,82,,,,0.0,0.36,1.22,1.02,4.18,11,31,40
153,i,0.0,0.0,4.4,523,102.0,0,0.0,-1,1.0,0.0,761,258.0,0,0,0.0,667.0,253.0,0,0,0.0,571.0,234.0,0.0,0.0,0.0,949,31,1728,9,0.0,0.0,0.0,0.0,0.0,0.0,0.0,0.0,0.0,0.0,0.0,657.0,253.0,0.0,653.0,253.0,0.0,631.0,252.0,0.0,659.0,253.0,,,,29,,Adam,Webster,Webster,Knee injury - Unknown return date,,0,0,0,0,0,0,0,0,0,0,0,0,0,,,,0.0,0.0,0.0,0.0,0.0,0,0,0
441,i,0.0,0.0,4.2,647,155.0,0,0.0,-3,3.0,3.2,104,39.0,74,0,3.4,129.0,47.0,8,261,0.0,533.0,226.0,0.0,17.6,0.0,1772984,478,2116158,19339,0.0,0.0,1.86,1.42,3.28,18.78,0.13,0.1,0.23,1.27,402.4,117.0,50.0,354.1,72.0,15.0,262.0,95.0,9.0,101.9,87.0,20.0,,,,29,,Patrick,Dorgu,Dorgu,Hamstring injury - Unknown return date,,1329,3,3,3,20,0,0,0,5,0,0,14,117,,,,0.0,0.2,1.35,0.95,6.43,47,48,72
87,a,100.0,100.0,4.9,293,182.0,0,0.0,-1,1.0,0.1,553,200.0,28,3,1.5,413.0,184.0,0,130,1.5,220.0,92.0,0.3,5.7,0.0,9702,163,15813,106,2.0,1.5,1.46,0.51,1.97,12.0,0.23,0.08,0.31,1.87,133.8,324.0,146.0,143.2,207.0,135.0,138.0,200.0,112.0,41.8,286.0,143.0,,,,29,,Ryan,Christie,Christie,,,579,1,1,1,10,0,0,0,2,0,0,3,71,,,,0.0,0.16,1.55,0.47,11.04,15,19,37
89,u,0.0,0.0,4.9,295,184.0,0,0.0,-1,1.0,0.0,674,271.0,0,0,0.0,767.0,329.0,0,0,0.0,712.0,296.0,0.0,0.0,0.0,598,0,6636,1,0.0,0.0,0.0,0.0,0.0,0.0,0.0,0.0,0.0,0.0,0.0,766.0,328.0,0.0,762.0,328.0,0.0,756.0,326.0,0.0,766.0,328.0,,,,29,,Philip,Billing,Philip,has joined Midtjylland permanently.,,0,0,0,0,0,0,0,0,0,0,0,0,0,,,,0.0,0.0,0.0,0.0,0.0,0,0,0
167,a,100.0,100.0,4.5,458,277.0,0,0.0,-5,5.0,1.5,160,55.0,40,2,1.7,384.0,163.0,0,152,1.0,258.0,114.0,0.2,8.9,0.0,199098,2768,548201,2132,1.0,0.0,0.56,0.28,0.84,16.92,0.04,0.02,0.06,1.21,99.4,358.0,160.0,92.8,275.0,165.0,29.0,362.0,186.0,22.1,363.0,174.0,,,,29,,Carlos,Baleba,Baleba,,,1261,0,0,4,17,0,0,0,5,0,0,19,152,,,,0.0,0.29,1.21,1.36,10.85,28,50,74
169,a,100.0,100.0,4.9,339,208.0,0,0.0,-1,1.0,0.2,349,116.0,79,1,3.0,191.0,80.0,9,324,5.8,16.0,8.0,1.2,16.1,0.0,90490,4208,72283,724,5.8,4.8,4.66,1.3,5.96,24.94,0.24,0.07,0.31,1.28,398.2,120.0,40.0,290.4,102.0,74.0,359.0,59.0,36.0,104.9,77.0,49.0,,5.0,,29,,Diego,Gómez Amarilla,Gomez,,,1748,5,0,6,24,0,0,0,7,0,0,21,186,,,,0.0,0.31,1.24,1.08,9.58,68,36,82
458,a,100.0,100.0,4.6,402,248.0,0,0.0,-4,4.0,1.3,168,58.0,39,2,1.9,348.0,149.0,0,185,2.2,165.0,64.0,0.5,8.5,0.0,220283,5317,149812,7017,2.7,2.7,0.24,0.71,0.95,12.27,0.02,0.07,0.09,1.18,199.0,266.0,111.0,254.4,122.0,85.0,55.0,316.0,168.0,50.9,249.0,126.0,,,,29,,Kobbie,Mainoo,Mainoo,,,933,0,2,3,14,0,0,0,0,0,0,8,97,,,,0.0,0.29,1.35,0.77,9.36,22,25,50
459,a,,,4.7,385,240.0,0,0.0,-3,3.0,0.1,418,143.0,32,1,1.7,385.0,164.0,0,157,0.2,359.0,161.0,0.0,6.8,0.0,29799,146,38443,291,0.7,0.7,0.5,0.15,0.65,15.71,0.06,0.02,0.08,1.82,134.6,322.0,144.0,64.8,317.0,177.0,38.0,341.0,177.0,23.6,356.0,172.0,,,,29,,Manuel,Ugarte Ribeiro,Ugarte,,,777,0,0,1,21,0,0,0,1,0,0,7,127,,,,0.0,0.12,2.43,0.81,14.71,43,35,49
460,u,0.0,0.0,4.5,445,266.0,0,0.0,0,0.0,0.0,661,265.0,0,0,0.0,709.0,284.0,0,0,0.0,629.0,231.0,0.0,0.0,0.0,505,0,9632,12,0.0,0.0,0.0,0.0,0.0,0.0,0.0,0.0,0.0,0.0,0.0,703.0,278.0,0.0,700.0,281.0,0.0,684.0,274.0,0.0,705.0,280.0,,,,29,,Toby,Collyer,Collyer,has joined Hull City on loan for the rest of the season.,,0,0,0,0,0,0,0,0,0,0,0,0,0,,,,0.0,0.0,0.0,0.0,0.0,0,0,0
465,u,0.0,0.0,6.3,71,22.0,0,0.0,-2,2.0,0.3,343,56.0,0,0,0.0,813.0,90.0,0,0,0.0,807.0,86.0,0.0,0.0,0.0,5437,0,56678,46,0.0,0.0,0.0,0.0,0.0,0.0,0.0,0.0,0.0,0.0,0.0,813.0,90.0,0.0,813.0,90.0,0.0,813.0,90.0,0.0,813.0,90.0,,,,29,,Rasmus,Højlund,Højlund,has joined Napoli on loan for the rest of the season.,,0,0,0,0,0,0,0,0,0,0,0,0,0,,,,0.0,0.0,0.0,0.0,0.0,0,0,0
687,a,,,4.3,618,362.0,0,0.0,-2,2.0,0.2,390,130.0,0,0,0.0,662.0,254.0,0,0,0.0,565.0,193.0,0.0,0.0,0.0,24898,879,19827,605,0.5,0.0,0.0,0.0,0.0,0.0,0.0,0.0,0.0,0.0,0.0,652.0,244.0,0.0,648.0,249.0,0.0,625.0,238.0,0.0,654.0,246.0,,,,29,,Remy,Rees-Dottin,Rees-Dottin,,,0,0,0,0,0,0,0,0,0,0,0,0,0,,,,0.0,0.0,0.0,0.0,0.0,0,0,0
756,a,,,4.5,514,318.0,0,0.0,0,0.0,0.0,741,313.0,0,0,0.0,756.0,322.0,0,0,0.0,687.0,278.0,0.0,0.0,0.0,1736,52,1123,39,0.5,0.0,0.0,0.0,0.0,0.0,0.0,0.0,0.0,0.0,0.0,755.0,321.0,0.0,749.0,321.0,0.0,737.0,318.0,0.0,755.0,321.0,,,,29,,Malcom,DaCosta,DaCosta,,,0,0,0,0,0,0,0,0,0,0,0,0,0,,,,0.0,0.0,0.0,0.0,0.0,0,0,0
744,a,,,4.5,467,284.0,0,0.0,0,0.0,0.0,717,297.0,1,0,1.0,478.0,215.0,0,3,0.0,647.0,247.0,0.0,0.2,0.0,2813,50,2046,41,0.0,-1.0,0.0,0.0,0.0,0.0,0.0,0.0,0.0,0.0,0.0,720.0,294.0,0.0,715.0,295.0,0.0,700.0,289.0,0.0,721.0,295.0,,,,29,,Nehemiah,Oriola,Oriola,,,1,0,0,0,0,0,0,0,0,0,0,0,0,,,,0.0,0.0,0.0,0.0,0.0,0,0,0
761,a,,,4.0,727,202.0,0,0.0,0,0.0,0.0,704,246.0,0,0,0.0,627.0,240.0,0,0,0.0,505.0,208.0,0.0,0.0,0.0,1007,44,765,43,0.0,-1.0,0.0,0.0,0.0,0.0,0.0,0.0,0.0,0.0,0.0,617.0,240.0,0.0,609.0,240.0,0.0,581.0,237.0,0.0,619.0,240.0,,,,29,,Freddie,Simmonds,Simmonds,,,0,0,0,0,0,0,0,0,0,0,0,0,0,,,,0.0,0.0,0.0,0.0,0.0,0,0,0
783,a,,,5.5,135,83.0,0,0.0,0,0.0,0.1,498,179.0,33,2,3.3,149.0,65.0,4,179,3.0,109.0,45.0,0.5,6.0,0.0,21537,753,10888,556,3.0,2.0,0.72,2.07,2.79,10.39,0.08,0.23,0.31,1.13,197.2,268.0,112.0,316.3,89.0,68.0,102.0,242.0,133.0,61.5,203.0,103.0,1.0,,,29,,Pascal,Groß,Groß,,,826,1,1,2,7,0,0,0,2,0,0,9,73,,,,0.0,0.22,0.76,0.98,7.95,15,22,36
755,a,100.0,100.0,4.5,479,293.0,0,0.0,0,0.0,0.0,726,301.0,2,0,1.0,482.0,218.0,0,8,0.0,658.0,256.0,0.0,0.4,0.0,3353,30,2489,60,0.5,0.5,0.07,0.0,0.07,0.11,0.52,0.0,0.52,0.82,4.0,478.0,217.0,1.5,462.0,222.0,11.0,402.0,198.0,1.5,475.0,217.0,,,,29,,Shea,Lacey,Lacey,,,12,0,0,0,0,0,0,0,0,0,0,0,1,,,,0.0,0.0,0.0,0.0,7.5,1,0,0
769,a,,,4.5,478,292.0,0,0.0,0,0.0,0.0,785,343.0,1,0,1.0,481.0,217.0,0,3,0.0,657.0,255.0,0.0,0.2,0.0,454,18,307,15,0.5,0.5,0.0,0.01,0.01,0.05,0.0,0.06,0.06,0.3,2.2,488.0,225.0,11.7,415.0,204.0,0.0,710.0,297.0,1.4,478.0,220.0,,,,29,,Bendito,Mantato,Bendito Mantato,,,15,0,0,0,0,0,0,0,0,0,0,0,0,,,,0.0,0.0,0.0,0.0,0.0,0,0,0
771,a,,,4.4,550,329.0,0,0.0,-1,1.0,0.0,731,305.0,1,0,1.0,469.0,207.0,0,3,0.0,586.0,204.0,0.0,0.2,0.0,2136,84,1179,79,0.5,0.5,0.0,0.01,0.01,0.02,0.0,0.9,0.9,1.8,0.4,503.0,230.0,1.0,466.0,224.0,0.0,642.0,249.0,0.1,507.0,232.0,,,,29,,Tyler,Fletcher,Fletcher,,,1,0,0,0,0,0,0,0,0,0,0,0,0,,,,0.0,0.0,0.0,0.0,0.0,0,0,0
52,a,100.0,100.0,5.3,191,119.0,0,0.0,-2,2.0,0.2,353,117.0,34,-2,1.8,376.0,161.0,1,168,4.2,60.0,30.0,0.8,6.4,0.0,30460,1093,76233,827,3.7,3.7,0.94,0.85,1.79,16.51,0.09,0.09,0.18,1.66,181.6,280.0,120.0,194.0,172.0,117.0,122.0,222.0,123.0,49.8,258.0,131.0,,,,29,,Jacob,Ramsey,J.Ramsey,,,894,2,1,0,22,0,0,0,3,1,0,9,93,,,,0.0,0.0,2.21,0.91,9.36,25,13,55
129,a,100.0,100.0,5.0,275,169.0,0,0.0,0,0.0,0.1,474,164.0,76,1,2.6,255.0,107.0,0,331,1.0,264.0,119.0,0.2,15.2,0.0,24248,134,21216,375,1.5,1.0,1.19,1.14,2.33,30.3,0.05,0.05,0.1,1.35,332.0,166.0,63.0,217.7,151.0,102.0,110.0,229.0,127.0,65.9,192.0,98.0,,,,29,,Yehor,Yarmoliuk,Yarmoliuk,,,2014,1,2,5,33,0,0,0,7,0,0,23,253,,,,0.0,0.22,1.47,1.03,11.31,52,59,142
130,a,,,4.4,568,340.0,0,0.0,-1,1.0,0.1,464,158.0,4,0,1.0,473.0,211.0,0,19,0.5,319.0,145.0,0.1,0.9,0.0,16397,297,18802,245,1.0,0.5,0.09,0.01,0.1,0.39,0.21,0.02,0.23,0.92,8.4,467.0,210.0,11.5,416.0,205.0,21.0,380.0,191.0,4.2,454.0,204.0,,,,29,,Romelle,Donovan,Donovan,,,38,0,0,0,0,0,0,0,0,0,0,0,5,,,,0.0,0.0,0.0,0.0,11.84,0,0,5
264,u,0.0,0.0,4.0,668,163.0,0,0.0,0,0.0,0.0,699,243.0,0,0,0.0,580.0,211.0,0,0,0.0,452.0,174.0,0.0,0.0,0.0,0,0,3913,5,0.0,0.0,0.0,0.0,0.0,0.0,0.0,0.0,0.0,0.0,0.0,570.0,211.0,0.0,560.0,211.0,0.0,531.0,207.0,0.0,572.0,211.0,,,,29,,Rob,Holding,Holding,Has joined Colorado Rapids permanently.,,0,0,0,0,0,0,0,0,0,0,0,0,0,,,,0.0,0.0,0.0,0.0,0.0,0,0,0
274,a,,,4.3,613,358.0,0,0.0,-2,2.0,0.1,469,162.0,0,0,0.0,659.0,252.0,0,0,0.0,562.0,191.0,0.0,0.0,0.0,14477,558,10524,396,0.0,0.0,0.0,0.0,0.0,0.0,0.0,0.0,0.0,0.0,0.0,649.0,242.0,0.0,645.0,247.0,0.0,622.0,236.0,0.0,651.0,244.0,,,,29,,Asher,Agbinone,Agbinone,,,0,0,0,0,0,0,0,0,0,0,0,0,0,,,,0.0,0.0,0.0,0.0,0.0,0,0,0
513,a,,,3.8,807,254.0,0,0.0,-2,2.0,0.3,336,123.0,2,0,1.0,452.0,164.0,0,1,0.0,402.0,156.0,0.0,0.5,0.0,29137,386,29304,367,0.0,-0.5,0.0,0.01,0.01,3.13,0.0,0.01,0.01,2.35,25.4,439.0,163.0,6.3,438.0,158.0,0.0,479.0,190.0,3.2,459.0,166.0,,,,29,,Zach,Abbott,Abbott,,,120,0,0,0,4,0,0,0,0,0,0,1,10,,,,0.0,0.0,3.0,0.75,7.5,2,8,8
159,a,100.0,100.0,5.8,105,68.0,0,0.0,-2,2.0,0.0,739,312.0,1,0,1.0,503.0,236.0,0,4,0.2,375.0,172.0,0.0,0.2,0.0,1095,223,2630,48,0.2,-0.8,0.0,0.0,0.0,0.25,0.0,0.0,0.0,5.62,0.0,809.0,360.0,0.0,809.0,360.0,0.0,808.0,360.0,0.0,809.0,360.0,,,,29,,Solly,March,March,,,4,0,0,0,0,0,0,0,0,0,0,0,0,,,,0.0,0.0,0.0,0.0,0.0,0,0,0
773,a,,,4.0,736,211.0,0,0.0,0,0.0,0.0,720,250.0,0,0,0.0,632.0,245.0,0,0,0.0,512.0,215.0,0.0,0.0,0.0,701,36,527,36,0.0,0.0,0.0,0.0,0.0,0.0,0.0,0.0,0.0,0.0,0.0,622.0,245.0,0.0,614.0,245.0,0.0,587.0,243.0,0.0,624.0,245.0,,,,29,,Dean,Benamar,Benamar,,,0,0,0,0,0,0,0,0,0,0,0,0,0,,,,0.0,0.0,0.0,0.0,0.0,0,0,0
729,u,0.0,0.0,4.5,471,93.0,0,0.0,0,0.0,0.0,813,266.0,0,0,0.0,726.0,259.0,0,0,0.0,651.0,247.0,0.0,0.0,0.0,94,0,116,5,0.0,0.0,0.0,0.0,0.0,0.0,0.0,0.0,0.0,0.0,0.0,723.0,259.0,0.0,718.0,259.0,0.0,704.0,259.0,0.0,724.0,259.0,,,,29,,Luis Eduardo,Soares da Silva,Cuiabano,has joined Vasco de Gama on loan for the rest of the season.,,0,0,0,0,0,0,0,0,0,0,0,0,0,,,,0.0,0.0,0.0,0.0,0.0,0,0,0
734,a,100.0,100.0,5.9,101,66.0,0,0.0,-1,1.0,0.0,676,273.0,14,0,1.4,424.0,189.0,0,55,0.5,337.0,156.0,0.1,2.4,0.0,4507,64,4112,58,0.5,0.0,0.5,0.68,1.18,6.73,0.13,0.18,0.31,1.77,49.8,412.0,181.0,113.9,242.0,152.0,78.0,280.0,153.0,23.8,354.0,170.0,3.0,,,29,,Dilane,Bakwa,Bakwa,,,342,0,1,0,8,0,0,0,1,0,0,3,26,,,,0.0,0.0,2.11,0.79,6.84,2,3,21
774,a,,,4.0,675,168.0,0,0.0,0,0.0,0.0,689,240.0,0,0,0.0,585.0,215.0,0,0,0.0,458.0,178.0,0.0,0.0,0.0,1521,75,860,80,0.0,0.0,0.0,0.0,0.0,0.0,0.0,0.0,0.0,0.0,0.0,575.0,215.0,0.0,566.0,215.0,0.0,537.0,211.0,0.0,577.0,215.0,,,,29,,Jenson,Jones,Jenson Jones,,,0,0,0,0,0,0,0,0,0,0,0,0,0,,,,0.0,0.0,0.0,0.0,0.0,0,0,0
237,a,100.0,100.0,6.7,48,31.0,0,0.0,2,-2.0,15.8,21,8.0,125,4,4.5,37.0,17.0,14,547,2.2,175.0,71.0,0.3,18.7,0.0,5422036,23502,4136293,69328,2.7,2.7,9.93,5.64,15.57,33.7,0.37,0.21,0.58,1.27,647.4,27.0,7.0,743.8,7.0,7.0,614.0,19.0,8.0,200.6,4.0,3.0,3.0,1.0,2.0,29,,Enzo,Fernández,Enzo,,,2397,8,4,8,31,0,0,0,8,0,0,27,200,,,,0.0,0.3,1.16,1.01,7.51,47,42,111
240,u,0.0,0.0,5.9,96,62.0,0,0.0,-1,1.0,0.1,519,188.0,0,0,0.0,810.0,361.0,0,0,0.0,798.0,355.0,0.0,0.0,0.0,2668,0,23749,9,0.0,0.0,0.0,0.0,0.0,0.0,0.0,0.0,0.0,0.0,0.0,810.0,361.0,0.0,810.0,361.0,0.0,809.0,361.0,0.0,810.0,361.0,,,,29,,Christopher,Nkunku,Nkunku,has joined AC Milan permanently.,,0,0,0,0,0,0,0,0,0,0,0,0,0,,,,0.0,0.0,0.0,0.0,0.0,0,0,0
317,a,100.0,100.0,4.5,414,76.0,0,0.0,0,0.0,4.8,74,23.0,93,0,3.6,106.0,36.0,5,325,1.5,218.0,83.0,0.3,20.7,0.0,1259674,8505,994596,8140,1.5,1.5,1.26,1.54,2.8,35.4,0.05,0.06,0.11,1.39,657.2,24.0,10.0,111.8,244.0,66.0,124.0,219.0,54.0,89.6,108.0,30.0,,,,29,,Joachim,Andersen,Andersen,,,2291,0,1,5,38,0,0,0,6,0,0,26,302,,,,0.0,0.2,1.49,1.02,10.41,37,228,91
318,a,100.0,100.0,4.4,532,110.0,0,0.0,-1,1.0,0.5,264,98.0,66,1,3.1,168.0,65.0,6,217,2.5,140.0,52.0,0.6,15.0,0.0,116316,1802,123546,816,2.5,2.5,1.28,0.24,1.52,26.11,0.07,0.01,0.08,1.36,418.4,110.0,48.0,101.1,262.0,76.0,79.0,276.0,77.0,60.1,207.0,69.0,,,,29,,Calvin,Bassey,Bassey,,,1722,1,1,3,32,0,0,0,5,0,0,19,193,,,,0.0,0.16,1.67,0.99,8.0,41,112,82
743,a,,,4.5,497,307.0,0,0.0,0,0.0,0.0,730,304.0,0,0,0.0,744.0,313.0,0,0,0.0,673.0,268.0,0.0,0.0,0.0,1511,20,1366,28,0.5,0.5,0.0,0.0,0.0,0.0,0.0,0.0,0.0,0.0,0.0,743.0,312.0,0.0,737.0,312.0,0.0,724.0,308.0,0.0,743.0,312.0,,,,29,,Landon,Emenalo,Emenalo,,,0,0,0,0,0,0,0,0,0,0,0,0,0,,,,0.0,0.0,0.0,0.0,0.0,0,0,0
329,d,75.0,75.0,6.0,85,55.0,0,0.0,5,-5.0,23.2,16,6.0,140,0,5.2,11.0,6.0,19,529,5.5,24.0,12.0,0.9,23.3,0.0,5059910,42195,2200342,120227,4.1,4.1,4.69,3.92,8.61,30.58,0.2,0.17,0.37,1.32,594.6,39.0,10.0,486.9,32.0,30.0,501.0,26.0,13.0,158.1,22.0,18.0,1.0,1.0,3.0,29,,Harry,Wilson,Wilson,Ankle injury - 75% chance of playing,,2086,9,8,6,31,0,0,0,6,0,0,25,139,,,,0.0,0.26,1.34,1.08,6.0,21,51,67
572,a,100.0,100.0,4.5,448,90.0,0,0.0,0,0.0,0.0,672,236.0,11,0,1.6,393.0,147.0,0,18,2.0,179.0,70.0,0.4,2.4,0.0,3323,128,2500,158,1.5,2.0,0.31,0.0,0.31,10.24,0.07,0.0,0.07,2.18,99.2,360.0,136.0,2.7,450.0,163.0,27.0,366.0,124.0,12.9,403.0,146.0,,,,29,,Radu,Drăgușin,Dragusin,,,423,0,0,0,12,0,0,0,0,0,0,4,57,,,,0.0,0.0,2.55,0.85,12.13,3,54,11
573,a,100.0,75.0,4.2,633,145.0,0,0.0,-3,3.0,0.9,197,77.0,55,0,2.5,264.0,103.0,1,209,0.0,525.0,221.0,0.0,13.1,0.0,299420,124,360590,2655,-0.5,0.0,0.82,1.73,2.55,28.15,0.04,0.09,0.13,1.5,233.2,239.0,93.0,190.1,174.0,42.0,153.0,183.0,42.0,57.5,220.0,73.0,,,,29,,Djed,Spence,Spence,,,1686,0,0,7,27,0,0,0,4,0,0,19,113,,,,0.0,0.37,1.44,1.01,4.75,31,58,95
745,a,,,4.0,734,209.0,0,0.0,0,0.0,0.0,625,222.0,1,0,1.0,458.0,168.0,0,3,0.0,510.0,213.0,0.0,0.2,0.0,2023,41,1959,68,-0.5,0.0,0.0,0.0,0.0,0.0,0.0,0.0,0.0,0.0,0.4,502.0,178.0,0.5,473.0,174.0,0.0,586.0,242.0,0.1,506.0,179.0,,,,29,,Jun'ai,Byfield,Byfield,,,1,0,0,0,0,0,0,0,0,0,0,0,0,,,,0.0,0.0,0.0,0.0,0.0,0,0,0
283,a,100.0,0.0,7.5,21,8.0,0,0.0,0,0.0,6.5,59,11.0,84,0,3.7,103.0,8.0,9,281,0.0,817.0,91.0,0.0,11.2,0.0,4730138,272,5135228,11411,0.0,0.0,11.88,1.26,13.14,26.67,0.56,0.06,0.62,1.26,411.8,113.0,9.0,119.7,229.0,24.0,664.0,13.0,8.0,119.4,48.0,10.0,,,2.0,29,,Jean-Philippe,Mateta,Mateta,,,1904,8,0,8,23,0,0,0,2,0,0,23,110,,,,0.0,0.38,1.09,1.09,5.2,8,51,51
362,a,100.0,100.0,4.9,318,58.0,0,0.0,-6,6.0,0.3,297,48.0,14,1,1.1,445.0,55.0,0,34,0.5,327.0,41.0,0.1,2.9,0.0,38766,147,220082,311,0.5,0.5,0.81,0.13,0.94,5.3,0.34,0.05,0.39,2.22,10.6,458.0,55.0,36.9,363.0,46.0,96.0,249.0,45.0,13.8,396.0,48.0,,,3.0,29,,Joël,Piroe,Piroe,,,215,0,0,1,7,0,0,0,0,0,0,2,11,,,,0.0,0.42,2.93,0.84,4.6,1,1,9
751,u,0.0,0.0,4.5,485,298.0,0,0.0,0,0.0,0.0,779,339.0,0,0,0.0,736.0,307.0,0,0,0.0,664.0,261.0,0.0,0.0,0.0,675,0,626,7,0.0,0.0,0.0,0.0,0.0,0.0,0.0,0.0,0.0,0.0,0.0,734.0,305.0,0.0,728.0,305.0,0.0,715.0,301.0,0.0,734.0,305.0,,,,29,,Yusuf,Akhamrich,Akhamrich,has joined Bristol Rovers on loan for the rest of the season.,,0,0,0,0,0,0,0,0,0,0,0,0,0,,,,0.0,0.0,0.0,0.0,0.0,0,0,0
790,a,,,4.5,498,308.0,0,0.0,0,0.0,0.0,771,331.0,0,0,0.0,745.0,314.0,0,0,0.0,674.0,269.0,0.0,0.0,0.0,715,37,342,30,-0.5,0.0,0.0,0.0,0.0,0.0,0.0,0.0,0.0,0.0,0.0,744.0,313.0,0.0,738.0,313.0,0.0,725.0,309.0,0.0,744.0,313.0,,,,29,,Lucá,Williams-Barnett,Williams-Barnett,,,0,0,0,0,0,0,0,0,0,0,0,0,0,,,,0.0,0.0,0.0,0.0,0.0,0,0,0
791,a,,,5.5,144,35.0,0,0.0,0,0.0,0.1,446,64.0,28,2,3.1,178.0,17.0,1,104,3.2,96.0,11.0,0.6,5.1,0.0,30317,1378,16033,959,2.7,3.2,2.49,0.52,3.01,10.01,0.3,0.06,0.36,1.21,115.8,343.0,34.0,118.4,233.0,25.0,251.0,99.0,28.0,47.5,262.0,31.0,,,,29,,Valentín,Castellanos,Taty,,,742,2,1,4,11,0,0,0,2,0,0,9,35,,,,0.0,0.49,1.33,1.09,4.25,5,14,16
302,a,100.0,100.0,5.4,155,97.0,0,0.0,-1,1.0,0.1,487,173.0,62,3,3.1,176.0,74.0,4,318,2.2,170.0,67.0,0.4,11.5,0.0,23852,328,28881,301,1.2,2.7,1.46,1.0,2.46,24.43,0.08,0.05,0.13,1.32,288.4,199.0,83.0,216.8,154.0,105.0,163.0,171.0,94.0,66.9,182.0,94.0,,,,29,,Idrissa Gana,Gueye,Gana,,,1666,2,1,4,21,0,0,0,1,1,0,20,170,,,,0.0,0.22,1.13,1.08,9.18,38,40,92
303,a,,,5.2,211,130.0,0,0.0,2,-2.0,4.0,88,29.0,129,10,4.4,41.0,19.0,13,639,5.0,45.0,22.0,1.0,24.8,0.0,1063051,22248,581878,10652,4.0,5.5,1.81,4.73,6.54,41.17,0.06,0.16,0.22,1.42,686.4,15.0,4.0,721.1,8.0,8.0,207.0,121.0,72.0,161.7,20.0,16.0,1.0,3.0,2.0,29,,James,Garner,Garner,,,2603,2,5,10,33,0,0,0,7,0,0,29,356,,,,0.0,0.35,1.14,1.0,12.31,87,123,146
386,a,100.0,100.0,6.3,69,47.0,1,-1.0,-2,2.0,2.1,135,45.0,76,2,2.7,241.0,100.0,5,364,6.8,5.0,2.0,1.1,12.1,0.0,303382,14800,288351,8466,7.3,7.8,3.14,1.25,4.39,24.69,0.14,0.06,0.2,1.11,367.4,144.0,50.0,384.2,61.0,50.0,273.0,90.0,57.0,102.5,85.0,53.0,,,4.0,29,,Alexis,Mac Allister,Mac Allister,,,1996,2,2,7,28,0,0,0,4,0,0,24,172,,,,0.0,0.32,1.26,1.08,7.76,43,49,80
815,a,,,4.5,420,81.0,0,0.0,0,0.0,0.1,496,176.0,18,6,3.6,107.0,37.0,0,76,3.0,105.0,39.0,0.7,4.0,0.0,15208,805,4682,498,2.5,3.0,0.69,0.01,0.7,5.29,0.14,0.0,0.14,1.06,79.0,384.0,146.0,12.9,410.0,150.0,53.0,319.0,100.0,14.5,391.0,141.0,,,,29,,Axel,Disasi,Disasi,,,450,0,0,3,6,1,0,0,0,0,0,5,31,,,,0.0,0.6,1.2,1.0,6.2,2,29,9
627,a,,,4.4,521,26.0,0,0.0,-1,1.0,0.1,425,63.0,21,0,1.8,364.0,30.0,0,117,0.0,569.0,87.0,0.0,4.8,0.0,20243,223,24490,218,-0.5,-1.0,0.0,0.02,0.02,18.59,0.0,0.0,0.0,1.55,308.0,186.0,21.0,0.1,486.0,14.0,0.0,629.0,72.0,30.8,332.0,21.0,,,,29,,Sam,Johnstone,Johnstone,,,1080,0,0,0,24,1,0,0,0,0,39,12,71,,,,3.25,0.0,2.0,1.0,0.0,2,24,107
628,a,,,4.2,628,33.0,0,0.0,-3,3.0,1.3,171,21.0,56,3,3.1,164.0,17.0,6,249,5.2,27.0,2.0,1.2,13.3,0.0,110053,6479,182428,1521,4.7,4.2,0.0,0.03,0.03,26.84,0.0,0.0,0.0,1.49,400.8,118.0,19.0,10.0,421.0,6.0,0.0,596.0,65.0,41.4,289.0,19.0,,,,29,,José,Malheiro de Sá,José Sá,,,1620,0,0,4,28,0,0,0,1,0,49,18,40,,,,2.72,0.22,1.56,1.0,0.0,0,37,164
629,a,100.0,100.0,3.9,743,70.0,0,0.0,-1,1.0,0.5,261,34.0,0,0,0.0,542.0,40.0,0,0,0.0,411.0,31.0,0.0,0.0,0.0,19862,379,51595,327,-0.5,-1.0,0.0,0.0,0.0,0.0,0.0,0.0,0.0,0.0,0.0,532.0,40.0,0.0,519.0,23.0,0.0,489.0,10.0,0.0,534.0,40.0,,,,29,,Daniel,Bentley,Bentley,,,0,0,0,0,0,0,0,0,0,0,0,0,0,,,,0.0,0.0,0.0,0.0,0.0,0,0,0
635,a,100.0,100.0,4.4,543,117.0,0,0.0,-1,1.0,0.1,526,187.0,34,7,2.4,282.0,107.0,0,85,3.2,90.0,32.0,0.7,7.7,0.0,12031,1807,15136,154,2.7,2.2,1.69,0.29,1.98,8.42,0.26,0.04,0.3,1.27,169.2,290.0,113.0,62.9,321.0,109.0,176.0,158.0,34.0,41.0,290.0,94.0,,,,29,,Rodrigo,Martins Gomes,R.Gomes,,,596,3,0,0,11,0,0,0,0,0,0,6,49,,,,0.0,0.0,1.66,0.91,5.29,16,19,21
709,a,100.0,100.0,4.5,427,85.0,0,0.0,0,0.0,0.1,537,191.0,59,4,2.6,250.0,97.0,0,201,2.4,158.0,59.0,0.5,13.1,0.0,24501,536,19816,187,1.9,1.4,1.97,1.35,3.32,31.35,0.09,0.06,0.15,1.45,447.4,86.0,37.0,115.0,239.0,64.0,206.0,123.0,21.0,77.1,146.0,47.0,,,,29,,Ladislav,Krejcí,Krejčí,,,1947,2,1,3,36,1,0,0,2,1,0,22,186,,,,0.0,0.14,1.66,1.02,7.53,23,140,61
46,u,0.0,0.0,4.0,720,196.0,0,0.0,0,0.0,0.1,462,170.0,0,0,0.0,621.0,235.0,0,0,0.0,499.0,203.0,0.0,0.0,0.0,4656,0,20988,37,0.0,0.0,0.0,0.0,0.0,0.0,0.0,0.0,0.0,0.0,0.0,611.0,235.0,0.0,603.0,235.0,0.0,575.0,232.0,0.0,613.0,235.0,,,,29,,Yasin,Özcan,Yasin,has joined Anderlecht on loan for the rest of the season.,,0,0,0,0,0,0,0,0,0,0,0,0,0,,,,0.0,0.0,0.0,0.0,0.0,0,0,0
47,a,100.0,100.0,7.5,22,14.0,-1,1.0,5,-5.0,26.1,14,4.0,130,1,4.5,38.0,18.0,13,456,1.8,211.0,91.0,0.2,17.3,0.0,5936283,16988,3758189,223649,1.3,1.3,5.27,3.14,8.41,41.59,0.18,0.11,0.29,1.45,592.6,40.0,11.0,527.6,26.0,25.0,710.0,10.0,4.0,182.9,11.0,8.0,,1.0,,29,,Morgan,Rogers,Rogers,,,2587,8,5,8,34,0,0,0,6,0,0,29,178,,,,0.0,0.28,1.18,1.01,6.19,30,41,107
48,i,0.0,0.0,5.9,93,59.0,0,0.0,-1,1.0,0.6,230,80.0,52,0,3.1,179.0,76.0,3,289,0.0,796.0,353.0,0.0,8.8,0.0,158242,30,348490,965,0.0,0.0,0.97,2.53,3.5,23.03,0.07,0.18,0.25,1.6,317.2,180.0,72.0,401.3,53.0,44.0,147.0,193.0,108.0,86.6,117.0,66.0,3.0,,,29,,Youri,Tielemans,Tielemans,Ankle injury - Expected back 11 Apr,,1295,0,4,4,17,0,0,0,0,0,0,15,138,,,,0.0,0.28,1.18,1.04,9.59,38,33,67
50,a,100.0,100.0,5.3,188,116.0,0,0.0,-2,2.0,0.4,268,93.0,79,2,2.9,203.0,84.0,8,276,1.2,249.0,107.0,0.2,14.9,0.0,222983,594,192201,3570,0.7,0.7,2.71,1.68,4.39,21.48,0.18,0.11,0.29,1.43,331.6,167.0,64.0,303.5,94.0,71.0,304.0,78.0,47.0,92.6,98.0,59.0,,6.0,2.0,29,,Emiliano,Buendía Stati,Buendía,,,1355,5,2,3,16,0,0,0,5,0,0,17,145,,,,0.0,0.2,1.06,1.13,9.63,35,24,86
53,u,0.0,0.0,5.1,228,140.0,0,0.0,-4,4.0,0.4,275,96.0,55,0,2.6,256.0,108.0,3,161,0.0,758.0,327.0,0.0,10.8,0.0,172896,0,339064,466,0.0,0.0,4.03,0.35,4.38,10.59,0.57,0.05,0.62,1.49,183.4,276.0,116.0,99.7,264.0,162.0,290.0,84.0,53.0,56.3,225.0,110.0,,,,29,,Donyell,Malen,Malen,has joined Roma on loan for the rest of the season.,,640,4,2,1,10,0,0,0,0,0,0,5,16,,,,0.0,0.14,1.41,0.7,2.25,4,2,10
59,a,100.0,100.0,4.8,367,229.0,0,0.0,-2,2.0,0.7,217,75.0,64,2,3.2,153.0,67.0,3,285,2.2,166.0,65.0,0.5,13.3,0.0,160043,1335,275693,1588,1.7,1.7,1.06,0.29,1.35,23.48,0.07,0.02,0.09,1.53,326.8,172.0,68.0,86.0,286.0,168.0,125.0,218.0,122.0,53.7,235.0,117.0,,,,29,,Amadou,Onana,Onana,,,1378,2,0,5,19,0,0,0,2,0,0,17,171,,,,0.0,0.33,1.24,1.11,11.17,35,82,54
60,u,0.0,0.0,4.4,563,337.0,0,0.0,-1,1.0,0.3,344,115.0,0,0,0.0,684.0,267.0,0,0,0.0,597.0,211.0,0.0,0.0,0.0,38290,0,51323,308,0.0,0.0,0.0,0.0,0.0,0.0,0.0,0.0,0.0,0.0,0.0,677.0,260.0,0.0,672.0,264.0,0.0,652.0,255.0,0.0,679.0,262.0,,,,29,,Ben,Broggio,Broggio,has joined Falkirk on loan for the rest of the season.,,0,0,0,0,0,0,0,0,0,0,0,0,0,,,,0.0,0.0,0.0,0.0,0.0,0,0,0
701,u,0.0,0.0,4.0,716,192.0,0,0.0,0,0.0,0.1,536,190.0,0,0,0.0,618.0,232.0,0,0,0.0,495.0,199.0,0.0,0.0,0.0,8943,0,10736,18,0.0,0.0,0.0,0.0,0.0,0.0,0.0,0.0,0.0,0.0,0.0,608.0,232.0,0.0,600.0,232.0,0.0,572.0,229.0,0.0,610.0,232.0,,,,29,,Triston,Rowe,Rowe,has joined Annecy on loan for the rest of the season.,,0,0,0,0,0,0,0,0,0,0,0,0,0,,,,0.0,0.0,0.0,0.0,0.0,0,0,0
198,d,50.0,0.0,3.9,751,215.0,0,0.0,-1,1.0,0.9,196,76.0,27,0,2.5,260.0,99.0,0,81,0.0,419.0,162.0,0.0,6.9,0.0,137333,22,294410,1037,-0.2,0.0,0.61,0.11,0.72,24.88,0.06,0.01,0.07,2.41,225.2,246.0,97.0,9.8,429.0,154.0,52.0,321.0,102.0,28.9,342.0,116.0,,,,29,,Axel,Tuanzebe,Tuanzebe,Achilles injury - 50% chance of playing,,931,1,0,1,22,1,0,0,1,0,0,11,106,,,,0.0,0.1,2.13,1.06,9.38,12,85,29
199,a,100.0,100.0,3.8,787,234.0,0,0.0,-2,2.0,0.2,370,136.0,19,3,1.9,342.0,126.0,0,35,3.0,102.0,36.0,0.8,5.0,0.0,26916,2058,23879,402,2.5,2.5,0.08,0.02,0.1,10.8,0.02,0.0,0.02,2.02,138.8,319.0,123.0,1.5,460.0,169.0,17.0,388.0,139.0,15.9,387.0,139.0,,,,29,,Joe,Worrall,Worrall,,,480,0,0,0,11,0,0,0,0,0,0,5,72,,,,0.0,0.0,2.06,0.94,13.31,4,67,9
115,u,0.0,0.0,4.0,728,203.0,0,0.0,0,0.0,0.1,529,189.0,0,0,0.0,628.0,241.0,0,0,0.0,506.0,209.0,0.0,0.0,0.0,2020,0,14379,20,0.0,0.0,0.0,0.0,0.0,0.0,0.0,0.0,0.0,0.0,0.0,618.0,241.0,0.0,610.0,241.0,0.0,582.0,238.0,0.0,620.0,241.0,,,,29,,Benjamin,Fredrick,Fredrick,has joined Dender on loan for the rest of the season.,,0,0,0,0,0,0,0,0,0,0,0,0,0,,,,0.0,0.0,0.0,0.0,0.0,0,0,0
116,i,0.0,0.0,4.0,687,173.0,0,0.0,0,0.0,0.4,279,102.0,33,0,1.8,360.0,135.0,0,94,0.5,311.0,103.0,0.1,8.2,0.0,65904,22,77170,1920,0.0,0.0,0.4,0.17,0.57,6.47,0.06,0.03,0.09,0.99,82.6,378.0,143.0,16.2,402.0,147.0,42.0,337.0,110.0,13.9,394.0,143.0,,,,29,,Aaron,Hickey,Hickey,Hamstring injury - Expected back 11 Apr,,588,0,0,2,8,0,0,0,1,0,0,7,49,,,,0.0,0.31,1.22,1.07,6.43,12,30,33
142,u,0.0,0.0,4.0,676,48.0,0,0.0,0,0.0,0.0,808,93.0,0,0,0.0,586.0,68.0,0,0,0.0,459.0,61.0,0.0,0.0,0.0,0,0,205,0,0.0,0.0,0.0,0.0,0.0,0.0,0.0,0.0,0.0,0.0,0.0,576.0,68.0,0.0,567.0,55.0,0.0,538.0,42.0,0.0,578.0,68.0,,,,29,,Kjell,Scherpen,Scherpen,Has joined Union SG permanently,,0,0,0,0,0,0,0,0,0,0,0,0,0,,,,0.0,0.0,0.0,0.0,0.0,0,0,0
712,a,100.0,100.0,5.8,109,70.0,0,0.0,-2,2.0,0.2,389,129.0,65,0,2.5,276.0,118.0,3,265,1.2,251.0,109.0,0.2,11.2,0.0,128949,366,111647,1021,1.2,1.2,3.94,4.78,8.72,23.97,0.21,0.25,0.46,1.26,271.0,211.0,90.0,573.4,19.0,19.0,318.0,74.0,43.0,116.0,57.0,38.0,2.0,1.0,,29,,Yéremy,Pino Santos,Yeremy,,,1706,2,1,7,20,0,0,0,4,0,0,21,135,,,,0.0,0.37,1.06,1.11,7.12,30,24,81
723,a,100.0,100.0,4.5,510,96.0,0,0.0,0,0.0,0.0,637,226.0,37,2,3.1,172.0,67.0,4,114,2.5,142.0,54.0,0.6,8.2,0.0,5261,244,3980,67,2.5,2.5,0.79,0.21,1.0,12.91,0.11,0.03,0.14,1.87,164.4,294.0,114.0,24.8,387.0,140.0,28.0,364.0,123.0,21.6,366.0,127.0,,,,29,,Jaydee,Canvot,Canvot,,,622,0,0,3,9,0,0,0,2,0,0,6,79,,,,0.0,0.43,1.3,0.87,11.43,22,57,24
780,a,,,4.5,505,73.0,0,0.0,0,0.0,0.0,664,84.0,0,0,0.0,751.0,83.0,0,0,0.0,680.0,70.0,0.0,0.0,0.0,3046,124,1536,151,0.0,0.0,0.0,0.0,0.0,0.0,0.0,0.0,0.0,0.0,0.0,750.0,83.0,0.0,744.0,82.0,0.0,731.0,82.0,0.0,750.0,83.0,,,,29,,Ben,Casey,Casey,,,0,0,0,0,0,0,0,0,0,0,0,0,0,,,,0.0,0.0,0.0,0.0,0.0,0,0,0
793,a,,,4.0,724,199.0,0,0.0,0,0.0,0.0,700,244.0,0,0,0.0,625.0,238.0,0,0,0.0,503.0,206.0,0.0,0.0,0.0,1269,86,593,62,0.0,0.0,0.0,0.0,0.0,0.0,0.0,0.0,0.0,0.0,0.0,615.0,238.0,0.0,607.0,238.0,0.0,579.0,235.0,0.0,617.0,238.0,,,,29,,George,King,King,,,0,0,0,0,0,0,0,0,0,0,0,0,0,,,,0.0,0.0,0.0,0.0,0.0,0,0,0
135,a,100.0,100.0,7.3,24,9.0,0,0.0,-2,2.0,0.6,240,35.0,19,0,1.6,405.0,48.0,0,57,0.2,378.0,46.0,0.0,2.6,0.0,237523,684,452629,1489,-0.3,-0.3,1.95,0.53,2.48,7.01,0.42,0.11,0.53,1.5,52.0,410.0,46.0,35.5,367.0,48.0,137.0,203.0,42.0,21.7,365.0,43.0,,,,29,,Yoane,Wissa,Wissa,,,421,1,0,1,8,0,0,0,1,0,0,4,18,,,,0.0,0.21,1.71,0.86,3.85,2,3,13
469,a,100.0,100.0,5.1,223,6.0,0,0.0,1,-1.0,4.5,81,14.0,82,0,3.7,98.0,13.0,3,336,1.2,247.0,20.0,0.2,16.1,0.0,1500433,1587,1547608,7623,0.7,0.7,0.16,0.0,0.16,27.01,0.01,0.0,0.01,1.24,505.8,69.0,14.0,0.0,794.0,92.0,35.0,348.0,1.0,54.1,231.0,14.0,,,,29,,Nick,Pope,Pope,,,1966,0,1,7,32,0,0,0,1,0,67,22,121,,,,3.07,0.32,1.46,1.01,0.0,1,32,204
732,a,,,5.5,154,38.0,0,0.0,0,0.0,0.1,578,79.0,17,1,1.2,443.0,54.0,0,42,0.5,335.0,43.0,0.1,3.1,0.0,14523,267,10935,208,0.5,0.5,0.49,0.01,0.5,4.63,0.28,0.01,0.29,2.62,13.2,453.0,54.0,7.1,435.0,57.0,73.0,292.0,50.0,8.8,425.0,54.0,,,,29,,Christantus,Uche,Uche,,,159,0,1,0,4,0,0,0,0,0,0,0,13,,,,0.0,0.0,2.26,0.0,7.36,1,3,9
762,a,,,4.5,513,317.0,0,0.0,0,0.0,0.0,776,336.0,2,0,1.0,485.0,221.0,0,6,0.0,686.0,277.0,0.0,0.4,0.0,671,18,403,22,0.0,0.0,0.0,0.0,0.0,0.73,0.0,0.0,0.0,9.39,1.4,493.0,227.0,1.0,467.0,225.0,0.0,736.0,317.0,0.3,499.0,230.0,,,,29,,Joél,Drakes-Thomas,Drakes-Thomas,,,7,0,0,0,1,0,0,0,0,0,0,0,3,,,,0.0,0.0,12.86,0.0,38.57,1,0,2
576,u,0.0,0.0,4.0,711,188.0,0,0.0,0,0.0,0.0,734,254.0,0,0,0.0,613.0,228.0,0,0,0.0,490.0,195.0,0.0,0.0,0.0,0,0,2002,9,0.0,0.0,0.0,0.0,0.0,0.0,0.0,0.0,0.0,0.0,0.0,603.0,228.0,0.0,595.0,228.0,0.0,567.0,225.0,0.0,605.0,228.0,,,,29,,Ashley,Phillips,Phillips,Has joined Stoke City on loan for the rest of the season.,,0,0,0,0,0,0,0,0,0,0,0,0,0,,,,0.0,0.0,0.0,0.0,0.0,0,0,0
705,u,0.0,0.0,3.9,770,224.0,0,0.0,-1,1.0,0.2,410,150.0,0,0,0.0,562.0,203.0,0,0,0.0,433.0,166.0,0.0,0.0,0.0,18604,0,17260,162,0.0,0.0,0.0,0.0,0.0,0.0,0.0,0.0,0.0,0.0,0.0,552.0,203.0,0.0,539.0,203.0,0.0,509.0,198.0,0.0,554.0,203.0,,,,29,,Elijah,Campbell,Campbell,has joined Port Vale on loan for the rest of the season.,,0,0,0,0,0,0,0,0,0,0,0,0,0,,,,0.0,0.0,0.0,0.0,0.0,0,0,0
707,a,,,5.3,199,123.0,0,0.0,-2,2.0,0.0,649,258.0,18,1,1.3,435.0,196.0,0,49,0.2,373.0,170.0,0.0,3.4,0.0,7766,23,7304,63,-0.8,0.7,0.2,0.14,0.34,6.65,0.05,0.04,0.09,1.71,46.0,414.0,182.0,61.0,326.0,181.0,32.0,357.0,184.0,13.6,399.0,182.0,,,,29,,Tyler,Dibling,Dibling,,,349,0,0,2,2,0,0,0,2,0,0,4,40,,,,0.0,0.52,0.52,1.03,10.32,7,11,22
753,a,,,4.0,659,39.0,0,0.0,0,0.0,0.0,692,82.0,0,0,0.0,574.0,62.0,0,0,0.0,445.0,53.0,0.0,0.0,0.0,1588,43,1010,32,-0.5,-0.5,0.0,0.0,0.0,0.0,0.0,0.0,0.0,0.0,0.0,564.0,62.0,0.0,552.0,46.0,0.0,523.0,33.0,0.0,566.0,62.0,,,,29,,John,Ruddy,Ruddy,,,0,0,0,0,0,0,0,0,0,0,0,0,0,,,,0.0,0.0,0.0,0.0,0.0,0,0,0
765,a,,,4.0,714,190.0,0,0.0,0,0.0,0.0,652,230.0,0,0,0.0,616.0,230.0,0,0,0.0,493.0,197.0,0.0,0.0,0.0,3869,143,2242,92,-0.5,-0.5,0.0,0.0,0.0,0.0,0.0,0.0,0.0,0.0,0.0,606.0,230.0,0.0,598.0,230.0,0.0,570.0,227.0,0.0,608.0,230.0,,,,29,,Leo,Shahar,Shahar,,,0,0,0,0,0,0,0,0,0,0,0,0,0,,,,0.0,0.0,0.0,0.0,0.0,0,0,0
426,a,,,5.0,259,157.0,0,0.0,-5,5.0,0.1,497,178.0,7,0,0.9,506.0,237.0,0,27,0.2,368.0,167.0,0.0,1.4,0.0,13168,68,26671,105,0.2,-0.3,0.02,0.17,0.19,4.2,0.01,0.09,0.1,2.22,16.2,450.0,200.0,45.0,352.0,187.0,10.0,410.0,201.0,7.2,434.0,195.0,,,5.0,29,,James,McAtee,McAtee,,,170,0,0,0,8,0,0,0,1,0,0,1,11,,,,0.0,0.0,4.24,0.53,5.82,4,1,6
603,a,100.0,100.0,4.0,729,204.0,0,0.0,-5,5.0,2.2,130,51.0,79,6,3.4,128.0,46.0,3,247,6.0,13.0,6.0,1.5,19.8,0.0,362797,22800,894173,2817,5.5,6.0,0.46,1.7,2.16,30.54,0.02,0.08,0.1,1.44,415.4,111.0,49.0,247.1,128.0,33.0,83.0,269.0,75.0,74.7,148.0,49.0,,,,29,,El Hadji Malick,Diouf,Diouf,,,1913,0,6,6,37,0,0,0,4,0,0,21,192,,,,0.0,0.28,1.74,0.99,7.39,29,128,79
604,u,0.0,0.0,4.4,522,101.0,0,0.0,-1,1.0,0.1,582,208.0,0,0,0.0,666.0,252.0,0,0,0.0,570.0,233.0,0.0,0.0,0.0,1719,0,20787,16,0.0,0.0,0.0,0.0,0.0,0.0,0.0,0.0,0.0,0.0,0.0,656.0,252.0,0.0,652.0,252.0,0.0,630.0,251.0,0.0,658.0,252.0,,,,29,,Emerson,Palmieri dos Santos,Emerson,has joined Marseille permanently.,,0,0,0,0,0,0,0,0,0,0,0,0,0,,,,0.0,0.0,0.0,0.0,0.0,0,0,0
728,a,100.0,100.0,5.0,276,170.0,0,0.0,0,0.0,0.0,714,295.0,16,0,1.6,394.0,169.0,0,39,0.0,751.0,323.0,0.0,3.2,0.0,1542,30,1600,37,-1.0,0.5,0.5,0.17,0.67,6.27,0.13,0.04,0.17,1.6,61.2,399.0,175.0,65.9,314.0,176.0,32.0,356.0,183.0,15.9,388.0,179.0,,,,29,,Merlin,Röhl,Röhl,,,353,0,0,2,4,0,0,0,0,0,0,2,43,,,,0.0,0.51,1.02,0.51,10.96,15,10,18
779,a,,,4.5,503,72.0,0,0.0,0,0.0,0.0,628,82.0,0,0,0.0,750.0,82.0,0,0,0.0,679.0,69.0,0.0,0.0,0.0,4545,229,2323,215,-1.0,0.5,0.0,0.0,0.0,0.0,0.0,0.0,0.0,0.0,0.0,749.0,82.0,0.0,743.0,81.0,0.0,730.0,81.0,0.0,749.0,82.0,,,,29,,Braiden,Graham,Graham,,,0,0,0,0,0,0,0,0,0,0,0,0,0,,,,0.0,0.0,0.0,0.0,0.0,0,0,0
314,a,,,4.9,288,10.0,0,0.0,-1,1.0,1.5,157,20.0,79,3,2.7,232.0,24.0,3,359,2.0,182.0,16.0,0.4,16.1,0.0,222288,3340,247007,1751,2.0,2.0,0.0,0.0,0.0,40.83,0.0,0.0,0.0,1.41,605.4,38.0,10.0,0.0,759.0,89.0,0.0,753.0,85.0,60.4,206.0,10.0,,,,29,,Bernd,Leno,Leno,,,2610,0,0,5,43,1,0,0,3,0,71,29,107,,,,2.45,0.17,1.48,1.0,0.0,4,36,242
315,u,0.0,0.0,4.0,677,49.0,0,0.0,0,0.0,0.0,759,87.0,0,0,0.0,587.0,69.0,0,0,0.0,460.0,62.0,0.0,0.0,0.0,577,0,859,14,0.0,0.0,0.0,0.0,0.0,0.0,0.0,0.0,0.0,0.0,0.0,577.0,69.0,0.0,568.0,56.0,0.0,539.0,43.0,0.0,579.0,69.0,,,,29,,Steven,Benda,Benda,has joined Feyenoord on loan for the rest of the season.,,0,0,0,0,0,0,0,0,0,0,0,0,0,,,,0.0,0.0,0.0,0.0,0.0,0,0,0
316,a,100.0,100.0,4.9,296,45.0,0,0.0,-1,1.0,0.7,219,83.0,34,1,2.6,253.0,98.0,4,153,0.2,366.0,131.0,0.0,6.9,0.0,150247,1561,185017,1409,0.2,0.2,0.22,1.27,1.49,14.39,0.02,0.13,0.15,1.45,217.2,254.0,103.0,249.5,125.0,32.0,34.0,353.0,117.0,50.1,255.0,82.0,,,,29,,Antonee,Robinson,Robinson,,,891,0,0,2,11,0,0,0,1,0,0,10,78,,,,0.0,0.2,1.11,1.01,7.78,26,51,53
321,a,,,4.3,587,132.0,0,0.0,-2,2.0,0.1,563,202.0,39,0,2.8,211.0,80.0,1,155,0.5,315.0,107.0,0.1,9.1,0.0,6710,38,7345,130,0.5,0.5,0.05,0.53,0.58,14.59,0.0,0.05,0.05,1.41,244.6,231.0,90.0,47.1,346.0,118.0,14.0,393.0,142.0,30.7,333.0,114.0,,,,29,,Jorge,Cuenca Barreno,J.Cuenca,,,931,0,0,2,11,0,0,0,5,0,0,11,120,,,,0.0,0.19,1.06,1.06,11.02,16,98,40
727,a,100.0,100.0,5.3,190,118.0,0,0.0,-2,2.0,0.1,500,180.0,50,2,3.3,148.0,64.0,1,209,1.0,266.0,121.0,0.2,9.4,0.0,99733,399,92578,429,1.0,1.0,1.63,2.9,4.53,12.29,0.2,0.35,0.55,1.49,247.6,228.0,99.0,254.1,123.0,86.0,202.0,130.0,75.0,70.5,166.0,87.0,,,,29,,Samuel,Chukwueze,Chukwueze,,,743,3,4,1,16,0,0,0,0,0,0,7,60,,,,0.0,0.12,1.94,0.85,7.27,6,15,39
731,i,0.0,0.0,5.8,110,71.0,0,0.0,-2,2.0,0.1,566,209.0,43,0,1.9,359.0,154.0,0,158,0.5,336.0,155.0,0.1,7.4,0.0,34692,8,31320,425,0.0,0.0,1.12,1.4,2.52,13.01,0.11,0.14,0.25,1.3,200.8,264.0,109.0,231.6,138.0,95.0,206.0,127.0,74.0,63.6,198.0,100.0,,,,29,,Kevin,Santos Lopes de Macedo,Kevin,Foot injury - Unknown return date,,898,1,2,4,15,0,0,0,1,0,0,8,75,,,,0.0,0.4,1.5,0.8,7.52,19,16,40
337,a,100.0,100.0,6.2,73,23.0,1,-1.0,-3,3.0,2.9,109,18.0,97,1,3.5,126.0,10.0,7,361,3.8,76.0,8.0,0.6,15.6,0.0,755022,12660,653380,21974,3.8,3.8,10.18,0.87,11.05,29.3,0.48,0.04,0.52,1.39,429.4,99.0,6.0,289.8,103.0,5.0,659.0,14.0,9.0,137.4,32.0,8.0,,2.0,1.0,29,,Raúl,Jiménez Rodríguez,Raúl,,,1903,8,5,7,25,0,0,0,5,0,0,24,114,,,,0.0,0.33,1.18,1.14,5.39,30,37,47
338,a,100.0,100.0,5.3,192,46.0,0,0.0,-2,2.0,0.7,214,32.0,22,1,1.8,377.0,44.0,3,62,1.0,267.0,31.0,0.2,4.2,0.0,262134,831,437678,591,1.0,1.0,1.25,0.03,1.28,7.6,0.24,0.01,0.25,1.47,82.4,379.0,39.0,55.4,332.0,38.0,166.0,167.0,40.0,29.3,340.0,40.0,,,,29,,Rodrigo,Muniz Carvalho,Muniz,,,465,1,1,1,8,1,0,0,1,0,0,4,27,,,,0.0,0.19,1.55,0.77,5.23,4,14,9
534,u,0.0,0.0,3.8,789,236.0,0,0.0,-2,2.0,0.3,308,113.0,0,0,0.0,523.0,185.0,0,0,0.0,386.0,140.0,0.0,0.0,0.0,39413,0,64783,387,0.0,0.0,0.0,0.0,0.0,0.0,0.0,0.0,0.0,0.0,0.0,513.0,185.0,0.0,498.0,184.0,0.0,467.0,178.0,0.0,515.0,185.0,,,,29,,Joe,Anderson,Anderson,has joined Barrow FC permanently.,,0,0,0,0,0,0,0,0,0,0,0,0,0,,,,0.0,0.0,0.0,0.0,0.0,0,0,0
631,u,0.0,0.0,4.2,641,152.0,0,0.0,-3,3.0,0.1,451,166.0,23,0,1.6,391.0,146.0,0,86,0.0,528.0,224.0,0.0,5.5,0.0,24605,0,63352,73,0.0,0.0,0.57,0.4,0.97,18.26,0.05,0.03,0.08,1.49,312.2,182.0,74.0,76.0,302.0,98.0,75.0,285.0,82.0,46.4,266.0,86.0,,,,29,,Emmanuel,Agbadou,Agbadou,has joined Besiktas permanently.,,1100,0,0,0,29,0,0,0,1,1,0,12,156,,,,0.0,0.0,2.37,0.98,10.23,32,93,65
632,a,100.0,100.0,4.4,519,99.0,0,0.0,-1,1.0,0.1,501,178.0,12,1,1.2,439.0,159.0,0,47,0.2,355.0,127.0,0.0,2.7,0.0,6556,87,20526,80,-0.3,-0.8,0.09,0.19,0.28,13.21,0.01,0.02,0.03,1.69,116.2,342.0,131.0,50.8,339.0,116.0,18.0,386.0,137.0,18.6,378.0,134.0,,,,29,,Matt,Doherty,Doherty,,,702,0,0,1,14,0,0,0,4,0,0,10,68,,,,0.0,0.13,1.79,1.28,7.31,13,44,27
341,a,,,3.9,741,68.0,0,0.0,-1,1.0,2.5,120,16.0,30,2,2.3,293.0,26.0,0,149,2.0,176.0,15.0,0.5,7.7,0.0,248785,6359,272049,2669,2.0,2.0,0.0,0.03,0.03,16.39,0.0,0.0,0.0,1.26,290.8,196.0,22.0,0.0,517.0,21.0,0.0,487.0,8.0,29.3,339.0,22.0,,,,29,,Karl,Darlow,Darlow,,,1170,0,0,1,19,0,0,0,1,0,34,13,59,,,,2.62,0.08,1.46,1.0,0.0,0,18,118
342,a,100.0,100.0,4.4,528,106.0,0,0.0,-1,1.0,0.2,346,127.0,70,2,2.6,248.0,95.0,0,195,2.2,162.0,63.0,0.5,15.9,0.0,45320,664,41699,1494,2.2,2.2,2.02,1.57,3.59,34.53,0.08,0.06,0.14,1.37,332.6,165.0,69.0,231.1,140.0,36.0,185.0,153.0,31.0,75.0,147.0,48.0,,,,29,,Jayden,Bogle,Bogle,,,2268,1,3,4,41,0,0,0,5,0,0,26,184,,,,0.0,0.16,1.63,1.03,5.56,51,89,113
343,a,100.0,100.0,4.3,583,130.0,0,0.0,-2,2.0,0.5,259,96.0,80,2,3.1,165.0,62.0,3,293,1.5,217.0,82.0,0.3,18.6,0.0,108160,1177,96476,2227,1.5,1.5,2.52,0.54,3.06,34.51,0.1,0.02,0.12,1.38,556.8,50.0,22.0,130.0,217.0,55.0,218.0,116.0,17.0,90.5,104.0,27.0,,,,29,,Pascal,Struijk,Struijk,,,2258,0,1,4,40,0,0,0,3,0,0,25,250,,,,0.0,0.16,1.59,1.0,9.21,28,203,95
51,u,0.0,0.0,5.5,150,94.0,0,0.0,0,0.0,0.0,685,278.0,0,0,0.0,808.0,360.0,0,0,0.0,791.0,350.0,0.0,0.0,0.0,1383,0,3790,4,0.0,0.0,0.0,0.0,0.0,0.0,0.0,0.0,0.0,0.0,0.0,807.0,359.0,0.0,806.0,359.0,0.0,804.0,358.0,0.0,807.0,359.0,,,,29,,Samuel,Iling-Junior,Iling Jr,has joined Pisa on loan for the rest of the season.,,0,0,0,0,0,0,0,0,0,0,0,0,0,,,,0.0,0.0,0.0,0.0,0.0,0,0,0
54,a,100.0,0.0,5.3,184,113.0,-1,1.0,-2,2.0,0.5,262,91.0,71,0,3.2,160.0,71.0,4,289,0.0,771.0,335.0,0.0,13.4,0.0,208265,23,244289,1127,-0.5,0.0,2.52,1.96,4.48,26.58,0.14,0.11,0.25,1.5,308.2,185.0,76.0,385.2,60.0,49.0,193.0,141.0,80.0,88.8,109.0,64.0,,,,29,,John,McGinn,McGinn,,,1591,3,2,7,21,0,0,0,3,0,0,21,126,,,,0.0,0.4,1.19,1.19,7.13,27,29,70
55,a,100.0,100.0,4.8,351,219.0,0,0.0,-2,2.0,0.0,608,233.0,20,1,1.7,386.0,165.0,0,88,1.0,262.0,117.0,0.2,4.2,0.0,5629,141,12270,70,0.5,0.5,0.58,0.69,1.27,5.07,0.21,0.26,0.47,1.88,82.8,377.0,169.0,87.9,280.0,166.0,65.0,297.0,160.0,23.5,357.0,173.0,,,,29,,Ross,Barkley,Barkley,,,243,1,1,0,3,0,0,0,0,0,0,0,28,,,,0.0,0.0,1.11,0.0,10.37,5,8,15
57,u,0.0,0.0,5.0,262,160.0,0,0.0,0,0.0,0.0,665,268.0,0,0,0.0,786.0,344.0,0,0,0.0,744.0,317.0,0.0,0.0,0.0,889,0,5437,6,0.0,0.0,0.0,0.0,0.0,0.0,0.0,0.0,0.0,0.0,0.0,785.0,343.0,0.0,782.0,343.0,0.0,779.0,341.0,0.0,785.0,343.0,,,,29,,Lewis,Dobbin,Dobbin,Has joined Preston North End on loan for the rest of the season.,,0,0,0,0,0,0,0,0,0,0,0,0,0,,,,0.0,0.0,0.0,0.0,0.0,0,0,0
58,i,0.0,0.0,4.9,314,195.0,0,0.0,-1,1.0,0.2,387,128.0,61,0,3.4,133.0,58.0,7,282,0.0,720.0,301.0,0.0,12.4,0.0,111383,19,119055,505,0.0,0.0,0.53,0.84,1.36,20.8,0.03,0.05,0.08,1.33,325.0,177.0,70.0,241.3,134.0,93.0,75.0,287.0,156.0,64.2,197.0,99.0,,,,29,,Boubacar,Kamara,Kamara,Knee injury - Expected back 01 Jun,,1410,1,3,5,15,0,0,0,5,0,0,17,149,,,,0.0,0.32,0.96,1.09,9.51,38,46,65
65,u,0.0,0.0,4.5,480,68.0,0,0.0,0,0.0,0.3,326,55.0,0,0,0.0,732.0,78.0,0,0,0.0,659.0,65.0,0.0,0.0,0.0,17574,0,85020,86,0.0,0.0,0.0,0.0,0.0,0.0,0.0,0.0,0.0,0.0,0.0,729.0,78.0,0.0,724.0,77.0,0.0,711.0,77.0,0.0,730.0,78.0,,,,29,,Zépiqueno,Redmond,Redmond,has joined Huddersfield Town on loan for the rest of the season.,,0,0,0,0,0,0,0,0,0,0,0,0,0,,,,0.0,0.0,0.0,0.0,0.0,0,0,0
688,a,,,3.9,766,83.0,0,0.0,-1,1.0,0.6,236,32.0,0,0,0.0,558.0,53.0,0,0,0.0,429.0,44.0,0.0,0.0,0.0,61463,314,44930,452,-0.5,-0.5,0.0,0.0,0.0,0.0,0.0,0.0,0.0,0.0,0.0,548.0,53.0,0.0,535.0,36.0,0.0,505.0,23.0,0.0,550.0,53.0,,,,29,,James,Wright,Wright,,,0,0,0,0,0,0,0,0,0,0,0,0,0,,,,0.0,0.0,0.0,0.0,0.0,0,0,0
405,a,,,5.2,204,27.0,0,0.0,-3,3.0,0.6,237,90.0,27,0,1.9,353.0,134.0,1,114,0.2,371.0,133.0,0.0,5.2,0.0,45123,237,86426,532,0.7,0.7,0.28,0.44,0.72,7.92,0.05,0.08,0.13,1.46,102.0,353.0,134.0,93.1,274.0,83.0,25.0,371.0,128.0,22.1,364.0,126.0,,,,29,,Nathan,Aké,Aké,,,487,0,0,2,7,0,0,0,1,0,0,4,41,,,,0.0,0.37,1.29,0.74,7.02,9,29,12
406,a,100.0,100.0,5.4,182,22.0,0,0.0,-1,1.0,0.4,292,108.0,33,1,2.4,291.0,109.0,0,159,0.8,299.0,100.0,0.1,6.1,0.0,54752,493,75483,939,1.3,1.3,0.3,0.11,0.41,11.54,0.03,0.01,0.04,1.3,153.4,305.0,116.0,35.5,366.0,129.0,4.0,438.0,162.0,19.4,374.0,131.0,,,,29,,Abdukodir,Khusanov,Khusanov,,,797,0,0,3,7,0,0,0,2,0,0,8,82,,,,0.0,0.34,0.79,0.9,8.24,21,52,40
733,a,,,5.0,263,9.0,0,0.0,0,0.0,2.5,121,17.0,72,2,3.1,174.0,19.0,6,276,3.8,72.0,7.0,0.8,14.4,0.0,533465,16277,300136,5512,4.3,4.3,0.0,0.0,0.0,26.27,0.0,0.0,0.0,1.14,431.2,98.0,16.0,0.0,783.0,91.0,2.0,455.0,2.0,43.3,278.0,17.0,,,,29,,Senne,Lammens,Lammens,,,2070,0,0,5,29,0,0,0,0,0,53,23,43,,,,2.3,0.22,1.26,1.0,0.0,1,21,159
93,u,0.0,0.0,4.5,426,255.0,0,0.0,0,0.0,0.3,332,112.0,4,0,4.0,60.0,28.0,0,12,0.0,617.0,221.0,0.0,0.9,0.0,114900,0,165479,87,0.0,0.0,0.0,0.0,0.0,0.4,0.0,0.0,0.0,2.25,21.2,444.0,195.0,10.0,423.0,207.0,0.0,670.0,264.0,3.1,460.0,207.0,,,,29,,Hamed,Traorè,H.Traorè,has joined Marseille on loan for the rest of the season.,,16,0,1,0,2,0,0,0,0,0,0,0,4,,,,0.0,0.0,11.25,0.0,22.5,1,1,2
100,a,,,4.7,393,65.0,0,0.0,2,-2.0,6.7,57,10.0,72,1,3.0,190.0,20.0,7,322,1.5,219.0,29.0,0.3,15.3,0.0,1846739,12184,1155305,37483,2.0,1.5,4.78,0.71,5.49,18.06,0.41,0.06,0.47,1.55,337.2,161.0,15.0,202.6,164.0,13.0,344.0,64.0,23.0,88.4,111.0,16.0,,,,29,,Junior,Kroupi,Kroupi.Jr,,,1052,8,0,5,18,0,0,0,3,0,0,13,79,,,,0.0,0.43,1.54,1.11,6.76,8,28,43
391,i,0.0,0.0,4.8,370,231.0,0,0.0,-2,2.0,0.0,641,252.0,7,0,1.8,373.0,159.0,0,22,0.0,707.0,292.0,0.0,1.5,0.0,4632,8,8097,8,0.0,0.0,0.09,0.09,0.18,2.66,0.15,0.15,0.3,4.52,21.2,445.0,196.0,14.0,406.0,201.0,11.0,403.0,199.0,4.7,452.0,202.0,,,,29,,Ben,Gannon-Doak,Gannon-Doak,Hamstring injury - Unknown return date,,53,0,1,0,1,0,0,0,0,0,0,0,3,,,,0.0,0.0,1.7,0.0,5.09,2,1,0
721,a,100.0,100.0,4.4,569,120.0,0,0.0,-1,1.0,0.0,653,231.0,19,0,2.7,229.0,90.0,0,63,0.0,602.0,240.0,0.0,4.3,0.0,6348,61,5915,38,0.5,0.0,0.15,0.19,0.34,4.42,0.04,0.05,0.09,1.08,98.4,362.0,138.0,13.9,407.0,149.0,10.0,407.0,151.0,12.2,410.0,147.0,,,,29,,Veljko,Milosavljevic,Milosavljević,,,367,0,0,1,6,0,0,0,0,0,0,4,42,,,,0.0,0.25,1.47,0.98,9.56,5,34,13
782,a,,,4.0,660,40.0,0,0.0,0,0.0,0.0,666,81.0,0,0,0.0,575.0,63.0,0,0,0.0,446.0,54.0,0.0,0.0,0.0,2789,142,917,84,0.5,0.0,0.0,0.0,0.0,0.0,0.0,0.0,0.0,0.0,0.0,565.0,63.0,0.0,553.0,47.0,0.0,524.0,34.0,0.0,567.0,63.0,,,,29,,Fraser,Forster,Forster,,,0,0,0,0,0,0,0,0,0,0,0,0,0,,,,0.0,0.0,0.0,0.0,0.0,0,0,0
799,a,,,4.5,511,315.0,0,0.0,0,0.0,0.0,777,337.0,0,0,0.0,754.0,320.0,0,0,0.0,684.0,275.0,0.0,0.0,0.0,642,57,237,31,0.5,0.0,0.0,0.0,0.0,0.0,0.0,0.0,0.0,0.0,0.0,753.0,319.0,0.0,747.0,319.0,0.0,734.0,315.0,0.0,753.0,319.0,,,,29,,Charlie,Stevens,Stevens,,,0,0,0,0,0,0,0,0,0,0,0,0,0,,,,0.0,0.0,0.0,0.0,0.0,0,0,0
504,u,0.0,0.0,4.0,674,47.0,0,0.0,0,0.0,0.1,522,75.0,0,0,0.0,584.0,67.0,0,0,0.0,457.0,60.0,0.0,0.0,0.0,0,0,15722,35,0.0,0.0,0.0,0.0,0.0,0.0,0.0,0.0,0.0,0.0,0.0,574.0,67.0,0.0,565.0,54.0,0.0,536.0,41.0,0.0,576.0,67.0,,,,29,,Matt,Turner,Turner,Has joined Lyon permanently.,,0,0,0,0,0,0,0,0,0,0,0,0,0,,,,0.0,0.0,0.0,0.0,0.0,0,0,0
505,a,,,5.1,231,31.0,0,0.0,-4,4.0,3.1,105,40.0,81,0,2.8,220.0,87.0,1,272,2.8,123.0,47.0,0.5,15.9,0.0,350261,1856,1062673,4575,2.8,2.3,0.81,0.44,1.25,42.71,0.03,0.02,0.05,1.47,513.8,67.0,29.0,38.6,359.0,126.0,104.0,239.0,65.0,65.9,193.0,63.0,,,,29,,Nikola,Milenković,Milenković,,,2610,0,0,6,43,1,0,0,6,0,0,29,263,,,,0.0,0.21,1.48,1.0,8.07,20,214,81
506,a,100.0,100.0,5.2,220,29.0,0,0.0,-3,3.0,1.9,139,53.0,69,2,3.3,147.0,56.0,3,274,1.2,248.0,92.0,0.2,13.3,0.0,265068,5250,799410,1908,1.2,0.7,0.58,0.45,1.03,29.76,0.03,0.02,0.05,1.47,492.4,75.0,34.0,101.1,263.0,77.0,73.0,291.0,85.0,66.7,185.0,62.0,,2.0,,29,,Murillo,Costa dos Santos,Murillo,,,1819,1,0,4,28,1,0,0,4,0,0,21,226,,,,0.0,0.2,1.39,1.04,9.6,30,164,90
507,a,100.0,100.0,4.7,379,63.0,0,0.0,-3,3.0,2.3,127,49.0,38,1,2.9,199.0,77.0,3,147,2.5,145.0,56.0,0.5,8.1,0.0,320483,2801,1623465,2507,2.5,2.0,0.28,0.67,0.95,21.06,0.02,0.05,0.07,1.66,195.4,269.0,109.0,127.5,222.0,56.0,54.0,317.0,99.0,37.8,301.0,100.0,,,,29,,Ola,Aina,Aina,,,1139,0,1,3,17,0,0,0,3,0,0,13,106,,,,0.0,0.24,1.34,1.03,6.8,16,70,64
508,a,100.0,100.0,4.7,384,64.0,0,0.0,-3,3.0,2.8,112,44.0,84,1,3.0,189.0,72.0,9,379,3.2,92.0,34.0,0.7,17.9,0.0,394395,3321,1168514,2644,3.2,2.7,1.54,2.9,4.44,38.3,0.06,0.11,0.17,1.41,583.0,44.0,19.0,408.3,50.0,7.0,258.0,97.0,10.0,124.8,43.0,3.0,,,,29,,Neco,Williams,N.Williams,,,2438,1,1,6,40,0,0,0,4,1,0,28,231,,,,0.0,0.22,1.48,1.03,7.05,77,114,127
514,i,0.0,0.0,3.8,785,233.0,0,0.0,-2,2.0,0.4,293,109.0,0,0,0.0,521.0,184.0,0,0,0.0,384.0,139.0,0.0,0.0,0.0,42590,169,65676,613,0.0,0.0,0.0,0.0,0.0,0.0,0.0,0.0,0.0,0.0,0.0,511.0,184.0,0.0,496.0,183.0,0.0,464.0,176.0,0.0,513.0,184.0,,,,29,,Willy,Boly,Boly,Knee injury - Unknown return date,,0,0,0,0,0,0,0,0,0,0,0,0,0,,,,0.0,0.0,0.0,0.0,0.0,0,0,0
109,d,25.0,,4.3,581,128.0,0,0.0,-2,2.0,0.2,377,141.0,52,1,2.1,319.0,117.0,0,144,2.0,178.0,69.0,0.5,12.1,0.0,25835,127,23673,1705,0.6,2.0,0.18,0.54,0.72,23.91,0.01,0.04,0.05,1.63,151.6,308.0,117.0,82.0,292.0,93.0,35.0,347.0,114.0,26.9,347.0,118.0,,,,29,,Rico,Henry,Henry,Hamstring injury - 25% chance of playing,,1322,0,2,4,22,0,0,0,2,0,0,14,78,,,,0.0,0.27,1.5,0.95,4.63,15,53,72
110,a,100.0,100.0,4.5,494,95.0,0,0.0,0,0.0,0.7,212,80.0,78,6,2.8,214.0,83.0,6,376,1.8,198.0,76.0,0.4,17.3,0.0,196190,7175,136517,862,2.3,1.8,0.27,2.52,2.79,38.51,0.01,0.09,0.1,1.42,442.8,89.0,40.0,382.9,64.0,11.0,77.0,281.0,79.0,90.5,105.0,28.0,,,,29,,Michael,Kayode,Kayode,,,2448,0,1,7,37,1,0,0,6,0,0,28,220,,,,0.0,0.26,1.36,1.03,6.43,57,118,127
113,a,100.0,100.0,4.5,432,86.0,0,0.0,0,0.0,1.2,176,67.0,83,6,3.5,116.0,41.0,3,300,5.2,29.0,11.0,1.2,18.4,0.0,291998,24093,205241,1715,5.7,5.2,2.75,0.5,3.25,32.12,0.12,0.02,0.14,1.36,495.0,73.0,33.0,57.2,330.0,112.0,240.0,102.0,12.0,79.3,139.0,44.0,,,,29,,Sepp,van den Berg,Van den Berg,,,2123,0,2,5,34,0,0,0,1,0,0,23,242,,,,0.0,0.21,1.44,0.98,8.99,14,198,89
114,u,0.0,0.0,3.8,813,259.0,0,0.0,-2,2.0,0.2,380,143.0,0,0,0.0,538.0,199.0,0,0,0.0,407.0,160.0,0.0,0.0,0.0,12981,0,30408,204,0.0,0.0,0.0,0.0,0.0,0.0,0.0,0.0,0.0,0.0,0.0,528.0,199.0,0.0,514.0,199.0,0.0,484.0,194.0,0.0,530.0,199.0,,,,29,,Benjamin,Arthur,Arthur,has joined Celtic on loan for the rest of the season.,,0,0,0,0,0,0,0,0,0,0,0,0,0,,,,0.0,0.0,0.0,0.0,0.0,0,0,0
8,a,100.0,100.0,6.3,70,2.0,0,0.0,8,-8.0,28.6,13,4.0,148,13,5.1,13.0,3.0,9,529,5.4,26.0,10.0,0.9,23.5,0.0,6637372,99910,3771134,11612,6.4,6.4,4.71,1.52,6.23,16.63,0.18,0.06,0.24,0.62,492.0,76.0,35.0,401.0,54.0,8.0,350.0,61.0,2.0,124.6,44.0,4.0,,,,29,,Jurriën,Timber,J.Timber,,,2415,3,6,13,20,0,0,0,5,0,0,27,174,,,,0.0,0.48,0.75,1.01,5.37,64,80,96
124,a,100.0,100.0,5.0,244,149.0,0,0.0,0,0.0,0.3,299,102.0,68,3,2.5,271.0,115.0,5,306,1.8,203.0,86.0,0.4,13.6,0.0,99199,511,101134,542,2.3,1.8,0.33,2.09,2.42,24.04,0.02,0.12,0.14,1.32,299.2,191.0,80.0,320.4,82.0,62.0,43.0,335.0,174.0,66.2,189.0,96.0,,,,29,,Jordan,Henderson,Henderson,,,1634,1,3,5,24,0,0,0,4,0,0,19,156,,,,0.0,0.28,1.32,1.05,8.59,23,50,83
700,a,100.0,100.0,4.2,649,368.0,0,0.0,-3,3.0,0.5,255,89.0,5,0,2.5,265.0,111.0,0,13,0.0,535.0,176.0,0.0,1.2,0.0,185069,5824,139990,2440,1.0,1.0,0.14,0.02,0.16,0.12,0.47,0.07,0.54,0.4,1.0,497.0,228.0,0.8,469.0,226.0,26.0,369.0,188.0,2.8,461.0,208.0,,,,29,,Max,Dowman,Dowman,,,27,0,1,0,0,0,0,0,0,0,0,0,3,,,,0.0,0.0,0.0,0.0,10.0,2,0,1
711,a,,,4.4,571,342.0,0,0.0,-1,1.0,0.0,705,289.0,0,0,0.0,688.0,269.0,0,0,0.0,604.0,215.0,0.0,0.0,0.0,1904,14,1791,23,1.0,1.0,0.0,0.0,0.0,0.0,0.0,0.0,0.0,0.0,0.0,682.0,263.0,0.0,676.0,266.0,0.0,657.0,258.0,0.0,684.0,265.0,,,,29,,Andre,Harriman-Annous,Harriman-Annous,,,0,0,0,0,0,0,0,0,0,0,0,0,0,,,,0.0,0.0,0.0,0.0,0.0,0,0,0
154,u,0.0,0.0,4.0,679,169.0,0,0.0,0,0.0,0.0,781,260.0,0,0,0.0,589.0,216.0,0,0,0.0,462.0,179.0,0.0,0.0,0.0,0,0,781,2,0.0,0.0,0.0,0.0,0.0,0.0,0.0,0.0,0.0,0.0,0.0,579.0,216.0,0.0,570.0,216.0,0.0,541.0,212.0,0.0,581.0,216.0,,,,29,,Eiran,Cashin,Cashin,has joined Blackburn Rovers on loan for the rest of the season.,,0,0,0,0,0,0,0,0,0,0,0,0,0,,,,0.0,0.0,0.0,0.0,0.0,0,0,0
157,d,75.0,100.0,6.1,83,54.0,0,0.0,-4,4.0,1.9,141,47.0,50,1,2.6,259.0,110.0,2,184,2.0,191.0,78.0,0.3,8.2,0.0,280927,653,853072,5391,1.5,1.0,3.17,2.12,5.29,18.83,0.2,0.14,0.34,1.2,222.2,248.0,106.0,362.3,68.0,52.0,305.0,77.0,46.0,88.6,110.0,65.0,,,,29,,Mitoma,Kaoru,Mitoma,Ankle injury - 75% chance of playing,,1408,2,1,4,16,0,0,0,3,0,0,16,80,,,,0.0,0.26,1.02,1.02,5.11,12,21,47
158,a,100.0,100.0,5.6,131,81.0,0,0.0,-4,4.0,0.3,307,104.0,69,4,2.9,206.0,87.0,2,232,1.0,269.0,122.0,0.2,12.3,0.0,130251,568,253284,548,1.0,0.0,2.26,2.2,4.46,19.66,0.13,0.12,0.25,1.11,263.6,215.0,92.0,291.5,100.0,73.0,368.0,56.0,34.0,92.2,100.0,60.0,,,,29,,Georginio,Rutter,Georginio,,,1592,2,4,6,17,1,0,0,2,0,0,19,114,,,,0.0,0.34,0.96,1.07,6.44,26,35,53
160,a,100.0,100.0,5.5,153,96.0,0,0.0,-5,5.0,1.8,145,48.0,85,1,3.4,138.0,61.0,6,323,0.5,334.0,154.0,0.1,15.5,0.0,1923136,1344,1874480,4388,0.5,-0.5,2.91,2.8,5.71,25.77,0.16,0.15,0.31,1.38,319.8,179.0,71.0,464.5,36.0,33.0,469.0,30.0,15.0,125.5,40.0,30.0,,,,29,,Yankuba,Minteh,Minteh,,,1679,1,8,6,26,0,0,0,0,0,0,18,130,,,,0.0,0.32,1.39,0.96,6.97,35,23,72
757,a,,,4.0,706,62.0,0,0.0,0,0.0,0.0,712,83.0,0,0,0.0,609.0,81.0,0,0,0.0,485.0,74.0,0.0,0.0,0.0,1285,21,869,36,-0.5,-0.5,0.0,0.0,0.0,0.0,0.0,0.0,0.0,0.0,0.0,599.0,81.0,0.0,591.0,69.0,0.0,562.0,56.0,0.0,601.0,81.0,,,,29,,Ronnie,Hollingshead,Hollingshead,,,0,0,0,0,0,0,0,0,0,0,0,0,0,,,,0.0,0.0,0.0,0.0,0.0,0,0,0
453,a,,,6.4,61,40.0,0,0.0,-1,1.0,0.5,265,92.0,49,6,2.7,242.0,101.0,3,185,1.8,208.0,88.0,0.3,7.7,0.0,238227,1782,229640,860,2.3,2.3,2.95,3.43,6.38,16.94,0.27,0.31,0.58,1.55,183.4,277.0,117.0,319.3,84.0,63.0,318.0,75.0,44.0,81.1,135.0,76.0,,,,29,,Alejandro,Garnacho Ferreyra,Garnacho,,,983,1,4,4,13,0,0,0,1,0,0,13,55,,,,0.0,0.37,1.19,1.19,5.04,12,7,36
672,a,100.0,100.0,4.6,404,71.0,0,0.0,-4,4.0,0.2,391,147.0,10,2,0.7,515.0,178.0,0,33,0.5,324.0,113.0,0.1,2.2,0.0,17381,515,40326,266,1.0,1.0,0.3,0.41,0.71,8.94,0.05,0.07,0.12,1.49,95.6,365.0,139.0,67.2,311.0,104.0,24.0,373.0,130.0,18.7,377.0,133.0,,,,29,,Jorrel,Hato,Hato,,,540,0,0,0,13,0,0,0,4,0,0,5,54,,,,0.0,0.0,2.17,0.83,8.17,18,31,20
676,a,100.0,100.0,5.0,274,168.0,0,0.0,0,0.0,0.1,453,154.0,81,2,2.9,202.0,83.0,5,305,2.8,122.0,50.0,0.6,16.2,0.0,42040,220,37774,406,2.3,2.3,2.25,0.27,2.52,41.91,0.11,0.01,0.12,1.99,359.2,149.0,54.0,145.2,205.0,133.0,188.0,147.0,83.0,69.0,176.0,90.0,,,,29,,Lesley,Ugochukwu,Ugochukwu,,,1893,3,2,3,41,0,0,0,1,1,0,22,182,,,,0.0,0.14,1.95,1.05,8.65,46,52,84
776,a,,,4.5,509,314.0,0,0.0,0,0.0,0.0,790,346.0,0,0,0.0,753.0,319.0,0,0,0.0,683.0,274.0,0.0,0.0,0.0,639,36,404,58,-0.5,-0.5,0.0,0.0,0.0,0.0,0.0,0.0,0.0,0.0,0.0,752.0,318.0,0.0,746.0,318.0,0.0,733.0,314.0,0.0,752.0,318.0,,,,29,,Oliver,Pimlott,Pimlott,,,0,0,0,0,0,0,0,0,0,0,0,0,0,,,,0.0,0.0,0.0,0.0,0.0,0,0,0
243,a,,,4.8,374,235.0,0,0.0,-2,2.0,0.1,535,196.0,9,1,1.1,444.0,199.0,0,14,1.0,263.0,118.0,0.2,1.9,0.0,9201,140,10372,239,0.0,1.5,0.46,0.13,0.59,3.05,0.17,0.05,0.22,1.12,14.6,452.0,202.0,17.2,401.0,199.0,77.0,282.0,154.0,10.5,414.0,188.0,,,,29,,Tyrique,George,George,,,244,0,0,1,3,0,0,0,2,0,0,1,12,,,,0.0,0.37,1.11,0.37,4.43,2,1,9
287,a,,,5.6,124,2.0,0,0.0,1,-1.0,13.3,26,4.0,117,6,4.0,64.0,5.0,11,465,2.5,153.0,14.0,0.4,20.9,0.0,1624372,25098,1394970,24429,1.5,3.0,0.0,0.15,0.15,41.23,0.0,0.01,0.01,1.42,683.4,17.0,5.0,0.2,482.0,13.0,2.0,458.0,3.0,68.6,178.0,5.0,,,,29,,Jordan,Pickford,Pickford,,,2610,0,0,10,33,0,1,0,2,0,78,29,97,,,,2.69,0.34,1.14,1.0,0.0,2,38,244
288,a,100.0,100.0,4.3,585,28.0,0,0.0,-2,2.0,0.1,455,67.0,0,0,0.0,647.0,89.0,0,0,0.0,543.0,85.0,0.0,0.0,0.0,4613,47,12124,74,-1.0,0.5,0.0,0.0,0.0,0.0,0.0,0.0,0.0,0.0,0.0,637.0,89.0,0.0,632.0,80.0,0.0,608.0,69.0,0.0,639.0,89.0,,,,29,,Mark,Travers,Travers,,,0,0,0,0,0,0,0,0,0,0,0,0,0,,,,0.0,0.0,0.0,0.0,0.0,0,0,0
289,u,0.0,0.0,3.9,760,80.0,0,0.0,-1,1.0,0.1,493,73.0,0,0,0.0,554.0,50.0,0,0,0.0,425.0,41.0,0.0,0.0,0.0,4633,0,10078,80,0.0,0.0,0.0,0.0,0.0,0.0,0.0,0.0,0.0,0.0,0.0,544.0,50.0,0.0,531.0,33.0,0.0,501.0,20.0,0.0,546.0,50.0,,,,29,,Harry,Tyrer,Tyrer,has joined Cardiff City permanently.,,0,0,0,0,0,0,0,0,0,0,0,0,0,,,,0.0,0.0,0.0,0.0,0.0,0,0,0
659,a,,,4.2,629,142.0,0,0.0,-3,3.0,0.2,350,129.0,32,0,1.8,362.0,137.0,0,118,0.2,350.0,124.0,0.0,7.6,0.0,30946,204,53336,336,-0.3,0.2,1.13,0.26,1.39,21.13,0.11,0.02,0.13,1.99,203.2,263.0,107.0,88.2,278.0,86.0,98.0,245.0,66.0,39.0,298.0,98.0,,,,29,,Kyle,Walker-Peters,Walker-Peters,,,954,1,0,1,22,0,0,0,2,0,0,10,95,,,,0.0,0.09,2.08,0.94,6.79,34,38,41
671,a,,,5.8,103,29.0,0,0.0,-2,2.0,0.5,252,38.0,64,1,2.7,239.0,26.0,7,224,0.8,302.0,38.0,0.1,11.0,0.0,204296,490,215929,1581,0.3,0.8,6.48,0.29,6.77,18.16,0.59,0.03,0.62,1.65,226.8,244.0,22.0,93.6,273.0,27.0,396.0,48.0,19.0,70.5,167.0,21.0,,,,29,,Callum,Wilson,Wilson,,,992,5,2,1,18,0,0,0,0,0,0,10,34,,,,0.0,0.09,1.63,0.91,3.08,3,8,23
1,a,,,6.0,86,1.0,0,0.0,5,-5.0,34.5,8,1.0,122,7,4.1,56.0,3.0,6,487,3.2,100.0,10.0,0.5,20.3,0.0,4042712,54191,2360624,15398,4.2,4.2,0.0,0.06,0.06,21.25,0.0,0.0,0.0,0.71,425.8,106.0,18.0,33.4,371.0,3.0,0.0,811.0,94.0,46.0,268.0,16.0,,,,29,,David,Raya Martín,Raya,,,2700,0,0,14,22,0,0,0,1,0,47,30,94,,,,1.57,0.47,0.73,1.0,0.0,1,27,251
3,u,0.0,0.0,4.0,686,54.0,0,0.0,0,0.0,0.2,373,54.0,0,0,0.0,595.0,74.0,0,0,0.0,469.0,67.0,0.0,0.0,0.0,5545,0,48181,91,0.0,0.0,0.0,0.0,0.0,0.0,0.0,0.0,0.0,0.0,0.0,585.0,74.0,0.0,576.0,61.0,0.0,547.0,48.0,0.0,587.0,74.0,,,,29,,Karl,Hein,Hein,Has joined Werder Bremen on loan for the rest of the season.,,0,0,0,0,0,0,0,0,0,0,0,0,0,,,,0.0,0.0,0.0,0.0,0.0,0,0,0
7,a,100.0,100.0,5.6,132,14.0,0,0.0,1,-1.0,6.0,61,21.0,87,1,4.1,55.0,21.0,4,310,0.6,309.0,101.0,0.1,15.5,0.0,2632567,1122,2461494,9466,1.6,1.6,2.77,0.4,3.17,7.97,0.18,0.03,0.21,0.52,233.2,240.0,94.0,110.2,249.0,69.0,230.0,108.0,13.0,57.4,222.0,75.0,,,,29,,Riccardo,Calafiori,Calafiori,,,1373,1,2,10,8,0,0,0,5,0,0,17,132,,,,0.0,0.66,0.52,1.11,6.1,31,62,59
16,a,100.0,100.0,9.8,6,4.0,0,0.0,-2,2.0,8.1,45,15.0,130,9,5.0,15.0,9.0,14,485,5.8,21.0,11.0,0.6,13.3,0.0,4093992,36054,5038111,6364,6.8,6.8,6.84,5.66,12.5,13.31,0.32,0.27,0.59,0.63,529.4,63.0,18.0,696.1,9.0,9.0,727.0,7.0,2.0,195.5,6.0,4.0,2.0,2.0,1.0,29,,Bukayo,Saka,Saka,,,1905,6,8,9,16,0,0,0,1,0,0,21,156,,,,0.0,0.43,0.76,0.99,7.37,34,22,100
17,d,50.0,75.0,7.8,18,13.0,0,0.0,-2,2.0,1.6,156,53.0,62,0,3.1,183.0,78.0,5,252,1.0,273.0,125.0,0.1,7.9,0.0,377006,119,641603,3500,1.0,1.5,1.01,2.91,3.92,12.89,0.08,0.24,0.32,1.08,259.6,219.0,94.0,434.7,40.0,37.0,144.0,196.0,110.0,83.7,127.0,72.0,4.0,,3.0,29,,Martin,Ødegaard,Ødegaard,Knee injury - 50% chance of playing,,1070,1,6,4,11,0,0,0,0,0,0,13,81,,,,0.0,0.34,0.93,1.09,6.81,17,13,51
18,a,100.0,100.0,6.8,44,28.0,0,0.0,-2,2.0,1.0,193,67.0,51,0,2.7,244.0,103.0,6,174,2.8,133.0,56.0,0.4,7.5,0.0,366765,858,397173,8560,3.8,3.8,0.96,1.98,2.94,8.68,0.1,0.21,0.31,0.94,182.2,279.0,119.0,242.3,133.0,92.0,284.0,87.0,54.0,70.8,165.0,86.0,3.0,,,29,,Noni,Madueke,Madueke,,,829,2,1,5,7,0,0,0,0,0,0,11,46,,,,0.0,0.54,0.76,1.19,4.99,15,11,20
19,a,100.0,100.0,6.8,46,29.0,0,0.0,-2,2.0,0.9,201,69.0,43,1,1.8,379.0,162.0,1,144,1.2,255.0,113.0,0.2,6.3,0.0,185458,767,260201,2247,2.2,2.2,3.49,0.91,4.4,7.42,0.39,0.1,0.49,0.82,147.2,311.0,140.0,128.8,220.0,142.0,320.0,73.0,42.0,58.9,212.0,106.0,,,,29,,Gabriel,Martinelli Silva,Martinelli,,,810,1,3,2,5,0,0,0,2,0,0,9,62,,,,0.0,0.22,0.56,1.0,6.89,10,11,41
20,d,75.0,100.0,6.7,47,30.0,0,0.0,-3,3.0,0.9,195,68.0,99,1,3.8,90.0,45.0,9,351,1.4,233.0,103.0,0.2,14.8,0.0,535228,1393,477366,8397,1.8,2.4,4.96,2.7,7.66,11.74,0.27,0.15,0.42,0.63,407.4,116.0,39.0,450.0,38.0,35.0,432.0,36.0,20.0,129.2,38.0,28.0,,,4.0,29,,Leandro,Trossard,Trossard,Knock - 75% chance of playing,,1675,5,5,8,14,0,0,0,1,0,0,18,115,,,,0.0,0.43,0.75,0.97,6.18,25,22,68
21,a,100.0,75.0,7.4,23,15.0,-1,1.0,9,-9.0,30.0,12,3.0,160,3,5.5,8.0,5.0,21,678,5.2,42.0,21.0,0.7,21.6,0.0,6910288,47164,4235661,89834,6.2,4.7,2.99,6.29,9.28,17.73,0.11,0.23,0.34,0.64,719.6,10.0,3.0,867.7,3.0,3.0,265.0,93.0,59.0,185.4,10.0,7.0,1.0,1.0,,29,,Declan,Rice,Rice,,,2490,4,9,13,21,0,0,0,2,0,0,28,309,,,,0.0,0.47,0.76,1.01,11.17,54,105,150
28,u,0.0,0.0,4.5,483,296.0,0,0.0,0,0.0,0.1,486,172.0,0,0,0.0,734.0,305.0,0,0,0.0,662.0,259.0,0.0,0.0,0.0,6731,0,30264,22,0.0,0.0,0.0,0.0,0.0,0.0,0.0,0.0,0.0,0.0,0.0,732.0,303.0,0.0,726.0,303.0,0.0,713.0,299.0,0.0,732.0,303.0,,,,29,,Ismeal,Kabia,Kabia,has joined Shrewsbury Town on loan for the rest of the season.,,0,0,0,0,0,0,0,0,0,0,0,0,0,,,,0.0,0.0,0.0,0.0,0.0,0,0,0
29,u,0.0,0.0,4.5,429,256.0,0,0.0,0,0.0,0.0,587,221.0,0,0,0.0,699.0,275.0,0,0,0.0,619.0,222.0,0.0,0.0,0.0,2952,0,14083,15,0.0,0.0,0.0,0.0,0.0,0.0,0.0,0.0,0.0,0.0,0.0,693.0,269.0,0.0,689.0,272.0,0.0,672.0,265.0,0.0,695.0,271.0,,,,29,,Albert,Sambi Lokonga,Sambi,has joined Hamburger permanently.,,0,0,0,0,0,0,0,0,0,0,0,0,0,,,,0.0,0.0,0.0,0.0,0.0,0,0,0
30,a,100.0,75.0,7.3,25,10.0,0,0.0,-2,2.0,0.5,263,41.0,10,1,2.0,340.0,39.0,0,50,0.4,340.0,44.0,0.1,1.4,0.0,111452,680,195723,2107,1.4,1.0,0.31,0.06,0.37,1.43,0.14,0.03,0.17,0.64,35.6,426.0,50.0,33.3,372.0,49.0,45.0,330.0,51.0,11.5,412.0,52.0,,,,29,,Kai,Havertz,Havertz,,,201,0,1,2,0,0,0,0,0,0,0,2,14,,,,0.0,0.9,0.0,0.9,6.27,3,5,6
31,a,100.0,100.0,6.4,56,20.0,0,0.0,-1,1.0,0.4,280,44.0,17,0,1.5,417.0,51.0,0,68,0.0,808.0,87.0,0.0,2.7,0.0,147176,657,119998,4678,1.0,1.0,1.75,0.19,1.94,3.56,0.52,0.06,0.58,1.05,100.6,356.0,36.0,24.9,386.0,50.0,207.0,122.0,30.0,33.0,322.0,38.0,,,,29,,Gabriel,Fernando de Jesus,G.Jesus,,,304,2,0,0,6,0,0,0,2,0,0,2,26,,,,0.0,0.0,1.78,0.59,7.7,4,4,18
266,a,,,7.2,31,18.0,0,0.0,-3,3.0,8.1,46,16.0,91,3,3.6,113.0,52.0,8,346,4.2,63.0,31.0,0.6,12.6,0.0,3350763,11600,3729904,11386,5.2,5.2,3.73,2.14,5.87,9.25,0.24,0.14,0.38,0.59,335.4,163.0,61.0,223.3,148.0,99.0,351.0,60.0,37.0,90.8,103.0,62.0,,,,29,,Eberechi,Eze,Eze,,,1404,6,3,7,10,0,0,0,1,0,0,16,91,,,,0.0,0.45,0.64,1.03,5.83,15,18,58
666,a,100.0,100.0,8.8,8,4.0,0,0.0,-2,2.0,12.1,28,5.0,94,1,3.4,142.0,13.0,11,348,3.8,79.0,9.0,0.4,10.7,0.0,3424713,20767,4977485,49639,4.8,4.8,8.23,1.76,9.99,13.77,0.4,0.09,0.49,0.67,373.8,139.0,12.0,210.8,159.0,12.0,589.0,20.0,12.0,116.5,55.0,11.0,,,2.0,29,,Viktor,Gyökeres,Gyökeres,,,1859,10,0,10,11,0,0,0,4,0,0,23,71,,,,0.0,0.48,0.53,1.11,3.44,6,18,47
725,a,100.0,100.0,5.1,237,34.0,0,0.0,-4,4.0,0.9,202,78.0,70,9,3.5,121.0,44.0,6,264,5.6,22.0,8.0,1.1,13.7,0.0,525776,12026,426870,1695,6.6,6.6,0.33,1.35,1.68,14.13,0.02,0.08,0.1,0.86,359.0,150.0,64.0,157.5,196.0,49.0,53.0,320.0,101.0,56.8,223.0,76.0,,,,29,,Piero,Hincapié,Hincapie,,,1483,1,1,4,16,1,0,0,2,0,0,17,139,,,,0.0,0.24,0.97,1.03,8.44,38,101,55
32,a,100.0,100.0,5.1,224,7.0,0,0.0,1,-1.0,4.4,82,15.0,97,1,3.9,74.0,7.0,10,422,3.2,94.0,9.0,0.6,19.0,0.0,934570,6018,635835,19638,2.7,2.7,0.0,0.06,0.06,33.76,0.0,0.0,0.0,1.38,571.0,46.0,11.0,13.2,409.0,5.0,0.0,790.0,90.0,58.4,213.0,11.0,,,,29,,Emiliano,Martínez Romero,Martinez,,,2205,0,0,6,26,0,1,0,2,0,72,25,78,,,,2.94,0.24,1.06,1.02,0.0,0,25,210
35,u,0.0,0.0,4.0,684,52.0,0,0.0,0,0.0,0.0,751,85.0,0,0,0.0,593.0,72.0,0,0,0.0,467.0,65.0,0.0,0.0,0.0,0,0,1268,3,0.0,0.0,0.0,0.0,0.0,0.0,0.0,0.0,0.0,0.0,0.0,583.0,72.0,0.0,574.0,59.0,0.0,545.0,46.0,0.0,585.0,72.0,,,,29,,Filip,Marschall,Marschall,Has joined Stevenage permanently.,,0,0,0,0,0,0,0,0,0,0,0,0,0,,,,0.0,0.0,0.0,0.0,0.0,0,0,0
36,d,75.0,100.0,4.8,355,58.0,0,0.0,3,-3.0,9.4,35,12.0,100,-1,3.7,96.0,32.0,6,379,0.2,362.0,130.0,0.0,20.8,0.0,2810436,2538,2004349,94374,-0.2,-0.3,1.04,2.44,3.48,36.25,0.04,0.09,0.13,1.39,533.0,60.0,28.0,413.7,46.0,5.0,188.0,146.0,28.0,113.5,62.0,9.0,5.0,,,29,,Matty,Cash,Cash,Calf injury - 75% chance of playing,,2352,3,2,7,27,0,0,0,7,0,0,27,173,,,,0.0,0.27,1.03,1.03,5.74,48,102,74
37,a,100.0,100.0,4.5,408,73.0,0,0.0,0,0.0,1.5,161,62.0,74,0,3.1,170.0,66.0,4,289,0.5,320.0,111.0,0.1,16.4,0.0,310903,1436,360171,4031,0.0,0.0,0.54,2.3,2.84,20.64,0.04,0.15,0.19,1.35,279.6,204.0,80.0,308.9,92.0,20.0,108.0,230.0,60.0,69.5,174.0,59.0,,2.0,,29,,Lucas,Digne,Digne,,,1378,0,4,6,14,0,0,0,3,0,0,16,103,,,,0.0,0.39,0.91,1.04,5.16,26,53,53
38,a,100.0,100.0,4.4,525,104.0,0,0.0,-1,1.0,8.0,47,17.0,88,0,3.1,167.0,64.0,3,433,3.5,83.0,29.0,0.8,20.0,0.0,728308,8811,2017430,20008,3.0,3.0,1.01,0.53,1.54,40.76,0.04,0.02,0.06,1.47,499.6,71.0,31.0,87.7,282.0,88.0,104.0,238.0,64.0,69.6,173.0,58.0,,,,29,,Ezri,Konsa Ngoyo,Konsa,,,2495,0,1,8,33,0,0,0,0,1,0,28,194,,,,0.0,0.29,1.19,1.01,6.02,20,147,88
39,a,,,4.2,635,147.0,0,0.0,-3,3.0,0.6,229,87.0,39,0,1.7,382.0,142.0,0,199,2.8,118.0,43.0,0.7,9.3,0.0,82349,1037,108202,2007,2.3,2.3,1.05,1.84,2.89,21.86,0.08,0.13,0.21,1.58,258.2,220.0,87.0,299.0,97.0,22.0,186.0,151.0,30.0,74.5,150.0,50.0,,,,29,,Ian,Maatsen,Maatsen,,,1243,0,0,2,20,0,0,0,2,0,0,13,113,,,,0.0,0.14,1.45,0.94,7.31,36,65,73
40,a,100.0,100.0,4.3,577,125.0,0,0.0,-2,2.0,0.7,220,84.0,41,0,3.4,130.0,48.0,4,148,3.5,82.0,28.0,0.8,9.5,0.0,153344,1309,201146,1732,3.0,3.0,0.65,0.36,1.01,16.42,0.07,0.04,0.11,1.69,198.6,267.0,108.0,69.7,307.0,102.0,55.0,314.0,97.0,32.4,324.0,109.0,,,,29,,Tyrone,Mings,Mings,,,872,0,1,3,12,0,0,0,0,0,0,10,85,,,,0.0,0.31,1.24,1.03,7.12,4,65,25
41,a,100.0,100.0,4.3,586,131.0,0,0.0,-2,2.0,0.3,315,116.0,50,0,3.1,166.0,63.0,2,225,0.2,352.0,125.0,0.0,11.6,0.0,70855,202,96760,572,-0.3,-0.3,0.63,0.34,0.97,17.98,0.04,0.02,0.06,1.25,251.8,226.0,88.0,37.8,360.0,127.0,55.0,315.0,98.0,34.7,314.0,107.0,,,,29,,Pau,Torres,Pau,,,1296,0,1,4,15,1,0,0,0,0,0,14,121,,,,0.0,0.28,1.04,0.97,6.53,18,76,66
42,a,100.0,100.0,3.9,782,230.0,0,0.0,-1,1.0,0.2,371,137.0,2,0,0.7,512.0,176.0,0,0,0.2,347.0,121.0,0.1,0.5,0.0,28606,257,40936,182,-0.3,-0.3,0.0,0.01,0.01,1.52,0.0,0.03,0.03,4.15,0.8,500.0,177.0,1.6,459.0,168.0,0.0,521.0,204.0,0.2,502.0,177.0,,,,29,,Andrés,García,A.García,,,33,0,0,0,2,0,0,0,0,0,0,0,0,,,,0.0,0.0,5.45,0.0,0.0,0,0,2
44,a,100.0,100.0,4.0,704,183.0,0,0.0,0,0.0,0.5,247,94.0,33,0,1.4,418.0,150.0,4,105,2.0,177.0,68.0,0.5,8.2,0.0,107317,728,91084,966,1.5,1.5,0.0,0.16,0.16,10.89,0.0,0.02,0.02,1.39,94.8,366.0,140.0,46.8,348.0,120.0,10.0,405.0,149.0,15.1,389.0,140.0,,,,29,,Lamare,Bogarde,Bogarde,,,707,0,0,2,10,0,0,0,5,0,0,7,49,,,,0.0,0.25,1.27,0.89,5.09,17,23,26
45,u,0.0,0.0,3.8,800,247.0,0,0.0,-2,2.0,0.3,335,122.0,0,0,0.0,529.0,191.0,0,0,0.0,395.0,149.0,0.0,0.0,0.0,22076,0,37756,417,0.0,0.0,0.0,0.0,0.0,0.0,0.0,0.0,0.0,0.0,0.0,519.0,191.0,0.0,504.0,190.0,0.0,473.0,184.0,0.0,521.0,191.0,,,,29,,Lino,da Cruz Sousa,Sousa,has joined Rotherham on loan for the rest of the season.,,0,0,0,0,0,0,0,0,0,0,0,0,0,,,,0.0,0.0,0.0,0.0,0.0,0,0,0
49,a,100.0,100.0,5.5,142,88.0,0,0.0,0,0.0,0.1,477,166.0,11,5,1.6,400.0,174.0,0,39,2.0,188.0,76.0,0.4,2.0,0.0,7164,590,50400,211,1.5,1.5,0.27,0.87,1.14,4.44,0.09,0.28,0.37,1.42,50.8,411.0,180.0,109.7,251.0,156.0,43.0,336.0,175.0,20.4,370.0,176.0,2.0,,,29,,Leon,Bailey,Bailey,,,282,0,1,0,6,0,0,0,1,0,0,2,28,,,,0.0,0.0,1.91,0.64,8.94,5,3,20
62,u,0.0,0.0,4.5,470,287.0,0,0.0,0,0.0,0.1,558,205.0,1,0,1.0,479.0,216.0,0,3,0.0,650.0,250.0,0.0,0.2,0.0,8790,0,10635,115,0.0,0.0,0.0,0.0,0.0,0.61,0.0,0.0,0.0,6.86,0.2,506.0,231.0,0.3,481.0,234.0,0.0,703.0,292.0,0.1,508.0,233.0,,,,29,,Jamaldeen,Jimoh-Aloba,Jimoh-Aloba,has joined West Brom on loan for the rest of the season.,,8,0,0,0,0,0,0,0,0,0,0,0,1,,,,0.0,0.0,0.0,0.0,11.25,0,0,1
63,u,0.0,0.0,4.3,607,353.0,0,0.0,-2,2.0,0.5,250,87.0,0,0,0.0,655.0,248.0,0,0,0.0,556.0,186.0,0.0,0.0,0.0,102090,0,127993,1225,0.0,0.0,0.0,0.0,0.0,0.0,0.0,0.0,0.0,0.0,0.0,645.0,238.0,0.0,641.0,243.0,0.0,618.0,232.0,0.0,647.0,240.0,,,,29,,Kadan,Young,Young,has joined Reading on loan for the rest of the season.,,0,0,0,0,0,0,0,0,0,0,0,0,0,,,,0.0,0.0,0.0,0.0,0.0,0,0,0
64,a,100.0,100.0,8.5,11,5.0,-1,1.0,-5,5.0,7.9,48,7.0,100,1,3.6,114.0,9.0,11,352,1.8,212.0,28.0,0.2,11.8,0.0,2216961,4944,4295874,38188,1.3,1.3,10.0,1.01,11.01,34.9,0.42,0.04,0.46,1.47,387.6,130.0,11.0,226.6,144.0,10.0,778.0,5.0,4.0,138.6,30.0,6.0,,,3.0,29,,Ollie,Watkins,Watkins,,,2144,8,2,8,29,0,0,0,2,0,0,25,74,,,,0.0,0.34,1.22,1.05,3.11,18,16,40
389,d,50.0,0.0,5.1,236,144.0,0,0.0,-4,4.0,0.2,399,135.0,5,0,1.0,498.0,231.0,0,17,0.0,760.0,329.0,0.0,1.0,0.0,94097,7,103437,236,-0.2,0.0,0.29,0.08,0.37,1.74,0.24,0.07,0.31,1.42,11.8,456.0,204.0,31.7,375.0,191.0,31.0,358.0,185.0,7.4,433.0,194.0,,,,29,,Harvey,Elliott,Elliott,Knock - 50% chance of playing,,110,0,0,0,2,0,0,0,0,0,0,1,6,,,,0.0,0.0,1.64,0.82,4.91,0,2,4
456,n,0.0,100.0,5.8,106,69.0,0,0.0,-2,2.0,0.2,358,120.0,26,1,1.4,423.0,188.0,0,106,1.0,270.0,123.0,0.2,4.5,0.0,50389,68,51915,1852,0.0,0.5,0.58,1.61,2.19,10.69,0.08,0.21,0.29,1.4,102.4,352.0,158.0,248.3,127.0,87.0,176.0,159.0,87.0,52.9,238.0,119.0,4.0,,,29,,Jadon,Sancho,Sancho,Ineligible to face his parent club on 15/3. - Expected back 22 Mar,,686,0,1,1,5,0,0,0,0,0,0,7,36,,,,0.0,0.13,0.66,0.92,4.72,6,11,19
699,a,100.0,100.0,4.9,316,196.0,0,0.0,-1,1.0,0.1,483,170.0,28,7,2.0,332.0,144.0,0,179,3.2,93.0,41.0,0.7,5.7,0.0,26713,1268,20213,308,2.7,2.7,0.5,1.36,1.86,10.79,0.06,0.16,0.22,1.26,162.6,297.0,132.0,262.2,118.0,81.0,83.0,270.0,148.0,50.7,252.0,128.0,1.0,,,29,,Douglas Luiz,Soares de Paulo,Douglas Luiz,,,770,1,1,1,13,0,0,0,2,0,0,11,89,,,,0.0,0.12,1.52,1.29,10.4,20,21,48
719,a,100.0,100.0,4.5,415,77.0,0,0.0,0,0.0,0.1,479,172.0,22,0,1.8,367.0,139.0,0,94,0.2,356.0,128.0,0.0,4.9,0.0,20827,219,14408,392,-0.3,-0.3,0.03,0.07,0.1,10.75,0.0,0.01,0.01,1.69,123.8,331.0,127.0,27.5,381.0,136.0,8.0,416.0,156.0,16.0,386.0,138.0,,,,29,,Victor,Lindelöf,Lindelöf,,,572,0,1,1,9,0,0,0,0,0,0,6,36,,,,0.0,0.16,1.42,0.94,5.66,4,32,13
754,a,,,4.5,481,294.0,0,0.0,0,0.0,0.0,753,320.0,2,0,1.0,483.0,219.0,0,5,0.0,660.0,257.0,0.0,0.4,0.0,1128,44,706,37,-0.5,-0.5,0.04,0.01,0.05,0.61,0.14,0.04,0.18,2.2,0.0,730.0,301.0,1.7,458.0,220.0,2.0,450.0,220.0,0.3,498.0,229.0,,,,29,,George,Hemmings,George Hemmings,,,25,0,0,0,0,0,0,0,0,0,0,0,1,,,,0.0,0.0,0.0,0.0,3.6,0,0,1
768,a,,,4.0,738,213.0,0,0.0,0,0.0,0.0,706,247.0,0,0,0.0,634.0,247.0,0,0,0.0,514.0,217.0,0.0,0.0,0.0,677,26,596,45,-0.5,-0.5,0.0,0.0,0.0,0.0,0.0,0.0,0.0,0.0,0.0,624.0,247.0,0.0,616.0,247.0,0.0,589.0,245.0,0.0,626.0,247.0,,,,29,,Leon,Routh,Leon Routh,,,0,0,0,0,0,0,0,0,0,0,0,0,0,,,,0.0,0.0,0.0,0.0,0.0,0,0,0
781,a,,,4.0,732,207.0,0,0.0,0,0.0,0.0,725,252.0,0,0,0.0,630.0,243.0,0,0,0.0,508.0,211.0,0.0,0.0,0.0,721,42,454,38,-0.5,-0.5,0.0,0.0,0.0,0.0,0.0,0.0,0.0,0.0,0.0,620.0,243.0,0.0,612.0,243.0,0.0,584.0,240.0,0.0,622.0,243.0,,,,29,,TJ,Carroll,Carroll,,,0,0,0,0,0,0,0,0,0,0,0,0,0,,,,0.0,0.0,0.0,0.0,0.0,0,0,0
792,a,100.0,100.0,5.0,284,176.0,0,0.0,0,0.0,0.0,798,353.0,3,1,1.0,495.0,228.0,0,11,0.8,294.0,136.0,0.2,0.6,0.0,264,36,168,11,0.3,0.3,0.05,0.05,0.1,1.87,0.1,0.1,0.2,3.58,3.2,483.0,221.0,3.5,449.0,216.0,10.0,411.0,202.0,1.5,477.0,219.0,,,,29,,Alysson Edward Franco,da Rocha dos Santos,Alysson,,,47,0,0,0,2,0,0,0,0,0,0,0,4,,,,0.0,0.0,3.83,0.0,7.66,0,1,3
808,a,,,6.0,87,27.0,0,0.0,0,0.0,0.3,325,54.0,13,1,2.2,314.0,34.0,2,46,2.5,154.0,21.0,0.4,2.2,0.0,81079,1187,46402,6006,2.0,2.0,1.24,0.1,1.34,1.97,0.68,0.06,0.74,1.09,45.8,415.0,47.0,37.3,362.0,45.0,89.0,262.0,46.0,17.3,384.0,47.0,,,,29,,Tammy,Abraham,Abraham,,,163,1,0,0,2,0,0,0,0,0,0,1,6,,,,0.0,0.0,1.1,0.55,3.31,2,1,3
184,u,0.0,0.0,4.0,691,57.0,0,0.0,0,0.0,0.2,404,59.0,0,0,0.0,599.0,77.0,0,0,0.0,473.0,70.0,0.0,0.0,0.0,4943,0,33956,59,0.0,0.0,0.0,0.0,0.0,0.0,0.0,0.0,0.0,0.0,0.0,589.0,77.0,0.0,580.0,64.0,0.0,551.0,51.0,0.0,591.0,77.0,,,,29,,Etienne,Green,Green,has joined FC Fredericia permanently.,,0,0,0,0,0,0,0,0,0,0,0,0,0,,,,0.0,0.0,0.0,0.0,0.0,0,0,0
187,a,100.0,100.0,4.4,518,98.0,0,0.0,-1,1.0,1.1,182,69.0,55,3,2.0,330.0,123.0,3,165,1.2,239.0,88.0,0.3,12.5,0.0,149692,1044,261684,1142,0.7,0.7,0.12,0.98,1.1,51.76,0.0,0.04,0.04,1.96,391.4,125.0,55.0,162.8,192.0,48.0,22.0,378.0,133.0,57.9,217.0,72.0,,,,29,,Kyle,Walker,Walker,,,2371,0,2,3,51,0,0,0,8,0,0,27,216,,,,0.0,0.11,1.94,1.02,6.19,40,123,121
188,u,0.0,0.0,3.8,791,238.0,0,0.0,-2,2.0,0.2,366,134.0,0,0,0.0,524.0,186.0,0,0,0.0,387.0,141.0,0.0,0.0,0.0,26052,0,41527,228,0.0,0.0,0.0,0.0,0.0,0.0,0.0,0.0,0.0,0.0,0.0,514.0,186.0,0.0,499.0,185.0,0.0,468.0,179.0,0.0,516.0,186.0,,,,29,,Hannes,Delcroix,Delcroix,has joined Lugano permanently.,,0,0,0,0,0,0,0,0,0,0,0,0,0,,,,0.0,0.0,0.0,0.0,0.0,0,0,0
191,a,100.0,100.0,3.9,765,223.0,0,0.0,-1,1.0,7.8,49,18.0,60,1,2.3,294.0,110.0,0,201,1.5,216.0,81.0,0.4,15.4,0.0,764629,3767,1939302,6547,1.0,1.0,0.67,0.58,1.25,51.23,0.03,0.02,0.05,2.06,540.6,56.0,26.0,89.0,277.0,85.0,84.0,268.0,74.0,71.5,158.0,52.0,,,,29,,Maxime,Estève,Estève,,,2239,0,0,2,54,2,0,0,0,0,0,26,270,,,,0.0,0.08,2.17,1.05,9.81,30,214,85
192,a,,,4.0,696,179.0,0,0.0,0,0.0,0.6,228,86.0,46,0,3.1,163.0,61.0,0,170,0.0,478.0,188.0,0.0,11.5,0.0,184377,315,178946,1200,-0.5,-0.5,0.19,1.51,1.7,30.28,0.01,0.1,0.11,2.04,305.4,187.0,75.0,228.9,141.0,37.0,57.0,312.0,95.0,59.2,210.0,71.0,,,,29,,Quilindschy,Hartman,Hartman,,,1337,0,5,2,28,0,0,0,1,0,0,15,124,,,,0.0,0.13,1.88,1.01,7.0,31,73,49
195,a,100.0,100.0,3.8,808,255.0,0,0.0,-2,2.0,0.3,318,117.0,18,1,1.3,425.0,153.0,0,95,0.5,310.0,102.0,0.1,4.7,0.0,47657,297,36574,577,0.0,0.0,0.33,1.2,1.53,21.99,0.03,0.1,0.13,1.82,181.0,281.0,111.0,231.4,139.0,35.0,60.0,309.0,92.0,47.1,263.0,84.0,3.0,,,29,,Lucas,Pires Silva,Lucas Pires,,,1086,0,0,1,25,0,0,0,0,1,0,12,73,,,,0.0,0.08,2.07,0.99,6.05,24,49,69
196,u,0.0,0.0,4.0,681,170.0,0,0.0,0,0.0,0.0,616,218.0,0,0,0.0,591.0,217.0,0,0,0.0,464.0,180.0,0.0,0.0,0.0,202,0,9668,9,0.0,0.0,0.0,0.0,0.0,0.0,0.0,0.0,0.0,0.0,0.0,581.0,217.0,0.0,572.0,217.0,0.0,543.0,213.0,0.0,583.0,217.0,,,,29,,Shurandy,Sambo,Sambo,has joined Sparta Rotterdam on loan for the rest of the season.,,0,0,0,0,0,0,0,0,0,0,0,0,0,,,,0.0,0.0,0.0,0.0,0.0,0,0,0
197,u,0.0,0.0,3.8,803,250.0,0,0.0,-2,2.0,0.2,374,138.0,13,0,1.9,344.0,128.0,0,20,0.0,398.0,152.0,0.0,3.4,0.0,34622,0,33219,549,0.0,0.0,0.55,0.08,0.63,3.79,0.3,0.04,0.34,2.08,44.8,417.0,156.0,18.1,398.0,146.0,30.0,360.0,120.0,9.2,423.0,153.0,,,,29,,Oliver,Sonne,Sonne,has joined Sparta Prague on loan for the rest of the season.,,164,1,0,0,4,0,0,0,0,0,0,1,10,,,,0.0,0.0,2.2,0.55,3.84,2,5,4
200,a,100.0,100.0,5.0,261,159.0,0,0.0,-5,5.0,1.9,138,46.0,100,4,3.6,109.0,50.0,6,385,6.0,14.0,6.0,1.2,20.0,0.0,1239103,8428,1093390,2822,5.5,5.5,3.59,1.84,5.43,41.86,0.17,0.09,0.26,1.95,453.4,84.0,29.0,386.4,59.0,48.0,416.0,43.0,26.0,125.5,39.0,29.0,2.0,,,29,,Jaidon,Anthony,Anthony,,,1928,7,3,3,43,0,0,0,4,0,0,23,180,,,,0.0,0.14,2.01,1.07,8.4,33,38,109
201,u,0.0,0.0,5.4,160,99.0,0,0.0,-1,1.0,0.0,713,294.0,0,0,0.0,799.0,353.0,0,0,0.0,776.0,339.0,0.0,0.0,0.0,1070,0,3147,4,0.0,0.0,0.0,0.0,0.0,0.0,0.0,0.0,0.0,0.0,0.0,798.0,352.0,0.0,797.0,352.0,0.0,795.0,351.0,0.0,798.0,352.0,,,,29,,Manuel,Benson Hedilazio,Benson,has joined Maccabi Haifa permanently.,,0,0,0,0,0,0,0,0,0,0,0,0,0,,,,0.0,0.0,0.0,0.0,0.0,0,0,0
202,a,100.0,100.0,5.3,187,115.0,0,0.0,-2,2.0,0.0,624,243.0,36,0,1.6,398.0,173.0,0,107,0.8,297.0,139.0,0.2,6.8,0.0,6002,51,8610,68,0.3,0.3,1.35,1.06,2.41,22.64,0.13,0.1,0.23,2.12,114.4,346.0,154.0,189.7,175.0,119.0,128.0,215.0,120.0,43.2,279.0,140.0,,2.0,3.0,29,,Jacob,Bruun Larsen,Bruun Larsen,,,961,0,1,3,26,0,0,0,0,0,0,10,61,,,,0.0,0.28,2.43,0.94,5.71,12,20,29
205,i,0.0,0.0,4.9,298,185.0,0,0.0,-1,1.0,0.8,204,71.0,70,0,3.9,72.0,34.0,8,321,0.0,713.0,297.0,0.0,14.3,0.0,568508,35,539881,1114,0.0,0.0,0.94,1.36,2.3,32.5,0.06,0.08,0.14,1.93,342.0,158.0,57.0,218.1,150.0,101.0,98.0,246.0,136.0,66.0,190.0,97.0,,,,29,,Josh,Cullen,Cullen,Knee injury - Expected back 30 Sep,,1513,2,2,3,29,1,0,0,2,0,0,18,173,,,,0.0,0.18,1.73,1.07,10.29,32,68,73
206,d,75.0,75.0,4.7,380,238.0,0,0.0,-3,3.0,0.1,450,153.0,43,0,2.5,268.0,112.0,2,155,1.8,199.0,83.0,0.4,9.1,0.0,25671,14,24604,1018,1.0,1.0,1.44,1.65,3.09,17.71,0.15,0.17,0.32,1.84,162.8,296.0,131.0,243.6,130.0,89.0,190.0,144.0,81.0,59.5,209.0,104.0,,3.0,,29,,Marcus,Edwards,Edwards,Knock - 75% chance of playing,,867,1,3,1,15,0,0,0,0,0,0,9,51,,,,0.0,0.1,1.56,0.93,5.29,8,6,37
207,a,100.0,100.0,4.7,389,242.0,0,0.0,-3,3.0,0.2,385,127.0,49,2,2.3,297.0,130.0,4,211,5.8,15.0,7.0,1.2,10.4,0.0,26855,3226,25295,691,5.3,5.3,0.5,1.24,1.74,20.92,0.05,0.13,0.18,2.15,191.4,270.0,113.0,209.4,160.0,109.0,85.0,266.0,146.0,48.6,259.0,132.0,4.0,,,29,,Hannibal,Mejbri,Hannibal,,,874,1,4,1,22,0,0,0,6,0,0,10,84,,,,0.0,0.1,2.27,1.03,8.65,23,12,49
208,u,0.0,0.0,5.0,269,163.0,0,0.0,0,0.0,0.0,737,310.0,0,0,0.0,789.0,346.0,0,0,0.0,747.0,319.0,0.0,0.0,0.0,68,0,3029,3,0.0,0.0,0.0,0.0,0.0,0.0,0.0,0.0,0.0,0.0,0.0,788.0,345.0,0.0,786.0,345.0,0.0,782.0,343.0,0.0,788.0,345.0,,,,29,,Luca,Koleosho,Koleosho,has joined Paris FC on loan for the rest of the season.,,0,0,0,0,0,0,0,0,0,0,0,0,0,,,,0.0,0.0,0.0,0.0,0.0,0,0,0
209,a,,,4.8,352,220.0,0,0.0,-2,2.0,0.0,615,238.0,48,1,1.8,371.0,158.0,1,212,1.2,242.0,106.0,0.3,10.0,0.0,6007,50,6505,86,0.7,0.7,0.6,0.42,1.02,31.7,0.04,0.03,0.07,2.04,262.4,217.0,93.0,164.2,190.0,126.0,92.0,255.0,138.0,52.0,243.0,123.0,,,,29,,Josh,Laurent,Laurent,,,1399,1,0,1,34,0,0,0,6,0,0,14,150,,,,0.0,0.06,2.19,0.9,9.65,35,66,49
210,a,,,4.9,333,207.0,0,0.0,-1,1.0,0.0,629,245.0,38,1,1.7,388.0,167.0,0,128,0.8,289.0,131.0,0.2,7.8,0.0,4834,24,5975,36,0.3,0.3,0.86,0.68,1.54,15.42,0.09,0.07,0.16,1.65,99.4,359.0,161.0,109.3,252.0,157.0,101.0,243.0,134.0,31.1,330.0,160.0,,4.0,,29,,Loum,Tchaouna,Tchaouna,,,843,1,1,2,14,0,0,0,1,0,0,9,48,,,,0.0,0.21,1.49,0.96,5.12,14,11,23
211,u,0.0,0.0,4.4,539,321.0,0,0.0,-1,1.0,1.4,163,56.0,0,0,0.0,671.0,258.0,0,0,0.0,578.0,197.0,0.0,0.0,0.0,62789,0,930984,521,0.0,0.0,0.0,0.0,0.0,0.0,0.0,0.0,0.0,0.0,0.0,661.0,248.0,0.0,657.0,253.0,0.0,635.0,242.0,0.0,663.0,250.0,,,,29,,Aaron,Ramsey,A.Ramsey,has joined Leicester City on loan for the rest of the season.,,0,0,0,0,0,0,0,0,0,0,0,0,0,,,,0.0,0.0,0.0,0.0,0.0,0,0,0
212,u,0.0,0.0,4.5,477,291.0,0,0.0,0,0.0,0.0,768,328.0,0,0,0.0,731.0,303.0,0,0,0.0,656.0,254.0,0.0,0.0,0.0,0,0,2760,2,0.0,0.0,0.0,0.0,0.0,0.0,0.0,0.0,0.0,0.0,0.0,728.0,300.0,0.0,723.0,301.0,0.0,709.0,296.0,0.0,729.0,301.0,,,,29,,Oluwaseun,Adewumi,Adewumi,Has joined Cercle Brugge on loan for the rest of the season.,,0,0,0,0,0,0,0,0,0,0,0,0,0,,,,0.0,0.0,0.0,0.0,0.0,0,0,0
213,u,0.0,0.0,4.5,464,283.0,0,0.0,0,0.0,0.0,618,240.0,1,0,1.0,477.0,214.0,0,2,0.0,645.0,246.0,0.0,0.2,0.0,7482,0,9061,49,0.0,0.0,0.0,0.0,0.0,0.05,0.0,0.0,0.0,0.5,0.0,718.0,293.0,0.5,475.0,228.0,0.0,698.0,288.0,0.0,719.0,294.0,,,,29,,Jaydon,Banel,Banel,has joined Derby County on loan for the rest of the season.,,9,0,0,0,0,0,0,0,0,0,0,0,0,,,,0.0,0.0,0.0,0.0,0.0,0,0,0
214,i,0.0,0.0,4.3,588,345.0,-1,1.0,-2,2.0,0.1,573,212.0,4,0,1.0,462.0,202.0,0,10,0.0,544.0,178.0,0.0,0.9,0.0,11948,47,15955,81,0.0,0.0,0.0,0.0,0.0,0.46,0.0,0.0,0.0,2.18,0.6,501.0,229.0,0.4,477.0,230.0,2.0,445.0,218.0,0.3,497.0,228.0,,,,29,,Mike,Trésor Ndayishimiye,Trésor,Ankle injury - Unknown return date,,19,0,0,0,1,0,0,0,0,0,0,0,2,,,,0.0,0.0,4.74,0.0,9.47,0,0,2
215,d,75.0,100.0,5.3,193,47.0,0,0.0,-2,2.0,0.4,290,46.0,62,0,3.1,175.0,16.0,6,231,4.2,61.0,7.0,0.8,11.7,0.0,168573,1182,151893,3939,2.8,3.7,4.39,0.19,4.58,21.02,0.39,0.02,0.41,1.88,289.4,198.0,17.0,79.7,298.0,33.0,332.0,68.0,24.0,69.2,175.0,23.0,,5.0,1.0,29,,Zian,Flemming,Flemming,Calf injury - 75% chance of playing,,1005,7,0,2,19,0,0,0,3,0,0,12,55,,,,0.0,0.18,1.7,1.07,4.93,7,28,20
217,a,100.0,100.0,4.9,324,60.0,0,0.0,-1,1.0,0.8,209,31.0,48,2,2.3,298.0,30.0,4,178,0.8,288.0,35.0,0.2,9.8,0.0,450771,1236,442919,1170,0.3,0.3,2.96,0.29,3.25,22.96,0.23,0.02,0.25,1.79,187.6,274.0,27.0,129.2,219.0,23.0,206.0,125.0,31.0,51.7,245.0,28.0,,,,29,,Lyle,Foster,Foster,,,1154,3,1,3,25,0,0,0,4,0,0,13,69,,,,0.0,0.23,1.95,1.01,5.38,12,23,34
219,u,0.0,0.0,4.4,527,76.0,0,0.0,-1,1.0,0.1,465,67.0,0,0,0.0,668.0,68.0,0,0,0.0,573.0,55.0,0.0,0.0,0.0,4151,0,40605,33,0.0,0.0,0.0,0.0,0.0,0.0,0.0,0.0,0.0,0.0,0.0,658.0,68.0,0.0,654.0,67.0,0.0,632.0,67.0,0.0,660.0,68.0,,,,29,,Michael,Obafemi,Obafemi,has joined Blackpool on loan for the rest of the season.,,0,0,0,0,0,0,0,0,0,0,0,0,0,,,,0.0,0.0,0.0,0.0,0.0,0,0,0
470,a,100.0,100.0,4.0,661,41.0,0,0.0,0,0.0,32.2,11,2.0,80,2,2.8,210.0,22.0,7,357,1.2,236.0,17.0,0.3,20.0,0.0,1707250,11345,1449819,17257,0.7,0.7,0.0,0.04,0.04,57.26,0.0,0.0,0.0,1.97,808.4,5.0,1.0,0.0,554.0,48.0,0.0,525.0,35.0,81.0,136.0,1.0,,,,29,,Martin,Dúbravka,Dúbravka,,,2610,0,0,3,58,0,0,0,1,0,106,29,96,,,,3.66,0.1,2.0,1.0,0.0,1,53,230
614,a,100.0,100.0,5.6,123,77.0,0,0.0,-4,4.0,0.2,392,131.0,19,1,2.1,324.0,142.0,0,129,2.0,189.0,77.0,0.4,3.4,0.0,18653,221,47821,257,1.5,1.5,0.13,1.11,1.24,10.37,0.02,0.18,0.2,1.66,101.2,355.0,159.0,228.2,143.0,97.0,6.0,428.0,208.0,33.5,321.0,157.0,1.0,1.0,,29,,James,Ward-Prowse,Ward-Prowse,,,561,0,1,1,15,0,0,0,0,0,0,6,37,,,,0.0,0.16,2.41,0.96,5.94,6,15,16
680,d,50.0,0.0,5.2,212,49.0,0,0.0,-3,3.0,0.2,406,62.0,38,0,2.0,337.0,38.0,2,105,0.0,765.0,79.0,0.0,7.3,0.0,47566,34,59275,717,-0.2,0.0,2.14,0.13,2.27,20.84,0.24,0.01,0.25,2.33,96.2,364.0,38.0,62.2,322.0,35.0,203.0,129.0,32.0,35.8,306.0,36.0,,,,29,,Armando,Broja,Broja,Knock - 50% chance of playing,,805,1,1,1,25,0,0,0,0,0,0,8,41,,,,0.0,0.11,2.8,0.89,4.58,6,11,24
722,a,,,5.0,252,153.0,0,0.0,0,0.0,0.0,612,236.0,66,1,2.8,219.0,90.0,0,286,0.8,292.0,134.0,0.2,13.2,0.0,14704,36,12903,125,0.3,0.3,0.55,0.39,0.94,37.28,0.03,0.02,0.05,2.03,343.4,157.0,56.0,173.2,184.0,123.0,44.0,331.0,172.0,56.3,224.0,109.0,,,,29,,Florentino Ibrain,Morris Luís,Florentino,,,1651,0,2,2,37,0,0,0,4,0,0,20,247,,,,0.0,0.11,2.02,1.09,13.46,74,88,85
820,a,,,4.5,507,313.0,0,0.0,0,0.0,0.0,819,367.0,0,0,0.0,752.0,318.0,0,0,0.0,682.0,273.0,0.0,0.0,0.0,39,39,5,5,0.8,0.8,0.0,0.0,0.0,0.0,0.0,0.0,0.0,0.0,0.0,751.0,317.0,0.0,745.0,317.0,0.0,732.0,313.0,0.0,751.0,317.0,,,,29,,Kian,McMahon-Brown,McMahon-Brown,,,0,0,0,0,0,0,0,0,0,0,0,0,0,,,,0.0,0.0,0.0,0.0,0.0,0,0,0
66,u,0.0,0.0,4.5,406,21.0,0,0.0,0,0.0,0.1,571,78.0,0,0,0.0,690.0,92.0,0,0,0.0,606.0,89.0,0.0,0.0,0.0,0,0,16532,16,0.0,0.0,0.0,0.0,0.0,0.0,0.0,0.0,0.0,0.0,0.0,684.0,92.0,0.0,678.0,84.0,0.0,659.0,74.0,0.0,686.0,92.0,,,,29,,Norberto,Murara Neto,Neto,Has joined Botafogo permanently.,,0,0,0,0,0,0,0,0,0,0,0,0,0,,,,0.0,0.0,0.0,0.0,0.0,0,0,0
67,a,,,4.5,435,24.0,0,0.0,0,0.0,5.0,71,12.0,94,6,3.2,152.0,16.0,5,381,5.2,30.0,4.0,1.2,20.9,0.0,963529,28287,746235,3397,5.7,5.2,0.0,0.0,0.0,43.19,0.0,0.0,0.0,1.49,656.2,25.0,6.0,0.0,694.0,87.0,0.0,677.0,77.0,65.9,191.0,8.0,,,,29,,Đorđe,Petrović,Petrović,,,2610,0,0,8,46,1,0,0,2,0,88,29,98,,,,3.03,0.28,1.59,1.0,0.0,0,54,227
68,u,0.0,0.0,4.0,680,51.0,0,0.0,0,0.0,0.7,211,27.0,0,0,0.0,590.0,71.0,0,0,0.0,463.0,64.0,0.0,0.0,0.0,47217,0,86817,722,0.0,0.0,0.0,0.0,0.0,0.0,0.0,0.0,0.0,0.0,0.0,580.0,71.0,0.0,571.0,58.0,0.0,542.0,45.0,0.0,582.0,71.0,,,,29,,Will,Dennis,Dennis,has joined Leyton Orient on loan for the rest of the season.,,0,0,0,0,0,0,0,0,0,0,0,0,0,,,,0.0,0.0,0.0,0.0,0.0,0,0,0
69,a,,,3.9,779,92.0,0,0.0,-1,1.0,0.3,342,47.0,0,0,0.0,570.0,61.0,0,0,0.0,441.0,52.0,0.0,0.0,0.0,22427,438,18984,328,0.5,0.0,0.0,0.0,0.0,0.0,0.0,0.0,0.0,0.0,0.0,560.0,61.0,0.0,548.0,45.0,0.0,518.0,32.0,0.0,562.0,61.0,,,,29,,Callan,McKenna,McKenna,,,0,0,0,0,0,0,0,0,0,0,0,0,0,,,,0.0,0.0,0.0,0.0,0.0,0,0,0
70,u,0.0,0.0,4.0,697,58.0,0,0.0,0,0.0,0.1,575,79.0,0,0,0.0,603.0,78.0,0,0,0.0,479.0,71.0,0.0,0.0,0.0,1107,0,10436,24,0.0,0.0,0.0,0.0,0.0,0.0,0.0,0.0,0.0,0.0,0.0,593.0,78.0,0.0,584.0,65.0,0.0,555.0,52.0,0.0,595.0,78.0,,,,29,,Alex,Paulsen,Paulsen,Has joined Lechia Gdansk on loan for the rest of the season.,,0,0,0,0,0,0,0,0,0,0,0,0,0,,,,0.0,0.0,0.0,0.0,0.0,0,0,0
73,a,100.0,100.0,4.4,517,97.0,0,0.0,-1,1.0,0.2,386,145.0,30,0,1.9,345.0,129.0,0,86,0.5,317.0,109.0,0.1,6.8,0.0,26331,351,41606,293,1.0,0.5,0.0,0.11,0.11,12.46,0.0,0.01,0.01,1.54,82.8,375.0,142.0,32.3,373.0,131.0,18.0,385.0,136.0,13.3,401.0,145.0,,,,29,,Adam,Smith,Smith,,,727,0,1,3,15,0,0,0,2,0,0,10,44,,,,0.0,0.37,1.86,1.24,5.08,7,34,18
74,a,,,4.6,401,70.0,0,0.0,1,-1.0,2.5,122,47.0,107,8,3.7,93.0,31.0,9,394,6.2,10.0,5.0,1.3,23.3,0.0,630657,33564,418085,2244,6.7,6.2,0.39,2.07,2.46,40.89,0.01,0.07,0.08,1.43,583.0,43.0,18.0,370.8,66.0,13.0,94.0,253.0,71.0,104.8,78.0,15.0,,,,29,,Adrien,Truffert,Truffert,,,2568,0,2,8,43,0,0,0,3,0,0,29,286,,,,0.0,0.28,1.51,1.02,8.27,78,158,149
75,a,100.0,75.0,3.8,804,251.0,0,0.0,-2,2.0,0.2,381,144.0,0,0,0.0,532.0,194.0,0,0,0.0,399.0,153.0,0.0,0.0,0.0,14725,308,32521,97,0.5,0.0,0.0,0.0,0.0,0.0,0.0,0.0,0.0,0.0,0.0,522.0,194.0,0.0,507.0,193.0,0.0,476.0,187.0,0.0,524.0,194.0,,,,29,,Matai,Akinmboni,Akinmboni,,,0,0,0,0,0,0,0,0,0,0,0,0,0,,,,0.0,0.0,0.0,0.0,0.0,0,0,0
76,a,,,3.8,802,249.0,0,0.0,-2,2.0,0.2,388,146.0,0,0,0.0,531.0,193.0,0,0,0.0,397.0,151.0,0.0,0.0,0.0,15550,213,19541,261,0.5,0.0,0.0,0.0,0.0,0.0,0.0,0.0,0.0,0.0,0.0,521.0,193.0,0.0,506.0,192.0,0.0,475.0,186.0,0.0,523.0,193.0,,,,29,,Owen,Bevan,Bevan,,,0,0,0,0,0,0,0,0,0,0,0,0,0,,,,0.0,0.0,0.0,0.0,0.0,0,0,0
77,a,,,4.2,636,148.0,1,-1.0,2,-2.0,7.4,54,19.0,75,8,3.8,80.0,28.0,2,246,6.2,9.0,4.0,1.5,17.9,0.0,1021920,58353,165264,3563,6.7,6.2,0.39,0.97,1.35,19.89,0.03,0.07,0.1,1.39,375.0,136.0,60.0,84.9,288.0,91.0,74.0,289.0,83.0,53.6,236.0,78.0,,,,29,,James,Hill,Hill,,,1292,0,3,5,16,0,0,0,2,0,0,13,171,,,,0.0,0.35,1.11,0.91,11.28,24,138,39
84,a,100.0,100.0,5.3,189,117.0,0,0.0,-2,2.0,1.7,149,52.0,104,2,4.2,51.0,24.0,10,378,2.5,151.0,61.0,0.5,19.6,0.0,937769,19343,808600,2932,3.0,2.5,6.75,2.74,9.49,29.35,0.31,0.13,0.44,1.36,456.4,82.0,27.0,484.7,33.0,31.0,420.0,41.0,25.0,136.3,33.0,24.0,2.0,2.0,4.0,29,,Marcus,Tavernier,Tavernier,,,1942,5,4,8,37,0,0,0,4,0,0,22,178,,,,0.0,0.37,1.71,1.02,8.25,29,47,102
85,a,100.0,100.0,4.9,301,188.0,0,0.0,-1,1.0,0.3,333,113.0,60,4,3.3,144.0,63.0,3,279,2.5,148.0,59.0,0.5,12.2,0.0,79877,788,93183,232,3.0,2.5,0.56,0.37,0.93,20.86,0.04,0.02,0.06,1.33,304.2,190.0,79.0,95.0,269.0,163.0,105.0,234.0,129.0,50.7,251.0,127.0,,,,29,,Tyler,Adams,Adams,,,1412,2,1,6,24,0,0,0,7,0,0,18,182,,,,0.0,0.38,1.53,1.15,11.6,40,66,76
86,a,100.0,100.0,5.0,246,150.0,0,0.0,0,0.0,0.2,393,132.0,46,0,2.0,334.0,146.0,4,180,0.5,330.0,151.0,0.1,9.2,0.0,72910,302,78562,312,1.0,0.5,4.51,2.85,7.36,16.91,0.4,0.25,0.65,1.5,200.4,265.0,110.0,323.0,80.0,61.0,391.0,50.0,31.0,90.0,106.0,63.0,,4.0,,29,,David,Brooks,Brooks,,,1014,1,2,4,18,0,0,0,7,0,0,12,79,,,,0.0,0.36,1.6,1.07,7.01,15,16,48
88,i,0.0,0.0,4.9,292,181.0,0,0.0,-1,1.0,0.0,607,232.0,38,0,2.4,284.0,122.0,0,184,0.2,365.0,165.0,0.0,7.8,0.0,11733,12,10242,431,0.0,0.0,0.07,0.52,0.59,13.49,0.01,0.05,0.06,1.4,206.0,262.0,108.0,183.3,179.0,122.0,12.0,401.0,197.0,40.4,293.0,146.0,1.0,,,29,,Lewis,Cook,Cook,Hamstring injury - Expected back 11 Apr,,870,0,1,1,18,0,0,0,1,1,0,8,143,,,,0.0,0.1,1.86,0.83,14.79,25,56,62
90,a,100.0,100.0,5.1,241,146.0,0,0.0,1,-1.0,1.3,172,61.0,101,3,3.5,122.0,55.0,6,434,3.8,73.0,35.0,0.7,19.8,0.0,250495,3049,108136,5999,4.3,3.8,3.26,1.63,4.89,35.56,0.14,0.07,0.21,1.5,421.4,109.0,36.0,317.8,88.0,67.0,259.0,96.0,60.0,99.4,88.0,54.0,4.0,6.0,,29,,Alex,Scott,Scott,,,2128,2,2,8,34,0,0,0,3,0,0,26,279,,,,0.0,0.34,1.44,1.1,11.8,42,103,134
91,u,0.0,0.0,5.0,255,154.0,0,0.0,0,0.0,0.0,742,314.0,0,0,0.0,784.0,342.0,0,0,0.0,742.0,315.0,0.0,0.0,0.0,396,0,3897,4,0.0,0.0,0.0,0.0,0.0,0.0,0.0,0.0,0.0,0.0,0.0,783.0,341.0,0.0,780.0,341.0,0.0,777.0,339.0,0.0,783.0,341.0,,,,29,,Luis,Sinisterra Lucumí,Sinisterra,has joined Cruzeiro on loan for the rest of the season.,,0,0,0,0,0,0,0,0,0,0,0,0,0,,,,0.0,0.0,0.0,0.0,0.0,0,0,0
92,u,0.0,0.0,4.5,431,258.0,0,0.0,0,0.0,0.1,554,201.0,0,0,0.0,701.0,277.0,0,0,0.0,621.0,224.0,0.0,0.0,0.0,4403,0,19690,44,0.0,0.0,0.0,0.0,0.0,0.0,0.0,0.0,0.0,0.0,0.0,695.0,271.0,0.0,691.0,274.0,0.0,674.0,267.0,0.0,697.0,273.0,,,,29,,Romain,Faivre,Faivre,has joined Auxerre permanently.,,0,0,0,0,0,0,0,0,0,0,0,0,0,,,,0.0,0.0,0.0,0.0,0.0,0,0,0
94,u,0.0,0.0,4.5,463,282.0,0,0.0,0,0.0,0.0,645,254.0,0,0,0.0,722.0,297.0,0,0,0.0,644.0,245.0,0.0,0.0,0.0,3895,0,8211,11,0.0,0.0,0.0,0.0,0.0,0.0,0.0,0.0,0.0,0.0,0.0,717.0,292.0,0.0,713.0,294.0,0.0,697.0,287.0,0.0,718.0,293.0,,,,29,,Dominic,Sadi,Sadi,has joined Novi Pazar on loan for the rest of the season.,,0,0,0,0,0,0,0,0,0,0,0,0,0,,,,0.0,0.0,0.0,0.0,0.0,0,0,0
95,u,0.0,0.0,4.4,552,330.0,0,0.0,-1,1.0,0.1,579,215.0,0,0,0.0,677.0,264.0,0,0,0.0,587.0,205.0,0.0,0.0,0.0,15405,0,21528,19,0.0,0.0,0.0,0.0,0.0,0.0,0.0,0.0,0.0,0.0,0.0,668.0,255.0,0.0,664.0,260.0,0.0,643.0,250.0,0.0,670.0,257.0,,,,29,,Zain,Silcott-Duberry,Silcott-Duberry,has joined Olympiakos permanently.,,0,0,0,0,0,0,0,0,0,0,0,0,0,,,,0.0,0.0,0.0,0.0,0.0,0,0,0
96,u,0.0,0.0,4.5,493,304.0,0,0.0,0,0.0,0.0,644,253.0,1,0,1.0,484.0,220.0,0,3,0.0,671.0,266.0,0.0,0.2,0.0,2964,0,10009,10,0.0,0.0,0.0,0.0,0.0,0.31,0.0,0.0,0.0,4.65,0.0,741.0,310.0,0.0,735.0,310.0,0.0,722.0,306.0,0.0,741.0,310.0,,,,29,,Ben,Winterburn,Winterburn,has joined Barnet on loan for the rest of the season.,,6,0,0,0,2,0,0,0,0,0,0,0,0,,,,0.0,0.0,30.0,0.0,0.0,0,0,0
97,a,100.0,75.0,6.8,45,16.0,-1,1.0,-2,2.0,2.2,129,20.0,87,2,3.2,161.0,15.0,6,315,2.8,134.0,19.0,0.4,12.8,0.0,1108799,10974,1108749,8386,3.3,2.1,7.5,1.13,8.63,28.62,0.34,0.05,0.39,1.28,295.0,192.0,16.0,310.4,91.0,3.0,649.0,16.0,11.0,125.2,42.0,9.0,,,,29,,Francisco Evanilson,de Lima Barbosa,Evanilson,,,2013,6,3,8,33,0,0,0,1,0,0,23,85,,,,0.0,0.36,1.48,1.03,3.8,7,25,53
98,a,100.0,100.0,5.4,159,39.0,0,0.0,-1,1.0,0.0,589,81.0,20,1,1.2,442.0,53.0,1,55,1.0,268.0,32.0,0.2,3.7,0.0,13959,274,11183,273,1.5,1.0,1.35,0.06,1.41,3.45,0.71,0.03,0.74,1.83,45.6,416.0,48.0,12.4,412.0,55.0,82.0,272.0,48.0,13.3,402.0,50.0,,1.0,,29,,Enes,Ünal,Enes Ünal,,,170,1,0,0,2,0,0,0,1,0,0,0,12,,,,0.0,0.0,1.06,0.0,6.35,1,7,4
99,u,0.0,0.0,4.4,567,83.0,0,0.0,-1,1.0,0.1,431,63.0,0,0,0.0,687.0,75.0,0,0,0.0,601.0,62.0,0.0,0.0,0.0,22144,0,44381,46,0.0,0.0,0.0,0.0,0.0,0.0,0.0,0.0,0.0,0.0,0.0,680.0,75.0,0.0,675.0,74.0,0.0,655.0,74.0,0.0,682.0,75.0,,,,29,,Daniel,Adu-Adjei,Adu-Adjei,has joined HNK Rijeka permanently.,,0,0,0,0,0,0,0,0,0,0,0,0,0,,,,0.0,0.0,0.0,0.0,0.0,0,0,0
685,a,100.0,100.0,4.2,634,146.0,0,0.0,-3,3.0,0.3,329,120.0,46,0,2.6,246.0,93.0,2,164,0.0,526.0,222.0,0.0,11.0,0.0,98420,175,96235,491,0.5,0.0,0.02,0.19,0.21,22.47,0.0,0.01,0.01,1.59,267.0,213.0,83.0,54.3,334.0,114.0,22.0,376.0,131.0,34.4,318.0,108.0,,,,29,,Bafodé,Diakité,Diakité,,,1275,0,0,4,27,0,0,0,1,0,0,15,147,,,,0.0,0.28,1.91,1.06,8.26,20,97,48
697,a,,,5.4,174,107.0,0,0.0,-1,1.0,0.5,249,86.0,60,1,2.4,290.0,128.0,4,223,3.8,75.0,36.0,0.7,11.1,0.0,117556,693,54397,6988,4.3,3.8,2.53,1.49,4.02,14.65,0.25,0.15,0.4,1.43,256.6,221.0,95.0,209.1,161.0,110.0,240.0,103.0,63.0,70.0,171.0,89.0,3.0,,,29,,Amine,Adli,Adli,,,923,3,2,3,14,0,0,0,2,0,0,9,108,,,,0.0,0.29,1.37,0.88,10.53,31,25,52
713,a,,,4.5,465,92.0,0,0.0,0,0.0,0.3,334,121.0,63,8,2.5,267.0,104.0,2,238,4.2,58.0,19.0,0.9,14.0,0.0,54655,3002,25014,435,4.7,4.2,1.04,1.49,2.53,33.81,0.05,0.07,0.12,1.64,331.0,168.0,70.0,212.1,158.0,39.0,169.0,164.0,36.0,71.2,163.0,55.0,,,,29,,Álex,Jiménez Sánchez,A.Jimenez,,,1855,1,2,5,33,0,0,0,8,0,0,21,132,,,,0.0,0.24,1.6,1.02,5.68,52,65,97
801,a,,,4.9,345,214.0,-1,1.0,-1,1.0,0.0,760,324.0,3,0,0.8,511.0,240.0,0,10,0.2,367.0,166.0,0.0,0.6,0.0,884,16,462,39,0.7,0.2,0.06,0.25,0.31,2.34,0.08,0.32,0.4,2.97,6.0,474.0,214.0,33.5,370.0,190.0,14.0,394.0,196.0,5.3,443.0,197.0,,,,29,,Alex,Tóth,Tóth.A,,,71,0,0,0,1,0,0,0,1,0,0,1,8,,,,0.0,0.0,1.27,1.27,10.14,1,2,5
806,a,,,4.0,678,50.0,0,0.0,0,0.0,0.0,763,88.0,0,0,0.0,588.0,70.0,0,0,0.0,461.0,63.0,0.0,0.0,0.0,621,41,291,32,0.5,0.0,0.0,0.0,0.0,0.0,0.0,0.0,0.0,0.0,0.0,578.0,70.0,0.0,569.0,57.0,0.0,540.0,44.0,0.0,580.0,70.0,,,,29,,Christos,Mandas,Mandas,,,0,0,0,0,0,0,0,0,0,0,0,0,0,,,,0.0,0.0,0.0,0.0,0.0,0,0,0
807,a,,,5.6,133,82.0,0,0.0,1,-1.0,2.6,115,37.0,27,3,4.5,35.0,16.0,2,95,3.5,88.0,40.0,0.6,4.8,0.0,390949,8131,51184,10777,4.0,3.5,0.87,1.03,1.9,9.04,0.17,0.21,0.38,1.8,122.6,332.0,148.0,118.1,234.0,147.0,103.0,241.0,132.0,34.3,319.0,155.0,,,,29,,Rayan Vitor,Simplício Rocha,Rayan,,,451,2,1,2,3,0,0,0,1,0,0,5,27,,,,0.0,0.4,0.6,1.0,5.39,5,6,16
27,d,50.0,0.0,4.8,356,223.0,0,0.0,-2,2.0,0.1,492,176.0,6,0,1.0,487.0,223.0,0,19,0.0,699.0,287.0,0.0,1.2,0.0,10487,6,18362,170,0.2,0.0,0.61,0.07,0.68,1.21,1.1,0.13,1.23,2.18,16.4,449.0,199.0,4.0,446.0,215.0,16.0,391.0,195.0,3.4,458.0,206.0,,,,29,,Reiss,Nelson,Nelson,Calf injury - 50% chance of playing,,50,0,0,0,1,0,0,0,0,0,0,0,17,,,,0.0,0.0,1.8,0.0,30.6,2,3,12
83,a,100.0,100.0,6.0,91,57.0,1,-1.0,0,0.0,3.6,96,32.0,97,3,4.2,53.0,25.0,10,296,2.8,132.0,55.0,0.5,16.2,0.0,916214,20594,489642,7501,3.3,2.8,5.37,2.3,7.67,22.81,0.3,0.13,0.43,1.27,345.0,156.0,55.0,243.0,132.0,91.0,449.0,31.0,16.0,103.1,82.0,51.0,3.0,,,29,,Dango,Ouattara,O.Dango,,,1613,5,6,4,24,0,0,0,4,0,0,18,140,,,,0.0,0.22,1.34,1.0,7.81,16,59,65
103,u,0.0,0.0,3.9,771,87.0,0,0.0,-1,1.0,0.1,427,64.0,0,0,0.0,563.0,57.0,0,0,0.0,434.0,48.0,0.0,0.0,0.0,11791,0,14642,176,0.0,0.0,0.0,0.0,0.0,0.0,0.0,0.0,0.0,0.0,0.0,553.0,57.0,0.0,540.0,40.0,0.0,510.0,27.0,0.0,555.0,57.0,,,,29,,Matthew,Cox,Cox,has joined Shrewsbury Town on loan for the rest of the season.,,0,0,0,0,0,0,0,0,0,0,0,0,0,,,,0.0,0.0,0.0,0.0,0.0,0,0,0
106,a,,,4.9,322,52.0,0,0.0,-1,1.0,2.7,113,45.0,99,6,3.8,82.0,29.0,7,340,1.8,201.0,77.0,0.4,20.2,0.0,649516,13572,516382,5436,2.3,1.8,1.58,1.27,2.85,33.38,0.07,0.05,0.12,1.39,661.8,23.0,9.0,116.3,236.0,63.0,258.0,98.0,11.0,103.8,80.0,16.0,,,,29,,Nathan,Collins,Collins,,,2161,1,2,6,32,1,0,0,4,0,0,23,274,,,,0.0,0.25,1.33,0.96,10.08,24,218,98
107,a,,,4.8,365,62.0,0,0.0,-2,2.0,1.6,153,60.0,79,1,2.9,201.0,78.0,3,208,2.5,147.0,57.0,0.5,16.5,0.0,459695,4658,311930,8238,3.0,2.5,2.02,1.03,3.05,20.6,0.16,0.08,0.24,1.61,220.6,251.0,100.0,167.8,189.0,47.0,228.0,111.0,16.0,61.6,202.0,66.0,,1.0,,29,,Keane,Lewis-Potter,Lewis-Potter,,,1152,3,1,6,20,0,0,0,1,0,0,13,60,,,,0.0,0.47,1.56,1.02,3.2,15,26,50
108,a,100.0,100.0,4.4,524,103.0,0,0.0,-1,1.0,0.3,337,124.0,70,6,3.0,187.0,71.0,1,200,3.0,104.0,38.0,0.7,15.9,0.0,40245,1830,33290,573,3.5,3.0,0.69,0.72,1.41,26.12,0.04,0.04,0.08,1.46,354.4,153.0,66.0,58.1,329.0,111.0,161.0,173.0,39.0,57.5,221.0,74.0,,,,29,,Kristoffer,Ajer,Ajer,,,1606,0,2,5,26,0,0,0,2,0,0,18,172,,,,0.0,0.28,1.46,1.01,9.25,35,130,49
123,i,0.0,0.0,4.7,386,241.0,0,0.0,-3,3.0,0.1,466,159.0,13,0,2.2,307.0,133.0,1,42,0.0,693.0,283.0,0.0,2.8,0.0,27245,15,51464,56,0.0,0.0,0.7,0.03,0.73,2.08,0.63,0.03,0.66,1.87,39.0,421.0,184.0,6.5,436.0,211.0,36.0,345.0,180.0,8.1,428.0,192.0,,,4.0,29,,Fábio,Freitas Gouveia Carvalho,Carvalho,Knee injury - Expected back 01 Jun,,100,1,0,0,4,0,0,0,0,0,0,1,8,,,,0.0,0.0,3.6,0.9,7.2,3,0,5
180,i,0.0,0.0,5.2,221,51.0,0,0.0,-3,3.0,0.1,528,74.0,16,0,1.8,375.0,43.0,0,55,0.0,769.0,80.0,0.0,3.1,0.0,13206,45,23202,43,0.0,0.0,0.44,0.11,0.55,2.59,0.3,0.08,0.38,1.77,66.6,394.0,42.0,65.7,315.0,34.0,44.0,333.0,52.0,17.7,383.0,46.0,,,,29,,Stefanos,Tzimas,Tzimas,Knee injury - Expected back 01 Jun,,132,1,1,0,2,0,0,0,0,0,0,1,15,,,,0.0,0.0,1.36,0.68,10.23,3,2,10
125,i,0.0,0.0,4.9,303,189.0,0,0.0,-1,1.0,0.2,378,124.0,70,0,3.2,154.0,68.0,6,300,0.5,326.0,148.0,0.1,14.3,0.0,67503,7,46733,4730,0.0,0.0,0.82,1.88,2.7,20.22,0.06,0.14,0.2,1.45,329.0,171.0,67.0,313.6,90.0,69.0,91.0,257.0,140.0,72.5,156.0,83.0,2.0,,,29,,Vitaly,Janelt,Janelt,Foot injury - Unknown return date,,1253,1,4,5,16,0,0,0,7,0,0,13,164,,,,0.0,0.36,1.15,0.93,11.78,24,66,74
746,a,,,4.5,488,300.0,0,0.0,0,0.0,0.0,745,316.0,0,0,0.0,739.0,309.0,0,0,0.0,667.0,263.0,0.0,0.0,0.0,1030,14,853,28,0.5,1.0,0.0,0.0,0.0,0.0,0.0,0.0,0.0,0.0,0.0,737.0,307.0,0.0,731.0,307.0,0.0,718.0,303.0,0.0,737.0,307.0,,,,29,,Kieran,Morrison,Morrison,,,0,0,0,0,0,0,0,0,0,0,0,0,0,,,,0.0,0.0,0.0,0.0,0.0,0,0,0
760,a,,,4.0,709,186.0,0,0.0,0,0.0,0.0,691,242.0,0,0,0.0,612.0,227.0,0,0,0.0,488.0,193.0,0.0,0.0,0.0,1093,50,934,48,0.5,1.0,0.0,0.0,0.0,0.0,0.0,0.0,0.0,0.0,0.0,602.0,227.0,0.0,594.0,227.0,0.0,565.0,223.0,0.0,604.0,227.0,,,,29,,Wellity,Lucky,Lucky,,,0,0,0,0,0,0,0,0,0,0,0,0,0,,,,0.0,0.0,0.0,0.0,0.0,0,0,0
126,a,,,4.9,306,191.0,0,0.0,-1,1.0,0.1,480,168.0,65,4,2.4,285.0,123.0,0,316,2.2,168.0,66.0,0.4,13.3,0.0,18464,625,18647,261,2.7,2.2,1.93,3.94,5.87,22.72,0.12,0.24,0.36,1.4,273.4,210.0,89.0,394.7,57.0,46.0,153.0,184.0,102.0,82.0,132.0,75.0,1.0,2.0,5.0,29,,Mathias,Jensen,Jensen,,,1465,2,2,6,21,0,0,0,3,0,0,17,132,,,,0.0,0.37,1.29,1.04,8.11,26,34,72
702,a,,,4.4,570,341.0,0,0.0,-1,1.0,0.1,531,192.0,1,0,1.0,474.0,212.0,0,3,0.0,603.0,214.0,0.0,0.2,0.0,9936,68,9018,83,-0.5,-0.5,0.0,0.0,0.0,0.9,0.0,0.0,0.0,5.06,0.0,681.0,262.0,0.3,480.0,233.0,0.0,656.0,257.0,0.0,683.0,264.0,,,,29,,Bradley,Burrowes,Burrowes,,,16,0,0,0,1,0,0,0,0,0,0,0,1,,,,0.0,0.0,5.62,0.0,5.62,0,0,1
703,a,,,3.9,777,91.0,0,0.0,-1,1.0,0.6,227,30.0,0,0,0.0,568.0,60.0,0,0,0.0,439.0,51.0,0.0,0.0,0.0,92916,1153,43283,998,-0.5,-0.5,0.0,0.0,0.0,0.0,0.0,0.0,0.0,0.0,0.0,558.0,60.0,0.0,546.0,44.0,0.0,516.0,31.0,0.0,560.0,60.0,,,,29,,Sam,Proctor,Proctor,,,0,0,0,0,0,0,0,0,0,0,0,0,0,,,,0.0,0.0,0.0,0.0,0.0,0,0,0
710,a,,,3.9,774,226.0,0,0.0,-1,1.0,0.2,376,140.0,0,0,0.0,565.0,205.0,0,0,0.0,436.0,168.0,0.0,0.0,0.0,33313,99,23005,184,-0.5,-0.5,0.0,0.0,0.0,0.0,0.0,0.0,0.0,0.0,0.0,555.0,205.0,0.0,543.0,205.0,0.0,513.0,200.0,0.0,557.0,205.0,,,,29,,Travis,Patterson,Patterson,,,0,0,0,0,0,0,0,0,0,0,0,0,0,,,,0.0,0.0,0.0,0.0,0.0,0,0,0
127,u,0.0,0.0,4.9,346,215.0,0,0.0,-1,1.0,0.0,723,299.0,0,0,0.0,780.0,339.0,0,0,0.0,736.0,312.0,0.0,0.0,0.0,1544,0,2303,21,0.0,0.0,0.0,0.0,0.0,0.0,0.0,0.0,0.0,0.0,0.0,779.0,338.0,0.0,775.0,338.0,0.0,771.0,336.0,0.0,779.0,338.0,,,,29,,Gustavo,Nunes Fernandes Gomes,Nunes,has joined Swansea City on loan for the rest of the season.,,0,0,0,0,0,0,0,0,0,0,0,0,0,,,,0.0,0.0,0.0,0.0,0.0,0,0,0
128,u,0.0,0.0,4.8,366,228.0,0,0.0,-2,2.0,0.0,609,234.0,12,0,2.0,331.0,143.0,0,41,0.0,705.0,291.0,0.0,2.5,0.0,5396,0,8886,24,0.0,0.0,0.0,0.36,0.36,2.02,0.0,0.37,0.37,2.07,28.4,435.0,193.0,13.6,408.0,202.0,4.0,435.0,214.0,4.6,453.0,203.0,,,,29,,Frank,Onyeka,Onyeka,has joined Coventry City on loan for the rest of the season.,,88,0,2,0,2,0,0,0,0,0,0,0,10,,,,0.0,0.0,2.05,0.0,10.23,2,3,5
399,u,0.0,0.0,5.3,183,5.0,0,0.0,-2,2.0,0.8,206,26.0,0,0,0.0,797.0,94.0,0,0,0.0,770.0,94.0,0.0,0.0,0.0,15200,0,273218,133,0.0,0.0,0.0,0.0,0.0,0.0,0.0,0.0,0.0,0.0,0.0,796.0,94.0,0.0,795.0,93.0,0.0,792.0,91.0,0.0,796.0,94.0,,,,29,,Ederson,Santana de Moraes,Ederson M.,has joined Fenerbache permanently.,,0,0,0,0,0,0,0,0,0,0,0,0,0,,,,0.0,0.0,0.0,0.0,0.0,0,0,0
404,u,0.0,0.0,5.4,165,19.0,0,0.0,-1,1.0,0.3,340,125.0,0,0,0.0,800.0,265.0,0,0,0.0,779.0,264.0,0.0,0.0,0.0,9281,0,85520,49,0.0,0.0,0.0,0.0,0.0,0.0,0.0,0.0,0.0,0.0,0.0,799.0,265.0,0.0,798.0,265.0,0.0,796.0,265.0,0.0,799.0,265.0,,,,29,,Manuel,Akanji,Akanji,has joined Inter Milan on loan for the rest of the season.,,0,0,0,0,0,0,0,0,0,0,0,0,0,,,,0.0,0.0,0.0,0.0,0.0,0,0,0
131,u,0.0,0.0,4.3,622,366.0,0,0.0,-2,2.0,0.1,417,142.0,0,0,0.0,665.0,257.0,0,0,0.0,568.0,196.0,0.0,0.0,0.0,38108,0,44572,236,0.0,0.0,0.0,0.0,0.0,0.0,0.0,0.0,0.0,0.0,0.0,655.0,247.0,0.0,651.0,252.0,0.0,628.0,241.0,0.0,657.0,249.0,,,,29,,Yunus Emre,Konak,Konak,has joined Oxford United on loan for the rest of the season.,,0,0,0,0,0,0,0,0,0,0,0,0,0,,,,0.0,0.0,0.0,0.0,0.0,0,0,0
136,a,100.0,100.0,7.2,33,13.0,0,0.0,12,-12.0,34.6,7,3.0,143,2,4.9,17.0,3.0,19,583,3.0,115.0,16.0,0.4,19.9,0.0,8794386,95540,4625848,82093,3.5,3.0,15.64,1.62,17.26,39.03,0.57,0.06,0.63,1.42,788.2,7.0,2.0,275.2,114.0,6.0,936.0,2.0,2.0,199.7,5.0,2.0,,,2.0,29,,Igor Thiago,Nascimento Rodrigues,Thiago,,,2472,18,1,7,38,0,0,1,6,0,0,28,151,,,,0.0,0.25,1.38,1.02,5.5,23,55,73
137,u,0.0,0.0,4.4,554,78.0,0,0.0,-1,1.0,0.3,319,51.0,0,0,0.0,678.0,70.0,0,0,0.0,589.0,57.0,0.0,0.0,0.0,52422,0,81496,248,0.0,0.0,0.0,0.0,0.0,0.0,0.0,0.0,0.0,0.0,0.0,670.0,70.0,0.0,665.0,69.0,0.0,645.0,69.0,0.0,672.0,70.0,,,,29,,Iwan,Morgan,Morgan,has joined Shrewsbury on loan for the rest of the season.,,0,0,0,0,0,0,0,0,0,0,0,0,0,,,,0.0,0.0,0.0,0.0,0.0,0,0,0
138,a,,,4.2,624,31.0,0,0.0,-3,3.0,0.2,351,49.0,0,0,0.0,637.0,87.0,0,0,0.0,520.0,81.0,0.0,0.0,0.0,10499,131,39579,202,0.0,-1.0,0.0,0.0,0.0,0.0,0.0,0.0,0.0,0.0,0.0,627.0,87.0,0.0,620.0,76.0,0.0,593.0,63.0,0.0,629.0,87.0,,,,29,,Jason,Steele,Steele,,,0,0,0,0,0,0,0,0,0,0,0,0,0,,,,0.0,0.0,0.0,0.0,0.0,0,0,0
428,a,100.0,100.0,5.0,280,173.0,0,0.0,0,0.0,0.0,719,298.0,0,0,0.0,793.0,349.0,0,0,0.0,753.0,324.0,0.0,0.0,0.0,225,10,2581,14,0.5,0.5,0.0,0.0,0.0,0.0,0.0,0.0,0.0,0.0,0.0,792.0,348.0,0.0,790.0,348.0,0.0,786.0,346.0,0.0,792.0,348.0,,,,29,,Sverre,Nypan,Nypan,,,0,0,0,0,0,0,0,0,0,0,0,0,0,,,,0.0,0.0,0.0,0.0,0.0,0,0,0
141,u,0.0,0.0,4.0,688,55.0,0,0.0,0,0.0,0.0,807,92.0,0,0,0.0,596.0,75.0,0,0,0.0,470.0,68.0,0.0,0.0,0.0,0,0,245,1,0.0,0.0,0.0,0.0,0.0,0.0,0.0,0.0,0.0,0.0,0.0,586.0,75.0,0.0,577.0,62.0,0.0,548.0,49.0,0.0,588.0,75.0,,,,29,,Carl,Rushworth,Rushworth,Has joined Coventry City on loan for the rest of the season.,,0,0,0,0,0,0,0,0,0,0,0,0,0,,,,0.0,0.0,0.0,0.0,0.0,0,0,0
143,a,,,4.2,630,143.0,0,0.0,-3,3.0,0.1,503,179.0,21,1,2.6,245.0,92.0,2,88,0.5,312.0,104.0,0.1,5.0,0.0,6499,101,12945,95,0.5,-0.5,0.05,0.31,0.36,5.37,0.01,0.06,0.07,1.1,122.0,334.0,128.0,46.4,349.0,121.0,12.0,397.0,144.0,18.1,381.0,136.0,,,,29,,Olivier,Boscagli,Boscagli,,,439,0,1,1,5,0,0,0,2,0,0,5,41,,,,0.0,0.21,1.03,1.03,8.41,10,31,34
144,u,0.0,0.0,4.2,644,153.0,0,0.0,-3,3.0,0.0,601,214.0,10,0,2.0,327.0,121.0,0,32,0.0,531.0,225.0,0.0,2.4,0.0,2735,0,8254,49,0.0,0.0,0.0,0.01,0.01,4.52,0.0,0.0,0.0,2.11,42.4,419.0,157.0,3.7,448.0,162.0,2.0,443.0,167.0,4.8,450.0,163.0,,,,29,,Diego,Coppola,Coppola,has joined Paris FC on loan for the rest of the season.,,193,0,0,1,3,0,0,0,2,0,0,2,19,,,,0.0,0.47,1.4,0.93,8.39,2,16,6
145,a,100.0,100.0,4.3,590,134.0,0,0.0,-2,2.0,1.7,150,57.0,60,0,2.6,247.0,94.0,6,226,0.5,316.0,108.0,0.1,14.0,0.0,254511,486,716232,2960,0.5,-0.5,1.55,2.15,3.7,20.72,0.12,0.17,0.29,1.65,215.0,258.0,105.0,319.7,83.0,19.0,132.0,210.0,50.0,66.7,184.0,61.0,3.0,1.0,,29,,Maxim,De Cuyper,De Cuyper,,,1131,2,0,4,18,0,0,0,2,0,0,14,74,,,,0.0,0.32,1.43,1.11,3.98,18,32,56
146,a,100.0,100.0,4.5,407,72.0,0,0.0,0,0.0,1.0,190,72.0,70,0,2.6,249.0,96.0,0,340,2.2,163.0,64.0,0.5,15.6,0.0,156166,1893,198194,1727,2.2,1.2,1.25,0.47,1.72,36.38,0.05,0.02,0.07,1.37,538.0,58.0,27.0,96.1,267.0,80.0,147.0,191.0,45.0,78.3,141.0,46.0,,3.0,,29,,Lewis,Dunk,Dunk,,,2385,0,1,5,34,0,0,0,9,0,0,26,243,,,,0.0,0.19,1.28,0.98,7.58,30,171,112
147,u,0.0,0.0,4.5,418,79.0,0,0.0,0,0.0,0.0,746,256.0,0,0,0.0,694.0,255.0,0,0,0.0,611.0,241.0,0.0,0.0,0.0,0,0,1984,3,0.0,0.0,0.0,0.0,0.0,0.0,0.0,0.0,0.0,0.0,0.0,688.0,255.0,0.0,683.0,255.0,0.0,664.0,254.0,0.0,690.0,255.0,,,,29,,Pervis,Estupiñán Tenorio,Estupiñan,Has joined AC Milan permanently,,0,0,0,0,0,0,0,0,0,0,0,0,0,,,,0.0,0.0,0.0,0.0,0.0,0,0,0
148,a,,,4.4,529,107.0,0,0.0,-1,1.0,0.3,302,111.0,76,1,2.7,228.0,89.0,4,358,3.2,89.0,31.0,0.7,17.3,0.0,80186,1496,66621,706,3.2,2.2,1.43,2.34,3.77,34.64,0.06,0.09,0.15,1.34,360.2,148.0,63.0,342.9,73.0,16.0,176.0,157.0,33.0,88.2,112.0,31.0,,,,29,,Ferdi,Kadıoğlu,F.Kadıoğlu,,,2320,0,2,6,31,0,0,0,6,0,0,25,154,,,,0.0,0.23,1.2,0.97,4.81,47,77,105
149,a,100.0,100.0,4.5,422,82.0,0,0.0,0,0.0,0.1,524,186.0,6,0,1.5,408.0,149.0,0,10,0.0,614.0,243.0,0.0,1.3,0.0,9165,147,10340,106,0.0,-1.0,0.0,0.0,0.0,4.66,0.0,0.0,0.0,4.07,25.8,437.0,162.0,10.6,418.0,152.0,0.0,667.0,256.0,3.6,457.0,165.0,,,,29,,Igor Julio,dos Santos de Paulo,Igor,,,103,0,0,0,3,0,0,0,0,0,0,1,13,,,,0.0,0.0,2.62,0.87,11.36,0,13,3
151,a,100.0,100.0,4.4,542,116.0,0,0.0,-1,1.0,3.9,91,32.0,107,2,4.0,59.0,23.0,7,416,5.0,44.0,14.0,1.1,24.3,0.0,998115,23867,653634,5678,5.0,4.0,2.05,1.14,3.18,36.3,0.08,0.04,0.12,1.36,765.2,8.0,3.0,181.3,181.0,44.0,228.0,109.0,14.0,117.8,51.0,7.0,,,,29,,Jan Paul,van Hecke,Van Hecke,,,2400,3,2,6,34,1,0,0,7,0,0,27,258,,,,0.0,0.23,1.27,1.01,8.55,39,189,80
152,a,100.0,100.0,4.3,574,122.0,0,0.0,-2,2.0,0.1,429,160.0,34,1,2.0,328.0,122.0,1,130,1.0,257.0,94.0,0.2,7.9,0.0,22177,179,36189,223,1.0,0.0,0.99,0.12,1.11,14.77,0.11,0.01,0.12,1.58,219.8,253.0,102.0,71.5,305.0,100.0,63.0,301.0,89.0,35.5,307.0,103.0,,,,29,,Joël,Veltman,Veltman,,,840,1,0,1,12,0,0,0,4,0,0,8,100,,,,0.0,0.11,1.29,0.86,9.43,28,60,34
161,u,0.0,0.0,5.4,172,106.0,0,0.0,-1,1.0,0.0,748,318.0,0,0,0.0,804.0,356.0,0,0,0.0,783.0,343.0,0.0,0.0,0.0,105,0,2958,3,0.0,0.0,0.0,0.0,0.0,0.0,0.0,0.0,0.0,0.0,0.0,803.0,355.0,0.0,802.0,355.0,0.0,800.0,354.0,0.0,803.0,355.0,,,,29,,Julio,Enciso Espínola,Enciso,has joined Strasbourg permanently.,,0,0,0,0,0,0,0,0,0,0,0,0,0,,,,0.0,0.0,0.0,0.0,0.0,0,0,0
162,u,0.0,0.0,5.4,177,110.0,0,0.0,-1,1.0,0.0,594,223.0,35,0,1.9,357.0,153.0,2,114,0.0,785.0,345.0,0.0,6.5,0.0,16799,0,19687,72,0.0,0.0,1.86,0.88,2.74,13.82,0.24,0.11,0.35,1.76,134.4,323.0,145.0,217.1,153.0,104.0,152.0,185.0,103.0,50.0,257.0,130.0,,,,29,,Brajan,Gruda,Gruda,has joined Leipzig on loan for the rest of the season.,,708,1,1,2,11,0,0,0,2,0,0,8,58,,,,0.0,0.25,1.4,1.02,7.37,14,4,40
163,a,100.0,100.0,5.1,242,147.0,0,0.0,-4,4.0,0.0,584,218.0,50,2,2.8,221.0,91.0,2,179,3.2,95.0,42.0,0.6,9.8,0.0,9849,168,17241,104,3.2,2.2,1.32,0.61,1.93,19.42,0.12,0.05,0.17,1.75,158.0,302.0,136.0,115.0,240.0,151.0,166.0,166.0,91.0,43.5,277.0,139.0,,,,29,,Jack,Hinshelwood,Hinshelwood,,,1001,1,4,2,16,1,0,0,0,0,0,11,84,,,,0.0,0.18,1.44,0.99,7.55,12,28,44
164,a,100.0,100.0,5.5,143,89.0,0,0.0,0,0.0,0.3,298,101.0,13,0,4.3,46.0,22.0,2,40,0.0,790.0,349.0,0.0,2.4,0.0,131929,142,199611,165,0.0,-1.0,1.21,0.18,1.39,2.33,0.59,0.09,0.68,1.13,61.6,398.0,174.0,67.4,310.0,174.0,63.0,303.0,164.0,19.2,375.0,177.0,5.0,,3.0,29,,Matt,O'Riley,O'Riley,,,185,1,0,1,2,0,0,0,0,0,0,2,9,,,,0.0,0.49,0.97,0.97,4.38,4,3,2
256,d,75.0,100.0,5.9,98,6.0,0,0.0,4,-4.0,8.1,44,16.0,109,1,5.2,10.0,2.0,8,386,3.0,112.0,41.0,0.5,18.5,0.0,3676309,11012,3784634,33571,2.2,3.0,1.99,3.33,5.32,24.47,0.1,0.17,0.27,1.24,438.8,91.0,41.0,302.3,95.0,21.0,285.0,86.0,7.0,102.5,84.0,18.0,,,,29,,Daniel,Muñoz Mejía,Muñoz,Shoulder injury - 75% chance of playing,,1779,3,3,9,20,0,0,0,5,0,0,21,182,,,,0.0,0.46,1.01,1.06,7.18,49,93,82
257,a,100.0,0.0,5.1,233,32.0,0,0.0,1,-1.0,4.5,79,26.0,119,0,4.4,40.0,15.0,7,412,1.5,223.0,84.0,0.3,23.3,0.0,1598704,15653,1252649,14383,1.5,0.0,1.87,0.73,2.6,34.22,0.07,0.03,0.1,1.29,627.2,32.0,13.0,79.5,299.0,95.0,217.0,117.0,18.0,92.4,99.0,26.0,,,,29,,Maxence,Lacroix,Lacroix,,,2395,1,2,9,34,0,0,0,3,1,0,27,307,,,,0.0,0.34,1.28,1.01,10.52,49,231,76
740,u,0.0,0.0,3.9,778,227.0,0,0.0,-1,1.0,0.0,621,220.0,0,0,0.0,569.0,206.0,0,0,0.0,440.0,169.0,0.0,0.0,0.0,3208,0,3875,28,0.0,0.0,0.0,0.0,0.0,0.0,0.0,0.0,0.0,0.0,0.0,559.0,206.0,0.0,547.0,206.0,0.0,517.0,201.0,0.0,561.0,206.0,,,,29,,Stephen,Mfuni,Mfuni,has joined Watford on loan for the rest of the season.,,0,0,0,0,0,0,0,0,0,0,0,0,0,,,,0.0,0.0,0.0,0.0,0.0,0,0,0
166,a,100.0,75.0,4.8,371,232.0,0,0.0,-2,2.0,0.4,273,94.0,83,0,3.8,81.0,38.0,7,348,0.0,708.0,293.0,0.0,17.3,0.0,199650,706,177993,1764,0.0,-0.8,2.54,1.07,3.61,24.61,0.13,0.06,0.19,1.29,311.4,183.0,74.0,215.0,156.0,107.0,206.0,124.0,73.0,73.4,154.0,81.0,,2.0,,29,,Yasin,Ayari,Ayari,,,1711,3,3,5,21,0,0,0,1,0,0,18,202,,,,0.0,0.26,1.1,0.95,10.63,43,47,112
172,u,0.0,0.0,4.8,373,234.0,0,0.0,-2,2.0,0.0,648,257.0,5,0,0.8,510.0,239.0,0,15,0.0,709.0,294.0,0.0,1.0,0.0,2397,0,4205,23,0.0,0.0,0.04,0.03,0.07,1.72,0.06,0.05,0.11,2.72,6.0,473.0,213.0,2.4,454.0,218.0,7.0,424.0,204.0,1.6,472.0,215.0,,,,29,,Tom,Watson,Watson,has joined Millwall on loan for the rest of the season.,,57,0,0,0,2,0,0,0,1,0,0,0,5,,,,0.0,0.0,3.16,0.0,7.89,1,0,4
173,a,100.0,100.0,4.9,332,206.0,0,0.0,-1,1.0,0.1,445,151.0,65,4,3.4,134.0,59.0,3,288,1.8,202.0,85.0,0.4,13.3,0.0,79765,116,78014,112,1.8,0.8,1.38,1.52,2.9,17.94,0.09,0.1,0.19,1.16,340.0,160.0,59.0,246.3,129.0,88.0,159.0,178.0,98.0,74.6,149.0,79.0,,,,29,,Mats,Wieffer,Wieffer,,,1389,0,4,4,19,0,0,0,6,0,0,16,213,,,,0.0,0.26,1.23,1.04,13.8,54,82,77
174,u,0.0,0.0,5.0,282,175.0,0,0.0,0,0.0,0.0,775,335.0,0,0,0.0,795.0,351.0,0,0,0.0,755.0,326.0,0.0,0.0,0.0,0,0,1266,2,0.0,0.0,0.0,0.0,0.0,0.0,0.0,0.0,0.0,0.0,0.0,794.0,350.0,0.0,792.0,350.0,0.0,788.0,348.0,0.0,794.0,350.0,,,,29,,Malick,Yalcouyé,Yalcouye,Has joined Swansea City on loan for the rest of the season.,,0,0,0,0,0,0,0,0,0,0,0,0,0,,,,0.0,0.0,0.0,0.0,0.0,0,0,0
742,a,,,4.5,500,309.0,0,0.0,0,0.0,0.0,732,306.0,0,0,0.0,747.0,315.0,0,0,0.0,676.0,270.0,0.0,0.0,0.0,1551,26,1298,18,0.5,0.5,0.0,0.0,0.0,0.0,0.0,0.0,0.0,0.0,0.0,746.0,314.0,0.0,740.0,314.0,0.0,727.0,310.0,0.0,746.0,314.0,,,,29,,Ryan,McAidoo,McAidoo,,,0,0,0,0,0,0,0,0,0,0,0,0,0,,,,0.0,0.0,0.0,0.0,0.0,0,0,0
433,u,0.0,0.0,4.0,721,65.0,0,0.0,0,0.0,0.0,810,94.0,0,0,0.0,622.0,84.0,0,0,0.0,500.0,77.0,0.0,0.0,0.0,0,0,251,1,0.0,0.0,0.0,0.0,0.0,0.0,0.0,0.0,0.0,0.0,0.0,612.0,84.0,0.0,604.0,72.0,0.0,576.0,59.0,0.0,614.0,84.0,,,,29,,Elyh,Harrison,Harrison,On loan to Shrewsbury Town,,0,0,0,0,0,0,0,0,0,0,0,0,0,,,,0.0,0.0,0.0,0.0,0.0,0,0,0
434,a,,,3.9,739,66.0,0,0.0,-1,1.0,0.2,348,48.0,0,0,0.0,539.0,37.0,0,0,0.0,408.0,28.0,0.0,0.0,0.0,15704,82,24769,241,0.5,0.5,0.0,0.0,0.0,0.0,0.0,0.0,0.0,0.0,0.0,529.0,37.0,0.0,515.0,19.0,0.0,485.0,6.0,0.0,531.0,37.0,,,,29,,Tom,Heaton,Heaton,,,0,0,0,0,0,0,0,0,0,0,0,0,0,,,,0.0,0.0,0.0,0.0,0.0,0,0,0
435,a,,,3.9,762,81.0,0,0.0,-1,1.0,0.1,481,72.0,0,0,0.0,555.0,51.0,0,0,0.0,426.0,42.0,0.0,0.0,0.0,5473,46,8709,74,0.5,0.5,0.0,0.0,0.0,0.0,0.0,0.0,0.0,0.0,0.0,545.0,51.0,0.0,532.0,34.0,0.0,502.0,21.0,0.0,547.0,51.0,,,,29,,Dermot,Mee,Mee,,,0,0,0,0,0,0,0,0,0,0,0,0,0,,,,0.0,0.0,0.0,0.0,0.0,0,0,0
175,u,0.0,0.0,4.4,560,335.0,0,0.0,-1,1.0,0.1,533,194.0,1,0,1.0,471.0,209.0,0,3,0.0,595.0,210.0,0.0,0.2,0.0,11030,0,15003,92,0.0,0.0,0.0,0.0,0.0,0.0,0.0,0.0,0.0,0.0,0.0,675.0,259.0,0.0,670.0,263.0,0.0,650.0,254.0,0.0,677.0,261.0,,,,29,,Joe,Knight,Knight,has joined Stevenage permanently.,,1,0,0,0,0,0,0,0,0,0,0,0,0,,,,0.0,0.0,0.0,0.0,0.0,0,0,0
176,u,0.0,0.0,4.5,462,281.0,0,0.0,0,0.0,0.0,688,281.0,0,0,0.0,721.0,296.0,0,0,0.0,643.0,244.0,0.0,0.0,0.0,1435,0,4595,3,0.0,0.0,0.0,0.0,0.0,0.0,0.0,0.0,0.0,0.0,0.0,716.0,291.0,0.0,712.0,293.0,0.0,696.0,286.0,0.0,717.0,292.0,,,,29,,Adrian,Mazilu,Mazilu,has joined Dinamo Bucharest permanently.,,0,0,0,0,0,0,0,0,0,0,0,0,0,,,,0.0,0.0,0.0,0.0,0.0,0,0,0
177,u,0.0,0.0,4.5,452,271.0,0,0.0,0,0.0,0.0,703,288.0,0,0,0.0,713.0,288.0,0,0,0.0,635.0,236.0,0.0,0.0,0.0,490,0,5105,5,0.0,0.0,0.0,0.0,0.0,0.0,0.0,0.0,0.0,0.0,0.0,708.0,283.0,0.0,704.0,285.0,0.0,688.0,278.0,0.0,709.0,284.0,,,,29,,Andrew,Moran,Moran,Has joined Los Angeles FC on loan for the rest of the season.,,0,0,0,0,0,0,0,0,0,0,0,0,0,,,,0.0,0.0,0.0,0.0,0.0,0,0,0
178,a,100.0,100.0,6.1,80,25.0,0,0.0,-4,4.0,3.8,93,16.0,92,1,3.3,150.0,14.0,14,356,5.2,37.0,3.0,0.9,15.1,0.0,2042566,18978,2153897,10053,5.2,4.2,9.1,1.05,10.15,23.82,0.5,0.06,0.56,1.3,407.4,115.0,10.0,233.1,137.0,9.0,482.0,28.0,15.0,111.6,67.0,14.0,,4.0,2.0,29,,Danny,Welbeck,Welbeck,,,1645,10,0,6,21,0,0,2,4,0,0,18,77,,,,0.0,0.33,1.15,0.98,4.21,18,25,34
181,a,,,4.8,375,64.0,0,0.0,-2,2.0,0.3,296,47.0,30,0,1.9,349.0,40.0,3,117,0.2,363.0,45.0,0.0,6.2,0.0,55400,330,75733,824,0.2,-0.8,1.7,0.23,1.93,4.62,0.52,0.07,0.59,1.42,129.6,327.0,31.0,80.0,297.0,32.0,192.0,143.0,36.0,40.1,294.0,33.0,,,,29,,Charalampos,Kostoulas,Kostoulas,,,292,2,1,1,7,0,0,0,2,0,0,2,38,,,,0.0,0.31,2.16,0.62,11.71,11,5,22
795,a,,,4.5,489,301.0,0,0.0,0,0.0,0.0,772,332.0,4,1,1.3,430.0,191.0,0,11,0.5,322.0,146.0,0.1,0.9,0.0,744,50,273,25,0.5,-0.5,0.0,0.03,0.03,1.04,0.0,0.03,0.03,1.02,10.2,462.0,206.0,5.1,442.0,213.0,2.0,451.0,221.0,1.8,469.0,213.0,,,,29,,Harry,Howell,Howell,,,92,0,0,0,2,0,0,0,0,0,0,1,7,,,,0.0,0.0,1.96,0.98,6.85,1,3,3
220,a,100.0,100.0,4.9,311,12.0,0,0.0,-1,1.0,13.5,24,3.0,97,0,3.6,108.0,14.0,7,435,1.2,243.0,18.0,0.2,19.8,0.0,1683391,7058,2872487,36387,1.7,1.7,0.0,0.04,0.04,35.72,0.0,0.0,0.0,1.37,618.4,35.0,9.0,50.0,340.0,1.0,0.0,760.0,87.0,66.4,188.0,7.0,,,,29,,Robert,Lynch Sánchez,Sánchez,,,2344,0,1,9,32,0,0,0,3,1,71,27,89,,,,2.73,0.35,1.23,1.04,0.0,2,22,234
221,a,100.0,100.0,4.3,604,29.0,0,0.0,-2,2.0,0.2,396,57.0,6,3,2.0,329.0,29.0,0,35,0.8,277.0,22.0,0.2,1.4,0.0,15743,691,27169,110,1.3,1.3,0.0,0.0,0.0,3.56,0.0,0.0,0.0,1.21,59.6,401.0,30.0,0.0,639.0,81.0,0.0,616.0,70.0,5.9,439.0,30.0,,,,29,,Filip,Jörgensen,Jörgensen,,,264,0,0,0,4,0,0,0,0,0,6,2,7,,,,2.05,0.0,1.36,0.68,0.0,0,3,23
222,u,0.0,0.0,4.0,712,64.0,0,0.0,0,0.0,0.0,801,91.0,0,0,0.0,614.0,83.0,0,0,0.0,491.0,76.0,0.0,0.0,0.0,0,0,341,0,0.0,0.0,0.0,0.0,0.0,0.0,0.0,0.0,0.0,0.0,0.0,604.0,83.0,0.0,596.0,71.0,0.0,568.0,58.0,0.0,606.0,83.0,,,,29,,Mike,Penders,Penders,Has joined RC Strasbourg on loan for the rest of the season.,,0,0,0,0,0,0,0,0,0,0,0,0,0,,,,0.0,0.0,0.0,0.0,0.0,0,0,0
223,a,,,3.9,764,82.0,0,0.0,-1,1.0,0.1,461,70.0,0,0,0.0,557.0,52.0,0,0,0.0,428.0,43.0,0.0,0.0,0.0,10071,52,12678,94,0.5,0.5,0.0,0.0,0.0,0.0,0.0,0.0,0.0,0.0,0.0,547.0,52.0,0.0,534.0,35.0,0.0,504.0,22.0,0.0,549.0,52.0,,,,29,,Gabriel,Słonina,Slonina,,,0,0,0,0,0,0,0,0,0,0,0,0,0,,,,0.0,0.0,0.0,0.0,0.0,0,0,0
224,a,100.0,50.0,6.0,88,5.0,0,0.0,0,0.0,13.7,23,8.0,91,1,3.6,112.0,39.0,5,416,0.5,338.0,115.0,0.1,15.2,0.0,2725379,8552,3696118,15761,1.0,0.5,1.64,2.88,4.52,27.97,0.08,0.14,0.22,1.33,434.0,93.0,43.0,395.2,56.0,9.0,194.0,140.0,26.0,102.3,86.0,19.0,,,,29,,Marc,Cucurella Saseta,Cucurella,,,1896,1,3,9,21,0,0,0,5,1,0,22,178,,,,0.0,0.43,1.0,1.04,6.69,43,98,85
225,a,100.0,100.0,5.6,129,13.0,0,0.0,1,-1.0,8.3,42,15.0,111,2,4.3,47.0,18.0,11,466,3.5,87.0,30.0,0.6,19.8,0.0,2146469,24096,1896437,10255,4.0,4.0,0.9,2.69,3.59,26.83,0.04,0.13,0.17,1.34,428.6,101.0,45.0,414.4,44.0,4.0,98.0,247.0,67.0,94.3,96.0,25.0,2.0,2.0,,29,,Reece,James,James,,,1802,2,6,8,19,0,0,0,4,0,0,19,160,,,,0.0,0.4,0.95,0.95,6.04,47,74,91
226,a,100.0,100.0,5.6,125,12.0,0,0.0,6,-6.0,18.6,18,6.0,129,2,4.6,30.0,11.0,7,486,2.0,190.0,73.0,0.4,23.0,0.0,4794902,10149,2802735,77980,2.5,2.5,1.14,0.99,2.13,34.74,0.04,0.04,0.08,1.27,662.2,22.0,8.0,93.8,272.0,82.0,145.0,194.0,46.0,90.0,107.0,29.0,,,,29,,Trevoh,Chalobah,Chalobah,,,2460,3,1,9,33,0,0,0,3,1,0,28,278,,,,0.0,0.33,1.21,1.02,9.0,34,212,106
227,i,0.0,0.0,4.7,388,65.0,0,0.0,-3,3.0,0.1,470,171.0,0,0,0.0,760.0,260.0,0,0,0.0,695.0,249.0,0.0,0.0,0.0,1217,20,30684,35,0.0,0.0,0.0,0.0,0.0,0.0,0.0,0.0,0.0,0.0,0.0,759.0,260.0,0.0,754.0,260.0,0.0,746.0,260.0,0.0,759.0,260.0,,,,29,,Levi,Samuels Colwill,Colwill,Anterior cruciate ligament - Unknown return date,,0,0,0,0,0,0,0,0,0,0,0,0,0,,,,0.0,0.0,0.0,0.0,0.0,0,0,0
228,a,100.0,100.0,4.9,334,54.0,0,0.0,-1,1.0,1.9,140,54.0,89,5,3.4,135.0,51.0,7,351,3.0,107.0,40.0,0.6,18.2,0.0,479533,4119,477938,3508,3.5,3.5,1.46,1.84,3.3,26.32,0.08,0.1,0.18,1.44,346.8,155.0,68.0,290.4,101.0,24.0,162.0,172.0,38.0,79.9,137.0,42.0,,,,29,,Malo,Gusto,Gusto,,,1644,2,3,7,21,0,0,0,2,1,0,18,123,,,,0.0,0.38,1.15,0.99,5.09,42,51,96
690,a,100.0,100.0,4.4,565,338.0,0,0.0,-1,1.0,0.3,338,114.0,0,0,0.0,686.0,268.0,0,0,0.0,599.0,212.0,0.0,0.0,0.0,58150,49,55602,104,0.0,0.0,0.0,0.0,0.0,0.0,0.0,0.0,0.0,0.0,0.0,679.0,261.0,0.0,674.0,265.0,0.0,654.0,256.0,0.0,681.0,263.0,,,,29,,Rio,Cardines,Cardines,,,0,0,0,0,0,0,0,0,0,0,0,0,0,,,,0.0,0.0,0.0,0.0,0.0,0,0,0
463,u,0.0,0.0,4.3,620,364.0,0,0.0,-2,2.0,0.1,516,186.0,0,0,0.0,663.0,255.0,0,0,0.0,566.0,194.0,0.0,0.0,0.0,9069,0,13359,97,0.0,0.0,0.0,0.0,0.0,0.0,0.0,0.0,0.0,0.0,0.0,653.0,245.0,0.0,649.0,250.0,0.0,626.0,239.0,0.0,655.0,247.0,,,,29,,Sékou,Koné,Kone,has joined Lausanne-Sport on loan for the rest of the season.,,0,0,0,0,0,0,0,0,0,0,0,0,0,,,,0.0,0.0,0.0,0.0,0.0,0,0,0
464,u,0.0,0.0,4.5,469,286.0,0,0.0,0,0.0,0.0,695,284.0,0,0,0.0,725.0,299.0,0,0,0.0,649.0,249.0,0.0,0.0,0.0,723,0,2857,4,0.0,0.0,0.0,0.0,0.0,0.0,0.0,0.0,0.0,0.0,0.0,722.0,296.0,0.0,717.0,297.0,0.0,702.0,291.0,0.0,723.0,297.0,,,,29,,Jack,Moorhouse,Moorhouse,has joined Leyton Orient on loan for the rest of the season.,,0,0,0,0,0,0,0,0,0,0,0,0,0,,,,0.0,0.0,0.0,0.0,0.0,0,0,0
229,a,100.0,100.0,4.4,534,112.0,0,0.0,-1,1.0,0.0,631,225.0,7,0,0.9,505.0,174.0,0,48,0.0,575.0,237.0,0.0,1.6,0.0,8906,45,9104,121,0.5,0.5,0.0,0.06,0.06,7.41,0.0,0.01,0.01,1.42,102.8,351.0,133.0,7.9,433.0,156.0,2.0,447.0,168.0,11.4,413.0,148.0,,,,29,,Benoît,Badiashile Mukinayi,B.Badiashile,,,470,0,0,0,10,0,0,0,2,0,0,6,51,,,,0.0,0.0,1.91,1.15,9.19,7,41,16
230,a,100.0,100.0,4.4,538,115.0,0,0.0,-1,1.0,0.3,295,110.0,50,2,2.9,196.0,75.0,3,238,0.5,318.0,110.0,0.1,11.4,0.0,111692,894,104032,904,1.0,1.0,0.5,0.55,1.05,15.73,0.04,0.04,0.08,1.29,325.8,175.0,72.0,46.9,347.0,119.0,34.0,351.0,116.0,40.6,291.0,95.0,,,,29,,Wesley,Fofana,Fofana,,,1101,0,1,4,12,0,0,0,2,1,0,12,143,,,,0.0,0.33,0.98,0.98,11.04,15,120,58
255,a,,,3.9,750,76.0,0,0.0,-1,1.0,0.1,471,71.0,0,0,0.0,548.0,46.0,0,0,0.0,418.0,37.0,0.0,0.0,0.0,6127,92,8667,76,0.0,0.0,0.0,0.0,0.0,0.0,0.0,0.0,0.0,0.0,0.0,538.0,46.0,0.0,525.0,29.0,0.0,495.0,16.0,0.0,540.0,46.0,,,,29,,Remi,Matthews,Matthews,,,0,0,0,0,0,0,0,0,0,0,0,0,0,,,,0.0,0.0,0.0,0.0,0.0,0,0,0
259,a,100.0,100.0,4.8,360,60.0,0,0.0,-2,2.0,0.1,440,165.0,5,0,1.0,488.0,173.0,0,10,0.0,702.0,251.0,0.0,1.0,0.0,11179,356,18362,174,0.0,0.0,0.0,0.06,0.06,0.83,0.0,0.1,0.1,1.41,11.0,457.0,166.0,12.2,413.0,151.0,4.0,434.0,161.0,2.7,462.0,167.0,,,,29,,Borna,Sosa,Sosa,,,53,0,0,0,1,0,0,0,0,0,0,0,8,,,,0.0,0.0,1.7,0.0,11.89,3,4,1
261,a,100.0,100.0,4.4,536,114.0,0,0.0,-1,1.0,2.6,116,46.0,104,4,4.2,49.0,19.0,3,382,2.8,120.0,45.0,0.6,23.6,0.0,944085,9379,796351,3655,2.8,2.8,1.09,1.32,2.41,32.47,0.04,0.05,0.09,1.3,605.6,37.0,15.0,119.1,230.0,61.0,135.0,205.0,48.0,86.2,118.0,36.0,,,,29,,Chris,Richards,Richards,,,2242,1,0,9,31,0,0,0,3,0,0,25,267,,,,0.0,0.36,1.24,1.0,10.24,50,205,49
262,a,100.0,100.0,4.0,705,184.0,0,0.0,0,0.0,0.0,595,212.0,14,2,2.3,295.0,111.0,0,58,2.2,159.0,60.0,0.6,3.5,0.0,5692,476,3424,130,2.2,2.2,0.11,0.05,0.16,4.33,0.03,0.01,0.04,1.25,63.8,395.0,151.0,21.3,392.0,142.0,14.0,392.0,141.0,9.9,416.0,149.0,,,,29,,Chadi,Riad Dnanou,Chadi Riad,,,312,0,1,1,3,0,0,0,2,0,0,3,18,,,,0.0,0.29,0.87,0.87,5.19,4,14,12
263,a,100.0,100.0,3.8,784,232.0,0,0.0,-2,2.0,0.6,245,93.0,15,1,1.9,341.0,125.0,2,49,0.2,343.0,118.0,0.1,3.9,0.0,90780,562,103270,716,0.2,0.2,0.43,0.6,1.03,7.31,0.08,0.11,0.19,1.33,80.6,383.0,145.0,53.5,335.0,115.0,33.0,354.0,118.0,16.6,385.0,137.0,,,,29,,Nathaniel,Clyne,Clyne,,,494,0,1,0,9,0,0,0,1,0,0,6,39,,,,0.0,0.0,1.64,1.09,7.11,14,25,16
265,a,100.0,100.0,4.0,723,198.0,0,0.0,0,0.0,0.0,702,245.0,0,0,0.0,624.0,237.0,0,0,0.0,502.0,205.0,0.0,0.0,0.0,843,57,2331,25,0.0,0.0,0.0,0.0,0.0,0.0,0.0,0.0,0.0,0.0,0.0,614.0,237.0,0.0,606.0,237.0,0.0,578.0,234.0,0.0,616.0,237.0,,,,29,,Caleb,Kporha,Kporha,,,0,0,0,0,0,0,0,0,0,0,0,0,0,,,,0.0,0.0,0.0,0.0,0.0,0,0,0
267,a,100.0,100.0,6.3,68,46.0,0,0.0,-2,2.0,3.8,94,31.0,90,15,4.7,24.0,13.0,9,282,5.2,41.0,20.0,0.8,14.3,0.0,2591082,47701,2736129,4831,5.2,5.2,7.98,0.69,8.66,23.65,0.44,0.04,0.48,1.3,377.0,135.0,46.0,198.4,169.0,115.0,396.0,49.0,30.0,97.3,91.0,55.0,,,3.0,29,,Ismaïla,Sarr,Sarr,,,1636,7,1,8,19,0,0,0,2,0,0,19,111,,,,0.0,0.44,1.05,1.05,6.11,17,36,58
268,i,0.0,0.0,4.9,326,202.0,0,0.0,-1,1.0,0.0,794,349.0,0,0,0.0,775.0,336.0,0,0,0.0,727.0,307.0,0.0,0.0,0.0,438,11,657,6,0.0,0.0,0.0,0.0,0.0,0.0,0.0,0.0,0.0,0.0,0.0,774.0,335.0,0.0,770.0,335.0,0.0,765.0,333.0,0.0,774.0,335.0,,,,29,,Cheick,Doucouré,Doucouré,Knee injury - Unknown return date,,0,0,0,0,0,0,0,0,0,0,0,0,0,,,,0.0,0.0,0.0,0.0,0.0,0,0,0
269,u,0.0,0.0,4.7,395,247.0,0,0.0,-3,3.0,0.1,454,155.0,4,0,1.0,486.0,222.0,0,12,0.0,697.0,285.0,0.0,0.9,0.0,11622,0,28766,72,0.0,0.0,0.0,0.04,0.04,1.74,0.0,0.09,0.09,3.92,6.8,469.0,211.0,2.7,451.0,217.0,6.0,426.0,206.0,1.5,476.0,218.0,,,,29,,Romain,Esse,Esse,has joined Coventry City on loan for the rest of the season.,,40,0,0,0,0,0,0,0,0,0,0,0,5,,,,0.0,0.0,0.0,0.0,11.25,3,0,2
270,a,100.0,100.0,4.7,377,236.0,0,0.0,-3,3.0,0.1,468,161.0,39,1,1.5,409.0,180.0,0,187,0.8,282.0,128.0,0.2,8.3,0.0,21365,169,24842,241,0.8,0.8,1.11,1.66,2.77,19.08,0.08,0.12,0.2,1.39,162.2,299.0,134.0,285.8,107.0,77.0,86.0,264.0,144.0,53.5,237.0,118.0,1.0,,,29,,Will,Hughes,Hughes,,,1231,0,1,5,13,0,0,0,6,0,0,14,121,,,,0.0,0.37,0.95,1.02,8.85,24,43,54
271,a,100.0,100.0,5.0,251,152.0,0,0.0,0,0.0,0.1,525,191.0,52,2,2.7,234.0,96.0,0,250,1.5,221.0,93.0,0.3,10.4,0.0,43911,161,42976,82,1.5,1.5,1.42,2.07,3.49,18.25,0.09,0.13,0.22,1.12,177.2,284.0,123.0,243.2,131.0,90.0,136.0,204.0,115.0,55.8,228.0,113.0,,,,29,,Daichi,Kamada,Kamada,,,1469,0,2,6,17,0,0,0,2,0,0,17,159,,,,0.0,0.37,1.04,1.04,9.74,48,29,82
272,a,100.0,0.0,4.9,291,180.0,0,0.0,-1,1.0,0.1,546,198.0,51,0,2.2,308.0,134.0,3,205,0.2,364.0,164.0,0.0,10.4,0.0,11996,53,14647,144,0.2,0.0,1.01,0.91,1.92,14.61,0.08,0.07,0.15,1.14,215.6,257.0,107.0,152.9,202.0,130.0,174.0,160.0,88.0,54.3,229.0,114.0,,,,29,,Jefferson,Lerma Solís,Lerma,,,1156,0,4,5,15,1,0,0,6,0,0,12,147,,,,0.0,0.39,1.17,0.93,11.44,18,64,65
279,u,0.0,0.0,4.5,461,280.0,0,0.0,0,0.0,0.0,769,329.0,0,0,0.0,720.0,295.0,0,0,0.0,642.0,243.0,0.0,0.0,0.0,95,0,1648,2,0.0,0.0,0.0,0.0,0.0,0.0,0.0,0.0,0.0,0.0,0.0,715.0,290.0,0.0,711.0,292.0,0.0,695.0,285.0,0.0,716.0,291.0,,,,29,,Matheus,França de Oliveira,M.França,Has joined CR Vasco da Gama on loan for the rest of the season.,,0,0,0,0,0,0,0,0,0,0,0,0,0,,,,0.0,0.0,0.0,0.0,0.0,0,0,0
280,u,0.0,0.0,4.5,456,275.0,0,0.0,0,0.0,0.0,812,361.0,0,0,0.0,717.0,292.0,0,0,0.0,639.0,240.0,0.0,0.0,0.0,0,0,191,0,0.0,0.0,0.0,0.0,0.0,0.0,0.0,0.0,0.0,0.0,0.0,712.0,287.0,0.0,708.0,289.0,0.0,692.0,282.0,0.0,713.0,288.0,,,,29,,David,Ozoh,Ozoh,Has joined Derby County on loan for the rest of the season.,,0,0,0,0,0,0,0,0,0,0,0,0,0,,,,0.0,0.0,0.0,0.0,0.0,0,0,0
654,a,100.0,100.0,6.1,82,26.0,0,0.0,-4,4.0,2.1,136,22.0,61,5,2.3,301.0,32.0,3,183,5.2,38.0,4.0,0.9,10.0,0.0,459988,17154,721692,8400,5.2,5.2,4.16,0.67,4.83,27.62,0.21,0.03,0.24,1.38,242.2,233.0,20.0,163.8,191.0,18.0,384.0,53.0,21.0,77.8,143.0,19.0,,,,29,,Jørgen,Strand Larsen,Strand Larsen,,,1806,4,1,5,31,0,0,1,4,0,0,19,75,,,,0.0,0.25,1.54,0.95,3.74,7,41,27
677,a,100.0,100.0,6.2,77,50.0,0,0.0,-3,3.0,0.1,576,214.0,39,2,2.2,315.0,139.0,0,132,2.5,155.0,62.0,0.4,6.3,0.0,10523,489,13426,240,2.5,2.5,1.52,0.73,2.25,11.62,0.17,0.08,0.25,1.32,154.8,304.0,137.0,72.9,303.0,172.0,167.0,165.0,90.0,39.1,297.0,147.0,,,,29,,Evann,Guessand,Guessand,,,790,1,3,1,15,0,0,0,0,0,0,8,77,,,,0.0,0.11,1.71,0.91,8.77,24,12,41
798,u,0.0,0.0,4.0,701,182.0,0,0.0,0,0.0,0.0,804,265.0,0,0,0.0,607.0,225.0,0,0,0.0,483.0,191.0,0.0,0.0,0.0,142,0,175,5,0.0,0.0,0.0,0.0,0.0,0.0,0.0,0.0,0.0,0.0,0.0,597.0,225.0,0.0,588.0,225.0,0.0,559.0,221.0,0.0,599.0,225.0,,,,29,,Danny,Imray,Imray,has joined West Brom on loan for the rest of the season.,,0,0,0,0,0,0,0,0,0,0,0,0,0,,,,0.0,0.0,0.0,0.0,0.0,0,0,0
242,a,100.0,100.0,5.1,229,141.0,1,-1.0,1,-1.0,5.0,70,24.0,112,9,5.1,12.0,7.0,14,435,5.2,34.0,16.0,1.0,22.0,0.0,1976175,49236,1875808,10475,4.2,5.7,3.03,3.99,7.02,25.5,0.15,0.2,0.35,1.26,431.8,97.0,33.0,431.9,42.0,39.0,296.0,83.0,52.0,116.0,56.0,37.0,2.0,,,29,,Kiernan,Dewsbury-Hall,Dewsbury-Hall,,,1828,6,5,7,23,0,0,0,6,0,0,21,159,,,,0.0,0.34,1.13,1.03,7.83,36,34,89
290,a,100.0,100.0,5.3,197,23.0,0,0.0,-2,2.0,0.4,269,100.0,24,6,3.4,137.0,52.0,0,84,5.2,35.0,13.0,1.0,4.5,0.0,48242,4784,77093,3128,4.2,5.7,0.28,0.09,0.37,5.41,0.05,0.02,0.07,0.99,121.2,335.0,129.0,31.6,377.0,134.0,74.0,290.0,84.0,22.7,362.0,125.0,,,,29,,Jarrad,Branthwaite,Branthwaite,,,490,1,1,1,6,0,0,0,1,0,0,5,42,,,,0.0,0.18,1.1,0.92,7.71,9,33,20
293,a,100.0,100.0,4.9,338,56.0,0,0.0,-1,1.0,0.7,224,85.0,93,6,3.3,146.0,55.0,2,322,1.2,245.0,90.0,0.2,19.0,0.0,169361,797,162494,2259,0.2,1.7,0.83,0.83,1.66,39.05,0.03,0.03,0.06,1.49,445.6,87.0,38.0,224.5,145.0,38.0,126.0,217.0,53.0,79.9,138.0,43.0,,,,29,,Jake,O'Brien,O'Brien,,,2366,0,2,9,31,0,0,0,2,1,0,26,207,,,,0.0,0.34,1.18,0.99,6.81,48,131,89
294,d,50.0,0.0,4.2,625,140.0,0,0.0,-3,3.0,0.1,490,174.0,3,0,1.0,461.0,170.0,0,10,0.0,521.0,219.0,0.0,0.7,0.0,6335,18,17889,188,-0.5,0.0,0.0,0.0,0.0,0.24,0.0,0.0,0.0,1.96,0.0,628.0,248.0,0.1,483.0,176.0,0.0,594.0,246.0,0.0,630.0,248.0,,,,29,,Séamus,Coleman,Coleman,Knock - 50% chance of playing,,11,0,0,0,0,0,0,0,0,0,0,1,0,,,,0.0,0.0,0.0,8.18,0.0,0,0,1
295,a,100.0,100.0,4.6,397,66.0,0,0.0,1,-1.0,3.4,101,36.0,107,1,4.3,44.0,16.0,8,334,1.2,241.0,89.0,0.3,23.3,0.0,1425947,3532,1066061,22276,0.2,1.7,1.91,0.19,2.1,33.49,0.09,0.01,0.1,1.54,585.0,41.0,16.0,28.5,378.0,135.0,228.0,110.0,15.0,84.1,124.0,38.0,,,,29,,Michael,Keane,Keane,,,1955,3,0,6,28,0,0,0,0,1,0,22,260,,,,0.0,0.28,1.29,1.01,10.59,27,203,71
296,a,100.0,100.0,4.4,535,113.0,0,0.0,-1,1.0,0.0,626,223.0,21,0,3.5,115.0,40.0,0,68,0.0,576.0,238.0,0.0,4.8,0.0,5790,49,6596,132,-1.0,0.5,0.03,0.04,0.07,3.55,0.01,0.02,0.03,1.35,63.6,396.0,152.0,6.4,437.0,157.0,17.0,390.0,140.0,8.6,427.0,154.0,,,,29,,Nathan,Patterson,Patterson,,,237,0,0,2,1,0,0,0,0,0,0,3,30,,,,0.0,0.76,0.38,1.14,11.39,10,20,14
297,u,0.0,0.0,3.8,799,246.0,0,0.0,-2,2.0,0.2,400,148.0,0,0,0.0,528.0,190.0,0,0,0.0,394.0,148.0,0.0,0.0,0.0,9298,0,21594,184,0.0,0.0,0.0,0.0,0.0,0.0,0.0,0.0,0.0,0.0,0.0,518.0,190.0,0.0,503.0,189.0,0.0,472.0,183.0,0.0,520.0,190.0,,,,29,,Roman,Dixon,Dixon,has joined Stockport County on loan for the rest of the season.,,0,0,0,0,0,0,0,0,0,0,0,0,0,,,,0.0,0.0,0.0,0.0,0.0,0,0,0
298,a,,,3.8,796,243.0,0,0.0,-2,2.0,0.1,421,155.0,0,0,0.0,526.0,188.0,0,0,0.0,391.0,145.0,0.0,0.0,0.0,7782,105,15010,132,-1.0,0.5,0.0,0.0,0.0,0.0,0.0,0.0,0.0,0.0,0.0,516.0,188.0,0.0,501.0,187.0,0.0,470.0,181.0,0.0,518.0,188.0,,,,29,,Reece,Welch,Welch,,,0,0,0,0,0,0,0,0,0,0,0,0,0,,,,0.0,0.0,0.0,0.0,0.0,0,0,0
299,a,100.0,100.0,6.2,75,49.0,0,0.0,-3,3.0,4.3,85,27.0,100,6,4.3,48.0,23.0,5,418,5.2,39.0,18.0,0.8,16.1,0.0,1751312,11650,2522281,10831,4.2,5.7,4.44,4.13,8.57,27.67,0.2,0.19,0.39,1.26,471.4,81.0,26.0,358.0,69.0,53.0,397.0,46.0,28.0,122.9,46.0,33.0,,,1.0,29,,Iliman,Ndiaye,Ndiaye,,,1973,5,3,7,27,0,0,0,2,0,0,23,216,,,,0.0,0.32,1.23,1.05,9.85,52,27,137
300,a,,,5.5,145,90.0,0,0.0,-5,5.0,0.1,413,141.0,40,5,2.5,274.0,117.0,1,141,2.8,129.0,54.0,0.5,7.3,0.0,33161,198,63801,375,1.8,3.3,0.73,0.76,1.49,13.2,0.08,0.09,0.17,1.52,104.2,350.0,157.0,148.8,204.0,132.0,100.0,244.0,135.0,35.4,309.0,150.0,,,,29,,Dwight,McNeil,McNeil,,,781,0,3,4,5,0,0,0,1,0,0,9,77,,,,0.0,0.46,0.58,1.04,8.87,16,16,45
301,i,0.0,0.0,5.2,215,133.0,0,0.0,-3,3.0,0.1,521,189.0,26,0,1.6,397.0,172.0,0,111,0.0,766.0,332.0,0.0,5.0,0.0,17063,6,29842,146,0.0,0.0,1.04,0.44,1.48,13.03,0.14,0.06,0.2,1.76,83.0,374.0,167.0,144.5,206.0,134.0,156.0,180.0,100.0,38.4,299.0,148.0,,,,29,,Carlos,Alcaraz Durán,Alcaraz,Knock - Expected back 21 Mar,,667,0,1,3,8,0,0,0,3,0,0,6,64,,,,0.0,0.4,1.08,0.81,8.64,13,10,41
304,a,100.0,100.0,4.8,368,230.0,0,0.0,-2,2.0,0.0,617,239.0,53,1,2.5,269.0,113.0,1,168,0.8,284.0,129.0,0.2,11.0,0.0,5757,47,6663,76,-0.2,1.3,0.37,0.59,0.96,17.02,0.03,0.05,0.08,1.51,168.6,292.0,128.0,81.2,294.0,171.0,48.0,324.0,171.0,29.6,338.0,163.0,,,,29,,Tim,Iroegbunam,Iroegbunam,,,1015,0,3,7,10,0,0,0,8,0,0,12,134,,,,0.0,0.62,0.89,1.06,11.88,46,29,59
305,a,100.0,100.0,4.5,495,305.0,0,0.0,0,0.0,0.1,495,177.0,18,0,1.8,369.0,157.0,0,75,1.0,259.0,115.0,0.2,4.0,0.0,12206,299,18070,365,0.0,1.5,0.79,0.21,1.0,8.84,0.14,0.04,0.18,1.62,58.4,405.0,178.0,66.3,312.0,175.0,78.0,278.0,151.0,20.4,369.0,175.0,,,,29,,Harrison,Armstrong,Armstrong,,,491,0,0,1,8,0,0,0,0,0,0,6,50,,,,0.0,0.18,1.47,1.1,9.16,13,13,24
309,u,0.0,0.0,4.5,447,268.0,0,0.0,0,0.0,0.0,818,366.0,0,0,0.0,710.0,285.0,0,0,0.0,631.0,233.0,0.0,0.0,0.0,0,0,113,0,0.0,0.0,0.0,0.0,0.0,0.0,0.0,0.0,0.0,0.0,0.0,705.0,280.0,0.0,701.0,282.0,0.0,685.0,275.0,0.0,706.0,281.0,,,,29,,Jenson,Metcalfe,Metcalfe,Has joined Bradford City permanently.,,0,0,0,0,0,0,0,0,0,0,0,0,0,,,,0.0,0.0,0.0,0.0,0.0,0,0,0
310,a,,,5.7,120,33.0,0,0.0,-3,3.0,1.0,188,29.0,74,1,2.6,257.0,27.0,7,225,2.8,131.0,18.0,0.5,13.0,0.0,296951,2172,261714,11383,1.8,3.3,6.13,0.37,6.5,25.83,0.35,0.02,0.37,1.45,247.4,229.0,19.0,169.4,187.0,17.0,418.0,42.0,17.0,81.2,134.0,18.0,,,,29,,Thierno,Barry,Barry,,,1599,6,0,7,22,0,0,0,3,0,0,19,57,,,,0.0,0.39,1.24,1.07,3.21,3,26,28
311,a,,,5.0,268,55.0,0,0.0,-5,5.0,2.5,123,19.0,58,2,2.0,336.0,37.0,6,173,3.0,108.0,14.0,0.6,11.6,0.0,475557,4073,1127714,5773,2.0,3.5,6.45,0.16,6.61,16.81,0.55,0.01,0.56,1.44,221.6,249.0,23.0,88.1,279.0,28.0,404.0,45.0,18.0,69.8,172.0,22.0,,,3.0,29,,Norberto Bercique,Gomes Betuncal,Beto,,,1047,4,0,3,14,0,0,0,2,0,0,10,67,,,,0.0,0.26,1.2,0.86,5.76,12,32,23
312,u,0.0,0.0,4.9,335,62.0,0,0.0,-1,1.0,0.1,545,76.0,0,0,0.0,779.0,87.0,0,0,0.0,732.0,76.0,0.0,0.0,0.0,2418,0,14533,5,0.0,0.0,0.0,0.0,0.0,0.0,0.0,0.0,0.0,0.0,0.0,778.0,87.0,0.0,774.0,86.0,0.0,769.0,86.0,0.0,778.0,87.0,,,,29,,Youssef,Ramalho Chermiti,Y.Chermiti,has joined Rangers permanently.,,0,0,0,0,0,0,0,0,0,0,0,0,0,,,,0.0,0.0,0.0,0.0,0.0,0,0,0
313,u,0.0,0.0,4.4,555,79.0,0,0.0,-1,1.0,0.1,447,65.0,0,0,0.0,679.0,71.0,0,0,0.0,590.0,58.0,0.0,0.0,0.0,9203,0,26510,55,0.0,0.0,0.0,0.0,0.0,0.0,0.0,0.0,0.0,0.0,0.0,671.0,71.0,0.0,666.0,70.0,0.0,646.0,70.0,0.0,673.0,71.0,,,,29,,Martin,Sherif,Sherif,has joined Port Vale on loan for the rest of the season.,,0,0,0,0,0,0,0,0,0,0,0,0,0,,,,0.0,0.0,0.0,0.0,0.0,0,0,0
419,i,0.0,0.0,6.3,64,43.0,0,0.0,-2,2.0,5.8,64,22.0,79,0,4.0,66.0,29.0,12,356,0.0,806.0,361.0,0.0,12.5,0.0,3790373,46,3769637,7569,0.0,0.0,2.05,3.37,5.41,25.81,0.11,0.19,0.3,1.43,374.2,138.0,48.0,520.5,28.0,27.0,397.0,47.0,29.0,129.2,37.0,27.0,,,,29,,Jack,Grealish,Grealish,Foot injury - Expected back 01 Jun,,1627,2,6,7,23,0,0,0,3,1,0,18,135,,,,0.0,0.39,1.27,1.0,7.47,20,27,88
667,a,100.0,100.0,4.2,639,150.0,0,0.0,-3,3.0,0.1,570,205.0,0,0,0.0,639.0,248.0,0,0,0.0,527.0,223.0,0.0,0.0,0.0,2802,65,12515,61,-1.0,0.5,0.0,0.0,0.0,0.0,0.0,0.0,0.0,0.0,0.0,630.0,249.0,0.0,624.0,248.0,0.0,599.0,247.0,0.0,632.0,249.0,,,,29,,Adam,Aznou,Aznou,,,0,0,0,0,0,0,0,0,0,0,0,0,0,,,,0.0,0.0,0.0,0.0,0.0,0,0,0
704,u,0.0,0.0,4.5,437,261.0,0,0.0,0,0.0,0.0,586,220.0,0,0,0.0,705.0,280.0,0,0,0.0,625.0,227.0,0.0,0.0,0.0,8420,0,10193,13,0.0,0.0,0.0,0.0,0.0,0.0,0.0,0.0,0.0,0.0,0.0,699.0,274.0,0.0,696.0,277.0,0.0,679.0,270.0,0.0,701.0,276.0,,,,29,,Tyler,Onyango,Onyango,has joined Stockport County on loan for the rest of the season.,,0,0,0,0,0,0,0,0,0,0,0,0,0,,,,0.0,0.0,0.0,0.0,0.0,0,0,0
322,a,100.0,100.0,4.5,412,75.0,0,0.0,0,0.0,0.3,314,115.0,75,2,3.6,105.0,35.0,5,291,2.2,164.0,65.0,0.5,16.7,0.0,164878,979,153381,608,2.2,2.2,0.92,1.43,2.35,24.84,0.05,0.08,0.13,1.31,398.0,121.0,52.0,207.1,162.0,40.0,108.0,231.0,61.0,71.4,160.0,53.0,,,,29,,Kenny,Tete,Tete,,,1701,1,0,5,25,0,0,0,2,0,0,20,180,,,,0.0,0.26,1.32,1.06,8.31,63,94,78
323,a,,,3.8,812,258.0,0,0.0,-2,2.0,0.1,420,154.0,0,0,0.0,537.0,198.0,0,0,0.0,406.0,159.0,0.0,0.0,0.0,9408,92,17145,122,0.0,0.0,0.0,0.0,0.0,0.0,0.0,0.0,0.0,0.0,0.0,527.0,198.0,0.0,513.0,198.0,0.0,483.0,193.0,0.0,529.0,198.0,,,,29,,Samuel,Amissah,Amissah,,,0,0,0,0,0,0,0,0,0,0,0,0,0,,,,0.0,0.0,0.0,0.0,0.0,0,0,0
324,a,100.0,100.0,6.4,55,35.0,1,-1.0,-1,1.0,2.2,132,43.0,91,2,4.0,67.0,30.0,13,428,6.8,6.0,3.0,1.1,14.2,0.0,488557,32000,407915,7449,6.8,6.8,1.26,3.54,4.8,30.6,0.06,0.16,0.22,1.41,434.0,94.0,31.0,576.9,17.0,17.0,227.0,112.0,68.0,123.9,45.0,32.0,2.0,,,29,,Alex,Iwobi,Iwobi,,,1952,4,3,3,36,0,0,0,2,0,0,23,144,,,,0.0,0.14,1.66,1.06,6.64,22,27,95
325,a,100.0,100.0,5.6,128,79.0,0,0.0,-4,4.0,0.5,248,85.0,64,1,2.2,313.0,138.0,1,280,1.5,227.0,98.0,0.3,11.4,0.0,162021,901,213015,1608,1.5,1.5,4.2,0.96,5.16,24.74,0.26,0.06,0.32,1.54,244.2,232.0,101.0,256.3,121.0,84.0,321.0,72.0,41.0,82.2,131.0,74.0,,,,29,,Emile,Smith Rowe,Smith Rowe,,,1444,3,1,3,23,0,0,0,1,0,0,16,112,,,,0.0,0.19,1.43,1.0,6.98,22,33,57
327,u,0.0,0.0,5.3,186,114.0,0,0.0,-2,2.0,0.1,561,206.0,0,0,0.0,798.0,352.0,0,0,0.0,772.0,336.0,0.0,0.0,0.0,2438,0,35593,7,0.0,0.0,0.0,0.0,0.0,0.0,0.0,0.0,0.0,0.0,0.0,797.0,351.0,0.0,796.0,351.0,0.0,793.0,350.0,0.0,797.0,351.0,,,,29,,Andreas,Hoelgebaum Pereira,Andreas,has joined Palmeiras permanently.,,0,0,0,0,0,0,0,0,0,0,0,0,0,,,,0.0,0.0,0.0,0.0,0.0,0,0,0
328,a,100.0,100.0,5.4,161,100.0,0,0.0,-1,1.0,0.2,403,136.0,78,1,3.5,124.0,56.0,5,269,2.8,127.0,52.0,0.5,14.4,0.0,145673,327,138723,435,2.8,2.8,1.16,1.71,2.87,24.03,0.07,0.1,0.17,1.35,340.8,159.0,58.0,197.1,171.0,116.0,187.0,150.0,84.0,72.2,157.0,84.0,,,,29,,Ryan,Sessegnon,Sessegnon,,,1605,2,3,4,29,0,0,0,0,0,0,18,188,,,,0.0,0.22,1.63,1.01,10.54,40,87,61
336,a,,,4.3,578,343.0,0,0.0,-2,2.0,0.4,277,98.0,12,0,2.4,280.0,121.0,2,37,0.2,351.0,158.0,0.0,2.8,0.0,84654,1169,70764,1244,0.2,0.2,0.04,0.24,0.28,0.41,0.16,0.94,1.1,1.6,36.6,424.0,186.0,8.7,432.0,209.0,7.0,421.0,203.0,5.2,444.0,198.0,,,,29,,Harrison,Reed,Reed,,,23,1,0,0,1,0,0,0,0,0,0,0,2,,,,0.0,0.0,3.91,0.0,7.83,0,0,2
424,a,100.0,100.0,5.1,239,145.0,0,0.0,-4,4.0,0.2,356,118.0,27,1,1.9,352.0,150.0,0,115,2.0,186.0,75.0,0.4,5.3,0.0,90448,441,97411,412,2.0,2.0,0.5,1.5,2.0,7.68,0.07,0.21,0.28,1.09,90.4,370.0,163.0,217.7,152.0,103.0,107.0,233.0,128.0,41.7,288.0,145.0,,,,29,,Oscar,Bobb,Bobb,,,637,0,2,2,9,0,0,0,1,0,0,6,48,,,,0.0,0.28,1.27,0.85,6.78,12,7,29
737,a,,,4.5,506,74.0,0,0.0,0,0.0,0.1,475,69.0,4,0,0.8,509.0,62.0,0,11,0.0,681.0,71.0,0.0,0.9,0.0,21307,225,16253,340,0.0,0.0,0.0,0.07,0.07,0.75,0.0,0.21,0.21,2.25,1.2,496.0,59.0,11.4,417.0,56.0,8.0,417.0,58.0,2.1,468.0,57.0,,,,29,,Jonah,Kusi-Asare,Kusi-Asare,,,30,0,0,0,2,0,0,0,1,0,0,0,2,,,,0.0,0.0,6.0,0.0,6.0,0,0,2
770,a,,,4.5,501,310.0,0,0.0,0,0.0,0.0,780,340.0,0,0,0.0,748.0,316.0,0,0,0.0,677.0,271.0,0.0,0.0,0.0,619,30,353,17,0.0,0.0,0.0,0.0,0.0,0.0,0.0,0.0,0.0,0.0,0.0,747.0,315.0,0.0,741.0,315.0,0.0,728.0,311.0,0.0,747.0,315.0,,,,29,,Seth,Ridgeon,Ridgeon,,,0,0,0,0,0,0,0,0,0,0,0,0,0,,,,0.0,0.0,0.0,0.0,0.0,0,0,0
786,a,,,4.0,702,60.0,0,0.0,0,0.0,0.0,752,86.0,0,0,0.0,608.0,80.0,0,0,0.0,484.0,73.0,0.0,0.0,0.0,609,27,320,26,0.0,0.0,0.0,0.0,0.0,0.0,0.0,0.0,0.0,0.0,0.0,598.0,80.0,0.0,589.0,67.0,0.0,560.0,54.0,0.0,600.0,80.0,,,,29,,Alfie,McNally,McNally,,,0,0,0,0,0,0,0,0,0,0,0,0,0,,,,0.0,0.0,0.0,0.0,0.0,0,0,0
168,a,100.0,100.0,4.6,403,249.0,0,0.0,-4,4.0,0.1,489,175.0,2,0,0.7,514.0,241.0,0,5,0.0,691.0,281.0,0.0,0.4,0.0,16186,188,29354,204,0.0,0.0,0.04,0.1,0.14,1.86,0.05,0.13,0.18,2.43,6.0,472.0,212.0,25.7,384.0,194.0,19.0,384.0,193.0,5.0,447.0,200.0,,,,29,,Facundo,Buonanotte,Buonanotte,,,69,0,0,0,2,0,0,0,1,0,0,1,5,,,,0.0,0.0,2.61,1.3,6.52,1,1,3
340,a,,,3.9,746,73.0,0,0.0,-1,1.0,0.1,414,61.0,0,0,0.0,545.0,43.0,0,0,0.0,414.0,34.0,0.0,0.0,0.0,8400,73,14945,134,0.0,0.0,0.0,0.0,0.0,0.0,0.0,0.0,0.0,0.0,0.0,535.0,43.0,0.0,522.0,26.0,0.0,492.0,13.0,0.0,537.0,43.0,,,,29,,Alex,Cairns,Cairns,,,0,0,0,0,0,0,0,0,0,0,0,0,0,,,,0.0,0.0,0.0,0.0,0.0,0,0,0
344,a,100.0,100.0,3.9,758,219.0,0,0.0,-1,1.0,0.4,282,103.0,48,1,3.0,185.0,69.0,2,155,1.2,235.0,86.0,0.3,12.3,0.0,101873,261,80942,783,1.2,1.2,0.76,0.57,1.33,20.78,0.06,0.05,0.11,1.66,293.2,193.0,76.0,38.8,357.0,125.0,195.0,138.0,25.0,52.6,240.0,79.0,,,,29,,Jaka,Bijol,Bijol,,,1126,1,2,1,21,0,0,0,2,0,0,12,126,,,,0.0,0.08,1.68,0.96,9.19,15,100,43
345,a,100.0,100.0,3.8,794,241.0,0,0.0,-2,2.0,0.1,419,153.0,17,0,1.9,343.0,127.0,0,48,0.0,389.0,143.0,0.0,4.5,0.0,22373,86,17055,332,0.0,0.0,0.0,0.01,0.01,4.93,0.0,0.0,0.0,1.46,78.4,385.0,147.0,5.6,441.0,160.0,10.0,404.0,148.0,9.4,418.0,151.0,,,,29,,Sebastiaan,Bornauw,Bornauw,,,304,0,0,1,4,0,0,0,1,0,0,4,38,,,,0.0,0.3,1.18,1.18,11.25,6,32,7
346,a,,,3.7,814,260.0,-1,1.0,-3,3.0,0.2,375,139.0,1,0,1.0,448.0,160.0,0,-2,0.0,379.0,134.0,0.0,0.3,0.0,23869,274,33984,183,0.0,0.0,0.0,0.0,0.0,0.79,0.0,0.0,0.0,10.16,0.0,507.0,180.0,0.0,491.0,178.0,0.0,459.0,171.0,0.0,509.0,180.0,,,,29,,Sam,Byram,Byram,,,7,0,0,0,1,0,0,0,0,0,0,0,0,,,,0.0,0.0,12.86,0.0,0.0,0,0,0
347,a,100.0,100.0,3.8,790,237.0,0,0.0,-2,2.0,3.9,90,31.0,61,2,2.2,303.0,113.0,8,241,1.2,234.0,85.0,0.3,16.1,0.0,940527,7079,799417,5007,1.2,1.2,1.1,2.01,3.1,37.44,0.04,0.08,0.12,1.45,389.2,128.0,58.0,329.4,76.0,17.0,148.0,189.0,44.0,86.8,115.0,34.0,,,,29,,Gabriel,Gudmundsson,Gudmundsson,,,2318,0,0,4,42,1,0,0,4,0,0,27,193,,,,0.0,0.16,1.63,1.05,6.13,59,99,100
348,a,100.0,75.0,3.9,753,216.0,0,0.0,-1,1.0,3.9,89,30.0,85,2,3.1,162.0,60.0,5,279,2.8,117.0,42.0,0.7,21.8,0.0,1131418,10211,921864,4804,2.8,2.1,1.2,0.28,1.48,38.8,0.05,0.01,0.06,1.48,574.8,45.0,20.0,64.9,316.0,106.0,173.0,161.0,35.0,81.5,133.0,41.0,,,,29,,Joe,Rodon,Rodon,,,2366,2,0,3,46,0,0,0,1,0,0,27,252,,,,0.0,0.11,1.75,1.03,8.52,31,193,70
349,u,0.0,0.0,4.0,693,176.0,0,0.0,0,0.0,0.1,551,200.0,0,0,0.0,601.0,221.0,0,0,0.0,475.0,185.0,0.0,0.0,0.0,788,0,15941,25,0.0,0.0,0.0,0.0,0.0,0.0,0.0,0.0,0.0,0.0,0.0,591.0,221.0,0.0,582.0,221.0,0.0,553.0,217.0,0.0,593.0,221.0,,,,29,,Isaac,Schmidt,Schmidt,has joined Werder Bremen on loan for the rest of the season.,,0,0,0,0,0,0,0,0,0,0,0,0,0,,,,0.0,0.0,0.0,0.0,0.0,0,0,0
350,a,,,5.4,167,104.0,0,0.0,-1,1.0,0.6,225,78.0,105,2,3.8,87.0,42.0,5,362,2.2,171.0,68.0,0.4,19.4,0.0,209365,1585,143079,5418,2.2,2.2,4.03,2.95,6.98,28.27,0.19,0.14,0.33,1.37,388.2,129.0,42.0,354.6,71.0,55.0,424.0,40.0,24.0,116.6,53.0,36.0,,,,29,,Brenden,Aaronson,Aaronson,,,1862,4,6,7,27,0,0,0,1,0,0,22,168,,,,0.0,0.34,1.31,1.06,8.12,44,23,101
355,u,0.0,0.0,4.9,319,198.0,0,0.0,-1,1.0,0.0,634,248.0,0,0,0.0,771.0,332.0,0,0,0.0,722.0,303.0,0.0,0.0,0.0,1234,0,10120,6,0.0,0.0,0.0,0.0,0.0,0.0,0.0,0.0,0.0,0.0,0.0,770.0,331.0,0.0,766.0,331.0,0.0,761.0,329.0,0.0,770.0,331.0,,,,29,,Sam,Greenwood,Greenwood,has joined Pogon Szczecin permanently.,,0,0,0,0,0,0,0,0,0,0,0,0,0,,,,0.0,0.0,0.0,0.0,0.0,0,0,0
356,a,,,4.7,391,244.0,0,0.0,-3,3.0,0.1,437,147.0,53,3,2.6,251.0,104.0,3,236,2.0,181.0,72.0,0.4,11.3,0.0,21095,514,12489,769,2.0,2.0,0.46,0.85,1.31,24.24,0.03,0.06,0.09,1.75,188.4,273.0,114.0,167.8,188.0,125.0,63.0,302.0,163.0,41.7,287.0,144.0,4.0,,,29,,Ilia,Gruev,Gruev,,,1245,0,4,5,23,0,0,0,3,0,0,15,107,,,,0.0,0.36,1.66,1.08,7.73,22,36,49
357,u,0.0,0.0,4.9,323,200.0,0,0.0,-1,1.0,0.0,715,296.0,0,0,0.0,773.0,334.0,0,0,0.0,725.0,305.0,0.0,0.0,0.0,203,0,4326,2,0.0,0.0,0.0,0.0,0.0,0.0,0.0,0.0,0.0,0.0,0.0,772.0,333.0,0.0,768.0,333.0,0.0,763.0,331.0,0.0,772.0,333.0,,,,29,,Largie,Ramazani,Ramazani,has joined Valencia on loan for the rest of the season.,,0,0,0,0,0,0,0,0,0,0,0,0,0,,,,0.0,0.0,0.0,0.0,0.0,0,0,0
358,a,100.0,100.0,4.8,364,227.0,0,0.0,-2,2.0,0.2,383,126.0,43,0,2.1,321.0,141.0,2,166,0.0,704.0,290.0,0.0,9.0,0.0,52465,165,61760,611,0.0,0.0,0.83,0.61,1.44,13.29,0.1,0.07,0.17,1.62,140.0,318.0,142.0,127.1,223.0,144.0,78.0,279.0,152.0,34.5,317.0,154.0,,,,29,,Tanaka,Ao,Tanaka,,,737,2,0,2,16,0,0,0,1,0,0,7,83,,,,0.0,0.24,1.95,0.85,10.14,17,20,46
359,u,0.0,0.0,4.5,459,278.0,0,0.0,0,0.0,0.0,792,347.0,0,0,0.0,718.0,293.0,0,0,0.0,640.0,241.0,0.0,0.0,0.0,0,0,968,0,0.0,0.0,0.0,0.0,0.0,0.0,0.0,0.0,0.0,0.0,0.0,713.0,288.0,0.0,709.0,290.0,0.0,693.0,283.0,0.0,714.0,289.0,,,,29,,Charlie,Crew,Crew,Has joined Doncaster Rovers on loan for the rest of the season.,,0,0,0,0,0,0,0,0,0,0,0,0,0,,,,0.0,0.0,0.0,0.0,0.0,0,0,0
360,u,0.0,0.0,4.5,439,263.0,0,0.0,0,0.0,0.0,757,323.0,0,0,0.0,707.0,282.0,0,0,0.0,627.0,229.0,0.0,0.0,0.0,0,0,2895,1,0.0,0.0,0.0,0.0,0.0,0.0,0.0,0.0,0.0,0.0,0.0,701.0,276.0,0.0,698.0,279.0,0.0,681.0,272.0,0.0,703.0,278.0,,,,29,,Joe,Gelhardt,Gelhardt,Has joined Hull City on loan for the rest of the season.,,0,0,0,0,0,0,0,0,0,0,0,0,0,,,,0.0,0.0,0.0,0.0,0.0,0,0,0
361,u,0.0,0.0,4.5,440,264.0,0,0.0,0,0.0,0.0,668,269.0,0,0,0.0,708.0,283.0,0,0,0.0,628.0,230.0,0.0,0.0,0.0,1165,0,8402,7,0.0,0.0,0.0,0.0,0.0,0.0,0.0,0.0,0.0,0.0,0.0,702.0,277.0,0.0,699.0,280.0,0.0,682.0,273.0,0.0,704.0,279.0,,,,29,,Darko,Gyabi,Gyabi,has joined Hull City permanently.,,0,0,0,0,0,0,0,0,0,0,0,0,0,,,,0.0,0.0,0.0,0.0,0.0,0,0,0
363,u,0.0,0.0,4.9,289,57.0,0,0.0,-1,1.0,0.3,303,49.0,0,0,0.0,765.0,85.0,0,0,0.0,710.0,73.0,0.0,0.0,0.0,16144,0,202937,87,0.0,0.0,0.0,0.0,0.0,0.0,0.0,0.0,0.0,0.0,0.0,764.0,85.0,0.0,760.0,84.0,0.0,754.0,84.0,0.0,764.0,85.0,,,,29,,Patrick,Bamford,Bamford,has departed the club as a free agent.,,0,0,0,0,0,0,0,0,0,0,0,0,0,,,,0.0,0.0,0.0,0.0,0.0,0,0,0
364,u,0.0,0.0,5.0,279,56.0,0,0.0,0,0.0,0.0,743,90.0,0,0,0.0,792.0,88.0,0,0,0.0,752.0,78.0,0.0,0.0,0.0,0,0,2424,5,0.0,0.0,0.0,0.0,0.0,0.0,0.0,0.0,0.0,0.0,0.0,791.0,88.0,0.0,789.0,88.0,0.0,785.0,88.0,0.0,791.0,88.0,,,,29,,Mateo,Joseph Fernández-Regatillo,Mateo Joseph,Has joined RCD Mallorca on loan for the rest of the season.,,0,0,0,0,0,0,0,0,0,0,0,0,0,,,,0.0,0.0,0.0,0.0,0.0,0,0,0
493,a,100.0,100.0,4.8,353,221.0,0,0.0,-2,2.0,0.2,357,119.0,44,0,2.6,252.0,105.0,4,234,0.2,361.0,163.0,0.0,9.2,0.0,177448,113,181225,247,0.2,0.2,0.83,1.48,2.31,13.95,0.08,0.14,0.22,1.33,240.2,235.0,102.0,357.3,70.0,54.0,71.0,294.0,158.0,66.8,183.0,95.0,2.0,2.0,,29,,Sean,Longstaff,Longstaff,,,943,1,2,1,19,0,0,0,2,0,0,10,100,,,,0.0,0.1,1.81,0.95,9.54,37,25,38
660,a,100.0,100.0,4.7,390,243.0,0,0.0,-3,3.0,2.6,119,40.0,114,4,4.8,19.0,11.0,11,466,4.2,59.0,29.0,0.9,24.3,0.0,1087801,20079,820502,6398,4.2,4.2,2.38,3.99,6.37,29.1,0.11,0.18,0.29,1.34,546.2,53.0,13.0,765.0,5.0,5.0,268.0,91.0,58.0,158.2,21.0,17.0,1.0,1.0,,29,,Anton,Stach,Stach,,,1955,4,6,4,34,0,0,0,3,0,0,23,224,,,,0.0,0.18,1.57,1.06,10.31,54,66,104
691,a,100.0,100.0,5.7,113,32.0,0,0.0,2,-2.0,9.0,39,6.0,108,2,4.2,52.0,6.0,16,345,1.5,228.0,30.0,0.3,18.9,0.0,2884706,21159,1784298,79097,1.5,1.5,10.27,0.98,11.24,24.63,0.48,0.05,0.53,1.15,428.4,102.0,7.0,248.4,126.0,8.0,717.0,8.0,6.0,138.3,31.0,7.0,,,1.0,29,,Dominic,Calvert-Lewin,Calvert-Lewin,,,1933,10,2,4,28,0,0,0,1,0,0,21,65,,,,0.0,0.19,1.3,0.98,3.03,10,25,30
698,d,50.0,0.0,5.5,146,91.0,0,0.0,0,0.0,0.1,505,182.0,67,0,2.9,205.0,86.0,3,228,1.5,226.0,97.0,0.3,12.2,0.0,62675,13,57531,472,0.8,0.0,4.2,0.98,5.18,22.4,0.3,0.07,0.37,1.59,254.6,223.0,97.0,199.8,166.0,113.0,322.0,70.0,40.0,77.7,144.0,78.0,,,,29,,Noah,Okafor,Okafor,Hamstring injury - 50% chance of playing,,1266,4,2,4,24,0,0,0,3,0,0,15,87,,,,0.0,0.28,1.71,1.07,6.18,20,21,46
706,a,100.0,75.0,3.9,755,217.0,0,0.0,-1,1.0,1.0,192,74.0,49,2,2.5,261.0,100.0,6,168,1.5,215.0,80.0,0.4,12.6,0.0,166490,1593,61406,3086,1.5,1.1,0.92,0.8,1.72,21.04,0.08,0.07,0.15,1.75,265.4,214.0,84.0,110.1,250.0,70.0,123.0,220.0,55.0,50.0,256.0,83.0,3.0,,,29,,James,Justin,Justin,,,1083,1,1,2,18,0,0,0,2,0,0,12,107,,,,0.0,0.17,1.5,1.0,8.31,27,73,41
741,u,0.0,0.0,4.5,490,70.0,0,0.0,0,0.0,0.1,507,70.0,0,0,0.0,740.0,80.0,0,0,0.0,668.0,67.0,0.0,0.0,0.0,27606,0,24176,154,0.0,0.0,0.0,0.0,0.0,0.0,0.0,0.0,0.0,0.0,0.0,738.0,80.0,0.0,732.0,79.0,0.0,719.0,79.0,0.0,738.0,80.0,,,,29,,Harry,Gray,Gray,has joined Rotherham United on loan for the rest of the season.,,0,0,0,0,0,0,0,0,0,0,0,0,0,,,,0.0,0.0,0.0,0.0,0.0,0,0,0
787,a,,,4.4,559,334.0,0,0.0,-1,1.0,0.0,735,308.0,0,0,0.0,682.0,266.0,0,0,0.0,594.0,209.0,0.0,0.0,0.0,2031,111,969,75,0.0,0.0,0.0,0.0,0.0,0.0,0.0,0.0,0.0,0.0,0.0,674.0,258.0,0.0,669.0,262.0,0.0,649.0,253.0,0.0,676.0,260.0,,,,29,,Sam,Chambers,Chambers,,,0,0,0,0,0,0,0,0,0,0,0,0,0,,,,0.0,0.0,0.0,0.0,0.0,0,0,0
366,d,75.0,100.0,5.4,157,4.0,0,0.0,-1,1.0,6.4,60,9.0,85,1,3.5,123.0,15.0,8,359,4.2,62.0,6.0,0.8,15.7,0.0,662550,7477,1316275,13884,3.5,5.2,0.0,0.03,0.03,26.84,0.0,0.0,0.0,1.12,429.0,100.0,17.0,0.1,490.0,16.0,0.0,794.0,92.0,42.8,281.0,18.0,,,,29,,Alisson,Becker,A.Becker,Knock - 75% chance of playing,,2160,0,0,8,29,0,0,0,1,0,50,24,63,,,,2.08,0.33,1.21,1.0,0.0,0,35,211
367,a,,,4.1,656,38.0,0,0.0,-4,4.0,0.5,251,33.0,19,0,3.8,79.0,9.0,0,70,0.0,518.0,80.0,0.0,4.6,0.0,153294,539,168206,702,0.5,1.0,0.0,0.0,0.0,7.1,0.0,0.0,0.0,1.42,140.0,317.0,24.0,0.0,619.0,75.0,0.0,592.0,62.0,13.9,395.0,24.0,,,,29,,Giorgi,Mamardashvili,Mamardashvili,,,450,0,0,1,10,0,1,0,0,0,17,5,45,,,,3.4,0.2,2.0,1.0,0.0,0,7,43
372,a,,,5.7,112,9.0,0,0.0,-3,3.0,1.0,189,71.0,34,0,2.0,338.0,124.0,4,142,2.2,172.0,67.0,0.4,6.0,0.0,58671,672,135385,1153,2.7,3.2,0.22,0.99,1.2,8.83,0.03,0.14,0.17,1.2,143.0,315.0,121.0,236.1,136.0,34.0,61.0,308.0,91.0,44.2,273.0,89.0,,,,29,,Andrew,Robertson,Robertson,,,660,0,0,3,10,0,0,0,0,0,0,5,44,,,,0.0,0.41,1.36,0.68,4.64,10,24,29
373,a,,,6.2,72,3.0,1,-1.0,2,-2.0,32.5,10,3.0,130,1,4.5,36.0,14.0,9,460,9.0,3.0,2.0,1.5,21.0,0.0,4286825,74327,3434355,35023,9.5,10.0,2.65,1.14,3.79,33.94,0.09,0.04,0.13,1.17,861.2,4.0,2.0,178.4,182.0,45.0,364.0,58.0,1.0,140.3,29.0,1.0,,,,29,,Virgil,van Dijk,Virgil,,,2610,3,1,9,39,0,0,0,4,0,0,29,296,,,,0.0,0.31,1.34,1.0,9.34,18,253,65
374,a,100.0,100.0,5.5,140,17.0,0,0.0,0,0.0,4.3,84,28.0,111,2,4.0,63.0,25.0,8,438,4.5,54.0,18.0,0.8,20.2,0.0,801232,7973,701397,13529,5.0,5.5,1.05,0.9,1.95,28.89,0.04,0.03,0.07,1.08,637.8,30.0,11.0,138.9,210.0,53.0,96.0,251.0,69.0,87.5,113.0,32.0,,,,29,,Ibrahima,Konaté,Konaté,,,2404,1,0,9,32,0,0,0,5,0,0,28,267,,,,0.0,0.34,1.2,1.05,9.06,45,197,93
375,i,0.0,0.0,4.9,336,55.0,0,0.0,-1,1.0,0.1,416,152.0,42,0,2.8,218.0,86.0,2,157,0.0,733.0,255.0,0.0,8.6,0.0,62675,24,71916,155,0.0,0.0,0.18,0.84,1.02,10.77,0.02,0.08,0.1,1.04,157.4,303.0,115.0,105.2,257.0,73.0,62.0,304.0,90.0,32.3,325.0,110.0,,,,29,,Conor,Bradley,Bradley,Knee injury - Expected back 01 Jun,,928,0,2,4,13,0,0,0,5,0,0,12,82,,,,0.0,0.39,1.26,1.16,6.3,19,46,43
376,a,100.0,100.0,4.9,297,46.0,0,0.0,-1,1.0,0.1,415,151.0,28,0,1.9,350.0,132.0,2,75,0.8,286.0,98.0,0.2,5.7,0.0,23974,230,29503,226,1.3,1.8,0.23,0.6,0.83,6.39,0.05,0.13,0.18,1.43,98.8,361.0,137.0,70.1,306.0,101.0,26.0,370.0,127.0,19.5,373.0,130.0,,,,29,,Joe,Gomez,Gomez,,,401,0,2,2,11,0,0,0,2,0,0,5,33,,,,0.0,0.45,2.47,1.12,7.18,5,27,13
377,u,0.0,0.0,4.8,358,59.0,0,0.0,-2,2.0,0.0,592,211.0,0,0,0.0,762.0,261.0,0,0,0.0,700.0,250.0,0.0,0.0,0.0,1669,0,12266,7,0.0,0.0,0.0,0.0,0.0,0.0,0.0,0.0,0.0,0.0,0.0,761.0,261.0,0.0,756.0,261.0,0.0,748.0,261.0,0.0,761.0,261.0,,,,29,,Konstantinos,Tsimikas,Tsimikas,has joined AS Roma on loan for the rest of the season.,,0,0,0,0,0,0,0,0,0,0,0,0,0,,,,0.0,0.0,0.0,0.0,0.0,0,0,0
378,a,100.0,100.0,3.7,820,266.0,0,0.0,-3,3.0,1.1,187,70.0,0,0,0.0,520.0,183.0,0,0,0.0,383.0,138.0,0.0,0.0,0.0,227684,1651,117818,3493,0.5,1.0,0.0,0.0,0.0,0.0,0.0,0.0,0.0,0.0,0.0,510.0,183.0,0.0,495.0,182.0,0.0,463.0,175.0,0.0,512.0,183.0,,,,29,,Amara,Nallo,Nallo,,,0,0,0,0,0,0,0,0,0,0,0,0,0,,,,0.0,0.0,0.0,0.0,0.0,0,0,0
379,a,,,3.7,815,261.0,0,0.0,-3,3.0,0.6,233,89.0,0,0,0.0,518.0,181.0,0,0,0.0,380.0,135.0,0.0,0.0,0.0,96124,2744,53064,2178,0.5,1.0,0.0,0.0,0.0,0.0,0.0,0.0,0.0,0.0,0.0,508.0,181.0,0.0,492.0,179.0,0.0,460.0,172.0,0.0,510.0,181.0,,,,29,,Rhys,Williams,R.Williams,,,0,0,0,0,0,0,0,0,0,0,0,0,0,,,,0.0,0.0,0.0,0.0,0.0,0,0,0
380,a,,,3.8,798,245.0,0,0.0,-2,2.0,0.2,354,130.0,0,0,0.0,527.0,189.0,0,0,0.0,393.0,147.0,0.0,0.0,0.0,27808,111,31862,207,0.5,1.0,0.0,0.0,0.0,0.0,0.0,0.0,0.0,0.0,0.0,517.0,189.0,0.0,502.0,188.0,0.0,471.0,182.0,0.0,519.0,189.0,,,,29,,Calvin,Ramsay,Ramsay,,,0,0,0,0,0,0,0,0,0,0,0,0,0,,,,0.0,0.0,0.0,0.0,0.0,0,0,0
381,a,100.0,100.0,14.0,2,1.0,0,0.0,-5,5.0,14.4,22,9.0,96,9,4.6,31.0,14.0,7,305,5.0,48.0,23.0,0.4,6.9,0.0,1400147,7733,5908906,7298,5.5,6.0,6.65,4.39,11.04,26.01,0.33,0.22,0.55,1.31,394.4,123.0,41.0,617.5,16.0,16.0,644.0,17.0,6.0,165.6,17.0,13.0,2.0,4.0,1.0,29,,Mohamed,Salah,M.Salah,,,1792,5,6,6,31,0,0,0,1,0,0,19,82,,,,0.0,0.3,1.56,0.95,4.12,10,10,62
382,a,100.0,25.0,8.3,14,9.0,0,0.0,-2,2.0,9.1,38,13.0,100,0,4.0,70.0,33.0,16,412,0.8,308.0,144.0,0.1,12.0,0.0,2160248,8375,4741485,52596,1.3,0.5,5.64,4.1,9.73,23.77,0.27,0.2,0.47,1.16,409.0,114.0,38.0,682.1,11.0,11.0,530.0,25.0,12.0,162.1,19.0,15.0,4.0,5.0,,29,,Florian,Wirtz,Wirtz,,,1850,4,3,8,23,0,0,0,1,0,0,21,133,,,,0.0,0.39,1.12,1.02,6.47,28,19,86
383,u,0.0,0.0,8.0,16,11.0,0,0.0,0,0.0,0.0,606,231.0,0,0,0.0,819.0,367.0,0,0,0.0,818.0,367.0,0.0,0.0,0.0,0,0,7344,3,0.0,0.0,0.0,0.0,0.0,0.0,0.0,0.0,0.0,0.0,0.0,819.0,367.0,0.0,819.0,367.0,0.0,819.0,367.0,0.0,819.0,367.0,,,,29,,Luis,Díaz Marulanda,Luis Díaz,Has joined Bayern Munch permanently.,,0,0,0,0,0,0,0,0,0,0,0,0,0,,,,0.0,0.0,0.0,0.0,0.0,0,0,0
384,a,100.0,100.0,7.3,27,17.0,0,0.0,-2,2.0,6.0,62,21.0,101,3,3.7,101.0,49.0,5,365,3.8,77.0,37.0,0.5,13.8,0.0,3425236,6939,3760603,13108,4.3,4.8,6.28,4.21,10.49,21.77,0.29,0.19,0.48,0.99,422.6,108.0,35.0,574.6,18.0,18.0,629.0,18.0,7.0,162.5,18.0,14.0,3.0,,3.0,29,,Cody,Gakpo,Gakpo,,,1972,6,3,8,27,0,0,0,2,0,0,23,117,,,,0.0,0.37,1.23,1.05,5.34,21,29,67
385,d,75.0,100.0,6.3,67,45.0,0,0.0,-2,2.0,0.3,331,111.0,33,1,1.6,402.0,176.0,0,122,0.8,304.0,141.0,0.1,5.2,0.0,56549,136,69103,277,1.0,1.8,1.29,0.51,1.8,5.17,0.44,0.17,0.61,1.77,117.8,340.0,151.0,36.6,364.0,188.0,138.0,202.0,114.0,29.2,341.0,164.0,,,,29,,Federico,Chiesa,Chiesa,Illness - 75% chance of playing,,263,2,1,0,7,0,0,0,2,0,0,1,27,,,,0.0,0.0,2.4,0.34,9.24,8,13,6
387,a,100.0,100.0,6.9,39,23.0,0,0.0,4,-4.0,11.6,29,10.0,109,5,4.0,68.0,31.0,15,564,3.0,113.0,48.0,0.4,15.8,0.0,2575422,65085,1483617,22984,3.5,4.0,3.62,4.6,8.22,31.94,0.13,0.17,0.3,1.19,622.4,33.0,8.0,954.7,2.0,2.0,297.0,82.0,51.0,187.3,9.0,6.0,1.0,2.0,2.0,29,,Dominik,Szoboszlai,Szoboszlai,,,2422,4,3,8,38,0,0,1,6,1,0,27,253,,,,0.0,0.3,1.41,1.0,9.4,42,70,141
388,a,100.0,100.0,5.4,164,102.0,0,0.0,-1,1.0,0.1,459,156.0,47,1,1.9,356.0,152.0,1,275,1.2,250.0,108.0,0.2,8.7,0.0,29142,218,34259,262,1.7,2.2,1.42,2.29,3.71,19.19,0.1,0.17,0.27,1.4,228.8,242.0,105.0,327.2,77.0,58.0,160.0,176.0,97.0,71.5,159.0,85.0,,,,29,,Curtis,Jones,C.Jones,,,1234,0,2,3,23,0,0,0,1,0,0,11,136,,,,0.0,0.22,1.68,0.8,9.92,25,23,88
390,a,100.0,100.0,5.5,147,92.0,0,0.0,0,0.0,5.2,69,23.0,119,0,4.4,42.0,20.0,13,537,3.2,97.0,43.0,0.6,21.6,0.0,2042819,8809,1507708,34762,3.7,4.2,1.39,1.9,3.29,28.31,0.05,0.07,0.12,1.09,559.6,48.0,12.0,412.4,47.0,41.0,151.0,186.0,104.0,112.0,66.0,43.0,,,,29,,Ryan,Gravenberch,Gravenberch,,,2338,4,5,9,31,0,0,0,5,0,0,27,246,,,,0.0,0.35,1.19,1.04,9.47,45,90,111
392,i,0.0,0.0,4.9,294,183.0,0,0.0,-1,1.0,0.1,508,183.0,12,0,1.5,414.0,185.0,0,49,0.8,285.0,130.0,0.2,2.4,0.0,7363,1,15222,78,0.0,0.0,0.04,0.05,0.09,4.11,0.02,0.03,0.05,2.18,56.0,408.0,179.0,18.1,399.0,198.0,6.0,427.0,207.0,8.0,429.0,193.0,,,,29,,Endo,Wataru,Endo,Foot injury - Unknown return date,,170,0,1,1,5,0,0,0,1,0,0,1,23,,,,0.0,0.53,2.65,0.53,12.18,7,13,3
393,i,0.0,0.0,4.2,643,367.0,-1,1.0,-3,3.0,0.1,556,203.0,0,0,0.0,641.0,242.0,0,0,0.0,530.0,175.0,0.0,0.0,0.0,10276,3460,10429,298,0.0,0.0,0.0,0.0,0.0,0.0,0.0,0.0,0.0,0.0,0.0,632.0,232.0,0.0,626.0,237.0,0.0,601.0,225.0,0.0,634.0,234.0,,,,29,,Stefan,Bajčetić Maquieira,Bajcetic,Hamstring injury - Unknown return date,,0,0,0,0,0,0,0,0,0,0,0,0,0,,,,0.0,0.0,0.0,0.0,0.0,0,0,0
394,u,0.0,0.0,4.4,546,325.0,0,0.0,-1,1.0,0.0,679,275.0,0,0,0.0,673.0,260.0,0,0,0.0,582.0,200.0,0.0,0.0,0.0,1737,0,4098,2,0.0,0.0,0.0,0.0,0.0,0.0,0.0,0.0,0.0,0.0,0.0,664.0,251.0,0.0,660.0,256.0,0.0,638.0,245.0,0.0,666.0,253.0,,,,29,,James,McConnell,McConnell,has joined Ajax on loan for the rest of the season.,,0,0,0,0,0,0,0,0,0,0,0,0,0,,,,0.0,0.0,0.0,0.0,0.0,0,0,0
395,u,0.0,0.0,4.5,430,257.0,0,0.0,0,0.0,0.0,806,358.0,0,0,0.0,700.0,276.0,0,0,0.0,620.0,223.0,0.0,0.0,0.0,0,0,360,1,0.0,0.0,0.0,0.0,0.0,0.0,0.0,0.0,0.0,0.0,0.0,694.0,270.0,0.0,690.0,273.0,0.0,673.0,266.0,0.0,696.0,272.0,,,,29,,Tyler,Morton,Morton,Has joined Lyon permanently.,,0,0,0,0,0,0,0,0,0,0,0,0,0,,,,0.0,0.0,0.0,0.0,0.0,0,0,0
396,a,,,4.3,614,359.0,0,0.0,-2,2.0,0.3,311,105.0,3,0,1.0,467.0,205.0,0,3,0.2,354.0,159.0,0.0,0.7,0.0,98051,228,83555,405,0.7,1.2,0.37,0.0,0.37,0.0,5.55,0.0,5.55,0.0,2.2,487.0,224.0,10.3,420.0,206.0,4.0,431.0,211.0,1.5,474.0,216.0,,,,29,,Trey,Nyoni,Nyoni,,,6,0,0,0,0,0,0,0,0,0,0,0,2,,,,0.0,0.0,0.0,0.0,30.0,0,0,2
397,u,0.0,0.0,6.5,51,18.0,0,0.0,0,0.0,0.1,552,77.0,0,0,0.0,815.0,91.0,0,0,0.0,811.0,88.0,0.0,0.0,0.0,0,0,15958,5,0.0,0.0,0.0,0.0,0.0,0.0,0.0,0.0,0.0,0.0,0.0,815.0,91.0,0.0,815.0,91.0,0.0,815.0,91.0,0.0,815.0,91.0,,,,29,,Darwin,Núñez Ribeiro,Darwin,Has joined Al-Hilal permanently.,,0,0,0,0,0,0,0,0,0,0,0,0,0,,,,0.0,0.0,0.0,0.0,0.0,0,0,0
398,i,0.0,0.0,4.3,602,85.0,0,0.0,-2,2.0,0.1,473,68.0,0,0,0.0,653.0,66.0,0,0,0.0,554.0,52.0,0.0,0.0,0.0,9102,68,19766,87,0.0,0.0,0.0,0.0,0.0,0.0,0.0,0.0,0.0,0.0,0.0,643.0,66.0,0.0,638.0,65.0,0.0,615.0,65.0,0.0,645.0,66.0,,,,29,,Jayden,Danns,Danns,Hamstring injury - Unknown return date,,0,0,0,0,0,0,0,0,0,0,0,0,0,,,,0.0,0.0,0.0,0.0,0.0,0,0,0
692,i,0.0,0.0,4.9,349,57.0,0,0.0,-1,1.0,0.0,718,249.0,0,0,0.0,783.0,262.0,0,0,0.0,739.0,256.0,0.0,0.0,0.0,1886,9,2540,10,0.0,0.0,0.0,0.0,0.0,0.0,0.0,0.0,0.0,0.0,0.0,782.0,262.0,0.0,778.0,262.0,0.0,774.0,262.0,0.0,782.0,262.0,,,,29,,Giovanni,Leoni,Leoni,Knee injury - Expected back 01 Sep,,0,0,0,0,0,0,0,0,0,0,0,0,0,,,,0.0,0.0,0.0,0.0,0.0,0,0,0
82,a,100.0,100.0,8.3,12,7.0,1,-1.0,13,-13.0,57.2,2,1.0,172,7,6.1,5.0,2.0,17,562,8.2,4.0,1.0,1.0,20.7,0.0,11869719,123124,6111100,9380,8.7,8.7,9.81,2.31,12.12,40.11,0.35,0.08,0.43,1.43,797.0,6.0,2.0,488.3,31.0,29.0,848.0,3.0,1.0,213.5,3.0,2.0,,,,29,,Antoine,Semenyo,Semenyo,,,2516,15,6,8,46,0,0,1,6,0,0,28,206,,,,0.0,0.29,1.65,1.0,7.37,40,40,126
260,a,100.0,100.0,5.2,207,28.0,0,0.0,7,-7.0,37.3,6,2.0,133,1,4.9,16.0,4.0,9,506,4.0,65.0,20.0,0.8,25.6,0.0,6089512,36084,3099307,52050,4.5,4.5,3.1,2.07,5.17,34.99,0.11,0.08,0.19,1.3,672.0,19.0,6.0,198.8,167.0,41.0,321.0,71.0,6.0,119.3,49.0,6.0,,,,29,,Marc,Guéhi,Guéhi,,,2430,2,4,10,29,0,0,0,5,0,0,27,253,,,,0.0,0.37,1.07,1.0,8.07,37,181,111
401,a,100.0,100.0,3.8,786,93.0,0,0.0,-2,2.0,0.4,270,35.0,0,0,0.0,522.0,35.0,0,0,0.0,385.0,26.0,0.0,0.0,0.0,61859,3142,37211,1939,0.5,0.5,0.0,0.0,0.0,0.0,0.0,0.0,0.0,0.0,0.0,512.0,35.0,0.0,497.0,17.0,0.0,465.0,4.0,0.0,514.0,35.0,,,,29,,Marcus,Bettinelli,Bettinelli,,,0,0,0,0,0,0,0,0,0,0,0,0,0,,,,0.0,0.0,0.0,0.0,0.0,0,0,0
402,a,100.0,100.0,5.7,117,11.0,0,0.0,-3,3.0,4.5,80,27.0,43,4,3.6,111.0,38.0,7,168,6.5,7.0,3.0,1.1,7.5,0.0,625268,18153,2403605,3350,7.0,7.0,0.36,1.5,1.86,9.26,0.05,0.19,0.24,1.16,150.6,309.0,118.0,122.9,227.0,59.0,48.0,325.0,104.0,32.1,327.0,111.0,,,,29,,Rayan,Aït-Nouri,Aït-Nouri,,,719,0,2,3,7,0,0,0,2,0,0,9,62,,,,0.0,0.38,0.88,1.13,6.76,25,29,33
403,i,0.0,0.0,5.9,102,7.0,0,0.0,-1,1.0,3.3,102,37.0,77,0,4.8,21.0,6.0,5,291,0.0,802.0,266.0,0.0,13.1,0.0,1374335,68,2185754,3914,0.0,0.0,2.19,0.64,2.83,15.29,0.15,0.04,0.19,1.06,354.6,152.0,65.0,104.7,259.0,74.0,193.0,142.0,27.0,65.3,195.0,64.0,,,,29,,Joško,Gvardiol,Gvardiol,Leg injury - Unknown return date,,1301,2,2,6,13,0,0,0,2,0,0,15,115,,,,0.0,0.42,0.9,1.04,6.85,17,82,48
407,a,100.0,100.0,5.4,171,21.0,0,0.0,-1,1.0,3.5,97,34.0,126,1,4.8,20.0,5.0,16,530,3.8,74.0,25.0,0.7,23.3,0.0,947113,9665,584319,10247,4.3,4.3,0.25,1.77,2.02,25.57,0.01,0.07,0.08,1.06,546.8,52.0,24.0,408.4,49.0,6.0,76.0,284.0,81.0,103.4,81.0,17.0,,,4.0,29,,Matheus,Nunes,Matheus N.,,,2174,1,7,9,22,0,0,0,4,0,0,24,195,,,,0.0,0.37,0.91,0.99,6.5,48,109,129
408,a,100.0,100.0,5.5,138,16.0,0,0.0,0,0.0,3.4,99,35.0,112,1,4.5,33.0,13.0,4,447,4.0,67.0,21.0,0.7,20.4,0.0,947522,3878,1056341,3249,4.5,4.5,0.57,0.63,1.2,24.3,0.03,0.03,0.06,1.07,549.2,51.0,23.0,139.5,209.0,52.0,96.0,250.0,68.0,78.6,140.0,45.0,,,,29,,Rúben,dos Santos Gato Alves Dias,Rúben,,,2049,2,0,12,20,0,0,0,3,0,0,23,188,,,,0.0,0.53,0.88,1.01,7.2,13,151,71
409,a,100.0,100.0,5.4,156,18.0,0,0.0,-1,1.0,0.6,244,92.0,12,0,1.7,389.0,144.0,0,45,0.0,774.0,263.0,0.0,2.2,0.0,51396,264,110012,223,0.5,0.5,0.0,0.06,0.06,5.05,0.0,0.02,0.02,1.29,76.6,389.0,148.0,19.6,396.0,145.0,2.0,457.0,170.0,9.8,417.0,150.0,,,,29,,John,Stones,Stones,,,351,0,0,1,8,0,0,0,0,0,0,4,34,,,,0.0,0.26,2.05,1.03,4.87,0,19,17
410,d,50.0,100.0,4.6,400,69.0,0,0.0,-4,4.0,1.2,175,66.0,19,0,1.9,347.0,131.0,2,75,0.0,690.0,248.0,0.0,4.1,0.0,369811,540,462523,992,0.2,0.5,0.11,1.31,1.42,5.04,0.03,0.38,0.41,1.46,67.4,393.0,150.0,97.3,266.0,79.0,43.0,334.0,109.0,20.7,368.0,128.0,,,,29,,Rico,Lewis,Lewis,Ankle injury - 50% chance of playing,,311,0,1,1,5,0,0,0,1,0,0,3,23,,,,0.0,0.29,1.45,0.87,5.5,5,14,10
411,a,100.0,75.0,5.1,238,35.0,0,0.0,1,-1.0,9.5,34,11.0,123,0,4.6,29.0,10.0,6,433,9.0,2.0,1.0,1.8,24.1,0.0,2711682,27486,1550956,50339,9.5,7.1,3.36,1.68,5.04,26.95,0.15,0.07,0.22,1.19,509.8,68.0,30.0,321.5,81.0,18.0,333.0,67.0,5.0,116.5,54.0,8.0,,,,29,,Nico,O'Reilly,O'Reilly,,,2040,4,3,11,19,0,0,0,4,0,0,22,161,,,,0.0,0.49,0.84,0.97,6.13,60,79,80
412,u,0.0,0.0,5.0,283,43.0,0,0.0,0,0.0,0.0,782,261.0,0,0,0.0,796.0,264.0,0,0,0.0,756.0,259.0,0.0,0.0,0.0,0,0,852,0,0.0,0.0,0.0,0.0,0.0,0.0,0.0,0.0,0.0,0.0,0.0,795.0,264.0,0.0,793.0,264.0,0.0,789.0,264.0,0.0,795.0,264.0,,,,29,,Vitor,de Oliveira Nunes dos Reis,Vitor Reis,Has joined Girona on loan for the rest of the season.,,0,0,0,0,0,0,0,0,0,0,0,0,0,,,,0.0,0.0,0.0,0.0,0.0,0,0,0
413,a,100.0,100.0,8.3,13,8.0,0,0.0,-2,2.0,2.6,117,38.0,37,0,2.3,302.0,132.0,4,112,2.0,194.0,81.0,0.2,4.5,0.0,276204,3860,1270959,7473,2.5,2.5,2.12,0.67,2.79,6.04,0.38,0.12,0.5,1.07,118.2,338.0,150.0,134.4,213.0,139.0,220.0,115.0,71.0,46.9,265.0,134.0,,4.0,2.0,29,,Omar,Marmoush,Marmoush,,,507,1,2,3,4,0,0,0,1,0,0,6,30,,,,0.0,0.53,0.71,1.07,5.33,11,6,13
414,a,100.0,100.0,8.1,15,10.0,0,0.0,1,-1.0,8.5,41,14.0,111,2,4.4,43.0,21.0,10,486,2.0,193.0,80.0,0.2,13.7,0.0,6169052,2184,5483469,29143,2.5,2.5,5.34,3.77,9.11,21.81,0.27,0.19,0.46,1.1,501.4,70.0,21.0,765.3,4.0,4.0,437.0,33.0,18.0,170.2,14.0,10.0,2.0,3.0,,29,,Phil,Foden,Foden,,,1792,7,3,10,16,0,0,0,4,0,0,21,133,,,,0.0,0.5,0.8,1.05,6.68,27,23,83
415,a,100.0,100.0,6.9,40,24.0,0,0.0,-1,1.0,0.4,278,99.0,27,1,1.6,404.0,178.0,0,90,0.2,377.0,174.0,0.0,3.9,0.0,34440,343,113878,239,0.7,0.7,1.77,1.19,2.96,6.6,0.28,0.19,0.47,1.06,81.2,381.0,171.0,138.9,211.0,137.0,232.0,107.0,67.0,45.2,271.0,136.0,,,,29,,Sávio,Moreira de Oliveira,Savinho,,,561,0,2,2,5,0,0,0,2,0,0,5,46,,,,0.0,0.32,0.8,0.8,7.38,6,9,31
416,a,100.0,100.0,6.2,74,48.0,0,0.0,-3,3.0,0.6,241,83.0,72,2,2.5,278.0,120.0,1,385,1.5,230.0,100.0,0.2,11.6,0.0,94600,1031,133498,1712,2.0,2.0,1.52,3.18,4.7,27.56,0.06,0.13,0.19,1.14,365.0,145.0,51.0,566.8,21.0,21.0,202.0,131.0,76.0,113.5,63.0,42.0,1.0,,,29,,Bernardo,Mota Veiga de Carvalho e Silva,Bernardo,,,2168,1,4,9,23,0,0,0,8,0,0,25,191,,,,0.0,0.37,0.95,1.04,7.93,32,49,110
417,a,100.0,100.0,6.4,60,39.0,0,0.0,-1,1.0,7.6,51,18.0,99,5,4.1,57.0,27.0,12,429,2.5,156.0,63.0,0.4,15.5,0.0,2727066,17339,2778323,24376,3.0,3.0,2.49,6.71,9.2,16.99,0.18,0.48,0.66,1.21,427.6,104.0,34.0,681.2,12.0,12.0,344.0,65.0,38.0,145.5,27.0,22.0,3.0,2.0,,29,,Rayan,Cherki,Cherki,,,1267,3,9,6,13,0,0,0,1,0,0,14,115,,,,0.0,0.43,0.92,0.99,8.17,23,15,77
423,a,100.0,100.0,5.9,99,64.0,0,0.0,-1,1.0,0.1,472,163.0,55,0,2.6,258.0,109.0,1,289,0.0,800.0,357.0,0.0,9.3,0.0,27951,142,31134,158,0.5,0.5,0.56,1.0,1.56,16.77,0.04,0.07,0.11,1.1,278.6,206.0,87.0,185.6,178.0,121.0,64.0,300.0,162.0,52.8,239.0,120.0,,,,29,,Nico,González Iglesias,N.Gonzalez,,,1370,1,0,7,14,0,0,0,6,0,0,15,182,,,,0.0,0.46,0.92,0.99,11.96,36,67,79
425,u,0.0,0.0,5.4,181,112.0,0,0.0,-1,1.0,0.0,744,315.0,0,0,0.0,806.0,358.0,0,0,0.0,788.0,347.0,0.0,0.0,0.0,194,0,3232,1,0.0,0.0,0.0,0.0,0.0,0.0,0.0,0.0,0.0,0.0,0.0,805.0,357.0,0.0,804.0,357.0,0.0,802.0,356.0,0.0,805.0,357.0,,,,29,,Claudio,Echeverri,Echeverri,has joined Girona on loan for the rest of the season.,,0,0,0,0,0,0,0,0,0,0,0,0,0,,,,0.0,0.0,0.0,0.0,0.0,0,0,0
427,a,,,5.0,260,158.0,0,0.0,-5,5.0,9.6,33,11.0,85,0,3.4,136.0,60.0,6,319,0.5,331.0,152.0,0.1,17.0,0.0,3552673,1868,4950075,15920,1.0,1.0,3.92,2.12,6.04,17.28,0.24,0.13,0.37,1.06,329.6,170.0,66.0,318.5,86.0,65.0,387.0,51.0,32.0,102.7,83.0,52.0,4.0,,,29,,Tijjani,Reijnders,Reijnders,,,1473,5,2,7,16,0,0,0,2,0,0,17,91,,,,0.0,0.43,0.98,1.04,5.56,10,29,52
429,u,0.0,0.0,4.7,378,237.0,0,0.0,-3,3.0,0.1,557,204.0,0,0,0.0,759.0,325.0,0,0,0.0,692.0,282.0,0.0,0.0,0.0,4052,0,8433,29,0.0,0.0,0.0,0.0,0.0,0.0,0.0,0.0,0.0,0.0,0.0,758.0,324.0,0.0,753.0,324.0,0.0,742.0,321.0,0.0,758.0,324.0,,,,29,,Kalvin,Phillips,Phillips,has joined Sheffield United on loan for the rest of the season.,,0,0,0,0,0,0,0,0,0,0,0,0,0,,,,0.0,0.0,0.0,0.0,0.0,0,0,0
430,a,100.0,75.0,14.6,1,1.0,-1,1.0,6,-6.0,61.3,1,1.0,195,2,7.0,2.0,1.0,35,779,3.2,101.0,13.0,0.2,13.4,0.0,6875985,32172,2838856,130995,3.7,2.8,20.76,1.89,22.65,29.69,0.8,0.07,0.87,1.15,975.4,1.0,1.0,251.1,124.0,7.0,1179.0,1.0,1.0,240.7,2.0,1.0,,,1.0,29,,Erling,Haaland,Haaland,,,2323,22,7,10,26,0,0,1,1,0,0,27,83,,,,0.0,0.39,1.01,1.05,3.22,13,41,29
736,a,,,5.6,127,3.0,0,0.0,1,-1.0,9.6,32,7.0,102,1,3.9,76.0,8.0,3,444,4.5,55.0,5.0,0.8,18.2,0.0,2114479,22145,1271885,16182,5.0,5.0,0.0,0.0,0.0,28.91,0.0,0.0,0.0,1.11,540.6,57.0,13.0,0.0,808.0,94.0,0.0,806.0,93.0,54.2,230.0,13.0,,,,29,,Gianluigi,Donnarumma,Donnarumma,,,2340,0,0,11,23,0,1,0,6,0,64,26,55,,,,2.46,0.42,0.88,1.0,0.0,0,35,176
739,u,0.0,0.0,4.4,566,339.0,0,0.0,-1,1.0,0.0,687,280.0,2,0,1.0,472.0,210.0,0,5,0.0,600.0,213.0,0.0,0.5,0.0,3500,0,3255,34,0.0,0.0,0.0,0.21,0.21,0.34,0.0,0.76,0.76,1.22,4.2,476.0,216.0,28.3,379.0,192.0,4.0,432.0,212.0,3.7,455.0,205.0,,,,29,,Divine,Mukasa,Mukasa,has joined Leicester City on loan for the rest of the season.,,25,0,0,0,0,0,0,0,0,0,0,0,1,,,,0.0,0.0,0.0,0.0,3.6,0,0,1
763,a,,,4.5,455,274.0,0,0.0,0,0.0,0.0,784,342.0,0,0,0.0,716.0,291.0,0,0,0.0,638.0,239.0,0.0,0.0,0.0,434,15,307,18,0.5,0.5,0.0,0.0,0.0,0.0,0.0,0.0,0.0,0.0,0.0,711.0,286.0,0.0,707.0,288.0,0.0,691.0,281.0,0.0,712.0,287.0,,,,29,,Charlie,Gray,Gray,,,0,0,0,0,0,0,0,0,0,0,0,0,0,,,,0.0,0.0,0.0,0.0,0.0,0,0,0
764,a,,,4.5,482,295.0,0,0.0,0,0.0,0.0,796,351.0,0,0,0.0,733.0,304.0,0,0,0.0,661.0,258.0,0.0,0.0,0.0,230,8,169,10,0.5,0.5,0.0,0.0,0.0,0.0,0.0,0.0,0.0,0.0,0.0,731.0,302.0,0.0,725.0,302.0,0.0,712.0,298.0,0.0,731.0,302.0,,,,29,,Reigan,Heskey,Heskey,,,0,0,0,0,0,0,0,0,0,0,0,0,0,,,,0.0,0.0,0.0,0.0,0.0,0,0,0
591,a,100.0,100.0,4.8,372,233.0,0,0.0,-2,2.0,0.2,412,140.0,53,5,2.8,216.0,89.0,6,204,5.2,32.0,14.0,1.1,11.0,0.0,21147,938,23864,414,4.7,5.2,1.3,1.25,2.55,20.42,0.1,0.09,0.19,1.54,233.4,238.0,103.0,110.9,245.0,154.0,134.0,208.0,117.0,47.8,261.0,133.0,,,,29,,Archie,Gray,Gray,,,1197,2,2,5,23,0,0,0,5,0,0,15,109,,,,0.0,0.38,1.73,1.13,8.2,9,56,44
592,u,0.0,0.0,5.0,273,167.0,0,0.0,0,0.0,0.0,793,348.0,0,0,0.0,791.0,348.0,0,0,0.0,750.0,322.0,0.0,0.0,0.0,0,0,687,1,0.0,0.0,0.0,0.0,0.0,0.0,0.0,0.0,0.0,0.0,0.0,790.0,347.0,0.0,788.0,347.0,0.0,784.0,345.0,0.0,790.0,347.0,,,,29,,Mikey,Moore,Moore,Has joined Rangers on loan for the rest of the season.,,0,0,0,0,0,0,0,0,0,0,0,0,0,,,,0.0,0.0,0.0,0.0,0.0,0,0,0
182,a,,,4.5,428,23.0,0,0.0,-5,5.0,0.9,199,24.0,11,0,3.7,92.0,10.0,0,62,0.0,618.0,91.0,0.0,2.4,0.0,99960,109,273132,400,0.5,0.5,0.0,0.0,0.0,3.97,0.0,0.0,0.0,1.32,100.2,357.0,27.0,0.0,688.0,86.0,0.0,671.0,76.0,10.1,415.0,27.0,,,,29,,James,Trafford,Trafford,,,270,0,0,1,4,0,0,0,0,0,11,3,41,,,,3.67,0.33,1.33,1.0,0.0,2,6,33
794,a,100.0,75.0,4.0,694,177.0,0,0.0,-5,5.0,0.0,754,257.0,5,0,2.5,263.0,102.0,0,27,0.0,476.0,186.0,0.0,1.2,0.0,5157,14,4615,60,0.5,0.4,0.26,0.06,0.32,1.54,0.17,0.04,0.21,1.03,34.0,428.0,159.0,14.8,404.0,148.0,26.0,368.0,126.0,7.5,432.0,156.0,,,,29,,Max,Alleyne,Alleyne,,,135,0,0,0,1,0,0,0,0,0,0,2,11,,,,0.0,0.0,0.67,1.33,7.33,3,8,4
119,a,100.0,100.0,8.7,9,5.0,0,0.0,7,-7.0,23.2,15,5.0,118,1,4.9,18.0,10.0,15,429,3.8,78.0,38.0,0.4,13.6,0.0,7078966,30349,5942892,103136,4.3,4.3,7.87,4.23,12.1,27.87,0.35,0.19,0.54,1.23,524.0,64.0,19.0,664.6,13.0,13.0,714.0,9.0,3.0,190.3,7.0,5.0,2.0,2.0,,29,,Bryan,Mbeumo,Mbeumo,,,2047,9,3,5,31,0,0,0,4,0,0,24,109,,,,0.0,0.22,1.36,1.06,4.79,19,15,75
431,a,,,4.7,387,18.0,0,0.0,-3,3.0,0.3,310,42.0,11,0,1.8,370.0,31.0,0,49,0.0,694.0,92.0,0.0,2.3,0.0,37098,180,62630,249,0.5,0.5,0.0,0.05,0.05,9.24,0.0,0.01,0.01,1.54,118.4,337.0,26.0,10.0,426.0,10.0,0.0,745.0,83.0,12.8,404.0,26.0,,,,29,,Altay,Bayındır,Bayindir,,,540,0,0,0,11,0,0,0,0,0,13,6,46,,,,2.17,0.0,1.83,1.0,0.0,0,7,39
432,u,0.0,0.0,4.9,302,11.0,0,0.0,-1,1.0,0.1,424,62.0,0,0,0.0,769.0,93.0,0,0,0.0,715.0,93.0,0.0,0.0,0.0,5156,0,26539,28,0.0,0.0,0.0,0.0,0.0,0.0,0.0,0.0,0.0,0.0,0.0,768.0,93.0,0.0,764.0,90.0,0.0,758.0,86.0,0.0,768.0,93.0,,,,29,,André,Onana,Onana,has joined Trabzonspor on loan for the rest of the season.,,0,0,0,0,0,0,0,0,0,0,0,0,0,,,,0.0,0.0,0.0,0.0,0.0,0,0,0
436,i,0.0,0.0,4.9,307,48.0,0,0.0,-1,1.0,1.8,144,56.0,43,0,3.3,145.0,54.0,5,169,0.0,717.0,253.0,0.0,8.8,0.0,419643,35,547974,1141,0.0,0.0,1.38,0.83,2.21,18.73,0.11,0.06,0.17,1.44,276.6,207.0,81.0,60.2,328.0,110.0,122.0,221.0,56.0,45.7,269.0,88.0,,,,29,,Matthijs,de Ligt,De Ligt,Back injury - Unknown return date,,1170,1,0,1,20,0,0,0,0,0,0,13,139,,,,0.0,0.08,1.54,1.0,8.23,19,88,40
437,d,50.0,0.0,4.8,361,61.0,0,0.0,-2,2.0,0.6,239,91.0,39,0,2.8,215.0,84.0,3,165,0.5,325.0,114.0,0.1,8.1,0.0,169562,105,128194,10046,0.5,0.0,0.06,0.5,0.56,9.34,0.01,0.05,0.06,0.93,220.2,252.0,101.0,78.3,300.0,96.0,10.0,409.0,152.0,31.0,331.0,113.0,,,,29,,Lisandro,Martínez,Martinez,Calf injury - 50% chance of playing,,904,0,0,3,11,1,0,0,0,0,0,9,75,,,,0.0,0.3,1.1,0.9,7.47,12,63,52
438,d,75.0,100.0,4.9,315,51.0,0,0.0,-1,1.0,0.2,362,132.0,28,1,1.9,351.0,133.0,3,135,2.0,183.0,71.0,0.4,5.7,0.0,35799,315,55240,1127,1.9,2.5,0.17,0.28,0.44,6.96,0.03,0.04,0.07,1.03,133.8,325.0,125.0,65.9,313.0,105.0,30.0,361.0,121.0,22.8,361.0,124.0,,,,29,,Noussair,Mazraoui,Mazraoui,Foot injury - 75% chance of playing,,610,0,0,2,7,0,0,0,3,0,0,7,70,,,,0.0,0.3,1.03,1.03,8.56,16,42,30
440,a,100.0,100.0,4.6,398,67.0,0,0.0,1,-1.0,5.0,72,22.0,95,1,3.5,117.0,42.0,9,343,2.5,143.0,55.0,0.5,20.7,0.0,1040942,13841,659159,17644,3.0,3.0,1.37,2.17,3.54,27.65,0.06,0.1,0.16,1.21,435.4,92.0,42.0,383.6,63.0,10.0,159.0,177.0,40.0,97.8,90.0,22.0,,,,29,,Diogo,Dalot Teixeira,Dalot,,,2049,1,6,6,32,0,0,0,5,0,0,23,156,,,,0.0,0.26,1.41,1.01,5.93,38,97,106
442,a,100.0,75.0,4.4,520,100.0,0,0.0,-1,1.0,1.7,152,59.0,62,1,3.9,71.0,27.0,3,204,3.0,103.0,37.0,0.7,14.1,0.0,291495,6687,186747,5258,3.5,2.6,0.78,0.08,0.86,14.8,0.07,0.01,0.08,1.29,223.2,247.0,98.0,25.7,383.0,138.0,104.0,237.0,63.0,35.5,308.0,104.0,,,,29,,Harry,Maguire,Maguire,,,1032,1,1,5,12,0,0,0,2,0,0,12,94,,,,0.0,0.44,1.05,1.05,7.24,10,73,38
443,a,100.0,75.0,4.5,409,74.0,0,0.0,0,0.0,0.7,213,81.0,70,1,2.4,283.0,108.0,0,297,2.5,141.0,53.0,0.6,15.6,0.0,173663,2189,131799,2651,3.0,2.2,0.51,1.47,1.97,32.24,0.02,0.05,0.07,1.19,391.0,126.0,56.0,264.9,117.0,31.0,57.0,313.0,96.0,71.3,162.0,54.0,,,,29,,Luke,Shaw,Shaw,,,2437,0,1,6,36,0,0,0,5,0,0,29,180,,,,0.0,0.22,1.33,1.07,5.5,53,96,81
444,a,,,4.1,658,160.0,0,0.0,-4,4.0,1.3,174,65.0,46,1,1.8,361.0,136.0,1,159,2.5,139.0,51.0,0.6,11.2,0.0,214078,2635,306525,1161,3.0,3.0,0.94,0.39,1.33,21.26,0.06,0.02,0.08,1.34,263.2,216.0,85.0,68.8,308.0,103.0,90.0,259.0,73.0,42.1,283.0,92.0,,,,29,,Leny,Yoro,Yoro,,,1426,0,1,2,27,0,0,0,0,0,0,15,140,,,,0.0,0.13,1.7,0.95,7.45,25,93,61
445,u,0.0,0.0,4.0,719,195.0,0,0.0,0,0.0,0.1,538,192.0,0,0,0.0,620.0,234.0,0,0,0.0,498.0,202.0,0.0,0.0,0.0,1160,0,14481,15,0.0,0.0,0.0,0.0,0.0,0.0,0.0,0.0,0.0,0.0,0.0,610.0,234.0,0.0,602.0,234.0,0.0,574.0,231.0,0.0,612.0,234.0,,,,29,,Harry,Amass,Amass,has joined Norwich City on loan for the rest of the season.,,0,0,0,0,0,0,0,0,0,0,0,0,0,,,,0.0,0.0,0.0,0.0,0.0,0,0,0
449,a,100.0,100.0,10.1,5,3.0,1,-1.0,11,-11.0,40.6,5,2.0,166,8,6.4,4.0,1.0,31,718,6.2,11.0,4.0,0.6,16.4,0.0,7845535,122776,5451832,10554,6.7,6.7,9.08,8.41,17.49,31.44,0.36,0.34,0.7,1.25,921.4,2.0,1.0,1335.0,1.0,1.0,437.0,34.0,19.0,269.6,1.0,1.0,1.0,1.0,1.0,29,,Bruno,Borges Fernandes,B.Fernandes,,,2255,7,14,4,36,0,0,2,3,0,0,26,224,,,,0.0,0.16,1.44,1.04,8.94,42,55,127
450,a,100.0,100.0,8.0,17,12.0,0,0.0,0,0.0,7.6,52,19.0,103,2,4.0,69.0,32.0,10,415,3.0,116.0,49.0,0.4,12.9,0.0,3056807,13219,3134503,32775,3.5,3.5,5.51,2.43,7.94,25.43,0.26,0.12,0.38,1.21,475.0,78.0,24.0,386.5,58.0,47.0,576.0,22.0,10.0,143.9,28.0,23.0,,,,29,,Matheus,Santos Carneiro da Cunha,Cunha,,,1897,6,3,6,26,0,0,0,1,0,0,22,158,,,,0.0,0.28,1.23,1.04,7.5,31,33,94
454,u,0.0,0.0,5.9,100,65.0,0,0.0,-1,1.0,0.1,565,208.0,0,0,0.0,811.0,362.0,0,0,0.0,801.0,358.0,0.0,0.0,0.0,1511,0,10717,11,0.0,0.0,0.0,0.0,0.0,0.0,0.0,0.0,0.0,0.0,0.0,811.0,362.0,0.0,811.0,362.0,0.0,810.0,362.0,0.0,811.0,362.0,,,,29,,Antony,dos Santos,Antony,has joined Real Betis permanently.,,0,0,0,0,0,0,0,0,0,0,0,0,0,,,,0.0,0.0,0.0,0.0,0.0,0,0,0
455,d,50.0,0.0,5.9,95,61.0,0,0.0,-1,1.0,0.3,330,110.0,46,0,2.7,240.0,99.0,3,164,0.0,797.0,354.0,0.0,7.8,0.0,183723,16,198453,449,0.2,0.0,1.54,1.4,2.94,10.3,0.17,0.16,0.33,1.14,162.4,298.0,133.0,198.5,168.0,114.0,158.0,179.0,99.0,51.9,244.0,124.0,,,,29,,Mason,Mount,Mount,Knock - 50% chance of playing,,812,3,0,3,14,0,0,0,0,0,0,10,62,,,,0.0,0.33,1.55,1.11,6.87,14,7,41
457,a,100.0,100.0,5.6,121,76.0,0,0.0,1,-1.0,2.6,114,36.0,127,8,4.7,22.0,12.0,15,474,4.8,51.0,25.0,0.9,22.7,0.0,667581,26674,389797,7568,5.3,5.3,4.55,2.61,7.16,21.23,0.21,0.12,0.33,0.97,622.2,34.0,9.0,404.2,51.0,42.0,426.0,39.0,23.0,145.5,26.0,21.0,,,,29,,Carlos Henrique,Casimiro,Casemiro,,,1964,6,4,8,22,0,0,0,6,1,0,26,259,,,,0.0,0.37,1.01,1.19,11.87,65,84,110
466,a,100.0,100.0,5.8,107,30.0,0,0.0,-2,2.0,0.4,272,43.0,37,1,2.1,325.0,36.0,6,130,0.8,303.0,39.0,0.1,6.4,0.0,108450,466,129604,603,1.3,1.3,2.18,0.32,2.5,7.63,0.39,0.06,0.45,1.35,152.8,306.0,30.0,161.8,193.0,19.0,195.0,139.0,35.0,50.6,253.0,30.0,,,,29,,Joshua,Zirkzee,Zirkzee,,,509,2,1,1,8,0,0,0,1,0,0,4,37,,,,0.0,0.18,1.41,0.71,6.54,8,11,18
467,a,,,4.2,646,90.0,0,0.0,-3,3.0,1.5,159,24.0,0,0,0.0,642.0,64.0,0,0,0.0,532.0,49.0,0.0,0.0,0.0,272435,643,368908,2851,0.5,0.5,0.0,0.0,0.0,0.0,0.0,0.0,0.0,0.0,0.0,633.0,64.0,0.0,627.0,63.0,0.0,602.0,63.0,0.0,635.0,64.0,,,,29,,Chido,Obi,Obi,,,0,0,0,0,0,0,0,0,0,0,0,0,0,,,,0.0,0.0,0.0,0.0,0.0,0,0,0
681,a,100.0,100.0,7.3,28,11.0,0,0.0,-2,2.0,6.0,63,12.0,89,2,3.7,102.0,7.0,17,304,6.5,8.0,2.0,0.9,12.2,0.0,1070389,64536,1394679,18764,7.0,7.0,6.88,0.22,7.1,20.66,0.48,0.02,0.5,1.44,370.2,143.0,13.0,133.5,214.0,22.0,658.0,15.0,10.0,115.5,58.0,12.0,,,,29,,Benjamin,Sesko,Šeško,,,1295,8,2,1,26,0,0,0,1,0,0,13,53,,,,0.0,0.07,1.81,0.9,3.68,5,19,29
471,a,,,3.9,744,71.0,0,0.0,-1,1.0,0.1,435,65.0,0,0,0.0,543.0,41.0,0,0,0.0,412.0,32.0,0.0,0.0,0.0,6720,60,10537,65,-0.5,-0.5,0.0,0.0,0.0,0.0,0.0,0.0,0.0,0.0,0.0,533.0,41.0,0.0,520.0,24.0,0.0,490.0,11.0,0.0,535.0,41.0,,,,29,,Mark,Gillespie,Gillespie,,,0,0,0,0,0,0,0,0,0,0,0,0,0,,,,0.0,0.0,0.0,0.0,0.0,0,0,0
472,u,0.0,0.0,4.0,666,44.0,0,0.0,0,0.0,0.0,721,84.0,0,0,0.0,578.0,65.0,0,0,0.0,450.0,57.0,0.0,0.0,0.0,0,0,2472,4,0.0,0.0,0.0,0.0,0.0,0.0,0.0,0.0,0.0,0.0,0.0,568.0,65.0,0.0,558.0,51.0,0.0,529.0,38.0,0.0,570.0,65.0,,,,29,,Odysseas,Vlachodimos,Odysseas,Has joined Sevilla on loan for the rest of the season.,,0,0,0,0,0,0,0,0,0,0,0,0,0,,,,0.0,0.0,0.0,0.0,0.0,0,0,0
473,a,100.0,100.0,5.3,198,24.0,0,0.0,-2,2.0,2.4,124,48.0,66,2,3.0,193.0,73.0,4,267,2.8,126.0,48.0,0.5,12.5,0.0,622137,6635,562783,7788,2.3,2.3,0.73,1.9,2.63,24.77,0.04,0.11,0.15,1.42,427.4,105.0,47.0,271.8,115.0,29.0,131.0,213.0,52.0,83.0,128.0,39.0,2.0,4.0,,29,,Lewis,Hall,Hall,,,1569,1,2,3,30,0,0,0,2,0,0,17,146,,,,0.0,0.17,1.72,0.98,7.92,45,93,99
474,i,0.0,0.0,5.2,203,26.0,0,0.0,-3,3.0,1.2,178,68.0,51,0,3.2,158.0,59.0,0,186,0.0,763.0,262.0,0.0,9.8,0.0,296894,56,493889,1320,0.0,0.0,0.97,0.6,1.57,13.85,0.08,0.05,0.13,1.14,291.2,195.0,77.0,63.6,320.0,108.0,108.0,232.0,62.0,46.4,267.0,87.0,,1.0,,29,,Fabian,Schär,Schär,Ankle injury - Expected back 18 Apr,,1089,0,0,4,13,0,0,0,1,0,0,11,133,,,,0.0,0.33,1.07,0.91,9.5,14,101,42
475,a,100.0,100.0,4.9,312,49.0,0,0.0,-1,1.0,0.4,288,107.0,54,1,3.4,132.0,50.0,4,209,0.8,287.0,99.0,0.2,11.0,0.0,77252,388,103216,507,0.3,0.3,1.28,0.28,1.56,14.57,0.11,0.02,0.13,1.24,325.8,176.0,73.0,49.7,341.0,117.0,132.0,212.0,51.0,50.8,250.0,81.0,,,,29,,Sven,Botman,Botman,,,1061,1,1,4,17,1,0,0,1,0,0,12,134,,,,0.0,0.34,1.44,1.02,8.91,9,96,61
476,a,100.0,100.0,5.0,245,37.0,0,0.0,0,0.0,3.3,103,38.0,74,2,3.5,119.0,43.0,5,213,1.2,246.0,91.0,0.2,14.8,0.0,1507998,4231,1665708,2770,0.7,0.7,0.19,0.32,0.51,21.61,0.01,0.02,0.03,1.14,373.4,140.0,61.0,87.6,284.0,89.0,76.0,283.0,80.0,53.8,234.0,77.0,,,,29,,Dan,Burn,Burn,,,1708,0,3,6,28,0,0,0,7,1,0,20,206,,,,0.0,0.32,1.48,1.05,8.96,31,139,61
477,a,100.0,25.0,4.9,327,53.0,0,0.0,-1,1.0,1.8,143,55.0,49,0,3.8,83.0,30.0,3,218,0.0,728.0,254.0,0.0,10.0,0.0,1089896,302,1378361,944,-0.5,-0.1,0.12,0.57,0.69,11.0,0.01,0.05,0.06,0.94,190.8,271.0,110.0,178.1,183.0,46.0,36.0,346.0,113.0,40.5,292.0,96.0,,,,29,,Tino,Livramento,Livramento,,,1048,0,1,5,10,0,0,0,1,0,0,11,86,,,,0.0,0.43,0.86,0.94,4.98,19,39,68
478,a,100.0,100.0,4.9,287,44.0,0,0.0,-1,1.0,1.4,166,64.0,48,6,2.8,217.0,85.0,2,202,2.2,167.0,66.0,0.4,9.8,0.0,249489,2702,375487,921,1.7,1.7,0.08,1.85,1.93,18.52,0.01,0.12,0.13,1.2,261.4,218.0,86.0,430.7,43.0,3.0,12.0,400.0,147.0,70.3,168.0,57.0,4.0,2.0,,29,,Kieran,Trippier,Trippier,,,1392,0,1,5,24,0,0,0,3,0,0,16,105,,,,0.0,0.32,1.55,1.03,4.91,22,54,65
479,i,0.0,0.0,4.3,575,123.0,0,0.0,-2,2.0,0.0,622,221.0,0,0,0.0,645.0,250.0,0,-8,0.0,539.0,229.0,0.0,0.0,0.0,1569,23,5178,18,0.0,0.0,0.0,0.0,0.0,0.25,0.0,0.0,0.0,0.5,1.4,492.0,176.0,1.2,464.0,170.0,0.0,606.0,249.0,0.3,496.0,175.0,,,,29,,Emil,Krafth,Krafth,Knee injury - Unknown return date,,45,0,0,0,2,0,0,0,0,0,0,1,1,,,,0.0,0.0,4.0,2.0,2.0,0,1,0
484,u,0.0,0.0,4.0,670,165.0,0,0.0,0,0.0,0.1,426,158.0,0,0,0.0,581.0,212.0,0,0,0.0,453.0,175.0,0.0,0.0,0.0,3759,0,45285,40,0.0,0.0,0.0,0.0,0.0,0.0,0.0,0.0,0.0,0.0,0.0,571.0,212.0,0.0,561.0,212.0,0.0,532.0,208.0,0.0,573.0,212.0,,,,29,,Matt,Targett,Targett,has joined Middlesbrough on loan for the rest of the season.,,0,0,0,0,0,0,0,0,0,0,0,0,0,,,,0.0,0.0,0.0,0.0,0.0,0,0,0
485,a,100.0,100.0,7.2,32,19.0,0,0.0,-3,3.0,2.9,111,35.0,77,7,3.3,151.0,66.0,4,276,4.0,68.0,34.0,0.6,10.7,0.0,1576246,24916,1479274,7660,3.5,3.5,7.15,3.32,10.47,20.45,0.42,0.19,0.61,1.19,308.8,184.0,75.0,383.9,62.0,51.0,448.0,32.0,17.0,113.7,61.0,41.0,,,1.0,29,,Anthony,Gordon,Gordon,,,1550,4,4,6,29,0,0,0,3,1,0,21,76,,,,0.0,0.35,1.68,1.22,4.41,15,14,47
486,a,100.0,100.0,6.5,52,33.0,0,0.0,-5,5.0,2.6,118,39.0,39,2,1.6,403.0,177.0,0,152,1.8,210.0,90.0,0.3,6.0,0.0,559058,1444,1184931,1554,1.3,1.3,1.35,1.68,3.03,16.71,0.11,0.13,0.24,1.33,122.2,333.0,149.0,256.5,120.0,83.0,161.0,174.0,95.0,54.0,233.0,116.0,5.0,,,29,,Anthony,Elanga,Elanga,,,1131,0,1,2,25,0,0,0,0,0,0,12,47,,,,0.0,0.16,1.99,0.95,3.74,12,7,28
488,i,0.0,0.0,6.8,43,27.0,0,0.0,3,-3.0,4.9,73,25.0,134,0,5.8,7.0,4.0,19,584,0.8,307.0,143.0,0.1,19.7,0.0,4039394,336,3736578,49985,0.0,0.0,4.82,3.62,8.44,26.13,0.21,0.16,0.37,1.16,682.6,18.0,5.0,634.3,15.0,15.0,365.0,57.0,35.0,168.3,15.0,11.0,3.0,5.0,2.0,29,,Bruno,Guimarães Rodriguez Moura,Bruno G.,Hamstring injury - Expected back 11 Apr,,2019,9,6,6,31,0,0,0,5,0,0,22,200,,,,0.0,0.27,1.38,0.98,8.92,50,43,107
489,a,100.0,100.0,5.9,92,58.0,0,0.0,-6,6.0,0.6,231,81.0,61,1,2.5,277.0,119.0,2,245,2.2,174.0,70.0,0.4,10.3,0.0,161555,852,346587,813,1.7,1.7,2.86,2.38,5.24,15.46,0.23,0.19,0.42,1.23,252.8,224.0,98.0,318.3,87.0,66.0,297.0,81.0,50.0,85.9,120.0,67.0,,,,29,,Jacob,Murphy,J.Murphy,,,1134,3,1,6,13,0,0,0,1,0,0,13,57,,,,0.0,0.48,1.03,1.03,4.52,9,14,34
490,a,100.0,100.0,5.9,94,60.0,0,0.0,-1,1.0,0.3,324,108.0,62,1,2.8,225.0,94.0,2,269,1.5,229.0,99.0,0.3,10.5,0.0,75880,1678,104278,548,1.0,1.0,2.04,1.13,3.17,21.43,0.12,0.06,0.18,1.23,290.4,197.0,82.0,258.5,119.0,82.0,309.0,76.0,45.0,85.8,121.0,68.0,,,,29,,Joelinton Cássio,Apolinário de Lira,Joelinton,,,1574,2,1,5,22,0,0,0,8,0,0,19,192,,,,0.0,0.29,1.26,1.09,10.98,35,59,98
491,a,100.0,100.0,5.3,194,120.0,0,0.0,-2,2.0,1.1,184,64.0,71,2,2.4,289.0,127.0,2,391,2.8,125.0,51.0,0.5,13.4,0.0,208406,4365,310362,1970,2.3,2.3,1.56,2.35,3.91,27.26,0.07,0.1,0.17,1.2,336.6,162.0,60.0,433.5,41.0,38.0,165.0,169.0,92.0,93.8,97.0,58.0,1.0,1.0,,29,,Sandro,Tonali,Tonali,,,2037,0,2,7,31,0,0,0,3,0,0,25,211,,,,0.0,0.31,1.37,1.1,9.32,29,59,123
492,u,0.0,0.0,4.9,348,217.0,0,0.0,-1,1.0,0.0,677,274.0,0,0,0.0,782.0,341.0,0,0,0.0,738.0,314.0,0.0,0.0,0.0,655,0,3575,2,0.0,0.0,0.0,0.0,0.0,0.0,0.0,0.0,0.0,0.0,0.0,781.0,340.0,0.0,777.0,340.0,0.0,773.0,338.0,0.0,781.0,340.0,,,,29,,Antoñito,Cordero Campillo,Antoñito C.,has joined Cadiz on loan for the rest of the season.,,0,0,0,0,0,0,0,0,0,0,0,0,0,,,,0.0,0.0,0.0,0.0,0.0,0,0,0
494,a,100.0,100.0,5.0,250,151.0,0,0.0,0,0.0,0.1,502,181.0,21,1,1.2,440.0,197.0,0,84,0.8,291.0,133.0,0.2,4.2,0.0,12928,167,12471,255,0.3,0.3,0.8,0.37,1.17,11.48,0.12,0.06,0.18,1.75,61.0,400.0,176.0,102.5,261.0,161.0,89.0,261.0,143.0,25.1,351.0,169.0,,,,29,,Joe,Willock,Willock,,,592,0,0,2,12,0,0,0,3,0,0,6,63,,,,0.0,0.3,1.82,0.91,9.58,16,9,38
495,u,0.0,0.0,4.5,411,251.0,0,0.0,0,0.0,0.0,770,330.0,0,0,0.0,692.0,271.0,0,0,0.0,608.0,217.0,0.0,0.0,0.0,0,0,1611,1,0.0,0.0,0.0,0.0,0.0,0.0,0.0,0.0,0.0,0.0,0.0,686.0,265.0,0.0,680.0,268.0,0.0,661.0,260.0,0.0,688.0,267.0,,,,29,,Isaac,Hayden,Hayden,Has departed the club as a free agent.,,0,0,0,0,0,0,0,0,0,0,0,0,0,,,,0.0,0.0,0.0,0.0,0.0,0,0,0
496,u,0.0,0.0,4.4,558,333.0,0,0.0,-1,1.0,0.0,633,247.0,0,0,0.0,681.0,265.0,0,0,0.0,593.0,208.0,0.0,0.0,0.0,2219,0,7400,9,0.0,0.0,0.0,0.0,0.0,0.0,0.0,0.0,0.0,0.0,0.0,673.0,257.0,0.0,668.0,261.0,0.0,648.0,252.0,0.0,675.0,259.0,,,,29,,Garang,Kuol,Kuol,has joined Sparta Prague permanently.,,0,0,0,0,0,0,0,0,0,0,0,0,0,,,,0.0,0.0,0.0,0.0,0.0,0,0,0
497,d,50.0,0.0,4.4,556,332.0,0,0.0,-1,1.0,2.2,133,44.0,58,0,3.1,169.0,72.0,4,271,0.0,591.0,207.0,0.0,13.2,0.0,642504,794,664521,8633,-0.2,0.0,1.36,2.0,3.36,13.65,0.11,0.16,0.27,1.08,275.0,208.0,88.0,214.3,157.0,108.0,132.0,211.0,119.0,62.1,201.0,102.0,,,,29,,Lewis,Miley,L.Miley,Dead leg - 50% chance of playing,,1133,1,3,2,16,0,0,0,0,0,0,11,123,,,,0.0,0.16,1.27,0.87,9.77,24,42,57
498,u,0.0,0.0,4.5,438,262.0,0,0.0,0,0.0,0.0,773,333.0,0,0,0.0,706.0,281.0,0,0,0.0,626.0,228.0,0.0,0.0,0.0,117,0,1252,1,0.0,0.0,0.0,0.0,0.0,0.0,0.0,0.0,0.0,0.0,0.0,700.0,275.0,0.0,697.0,278.0,0.0,680.0,271.0,0.0,702.0,277.0,,,,29,,Joe,White,White,has joined Bradford City on loan for the rest of the season.,,0,0,0,0,0,0,0,0,0,0,0,0,0,,,,0.0,0.0,0.0,0.0,0.0,0,0,0
500,a,100.0,100.0,5.4,180,44.0,0,0.0,-1,1.0,0.2,361,58.0,30,7,1.9,358.0,42.0,2,107,2.5,152.0,20.0,0.5,5.6,0.0,73113,2499,86833,236,2.0,2.0,0.69,0.04,0.73,4.77,0.23,0.01,0.24,1.61,77.4,388.0,41.0,16.1,403.0,53.0,87.0,263.0,47.0,17.8,382.0,45.0,,,,29,,William,Osula,Osula,,,267,2,1,1,6,0,0,0,0,0,0,1,13,,,,0.0,0.34,2.02,0.34,4.38,2,1,10
714,a,100.0,75.0,6.7,49,17.0,-1,1.0,-3,3.0,6.9,56,9.0,86,0,3.4,141.0,12.0,10,300,0.8,306.0,40.0,0.1,12.8,0.0,5429873,1414,4733840,41242,0.3,0.2,6.25,0.79,7.04,20.13,0.37,0.05,0.42,1.18,358.2,151.0,14.0,182.7,180.0,15.0,381.0,55.0,22.0,91.1,102.0,15.0,,,3.0,29,,Nick,Woltemade,Woltemade,,,1530,7,3,6,25,1,0,0,0,0,0,19,79,,,,0.0,0.35,1.47,1.12,4.65,18,23,38
772,a,,,4.5,512,316.0,0,0.0,0,0.0,0.0,778,338.0,0,0,0.0,755.0,321.0,0,0,0.0,685.0,276.0,0.0,0.0,0.0,516,44,277,19,-0.5,-0.5,0.0,0.0,0.0,0.0,0.0,0.0,0.0,0.0,0.0,754.0,320.0,0.0,748.0,320.0,0.0,735.0,316.0,0.0,754.0,320.0,,,,29,,Sam,Alabi,Alabi,,,0,0,0,0,0,0,0,0,0,0,0,0,0,,,,0.0,0.0,0.0,0.0,0.0,0,0,0
12,u,0.0,0.0,4.9,304,47.0,0,0.0,-1,1.0,0.2,364,133.0,7,0,1.4,421.0,152.0,0,56,0.0,716.0,252.0,0.0,1.4,0.0,26902,0,53479,173,0.0,0.0,0.07,0.36,0.43,5.02,0.02,0.09,0.11,1.28,80.8,382.0,144.0,83.4,290.0,92.0,22.0,379.0,134.0,18.6,379.0,135.0,,,,29,,Oleksandr,Zinchenko,Zinchenko,has joined Ajax permanently.,,352,0,0,0,6,0,0,0,0,0,0,4,36,,,,0.0,0.0,1.53,1.02,6.14,10,14,17
451,u,0.0,0.0,7.0,35,20.0,0,0.0,0,0.0,0.0,709,291.0,0,0,0.0,818.0,366.0,0,0,0.0,815.0,366.0,0.0,0.0,0.0,0,0,2124,2,0.0,0.0,0.0,0.0,0.0,0.0,0.0,0.0,0.0,0.0,0.0,818.0,366.0,0.0,818.0,366.0,0.0,818.0,366.0,0.0,818.0,366.0,,,,29,,Marcus,Rashford,Rashford,Has joined Barcelona on loan for the rest of the season,,0,0,0,0,0,0,0,0,0,0,0,0,0,,,,0.0,0.0,0.0,0.0,0.0,0,0,0
452,a,100.0,100.0,6.2,78,51.0,0,0.0,-3,3.0,1.5,158,54.0,70,1,3.0,194.0,82.0,6,366,1.2,252.0,110.0,0.2,11.3,0.0,429597,2285,593334,10059,1.7,1.7,4.17,3.41,7.58,21.48,0.22,0.18,0.4,1.11,360.6,147.0,53.0,506.1,30.0,28.0,427.0,37.0,21.0,129.5,36.0,26.0,,,,29,,Amad,Diallo,Amad,,,1736,2,4,4,24,0,0,0,2,0,0,20,152,,,,0.0,0.21,1.24,1.04,7.88,31,37,84
400,d,25.0,25.0,4.7,376,15.0,0,0.0,-3,3.0,0.2,384,55.0,11,0,3.7,94.0,11.0,0,38,2.5,144.0,12.0,0.5,2.3,0.0,10959,32,24268,732,0.6,0.5,0.0,0.01,0.01,4.65,0.0,0.0,0.0,1.55,68.6,391.0,29.0,0.0,752.0,88.0,0.0,741.0,80.0,6.9,435.0,29.0,,,,29,,Stefan,Ortega Moreno,Ortega Moreno,Calf injury - 25% chance of playing,,270,0,0,1,4,0,0,0,0,0,8,3,0,,,,2.67,0.33,1.33,1.0,0.0,0,1,8
502,a,100.0,100.0,4.6,396,19.0,0,0.0,-4,4.0,4.7,76,13.0,64,1,2.9,198.0,20.0,3,262,0.8,281.0,23.0,0.2,13.9,0.0,409901,2543,2039331,2002,0.8,0.3,0.0,0.06,0.06,31.72,0.0,0.0,0.0,1.54,473.0,79.0,15.0,10.0,425.0,9.0,0.0,740.0,79.0,48.3,260.0,15.0,,,,29,,Matz,Sels,Sels,,,1857,0,0,4,31,0,0,0,2,0,63,21,75,,,,3.05,0.19,1.5,1.02,0.0,1,21,144
503,u,0.0,0.0,4.0,689,56.0,0,0.0,0,0.0,0.1,550,76.0,0,0,0.0,597.0,76.0,0,0,0.0,471.0,69.0,0.0,0.0,0.0,448,0,15657,28,0.0,0.0,0.0,0.0,0.0,0.0,0.0,0.0,0.0,0.0,0.0,587.0,76.0,0.0,578.0,63.0,0.0,549.0,50.0,0.0,589.0,76.0,,,,29,,Carlos Miguel,dos Santos Pereira,C.Miguel,Has joined Palmeiras permanently.,,0,0,0,0,0,0,0,0,0,0,0,0,0,,,,0.0,0.0,0.0,0.0,0.0,0,0,0
511,a,,,4.3,593,135.0,0,0.0,-2,2.0,0.1,506,181.0,35,1,2.3,296.0,112.0,1,145,2.2,161.0,62.0,0.5,8.1,0.0,9190,154,13374,127,2.2,1.7,0.83,0.08,0.91,14.83,0.08,0.01,0.09,1.42,233.8,237.0,92.0,20.8,393.0,143.0,59.0,311.0,94.0,31.4,328.0,112.0,,,,29,,Felipe,Rodrigues da Silva,Morato,,,938,0,0,2,17,0,0,0,4,0,0,10,124,,,,0.0,0.19,1.63,0.96,9.79,24,78,46
766,a,,,4.0,725,200.0,0,0.0,0,0.0,0.0,657,233.0,0,0,0.0,626.0,239.0,0,0,0.0,504.0,207.0,0.0,0.0,0.0,3153,156,1628,126,-0.5,-1.0,0.0,0.0,0.0,0.0,0.0,0.0,0.0,0.0,0.0,616.0,239.0,0.0,608.0,239.0,0.0,580.0,236.0,0.0,618.0,239.0,,,,29,,Saheed,Olagunju,Olagunju,,,0,0,0,0,0,0,0,0,0,0,0,0,0,,,,0.0,0.0,0.0,0.0,0.0,0,0,0
767,a,,,4.5,492,303.0,0,0.0,0,0.0,0.0,767,327.0,0,0,0.0,742.0,311.0,0,0,0.0,670.0,265.0,0.0,0.0,0.0,1081,36,681,23,-0.5,-1.0,0.0,0.0,0.0,0.0,0.0,0.0,0.0,0.0,0.0,740.0,309.0,0.0,734.0,309.0,0.0,721.0,305.0,0.0,740.0,309.0,,,,29,,Luke,Rawlings,Rawlings,,,0,0,0,0,0,0,0,0,0,0,0,0,0,,,,0.0,0.0,0.0,0.0,0.0,0,0,0
512,u,0.0,0.0,4.5,419,80.0,0,0.0,0,0.0,0.0,684,239.0,0,0,0.0,695.0,256.0,0,0,0.0,612.0,242.0,0.0,0.0,0.0,345,0,4126,3,0.0,0.0,0.0,0.0,0.0,0.0,0.0,0.0,0.0,0.0,0.0,689.0,256.0,0.0,684.0,256.0,0.0,665.0,255.0,0.0,691.0,256.0,,,,29,,Omar,Richards,O.Richards,has joined Rio Ave on loan for the rest of the season.,,0,0,0,0,0,0,0,0,0,0,0,0,0,,,,0.0,0.0,0.0,0.0,0.0,0,0,0
515,a,100.0,100.0,7.3,26,16.0,0,0.0,-2,2.0,3.9,92,30.0,122,8,4.2,54.0,26.0,11,483,5.5,25.0,13.0,0.8,16.7,0.0,959286,67737,1125126,3930,5.5,5.0,7.62,2.11,9.73,40.2,0.28,0.08,0.36,1.46,531.0,62.0,17.0,641.9,14.0,14.0,588.0,21.0,9.0,175.9,13.0,9.0,,3.0,2.0,29,,Morgan,Gibbs-White,Gibbs-White,,,2477,8,2,7,39,0,0,0,1,0,0,28,140,,,,0.0,0.25,1.42,1.02,5.09,15,39,86
516,a,100.0,100.0,5.7,114,72.0,0,0.0,-3,3.0,0.7,221,77.0,74,4,2.7,238.0,98.0,6,311,3.0,111.0,47.0,0.5,13.0,0.0,266256,1616,337157,1279,3.0,2.5,2.69,2.34,5.03,28.34,0.15,0.13,0.28,1.56,312.8,181.0,73.0,528.2,25.0,24.0,300.0,80.0,49.0,113.8,60.0,40.0,,,,29,,Callum,Hudson-Odoi,Hudson-Odoi,,,1634,3,2,5,25,0,0,0,0,0,0,18,97,,,,0.0,0.28,1.38,0.99,5.34,13,20,64
517,a,,,5.5,141,87.0,1,-1.0,0,0.0,7.1,55,20.0,131,12,4.5,34.0,15.0,10,602,5.8,18.0,9.0,1.1,23.8,0.0,1452578,123453,1283885,6221,5.8,5.3,2.45,3.17,5.62,41.51,0.08,0.11,0.19,1.44,669.0,20.0,6.0,752.8,6.0,6.0,232.0,106.0,66.0,165.7,16.0,12.0,1.0,1.0,4.0,29,,Elliot,Anderson,Anderson,,,2596,2,3,7,42,0,0,0,5,0,0,29,406,,,,0.0,0.24,1.46,1.01,14.08,83,80,243
518,u,0.0,0.0,5.4,176,109.0,0,0.0,-1,1.0,0.0,620,241.0,1,0,1.0,501.0,234.0,0,6,0.0,784.0,344.0,0.0,0.2,0.0,1029,0,9144,8,0.0,0.0,0.0,0.0,0.0,0.0,0.0,0.0,0.0,0.0,5.0,475.0,215.0,0.5,476.0,229.0,4.0,437.0,216.0,1.0,485.0,223.0,,,,29,,João Pedro,Ferreira da Silva,Jota,has joined Besiktas on loan for the rest of the season.,,11,0,0,0,0,0,0,0,0,0,0,0,3,,,,0.0,0.0,0.0,0.0,24.55,2,1,0
519,a,100.0,100.0,5.0,258,156.0,0,0.0,0,0.0,0.0,632,246.0,36,2,2.0,335.0,147.0,3,157,0.8,293.0,135.0,0.2,7.2,0.0,5146,58,3838,99,0.8,0.3,1.09,0.44,1.53,16.99,0.11,0.04,0.15,1.73,182.6,278.0,118.0,153.5,201.0,129.0,119.0,224.0,125.0,45.6,270.0,135.0,,,,29,,Nicolás,Domínguez,Dominguez,,,886,1,0,3,18,0,0,0,2,0,0,13,97,,,,0.0,0.3,1.83,1.32,9.85,38,19,40
520,u,0.0,0.0,5.0,256,155.0,0,0.0,0,0.0,0.0,815,363.0,0,0,0.0,785.0,343.0,0,0,0.0,743.0,316.0,0.0,0.0,0.0,0,0,118,0,0.0,0.0,0.0,0.0,0.0,0.0,0.0,0.0,0.0,0.0,0.0,784.0,342.0,0.0,781.0,342.0,0.0,778.0,340.0,0.0,784.0,342.0,,,,29,,Lewis,O'Brien,O'Brien,Has joined Wrexham permanently.,,0,0,0,0,0,0,0,0,0,0,0,0,0,,,,0.0,0.0,0.0,0.0,0.0,0,0,0
523,a,100.0,100.0,4.5,472,288.0,0,0.0,0,0.0,0.1,568,210.0,0,0,0.0,727.0,300.0,0,0,0.0,652.0,251.0,0.0,0.0,0.0,2675,80,16809,58,0.0,-0.5,0.0,0.0,0.0,0.0,0.0,0.0,0.0,0.0,0.0,724.0,297.0,0.0,719.0,298.0,0.0,705.0,293.0,0.0,725.0,298.0,,,,29,,Eric,da Silva Moreira,Da Silva Moreira,,,0,0,0,0,0,0,0,0,0,0,0,0,0,,,,0.0,0.0,0.0,0.0,0.0,0,0,0
669,d,75.0,100.0,5.5,148,93.0,0,0.0,-5,5.0,0.7,218,76.0,47,0,2.2,311.0,136.0,4,168,0.8,300.0,140.0,0.1,8.5,0.0,544919,142,574013,360,0.6,0.3,1.05,1.51,2.56,15.55,0.09,0.12,0.21,1.26,165.0,293.0,129.0,216.0,155.0,106.0,178.0,156.0,86.0,56.1,227.0,112.0,4.0,,,29,,Dan,Ndoye,Ndoye,Knock - 75% chance of playing,,1111,1,2,2,17,0,0,0,1,0,0,14,94,,,,0.0,0.16,1.38,1.13,7.61,22,23,49
675,a,100.0,100.0,4.0,664,43.0,0,0.0,0,0.0,1.1,181,23.0,1,0,1.0,454.0,34.0,0,4,0.0,449.0,56.0,0.0,0.2,0.0,30367,111,100480,401,0.0,-0.5,0.0,0.0,0.0,0.21,0.0,0.0,0.0,0.42,1.2,494.0,34.0,0.0,557.0,50.0,0.0,528.0,37.0,0.1,505.0,34.0,,,,29,,Angus,Gunn,Gunn,,,45,0,0,0,0,0,0,0,0,0,0,0,0,,,,0.0,0.0,0.0,0.0,0.0,0,1,4
693,a,,,5.4,175,108.0,0,0.0,-1,1.0,0.1,523,190.0,60,0,2.7,235.0,97.0,3,237,1.8,206.0,87.0,0.3,11.1,0.0,32529,108,27622,305,1.8,1.3,1.72,2.99,4.71,17.33,0.13,0.23,0.36,1.35,244.8,230.0,100.0,401.6,52.0,43.0,275.0,89.0,56.0,91.9,101.0,61.0,2.0,,,29,,Omari,Hutchinson,Hutchinson,,,1153,1,5,4,17,0,0,0,0,0,0,11,90,,,,0.0,0.31,1.33,0.86,7.03,17,13,60
696,u,0.0,0.0,6.0,90,28.0,0,0.0,0,0.0,0.1,448,66.0,9,0,1.0,504.0,61.0,0,24,0.0,804.0,85.0,0.0,1.5,0.0,15291,0,18327,70,0.0,0.0,0.44,0.02,0.46,1.57,0.44,0.02,0.46,1.59,6.8,470.0,56.0,17.7,400.0,52.0,39.0,340.0,53.0,6.3,438.0,56.0,,,,29,,Arnaud,Kalimuendo,Kalimuendo,has joined Eintracht Frankfurt on loan for the rest of the season.,,89,0,0,0,3,0,0,0,0,0,0,0,6,,,,0.0,0.0,3.03,0.0,6.07,1,1,4
4,a,,,3.9,776,90.0,0,0.0,-1,1.0,0.2,360,52.0,0,0,0.0,567.0,59.0,0,0,0.0,438.0,50.0,0.0,0.0,0.0,33775,106,33545,337,1.0,1.0,0.0,0.0,0.0,0.0,0.0,0.0,0.0,0.0,0.0,557.0,59.0,0.0,545.0,43.0,0.0,515.0,30.0,0.0,559.0,59.0,,,,29,,Tommy,Setford,Setford,,,0,0,0,0,0,0,0,0,0,0,0,0,0,,,,0.0,0.0,0.0,0.0,0.0,0,0,0
715,i,0.0,0.0,4.0,672,46.0,0,0.0,0,0.0,0.3,305,41.0,11,0,2.2,304.0,27.0,0,32,0.0,455.0,59.0,0.0,2.8,0.0,66140,83,46751,573,0.0,0.0,0.0,0.0,0.0,6.13,0.0,0.0,0.0,1.26,56.4,407.0,31.0,0.0,563.0,53.0,0.0,534.0,40.0,5.7,440.0,31.0,,,,29,,John Victor,Maciel Furtado,John,Knee injury - Expected back 01 Jun,,437,0,0,1,8,0,0,0,1,0,6,5,0,,,,1.24,0.21,1.65,1.03,0.0,0,4,26
716,i,0.0,0.0,4.5,451,91.0,0,0.0,0,0.0,0.1,567,203.0,39,0,2.8,213.0,82.0,0,131,0.0,634.0,246.0,0.0,8.7,0.0,46674,7,43935,203,0.0,0.0,1.34,0.45,1.79,15.04,0.12,0.04,0.16,1.32,216.6,255.0,104.0,123.2,226.0,58.0,94.0,252.0,70.0,43.5,276.0,91.0,,,,29,,Nicolò,Savona,Savona,Knee injury - Unknown return date,,1025,2,0,3,18,0,0,0,2,0,0,11,69,,,,0.0,0.26,1.58,0.97,5.0,20,37,27
805,a,,,5.5,149,36.0,0,0.0,0,0.0,0.0,681,87.0,8,0,2.7,236.0,25.0,0,34,0.8,301.0,37.0,0.1,1.5,0.0,5591,164,3382,321,0.8,0.3,0.72,0.01,0.73,1.87,0.54,0.01,0.55,1.41,37.2,423.0,49.0,12.7,411.0,54.0,31.0,359.0,54.0,7.9,430.0,55.0,,,,29,,Lorenzo,Lucca,Lucca,,,119,1,0,1,1,0,0,0,0,0,0,1,5,,,,0.0,0.76,0.76,0.76,3.78,0,4,1
814,a,,,4.5,441,88.0,0,0.0,0,0.0,0.0,786,262.0,2,0,1.0,475.0,171.0,0,8,0.2,357.0,129.0,0.0,0.4,0.0,372,45,154,14,0.2,-0.3,0.0,0.36,0.36,0.05,0.0,0.68,0.68,0.09,7.8,468.0,170.0,1.7,457.0,167.0,2.0,448.0,169.0,1.1,482.0,171.0,,,,29,,Luca,Netz,Netz,,,48,0,0,0,0,0,0,0,0,0,0,0,1,,,,0.0,0.0,0.0,0.0,1.88,0,1,3
528,u,0.0,0.0,4.2,632,34.0,0,0.0,-3,3.0,0.2,408,60.0,0,0,0.0,638.0,88.0,0,0,0.0,524.0,83.0,0.0,0.0,0.0,10565,0,34335,203,0.0,0.0,0.0,0.0,0.0,0.0,0.0,0.0,0.0,0.0,0.0,629.0,88.0,0.0,622.0,78.0,0.0,597.0,66.0,0.0,631.0,88.0,,,,29,,Anthony,Patterson,Patterson,has joined Millwall on loan for the rest of the season.,,0,0,0,0,0,0,0,0,0,0,0,0,0,,,,0.0,0.0,0.0,0.0,0.0,0,0,0
530,u,0.0,0.0,3.9,769,86.0,0,0.0,-1,1.0,0.1,458,69.0,0,0,0.0,561.0,56.0,0,0,0.0,432.0,47.0,0.0,0.0,0.0,7473,0,13191,120,0.0,0.0,0.0,0.0,0.0,0.0,0.0,0.0,0.0,0.0,0.0,551.0,56.0,0.0,538.0,39.0,0.0,508.0,26.0,0.0,553.0,56.0,,,,29,,Blondy,Nna Noukeu,Nna Noukeu,has joined US Boulogne CO permanently.,,0,0,0,0,0,0,0,0,0,0,0,0,0,,,,0.0,0.0,0.0,0.0,0.0,0,0,0
531,a,100.0,100.0,4.6,399,68.0,0,0.0,1,-1.0,3.8,95,33.0,114,9,4.6,28.0,9.0,9,353,5.2,31.0,12.0,1.1,24.8,0.0,1191195,45315,973630,3113,5.2,5.2,2.37,0.58,2.95,29.82,0.11,0.03,0.14,1.38,612.4,36.0,14.0,153.6,200.0,51.0,348.0,62.0,3.0,111.5,68.0,11.0,,,,29,,Daniel,Ballard,Ballard,,,1941,2,2,6,27,0,0,0,3,0,0,21,254,,,,0.0,0.28,1.25,0.97,11.22,30,212,60
532,a,,,4.5,443,89.0,0,0.0,0,0.0,0.3,304,112.0,85,8,2.9,197.0,76.0,6,300,3.2,91.0,33.0,0.7,18.9,0.0,76917,1221,70022,385,3.2,3.2,1.56,1.01,2.57,38.85,0.06,0.04,0.1,1.46,386.6,131.0,59.0,269.8,116.0,30.0,178.0,155.0,32.0,82.5,130.0,40.0,2.0,,,29,,Trai,Hume,Hume,,,2399,0,1,8,31,0,0,0,7,0,0,27,194,,,,0.0,0.3,1.16,1.01,6.27,55,112,80
533,u,0.0,0.0,4.0,671,166.0,0,0.0,0,0.0,0.0,791,263.0,0,0,0.0,582.0,213.0,0,0,0.0,454.0,176.0,0.0,0.0,0.0,611,0,861,2,0.0,0.0,0.0,0.0,0.0,0.0,0.0,0.0,0.0,0.0,0.0,572.0,213.0,0.0,562.0,213.0,0.0,533.0,209.0,0.0,574.0,213.0,,,,29,,Aji,Alese,Alese,has joined Portsmouth on loan for the rest of the season.,,0,0,0,0,0,0,0,0,0,0,0,0,0,,,,0.0,0.0,0.0,0.0,0.0,0,0,0
535,d,50.0,0.0,4.0,682,171.0,0,0.0,0,0.0,0.0,597,213.0,13,0,2.2,305.0,114.0,0,44,0.0,465.0,181.0,0.0,3.2,0.0,7350,16,6769,274,0.0,0.0,0.0,0.02,0.02,6.04,0.0,0.01,0.01,1.84,58.2,406.0,154.0,8.7,431.0,155.0,2.0,440.0,164.0,6.8,436.0,157.0,,,,29,,Dennis,Cirkin,Cirkin,Hamstring injury - 50% chance of playing,,296,0,0,1,2,0,0,0,1,0,0,3,26,,,,0.0,0.3,0.61,0.91,7.91,8,18,7
536,u,0.0,0.0,4.0,690,174.0,0,0.0,0,0.0,0.0,722,251.0,0,0,0.0,598.0,219.0,0,0,0.0,472.0,183.0,0.0,0.0,0.0,1255,0,1482,31,0.0,0.0,0.0,0.0,0.0,0.0,0.0,0.0,0.0,0.0,0.0,588.0,219.0,0.0,579.0,219.0,0.0,550.0,215.0,0.0,590.0,219.0,,,,29,,Leo Fuhr,Hjelde,Hjelde,has joined Sheffield United on loan for the rest of the season.,,0,0,0,0,0,0,0,0,0,0,0,0,0,,,,0.0,0.0,0.0,0.0,0.0,0,0,0
537,u,0.0,0.0,4.0,692,175.0,0,0.0,0,0.0,0.1,539,193.0,0,0,0.0,600.0,220.0,0,0,0.0,474.0,184.0,0.0,0.0,0.0,1038,0,16176,17,0.0,0.0,0.0,0.0,0.0,0.0,0.0,0.0,0.0,0.0,0.0,590.0,220.0,0.0,581.0,220.0,0.0,552.0,216.0,0.0,592.0,220.0,,,,29,,Niall,Huggins,Huggins,has joined Wycombe Wanderers on loan for the rest of the season.,,0,0,0,0,0,0,0,0,0,0,0,0,0,,,,0.0,0.0,0.0,0.0,0.0,0,0,0
539,a,100.0,100.0,4.0,669,164.0,0,0.0,0,0.0,0.1,543,196.0,7,5,1.2,437.0,157.0,0,26,1.2,237.0,87.0,0.3,1.8,0.0,7418,308,7526,89,1.2,1.2,0.0,0.02,0.02,2.01,0.0,0.02,0.02,1.62,10.4,459.0,167.0,2.2,455.0,166.0,2.0,439.0,163.0,1.5,473.0,169.0,,,,29,,Luke,O'Nien,O'Nien,,,112,0,0,1,0,0,0,0,1,1,0,1,7,,,,0.0,0.8,0.0,0.8,5.62,3,4,5
541,d,50.0,0.0,3.8,792,239.0,0,0.0,-2,2.0,2.9,110,43.0,51,0,3.0,184.0,68.0,5,181,0.2,345.0,120.0,0.1,13.4,0.0,614777,812,1049395,7079,0.1,0.0,0.13,0.46,0.59,19.99,0.01,0.03,0.04,1.26,285.4,201.0,79.0,94.0,271.0,81.0,37.0,342.0,112.0,41.8,285.0,93.0,,,,29,,Reinildo,Mandava,Reinildo,Knee injury - 50% chance of playing,,1427,0,2,4,20,0,0,0,6,1,0,17,141,,,,0.0,0.25,1.26,1.07,7.69,27,95,67
542,u,0.0,0.0,4.0,710,187.0,0,0.0,0,0.0,0.1,504,180.0,2,0,1.0,455.0,165.0,0,11,0.0,489.0,194.0,0.0,0.5,0.0,3016,0,25241,27,0.0,0.0,0.0,0.01,0.01,1.33,0.0,0.01,0.01,0.9,33.6,429.0,160.0,2.4,453.0,165.0,0.0,566.0,224.0,3.6,456.0,164.0,,,,29,,Jenson,Seelt,Seelt,has joined Wolfsburg on loan for the rest of the season.,,133,0,0,0,2,0,0,0,0,0,0,1,18,,,,0.0,0.0,1.35,0.68,8.12,4,8,6
543,u,0.0,0.0,4.9,341,210.0,0,0.0,-6,6.0,0.3,294,100.0,34,0,2.4,286.0,124.0,3,81,0.0,734.0,310.0,0.0,6.9,0.0,90681,0,230484,342,0.0,0.0,0.35,0.62,0.97,11.3,0.05,0.09,0.14,1.57,81.4,380.0,170.0,116.8,235.0,148.0,75.0,288.0,157.0,27.0,346.0,167.0,,,,29,,Simon,Adingra,Adingra,has joined AS Monaco on loan for the rest of the season.,,649,1,1,4,8,0,0,0,2,0,0,9,45,,,,0.0,0.55,1.11,1.25,6.24,11,13,21
544,a,100.0,100.0,5.3,201,124.0,0,0.0,-2,2.0,0.1,478,167.0,44,7,3.7,99.0,47.0,3,137,4.0,66.0,33.0,0.8,8.3,0.0,17089,2291,19154,394,4.0,4.0,2.03,0.41,2.44,12.96,0.2,0.04,0.24,1.26,110.2,348.0,155.0,67.4,309.0,173.0,155.0,182.0,101.0,32.6,323.0,158.0,,,1.0,29,,Habib,Diarra,Diarra,,,925,2,3,4,9,0,0,0,4,0,0,10,55,,,,0.0,0.39,0.88,0.97,5.35,10,16,29
545,u,0.0,0.0,5.4,158,98.0,0,0.0,-1,1.0,0.0,729,303.0,1,0,1.0,500.0,233.0,0,4,0.0,775.0,338.0,0.0,0.2,0.0,462,0,4081,0,0.0,0.0,0.03,0.02,0.05,0.66,0.1,0.07,0.17,2.2,1.8,491.0,226.0,7.3,434.0,210.0,5.0,430.0,210.0,1.4,479.0,221.0,,,,29,,Patrick,Roberts,Roberts,has joined Birmingham City permanently.,,27,0,0,0,1,0,0,0,0,0,0,0,1,,,,0.0,0.0,3.33,0.0,3.33,0,0,1
547,a,100.0,100.0,5.0,267,162.0,0,0.0,0,0.0,1.4,165,57.0,107,5,3.8,84.0,39.0,8,430,4.8,50.0,24.0,1.0,21.4,0.0,373776,7090,246840,3763,4.8,4.8,4.58,2.93,7.51,37.38,0.18,0.11,0.29,1.47,533.2,59.0,15.0,566.5,22.0,22.0,199.0,134.0,78.0,130.0,35.0,25.0,3.0,2.0,2.0,29,,Enzo,Le Fée,E.Le Fée,,,2295,4,4,8,31,0,0,1,5,0,0,26,246,,,,0.0,0.31,1.22,1.02,9.65,67,63,116
548,i,0.0,0.0,4.9,330,204.0,0,0.0,-1,1.0,0.0,749,319.0,14,0,1.0,491.0,225.0,0,42,0.5,328.0,149.0,0.1,2.9,0.0,1122,4,1598,32,0.0,0.0,0.87,0.48,1.35,8.54,0.2,0.11,0.31,1.93,29.4,433.0,191.0,33.6,369.0,189.0,69.0,295.0,159.0,12.7,405.0,183.0,,,,29,,Romaine,Mundle,Mundle,Hamstring injury - Expected back 22 Mar,,399,0,0,0,11,0,0,0,1,0,0,2,33,,,,0.0,0.0,2.48,0.45,7.44,5,6,22
549,u,0.0,0.0,4.8,362,226.0,0,0.0,-2,2.0,0.0,654,260.0,3,0,1.0,489.0,224.0,0,10,0.0,703.0,289.0,0.0,0.6,0.0,1972,0,4648,17,0.0,0.0,0.0,0.0,0.0,0.64,0.0,0.0,0.0,4.43,3.0,484.0,222.0,1.4,463.0,223.0,0.0,750.0,324.0,0.4,495.0,227.0,,,,29,,Dan,Neil,Neil,has joined Ipswich Town on loan for the rest of the season.,,13,0,0,0,0,0,0,0,0,0,0,0,2,,,,0.0,0.0,0.0,0.0,13.85,0,2,0
555,u,0.0,0.0,4.5,413,252.0,0,0.0,0,0.0,0.0,647,256.0,0,0,0.0,693.0,272.0,0,0,0.0,609.0,218.0,0.0,0.0,0.0,1291,0,9847,9,0.0,0.0,0.0,0.0,0.0,0.0,0.0,0.0,0.0,0.0,0.0,687.0,266.0,0.0,681.0,269.0,0.0,662.0,261.0,0.0,689.0,268.0,,,,29,,Alan,Browne,Browne,has joined Middlesbrough on loan for the rest of the season.,,0,0,0,0,0,0,0,0,0,0,0,0,0,,,,0.0,0.0,0.0,0.0,0.0,0,0,0
556,u,0.0,0.0,4.5,436,260.0,0,0.0,0,0.0,0.0,774,334.0,0,0,0.0,704.0,279.0,0,0,0.0,624.0,226.0,0.0,0.0,0.0,0,0,1803,1,0.0,0.0,0.0,0.0,0.0,0.0,0.0,0.0,0.0,0.0,0.0,698.0,273.0,0.0,695.0,276.0,0.0,678.0,269.0,0.0,700.0,275.0,,,,29,,Pierre,Ekwah Elimby,Ekwah,Has joined AS Saint-Etienne permanently.,,0,0,0,0,0,0,0,0,0,0,0,0,0,,,,0.0,0.0,0.0,0.0,0.0,0,0,0
557,a,,,4.3,609,355.0,0,0.0,-2,2.0,0.1,534,195.0,0,0,0.0,656.0,249.0,0,0,0.0,558.0,188.0,0.0,0.0,0.0,8768,155,10440,122,0.0,0.0,0.0,0.0,0.0,0.0,0.0,0.0,0.0,0.0,0.0,646.0,239.0,0.0,642.0,244.0,0.0,619.0,233.0,0.0,648.0,241.0,,,,29,,Harrison,Jones,H.Jones,,,0,0,0,0,0,0,0,0,0,0,0,0,0,,,,0.0,0.0,0.0,0.0,0.0,0,0,0
558,u,0.0,0.0,4.3,599,350.0,0,0.0,-2,2.0,0.2,397,134.0,0,0,0.0,651.0,246.0,0,0,0.0,551.0,183.0,0.0,0.0,0.0,30710,0,45385,237,0.0,0.0,0.0,0.0,0.0,0.0,0.0,0.0,0.0,0.0,0.0,641.0,236.0,0.0,636.0,241.0,0.0,612.0,229.0,0.0,643.0,238.0,,,,29,,Jay,Matete,Matete,has joined MK Dons permanently.,,0,0,0,0,0,0,0,0,0,0,0,0,0,,,,0.0,0.0,0.0,0.0,0.0,0,0,0
559,u,0.0,0.0,4.4,547,326.0,0,0.0,-1,1.0,0.0,646,255.0,0,0,0.0,674.0,261.0,0,0,0.0,583.0,201.0,0.0,0.0,0.0,2951,0,8641,12,0.0,0.0,0.0,0.0,0.0,0.0,0.0,0.0,0.0,0.0,0.0,665.0,252.0,0.0,661.0,257.0,0.0,639.0,246.0,0.0,667.0,254.0,,,,29,,Nectarios,Triantis,Triantis,has joined Minnesota United permanently.,,0,0,0,0,0,0,0,0,0,0,0,0,0,,,,0.0,0.0,0.0,0.0,0.0,0,0,0
560,a,100.0,100.0,5.1,234,52.0,0,0.0,-4,4.0,1.4,167,26.0,60,4,2.3,299.0,31.0,7,193,1.8,204.0,25.0,0.4,11.8,0.0,965301,2258,872098,3118,1.8,1.8,3.73,0.17,3.9,17.94,0.32,0.01,0.33,1.53,168.8,291.0,28.0,24.2,389.0,51.0,384.0,52.0,20.0,57.6,219.0,27.0,,,,29,,Wilson,Isidor,Isidor,,,1056,4,1,4,15,0,0,0,1,0,0,11,44,,,,0.0,0.34,1.28,0.94,3.75,9,16,19
561,a,,,5.2,218,50.0,0,0.0,-3,3.0,0.5,253,39.0,37,1,2.2,310.0,33.0,5,117,2.8,124.0,17.0,0.5,7.1,0.0,269961,1174,305739,842,2.8,2.8,2.13,0.22,2.35,12.63,0.26,0.03,0.29,1.54,115.6,344.0,35.0,53.5,336.0,40.0,188.0,148.0,37.0,35.3,311.0,37.0,,,,29,,Eliezer,Mayenda Dossou,Mayenda,,,737,2,0,3,9,0,0,0,0,0,0,8,26,,,,0.0,0.37,1.1,0.98,3.18,5,7,14
562,a,,,4.2,648,91.0,0,0.0,-3,3.0,0.5,267,42.0,0,0,0.0,643.0,65.0,0,0,0.0,534.0,50.0,0.0,0.0,0.0,68358,741,90440,1203,0.0,0.0,0.0,0.0,0.0,0.0,0.0,0.0,0.0,0.0,0.0,634.0,65.0,0.0,628.0,64.0,0.0,603.0,64.0,0.0,636.0,65.0,,,,29,,Ahmed,Abdullahi,Abdullahi,,,0,0,0,0,0,0,0,0,0,0,0,0,0,,,,0.0,0.0,0.0,0.0,0.0,0,0,0
668,a,100.0,100.0,5.1,222,137.0,0,0.0,1,-1.0,3.4,100,33.0,94,1,3.8,85.0,40.0,5,455,1.0,265.0,120.0,0.2,18.4,0.0,1366524,2715,1344710,6300,1.0,1.0,0.59,2.29,2.88,33.68,0.03,0.1,0.13,1.45,543.0,55.0,14.0,444.4,39.0,36.0,81.0,275.0,150.0,106.8,74.0,47.0,1.0,1.0,,29,,Granit,Xhaka,Xhaka,,,2091,1,5,7,25,0,0,0,4,0,0,23,260,,,,0.0,0.3,1.08,0.99,11.19,36,109,115
670,d,25.0,,4.9,337,13.0,0,0.0,4,-4.0,9.9,31,6.0,110,0,3.9,73.0,6.0,9,474,1.2,244.0,19.0,0.2,22.4,0.0,2167813,689,1097738,172365,0.3,1.2,0.0,0.1,0.1,41.0,0.0,0.0,0.0,1.46,704.0,12.0,2.0,40.0,355.0,2.0,0.0,770.0,88.0,74.3,152.0,2.0,,,,29,,Robin,Roefs,Roefs,Hamstring injury - 25% chance of playing,,2520,0,0,8,34,0,1,0,3,0,85,28,110,,,,3.04,0.29,1.21,1.0,0.0,0,33,277
678,u,0.0,0.0,3.9,747,214.0,0,0.0,-1,1.0,0.5,260,97.0,1,0,0.3,517.0,180.0,0,4,0.0,415.0,161.0,0.0,0.3,0.0,52353,0,82937,353,0.0,0.0,0.07,0.08,0.15,2.09,0.05,0.06,0.11,1.5,21.8,441.0,164.0,20.1,394.0,144.0,7.0,419.0,158.0,4.9,448.0,161.0,,,,29,,Arthur,Masuaku,Masuaku,has joined RC Lens on loan for the rest of the season.,,125,0,0,0,2,0,0,0,1,0,0,2,13,,,,0.0,0.0,1.44,1.44,7.2,4,6,3
724,a,,,4.5,425,84.0,0,0.0,0,0.0,0.1,581,207.0,41,1,1.8,368.0,140.0,0,172,1.8,196.0,75.0,0.4,9.1,0.0,9649,176,6577,173,1.8,1.8,0.44,0.7,1.14,25.42,0.03,0.05,0.08,1.86,207.2,261.0,106.0,106.9,255.0,71.0,46.0,328.0,107.0,36.0,304.0,102.0,,,,29,,Lutsharel,Geertruida,Geertruida,,,1231,0,0,2,19,0,0,0,0,0,0,12,104,,,,0.0,0.15,1.39,0.88,6.43,31,57,52
730,d,75.0,0.0,5.4,170,41.0,0,0.0,-1,1.0,0.7,223,33.0,62,0,2.8,223.0,22.0,8,224,0.8,298.0,36.0,0.1,11.5,0.0,334865,193,262601,10368,0.6,0.0,2.6,0.41,3.01,21.13,0.2,0.03,0.23,1.59,236.4,236.0,21.0,95.8,268.0,26.0,264.0,94.0,27.0,58.2,215.0,26.0,,,,29,,Brian,Brobbey,Brobbey,Groin Injury - 75% chance of playing,,1193,5,1,4,17,0,0,0,3,0,0,13,50,,,,0.0,0.3,1.28,0.98,3.77,7,12,31
735,d,25.0,100.0,5.5,136,84.0,0,0.0,0,0.0,0.0,640,251.0,30,1,2.5,273.0,116.0,1,118,0.5,333.0,153.0,0.1,5.5,0.0,13827,21,13046,111,0.1,0.5,0.48,0.25,0.73,9.74,0.07,0.04,0.11,1.38,115.6,345.0,153.0,108.4,253.0,158.0,135.0,206.0,116.0,35.9,305.0,149.0,,,,29,,Bertrand,Traoré,Traoré,Knee injury - 25% chance of playing,,634,1,1,3,9,0,0,0,1,0,0,9,40,,,,0.0,0.43,1.28,1.28,5.68,11,11,18
775,u,0.0,0.0,4.5,491,302.0,0,0.0,0,0.0,0.0,817,365.0,0,0,0.0,741.0,310.0,0,0,0.0,669.0,264.0,0.0,0.0,0.0,160,0,139,0,0.0,0.0,0.0,0.0,0.0,0.0,0.0,0.0,0.0,0.0,0.0,739.0,308.0,0.0,733.0,308.0,0.0,720.0,304.0,0.0,739.0,308.0,,,,29,,Tymur,Tutierov,Tutierov,has joined Exeter City on loan for the rest of the season.,,0,0,0,0,0,0,0,0,0,0,0,0,0,,,,0.0,0.0,0.0,0.0,0.0,0,0,0
800,i,0.0,0.0,5.0,285,177.0,0,0.0,0,0.0,0.0,816,364.0,1,0,1.0,496.0,229.0,0,4,0.2,369.0,168.0,0.0,0.2,0.0,141,6,104,14,0.0,0.0,0.0,0.04,0.04,0.24,0.0,0.09,0.09,0.57,3.4,481.0,219.0,4.3,444.0,214.0,2.0,456.0,224.0,1.0,484.0,222.0,1.0,,,29,,Djiamgone Jocelin Ta,Bi,Jocelin.T,Ankle injury - Expected back 22 Mar,,38,0,0,0,0,0,0,0,0,0,0,1,3,,,,0.0,0.0,0.0,2.37,7.11,1,0,2
812,a,,,4.0,703,61.0,0,0.0,0,0.0,0.1,562,77.0,10,10,10.0,1.0,1.0,3,32,2.5,138.0,11.0,0.6,2.5,0.0,7138,6454,397,174,2.5,2.5,0.0,0.0,0.0,1.15,0.0,0.0,0.0,1.15,25.6,438.0,32.0,0.0,590.0,68.0,0.0,561.0,55.0,2.6,463.0,32.0,,,,29,,Melker,Ellborg,Ellborg,,,90,0,0,1,0,0,0,0,0,0,4,1,0,,,,4.0,1.0,0.0,1.0,0.0,0,2,11
813,a,,,5.0,277,171.0,0,0.0,0,0.0,0.0,765,326.0,9,3,1.8,374.0,160.0,0,27,2.0,185.0,74.0,0.4,1.8,0.0,882,92,344,48,2.0,2.0,0.49,0.08,0.57,5.65,0.17,0.03,0.2,2.0,36.2,425.0,187.0,28.3,380.0,193.0,62.0,305.0,165.0,12.6,407.0,184.0,,,,29,,Nilson,Angulo,Angulo,,,254,0,0,1,4,0,0,0,0,0,0,3,23,,,,0.0,0.35,1.42,1.06,8.15,7,10,6
565,a,,,4.7,381,16.0,0,0.0,-3,3.0,5.6,66,10.0,85,1,2.9,200.0,21.0,6,392,1.0,260.0,21.0,0.2,18.1,0.0,1351814,901,1410711,11329,0.5,1.0,0.0,0.02,0.02,43.03,0.0,0.0,0.0,1.48,651.6,26.0,7.0,0.1,489.0,15.0,0.0,743.0,81.0,65.4,194.0,9.0,,,,29,,Guglielmo,Vicario,Vicario,,,2610,0,0,7,46,0,0,0,1,0,76,29,97,,,,2.62,0.24,1.59,1.0,0.0,1,34,231
566,a,,,3.9,754,78.0,0,0.0,-1,1.0,0.3,321,45.0,0,0,0.0,550.0,48.0,0,0,0.0,421.0,39.0,0.0,0.0,0.0,21025,86,24476,170,-0.5,0.0,0.0,0.0,0.0,0.0,0.0,0.0,0.0,0.0,0.0,540.0,48.0,0.0,527.0,31.0,0.0,497.0,18.0,0.0,542.0,48.0,,,,29,,Brandon,Austin,Austin,,,0,0,0,0,0,0,0,0,0,0,0,0,0,,,,0.0,0.0,0.0,0.0,0.0,0,0,0
567,a,,,3.9,768,85.0,0,0.0,-1,1.0,1.6,154,19.0,0,0,0.0,560.0,55.0,0,0,0.0,431.0,46.0,0.0,0.0,0.0,126221,313,176138,1161,-0.5,0.0,0.0,0.0,0.0,0.0,0.0,0.0,0.0,0.0,0.0,550.0,55.0,0.0,537.0,38.0,0.0,507.0,25.0,0.0,552.0,55.0,,,,29,,Antonín,Kinský,Kinsky,,,0,0,0,0,0,0,0,0,0,0,0,0,0,,,,0.0,0.0,0.0,0.0,0.0,0,0,0
568,a,100.0,100.0,5.1,235,33.0,0,0.0,-4,4.0,9.2,37,13.0,80,1,3.2,157.0,58.0,4,348,0.2,370.0,132.0,0.0,15.7,0.0,1475056,2698,3025899,7184,-0.3,0.2,0.56,2.9,3.46,29.02,0.03,0.13,0.16,1.32,445.0,88.0,39.0,554.1,23.0,1.0,94.0,254.0,72.0,109.5,70.0,13.0,2.0,2.0,,29,,Pedro,Porro Sauceda,Pedro Porro,,,1983,0,3,7,29,0,0,0,6,0,0,23,184,,,,0.0,0.32,1.32,1.04,6.76,49,100,100
569,d,75.0,0.0,5.0,254,39.0,0,0.0,0,0.0,3.1,106,41.0,89,0,4.2,50.0,20.0,10,288,0.0,741.0,257.0,0.0,17.8,0.0,1018274,1801,1203316,4183,-0.4,0.0,1.33,1.2,2.53,25.77,0.07,0.06,0.13,1.36,543.2,54.0,25.0,110.8,247.0,68.0,206.0,126.0,22.0,86.0,119.0,37.0,,,,29,,Cristian,Romero,Romero,Head injury - 75% chance of playing,,1710,4,1,5,29,0,0,0,8,2,0,20,209,,,,0.0,0.26,1.53,1.05,9.58,53,129,80
570,a,100.0,100.0,4.2,627,141.0,0,0.0,-3,3.0,0.1,438,163.0,31,3,2.1,318.0,116.0,1,119,1.0,256.0,93.0,0.2,7.4,0.0,17348,230,30800,110,0.5,1.0,0.19,0.19,0.38,12.49,0.02,0.02,0.04,1.5,220.8,250.0,99.0,10.4,419.0,153.0,33.0,355.0,119.0,26.5,349.0,119.0,,,,29,,Kevin,Danso,Danso,,,749,0,0,2,15,0,0,0,4,0,0,9,111,,,,0.0,0.24,1.8,1.08,12.5,16,88,31
571,i,0.0,0.0,4.3,576,124.0,0,0.0,-2,2.0,0.1,541,195.0,10,0,3.3,143.0,53.0,1,29,0.0,540.0,230.0,0.0,2.3,0.0,4416,5,11989,51,0.0,0.0,0.49,0.07,0.56,1.11,0.32,0.05,0.37,0.73,67.4,392.0,149.0,22.2,391.0,141.0,52.0,322.0,103.0,14.2,393.0,142.0,,,,29,,Ben,Davies,Davies,Ankle injury - Unknown return date,,136,1,0,0,3,0,0,0,1,0,0,2,14,,,,0.0,0.0,1.99,1.32,9.26,5,9,5
574,d,50.0,0.0,4.3,594,136.0,0,0.0,-2,2.0,0.3,320,118.0,15,0,1.2,438.0,158.0,0,62,0.0,547.0,232.0,0.0,3.5,0.0,50389,23,113583,241,-0.2,0.0,0.16,0.51,0.67,13.98,0.02,0.06,0.08,1.58,144.0,313.0,119.0,122.3,228.0,60.0,82.0,271.0,76.0,34.9,313.0,106.0,,,,29,,Destiny,Udogie,Udogie,Hamstring injury - 50% chance of playing,,794,0,1,0,17,0,0,0,2,0,0,8,61,,,,0.0,0.0,1.93,0.91,4.53,19,21,47
575,s,0.0,100.0,4.4,545,118.0,-1,1.0,-1,1.0,20.7,17,5.0,97,-3,3.6,104.0,34.0,10,338,0.0,581.0,239.0,0.0,22.0,0.0,3495706,3323,4192476,184607,0.0,0.0,2.79,0.34,3.13,37.24,0.11,0.01,0.12,1.42,583.2,42.0,17.0,80.2,296.0,94.0,204.0,128.0,23.0,86.6,116.0,35.0,,,,29,,Micky,van de Ven,Van de Ven,Suspended until 22 Mar,,2366,4,1,7,42,0,0,0,7,1,0,27,214,,,,0.0,0.27,1.6,1.03,6.77,31,147,94
577,u,0.0,0.0,4.0,713,189.0,0,0.0,0,0.0,0.0,604,215.0,0,0,0.0,615.0,229.0,0,0,0.0,492.0,196.0,0.0,0.0,0.0,1005,0,9046,21,0.0,0.0,0.0,0.0,0.0,0.0,0.0,0.0,0.0,0.0,0.0,605.0,229.0,0.0,597.0,229.0,0.0,569.0,226.0,0.0,607.0,229.0,,,,29,,Takai,Kōta,Takai,has joined Borussia Mönchengladbach on loan for the rest of the season.,,0,0,0,0,0,0,0,0,0,0,0,0,0,,,,0.0,0.0,0.0,0.0,0.0,0,0,0
578,u,0.0,0.0,3.9,783,231.0,0,0.0,-1,1.0,0.3,309,114.0,0,0,0.0,573.0,209.0,0,0,0.0,444.0,172.0,0.0,0.0,0.0,7334,0,92017,128,0.0,0.0,0.0,0.0,0.0,0.0,0.0,0.0,0.0,0.0,0.0,563.0,209.0,0.0,551.0,209.0,0.0,522.0,205.0,0.0,565.0,209.0,,,,29,,Luka,Vušković,Vuskovic,has joined Hamburger SV on loan for the rest of the season.,,0,0,0,0,0,0,0,0,0,0,0,0,0,,,,0.0,0.0,0.0,0.0,0.0,0,0,0
579,u,0.0,0.0,8.5,10,6.0,0,0.0,0,0.0,0.1,444,150.0,0,0,0.0,820.0,368.0,0,0,0.0,819.0,368.0,0.0,0.0,0.0,0,0,25554,24,0.0,0.0,0.0,0.0,0.0,0.0,0.0,0.0,0.0,0.0,0.0,820.0,368.0,0.0,820.0,368.0,0.0,820.0,368.0,0.0,820.0,368.0,,,,29,,Son,Heung-min,Son,has joined Los Angeles FC permanently.,,0,0,0,0,0,0,0,0,0,0,0,0,0,,,,0.0,0.0,0.0,0.0,0.0,0,0,0
581,i,0.0,0.0,6.8,42,26.0,0,0.0,-2,2.0,0.1,442,149.0,0,0,0.0,817.0,365.0,0,0,0.0,813.0,364.0,0.0,0.0,0.0,1779,47,23823,35,0.0,0.0,0.0,0.0,0.0,0.0,0.0,0.0,0.0,0.0,0.0,817.0,365.0,0.0,817.0,365.0,0.0,817.0,365.0,0.0,817.0,365.0,,,,29,,James,Maddison,Maddison,Anterior cruciate ligament - Unknown return date,,0,0,0,0,0,0,0,0,0,0,0,0,0,,,,0.0,0.0,0.0,0.0,0.0,0,0,0
582,i,0.0,0.0,6.4,59,38.0,0,0.0,-1,1.0,9.4,36,12.0,75,0,3.9,78.0,37.0,7,257,0.0,810.0,363.0,0.0,11.7,0.0,3263313,53,5205302,7340,0.0,0.0,1.92,2.41,4.33,22.74,0.11,0.14,0.25,1.33,333.4,164.0,62.0,413.8,45.0,40.0,302.0,79.0,48.0,104.7,79.0,50.0,3.0,4.0,3.0,29,,Mohammed,Kudus,Kudus,Thigh injury - Expected back 11 Apr,,1535,2,6,7,20,0,0,0,3,0,0,19,133,,,,0.0,0.41,1.17,1.11,7.8,29,9,95
189,u,0.0,0.0,4.0,683,172.0,0,0.0,0,0.0,0.0,727,253.0,0,0,0.0,592.0,218.0,0,0,0.0,466.0,182.0,0.0,0.0,0.0,0,0,2378,1,0.0,0.0,0.0,0.0,0.0,0.0,0.0,0.0,0.0,0.0,0.0,582.0,218.0,0.0,573.0,218.0,0.0,544.0,214.0,0.0,584.0,218.0,,,,29,,Owen,Dodgson,Dodgson,Has joined Stockport County on loan for the rest of the season.,,0,0,0,0,0,0,0,0,0,0,0,0,0,,,,0.0,0.0,0.0,0.0,0.0,0,0,0
190,a,,,3.8,797,244.0,-1,1.0,-2,2.0,0.8,210,79.0,44,0,2.9,195.0,74.0,2,121,0.0,392.0,146.0,0.0,11.6,0.0,247696,373,205150,1087,-0.5,-0.5,0.21,0.24,0.45,22.73,0.02,0.02,0.04,1.74,273.8,209.0,82.0,43.1,353.0,123.0,78.0,277.0,78.0,39.5,295.0,97.0,,,,29,,Hjalmar,Ekdal,Ekdal,,,1179,0,0,2,24,0,0,0,0,0,0,13,146,,,,0.0,0.15,1.83,0.99,10.08,19,113,31
194,i,0.0,0.0,3.9,757,218.0,0,0.0,-1,1.0,0.1,560,201.0,0,0,0.0,552.0,200.0,0,0,0.0,423.0,163.0,0.0,0.0,0.0,1919,25,15461,40,0.0,0.0,0.0,0.0,0.0,0.0,0.0,0.0,0.0,0.0,0.0,542.0,200.0,0.0,529.0,200.0,0.0,499.0,195.0,0.0,544.0,200.0,,,,29,,Jordan,Beyer,Jordan,Hamstring injury - Unknown return date,,0,0,0,0,0,0,0,0,0,0,0,0,0,,,,0.0,0.0,0.0,0.0,0.0,0,0,0
583,i,0.0,0.0,6.4,58,37.0,0,0.0,-1,1.0,0.0,724,300.0,0,0,0.0,814.0,364.0,0,0,0.0,809.0,362.0,0.0,0.0,0.0,1015,27,2099,16,0.0,0.0,0.0,0.0,0.0,0.0,0.0,0.0,0.0,0.0,0.0,814.0,364.0,0.0,814.0,364.0,0.0,814.0,364.0,0.0,814.0,364.0,,,,29,,Dejan,Kulusevski,Kulusevski,Knee injury - Unknown return date,,0,0,0,0,0,0,0,0,0,0,0,0,0,,,,0.0,0.0,0.0,0.0,0.0,0,0,0
584,a,,,6.2,79,52.0,0,0.0,-3,3.0,0.1,432,144.0,52,2,2.4,292.0,129.0,5,167,1.2,253.0,111.0,0.2,8.4,0.0,40427,222,46391,353,0.7,1.2,1.88,0.99,2.86,11.99,0.23,0.12,0.35,1.44,170.4,289.0,127.0,223.9,146.0,98.0,226.0,114.0,70.0,62.3,200.0,101.0,4.0,,,29,,Mathys,Tel,Tel,,,751,3,1,1,16,0,0,0,0,0,0,7,62,,,,0.0,0.12,1.92,0.84,7.43,11,6,45
585,i,0.0,0.0,5.2,206,127.0,0,0.0,-3,3.0,0.2,405,137.0,64,0,3.2,159.0,70.0,3,269,0.0,764.0,331.0,0.0,12.3,0.0,56894,12,66603,180,0.0,0.0,0.45,0.68,1.13,20.56,0.03,0.04,0.07,1.32,268.6,212.0,91.0,159.7,195.0,127.0,85.0,267.0,147.0,51.6,246.0,125.0,,,,29,,Rodrigo,Bentancur,Bentancur,Hamstring injury - Unknown return date,,1407,1,1,5,21,0,0,0,5,0,0,17,207,,,,0.0,0.32,1.34,1.09,13.24,37,69,101
586,i,0.0,0.0,5.2,219,136.0,0,0.0,-3,3.0,0.2,395,133.0,39,0,2.3,300.0,131.0,0,139,0.0,768.0,334.0,0.0,7.5,0.0,102342,10,111307,155,0.0,0.0,0.96,0.39,1.35,10.21,0.11,0.04,0.15,1.15,137.4,321.0,143.0,81.4,293.0,170.0,133.0,209.0,118.0,35.3,312.0,151.0,,,,29,,Lucas,Bergvall,Bergvall,Ankle injury - Unknown return date,,799,1,2,3,13,0,0,0,2,0,0,10,68,,,,0.0,0.34,1.46,1.13,7.66,20,14,34
589,u,0.0,0.0,5.4,166,103.0,0,0.0,-1,1.0,0.0,762,325.0,0,0,0.0,801.0,354.0,0,0,0.0,780.0,341.0,0.0,0.0,0.0,115,0,1477,1,0.0,0.0,0.0,0.0,0.0,0.0,0.0,0.0,0.0,0.0,0.0,800.0,353.0,0.0,799.0,353.0,0.0,797.0,352.0,0.0,800.0,353.0,,,,29,,Manor,Solomon,Solomon,has joined Fiorentina on loan for the rest of the season.,,0,0,0,0,0,0,0,0,0,0,0,0,0,,,,0.0,0.0,0.0,0.0,0.0,0,0,0
593,a,100.0,100.0,4.5,442,265.0,0,0.0,-5,5.0,1.1,180,62.0,59,1,3.0,188.0,79.0,2,250,3.5,84.0,39.0,0.8,13.1,0.0,391602,4980,574107,3485,3.0,3.5,1.41,0.97,2.38,22.77,0.11,0.08,0.19,1.8,280.6,203.0,85.0,115.2,238.0,150.0,142.0,198.0,111.0,54.0,232.0,115.0,,,,29,,Pape Matar,Sarr,P.M.Sarr,,,1140,2,3,3,18,0,0,0,2,0,0,11,154,,,,0.0,0.24,1.42,0.87,12.16,28,64,62
594,u,0.0,0.0,4.5,502,311.0,0,0.0,0,0.0,0.0,736,309.0,0,0,0.0,749.0,317.0,0,0,0.0,678.0,272.0,0.0,0.0,0.0,0,0,2823,1,0.0,0.0,0.0,0.0,0.0,0.0,0.0,0.0,0.0,0.0,0.0,748.0,316.0,0.0,742.0,316.0,0.0,729.0,312.0,0.0,748.0,316.0,,,,29,,Yang,Min-hyeok,Min-hyeok,has joined Coventry City on loan for the rest of the season.,,0,0,0,0,0,0,0,0,0,0,0,0,0,,,,0.0,0.0,0.0,0.0,0.0,0,0,0
596,a,100.0,100.0,7.2,29,12.0,0,0.0,-3,3.0,1.2,177,27.0,31,7,3.1,182.0,19.0,4,142,3.0,114.0,15.0,0.4,4.3,0.0,137155,1625,516857,4628,2.5,3.0,2.17,0.19,2.35,12.34,0.33,0.03,0.36,1.86,158.8,301.0,29.0,62.2,323.0,36.0,212.0,118.0,29.0,43.2,280.0,32.0,,,2.0,29,,Dominic,Solanke-Mitchell,Solanke,,,598,3,0,0,14,0,0,0,1,0,0,6,38,,,,0.0,0.0,2.11,0.9,5.72,15,11,12
597,a,100.0,100.0,6.3,65,21.0,0,0.0,-2,2.0,5.4,68,14.0,82,1,3.4,140.0,11.0,10,373,1.8,207.0,27.0,0.3,13.0,0.0,2956063,2287,3047524,3884,1.3,1.8,5.32,1.24,6.56,19.27,0.36,0.08,0.44,1.29,423.2,107.0,8.0,173.0,185.0,16.0,533.0,24.0,13.0,112.7,65.0,13.0,,,5.0,29,,Richarlison,de Andrade,Richarlison,,,1346,8,3,5,20,0,0,0,5,0,0,13,102,,,,0.0,0.33,1.34,0.87,6.82,15,47,40
598,u,0.0,0.0,4.5,466,66.0,0,0.0,0,0.0,0.0,673,86.0,0,0,0.0,723.0,76.0,0,0,0.0,646.0,63.0,0.0,0.0,0.0,0,0,5112,7,0.0,0.0,0.0,0.0,0.0,0.0,0.0,0.0,0.0,0.0,0.0,719.0,76.0,0.0,714.0,75.0,0.0,699.0,75.0,0.0,720.0,76.0,,,,29,,Will,Lankshear,Lankshear,has joined Oxford United on loan for the rest of the season.,,0,0,0,0,0,0,0,0,0,0,0,0,0,,,,0.0,0.0,0.0,0.0,0.0,0,0,0
599,u,0.0,0.0,4.3,596,84.0,0,0.0,-2,2.0,0.5,246,37.0,2,0,1.0,463.0,57.0,0,5,0.0,549.0,51.0,0.0,0.5,0.0,60820,0,109934,623,0.0,0.0,0.0,0.01,0.01,0.03,0.0,0.13,0.13,0.39,1.0,498.0,60.0,4.1,445.0,59.0,2.0,446.0,60.0,0.7,487.0,60.0,,,,29,,Dane,Scarlett,Scarlett,has joined Hibernian on loan for the rest of the season.,,7,0,0,0,0,0,0,0,0,0,0,0,1,,,,0.0,0.0,0.0,0.0,12.86,0,0,1
673,d,75.0,100.0,5.5,137,85.0,0,0.0,0,0.0,0.8,208,74.0,94,4,3.6,110.0,51.0,11,398,2.8,128.0,53.0,0.5,17.1,0.0,369356,374,360921,1661,1.7,2.8,1.33,0.55,1.88,29.02,0.07,0.03,0.1,1.47,495.0,74.0,22.0,115.6,237.0,149.0,170.0,163.0,89.0,78.3,142.0,77.0,,,,29,,João Maria,Lobo Alves Palhares Costa Palhinha Gonçalves,J.Palhinha,Head injury - 75% chance of playing,,1774,3,3,4,32,0,0,0,6,0,0,19,244,,,,0.0,0.2,1.62,0.96,12.38,96,79,69
717,a,100.0,100.0,6.5,53,34.0,0,0.0,-5,5.0,1.1,183,63.0,63,1,2.7,243.0,102.0,5,281,1.2,254.0,112.0,0.2,9.7,0.0,814527,952,741057,4600,0.7,1.2,2.22,3.48,5.7,27.85,0.13,0.2,0.33,1.64,279.4,205.0,86.0,462.7,37.0,34.0,202.0,132.0,77.0,94.5,95.0,57.0,1.0,3.0,4.0,29,,Xavi,Simons,Xavi,,,1533,1,4,3,33,0,0,0,4,1,0,17,136,,,,0.0,0.18,1.94,1.0,7.98,30,24,82
726,a,100.0,100.0,6.9,38,15.0,0,0.0,-1,1.0,0.4,285,45.0,37,1,1.8,380.0,46.0,1,107,2.5,157.0,22.0,0.4,5.4,0.0,126582,797,115776,1713,2.0,2.5,1.62,1.14,2.76,20.0,0.12,0.09,0.21,1.52,124.4,330.0,32.0,197.5,170.0,14.0,200.0,133.0,33.0,51.5,247.0,29.0,,,,29,,Randal,Kolo Muani,Kolo Muani,,,1185,1,0,3,25,0,0,0,2,0,0,15,83,,,,0.0,0.23,1.9,1.14,6.3,21,18,44
750,a,,,4.0,698,180.0,0,0.0,0,0.0,0.0,643,228.0,0,0,0.0,604.0,223.0,0,0,0.0,480.0,189.0,0.0,0.0,0.0,1820,55,1575,67,-0.5,0.0,0.0,0.0,0.0,0.0,0.0,0.0,0.0,0.0,0.0,594.0,223.0,0.0,585.0,223.0,0.0,556.0,219.0,0.0,596.0,223.0,,,,29,,James,Rowswell,Rowswell,,,0,0,0,0,0,0,0,0,0,0,0,0,0,,,,0.0,0.0,0.0,0.0,0.0,0,0,0
796,a,,,5.2,210,129.0,-1,1.0,-3,3.0,0.1,441,148.0,19,1,2.4,288.0,126.0,0,96,1.5,225.0,96.0,0.3,3.7,0.0,36376,219,22181,1566,1.0,1.5,0.56,0.48,1.04,13.79,0.09,0.07,0.16,2.15,85.8,372.0,165.0,107.2,254.0,159.0,86.0,265.0,145.0,27.9,343.0,165.0,,,,29,,Conor,Gallagher,Gallagher,,,577,0,1,0,16,0,0,0,0,0,0,7,59,,,,0.0,0.0,2.5,1.09,9.2,10,15,34
804,a,,,4.0,731,206.0,0,0.0,0,0.0,0.0,690,241.0,2,0,0.7,513.0,177.0,0,-1,0.2,349.0,123.0,0.0,0.5,0.0,2044,125,793,103,-0.3,0.2,0.0,0.03,0.03,2.05,0.0,0.03,0.03,2.12,8.6,465.0,169.0,31.6,376.0,133.0,8.0,414.0,154.0,4.8,449.0,162.0,,,,29,,João Victor,de Souza Menezes,Souza,,,87,0,0,0,2,0,0,0,1,0,0,1,3,,,,0.0,0.0,2.07,1.03,3.1,0,3,2
811,a,,,4.5,460,279.0,0,0.0,0,0.0,0.0,797,352.0,0,0,0.0,719.0,294.0,0,0,0.0,641.0,242.0,0.0,0.0,0.0,340,23,141,21,-0.5,0.0,0.0,0.0,0.0,0.0,0.0,0.0,0.0,0.0,0.0,714.0,289.0,0.0,710.0,291.0,0.0,694.0,284.0,0.0,715.0,290.0,,,,29,,Rio,Kyerematen,Kyerematen,,,0,0,0,0,0,0,0,0,0,0,0,0,0,,,,0.0,0.0,0.0,0.0,0.0,0,0,0
818,a,,,4.5,499,71.0,0,0.0,0,0.0,0.0,698,88.0,0,0,0.0,746.0,81.0,0,0,0.0,675.0,68.0,0.0,0.0,0.0,2015,539,577,222,-0.5,0.0,0.0,0.0,0.0,0.0,0.0,0.0,0.0,0.0,0.0,745.0,81.0,0.0,739.0,80.0,0.0,726.0,80.0,0.0,745.0,81.0,,,,29,,James,Wilson,Wilson,,,0,0,0,0,0,0,0,0,0,0,0,0,0,,,,0.0,0.0,0.0,0.0,0.0,0,0,0
326,d,75.0,,5.1,226,139.0,0,0.0,-4,4.0,0.2,409,138.0,21,1,1.1,446.0,200.0,0,65,0.8,295.0,137.0,0.2,4.1,0.0,16533,207,36854,402,0.2,0.8,0.34,0.55,0.89,6.54,0.11,0.17,0.28,2.04,21.8,443.0,194.0,63.8,319.0,178.0,62.0,306.0,166.0,14.4,392.0,181.0,,,,29,,Adama,Traoré Diarra,Adama,Knock - 75% chance of playing,,288,0,0,0,10,0,0,0,1,0,0,1,14,,,,0.0,0.0,3.12,0.31,4.38,1,1,12
600,a,,,4.3,572,27.0,0,0.0,-2,2.0,2.0,137,18.0,51,0,2.5,266.0,25.0,2,220,0.0,537.0,84.0,0.0,11.9,0.0,182577,938,451232,3490,-0.5,0.0,0.0,0.0,0.0,35.3,0.0,0.0,0.0,1.76,570.4,47.0,12.0,10.0,422.0,7.0,0.0,605.0,68.0,57.9,216.0,12.0,,,,29,,Alphonse,Areola,Areola,,,1800,0,1,0,37,0,0,0,0,0,77,20,55,,,,3.85,0.0,1.85,1.0,0.0,0,30,142
601,u,0.0,0.0,4.0,662,42.0,0,0.0,0,0.0,0.2,359,51.0,0,0,0.0,576.0,64.0,0,0,0.0,447.0,55.0,0.0,0.0,0.0,3874,0,42661,111,0.0,0.0,0.0,0.0,0.0,0.0,0.0,0.0,0.0,0.0,0.0,566.0,64.0,0.0,555.0,49.0,0.0,526.0,36.0,0.0,568.0,64.0,,,,29,,Wes,Foderingham,Foderingham,has joined Aris Limassol permanently.,,0,0,0,0,0,0,0,0,0,0,0,0,0,,,,0.0,0.0,0.0,0.0,0.0,0,0,0
602,u,0.0,0.0,3.9,767,84.0,0,0.0,-1,1.0,0.2,367,53.0,0,0,0.0,559.0,54.0,0,0,0.0,430.0,45.0,0.0,0.0,0.0,11331,0,19871,214,0.0,0.0,0.0,0.0,0.0,0.0,0.0,0.0,0.0,0.0,0.0,549.0,54.0,0.0,536.0,37.0,0.0,506.0,24.0,0.0,551.0,54.0,,,,29,,Krisztián,Hegyi,Hegyi,has joined MTK Budapest on loan for the rest of the season.,,0,0,0,0,0,0,0,0,0,0,0,0,0,,,,0.0,0.0,0.0,0.0,0.0,0,0,0
605,a,,,4.1,653,158.0,0,0.0,-4,4.0,0.1,422,156.0,36,0,1.7,381.0,141.0,0,80,0.0,516.0,218.0,0.0,8.8,0.0,30131,59,50329,181,-0.5,0.0,0.56,0.25,0.81,33.28,0.03,0.01,0.04,1.92,392.4,124.0,54.0,55.8,331.0,113.0,60.0,310.0,93.0,50.9,248.0,80.0,,,,29,,Maximilian,Kilman,Kilman,,,1559,0,0,1,37,0,0,0,4,0,0,17,191,,,,0.0,0.06,2.14,0.98,9.24,16,144,43
606,a,100.0,100.0,4.4,533,111.0,0,0.0,-1,1.0,0.1,518,184.0,62,1,2.8,212.0,81.0,0,182,2.8,119.0,44.0,0.6,14.1,0.0,20001,144,20093,320,2.3,2.8,1.37,0.38,1.75,27.78,0.07,0.02,0.09,1.45,432.4,95.0,44.0,25.2,385.0,139.0,155.0,181.0,41.0,61.2,204.0,67.0,,,,29,,Konstantinos,Mavropanos,Mavropanos,,,1722,0,0,3,33,1,0,0,2,0,0,18,223,,,,0.0,0.16,1.72,0.94,10.61,25,178,67
607,u,0.0,0.0,4.4,526,105.0,0,0.0,-1,1.0,0.0,610,216.0,3,0,1.5,407.0,148.0,0,-1,0.0,572.0,235.0,0.0,0.7,0.0,1288,0,12324,7,0.0,0.0,0.1,0.03,0.13,3.42,0.05,0.02,0.07,1.71,39.0,420.0,158.0,3.9,447.0,161.0,8.0,415.0,155.0,5.1,446.0,160.0,,,,29,,Nayef,Aguerd,N.Aguerd,has joined Marseille permanently.,,180,0,0,0,8,0,0,0,0,0,0,2,23,,,,0.0,0.0,4.0,1.0,7.5,1,14,8
608,d,75.0,100.0,4.3,606,139.0,0,0.0,-2,2.0,0.0,619,219.0,21,0,1.8,363.0,138.0,0,86,0.2,353.0,126.0,0.0,4.9,0.0,4970,20,6874,78,-0.2,0.2,0.18,0.32,0.5,13.28,0.02,0.04,0.06,1.83,138.2,320.0,124.0,71.7,304.0,99.0,22.0,377.0,132.0,23.2,358.0,121.0,5.0,,,29,,Ollie,Scarles,Scarles,Knock - 75% chance of playing,,654,0,1,0,16,0,0,0,1,0,0,9,73,,,,0.0,0.0,2.2,1.24,9.91,29,43,35
609,a,100.0,100.0,4.3,589,133.0,0,0.0,-2,2.0,0.1,485,173.0,40,9,2.1,320.0,118.0,1,144,2.2,160.0,61.0,0.5,9.3,0.0,12011,334,19784,89,1.7,2.2,0.25,0.29,0.54,29.63,0.01,0.02,0.03,1.66,351.6,154.0,67.0,64.7,318.0,107.0,24.0,372.0,129.0,44.1,274.0,90.0,,,,29,,Jean-Clair,Todibo,Todibo,,,1611,0,1,1,33,0,0,0,4,1,0,19,162,,,,0.0,0.06,1.84,1.06,8.27,34,114,80
610,a,100.0,100.0,4.1,654,159.0,0,0.0,-4,4.0,4.6,77,25.0,61,7,3.0,186.0,70.0,0,193,3.8,69.0,22.0,0.9,14.9,0.0,265193,6079,2306506,3789,3.3,3.8,0.0,0.93,0.93,29.42,0.0,0.05,0.05,1.53,389.6,127.0,57.0,288.0,105.0,25.0,28.0,363.0,122.0,70.9,164.0,56.0,,,,29,,Aaron,Wan-Bissaka,Wan-Bissaka,,,1731,0,3,3,36,0,0,0,3,0,0,19,168,,,,0.0,0.16,1.87,0.99,8.01,25,129,59
611,u,0.0,0.0,4.0,708,185.0,0,0.0,0,0.0,0.1,548,199.0,0,0,0.0,611.0,226.0,0,0,0.0,487.0,192.0,0.0,0.0,0.0,0,0,13254,36,0.0,0.0,0.0,0.0,0.0,0.0,0.0,0.0,0.0,0.0,0.0,601.0,226.0,0.0,593.0,226.0,0.0,564.0,222.0,0.0,603.0,226.0,,,,29,,Kaelan,Casey,Casey,has joined Leyton Orient on loan for the rest of the season.,,0,0,0,0,0,0,0,0,0,0,0,0,0,,,,0.0,0.0,0.0,0.0,0.0,0,0,0
78,u,0.0,0.0,3.8,793,240.0,0,0.0,-2,2.0,0.5,257,95.0,0,0,0.0,525.0,187.0,0,0,0.0,388.0,142.0,0.0,0.0,0.0,47440,0,132807,551,0.0,0.0,0.0,0.0,0.0,0.0,0.0,0.0,0.0,0.0,0.0,515.0,187.0,0.0,500.0,186.0,0.0,469.0,180.0,0.0,517.0,187.0,,,,29,,Julián,Araujo Zúñiga,J.Araujo,has joined Celtic on loan for the rest of the season.,,0,0,0,0,0,0,0,0,0,0,0,0,0,,,,0.0,0.0,0.0,0.0,0.0,0,0,0
79,u,0.0,0.0,4.0,673,167.0,0,0.0,0,0.0,0.1,540,194.0,0,0,0.0,583.0,214.0,0,0,0.0,456.0,177.0,0.0,0.0,0.0,1400,0,16725,26,0.0,0.0,0.0,0.0,0.0,0.0,0.0,0.0,0.0,0.0,0.0,573.0,214.0,0.0,564.0,214.0,0.0,535.0,210.0,0.0,575.0,214.0,,,,29,,Chris,Mepham,Mepham,has joined West Bromwich Albion permanently.,,0,0,0,0,0,0,0,0,0,0,0,0,0,,,,0.0,0.0,0.0,0.0,0.0,0,0,0
80,i,0.0,0.0,4.0,717,193.0,0,0.0,0,0.0,0.2,379,142.0,3,0,1.0,456.0,166.0,0,2,0.0,496.0,200.0,0.0,0.8,0.0,17416,27,33544,262,0.0,0.0,0.0,0.0,0.0,1.62,0.0,0.0,0.0,4.29,1.8,490.0,175.0,2.5,452.0,164.0,2.0,441.0,165.0,0.6,489.0,172.0,,,,29,,Julio,Soler Barreto,Soler,Hamstring injury - Expected back 01 Jun,,34,0,0,0,2,0,0,0,0,0,0,0,1,,,,0.0,0.0,5.29,0.0,2.65,1,0,4
81,i,0.0,0.0,6.9,37,22.0,-1,1.0,-1,1.0,0.6,235,82.0,40,0,2.2,316.0,140.0,3,147,0.0,814.0,365.0,0.0,5.8,0.0,190353,52,251365,454,0.0,0.0,2.24,1.54,3.78,16.78,0.22,0.15,0.37,1.65,146.6,312.0,141.0,304.1,93.0,70.0,128.0,216.0,121.0,57.8,218.0,108.0,,3.0,1.0,29,,Justin,Kluivert,Kluivert,Knee injury - Expected back 09 May,,914,2,0,4,18,0,0,0,4,0,0,10,62,,,,0.0,0.39,1.77,0.98,6.11,10,8,44
71,u,0.0,0.0,5.0,266,42.0,0,0.0,0,0.0,0.0,670,235.0,0,0,0.0,788.0,263.0,0,0,0.0,746.0,258.0,0.0,0.0,0.0,0,0,8209,5,0.0,0.0,0.0,0.0,0.0,0.0,0.0,0.0,0.0,0.0,0.0,787.0,263.0,0.0,785.0,263.0,0.0,781.0,263.0,0.0,787.0,263.0,,,,29,,Illia,Zabarnyi,Zabarnyi,Has joined Paris Saint-Germain permanently.,,0,0,0,0,0,0,0,0,0,0,0,0,0,,,,0.0,0.0,0.0,0.0,0.0,0,0,0
72,a,100.0,100.0,5.0,253,38.0,1,-1.0,5,-5.0,17.5,19,7.0,126,11,4.5,32.0,12.0,9,407,5.5,23.0,9.0,1.1,25.2,0.0,4957446,136278,3056681,5770,6.0,5.5,1.25,4.03,5.28,41.24,0.05,0.15,0.2,1.5,866.6,3.0,1.0,296.0,98.0,23.0,165.0,168.0,37.0,133.0,34.0,2.0,,,,29,,Marcos,Senesi Barón,Senesi,,,2478,0,4,8,45,0,0,0,8,0,0,28,377,,,,0.0,0.29,1.63,1.02,12.13,49,285,115
612,u,0.0,0.0,5.9,97,63.0,0,0.0,-1,1.0,1.1,186,66.0,69,0,3.8,89.0,44.0,8,291,0.0,799.0,356.0,0.0,11.7,0.0,897173,0,974205,1160,0.0,0.0,2.85,2.0,4.85,24.22,0.17,0.12,0.29,1.44,374.6,137.0,47.0,397.2,55.0,45.0,186.0,152.0,85.0,95.7,94.0,56.0,,,,29,,Lucas,Tolentino Coelho de Lima,L.Paquetá,has joined Flamengo permanently.,,1513,4,2,3,33,0,0,0,5,1,0,18,146,,,,0.0,0.18,1.96,1.07,8.68,40,30,76
613,a,100.0,100.0,5.7,115,73.0,0,0.0,-3,3.0,0.3,327,109.0,73,3,2.8,224.0,93.0,6,285,5.2,36.0,17.0,0.9,12.8,0.0,41453,1154,109839,856,4.7,5.2,4.42,0.39,4.81,25.96,0.28,0.02,0.3,1.65,362.0,146.0,52.0,138.8,212.0,138.0,339.0,66.0,39.0,84.1,125.0,71.0,,,,29,,Tomáš,Souček,Souček,,,1416,4,2,4,33,0,0,0,2,1,0,15,148,,,,0.0,0.25,2.1,0.95,9.41,22,81,45
615,d,75.0,100.0,5.7,118,74.0,0,0.0,2,-2.0,3.0,108,34.0,92,11,3.8,88.0,43.0,10,337,4.5,56.0,27.0,0.8,16.1,0.0,551734,24281,179862,14424,3.0,4.5,4.53,1.94,6.47,28.26,0.22,0.09,0.31,1.37,371.0,142.0,49.0,331.2,75.0,57.0,472.0,29.0,14.0,117.4,52.0,35.0,2.0,,,29,,Crysencio,Summerville,Summerville,Knock - 75% chance of playing,,1856,5,3,5,34,0,0,0,4,0,0,22,163,,,,0.0,0.24,1.65,1.07,7.9,31,42,90
616,u,0.0,0.0,4.9,310,194.0,0,0.0,-1,1.0,0.0,599,226.0,0,0,0.0,770.0,331.0,0,0,0.0,719.0,300.0,0.0,0.0,0.0,1147,0,16101,11,0.0,0.0,0.0,0.0,0.0,0.0,0.0,0.0,0.0,0.0,0.0,769.0,330.0,0.0,765.0,330.0,0.0,759.0,328.0,0.0,769.0,330.0,,,,29,,Edson,Álvarez Velázquez,Álvarez,Has joined Fenerbahçe on loan for the rest of the season.,,0,0,0,0,0,0,0,0,0,0,0,0,0,,,,0.0,0.0,0.0,0.0,0.0,0,0,0
617,u,0.0,0.0,4.9,290,179.0,0,0.0,-1,1.0,0.0,711,293.0,0,0,0.0,766.0,328.0,0,0,0.0,711.0,295.0,0.0,0.0,0.0,246,0,3222,1,0.0,0.0,0.0,0.0,0.0,0.0,0.0,0.0,0.0,0.0,0.0,765.0,327.0,0.0,761.0,327.0,0.0,755.0,325.0,0.0,765.0,327.0,,,,29,,Maxwel,Cornet,Cornet,has joined Genoa on loan for the rest of the season.,,0,0,0,0,0,0,0,0,0,0,0,0,0,,,,0.0,0.0,0.0,0.0,0.0,0,0,0
618,u,0.0,0.0,4.8,354,222.0,0,0.0,-2,2.0,0.0,613,237.0,8,0,1.3,432.0,193.0,0,30,0.0,698.0,286.0,0.0,1.7,0.0,2295,0,6149,31,0.0,0.0,0.03,0.04,0.07,2.59,0.02,0.02,0.04,1.33,9.8,463.0,207.0,6.0,439.0,212.0,2.0,452.0,222.0,1.7,471.0,214.0,,,,29,,Guido,Rodríguez,G.Rodriguez,has joined Valencia on loan for the rest of the season.,,175,0,0,1,2,0,0,0,1,0,0,2,15,,,,0.0,0.51,1.03,1.03,7.71,1,4,10
619,u,0.0,0.0,4.9,343,212.0,0,0.0,-1,1.0,0.0,682,276.0,5,0,1.0,493.0,227.0,0,11,0.0,735.0,311.0,0.0,1.0,0.0,868,0,3395,4,0.0,0.0,0.07,0.03,0.1,1.82,0.05,0.02,0.07,1.35,9.2,464.0,208.0,14.5,405.0,200.0,4.0,436.0,215.0,2.5,464.0,209.0,,,,29,,Luis Guilherme,Lira dos Santos,L.Guilherme,has joined Sporting CP permanently.,,121,0,0,0,2,0,0,0,0,0,0,1,11,,,,0.0,0.0,1.49,0.74,8.18,1,2,8
620,u,0.0,0.0,4.5,446,267.0,0,0.0,0,0.0,0.0,611,235.0,1,0,1.0,476.0,213.0,0,3,0.0,630.0,232.0,0.0,0.2,0.0,3770,0,9523,28,0.0,0.0,0.0,0.01,0.01,0.73,0.0,0.11,0.11,8.21,0.0,704.0,279.0,1.5,461.0,221.0,2.0,449.0,219.0,0.4,494.0,226.0,,,,29,,George,Earthy,Earthy,has joined Bristol City on loan for the rest of the season.,,8,0,0,0,1,0,0,0,0,0,0,0,0,,,,0.0,0.0,11.25,0.0,0.0,0,0,0
621,u,0.0,0.0,4.3,584,344.0,0,0.0,-2,2.0,0.2,363,121.0,9,0,1.3,429.0,190.0,0,49,0.0,542.0,177.0,0.0,2.1,0.0,43311,0,55321,276,0.0,0.0,0.0,0.17,0.17,4.03,0.0,0.1,0.1,2.32,31.6,430.0,189.0,52.3,338.0,182.0,2.0,444.0,217.0,8.6,426.0,191.0,,,,29,,Andy,Irving,Irving,has joined Sparta Prague permanently.,,156,0,0,0,4,0,0,0,0,0,0,2,22,,,,0.0,0.0,2.31,1.15,12.69,6,2,14
622,u,0.0,0.0,4.4,549,328.0,0,0.0,-1,1.0,0.1,580,216.0,0,0,0.0,676.0,263.0,0,0,0.0,585.0,203.0,0.0,0.0,0.0,1052,0,11951,16,0.0,0.0,0.0,0.0,0.0,0.0,0.0,0.0,0.0,0.0,0.0,667.0,254.0,0.0,663.0,259.0,0.0,641.0,248.0,0.0,669.0,256.0,,,,29,,Lewis,Orford,Orford,has joined Stevenage on loan for the rest of the season.,,0,0,0,0,0,0,0,0,0,0,0,0,0,,,,0.0,0.0,0.0,0.0,0.0,0,0,0
623,a,100.0,0.0,4.4,544,324.0,0,0.0,-1,1.0,0.6,242,84.0,34,0,1.8,365.0,155.0,0,206,0.8,279.0,127.0,0.2,7.7,0.0,143496,439,162044,960,0.3,0.0,0.21,1.05,1.26,19.95,0.02,0.09,0.11,1.64,179.6,282.0,121.0,129.9,218.0,141.0,37.0,343.0,178.0,34.7,315.0,152.0,,,,29,,Freddie,Potts,Potts,,,1094,0,1,1,23,0,0,0,1,0,0,11,112,,,,0.0,0.08,1.89,0.9,9.21,27,47,38
624,a,,,7.5,20,7.0,0,0.0,-5,5.0,7.6,53,8.0,135,4,4.7,25.0,4.0,21,529,5.0,47.0,6.0,0.7,18.0,0.0,2330514,13663,3235437,35262,4.5,5.0,6.04,3.67,9.71,45.06,0.21,0.13,0.34,1.56,639.2,29.0,4.0,473.8,34.0,1.0,685.0,11.0,7.0,179.7,12.0,4.0,1.0,1.0,2.0,29,,Jarrod,Bowen,Bowen,,,2599,8,6,5,52,0,0,0,4,0,0,29,214,,,,0.0,0.17,1.8,1.0,7.41,36,53,125
625,u,0.0,0.0,5.6,122,34.0,0,0.0,-4,4.0,0.6,243,36.0,12,0,1.5,416.0,50.0,0,28,0.0,793.0,84.0,0.0,2.1,0.0,47611,0,392613,228,0.0,0.0,0.93,0.21,1.14,8.59,0.21,0.05,0.26,1.9,26.0,436.0,51.0,85.1,287.0,29.0,130.0,214.0,43.0,23.8,353.0,42.0,,,,29,,Niclas,Füllkrug,Füllkrug,has joined AC Milan on loan for the rest of the season.,,407,0,0,1,11,0,0,0,0,0,0,5,19,,,,0.0,0.22,2.43,1.11,4.2,2,7,10
626,u,0.0,0.0,4.3,612,86.0,0,0.0,-2,2.0,0.5,256,40.0,2,0,1.0,466.0,58.0,0,0,0.0,561.0,53.0,0.0,0.5,0.0,63604,0,106144,386,0.0,0.0,0.13,0.0,0.13,1.55,0.2,0.0,0.2,2.41,1.2,495.0,58.0,0.1,484.0,61.0,7.0,422.0,59.0,0.8,486.0,59.0,,,,29,,Callum,Marshall,Marshall,has joined VfL Bochum 1848 on loan for the rest of the season.,,58,0,0,0,2,0,0,0,0,0,0,0,3,,,,0.0,0.0,3.1,0.0,4.66,0,2,1
636,a,100.0,100.0,4.4,530,108.0,0,0.0,-1,1.0,0.1,436,162.0,71,1,3.4,131.0,49.0,2,255,3.6,80.0,26.0,0.8,16.1,0.0,30462,769,24497,585,3.1,2.6,1.63,1.04,2.67,30.22,0.08,0.05,0.13,1.48,428.0,103.0,46.0,98.1,265.0,78.0,149.0,188.0,43.0,67.4,181.0,60.0,,,,29,,Santiago,Ignacio Bueno,S.Bueno,,,1832,2,2,4,31,0,0,0,4,0,0,20,169,,,,0.0,0.2,1.52,0.98,7.52,41,112,43
637,a,100.0,100.0,4.2,640,151.0,0,0.0,-3,3.0,0.1,514,183.0,28,0,2.0,326.0,120.0,0,102,1.6,214.0,79.0,0.4,6.7,0.0,7536,121,19654,108,1.1,0.6,0.22,0.21,0.43,18.99,0.02,0.02,0.04,1.64,240.4,234.0,91.0,78.2,301.0,97.0,34.0,350.0,115.0,35.3,310.0,105.0,,,,29,,Toti,Gomes,Toti,,,1039,0,0,1,25,0,0,0,1,1,0,13,118,,,,0.0,0.09,2.17,1.13,8.32,16,80,40
641,u,0.0,0.0,3.9,773,225.0,0,0.0,-1,1.0,1.0,191,73.0,0,0,0.0,564.0,204.0,0,0,0.0,435.0,167.0,0.0,0.0,0.0,85684,0,147793,899,0.0,0.0,0.0,0.0,0.0,0.0,0.0,0.0,0.0,0.0,0.0,554.0,204.0,0.0,542.0,204.0,0.0,512.0,199.0,0.0,556.0,204.0,,,,29,,Alfie,Pond,Pond,has joined Crewe Alexandra on loan for the rest of the season.,,0,0,0,0,0,0,0,0,0,0,0,0,0,,,,0.0,0.0,0.0,0.0,0.0,0,0,0
642,a,100.0,100.0,5.6,126,78.0,0,0.0,-4,4.0,0.1,467,160.0,44,0,2.2,312.0,137.0,0,125,0.0,794.0,351.0,0.0,7.9,0.0,48962,263,59286,233,-0.5,-1.0,2.1,0.92,3.02,17.67,0.17,0.07,0.24,1.39,132.2,326.0,147.0,152.8,203.0,131.0,145.0,195.0,109.0,42.4,282.0,141.0,,1.0,3.0,29,,Hwang,Hee-chan,Hee Chan,,,1144,2,1,2,22,0,0,0,3,0,0,15,68,,,,0.0,0.16,1.73,1.18,5.35,8,22,38
663,u,0.0,0.0,4.9,317,197.0,0,0.0,-6,6.0,0.1,434,146.0,45,0,2.0,333.0,145.0,2,175,0.0,721.0,302.0,0.0,9.2,0.0,20148,0,81990,136,0.0,0.0,3.38,0.62,4.0,16.0,0.27,0.05,0.32,1.29,171.0,288.0,126.0,204.0,163.0,111.0,148.0,190.0,106.0,52.1,242.0,122.0,,,,29,,Jhon,Arias,J.Arias,has joined Palmeiras permanently.,,1117,1,0,2,21,0,0,0,1,0,0,14,125,,,,0.0,0.16,1.69,1.13,10.07,43,24,58
101,a,100.0,100.0,4.7,382,17.0,0,0.0,2,-2.0,12.4,27,5.0,104,6,3.7,95.0,12.0,6,402,2.5,146.0,13.0,0.5,22.1,0.0,1342234,90537,1022599,6627,3.0,2.5,0.0,0.04,0.04,39.34,0.0,0.0,0.0,1.4,643.6,28.0,8.0,20.0,395.0,4.0,0.0,744.0,82.0,66.4,187.0,6.0,,,,29,,Caoimhín,Kelleher,Kelleher,,,2520,0,0,7,37,0,3,0,1,0,75,28,95,,,,2.68,0.25,1.32,1.0,0.0,1,35,211
102,a,,,3.9,756,79.0,0,0.0,-1,1.0,0.3,339,46.0,0,0,0.0,551.0,49.0,0,0,0.0,422.0,40.0,0.0,0.0,0.0,16346,138,24082,220,0.5,0.0,0.0,0.0,0.0,0.0,0.0,0.0,0.0,0.0,0.0,541.0,49.0,0.0,528.0,32.0,0.0,498.0,19.0,0.0,543.0,49.0,,,,29,,Ellery,Balcombe,Balcombe,,,0,0,0,0,0,0,0,0,0,0,0,0,0,,,,0.0,0.0,0.0,0.0,0.0,0,0,0
105,a,,,3.9,772,88.0,0,0.0,-1,1.0,0.6,234,31.0,1,0,1.0,453.0,33.0,0,1,0.2,346.0,25.0,0.1,0.3,0.0,38374,358,72512,490,0.7,0.2,0.0,0.0,0.0,0.97,0.0,0.0,0.0,0.97,13.0,454.0,33.0,0.0,541.0,41.0,0.0,511.0,28.0,1.3,480.0,33.0,,,,29,,Hákon Rafn,Valdimarsson,Valdimarsson,,,90,0,0,0,3,0,0,0,0,0,1,1,0,,,,1.0,0.0,3.0,1.0,0.0,0,0,7
720,a,,,5.4,173,42.0,0,0.0,-1,1.0,0.2,401,61.0,54,4,2.1,323.0,35.0,4,173,1.8,205.0,26.0,0.3,10.0,0.0,62913,1041,45642,1379,1.3,0.8,4.04,0.34,4.38,20.22,0.3,0.03,0.33,1.5,188.8,272.0,26.0,160.8,194.0,20.0,434.0,35.0,16.0,77.6,145.0,20.0,,,5.0,29,,Tolu,Arokodare,Tolu,,,1215,2,2,3,25,0,0,1,1,0,0,12,68,,,,0.0,0.22,1.85,0.89,5.04,6,39,23
749,a,,,4.5,508,75.0,-1,1.0,0,0.0,2.2,134,21.0,52,2,2.7,231.0,23.0,6,207,2.0,180.0,24.0,0.4,11.6,0.0,541438,8369,274961,15709,1.5,1.0,1.32,1.61,2.93,21.75,0.1,0.12,0.22,1.59,216.4,256.0,24.0,223.4,147.0,11.0,198.0,135.0,34.0,63.5,199.0,25.0,2.0,3.0,,29,,Mateus,Mané,Mané,,,1235,2,2,5,18,0,0,0,0,0,0,13,94,,,,0.0,0.36,1.31,0.95,6.85,16,27,51
118,u,0.0,0.0,4.0,699,181.0,0,0.0,0,0.0,0.0,614,217.0,0,0,0.0,605.0,224.0,0,0,0.0,481.0,190.0,0.0,0.0,0.0,279,0,10987,11,0.0,0.0,0.0,0.0,0.0,0.0,0.0,0.0,0.0,0.0,0.0,595.0,224.0,0.0,586.0,224.0,0.0,557.0,220.0,0.0,597.0,224.0,,,,29,,Jayden,Meghoma,Meghoma,Has joined Rangers on loan for the rest of the season.,,0,0,0,0,0,0,0,0,0,0,0,0,0,,,,0.0,0.0,0.0,0.0,0.0,0,0,0
231,a,100.0,100.0,4.5,475,94.0,0,0.0,0,0.0,0.0,667,234.0,2,0,1.0,480.0,172.0,0,1,0.5,321.0,112.0,0.1,0.4,0.0,2510,340,2773,208,1.0,1.0,0.35,0.0,0.35,1.42,0.35,0.0,0.35,1.4,6.2,471.0,171.0,0.1,488.0,177.0,7.0,423.0,160.0,1.3,481.0,170.0,,,,29,,Mamadou,Sarr,M.Sarr,,,91,0,0,0,3,0,0,0,0,0,0,1,8,,,,0.0,0.0,2.97,0.99,7.91,1,7,2
232,a,100.0,100.0,4.0,665,162.0,0,0.0,-5,5.0,0.3,341,126.0,33,1,2.4,279.0,105.0,2,122,0.8,274.0,95.0,0.2,8.2,0.0,107031,442,221577,231,1.3,1.3,0.11,0.4,0.5,11.89,0.01,0.05,0.06,1.46,226.2,245.0,96.0,32.0,374.0,132.0,19.0,383.0,135.0,27.8,344.0,117.0,,,,29,,Tosin,Adarabioyo,Tosin,,,731,0,0,2,12,0,0,0,2,0,0,7,106,,,,0.0,0.25,1.48,0.86,11.33,13,79,18
233,a,100.0,100.0,3.7,818,264.0,0,0.0,-3,3.0,1.7,151,58.0,33,0,2.8,209.0,79.0,5,98,0.2,341.0,116.0,0.1,8.9,0.0,581785,9675,489316,4798,0.7,0.7,0.6,0.13,0.73,13.91,0.1,0.02,0.12,2.21,125.2,329.0,126.0,39.2,356.0,124.0,66.0,296.0,87.0,23.1,359.0,122.0,,,,29,,Josh,Acheampong,Acheampong,,,567,1,0,2,12,0,0,0,1,0,0,7,56,,,,0.0,0.32,1.9,1.11,6.35,9,31,23
234,u,0.0,0.0,4.0,733,208.0,0,0.0,0,0.0,0.1,577,206.0,0,0,0.0,631.0,244.0,0,0,0.0,509.0,212.0,0.0,0.0,0.0,1262,0,10209,20,0.0,0.0,0.0,0.0,0.0,0.0,0.0,0.0,0.0,0.0,0.0,621.0,244.0,0.0,613.0,244.0,0.0,585.0,241.0,0.0,623.0,244.0,,,,29,,Aarón,Anselmino,Anselmino,has joined Strasbourg on loan for the rest of the season.,,0,0,0,0,0,0,0,0,0,0,0,0,0,,,,0.0,0.0,0.0,0.0,0.0,0,0,0
250,a,100.0,100.0,6.2,76,24.0,0,0.0,-3,3.0,0.9,198,30.0,36,1,1.8,378.0,45.0,1,110,1.0,272.0,33.0,0.2,5.8,0.0,109032,466,465928,1134,1.5,1.5,3.68,0.18,3.85,11.04,0.46,0.02,0.48,1.37,58.8,404.0,44.0,54.8,333.0,39.0,287.0,85.0,26.0,39.1,296.0,34.0,,,,29,,Liam,Delap,Delap,,,727,1,2,2,13,0,0,0,2,0,0,9,26,,,,0.0,0.25,1.61,1.11,3.22,2,7,17
251,u,0.0,0.0,6.5,54,19.0,0,0.0,0,0.0,0.1,530,75.0,0,0,0.0,816.0,92.0,0,0,0.0,812.0,89.0,0.0,0.0,0.0,4962,0,15357,16,0.0,0.0,0.0,0.0,0.0,0.0,0.0,0.0,0.0,0.0,0.0,816.0,92.0,0.0,816.0,92.0,0.0,816.0,92.0,0.0,816.0,92.0,,,,29,,Nicolas,Jackson,N.Jackson,has joined Bayern Munich on loan for the rest of the season.,,0,0,0,0,0,0,0,0,0,0,0,0,0,,,,0.0,0.0,0.0,0.0,0.0,0,0,0
252,a,100.0,100.0,4.1,657,92.0,0,0.0,-4,4.0,5.6,65,13.0,12,0,1.3,426.0,52.0,0,19,0.0,519.0,47.0,0.0,2.9,0.0,1218670,7949,2728169,11299,0.5,0.5,1.46,0.29,1.75,5.65,0.53,0.11,0.64,2.06,24.6,440.0,52.0,38.8,358.0,44.0,81.0,273.0,49.0,12.6,406.0,51.0,,,,29,,Marc,Guiu Paz,Marc Guiu,,,247,0,1,0,2,0,0,0,1,0,0,1,7,,,,0.0,0.0,0.73,0.36,2.55,0,4,3
253,a,,,5.0,247,8.0,0,0.0,0,0.0,8.2,43,8.0,115,3,4.0,61.0,4.0,7,478,5.8,17.0,1.0,1.2,23.0,0.0,1042374,62209,921937,6424,5.8,5.8,0.0,0.1,0.1,39.04,0.0,0.0,0.0,1.35,692.0,14.0,4.0,10.0,428.0,12.0,0.0,775.0,89.0,70.1,170.0,4.0,,,,29,,Dean,Henderson,Henderson,,,2610,0,0,10,35,0,1,0,3,0,86,29,80,,,,2.97,0.34,1.21,1.0,0.0,0,43,234
254,a,100.0,100.0,4.0,667,45.0,0,0.0,0,0.0,0.3,316,44.0,0,0,0.0,579.0,66.0,0,0,0.0,451.0,58.0,0.0,0.0,0.0,15306,240,31048,257,0.0,0.0,0.0,0.0,0.0,0.0,0.0,0.0,0.0,0.0,0.0,569.0,66.0,0.0,559.0,52.0,0.0,530.0,39.0,0.0,571.0,66.0,,,,29,,Walter,Benítez,Benitez,,,0,0,0,0,0,0,0,0,0,0,0,0,0,,,,0.0,0.0,0.0,0.0,0.0,0,0,0
258,a,,,5.0,257,40.0,0,0.0,0,0.0,2.2,131,52.0,108,2,3.7,97.0,33.0,7,384,3.8,71.0,24.0,0.8,21.6,0.0,464033,6875,378863,3374,3.8,3.8,1.06,1.61,2.67,39.04,0.04,0.06,0.1,1.36,499.6,72.0,32.0,363.2,67.0,14.0,187.0,149.0,29.0,105.1,76.0,14.0,,,,29,,Tyrick,Mitchell,Mitchell,,,2578,1,1,10,35,0,0,0,5,0,0,29,239,,,,0.0,0.35,1.22,1.01,6.67,78,113,140
284,i,0.0,0.0,5.4,163,40.0,0,0.0,-1,1.0,0.3,322,52.0,23,0,1.9,355.0,41.0,3,100,0.0,778.0,81.0,0.0,4.3,0.0,124401,34,145767,405,0.0,0.0,1.77,0.46,2.23,9.49,0.38,0.1,0.48,2.06,120.0,336.0,33.0,84.6,289.0,30.0,173.0,162.0,39.0,37.8,302.0,35.0,,,,29,,Eddie,Nketiah,Nketiah,Hamstring injury - Expected back 11 Apr,,414,2,0,0,12,0,0,0,2,0,0,2,38,,,,0.0,0.0,2.61,0.43,8.26,8,13,17
468,u,0.0,0.0,4.5,476,67.0,0,0.0,0,0.0,0.1,510,71.0,0,0,0.0,730.0,77.0,0,0,0.0,655.0,64.0,0.0,0.0,0.0,4530,0,14849,43,0.0,0.0,0.0,0.0,0.0,0.0,0.0,0.0,0.0,0.0,0.0,727.0,77.0,0.0,722.0,76.0,0.0,708.0,76.0,0.0,728.0,77.0,,,,29,,Ethan,Wheatley,Wheatley,has joined Bradford City on loan for the rest of the season.,,0,0,0,0,0,0,0,0,0,0,0,0,0,,,,0.0,0.0,0.0,0.0,0.0,0,0,0
273,a,100.0,100.0,5.0,271,165.0,0,0.0,0,0.0,0.6,226,79.0,90,10,3.5,120.0,54.0,6,412,5.2,33.0,15.0,1.0,18.0,0.0,171809,5383,172426,1130,5.2,5.2,1.25,5.91,7.15,33.36,0.05,0.25,0.3,1.41,379.6,134.0,45.0,537.3,24.0,23.0,147.0,192.0,107.0,106.6,75.0,48.0,3.0,,,29,,Adam,Wharton,Wharton,,,2135,0,6,8,33,0,0,0,4,1,0,26,249,,,,0.0,0.34,1.39,1.1,10.5,60,58,131
275,u,0.0,0.0,4.3,591,346.0,0,0.0,-2,2.0,0.0,623,242.0,0,0,0.0,648.0,243.0,0,0,0.0,545.0,179.0,0.0,0.0,0.0,5497,0,7730,31,0.0,0.0,0.0,0.0,0.0,0.0,0.0,0.0,0.0,0.0,0.0,638.0,233.0,0.0,633.0,238.0,0.0,609.0,226.0,0.0,640.0,235.0,,,,29,,Naouirou,Ahamada,Ahamada,has joined AJ Auxerre permanently.,,0,0,0,0,0,0,0,0,0,0,0,0,0,,,,0.0,0.0,0.0,0.0,0.0,0,0,0
276,a,100.0,100.0,4.3,595,348.0,0,0.0,-2,2.0,1.3,169,59.0,29,0,1.6,392.0,168.0,0,81,0.0,548.0,181.0,0.0,6.7,0.0,288703,2349,332593,2791,0.0,0.0,2.38,0.36,2.74,10.05,0.36,0.05,0.41,1.53,86.6,371.0,164.0,94.5,270.0,164.0,164.0,170.0,93.0,34.5,316.0,153.0,,2.0,4.0,29,,Justin,Devenny,Devenny,,,593,1,0,1,10,0,0,0,0,0,0,5,48,,,,0.0,0.15,1.52,0.76,7.28,16,8,24
277,u,0.0,0.0,4.5,433,259.0,0,0.0,0,0.0,0.0,802,355.0,0,0,0.0,702.0,278.0,0,0,0.0,622.0,225.0,0.0,0.0,0.0,0,0,749,0,0.0,0.0,0.0,0.0,0.0,0.0,0.0,0.0,0.0,0.0,0.0,696.0,272.0,0.0,692.0,275.0,0.0,675.0,268.0,0.0,698.0,274.0,,,,29,,Malcolm,Ebiowei,Ebiowei,Has joined Blackpool permanently.,,0,0,0,0,0,0,0,0,0,0,0,0,0,,,,0.0,0.0,0.0,0.0,0.0,0,0,0
278,u,0.0,0.0,4.4,541,323.0,0,0.0,-1,1.0,0.0,650,259.0,0,0,0.0,672.0,259.0,0,0,0.0,580.0,199.0,0.0,0.0,0.0,4359,0,9532,15,0.0,0.0,0.0,0.0,0.0,0.0,0.0,0.0,0.0,0.0,0.0,663.0,250.0,0.0,659.0,255.0,0.0,637.0,244.0,0.0,665.0,252.0,,,,29,,Jesurun,Rak-Sakyi,J.Rak-Sakyi,has joined Stoke City on loan for the rest of the season.,,0,0,0,0,0,0,0,0,0,0,0,0,0,,,,0.0,0.0,0.0,0.0,0.0,0,0,0
22,i,0.0,0.0,5.4,162,101.0,0,0.0,-6,6.0,0.8,207,73.0,66,0,3.1,177.0,75.0,5,238,0.0,777.0,340.0,0.0,12.2,0.0,835940,26,840285,2326,0.0,0.0,2.99,1.45,4.44,6.59,0.27,0.13,0.4,0.6,304.4,188.0,77.0,187.0,176.0,120.0,237.0,104.0,64.0,72.6,155.0,82.0,,,,29,,Mikel,Merino Zazón,Merino,Foot injury - Unknown return date,,996,4,3,4,9,0,0,0,1,0,0,10,111,,,,0.0,0.36,0.81,0.9,10.03,26,30,55
23,u,0.0,0.0,5.4,168,105.0,0,0.0,-1,1.0,0.0,683,277.0,0,0,0.0,802.0,355.0,0,0,0.0,781.0,342.0,0.0,0.0,0.0,933,0,4429,1,0.0,0.0,0.0,0.0,0.0,0.0,0.0,0.0,0.0,0.0,0.0,801.0,354.0,0.0,800.0,354.0,0.0,798.0,353.0,0.0,801.0,354.0,,,,29,,Fábio,Ferreira Vieira,Fábio Vieira,has joined Hamburger on loan for the rest of the season.,,0,0,0,0,0,0,0,0,0,0,0,0,0,,,,0.0,0.0,0.0,0.0,0.0,0,0,0
24,a,100.0,100.0,5.1,225,138.0,0,0.0,-4,4.0,0.1,433,145.0,6,1,1.0,497.0,230.0,0,19,0.4,339.0,157.0,0.1,1.2,0.0,7690,91,61207,109,1.4,1.4,0.05,0.0,0.05,2.23,0.08,0.0,0.08,3.58,15.8,451.0,201.0,0.4,478.0,231.0,7.0,425.0,205.0,2.4,466.0,211.0,,,,29,,Christian,Nørgaard,Nørgaard,,,56,0,0,0,1,0,0,0,0,0,0,0,11,,,,0.0,0.0,1.61,0.0,17.68,0,7,4
25,u,0.0,0.0,5.0,272,166.0,0,0.0,-5,5.0,0.1,449,152.0,8,0,1.3,433.0,194.0,0,20,0.0,749.0,321.0,0.0,1.6,0.0,13149,0,36947,87,0.0,0.0,0.23,0.08,0.31,0.73,0.13,0.04,0.17,0.4,8.6,466.0,209.0,22.5,390.0,196.0,24.0,374.0,189.0,5.4,442.0,196.0,,,,29,,Ethan,Nwaneri,Nwaneri,has joined Marseille on loan for the rest of the season.,,165,0,0,1,0,0,0,0,0,0,0,0,13,,,,0.0,0.55,0.0,0.0,7.09,2,1,10
26,a,100.0,100.0,5.2,213,131.0,0,0.0,-3,3.0,4.4,83,26.0,114,3,3.8,86.0,41.0,9,517,2.6,136.0,58.0,0.5,21.9,0.0,1313953,6585,1062356,28229,3.6,3.6,2.67,2.07,4.74,20.08,0.1,0.07,0.17,0.72,531.6,61.0,16.0,319.1,85.0,64.0,243.0,101.0,62.0,109.5,71.0,44.0,,,,29,,Martín,Zubimendi Ibáñez,Zubimendi,,,2524,5,1,14,20,0,0,0,4,0,0,29,253,,,,0.0,0.5,0.71,1.03,9.02,53,103,97
351,a,100.0,100.0,5.2,214,132.0,0,0.0,-3,3.0,0.1,509,184.0,22,0,1.4,422.0,187.0,0,88,0.2,372.0,169.0,0.0,4.2,0.0,9292,51,40329,89,0.2,0.2,0.29,0.56,0.85,8.4,0.07,0.13,0.2,2.01,59.0,403.0,177.0,87.7,283.0,167.0,39.0,339.0,176.0,18.4,380.0,178.0,,,,29,,Wilfried,Gnonto,Gnonto,,,377,0,2,1,11,0,0,0,3,0,0,4,41,,,,0.0,0.24,2.63,0.95,9.79,14,10,17
352,u,0.0,0.0,5.1,230,142.0,0,0.0,-4,4.0,0.0,596,224.0,12,0,1.1,447.0,201.0,0,51,0.0,759.0,328.0,0.0,2.4,0.0,6000,0,18643,41,0.0,0.0,0.28,0.23,0.51,3.82,0.1,0.08,0.18,1.31,30.0,432.0,190.0,49.4,343.0,183.0,35.0,349.0,181.0,11.5,411.0,187.0,,,,29,,Jack,Harrison,Harrison,has joined ACF Fiorentina on loan for the rest of the season.,,262,0,0,0,5,0,0,0,0,0,0,1,24,,,,0.0,0.0,1.72,0.34,8.24,5,6,13
353,a,100.0,100.0,5.2,205,126.0,0,0.0,-3,3.0,0.1,484,171.0,17,1,1.2,441.0,198.0,0,65,0.8,296.0,138.0,0.2,3.3,0.0,8108,114,52693,88,0.8,0.8,0.71,0.59,1.3,10.43,0.16,0.13,0.29,2.36,44.6,418.0,183.0,112.9,243.0,153.0,97.0,248.0,137.0,25.6,350.0,168.0,,,,29,,Daniel,James,James,,,398,0,0,1,13,0,0,0,0,0,0,4,22,,,,0.0,0.23,2.94,0.9,4.97,4,3,15
354,a,100.0,100.0,4.9,300,187.0,0,0.0,-1,1.0,0.2,382,125.0,92,2,3.5,118.0,53.0,6,424,4.0,64.0,32.0,0.8,18.8,0.0,43673,1041,32779,1055,4.0,4.0,1.72,1.56,3.28,36.69,0.07,0.06,0.13,1.43,453.4,83.0,28.0,301.1,96.0,72.0,90.0,260.0,142.0,84.7,123.0,70.0,,,,29,,Ethan,Ampadu,Ampadu,,,2309,1,2,4,41,0,0,0,7,0,0,26,313,,,,0.0,0.16,1.6,1.01,12.2,63,111,139
185,a,,,3.9,740,67.0,0,0.0,-1,1.0,0.2,402,58.0,0,0,0.0,540.0,38.0,0,0,0.0,409.0,29.0,0.0,0.0,0.0,15056,82,20353,131,-0.5,-0.5,0.0,0.0,0.0,0.0,0.0,0.0,0.0,0.0,0.0,530.0,38.0,0.0,516.0,20.0,0.0,486.0,7.0,0.0,532.0,38.0,,,,29,,Václav,Hladký,Hladký,,,0,0,0,0,0,0,0,0,0,0,0,0,0,,,,0.0,0.0,0.0,0.0,0.0,0,0,0
186,i,0.0,0.0,4.3,580,127.0,-1,1.0,-2,2.0,0.0,655,232.0,0,0,0.0,646.0,251.0,0,0,0.0,541.0,231.0,0.0,0.0,0.0,1610,12,9192,27,0.0,0.0,0.0,0.0,0.0,0.0,0.0,0.0,0.0,0.0,0.0,636.0,251.0,0.0,631.0,251.0,0.0,607.0,250.0,0.0,638.0,251.0,,,,29,,Connor,Roberts,Roberts,Achilles injury - Unknown return date,,0,0,0,0,0,0,0,0,0,0,0,0,0,,,,0.0,0.0,0.0,0.0,0.0,0,0,0
132,u,0.0,0.0,4.5,421,253.0,0,0.0,0,0.0,0.0,675,272.0,0,0,0.0,696.0,273.0,0,0,0.0,613.0,219.0,0.0,0.0,0.0,4038,0,5461,46,0.0,0.0,0.0,0.0,0.0,0.0,0.0,0.0,0.0,0.0,0.0,690.0,267.0,0.0,685.0,270.0,0.0,666.0,262.0,0.0,692.0,269.0,,,,29,,Paris,Maghoma,Maghoma,has joined Norwich City permanently.,,0,0,0,0,0,0,0,0,0,0,0,0,0,,,,0.0,0.0,0.0,0.0,0.0,0,0,0
133,u,0.0,0.0,4.4,540,322.0,0,0.0,-1,1.0,0.0,635,249.0,1,0,1.0,468.0,206.0,0,2,0.0,579.0,198.0,0.0,0.2,0.0,3881,0,6378,23,0.0,0.0,0.0,0.0,0.0,0.0,0.0,0.0,0.0,0.0,0.0,662.0,249.0,0.0,658.0,254.0,0.0,636.0,243.0,0.0,664.0,251.0,,,,29,,Myles,Peart-Harris,Peart-Harris,has joined Oxford United permanently.,,1,0,0,0,0,0,0,0,0,0,0,0,0,,,,0.0,0.0,0.0,0.0,0.0,0,0,0
134,u,0.0,0.0,4.5,486,299.0,0,0.0,0,0.0,0.0,789,345.0,0,0,0.0,737.0,308.0,0,0,0.0,665.0,262.0,0.0,0.0,0.0,0,0,948,0,0.0,0.0,0.0,0.0,0.0,0.0,0.0,0.0,0.0,0.0,0.0,735.0,306.0,0.0,729.0,306.0,0.0,716.0,302.0,0.0,735.0,306.0,,,,29,,Ryan,Trevitt,Trevitt,Has joined Wigan on loan for the rest of the season,,0,0,0,0,0,0,0,0,0,0,0,0,0,,,,0.0,0.0,0.0,0.0,0.0,0,0,0
165,u,0.0,0.0,5.4,178,111.0,0,0.0,-1,1.0,0.0,733,307.0,0,0,0.0,805.0,357.0,0,0,0.0,786.0,346.0,0.0,0.0,0.0,247,0,2245,3,0.0,0.0,0.0,0.0,0.0,0.0,0.0,0.0,0.0,0.0,0.0,804.0,356.0,0.0,803.0,356.0,0.0,801.0,355.0,0.0,804.0,356.0,,,,29,,Abdallah,Sima,Sima,has joined Lens permanently.,,0,0,0,0,0,0,0,0,0,0,0,0,0,,,,0.0,0.0,0.0,0.0,0.0,0,0,0
509,u,0.0,0.0,4.5,434,87.0,0,0.0,0,0.0,0.0,678,237.0,0,0,0.0,703.0,258.0,0,0,0.0,623.0,245.0,0.0,0.0,0.0,427,0,4409,1,0.0,0.0,0.0,0.0,0.0,0.0,0.0,0.0,0.0,0.0,0.0,697.0,258.0,0.0,693.0,258.0,0.0,676.0,258.0,0.0,699.0,258.0,,,,29,,David,Mota Veiga Teixeira do Carmo,David Carmo,has joined Real Oviedo on loan for the rest of the season.,,0,0,0,0,0,0,0,0,0,0,0,0,0,,,,0.0,0.0,0.0,0.0,0.0,0,0,0
510,a,,,4.2,645,154.0,0,0.0,-3,3.0,0.1,547,198.0,5,1,1.7,383.0,143.0,0,18,0.5,313.0,105.0,0.1,1.2,0.0,3430,90,8396,63,0.5,0.0,0.14,0.0,0.14,5.45,0.06,0.0,0.06,2.29,46.2,413.0,155.0,0.8,468.0,172.0,10.0,406.0,150.0,5.6,441.0,159.0,,,,29,,Jair,Paula da Cunha Filho,Jair Cunha,,,214,0,0,0,4,0,0,0,0,0,0,2,21,,,,0.0,0.0,1.68,0.84,8.41,4,16,3
238,d,50.0,25.0,6.4,62,41.0,0,0.0,-1,1.0,1.8,147,50.0,55,0,2.9,207.0,88.0,4,169,0.8,305.0,142.0,0.1,8.6,0.0,852245,185,900122,9738,0.7,0.3,2.82,2.12,4.94,8.13,0.34,0.26,0.6,0.99,177.2,285.0,124.0,218.3,149.0,100.0,283.0,88.0,55.0,67.7,179.0,92.0,,,3.0,29,,Estêvão,Almeida de Oliveira Gonçalves,Estêvão,Hamstring injury - 50% chance of playing,,738,2,5,4,8,0,0,0,3,0,0,10,51,,,,0.0,0.49,0.98,1.22,6.22,10,8,33
239,d,50.0,0.0,6.0,89,56.0,0,0.0,-5,5.0,0.1,476,165.0,25,0,1.6,401.0,175.0,0,99,0.0,803.0,359.0,0.0,4.2,0.0,17118,15,41908,95,0.2,0.0,0.81,0.94,1.75,8.89,0.15,0.17,0.32,1.65,93.0,368.0,162.0,130.4,216.0,140.0,91.0,258.0,141.0,31.3,329.0,159.0,,,,29,,Jamie,Bynoe-Gittens,Gittens,Hamstring injury - 50% chance of playing,,486,0,2,1,7,0,0,0,0,0,0,5,29,,,,0.0,0.19,1.3,0.93,5.37,8,6,15
540,u,0.0,0.0,3.9,763,222.0,0,0.0,-1,1.0,0.3,328,119.0,0,0,0.0,556.0,202.0,0,0,0.0,427.0,165.0,0.0,0.0,0.0,47547,0,47742,260,0.0,0.0,0.0,0.0,0.0,0.0,0.0,0.0,0.0,0.0,0.0,546.0,202.0,0.0,533.0,202.0,0.0,503.0,197.0,0.0,548.0,202.0,,,,29,,Timothée,Pembélé,Pembele,has joined Le Havre AC on loan for the rest of the season.,,0,0,0,0,0,0,0,0,0,0,0,0,0,,,,0.0,0.0,0.0,0.0,0.0,0,0,0
235,a,100.0,100.0,10.6,3,2.0,0,0.0,1,-1.0,16.3,20,7.0,92,9,5.1,14.0,8.0,9,320,6.2,12.0,5.0,0.6,8.7,0.0,2530801,64094,7254044,20774,6.7,6.7,8.25,1.48,9.73,19.84,0.6,0.11,0.71,1.44,432.0,96.0,32.0,239.0,135.0,94.0,405.0,44.0,27.0,107.4,73.0,46.0,,3.0,1.0,29,,Cole,Palmer,Palmer,,,1236,9,2,3,18,0,0,0,4,0,0,16,95,,,,0.0,0.22,1.31,1.17,6.92,17,21,57
236,a,100.0,0.0,7.0,36,21.0,0,0.0,0,0.0,4.3,86,28.0,106,0,3.8,91.0,46.0,8,454,2.0,192.0,79.0,0.3,15.1,0.0,1931145,4214,1968255,14401,2.5,0.0,4.27,5.64,9.91,28.79,0.18,0.24,0.42,1.21,442.8,90.0,30.0,684.0,10.0,10.0,427.0,38.0,22.0,155.6,23.0,19.0,1.0,4.0,,29,,Pedro,Lomba Neto,Neto,,,2138,5,5,11,21,0,0,0,2,1,0,24,103,,,,0.0,0.46,0.88,1.01,4.34,15,17,71
241,a,100.0,100.0,5.7,119,75.0,0,0.0,2,-2.0,7.6,50,17.0,93,2,3.9,77.0,36.0,10,457,2.2,173.0,69.0,0.4,16.3,0.0,3251451,7414,3196415,13175,2.7,2.7,1.21,1.88,3.09,29.86,0.05,0.08,0.13,1.31,476.6,77.0,23.0,278.2,113.0,80.0,104.0,240.0,131.0,85.7,122.0,69.0,,,,29,,Moisés,Caicedo Corozo,Caicedo,,,2044,3,1,6,29,0,0,0,8,1,0,23,290,,,,0.0,0.26,1.28,1.01,12.77,71,86,133
244,a,100.0,100.0,4.9,340,209.0,0,0.0,-1,1.0,0.0,693,282.0,6,1,1.0,492.0,226.0,0,27,0.5,329.0,150.0,0.1,1.2,0.0,2787,87,4649,32,1.0,1.0,0.0,0.06,0.06,3.23,0.0,0.04,0.04,2.15,11.8,455.0,203.0,9.0,430.0,208.0,2.0,454.0,223.0,2.2,467.0,212.0,,,,29,,Roméo,Lavia,Lavia,,,135,0,0,0,3,0,0,0,0,0,0,1,13,,,,0.0,0.0,2.0,0.67,8.67,2,6,5
245,s,0.0,0.0,4.9,331,205.0,0,0.0,-1,1.0,0.0,747,317.0,0,0,0.0,778.0,338.0,0,0,0.0,731.0,309.0,0.0,0.0,0.0,1008,23,1300,10,0.0,0.0,0.0,0.0,0.0,0.0,0.0,0.0,0.0,0.0,0.0,777.0,337.0,0.0,773.0,337.0,0.0,768.0,335.0,0.0,777.0,337.0,,,,29,,Mykhailo,Mudryk,Mudryk,Suspended - unknown return date,,0,0,0,0,0,0,0,0,0,0,0,0,0,,,,0.0,0.0,0.0,0.0,0.0,0,0,0
246,a,100.0,100.0,4.5,457,276.0,0,0.0,0,0.0,0.3,317,107.0,31,1,1.4,420.0,186.0,0,171,1.8,197.0,82.0,0.4,6.9,0.0,76292,865,83102,824,2.3,2.3,1.7,0.79,2.49,14.4,0.16,0.07,0.23,1.34,150.4,310.0,139.0,125.9,224.0,145.0,61.0,307.0,167.0,33.7,320.0,156.0,,,,29,,Andrey,Nascimento dos Santos,Andrey Santos,,,964,0,0,1,12,0,0,0,4,0,0,10,104,,,,0.0,0.09,1.12,0.93,9.71,27,39,38
111,a,100.0,100.0,4.2,631,144.0,0,0.0,-3,3.0,0.1,452,167.0,4,0,1.3,427.0,154.0,0,21,0.0,523.0,220.0,0.0,1.0,0.0,12581,190,26981,186,0.5,0.0,0.0,0.06,0.06,3.18,0.0,0.02,0.02,1.26,62.8,397.0,153.0,1.1,465.0,171.0,12.0,398.0,145.0,7.6,431.0,155.0,,,,29,,Ethan,Pinnock,Pinnock,,,228,0,0,0,5,1,0,0,1,0,0,3,33,,,,0.0,0.0,1.97,1.18,11.45,4,25,9
112,u,0.0,0.0,4.5,423,83.0,0,0.0,0,0.0,0.0,716,248.0,0,0,0.0,697.0,257.0,0,0,0.0,615.0,244.0,0.0,0.0,0.0,211,0,3930,0,0.0,0.0,0.0,0.0,0.0,0.0,0.0,0.0,0.0,0.0,0.0,691.0,257.0,0.0,686.0,257.0,0.0,668.0,257.0,0.0,693.0,257.0,,,,29,,Mads,Roerslev Rasmussen,Roerslev,Has joined Southampton permanently.,,0,0,0,0,0,0,0,0,0,0,0,0,0,,,,0.0,0.0,0.0,0.0,0.0,0,0,0
247,a,100.0,50.0,4.3,598,349.0,0,0.0,-2,2.0,0.1,572,211.0,0,0,0.0,650.0,245.0,0,0,0.0,550.0,182.0,0.0,0.0,0.0,12567,222,14188,120,0.5,0.2,0.0,0.0,0.0,0.0,0.0,0.0,0.0,0.0,0.0,640.0,235.0,0.0,635.0,240.0,0.0,611.0,228.0,0.0,642.0,237.0,,,,29,,Dário,Luís Essugo,D.Essugo,,,0,0,0,0,0,0,0,0,0,0,0,0,0,,,,0.0,0.0,0.0,0.0,0.0,0,0,0
248,u,0.0,0.0,4.5,496,306.0,0,0.0,0,0.0,0.0,783,341.0,0,0,0.0,743.0,312.0,0,0,0.0,672.0,267.0,0.0,0.0,0.0,0,0,950,2,0.0,0.0,0.0,0.0,0.0,0.0,0.0,0.0,0.0,0.0,0.0,742.0,311.0,0.0,736.0,311.0,0.0,723.0,307.0,0.0,742.0,311.0,,,,29,,Kendry,Páez Andrade,Paez,has joined River Plate on loan for the rest of the season.,,0,0,0,0,0,0,0,0,0,0,0,0,0,,,,0.0,0.0,0.0,0.0,0.0,0,0,0
249,a,,,7.7,19,6.0,1,-1.0,2,-2.0,47.6,3,2.0,160,19,5.5,9.0,2.0,28,651,9.5,1.0,1.0,1.2,20.8,0.0,7928125,304732,8580784,11259,10.0,10.0,13.18,1.72,14.9,28.46,0.55,0.07,0.62,1.2,710.8,11.0,3.0,409.8,48.0,2.0,778.0,4.0,3.0,189.4,8.0,3.0,,,,29,,João Pedro,Junqueira de Jesus,João Pedro,,,2140,14,9,10,23,0,0,0,4,0,0,25,118,,,,0.0,0.42,0.97,1.05,4.96,22,35,61
797,a,,,4.5,487,69.0,0,0.0,0,0.0,0.0,707,89.0,0,0,0.0,738.0,79.0,0,0,0.0,666.0,66.0,0.0,0.0,0.0,1851,73,970,146,0.5,0.0,0.0,0.0,0.0,0.0,0.0,0.0,0.0,0.0,0.0,736.0,79.0,0.0,730.0,78.0,0.0,717.0,78.0,0.0,736.0,79.0,,,,29,,Kaye,Furo,Furo,,,0,0,0,0,0,0,0,0,0,0,0,0,0,,,,0.0,0.0,0.0,0.0,0.0,0,0,0
810,a,,,4.5,468,285.0,0,0.0,0,0.0,0.0,803,356.0,0,0,0.0,724.0,298.0,0,0,0.0,648.0,248.0,0.0,0.0,0.0,314,28,117,21,0.5,0.0,0.0,0.0,0.0,0.0,0.0,0.0,0.0,0.0,0.0,721.0,295.0,0.0,716.0,296.0,0.0,701.0,290.0,0.0,722.0,296.0,,,,29,,Luka,Bentt,Bentt,,,0,0,0,0,0,0,0,0,0,0,0,0,0,,,,0.0,0.0,0.0,0.0,0.0,0,0,0
550,a,,,4.8,359,225.0,0,0.0,-2,2.0,0.0,663,267.0,0,0,0.0,763.0,327.0,0,0,0.0,701.0,288.0,0.0,0.0,0.0,1070,21,2747,14,0.0,0.0,0.0,0.0,0.0,0.0,0.0,0.0,0.0,0.0,0.0,762.0,326.0,0.0,757.0,326.0,0.0,749.0,323.0,0.0,762.0,326.0,,,,29,,Ian,Poveda-Ocampo,Poveda,,,0,0,0,0,0,0,0,0,0,0,0,0,0,,,,0.0,0.0,0.0,0.0,0.0,0,0,0
551,a,,,4.7,392,245.0,0,0.0,-3,3.0,0.0,598,225.0,16,1,1.5,410.0,181.0,0,51,0.2,360.0,162.0,0.0,3.4,0.0,5826,46,9229,61,0.2,0.2,0.32,0.35,0.67,5.41,0.08,0.08,0.16,1.29,20.2,446.0,197.0,48.4,345.0,185.0,21.0,381.0,192.0,8.9,424.0,190.0,,,,29,,Chris,Rigg,Rigg,,,376,0,0,2,2,0,0,0,0,0,0,6,28,,,,0.0,0.48,0.48,1.44,6.7,6,7,15
552,a,100.0,100.0,4.9,344,213.0,0,0.0,-1,1.0,0.1,564,207.0,58,3,2.4,287.0,125.0,0,299,2.0,184.0,73.0,0.4,11.8,0.0,10806,144,12013,105,2.0,2.0,0.37,0.94,1.31,30.34,0.02,0.04,0.06,1.29,255.8,222.0,96.0,201.9,165.0,112.0,65.0,299.0,161.0,52.4,241.0,121.0,,,,29,,Noah,Sadiki,Sadiki,,,2114,0,1,7,28,0,0,0,6,0,0,24,186,,,,0.0,0.3,1.19,1.02,7.92,35,74,77
553,a,100.0,100.0,4.9,342,211.0,0,0.0,-1,1.0,0.2,411,139.0,65,0,3.1,173.0,73.0,5,193,0.8,290.0,132.0,0.2,13.3,0.0,60341,156,70747,304,0.8,0.8,1.34,0.59,1.92,15.56,0.11,0.05,0.16,1.22,178.2,283.0,122.0,171.7,186.0,124.0,160.0,175.0,96.0,50.5,254.0,129.0,,,,29,,Chemsdine,Talbi,Talbi,,,1146,3,2,6,10,0,0,0,0,0,0,12,71,,,,0.0,0.47,0.79,0.94,5.58,8,15,48
638,u,0.0,0.0,3.8,795,242.0,0,0.0,-2,2.0,0.9,194,75.0,10,0,1.2,436.0,156.0,0,38,0.0,390.0,144.0,0.0,2.6,0.0,121813,0,261561,1564,0.0,0.0,0.02,0.36,0.38,9.36,0.0,0.08,0.08,1.99,101.4,354.0,135.0,87.8,281.0,87.0,13.0,395.0,143.0,20.3,371.0,129.0,,,,29,,Ki-Jana,Hoever,Hoever,has joined Sheffield United on loan for the rest of the season.,,423,0,0,0,13,0,0,0,0,0,0,6,46,,,,0.0,0.0,2.77,1.28,8.51,13,27,16
5,a,100.0,100.0,7.2,30,1.0,1,-1.0,12,-12.0,43.5,4,1.0,164,11,6.8,3.0,1.0,24,563,5.8,20.0,7.0,0.8,22.8,0.0,8176629,59657,5200866,8714,6.8,6.8,1.87,1.59,3.46,14.77,0.08,0.07,0.15,0.64,665.6,21.0,7.0,105.4,256.0,72.0,196.0,137.0,24.0,96.5,92.0,23.0,,,,29,,Gabriel,dos Santos Magalhães,Gabriel,,,2075,3,4,13,15,0,0,0,3,0,0,23,229,,,,0.0,0.56,0.65,1.0,9.28,31,183,44
6,a,100.0,100.0,6.1,84,4.0,0,0.0,1,-1.0,13.4,25,9.0,96,0,4.0,65.0,26.0,6,412,2.6,137.0,50.0,0.4,15.7,0.0,1900998,11996,2227581,37973,3.6,3.6,0.88,0.61,1.49,14.1,0.04,0.03,0.07,0.64,400.0,119.0,51.0,124.6,225.0,57.0,72.0,293.0,86.0,59.7,208.0,70.0,,,,29,,William,Saliba,Saliba,,,1984,1,0,10,16,0,0,0,1,0,0,23,169,,,,0.0,0.45,0.73,1.04,6.26,26,112,89
9,u,0.0,0.0,5.4,169,20.0,0,0.0,-1,1.0,0.0,591,210.0,0,0,0.0,803.0,266.0,0,0,0.0,782.0,265.0,0.0,0.0,0.0,1119,0,10911,13,0.0,0.0,0.0,0.0,0.0,0.0,0.0,0.0,0.0,0.0,0.0,802.0,266.0,0.0,801.0,266.0,0.0,799.0,266.0,0.0,802.0,266.0,,,,29,,Jakub,Kiwior,Kiwior,has joined Porto on loan for the rest of the season.,,0,0,0,0,0,0,0,0,0,0,0,0,0,,,,0.0,0.0,0.0,0.0,0.0,0,0,0
11,a,100.0,0.0,5.1,227,30.0,0,0.0,-4,4.0,0.5,266,99.0,30,0,4.3,45.0,17.0,3,112,0.0,757.0,260.0,0.0,5.9,0.0,346826,36,408003,1687,1.0,0.0,0.43,0.49,0.92,6.13,0.09,0.11,0.2,1.35,111.4,347.0,132.0,92.7,276.0,84.0,46.0,329.0,108.0,25.0,352.0,120.0,,,,29,,Benjamin,White,White,,,409,0,1,3,4,0,0,0,0,0,0,5,40,,,,0.0,0.66,0.88,1.1,7.92,13,23,18
14,u,0.0,0.0,3.9,781,229.0,0,0.0,-1,1.0,0.1,491,175.0,0,0,0.0,572.0,208.0,0,0,0.0,443.0,171.0,0.0,0.0,0.0,10218,0,22678,29,0.0,0.0,0.0,0.0,0.0,0.0,0.0,0.0,0.0,0.0,0.0,562.0,208.0,0.0,550.0,208.0,0.0,520.0,203.0,0.0,564.0,208.0,,,,29,,Maldini,Kacurri,Kacurri,has joined Morecambe on loan for the rest of the season.,,0,0,0,0,0,0,0,0,0,0,0,0,0,,,,0.0,0.0,0.0,0.0,0.0,0,0,0
120,a,100.0,100.0,6.9,41,25.0,0,0.0,-1,1.0,1.8,146,49.0,97,3,3.7,100.0,48.0,5,319,2.8,135.0,57.0,0.4,14.1,0.0,866843,20424,696653,5148,3.3,2.8,9.69,1.86,11.55,28.39,0.42,0.08,0.5,1.24,472.8,80.0,25.0,325.9,78.0,59.0,669.0,12.0,5.0,146.4,25.0,20.0,,,3.0,29,,Kevin,Schade,Schade,,,2063,7,4,8,25,0,0,1,6,1,0,24,155,,,,0.0,0.35,1.09,1.05,6.76,33,45,77
121,a,100.0,100.0,5.6,130,80.0,0,0.0,-4,4.0,0.8,203,70.0,85,3,3.4,139.0,62.0,6,352,5.8,19.0,10.0,1.0,15.2,0.0,153554,15297,174618,2514,6.3,5.8,1.79,3.95,5.74,22.61,0.11,0.24,0.35,1.36,414.0,112.0,37.0,527.0,27.0,26.0,249.0,100.0,61.0,119.1,50.0,34.0,,3.0,,29,,Mikkel,Damsgaard,Damsgaard,,,1495,3,4,3,25,0,0,0,0,0,0,17,168,,,,0.0,0.18,1.51,1.02,10.11,40,34,94
117,u,0.0,0.0,3.9,780,228.0,0,0.0,-1,1.0,0.1,520,185.0,0,0,0.0,571.0,207.0,0,0,0.0,442.0,170.0,0.0,0.0,0.0,4108,0,15642,31,0.0,0.0,0.0,0.0,0.0,0.0,0.0,0.0,0.0,0.0,0.0,561.0,207.0,0.0,549.0,207.0,0.0,519.0,202.0,0.0,563.0,207.0,,,,29,,Kim,Ji-soo,Ji-soo,has joined Kaiserslautern on loan for the rest of the season.,,0,0,0,0,0,0,0,0,0,0,0,0,0,,,,0.0,0.0,0.0,0.0,0.0,0,0,0
122,i,0.0,0.0,5.2,217,135.0,0,0.0,-3,3.0,0.0,656,261.0,1,0,1.0,499.0,232.0,0,5,0.0,767.0,333.0,0.0,0.2,0.0,2044,7,6954,11,0.0,0.0,0.0,0.01,0.01,1.49,0.0,0.02,0.02,2.98,4.0,479.0,218.0,1.8,456.0,219.0,0.0,791.0,349.0,0.6,490.0,224.0,,,,29,,Antoni,Milambo,Milambo,Knee injury - Expected back 01 Jun,,45,0,0,0,3,0,0,0,0,0,0,1,4,,,,0.0,0.0,6.0,2.0,8.0,2,0,2
461,a,,,4.3,611,357.0,0,0.0,-2,2.0,0.0,605,230.0,0,0,0.0,658.0,251.0,0,0,0.0,560.0,190.0,0.0,0.0,0.0,3427,75,4942,63,0.5,0.5,0.0,0.0,0.0,0.0,0.0,0.0,0.0,0.0,0.0,648.0,241.0,0.0,644.0,246.0,0.0,621.0,235.0,0.0,650.0,243.0,,,,29,,Jayce,Fitzgerald,Fitzgerald,,,0,0,0,0,0,0,0,0,0,0,0,0,0,,,,0.0,0.0,0.0,0.0,0.0,0,0,0
462,a,,,4.3,608,354.0,0,0.0,-2,2.0,0.1,511,185.0,3,0,1.0,465.0,204.0,0,10,0.0,557.0,187.0,0.0,0.7,0.0,15038,107,13332,233,0.5,0.5,0.03,0.02,0.05,1.86,0.03,0.02,0.05,1.56,18.6,448.0,198.0,24.4,388.0,195.0,5.0,429.0,209.0,4.8,451.0,201.0,,,,29,,Jack,Fletcher,J.Fletcher,,,107,0,0,0,0,0,0,0,0,0,0,0,11,,,,0.0,0.0,0.0,0.0,9.25,5,2,4
748,i,0.0,0.0,4.9,299,186.0,0,0.0,-1,1.0,0.0,809,359.0,0,0,0.0,768.0,330.0,0,0,0.0,714.0,298.0,0.0,0.0,0.0,190,4,218,2,0.0,0.0,0.0,0.0,0.0,0.0,0.0,0.0,0.0,0.0,0.0,767.0,329.0,0.0,763.0,329.0,0.0,757.0,327.0,0.0,767.0,329.0,,,,29,,Josh,Dasilva,Dasilva,Lack of match fitness - Expected back 24 May,,0,0,0,0,0,0,0,0,0,0,0,0,0,,,,0.0,0.0,0.0,0.0,0.0,0,0,0
150,u,0.0,0.0,4.4,531,109.0,0,0.0,-1,1.0,0.1,513,182.0,0,0,0.0,669.0,254.0,0,0,0.0,574.0,236.0,0.0,0.0,0.0,2778,0,38600,20,0.0,0.0,0.0,0.0,0.0,0.0,0.0,0.0,0.0,0.0,0.0,659.0,254.0,0.0,655.0,254.0,0.0,633.0,253.0,0.0,661.0,254.0,,,,29,,Tariq,Lamptey,Lamptey,has joined Fiorentina permanently.,,0,0,0,0,0,0,0,0,0,0,0,0,0,,,,0.0,0.0,0.0,0.0,0.0,0,0,0
291,a,,,5.7,111,8.0,0,0.0,2,-2.0,11.2,30,10.0,136,15,4.7,23.0,7.0,9,484,5.0,46.0,15.0,0.9,23.9,0.0,2399324,62929,1840182,20720,4.0,5.5,2.04,1.32,3.36,41.23,0.07,0.05,0.12,1.42,746.0,9.0,4.0,185.6,177.0,43.0,265.0,92.0,8.0,120.0,47.0,5.0,,,,29,,James,Tarkowski,Tarkowski,,,2610,1,1,10,33,0,0,0,5,0,0,29,330,,,,0.0,0.34,1.14,1.0,10.48,39,265,69
292,a,100.0,100.0,4.9,313,50.0,0,0.0,-1,1.0,0.6,232,88.0,76,6,3.2,156.0,57.0,1,286,2.5,150.0,58.0,0.5,15.5,0.0,145732,905,173447,1902,1.5,3.0,0.28,2.21,2.49,33.4,0.01,0.09,0.1,1.4,397.8,122.0,53.0,283.0,109.0,26.0,65.0,298.0,88.0,74.5,151.0,51.0,,,,29,,Vitalii,Mykolenko,Mykolenko,,,2149,0,1,8,30,1,0,0,5,0,0,24,187,,,,0.0,0.34,1.26,1.01,6.91,30,135,82
554,a,,,4.3,592,347.0,0,0.0,-2,2.0,0.3,300,103.0,0,0,0.0,649.0,244.0,0,0,0.0,546.0,180.0,0.0,0.0,0.0,81610,239,78515,496,0.0,0.0,0.0,0.0,0.0,0.0,0.0,0.0,0.0,0.0,0.0,639.0,234.0,0.0,634.0,239.0,0.0,610.0,227.0,0.0,641.0,236.0,,,,29,,Abdoullah,Ba,Ba,,,0,0,0,0,0,0,0,0,0,0,0,0,0,,,,0.0,0.0,0.0,0.0,0.0,0,0,0
587,a,100.0,100.0,5.2,209,128.0,0,0.0,-3,3.0,0.0,585,219.0,13,0,1.6,396.0,171.0,0,88,1.5,224.0,95.0,0.3,2.5,0.0,3292,84,14689,145,1.0,1.5,0.36,0.08,0.44,11.22,0.07,0.02,0.09,2.2,83.8,373.0,166.0,18.9,397.0,197.0,23.0,375.0,190.0,12.6,408.0,185.0,,,,29,,Yves,Bissouma,Bissouma,,,460,0,0,0,15,0,0,0,3,0,0,5,67,,,,0.0,0.0,2.93,0.98,13.11,18,25,24
588,i,0.0,0.0,5.3,202,125.0,0,0.0,-2,2.0,0.0,600,227.0,46,0,1.9,354.0,151.0,6,176,0.2,374.0,171.0,0.0,8.7,0.0,16367,8,17894,180,0.0,0.0,1.92,1.21,3.13,14.24,0.18,0.11,0.29,1.32,158.8,300.0,135.0,284.3,108.0,78.0,234.0,105.0,65.0,67.6,180.0,93.0,,,,29,,Wilson,Odobert,Odobert,Knee injury - Unknown return date,,972,0,2,2,13,0,0,0,0,0,0,10,77,,,,0.0,0.19,1.2,0.93,7.13,10,14,53
590,u,0.0,0.0,4.9,325,201.0,0,0.0,-1,1.0,0.0,660,264.0,0,0,0.0,774.0,335.0,0,0,0.0,726.0,306.0,0.0,0.0,0.0,675,0,4487,8,0.0,0.0,0.0,0.0,0.0,0.0,0.0,0.0,0.0,0.0,0.0,773.0,334.0,0.0,769.0,334.0,0.0,764.0,332.0,0.0,773.0,334.0,,,,29,,Bryan,Gil Salvatierra,Bryan,has joined Girona permanently.,,0,0,0,0,0,0,0,0,0,0,0,0,0,,,,0.0,0.0,0.0,0.0,0.0,0,0,0
339,a,,,4.1,655,37.0,0,0.0,-4,4.0,0.3,301,40.0,0,0,0.0,636.0,86.0,0,0,0.0,517.0,79.0,0.0,0.0,0.0,13432,238,63473,236,0.0,0.0,0.0,0.0,0.0,0.0,0.0,0.0,0.0,0.0,0.0,626.0,86.0,0.0,618.0,74.0,0.0,591.0,61.0,0.0,628.0,86.0,,,,29,,Illan,Meslier,Meslier,,,0,0,0,0,0,0,0,0,0,0,0,0,0,,,,0.0,0.0,0.0,0.0,0.0,0,0,0
785,a,100.0,0.0,5.4,179,43.0,0,0.0,-1,1.0,0.0,750,91.0,8,0,1.6,399.0,47.0,0,21,0.0,787.0,82.0,0.0,1.5,0.0,4547,26,3920,86,-0.5,0.0,0.34,0.07,0.41,3.74,0.12,0.03,0.15,1.35,19.6,447.0,53.0,53.4,337.0,41.0,21.0,382.0,55.0,9.4,421.0,53.0,,,,29,,Pablo Felipe,Pereira de Jesus,Pablo,,,250,0,0,0,4,0,0,0,0,0,0,3,25,,,,0.0,0.0,1.44,1.08,9.0,9,5,11
802,a,,,5.0,281,174.0,0,0.0,0,0.0,0.0,787,344.0,0,0,0.0,794.0,350.0,0,0,0.0,754.0,325.0,0.0,0.0,0.0,414,25,306,25,-0.5,0.0,0.0,0.0,0.0,0.0,0.0,0.0,0.0,0.0,0.0,793.0,349.0,0.0,791.0,349.0,0.0,787.0,347.0,0.0,793.0,349.0,,,,29,,Keiber,Lamadrid,Lamadrid,,,0,0,0,0,0,0,0,0,0,0,0,0,0,,,,0.0,0.0,0.0,0.0,0.0,0,0,0
819,a,,,4.0,695,178.0,0,0.0,0,0.0,0.0,799,264.0,0,0,0.0,602.0,222.0,0,0,0.0,477.0,187.0,0.0,0.0,0.0,166,82,25,20,0.5,0.0,0.0,0.0,0.0,0.0,0.0,0.0,0.0,0.0,0.0,592.0,222.0,0.0,583.0,222.0,0.0,554.0,218.0,0.0,594.0,222.0,,,,29,,Ollie,Shield,Shield,,,0,0,0,0,0,0,0,0,0,0,0,0,0,,,,0.0,0.0,0.0,0.0,0.0,0,0,0
306,a,,,4.3,610,356.0,0,0.0,-2,2.0,0.1,482,169.0,0,0,0.0,657.0,250.0,0,0,0.0,559.0,189.0,0.0,0.0,0.0,14624,301,14810,264,-1.0,0.5,0.0,0.0,0.0,0.0,0.0,0.0,0.0,0.0,0.0,647.0,240.0,0.0,643.0,245.0,0.0,620.0,234.0,0.0,649.0,242.0,,,,29,,Callum,Bates,Bates,,,0,0,0,0,0,0,0,0,0,0,0,0,0,,,,0.0,0.0,0.0,0.0,0.0,0,0,0
307,a,,,4.4,548,327.0,0,0.0,-1,1.0,0.0,603,229.0,0,0,0.0,675.0,262.0,0,0,0.0,584.0,202.0,0.0,0.0,0.0,4839,85,6359,61,-1.0,0.5,0.0,0.0,0.0,0.0,0.0,0.0,0.0,0.0,0.0,666.0,253.0,0.0,662.0,258.0,0.0,640.0,247.0,0.0,668.0,255.0,,,,29,,Coby,Ebere,Ebere,,,0,0,0,0,0,0,0,0,0,0,0,0,0,,,,0.0,0.0,0.0,0.0,0.0,0,0,0
308,u,0.0,0.0,4.5,450,270.0,0,0.0,0,0.0,0.0,701,287.0,0,0,0.0,712.0,287.0,0,0,0.0,633.0,235.0,0.0,0.0,0.0,458,0,3752,1,0.0,0.0,0.0,0.0,0.0,0.0,0.0,0.0,0.0,0.0,0.0,707.0,282.0,0.0,703.0,284.0,0.0,687.0,277.0,0.0,708.0,283.0,,,,29,,Isaac,Heath,Heath,has joined Accrington on loan for the rest of the season.,,0,0,0,0,0,0,0,0,0,0,0,0,0,,,,0.0,0.0,0.0,0.0,0.0,0,0,0
630,a,,,3.9,748,74.0,0,0.0,-1,1.0,1.3,173,22.0,0,0,0.0,546.0,44.0,0,0,0.0,416.0,35.0,0.0,0.0,0.0,71575,378,99712,913,-1.0,0.5,0.0,0.0,0.0,0.0,0.0,0.0,0.0,0.0,0.0,536.0,44.0,0.0,523.0,27.0,0.0,493.0,14.0,0.0,538.0,44.0,,,,29,,Tom,King,King,,,0,0,0,0,0,0,0,0,0,0,0,0,0,,,,0.0,0.0,0.0,0.0,0.0,0,0,0
480,u,0.0,0.0,4.3,573,121.0,0,0.0,-2,2.0,0.0,590,209.0,1,0,0.5,516.0,179.0,0,0,0.0,538.0,228.0,0.0,0.2,0.0,2754,0,9035,17,0.0,0.0,0.04,0.0,0.04,0.55,0.19,0.0,0.19,2.61,10.2,461.0,168.0,0.0,630.0,250.0,7.0,420.0,159.0,1.7,470.0,168.0,,,,29,,Jamaal,Lascelles,Lascelles,has joined Leicester City permanently.,,19,0,0,0,2,0,0,0,0,0,0,0,5,,,,0.0,0.0,9.47,0.0,23.68,0,5,0
481,a,,,3.8,805,252.0,0,0.0,-2,2.0,0.7,216,82.0,1,0,1.0,451.0,163.0,0,-1,0.0,400.0,154.0,0.0,0.3,0.0,78802,711,102145,851,-0.5,-0.5,0.0,0.0,0.0,0.27,0.0,0.0,0.0,24.3,2.2,486.0,174.0,0.0,508.0,194.0,0.0,477.0,188.0,0.2,501.0,176.0,,,,29,,Alex,Murphy,A.Murphy,,,1,0,0,0,1,0,0,0,0,0,0,0,1,,,,0.0,0.0,90.0,0.0,90.0,0,1,0
482,u,0.0,0.0,3.9,759,220.0,0,0.0,-1,1.0,0.1,457,168.0,0,0,0.0,553.0,201.0,0,0,0.0,424.0,164.0,0.0,0.0,0.0,8541,0,16954,63,0.0,0.0,0.0,0.0,0.0,0.0,0.0,0.0,0.0,0.0,0.0,543.0,201.0,0.0,530.0,201.0,0.0,500.0,196.0,0.0,545.0,201.0,,,,29,,Harrison,Ashby,Ashby,has joined Bradford City on loan for the rest of the season.,,0,0,0,0,0,0,0,0,0,0,0,0,0,,,,0.0,0.0,0.0,0.0,0.0,0,0,0
483,a,,,3.8,810,257.0,0,0.0,-2,2.0,0.4,286,105.0,0,0,0.0,535.0,197.0,0,0,0.0,404.0,158.0,0.0,0.0,0.0,66031,360,48955,550,-0.5,-0.5,0.0,0.0,0.0,0.0,0.0,0.0,0.0,0.0,0.0,525.0,197.0,0.0,511.0,197.0,0.0,481.0,192.0,0.0,527.0,197.0,,,,29,,Miodrag,Pivaš,Pivas,,,0,0,0,0,0,0,0,0,0,0,0,0,0,,,,0.0,0.0,0.0,0.0,0.0,0,0,0
368,a,,,3.8,811,94.0,0,0.0,-2,2.0,0.9,200,25.0,0,0,0.0,536.0,36.0,0,0,0.0,405.0,27.0,0.0,0.0,0.0,150216,7076,56179,2420,0.5,1.0,0.0,0.0,0.0,0.0,0.0,0.0,0.0,0.0,0.0,526.0,36.0,0.0,512.0,18.0,0.0,482.0,5.0,0.0,528.0,36.0,,,,29,,Ármin,Pécsi,Pécsi,,,0,0,0,0,0,0,0,0,0,0,0,0,0,,,,0.0,0.0,0.0,0.0,0.0,0,0,0
369,a,,,3.9,749,75.0,0,0.0,-1,1.0,0.2,394,56.0,0,0,0.0,547.0,45.0,0,0,0.0,417.0,36.0,0.0,0.0,0.0,22402,62,17533,160,0.5,1.0,0.0,0.0,0.0,0.0,0.0,0.0,0.0,0.0,0.0,537.0,45.0,0.0,524.0,28.0,0.0,494.0,15.0,0.0,539.0,45.0,,,,29,,Freddie,Woodman,Woodman,,,0,0,0,0,0,0,0,0,0,0,0,0,0,,,,0.0,0.0,0.0,0.0,0.0,0,0,0
370,a,100.0,100.0,5.7,116,10.0,0,0.0,-3,3.0,4.8,75,24.0,45,7,3.5,125.0,45.0,1,182,2.8,130.0,49.0,0.5,7.9,0.0,616074,8332,3357672,1734,3.3,3.8,0.43,1.17,1.6,6.12,0.06,0.17,0.23,0.89,93.0,367.0,141.0,155.8,197.0,50.0,113.0,227.0,58.0,36.3,303.0,101.0,,,,29,,Jeremie,Frimpong,Frimpong,,,622,0,5,3,7,0,0,0,0,0,0,7,23,,,,0.0,0.43,1.01,1.01,2.75,6,13,33
371,a,,,5.6,134,15.0,0,0.0,-4,4.0,3.0,107,42.0,72,6,2.7,237.0,91.0,4,320,3.2,98.0,35.0,0.6,12.9,0.0,351245,2726,802853,2729,3.7,4.2,0.95,0.64,1.59,25.01,0.04,0.03,0.07,1.15,372.6,141.0,62.0,379.4,65.0,12.0,118.0,225.0,57.0,87.2,114.0,33.0,,,,29,,Milos,Kerkez,Kerkez,,,1951,1,1,6,29,0,0,0,4,0,0,24,147,,,,0.0,0.28,1.34,1.11,5.58,40,81,76
43,u,0.0,0.0,4.0,663,161.0,0,0.0,0,0.0,1.6,155,61.0,0,0,0.0,577.0,210.0,0,0,0.0,448.0,173.0,0.0,0.0,0.0,44476,0,887725,601,0.0,0.0,0.0,0.0,0.0,0.0,0.0,0.0,0.0,0.0,0.0,567.0,210.0,0.0,556.0,210.0,0.0,527.0,206.0,0.0,569.0,210.0,,,,29,,Álex,Moreno Lopera,Alex Moreno,Has joined Girona permanently.,,0,0,0,0,0,0,0,0,0,0,0,0,0,,,,0.0,0.0,0.0,0.0,0.0,0,0,0
56,u,0.0,0.0,5.0,270,164.0,0,0.0,0,0.0,0.0,820,368.0,0,0,0.0,790.0,347.0,0,0,0.0,748.0,320.0,0.0,0.0,0.0,0,0,35,0,0.0,0.0,0.0,0.0,0.0,0.0,0.0,0.0,0.0,0.0,0.0,789.0,346.0,0.0,787.0,346.0,0.0,783.0,344.0,0.0,789.0,346.0,,,,29,,Enzo,Barrenechea,Barrenechea,Season-long loan to Benfica,,0,0,0,0,0,0,0,0,0,0,0,0,0,,,,0.0,0.0,0.0,0.0,0.0,0,0,0
418,a,100.0,100.0,6.4,57,36.0,0,0.0,-1,1.0,2.3,126,42.0,73,1,3.5,127.0,57.0,9,312,0.2,376.0,173.0,0.0,11.4,0.0,2123364,1836,2087578,2130,0.7,0.7,1.85,4.36,6.21,15.76,0.14,0.33,0.47,1.19,304.4,189.0,78.0,568.0,20.0,20.0,381.0,54.0,33.0,125.2,41.0,31.0,,,3.0,29,,Jérémy,Doku,Doku,,,1192,1,7,5,13,0,0,0,0,0,0,13,83,,,,0.0,0.38,0.98,0.98,6.27,16,10,57
420,u,0.0,0.0,6.3,63,42.0,0,0.0,-2,2.0,0.1,555,202.0,0,0,0.0,812.0,363.0,0,0,0.0,805.0,360.0,0.0,0.0,0.0,1928,0,19868,5,0.0,0.0,0.0,0.0,0.0,0.0,0.0,0.0,0.0,0.0,0.0,812.0,363.0,0.0,812.0,363.0,0.0,812.0,363.0,0.0,812.0,363.0,,,,29,,İlkay,Gündoğan,Gündoğan,has joined Galatasaray permanently.,,0,0,0,0,0,0,0,0,0,0,0,0,0,,,,0.0,0.0,0.0,0.0,0.0,0,0,0
421,a,100.0,100.0,6.3,66,44.0,0,0.0,-2,2.0,0.5,258,90.0,53,9,3.1,180.0,77.0,5,274,5.2,40.0,19.0,0.8,8.4,0.0,64953,2833,101509,632,5.7,5.7,0.75,1.55,2.3,15.57,0.06,0.12,0.18,1.22,284.0,202.0,84.0,325.2,79.0,60.0,92.0,256.0,139.0,70.2,169.0,88.0,,,,29,,Rodrigo 'Rodri',Hernandez Cascante,Rodrigo,,,1153,1,0,4,12,0,0,0,2,0,0,13,160,,,,0.0,0.31,0.94,1.01,12.49,34,44,82
422,i,0.0,0.0,5.8,104,67.0,0,0.0,-2,2.0,0.0,686,279.0,1,0,1.0,502.0,235.0,0,3,0.0,795.0,352.0,0.0,0.2,0.0,2440,9,3395,14,0.0,0.0,0.0,0.0,0.0,0.0,0.0,0.0,0.0,0.0,2.6,485.0,223.0,0.8,470.0,227.0,0.0,807.0,359.0,0.3,500.0,231.0,,,,29,,Mateo,Kovačić,Kovačić,Ankle injury - Unknown return date,,4,0,0,0,0,0,0,0,0,0,0,0,0,,,,0.0,0.0,0.0,0.0,0.0,0,0,0
183,a,,,4.3,605,30.0,0,0.0,-2,2.0,0.1,443,66.0,0,0,0.0,654.0,90.0,0,0,0.0,555.0,86.0,0.0,0.0,0.0,7695,106,17252,137,-0.5,-0.5,0.0,0.0,0.0,0.0,0.0,0.0,0.0,0.0,0.0,644.0,90.0,0.0,640.0,82.0,0.0,617.0,71.0,0.0,646.0,90.0,,,,29,,Max,Weiß,Weiss,,,0,0,0,0,0,0,0,0,0,0,0,0,0,,,,0.0,0.0,0.0,0.0,0.0,0,0,0
446,a,,,3.7,817,263.0,-1,1.0,-3,3.0,0.1,430,161.0,1,0,1.0,449.0,161.0,0,4,0.0,382.0,137.0,0.0,0.3,0.0,10547,109,14874,104,0.5,0.5,0.0,0.0,0.0,0.3,0.0,0.0,0.0,13.5,4.0,477.0,172.0,0.0,494.0,181.0,0.0,462.0,174.0,0.4,491.0,173.0,,,,29,,Tyler,Fredricson,Fredricson,,,2,0,0,0,0,0,0,0,0,0,0,0,2,,,,0.0,0.0,0.0,0.0,90.0,0,2,0
447,a,100.0,100.0,3.7,819,265.0,0,0.0,-3,3.0,2.2,128,50.0,27,0,2.1,317.0,115.0,0,109,0.2,342.0,117.0,0.1,7.3,0.0,460029,13368,366333,6604,0.7,0.7,0.34,0.17,0.51,7.95,0.05,0.02,0.07,1.11,175.6,286.0,112.0,27.2,382.0,137.0,26.0,367.0,125.0,22.9,360.0,123.0,,,,29,,Ayden,Heaven,Heaven,,,642,0,1,1,12,1,0,0,2,0,0,8,73,,,,0.0,0.14,1.68,1.12,10.09,16,56,31
448,a,,,3.8,788,235.0,0,0.0,-2,2.0,0.4,284,104.0,2,1,1.0,450.0,162.0,0,2,0.2,344.0,119.0,0.1,0.5,0.0,53844,243,58143,427,0.7,0.7,0.0,0.0,0.0,0.35,0.0,0.0,0.0,4.5,3.6,480.0,173.0,0.5,472.0,173.0,0.0,466.0,177.0,0.4,492.0,174.0,,,,29,,Tyrell,Malacia,Malacia,,,7,0,0,0,1,0,0,0,0,0,0,0,2,,,,0.0,0.0,12.86,0.0,25.71,1,1,2
538,u,0.0,0.0,3.8,801,248.0,0,0.0,-2,2.0,0.2,369,135.0,0,0,0.0,530.0,192.0,0,0,0.0,396.0,150.0,0.0,0.0,0.0,23261,0,33058,228,0.0,0.0,0.0,0.0,0.0,0.0,0.0,0.0,0.0,0.0,0.0,520.0,192.0,0.0,505.0,191.0,0.0,474.0,185.0,0.0,522.0,192.0,,,,29,,Zak,Johnson,Johnson,has joined York City on loan for the rest of the season.,,0,0,0,0,0,0,0,0,0,0,0,0,0,,,,0.0,0.0,0.0,0.0,0.0,0,0,0
139,a,,,4.5,444,25.0,0,0.0,0,0.0,5.4,67,11.0,91,2,3.1,171.0,18.0,4,456,3.5,85.0,8.0,0.8,20.2,0.0,691836,6405,860316,4800,3.5,2.5,0.0,0.05,0.05,39.09,0.0,0.0,0.0,1.35,703.4,13.0,3.0,10.0,424.0,8.0,0.0,683.0,78.0,71.4,161.0,3.0,,,,29,,Bart,Verbruggen,Verbruggen,,,2610,0,0,6,36,1,1,0,3,0,80,29,102,,,,2.76,0.21,1.24,1.0,0.0,1,24,256
140,a,,,3.9,752,77.0,0,0.0,-1,1.0,0.3,312,43.0,0,0,0.0,549.0,47.0,0,0,0.0,420.0,38.0,0.0,0.0,0.0,18069,147,28165,181,0.0,-1.0,0.0,0.0,0.0,0.0,0.0,0.0,0.0,0.0,0.0,539.0,47.0,0.0,526.0,30.0,0.0,496.0,17.0,0.0,541.0,47.0,,,,29,,Tom,McGill,McGill,,,0,0,0,0,0,0,0,0,0,0,0,0,0,,,,0.0,0.0,0.0,0.0,0.0,0,0,0
563,u,0.0,0.0,4.4,557,80.0,0,0.0,-1,1.0,0.1,512,72.0,0,0,0.0,680.0,72.0,0,0,0.0,592.0,59.0,0.0,0.0,0.0,5979,0,20384,23,0.0,0.0,0.0,0.0,0.0,0.0,0.0,0.0,0.0,0.0,0.0,672.0,72.0,0.0,667.0,71.0,0.0,647.0,71.0,0.0,674.0,72.0,,,,29,,Luís Hemir,Silva Semedo,Luís Hemir,has joined Moreirense on loan for the rest of the season.,,0,0,0,0,0,0,0,0,0,0,0,0,0,,,,0.0,0.0,0.0,0.0,0.0,0,0,0
564,u,0.0,0.0,4.4,537,77.0,0,0.0,-1,1.0,0.1,515,73.0,0,0,0.0,670.0,69.0,0,0,0.0,577.0,56.0,0.0,0.0,0.0,3530,0,20192,20,0.0,0.0,0.0,0.0,0.0,0.0,0.0,0.0,0.0,0.0,0.0,660.0,69.0,0.0,656.0,68.0,0.0,634.0,68.0,0.0,662.0,69.0,,,,29,,Nazarii,Rusyn,Rusyn,has joined Arka on loan for the rest of the season.,,0,0,0,0,0,0,0,0,0,0,0,0,0,,,,0.0,0.0,0.0,0.0,0.0,0,0,0
155,u,0.0,0.0,4.0,722,197.0,0,0.0,0,0.0,0.1,499,177.0,0,0,0.0,623.0,236.0,0,0,0.0,501.0,204.0,0.0,0.0,0.0,3175,0,16634,29,0.0,0.0,0.0,0.0,0.0,0.0,0.0,0.0,0.0,0.0,0.0,613.0,236.0,0.0,605.0,236.0,0.0,577.0,233.0,0.0,615.0,236.0,,,,29,,Jacob,Slater,Slater,has joined Harrogate Town on loan until January.,,0,0,0,0,0,0,0,0,0,0,0,0,0,,,,0.0,0.0,0.0,0.0,0.0,0,0,0
156,a,,,3.8,806,253.0,0,0.0,-2,2.0,0.2,407,149.0,0,0,0.0,533.0,195.0,0,0,0.0,401.0,155.0,0.0,0.0,0.0,12164,154,17182,166,0.0,-1.0,0.0,0.0,0.0,0.0,0.0,0.0,0.0,0.0,0.0,523.0,195.0,0.0,509.0,195.0,0.0,478.0,189.0,0.0,525.0,195.0,,,,29,,Charlie,Tasker,Tasker,,,0,0,0,0,0,0,0,0,0,0,0,0,0,,,,0.0,0.0,0.0,0.0,0.0,0,0,0
683,a,100.0,100.0,4.1,652,157.0,0,0.0,1,-1.0,6.6,58,20.0,100,7,4.0,58.0,22.0,5,335,3.5,81.0,27.0,0.9,24.4,0.0,1595390,21444,923250,4675,3.5,3.5,1.23,0.82,2.04,35.4,0.05,0.03,0.08,1.47,631.8,31.0,12.0,118.9,231.0,62.0,207.0,119.0,19.0,96.2,93.0,24.0,,,,29,,Omar,Alderete,Alderete,,,2173,1,1,8,29,0,0,0,5,0,0,24,277,,,,0.0,0.33,1.2,0.99,10.48,25,228,75
694,d,50.0,0.0,4.5,416,78.0,0,0.0,5,-5.0,8.9,40,14.0,115,0,4.6,27.0,8.0,8,397,0.8,280.0,97.0,0.2,25.6,0.0,2465496,1512,1417210,90041,0.4,0.0,1.02,2.01,3.03,35.72,0.04,0.08,0.12,1.49,559.0,49.0,21.0,278.7,111.0,27.0,141.0,199.0,47.0,97.9,89.0,21.0,,,,29,,Nordi,Mukiele,Mukiele,Calf injury - 50% chance of playing,,2163,1,5,7,28,1,0,0,4,0,0,25,253,,,,0.0,0.29,1.17,1.04,9.36,57,168,101
595,a,,,4.3,601,352.0,0,0.0,-2,2.0,0.2,365,122.0,0,0,0.0,652.0,247.0,0,0,0.0,553.0,185.0,0.0,0.0,0.0,24652,249,30234,260,-0.5,0.0,0.0,0.0,0.0,0.0,0.0,0.0,0.0,0.0,0.0,642.0,237.0,0.0,637.0,242.0,0.0,614.0,231.0,0.0,644.0,239.0,,,,29,,Callum,Olusesi,Olusesi,,,0,0,0,0,0,0,0,0,0,0,0,0,0,,,,0.0,0.0,0.0,0.0,0.0,0,0,0
645,u,0.0,0.0,5.1,243,148.0,0,0.0,-4,4.0,0.0,658,262.0,12,0,1.3,434.0,195.0,0,38,0.0,762.0,330.0,0.0,2.4,0.0,1383,0,4932,14,0.0,0.0,0.16,0.61,0.77,3.98,0.06,0.24,0.3,1.57,29.0,434.0,192.0,61.0,325.0,180.0,37.0,344.0,179.0,12.4,409.0,186.0,,,,29,,Fer,López González,Fer López,has joined Celta Vigo on loan for the rest of the season.,,228,0,1,0,9,0,0,0,1,0,0,2,12,,,,0.0,0.0,3.55,0.79,4.74,1,1,10
633,a,100.0,100.0,4.3,597,137.0,0,0.0,-2,2.0,0.2,355,131.0,72,1,2.7,227.0,88.0,4,284,3.8,70.0,23.0,0.9,16.7,0.0,52405,1323,35690,1171,3.3,2.8,0.5,2.67,3.17,29.64,0.02,0.13,0.15,1.44,451.4,85.0,36.0,510.9,29.0,2.0,134.0,207.0,49.0,109.9,69.0,12.0,1.0,,,29,,Hugo,Bueno López,H.Bueno,,,1856,1,2,4,31,0,0,0,1,0,0,20,173,,,,0.0,0.19,1.5,0.97,6.84,53,88,96
634,a,100.0,100.0,4.3,603,138.0,0,0.0,-2,2.0,0.1,439,164.0,50,1,2.4,281.0,106.0,3,190,4.6,52.0,17.0,1.1,11.6,0.0,17987,1215,12577,549,4.1,3.6,1.57,0.43,2.0,27.35,0.09,0.02,0.11,1.52,325.8,174.0,71.0,114.1,241.0,65.0,207.0,120.0,20.0,64.7,196.0,65.0,,,,29,,Yerson,Mosquera Valdelamar,Mosquera,,,1617,0,0,4,29,2,0,0,10,0,0,18,173,,,,0.0,0.22,1.61,1.0,8.96,48,113,73
639,u,0.0,0.0,4.0,715,191.0,0,0.0,0,0.0,0.0,766,259.0,0,0,0.0,617.0,231.0,0,0,0.0,494.0,198.0,0.0,0.0,0.0,0,0,879,3,0.0,0.0,0.0,0.0,0.0,0.0,0.0,0.0,0.0,0.0,0.0,607.0,231.0,0.0,599.0,231.0,0.0,571.0,228.0,0.0,609.0,231.0,,,,29,,Bastien,Meupiyou Menadjou,Meupiyou,On loan to FC Alverca,,0,0,0,0,0,0,0,0,0,0,0,0,0,,,,0.0,0.0,0.0,0.0,0.0,0,0,0
640,a,100.0,100.0,4.0,735,210.0,0,0.0,0,0.0,0.4,287,106.0,3,0,1.0,459.0,169.0,0,5,0.0,511.0,214.0,0.0,0.8,0.0,10063,147,89434,227,-0.5,-1.0,0.0,0.0,0.0,0.79,0.0,0.0,0.0,23.7,0.2,504.0,179.0,0.5,474.0,175.0,2.0,442.0,166.0,0.2,503.0,178.0,,,,29,,Pedro,Cardoso de Lima,Pedro Lima,,,3,0,0,0,1,0,0,0,0,0,0,0,0,,,,0.0,0.0,30.0,0.0,0.0,0,0,1
285,u,0.0,0.0,5.0,249,54.0,0,0.0,0,0.0,0.2,368,59.0,1,0,1.0,494.0,60.0,0,6,0.0,740.0,77.0,0.0,0.2,0.0,9044,0,89479,47,0.0,0.0,0.0,0.0,0.0,0.27,0.0,0.0,0.0,12.15,2.0,489.0,57.0,0.0,779.0,87.0,0.0,776.0,87.0,0.2,504.0,62.0,,,,29,,Odsonne,Édouard,Édouard,has joined RC Lens permanently.,,2,0,0,0,0,0,0,0,0,0,0,0,1,,,,0.0,0.0,0.0,0.0,45.0,1,0,0
286,a,,,4.4,561,81.0,0,0.0,-1,1.0,0.3,306,50.0,0,0,0.0,683.0,73.0,0,0,0.0,596.0,60.0,0.0,0.0,0.0,50947,363,58309,528,0.0,0.0,0.0,0.0,0.0,0.0,0.0,0.0,0.0,0.0,0.0,676.0,73.0,0.0,671.0,72.0,0.0,651.0,72.0,0.0,678.0,73.0,,,,29,,Zach,Marsh,Marsh,,,0,0,0,0,0,0,0,0,0,0,0,0,0,,,,0.0,0.0,0.0,0.0,0.0,0,0,0
580,a,,,6.5,50,32.0,0,0.0,-5,5.0,2.4,125,41.0,51,1,2.0,339.0,148.0,2,174,1.8,209.0,89.0,0.3,7.8,0.0,1144749,1394,1318553,1914,1.8,1.8,1.77,0.81,2.58,18.86,0.14,0.06,0.2,1.48,184.8,275.0,115.0,192.5,173.0,118.0,189.0,145.0,82.0,56.3,226.0,111.0,4.0,,,29,,Brennan,Johnson,Johnson,,,1145,2,1,4,13,0,0,0,4,0,0,12,73,,,,0.0,0.31,1.02,0.94,5.74,18,23,32
282,u,0.0,0.0,4.5,474,290.0,0,0.0,0,0.0,0.0,708,290.0,0,0,0.0,729.0,302.0,0,0,0.0,654.0,253.0,0.0,0.0,0.0,860,0,3061,5,0.0,0.0,0.0,0.0,0.0,0.0,0.0,0.0,0.0,0.0,0.0,726.0,299.0,0.0,721.0,300.0,0.0,707.0,295.0,0.0,727.0,300.0,,,,29,,Franco,Umeh-Chibueze,Umeh,has joined Portsmouth permanently.,,0,0,0,0,0,0,0,0,0,0,0,0,0,,,,0.0,0.0,0.0,0.0,0.0,0,0,0
330,a,,,4.9,305,190.0,0,0.0,-1,1.0,0.1,517,187.0,73,4,2.5,270.0,114.0,3,424,3.0,106.0,44.0,0.6,14.9,0.0,11660,220,12762,150,3.0,3.0,1.29,1.1,2.39,38.32,0.05,0.04,0.09,1.42,382.8,133.0,44.0,280.0,110.0,79.0,75.0,286.0,155.0,74.1,153.0,80.0,,,,29,,Sander,Berge,Berge,,,2422,0,2,5,41,1,0,0,4,0,0,28,242,,,,0.0,0.19,1.52,1.04,8.99,48,81,113
331,a,100.0,100.0,4.8,350,218.0,0,0.0,-2,2.0,0.0,639,250.0,28,3,1.5,411.0,182.0,1,115,1.0,261.0,116.0,0.2,5.8,0.0,2718,43,4783,34,1.0,1.0,0.95,0.35,1.3,9.43,0.16,0.06,0.22,1.59,82.8,376.0,168.0,104.8,258.0,160.0,49.0,323.0,170.0,23.7,355.0,171.0,,,,29,,Tom,Cairney,Cairney,,,533,1,0,1,9,0,0,0,3,0,0,4,43,,,,0.0,0.17,1.52,0.68,7.26,4,8,31
332,a,100.0,100.0,4.9,309,193.0,0,0.0,-1,1.0,0.1,574,213.0,50,0,2.6,254.0,106.0,3,225,0.0,718.0,299.0,0.0,10.2,0.0,14656,34,19110,33,0.0,0.0,1.74,1.35,3.09,18.45,0.13,0.1,0.23,1.37,232.0,241.0,104.0,338.7,74.0,56.0,119.0,223.0,124.0,68.9,177.0,91.0,3.0,,,29,,Saša,Lukić,Lukić,,,1208,1,3,4,17,0,0,0,6,0,0,15,127,,,,0.0,0.3,1.27,1.12,9.46,35,43,49
333,u,0.0,0.0,4.5,473,289.0,0,0.0,0,0.0,0.0,669,270.0,0,0,0.0,728.0,301.0,0,0,0.0,653.0,252.0,0.0,0.0,0.0,898,0,6596,5,0.0,0.0,0.0,0.0,0.0,0.0,0.0,0.0,0.0,0.0,0.0,725.0,298.0,0.0,720.0,299.0,0.0,706.0,294.0,0.0,726.0,299.0,,,,29,,Martial,Godo,Godo,has joined Strasbourg permanently.,,0,0,0,0,0,0,0,0,0,0,0,0,0,,,,0.0,0.0,0.0,0.0,0.0,0,0,0
334,u,0.0,0.0,4.5,454,273.0,0,0.0,0,0.0,0.0,811,360.0,0,0,0.0,715.0,290.0,0,0,0.0,637.0,238.0,0.0,0.0,0.0,0,0,311,0,0.0,0.0,0.0,0.0,0.0,0.0,0.0,0.0,0.0,0.0,0.0,710.0,285.0,0.0,706.0,287.0,0.0,690.0,280.0,0.0,711.0,286.0,,,,29,,Luke,Harris,Harris,Has joined Oxford United on loan for the rest of the season.,,0,0,0,0,0,0,0,0,0,0,0,0,0,,,,0.0,0.0,0.0,0.0,0.0,0,0,0
335,a,100.0,100.0,4.4,562,336.0,0,0.0,-1,1.0,1.8,148,51.0,41,3,1.8,366.0,156.0,0,138,1.2,240.0,105.0,0.3,9.3,0.0,960325,3530,867672,2981,1.2,1.2,1.53,0.43,1.96,14.08,0.14,0.04,0.18,1.29,109.6,349.0,156.0,118.8,232.0,146.0,226.0,113.0,69.0,44.6,272.0,137.0,,,,29,,Josh,King,King,,,984,0,2,4,15,0,0,0,3,0,0,12,80,,,,0.0,0.37,1.37,1.1,7.32,19,16,45
501,a,,,4.3,617,87.0,0,0.0,-2,2.0,0.3,345,57.0,0,0,0.0,661.0,67.0,0,0,0.0,564.0,54.0,0.0,0.0,0.0,25765,358,35985,419,-0.5,-0.5,0.0,0.0,0.0,0.0,0.0,0.0,0.0,0.0,0.0,651.0,67.0,0.0,647.0,66.0,0.0,624.0,66.0,0.0,653.0,67.0,,,,29,,Sean,Neave,Neave,,,0,0,0,0,0,0,0,0,0,0,0,0,0,,,,0.0,0.0,0.0,0.0,0.0,0,0,0
674,a,,,4.8,363,14.0,0,0.0,-2,2.0,0.7,222,29.0,14,3,1.8,372.0,32.0,0,58,0.8,283.0,24.0,0.2,2.9,0.0,111612,2351,153512,642,0.3,0.3,0.0,0.0,0.0,9.44,0.0,0.0,0.0,1.32,125.8,328.0,25.0,10.0,427.0,11.0,0.0,751.0,84.0,13.6,398.0,25.0,,,,29,,Aaron,Ramsdale,Ramsdale,,,643,0,0,0,11,0,0,0,0,0,14,7,0,,,,1.96,0.0,1.54,0.98,0.0,0,5,54
684,a,,,5.0,264,41.0,0,0.0,0,0.0,4.2,87,29.0,105,4,4.0,62.0,24.0,11,339,4.8,49.0,16.0,1.0,21.0,0.0,1267714,10104,779594,15605,4.3,4.3,3.58,0.87,4.45,34.13,0.15,0.04,0.19,1.39,683.8,16.0,5.0,102.9,260.0,75.0,346.0,63.0,4.0,113.0,64.0,10.0,,,,29,,Malick,Thiaw,Thiaw,,,2207,4,0,4,40,0,0,0,3,0,0,25,250,,,,0.0,0.16,1.63,1.02,9.05,28,194,95
689,a,,,4.3,621,365.0,0,0.0,-2,2.0,0.5,254,88.0,0,0,0.0,664.0,256.0,0,0,0.0,567.0,195.0,0.0,0.0,0.0,91889,2629,54982,2217,-0.5,-0.5,0.0,0.0,0.0,0.0,0.0,0.0,0.0,0.0,0.0,654.0,246.0,0.0,650.0,251.0,0.0,627.0,240.0,0.0,656.0,248.0,,,,29,,Seung-Soo,Park,Seung soo,,,0,0,0,0,0,0,0,0,0,0,0,0,0,,,,0.0,0.0,0.0,0.0,0.0,0,0,0
682,a,,,4.2,638,149.0,0,0.0,-3,3.0,0.1,544,197.0,29,6,1.6,390.0,145.0,0,69,1.6,213.0,78.0,0.4,6.9,0.0,4764,147,9337,40,1.1,0.6,0.13,1.04,1.17,17.48,0.01,0.11,0.12,1.88,142.0,316.0,122.0,110.8,246.0,67.0,46.0,327.0,106.0,30.0,335.0,115.0,,,,29,,David,Møller Wolfe,Møller Wolfe,,,839,0,2,1,20,0,0,0,1,0,0,9,48,,,,0.0,0.11,2.15,0.97,4.61,9,34,20
695,a,,,4.4,551,119.0,0,0.0,-1,1.0,0.0,638,227.0,50,5,1.9,346.0,130.0,0,152,2.8,121.0,46.0,0.6,11.4,0.0,6281,232,5863,61,2.3,1.8,0.26,1.13,1.39,23.99,0.01,0.06,0.07,1.35,287.8,200.0,78.0,278.5,112.0,28.0,42.0,338.0,111.0,60.9,205.0,68.0,,,,29,,Jackson,Tchatchoua,Tchatchoua,,,1605,0,1,3,29,0,0,0,3,0,0,16,123,,,,0.0,0.17,1.63,0.9,5.5,27,71,57
778,a,,,4.5,484,297.0,0,0.0,0,0.0,0.0,756,322.0,0,0,0.0,735.0,306.0,0,0,0.0,663.0,260.0,0.0,0.0,0.0,1316,42,739,43,-0.5,-1.0,0.0,0.0,0.0,0.0,0.0,0.0,0.0,0.0,0.0,733.0,304.0,0.0,727.0,304.0,0.0,714.0,300.0,0.0,733.0,304.0,,,,29,,Ethan,Sutherland,Sutherland,,,0,0,0,0,0,0,0,0,0,0,0,0,0,,,,0.0,0.0,0.0,0.0,0.0,0,0,0
662,a,100.0,100.0,5.3,200,25.0,0,0.0,-2,2.0,0.1,423,157.0,27,5,2.1,322.0,119.0,1,137,2.0,187.0,72.0,0.4,5.1,0.0,45686,491,52134,176,3.0,3.0,0.0,0.46,0.46,5.25,0.0,0.07,0.07,0.77,143.4,314.0,120.0,37.6,361.0,128.0,8.0,418.0,157.0,18.9,376.0,132.0,,,,29,,Cristhian,Mosquera,Mosquera,,,615,0,0,2,5,0,0,0,2,0,0,6,77,,,,0.0,0.29,0.73,0.88,9.37,20,44,23
521,a,100.0,100.0,4.9,308,192.0,0,0.0,-1,1.0,0.1,542,197.0,68,1,3.2,155.0,69.0,2,285,2.5,149.0,60.0,0.5,13.9,0.0,10950,192,12772,148,2.5,2.0,1.16,1.47,2.63,26.69,0.07,0.08,0.15,1.52,330.2,169.0,65.0,142.3,208.0,136.0,116.0,226.0,126.0,59.0,211.0,105.0,,,,29,,Ibrahim,Sangaré,Sangaré,,,1584,2,2,6,22,0,0,0,4,0,0,19,188,,,,0.0,0.34,1.25,1.08,10.68,46,66,76
524,u,0.0,0.0,4.5,449,269.0,0,0.0,0,0.0,0.0,697,286.0,0,0,0.0,711.0,286.0,0,0,0.0,632.0,234.0,0.0,0.0,0.0,245,0,5704,4,0.0,0.0,0.0,0.0,0.0,0.0,0.0,0.0,0.0,0.0,0.0,706.0,281.0,0.0,702.0,283.0,0.0,686.0,276.0,0.0,707.0,282.0,,,,29,,Marko,Stamenić,Stamenic,Has joined Swansea City permanently.,,0,0,0,0,0,0,0,0,0,0,0,0,0,,,,0.0,0.0,0.0,0.0,0.0,0,0,0
522,a,100.0,100.0,4.7,383,239.0,0,0.0,-3,3.0,0.1,549,199.0,18,1,1.3,431.0,192.0,0,75,0.2,358.0,160.0,0.0,3.8,0.0,9908,65,19219,61,0.2,-0.3,0.21,0.19,0.4,4.48,0.05,0.05,0.1,1.1,71.6,390.0,173.0,48.4,344.0,184.0,34.0,352.0,182.0,15.1,390.0,180.0,,,,29,,Ryan,Yates,Yates,,,368,0,1,0,5,0,0,0,1,0,0,1,36,,,,0.0,0.0,1.22,0.24,8.8,8,17,11
525,i,0.0,0.0,7.1,34,14.0,-1,1.0,-4,4.0,4.5,78,15.0,25,0,3.1,181.0,18.0,3,85,0.0,816.0,90.0,0.0,3.5,0.0,2133652,40,3390482,1548,0.0,0.0,2.81,0.11,2.92,7.84,0.47,0.02,0.49,1.31,77.6,387.0,40.0,49.6,342.0,42.0,179.0,154.0,38.0,29.8,336.0,39.0,,,1.0,29,,Chris,Wood,Wood,Knee injury - Unknown return date,,538,2,0,1,8,0,0,0,0,0,0,7,14,,,,0.0,0.17,1.34,1.17,2.34,1,6,7
526,a,100.0,100.0,5.8,108,31.0,0,0.0,-2,2.0,1.2,179,28.0,71,5,2.5,275.0,29.0,6,226,3.2,99.0,12.0,0.6,12.2,0.0,427748,8250,398508,3743,3.2,2.7,4.3,1.06,5.36,28.42,0.23,0.06,0.29,1.54,209.6,260.0,25.0,155.8,198.0,21.0,495.0,27.0,14.0,83.7,126.0,17.0,,,3.0,29,,Igor Jesus,Maciel da Cruz,Igor Jesus,,,1662,2,4,6,31,0,0,0,0,0,0,20,79,,,,0.0,0.32,1.68,1.08,4.28,18,24,37
527,a,100.0,100.0,5.2,208,48.0,0,0.0,-3,3.0,0.3,323,53.0,15,1,1.5,415.0,49.0,1,60,0.5,332.0,42.0,0.1,2.9,0.0,36261,306,93178,352,0.5,0.0,1.05,0.39,1.44,4.46,0.43,0.16,0.59,1.81,52.4,409.0,45.0,41.8,354.0,43.0,105.0,235.0,44.0,19.8,372.0,44.0,,,,29,,Taiwo,Awoniyi,Awoniyi,,,222,1,0,0,2,0,0,0,0,0,0,1,13,,,,0.0,0.0,0.81,0.41,5.27,1,4,8
708,a,100.0,100.0,5.5,152,95.0,0,0.0,0,0.0,0.4,276,97.0,104,2,3.9,75.0,35.0,6,508,3.0,110.0,46.0,0.5,18.9,0.0,108840,1095,64931,3537,2.5,3.0,1.23,1.99,3.22,35.18,0.05,0.08,0.13,1.43,517.0,66.0,20.0,470.7,35.0,32.0,105.0,236.0,130.0,109.4,72.0,45.0,4.0,,,29,,Mateus Gonçalo,Espanha Fernandes,M.Fernandes,,,2213,3,3,5,39,0,0,0,5,0,0,26,282,,,,0.0,0.2,1.59,1.06,11.47,75,68,139
718,a,,,5.0,278,172.0,0,0.0,0,0.0,0.0,659,263.0,39,1,2.2,309.0,135.0,2,177,1.5,222.0,94.0,0.3,7.8,0.0,5330,12,4763,64,1.0,1.5,0.44,0.32,0.76,17.37,0.04,0.03,0.07,1.68,174.4,287.0,125.0,82.7,291.0,169.0,44.0,332.0,173.0,30.1,334.0,161.0,,,,29,,Soungoutou,Magassa,S.Magassa,,,931,1,0,2,23,0,0,0,3,0,0,11,120,,,,0.0,0.19,2.22,1.06,11.6,38,32,50
738,d,25.0,25.0,4.5,405,20.0,0,0.0,0,0.0,0.0,636,80.0,0,0,0.0,689.0,91.0,0,0,0.0,605.0,88.0,0.0,0.0,0.0,6003,27,5750,52,-0.1,0.0,0.0,0.0,0.0,0.0,0.0,0.0,0.0,0.0,0.0,683.0,91.0,0.0,677.0,83.0,0.0,658.0,73.0,0.0,685.0,91.0,,,,29,,Lukasz,Fabianski,Fabianski,Back injury - 25% chance of playing,,0,0,0,0,0,0,0,0,0,0,0,0,0,,,,0.0,0.0,0.0,0.0,0.0,0,0,0
747,a,,,4.0,726,201.0,0,0.0,0,0.0,0.0,630,224.0,6,0,1.0,457.0,167.0,0,18,0.2,348.0,122.0,0.0,1.5,0.0,2560,30,2098,58,-0.3,0.2,0.12,0.49,0.61,3.21,0.1,0.39,0.49,2.56,21.8,442.0,165.0,34.9,368.0,130.0,9.0,412.0,153.0,6.6,437.0,158.0,,,,29,,Ezra,Mayers,Mayers,,,113,0,0,0,3,0,0,0,0,0,0,0,5,,,,0.0,0.0,2.39,0.0,3.98,0,5,6
752,a,,,4.0,737,212.0,0,0.0,0,0.0,0.0,651,229.0,0,0,0.0,633.0,246.0,0,0,0.0,513.0,216.0,0.0,0.0,0.0,2121,48,1900,60,-0.5,0.0,0.0,0.0,0.0,0.0,0.0,0.0,0.0,0.0,0.0,623.0,246.0,0.0,615.0,246.0,0.0,588.0,244.0,0.0,625.0,246.0,,,,29,,Airidas,Golambeckis,Golambeckis,,,0,0,0,0,0,0,0,0,0,0,0,0,0,,,,0.0,0.0,0.0,0.0,0.0,0,0,0
758,a,,,4.5,504,312.0,0,0.0,0,0.0,0.0,738,311.0,5,0,0.8,508.0,238.0,0,19,0.5,323.0,147.0,0.1,1.1,0.0,1827,45,1152,28,0.0,0.5,0.03,0.02,0.05,0.97,0.11,0.08,0.19,3.64,10.4,460.0,205.0,12.0,414.0,203.0,4.0,433.0,213.0,2.4,465.0,210.0,,,,29,,Mohamadou,Kanté,Mohamadou Kanté,,,24,0,0,0,0,0,0,0,1,0,0,0,11,,,,0.0,0.0,0.0,0.0,41.25,4,1,6
686,a,,,4.3,619,363.0,0,0.0,-2,2.0,0.8,205,72.0,16,1,1.5,406.0,179.0,0,82,0.8,278.0,126.0,0.2,3.7,0.0,259647,5377,185178,2615,1.3,1.8,0.57,1.05,1.62,3.67,0.4,0.74,1.14,2.58,78.2,386.0,172.0,110.4,248.0,155.0,81.0,274.0,149.0,27.1,345.0,166.0,,,,29,,Rio,Ngumoha,Ngumoha,,,128,1,0,0,5,0,0,0,0,0,0,0,8,,,,0.0,0.0,3.52,0.0,5.62,2,1,5
439,a,,,4.2,650,156.0,0,0.0,-3,3.0,0.1,569,204.0,0,0,0.0,644.0,249.0,0,0,0.0,536.0,227.0,0.0,0.0,0.0,3348,32,8596,42,0.5,0.5,0.0,0.0,0.0,0.0,0.0,0.0,0.0,0.0,0.0,635.0,250.0,0.0,629.0,249.0,0.0,604.0,248.0,0.0,637.0,250.0,,,,29,,Diego,León Blanco,D.Leon,,,0,0,0,0,0,0,0,0,0,0,0,0,0,,,,0.0,0.0,0.0,0.0,0.0,0,0,0
546,a,100.0,100.0,4.9,347,216.0,0,0.0,-1,1.0,0.0,694,283.0,0,0,0.0,781.0,340.0,0,0,0.0,737.0,313.0,0.0,0.0,0.0,470,10,3474,13,0.0,0.0,0.0,0.0,0.0,0.0,0.0,0.0,0.0,0.0,0.0,780.0,339.0,0.0,776.0,339.0,0.0,772.0,337.0,0.0,780.0,339.0,,,,29,,Milan,Aleksić,Aleksić,,,0,0,0,0,0,0,0,0,0,0,0,0,0,,,,0.0,0.0,0.0,0.0,0.0,0,0,0
656,u,0.0,0.0,4.9,321,59.0,0,0.0,-1,1.0,0.0,588,80.0,1,0,1.0,490.0,59.0,0,1,0.0,724.0,74.0,0.0,0.2,0.0,1691,0,10139,8,0.0,0.0,0.0,0.01,0.01,0.1,0.0,0.06,0.06,0.64,1.0,499.0,61.0,4.3,443.0,58.0,2.0,453.0,61.0,0.7,488.0,61.0,,,,29,,Saša,Kalajdžić,Kalajdžić,has joined LASK on loan for the rest of the season.,,14,0,0,0,0,0,0,0,0,0,0,0,2,,,,0.0,0.0,0.0,0.0,12.86,0,1,1
809,a,,,4.5,515,319.0,0,0.0,0,0.0,0.0,755,321.0,0,0,0.0,757.0,323.0,0,0,0.0,688.0,279.0,0.0,0.0,0.0,1119,108,354,75,-0.5,-1.0,0.0,0.0,0.0,0.0,0.0,0.0,0.0,0.0,0.0,756.0,322.0,0.0,750.0,322.0,0.0,738.0,319.0,0.0,756.0,322.0,,,,29,,Jerome,Abbey,Abbey,,,0,0,0,0,0,0,0,0,0,0,0,0,0,,,,0.0,0.0,0.0,0.0,0.0,0,0,0
816,a,100.0,100.0,4.8,357,224.0,0,0.0,-2,2.0,0.0,696,285.0,9,1,1.5,412.0,183.0,0,52,1.4,231.0,101.0,0.3,1.9,0.0,4355,158,2437,156,0.9,0.4,0.05,0.09,0.14,8.46,0.02,0.03,0.05,3.21,38.2,422.0,185.0,45.1,351.0,186.0,10.0,408.0,200.0,9.4,419.0,189.0,,,,29,,Angel,Gomes,Angel,,,237,0,0,1,4,0,0,0,0,0,0,4,22,,,,0.0,0.38,1.52,1.52,8.35,7,4,11
817,a,,,5.3,185,45.0,-1,1.0,-2,2.0,0.1,559,78.0,15,1,2.5,272.0,28.0,0,59,2.2,169.0,23.0,0.4,2.8,0.0,15987,689,8698,876,1.7,1.2,0.18,0.58,0.76,10.73,0.03,0.11,0.14,2.01,59.4,402.0,43.0,60.8,327.0,37.0,13.0,396.0,56.0,13.4,400.0,49.0,,,,29,,Adam,Armstrong,Armstrong,,,481,0,2,3,5,0,0,0,2,0,0,6,22,,,,0.0,0.56,0.94,1.12,4.12,3,9,10
657,a,100.0,100.0,4.4,564,82.0,0,0.0,-1,1.0,0.0,642,83.0,0,0,0.0,685.0,74.0,0,0,0.0,598.0,61.0,0.0,0.0,0.0,5149,177,7430,98,-0.5,-1.0,0.0,0.0,0.0,0.0,0.0,0.0,0.0,0.0,0.0,678.0,74.0,0.0,673.0,73.0,0.0,653.0,73.0,0.0,680.0,74.0,,,,29,,Leon,Chiwome,Chiwome,,,0,0,0,0,0,0,0,0,0,0,0,0,0,,,,0.0,0.0,0.0,0.0,0.0,0,0,0
658,a,,,4.2,642,89.0,0,0.0,-3,3.0,1.9,142,23.0,0,0,0.0,640.0,63.0,0,0,0.0,529.0,48.0,0.0,0.0,0.0,276531,2317,360810,4083,-0.5,-1.0,0.0,0.0,0.0,0.0,0.0,0.0,0.0,0.0,0.0,631.0,63.0,0.0,625.0,62.0,0.0,600.0,62.0,0.0,633.0,63.0,,,,29,,Nathan,Fraser,Fraser,,,0,0,0,0,0,0,0,0,0,0,0,0,0,,,,0.0,0.0,0.0,0.0,0.0,0,0,0
777,u,0.0,0.0,4.5,453,272.0,0,0.0,0,0.0,0.0,805,357.0,0,0,0.0,714.0,289.0,0,0,0.0,636.0,237.0,0.0,0.0,0.0,415,0,332,12,0.0,0.0,0.0,0.0,0.0,0.0,0.0,0.0,0.0,0.0,0.0,709.0,284.0,0.0,705.0,286.0,0.0,689.0,279.0,0.0,710.0,285.0,,,,29,,Temple,Ojinnaka,Ojinnaka,has joined Shrewsbury Town on loan for the rest of the season.,,0,0,0,0,0,0,0,0,0,0,0,0,0,,,,0.0,0.0,0.0,0.0,0.0,0,0,0
13,a,,,3.8,809,256.0,0,0.0,-2,2.0,0.4,271,101.0,0,0,0.0,534.0,196.0,0,0,0.0,403.0,157.0,0.0,0.0,0.0,51876,102,78744,393,1.0,1.0,0.0,0.0,0.0,0.0,0.0,0.0,0.0,0.0,0.0,524.0,196.0,0.0,510.0,196.0,0.0,480.0,191.0,0.0,526.0,196.0,,,,29,,Brayden,Clarke,Clarke,,,0,0,0,0,0,0,0,0,0,0,0,0,0,,,,0.0,0.0,0.0,0.0,0.0,0,0,0
33,a,100.0,100.0,4.2,626,32.0,0,0.0,-3,3.0,0.4,283,37.0,11,0,2.2,306.0,28.0,0,51,0.0,522.0,82.0,0.0,2.6,0.0,83714,77,115057,270,-0.5,-0.5,0.0,0.0,0.0,8.53,0.0,0.0,0.0,1.9,92.8,369.0,28.0,0.0,621.0,77.0,0.0,595.0,64.0,9.3,422.0,28.0,,,,29,,Marco,Bizot,M.Bizot,,,405,0,0,1,8,0,0,0,2,0,13,4,23,,,,2.89,0.22,1.78,0.89,0.0,0,6,41
529,a,,,3.9,742,69.0,0,0.0,-1,1.0,0.4,289,38.0,0,0,0.0,541.0,39.0,0,0,0.0,410.0,30.0,0.0,0.0,0.0,18602,163,33906,294,0.0,0.0,0.0,0.0,0.0,0.0,0.0,0.0,0.0,0.0,0.0,531.0,39.0,0.0,518.0,22.0,0.0,488.0,9.0,0.0,533.0,39.0,,,,29,,Simon,Moore,Moore,,,0,0,0,0,0,0,0,0,0,0,0,0,0,,,,0.0,0.0,0.0,0.0,0.0,0,0,0
679,a,,,4.2,637,35.0,0,0.0,-3,3.0,0.4,291,39.0,40,9,4.4,39.0,2.0,8,138,5.2,28.0,3.0,1.2,9.5,0.0,39534,6674,42212,729,4.7,5.2,0.0,0.01,0.01,10.73,0.0,0.0,0.0,1.19,212.2,259.0,23.0,0.0,623.0,79.0,0.0,598.0,67.0,21.2,367.0,23.0,,,,29,,Mads,Hermansen,Hermansen,,,810,0,0,4,17,0,0,0,0,0,28,9,34,,,,3.11,0.44,1.89,1.0,0.0,0,14,88
643,a,100.0,100.0,5.2,216,134.0,0,0.0,-3,3.0,0.1,488,174.0,75,12,2.8,222.0,92.0,4,360,4.4,57.0,28.0,0.8,14.4,0.0,16487,2913,17860,365,3.9,3.4,0.34,0.75,1.09,33.79,0.02,0.03,0.05,1.49,326.4,173.0,69.0,228.9,142.0,96.0,28.0,365.0,187.0,58.3,214.0,107.0,,,,29,,André,Trindade da Costa Neto,André,,,2040,1,0,2,37,0,0,0,9,0,0,22,290,,,,0.0,0.09,1.63,0.97,12.79,61,72,157
644,a,100.0,100.0,5.1,232,143.0,0,0.0,-4,4.0,0.0,602,228.0,34,1,1.6,395.0,170.0,0,162,1.4,232.0,102.0,0.3,6.7,0.0,5658,90,11707,123,0.9,0.4,1.03,0.65,1.68,17.59,0.09,0.06,0.15,1.57,152.4,307.0,138.0,154.2,199.0,128.0,138.0,201.0,113.0,44.1,275.0,138.0,3.0,2.0,,29,,Jean-Ricner,Bellegarde,Bellegarde,,,1006,1,0,3,24,0,0,0,4,0,0,12,86,,,,0.0,0.27,2.15,1.07,7.69,25,27,34
647,u,0.0,0.0,5.5,139,86.0,0,0.0,0,0.0,0.0,795,350.0,0,0,0.0,807.0,359.0,0,0,0.0,789.0,348.0,0.0,0.0,0.0,0,0,796,0,0.0,0.0,0.0,0.0,0.0,0.0,0.0,0.0,0.0,0.0,0.0,806.0,358.0,0.0,805.0,358.0,0.0,803.0,357.0,0.0,806.0,358.0,,,,29,,Gonçalo Manuel,Ganchinho Guedes,Guedes,Has joined Real Sociedad permanently.,,0,0,0,0,0,0,0,0,0,0,0,0,0,,,,0.0,0.0,0.0,0.0,0.0,0,0,0
648,u,0.0,0.0,5.3,195,121.0,0,0.0,-2,2.0,0.0,627,244.0,38,0,2.9,204.0,85.0,1,131,0.0,773.0,337.0,0.0,7.2,0.0,19177,0,23111,33,0.0,0.0,1.64,0.38,2.02,13.36,0.17,0.04,0.21,1.38,163.6,295.0,130.0,61.8,324.0,179.0,196.0,136.0,79.0,42.1,284.0,142.0,,,,29,,Marshall,Munetsi,Munetsi,has joined Paris FC on loan for the rest of the season.,,872,1,2,0,19,0,0,0,2,0,0,9,80,,,,0.0,0.0,1.96,0.93,8.26,21,39,20
649,u,0.0,0.0,5.0,265,161.0,0,0.0,0,0.0,0.0,814,362.0,0,0,0.0,787.0,345.0,0,0,0.0,745.0,318.0,0.0,0.0,0.0,0,0,162,0,0.0,0.0,0.0,0.0,0.0,0.0,0.0,0.0,0.0,0.0,0.0,786.0,344.0,0.0,784.0,344.0,0.0,780.0,342.0,0.0,786.0,344.0,,,,29,,Boubacar,Traoré,B.Traore,Has joined FC Metz on loan for the rest of the season.,,0,0,0,0,0,0,0,0,0,0,0,0,0,,,,0.0,0.0,0.0,0.0,0.0,0,0,0
651,a,,,4.3,616,361.0,0,0.0,-2,2.0,0.4,274,95.0,6,0,6.0,6.0,3.0,0,22,1.2,238.0,104.0,0.3,1.4,0.0,65742,1368,67335,830,0.7,0.2,0.17,0.0,0.17,0.2,2.55,0.0,2.55,3.0,34.4,427.0,188.0,0.1,485.0,235.0,17.0,389.0,194.0,5.2,445.0,199.0,,,,29,,Tom,Edozie,Edozie,,,6,1,0,0,0,0,0,0,0,0,0,0,0,,,,0.0,0.0,0.0,0.0,0.0,0,0,0
652,a,,,4.3,615,360.0,0,0.0,-2,2.0,1.3,170,60.0,0,0,0.0,660.0,253.0,0,0,0.0,563.0,192.0,0.0,0.0,0.0,198187,1308,242503,1775,-0.5,-1.0,0.0,0.0,0.0,0.0,0.0,0.0,0.0,0.0,0.0,650.0,243.0,0.0,646.0,248.0,0.0,623.0,237.0,0.0,652.0,245.0,,,,29,,Enso,González Medina,Gonzalez,,,0,0,0,0,0,0,0,0,0,0,0,0,0,,,,0.0,0.0,0.0,0.0,0.0,0,0,0
653,u,0.0,0.0,4.5,424,254.0,0,0.0,0,0.0,0.0,662,266.0,0,0,0.0,698.0,274.0,0,0,0.0,616.0,220.0,0.0,0.0,0.0,0,0,5773,13,0.0,0.0,0.0,0.0,0.0,0.0,0.0,0.0,0.0,0.0,0.0,692.0,268.0,0.0,687.0,271.0,0.0,669.0,263.0,0.0,694.0,270.0,,,,29,,Joe,Hodge,Hodge,Signed by CD Tondela,,0,0,0,0,0,0,0,0,0,0,0,0,0,,,,0.0,0.0,0.0,0.0,0.0,0,0,0
655,u,0.0,0.0,4.9,329,61.0,0,0.0,-1,1.0,0.2,398,60.0,0,0,0.0,777.0,86.0,0,0,0.0,730.0,75.0,0.0,0.0,0.0,7178,0,55361,37,0.0,0.0,0.0,0.0,0.0,0.0,0.0,0.0,0.0,0.0,0.0,776.0,86.0,0.0,772.0,85.0,0.0,767.0,85.0,0.0,776.0,86.0,,,,29,,Fábio,Soares Silva,Fábio Silva,has joined Borussia Dortmund permanently.,,0,0,0,0,0,0,0,0,0,0,0,0,0,,,,0.0,0.0,0.0,0.0,0.0,0,0,0
