id,first_name,second_name,web_name,status,news,news_added,now_cost,now_cost_rank,now_cost_rank_type,selected_by_percent,selected_rank,selected_rank_type,form,form_rank,form_rank_type,event_points,cost_change_event,cost_change_event_fall,cost_change_start,cost_change_start_fall,transfers_in_event,transfers_out_event,value_form,value_season,ep_next,ep_this,points_per_game,points_per_game_rank,points_per_game_rank_type,chance_of_playing_next_round,chance_of_playing_this_round,influence_rank,influence_rank_type,creativity_rank,creativity_rank_type,threat_rank,threat_rank_type,ict_index_rank,ict_index_rank_type,corners_and_indirect_freekicks_order,direct_freekicks_order,penalties_order,set_piece_threat,corners_and_indirect_freekicks_text,direct_freekicks_text,penalties_text,expected_goals_per_90,expected_assists_per_90,expected_goal_involvements_per_90,expected_goals_conceded_per_90,saves_per_90,clean_sheets_per_90,goals_conceded_per_90,starts_per_90,defensive_contribution_per_90,gw,total_points,minutes,goals_scored,assists,clean_sheets,goals_conceded,own_goals,penalties_saved,penalties_missed,yellow_cards,red_cards,saves,starts,bonus,bps,transfers_in,transfers_out,dreamteam_count,expected_goals,expected_assists,expected_goal_involvements,expected_goals_conceded,influence,creativity,threat,ict_index,tackles,clearances_blocks_interceptions,recoveries,defensive_contribution
759,Marli,Salmon,Salmon,a,,,4.0,730,205.0,0.0,686,239.0,0.0,507.0,208.0,0,0,0.0,0,0.0,2,4,0.0,0.0,1.0,1.0,0.0,629.0,242.0,,,619.0,242.0,611.0,242.0,583.0,239.0,621.0,242.0,,,,,,,,0.0,0.0,0.0,0.0,0.0,0.0,0.0,0.0,0.0,29,0.0,0.0,0.0,0.0,0.0,0.0,0.0,0.0,0.0,0.0,0.0,0.0,0.0,0.0,0.0,6.0,20.0,0.0,0.0,0.0,0.0,0.0,0.0,0.0,0.0,0.0,0.0,0.0,0.0,0.0
203,Enock,Agyei,Boateng,a,,,4.7,394,246.0,0.0,595,224.0,0.0,695.0,284.0,0,0,0.0,-3,3.0,7,8,0.0,0.0,-0.5,-0.5,0.0,761.0,326.0,,,760.0,325.0,755.0,325.0,747.0,322.0,760.0,325.0,,,,,,,,0.0,0.0,0.0,0.0,0.0,0.0,0.0,0.0,0.0,29,0.0,0.0,0.0,0.0,0.0,0.0,0.0,0.0,0.0,0.0,0.0,0.0,0.0,0.0,0.0,29.0,54.0,0.0,0.0,0.0,0.0,0.0,0.0,0.0,0.0,0.0,0.0,0.0,0.0,0.0
87,Ryan,Christie,Christie,a,,,4.9,293,183.0,0.1,555,202.0,1.4,222.0,92.0,3,0,0.0,-1,1.0,6,7,0.3,5.7,1.9,1.4,1.5,412.0,182.0,100.0,100.0,319.0,144.0,205.0,134.0,197.0,109.0,281.0,141.0,,,,,,,,0.23,0.08,0.31,1.87,0.0,0.16,1.55,0.47,11.04,29,3.0,73.0,0.0,0.0,1.0,0.0,0.0,0.0,0.0,0.0,0.0,0.0,1.0,0.0,16.0,49.0,82.0,0.0,0.040000000000000036,0.10000000000000003,0.1399999999999999,0.16999999999999993,11.000000000000014,14.5,5.0,3.0999999999999943,2.0,3.0,6.0,11.0
89,Philip,Billing,Philip,u,has joined Midtjylland permanently.,,4.9,295,185.0,0.0,674,272.0,0.0,712.0,296.0,0,0,0.0,-1,1.0,0,0,0.0,0.0,0.0,0.0,0.0,767.0,329.0,0.0,0.0,766.0,328.0,762.0,328.0,756.0,326.0,766.0,328.0,,,,,,,,0.0,0.0,0.0,0.0,0.0,0.0,0.0,0.0,0.0,29,0.0,0.0,0.0,0.0,0.0,0.0,0.0,0.0,0.0,0.0,0.0,0.0,0.0,0.0,0.0,0.0,3.0,0.0,0.0,0.0,0.0,0.0,0.0,0.0,0.0,0.0,0.0,0.0,0.0,0.0
687,Remy,Rees-Dottin,Rees-Dottin,a,,,4.3,618,362.0,0.2,391,130.0,0.0,564.0,193.0,0,0,0.0,-2,2.0,40,32,0.0,0.0,0.5,0.0,0.0,661.0,254.0,,,651.0,244.0,647.0,249.0,624.0,238.0,653.0,246.0,,,,,,,,0.0,0.0,0.0,0.0,0.0,0.0,0.0,0.0,0.0,29,0.0,0.0,0.0,0.0,0.0,0.0,0.0,0.0,0.0,0.0,0.0,0.0,0.0,0.0,0.0,317.0,315.0,0.0,0.0,0.0,0.0,0.0,0.0,0.0,0.0,0.0,0.0,0.0,0.0,0.0
756,Malcom,DaCosta,DaCosta,a,,,4.5,514,318.0,0.0,741,314.0,0.0,686.0,278.0,0,0,0.0,0,0.0,3,4,0.0,0.0,0.5,0.0,0.0,756.0,322.0,,,755.0,321.0,749.0,321.0,737.0,318.0,755.0,321.0,,,,,,,,0.0,0.0,0.0,0.0,0.0,0.0,0.0,0.0,0.0,29,0.0,0.0,0.0,0.0,0.0,0.0,0.0,0.0,0.0,0.0,0.0,0.0,0.0,0.0,0.0,16.0,16.0,0.0,0.0,0.0,0.0,0.0,0.0,0.0,0.0,0.0,0.0,0.0,0.0,0.0
129,Yehor,Yarmoliuk,Yarmoliuk,a,,,5.0,274,169.0,0.1,470,162.0,1.0,260.0,114.0,1,0,0.0,0,0.0,11,28,0.2,15.2,1.5,1.0,2.6,255.0,107.0,100.0,100.0,159.0,57.0,147.0,99.0,228.0,127.0,188.0,96.0,,,,,,,,0.05,0.05,0.1,1.35,0.0,0.22,1.47,1.03,11.31,29,1.0,28.0,0.0,0.0,0.0,0.0,0.0,0.0,0.0,0.0,0.0,0.0,0.0,0.0,3.0,130.0,299.0,0.0,0.0,0.010000000000000009,0.010000000000000231,0.25,3.8000000000000114,2.299999999999983,0.0,0.6000000000000085,0.0,1.0,2.0,3.0
130,Romelle,Donovan,Donovan,a,,,4.4,570,341.0,0.1,466,159.0,0.6,304.0,138.0,0,0,0.0,-1,1.0,11,20,0.1,0.9,1.1,0.6,1.0,473.0,210.0,,,465.0,209.0,414.0,205.0,377.0,191.0,452.0,204.0,,,,,,,,0.21,0.02,0.23,0.92,0.0,0.0,0.0,0.0,11.84,29,0.0,0.0,0.0,0.0,0.0,0.0,0.0,0.0,0.0,0.0,0.0,0.0,0.0,0.0,0.0,205.0,146.0,0.0,0.0,0.0,0.0,0.0,0.0,0.0,0.0,0.0,0.0,0.0,0.0,0.0
159,Solly,March,March,a,,,5.8,105,68.0,0.0,751,319.0,0.2,378.0,175.0,0,0,0.0,-2,2.0,12,1,0.0,0.2,0.2,-0.8,1.0,505.0,237.0,100.0,100.0,809.0,360.0,809.0,360.0,808.0,360.0,809.0,360.0,,,,,,,,0.0,0.0,0.0,5.62,0.0,0.0,0.0,0.0,0.0,29,0.0,0.0,0.0,0.0,0.0,0.0,0.0,0.0,0.0,0.0,0.0,0.0,0.0,0.0,0.0,56.0,10.0,0.0,0.0,0.0,0.0,0.0,0.0,0.0,0.0,0.0,0.0,0.0,0.0,0.0
237,Enzo,Fernández,Enzo,a,,,6.7,49,31.0,16.2,20,7.0,1.4,230.0,97.0,0,0,0.0,2,-2.0,1518,4682,0.2,18.1,1.9,1.9,4.5,36.0,16.0,100.0,100.0,30.0,7.0,8.0,8.0,19.0,8.0,5.0,3.0,3.0,1.0,2.0,,,,,0.38,0.2,0.58,1.29,0.0,0.31,1.16,1.01,7.37,29,0.0,0.0,0.0,0.0,0.0,0.0,0.0,0.0,0.0,0.0,0.0,0.0,0.0,0.0,0.0,12334.0,125544.0,0.0,0.0,0.0,0.0,0.0,0.0,0.0,0.0,0.0,0.0,0.0,0.0,0.0
240,Christopher,Nkunku,Nkunku,u,has joined AC Milan permanently.,,5.9,96,62.0,0.1,517,186.0,0.0,795.0,353.0,0,0,0.0,-1,1.0,0,1,0.0,0.0,0.0,0.0,0.0,810.0,361.0,0.0,0.0,810.0,361.0,810.0,361.0,809.0,361.0,810.0,361.0,,,,,,,,0.0,0.0,0.0,0.0,0.0,0.0,0.0,0.0,0.0,29,0.0,0.0,0.0,0.0,0.0,0.0,0.0,0.0,0.0,0.0,0.0,0.0,0.0,0.0,0.0,0.0,3.0,0.0,0.0,0.0,0.0,0.0,0.0,0.0,0.0,0.0,0.0,0.0,0.0,0.0
743,Landon,Emenalo,Emenalo,a,,,4.5,497,307.0,0.0,729,304.0,0.0,672.0,268.0,0,0,0.0,0,0.0,2,1,0.0,0.0,0.5,0.5,0.0,744.0,313.0,,,743.0,312.0,737.0,312.0,724.0,308.0,743.0,312.0,,,,,,,,0.0,0.0,0.0,0.0,0.0,0.0,0.0,0.0,0.0,29,0.0,0.0,0.0,0.0,0.0,0.0,0.0,0.0,0.0,0.0,0.0,0.0,0.0,0.0,0.0,8.0,8.0,0.0,0.0,0.0,0.0,0.0,0.0,0.0,0.0,0.0,0.0,0.0,0.0,0.0
283,Jean-Philippe,Mateta,Mateta,i,Knee injury - Expected back 14 Mar,,7.5,23,8.0,6.6,57,11.0,0.0,815.0,91.0,0,0,0.0,0,0.0,15,708,0.0,11.2,0.0,0.0,3.7,107.0,8.0,0.0,0.0,108.0,9.0,228.0,24.0,13.0,8.0,46.0,10.0,,,2.0,,,,,0.56,0.06,0.62,1.26,0.0,0.38,1.09,1.09,5.2,29,0.0,0.0,0.0,0.0,0.0,0.0,0.0,0.0,0.0,0.0,0.0,0.0,0.0,0.0,0.0,37.0,4553.0,0.0,0.0,0.0,0.0,0.0,0.0,0.0,0.0,0.0,0.0,0.0,0.0,0.0
302,Idrissa Gana,Gueye,Gana,a,,,5.4,154,96.0,0.1,484,171.0,2.0,171.0,73.0,3,0,0.0,-1,1.0,21,16,0.4,11.5,1.0,2.5,3.1,180.0,76.0,100.0,100.0,195.0,80.0,149.0,101.0,168.0,92.0,179.0,92.0,,,,,,,,0.08,0.05,0.13,1.32,0.0,0.22,1.13,1.08,9.24,29,3.0,86.0,0.0,0.0,1.0,0.0,0.0,0.0,0.0,0.0,0.0,0.0,1.0,0.0,14.0,260.0,149.0,0.0,0.06000000000000005,0.06999999999999995,0.1299999999999999,0.0799999999999983,5.7999999999999545,8.800000000000011,4.0,1.9000000000000057,1.0,2.0,4.0,7.0
303,James,Garner,Garner,a,,,5.2,211,130.0,4.0,88,29.0,4.8,20.0,8.0,10,0,0.0,2,-2.0,2002,696,0.9,24.8,3.8,5.3,4.4,39.0,18.0,,,13.0,4.0,7.0,7.0,117.0,69.0,19.0,15.0,1.0,3.0,2.0,,,,,0.06,0.16,0.22,1.42,0.0,0.35,1.14,1.0,12.27,29,10.0,90.0,0.0,1.0,1.0,0.0,0.0,0.0,0.0,0.0,0.0,0.0,1.0,2.0,39.0,23519.0,7473.0,0.0,0.0,0.16999999999999993,0.16999999999999993,0.7899999999999991,47.19999999999993,72.39999999999998,0.0,12.0,7.0,2.0,3.0,12.0
786,Alfie,McNally,McNally,a,,,4.0,702,60.0,0.0,754,85.0,0.0,484.0,71.0,0,0,0.0,0,0.0,2,1,0.0,0.0,0.0,0.0,0.0,608.0,80.0,,,598.0,80.0,589.0,67.0,560.0,54.0,600.0,80.0,,,,,,,,0.0,0.0,0.0,0.0,0.0,0.0,0.0,0.0,0.0,29,0.0,0.0,0.0,0.0,0.0,0.0,0.0,0.0,0.0,0.0,0.0,0.0,0.0,0.0,0.0,12.0,10.0,0.0,0.0,0.0,0.0,0.0,0.0,0.0,0.0,0.0,0.0,0.0,0.0,0.0
168,Facundo,Buonanotte,Buonanotte,a,,,4.6,403,249.0,0.1,487,172.0,0.0,690.0,281.0,0,0,0.0,-4,4.0,3,9,0.0,0.4,0.0,0.0,0.7,514.0,241.0,100.0,100.0,472.0,212.0,382.0,194.0,383.0,193.0,445.0,200.0,,,,,,,,0.05,0.13,0.18,2.43,0.0,0.0,2.61,1.3,6.52,29,0.0,0.0,0.0,0.0,0.0,0.0,0.0,0.0,0.0,0.0,0.0,0.0,0.0,0.0,0.0,80.0,153.0,0.0,0.0,0.0,0.0,0.0,0.0,0.0,0.0,0.0,0.0,0.0,0.0,0.0
343,Pascal,Struijk,Struijk,a,,,4.3,584,130.0,0.5,257,96.0,2.0,163.0,61.0,2,0,0.0,-2,2.0,85,98,0.5,18.6,2.0,2.0,3.1,170.0,64.0,100.0,100.0,49.0,22.0,216.0,54.0,111.0,17.0,99.0,27.0,,,,,,,,0.1,0.02,0.12,1.38,0.0,0.16,1.59,1.0,9.21,29,2.0,90.0,0.0,0.0,0.0,1.0,0.0,0.0,0.0,0.0,0.0,0.0,1.0,0.0,11.0,5944.0,736.0,0.0,0.06000000000000005,0.06000000000000005,0.1200000000000001,0.8599999999999994,11.600000000000023,11.700000000000003,7.0,3.0,0.0,2.0,4.0,2.0
344,Jaka,Bijol,Bijol,a,,,3.9,758,219.0,0.4,282,103.0,1.0,250.0,92.0,1,0,0.0,-1,1.0,23,65,0.3,12.3,1.0,1.0,3.0,187.0,70.0,100.0,100.0,192.0,76.0,356.0,124.0,132.0,24.0,235.0,78.0,,,,,,,,0.06,0.05,0.11,1.66,0.0,0.08,1.68,0.96,9.19,29,1.0,6.0,0.0,0.0,0.0,0.0,0.0,0.0,0.0,0.0,0.0,0.0,0.0,0.0,8.0,634.0,632.0,0.0,0.22999999999999998,0.06999999999999995,0.30000000000000004,0.0,9.800000000000011,0.7999999999999972,58.0,6.899999999999999,0.0,1.0,3.0,1.0
345,Sebastiaan,Bornauw,Bornauw,a,,,3.8,796,243.0,0.1,419,153.0,0.2,347.0,121.0,0,0,0.0,-2,2.0,10,16,0.1,4.5,0.2,0.2,1.9,342.0,126.0,100.0,100.0,379.0,145.0,439.0,159.0,401.0,145.0,417.0,150.0,,,,,,,,0.0,0.0,0.0,1.46,0.0,0.3,1.18,1.18,11.25,29,0.0,0.0,0.0,0.0,0.0,0.0,0.0,0.0,0.0,0.0,0.0,0.0,0.0,0.0,0.0,74.0,218.0,0.0,0.0,0.0,0.0,0.0,0.0,0.0,0.0,0.0,0.0,0.0,0.0,0.0
346,Sam,Byram,Byram,a,,,3.8,787,235.0,0.2,377,140.0,0.0,385.0,138.0,0,0,0.0,-2,2.0,5,8,0.0,0.3,0.0,0.0,1.0,447.0,160.0,,,511.0,184.0,494.0,181.0,463.0,175.0,513.0,184.0,,,,,,,,0.0,0.0,0.0,10.16,0.0,0.0,12.86,0.0,0.0,29,0.0,0.0,0.0,0.0,0.0,0.0,0.0,0.0,0.0,0.0,0.0,0.0,0.0,0.0,0.0,61.0,125.0,0.0,0.0,0.0,0.0,0.0,0.0,0.0,0.0,0.0,0.0,0.0,0.0,0.0
347,Gabriel,Gudmundsson,Gudmundsson,a,,,3.8,792,239.0,3.9,89,30.0,1.4,218.0,84.0,2,0,0.0,-2,2.0,464,293,0.4,16.1,1.4,1.4,2.2,303.0,113.0,100.0,100.0,124.0,55.0,75.0,17.0,187.0,44.0,112.0,33.0,,,,,,,,0.04,0.08,0.12,1.45,0.0,0.16,1.63,1.05,6.13,29,2.0,83.0,0.0,0.0,0.0,1.0,0.0,0.0,0.0,0.0,0.0,0.0,1.0,0.0,8.0,10346.0,3428.0,0.0,0.06999999999999984,0.0,0.07000000000000028,0.8599999999999994,1.1999999999999886,2.099999999999966,5.0,0.7999999999999972,0.0,2.0,4.0,2.0
135,Yoane,Wissa,Wissa,a,,,7.3,24,9.0,0.6,240,35.0,0.6,318.0,42.0,0,0,0.0,-2,2.0,70,76,0.1,2.6,0.1,0.1,1.6,402.0,48.0,100.0,100.0,407.0,45.0,366.0,48.0,201.0,42.0,360.0,43.0,,,,,,,,0.42,0.11,0.53,1.5,0.0,0.21,1.71,0.86,3.85,29,0.0,0.0,0.0,0.0,0.0,0.0,0.0,0.0,0.0,0.0,0.0,0.0,0.0,0.0,0.0,460.0,1066.0,0.0,0.0,0.0,0.0,0.0,0.0,0.0,0.0,0.0,0.0,0.0,0.0,0.0
469,Nick,Pope,Pope,a,,,5.1,223,6.0,4.5,81,15.0,1.4,225.0,18.0,0,0,0.0,1,-1.0,71,294,0.3,16.1,0.9,0.9,3.7,101.0,13.0,100.0,100.0,66.0,14.0,794.0,92.0,346.0,1.0,226.0,12.0,,,,,,,,0.01,0.0,0.01,1.24,3.07,0.32,1.46,1.01,0.0,29,0.0,0.0,0.0,0.0,0.0,0.0,0.0,0.0,0.0,0.0,0.0,0.0,0.0,0.0,0.0,492.0,5559.0,0.0,0.0,0.0,0.0,0.0,0.0,0.0,0.0,0.0,0.0,0.0,0.0,0.0
753,John,Ruddy,Ruddy,a,,,4.0,659,39.0,0.0,692,81.0,0.0,445.0,51.0,0,0,0.0,0,0.0,0,3,0.0,0.0,-0.5,-0.5,0.0,574.0,62.0,,,564.0,62.0,552.0,46.0,523.0,33.0,566.0,62.0,,,,,,,,0.0,0.0,0.0,0.0,0.0,0.0,0.0,0.0,0.0,29,0.0,0.0,0.0,0.0,0.0,0.0,0.0,0.0,0.0,0.0,0.0,0.0,0.0,0.0,0.0,9.0,23.0,0.0,0.0,0.0,0.0,0.0,0.0,0.0,0.0,0.0,0.0,0.0,0.0,0.0
765,Leo,Shahar,Shahar,a,,,4.0,714,190.0,0.0,656,232.0,0.0,493.0,195.0,0,0,0.0,0,0.0,11,7,0.0,0.0,-0.5,-0.5,0.0,616.0,230.0,,,606.0,230.0,598.0,230.0,570.0,227.0,608.0,230.0,,,,,,,,0.0,0.0,0.0,0.0,0.0,0.0,0.0,0.0,0.0,29,0.0,0.0,0.0,0.0,0.0,0.0,0.0,0.0,0.0,0.0,0.0,0.0,0.0,0.0,0.0,50.0,59.0,0.0,0.0,0.0,0.0,0.0,0.0,0.0,0.0,0.0,0.0,0.0,0.0,0.0
772,Sam,Alabi,Alabi,a,,,4.5,512,316.0,0.0,783,341.0,0.0,684.0,276.0,0,0,0.0,0,0.0,0,0,0.0,0.0,-0.5,-0.5,0.0,755.0,321.0,,,754.0,320.0,748.0,320.0,735.0,316.0,754.0,320.0,,,,,,,,0.0,0.0,0.0,0.0,0.0,0.0,0.0,0.0,0.0,29,0.0,0.0,0.0,0.0,0.0,0.0,0.0,0.0,0.0,0.0,0.0,0.0,0.0,0.0,0.0,5.0,18.0,0.0,0.0,0.0,0.0,0.0,0.0,0.0,0.0,0.0,0.0,0.0,0.0,0.0
12,Oleksandr,Zinchenko,Zinchenko,u,has joined Ajax permanently.,,4.9,304,46.0,0.2,364,133.0,0.0,717.0,250.0,0,0,0.0,-1,1.0,0,13,0.0,1.4,0.0,0.0,1.4,422.0,152.0,0.0,0.0,378.0,144.0,289.0,92.0,375.0,131.0,374.0,132.0,,,,,,,,0.02,0.09,0.11,1.28,0.0,0.0,1.53,1.02,6.14,29,0.0,0.0,0.0,0.0,0.0,0.0,0.0,0.0,0.0,0.0,0.0,0.0,0.0,0.0,0.0,0.0,53.0,0.0,0.0,0.0,0.0,0.0,0.0,0.0,0.0,0.0,0.0,0.0,0.0,0.0
426,James,McAtee,McAtee,a,,,5.0,258,157.0,0.1,494,176.0,0.2,368.0,168.0,0,0,0.0,-5,5.0,4,3,0.0,1.4,0.2,-0.3,0.9,508.0,238.0,,,450.0,200.0,351.0,187.0,409.0,201.0,434.0,195.0,,,5.0,,,,,0.01,0.09,0.1,2.22,0.0,0.0,4.24,0.53,5.82,29,0.0,0.0,0.0,0.0,0.0,0.0,0.0,0.0,0.0,0.0,0.0,0.0,0.0,0.0,0.0,16.0,36.0,0.0,0.0,0.0,0.0,0.0,0.0,0.0,0.0,0.0,0.0,0.0,0.0,0.0
508,Neco,Williams,N.Williams,a,,,4.7,384,64.0,2.8,111,44.0,2.4,130.0,49.0,0,0,0.0,-3,3.0,133,128,0.5,17.7,2.4,1.9,3.1,176.0,68.0,100.0,100.0,45.0,19.0,51.0,6.0,97.0,10.0,43.0,3.0,,,,,,,,0.06,0.11,0.17,1.42,0.0,0.23,1.46,1.03,7.05,29,0.0,0.0,0.0,0.0,0.0,0.0,0.0,0.0,0.0,0.0,0.0,0.0,0.0,0.0,0.0,570.0,3345.0,0.0,0.0,0.0,0.0,0.0,0.0,0.0,0.0,0.0,0.0,0.0,0.0,0.0
675,Angus,Gunn,Gunn,a,,,4.0,664,43.0,1.1,178,23.0,0.0,449.0,54.0,0,0,0.0,0,0.0,4,21,0.0,0.2,0.0,-0.5,1.0,453.0,34.0,100.0,100.0,494.0,34.0,557.0,50.0,528.0,37.0,505.0,34.0,,,,,,,,0.0,0.0,0.0,0.42,0.0,0.0,0.0,0.0,0.0,29,0.0,0.0,0.0,0.0,0.0,0.0,0.0,0.0,0.0,0.0,0.0,0.0,0.0,0.0,0.0,51.0,202.0,0.0,0.0,0.0,0.0,0.0,0.0,0.0,0.0,0.0,0.0,0.0,0.0,0.0
534,Joe,Anderson,Anderson,u,has joined Barrow FC permanently.,,3.8,791,238.0,0.3,307,113.0,0.0,388.0,140.0,0,0,0.0,-2,2.0,0,25,0.0,0.0,0.0,0.0,0.0,523.0,185.0,0.0,0.0,513.0,185.0,497.0,183.0,466.0,177.0,515.0,185.0,,,,,,,,0.0,0.0,0.0,0.0,0.0,0.0,0.0,0.0,0.0,29,0.0,0.0,0.0,0.0,0.0,0.0,0.0,0.0,0.0,0.0,0.0,0.0,0.0,0.0,0.0,0.0,210.0,0.0,0.0,0.0,0.0,0.0,0.0,0.0,0.0,0.0,0.0,0.0,0.0,0.0
577,Takai,Kōta,Takai,u,has joined Borussia Mönchengladbach on loan for the rest of the season.,,4.0,713,189.0,0.0,601,214.0,0.0,492.0,194.0,0,0,0.0,0,0.0,0,1,0.0,0.0,0.0,0.0,0.0,615.0,229.0,0.0,0.0,605.0,229.0,597.0,229.0,569.0,226.0,607.0,229.0,,,,,,,,0.0,0.0,0.0,0.0,0.0,0.0,0.0,0.0,0.0,29,0.0,0.0,0.0,0.0,0.0,0.0,0.0,0.0,0.0,0.0,0.0,0.0,0.0,0.0,0.0,0.0,3.0,0.0,0.0,0.0,0.0,0.0,0.0,0.0,0.0,0.0,0.0,0.0,0.0,0.0
578,Luka,Vušković,Vuskovic,u,has joined Hamburger SV on loan for the rest of the season.,,3.9,784,232.0,0.3,309,114.0,0.0,444.0,170.0,0,0,0.0,-1,1.0,0,7,0.0,0.0,0.0,0.0,0.0,573.0,209.0,0.0,0.0,563.0,209.0,551.0,209.0,522.0,205.0,565.0,209.0,,,,,,,,0.0,0.0,0.0,0.0,0.0,0.0,0.0,0.0,0.0,29,0.0,0.0,0.0,0.0,0.0,0.0,0.0,0.0,0.0,0.0,0.0,0.0,0.0,0.0,0.0,0.0,47.0,0.0,0.0,0.0,0.0,0.0,0.0,0.0,0.0,0.0,0.0,0.0,0.0,0.0
595,Callum,Olusesi,Olusesi,a,,,4.3,601,352.0,0.2,366,123.0,0.0,551.0,185.0,0,0,0.0,-2,2.0,9,17,0.0,0.0,-0.5,0.0,0.0,651.0,247.0,,,641.0,237.0,636.0,242.0,613.0,231.0,643.0,239.0,,,,,,,,0.0,0.0,0.0,0.0,0.0,0.0,0.0,0.0,0.0,29,0.0,0.0,0.0,0.0,0.0,0.0,0.0,0.0,0.0,0.0,0.0,0.0,0.0,0.0,0.0,107.0,160.0,0.0,0.0,0.0,0.0,0.0,0.0,0.0,0.0,0.0,0.0,0.0,0.0,0.0
638,Ki-Jana,Hoever,Hoever,u,has joined Sheffield United on loan for the rest of the season.,,3.8,797,244.0,1.0,195,75.0,0.0,391.0,143.0,0,0,0.0,-2,2.0,0,102,0.0,2.6,0.0,0.0,1.2,434.0,155.0,0.0,0.0,351.0,134.0,277.0,86.0,393.0,141.0,368.0,128.0,,,,,,,,0.0,0.08,0.08,1.99,0.0,0.0,2.77,1.28,8.51,29,0.0,0.0,0.0,0.0,0.0,0.0,0.0,0.0,0.0,0.0,0.0,0.0,0.0,0.0,0.0,0.0,878.0,0.0,0.0,0.0,0.0,0.0,0.0,0.0,0.0,0.0,0.0,0.0,0.0,0.0
645,Fer,López González,Fer López,u,has joined Celta Vigo on loan for the rest of the season.,,5.1,243,148.0,0.0,655,262.0,0.0,763.0,330.0,0,0,0.0,-4,4.0,0,0,0.0,2.4,0.0,0.0,1.3,432.0,194.0,0.0,0.0,432.0,191.0,322.0,180.0,342.0,178.0,406.0,185.0,,,,,,,,0.06,0.24,0.3,1.57,0.0,0.0,3.55,0.79,4.74,29,0.0,0.0,0.0,0.0,0.0,0.0,0.0,0.0,0.0,0.0,0.0,0.0,0.0,0.0,0.0,0.0,5.0,0.0,0.0,0.0,0.0,0.0,0.0,0.0,0.0,0.0,0.0,0.0,0.0,0.0
646,João Victor,Gomes da Silva,J.Gomes,a,,,5.3,197,123.0,0.3,329,109.0,4.2,42.0,21.0,3,0,0.0,-2,2.0,704,112,0.8,16.0,3.7,3.2,3.0,195.0,82.0,100.0,100.0,129.0,42.0,103.0,75.0,184.0,102.0,126.0,72.0,,1.0,,,,,,0.05,0.05,0.1,1.47,0.0,0.16,1.67,1.02,12.72,29,3.0,90.0,0.0,0.0,0.0,1.0,0.0,0.0,0.0,1.0,0.0,0.0,1.0,0.0,21.0,2812.0,1561.0,0.0,0.029999999999999805,0.010000000000000009,0.040000000000000036,1.8100000000000023,17.599999999999966,2.8000000000000114,1.0,2.1000000000000085,6.0,1.0,9.0,16.0
650,Tawanda,Chirewa,Chirewa,u,has joined Barnsley on loan for the rest of the season.,,4.3,600,351.0,0.2,371,124.0,0.0,550.0,184.0,0,0,0.0,-2,2.0,0,16,0.0,0.5,0.0,0.0,1.0,463.0,201.0,0.0,0.0,481.0,220.0,478.0,232.0,612.0,230.0,492.0,225.0,,,,,,,,0.0,0.0,0.0,1.8,0.0,0.0,0.0,0.0,14.4,29,0.0,0.0,0.0,0.0,0.0,0.0,0.0,0.0,0.0,0.0,0.0,0.0,0.0,0.0,0.0,0.0,133.0,0.0,0.0,0.0,0.0,0.0,0.0,0.0,0.0,0.0,0.0,0.0,0.0,0.0
778,Ethan,Sutherland,Sutherland,a,,,4.5,484,297.0,0.0,753,321.0,0.0,662.0,260.0,0,0,0.0,0,0.0,3,5,0.0,0.0,-0.5,-1.0,0.0,735.0,306.0,,,733.0,304.0,727.0,304.0,714.0,300.0,733.0,304.0,,,,,,,,0.0,0.0,0.0,0.0,0.0,0.0,0.0,0.0,0.0,29,0.0,0.0,0.0,0.0,0.0,0.0,0.0,0.0,0.0,0.0,0.0,0.0,0.0,0.0,0.0,41.0,20.0,0.0,0.0,0.0,0.0,0.0,0.0,0.0,0.0,0.0,0.0,0.0,0.0,0.0
809,Jerome,Abbey,Abbey,a,,,4.5,515,319.0,0.0,759,323.0,0.0,687.0,279.0,0,0,0.0,0,0.0,1,5,0.0,0.0,-0.5,-1.0,0.0,757.0,323.0,,,756.0,322.0,750.0,322.0,738.0,319.0,756.0,322.0,,,,,,,,0.0,0.0,0.0,0.0,0.0,0.0,0.0,0.0,0.0,29,0.0,0.0,0.0,0.0,0.0,0.0,0.0,0.0,0.0,0.0,0.0,0.0,0.0,0.0,0.0,106.0,32.0,0.0,0.0,0.0,0.0,0.0,0.0,0.0,0.0,0.0,0.0,0.0,0.0,0.0
816,Angel,Gomes,Angel,a,,,4.8,357,224.0,0.0,693,285.0,1.5,215.0,89.0,1,0,0.0,-2,2.0,14,10,0.3,1.9,1.0,0.5,1.5,411.0,181.0,100.0,100.0,419.0,184.0,348.0,186.0,406.0,200.0,416.0,189.0,,,,,,,,0.02,0.03,0.05,3.2,0.0,0.38,1.52,1.52,8.35,29,1.0,59.0,0.0,0.0,0.0,0.0,0.0,0.0,0.0,0.0,0.0,0.0,1.0,0.0,3.0,66.0,217.0,0.0,0.0,0.009999999999999995,0.010000000000000009,1.13,3.4000000000000057,7.300000000000004,0.0,1.0999999999999996,2.0,0.0,2.0,4.0
817,Adam,Armstrong,Armstrong,a,,,5.3,185,45.0,0.1,558,78.0,2.5,126.0,19.0,1,-1,1.0,-2,2.0,46,54,0.5,2.8,2.0,1.5,2.5,275.0,28.0,,,398.0,42.0,325.0,36.0,394.0,56.0,396.0,48.0,,,,,,,,0.03,0.11,0.14,2.0,0.0,0.56,0.94,1.12,4.12,29,1.0,59.0,0.0,0.0,0.0,0.0,0.0,0.0,0.0,0.0,0.0,0.0,1.0,0.0,5.0,506.0,788.0,0.0,0.0,0.0,0.0,1.129999999999999,6.199999999999996,0.5999999999999943,2.0,0.9000000000000004,1.0,3.0,1.0,5.0
1,David,Raya Martín,Raya,a,,,6.0,86,1.0,34.2,8,1.0,2.7,116.0,10.0,0,0,0.0,5,-5.0,1794,1255,0.4,19.2,3.7,3.7,4.0,68.0,6.0,,,107.0,17.0,371.0,3.0,811.0,94.0,265.0,16.0,,,,,,,,0.0,0.0,0.0,0.7,1.55,0.45,0.76,1.0,0.0,29,0.0,0.0,0.0,0.0,0.0,0.0,0.0,0.0,0.0,0.0,0.0,0.0,0.0,0.0,0.0,15985.0,17229.0,0.0,0.0,0.0,0.0,0.0,0.0,0.0,0.0,0.0,0.0,0.0,0.0,0.0
2,Kepa,Arrizabalaga Revuelta,Arrizabalaga,a,,,4.1,650,36.0,0.4,283,36.0,0.0,514.0,76.0,0,0,0.0,-4,4.0,8,15,0.0,0.0,1.0,1.0,0.0,635.0,85.0,,,625.0,85.0,617.0,73.0,590.0,60.0,627.0,85.0,,,,,,,,0.0,0.0,0.0,0.0,0.0,0.0,0.0,0.0,0.0,29,0.0,0.0,0.0,0.0,0.0,0.0,0.0,0.0,0.0,0.0,0.0,0.0,0.0,0.0,0.0,46.0,107.0,0.0,0.0,0.0,0.0,0.0,0.0,0.0,0.0,0.0,0.0,0.0,0.0,0.0
3,Karl,Hein,Hein,u,Has joined Werder Bremen on loan for the rest of the season.,,4.0,686,54.0,0.2,372,54.0,0.0,469.0,65.0,0,0,0.0,0,0.0,0,6,0.0,0.0,0.0,0.0,0.0,595.0,74.0,0.0,0.0,585.0,74.0,576.0,61.0,547.0,48.0,587.0,74.0,,,,,,,,0.0,0.0,0.0,0.0,0.0,0.0,0.0,0.0,0.0,29,0.0,0.0,0.0,0.0,0.0,0.0,0.0,0.0,0.0,0.0,0.0,0.0,0.0,0.0,0.0,0.0,26.0,0.0,0.0,0.0,0.0,0.0,0.0,0.0,0.0,0.0,0.0,0.0,0.0,0.0
4,Tommy,Setford,Setford,a,,,3.9,777,90.0,0.2,360,52.0,0.0,438.0,48.0,0,0,0.0,-1,1.0,3,13,0.0,0.0,1.0,1.0,0.0,567.0,59.0,,,557.0,59.0,545.0,43.0,515.0,30.0,559.0,59.0,,,,,,,,0.0,0.0,0.0,0.0,0.0,0.0,0.0,0.0,0.0,29,0.0,0.0,0.0,0.0,0.0,0.0,0.0,0.0,0.0,0.0,0.0,0.0,0.0,0.0,0.0,85.0,133.0,0.0,0.0,0.0,0.0,0.0,0.0,0.0,0.0,0.0,0.0,0.0,0.0,0.0
5,Gabriel,dos Santos Magalhães,Gabriel,a,,,7.1,34,1.0,43.1,4,1.0,4.0,49.0,14.0,0,0,0.0,11,-11.0,2823,672,0.6,21.5,5.0,5.0,6.7,3.0,1.0,100.0,100.0,27.0,12.0,251.0,72.0,135.0,26.0,93.0,24.0,,,,,,,,0.08,0.07,0.15,0.63,0.0,0.54,0.68,1.0,8.93,29,0.0,0.0,0.0,0.0,0.0,0.0,0.0,0.0,0.0,0.0,0.0,0.0,0.0,0.0,0.0,34852.0,7376.0,0.0,0.0,0.0,0.0,0.0,0.0,0.0,0.0,0.0,0.0,0.0,0.0,0.0
6,William,Saliba,Saliba,a,,,6.1,84,4.0,13.6,25,9.0,3.3,85.0,28.0,0,0,0.0,1,-1.0,1219,446,0.5,15.7,4.3,4.3,4.0,69.0,27.0,100.0,100.0,117.0,51.0,223.0,55.0,287.0,85.0,203.0,69.0,,,,,,,,0.04,0.03,0.07,0.64,0.0,0.45,0.73,1.04,6.26,29,0.0,0.0,0.0,0.0,0.0,0.0,0.0,0.0,0.0,0.0,0.0,0.0,0.0,0.0,0.0,11385.0,5819.0,0.0,0.0,0.0,0.0,0.0,0.0,0.0,0.0,0.0,0.0,0.0,0.0,0.0
7,Riccardo,Calafiori,Calafiori,a,,,5.6,132,14.0,6.1,61,21.0,1.3,236.0,90.0,0,0,0.0,1,-1.0,77,417,0.2,15.4,2.3,2.3,4.3,45.0,19.0,100.0,100.0,238.0,92.0,244.0,69.0,106.0,13.0,219.0,75.0,,,,,,,,0.19,0.03,0.22,0.52,0.0,0.67,0.53,1.14,6.08,29,0.0,0.0,0.0,0.0,0.0,0.0,0.0,0.0,0.0,0.0,0.0,0.0,0.0,0.0,0.0,508.0,6355.0,0.0,0.0,0.0,0.0,0.0,0.0,0.0,0.0,0.0,0.0,0.0,0.0,0.0
8,Jurriën,Timber,J.Timber,a,,,6.3,69,2.0,27.9,13,4.0,3.3,86.0,29.0,0,0,0.0,8,-8.0,3006,1301,0.5,21.4,4.3,4.3,4.8,20.0,6.0,100.0,100.0,81.0,35.0,61.0,10.0,62.0,3.0,48.0,5.0,,,,,,,,0.18,0.06,0.24,0.61,0.0,0.46,0.77,1.01,5.03,29,0.0,0.0,0.0,0.0,0.0,0.0,0.0,0.0,0.0,0.0,0.0,0.0,0.0,0.0,0.0,30619.0,22049.0,0.0,0.0,0.0,0.0,0.0,0.0,0.0,0.0,0.0,0.0,0.0,0.0,0.0
9,Jakub,Kiwior,Kiwior,u,has joined Porto on loan for the rest of the season.,,5.4,170,20.0,0.0,589,211.0,0.0,782.0,263.0,0,0,0.0,-1,1.0,0,1,0.0,0.0,0.0,0.0,0.0,803.0,266.0,0.0,0.0,802.0,266.0,801.0,266.0,799.0,266.0,802.0,266.0,,,,,,,,0.0,0.0,0.0,0.0,0.0,0.0,0.0,0.0,0.0,29,0.0,0.0,0.0,0.0,0.0,0.0,0.0,0.0,0.0,0.0,0.0,0.0,0.0,0.0,0.0,0.0,3.0,0.0,0.0,0.0,0.0,0.0,0.0,0.0,0.0,0.0,0.0,0.0,0.0,0.0
10,Myles,Lewis-Skelly,Lewis-Skelly,a,,,5.1,240,36.0,1.4,164,63.0,0.0,762.0,259.0,0,0,0.0,-4,4.0,39,55,0.0,2.4,1.0,1.0,0.9,509.0,176.0,,,429.0,161.0,350.0,121.0,386.0,137.0,418.0,151.0,,,,,,,,0.01,0.02,0.03,1.52,0.0,0.0,1.45,0.29,4.05,29,0.0,0.0,0.0,0.0,0.0,0.0,0.0,0.0,0.0,0.0,0.0,0.0,0.0,0.0,0.0,132.0,332.0,0.0,0.0,0.0,0.0,0.0,0.0,0.0,0.0,0.0,0.0,0.0,0.0,0.0
11,Benjamin,White,White,i,Knock - Unknown return date,,5.1,227,30.0,0.5,265,98.0,0.0,757.0,257.0,0,0,0.0,-4,4.0,0,123,0.0,5.9,0.0,0.0,4.3,43.0,18.0,0.0,0.0,343.0,130.0,272.0,83.0,328.0,107.0,350.0,119.0,,,,,,,,0.09,0.11,0.2,1.35,0.0,0.66,0.88,1.1,7.92,29,0.0,0.0,0.0,0.0,0.0,0.0,0.0,0.0,0.0,0.0,0.0,0.0,0.0,0.0,0.0,6.0,977.0,0.0,0.0,0.0,0.0,0.0,0.0,0.0,0.0,0.0,0.0,0.0,0.0,0.0
13,Brayden,Clarke,Clarke,a,,,3.8,811,258.0,0.4,271,101.0,0.0,403.0,155.0,0,0,0.0,-2,2.0,7,14,0.0,0.0,1.0,1.0,0.0,534.0,196.0,,,524.0,196.0,510.0,196.0,480.0,191.0,526.0,196.0,,,,,,,,0.0,0.0,0.0,0.0,0.0,0.0,0.0,0.0,0.0,29,0.0,0.0,0.0,0.0,0.0,0.0,0.0,0.0,0.0,0.0,0.0,0.0,0.0,0.0,0.0,45.0,167.0,0.0,0.0,0.0,0.0,0.0,0.0,0.0,0.0,0.0,0.0,0.0,0.0,0.0
14,Maldini,Kacurri,Kacurri,u,has joined Morecambe on loan for the rest of the season.,,3.9,782,230.0,0.1,488,175.0,0.0,443.0,169.0,0,0,0.0,-1,1.0,0,1,0.0,0.0,0.0,0.0,0.0,572.0,208.0,0.0,0.0,562.0,208.0,550.0,208.0,520.0,203.0,564.0,208.0,,,,,,,,0.0,0.0,0.0,0.0,0.0,0.0,0.0,0.0,0.0,29,0.0,0.0,0.0,0.0,0.0,0.0,0.0,0.0,0.0,0.0,0.0,0.0,0.0,0.0,0.0,0.0,9.0,0.0,0.0,0.0,0.0,0.0,0.0,0.0,0.0,0.0,0.0,0.0,0.0,0.0
15,Josh,Nichols,Nichols,a,,,3.7,817,263.0,0.2,351,129.0,0.0,381.0,134.0,0,0,0.0,-3,3.0,58,43,0.0,0.0,1.0,1.0,0.0,519.0,182.0,,,508.0,181.0,491.0,178.0,460.0,172.0,510.0,181.0,,,,,,,,0.0,0.0,0.0,0.0,0.0,0.0,0.0,0.0,0.0,29,0.0,0.0,0.0,0.0,0.0,0.0,0.0,0.0,0.0,0.0,0.0,0.0,0.0,0.0,0.0,677.0,478.0,0.0,0.0,0.0,0.0,0.0,0.0,0.0,0.0,0.0,0.0,0.0,0.0,0.0
16,Bukayo,Saka,Saka,a,,,9.8,6,4.0,7.9,47,16.0,3.3,87.0,38.0,0,0,0.0,-2,2.0,1523,475,0.3,12.3,4.3,4.3,4.8,21.0,11.0,100.0,100.0,68.0,19.0,9.0,9.0,7.0,2.0,6.0,4.0,2.0,2.0,1.0,,,,,0.33,0.28,0.61,0.62,0.0,0.4,0.79,0.99,7.54,29,0.0,0.0,0.0,0.0,0.0,0.0,0.0,0.0,0.0,0.0,0.0,0.0,0.0,0.0,0.0,24334.0,5899.0,0.0,0.0,0.0,0.0,0.0,0.0,0.0,0.0,0.0,0.0,0.0,0.0,0.0
17,Martin,Ødegaard,Ødegaard,d,Knee injury - 75% chance of playing,,7.8,18,13.0,1.6,154,53.0,0.8,296.0,134.0,0,0,0.0,-2,2.0,13,217,0.1,7.9,1.4,1.4,3.1,185.0,80.0,75.0,75.0,215.0,92.0,40.0,37.0,193.0,107.0,124.0,71.0,4.0,,3.0,,,,,0.08,0.24,0.32,1.08,0.0,0.34,0.93,1.09,6.81,29,0.0,0.0,0.0,0.0,0.0,0.0,0.0,0.0,0.0,0.0,0.0,0.0,0.0,0.0,0.0,60.0,1554.0,0.0,0.0,0.0,0.0,0.0,0.0,0.0,0.0,0.0,0.0,0.0,0.0,0.0
18,Noni,Madueke,Madueke,a,,,6.8,44,28.0,1.0,189,67.0,2.5,127.0,52.0,0,0,0.0,-2,2.0,82,426,0.4,7.5,3.5,3.5,2.7,244.0,103.0,100.0,100.0,275.0,117.0,128.0,88.0,85.0,53.0,159.0,84.0,3.0,,,,,,,0.1,0.21,0.31,0.94,0.0,0.54,0.76,1.19,4.99,29,0.0,0.0,0.0,0.0,0.0,0.0,0.0,0.0,0.0,0.0,0.0,0.0,0.0,0.0,0.0,623.0,9343.0,0.0,0.0,0.0,0.0,0.0,0.0,0.0,0.0,0.0,0.0,0.0,0.0,0.0
19,Gabriel,Martinelli Silva,Martinelli,a,,,6.8,46,29.0,0.9,198,69.0,1.5,217.0,90.0,0,0,0.0,-2,2.0,77,119,0.2,6.2,2.5,2.5,1.8,376.0,161.0,100.0,100.0,305.0,138.0,219.0,142.0,71.0,42.0,207.0,103.0,,,,,,,,0.41,0.11,0.52,0.82,0.0,0.24,0.6,0.96,7.07,29,0.0,0.0,0.0,0.0,0.0,0.0,0.0,0.0,0.0,0.0,0.0,0.0,0.0,0.0,0.0,577.0,2044.0,0.0,0.0,0.0,0.0,0.0,0.0,0.0,0.0,0.0,0.0,0.0,0.0,0.0
20,Leandro,Trossard,Trossard,a,,,6.7,48,30.0,1.0,190,68.0,2.0,175.0,75.0,0,0,0.0,-3,3.0,190,314,0.3,14.6,3.0,3.0,3.9,81.0,39.0,100.0,100.0,116.0,37.0,39.0,36.0,37.0,21.0,38.0,28.0,,,4.0,,,,,0.26,0.14,0.4,0.63,0.0,0.44,0.77,0.98,6.07,29,0.0,0.0,0.0,0.0,0.0,0.0,0.0,0.0,0.0,0.0,0.0,0.0,0.0,0.0,0.0,2460.0,4972.0,0.0,0.0,0.0,0.0,0.0,0.0,0.0,0.0,0.0,0.0,0.0,0.0,0.0
21,Declan,Rice,Rice,d,Knock - 75% chance of playing,,7.5,22,15.0,30.3,12,3.0,4.7,25.0,11.0,0,0,0.0,10,-10.0,1312,9263,0.6,20.9,4.3,4.3,5.6,8.0,5.0,75.0,75.0,12.0,3.0,3.0,3.0,93.0,59.0,9.0,7.0,1.0,1.0,,,,,,0.11,0.23,0.34,0.63,0.0,0.45,0.79,1.01,11.18,29,0.0,0.0,0.0,0.0,0.0,0.0,0.0,0.0,0.0,0.0,0.0,0.0,0.0,0.0,0.0,10314.0,242052.0,0.0,0.0,0.0,0.0,0.0,0.0,0.0,0.0,0.0,0.0,0.0,0.0,0.0
22,Mikel,Merino Zazón,Merino,i,Foot injury - Unknown return date,,5.4,162,101.0,0.8,203,71.0,0.0,777.0,340.0,0,0,0.0,-6,6.0,2,152,0.0,12.2,0.0,0.0,3.1,181.0,77.0,0.0,0.0,185.0,74.0,175.0,119.0,103.0,64.0,150.0,79.0,,,,,,,,0.27,0.13,0.4,0.6,0.0,0.36,0.81,0.9,10.03,29,0.0,0.0,0.0,0.0,0.0,0.0,0.0,0.0,0.0,0.0,0.0,0.0,0.0,0.0,0.0,8.0,1130.0,0.0,0.0,0.0,0.0,0.0,0.0,0.0,0.0,0.0,0.0,0.0,0.0,0.0
23,Fábio,Ferreira Vieira,Fábio Vieira,u,has joined Hamburger on loan for the rest of the season.,,5.4,169,106.0,0.0,681,277.0,0.0,781.0,342.0,0,0,0.0,-1,1.0,0,0,0.0,0.0,0.0,0.0,0.0,802.0,355.0,0.0,0.0,801.0,354.0,800.0,354.0,798.0,353.0,801.0,354.0,,,,,,,,0.0,0.0,0.0,0.0,0.0,0.0,0.0,0.0,0.0,29,0.0,0.0,0.0,0.0,0.0,0.0,0.0,0.0,0.0,0.0,0.0,0.0,0.0,0.0,0.0,0.0,1.0,0.0,0.0,0.0,0.0,0.0,0.0,0.0,0.0,0.0,0.0,0.0,0.0,0.0
24,Christian,Nørgaard,Nørgaard,a,,,5.1,225,138.0,0.1,434,146.0,0.3,343.0,158.0,0,0,0.0,-4,4.0,5,7,0.1,1.0,1.3,1.3,1.0,498.0,230.0,100.0,100.0,451.0,201.0,477.0,231.0,423.0,204.0,466.0,211.0,,,,,,,,0.1,0.0,0.1,4.36,0.0,0.0,1.96,0.0,19.57,29,0.0,0.0,0.0,0.0,0.0,0.0,0.0,0.0,0.0,0.0,0.0,0.0,0.0,0.0,0.0,25.0,31.0,0.0,0.0,0.0,0.0,0.0,0.0,0.0,0.0,0.0,0.0,0.0,0.0,0.0
25,Ethan,Nwaneri,Nwaneri,u,has joined Marseille on loan for the rest of the season.,,5.0,271,166.0,0.1,449,153.0,0.0,749.0,321.0,0,0,0.0,-5,5.0,0,5,0.0,1.6,0.0,0.0,1.3,431.0,193.0,0.0,0.0,464.0,208.0,388.0,196.0,368.0,189.0,440.0,196.0,,,,,,,,0.13,0.04,0.17,0.4,0.0,0.55,0.0,0.0,7.09,29,0.0,0.0,0.0,0.0,0.0,0.0,0.0,0.0,0.0,0.0,0.0,0.0,0.0,0.0,0.0,0.0,24.0,0.0,0.0,0.0,0.0,0.0,0.0,0.0,0.0,0.0,0.0,0.0,0.0,0.0
26,Martín,Zubimendi Ibáñez,Zubimendi,a,,,5.2,213,131.0,4.6,77,26.0,3.3,83.0,37.0,0,0,0.0,-3,3.0,487,1501,0.6,21.3,4.3,4.3,3.8,90.0,42.0,100.0,100.0,61.0,17.0,83.0,62.0,102.0,63.0,68.0,43.0,,,,,,,,0.1,0.08,0.18,0.71,0.0,0.48,0.74,1.03,9.06,29,0.0,0.0,0.0,0.0,0.0,0.0,0.0,0.0,0.0,0.0,0.0,0.0,0.0,0.0,0.0,6088.0,31967.0,0.0,0.0,0.0,0.0,0.0,0.0,0.0,0.0,0.0,0.0,0.0,0.0,0.0
28,Ismeal,Kabia,Kabia,u,has joined Shrewsbury Town on loan for the rest of the season.,,4.5,483,296.0,0.1,483,170.0,0.0,661.0,259.0,0,0,0.0,0,0.0,0,1,0.0,0.0,0.0,0.0,0.0,734.0,305.0,0.0,0.0,732.0,303.0,726.0,303.0,713.0,299.0,732.0,303.0,,,,,,,,0.0,0.0,0.0,0.0,0.0,0.0,0.0,0.0,0.0,29,0.0,0.0,0.0,0.0,0.0,0.0,0.0,0.0,0.0,0.0,0.0,0.0,0.0,0.0,0.0,0.0,4.0,0.0,0.0,0.0,0.0,0.0,0.0,0.0,0.0,0.0,0.0,0.0,0.0,0.0
29,Albert,Sambi Lokonga,Sambi,u,has joined Hamburger permanently.,,4.5,429,256.0,0.0,584,219.0,0.0,618.0,222.0,0,0,0.0,0,0.0,0,2,0.0,0.0,0.0,0.0,0.0,699.0,275.0,0.0,0.0,693.0,269.0,689.0,272.0,672.0,265.0,695.0,271.0,,,,,,,,0.0,0.0,0.0,0.0,0.0,0.0,0.0,0.0,0.0,29,0.0,0.0,0.0,0.0,0.0,0.0,0.0,0.0,0.0,0.0,0.0,0.0,0.0,0.0,0.0,0.0,3.0,0.0,0.0,0.0,0.0,0.0,0.0,0.0,0.0,0.0,0.0,0.0,0.0,0.0
30,Kai,Havertz,Havertz,d,Lack of match fitness - 75% chance of playing,,7.3,25,10.0,0.5,263,41.0,1.0,268.0,34.0,0,0,0.0,-2,2.0,21,149,0.1,1.2,1.5,1.5,2.2,317.0,35.0,75.0,75.0,426.0,50.0,372.0,49.0,376.0,54.0,423.0,53.0,,,,,,,,0.11,0.03,0.14,0.61,0.0,1.06,0.0,1.06,6.35,29,0.0,0.0,0.0,0.0,0.0,0.0,0.0,0.0,0.0,0.0,0.0,0.0,0.0,0.0,0.0,304.0,2583.0,0.0,0.0,0.0,0.0,0.0,0.0,0.0,0.0,0.0,0.0,0.0,0.0,0.0
31,Gabriel,Fernando de Jesus,G.Jesus,a,,,6.4,56,20.0,0.4,276,44.0,0.2,379.0,49.0,0,0,0.0,-1,1.0,62,305,0.0,2.7,1.2,1.2,1.5,417.0,51.0,100.0,100.0,353.0,36.0,384.0,50.0,118.0,29.0,321.0,37.0,,,,,,,,0.52,0.06,0.58,1.05,0.0,0.0,1.78,0.59,7.7,29,0.0,0.0,0.0,0.0,0.0,0.0,0.0,0.0,0.0,0.0,0.0,0.0,0.0,0.0,0.0,315.0,3082.0,0.0,0.0,0.0,0.0,0.0,0.0,0.0,0.0,0.0,0.0,0.0,0.0,0.0
266,Eberechi,Eze,Eze,a,,,7.2,31,18.0,8.1,45,15.0,3.2,97.0,40.0,0,0,0.0,-3,3.0,1077,458,0.4,12.2,4.2,4.2,3.7,105.0,49.0,,,161.0,58.0,153.0,105.0,58.0,35.0,104.0,60.0,,,,,,,,0.26,0.14,0.4,0.58,0.0,0.41,0.68,1.03,5.82,29,0.0,0.0,0.0,0.0,0.0,0.0,0.0,0.0,0.0,0.0,0.0,0.0,0.0,0.0,0.0,14417.0,4110.0,0.0,0.0,0.0,0.0,0.0,0.0,0.0,0.0,0.0,0.0,0.0,0.0,0.0
662,Cristhian,Mosquera,Mosquera,a,,,5.3,201,25.0,0.1,428,159.0,0.8,288.0,103.0,0,0,0.0,-2,2.0,11,10,0.2,4.2,1.8,1.8,1.8,374.0,141.0,100.0,100.0,324.0,123.0,361.0,128.0,416.0,156.0,378.0,134.0,,,,,,,,0.0,0.08,0.08,0.75,0.0,0.16,0.82,0.82,8.97,29,0.0,0.0,0.0,0.0,0.0,0.0,0.0,0.0,0.0,0.0,0.0,0.0,0.0,0.0,0.0,82.0,79.0,0.0,0.0,0.0,0.0,0.0,0.0,0.0,0.0,0.0,0.0,0.0,0.0,0.0
666,Viktor,Gyökeres,Gyökeres,a,,,8.8,8,4.0,12.3,27,5.0,5.0,17.0,3.0,0,0,0.0,-2,2.0,2655,1181,0.6,10.6,6.0,6.0,3.4,143.0,14.0,100.0,100.0,135.0,12.0,167.0,14.0,20.0,12.0,55.0,11.0,,,2.0,,,,,0.41,0.09,0.5,0.66,0.0,0.5,0.55,1.1,3.35,29,0.0,0.0,0.0,0.0,0.0,0.0,0.0,0.0,0.0,0.0,0.0,0.0,0.0,0.0,0.0,28117.0,23219.0,0.0,0.0,0.0,0.0,0.0,0.0,0.0,0.0,0.0,0.0,0.0,0.0,0.0
700,Max,Dowman,Dowman,a,,,4.2,648,368.0,0.5,258,89.0,0.0,534.0,177.0,0,0,0.0,-3,3.0,277,148,0.0,1.2,1.0,1.0,2.5,267.0,112.0,100.0,100.0,497.0,228.0,468.0,226.0,364.0,187.0,460.0,208.0,,,,,,,,0.47,0.07,0.54,0.4,0.0,0.0,0.0,0.0,10.0,29,0.0,0.0,0.0,0.0,0.0,0.0,0.0,0.0,0.0,0.0,0.0,0.0,0.0,0.0,0.0,2912.0,1676.0,0.0,0.0,0.0,0.0,0.0,0.0,0.0,0.0,0.0,0.0,0.0,0.0,0.0
711,Andre,Harriman-Annous,Harriman-Annous,a,,,4.4,573,343.0,0.0,700,289.0,0.0,603.0,215.0,0,0,0.0,-1,1.0,0,0,0.0,0.0,1.0,1.0,0.0,688.0,269.0,,,682.0,263.0,676.0,266.0,657.0,258.0,684.0,265.0,,,,,,,,0.0,0.0,0.0,0.0,0.0,0.0,0.0,0.0,0.0,29,0.0,0.0,0.0,0.0,0.0,0.0,0.0,0.0,0.0,0.0,0.0,0.0,0.0,0.0,0.0,3.0,6.0,0.0,0.0,0.0,0.0,0.0,0.0,0.0,0.0,0.0,0.0,0.0,0.0,0.0
725,Piero,Hincapié,Hincapie,a,,,5.1,237,34.0,0.8,208,78.0,3.3,82.0,27.0,0,0,0.0,-4,4.0,360,165,0.6,12.0,4.3,4.3,3.2,160.0,60.0,100.0,100.0,158.0,68.0,193.0,48.0,318.0,101.0,227.0,76.0,,,,,,,,0.02,0.09,0.11,0.86,0.0,0.19,1.03,1.03,7.95,29,0.0,0.0,0.0,0.0,0.0,0.0,0.0,0.0,0.0,0.0,0.0,0.0,0.0,0.0,0.0,4090.0,2190.0,0.0,0.0,0.0,0.0,0.0,0.0,0.0,0.0,0.0,0.0,0.0,0.0,0.0
32,Emiliano,Martínez Romero,Martinez,a,,,5.1,224,7.0,4.5,80,14.0,3.6,62.0,7.0,0,0,0.0,1,-1.0,289,1062,0.7,18.8,3.1,3.1,4.0,63.0,3.0,100.0,100.0,55.0,12.0,448.0,12.0,790.0,90.0,229.0,13.0,,,,,,,,0.0,0.0,0.0,1.28,2.89,0.26,0.94,1.02,0.0,29,0.0,0.0,0.0,0.0,0.0,0.0,0.0,0.0,0.0,0.0,0.0,0.0,0.0,0.0,0.0,1824.0,14912.0,0.0,0.0,0.0,0.0,0.0,0.0,0.0,0.0,0.0,0.0,0.0,0.0,0.0
33,Marco,Bizot,M.Bizot,a,,,4.2,626,32.0,0.4,284,37.0,0.0,521.0,80.0,0,0,0.0,-3,3.0,0,10,0.0,2.6,-0.5,-0.5,2.2,306.0,28.0,100.0,100.0,366.0,28.0,621.0,77.0,595.0,64.0,420.0,28.0,,,,,,,,0.0,0.0,0.0,1.9,2.89,0.22,1.78,0.89,0.0,29,0.0,0.0,0.0,0.0,0.0,0.0,0.0,0.0,0.0,0.0,0.0,0.0,0.0,0.0,0.0,19.0,104.0,0.0,0.0,0.0,0.0,0.0,0.0,0.0,0.0,0.0,0.0,0.0,0.0,0.0
34,Joe,Gauci,Gauci,u,Has joined Port Vale on loan for the rest of the season.,,4.0,685,53.0,0.1,492,74.0,0.0,468.0,64.0,0,0,0.0,0,0.0,0,3,0.0,0.0,0.0,0.0,0.0,594.0,73.0,0.0,0.0,584.0,73.0,575.0,60.0,546.0,47.0,586.0,73.0,,,,,,,,0.0,0.0,0.0,0.0,0.0,0.0,0.0,0.0,0.0,29,0.0,0.0,0.0,0.0,0.0,0.0,0.0,0.0,0.0,0.0,0.0,0.0,0.0,0.0,0.0,0.0,16.0,0.0,0.0,0.0,0.0,0.0,0.0,0.0,0.0,0.0,0.0,0.0,0.0,0.0
35,Filip,Marschall,Marschall,u,Has joined Stevenage permanently.,,4.0,684,52.0,0.0,749,84.0,0.0,467.0,63.0,0,0,0.0,0,0.0,0,0,0.0,0.0,0.0,0.0,0.0,593.0,72.0,0.0,0.0,583.0,72.0,574.0,59.0,545.0,46.0,585.0,72.0,,,,,,,,0.0,0.0,0.0,0.0,0.0,0.0,0.0,0.0,0.0,29,0.0,0.0,0.0,0.0,0.0,0.0,0.0,0.0,0.0,0.0,0.0,0.0,0.0,0.0,0.0,0.0,3.0,0.0,0.0,0.0,0.0,0.0,0.0,0.0,0.0,0.0,0.0,0.0,0.0,0.0
36,Matty,Cash,Cash,a,,,4.8,355,58.0,10.1,32,11.0,0.8,277.0,100.0,0,0,0.0,3,-3.0,504,2587,0.2,21.0,0.3,0.3,3.9,76.0,28.0,100.0,100.0,58.0,27.0,44.0,4.0,143.0,28.0,57.0,8.0,5.0,,,,,,,0.04,0.1,0.14,1.33,0.0,0.27,0.98,1.01,5.81,29,0.0,0.0,0.0,0.0,0.0,0.0,0.0,0.0,0.0,0.0,0.0,0.0,0.0,0.0,0.0,3783.0,49285.0,0.0,0.0,0.0,0.0,0.0,0.0,0.0,0.0,0.0,0.0,0.0,0.0,0.0
37,Lucas,Digne,Digne,a,,,4.5,408,73.0,1.5,160,62.0,1.2,238.0,91.0,0,0,0.0,0,0.0,75,163,0.3,16.4,0.7,0.7,3.1,173.0,66.0,100.0,100.0,201.0,80.0,89.0,20.0,229.0,59.0,166.0,55.0,,2.0,,,,,,0.04,0.15,0.19,1.35,0.0,0.39,0.91,1.04,5.16,29,0.0,0.0,0.0,0.0,0.0,0.0,0.0,0.0,0.0,0.0,0.0,0.0,0.0,0.0,0.0,511.0,2452.0,0.0,0.0,0.0,0.0,0.0,0.0,0.0,0.0,0.0,0.0,0.0,0.0,0.0
38,Ezri,Konsa Ngoyo,Konsa,a,,,4.4,526,105.0,8.1,46,17.0,3.2,90.0,32.0,0,0,0.0,-1,1.0,398,855,0.7,20.0,2.7,2.7,3.3,146.0,53.0,100.0,100.0,73.0,33.0,282.0,89.0,234.0,61.0,172.0,57.0,,,,,,,,0.04,0.02,0.06,1.39,0.0,0.3,1.09,1.01,6.06,29,0.0,0.0,0.0,0.0,0.0,0.0,0.0,0.0,0.0,0.0,0.0,0.0,0.0,0.0,0.0,3649.0,13571.0,0.0,0.0,0.0,0.0,0.0,0.0,0.0,0.0,0.0,0.0,0.0,0.0,0.0
39,Ian,Maatsen,Maatsen,a,,,4.2,635,147.0,0.6,227,87.0,2.4,128.0,47.0,0,0,0.0,-3,3.0,50,107,0.6,9.3,1.9,1.9,1.8,362.0,137.0,,,228.0,89.0,100.0,23.0,149.0,31.0,155.0,52.0,,,,,,,,0.08,0.14,0.22,1.43,0.0,0.16,1.25,0.94,7.18,29,0.0,0.0,0.0,0.0,0.0,0.0,0.0,0.0,0.0,0.0,0.0,0.0,0.0,0.0,0.0,445.0,1541.0,0.0,0.0,0.0,0.0,0.0,0.0,0.0,0.0,0.0,0.0,0.0,0.0,0.0
40,Tyrone,Mings,Mings,a,,,4.3,579,126.0,0.7,221,84.0,3.2,89.0,31.0,0,0,0.0,-2,2.0,66,100,0.7,9.5,2.7,2.7,3.7,96.0,35.0,100.0,100.0,273.0,109.0,307.0,102.0,313.0,97.0,330.0,111.0,,,,,,,,0.07,0.04,0.11,1.48,0.0,0.35,0.92,1.04,7.48,29,0.0,0.0,0.0,0.0,0.0,0.0,0.0,0.0,0.0,0.0,0.0,0.0,0.0,0.0,0.0,553.0,1511.0,0.0,0.0,0.0,0.0,0.0,0.0,0.0,0.0,0.0,0.0,0.0,0.0,0.0
41,Pau,Torres,Pau,a,,,4.3,587,131.0,0.3,313,115.0,0.2,357.0,129.0,0,0,0.0,-2,2.0,14,26,0.0,11.6,-0.3,-0.3,3.1,171.0,65.0,100.0,100.0,221.0,86.0,360.0,127.0,314.0,98.0,312.0,106.0,,,,,,,,0.04,0.02,0.06,1.25,0.0,0.28,1.04,0.97,6.53,29,0.0,0.0,0.0,0.0,0.0,0.0,0.0,0.0,0.0,0.0,0.0,0.0,0.0,0.0,0.0,90.0,373.0,0.0,0.0,0.0,0.0,0.0,0.0,0.0,0.0,0.0,0.0,0.0,0.0,0.0
42,Andrés,García,A.García,a,,,3.9,783,231.0,0.2,373,137.0,0.2,350.0,123.0,0,0,0.0,-1,1.0,13,12,0.1,0.5,-0.3,-0.3,0.7,513.0,177.0,100.0,100.0,500.0,177.0,458.0,168.0,521.0,204.0,502.0,177.0,,,,,,,,0.0,0.03,0.03,4.15,0.0,0.0,5.45,0.0,0.0,29,0.0,0.0,0.0,0.0,0.0,0.0,0.0,0.0,0.0,0.0,0.0,0.0,0.0,0.0,0.0,109.0,96.0,0.0,0.0,0.0,0.0,0.0,0.0,0.0,0.0,0.0,0.0,0.0,0.0,0.0
43,Álex,Moreno Lopera,Alex Moreno,u,Has joined Girona permanently.,,4.0,663,161.0,1.6,156,61.0,0.0,448.0,171.0,0,0,0.0,0,0.0,0,33,0.0,0.0,0.0,0.0,0.0,577.0,210.0,0.0,0.0,567.0,210.0,556.0,210.0,527.0,206.0,569.0,210.0,,,,,,,,0.0,0.0,0.0,0.0,0.0,0.0,0.0,0.0,0.0,29,0.0,0.0,0.0,0.0,0.0,0.0,0.0,0.0,0.0,0.0,0.0,0.0,0.0,0.0,0.0,0.0,295.0,0.0,0.0,0.0,0.0,0.0,0.0,0.0,0.0,0.0,0.0,0.0,0.0,0.0
44,Lamare,Bogarde,Bogarde,a,,,4.0,704,183.0,0.5,249,94.0,1.8,179.0,64.0,0,0,0.0,0,0.0,39,49,0.4,8.2,1.3,1.3,1.5,403.0,148.0,100.0,100.0,368.0,140.0,349.0,120.0,402.0,146.0,389.0,140.0,,,,,,,,0.0,0.02,0.02,1.29,0.0,0.27,1.09,0.95,5.3,29,0.0,0.0,0.0,0.0,0.0,0.0,0.0,0.0,0.0,0.0,0.0,0.0,0.0,0.0,0.0,381.0,604.0,0.0,0.0,0.0,0.0,0.0,0.0,0.0,0.0,0.0,0.0,0.0,0.0,0.0
45,Lino,da Cruz Sousa,Sousa,u,has joined Rotherham on loan for the rest of the season.,,3.8,801,248.0,0.3,333,121.0,0.0,395.0,147.0,0,0,0.0,-2,2.0,0,24,0.0,0.0,0.0,0.0,0.0,529.0,191.0,0.0,0.0,519.0,191.0,503.0,189.0,472.0,183.0,521.0,191.0,,,,,,,,0.0,0.0,0.0,0.0,0.0,0.0,0.0,0.0,0.0,29,0.0,0.0,0.0,0.0,0.0,0.0,0.0,0.0,0.0,0.0,0.0,0.0,0.0,0.0,0.0,0.0,190.0,0.0,0.0,0.0,0.0,0.0,0.0,0.0,0.0,0.0,0.0,0.0,0.0,0.0
46,Yasin,Özcan,Yasin,u,has joined Anderlecht on loan for the rest of the season.,,4.0,720,196.0,0.1,462,170.0,0.0,499.0,201.0,0,0,0.0,0,0.0,0,3,0.0,0.0,0.0,0.0,0.0,621.0,235.0,0.0,0.0,611.0,235.0,603.0,235.0,575.0,232.0,613.0,235.0,,,,,,,,0.0,0.0,0.0,0.0,0.0,0.0,0.0,0.0,0.0,29,0.0,0.0,0.0,0.0,0.0,0.0,0.0,0.0,0.0,0.0,0.0,0.0,0.0,0.0,0.0,0.0,16.0,0.0,0.0,0.0,0.0,0.0,0.0,0.0,0.0,0.0,0.0,0.0,0.0,0.0
47,Morgan,Rogers,Rogers,a,,,7.6,19,14.0,27.7,14,4.0,3.2,99.0,42.0,0,0,0.0,6,-6.0,1686,8978,0.4,17.0,2.7,2.7,4.6,31.0,13.0,100.0,100.0,37.0,10.0,24.0,23.0,9.0,4.0,10.0,8.0,,1.0,,,,,,0.19,0.11,0.3,1.37,0.0,0.29,1.08,1.01,6.16,29,0.0,0.0,0.0,0.0,0.0,0.0,0.0,0.0,0.0,0.0,0.0,0.0,0.0,0.0,0.0,13380.0,211195.0,0.0,0.0,0.0,0.0,0.0,0.0,0.0,0.0,0.0,0.0,0.0,0.0,0.0
48,Youri,Tielemans,Tielemans,i,Ankle injury - Expected back 11 Apr,,5.9,93,59.0,0.6,230,79.0,0.0,793.0,351.0,0,0,0.0,-1,1.0,3,74,0.0,8.8,0.0,0.0,3.1,182.0,78.0,0.0,0.0,177.0,69.0,48.0,42.0,190.0,105.0,114.0,64.0,3.0,,,,,,,0.07,0.18,0.25,1.6,0.0,0.28,1.18,1.04,9.59,29,0.0,0.0,0.0,0.0,0.0,0.0,0.0,0.0,0.0,0.0,0.0,0.0,0.0,0.0,0.0,8.0,451.0,0.0,0.0,0.0,0.0,0.0,0.0,0.0,0.0,0.0,0.0,0.0,0.0,0.0
49,Leon,Bailey,Bailey,a,,,5.5,141,87.0,0.1,481,168.0,0.8,290.0,130.0,0,0,0.0,0,0.0,17,13,0.1,1.1,0.3,0.3,1.0,503.0,235.0,100.0,100.0,434.0,193.0,259.0,160.0,336.0,175.0,381.0,178.0,2.0,,,,,,,0.11,0.25,0.36,0.89,0.0,0.0,1.23,0.41,9.82,29,0.0,0.0,0.0,0.0,0.0,0.0,0.0,0.0,0.0,0.0,0.0,0.0,0.0,0.0,0.0,104.0,221.0,0.0,0.0,0.0,0.0,0.0,0.0,0.0,0.0,0.0,0.0,0.0,0.0,0.0
50,Emiliano,Buendía Stati,Buendía,a,,,5.3,188,116.0,0.5,264,92.0,0.8,286.0,129.0,0,0,0.0,-2,2.0,22,198,0.2,14.5,0.3,0.3,3.0,194.0,81.0,100.0,100.0,170.0,65.0,97.0,71.0,74.0,43.0,100.0,58.0,,6.0,2.0,,,,,0.19,0.1,0.29,1.34,0.0,0.21,0.9,1.11,9.74,29,0.0,0.0,0.0,0.0,0.0,0.0,0.0,0.0,0.0,0.0,0.0,0.0,0.0,0.0,0.0,285.0,4222.0,0.0,0.0,0.0,0.0,0.0,0.0,0.0,0.0,0.0,0.0,0.0,0.0,0.0
51,Samuel,Iling-Junior,Iling Jr,u,has joined Pisa on loan for the rest of the season.,,5.5,149,93.0,0.0,683,278.0,0.0,789.0,349.0,0,0,0.0,0,0.0,0,0,0.0,0.0,0.0,0.0,0.0,808.0,360.0,0.0,0.0,807.0,359.0,806.0,359.0,804.0,358.0,807.0,359.0,,,,,,,,0.0,0.0,0.0,0.0,0.0,0.0,0.0,0.0,0.0,29,0.0,0.0,0.0,0.0,0.0,0.0,0.0,0.0,0.0,0.0,0.0,0.0,0.0,0.0,0.0,0.0,3.0,0.0,0.0,0.0,0.0,0.0,0.0,0.0,0.0,0.0,0.0,0.0,0.0,0.0
53,Donyell,Malen,Malen,u,has joined Roma on loan for the rest of the season.,,5.1,228,140.0,0.4,274,96.0,0.0,758.0,327.0,0,0,0.0,-4,4.0,0,33,0.0,10.8,0.0,0.0,2.6,256.0,108.0,0.0,0.0,274.0,116.0,258.0,159.0,82.0,51.0,222.0,109.0,,,,,,,,0.57,0.05,0.62,1.49,0.0,0.14,1.41,0.7,2.25,29,0.0,0.0,0.0,0.0,0.0,0.0,0.0,0.0,0.0,0.0,0.0,0.0,0.0,0.0,0.0,0.0,221.0,0.0,0.0,0.0,0.0,0.0,0.0,0.0,0.0,0.0,0.0,0.0,0.0,0.0
54,John,McGinn,McGinn,i,Knee injury - Expected back 21 Mar,,5.4,157,97.0,0.5,260,90.0,0.0,774.0,337.0,0,0,0.0,-1,1.0,2,70,0.0,13.1,0.0,0.0,3.2,163.0,70.0,0.0,0.0,182.0,73.0,56.0,48.0,136.0,77.0,105.0,61.0,,,,,,,,0.14,0.11,0.25,1.5,0.0,0.4,1.19,1.19,7.13,29,0.0,0.0,0.0,0.0,0.0,0.0,0.0,0.0,0.0,0.0,0.0,0.0,0.0,0.0,0.0,6.0,612.0,0.0,0.0,0.0,0.0,0.0,0.0,0.0,0.0,0.0,0.0,0.0,0.0,0.0
55,Ross,Barkley,Barkley,a,,,4.8,351,219.0,0.0,612,236.0,0.8,276.0,123.0,0,0,0.0,-2,2.0,5,7,0.2,4.0,0.3,0.3,1.7,383.0,165.0,100.0,100.0,384.0,170.0,304.0,171.0,300.0,162.0,364.0,173.0,,,,,,,,0.24,0.15,0.39,1.55,0.0,0.0,0.83,0.0,10.83,29,0.0,0.0,0.0,0.0,0.0,0.0,0.0,0.0,0.0,0.0,0.0,0.0,0.0,0.0,0.0,42.0,39.0,0.0,0.0,0.0,0.0,0.0,0.0,0.0,0.0,0.0,0.0,0.0,0.0,0.0
56,Enzo,Barrenechea,Barrenechea,u,Season-long loan to Benfica,,5.0,269,164.0,0.0,819,367.0,0.0,748.0,320.0,0,0,0.0,0,0.0,0,0,0.0,0.0,0.0,0.0,0.0,790.0,347.0,0.0,0.0,789.0,346.0,787.0,346.0,783.0,344.0,789.0,346.0,,,,,,,,0.0,0.0,0.0,0.0,0.0,0.0,0.0,0.0,0.0,29,0.0,0.0,0.0,0.0,0.0,0.0,0.0,0.0,0.0,0.0,0.0,0.0,0.0,0.0,0.0,0.0,0.0,0.0,0.0,0.0,0.0,0.0,0.0,0.0,0.0,0.0,0.0,0.0,0.0,0.0
57,Lewis,Dobbin,Dobbin,u,Has joined Preston North End on loan for the rest of the season.,,5.0,261,160.0,0.0,663,268.0,0.0,744.0,317.0,0,0,0.0,0,0.0,0,0,0.0,0.0,0.0,0.0,0.0,786.0,344.0,0.0,0.0,785.0,343.0,782.0,343.0,779.0,341.0,785.0,343.0,,,,,,,,0.0,0.0,0.0,0.0,0.0,0.0,0.0,0.0,0.0,29,0.0,0.0,0.0,0.0,0.0,0.0,0.0,0.0,0.0,0.0,0.0,0.0,0.0,0.0,0.0,0.0,0.0,0.0,0.0,0.0,0.0,0.0,0.0,0.0,0.0,0.0,0.0,0.0,0.0,0.0
58,Boubacar,Kamara,Kamara,i,Knee injury - Expected back 01 Jun,,4.9,315,196.0,0.2,384,127.0,0.0,721.0,301.0,0,0,0.0,-1,1.0,1,27,0.0,12.4,0.0,0.0,3.4,132.0,59.0,0.0,0.0,169.0,64.0,129.0,89.0,281.0,153.0,193.0,98.0,,,,,,,,0.03,0.05,0.08,1.33,0.0,0.32,0.96,1.09,9.51,29,0.0,0.0,0.0,0.0,0.0,0.0,0.0,0.0,0.0,0.0,0.0,0.0,0.0,0.0,0.0,6.0,363.0,0.0,0.0,0.0,0.0,0.0,0.0,0.0,0.0,0.0,0.0,0.0,0.0,0.0
59,Amadou,Onana,Onana,a,,,4.8,367,229.0,0.7,216,75.0,2.2,151.0,60.0,0,0,0.0,-2,2.0,61,88,0.5,12.9,1.7,1.7,3.3,147.0,65.0,100.0,100.0,175.0,67.0,287.0,167.0,220.0,122.0,232.0,115.0,,,,,,,,0.07,0.02,0.09,1.39,0.0,0.35,1.05,1.12,11.74,29,0.0,0.0,0.0,0.0,0.0,0.0,0.0,0.0,0.0,0.0,0.0,0.0,0.0,0.0,0.0,559.0,1416.0,0.0,0.0,0.0,0.0,0.0,0.0,0.0,0.0,0.0,0.0,0.0,0.0,0.0
60,Ben,Broggio,Broggio,u,has joined Falkirk on loan for the rest of the season.,,4.4,565,338.0,0.3,339,115.0,0.0,596.0,211.0,0,0,0.0,-1,1.0,0,14,0.0,0.0,0.0,0.0,0.0,684.0,267.0,0.0,0.0,677.0,260.0,672.0,264.0,652.0,255.0,679.0,262.0,,,,,,,,0.0,0.0,0.0,0.0,0.0,0.0,0.0,0.0,0.0,29,0.0,0.0,0.0,0.0,0.0,0.0,0.0,0.0,0.0,0.0,0.0,0.0,0.0,0.0,0.0,0.0,146.0,0.0,0.0,0.0,0.0,0.0,0.0,0.0,0.0,0.0,0.0,0.0,0.0,0.0
61,Leander,Dendoncker,Dendoncker,u,Has joined Real Oviedo permanently.,,4.5,410,250.0,0.1,531,193.0,0.0,606.0,216.0,0,0,0.0,0,0.0,0,1,0.0,0.0,0.0,0.0,0.0,691.0,270.0,0.0,0.0,685.0,264.0,679.0,267.0,660.0,259.0,687.0,266.0,,,,,,,,0.0,0.0,0.0,0.0,0.0,0.0,0.0,0.0,0.0,29,0.0,0.0,0.0,0.0,0.0,0.0,0.0,0.0,0.0,0.0,0.0,0.0,0.0,0.0,0.0,0.0,10.0,0.0,0.0,0.0,0.0,0.0,0.0,0.0,0.0,0.0,0.0,0.0,0.0,0.0
62,Jamaldeen,Jimoh-Aloba,Jimoh-Aloba,u,has joined West Brom on loan for the rest of the season.,,4.5,470,287.0,0.1,556,203.0,0.0,649.0,250.0,0,0,0.0,0,0.0,0,11,0.0,0.2,0.0,0.0,1.0,479.0,215.0,0.0,0.0,506.0,231.0,480.0,234.0,703.0,292.0,508.0,233.0,,,,,,,,0.0,0.0,0.0,6.86,0.0,0.0,0.0,0.0,11.25,29,0.0,0.0,0.0,0.0,0.0,0.0,0.0,0.0,0.0,0.0,0.0,0.0,0.0,0.0,0.0,0.0,45.0,0.0,0.0,0.0,0.0,0.0,0.0,0.0,0.0,0.0,0.0,0.0,0.0,0.0
63,Kadan,Young,Young,u,has joined Reading on loan for the rest of the season.,,4.3,607,353.0,0.5,250,87.0,0.0,555.0,186.0,0,0,0.0,-2,2.0,0,68,0.0,0.0,0.0,0.0,0.0,654.0,248.0,0.0,0.0,644.0,238.0,640.0,243.0,617.0,232.0,646.0,240.0,,,,,,,,0.0,0.0,0.0,0.0,0.0,0.0,0.0,0.0,0.0,29,0.0,0.0,0.0,0.0,0.0,0.0,0.0,0.0,0.0,0.0,0.0,0.0,0.0,0.0,0.0,0.0,759.0,0.0,0.0,0.0,0.0,0.0,0.0,0.0,0.0,0.0,0.0,0.0,0.0,0.0
64,Ollie,Watkins,Watkins,a,,,8.5,11,5.0,8.1,44,7.0,1.6,213.0,27.0,0,-1,1.0,-5,5.0,369,1989,0.2,11.6,1.1,1.1,3.7,108.0,9.0,100.0,100.0,131.0,11.0,140.0,10.0,4.0,3.0,33.0,8.0,,,3.0,,,,,0.43,0.04,0.47,1.37,0.0,0.35,1.08,1.04,3.08,29,0.0,0.0,0.0,0.0,0.0,0.0,0.0,0.0,0.0,0.0,0.0,0.0,0.0,0.0,0.0,2857.0,37096.0,0.0,0.0,0.0,0.0,0.0,0.0,0.0,0.0,0.0,0.0,0.0,0.0,0.0
65,Zépiqueno,Redmond,Redmond,u,has joined Huddersfield Town on loan for the rest of the season.,,4.5,480,68.0,0.3,324,55.0,0.0,658.0,68.0,0,0,0.0,0,0.0,0,4,0.0,0.0,0.0,0.0,0.0,732.0,78.0,0.0,0.0,729.0,78.0,724.0,77.0,711.0,77.0,730.0,78.0,,,,,,,,0.0,0.0,0.0,0.0,0.0,0.0,0.0,0.0,0.0,29,0.0,0.0,0.0,0.0,0.0,0.0,0.0,0.0,0.0,0.0,0.0,0.0,0.0,0.0,0.0,0.0,24.0,0.0,0.0,0.0,0.0,0.0,0.0,0.0,0.0,0.0,0.0,0.0,0.0,0.0
389,Harvey,Elliott,Elliott,i,Knock - Unknown return date,,5.1,236,144.0,0.2,398,135.0,0.0,761.0,329.0,0,0,0.0,-4,4.0,1,24,0.0,1.0,0.0,0.0,1.0,499.0,231.0,0.0,0.0,454.0,203.0,375.0,191.0,354.0,184.0,433.0,194.0,,,,,,,,0.24,0.07,0.31,1.42,0.0,0.0,1.64,0.82,4.91,29,0.0,0.0,0.0,0.0,0.0,0.0,0.0,0.0,0.0,0.0,0.0,0.0,0.0,0.0,0.0,4.0,102.0,0.0,0.0,0.0,0.0,0.0,0.0,0.0,0.0,0.0,0.0,0.0,0.0,0.0
456,Jadon,Sancho,Sancho,a,,,5.8,106,69.0,0.2,352,116.0,1.6,211.0,87.0,0,0,0.0,-2,2.0,40,49,0.3,4.3,1.1,1.1,1.5,416.0,184.0,100.0,100.0,363.0,160.0,144.0,96.0,159.0,87.0,254.0,129.0,4.0,,,,,,,0.08,0.2,0.28,1.28,0.0,0.14,0.55,0.96,4.78,29,0.0,0.0,0.0,0.0,0.0,0.0,0.0,0.0,0.0,0.0,0.0,0.0,0.0,0.0,0.0,163.0,624.0,0.0,0.0,0.0,0.0,0.0,0.0,0.0,0.0,0.0,0.0,0.0,0.0,0.0
688,James,Wright,Wright,a,,,3.9,767,83.0,0.6,235,32.0,0.0,429.0,42.0,0,0,0.0,-1,1.0,19,21,0.0,0.0,-0.5,-0.5,0.0,558.0,53.0,,,548.0,53.0,535.0,36.0,505.0,23.0,550.0,53.0,,,,,,,,0.0,0.0,0.0,0.0,0.0,0.0,0.0,0.0,0.0,29,0.0,0.0,0.0,0.0,0.0,0.0,0.0,0.0,0.0,0.0,0.0,0.0,0.0,0.0,0.0,167.0,187.0,0.0,0.0,0.0,0.0,0.0,0.0,0.0,0.0,0.0,0.0,0.0,0.0,0.0
699,Douglas Luiz,Soares de Paulo,Douglas Luiz,a,,,4.9,317,197.0,0.1,491,174.0,1.6,204.0,83.0,0,0,0.0,-1,1.0,13,27,0.3,4.3,1.1,1.1,1.6,392.0,169.0,100.0,100.0,323.0,147.0,117.0,80.0,294.0,158.0,264.0,133.0,1.0,,,,,,,0.05,0.17,0.22,1.08,0.0,0.13,1.27,1.27,10.68,29,0.0,0.0,0.0,0.0,0.0,0.0,0.0,0.0,0.0,0.0,0.0,0.0,0.0,0.0,0.0,128.0,553.0,0.0,0.0,0.0,0.0,0.0,0.0,0.0,0.0,0.0,0.0,0.0,0.0,0.0
701,Triston,Rowe,Rowe,u,has joined Annecy on loan for the rest of the season.,,4.0,716,192.0,0.1,534,189.0,0.0,495.0,197.0,0,0,0.0,0,0.0,0,0,0.0,0.0,0.0,0.0,0.0,618.0,232.0,0.0,0.0,608.0,232.0,600.0,232.0,572.0,229.0,610.0,232.0,,,,,,,,0.0,0.0,0.0,0.0,0.0,0.0,0.0,0.0,0.0,29,0.0,0.0,0.0,0.0,0.0,0.0,0.0,0.0,0.0,0.0,0.0,0.0,0.0,0.0,0.0,0.0,8.0,0.0,0.0,0.0,0.0,0.0,0.0,0.0,0.0,0.0,0.0,0.0,0.0,0.0
702,Bradley,Burrowes,Burrowes,a,,,4.4,572,342.0,0.1,532,194.0,0.0,602.0,214.0,0,0,0.0,-1,1.0,4,5,0.0,0.2,-0.5,-0.5,1.0,474.0,211.0,,,681.0,262.0,479.0,233.0,656.0,257.0,683.0,264.0,,,,,,,,0.0,0.0,0.0,5.06,0.0,0.0,5.62,0.0,5.62,29,0.0,0.0,0.0,0.0,0.0,0.0,0.0,0.0,0.0,0.0,0.0,0.0,0.0,0.0,0.0,19.0,36.0,0.0,0.0,0.0,0.0,0.0,0.0,0.0,0.0,0.0,0.0,0.0,0.0,0.0
703,Sam,Proctor,Proctor,a,,,3.9,778,91.0,0.6,229,30.0,0.0,439.0,49.0,0,0,0.0,-1,1.0,62,61,0.0,0.0,-0.5,-0.5,0.0,568.0,60.0,,,558.0,60.0,546.0,44.0,516.0,31.0,560.0,60.0,,,,,,,,0.0,0.0,0.0,0.0,0.0,0.0,0.0,0.0,0.0,29,0.0,0.0,0.0,0.0,0.0,0.0,0.0,0.0,0.0,0.0,0.0,0.0,0.0,0.0,0.0,805.0,429.0,0.0,0.0,0.0,0.0,0.0,0.0,0.0,0.0,0.0,0.0,0.0,0.0,0.0
710,Travis,Patterson,Patterson,a,,,3.9,775,227.0,0.2,376,139.0,0.0,436.0,166.0,0,0,0.0,-1,1.0,9,9,0.0,0.0,-0.5,-0.5,0.0,565.0,205.0,,,555.0,205.0,543.0,205.0,513.0,200.0,557.0,205.0,,,,,,,,0.0,0.0,0.0,0.0,0.0,0.0,0.0,0.0,0.0,29,0.0,0.0,0.0,0.0,0.0,0.0,0.0,0.0,0.0,0.0,0.0,0.0,0.0,0.0,0.0,50.0,88.0,0.0,0.0,0.0,0.0,0.0,0.0,0.0,0.0,0.0,0.0,0.0,0.0,0.0
719,Victor,Lindelöf,Lindelöf,a,,,4.5,415,77.0,0.1,477,172.0,0.2,361.0,131.0,0,0,0.0,0,0.0,11,25,0.0,4.9,-0.3,-0.3,1.8,366.0,139.0,100.0,100.0,327.0,126.0,380.0,135.0,414.0,155.0,383.0,136.0,,,,,,,,0.0,0.01,0.01,1.69,0.0,0.16,1.42,0.94,5.66,29,0.0,0.0,0.0,0.0,0.0,0.0,0.0,0.0,0.0,0.0,0.0,0.0,0.0,0.0,0.0,60.0,193.0,0.0,0.0,0.0,0.0,0.0,0.0,0.0,0.0,0.0,0.0,0.0,0.0,0.0
754,George,Hemmings,George Hemmings,a,,,4.5,481,294.0,0.0,752,320.0,0.0,659.0,257.0,0,0,0.0,0,0.0,0,1,0.0,0.4,-0.5,-0.5,1.0,483.0,218.0,,,730.0,301.0,457.0,219.0,450.0,220.0,498.0,229.0,,,,,,,,0.14,0.04,0.18,2.2,0.0,0.0,0.0,0.0,3.6,29,0.0,0.0,0.0,0.0,0.0,0.0,0.0,0.0,0.0,0.0,0.0,0.0,0.0,0.0,0.0,10.0,11.0,0.0,0.0,0.0,0.0,0.0,0.0,0.0,0.0,0.0,0.0,0.0,0.0,0.0
757,Ronnie,Hollingshead,Hollingshead,a,,,4.0,706,62.0,0.0,712,82.0,0.0,485.0,72.0,0,0,0.0,0,0.0,0,2,0.0,0.0,-0.5,-0.5,0.0,609.0,81.0,,,599.0,81.0,591.0,69.0,562.0,56.0,601.0,81.0,,,,,,,,0.0,0.0,0.0,0.0,0.0,0.0,0.0,0.0,0.0,29,0.0,0.0,0.0,0.0,0.0,0.0,0.0,0.0,0.0,0.0,0.0,0.0,0.0,0.0,0.0,9.0,7.0,0.0,0.0,0.0,0.0,0.0,0.0,0.0,0.0,0.0,0.0,0.0,0.0,0.0
768,Leon,Routh,Leon Routh,a,,,4.0,738,213.0,0.0,709,246.0,0.0,513.0,214.0,0,0,0.0,0,0.0,0,3,0.0,0.0,-0.5,-0.5,0.0,634.0,247.0,,,624.0,247.0,616.0,247.0,589.0,245.0,626.0,247.0,,,,,,,,0.0,0.0,0.0,0.0,0.0,0.0,0.0,0.0,0.0,29,0.0,0.0,0.0,0.0,0.0,0.0,0.0,0.0,0.0,0.0,0.0,0.0,0.0,0.0,0.0,4.0,14.0,0.0,0.0,0.0,0.0,0.0,0.0,0.0,0.0,0.0,0.0,0.0,0.0,0.0
781,TJ,Carroll,Carroll,a,,,4.0,732,207.0,0.0,728,253.0,0.0,508.0,209.0,0,0,0.0,0,0.0,3,2,0.0,0.0,-0.5,-0.5,0.0,630.0,243.0,,,620.0,243.0,612.0,243.0,584.0,240.0,622.0,243.0,,,,,,,,0.0,0.0,0.0,0.0,0.0,0.0,0.0,0.0,0.0,29,0.0,0.0,0.0,0.0,0.0,0.0,0.0,0.0,0.0,0.0,0.0,0.0,0.0,0.0,0.0,16.0,19.0,0.0,0.0,0.0,0.0,0.0,0.0,0.0,0.0,0.0,0.0,0.0,0.0,0.0
792,Alysson Edward Franco,da Rocha dos Santos,Alysson,a,,,5.0,284,177.0,0.0,804,357.0,0.4,336.0,152.0,0,0,0.0,0,0.0,1,2,0.1,0.4,-0.1,-0.1,1.0,496.0,228.0,100.0,100.0,482.0,221.0,462.0,222.0,426.0,207.0,482.0,221.0,,,,,,,,0.0,0.18,0.18,2.38,0.0,0.0,4.5,0.0,9.0,29,0.0,0.0,0.0,0.0,0.0,0.0,0.0,0.0,0.0,0.0,0.0,0.0,0.0,0.0,0.0,8.0,4.0,0.0,0.0,0.0,0.0,0.0,0.0,0.0,0.0,0.0,0.0,0.0,0.0,0.0
808,Tammy,Abraham,Abraham,a,,,6.0,87,27.0,0.3,304,50.0,2.0,174.0,21.0,0,0,0.0,0,0.0,102,258,0.3,2.0,1.5,1.5,2.4,294.0,30.0,,,412.0,47.0,364.0,47.0,266.0,46.0,382.0,46.0,,,,,,,,0.62,0.06,0.68,1.0,0.0,0.0,1.25,0.62,3.12,29,0.0,0.0,0.0,0.0,0.0,0.0,0.0,0.0,0.0,0.0,0.0,0.0,0.0,0.0,0.0,676.0,4454.0,0.0,0.0,0.0,0.0,0.0,0.0,0.0,0.0,0.0,0.0,0.0,0.0,0.0
183,Max,Weiß,Weiss,a,,,4.3,605,30.0,0.1,445,66.0,0.0,554.0,85.0,0,0,0.0,-2,2.0,5,7,0.0,0.0,-0.5,-0.5,0.0,653.0,90.0,,,643.0,90.0,639.0,82.0,616.0,71.0,645.0,90.0,,,,,,,,0.0,0.0,0.0,0.0,0.0,0.0,0.0,0.0,0.0,29,0.0,0.0,0.0,0.0,0.0,0.0,0.0,0.0,0.0,0.0,0.0,0.0,0.0,0.0,0.0,60.0,60.0,0.0,0.0,0.0,0.0,0.0,0.0,0.0,0.0,0.0,0.0,0.0,0.0,0.0
184,Etienne,Green,Green,u,has joined FC Fredericia permanently.,,4.0,691,57.0,0.2,404,58.0,0.0,473.0,68.0,0,0,0.0,0,0.0,0,3,0.0,0.0,0.0,0.0,0.0,599.0,77.0,0.0,0.0,589.0,77.0,580.0,64.0,551.0,51.0,591.0,77.0,,,,,,,,0.0,0.0,0.0,0.0,0.0,0.0,0.0,0.0,0.0,29,0.0,0.0,0.0,0.0,0.0,0.0,0.0,0.0,0.0,0.0,0.0,0.0,0.0,0.0,0.0,0.0,35.0,0.0,0.0,0.0,0.0,0.0,0.0,0.0,0.0,0.0,0.0,0.0,0.0,0.0
185,Václav,Hladký,Hladký,a,,,3.9,740,67.0,0.2,403,57.0,0.0,409.0,27.0,0,0,0.0,-1,1.0,4,9,0.0,0.0,-0.5,-0.5,0.0,540.0,38.0,,,530.0,38.0,516.0,20.0,486.0,7.0,532.0,38.0,,,,,,,,0.0,0.0,0.0,0.0,0.0,0.0,0.0,0.0,0.0,29,0.0,0.0,0.0,0.0,0.0,0.0,0.0,0.0,0.0,0.0,0.0,0.0,0.0,0.0,0.0,65.0,106.0,0.0,0.0,0.0,0.0,0.0,0.0,0.0,0.0,0.0,0.0,0.0,0.0,0.0
186,Connor,Roberts,Roberts,i,Achilles injury - Unknown return date,,4.4,525,104.0,0.0,651,229.0,0.0,571.0,232.0,0,0,0.0,-1,1.0,2,1,0.0,0.0,0.0,0.0,0.0,667.0,253.0,0.0,0.0,657.0,253.0,653.0,253.0,631.0,252.0,659.0,253.0,,,,,,,,0.0,0.0,0.0,0.0,0.0,0.0,0.0,0.0,0.0,29,0.0,0.0,0.0,0.0,0.0,0.0,0.0,0.0,0.0,0.0,0.0,0.0,0.0,0.0,0.0,20.0,11.0,0.0,0.0,0.0,0.0,0.0,0.0,0.0,0.0,0.0,0.0,0.0,0.0,0.0
187,Kyle,Walker,Walker,a,,,4.4,518,98.0,1.1,183,68.0,1.0,254.0,95.0,3,0,0.0,-1,1.0,40,61,0.2,12.5,0.5,0.5,2.0,330.0,123.0,100.0,100.0,122.0,54.0,190.0,47.0,373.0,129.0,213.0,72.0,,,,,,,,0.0,0.04,0.04,1.96,0.0,0.11,1.94,1.02,6.19,29,3.0,90.0,0.0,0.0,0.0,2.0,0.0,0.0,0.0,0.0,0.0,0.0,1.0,0.0,12.0,704.0,1014.0,0.0,0.0,0.010000000000000009,0.010000000000000009,1.1000000000000014,20.19999999999999,3.6000000000000227,0.0,2.3999999999999986,4.0,8.0,5.0,12.0
188,Hannes,Delcroix,Delcroix,u,has joined Lugano permanently.,,3.8,793,240.0,0.2,365,134.0,0.0,389.0,141.0,0,0,0.0,-2,2.0,0,7,0.0,0.0,0.0,0.0,0.0,524.0,186.0,0.0,0.0,514.0,186.0,498.0,184.0,467.0,178.0,516.0,186.0,,,,,,,,0.0,0.0,0.0,0.0,0.0,0.0,0.0,0.0,0.0,29,0.0,0.0,0.0,0.0,0.0,0.0,0.0,0.0,0.0,0.0,0.0,0.0,0.0,0.0,0.0,0.0,151.0,0.0,0.0,0.0,0.0,0.0,0.0,0.0,0.0,0.0,0.0,0.0,0.0,0.0
189,Owen,Dodgson,Dodgson,u,Has joined Stockport County on loan for the rest of the season.,,4.0,683,172.0,0.0,724,252.0,0.0,466.0,180.0,0,0,0.0,0,0.0,0,0,0.0,0.0,0.0,0.0,0.0,592.0,218.0,0.0,0.0,582.0,218.0,573.0,218.0,544.0,214.0,584.0,218.0,,,,,,,,0.0,0.0,0.0,0.0,0.0,0.0,0.0,0.0,0.0,29,0.0,0.0,0.0,0.0,0.0,0.0,0.0,0.0,0.0,0.0,0.0,0.0,0.0,0.0,0.0,0.0,0.0,0.0,0.0,0.0,0.0,0.0,0.0,0.0,0.0,0.0,0.0,0.0,0.0,0.0
190,Hjalmar,Ekdal,Ekdal,a,,,3.9,766,224.0,0.8,209,79.0,0.0,428.0,163.0,0,0,0.0,-1,1.0,9,66,0.0,11.3,-0.5,-0.5,2.9,197.0,75.0,,,206.0,82.0,352.0,122.0,274.0,78.0,292.0,95.0,,,,,,,,0.02,0.02,0.04,1.74,0.0,0.15,1.83,0.99,10.08,29,0.0,0.0,0.0,0.0,0.0,0.0,0.0,0.0,0.0,0.0,0.0,0.0,0.0,0.0,0.0,160.0,951.0,0.0,0.0,0.0,0.0,0.0,0.0,0.0,0.0,0.0,0.0,0.0,0.0,0.0
191,Maxime,Estève,Estève,a,,,3.9,765,223.0,7.8,48,18.0,1.7,196.0,75.0,1,0,0.0,-1,1.0,222,328,0.4,15.4,1.2,1.2,2.3,297.0,112.0,100.0,100.0,53.0,24.0,274.0,84.0,265.0,74.0,153.0,51.0,,,,,,,,0.03,0.02,0.05,2.05,0.0,0.08,2.17,1.05,9.81,29,1.0,90.0,0.0,0.0,0.0,2.0,0.0,0.0,0.0,0.0,0.0,0.0,1.0,0.0,6.0,3638.0,7338.0,0.0,0.0,0.0,0.0,1.1000000000000014,16.399999999999977,0.9000000000000057,0.0,1.7000000000000028,0.0,8.0,5.0,8.0
192,Quilindschy,Hartman,Hartman,a,,,4.0,696,179.0,0.6,228,88.0,0.0,478.0,186.0,0,0,0.0,0,0.0,16,69,0.0,11.5,-0.5,-0.5,3.1,168.0,63.0,,,184.0,75.0,139.0,36.0,311.0,95.0,206.0,70.0,,,,,,,,0.01,0.1,0.11,2.04,0.0,0.13,1.88,1.01,7.0,29,0.0,0.0,0.0,0.0,0.0,0.0,0.0,0.0,0.0,0.0,0.0,0.0,0.0,0.0,0.0,234.0,1097.0,0.0,0.0,0.0,0.0,0.0,0.0,0.0,0.0,0.0,0.0,0.0,0.0,0.0
193,Bashir,Humphreys,Humphreys,a,,,3.9,761,221.0,0.1,427,158.0,1.7,195.0,74.0,0,0,0.0,-1,1.0,24,23,0.4,8.5,1.2,1.2,2.5,263.0,101.0,100.0,100.0,219.0,85.0,283.0,90.0,324.0,104.0,297.0,98.0,,,,,,,,0.02,0.05,0.07,1.83,0.0,0.08,2.04,0.93,8.5,29,0.0,90.0,0.0,0.0,0.0,2.0,0.0,0.0,0.0,1.0,0.0,0.0,1.0,0.0,7.0,678.0,410.0,0.0,0.0,0.010000000000000009,0.010000000000000009,1.1000000000000014,15.800000000000011,1.7999999999999972,0.0,1.7999999999999972,2.0,7.0,3.0,9.0
194,Jordan,Beyer,Jordan,i,Hamstring injury - Unknown return date,,3.9,757,218.0,0.1,560,201.0,0.0,422.0,160.0,0,0,0.0,-1,1.0,2,3,0.0,0.0,0.0,0.0,0.0,552.0,200.0,0.0,0.0,542.0,200.0,529.0,200.0,499.0,195.0,544.0,200.0,,,,,,,,0.0,0.0,0.0,0.0,0.0,0.0,0.0,0.0,0.0,29,0.0,0.0,0.0,0.0,0.0,0.0,0.0,0.0,0.0,0.0,0.0,0.0,0.0,0.0,0.0,23.0,26.0,0.0,0.0,0.0,0.0,0.0,0.0,0.0,0.0,0.0,0.0,0.0,0.0,0.0
195,Lucas,Pires Silva,Lucas Pires,a,,,3.8,810,257.0,0.3,317,117.0,0.7,297.0,104.0,1,0,0.0,-2,2.0,22,28,0.2,4.7,0.2,0.2,1.3,425.0,153.0,100.0,100.0,276.0,110.0,135.0,34.0,308.0,92.0,257.0,83.0,3.0,,,,,,,0.03,0.1,0.13,1.81,0.0,0.08,2.07,0.99,5.97,29,1.0,90.0,0.0,0.0,0.0,2.0,0.0,0.0,0.0,0.0,0.0,0.0,1.0,0.0,9.0,249.0,456.0,0.0,0.020000000000000018,0.010000000000000009,0.030000000000000027,1.0999999999999979,10.400000000000006,32.79999999999998,5.0,4.799999999999997,0.0,1.0,7.0,1.0
196,Shurandy,Sambo,Sambo,u,has joined Sparta Rotterdam on loan for the rest of the season.,,4.0,681,170.0,0.0,614,218.0,0.0,464.0,178.0,0,0,0.0,0,0.0,0,0,0.0,0.0,0.0,0.0,0.0,591.0,217.0,0.0,0.0,581.0,217.0,572.0,217.0,543.0,213.0,583.0,217.0,,,,,,,,0.0,0.0,0.0,0.0,0.0,0.0,0.0,0.0,0.0,29,0.0,0.0,0.0,0.0,0.0,0.0,0.0,0.0,0.0,0.0,0.0,0.0,0.0,0.0,0.0,0.0,5.0,0.0,0.0,0.0,0.0,0.0,0.0,0.0,0.0,0.0,0.0,0.0,0.0,0.0
197,Oliver,Sonne,Sonne,u,has joined Sparta Prague on loan for the rest of the season.,,3.8,804,251.0,0.2,374,138.0,0.0,398.0,150.0,0,0,0.0,-2,2.0,0,39,0.0,3.4,0.0,0.0,1.9,343.0,127.0,0.0,0.0,413.0,155.0,396.0,145.0,356.0,118.0,421.0,152.0,,,,,,,,0.3,0.04,0.34,2.08,0.0,0.0,2.2,0.55,3.84,29,0.0,0.0,0.0,0.0,0.0,0.0,0.0,0.0,0.0,0.0,0.0,0.0,0.0,0.0,0.0,0.0,378.0,0.0,0.0,0.0,0.0,0.0,0.0,0.0,0.0,0.0,0.0,0.0,0.0,0.0
198,Axel,Tuanzebe,Tuanzebe,i,Achilles injury - Expected back 14 Mar,,3.9,751,215.0,0.9,197,77.0,-0.3,819.0,265.0,0,0,0.0,-1,1.0,0,81,-0.1,6.9,0.0,0.0,2.5,261.0,99.0,0.0,0.0,240.0,93.0,427.0,153.0,319.0,102.0,340.0,115.0,,,,,,,,0.06,0.01,0.07,2.41,0.0,0.1,2.13,1.06,9.38,29,0.0,0.0,0.0,0.0,0.0,0.0,0.0,0.0,0.0,0.0,0.0,0.0,0.0,0.0,0.0,23.0,951.0,0.0,0.0,0.0,0.0,0.0,0.0,0.0,0.0,0.0,0.0,0.0,0.0,0.0
199,Joe,Worrall,Worrall,a,,,3.8,789,236.0,0.2,382,143.0,2.0,161.0,60.0,3,0,0.0,-2,2.0,81,25,0.5,5.0,1.5,1.5,1.9,341.0,125.0,100.0,100.0,315.0,121.0,459.0,169.0,387.0,138.0,385.0,137.0,,,,,,,,0.02,0.0,0.02,2.01,0.0,0.0,2.06,0.94,13.31,29,3.0,56.0,0.0,0.0,0.0,1.0,0.0,0.0,0.0,0.0,0.0,0.0,1.0,0.0,6.0,995.0,322.0,0.0,0.0,0.0,0.0,0.7099999999999991,30.0,0.30000000000000004,2.0,3.200000000000001,1.0,10.0,1.0,11.0
200,Jaidon,Anthony,Anthony,a,,,5.0,260,159.0,1.9,141,47.0,4.5,30.0,15.0,4,0,0.0,-5,5.0,340,133,0.9,20.0,4.0,4.0,3.6,114.0,51.0,100.0,100.0,82.0,28.0,55.0,47.0,41.0,24.0,39.0,29.0,2.0,,,,,,,0.17,0.09,0.26,1.94,0.0,0.14,2.01,1.07,8.45,29,4.0,90.0,0.0,0.0,0.0,2.0,0.0,0.0,0.0,0.0,0.0,0.0,1.0,0.0,14.0,6675.0,1956.0,0.0,0.06000000000000005,0.020000000000000018,0.08000000000000007,1.0999999999999943,9.399999999999977,16.80000000000001,10.0,3.5999999999999943,2.0,2.0,10.0,14.0
201,Manuel,Benson Hedilazio,Benson,u,has joined Maccabi Haifa permanently.,,5.4,160,99.0,0.0,706,294.0,0.0,776.0,339.0,0,0,0.0,-1,1.0,0,0,0.0,0.0,0.0,0.0,0.0,799.0,353.0,0.0,0.0,798.0,352.0,797.0,352.0,795.0,351.0,798.0,352.0,,,,,,,,0.0,0.0,0.0,0.0,0.0,0.0,0.0,0.0,0.0,29,0.0,0.0,0.0,0.0,0.0,0.0,0.0,0.0,0.0,0.0,0.0,0.0,0.0,0.0,0.0,0.0,1.0,0.0,0.0,0.0,0.0,0.0,0.0,0.0,0.0,0.0,0.0,0.0,0.0,0.0
202,Jacob,Bruun Larsen,Bruun Larsen,a,,,5.3,187,115.0,0.0,622,242.0,0.8,285.0,128.0,0,0,0.0,-2,2.0,1,3,0.2,6.8,0.3,0.3,1.6,397.0,173.0,100.0,100.0,342.0,154.0,174.0,118.0,211.0,117.0,272.0,136.0,,2.0,3.0,,,,,0.13,0.1,0.23,2.12,0.0,0.28,2.43,0.94,5.71,29,0.0,0.0,0.0,0.0,0.0,0.0,0.0,0.0,0.0,0.0,0.0,0.0,0.0,0.0,0.0,51.0,33.0,0.0,0.0,0.0,0.0,0.0,0.0,0.0,0.0,0.0,0.0,0.0,0.0,0.0
204,Darko,Churlinov,Churlinov,u,has joined Kocaelispor  permanently.,,4.9,321,200.0,0.0,725,302.0,0.0,724.0,304.0,0,0,0.0,-1,1.0,0,0,0.0,0.0,0.0,0.0,0.0,772.0,333.0,0.0,0.0,771.0,332.0,767.0,332.0,762.0,330.0,771.0,332.0,,,,,,,,0.0,0.0,0.0,0.0,0.0,0.0,0.0,0.0,0.0,29,0.0,0.0,0.0,0.0,0.0,0.0,0.0,0.0,0.0,0.0,0.0,0.0,0.0,0.0,0.0,0.0,0.0,0.0,0.0,0.0,0.0,0.0,0.0,0.0,0.0,0.0,0.0,0.0,0.0,0.0
205,Josh,Cullen,Cullen,i,Knee injury - Expected back 30 Sep,,4.9,298,186.0,0.8,202,70.0,0.0,714.0,297.0,0,0,0.0,-1,1.0,1,59,0.0,14.3,0.0,0.0,3.9,77.0,36.0,0.0,0.0,151.0,53.0,146.0,98.0,245.0,136.0,186.0,95.0,,,,,,,,0.06,0.08,0.14,1.93,0.0,0.18,1.73,1.07,10.29,29,0.0,0.0,0.0,0.0,0.0,0.0,0.0,0.0,0.0,0.0,0.0,0.0,0.0,0.0,0.0,61.0,710.0,0.0,0.0,0.0,0.0,0.0,0.0,0.0,0.0,0.0,0.0,0.0,0.0,0.0
206,Marcus,Edwards,Edwards,d,Knock - 75% chance of playing,,4.7,380,238.0,0.1,440,149.0,1.8,184.0,78.0,0,0,0.0,-3,3.0,1,79,0.4,9.1,1.0,1.0,2.5,271.0,113.0,75.0,75.0,293.0,129.0,126.0,86.0,141.0,80.0,204.0,101.0,,3.0,,,,,,0.15,0.17,0.32,1.84,0.0,0.1,1.56,0.93,5.29,29,0.0,0.0,0.0,0.0,0.0,0.0,0.0,0.0,0.0,0.0,0.0,0.0,0.0,0.0,0.0,16.0,1072.0,0.0,0.0,0.0,0.0,0.0,0.0,0.0,0.0,0.0,0.0,0.0,0.0,0.0
207,Hannibal,Mejbri,Hannibal,a,,,4.7,389,242.0,0.2,396,134.0,4.2,41.0,20.0,2,0,0.0,-3,3.0,136,34,0.9,10.4,3.7,3.7,2.3,298.0,130.0,100.0,100.0,266.0,112.0,156.0,107.0,261.0,143.0,256.0,131.0,4.0,,,,,,,0.05,0.13,0.18,2.13,0.0,0.1,2.27,1.03,8.55,29,2.0,71.0,0.0,0.0,0.0,2.0,0.0,0.0,0.0,0.0,0.0,0.0,1.0,0.0,7.0,2571.0,271.0,0.0,0.0,0.020000000000000018,0.020000000000000018,1.0300000000000011,7.400000000000006,3.8000000000000114,6.0,1.7000000000000028,4.0,2.0,1.0,7.0
208,Luca,Koleosho,Koleosho,u,has joined Paris FC on loan for the rest of the season.,,5.0,268,163.0,0.0,735,309.0,0.0,747.0,319.0,0,0,0.0,0,0.0,0,0,0.0,0.0,0.0,0.0,0.0,789.0,346.0,0.0,0.0,788.0,345.0,786.0,345.0,782.0,343.0,788.0,345.0,,,,,,,,0.0,0.0,0.0,0.0,0.0,0.0,0.0,0.0,0.0,29,0.0,0.0,0.0,0.0,0.0,0.0,0.0,0.0,0.0,0.0,0.0,0.0,0.0,0.0,0.0,0.0,0.0,0.0,0.0,0.0,0.0,0.0,0.0,0.0,0.0,0.0,0.0,0.0,0.0,0.0
209,Josh,Laurent,Laurent,a,,,4.8,352,220.0,0.0,613,237.0,1.0,255.0,110.0,1,0,0.0,-2,2.0,0,6,0.2,10.0,0.5,0.5,1.8,370.0,158.0,,,214.0,91.0,189.0,126.0,253.0,138.0,239.0,120.0,,,,,,,,0.04,0.03,0.07,2.04,0.0,0.06,2.19,0.9,9.65,29,1.0,18.0,0.0,0.0,0.0,0.0,0.0,0.0,0.0,0.0,0.0,0.0,0.0,0.0,3.0,38.0,95.0,0.0,0.0,0.0,0.0,0.07000000000000028,1.3999999999999773,2.299999999999983,0.0,0.3999999999999986,1.0,0.0,3.0,4.0
210,Loum,Tchaouna,Tchaouna,a,,,4.9,334,208.0,0.0,626,244.0,0.8,281.0,125.0,1,0,0.0,-1,1.0,0,3,0.2,7.8,0.3,0.3,1.7,385.0,167.0,,,355.0,159.0,243.0,151.0,239.0,133.0,327.0,160.0,,4.0,,,,,,0.09,0.07,0.16,1.63,0.0,0.21,1.49,0.96,5.12,29,1.0,33.0,0.0,0.0,0.0,1.0,0.0,0.0,0.0,0.0,0.0,0.0,0.0,0.0,2.0,11.0,21.0,0.0,0.0,0.020000000000000018,0.020000000000000018,0.39000000000000057,0.8000000000000114,1.2999999999999972,0.0,0.20000000000000284,0.0,0.0,0.0,0.0
211,Aaron,Ramsey,A.Ramsey,u,has joined Leicester City on loan for the rest of the season.,,4.4,541,322.0,1.4,162,56.0,0.0,579.0,198.0,0,0,0.0,-1,1.0,0,36,0.0,0.0,0.0,0.0,0.0,671.0,258.0,0.0,0.0,661.0,248.0,657.0,253.0,635.0,242.0,663.0,250.0,,,,,,,,0.0,0.0,0.0,0.0,0.0,0.0,0.0,0.0,0.0,29,0.0,0.0,0.0,0.0,0.0,0.0,0.0,0.0,0.0,0.0,0.0,0.0,0.0,0.0,0.0,0.0,249.0,0.0,0.0,0.0,0.0,0.0,0.0,0.0,0.0,0.0,0.0,0.0,0.0,0.0
212,Oluwaseun,Adewumi,Adewumi,u,Has joined Cercle Brugge on loan for the rest of the season.,,4.5,477,291.0,0.0,764,326.0,0.0,655.0,254.0,0,0,0.0,0,0.0,0,0,0.0,0.0,0.0,0.0,0.0,731.0,303.0,0.0,0.0,728.0,300.0,723.0,301.0,709.0,296.0,729.0,301.0,,,,,,,,0.0,0.0,0.0,0.0,0.0,0.0,0.0,0.0,0.0,29,0.0,0.0,0.0,0.0,0.0,0.0,0.0,0.0,0.0,0.0,0.0,0.0,0.0,0.0,0.0,0.0,0.0,0.0,0.0,0.0,0.0,0.0,0.0,0.0,0.0,0.0,0.0,0.0,0.0,0.0
213,Jaydon,Banel,Banel,u,has joined Derby County on loan for the rest of the season.,,4.5,464,283.0,0.0,616,239.0,0.0,644.0,246.0,0,0,0.0,0,0.0,0,4,0.0,0.2,0.0,0.0,1.0,477.0,213.0,0.0,0.0,718.0,293.0,474.0,228.0,698.0,288.0,719.0,294.0,,,,,,,,0.0,0.0,0.0,0.5,0.0,0.0,0.0,0.0,0.0,29,0.0,0.0,0.0,0.0,0.0,0.0,0.0,0.0,0.0,0.0,0.0,0.0,0.0,0.0,0.0,0.0,22.0,0.0,0.0,0.0,0.0,0.0,0.0,0.0,0.0,0.0,0.0,0.0,0.0,0.0
214,Mike,Trésor Ndayishimiye,Trésor,i,Ankle injury - Unknown return date,,4.4,538,321.0,0.1,569,210.0,0.0,577.0,197.0,0,0,0.0,-1,1.0,0,3,0.0,0.9,0.0,0.0,1.0,467.0,204.0,0.0,0.0,501.0,229.0,476.0,230.0,447.0,218.0,497.0,228.0,,,,,,,,0.0,0.0,0.0,2.18,0.0,0.0,4.74,0.0,9.47,29,0.0,0.0,0.0,0.0,0.0,0.0,0.0,0.0,0.0,0.0,0.0,0.0,0.0,0.0,0.0,23.0,42.0,0.0,0.0,0.0,0.0,0.0,0.0,0.0,0.0,0.0,0.0,0.0,0.0,0.0
215,Zian,Flemming,Flemming,a,,,5.3,194,47.0,0.4,281,45.0,3.3,84.0,12.0,0,0,0.0,-2,2.0,288,168,0.6,11.7,2.8,2.8,3.1,179.0,17.0,100.0,100.0,197.0,17.0,296.0,33.0,66.0,24.0,167.0,23.0,,5.0,1.0,,,,,0.39,0.02,0.41,1.88,0.0,0.18,1.7,1.07,4.93,29,0.0,0.0,0.0,0.0,0.0,0.0,0.0,0.0,0.0,0.0,0.0,0.0,0.0,0.0,0.0,4425.0,1943.0,0.0,0.0,0.0,0.0,0.0,0.0,0.0,0.0,0.0,0.0,0.0,0.0,0.0
216,Zeki,Amdouni,Amdouni,i,Knee injury - Expected back 25 Apr,,4.8,369,63.0,0.0,669,85.0,0.0,706.0,75.0,0,0,0.0,-2,2.0,1,2,0.0,0.0,0.0,0.0,0.0,764.0,84.0,0.0,0.0,763.0,84.0,758.0,83.0,752.0,83.0,763.0,84.0,,,,,,,,0.0,0.0,0.0,0.0,0.0,0.0,0.0,0.0,0.0,29,0.0,0.0,0.0,0.0,0.0,0.0,0.0,0.0,0.0,0.0,0.0,0.0,0.0,0.0,0.0,18.0,37.0,0.0,0.0,0.0,0.0,0.0,0.0,0.0,0.0,0.0,0.0,0.0,0.0,0.0
217,Lyle,Foster,Foster,a,,,4.9,325,60.0,0.8,207,31.0,1.0,258.0,31.0,2,0,0.0,-1,1.0,36,63,0.2,9.8,0.5,0.5,2.3,299.0,31.0,100.0,100.0,268.0,26.0,214.0,22.0,121.0,30.0,240.0,28.0,,,,,,,,0.23,0.02,0.25,1.78,0.0,0.23,1.95,1.01,5.46,29,2.0,90.0,0.0,0.0,0.0,2.0,0.0,0.0,0.0,0.0,0.0,0.0,1.0,0.0,6.0,345.0,995.0,0.0,0.71,0.009999999999999953,0.7200000000000002,1.1000000000000014,6.199999999999989,6.799999999999983,43.0,5.600000000000001,0.0,4.0,3.0,7.0
218,Ashley,Barnes,Barnes,a,,,4.2,623,88.0,1.4,163,25.0,0.5,319.0,43.0,1,0,0.0,-3,3.0,134,178,0.1,1.0,0.0,0.0,1.0,460.0,56.0,,,505.0,62.0,471.0,60.0,411.0,57.0,483.0,58.0,,,2.0,,,,,0.43,0.0,0.43,3.01,0.0,0.0,7.83,0.0,7.83,29,1.0,7.0,0.0,0.0,0.0,0.0,0.0,0.0,0.0,0.0,0.0,0.0,0.0,0.0,2.0,1240.0,3223.0,0.0,0.0,0.0,0.0,0.0,0.0,0.3,2.0,0.19999999999999996,0.0,0.0,0.0,0.0
219,Michael,Obafemi,Obafemi,u,has joined Blackpool on loan for the rest of the season.,,4.4,528,76.0,0.1,464,67.0,0.0,573.0,58.0,0,0,0.0,-1,1.0,0,1,0.0,0.0,0.0,0.0,0.0,668.0,68.0,0.0,0.0,658.0,68.0,654.0,67.0,632.0,67.0,660.0,68.0,,,,,,,,0.0,0.0,0.0,0.0,0.0,0.0,0.0,0.0,0.0,29,0.0,0.0,0.0,0.0,0.0,0.0,0.0,0.0,0.0,0.0,0.0,0.0,0.0,0.0,0.0,0.0,19.0,0.0,0.0,0.0,0.0,0.0,0.0,0.0,0.0,0.0,0.0,0.0,0.0,0.0
470,Martin,Dúbravka,Dúbravka,a,,,4.0,661,41.0,32.3,10,2.0,1.2,237.0,19.0,2,0,0.0,0,0.0,481,1143,0.3,20.0,0.7,0.7,2.8,211.0,22.0,100.0,100.0,5.0,1.0,554.0,48.0,525.0,35.0,131.0,1.0,,,,,,,,0.0,0.0,0.0,1.97,3.66,0.1,2.0,1.0,0.0,29,2.0,90.0,0.0,0.0,0.0,2.0,0.0,0.0,0.0,0.0,0.0,3.0,1.0,0.0,9.0,6131.0,15310.0,0.0,0.0,0.0,0.0,1.1000000000000014,23.600000000000023,0.0,0.0,2.3999999999999915,0.0,1.0,8.0,0.0
614,James,Ward-Prowse,Ward-Prowse,a,,,5.6,123,77.0,0.2,389,129.0,1.3,235.0,99.0,1,0,0.0,-4,4.0,19,14,0.2,3.4,0.8,0.8,2.1,323.0,142.0,100.0,100.0,352.0,158.0,138.0,94.0,427.0,208.0,319.0,156.0,1.0,1.0,,,,,,0.02,0.18,0.2,1.65,0.0,0.16,2.41,0.96,5.94,29,1.0,33.0,0.0,0.0,0.0,1.0,0.0,0.0,0.0,0.0,0.0,0.0,0.0,0.0,8.0,212.0,213.0,0.0,0.0,0.010000000000000009,0.010000000000000009,0.39000000000000057,6.400000000000006,3.6999999999999886,0.0,1.0,1.0,1.0,2.0,4.0
676,Lesley,Ugochukwu,Ugochukwu,a,,,5.0,273,168.0,0.1,451,154.0,2.3,142.0,59.0,2,0,0.0,0,0.0,9,24,0.5,16.2,1.8,1.8,2.9,202.0,83.0,100.0,100.0,142.0,49.0,202.0,132.0,144.0,82.0,168.0,87.0,,,,,,,,0.11,0.01,0.12,1.98,0.0,0.14,1.95,1.05,8.65,29,2.0,82.0,0.0,0.0,0.0,2.0,0.0,0.0,0.0,0.0,0.0,0.0,1.0,0.0,13.0,284.0,526.0,0.0,0.0,0.010000000000000009,0.010000000000000231,1.1000000000000014,5.0,1.5,0.0,0.7000000000000028,1.0,0.0,4.0,5.0
680,Armando,Broja,Broja,i,Knock - Expected back 14 Mar,,5.2,212,49.0,0.2,401,62.0,0.3,344.0,45.0,0,0,0.0,-3,3.0,2,47,0.1,7.3,0.0,0.0,2.0,337.0,39.0,0.0,0.0,362.0,38.0,320.0,35.0,125.0,31.0,304.0,35.0,,,,,,,,0.24,0.01,0.25,2.33,0.0,0.11,2.8,0.89,4.58,29,0.0,0.0,0.0,0.0,0.0,0.0,0.0,0.0,0.0,0.0,0.0,0.0,0.0,0.0,0.0,29.0,526.0,0.0,0.0,0.0,0.0,0.0,0.0,0.0,0.0,0.0,0.0,0.0,0.0,0.0
722,Florentino Ibrain,Morris Luís,Florentino,a,,,5.0,252,153.0,0.0,609,234.0,0.8,283.0,126.0,1,0,0.0,0,0.0,2,7,0.2,13.2,0.3,0.3,2.8,221.0,90.0,,,150.0,52.0,182.0,122.0,330.0,172.0,221.0,108.0,,,,,,,,0.03,0.02,0.05,2.03,0.0,0.11,2.02,1.09,13.46,29,1.0,56.0,0.0,0.0,0.0,1.0,0.0,0.0,0.0,0.0,0.0,0.0,1.0,0.0,10.0,51.0,111.0,0.0,0.0,0.010000000000000009,0.009999999999999898,0.7100000000000009,10.199999999999989,3.5,0.0,1.3999999999999986,0.0,5.0,2.0,7.0
776,Oliver,Pimlott,Pimlott,a,,,4.5,509,314.0,0.0,787,345.0,0.0,682.0,274.0,0,0,0.0,0,0.0,2,1,0.0,0.0,-0.5,-0.5,0.0,753.0,319.0,,,752.0,318.0,746.0,318.0,733.0,314.0,752.0,318.0,,,,,,,,0.0,0.0,0.0,0.0,0.0,0.0,0.0,0.0,0.0,29,0.0,0.0,0.0,0.0,0.0,0.0,0.0,0.0,0.0,0.0,0.0,0.0,0.0,0.0,0.0,47.0,24.0,0.0,0.0,0.0,0.0,0.0,0.0,0.0,0.0,0.0,0.0,0.0,0.0,0.0
784,George,Brierley,Brierley,a,,,4.5,516,320.0,0.0,800,354.0,0.0,688.0,280.0,0,0,0.0,0,0.0,2,0,0.0,0.0,-0.5,-0.5,0.0,758.0,324.0,,,757.0,323.0,751.0,323.0,739.0,320.0,757.0,323.0,,,,,,,,0.0,0.0,0.0,0.0,0.0,0.0,0.0,0.0,0.0,29,0.0,0.0,0.0,0.0,0.0,0.0,0.0,0.0,0.0,0.0,0.0,0.0,0.0,0.0,0.0,18.0,12.0,0.0,0.0,0.0,0.0,0.0,0.0,0.0,0.0,0.0,0.0,0.0,0.0,0.0
820,Kian,McMahon-Brown,McMahon-Brown,a,,,4.5,507,313.0,0.0,820,368.0,0.0,681.0,273.0,0,0,0.0,0,0.0,1,0,0.0,0.0,0.8,0.8,0.0,752.0,318.0,,,751.0,317.0,745.0,317.0,732.0,313.0,751.0,317.0,,,,,,,,0.0,0.0,0.0,0.0,0.0,0.0,0.0,0.0,0.0,29,0.0,0.0,0.0,0.0,0.0,0.0,0.0,0.0,0.0,0.0,0.0,0.0,0.0,0.0,0.0,1.0,0.0,0.0,0.0,0.0,0.0,0.0,0.0,0.0,0.0,0.0,0.0,0.0,0.0,0.0
66,Norberto,Murara Neto,Neto,u,Has joined Botafogo permanently.,,4.5,406,21.0,0.1,567,77.0,0.0,605.0,88.0,0,0,0.0,0,0.0,0,2,0.0,0.0,0.0,0.0,0.0,690.0,92.0,0.0,0.0,684.0,92.0,678.0,84.0,659.0,74.0,686.0,92.0,,,,,,,,0.0,0.0,0.0,0.0,0.0,0.0,0.0,0.0,0.0,29,0.0,0.0,0.0,0.0,0.0,0.0,0.0,0.0,0.0,0.0,0.0,0.0,0.0,0.0,0.0,0.0,6.0,0.0,0.0,0.0,0.0,0.0,0.0,0.0,0.0,0.0,0.0,0.0,0.0,0.0
67,Đorđe,Petrović,Petrović,a,,,4.5,435,24.0,4.8,73,12.0,4.8,18.0,2.0,6,0,0.0,0,0.0,1020,186,1.1,20.9,5.3,4.8,3.2,153.0,16.0,,,20.0,6.0,694.0,87.0,677.0,77.0,187.0,8.0,,,,,,,,0.0,0.0,0.0,1.49,3.03,0.28,1.59,1.0,0.0,29,6.0,90.0,0.0,0.0,1.0,0.0,0.0,0.0,0.0,0.0,0.0,2.0,1.0,0.0,26.0,7763.0,5243.0,0.0,0.0,0.0,0.0,0.3999999999999986,18.200000000000045,0.0,0.0,1.8000000000000114,0.0,1.0,8.0,0.0
68,Will,Dennis,Dennis,u,has joined Leyton Orient on loan for the rest of the season.,,4.0,680,51.0,0.7,210,27.0,0.0,463.0,62.0,0,0,0.0,0,0.0,0,36,0.0,0.0,0.0,0.0,0.0,590.0,71.0,0.0,0.0,580.0,71.0,571.0,58.0,542.0,45.0,582.0,71.0,,,,,,,,0.0,0.0,0.0,0.0,0.0,0.0,0.0,0.0,0.0,29,0.0,0.0,0.0,0.0,0.0,0.0,0.0,0.0,0.0,0.0,0.0,0.0,0.0,0.0,0.0,0.0,268.0,0.0,0.0,0.0,0.0,0.0,0.0,0.0,0.0,0.0,0.0,0.0,0.0,0.0
69,Callan,McKenna,McKenna,a,,,3.9,780,92.0,0.3,342,47.0,0.0,441.0,50.0,0,0,0.0,-1,1.0,18,19,0.0,0.0,0.5,0.0,0.0,570.0,61.0,,,560.0,61.0,548.0,45.0,518.0,32.0,562.0,61.0,,,,,,,,0.0,0.0,0.0,0.0,0.0,0.0,0.0,0.0,0.0,29,0.0,0.0,0.0,0.0,0.0,0.0,0.0,0.0,0.0,0.0,0.0,0.0,0.0,0.0,0.0,355.0,168.0,0.0,0.0,0.0,0.0,0.0,0.0,0.0,0.0,0.0,0.0,0.0,0.0,0.0
70,Alex,Paulsen,Paulsen,u,Has joined Lechia Gdansk on loan for the rest of the season.,,4.0,697,58.0,0.1,571,78.0,0.0,479.0,69.0,0,0,0.0,0,0.0,0,1,0.0,0.0,0.0,0.0,0.0,603.0,78.0,0.0,0.0,593.0,78.0,584.0,65.0,555.0,52.0,595.0,78.0,,,,,,,,0.0,0.0,0.0,0.0,0.0,0.0,0.0,0.0,0.0,29,0.0,0.0,0.0,0.0,0.0,0.0,0.0,0.0,0.0,0.0,0.0,0.0,0.0,0.0,0.0,0.0,10.0,0.0,0.0,0.0,0.0,0.0,0.0,0.0,0.0,0.0,0.0,0.0,0.0,0.0
71,Illia,Zabarnyi,Zabarnyi,u,Has joined Paris Saint-Germain permanently.,,5.0,265,41.0,0.0,667,234.0,0.0,746.0,255.0,0,0,0.0,0,0.0,0,0,0.0,0.0,0.0,0.0,0.0,788.0,263.0,0.0,0.0,787.0,263.0,785.0,263.0,781.0,263.0,787.0,263.0,,,,,,,,0.0,0.0,0.0,0.0,0.0,0.0,0.0,0.0,0.0,29,0.0,0.0,0.0,0.0,0.0,0.0,0.0,0.0,0.0,0.0,0.0,0.0,0.0,0.0,0.0,0.0,0.0,0.0,0.0,0.0,0.0,0.0,0.0,0.0,0.0,0.0,0.0,0.0,0.0,0.0
72,Marcos,Senesi Barón,Senesi,a,,,4.9,313,49.0,16.5,19,7.0,4.8,19.0,7.0,11,0,0.0,4,-4.0,5981,453,1.0,25.7,5.3,4.8,4.5,33.0,13.0,100.0,100.0,3.0,1.0,94.0,22.0,163.0,37.0,34.0,2.0,,,,,,,,0.05,0.15,0.2,1.5,0.0,0.29,1.63,1.02,12.13,29,11.0,90.0,0.0,0.0,1.0,0.0,0.0,0.0,0.0,0.0,0.0,0.0,1.0,3.0,31.0,32109.0,15052.0,0.0,0.0,0.040000000000000036,0.040000000000000036,0.3999999999999986,18.199999999999932,0.6999999999999886,0.0,1.9000000000000057,2.0,8.0,4.0,10.0
73,Adam,Smith,Smith,a,,,4.4,517,97.0,0.2,387,145.0,0.6,303.0,107.0,0,0,0.0,-1,1.0,13,24,0.1,6.8,1.1,0.6,1.9,344.0,128.0,100.0,100.0,374.0,142.0,373.0,131.0,384.0,135.0,397.0,143.0,,,,,,,,0.0,0.01,0.01,1.54,0.0,0.37,1.86,1.24,5.08,29,0.0,0.0,0.0,0.0,0.0,0.0,0.0,0.0,0.0,0.0,0.0,0.0,0.0,0.0,0.0,103.0,140.0,0.0,0.0,0.0,0.0,0.0,0.0,0.0,0.0,0.0,0.0,0.0,0.0,0.0
74,Adrien,Truffert,Truffert,a,,,4.6,401,70.0,2.2,127,49.0,5.4,11.0,5.0,8,0,0.0,1,-1.0,1446,135,1.2,23.3,5.9,5.4,3.7,98.0,36.0,,,41.0,17.0,64.0,13.0,251.0,69.0,72.0,14.0,,,,,,,,0.01,0.07,0.08,1.43,0.0,0.28,1.51,1.02,8.27,29,8.0,90.0,0.0,0.0,1.0,0.0,0.0,0.0,0.0,0.0,0.0,0.0,1.0,2.0,30.0,9955.0,3315.0,0.0,0.0,0.32999999999999985,0.33000000000000007,0.3999999999999986,14.0,17.69999999999999,2.0,3.3999999999999915,1.0,5.0,8.0,6.0
75,Matai,Akinmboni,Akinmboni,d,Lack of match fitness - 75% chance of playing,,3.8,805,252.0,0.2,386,144.0,0.0,399.0,151.0,0,0,0.0,-2,2.0,7,5,0.0,0.0,0.4,0.0,0.0,532.0,194.0,75.0,75.0,522.0,194.0,506.0,192.0,475.0,186.0,524.0,194.0,,,,,,,,0.0,0.0,0.0,0.0,0.0,0.0,0.0,0.0,0.0,29,0.0,0.0,0.0,0.0,0.0,0.0,0.0,0.0,0.0,0.0,0.0,0.0,0.0,0.0,0.0,46.0,59.0,0.0,0.0,0.0,0.0,0.0,0.0,0.0,0.0,0.0,0.0,0.0,0.0,0.0
76,Owen,Bevan,Bevan,a,,,3.8,803,250.0,0.2,388,146.0,0.0,397.0,149.0,0,0,0.0,-2,2.0,16,14,0.0,0.0,0.5,0.0,0.0,531.0,193.0,,,521.0,193.0,505.0,191.0,474.0,185.0,523.0,193.0,,,,,,,,0.0,0.0,0.0,0.0,0.0,0.0,0.0,0.0,0.0,29,0.0,0.0,0.0,0.0,0.0,0.0,0.0,0.0,0.0,0.0,0.0,0.0,0.0,0.0,0.0,156.0,140.0,0.0,0.0,0.0,0.0,0.0,0.0,0.0,0.0,0.0,0.0,0.0,0.0,0.0
77,James,Hill,Hill,a,,,4.1,656,159.0,7.0,55,19.0,6.4,5.0,3.0,8,0,0.0,1,-1.0,4372,210,1.6,18.3,6.9,6.4,3.8,83.0,29.0,,,132.0,59.0,286.0,91.0,283.0,81.0,230.0,77.0,,,,,,,,0.03,0.07,0.1,1.39,0.0,0.35,1.11,0.91,11.28,29,8.0,90.0,0.0,0.0,1.0,0.0,0.0,0.0,0.0,0.0,0.0,0.0,1.0,0.0,27.0,39155.0,7088.0,0.0,0.16,0.14,0.30000000000000004,0.40000000000000213,29.200000000000045,4.5,9.0,4.300000000000004,1.0,15.0,3.0,16.0
78,Julián,Araujo Zúñiga,J.Araujo,u,has joined Celtic on loan for the rest of the season.,,3.8,795,242.0,0.5,255,95.0,0.0,390.0,142.0,0,0,0.0,-2,2.0,0,34,0.0,0.0,0.0,0.0,0.0,525.0,187.0,0.0,0.0,515.0,187.0,499.0,185.0,468.0,179.0,517.0,187.0,,,,,,,,0.0,0.0,0.0,0.0,0.0,0.0,0.0,0.0,0.0,29,0.0,0.0,0.0,0.0,0.0,0.0,0.0,0.0,0.0,0.0,0.0,0.0,0.0,0.0,0.0,0.0,266.0,0.0,0.0,0.0,0.0,0.0,0.0,0.0,0.0,0.0,0.0,0.0,0.0,0.0
79,Chris,Mepham,Mepham,u,has joined West Bromwich Albion permanently.,,4.0,673,167.0,0.1,538,192.0,0.0,456.0,175.0,0,0,0.0,0,0.0,0,2,0.0,0.0,0.0,0.0,0.0,583.0,214.0,0.0,0.0,573.0,214.0,564.0,214.0,535.0,210.0,575.0,214.0,,,,,,,,0.0,0.0,0.0,0.0,0.0,0.0,0.0,0.0,0.0,29,0.0,0.0,0.0,0.0,0.0,0.0,0.0,0.0,0.0,0.0,0.0,0.0,0.0,0.0,0.0,0.0,10.0,0.0,0.0,0.0,0.0,0.0,0.0,0.0,0.0,0.0,0.0,0.0,0.0,0.0
80,Julio,Soler Barreto,Soler,i,Hamstring injury - Expected back 01 Jun,,4.0,717,193.0,0.2,378,141.0,0.0,496.0,198.0,0,0,0.0,0,0.0,2,15,0.0,0.8,0.0,0.0,1.0,455.0,166.0,0.0,0.0,490.0,175.0,451.0,164.0,441.0,165.0,489.0,172.0,,,,,,,,0.0,0.0,0.0,4.29,0.0,0.0,5.29,0.0,2.65,29,0.0,0.0,0.0,0.0,0.0,0.0,0.0,0.0,0.0,0.0,0.0,0.0,0.0,0.0,0.0,15.0,104.0,0.0,0.0,0.0,0.0,0.0,0.0,0.0,0.0,0.0,0.0,0.0,0.0,0.0
81,Justin,Kluivert,Kluivert,i,Knee injury - Expected back 09 May,,7.0,36,21.0,0.6,233,81.0,0.0,813.0,366.0,0,0,0.0,0,0.0,2,27,0.0,5.7,0.0,0.0,2.2,316.0,140.0,0.0,0.0,307.0,139.0,91.0,68.0,212.0,118.0,215.0,106.0,,3.0,1.0,,,,,0.22,0.15,0.37,1.65,0.0,0.39,1.77,0.98,6.11,29,0.0,0.0,0.0,0.0,0.0,0.0,0.0,0.0,0.0,0.0,0.0,0.0,0.0,0.0,0.0,17.0,158.0,0.0,0.0,0.0,0.0,0.0,0.0,0.0,0.0,0.0,0.0,0.0,0.0,0.0
84,Marcus,Tavernier,Tavernier,a,,,5.3,189,117.0,1.6,153,52.0,2.0,170.0,72.0,2,0,0.0,-2,2.0,1609,115,0.4,19.6,2.5,2.0,4.2,49.0,22.0,100.0,100.0,80.0,27.0,32.0,30.0,39.0,23.0,31.0,23.0,2.0,2.0,4.0,,,,,0.31,0.13,0.44,1.36,0.0,0.37,1.71,1.02,8.25,29,2.0,90.0,0.0,0.0,1.0,0.0,0.0,0.0,0.0,1.0,0.0,0.0,1.0,0.0,3.0,32377.0,1852.0,0.0,1.4100000000000001,0.10000000000000009,1.5099999999999998,0.40000000000000213,4.800000000000011,25.30000000000001,37.0,6.700000000000017,0.0,3.0,5.0,8.0
85,Tyler,Adams,Adams,a,,,4.9,301,189.0,0.3,334,113.0,2.0,166.0,69.0,4,0,0.0,-1,1.0,44,11,0.4,12.2,2.5,2.0,3.3,148.0,66.0,100.0,100.0,186.0,75.0,266.0,162.0,232.0,129.0,247.0,124.0,,,,,,,,0.04,0.02,0.06,1.33,0.0,0.38,1.53,1.15,11.6,29,4.0,90.0,0.0,0.0,1.0,0.0,0.0,0.0,0.0,1.0,0.0,0.0,1.0,0.0,13.0,253.0,159.0,0.0,0.0,0.02999999999999997,0.030000000000000027,0.3999999999999986,13.800000000000011,14.700000000000003,0.0,2.9000000000000057,0.0,5.0,7.0,12.0
86,David,Brooks,Brooks,a,,,5.0,246,150.0,0.2,392,131.0,0.6,310.0,142.0,0,0,0.0,0,0.0,15,20,0.1,9.2,1.1,0.6,2.0,333.0,145.0,100.0,100.0,261.0,110.0,77.0,58.0,47.0,29.0,102.0,59.0,,4.0,,,,,,0.4,0.25,0.65,1.5,0.0,0.36,1.6,1.07,7.01,29,0.0,0.0,0.0,0.0,0.0,0.0,0.0,0.0,0.0,0.0,0.0,0.0,0.0,0.0,0.0,141.0,190.0,0.0,0.0,0.0,0.0,0.0,0.0,0.0,0.0,0.0,0.0,0.0,0.0,0.0
88,Lewis,Cook,Cook,i,Hamstring injury - Expected back 11 Apr,,4.9,292,182.0,0.0,599,227.0,1.0,257.0,112.0,0,0,0.0,-1,1.0,2,29,0.2,7.8,0.0,0.0,2.4,288.0,124.0,0.0,0.0,256.0,107.0,178.0,121.0,398.0,197.0,288.0,144.0,1.0,,,,,,,0.01,0.05,0.06,1.4,0.0,0.1,1.86,0.83,14.79,29,0.0,0.0,0.0,0.0,0.0,0.0,0.0,0.0,0.0,0.0,0.0,0.0,0.0,0.0,0.0,5.0,327.0,0.0,0.0,0.0,0.0,0.0,0.0,0.0,0.0,0.0,0.0,0.0,0.0,0.0
90,Alex,Scott,Scott,a,,,5.1,241,146.0,1.3,169,59.0,3.4,75.0,34.0,3,0,0.0,1,-1.0,197,341,0.7,19.8,3.9,3.4,3.5,122.0,55.0,100.0,100.0,103.0,34.0,85.0,64.0,96.0,60.0,85.0,52.0,4.0,6.0,,,,,,0.14,0.07,0.21,1.5,0.0,0.34,1.44,1.1,11.8,29,3.0,90.0,0.0,0.0,1.0,0.0,0.0,0.0,0.0,0.0,0.0,0.0,1.0,0.0,11.0,2376.0,5511.0,0.0,0.16999999999999993,0.2899999999999998,0.45999999999999996,0.4000000000000057,12.199999999999989,36.0,14.0,6.200000000000003,1.0,4.0,4.0,9.0
91,Luis,Sinisterra Lucumí,Sinisterra,u,has joined Cruzeiro on loan for the rest of the season.,,5.0,254,154.0,0.0,738,312.0,0.0,742.0,315.0,0,0,0.0,0,0.0,0,0,0.0,0.0,0.0,0.0,0.0,784.0,342.0,0.0,0.0,783.0,341.0,780.0,341.0,777.0,339.0,783.0,341.0,,,,,,,,0.0,0.0,0.0,0.0,0.0,0.0,0.0,0.0,0.0,29,0.0,0.0,0.0,0.0,0.0,0.0,0.0,0.0,0.0,0.0,0.0,0.0,0.0,0.0,0.0,0.0,0.0,0.0,0.0,0.0,0.0,0.0,0.0,0.0,0.0,0.0,0.0,0.0,0.0,0.0
92,Romain,Faivre,Faivre,u,has joined Auxerre permanently.,,4.5,431,258.0,0.1,553,200.0,0.0,620.0,224.0,0,0,0.0,0,0.0,0,1,0.0,0.0,0.0,0.0,0.0,701.0,277.0,0.0,0.0,695.0,271.0,691.0,274.0,674.0,267.0,697.0,273.0,,,,,,,,0.0,0.0,0.0,0.0,0.0,0.0,0.0,0.0,0.0,29,0.0,0.0,0.0,0.0,0.0,0.0,0.0,0.0,0.0,0.0,0.0,0.0,0.0,0.0,0.0,0.0,12.0,0.0,0.0,0.0,0.0,0.0,0.0,0.0,0.0,0.0,0.0,0.0,0.0,0.0
93,Hamed,Traorè,H.Traorè,u,has joined Marseille on loan for the rest of the season.,,4.5,426,255.0,0.3,332,112.0,0.0,616.0,221.0,0,0,0.0,0,0.0,0,7,0.0,0.9,0.0,0.0,4.0,59.0,28.0,0.0,0.0,444.0,195.0,421.0,207.0,670.0,264.0,459.0,207.0,,,,,,,,0.0,0.0,0.0,2.25,0.0,0.0,11.25,0.0,22.5,29,0.0,0.0,0.0,0.0,0.0,0.0,0.0,0.0,0.0,0.0,0.0,0.0,0.0,0.0,0.0,0.0,35.0,0.0,0.0,0.0,0.0,0.0,0.0,0.0,0.0,0.0,0.0,0.0,0.0,0.0
94,Dominic,Sadi,Sadi,u,has joined Novi Pazar on loan for the rest of the season.,,4.5,463,282.0,0.0,642,254.0,0.0,643.0,245.0,0,0,0.0,0,0.0,0,0,0.0,0.0,0.0,0.0,0.0,722.0,297.0,0.0,0.0,717.0,292.0,713.0,294.0,697.0,287.0,718.0,293.0,,,,,,,,0.0,0.0,0.0,0.0,0.0,0.0,0.0,0.0,0.0,29,0.0,0.0,0.0,0.0,0.0,0.0,0.0,0.0,0.0,0.0,0.0,0.0,0.0,0.0,0.0,0.0,3.0,0.0,0.0,0.0,0.0,0.0,0.0,0.0,0.0,0.0,0.0,0.0,0.0,0.0
95,Zain,Silcott-Duberry,Silcott-Duberry,u,has joined Olympiakos permanently.,,4.4,554,331.0,0.1,575,213.0,0.0,586.0,205.0,0,0,0.0,-1,1.0,0,0,0.0,0.0,0.0,0.0,0.0,677.0,264.0,0.0,0.0,668.0,255.0,664.0,260.0,643.0,250.0,670.0,257.0,,,,,,,,0.0,0.0,0.0,0.0,0.0,0.0,0.0,0.0,0.0,29,0.0,0.0,0.0,0.0,0.0,0.0,0.0,0.0,0.0,0.0,0.0,0.0,0.0,0.0,0.0,0.0,7.0,0.0,0.0,0.0,0.0,0.0,0.0,0.0,0.0,0.0,0.0,0.0,0.0,0.0
96,Ben,Winterburn,Winterburn,u,has joined Barnet on loan for the rest of the season.,,4.5,493,304.0,0.0,640,253.0,0.0,670.0,266.0,0,0,0.0,0,0.0,0,0,0.0,0.2,0.0,0.0,1.0,484.0,219.0,0.0,0.0,741.0,310.0,735.0,310.0,722.0,306.0,741.0,310.0,,,,,,,,0.0,0.0,0.0,4.65,0.0,0.0,30.0,0.0,0.0,29,0.0,0.0,0.0,0.0,0.0,0.0,0.0,0.0,0.0,0.0,0.0,0.0,0.0,0.0,0.0,0.0,4.0,0.0,0.0,0.0,0.0,0.0,0.0,0.0,0.0,0.0,0.0,0.0,0.0,0.0
97,Francisco Evanilson,de Lima Barbosa,Evanilson,d,Dead leg - 75% chance of playing,,6.8,45,16.0,2.2,130,21.0,2.6,124.0,18.0,2,-1,1.0,-2,2.0,202,877,0.4,12.8,2.3,2.0,3.2,165.0,16.0,75.0,75.0,190.0,16.0,88.0,3.0,15.0,10.0,40.0,9.0,,,,,,,,0.34,0.05,0.39,1.28,0.0,0.36,1.48,1.03,3.8,29,2.0,79.0,0.0,0.0,1.0,0.0,0.0,0.0,0.0,0.0,0.0,0.0,1.0,0.0,13.0,778.0,24497.0,0.0,0.0,0.20999999999999985,0.21000000000000085,0.26000000000000156,6.399999999999977,27.299999999999955,4.0,3.799999999999997,0.0,1.0,5.0,6.0
98,Enes,Ünal,Enes Ünal,a,,,5.4,159,39.0,0.0,590,81.0,1.0,263.0,32.0,1,0,0.0,-1,1.0,12,18,0.2,3.7,1.5,1.0,1.2,441.0,53.0,100.0,100.0,411.0,46.0,410.0,55.0,268.0,47.0,398.0,49.0,,1.0,,,,,,0.71,0.03,0.74,1.83,0.0,0.0,1.06,0.0,6.35,29,1.0,10.0,0.0,0.0,0.0,0.0,0.0,0.0,0.0,0.0,0.0,0.0,0.0,0.0,5.0,168.0,108.0,0.0,0.0,0.009999999999999995,0.010000000000000009,0.13000000000000034,4.200000000000003,1.5,2.0,0.8000000000000007,1.0,1.0,0.0,2.0
99,Daniel,Adu-Adjei,Adu-Adjei,u,has joined HNK Rijeka permanently.,,4.4,569,83.0,0.1,430,63.0,0.0,600.0,65.0,0,0,0.0,-1,1.0,0,2,0.0,0.0,0.0,0.0,0.0,687.0,75.0,0.0,0.0,680.0,75.0,675.0,74.0,655.0,74.0,682.0,75.0,,,,,,,,0.0,0.0,0.0,0.0,0.0,0.0,0.0,0.0,0.0,29,0.0,0.0,0.0,0.0,0.0,0.0,0.0,0.0,0.0,0.0,0.0,0.0,0.0,0.0,0.0,0.0,19.0,0.0,0.0,0.0,0.0,0.0,0.0,0.0,0.0,0.0,0.0,0.0,0.0,0.0
100,Junior,Kroupi,Kroupi.Jr,a,,,4.7,393,65.0,6.9,56,10.0,1.6,202.0,25.0,1,0,0.0,2,-2.0,814,2448,0.3,15.3,2.1,1.6,3.0,193.0,19.0,,,154.0,15.0,161.0,12.0,63.0,23.0,107.0,16.0,,,,,,,,0.41,0.06,0.47,1.55,0.0,0.43,1.54,1.11,6.76,29,1.0,16.0,0.0,0.0,0.0,0.0,0.0,0.0,0.0,0.0,0.0,0.0,0.0,0.0,3.0,12186.0,33613.0,0.0,0.1299999999999999,0.029999999999999916,0.16000000000000014,0.23000000000000043,4.800000000000011,0.799999999999983,5.0,1.1000000000000085,1.0,2.0,5.0,8.0
391,Ben,Gannon-Doak,Gannon-Doak,i,Hamstring injury - Unknown return date,,4.8,370,231.0,0.0,638,252.0,0.0,707.0,292.0,0,0,0.0,-2,2.0,0,0,0.0,1.5,0.0,0.0,1.8,371.0,159.0,0.0,0.0,445.0,196.0,405.0,201.0,400.0,199.0,449.0,202.0,,,,,,,,0.15,0.15,0.3,4.52,0.0,0.0,1.7,0.0,5.09,29,0.0,0.0,0.0,0.0,0.0,0.0,0.0,0.0,0.0,0.0,0.0,0.0,0.0,0.0,0.0,2.0,3.0,0.0,0.0,0.0,0.0,0.0,0.0,0.0,0.0,0.0,0.0,0.0,0.0,0.0
685,Bafodé,Diakité,Diakité,a,,,4.2,634,146.0,0.3,326,120.0,0.0,525.0,219.0,0,0,0.0,-3,3.0,7,35,0.0,11.0,0.5,0.0,2.6,246.0,93.0,100.0,100.0,212.0,83.0,331.0,114.0,370.0,126.0,316.0,107.0,,,,,,,,0.0,0.01,0.01,1.59,0.0,0.28,1.91,1.06,8.26,29,0.0,0.0,0.0,0.0,0.0,0.0,0.0,0.0,0.0,0.0,0.0,0.0,0.0,0.0,0.0,79.0,311.0,0.0,0.0,0.0,0.0,0.0,0.0,0.0,0.0,0.0,0.0,0.0,0.0,0.0
697,Amine,Adli,Adli,a,,,5.4,175,108.0,0.6,241,83.0,3.4,76.0,35.0,1,0,0.0,-1,1.0,56,802,0.6,11.1,3.9,3.4,2.4,292.0,128.0,,,216.0,93.0,157.0,108.0,101.0,62.0,163.0,86.0,3.0,,,,,,,0.25,0.15,0.4,1.43,0.0,0.29,1.37,0.88,10.53,29,1.0,16.0,0.0,0.0,0.0,0.0,0.0,0.0,0.0,0.0,0.0,0.0,0.0,0.0,5.0,875.0,7240.0,0.0,0.029999999999999805,0.0,0.029999999999999805,0.23000000000000043,5.000000000000028,0.29999999999998295,9.0,1.4000000000000057,0.0,1.0,2.0,3.0
713,Álex,Jiménez Sánchez,A.Jimenez,a,,,4.5,465,92.0,0.2,347,127.0,3.6,59.0,20.0,8,0,0.0,0,0.0,190,32,0.8,14.0,4.1,3.6,2.5,270.0,106.0,,,160.0,69.0,154.0,38.0,161.0,36.0,156.0,53.0,,,,,,,,0.05,0.07,0.12,1.64,0.0,0.24,1.6,1.02,5.68,29,8.0,90.0,0.0,0.0,1.0,0.0,0.0,0.0,0.0,0.0,0.0,0.0,1.0,2.0,30.0,1059.0,953.0,0.0,0.040000000000000036,0.3899999999999999,0.43000000000000016,0.4000000000000057,16.399999999999977,25.799999999999983,8.0,5.0,2.0,5.0,5.0,7.0
721,Veljko,Milosavljevic,Milosavljević,a,,,4.4,571,121.0,0.0,653,230.0,0.0,601.0,237.0,0,0,0.0,-1,1.0,4,4,0.0,4.3,0.5,0.0,2.7,230.0,91.0,100.0,100.0,358.0,137.0,406.0,148.0,405.0,149.0,407.0,146.0,,,,,,,,0.04,0.05,0.09,1.08,0.0,0.25,1.47,0.98,9.56,29,0.0,0.0,0.0,0.0,0.0,0.0,0.0,0.0,0.0,0.0,0.0,0.0,0.0,0.0,0.0,19.0,14.0,0.0,0.0,0.0,0.0,0.0,0.0,0.0,0.0,0.0,0.0,0.0,0.0,0.0
782,Fraser,Forster,Forster,a,,,4.0,660,40.0,0.0,668,80.0,0.0,446.0,52.0,0,0,0.0,0,0.0,4,5,0.0,0.0,0.5,0.0,0.0,575.0,63.0,,,565.0,63.0,553.0,47.0,524.0,34.0,567.0,63.0,,,,,,,,0.0,0.0,0.0,0.0,0.0,0.0,0.0,0.0,0.0,29,0.0,0.0,0.0,0.0,0.0,0.0,0.0,0.0,0.0,0.0,0.0,0.0,0.0,0.0,0.0,57.0,28.0,0.0,0.0,0.0,0.0,0.0,0.0,0.0,0.0,0.0,0.0,0.0,0.0,0.0
799,Charlie,Stevens,Stevens,a,,,4.5,511,315.0,0.0,782,340.0,0.0,683.0,275.0,0,0,0.0,0,0.0,2,4,0.0,0.0,0.5,0.0,0.0,754.0,320.0,,,753.0,319.0,747.0,319.0,734.0,315.0,753.0,319.0,,,,,,,,0.0,0.0,0.0,0.0,0.0,0.0,0.0,0.0,0.0,29,0.0,0.0,0.0,0.0,0.0,0.0,0.0,0.0,0.0,0.0,0.0,0.0,0.0,0.0,0.0,27.0,17.0,0.0,0.0,0.0,0.0,0.0,0.0,0.0,0.0,0.0,0.0,0.0,0.0,0.0
801,Alex,Tóth,Tóth.A,a,,,5.0,282,176.0,0.0,760,324.0,0.2,369.0,169.0,0,0,0.0,0,0.0,1,2,0.0,0.6,0.7,0.2,0.8,512.0,240.0,,,474.0,214.0,370.0,190.0,392.0,196.0,441.0,197.0,,,,,,,,0.08,0.32,0.4,2.97,0.0,0.0,1.27,1.27,10.14,29,0.0,0.0,0.0,0.0,0.0,0.0,0.0,0.0,0.0,0.0,0.0,0.0,0.0,0.0,0.0,5.0,17.0,0.0,0.0,0.0,0.0,0.0,0.0,0.0,0.0,0.0,0.0,0.0,0.0,0.0
806,Christos,Mandas,Mandas,a,,,4.0,678,50.0,0.0,769,89.0,0.0,461.0,61.0,0,0,0.0,0,0.0,0,2,0.0,0.0,0.5,0.0,0.0,588.0,70.0,,,578.0,70.0,569.0,57.0,540.0,44.0,580.0,70.0,,,,,,,,0.0,0.0,0.0,0.0,0.0,0.0,0.0,0.0,0.0,29,0.0,0.0,0.0,0.0,0.0,0.0,0.0,0.0,0.0,0.0,0.0,0.0,0.0,0.0,0.0,11.0,16.0,0.0,0.0,0.0,0.0,0.0,0.0,0.0,0.0,0.0,0.0,0.0,0.0,0.0
807,Rayan Vitor,Simplício Rocha,Rayan,a,,,5.6,133,82.0,2.7,113,36.0,4.6,26.0,12.0,3,0,0.0,1,-1.0,806,910,0.8,4.8,5.1,4.6,4.5,34.0,15.0,,,328.0,148.0,230.0,146.0,236.0,131.0,317.0,155.0,,,,,,,,0.17,0.21,0.38,1.8,0.0,0.4,0.6,1.0,5.39,29,3.0,73.0,0.0,0.0,1.0,0.0,0.0,0.0,0.0,0.0,0.0,0.0,1.0,0.0,8.0,12486.0,11555.0,0.0,0.0,0.040000000000000036,0.039999999999999813,0.16999999999999993,8.199999999999989,5.099999999999994,6.0,1.8999999999999986,2.0,3.0,3.0,8.0
27,Reiss,Nelson,Nelson,i,Calf injury - Expected back 16 Mar,,4.8,356,223.0,0.1,489,173.0,0.0,698.0,287.0,0,0,0.0,-2,2.0,0,15,0.0,1.2,0.0,0.0,1.0,488.0,223.0,0.0,0.0,449.0,199.0,445.0,215.0,390.0,195.0,456.0,206.0,,,,,,,,1.1,0.13,1.23,2.18,0.0,0.0,1.8,0.0,30.6,29,0.0,0.0,0.0,0.0,0.0,0.0,0.0,0.0,0.0,0.0,0.0,0.0,0.0,0.0,0.0,3.0,73.0,0.0,0.0,0.0,0.0,0.0,0.0,0.0,0.0,0.0,0.0,0.0,0.0,0.0
83,Dango,Ouattara,O.Dango,a,,,6.0,91,57.0,3.5,96,30.0,4.6,27.0,13.0,3,1,-1.0,0,0.0,2066,394,0.8,16.2,5.1,4.6,4.2,52.0,24.0,100.0,100.0,149.0,51.0,127.0,87.0,31.0,16.0,77.0,47.0,3.0,,,,,,,0.3,0.13,0.43,1.28,0.0,0.22,1.34,1.0,7.81,29,3.0,86.0,0.0,0.0,1.0,0.0,0.0,0.0,0.0,0.0,0.0,0.0,1.0,0.0,9.0,53491.0,8488.0,0.0,0.13999999999999968,0.0,0.13999999999999968,1.8500000000000014,7.600000000000023,0.8000000000000114,21.0,2.8999999999999915,2.0,1.0,6.0,9.0
101,Caoimhín,Kelleher,Kelleher,a,,,4.7,382,17.0,11.7,28,5.0,2.2,149.0,14.0,6,0,0.0,2,-2.0,3342,440,0.5,22.1,2.7,2.2,3.7,100.0,12.0,100.0,100.0,23.0,7.0,393.0,4.0,744.0,82.0,184.0,7.0,,,,,,,,0.0,0.0,0.0,1.41,2.68,0.25,1.32,1.0,0.0,29,6.0,90.0,0.0,0.0,1.0,0.0,0.0,0.0,0.0,0.0,0.0,2.0,1.0,0.0,25.0,16281.0,13094.0,0.0,0.0,0.0,0.0,1.9899999999999949,16.40000000000009,0.0,0.0,1.5999999999999943,0.0,1.0,7.0,0.0
102,Ellery,Balcombe,Balcombe,a,,,3.9,756,79.0,0.3,337,46.0,0.0,421.0,38.0,0,0,0.0,-1,1.0,5,17,0.0,0.0,0.5,0.0,0.0,551.0,49.0,,,541.0,49.0,528.0,32.0,498.0,19.0,543.0,49.0,,,,,,,,0.0,0.0,0.0,0.0,0.0,0.0,0.0,0.0,0.0,29,0.0,0.0,0.0,0.0,0.0,0.0,0.0,0.0,0.0,0.0,0.0,0.0,0.0,0.0,0.0,86.0,83.0,0.0,0.0,0.0,0.0,0.0,0.0,0.0,0.0,0.0,0.0,0.0,0.0,0.0
103,Matthew,Cox,Cox,u,has joined Shrewsbury Town on loan for the rest of the season.,,3.9,772,87.0,0.1,424,63.0,0.0,434.0,46.0,0,0,0.0,-1,1.0,0,8,0.0,0.0,0.0,0.0,0.0,563.0,57.0,0.0,0.0,553.0,57.0,540.0,40.0,510.0,27.0,555.0,57.0,,,,,,,,0.0,0.0,0.0,0.0,0.0,0.0,0.0,0.0,0.0,29,0.0,0.0,0.0,0.0,0.0,0.0,0.0,0.0,0.0,0.0,0.0,0.0,0.0,0.0,0.0,0.0,79.0,0.0,0.0,0.0,0.0,0.0,0.0,0.0,0.0,0.0,0.0,0.0,0.0,0.0
104,Julian,Eyestone,Eyestone,a,,,3.9,776,89.0,0.1,455,67.0,0.0,437.0,47.0,0,0,0.0,-1,1.0,2,7,0.0,0.0,0.5,0.0,0.0,566.0,58.0,,,556.0,58.0,544.0,42.0,514.0,29.0,558.0,58.0,,,,,,,,0.0,0.0,0.0,0.0,0.0,0.0,0.0,0.0,0.0,29,0.0,0.0,0.0,0.0,0.0,0.0,0.0,0.0,0.0,0.0,0.0,0.0,0.0,0.0,0.0,35.0,55.0,0.0,0.0,0.0,0.0,0.0,0.0,0.0,0.0,0.0,0.0,0.0,0.0,0.0
105,Hákon Rafn,Valdimarsson,Valdimarsson,a,,,3.9,773,88.0,0.6,234,31.0,0.2,349.0,23.0,0,0,0.0,-1,1.0,11,23,0.1,0.3,0.7,0.2,1.0,452.0,33.0,,,453.0,33.0,541.0,41.0,511.0,28.0,479.0,33.0,,,,,,,,0.0,0.0,0.0,0.97,1.0,0.0,3.0,1.0,0.0,29,0.0,0.0,0.0,0.0,0.0,0.0,0.0,0.0,0.0,0.0,0.0,0.0,0.0,0.0,0.0,264.0,212.0,0.0,0.0,0.0,0.0,0.0,0.0,0.0,0.0,0.0,0.0,0.0,0.0,0.0
106,Nathan,Collins,Collins,a,,,4.9,323,52.0,2.6,115,45.0,1.4,224.0,87.0,6,0,0.0,-1,1.0,999,404,0.3,20.2,1.9,1.4,3.8,85.0,31.0,,,17.0,5.0,232.0,61.0,98.0,11.0,75.0,16.0,,,,,,,,0.07,0.06,0.13,1.39,0.0,0.25,1.33,0.96,10.08,29,6.0,90.0,0.0,0.0,1.0,0.0,0.0,0.0,0.0,0.0,0.0,0.0,1.0,0.0,23.0,2684.0,11642.0,0.0,0.0,0.2100000000000002,0.20999999999999996,1.990000000000002,15.0,1.3999999999999915,8.0,2.4000000000000057,0.0,5.0,3.0,5.0
107,Keane,Lewis-Potter,Lewis-Potter,a,,,4.8,365,62.0,1.7,152,60.0,2.2,150.0,58.0,1,0,0.0,-2,2.0,335,966,0.5,16.5,2.7,2.2,2.9,201.0,79.0,,,245.0,97.0,188.0,46.0,108.0,15.0,200.0,66.0,,1.0,,,,,,0.16,0.08,0.24,1.61,0.0,0.47,1.56,1.02,3.2,29,1.0,3.0,0.0,0.0,0.0,0.0,0.0,0.0,0.0,0.0,0.0,0.0,0.0,0.0,4.0,2479.0,7258.0,0.0,0.0,0.0,0.0,0.13000000000000256,0.19999999999998863,0.0,0.0,0.0,0.0,0.0,2.0,0.0
108,Kristoffer,Ajer,Ajer,a,,,4.4,524,103.0,0.3,345,126.0,3.0,101.0,39.0,6,0,0.0,-1,1.0,74,42,0.7,15.9,3.5,3.0,3.0,188.0,71.0,100.0,100.0,145.0,63.0,328.0,111.0,167.0,38.0,218.0,74.0,,,,,,,,0.04,0.04,0.08,1.47,0.0,0.28,1.46,1.01,9.25,29,6.0,69.0,0.0,0.0,1.0,0.0,0.0,0.0,0.0,0.0,0.0,0.0,0.0,0.0,18.0,827.0,1015.0,0.0,0.0,0.0,0.0,1.990000000000002,11.399999999999977,0.0,4.0,1.5,3.0,3.0,1.0,6.0
109,Rico,Henry,Henry,a,,,4.3,582,128.0,0.2,369,136.0,1.8,181.0,66.0,1,0,0.0,-2,2.0,65,48,0.4,12.1,2.3,1.8,2.1,320.0,117.0,,,303.0,116.0,291.0,93.0,345.0,114.0,347.0,117.0,,,,,,,,0.01,0.04,0.05,1.63,0.0,0.27,1.5,0.95,4.63,29,1.0,20.0,0.0,0.0,0.0,0.0,0.0,0.0,0.0,0.0,0.0,0.0,1.0,0.0,4.0,1370.0,593.0,0.0,0.0,0.0,0.0,0.0,2.0,0.29999999999999716,0.0,0.1999999999999993,0.0,1.0,1.0,1.0
110,Michael,Kayode,Kayode,a,,,4.5,494,95.0,0.7,220,83.0,1.6,200.0,78.0,6,0,0.0,0,0.0,531,49,0.4,17.3,2.1,1.6,2.8,216.0,86.0,100.0,100.0,89.0,39.0,59.0,8.0,278.0,79.0,101.0,28.0,,,,,,,,0.01,0.09,0.1,1.42,0.0,0.26,1.36,1.03,6.43,29,6.0,90.0,0.0,0.0,1.0,0.0,0.0,0.0,0.0,0.0,0.0,0.0,1.0,0.0,27.0,3015.0,1424.0,0.0,0.0,0.020000000000000018,0.020000000000000018,1.9899999999999949,10.600000000000023,1.7999999999999545,0.0,1.2000000000000028,2.0,3.0,7.0,5.0
111,Ethan,Pinnock,Pinnock,a,,,4.2,631,144.0,0.1,453,167.0,0.0,522.0,217.0,0,0,0.0,-3,3.0,5,11,0.0,1.0,0.5,0.0,1.3,427.0,154.0,100.0,100.0,395.0,152.0,465.0,171.0,397.0,144.0,431.0,155.0,,,,,,,,0.0,0.02,0.02,1.26,0.0,0.0,1.97,1.18,11.45,29,0.0,0.0,0.0,0.0,0.0,0.0,0.0,0.0,0.0,0.0,0.0,0.0,0.0,0.0,0.0,82.0,112.0,0.0,0.0,0.0,0.0,0.0,0.0,0.0,0.0,0.0,0.0,0.0,0.0,0.0
112,Mads,Roerslev Rasmussen,Roerslev,u,Has joined Southampton permanently.,,4.5,423,83.0,0.0,713,247.0,0.0,614.0,241.0,0,0,0.0,0,0.0,0,0,0.0,0.0,0.0,0.0,0.0,697.0,257.0,0.0,0.0,691.0,257.0,686.0,257.0,668.0,257.0,693.0,257.0,,,,,,,,0.0,0.0,0.0,0.0,0.0,0.0,0.0,0.0,0.0,29,0.0,0.0,0.0,0.0,0.0,0.0,0.0,0.0,0.0,0.0,0.0,0.0,0.0,0.0,0.0,0.0,1.0,0.0,0.0,0.0,0.0,0.0,0.0,0.0,0.0,0.0,0.0,0.0,0.0,0.0
113,Sepp,van den Berg,Van den Berg,a,,,4.5,432,86.0,1.0,188,70.0,4.4,32.0,9.0,6,0,0.0,0,0.0,1600,66,1.0,18.4,4.9,4.4,3.5,119.0,42.0,100.0,100.0,69.0,31.0,329.0,112.0,100.0,12.0,135.0,43.0,,,,,,,,0.12,0.02,0.14,1.36,0.0,0.21,1.44,0.98,8.99,29,6.0,90.0,0.0,0.0,1.0,0.0,0.0,0.0,0.0,0.0,0.0,0.0,1.0,0.0,25.0,11780.0,2369.0,0.0,0.10000000000000009,0.010000000000000009,0.10999999999999988,1.9899999999999984,16.600000000000023,0.5,17.0,3.3999999999999915,0.0,7.0,6.0,7.0
114,Benjamin,Arthur,Arthur,u,has joined Celtic on loan for the rest of the season.,,3.8,815,261.0,0.2,379,142.0,0.0,407.0,158.0,0,0,0.0,-2,2.0,0,13,0.0,0.0,0.0,0.0,0.0,538.0,199.0,0.0,0.0,528.0,199.0,514.0,199.0,484.0,194.0,530.0,199.0,,,,,,,,0.0,0.0,0.0,0.0,0.0,0.0,0.0,0.0,0.0,29,0.0,0.0,0.0,0.0,0.0,0.0,0.0,0.0,0.0,0.0,0.0,0.0,0.0,0.0,0.0,0.0,110.0,0.0,0.0,0.0,0.0,0.0,0.0,0.0,0.0,0.0,0.0,0.0,0.0,0.0
115,Benjamin,Fredrick,Fredrick,u,has joined Dender on loan for the rest of the season.,,4.0,728,203.0,0.1,526,187.0,0.0,506.0,207.0,0,0,0.0,0,0.0,0,1,0.0,0.0,0.0,0.0,0.0,628.0,241.0,0.0,0.0,618.0,241.0,610.0,241.0,582.0,238.0,620.0,241.0,,,,,,,,0.0,0.0,0.0,0.0,0.0,0.0,0.0,0.0,0.0,29,0.0,0.0,0.0,0.0,0.0,0.0,0.0,0.0,0.0,0.0,0.0,0.0,0.0,0.0,0.0,0.0,12.0,0.0,0.0,0.0,0.0,0.0,0.0,0.0,0.0,0.0,0.0,0.0,0.0,0.0
116,Aaron,Hickey,Hickey,i,Hamstring injury - Expected back 11 Apr,,4.0,687,173.0,0.4,278,102.0,0.4,322.0,112.0,0,0,0.0,0,0.0,0,160,0.1,8.2,0.0,0.0,1.8,359.0,134.0,0.0,0.0,375.0,143.0,401.0,146.0,335.0,110.0,392.0,142.0,,,,,,,,0.06,0.03,0.09,0.99,0.0,0.31,1.22,1.07,6.43,29,0.0,0.0,0.0,0.0,0.0,0.0,0.0,0.0,0.0,0.0,0.0,0.0,0.0,0.0,0.0,12.0,1485.0,0.0,0.0,0.0,0.0,0.0,0.0,0.0,0.0,0.0,0.0,0.0,0.0,0.0
117,Kim,Ji-soo,Ji-soo,u,has joined Kaiserslautern on loan for the rest of the season.,,3.9,781,229.0,0.1,520,185.0,0.0,442.0,168.0,0,0,0.0,-1,1.0,0,3,0.0,0.0,0.0,0.0,0.0,571.0,207.0,0.0,0.0,561.0,207.0,549.0,207.0,519.0,202.0,563.0,207.0,,,,,,,,0.0,0.0,0.0,0.0,0.0,0.0,0.0,0.0,0.0,29,0.0,0.0,0.0,0.0,0.0,0.0,0.0,0.0,0.0,0.0,0.0,0.0,0.0,0.0,0.0,0.0,16.0,0.0,0.0,0.0,0.0,0.0,0.0,0.0,0.0,0.0,0.0,0.0,0.0,0.0
118,Jayden,Meghoma,Meghoma,u,Has joined Rangers on loan for the rest of the season.,,4.0,699,181.0,0.0,611,217.0,0.0,481.0,188.0,0,0,0.0,0,0.0,0,1,0.0,0.0,0.0,0.0,0.0,605.0,224.0,0.0,0.0,595.0,224.0,586.0,224.0,557.0,220.0,597.0,224.0,,,,,,,,0.0,0.0,0.0,0.0,0.0,0.0,0.0,0.0,0.0,29,0.0,0.0,0.0,0.0,0.0,0.0,0.0,0.0,0.0,0.0,0.0,0.0,0.0,0.0,0.0,0.0,2.0,0.0,0.0,0.0,0.0,0.0,0.0,0.0,0.0,0.0,0.0,0.0,0.0,0.0
120,Kevin,Schade,Schade,a,,,6.9,41,25.0,1.7,149,51.0,2.2,160.0,68.0,3,0,0.0,-1,1.0,1989,238,0.3,14.1,2.7,2.2,3.7,104.0,48.0,100.0,100.0,75.0,23.0,78.0,59.0,11.0,5.0,25.0,20.0,,,3.0,,,,,0.42,0.08,0.5,1.24,0.0,0.35,1.09,1.05,6.76,29,3.0,90.0,0.0,0.0,1.0,0.0,0.0,0.0,0.0,0.0,0.0,0.0,1.0,0.0,2.0,26079.0,3628.0,0.0,0.129999999999999,0.07000000000000006,0.20000000000000107,1.990000000000002,2.1999999999999886,13.399999999999977,11.0,2.6999999999999886,0.0,0.0,3.0,3.0
121,Mikkel,Damsgaard,Damsgaard,a,,,5.6,130,80.0,0.7,211,74.0,4.8,21.0,9.0,3,0,0.0,-4,4.0,1572,110,0.9,15.2,5.3,4.8,3.4,140.0,64.0,100.0,100.0,106.0,35.0,23.0,22.0,99.0,61.0,47.0,33.0,,3.0,,,,,,0.11,0.24,0.35,1.37,0.0,0.18,1.51,1.02,10.11,29,3.0,90.0,0.0,0.0,1.0,0.0,0.0,0.0,0.0,0.0,0.0,0.0,1.0,0.0,9.0,15653.0,931.0,0.0,0.0,0.03000000000000025,0.03000000000000025,1.9899999999999984,12.0,13.899999999999977,4.0,3.0,2.0,3.0,5.0,10.0
122,Antoni,Milambo,Milambo,i,Knee injury - Expected back 01 Jun,,5.2,217,135.0,0.0,652,261.0,0.0,767.0,333.0,0,0,0.0,-3,3.0,0,0,0.0,0.2,0.0,0.0,1.0,500.0,232.0,0.0,0.0,479.0,218.0,455.0,218.0,791.0,349.0,490.0,224.0,,,,,,,,0.0,0.02,0.02,2.98,0.0,0.0,6.0,2.0,8.0,29,0.0,0.0,0.0,0.0,0.0,0.0,0.0,0.0,0.0,0.0,0.0,0.0,0.0,0.0,0.0,3.0,5.0,0.0,0.0,0.0,0.0,0.0,0.0,0.0,0.0,0.0,0.0,0.0,0.0,0.0
123,Fábio,Freitas Gouveia Carvalho,Carvalho,i,Knee injury - Expected back 01 Jun,,4.7,386,241.0,0.1,465,158.0,0.0,692.0,283.0,0,0,0.0,-3,3.0,3,5,0.0,2.8,0.0,0.0,2.2,307.0,133.0,0.0,0.0,418.0,183.0,434.0,211.0,343.0,179.0,426.0,192.0,,,4.0,,,,,0.63,0.03,0.66,1.87,0.0,0.0,3.6,0.9,7.2,29,0.0,0.0,0.0,0.0,0.0,0.0,0.0,0.0,0.0,0.0,0.0,0.0,0.0,0.0,0.0,4.0,27.0,0.0,0.0,0.0,0.0,0.0,0.0,0.0,0.0,0.0,0.0,0.0,0.0,0.0
124,Jordan,Henderson,Henderson,a,,,5.0,244,149.0,0.3,299,103.0,1.6,206.0,84.0,3,0,0.0,0,0.0,19,19,0.3,13.6,2.1,1.6,2.5,274.0,116.0,100.0,100.0,189.0,78.0,80.0,60.0,334.0,174.0,185.0,94.0,,,,,,,,0.02,0.12,0.14,1.33,0.0,0.28,1.32,1.05,8.59,29,3.0,61.0,0.0,0.0,1.0,0.0,0.0,0.0,0.0,0.0,0.0,0.0,1.0,0.0,14.0,165.0,506.0,0.0,0.0,0.009999999999999787,0.009999999999999787,1.7399999999999984,7.199999999999989,3.7999999999999545,0.0,1.1000000000000085,1.0,4.0,4.0,9.0
125,Vitaly,Janelt,Janelt,i,Foot injury - Unknown return date,,4.9,303,190.0,0.2,359,120.0,2.2,152.0,61.0,0,0,0.0,-1,1.0,0,524,0.4,14.3,0.0,0.0,3.2,156.0,67.0,0.0,0.0,164.0,61.0,87.0,66.0,254.0,139.0,151.0,80.0,2.0,,,,,,,0.06,0.14,0.2,1.45,0.0,0.36,1.15,0.93,11.78,29,0.0,0.0,0.0,0.0,0.0,0.0,0.0,0.0,0.0,0.0,0.0,0.0,0.0,0.0,0.0,7.0,5443.0,0.0,0.0,0.0,0.0,0.0,0.0,0.0,0.0,0.0,0.0,0.0,0.0,0.0
126,Mathias,Jensen,Jensen,a,,,4.9,306,192.0,0.1,482,169.0,3.4,73.0,33.0,4,0,0.0,-1,1.0,50,9,0.7,13.3,3.9,3.4,2.4,289.0,125.0,,,205.0,85.0,53.0,45.0,180.0,98.0,127.0,73.0,1.0,2.0,5.0,,,,,0.12,0.24,0.36,1.4,0.0,0.37,1.29,1.04,8.11,29,4.0,90.0,0.0,0.0,1.0,0.0,0.0,0.0,0.0,1.0,0.0,0.0,1.0,0.0,21.0,326.0,530.0,0.0,0.020000000000000018,0.2599999999999998,0.28000000000000025,1.9899999999999984,27.80000000000001,31.700000000000045,2.0,6.199999999999989,3.0,8.0,7.0,18.0
127,Gustavo,Nunes Fernandes Gomes,Nunes,u,has joined Swansea City on loan for the rest of the season.,,4.9,346,215.0,0.0,720,299.0,0.0,737.0,312.0,0,0,0.0,-1,1.0,0,2,0.0,0.0,0.0,0.0,0.0,780.0,339.0,0.0,0.0,779.0,338.0,775.0,338.0,771.0,336.0,779.0,338.0,,,,,,,,0.0,0.0,0.0,0.0,0.0,0.0,0.0,0.0,0.0,29,0.0,0.0,0.0,0.0,0.0,0.0,0.0,0.0,0.0,0.0,0.0,0.0,0.0,0.0,0.0,0.0,14.0,0.0,0.0,0.0,0.0,0.0,0.0,0.0,0.0,0.0,0.0,0.0,0.0,0.0
128,Frank,Onyeka,Onyeka,u,has joined Coventry City on loan for the rest of the season.,,4.8,366,228.0,0.0,606,232.0,0.0,705.0,291.0,0,0,0.0,-2,2.0,0,1,0.0,2.5,0.0,0.0,2.0,331.0,143.0,0.0,0.0,433.0,192.0,407.0,202.0,435.0,214.0,450.0,203.0,,,,,,,,0.0,0.37,0.37,2.07,0.0,0.0,2.05,0.0,10.23,29,0.0,0.0,0.0,0.0,0.0,0.0,0.0,0.0,0.0,0.0,0.0,0.0,0.0,0.0,0.0,0.0,7.0,0.0,0.0,0.0,0.0,0.0,0.0,0.0,0.0,0.0,0.0,0.0,0.0,0.0
131,Yunus Emre,Konak,Konak,u,has joined Oxford United on loan for the rest of the season.,,4.3,622,366.0,0.1,414,141.0,0.0,567.0,196.0,0,0,0.0,-2,2.0,0,18,0.0,0.0,0.0,0.0,0.0,664.0,257.0,0.0,0.0,654.0,247.0,650.0,252.0,627.0,241.0,656.0,249.0,,,,,,,,0.0,0.0,0.0,0.0,0.0,0.0,0.0,0.0,0.0,29,0.0,0.0,0.0,0.0,0.0,0.0,0.0,0.0,0.0,0.0,0.0,0.0,0.0,0.0,0.0,0.0,194.0,0.0,0.0,0.0,0.0,0.0,0.0,0.0,0.0,0.0,0.0,0.0,0.0,0.0
132,Paris,Maghoma,Maghoma,u,has joined Norwich City permanently.,,4.5,421,253.0,0.0,673,271.0,0.0,612.0,219.0,0,0,0.0,0,0.0,0,3,0.0,0.0,0.0,0.0,0.0,696.0,273.0,0.0,0.0,690.0,267.0,685.0,270.0,666.0,262.0,692.0,269.0,,,,,,,,0.0,0.0,0.0,0.0,0.0,0.0,0.0,0.0,0.0,29,0.0,0.0,0.0,0.0,0.0,0.0,0.0,0.0,0.0,0.0,0.0,0.0,0.0,0.0,0.0,0.0,18.0,0.0,0.0,0.0,0.0,0.0,0.0,0.0,0.0,0.0,0.0,0.0,0.0,0.0
133,Myles,Peart-Harris,Peart-Harris,u,has joined Oxford United permanently.,,4.4,542,323.0,0.0,633,248.0,0.0,580.0,199.0,0,0,0.0,-1,1.0,0,0,0.0,0.2,0.0,0.0,1.0,468.0,205.0,0.0,0.0,662.0,249.0,658.0,254.0,636.0,243.0,664.0,251.0,,,,,,,,0.0,0.0,0.0,0.0,0.0,0.0,0.0,0.0,0.0,29,0.0,0.0,0.0,0.0,0.0,0.0,0.0,0.0,0.0,0.0,0.0,0.0,0.0,0.0,0.0,0.0,12.0,0.0,0.0,0.0,0.0,0.0,0.0,0.0,0.0,0.0,0.0,0.0,0.0,0.0
134,Ryan,Trevitt,Trevitt,u,Has joined Wigan on loan for the rest of the season,,4.5,486,299.0,0.0,786,344.0,0.0,664.0,262.0,0,0,0.0,0,0.0,0,0,0.0,0.0,0.0,0.0,0.0,737.0,308.0,0.0,0.0,735.0,306.0,729.0,306.0,716.0,302.0,735.0,306.0,,,,,,,,0.0,0.0,0.0,0.0,0.0,0.0,0.0,0.0,0.0,29,0.0,0.0,0.0,0.0,0.0,0.0,0.0,0.0,0.0,0.0,0.0,0.0,0.0,0.0,0.0,0.0,0.0,0.0,0.0,0.0,0.0,0.0,0.0,0.0,0.0,0.0,0.0,0.0,0.0,0.0
136,Igor Thiago,Nascimento Rodrigues,Thiago,a,,,7.2,33,14.0,34.5,7,3.0,3.4,79.0,11.0,2,0,0.0,12,-12.0,7585,2822,0.5,19.9,3.9,3.4,4.9,16.0,3.0,100.0,100.0,6.0,2.0,112.0,6.0,2.0,2.0,4.0,2.0,,,2.0,,,,,0.57,0.06,0.63,1.42,0.0,0.25,1.38,1.02,5.5,29,2.0,90.0,0.0,0.0,1.0,0.0,0.0,0.0,0.0,0.0,0.0,0.0,1.0,0.0,11.0,91457.0,33464.0,0.0,0.0,0.040000000000000036,0.0400000000000027,1.990000000000002,9.0,12.300000000000011,2.0,2.3000000000000114,1.0,2.0,5.0,8.0
137,Iwan,Morgan,Morgan,u,has joined Shrewsbury on loan for the rest of the season.,,4.4,556,78.0,0.3,318,52.0,0.0,588.0,60.0,0,0,0.0,-1,1.0,0,13,0.0,0.0,0.0,0.0,0.0,678.0,70.0,0.0,0.0,670.0,70.0,665.0,69.0,645.0,69.0,672.0,70.0,,,,,,,,0.0,0.0,0.0,0.0,0.0,0.0,0.0,0.0,0.0,29,0.0,0.0,0.0,0.0,0.0,0.0,0.0,0.0,0.0,0.0,0.0,0.0,0.0,0.0,0.0,0.0,138.0,0.0,0.0,0.0,0.0,0.0,0.0,0.0,0.0,0.0,0.0,0.0,0.0,0.0
748,Josh,Dasilva,Dasilva,i,Lack of match fitness - Expected back 24 May,,4.9,299,187.0,0.0,809,359.0,0.0,715.0,298.0,0,0,0.0,-1,1.0,0,0,0.0,0.0,0.0,0.0,0.0,768.0,330.0,0.0,0.0,767.0,329.0,763.0,329.0,757.0,327.0,767.0,329.0,,,,,,,,0.0,0.0,0.0,0.0,0.0,0.0,0.0,0.0,0.0,29,0.0,0.0,0.0,0.0,0.0,0.0,0.0,0.0,0.0,0.0,0.0,0.0,0.0,0.0,0.0,4.0,2.0,0.0,0.0,0.0,0.0,0.0,0.0,0.0,0.0,0.0,0.0,0.0,0.0,0.0
797,Kaye,Furo,Furo,a,,,4.5,487,69.0,0.0,704,88.0,0.0,665.0,69.0,0,0,0.0,0,0.0,6,10,0.0,0.0,0.5,0.0,0.0,738.0,79.0,,,736.0,79.0,730.0,78.0,717.0,78.0,736.0,79.0,,,,,,,,0.0,0.0,0.0,0.0,0.0,0.0,0.0,0.0,0.0,29,0.0,0.0,0.0,0.0,0.0,0.0,0.0,0.0,0.0,0.0,0.0,0.0,0.0,0.0,0.0,65.0,69.0,0.0,0.0,0.0,0.0,0.0,0.0,0.0,0.0,0.0,0.0,0.0,0.0,0.0
810,Luka,Bentt,Bentt,a,,,4.5,468,285.0,0.0,802,355.0,0.0,647.0,248.0,0,0,0.0,0,0.0,2,1,0.0,0.0,0.5,0.0,0.0,724.0,298.0,,,721.0,295.0,716.0,296.0,701.0,290.0,722.0,296.0,,,,,,,,0.0,0.0,0.0,0.0,0.0,0.0,0.0,0.0,0.0,29,0.0,0.0,0.0,0.0,0.0,0.0,0.0,0.0,0.0,0.0,0.0,0.0,0.0,0.0,0.0,20.0,19.0,0.0,0.0,0.0,0.0,0.0,0.0,0.0,0.0,0.0,0.0,0.0,0.0,0.0
819,Ollie,Shield,Shield,a,,,4.0,695,178.0,0.0,811,265.0,0.0,477.0,185.0,0,0,0.0,0,0.0,5,0,0.0,0.0,0.5,0.0,0.0,602.0,222.0,,,592.0,222.0,583.0,222.0,554.0,218.0,594.0,222.0,,,,,,,,0.0,0.0,0.0,0.0,0.0,0.0,0.0,0.0,0.0,29,0.0,0.0,0.0,0.0,0.0,0.0,0.0,0.0,0.0,0.0,0.0,0.0,0.0,0.0,0.0,41.0,3.0,0.0,0.0,0.0,0.0,0.0,0.0,0.0,0.0,0.0,0.0,0.0,0.0,0.0
138,Jason,Steele,Steele,a,,,4.2,624,31.0,0.2,350,50.0,0.0,519.0,79.0,0,0,0.0,-3,3.0,7,10,0.0,0.0,0.0,-1.0,0.0,637.0,87.0,,,627.0,87.0,620.0,76.0,593.0,63.0,629.0,87.0,,,,,,,,0.0,0.0,0.0,0.0,0.0,0.0,0.0,0.0,0.0,29,0.0,0.0,0.0,0.0,0.0,0.0,0.0,0.0,0.0,0.0,0.0,0.0,0.0,0.0,0.0,40.0,98.0,0.0,0.0,0.0,0.0,0.0,0.0,0.0,0.0,0.0,0.0,0.0,0.0,0.0
139,Bart,Verbruggen,Verbruggen,a,,,4.5,444,25.0,5.4,68,11.0,3.0,105.0,9.0,0,0,0.0,0,0.0,224,300,0.7,19.8,3.0,2.0,3.2,154.0,17.0,,,11.0,3.0,422.0,7.0,683.0,78.0,160.0,3.0,,,,,,,,0.0,0.0,0.0,1.38,2.82,0.21,1.25,1.0,0.0,29,0.0,0.0,0.0,0.0,0.0,0.0,0.0,0.0,0.0,0.0,0.0,0.0,0.0,0.0,0.0,1860.0,7405.0,0.0,0.0,0.0,0.0,0.0,0.0,0.0,0.0,0.0,0.0,0.0,0.0,0.0
140,Tom,McGill,McGill,a,,,3.9,752,77.0,0.3,312,42.0,0.0,419.0,36.0,0,0,0.0,-1,1.0,2,4,0.0,0.0,0.0,-1.0,0.0,549.0,47.0,,,539.0,47.0,526.0,30.0,496.0,17.0,541.0,47.0,,,,,,,,0.0,0.0,0.0,0.0,0.0,0.0,0.0,0.0,0.0,29,0.0,0.0,0.0,0.0,0.0,0.0,0.0,0.0,0.0,0.0,0.0,0.0,0.0,0.0,0.0,55.0,74.0,0.0,0.0,0.0,0.0,0.0,0.0,0.0,0.0,0.0,0.0,0.0,0.0,0.0
141,Carl,Rushworth,Rushworth,u,Has joined Coventry City on loan for the rest of the season.,,4.0,688,55.0,0.0,806,92.0,0.0,470.0,66.0,0,0,0.0,0,0.0,0,0,0.0,0.0,0.0,0.0,0.0,596.0,75.0,0.0,0.0,586.0,75.0,577.0,62.0,548.0,49.0,588.0,75.0,,,,,,,,0.0,0.0,0.0,0.0,0.0,0.0,0.0,0.0,0.0,29,0.0,0.0,0.0,0.0,0.0,0.0,0.0,0.0,0.0,0.0,0.0,0.0,0.0,0.0,0.0,0.0,0.0,0.0,0.0,0.0,0.0,0.0,0.0,0.0,0.0,0.0,0.0,0.0,0.0,0.0
142,Kjell,Scherpen,Scherpen,u,Has joined Union SG permanently,,4.0,676,48.0,0.0,807,93.0,0.0,459.0,59.0,0,0,0.0,0,0.0,0,0,0.0,0.0,0.0,0.0,0.0,586.0,68.0,0.0,0.0,576.0,68.0,567.0,55.0,538.0,42.0,578.0,68.0,,,,,,,,0.0,0.0,0.0,0.0,0.0,0.0,0.0,0.0,0.0,29,0.0,0.0,0.0,0.0,0.0,0.0,0.0,0.0,0.0,0.0,0.0,0.0,0.0,0.0,0.0,0.0,0.0,0.0,0.0,0.0,0.0,0.0,0.0,0.0,0.0,0.0,0.0,0.0,0.0,0.0
143,Olivier,Boscagli,Boscagli,a,,,4.2,630,143.0,0.1,503,179.0,1.0,252.0,94.0,0,0,0.0,-3,3.0,3,2,0.2,4.8,1.0,0.0,2.9,198.0,76.0,,,350.0,133.0,358.0,125.0,396.0,143.0,386.0,138.0,,,,,,,,0.01,0.06,0.07,1.26,0.0,0.26,1.03,1.03,8.51,29,0.0,0.0,0.0,0.0,0.0,0.0,0.0,0.0,0.0,0.0,0.0,0.0,0.0,0.0,0.0,24.0,58.0,0.0,0.0,0.0,0.0,0.0,0.0,0.0,0.0,0.0,0.0,0.0,0.0,0.0
144,Diego,Coppola,Coppola,u,has joined Paris FC on loan for the rest of the season.,,4.2,643,152.0,0.0,598,213.0,0.0,530.0,222.0,0,0,0.0,-3,3.0,0,2,0.0,2.4,0.0,0.0,2.0,328.0,121.0,0.0,0.0,415.0,156.0,447.0,162.0,443.0,167.0,447.0,161.0,,,,,,,,0.0,0.0,0.0,2.11,0.0,0.47,1.4,0.93,8.39,29,0.0,0.0,0.0,0.0,0.0,0.0,0.0,0.0,0.0,0.0,0.0,0.0,0.0,0.0,0.0,0.0,14.0,0.0,0.0,0.0,0.0,0.0,0.0,0.0,0.0,0.0,0.0,0.0,0.0,0.0
145,Maxim,De Cuyper,De Cuyper,a,,,4.3,590,134.0,1.7,148,57.0,0.8,271.0,98.0,0,0,0.0,-2,2.0,28,143,0.2,14.0,0.8,-0.2,2.6,247.0,94.0,100.0,100.0,252.0,101.0,81.0,19.0,205.0,49.0,181.0,60.0,3.0,1.0,,,,,,0.12,0.17,0.29,1.65,0.0,0.32,1.43,1.11,3.98,29,0.0,0.0,0.0,0.0,0.0,0.0,0.0,0.0,0.0,0.0,0.0,0.0,0.0,0.0,0.0,207.0,2826.0,0.0,0.0,0.0,0.0,0.0,0.0,0.0,0.0,0.0,0.0,0.0,0.0,0.0
146,Lewis,Dunk,Dunk,a,,,4.5,407,72.0,1.0,194,74.0,2.6,118.0,46.0,0,0,0.0,0,0.0,94,73,0.6,15.6,2.6,1.6,2.6,249.0,96.0,100.0,100.0,54.0,25.0,263.0,79.0,189.0,45.0,136.0,44.0,,3.0,,,,,,0.05,0.02,0.07,1.37,0.0,0.19,1.28,0.98,7.58,29,0.0,0.0,0.0,0.0,0.0,0.0,0.0,0.0,0.0,0.0,0.0,0.0,0.0,0.0,0.0,613.0,1364.0,0.0,0.0,0.0,0.0,0.0,0.0,0.0,0.0,0.0,0.0,0.0,0.0,0.0
147,Pervis,Estupiñán Tenorio,Estupiñan,u,Has joined AC Milan permanently,,4.5,418,79.0,0.0,743,256.0,0.0,610.0,238.0,0,0,0.0,0,0.0,0,0,0.0,0.0,0.0,0.0,0.0,694.0,255.0,0.0,0.0,688.0,255.0,683.0,255.0,664.0,254.0,690.0,255.0,,,,,,,,0.0,0.0,0.0,0.0,0.0,0.0,0.0,0.0,0.0,29,0.0,0.0,0.0,0.0,0.0,0.0,0.0,0.0,0.0,0.0,0.0,0.0,0.0,0.0,0.0,0.0,2.0,0.0,0.0,0.0,0.0,0.0,0.0,0.0,0.0,0.0,0.0,0.0,0.0,0.0
148,Ferdi,Kadıoğlu,F.Kadıoğlu,a,,,4.4,530,108.0,0.3,303,111.0,2.8,108.0,43.0,0,0,0.0,-1,1.0,42,44,0.6,17.0,2.8,1.8,2.8,214.0,84.0,,,146.0,64.0,74.0,16.0,160.0,35.0,115.0,35.0,,,,,,,,0.06,0.09,0.15,1.38,0.0,0.24,1.21,0.97,4.84,29,0.0,0.0,0.0,0.0,0.0,0.0,0.0,0.0,0.0,0.0,0.0,0.0,0.0,0.0,0.0,313.0,1165.0,0.0,0.0,0.0,0.0,0.0,0.0,0.0,0.0,0.0,0.0,0.0,0.0,0.0
149,Igor Julio,dos Santos de Paulo,Igor,a,,,4.5,422,82.0,0.1,524,186.0,0.0,613.0,240.0,0,0,0.0,0,0.0,6,7,0.0,1.3,0.0,-1.0,1.5,407.0,150.0,100.0,100.0,437.0,162.0,417.0,152.0,667.0,256.0,455.0,164.0,,,,,,,,0.0,0.0,0.0,4.07,0.0,0.0,2.62,0.87,11.36,29,0.0,0.0,0.0,0.0,0.0,0.0,0.0,0.0,0.0,0.0,0.0,0.0,0.0,0.0,0.0,44.0,50.0,0.0,0.0,0.0,0.0,0.0,0.0,0.0,0.0,0.0,0.0,0.0,0.0,0.0
150,Tariq,Lamptey,Lamptey,u,has joined Fiorentina permanently.,,4.4,532,110.0,0.1,512,182.0,0.0,574.0,234.0,0,0,0.0,-1,1.0,0,1,0.0,0.0,0.0,0.0,0.0,669.0,254.0,0.0,0.0,659.0,254.0,655.0,254.0,633.0,253.0,661.0,254.0,,,,,,,,0.0,0.0,0.0,0.0,0.0,0.0,0.0,0.0,0.0,29,0.0,0.0,0.0,0.0,0.0,0.0,0.0,0.0,0.0,0.0,0.0,0.0,0.0,0.0,0.0,0.0,7.0,0.0,0.0,0.0,0.0,0.0,0.0,0.0,0.0,0.0,0.0,0.0,0.0,0.0
151,Jan Paul,van Hecke,Van Hecke,a,,,4.4,544,117.0,3.8,91,32.0,3.6,58.0,19.0,0,0,0.0,-1,1.0,1035,308,0.8,23.9,3.6,2.6,4.0,58.0,24.0,100.0,100.0,9.0,4.0,199.0,51.0,109.0,16.0,60.0,9.0,,,,,,,,0.08,0.04,0.12,1.4,0.0,0.23,1.29,1.01,8.53,29,0.0,0.0,0.0,0.0,0.0,0.0,0.0,0.0,0.0,0.0,0.0,0.0,0.0,0.0,0.0,8304.0,9126.0,0.0,0.0,0.0,0.0,0.0,0.0,0.0,0.0,0.0,0.0,0.0,0.0,0.0
152,Joël,Veltman,Veltman,a,,,4.3,576,123.0,0.1,429,160.0,0.6,300.0,105.0,0,0,0.0,-2,2.0,12,10,0.1,7.7,0.6,-0.4,2.1,319.0,116.0,100.0,100.0,253.0,102.0,303.0,100.0,298.0,88.0,310.0,104.0,,,,,,,,0.11,0.01,0.12,1.6,0.0,0.11,1.31,0.87,9.25,29,0.0,0.0,0.0,0.0,0.0,0.0,0.0,0.0,0.0,0.0,0.0,0.0,0.0,0.0,0.0,56.0,200.0,0.0,0.0,0.0,0.0,0.0,0.0,0.0,0.0,0.0,0.0,0.0,0.0,0.0
153,Adam,Webster,Webster,i,Knee injury - Unknown return date,,4.4,523,102.0,0.0,761,258.0,0.0,570.0,231.0,0,0,0.0,-1,1.0,2,0,0.0,0.0,0.0,0.0,0.0,666.0,252.0,0.0,0.0,656.0,252.0,652.0,252.0,630.0,251.0,658.0,252.0,,,,,,,,0.0,0.0,0.0,0.0,0.0,0.0,0.0,0.0,0.0,29,0.0,0.0,0.0,0.0,0.0,0.0,0.0,0.0,0.0,0.0,0.0,0.0,0.0,0.0,0.0,8.0,8.0,0.0,0.0,0.0,0.0,0.0,0.0,0.0,0.0,0.0,0.0,0.0,0.0,0.0
154,Eiran,Cashin,Cashin,u,has joined Blackburn Rovers on loan for the rest of the season.,,4.0,679,169.0,0.0,778,260.0,0.0,462.0,177.0,0,0,0.0,0,0.0,0,0,0.0,0.0,0.0,0.0,0.0,589.0,216.0,0.0,0.0,579.0,216.0,570.0,216.0,541.0,212.0,581.0,216.0,,,,,,,,0.0,0.0,0.0,0.0,0.0,0.0,0.0,0.0,0.0,29,0.0,0.0,0.0,0.0,0.0,0.0,0.0,0.0,0.0,0.0,0.0,0.0,0.0,0.0,0.0,0.0,0.0,0.0,0.0,0.0,0.0,0.0,0.0,0.0,0.0,0.0,0.0,0.0,0.0,0.0
155,Jacob,Slater,Slater,u,has joined Harrogate Town on loan until January.,,4.0,722,197.0,0.1,496,176.0,0.0,501.0,202.0,0,0,0.0,0,0.0,0,0,0.0,0.0,0.0,0.0,0.0,623.0,236.0,0.0,0.0,613.0,236.0,605.0,236.0,577.0,233.0,615.0,236.0,,,,,,,,0.0,0.0,0.0,0.0,0.0,0.0,0.0,0.0,0.0,29,0.0,0.0,0.0,0.0,0.0,0.0,0.0,0.0,0.0,0.0,0.0,0.0,0.0,0.0,0.0,0.0,12.0,0.0,0.0,0.0,0.0,0.0,0.0,0.0,0.0,0.0,0.0,0.0,0.0,0.0
156,Charlie,Tasker,Tasker,a,,,3.8,808,255.0,0.2,408,149.0,0.0,402.0,154.0,0,0,0.0,-2,2.0,5,9,0.0,0.0,0.0,-1.0,0.0,533.0,195.0,,,523.0,195.0,509.0,195.0,478.0,189.0,525.0,195.0,,,,,,,,0.0,0.0,0.0,0.0,0.0,0.0,0.0,0.0,0.0,29,0.0,0.0,0.0,0.0,0.0,0.0,0.0,0.0,0.0,0.0,0.0,0.0,0.0,0.0,0.0,110.0,105.0,0.0,0.0,0.0,0.0,0.0,0.0,0.0,0.0,0.0,0.0,0.0,0.0,0.0
157,Mitoma,Kaoru,Mitoma,a,,,6.1,83,54.0,1.9,138,46.0,1.8,193.0,80.0,0,0,0.0,-4,4.0,105,122,0.3,8.0,1.8,0.8,2.7,242.0,101.0,100.0,100.0,243.0,105.0,67.0,51.0,78.0,47.0,109.0,63.0,,,,,,,,0.21,0.14,0.35,1.24,0.0,0.26,0.99,0.99,5.15,29,0.0,0.0,0.0,0.0,0.0,0.0,0.0,0.0,0.0,0.0,0.0,0.0,0.0,0.0,0.0,651.0,2971.0,0.0,0.0,0.0,0.0,0.0,0.0,0.0,0.0,0.0,0.0,0.0,0.0,0.0
158,Georginio,Rutter,Georginio,a,,,5.6,131,81.0,0.3,308,104.0,0.4,340.0,155.0,0,0,0.0,-4,4.0,11,46,0.1,11.6,0.4,-0.6,2.8,225.0,93.0,100.0,100.0,227.0,98.0,114.0,79.0,59.0,36.0,117.0,65.0,,,,,,,,0.12,0.12,0.24,1.15,0.0,0.36,0.96,1.08,6.05,29,0.0,0.0,0.0,0.0,0.0,0.0,0.0,0.0,0.0,0.0,0.0,0.0,0.0,0.0,0.0,61.0,1101.0,0.0,0.0,0.0,0.0,0.0,0.0,0.0,0.0,0.0,0.0,0.0,0.0,0.0
160,Yankuba,Minteh,Minteh,a,,,5.5,152,95.0,1.8,145,49.0,0.4,339.0,154.0,0,0,0.0,-5,5.0,56,244,0.1,15.3,0.4,-0.6,3.5,124.0,56.0,100.0,100.0,181.0,72.0,35.0,33.0,29.0,14.0,44.0,32.0,,,,,,,,0.16,0.15,0.31,1.39,0.0,0.33,1.43,0.99,6.88,29,0.0,0.0,0.0,0.0,0.0,0.0,0.0,0.0,0.0,0.0,0.0,0.0,0.0,0.0,0.0,347.0,5575.0,0.0,0.0,0.0,0.0,0.0,0.0,0.0,0.0,0.0,0.0,0.0,0.0,0.0
161,Julio,Enciso Espínola,Enciso,u,has joined Strasbourg permanently.,,5.4,173,107.0,0.0,745,316.0,0.0,783.0,343.0,0,0,0.0,-1,1.0,0,0,0.0,0.0,0.0,0.0,0.0,804.0,356.0,0.0,0.0,803.0,355.0,802.0,355.0,800.0,354.0,803.0,355.0,,,,,,,,0.0,0.0,0.0,0.0,0.0,0.0,0.0,0.0,0.0,29,0.0,0.0,0.0,0.0,0.0,0.0,0.0,0.0,0.0,0.0,0.0,0.0,0.0,0.0,0.0,0.0,1.0,0.0,0.0,0.0,0.0,0.0,0.0,0.0,0.0,0.0,0.0,0.0,0.0,0.0
162,Brajan,Gruda,Gruda,u,has joined Leipzig on loan for the rest of the season.,,5.4,178,111.0,0.0,592,221.0,0.0,785.0,345.0,0,0,0.0,-1,1.0,0,5,0.0,6.5,0.0,0.0,1.9,357.0,154.0,0.0,0.0,318.0,143.0,148.0,100.0,181.0,99.0,250.0,126.0,,,,,,,,0.24,0.11,0.35,1.76,0.0,0.25,1.4,1.02,7.37,29,0.0,0.0,0.0,0.0,0.0,0.0,0.0,0.0,0.0,0.0,0.0,0.0,0.0,0.0,0.0,0.0,41.0,0.0,0.0,0.0,0.0,0.0,0.0,0.0,0.0,0.0,0.0,0.0,0.0,0.0
163,Jack,Hinshelwood,Hinshelwood,a,,,5.1,242,147.0,0.0,585,220.0,2.4,133.0,53.0,0,0,0.0,-4,4.0,8,8,0.5,9.4,2.4,1.4,2.8,222.0,91.0,100.0,100.0,298.0,134.0,254.0,156.0,186.0,103.0,285.0,143.0,,,,,,,,0.1,0.06,0.16,1.85,0.0,0.19,1.45,0.96,8.01,29,0.0,0.0,0.0,0.0,0.0,0.0,0.0,0.0,0.0,0.0,0.0,0.0,0.0,0.0,0.0,73.0,88.0,0.0,0.0,0.0,0.0,0.0,0.0,0.0,0.0,0.0,0.0,0.0,0.0,0.0
164,Matt,O'Riley,O'Riley,a,,,5.5,142,88.0,0.3,297,101.0,0.2,375.0,173.0,0,0,0.0,0,0.0,9,12,0.0,2.4,0.2,-0.8,4.3,44.0,20.0,100.0,100.0,396.0,174.0,309.0,174.0,301.0,163.0,371.0,176.0,5.0,,3.0,,,,,0.59,0.09,0.68,1.13,0.0,0.49,0.97,0.97,4.38,29,0.0,0.0,0.0,0.0,0.0,0.0,0.0,0.0,0.0,0.0,0.0,0.0,0.0,0.0,0.0,40.0,56.0,0.0,0.0,0.0,0.0,0.0,0.0,0.0,0.0,0.0,0.0,0.0,0.0,0.0
165,Abdallah,Sima,Sima,u,has joined Lens permanently.,,5.4,179,112.0,0.0,731,306.0,0.0,786.0,346.0,0,0,0.0,-1,1.0,0,0,0.0,0.0,0.0,0.0,0.0,805.0,357.0,0.0,0.0,804.0,356.0,803.0,356.0,801.0,355.0,804.0,356.0,,,,,,,,0.0,0.0,0.0,0.0,0.0,0.0,0.0,0.0,0.0,29,0.0,0.0,0.0,0.0,0.0,0.0,0.0,0.0,0.0,0.0,0.0,0.0,0.0,0.0,0.0,0.0,0.0,0.0,0.0,0.0,0.0,0.0,0.0,0.0,0.0,0.0,0.0,0.0,0.0,0.0
166,Yasin,Ayari,Ayari,d,Lack of match fitness - 75% chance of playing,,4.8,371,232.0,0.4,270,94.0,0.0,708.0,293.0,0,0,0.0,-2,2.0,7,179,0.0,17.3,0.0,-0.8,4.0,60.0,29.0,75.0,75.0,180.0,71.0,151.0,103.0,120.0,70.0,148.0,78.0,,2.0,,,,,,0.13,0.06,0.19,1.3,0.0,0.26,1.11,0.95,10.59,29,0.0,0.0,0.0,0.0,0.0,0.0,0.0,0.0,0.0,0.0,0.0,0.0,0.0,0.0,0.0,86.0,2922.0,0.0,0.0,0.0,0.0,0.0,0.0,0.0,0.0,0.0,0.0,0.0,0.0,0.0
167,Carlos,Baleba,Baleba,a,,,4.5,458,277.0,1.5,161,55.0,0.8,274.0,121.0,0,0,0.0,-5,5.0,89,131,0.2,8.4,0.8,-0.2,1.7,381.0,163.0,100.0,100.0,364.0,161.0,273.0,164.0,366.0,188.0,365.0,174.0,,,,,,,,0.03,0.02,0.05,1.25,0.0,0.3,1.22,1.37,10.79,29,0.0,0.0,0.0,0.0,0.0,0.0,0.0,0.0,0.0,0.0,0.0,0.0,0.0,0.0,0.0,891.0,1914.0,0.0,0.0,0.0,0.0,0.0,0.0,0.0,0.0,0.0,0.0,0.0,0.0,0.0
169,Diego,Gómez Amarilla,Gomez,a,,,4.9,340,209.0,0.2,362,121.0,4.4,33.0,16.0,0,0,0.0,-1,1.0,357,25,0.9,15.9,4.4,3.4,3.1,177.0,74.0,100.0,100.0,123.0,40.0,109.0,77.0,60.0,37.0,81.0,50.0,,5.0,,,,,,0.25,0.07,0.32,1.32,0.0,0.32,1.24,1.08,9.53,29,0.0,0.0,0.0,0.0,0.0,0.0,0.0,0.0,0.0,0.0,0.0,0.0,0.0,0.0,0.0,3123.0,672.0,0.0,0.0,0.0,0.0,0.0,0.0,0.0,0.0,0.0,0.0,0.0,0.0,0.0
170,James,Milner,Milner,a,,,4.9,286,179.0,0.1,463,157.0,1.4,221.0,91.0,0,0,0.0,-1,1.0,11,11,0.3,5.9,1.4,0.4,1.7,384.0,166.0,100.0,100.0,337.0,151.0,220.0,143.0,316.0,167.0,335.0,161.0,,,1.0,,,,,0.16,0.1,0.26,1.56,0.0,0.16,2.13,0.66,9.18,29,0.0,0.0,0.0,0.0,0.0,0.0,0.0,0.0,0.0,0.0,0.0,0.0,0.0,0.0,0.0,77.0,75.0,0.0,0.0,0.0,0.0,0.0,0.0,0.0,0.0,0.0,0.0,0.0,0.0,0.0
171,Jeremy,Sarmiento Morante,Sarmiento,u,has joined Middlesbrough on loan for the rest of the season.,,4.9,329,204.0,0.0,703,292.0,0.0,730.0,308.0,0,0,0.0,-1,1.0,0,0,0.0,0.0,0.0,0.0,0.0,776.0,337.0,0.0,0.0,775.0,336.0,771.0,336.0,766.0,334.0,775.0,336.0,,,,,,,,0.0,0.0,0.0,0.0,0.0,0.0,0.0,0.0,0.0,29,0.0,0.0,0.0,0.0,0.0,0.0,0.0,0.0,0.0,0.0,0.0,0.0,0.0,0.0,0.0,0.0,1.0,0.0,0.0,0.0,0.0,0.0,0.0,0.0,0.0,0.0,0.0,0.0,0.0,0.0
172,Tom,Watson,Watson,u,has joined Millwall on loan for the rest of the season.,,4.8,373,234.0,0.0,646,257.0,0.0,709.0,294.0,0,0,0.0,-2,2.0,0,2,0.0,1.0,0.0,0.0,0.8,511.0,239.0,0.0,0.0,473.0,213.0,453.0,217.0,422.0,203.0,471.0,214.0,,,,,,,,0.06,0.05,0.11,2.72,0.0,0.0,3.16,0.0,7.89,29,0.0,0.0,0.0,0.0,0.0,0.0,0.0,0.0,0.0,0.0,0.0,0.0,0.0,0.0,0.0,0.0,11.0,0.0,0.0,0.0,0.0,0.0,0.0,0.0,0.0,0.0,0.0,0.0,0.0,0.0
173,Mats,Wieffer,Wieffer,a,,,4.9,333,207.0,0.1,448,152.0,0.6,309.0,141.0,0,0,0.0,-1,1.0,2,7,0.1,12.4,0.6,-0.4,3.4,133.0,60.0,100.0,100.0,176.0,68.0,125.0,85.0,198.0,110.0,162.0,85.0,,,,,,,,0.09,0.1,0.19,1.2,0.0,0.27,1.23,1.03,13.64,29,0.0,0.0,0.0,0.0,0.0,0.0,0.0,0.0,0.0,0.0,0.0,0.0,0.0,0.0,0.0,15.0,151.0,0.0,0.0,0.0,0.0,0.0,0.0,0.0,0.0,0.0,0.0,0.0,0.0,0.0
174,Malick,Yalcouyé,Yalcouye,u,Has joined Swansea City on loan for the rest of the season.,,5.0,281,175.0,0.0,775,335.0,0.0,755.0,326.0,0,0,0.0,0,0.0,0,0,0.0,0.0,0.0,0.0,0.0,795.0,351.0,0.0,0.0,794.0,350.0,792.0,350.0,788.0,348.0,794.0,350.0,,,,,,,,0.0,0.0,0.0,0.0,0.0,0.0,0.0,0.0,0.0,29,0.0,0.0,0.0,0.0,0.0,0.0,0.0,0.0,0.0,0.0,0.0,0.0,0.0,0.0,0.0,0.0,0.0,0.0,0.0,0.0,0.0,0.0,0.0,0.0,0.0,0.0,0.0,0.0,0.0,0.0
175,Joe,Knight,Knight,u,has joined Stevenage permanently.,,4.4,562,336.0,0.1,530,192.0,0.0,594.0,210.0,0,0,0.0,-1,1.0,0,6,0.0,0.2,0.0,0.0,1.0,471.0,208.0,0.0,0.0,675.0,259.0,670.0,263.0,650.0,254.0,677.0,261.0,,,,,,,,0.0,0.0,0.0,0.0,0.0,0.0,0.0,0.0,0.0,29,0.0,0.0,0.0,0.0,0.0,0.0,0.0,0.0,0.0,0.0,0.0,0.0,0.0,0.0,0.0,0.0,66.0,0.0,0.0,0.0,0.0,0.0,0.0,0.0,0.0,0.0,0.0,0.0,0.0,0.0
176,Adrian,Mazilu,Mazilu,u,has joined Dinamo Bucharest permanently.,,4.5,462,281.0,0.0,687,281.0,0.0,642.0,244.0,0,0,0.0,0,0.0,0,0,0.0,0.0,0.0,0.0,0.0,721.0,296.0,0.0,0.0,716.0,291.0,712.0,293.0,696.0,286.0,717.0,292.0,,,,,,,,0.0,0.0,0.0,0.0,0.0,0.0,0.0,0.0,0.0,29,0.0,0.0,0.0,0.0,0.0,0.0,0.0,0.0,0.0,0.0,0.0,0.0,0.0,0.0,0.0,0.0,0.0,0.0,0.0,0.0,0.0,0.0,0.0,0.0,0.0,0.0,0.0,0.0,0.0,0.0
177,Andrew,Moran,Moran,u,Has joined Los Angeles FC on loan for the rest of the season.,,4.5,452,271.0,0.0,699,288.0,0.0,634.0,236.0,0,0,0.0,0,0.0,0,0,0.0,0.0,0.0,0.0,0.0,713.0,288.0,0.0,0.0,708.0,283.0,704.0,285.0,688.0,278.0,709.0,284.0,,,,,,,,0.0,0.0,0.0,0.0,0.0,0.0,0.0,0.0,0.0,29,0.0,0.0,0.0,0.0,0.0,0.0,0.0,0.0,0.0,0.0,0.0,0.0,0.0,0.0,0.0,0.0,5.0,0.0,0.0,0.0,0.0,0.0,0.0,0.0,0.0,0.0,0.0,0.0,0.0,0.0
178,Danny,Welbeck,Welbeck,a,,,6.1,79,25.0,3.7,92,16.0,4.2,44.0,6.0,0,0,0.0,-4,4.0,1506,286,0.7,14.9,4.2,3.2,3.4,141.0,12.0,100.0,100.0,111.0,10.0,133.0,9.0,27.0,14.0,62.0,14.0,,4.0,2.0,,,,,0.5,0.06,0.56,1.31,0.0,0.33,1.16,1.0,4.27,29,0.0,0.0,0.0,0.0,0.0,0.0,0.0,0.0,0.0,0.0,0.0,0.0,0.0,0.0,0.0,8437.0,6661.0,0.0,0.0,0.0,0.0,0.0,0.0,0.0,0.0,0.0,0.0,0.0,0.0,0.0
179,Evan,Ferguson,Ferguson,u,Has joined AS Roma on loan for the rest of the season,,5.5,150,37.0,0.0,757,92.0,0.0,790.0,84.0,0,0,0.0,0,0.0,0,0,0.0,0.0,0.0,0.0,0.0,809.0,89.0,0.0,0.0,808.0,89.0,807.0,89.0,805.0,89.0,808.0,89.0,,,,,,,,0.0,0.0,0.0,0.0,0.0,0.0,0.0,0.0,0.0,29,0.0,0.0,0.0,0.0,0.0,0.0,0.0,0.0,0.0,0.0,0.0,0.0,0.0,0.0,0.0,0.0,0.0,0.0,0.0,0.0,0.0,0.0,0.0,0.0,0.0,0.0,0.0,0.0,0.0,0.0
180,Stefanos,Tzimas,Tzimas,i,Knee injury - Expected back 01 Jun,,5.2,221,51.0,0.1,527,74.0,0.0,769.0,82.0,0,0,0.0,-3,3.0,0,5,0.0,3.1,0.0,0.0,1.8,373.0,43.0,0.0,0.0,392.0,41.0,313.0,34.0,332.0,51.0,377.0,45.0,,,,,,,,0.3,0.08,0.38,1.77,0.0,0.0,1.36,0.68,10.23,29,0.0,0.0,0.0,0.0,0.0,0.0,0.0,0.0,0.0,0.0,0.0,0.0,0.0,0.0,0.0,21.0,16.0,0.0,0.0,0.0,0.0,0.0,0.0,0.0,0.0,0.0,0.0,0.0,0.0,0.0
181,Charalampos,Kostoulas,Kostoulas,a,,,4.8,375,64.0,0.3,294,47.0,0.6,306.0,39.0,0,0,0.0,-2,2.0,18,38,0.1,6.2,0.6,-0.4,1.9,348.0,40.0,,,322.0,30.0,295.0,32.0,139.0,34.0,289.0,32.0,,,,,,,,0.52,0.07,0.59,1.42,0.0,0.31,2.16,0.62,11.71,29,0.0,0.0,0.0,0.0,0.0,0.0,0.0,0.0,0.0,0.0,0.0,0.0,0.0,0.0,0.0,92.0,488.0,0.0,0.0,0.0,0.0,0.0,0.0,0.0,0.0,0.0,0.0,0.0,0.0,0.0
744,Nehemiah,Oriola,Oriola,a,,,4.5,467,284.0,0.0,716,297.0,0.0,646.0,247.0,0,0,0.0,0,0.0,2,4,0.0,0.2,0.0,-1.0,1.0,478.0,214.0,,,720.0,294.0,715.0,295.0,700.0,289.0,721.0,295.0,,,,,,,,0.0,0.0,0.0,0.0,0.0,0.0,0.0,0.0,0.0,29,0.0,0.0,0.0,0.0,0.0,0.0,0.0,0.0,0.0,0.0,0.0,0.0,0.0,0.0,0.0,27.0,22.0,0.0,0.0,0.0,0.0,0.0,0.0,0.0,0.0,0.0,0.0,0.0,0.0,0.0
761,Freddie,Simmonds,Simmonds,a,,,4.0,727,202.0,0.0,708,245.0,0.0,505.0,206.0,0,0,0.0,0,0.0,0,4,0.0,0.0,0.0,-1.0,0.0,627.0,240.0,,,617.0,240.0,609.0,240.0,581.0,237.0,619.0,240.0,,,,,,,,0.0,0.0,0.0,0.0,0.0,0.0,0.0,0.0,0.0,29,0.0,0.0,0.0,0.0,0.0,0.0,0.0,0.0,0.0,0.0,0.0,0.0,0.0,0.0,0.0,13.0,19.0,0.0,0.0,0.0,0.0,0.0,0.0,0.0,0.0,0.0,0.0,0.0,0.0,0.0
783,Pascal,Groß,Groß,a,,,5.5,135,83.0,0.1,497,178.0,2.4,136.0,56.0,0,0,0.0,0,0.0,43,38,0.4,5.6,2.4,1.4,3.4,139.0,63.0,,,271.0,114.0,90.0,67.0,241.0,134.0,205.0,102.0,1.0,,,,,,,0.09,0.24,0.33,1.21,0.0,0.24,0.73,0.98,8.19,29,0.0,0.0,0.0,0.0,0.0,0.0,0.0,0.0,0.0,0.0,0.0,0.0,0.0,0.0,0.0,239.0,600.0,0.0,0.0,0.0,0.0,0.0,0.0,0.0,0.0,0.0,0.0,0.0,0.0,0.0
795,Harry,Howell,Howell,a,,,4.5,489,301.0,0.0,774,334.0,0.6,305.0,139.0,0,0,0.0,0,0.0,0,2,0.1,0.7,0.6,-0.4,1.5,408.0,178.0,,,468.0,210.0,441.0,213.0,451.0,221.0,477.0,219.0,,,,,,,,0.0,0.03,0.03,1.14,0.0,0.0,2.28,1.14,4.56,29,0.0,0.0,0.0,0.0,0.0,0.0,0.0,0.0,0.0,0.0,0.0,0.0,0.0,0.0,0.0,17.0,23.0,0.0,0.0,0.0,0.0,0.0,0.0,0.0,0.0,0.0,0.0,0.0,0.0,0.0
220,Robert,Lynch Sánchez,Sánchez,a,,,4.9,311,12.0,13.7,24,3.0,1.4,223.0,17.0,0,0,0.0,-1,1.0,313,1370,0.3,19.8,1.9,1.9,3.6,112.0,14.0,100.0,100.0,31.0,9.0,339.0,1.0,760.0,87.0,182.0,6.0,,,,,,,,0.0,0.0,0.0,1.37,2.73,0.35,1.23,1.04,0.0,29,0.0,0.0,0.0,0.0,0.0,0.0,0.0,0.0,0.0,0.0,0.0,0.0,0.0,0.0,0.0,1858.0,21250.0,0.0,0.0,0.0,0.0,0.0,0.0,0.0,0.0,0.0,0.0,0.0,0.0,0.0
221,Filip,Jörgensen,Jörgensen,a,,,4.3,604,29.0,0.2,406,59.0,0.0,553.0,84.0,0,0,0.0,-2,2.0,5,7,0.0,0.7,0.5,0.5,1.5,404.0,32.0,100.0,100.0,435.0,31.0,638.0,81.0,615.0,70.0,461.0,31.0,,,,,,,,0.0,0.0,0.0,1.44,1.55,0.0,1.55,0.52,0.0,29,0.0,0.0,0.0,0.0,0.0,0.0,0.0,0.0,0.0,0.0,0.0,0.0,0.0,0.0,0.0,23.0,29.0,0.0,0.0,0.0,0.0,0.0,0.0,0.0,0.0,0.0,0.0,0.0,0.0,0.0
222,Mike,Penders,Penders,u,Has joined RC Strasbourg on loan for the rest of the season.,,4.0,712,64.0,0.0,797,91.0,0.0,491.0,74.0,0,0,0.0,0,0.0,0,0,0.0,0.0,0.0,0.0,0.0,614.0,83.0,0.0,0.0,604.0,83.0,596.0,71.0,568.0,58.0,606.0,83.0,,,,,,,,0.0,0.0,0.0,0.0,0.0,0.0,0.0,0.0,0.0,29,0.0,0.0,0.0,0.0,0.0,0.0,0.0,0.0,0.0,0.0,0.0,0.0,0.0,0.0,0.0,0.0,1.0,0.0,0.0,0.0,0.0,0.0,0.0,0.0,0.0,0.0,0.0,0.0,0.0,0.0
223,Gabriel,Słonina,Slonina,a,,,3.9,764,82.0,0.1,461,70.0,0.0,427.0,41.0,0,0,0.0,-1,1.0,2,2,0.0,0.0,0.5,0.5,0.0,557.0,52.0,,,547.0,52.0,534.0,35.0,504.0,22.0,549.0,52.0,,,,,,,,0.0,0.0,0.0,0.0,0.0,0.0,0.0,0.0,0.0,29,0.0,0.0,0.0,0.0,0.0,0.0,0.0,0.0,0.0,0.0,0.0,0.0,0.0,0.0,0.0,17.0,29.0,0.0,0.0,0.0,0.0,0.0,0.0,0.0,0.0,0.0,0.0,0.0,0.0,0.0
224,Marc,Cucurella Saseta,Cucurella,d,Hamstring injury - 50% chance of playing,,6.0,88,5.0,13.8,23,8.0,1.0,266.0,96.0,0,0,0.0,0,0.0,25,1949,0.2,15.0,0.8,0.8,3.8,93.0,34.0,50.0,50.0,95.0,44.0,57.0,7.0,134.0,25.0,83.0,19.0,,,,,,,,0.08,0.13,0.21,1.32,0.0,0.43,1.0,1.05,6.68,29,0.0,0.0,0.0,0.0,0.0,0.0,0.0,0.0,0.0,0.0,0.0,0.0,0.0,0.0,0.0,129.0,19766.0,0.0,0.0,0.0,0.0,0.0,0.0,0.0,0.0,0.0,0.0,0.0,0.0,0.0
225,Reece,James,James,a,,,5.6,129,13.0,8.2,43,16.0,2.4,138.0,52.0,0,0,0.0,1,-1.0,1511,405,0.4,19.5,2.9,2.9,4.4,41.0,16.0,100.0,100.0,104.0,46.0,46.0,5.0,259.0,72.0,97.0,26.0,2.0,2.0,,,,,,0.05,0.14,0.19,1.37,0.0,0.42,0.95,0.95,6.15,29,0.0,0.0,0.0,0.0,0.0,0.0,0.0,0.0,0.0,0.0,0.0,0.0,0.0,0.0,0.0,14377.0,5616.0,0.0,0.0,0.0,0.0,0.0,0.0,0.0,0.0,0.0,0.0,0.0,0.0,0.0
226,Trevoh,Chalobah,Chalobah,a,,,5.6,125,12.0,19.1,18,6.0,2.0,172.0,63.0,0,0,0.0,6,-6.0,609,4279,0.4,22.7,2.5,2.5,4.7,22.0,7.0,100.0,100.0,22.0,9.0,269.0,81.0,191.0,46.0,106.0,30.0,,,,,,,,0.04,0.04,0.08,1.29,0.0,0.34,1.22,1.03,9.11,29,0.0,0.0,0.0,0.0,0.0,0.0,0.0,0.0,0.0,0.0,0.0,0.0,0.0,0.0,0.0,4195.0,77999.0,0.0,0.0,0.0,0.0,0.0,0.0,0.0,0.0,0.0,0.0,0.0,0.0,0.0
227,Levi,Samuels Colwill,Colwill,i,Anterior cruciate ligament - Unknown return date,,4.7,388,65.0,0.1,469,171.0,0.0,694.0,246.0,0,0,0.0,-3,3.0,1,1,0.0,0.0,0.0,0.0,0.0,760.0,260.0,0.0,0.0,759.0,260.0,754.0,260.0,746.0,260.0,759.0,260.0,,,,,,,,0.0,0.0,0.0,0.0,0.0,0.0,0.0,0.0,0.0,29,0.0,0.0,0.0,0.0,0.0,0.0,0.0,0.0,0.0,0.0,0.0,0.0,0.0,0.0,0.0,4.0,8.0,0.0,0.0,0.0,0.0,0.0,0.0,0.0,0.0,0.0,0.0,0.0,0.0,0.0
228,Malo,Gusto,Gusto,a,,,4.9,335,54.0,1.9,140,53.0,1.8,187.0,71.0,0,0,0.0,-1,1.0,82,289,0.4,17.1,2.3,2.3,3.4,134.0,48.0,100.0,100.0,172.0,72.0,108.0,27.0,174.0,40.0,142.0,46.0,,,,,,,,0.08,0.08,0.16,1.48,0.0,0.4,1.15,0.97,5.16,29,0.0,0.0,0.0,0.0,0.0,0.0,0.0,0.0,0.0,0.0,0.0,0.0,0.0,0.0,0.0,676.0,4327.0,0.0,0.0,0.0,0.0,0.0,0.0,0.0,0.0,0.0,0.0,0.0,0.0,0.0
229,Benoît,Badiashile Mukinayi,B.Badiashile,a,,,4.4,535,113.0,0.0,628,224.0,0.0,575.0,235.0,0,0,0.0,-1,1.0,3,11,0.0,1.6,0.5,0.5,0.9,507.0,175.0,100.0,100.0,348.0,131.0,431.0,156.0,446.0,168.0,410.0,147.0,,,,,,,,0.0,0.01,0.01,1.42,0.0,0.0,1.91,1.15,9.19,29,0.0,0.0,0.0,0.0,0.0,0.0,0.0,0.0,0.0,0.0,0.0,0.0,0.0,0.0,0.0,14.0,163.0,0.0,0.0,0.0,0.0,0.0,0.0,0.0,0.0,0.0,0.0,0.0,0.0,0.0
230,Wesley,Fofana,Fofana,a,,,4.4,540,116.0,0.3,295,110.0,0.4,326.0,116.0,0,0,0.0,-1,1.0,41,57,0.1,10.9,0.9,0.9,3.0,189.0,72.0,100.0,100.0,174.0,73.0,346.0,118.0,374.0,130.0,294.0,97.0,,,,,,,,0.02,0.05,0.07,1.35,0.0,0.35,0.97,0.97,11.61,29,0.0,0.0,0.0,0.0,0.0,0.0,0.0,0.0,0.0,0.0,0.0,0.0,0.0,0.0,0.0,258.0,1132.0,0.0,0.0,0.0,0.0,0.0,0.0,0.0,0.0,0.0,0.0,0.0,0.0,0.0
231,Mamadou,Sarr,M.Sarr,a,,,4.5,475,94.0,0.0,670,235.0,0.4,329.0,118.0,0,0,0.0,0,0.0,22,9,0.1,0.4,0.9,0.9,1.0,480.0,173.0,100.0,100.0,471.0,171.0,487.0,176.0,421.0,159.0,480.0,170.0,,,,,,,,0.35,0.0,0.35,1.4,0.0,0.0,2.97,0.99,7.91,29,0.0,0.0,0.0,0.0,0.0,0.0,0.0,0.0,0.0,0.0,0.0,0.0,0.0,0.0,0.0,178.0,48.0,0.0,0.0,0.0,0.0,0.0,0.0,0.0,0.0,0.0,0.0,0.0,0.0,0.0
232,Tosin,Adarabioyo,Tosin,a,,,4.0,665,162.0,0.3,343,125.0,0.4,321.0,111.0,0,0,0.0,-5,5.0,21,10,0.1,8.0,0.9,0.9,2.5,264.0,102.0,100.0,100.0,244.0,96.0,374.0,132.0,382.0,134.0,343.0,116.0,,,,,,,,0.01,0.05,0.06,1.44,0.0,0.25,1.5,0.88,11.25,29,0.0,0.0,0.0,0.0,0.0,0.0,0.0,0.0,0.0,0.0,0.0,0.0,0.0,0.0,0.0,207.0,146.0,0.0,0.0,0.0,0.0,0.0,0.0,0.0,0.0,0.0,0.0,0.0,0.0,0.0
233,Josh,Acheampong,Acheampong,a,,,3.7,818,264.0,1.7,151,59.0,0.4,320.0,110.0,0,0,0.0,-3,3.0,460,246,0.1,8.9,0.9,0.9,2.8,210.0,81.0,100.0,100.0,326.0,125.0,355.0,123.0,293.0,86.0,356.0,122.0,,,,,,,,0.1,0.02,0.12,2.21,0.0,0.32,1.9,1.11,6.35,29,0.0,0.0,0.0,0.0,0.0,0.0,0.0,0.0,0.0,0.0,0.0,0.0,0.0,0.0,0.0,5569.0,2847.0,0.0,0.0,0.0,0.0,0.0,0.0,0.0,0.0,0.0,0.0,0.0,0.0,0.0
234,Aarón,Anselmino,Anselmino,u,has joined Strasbourg on loan for the rest of the season.,,4.0,733,208.0,0.1,574,206.0,0.0,509.0,210.0,0,0,0.0,0,0.0,0,0,0.0,0.0,0.0,0.0,0.0,631.0,244.0,0.0,0.0,621.0,244.0,613.0,244.0,585.0,241.0,623.0,244.0,,,,,,,,0.0,0.0,0.0,0.0,0.0,0.0,0.0,0.0,0.0,29,0.0,0.0,0.0,0.0,0.0,0.0,0.0,0.0,0.0,0.0,0.0,0.0,0.0,0.0,0.0,0.0,4.0,0.0,0.0,0.0,0.0,0.0,0.0,0.0,0.0,0.0,0.0,0.0,0.0,0.0
235,Cole,Palmer,Palmer,a,,,10.6,3,2.0,15.9,21,8.0,7.2,3.0,1.0,0,0,0.0,1,-1.0,2653,2498,0.7,7.8,7.7,7.7,4.9,17.0,9.0,100.0,100.0,130.0,43.0,155.0,106.0,53.0,32.0,89.0,53.0,,3.0,1.0,,,,,0.63,0.09,0.72,1.51,0.0,0.23,1.33,1.17,6.56,29,0.0,0.0,0.0,0.0,0.0,0.0,0.0,0.0,0.0,0.0,0.0,0.0,0.0,0.0,0.0,27629.0,47062.0,0.0,0.0,0.0,0.0,0.0,0.0,0.0,0.0,0.0,0.0,0.0,0.0,0.0
236,Pedro,Lomba Neto,Neto,s,Suspended until 14 Mar,,7.0,37,22.0,4.3,85,27.0,2.0,177.0,76.0,0,0,0.0,0,0.0,9,2579,0.3,15.1,0.0,0.0,3.8,94.0,45.0,0.0,0.0,88.0,30.0,10.0,10.0,34.0,18.0,23.0,19.0,1.0,4.0,,,,,,0.18,0.24,0.42,1.21,0.0,0.46,0.88,1.01,4.34,29,0.0,0.0,0.0,0.0,0.0,0.0,0.0,0.0,0.0,0.0,0.0,0.0,0.0,0.0,0.0,52.0,27215.0,0.0,0.0,0.0,0.0,0.0,0.0,0.0,0.0,0.0,0.0,0.0,0.0,0.0
238,Estêvão,Almeida de Oliveira Gonçalves,Estêvão,d,Hamstring injury - 25% chance of playing,,6.4,62,41.0,1.9,143,48.0,0.6,317.0,146.0,0,0,0.0,-1,1.0,9,670,0.1,8.6,0.3,0.3,2.9,208.0,88.0,25.0,25.0,281.0,121.0,145.0,97.0,86.0,54.0,174.0,89.0,,,3.0,,,,,0.34,0.26,0.6,0.99,0.0,0.49,0.98,1.22,6.22,29,0.0,0.0,0.0,0.0,0.0,0.0,0.0,0.0,0.0,0.0,0.0,0.0,0.0,0.0,0.0,39.0,8089.0,0.0,0.0,0.0,0.0,0.0,0.0,0.0,0.0,0.0,0.0,0.0,0.0,0.0
239,Jamie,Bynoe-Gittens,Gittens,i,Hamstring injury - Unknown return date,,6.0,89,56.0,0.1,475,165.0,0.0,800.0,357.0,0,0,0.0,-5,5.0,1,4,0.0,4.2,0.0,0.0,1.6,399.0,174.0,0.0,0.0,365.0,162.0,213.0,139.0,255.0,140.0,326.0,159.0,,,,,,,,0.15,0.17,0.32,1.65,0.0,0.19,1.3,0.93,5.37,29,0.0,0.0,0.0,0.0,0.0,0.0,0.0,0.0,0.0,0.0,0.0,0.0,0.0,0.0,0.0,2.0,27.0,0.0,0.0,0.0,0.0,0.0,0.0,0.0,0.0,0.0,0.0,0.0,0.0,0.0
241,Moisés,Caicedo Corozo,Caicedo,a,,,5.7,119,75.0,7.7,52,18.0,2.4,139.0,57.0,0,0,0.0,2,-2.0,452,589,0.4,16.0,2.9,2.9,4.0,67.0,30.0,100.0,100.0,77.0,25.0,110.0,78.0,235.0,130.0,121.0,69.0,,,,,,,,0.06,0.09,0.15,1.34,0.0,0.28,1.29,1.01,13.13,29,0.0,0.0,0.0,0.0,0.0,0.0,0.0,0.0,0.0,0.0,0.0,0.0,0.0,0.0,0.0,3127.0,6517.0,0.0,0.0,0.0,0.0,0.0,0.0,0.0,0.0,0.0,0.0,0.0,0.0,0.0
244,Roméo,Lavia,Lavia,a,,,4.9,341,210.0,0.0,694,286.0,0.2,367.0,167.0,0,0,0.0,-1,1.0,2,0,0.0,1.0,0.7,0.7,1.0,493.0,226.0,100.0,100.0,462.0,206.0,432.0,209.0,454.0,223.0,468.0,212.0,,,,,,,,0.0,0.04,0.04,2.17,0.0,0.0,2.25,0.75,9.0,29,0.0,0.0,0.0,0.0,0.0,0.0,0.0,0.0,0.0,0.0,0.0,0.0,0.0,0.0,0.0,42.0,6.0,0.0,0.0,0.0,0.0,0.0,0.0,0.0,0.0,0.0,0.0,0.0,0.0,0.0
245,Mykhailo,Mudryk,Mudryk,s,Suspended - unknown return date,,4.9,332,206.0,0.0,746,317.0,0.0,732.0,309.0,0,0,0.0,-1,1.0,0,1,0.0,0.0,0.0,0.0,0.0,778.0,338.0,0.0,0.0,777.0,337.0,773.0,337.0,768.0,335.0,777.0,337.0,,,,,,,,0.0,0.0,0.0,0.0,0.0,0.0,0.0,0.0,0.0,29,0.0,0.0,0.0,0.0,0.0,0.0,0.0,0.0,0.0,0.0,0.0,0.0,0.0,0.0,0.0,6.0,4.0,0.0,0.0,0.0,0.0,0.0,0.0,0.0,0.0,0.0,0.0,0.0,0.0,0.0
246,Andrey,Nascimento dos Santos,Andrey Santos,a,,,4.5,457,276.0,0.3,320,106.0,1.6,199.0,82.0,0,0,0.0,0,0.0,59,32,0.4,6.7,2.1,2.1,1.4,420.0,186.0,100.0,100.0,304.0,137.0,222.0,145.0,306.0,166.0,320.0,157.0,,,,,,,,0.16,0.07,0.23,1.33,0.0,0.09,1.13,0.94,9.67,29,0.0,0.0,0.0,0.0,0.0,0.0,0.0,0.0,0.0,0.0,0.0,0.0,0.0,0.0,0.0,807.0,531.0,0.0,0.0,0.0,0.0,0.0,0.0,0.0,0.0,0.0,0.0,0.0,0.0,0.0
247,Dário,Luís Essugo,D.Essugo,d,Lack of match fitness - 50% chance of playing,,4.3,598,349.0,0.1,573,212.0,0.0,548.0,182.0,0,0,0.0,-2,2.0,16,7,0.0,0.0,0.2,0.2,0.0,649.0,245.0,50.0,50.0,639.0,235.0,634.0,240.0,610.0,228.0,641.0,237.0,,,,,,,,0.0,0.0,0.0,0.0,0.0,0.0,0.0,0.0,0.0,29,0.0,0.0,0.0,0.0,0.0,0.0,0.0,0.0,0.0,0.0,0.0,0.0,0.0,0.0,0.0,90.0,68.0,0.0,0.0,0.0,0.0,0.0,0.0,0.0,0.0,0.0,0.0,0.0,0.0,0.0
248,Kendry,Páez Andrade,Paez,u,has joined River Plate on loan for the rest of the season.,,4.5,496,306.0,0.0,781,339.0,0.0,671.0,267.0,0,0,0.0,0,0.0,0,1,0.0,0.0,0.0,0.0,0.0,743.0,312.0,0.0,0.0,742.0,311.0,736.0,311.0,723.0,307.0,742.0,311.0,,,,,,,,0.0,0.0,0.0,0.0,0.0,0.0,0.0,0.0,0.0,29,0.0,0.0,0.0,0.0,0.0,0.0,0.0,0.0,0.0,0.0,0.0,0.0,0.0,0.0,0.0,0.0,1.0,0.0,0.0,0.0,0.0,0.0,0.0,0.0,0.0,0.0,0.0,0.0,0.0,0.0
249,João Pedro,Junqueira de Jesus,João Pedro,a,,,7.6,20,6.0,45.3,3,2.0,5.4,12.0,1.0,0,0,0.0,1,-1.0,5354,3140,0.7,18.6,5.9,5.9,5.0,15.0,2.0,,,36.0,4.0,50.0,2.0,12.0,7.0,13.0,4.0,,,,,,,,0.46,0.08,0.54,1.22,0.0,0.44,0.96,1.05,5.03,29,0.0,0.0,0.0,0.0,0.0,0.0,0.0,0.0,0.0,0.0,0.0,0.0,0.0,0.0,0.0,51574.0,90401.0,0.0,0.0,0.0,0.0,0.0,0.0,0.0,0.0,0.0,0.0,0.0,0.0,0.0
250,Liam,Delap,Delap,a,,,6.2,75,24.0,0.9,199,30.0,0.8,292.0,37.0,0,0,0.0,-3,3.0,32,47,0.1,5.6,1.3,1.3,1.8,375.0,44.0,100.0,100.0,400.0,43.0,336.0,40.0,83.0,26.0,295.0,33.0,,,,,,,,0.46,0.02,0.48,1.35,0.0,0.25,1.62,1.12,3.12,29,0.0,0.0,0.0,0.0,0.0,0.0,0.0,0.0,0.0,0.0,0.0,0.0,0.0,0.0,0.0,164.0,620.0,0.0,0.0,0.0,0.0,0.0,0.0,0.0,0.0,0.0,0.0,0.0,0.0,0.0
251,Nicolas,Jackson,N.Jackson,u,has joined Bayern Munich on loan for the rest of the season.,,6.5,54,19.0,0.1,529,75.0,0.0,809.0,89.0,0,0,0.0,0,0.0,0,1,0.0,0.0,0.0,0.0,0.0,816.0,92.0,0.0,0.0,816.0,92.0,816.0,92.0,816.0,92.0,816.0,92.0,,,,,,,,0.0,0.0,0.0,0.0,0.0,0.0,0.0,0.0,0.0,29,0.0,0.0,0.0,0.0,0.0,0.0,0.0,0.0,0.0,0.0,0.0,0.0,0.0,0.0,0.0,0.0,2.0,0.0,0.0,0.0,0.0,0.0,0.0,0.0,0.0,0.0,0.0,0.0,0.0,0.0
252,Marc,Guiu Paz,Marc Guiu,a,,,4.1,657,92.0,5.7,65,12.0,0.0,518.0,50.0,0,0,0.0,-4,4.0,405,456,0.0,2.9,0.5,0.5,1.3,426.0,52.0,100.0,100.0,440.0,52.0,357.0,44.0,269.0,48.0,403.0,50.0,,,,,,,,0.53,0.11,0.64,2.06,0.0,0.0,0.73,0.36,2.55,29,0.0,0.0,0.0,0.0,0.0,0.0,0.0,0.0,0.0,0.0,0.0,0.0,0.0,0.0,0.0,3595.0,14653.0,0.0,0.0,0.0,0.0,0.0,0.0,0.0,0.0,0.0,0.0,0.0,0.0,0.0
453,Alejandro,Garnacho Ferreyra,Garnacho,a,,,6.4,61,40.0,0.5,268,93.0,0.4,342.0,157.0,0,0,0.0,-1,1.0,52,61,0.1,6.7,0.9,0.9,2.5,282.0,122.0,,,312.0,140.0,123.0,84.0,90.0,57.0,190.0,97.0,,,,,,,,0.25,0.26,0.51,1.63,0.0,0.4,1.21,1.21,4.94,29,0.0,0.0,0.0,0.0,0.0,0.0,0.0,0.0,0.0,0.0,0.0,0.0,0.0,0.0,0.0,500.0,650.0,0.0,0.0,0.0,0.0,0.0,0.0,0.0,0.0,0.0,0.0,0.0,0.0,0.0
672,Jorrel,Hato,Hato,a,,,4.6,404,71.0,0.2,390,147.0,0.2,362.0,132.0,0,0,0.0,-4,4.0,13,10,0.0,1.7,0.7,0.7,0.6,515.0,178.0,100.0,100.0,371.0,141.0,310.0,103.0,381.0,133.0,380.0,135.0,,,,,,,,0.05,0.08,0.13,1.63,0.0,0.0,2.4,0.8,9.0,29,0.0,0.0,0.0,0.0,0.0,0.0,0.0,0.0,0.0,0.0,0.0,0.0,0.0,0.0,0.0,157.0,216.0,0.0,0.0,0.0,0.0,0.0,0.0,0.0,0.0,0.0,0.0,0.0,0.0,0.0
789,Max,Merrick,Merrick,a,,,4.0,707,63.0,0.0,765,88.0,0.0,486.0,73.0,0,0,0.0,0,0.0,0,1,0.0,0.0,0.5,0.5,0.0,610.0,82.0,,,600.0,82.0,592.0,70.0,563.0,57.0,602.0,82.0,,,,,,,,0.0,0.0,0.0,0.0,0.0,0.0,0.0,0.0,0.0,29,0.0,0.0,0.0,0.0,0.0,0.0,0.0,0.0,0.0,0.0,0.0,0.0,0.0,0.0,0.0,8.0,10.0,0.0,0.0,0.0,0.0,0.0,0.0,0.0,0.0,0.0,0.0,0.0,0.0,0.0
803,Teddy,Sharman-Lowe,Sharman-Lowe,a,,,4.0,700,59.0,0.0,791,90.0,0.0,482.0,70.0,0,0,0.0,0,0.0,2,1,0.0,0.0,0.5,0.5,0.0,606.0,79.0,,,596.0,79.0,587.0,66.0,558.0,53.0,598.0,79.0,,,,,,,,0.0,0.0,0.0,0.0,0.0,0.0,0.0,0.0,0.0,29,0.0,0.0,0.0,0.0,0.0,0.0,0.0,0.0,0.0,0.0,0.0,0.0,0.0,0.0,0.0,12.0,4.0,0.0,0.0,0.0,0.0,0.0,0.0,0.0,0.0,0.0,0.0,0.0,0.0,0.0
253,Dean,Henderson,Henderson,a,,,5.0,247,8.0,7.7,51,8.0,5.6,8.0,1.0,0,0,0.0,0,0.0,2265,362,1.1,22.4,5.6,5.6,4.0,61.0,2.0,,,16.0,5.0,426.0,11.0,775.0,89.0,177.0,5.0,,,,,,,,0.0,0.0,0.0,1.34,2.96,0.36,1.21,1.0,0.0,29,0.0,0.0,0.0,0.0,0.0,0.0,0.0,0.0,0.0,0.0,0.0,0.0,0.0,0.0,0.0,16138.0,4812.0,0.0,0.0,0.0,0.0,0.0,0.0,0.0,0.0,0.0,0.0,0.0,0.0,0.0
254,Walter,Benítez,Benitez,a,,,4.0,667,45.0,0.3,316,44.0,0.0,451.0,56.0,0,0,0.0,0,0.0,9,17,0.0,0.0,0.0,0.0,0.0,579.0,66.0,100.0,100.0,569.0,66.0,559.0,52.0,530.0,39.0,571.0,66.0,,,,,,,,0.0,0.0,0.0,0.0,0.0,0.0,0.0,0.0,0.0,29,0.0,0.0,0.0,0.0,0.0,0.0,0.0,0.0,0.0,0.0,0.0,0.0,0.0,0.0,0.0,75.0,97.0,0.0,0.0,0.0,0.0,0.0,0.0,0.0,0.0,0.0,0.0,0.0,0.0,0.0
255,Remi,Matthews,Matthews,a,,,3.9,750,76.0,0.1,471,71.0,0.0,418.0,35.0,0,0,0.0,-1,1.0,4,5,0.0,0.0,0.0,0.0,0.0,548.0,46.0,,,538.0,46.0,525.0,29.0,495.0,16.0,540.0,46.0,,,,,,,,0.0,0.0,0.0,0.0,0.0,0.0,0.0,0.0,0.0,29,0.0,0.0,0.0,0.0,0.0,0.0,0.0,0.0,0.0,0.0,0.0,0.0,0.0,0.0,0.0,32.0,39.0,0.0,0.0,0.0,0.0,0.0,0.0,0.0,0.0,0.0,0.0,0.0,0.0,0.0
256,Daniel,Muñoz Mejía,Muñoz,a,,,5.9,98,6.0,8.3,42,15.0,3.2,95.0,37.0,0,0,0.0,4,-4.0,1443,656,0.5,18.3,3.2,3.2,5.4,9.0,2.0,100.0,100.0,90.0,40.0,92.0,21.0,87.0,7.0,82.0,18.0,,,,,,,,0.1,0.17,0.27,1.25,0.0,0.46,1.02,1.02,7.13,29,0.0,0.0,0.0,0.0,0.0,0.0,0.0,0.0,0.0,0.0,0.0,0.0,0.0,0.0,0.0,11893.0,12390.0,0.0,0.0,0.0,0.0,0.0,0.0,0.0,0.0,0.0,0.0,0.0,0.0,0.0
257,Maxence,Lacroix,Lacroix,s,Suspended until 15 Mar,,5.1,233,32.0,4.5,82,26.0,3.4,74.0,25.0,0,0,0.0,1,-1.0,48,3805,0.7,23.3,0.0,0.0,4.4,38.0,15.0,0.0,0.0,28.0,13.0,298.0,95.0,113.0,18.0,94.0,25.0,,,,,,,,0.07,0.03,0.1,1.29,0.0,0.34,1.28,1.01,10.52,29,0.0,0.0,0.0,0.0,0.0,0.0,0.0,0.0,0.0,0.0,0.0,0.0,0.0,0.0,0.0,176.0,34278.0,0.0,0.0,0.0,0.0,0.0,0.0,0.0,0.0,0.0,0.0,0.0,0.0,0.0
258,Tyrick,Mitchell,Mitchell,a,,,5.0,256,39.0,2.2,132,51.0,3.8,51.0,15.0,0,0,0.0,0,0.0,649,157,0.8,21.2,3.8,3.8,3.8,87.0,33.0,,,71.0,32.0,66.0,14.0,146.0,29.0,74.0,15.0,,,,,,,,0.04,0.06,0.1,1.36,0.0,0.36,1.23,1.01,6.69,29,0.0,0.0,0.0,0.0,0.0,0.0,0.0,0.0,0.0,0.0,0.0,0.0,0.0,0.0,0.0,5226.0,2587.0,0.0,0.0,0.0,0.0,0.0,0.0,0.0,0.0,0.0,0.0,0.0,0.0,0.0
259,Borna,Sosa,Sosa,a,,,4.8,360,60.0,0.1,441,164.0,0.0,701.0,248.0,0,0,0.0,-2,2.0,15,12,0.0,1.0,0.0,0.0,1.0,489.0,174.0,100.0,100.0,455.0,166.0,411.0,150.0,434.0,161.0,462.0,167.0,,,,,,,,0.0,0.1,0.1,1.41,0.0,0.0,1.7,0.0,11.89,29,0.0,0.0,0.0,0.0,0.0,0.0,0.0,0.0,0.0,0.0,0.0,0.0,0.0,0.0,0.0,72.0,60.0,0.0,0.0,0.0,0.0,0.0,0.0,0.0,0.0,0.0,0.0,0.0,0.0,0.0
261,Chris,Richards,Richards,a,,,4.4,537,115.0,2.6,117,46.0,3.0,102.0,40.0,0,0,0.0,-1,1.0,347,268,0.7,22.7,3.0,3.0,4.2,47.0,20.0,100.0,100.0,46.0,20.0,236.0,64.0,209.0,51.0,129.0,40.0,,,,,,,,0.05,0.05,0.1,1.29,0.0,0.38,1.25,1.0,10.04,29,0.0,0.0,0.0,0.0,0.0,0.0,0.0,0.0,0.0,0.0,0.0,0.0,0.0,0.0,0.0,4097.0,6871.0,0.0,0.0,0.0,0.0,0.0,0.0,0.0,0.0,0.0,0.0,0.0,0.0,0.0
262,Chadi,Riad Dnanou,Chadi Riad,a,,,4.0,705,184.0,0.0,605,215.0,1.4,219.0,85.0,0,0,0.0,0,0.0,17,10,0.4,3.0,1.4,1.4,2.4,283.0,108.0,100.0,100.0,410.0,154.0,395.0,144.0,395.0,142.0,430.0,154.0,,,,,,,,0.04,0.01,0.05,1.11,0.0,0.41,0.81,0.81,4.46,29,0.0,0.0,0.0,0.0,0.0,0.0,0.0,0.0,0.0,0.0,0.0,0.0,0.0,0.0,0.0,149.0,70.0,0.0,0.0,0.0,0.0,0.0,0.0,0.0,0.0,0.0,0.0,0.0,0.0,0.0
263,Nathaniel,Clyne,Clyne,a,,,3.8,785,233.0,0.6,246,93.0,0.0,383.0,136.0,0,0,0.0,-2,2.0,15,59,0.0,3.7,0.0,0.0,2.0,325.0,118.0,100.0,100.0,386.0,147.0,347.0,119.0,353.0,117.0,387.0,139.0,,,,,,,,0.09,0.12,0.21,1.24,0.0,0.0,1.72,1.29,7.32,29,0.0,0.0,0.0,0.0,0.0,0.0,0.0,0.0,0.0,0.0,0.0,0.0,0.0,0.0,0.0,195.0,1105.0,0.0,0.0,0.0,0.0,0.0,0.0,0.0,0.0,0.0,0.0,0.0,0.0,0.0
264,Rob,Holding,Holding,u,Has joined Colorado Rapids permanently.,,4.0,668,163.0,0.0,697,243.0,0.0,452.0,172.0,0,0,0.0,0,0.0,0,0,0.0,0.0,0.0,0.0,0.0,580.0,211.0,0.0,0.0,570.0,211.0,560.0,211.0,531.0,207.0,572.0,211.0,,,,,,,,0.0,0.0,0.0,0.0,0.0,0.0,0.0,0.0,0.0,29,0.0,0.0,0.0,0.0,0.0,0.0,0.0,0.0,0.0,0.0,0.0,0.0,0.0,0.0,0.0,0.0,1.0,0.0,0.0,0.0,0.0,0.0,0.0,0.0,0.0,0.0,0.0,0.0,0.0,0.0
265,Caleb,Kporha,Kporha,a,,,4.0,723,198.0,0.0,714,248.0,0.0,502.0,203.0,0,0,0.0,0,0.0,2,2,0.0,0.0,0.0,0.0,0.0,624.0,237.0,100.0,100.0,614.0,237.0,606.0,237.0,578.0,234.0,616.0,237.0,,,,,,,,0.0,0.0,0.0,0.0,0.0,0.0,0.0,0.0,0.0,29,0.0,0.0,0.0,0.0,0.0,0.0,0.0,0.0,0.0,0.0,0.0,0.0,0.0,0.0,0.0,18.0,8.0,0.0,0.0,0.0,0.0,0.0,0.0,0.0,0.0,0.0,0.0,0.0,0.0,0.0
267,Ismaïla,Sarr,Sarr,a,,,6.3,68,46.0,3.4,98,31.0,2.8,114.0,47.0,0,0,0.0,-2,2.0,474,501,0.4,11.9,2.8,2.8,4.2,53.0,25.0,100.0,100.0,188.0,77.0,165.0,114.0,57.0,34.0,119.0,67.0,,,3.0,,,,,0.4,0.04,0.44,1.28,0.0,0.47,1.05,1.05,6.17,29,0.0,0.0,0.0,0.0,0.0,0.0,0.0,0.0,0.0,0.0,0.0,0.0,0.0,0.0,0.0,4907.0,17113.0,0.0,0.0,0.0,0.0,0.0,0.0,0.0,0.0,0.0,0.0,0.0,0.0,0.0
268,Cheick,Doucouré,Doucouré,i,Knee injury - Unknown return date,,4.9,327,203.0,0.0,794,349.0,0.0,728.0,307.0,0,0,0.0,-1,1.0,0,0,0.0,0.0,0.0,0.0,0.0,775.0,336.0,0.0,0.0,774.0,335.0,770.0,335.0,765.0,333.0,774.0,335.0,,,,,,,,0.0,0.0,0.0,0.0,0.0,0.0,0.0,0.0,0.0,29,0.0,0.0,0.0,0.0,0.0,0.0,0.0,0.0,0.0,0.0,0.0,0.0,0.0,0.0,0.0,3.0,4.0,0.0,0.0,0.0,0.0,0.0,0.0,0.0,0.0,0.0,0.0,0.0,0.0,0.0
269,Romain,Esse,Esse,u,has joined Coventry City on loan for the rest of the season.,,4.7,395,247.0,0.1,454,155.0,0.0,696.0,285.0,0,0,0.0,-3,3.0,0,8,0.0,0.9,0.0,0.0,1.0,487.0,222.0,0.0,0.0,469.0,211.0,450.0,216.0,424.0,205.0,475.0,217.0,,,,,,,,0.0,0.09,0.09,3.92,0.0,0.0,0.0,0.0,11.25,29,0.0,0.0,0.0,0.0,0.0,0.0,0.0,0.0,0.0,0.0,0.0,0.0,0.0,0.0,0.0,0.0,21.0,0.0,0.0,0.0,0.0,0.0,0.0,0.0,0.0,0.0,0.0,0.0,0.0,0.0
270,Will,Hughes,Hughes,a,,,4.7,377,236.0,0.1,468,161.0,0.8,275.0,122.0,0,0,0.0,-3,3.0,10,10,0.2,8.1,0.8,0.8,1.5,409.0,179.0,100.0,100.0,296.0,132.0,101.0,73.0,262.0,144.0,231.0,114.0,1.0,,,,,,,0.08,0.12,0.2,1.39,0.0,0.37,0.96,1.03,8.76,29,0.0,0.0,0.0,0.0,0.0,0.0,0.0,0.0,0.0,0.0,0.0,0.0,0.0,0.0,0.0,61.0,184.0,0.0,0.0,0.0,0.0,0.0,0.0,0.0,0.0,0.0,0.0,0.0,0.0,0.0
271,Daichi,Kamada,Kamada,a,,,5.0,251,152.0,0.1,525,191.0,1.0,259.0,113.0,0,0,0.0,0,0.0,5,5,0.2,10.0,1.0,1.0,2.8,220.0,89.0,100.0,100.0,287.0,124.0,132.0,91.0,208.0,116.0,228.0,113.0,,,,,,,,0.09,0.13,0.22,1.09,0.0,0.39,1.04,1.04,9.99,29,0.0,0.0,0.0,0.0,0.0,0.0,0.0,0.0,0.0,0.0,0.0,0.0,0.0,0.0,0.0,39.0,52.0,0.0,0.0,0.0,0.0,0.0,0.0,0.0,0.0,0.0,0.0,0.0,0.0,0.0
272,Jefferson,Lerma Solís,Lerma,i,Hamstring injury - Expected back 14 Mar,,4.9,291,181.0,0.1,542,198.0,1.2,241.0,101.0,0,0,0.0,-1,1.0,0,21,0.2,10.4,0.0,0.0,2.2,308.0,134.0,0.0,0.0,251.0,106.0,196.0,128.0,156.0,86.0,225.0,112.0,,,,,,,,0.08,0.07,0.15,1.14,0.0,0.39,1.17,0.93,11.44,29,0.0,0.0,0.0,0.0,0.0,0.0,0.0,0.0,0.0,0.0,0.0,0.0,0.0,0.0,0.0,0.0,296.0,0.0,0.0,0.0,0.0,0.0,0.0,0.0,0.0,0.0,0.0,0.0,0.0,0.0
273,Adam,Wharton,Wharton,a,,,5.0,270,165.0,0.6,237,82.0,2.8,111.0,45.0,0,0,0.0,0,0.0,65,79,0.6,16.0,2.8,2.8,3.2,159.0,68.0,100.0,100.0,162.0,59.0,29.0,27.0,218.0,121.0,90.0,54.0,3.0,,,,,,,0.05,0.23,0.28,1.4,0.0,0.35,1.4,1.09,10.51,29,0.0,0.0,0.0,0.0,0.0,0.0,0.0,0.0,0.0,0.0,0.0,0.0,0.0,0.0,0.0,411.0,1299.0,0.0,0.0,0.0,0.0,0.0,0.0,0.0,0.0,0.0,0.0,0.0,0.0,0.0
274,Asher,Agbinone,Agbinone,a,,,4.3,613,358.0,0.1,474,164.0,0.0,561.0,191.0,0,0,0.0,-2,2.0,33,21,0.0,0.0,0.0,0.0,0.0,658.0,252.0,,,648.0,242.0,644.0,247.0,621.0,236.0,650.0,244.0,,,,,,,,0.0,0.0,0.0,0.0,0.0,0.0,0.0,0.0,0.0,29,0.0,0.0,0.0,0.0,0.0,0.0,0.0,0.0,0.0,0.0,0.0,0.0,0.0,0.0,0.0,321.0,257.0,0.0,0.0,0.0,0.0,0.0,0.0,0.0,0.0,0.0,0.0,0.0,0.0,0.0
275,Naouirou,Ahamada,Ahamada,u,has joined AJ Auxerre permanently.,,4.3,591,346.0,0.0,621,241.0,0.0,543.0,179.0,0,0,0.0,-2,2.0,0,1,0.0,0.0,0.0,0.0,0.0,647.0,243.0,0.0,0.0,637.0,233.0,632.0,238.0,608.0,226.0,639.0,235.0,,,,,,,,0.0,0.0,0.0,0.0,0.0,0.0,0.0,0.0,0.0,29,0.0,0.0,0.0,0.0,0.0,0.0,0.0,0.0,0.0,0.0,0.0,0.0,0.0,0.0,0.0,0.0,25.0,0.0,0.0,0.0,0.0,0.0,0.0,0.0,0.0,0.0,0.0,0.0,0.0,0.0
276,Justin,Devenny,Devenny,a,,,4.3,595,348.0,1.3,170,60.0,0.0,546.0,181.0,0,0,0.0,-2,2.0,135,179,0.0,6.7,0.0,0.0,1.6,389.0,168.0,100.0,100.0,369.0,163.0,267.0,163.0,165.0,90.0,314.0,153.0,,2.0,4.0,,,,,0.36,0.05,0.41,1.53,0.0,0.15,1.52,0.76,7.28,29,0.0,0.0,0.0,0.0,0.0,0.0,0.0,0.0,0.0,0.0,0.0,0.0,0.0,0.0,0.0,1506.0,3198.0,0.0,0.0,0.0,0.0,0.0,0.0,0.0,0.0,0.0,0.0,0.0,0.0,0.0
277,Malcolm,Ebiowei,Ebiowei,u,Has joined Blackpool permanently.,,4.5,433,259.0,0.0,798,352.0,0.0,621.0,225.0,0,0,0.0,0,0.0,0,0,0.0,0.0,0.0,0.0,0.0,702.0,278.0,0.0,0.0,696.0,272.0,692.0,275.0,675.0,268.0,698.0,274.0,,,,,,,,0.0,0.0,0.0,0.0,0.0,0.0,0.0,0.0,0.0,29,0.0,0.0,0.0,0.0,0.0,0.0,0.0,0.0,0.0,0.0,0.0,0.0,0.0,0.0,0.0,0.0,1.0,0.0,0.0,0.0,0.0,0.0,0.0,0.0,0.0,0.0,0.0,0.0,0.0,0.0
278,Jesurun,Rak-Sakyi,J.Rak-Sakyi,u,has joined Stoke City on loan for the rest of the season.,,4.4,543,324.0,0.0,647,258.0,0.0,581.0,200.0,0,0,0.0,-1,1.0,0,1,0.0,0.0,0.0,0.0,0.0,672.0,259.0,0.0,0.0,663.0,250.0,659.0,255.0,637.0,244.0,665.0,252.0,,,,,,,,0.0,0.0,0.0,0.0,0.0,0.0,0.0,0.0,0.0,29,0.0,0.0,0.0,0.0,0.0,0.0,0.0,0.0,0.0,0.0,0.0,0.0,0.0,0.0,0.0,0.0,13.0,0.0,0.0,0.0,0.0,0.0,0.0,0.0,0.0,0.0,0.0,0.0,0.0,0.0
279,Matheus,França de Oliveira,M.França,u,Has joined CR Vasco da Gama on loan for the rest of the season.,,4.5,461,280.0,0.0,766,327.0,0.0,641.0,243.0,0,0,0.0,0,0.0,0,1,0.0,0.0,0.0,0.0,0.0,720.0,295.0,0.0,0.0,715.0,290.0,711.0,292.0,695.0,285.0,716.0,291.0,,,,,,,,0.0,0.0,0.0,0.0,0.0,0.0,0.0,0.0,0.0,29,0.0,0.0,0.0,0.0,0.0,0.0,0.0,0.0,0.0,0.0,0.0,0.0,0.0,0.0,0.0,0.0,1.0,0.0,0.0,0.0,0.0,0.0,0.0,0.0,0.0,0.0,0.0,0.0,0.0,0.0
280,David,Ozoh,Ozoh,u,Has joined Derby County on loan for the rest of the season.,,4.5,456,275.0,0.0,812,361.0,0.0,638.0,240.0,0,0,0.0,0,0.0,0,0,0.0,0.0,0.0,0.0,0.0,717.0,292.0,0.0,0.0,712.0,287.0,708.0,289.0,692.0,282.0,713.0,288.0,,,,,,,,0.0,0.0,0.0,0.0,0.0,0.0,0.0,0.0,0.0,29,0.0,0.0,0.0,0.0,0.0,0.0,0.0,0.0,0.0,0.0,0.0,0.0,0.0,0.0,0.0,0.0,0.0,0.0,0.0,0.0,0.0,0.0,0.0,0.0,0.0,0.0,0.0,0.0,0.0,0.0
281,Kaden,Rodney,Rodney,a,,,4.4,555,332.0,0.0,582,217.0,0.0,587.0,206.0,0,0,0.0,-1,1.0,1,3,0.0,0.2,0.0,0.0,1.0,470.0,207.0,,,669.0,256.0,486.0,236.0,644.0,251.0,671.0,258.0,,,,,,,,0.0,0.0,0.0,19.5,0.0,0.0,0.0,0.0,0.0,29,0.0,0.0,0.0,0.0,0.0,0.0,0.0,0.0,0.0,0.0,0.0,0.0,0.0,0.0,0.0,26.0,35.0,0.0,0.0,0.0,0.0,0.0,0.0,0.0,0.0,0.0,0.0,0.0,0.0,0.0
282,Franco,Umeh-Chibueze,Umeh,u,has joined Portsmouth permanently.,,4.5,474,290.0,0.0,701,290.0,0.0,653.0,253.0,0,0,0.0,0,0.0,0,0,0.0,0.0,0.0,0.0,0.0,729.0,302.0,0.0,0.0,726.0,299.0,721.0,300.0,707.0,295.0,727.0,300.0,,,,,,,,0.0,0.0,0.0,0.0,0.0,0.0,0.0,0.0,0.0,29,0.0,0.0,0.0,0.0,0.0,0.0,0.0,0.0,0.0,0.0,0.0,0.0,0.0,0.0,0.0,0.0,1.0,0.0,0.0,0.0,0.0,0.0,0.0,0.0,0.0,0.0,0.0,0.0,0.0,0.0
284,Eddie,Nketiah,Nketiah,i,Hamstring injury - Expected back 11 Apr,,5.4,163,40.0,0.3,321,53.0,0.0,778.0,83.0,0,0,0.0,-1,1.0,5,29,0.0,4.3,0.0,0.0,1.9,355.0,42.0,0.0,0.0,331.0,31.0,288.0,30.0,158.0,38.0,300.0,34.0,,,,,,,,0.38,0.1,0.48,2.06,0.0,0.0,2.61,0.43,8.26,29,0.0,0.0,0.0,0.0,0.0,0.0,0.0,0.0,0.0,0.0,0.0,0.0,0.0,0.0,0.0,14.0,222.0,0.0,0.0,0.0,0.0,0.0,0.0,0.0,0.0,0.0,0.0,0.0,0.0,0.0
285,Odsonne,Édouard,Édouard,u,has joined RC Lens permanently.,,5.0,249,54.0,0.2,370,58.0,0.0,741.0,80.0,0,0,0.0,0,0.0,0,3,0.0,0.2,0.0,0.0,1.0,495.0,60.0,0.0,0.0,489.0,57.0,779.0,87.0,776.0,87.0,504.0,62.0,,,,,,,,0.0,0.0,0.0,12.15,0.0,0.0,0.0,0.0,45.0,29,0.0,0.0,0.0,0.0,0.0,0.0,0.0,0.0,0.0,0.0,0.0,0.0,0.0,0.0,0.0,0.0,12.0,0.0,0.0,0.0,0.0,0.0,0.0,0.0,0.0,0.0,0.0,0.0,0.0,0.0
286,Zach,Marsh,Marsh,a,,,4.4,563,81.0,0.3,306,51.0,0.0,595.0,63.0,0,0,0.0,-1,1.0,19,29,0.0,0.0,0.0,0.0,0.0,683.0,73.0,,,676.0,73.0,671.0,72.0,651.0,72.0,678.0,73.0,,,,,,,,0.0,0.0,0.0,0.0,0.0,0.0,0.0,0.0,0.0,29,0.0,0.0,0.0,0.0,0.0,0.0,0.0,0.0,0.0,0.0,0.0,0.0,0.0,0.0,0.0,100.0,284.0,0.0,0.0,0.0,0.0,0.0,0.0,0.0,0.0,0.0,0.0,0.0,0.0,0.0
580,Brennan,Johnson,Johnson,a,,,6.5,50,32.0,2.4,124,41.0,1.4,229.0,96.0,0,0,0.0,-5,5.0,128,73,0.2,7.7,1.4,1.4,2.0,340.0,149.0,,,272.0,115.0,170.0,116.0,142.0,81.0,223.0,110.0,4.0,,,,,,,0.14,0.06,0.2,1.49,0.0,0.32,1.04,0.96,5.86,29,0.0,0.0,0.0,0.0,0.0,0.0,0.0,0.0,0.0,0.0,0.0,0.0,0.0,0.0,0.0,838.0,841.0,0.0,0.0,0.0,0.0,0.0,0.0,0.0,0.0,0.0,0.0,0.0,0.0,0.0
654,Jørgen,Strand Larsen,Strand Larsen,a,,,6.1,82,26.0,2.1,135,22.0,3.4,78.0,10.0,0,0,0.0,-4,4.0,577,609,0.6,9.2,3.4,3.4,2.2,314.0,34.0,100.0,100.0,257.0,24.0,200.0,19.0,56.0,22.0,161.0,20.0,,,,,,,,0.21,0.03,0.24,1.37,0.0,0.26,1.56,0.94,3.65,29,0.0,0.0,0.0,0.0,0.0,0.0,0.0,0.0,0.0,0.0,0.0,0.0,0.0,0.0,0.0,4364.0,14644.0,0.0,0.0,0.0,0.0,0.0,0.0,0.0,0.0,0.0,0.0,0.0,0.0,0.0
677,Evann,Guessand,Guessand,a,,,6.2,76,50.0,0.1,577,215.0,2.4,140.0,58.0,0,0,0.0,-3,3.0,44,6,0.4,6.0,2.4,2.4,2.2,315.0,139.0,100.0,100.0,301.0,136.0,305.0,172.0,162.0,88.0,296.0,147.0,,,,,,,,0.19,0.09,0.28,1.29,0.0,0.12,1.74,0.87,9.07,29,0.0,0.0,0.0,0.0,0.0,0.0,0.0,0.0,0.0,0.0,0.0,0.0,0.0,0.0,0.0,217.0,130.0,0.0,0.0,0.0,0.0,0.0,0.0,0.0,0.0,0.0,0.0,0.0,0.0,0.0
690,Rio,Cardines,Cardines,a,,,4.4,567,339.0,0.3,336,114.0,0.0,598.0,212.0,0,0,0.0,-1,1.0,1,6,0.0,0.0,0.0,0.0,0.0,686.0,268.0,100.0,100.0,679.0,261.0,674.0,265.0,654.0,256.0,681.0,263.0,,,,,,,,0.0,0.0,0.0,0.0,0.0,0.0,0.0,0.0,0.0,29,0.0,0.0,0.0,0.0,0.0,0.0,0.0,0.0,0.0,0.0,0.0,0.0,0.0,0.0,0.0,25.0,50.0,0.0,0.0,0.0,0.0,0.0,0.0,0.0,0.0,0.0,0.0,0.0,0.0,0.0
712,Yéremy,Pino Santos,Yeremy,a,,,5.8,109,70.0,0.2,385,128.0,1.2,243.0,103.0,0,0,0.0,-2,2.0,22,61,0.2,11.2,1.2,1.2,2.5,280.0,120.0,100.0,100.0,208.0,87.0,18.0,18.0,70.0,41.0,54.0,37.0,2.0,1.0,,,,,,0.21,0.25,0.46,1.26,0.0,0.37,1.06,1.11,7.12,29,0.0,0.0,0.0,0.0,0.0,0.0,0.0,0.0,0.0,0.0,0.0,0.0,0.0,0.0,0.0,139.0,846.0,0.0,0.0,0.0,0.0,0.0,0.0,0.0,0.0,0.0,0.0,0.0,0.0,0.0
723,Jaydee,Canvot,Canvot,a,,,4.5,510,96.0,0.0,641,227.0,1.6,201.0,79.0,0,0,0.0,0,0.0,7,7,0.4,7.8,1.6,1.6,3.2,155.0,58.0,100.0,100.0,306.0,117.0,416.0,151.0,378.0,132.0,376.0,133.0,,,,,,,,0.1,0.03,0.13,1.92,0.0,0.51,1.35,0.85,12.35,29,0.0,0.0,0.0,0.0,0.0,0.0,0.0,0.0,0.0,0.0,0.0,0.0,0.0,0.0,0.0,85.0,46.0,0.0,0.0,0.0,0.0,0.0,0.0,0.0,0.0,0.0,0.0,0.0,0.0,0.0
732,Christantus,Uche,Uche,a,,,5.5,153,38.0,0.1,578,79.0,0.2,376.0,48.0,0,0,0.0,0,0.0,12,11,0.0,2.9,0.2,0.2,1.2,442.0,54.0,,,456.0,54.0,435.0,57.0,292.0,50.0,428.0,54.0,,,,,,,,0.23,0.01,0.24,2.65,0.0,0.0,2.4,0.0,7.2,29,0.0,0.0,0.0,0.0,0.0,0.0,0.0,0.0,0.0,0.0,0.0,0.0,0.0,0.0,0.0,56.0,89.0,0.0,0.0,0.0,0.0,0.0,0.0,0.0,0.0,0.0,0.0,0.0,0.0,0.0
762,Joél,Drakes-Thomas,Drakes-Thomas,a,,,4.5,513,317.0,0.0,776,336.0,0.0,685.0,277.0,0,0,0.0,0,0.0,2,1,0.0,0.4,0.0,0.0,1.0,486.0,221.0,,,493.0,227.0,467.0,225.0,736.0,317.0,499.0,230.0,,,,,,,,0.0,0.0,0.0,9.39,0.0,0.0,12.86,0.0,38.57,29,0.0,0.0,0.0,0.0,0.0,0.0,0.0,0.0,0.0,0.0,0.0,0.0,0.0,0.0,0.0,4.0,5.0,0.0,0.0,0.0,0.0,0.0,0.0,0.0,0.0,0.0,0.0,0.0,0.0,0.0
773,Dean,Benamar,Benamar,a,,,4.0,736,211.0,0.0,722,251.0,0.0,511.0,212.0,0,0,0.0,0,0.0,2,2,0.0,0.0,0.0,0.0,0.0,632.0,245.0,,,622.0,245.0,614.0,245.0,587.0,243.0,624.0,245.0,,,,,,,,0.0,0.0,0.0,0.0,0.0,0.0,0.0,0.0,0.0,29,0.0,0.0,0.0,0.0,0.0,0.0,0.0,0.0,0.0,0.0,0.0,0.0,0.0,0.0,0.0,11.0,10.0,0.0,0.0,0.0,0.0,0.0,0.0,0.0,0.0,0.0,0.0,0.0,0.0,0.0
780,Ben,Casey,Casey,a,,,4.5,505,73.0,0.0,664,84.0,0.0,679.0,73.0,0,0,0.0,0,0.0,11,16,0.0,0.0,0.0,0.0,0.0,751.0,83.0,,,750.0,83.0,744.0,82.0,731.0,82.0,750.0,83.0,,,,,,,,0.0,0.0,0.0,0.0,0.0,0.0,0.0,0.0,0.0,29,0.0,0.0,0.0,0.0,0.0,0.0,0.0,0.0,0.0,0.0,0.0,0.0,0.0,0.0,0.0,33.0,75.0,0.0,0.0,0.0,0.0,0.0,0.0,0.0,0.0,0.0,0.0,0.0,0.0,0.0
793,George,King,King,a,,,4.0,724,199.0,0.0,707,244.0,0.0,503.0,204.0,0,0,0.0,0,0.0,5,3,0.0,0.0,0.0,0.0,0.0,625.0,238.0,,,615.0,238.0,607.0,238.0,579.0,235.0,617.0,238.0,,,,,,,,0.0,0.0,0.0,0.0,0.0,0.0,0.0,0.0,0.0,29,0.0,0.0,0.0,0.0,0.0,0.0,0.0,0.0,0.0,0.0,0.0,0.0,0.0,0.0,0.0,29.0,20.0,0.0,0.0,0.0,0.0,0.0,0.0,0.0,0.0,0.0,0.0,0.0,0.0,0.0
798,Danny,Imray,Imray,u,has joined West Brom on loan for the rest of the season.,,4.0,701,182.0,0.0,801,264.0,0.0,483.0,189.0,0,0,0.0,0,0.0,0,0,0.0,0.0,0.0,0.0,0.0,607.0,225.0,0.0,0.0,597.0,225.0,588.0,225.0,559.0,221.0,599.0,225.0,,,,,,,,0.0,0.0,0.0,0.0,0.0,0.0,0.0,0.0,0.0,29,0.0,0.0,0.0,0.0,0.0,0.0,0.0,0.0,0.0,0.0,0.0,0.0,0.0,0.0,0.0,0.0,7.0,0.0,0.0,0.0,0.0,0.0,0.0,0.0,0.0,0.0,0.0,0.0,0.0,0.0
242,Kiernan,Dewsbury-Hall,Dewsbury-Hall,a,,,5.1,229,141.0,4.8,74,25.0,6.8,4.0,2.0,9,1,-1.0,1,-1.0,4829,690,1.3,22.0,5.8,7.3,5.1,11.0,7.0,100.0,100.0,93.0,31.0,41.0,38.0,81.0,50.0,53.0,36.0,2.0,,,,,,,0.15,0.2,0.35,1.26,0.0,0.34,1.13,1.03,7.78,29,9.0,90.0,1.0,0.0,1.0,0.0,0.0,0.0,0.0,0.0,0.0,0.0,1.0,1.0,34.0,104906.0,4463.0,0.0,0.52,0.03000000000000025,0.5500000000000007,0.7899999999999991,39.400000000000034,8.199999999999989,36.0,8.399999999999991,2.0,1.0,4.0,7.0
243,Tyrique,George,George,a,,,4.8,374,235.0,0.1,533,195.0,1.0,256.0,111.0,1,0,0.0,-2,2.0,5,24,0.2,1.9,0.0,1.5,1.1,443.0,198.0,,,452.0,202.0,400.0,199.0,279.0,152.0,413.0,188.0,,,,,,,,0.17,0.05,0.22,1.12,0.0,0.37,1.11,0.37,4.43,29,1.0,3.0,0.0,0.0,0.0,0.0,0.0,0.0,0.0,0.0,0.0,0.0,0.0,0.0,3.0,66.0,158.0,0.0,0.0,0.0,0.0,0.71,0.0,0.3000000000000007,0.0,0.0,0.0,0.0,2.0,2.0
287,Jordan,Pickford,Pickford,a,,,5.6,124,2.0,13.3,26,4.0,2.4,137.0,11.0,6,0,0.0,1,-1.0,1246,1723,0.4,20.9,1.4,2.9,4.0,65.0,4.0,,,14.0,4.0,481.0,13.0,458.0,3.0,170.0,4.0,,,,,,,,0.0,0.01,0.01,1.42,2.69,0.34,1.14,1.0,0.0,29,6.0,90.0,0.0,0.0,1.0,0.0,0.0,0.0,0.0,0.0,0.0,2.0,1.0,0.0,29.0,26249.0,8883.0,0.0,0.0,0.0,0.0,0.7899999999999991,17.600000000000023,0.0,0.0,1.7999999999999972,0.0,0.0,8.0,0.0
288,Mark,Travers,Travers,a,,,4.3,586,28.0,0.1,456,68.0,0.0,541.0,83.0,0,0,0.0,-2,2.0,2,4,0.0,0.0,-1.0,0.5,0.0,646.0,89.0,100.0,100.0,636.0,89.0,631.0,80.0,607.0,69.0,638.0,89.0,,,,,,,,0.0,0.0,0.0,0.0,0.0,0.0,0.0,0.0,0.0,29,0.0,0.0,0.0,0.0,0.0,0.0,0.0,0.0,0.0,0.0,0.0,0.0,0.0,0.0,0.0,30.0,42.0,0.0,0.0,0.0,0.0,0.0,0.0,0.0,0.0,0.0,0.0,0.0,0.0,0.0
289,Harry,Tyrer,Tyrer,u,has joined Cardiff City permanently.,,3.9,760,80.0,0.1,490,73.0,0.0,424.0,39.0,0,0,0.0,-1,1.0,0,5,0.0,0.0,0.0,0.0,0.0,554.0,50.0,0.0,0.0,544.0,50.0,531.0,33.0,501.0,20.0,546.0,50.0,,,,,,,,0.0,0.0,0.0,0.0,0.0,0.0,0.0,0.0,0.0,29,0.0,0.0,0.0,0.0,0.0,0.0,0.0,0.0,0.0,0.0,0.0,0.0,0.0,0.0,0.0,0.0,30.0,0.0,0.0,0.0,0.0,0.0,0.0,0.0,0.0,0.0,0.0,0.0,0.0,0.0
290,Jarrad,Branthwaite,Branthwaite,a,,,5.3,198,23.0,0.4,269,100.0,4.4,34.0,10.0,6,0,0.0,-2,2.0,389,265,0.8,4.5,3.4,4.9,3.4,138.0,50.0,100.0,100.0,330.0,128.0,376.0,133.0,257.0,71.0,352.0,120.0,,,,,,,,0.05,0.02,0.07,0.99,0.0,0.18,1.1,0.92,7.71,29,6.0,82.0,0.0,0.0,1.0,0.0,0.0,0.0,0.0,0.0,0.0,0.0,1.0,0.0,28.0,11731.0,1129.0,0.0,0.04000000000000001,0.009999999999999995,0.04999999999999999,0.08000000000000007,14.399999999999991,2.1000000000000014,33.0,5.0,1.0,3.0,0.0,4.0
291,James,Tarkowski,Tarkowski,a,,,5.7,111,8.0,10.8,31,10.0,4.4,35.0,11.0,15,0,0.0,2,-2.0,3485,1689,0.8,23.9,3.4,4.9,4.7,23.0,8.0,,,8.0,3.0,176.0,43.0,92.0,8.0,45.0,4.0,,,,,,,,0.07,0.05,0.12,1.42,0.0,0.34,1.14,1.0,10.45,29,15.0,90.0,1.0,0.0,1.0,0.0,0.0,0.0,0.0,0.0,0.0,0.0,1.0,3.0,42.0,27546.0,15528.0,0.0,0.13000000000000012,0.010000000000000009,0.13999999999999968,0.7899999999999991,43.40000000000009,0.799999999999983,19.0,6.299999999999997,1.0,2.0,2.0,3.0
292,Vitalii,Mykolenko,Mykolenko,a,,,4.9,314,50.0,0.6,232,89.0,2.4,131.0,50.0,6,0,0.0,-1,1.0,57,133,0.5,15.5,1.4,2.9,3.2,157.0,59.0,100.0,100.0,119.0,52.0,104.0,24.0,295.0,87.0,146.0,49.0,,,,,,,,0.01,0.09,0.1,1.4,0.0,0.34,1.26,1.01,6.87,29,6.0,90.0,0.0,0.0,1.0,0.0,0.0,0.0,0.0,0.0,0.0,0.0,1.0,0.0,30.0,3551.0,884.0,0.0,0.0,0.040000000000000036,0.040000000000000036,0.7899999999999991,18.0,5.800000000000011,0.0,2.4000000000000057,1.0,6.0,6.0,7.0
293,Jake,O'Brien,O'Brien,a,,,4.9,339,56.0,0.7,225,86.0,1.6,205.0,81.0,6,0,0.0,-1,1.0,59,180,0.3,19.0,0.6,2.1,3.3,150.0,55.0,100.0,100.0,87.0,38.0,142.0,37.0,214.0,52.0,133.0,42.0,,,,,,,,0.03,0.03,0.06,1.49,0.0,0.34,1.18,0.99,6.81,29,6.0,90.0,0.0,0.0,1.0,0.0,0.0,0.0,0.0,0.0,0.0,0.0,1.0,0.0,29.0,2987.0,1163.0,0.0,0.0,0.010000000000000009,0.010000000000000009,0.7899999999999991,11.400000000000034,2.4000000000000057,0.0,1.4000000000000057,3.0,1.0,0.0,4.0
294,Séamus,Coleman,Coleman,i,Knock - Expected back 14 Mar,,4.2,625,140.0,0.1,485,173.0,0.0,520.0,216.0,0,0,0.0,-3,3.0,1,13,0.0,0.7,0.0,0.0,1.0,461.0,171.0,0.0,0.0,628.0,248.0,482.0,175.0,594.0,246.0,630.0,248.0,,,,,,,,0.0,0.0,0.0,1.96,0.0,0.0,0.0,8.18,0.0,29,0.0,0.0,0.0,0.0,0.0,0.0,0.0,0.0,0.0,0.0,0.0,0.0,0.0,0.0,0.0,8.0,87.0,0.0,0.0,0.0,0.0,0.0,0.0,0.0,0.0,0.0,0.0,0.0,0.0,0.0
295,Michael,Keane,Keane,a,,,4.6,397,66.0,3.5,95,34.0,1.8,183.0,68.0,1,0,0.0,1,-1.0,262,3430,0.4,23.3,0.8,2.3,4.3,42.0,17.0,100.0,100.0,38.0,15.0,377.0,134.0,107.0,14.0,122.0,37.0,,,,,,,,0.09,0.01,0.1,1.54,0.0,0.28,1.29,1.01,10.59,29,1.0,7.0,0.0,0.0,0.0,0.0,0.0,0.0,0.0,0.0,0.0,0.0,0.0,0.0,8.0,12258.0,13032.0,0.0,0.0,0.0,0.0,0.7100000000000009,9.0,0.0,0.0,0.8999999999999915,1.0,6.0,1.0,7.0
296,Nathan,Patterson,Patterson,a,,,4.4,536,114.0,0.0,623,222.0,0.0,576.0,236.0,0,0,0.0,-1,1.0,5,15,0.0,4.8,-1.0,0.5,3.5,118.0,41.0,100.0,100.0,394.0,151.0,436.0,157.0,389.0,139.0,425.0,153.0,,,,,,,,0.01,0.02,0.03,1.35,0.0,0.76,0.38,1.14,11.39,29,0.0,0.0,0.0,0.0,0.0,0.0,0.0,0.0,0.0,0.0,0.0,0.0,0.0,0.0,0.0,30.0,100.0,0.0,0.0,0.0,0.0,0.0,0.0,0.0,0.0,0.0,0.0,0.0,0.0,0.0
297,Roman,Dixon,Dixon,u,has joined Stockport County on loan for the rest of the season.,,3.8,800,247.0,0.2,399,148.0,0.0,394.0,146.0,0,0,0.0,-2,2.0,0,15,0.0,0.0,0.0,0.0,0.0,528.0,190.0,0.0,0.0,518.0,190.0,502.0,188.0,471.0,182.0,520.0,190.0,,,,,,,,0.0,0.0,0.0,0.0,0.0,0.0,0.0,0.0,0.0,29,0.0,0.0,0.0,0.0,0.0,0.0,0.0,0.0,0.0,0.0,0.0,0.0,0.0,0.0,0.0,0.0,85.0,0.0,0.0,0.0,0.0,0.0,0.0,0.0,0.0,0.0,0.0,0.0,0.0,0.0
298,Reece,Welch,Welch,a,,,3.8,798,245.0,0.1,422,156.0,0.0,392.0,144.0,0,0,0.0,-2,2.0,4,9,0.0,0.0,-1.0,0.5,0.0,526.0,188.0,,,516.0,188.0,500.0,186.0,469.0,180.0,518.0,188.0,,,,,,,,0.0,0.0,0.0,0.0,0.0,0.0,0.0,0.0,0.0,29,0.0,0.0,0.0,0.0,0.0,0.0,0.0,0.0,0.0,0.0,0.0,0.0,0.0,0.0,0.0,47.0,72.0,0.0,0.0,0.0,0.0,0.0,0.0,0.0,0.0,0.0,0.0,0.0,0.0,0.0
299,Iliman,Ndiaye,Ndiaye,a,,,6.2,74,49.0,4.3,86,28.0,4.6,28.0,14.0,6,0,0.0,-3,3.0,926,753,0.7,16.1,3.6,5.1,4.3,46.0,21.0,100.0,100.0,76.0,24.0,70.0,54.0,45.0,27.0,42.0,31.0,,,1.0,,,,,0.2,0.18,0.38,1.26,0.0,0.32,1.23,1.05,9.9,29,6.0,90.0,0.0,1.0,1.0,0.0,0.0,0.0,0.0,0.0,0.0,0.0,1.0,0.0,23.0,35491.0,3675.0,0.0,0.040000000000000036,0.16999999999999993,0.21000000000000085,0.120000000000001,23.19999999999999,21.30000000000001,8.0,5.299999999999997,0.0,2.0,7.0,9.0
300,Dwight,McNeil,McNeil,a,,,5.5,144,89.0,0.2,412,140.0,2.2,157.0,66.0,5,0,0.0,-5,5.0,19,16,0.4,7.3,1.2,2.7,2.5,279.0,119.0,,,346.0,157.0,201.0,131.0,242.0,135.0,306.0,150.0,,,,,,,,0.08,0.09,0.17,1.52,0.0,0.46,0.58,1.04,8.87,29,5.0,86.0,0.0,0.0,1.0,0.0,0.0,0.0,0.0,0.0,0.0,0.0,1.0,0.0,14.0,872.0,191.0,0.0,0.050000000000000044,0.07000000000000006,0.11999999999999988,0.08000000000000007,10.200000000000003,17.5,28.0,5.599999999999998,1.0,2.0,10.0,13.0
301,Carlos,Alcaraz Durán,Alcaraz,i,Knock - Expected back 21 Mar,,5.2,215,133.0,0.1,518,187.0,0.0,766.0,332.0,0,0,0.0,-3,3.0,0,13,0.0,5.0,0.0,0.0,1.6,396.0,172.0,0.0,0.0,373.0,166.0,203.0,133.0,175.0,96.0,299.0,148.0,,,,,,,,0.14,0.06,0.2,1.76,0.0,0.4,1.08,0.81,8.64,29,0.0,0.0,0.0,0.0,0.0,0.0,0.0,0.0,0.0,0.0,0.0,0.0,0.0,0.0,0.0,1.0,106.0,0.0,0.0,0.0,0.0,0.0,0.0,0.0,0.0,0.0,0.0,0.0,0.0,0.0
304,Tim,Iroegbunam,Iroegbunam,a,,,4.8,368,230.0,0.0,615,238.0,0.8,278.0,124.0,1,0,0.0,-2,2.0,1,7,0.2,11.0,-0.2,1.3,2.5,272.0,114.0,100.0,100.0,289.0,125.0,293.0,170.0,323.0,170.0,336.0,162.0,,,,,,,,0.03,0.05,0.08,1.51,0.0,0.62,0.89,1.06,11.88,29,1.0,3.0,0.0,0.0,0.0,0.0,0.0,0.0,0.0,0.0,0.0,0.0,0.0,0.0,1.0,31.0,59.0,0.0,0.0,0.0,0.0,0.7100000000000009,0.0,0.29999999999999716,0.0,0.0,0.0,0.0,1.0,1.0
305,Harrison,Armstrong,Armstrong,a,,,4.5,495,305.0,0.1,493,175.0,1.2,239.0,100.0,0,0,0.0,0,0.0,12,34,0.3,4.0,0.2,1.7,1.8,368.0,157.0,100.0,100.0,401.0,177.0,311.0,175.0,275.0,149.0,367.0,175.0,,,,,,,,0.14,0.04,0.18,1.62,0.0,0.18,1.47,1.1,9.16,29,0.0,0.0,0.0,0.0,0.0,0.0,0.0,0.0,0.0,0.0,0.0,0.0,0.0,0.0,0.0,223.0,257.0,0.0,0.0,0.0,0.0,0.0,0.0,0.0,0.0,0.0,0.0,0.0,0.0,0.0
306,Callum,Bates,Bates,a,,,4.3,610,356.0,0.1,479,166.0,0.0,558.0,189.0,0,0,0.0,-2,2.0,17,18,0.0,0.0,-1.0,0.5,0.0,656.0,250.0,,,646.0,240.0,642.0,245.0,619.0,234.0,648.0,242.0,,,,,,,,0.0,0.0,0.0,0.0,0.0,0.0,0.0,0.0,0.0,29,0.0,0.0,0.0,0.0,0.0,0.0,0.0,0.0,0.0,0.0,0.0,0.0,0.0,0.0,0.0,144.0,185.0,0.0,0.0,0.0,0.0,0.0,0.0,0.0,0.0,0.0,0.0,0.0,0.0,0.0
307,Coby,Ebere,Ebere,a,,,4.4,550,328.0,0.0,602,229.0,0.0,584.0,203.0,0,0,0.0,-1,1.0,5,4,0.0,0.0,-1.0,0.5,0.0,675.0,262.0,,,666.0,253.0,662.0,258.0,640.0,247.0,668.0,255.0,,,,,,,,0.0,0.0,0.0,0.0,0.0,0.0,0.0,0.0,0.0,29,0.0,0.0,0.0,0.0,0.0,0.0,0.0,0.0,0.0,0.0,0.0,0.0,0.0,0.0,0.0,30.0,38.0,0.0,0.0,0.0,0.0,0.0,0.0,0.0,0.0,0.0,0.0,0.0,0.0,0.0
308,Isaac,Heath,Heath,u,has joined Accrington on loan for the rest of the season.,,4.5,450,270.0,0.0,698,287.0,0.0,632.0,235.0,0,0,0.0,0,0.0,0,0,0.0,0.0,0.0,0.0,0.0,712.0,287.0,0.0,0.0,707.0,282.0,703.0,284.0,687.0,277.0,708.0,283.0,,,,,,,,0.0,0.0,0.0,0.0,0.0,0.0,0.0,0.0,0.0,29,0.0,0.0,0.0,0.0,0.0,0.0,0.0,0.0,0.0,0.0,0.0,0.0,0.0,0.0,0.0,0.0,3.0,0.0,0.0,0.0,0.0,0.0,0.0,0.0,0.0,0.0,0.0,0.0,0.0,0.0
309,Jenson,Metcalfe,Metcalfe,u,Has joined Bradford City permanently.,,4.5,447,268.0,0.0,818,366.0,0.0,630.0,233.0,0,0,0.0,0,0.0,0,0,0.0,0.0,0.0,0.0,0.0,710.0,285.0,0.0,0.0,705.0,280.0,701.0,282.0,685.0,275.0,706.0,281.0,,,,,,,,0.0,0.0,0.0,0.0,0.0,0.0,0.0,0.0,0.0,29,0.0,0.0,0.0,0.0,0.0,0.0,0.0,0.0,0.0,0.0,0.0,0.0,0.0,0.0,0.0,0.0,0.0,0.0,0.0,0.0,0.0,0.0,0.0,0.0,0.0,0.0,0.0,0.0,0.0,0.0
310,Thierno,Barry,Barry,a,,,5.7,120,33.0,1.1,186,29.0,2.6,123.0,17.0,1,0,0.0,-3,3.0,189,956,0.5,13.0,1.6,3.1,2.6,258.0,27.0,,,223.0,19.0,186.0,17.0,40.0,17.0,130.0,17.0,,,,,,,,0.35,0.02,0.37,1.45,0.0,0.39,1.24,1.07,3.21,29,1.0,7.0,0.0,0.0,0.0,0.0,0.0,0.0,0.0,0.0,0.0,0.0,0.0,0.0,4.0,8207.0,4639.0,0.0,0.0,0.0,0.0,0.7099999999999973,3.200000000000017,0.5,4.0,0.7999999999999972,1.0,1.0,0.0,2.0
311,Norberto Bercique,Gomes Betuncal,Beto,a,,,5.0,267,55.0,2.5,120,19.0,2.6,120.0,15.0,2,0,0.0,-5,5.0,255,286,0.5,11.6,1.6,3.1,2.0,335.0,38.0,,,247.0,22.0,276.0,27.0,44.0,18.0,165.0,22.0,,,3.0,,,,,0.55,0.01,0.56,1.44,0.0,0.26,1.2,0.86,5.67,29,2.0,82.0,0.0,0.0,1.0,0.0,0.0,0.0,0.0,0.0,0.0,0.0,1.0,0.0,10.0,7288.0,1713.0,0.0,0.2599999999999998,0.0,0.2599999999999998,0.0799999999999983,7.599999999999994,10.0,18.0,3.5999999999999943,0.0,3.0,3.0,6.0
312,Youssef,Ramalho Chermiti,Y.Chermiti,u,has joined Rangers permanently.,,4.9,336,62.0,0.1,543,76.0,0.0,733.0,79.0,0,0,0.0,-1,1.0,0,0,0.0,0.0,0.0,0.0,0.0,779.0,87.0,0.0,0.0,778.0,87.0,774.0,86.0,769.0,86.0,778.0,87.0,,,,,,,,0.0,0.0,0.0,0.0,0.0,0.0,0.0,0.0,0.0,29,0.0,0.0,0.0,0.0,0.0,0.0,0.0,0.0,0.0,0.0,0.0,0.0,0.0,0.0,0.0,0.0,2.0,0.0,0.0,0.0,0.0,0.0,0.0,0.0,0.0,0.0,0.0,0.0,0.0,0.0
313,Martin,Sherif,Sherif,u,has joined Port Vale on loan for the rest of the season.,,4.4,557,79.0,0.1,446,64.0,0.0,589.0,61.0,0,0,0.0,-1,1.0,0,2,0.0,0.0,0.0,0.0,0.0,679.0,71.0,0.0,0.0,671.0,71.0,666.0,70.0,646.0,70.0,673.0,71.0,,,,,,,,0.0,0.0,0.0,0.0,0.0,0.0,0.0,0.0,0.0,29,0.0,0.0,0.0,0.0,0.0,0.0,0.0,0.0,0.0,0.0,0.0,0.0,0.0,0.0,0.0,0.0,40.0,0.0,0.0,0.0,0.0,0.0,0.0,0.0,0.0,0.0,0.0,0.0,0.0,0.0
419,Jack,Grealish,Grealish,i,Foot injury - Expected back 01 Jun,,6.3,64,43.0,5.9,63,22.0,0.0,803.0,359.0,0,0,0.0,-2,2.0,2,545,0.0,12.5,0.0,0.0,4.0,70.0,31.0,0.0,0.0,134.0,45.0,25.0,24.0,46.0,28.0,37.0,27.0,,,,,,,,0.11,0.19,0.3,1.43,0.0,0.39,1.27,1.0,7.47,29,0.0,0.0,0.0,0.0,0.0,0.0,0.0,0.0,0.0,0.0,0.0,0.0,0.0,0.0,0.0,10.0,2691.0,0.0,0.0,0.0,0.0,0.0,0.0,0.0,0.0,0.0,0.0,0.0,0.0,0.0
630,Tom,King,King,a,,,3.9,748,74.0,1.3,172,21.0,0.0,416.0,33.0,0,0,0.0,-1,1.0,16,39,0.0,0.0,-1.0,0.5,0.0,546.0,44.0,,,536.0,44.0,523.0,27.0,493.0,14.0,538.0,44.0,,,,,,,,0.0,0.0,0.0,0.0,0.0,0.0,0.0,0.0,0.0,29,0.0,0.0,0.0,0.0,0.0,0.0,0.0,0.0,0.0,0.0,0.0,0.0,0.0,0.0,0.0,171.0,436.0,0.0,0.0,0.0,0.0,0.0,0.0,0.0,0.0,0.0,0.0,0.0,0.0,0.0
667,Adam,Aznou,Aznou,a,,,4.2,638,149.0,0.1,570,205.0,0.0,526.0,220.0,0,0,0.0,-3,3.0,3,6,0.0,0.0,-1.0,0.5,0.0,639.0,248.0,100.0,100.0,630.0,249.0,624.0,248.0,599.0,247.0,632.0,249.0,,,,,,,,0.0,0.0,0.0,0.0,0.0,0.0,0.0,0.0,0.0,29,0.0,0.0,0.0,0.0,0.0,0.0,0.0,0.0,0.0,0.0,0.0,0.0,0.0,0.0,0.0,16.0,28.0,0.0,0.0,0.0,0.0,0.0,0.0,0.0,0.0,0.0,0.0,0.0,0.0,0.0
704,Tyler,Onyango,Onyango,u,has joined Stockport County on loan for the rest of the season.,,4.5,437,261.0,0.0,583,218.0,0.0,624.0,227.0,0,0,0.0,0,0.0,0,3,0.0,0.0,0.0,0.0,0.0,705.0,280.0,0.0,0.0,699.0,274.0,696.0,277.0,679.0,270.0,701.0,276.0,,,,,,,,0.0,0.0,0.0,0.0,0.0,0.0,0.0,0.0,0.0,29,0.0,0.0,0.0,0.0,0.0,0.0,0.0,0.0,0.0,0.0,0.0,0.0,0.0,0.0,0.0,0.0,6.0,0.0,0.0,0.0,0.0,0.0,0.0,0.0,0.0,0.0,0.0,0.0,0.0,0.0
705,Elijah,Campbell,Campbell,u,has joined Port Vale on loan for the rest of the season.,,3.9,771,225.0,0.2,410,150.0,0.0,433.0,164.0,0,0,0.0,-1,1.0,0,14,0.0,0.0,0.0,0.0,0.0,562.0,203.0,0.0,0.0,552.0,203.0,539.0,203.0,509.0,198.0,554.0,203.0,,,,,,,,0.0,0.0,0.0,0.0,0.0,0.0,0.0,0.0,0.0,29,0.0,0.0,0.0,0.0,0.0,0.0,0.0,0.0,0.0,0.0,0.0,0.0,0.0,0.0,0.0,0.0,64.0,0.0,0.0,0.0,0.0,0.0,0.0,0.0,0.0,0.0,0.0,0.0,0.0,0.0
707,Tyler,Dibling,Dibling,a,,,5.3,200,124.0,0.0,648,259.0,0.2,373.0,172.0,1,0,0.0,-2,2.0,0,4,0.0,3.4,-0.8,0.7,1.3,433.0,195.0,,,409.0,181.0,323.0,181.0,352.0,183.0,395.0,182.0,,,,,,,,0.05,0.04,0.09,1.71,0.0,0.52,0.52,1.03,10.32,29,1.0,1.0,0.0,0.0,0.0,0.0,0.0,0.0,0.0,0.0,0.0,0.0,0.0,0.0,3.0,19.0,30.0,0.0,0.0,0.0,0.0,0.6699999999999999,0.0,0.0,0.0,0.0,0.0,0.0,0.0,0.0
728,Merlin,Röhl,Röhl,a,,,5.0,275,170.0,0.0,711,296.0,0.0,751.0,323.0,0,0,0.0,0,0.0,2,3,0.0,3.2,-1.0,0.5,1.6,393.0,170.0,100.0,100.0,397.0,175.0,312.0,176.0,351.0,182.0,384.0,179.0,,,,,,,,0.13,0.04,0.17,1.6,0.0,0.51,1.02,0.51,10.96,29,0.0,0.0,0.0,0.0,0.0,0.0,0.0,0.0,0.0,0.0,0.0,0.0,0.0,0.0,0.0,13.0,18.0,0.0,0.0,0.0,0.0,0.0,0.0,0.0,0.0,0.0,0.0,0.0,0.0,0.0
779,Braiden,Graham,Graham,a,,,4.5,503,72.0,0.0,627,82.0,0.0,678.0,72.0,0,0,0.0,0,0.0,12,14,0.0,0.0,-1.0,0.5,0.0,750.0,82.0,,,749.0,82.0,743.0,81.0,730.0,81.0,749.0,82.0,,,,,,,,0.0,0.0,0.0,0.0,0.0,0.0,0.0,0.0,0.0,29,0.0,0.0,0.0,0.0,0.0,0.0,0.0,0.0,0.0,0.0,0.0,0.0,0.0,0.0,0.0,65.0,126.0,0.0,0.0,0.0,0.0,0.0,0.0,0.0,0.0,0.0,0.0,0.0,0.0,0.0
314,Bernd,Leno,Leno,a,,,4.9,288,10.0,1.5,159,20.0,0.8,280.0,21.0,0,0,0.0,-1,1.0,217,83,0.2,15.5,0.8,0.8,2.7,234.0,24.0,,,39.0,10.0,759.0,89.0,753.0,85.0,209.0,10.0,,,,,,,,0.0,0.0,0.0,1.42,2.43,0.18,1.5,1.0,0.0,29,0.0,0.0,0.0,0.0,0.0,0.0,0.0,0.0,0.0,0.0,0.0,0.0,0.0,0.0,0.0,4868.0,1127.0,0.0,0.0,0.0,0.0,0.0,0.0,0.0,0.0,0.0,0.0,0.0,0.0,0.0
315,Steven,Benda,Benda,u,has joined Feyenoord on loan for the rest of the season.,,4.0,677,49.0,0.0,755,86.0,0.0,460.0,60.0,0,0,0.0,0,0.0,0,2,0.0,0.0,0.0,0.0,0.0,587.0,69.0,0.0,0.0,577.0,69.0,568.0,56.0,539.0,43.0,579.0,69.0,,,,,,,,0.0,0.0,0.0,0.0,0.0,0.0,0.0,0.0,0.0,29,0.0,0.0,0.0,0.0,0.0,0.0,0.0,0.0,0.0,0.0,0.0,0.0,0.0,0.0,0.0,0.0,9.0,0.0,0.0,0.0,0.0,0.0,0.0,0.0,0.0,0.0,0.0,0.0,0.0,0.0
316,Antonee,Robinson,Robinson,a,,,4.9,296,44.0,0.7,219,82.0,0.0,713.0,249.0,0,0,0.0,-1,1.0,92,103,0.0,6.7,0.0,0.0,2.8,218.0,88.0,100.0,100.0,264.0,107.0,158.0,39.0,349.0,116.0,270.0,90.0,,,,,,,,0.02,0.12,0.14,1.49,0.0,0.22,1.12,1.01,7.64,29,0.0,0.0,0.0,0.0,0.0,0.0,0.0,0.0,0.0,0.0,0.0,0.0,0.0,0.0,0.0,1412.0,1222.0,0.0,0.0,0.0,0.0,0.0,0.0,0.0,0.0,0.0,0.0,0.0,0.0,0.0
317,Joachim,Andersen,Andersen,a,,,4.5,414,76.0,4.8,72,23.0,1.4,220.0,86.0,0,0,0.0,0,0.0,1004,261,0.3,20.7,1.4,1.4,3.6,110.0,38.0,100.0,100.0,18.0,6.0,238.0,65.0,217.0,54.0,103.0,29.0,,,,,,,,0.05,0.06,0.11,1.39,0.0,0.2,1.49,1.02,10.41,29,0.0,0.0,0.0,0.0,0.0,0.0,0.0,0.0,0.0,0.0,0.0,0.0,0.0,0.0,0.0,20723.0,9837.0,0.0,0.0,0.0,0.0,0.0,0.0,0.0,0.0,0.0,0.0,0.0,0.0,0.0
318,Calvin,Bassey,Bassey,a,,,4.4,533,111.0,0.5,266,99.0,1.8,182.0,67.0,0,0,0.0,-1,1.0,156,30,0.4,14.8,1.8,1.8,3.2,152.0,57.0,100.0,100.0,112.0,48.0,261.0,77.0,273.0,77.0,208.0,71.0,,,,,,,,0.07,0.01,0.08,1.38,0.0,0.17,1.71,0.99,8.22,29,0.0,0.0,0.0,0.0,0.0,0.0,0.0,0.0,0.0,0.0,0.0,0.0,0.0,0.0,0.0,4291.0,456.0,0.0,0.0,0.0,0.0,0.0,0.0,0.0,0.0,0.0,0.0,0.0,0.0,0.0
319,Timothy,Castagne,Castagne,a,,,4.3,581,127.0,0.1,460,169.0,0.6,301.0,106.0,0,0,0.0,-2,2.0,5,12,0.1,6.7,0.6,0.6,1.4,419.0,151.0,,,242.0,95.0,212.0,53.0,260.0,73.0,266.0,87.0,,,,,,,,0.08,0.04,0.12,1.75,0.0,0.0,1.85,0.97,7.89,29,0.0,0.0,0.0,0.0,0.0,0.0,0.0,0.0,0.0,0.0,0.0,0.0,0.0,0.0,0.0,104.0,129.0,0.0,0.0,0.0,0.0,0.0,0.0,0.0,0.0,0.0,0.0,0.0,0.0,0.0
320,Issa,Diop,Diop,a,,,4.3,583,129.0,0.1,528,188.0,0.2,356.0,128.0,0,0,0.0,-2,2.0,11,4,0.0,2.6,0.2,0.2,1.2,436.0,157.0,,,361.0,138.0,440.0,160.0,404.0,148.0,411.0,148.0,,,,,,,,0.0,0.01,0.01,1.62,0.0,0.0,1.79,0.9,7.89,29,0.0,0.0,0.0,0.0,0.0,0.0,0.0,0.0,0.0,0.0,0.0,0.0,0.0,0.0,0.0,113.0,46.0,0.0,0.0,0.0,0.0,0.0,0.0,0.0,0.0,0.0,0.0,0.0,0.0,0.0
321,Jorge,Cuenca Barreno,J.Cuenca,a,,,4.3,588,132.0,0.1,562,202.0,0.8,270.0,97.0,0,0,0.0,-2,2.0,2,7,0.2,9.1,0.8,0.8,2.8,213.0,83.0,,,226.0,88.0,345.0,117.0,391.0,140.0,331.0,112.0,,,,,,,,0.0,0.05,0.05,1.41,0.0,0.19,1.06,1.06,11.02,29,0.0,0.0,0.0,0.0,0.0,0.0,0.0,0.0,0.0,0.0,0.0,0.0,0.0,0.0,0.0,54.0,93.0,0.0,0.0,0.0,0.0,0.0,0.0,0.0,0.0,0.0,0.0,0.0,0.0,0.0
322,Kenny,Tete,Tete,a,,,4.5,412,75.0,0.3,315,116.0,1.6,197.0,76.0,0,0,0.0,0,0.0,96,22,0.4,16.2,1.6,1.6,3.6,109.0,37.0,100.0,100.0,128.0,58.0,172.0,41.0,238.0,62.0,171.0,56.0,,,,,,,,0.05,0.08,0.13,1.32,0.0,0.28,1.33,1.06,8.44,29,0.0,0.0,0.0,0.0,0.0,0.0,0.0,0.0,0.0,0.0,0.0,0.0,0.0,0.0,0.0,3660.0,474.0,0.0,0.0,0.0,0.0,0.0,0.0,0.0,0.0,0.0,0.0,0.0,0.0,0.0
323,Samuel,Amissah,Amissah,a,,,3.8,814,260.0,0.1,421,155.0,0.0,406.0,157.0,0,0,0.0,-2,2.0,5,9,0.0,0.0,0.0,0.0,0.0,537.0,198.0,,,527.0,198.0,513.0,198.0,483.0,193.0,529.0,198.0,,,,,,,,0.0,0.0,0.0,0.0,0.0,0.0,0.0,0.0,0.0,29,0.0,0.0,0.0,0.0,0.0,0.0,0.0,0.0,0.0,0.0,0.0,0.0,0.0,0.0,0.0,50.0,71.0,0.0,0.0,0.0,0.0,0.0,0.0,0.0,0.0,0.0,0.0,0.0,0.0,0.0
324,Alex,Iwobi,Iwobi,a,,,6.4,55,35.0,2.0,137,45.0,5.8,7.0,4.0,0,1,-1.0,-1,1.0,3855,152,0.9,13.9,5.8,5.8,4.0,71.0,32.0,100.0,100.0,102.0,33.0,21.0,21.0,126.0,72.0,49.0,34.0,2.0,,,,,,,0.06,0.17,0.23,1.43,0.0,0.15,1.69,1.06,6.57,29,0.0,0.0,0.0,0.0,0.0,0.0,0.0,0.0,0.0,0.0,0.0,0.0,0.0,0.0,0.0,78404.0,1612.0,0.0,0.0,0.0,0.0,0.0,0.0,0.0,0.0,0.0,0.0,0.0,0.0,0.0
325,Emile,Smith Rowe,Smith Rowe,a,,,5.6,128,79.0,0.5,248,86.0,1.4,228.0,95.0,0,0,0.0,-4,4.0,59,69,0.3,11.2,1.4,1.4,2.2,313.0,138.0,100.0,100.0,232.0,101.0,119.0,82.0,84.0,52.0,140.0,76.0,,,,,,,,0.26,0.06,0.32,1.56,0.0,0.19,1.4,1.02,7.06,29,0.0,0.0,0.0,0.0,0.0,0.0,0.0,0.0,0.0,0.0,0.0,0.0,0.0,0.0,0.0,1348.0,820.0,0.0,0.0,0.0,0.0,0.0,0.0,0.0,0.0,0.0,0.0,0.0,0.0,0.0
327,Andreas,Hoelgebaum Pereira,Andreas,u,has joined Palmeiras permanently.,,5.3,186,114.0,0.1,561,206.0,0.0,771.0,335.0,0,0,0.0,-2,2.0,0,1,0.0,0.0,0.0,0.0,0.0,798.0,352.0,0.0,0.0,797.0,351.0,796.0,351.0,793.0,350.0,797.0,351.0,,,,,,,,0.0,0.0,0.0,0.0,0.0,0.0,0.0,0.0,0.0,29,0.0,0.0,0.0,0.0,0.0,0.0,0.0,0.0,0.0,0.0,0.0,0.0,0.0,0.0,0.0,0.0,3.0,0.0,0.0,0.0,0.0,0.0,0.0,0.0,0.0,0.0,0.0,0.0,0.0,0.0
328,Ryan,Sessegnon,Sessegnon,a,,,5.4,161,100.0,0.2,402,136.0,2.4,134.0,54.0,0,0,0.0,-1,1.0,31,12,0.4,14.3,2.4,2.4,3.7,103.0,47.0,100.0,100.0,152.0,54.0,168.0,115.0,155.0,85.0,158.0,83.0,,,,,,,,0.06,0.1,0.16,1.35,0.0,0.23,1.63,1.01,10.59,29,0.0,0.0,0.0,0.0,0.0,0.0,0.0,0.0,0.0,0.0,0.0,0.0,0.0,0.0,0.0,578.0,190.0,0.0,0.0,0.0,0.0,0.0,0.0,0.0,0.0,0.0,0.0,0.0,0.0,0.0
329,Harry,Wilson,Wilson,d,Ankle injury - 75% chance of playing,,6.0,85,55.0,23.8,16,6.0,4.8,23.0,10.0,0,0,0.0,5,-5.0,5535,3110,0.8,23.3,3.6,3.6,5.2,10.0,6.0,75.0,75.0,35.0,9.0,31.0,29.0,26.0,13.0,21.0,17.0,1.0,1.0,3.0,,,,,0.2,0.17,0.37,1.32,0.0,0.26,1.34,1.08,6.0,29,0.0,0.0,0.0,0.0,0.0,0.0,0.0,0.0,0.0,0.0,0.0,0.0,0.0,0.0,0.0,97612.0,42756.0,0.0,0.0,0.0,0.0,0.0,0.0,0.0,0.0,0.0,0.0,0.0,0.0,0.0
330,Sander,Berge,Berge,a,,,4.9,305,191.0,0.1,519,188.0,2.0,167.0,70.0,0,0,0.0,-1,1.0,10,6,0.4,14.1,2.0,2.0,2.5,273.0,115.0,,,140.0,47.0,107.0,76.0,289.0,156.0,152.0,81.0,,,,,,,,0.05,0.04,0.09,1.43,0.0,0.19,1.54,1.04,8.84,29,0.0,0.0,0.0,0.0,0.0,0.0,0.0,0.0,0.0,0.0,0.0,0.0,0.0,0.0,0.0,130.0,90.0,0.0,0.0,0.0,0.0,0.0,0.0,0.0,0.0,0.0,0.0,0.0,0.0,0.0
331,Tom,Cairney,Cairney,a,,,4.8,350,218.0,0.0,637,251.0,0.2,366.0,166.0,0,0,0.0,-2,2.0,1,2,0.0,5.2,0.2,0.2,1.4,421.0,187.0,100.0,100.0,381.0,169.0,280.0,166.0,322.0,169.0,361.0,172.0,,,,,,,,0.18,0.06,0.24,1.61,0.0,0.0,1.71,0.57,7.23,29,0.0,0.0,0.0,0.0,0.0,0.0,0.0,0.0,0.0,0.0,0.0,0.0,0.0,0.0,0.0,18.0,22.0,0.0,0.0,0.0,0.0,0.0,0.0,0.0,0.0,0.0,0.0,0.0,0.0,0.0
332,Saša,Lukić,Lukić,a,,,4.9,309,194.0,0.1,572,211.0,0.0,719.0,299.0,0,0,0.0,-1,1.0,2,1,0.0,10.2,0.0,0.0,2.6,254.0,106.0,100.0,100.0,236.0,103.0,73.0,56.0,223.0,124.0,169.0,88.0,3.0,,,,,,,0.13,0.1,0.23,1.37,0.0,0.3,1.27,1.12,9.46,29,0.0,0.0,0.0,0.0,0.0,0.0,0.0,0.0,0.0,0.0,0.0,0.0,0.0,0.0,0.0,20.0,17.0,0.0,0.0,0.0,0.0,0.0,0.0,0.0,0.0,0.0,0.0,0.0,0.0,0.0
333,Martial,Godo,Godo,u,has joined Strasbourg permanently.,,4.5,473,289.0,0.0,666,270.0,0.0,652.0,252.0,0,0,0.0,0,0.0,0,0,0.0,0.0,0.0,0.0,0.0,728.0,301.0,0.0,0.0,725.0,298.0,720.0,299.0,706.0,294.0,726.0,299.0,,,,,,,,0.0,0.0,0.0,0.0,0.0,0.0,0.0,0.0,0.0,29,0.0,0.0,0.0,0.0,0.0,0.0,0.0,0.0,0.0,0.0,0.0,0.0,0.0,0.0,0.0,0.0,2.0,0.0,0.0,0.0,0.0,0.0,0.0,0.0,0.0,0.0,0.0,0.0,0.0,0.0
334,Luke,Harris,Harris,u,Has joined Oxford United on loan for the rest of the season.,,4.5,454,273.0,0.0,810,360.0,0.0,636.0,238.0,0,0,0.0,0,0.0,0,0,0.0,0.0,0.0,0.0,0.0,715.0,290.0,0.0,0.0,710.0,285.0,706.0,287.0,690.0,280.0,711.0,286.0,,,,,,,,0.0,0.0,0.0,0.0,0.0,0.0,0.0,0.0,0.0,29,0.0,0.0,0.0,0.0,0.0,0.0,0.0,0.0,0.0,0.0,0.0,0.0,0.0,0.0,0.0,0.0,1.0,0.0,0.0,0.0,0.0,0.0,0.0,0.0,0.0,0.0,0.0,0.0,0.0,0.0
335,Josh,King,King,a,,,4.4,564,337.0,1.8,147,50.0,0.4,327.0,147.0,0,0,0.0,-1,1.0,102,201,0.1,8.6,0.4,0.4,1.7,380.0,162.0,100.0,100.0,345.0,156.0,248.0,154.0,133.0,76.0,290.0,145.0,,,,,,,,0.13,0.04,0.17,1.28,0.0,0.29,1.46,1.07,7.5,29,0.0,0.0,0.0,0.0,0.0,0.0,0.0,0.0,0.0,0.0,0.0,0.0,0.0,0.0,0.0,1622.0,4493.0,0.0,0.0,0.0,0.0,0.0,0.0,0.0,0.0,0.0,0.0,0.0,0.0,0.0
336,Harrison,Reed,Reed,a,,,4.3,580,344.0,0.4,279,98.0,0.2,355.0,160.0,0,0,0.0,-2,2.0,53,67,0.0,2.8,0.2,0.2,2.4,284.0,123.0,,,421.0,185.0,430.0,208.0,419.0,202.0,442.0,198.0,,,,,,,,0.16,0.94,1.1,1.6,0.0,0.0,3.91,0.0,7.83,29,0.0,0.0,0.0,0.0,0.0,0.0,0.0,0.0,0.0,0.0,0.0,0.0,0.0,0.0,0.0,749.0,1208.0,0.0,0.0,0.0,0.0,0.0,0.0,0.0,0.0,0.0,0.0,0.0,0.0,0.0
337,Raúl,Jiménez Rodríguez,Raúl,a,,,6.2,71,23.0,3.0,108,18.0,3.8,55.0,7.0,0,1,-1.0,-3,3.0,1754,572,0.6,15.5,3.8,3.8,3.6,116.0,10.0,100.0,100.0,99.0,7.0,98.0,5.0,14.0,9.0,30.0,7.0,,2.0,1.0,,,,,0.49,0.04,0.53,1.38,0.0,0.34,1.22,1.12,5.37,29,0.0,0.0,0.0,0.0,0.0,0.0,0.0,0.0,0.0,0.0,0.0,0.0,0.0,0.0,0.0,38449.0,6972.0,0.0,0.0,0.0,0.0,0.0,0.0,0.0,0.0,0.0,0.0,0.0,0.0,0.0
338,Rodrigo,Muniz Carvalho,Muniz,a,,,5.3,193,46.0,0.7,214,33.0,0.8,287.0,35.0,0,0,0.0,-2,2.0,54,28,0.2,4.0,0.8,0.8,1.9,353.0,41.0,100.0,100.0,376.0,39.0,332.0,37.0,177.0,40.0,341.0,40.0,,,,,,,,0.25,0.0,0.25,1.54,0.0,0.21,1.45,0.83,5.59,29,0.0,0.0,0.0,0.0,0.0,0.0,0.0,0.0,0.0,0.0,0.0,0.0,0.0,0.0,0.0,414.0,307.0,0.0,0.0,0.0,0.0,0.0,0.0,0.0,0.0,0.0,0.0,0.0,0.0,0.0
424,Oscar,Bobb,Bobb,a,,,5.1,239,145.0,0.2,355,118.0,1.6,207.0,85.0,0,0,0.0,-4,4.0,64,16,0.3,5.1,1.6,1.6,2.0,336.0,147.0,100.0,100.0,370.0,164.0,160.0,110.0,231.0,128.0,291.0,146.0,,,,,,,,0.07,0.2,0.27,1.12,0.0,0.3,1.18,0.89,6.96,29,0.0,0.0,0.0,0.0,0.0,0.0,0.0,0.0,0.0,0.0,0.0,0.0,0.0,0.0,0.0,1732.0,139.0,0.0,0.0,0.0,0.0,0.0,0.0,0.0,0.0,0.0,0.0,0.0,0.0,0.0
664,Benjamin,Lecomte,Lecomte,a,,,3.9,745,72.0,0.7,215,28.0,0.0,413.0,31.0,0,0,0.0,-1,1.0,15,30,0.0,0.0,0.0,0.0,0.0,544.0,42.0,,,534.0,42.0,521.0,25.0,491.0,12.0,536.0,42.0,,,,,,,,0.0,0.0,0.0,0.0,0.0,0.0,0.0,0.0,0.0,29,0.0,0.0,0.0,0.0,0.0,0.0,0.0,0.0,0.0,0.0,0.0,0.0,0.0,0.0,0.0,216.0,296.0,0.0,0.0,0.0,0.0,0.0,0.0,0.0,0.0,0.0,0.0,0.0,0.0,0.0
727,Samuel,Chukwueze,Chukwueze,a,,,5.3,190,118.0,0.1,498,179.0,1.0,262.0,116.0,0,0,0.0,-2,2.0,24,26,0.2,9.1,1.0,1.0,3.4,137.0,62.0,100.0,100.0,233.0,102.0,130.0,90.0,140.0,79.0,178.0,91.0,,,,,,,,0.22,0.38,0.6,1.54,0.0,0.14,2.07,0.83,7.58,29,0.0,0.0,0.0,0.0,0.0,0.0,0.0,0.0,0.0,0.0,0.0,0.0,0.0,0.0,0.0,416.0,250.0,0.0,0.0,0.0,0.0,0.0,0.0,0.0,0.0,0.0,0.0,0.0,0.0,0.0
731,Kevin,Santos Lopes de Macedo,Kevin,i,Foot injury - Unknown return date,,5.8,110,71.0,0.1,559,205.0,0.6,316.0,145.0,0,0,0.0,-2,2.0,0,30,0.1,7.4,0.0,0.0,1.9,358.0,155.0,0.0,0.0,260.0,109.0,134.0,92.0,123.0,71.0,196.0,99.0,,,,,,,,0.11,0.14,0.25,1.3,0.0,0.4,1.5,0.8,7.52,29,0.0,0.0,0.0,0.0,0.0,0.0,0.0,0.0,0.0,0.0,0.0,0.0,0.0,0.0,0.0,3.0,261.0,0.0,0.0,0.0,0.0,0.0,0.0,0.0,0.0,0.0,0.0,0.0,0.0,0.0
737,Jonah,Kusi-Asare,Kusi-Asare,a,,,4.5,506,74.0,0.1,476,69.0,0.0,680.0,74.0,0,0,0.0,0,0.0,14,30,0.0,0.9,0.0,0.0,0.8,510.0,62.0,,,496.0,59.0,415.0,56.0,415.0,58.0,467.0,57.0,,,,,,,,0.0,0.21,0.21,2.25,0.0,0.0,6.0,0.0,6.0,29,0.0,0.0,0.0,0.0,0.0,0.0,0.0,0.0,0.0,0.0,0.0,0.0,0.0,0.0,0.0,86.0,210.0,0.0,0.0,0.0,0.0,0.0,0.0,0.0,0.0,0.0,0.0,0.0,0.0,0.0
770,Seth,Ridgeon,Ridgeon,a,,,4.5,501,310.0,0.0,780,338.0,0.0,676.0,271.0,0,0,0.0,0,0.0,3,0,0.0,0.0,0.0,0.0,0.0,748.0,316.0,,,747.0,315.0,741.0,315.0,728.0,311.0,747.0,315.0,,,,,,,,0.0,0.0,0.0,0.0,0.0,0.0,0.0,0.0,0.0,29,0.0,0.0,0.0,0.0,0.0,0.0,0.0,0.0,0.0,0.0,0.0,0.0,0.0,0.0,0.0,10.0,7.0,0.0,0.0,0.0,0.0,0.0,0.0,0.0,0.0,0.0,0.0,0.0,0.0,0.0
339,Illan,Meslier,Meslier,a,,,4.1,654,37.0,0.3,300,39.0,0.0,516.0,77.0,0,0,0.0,-4,4.0,7,15,0.0,0.0,0.0,0.0,0.0,636.0,86.0,,,626.0,86.0,618.0,74.0,591.0,61.0,628.0,86.0,,,,,,,,0.0,0.0,0.0,0.0,0.0,0.0,0.0,0.0,0.0,29,0.0,0.0,0.0,0.0,0.0,0.0,0.0,0.0,0.0,0.0,0.0,0.0,0.0,0.0,0.0,86.0,104.0,0.0,0.0,0.0,0.0,0.0,0.0,0.0,0.0,0.0,0.0,0.0,0.0,0.0
340,Alex,Cairns,Cairns,a,,,3.9,746,73.0,0.2,413,61.0,0.0,414.0,32.0,0,0,0.0,-1,1.0,3,10,0.0,0.0,0.0,0.0,0.0,545.0,43.0,,,535.0,43.0,522.0,26.0,492.0,13.0,537.0,43.0,,,,,,,,0.0,0.0,0.0,0.0,0.0,0.0,0.0,0.0,0.0,29,0.0,0.0,0.0,0.0,0.0,0.0,0.0,0.0,0.0,0.0,0.0,0.0,0.0,0.0,0.0,50.0,48.0,0.0,0.0,0.0,0.0,0.0,0.0,0.0,0.0,0.0,0.0,0.0,0.0,0.0
341,Karl,Darlow,Darlow,a,,,3.9,741,68.0,2.5,118,16.0,2.2,144.0,12.0,2,0,0.0,-1,1.0,308,131,0.6,7.7,2.2,2.2,2.3,296.0,26.0,,,194.0,22.0,517.0,21.0,487.0,8.0,337.0,22.0,,,,,,,,0.0,0.0,0.0,1.26,2.62,0.08,1.46,1.0,0.0,29,2.0,90.0,0.0,0.0,0.0,1.0,0.0,0.0,0.0,0.0,0.0,0.0,1.0,0.0,6.0,8719.0,1209.0,0.0,0.0,0.010000000000000002,0.010000000000000002,0.8600000000000012,7.600000000000023,0.0,0.0,0.8000000000000007,0.0,1.0,7.0,0.0
342,Jayden,Bogle,Bogle,a,,,4.4,529,107.0,0.3,340,124.0,3.4,71.0,24.0,2,0,0.0,-1,1.0,53,78,0.8,15.9,3.4,3.4,2.6,248.0,95.0,100.0,100.0,157.0,67.0,136.0,35.0,148.0,30.0,143.0,47.0,,,,,,,,0.08,0.06,0.14,1.37,0.0,0.16,1.63,1.03,5.56,29,2.0,83.0,0.0,0.0,0.0,1.0,0.0,0.0,0.0,0.0,0.0,0.0,1.0,0.0,1.0,4898.0,439.0,0.0,0.21999999999999997,0.0,0.21999999999999975,0.8599999999999994,0.4000000000000341,1.799999999999983,16.0,1.7999999999999972,0.0,1.0,4.0,1.0
348,Joe,Rodon,Rodon,d,Hamstring injury - 75% chance of playing,,3.9,753,216.0,3.9,90,31.0,3.0,100.0,38.0,2,0,0.0,-1,1.0,264,509,0.8,21.8,2.2,2.2,3.1,167.0,62.0,75.0,75.0,43.0,18.0,314.0,104.0,157.0,34.0,128.0,39.0,,,,,,,,0.05,0.01,0.06,1.48,0.0,0.11,1.75,1.03,8.48,29,2.0,90.0,0.0,0.0,0.0,1.0,0.0,0.0,0.0,0.0,0.0,0.0,1.0,0.0,9.0,4250.0,8196.0,0.0,0.0,0.010000000000000009,0.010000000000000009,0.8599999999999994,16.399999999999977,1.4000000000000057,0.0,1.7999999999999972,2.0,4.0,6.0,6.0
349,Isaac,Schmidt,Schmidt,u,has joined Werder Bremen on loan for the rest of the season.,,4.0,693,176.0,0.1,550,199.0,0.0,475.0,183.0,0,0,0.0,0,0.0,0,4,0.0,0.0,0.0,0.0,0.0,601.0,221.0,0.0,0.0,591.0,221.0,582.0,221.0,553.0,217.0,593.0,221.0,,,,,,,,0.0,0.0,0.0,0.0,0.0,0.0,0.0,0.0,0.0,29,0.0,0.0,0.0,0.0,0.0,0.0,0.0,0.0,0.0,0.0,0.0,0.0,0.0,0.0,0.0,0.0,14.0,0.0,0.0,0.0,0.0,0.0,0.0,0.0,0.0,0.0,0.0,0.0,0.0,0.0
350,Brenden,Aaronson,Aaronson,a,,,5.4,168,105.0,0.7,222,77.0,2.4,135.0,55.0,2,0,0.0,-1,1.0,159,346,0.4,19.4,2.4,2.4,3.8,91.0,43.0,,,125.0,41.0,71.0,55.0,36.0,20.0,50.0,35.0,,,,,,,,0.19,0.14,0.33,1.37,0.0,0.34,1.31,1.06,8.07,29,2.0,73.0,0.0,0.0,0.0,1.0,0.0,0.0,0.0,0.0,0.0,0.0,1.0,0.0,6.0,5352.0,2936.0,0.0,0.10000000000000009,0.010000000000000231,0.11000000000000032,0.8599999999999994,2.1999999999999886,1.6999999999999886,14.0,1.7999999999999972,1.0,1.0,2.0,4.0
351,Wilfried,Gnonto,Gnonto,a,,,5.2,214,132.0,0.1,509,184.0,0.2,372.0,171.0,0,0,0.0,-3,3.0,2,6,0.0,4.2,0.2,0.2,1.4,423.0,188.0,100.0,100.0,399.0,176.0,278.0,165.0,338.0,176.0,375.0,177.0,,,,,,,,0.07,0.13,0.2,2.01,0.0,0.24,2.63,0.95,9.79,29,0.0,16.0,0.0,0.0,0.0,0.0,0.0,0.0,0.0,1.0,0.0,0.0,0.0,0.0,88.0,36.0,55.0,0.0,0.03999999999999998,0.010000000000000009,0.04999999999999993,0.0,0.0,1.2000000000000028,4.0,0.29999999999999716,0.0,1.0,2.0,3.0
352,Jack,Harrison,Harrison,u,has joined ACF Fiorentina on loan for the rest of the season.,,5.1,230,142.0,0.0,594,223.0,0.0,759.0,328.0,0,0,0.0,-4,4.0,0,4,0.0,2.4,0.0,0.0,1.1,446.0,200.0,0.0,0.0,430.0,189.0,342.0,183.0,347.0,180.0,408.0,186.0,,,,,,,,0.1,0.08,0.18,1.31,0.0,0.0,1.72,0.34,8.24,29,0.0,0.0,0.0,0.0,0.0,0.0,0.0,0.0,0.0,0.0,0.0,0.0,0.0,0.0,0.0,0.0,14.0,0.0,0.0,0.0,0.0,0.0,0.0,0.0,0.0,0.0,0.0,0.0,0.0,0.0
353,Daniel,James,James,a,,,5.2,206,127.0,0.1,480,167.0,0.8,284.0,127.0,1,0,0.0,-3,3.0,6,8,0.2,3.3,0.8,0.8,1.2,440.0,197.0,100.0,100.0,414.0,182.0,237.0,149.0,246.0,137.0,348.0,168.0,,,,,,,,0.16,0.13,0.29,2.36,0.0,0.23,2.94,0.9,4.97,29,1.0,16.0,0.0,0.0,0.0,0.0,0.0,0.0,0.0,0.0,0.0,0.0,0.0,0.0,6.0,53.0,27.0,0.0,0.0,0.020000000000000018,0.020000000000000018,0.0,6.200000000000003,15.600000000000009,4.0,2.6000000000000014,0.0,0.0,2.0,2.0
354,Ethan,Ampadu,Ampadu,a,,,4.9,300,188.0,0.2,383,126.0,3.6,61.0,28.0,2,0,0.0,-1,1.0,76,53,0.7,18.8,3.6,3.6,3.5,120.0,54.0,100.0,100.0,85.0,29.0,93.0,69.0,256.0,141.0,120.0,68.0,,,,,,,,0.07,0.06,0.13,1.43,0.0,0.16,1.6,1.01,12.12,29,2.0,90.0,0.0,0.0,0.0,1.0,0.0,0.0,0.0,0.0,0.0,0.0,1.0,0.0,13.0,2183.0,440.0,0.0,0.020000000000000018,0.07000000000000006,0.0900000000000003,0.8599999999999994,16.399999999999977,27.30000000000001,5.0,4.900000000000006,2.0,3.0,3.0,8.0
355,Sam,Greenwood,Greenwood,u,has joined Pogon Szczecin permanently.,,4.9,320,199.0,0.0,632,247.0,0.0,723.0,303.0,0,0,0.0,-1,1.0,0,1,0.0,0.0,0.0,0.0,0.0,771.0,332.0,0.0,0.0,770.0,331.0,766.0,331.0,761.0,329.0,770.0,331.0,,,,,,,,0.0,0.0,0.0,0.0,0.0,0.0,0.0,0.0,0.0,29,0.0,0.0,0.0,0.0,0.0,0.0,0.0,0.0,0.0,0.0,0.0,0.0,0.0,0.0,0.0,0.0,2.0,0.0,0.0,0.0,0.0,0.0,0.0,0.0,0.0,0.0,0.0,0.0,0.0,0.0
356,Ilia,Gruev,Gruev,a,,,4.7,391,244.0,0.1,437,148.0,3.8,50.0,25.0,3,0,0.0,-3,3.0,37,59,0.8,11.3,3.8,3.8,2.6,251.0,104.0,,,269.0,113.0,187.0,125.0,299.0,161.0,282.0,142.0,4.0,,,,,,,0.03,0.06,0.09,1.75,0.0,0.36,1.66,1.08,7.73,29,3.0,61.0,0.0,0.0,1.0,0.0,0.0,0.0,0.0,0.0,0.0,0.0,1.0,0.0,9.0,658.0,516.0,0.0,0.0,0.010000000000000009,0.010000000000000009,0.00999999999999801,1.8000000000000114,12.300000000000011,0.0,1.4000000000000057,0.0,0.0,1.0,1.0
357,Largie,Ramazani,Ramazani,u,has joined Valencia on loan for the rest of the season.,,4.9,324,201.0,0.0,710,295.0,0.0,726.0,305.0,0,0,0.0,-1,1.0,0,0,0.0,0.0,0.0,0.0,0.0,773.0,334.0,0.0,0.0,772.0,333.0,768.0,333.0,763.0,331.0,772.0,333.0,,,,,,,,0.0,0.0,0.0,0.0,0.0,0.0,0.0,0.0,0.0,29,0.0,0.0,0.0,0.0,0.0,0.0,0.0,0.0,0.0,0.0,0.0,0.0,0.0,0.0,0.0,0.0,2.0,0.0,0.0,0.0,0.0,0.0,0.0,0.0,0.0,0.0,0.0,0.0,0.0,0.0
358,Tanaka,Ao,Tanaka,a,,,4.8,364,227.0,0.2,381,125.0,0.0,704.0,290.0,0,0,0.0,-2,2.0,11,50,0.0,9.0,0.0,0.0,2.1,321.0,141.0,100.0,100.0,314.0,141.0,221.0,144.0,276.0,150.0,315.0,154.0,,,,,,,,0.1,0.07,0.17,1.62,0.0,0.24,1.95,0.85,10.14,29,0.0,0.0,0.0,0.0,0.0,0.0,0.0,0.0,0.0,0.0,0.0,0.0,0.0,0.0,0.0,94.0,404.0,0.0,0.0,0.0,0.0,0.0,0.0,0.0,0.0,0.0,0.0,0.0,0.0,0.0
359,Charlie,Crew,Crew,u,Has joined Doncaster Rovers on loan for the rest of the season.,,4.5,459,278.0,0.0,792,347.0,0.0,639.0,241.0,0,0,0.0,0,0.0,0,0,0.0,0.0,0.0,0.0,0.0,718.0,293.0,0.0,0.0,713.0,288.0,709.0,290.0,693.0,283.0,714.0,289.0,,,,,,,,0.0,0.0,0.0,0.0,0.0,0.0,0.0,0.0,0.0,29,0.0,0.0,0.0,0.0,0.0,0.0,0.0,0.0,0.0,0.0,0.0,0.0,0.0,0.0,0.0,0.0,0.0,0.0,0.0,0.0,0.0,0.0,0.0,0.0,0.0,0.0,0.0,0.0,0.0,0.0
360,Joe,Gelhardt,Gelhardt,u,Has joined Hull City on loan for the rest of the season.,,4.5,439,263.0,0.0,756,322.0,0.0,626.0,229.0,0,0,0.0,0,0.0,0,0,0.0,0.0,0.0,0.0,0.0,707.0,282.0,0.0,0.0,701.0,276.0,698.0,279.0,681.0,272.0,703.0,278.0,,,,,,,,0.0,0.0,0.0,0.0,0.0,0.0,0.0,0.0,0.0,29,0.0,0.0,0.0,0.0,0.0,0.0,0.0,0.0,0.0,0.0,0.0,0.0,0.0,0.0,0.0,0.0,1.0,0.0,0.0,0.0,0.0,0.0,0.0,0.0,0.0,0.0,0.0,0.0,0.0,0.0
361,Darko,Gyabi,Gyabi,u,has joined Hull City permanently.,,4.5,440,264.0,0.0,665,269.0,0.0,627.0,230.0,0,0,0.0,0,0.0,0,2,0.0,0.0,0.0,0.0,0.0,708.0,283.0,0.0,0.0,702.0,277.0,699.0,280.0,682.0,273.0,704.0,279.0,,,,,,,,0.0,0.0,0.0,0.0,0.0,0.0,0.0,0.0,0.0,29,0.0,0.0,0.0,0.0,0.0,0.0,0.0,0.0,0.0,0.0,0.0,0.0,0.0,0.0,0.0,0.0,7.0,0.0,0.0,0.0,0.0,0.0,0.0,0.0,0.0,0.0,0.0,0.0,0.0,0.0
362,Joël,Piroe,Piroe,a,,,4.9,319,58.0,0.3,296,48.0,0.4,333.0,44.0,1,0,0.0,-6,6.0,12,11,0.1,2.9,0.4,0.4,1.1,444.0,55.0,100.0,100.0,457.0,55.0,362.0,45.0,247.0,45.0,394.0,47.0,,,3.0,,,,,0.35,0.08,0.43,2.22,0.0,0.42,2.93,0.84,4.6,29,1.0,6.0,0.0,0.0,0.0,0.0,0.0,0.0,0.0,0.0,0.0,0.0,0.0,0.0,4.0,84.0,131.0,0.0,0.17999999999999994,0.09999999999999999,0.28,0.0,2.4000000000000004,14.799999999999997,6.0,2.3000000000000007,0.0,0.0,1.0,1.0
363,Patrick,Bamford,Bamford,u,has departed the club as a free agent.,,4.9,289,57.0,0.3,302,49.0,0.0,710.0,76.0,0,0,0.0,-1,1.0,0,7,0.0,0.0,0.0,0.0,0.0,765.0,85.0,0.0,0.0,764.0,85.0,760.0,84.0,754.0,84.0,764.0,85.0,,,,,,,,0.0,0.0,0.0,0.0,0.0,0.0,0.0,0.0,0.0,29,0.0,0.0,0.0,0.0,0.0,0.0,0.0,0.0,0.0,0.0,0.0,0.0,0.0,0.0,0.0,0.0,32.0,0.0,0.0,0.0,0.0,0.0,0.0,0.0,0.0,0.0,0.0,0.0,0.0,0.0
364,Mateo,Joseph Fernández-Regatillo,Mateo Joseph,u,Has joined RCD Mallorca on loan for the rest of the season.,,5.0,278,56.0,0.0,739,90.0,0.0,752.0,81.0,0,0,0.0,0,0.0,0,0,0.0,0.0,0.0,0.0,0.0,792.0,88.0,0.0,0.0,791.0,88.0,789.0,88.0,785.0,88.0,791.0,88.0,,,,,,,,0.0,0.0,0.0,0.0,0.0,0.0,0.0,0.0,0.0,29,0.0,0.0,0.0,0.0,0.0,0.0,0.0,0.0,0.0,0.0,0.0,0.0,0.0,0.0,0.0,0.0,1.0,0.0,0.0,0.0,0.0,0.0,0.0,0.0,0.0,0.0,0.0,0.0,0.0,0.0
365,Lukas,Nmecha,Nmecha,a,,,5.0,248,53.0,0.6,238,34.0,2.8,110.0,13.0,1,0,0.0,0,0.0,107,162,0.6,12.6,2.8,2.8,2.7,235.0,23.0,100.0,100.0,220.0,18.0,294.0,31.0,67.0,25.0,183.0,24.0,,,2.0,,,,,0.74,0.11,0.85,1.93,0.0,0.24,2.15,0.84,4.54,29,1.0,28.0,0.0,0.0,0.0,1.0,0.0,0.0,0.0,0.0,0.0,0.0,0.0,0.0,4.0,1402.0,1236.0,0.0,0.0,0.08000000000000007,0.08000000000000007,0.8499999999999996,3.5999999999999943,20.799999999999997,8.0,3.200000000000003,0.0,0.0,1.0,1.0
493,Sean,Longstaff,Longstaff,a,,,4.8,353,221.0,0.2,357,119.0,0.4,332.0,149.0,0,0,0.0,-2,2.0,3,15,0.1,9.2,0.4,0.4,2.6,252.0,105.0,100.0,100.0,230.0,99.0,69.0,53.0,288.0,155.0,180.0,93.0,2.0,2.0,,,,,,0.08,0.14,0.22,1.33,0.0,0.1,1.81,0.95,9.54,29,0.0,0.0,0.0,0.0,0.0,0.0,0.0,0.0,0.0,0.0,0.0,0.0,0.0,0.0,0.0,80.0,170.0,0.0,0.0,0.0,0.0,0.0,0.0,0.0,0.0,0.0,0.0,0.0,0.0,0.0
660,Anton,Stach,Stach,a,,,4.7,390,243.0,2.5,121,40.0,3.4,72.0,32.0,4,0,0.0,-3,3.0,1273,338,0.7,24.3,3.4,3.4,4.8,18.0,10.0,100.0,100.0,50.0,13.0,4.0,4.0,91.0,58.0,20.0,16.0,1.0,1.0,,,,,,0.11,0.18,0.29,1.34,0.0,0.18,1.57,1.06,10.31,29,4.0,90.0,0.0,0.0,0.0,1.0,0.0,0.0,0.0,0.0,0.0,0.0,1.0,0.0,20.0,29750.0,4208.0,0.0,0.16999999999999993,0.18000000000000016,0.35000000000000053,0.860000000000003,24.40000000000009,35.39999999999998,13.0,7.299999999999983,6.0,3.0,4.0,13.0
665,Lucas Estella,Perri,Perri,a,,,4.5,417,22.0,0.2,349,49.0,0.0,609.0,89.0,0,0,0.0,0,0.0,7,45,0.0,9.6,0.0,0.0,2.7,231.0,23.0,100.0,100.0,173.0,20.0,682.0,85.0,663.0,75.0,325.0,20.0,,,,,,,,0.0,0.0,0.0,1.67,2.38,0.19,1.81,1.0,0.0,29,0.0,0.0,0.0,0.0,0.0,0.0,0.0,0.0,0.0,0.0,0.0,0.0,0.0,0.0,0.0,432.0,322.0,0.0,0.0,0.0,0.0,0.0,0.0,0.0,0.0,0.0,0.0,0.0,0.0,0.0
691,Dominic,Calvert-Lewin,Calvert-Lewin,a,,,5.7,113,32.0,9.4,38,6.0,2.6,122.0,16.0,2,0,0.0,2,-2.0,1561,4092,0.5,18.9,2.6,2.6,4.2,51.0,6.0,100.0,100.0,97.0,6.0,122.0,8.0,6.0,5.0,28.0,6.0,,,1.0,,,,,0.48,0.05,0.53,1.15,0.0,0.19,1.3,0.98,3.03,29,2.0,90.0,0.0,0.0,0.0,1.0,0.0,0.0,0.0,0.0,0.0,0.0,1.0,0.0,5.0,51825.0,35537.0,0.0,0.08000000000000007,0.0,0.08000000000000007,0.8599999999999994,4.399999999999977,1.9000000000000057,6.0,1.1999999999999886,0.0,3.0,1.0,4.0
698,Noah,Okafor,Okafor,i,Hamstring injury - Expected back 14 Mar,,5.5,145,90.0,0.1,495,177.0,2.6,121.0,50.0,0,0,0.0,0,0.0,0,43,0.5,12.2,0.0,0.0,2.9,205.0,85.0,0.0,0.0,218.0,95.0,163.0,112.0,68.0,39.0,138.0,75.0,,,,,,,,0.3,0.07,0.37,1.59,0.0,0.28,1.71,1.07,6.18,29,0.0,0.0,0.0,0.0,0.0,0.0,0.0,0.0,0.0,0.0,0.0,0.0,0.0,0.0,0.0,17.0,318.0,0.0,0.0,0.0,0.0,0.0,0.0,0.0,0.0,0.0,0.0,0.0,0.0,0.0
706,James,Justin,Justin,d,Gashed Leg - 75% chance of playing,,3.9,755,217.0,1.0,192,72.0,2.6,117.0,45.0,2,0,0.0,-1,1.0,46,396,0.7,12.6,2.0,2.0,2.5,262.0,100.0,75.0,75.0,213.0,84.0,242.0,68.0,219.0,55.0,251.0,82.0,3.0,,,,,,,0.08,0.07,0.15,1.75,0.0,0.17,1.5,1.0,8.23,29,2.0,73.0,0.0,0.0,0.0,1.0,0.0,0.0,0.0,0.0,0.0,0.0,1.0,0.0,12.0,979.0,3960.0,0.0,0.0,0.010000000000000009,0.010000000000000009,0.8599999999999994,14.399999999999977,2.4000000000000057,0.0,1.6999999999999957,3.0,4.0,5.0,7.0
741,Harry,Gray,Gray,u,has joined Rotherham United on loan for the rest of the season.,,4.5,490,70.0,0.1,505,70.0,0.0,667.0,70.0,0,0,0.0,0,0.0,0,10,0.0,0.0,0.0,0.0,0.0,740.0,80.0,0.0,0.0,738.0,80.0,732.0,79.0,719.0,79.0,738.0,80.0,,,,,,,,0.0,0.0,0.0,0.0,0.0,0.0,0.0,0.0,0.0,29,0.0,0.0,0.0,0.0,0.0,0.0,0.0,0.0,0.0,0.0,0.0,0.0,0.0,0.0,0.0,0.0,91.0,0.0,0.0,0.0,0.0,0.0,0.0,0.0,0.0,0.0,0.0,0.0,0.0,0.0
787,Sam,Chambers,Chambers,a,,,4.4,561,335.0,0.0,736,310.0,0.0,593.0,209.0,0,0,0.0,-1,1.0,6,5,0.0,0.0,0.0,0.0,0.0,682.0,266.0,,,674.0,258.0,669.0,262.0,649.0,253.0,676.0,260.0,,,,,,,,0.0,0.0,0.0,0.0,0.0,0.0,0.0,0.0,0.0,29,0.0,0.0,0.0,0.0,0.0,0.0,0.0,0.0,0.0,0.0,0.0,0.0,0.0,0.0,0.0,49.0,42.0,0.0,0.0,0.0,0.0,0.0,0.0,0.0,0.0,0.0,0.0,0.0,0.0,0.0
366,Alisson,Becker,A.Becker,a,,,5.4,156,4.0,6.4,59,9.0,3.6,64.0,8.0,1,0,0.0,-1,1.0,527,997,0.7,15.7,4.1,4.6,3.5,123.0,15.0,100.0,100.0,96.0,16.0,489.0,16.0,794.0,92.0,274.0,17.0,,,,,,,,0.0,0.0,0.0,1.12,2.08,0.33,1.21,1.0,0.0,29,1.0,90.0,0.0,0.0,0.0,2.0,0.0,0.0,0.0,0.0,0.0,1.0,1.0,0.0,9.0,12583.0,5595.0,0.0,0.0,0.0,0.0,0.4400000000000013,14.199999999999989,0.0,0.0,1.3999999999999986,0.0,0.0,8.0,0.0
367,Giorgi,Mamardashvili,Mamardashvili,a,,,4.1,655,38.0,0.5,252,33.0,0.0,517.0,78.0,0,0,0.0,-4,4.0,10,51,0.0,4.6,0.5,1.0,3.8,82.0,9.0,,,313.0,24.0,619.0,75.0,592.0,62.0,393.0,24.0,,,,,,,,0.0,0.0,0.0,1.42,3.4,0.2,2.0,1.0,0.0,29,0.0,0.0,0.0,0.0,0.0,0.0,0.0,0.0,0.0,0.0,0.0,0.0,0.0,0.0,0.0,66.0,331.0,0.0,0.0,0.0,0.0,0.0,0.0,0.0,0.0,0.0,0.0,0.0,0.0,0.0
368,Ármin,Pécsi,Pécsi,a,,,3.8,813,94.0,0.9,201,25.0,0.0,405.0,25.0,0,0,0.0,-2,2.0,283,186,0.0,0.0,0.5,1.0,0.0,536.0,36.0,,,526.0,36.0,512.0,18.0,482.0,5.0,528.0,36.0,,,,,,,,0.0,0.0,0.0,0.0,0.0,0.0,0.0,0.0,0.0,29,0.0,0.0,0.0,0.0,0.0,0.0,0.0,0.0,0.0,0.0,0.0,0.0,0.0,0.0,0.0,2483.0,2141.0,0.0,0.0,0.0,0.0,0.0,0.0,0.0,0.0,0.0,0.0,0.0,0.0,0.0
369,Freddie,Woodman,Woodman,a,,,3.9,749,75.0,0.2,394,56.0,0.0,417.0,34.0,0,0,0.0,-1,1.0,4,9,0.0,0.0,0.5,1.0,0.0,547.0,45.0,,,537.0,45.0,524.0,28.0,494.0,15.0,539.0,45.0,,,,,,,,0.0,0.0,0.0,0.0,0.0,0.0,0.0,0.0,0.0,29,0.0,0.0,0.0,0.0,0.0,0.0,0.0,0.0,0.0,0.0,0.0,0.0,0.0,0.0,0.0,26.0,131.0,0.0,0.0,0.0,0.0,0.0,0.0,0.0,0.0,0.0,0.0,0.0,0.0,0.0
370,Jeremie,Frimpong,Frimpong,a,,,5.7,116,10.0,4.7,76,24.0,2.2,158.0,59.0,7,0,0.0,-3,3.0,581,101,0.4,7.9,2.7,3.2,3.5,125.0,44.0,100.0,100.0,367.0,139.0,194.0,49.0,227.0,58.0,301.0,100.0,,,,,,,,0.06,0.17,0.23,0.89,0.0,0.43,1.01,1.01,2.75,29,7.0,71.0,0.0,0.0,1.0,0.0,0.0,0.0,0.0,0.0,0.0,0.0,1.0,1.0,25.0,8426.0,982.0,0.0,0.03999999999999998,0.020000000000000018,0.06000000000000005,0.0,1.7999999999999972,4.599999999999994,8.0,1.3999999999999986,1.0,0.0,2.0,1.0
371,Milos,Kerkez,Kerkez,a,,,5.6,134,15.0,3.0,107,42.0,3.0,107.0,42.0,7,0,0.0,-4,4.0,303,205,0.5,13.0,3.5,4.0,2.7,238.0,92.0,,,136.0,60.0,62.0,11.0,224.0,57.0,111.0,32.0,,,,,,,,0.04,0.03,0.07,1.15,0.0,0.28,1.34,1.11,5.58,29,7.0,64.0,0.0,0.0,1.0,0.0,0.0,0.0,0.0,0.0,0.0,0.0,1.0,1.0,25.0,3471.0,2543.0,0.0,0.0,0.010000000000000009,0.010000000000000009,0.0,3.1999999999999886,13.299999999999955,4.0,2.1000000000000085,0.0,0.0,0.0,0.0
372,Andrew,Robertson,Robertson,a,,,5.7,112,9.0,1.0,191,71.0,1.8,191.0,73.0,0,0,0.0,-3,3.0,23,82,0.3,6.0,2.3,2.8,2.0,339.0,124.0,,,311.0,120.0,131.0,33.0,307.0,91.0,268.0,88.0,,,,,,,,0.03,0.14,0.17,1.2,0.0,0.41,1.36,0.68,4.64,29,0.0,25.0,0.0,0.0,0.0,2.0,0.0,0.0,0.0,0.0,0.0,0.0,0.0,0.0,142.0,243.0,432.0,0.0,0.0,0.07000000000000006,0.07000000000000006,0.4399999999999995,7.400000000000006,15.400000000000006,0.0,2.3000000000000043,0.0,1.0,2.0,1.0
373,Virgil,van Dijk,Virgil,a,,,6.1,80,3.0,32.2,11,3.0,7.2,2.0,2.0,1,0,0.0,1,-1.0,6625,2109,1.2,21.3,7.7,8.2,4.5,35.0,14.0,,,4.0,2.0,181.0,45.0,55.0,1.0,26.0,1.0,,,,,,,,0.09,0.03,0.12,1.17,0.0,0.31,1.34,1.0,9.34,29,1.0,90.0,0.0,0.0,0.0,2.0,0.0,0.0,0.0,0.0,0.0,0.0,1.0,0.0,6.0,186932.0,5898.0,0.0,0.44999999999999973,0.029999999999999916,0.48,0.4399999999999977,23.399999999999977,12.0,26.0,6.099999999999994,0.0,5.0,5.0,5.0
374,Ibrahima,Konaté,Konaté,a,,,5.5,140,17.0,4.3,84,28.0,3.8,54.0,17.0,2,0,0.0,0,0.0,585,1044,0.7,20.2,4.3,4.8,4.0,64.0,26.0,100.0,100.0,25.0,10.0,208.0,52.0,249.0,67.0,110.0,31.0,,,,,,,,0.04,0.03,0.07,1.08,0.0,0.34,1.2,1.05,9.06,29,2.0,78.0,0.0,0.0,0.0,1.0,0.0,0.0,0.0,0.0,0.0,0.0,1.0,0.0,15.0,17161.0,7168.0,0.0,0.0,0.020000000000000018,0.020000000000000018,0.3100000000000023,16.0,4.800000000000011,0.0,2.0999999999999943,1.0,3.0,6.0,4.0
375,Conor,Bradley,Bradley,i,Knee injury - Expected back 01 Jun,,4.9,337,55.0,0.1,415,151.0,0.0,734.0,253.0,0,0,0.0,-1,1.0,1,12,0.0,8.6,0.0,0.0,2.8,219.0,89.0,0.0,0.0,299.0,114.0,250.0,71.0,302.0,89.0,324.0,109.0,,,,,,,,0.02,0.08,0.1,1.04,0.0,0.39,1.26,1.16,6.3,29,0.0,0.0,0.0,0.0,0.0,0.0,0.0,0.0,0.0,0.0,0.0,0.0,0.0,0.0,0.0,4.0,73.0,0.0,0.0,0.0,0.0,0.0,0.0,0.0,0.0,0.0,0.0,0.0,0.0,0.0
376,Joe,Gomez,Gomez,a,,,4.9,297,45.0,0.1,417,152.0,0.6,308.0,108.0,0,0,0.0,-1,1.0,14,28,0.1,5.7,1.1,1.6,1.9,349.0,131.0,100.0,100.0,357.0,136.0,306.0,101.0,365.0,124.0,370.0,129.0,,,,,,,,0.05,0.13,0.18,1.43,0.0,0.45,2.47,1.12,7.18,29,0.0,18.0,0.0,0.0,0.0,2.0,0.0,0.0,0.0,0.0,0.0,0.0,0.0,0.0,75.0,240.0,110.0,0.0,0.0,0.0,0.0,0.4399999999999995,2.200000000000003,0.29999999999999716,0.0,0.3000000000000007,0.0,1.0,2.0,1.0
377,Konstantinos,Tsimikas,Tsimikas,u,has joined AS Roma on loan for the rest of the season.,,4.8,358,59.0,0.0,591,212.0,0.0,699.0,247.0,0,0,0.0,-2,2.0,0,0,0.0,0.0,0.0,0.0,0.0,762.0,261.0,0.0,0.0,761.0,261.0,756.0,261.0,748.0,261.0,761.0,261.0,,,,,,,,0.0,0.0,0.0,0.0,0.0,0.0,0.0,0.0,0.0,29,0.0,0.0,0.0,0.0,0.0,0.0,0.0,0.0,0.0,0.0,0.0,0.0,0.0,0.0,0.0,0.0,1.0,0.0,0.0,0.0,0.0,0.0,0.0,0.0,0.0,0.0,0.0,0.0,0.0,0.0
378,Amara,Nallo,Nallo,a,,,3.7,820,266.0,1.1,185,69.0,0.0,382.0,135.0,0,0,0.0,-3,3.0,69,284,0.0,0.0,0.5,1.0,0.0,520.0,183.0,100.0,100.0,509.0,182.0,492.0,179.0,461.0,173.0,511.0,182.0,,,,,,,,0.0,0.0,0.0,0.0,0.0,0.0,0.0,0.0,0.0,29,0.0,0.0,0.0,0.0,0.0,0.0,0.0,0.0,0.0,0.0,0.0,0.0,0.0,0.0,0.0,538.0,3541.0,0.0,0.0,0.0,0.0,0.0,0.0,0.0,0.0,0.0,0.0,0.0,0.0,0.0
379,Rhys,Williams,R.Williams,a,,,3.7,816,262.0,0.6,239,91.0,0.0,380.0,133.0,0,0,0.0,-3,3.0,123,164,0.0,0.0,0.5,1.0,0.0,518.0,181.0,,,507.0,180.0,490.0,177.0,459.0,171.0,509.0,180.0,,,,,,,,0.0,0.0,0.0,0.0,0.0,0.0,0.0,0.0,0.0,29,0.0,0.0,0.0,0.0,0.0,0.0,0.0,0.0,0.0,0.0,0.0,0.0,0.0,0.0,0.0,819.0,2047.0,0.0,0.0,0.0,0.0,0.0,0.0,0.0,0.0,0.0,0.0,0.0,0.0,0.0
380,Calvin,Ramsay,Ramsay,a,,,3.8,799,246.0,0.2,354,130.0,0.0,393.0,145.0,0,0,0.0,-2,2.0,5,16,0.0,0.0,0.5,1.0,0.0,527.0,189.0,,,517.0,189.0,501.0,187.0,470.0,181.0,519.0,189.0,,,,,,,,0.0,0.0,0.0,0.0,0.0,0.0,0.0,0.0,0.0,29,0.0,0.0,0.0,0.0,0.0,0.0,0.0,0.0,0.0,0.0,0.0,0.0,0.0,0.0,0.0,37.0,151.0,0.0,0.0,0.0,0.0,0.0,0.0,0.0,0.0,0.0,0.0,0.0,0.0,0.0
381,Mohamed,Salah,M.Salah,a,,,14.0,2,1.0,14.4,22,9.0,4.4,37.0,18.0,9,0,0.0,-5,5.0,605,518,0.3,6.9,4.9,5.4,4.6,32.0,14.0,100.0,100.0,120.0,39.0,16.0,16.0,17.0,6.0,14.0,10.0,2.0,4.0,1.0,,,,,0.33,0.22,0.55,1.31,0.0,0.3,1.56,0.95,4.12,29,9.0,90.0,1.0,0.0,0.0,2.0,0.0,0.0,0.0,0.0,0.0,0.0,1.0,2.0,27.0,18952.0,5104.0,0.0,0.28000000000000025,0.10999999999999943,0.3899999999999988,0.4400000000000013,40.599999999999966,22.100000000000023,39.0,10.200000000000017,3.0,1.0,5.0,9.0
382,Florian,Wirtz,Wirtz,d,Back injury - 25% chance of playing,,8.3,13,8.0,9.4,39,13.0,1.0,269.0,119.0,0,0,0.0,-2,2.0,82,6256,0.1,12.0,0.4,0.5,4.0,74.0,35.0,25.0,25.0,109.0,36.0,11.0,11.0,24.0,11.0,18.0,14.0,4.0,5.0,,,,,,0.27,0.2,0.47,1.16,0.0,0.39,1.12,1.02,6.47,29,0.0,0.0,0.0,0.0,0.0,0.0,0.0,0.0,0.0,0.0,0.0,0.0,0.0,0.0,0.0,221.0,99669.0,0.0,0.0,0.0,0.0,0.0,0.0,0.0,0.0,0.0,0.0,0.0,0.0,0.0
383,Luis,Díaz Marulanda,Luis Díaz,u,Has joined Bayern Munch permanently.,,8.0,16,11.0,0.0,604,231.0,0.0,816.0,367.0,0,0,0.0,0,0.0,0,0,0.0,0.0,0.0,0.0,0.0,819.0,367.0,0.0,0.0,819.0,367.0,819.0,367.0,819.0,367.0,819.0,367.0,,,,,,,,0.0,0.0,0.0,0.0,0.0,0.0,0.0,0.0,0.0,29,0.0,0.0,0.0,0.0,0.0,0.0,0.0,0.0,0.0,0.0,0.0,0.0,0.0,0.0,0.0,0.0,1.0,0.0,0.0,0.0,0.0,0.0,0.0,0.0,0.0,0.0,0.0,0.0,0.0,0.0
384,Cody,Gakpo,Gakpo,a,,,7.3,27,17.0,6.0,62,21.0,3.4,80.0,36.0,3,0,0.0,-2,2.0,716,792,0.5,13.8,3.9,4.4,3.7,106.0,50.0,100.0,100.0,101.0,32.0,17.0,17.0,18.0,7.0,17.0,13.0,3.0,,3.0,,,,,0.28,0.19,0.47,0.99,0.0,0.37,1.23,1.05,5.34,29,3.0,64.0,0.0,0.0,1.0,0.0,0.0,0.0,0.0,0.0,0.0,0.0,1.0,0.0,6.0,36738.0,4559.0,0.0,0.6100000000000003,0.04999999999999982,0.6600000000000001,0.0,2.6000000000000227,4.300000000000068,33.0,4.0,1.0,0.0,3.0,4.0
385,Federico,Chiesa,Chiesa,a,,,6.3,67,45.0,0.3,331,111.0,0.8,294.0,133.0,1,0,0.0,-2,2.0,8,20,0.1,5.2,1.3,1.8,1.6,400.0,175.0,100.0,100.0,335.0,150.0,365.0,188.0,200.0,112.0,339.0,164.0,,,,,,,,0.44,0.17,0.61,1.77,0.0,0.0,2.4,0.34,9.24,29,1.0,11.0,0.0,0.0,0.0,1.0,0.0,0.0,0.0,0.0,0.0,0.0,0.0,0.0,4.0,64.0,88.0,0.0,0.1100000000000001,0.010000000000000009,0.1200000000000001,0.1299999999999999,1.0,1.5,11.0,1.4000000000000021,0.0,0.0,0.0,0.0
386,Alexis,Mac Allister,Mac Allister,a,,,6.2,73,48.0,2.1,133,44.0,5.8,6.0,3.0,2,0,0.0,-3,3.0,1386,498,0.9,12.3,6.3,6.8,2.7,243.0,102.0,100.0,100.0,139.0,46.0,58.0,49.0,89.0,56.0,79.0,49.0,,,4.0,,,,,0.14,0.06,0.2,1.11,0.0,0.32,1.26,1.08,7.76,29,2.0,90.0,0.0,0.0,0.0,2.0,0.0,0.0,0.0,0.0,0.0,0.0,1.0,0.0,11.0,36850.0,1965.0,0.0,0.08999999999999986,0.050000000000000044,0.14000000000000057,0.4400000000000013,14.599999999999966,25.5,10.0,5.0,4.0,3.0,1.0,8.0
387,Dominik,Szoboszlai,Szoboszlai,a,,,6.9,39,23.0,11.3,29,10.0,4.0,48.0,24.0,5,0,0.0,4,-4.0,4981,1404,0.6,15.8,4.5,5.0,4.0,72.0,33.0,100.0,100.0,29.0,6.0,2.0,2.0,80.0,49.0,7.0,5.0,1.0,2.0,2.0,,,,,0.13,0.17,0.3,1.19,0.0,0.3,1.41,1.0,9.33,29,5.0,90.0,0.0,0.0,0.0,2.0,0.0,0.0,0.0,0.0,0.0,0.0,1.0,1.0,25.0,128891.0,11351.0,0.0,0.08000000000000007,0.16999999999999993,0.2500000000000009,0.4400000000000013,25.200000000000045,55.60000000000002,16.0,9.699999999999989,3.0,2.0,8.0,13.0
388,Curtis,Jones,C.Jones,a,,,5.4,164,102.0,0.1,459,156.0,1.2,242.0,102.0,1,0,0.0,-1,1.0,11,20,0.2,8.7,1.7,2.2,1.9,356.0,153.0,100.0,100.0,237.0,104.0,76.0,57.0,170.0,94.0,154.0,82.0,,,,,,,,0.1,0.17,0.27,1.4,0.0,0.22,1.68,0.8,9.92,29,1.0,45.0,0.0,0.0,0.0,2.0,0.0,0.0,0.0,0.0,0.0,0.0,0.0,0.0,6.0,65.0,283.0,0.0,0.040000000000000036,0.020000000000000018,0.06000000000000005,0.4400000000000013,8.0,15.300000000000011,10.0,3.3000000000000114,2.0,1.0,4.0,7.0
390,Ryan,Gravenberch,Gravenberch,a,,,5.5,146,91.0,5.4,67,23.0,3.6,65.0,29.0,0,0,0.0,0,0.0,1016,2669,0.7,21.6,4.1,4.6,4.4,40.0,19.0,100.0,100.0,47.0,12.0,45.0,40.0,182.0,100.0,59.0,38.0,,,,,,,,0.05,0.07,0.12,1.09,0.0,0.35,1.19,1.04,9.47,29,0.0,45.0,0.0,0.0,0.0,0.0,0.0,0.0,0.0,1.0,0.0,0.0,1.0,0.0,537.0,27812.0,9627.0,0.0,0.0,0.010000000000000009,0.010000000000000231,0.0,0.0,3.599999999999966,0.0,0.0,0.0,0.0,1.0,1.0
392,Endo,Wataru,Endo,i,Foot injury - Unknown return date,,4.9,294,184.0,0.1,506,182.0,0.6,307.0,140.0,0,0,0.0,-1,1.0,0,5,0.1,2.4,0.0,0.0,1.5,413.0,183.0,0.0,0.0,405.0,179.0,397.0,197.0,425.0,206.0,427.0,193.0,,,,,,,,0.02,0.03,0.05,2.18,0.0,0.53,2.65,0.53,12.18,29,0.0,0.0,0.0,0.0,0.0,0.0,0.0,0.0,0.0,0.0,0.0,0.0,0.0,0.0,0.0,0.0,22.0,0.0,0.0,0.0,0.0,0.0,0.0,0.0,0.0,0.0,0.0,0.0,0.0,0.0
393,Stefan,Bajčetić Maquieira,Bajcetic,i,Hamstring injury - Unknown return date,,4.2,642,367.0,0.0,634,249.0,0.0,529.0,176.0,0,-1,1.0,-3,3.0,7,1,0.0,0.0,0.0,0.0,0.0,641.0,242.0,0.0,0.0,632.0,232.0,626.0,237.0,601.0,225.0,634.0,234.0,,,,,,,,0.0,0.0,0.0,0.0,0.0,0.0,0.0,0.0,0.0,29,0.0,0.0,0.0,0.0,0.0,0.0,0.0,0.0,0.0,0.0,0.0,0.0,0.0,0.0,0.0,12.0,24.0,0.0,0.0,0.0,0.0,0.0,0.0,0.0,0.0,0.0,0.0,0.0,0.0,0.0
394,James,McConnell,McConnell,u,has joined Ajax on loan for the rest of the season.,,4.4,548,326.0,0.0,679,275.0,0.0,582.0,201.0,0,0,0.0,-1,1.0,0,0,0.0,0.0,0.0,0.0,0.0,673.0,260.0,0.0,0.0,664.0,251.0,660.0,256.0,638.0,245.0,666.0,253.0,,,,,,,,0.0,0.0,0.0,0.0,0.0,0.0,0.0,0.0,0.0,29,0.0,0.0,0.0,0.0,0.0,0.0,0.0,0.0,0.0,0.0,0.0,0.0,0.0,0.0,0.0,0.0,1.0,0.0,0.0,0.0,0.0,0.0,0.0,0.0,0.0,0.0,0.0,0.0,0.0,0.0
395,Tyler,Morton,Morton,u,Has joined Lyon permanently.,,4.5,430,257.0,0.0,805,358.0,0.0,619.0,223.0,0,0,0.0,0,0.0,0,0,0.0,0.0,0.0,0.0,0.0,700.0,276.0,0.0,0.0,694.0,270.0,690.0,273.0,673.0,266.0,696.0,272.0,,,,,,,,0.0,0.0,0.0,0.0,0.0,0.0,0.0,0.0,0.0,29,0.0,0.0,0.0,0.0,0.0,0.0,0.0,0.0,0.0,0.0,0.0,0.0,0.0,0.0,0.0,0.0,0.0,0.0,0.0,0.0,0.0,0.0,0.0,0.0,0.0,0.0,0.0,0.0,0.0,0.0
396,Trey,Nyoni,Nyoni,a,,,4.3,614,359.0,0.3,310,105.0,0.2,358.0,161.0,0,0,0.0,-2,2.0,6,25,0.0,0.7,0.7,1.2,1.0,466.0,203.0,,,487.0,224.0,418.0,206.0,431.0,211.0,473.0,215.0,,,,,,,,5.55,0.0,5.55,0.0,0.0,0.0,0.0,0.0,30.0,29,0.0,0.0,0.0,0.0,0.0,0.0,0.0,0.0,0.0,0.0,0.0,0.0,0.0,0.0,0.0,86.0,350.0,0.0,0.0,0.0,0.0,0.0,0.0,0.0,0.0,0.0,0.0,0.0,0.0,0.0
397,Darwin,Núñez Ribeiro,Darwin,u,Has joined Al-Hilal permanently.,,6.5,51,18.0,0.1,552,77.0,0.0,808.0,88.0,0,0,0.0,0,0.0,0,1,0.0,0.0,0.0,0.0,0.0,815.0,91.0,0.0,0.0,815.0,91.0,815.0,91.0,815.0,91.0,815.0,91.0,,,,,,,,0.0,0.0,0.0,0.0,0.0,0.0,0.0,0.0,0.0,29,0.0,0.0,0.0,0.0,0.0,0.0,0.0,0.0,0.0,0.0,0.0,0.0,0.0,0.0,0.0,0.0,3.0,0.0,0.0,0.0,0.0,0.0,0.0,0.0,0.0,0.0,0.0,0.0,0.0,0.0
398,Jayden,Danns,Danns,i,Hamstring injury - Unknown return date,,4.3,602,85.0,0.1,473,68.0,0.0,552.0,55.0,0,0,0.0,-2,2.0,3,8,0.0,0.0,0.0,0.0,0.0,652.0,66.0,0.0,0.0,642.0,66.0,637.0,65.0,614.0,65.0,644.0,66.0,,,,,,,,0.0,0.0,0.0,0.0,0.0,0.0,0.0,0.0,0.0,29,0.0,0.0,0.0,0.0,0.0,0.0,0.0,0.0,0.0,0.0,0.0,0.0,0.0,0.0,0.0,12.0,50.0,0.0,0.0,0.0,0.0,0.0,0.0,0.0,0.0,0.0,0.0,0.0,0.0,0.0
499,Alexander,Isak,Isak,i,Ankle injury - Expected back 11 Apr,,10.3,4,2.0,3.5,94,17.0,0.0,818.0,92.0,0,0,0.0,-2,2.0,6,103,0.0,2.8,0.0,0.0,2.9,209.0,20.0,0.0,0.0,359.0,37.0,363.0,46.0,194.0,41.0,346.0,41.0,,,,,,,,0.37,0.01,0.38,0.92,0.0,0.18,1.26,1.08,4.13,29,0.0,0.0,0.0,0.0,0.0,0.0,0.0,0.0,0.0,0.0,0.0,0.0,0.0,0.0,0.0,41.0,364.0,0.0,0.0,0.0,0.0,0.0,0.0,0.0,0.0,0.0,0.0,0.0,0.0,0.0
661,Hugo,Ekitiké,Ekitiké,a,,,9.1,7,3.0,34.0,9,4.0,4.6,29.0,4.0,2,0,0.0,6,-6.0,8229,3149,0.5,13.5,5.1,5.6,4.7,25.0,5.0,100.0,100.0,62.0,5.0,96.0,4.0,5.0,4.0,24.0,5.0,,,,,,,,0.49,0.12,0.61,1.3,0.0,0.36,1.22,1.02,4.18,29,2.0,90.0,0.0,0.0,0.0,2.0,0.0,0.0,0.0,0.0,0.0,0.0,1.0,0.0,7.0,378253.0,6527.0,0.0,0.040000000000000924,0.3900000000000001,0.4299999999999997,0.4400000000000013,4.199999999999932,25.600000000000023,21.0,5.099999999999994,1.0,1.0,4.0,6.0
686,Rio,Ngumoha,Ngumoha,a,,,4.3,619,363.0,0.8,206,73.0,0.6,302.0,137.0,1,0,0.0,-2,2.0,194,185,0.1,3.7,1.1,1.6,1.5,405.0,177.0,,,380.0,168.0,241.0,150.0,270.0,147.0,344.0,166.0,,,,,,,,0.4,0.74,1.14,2.58,0.0,0.0,3.52,0.0,5.62,29,1.0,25.0,0.0,0.0,0.0,2.0,0.0,0.0,0.0,0.0,0.0,0.0,0.0,0.0,12.0,1746.0,2308.0,0.0,0.07999999999999996,0.28,0.3600000000000001,0.43999999999999995,11.0,26.10000000000001,21.0,5.800000000000001,0.0,0.0,2.0,2.0
692,Giovanni,Leoni,Leoni,i,Knee injury - Expected back 01 Sep,,4.9,349,57.0,0.0,715,249.0,0.0,740.0,254.0,0,0,0.0,-1,1.0,1,0,0.0,0.0,0.0,0.0,0.0,783.0,262.0,0.0,0.0,782.0,262.0,778.0,262.0,774.0,262.0,782.0,262.0,,,,,,,,0.0,0.0,0.0,0.0,0.0,0.0,0.0,0.0,0.0,29,0.0,0.0,0.0,0.0,0.0,0.0,0.0,0.0,0.0,0.0,0.0,0.0,0.0,0.0,0.0,5.0,5.0,0.0,0.0,0.0,0.0,0.0,0.0,0.0,0.0,0.0,0.0,0.0,0.0,0.0
746,Kieran,Morrison,Morrison,a,,,4.5,488,300.0,0.0,744,315.0,0.0,666.0,263.0,0,0,0.0,0,0.0,2,0,0.0,0.0,0.5,1.0,0.0,739.0,309.0,,,737.0,307.0,731.0,307.0,718.0,303.0,737.0,307.0,,,,,,,,0.0,0.0,0.0,0.0,0.0,0.0,0.0,0.0,0.0,29,0.0,0.0,0.0,0.0,0.0,0.0,0.0,0.0,0.0,0.0,0.0,0.0,0.0,0.0,0.0,6.0,8.0,0.0,0.0,0.0,0.0,0.0,0.0,0.0,0.0,0.0,0.0,0.0,0.0,0.0
760,Wellity,Lucky,Lucky,a,,,4.0,709,186.0,0.0,695,241.0,0.0,488.0,191.0,0,0,0.0,0,0.0,2,3,0.0,0.0,0.5,1.0,0.0,612.0,227.0,,,602.0,227.0,594.0,227.0,565.0,223.0,604.0,227.0,,,,,,,,0.0,0.0,0.0,0.0,0.0,0.0,0.0,0.0,0.0,29,0.0,0.0,0.0,0.0,0.0,0.0,0.0,0.0,0.0,0.0,0.0,0.0,0.0,0.0,0.0,14.0,18.0,0.0,0.0,0.0,0.0,0.0,0.0,0.0,0.0,0.0,0.0,0.0,0.0,0.0
82,Antoine,Semenyo,Semenyo,a,,,8.2,14,9.0,56.4,2,1.0,5.6,9.0,5.0,0,0,0.0,12,-12.0,6912,625,0.7,20.1,6.1,6.1,6.1,5.0,2.0,100.0,100.0,7.0,2.0,33.0,31.0,3.0,1.0,3.0,2.0,,,,,,,,0.36,0.08,0.44,1.45,0.0,0.3,1.63,1.0,7.35,29,0.0,0.0,0.0,0.0,0.0,0.0,0.0,0.0,0.0,0.0,0.0,0.0,0.0,0.0,0.0,172664.0,4477.0,0.0,0.0,0.0,0.0,0.0,0.0,0.0,0.0,0.0,0.0,0.0,0.0,0.0
182,James,Trafford,Trafford,a,,,4.5,428,23.0,0.9,200,24.0,0.0,617.0,90.0,0,0,0.0,-5,5.0,4,24,0.0,2.4,0.5,0.5,3.7,97.0,10.0,,,354.0,26.0,688.0,86.0,671.0,76.0,414.0,27.0,,,,,,,,0.0,0.0,0.0,1.32,3.67,0.33,1.33,1.0,0.0,29,0.0,0.0,0.0,0.0,0.0,0.0,0.0,0.0,0.0,0.0,0.0,0.0,0.0,0.0,0.0,25.0,101.0,0.0,0.0,0.0,0.0,0.0,0.0,0.0,0.0,0.0,0.0,0.0,0.0,0.0
260,Marc,Guéhi,Guéhi,a,,,5.2,208,28.0,37.5,6,2.0,3.6,63.0,21.0,0,0,0.0,7,-7.0,3062,1523,0.7,25.4,4.1,4.1,5.1,12.0,3.0,100.0,100.0,19.0,7.0,169.0,40.0,72.0,5.0,52.0,7.0,,,,,,,,0.11,0.08,0.19,1.31,0.0,0.38,1.04,1.0,8.27,29,0.0,0.0,0.0,0.0,0.0,0.0,0.0,0.0,0.0,0.0,0.0,0.0,0.0,0.0,0.0,55668.0,13390.0,0.0,0.0,0.0,0.0,0.0,0.0,0.0,0.0,0.0,0.0,0.0,0.0,0.0
399,Ederson,Santana de Moraes,Ederson M.,u,has joined Fenerbache permanently.,,5.3,184,5.0,0.8,204,26.0,0.0,770.0,94.0,0,0,0.0,-2,2.0,0,7,0.0,0.0,0.0,0.0,0.0,797.0,94.0,0.0,0.0,796.0,94.0,795.0,93.0,792.0,91.0,796.0,94.0,,,,,,,,0.0,0.0,0.0,0.0,0.0,0.0,0.0,0.0,0.0,29,0.0,0.0,0.0,0.0,0.0,0.0,0.0,0.0,0.0,0.0,0.0,0.0,0.0,0.0,0.0,0.0,41.0,0.0,0.0,0.0,0.0,0.0,0.0,0.0,0.0,0.0,0.0,0.0,0.0,0.0
401,Marcus,Bettinelli,Bettinelli,a,,,3.8,788,93.0,0.4,277,35.0,0.0,386.0,24.0,0,0,0.0,-2,2.0,124,115,0.0,0.0,0.5,0.5,0.0,522.0,35.0,100.0,100.0,512.0,35.0,495.0,17.0,464.0,4.0,514.0,35.0,,,,,,,,0.0,0.0,0.0,0.0,0.0,0.0,0.0,0.0,0.0,29,0.0,0.0,0.0,0.0,0.0,0.0,0.0,0.0,0.0,0.0,0.0,0.0,0.0,0.0,0.0,1362.0,1148.0,0.0,0.0,0.0,0.0,0.0,0.0,0.0,0.0,0.0,0.0,0.0,0.0,0.0
402,Rayan,Aït-Nouri,Aït-Nouri,a,,,5.7,117,11.0,4.4,83,27.0,4.8,22.0,8.0,0,0,0.0,-3,3.0,1151,138,0.8,6.8,5.3,5.3,3.5,126.0,45.0,100.0,100.0,329.0,127.0,279.0,87.0,329.0,108.0,349.0,118.0,,,,,,,,0.05,0.17,0.22,1.18,0.0,0.42,0.7,1.12,7.14,29,0.0,0.0,0.0,0.0,0.0,0.0,0.0,0.0,0.0,0.0,0.0,0.0,0.0,0.0,0.0,25076.0,1081.0,0.0,0.0,0.0,0.0,0.0,0.0,0.0,0.0,0.0,0.0,0.0,0.0,0.0
403,Joško,Gvardiol,Gvardiol,i,Leg injury - Unknown return date,,5.9,102,7.0,3.3,103,38.0,0.0,799.0,264.0,0,0,0.0,-1,1.0,6,212,0.0,13.1,0.0,0.0,4.8,19.0,5.0,0.0,0.0,144.0,62.0,252.0,73.0,137.0,27.0,189.0,61.0,,,,,,,,0.15,0.04,0.19,1.06,0.0,0.42,0.9,1.04,6.85,29,0.0,0.0,0.0,0.0,0.0,0.0,0.0,0.0,0.0,0.0,0.0,0.0,0.0,0.0,0.0,25.0,1310.0,0.0,0.0,0.0,0.0,0.0,0.0,0.0,0.0,0.0,0.0,0.0,0.0,0.0
404,Manuel,Akanji,Akanji,u,has joined Inter Milan on loan for the rest of the season.,,5.4,165,19.0,0.3,338,123.0,0.0,779.0,262.0,0,0,0.0,-1,1.0,0,4,0.0,0.0,0.0,0.0,0.0,800.0,265.0,0.0,0.0,799.0,265.0,798.0,265.0,796.0,265.0,799.0,265.0,,,,,,,,0.0,0.0,0.0,0.0,0.0,0.0,0.0,0.0,0.0,29,0.0,0.0,0.0,0.0,0.0,0.0,0.0,0.0,0.0,0.0,0.0,0.0,0.0,0.0,0.0,0.0,11.0,0.0,0.0,0.0,0.0,0.0,0.0,0.0,0.0,0.0,0.0,0.0,0.0,0.0
405,Nathan,Aké,Aké,a,,,5.2,205,27.0,0.6,236,90.0,0.4,337.0,119.0,0,0,0.0,-3,3.0,21,24,0.1,5.2,0.9,0.9,1.9,351.0,133.0,,,349.0,132.0,271.0,82.0,367.0,125.0,359.0,124.0,,,,,,,,0.05,0.08,0.13,1.46,0.0,0.37,1.29,0.74,7.02,29,0.0,0.0,0.0,0.0,0.0,0.0,0.0,0.0,0.0,0.0,0.0,0.0,0.0,0.0,0.0,85.0,188.0,0.0,0.0,0.0,0.0,0.0,0.0,0.0,0.0,0.0,0.0,0.0,0.0,0.0
406,Abdukodir,Khusanov,Khusanov,a,,,5.4,183,22.0,0.4,292,109.0,1.6,208.0,82.0,0,0,0.0,-1,1.0,37,48,0.3,5.9,2.1,2.1,2.5,277.0,107.0,100.0,100.0,302.0,115.0,368.0,130.0,438.0,162.0,372.0,130.0,,,,,,,,0.03,0.01,0.04,1.31,0.0,0.34,0.8,0.92,8.38,29,0.0,0.0,0.0,0.0,0.0,0.0,0.0,0.0,0.0,0.0,0.0,0.0,0.0,0.0,0.0,186.0,434.0,0.0,0.0,0.0,0.0,0.0,0.0,0.0,0.0,0.0,0.0,0.0,0.0,0.0
407,Matheus,Nunes,Matheus N.,a,,,5.4,172,21.0,3.5,93,33.0,3.8,53.0,16.0,0,0,0.0,-1,1.0,883,350,0.7,23.1,4.3,4.3,5.0,14.0,4.0,100.0,100.0,56.0,26.0,63.0,12.0,305.0,90.0,87.0,21.0,,,4.0,,,,,0.01,0.07,0.08,1.06,0.0,0.39,0.86,0.99,6.69,29,0.0,0.0,0.0,0.0,0.0,0.0,0.0,0.0,0.0,0.0,0.0,0.0,0.0,0.0,0.0,24553.0,3087.0,0.0,0.0,0.0,0.0,0.0,0.0,0.0,0.0,0.0,0.0,0.0,0.0,0.0
408,Rúben,dos Santos Gato Alves Dias,Rúben,a,,,5.5,138,16.0,3.4,99,36.0,3.2,94.0,36.0,0,0,0.0,0,0.0,271,120,0.6,20.2,3.7,3.7,4.6,29.0,12.0,100.0,100.0,59.0,28.0,227.0,59.0,248.0,66.0,145.0,48.0,,,,,,,,0.03,0.02,0.05,1.07,0.0,0.55,0.83,1.01,7.35,29,0.0,0.0,0.0,0.0,0.0,0.0,0.0,0.0,0.0,0.0,0.0,0.0,0.0,0.0,0.0,3668.0,766.0,0.0,0.0,0.0,0.0,0.0,0.0,0.0,0.0,0.0,0.0,0.0,0.0,0.0
409,John,Stones,Stones,a,,,5.4,155,18.0,0.6,245,92.0,0.0,773.0,261.0,0,0,0.0,-1,1.0,17,10,0.0,2.2,0.5,0.5,1.7,386.0,144.0,100.0,100.0,383.0,146.0,394.0,143.0,457.0,170.0,415.0,149.0,,,,,,,,0.0,0.02,0.02,1.29,0.0,0.26,2.05,1.03,4.87,29,0.0,0.0,0.0,0.0,0.0,0.0,0.0,0.0,0.0,0.0,0.0,0.0,0.0,0.0,0.0,68.0,47.0,0.0,0.0,0.0,0.0,0.0,0.0,0.0,0.0,0.0,0.0,0.0,0.0,0.0
410,Rico,Lewis,Lewis,a,,,4.6,400,69.0,1.2,175,66.0,0.0,689.0,245.0,0,0,0.0,-4,4.0,34,58,0.0,4.1,0.5,0.5,1.9,346.0,130.0,100.0,100.0,391.0,149.0,262.0,78.0,333.0,109.0,366.0,127.0,,,,,,,,0.03,0.38,0.41,1.46,0.0,0.29,1.45,0.87,5.5,29,0.0,0.0,0.0,0.0,0.0,0.0,0.0,0.0,0.0,0.0,0.0,0.0,0.0,0.0,0.0,247.0,327.0,0.0,0.0,0.0,0.0,0.0,0.0,0.0,0.0,0.0,0.0,0.0,0.0,0.0
411,Nico,O'Reilly,O'Reilly,d,Ankle injury - 75% chance of playing,,5.1,238,35.0,9.7,34,12.0,7.6,1.0,1.0,0,0,0.0,1,-1.0,1727,1932,1.5,24.1,6.1,6.1,4.6,28.0,11.0,75.0,75.0,65.0,29.0,79.0,18.0,64.0,4.0,51.0,6.0,,,,,,,,0.15,0.07,0.22,1.19,0.0,0.49,0.84,0.97,6.13,29,0.0,0.0,0.0,0.0,0.0,0.0,0.0,0.0,0.0,0.0,0.0,0.0,0.0,0.0,0.0,19946.0,41749.0,0.0,0.0,0.0,0.0,0.0,0.0,0.0,0.0,0.0,0.0,0.0,0.0,0.0
412,Vitor,de Oliveira Nunes dos Reis,Vitor Reis,u,Has joined Girona on loan for the rest of the season.,,5.0,283,42.0,0.0,779,261.0,0.0,756.0,256.0,0,0,0.0,0,0.0,0,0,0.0,0.0,0.0,0.0,0.0,796.0,264.0,0.0,0.0,795.0,264.0,793.0,264.0,789.0,264.0,795.0,264.0,,,,,,,,0.0,0.0,0.0,0.0,0.0,0.0,0.0,0.0,0.0,29,0.0,0.0,0.0,0.0,0.0,0.0,0.0,0.0,0.0,0.0,0.0,0.0,0.0,0.0,0.0,0.0,0.0,0.0,0.0,0.0,0.0,0.0,0.0,0.0,0.0,0.0,0.0,0.0,0.0,0.0
413,Omar,Marmoush,Marmoush,a,,,8.3,12,7.0,2.6,114,37.0,2.0,178.0,77.0,0,0,0.0,-2,2.0,348,175,0.2,4.5,2.5,2.5,2.3,302.0,132.0,100.0,100.0,334.0,149.0,210.0,137.0,110.0,66.0,258.0,132.0,,4.0,2.0,,,,,0.38,0.12,0.5,1.07,0.0,0.53,0.71,1.07,5.33,29,0.0,0.0,0.0,0.0,0.0,0.0,0.0,0.0,0.0,0.0,0.0,0.0,0.0,0.0,0.0,8373.0,1489.0,0.0,0.0,0.0,0.0,0.0,0.0,0.0,0.0,0.0,0.0,0.0,0.0,0.0
414,Phil,Foden,Foden,a,,,8.1,15,10.0,8.7,41,14.0,1.2,249.0,108.0,0,0,0.0,1,-1.0,185,1516,0.1,13.5,1.7,1.7,4.5,37.0,17.0,100.0,100.0,72.0,21.0,6.0,6.0,38.0,22.0,16.0,12.0,2.0,3.0,,,,,,0.28,0.19,0.47,1.1,0.0,0.52,0.73,1.05,6.66,29,0.0,0.0,0.0,0.0,0.0,0.0,0.0,0.0,0.0,0.0,0.0,0.0,0.0,0.0,0.0,2675.0,17023.0,0.0,0.0,0.0,0.0,0.0,0.0,0.0,0.0,0.0,0.0,0.0,0.0,0.0
415,Sávio,Moreira de Oliveira,Savinho,a,,,6.9,40,24.0,0.4,280,99.0,0.0,811.0,364.0,0,0,0.0,-1,1.0,22,6,0.0,3.8,0.5,0.5,1.6,401.0,176.0,100.0,100.0,385.0,171.0,209.0,136.0,112.0,67.0,273.0,137.0,,,,,,,,0.21,0.19,0.4,1.06,0.0,0.33,0.81,0.81,7.49,29,0.0,0.0,0.0,0.0,0.0,0.0,0.0,0.0,0.0,0.0,0.0,0.0,0.0,0.0,0.0,126.0,60.0,0.0,0.0,0.0,0.0,0.0,0.0,0.0,0.0,0.0,0.0,0.0,0.0,0.0
416,Bernardo,Mota Veiga de Carvalho e Silva,Bernardo,a,,,6.2,72,47.0,0.6,242,84.0,2.2,159.0,67.0,0,0,0.0,-3,3.0,53,74,0.4,11.3,2.7,2.7,2.5,281.0,121.0,100.0,100.0,153.0,55.0,26.0,25.0,195.0,108.0,84.0,51.0,1.0,,,,,,,0.05,0.12,0.17,1.15,0.0,0.39,0.91,1.04,8.06,29,0.0,0.0,0.0,0.0,0.0,0.0,0.0,0.0,0.0,0.0,0.0,0.0,0.0,0.0,0.0,883.0,838.0,0.0,0.0,0.0,0.0,0.0,0.0,0.0,0.0,0.0,0.0,0.0,0.0,0.0
417,Rayan,Cherki,Cherki,a,,,6.4,60,39.0,7.7,53,19.0,1.2,246.0,105.0,0,0,0.0,-1,1.0,787,1644,0.2,14.7,1.7,1.7,4.1,55.0,26.0,100.0,100.0,118.0,38.0,15.0,15.0,65.0,38.0,32.0,24.0,3.0,2.0,,,,,,0.17,0.46,0.63,1.22,0.0,0.46,0.83,0.99,8.42,29,0.0,0.0,0.0,0.0,0.0,0.0,0.0,0.0,0.0,0.0,0.0,0.0,0.0,0.0,0.0,12455.0,23238.0,0.0,0.0,0.0,0.0,0.0,0.0,0.0,0.0,0.0,0.0,0.0,0.0,0.0
418,Jérémy,Doku,Doku,a,,,6.4,57,36.0,2.3,125,42.0,0.0,805.0,360.0,0,0,0.0,-1,1.0,106,105,0.0,11.2,0.5,0.5,3.6,117.0,53.0,100.0,100.0,187.0,76.0,20.0,20.0,52.0,31.0,41.0,30.0,,,3.0,,,,,0.14,0.32,0.46,1.19,0.0,0.38,0.99,0.99,6.03,29,0.0,0.0,0.0,0.0,0.0,0.0,0.0,0.0,0.0,0.0,0.0,0.0,0.0,0.0,0.0,776.0,681.0,0.0,0.0,0.0,0.0,0.0,0.0,0.0,0.0,0.0,0.0,0.0,0.0,0.0
420,İlkay,Gündoğan,Gündoğan,u,has joined Galatasaray permanently.,,6.3,63,42.0,0.1,554,201.0,0.0,802.0,358.0,0,0,0.0,-2,2.0,0,1,0.0,0.0,0.0,0.0,0.0,812.0,363.0,0.0,0.0,812.0,363.0,812.0,363.0,812.0,363.0,812.0,363.0,,,,,,,,0.0,0.0,0.0,0.0,0.0,0.0,0.0,0.0,0.0,29,0.0,0.0,0.0,0.0,0.0,0.0,0.0,0.0,0.0,0.0,0.0,0.0,0.0,0.0,0.0,0.0,2.0,0.0,0.0,0.0,0.0,0.0,0.0,0.0,0.0,0.0,0.0,0.0,0.0,0.0
421,Rodrigo 'Rodri',Hernandez Cascante,Rodrigo,a,,,6.3,66,44.0,0.5,262,91.0,3.2,96.0,39.0,0,0,0.0,-2,2.0,56,47,0.5,7.0,3.7,3.7,2.8,227.0,95.0,100.0,100.0,231.0,100.0,95.0,70.0,321.0,168.0,210.0,104.0,,,,,,,,0.03,0.12,0.15,1.24,0.0,0.34,0.85,1.02,12.7,29,0.0,0.0,0.0,0.0,0.0,0.0,0.0,0.0,0.0,0.0,0.0,0.0,0.0,0.0,0.0,598.0,390.0,0.0,0.0,0.0,0.0,0.0,0.0,0.0,0.0,0.0,0.0,0.0,0.0,0.0
422,Mateo,Kovačić,Kovačić,i,Ankle injury - Unknown return date,,5.8,104,67.0,0.0,685,280.0,0.0,792.0,350.0,0,0,0.0,-2,2.0,2,1,0.0,0.2,0.0,0.0,1.0,504.0,236.0,0.0,0.0,485.0,223.0,469.0,227.0,807.0,359.0,500.0,231.0,,,,,,,,0.0,0.0,0.0,0.0,0.0,0.0,0.0,0.0,0.0,29,0.0,0.0,0.0,0.0,0.0,0.0,0.0,0.0,0.0,0.0,0.0,0.0,0.0,0.0,0.0,2.0,6.0,0.0,0.0,0.0,0.0,0.0,0.0,0.0,0.0,0.0,0.0,0.0,0.0,0.0
423,Nico,González Iglesias,N.Gonzalez,a,,,5.9,99,64.0,0.1,472,163.0,0.0,797.0,355.0,0,0,0.0,-1,1.0,6,8,0.0,9.3,0.5,0.5,2.6,260.0,111.0,100.0,100.0,202.0,83.0,177.0,120.0,297.0,160.0,233.0,116.0,,,,,,,,0.04,0.07,0.11,1.1,0.0,0.46,0.92,0.99,11.96,29,0.0,0.0,0.0,0.0,0.0,0.0,0.0,0.0,0.0,0.0,0.0,0.0,0.0,0.0,0.0,46.0,53.0,0.0,0.0,0.0,0.0,0.0,0.0,0.0,0.0,0.0,0.0,0.0,0.0,0.0
425,Claudio,Echeverri,Echeverri,u,has joined Girona on loan for the rest of the season.,,5.4,182,113.0,0.0,740,313.0,0.0,787.0,347.0,0,0,0.0,-1,1.0,0,0,0.0,0.0,0.0,0.0,0.0,806.0,358.0,0.0,0.0,805.0,357.0,804.0,357.0,802.0,356.0,805.0,357.0,,,,,,,,0.0,0.0,0.0,0.0,0.0,0.0,0.0,0.0,0.0,29,0.0,0.0,0.0,0.0,0.0,0.0,0.0,0.0,0.0,0.0,0.0,0.0,0.0,0.0,0.0,0.0,0.0,0.0,0.0,0.0,0.0,0.0,0.0,0.0,0.0,0.0,0.0,0.0,0.0,0.0
427,Tijjani,Reijnders,Reijnders,a,,,5.0,259,158.0,9.7,33,11.0,0.4,335.0,151.0,0,0,0.0,-5,5.0,110,757,0.1,17.0,0.9,0.9,3.4,135.0,61.0,,,163.0,60.0,82.0,61.0,48.0,30.0,78.0,48.0,4.0,,,,,,,0.24,0.13,0.37,1.06,0.0,0.43,0.98,1.04,5.56,29,0.0,0.0,0.0,0.0,0.0,0.0,0.0,0.0,0.0,0.0,0.0,0.0,0.0,0.0,0.0,1042.0,10155.0,0.0,0.0,0.0,0.0,0.0,0.0,0.0,0.0,0.0,0.0,0.0,0.0,0.0
428,Sverre,Nypan,Nypan,a,,,5.0,279,173.0,0.0,719,298.0,0.0,753.0,324.0,0,0,0.0,0,0.0,1,0,0.0,0.0,0.5,0.5,0.0,793.0,349.0,100.0,100.0,792.0,348.0,790.0,348.0,786.0,346.0,792.0,348.0,,,,,,,,0.0,0.0,0.0,0.0,0.0,0.0,0.0,0.0,0.0,29,0.0,0.0,0.0,0.0,0.0,0.0,0.0,0.0,0.0,0.0,0.0,0.0,0.0,0.0,0.0,5.0,2.0,0.0,0.0,0.0,0.0,0.0,0.0,0.0,0.0,0.0,0.0,0.0,0.0,0.0
429,Kalvin,Phillips,Phillips,u,has joined Sheffield United on loan for the rest of the season.,,4.7,378,237.0,0.1,557,204.0,0.0,691.0,282.0,0,0,0.0,-3,3.0,0,0,0.0,0.0,0.0,0.0,0.0,759.0,325.0,0.0,0.0,758.0,324.0,753.0,324.0,742.0,321.0,758.0,324.0,,,,,,,,0.0,0.0,0.0,0.0,0.0,0.0,0.0,0.0,0.0,29,0.0,0.0,0.0,0.0,0.0,0.0,0.0,0.0,0.0,0.0,0.0,0.0,0.0,0.0,0.0,0.0,3.0,0.0,0.0,0.0,0.0,0.0,0.0,0.0,0.0,0.0,0.0,0.0,0.0,0.0
430,Erling,Haaland,Haaland,d,Knock - 75% chance of playing,,14.7,1,1.0,62.1,1,1.0,4.4,38.0,5.0,0,0,0.0,7,-7.0,1690,10552,0.3,13.1,3.7,3.7,7.1,2.0,1.0,75.0,75.0,1.0,1.0,120.0,7.0,1.0,1.0,2.0,1.0,,,1.0,,,,,0.83,0.07,0.9,1.16,0.0,0.4,0.97,1.05,3.22,29,0.0,0.0,0.0,0.0,0.0,0.0,0.0,0.0,0.0,0.0,0.0,0.0,0.0,0.0,0.0,5109.0,330551.0,0.0,0.0,0.0,0.0,0.0,0.0,0.0,0.0,0.0,0.0,0.0,0.0,0.0
736,Gianluigi,Donnarumma,Donnarumma,a,,,5.6,127,3.0,9.6,35,7.0,4.0,47.0,5.0,0,0,0.0,1,-1.0,1673,585,0.7,18.0,4.5,4.5,4.0,66.0,5.0,,,63.0,13.0,808.0,94.0,806.0,93.0,237.0,14.0,,,,,,,,0.0,0.0,0.0,1.12,2.48,0.44,0.84,1.0,0.0,29,0.0,0.0,0.0,0.0,0.0,0.0,0.0,0.0,0.0,0.0,0.0,0.0,0.0,0.0,0.0,23414.0,5029.0,0.0,0.0,0.0,0.0,0.0,0.0,0.0,0.0,0.0,0.0,0.0,0.0,0.0
739,Divine,Mukasa,Mukasa,u,has joined Leicester City on loan for the rest of the season.,,4.4,568,340.0,0.0,684,279.0,0.0,599.0,213.0,0,0,0.0,-1,1.0,0,3,0.0,0.5,0.0,0.0,1.0,472.0,209.0,0.0,0.0,476.0,216.0,378.0,192.0,432.0,212.0,453.0,205.0,,,,,,,,0.0,0.76,0.76,1.22,0.0,0.0,0.0,0.0,3.6,29,0.0,0.0,0.0,0.0,0.0,0.0,0.0,0.0,0.0,0.0,0.0,0.0,0.0,0.0,0.0,0.0,14.0,0.0,0.0,0.0,0.0,0.0,0.0,0.0,0.0,0.0,0.0,0.0,0.0,0.0
740,Stephen,Mfuni,Mfuni,u,has joined Watford on loan for the rest of the season.,,3.9,779,228.0,0.0,618,220.0,0.0,440.0,167.0,0,0,0.0,-1,1.0,0,1,0.0,0.0,0.0,0.0,0.0,569.0,206.0,0.0,0.0,559.0,206.0,547.0,206.0,517.0,201.0,561.0,206.0,,,,,,,,0.0,0.0,0.0,0.0,0.0,0.0,0.0,0.0,0.0,29,0.0,0.0,0.0,0.0,0.0,0.0,0.0,0.0,0.0,0.0,0.0,0.0,0.0,0.0,0.0,0.0,10.0,0.0,0.0,0.0,0.0,0.0,0.0,0.0,0.0,0.0,0.0,0.0,0.0,0.0
742,Ryan,McAidoo,McAidoo,a,,,4.5,500,309.0,0.0,730,305.0,0.0,675.0,270.0,0,0,0.0,0,0.0,1,0,0.0,0.0,0.5,0.5,0.0,747.0,315.0,,,746.0,314.0,740.0,314.0,727.0,310.0,746.0,314.0,,,,,,,,0.0,0.0,0.0,0.0,0.0,0.0,0.0,0.0,0.0,29,0.0,0.0,0.0,0.0,0.0,0.0,0.0,0.0,0.0,0.0,0.0,0.0,0.0,0.0,0.0,7.0,5.0,0.0,0.0,0.0,0.0,0.0,0.0,0.0,0.0,0.0,0.0,0.0,0.0,0.0
763,Charlie,Gray,Gray,a,,,4.5,455,274.0,0.0,784,342.0,0.0,637.0,239.0,0,0,0.0,0,0.0,0,2,0.0,0.0,0.5,0.5,0.0,716.0,291.0,,,711.0,286.0,707.0,288.0,691.0,281.0,712.0,287.0,,,,,,,,0.0,0.0,0.0,0.0,0.0,0.0,0.0,0.0,0.0,29,0.0,0.0,0.0,0.0,0.0,0.0,0.0,0.0,0.0,0.0,0.0,0.0,0.0,0.0,0.0,6.0,6.0,0.0,0.0,0.0,0.0,0.0,0.0,0.0,0.0,0.0,0.0,0.0,0.0,0.0
764,Reigan,Heskey,Heskey,a,,,4.5,482,295.0,0.0,796,351.0,0.0,660.0,258.0,0,0,0.0,0,0.0,0,0,0.0,0.0,0.5,0.5,0.0,733.0,304.0,,,731.0,302.0,725.0,302.0,712.0,298.0,731.0,302.0,,,,,,,,0.0,0.0,0.0,0.0,0.0,0.0,0.0,0.0,0.0,29,0.0,0.0,0.0,0.0,0.0,0.0,0.0,0.0,0.0,0.0,0.0,0.0,0.0,0.0,0.0,2.0,3.0,0.0,0.0,0.0,0.0,0.0,0.0,0.0,0.0,0.0,0.0,0.0,0.0,0.0
794,Max,Alleyne,Alleyne,d,Knock - 75% chance of playing,,4.0,694,177.0,0.0,750,257.0,0.0,476.0,184.0,0,0,0.0,-5,5.0,1,5,0.0,1.2,0.4,0.4,2.5,265.0,103.0,75.0,75.0,424.0,158.0,403.0,147.0,363.0,123.0,432.0,156.0,,,,,,,,0.17,0.04,0.21,1.03,0.0,0.0,0.67,1.33,7.33,29,0.0,0.0,0.0,0.0,0.0,0.0,0.0,0.0,0.0,0.0,0.0,0.0,0.0,0.0,0.0,5.0,51.0,0.0,0.0,0.0,0.0,0.0,0.0,0.0,0.0,0.0,0.0,0.0,0.0,0.0
119,Bryan,Mbeumo,Mbeumo,a,,,8.7,9,5.0,23.8,15,5.0,4.4,36.0,17.0,0,0,0.0,7,-7.0,3655,2447,0.5,13.4,4.9,4.9,5.1,13.0,8.0,100.0,100.0,60.0,16.0,12.0,12.0,8.0,3.0,8.0,6.0,2.0,2.0,,,,,,0.34,0.19,0.53,1.19,0.0,0.23,1.37,1.05,4.75,29,0.0,0.0,0.0,0.0,0.0,0.0,0.0,0.0,0.0,0.0,0.0,0.0,0.0,0.0,0.0,39043.0,49830.0,0.0,0.0,0.0,0.0,0.0,0.0,0.0,0.0,0.0,0.0,0.0,0.0,0.0
431,Altay,Bayındır,Bayindir,a,,,4.7,387,18.0,0.3,311,41.0,0.0,693.0,91.0,0,0,0.0,-3,3.0,8,15,0.0,2.3,0.5,0.5,1.8,369.0,30.0,,,333.0,25.0,424.0,9.0,745.0,83.0,401.0,25.0,,,,,,,,0.0,0.01,0.01,1.54,2.17,0.0,1.83,1.0,0.0,29,0.0,0.0,0.0,0.0,0.0,0.0,0.0,0.0,0.0,0.0,0.0,0.0,0.0,0.0,0.0,46.0,94.0,0.0,0.0,0.0,0.0,0.0,0.0,0.0,0.0,0.0,0.0,0.0,0.0,0.0
432,André,Onana,Onana,u,has joined Trabzonspor on loan for the rest of the season.,,4.9,302,11.0,0.1,423,62.0,0.0,716.0,93.0,0,0,0.0,-1,1.0,0,5,0.0,0.0,0.0,0.0,0.0,769.0,93.0,0.0,0.0,768.0,93.0,764.0,90.0,758.0,86.0,768.0,93.0,,,,,,,,0.0,0.0,0.0,0.0,0.0,0.0,0.0,0.0,0.0,29,0.0,0.0,0.0,0.0,0.0,0.0,0.0,0.0,0.0,0.0,0.0,0.0,0.0,0.0,0.0,0.0,10.0,0.0,0.0,0.0,0.0,0.0,0.0,0.0,0.0,0.0,0.0,0.0,0.0,0.0
433,Elyh,Harrison,Harrison,u,On loan to Shrewsbury Town,,4.0,721,65.0,0.0,808,94.0,0.0,500.0,75.0,0,0,0.0,0,0.0,0,0,0.0,0.0,0.0,0.0,0.0,622.0,84.0,0.0,0.0,612.0,84.0,604.0,72.0,576.0,59.0,614.0,84.0,,,,,,,,0.0,0.0,0.0,0.0,0.0,0.0,0.0,0.0,0.0,29,0.0,0.0,0.0,0.0,0.0,0.0,0.0,0.0,0.0,0.0,0.0,0.0,0.0,0.0,0.0,0.0,2.0,0.0,0.0,0.0,0.0,0.0,0.0,0.0,0.0,0.0,0.0,0.0,0.0,0.0
434,Tom,Heaton,Heaton,a,,,3.9,739,66.0,0.2,346,48.0,0.0,408.0,26.0,0,0,0.0,-1,1.0,4,9,0.0,0.0,0.5,0.5,0.0,539.0,37.0,,,529.0,37.0,515.0,19.0,485.0,6.0,531.0,37.0,,,,,,,,0.0,0.0,0.0,0.0,0.0,0.0,0.0,0.0,0.0,29,0.0,0.0,0.0,0.0,0.0,0.0,0.0,0.0,0.0,0.0,0.0,0.0,0.0,0.0,0.0,45.0,131.0,0.0,0.0,0.0,0.0,0.0,0.0,0.0,0.0,0.0,0.0,0.0,0.0,0.0
435,Dermot,Mee,Mee,a,,,3.9,762,81.0,0.1,478,72.0,0.0,425.0,40.0,0,0,0.0,-1,1.0,0,5,0.0,0.0,0.5,0.5,0.0,555.0,51.0,,,545.0,51.0,532.0,34.0,502.0,21.0,547.0,51.0,,,,,,,,0.0,0.0,0.0,0.0,0.0,0.0,0.0,0.0,0.0,29,0.0,0.0,0.0,0.0,0.0,0.0,0.0,0.0,0.0,0.0,0.0,0.0,0.0,0.0,0.0,15.0,35.0,0.0,0.0,0.0,0.0,0.0,0.0,0.0,0.0,0.0,0.0,0.0,0.0,0.0
436,Matthijs,de Ligt,De Ligt,i,Back injury - Unknown return date,,4.9,307,47.0,1.8,146,56.0,0.0,718.0,251.0,0,0,0.0,-1,1.0,2,61,0.0,8.8,0.0,0.0,3.3,149.0,54.0,0.0,0.0,203.0,81.0,326.0,109.0,221.0,56.0,263.0,86.0,,,,,,,,0.11,0.06,0.17,1.44,0.0,0.08,1.54,1.0,8.23,29,0.0,0.0,0.0,0.0,0.0,0.0,0.0,0.0,0.0,0.0,0.0,0.0,0.0,0.0,0.0,15.0,328.0,0.0,0.0,0.0,0.0,0.0,0.0,0.0,0.0,0.0,0.0,0.0,0.0,0.0
437,Lisandro,Martínez,Martinez,i,Calf injury - Expected back 15 Mar,,4.8,361,61.0,0.7,224,85.0,1.8,185.0,69.0,0,0,0.0,-2,2.0,1,1052,0.4,8.1,0.0,0.0,2.8,217.0,87.0,0.0,0.0,246.0,98.0,299.0,96.0,407.0,150.0,328.0,110.0,,,,,,,,0.01,0.05,0.06,0.93,0.0,0.3,1.1,0.9,7.47,29,0.0,0.0,0.0,0.0,0.0,0.0,0.0,0.0,0.0,0.0,0.0,0.0,0.0,0.0,0.0,22.0,7193.0,0.0,0.0,0.0,0.0,0.0,0.0,0.0,0.0,0.0,0.0,0.0,0.0,0.0
438,Noussair,Mazraoui,Mazraoui,a,,,4.9,316,51.0,0.2,361,132.0,1.6,203.0,80.0,0,0,0.0,-1,1.0,63,16,0.3,5.5,2.1,2.1,1.9,350.0,132.0,100.0,100.0,325.0,124.0,327.0,110.0,359.0,120.0,362.0,125.0,,,,,,,,0.02,0.04,0.06,0.77,0.0,0.34,1.03,1.03,9.07,29,0.0,0.0,0.0,0.0,0.0,0.0,0.0,0.0,0.0,0.0,0.0,0.0,0.0,0.0,0.0,862.0,126.0,0.0,0.0,0.0,0.0,0.0,0.0,0.0,0.0,0.0,0.0,0.0,0.0,0.0
439,Diego,León Blanco,D.Leon,a,,,4.2,649,155.0,0.1,566,204.0,0.0,535.0,224.0,0,0,0.0,-3,3.0,2,4,0.0,0.0,0.5,0.5,0.0,644.0,249.0,,,635.0,250.0,629.0,249.0,604.0,248.0,637.0,250.0,,,,,,,,0.0,0.0,0.0,0.0,0.0,0.0,0.0,0.0,0.0,29,0.0,0.0,0.0,0.0,0.0,0.0,0.0,0.0,0.0,0.0,0.0,0.0,0.0,0.0,0.0,10.0,14.0,0.0,0.0,0.0,0.0,0.0,0.0,0.0,0.0,0.0,0.0,0.0,0.0,0.0
440,Diogo,Dalot Teixeira,Dalot,a,,,4.6,398,67.0,5.0,71,22.0,4.2,40.0,12.0,0,0,0.0,1,-1.0,1524,764,0.9,20.4,4.7,4.7,3.6,111.0,39.0,100.0,100.0,92.0,42.0,60.0,9.0,173.0,39.0,88.0,22.0,,,,,,,,0.06,0.1,0.16,1.18,0.0,0.27,1.38,1.02,5.97,29,0.0,0.0,0.0,0.0,0.0,0.0,0.0,0.0,0.0,0.0,0.0,0.0,0.0,0.0,0.0,13699.0,13786.0,0.0,0.0,0.0,0.0,0.0,0.0,0.0,0.0,0.0,0.0,0.0,0.0,0.0
441,Patrick,Dorgu,Dorgu,i,Hamstring injury - Unknown return date,,4.2,646,154.0,3.4,101,37.0,0.0,532.0,223.0,0,0,0.0,-3,3.0,33,1675,0.0,17.6,0.0,0.0,3.4,129.0,46.0,0.0,0.0,115.0,50.0,72.0,15.0,95.0,9.0,80.0,17.0,,,,,,,,0.13,0.1,0.23,1.27,0.0,0.2,1.35,0.95,6.43,29,0.0,0.0,0.0,0.0,0.0,0.0,0.0,0.0,0.0,0.0,0.0,0.0,0.0,0.0,0.0,119.0,21090.0,0.0,0.0,0.0,0.0,0.0,0.0,0.0,0.0,0.0,0.0,0.0,0.0,0.0
442,Harry,Maguire,Maguire,d,Illness - 75% chance of playing,,4.4,520,100.0,1.7,150,58.0,3.4,70.0,23.0,0,0,0.0,-1,1.0,107,657,0.8,13.9,2.9,2.9,4.1,54.0,22.0,75.0,75.0,254.0,103.0,385.0,138.0,244.0,65.0,318.0,108.0,,,,,,,,0.07,0.01,0.08,1.18,0.0,0.48,0.96,1.05,7.55,29,0.0,0.0,0.0,0.0,0.0,0.0,0.0,0.0,0.0,0.0,0.0,0.0,0.0,0.0,0.0,997.0,9942.0,0.0,0.0,0.0,0.0,0.0,0.0,0.0,0.0,0.0,0.0,0.0,0.0,0.0
443,Luke,Shaw,Shaw,d,Illness - 75% chance of playing,,4.5,409,74.0,0.7,213,80.0,3.0,103.0,41.0,0,0,0.0,0,0.0,21,371,0.7,15.3,2.6,2.6,2.5,269.0,105.0,75.0,75.0,126.0,56.0,116.0,31.0,312.0,96.0,157.0,54.0,,,,,,,,0.02,0.06,0.08,1.17,0.0,0.23,1.33,1.06,5.49,29,0.0,0.0,0.0,0.0,0.0,0.0,0.0,0.0,0.0,0.0,0.0,0.0,0.0,0.0,0.0,110.0,5851.0,0.0,0.0,0.0,0.0,0.0,0.0,0.0,0.0,0.0,0.0,0.0,0.0,0.0
444,Leny,Yoro,Yoro,a,,,4.1,658,160.0,1.2,174,65.0,1.8,180.0,65.0,0,0,0.0,-4,4.0,153,73,0.4,11.0,2.3,2.3,1.8,360.0,135.0,,,224.0,87.0,315.0,105.0,285.0,83.0,298.0,99.0,,,,,,,,0.05,0.02,0.07,1.27,0.0,0.13,1.68,0.94,7.54,29,0.0,0.0,0.0,0.0,0.0,0.0,0.0,0.0,0.0,0.0,0.0,0.0,0.0,0.0,0.0,1617.0,598.0,0.0,0.0,0.0,0.0,0.0,0.0,0.0,0.0,0.0,0.0,0.0,0.0,0.0
445,Harry,Amass,Amass,u,has joined Norwich City on loan for the rest of the season.,,4.0,719,195.0,0.1,536,190.0,0.0,498.0,200.0,0,0,0.0,0,0.0,0,0,0.0,0.0,0.0,0.0,0.0,620.0,234.0,0.0,0.0,610.0,234.0,602.0,234.0,574.0,231.0,612.0,234.0,,,,,,,,0.0,0.0,0.0,0.0,0.0,0.0,0.0,0.0,0.0,29,0.0,0.0,0.0,0.0,0.0,0.0,0.0,0.0,0.0,0.0,0.0,0.0,0.0,0.0,0.0,0.0,8.0,0.0,0.0,0.0,0.0,0.0,0.0,0.0,0.0,0.0,0.0,0.0,0.0,0.0
446,Tyler,Fredricson,Fredricson,a,,,3.8,807,254.0,0.1,431,161.0,0.0,401.0,153.0,0,0,0.0,-2,2.0,4,5,0.0,0.3,0.5,0.5,1.0,450.0,163.0,,,477.0,172.0,508.0,194.0,477.0,188.0,491.0,173.0,,,,,,,,0.0,0.0,0.0,13.5,0.0,0.0,0.0,0.0,90.0,29,0.0,0.0,0.0,0.0,0.0,0.0,0.0,0.0,0.0,0.0,0.0,0.0,0.0,0.0,0.0,13.0,56.0,0.0,0.0,0.0,0.0,0.0,0.0,0.0,0.0,0.0,0.0,0.0,0.0,0.0
447,Ayden,Heaven,Heaven,a,,,3.7,819,265.0,2.2,131,50.0,0.2,346.0,120.0,0,0,0.0,-3,3.0,537,464,0.1,7.3,0.7,0.7,2.1,318.0,115.0,100.0,100.0,282.0,112.0,381.0,136.0,362.0,122.0,357.0,123.0,,,,,,,,0.05,0.02,0.07,1.11,0.0,0.14,1.68,1.12,10.09,29,0.0,0.0,0.0,0.0,0.0,0.0,0.0,0.0,0.0,0.0,0.0,0.0,0.0,0.0,0.0,6186.0,6209.0,0.0,0.0,0.0,0.0,0.0,0.0,0.0,0.0,0.0,0.0,0.0,0.0,0.0
448,Tyrell,Malacia,Malacia,a,,,3.8,790,237.0,0.4,286,104.0,0.0,387.0,139.0,0,0,0.0,-2,2.0,8,39,0.0,0.3,0.5,0.5,1.0,448.0,161.0,,,483.0,173.0,496.0,182.0,465.0,176.0,495.0,174.0,,,,,,,,0.0,0.0,0.0,13.5,0.0,0.0,0.0,0.0,90.0,29,0.0,0.0,0.0,0.0,0.0,0.0,0.0,0.0,0.0,0.0,0.0,0.0,0.0,0.0,0.0,44.0,241.0,0.0,0.0,0.0,0.0,0.0,0.0,0.0,0.0,0.0,0.0,0.0,0.0,0.0
449,Bruno,Borges Fernandes,B.Fernandes,a,,,10.0,5,3.0,39.8,5,2.0,5.4,13.0,6.0,0,0,0.0,10,-10.0,9044,393,0.5,15.8,5.9,5.9,6.3,4.0,1.0,100.0,100.0,2.0,1.0,1.0,1.0,33.0,17.0,1.0,1.0,1.0,1.0,1.0,,,,,0.38,0.3,0.68,1.2,0.0,0.17,1.41,1.04,8.9,29,0.0,0.0,0.0,0.0,0.0,0.0,0.0,0.0,0.0,0.0,0.0,0.0,0.0,0.0,0.0,122944.0,5785.0,0.0,0.0,0.0,0.0,0.0,0.0,0.0,0.0,0.0,0.0,0.0,0.0,0.0
450,Matheus,Santos Carneiro da Cunha,Cunha,a,,,8.0,17,12.0,7.8,50,17.0,2.6,125.0,51.0,0,0,0.0,0,0.0,1215,1256,0.3,12.6,3.1,3.1,4.0,73.0,34.0,100.0,100.0,79.0,26.0,65.0,50.0,21.0,9.0,29.0,22.0,,,,,,,,0.27,0.12,0.39,1.14,0.0,0.3,1.2,1.05,7.42,29,0.0,0.0,0.0,0.0,0.0,0.0,0.0,0.0,0.0,0.0,0.0,0.0,0.0,0.0,0.0,10622.0,22509.0,0.0,0.0,0.0,0.0,0.0,0.0,0.0,0.0,0.0,0.0,0.0,0.0,0.0
451,Marcus,Rashford,Rashford,u,Has joined Barcelona on loan for the rest of the season,,7.0,35,20.0,0.0,702,291.0,0.0,812.0,365.0,0,0,0.0,0,0.0,0,1,0.0,0.0,0.0,0.0,0.0,818.0,366.0,0.0,0.0,818.0,366.0,818.0,366.0,818.0,366.0,818.0,366.0,,,,,,,,0.0,0.0,0.0,0.0,0.0,0.0,0.0,0.0,0.0,29,0.0,0.0,0.0,0.0,0.0,0.0,0.0,0.0,0.0,0.0,0.0,0.0,0.0,0.0,0.0,0.0,3.0,0.0,0.0,0.0,0.0,0.0,0.0,0.0,0.0,0.0,0.0,0.0,0.0,0.0
452,Amad,Diallo,Amad,a,,,6.2,77,51.0,1.6,157,54.0,1.2,244.0,104.0,0,0,0.0,-3,3.0,184,548,0.2,11.1,1.7,1.7,3.1,183.0,79.0,100.0,100.0,141.0,48.0,30.0,28.0,35.0,19.0,36.0,26.0,,,,,,,,0.22,0.18,0.4,1.09,0.0,0.21,1.2,1.05,7.89,29,0.0,0.0,0.0,0.0,0.0,0.0,0.0,0.0,0.0,0.0,0.0,0.0,0.0,0.0,0.0,1189.0,8865.0,0.0,0.0,0.0,0.0,0.0,0.0,0.0,0.0,0.0,0.0,0.0,0.0,0.0
454,Antony,dos Santos,Antony,u,has joined Real Betis permanently.,,5.9,100,65.0,0.1,564,207.0,0.0,798.0,356.0,0,0,0.0,-1,1.0,0,1,0.0,0.0,0.0,0.0,0.0,811.0,362.0,0.0,0.0,811.0,362.0,811.0,362.0,810.0,362.0,811.0,362.0,,,,,,,,0.0,0.0,0.0,0.0,0.0,0.0,0.0,0.0,0.0,29,0.0,0.0,0.0,0.0,0.0,0.0,0.0,0.0,0.0,0.0,0.0,0.0,0.0,0.0,0.0,0.0,1.0,0.0,0.0,0.0,0.0,0.0,0.0,0.0,0.0,0.0,0.0,0.0,0.0,0.0
455,Mason,Mount,Mount,i,Knock - Expected back 15 Mar,,5.9,95,61.0,0.3,328,108.0,0.0,794.0,352.0,0,0,0.0,-1,1.0,3,28,0.0,7.8,0.0,0.0,2.7,241.0,100.0,0.0,0.0,294.0,130.0,164.0,113.0,171.0,95.0,241.0,121.0,,,,,,,,0.17,0.16,0.33,1.14,0.0,0.33,1.55,1.11,6.87,29,0.0,0.0,0.0,0.0,0.0,0.0,0.0,0.0,0.0,0.0,0.0,0.0,0.0,0.0,0.0,5.0,208.0,0.0,0.0,0.0,0.0,0.0,0.0,0.0,0.0,0.0,0.0,0.0,0.0,0.0
457,Carlos Henrique,Casimiro,Casemiro,a,,,5.6,121,76.0,2.5,119,39.0,2.8,113.0,46.0,0,0,0.0,1,-1.0,834,737,0.5,21.2,3.3,3.3,4.6,30.0,12.0,100.0,100.0,42.0,11.0,49.0,43.0,43.0,26.0,27.0,21.0,,,,,,,,0.21,0.12,0.33,0.94,0.0,0.38,0.99,1.18,11.86,29,0.0,0.0,0.0,0.0,0.0,0.0,0.0,0.0,0.0,0.0,0.0,0.0,0.0,0.0,0.0,8042.0,9507.0,0.0,0.0,0.0,0.0,0.0,0.0,0.0,0.0,0.0,0.0,0.0,0.0,0.0
458,Kobbie,Mainoo,Mainoo,a,,,4.6,402,248.0,1.3,168,58.0,2.6,119.0,49.0,0,0,0.0,-4,4.0,281,439,0.6,8.0,3.1,3.1,1.9,347.0,150.0,100.0,100.0,263.0,111.0,121.0,83.0,327.0,171.0,255.0,130.0,,,,,,,,0.02,0.07,0.09,1.09,0.0,0.31,1.36,0.73,9.55,29,0.0,0.0,0.0,0.0,0.0,0.0,0.0,0.0,0.0,0.0,0.0,0.0,0.0,0.0,0.0,3227.0,6218.0,0.0,0.0,0.0,0.0,0.0,0.0,0.0,0.0,0.0,0.0,0.0,0.0,0.0
459,Manuel,Ugarte Ribeiro,Ugarte,a,,,4.7,385,240.0,0.1,418,143.0,0.2,364.0,164.0,0,0,0.0,-3,3.0,8,19,0.0,6.6,0.7,0.7,1.7,382.0,164.0,,,321.0,146.0,319.0,178.0,350.0,181.0,358.0,171.0,,,,,,,,0.04,0.02,0.06,1.75,0.0,0.12,2.41,0.84,14.68,29,0.0,0.0,0.0,0.0,0.0,0.0,0.0,0.0,0.0,0.0,0.0,0.0,0.0,0.0,0.0,42.0,231.0,0.0,0.0,0.0,0.0,0.0,0.0,0.0,0.0,0.0,0.0,0.0,0.0,0.0
460,Toby,Collyer,Collyer,u,has joined Hull City on loan for the rest of the season.,,4.5,445,266.0,0.0,660,265.0,0.0,628.0,231.0,0,0,0.0,0,0.0,0,1,0.0,0.0,0.0,0.0,0.0,709.0,284.0,0.0,0.0,703.0,278.0,700.0,281.0,684.0,274.0,705.0,280.0,,,,,,,,0.0,0.0,0.0,0.0,0.0,0.0,0.0,0.0,0.0,29,0.0,0.0,0.0,0.0,0.0,0.0,0.0,0.0,0.0,0.0,0.0,0.0,0.0,0.0,0.0,0.0,7.0,0.0,0.0,0.0,0.0,0.0,0.0,0.0,0.0,0.0,0.0,0.0,0.0,0.0
461,Jayce,Fitzgerald,Fitzgerald,a,,,4.3,611,357.0,0.0,603,230.0,0.0,559.0,190.0,0,0,0.0,-2,2.0,1,6,0.0,0.0,0.5,0.5,0.0,657.0,251.0,,,647.0,241.0,643.0,246.0,620.0,235.0,649.0,243.0,,,,,,,,0.0,0.0,0.0,0.0,0.0,0.0,0.0,0.0,0.0,29,0.0,0.0,0.0,0.0,0.0,0.0,0.0,0.0,0.0,0.0,0.0,0.0,0.0,0.0,0.0,26.0,26.0,0.0,0.0,0.0,0.0,0.0,0.0,0.0,0.0,0.0,0.0,0.0,0.0,0.0
462,Jack,Fletcher,J.Fletcher,a,,,4.3,608,354.0,0.1,508,183.0,0.0,556.0,187.0,0,0,0.0,-2,2.0,4,24,0.0,0.7,0.5,0.5,1.0,464.0,202.0,,,448.0,198.0,386.0,195.0,428.0,209.0,448.0,201.0,,,,,,,,0.03,0.02,0.05,1.56,0.0,0.0,0.0,0.0,9.25,29,0.0,0.0,0.0,0.0,0.0,0.0,0.0,0.0,0.0,0.0,0.0,0.0,0.0,0.0,0.0,52.0,196.0,0.0,0.0,0.0,0.0,0.0,0.0,0.0,0.0,0.0,0.0,0.0,0.0,0.0
463,Sékou,Koné,Kone,u,has joined Lausanne-Sport on loan for the rest of the season.,,4.3,620,364.0,0.1,514,185.0,0.0,565.0,194.0,0,0,0.0,-2,2.0,0,5,0.0,0.0,0.0,0.0,0.0,662.0,255.0,0.0,0.0,652.0,245.0,648.0,250.0,625.0,239.0,654.0,247.0,,,,,,,,0.0,0.0,0.0,0.0,0.0,0.0,0.0,0.0,0.0,29,0.0,0.0,0.0,0.0,0.0,0.0,0.0,0.0,0.0,0.0,0.0,0.0,0.0,0.0,0.0,0.0,47.0,0.0,0.0,0.0,0.0,0.0,0.0,0.0,0.0,0.0,0.0,0.0,0.0,0.0
464,Jack,Moorhouse,Moorhouse,u,has joined Leyton Orient on loan for the rest of the season.,,4.5,469,286.0,0.0,689,282.0,0.0,648.0,249.0,0,0,0.0,0,0.0,0,0,0.0,0.0,0.0,0.0,0.0,725.0,299.0,0.0,0.0,722.0,296.0,717.0,297.0,702.0,291.0,723.0,297.0,,,,,,,,0.0,0.0,0.0,0.0,0.0,0.0,0.0,0.0,0.0,29,0.0,0.0,0.0,0.0,0.0,0.0,0.0,0.0,0.0,0.0,0.0,0.0,0.0,0.0,0.0,0.0,2.0,0.0,0.0,0.0,0.0,0.0,0.0,0.0,0.0,0.0,0.0,0.0,0.0,0.0
465,Rasmus,Højlund,Højlund,u,has joined Napoli on loan for the rest of the season.,,6.3,70,22.0,0.3,341,56.0,0.0,804.0,87.0,0,0,0.0,-2,2.0,0,5,0.0,0.0,0.0,0.0,0.0,813.0,90.0,0.0,0.0,813.0,90.0,813.0,90.0,813.0,90.0,813.0,90.0,,,,,,,,0.0,0.0,0.0,0.0,0.0,0.0,0.0,0.0,0.0,29,0.0,0.0,0.0,0.0,0.0,0.0,0.0,0.0,0.0,0.0,0.0,0.0,0.0,0.0,0.0,0.0,11.0,0.0,0.0,0.0,0.0,0.0,0.0,0.0,0.0,0.0,0.0,0.0,0.0,0.0
466,Joshua,Zirkzee,Zirkzee,a,,,5.8,107,30.0,0.4,273,43.0,0.6,315.0,41.0,0,0,0.0,-2,2.0,30,35,0.1,6.2,1.1,1.1,2.1,324.0,37.0,100.0,100.0,308.0,29.0,206.0,21.0,150.0,36.0,259.0,30.0,,,,,,,,0.39,0.05,0.44,1.27,0.0,0.18,1.27,0.73,6.53,29,0.0,0.0,0.0,0.0,0.0,0.0,0.0,0.0,0.0,0.0,0.0,0.0,0.0,0.0,0.0,147.0,266.0,0.0,0.0,0.0,0.0,0.0,0.0,0.0,0.0,0.0,0.0,0.0,0.0,0.0
467,Chido,Obi,Obi,a,,,4.2,645,90.0,1.5,158,24.0,0.0,531.0,52.0,0,0,0.0,-3,3.0,30,175,0.0,0.0,0.5,0.5,0.0,642.0,64.0,,,633.0,64.0,627.0,63.0,602.0,63.0,635.0,64.0,,,,,,,,0.0,0.0,0.0,0.0,0.0,0.0,0.0,0.0,0.0,29,0.0,0.0,0.0,0.0,0.0,0.0,0.0,0.0,0.0,0.0,0.0,0.0,0.0,0.0,0.0,154.0,2605.0,0.0,0.0,0.0,0.0,0.0,0.0,0.0,0.0,0.0,0.0,0.0,0.0,0.0
468,Ethan,Wheatley,Wheatley,u,has joined Bradford City on loan for the rest of the season.,,4.5,476,67.0,0.1,507,71.0,0.0,654.0,67.0,0,0,0.0,0,0.0,0,7,0.0,0.0,0.0,0.0,0.0,730.0,77.0,0.0,0.0,727.0,77.0,722.0,76.0,708.0,76.0,728.0,77.0,,,,,,,,0.0,0.0,0.0,0.0,0.0,0.0,0.0,0.0,0.0,29,0.0,0.0,0.0,0.0,0.0,0.0,0.0,0.0,0.0,0.0,0.0,0.0,0.0,0.0,0.0,0.0,17.0,0.0,0.0,0.0,0.0,0.0,0.0,0.0,0.0,0.0,0.0,0.0,0.0,0.0
681,Benjamin,Sesko,Šeško,a,,,7.3,28,11.0,5.6,66,13.0,5.0,16.0,2.0,0,0,0.0,-2,2.0,7983,270,0.7,11.9,5.5,5.5,3.8,95.0,7.0,100.0,100.0,137.0,13.0,215.0,23.0,16.0,11.0,56.0,12.0,,,,,,,,0.49,0.02,0.51,1.36,0.0,0.07,1.79,0.9,3.88,29,0.0,0.0,0.0,0.0,0.0,0.0,0.0,0.0,0.0,0.0,0.0,0.0,0.0,0.0,0.0,72378.0,3195.0,0.0,0.0,0.0,0.0,0.0,0.0,0.0,0.0,0.0,0.0,0.0,0.0,0.0
733,Senne,Lammens,Lammens,a,,,5.0,262,9.0,2.4,123,17.0,3.8,52.0,6.0,0,0,0.0,0,0.0,791,316,0.8,14.0,4.3,4.3,3.2,158.0,18.0,,,110.0,18.0,783.0,91.0,455.0,2.0,283.0,19.0,,,,,,,,0.0,0.0,0.0,1.08,2.27,0.23,1.23,1.0,0.0,29,0.0,0.0,0.0,0.0,0.0,0.0,0.0,0.0,0.0,0.0,0.0,0.0,0.0,0.0,0.0,5232.0,4195.0,0.0,0.0,0.0,0.0,0.0,0.0,0.0,0.0,0.0,0.0,0.0,0.0,0.0
755,Shea,Lacey,Lacey,a,,,4.5,479,293.0,0.0,723,301.0,0.0,657.0,256.0,0,0,0.0,0,0.0,1,2,0.0,0.4,0.5,0.5,1.0,482.0,217.0,100.0,100.0,478.0,217.0,461.0,221.0,399.0,198.0,474.0,216.0,,,,,,,,0.52,0.0,0.52,0.82,0.0,0.0,0.0,0.0,7.5,29,0.0,0.0,0.0,0.0,0.0,0.0,0.0,0.0,0.0,0.0,0.0,0.0,0.0,0.0,0.0,8.0,32.0,0.0,0.0,0.0,0.0,0.0,0.0,0.0,0.0,0.0,0.0,0.0,0.0,0.0
769,Bendito,Mantato,Bendito Mantato,a,,,4.5,478,292.0,0.0,785,343.0,0.0,656.0,255.0,0,0,0.0,0,0.0,1,0,0.0,0.2,0.5,0.5,1.0,481.0,216.0,,,488.0,225.0,413.0,204.0,710.0,297.0,476.0,218.0,,,,,,,,0.0,0.06,0.06,0.3,0.0,0.0,0.0,0.0,0.0,29,0.0,0.0,0.0,0.0,0.0,0.0,0.0,0.0,0.0,0.0,0.0,0.0,0.0,0.0,0.0,3.0,6.0,0.0,0.0,0.0,0.0,0.0,0.0,0.0,0.0,0.0,0.0,0.0,0.0,0.0
771,Tyler,Fletcher,Fletcher,a,,,4.4,552,330.0,0.0,733,307.0,0.2,360.0,162.0,0,0,0.0,-1,1.0,5,5,0.0,0.2,0.7,0.7,1.0,469.0,206.0,,,503.0,230.0,466.0,224.0,642.0,249.0,507.0,232.0,,,,,,,,0.0,0.9,0.9,1.8,0.0,0.0,0.0,0.0,0.0,29,0.0,0.0,0.0,0.0,0.0,0.0,0.0,0.0,0.0,0.0,0.0,0.0,0.0,0.0,0.0,22.0,44.0,0.0,0.0,0.0,0.0,0.0,0.0,0.0,0.0,0.0,0.0,0.0,0.0,0.0
788,Godwill,Kukonki,Kukonki,a,,,4.0,718,194.0,0.0,742,255.0,0.0,497.0,199.0,0,0,0.0,0,0.0,0,1,0.0,0.0,0.5,0.5,0.0,619.0,233.0,,,609.0,233.0,601.0,233.0,573.0,230.0,611.0,233.0,,,,,,,,0.0,0.0,0.0,0.0,0.0,0.0,0.0,0.0,0.0,29,0.0,0.0,0.0,0.0,0.0,0.0,0.0,0.0,0.0,0.0,0.0,0.0,0.0,0.0,0.0,7.0,7.0,0.0,0.0,0.0,0.0,0.0,0.0,0.0,0.0,0.0,0.0,0.0,0.0,0.0
52,Jacob,Ramsey,J.Ramsey,a,,,5.3,191,119.0,0.2,353,117.0,4.0,46.0,23.0,0,0,0.0,-2,2.0,146,29,0.8,6.8,3.5,3.5,2.0,338.0,148.0,100.0,100.0,278.0,119.0,171.0,117.0,222.0,123.0,253.0,128.0,,,,,,,,0.1,0.09,0.19,1.69,0.0,0.0,2.23,0.85,9.12,29,0.0,0.0,0.0,0.0,0.0,0.0,0.0,0.0,0.0,0.0,0.0,0.0,0.0,0.0,0.0,1538.0,204.0,0.0,0.0,0.0,0.0,0.0,0.0,0.0,0.0,0.0,0.0,0.0,0.0,0.0
471,Mark,Gillespie,Gillespie,a,,,3.9,744,71.0,0.1,435,65.0,0.0,412.0,30.0,0,0,0.0,-1,1.0,1,4,0.0,0.0,-0.5,-0.5,0.0,543.0,41.0,,,533.0,41.0,520.0,24.0,490.0,11.0,535.0,41.0,,,,,,,,0.0,0.0,0.0,0.0,0.0,0.0,0.0,0.0,0.0,29,0.0,0.0,0.0,0.0,0.0,0.0,0.0,0.0,0.0,0.0,0.0,0.0,0.0,0.0,0.0,28.0,51.0,0.0,0.0,0.0,0.0,0.0,0.0,0.0,0.0,0.0,0.0,0.0,0.0,0.0
472,Odysseas,Vlachodimos,Odysseas,u,Has joined Sevilla on loan for the rest of the season.,,4.0,666,44.0,0.0,717,83.0,0.0,450.0,55.0,0,0,0.0,0,0.0,0,0,0.0,0.0,0.0,0.0,0.0,578.0,65.0,0.0,0.0,568.0,65.0,558.0,51.0,529.0,38.0,570.0,65.0,,,,,,,,0.0,0.0,0.0,0.0,0.0,0.0,0.0,0.0,0.0,29,0.0,0.0,0.0,0.0,0.0,0.0,0.0,0.0,0.0,0.0,0.0,0.0,0.0,0.0,0.0,0.0,3.0,0.0,0.0,0.0,0.0,0.0,0.0,0.0,0.0,0.0,0.0,0.0,0.0,0.0
473,Lewis,Hall,Hall,a,,,5.3,199,24.0,2.4,122,47.0,1.8,190.0,72.0,0,0,0.0,-2,2.0,265,476,0.3,12.1,1.3,1.3,3.0,196.0,74.0,100.0,100.0,105.0,47.0,115.0,30.0,216.0,53.0,132.0,41.0,2.0,4.0,,,,,,0.04,0.11,0.15,1.42,0.0,0.18,1.76,0.97,8.03,29,0.0,0.0,0.0,0.0,0.0,0.0,0.0,0.0,0.0,0.0,0.0,0.0,0.0,0.0,0.0,1891.0,9832.0,0.0,0.0,0.0,0.0,0.0,0.0,0.0,0.0,0.0,0.0,0.0,0.0,0.0
474,Fabian,Schär,Schär,i,Ankle injury - Expected back 18 Apr,,5.2,204,26.0,1.2,177,67.0,0.0,764.0,260.0,0,0,0.0,-3,3.0,2,67,0.0,9.8,0.0,0.0,3.2,161.0,61.0,0.0,0.0,193.0,77.0,318.0,107.0,230.0,60.0,261.0,85.0,,1.0,,,,,,0.08,0.05,0.13,1.14,0.0,0.33,1.07,0.91,9.5,29,0.0,0.0,0.0,0.0,0.0,0.0,0.0,0.0,0.0,0.0,0.0,0.0,0.0,0.0,0.0,11.0,595.0,0.0,0.0,0.0,0.0,0.0,0.0,0.0,0.0,0.0,0.0,0.0,0.0,0.0
475,Sven,Botman,Botman,a,,,4.9,312,48.0,0.4,289,107.0,1.8,186.0,70.0,0,0,0.0,-1,1.0,23,25,0.4,10.8,1.3,1.3,3.5,121.0,43.0,100.0,100.0,167.0,70.0,340.0,116.0,207.0,50.0,246.0,81.0,,,,,,,,0.11,0.02,0.13,1.24,0.0,0.34,1.44,1.02,8.92,29,0.0,0.0,0.0,0.0,0.0,0.0,0.0,0.0,0.0,0.0,0.0,0.0,0.0,0.0,0.0,122.0,328.0,0.0,0.0,0.0,0.0,0.0,0.0,0.0,0.0,0.0,0.0,0.0,0.0,0.0
476,Dan,Burn,Burn,a,,,5.0,245,37.0,3.3,104,39.0,0.8,282.0,102.0,0,0,0.0,0,0.0,188,170,0.2,14.4,0.3,0.3,3.6,113.0,40.0,100.0,100.0,147.0,65.0,281.0,88.0,284.0,82.0,243.0,79.0,,,,,,,,0.01,0.02,0.03,1.12,0.0,0.33,1.5,1.06,9.01,29,0.0,0.0,0.0,0.0,0.0,0.0,0.0,0.0,0.0,0.0,0.0,0.0,0.0,0.0,0.0,1208.0,2941.0,0.0,0.0,0.0,0.0,0.0,0.0,0.0,0.0,0.0,0.0,0.0,0.0,0.0
477,Tino,Livramento,Livramento,d,Hamstring injury - 25% chance of playing,,4.9,328,53.0,1.8,144,55.0,0.0,729.0,252.0,0,0,0.0,-1,1.0,5,72,0.0,10.0,-0.1,-0.1,3.8,86.0,32.0,25.0,25.0,265.0,108.0,180.0,44.0,344.0,113.0,287.0,94.0,,,,,,,,0.01,0.05,0.06,0.94,0.0,0.43,0.86,0.94,4.98,29,0.0,0.0,0.0,0.0,0.0,0.0,0.0,0.0,0.0,0.0,0.0,0.0,0.0,0.0,0.0,10.0,508.0,0.0,0.0,0.0,0.0,0.0,0.0,0.0,0.0,0.0,0.0,0.0,0.0,0.0
478,Kieran,Trippier,Trippier,a,,,4.9,287,43.0,1.3,167,64.0,0.8,279.0,101.0,0,0,0.0,-1,1.0,57,67,0.2,8.6,0.3,0.3,2.6,253.0,98.0,100.0,100.0,248.0,99.0,42.0,3.0,408.0,151.0,195.0,64.0,4.0,2.0,,,,,,0.01,0.12,0.13,1.18,0.0,0.35,1.59,1.04,4.15,29,0.0,0.0,0.0,0.0,0.0,0.0,0.0,0.0,0.0,0.0,0.0,0.0,0.0,0.0,0.0,394.0,1135.0,0.0,0.0,0.0,0.0,0.0,0.0,0.0,0.0,0.0,0.0,0.0,0.0,0.0
479,Emil,Krafth,Krafth,i,Knee injury - Unknown return date,,4.3,577,124.0,0.0,620,221.0,0.0,538.0,226.0,0,0,0.0,-2,2.0,0,0,0.0,0.0,0.0,0.0,0.0,645.0,250.0,0.0,0.0,492.0,176.0,464.0,170.0,606.0,249.0,496.0,175.0,,,,,,,,0.0,0.0,0.0,0.5,0.0,0.0,4.0,2.0,2.0,29,0.0,0.0,0.0,0.0,0.0,0.0,0.0,0.0,0.0,0.0,0.0,0.0,0.0,0.0,0.0,3.0,10.0,0.0,0.0,0.0,0.0,0.0,0.0,0.0,0.0,0.0,0.0,0.0,0.0,0.0
480,Jamaal,Lascelles,Lascelles,u,has joined Leicester City permanently.,,4.3,575,122.0,0.0,587,210.0,0.0,537.0,225.0,0,0,0.0,-2,2.0,0,2,0.0,0.2,0.0,0.0,0.5,516.0,179.0,0.0,0.0,460.0,168.0,630.0,250.0,418.0,158.0,469.0,168.0,,,,,,,,0.19,0.0,0.19,2.61,0.0,0.0,9.47,0.0,23.68,29,0.0,0.0,0.0,0.0,0.0,0.0,0.0,0.0,0.0,0.0,0.0,0.0,0.0,0.0,0.0,0.0,12.0,0.0,0.0,0.0,0.0,0.0,0.0,0.0,0.0,0.0,0.0,0.0,0.0,0.0
481,Alex,Murphy,A.Murphy,a,,,3.8,806,253.0,0.7,217,81.0,0.0,400.0,152.0,0,0,0.0,-2,2.0,26,51,0.0,0.3,-0.5,-0.5,1.0,449.0,162.0,,,486.0,174.0,507.0,193.0,476.0,187.0,501.0,176.0,,,,,,,,0.0,0.0,0.0,24.3,0.0,0.0,90.0,0.0,90.0,29,0.0,0.0,0.0,0.0,0.0,0.0,0.0,0.0,0.0,0.0,0.0,0.0,0.0,0.0,0.0,261.0,454.0,0.0,0.0,0.0,0.0,0.0,0.0,0.0,0.0,0.0,0.0,0.0,0.0,0.0
482,Harrison,Ashby,Ashby,u,has joined Bradford City on loan for the rest of the season.,,3.9,759,220.0,0.1,458,168.0,0.0,423.0,161.0,0,0,0.0,-1,1.0,0,5,0.0,0.0,0.0,0.0,0.0,553.0,201.0,0.0,0.0,543.0,201.0,530.0,201.0,500.0,196.0,545.0,201.0,,,,,,,,0.0,0.0,0.0,0.0,0.0,0.0,0.0,0.0,0.0,29,0.0,0.0,0.0,0.0,0.0,0.0,0.0,0.0,0.0,0.0,0.0,0.0,0.0,0.0,0.0,0.0,29.0,0.0,0.0,0.0,0.0,0.0,0.0,0.0,0.0,0.0,0.0,0.0,0.0,0.0
483,Miodrag,Pivaš,Pivas,a,,,3.8,812,259.0,0.4,287,105.0,0.0,404.0,156.0,0,0,0.0,-2,2.0,20,32,0.0,0.0,-0.5,-0.5,0.0,535.0,197.0,,,525.0,197.0,511.0,197.0,481.0,192.0,527.0,197.0,,,,,,,,0.0,0.0,0.0,0.0,0.0,0.0,0.0,0.0,0.0,29,0.0,0.0,0.0,0.0,0.0,0.0,0.0,0.0,0.0,0.0,0.0,0.0,0.0,0.0,0.0,201.0,295.0,0.0,0.0,0.0,0.0,0.0,0.0,0.0,0.0,0.0,0.0,0.0,0.0,0.0
484,Matt,Targett,Targett,u,has joined Middlesbrough on loan for the rest of the season.,,4.0,670,165.0,0.1,425,157.0,0.0,453.0,173.0,0,0,0.0,0,0.0,0,0,0.0,0.0,0.0,0.0,0.0,581.0,212.0,0.0,0.0,571.0,212.0,561.0,212.0,532.0,208.0,573.0,212.0,,,,,,,,0.0,0.0,0.0,0.0,0.0,0.0,0.0,0.0,0.0,29,0.0,0.0,0.0,0.0,0.0,0.0,0.0,0.0,0.0,0.0,0.0,0.0,0.0,0.0,0.0,0.0,24.0,0.0,0.0,0.0,0.0,0.0,0.0,0.0,0.0,0.0,0.0,0.0,0.0,0.0
485,Anthony,Gordon,Gordon,a,,,7.2,32,19.0,2.7,112,35.0,1.8,194.0,81.0,0,0,0.0,-3,3.0,724,605,0.2,9.7,1.3,1.3,3.2,166.0,71.0,100.0,100.0,210.0,89.0,68.0,52.0,42.0,25.0,76.0,46.0,,,1.0,,,,,0.36,0.2,0.56,1.18,0.0,0.37,1.72,1.23,4.24,29,0.0,0.0,0.0,0.0,0.0,0.0,0.0,0.0,0.0,0.0,0.0,0.0,0.0,0.0,0.0,8296.0,12736.0,0.0,0.0,0.0,0.0,0.0,0.0,0.0,0.0,0.0,0.0,0.0,0.0,0.0
486,Anthony,Elanga,Elanga,a,,,6.5,52,33.0,2.6,116,38.0,1.2,247.0,106.0,0,0,0.0,-5,5.0,70,76,0.2,5.7,0.7,0.7,1.5,418.0,185.0,100.0,100.0,341.0,153.0,137.0,93.0,183.0,101.0,252.0,127.0,5.0,,,,,,,0.11,0.12,0.23,1.33,0.0,0.17,2.06,0.94,3.61,29,0.0,0.0,0.0,0.0,0.0,0.0,0.0,0.0,0.0,0.0,0.0,0.0,0.0,0.0,0.0,412.0,1018.0,0.0,0.0,0.0,0.0,0.0,0.0,0.0,0.0,0.0,0.0,0.0,0.0,0.0
487,Harvey,Barnes,Barnes,a,,,6.1,81,53.0,1.1,182,64.0,1.0,267.0,118.0,0,0,0.0,-4,4.0,115,329,0.2,12.6,0.5,0.5,2.9,207.0,87.0,,,196.0,81.0,99.0,72.0,25.0,12.0,65.0,40.0,,,,,,,,0.35,0.13,0.48,1.25,0.0,0.25,1.38,0.88,4.88,29,0.0,0.0,0.0,0.0,0.0,0.0,0.0,0.0,0.0,0.0,0.0,0.0,0.0,0.0,0.0,1043.0,6879.0,0.0,0.0,0.0,0.0,0.0,0.0,0.0,0.0,0.0,0.0,0.0,0.0,0.0
488,Bruno,Guimarães Rodriguez Moura,Bruno G.,i,Hamstring injury - Expected back 11 Apr,,6.8,43,27.0,5.3,70,24.0,2.8,115.0,48.0,0,0,0.0,3,-3.0,19,3469,0.4,19.7,0.0,0.0,5.8,7.0,4.0,0.0,0.0,15.0,5.0,13.0,13.0,54.0,33.0,12.0,9.0,3.0,5.0,2.0,,,,,0.21,0.16,0.37,1.16,0.0,0.27,1.38,0.98,8.92,29,0.0,0.0,0.0,0.0,0.0,0.0,0.0,0.0,0.0,0.0,0.0,0.0,0.0,0.0,0.0,119.0,38208.0,0.0,0.0,0.0,0.0,0.0,0.0,0.0,0.0,0.0,0.0,0.0,0.0,0.0
489,Jacob,Murphy,J.Murphy,a,,,5.9,92,58.0,0.6,231,80.0,1.6,212.0,88.0,0,0,0.0,-6,6.0,50,34,0.3,10.2,1.1,1.1,2.6,259.0,110.0,100.0,100.0,222.0,96.0,84.0,63.0,79.0,48.0,118.0,66.0,,,,,,,,0.23,0.19,0.42,1.21,0.0,0.48,1.04,1.04,4.47,29,0.0,0.0,0.0,0.0,0.0,0.0,0.0,0.0,0.0,0.0,0.0,0.0,0.0,0.0,0.0,506.0,377.0,0.0,0.0,0.0,0.0,0.0,0.0,0.0,0.0,0.0,0.0,0.0,0.0,0.0
490,Joelinton Cássio,Apolinário de Lira,Joelinton,a,,,5.9,94,60.0,0.3,330,110.0,1.0,265.0,117.0,0,0,0.0,-1,1.0,57,24,0.2,10.3,0.5,0.5,2.9,206.0,86.0,100.0,100.0,200.0,82.0,118.0,81.0,75.0,44.0,123.0,70.0,,,,,,,,0.12,0.07,0.19,1.21,0.0,0.3,1.27,1.09,10.98,29,0.0,0.0,0.0,0.0,0.0,0.0,0.0,0.0,0.0,0.0,0.0,0.0,0.0,0.0,0.0,490.0,347.0,0.0,0.0,0.0,0.0,0.0,0.0,0.0,0.0,0.0,0.0,0.0,0.0,0.0
491,Sandro,Tonali,Tonali,a,,,5.3,195,121.0,1.1,187,66.0,2.2,155.0,64.0,0,0,0.0,-2,2.0,213,79,0.4,13.0,1.7,1.7,2.5,276.0,117.0,100.0,100.0,171.0,66.0,54.0,46.0,166.0,91.0,108.0,62.0,1.0,1.0,,,,,,0.07,0.09,0.16,1.19,0.0,0.32,1.39,1.11,9.34,29,0.0,0.0,0.0,0.0,0.0,0.0,0.0,0.0,0.0,0.0,0.0,0.0,0.0,0.0,0.0,1942.0,1437.0,0.0,0.0,0.0,0.0,0.0,0.0,0.0,0.0,0.0,0.0,0.0,0.0,0.0
492,Antoñito,Cordero Campillo,Antoñito C.,u,has joined Cadiz on loan for the rest of the season.,,4.9,348,217.0,0.0,675,273.0,0.0,739.0,314.0,0,0,0.0,-1,1.0,0,0,0.0,0.0,0.0,0.0,0.0,782.0,341.0,0.0,0.0,781.0,340.0,777.0,340.0,773.0,338.0,781.0,340.0,,,,,,,,0.0,0.0,0.0,0.0,0.0,0.0,0.0,0.0,0.0,29,0.0,0.0,0.0,0.0,0.0,0.0,0.0,0.0,0.0,0.0,0.0,0.0,0.0,0.0,0.0,0.0,1.0,0.0,0.0,0.0,0.0,0.0,0.0,0.0,0.0,0.0,0.0,0.0,0.0,0.0
494,Joe,Willock,Willock,a,,,5.0,250,151.0,0.1,499,180.0,0.6,311.0,143.0,0,0,0.0,0,0.0,7,25,0.1,4.0,0.1,0.1,1.2,439.0,196.0,100.0,100.0,403.0,178.0,256.0,158.0,258.0,142.0,351.0,169.0,,,,,,,,0.13,0.06,0.19,1.77,0.0,0.33,1.97,0.99,9.21,29,0.0,0.0,0.0,0.0,0.0,0.0,0.0,0.0,0.0,0.0,0.0,0.0,0.0,0.0,0.0,48.0,148.0,0.0,0.0,0.0,0.0,0.0,0.0,0.0,0.0,0.0,0.0,0.0,0.0,0.0
495,Isaac,Hayden,Hayden,u,Has departed the club as a free agent.,,4.5,411,251.0,0.0,767,328.0,0.0,607.0,217.0,0,0,0.0,0,0.0,0,0,0.0,0.0,0.0,0.0,0.0,692.0,271.0,0.0,0.0,686.0,265.0,680.0,268.0,661.0,260.0,688.0,267.0,,,,,,,,0.0,0.0,0.0,0.0,0.0,0.0,0.0,0.0,0.0,29,0.0,0.0,0.0,0.0,0.0,0.0,0.0,0.0,0.0,0.0,0.0,0.0,0.0,0.0,0.0,0.0,0.0,0.0,0.0,0.0,0.0,0.0,0.0,0.0,0.0,0.0,0.0,0.0,0.0,0.0
496,Garang,Kuol,Kuol,u,has joined Sparta Prague permanently.,,4.4,560,334.0,0.0,629,245.0,0.0,592.0,208.0,0,0,0.0,-1,1.0,0,0,0.0,0.0,0.0,0.0,0.0,681.0,265.0,0.0,0.0,673.0,257.0,668.0,261.0,648.0,252.0,675.0,259.0,,,,,,,,0.0,0.0,0.0,0.0,0.0,0.0,0.0,0.0,0.0,29,0.0,0.0,0.0,0.0,0.0,0.0,0.0,0.0,0.0,0.0,0.0,0.0,0.0,0.0,0.0,0.0,4.0,0.0,0.0,0.0,0.0,0.0,0.0,0.0,0.0,0.0,0.0,0.0,0.0,0.0
497,Lewis,Miley,L.Miley,i,Dead leg - Expected back 14 Mar,,4.4,558,333.0,2.2,128,43.0,0.0,590.0,207.0,0,0,0.0,-1,1.0,22,674,0.0,13.2,0.0,0.0,3.1,172.0,72.0,0.0,0.0,204.0,84.0,152.0,104.0,206.0,115.0,199.0,100.0,,,,,,,,0.11,0.16,0.27,1.08,0.0,0.16,1.27,0.87,9.77,29,0.0,0.0,0.0,0.0,0.0,0.0,0.0,0.0,0.0,0.0,0.0,0.0,0.0,0.0,0.0,221.0,13621.0,0.0,0.0,0.0,0.0,0.0,0.0,0.0,0.0,0.0,0.0,0.0,0.0,0.0
498,Joe,White,White,u,has joined Bradford City on loan for the rest of the season.,,4.5,438,262.0,0.0,772,332.0,0.0,625.0,228.0,0,0,0.0,0,0.0,0,0,0.0,0.0,0.0,0.0,0.0,706.0,281.0,0.0,0.0,700.0,275.0,697.0,278.0,680.0,271.0,702.0,277.0,,,,,,,,0.0,0.0,0.0,0.0,0.0,0.0,0.0,0.0,0.0,29,0.0,0.0,0.0,0.0,0.0,0.0,0.0,0.0,0.0,0.0,0.0,0.0,0.0,0.0,0.0,0.0,0.0,0.0,0.0,0.0,0.0,0.0,0.0,0.0,0.0,0.0,0.0,0.0,0.0,0.0
500,William,Osula,Osula,a,,,5.4,181,44.0,0.2,375,59.0,0.8,289.0,36.0,0,0,0.0,-1,1.0,6,7,0.1,4.3,0.3,0.3,1.5,414.0,49.0,100.0,100.0,416.0,48.0,402.0,53.0,290.0,49.0,404.0,51.0,,,,,,,,0.22,0.01,0.23,1.54,0.0,0.34,2.06,0.34,3.44,29,0.0,0.0,0.0,0.0,0.0,0.0,0.0,0.0,0.0,0.0,0.0,0.0,0.0,0.0,0.0,55.0,90.0,0.0,0.0,0.0,0.0,0.0,0.0,0.0,0.0,0.0,0.0,0.0,0.0,0.0
501,Sean,Neave,Neave,a,,,4.3,617,87.0,0.3,344,57.0,0.0,563.0,57.0,0,0,0.0,-2,2.0,17,32,0.0,0.0,-0.5,-0.5,0.0,660.0,67.0,,,650.0,67.0,646.0,66.0,623.0,66.0,652.0,67.0,,,,,,,,0.0,0.0,0.0,0.0,0.0,0.0,0.0,0.0,0.0,29,0.0,0.0,0.0,0.0,0.0,0.0,0.0,0.0,0.0,0.0,0.0,0.0,0.0,0.0,0.0,84.0,244.0,0.0,0.0,0.0,0.0,0.0,0.0,0.0,0.0,0.0,0.0,0.0,0.0,0.0
674,Aaron,Ramsdale,Ramsdale,a,,,4.8,363,14.0,0.6,226,29.0,0.0,703.0,92.0,0,0,0.0,-2,2.0,8,38,0.0,2.3,-0.5,-0.5,1.6,391.0,31.0,,,360.0,27.0,425.0,10.0,751.0,84.0,412.0,26.0,,,,,,,,0.0,0.0,0.0,1.3,1.63,0.0,1.63,0.98,0.0,29,0.0,0.0,0.0,0.0,0.0,0.0,0.0,0.0,0.0,0.0,0.0,0.0,0.0,0.0,0.0,84.0,468.0,0.0,0.0,0.0,0.0,0.0,0.0,0.0,0.0,0.0,0.0,0.0,0.0,0.0
684,Malick,Thiaw,Thiaw,a,,,5.0,263,40.0,4.2,87,29.0,3.2,93.0,35.0,0,0,0.0,0,0.0,496,1204,0.6,20.2,2.7,2.7,4.0,62.0,25.0,,,21.0,8.0,253.0,74.0,73.0,6.0,70.0,13.0,,,,,,,,0.13,0.04,0.17,1.39,0.0,0.17,1.66,1.02,9.01,29,0.0,0.0,0.0,0.0,0.0,0.0,0.0,0.0,0.0,0.0,0.0,0.0,0.0,0.0,0.0,4072.0,20892.0,0.0,0.0,0.0,0.0,0.0,0.0,0.0,0.0,0.0,0.0,0.0,0.0,0.0
689,Seung-Soo,Park,Seung soo,a,,,4.3,621,365.0,0.5,256,88.0,0.0,566.0,195.0,0,0,0.0,-2,2.0,140,122,0.0,0.0,-0.5,-0.5,0.0,663.0,256.0,,,653.0,246.0,649.0,251.0,626.0,240.0,655.0,248.0,,,,,,,,0.0,0.0,0.0,0.0,0.0,0.0,0.0,0.0,0.0,29,0.0,0.0,0.0,0.0,0.0,0.0,0.0,0.0,0.0,0.0,0.0,0.0,0.0,0.0,0.0,1209.0,1315.0,0.0,0.0,0.0,0.0,0.0,0.0,0.0,0.0,0.0,0.0,0.0,0.0,0.0
714,Nick,Woltemade,Woltemade,d,Illness - 75% chance of playing,,6.8,47,17.0,7.2,54,9.0,0.8,295.0,38.0,0,0,0.0,-2,2.0,38,2480,0.1,12.6,0.2,0.2,3.4,142.0,13.0,75.0,75.0,143.0,14.0,179.0,15.0,51.0,21.0,98.0,15.0,,,3.0,,,,,0.37,0.05,0.42,1.18,0.0,0.35,1.47,1.12,4.65,29,0.0,0.0,0.0,0.0,0.0,0.0,0.0,0.0,0.0,0.0,0.0,0.0,0.0,0.0,0.0,486.0,24547.0,0.0,0.0,0.0,0.0,0.0,0.0,0.0,0.0,0.0,0.0,0.0,0.0,0.0
400,Stefan,Ortega Moreno,Ortega Moreno,d,Calf injury - 25% chance of playing,,4.7,376,15.0,0.2,380,55.0,2.2,148.0,13.0,0,0,0.0,-3,3.0,2,83,0.5,2.3,0.6,0.4,3.7,99.0,11.0,25.0,25.0,389.0,29.0,752.0,88.0,741.0,80.0,435.0,29.0,,,,,,,,0.0,0.0,0.0,1.55,2.67,0.33,1.33,1.0,0.0,29,0.0,0.0,0.0,0.0,0.0,0.0,0.0,0.0,0.0,0.0,0.0,0.0,0.0,0.0,0.0,6.0,672.0,0.0,0.0,0.0,0.0,0.0,0.0,0.0,0.0,0.0,0.0,0.0,0.0,0.0
502,Matz,Sels,Sels,a,,,4.6,396,19.0,4.7,75,13.0,0.4,331.0,22.0,0,0,0.0,-4,4.0,55,118,0.1,13.7,0.4,-0.1,3.0,191.0,20.0,100.0,100.0,83.0,15.0,423.0,8.0,740.0,79.0,262.0,15.0,,,,,,,,0.0,0.0,0.0,1.51,3.06,0.2,1.48,1.02,0.0,29,0.0,0.0,0.0,0.0,0.0,0.0,0.0,0.0,0.0,0.0,0.0,0.0,0.0,0.0,0.0,428.0,1681.0,0.0,0.0,0.0,0.0,0.0,0.0,0.0,0.0,0.0,0.0,0.0,0.0,0.0
503,Carlos Miguel,dos Santos Pereira,C.Miguel,u,Has joined Palmeiras permanently.,,4.0,689,56.0,0.1,548,76.0,0.0,471.0,67.0,0,0,0.0,0,0.0,0,0,0.0,0.0,0.0,0.0,0.0,597.0,76.0,0.0,0.0,587.0,76.0,578.0,63.0,549.0,50.0,589.0,76.0,,,,,,,,0.0,0.0,0.0,0.0,0.0,0.0,0.0,0.0,0.0,29,0.0,0.0,0.0,0.0,0.0,0.0,0.0,0.0,0.0,0.0,0.0,0.0,0.0,0.0,0.0,0.0,7.0,0.0,0.0,0.0,0.0,0.0,0.0,0.0,0.0,0.0,0.0,0.0,0.0,0.0
504,Matt,Turner,Turner,u,Has joined Lyon permanently.,,4.0,674,47.0,0.1,521,75.0,0.0,457.0,58.0,0,0,0.0,0,0.0,0,1,0.0,0.0,0.0,0.0,0.0,584.0,67.0,0.0,0.0,574.0,67.0,565.0,54.0,536.0,41.0,576.0,67.0,,,,,,,,0.0,0.0,0.0,0.0,0.0,0.0,0.0,0.0,0.0,29,0.0,0.0,0.0,0.0,0.0,0.0,0.0,0.0,0.0,0.0,0.0,0.0,0.0,0.0,0.0,0.0,15.0,0.0,0.0,0.0,0.0,0.0,0.0,0.0,0.0,0.0,0.0,0.0,0.0,0.0
505,Nikola,Milenković,Milenković,a,,,5.1,231,31.0,3.2,105,40.0,2.4,132.0,51.0,0,0,0.0,-4,4.0,122,202,0.5,15.9,2.4,1.9,2.9,203.0,80.0,,,67.0,30.0,359.0,126.0,240.0,63.0,192.0,63.0,,,,,,,,0.03,0.02,0.05,1.45,0.0,0.21,1.46,1.0,8.21,29,0.0,0.0,0.0,0.0,0.0,0.0,0.0,0.0,0.0,0.0,0.0,0.0,0.0,0.0,0.0,462.0,3305.0,0.0,0.0,0.0,0.0,0.0,0.0,0.0,0.0,0.0,0.0,0.0,0.0,0.0
506,Murillo,Costa dos Santos,Murillo,a,,,5.2,220,29.0,1.9,142,54.0,0.6,313.0,109.0,0,0,0.0,-3,3.0,143,141,0.1,12.9,0.6,0.1,3.4,136.0,49.0,100.0,100.0,78.0,34.0,257.0,75.0,286.0,84.0,198.0,65.0,,2.0,,,,,,0.03,0.02,0.05,1.44,0.0,0.21,1.35,1.04,9.47,29,0.0,0.0,0.0,0.0,0.0,0.0,0.0,0.0,0.0,0.0,0.0,0.0,0.0,0.0,0.0,588.0,2011.0,0.0,0.0,0.0,0.0,0.0,0.0,0.0,0.0,0.0,0.0,0.0,0.0,0.0
507,Ola,Aina,Aina,a,,,4.7,379,63.0,2.3,126,48.0,2.0,165.0,62.0,0,0,0.0,-3,3.0,73,128,0.4,7.9,2.0,1.5,3.1,175.0,67.0,100.0,100.0,279.0,111.0,225.0,57.0,315.0,99.0,305.0,102.0,,,,,,,,0.02,0.06,0.08,1.62,0.0,0.26,1.29,1.03,6.78,29,0.0,0.0,0.0,0.0,0.0,0.0,0.0,0.0,0.0,0.0,0.0,0.0,0.0,0.0,0.0,429.0,2910.0,0.0,0.0,0.0,0.0,0.0,0.0,0.0,0.0,0.0,0.0,0.0,0.0,0.0
509,David,Mota Veiga Teixeira do Carmo,David Carmo,u,has joined Real Oviedo on loan for the rest of the season.,,4.5,434,87.0,0.0,676,237.0,0.0,622.0,242.0,0,0,0.0,0,0.0,0,0,0.0,0.0,0.0,0.0,0.0,703.0,258.0,0.0,0.0,697.0,258.0,693.0,258.0,676.0,258.0,699.0,258.0,,,,,,,,0.0,0.0,0.0,0.0,0.0,0.0,0.0,0.0,0.0,29,0.0,0.0,0.0,0.0,0.0,0.0,0.0,0.0,0.0,0.0,0.0,0.0,0.0,0.0,0.0,0.0,0.0,0.0,0.0,0.0,0.0,0.0,0.0,0.0,0.0,0.0,0.0,0.0,0.0,0.0
510,Jair,Paula da Cunha Filho,Jair Cunha,a,,,4.2,644,153.0,0.1,551,200.0,0.2,354.0,127.0,0,0,0.0,-3,3.0,3,4,0.0,1.0,0.2,-0.3,2.0,329.0,122.0,,,427.0,160.0,470.0,172.0,403.0,147.0,451.0,162.0,,,,,,,,0.1,0.0,0.1,2.42,0.0,0.0,1.45,0.73,10.16,29,0.0,0.0,0.0,0.0,0.0,0.0,0.0,0.0,0.0,0.0,0.0,0.0,0.0,0.0,0.0,18.0,19.0,0.0,0.0,0.0,0.0,0.0,0.0,0.0,0.0,0.0,0.0,0.0,0.0,0.0
511,Felipe,Rodrigues da Silva,Morato,a,,,4.3,593,135.0,0.1,510,181.0,2.2,145.0,55.0,0,0,0.0,-2,2.0,7,10,0.5,7.9,2.2,1.7,2.4,285.0,109.0,,,241.0,94.0,391.0,141.0,310.0,94.0,332.0,113.0,,,,,,,,0.08,0.01,0.09,1.35,0.0,0.19,1.63,0.96,9.41,29,0.0,0.0,0.0,0.0,0.0,0.0,0.0,0.0,0.0,0.0,0.0,0.0,0.0,0.0,0.0,31.0,85.0,0.0,0.0,0.0,0.0,0.0,0.0,0.0,0.0,0.0,0.0,0.0,0.0,0.0
512,Omar,Richards,O.Richards,u,has joined Rio Ave on loan for the rest of the season.,,4.5,419,80.0,0.0,682,238.0,0.0,611.0,239.0,0,0,0.0,0,0.0,0,0,0.0,0.0,0.0,0.0,0.0,695.0,256.0,0.0,0.0,689.0,256.0,684.0,256.0,665.0,255.0,691.0,256.0,,,,,,,,0.0,0.0,0.0,0.0,0.0,0.0,0.0,0.0,0.0,29,0.0,0.0,0.0,0.0,0.0,0.0,0.0,0.0,0.0,0.0,0.0,0.0,0.0,0.0,0.0,0.0,2.0,0.0,0.0,0.0,0.0,0.0,0.0,0.0,0.0,0.0,0.0,0.0,0.0,0.0
513,Zach,Abbott,Abbott,a,,,3.8,809,256.0,0.3,335,122.0,0.2,348.0,122.0,0,0,0.0,-2,2.0,19,17,0.1,0.5,0.2,-0.3,1.0,451.0,164.0,,,439.0,163.0,437.0,158.0,479.0,190.0,458.0,166.0,,,,,,,,0.0,0.01,0.01,2.35,0.0,0.0,3.0,0.75,7.5,29,0.0,0.0,0.0,0.0,0.0,0.0,0.0,0.0,0.0,0.0,0.0,0.0,0.0,0.0,0.0,177.0,205.0,0.0,0.0,0.0,0.0,0.0,0.0,0.0,0.0,0.0,0.0,0.0,0.0,0.0
514,Willy,Boly,Boly,i,Knee injury - Unknown return date,,3.8,786,234.0,0.4,291,108.0,0.0,384.0,137.0,0,0,0.0,-2,2.0,8,39,0.0,0.0,0.0,0.0,0.0,521.0,184.0,0.0,0.0,510.0,183.0,493.0,180.0,462.0,174.0,512.0,183.0,,,,,,,,0.0,0.0,0.0,0.0,0.0,0.0,0.0,0.0,0.0,29,0.0,0.0,0.0,0.0,0.0,0.0,0.0,0.0,0.0,0.0,0.0,0.0,0.0,0.0,0.0,71.0,367.0,0.0,0.0,0.0,0.0,0.0,0.0,0.0,0.0,0.0,0.0,0.0,0.0,0.0
515,Morgan,Gibbs-White,Gibbs-White,a,,,7.3,26,16.0,3.4,102,33.0,3.2,98.0,41.0,0,0,0.0,-2,2.0,1537,260,0.4,15.6,3.2,2.7,4.1,56.0,27.0,100.0,100.0,70.0,20.0,14.0,14.0,23.0,10.0,15.0,11.0,,3.0,2.0,,,,,0.26,0.08,0.34,1.46,0.0,0.26,1.39,1.02,5.05,29,0.0,0.0,0.0,0.0,0.0,0.0,0.0,0.0,0.0,0.0,0.0,0.0,0.0,0.0,0.0,6914.0,6847.0,0.0,0.0,0.0,0.0,0.0,0.0,0.0,0.0,0.0,0.0,0.0,0.0,0.0
516,Callum,Hudson-Odoi,Hudson-Odoi,a,,,5.7,114,72.0,0.7,223,78.0,2.0,173.0,74.0,0,0,0.0,-3,3.0,52,59,0.4,12.3,2.0,1.5,2.7,239.0,99.0,100.0,100.0,191.0,79.0,27.0,26.0,77.0,46.0,63.0,39.0,,,,,,,,0.15,0.13,0.28,1.53,0.0,0.28,1.4,1.01,5.26,29,0.0,0.0,0.0,0.0,0.0,0.0,0.0,0.0,0.0,0.0,0.0,0.0,0.0,0.0,0.0,329.0,1163.0,0.0,0.0,0.0,0.0,0.0,0.0,0.0,0.0,0.0,0.0,0.0,0.0,0.0
517,Elliot,Anderson,Anderson,a,,,5.4,166,103.0,6.2,60,20.0,3.0,106.0,44.0,0,0,0.0,-1,1.0,1192,852,0.6,22.0,3.0,2.5,4.2,50.0,23.0,,,33.0,8.0,5.0,5.0,114.0,68.0,22.0,18.0,1.0,1.0,4.0,,,,,0.08,0.11,0.19,1.41,0.0,0.25,1.44,1.01,14.04,29,0.0,0.0,0.0,0.0,0.0,0.0,0.0,0.0,0.0,0.0,0.0,0.0,0.0,0.0,0.0,7800.0,23214.0,0.0,0.0,0.0,0.0,0.0,0.0,0.0,0.0,0.0,0.0,0.0,0.0,0.0
518,João Pedro,Ferreira da Silva,Jota,u,has joined Besiktas on loan for the rest of the season.,,5.4,177,110.0,0.0,619,240.0,0.0,784.0,344.0,0,0,0.0,-1,1.0,0,0,0.0,0.2,0.0,0.0,1.0,502.0,234.0,0.0,0.0,475.0,215.0,475.0,229.0,437.0,216.0,485.0,223.0,,,,,,,,0.0,0.0,0.0,0.0,0.0,0.0,0.0,0.0,24.55,29,0.0,0.0,0.0,0.0,0.0,0.0,0.0,0.0,0.0,0.0,0.0,0.0,0.0,0.0,0.0,0.0,0.0,0.0,0.0,0.0,0.0,0.0,0.0,0.0,0.0,0.0,0.0,0.0,0.0,0.0
519,Nicolás,Domínguez,Dominguez,a,,,5.0,257,156.0,0.0,630,246.0,0.4,334.0,150.0,0,0,0.0,0,0.0,2,6,0.1,6.8,0.4,-0.1,2.0,334.0,146.0,100.0,100.0,283.0,122.0,207.0,135.0,225.0,125.0,271.0,135.0,,,,,,,,0.12,0.04,0.16,1.74,0.0,0.33,1.75,1.31,9.4,29,0.0,0.0,0.0,0.0,0.0,0.0,0.0,0.0,0.0,0.0,0.0,0.0,0.0,0.0,0.0,4.0,102.0,0.0,0.0,0.0,0.0,0.0,0.0,0.0,0.0,0.0,0.0,0.0,0.0,0.0
520,Lewis,O'Brien,O'Brien,u,Has joined Wrexham permanently.,,5.0,255,155.0,0.0,816,364.0,0.0,743.0,316.0,0,0,0.0,0,0.0,0,0,0.0,0.0,0.0,0.0,0.0,785.0,343.0,0.0,0.0,784.0,342.0,781.0,342.0,778.0,340.0,784.0,342.0,,,,,,,,0.0,0.0,0.0,0.0,0.0,0.0,0.0,0.0,0.0,29,0.0,0.0,0.0,0.0,0.0,0.0,0.0,0.0,0.0,0.0,0.0,0.0,0.0,0.0,0.0,0.0,0.0,0.0,0.0,0.0,0.0,0.0,0.0,0.0,0.0,0.0,0.0,0.0,0.0,0.0
521,Ibrahim,Sangaré,Sangaré,a,,,4.9,308,193.0,0.1,541,197.0,2.0,168.0,71.0,0,0,0.0,-1,1.0,13,9,0.4,13.7,2.0,1.5,3.4,131.0,58.0,100.0,100.0,178.0,70.0,218.0,141.0,226.0,126.0,220.0,107.0,,,,,,,,0.07,0.09,0.16,1.48,0.0,0.36,1.2,1.08,10.72,29,0.0,0.0,0.0,0.0,0.0,0.0,0.0,0.0,0.0,0.0,0.0,0.0,0.0,0.0,0.0,88.0,122.0,0.0,0.0,0.0,0.0,0.0,0.0,0.0,0.0,0.0,0.0,0.0,0.0,0.0
522,Ryan,Yates,Yates,a,,,4.7,383,239.0,0.1,549,199.0,0.2,363.0,163.0,0,0,0.0,-3,3.0,2,2,0.0,3.6,0.2,-0.3,1.3,429.0,191.0,100.0,100.0,388.0,173.0,344.0,185.0,357.0,185.0,388.0,180.0,,,,,,,,0.02,0.05,0.07,0.9,0.0,0.0,1.23,0.25,8.83,29,0.0,0.0,0.0,0.0,0.0,0.0,0.0,0.0,0.0,0.0,0.0,0.0,0.0,0.0,0.0,14.0,33.0,0.0,0.0,0.0,0.0,0.0,0.0,0.0,0.0,0.0,0.0,0.0,0.0,0.0
523,Eric,da Silva Moreira,Da Silva Moreira,a,,,4.5,472,288.0,0.1,568,209.0,0.0,651.0,251.0,0,0,0.0,0,0.0,6,1,0.0,0.0,0.0,-0.5,0.0,727.0,300.0,100.0,100.0,724.0,297.0,719.0,298.0,705.0,293.0,725.0,298.0,,,,,,,,0.0,0.0,0.0,0.0,0.0,0.0,0.0,0.0,0.0,29,0.0,0.0,0.0,0.0,0.0,0.0,0.0,0.0,0.0,0.0,0.0,0.0,0.0,0.0,0.0,32.0,21.0,0.0,0.0,0.0,0.0,0.0,0.0,0.0,0.0,0.0,0.0,0.0,0.0,0.0
524,Marko,Stamenić,Stamenic,u,Has joined Swansea City permanently.,,4.5,449,269.0,0.0,690,283.0,0.0,631.0,234.0,0,0,0.0,0,0.0,0,0,0.0,0.0,0.0,0.0,0.0,711.0,286.0,0.0,0.0,706.0,281.0,702.0,283.0,686.0,276.0,707.0,282.0,,,,,,,,0.0,0.0,0.0,0.0,0.0,0.0,0.0,0.0,0.0,29,0.0,0.0,0.0,0.0,0.0,0.0,0.0,0.0,0.0,0.0,0.0,0.0,0.0,0.0,0.0,0.0,1.0,0.0,0.0,0.0,0.0,0.0,0.0,0.0,0.0,0.0,0.0,0.0,0.0,0.0
525,Chris,Wood,Wood,i,Knee injury - Unknown return date,,7.2,29,12.0,4.6,79,15.0,0.0,814.0,90.0,0,0,0.0,-3,3.0,1,111,0.0,3.5,0.0,0.0,3.1,184.0,18.0,0.0,0.0,382.0,40.0,341.0,42.0,151.0,37.0,334.0,39.0,,,1.0,,,,,0.47,0.02,0.49,1.31,0.0,0.17,1.34,1.17,2.34,29,0.0,0.0,0.0,0.0,0.0,0.0,0.0,0.0,0.0,0.0,0.0,0.0,0.0,0.0,0.0,24.0,435.0,0.0,0.0,0.0,0.0,0.0,0.0,0.0,0.0,0.0,0.0,0.0,0.0,0.0
526,Igor Jesus,Maciel da Cruz,Igor Jesus,a,,,5.8,108,31.0,1.1,181,28.0,1.8,192.0,24.0,0,0,0.0,-2,2.0,245,206,0.3,11.4,1.8,1.3,2.4,293.0,29.0,100.0,100.0,270.0,27.0,204.0,20.0,28.0,15.0,137.0,18.0,,,3.0,,,,,0.24,0.05,0.29,1.56,0.0,0.34,1.65,1.08,4.43,29,0.0,0.0,0.0,0.0,0.0,0.0,0.0,0.0,0.0,0.0,0.0,0.0,0.0,0.0,0.0,1118.0,5538.0,0.0,0.0,0.0,0.0,0.0,0.0,0.0,0.0,0.0,0.0,0.0,0.0,0.0
527,Taiwo,Awoniyi,Awoniyi,a,,,5.2,209,48.0,0.3,323,54.0,0.2,371.0,46.0,0,0,0.0,-3,3.0,11,23,0.0,2.7,0.2,-0.3,1.6,395.0,46.0,100.0,100.0,406.0,44.0,353.0,43.0,233.0,44.0,369.0,44.0,,,,,,,,0.45,0.17,0.62,1.45,0.0,0.0,0.85,0.43,5.55,29,0.0,0.0,0.0,0.0,0.0,0.0,0.0,0.0,0.0,0.0,0.0,0.0,0.0,0.0,0.0,51.0,209.0,0.0,0.0,0.0,0.0,0.0,0.0,0.0,0.0,0.0,0.0,0.0,0.0,0.0
669,Dan,Ndoye,Ndoye,a,,,5.5,147,92.0,0.7,218,76.0,0.8,291.0,131.0,0,0,0.0,-5,5.0,9,15,0.1,8.5,0.8,0.3,2.2,311.0,136.0,100.0,100.0,291.0,127.0,150.0,102.0,153.0,84.0,224.0,111.0,4.0,,,,,,,0.09,0.12,0.21,1.26,0.0,0.16,1.38,1.13,7.61,29,0.0,0.0,0.0,0.0,0.0,0.0,0.0,0.0,0.0,0.0,0.0,0.0,0.0,0.0,0.0,42.0,201.0,0.0,0.0,0.0,0.0,0.0,0.0,0.0,0.0,0.0,0.0,0.0,0.0,0.0
693,Omari,Hutchinson,Hutchinson,a,,,5.4,176,109.0,0.1,522,189.0,2.2,156.0,65.0,0,0,0.0,-1,1.0,4,11,0.4,11.1,2.2,1.7,2.7,236.0,98.0,,,225.0,97.0,47.0,41.0,88.0,55.0,96.0,57.0,2.0,,,,,,,0.13,0.23,0.36,1.35,0.0,0.31,1.33,0.86,7.03,29,0.0,0.0,0.0,0.0,0.0,0.0,0.0,0.0,0.0,0.0,0.0,0.0,0.0,0.0,0.0,52.0,304.0,0.0,0.0,0.0,0.0,0.0,0.0,0.0,0.0,0.0,0.0,0.0,0.0,0.0
696,Arnaud,Kalimuendo,Kalimuendo,u,has joined Eintracht Frankfurt on loan for the rest of the season.,,6.0,90,28.0,0.1,447,65.0,0.0,801.0,86.0,0,0,0.0,0,0.0,0,6,0.0,1.5,0.0,0.0,1.0,506.0,61.0,0.0,0.0,470.0,56.0,399.0,52.0,339.0,52.0,438.0,56.0,,,,,,,,0.44,0.02,0.46,1.59,0.0,0.0,3.03,0.0,6.07,29,0.0,0.0,0.0,0.0,0.0,0.0,0.0,0.0,0.0,0.0,0.0,0.0,0.0,0.0,0.0,0.0,17.0,0.0,0.0,0.0,0.0,0.0,0.0,0.0,0.0,0.0,0.0,0.0,0.0,0.0
715,John Victor,Maciel Furtado,John,i,Knee injury - Expected back 01 Jun,,4.0,672,46.0,0.3,301,40.0,0.0,455.0,57.0,0,0,0.0,0,0.0,3,54,0.0,2.8,0.0,0.0,2.2,304.0,27.0,0.0,0.0,404.0,30.0,563.0,53.0,534.0,40.0,439.0,30.0,,,,,,,,0.0,0.0,0.0,1.26,1.24,0.21,1.65,1.03,0.0,29,0.0,0.0,0.0,0.0,0.0,0.0,0.0,0.0,0.0,0.0,0.0,0.0,0.0,0.0,0.0,42.0,365.0,0.0,0.0,0.0,0.0,0.0,0.0,0.0,0.0,0.0,0.0,0.0,0.0,0.0
716,Nicolò,Savona,Savona,i,Knee injury - Unknown return date,,4.5,451,91.0,0.1,563,203.0,0.0,633.0,243.0,0,0,0.0,0,0.0,1,12,0.0,8.7,0.0,0.0,2.8,215.0,85.0,0.0,0.0,249.0,100.0,224.0,56.0,250.0,68.0,269.0,89.0,,,,,,,,0.12,0.04,0.16,1.32,0.0,0.26,1.58,0.97,5.0,29,0.0,0.0,0.0,0.0,0.0,0.0,0.0,0.0,0.0,0.0,0.0,0.0,0.0,0.0,0.0,2.0,175.0,0.0,0.0,0.0,0.0,0.0,0.0,0.0,0.0,0.0,0.0,0.0,0.0,0.0
729,Luis Eduardo,Soares da Silva,Cuiabano,u,has joined Vasco de Gama on loan for the rest of the season.,,4.5,471,93.0,0.0,813,266.0,0.0,650.0,244.0,0,0,0.0,0,0.0,0,0,0.0,0.0,0.0,0.0,0.0,726.0,259.0,0.0,0.0,723.0,259.0,718.0,259.0,704.0,259.0,724.0,259.0,,,,,,,,0.0,0.0,0.0,0.0,0.0,0.0,0.0,0.0,0.0,29,0.0,0.0,0.0,0.0,0.0,0.0,0.0,0.0,0.0,0.0,0.0,0.0,0.0,0.0,0.0,0.0,0.0,0.0,0.0,0.0,0.0,0.0,0.0,0.0,0.0,0.0,0.0,0.0,0.0,0.0
734,Dilane,Bakwa,Bakwa,a,,,5.9,101,66.0,0.0,677,274.0,0.4,341.0,156.0,0,0,0.0,-1,1.0,2,4,0.1,2.4,0.4,-0.1,1.4,424.0,189.0,100.0,100.0,408.0,180.0,235.0,148.0,277.0,151.0,354.0,170.0,3.0,,,,,,,0.13,0.18,0.31,1.77,0.0,0.0,2.11,0.79,6.84,29,0.0,0.0,0.0,0.0,0.0,0.0,0.0,0.0,0.0,0.0,0.0,0.0,0.0,0.0,0.0,17.0,22.0,0.0,0.0,0.0,0.0,0.0,0.0,0.0,0.0,0.0,0.0,0.0,0.0,0.0
805,Lorenzo,Lucca,Lucca,a,,,5.5,148,36.0,0.0,678,87.0,1.6,210.0,26.0,0,0,0.0,0,0.0,2,19,0.3,1.5,1.6,1.1,2.7,237.0,24.0,,,420.0,49.0,408.0,54.0,355.0,53.0,429.0,55.0,,,,,,,,0.54,0.01,0.55,1.41,0.0,0.76,0.76,0.76,3.78,29,0.0,0.0,0.0,0.0,0.0,0.0,0.0,0.0,0.0,0.0,0.0,0.0,0.0,0.0,0.0,36.0,257.0,0.0,0.0,0.0,0.0,0.0,0.0,0.0,0.0,0.0,0.0,0.0,0.0,0.0
814,Luca,Netz,Netz,a,,,4.5,441,88.0,0.0,790,263.0,0.4,328.0,117.0,0,0,0.0,0,0.0,1,1,0.1,0.4,0.4,-0.1,1.0,475.0,172.0,,,467.0,170.0,456.0,167.0,448.0,169.0,481.0,171.0,,,,,,,,0.0,0.68,0.68,0.09,0.0,0.0,0.0,0.0,1.88,29,0.0,0.0,0.0,0.0,0.0,0.0,0.0,0.0,0.0,0.0,0.0,0.0,0.0,0.0,0.0,7.0,5.0,0.0,0.0,0.0,0.0,0.0,0.0,0.0,0.0,0.0,0.0,0.0,0.0,0.0
528,Anthony,Patterson,Patterson,u,has joined Millwall on loan for the rest of the season.,,4.2,632,34.0,0.2,407,60.0,0.0,523.0,81.0,0,0,0.0,-3,3.0,0,18,0.0,0.0,0.0,0.0,0.0,638.0,88.0,0.0,0.0,629.0,88.0,622.0,78.0,597.0,66.0,631.0,88.0,,,,,,,,0.0,0.0,0.0,0.0,0.0,0.0,0.0,0.0,0.0,29,0.0,0.0,0.0,0.0,0.0,0.0,0.0,0.0,0.0,0.0,0.0,0.0,0.0,0.0,0.0,0.0,89.0,0.0,0.0,0.0,0.0,0.0,0.0,0.0,0.0,0.0,0.0,0.0,0.0,0.0
529,Simon,Moore,Moore,a,,,3.9,742,69.0,0.4,290,38.0,0.0,410.0,28.0,0,0,0.0,-1,1.0,5,22,0.0,0.0,0.0,0.0,0.0,541.0,39.0,,,531.0,39.0,518.0,22.0,488.0,9.0,533.0,39.0,,,,,,,,0.0,0.0,0.0,0.0,0.0,0.0,0.0,0.0,0.0,29,0.0,0.0,0.0,0.0,0.0,0.0,0.0,0.0,0.0,0.0,0.0,0.0,0.0,0.0,0.0,76.0,132.0,0.0,0.0,0.0,0.0,0.0,0.0,0.0,0.0,0.0,0.0,0.0,0.0,0.0
530,Blondy,Nna Noukeu,Nna Noukeu,u,has joined US Boulogne CO permanently.,,3.9,770,86.0,0.1,457,69.0,0.0,432.0,45.0,0,0,0.0,-1,1.0,0,9,0.0,0.0,0.0,0.0,0.0,561.0,56.0,0.0,0.0,551.0,56.0,538.0,39.0,508.0,26.0,553.0,56.0,,,,,,,,0.0,0.0,0.0,0.0,0.0,0.0,0.0,0.0,0.0,29,0.0,0.0,0.0,0.0,0.0,0.0,0.0,0.0,0.0,0.0,0.0,0.0,0.0,0.0,0.0,0.0,41.0,0.0,0.0,0.0,0.0,0.0,0.0,0.0,0.0,0.0,0.0,0.0,0.0,0.0
531,Daniel,Ballard,Ballard,a,,,4.6,399,68.0,3.4,97,35.0,5.2,14.0,6.0,9,0,0.0,1,-1.0,2828,158,1.1,24.8,5.2,5.2,4.6,27.0,10.0,100.0,100.0,32.0,14.0,195.0,50.0,61.0,2.0,61.0,10.0,,,,,,,,0.11,0.03,0.14,1.38,0.0,0.28,1.25,0.97,11.22,29,9.0,90.0,0.0,0.0,1.0,0.0,0.0,0.0,0.0,0.0,0.0,0.0,1.0,1.0,25.0,16548.0,3302.0,0.0,0.010000000000000231,0.0,0.010000000000000231,1.1599999999999966,36.0,0.29999999999998295,7.0,4.299999999999997,2.0,14.0,4.0,16.0
532,Trai,Hume,Hume,a,,,4.5,443,89.0,0.3,305,112.0,3.2,92.0,34.0,8,0,0.0,0,0.0,44,24,0.7,18.9,3.2,3.2,2.9,200.0,78.0,,,127.0,57.0,113.0,29.0,152.0,32.0,125.0,38.0,2.0,,,,,,,0.06,0.04,0.1,1.46,0.0,0.3,1.16,1.01,6.27,29,8.0,90.0,0.0,0.0,1.0,0.0,0.0,0.0,0.0,0.0,0.0,0.0,1.0,2.0,30.0,610.0,496.0,0.0,0.0,0.030000000000000027,0.029999999999999805,1.1599999999999966,16.0,1.1999999999999886,0.0,1.7000000000000028,2.0,7.0,3.0,9.0
533,Aji,Alese,Alese,u,has joined Portsmouth on loan for the rest of the season.,,4.0,671,166.0,0.0,789,262.0,0.0,454.0,174.0,0,0,0.0,0,0.0,0,0,0.0,0.0,0.0,0.0,0.0,582.0,213.0,0.0,0.0,572.0,213.0,562.0,213.0,533.0,209.0,574.0,213.0,,,,,,,,0.0,0.0,0.0,0.0,0.0,0.0,0.0,0.0,0.0,29,0.0,0.0,0.0,0.0,0.0,0.0,0.0,0.0,0.0,0.0,0.0,0.0,0.0,0.0,0.0,0.0,2.0,0.0,0.0,0.0,0.0,0.0,0.0,0.0,0.0,0.0,0.0,0.0,0.0,0.0
535,Dennis,Cirkin,Cirkin,i,Hamstring injury - Expected back 21 Mar,,4.0,682,171.0,0.0,586,209.0,0.0,465.0,179.0,0,0,0.0,0,0.0,0,12,0.0,3.2,0.0,0.0,2.2,305.0,114.0,0.0,0.0,402.0,153.0,429.0,155.0,440.0,164.0,436.0,157.0,,,,,,,,0.0,0.01,0.01,1.84,0.0,0.3,0.61,0.91,7.91,29,0.0,0.0,0.0,0.0,0.0,0.0,0.0,0.0,0.0,0.0,0.0,0.0,0.0,0.0,0.0,4.0,146.0,0.0,0.0,0.0,0.0,0.0,0.0,0.0,0.0,0.0,0.0,0.0,0.0,0.0
536,Leo Fuhr,Hjelde,Hjelde,u,has joined Sheffield United on loan for the rest of the season.,,4.0,690,174.0,0.0,718,250.0,0.0,472.0,181.0,0,0,0.0,0,0.0,0,0,0.0,0.0,0.0,0.0,0.0,598.0,219.0,0.0,0.0,588.0,219.0,579.0,219.0,550.0,215.0,590.0,219.0,,,,,,,,0.0,0.0,0.0,0.0,0.0,0.0,0.0,0.0,0.0,29,0.0,0.0,0.0,0.0,0.0,0.0,0.0,0.0,0.0,0.0,0.0,0.0,0.0,0.0,0.0,0.0,14.0,0.0,0.0,0.0,0.0,0.0,0.0,0.0,0.0,0.0,0.0,0.0,0.0,0.0
537,Niall,Huggins,Huggins,u,has joined Wycombe Wanderers on loan for the rest of the season.,,4.0,692,175.0,0.1,537,191.0,0.0,474.0,182.0,0,0,0.0,0,0.0,0,0,0.0,0.0,0.0,0.0,0.0,600.0,220.0,0.0,0.0,590.0,220.0,581.0,220.0,552.0,216.0,592.0,220.0,,,,,,,,0.0,0.0,0.0,0.0,0.0,0.0,0.0,0.0,0.0,29,0.0,0.0,0.0,0.0,0.0,0.0,0.0,0.0,0.0,0.0,0.0,0.0,0.0,0.0,0.0,0.0,11.0,0.0,0.0,0.0,0.0,0.0,0.0,0.0,0.0,0.0,0.0,0.0,0.0,0.0
538,Zak,Johnson,Johnson,u,has joined York City on loan for the rest of the season.,,3.8,802,249.0,0.2,368,135.0,0.0,396.0,148.0,0,0,0.0,-2,2.0,0,19,0.0,0.0,0.0,0.0,0.0,530.0,192.0,0.0,0.0,520.0,192.0,504.0,190.0,473.0,184.0,522.0,192.0,,,,,,,,0.0,0.0,0.0,0.0,0.0,0.0,0.0,0.0,0.0,29,0.0,0.0,0.0,0.0,0.0,0.0,0.0,0.0,0.0,0.0,0.0,0.0,0.0,0.0,0.0,0.0,95.0,0.0,0.0,0.0,0.0,0.0,0.0,0.0,0.0,0.0,0.0,0.0,0.0,0.0
539,Luke,O'Nien,O'Nien,a,,,4.0,669,164.0,0.1,547,198.0,1.0,251.0,93.0,5,0,0.0,0,0.0,13,6,0.2,1.8,1.0,1.0,1.2,435.0,156.0,100.0,100.0,458.0,167.0,454.0,166.0,439.0,163.0,472.0,169.0,,,,,,,,0.0,0.02,0.02,1.62,0.0,0.8,0.0,0.8,5.62,29,5.0,90.0,0.0,0.0,1.0,0.0,0.0,0.0,0.0,1.0,0.0,0.0,1.0,0.0,20.0,64.0,56.0,0.0,0.0,0.02,0.02,1.1600000000000001,4.4,1.1,2.0,0.8,1.0,3.0,4.0,4.0
540,Timothée,Pembélé,Pembele,u,has joined Le Havre AC on loan for the rest of the season.,,3.9,763,222.0,0.3,325,119.0,0.0,426.0,162.0,0,0,0.0,-1,1.0,0,17,0.0,0.0,0.0,0.0,0.0,556.0,202.0,0.0,0.0,546.0,202.0,533.0,202.0,503.0,197.0,548.0,202.0,,,,,,,,0.0,0.0,0.0,0.0,0.0,0.0,0.0,0.0,0.0,29,0.0,0.0,0.0,0.0,0.0,0.0,0.0,0.0,0.0,0.0,0.0,0.0,0.0,0.0,0.0,0.0,133.0,0.0,0.0,0.0,0.0,0.0,0.0,0.0,0.0,0.0,0.0,0.0,0.0,0.0
541,Reinildo,Mandava,Reinildo,i,Knee injury - Expected back 14 Mar,,3.8,794,241.0,3.0,109,43.0,2.2,143.0,54.0,0,0,0.0,-2,2.0,34,622,0.6,13.4,0.0,0.0,3.0,186.0,69.0,0.0,0.0,199.0,79.0,268.0,80.0,340.0,112.0,280.0,92.0,,,,,,,,0.01,0.03,0.04,1.26,0.0,0.25,1.26,1.07,7.69,29,0.0,0.0,0.0,0.0,0.0,0.0,0.0,0.0,0.0,0.0,0.0,0.0,0.0,0.0,0.0,377.0,6481.0,0.0,0.0,0.0,0.0,0.0,0.0,0.0,0.0,0.0,0.0,0.0,0.0,0.0
542,Jenson,Seelt,Seelt,u,has joined Wolfsburg on loan for the rest of the season.,,4.0,710,187.0,0.1,504,180.0,0.0,489.0,192.0,0,0,0.0,0,0.0,0,2,0.0,0.5,0.0,0.0,1.0,454.0,165.0,0.0,0.0,425.0,159.0,452.0,165.0,566.0,224.0,454.0,163.0,,,,,,,,0.0,0.01,0.01,0.9,0.0,0.0,1.35,0.68,8.12,29,0.0,0.0,0.0,0.0,0.0,0.0,0.0,0.0,0.0,0.0,0.0,0.0,0.0,0.0,0.0,0.0,15.0,0.0,0.0,0.0,0.0,0.0,0.0,0.0,0.0,0.0,0.0,0.0,0.0,0.0
543,Simon,Adingra,Adingra,u,has joined AS Monaco on loan for the rest of the season.,,4.9,342,211.0,0.4,293,100.0,0.0,735.0,310.0,0,0,0.0,-6,6.0,0,30,0.0,6.9,0.0,0.0,2.4,290.0,126.0,0.0,0.0,377.0,167.0,231.0,147.0,282.0,154.0,345.0,167.0,,,,,,,,0.05,0.09,0.14,1.57,0.0,0.55,1.11,1.25,6.24,29,0.0,0.0,0.0,0.0,0.0,0.0,0.0,0.0,0.0,0.0,0.0,0.0,0.0,0.0,0.0,0.0,250.0,0.0,0.0,0.0,0.0,0.0,0.0,0.0,0.0,0.0,0.0,0.0,0.0,0.0
544,Habib,Diarra,Diarra,a,,,5.3,202,125.0,0.1,500,181.0,5.2,15.0,7.0,7,0,0.0,-2,2.0,321,16,1.0,8.3,5.2,5.2,3.7,102.0,46.0,100.0,100.0,344.0,155.0,308.0,173.0,178.0,97.0,323.0,158.0,,,1.0,,,,,0.2,0.04,0.24,1.26,0.0,0.39,0.88,0.97,5.35,29,7.0,90.0,1.0,0.0,1.0,0.0,0.0,0.0,0.0,1.0,0.0,0.0,1.0,0.0,23.0,1203.0,277.0,0.0,0.7899999999999998,0.0,0.79,1.1600000000000001,35.2,1.7000000000000028,17.0,5.400000000000002,1.0,2.0,3.0,6.0
545,Patrick,Roberts,Roberts,u,has joined Birmingham City permanently.,,5.4,158,98.0,0.0,726,303.0,0.0,775.0,338.0,0,0,0.0,-1,1.0,0,0,0.0,0.2,0.0,0.0,1.0,501.0,233.0,0.0,0.0,491.0,226.0,433.0,210.0,429.0,210.0,478.0,220.0,,,,,,,,0.1,0.07,0.17,2.2,0.0,0.0,3.33,0.0,3.33,29,0.0,0.0,0.0,0.0,0.0,0.0,0.0,0.0,0.0,0.0,0.0,0.0,0.0,0.0,0.0,0.0,0.0,0.0,0.0,0.0,0.0,0.0,0.0,0.0,0.0,0.0,0.0,0.0,0.0,0.0
546,Milan,Aleksić,Aleksić,a,,,4.9,347,216.0,0.0,691,284.0,0.0,738.0,313.0,0,0,0.0,-1,1.0,1,1,0.0,0.0,0.0,0.0,0.0,781.0,340.0,100.0,100.0,780.0,339.0,776.0,339.0,772.0,337.0,780.0,339.0,,,,,,,,0.0,0.0,0.0,0.0,0.0,0.0,0.0,0.0,0.0,29,0.0,0.0,0.0,0.0,0.0,0.0,0.0,0.0,0.0,0.0,0.0,0.0,0.0,0.0,0.0,12.0,6.0,0.0,0.0,0.0,0.0,0.0,0.0,0.0,0.0,0.0,0.0,0.0,0.0,0.0
547,Enzo,Le Fée,E.Le Fée,a,,,5.0,266,162.0,1.4,166,57.0,4.3,39.0,19.0,5,0,0.0,0,0.0,378,235,0.9,21.4,4.3,4.3,3.8,88.0,40.0,100.0,100.0,57.0,15.0,19.0,19.0,127.0,73.0,35.0,25.0,3.0,2.0,2.0,,,,,0.18,0.11,0.29,1.47,0.0,0.31,1.22,1.02,9.65,29,5.0,90.0,0.0,0.0,1.0,0.0,0.0,0.0,0.0,0.0,0.0,0.0,1.0,0.0,14.0,5491.0,5569.0,0.0,0.0,0.03000000000000025,0.02999999999999936,1.1600000000000037,16.800000000000068,15.600000000000023,2.0,3.3999999999999915,5.0,2.0,6.0,13.0
548,Romaine,Mundle,Mundle,i,Hamstring injury - Expected back 22 Mar,,4.9,331,205.0,0.0,747,318.0,0.7,298.0,135.0,0,0,0.0,-1,1.0,1,3,0.1,2.9,0.0,0.0,1.0,492.0,225.0,0.0,0.0,431.0,190.0,369.0,189.0,291.0,157.0,402.0,183.0,,,,,,,,0.2,0.11,0.31,1.93,0.0,0.0,2.48,0.45,7.44,29,0.0,0.0,0.0,0.0,0.0,0.0,0.0,0.0,0.0,0.0,0.0,0.0,0.0,0.0,0.0,7.0,22.0,0.0,0.0,0.0,0.0,0.0,0.0,0.0,0.0,0.0,0.0,0.0,0.0,0.0
549,Dan,Neil,Neil,u,has joined Ipswich Town on loan for the rest of the season.,,4.8,362,226.0,0.0,650,260.0,0.0,702.0,289.0,0,0,0.0,-2,2.0,0,1,0.0,0.6,0.0,0.0,1.0,490.0,224.0,0.0,0.0,484.0,222.0,463.0,223.0,750.0,324.0,494.0,227.0,,,,,,,,0.0,0.0,0.0,4.43,0.0,0.0,0.0,0.0,13.85,29,0.0,0.0,0.0,0.0,0.0,0.0,0.0,0.0,0.0,0.0,0.0,0.0,0.0,0.0,0.0,0.0,8.0,0.0,0.0,0.0,0.0,0.0,0.0,0.0,0.0,0.0,0.0,0.0,0.0,0.0
550,Ian,Poveda-Ocampo,Poveda,a,,,4.8,359,225.0,0.0,662,267.0,0.0,700.0,288.0,0,0,0.0,-2,2.0,1,1,0.0,0.0,0.0,0.0,0.0,763.0,327.0,,,762.0,326.0,757.0,326.0,749.0,323.0,762.0,326.0,,,,,,,,0.0,0.0,0.0,0.0,0.0,0.0,0.0,0.0,0.0,29,0.0,0.0,0.0,0.0,0.0,0.0,0.0,0.0,0.0,0.0,0.0,0.0,0.0,0.0,0.0,8.0,12.0,0.0,0.0,0.0,0.0,0.0,0.0,0.0,0.0,0.0,0.0,0.0,0.0,0.0
551,Chris,Rigg,Rigg,a,,,4.7,392,245.0,0.0,597,226.0,0.2,365.0,165.0,1,0,0.0,-3,3.0,4,3,0.0,3.4,0.2,0.2,1.5,410.0,180.0,,,446.0,197.0,343.0,184.0,379.0,192.0,422.0,190.0,,,,,,,,0.08,0.08,0.16,1.29,0.0,0.48,0.48,1.44,6.7,29,1.0,1.0,0.0,0.0,0.0,0.0,0.0,0.0,0.0,0.0,0.0,0.0,0.0,0.0,3.0,20.0,45.0,0.0,0.0,0.0,0.0,0.2699999999999996,0.0,0.0,0.0,0.0,0.0,0.0,1.0,1.0
552,Noah,Sadiki,Sadiki,a,,,4.9,345,214.0,0.1,565,208.0,2.2,154.0,63.0,3,0,0.0,-1,1.0,8,5,0.4,11.8,2.2,2.2,2.4,291.0,127.0,100.0,100.0,217.0,94.0,162.0,111.0,296.0,159.0,236.0,118.0,,,,,,,,0.02,0.04,0.06,1.29,0.0,0.3,1.19,1.02,7.92,29,3.0,90.0,0.0,0.0,1.0,0.0,0.0,0.0,0.0,0.0,0.0,0.0,1.0,0.0,5.0,110.0,105.0,0.0,0.0,0.009999999999999898,0.010000000000000009,1.1600000000000001,8.600000000000023,1.0,0.0,1.0,0.0,5.0,3.0,8.0
553,Chemsdine,Talbi,Talbi,a,,,4.9,343,212.0,0.2,411,139.0,2.2,153.0,62.0,0,0,0.0,-1,1.0,9,16,0.4,13.3,2.2,2.2,3.1,178.0,75.0,100.0,100.0,280.0,120.0,183.0,123.0,169.0,93.0,249.0,125.0,,,,,,,,0.11,0.05,0.16,1.22,0.0,0.47,0.79,0.94,5.58,29,0.0,0.0,0.0,0.0,0.0,0.0,0.0,0.0,0.0,0.0,0.0,0.0,0.0,0.0,0.0,217.0,204.0,0.0,0.0,0.0,0.0,0.0,0.0,0.0,0.0,0.0,0.0,0.0,0.0,0.0
554,Abdoullah,Ba,Ba,a,,,4.3,592,347.0,0.3,298,102.0,0.0,544.0,180.0,0,0,0.0,-2,2.0,7,31,0.0,0.0,0.0,0.0,0.0,648.0,244.0,,,638.0,234.0,633.0,239.0,609.0,227.0,640.0,236.0,,,,,,,,0.0,0.0,0.0,0.0,0.0,0.0,0.0,0.0,0.0,29,0.0,0.0,0.0,0.0,0.0,0.0,0.0,0.0,0.0,0.0,0.0,0.0,0.0,0.0,0.0,120.0,461.0,0.0,0.0,0.0,0.0,0.0,0.0,0.0,0.0,0.0,0.0,0.0,0.0,0.0
555,Alan,Browne,Browne,u,has joined Middlesbrough on loan for the rest of the season.,,4.5,413,252.0,0.0,644,256.0,0.0,608.0,218.0,0,0,0.0,0,0.0,0,2,0.0,0.0,0.0,0.0,0.0,693.0,272.0,0.0,0.0,687.0,266.0,681.0,269.0,662.0,261.0,689.0,268.0,,,,,,,,0.0,0.0,0.0,0.0,0.0,0.0,0.0,0.0,0.0,29,0.0,0.0,0.0,0.0,0.0,0.0,0.0,0.0,0.0,0.0,0.0,0.0,0.0,0.0,0.0,0.0,5.0,0.0,0.0,0.0,0.0,0.0,0.0,0.0,0.0,0.0,0.0,0.0,0.0,0.0
556,Pierre,Ekwah Elimby,Ekwah,u,Has joined AS Saint-Etienne permanently.,,4.5,436,260.0,0.0,773,333.0,0.0,623.0,226.0,0,0,0.0,0,0.0,0,0,0.0,0.0,0.0,0.0,0.0,704.0,279.0,0.0,0.0,698.0,273.0,695.0,276.0,678.0,269.0,700.0,275.0,,,,,,,,0.0,0.0,0.0,0.0,0.0,0.0,0.0,0.0,0.0,29,0.0,0.0,0.0,0.0,0.0,0.0,0.0,0.0,0.0,0.0,0.0,0.0,0.0,0.0,0.0,0.0,1.0,0.0,0.0,0.0,0.0,0.0,0.0,0.0,0.0,0.0,0.0,0.0,0.0,0.0
557,Harrison,Jones,H.Jones,a,,,4.3,609,355.0,0.1,535,196.0,0.0,557.0,188.0,0,0,0.0,-2,2.0,4,6,0.0,0.0,0.0,0.0,0.0,655.0,249.0,,,645.0,239.0,641.0,244.0,618.0,233.0,647.0,241.0,,,,,,,,0.0,0.0,0.0,0.0,0.0,0.0,0.0,0.0,0.0,29,0.0,0.0,0.0,0.0,0.0,0.0,0.0,0.0,0.0,0.0,0.0,0.0,0.0,0.0,0.0,66.0,131.0,0.0,0.0,0.0,0.0,0.0,0.0,0.0,0.0,0.0,0.0,0.0,0.0,0.0
558,Jay,Matete,Matete,u,has joined MK Dons permanently.,,4.3,599,350.0,0.2,395,133.0,0.0,549.0,183.0,0,0,0.0,-2,2.0,0,9,0.0,0.0,0.0,0.0,0.0,650.0,246.0,0.0,0.0,640.0,236.0,635.0,241.0,611.0,229.0,642.0,238.0,,,,,,,,0.0,0.0,0.0,0.0,0.0,0.0,0.0,0.0,0.0,29,0.0,0.0,0.0,0.0,0.0,0.0,0.0,0.0,0.0,0.0,0.0,0.0,0.0,0.0,0.0,0.0,145.0,0.0,0.0,0.0,0.0,0.0,0.0,0.0,0.0,0.0,0.0,0.0,0.0,0.0
559,Nectarios,Triantis,Triantis,u,has joined Minnesota United permanently.,,4.4,549,327.0,0.0,643,255.0,0.0,583.0,202.0,0,0,0.0,-1,1.0,0,0,0.0,0.0,0.0,0.0,0.0,674.0,261.0,0.0,0.0,665.0,252.0,661.0,257.0,639.0,246.0,667.0,254.0,,,,,,,,0.0,0.0,0.0,0.0,0.0,0.0,0.0,0.0,0.0,29,0.0,0.0,0.0,0.0,0.0,0.0,0.0,0.0,0.0,0.0,0.0,0.0,0.0,0.0,0.0,0.0,6.0,0.0,0.0,0.0,0.0,0.0,0.0,0.0,0.0,0.0,0.0,0.0,0.0,0.0
560,Wilson,Isidor,Isidor,a,,,5.1,234,52.0,1.4,165,26.0,1.5,216.0,28.0,4,0,0.0,-4,4.0,94,153,0.3,11.8,1.5,1.5,2.3,300.0,32.0,100.0,100.0,288.0,28.0,387.0,51.0,50.0,20.0,216.0,27.0,,,,,,,,0.32,0.01,0.33,1.53,0.0,0.34,1.28,0.94,3.75,29,4.0,35.0,0.0,1.0,0.0,0.0,0.0,0.0,0.0,0.0,0.0,0.0,0.0,0.0,10.0,724.0,2739.0,0.0,0.06000000000000005,0.0,0.06000000000000005,0.7100000000000009,2.200000000000017,0.3000000000000007,5.0,0.8000000000000043,0.0,1.0,0.0,1.0
561,Eliezer,Mayenda Dossou,Mayenda,a,,,5.2,218,50.0,0.5,253,39.0,1.8,189.0,23.0,1,0,0.0,-3,3.0,73,39,0.3,7.1,1.8,1.8,2.2,310.0,33.0,,,339.0,34.0,333.0,38.0,145.0,35.0,308.0,36.0,,,,,,,,0.26,0.03,0.29,1.55,0.0,0.37,1.1,0.98,3.18,29,1.0,54.0,0.0,0.0,0.0,0.0,0.0,0.0,0.0,0.0,0.0,0.0,1.0,0.0,117.0,1983.0,288.0,0.0,0.0,0.0,0.0,0.4499999999999993,0.0,0.10000000000000142,0.0,0.0,0.0,0.0,1.0,1.0
562,Ahmed,Abdullahi,Abdullahi,a,,,4.2,647,91.0,0.5,267,42.0,0.0,533.0,53.0,0,0,0.0,-3,3.0,23,74,0.0,0.0,0.0,0.0,0.0,643.0,65.0,,,634.0,65.0,628.0,64.0,603.0,64.0,636.0,65.0,,,,,,,,0.0,0.0,0.0,0.0,0.0,0.0,0.0,0.0,0.0,29,0.0,0.0,0.0,0.0,0.0,0.0,0.0,0.0,0.0,0.0,0.0,0.0,0.0,0.0,0.0,222.0,893.0,0.0,0.0,0.0,0.0,0.0,0.0,0.0,0.0,0.0,0.0,0.0,0.0,0.0
563,Luís Hemir,Silva Semedo,Luís Hemir,u,has joined Moreirense on loan for the rest of the season.,,4.4,559,80.0,0.1,511,72.0,0.0,591.0,62.0,0,0,0.0,-1,1.0,0,1,0.0,0.0,0.0,0.0,0.0,680.0,72.0,0.0,0.0,672.0,72.0,667.0,71.0,647.0,71.0,674.0,72.0,,,,,,,,0.0,0.0,0.0,0.0,0.0,0.0,0.0,0.0,0.0,29,0.0,0.0,0.0,0.0,0.0,0.0,0.0,0.0,0.0,0.0,0.0,0.0,0.0,0.0,0.0,0.0,6.0,0.0,0.0,0.0,0.0,0.0,0.0,0.0,0.0,0.0,0.0,0.0,0.0,0.0
564,Nazarii,Rusyn,Rusyn,u,has joined Arka on loan for the rest of the season.,,4.4,539,77.0,0.1,513,73.0,0.0,578.0,59.0,0,0,0.0,-1,1.0,0,4,0.0,0.0,0.0,0.0,0.0,670.0,69.0,0.0,0.0,660.0,69.0,656.0,68.0,634.0,68.0,662.0,69.0,,,,,,,,0.0,0.0,0.0,0.0,0.0,0.0,0.0,0.0,0.0,29,0.0,0.0,0.0,0.0,0.0,0.0,0.0,0.0,0.0,0.0,0.0,0.0,0.0,0.0,0.0,0.0,15.0,0.0,0.0,0.0,0.0,0.0,0.0,0.0,0.0,0.0,0.0,0.0,0.0,0.0
668,Granit,Xhaka,Xhaka,a,,,5.1,222,137.0,3.4,100,32.0,0.7,299.0,136.0,1,0,0.0,1,-1.0,164,370,0.1,18.4,0.7,0.7,3.8,89.0,41.0,100.0,100.0,52.0,14.0,37.0,35.0,271.0,148.0,71.0,44.0,1.0,1.0,,,,,,0.03,0.1,0.13,1.45,0.0,0.3,1.08,0.99,11.2,29,1.0,34.0,0.0,0.0,0.0,0.0,0.0,0.0,0.0,0.0,0.0,0.0,0.0,0.0,5.0,2210.0,4388.0,0.0,0.0,0.010000000000000231,0.009999999999999787,0.7099999999999937,7.600000000000023,11.199999999999989,4.0,2.299999999999997,0.0,3.0,4.0,7.0
670,Robin,Roefs,Roefs,a,,,4.9,338,13.0,11.3,30,6.0,2.0,169.0,16.0,0,0,0.0,4,-4.0,316,3921,0.4,22.4,2.0,2.0,3.9,78.0,8.0,,,10.0,2.0,354.0,2.0,770.0,88.0,147.0,2.0,,,,,,,,0.0,0.0,0.0,1.46,3.04,0.29,1.21,1.0,0.0,29,0.0,0.0,0.0,0.0,0.0,0.0,0.0,0.0,0.0,0.0,0.0,0.0,0.0,0.0,0.0,5966.0,17338.0,0.0,0.0,0.0,0.0,0.0,0.0,0.0,0.0,0.0,0.0,0.0,0.0,0.0
678,Arthur,Masuaku,Masuaku,u,has joined RC Lens on loan for the rest of the season.,,3.9,747,214.0,0.5,259,97.0,0.0,415.0,159.0,0,0,0.0,-1,1.0,0,26,0.0,0.3,0.0,0.0,0.3,517.0,180.0,0.0,0.0,441.0,164.0,392.0,142.0,417.0,157.0,446.0,160.0,,,,,,,,0.05,0.06,0.11,1.5,0.0,0.0,1.44,1.44,7.2,29,0.0,0.0,0.0,0.0,0.0,0.0,0.0,0.0,0.0,0.0,0.0,0.0,0.0,0.0,0.0,0.0,176.0,0.0,0.0,0.0,0.0,0.0,0.0,0.0,0.0,0.0,0.0,0.0,0.0,0.0
683,Omar,Alderete,Alderete,a,,,4.1,651,156.0,6.5,58,20.0,3.5,69.0,22.0,7,0,0.0,1,-1.0,1306,300,0.9,24.4,3.5,3.5,4.0,57.0,23.0,100.0,100.0,26.0,11.0,229.0,60.0,115.0,19.0,91.0,23.0,,,,,,,,0.05,0.03,0.08,1.47,0.0,0.33,1.2,0.99,10.44,29,7.0,90.0,0.0,0.0,1.0,0.0,0.0,0.0,0.0,1.0,0.0,0.0,1.0,0.0,21.0,13427.0,6562.0,0.0,0.0,0.0,0.0,1.1599999999999966,46.59999999999991,0.20000000000000284,2.0,4.900000000000006,1.0,21.0,1.0,22.0
694,Nordi,Mukiele,Mukiele,i,Calf injury - Expected back 14 Mar,,4.5,416,78.0,9.5,36,13.0,2.2,146.0,56.0,0,0,0.0,5,-5.0,50,9448,0.5,25.6,0.0,0.0,4.6,26.0,9.0,0.0,0.0,48.0,21.0,105.0,25.0,196.0,47.0,86.0,20.0,,,,,,,,0.04,0.08,0.12,1.49,0.0,0.29,1.17,1.04,9.36,29,0.0,0.0,0.0,0.0,0.0,0.0,0.0,0.0,0.0,0.0,0.0,0.0,0.0,0.0,0.0,318.0,112834.0,0.0,0.0,0.0,0.0,0.0,0.0,0.0,0.0,0.0,0.0,0.0,0.0,0.0
724,Lutsharel,Geertruida,Geertruida,a,,,4.5,425,84.0,0.1,580,208.0,1.5,214.0,83.0,1,0,0.0,0,0.0,10,9,0.3,9.1,1.5,1.5,1.8,367.0,140.0,,,255.0,104.0,247.0,70.0,326.0,106.0,302.0,101.0,,,,,,,,0.03,0.05,0.08,1.86,0.0,0.15,1.39,0.88,6.43,29,1.0,55.0,0.0,0.0,0.0,0.0,0.0,0.0,0.0,0.0,0.0,0.0,1.0,0.0,3.0,327.0,76.0,0.0,0.0,0.010000000000000009,0.010000000000000009,0.4499999999999993,0.799999999999983,2.3000000000000114,0.0,0.29999999999999716,1.0,1.0,0.0,2.0
730,Brian,Brobbey,Brobbey,i,Groin Injury - Expected back 14 Mar,,5.4,171,41.0,0.7,212,32.0,1.0,264.0,33.0,0,0,0.0,-1,1.0,6,1027,0.2,11.5,0.0,0.0,2.8,224.0,21.0,0.0,0.0,234.0,20.0,264.0,25.0,94.0,27.0,211.0,26.0,,,,,,,,0.2,0.03,0.23,1.59,0.0,0.3,1.28,0.98,3.77,29,0.0,0.0,0.0,0.0,0.0,0.0,0.0,0.0,0.0,0.0,0.0,0.0,0.0,0.0,0.0,37.0,13297.0,0.0,0.0,0.0,0.0,0.0,0.0,0.0,0.0,0.0,0.0,0.0,0.0,0.0
735,Bertrand,Traoré,Traoré,a,,,5.5,136,84.0,0.0,636,250.0,0.3,345.0,159.0,1,0,0.0,0,0.0,5,9,0.1,5.5,0.3,0.3,2.5,278.0,118.0,100.0,100.0,340.0,152.0,245.0,152.0,202.0,113.0,303.0,149.0,,,,,,,,0.07,0.04,0.11,1.38,0.0,0.43,1.28,1.28,5.68,29,1.0,6.0,0.0,0.0,0.0,0.0,0.0,0.0,0.0,0.0,0.0,0.0,0.0,0.0,3.0,122.0,48.0,0.0,0.0,0.0,0.0,0.13000000000000078,0.0,0.5,0.0,0.0,0.0,0.0,0.0,0.0
774,Jenson,Jones,Jenson Jones,a,,,4.0,675,168.0,0.0,688,240.0,0.0,458.0,176.0,0,0,0.0,0,0.0,3,5,0.0,0.0,0.0,0.0,0.0,585.0,215.0,,,575.0,215.0,566.0,215.0,537.0,211.0,577.0,215.0,,,,,,,,0.0,0.0,0.0,0.0,0.0,0.0,0.0,0.0,0.0,29,0.0,0.0,0.0,0.0,0.0,0.0,0.0,0.0,0.0,0.0,0.0,0.0,0.0,0.0,0.0,40.0,52.0,0.0,0.0,0.0,0.0,0.0,0.0,0.0,0.0,0.0,0.0,0.0,0.0,0.0
775,Tymur,Tutierov,Tutierov,u,has joined Exeter City on loan for the rest of the season.,,4.5,491,302.0,0.0,817,365.0,0.0,668.0,264.0,0,0,0.0,0,0.0,0,0,0.0,0.0,0.0,0.0,0.0,741.0,310.0,0.0,0.0,739.0,308.0,733.0,308.0,720.0,304.0,739.0,308.0,,,,,,,,0.0,0.0,0.0,0.0,0.0,0.0,0.0,0.0,0.0,29,0.0,0.0,0.0,0.0,0.0,0.0,0.0,0.0,0.0,0.0,0.0,0.0,0.0,0.0,0.0,0.0,1.0,0.0,0.0,0.0,0.0,0.0,0.0,0.0,0.0,0.0,0.0,0.0,0.0,0.0
800,Djiamgone Jocelin Ta,Bi,Jocelin.T,i,Ankle injury - Expected back 22 Mar,,5.0,285,178.0,0.0,815,363.0,0.2,370.0,170.0,0,0,0.0,0,0.0,0,1,0.0,0.2,0.0,0.0,1.0,497.0,229.0,0.0,0.0,480.0,219.0,443.0,214.0,456.0,224.0,484.0,222.0,1.0,,,,,,,0.0,0.09,0.09,0.57,0.0,0.0,0.0,2.37,7.11,29,0.0,0.0,0.0,0.0,0.0,0.0,0.0,0.0,0.0,0.0,0.0,0.0,0.0,0.0,0.0,4.0,7.0,0.0,0.0,0.0,0.0,0.0,0.0,0.0,0.0,0.0,0.0,0.0,0.0,0.0
812,Melker,Ellborg,Ellborg,a,,,4.0,703,61.0,0.0,758,87.0,2.0,162.0,15.0,10,0,0.0,0,0.0,148,2,0.5,2.5,2.0,2.0,10.0,1.0,1.0,,,438.0,32.0,590.0,68.0,561.0,55.0,463.0,32.0,,,,,,,,0.0,0.0,0.0,1.16,4.0,1.0,0.0,1.0,0.0,29,10.0,90.0,0.0,0.0,1.0,0.0,0.0,0.0,0.0,0.0,0.0,4.0,1.0,3.0,32.0,232.0,35.0,0.0,0.0,0.0,0.0,1.16,25.6,0.0,0.0,2.6,0.0,2.0,11.0,0.0
813,Nilson,Angulo,Angulo,a,,,5.0,276,171.0,0.0,770,330.0,1.8,188.0,79.0,3,0,0.0,0,0.0,7,1,0.4,1.8,1.8,1.8,1.8,372.0,160.0,,,423.0,187.0,379.0,193.0,303.0,164.0,405.0,184.0,,,,,,,,0.17,0.03,0.2,2.01,0.0,0.35,1.42,1.06,7.8,29,3.0,87.0,0.0,0.0,1.0,0.0,0.0,0.0,0.0,0.0,0.0,0.0,1.0,0.0,10.0,19.0,63.0,0.0,0.0,0.009999999999999995,0.009999999999999898,0.7599999999999998,9.200000000000003,0.5,0.0,1.0,3.0,3.0,3.0,9.0
565,Guglielmo,Vicario,Vicario,a,,,4.7,381,16.0,5.7,64,10.0,1.2,240.0,20.0,0,0,0.0,-3,3.0,40,531,0.3,17.9,0.7,1.2,3.0,192.0,21.0,,,24.0,8.0,488.0,15.0,743.0,81.0,194.0,9.0,,,,,,,,0.0,0.0,0.0,1.47,2.68,0.25,1.54,1.0,0.0,29,0.0,0.0,0.0,0.0,0.0,0.0,0.0,0.0,0.0,0.0,0.0,0.0,0.0,0.0,0.0,767.0,4819.0,0.0,0.0,0.0,0.0,0.0,0.0,0.0,0.0,0.0,0.0,0.0,0.0,0.0
566,Brandon,Austin,Austin,a,,,3.9,754,78.0,0.3,322,45.0,0.0,420.0,37.0,0,0,0.0,-1,1.0,8,5,0.0,0.0,-0.5,0.0,0.0,550.0,48.0,,,540.0,48.0,527.0,31.0,497.0,18.0,542.0,48.0,,,,,,,,0.0,0.0,0.0,0.0,0.0,0.0,0.0,0.0,0.0,29,0.0,0.0,0.0,0.0,0.0,0.0,0.0,0.0,0.0,0.0,0.0,0.0,0.0,0.0,0.0,51.0,73.0,0.0,0.0,0.0,0.0,0.0,0.0,0.0,0.0,0.0,0.0,0.0,0.0,0.0
567,Antonín,Kinský,Kinsky,a,,,3.9,769,85.0,1.6,155,19.0,0.0,431.0,44.0,0,0,0.0,-1,1.0,16,66,0.0,0.0,-0.5,0.0,0.0,560.0,55.0,,,550.0,55.0,537.0,38.0,507.0,25.0,552.0,55.0,,,,,,,,0.0,0.0,0.0,0.0,0.0,0.0,0.0,0.0,0.0,29,0.0,0.0,0.0,0.0,0.0,0.0,0.0,0.0,0.0,0.0,0.0,0.0,0.0,0.0,0.0,144.0,526.0,0.0,0.0,0.0,0.0,0.0,0.0,0.0,0.0,0.0,0.0,0.0,0.0,0.0
568,Pedro,Porro Sauceda,Pedro Porro,a,,,5.1,235,33.0,9.3,40,14.0,0.0,760.0,258.0,0,0,0.0,-4,4.0,160,328,0.0,15.5,-0.5,0.0,3.3,151.0,56.0,100.0,100.0,91.0,41.0,22.0,1.0,252.0,70.0,69.0,12.0,2.0,2.0,,,,,,0.03,0.14,0.17,1.3,0.0,0.33,1.23,1.04,6.79,29,0.0,0.0,0.0,0.0,0.0,0.0,0.0,0.0,0.0,0.0,0.0,0.0,0.0,0.0,0.0,1842.0,2944.0,0.0,0.0,0.0,0.0,0.0,0.0,0.0,0.0,0.0,0.0,0.0,0.0,0.0
569,Cristian,Romero,Romero,s,Suspended until 15 Mar,,5.0,253,38.0,3.1,106,41.0,-0.6,820.0,266.0,0,0,0.0,0,0.0,1,485,-0.1,17.8,0.0,0.0,4.2,48.0,21.0,0.0,0.0,51.0,23.0,240.0,67.0,122.0,22.0,116.0,36.0,,,,,,,,0.07,0.06,0.13,1.36,0.0,0.26,1.53,1.05,9.58,29,0.0,0.0,0.0,0.0,0.0,0.0,0.0,0.0,0.0,0.0,0.0,0.0,0.0,0.0,0.0,23.0,4149.0,0.0,0.0,0.0,0.0,0.0,0.0,0.0,0.0,0.0,0.0,0.0,0.0,0.0
570,Kevin,Danso,Danso,a,,,4.2,627,141.0,0.1,439,163.0,0.2,353.0,126.0,0,0,0.0,-3,3.0,11,7,0.0,6.7,-0.3,0.2,2.0,326.0,119.0,100.0,100.0,262.0,106.0,428.0,154.0,412.0,153.0,363.0,126.0,,,,,,,,0.0,0.02,0.02,1.46,0.0,0.27,1.64,1.09,12.7,29,0.0,0.0,0.0,0.0,0.0,0.0,0.0,0.0,0.0,0.0,0.0,0.0,0.0,0.0,0.0,86.0,39.0,0.0,0.0,0.0,0.0,0.0,0.0,0.0,0.0,0.0,0.0,0.0,0.0,0.0
571,Ben,Davies,Davies,i,Ankle injury - Unknown return date,,4.3,578,125.0,0.1,539,193.0,0.0,539.0,227.0,0,0,0.0,-2,2.0,0,7,0.0,2.3,0.0,0.0,3.3,145.0,52.0,0.0,0.0,390.0,148.0,389.0,139.0,320.0,103.0,391.0,141.0,,,,,,,,0.32,0.05,0.37,0.73,0.0,0.0,1.99,1.32,9.26,29,0.0,0.0,0.0,0.0,0.0,0.0,0.0,0.0,0.0,0.0,0.0,0.0,0.0,0.0,0.0,0.0,24.0,0.0,0.0,0.0,0.0,0.0,0.0,0.0,0.0,0.0,0.0,0.0,0.0,0.0
572,Radu,Drăgușin,Dragusin,a,,,4.5,448,90.0,0.0,672,236.0,1.6,198.0,77.0,0,0,0.0,0,0.0,3,13,0.4,2.4,1.1,1.6,1.6,390.0,147.0,100.0,100.0,356.0,135.0,449.0,163.0,361.0,121.0,400.0,145.0,,,,,,,,0.07,0.0,0.07,2.18,0.0,0.0,2.55,0.85,12.13,29,0.0,0.0,0.0,0.0,0.0,0.0,0.0,0.0,0.0,0.0,0.0,0.0,0.0,0.0,0.0,92.0,76.0,0.0,0.0,0.0,0.0,0.0,0.0,0.0,0.0,0.0,0.0,0.0,0.0,0.0
573,Djed,Spence,Spence,d,Knock - 75% chance of playing,,4.2,633,145.0,0.9,196,76.0,0.0,524.0,218.0,0,0,0.0,-3,3.0,3,165,0.0,13.1,-0.4,0.0,2.5,266.0,104.0,75.0,75.0,235.0,91.0,173.0,42.0,179.0,42.0,217.0,73.0,,,,,,,,0.04,0.09,0.13,1.5,0.0,0.37,1.44,1.01,4.75,29,0.0,0.0,0.0,0.0,0.0,0.0,0.0,0.0,0.0,0.0,0.0,0.0,0.0,0.0,0.0,42.0,1884.0,0.0,0.0,0.0,0.0,0.0,0.0,0.0,0.0,0.0,0.0,0.0,0.0,0.0
574,Destiny,Udogie,Udogie,i,Hamstring injury - Expected back 15 Mar,,4.3,594,136.0,0.3,319,118.0,0.0,545.0,229.0,0,0,0.0,-2,2.0,1,11,0.0,3.5,0.0,0.0,1.2,437.0,158.0,0.0,0.0,309.0,118.0,226.0,58.0,267.0,75.0,311.0,105.0,,,,,,,,0.02,0.06,0.08,1.58,0.0,0.0,1.93,0.91,4.53,29,0.0,0.0,0.0,0.0,0.0,0.0,0.0,0.0,0.0,0.0,0.0,0.0,0.0,0.0,0.0,8.0,111.0,0.0,0.0,0.0,0.0,0.0,0.0,0.0,0.0,0.0,0.0,0.0,0.0,0.0
575,Micky,van de Ven,Van de Ven,a,,,4.4,547,119.0,22.1,17,5.0,0.8,273.0,99.0,0,-1,1.0,-1,1.0,430,3929,0.2,22.7,0.3,0.8,3.8,84.0,30.0,100.0,100.0,40.0,16.0,297.0,94.0,124.0,23.0,113.0,34.0,,,,,,,,0.11,0.01,0.12,1.43,0.0,0.27,1.51,1.0,6.72,29,0.0,0.0,0.0,0.0,0.0,0.0,0.0,0.0,0.0,0.0,0.0,0.0,0.0,0.0,0.0,6122.0,41791.0,0.0,0.0,0.0,0.0,0.0,0.0,0.0,0.0,0.0,0.0,0.0,0.0,0.0
576,Ashley,Phillips,Phillips,u,Has joined Stoke City on loan for the rest of the season.,,4.0,711,188.0,0.0,732,254.0,0.0,490.0,193.0,0,0,0.0,0,0.0,0,1,0.0,0.0,0.0,0.0,0.0,613.0,228.0,0.0,0.0,603.0,228.0,595.0,228.0,567.0,225.0,605.0,228.0,,,,,,,,0.0,0.0,0.0,0.0,0.0,0.0,0.0,0.0,0.0,29,0.0,0.0,0.0,0.0,0.0,0.0,0.0,0.0,0.0,0.0,0.0,0.0,0.0,0.0,0.0,0.0,1.0,0.0,0.0,0.0,0.0,0.0,0.0,0.0,0.0,0.0,0.0,0.0,0.0,0.0
579,Son,Heung-min,Son,u,has joined Los Angeles FC permanently.,,8.5,10,6.0,0.1,443,151.0,0.0,817.0,368.0,0,0,0.0,0,0.0,0,4,0.0,0.0,0.0,0.0,0.0,820.0,368.0,0.0,0.0,820.0,368.0,820.0,368.0,820.0,368.0,820.0,368.0,,,,,,,,0.0,0.0,0.0,0.0,0.0,0.0,0.0,0.0,0.0,29,0.0,0.0,0.0,0.0,0.0,0.0,0.0,0.0,0.0,0.0,0.0,0.0,0.0,0.0,0.0,0.0,10.0,0.0,0.0,0.0,0.0,0.0,0.0,0.0,0.0,0.0,0.0,0.0,0.0,0.0
581,James,Maddison,Maddison,i,Anterior cruciate ligament - Unknown return date,,6.8,42,26.0,0.1,442,150.0,0.0,810.0,363.0,0,0,0.0,-2,2.0,3,3,0.0,0.0,0.0,0.0,0.0,817.0,365.0,0.0,0.0,817.0,365.0,817.0,365.0,817.0,365.0,817.0,365.0,,,,,,,,0.0,0.0,0.0,0.0,0.0,0.0,0.0,0.0,0.0,29,0.0,0.0,0.0,0.0,0.0,0.0,0.0,0.0,0.0,0.0,0.0,0.0,0.0,0.0,0.0,14.0,16.0,0.0,0.0,0.0,0.0,0.0,0.0,0.0,0.0,0.0,0.0,0.0,0.0,0.0
582,Mohammed,Kudus,Kudus,i,Thigh injury - Expected back 11 Apr,,6.4,59,38.0,9.5,37,12.0,0.0,807.0,362.0,0,0,0.0,-1,1.0,1,455,0.0,11.7,0.0,0.0,3.9,80.0,38.0,0.0,0.0,155.0,56.0,43.0,39.0,76.0,45.0,73.0,45.0,3.0,4.0,3.0,,,,,0.11,0.14,0.25,1.33,0.0,0.41,1.17,1.11,7.8,29,0.0,0.0,0.0,0.0,0.0,0.0,0.0,0.0,0.0,0.0,0.0,0.0,0.0,0.0,0.0,8.0,2213.0,0.0,0.0,0.0,0.0,0.0,0.0,0.0,0.0,0.0,0.0,0.0,0.0,0.0
583,Dejan,Kulusevski,Kulusevski,i,Knee injury - Unknown return date,,6.4,58,37.0,0.0,721,300.0,0.0,806.0,361.0,0,0,0.0,-1,1.0,1,2,0.0,0.0,0.0,0.0,0.0,814.0,364.0,0.0,0.0,814.0,364.0,814.0,364.0,814.0,364.0,814.0,364.0,,,,,,,,0.0,0.0,0.0,0.0,0.0,0.0,0.0,0.0,0.0,29,0.0,0.0,0.0,0.0,0.0,0.0,0.0,0.0,0.0,0.0,0.0,0.0,0.0,0.0,0.0,5.0,9.0,0.0,0.0,0.0,0.0,0.0,0.0,0.0,0.0,0.0,0.0,0.0,0.0,0.0
584,Mathys,Tel,Tel,a,,,6.2,78,52.0,0.1,433,145.0,0.8,293.0,132.0,0,0,0.0,-3,3.0,13,21,0.1,8.1,0.3,0.8,2.4,295.0,129.0,,,295.0,131.0,185.0,124.0,138.0,78.0,234.0,117.0,4.0,,,,,,,0.23,0.11,0.34,1.39,0.0,0.14,1.77,0.82,8.31,29,0.0,0.0,0.0,0.0,0.0,0.0,0.0,0.0,0.0,0.0,0.0,0.0,0.0,0.0,0.0,147.0,182.0,0.0,0.0,0.0,0.0,0.0,0.0,0.0,0.0,0.0,0.0,0.0,0.0,0.0
585,Rodrigo,Bentancur,Bentancur,i,Hamstring injury - Unknown return date,,5.2,207,128.0,0.2,405,137.0,0.0,765.0,331.0,0,0,0.0,-3,3.0,0,8,0.0,12.3,0.0,0.0,3.2,162.0,69.0,0.0,0.0,211.0,90.0,192.0,127.0,264.0,146.0,242.0,122.0,,,,,,,,0.03,0.04,0.07,1.32,0.0,0.32,1.34,1.09,13.24,29,0.0,0.0,0.0,0.0,0.0,0.0,0.0,0.0,0.0,0.0,0.0,0.0,0.0,0.0,0.0,3.0,63.0,0.0,0.0,0.0,0.0,0.0,0.0,0.0,0.0,0.0,0.0,0.0,0.0,0.0
586,Lucas,Bergvall,Bergvall,i,Ankle injury - Unknown return date,,5.2,219,136.0,0.2,393,132.0,0.0,768.0,334.0,0,0,0.0,-3,3.0,0,5,0.0,7.5,0.0,0.0,2.3,301.0,131.0,0.0,0.0,317.0,142.0,292.0,169.0,204.0,114.0,309.0,151.0,,,,,,,,0.11,0.04,0.15,1.15,0.0,0.34,1.46,1.13,7.66,29,0.0,0.0,0.0,0.0,0.0,0.0,0.0,0.0,0.0,0.0,0.0,0.0,0.0,0.0,0.0,0.0,41.0,0.0,0.0,0.0,0.0,0.0,0.0,0.0,0.0,0.0,0.0,0.0,0.0,0.0
587,Yves,Bissouma,Bissouma,a,,,5.2,210,129.0,0.0,581,216.0,1.4,226.0,93.0,0,0,0.0,-3,3.0,6,9,0.3,2.5,0.9,1.4,1.9,352.0,151.0,100.0,100.0,387.0,172.0,398.0,198.0,369.0,190.0,409.0,187.0,,,,,,,,0.08,0.02,0.1,2.25,0.0,0.0,2.83,1.09,13.29,29,0.0,0.0,0.0,0.0,0.0,0.0,0.0,0.0,0.0,0.0,0.0,0.0,0.0,0.0,0.0,43.0,58.0,0.0,0.0,0.0,0.0,0.0,0.0,0.0,0.0,0.0,0.0,0.0,0.0,0.0
588,Wilson,Odobert,Odobert,i,Knee injury - Unknown return date,,5.3,203,126.0,0.0,593,222.0,0.4,338.0,153.0,0,0,0.0,-2,2.0,2,10,0.1,8.7,0.0,0.0,1.9,354.0,152.0,0.0,0.0,297.0,133.0,102.0,74.0,104.0,65.0,175.0,90.0,,,,,,,,0.18,0.11,0.29,1.32,0.0,0.19,1.2,0.93,7.13,29,0.0,0.0,0.0,0.0,0.0,0.0,0.0,0.0,0.0,0.0,0.0,0.0,0.0,0.0,0.0,2.0,215.0,0.0,0.0,0.0,0.0,0.0,0.0,0.0,0.0,0.0,0.0,0.0,0.0,0.0
589,Manor,Solomon,Solomon,u,has joined Fiorentina on loan for the rest of the season.,,5.4,167,104.0,0.0,762,325.0,0.0,780.0,341.0,0,0,0.0,-1,1.0,0,0,0.0,0.0,0.0,0.0,0.0,801.0,354.0,0.0,0.0,800.0,353.0,799.0,353.0,797.0,352.0,800.0,353.0,,,,,,,,0.0,0.0,0.0,0.0,0.0,0.0,0.0,0.0,0.0,29,0.0,0.0,0.0,0.0,0.0,0.0,0.0,0.0,0.0,0.0,0.0,0.0,0.0,0.0,0.0,0.0,0.0,0.0,0.0,0.0,0.0,0.0,0.0,0.0,0.0,0.0,0.0,0.0,0.0,0.0
590,Bryan,Gil Salvatierra,Bryan,u,has joined Girona permanently.,,4.9,326,202.0,0.0,658,264.0,0.0,727.0,306.0,0,0,0.0,-1,1.0,0,0,0.0,0.0,0.0,0.0,0.0,774.0,335.0,0.0,0.0,773.0,334.0,769.0,334.0,764.0,332.0,773.0,334.0,,,,,,,,0.0,0.0,0.0,0.0,0.0,0.0,0.0,0.0,0.0,29,0.0,0.0,0.0,0.0,0.0,0.0,0.0,0.0,0.0,0.0,0.0,0.0,0.0,0.0,0.0,0.0,0.0,0.0,0.0,0.0,0.0,0.0,0.0,0.0,0.0,0.0,0.0,0.0,0.0,0.0
591,Archie,Gray,Gray,a,,,4.8,372,233.0,0.1,416,142.0,3.6,60.0,27.0,0,0,0.0,-2,2.0,42,22,0.8,10.0,3.1,3.6,2.7,233.0,97.0,100.0,100.0,259.0,108.0,265.0,161.0,215.0,120.0,276.0,139.0,,,,,,,,0.1,0.06,0.16,1.52,0.0,0.41,1.63,1.14,8.21,29,0.0,0.0,0.0,0.0,0.0,0.0,0.0,0.0,0.0,0.0,0.0,0.0,0.0,0.0,0.0,510.0,213.0,0.0,0.0,0.0,0.0,0.0,0.0,0.0,0.0,0.0,0.0,0.0,0.0,0.0
592,Mikey,Moore,Moore,u,Has joined Rangers on loan for the rest of the season.,,5.0,272,167.0,0.0,793,348.0,0.0,750.0,322.0,0,0,0.0,0,0.0,0,0,0.0,0.0,0.0,0.0,0.0,791.0,348.0,0.0,0.0,790.0,347.0,788.0,347.0,784.0,345.0,790.0,347.0,,,,,,,,0.0,0.0,0.0,0.0,0.0,0.0,0.0,0.0,0.0,29,0.0,0.0,0.0,0.0,0.0,0.0,0.0,0.0,0.0,0.0,0.0,0.0,0.0,0.0,0.0,0.0,0.0,0.0,0.0,0.0,0.0,0.0,0.0,0.0,0.0,0.0,0.0,0.0,0.0,0.0
593,Pape Matar,Sarr,P.M.Sarr,a,,,4.5,442,265.0,1.1,180,63.0,3.0,104.0,43.0,0,0,0.0,-5,5.0,252,184,0.7,12.9,2.5,3.0,3.1,174.0,73.0,100.0,100.0,207.0,86.0,246.0,153.0,213.0,119.0,244.0,123.0,,,,,,,,0.11,0.08,0.19,1.8,0.0,0.26,1.29,0.86,12.26,29,0.0,0.0,0.0,0.0,0.0,0.0,0.0,0.0,0.0,0.0,0.0,0.0,0.0,0.0,0.0,3748.0,2319.0,0.0,0.0,0.0,0.0,0.0,0.0,0.0,0.0,0.0,0.0,0.0,0.0,0.0
594,Yang,Min-hyeok,Min-hyeok,u,has joined Coventry City on loan for the rest of the season.,,4.5,502,311.0,0.0,734,308.0,0.0,677.0,272.0,0,0,0.0,0,0.0,0,0,0.0,0.0,0.0,0.0,0.0,749.0,317.0,0.0,0.0,748.0,316.0,742.0,316.0,729.0,312.0,748.0,316.0,,,,,,,,0.0,0.0,0.0,0.0,0.0,0.0,0.0,0.0,0.0,29,0.0,0.0,0.0,0.0,0.0,0.0,0.0,0.0,0.0,0.0,0.0,0.0,0.0,0.0,0.0,0.0,0.0,0.0,0.0,0.0,0.0,0.0,0.0,0.0,0.0,0.0,0.0,0.0,0.0,0.0
596,Dominic,Solanke-Mitchell,Solanke,a,,,7.2,30,13.0,1.2,176,27.0,1.4,231.0,29.0,0,0,0.0,-3,3.0,69,298,0.2,3.3,0.9,1.4,2.7,245.0,26.0,100.0,100.0,332.0,32.0,337.0,41.0,172.0,39.0,322.0,38.0,,,2.0,,,,,0.21,0.03,0.24,1.86,0.0,0.0,1.89,0.86,6.34,29,0.0,0.0,0.0,0.0,0.0,0.0,0.0,0.0,0.0,0.0,0.0,0.0,0.0,0.0,0.0,1345.0,3099.0,0.0,0.0,0.0,0.0,0.0,0.0,0.0,0.0,0.0,0.0,0.0,0.0,0.0
597,Richarlison,de Andrade,Richarlison,a,,,6.3,65,21.0,5.4,69,14.0,1.2,245.0,30.0,0,0,0.0,-2,2.0,188,143,0.2,12.9,0.7,1.2,3.5,128.0,11.0,100.0,100.0,100.0,8.0,184.0,16.0,22.0,13.0,58.0,13.0,,,5.0,,,,,0.36,0.08,0.44,1.29,0.0,0.34,1.35,0.88,6.83,29,0.0,0.0,0.0,0.0,0.0,0.0,0.0,0.0,0.0,0.0,0.0,0.0,0.0,0.0,0.0,2491.0,962.0,0.0,0.0,0.0,0.0,0.0,0.0,0.0,0.0,0.0,0.0,0.0,0.0,0.0
598,Will,Lankshear,Lankshear,u,has joined Oxford United on loan for the rest of the season.,,4.5,466,66.0,0.0,671,86.0,0.0,645.0,66.0,0,0,0.0,0,0.0,0,0,0.0,0.0,0.0,0.0,0.0,723.0,76.0,0.0,0.0,719.0,76.0,714.0,75.0,699.0,75.0,720.0,76.0,,,,,,,,0.0,0.0,0.0,0.0,0.0,0.0,0.0,0.0,0.0,29,0.0,0.0,0.0,0.0,0.0,0.0,0.0,0.0,0.0,0.0,0.0,0.0,0.0,0.0,0.0,0.0,3.0,0.0,0.0,0.0,0.0,0.0,0.0,0.0,0.0,0.0,0.0,0.0,0.0,0.0
599,Dane,Scarlett,Scarlett,u,has joined Hibernian on loan for the rest of the season.,,4.3,596,84.0,0.6,247,37.0,0.0,547.0,54.0,0,0,0.0,-2,2.0,0,32,0.0,0.5,0.0,0.0,1.0,462.0,57.0,0.0,0.0,498.0,60.0,444.0,59.0,445.0,60.0,487.0,60.0,,,,,,,,0.0,0.13,0.13,0.39,0.0,0.0,0.0,0.0,12.86,29,0.0,0.0,0.0,0.0,0.0,0.0,0.0,0.0,0.0,0.0,0.0,0.0,0.0,0.0,0.0,0.0,304.0,0.0,0.0,0.0,0.0,0.0,0.0,0.0,0.0,0.0,0.0,0.0,0.0,0.0
673,João Maria,Lobo Alves Palhares Costa Palhinha Gonçalves,J.Palhinha,a,,,5.5,137,85.0,0.8,205,72.0,1.6,209.0,86.0,0,0,0.0,0,0.0,27,88,0.3,16.4,1.1,1.6,3.6,115.0,52.0,100.0,100.0,74.0,22.0,255.0,157.0,164.0,89.0,144.0,77.0,,,,,,,,0.07,0.03,0.1,1.46,0.0,0.21,1.55,0.96,12.4,29,0.0,0.0,0.0,0.0,0.0,0.0,0.0,0.0,0.0,0.0,0.0,0.0,0.0,0.0,0.0,280.0,824.0,0.0,0.0,0.0,0.0,0.0,0.0,0.0,0.0,0.0,0.0,0.0,0.0,0.0
717,Xavi,Simons,Xavi,a,,,6.5,53,34.0,1.1,179,62.0,1.2,248.0,107.0,0,0,0.0,-5,5.0,66,240,0.2,9.5,0.7,1.2,2.8,228.0,96.0,100.0,100.0,209.0,88.0,36.0,34.0,128.0,74.0,95.0,56.0,1.0,3.0,4.0,,,,,0.13,0.2,0.33,1.64,0.0,0.18,1.96,1.01,7.83,29,0.0,0.0,0.0,0.0,0.0,0.0,0.0,0.0,0.0,0.0,0.0,0.0,0.0,0.0,0.0,1210.0,2399.0,0.0,0.0,0.0,0.0,0.0,0.0,0.0,0.0,0.0,0.0,0.0,0.0,0.0
726,Randal,Kolo Muani,Kolo Muani,a,,,6.9,38,15.0,0.4,285,46.0,2.0,176.0,22.0,0,0,0.0,-1,1.0,71,65,0.3,5.2,1.5,2.0,1.8,377.0,45.0,100.0,100.0,336.0,33.0,166.0,13.0,129.0,32.0,248.0,29.0,,,,,,,,0.13,0.09,0.22,1.5,0.0,0.24,1.89,1.1,6.06,29,0.0,0.0,0.0,0.0,0.0,0.0,0.0,0.0,0.0,0.0,0.0,0.0,0.0,0.0,0.0,704.0,749.0,0.0,0.0,0.0,0.0,0.0,0.0,0.0,0.0,0.0,0.0,0.0,0.0,0.0
745,Jun'ai,Byfield,Byfield,a,,,4.0,734,209.0,0.0,625,223.0,0.0,510.0,211.0,0,0,0.0,0,0.0,5,9,0.0,0.2,-0.5,0.0,1.0,458.0,169.0,,,502.0,178.0,472.0,173.0,586.0,242.0,506.0,179.0,,,,,,,,0.0,0.0,0.0,0.0,0.0,0.0,0.0,0.0,0.0,29,0.0,0.0,0.0,0.0,0.0,0.0,0.0,0.0,0.0,0.0,0.0,0.0,0.0,0.0,0.0,17.0,17.0,0.0,0.0,0.0,0.0,0.0,0.0,0.0,0.0,0.0,0.0,0.0,0.0,0.0
750,James,Rowswell,Rowswell,a,,,4.0,698,180.0,0.0,645,228.0,0.0,480.0,187.0,0,0,0.0,0,0.0,5,8,0.0,0.0,-0.5,0.0,0.0,604.0,223.0,,,594.0,223.0,585.0,223.0,556.0,219.0,596.0,223.0,,,,,,,,0.0,0.0,0.0,0.0,0.0,0.0,0.0,0.0,0.0,29,0.0,0.0,0.0,0.0,0.0,0.0,0.0,0.0,0.0,0.0,0.0,0.0,0.0,0.0,0.0,19.0,25.0,0.0,0.0,0.0,0.0,0.0,0.0,0.0,0.0,0.0,0.0,0.0,0.0,0.0
751,Yusuf,Akhamrich,Akhamrich,u,has joined Bristol Rovers on loan for the rest of the season.,,4.5,485,298.0,0.0,777,337.0,0.0,663.0,261.0,0,0,0.0,0,0.0,0,0,0.0,0.0,0.0,0.0,0.0,736.0,307.0,0.0,0.0,734.0,305.0,728.0,305.0,715.0,301.0,734.0,305.0,,,,,,,,0.0,0.0,0.0,0.0,0.0,0.0,0.0,0.0,0.0,29,0.0,0.0,0.0,0.0,0.0,0.0,0.0,0.0,0.0,0.0,0.0,0.0,0.0,0.0,0.0,0.0,2.0,0.0,0.0,0.0,0.0,0.0,0.0,0.0,0.0,0.0,0.0,0.0,0.0,0.0
790,Lucá,Williams-Barnett,Williams-Barnett,a,,,4.5,498,308.0,0.0,771,331.0,0.0,673.0,269.0,0,0,0.0,0,0.0,1,2,0.0,0.0,-0.5,0.0,0.0,745.0,314.0,,,744.0,313.0,738.0,313.0,725.0,309.0,744.0,313.0,,,,,,,,0.0,0.0,0.0,0.0,0.0,0.0,0.0,0.0,0.0,29,0.0,0.0,0.0,0.0,0.0,0.0,0.0,0.0,0.0,0.0,0.0,0.0,0.0,0.0,0.0,15.0,21.0,0.0,0.0,0.0,0.0,0.0,0.0,0.0,0.0,0.0,0.0,0.0,0.0,0.0
796,Conor,Gallagher,Gallagher,a,,,5.3,192,120.0,0.1,436,147.0,1.4,227.0,94.0,0,0,0.0,-2,2.0,17,88,0.3,3.4,0.9,1.4,2.6,257.0,109.0,,,372.0,165.0,249.0,155.0,263.0,145.0,342.0,165.0,,,,,,,,0.1,0.08,0.18,2.19,0.0,0.0,2.38,1.19,9.51,29,0.0,0.0,0.0,0.0,0.0,0.0,0.0,0.0,0.0,0.0,0.0,0.0,0.0,0.0,0.0,151.0,949.0,0.0,0.0,0.0,0.0,0.0,0.0,0.0,0.0,0.0,0.0,0.0,0.0,0.0
804,João Victor,de Souza Menezes,Souza,a,,,4.0,731,206.0,0.0,696,242.0,0.4,323.0,113.0,0,0,0.0,0,0.0,4,6,0.1,0.5,-0.1,0.4,1.0,457.0,168.0,,,466.0,169.0,390.0,140.0,430.0,160.0,457.0,165.0,,,,,,,,0.0,0.06,0.06,2.32,0.0,0.0,2.0,0.0,4.0,29,0.0,0.0,0.0,0.0,0.0,0.0,0.0,0.0,0.0,0.0,0.0,0.0,0.0,0.0,0.0,50.0,48.0,0.0,0.0,0.0,0.0,0.0,0.0,0.0,0.0,0.0,0.0,0.0,0.0,0.0
811,Rio,Kyerematen,Kyerematen,a,,,4.5,460,279.0,0.0,799,353.0,0.0,640.0,242.0,0,0,0.0,0,0.0,2,2,0.0,0.0,-0.5,0.0,0.0,719.0,294.0,,,714.0,289.0,710.0,291.0,694.0,284.0,715.0,290.0,,,,,,,,0.0,0.0,0.0,0.0,0.0,0.0,0.0,0.0,0.0,29,0.0,0.0,0.0,0.0,0.0,0.0,0.0,0.0,0.0,0.0,0.0,0.0,0.0,0.0,0.0,13.0,17.0,0.0,0.0,0.0,0.0,0.0,0.0,0.0,0.0,0.0,0.0,0.0,0.0,0.0
818,James,Wilson,Wilson,a,,,4.5,499,71.0,0.0,727,89.0,0.0,674.0,71.0,0,0,0.0,0,0.0,25,9,0.0,0.0,-0.5,0.0,0.0,746.0,81.0,,,745.0,81.0,739.0,80.0,726.0,80.0,745.0,81.0,,,,,,,,0.0,0.0,0.0,0.0,0.0,0.0,0.0,0.0,0.0,29,0.0,0.0,0.0,0.0,0.0,0.0,0.0,0.0,0.0,0.0,0.0,0.0,0.0,0.0,0.0,222.0,89.0,0.0,0.0,0.0,0.0,0.0,0.0,0.0,0.0,0.0,0.0,0.0,0.0,0.0
326,Adama,Traoré Diarra,Adama,a,,,5.1,226,139.0,0.2,409,138.0,0.6,312.0,144.0,0,0,0.0,-4,4.0,13,21,0.1,3.9,0.1,0.6,1.1,445.0,199.0,,,443.0,194.0,317.0,177.0,304.0,165.0,390.0,181.0,,,,,,,,0.11,0.17,0.28,2.04,0.0,0.0,3.15,0.31,4.41,29,0.0,0.0,0.0,0.0,0.0,0.0,0.0,0.0,0.0,0.0,0.0,0.0,0.0,0.0,0.0,68.0,170.0,0.0,0.0,0.0,0.0,0.0,0.0,0.0,0.0,0.0,0.0,0.0,0.0,0.0
600,Alphonse,Areola,Areola,a,,,4.3,574,27.0,2.1,134,18.0,0.0,536.0,82.0,0,0,0.0,-2,2.0,38,180,0.0,11.9,-0.5,0.0,2.5,268.0,25.0,,,44.0,11.0,420.0,6.0,605.0,68.0,212.0,11.0,,,,,,,,0.0,0.0,0.0,1.76,3.85,0.0,1.85,1.0,0.0,29,0.0,0.0,0.0,0.0,0.0,0.0,0.0,0.0,0.0,0.0,0.0,0.0,0.0,0.0,0.0,387.0,2612.0,0.0,0.0,0.0,0.0,0.0,0.0,0.0,0.0,0.0,0.0,0.0,0.0,0.0
601,Wes,Foderingham,Foderingham,u,has joined Aris Limassol permanently.,,4.0,662,42.0,0.2,358,51.0,0.0,447.0,53.0,0,0,0.0,0,0.0,0,7,0.0,0.0,0.0,0.0,0.0,576.0,64.0,0.0,0.0,566.0,64.0,555.0,49.0,526.0,36.0,568.0,64.0,,,,,,,,0.0,0.0,0.0,0.0,0.0,0.0,0.0,0.0,0.0,29,0.0,0.0,0.0,0.0,0.0,0.0,0.0,0.0,0.0,0.0,0.0,0.0,0.0,0.0,0.0,0.0,47.0,0.0,0.0,0.0,0.0,0.0,0.0,0.0,0.0,0.0,0.0,0.0,0.0,0.0
602,Krisztián,Hegyi,Hegyi,u,has joined MTK Budapest on loan for the rest of the season.,,3.9,768,84.0,0.2,367,53.0,0.0,430.0,43.0,0,0,0.0,-1,1.0,0,8,0.0,0.0,0.0,0.0,0.0,559.0,54.0,0.0,0.0,549.0,54.0,536.0,37.0,506.0,24.0,551.0,54.0,,,,,,,,0.0,0.0,0.0,0.0,0.0,0.0,0.0,0.0,0.0,29,0.0,0.0,0.0,0.0,0.0,0.0,0.0,0.0,0.0,0.0,0.0,0.0,0.0,0.0,0.0,0.0,90.0,0.0,0.0,0.0,0.0,0.0,0.0,0.0,0.0,0.0,0.0,0.0,0.0,0.0
603,El Hadji Malick,Diouf,Diouf,a,,,4.0,729,204.0,2.0,136,52.0,5.4,10.0,4.0,0,0,0.0,-5,5.0,1071,173,1.4,18.2,4.9,5.4,3.3,144.0,51.0,100.0,100.0,114.0,49.0,124.0,32.0,272.0,76.0,149.0,50.0,,,,,,,,0.02,0.08,0.1,1.46,0.0,0.25,1.83,0.99,7.55,29,0.0,0.0,0.0,0.0,0.0,0.0,0.0,0.0,0.0,0.0,0.0,0.0,0.0,0.0,0.0,17514.0,2825.0,0.0,0.0,0.0,0.0,0.0,0.0,0.0,0.0,0.0,0.0,0.0,0.0,0.0
604,Emerson,Palmieri dos Santos,Emerson,u,has joined Marseille permanently.,,4.4,522,101.0,0.1,579,207.0,0.0,569.0,230.0,0,0,0.0,-1,1.0,0,0,0.0,0.0,0.0,0.0,0.0,665.0,251.0,0.0,0.0,655.0,251.0,651.0,251.0,629.0,250.0,657.0,251.0,,,,,,,,0.0,0.0,0.0,0.0,0.0,0.0,0.0,0.0,0.0,29,0.0,0.0,0.0,0.0,0.0,0.0,0.0,0.0,0.0,0.0,0.0,0.0,0.0,0.0,0.0,0.0,2.0,0.0,0.0,0.0,0.0,0.0,0.0,0.0,0.0,0.0,0.0,0.0,0.0,0.0
605,Maximilian,Kilman,Kilman,a,,,4.1,652,157.0,0.1,420,154.0,0.0,515.0,215.0,0,0,0.0,-4,4.0,1,7,0.0,8.8,-0.5,0.0,1.7,378.0,142.0,,,121.0,53.0,330.0,113.0,309.0,93.0,245.0,80.0,,,,,,,,0.03,0.01,0.04,1.92,0.0,0.06,2.14,0.98,9.24,29,0.0,0.0,0.0,0.0,0.0,0.0,0.0,0.0,0.0,0.0,0.0,0.0,0.0,0.0,0.0,30.0,177.0,0.0,0.0,0.0,0.0,0.0,0.0,0.0,0.0,0.0,0.0,0.0,0.0,0.0
606,Konstantinos,Mavropanos,Mavropanos,a,,,4.4,534,112.0,0.1,516,184.0,3.6,57.0,18.0,0,0,0.0,-1,1.0,8,10,0.8,13.9,3.1,3.6,2.9,199.0,77.0,100.0,100.0,94.0,43.0,383.0,137.0,176.0,41.0,201.0,67.0,,,,,,,,0.07,0.02,0.09,1.45,0.0,0.16,1.73,0.94,10.56,29,0.0,0.0,0.0,0.0,0.0,0.0,0.0,0.0,0.0,0.0,0.0,0.0,0.0,0.0,0.0,201.0,605.0,0.0,0.0,0.0,0.0,0.0,0.0,0.0,0.0,0.0,0.0,0.0,0.0,0.0
607,Nayef,Aguerd,N.Aguerd,u,has joined Marseille permanently.,,4.4,527,106.0,0.0,608,216.0,0.0,572.0,233.0,0,0,0.0,-1,1.0,0,0,0.0,0.7,0.0,0.0,1.5,406.0,149.0,0.0,0.0,417.0,157.0,446.0,161.0,413.0,154.0,444.0,159.0,,,,,,,,0.05,0.02,0.07,1.71,0.0,0.0,4.0,1.0,7.5,29,0.0,0.0,0.0,0.0,0.0,0.0,0.0,0.0,0.0,0.0,0.0,0.0,0.0,0.0,0.0,0.0,0.0,0.0,0.0,0.0,0.0,0.0,0.0,0.0,0.0,0.0,0.0,0.0,0.0,0.0
608,Ollie,Scarles,Scarles,a,,,4.3,606,139.0,0.0,617,219.0,0.4,325.0,115.0,0,0,0.0,-2,2.0,2,1,0.1,4.9,-0.1,0.4,1.8,363.0,138.0,100.0,100.0,316.0,122.0,302.0,99.0,372.0,128.0,355.0,121.0,5.0,,,,,,,0.02,0.04,0.06,1.83,0.0,0.0,2.2,1.24,9.91,29,0.0,0.0,0.0,0.0,0.0,0.0,0.0,0.0,0.0,0.0,0.0,0.0,0.0,0.0,0.0,11.0,47.0,0.0,0.0,0.0,0.0,0.0,0.0,0.0,0.0,0.0,0.0,0.0,0.0,0.0
609,Jean-Clair,Todibo,Todibo,a,,,4.3,589,133.0,0.1,486,174.0,0.0,542.0,228.0,0,0,0.0,-2,2.0,5,8,0.0,7.2,-0.5,0.0,1.7,379.0,143.0,100.0,100.0,156.0,66.0,316.0,106.0,371.0,127.0,278.0,91.0,,,,,,,,0.01,0.02,0.03,1.7,0.0,0.0,1.95,1.07,8.17,29,0.0,0.0,0.0,0.0,0.0,0.0,0.0,0.0,0.0,0.0,0.0,0.0,0.0,0.0,0.0,29.0,64.0,0.0,0.0,0.0,0.0,0.0,0.0,0.0,0.0,0.0,0.0,0.0,0.0,0.0
610,Aaron,Wan-Bissaka,Wan-Bissaka,a,,,4.1,653,158.0,4.6,78,25.0,3.2,88.0,30.0,0,0,0.0,-4,4.0,190,333,0.8,13.2,2.7,3.2,2.8,212.0,82.0,100.0,100.0,138.0,61.0,111.0,28.0,358.0,119.0,173.0,58.0,,,,,,,,0.0,0.04,0.04,1.56,0.0,0.11,1.97,0.99,7.79,29,0.0,0.0,0.0,0.0,0.0,0.0,0.0,0.0,0.0,0.0,0.0,0.0,0.0,0.0,0.0,2328.0,4047.0,0.0,0.0,0.0,0.0,0.0,0.0,0.0,0.0,0.0,0.0,0.0,0.0,0.0
611,Kaelan,Casey,Casey,u,has joined Leyton Orient on loan for the rest of the season.,,4.0,708,185.0,0.1,546,197.0,0.0,487.0,190.0,0,0,0.0,0,0.0,0,0,0.0,0.0,0.0,0.0,0.0,611.0,226.0,0.0,0.0,601.0,226.0,593.0,226.0,564.0,222.0,603.0,226.0,,,,,,,,0.0,0.0,0.0,0.0,0.0,0.0,0.0,0.0,0.0,29,0.0,0.0,0.0,0.0,0.0,0.0,0.0,0.0,0.0,0.0,0.0,0.0,0.0,0.0,0.0,0.0,11.0,0.0,0.0,0.0,0.0,0.0,0.0,0.0,0.0,0.0,0.0,0.0,0.0,0.0
612,Lucas,Tolentino Coelho de Lima,L.Paquetá,u,has joined Flamengo permanently.,,5.9,97,63.0,1.1,184,65.0,0.0,796.0,354.0,0,0,0.0,-1,1.0,0,62,0.0,11.7,0.0,0.0,3.8,92.0,44.0,0.0,0.0,133.0,44.0,52.0,44.0,147.0,83.0,92.0,55.0,,,,,,,,0.17,0.12,0.29,1.44,0.0,0.18,1.96,1.07,8.68,29,0.0,0.0,0.0,0.0,0.0,0.0,0.0,0.0,0.0,0.0,0.0,0.0,0.0,0.0,0.0,0.0,565.0,0.0,0.0,0.0,0.0,0.0,0.0,0.0,0.0,0.0,0.0,0.0,0.0,0.0
613,Tomáš,Souček,Souček,a,,,5.7,115,73.0,0.3,327,107.0,4.2,43.0,22.0,0,0,0.0,-3,3.0,95,43,0.7,12.3,3.7,4.2,2.8,226.0,94.0,100.0,100.0,148.0,50.0,211.0,138.0,69.0,40.0,134.0,74.0,,,,,,,,0.29,0.03,0.32,1.7,0.0,0.2,2.24,0.95,9.3,29,0.0,0.0,0.0,0.0,0.0,0.0,0.0,0.0,0.0,0.0,0.0,0.0,0.0,0.0,0.0,1310.0,489.0,0.0,0.0,0.0,0.0,0.0,0.0,0.0,0.0,0.0,0.0,0.0,0.0,0.0
615,Crysencio,Summerville,Summerville,a,,,5.7,118,74.0,2.9,110,34.0,3.6,67.0,31.0,0,0,0.0,2,-2.0,355,1786,0.6,14.2,3.1,3.6,3.5,127.0,57.0,100.0,100.0,165.0,62.0,86.0,65.0,30.0,15.0,66.0,41.0,2.0,,,,,,,0.22,0.08,0.3,1.39,0.0,0.2,1.73,1.07,7.85,29,0.0,0.0,0.0,0.0,0.0,0.0,0.0,0.0,0.0,0.0,0.0,0.0,0.0,0.0,0.0,6283.0,19710.0,0.0,0.0,0.0,0.0,0.0,0.0,0.0,0.0,0.0,0.0,0.0,0.0,0.0
616,Edson,Álvarez Velázquez,Álvarez,u,Has joined Fenerbahçe on loan for the rest of the season.,,4.9,310,195.0,0.0,596,225.0,0.0,720.0,300.0,0,0,0.0,-1,1.0,0,3,0.0,0.0,0.0,0.0,0.0,770.0,331.0,0.0,0.0,769.0,330.0,765.0,330.0,759.0,328.0,769.0,330.0,,,,,,,,0.0,0.0,0.0,0.0,0.0,0.0,0.0,0.0,0.0,29,0.0,0.0,0.0,0.0,0.0,0.0,0.0,0.0,0.0,0.0,0.0,0.0,0.0,0.0,0.0,0.0,5.0,0.0,0.0,0.0,0.0,0.0,0.0,0.0,0.0,0.0,0.0,0.0,0.0,0.0
617,Maxwel,Cornet,Cornet,u,has joined Genoa on loan for the rest of the season.,,4.9,290,180.0,0.0,705,293.0,0.0,711.0,295.0,0,0,0.0,-1,1.0,0,0,0.0,0.0,0.0,0.0,0.0,766.0,328.0,0.0,0.0,765.0,327.0,761.0,327.0,755.0,325.0,765.0,327.0,,,,,,,,0.0,0.0,0.0,0.0,0.0,0.0,0.0,0.0,0.0,29,0.0,0.0,0.0,0.0,0.0,0.0,0.0,0.0,0.0,0.0,0.0,0.0,0.0,0.0,0.0,0.0,0.0,0.0,0.0,0.0,0.0,0.0,0.0,0.0,0.0,0.0,0.0,0.0,0.0,0.0
618,Guido,Rodríguez,G.Rodriguez,u,has joined Valencia on loan for the rest of the season.,,4.8,354,222.0,0.0,610,235.0,0.0,697.0,286.0,0,0,0.0,-2,2.0,0,4,0.0,1.7,0.0,0.0,1.3,430.0,192.0,0.0,0.0,461.0,205.0,438.0,212.0,452.0,222.0,470.0,213.0,,,,,,,,0.02,0.02,0.04,1.33,0.0,0.51,1.03,1.03,7.71,29,0.0,0.0,0.0,0.0,0.0,0.0,0.0,0.0,0.0,0.0,0.0,0.0,0.0,0.0,0.0,0.0,11.0,0.0,0.0,0.0,0.0,0.0,0.0,0.0,0.0,0.0,0.0,0.0,0.0,0.0
619,Luis Guilherme,Lira dos Santos,L.Guilherme,u,has joined Sporting CP permanently.,,4.9,344,213.0,0.0,680,276.0,0.0,736.0,311.0,0,0,0.0,-1,1.0,0,0,0.0,1.0,0.0,0.0,1.0,494.0,227.0,0.0,0.0,463.0,207.0,404.0,200.0,436.0,215.0,464.0,209.0,,,,,,,,0.05,0.02,0.07,1.35,0.0,0.0,1.49,0.74,8.18,29,0.0,0.0,0.0,0.0,0.0,0.0,0.0,0.0,0.0,0.0,0.0,0.0,0.0,0.0,0.0,0.0,1.0,0.0,0.0,0.0,0.0,0.0,0.0,0.0,0.0,0.0,0.0,0.0,0.0,0.0
620,George,Earthy,Earthy,u,has joined Bristol City on loan for the rest of the season.,,4.5,446,267.0,0.0,607,233.0,0.0,629.0,232.0,0,0,0.0,0,0.0,0,2,0.0,0.2,0.0,0.0,1.0,476.0,212.0,0.0,0.0,704.0,279.0,460.0,220.0,449.0,219.0,493.0,226.0,,,,,,,,0.0,0.11,0.11,8.21,0.0,0.0,11.25,0.0,0.0,29,0.0,0.0,0.0,0.0,0.0,0.0,0.0,0.0,0.0,0.0,0.0,0.0,0.0,0.0,0.0,0.0,13.0,0.0,0.0,0.0,0.0,0.0,0.0,0.0,0.0,0.0,0.0,0.0,0.0,0.0
621,Andy,Irving,Irving,u,has joined Sparta Prague permanently.,,4.3,585,345.0,0.2,363,122.0,0.0,540.0,178.0,0,0,0.0,-2,2.0,0,16,0.0,2.1,0.0,0.0,1.3,428.0,190.0,0.0,0.0,428.0,188.0,335.0,182.0,444.0,217.0,424.0,191.0,,,,,,,,0.0,0.1,0.1,2.32,0.0,0.0,2.31,1.15,12.69,29,0.0,0.0,0.0,0.0,0.0,0.0,0.0,0.0,0.0,0.0,0.0,0.0,0.0,0.0,0.0,0.0,211.0,0.0,0.0,0.0,0.0,0.0,0.0,0.0,0.0,0.0,0.0,0.0,0.0,0.0
622,Lewis,Orford,Orford,u,has joined Stevenage on loan for the rest of the season.,,4.4,551,329.0,0.1,576,214.0,0.0,585.0,204.0,0,0,0.0,-1,1.0,0,1,0.0,0.0,0.0,0.0,0.0,676.0,263.0,0.0,0.0,667.0,254.0,663.0,259.0,641.0,248.0,669.0,256.0,,,,,,,,0.0,0.0,0.0,0.0,0.0,0.0,0.0,0.0,0.0,29,0.0,0.0,0.0,0.0,0.0,0.0,0.0,0.0,0.0,0.0,0.0,0.0,0.0,0.0,0.0,0.0,8.0,0.0,0.0,0.0,0.0,0.0,0.0,0.0,0.0,0.0,0.0,0.0,0.0,0.0
623,Freddie,Potts,Potts,s,Suspended until 14 Mar,,4.4,546,325.0,0.6,243,85.0,0.8,272.0,120.0,0,0,0.0,-1,1.0,4,96,0.2,7.7,0.0,0.0,1.8,365.0,156.0,0.0,0.0,277.0,118.0,217.0,140.0,341.0,177.0,313.0,152.0,,,,,,,,0.02,0.09,0.11,1.64,0.0,0.08,1.89,0.9,9.21,29,0.0,0.0,0.0,0.0,0.0,0.0,0.0,0.0,0.0,0.0,0.0,0.0,0.0,0.0,0.0,48.0,2250.0,0.0,0.0,0.0,0.0,0.0,0.0,0.0,0.0,0.0,0.0,0.0,0.0,0.0
624,Jarrod,Bowen,Bowen,a,,,7.5,21,7.0,7.8,49,8.0,3.6,68.0,8.0,0,0,0.0,-5,5.0,718,1687,0.5,17.5,3.1,3.6,4.7,24.0,4.0,,,34.0,3.0,38.0,1.0,10.0,6.0,11.0,3.0,1.0,1.0,2.0,,,,,0.21,0.13,0.34,1.58,0.0,0.14,1.87,1.0,7.32,29,0.0,0.0,0.0,0.0,0.0,0.0,0.0,0.0,0.0,0.0,0.0,0.0,0.0,0.0,0.0,13885.0,18703.0,0.0,0.0,0.0,0.0,0.0,0.0,0.0,0.0,0.0,0.0,0.0,0.0,0.0
625,Niclas,Füllkrug,Füllkrug,u,has joined AC Milan on loan for the rest of the season.,,5.6,122,34.0,0.6,244,36.0,0.0,791.0,85.0,0,0,0.0,-4,4.0,0,12,0.0,2.1,0.0,0.0,1.5,415.0,50.0,0.0,0.0,436.0,51.0,285.0,29.0,210.0,43.0,353.0,42.0,,,,,,,,0.21,0.05,0.26,1.9,0.0,0.22,2.43,1.11,4.2,29,0.0,0.0,0.0,0.0,0.0,0.0,0.0,0.0,0.0,0.0,0.0,0.0,0.0,0.0,0.0,0.0,54.0,0.0,0.0,0.0,0.0,0.0,0.0,0.0,0.0,0.0,0.0,0.0,0.0,0.0
626,Callum,Marshall,Marshall,u,has joined VfL Bochum 1848 on loan for the rest of the season.,,4.3,612,86.0,0.5,254,40.0,0.0,560.0,56.0,0,0,0.0,-2,2.0,0,19,0.0,0.5,0.0,0.0,1.0,465.0,58.0,0.0,0.0,495.0,58.0,483.0,61.0,420.0,59.0,486.0,59.0,,,,,,,,0.2,0.0,0.2,2.41,0.0,0.0,3.1,0.0,4.66,29,0.0,0.0,0.0,0.0,0.0,0.0,0.0,0.0,0.0,0.0,0.0,0.0,0.0,0.0,0.0,0.0,281.0,0.0,0.0,0.0,0.0,0.0,0.0,0.0,0.0,0.0,0.0,0.0,0.0,0.0
659,Kyle,Walker-Peters,Walker-Peters,a,,,4.2,629,142.0,0.2,348,128.0,0.4,324.0,114.0,0,0,0.0,-3,3.0,9,17,0.1,7.6,-0.1,0.4,1.8,361.0,136.0,,,258.0,105.0,275.0,85.0,243.0,64.0,293.0,96.0,,,,,,,,0.11,0.02,0.13,1.99,0.0,0.09,2.08,0.94,6.79,29,0.0,0.0,0.0,0.0,0.0,0.0,0.0,0.0,0.0,0.0,0.0,0.0,0.0,0.0,0.0,93.0,225.0,0.0,0.0,0.0,0.0,0.0,0.0,0.0,0.0,0.0,0.0,0.0,0.0,0.0
671,Callum,Wilson,Wilson,a,,,5.8,103,29.0,0.5,251,38.0,0.6,314.0,40.0,0,0,0.0,-2,2.0,38,83,0.1,10.9,0.1,0.6,2.7,240.0,25.0,,,239.0,21.0,270.0,26.0,49.0,19.0,164.0,21.0,,,,,,,,0.57,0.03,0.6,1.71,0.0,0.1,1.74,0.87,3.09,29,0.0,0.0,0.0,0.0,0.0,0.0,0.0,0.0,0.0,0.0,0.0,0.0,0.0,0.0,0.0,242.0,1059.0,0.0,0.0,0.0,0.0,0.0,0.0,0.0,0.0,0.0,0.0,0.0,0.0,0.0
679,Mads,Hermansen,Hermansen,a,,,4.2,636,35.0,0.3,314,43.0,4.4,31.0,4.0,0,0,0.0,-3,3.0,100,57,1.0,7.4,3.9,4.4,3.9,75.0,7.0,,,284.0,23.0,623.0,79.0,598.0,67.0,379.0,23.0,,,,,,,,0.0,0.0,0.0,1.23,2.88,0.38,2.12,1.0,0.0,29,0.0,0.0,0.0,0.0,0.0,0.0,0.0,0.0,0.0,0.0,0.0,0.0,0.0,0.0,0.0,1789.0,1128.0,0.0,0.0,0.0,0.0,0.0,0.0,0.0,0.0,0.0,0.0,0.0,0.0,0.0
708,Mateus Gonçalo,Espanha Fernandes,M.Fernandes,a,,,5.5,151,94.0,0.4,272,95.0,3.6,66.0,30.0,0,0,0.0,0,0.0,70,198,0.7,18.5,3.1,3.6,3.9,79.0,37.0,100.0,100.0,64.0,18.0,34.0,32.0,237.0,132.0,67.0,42.0,4.0,,,,,,,0.05,0.08,0.13,1.45,0.0,0.17,1.65,1.06,11.74,29,0.0,0.0,0.0,0.0,0.0,0.0,0.0,0.0,0.0,0.0,0.0,0.0,0.0,0.0,0.0,961.0,3176.0,0.0,0.0,0.0,0.0,0.0,0.0,0.0,0.0,0.0,0.0,0.0,0.0,0.0
718,Soungoutou,Magassa,S.Magassa,a,,,5.0,277,172.0,0.0,657,263.0,1.0,261.0,115.0,0,0,0.0,0,0.0,0,5,0.2,7.6,0.5,1.0,2.2,309.0,135.0,,,290.0,126.0,290.0,168.0,331.0,173.0,338.0,163.0,,,,,,,,0.04,0.03,0.07,1.69,0.0,0.2,2.3,1.1,11.49,29,0.0,0.0,0.0,0.0,0.0,0.0,0.0,0.0,0.0,0.0,0.0,0.0,0.0,0.0,0.0,18.0,53.0,0.0,0.0,0.0,0.0,0.0,0.0,0.0,0.0,0.0,0.0,0.0,0.0,0.0
738,Lukasz,Fabianski,Fabianski,d,Back injury - 25% chance of playing,,4.5,405,20.0,0.0,635,79.0,0.0,604.0,87.0,0,0,0.0,0,0.0,2,4,0.0,0.0,-0.1,0.0,0.0,689.0,91.0,25.0,25.0,683.0,91.0,677.0,83.0,658.0,73.0,685.0,91.0,,,,,,,,0.0,0.0,0.0,0.0,0.0,0.0,0.0,0.0,0.0,29,0.0,0.0,0.0,0.0,0.0,0.0,0.0,0.0,0.0,0.0,0.0,0.0,0.0,0.0,0.0,15.0,62.0,0.0,0.0,0.0,0.0,0.0,0.0,0.0,0.0,0.0,0.0,0.0,0.0,0.0
747,Ezra,Mayers,Mayers,a,,,4.0,726,201.0,0.0,631,225.0,0.2,351.0,124.0,0,0,0.0,0,0.0,2,6,0.0,1.5,-0.3,0.2,1.0,456.0,167.0,,,442.0,165.0,367.0,129.0,410.0,152.0,437.0,158.0,,,,,,,,0.1,0.39,0.49,2.56,0.0,0.0,2.39,0.0,3.98,29,0.0,0.0,0.0,0.0,0.0,0.0,0.0,0.0,0.0,0.0,0.0,0.0,0.0,0.0,0.0,25.0,40.0,0.0,0.0,0.0,0.0,0.0,0.0,0.0,0.0,0.0,0.0,0.0,0.0,0.0
752,Airidas,Golambeckis,Golambeckis,a,,,4.0,737,212.0,0.0,654,231.0,0.0,512.0,213.0,0,0,0.0,0,0.0,5,3,0.0,0.0,-0.5,0.0,0.0,633.0,246.0,,,623.0,246.0,615.0,246.0,588.0,244.0,625.0,246.0,,,,,,,,0.0,0.0,0.0,0.0,0.0,0.0,0.0,0.0,0.0,29,0.0,0.0,0.0,0.0,0.0,0.0,0.0,0.0,0.0,0.0,0.0,0.0,0.0,0.0,0.0,20.0,64.0,0.0,0.0,0.0,0.0,0.0,0.0,0.0,0.0,0.0,0.0,0.0,0.0,0.0
758,Mohamadou,Kanté,Mohamadou Kanté,a,,,4.5,504,312.0,0.0,737,311.0,0.4,330.0,148.0,0,0,0.0,0,0.0,4,2,0.1,1.1,-0.1,0.4,1.0,485.0,220.0,,,459.0,204.0,412.0,203.0,433.0,213.0,465.0,210.0,,,,,,,,0.12,0.08,0.2,3.8,0.0,0.0,0.0,0.0,39.13,29,0.0,0.0,0.0,0.0,0.0,0.0,0.0,0.0,0.0,0.0,0.0,0.0,0.0,0.0,0.0,18.0,36.0,0.0,0.0,0.0,0.0,0.0,0.0,0.0,0.0,0.0,0.0,0.0,0.0,0.0
785,Pablo Felipe,Pereira de Jesus,Pablo,i,Calf injury - Unknown return date,,5.4,180,43.0,0.0,748,91.0,0.2,374.0,47.0,0,0,0.0,-1,1.0,0,4,0.0,1.5,0.0,0.0,1.6,398.0,47.0,0.0,0.0,447.0,53.0,334.0,39.0,380.0,55.0,419.0,52.0,,,,,,,,0.12,0.03,0.15,1.35,0.0,0.0,1.44,1.08,9.0,29,0.0,0.0,0.0,0.0,0.0,0.0,0.0,0.0,0.0,0.0,0.0,0.0,0.0,0.0,0.0,8.0,131.0,0.0,0.0,0.0,0.0,0.0,0.0,0.0,0.0,0.0,0.0,0.0,0.0,0.0
791,Valentín,Castellanos,Taty,a,,,5.5,143,35.0,0.1,452,66.0,3.4,77.0,9.0,0,0,0.0,0,0.0,92,32,0.6,4.7,2.9,3.4,3.2,164.0,15.0,,,347.0,35.0,284.0,28.0,105.0,28.0,284.0,31.0,,,,,,,,0.33,0.07,0.4,1.26,0.0,0.41,1.51,1.1,4.4,29,0.0,0.0,0.0,0.0,0.0,0.0,0.0,0.0,0.0,0.0,0.0,0.0,0.0,0.0,0.0,1010.0,905.0,0.0,0.0,0.0,0.0,0.0,0.0,0.0,0.0,0.0,0.0,0.0,0.0,0.0
802,Keiber,Lamadrid,Lamadrid,a,,,5.0,280,174.0,0.0,788,346.0,0.0,754.0,325.0,0,0,0.0,0,0.0,0,2,0.0,0.0,-0.5,0.0,0.0,794.0,350.0,,,793.0,349.0,791.0,349.0,787.0,347.0,793.0,349.0,,,,,,,,0.0,0.0,0.0,0.0,0.0,0.0,0.0,0.0,0.0,29,0.0,0.0,0.0,0.0,0.0,0.0,0.0,0.0,0.0,0.0,0.0,0.0,0.0,0.0,0.0,11.0,27.0,0.0,0.0,0.0,0.0,0.0,0.0,0.0,0.0,0.0,0.0,0.0,0.0,0.0
815,Axel,Disasi,Disasi,a,,,4.5,420,81.0,0.1,502,178.0,2.4,129.0,48.0,0,0,0.0,0,0.0,15,46,0.5,2.7,1.9,2.4,3.0,190.0,73.0,,,393.0,150.0,409.0,149.0,317.0,100.0,399.0,144.0,,,,,,,,0.17,0.0,0.17,1.1,0.0,0.5,1.5,1.0,6.25,29,0.0,0.0,0.0,0.0,0.0,0.0,0.0,0.0,0.0,0.0,0.0,0.0,0.0,0.0,0.0,212.0,497.0,0.0,0.0,0.0,0.0,0.0,0.0,0.0,0.0,0.0,0.0,0.0,0.0,0.0
627,Sam,Johnstone,Johnstone,a,,,4.4,521,26.0,0.1,426,64.0,0.0,568.0,86.0,0,0,0.0,-1,1.0,12,12,0.0,4.8,-0.5,-1.0,1.8,364.0,29.0,,,183.0,21.0,485.0,14.0,628.0,72.0,329.0,21.0,,,,,,,,0.0,0.0,0.0,1.55,3.25,0.0,2.0,1.0,0.0,29,0.0,0.0,0.0,0.0,0.0,0.0,0.0,0.0,0.0,0.0,0.0,0.0,0.0,0.0,0.0,98.0,89.0,0.0,0.0,0.0,0.0,0.0,0.0,0.0,0.0,0.0,0.0,0.0,0.0,0.0
628,José,Malheiro de Sá,José Sá,a,,,4.2,628,33.0,1.2,173,22.0,4.7,24.0,3.0,3,0,0.0,-3,3.0,396,70,1.1,13.3,4.2,3.7,3.1,169.0,19.0,,,113.0,19.0,419.0,5.0,596.0,65.0,279.0,18.0,,,,,,,,0.0,0.0,0.0,1.49,2.72,0.22,1.56,1.0,0.0,29,3.0,90.0,0.0,0.0,0.0,1.0,0.0,0.0,0.0,0.0,0.0,5.0,1.0,0.0,22.0,3310.0,1000.0,0.0,0.0,0.0,0.0,1.8099999999999987,34.60000000000002,0.0,0.0,3.5,0.0,5.0,14.0,0.0
629,Daniel,Bentley,Bentley,a,,,3.9,743,70.0,0.5,261,34.0,0.0,411.0,29.0,0,0,0.0,-1,1.0,10,11,0.0,0.0,-0.5,-1.0,0.0,542.0,40.0,100.0,100.0,532.0,40.0,519.0,23.0,489.0,10.0,534.0,40.0,,,,,,,,0.0,0.0,0.0,0.0,0.0,0.0,0.0,0.0,0.0,29,0.0,0.0,0.0,0.0,0.0,0.0,0.0,0.0,0.0,0.0,0.0,0.0,0.0,0.0,0.0,267.0,137.0,0.0,0.0,0.0,0.0,0.0,0.0,0.0,0.0,0.0,0.0,0.0,0.0,0.0
631,Emmanuel,Agbadou,Agbadou,u,has joined Besiktas permanently.,,4.2,640,151.0,0.1,450,166.0,0.0,527.0,221.0,0,0,0.0,-3,3.0,0,5,0.0,5.5,0.0,0.0,1.6,388.0,146.0,0.0,0.0,179.0,74.0,301.0,98.0,280.0,80.0,260.0,84.0,,,,,,,,0.05,0.03,0.08,1.49,0.0,0.0,2.37,0.98,10.23,29,0.0,0.0,0.0,0.0,0.0,0.0,0.0,0.0,0.0,0.0,0.0,0.0,0.0,0.0,0.0,0.0,41.0,0.0,0.0,0.0,0.0,0.0,0.0,0.0,0.0,0.0,0.0,0.0,0.0,0.0
632,Matt,Doherty,Doherty,a,,,4.4,519,99.0,0.1,501,177.0,0.2,359.0,130.0,1,0,0.0,-1,1.0,7,9,0.0,2.7,-0.3,-0.8,1.2,438.0,159.0,100.0,100.0,338.0,129.0,338.0,115.0,385.0,136.0,373.0,131.0,,,,,,,,0.01,0.02,0.03,1.69,0.0,0.13,1.79,1.28,7.31,29,1.0,58.0,0.0,0.0,0.0,0.0,0.0,0.0,0.0,0.0,0.0,0.0,1.0,0.0,5.0,35.0,54.0,0.0,0.0,0.0,0.0,1.1300000000000008,5.6000000000000085,0.3999999999999986,0.0,0.6000000000000014,0.0,5.0,3.0,5.0
633,Hugo,Bueno López,H.Bueno,a,,,4.3,597,137.0,0.2,356,131.0,3.3,81.0,26.0,1,0,0.0,-2,2.0,84,111,0.8,16.7,2.8,2.3,2.7,229.0,90.0,100.0,100.0,84.0,36.0,28.0,2.0,203.0,48.0,64.0,11.0,1.0,,,,,,,0.02,0.13,0.15,1.44,0.0,0.19,1.5,0.97,6.84,29,1.0,11.0,0.0,0.0,0.0,1.0,0.0,0.0,0.0,0.0,0.0,0.0,0.0,0.0,284.0,1640.0,919.0,0.0,0.0,0.009999999999999787,0.009999999999999787,0.629999999999999,4.0,0.7999999999999545,2.0,0.7000000000000028,1.0,1.0,0.0,2.0
634,Yerson,Mosquera Valdelamar,Mosquera,a,,,4.3,603,138.0,0.1,444,165.0,4.0,45.0,13.0,1,0,0.0,-2,2.0,80,47,0.9,11.6,3.5,3.0,2.4,286.0,110.0,100.0,100.0,168.0,71.0,234.0,63.0,116.0,20.0,191.0,62.0,,,,,,,,0.09,0.02,0.11,1.52,0.0,0.22,1.61,1.0,8.96,29,1.0,31.0,0.0,0.0,0.0,1.0,0.0,0.0,0.0,0.0,0.0,0.0,0.0,0.0,1.0,1323.0,351.0,0.0,0.040000000000000036,0.0,0.040000000000000036,0.6799999999999997,8.0,0.29999999999999716,17.0,2.499999999999993,1.0,2.0,0.0,3.0
635,Rodrigo,Martins Gomes,R.Gomes,a,,,4.4,545,118.0,0.1,544,195.0,2.8,109.0,44.0,7,0,0.0,-1,1.0,297,10,0.6,7.7,2.3,1.8,2.4,287.0,111.0,100.0,100.0,286.0,113.0,324.0,108.0,154.0,33.0,286.0,93.0,,,,,,,,0.26,0.04,0.3,1.27,0.0,0.0,1.66,0.91,5.29,29,7.0,20.0,1.0,0.0,0.0,1.0,0.0,0.0,0.0,0.0,0.0,0.0,0.0,0.0,15.0,450.0,35.0,0.0,0.31000000000000005,0.0,0.31000000000000005,0.6499999999999995,35.19999999999999,0.7999999999999972,19.0,5.5,1.0,0.0,0.0,1.0
636,Santiago,Ignacio Bueno,S.Bueno,a,,,4.4,531,109.0,0.1,438,162.0,3.2,91.0,33.0,1,0,0.0,-1,1.0,59,41,0.7,16.1,2.7,2.2,3.4,130.0,47.0,100.0,100.0,98.0,45.0,260.0,76.0,185.0,43.0,176.0,59.0,,,,,,,,0.08,0.05,0.13,1.48,0.0,0.2,1.52,0.98,7.52,29,1.0,90.0,0.0,0.0,0.0,1.0,0.0,0.0,0.0,1.0,0.0,0.0,1.0,0.0,16.0,845.0,412.0,0.0,0.0,0.0,0.0,1.8099999999999987,12.199999999999989,0.0,4.0,1.6000000000000085,1.0,6.0,2.0,7.0
637,Toti,Gomes,Toti,a,,,4.2,639,150.0,0.1,515,183.0,1.3,233.0,89.0,0,0,0.0,-3,3.0,9,7,0.3,6.7,0.8,0.3,2.0,327.0,120.0,100.0,100.0,229.0,90.0,300.0,97.0,348.0,115.0,307.0,103.0,,,,,,,,0.02,0.02,0.04,1.64,0.0,0.09,2.17,1.13,8.32,29,0.0,0.0,0.0,0.0,0.0,0.0,0.0,0.0,0.0,0.0,0.0,0.0,0.0,0.0,0.0,173.0,41.0,0.0,0.0,0.0,0.0,0.0,0.0,0.0,0.0,0.0,0.0,0.0,0.0,0.0
639,Bastien,Meupiyou Menadjou,Meupiyou,u,On loan to FC Alverca,,4.0,715,191.0,0.0,763,259.0,0.0,494.0,196.0,0,0,0.0,0,0.0,0,1,0.0,0.0,0.0,0.0,0.0,617.0,231.0,0.0,0.0,607.0,231.0,599.0,231.0,571.0,228.0,609.0,231.0,,,,,,,,0.0,0.0,0.0,0.0,0.0,0.0,0.0,0.0,0.0,29,0.0,0.0,0.0,0.0,0.0,0.0,0.0,0.0,0.0,0.0,0.0,0.0,0.0,0.0,0.0,0.0,2.0,0.0,0.0,0.0,0.0,0.0,0.0,0.0,0.0,0.0,0.0,0.0,0.0,0.0
640,Pedro,Cardoso de Lima,Pedro Lima,a,,,4.0,735,210.0,0.4,288,106.0,0.2,352.0,125.0,0,0,0.0,0,0.0,9,17,0.0,0.8,-0.3,-0.8,1.0,459.0,170.0,100.0,100.0,504.0,179.0,473.0,174.0,442.0,166.0,503.0,178.0,,,,,,,,0.0,0.0,0.0,23.7,0.0,0.0,30.0,0.0,0.0,29,0.0,0.0,0.0,0.0,0.0,0.0,0.0,0.0,0.0,0.0,0.0,0.0,0.0,0.0,0.0,70.0,110.0,0.0,0.0,0.0,0.0,0.0,0.0,0.0,0.0,0.0,0.0,0.0,0.0,0.0
641,Alfie,Pond,Pond,u,has joined Crewe Alexandra on loan for the rest of the season.,,3.9,774,226.0,1.0,193,73.0,0.0,435.0,165.0,0,0,0.0,-1,1.0,0,45,0.0,0.0,0.0,0.0,0.0,564.0,204.0,0.0,0.0,554.0,204.0,542.0,204.0,512.0,199.0,556.0,204.0,,,,,,,,0.0,0.0,0.0,0.0,0.0,0.0,0.0,0.0,0.0,29,0.0,0.0,0.0,0.0,0.0,0.0,0.0,0.0,0.0,0.0,0.0,0.0,0.0,0.0,0.0,0.0,421.0,0.0,0.0,0.0,0.0,0.0,0.0,0.0,0.0,0.0,0.0,0.0,0.0,0.0
642,Hwang,Hee-chan,Hee Chan,a,,,5.6,126,78.0,0.1,467,160.0,0.2,377.0,174.0,0,0,0.0,-4,4.0,15,6,0.0,7.9,-0.3,-0.8,2.2,312.0,137.0,100.0,100.0,320.0,145.0,197.0,129.0,192.0,106.0,275.0,138.0,,1.0,3.0,,,,,0.17,0.07,0.24,1.39,0.0,0.16,1.73,1.18,5.35,29,0.0,0.0,0.0,0.0,0.0,0.0,0.0,0.0,0.0,0.0,0.0,0.0,0.0,0.0,0.0,228.0,168.0,0.0,0.0,0.0,0.0,0.0,0.0,0.0,0.0,0.0,0.0,0.0,0.0,0.0
643,André,Trindade da Costa Neto,André,a,,,5.2,216,134.0,0.1,523,190.0,3.7,56.0,26.0,12,0,0.0,-3,3.0,253,19,0.7,14.4,3.2,2.7,2.8,223.0,92.0,100.0,100.0,166.0,63.0,141.0,95.0,360.0,186.0,214.0,105.0,,,,,,,,0.02,0.03,0.05,1.49,0.0,0.09,1.63,0.97,12.75,29,12.0,90.0,1.0,0.0,0.0,1.0,0.0,0.0,0.0,0.0,0.0,0.0,1.0,3.0,49.0,533.0,152.0,0.0,0.06,0.020000000000000018,0.08000000000000007,1.8100000000000023,57.0,12.300000000000011,7.0,7.600000000000001,5.0,4.0,10.0,19.0
644,Jean-Ricner,Bellegarde,Bellegarde,a,,,5.1,232,143.0,0.0,600,228.0,1.3,234.0,98.0,1,0,0.0,-4,4.0,2,5,0.3,6.7,0.8,0.3,1.6,394.0,171.0,100.0,100.0,300.0,135.0,198.0,130.0,199.0,111.0,267.0,134.0,3.0,2.0,,,,,,0.09,0.06,0.15,1.58,0.0,0.27,2.15,1.07,7.69,29,1.0,30.0,0.0,0.0,0.0,1.0,0.0,0.0,0.0,0.0,0.0,0.0,0.0,0.0,4.0,105.0,167.0,0.0,0.0,0.0,0.0,0.6799999999999997,6.599999999999994,10.099999999999994,0.0,1.7000000000000028,1.0,1.0,3.0,5.0
647,Gonçalo Manuel,Ganchinho Guedes,Guedes,u,Has joined Real Sociedad permanently.,,5.5,139,86.0,0.0,795,350.0,0.0,788.0,348.0,0,0,0.0,0,0.0,0,0,0.0,0.0,0.0,0.0,0.0,807.0,359.0,0.0,0.0,806.0,358.0,805.0,358.0,803.0,357.0,806.0,358.0,,,,,,,,0.0,0.0,0.0,0.0,0.0,0.0,0.0,0.0,0.0,29,0.0,0.0,0.0,0.0,0.0,0.0,0.0,0.0,0.0,0.0,0.0,0.0,0.0,0.0,0.0,0.0,0.0,0.0,0.0,0.0,0.0,0.0,0.0,0.0,0.0,0.0,0.0,0.0,0.0,0.0
648,Marshall,Munetsi,Munetsi,u,has joined Paris FC on loan for the rest of the season.,,5.3,196,122.0,0.0,624,243.0,0.0,772.0,336.0,0,0,0.0,-2,2.0,0,2,0.0,7.2,0.0,0.0,2.9,204.0,84.0,0.0,0.0,292.0,128.0,321.0,179.0,131.0,75.0,277.0,140.0,,,,,,,,0.17,0.04,0.21,1.38,0.0,0.0,1.96,0.93,8.26,29,0.0,0.0,0.0,0.0,0.0,0.0,0.0,0.0,0.0,0.0,0.0,0.0,0.0,0.0,0.0,0.0,10.0,0.0,0.0,0.0,0.0,0.0,0.0,0.0,0.0,0.0,0.0,0.0,0.0,0.0
649,Boubacar,Traoré,B.Traore,u,Has joined FC Metz on loan for the rest of the season.,,5.0,264,161.0,0.0,814,362.0,0.0,745.0,318.0,0,0,0.0,0,0.0,0,0,0.0,0.0,0.0,0.0,0.0,787.0,345.0,0.0,0.0,786.0,344.0,784.0,344.0,780.0,342.0,786.0,344.0,,,,,,,,0.0,0.0,0.0,0.0,0.0,0.0,0.0,0.0,0.0,29,0.0,0.0,0.0,0.0,0.0,0.0,0.0,0.0,0.0,0.0,0.0,0.0,0.0,0.0,0.0,0.0,0.0,0.0,0.0,0.0,0.0,0.0,0.0,0.0,0.0,0.0,0.0,0.0,0.0,0.0
651,Tom,Edozie,Edozie,a,,,4.3,616,361.0,0.4,275,97.0,1.0,253.0,109.0,0,0,0.0,-2,2.0,68,45,0.2,1.4,0.5,0.0,6.0,6.0,3.0,,,422.0,186.0,484.0,235.0,388.0,194.0,443.0,199.0,,,,,,,,2.55,0.0,2.55,3.0,0.0,0.0,0.0,0.0,0.0,29,0.0,0.0,0.0,0.0,0.0,0.0,0.0,0.0,0.0,0.0,0.0,0.0,0.0,0.0,0.0,1048.0,742.0,0.0,0.0,0.0,0.0,0.0,0.0,0.0,0.0,0.0,0.0,0.0,0.0,0.0
652,Enso,González Medina,Gonzalez,a,,,4.3,615,360.0,1.3,171,61.0,0.0,562.0,192.0,0,0,0.0,-2,2.0,77,113,0.0,0.0,-0.5,-1.0,0.0,659.0,253.0,,,649.0,243.0,645.0,248.0,622.0,237.0,651.0,245.0,,,,,,,,0.0,0.0,0.0,0.0,0.0,0.0,0.0,0.0,0.0,29,0.0,0.0,0.0,0.0,0.0,0.0,0.0,0.0,0.0,0.0,0.0,0.0,0.0,0.0,0.0,575.0,1259.0,0.0,0.0,0.0,0.0,0.0,0.0,0.0,0.0,0.0,0.0,0.0,0.0,0.0
653,Joe,Hodge,Hodge,u,Signed by CD Tondela,,4.5,424,254.0,0.0,661,266.0,0.0,615.0,220.0,0,0,0.0,0,0.0,0,2,0.0,0.0,0.0,0.0,0.0,698.0,274.0,0.0,0.0,692.0,268.0,687.0,271.0,669.0,263.0,694.0,270.0,,,,,,,,0.0,0.0,0.0,0.0,0.0,0.0,0.0,0.0,0.0,29,0.0,0.0,0.0,0.0,0.0,0.0,0.0,0.0,0.0,0.0,0.0,0.0,0.0,0.0,0.0,0.0,4.0,0.0,0.0,0.0,0.0,0.0,0.0,0.0,0.0,0.0,0.0,0.0,0.0,0.0
655,Fábio,Soares Silva,Fábio Silva,u,has joined Borussia Dortmund permanently.,,4.9,330,61.0,0.2,397,60.0,0.0,731.0,78.0,0,0,0.0,-1,1.0,0,2,0.0,0.0,0.0,0.0,0.0,777.0,86.0,0.0,0.0,776.0,86.0,772.0,85.0,767.0,85.0,776.0,86.0,,,,,,,,0.0,0.0,0.0,0.0,0.0,0.0,0.0,0.0,0.0,29,0.0,0.0,0.0,0.0,0.0,0.0,0.0,0.0,0.0,0.0,0.0,0.0,0.0,0.0,0.0,0.0,16.0,0.0,0.0,0.0,0.0,0.0,0.0,0.0,0.0,0.0,0.0,0.0,0.0,0.0
656,Saša,Kalajdžić,Kalajdžić,u,has joined LASK on loan for the rest of the season.,,4.9,322,59.0,0.0,588,80.0,0.0,725.0,77.0,0,0,0.0,-1,1.0,0,0,0.0,0.2,0.0,0.0,1.0,491.0,59.0,0.0,0.0,499.0,61.0,442.0,58.0,453.0,61.0,488.0,61.0,,,,,,,,0.0,0.06,0.06,0.64,0.0,0.0,0.0,0.0,12.86,29,0.0,0.0,0.0,0.0,0.0,0.0,0.0,0.0,0.0,0.0,0.0,0.0,0.0,0.0,0.0,0.0,0.0,0.0,0.0,0.0,0.0,0.0,0.0,0.0,0.0,0.0,0.0,0.0,0.0,0.0
657,Leon,Chiwome,Chiwome,a,,,4.4,566,82.0,0.0,649,83.0,0.0,597.0,64.0,0,0,0.0,-1,1.0,7,3,0.0,0.0,-0.5,-1.0,0.0,685.0,74.0,100.0,100.0,678.0,74.0,673.0,73.0,653.0,73.0,680.0,74.0,,,,,,,,0.0,0.0,0.0,0.0,0.0,0.0,0.0,0.0,0.0,29,0.0,0.0,0.0,0.0,0.0,0.0,0.0,0.0,0.0,0.0,0.0,0.0,0.0,0.0,0.0,69.0,61.0,0.0,0.0,0.0,0.0,0.0,0.0,0.0,0.0,0.0,0.0,0.0,0.0,0.0
658,Nathan,Fraser,Fraser,a,,,4.2,641,89.0,1.9,139,23.0,0.0,528.0,51.0,0,0,0.0,-3,3.0,81,275,0.0,0.0,-0.5,-1.0,0.0,640.0,63.0,,,631.0,63.0,625.0,62.0,600.0,62.0,633.0,63.0,,,,,,,,0.0,0.0,0.0,0.0,0.0,0.0,0.0,0.0,0.0,29,0.0,0.0,0.0,0.0,0.0,0.0,0.0,0.0,0.0,0.0,0.0,0.0,0.0,0.0,0.0,679.0,3009.0,0.0,0.0,0.0,0.0,0.0,0.0,0.0,0.0,0.0,0.0,0.0,0.0,0.0
663,Jhon,Arias,J.Arias,u,has joined Palmeiras permanently.,,4.9,318,198.0,0.1,432,144.0,0.0,722.0,302.0,0,0,0.0,-6,6.0,0,10,0.0,9.2,0.0,0.0,2.0,332.0,144.0,0.0,0.0,285.0,123.0,159.0,109.0,188.0,104.0,238.0,119.0,,,,,,,,0.27,0.05,0.32,1.29,0.0,0.16,1.69,1.13,10.07,29,0.0,0.0,0.0,0.0,0.0,0.0,0.0,0.0,0.0,0.0,0.0,0.0,0.0,0.0,0.0,0.0,97.0,0.0,0.0,0.0,0.0,0.0,0.0,0.0,0.0,0.0,0.0,0.0,0.0,0.0
682,David,Møller Wolfe,Møller Wolfe,a,,,4.2,637,148.0,0.1,545,196.0,1.3,232.0,88.0,6,0,0.0,-3,3.0,9,2,0.3,6.9,0.8,0.3,1.6,387.0,145.0,,,310.0,119.0,239.0,66.0,325.0,105.0,333.0,114.0,,,,,,,,0.01,0.11,0.12,1.87,0.0,0.11,2.15,0.97,4.72,29,6.0,78.0,0.0,0.0,1.0,0.0,0.0,0.0,0.0,0.0,0.0,0.0,1.0,0.0,20.0,22.0,34.0,0.0,0.0,0.0,0.0,1.1799999999999997,10.0,0.29999999999999716,2.0,1.2000000000000028,2.0,4.0,1.0,6.0
695,Jackson,Tchatchoua,Tchatchoua,a,,,4.4,553,120.0,0.0,639,226.0,2.3,141.0,53.0,5,0,0.0,-1,1.0,21,8,0.5,11.4,1.8,1.3,1.9,345.0,129.0,,,198.0,78.0,106.0,26.0,337.0,111.0,202.0,68.0,,,,,,,,0.01,0.06,0.07,1.34,0.0,0.17,1.63,0.9,5.5,29,5.0,90.0,0.0,1.0,0.0,1.0,0.0,0.0,0.0,0.0,0.0,0.0,1.0,0.0,20.0,86.0,32.0,0.0,0.0,0.029999999999999805,0.029999999999999805,1.8099999999999987,34.0,15.300000000000011,0.0,4.900000000000006,2.0,4.0,4.0,6.0
709,Ladislav,Krejcí,Krejčí,a,,,4.5,427,85.0,0.1,540,194.0,2.2,147.0,57.0,4,0,0.0,0,0.0,43,12,0.5,13.1,1.7,1.2,2.6,250.0,97.0,100.0,100.0,86.0,37.0,233.0,62.0,119.0,21.0,141.0,45.0,,,,,,,,0.09,0.06,0.15,1.45,0.0,0.14,1.66,1.02,7.53,29,4.0,90.0,0.0,0.0,0.0,1.0,0.0,0.0,0.0,0.0,0.0,0.0,1.0,0.0,9.0,207.0,169.0,0.0,0.0,0.0,0.0,1.8099999999999987,16.599999999999966,0.0,0.0,1.6999999999999886,2.0,8.0,1.0,10.0
720,Tolu,Arokodare,Tolu,a,,,5.4,174,42.0,0.2,400,61.0,2.8,112.0,14.0,4,0,0.0,-1,1.0,64,78,0.5,10.0,2.3,1.8,2.1,322.0,36.0,,,267.0,25.0,191.0,18.0,32.0,16.0,139.0,19.0,,,5.0,,,,,0.3,0.03,0.33,1.5,0.0,0.22,1.85,0.89,5.04,29,4.0,30.0,0.0,1.0,0.0,1.0,0.0,0.0,0.0,0.0,0.0,0.0,0.0,0.0,19.0,477.0,2339.0,0.0,0.0,0.010000000000000009,0.009999999999999787,0.6799999999999997,23.200000000000017,10.900000000000006,4.0,3.799999999999997,0.0,3.0,0.0,3.0
749,Mateus,Mané,Mané,a,,,4.5,508,75.0,2.2,129,20.0,2.0,164.0,20.0,2,-1,1.0,0,0.0,364,1079,0.4,11.6,1.5,1.0,2.7,232.0,22.0,,,250.0,23.0,143.0,11.0,130.0,33.0,197.0,25.0,2.0,3.0,,,,,,0.1,0.12,0.22,1.58,0.0,0.36,1.31,0.95,6.85,29,2.0,69.0,0.0,0.0,1.0,0.0,0.0,0.0,0.0,0.0,0.0,0.0,1.0,0.0,3.0,2995.0,26646.0,0.0,0.0,0.010000000000000009,0.010000000000000231,1.1600000000000001,0.0,1.3000000000000114,2.0,0.10000000000000142,0.0,1.0,3.0,4.0
766,Saheed,Olagunju,Olagunju,a,,,4.0,725,200.0,0.0,659,233.0,0.0,504.0,205.0,0,0,0.0,0,0.0,4,5,0.0,0.0,-0.5,-1.0,0.0,626.0,239.0,,,616.0,239.0,608.0,239.0,580.0,236.0,618.0,239.0,,,,,,,,0.0,0.0,0.0,0.0,0.0,0.0,0.0,0.0,0.0,29,0.0,0.0,0.0,0.0,0.0,0.0,0.0,0.0,0.0,0.0,0.0,0.0,0.0,0.0,0.0,123.0,55.0,0.0,0.0,0.0,0.0,0.0,0.0,0.0,0.0,0.0,0.0,0.0,0.0,0.0
767,Luke,Rawlings,Rawlings,a,,,4.5,492,303.0,0.0,768,329.0,0.0,669.0,265.0,0,0,0.0,0,0.0,0,1,0.0,0.0,-0.5,-1.0,0.0,742.0,311.0,,,740.0,309.0,734.0,309.0,721.0,305.0,740.0,309.0,,,,,,,,0.0,0.0,0.0,0.0,0.0,0.0,0.0,0.0,0.0,29,0.0,0.0,0.0,0.0,0.0,0.0,0.0,0.0,0.0,0.0,0.0,0.0,0.0,0.0,0.0,7.0,11.0,0.0,0.0,0.0,0.0,0.0,0.0,0.0,0.0,0.0,0.0,0.0,0.0,0.0
777,Temple,Ojinnaka,Ojinnaka,u,has joined Shrewsbury Town on loan for the rest of the season.,,4.5,453,272.0,0.0,803,356.0,0.0,635.0,237.0,0,0,0.0,0,0.0,0,0,0.0,0.0,0.0,0.0,0.0,714.0,289.0,0.0,0.0,709.0,284.0,705.0,286.0,689.0,279.0,710.0,285.0,,,,,,,,0.0,0.0,0.0,0.0,0.0,0.0,0.0,0.0,0.0,29,0.0,0.0,0.0,0.0,0.0,0.0,0.0,0.0,0.0,0.0,0.0,0.0,0.0,0.0,0.0,0.0,2.0,0.0,0.0,0.0,0.0,0.0,0.0,0.0,0.0,0.0,0.0,0.0,0.0,0.0
