id,status,chance_of_playing_next_round,chance_of_playing_this_round,now_cost,now_cost_rank,now_cost_rank_type,cost_change_event,cost_change_event_fall,cost_change_start,cost_change_start_fall,selected_by_percent,selected_rank,selected_rank_type,total_points,event_points,points_per_game,points_per_game_rank,points_per_game_rank_type,bonus,bps,form,form_rank,form_rank_type,value_form,value_season,dreamteam_count,transfers_in,transfers_in_event,transfers_out,transfers_out_event,ep_next,ep_this,expected_goals,expected_assists,expected_goal_involvements,expected_goals_conceded,expected_goals_per_90,expected_assists_per_90,expected_goal_involvements_per_90,expected_goals_conceded_per_90,influence,influence_rank,influence_rank_type,creativity,creativity_rank,creativity_rank_type,threat,threat_rank,threat_rank_type,ict_index,ict_index_rank,ict_index_rank_type,corners_and_indirect_freekicks_order,direct_freekicks_order,penalties_order,gw,set_piece_threat,first_name,second_name,web_name,news,news_added,minutes,goals_scored,assists,clean_sheets,goals_conceded,own_goals,penalties_saved,penalties_missed,yellow_cards,red_cards,saves,starts,defensive_contribution,corners_and_indirect_freekicks_text,direct_freekicks_text,penalties_text,saves_per_90,clean_sheets_per_90,goals_conceded_per_90,starts_per_90,defensive_contribution_per_90,tackles,clearances_blocks_interceptions,recoveries
6,a,100.0,100.0,6.1,84,4.0,0,0.0,1,-1.0,13.9,27,10.0,84,0,3.8,91.0,33.0,4,377,2.5,132.0,43.0,0.4,13.8,0.0,1846770,1308,2100806,5616,3.0,3.5,0.38,0.6,0.98,12.29,0.02,0.03,0.05,0.61,349.8,131.0,60.0,122.0,215.0,53.0,32.0,348.0,113.0,50.4,231.0,75.0,,,,27,,William,Saliba,Saliba,,,1804,0,0,10,14,0,0,0,1,0,0,21,155,,,,0.0,0.5,0.7,1.05,6.19,24,100,82
26,a,100.0,100.0,5.3,201,125.0,0,0.0,-2,2.0,5.5,67,23.0,107,0,4.0,70.0,31.0,9,485,4.5,30.0,15.0,0.8,20.2,0.0,1278040,1417,890168,3756,5.0,5.5,2.56,1.84,4.4,17.45,0.1,0.07,0.17,0.69,510.4,53.0,14.0,313.9,78.0,57.0,232.0,97.0,60.0,105.8,56.0,37.0,,,,27,,Martín,Zubimendi Ibáñez,Zubimendi,,,2265,5,1,13,18,0,0,0,4,0,0,26,232,,,,0.0,0.52,0.72,1.03,9.22,46,96,90
699,a,100.0,100.0,4.9,317,197.0,0,0.0,-1,1.0,0.1,481,168.0,20,2,1.7,380.0,167.0,0,145,1.8,192.0,82.0,0.4,4.1,0.0,23968,96,17555,44,2.3,1.8,0.23,1.23,1.46,8.31,0.03,0.17,0.2,1.15,115.2,327.0,149.0,229.3,127.0,88.0,49.0,314.0,163.0,39.3,279.0,139.0,,,,27,,Douglas Luiz,Soares de Paulo,Douglas Luiz,,,649,0,1,1,10,0,0,0,2,0,0,9,78,,,,0.0,0.14,1.39,1.25,10.82,19,18,41
188,u,0.0,0.0,3.8,790,239.0,0,0.0,-2,2.0,0.2,360,131.0,0,0,0.0,520.0,186.0,0,0,0.0,402.0,152.0,0.0,0.0,0.0,26052,0,40519,37,0.0,0.0,0.0,0.0,0.0,0.0,0.0,0.0,0.0,0.0,0.0,509.0,185.0,0.0,496.0,183.0,0.0,461.0,174.0,0.0,512.0,185.0,,,,27,,Hannes,Delcroix,Delcroix,has joined Lugano permanently.,,0,0,0,0,0,0,0,0,0,0,0,0,0,,,,0.0,0.0,0.0,0.0,0.0,0,0,0
189,u,0.0,0.0,4.0,681,172.0,0,0.0,0,0.0,0.0,722,250.0,0,0,0.0,589.0,218.0,0,0,0.0,477.0,189.0,0.0,0.0,0.0,0,0,2368,0,0.0,0.0,0.0,0.0,0.0,0.0,0.0,0.0,0.0,0.0,0.0,578.0,217.0,0.0,571.0,217.0,0.0,539.0,211.0,0.0,581.0,217.0,,,,27,,Owen,Dodgson,Dodgson,Has joined Stockport County on loan for the rest of the season.,,0,0,0,0,0,0,0,0,0,0,0,0,0,,,,0.0,0.0,0.0,0.0,0.0,0,0,0
197,u,0.0,0.0,3.8,801,250.0,0,0.0,-2,2.0,0.2,363,133.0,13,0,1.9,337.0,125.0,0,20,0.0,411.0,161.0,0.0,3.4,0.0,34622,0,30846,70,0.0,0.0,0.55,0.08,0.63,3.79,0.3,0.04,0.34,2.08,44.8,405.0,152.0,18.1,392.0,142.0,30.0,352.0,115.0,9.2,413.0,149.0,,,,27,,Oliver,Sonne,Sonne,has joined Sparta Prague on loan for the rest of the season.,,164,1,0,0,4,0,0,0,0,0,0,1,10,,,,0.0,0.0,2.2,0.55,3.84,2,5,4
198,i,0.0,0.0,3.9,748,214.0,0,0.0,-1,1.0,1.0,196,76.0,27,0,2.5,264.0,100.0,0,81,1.0,255.0,93.0,0.3,6.9,0.0,137175,2,289014,195,0.0,0.0,0.61,0.11,0.72,24.88,0.06,0.01,0.07,2.41,225.2,229.0,88.0,9.8,424.0,152.0,52.0,308.0,97.0,28.9,327.0,113.0,,,,27,,Axel,Tuanzebe,Tuanzebe,Achilles injury - Expected back 14 Mar,,931,1,0,1,22,1,0,0,1,0,0,11,106,,,,0.0,0.1,2.13,1.06,9.38,12,85,29
199,a,100.0,100.0,3.8,786,235.0,0,0.0,-2,2.0,0.2,407,149.0,14,4,1.8,354.0,129.0,0,34,1.4,220.0,80.0,0.4,3.7,0.0,19640,158,22474,15,0.9,0.4,0.0,0.02,0.02,7.74,0.0,0.01,0.01,2.09,89.0,357.0,135.0,1.2,459.0,167.0,6.0,421.0,157.0,9.7,408.0,146.0,,,,27,,Joe,Worrall,Worrall,,,334,0,0,0,6,0,0,0,0,0,0,3,48,,,,0.0,0.0,1.62,0.81,12.66,3,44,7
211,u,0.0,0.0,4.4,540,322.0,0,0.0,-1,1.0,1.4,158,51.0,0,0,0.0,668.0,256.0,0,0,0.0,584.0,200.0,0.0,0.0,0.0,62789,0,929338,68,0.0,0.0,0.0,0.0,0.0,0.0,0.0,0.0,0.0,0.0,0.0,657.0,246.0,0.0,654.0,252.0,0.0,632.0,241.0,0.0,660.0,249.0,,,,27,,Aaron,Ramsey,A.Ramsey,has joined Leicester City on loan for the rest of the season.,,0,0,0,0,0,0,0,0,0,0,0,0,0,,,,0.0,0.0,0.0,0.0,0.0,0,0,0
807,a,,,5.6,133,82.0,1,-1.0,1,-1.0,1.6,152,49.0,22,3,5.5,8.0,6.0,2,74,5.5,13.0,7.0,1.0,3.9,0.0,212590,10020,7839,380,5.5,5.5,0.8,0.81,1.61,7.45,0.25,0.25,0.5,2.33,101.4,340.0,155.0,78.7,285.0,167.0,85.0,257.0,140.0,26.5,339.0,163.0,,,,27,,Rayan Vitor,Simplício Rocha,Rayan,,,288,2,1,1,2,0,0,0,1,0,0,3,14,,,,0.0,0.31,0.62,0.94,4.38,2,2,10
132,u,0.0,0.0,4.5,421,253.0,0,0.0,0,0.0,0.0,670,272.0,0,0,0.0,693.0,271.0,0,0,0.0,616.0,220.0,0.0,0.0,0.0,4038,0,5316,6,0.0,0.0,0.0,0.0,0.0,0.0,0.0,0.0,0.0,0.0,0.0,686.0,265.0,0.0,682.0,269.0,0.0,663.0,261.0,0.0,689.0,268.0,,,,27,,Paris,Maghoma,Maghoma,has joined Norwich City permanently.,,0,0,0,0,0,0,0,0,0,0,0,0,0,,,,0.0,0.0,0.0,0.0,0.0,0,0,0
148,a,,,4.4,529,108.0,0,0.0,-1,1.0,0.3,299,110.0,73,8,2.8,217.0,83.0,4,345,3.0,94.0,35.0,0.7,16.6,0.0,75768,193,61607,79,3.0,3.0,1.4,2.25,3.65,33.38,0.06,0.09,0.15,1.4,345.4,134.0,61.0,334.8,69.0,13.0,164.0,152.0,31.0,84.7,106.0,30.0,2.0,,,27,,Ferdi,Kadıoğlu,F.Kadıoğlu,,,2140,0,2,6,29,0,0,0,5,0,0,23,147,,,,0.0,0.25,1.22,0.97,4.92,45,72,101
149,a,100.0,100.0,4.5,422,81.0,0,0.0,0,0.0,0.1,525,187.0,6,0,1.5,407.0,148.0,0,10,0.0,617.0,243.0,0.0,1.3,0.0,8737,19,9952,14,0.0,0.0,0.0,0.0,0.0,4.66,0.0,0.0,0.0,4.07,25.8,436.0,162.0,10.6,413.0,150.0,0.0,664.0,254.0,3.6,453.0,163.0,,,,27,,Igor Julio,dos Santos de Paulo,Igor,,,103,0,0,0,3,0,0,0,0,0,0,1,13,,,,0.0,0.0,2.62,0.87,11.36,0,13,3
175,u,0.0,0.0,4.4,559,335.0,0,0.0,-1,1.0,0.1,529,191.0,1,0,1.0,469.0,209.0,0,3,0.0,598.0,211.0,0.0,0.2,0.0,11030,0,14611,17,0.0,0.0,0.0,0.0,0.0,0.0,0.0,0.0,0.0,0.0,0.0,671.0,257.0,0.0,667.0,262.0,0.0,647.0,253.0,0.0,674.0,260.0,,,,27,,Joe,Knight,Knight,has joined Stevenage permanently.,,1,0,0,0,0,0,0,0,0,0,0,0,0,,,,0.0,0.0,0.0,0.0,0.0,0,0,0
223,a,,,3.9,761,82.0,0,0.0,-1,1.0,0.1,462,70.0,0,0,0.0,553.0,50.0,0,0,0.0,439.0,41.0,0.0,0.0,0.0,9902,1,12416,5,-0.5,1.0,0.0,0.0,0.0,0.0,0.0,0.0,0.0,0.0,0.0,542.0,50.0,0.0,532.0,35.0,0.0,498.0,22.0,0.0,545.0,50.0,,,,27,,Gabriel,Słonina,Slonina,,,0,0,0,0,0,0,0,0,0,0,0,0,0,,,,0.0,0.0,0.0,0.0,0.0,0,0,0
224,i,0.0,0.0,6.1,81,3.0,0,0.0,1,-1.0,15.3,22,8.0,90,0,3.8,90.0,32.0,5,409,3.2,88.0,33.0,0.5,14.8,0.0,2716342,28,3482823,18651,0.0,0.0,1.64,2.73,4.37,27.63,0.08,0.13,0.21,1.32,429.6,79.0,34.0,384.9,50.0,6.0,194.0,125.0,23.0,100.8,68.0,14.0,,,,27,,Marc,Cucurella Saseta,Cucurella,Hamstring injury - Unknown return date,,1885,1,3,9,21,0,0,0,5,1,0,22,177,,,,0.0,0.43,1.0,1.05,6.68,43,97,85
225,a,100.0,100.0,5.6,129,13.0,0,0.0,1,-1.0,8.3,44,15.0,103,6,4.3,47.0,18.0,9,428,2.6,125.0,42.0,0.5,18.4,0.0,2075300,1742,1829108,2688,2.1,3.6,0.86,2.32,3.18,24.92,0.05,0.13,0.18,1.38,417.0,86.0,38.0,404.8,41.0,3.0,89.0,252.0,70.0,91.3,88.0,21.0,2.0,2.0,,27,,Reece,James,James,,,1622,2,5,8,16,0,0,0,4,0,0,17,150,,,,0.0,0.44,0.89,0.94,6.16,43,68,82
226,a,100.0,100.0,5.8,106,8.0,0,0.0,8,-8.0,23.7,14,4.0,126,2,4.8,20.0,6.0,7,464,3.2,85.0,32.0,0.6,21.7,0.0,4754845,3271,2114168,35221,2.7,4.2,1.14,0.75,1.89,32.83,0.04,0.03,0.07,1.3,647.2,14.0,5.0,94.3,256.0,76.0,145.0,176.0,40.0,88.6,94.0,23.0,,,,27,,Trevoh,Chalobah,Chalobah,,,2280,3,1,9,30,0,0,0,3,1,0,26,266,,,,0.0,0.36,1.18,1.03,9.24,32,202,99
227,i,0.0,0.0,4.7,387,65.0,0,0.0,-3,3.0,0.1,470,171.0,0,0,0.0,755.0,259.0,0,0,0.0,696.0,250.0,0.0,0.0,0.0,1169,1,30578,3,0.0,0.0,0.0,0.0,0.0,0.0,0.0,0.0,0.0,0.0,0.0,754.0,259.0,0.0,750.0,259.0,0.0,742.0,259.0,0.0,755.0,259.0,,,,27,,Levi,Samuels Colwill,Colwill,Anterior cruciate ligament - Unknown return date,,0,0,0,0,0,0,0,0,0,0,0,0,0,,,,0.0,0.0,0.0,0.0,0.0,0,0,0
712,a,100.0,100.0,5.8,110,69.0,0,0.0,-2,2.0,0.2,362,120.0,61,0,2.5,277.0,117.0,3,249,0.8,296.0,132.0,0.1,10.5,0.0,127888,33,106261,156,0.3,1.3,3.58,4.73,8.31,22.08,0.2,0.26,0.46,1.22,266.0,200.0,82.0,556.0,17.0,17.0,305.0,67.0,40.0,112.5,45.0,32.0,1.0,1.0,,27,,Yéremy,Pino Santos,Yeremy,,,1625,2,1,6,20,0,0,0,4,0,0,20,128,,,,0.0,0.33,1.11,1.11,7.09,30,23,75
723,a,100.0,100.0,4.5,510,97.0,0,0.0,0,0.0,0.0,647,227.0,27,0,3.0,189.0,76.0,4,71,0.0,685.0,248.0,0.0,6.0,0.0,4739,4,3718,13,-0.5,0.5,0.05,0.12,0.17,7.65,0.01,0.03,0.04,1.96,99.0,344.0,130.0,7.1,432.0,156.0,10.0,399.0,145.0,11.5,398.0,142.0,,,,27,,Jaydee,Canvot,Canvot,,,352,0,0,2,6,0,0,0,1,0,0,3,52,,,,0.0,0.51,1.53,0.77,13.3,16,36,13
732,a,,,5.5,155,41.0,0,0.0,0,0.0,0.1,579,79.0,16,0,1.2,442.0,54.0,0,38,0.6,314.0,43.0,0.1,2.9,0.0,13774,21,10135,16,0.1,1.1,0.39,0.01,0.4,4.41,0.23,0.01,0.24,2.65,10.8,453.0,54.0,6.5,434.0,56.0,68.0,279.0,49.0,8.0,424.0,53.0,,,,27,,Christantus,Uche,Uche,,,150,0,1,0,4,0,0,0,0,0,0,0,12,,,,0.0,0.0,2.4,0.0,7.2,1,2,9
762,a,,,4.5,513,317.0,0,0.0,0,0.0,0.0,777,337.0,2,0,1.0,484.0,222.0,0,6,0.0,688.0,277.0,0.0,0.4,0.0,619,3,339,2,-0.5,0.5,0.0,0.0,0.0,0.73,0.0,0.0,0.0,9.39,1.4,487.0,225.0,1.0,465.0,223.0,0.0,732.0,315.0,0.3,495.0,229.0,,,,27,,Joél,Drakes-Thomas,Drakes-Thomas,,,7,0,0,0,1,0,0,0,0,0,0,0,3,,,,0.0,0.0,12.86,0.0,38.57,1,0,2
793,a,,,4.0,721,198.0,0,0.0,0,0.0,0.0,721,249.0,0,0,0.0,622.0,237.0,0,0,0.0,513.0,211.0,0.0,0.0,0.0,1000,8,377,5,-0.5,0.5,0.0,0.0,0.0,0.0,0.0,0.0,0.0,0.0,0.0,611.0,236.0,0.0,604.0,236.0,0.0,573.0,231.0,0.0,614.0,236.0,,,,27,,George,King,King,,,0,0,0,0,0,0,0,0,0,0,0,0,0,,,,0.0,0.0,0.0,0.0,0.0,0,0,0
786,a,,,4.0,699,60.0,0,0.0,0,0.0,0.0,759,86.0,0,0,0.0,604.0,79.0,0,0,0.0,493.0,71.0,0.0,0.0,0.0,489,1,228,0,0.0,0.0,0.0,0.0,0.0,0.0,0.0,0.0,0.0,0.0,0.0,593.0,79.0,0.0,586.0,67.0,0.0,554.0,54.0,0.0,596.0,79.0,,,,27,,Alfie,McNally,McNally,,,0,0,0,0,0,0,0,0,0,0,0,0,0,,,,0.0,0.0,0.0,0.0,0.0,0,0,0
368,a,,,3.8,810,94.0,0,0.0,-2,2.0,0.8,204,25.0,0,0,0.0,532.0,34.0,0,0,0.0,417.0,25.0,0.0,0.0,0.0,127164,799,44232,303,0.5,0.5,0.0,0.0,0.0,0.0,0.0,0.0,0.0,0.0,0.0,521.0,34.0,0.0,510.0,18.0,0.0,476.0,5.0,0.0,524.0,34.0,,,,27,,Ármin,Pécsi,Pécsi,,,0,0,0,0,0,0,0,0,0,0,0,0,0,,,,0.0,0.0,0.0,0.0,0.0,0,0,0
421,a,100.0,100.0,6.3,68,45.0,0,0.0,-2,2.0,0.5,267,93.0,41,6,2.7,249.0,103.0,3,221,3.8,45.0,22.0,0.6,6.5,0.0,57319,171,99113,61,4.3,4.3,0.26,1.24,1.5,13.07,0.02,0.11,0.13,1.21,222.4,234.0,101.0,280.3,93.0,69.0,42.0,329.0,172.0,54.5,214.0,105.0,,,,27,,Rodrigo 'Rodri',Hernandez Cascante,Rodrigo,,,973,0,0,3,10,0,0,0,2,0,0,11,142,,,,0.0,0.28,0.92,1.02,13.13,33,38,71
422,i,0.0,0.0,5.8,103,66.0,0,0.0,-2,2.0,0.0,684,281.0,1,0,1.0,501.0,236.0,0,3,0.0,791.0,349.0,0.0,0.2,0.0,2416,1,3356,1,0.0,0.0,0.0,0.0,0.0,0.0,0.0,0.0,0.0,0.0,2.6,479.0,221.0,0.8,467.0,225.0,0.0,804.0,358.0,0.3,496.0,230.0,,,,27,,Mateo,Kovačić,Kovačić,Ankle injury - Unknown return date,,4,0,0,0,0,0,0,0,0,0,0,0,0,,,,0.0,0.0,0.0,0.0,0.0,0,0,0
448,a,,,3.8,787,236.0,0,0.0,-2,2.0,0.4,283,103.0,1,0,1.0,447.0,160.0,0,3,0.0,400.0,150.0,0.0,0.3,0.0,53298,12,56609,47,0.5,0.5,0.0,0.0,0.0,0.3,0.0,0.0,0.0,13.5,3.0,477.0,171.0,0.0,494.0,181.0,0.0,459.0,172.0,0.3,491.0,173.0,,,,27,,Tyrell,Malacia,Malacia,,,2,0,0,0,0,0,0,0,0,0,0,0,2,,,,0.0,0.0,0.0,0.0,90.0,1,1,0
450,a,100.0,100.0,8.1,15,10.0,0,0.0,1,-1.0,8.1,45,15.0,93,0,4.0,80.0,38.0,10,372,4.6,29.0,14.0,0.6,11.5,0.0,2985089,1713,2997794,2371,5.1,5.1,5.13,2.3,7.43,21.95,0.28,0.13,0.41,1.21,435.8,76.0,24.0,357.6,57.0,46.0,510.0,22.0,10.0,130.5,28.0,22.0,,,,27,,Matheus,Santos Carneiro da Cunha,Cunha,,,1627,6,2,5,23,0,0,0,1,0,0,19,132,,,,0.0,0.28,1.27,1.05,7.3,26,26,80
451,u,0.0,0.0,7.0,35,20.0,0,0.0,0,0.0,0.0,697,289.0,0,0,0.0,815.0,365.0,0,0,0.0,812.0,364.0,0.0,0.0,0.0,0,0,2117,0,0.0,0.0,0.0,0.0,0.0,0.0,0.0,0.0,0.0,0.0,0.0,815.0,365.0,0.0,815.0,365.0,0.0,815.0,365.0,0.0,815.0,365.0,,,,27,,Marcus,Rashford,Rashford,Has joined Barcelona on loan for the rest of the season,,0,0,0,0,0,0,0,0,0,0,0,0,0,,,,0.0,0.0,0.0,0.0,0.0,0,0,0
452,a,100.0,100.0,6.2,77,51.0,0,0.0,-3,3.0,1.8,143,47.0,67,0,3.4,135.0,60.0,6,349,1.6,214.0,89.0,0.3,10.8,0.0,415229,901,545691,631,2.1,2.1,3.96,3.23,7.19,20.63,0.22,0.18,0.4,1.13,341.8,136.0,45.0,459.3,28.0,27.0,403.0,34.0,19.0,120.5,36.0,28.0,,,,27,,Amad,Diallo,Amad,,,1650,2,4,4,23,0,0,0,2,0,0,19,144,,,,0.0,0.22,1.25,1.04,7.85,30,36,78
771,a,,,4.4,550,330.0,0,0.0,-1,1.0,0.0,734,309.0,1,0,1.0,467.0,207.0,0,3,0.2,369.0,162.0,0.0,0.2,0.0,1863,10,916,6,0.7,0.7,0.0,0.01,0.01,0.02,0.0,0.9,0.9,1.8,0.4,498.0,228.0,1.0,464.0,222.0,0.0,639.0,248.0,0.1,503.0,231.0,,,,27,,Tyler,Fletcher,Fletcher,,,1,0,0,0,0,0,0,0,0,0,0,0,0,,,,0.0,0.0,0.0,0.0,0.0,0,0,0
788,a,,,4.0,715,193.0,0,0.0,0,0.0,0.0,749,257.0,0,0,0.0,616.0,232.0,0,0,0.0,507.0,206.0,0.0,0.0,0.0,367,5,263,4,0.5,0.5,0.0,0.0,0.0,0.0,0.0,0.0,0.0,0.0,0.0,605.0,231.0,0.0,598.0,231.0,0.0,567.0,226.0,0.0,608.0,231.0,,,,27,,Godwill,Kukonki,Kukonki,,,0,0,0,0,0,0,0,0,0,0,0,0,0,,,,0.0,0.0,0.0,0.0,0.0,0,0,0
498,u,0.0,0.0,4.5,438,262.0,0,0.0,0,0.0,0.0,765,329.0,0,0,0.0,703.0,279.0,0,0,0.0,629.0,229.0,0.0,0.0,0.0,117,0,1242,1,0.0,0.0,0.0,0.0,0.0,0.0,0.0,0.0,0.0,0.0,0.0,696.0,273.0,0.0,694.0,277.0,0.0,677.0,270.0,0.0,699.0,276.0,,,,27,,Joe,White,White,has joined Bradford City on loan for the rest of the season.,,0,0,0,0,0,0,0,0,0,0,0,0,0,,,,0.0,0.0,0.0,0.0,0.0,0,0,0
500,a,100.0,100.0,5.4,183,45.0,0,0.0,-1,1.0,0.2,379,60.0,22,1,1.6,395.0,46.0,0,70,0.8,291.0,41.0,0.1,4.1,0.0,70118,22,86161,14,0.8,0.3,0.64,0.04,0.68,4.47,0.22,0.01,0.23,1.56,42.4,408.0,45.0,15.8,398.0,52.0,70.0,278.0,48.0,12.6,395.0,48.0,,,,27,,William,Osula,Osula,,,258,1,1,1,6,0,0,0,0,0,0,1,10,,,,0.0,0.35,2.09,0.35,3.49,1,1,8
501,a,,,4.3,617,86.0,0,0.0,-2,2.0,0.3,339,57.0,0,0,0.0,657.0,67.0,0,0,0.0,569.0,57.0,0.0,0.0,0.0,24683,49,34484,35,0.0,-0.5,0.0,0.0,0.0,0.0,0.0,0.0,0.0,0.0,0.0,646.0,67.0,0.0,643.0,66.0,0.0,620.0,66.0,0.0,649.0,67.0,,,,27,,Sean,Neave,Neave,,,0,0,0,0,0,0,0,0,0,0,0,0,0,,,,0.0,0.0,0.0,0.0,0.0,0,0,0
674,a,,,4.8,363,14.0,0,0.0,-2,2.0,0.7,225,29.0,11,0,1.6,388.0,30.0,0,45,0.0,705.0,92.0,0.0,2.3,0.0,108450,31,150553,70,0.0,-0.5,0.0,0.0,0.0,7.96,0.0,0.0,0.0,1.3,97.4,348.0,27.0,10.0,422.0,10.0,0.0,747.0,84.0,10.8,403.0,26.0,,,,27,,Aaron,Ramsdale,Ramsdale,,,553,0,0,0,10,0,0,0,0,0,10,6,0,,,,1.63,0.0,1.63,0.98,0.0,0,5,49
714,a,,,6.8,49,17.0,-1,1.0,-2,2.0,7.8,49,9.0,85,1,3.5,127.0,11.0,10,299,1.0,276.0,36.0,0.1,12.5,0.0,5411392,830,4600246,3268,1.0,0.5,6.25,0.78,7.03,19.05,0.38,0.05,0.43,1.16,358.2,122.0,11.0,180.8,167.0,12.0,381.0,43.0,17.0,90.9,89.0,15.0,,,3.0,27,,Nick,Woltemade,Woltemade,,,1475,7,3,6,23,1,0,0,0,0,0,18,77,,,,0.0,0.37,1.4,1.1,4.7,18,23,36
511,a,,,4.3,591,135.0,0,0.0,-2,2.0,0.1,509,182.0,34,0,2.4,283.0,108.0,1,131,2.6,120.0,41.0,0.6,7.9,0.0,8843,8,12893,7,2.6,2.1,0.83,0.08,0.91,14.04,0.08,0.01,0.09,1.35,224.8,231.0,90.0,20.8,387.0,138.0,59.0,299.0,90.0,30.5,321.0,109.0,,,,27,,Felipe,Rodrigues da Silva,Morato,,,937,0,0,2,17,0,0,0,4,0,0,10,120,,,,0.0,0.19,1.63,0.96,9.41,24,74,46
512,u,0.0,0.0,4.5,418,78.0,0,0.0,0,0.0,0.0,682,236.0,0,0,0.0,692.0,255.0,0,0,0.0,615.0,242.0,0.0,0.0,0.0,345,0,4117,0,0.0,0.0,0.0,0.0,0.0,0.0,0.0,0.0,0.0,0.0,0.0,685.0,254.0,0.0,681.0,254.0,0.0,662.0,253.0,0.0,688.0,254.0,,,,27,,Omar,Richards,O.Richards,has joined Rio Ave on loan for the rest of the season.,,0,0,0,0,0,0,0,0,0,0,0,0,0,,,,0.0,0.0,0.0,0.0,0.0,0,0,0
514,i,0.0,0.0,3.8,783,233.0,0,0.0,-2,2.0,0.4,287,107.0,0,0,0.0,517.0,184.0,0,0,0.0,397.0,148.0,0.0,0.0,0.0,42004,19,63131,95,0.0,0.0,0.0,0.0,0.0,0.0,0.0,0.0,0.0,0.0,0.0,505.0,182.0,0.0,491.0,179.0,0.0,456.0,170.0,0.0,508.0,182.0,,,,27,,Willy,Boly,Boly,Knee injury - Unknown return date,,0,0,0,0,0,0,0,0,0,0,0,0,0,,,,0.0,0.0,0.0,0.0,0.0,0,0,0
528,u,0.0,0.0,4.2,633,34.0,0,0.0,-3,3.0,0.2,402,60.0,0,0,0.0,635.0,88.0,0,0,0.0,533.0,82.0,0.0,0.0,0.0,10565,0,33604,17,0.0,0.0,0.0,0.0,0.0,0.0,0.0,0.0,0.0,0.0,0.0,625.0,88.0,0.0,619.0,78.0,0.0,592.0,66.0,0.0,628.0,88.0,,,,27,,Anthony,Patterson,Patterson,has joined Millwall on loan for the rest of the season.,,0,0,0,0,0,0,0,0,0,0,0,0,0,,,,0.0,0.0,0.0,0.0,0.0,0,0,0
529,a,,,3.9,739,69.0,0,0.0,-1,1.0,0.4,290,38.0,0,0,0.0,537.0,37.0,0,0,0.0,422.0,28.0,0.0,0.0,0.0,17969,12,33013,15,0.0,0.0,0.0,0.0,0.0,0.0,0.0,0.0,0.0,0.0,0.0,526.0,37.0,0.0,516.0,22.0,0.0,482.0,9.0,0.0,529.0,37.0,,,,27,,Simon,Moore,Moore,,,0,0,0,0,0,0,0,0,0,0,0,0,0,,,,0.0,0.0,0.0,0.0,0.0,0,0,0
530,u,0.0,0.0,3.9,767,86.0,0,0.0,-1,1.0,0.1,453,67.0,0,0,0.0,557.0,54.0,0,0,0.0,444.0,45.0,0.0,0.0,0.0,7473,0,12807,13,0.0,0.0,0.0,0.0,0.0,0.0,0.0,0.0,0.0,0.0,0.0,546.0,54.0,0.0,536.0,39.0,0.0,502.0,26.0,0.0,549.0,54.0,,,,27,,Blondy,Nna Noukeu,Nna Noukeu,has joined US Boulogne CO permanently.,,0,0,0,0,0,0,0,0,0,0,0,0,0,,,,0.0,0.0,0.0,0.0,0.0,0,0,0
540,u,0.0,0.0,3.9,760,221.0,0,0.0,-1,1.0,0.3,323,118.0,0,0,0.0,552.0,202.0,0,0,0.0,438.0,172.0,0.0,0.0,0.0,47547,0,46828,26,0.0,0.0,0.0,0.0,0.0,0.0,0.0,0.0,0.0,0.0,0.0,541.0,201.0,0.0,531.0,201.0,0.0,497.0,193.0,0.0,544.0,201.0,,,,27,,Timothée,Pembélé,Pembele,has joined Le Havre AC on loan for the rest of the season.,,0,0,0,0,0,0,0,0,0,0,0,0,0,,,,0.0,0.0,0.0,0.0,0.0,0,0,0
541,i,0.0,0.0,3.8,791,240.0,0,0.0,-2,2.0,3.2,104,40.0,51,0,3.0,183.0,70.0,5,181,2.4,135.0,45.0,0.6,13.4,0.0,611852,97,1007790,2665,0.0,0.0,0.13,0.46,0.59,19.99,0.01,0.03,0.04,1.26,285.4,185.0,76.0,94.0,257.0,77.0,37.0,335.0,109.0,41.8,269.0,90.0,,,,27,,Reinildo,Mandava,Reinildo,Knee injury - Expected back 22 Mar,,1427,0,2,4,20,0,0,0,6,1,0,17,141,,,,0.0,0.25,1.26,1.07,7.69,27,95,67
694,a,,,4.6,398,67.0,0,0.0,6,-6.0,14.2,24,9.0,114,0,4.8,19.0,5.0,8,394,3.2,78.0,30.0,0.7,24.8,0.0,2456328,4922,721504,2895,3.2,3.2,1.02,2.01,3.03,35.72,0.04,0.08,0.12,1.49,559.0,35.0,13.0,278.7,94.0,22.0,141.0,183.0,42.0,97.9,75.0,16.0,,,,27,,Nordi,Mukiele,Mukiele,,,2152,1,5,7,28,1,0,0,4,0,0,24,253,,,,0.0,0.29,1.17,1.0,9.41,57,168,101
724,a,,,4.5,425,83.0,0,0.0,0,0.0,0.0,597,213.0,35,0,1.8,363.0,135.0,0,158,0.6,304.0,106.0,0.1,7.8,0.0,8589,10,6086,18,0.6,0.6,0.37,0.61,0.98,21.41,0.03,0.05,0.08,1.91,170.4,272.0,110.0,90.5,262.0,80.0,36.0,338.0,110.0,29.7,325.0,112.0,,,,27,,Lutsharel,Geertruida,Geertruida,,,1009,0,0,2,15,0,0,0,0,0,0,10,82,,,,0.0,0.18,1.34,0.89,5.89,22,44,44
671,a,,,5.8,102,29.0,0,0.0,-2,2.0,0.6,247,38.0,63,1,2.7,247.0,28.0,7,228,1.0,274.0,35.0,0.2,10.9,0.0,202487,57,208899,181,0.5,1.0,5.88,0.29,6.17,17.73,0.57,0.03,0.6,1.71,226.8,228.0,20.0,93.4,258.0,25.0,385.0,40.0,16.0,69.7,149.0,19.0,,,,27,,Callum,Wilson,Wilson,,,933,5,2,1,18,0,0,0,0,0,0,9,32,,,,0.0,0.1,1.74,0.87,3.09,3,7,22
679,a,,,4.2,637,35.0,0,0.0,-3,3.0,0.3,340,46.0,31,10,4.4,37.0,1.0,6,104,4.4,31.0,4.0,1.0,7.4,0.0,23120,309,37745,51,3.9,4.4,0.0,0.01,0.01,8.0,0.0,0.0,0.0,1.14,156.6,289.0,23.0,0.0,620.0,79.0,0.0,593.0,67.0,15.6,379.0,23.0,,,,27,,Mads,Hermansen,Hermansen,,,630,0,0,3,12,0,0,0,0,0,21,7,34,,,,3.0,0.43,1.71,1.0,0.0,0,13,66
708,a,100.0,100.0,5.5,154,95.0,0,0.0,0,0.0,0.5,266,92.0,100,5,4.0,72.0,32.0,6,485,5.6,12.0,6.0,1.0,18.2,0.0,100515,496,48562,290,5.1,5.6,1.18,1.92,3.1,32.45,0.05,0.08,0.13,1.44,503.8,59.0,16.0,463.9,27.0,26.0,95.0,241.0,133.0,106.4,52.0,35.0,4.0,,,27,,Mateus Gonçalo,Espanha Fernandes,M.Fernandes,,,2033,3,3,4,34,0,0,0,4,0,0,24,269,,,,0.0,0.18,1.51,1.06,11.91,72,66,131
718,a,,,5.0,276,171.0,0,0.0,0,0.0,0.0,655,263.0,37,3,2.3,294.0,127.0,2,169,0.8,286.0,125.0,0.2,7.4,0.0,5236,2,4508,5,0.3,0.8,0.44,0.31,0.75,15.69,0.05,0.03,0.08,1.71,164.0,277.0,119.0,79.1,284.0,166.0,44.0,324.0,170.0,28.7,332.0,159.0,,,,27,,Soungoutou,Magassa,S.Magassa,,,826,1,0,2,19,0,0,0,2,0,0,10,109,,,,0.0,0.22,2.07,1.09,11.88,36,28,45
791,a,,,5.5,144,36.0,0,0.0,0,0.0,0.1,441,64.0,19,2,2.7,245.0,27.0,0,60,3.2,84.0,7.0,0.6,3.5,0.0,25372,134,10480,150,2.7,3.2,2.1,0.45,2.55,7.33,0.33,0.07,0.4,1.17,67.4,384.0,39.0,66.6,302.0,31.0,195.0,122.0,30.0,31.9,316.0,36.0,,,,27,,Valentín,Castellanos,Taty,,,565,1,1,3,6,0,0,0,2,0,0,7,30,,,,0.0,0.48,0.96,1.12,4.78,4,12,14
648,u,0.0,0.0,5.3,198,123.0,0,0.0,-2,2.0,0.0,624,242.0,38,0,2.9,210.0,86.0,1,131,0.0,770.0,335.0,0.0,7.2,0.0,19177,0,23023,3,0.0,0.0,1.64,0.38,2.02,13.36,0.17,0.04,0.21,1.38,163.6,278.0,120.0,61.8,314.0,176.0,196.0,120.0,69.0,42.1,267.0,135.0,,,,27,,Marshall,Munetsi,Munetsi,has joined Paris FC on loan for the rest of the season.,,872,1,2,0,19,0,0,0,2,0,0,9,80,,,,0.0,0.0,1.96,0.93,8.26,21,39,20
652,a,,,4.3,614,360.0,0,0.0,-2,2.0,1.3,166,55.0,0,0,0.0,656.0,251.0,0,0,0.0,568.0,194.0,0.0,0.0,0.0,193543,168,235787,149,-0.5,-0.5,0.0,0.0,0.0,0.0,0.0,0.0,0.0,0.0,0.0,645.0,241.0,0.0,642.0,247.0,0.0,619.0,236.0,0.0,648.0,244.0,,,,27,,Enso,González Medina,Gonzalez,,,0,0,0,0,0,0,0,0,0,0,0,0,0,,,,0.0,0.0,0.0,0.0,0.0,0,0,0
657,i,0.0,0.0,4.4,563,81.0,0,0.0,-1,1.0,0.0,651,83.0,0,0,0.0,682.0,74.0,0,0,0.0,601.0,64.0,0.0,0.0,0.0,4712,6,7145,5,0.0,0.0,0.0,0.0,0.0,0.0,0.0,0.0,0.0,0.0,0.0,674.0,74.0,0.0,670.0,73.0,0.0,650.0,73.0,0.0,677.0,74.0,,,,27,,Leon,Chiwome,Chiwome,Knee injury - Unknown return date,,0,0,0,0,0,0,0,0,0,0,0,0,0,,,,0.0,0.0,0.0,0.0,0.0,0,0,0
658,a,,,4.2,642,88.0,0,0.0,-3,3.0,2.0,134,22.0,0,0,0.0,637.0,63.0,0,0,0.0,536.0,52.0,0.0,0.0,0.0,269814,568,343523,345,-0.5,-0.5,0.0,0.0,0.0,0.0,0.0,0.0,0.0,0.0,0.0,627.0,63.0,0.0,622.0,62.0,0.0,595.0,62.0,0.0,630.0,63.0,,,,27,,Nathan,Fraser,Fraser,,,0,0,0,0,0,0,0,0,0,0,0,0,0,,,,0.0,0.0,0.0,0.0,0.0,0,0,0
663,u,0.0,0.0,4.9,318,198.0,0,0.0,-6,6.0,0.1,429,144.0,45,0,2.0,330.0,144.0,2,175,0.3,352.0,159.0,0.1,9.2,0.0,20148,0,81351,28,0.0,0.0,3.38,0.62,4.0,16.0,0.27,0.05,0.32,1.29,171.0,271.0,116.0,204.0,149.0,102.0,148.0,169.0,95.0,52.1,221.0,110.0,1.0,1.0,,27,,Jhon,Arias,J.Arias,has joined Palmeiras permanently.,,1117,1,0,2,21,0,0,0,1,0,0,14,125,,,,0.0,0.16,1.69,1.13,10.07,43,24,58
682,a,,,4.2,638,150.0,0,0.0,-3,3.0,0.1,549,197.0,22,0,1.4,420.0,150.0,0,47,0.3,350.0,123.0,0.1,5.2,0.0,4494,2,9149,9,-0.2,-0.2,0.13,0.99,1.12,15.15,0.02,0.12,0.14,1.86,120.0,318.0,120.0,106.2,237.0,65.0,44.0,321.0,104.0,27.2,336.0,116.0,,,,27,,David,Møller Wolfe,Møller Wolfe,,,734,0,2,0,19,0,0,0,1,0,0,8,39,,,,0.0,0.0,2.33,0.98,4.17,6,28,18
695,a,,,4.4,551,119.0,0,0.0,-1,1.0,0.0,646,226.0,37,0,1.5,406.0,147.0,0,95,0.2,370.0,136.0,0.0,8.4,0.0,5829,5,5673,5,-0.3,-0.3,0.26,0.99,1.25,19.13,0.02,0.07,0.09,1.29,224.6,232.0,91.0,238.7,121.0,31.0,38.0,334.0,108.0,50.2,232.0,76.0,,,,27,,Jackson,Tchatchoua,Tchatchoua,,,1335,0,0,2,27,0,0,0,3,0,0,13,108,,,,0.0,0.13,1.82,0.88,5.6,23,60,46
709,a,100.0,100.0,4.5,427,84.0,0,0.0,0,0.0,0.1,521,185.0,56,0,2.7,238.0,94.0,0,195,1.8,188.0,68.0,0.4,12.4,0.0,23580,28,17632,32,1.3,1.3,1.97,1.34,3.31,28.63,0.1,0.07,0.17,1.43,418.2,85.0,37.0,114.0,225.0,58.0,206.0,109.0,17.0,74.0,134.0,45.0,,,,27,,Ladislav,Krejcí,Krejčí,,,1797,2,1,3,34,1,0,0,2,0,0,20,167,,,,0.0,0.15,1.7,1.0,7.21,20,124,58
766,a,,,4.0,722,199.0,0,0.0,0,0.0,0.0,668,234.0,0,0,0.0,623.0,238.0,0,0,0.0,514.0,212.0,0.0,0.0,0.0,2541,9,1256,8,-0.5,-0.5,0.0,0.0,0.0,0.0,0.0,0.0,0.0,0.0,0.0,612.0,237.0,0.0,605.0,237.0,0.0,574.0,232.0,0.0,615.0,237.0,,,,27,,Saheed,Olagunju,Olagunju,,,0,0,0,0,0,0,0,0,0,0,0,0,0,,,,0.0,0.0,0.0,0.0,0.0,0,0,0
767,a,,,4.5,495,304.0,0,0.0,0,0.0,0.0,764,328.0,0,0,0.0,739.0,309.0,0,0,0.0,673.0,266.0,0.0,0.0,0.0,971,2,578,3,-0.5,-0.5,0.0,0.0,0.0,0.0,0.0,0.0,0.0,0.0,0.0,737.0,307.0,0.0,732.0,308.0,0.0,719.0,304.0,0.0,738.0,308.0,,,,27,,Luke,Rawlings,Rawlings,,,0,0,0,0,0,0,0,0,0,0,0,0,0,,,,0.0,0.0,0.0,0.0,0.0,0,0,0
777,u,0.0,0.0,4.5,455,272.0,0,0.0,0,0.0,0.0,799,353.0,0,0,0.0,711.0,287.0,0,0,0.0,639.0,238.0,0.0,0.0,0.0,415,0,294,1,0.0,0.0,0.0,0.0,0.0,0.0,0.0,0.0,0.0,0.0,0.0,705.0,282.0,0.0,702.0,285.0,0.0,686.0,278.0,0.0,707.0,284.0,,,,27,,Temple,Ojinnaka,Ojinnaka,has joined Shrewsbury Town on loan for the rest of the season.,,0,0,0,0,0,0,0,0,0,0,0,0,0,,,,0.0,0.0,0.0,0.0,0.0,0,0,0
778,a,,,4.5,487,298.0,0,0.0,0,0.0,0.0,755,322.0,0,0,0.0,732.0,304.0,0,0,0.0,666.0,261.0,0.0,0.0,0.0,1156,3,609,4,-0.5,-0.5,0.0,0.0,0.0,0.0,0.0,0.0,0.0,0.0,0.0,730.0,302.0,0.0,725.0,303.0,0.0,712.0,299.0,0.0,731.0,303.0,,,,27,,Ethan,Sutherland,Sutherland,,,0,0,0,0,0,0,0,0,0,0,0,0,0,,,,0.0,0.0,0.0,0.0,0.0,0,0,0
817,a,,,5.5,139,35.0,0,0.0,0,0.0,0.1,524,74.0,8,0,2.7,244.0,26.0,0,26,2.0,184.0,24.0,0.4,1.5,0.0,13665,36,4124,129,1.5,1.5,0.03,0.37,0.4,7.85,0.01,0.12,0.13,2.62,30.2,427.0,50.0,33.5,364.0,46.0,7.0,420.0,59.0,7.1,430.0,54.0,,,,27,,Adam,Armstrong,Armstrong,,,270,0,1,1,5,0,0,0,1,0,0,3,6,,,,0.0,0.33,1.67,1.0,2.0,0,4,2
24,a,100.0,100.0,5.1,225,138.0,0,0.0,-4,4.0,0.1,434,147.0,4,0,1.0,496.0,231.0,0,14,0.2,380.0,168.0,0.0,0.8,0.0,7426,7,60829,9,0.7,1.2,0.05,0.0,0.05,2.18,0.14,0.0,0.14,6.13,15.6,450.0,201.0,0.4,475.0,230.0,7.0,419.0,204.0,2.4,463.0,210.0,,,,27,,Christian,Nørgaard,Nørgaard,,,32,0,0,0,1,0,0,0,0,0,0,0,9,,,,0.0,0.0,2.81,0.0,25.31,0,6,3
662,a,100.0,100.0,5.3,204,26.0,0,0.0,-2,2.0,0.1,428,159.0,21,0,1.9,346.0,128.0,1,98,0.7,299.0,102.0,0.1,4.0,0.0,44588,30,51467,17,1.2,1.7,0.0,0.44,0.44,4.19,0.0,0.08,0.08,0.73,113.4,329.0,123.0,26.0,377.0,135.0,8.0,412.0,154.0,14.7,385.0,137.0,,,,27,,Cristhian,Mosquera,Mosquera,,,519,0,0,1,5,0,0,0,1,0,0,5,61,,,,0.0,0.17,0.87,0.87,8.32,14,34,22
666,a,100.0,100.0,8.8,8,4.0,0,0.0,-2,2.0,11.8,29,5.0,78,0,3.1,182.0,18.0,8,280,3.8,50.0,4.0,0.4,8.9,0.0,3243416,565,4834106,8386,4.3,4.8,7.88,1.33,9.21,11.46,0.43,0.07,0.5,0.63,306.6,174.0,14.0,178.0,172.0,14.0,542.0,20.0,12.0,101.9,65.0,12.0,,,2.0,27,,Viktor,Gyökeres,Gyökeres,,,1636,8,0,10,9,0,0,0,4,0,0,20,58,,,,0.0,0.55,0.5,1.1,3.19,5,18,35
700,i,0.0,0.0,4.2,647,367.0,0,0.0,-3,3.0,0.4,269,95.0,5,0,2.5,268.0,113.0,0,13,0.0,541.0,177.0,0.0,1.2,0.0,166808,535,130540,226,0.0,0.0,0.14,0.02,0.16,0.12,0.47,0.07,0.54,0.4,1.0,491.0,226.0,0.8,466.0,224.0,26.0,360.0,186.0,2.8,458.0,208.0,,,,27,,Max,Dowman,Dowman,Ankle injury - Unknown return date,,27,0,1,0,0,0,0,0,0,0,0,0,3,,,,0.0,0.0,0.0,0.0,10.0,2,0,1
456,a,100.0,100.0,5.8,107,68.0,0,0.0,-2,2.0,0.2,345,117.0,24,1,1.5,416.0,187.0,0,97,2.0,185.0,79.0,0.3,4.1,0.0,48260,103,46750,109,2.5,2.0,0.58,1.44,2.02,9.13,0.09,0.22,0.31,1.37,90.4,356.0,159.0,208.4,147.0,101.0,164.0,153.0,87.0,46.5,246.0,126.0,,,,27,,Jadon,Sancho,Sancho,,,600,0,1,1,4,0,0,0,0,0,0,6,31,,,,0.0,0.15,0.6,0.9,4.65,5,11,15
688,a,,,3.9,764,83.0,0,0.0,-1,1.0,0.6,240,32.0,0,0,0.0,554.0,51.0,0,0,0.0,441.0,42.0,0.0,0.0,0.0,60308,32,43367,40,0.5,0.0,0.0,0.0,0.0,0.0,0.0,0.0,0.0,0.0,0.0,543.0,51.0,0.0,533.0,36.0,0.0,499.0,23.0,0.0,546.0,51.0,,,,27,,James,Wright,Wright,,,0,0,0,0,0,0,0,0,0,0,0,0,0,,,,0.0,0.0,0.0,0.0,0.0,0,0,0
185,a,,,3.9,737,67.0,0,0.0,-1,1.0,0.2,401,59.0,0,0,0.0,536.0,36.0,0,0,0.0,421.0,27.0,0.0,0.0,0.0,14623,8,19792,5,-0.5,-1.0,0.0,0.0,0.0,0.0,0.0,0.0,0.0,0.0,0.0,525.0,36.0,0.0,514.0,20.0,0.0,480.0,7.0,0.0,528.0,36.0,,,,27,,Václav,Hladký,Hladký,,,0,0,0,0,0,0,0,0,0,0,0,0,0,,,,0.0,0.0,0.0,0.0,0.0,0,0,0
186,i,0.0,0.0,4.4,524,104.0,0,0.0,-1,1.0,0.0,649,228.0,0,0,0.0,664.0,252.0,0,0,0.0,578.0,237.0,0.0,0.0,0.0,1540,4,9092,2,0.0,0.0,0.0,0.0,0.0,0.0,0.0,0.0,0.0,0.0,0.0,653.0,251.0,0.0,650.0,251.0,0.0,628.0,250.0,0.0,656.0,251.0,,,,27,,Connor,Roberts,Roberts,Achilles injury - Unknown return date,,0,0,0,0,0,0,0,0,0,0,0,0,0,,,,0.0,0.0,0.0,0.0,0.0,0,0,0
187,a,100.0,100.0,4.4,518,99.0,0,0.0,-1,1.0,1.1,182,69.0,52,1,2.0,327.0,122.0,3,153,1.4,224.0,84.0,0.3,11.8,0.0,145654,84,256081,138,0.9,0.4,0.12,0.97,1.09,50.46,0.0,0.04,0.04,1.99,371.2,115.0,52.0,159.2,185.0,44.0,22.0,368.0,126.0,55.5,210.0,70.0,,,,27,,Kyle,Walker,Walker,,,2281,0,2,3,49,0,0,0,8,0,0,26,204,,,,0.0,0.12,1.93,1.03,5.96,36,115,116
190,a,,,3.9,763,223.0,0,0.0,-1,1.0,0.8,207,78.0,44,0,2.9,200.0,79.0,2,121,0.0,440.0,173.0,0.0,11.3,0.0,246664,19,200134,154,-0.5,-1.0,0.21,0.24,0.45,22.73,0.02,0.02,0.04,1.74,273.8,195.0,81.0,43.1,347.0,121.0,78.0,266.0,75.0,39.5,278.0,93.0,,,,27,,Hjalmar,Ekdal,Ekdal,,,1179,0,0,2,24,0,0,0,0,0,0,13,146,,,,0.0,0.15,1.83,0.99,10.08,19,113,31
191,a,100.0,100.0,3.9,762,222.0,0,0.0,-1,1.0,7.9,47,17.0,59,2,2.5,266.0,102.0,0,197,2.4,136.0,46.0,0.6,15.1,0.0,745193,452,1905648,774,1.9,1.4,0.58,0.53,1.11,47.68,0.03,0.02,0.05,2.08,506.2,57.0,26.0,87.6,269.0,85.0,80.0,264.0,74.0,67.6,158.0,52.0,,,,27,,Maxime,Estève,Estève,,,2059,0,0,2,48,2,0,0,0,0,0,24,254,,,,0.0,0.09,2.1,1.05,9.97,30,198,77
205,i,0.0,0.0,4.9,297,185.0,0,0.0,-1,1.0,0.9,202,70.0,70,0,3.9,82.0,40.0,8,321,0.0,713.0,295.0,0.0,14.3,0.0,568319,3,535633,151,0.0,0.0,0.94,1.36,2.3,32.5,0.06,0.08,0.14,1.93,342.0,135.0,44.0,218.1,133.0,91.0,98.0,237.0,131.0,66.0,166.0,90.0,,,,27,,Josh,Cullen,Cullen,Knee injury - Expected back 30 Sep,,1513,2,2,3,29,1,0,0,2,0,0,18,173,,,,0.0,0.18,1.73,1.07,10.29,32,68,73
121,a,100.0,100.0,5.6,130,80.0,0,0.0,-4,4.0,0.4,268,94.0,64,1,2.8,227.0,92.0,3,280,0.8,293.0,129.0,0.1,11.4,0.0,99916,74,169370,84,1.3,0.8,1.44,3.68,5.11,19.72,0.1,0.25,0.35,1.35,313.4,163.0,60.0,483.7,25.0,24.0,195.0,123.0,71.0,99.3,71.0,44.0,1.0,3.0,,27,,Mikkel,Damsgaard,Damsgaard,,,1315,1,3,2,22,0,0,0,0,0,0,15,152,,,,0.0,0.14,1.51,1.03,10.4,37,29,86
228,a,100.0,100.0,4.9,335,54.0,0,0.0,-1,1.0,2.0,131,51.0,83,6,3.5,122.0,46.0,7,327,2.0,177.0,64.0,0.4,16.9,0.0,471303,306,450286,1161,1.5,3.0,1.46,1.37,2.83,25.78,0.08,0.08,0.16,1.49,323.6,153.0,68.0,277.1,96.0,23.0,154.0,164.0,36.0,75.4,127.0,41.0,,,,27,,Malo,Gusto,Gusto,,,1555,2,2,7,20,0,0,0,2,1,0,17,120,,,,0.0,0.41,1.16,0.98,5.21,40,50,91
229,a,100.0,100.0,4.4,534,113.0,0,0.0,-1,1.0,0.0,620,220.0,7,0,0.9,503.0,174.0,0,48,0.8,281.0,101.0,0.2,1.6,0.0,8755,8,8206,75,0.3,1.8,0.0,0.06,0.06,7.41,0.0,0.01,0.01,1.42,102.8,337.0,126.0,7.9,429.0,155.0,2.0,441.0,164.0,11.4,401.0,143.0,,,,27,,Benoît,Badiashile Mukinayi,B.Badiashile,,,470,0,0,0,10,0,0,0,2,0,0,6,51,,,,0.0,0.0,1.91,1.15,9.19,7,41,16
230,s,0.0,100.0,4.4,539,116.0,0,0.0,-1,1.0,0.4,270,98.0,48,-1,3.0,188.0,75.0,3,231,1.4,225.0,85.0,0.3,10.9,0.0,110188,41,89626,1562,0.0,2.4,0.25,0.55,0.8,15.29,0.02,0.05,0.07,1.35,321.0,157.0,70.0,46.5,342.0,117.0,22.0,369.0,127.0,39.0,284.0,96.0,,,,27,,Wesley,Fofana,Fofana,Suspended until 04 Mar,,1023,0,1,4,11,0,0,0,2,1,0,11,140,,,,0.0,0.35,0.97,0.97,11.61,15,117,57
743,a,,,4.5,500,308.0,0,0.0,0,0.0,0.0,726,304.0,0,0,0.0,741.0,311.0,0,0,0.0,676.0,269.0,0.0,0.0,0.0,1446,1,1277,4,-0.5,1.0,0.0,0.0,0.0,0.0,0.0,0.0,0.0,0.0,0.0,740.0,310.0,0.0,735.0,311.0,0.0,722.0,307.0,0.0,741.0,311.0,,,,27,,Landon,Emenalo,Emenalo,,,0,0,0,0,0,0,0,0,0,0,0,0,0,,,,0.0,0.0,0.0,0.0,0.0,0,0,0
272,i,0.0,0.0,4.9,290,180.0,0,0.0,-1,1.0,0.1,523,189.0,51,0,2.2,307.0,135.0,3,205,3.2,80.0,37.0,0.7,10.4,0.0,11933,0,13042,92,0.0,0.0,1.01,0.91,1.92,14.61,0.08,0.07,0.15,1.14,215.6,243.0,105.0,152.9,189.0,126.0,174.0,142.0,82.0,54.3,215.0,106.0,,,,27,,Jefferson,Lerma Solís,Lerma,Hamstring injury - Expected back 14 Mar,,1156,0,4,5,15,1,0,0,6,0,0,12,147,,,,0.0,0.39,1.17,0.93,11.44,18,64,65
286,a,,,4.4,560,80.0,0,0.0,-1,1.0,0.3,304,49.0,0,0,0.0,680.0,73.0,0,0,0.0,599.0,63.0,0.0,0.0,0.0,49815,43,56318,55,-0.5,0.5,0.0,0.0,0.0,0.0,0.0,0.0,0.0,0.0,0.0,672.0,73.0,0.0,668.0,72.0,0.0,648.0,72.0,0.0,675.0,73.0,,,,27,,Zach,Marsh,Marsh,,,0,0,0,0,0,0,0,0,0,0,0,0,0,,,,0.0,0.0,0.0,0.0,0.0,0,0,0
580,a,,,6.5,50,32.0,0,0.0,-5,5.0,2.4,121,38.0,45,0,2.0,335.0,147.0,2,149,1.2,252.0,110.0,0.2,6.9,0.0,1140891,65,1310279,308,0.7,1.7,1.72,0.7,2.42,17.24,0.15,0.06,0.21,1.47,162.4,282.0,124.0,160.1,182.0,123.0,185.0,136.0,78.0,50.5,230.0,115.0,,,,27,,Brennan,Johnson,Johnson,,,1052,2,0,4,12,0,0,0,4,0,0,11,70,,,,0.0,0.34,1.03,0.94,5.99,17,23,30
690,a,100.0,100.0,4.4,564,338.0,0,0.0,-1,1.0,0.3,332,115.0,0,0,0.0,683.0,266.0,0,0,0.0,602.0,213.0,0.0,0.0,0.0,57991,7,55284,8,-0.5,0.5,0.0,0.0,0.0,0.0,0.0,0.0,0.0,0.0,0.0,675.0,259.0,0.0,671.0,264.0,0.0,651.0,255.0,0.0,678.0,262.0,,,,27,,Rio,Cardines,Cardines,,,0,0,0,0,0,0,0,0,0,0,0,0,0,,,,0.0,0.0,0.0,0.0,0.0,0,0,0
773,a,,,4.0,733,210.0,0,0.0,0,0.0,0.0,730,253.0,0,0,0.0,629.0,244.0,0,0,0.0,521.0,219.0,0.0,0.0,0.0,592,3,406,5,-0.5,0.5,0.0,0.0,0.0,0.0,0.0,0.0,0.0,0.0,0.0,618.0,243.0,0.0,611.0,243.0,0.0,582.0,240.0,0.0,621.0,243.0,,,,27,,Dean,Benamar,Benamar,,,0,0,0,0,0,0,0,0,0,0,0,0,0,,,,0.0,0.0,0.0,0.0,0.0,0,0,0
780,a,,,4.5,507,73.0,0,0.0,0,0.0,0.0,666,85.0,0,0,0.0,747.0,82.0,0,0,0.0,682.0,72.0,0.0,0.0,0.0,2630,19,968,14,-0.5,0.5,0.0,0.0,0.0,0.0,0.0,0.0,0.0,0.0,0.0,746.0,82.0,0.0,741.0,81.0,0.0,728.0,81.0,0.0,747.0,82.0,,,,27,,Ben,Casey,Casey,,,0,0,0,0,0,0,0,0,0,0,0,0,0,,,,0.0,0.0,0.0,0.0,0.0,0,0,0
294,a,100.0,100.0,4.2,625,141.0,0,0.0,-3,3.0,0.1,484,173.0,3,0,1.0,459.0,170.0,0,10,0.0,530.0,223.0,0.0,0.7,0.0,6068,15,17415,8,0.0,-0.5,0.0,0.0,0.0,0.24,0.0,0.0,0.0,1.96,0.0,624.0,246.0,0.1,481.0,175.0,0.0,589.0,243.0,0.0,627.0,246.0,,,,27,,Séamus,Coleman,Coleman,,,11,0,0,0,0,0,0,0,0,0,0,1,0,,,,0.0,0.0,0.0,8.18,0.0,0,0,1
311,a,,,5.0,265,55.0,0,0.0,-5,5.0,2.4,120,21.0,46,0,1.8,368.0,43.0,3,114,1.8,194.0,26.0,0.4,9.2,0.0,451942,186,1113169,327,1.8,1.3,5.15,0.15,5.3,15.91,0.53,0.02,0.55,1.63,161.8,283.0,27.0,55.2,325.0,35.0,347.0,54.0,21.0,54.8,213.0,27.0,,,2.0,27,,Norberto Bercique,Gomes Betuncal,Beto,,,881,3,0,2,13,0,0,0,2,0,0,8,51,,,,0.0,0.2,1.33,0.82,5.21,9,25,17
312,u,0.0,0.0,4.9,337,62.0,0,0.0,-1,1.0,0.1,545,77.0,0,0,0.0,774.0,86.0,0,0,0.0,731.0,78.0,0.0,0.0,0.0,2418,0,14503,2,0.0,0.0,0.0,0.0,0.0,0.0,0.0,0.0,0.0,0.0,0.0,773.0,86.0,0.0,770.0,85.0,0.0,765.0,85.0,0.0,774.0,86.0,,,,27,,Youssef,Ramalho Chermiti,Y.Chermiti,has joined Rangers permanently.,,0,0,0,0,0,0,0,0,0,0,0,0,0,,,,0.0,0.0,0.0,0.0,0.0,0,0,0
353,a,100.0,100.0,5.2,208,129.0,0,0.0,-3,3.0,0.1,479,166.0,15,0,1.2,440.0,198.0,0,56,0.4,341.0,155.0,0.1,2.9,0.0,7751,18,52434,11,-0.1,0.4,0.71,0.57,1.28,10.43,0.17,0.14,0.31,2.55,38.2,416.0,183.0,96.6,252.0,155.0,93.0,245.0,134.0,22.9,351.0,167.0,,,,27,,Daniel,James,James,,,368,0,0,1,13,0,0,0,0,0,0,4,20,,,,0.0,0.24,3.18,0.98,4.89,4,3,13
354,a,100.0,100.0,4.9,299,187.0,0,0.0,-1,1.0,0.2,403,134.0,86,8,3.6,106.0,47.0,6,395,3.6,55.0,27.0,0.7,17.6,0.0,37038,97,29770,39,3.1,3.6,1.62,1.35,2.97,33.83,0.07,0.06,0.13,1.43,415.4,89.0,29.0,244.6,115.0,80.0,81.0,263.0,144.0,74.3,133.0,72.0,,,,27,,Ethan,Ampadu,Ampadu,,,2129,1,2,4,39,0,0,0,7,0,0,24,284,,,,0.0,0.17,1.65,1.01,12.01,56,103,125
355,u,0.0,0.0,4.9,320,199.0,0,0.0,-1,1.0,0.0,633,249.0,0,0,0.0,766.0,329.0,0,0,0.0,721.0,300.0,0.0,0.0,0.0,1234,0,10102,0,0.0,0.0,0.0,0.0,0.0,0.0,0.0,0.0,0.0,0.0,0.0,765.0,328.0,0.0,762.0,329.0,0.0,757.0,327.0,0.0,766.0,329.0,,,,27,,Sam,Greenwood,Greenwood,has joined Pogon Szczecin permanently.,,0,0,0,0,0,0,0,0,0,0,0,0,0,,,,0.0,0.0,0.0,0.0,0.0,0,0,0
420,u,0.0,0.0,6.3,64,42.0,0,0.0,-2,2.0,0.1,558,204.0,0,0,0.0,809.0,362.0,0,0,0.0,802.0,358.0,0.0,0.0,0.0,1928,0,19851,2,0.0,0.0,0.0,0.0,0.0,0.0,0.0,0.0,0.0,0.0,0.0,809.0,362.0,0.0,809.0,362.0,0.0,809.0,362.0,0.0,809.0,362.0,,,,27,,İlkay,Gündoğan,Gündoğan,has joined Galatasaray permanently.,,0,0,0,0,0,0,0,0,0,0,0,0,0,,,,0.0,0.0,0.0,0.0,0.0,0,0,0
753,a,,,4.0,657,39.0,0,0.0,0,0.0,0.0,694,81.0,0,0,0.0,571.0,61.0,0,0,0.0,458.0,52.0,0.0,0.0,0.0,1460,4,891,3,0.0,-0.5,0.0,0.0,0.0,0.0,0.0,0.0,0.0,0.0,0.0,560.0,61.0,0.0,550.0,46.0,0.0,517.0,33.0,0.0,563.0,61.0,,,,27,,John,Ruddy,Ruddy,,,0,0,0,0,0,0,0,0,0,0,0,0,0,,,,0.0,0.0,0.0,0.0,0.0,0,0,0
12,u,0.0,0.0,4.9,304,47.0,0,0.0,-1,1.0,0.2,361,132.0,7,0,1.4,423.0,152.0,0,56,0.0,716.0,252.0,0.0,1.4,0.0,26902,0,52863,33,0.0,0.0,0.07,0.36,0.43,5.02,0.02,0.09,0.11,1.28,80.8,365.0,139.0,83.4,277.0,88.0,22.0,371.0,129.0,18.6,369.0,129.0,,,,27,,Oleksandr,Zinchenko,Zinchenko,has joined Ajax permanently.,,352,0,0,0,6,0,0,0,0,0,0,4,36,,,,0.0,0.0,1.53,1.02,6.14,10,14,17
400,a,,,4.7,376,15.0,0,0.0,-3,3.0,0.2,382,55.0,8,0,4.0,67.0,5.0,0,27,1.6,209.0,17.0,0.3,1.7,0.0,9457,61,21648,28,1.6,1.1,0.0,0.01,0.01,2.92,0.0,0.0,0.0,1.46,41.2,412.0,30.0,0.0,748.0,88.0,0.0,738.0,81.0,4.2,449.0,30.0,,,,27,,Stefan,Ortega Moreno,Ortega Moreno,,,180,0,0,1,3,0,0,0,0,0,5,2,0,,,,2.5,0.5,1.5,1.0,0.0,0,0,6
426,a,,,5.0,257,157.0,0,0.0,-5,5.0,0.1,496,178.0,6,0,0.9,504.0,237.0,0,24,0.0,743.0,315.0,0.0,1.2,0.0,12990,14,26330,6,0.0,-0.5,0.02,0.17,0.19,3.56,0.01,0.09,0.1,1.9,16.2,449.0,200.0,44.9,346.0,186.0,8.0,410.0,200.0,7.0,431.0,195.0,,,,27,,James,McAtee,McAtee,,,169,0,0,0,7,0,0,0,1,0,0,1,11,,,,0.0,0.0,3.73,0.53,5.86,4,1,6
502,i,0.0,0.0,4.6,395,18.0,0,0.0,-4,4.0,4.9,70,12.0,61,0,3.0,190.0,18.0,3,241,1.4,227.0,19.0,0.3,13.3,0.0,406540,5,2014158,1548,0.0,0.0,0.0,0.06,0.06,28.29,0.0,0.0,0.0,1.52,421.0,83.0,15.0,10.0,420.0,8.0,0.0,736.0,79.0,43.1,261.0,15.0,,,,27,,Matz,Sels,Sels,Groin Injury - Unknown return date,,1677,0,0,4,27,0,0,0,1,0,55,19,75,,,,2.95,0.21,1.45,1.02,0.0,1,21,126
505,a,,,5.1,230,31.0,0,0.0,-4,4.0,3.2,105,41.0,76,0,2.9,208.0,81.0,1,258,3.6,57.0,21.0,0.7,14.9,0.0,343648,333,1044853,431,3.6,3.1,0.73,0.41,1.14,37.55,0.03,0.02,0.05,1.44,471.6,67.0,30.0,37.7,357.0,125.0,93.0,244.0,67.0,60.5,191.0,62.0,,,,27,,Nikola,Milenković,Milenković,,,2340,0,0,6,38,1,0,0,5,0,0,26,244,,,,0.0,0.23,1.46,1.0,8.27,18,197,77
669,a,100.0,100.0,5.5,149,93.0,0,0.0,-5,5.0,0.7,219,76.0,45,0,2.4,290.0,126.0,4,158,0.6,313.0,141.0,0.1,8.2,0.0,544498,14,572718,24,0.6,0.1,1.0,1.5,2.5,14.35,0.08,0.13,0.21,1.2,158.8,287.0,127.0,201.2,152.0,105.0,171.0,147.0,84.0,53.3,217.0,108.0,,,,27,,Dan,Ndoye,Ndoye,,,1079,1,2,2,16,0,0,0,1,0,0,14,90,,,,0.0,0.17,1.33,1.17,7.51,21,22,47
675,a,100.0,100.0,4.0,662,43.0,0,0.0,0,0.0,1.1,180,23.0,1,0,1.0,451.0,32.0,0,4,0.2,356.0,23.0,0.0,0.2,0.0,29942,27,99078,39,0.2,-0.3,0.0,0.0,0.0,0.21,0.0,0.0,0.0,0.42,1.2,488.0,32.0,0.0,555.0,50.0,0.0,522.0,37.0,0.1,501.0,32.0,,,,27,,Angus,Gunn,Gunn,,,45,0,0,0,0,0,0,0,0,0,0,0,0,,,,0.0,0.0,0.0,0.0,0.0,0,1,4
693,a,,,5.4,179,110.0,0,0.0,-1,1.0,0.1,511,184.0,56,0,2.8,225.0,90.0,3,224,1.6,211.0,87.0,0.3,10.4,0.0,32064,12,26174,32,1.6,1.1,1.67,2.93,4.6,15.54,0.15,0.26,0.41,1.35,236.0,218.0,95.0,390.2,48.0,41.0,231.0,99.0,61.0,85.4,104.0,61.0,,,,27,,Omari,Hutchinson,Hutchinson,,,1033,1,5,3,15,0,0,0,0,0,0,9,82,,,,0.0,0.26,1.31,0.78,7.14,16,11,55
572,a,100.0,100.0,4.5,449,90.0,0,0.0,0,0.0,0.0,686,237.0,6,0,1.2,437.0,158.0,0,7,1.0,260.0,95.0,0.2,1.3,0.0,2615,11,2003,10,1.0,0.0,0.18,0.0,0.18,6.03,0.07,0.0,0.07,2.22,47.2,402.0,151.0,2.1,451.0,165.0,15.0,388.0,137.0,6.4,435.0,158.0,,,,27,,Radu,Drăgușin,Dragusin,,,244,0,0,0,6,0,0,0,0,0,0,2,24,,,,0.0,0.0,2.21,0.74,8.85,2,22,5
578,u,0.0,0.0,3.9,781,231.0,0,0.0,-1,1.0,0.3,307,113.0,0,0,0.0,570.0,209.0,0,0,0.0,457.0,180.0,0.0,0.0,0.0,7334,0,91628,20,0.0,0.0,0.0,0.0,0.0,0.0,0.0,0.0,0.0,0.0,0.0,559.0,208.0,0.0,549.0,208.0,0.0,516.0,201.0,0.0,562.0,208.0,,,,27,,Luka,Vušković,Vuskovic,has joined Hamburger SV on loan for the rest of the season.,,0,0,0,0,0,0,0,0,0,0,0,0,0,,,,0.0,0.0,0.0,0.0,0.0,0,0,0
579,u,0.0,0.0,8.5,11,6.0,0,0.0,0,0.0,0.1,444,151.0,0,0,0.0,817.0,367.0,0,0,0.0,816.0,367.0,0.0,0.0,0.0,0,0,25499,0,0.0,0.0,0.0,0.0,0.0,0.0,0.0,0.0,0.0,0.0,0.0,817.0,367.0,0.0,817.0,367.0,0.0,817.0,367.0,0.0,817.0,367.0,,,,27,,Son,Heung-min,Son,has joined Los Angeles FC permanently.,,0,0,0,0,0,0,0,0,0,0,0,0,0,,,,0.0,0.0,0.0,0.0,0.0,0,0,0
581,i,0.0,0.0,6.8,45,28.0,0,0.0,-2,2.0,0.1,443,150.0,0,0,0.0,814.0,364.0,0,0,0.0,810.0,362.0,0.0,0.0,0.0,1681,6,23706,3,0.0,0.0,0.0,0.0,0.0,0.0,0.0,0.0,0.0,0.0,0.0,814.0,364.0,0.0,814.0,364.0,0.0,814.0,364.0,0.0,814.0,364.0,,,,27,,James,Maddison,Maddison,Anterior cruciate ligament - Unknown return date,,0,0,0,0,0,0,0,0,0,0,0,0,0,,,,0.0,0.0,0.0,0.0,0.0,0,0,0
758,a,,,4.5,506,313.0,0,0.0,0,0.0,0.0,740,312.0,4,1,1.0,483.0,221.0,0,17,0.2,372.0,163.0,0.0,0.9,0.0,1635,7,994,3,-0.3,0.2,0.03,0.02,0.05,0.56,0.12,0.08,0.2,2.29,10.4,454.0,203.0,11.2,412.0,205.0,4.0,428.0,211.0,2.3,464.0,211.0,,,,27,,Mohamadou,Kanté,Mohamadou Kanté,,,22,0,0,0,0,0,0,0,0,0,0,0,9,,,,0.0,0.0,0.0,0.0,36.82,4,1,4
785,i,0.0,0.0,5.5,153,40.0,0,0.0,0,0.0,0.0,727,89.0,8,0,1.6,396.0,47.0,0,21,1.0,272.0,34.0,0.2,1.5,0.0,4327,3,3304,33,0.0,0.0,0.34,0.07,0.41,3.74,0.12,0.03,0.15,1.35,19.6,445.0,53.0,53.4,328.0,36.0,21.0,376.0,55.0,9.4,411.0,51.0,,,,27,,Pablo Felipe,Pereira de Jesus,Pablo,Calf injury - Unknown return date,,250,0,0,0,4,0,0,0,0,0,0,3,25,,,,0.0,0.0,1.44,1.08,9.0,9,5,11
802,a,,,5.0,279,173.0,0,0.0,0,0.0,0.0,792,350.0,0,0,0.0,789.0,347.0,0,0,0.0,754.0,324.0,0.0,0.0,0.0,304,3,183,5,-0.5,0.0,0.0,0.0,0.0,0.0,0.0,0.0,0.0,0.0,0.0,788.0,346.0,0.0,787.0,347.0,0.0,783.0,345.0,0.0,789.0,347.0,,,,27,,Keiber,Lamadrid,Lamadrid,,,0,0,0,0,0,0,0,0,0,0,0,0,0,,,,0.0,0.0,0.0,0.0,0.0,0,0,0
815,a,,,4.5,420,80.0,0,0.0,0,0.0,0.1,503,179.0,14,6,4.7,24.0,9.0,0,58,4.7,26.0,7.0,1.0,3.1,0.0,12162,116,1781,77,4.2,4.7,0.69,0.0,0.69,2.56,0.23,0.0,0.23,0.85,41.8,410.0,154.0,11.3,410.0,149.0,51.0,312.0,100.0,10.4,405.0,144.0,,,,27,,Axel,Disasi,Disasi,,,270,0,0,2,1,0,0,0,0,0,0,3,17,,,,0.0,0.67,0.33,1.0,5.67,0,17,4
636,a,100.0,100.0,4.4,530,109.0,0,0.0,-1,1.0,0.1,439,163.0,62,0,3.4,129.0,48.0,2,202,2.2,153.0,53.0,0.5,14.1,0.0,27372,65,22062,87,1.7,1.7,1.61,1.03,2.64,25.36,0.09,0.06,0.15,1.46,377.4,110.0,50.0,97.3,250.0,72.0,126.0,205.0,50.0,60.0,192.0,63.0,,,,27,,Santiago,Ignacio Bueno,S.Bueno,,,1562,2,2,3,29,0,0,0,3,0,0,17,145,,,,0.0,0.17,1.67,0.98,7.43,38,91,37
637,d,75.0,75.0,4.2,640,152.0,0,0.0,-3,3.0,0.1,522,186.0,20,0,1.5,403.0,145.0,0,74,0.0,535.0,226.0,0.0,4.8,0.0,6893,1,19429,5,-0.4,-0.4,0.04,0.21,0.25,17.96,0.0,0.02,0.02,1.7,212.2,247.0,99.0,77.4,289.0,92.0,29.0,354.0,116.0,31.9,315.0,106.0,,,,27,,Toti,Gomes,Toti,Lack of match fitness - 75% chance of playing,,949,0,0,0,25,0,0,0,1,1,0,12,106,,,,0.0,0.0,2.37,1.14,7.97,14,70,37
638,u,0.0,0.0,3.8,794,243.0,0,0.0,-2,2.0,1.0,192,72.0,10,0,1.2,433.0,154.0,0,38,0.0,404.0,154.0,0.0,2.6,0.0,121813,0,255776,173,0.0,0.0,0.02,0.36,0.38,9.36,0.0,0.08,0.08,1.99,101.4,339.0,128.0,87.8,268.0,84.0,13.0,390.0,139.0,20.3,361.0,124.0,,,,27,,Ki-Jana,Hoever,Hoever,has joined Sheffield United on loan for the rest of the season.,,423,0,0,0,13,0,0,0,0,0,0,6,46,,,,0.0,0.0,2.77,1.28,8.51,13,27,16
639,u,0.0,0.0,4.0,712,190.0,0,0.0,0,0.0,0.0,760,259.0,0,0,0.0,614.0,230.0,0,0,0.0,504.0,203.0,0.0,0.0,0.0,0,0,871,0,0.0,0.0,0.0,0.0,0.0,0.0,0.0,0.0,0.0,0.0,0.0,603.0,229.0,0.0,596.0,229.0,0.0,565.0,224.0,0.0,606.0,229.0,,,,27,,Bastien,Meupiyou Menadjou,Meupiyou,On loan to FC Alverca,,0,0,0,0,0,0,0,0,0,0,0,0,0,,,,0.0,0.0,0.0,0.0,0.0,0,0,0
646,a,100.0,100.0,5.3,199,124.0,0,0.0,-2,2.0,0.3,319,107.0,67,0,2.7,243.0,100.0,1,342,2.2,162.0,73.0,0.4,12.6,0.0,54972,40,34455,350,1.7,1.7,0.83,1.32,2.15,32.35,0.04,0.06,0.1,1.44,324.8,151.0,53.0,278.6,95.0,70.0,125.0,208.0,114.0,73.3,136.0,74.0,,,,27,,João Victor,Gomes da Silva,J.Gomes,,,2024,0,0,3,39,0,0,0,8,0,0,23,284,,,,0.0,0.13,1.73,1.02,12.63,75,69,140
647,u,0.0,0.0,5.5,141,87.0,0,0.0,0,0.0,0.0,790,348.0,0,0,0.0,803.0,357.0,0,0,0.0,786.0,347.0,0.0,0.0,0.0,0,0,796,0,0.0,0.0,0.0,0.0,0.0,0.0,0.0,0.0,0.0,0.0,0.0,803.0,357.0,0.0,802.0,357.0,0.0,800.0,356.0,0.0,803.0,357.0,,,,27,,Gonçalo Manuel,Ganchinho Guedes,Guedes,Has joined Real Sociedad permanently.,,0,0,0,0,0,0,0,0,0,0,0,0,0,,,,0.0,0.0,0.0,0.0,0.0,0,0,0
649,u,0.0,0.0,5.0,263,160.0,0,0.0,0,0.0,0.0,812,362.0,0,0,0.0,782.0,342.0,0,0,0.0,745.0,317.0,0.0,0.0,0.0,0,0,161,0,0.0,0.0,0.0,0.0,0.0,0.0,0.0,0.0,0.0,0.0,0.0,781.0,341.0,0.0,780.0,342.0,0.0,776.0,340.0,0.0,782.0,342.0,,,,27,,Boubacar,Traoré,B.Traore,Has joined FC Metz on loan for the rest of the season.,,0,0,0,0,0,0,0,0,0,0,0,0,0,,,,0.0,0.0,0.0,0.0,0.0,0,0,0
650,u,0.0,0.0,4.3,598,350.0,0,0.0,-2,2.0,0.2,367,122.0,2,0,1.0,461.0,202.0,0,4,0.0,554.0,184.0,0.0,0.5,0.0,30885,0,47535,39,0.0,0.0,0.0,0.0,0.0,0.5,0.0,0.0,0.0,1.8,3.2,476.0,219.0,0.3,477.0,231.0,0.0,607.0,227.0,0.4,487.0,224.0,,,,27,,Tawanda,Chirewa,Chirewa,has joined Barnsley on loan for the rest of the season.,,25,0,0,0,0,0,0,0,0,0,0,0,4,,,,0.0,0.0,0.0,0.0,14.4,2,1,1
651,a,,,4.3,615,361.0,0,0.0,-2,2.0,0.4,280,99.0,6,0,6.0,4.0,2.0,0,22,1.0,256.0,111.0,0.2,1.4,0.0,58654,254,63957,38,0.5,0.5,0.17,0.0,0.17,0.2,2.55,0.0,2.55,3.0,34.4,419.0,185.0,0.1,483.0,234.0,17.0,384.0,193.0,5.2,441.0,198.0,,,,27,,Tom,Edozie,Edozie,,,6,1,0,0,0,0,0,0,0,0,0,0,0,,,,0.0,0.0,0.0,0.0,0.0,0,0,0
653,u,0.0,0.0,4.5,424,254.0,0,0.0,0,0.0,0.0,660,266.0,0,0,0.0,695.0,272.0,0,0,0.0,619.0,221.0,0.0,0.0,0.0,0,0,5738,4,0.0,0.0,0.0,0.0,0.0,0.0,0.0,0.0,0.0,0.0,0.0,688.0,266.0,0.0,684.0,270.0,0.0,666.0,262.0,0.0,691.0,269.0,,,,27,,Joe,Hodge,Hodge,Signed by CD Tondela,,0,0,0,0,0,0,0,0,0,0,0,0,0,,,,0.0,0.0,0.0,0.0,0.0,0,0,0
1,a,,,6.0,85,1.0,0,0.0,5,-5.0,34.8,7,1.0,109,0,4.0,75.0,7.0,5,432,2.8,113.0,8.0,0.5,18.2,0.0,3927491,1728,2212061,5446,3.3,3.8,0.0,0.05,0.05,18.62,0.0,0.0,0.0,0.69,382.4,107.0,16.0,30.4,371.0,3.0,0.0,808.0,94.0,41.4,271.0,16.0,,,,27,,David,Raya Martín,Raya,,,2430,0,0,13,20,0,0,0,1,0,37,27,94,,,,1.37,0.48,0.74,1.0,0.0,1,23,225
2,a,,,4.1,649,36.0,0,0.0,-4,4.0,0.4,281,36.0,0,0,0.0,632.0,85.0,0,0,0.0,524.0,77.0,0.0,0.0,0.0,14166,15,75777,28,0.5,1.0,0.0,0.0,0.0,0.0,0.0,0.0,0.0,0.0,0.0,621.0,85.0,0.0,614.0,73.0,0.0,585.0,60.0,0.0,624.0,85.0,,,,27,,Kepa,Arrizabalaga Revuelta,Arrizabalaga,,,0,0,0,0,0,0,0,0,0,0,0,0,0,,,,0.0,0.0,0.0,0.0,0.0,0,0,0
3,u,0.0,0.0,4.0,684,54.0,0,0.0,0,0.0,0.2,372,54.0,0,0,0.0,592.0,73.0,0,0,0.0,480.0,65.0,0.0,0.0,0.0,5545,0,47924,14,0.0,0.0,0.0,0.0,0.0,0.0,0.0,0.0,0.0,0.0,0.0,581.0,73.0,0.0,574.0,61.0,0.0,542.0,48.0,0.0,584.0,73.0,,,,27,,Karl,Hein,Hein,Has joined Werder Bremen on loan for the rest of the season.,,0,0,0,0,0,0,0,0,0,0,0,0,0,,,,0.0,0.0,0.0,0.0,0.0,0,0,0
4,a,,,3.9,774,90.0,0,0.0,-1,1.0,0.2,357,52.0,0,0,0.0,564.0,58.0,0,0,0.0,451.0,49.0,0.0,0.0,0.0,33114,25,32468,16,0.5,1.0,0.0,0.0,0.0,0.0,0.0,0.0,0.0,0.0,0.0,553.0,58.0,0.0,543.0,43.0,0.0,509.0,30.0,0.0,556.0,58.0,,,,27,,Tommy,Setford,Setford,,,0,0,0,0,0,0,0,0,0,0,0,0,0,,,,0.0,0.0,0.0,0.0,0.0,0,0,0
5,a,100.0,100.0,7.1,33,1.0,0,0.0,11,-11.0,42.9,4,1.0,142,0,6.8,2.0,1.0,18,484,3.7,52.0,18.0,0.5,20.0,0.0,7993084,3218,5089334,4518,4.2,4.7,1.84,1.01,2.85,12.14,0.09,0.05,0.14,0.61,603.2,24.0,10.0,102.7,244.0,69.0,192.0,130.0,25.0,89.6,91.0,22.0,,,,27,,Gabriel,dos Santos Magalhães,Gabriel,,,1805,3,3,12,13,0,0,0,2,0,0,20,195,,,,0.0,0.6,0.65,1.0,8.98,23,157,36
7,a,100.0,100.0,5.6,132,14.0,0,0.0,1,-1.0,6.4,58,19.0,86,0,4.3,48.0,19.0,4,308,1.5,218.0,79.0,0.3,15.4,0.0,2627886,252,2410748,1812,2.0,2.5,2.77,0.4,3.17,7.79,0.19,0.03,0.22,0.52,228.6,225.0,86.0,109.3,231.0,61.0,230.0,100.0,12.0,56.8,206.0,68.0,,,,27,,Riccardo,Calafiori,Calafiori,,,1347,1,2,10,8,0,0,0,5,0,0,17,130,,,,0.0,0.67,0.53,1.14,6.08,30,61,59
8,a,100.0,100.0,6.4,59,2.0,0,0.0,9,-9.0,29.7,12,3.0,124,0,4.8,23.0,8.0,7,457,2.5,133.0,44.0,0.4,19.4,0.0,6436960,1999,3419253,18150,3.0,3.5,4.3,1.24,5.54,14.41,0.18,0.05,0.23,0.6,427.2,80.0,35.0,331.3,71.0,14.0,344.0,55.0,1.0,110.6,47.0,4.0,,,,27,,Jurriën,Timber,J.Timber,,,2179,2,4,12,18,0,0,0,4,0,0,24,155,,,,0.0,0.5,0.74,0.99,5.16,57,68,89
9,u,0.0,0.0,5.4,174,20.0,0,0.0,-1,1.0,0.0,588,210.0,0,0,0.0,799.0,265.0,0,0,0.0,779.0,263.0,0.0,0.0,0.0,1119,0,10886,1,0.0,0.0,0.0,0.0,0.0,0.0,0.0,0.0,0.0,0.0,0.0,799.0,265.0,0.0,798.0,265.0,0.0,796.0,265.0,0.0,799.0,265.0,,,,27,,Jakub,Kiwior,Kiwior,has joined Porto on loan for the rest of the season.,,0,0,0,0,0,0,0,0,0,0,0,0,0,,,,0.0,0.0,0.0,0.0,0.0,0,0,0
10,a,,,5.1,239,35.0,0,0.0,-4,4.0,1.4,159,63.0,12,0,0.9,505.0,175.0,0,36,0.0,761.0,259.0,0.0,2.4,0.0,133535,71,462511,116,0.5,1.0,0.05,0.06,0.11,5.26,0.01,0.02,0.03,1.52,31.2,426.0,160.0,45.5,345.0,120.0,18.0,383.0,135.0,9.4,410.0,148.0,,,,27,,Myles,Lewis-Skelly,Lewis-Skelly,,,311,0,0,0,5,0,0,0,3,0,0,1,21,,,,0.0,0.0,1.45,0.29,4.05,4,10,14
11,a,100.0,100.0,5.1,227,30.0,0,0.0,-4,4.0,0.5,259,96.0,30,0,4.3,43.0,17.0,3,112,0.2,381.0,140.0,0.0,5.9,0.0,346640,54,400857,110,0.7,1.2,0.43,0.49,0.92,6.13,0.09,0.11,0.2,1.35,111.4,330.0,124.0,92.7,260.0,79.0,46.0,319.0,103.0,25.0,341.0,117.0,,,,27,,Benjamin,White,White,,,409,0,1,3,4,0,0,0,0,0,0,5,40,,,,0.0,0.66,0.88,1.1,7.92,13,23,18
13,a,,,3.8,808,257.0,0,0.0,-2,2.0,0.4,273,101.0,0,0,0.0,530.0,196.0,0,0,0.0,415.0,165.0,0.0,0.0,0.0,51511,23,77436,41,0.5,1.0,0.0,0.0,0.0,0.0,0.0,0.0,0.0,0.0,0.0,519.0,195.0,0.0,508.0,195.0,0.0,474.0,187.0,0.0,522.0,195.0,,,,27,,Brayden,Clarke,Clarke,,,0,0,0,0,0,0,0,0,0,0,0,0,0,,,,0.0,0.0,0.0,0.0,0.0,0,0,0
14,u,0.0,0.0,3.9,779,229.0,0,0.0,-1,1.0,0.1,487,175.0,0,0,0.0,569.0,208.0,0,0,0.0,456.0,179.0,0.0,0.0,0.0,10218,0,22583,8,0.0,0.0,0.0,0.0,0.0,0.0,0.0,0.0,0.0,0.0,0.0,558.0,207.0,0.0,548.0,207.0,0.0,514.0,199.0,0.0,561.0,207.0,,,,27,,Maldini,Kacurri,Kacurri,has joined Morecambe on loan for the rest of the season.,,0,0,0,0,0,0,0,0,0,0,0,0,0,,,,0.0,0.0,0.0,0.0,0.0,0,0,0
15,a,,,3.7,814,262.0,0,0.0,-3,3.0,0.2,356,128.0,0,0,0.0,515.0,182.0,0,0,0.0,393.0,144.0,0.0,0.0,0.0,24687,187,26954,52,0.5,1.0,0.0,0.0,0.0,0.0,0.0,0.0,0.0,0.0,0.0,503.0,180.0,0.0,489.0,177.0,0.0,454.0,168.0,0.0,506.0,180.0,,,,27,,Josh,Nichols,Nichols,,,0,0,0,0,0,0,0,0,0,0,0,0,0,,,,0.0,0.0,0.0,0.0,0.0,0,0,0
16,a,100.0,100.0,9.8,6,4.0,0,0.0,-2,2.0,7.6,51,18.0,114,0,5.0,15.0,9.0,13,433,2.5,134.0,61.0,0.3,11.6,0.0,3991581,1609,4994000,856,3.0,3.5,6.13,5.24,11.37,10.81,0.34,0.29,0.63,0.6,473.0,66.0,19.0,649.3,10.0,10.0,609.0,14.0,5.0,173.3,9.0,7.0,2.0,,1.0,27,,Bukayo,Saka,Saka,,,1635,5,7,8,14,0,0,0,1,0,0,18,137,,,,0.0,0.44,0.77,0.99,7.54,29,18,90
17,d,75.0,75.0,7.8,18,13.0,0,0.0,-2,2.0,1.6,147,48.0,58,0,3.1,181.0,78.0,5,236,1.5,219.0,93.0,0.2,7.4,0.0,374714,10,631069,416,1.5,1.9,1.01,2.9,3.91,12.47,0.09,0.25,0.34,1.06,242.0,215.0,93.0,423.9,37.0,35.0,144.0,180.0,102.0,80.9,114.0,63.0,4.0,,3.0,27,,Martin,Ødegaard,Ødegaard,Knock - 75% chance of playing,,1057,1,5,4,11,0,0,0,0,0,0,13,80,,,,0.0,0.34,0.94,1.11,6.81,17,13,50
18,a,100.0,100.0,6.8,46,29.0,0,0.0,-2,2.0,1.3,162,53.0,50,0,2.8,233.0,96.0,6,170,4.8,24.0,12.0,0.7,7.4,0.0,357344,582,337761,1138,5.3,5.8,0.96,1.98,2.94,8.55,0.1,0.22,0.32,0.93,182.0,263.0,111.0,242.0,118.0,82.0,284.0,75.0,46.0,70.7,146.0,80.0,3.0,,,27,,Noni,Madueke,Madueke,,,828,2,1,5,7,0,0,0,0,0,0,11,46,,,,0.0,0.54,0.76,1.2,5.0,15,11,20
19,a,100.0,100.0,6.8,48,31.0,0,0.0,-2,2.0,1.0,189,67.0,40,0,1.9,353.0,156.0,1,138,1.8,203.0,86.0,0.3,5.9,0.0,182752,87,244614,452,2.3,2.8,3.42,0.9,4.32,6.23,0.44,0.12,0.56,0.8,147.0,296.0,132.0,127.9,205.0,136.0,314.0,64.0,38.0,58.4,198.0,102.0,,,,27,,Gabriel,Martinelli Silva,Martinelli,,,703,1,3,2,5,0,0,0,2,0,0,8,52,,,,0.0,0.26,0.64,1.02,6.66,10,10,32
20,a,100.0,100.0,6.8,44,27.0,0,0.0,-2,2.0,1.1,184,63.0,95,0,4.1,62.0,28.0,9,338,2.3,151.0,67.0,0.3,14.0,0.0,524069,254,443794,1204,2.8,3.3,4.58,2.51,7.09,10.29,0.27,0.15,0.42,0.61,393.8,103.0,34.0,424.1,36.0,34.0,399.0,35.0,20.0,122.0,34.0,26.0,,,4.0,27,,Leandro,Trossard,Trossard,,,1515,5,5,8,12,0,0,0,1,0,0,16,98,,,,0.0,0.48,0.71,0.95,5.82,20,20,58
21,a,100.0,100.0,7.6,22,15.0,0,0.0,11,-11.0,34.2,8,3.0,148,0,5.7,7.0,5.0,21,623,3.8,48.0,25.0,0.5,19.5,0.0,6750939,5263,3540187,9788,4.3,4.8,2.95,5.94,8.89,15.15,0.12,0.24,0.36,0.61,685.6,9.0,3.0,832.2,2.0,2.0,261.0,89.0,55.0,178.0,6.0,4.0,1.0,1.0,,27,,Declan,Rice,Rice,,,2235,4,8,12,19,0,0,0,2,0,0,25,276,,,,0.0,0.48,0.77,1.01,11.11,47,95,134
22,i,0.0,0.0,5.4,164,101.0,0,0.0,-6,6.0,0.9,201,69.0,66,0,3.1,177.0,76.0,5,238,1.2,247.0,107.0,0.2,12.2,0.0,835862,2,830816,456,0.0,0.0,2.99,1.45,4.44,6.59,0.27,0.13,0.4,0.6,304.4,177.0,69.0,187.0,161.0,112.0,237.0,95.0,58.0,72.6,138.0,75.0,,,,27,,Mikel,Merino Zazón,Merino,Foot injury - Unknown return date,,996,4,3,4,9,0,0,0,1,0,0,10,111,,,,0.0,0.36,0.81,0.9,10.03,26,30,55
23,u,0.0,0.0,5.4,173,107.0,0,0.0,-1,1.0,0.0,681,279.0,0,0,0.0,798.0,353.0,0,0,0.0,778.0,340.0,0.0,0.0,0.0,933,0,4420,0,0.0,0.0,0.0,0.0,0.0,0.0,0.0,0.0,0.0,0.0,0.0,798.0,353.0,0.0,797.0,353.0,0.0,795.0,352.0,0.0,798.0,353.0,,,,27,,Fábio,Ferreira Vieira,Fábio Vieira,has joined Hamburger on loan for the rest of the season.,,0,0,0,0,0,0,0,0,0,0,0,0,0,,,,0.0,0.0,0.0,0.0,0.0,0,0,0
25,u,0.0,0.0,5.0,269,164.0,0,0.0,-5,5.0,0.1,447,152.0,8,0,1.3,429.0,193.0,0,20,0.0,749.0,320.0,0.0,1.6,0.0,13149,0,36699,7,0.0,0.0,0.23,0.08,0.31,0.73,0.13,0.04,0.17,0.4,8.6,459.0,207.0,22.5,384.0,196.0,24.0,363.0,188.0,5.4,439.0,196.0,,,,27,,Ethan,Nwaneri,Nwaneri,has joined Marseille on loan for the rest of the season.,,165,0,0,1,0,0,0,0,0,0,0,0,13,,,,0.0,0.55,0.0,0.0,7.09,2,1,10
28,u,0.0,0.0,4.5,486,297.0,0,0.0,0,0.0,0.1,480,167.0,0,0,0.0,731.0,303.0,0,0,0.0,665.0,260.0,0.0,0.0,0.0,6731,0,30196,5,0.0,0.0,0.0,0.0,0.0,0.0,0.0,0.0,0.0,0.0,0.0,729.0,301.0,0.0,724.0,302.0,0.0,711.0,298.0,0.0,730.0,302.0,,,,27,,Ismeal,Kabia,Kabia,has joined Shrewsbury Town on loan for the rest of the season.,,0,0,0,0,0,0,0,0,0,0,0,0,0,,,,0.0,0.0,0.0,0.0,0.0,0,0,0
29,u,0.0,0.0,4.5,429,256.0,0,0.0,0,0.0,0.0,583,218.0,0,0,0.0,696.0,273.0,0,0,0.0,622.0,223.0,0.0,0.0,0.0,2952,0,14037,0,0.0,0.0,0.0,0.0,0.0,0.0,0.0,0.0,0.0,0.0,0.0,689.0,267.0,0.0,686.0,271.0,0.0,669.0,264.0,0.0,692.0,270.0,,,,27,,Albert,Sambi Lokonga,Sambi,has joined Hamburger permanently.,,0,0,0,0,0,0,0,0,0,0,0,0,0,,,,0.0,0.0,0.0,0.0,0.0,0,0,0
30,d,75.0,75.0,7.3,25,10.0,0,0.0,-2,2.0,0.6,232,34.0,8,0,2.7,250.0,29.0,0,40,1.2,253.0,32.0,0.2,1.1,0.0,109836,36,173633,1112,1.3,1.7,0.21,0.06,0.27,1.11,0.12,0.03,0.15,0.64,32.2,423.0,48.0,32.6,366.0,47.0,22.0,373.0,54.0,8.8,415.0,52.0,,,,27,,Kai,Havertz,Havertz,Muscle injury - 75% chance of playing,,156,0,1,2,0,0,0,0,0,0,0,2,10,,,,0.0,1.15,0.0,1.15,5.77,2,5,3
31,a,100.0,100.0,6.4,55,20.0,0,0.0,-1,1.0,0.6,249,40.0,17,0,1.5,418.0,51.0,0,68,1.2,251.0,31.0,0.2,2.7,0.0,144661,176,91950,1054,1.7,2.2,1.75,0.19,1.94,3.56,0.52,0.06,0.58,1.05,100.6,342.0,33.0,24.9,379.0,48.0,207.0,108.0,28.0,33.0,307.0,35.0,,,,27,,Gabriel,Fernando de Jesus,G.Jesus,,,304,2,0,0,6,0,0,0,2,0,0,2,26,,,,0.0,0.0,1.78,0.59,7.7,4,4,18
266,a,,,7.2,30,18.0,0,0.0,-3,3.0,7.6,52,19.0,72,0,3.3,150.0,66.0,6,277,0.7,300.0,134.0,0.1,10.0,0.0,3261606,162,3700316,1148,1.2,1.7,2.8,1.71,4.51,7.03,0.22,0.13,0.35,0.55,259.6,203.0,85.0,182.5,166.0,116.0,303.0,68.0,41.0,74.5,132.0,71.0,,,,27,,Eberechi,Eze,Eze,,,1148,4,3,6,8,0,0,0,1,0,0,13,75,,,,0.0,0.47,0.63,1.02,5.88,13,16,46
711,a,,,4.4,570,342.0,0,0.0,-1,1.0,0.0,701,292.0,0,0,0.0,685.0,267.0,0,0,0.0,607.0,216.0,0.0,0.0,0.0,1848,1,1720,3,0.5,1.0,0.0,0.0,0.0,0.0,0.0,0.0,0.0,0.0,0.0,678.0,261.0,0.0,673.0,265.0,0.0,654.0,257.0,0.0,681.0,264.0,,,,27,,Andre,Harriman-Annous,Harriman-Annous,,,0,0,0,0,0,0,0,0,0,0,0,0,0,,,,0.0,0.0,0.0,0.0,0.0,0,0,0
725,a,100.0,100.0,5.1,237,34.0,0,0.0,-4,4.0,0.7,224,86.0,57,0,3.4,134.0,50.0,5,225,3.7,51.0,17.0,0.7,11.2,0.0,491976,734,416152,253,4.2,4.7,0.31,1.08,1.39,11.5,0.02,0.08,0.1,0.85,306.0,175.0,72.0,121.2,219.0,56.0,51.0,313.0,101.0,47.7,243.0,79.0,,,,27,,Piero,Hincapié,Hincapie,,,1213,1,1,3,14,0,0,0,2,0,0,14,107,,,,0.0,0.22,1.04,1.04,7.94,26,81,46
759,a,,,4.0,727,204.0,0,0.0,0,0.0,0.0,687,238.0,0,0,0.0,626.0,241.0,0,0,0.0,518.0,216.0,0.0,0.0,0.0,1224,7,978,3,0.5,1.0,0.0,0.0,0.0,0.0,0.0,0.0,0.0,0.0,0.0,615.0,240.0,0.0,608.0,240.0,0.0,577.0,235.0,0.0,618.0,240.0,,,,27,,Marli,Salmon,Salmon,,,0,0,0,0,0,0,0,0,0,0,0,0,0,,,,0.0,0.0,0.0,0.0,0.0,0,0,0
32,a,100.0,100.0,5.1,224,7.0,1,-1.0,1,-1.0,4.6,77,13.0,95,3,4.1,59.0,4.0,10,403,5.8,11.0,1.0,1.1,18.6,0.0,882490,4362,559317,796,6.3,5.8,0.0,0.05,0.05,29.3,0.0,0.0,0.0,1.3,527.8,45.0,12.0,3.1,446.0,12.0,0.0,787.0,90.0,53.1,218.0,12.0,,,,27,,Emiliano,Martínez Romero,Martinez,,,2025,0,0,6,20,0,1,0,2,0,68,23,78,,,,3.02,0.27,0.89,1.02,0.0,0,23,193
33,s,0.0,0.0,4.2,626,32.0,0,0.0,-3,3.0,0.4,282,37.0,11,0,2.2,305.0,27.0,0,51,0.0,531.0,81.0,0.0,2.6,0.0,83413,9,114010,82,0.0,0.0,0.0,0.0,0.0,8.53,0.0,0.0,0.0,1.9,92.8,351.0,28.0,0.0,618.0,77.0,0.0,590.0,64.0,9.3,412.0,28.0,,,,27,,Marco,Bizot,M.Bizot,Suspended until 27 Feb,,405,0,0,1,8,0,0,0,2,0,13,4,23,,,,2.89,0.22,1.78,0.89,0.0,0,6,41
34,u,0.0,0.0,4.0,683,53.0,0,0.0,0,0.0,0.1,494,74.0,0,0,0.0,591.0,72.0,0,0,0.0,479.0,64.0,0.0,0.0,0.0,0,0,17200,6,0.0,0.0,0.0,0.0,0.0,0.0,0.0,0.0,0.0,0.0,0.0,580.0,72.0,0.0,573.0,60.0,0.0,541.0,47.0,0.0,583.0,72.0,,,,27,,Joe,Gauci,Gauci,Has joined Port Vale on loan for the rest of the season.,,0,0,0,0,0,0,0,0,0,0,0,0,0,,,,0.0,0.0,0.0,0.0,0.0,0,0,0
35,u,0.0,0.0,4.0,682,52.0,0,0.0,0,0.0,0.0,748,84.0,0,0,0.0,590.0,71.0,0,0,0.0,478.0,63.0,0.0,0.0,0.0,0,0,1254,0,0.0,0.0,0.0,0.0,0.0,0.0,0.0,0.0,0.0,0.0,0.0,579.0,71.0,0.0,572.0,59.0,0.0,540.0,46.0,0.0,582.0,71.0,,,,27,,Filip,Marschall,Marschall,Has joined Stevenage permanently.,,0,0,0,0,0,0,0,0,0,0,0,0,0,,,,0.0,0.0,0.0,0.0,0.0,0,0,0
36,a,100.0,100.0,4.9,300,46.0,0,0.0,4,-4.0,11.0,32,12.0,101,2,4.0,69.0,28.0,6,380,2.4,140.0,49.0,0.5,20.6,0.0,2753584,3667,1742149,4638,2.9,2.4,1.04,2.37,3.41,33.22,0.04,0.1,0.14,1.35,508.2,55.0,25.0,379.3,51.0,7.0,188.0,133.0,26.0,107.6,51.0,7.0,1.0,,,27,,Matty,Cash,Cash,,,2217,3,2,7,23,0,0,0,5,0,0,25,165,,,,0.0,0.28,0.93,1.01,5.76,43,99,66
37,a,100.0,100.0,4.5,408,72.0,0,0.0,0,0.0,1.6,153,61.0,72,0,3.1,169.0,66.0,4,282,1.4,226.0,86.0,0.3,16.0,0.0,305137,194,343489,859,1.9,1.4,0.54,2.21,2.75,20.25,0.04,0.15,0.19,1.39,278.2,192.0,79.0,302.6,87.0,20.0,108.0,223.0,58.0,68.7,155.0,51.0,2.0,2.0,,27,,Lucas,Digne,Digne,,,1309,0,4,6,13,0,0,0,3,0,0,15,102,,,,0.0,0.41,0.89,1.03,5.36,26,52,52
38,a,100.0,100.0,4.4,525,105.0,0,0.0,-1,1.0,8.0,46,16.0,87,7,3.3,141.0,55.0,3,425,4.6,27.0,8.0,1.0,19.8,0.0,666680,3484,1951800,680,5.1,4.6,1.01,0.52,1.53,36.3,0.04,0.02,0.06,1.41,464.8,68.0,31.0,86.1,270.0,86.0,104.0,229.0,60.0,65.9,167.0,55.0,,,,27,,Ezri,Konsa Ngoyo,Konsa,,,2315,0,1,8,27,0,0,0,0,1,0,26,181,,,,0.0,0.31,1.05,1.01,5.99,18,136,81
39,a,,,4.2,636,149.0,0,0.0,-3,3.0,0.6,230,88.0,38,2,1.8,357.0,132.0,0,195,3.6,54.0,20.0,0.9,9.0,0.0,76472,393,99920,168,4.1,3.6,0.85,1.74,2.59,17.79,0.07,0.14,0.21,1.41,228.2,226.0,87.0,261.1,107.0,28.0,161.0,157.0,33.0,65.2,171.0,57.0,5.0,,,27,,Ian,Maatsen,Maatsen,,,1133,0,0,2,15,0,0,0,2,0,0,12,102,,,,0.0,0.16,1.19,0.95,7.15,34,56,68
40,a,100.0,100.0,4.3,577,126.0,0,0.0,-2,2.0,0.7,221,84.0,41,2,3.7,92.0,34.0,4,148,3.4,65.0,24.0,0.8,9.5,0.0,145798,337,191365,141,3.9,3.4,0.65,0.34,0.99,12.82,0.07,0.04,0.11,1.48,183.8,261.0,107.0,67.8,299.0,99.0,55.0,305.0,94.0,30.7,320.0,108.0,,,,27,,Tyrone,Mings,Mings,,,782,0,1,3,8,0,0,0,0,0,0,9,81,,,,0.0,0.35,0.92,1.04,7.48,3,62,22
41,a,100.0,100.0,4.3,585,131.0,0,0.0,-2,2.0,0.3,308,114.0,49,0,3.3,140.0,54.0,2,216,1.6,206.0,75.0,0.4,11.4,0.0,70002,32,94125,156,2.1,1.6,0.59,0.33,0.92,17.12,0.04,0.02,0.06,1.28,235.8,219.0,83.0,36.3,359.0,126.0,51.0,311.0,99.0,32.5,311.0,103.0,,,,27,,Pau,Torres,Pau,,,1206,0,1,4,13,1,0,0,0,0,0,13,114,,,,0.0,0.3,0.97,0.97,6.49,17,70,63
42,a,100.0,100.0,3.9,780,230.0,0,0.0,-1,1.0,0.2,376,137.0,2,1,0.7,508.0,176.0,0,0,0.2,355.0,127.0,0.1,0.5,0.0,27696,31,40268,9,0.7,0.2,0.0,0.01,0.01,1.52,0.0,0.03,0.03,4.15,0.8,495.0,176.0,1.6,455.0,166.0,0.0,515.0,200.0,0.2,498.0,176.0,,,,27,,Andrés,García,A.García,,,33,0,0,0,2,0,0,0,0,0,0,0,0,,,,0.0,0.0,5.45,0.0,0.0,0,0,2
43,u,0.0,0.0,4.0,661,161.0,0,0.0,0,0.0,1.6,150,60.0,0,0,0.0,574.0,210.0,0,0,0.0,461.0,181.0,0.0,0.0,0.0,44476,0,885613,75,0.0,0.0,0.0,0.0,0.0,0.0,0.0,0.0,0.0,0.0,0.0,563.0,209.0,0.0,554.0,209.0,0.0,521.0,202.0,0.0,566.0,209.0,,,,27,,Álex,Moreno Lopera,Alex Moreno,Has joined Girona permanently.,,0,0,0,0,0,0,0,0,0,0,0,0,0,,,,0.0,0.0,0.0,0.0,0.0,0,0,0
44,a,100.0,100.0,4.0,701,182.0,0,0.0,0,0.0,0.5,252,94.0,33,1,1.5,402.0,144.0,4,110,2.2,152.0,52.0,0.6,8.2,0.0,104098,91,87416,116,2.7,2.2,0.0,0.16,0.16,9.46,0.0,0.02,0.02,1.29,91.8,354.0,133.0,45.7,344.0,119.0,10.0,397.0,143.0,14.7,384.0,136.0,,,,27,,Lamare,Bogarde,Bogarde,,,662,0,0,2,8,0,0,0,5,0,0,7,48,,,,0.0,0.27,1.09,0.95,5.3,16,23,23
45,u,0.0,0.0,3.8,798,247.0,0,0.0,-2,2.0,0.3,326,119.0,0,0,0.0,525.0,191.0,0,0,0.0,408.0,158.0,0.0,0.0,0.0,22076,0,36109,64,0.0,0.0,0.0,0.0,0.0,0.0,0.0,0.0,0.0,0.0,0.0,514.0,190.0,0.0,501.0,188.0,0.0,466.0,179.0,0.0,517.0,190.0,,,,27,,Lino,da Cruz Sousa,Sousa,has joined Rotherham on loan for the rest of the season.,,0,0,0,0,0,0,0,0,0,0,0,0,0,,,,0.0,0.0,0.0,0.0,0.0,0,0,0
46,u,0.0,0.0,4.0,717,195.0,0,0.0,0,0.0,0.1,461,169.0,0,0,0.0,618.0,234.0,0,0,0.0,509.0,208.0,0.0,0.0,0.0,4656,0,20866,2,0.0,0.0,0.0,0.0,0.0,0.0,0.0,0.0,0.0,0.0,0.0,607.0,233.0,0.0,600.0,233.0,0.0,569.0,228.0,0.0,610.0,233.0,,,,27,,Yasin,Özcan,Yasin,has joined Anderlecht on loan for the rest of the season.,,0,0,0,0,0,0,0,0,0,0,0,0,0,,,,0.0,0.0,0.0,0.0,0.0,0,0,0
47,a,100.0,100.0,7.7,19,14.0,0,0.0,7,-7.0,31.6,11,4.0,127,2,4.7,26.0,13.0,13,444,4.8,25.0,13.0,0.6,16.5,0.0,5765997,7758,2881709,10148,5.3,4.8,4.93,3.1,8.03,37.13,0.18,0.12,0.3,1.39,573.6,31.0,8.0,513.0,22.0,21.0,658.0,10.0,3.0,174.4,8.0,6.0,,,,27,,Morgan,Rogers,Rogers,,,2407,8,5,8,28,0,0,0,5,0,0,27,165,,,,0.0,0.3,1.05,1.01,6.17,30,39,96
48,i,0.0,0.0,5.9,92,58.0,0,0.0,-1,1.0,0.7,227,78.0,52,0,3.1,179.0,77.0,3,289,0.6,316.0,143.0,0.1,8.8,0.0,158159,8,344412,176,0.0,0.0,0.97,2.53,3.5,23.03,0.07,0.18,0.25,1.6,317.2,161.0,58.0,401.3,42.0,39.0,147.0,172.0,97.0,86.6,101.0,59.0,3.0,,,27,,Youri,Tielemans,Tielemans,Ankle injury - Expected back 11 Apr,,1295,0,4,4,17,0,0,0,0,0,0,15,138,,,,0.0,0.28,1.18,1.04,9.59,38,33,67
49,a,100.0,100.0,5.5,142,88.0,0,0.0,0,0.0,0.1,489,172.0,6,2,1.2,441.0,199.0,0,21,1.2,249.0,109.0,0.2,1.1,0.0,5433,55,49319,20,1.7,1.2,0.21,0.61,0.82,1.54,0.1,0.29,0.39,0.73,28.0,433.0,192.0,98.5,249.0,154.0,34.0,343.0,179.0,16.1,374.0,176.0,,,,27,,Leon,Bailey,Bailey,,,190,0,0,0,1,0,0,0,0,0,0,1,22,,,,0.0,0.0,0.47,0.47,10.42,3,1,18
50,a,100.0,100.0,5.3,190,117.0,0,0.0,-2,2.0,0.6,251,86.0,76,1,3.0,195.0,81.0,8,259,3.2,82.0,39.0,0.6,14.3,0.0,216868,294,172350,438,3.7,3.2,2.71,1.46,4.17,18.83,0.2,0.11,0.31,1.38,324.8,150.0,52.0,283.0,91.0,68.0,300.0,71.0,43.0,90.0,90.0,54.0,,6.0,2.0,27,,Emiliano,Buendía Stati,Buendía,,,1224,5,2,3,12,0,0,0,4,0,0,15,136,,,,0.0,0.22,0.88,1.1,10.0,33,23,80
51,u,0.0,0.0,5.5,151,94.0,0,0.0,0,0.0,0.0,683,280.0,0,0,0.0,804.0,358.0,0,0,0.0,787.0,348.0,0.0,0.0,0.0,1383,0,3779,3,0.0,0.0,0.0,0.0,0.0,0.0,0.0,0.0,0.0,0.0,0.0,804.0,358.0,0.0,803.0,358.0,0.0,801.0,357.0,0.0,804.0,358.0,,,,27,,Samuel,Iling-Junior,Iling Jr,has joined Pisa on loan for the rest of the season.,,0,0,0,0,0,0,0,0,0,0,0,0,0,,,,0.0,0.0,0.0,0.0,0.0,0,0,0
53,u,0.0,0.0,5.1,228,140.0,0,0.0,-4,4.0,0.4,275,96.0,55,0,2.6,260.0,109.0,3,161,0.0,759.0,328.0,0.0,10.8,0.0,172896,0,337333,80,0.0,0.0,4.03,0.35,4.38,10.59,0.57,0.05,0.62,1.49,183.4,262.0,110.0,99.7,248.0,153.0,290.0,72.0,44.0,56.3,207.0,104.0,,,,27,,Donyell,Malen,Malen,has joined Roma on loan for the rest of the season.,,640,4,2,1,10,0,0,0,0,0,0,5,16,,,,0.0,0.14,1.41,0.7,2.25,4,2,10
54,i,0.0,0.0,5.4,159,97.0,0,0.0,-1,1.0,0.5,258,89.0,71,0,3.2,162.0,70.0,4,289,0.0,772.0,336.0,0.0,13.1,0.0,208155,5,239423,184,0.0,0.0,2.52,1.96,4.48,26.58,0.14,0.11,0.25,1.5,308.2,170.0,66.0,385.2,49.0,42.0,193.0,126.0,73.0,88.8,92.0,55.0,4.0,,,27,,John,McGinn,McGinn,Knee injury - Expected back 21 Mar,,1591,3,2,7,21,0,0,0,3,0,0,21,126,,,,0.0,0.4,1.19,1.19,7.13,27,29,70
55,a,100.0,100.0,4.8,352,220.0,0,0.0,-2,2.0,0.0,612,237.0,18,1,1.8,365.0,159.0,0,75,0.6,306.0,136.0,0.1,3.8,0.0,5187,16,12015,6,1.1,0.6,0.57,0.29,0.86,3.09,0.28,0.14,0.42,1.5,67.2,385.0,171.0,58.8,321.0,180.0,61.0,294.0,159.0,18.7,367.0,174.0,,,,27,,Ross,Barkley,Barkley,,,186,1,1,0,0,0,0,0,0,0,0,0,24,,,,0.0,0.0,0.0,0.0,11.61,4,7,13
56,u,0.0,0.0,5.0,267,162.0,0,0.0,0,0.0,0.0,817,367.0,0,0,0.0,785.0,344.0,0,0,0.0,748.0,319.0,0.0,0.0,0.0,0,0,35,0,0.0,0.0,0.0,0.0,0.0,0.0,0.0,0.0,0.0,0.0,0.0,784.0,343.0,0.0,783.0,344.0,0.0,779.0,342.0,0.0,785.0,344.0,,,,27,,Enzo,Barrenechea,Barrenechea,Season-long loan to Benfica,,0,0,0,0,0,0,0,0,0,0,0,0,0,,,,0.0,0.0,0.0,0.0,0.0,0,0,0
57,u,0.0,0.0,5.0,260,159.0,0,0.0,0,0.0,0.0,663,268.0,0,0,0.0,781.0,341.0,0,0,0.0,744.0,316.0,0.0,0.0,0.0,889,0,5425,1,0.0,0.0,0.0,0.0,0.0,0.0,0.0,0.0,0.0,0.0,0.0,780.0,340.0,0.0,778.0,341.0,0.0,775.0,339.0,0.0,781.0,341.0,,,,27,,Lewis,Dobbin,Dobbin,Has joined Preston North End on loan for the rest of the season.,,0,0,0,0,0,0,0,0,0,0,0,0,0,,,,0.0,0.0,0.0,0.0,0.0,0,0,0
58,i,0.0,0.0,4.9,315,196.0,0,0.0,-1,1.0,0.2,375,126.0,61,0,3.4,132.0,59.0,7,282,0.0,720.0,299.0,0.0,12.4,0.0,111331,3,116894,66,0.0,0.0,0.53,0.84,1.36,20.8,0.03,0.05,0.08,1.33,325.0,149.0,51.0,241.3,119.0,83.0,75.0,271.0,148.0,64.2,175.0,92.0,,,,27,,Boubacar,Kamara,Kamara,Knee injury - Expected back 01 Jun,,1410,1,3,5,15,0,0,0,5,0,0,17,149,,,,0.0,0.32,0.96,1.09,9.51,38,46,65
59,a,100.0,100.0,4.8,367,229.0,0,0.0,-2,2.0,0.7,218,75.0,60,2,3.3,142.0,61.0,3,267,2.8,108.0,52.0,0.6,12.5,0.0,154227,210,268864,103,3.3,2.8,0.84,0.27,1.11,19.02,0.06,0.02,0.08,1.43,311.0,167.0,63.0,82.4,279.0,163.0,108.0,224.0,123.0,50.1,233.0,116.0,,,,27,,Amadou,Onana,Onana,,,1198,2,0,5,13,0,0,0,2,0,0,15,159,,,,0.0,0.38,0.98,1.13,11.94,34,76,49
60,u,0.0,0.0,4.4,562,337.0,0,0.0,-1,1.0,0.3,331,114.0,0,0,0.0,681.0,265.0,0,0,0.0,600.0,212.0,0.0,0.0,0.0,38290,0,50165,38,0.0,0.0,0.0,0.0,0.0,0.0,0.0,0.0,0.0,0.0,0.0,673.0,258.0,0.0,669.0,263.0,0.0,649.0,254.0,0.0,676.0,261.0,,,,27,,Ben,Broggio,Broggio,has joined Falkirk on loan for the rest of the season.,,0,0,0,0,0,0,0,0,0,0,0,0,0,,,,0.0,0.0,0.0,0.0,0.0,0,0,0
61,u,0.0,0.0,4.5,410,250.0,0,0.0,0,0.0,0.1,533,193.0,0,0,0.0,688.0,268.0,0,0,0.0,610.0,217.0,0.0,0.0,0.0,2169,0,33599,4,0.0,0.0,0.0,0.0,0.0,0.0,0.0,0.0,0.0,0.0,0.0,681.0,262.0,0.0,676.0,266.0,0.0,657.0,258.0,0.0,684.0,265.0,,,,27,,Leander,Dendoncker,Dendoncker,Has joined Real Oviedo permanently.,,0,0,0,0,0,0,0,0,0,0,0,0,0,,,,0.0,0.0,0.0,0.0,0.0,0,0,0
62,u,0.0,0.0,4.5,473,288.0,0,0.0,0,0.0,0.1,551,201.0,1,0,1.0,477.0,216.0,0,3,0.0,653.0,251.0,0.0,0.2,0.0,8790,0,10238,11,0.0,0.0,0.0,0.0,0.0,0.61,0.0,0.0,0.0,6.86,0.2,501.0,229.0,0.3,479.0,233.0,0.0,700.0,291.0,0.1,504.0,232.0,,,,27,,Jamaldeen,Jimoh-Aloba,Jimoh-Aloba,has joined West Brom on loan for the rest of the season.,,8,0,0,0,0,0,0,0,0,0,0,0,1,,,,0.0,0.0,0.0,0.0,11.25,0,0,1
63,u,0.0,0.0,4.3,606,353.0,0,0.0,-2,2.0,0.6,245,85.0,0,0,0.0,651.0,246.0,0,0,0.0,560.0,187.0,0.0,0.0,0.0,102090,0,123066,157,0.0,0.0,0.0,0.0,0.0,0.0,0.0,0.0,0.0,0.0,0.0,640.0,236.0,0.0,637.0,242.0,0.0,613.0,230.0,0.0,643.0,239.0,,,,27,,Kadan,Young,Young,has joined Reading on loan for the rest of the season.,,0,0,0,0,0,0,0,0,0,0,0,0,0,,,,0.0,0.0,0.0,0.0,0.0,0,0,0
64,a,100.0,100.0,8.6,9,5.0,0,0.0,-4,4.0,9.1,39,7.0,97,2,3.7,101.0,8.0,11,347,2.8,118.0,16.0,0.3,11.3,0.0,2175462,1729,4098630,5334,3.3,2.8,9.72,1.0,10.72,31.23,0.44,0.05,0.49,1.41,382.6,106.0,8.0,223.3,129.0,9.0,735.0,4.0,3.0,133.5,26.0,6.0,,,3.0,27,,Ollie,Watkins,Watkins,,,1989,8,2,8,24,0,0,0,1,0,0,23,69,,,,0.0,0.36,1.09,1.04,3.12,17,14,38
65,u,0.0,0.0,4.5,483,69.0,0,0.0,0,0.0,0.3,322,53.0,0,0,0.0,729.0,78.0,0,0,0.0,662.0,68.0,0.0,0.0,0.0,17574,0,84762,17,0.0,0.0,0.0,0.0,0.0,0.0,0.0,0.0,0.0,0.0,0.0,726.0,78.0,0.0,722.0,77.0,0.0,709.0,77.0,0.0,728.0,78.0,,,,27,,Zépiqueno,Redmond,Redmond,has joined Huddersfield Town on loan for the rest of the season.,,0,0,0,0,0,0,0,0,0,0,0,0,0,,,,0.0,0.0,0.0,0.0,0.0,0,0,0
389,i,0.0,0.0,5.1,236,144.0,0,0.0,-4,4.0,0.2,394,131.0,5,0,1.0,497.0,232.0,0,17,0.2,383.0,169.0,0.0,1.0,0.0,94067,1,102409,65,0.0,0.0,0.29,0.08,0.37,1.74,0.24,0.07,0.31,1.42,11.8,451.0,202.0,31.7,369.0,189.0,31.0,350.0,183.0,7.4,429.0,194.0,,,,27,,Harvey,Elliott,Elliott,Knock - Unknown return date,,110,0,0,0,2,0,0,0,0,0,0,1,6,,,,0.0,0.0,1.64,0.82,4.91,0,2,4
701,u,0.0,0.0,4.0,713,191.0,0,0.0,0,0.0,0.1,535,190.0,0,0,0.0,615.0,231.0,0,0,0.0,505.0,204.0,0.0,0.0,0.0,8943,0,10663,2,0.0,0.0,0.0,0.0,0.0,0.0,0.0,0.0,0.0,0.0,0.0,604.0,230.0,0.0,597.0,230.0,0.0,566.0,225.0,0.0,607.0,230.0,,,,27,,Triston,Rowe,Rowe,has joined Annecy on loan for the rest of the season.,,0,0,0,0,0,0,0,0,0,0,0,0,0,,,,0.0,0.0,0.0,0.0,0.0,0,0,0
702,a,,,4.4,569,341.0,0,0.0,-1,1.0,0.1,536,195.0,1,0,1.0,472.0,212.0,0,3,0.0,606.0,215.0,0.0,0.2,0.0,9694,8,8748,7,0.5,0.0,0.0,0.0,0.0,0.9,0.0,0.0,0.0,5.06,0.0,677.0,260.0,0.3,478.0,232.0,0.0,653.0,256.0,0.0,680.0,263.0,,,,27,,Bradley,Burrowes,Burrowes,,,16,0,0,0,1,0,0,0,0,0,0,0,1,,,,0.0,0.0,5.62,0.0,5.62,0,0,1
703,a,,,3.9,775,91.0,0,0.0,-1,1.0,0.6,236,30.0,0,0,0.0,565.0,59.0,0,0,0.0,452.0,50.0,0.0,0.0,0.0,87465,185,39710,108,0.5,0.0,0.0,0.0,0.0,0.0,0.0,0.0,0.0,0.0,0.0,554.0,59.0,0.0,544.0,44.0,0.0,510.0,31.0,0.0,557.0,59.0,,,,27,,Sam,Proctor,Proctor,,,0,0,0,0,0,0,0,0,0,0,0,0,0,,,,0.0,0.0,0.0,0.0,0.0,0,0,0
710,a,,,3.9,772,226.0,0,0.0,-1,1.0,0.2,381,141.0,0,0,0.0,562.0,205.0,0,0,0.0,449.0,176.0,0.0,0.0,0.0,32983,12,22313,20,0.5,0.0,0.0,0.0,0.0,0.0,0.0,0.0,0.0,0.0,0.0,551.0,204.0,0.0,541.0,204.0,0.0,507.0,196.0,0.0,554.0,204.0,,,,27,,Travis,Patterson,Patterson,,,0,0,0,0,0,0,0,0,0,0,0,0,0,,,,0.0,0.0,0.0,0.0,0.0,0,0,0
719,a,100.0,100.0,4.5,415,76.0,0,0.0,0,0.0,0.1,469,170.0,22,0,1.8,362.0,134.0,0,94,0.4,330.0,119.0,0.1,4.9,0.0,20090,14,12782,61,0.9,0.4,0.03,0.07,0.1,10.75,0.0,0.01,0.01,1.69,123.8,317.0,119.0,27.5,374.0,133.0,8.0,408.0,153.0,16.0,375.0,132.0,,,,27,,Victor,Lindelöf,Lindelöf,,,572,0,1,1,9,0,0,0,0,0,0,6,36,,,,0.0,0.16,1.42,0.94,5.66,4,32,13
754,a,,,4.5,484,295.0,0,0.0,0,0.0,0.0,752,320.0,2,0,1.0,481.0,219.0,0,5,0.0,663.0,258.0,0.0,0.4,0.0,1001,5,595,2,0.5,0.0,0.04,0.01,0.05,0.61,0.14,0.04,0.18,2.2,0.0,727.0,299.0,1.7,454.0,218.0,2.0,445.0,219.0,0.3,494.0,228.0,,,,27,,George,Hemmings,George Hemmings,,,25,0,0,0,0,0,0,0,0,0,0,0,1,,,,0.0,0.0,0.0,0.0,3.6,0,0,1
757,a,,,4.0,703,62.0,0,0.0,0,0.0,0.0,714,83.0,0,0,0.0,606.0,81.0,0,0,0.0,495.0,73.0,0.0,0.0,0.0,1190,2,766,2,0.5,0.0,0.0,0.0,0.0,0.0,0.0,0.0,0.0,0.0,0.0,595.0,81.0,0.0,588.0,69.0,0.0,556.0,56.0,0.0,598.0,81.0,,,,27,,Ronnie,Hollingshead,Hollingshead,,,0,0,0,0,0,0,0,0,0,0,0,0,0,,,,0.0,0.0,0.0,0.0,0.0,0,0,0
768,a,,,4.0,735,212.0,0,0.0,0,0.0,0.0,717,248.0,0,0,0.0,631.0,246.0,0,0,0.0,523.0,221.0,0.0,0.0,0.0,596,1,468,7,0.5,0.0,0.0,0.0,0.0,0.0,0.0,0.0,0.0,0.0,0.0,620.0,245.0,0.0,613.0,245.0,0.0,584.0,242.0,0.0,623.0,245.0,,,,27,,Leon,Routh,Leon Routh,,,0,0,0,0,0,0,0,0,0,0,0,0,0,,,,0.0,0.0,0.0,0.0,0.0,0,0,0
781,a,,,4.0,729,206.0,0,0.0,0,0.0,0.0,736,255.0,0,0,0.0,627.0,242.0,0,0,0.0,519.0,217.0,0.0,0.0,0.0,564,2,304,8,0.5,0.0,0.0,0.0,0.0,0.0,0.0,0.0,0.0,0.0,0.0,616.0,241.0,0.0,609.0,241.0,0.0,579.0,237.0,0.0,619.0,241.0,,,,27,,TJ,Carroll,Carroll,,,0,0,0,0,0,0,0,0,0,0,0,0,0,,,,0.0,0.0,0.0,0.0,0.0,0,0,0
792,i,0.0,0.0,5.0,283,176.0,0,0.0,0,0.0,0.0,809,360.0,1,0,1.0,495.0,230.0,0,4,0.2,379.0,167.0,0.0,0.2,0.0,172,2,129,2,0.0,0.0,0.0,0.01,0.01,0.11,0.0,0.06,0.06,0.62,0.0,791.0,348.0,0.5,471.0,227.0,4.0,432.0,214.0,0.5,485.0,223.0,,,,27,,Alysson Edward Franco,da Rocha dos Santos,Alysson,Knock - Unknown return date,,16,0,0,0,0,0,0,0,0,0,0,0,1,,,,0.0,0.0,0.0,0.0,5.62,0,0,1
808,a,,,6.0,86,27.0,0,0.0,0,0.0,0.3,327,54.0,11,7,2.8,231.0,25.0,2,41,2.8,114.0,14.0,0.5,1.8,0.0,58076,2612,24458,256,3.3,2.8,0.89,0.08,0.97,1.13,0.65,0.06,0.71,0.82,42.4,409.0,46.0,15.5,399.0,53.0,76.0,269.0,47.0,13.4,391.0,46.0,,,,27,,Tammy,Abraham,Abraham,,,124,1,0,0,1,0,0,0,0,0,0,1,5,,,,0.0,0.0,0.73,0.73,3.63,1,1,3
183,a,,,4.3,603,30.0,0,0.0,-2,2.0,0.1,450,66.0,0,0,0.0,649.0,90.0,0,0,0.0,558.0,85.0,0.0,0.0,0.0,7215,19,16795,11,-0.5,-1.0,0.0,0.0,0.0,0.0,0.0,0.0,0.0,0.0,0.0,638.0,90.0,0.0,635.0,82.0,0.0,611.0,71.0,0.0,641.0,90.0,,,,27,,Max,Weiß,Weiss,,,0,0,0,0,0,0,0,0,0,0,0,0,0,,,,0.0,0.0,0.0,0.0,0.0,0,0,0
184,u,0.0,0.0,4.0,690,57.0,0,0.0,0,0.0,0.2,399,57.0,0,0,0.0,596.0,76.0,0,0,0.0,484.0,68.0,0.0,0.0,0.0,4943,0,33690,5,0.0,0.0,0.0,0.0,0.0,0.0,0.0,0.0,0.0,0.0,0.0,585.0,76.0,0.0,578.0,64.0,0.0,546.0,51.0,0.0,588.0,76.0,,,,27,,Etienne,Green,Green,has joined FC Fredericia permanently.,,0,0,0,0,0,0,0,0,0,0,0,0,0,,,,0.0,0.0,0.0,0.0,0.0,0,0,0
192,a,,,4.0,693,178.0,0,0.0,0,0.0,0.7,226,87.0,46,0,3.1,167.0,64.0,0,170,0.0,487.0,193.0,0.0,11.5,0.0,183054,21,173412,160,-0.5,-1.0,0.19,1.51,1.7,30.28,0.01,0.1,0.11,2.04,305.4,176.0,73.0,228.9,128.0,32.0,57.0,302.0,92.0,59.2,196.0,65.0,1.0,,,27,,Quilindschy,Hartman,Hartman,,,1337,0,5,2,28,0,0,0,1,0,0,15,124,,,,0.0,0.13,1.88,1.01,7.0,31,73,49
193,a,100.0,100.0,3.9,758,220.0,0,0.0,-1,1.0,0.1,436,161.0,32,2,2.9,199.0,78.0,1,135,2.0,168.0,57.0,0.5,8.2,0.0,17188,26,12742,32,1.5,1.0,0.22,0.47,0.69,18.24,0.02,0.05,0.07,1.87,211.6,249.0,101.0,68.7,297.0,98.0,46.0,317.0,102.0,32.5,310.0,102.0,,,,27,,Bashir,Humphreys,Humphreys,,,879,0,2,1,18,0,0,0,3,0,0,9,81,,,,0.0,0.1,1.84,0.92,8.29,19,62,33
194,i,0.0,0.0,3.9,754,217.0,0,0.0,-1,1.0,0.1,562,202.0,0,0,0.0,548.0,200.0,0,0,0.0,434.0,170.0,0.0,0.0,0.0,1786,5,15297,6,0.0,0.0,0.0,0.0,0.0,0.0,0.0,0.0,0.0,0.0,0.0,537.0,199.0,0.0,527.0,199.0,0.0,493.0,191.0,0.0,540.0,199.0,,,,27,,Jordan,Beyer,Jordan,Hamstring injury - Unknown return date,,0,0,0,0,0,0,0,0,0,0,0,0,0,,,,0.0,0.0,0.0,0.0,0.0,0,0,0
195,a,100.0,100.0,3.8,807,256.0,0,0.0,-2,2.0,0.3,312,115.0,17,1,1.4,419.0,149.0,0,78,0.8,278.0,99.0,0.2,4.5,0.0,46181,51,34016,68,0.3,-0.2,0.31,0.97,1.28,18.44,0.03,0.1,0.13,1.83,154.2,291.0,113.0,182.8,165.0,39.0,55.0,304.0,93.0,39.1,282.0,94.0,,,,27,,Lucas,Pires Silva,Lucas Pires,,,906,0,0,1,19,0,0,0,0,1,0,10,66,,,,0.0,0.1,1.89,0.99,6.56,22,44,56
196,u,0.0,0.0,4.0,679,170.0,0,0.0,0,0.0,0.0,615,218.0,0,0,0.0,588.0,217.0,0,0,0.0,476.0,188.0,0.0,0.0,0.0,202,0,9636,2,0.0,0.0,0.0,0.0,0.0,0.0,0.0,0.0,0.0,0.0,0.0,577.0,216.0,0.0,570.0,216.0,0.0,538.0,210.0,0.0,580.0,216.0,,,,27,,Shurandy,Sambo,Sambo,has joined Sparta Rotterdam on loan for the rest of the season.,,0,0,0,0,0,0,0,0,0,0,0,0,0,,,,0.0,0.0,0.0,0.0,0.0,0,0,0
200,a,100.0,100.0,5.0,259,158.0,0,0.0,-5,5.0,1.8,142,46.0,86,2,3.3,145.0,62.0,6,339,3.0,97.0,46.0,0.6,17.2,0.0,1211207,248,1083246,227,2.5,2.0,3.19,1.8,4.99,38.31,0.16,0.09,0.25,1.97,404.6,94.0,31.0,366.3,53.0,44.0,363.0,52.0,32.0,113.3,44.0,31.0,2.0,,,27,,Jaidon,Anthony,Anthony,,,1748,6,2,3,37,0,0,0,4,0,0,21,159,,,,0.0,0.15,1.91,1.08,8.19,29,35,95
201,u,0.0,0.0,5.4,162,99.0,0,0.0,-1,1.0,0.0,703,294.0,0,0,0.0,795.0,351.0,0,0,0.0,774.0,338.0,0.0,0.0,0.0,1070,0,3139,0,0.0,0.0,0.0,0.0,0.0,0.0,0.0,0.0,0.0,0.0,0.0,795.0,351.0,0.0,794.0,351.0,0.0,792.0,350.0,0.0,795.0,351.0,,,,27,,Manuel,Benson Hedilazio,Benson,has joined Maccabi Haifa permanently.,,0,0,0,0,0,0,0,0,0,0,0,0,0,,,,0.0,0.0,0.0,0.0,0.0,0,0,0
202,a,100.0,100.0,5.3,189,116.0,0,0.0,-2,2.0,0.0,625,243.0,35,1,1.6,394.0,176.0,0,104,0.8,289.0,126.0,0.2,6.6,0.0,5791,5,8390,4,0.3,-0.2,1.35,1.06,2.41,20.84,0.13,0.1,0.23,2.05,114.2,328.0,150.0,188.9,159.0,111.0,128.0,202.0,110.0,43.1,262.0,130.0,3.0,1.0,3.0,27,,Jacob,Bruun Larsen,Bruun Larsen,,,916,0,1,3,23,0,0,0,0,0,0,9,60,,,,0.0,0.29,2.26,0.88,5.9,12,20,28
203,a,,,4.7,393,246.0,0,0.0,-3,3.0,0.0,593,224.0,0,0,0.0,756.0,323.0,0,0,0.0,698.0,284.0,0.0,0.0,0.0,3977,12,7001,7,-0.5,-1.0,0.0,0.0,0.0,0.0,0.0,0.0,0.0,0.0,0.0,755.0,322.0,0.0,751.0,323.0,0.0,743.0,320.0,0.0,756.0,323.0,,,,27,,Enock,Agyei,Boateng,,,0,0,0,0,0,0,0,0,0,0,0,0,0,,,,0.0,0.0,0.0,0.0,0.0,0,0,0
204,u,0.0,0.0,4.9,321,200.0,0,0.0,-1,1.0,0.0,723,302.0,0,0,0.0,767.0,330.0,0,0,0.0,722.0,301.0,0.0,0.0,0.0,160,0,2079,0,0.0,0.0,0.0,0.0,0.0,0.0,0.0,0.0,0.0,0.0,0.0,766.0,329.0,0.0,763.0,330.0,0.0,758.0,328.0,0.0,767.0,330.0,,,,27,,Darko,Churlinov,Churlinov,has joined Kocaelispor  permanently.,,0,0,0,0,0,0,0,0,0,0,0,0,0,,,,0.0,0.0,0.0,0.0,0.0,0,0,0
206,a,,,4.7,380,238.0,0,0.0,-3,3.0,0.1,431,145.0,43,2,2.5,271.0,114.0,2,155,2.6,121.0,56.0,0.6,9.1,0.0,24539,47,20888,47,2.1,1.6,1.44,1.65,3.09,17.71,0.15,0.17,0.32,1.84,162.8,279.0,121.0,243.6,117.0,81.0,188.0,132.0,76.0,59.3,195.0,100.0,,3.0,,27,,Marcus,Edwards,Edwards,,,867,1,3,1,15,0,0,0,0,0,0,9,51,,,,0.0,0.1,1.56,0.93,5.29,8,6,37
207,a,100.0,100.0,4.7,388,242.0,0,0.0,-3,3.0,0.1,459,157.0,37,1,1.9,342.0,150.0,2,161,2.8,107.0,51.0,0.6,7.9,0.0,16039,57,23856,24,2.3,1.8,0.46,1.07,1.53,17.77,0.06,0.13,0.19,2.22,133.8,310.0,141.0,173.4,175.0,118.0,80.0,265.0,145.0,38.7,285.0,141.0,,4.0,,27,,Hannibal,Mejbri,Hannibal,,,720,1,2,1,17,0,0,0,6,0,0,8,67,,,,0.0,0.12,2.12,1.0,8.38,15,8,44
208,u,0.0,0.0,5.0,266,161.0,0,0.0,0,0.0,0.0,733,308.0,0,0,0.0,784.0,343.0,0,0,0.0,747.0,318.0,0.0,0.0,0.0,68,0,3022,0,0.0,0.0,0.0,0.0,0.0,0.0,0.0,0.0,0.0,0.0,0.0,783.0,342.0,0.0,782.0,343.0,0.0,778.0,341.0,0.0,784.0,343.0,,,,27,,Luca,Koleosho,Koleosho,has joined Paris FC on loan for the rest of the season.,,0,0,0,0,0,0,0,0,0,0,0,0,0,,,,0.0,0.0,0.0,0.0,0.0,0,0,0
209,a,,,4.8,353,221.0,0,0.0,-2,2.0,0.0,611,236.0,46,1,1.9,343.0,151.0,1,200,0.8,282.0,122.0,0.2,9.6,0.0,5747,5,6064,3,0.3,-0.2,0.6,0.38,0.98,29.81,0.04,0.03,0.07,2.01,244.2,213.0,91.0,120.3,220.0,143.0,92.0,247.0,135.0,45.8,250.0,127.0,,,,27,,Josh,Laurent,Laurent,,,1336,1,0,1,31,0,0,0,6,0,0,13,142,,,,0.0,0.07,2.09,0.88,9.57,33,65,44
210,a,,,4.9,333,208.0,0,0.0,-1,1.0,0.0,627,245.0,36,1,1.8,367.0,161.0,0,120,0.6,309.0,138.0,0.1,7.3,0.0,4754,3,5847,3,0.1,-0.4,0.86,0.57,1.43,14.61,0.1,0.06,0.16,1.64,92.6,352.0,157.0,92.5,261.0,157.0,101.0,232.0,128.0,28.7,331.0,158.0,,2.0,,27,,Loum,Tchaouna,Tchaouna,,,804,1,1,2,12,0,0,0,1,0,0,9,48,,,,0.0,0.22,1.34,1.01,5.37,14,11,23
212,u,0.0,0.0,4.5,480,292.0,0,0.0,0,0.0,0.0,761,325.0,0,0,0.0,728.0,301.0,0,0,0.0,659.0,255.0,0.0,0.0,0.0,0,0,2753,0,0.0,0.0,0.0,0.0,0.0,0.0,0.0,0.0,0.0,0.0,0.0,725.0,298.0,0.0,721.0,300.0,0.0,707.0,295.0,0.0,727.0,300.0,,,,27,,Oluwaseun,Adewumi,Adewumi,Has joined Cercle Brugge on loan for the rest of the season.,,0,0,0,0,0,0,0,0,0,0,0,0,0,,,,0.0,0.0,0.0,0.0,0.0,0,0,0
213,u,0.0,0.0,4.5,467,284.0,0,0.0,0,0.0,0.0,613,238.0,1,0,1.0,475.0,214.0,0,2,0.0,648.0,247.0,0.0,0.2,0.0,7482,0,8891,8,0.0,0.0,0.0,0.0,0.0,0.05,0.0,0.0,0.0,0.5,0.0,714.0,291.0,0.5,470.0,226.0,0.0,695.0,287.0,0.0,716.0,293.0,,,,27,,Jaydon,Banel,Banel,has joined Derby County on loan for the rest of the season.,,9,0,0,0,0,0,0,0,0,0,0,0,0,,,,0.0,0.0,0.0,0.0,0.0,0,0,0
214,i,0.0,0.0,4.4,537,321.0,0,0.0,-1,1.0,0.1,565,208.0,4,0,1.0,465.0,205.0,0,10,0.0,582.0,199.0,0.0,0.9,0.0,11817,2,15654,8,0.0,0.0,0.0,0.0,0.0,0.46,0.0,0.0,0.0,2.18,0.6,496.0,227.0,0.4,474.0,229.0,2.0,442.0,217.0,0.3,493.0,227.0,,,,27,,Mike,Trésor Ndayishimiye,Trésor,Ankle injury - Unknown return date,,19,0,0,0,1,0,0,0,0,0,0,0,2,,,,0.0,0.0,4.74,0.0,9.47,0,0,2
215,a,100.0,100.0,5.3,196,47.0,0,0.0,-2,2.0,0.3,338,56.0,56,9,2.9,209.0,22.0,6,197,2.8,110.0,13.0,0.5,10.6,0.0,146728,303,143206,59,2.3,1.8,4.07,0.18,4.25,19.06,0.4,0.02,0.42,1.87,254.0,208.0,17.0,76.3,291.0,30.0,305.0,66.0,25.0,62.6,184.0,23.0,,,1.0,27,,Zian,Flemming,Flemming,,,915,6,0,2,16,0,0,0,3,0,0,11,49,,,,0.0,0.2,1.57,1.08,4.82,6,26,17
216,i,0.0,0.0,4.8,369,63.0,0,0.0,-2,2.0,0.0,671,86.0,0,0,0.0,759.0,83.0,0,0,0.0,707.0,74.0,0.0,0.0,0.0,1962,5,6166,2,0.0,0.0,0.0,0.0,0.0,0.0,0.0,0.0,0.0,0.0,0.0,758.0,83.0,0.0,754.0,82.0,0.0,748.0,82.0,0.0,759.0,83.0,,,,27,,Zeki,Amdouni,Amdouni,Knee injury - Expected back 25 Apr,,0,0,0,0,0,0,0,0,0,0,0,0,0,,,,0.0,0.0,0.0,0.0,0.0,0,0,0
217,a,100.0,100.0,4.9,324,60.0,0,0.0,-1,1.0,0.8,206,32.0,46,0,2.4,288.0,31.0,4,170,1.8,193.0,25.0,0.4,9.4,0.0,447695,86,437451,136,1.3,0.8,2.25,0.26,2.51,21.21,0.2,0.02,0.22,1.87,175.2,269.0,24.0,110.1,230.0,24.0,163.0,155.0,36.0,44.2,257.0,28.0,,,,27,,Lyle,Foster,Foster,,,1019,3,1,3,22,0,0,0,3,0,0,12,60,,,,0.0,0.26,1.94,1.06,5.3,11,19,30
218,a,,,4.2,623,87.0,0,0.0,-3,3.0,1.5,156,25.0,2,1,1.0,458.0,56.0,0,3,0.2,361.0,48.0,0.0,0.5,0.0,215288,478,322225,402,-0.3,-0.8,0.11,0.0,0.11,0.48,0.66,0.0,0.66,2.88,0.2,500.0,62.0,0.3,476.0,60.0,7.0,414.0,57.0,0.8,478.0,58.0,,,2.0,27,,Ashley,Barnes,Barnes,,,15,0,0,0,1,0,0,0,1,0,0,0,2,,,,0.0,0.0,6.0,0.0,12.0,0,0,2
219,u,0.0,0.0,4.4,527,75.0,0,0.0,-1,1.0,0.1,466,67.0,0,0,0.0,665.0,68.0,0,0,0.0,580.0,58.0,0.0,0.0,0.0,4151,0,40480,3,0.0,0.0,0.0,0.0,0.0,0.0,0.0,0.0,0.0,0.0,0.0,654.0,68.0,0.0,651.0,67.0,0.0,629.0,67.0,0.0,657.0,68.0,,,,27,,Michael,Obafemi,Obafemi,has joined Blackpool on loan for the rest of the season.,,0,0,0,0,0,0,0,0,0,0,0,0,0,,,,0.0,0.0,0.0,0.0,0.0,0,0,0
470,a,100.0,100.0,4.0,659,41.0,0,0.0,0,0.0,32.6,9,2.0,78,2,2.9,201.0,20.0,7,350,2.0,169.0,12.0,0.5,19.5,0.0,1662602,1391,1365751,1963,1.5,1.0,0.0,0.03,0.03,53.71,0.0,0.0,0.0,1.99,769.0,4.0,1.0,0.0,552.0,48.0,0.0,519.0,35.0,77.1,124.0,1.0,,,,27,,Martin,Dúbravka,Dúbravka,,,2430,0,0,3,52,0,0,0,1,0,101,27,96,,,,3.74,0.11,1.93,1.0,0.0,1,49,214
614,a,100.0,100.0,5.6,124,77.0,0,0.0,-4,4.0,0.2,389,127.0,16,4,2.3,299.0,131.0,0,105,1.0,273.0,120.0,0.2,2.9,0.0,17206,81,46893,12,0.5,0.0,0.13,1.05,1.18,7.98,0.03,0.21,0.24,1.58,80.0,367.0,163.0,209.8,144.0,98.0,6.0,424.0,207.0,29.6,326.0,156.0,,,,27,,James,Ward-Prowse,Ward-Prowse,,,454,0,1,1,11,0,0,0,0,0,0,5,26,,,,0.0,0.2,2.18,0.99,5.15,5,10,11
676,a,100.0,100.0,5.0,272,167.0,0,0.0,0,0.0,0.1,448,153.0,78,1,3.0,194.0,80.0,5,290,2.6,123.0,57.0,0.5,15.6,0.0,40523,34,35541,31,2.1,1.6,2.15,0.25,2.4,40.16,0.11,0.01,0.12,2.05,350.4,130.0,41.0,142.4,193.0,129.0,181.0,138.0,80.0,67.1,162.0,88.0,,,,27,,Lesley,Ugochukwu,Ugochukwu,,,1766,3,2,3,38,0,0,0,1,1,0,21,175,,,,0.0,0.15,1.94,1.07,8.92,44,52,79
680,i,0.0,0.0,5.2,213,49.0,0,0.0,-3,3.0,0.2,384,61.0,38,0,2.0,332.0,38.0,2,105,0.8,288.0,40.0,0.2,7.3,0.0,47341,4,55486,186,0.0,0.0,2.14,0.13,2.27,20.84,0.24,0.01,0.25,2.33,96.2,349.0,35.0,62.2,313.0,33.0,203.0,114.0,29.0,35.8,293.0,34.0,,,,27,,Armando,Broja,Broja,Knock - Expected back 14 Mar,,805,1,1,1,25,0,0,0,0,0,0,8,41,,,,0.0,0.11,2.8,0.89,4.58,6,11,24
722,a,,,5.0,251,153.0,0,0.0,0,0.0,0.0,603,230.0,64,0,2.9,207.0,85.0,0,271,1.4,232.0,96.0,0.3,12.8,0.0,14459,6,12270,21,0.9,0.4,0.55,0.38,0.93,36.11,0.03,0.02,0.05,2.06,320.8,158.0,55.0,169.4,178.0,120.0,44.0,322.0,168.0,53.7,216.0,107.0,,,,27,,Florentino Ibrain,Morris Luís,Florentino,,,1580,0,2,2,35,0,0,0,4,0,0,19,237,,,,0.0,0.11,1.99,1.08,13.5,74,81,82
776,a,,,4.5,509,314.0,0,0.0,0,0.0,0.0,786,345.0,0,0,0.0,748.0,316.0,0,0,0.0,684.0,274.0,0.0,0.0,0.0,465,3,189,0,-0.5,-1.0,0.0,0.0,0.0,0.0,0.0,0.0,0.0,0.0,0.0,747.0,315.0,0.0,742.0,316.0,0.0,729.0,312.0,0.0,748.0,316.0,,,,27,,Oliver,Pimlott,Pimlott,,,0,0,0,0,0,0,0,0,0,0,0,0,0,,,,0.0,0.0,0.0,0.0,0.0,0,0,0
784,a,,,4.5,516,320.0,0,0.0,0,0.0,0.0,800,354.0,0,0,0.0,753.0,321.0,0,0,0.0,691.0,280.0,0.0,0.0,0.0,362,3,235,1,-0.5,-1.0,0.0,0.0,0.0,0.0,0.0,0.0,0.0,0.0,0.0,752.0,320.0,0.0,747.0,321.0,0.0,735.0,318.0,0.0,753.0,321.0,,,,27,,George,Brierley,Brierley,,,0,0,0,0,0,0,0,0,0,0,0,0,0,,,,0.0,0.0,0.0,0.0,0.0,0,0,0
66,u,0.0,0.0,4.5,406,21.0,0,0.0,0,0.0,0.1,567,77.0,0,0,0.0,687.0,92.0,0,0,0.0,609.0,88.0,0.0,0.0,0.0,0,0,16471,5,0.0,0.0,0.0,0.0,0.0,0.0,0.0,0.0,0.0,0.0,0.0,680.0,92.0,0.0,675.0,84.0,0.0,656.0,74.0,0.0,683.0,92.0,,,,27,,Norberto,Murara Neto,Neto,Has joined Botafogo permanently.,,0,0,0,0,0,0,0,0,0,0,0,0,0,,,,0.0,0.0,0.0,0.0,0.0,0,0,0
67,a,,,4.5,435,24.0,0,0.0,0,0.0,4.4,81,15.0,85,9,3.1,170.0,17.0,5,342,5.2,17.0,2.0,1.2,18.9,0.0,863784,2435,724407,352,5.2,5.2,0.0,0.0,0.0,41.37,0.0,0.0,0.0,1.53,615.2,22.0,6.0,0.0,691.0,87.0,0.0,674.0,77.0,61.8,188.0,7.0,,,,27,,Đorđe,Petrović,Petrović,,,2430,0,0,7,45,1,0,0,2,0,83,27,98,,,,3.07,0.26,1.67,1.0,0.0,0,52,208
68,u,0.0,0.0,4.0,678,51.0,0,0.0,0,0.0,0.8,210,27.0,0,0,0.0,587.0,70.0,0,0,0.0,475.0,62.0,0.0,0.0,0.0,47217,0,84433,83,0.0,0.0,0.0,0.0,0.0,0.0,0.0,0.0,0.0,0.0,0.0,576.0,70.0,0.0,569.0,58.0,0.0,537.0,45.0,0.0,579.0,70.0,,,,27,,Will,Dennis,Dennis,has joined Leyton Orient on loan for the rest of the season.,,0,0,0,0,0,0,0,0,0,0,0,0,0,,,,0.0,0.0,0.0,0.0,0.0,0,0,0
69,a,,,3.9,777,92.0,0,0.0,-1,1.0,0.2,347,49.0,0,0,0.0,567.0,60.0,0,0,0.0,454.0,51.0,0.0,0.0,0.0,20250,61,17817,28,0.0,0.0,0.0,0.0,0.0,0.0,0.0,0.0,0.0,0.0,0.0,556.0,60.0,0.0,546.0,45.0,0.0,512.0,32.0,0.0,559.0,60.0,,,,27,,Callan,McKenna,McKenna,,,0,0,0,0,0,0,0,0,0,0,0,0,0,,,,0.0,0.0,0.0,0.0,0.0,0,0,0
70,u,0.0,0.0,4.0,694,58.0,0,0.0,0,0.0,0.1,570,78.0,0,0,0.0,599.0,77.0,0,0,0.0,488.0,69.0,0.0,0.0,0.0,1107,0,10355,1,0.0,0.0,0.0,0.0,0.0,0.0,0.0,0.0,0.0,0.0,0.0,588.0,77.0,0.0,581.0,65.0,0.0,549.0,52.0,0.0,591.0,77.0,,,,27,,Alex,Paulsen,Paulsen,Has joined Lechia Gdansk on loan for the rest of the season.,,0,0,0,0,0,0,0,0,0,0,0,0,0,,,,0.0,0.0,0.0,0.0,0.0,0,0,0
71,u,0.0,0.0,5.0,264,41.0,0,0.0,0,0.0,0.0,667,233.0,0,0,0.0,783.0,262.0,0,0,0.0,746.0,257.0,0.0,0.0,0.0,0,0,8195,0,0.0,0.0,0.0,0.0,0.0,0.0,0.0,0.0,0.0,0.0,0.0,782.0,262.0,0.0,781.0,262.0,0.0,777.0,262.0,0.0,783.0,262.0,,,,27,,Illia,Zabarnyi,Zabarnyi,Has joined Paris Saint-Germain permanently.,,0,0,0,0,0,0,0,0,0,0,0,0,0,,,,0.0,0.0,0.0,0.0,0.0,0,0,0
72,a,100.0,100.0,4.8,360,60.0,0,0.0,3,-3.0,15.7,21,7.0,111,5,4.3,42.0,16.0,6,367,4.0,40.0,14.0,0.8,23.1,0.0,4655812,7008,2984672,2561,4.0,4.0,1.24,3.97,5.21,39.42,0.05,0.16,0.21,1.54,825.8,2.0,1.0,292.9,89.0,21.0,163.0,154.0,32.0,128.4,31.0,1.0,,,,27,,Marcos,Senesi Barón,Senesi,,,2298,0,4,7,44,0,0,0,8,0,0,26,356,,,,0.0,0.27,1.72,1.02,12.26,44,269,109
73,a,100.0,100.0,4.4,517,98.0,0,0.0,-1,1.0,0.2,385,143.0,30,1,1.9,338.0,126.0,0,86,2.0,174.0,62.0,0.5,6.8,0.0,25354,31,40654,32,2.0,2.0,0.0,0.11,0.11,12.46,0.0,0.01,0.01,1.54,82.8,362.0,137.0,32.3,367.0,130.0,18.0,381.0,133.0,13.3,392.0,140.0,,,,27,,Adam,Smith,Smith,,,727,0,1,3,15,0,0,0,2,0,0,10,44,,,,0.0,0.37,1.86,1.24,5.08,7,34,18
74,a,,,4.5,450,91.0,0,0.0,0,0.0,1.9,135,52.0,95,6,3.5,118.0,43.0,7,348,4.8,22.0,6.0,1.1,21.1,0.0,540400,1702,404416,276,4.8,4.8,0.39,1.71,2.1,39.07,0.01,0.06,0.07,1.47,550.4,39.0,17.0,345.7,63.0,11.0,92.0,246.0,68.0,98.8,72.0,15.0,,,,27,,Adrien,Truffert,Truffert,,,2388,0,2,7,42,0,0,0,3,0,0,27,270,,,,0.0,0.26,1.58,1.02,8.29,74,146,132
75,d,75.0,75.0,3.8,802,251.0,0,0.0,-2,2.0,0.2,383,142.0,0,0,0.0,528.0,194.0,0,0,0.0,412.0,162.0,0.0,0.0,0.0,14209,9,32079,14,0.0,0.0,0.0,0.0,0.0,0.0,0.0,0.0,0.0,0.0,0.0,517.0,193.0,0.0,504.0,191.0,0.0,469.0,182.0,0.0,520.0,193.0,,,,27,,Matai,Akinmboni,Akinmboni,Lack of match fitness - 75% chance of playing,,0,0,0,0,0,0,0,0,0,0,0,0,0,,,,0.0,0.0,0.0,0.0,0.0,0,0,0
76,a,,,3.8,800,249.0,0,0.0,-2,2.0,0.2,387,145.0,0,0,0.0,527.0,193.0,0,0,0.0,410.0,160.0,0.0,0.0,0.0,14471,44,18539,25,0.0,0.0,0.0,0.0,0.0,0.0,0.0,0.0,0.0,0.0,0.0,516.0,192.0,0.0,503.0,190.0,0.0,468.0,181.0,0.0,519.0,192.0,,,,27,,Owen,Bevan,Bevan,,,0,0,0,0,0,0,0,0,0,0,0,0,0,,,,0.0,0.0,0.0,0.0,0.0,0,0,0
77,a,,,4.0,685,173.0,0,0.0,0,0.0,4.8,73,22.0,65,6,3.6,102.0,37.0,2,213,7.0,4.0,2.0,1.8,16.2,0.0,654760,17960,140589,350,7.0,7.0,0.23,0.83,1.05,18.07,0.02,0.07,0.09,1.46,329.8,144.0,65.0,70.1,296.0,97.0,59.0,298.0,89.0,46.1,249.0,82.0,,,,27,,James,Hill,Hill,,,1112,0,3,4,15,0,0,0,2,0,0,11,148,,,,0.0,0.32,1.21,0.89,11.25,23,116,33
78,u,0.0,0.0,3.8,792,241.0,0,0.0,-2,2.0,0.5,255,95.0,0,0,0.0,521.0,187.0,0,0,0.0,403.0,153.0,0.0,0.0,0.0,47440,0,130840,56,0.0,0.0,0.0,0.0,0.0,0.0,0.0,0.0,0.0,0.0,0.0,510.0,186.0,0.0,497.0,184.0,0.0,462.0,175.0,0.0,513.0,186.0,,,,27,,Julián,Araujo Zúñiga,J.Araujo,has joined Celtic on loan for the rest of the season.,,0,0,0,0,0,0,0,0,0,0,0,0,0,,,,0.0,0.0,0.0,0.0,0.0,0,0,0
79,u,0.0,0.0,4.0,671,167.0,0,0.0,0,0.0,0.1,541,193.0,0,0,0.0,580.0,214.0,0,0,0.0,468.0,185.0,0.0,0.0,0.0,1400,0,16649,1,0.0,0.0,0.0,0.0,0.0,0.0,0.0,0.0,0.0,0.0,0.0,569.0,213.0,0.0,562.0,213.0,0.0,530.0,207.0,0.0,572.0,213.0,,,,27,,Chris,Mepham,Mepham,has joined West Bromwich Albion permanently.,,0,0,0,0,0,0,0,0,0,0,0,0,0,,,,0.0,0.0,0.0,0.0,0.0,0,0,0
80,i,0.0,0.0,4.0,714,192.0,0,0.0,0,0.0,0.2,377,138.0,3,0,1.0,453.0,165.0,0,2,0.0,506.0,205.0,0.0,0.8,0.0,17326,4,32618,27,0.0,0.0,0.0,0.0,0.0,1.62,0.0,0.0,0.0,4.29,1.8,484.0,173.0,2.5,448.0,163.0,2.0,436.0,161.0,0.6,483.0,170.0,,,,27,,Julio,Soler Barreto,Soler,Hamstring injury - Expected back 01 Jun,,34,0,0,0,2,0,0,0,0,0,0,0,1,,,,0.0,0.0,5.29,0.0,2.65,1,0,4
81,i,0.0,0.0,7.0,36,21.0,0,0.0,0,0.0,0.6,235,82.0,40,0,2.2,313.0,137.0,3,147,0.0,813.0,365.0,0.0,5.7,0.0,190168,9,249760,72,0.0,0.0,2.24,1.54,3.78,16.78,0.22,0.15,0.37,1.65,146.6,297.0,133.0,304.1,85.0,64.0,128.0,203.0,111.0,57.8,200.0,103.0,4.0,2.0,1.0,27,,Justin,Kluivert,Kluivert,Knee injury - Expected back 09 May,,914,2,0,4,18,0,0,0,4,0,0,10,62,,,,0.0,0.39,1.77,0.98,6.11,10,8,44
84,a,100.0,50.0,5.3,191,118.0,0,0.0,-2,2.0,1.1,186,64.0,95,1,4.1,60.0,26.0,8,343,0.2,387.0,172.0,0.0,17.9,0.0,840956,786,798898,257,0.2,0.1,5.12,2.43,7.55,27.61,0.26,0.12,0.38,1.4,421.2,82.0,27.0,441.7,35.0,33.0,334.0,57.0,34.0,119.9,37.0,29.0,2.0,1.0,4.0,27,,Marcus,Tavernier,Tavernier,,,1772,5,3,7,36,0,0,0,3,0,0,20,164,,,,0.0,0.36,1.83,1.02,8.33,27,44,93
85,a,100.0,100.0,4.9,301,188.0,0,0.0,-1,1.0,0.3,335,116.0,55,5,3.4,130.0,57.0,3,260,1.0,264.0,115.0,0.2,11.2,0.0,77542,57,92390,15,1.0,1.0,0.56,0.33,0.89,19.25,0.04,0.02,0.06,1.37,281.8,188.0,75.0,78.3,287.0,168.0,105.0,228.0,126.0,46.7,245.0,125.0,,,,27,,Tyler,Adams,Adams,,,1261,2,1,5,23,0,0,0,5,0,0,16,160,,,,0.0,0.36,1.64,1.14,11.42,37,57,66
86,a,100.0,100.0,5.0,244,149.0,0,0.0,0,0.0,0.2,393,130.0,45,1,2.0,331.0,145.0,4,177,0.4,338.0,152.0,0.1,9.0,0.0,71784,37,77480,19,0.4,0.4,4.51,2.82,7.33,15.95,0.42,0.26,0.68,1.48,198.4,255.0,108.0,309.5,82.0,61.0,391.0,37.0,22.0,88.4,95.0,57.0,5.0,3.0,,27,,David,Brooks,Brooks,,,969,1,2,4,17,0,0,0,7,0,0,11,78,,,,0.0,0.37,1.58,1.02,7.24,15,16,47
87,a,100.0,100.0,4.9,292,182.0,0,0.0,-1,1.0,0.1,559,205.0,25,1,1.5,411.0,183.0,0,113,1.2,243.0,104.0,0.2,5.1,0.0,9239,12,15332,17,1.2,1.2,1.39,0.39,1.78,11.62,0.26,0.07,0.33,2.19,116.8,321.0,145.0,127.0,208.0,139.0,129.0,201.0,109.0,37.5,288.0,143.0,,,,27,,Ryan,Christie,Christie,,,478,1,1,0,10,0,0,0,1,0,0,2,55,,,,0.0,0.0,1.88,0.38,10.36,12,14,29
88,a,100.0,100.0,4.9,291,181.0,0,0.0,-1,1.0,0.1,560,206.0,38,0,2.4,285.0,122.0,0,184,2.4,139.0,62.0,0.5,7.8,0.0,11653,31,7775,35,2.4,2.4,0.07,0.52,0.59,13.49,0.01,0.05,0.06,1.4,206.0,252.0,107.0,183.3,164.0,115.0,12.0,393.0,196.0,40.4,275.0,137.0,,,,27,,Lewis,Cook,Cook,,,870,0,1,1,18,0,0,0,1,1,0,8,143,,,,0.0,0.1,1.86,0.83,14.79,25,56,62
89,u,0.0,0.0,4.9,294,184.0,0,0.0,-1,1.0,0.0,673,273.0,0,0,0.0,762.0,326.0,0,0,0.0,712.0,294.0,0.0,0.0,0.0,598,0,6627,0,0.0,0.0,0.0,0.0,0.0,0.0,0.0,0.0,0.0,0.0,0.0,761.0,325.0,0.0,758.0,326.0,0.0,752.0,324.0,0.0,762.0,326.0,,,,27,,Philip,Billing,Philip,has joined Midtjylland permanently.,,0,0,0,0,0,0,0,0,0,0,0,0,0,,,,0.0,0.0,0.0,0.0,0.0,0,0,0
90,a,100.0,100.0,5.0,271,166.0,0,0.0,0,0.0,1.0,198,68.0,95,5,3.5,123.0,54.0,6,411,5.8,10.0,5.0,1.2,19.0,0.0,186399,2138,83754,344,5.8,5.8,2.58,1.31,3.89,33.74,0.12,0.06,0.18,1.56,397.2,99.0,32.0,267.0,105.0,76.0,226.0,103.0,63.0,88.6,93.0,56.0,1.0,,,27,,Alex,Scott,Scott,,,1948,2,2,7,33,0,0,0,2,0,0,24,257,,,,0.0,0.32,1.52,1.11,11.87,40,93,124
91,u,0.0,0.0,5.0,253,154.0,0,0.0,0,0.0,0.0,737,310.0,0,0,0.0,779.0,339.0,0,0,0.0,741.0,313.0,0.0,0.0,0.0,396,0,3887,0,0.0,0.0,0.0,0.0,0.0,0.0,0.0,0.0,0.0,0.0,0.0,778.0,338.0,0.0,776.0,339.0,0.0,773.0,337.0,0.0,779.0,339.0,,,,27,,Luis,Sinisterra Lucumí,Sinisterra,has joined Cruzeiro on loan for the rest of the season.,,0,0,0,0,0,0,0,0,0,0,0,0,0,,,,0.0,0.0,0.0,0.0,0.0,0,0,0
92,u,0.0,0.0,4.5,431,258.0,0,0.0,0,0.0,0.1,554,202.0,0,0,0.0,698.0,275.0,0,0,0.0,624.0,225.0,0.0,0.0,0.0,4403,0,19561,5,0.0,0.0,0.0,0.0,0.0,0.0,0.0,0.0,0.0,0.0,0.0,691.0,269.0,0.0,688.0,273.0,0.0,671.0,266.0,0.0,694.0,272.0,,,,27,,Romain,Faivre,Faivre,has joined Auxerre permanently.,,0,0,0,0,0,0,0,0,0,0,0,0,0,,,,0.0,0.0,0.0,0.0,0.0,0,0,0
93,u,0.0,0.0,4.5,426,255.0,0,0.0,0,0.0,0.3,328,111.0,4,0,4.0,66.0,29.0,0,12,0.0,620.0,222.0,0.0,0.9,0.0,114900,0,165186,7,0.0,0.0,0.0,0.0,0.0,0.4,0.0,0.0,0.0,2.25,21.2,442.0,194.0,10.0,418.0,207.0,0.0,667.0,263.0,3.1,457.0,207.0,,,,27,,Hamed,Traorè,H.Traorè,has joined Marseille on loan for the rest of the season.,,16,0,1,0,2,0,0,0,0,0,0,0,4,,,,0.0,0.0,11.25,0.0,22.5,1,1,2
94,u,0.0,0.0,4.5,466,283.0,0,0.0,0,0.0,0.0,639,253.0,0,0,0.0,719.0,295.0,0,0,0.0,647.0,246.0,0.0,0.0,0.0,3895,0,8182,3,0.0,0.0,0.0,0.0,0.0,0.0,0.0,0.0,0.0,0.0,0.0,713.0,290.0,0.0,710.0,293.0,0.0,694.0,286.0,0.0,715.0,292.0,,,,27,,Dominic,Sadi,Sadi,has joined Novi Pazar on loan for the rest of the season.,,0,0,0,0,0,0,0,0,0,0,0,0,0,,,,0.0,0.0,0.0,0.0,0.0,0,0,0
95,u,0.0,0.0,4.4,552,331.0,0,0.0,-1,1.0,0.1,577,214.0,0,0,0.0,674.0,262.0,0,0,0.0,591.0,207.0,0.0,0.0,0.0,15405,0,21469,2,0.0,0.0,0.0,0.0,0.0,0.0,0.0,0.0,0.0,0.0,0.0,664.0,253.0,0.0,661.0,259.0,0.0,640.0,249.0,0.0,667.0,256.0,,,,27,,Zain,Silcott-Duberry,Silcott-Duberry,has joined Olympiakos permanently.,,0,0,0,0,0,0,0,0,0,0,0,0,0,,,,0.0,0.0,0.0,0.0,0.0,0,0,0
96,u,0.0,0.0,4.5,496,305.0,0,0.0,0,0.0,0.0,638,252.0,1,0,1.0,482.0,220.0,0,3,0.0,674.0,267.0,0.0,0.2,0.0,2964,0,9977,2,0.0,0.0,0.0,0.0,0.0,0.31,0.0,0.0,0.0,4.65,0.0,738.0,308.0,0.0,733.0,309.0,0.0,720.0,305.0,0.0,739.0,309.0,,,,27,,Ben,Winterburn,Winterburn,has joined Barnet on loan for the rest of the season.,,6,0,0,0,2,0,0,0,0,0,0,0,0,,,,0.0,0.0,30.0,0.0,0.0,0,0,0
97,a,100.0,100.0,6.9,40,16.0,0,0.0,-1,1.0,2.6,114,19.0,79,2,3.2,165.0,15.0,5,278,3.0,103.0,12.0,0.4,11.4,0.0,1078702,1136,1022428,2414,3.0,3.0,7.35,0.92,8.27,27.89,0.35,0.04,0.39,1.32,256.2,204.0,16.0,281.3,92.0,3.0,612.0,13.0,9.0,114.7,42.0,10.0,,,,27,,Francisco Evanilson,de Lima Barbosa,Evanilson,,,1895,5,3,7,33,0,0,0,1,0,0,22,79,,,,0.0,0.33,1.57,1.04,3.75,7,24,48
98,a,100.0,100.0,5.4,161,42.0,0,0.0,-1,1.0,0.0,598,81.0,18,1,1.3,432.0,53.0,1,49,1.0,271.0,33.0,0.2,3.3,0.0,12885,26,10292,16,1.0,1.0,1.05,0.05,1.1,3.24,0.63,0.03,0.66,1.93,41.4,411.0,47.0,8.8,426.0,55.0,61.0,295.0,50.0,10.5,404.0,50.0,,,,27,,Enes,Ünal,Enes Ünal,,,151,1,0,0,2,0,0,0,1,0,0,0,9,,,,0.0,0.0,1.19,0.0,5.36,0,5,4
99,u,0.0,0.0,4.4,566,82.0,0,0.0,-1,1.0,0.1,430,63.0,0,0,0.0,684.0,75.0,0,0,0.0,604.0,65.0,0.0,0.0,0.0,22144,0,44215,4,0.0,0.0,0.0,0.0,0.0,0.0,0.0,0.0,0.0,0.0,0.0,676.0,75.0,0.0,672.0,74.0,0.0,652.0,74.0,0.0,679.0,75.0,,,,27,,Daniel,Adu-Adjei,Adu-Adjei,has joined HNK Rijeka permanently.,,0,0,0,0,0,0,0,0,0,0,0,0,0,,,,0.0,0.0,0.0,0.0,0.0,0,0,0
100,a,,,4.7,392,65.0,0,0.0,2,-2.0,7.3,54,10.0,69,2,3.1,173.0,16.0,7,318,2.6,122.0,17.0,0.6,14.7,0.0,1761302,3891,996073,3124,2.6,2.6,4.39,0.64,5.03,16.49,0.41,0.06,0.47,1.55,332.4,142.0,13.0,178.0,171.0,13.0,326.0,59.0,23.0,83.7,110.0,16.0,,,,27,,Junior,Kroupi,Kroupi.Jr,,,956,8,0,5,17,0,0,0,3,0,0,12,68,,,,0.0,0.47,1.6,1.13,6.4,7,26,35
391,i,0.0,0.0,4.8,370,231.0,0,0.0,-2,2.0,0.0,636,250.0,7,0,1.8,366.0,160.0,0,22,0.0,708.0,291.0,0.0,1.5,0.0,4613,1,8051,2,0.0,0.0,0.09,0.09,0.18,2.66,0.15,0.15,0.3,4.52,21.2,443.0,195.0,14.0,402.0,199.0,11.0,395.0,198.0,4.7,447.0,201.0,,,,27,,Ben,Gannon-Doak,Gannon-Doak,Hamstring injury - Unknown return date,,53,0,1,0,1,0,0,0,0,0,0,0,3,,,,0.0,0.0,1.7,0.0,5.09,2,1,0
685,a,100.0,100.0,4.2,635,148.0,0,0.0,-3,3.0,0.3,321,117.0,46,0,2.6,253.0,98.0,2,164,0.2,365.0,135.0,0.0,11.0,0.0,97784,21,94202,54,0.2,0.2,0.02,0.19,0.21,22.47,0.0,0.01,0.01,1.59,267.0,199.0,82.0,54.3,327.0,112.0,22.0,365.0,123.0,34.4,302.0,100.0,,,,27,,Bafodé,Diakité,Diakité,,,1275,0,0,4,27,0,0,0,1,0,0,15,147,,,,0.0,0.28,1.91,1.06,8.26,20,97,48
687,a,,,4.3,618,362.0,0,0.0,-2,2.0,0.2,395,132.0,0,0,0.0,658.0,252.0,0,0,0.0,570.0,195.0,0.0,0.0,0.0,21644,123,17701,43,0.0,0.0,0.0,0.0,0.0,0.0,0.0,0.0,0.0,0.0,0.0,647.0,242.0,0.0,644.0,248.0,0.0,621.0,237.0,0.0,650.0,245.0,,,,27,,Remy,Rees-Dottin,Rees-Dottin,,,0,0,0,0,0,0,0,0,0,0,0,0,0,,,,0.0,0.0,0.0,0.0,0.0,0,0,0
697,a,,,5.4,178,109.0,0,0.0,-1,1.0,0.6,229,80.0,58,3,2.5,273.0,116.0,4,212,6.0,8.0,4.0,1.1,10.7,0.0,101366,2155,24906,339,6.0,6.0,2.49,1.47,3.96,14.34,0.25,0.15,0.4,1.44,249.6,210.0,90.0,204.0,150.0,103.0,227.0,101.0,62.0,67.5,160.0,86.0,,6.0,,27,,Amine,Adli,Adli,,,898,3,2,3,14,0,0,0,2,0,0,9,104,,,,0.0,0.3,1.4,0.9,10.42,31,24,49
713,a,,,4.5,468,93.0,0,0.0,0,0.0,0.2,354,127.0,53,6,2.3,293.0,110.0,0,196,4.0,39.0,13.0,0.9,11.8,0.0,46341,196,21389,90,4.0,4.0,0.93,0.87,1.8,31.99,0.05,0.05,0.1,1.72,296.2,179.0,74.0,158.5,186.0,45.0,157.0,161.0,35.0,61.2,190.0,61.0,,,,27,,Álex,Jiménez Sánchez,A.Jimenez,,,1675,1,2,4,32,0,0,0,8,0,0,19,118,,,,0.0,0.21,1.72,1.02,5.53,48,55,89
721,a,100.0,100.0,4.4,568,120.0,0,0.0,-1,1.0,0.0,656,230.0,19,0,2.7,235.0,92.0,0,63,0.0,605.0,240.0,0.0,4.3,0.0,6185,6,5786,2,0.0,0.0,0.15,0.19,0.34,4.42,0.04,0.05,0.09,1.08,98.4,346.0,132.0,13.9,403.0,147.0,10.0,398.0,144.0,12.2,397.0,141.0,,,,27,,Veljko,Milosavljevic,Milosavljević,,,367,0,0,1,6,0,0,0,0,0,0,4,42,,,,0.0,0.25,1.47,0.98,9.56,5,34,13
756,a,,,4.5,514,318.0,0,0.0,0,0.0,0.0,744,315.0,0,0,0.0,751.0,319.0,0,0,0.0,689.0,278.0,0.0,0.0,0.0,1585,3,972,2,0.0,0.0,0.0,0.0,0.0,0.0,0.0,0.0,0.0,0.0,0.0,750.0,318.0,0.0,745.0,319.0,0.0,733.0,316.0,0.0,751.0,319.0,,,,27,,Malcom,DaCosta,DaCosta,,,0,0,0,0,0,0,0,0,0,0,0,0,0,,,,0.0,0.0,0.0,0.0,0.0,0,0,0
782,a,,,4.0,658,40.0,0,0.0,0,0.0,0.0,678,80.0,0,0,0.0,572.0,62.0,0,0,0.0,459.0,53.0,0.0,0.0,0.0,2293,14,659,4,0.0,0.0,0.0,0.0,0.0,0.0,0.0,0.0,0.0,0.0,0.0,561.0,62.0,0.0,551.0,47.0,0.0,518.0,34.0,0.0,564.0,62.0,,,,27,,Fraser,Forster,Forster,,,0,0,0,0,0,0,0,0,0,0,0,0,0,,,,0.0,0.0,0.0,0.0,0.0,0,0,0
799,a,,,4.5,511,315.0,0,0.0,0,0.0,0.0,784,343.0,0,0,0.0,749.0,317.0,0,0,0.0,686.0,275.0,0.0,0.0,0.0,473,7,137,2,0.0,0.0,0.0,0.0,0.0,0.0,0.0,0.0,0.0,0.0,0.0,748.0,316.0,0.0,743.0,317.0,0.0,730.0,313.0,0.0,749.0,317.0,,,,27,,Charlie,Stevens,Stevens,,,0,0,0,0,0,0,0,0,0,0,0,0,0,,,,0.0,0.0,0.0,0.0,0.0,0,0,0
801,a,,,5.0,281,175.0,0,0.0,0,0.0,0.0,757,323.0,3,0,1.0,494.0,229.0,0,10,0.6,312.0,140.0,0.1,0.6,0.0,817,3,302,8,0.6,0.6,0.06,0.08,0.14,2.34,0.08,0.11,0.19,3.19,6.0,470.0,214.0,23.2,382.0,195.0,8.0,411.0,201.0,3.7,451.0,204.0,,,,27,,Alex,Tóth,Tóth.A,,,66,0,0,0,1,0,0,0,0,0,0,1,8,,,,0.0,0.0,1.36,1.36,10.91,1,2,5
806,a,,,4.0,676,50.0,0,0.0,0,0.0,0.0,770,88.0,0,0,0.0,585.0,69.0,0,0,0.0,473.0,61.0,0.0,0.0,0.0,476,9,150,2,0.0,0.0,0.0,0.0,0.0,0.0,0.0,0.0,0.0,0.0,0.0,574.0,69.0,0.0,567.0,57.0,0.0,535.0,44.0,0.0,577.0,69.0,,,,27,,Christos,Mandas,Mandas,,,0,0,0,0,0,0,0,0,0,0,0,0,0,,,,0.0,0.0,0.0,0.0,0.0,0,0,0
27,a,100.0,100.0,4.8,356,224.0,0,0.0,-2,2.0,0.1,488,171.0,6,0,1.0,486.0,224.0,0,19,0.0,701.0,287.0,0.0,1.2,0.0,10332,11,17956,9,0.5,0.0,0.61,0.07,0.68,1.21,1.1,0.13,1.23,2.18,16.4,448.0,199.0,4.0,443.0,214.0,16.0,387.0,195.0,3.4,455.0,206.0,,,,27,,Reiss,Nelson,Nelson,,,50,0,0,0,1,0,0,0,0,0,0,0,17,,,,0.0,0.0,1.8,0.0,30.6,2,3,12
83,a,100.0,100.0,5.8,111,70.0,0,0.0,-2,2.0,1.3,168,56.0,89,2,4.2,55.0,24.0,10,261,4.8,23.0,11.0,0.8,15.3,0.0,585839,7951,455930,472,5.3,4.8,5.32,1.78,7.1,20.22,0.33,0.11,0.44,1.25,312.8,164.0,61.0,216.9,136.0,94.0,419.0,31.0,16.0,94.3,83.0,50.0,2.0,,,27,,Dango,Ouattara,O.Dango,,,1456,5,5,3,21,0,0,0,4,0,0,16,125,,,,0.0,0.19,1.3,0.99,7.73,14,54,57
101,a,100.0,100.0,4.6,397,19.0,0,0.0,1,-1.0,10.9,33,6.0,98,2,3.6,105.0,12.0,6,377,3.2,77.0,6.0,0.7,21.3,0.0,1099841,9622,965468,906,3.7,3.2,0.0,0.04,0.04,37.44,0.0,0.0,0.0,1.39,627.0,18.0,4.0,20.0,390.0,4.0,0.0,737.0,80.0,64.8,173.0,5.0,,,,27,,Caoimhín,Kelleher,Kelleher,,,2430,0,0,6,37,0,3,0,1,0,73,27,95,,,,2.7,0.22,1.37,1.0,0.0,1,34,204
102,a,,,3.9,753,79.0,0,0.0,-1,1.0,0.3,333,45.0,0,0,0.0,547.0,47.0,0,0,0.0,433.0,38.0,0.0,0.0,0.0,15695,18,23382,13,0.5,0.0,0.0,0.0,0.0,0.0,0.0,0.0,0.0,0.0,0.0,536.0,47.0,0.0,526.0,32.0,0.0,492.0,19.0,0.0,539.0,47.0,,,,27,,Ellery,Balcombe,Balcombe,,,0,0,0,0,0,0,0,0,0,0,0,0,0,,,,0.0,0.0,0.0,0.0,0.0,0,0,0
103,u,0.0,0.0,3.9,769,87.0,0,0.0,-1,1.0,0.1,419,62.0,0,0,0.0,559.0,55.0,0,0,0.0,446.0,46.0,0.0,0.0,0.0,11791,0,14021,14,0.0,0.0,0.0,0.0,0.0,0.0,0.0,0.0,0.0,0.0,0.0,548.0,55.0,0.0,538.0,40.0,0.0,504.0,27.0,0.0,551.0,55.0,,,,27,,Matthew,Cox,Cox,has joined Shrewsbury Town on loan for the rest of the season.,,0,0,0,0,0,0,0,0,0,0,0,0,0,,,,0.0,0.0,0.0,0.0,0.0,0,0,0
104,a,,,3.9,773,89.0,0,0.0,-1,1.0,0.1,455,68.0,0,0,0.0,563.0,57.0,0,0,0.0,450.0,48.0,0.0,0.0,0.0,12807,1,9941,12,0.5,0.0,0.0,0.0,0.0,0.0,0.0,0.0,0.0,0.0,0.0,552.0,57.0,0.0,542.0,42.0,0.0,508.0,29.0,0.0,555.0,57.0,,,,27,,Julian,Eyestone,Eyestone,,,0,0,0,0,0,0,0,0,0,0,0,0,0,,,,0.0,0.0,0.0,0.0,0.0,0,0,0
105,a,,,3.9,770,88.0,0,0.0,-1,1.0,0.6,239,31.0,0,0,0.0,560.0,56.0,0,0,0.0,447.0,47.0,0.0,0.0,0.0,37116,9,70946,26,0.5,0.0,0.0,0.0,0.0,0.0,0.0,0.0,0.0,0.0,0.0,549.0,56.0,0.0,539.0,41.0,0.0,505.0,28.0,0.0,552.0,56.0,,,,27,,Hákon Rafn,Valdimarsson,Valdimarsson,,,0,0,0,0,0,0,0,0,0,0,0,0,0,,,,0.0,0.0,0.0,0.0,0.0,0,0,0
106,a,,,5.0,258,39.0,0,0.0,0,0.0,2.9,109,44.0,93,1,3.7,96.0,36.0,7,314,0.6,311.0,108.0,0.1,18.6,0.0,617586,1172,453323,3064,1.1,0.6,1.57,1.03,2.6,31.42,0.07,0.04,0.11,1.37,644.4,15.0,6.0,114.8,224.0,57.0,250.0,93.0,10.0,101.1,67.0,13.0,,,,27,,Nathan,Collins,Collins,,,2071,1,2,5,32,1,0,0,4,0,0,22,268,,,,0.0,0.22,1.39,0.96,10.26,23,213,94
107,a,,,4.8,365,62.0,0,0.0,-2,2.0,1.7,145,57.0,77,0,3.1,174.0,67.0,3,199,2.2,158.0,56.0,0.5,16.0,0.0,433863,1505,274534,1223,2.7,2.2,2.02,0.99,3.01,20.34,0.16,0.08,0.24,1.62,216.8,240.0,95.0,157.1,187.0,46.0,220.0,104.0,14.0,59.4,194.0,64.0,,,,27,,Keane,Lewis-Potter,Lewis-Potter,,,1131,3,1,6,20,0,0,0,1,0,0,13,60,,,,0.0,0.48,1.59,1.03,3.26,15,26,48
108,a,100.0,100.0,4.4,523,103.0,0,0.0,-1,1.0,0.2,353,126.0,63,1,3.0,186.0,73.0,1,176,3.2,73.0,27.0,0.7,14.3,0.0,32180,236,29201,78,3.7,3.2,0.69,0.64,1.33,23.25,0.04,0.04,0.08,1.45,323.6,152.0,67.0,33.2,365.0,129.0,153.0,165.0,37.0,51.1,225.0,72.0,,,,27,,Kristoffer,Ajer,Ajer,,,1447,0,2,4,23,0,0,0,2,0,0,17,162,,,,0.0,0.25,1.43,1.06,9.64,31,124,43
109,a,,,4.3,580,128.0,0,0.0,-2,2.0,0.2,388,146.0,47,1,2.0,325.0,120.0,0,123,2.4,137.0,47.0,0.6,10.9,0.0,20211,176,20281,37,2.9,2.4,0.18,0.46,0.64,22.96,0.01,0.03,0.04,1.7,116.4,322.0,121.0,54.9,326.0,111.0,27.0,355.0,117.0,19.8,362.0,125.0,,,,27,,Rico,Henry,Henry,,,1212,0,1,4,19,0,0,0,2,0,0,12,73,,,,0.0,0.3,1.41,0.89,4.68,13,50,67
110,d,75.0,,4.5,497,96.0,0,0.0,0,0.0,0.7,212,80.0,73,0,2.8,220.0,86.0,6,345,1.8,190.0,69.0,0.4,16.2,0.0,181615,457,121680,670,1.7,1.8,0.27,2.36,2.63,35.62,0.01,0.09,0.1,1.41,416.8,88.0,39.0,360.3,56.0,9.0,73.0,275.0,79.0,85.2,105.0,29.0,,,,27,,Michael,Kayode,Kayode,Knock - 75% chance of playing,,2268,0,1,6,34,0,0,0,6,0,0,26,207,,,,0.0,0.24,1.35,1.03,6.43,51,111,117
111,a,100.0,100.0,4.2,632,146.0,0,0.0,-3,3.0,0.1,457,167.0,4,0,1.3,425.0,153.0,0,21,0.0,532.0,224.0,0.0,1.0,0.0,11946,16,26323,19,0.5,0.0,0.0,0.06,0.06,3.18,0.0,0.02,0.02,1.26,62.8,389.0,149.0,1.1,462.0,170.0,12.0,392.0,141.0,7.6,427.0,153.0,,,,27,,Ethan,Pinnock,Pinnock,,,228,0,0,0,5,1,0,0,1,0,0,3,33,,,,0.0,0.0,1.97,1.18,11.45,4,25,9
112,u,0.0,0.0,4.5,423,82.0,0,0.0,0,0.0,0.0,706,243.0,0,0,0.0,694.0,256.0,0,0,0.0,618.0,244.0,0.0,0.0,0.0,211,0,3927,1,0.0,0.0,0.0,0.0,0.0,0.0,0.0,0.0,0.0,0.0,0.0,687.0,255.0,0.0,683.0,255.0,0.0,665.0,255.0,0.0,690.0,255.0,,,,27,,Mads,Roerslev Rasmussen,Roerslev,Has joined Southampton permanently.,,0,0,0,0,0,0,0,0,0,0,0,0,0,,,,0.0,0.0,0.0,0.0,0.0,0,0,0
113,a,100.0,100.0,4.5,432,85.0,0,0.0,0,0.0,0.7,214,82.0,71,3,3.2,154.0,61.0,3,259,3.8,43.0,16.0,0.8,15.8,0.0,222424,1212,195518,136,4.3,3.8,2.37,0.48,2.85,29.25,0.11,0.02,0.13,1.35,453.0,71.0,32.0,55.4,324.0,110.0,204.0,113.0,19.0,71.3,143.0,46.0,,,,27,,Sepp,van den Berg,Van den Berg,,,1943,0,1,4,31,0,0,0,1,0,0,21,223,,,,0.0,0.19,1.44,0.97,8.94,14,179,74
114,u,0.0,0.0,3.8,812,260.0,0,0.0,-2,2.0,0.2,378,139.0,0,0,0.0,534.0,199.0,0,0,0.0,419.0,168.0,0.0,0.0,0.0,12981,0,29546,19,0.0,0.0,0.0,0.0,0.0,0.0,0.0,0.0,0.0,0.0,0.0,523.0,198.0,0.0,512.0,198.0,0.0,478.0,190.0,0.0,526.0,198.0,,,,27,,Benjamin,Arthur,Arthur,has joined Celtic on loan for the rest of the season.,,0,0,0,0,0,0,0,0,0,0,0,0,0,,,,0.0,0.0,0.0,0.0,0.0,0,0,0
115,u,0.0,0.0,4.0,725,202.0,0,0.0,0,0.0,0.1,526,188.0,0,0,0.0,625.0,240.0,0,0,0.0,517.0,215.0,0.0,0.0,0.0,2020,0,14293,2,0.0,0.0,0.0,0.0,0.0,0.0,0.0,0.0,0.0,0.0,0.0,614.0,239.0,0.0,607.0,239.0,0.0,576.0,234.0,0.0,617.0,239.0,,,,27,,Benjamin,Fredrick,Fredrick,has joined Dender on loan for the rest of the season.,,0,0,0,0,0,0,0,0,0,0,0,0,0,,,,0.0,0.0,0.0,0.0,0.0,0,0,0
116,d,75.0,100.0,4.0,686,174.0,0,0.0,0,0.0,0.4,271,99.0,33,1,1.8,355.0,130.0,0,94,0.8,279.0,100.0,0.2,8.2,0.0,65778,34,69746,143,1.0,0.8,0.4,0.17,0.57,6.53,0.06,0.03,0.09,1.0,82.6,363.0,138.0,16.2,396.0,144.0,42.0,328.0,106.0,13.9,388.0,139.0,,,,27,,Aaron,Hickey,Hickey,Knock - 75% chance of playing,,588,0,0,2,8,0,0,0,1,0,0,7,49,,,,0.0,0.31,1.22,1.07,6.43,12,30,33
117,u,0.0,0.0,3.9,778,228.0,0,0.0,-1,1.0,0.1,518,184.0,0,0,0.0,568.0,207.0,0,0,0.0,455.0,178.0,0.0,0.0,0.0,4108,0,15547,4,0.0,0.0,0.0,0.0,0.0,0.0,0.0,0.0,0.0,0.0,0.0,557.0,206.0,0.0,547.0,206.0,0.0,513.0,198.0,0.0,560.0,206.0,,,,27,,Kim,Ji-soo,Ji-soo,has joined Kaiserslautern on loan for the rest of the season.,,0,0,0,0,0,0,0,0,0,0,0,0,0,,,,0.0,0.0,0.0,0.0,0.0,0,0,0
118,u,0.0,0.0,4.0,696,180.0,0,0.0,0,0.0,0.0,610,216.0,0,0,0.0,601.0,223.0,0,0,0.0,490.0,195.0,0.0,0.0,0.0,279,0,10953,0,0.0,0.0,0.0,0.0,0.0,0.0,0.0,0.0,0.0,0.0,0.0,590.0,222.0,0.0,583.0,222.0,0.0,551.0,216.0,0.0,593.0,222.0,,,,27,,Jayden,Meghoma,Meghoma,Has joined Rangers on loan for the rest of the season.,,0,0,0,0,0,0,0,0,0,0,0,0,0,,,,0.0,0.0,0.0,0.0,0.0,0,0,0
120,a,100.0,100.0,6.9,43,26.0,0,0.0,-1,1.0,1.2,179,60.0,87,1,3.6,116.0,52.0,5,295,0.2,391.0,176.0,0.0,12.6,0.0,761603,1753,675252,657,0.7,0.2,8.57,1.78,10.35,25.65,0.41,0.08,0.49,1.21,435.6,77.0,25.0,306.2,83.0,62.0,619.0,12.0,4.0,135.7,24.0,20.0,,,3.0,27,,Kevin,Schade,Schade,,,1902,6,4,7,22,0,0,1,6,1,0,22,146,,,,0.0,0.33,1.04,1.04,6.91,32,44,70
122,i,0.0,0.0,5.2,217,135.0,0,0.0,-3,3.0,0.0,650,261.0,1,0,1.0,498.0,233.0,0,5,0.0,764.0,331.0,0.0,0.2,0.0,2018,1,6916,2,0.0,0.0,0.0,0.01,0.01,1.49,0.0,0.02,0.02,2.98,4.0,475.0,218.0,1.8,453.0,217.0,0.0,788.0,348.0,0.6,484.0,222.0,,,,27,,Antoni,Milambo,Milambo,Knee injury - Expected back 01 Jun,,45,0,0,0,3,0,0,0,0,0,0,1,4,,,,0.0,0.0,6.0,2.0,8.0,2,0,2
123,i,0.0,0.0,4.7,385,241.0,0,0.0,-3,3.0,0.1,465,160.0,13,0,2.2,306.0,134.0,1,42,0.0,694.0,282.0,0.0,2.8,0.0,27210,2,51267,5,0.0,0.0,0.7,0.03,0.73,2.08,0.63,0.03,0.66,1.87,39.0,415.0,182.0,6.5,433.0,211.0,36.0,339.0,177.0,8.1,421.0,190.0,4.0,,4.0,27,,Fábio,Freitas Gouveia Carvalho,Carvalho,Knee injury - Expected back 01 Jun,,100,1,0,0,4,0,0,0,0,0,0,1,8,,,,0.0,0.0,3.6,0.9,7.2,3,0,5
124,a,100.0,100.0,5.0,242,148.0,0,0.0,0,0.0,0.3,297,103.0,64,2,2.6,259.0,108.0,5,287,1.2,244.0,105.0,0.2,12.8,0.0,97583,56,98515,69,1.7,1.2,0.33,2.07,2.4,22.21,0.02,0.12,0.14,1.29,287.6,183.0,72.0,303.3,86.0,65.0,43.0,327.0,171.0,63.3,180.0,96.0,,,,27,,Jordan,Henderson,Henderson,,,1555,1,3,4,24,0,0,0,4,0,0,18,144,,,,0.0,0.23,1.39,1.04,8.33,22,44,78
125,a,100.0,100.0,4.9,303,189.0,0,0.0,-1,1.0,0.3,310,106.0,70,1,3.2,158.0,67.0,6,300,3.4,70.0,35.0,0.7,14.3,0.0,64788,186,28891,154,3.9,3.4,0.83,1.88,2.71,20.24,0.06,0.14,0.2,1.45,329.0,145.0,49.0,313.6,79.0,58.0,91.0,248.0,136.0,72.5,139.0,76.0,5.0,,,27,,Vitaly,Janelt,Janelt,,,1253,1,4,5,16,0,0,0,7,0,0,13,164,,,,0.0,0.36,1.15,0.93,11.78,24,66,74
126,a,,,4.9,306,191.0,0,0.0,-1,1.0,0.1,493,176.0,59,2,2.4,287.0,124.0,0,281,3.2,81.0,38.0,0.7,12.0,0.0,15689,53,16877,22,3.7,3.2,1.86,3.61,5.47,19.85,0.13,0.25,0.38,1.39,229.0,224.0,98.0,347.1,62.0,50.0,144.0,178.0,100.0,71.9,140.0,77.0,3.0,,5.0,27,,Mathias,Jensen,Jensen,,,1285,2,2,5,18,0,0,0,2,0,0,15,108,,,,0.0,0.35,1.26,1.05,7.56,22,24,62
127,u,0.0,0.0,4.9,347,216.0,0,0.0,-1,1.0,0.0,713,297.0,0,0,0.0,775.0,336.0,0,0,0.0,736.0,310.0,0.0,0.0,0.0,1544,0,2233,2,0.0,0.0,0.0,0.0,0.0,0.0,0.0,0.0,0.0,0.0,0.0,774.0,335.0,0.0,771.0,336.0,0.0,767.0,334.0,0.0,775.0,336.0,,,,27,,Gustavo,Nunes Fernandes Gomes,Nunes,has joined Swansea City on loan for the rest of the season.,,0,0,0,0,0,0,0,0,0,0,0,0,0,,,,0.0,0.0,0.0,0.0,0.0,0,0,0
128,u,0.0,0.0,4.8,366,228.0,0,0.0,-2,2.0,0.0,607,234.0,12,0,2.0,328.0,142.0,0,41,0.0,706.0,290.0,0.0,2.5,0.0,5396,0,8789,3,0.0,0.0,0.0,0.36,0.36,2.02,0.0,0.37,0.37,2.07,28.4,431.0,191.0,13.6,404.0,200.0,4.0,430.0,212.0,4.6,448.0,202.0,,,,27,,Frank,Onyeka,Onyeka,has joined Coventry City on loan for the rest of the season.,,88,0,2,0,2,0,0,0,0,0,0,0,10,,,,0.0,0.0,2.05,0.0,10.23,2,3,5
129,a,100.0,100.0,5.0,273,168.0,0,0.0,0,0.0,0.1,463,158.0,74,0,2.7,241.0,98.0,0,318,1.4,233.0,97.0,0.3,14.8,0.0,23578,22,19535,40,1.9,1.4,1.19,1.12,2.31,29.25,0.06,0.05,0.11,1.37,316.4,162.0,59.0,214.3,141.0,97.0,108.0,225.0,124.0,63.8,176.0,93.0,,,,27,,Yehor,Yarmoliuk,Yarmoliuk,,,1915,1,2,5,30,0,0,0,6,0,0,22,240,,,,0.0,0.23,1.41,1.03,11.28,50,54,136
130,a,,,4.4,567,340.0,0,0.0,-1,1.0,0.1,475,165.0,3,1,1.0,471.0,211.0,0,13,0.4,328.0,146.0,0.1,0.7,0.0,14952,41,17966,21,0.9,0.4,0.07,0.01,0.08,0.24,0.32,0.04,0.36,1.08,6.2,465.0,211.0,11.2,411.0,204.0,17.0,386.0,194.0,3.5,454.0,205.0,,,,27,,Romelle,Donovan,Donovan,,,20,0,0,0,0,0,0,0,0,0,0,0,2,,,,0.0,0.0,0.0,0.0,9.0,0,0,2
131,u,0.0,0.0,4.3,622,366.0,0,0.0,-2,2.0,0.2,408,137.0,0,0,0.0,661.0,255.0,0,0,0.0,573.0,198.0,0.0,0.0,0.0,38108,0,43618,28,0.0,0.0,0.0,0.0,0.0,0.0,0.0,0.0,0.0,0.0,0.0,650.0,245.0,0.0,647.0,251.0,0.0,624.0,240.0,0.0,653.0,248.0,,,,27,,Yunus Emre,Konak,Konak,has joined Oxford United on loan for the rest of the season.,,0,0,0,0,0,0,0,0,0,0,0,0,0,,,,0.0,0.0,0.0,0.0,0.0,0,0,0
133,u,0.0,0.0,4.4,541,323.0,0,0.0,-1,1.0,0.0,630,247.0,1,0,1.0,466.0,206.0,0,2,0.0,585.0,201.0,0.0,0.2,0.0,3881,0,6277,2,0.0,0.0,0.0,0.0,0.0,0.0,0.0,0.0,0.0,0.0,0.0,658.0,247.0,0.0,655.0,253.0,0.0,633.0,242.0,0.0,661.0,250.0,,,,27,,Myles,Peart-Harris,Peart-Harris,has joined Oxford United permanently.,,1,0,0,0,0,0,0,0,0,0,0,0,0,,,,0.0,0.0,0.0,0.0,0.0,0,0,0
134,u,0.0,0.0,4.5,489,300.0,0,0.0,0,0.0,0.0,782,341.0,0,0,0.0,734.0,306.0,0,0,0.0,668.0,263.0,0.0,0.0,0.0,0,0,946,0,0.0,0.0,0.0,0.0,0.0,0.0,0.0,0.0,0.0,0.0,0.0,732.0,304.0,0.0,727.0,305.0,0.0,714.0,301.0,0.0,733.0,305.0,,,,27,,Ryan,Trevitt,Trevitt,Has joined Wigan on loan for the rest of the season,,0,0,0,0,0,0,0,0,0,0,0,0,0,,,,0.0,0.0,0.0,0.0,0.0,0,0,0
136,a,100.0,100.0,7.1,34,14.0,1,-1.0,11,-11.0,31.8,10,3.0,135,2,5.0,14.0,3.0,18,536,2.6,130.0,20.0,0.4,19.0,0.0,8156105,26986,4356638,9844,3.1,2.6,15.05,1.63,16.68,36.16,0.59,0.06,0.65,1.42,739.8,6.0,2.0,244.4,116.0,6.0,876.0,2.0,2.0,185.8,5.0,2.0,,,2.0,27,,Igor Thiago,Nascimento Rodrigues,Thiago,,,2292,17,1,6,35,0,0,1,5,0,0,26,137,,,,0.0,0.24,1.37,1.02,5.38,20,52,65
137,u,0.0,0.0,4.4,554,77.0,0,0.0,-1,1.0,0.3,314,50.0,0,0,0.0,675.0,70.0,0,0,0.0,593.0,60.0,0.0,0.0,0.0,52422,0,80590,27,0.0,0.0,0.0,0.0,0.0,0.0,0.0,0.0,0.0,0.0,0.0,666.0,70.0,0.0,662.0,69.0,0.0,642.0,69.0,0.0,669.0,70.0,,,,27,,Iwan,Morgan,Morgan,has joined Shrewsbury on loan for the rest of the season.,,0,0,0,0,0,0,0,0,0,0,0,0,0,,,,0.0,0.0,0.0,0.0,0.0,0,0,0
748,i,0.0,0.0,4.9,298,186.0,0,0.0,-1,1.0,0.0,807,358.0,0,0,0.0,763.0,327.0,0,0,0.0,714.0,296.0,0.0,0.0,0.0,171,1,198,0,0.0,0.0,0.0,0.0,0.0,0.0,0.0,0.0,0.0,0.0,0.0,762.0,326.0,0.0,759.0,327.0,0.0,753.0,325.0,0.0,763.0,327.0,,,,27,,Josh,Dasilva,Dasilva,Knee injury - Unknown return date,,0,0,0,0,0,0,0,0,0,0,0,0,0,,,,0.0,0.0,0.0,0.0,0.0,0,0,0
797,a,,,4.5,490,70.0,0,0.0,0,0.0,0.0,711,88.0,0,0,0.0,735.0,79.0,0,0,0.0,669.0,69.0,0.0,0.0,0.0,1479,13,470,10,0.5,0.0,0.0,0.0,0.0,0.0,0.0,0.0,0.0,0.0,0.0,733.0,79.0,0.0,728.0,78.0,0.0,715.0,78.0,0.0,734.0,79.0,,,,27,,Kaye,Furo,Furo,,,0,0,0,0,0,0,0,0,0,0,0,0,0,,,,0.0,0.0,0.0,0.0,0.0,0,0,0
810,a,,,4.5,471,286.0,0,0.0,0,0.0,0.0,804,357.0,0,0,0.0,721.0,296.0,0,0,0.0,651.0,249.0,0.0,0.0,0.0,194,0,36,2,0.5,0.0,0.0,0.0,0.0,0.0,0.0,0.0,0.0,0.0,0.0,717.0,293.0,0.0,713.0,295.0,0.0,698.0,289.0,0.0,719.0,295.0,,,,27,,Luka,Bentt,Bentt,,,0,0,0,0,0,0,0,0,0,0,0,0,0,,,,0.0,0.0,0.0,0.0,0.0,0,0,0
138,a,,,4.2,624,31.0,0,0.0,-3,3.0,0.2,348,50.0,0,0,0.0,634.0,87.0,0,0,0.0,529.0,80.0,0.0,0.0,0.0,10071,21,38893,18,0.0,0.0,0.0,0.0,0.0,0.0,0.0,0.0,0.0,0.0,0.0,623.0,87.0,0.0,617.0,76.0,0.0,588.0,63.0,0.0,626.0,87.0,,,,27,,Jason,Steele,Steele,,,0,0,0,0,0,0,0,0,0,0,0,0,0,,,,0.0,0.0,0.0,0.0,0.0,0,0,0
139,a,,,4.5,444,25.0,0,0.0,0,0.0,5.5,66,11.0,86,7,3.2,155.0,15.0,4,437,3.2,76.0,5.0,0.7,19.1,0.0,669050,851,829824,491,3.2,3.2,0.0,0.05,0.05,37.83,0.0,0.0,0.0,1.4,670.0,12.0,3.0,10.0,419.0,7.0,0.0,680.0,78.0,68.0,156.0,3.0,,,,27,,Bart,Verbruggen,Verbruggen,,,2430,0,0,6,34,1,1,0,3,0,76,27,102,,,,2.81,0.22,1.26,1.0,0.0,1,23,244
140,a,,,3.9,749,77.0,0,0.0,-1,1.0,0.3,311,42.0,0,0,0.0,545.0,45.0,0,0,0.0,431.0,36.0,0.0,0.0,0.0,17617,14,27478,16,0.0,0.0,0.0,0.0,0.0,0.0,0.0,0.0,0.0,0.0,0.0,534.0,45.0,0.0,524.0,30.0,0.0,490.0,17.0,0.0,537.0,45.0,,,,27,,Tom,McGill,McGill,,,0,0,0,0,0,0,0,0,0,0,0,0,0,,,,0.0,0.0,0.0,0.0,0.0,0,0,0
141,u,0.0,0.0,4.0,687,55.0,0,0.0,0,0.0,0.0,803,92.0,0,0,0.0,593.0,74.0,0,0,0.0,481.0,66.0,0.0,0.0,0.0,0,0,243,0,0.0,0.0,0.0,0.0,0.0,0.0,0.0,0.0,0.0,0.0,0.0,582.0,74.0,0.0,575.0,62.0,0.0,543.0,49.0,0.0,585.0,74.0,,,,27,,Carl,Rushworth,Rushworth,Has joined Coventry City on loan for the rest of the season.,,0,0,0,0,0,0,0,0,0,0,0,0,0,,,,0.0,0.0,0.0,0.0,0.0,0,0,0
142,u,0.0,0.0,4.0,674,48.0,0,0.0,0,0.0,0.0,805,93.0,0,0,0.0,583.0,67.0,0,0,0.0,471.0,59.0,0.0,0.0,0.0,0,0,203,0,0.0,0.0,0.0,0.0,0.0,0.0,0.0,0.0,0.0,0.0,0.0,572.0,67.0,0.0,565.0,55.0,0.0,533.0,42.0,0.0,575.0,67.0,,,,27,,Kjell,Scherpen,Scherpen,Has joined Union SG permanently,,0,0,0,0,0,0,0,0,0,0,0,0,0,,,,0.0,0.0,0.0,0.0,0.0,0,0,0
143,a,,,4.2,630,144.0,0,0.0,-3,3.0,0.1,504,180.0,20,0,2.9,203.0,80.0,2,78,2.0,171.0,59.0,0.5,4.8,0.0,6224,13,12506,8,2.0,2.0,0.05,0.24,0.29,4.9,0.01,0.06,0.07,1.26,101.8,338.0,127.0,38.6,353.0,123.0,12.0,391.0,140.0,15.3,380.0,134.0,,,,27,,Olivier,Boscagli,Boscagli,,,349,0,1,1,4,0,0,0,1,0,0,4,33,,,,0.0,0.26,1.03,1.03,8.51,8,25,27
144,u,0.0,0.0,4.2,643,154.0,0,0.0,-3,3.0,0.0,594,212.0,10,0,2.0,324.0,119.0,0,32,0.0,537.0,227.0,0.0,2.4,0.0,2735,0,8098,12,0.0,0.0,0.0,0.01,0.01,4.52,0.0,0.0,0.0,2.11,42.4,407.0,153.0,3.7,445.0,162.0,2.0,438.0,163.0,4.8,445.0,161.0,,,,27,,Diego,Coppola,Coppola,has joined Paris FC on loan for the rest of the season.,,193,0,0,1,3,0,0,0,2,0,0,2,19,,,,0.0,0.47,1.4,0.93,8.39,2,16,6
145,a,100.0,100.0,4.3,588,134.0,0,0.0,-2,2.0,1.8,141,56.0,59,1,2.7,234.0,91.0,6,222,2.0,172.0,60.0,0.5,13.7,0.0,252659,73,701943,522,2.0,2.0,1.55,2.15,3.7,20.5,0.12,0.17,0.29,1.63,214.0,244.0,97.0,319.7,74.0,17.0,132.0,193.0,46.0,66.6,164.0,53.0,3.0,6.0,,27,,Maxim,De Cuyper,De Cuyper,,,1130,2,0,4,18,0,0,0,2,0,0,14,73,,,,0.0,0.32,1.43,1.12,3.9,18,31,55
146,a,100.0,100.0,4.5,407,71.0,0,0.0,0,0.0,1.0,197,77.0,69,6,2.7,236.0,93.0,0,330,3.8,42.0,15.0,0.8,15.3,0.0,148362,310,191075,82,3.8,3.8,1.25,0.46,1.71,35.59,0.05,0.02,0.07,1.4,509.6,54.0,24.0,95.0,254.0,75.0,145.0,174.0,39.0,75.2,129.0,43.0,,1.0,,27,,Lewis,Dunk,Dunk,,,2295,0,1,5,33,0,0,0,8,0,0,25,235,,,,0.0,0.2,1.29,0.98,7.57,29,164,110
147,u,0.0,0.0,4.5,417,77.0,0,0.0,0,0.0,0.0,743,256.0,0,0,0.0,691.0,254.0,0,0,0.0,614.0,241.0,0.0,0.0,0.0,0,0,1972,0,0.0,0.0,0.0,0.0,0.0,0.0,0.0,0.0,0.0,0.0,0.0,684.0,253.0,0.0,680.0,253.0,0.0,661.0,252.0,0.0,687.0,253.0,,,,27,,Pervis,Estupiñán Tenorio,Estupiñan,Has joined AC Milan permanently,,0,0,0,0,0,0,0,0,0,0,0,0,0,,,,0.0,0.0,0.0,0.0,0.0,0,0,0
150,u,0.0,0.0,4.4,531,110.0,0,0.0,-1,1.0,0.1,515,183.0,0,0,0.0,666.0,253.0,0,0,0.0,581.0,239.0,0.0,0.0,0.0,2778,0,38533,3,0.0,0.0,0.0,0.0,0.0,0.0,0.0,0.0,0.0,0.0,0.0,655.0,252.0,0.0,652.0,252.0,0.0,630.0,251.0,0.0,658.0,252.0,,,,27,,Tariq,Lamptey,Lamptey,has joined Fiorentina permanently.,,0,0,0,0,0,0,0,0,0,0,0,0,0,,,,0.0,0.0,0.0,0.0,0.0,0,0,0
151,a,100.0,100.0,4.4,543,117.0,0,0.0,-1,1.0,3.5,91,32.0,101,9,4.0,65.0,27.0,7,384,3.4,66.0,25.0,0.8,23.0,0.0,916613,1955,618280,619,3.4,3.4,2.05,0.92,2.96,35.04,0.08,0.04,0.12,1.42,697.6,8.0,3.0,135.8,199.0,49.0,226.0,102.0,13.0,106.2,53.0,8.0,,,,27,,Jan Paul,van Hecke,Van Hecke,,,2220,3,2,6,32,1,0,0,7,0,0,25,238,,,,0.0,0.24,1.3,1.01,8.43,33,175,77
152,a,100.0,100.0,4.3,574,123.0,0,0.0,-2,2.0,0.1,425,158.0,32,1,2.1,315.0,116.0,1,121,0.6,302.0,104.0,0.1,7.4,0.0,21715,11,35089,39,0.6,0.6,0.99,0.11,1.1,14.3,0.11,0.01,0.12,1.59,212.6,246.0,98.0,70.6,295.0,96.0,63.0,287.0,84.0,34.7,296.0,98.0,,,,27,,Joël,Veltman,Veltman,,,808,1,0,1,12,0,0,0,4,0,0,8,97,,,,0.0,0.11,1.34,0.89,9.47,28,57,31
153,i,0.0,0.0,4.4,522,102.0,0,0.0,-1,1.0,0.0,756,258.0,0,0,0.0,663.0,251.0,0,0,0.0,577.0,236.0,0.0,0.0,0.0,890,1,1658,2,0.0,0.0,0.0,0.0,0.0,0.0,0.0,0.0,0.0,0.0,0.0,652.0,250.0,0.0,649.0,250.0,0.0,627.0,249.0,0.0,655.0,250.0,,,,27,,Adam,Webster,Webster,Knee injury - Unknown return date,,0,0,0,0,0,0,0,0,0,0,0,0,0,,,,0.0,0.0,0.0,0.0,0.0,0,0,0
154,u,0.0,0.0,4.0,677,169.0,0,0.0,0,0.0,0.0,774,260.0,0,0,0.0,586.0,216.0,0,0,0.0,474.0,187.0,0.0,0.0,0.0,0,0,776,0,0.0,0.0,0.0,0.0,0.0,0.0,0.0,0.0,0.0,0.0,0.0,575.0,215.0,0.0,568.0,215.0,0.0,536.0,209.0,0.0,578.0,215.0,,,,27,,Eiran,Cashin,Cashin,has joined Blackburn Rovers on loan for the rest of the season.,,0,0,0,0,0,0,0,0,0,0,0,0,0,,,,0.0,0.0,0.0,0.0,0.0,0,0,0
155,u,0.0,0.0,4.0,719,196.0,0,0.0,0,0.0,0.1,498,176.0,0,0,0.0,620.0,235.0,0,0,0.0,511.0,209.0,0.0,0.0,0.0,3175,0,16558,4,0.0,0.0,0.0,0.0,0.0,0.0,0.0,0.0,0.0,0.0,0.0,609.0,234.0,0.0,602.0,234.0,0.0,571.0,229.0,0.0,612.0,234.0,,,,27,,Jacob,Slater,Slater,has joined Harrogate Town on loan until January.,,0,0,0,0,0,0,0,0,0,0,0,0,0,,,,0.0,0.0,0.0,0.0,0.0,0,0,0
156,a,,,3.8,805,254.0,0,0.0,-2,2.0,0.2,409,150.0,0,0,0.0,529.0,195.0,0,0,0.0,414.0,164.0,0.0,0.0,0.0,11449,20,16517,16,0.0,0.0,0.0,0.0,0.0,0.0,0.0,0.0,0.0,0.0,0.0,518.0,194.0,0.0,507.0,194.0,0.0,472.0,185.0,0.0,521.0,194.0,,,,27,,Charlie,Tasker,Tasker,,,0,0,0,0,0,0,0,0,0,0,0,0,0,,,,0.0,0.0,0.0,0.0,0.0,0,0,0
157,a,100.0,100.0,6.1,83,54.0,0,0.0,-4,4.0,2.0,133,43.0,48,3,2.8,232.0,95.0,2,169,2.4,150.0,66.0,0.4,7.9,0.0,273884,354,836280,280,2.4,2.4,2.55,2.01,4.56,18.28,0.18,0.14,0.32,1.29,209.6,251.0,106.0,332.3,70.0,55.0,264.0,86.0,53.0,80.2,115.0,64.0,,,,27,,Mitoma,Kaoru,Mitoma,,,1273,2,1,4,14,0,0,0,2,0,0,14,72,,,,0.0,0.28,0.99,0.99,5.09,11,17,44
158,a,100.0,100.0,5.6,131,81.0,0,0.0,-4,4.0,0.3,293,101.0,65,0,2.8,228.0,93.0,2,213,0.8,294.0,130.0,0.1,11.6,0.0,129236,26,248225,167,0.8,0.8,2.05,2.06,4.11,19.19,0.12,0.12,0.24,1.15,243.2,214.0,92.0,267.7,104.0,75.0,350.0,53.0,33.0,86.0,103.0,60.0,,,,27,,Georginio,Rutter,Georginio,,,1502,2,4,6,16,1,0,0,2,0,0,18,101,,,,0.0,0.36,0.96,1.08,6.05,23,32,46
159,d,75.0,75.0,5.8,104,67.0,0,0.0,-2,2.0,0.0,754,321.0,0,0,0.0,806.0,359.0,0,0,0.0,792.0,350.0,0.0,0.0,0.0,748,1,2536,3,0.0,0.0,0.0,0.0,0.0,0.0,0.0,0.0,0.0,0.0,0.0,806.0,359.0,0.0,806.0,359.0,0.0,805.0,359.0,0.0,806.0,359.0,,,,27,,Solly,March,March,Lack of match fitness - 75% chance of playing,,0,0,0,0,0,0,0,0,0,0,0,0,0,,,,0.0,0.0,0.0,0.0,0.0,0,0,0
160,a,100.0,100.0,5.6,135,83.0,0,0.0,-4,4.0,2.0,132,42.0,84,0,3.5,126.0,56.0,6,314,0.8,295.0,131.0,0.1,15.0,0.0,1918940,151,1846987,732,0.8,0.8,2.91,2.78,5.69,25.32,0.16,0.15,0.31,1.39,308.4,169.0,65.0,448.3,33.0,32.0,459.0,26.0,13.0,121.7,35.0,27.0,1.0,,,27,,Yankuba,Minteh,Minteh,,,1634,1,8,6,26,0,0,0,0,0,0,18,125,,,,0.0,0.33,1.43,0.99,6.88,34,21,70
161,u,0.0,0.0,5.4,176,108.0,0,0.0,-1,1.0,0.0,746,317.0,0,0,0.0,800.0,354.0,0,0,0.0,780.0,341.0,0.0,0.0,0.0,105,0,2953,0,0.0,0.0,0.0,0.0,0.0,0.0,0.0,0.0,0.0,0.0,0.0,800.0,354.0,0.0,799.0,354.0,0.0,797.0,353.0,0.0,800.0,354.0,,,,27,,Julio,Enciso Espínola,Enciso,has joined Strasbourg permanently.,,0,0,0,0,0,0,0,0,0,0,0,0,0,,,,0.0,0.0,0.0,0.0,0.0,0,0,0
162,u,0.0,0.0,5.4,181,112.0,0,0.0,-1,1.0,0.0,585,220.0,35,0,1.9,350.0,154.0,2,114,0.0,782.0,343.0,0.0,6.5,0.0,16799,0,19413,7,0.0,0.0,1.86,0.88,2.74,13.82,0.24,0.11,0.35,1.76,134.4,309.0,140.0,217.1,135.0,93.0,152.0,167.0,93.0,50.0,235.0,118.0,,,,27,,Brajan,Gruda,Gruda,has joined Leipzig on loan for the rest of the season.,,708,1,1,2,11,0,0,0,2,0,0,8,58,,,,0.0,0.25,1.4,1.02,7.37,14,4,40
163,a,100.0,100.0,5.1,240,146.0,0,0.0,-4,4.0,0.0,592,223.0,43,6,2.7,242.0,99.0,2,168,1.4,234.0,98.0,0.3,8.4,0.0,9064,23,16747,6,1.4,1.4,0.93,0.48,1.41,18.34,0.1,0.05,0.15,1.96,138.8,306.0,138.0,88.3,265.0,159.0,120.0,213.0,116.0,34.6,298.0,148.0,,,,27,,Jack,Hinshelwood,Hinshelwood,,,843,1,3,2,14,1,0,0,0,0,0,9,77,,,,0.0,0.21,1.49,0.96,8.22,11,27,39
164,a,100.0,100.0,5.5,143,89.0,0,0.0,0,0.0,0.3,298,104.0,13,0,4.3,46.0,23.0,2,40,0.2,388.0,173.0,0.0,2.4,0.0,131311,33,199111,19,0.2,0.2,1.21,0.18,1.39,2.33,0.59,0.09,0.68,1.13,61.6,390.0,172.0,67.4,301.0,171.0,63.0,289.0,156.0,19.2,365.0,173.0,,,,27,,Matt,O'Riley,O'Riley,,,185,1,0,1,2,0,0,0,0,0,0,2,9,,,,0.0,0.49,0.97,0.97,4.38,4,3,2
165,u,0.0,0.0,5.4,182,113.0,0,0.0,-1,1.0,0.0,728,305.0,0,0,0.0,801.0,355.0,0,0,0.0,783.0,344.0,0.0,0.0,0.0,247,0,2237,0,0.0,0.0,0.0,0.0,0.0,0.0,0.0,0.0,0.0,0.0,0.0,801.0,355.0,0.0,800.0,355.0,0.0,798.0,354.0,0.0,801.0,355.0,,,,27,,Abdallah,Sima,Sima,has joined Lens permanently.,,0,0,0,0,0,0,0,0,0,0,0,0,0,,,,0.0,0.0,0.0,0.0,0.0,0,0,0
166,i,0.0,0.0,4.8,371,232.0,0,0.0,-2,2.0,0.5,257,88.0,83,0,4.0,68.0,30.0,7,351,3.4,69.0,34.0,0.7,17.3,0.0,198493,11,163552,758,0.0,0.0,2.54,1.07,3.61,24.57,0.13,0.06,0.19,1.3,311.2,166.0,62.0,214.4,139.0,95.0,206.0,110.0,65.0,73.3,135.0,73.0,4.0,5.0,,27,,Yasin,Ayari,Ayari,Shoulder injury - Expected back 01 Mar,,1699,3,3,5,21,0,0,0,0,0,0,18,200,,,,0.0,0.26,1.11,0.95,10.59,43,46,111
167,a,100.0,100.0,4.5,460,277.0,0,0.0,-5,5.0,1.5,155,50.0,37,1,1.7,376.0,164.0,0,145,2.2,157.0,69.0,0.5,8.2,0.0,189907,351,538586,240,2.2,2.2,0.36,0.27,0.63,16.24,0.03,0.02,0.05,1.24,92.0,353.0,158.0,88.9,263.0,158.0,25.0,361.0,187.0,20.6,360.0,172.0,,,,27,,Carlos,Baleba,Baleba,,,1180,0,0,4,16,0,0,0,5,0,0,18,141,,,,0.0,0.31,1.22,1.37,10.75,28,45,68
169,a,100.0,100.0,4.9,341,210.0,0,0.0,-1,1.0,0.2,405,135.0,69,10,2.9,205.0,84.0,7,278,3.0,96.0,45.0,0.6,14.1,0.0,76514,302,69231,31,3.0,3.0,4.61,1.22,5.83,23.94,0.26,0.07,0.33,1.36,340.0,138.0,46.0,248.7,113.0,78.0,324.0,61.0,36.0,91.4,86.0,52.0,,3.0,,27,,Diego,Gómez Amarilla,Gomez,,,1587,4,0,6,22,0,0,0,6,0,0,19,168,,,,0.0,0.34,1.25,1.08,9.53,60,34,74
170,a,100.0,100.0,4.9,285,178.0,0,0.0,-1,1.0,0.1,467,161.0,27,3,1.7,378.0,166.0,0,112,1.4,230.0,94.0,0.3,5.5,0.0,18096,41,23025,14,1.4,1.4,0.97,0.59,1.56,8.96,0.19,0.11,0.3,1.74,110.2,333.0,152.0,112.2,226.0,145.0,52.0,310.0,162.0,27.3,335.0,161.0,5.0,,1.0,27,,James,Milner,Milner,,,464,1,1,1,12,0,0,0,2,0,0,3,49,,,,0.0,0.19,2.33,0.58,9.5,9,15,25
171,u,0.0,0.0,4.9,328,204.0,0,0.0,-1,1.0,0.0,700,291.0,0,0,0.0,771.0,334.0,0,0,0.0,728.0,305.0,0.0,0.0,0.0,197,0,2958,1,0.0,0.0,0.0,0.0,0.0,0.0,0.0,0.0,0.0,0.0,0.0,770.0,333.0,0.0,767.0,334.0,0.0,762.0,332.0,0.0,771.0,334.0,,,,27,,Jeremy,Sarmiento Morante,Sarmiento,has joined Middlesbrough on loan for the rest of the season.,,0,0,0,0,0,0,0,0,0,0,0,0,0,,,,0.0,0.0,0.0,0.0,0.0,0,0,0
172,u,0.0,0.0,4.8,373,234.0,0,0.0,-2,2.0,0.0,641,255.0,5,0,0.8,507.0,238.0,0,15,0.0,709.0,292.0,0.0,1.0,0.0,2397,0,4094,4,0.0,0.0,0.04,0.03,0.07,1.72,0.06,0.05,0.11,2.72,6.0,469.0,213.0,2.4,450.0,216.0,7.0,418.0,203.0,1.6,470.0,214.0,,,,27,,Tom,Watson,Watson,has joined Millwall on loan for the rest of the season.,,57,0,0,0,2,0,0,0,1,0,0,0,5,,,,0.0,0.0,3.16,0.0,7.89,1,0,4
173,a,100.0,100.0,4.9,332,207.0,0,0.0,-1,1.0,0.1,440,149.0,60,2,3.5,121.0,53.0,3,259,0.4,337.0,151.0,0.1,12.2,0.0,79541,3,77336,7,0.4,0.4,1.2,1.5,2.7,17.13,0.09,0.11,0.2,1.24,310.4,168.0,64.0,231.5,124.0,85.0,131.0,198.0,108.0,67.4,161.0,87.0,,,,27,,Mats,Wieffer,Wieffer,,,1243,0,4,4,17,0,0,0,5,0,0,14,192,,,,0.0,0.29,1.23,1.01,13.9,49,73,70
174,u,0.0,0.0,5.0,280,174.0,0,0.0,0,0.0,0.0,769,332.0,0,0,0.0,790.0,348.0,0,0,0.0,755.0,325.0,0.0,0.0,0.0,0,0,1262,0,0.0,0.0,0.0,0.0,0.0,0.0,0.0,0.0,0.0,0.0,0.0,789.0,347.0,0.0,788.0,348.0,0.0,784.0,346.0,0.0,790.0,348.0,,,,27,,Malick,Yalcouyé,Yalcouye,Has joined Swansea City on loan for the rest of the season.,,0,0,0,0,0,0,0,0,0,0,0,0,0,,,,0.0,0.0,0.0,0.0,0.0,0,0,0
176,u,0.0,0.0,4.5,465,282.0,0,0.0,0,0.0,0.0,685,282.0,0,0,0.0,718.0,294.0,0,0,0.0,646.0,245.0,0.0,0.0,0.0,1435,0,4586,0,0.0,0.0,0.0,0.0,0.0,0.0,0.0,0.0,0.0,0.0,0.0,712.0,289.0,0.0,709.0,292.0,0.0,693.0,285.0,0.0,714.0,291.0,,,,27,,Adrian,Mazilu,Mazilu,has joined Dinamo Bucharest permanently.,,0,0,0,0,0,0,0,0,0,0,0,0,0,,,,0.0,0.0,0.0,0.0,0.0,0,0,0
177,u,0.0,0.0,4.5,454,271.0,0,0.0,0,0.0,0.0,695,287.0,0,0,0.0,710.0,286.0,0,0,0.0,638.0,237.0,0.0,0.0,0.0,490,0,5089,2,0.0,0.0,0.0,0.0,0.0,0.0,0.0,0.0,0.0,0.0,0.0,704.0,281.0,0.0,701.0,284.0,0.0,685.0,277.0,0.0,706.0,283.0,,,,27,,Andrew,Moran,Moran,Has joined Los Angeles FC on loan for the rest of the season.,,0,0,0,0,0,0,0,0,0,0,0,0,0,,,,0.0,0.0,0.0,0.0,0.0,0,0,0
178,a,100.0,100.0,6.1,79,25.0,0,0.0,-4,4.0,3.6,90,15.0,82,9,3.2,164.0,14.0,11,313,3.2,87.0,8.0,0.5,13.4,0.0,1979644,2241,2119117,548,3.2,3.2,8.68,0.77,9.45,22.85,0.51,0.05,0.56,1.34,367.2,118.0,10.0,212.2,142.0,10.0,451.0,29.0,15.0,102.5,60.0,11.0,,2.0,2.0,27,,Danny,Welbeck,Welbeck,,,1534,9,0,6,20,0,0,2,4,0,0,17,70,,,,0.0,0.35,1.17,1.0,4.11,16,23,31
179,u,0.0,0.0,5.5,152,39.0,0,0.0,0,0.0,0.0,753,91.0,0,0,0.0,805.0,88.0,0,0,0.0,788.0,83.0,0.0,0.0,0.0,0,0,1557,0,0.0,0.0,0.0,0.0,0.0,0.0,0.0,0.0,0.0,0.0,0.0,805.0,88.0,0.0,804.0,88.0,0.0,802.0,88.0,0.0,805.0,88.0,,,,27,,Evan,Ferguson,Ferguson,Has joined AS Roma on loan for the rest of the season,,0,0,0,0,0,0,0,0,0,0,0,0,0,,,,0.0,0.0,0.0,0.0,0.0,0,0,0
180,i,0.0,0.0,5.2,221,51.0,0,0.0,-3,3.0,0.1,527,75.0,16,0,1.8,370.0,44.0,0,55,0.0,766.0,81.0,0.0,3.1,0.0,13106,3,23043,11,0.0,0.0,0.44,0.11,0.55,2.59,0.3,0.08,0.38,1.77,66.6,386.0,40.0,65.7,305.0,32.0,44.0,325.0,51.0,17.7,372.0,45.0,,,,27,,Stefanos,Tzimas,Tzimas,Knee injury - Expected back 01 Jun,,132,1,1,0,2,0,0,0,0,0,0,1,15,,,,0.0,0.0,1.36,0.68,10.23,3,2,10
181,a,,,4.8,375,64.0,0,0.0,-2,2.0,0.4,292,45.0,30,0,1.9,344.0,39.0,3,117,0.8,284.0,38.0,0.2,6.2,0.0,54278,58,72392,106,0.8,0.8,1.7,0.23,1.93,4.62,0.52,0.07,0.59,1.42,129.6,314.0,30.0,80.0,281.0,29.0,192.0,129.0,31.0,40.1,276.0,31.0,,,,27,,Charalampos,Kostoulas,Kostoulas,,,292,2,1,1,7,0,0,0,2,0,0,2,38,,,,0.0,0.31,2.16,0.62,11.71,11,5,22
744,a,,,4.5,470,285.0,0,0.0,0,0.0,0.0,716,298.0,1,0,1.0,476.0,215.0,0,3,0.0,650.0,248.0,0.0,0.2,0.0,2653,1,1891,3,0.0,0.0,0.0,0.0,0.0,0.0,0.0,0.0,0.0,0.0,0.0,716.0,292.0,0.0,712.0,294.0,0.0,697.0,288.0,0.0,718.0,294.0,,,,27,,Nehemiah,Oriola,Oriola,,,1,0,0,0,0,0,0,0,0,0,0,0,0,,,,0.0,0.0,0.0,0.0,0.0,0,0,0
761,a,,,4.0,724,201.0,0,0.0,0,0.0,0.0,715,247.0,0,0,0.0,624.0,239.0,0,0,0.0,516.0,214.0,0.0,0.0,0.0,873,1,597,5,0.0,0.0,0.0,0.0,0.0,0.0,0.0,0.0,0.0,0.0,0.0,613.0,238.0,0.0,606.0,238.0,0.0,575.0,233.0,0.0,616.0,238.0,,,,27,,Freddie,Simmonds,Simmonds,,,0,0,0,0,0,0,0,0,0,0,0,0,0,,,,0.0,0.0,0.0,0.0,0.0,0,0,0
783,a,,,5.5,136,84.0,0,0.0,0,0.0,0.1,492,175.0,26,3,3.2,163.0,71.0,4,134,4.2,38.0,19.0,0.8,4.7,0.0,18590,119,7311,77,4.2,4.2,0.71,1.43,2.14,9.13,0.1,0.2,0.3,1.27,148.6,294.0,130.0,259.6,109.0,77.0,83.0,258.0,141.0,49.0,238.0,119.0,,,,27,,Pascal,Groß,Groß,,,646,1,0,2,5,0,0,0,2,0,0,7,57,,,,0.0,0.28,0.7,0.98,7.94,10,18,29
795,a,,,4.5,492,302.0,0,0.0,0,0.0,0.0,775,336.0,3,0,1.5,408.0,180.0,0,9,0.6,305.0,135.0,0.1,0.7,0.0,572,12,151,4,0.6,0.6,0.0,0.03,0.03,1.0,0.0,0.03,0.03,1.14,7.2,462.0,209.0,4.4,439.0,213.0,2.0,446.0,220.0,1.4,474.0,218.0,,,,27,,Harry,Howell,Howell,,,79,0,0,0,2,0,0,0,0,0,0,1,4,,,,0.0,0.0,2.28,1.14,4.56,0,2,2
220,a,100.0,100.0,4.9,312,12.0,0,0.0,-1,1.0,14.9,23,3.0,95,2,3.7,95.0,11.0,7,425,2.0,176.0,13.0,0.4,19.4,0.0,1667444,500,2678113,10303,1.5,3.0,0.0,0.04,0.04,34.59,0.0,0.0,0.0,1.38,611.2,23.0,7.0,50.0,335.0,1.0,0.0,756.0,87.0,65.7,168.0,4.0,,,,27,,Robert,Lynch Sánchez,Sánchez,,,2254,0,1,9,30,0,0,0,3,1,68,26,89,,,,2.72,0.36,1.2,1.04,0.0,0,20,224
221,d,50.0,50.0,4.3,602,29.0,0,0.0,-2,2.0,0.2,400,58.0,3,0,1.5,404.0,31.0,0,18,0.0,557.0,84.0,0.0,0.7,0.0,14973,3,26688,24,-0.2,0.5,0.0,0.0,0.0,2.78,0.0,0.0,0.0,1.44,28.2,432.0,31.0,0.0,634.0,81.0,0.0,610.0,70.0,2.8,459.0,31.0,,,,27,,Filip,Jörgensen,Jörgensen,Knock - 50% chance of playing,,174,0,0,0,3,0,0,0,0,0,3,1,7,,,,1.55,0.0,1.55,0.52,0.0,0,2,14
222,u,0.0,0.0,4.0,709,64.0,0,0.0,0,0.0,0.0,793,90.0,0,0,0.0,611.0,83.0,0,0,0.0,501.0,75.0,0.0,0.0,0.0,0,0,340,0,0.0,0.0,0.0,0.0,0.0,0.0,0.0,0.0,0.0,0.0,0.0,600.0,83.0,0.0,593.0,71.0,0.0,562.0,58.0,0.0,603.0,83.0,,,,27,,Mike,Penders,Penders,Has joined RC Strasbourg on loan for the rest of the season.,,0,0,0,0,0,0,0,0,0,0,0,0,0,,,,0.0,0.0,0.0,0.0,0.0,0,0,0
231,a,100.0,100.0,4.5,478,95.0,0,0.0,0,0.0,0.0,688,239.0,1,1,1.0,478.0,172.0,0,-1,0.2,371.0,137.0,0.0,0.2,0.0,1433,22,2275,21,-0.3,1.2,0.0,0.0,0.0,0.29,0.0,0.0,0.0,13.05,0.0,723.0,258.0,0.0,719.0,258.0,0.0,705.0,258.0,0.0,725.0,258.0,,,,27,,Mamadou,Sarr,M.Sarr,,,2,0,0,0,1,0,0,0,0,0,0,0,0,,,,0.0,0.0,45.0,0.0,0.0,0,0,1
232,a,100.0,100.0,4.0,663,162.0,0,0.0,-5,5.0,0.2,346,124.0,31,1,2.6,251.0,96.0,2,114,0.2,357.0,128.0,0.0,7.8,0.0,105501,33,220729,27,-0.3,1.2,0.11,0.4,0.5,11.55,0.01,0.05,0.06,1.45,221.2,237.0,93.0,32.0,368.0,131.0,19.0,378.0,132.0,27.3,334.0,115.0,,,,27,,Tosin,Adarabioyo,Tosin,,,719,0,0,2,12,0,0,0,2,0,0,7,102,,,,0.0,0.25,1.5,0.88,11.02,13,75,18
233,a,100.0,100.0,3.7,815,263.0,0,0.0,-3,3.0,1.5,154,62.0,33,1,2.8,216.0,82.0,5,98,0.4,320.0,110.0,0.1,8.9,0.0,540973,1196,472539,464,-0.1,1.4,0.6,0.13,0.73,13.91,0.1,0.02,0.12,2.21,125.2,315.0,118.0,39.2,351.0,122.0,66.0,281.0,81.0,23.1,348.0,119.0,,,,27,,Josh,Acheampong,Acheampong,,,567,1,0,2,12,0,0,0,1,0,0,7,56,,,,0.0,0.32,1.9,1.11,6.35,9,31,23
234,u,0.0,0.0,4.0,730,207.0,0,0.0,0,0.0,0.1,576,207.0,0,0,0.0,628.0,243.0,0,0,0.0,520.0,218.0,0.0,0.0,0.0,1262,0,10153,2,0.0,0.0,0.0,0.0,0.0,0.0,0.0,0.0,0.0,0.0,0.0,617.0,242.0,0.0,610.0,242.0,0.0,580.0,238.0,0.0,620.0,242.0,,,,27,,Aarón,Anselmino,Anselmino,has joined Strasbourg on loan for the rest of the season.,,0,0,0,0,0,0,0,0,0,0,0,0,0,,,,0.0,0.0,0.0,0.0,0.0,0,0,0
235,a,100.0,100.0,10.6,3,2.0,0,0.0,1,-1.0,17.2,20,8.0,82,3,5.1,12.0,8.0,7,286,7.4,3.0,1.0,0.7,7.7,0.0,2361339,3577,6960490,11876,6.9,8.4,8.07,1.18,9.25,18.18,0.68,0.1,0.78,1.53,384.2,105.0,35.0,208.5,146.0,100.0,372.0,48.0,29.0,96.4,80.0,48.0,,1.0,1.0,27,,Cole,Palmer,Palmer,,,1067,8,2,3,15,0,0,0,3,0,0,14,81,,,,0.0,0.25,1.27,1.18,6.83,15,17,49
236,a,100.0,100.0,7.0,37,22.0,0,0.0,0,0.0,4.9,71,25.0,107,8,4.0,78.0,36.0,8,457,3.2,91.0,43.0,0.5,15.3,0.0,1913258,1375,1865024,1607,2.7,4.2,4.24,5.6,9.84,27.76,0.18,0.24,0.42,1.21,440.6,74.0,23.0,673.2,9.0,9.0,425.0,30.0,15.0,154.1,16.0,12.0,1.0,4.0,,27,,Pedro,Lomba Neto,Neto,,,2069,5,5,11,19,0,0,0,2,0,0,23,102,,,,0.0,0.48,0.83,1.0,4.44,15,17,70
237,a,100.0,100.0,6.9,41,24.0,0,0.0,4,-4.0,22.1,18,6.0,120,2,4.6,29.0,16.0,14,507,4.4,32.0,16.0,0.6,17.4,0.0,5340792,3872,3237318,37399,3.9,5.4,9.87,5.16,15.03,32.13,0.4,0.21,0.61,1.29,618.4,21.0,5.0,713.8,5.0,5.0,597.0,15.0,6.0,193.0,4.0,3.0,3.0,3.0,2.0,27,,Enzo,Fernández,Enzo,,,2234,8,3,8,28,0,0,0,6,0,0,25,181,,,,0.0,0.32,1.13,1.01,7.29,44,39,98
238,d,75.0,100.0,6.4,63,41.0,0,0.0,-1,1.0,2.3,125,40.0,55,0,2.9,214.0,89.0,4,169,3.2,90.0,42.0,0.5,8.6,0.0,851578,226,830033,3759,2.0,4.2,2.82,2.12,4.94,8.13,0.34,0.26,0.6,0.99,177.2,266.0,114.0,218.3,132.0,90.0,283.0,77.0,47.0,67.7,157.0,84.0,4.0,,3.0,27,,Estêvão,Almeida de Oliveira Gonçalves,Estêvão,Hamstring injury - 75% chance of playing,,738,2,5,4,8,0,0,0,3,0,0,10,51,,,,0.0,0.49,0.98,1.22,6.22,10,8,33
239,i,0.0,0.0,6.0,87,55.0,0,0.0,-5,5.0,0.1,471,163.0,25,0,1.6,397.0,177.0,0,99,0.4,346.0,157.0,0.1,4.2,0.0,17088,0,41593,13,0.0,0.0,0.81,0.94,1.75,8.89,0.15,0.17,0.32,1.65,93.0,350.0,156.0,130.4,203.0,134.0,91.0,249.0,137.0,31.3,317.0,155.0,,,,27,,Jamie,Bynoe-Gittens,Gittens,Hamstring injury - Unknown return date,,486,0,2,1,7,0,0,0,0,0,0,5,29,,,,0.0,0.19,1.3,0.93,5.37,8,6,15
240,u,0.0,0.0,5.9,95,61.0,0,0.0,-1,1.0,0.1,517,187.0,0,0,0.0,807.0,360.0,0,0,0.0,795.0,353.0,0.0,0.0,0.0,2668,0,23715,0,0.0,0.0,0.0,0.0,0.0,0.0,0.0,0.0,0.0,0.0,0.0,807.0,360.0,0.0,807.0,360.0,0.0,806.0,360.0,0.0,807.0,360.0,,,,27,,Christopher,Nkunku,Nkunku,has joined AC Milan permanently.,,0,0,0,0,0,0,0,0,0,0,0,0,0,,,,0.0,0.0,0.0,0.0,0.0,0,0,0
241,a,100.0,100.0,5.7,120,75.0,0,0.0,2,-2.0,7.9,48,16.0,87,2,4.0,74.0,33.0,10,427,2.6,126.0,59.0,0.5,15.3,0.0,3229043,809,3142012,1830,2.1,3.6,1.16,1.84,3.0,27.95,0.06,0.09,0.15,1.35,460.8,70.0,21.0,275.7,97.0,71.0,104.0,230.0,127.0,83.8,109.0,62.0,,,,27,,Moisés,Caicedo Corozo,Caicedo,,,1864,3,1,6,26,0,0,0,8,1,0,21,269,,,,0.0,0.29,1.26,1.01,12.99,66,78,125
244,a,100.0,50.0,4.9,342,211.0,0,0.0,-1,1.0,0.0,699,290.0,4,0,1.0,491.0,227.0,0,22,0.0,733.0,307.0,0.0,0.8,0.0,2548,3,4580,1,-0.5,0.5,0.0,0.05,0.05,2.79,0.0,0.04,0.04,2.39,9.6,457.0,205.0,7.5,430.0,209.0,2.0,449.0,222.0,1.8,466.0,212.0,,,,27,,Roméo,Lavia,Lavia,,,105,0,0,0,3,0,0,0,0,0,0,1,11,,,,0.0,0.0,2.57,0.86,9.43,2,5,4
245,s,0.0,0.0,4.9,331,206.0,0,0.0,-1,1.0,0.0,747,318.0,0,0,0.0,773.0,335.0,0,0,0.0,730.0,306.0,0.0,0.0,0.0,949,6,1262,1,0.0,0.0,0.0,0.0,0.0,0.0,0.0,0.0,0.0,0.0,0.0,772.0,334.0,0.0,769.0,335.0,0.0,764.0,333.0,0.0,773.0,335.0,,,,27,,Mykhailo,Mudryk,Mudryk,Suspended - unknown return date,,0,0,0,0,0,0,0,0,0,0,0,0,0,,,,0.0,0.0,0.0,0.0,0.0,0,0,0
246,a,100.0,100.0,4.5,459,276.0,0,0.0,0,0.0,0.3,324,109.0,28,2,1.4,422.0,189.0,0,158,1.8,189.0,81.0,0.4,6.2,0.0,72416,126,80240,52,1.3,2.8,1.7,0.79,2.49,13.12,0.17,0.08,0.25,1.33,144.4,299.0,135.0,124.8,211.0,141.0,63.0,288.0,155.0,33.2,306.0,153.0,,,,27,,Andrey,Nascimento dos Santos,Andrey Santos,,,885,0,0,1,10,0,0,0,4,0,0,9,97,,,,0.0,0.1,1.02,0.92,9.86,25,36,36
247,i,0.0,0.0,4.3,596,348.0,0,0.0,-2,2.0,0.1,580,216.0,0,0,0.0,645.0,242.0,0,0,0.0,552.0,182.0,0.0,0.0,0.0,11820,26,13781,10,0.0,0.0,0.0,0.0,0.0,0.0,0.0,0.0,0.0,0.0,0.0,634.0,232.0,0.0,630.0,238.0,0.0,605.0,225.0,0.0,637.0,235.0,,,,27,,Dário,Luís Essugo,D.Essugo,Knock - Expected back 01 Mar,,0,0,0,0,0,0,0,0,0,0,0,0,0,,,,0.0,0.0,0.0,0.0,0.0,0,0,0
248,u,0.0,0.0,4.5,499,307.0,0,0.0,0,0.0,0.0,778,338.0,0,0,0.0,740.0,310.0,0,0,0.0,675.0,268.0,0.0,0.0,0.0,0,0,948,0,0.0,0.0,0.0,0.0,0.0,0.0,0.0,0.0,0.0,0.0,0.0,739.0,309.0,0.0,734.0,310.0,0.0,721.0,306.0,0.0,740.0,310.0,,,,27,,Kendry,Páez Andrade,Paez,has joined River Plate on loan for the rest of the season.,,0,0,0,0,0,0,0,0,0,0,0,0,0,,,,0.0,0.0,0.0,0.0,0.0,0,0,0
249,a,,,7.7,20,6.0,0,0.0,2,-2.0,47.8,3,2.0,139,7,5.1,11.0,2.0,25,559,9.4,1.0,1.0,1.2,18.1,0.0,7393479,16330,8015444,17656,8.9,10.4,10.0,1.71,11.71,26.8,0.46,0.08,0.54,1.23,592.2,28.0,3.0,393.6,46.0,2.0,668.0,7.0,5.0,165.0,11.0,3.0,,,,27,,João Pedro,Junqueira de Jesus,João Pedro,,,1966,11,8,10,20,0,0,0,3,0,0,23,112,,,,0.0,0.46,0.92,1.05,5.13,19,35,58
250,a,100.0,100.0,6.2,75,24.0,0,0.0,-3,3.0,0.9,199,31.0,34,1,1.9,352.0,42.0,1,106,1.8,202.0,28.0,0.3,5.5,0.0,107655,62,460499,283,1.3,2.8,3.68,0.18,3.85,10.79,0.46,0.02,0.48,1.35,58.8,393.0,42.0,51.9,331.0,38.0,290.0,73.0,26.0,39.2,281.0,32.0,,,,27,,Liam,Delap,Delap,,,718,1,2,2,13,0,0,0,2,0,0,9,25,,,,0.0,0.25,1.63,1.13,3.13,2,7,16
251,u,0.0,0.0,6.5,54,19.0,0,0.0,0,0.0,0.1,531,76.0,0,0,0.0,813.0,91.0,0,0,0.0,809.0,89.0,0.0,0.0,0.0,4962,0,15326,1,0.0,0.0,0.0,0.0,0.0,0.0,0.0,0.0,0.0,0.0,0.0,813.0,91.0,0.0,813.0,91.0,0.0,813.0,91.0,0.0,813.0,91.0,,,,27,,Nicolas,Jackson,N.Jackson,has joined Bayern Munich on loan for the rest of the season.,,0,0,0,0,0,0,0,0,0,0,0,0,0,,,,0.0,0.0,0.0,0.0,0.0,0,0,0
252,a,100.0,100.0,4.1,655,91.0,-1,1.0,-4,4.0,5.9,63,12.0,12,0,1.3,424.0,52.0,0,19,0.0,528.0,51.0,0.0,2.9,0.0,1186015,548,2668893,1740,-0.5,1.0,1.46,0.29,1.75,5.65,0.53,0.11,0.64,2.06,24.6,438.0,52.0,38.8,352.0,42.0,81.0,261.0,46.0,12.6,394.0,47.0,,,,27,,Marc,Guiu Paz,Marc Guiu,,,247,0,1,0,2,0,0,0,1,0,0,1,7,,,,0.0,0.0,0.73,0.36,2.55,0,4,3
453,a,,,6.4,62,40.0,0,0.0,-1,1.0,0.5,265,91.0,42,0,2.6,263.0,112.0,2,151,0.4,347.0,158.0,0.1,6.6,0.0,234937,56,224615,238,-0.1,1.4,2.49,2.57,5.06,16.16,0.25,0.26,0.51,1.64,141.0,303.0,136.0,247.4,114.0,79.0,273.0,83.0,51.0,65.2,172.0,91.0,,,,27,,Alejandro,Garnacho Ferreyra,Garnacho,,,889,1,3,4,12,0,0,0,1,0,0,12,49,,,,0.0,0.4,1.21,1.21,4.96,8,7,34
672,a,100.0,100.0,4.6,403,70.0,0,0.0,-4,4.0,0.2,386,144.0,8,0,0.7,510.0,177.0,0,22,0.4,332.0,120.0,0.1,1.7,0.0,16222,26,38525,103,-0.1,1.4,0.26,0.32,0.58,7.13,0.06,0.08,0.14,1.71,80.0,366.0,140.0,66.1,303.0,101.0,20.0,377.0,131.0,16.6,373.0,131.0,,,,27,,Jorrel,Hato,Hato,,,376,0,0,0,10,0,0,0,3,0,0,3,41,,,,0.0,0.0,2.39,0.72,8.62,13,23,14
789,a,,,4.0,704,63.0,0,0.0,0,0.0,0.0,768,87.0,0,0,0.0,607.0,82.0,0,0,0.0,496.0,74.0,0.0,0.0,0.0,342,4,242,1,-0.5,1.0,0.0,0.0,0.0,0.0,0.0,0.0,0.0,0.0,0.0,596.0,82.0,0.0,589.0,70.0,0.0,557.0,57.0,0.0,599.0,82.0,,,,27,,Max,Merrick,Merrick,,,0,0,0,0,0,0,0,0,0,0,0,0,0,,,,0.0,0.0,0.0,0.0,0.0,0,0,0
803,a,,,4.0,697,59.0,0,0.0,0,0.0,0.0,796,91.0,0,0,0.0,602.0,78.0,0,0,0.0,491.0,70.0,0.0,0.0,0.0,114,1,52,3,-0.5,1.0,0.0,0.0,0.0,0.0,0.0,0.0,0.0,0.0,0.0,591.0,78.0,0.0,584.0,66.0,0.0,552.0,53.0,0.0,594.0,78.0,,,,27,,Teddy,Sharman-Lowe,Sharman-Lowe,,,0,0,0,0,0,0,0,0,0,0,0,0,0,,,,0.0,0.0,0.0,0.0,0.0,0,0,0
253,a,,,5.0,245,8.0,0,0.0,0,0.0,7.4,53,8.0,93,0,3.6,108.0,13.0,4,395,2.4,143.0,9.0,0.5,18.6,0.0,908832,181,885175,1727,1.9,2.9,0.0,0.1,0.1,33.78,0.0,0.0,0.0,1.3,546.0,40.0,11.0,10.0,423.0,11.0,0.0,771.0,89.0,55.5,211.0,11.0,,,,27,,Dean,Henderson,Henderson,,,2340,0,0,9,32,0,0,0,2,0,67,26,80,,,,2.58,0.35,1.23,1.0,0.0,0,36,209
254,a,100.0,100.0,4.0,665,45.0,0,0.0,0,0.0,0.3,316,43.0,0,0,0.0,576.0,65.0,0,0,0.0,463.0,56.0,0.0,0.0,0.0,14552,20,30240,13,-0.5,0.5,0.0,0.0,0.0,0.0,0.0,0.0,0.0,0.0,0.0,565.0,65.0,0.0,557.0,52.0,0.0,524.0,39.0,0.0,568.0,65.0,,,,27,,Walter,Benítez,Benitez,,,0,0,0,0,0,0,0,0,0,0,0,0,0,,,,0.0,0.0,0.0,0.0,0.0,0,0,0
255,a,,,3.9,747,76.0,0,0.0,-1,1.0,0.1,474,71.0,0,0,0.0,544.0,44.0,0,0,0.0,430.0,35.0,0.0,0.0,0.0,5873,13,8407,8,-0.5,0.5,0.0,0.0,0.0,0.0,0.0,0.0,0.0,0.0,0.0,533.0,44.0,0.0,523.0,29.0,0.0,489.0,16.0,0.0,536.0,44.0,,,,27,,Remi,Matthews,Matthews,,,0,0,0,0,0,0,0,0,0,0,0,0,0,,,,0.0,0.0,0.0,0.0,0.0,0,0,0
256,a,100.0,100.0,5.9,97,6.0,0,0.0,4,-4.0,8.4,43,14.0,98,0,5.4,9.0,2.0,7,341,1.8,201.0,73.0,0.3,16.6,0.0,3606107,1719,3672513,4089,1.3,2.3,1.94,3.27,5.21,20.75,0.11,0.19,0.3,1.18,400.8,97.0,44.0,275.2,98.0,24.0,276.0,80.0,6.0,95.0,82.0,19.0,,,,27,,Daniel,Muñoz Mejía,Muñoz,,,1586,3,3,8,18,0,0,0,5,0,0,18,161,,,,0.0,0.45,1.02,1.02,6.87,39,82,68
257,d,25.0,25.0,5.1,233,32.0,0,0.0,1,-1.0,5.7,64,20.0,116,0,4.5,33.0,12.0,7,415,3.4,71.0,26.0,0.7,22.7,0.0,1571407,75,1073688,15929,0.7,1.0,1.85,0.72,2.57,33.78,0.07,0.03,0.1,1.3,597.8,26.0,11.0,79.3,283.0,89.0,200.0,118.0,22.0,87.7,97.0,24.0,,,,27,,Maxence,Lacroix,Lacroix,Thigh injury - 25% chance of playing,,2340,0,2,9,32,0,0,0,3,0,0,26,303,,,,0.0,0.35,1.23,1.0,10.62,49,227,75
258,a,,,5.0,255,38.0,0,0.0,0,0.0,2.1,130,50.0,94,0,3.6,109.0,40.0,5,335,2.0,181.0,66.0,0.4,18.8,0.0,433733,362,362610,662,1.5,2.5,1.0,1.44,2.44,33.78,0.04,0.06,0.1,1.32,448.4,72.0,33.0,323.5,73.0,16.0,161.0,158.0,34.0,93.3,84.0,20.0,,,,27,,Tyrick,Mitchell,Mitchell,,,2308,1,0,9,32,0,0,0,5,0,0,26,225,,,,0.0,0.35,1.25,1.01,6.9,72,105,127
259,a,100.0,100.0,4.8,359,59.0,0,0.0,-2,2.0,0.1,446,164.0,5,0,1.0,487.0,173.0,0,10,0.2,374.0,138.0,0.0,1.0,0.0,10338,15,17756,17,-0.3,0.7,0.0,0.06,0.06,0.83,0.0,0.1,0.1,1.41,11.0,452.0,166.0,12.2,406.0,148.0,4.0,429.0,158.0,2.7,460.0,165.0,,,,27,,Borna,Sosa,Sosa,,,53,0,0,0,1,0,0,0,0,0,0,0,8,,,,0.0,0.0,1.7,0.0,11.89,3,4,1
261,a,100.0,100.0,4.4,536,115.0,0,0.0,-1,1.0,2.8,112,46.0,93,0,4.2,51.0,21.0,3,337,3.2,74.0,28.0,0.7,21.1,0.0,920961,310,757444,1675,2.7,3.7,0.98,1.26,2.24,27.21,0.04,0.06,0.1,1.24,521.4,48.0,22.0,100.9,246.0,71.0,125.0,207.0,51.0,75.0,131.0,44.0,,,,27,,Chris,Richards,Richards,,,1972,1,0,8,28,0,0,0,3,0,0,22,236,,,,0.0,0.37,1.28,1.0,10.22,47,177,45
262,a,100.0,100.0,4.0,702,183.0,0,0.0,0,0.0,0.0,622,222.0,6,0,2.0,323.0,118.0,0,29,1.2,240.0,90.0,0.3,1.5,0.0,4370,28,2905,17,0.7,1.7,0.09,0.03,0.12,0.4,0.07,0.02,0.09,0.3,39.2,413.0,155.0,16.9,395.0,143.0,8.0,404.0,149.0,6.4,433.0,156.0,,,,27,,Chadi,Riad Dnanou,Chadi Riad,,,119,0,1,0,1,0,0,0,1,0,0,1,7,,,,0.0,0.0,0.76,0.76,5.29,0,7,6
263,a,100.0,100.0,3.8,782,232.0,0,0.0,-2,2.0,0.6,246,92.0,14,0,2.0,322.0,117.0,2,50,0.0,396.0,147.0,0.0,3.7,0.0,89138,38,98682,135,-0.5,0.5,0.43,0.56,0.99,5.77,0.09,0.12,0.21,1.24,74.4,376.0,144.0,46.3,343.0,118.0,31.0,349.0,114.0,15.1,382.0,135.0,,,,27,,Nathaniel,Clyne,Clyne,,,418,0,1,0,8,0,0,0,0,0,0,6,34,,,,0.0,0.0,1.72,1.29,7.32,12,22,15
264,u,0.0,0.0,4.0,666,163.0,0,0.0,0,0.0,0.0,692,240.0,0,0,0.0,577.0,211.0,0,0,0.0,464.0,182.0,0.0,0.0,0.0,0,0,3902,1,0.0,0.0,0.0,0.0,0.0,0.0,0.0,0.0,0.0,0.0,0.0,566.0,210.0,0.0,558.0,210.0,0.0,525.0,203.0,0.0,569.0,210.0,,,,27,,Rob,Holding,Holding,Has joined Colorado Rapids permanently.,,0,0,0,0,0,0,0,0,0,0,0,0,0,,,,0.0,0.0,0.0,0.0,0.0,0,0,0
265,a,100.0,100.0,4.0,720,197.0,0,0.0,0,0.0,0.0,725,251.0,0,0,0.0,621.0,236.0,0,0,0.0,512.0,210.0,0.0,0.0,0.0,673,8,2245,1,-0.5,0.5,0.0,0.0,0.0,0.0,0.0,0.0,0.0,0.0,0.0,610.0,235.0,0.0,603.0,235.0,0.0,572.0,230.0,0.0,613.0,235.0,,,,27,,Caleb,Kporha,Kporha,,,0,0,0,0,0,0,0,0,0,0,0,0,0,,,,0.0,0.0,0.0,0.0,0.0,0,0,0
267,a,100.0,100.0,6.4,56,35.0,0,0.0,-1,1.0,4.0,84,27.0,71,0,4.4,41.0,20.0,6,222,3.8,46.0,23.0,0.6,11.1,0.0,2523782,989,2634711,2217,3.3,4.3,6.31,0.63,6.93,18.39,0.42,0.04,0.46,1.21,279.6,189.0,76.0,191.6,157.0,110.0,311.0,65.0,39.0,78.4,122.0,68.0,,,,27,,Ismaïla,Sarr,Sarr,,,1366,5,1,7,16,0,0,0,1,0,0,16,91,,,,0.0,0.46,1.05,1.05,6.0,12,29,50
268,i,0.0,0.0,4.9,326,203.0,0,0.0,-1,1.0,0.0,791,349.0,0,0,0.0,770.0,333.0,0,0,0.0,726.0,304.0,0.0,0.0,0.0,410,3,638,1,0.0,0.0,0.0,0.0,0.0,0.0,0.0,0.0,0.0,0.0,0.0,769.0,332.0,0.0,766.0,333.0,0.0,761.0,331.0,0.0,770.0,333.0,,,,27,,Cheick,Doucouré,Doucouré,Knee injury - Unknown return date,,0,0,0,0,0,0,0,0,0,0,0,0,0,,,,0.0,0.0,0.0,0.0,0.0,0,0,0
269,u,0.0,0.0,4.7,394,247.0,0,0.0,-3,3.0,0.1,452,155.0,4,0,1.0,485.0,223.0,0,12,0.0,699.0,285.0,0.0,0.9,0.0,11622,0,28535,13,0.0,0.0,0.0,0.04,0.04,1.74,0.0,0.09,0.09,3.92,6.8,463.0,210.0,2.7,447.0,215.0,6.0,422.0,205.0,1.5,472.0,216.0,,,,27,,Romain,Esse,Esse,has joined Coventry City on loan for the rest of the season.,,40,0,0,0,0,0,0,0,0,0,0,0,5,,,,0.0,0.0,0.0,0.0,11.25,3,0,2
270,a,100.0,100.0,4.7,377,236.0,0,0.0,-3,3.0,0.1,464,159.0,37,0,1.6,387.0,171.0,0,178,1.2,242.0,103.0,0.3,7.9,0.0,20868,10,23711,22,0.7,1.7,1.06,1.64,2.7,16.88,0.08,0.13,0.21,1.32,151.4,293.0,129.0,274.2,99.0,72.0,81.0,262.0,143.0,50.7,229.0,114.0,5.0,,,27,,Will,Hughes,Hughes,,,1155,0,1,5,13,0,0,0,5,0,0,13,113,,,,0.0,0.39,1.01,1.01,8.81,21,41,51
271,a,100.0,100.0,5.0,249,151.0,0,0.0,0,0.0,0.1,528,190.0,48,0,3.0,192.0,79.0,0,218,0.6,310.0,139.0,0.1,9.6,0.0,43520,14,42638,3,0.1,1.1,1.36,1.96,3.32,14.71,0.1,0.14,0.24,1.06,155.0,290.0,128.0,199.0,154.0,107.0,126.0,206.0,113.0,48.1,240.0,121.0,2.0,,,27,,Daichi,Kamada,Kamada,,,1250,0,2,6,14,0,0,0,1,0,0,15,140,,,,0.0,0.43,1.01,1.08,10.08,42,24,74
273,a,100.0,100.0,5.0,268,163.0,0,0.0,0,0.0,0.6,231,81.0,76,0,3.3,146.0,63.0,4,362,1.8,195.0,83.0,0.4,15.2,0.0,164137,105,165036,176,1.3,2.3,1.04,5.05,6.08,28.94,0.05,0.24,0.29,1.37,323.4,154.0,54.0,471.8,26.0,25.0,116.0,216.0,119.0,91.3,87.0,53.0,3.0,,,27,,Adam,Wharton,Wharton,,,1898,0,4,7,30,0,0,0,3,1,0,23,226,,,,0.0,0.33,1.42,1.09,10.72,54,53,119
274,a,,,4.3,612,358.0,0,0.0,-2,2.0,0.1,491,174.0,0,0,0.0,655.0,250.0,0,0,0.0,566.0,192.0,0.0,0.0,0.0,11699,100,8982,30,-0.5,0.5,0.0,0.0,0.0,0.0,0.0,0.0,0.0,0.0,0.0,644.0,240.0,0.0,641.0,246.0,0.0,617.0,234.0,0.0,647.0,243.0,,,,27,,Asher,Agbinone,Agbinone,,,0,0,0,0,0,0,0,0,0,0,0,0,0,,,,0.0,0.0,0.0,0.0,0.0,0,0,0
275,u,0.0,0.0,4.3,589,345.0,0,0.0,-2,2.0,0.0,619,241.0,0,0,0.0,643.0,240.0,0,0,0.0,549.0,179.0,0.0,0.0,0.0,5497,0,7613,4,0.0,0.0,0.0,0.0,0.0,0.0,0.0,0.0,0.0,0.0,0.0,632.0,230.0,0.0,628.0,236.0,0.0,603.0,223.0,0.0,635.0,233.0,,,,27,,Naouirou,Ahamada,Ahamada,has joined AJ Auxerre permanently.,,0,0,0,0,0,0,0,0,0,0,0,0,0,,,,0.0,0.0,0.0,0.0,0.0,0,0,0
276,a,100.0,100.0,4.3,593,347.0,0,0.0,-2,2.0,1.3,165,54.0,29,0,1.6,385.0,169.0,0,81,0.0,551.0,181.0,0.0,6.7,0.0,278149,387,319081,263,-0.5,0.5,2.38,0.36,2.74,10.05,0.36,0.05,0.41,1.53,86.6,358.0,160.0,94.5,255.0,156.0,164.0,151.0,86.0,34.5,299.0,149.0,,2.0,,27,,Justin,Devenny,Devenny,,,593,1,0,1,10,0,0,0,0,0,0,5,48,,,,0.0,0.15,1.52,0.76,7.28,16,8,24
277,u,0.0,0.0,4.5,433,259.0,0,0.0,0,0.0,0.0,795,351.0,0,0,0.0,699.0,276.0,0,0,0.0,625.0,226.0,0.0,0.0,0.0,0,0,747,0,0.0,0.0,0.0,0.0,0.0,0.0,0.0,0.0,0.0,0.0,0.0,692.0,270.0,0.0,689.0,274.0,0.0,672.0,267.0,0.0,695.0,273.0,,,,27,,Malcolm,Ebiowei,Ebiowei,Has joined Blackpool permanently.,,0,0,0,0,0,0,0,0,0,0,0,0,0,,,,0.0,0.0,0.0,0.0,0.0,0,0,0
278,u,0.0,0.0,4.4,542,324.0,0,0.0,-1,1.0,0.0,643,257.0,0,0,0.0,669.0,257.0,0,0,0.0,586.0,202.0,0.0,0.0,0.0,4359,0,9469,1,0.0,0.0,0.0,0.0,0.0,0.0,0.0,0.0,0.0,0.0,0.0,659.0,248.0,0.0,656.0,254.0,0.0,634.0,243.0,0.0,662.0,251.0,,,,27,,Jesurun,Rak-Sakyi,J.Rak-Sakyi,has joined Stoke City on loan for the rest of the season.,,0,0,0,0,0,0,0,0,0,0,0,0,0,,,,0.0,0.0,0.0,0.0,0.0,0,0,0
279,u,0.0,0.0,4.5,463,280.0,0,0.0,0,0.0,0.0,762,326.0,0,0,0.0,717.0,293.0,0,0,0.0,645.0,244.0,0.0,0.0,0.0,95,0,1645,0,0.0,0.0,0.0,0.0,0.0,0.0,0.0,0.0,0.0,0.0,0.0,711.0,288.0,0.0,708.0,291.0,0.0,692.0,284.0,0.0,713.0,290.0,,,,27,,Matheus,França de Oliveira,M.França,Has joined CR Vasco da Gama on loan for the rest of the season.,,0,0,0,0,0,0,0,0,0,0,0,0,0,,,,0.0,0.0,0.0,0.0,0.0,0,0,0
280,u,0.0,0.0,4.5,458,275.0,0,0.0,0,0.0,0.0,810,361.0,0,0,0.0,714.0,290.0,0,0,0.0,642.0,241.0,0.0,0.0,0.0,0,0,191,0,0.0,0.0,0.0,0.0,0.0,0.0,0.0,0.0,0.0,0.0,0.0,708.0,285.0,0.0,705.0,288.0,0.0,689.0,281.0,0.0,710.0,287.0,,,,27,,David,Ozoh,Ozoh,Has joined Derby County on loan for the rest of the season.,,0,0,0,0,0,0,0,0,0,0,0,0,0,,,,0.0,0.0,0.0,0.0,0.0,0,0,0
281,a,,,4.4,553,332.0,0,0.0,-1,1.0,0.0,584,219.0,1,0,1.0,468.0,208.0,0,2,0.0,592.0,208.0,0.0,0.2,0.0,5521,12,6661,5,-0.5,0.5,0.0,0.0,0.0,0.65,0.0,0.0,0.0,19.5,0.0,665.0,254.0,0.1,485.0,235.0,0.0,641.0,250.0,0.0,668.0,257.0,,,,27,,Kaden,Rodney,Rodney,,,3,0,0,0,0,0,0,0,0,0,0,0,0,,,,0.0,0.0,0.0,0.0,0.0,0,0,0
282,u,0.0,0.0,4.5,477,291.0,0,0.0,0,0.0,0.0,696,288.0,0,0,0.0,726.0,300.0,0,0,0.0,657.0,254.0,0.0,0.0,0.0,860,0,3046,0,0.0,0.0,0.0,0.0,0.0,0.0,0.0,0.0,0.0,0.0,0.0,722.0,297.0,0.0,718.0,299.0,0.0,704.0,294.0,0.0,724.0,299.0,,,,27,,Franco,Umeh-Chibueze,Umeh,has joined Portsmouth permanently.,,0,0,0,0,0,0,0,0,0,0,0,0,0,,,,0.0,0.0,0.0,0.0,0.0,0,0,0
283,i,0.0,0.0,7.5,23,8.0,0,0.0,0,0.0,6.9,56,11.0,84,0,3.7,100.0,7.0,9,281,0.4,348.0,47.0,0.1,11.2,0.0,4729697,10,5088430,2221,0.0,0.0,11.88,1.26,13.14,26.67,0.56,0.06,0.62,1.26,411.8,92.0,7.0,119.7,221.0,22.0,664.0,8.0,6.0,119.4,39.0,9.0,,,2.0,27,,Jean-Philippe,Mateta,Mateta,Knee injury - Expected back 14 Mar,,1904,8,0,8,23,0,0,0,2,0,0,23,110,,,,0.0,0.38,1.09,1.09,5.2,8,51,51
284,i,0.0,0.0,5.4,166,43.0,0,0.0,-1,1.0,0.3,315,51.0,23,0,1.9,348.0,41.0,3,100,0.0,775.0,82.0,0.0,4.3,0.0,124290,7,144218,59,0.0,0.0,1.77,0.46,2.23,9.49,0.38,0.1,0.48,2.06,120.0,319.0,31.0,84.6,275.0,27.0,173.0,144.0,34.0,37.8,287.0,33.0,,,,27,,Eddie,Nketiah,Nketiah,Hamstring injury - Unknown return date,,414,2,0,0,12,0,0,0,2,0,0,2,38,,,,0.0,0.0,2.61,0.43,8.26,8,13,17
285,u,0.0,0.0,5.0,247,54.0,0,0.0,0,0.0,0.2,369,59.0,1,0,1.0,493.0,60.0,0,6,0.0,740.0,79.0,0.0,0.2,0.0,9044,0,89339,5,0.0,0.0,0.0,0.0,0.0,0.27,0.0,0.0,0.0,12.15,2.0,483.0,57.0,0.0,775.0,86.0,0.0,772.0,86.0,0.2,500.0,62.0,,,,27,,Odsonne,Édouard,Édouard,has joined RC Lens permanently.,,2,0,0,0,0,0,0,0,0,0,0,0,1,,,,0.0,0.0,0.0,0.0,45.0,1,0,0
654,a,100.0,100.0,6.2,73,23.0,0,0.0,-3,3.0,2.5,116,20.0,53,0,2.2,312.0,35.0,3,148,3.2,89.0,9.0,0.5,8.5,0.0,423252,2034,629827,2021,2.7,3.7,3.76,0.52,4.28,23.41,0.21,0.03,0.24,1.33,195.2,257.0,23.0,123.0,213.0,21.0,343.0,56.0,22.0,65.3,170.0,20.0,,,,27,,Jørgen,Strand Larsen,Strand Larsen,,,1579,3,1,4,29,0,0,1,3,0,0,16,61,,,,0.0,0.23,1.65,0.91,3.48,6,33,22
677,a,100.0,100.0,6.2,76,50.0,0,0.0,-3,3.0,0.0,599,227.0,30,0,2.0,334.0,146.0,0,98,1.0,275.0,121.0,0.2,4.8,0.0,8544,19,12623,16,0.5,1.5,1.27,0.5,1.77,9.39,0.17,0.07,0.24,1.25,115.6,324.0,147.0,68.2,298.0,170.0,146.0,173.0,98.0,32.6,309.0,154.0,,,,27,,Evann,Guessand,Guessand,,,674,0,3,1,13,0,0,0,0,0,0,7,65,,,,0.0,0.13,1.74,0.93,8.68,22,11,32
798,u,0.0,0.0,4.0,698,181.0,0,0.0,0,0.0,0.0,794,263.0,0,0,0.0,603.0,224.0,0,0,0.0,492.0,196.0,0.0,0.0,0.0,142,0,144,0,0.0,0.0,0.0,0.0,0.0,0.0,0.0,0.0,0.0,0.0,0.0,592.0,223.0,0.0,585.0,223.0,0.0,553.0,217.0,0.0,595.0,223.0,,,,27,,Danny,Imray,Imray,has joined West Brom on loan for the rest of the season.,,0,0,0,0,0,0,0,0,0,0,0,0,0,,,,0.0,0.0,0.0,0.0,0.0,0,0,0
242,a,100.0,100.0,5.0,250,152.0,1,-1.0,0,0.0,3.3,100,32.0,93,0,4.9,17.0,11.0,13,360,3.6,56.0,28.0,0.7,18.6,0.0,1720272,2354,1843862,650,3.6,3.1,2.37,3.26,5.63,22.44,0.14,0.19,0.33,1.29,346.0,133.0,43.0,372.9,52.0,43.0,251.0,92.0,56.0,97.0,79.0,47.0,2.0,,,27,,Kiernan,Dewsbury-Hall,Dewsbury-Hall,,,1560,5,4,6,20,0,0,0,5,0,0,18,126,,,,0.0,0.35,1.15,1.04,7.27,30,30,66
243,a,,,4.8,374,235.0,0,0.0,-2,2.0,0.1,534,194.0,7,0,1.2,438.0,196.0,0,4,0.6,307.0,137.0,0.1,1.5,0.0,8554,18,9551,9,0.6,0.1,0.4,0.12,0.52,2.34,0.16,0.05,0.21,0.94,8.2,460.0,208.0,11.8,407.0,202.0,66.0,283.0,152.0,8.2,420.0,189.0,,,,27,,Tyrique,George,George,,,224,0,0,1,3,0,0,0,2,0,0,1,10,,,,0.0,0.4,1.21,0.4,4.02,2,1,7
287,a,,,5.6,125,2.0,0,0.0,1,-1.0,13.3,28,4.0,108,0,4.2,54.0,2.0,11,422,1.6,212.0,18.0,0.3,19.3,0.0,1531615,1049,1300357,2833,1.6,1.1,0.0,0.14,0.14,38.14,0.0,0.01,0.01,1.47,624.0,20.0,5.0,0.2,480.0,13.0,2.0,452.0,3.0,62.6,185.0,6.0,,,,27,,Jordan,Pickford,Pickford,,,2340,0,0,9,30,0,1,0,1,0,71,26,97,,,,2.73,0.35,1.15,1.0,0.0,1,36,220
288,a,,,4.3,584,28.0,0,0.0,-2,2.0,0.1,456,69.0,0,0,0.0,642.0,89.0,0,0,0.0,548.0,83.0,0.0,0.0,0.0,4428,6,11773,15,0.0,-0.5,0.0,0.0,0.0,0.0,0.0,0.0,0.0,0.0,0.0,631.0,89.0,0.0,627.0,80.0,0.0,602.0,69.0,0.0,634.0,89.0,,,,27,,Mark,Travers,Travers,,,0,0,0,0,0,0,0,0,0,0,0,0,0,,,,0.0,0.0,0.0,0.0,0.0,0,0,0
289,u,0.0,0.0,3.9,757,80.0,0,0.0,-1,1.0,0.1,485,73.0,0,0,0.0,550.0,48.0,0,0,0.0,436.0,39.0,0.0,0.0,0.0,4633,0,9769,14,0.0,0.0,0.0,0.0,0.0,0.0,0.0,0.0,0.0,0.0,0.0,539.0,48.0,0.0,529.0,33.0,0.0,495.0,20.0,0.0,542.0,48.0,,,,27,,Harry,Tyrer,Tyrer,has joined Cardiff City permanently.,,0,0,0,0,0,0,0,0,0,0,0,0,0,,,,0.0,0.0,0.0,0.0,0.0,0,0,0
290,a,100.0,100.0,5.3,200,24.0,0,0.0,-2,2.0,0.2,359,130.0,7,0,1.8,372.0,136.0,0,30,1.4,236.0,88.0,0.3,1.3,0.0,14525,167,71653,60,1.4,0.9,0.18,0.04,0.22,3.03,0.07,0.02,0.09,1.2,38.2,417.0,157.0,16.2,397.0,145.0,24.0,364.0,122.0,7.8,426.0,152.0,,,,27,,Jarrad,Branthwaite,Branthwaite,,,228,0,1,0,3,0,0,0,1,0,0,2,20,,,,0.0,0.0,1.18,0.79,7.89,2,18,12
291,a,,,5.7,113,9.0,0,0.0,2,-2.0,11.4,31,11.0,117,0,4.5,34.0,13.0,6,420,1.8,197.0,71.0,0.3,20.5,0.0,2268402,1518,1676417,7898,1.8,1.3,1.72,1.3,3.02,38.14,0.07,0.05,0.12,1.47,650.0,13.0,4.0,174.1,174.0,42.0,232.0,98.0,11.0,106.0,54.0,9.0,,,,27,,James,Tarkowski,Tarkowski,,,2340,0,1,9,30,0,0,0,4,0,0,26,304,,,,0.0,0.35,1.15,1.0,10.69,36,242,62
292,a,100.0,100.0,4.9,314,50.0,0,0.0,-1,1.0,0.6,242,91.0,67,0,3.0,191.0,77.0,1,248,1.0,265.0,97.0,0.2,13.7,0.0,137554,84,165651,297,1.0,0.5,0.28,2.14,2.42,31.58,0.01,0.1,0.11,1.44,356.6,124.0,56.0,272.0,101.0,25.0,65.0,285.0,83.0,69.3,151.0,48.0,,,,27,,Vitalii,Mykolenko,Mykolenko,,,1969,0,1,7,28,1,0,0,5,0,0,22,169,,,,0.0,0.32,1.28,1.01,6.72,29,118,71
293,a,100.0,0.0,4.9,340,56.0,0,0.0,-1,1.0,0.7,223,85.0,86,0,3.3,144.0,57.0,2,290,2.0,179.0,65.0,0.4,17.6,0.0,162055,43,153093,772,2.0,0.0,0.83,0.68,1.51,37.23,0.03,0.03,0.06,1.53,415.4,90.0,40.0,211.0,143.0,36.0,124.0,210.0,53.0,75.3,128.0,42.0,,,,27,,Jake,O'Brien,O'Brien,,,2186,0,2,8,29,0,0,0,2,1,0,24,195,,,,0.0,0.33,1.19,0.99,6.88,39,128,86
295,a,100.0,100.0,4.6,396,66.0,-1,1.0,1,-1.0,3.5,92,33.0,103,0,4.7,25.0,10.0,8,309,1.4,228.0,87.0,0.3,22.4,0.0,1378247,559,996156,2263,1.4,0.9,1.85,0.18,2.03,31.49,0.09,0.01,0.1,1.53,556.4,36.0,14.0,27.6,373.0,132.0,215.0,106.0,15.0,79.8,116.0,36.0,,,,27,,Michael,Keane,Keane,,,1857,3,0,6,27,0,0,0,0,1,0,21,243,,,,0.0,0.29,1.31,1.02,10.32,25,188,61
296,a,100.0,100.0,4.4,535,114.0,0,0.0,-1,1.0,0.0,621,221.0,21,0,3.5,117.0,42.0,0,68,0.6,303.0,105.0,0.1,4.8,0.0,5622,4,6074,15,0.6,0.1,0.03,0.04,0.07,3.55,0.01,0.02,0.03,1.35,63.6,388.0,148.0,6.4,435.0,157.0,17.0,385.0,136.0,8.6,418.0,150.0,,,,27,,Nathan,Patterson,Patterson,,,237,0,0,2,1,0,0,0,0,0,0,3,30,,,,0.0,0.76,0.38,1.14,11.39,10,20,14
297,u,0.0,0.0,3.8,797,246.0,0,0.0,-2,2.0,0.2,396,147.0,0,0,0.0,524.0,190.0,0,0,0.0,407.0,157.0,0.0,0.0,0.0,9298,0,20900,26,0.0,0.0,0.0,0.0,0.0,0.0,0.0,0.0,0.0,0.0,0.0,513.0,189.0,0.0,500.0,187.0,0.0,465.0,178.0,0.0,516.0,189.0,,,,27,,Roman,Dixon,Dixon,has joined Stockport County on loan for the rest of the season.,,0,0,0,0,0,0,0,0,0,0,0,0,0,,,,0.0,0.0,0.0,0.0,0.0,0,0,0
298,a,,,3.8,795,244.0,0,0.0,-2,2.0,0.1,423,156.0,0,0,0.0,522.0,188.0,0,0,0.0,405.0,155.0,0.0,0.0,0.0,7336,21,14536,5,0.0,-0.5,0.0,0.0,0.0,0.0,0.0,0.0,0.0,0.0,0.0,511.0,187.0,0.0,498.0,185.0,0.0,463.0,176.0,0.0,514.0,187.0,,,,27,,Reece,Welch,Welch,,,0,0,0,0,0,0,0,0,0,0,0,0,0,,,,0.0,0.0,0.0,0.0,0.0,0,0,0
299,a,100.0,100.0,6.2,74,49.0,0,0.0,-3,3.0,3.9,87,29.0,88,0,4.4,40.0,19.0,5,361,3.0,102.0,49.0,0.5,14.2,0.0,1664540,1122,2493547,534,3.0,2.5,4.38,3.64,8.02,25.25,0.23,0.19,0.42,1.33,417.0,87.0,28.0,309.9,81.0,60.0,384.0,41.0,25.0,111.3,46.0,33.0,,,1.0,27,,Iliman,Ndiaye,Ndiaye,,,1703,5,2,6,24,0,0,0,2,0,0,20,186,,,,0.0,0.32,1.27,1.06,9.83,46,21,119
300,a,,,5.5,145,90.0,0,0.0,-5,5.0,0.1,418,142.0,29,0,2.1,320.0,140.0,0,99,0.2,389.0,174.0,0.0,5.3,0.0,31361,9,62484,37,0.2,-0.3,0.46,0.68,1.14,12.17,0.07,0.1,0.17,1.78,76.0,374.0,166.0,127.8,206.0,137.0,45.0,320.0,167.0,24.9,342.0,165.0,,,,27,,Dwight,McNeil,McNeil,,,615,0,2,3,4,0,0,0,1,0,0,7,53,,,,0.0,0.44,0.59,1.02,7.76,11,11,31
301,a,100.0,100.0,5.2,215,133.0,0,0.0,-3,3.0,0.1,513,186.0,26,0,1.6,393.0,175.0,0,111,0.2,385.0,171.0,0.0,5.0,0.0,17004,7,29224,5,0.2,-0.3,1.04,0.44,1.48,13.03,0.14,0.06,0.2,1.76,83.0,361.0,161.0,144.5,192.0,128.0,156.0,162.0,90.0,38.4,286.0,142.0,,,,27,,Carlos,Alcaraz Durán,Alcaraz,,,667,0,1,3,8,0,0,0,3,0,0,6,64,,,,0.0,0.4,1.08,0.81,8.64,13,10,41
302,a,100.0,100.0,5.4,156,96.0,0,0.0,-1,1.0,0.1,495,177.0,55,0,3.2,161.0,69.0,4,274,2.2,164.0,75.0,0.4,10.2,0.0,22550,33,28011,12,2.2,1.7,1.26,0.87,2.13,22.05,0.08,0.06,0.14,1.42,265.0,201.0,83.0,179.8,168.0,117.0,147.0,171.0,96.0,59.2,197.0,101.0,,,,27,,Idrissa Gana,Gueye,Gana,,,1400,2,1,3,18,0,0,0,1,1,0,17,145,,,,0.0,0.19,1.16,1.09,9.32,33,36,76
303,a,,,5.2,212,131.0,0,0.0,2,-2.0,3.9,85,28.0,111,0,4.3,44.0,21.0,11,565,2.4,146.0,64.0,0.5,21.3,0.0,980303,1124,517155,2263,2.4,1.9,1.78,4.25,6.03,38.08,0.07,0.16,0.23,1.47,598.2,25.0,6.0,590.2,12.0,12.0,198.0,119.0,68.0,138.8,23.0,19.0,3.0,3.0,,27,,James,Garner,Garner,,,2333,2,3,9,30,0,0,0,6,0,0,26,322,,,,0.0,0.35,1.16,1.0,12.42,79,109,134
304,a,100.0,100.0,4.8,368,230.0,0,0.0,-2,2.0,0.0,616,239.0,50,0,2.6,256.0,105.0,1,158,0.2,376.0,166.0,0.0,10.4,0.0,5540,7,6332,8,0.2,-0.3,0.35,0.58,0.93,15.04,0.03,0.06,0.09,1.45,162.8,280.0,122.0,79.6,282.0,165.0,46.0,318.0,166.0,28.7,330.0,157.0,,,,27,,Tim,Iroegbunam,Iroegbunam,,,934,0,3,7,9,0,0,0,8,0,0,11,126,,,,0.0,0.67,0.87,1.06,12.14,43,28,55
305,a,100.0,100.0,4.5,498,306.0,0,0.0,0,0.0,0.1,507,182.0,15,0,1.9,339.0,148.0,0,57,1.2,241.0,102.0,0.3,3.3,0.0,10613,38,16838,30,1.2,0.7,0.7,0.17,0.87,7.49,0.15,0.04,0.19,1.64,47.0,403.0,179.0,50.9,333.0,182.0,59.0,300.0,160.0,15.8,377.0,178.0,,,,27,,Harrison,Armstrong,Armstrong,,,410,0,0,1,6,0,0,0,0,0,0,5,42,,,,0.0,0.22,1.32,1.1,9.22,10,13,19
306,a,,,4.3,609,356.0,0,0.0,-2,2.0,0.1,482,169.0,0,0,0.0,653.0,248.0,0,0,0.0,563.0,190.0,0.0,0.0,0.0,13307,44,13771,13,0.0,-0.5,0.0,0.0,0.0,0.0,0.0,0.0,0.0,0.0,0.0,642.0,238.0,0.0,639.0,244.0,0.0,615.0,232.0,0.0,645.0,241.0,,,,27,,Callum,Bates,Bates,,,0,0,0,0,0,0,0,0,0,0,0,0,0,,,,0.0,0.0,0.0,0.0,0.0,0,0,0
307,a,,,4.4,548,328.0,0,0.0,-1,1.0,0.0,602,229.0,0,0,0.0,672.0,260.0,0,0,0.0,589.0,205.0,0.0,0.0,0.0,4575,6,6141,7,0.0,-0.5,0.0,0.0,0.0,0.0,0.0,0.0,0.0,0.0,0.0,662.0,251.0,0.0,659.0,257.0,0.0,637.0,246.0,0.0,665.0,254.0,,,,27,,Coby,Ebere,Ebere,,,0,0,0,0,0,0,0,0,0,0,0,0,0,,,,0.0,0.0,0.0,0.0,0.0,0,0,0
308,u,0.0,0.0,4.5,452,270.0,0,0.0,0,0.0,0.0,693,286.0,0,0,0.0,709.0,285.0,0,0,0.0,636.0,236.0,0.0,0.0,0.0,458,0,3740,1,0.0,0.0,0.0,0.0,0.0,0.0,0.0,0.0,0.0,0.0,0.0,703.0,280.0,0.0,700.0,283.0,0.0,684.0,276.0,0.0,705.0,282.0,,,,27,,Isaac,Heath,Heath,has joined Accrington on loan for the rest of the season.,,0,0,0,0,0,0,0,0,0,0,0,0,0,,,,0.0,0.0,0.0,0.0,0.0,0,0,0
309,u,0.0,0.0,4.5,448,268.0,0,0.0,0,0.0,0.0,816,366.0,0,0,0.0,707.0,283.0,0,0,0.0,634.0,234.0,0.0,0.0,0.0,0,0,113,0,0.0,0.0,0.0,0.0,0.0,0.0,0.0,0.0,0.0,0.0,0.0,701.0,278.0,0.0,698.0,281.0,0.0,682.0,274.0,0.0,703.0,280.0,,,,27,,Jenson,Metcalfe,Metcalfe,Has joined Bradford City permanently.,,0,0,0,0,0,0,0,0,0,0,0,0,0,,,,0.0,0.0,0.0,0.0,0.0,0,0,0
310,a,,,5.7,121,33.0,0,0.0,-3,3.0,1.1,185,30.0,65,0,2.5,276.0,30.0,5,189,3.0,101.0,11.0,0.5,11.4,0.0,272903,300,225462,837,3.0,2.5,5.22,0.35,5.57,23.64,0.32,0.02,0.34,1.43,212.8,245.0,21.0,162.2,181.0,16.0,375.0,46.0,18.0,72.7,137.0,17.0,,,,27,,Thierno,Barry,Barry,,,1486,5,0,7,20,0,0,0,2,0,0,18,49,,,,0.0,0.42,1.21,1.09,2.97,2,24,23
313,u,0.0,0.0,4.4,555,78.0,0,0.0,-1,1.0,0.1,442,65.0,0,0,0.0,676.0,71.0,0,0,0.0,594.0,61.0,0.0,0.0,0.0,9203,0,26244,5,0.0,0.0,0.0,0.0,0.0,0.0,0.0,0.0,0.0,0.0,0.0,667.0,71.0,0.0,663.0,70.0,0.0,643.0,70.0,0.0,670.0,71.0,,,,27,,Martin,Sherif,Sherif,has joined Port Vale on loan for the rest of the season.,,0,0,0,0,0,0,0,0,0,0,0,0,0,,,,0.0,0.0,0.0,0.0,0.0,0,0,0
419,i,0.0,0.0,6.3,65,43.0,0,0.0,-2,2.0,6.1,59,21.0,79,0,4.0,76.0,34.0,12,356,0.0,803.0,359.0,0.0,12.5,0.0,3790185,10,3743595,1180,0.0,0.0,2.05,3.37,5.41,25.81,0.11,0.19,0.3,1.43,374.2,113.0,38.0,520.5,20.0,20.0,397.0,36.0,21.0,129.2,30.0,23.0,,,,27,,Jack,Grealish,Grealish,Foot injury - Expected back 01 Jun,,1627,2,6,7,23,0,0,0,3,1,0,18,135,,,,0.0,0.39,1.27,1.0,7.47,20,27,88
630,a,,,3.9,745,74.0,0,0.0,-1,1.0,1.3,169,21.0,0,0,0.0,542.0,42.0,0,0,0.0,428.0,33.0,0.0,0.0,0.0,70063,40,96772,74,0.0,-0.5,0.0,0.0,0.0,0.0,0.0,0.0,0.0,0.0,0.0,531.0,42.0,0.0,521.0,27.0,0.0,487.0,14.0,0.0,534.0,42.0,,,,27,,Tom,King,King,,,0,0,0,0,0,0,0,0,0,0,0,0,0,,,,0.0,0.0,0.0,0.0,0.0,0,0,0
667,a,100.0,100.0,4.2,639,151.0,0,0.0,-3,3.0,0.1,572,205.0,0,0,0.0,636.0,247.0,0,0,0.0,534.0,225.0,0.0,0.0,0.0,2614,4,12321,4,0.0,-0.5,0.0,0.0,0.0,0.0,0.0,0.0,0.0,0.0,0.0,626.0,247.0,0.0,621.0,246.0,0.0,594.0,244.0,0.0,629.0,247.0,,,,27,,Adam,Aznou,Aznou,,,0,0,0,0,0,0,0,0,0,0,0,0,0,,,,0.0,0.0,0.0,0.0,0.0,0,0,0
704,u,0.0,0.0,4.5,437,261.0,0,0.0,0,0.0,0.0,582,217.0,0,0,0.0,702.0,278.0,0,0,0.0,628.0,228.0,0.0,0.0,0.0,8420,0,10149,1,0.0,0.0,0.0,0.0,0.0,0.0,0.0,0.0,0.0,0.0,0.0,695.0,272.0,0.0,693.0,276.0,0.0,676.0,269.0,0.0,698.0,275.0,,,,27,,Tyler,Onyango,Onyango,has joined Stockport County on loan for the rest of the season.,,0,0,0,0,0,0,0,0,0,0,0,0,0,,,,0.0,0.0,0.0,0.0,0.0,0,0,0
705,u,0.0,0.0,3.9,768,224.0,0,0.0,-1,1.0,0.2,404,148.0,0,0,0.0,558.0,203.0,0,0,0.0,445.0,174.0,0.0,0.0,0.0,18604,0,16670,21,0.0,0.0,0.0,0.0,0.0,0.0,0.0,0.0,0.0,0.0,0.0,547.0,202.0,0.0,537.0,202.0,0.0,503.0,194.0,0.0,550.0,202.0,,,,27,,Elijah,Campbell,Campbell,has joined Port Vale on loan for the rest of the season.,,0,0,0,0,0,0,0,0,0,0,0,0,0,,,,0.0,0.0,0.0,0.0,0.0,0,0,0
707,a,,,5.3,203,126.0,0,0.0,-2,2.0,0.0,645,259.0,17,0,1.3,431.0,195.0,0,46,0.4,344.0,156.0,0.1,3.2,0.0,7645,3,7074,1,0.4,-0.1,0.2,0.14,0.34,5.98,0.05,0.04,0.09,1.55,46.0,404.0,180.0,61.0,316.0,178.0,32.0,347.0,182.0,13.6,390.0,182.0,,,,27,,Tyler,Dibling,Dibling,,,348,0,0,2,2,0,0,0,2,0,0,4,40,,,,0.0,0.52,0.52,1.03,10.34,7,11,22
728,a,100.0,100.0,5.0,274,169.0,0,0.0,0,0.0,0.0,709,296.0,16,0,1.6,389.0,172.0,0,39,0.0,751.0,322.0,0.0,3.2,0.0,1469,3,1494,2,0.0,-0.5,0.5,0.17,0.67,6.27,0.13,0.04,0.17,1.6,61.2,391.0,173.0,65.9,304.0,172.0,32.0,346.0,181.0,15.9,376.0,177.0,,,,27,,Merlin,Röhl,Röhl,,,353,0,0,2,4,0,0,0,0,0,0,2,43,,,,0.0,0.51,1.02,0.51,10.96,15,10,18
779,a,,,4.5,505,72.0,0,0.0,0,0.0,0.0,634,82.0,0,0,0.0,746.0,81.0,0,0,0.0,681.0,71.0,0.0,0.0,0.0,3768,25,1501,14,0.0,-0.5,0.0,0.0,0.0,0.0,0.0,0.0,0.0,0.0,0.0,745.0,81.0,0.0,740.0,80.0,0.0,727.0,80.0,0.0,746.0,81.0,,,,27,,Braiden,Graham,Graham,,,0,0,0,0,0,0,0,0,0,0,0,0,0,,,,0.0,0.0,0.0,0.0,0.0,0,0,0
314,a,,,4.9,287,10.0,0,0.0,-1,1.0,1.5,157,20.0,72,0,2.8,222.0,22.0,3,338,1.0,262.0,21.0,0.2,14.7,0.0,205165,115,239578,159,1.0,1.0,0.0,0.0,0.0,37.01,0.0,0.0,0.0,1.42,573.0,32.0,9.0,0.0,755.0,89.0,0.0,749.0,85.0,57.1,204.0,10.0,,,,27,,Bernd,Leno,Leno,,,2340,0,0,5,40,1,0,0,3,0,67,26,107,,,,2.58,0.19,1.54,1.0,0.0,4,33,215
315,u,0.0,0.0,4.0,675,49.0,0,0.0,0,0.0,0.0,750,85.0,0,0,0.0,584.0,68.0,0,0,0.0,472.0,60.0,0.0,0.0,0.0,577,0,798,0,0.0,0.0,0.0,0.0,0.0,0.0,0.0,0.0,0.0,0.0,0.0,573.0,68.0,0.0,566.0,56.0,0.0,534.0,43.0,0.0,576.0,68.0,,,,27,,Steven,Benda,Benda,has joined Feyenoord on loan for the rest of the season.,,0,0,0,0,0,0,0,0,0,0,0,0,0,,,,0.0,0.0,0.0,0.0,0.0,0,0,0
316,a,100.0,100.0,4.9,295,44.0,0,0.0,-1,1.0,0.7,213,81.0,33,0,2.8,223.0,88.0,4,142,0.4,336.0,121.0,0.1,6.7,0.0,144216,124,174013,290,0.4,0.4,0.22,1.11,1.33,13.3,0.02,0.12,0.14,1.49,192.8,259.0,105.0,207.2,148.0,37.0,34.0,342.0,112.0,43.4,260.0,88.0,,,,27,,Antonee,Robinson,Robinson,,,801,0,0,2,10,0,0,0,0,0,0,9,69,,,,0.0,0.22,1.12,1.01,7.64,26,42,48
317,a,100.0,100.0,4.5,414,75.0,0,0.0,0,0.0,4.6,75,24.0,89,0,3.6,103.0,38.0,5,312,2.2,154.0,54.0,0.5,19.8,0.0,1189203,785,948392,1329,2.2,2.2,1.26,1.53,2.79,33.55,0.05,0.06,0.11,1.37,631.0,17.0,8.0,111.4,228.0,59.0,124.0,209.0,52.0,86.9,100.0,27.0,,,,27,,Joachim,Andersen,Andersen,,,2201,0,1,5,37,0,0,0,6,0,0,25,291,,,,0.0,0.2,1.51,1.02,10.39,36,218,90
318,a,100.0,100.0,4.4,532,111.0,0,0.0,-1,1.0,0.4,284,104.0,57,0,3.2,153.0,60.0,6,184,0.4,327.0,117.0,0.1,13.0,0.0,102198,70,121169,50,0.4,0.4,0.94,0.18,1.12,22.29,0.06,0.01,0.07,1.38,358.0,123.0,55.0,75.8,293.0,94.0,61.0,292.0,86.0,49.7,236.0,77.0,,,,27,,Calvin,Bassey,Bassey,,,1452,1,0,3,29,0,0,0,3,0,0,16,168,,,,0.0,0.19,1.8,0.99,7.93,34,94,72
319,a,,,4.3,579,127.0,0,0.0,-2,2.0,0.1,460,168.0,28,0,1.4,421.0,151.0,0,124,1.4,221.0,81.0,0.3,6.5,0.0,18704,17,24575,17,1.4,1.4,0.94,0.51,1.45,21.62,0.08,0.04,0.12,1.74,222.2,235.0,92.0,130.7,202.0,50.0,87.0,254.0,71.0,44.2,256.0,86.0,,,,27,,Timothy,Castagne,Castagne,,,1116,0,1,0,23,0,0,0,3,0,0,12,112,,,,0.0,0.0,1.85,0.97,7.82,22,75,34
320,a,,,4.3,581,129.0,0,0.0,-2,2.0,0.1,530,189.0,10,0,1.2,434.0,155.0,0,29,0.0,546.0,233.0,0.0,2.3,0.0,6890,4,11234,2,0.0,0.0,0.02,0.03,0.05,8.18,0.0,0.01,0.01,1.79,72.4,379.0,145.0,4.3,440.0,160.0,8.0,406.0,151.0,8.5,419.0,151.0,,,,27,,Issa,Diop,Diop,,,412,0,0,0,9,0,0,0,1,0,0,4,42,,,,0.0,0.0,1.97,0.87,7.65,5,30,10
321,a,,,4.3,586,132.0,0,0.0,-2,2.0,0.1,561,201.0,37,0,3.1,168.0,65.0,1,148,1.4,222.0,82.0,0.3,8.6,0.0,6480,4,6788,15,1.4,1.4,0.05,0.53,0.58,14.38,0.0,0.05,0.05,1.39,234.6,220.0,84.0,47.0,341.0,116.0,14.0,389.0,138.0,29.7,324.0,111.0,,,,27,,Jorge,Cuenca Barreno,J.Cuenca,,,928,0,0,2,11,0,0,0,5,0,0,11,117,,,,0.0,0.19,1.07,1.07,10.77,16,95,39
322,a,100.0,100.0,4.5,412,74.0,0,0.0,0,0.0,0.3,341,122.0,67,0,3.7,93.0,35.0,5,256,0.4,329.0,118.0,0.1,14.9,0.0,155766,11,151003,53,0.4,0.4,0.65,1.1,1.75,21.15,0.04,0.07,0.11,1.32,353.6,127.0,59.0,178.0,170.0,41.0,87.0,255.0,72.0,61.9,187.0,59.0,,,,27,,Kenny,Tete,Tete,,,1443,1,0,5,22,0,0,0,2,0,0,17,156,,,,0.0,0.31,1.37,1.06,8.3,55,78,66
323,a,,,3.8,811,259.0,0,0.0,-2,2.0,0.1,420,154.0,0,0,0.0,533.0,198.0,0,0,0.0,418.0,167.0,0.0,0.0,0.0,9053,10,16671,21,0.0,0.0,0.0,0.0,0.0,0.0,0.0,0.0,0.0,0.0,0.0,522.0,197.0,0.0,511.0,197.0,0.0,477.0,189.0,0.0,525.0,197.0,,,,27,,Samuel,Amissah,Amissah,,,0,0,0,0,0,0,0,0,0,0,0,0,0,,,,0.0,0.0,0.0,0.0,0.0,0,0,0
324,a,100.0,100.0,6.3,66,44.0,0,0.0,-2,2.0,0.7,211,73.0,66,0,3.3,149.0,65.0,7,318,2.0,186.0,80.0,0.3,10.5,0.0,291763,142,396171,58,2.0,2.0,0.87,3.14,4.01,26.99,0.05,0.17,0.22,1.44,307.0,172.0,67.0,457.7,29.0,28.0,166.0,150.0,85.0,93.2,85.0,51.0,5.0,,,27,,Alex,Iwobi,Iwobi,,,1686,2,2,3,33,0,0,0,2,0,0,20,124,,,,0.0,0.16,1.76,1.07,6.62,20,22,82
325,a,100.0,100.0,5.6,128,79.0,0,0.0,-4,4.0,0.5,253,87.0,59,0,2.3,300.0,132.0,1,262,1.4,238.0,100.0,0.3,10.5,0.0,157066,70,207478,120,1.4,1.4,3.52,0.9,4.42,22.23,0.25,0.06,0.31,1.59,221.8,236.0,102.0,234.7,122.0,84.0,261.0,88.0,54.0,71.8,141.0,78.0,,,,27,,Emile,Smith Rowe,Smith Rowe,,,1257,3,1,3,20,0,0,0,1,0,0,14,99,,,,0.0,0.21,1.43,1.0,7.09,18,30,51
327,u,0.0,0.0,5.3,188,115.0,0,0.0,-2,2.0,0.1,563,207.0,0,0,0.0,794.0,350.0,0,0,0.0,768.0,333.0,0.0,0.0,0.0,2438,0,35565,0,0.0,0.0,0.0,0.0,0.0,0.0,0.0,0.0,0.0,0.0,0.0,794.0,350.0,0.0,793.0,350.0,0.0,790.0,349.0,0.0,794.0,350.0,,,,27,,Andreas,Hoelgebaum Pereira,Andreas,has joined Palmeiras permanently.,,0,0,0,0,0,0,0,0,0,0,0,0,0,,,,0.0,0.0,0.0,0.0,0.0,0,0,0
328,a,100.0,100.0,5.4,163,100.0,0,0.0,-1,1.0,0.2,410,138.0,71,0,3.7,97.0,44.0,5,251,2.2,166.0,76.0,0.4,13.1,0.0,143479,29,137457,16,2.2,2.2,0.92,1.67,2.59,21.3,0.06,0.11,0.17,1.35,320.2,159.0,56.0,168.5,179.0,121.0,151.0,168.0,94.0,63.7,178.0,94.0,,,,27,,Ryan,Sessegnon,Sessegnon,,,1417,2,3,4,27,0,0,0,0,0,0,16,168,,,,0.0,0.25,1.71,1.02,10.67,36,75,57
329,a,100.0,100.0,5.9,91,57.0,0,0.0,4,-4.0,19.8,19,7.0,120,0,4.8,21.0,12.0,16,465,3.2,86.0,41.0,0.5,20.3,0.0,4374862,7731,1962177,8012,3.2,3.2,4.24,3.69,7.93,28.08,0.2,0.17,0.37,1.31,511.4,52.0,13.0,454.0,31.0,30.0,456.0,27.0,14.0,142.0,22.0,18.0,3.0,3.0,3.0,27,,Harry,Wilson,Wilson,,,1925,8,6,6,29,0,0,0,6,0,0,23,122,,,,0.0,0.28,1.36,1.08,5.7,20,43,59
330,a,,,4.9,305,190.0,0,0.0,-1,1.0,0.1,520,188.0,63,0,2.4,286.0,123.0,3,386,1.4,231.0,95.0,0.3,12.9,0.0,10898,11,12191,17,1.4,1.4,1.15,1.06,2.21,34.5,0.05,0.04,0.09,1.44,352.8,128.0,40.0,272.6,100.0,73.0,65.0,284.0,153.0,69.3,150.0,82.0,,,,27,,Sander,Berge,Berge,,,2161,0,2,5,38,1,0,0,4,0,0,25,208,,,,0.0,0.21,1.58,1.04,8.66,44,71,93
331,d,50.0,50.0,4.8,351,219.0,0,0.0,-2,2.0,0.0,637,251.0,24,0,1.5,410.0,182.0,1,100,0.4,335.0,150.0,0.1,5.0,0.0,2586,0,4654,7,0.2,0.2,0.85,0.28,1.13,8.12,0.17,0.06,0.23,1.61,78.0,370.0,164.0,85.2,273.0,161.0,48.0,316.0,165.0,21.2,358.0,171.0,,,,27,,Tom,Cairney,Cairney,Calf injury - 50% chance of playing,,453,1,0,0,9,0,0,0,2,0,0,3,34,,,,0.0,0.0,1.79,0.6,6.75,3,7,24
332,d,50.0,50.0,4.9,310,194.0,0,0.0,-1,1.0,0.1,575,213.0,50,0,2.6,258.0,107.0,3,225,0.0,718.0,297.0,0.0,10.2,0.0,14551,2,18980,3,0.0,0.0,1.74,1.35,3.09,18.45,0.13,0.1,0.23,1.37,232.0,222.0,97.0,338.7,67.0,53.0,119.0,214.0,117.0,68.9,153.0,83.0,1.0,,,27,,Saša,Lukić,Lukić,Hamstring injury - 50% chance of playing,,1208,1,3,4,17,0,0,0,6,0,0,15,127,,,,0.0,0.3,1.27,1.12,9.46,35,43,49
333,u,0.0,0.0,4.5,476,290.0,0,0.0,0,0.0,0.0,665,270.0,0,0,0.0,725.0,299.0,0,0,0.0,656.0,253.0,0.0,0.0,0.0,898,0,6581,0,0.0,0.0,0.0,0.0,0.0,0.0,0.0,0.0,0.0,0.0,0.0,721.0,296.0,0.0,717.0,298.0,0.0,703.0,293.0,0.0,723.0,298.0,,,,27,,Martial,Godo,Godo,has joined Strasbourg permanently.,,0,0,0,0,0,0,0,0,0,0,0,0,0,,,,0.0,0.0,0.0,0.0,0.0,0,0,0
334,u,0.0,0.0,4.5,456,273.0,0,0.0,0,0.0,0.0,808,359.0,0,0,0.0,712.0,288.0,0,0,0.0,640.0,239.0,0.0,0.0,0.0,0,0,307,0,0.0,0.0,0.0,0.0,0.0,0.0,0.0,0.0,0.0,0.0,0.0,706.0,283.0,0.0,703.0,286.0,0.0,687.0,279.0,0.0,708.0,285.0,,,,27,,Luke,Harris,Harris,Has joined Oxford United on loan for the rest of the season.,,0,0,0,0,0,0,0,0,0,0,0,0,0,,,,0.0,0.0,0.0,0.0,0.0,0,0,0
335,a,100.0,100.0,4.4,561,336.0,0,0.0,-1,1.0,1.8,140,45.0,37,0,1.8,361.0,158.0,0,129,1.0,259.0,113.0,0.2,8.4,0.0,948766,425,849670,349,1.0,1.0,1.38,0.42,1.8,12.9,0.14,0.04,0.18,1.28,106.8,335.0,154.0,106.2,238.0,149.0,195.0,121.0,70.0,40.0,277.0,138.0,,,,27,,Josh,King,King,,,908,0,2,3,15,0,0,0,3,0,0,11,74,,,,0.0,0.3,1.49,1.09,7.33,19,15,40
336,a,,,4.3,578,343.0,0,0.0,-2,2.0,0.4,277,97.0,12,0,2.4,282.0,121.0,2,37,0.2,366.0,160.0,0.0,2.8,0.0,79336,228,65171,103,0.2,0.2,0.04,0.24,0.28,0.41,0.16,0.94,1.1,1.6,36.6,418.0,184.0,8.7,428.0,208.0,7.0,416.0,202.0,5.2,440.0,197.0,,,,27,,Harrison,Reed,Reed,,,23,1,0,0,1,0,0,0,0,0,0,0,2,,,,0.0,0.0,3.91,0.0,7.83,0,0,2
337,a,100.0,100.0,6.1,80,26.0,0,0.0,-4,4.0,1.7,144,23.0,83,0,3.3,148.0,13.0,5,299,2.8,115.0,15.0,0.5,13.6,0.0,553640,768,605997,799,2.8,2.8,8.56,0.7,9.26,27.14,0.45,0.04,0.49,1.43,351.8,129.0,12.0,259.3,110.0,4.0,590.0,16.0,10.0,119.7,38.0,8.0,,1.0,1.0,27,,Raúl,Jiménez Rodríguez,Raúl,,,1708,6,5,6,24,0,0,0,4,0,0,21,101,,,,0.0,0.32,1.26,1.11,5.32,25,33,43
338,a,100.0,100.0,5.3,195,46.0,0,0.0,-2,2.0,0.7,216,33.0,19,0,2.1,318.0,36.0,3,50,0.4,343.0,45.0,0.1,3.6,0.0,259064,71,435679,35,0.4,0.4,1.11,0.01,1.12,5.94,0.25,0.0,0.25,1.36,64.0,387.0,41.0,52.3,330.0,37.0,136.0,187.0,40.0,24.4,344.0,40.0,,,,27,,Rodrigo,Muniz Carvalho,Muniz,,,393,1,1,1,6,1,0,0,1,0,0,4,21,,,,0.0,0.23,1.37,0.92,4.81,4,9,8
424,a,100.0,100.0,5.1,238,145.0,0,0.0,-4,4.0,0.2,371,124.0,20,0,1.8,369.0,162.0,0,90,0.4,340.0,154.0,0.1,3.9,0.0,85894,47,96353,23,0.4,0.4,0.47,1.15,1.62,5.1,0.09,0.21,0.3,0.94,74.2,377.0,168.0,166.6,180.0,122.0,97.0,238.0,132.0,33.9,305.0,152.0,,,,27,,Oscar,Bobb,Bobb,,,489,0,1,2,6,0,0,0,1,0,0,5,37,,,,0.0,0.37,1.1,0.92,6.81,9,5,23
664,a,,,3.9,742,72.0,0,0.0,-1,1.0,0.7,215,28.0,0,0,0.0,540.0,40.0,0,0,0.0,425.0,31.0,0.0,0.0,0.0,40928,66,51820,47,0.0,0.0,0.0,0.0,0.0,0.0,0.0,0.0,0.0,0.0,0.0,529.0,40.0,0.0,519.0,25.0,0.0,485.0,12.0,0.0,532.0,40.0,,,,27,,Benjamin,Lecomte,Lecomte,,,0,0,0,0,0,0,0,0,0,0,0,0,0,,,,0.0,0.0,0.0,0.0,0.0,0,0,0
727,i,0.0,0.0,5.3,193,120.0,0,0.0,-2,2.0,0.1,490,173.0,47,0,3.6,111.0,49.0,1,192,2.4,147.0,65.0,0.5,8.9,0.0,98215,1,89968,309,0.0,0.0,1.56,2.55,4.11,10.97,0.22,0.36,0.58,1.55,228.0,227.0,99.0,217.9,134.0,92.0,182.0,137.0,79.0,62.9,182.0,97.0,,,,27,,Samuel,Chukwueze,Chukwueze,Calf injury - Unknown return date,,635,3,4,1,15,0,0,0,0,0,0,6,51,,,,0.0,0.14,2.13,0.85,7.23,6,10,35
731,a,100.0,100.0,5.8,112,71.0,0,0.0,-2,2.0,0.1,532,192.0,42,0,1.9,351.0,155.0,0,154,1.8,200.0,85.0,0.3,7.2,0.0,34531,56,29252,23,1.8,1.8,1.0,1.38,2.38,12.95,0.11,0.15,0.26,1.37,197.8,256.0,109.0,230.3,125.0,86.0,202.0,116.0,67.0,62.8,183.0,98.0,4.0,,,27,,Kevin,Santos Lopes de Macedo,Kevin,,,853,1,2,4,15,0,0,0,1,0,0,7,68,,,,0.0,0.42,1.58,0.74,7.17,18,15,35
737,a,,,4.5,508,74.0,0,0.0,0,0.0,0.1,476,69.0,4,0,0.8,506.0,62.0,0,11,0.0,683.0,73.0,0.0,0.9,0.0,20425,48,14936,33,0.0,0.0,0.0,0.07,0.07,0.75,0.0,0.21,0.21,2.25,1.2,490.0,59.0,11.4,409.0,54.0,8.0,409.0,56.0,2.1,465.0,57.0,,,,27,,Jonah,Kusi-Asare,Kusi-Asare,,,30,0,0,0,2,0,0,0,1,0,0,0,2,,,,0.0,0.0,6.0,0.0,6.0,0,0,2
770,a,,,4.5,503,311.0,0,0.0,0,0.0,0.0,779,339.0,0,0,0.0,744.0,314.0,0,0,0.0,679.0,272.0,0.0,0.0,0.0,540,3,293,8,0.0,0.0,0.0,0.0,0.0,0.0,0.0,0.0,0.0,0.0,0.0,743.0,313.0,0.0,738.0,314.0,0.0,725.0,310.0,0.0,744.0,314.0,,,,27,,Seth,Ridgeon,Ridgeon,,,0,0,0,0,0,0,0,0,0,0,0,0,0,,,,0.0,0.0,0.0,0.0,0.0,0,0,0
168,a,100.0,100.0,4.6,402,249.0,0,0.0,-4,4.0,0.1,483,170.0,2,0,0.7,509.0,239.0,0,5,0.2,373.0,164.0,0.0,0.4,0.0,15513,22,28431,16,-0.3,0.2,0.04,0.1,0.14,1.86,0.05,0.13,0.18,2.43,6.0,468.0,212.0,25.7,378.0,193.0,19.0,379.0,191.0,5.0,443.0,199.0,,,,27,,Facundo,Buonanotte,Buonanotte,,,69,0,0,0,2,0,0,0,1,0,0,1,5,,,,0.0,0.0,2.61,1.3,6.52,1,1,3
339,a,,,4.1,652,37.0,0,0.0,-4,4.0,0.3,300,40.0,0,0,0.0,633.0,86.0,0,0,0.0,525.0,78.0,0.0,0.0,0.0,12704,20,62603,27,-0.5,0.0,0.0,0.0,0.0,0.0,0.0,0.0,0.0,0.0,0.0,622.0,86.0,0.0,615.0,74.0,0.0,586.0,61.0,0.0,625.0,86.0,,,,27,,Illan,Meslier,Meslier,,,0,0,0,0,0,0,0,0,0,0,0,0,0,,,,0.0,0.0,0.0,0.0,0.0,0,0,0
340,a,,,3.9,743,73.0,0,0.0,-1,1.0,0.2,414,61.0,0,0,0.0,541.0,41.0,0,0,0.0,426.0,32.0,0.0,0.0,0.0,8115,5,14468,10,-0.5,0.0,0.0,0.0,0.0,0.0,0.0,0.0,0.0,0.0,0.0,530.0,41.0,0.0,520.0,26.0,0.0,486.0,13.0,0.0,533.0,41.0,,,,27,,Alex,Cairns,Cairns,,,0,0,0,0,0,0,0,0,0,0,0,0,0,,,,0.0,0.0,0.0,0.0,0.0,0,0,0
341,a,,,3.9,738,68.0,0,0.0,-1,1.0,2.4,122,16.0,25,2,2.3,292.0,25.0,0,129,1.8,187.0,16.0,0.5,6.4,0.0,215242,742,261850,233,1.3,1.8,0.0,0.03,0.03,13.53,0.0,0.0,0.0,1.23,246.6,212.0,22.0,0.0,515.0,21.0,0.0,481.0,8.0,24.8,343.0,22.0,,,,27,,Karl,Darlow,Darlow,,,990,0,0,1,17,0,0,0,1,0,30,11,59,,,,2.73,0.09,1.55,1.0,0.0,0,16,105
342,a,100.0,100.0,4.4,528,107.0,0,0.0,-1,1.0,0.2,373,136.0,66,1,2.6,254.0,99.0,0,188,3.0,93.0,34.0,0.7,15.0,0.0,35512,98,37472,95,2.5,3.0,1.8,1.2,3.0,31.67,0.08,0.05,0.13,1.35,322.4,155.0,69.0,214.9,138.0,35.0,167.0,149.0,30.0,70.6,147.0,47.0,,,,27,,Jayden,Bogle,Bogle,,,2110,1,3,4,39,0,0,0,5,0,0,24,178,,,,0.0,0.17,1.66,1.02,5.72,50,84,106
343,a,100.0,100.0,4.3,582,130.0,0,0.0,-2,2.0,0.4,272,100.0,76,2,3.2,152.0,59.0,3,273,2.4,138.0,48.0,0.6,17.7,0.0,95659,96,90280,182,1.9,2.4,2.46,0.48,2.94,31.65,0.11,0.02,0.13,1.37,525.4,46.0,20.0,107.5,235.0,63.0,209.0,107.0,16.0,84.2,108.0,32.0,,,3.0,27,,Pascal,Struijk,Struijk,,,2078,0,1,4,38,0,0,0,3,0,0,23,241,,,,0.0,0.17,1.65,1.0,9.62,28,194,87
344,a,100.0,100.0,3.9,755,218.0,0,0.0,-1,1.0,0.4,278,102.0,46,0,3.3,137.0,51.0,2,148,0.6,301.0,103.0,0.2,11.8,0.0,100059,26,77413,108,0.1,0.6,0.48,0.5,0.98,20.78,0.04,0.04,0.08,1.67,283.4,187.0,77.0,38.0,355.0,124.0,133.0,190.0,45.0,45.4,252.0,84.0,,,,27,,Jaka,Bijol,Bijol,,,1117,1,2,1,21,0,0,0,2,0,0,12,125,,,,0.0,0.08,1.69,0.97,9.19,15,99,39
345,a,100.0,100.0,3.8,793,242.0,0,0.0,-2,2.0,0.2,415,152.0,17,0,1.9,336.0,124.0,0,48,1.0,254.0,92.0,0.3,4.5,0.0,21758,52,15534,41,0.5,1.0,0.0,0.01,0.01,4.93,0.0,0.0,0.0,1.46,78.4,369.0,142.0,5.6,438.0,159.0,10.0,396.0,142.0,9.4,409.0,147.0,,,,27,,Sebastiaan,Bornauw,Bornauw,,,304,0,0,1,4,0,0,0,1,0,0,4,38,,,,0.0,0.3,1.18,1.18,11.25,6,32,7
346,a,,,3.8,784,234.0,0,0.0,-2,2.0,0.2,380,140.0,1,0,1.0,446.0,159.0,0,-2,0.0,398.0,149.0,0.0,0.3,0.0,23301,7,33163,26,-0.5,0.0,0.0,0.0,0.0,0.79,0.0,0.0,0.0,10.16,0.0,506.0,183.0,0.0,492.0,180.0,0.0,457.0,171.0,0.0,509.0,183.0,,,,27,,Sam,Byram,Byram,,,7,0,0,0,1,0,0,0,0,0,0,0,0,,,,0.0,0.0,12.86,0.0,0.0,0,0,0
347,a,100.0,100.0,3.8,789,238.0,0,0.0,-2,2.0,3.8,89,31.0,57,1,2.2,302.0,111.0,8,228,0.4,321.0,111.0,0.1,15.0,0.0,904667,745,776280,884,-0.1,0.4,1.04,1.99,3.02,34.58,0.04,0.08,0.12,1.45,379.2,109.0,49.0,325.8,72.0,15.0,139.0,186.0,44.0,84.5,107.0,31.0,,,,27,,Gabriel,Gudmundsson,Gudmundsson,,,2145,0,0,4,40,1,0,0,4,0,0,25,184,,,,0.0,0.17,1.68,1.05,6.25,57,92,94
348,a,100.0,100.0,3.9,750,215.0,0,0.0,-1,1.0,3.8,88,30.0,81,4,3.2,151.0,58.0,5,258,3.4,64.0,23.0,0.9,20.8,0.0,1087954,1519,887762,652,2.9,3.4,1.2,0.25,1.45,35.94,0.05,0.01,0.06,1.48,550.6,38.0,16.0,63.0,310.0,104.0,173.0,143.0,28.0,78.8,121.0,38.0,,,,27,,Joe,Rodon,Rodon,,,2190,2,0,3,44,0,0,0,1,0,0,25,241,,,,0.0,0.12,1.81,1.03,8.75,29,184,63
349,u,0.0,0.0,4.0,692,177.0,0,0.0,0,0.0,0.1,552,198.0,0,0,0.0,598.0,221.0,0,0,0.0,486.0,192.0,0.0,0.0,0.0,788,0,15868,4,0.0,0.0,0.0,0.0,0.0,0.0,0.0,0.0,0.0,0.0,0.0,587.0,220.0,0.0,580.0,220.0,0.0,548.0,214.0,0.0,590.0,220.0,,,,27,,Isaac,Schmidt,Schmidt,has joined Werder Bremen on loan for the rest of the season.,,0,0,0,0,0,0,0,0,0,0,0,0,0,,,,0.0,0.0,0.0,0.0,0.0,0,0,0
350,a,,,5.4,172,106.0,0,0.0,-1,1.0,0.7,217,74.0,101,3,3.9,84.0,41.0,5,351,2.8,111.0,53.0,0.5,18.7,0.0,195168,220,121205,582,2.3,2.8,3.39,2.84,6.23,26.01,0.18,0.15,0.33,1.36,375.6,111.0,36.0,338.0,68.0,54.0,376.0,45.0,28.0,108.9,49.0,34.0,,,,27,,Brenden,Aaronson,Aaronson,,,1725,4,6,7,25,0,0,0,1,0,0,20,157,,,,0.0,0.37,1.3,1.04,8.19,40,22,95
351,a,100.0,100.0,5.2,214,132.0,0,0.0,-3,3.0,0.1,510,183.0,21,0,1.5,414.0,186.0,0,89,0.2,384.0,170.0,0.0,4.0,0.0,9085,6,39960,14,-0.3,0.2,0.25,0.54,0.79,8.4,0.07,0.14,0.21,2.18,59.0,392.0,174.0,86.0,271.0,160.0,31.0,351.0,184.0,17.7,371.0,175.0,,,,27,,Wilfried,Gnonto,Gnonto,,,346,0,2,1,11,0,0,0,2,0,0,4,37,,,,0.0,0.26,2.86,1.04,9.62,14,9,14
352,u,0.0,0.0,5.1,229,141.0,0,0.0,-4,4.0,0.0,589,221.0,12,0,1.1,445.0,201.0,0,51,0.0,760.0,329.0,0.0,2.4,0.0,6000,0,18496,7,0.0,0.0,0.28,0.23,0.51,3.82,0.1,0.08,0.18,1.31,30.0,428.0,188.0,49.4,338.0,183.0,35.0,341.0,178.0,11.5,400.0,184.0,4.0,,,27,,Jack,Harrison,Harrison,has joined ACF Fiorentina on loan for the rest of the season.,,262,0,0,0,5,0,0,0,0,0,0,1,24,,,,0.0,0.0,1.72,0.34,8.24,5,6,13
356,a,,,4.7,390,244.0,0,0.0,-3,3.0,0.1,437,148.0,48,1,2.7,239.0,97.0,3,221,3.4,68.0,33.0,0.7,10.2,0.0,18412,72,9194,99,2.9,3.4,0.46,0.79,1.25,22.23,0.04,0.06,0.1,1.8,178.6,265.0,113.0,154.6,188.0,125.0,61.0,293.0,158.0,39.2,280.0,140.0,,,,27,,Ilia,Gruev,Gruev,,,1110,0,4,4,22,0,0,0,3,0,0,13,101,,,,0.0,0.32,1.78,1.05,8.19,22,31,48
357,u,0.0,0.0,4.9,323,201.0,0,0.0,-1,1.0,0.0,705,295.0,0,0,0.0,768.0,331.0,0,0,0.0,724.0,302.0,0.0,0.0,0.0,203,0,4321,1,0.0,0.0,0.0,0.0,0.0,0.0,0.0,0.0,0.0,0.0,0.0,767.0,330.0,0.0,764.0,331.0,0.0,759.0,329.0,0.0,768.0,331.0,,,,27,,Largie,Ramazani,Ramazani,has joined Valencia on loan for the rest of the season.,,0,0,0,0,0,0,0,0,0,0,0,0,0,,,,0.0,0.0,0.0,0.0,0.0,0,0,0
358,a,100.0,100.0,4.8,364,227.0,0,0.0,-2,2.0,0.2,374,125.0,43,0,2.1,316.0,138.0,2,166,0.2,375.0,165.0,0.0,9.0,0.0,51900,17,59256,81,-0.3,0.2,0.83,0.61,1.44,13.29,0.1,0.07,0.17,1.62,140.0,305.0,137.0,127.1,207.0,138.0,78.0,267.0,146.0,34.5,300.0,150.0,,,,27,,Tanaka,Ao,Tanaka,,,737,2,0,2,16,0,0,0,1,0,0,7,83,,,,0.0,0.24,1.95,0.85,10.14,17,20,46
359,u,0.0,0.0,4.5,461,278.0,0,0.0,0,0.0,0.0,788,346.0,0,0,0.0,715.0,291.0,0,0,0.0,643.0,242.0,0.0,0.0,0.0,0,0,966,0,0.0,0.0,0.0,0.0,0.0,0.0,0.0,0.0,0.0,0.0,0.0,709.0,286.0,0.0,706.0,289.0,0.0,690.0,282.0,0.0,711.0,288.0,,,,27,,Charlie,Crew,Crew,Has joined Doncaster Rovers on loan for the rest of the season.,,0,0,0,0,0,0,0,0,0,0,0,0,0,,,,0.0,0.0,0.0,0.0,0.0,0,0,0
360,u,0.0,0.0,4.5,439,263.0,0,0.0,0,0.0,0.0,751,319.0,0,0,0.0,704.0,280.0,0,0,0.0,630.0,230.0,0.0,0.0,0.0,0,0,2889,0,0.0,0.0,0.0,0.0,0.0,0.0,0.0,0.0,0.0,0.0,0.0,697.0,274.0,0.0,695.0,278.0,0.0,678.0,271.0,0.0,700.0,277.0,,,,27,,Joe,Gelhardt,Gelhardt,Has joined Hull City on loan for the rest of the season.,,0,0,0,0,0,0,0,0,0,0,0,0,0,,,,0.0,0.0,0.0,0.0,0.0,0,0,0
361,u,0.0,0.0,4.5,440,264.0,0,0.0,0,0.0,0.0,664,269.0,0,0,0.0,705.0,281.0,0,0,0.0,631.0,231.0,0.0,0.0,0.0,1165,0,8379,0,0.0,0.0,0.0,0.0,0.0,0.0,0.0,0.0,0.0,0.0,0.0,698.0,275.0,0.0,696.0,279.0,0.0,679.0,272.0,0.0,701.0,278.0,,,,27,,Darko,Gyabi,Gyabi,has joined Hull City permanently.,,0,0,0,0,0,0,0,0,0,0,0,0,0,,,,0.0,0.0,0.0,0.0,0.0,0,0,0
362,a,100.0,100.0,4.9,319,58.0,0,0.0,-6,6.0,0.3,294,46.0,12,0,1.1,443.0,55.0,0,27,0.2,378.0,50.0,0.0,2.4,0.0,38215,22,218905,38,-0.3,0.2,0.65,0.08,0.73,5.3,0.28,0.03,0.31,2.32,8.0,461.0,55.0,22.0,386.0,50.0,90.0,250.0,45.0,11.5,399.0,49.0,,,2.0,27,,Joël,Piroe,Piroe,,,206,0,0,1,7,0,0,0,0,0,0,2,10,,,,0.0,0.44,3.06,0.87,4.37,1,1,8
363,u,0.0,0.0,4.9,288,57.0,0,0.0,-1,1.0,0.3,302,48.0,0,0,0.0,760.0,84.0,0,0,0.0,710.0,75.0,0.0,0.0,0.0,16144,0,202688,13,0.0,0.0,0.0,0.0,0.0,0.0,0.0,0.0,0.0,0.0,0.0,759.0,84.0,0.0,756.0,83.0,0.0,750.0,83.0,0.0,760.0,84.0,,,,27,,Patrick,Bamford,Bamford,has departed the club as a free agent.,,0,0,0,0,0,0,0,0,0,0,0,0,0,,,,0.0,0.0,0.0,0.0,0.0,0,0,0
364,u,0.0,0.0,5.0,277,56.0,0,0.0,0,0.0,0.0,738,90.0,0,0,0.0,787.0,87.0,0,0,0.0,752.0,80.0,0.0,0.0,0.0,0,0,2417,0,0.0,0.0,0.0,0.0,0.0,0.0,0.0,0.0,0.0,0.0,0.0,786.0,87.0,0.0,785.0,87.0,0.0,781.0,87.0,0.0,787.0,87.0,,,,27,,Mateo,Joseph Fernández-Regatillo,Mateo Joseph,Has joined RCD Mallorca on loan for the rest of the season.,,0,0,0,0,0,0,0,0,0,0,0,0,0,,,,0.0,0.0,0.0,0.0,0.0,0,0,0
365,a,100.0,100.0,5.0,246,53.0,0,0.0,0,0.0,0.6,241,36.0,61,1,2.9,206.0,21.0,8,213,2.4,144.0,22.0,0.5,12.2,0.0,203076,275,208424,274,1.9,2.4,6.19,0.81,7.0,14.68,0.8,0.1,0.9,1.89,248.4,211.0,18.0,58.9,320.0,34.0,321.0,63.0,24.0,62.9,181.0,22.0,,,1.0,27,,Lukas,Nmecha,Nmecha,,,700,6,1,2,17,0,0,1,0,0,0,7,36,,,,0.0,0.26,2.19,0.9,4.63,6,12,18
493,a,100.0,100.0,4.8,354,222.0,0,0.0,-2,2.0,0.2,351,118.0,44,1,2.6,255.0,104.0,4,234,0.8,283.0,123.0,0.2,9.2,0.0,176994,8,180236,19,0.3,0.8,0.83,1.48,2.31,13.95,0.08,0.14,0.22,1.33,240.2,216.0,94.0,357.3,58.0,47.0,71.0,276.0,150.0,66.8,163.0,89.0,1.0,2.0,,27,,Sean,Longstaff,Longstaff,,,943,1,2,1,19,0,0,0,2,0,0,10,100,,,,0.0,0.1,1.81,0.95,9.54,37,25,38
660,a,100.0,100.0,4.7,389,243.0,0,0.0,-3,3.0,1.8,139,44.0,108,11,4.9,16.0,10.0,11,425,4.2,35.0,17.0,0.9,23.0,0.0,970093,3427,798794,265,3.7,4.2,2.2,3.63,5.83,26.24,0.11,0.18,0.29,1.33,505.0,58.0,15.0,677.8,7.0,7.0,247.0,94.0,57.0,143.2,21.0,17.0,3.0,1.0,,27,,Anton,Stach,Stach,,,1775,4,6,4,32,0,0,0,3,0,0,21,201,,,,0.0,0.2,1.62,1.06,10.19,45,62,94
665,a,100.0,100.0,4.5,416,22.0,0,0.0,0,0.0,0.3,343,48.0,43,0,2.7,237.0,23.0,3,153,0.0,613.0,89.0,0.0,9.6,0.0,41433,18,59957,68,-0.5,0.0,0.0,0.0,0.0,26.68,0.0,0.0,0.0,1.67,322.4,156.0,20.0,0.0,679.0,85.0,0.0,660.0,75.0,32.2,314.0,20.0,,,,27,,Lucas Estella,Perri,Perri,,,1440,0,0,3,29,0,0,0,2,0,38,16,39,,,,2.38,0.19,1.81,1.0,0.0,0,16,100
691,a,100.0,100.0,5.8,105,30.0,0,0.0,3,-3.0,10.2,34,6.0,104,2,4.3,49.0,6.0,16,341,2.6,127.0,18.0,0.4,17.9,0.0,2745096,2588,1486065,8452,2.1,2.6,9.41,0.96,10.36,21.77,0.48,0.05,0.53,1.12,424.0,81.0,6.0,233.1,123.0,8.0,687.0,5.0,4.0,133.5,25.0,5.0,,,,27,,Dominic,Calvert-Lewin,Calvert-Lewin,,,1753,10,2,4,26,0,0,0,1,0,0,19,60,,,,0.0,0.21,1.33,0.98,3.08,10,21,29
698,i,0.0,0.0,5.5,146,91.0,0,0.0,0,0.0,0.1,468,162.0,67,0,2.9,211.0,87.0,3,228,3.0,98.0,47.0,0.5,12.2,0.0,62586,3,54642,261,0.0,0.0,4.2,0.98,5.18,22.4,0.3,0.07,0.37,1.59,254.6,206.0,87.0,199.8,153.0,106.0,322.0,62.0,37.0,77.7,123.0,69.0,,,,27,,Noah,Okafor,Okafor,Hamstring injury - Expected back 14 Mar,,1266,4,2,4,24,0,0,0,3,0,0,15,87,,,,0.0,0.28,1.71,1.07,6.18,20,21,46
706,a,,,3.9,752,216.0,0,0.0,-1,1.0,1.0,190,70.0,45,2,2.5,265.0,101.0,6,148,3.6,53.0,19.0,0.9,11.5,0.0,156108,487,45628,538,3.1,3.6,0.89,0.78,1.67,18.18,0.09,0.08,0.17,1.77,225.0,230.0,89.0,107.3,236.0,64.0,112.0,219.0,56.0,44.6,254.0,85.0,,,,27,,James,Justin,Justin,,,924,1,1,2,16,0,0,0,2,0,0,10,91,,,,0.0,0.19,1.56,0.97,8.18,22,62,34
741,u,0.0,0.0,4.5,493,71.0,0,0.0,0,0.0,0.1,497,70.0,0,0,0.0,737.0,80.0,0,0,0.0,671.0,70.0,0.0,0.0,0.0,27606,0,23565,17,0.0,0.0,0.0,0.0,0.0,0.0,0.0,0.0,0.0,0.0,0.0,735.0,80.0,0.0,730.0,79.0,0.0,717.0,79.0,0.0,736.0,80.0,,,,27,,Harry,Gray,Gray,has joined Rotherham United on loan for the rest of the season.,,0,0,0,0,0,0,0,0,0,0,0,0,0,,,,0.0,0.0,0.0,0.0,0.0,0,0,0
787,a,,,4.4,558,334.0,0,0.0,-1,1.0,0.0,739,311.0,0,0,0.0,679.0,264.0,0,0,0.0,597.0,210.0,0.0,0.0,0.0,1628,23,626,4,-0.5,0.0,0.0,0.0,0.0,0.0,0.0,0.0,0.0,0.0,0.0,670.0,256.0,0.0,666.0,261.0,0.0,646.0,252.0,0.0,673.0,259.0,,,,27,,Sam,Chambers,Chambers,,,0,0,0,0,0,0,0,0,0,0,0,0,0,,,,0.0,0.0,0.0,0.0,0.0,0,0,0
366,a,100.0,100.0,5.4,158,4.0,0,0.0,-1,1.0,5.9,61,9.0,75,0,3.6,112.0,14.0,7,310,2.2,165.0,11.0,0.4,13.9,0.0,565940,3016,1285001,385,2.7,2.7,0.0,0.03,0.03,23.35,0.0,0.0,0.0,1.11,367.6,117.0,18.0,0.1,487.0,16.0,0.0,791.0,92.0,36.7,290.0,18.0,,,,27,,Alisson,Becker,A.Becker,,,1890,0,0,7,25,0,0,0,1,0,44,21,63,,,,2.1,0.33,1.19,1.0,0.0,0,30,187
367,a,,,4.1,653,38.0,0,0.0,-4,4.0,0.5,254,33.0,19,0,3.8,86.0,9.0,0,70,0.0,526.0,79.0,0.0,4.6,0.0,152155,45,165654,72,0.5,0.5,0.0,0.0,0.0,7.1,0.0,0.0,0.0,1.42,140.0,304.0,24.0,0.0,616.0,75.0,0.0,587.0,62.0,13.9,389.0,24.0,,,,27,,Giorgi,Mamardashvili,Mamardashvili,,,450,0,0,1,10,0,1,0,0,0,17,5,45,,,,3.4,0.2,2.0,1.0,0.0,0,7,43
369,a,,,3.9,746,75.0,0,0.0,-1,1.0,0.2,390,56.0,0,0,0.0,543.0,43.0,0,0,0.0,429.0,34.0,0.0,0.0,0.0,22196,11,16842,13,0.5,0.5,0.0,0.0,0.0,0.0,0.0,0.0,0.0,0.0,0.0,532.0,43.0,0.0,522.0,28.0,0.0,488.0,15.0,0.0,535.0,43.0,,,,27,,Freddie,Woodman,Woodman,,,0,0,0,0,0,0,0,0,0,0,0,0,0,,,,0.0,0.0,0.0,0.0,0.0,0,0,0
370,i,0.0,0.0,5.7,117,11.0,0,0.0,-3,3.0,4.6,74,23.0,34,0,3.1,178.0,69.0,0,136,0.0,790.0,264.0,0.0,6.0,0.0,587417,26,3348272,662,0.0,0.0,0.39,1.02,1.41,5.96,0.07,0.17,0.24,1.0,83.2,360.0,136.0,140.8,195.0,48.0,103.0,231.0,61.0,32.8,308.0,101.0,,,,27,,Jeremie,Frimpong,Frimpong,Groin Injury - Expected back 28 Feb,,538,0,4,2,7,0,0,0,0,0,0,6,20,,,,0.0,0.33,1.17,1.0,2.68,4,12,31
371,a,,,5.6,134,15.0,0,0.0,-4,4.0,2.9,108,43.0,59,0,2.5,275.0,106.0,4,265,1.2,250.0,91.0,0.2,10.5,0.0,325513,860,791590,220,1.7,1.7,0.95,0.61,1.56,22.25,0.05,0.03,0.08,1.17,355.0,125.0,57.0,362.2,55.0,8.0,110.0,222.0,57.0,82.9,113.0,35.0,,,,27,,Milos,Kerkez,Kerkez,,,1715,1,1,4,27,0,0,0,4,0,0,21,140,,,,0.0,0.21,1.42,1.1,5.98,36,78,66
372,a,,,5.7,114,10.0,0,0.0,-3,3.0,1.0,194,74.0,33,0,2.2,310.0,114.0,4,142,1.8,198.0,72.0,0.3,5.8,0.0,56175,120,131970,59,2.3,2.3,0.22,0.91,1.12,8.1,0.03,0.13,0.16,1.16,130.0,312.0,117.0,220.6,131.0,33.0,61.0,296.0,87.0,41.3,272.0,91.0,,,,27,,Andrew,Robertson,Robertson,,,628,0,0,3,8,0,0,0,0,0,0,5,42,,,,0.0,0.43,1.15,0.72,4.59,10,22,27
373,a,,,5.9,89,5.0,0,0.0,-1,1.0,23.6,15,5.0,111,0,4.3,50.0,20.0,7,398,6.0,9.0,3.0,1.0,18.8,0.0,3090210,28816,3383820,876,6.5,6.5,1.89,0.76,2.65,30.45,0.07,0.03,0.1,1.17,755.4,5.0,2.0,149.6,191.0,47.0,266.0,85.0,7.0,117.0,41.0,3.0,,,,27,,Virgil,van Dijk,Virgil,,,2340,2,0,8,35,0,0,0,4,0,0,26,276,,,,0.0,0.31,1.35,1.0,9.65,17,234,55
374,a,100.0,100.0,5.4,165,18.0,0,0.0,-1,1.0,3.3,101,37.0,99,0,4.0,71.0,29.0,7,379,3.6,58.0,22.0,0.7,18.3,0.0,638982,4024,665115,458,4.1,4.1,1.05,0.85,1.9,25.53,0.04,0.04,0.08,1.07,571.4,33.0,12.0,121.5,217.0,55.0,96.0,239.0,63.0,79.1,119.0,37.0,,,,27,,Ibrahima,Konaté,Konaté,,,2146,1,0,8,29,0,0,0,5,0,0,25,242,,,,0.0,0.34,1.22,1.05,9.1,39,178,74
375,i,0.0,0.0,4.9,338,55.0,0,0.0,-1,1.0,0.2,412,151.0,42,0,2.8,224.0,89.0,2,157,0.0,732.0,255.0,0.0,8.6,0.0,62614,4,71290,27,0.0,0.0,0.18,0.84,1.02,10.77,0.02,0.08,0.1,1.04,157.4,288.0,112.0,105.2,241.0,67.0,62.0,290.0,85.0,32.3,313.0,105.0,,,,27,,Conor,Bradley,Bradley,Knee injury - Expected back 01 Jun,,928,0,2,4,13,0,0,0,5,0,0,12,82,,,,0.0,0.39,1.26,1.16,6.3,19,46,43
376,a,100.0,100.0,4.9,296,45.0,0,0.0,-1,1.0,0.1,421,155.0,26,0,2.2,308.0,113.0,2,73,0.2,377.0,139.0,0.0,5.3,0.0,22830,25,28910,18,0.7,0.7,0.18,0.54,0.72,3.97,0.05,0.16,0.21,1.19,79.0,368.0,141.0,57.8,322.0,108.0,22.0,370.0,128.0,15.8,378.0,133.0,,,,27,,Joe,Gomez,Gomez,,,300,0,2,2,7,0,0,0,2,0,0,4,24,,,,0.0,0.6,2.1,1.2,6.9,3,20,9
377,u,0.0,0.0,4.8,357,58.0,0,0.0,-2,2.0,0.0,591,211.0,0,0,0.0,757.0,260.0,0,0,0.0,702.0,251.0,0.0,0.0,0.0,1669,0,12248,0,0.0,0.0,0.0,0.0,0.0,0.0,0.0,0.0,0.0,0.0,0.0,756.0,260.0,0.0,752.0,260.0,0.0,744.0,260.0,0.0,757.0,260.0,,,,27,,Konstantinos,Tsimikas,Tsimikas,has joined AS Roma on loan for the rest of the season.,,0,0,0,0,0,0,0,0,0,0,0,0,0,,,,0.0,0.0,0.0,0.0,0.0,0,0,0
378,a,100.0,100.0,3.7,817,265.0,0,0.0,-3,3.0,1.2,178,68.0,0,0,0.0,516.0,183.0,0,0,0.0,395.0,146.0,0.0,0.0,0.0,222424,185,99452,572,0.5,0.5,0.0,0.0,0.0,0.0,0.0,0.0,0.0,0.0,0.0,504.0,181.0,0.0,490.0,178.0,0.0,455.0,169.0,0.0,507.0,181.0,,,,27,,Amara,Nallo,Nallo,,,0,0,0,0,0,0,0,0,0,0,0,0,0,,,,0.0,0.0,0.0,0.0,0.0,0,0,0
379,a,,,3.7,813,261.0,0,0.0,-3,3.0,0.6,234,89.0,0,0,0.0,514.0,181.0,0,0,0.0,392.0,143.0,0.0,0.0,0.0,87542,291,41594,366,0.5,0.5,0.0,0.0,0.0,0.0,0.0,0.0,0.0,0.0,0.0,502.0,179.0,0.0,488.0,176.0,0.0,453.0,167.0,0.0,505.0,179.0,,,,27,,Rhys,Williams,R.Williams,,,0,0,0,0,0,0,0,0,0,0,0,0,0,,,,0.0,0.0,0.0,0.0,0.0,0,0,0
380,a,,,3.8,796,245.0,0,0.0,-2,2.0,0.2,349,125.0,0,0,0.0,523.0,189.0,0,0,0.0,406.0,156.0,0.0,0.0,0.0,27444,13,31011,17,0.5,0.5,0.0,0.0,0.0,0.0,0.0,0.0,0.0,0.0,0.0,512.0,188.0,0.0,499.0,186.0,0.0,464.0,177.0,0.0,515.0,188.0,,,,27,,Calvin,Ramsay,Ramsay,,,0,0,0,0,0,0,0,0,0,0,0,0,0,,,,0.0,0.0,0.0,0.0,0.0,0,0,0
381,a,100.0,100.0,14.0,2,1.0,0,0.0,-5,5.0,14.2,25,9.0,82,0,4.6,31.0,17.0,5,259,3.6,63.0,31.0,0.3,5.9,0.0,1341609,1530,5879474,527,4.1,4.1,6.18,3.75,9.93,22.81,0.36,0.22,0.58,1.34,348.4,132.0,42.0,569.9,15.0,15.0,587.0,17.0,7.0,150.5,17.0,13.0,,4.0,1.0,27,,Mohamed,Salah,M.Salah,,,1536,4,6,5,27,0,0,0,1,0,0,16,64,,,,0.0,0.29,1.58,0.94,3.75,5,9,50
382,a,100.0,100.0,8.4,12,7.0,0,0.0,-1,1.0,13.9,26,10.0,100,0,4.0,81.0,39.0,16,412,3.8,49.0,26.0,0.5,11.9,0.0,2130577,12398,4083406,2097,4.3,4.3,5.64,4.1,9.73,23.77,0.27,0.2,0.47,1.16,409.0,93.0,30.0,682.1,6.0,6.0,530.0,21.0,9.0,162.1,14.0,10.0,4.0,,,27,,Florian,Wirtz,Wirtz,,,1850,4,3,8,23,0,0,0,1,0,0,21,133,,,,0.0,0.39,1.12,1.02,6.47,28,19,86
383,u,0.0,0.0,8.0,16,11.0,0,0.0,0,0.0,0.0,604,231.0,0,0,0.0,816.0,366.0,0,0,0.0,815.0,366.0,0.0,0.0,0.0,0,0,7329,0,0.0,0.0,0.0,0.0,0.0,0.0,0.0,0.0,0.0,0.0,0.0,816.0,366.0,0.0,816.0,366.0,0.0,816.0,366.0,0.0,816.0,366.0,,,,27,,Luis,Díaz Marulanda,Luis Díaz,Has joined Bayern Munch permanently.,,0,0,0,0,0,0,0,0,0,0,0,0,0,,,,0.0,0.0,0.0,0.0,0.0,0,0,0
384,a,100.0,100.0,7.3,27,17.0,0,0.0,-2,2.0,5.3,69,24.0,89,0,3.7,99.0,46.0,5,330,2.2,167.0,77.0,0.3,12.2,0.0,3303503,1403,3730266,517,2.7,2.7,5.25,4.08,9.33,19.01,0.27,0.21,0.48,0.98,365.2,119.0,39.0,529.9,19.0,19.0,553.0,19.0,8.0,144.7,20.0,16.0,3.0,,3.0,27,,Cody,Gakpo,Gakpo,,,1742,5,3,6,25,0,0,0,1,0,0,20,100,,,,0.0,0.31,1.29,1.03,5.17,16,25,59
385,a,100.0,100.0,6.3,69,46.0,0,0.0,-2,2.0,0.3,325,110.0,31,0,1.6,398.0,178.0,0,116,0.6,317.0,144.0,0.1,4.9,0.0,55965,20,68230,24,1.1,1.1,1.18,0.5,1.68,4.75,0.44,0.19,0.63,1.79,115.6,325.0,148.0,33.9,362.0,188.0,127.0,204.0,112.0,27.6,333.0,160.0,,,,27,,Federico,Chiesa,Chiesa,,,239,2,1,0,6,0,0,0,2,0,0,1,26,,,,0.0,0.0,2.26,0.38,9.79,8,12,6
386,a,100.0,100.0,6.2,72,48.0,0,0.0,-3,3.0,1.2,172,58.0,52,0,2.1,321.0,141.0,0,278,1.4,239.0,101.0,0.2,8.4,0.0,172021,320,274558,140,1.9,1.9,2.14,1.16,3.3,21.2,0.11,0.06,0.17,1.11,255.8,205.0,86.0,345.5,64.0,51.0,195.0,124.0,72.0,79.7,117.0,65.0,,,4.0,27,,Alexis,Mac Allister,Mac Allister,,,1726,0,2,6,24,0,0,0,4,0,0,21,141,,,,0.0,0.31,1.25,1.1,7.35,31,41,69
387,a,100.0,100.0,6.8,47,30.0,1,-1.0,3,-3.0,6.9,55,20.0,97,0,4.0,77.0,35.0,14,496,5.2,18.0,9.0,0.8,14.3,0.0,1912163,25145,1419715,554,5.7,5.7,3.54,3.76,7.3,28.45,0.15,0.16,0.31,1.19,544.8,41.0,9.0,794.2,3.0,3.0,277.0,79.0,48.0,161.5,15.0,11.0,2.0,2.0,,27,,Dominik,Szoboszlai,Szoboszlai,,,2152,4,2,7,34,0,0,1,5,1,0,24,222,,,,0.0,0.29,1.42,1.0,9.28,36,63,123
388,a,100.0,100.0,5.4,167,102.0,0,0.0,-1,1.0,0.1,458,156.0,43,0,1.9,349.0,153.0,1,263,0.8,290.0,127.0,0.1,8.0,0.0,28157,29,32848,25,1.3,1.3,1.08,2.24,3.32,17.85,0.09,0.18,0.27,1.45,218.0,239.0,103.0,305.2,84.0,63.0,112.0,220.0,121.0,63.4,179.0,95.0,,,,27,,Curtis,Jones,C.Jones,,,1107,0,2,2,21,0,0,0,1,0,0,10,122,,,,0.0,0.16,1.71,0.81,9.92,22,20,80
390,a,100.0,100.0,5.5,148,92.0,0,0.0,0,0.0,4.8,72,26.0,111,0,4.6,27.0,14.0,13,504,3.0,99.0,48.0,0.5,20.2,0.0,1915106,4008,1438304,1081,3.5,3.5,1.32,1.76,3.08,25.26,0.06,0.07,0.13,1.07,518.4,51.0,12.0,365.9,54.0,45.0,135.0,189.0,105.0,102.0,62.0,40.0,,,,27,,Ryan,Gravenberch,Gravenberch,,,2118,4,4,8,29,0,0,0,4,0,0,24,230,,,,0.0,0.34,1.23,1.02,9.77,43,82,105
392,i,0.0,0.0,4.9,293,183.0,0,0.0,-1,1.0,0.1,506,181.0,12,0,1.5,412.0,184.0,0,49,1.0,263.0,114.0,0.2,2.4,0.0,7346,3,14940,16,0.0,0.0,0.04,0.05,0.09,4.11,0.02,0.03,0.05,2.18,56.0,396.0,175.0,18.1,393.0,197.0,6.0,423.0,206.0,8.0,422.0,191.0,,,,27,,Endo,Wataru,Endo,Foot injury - Unknown return date,,170,0,1,1,5,0,0,0,1,0,0,1,23,,,,0.0,0.53,2.65,0.53,12.18,7,13,3
393,i,0.0,0.0,4.3,604,352.0,0,0.0,-2,2.0,0.0,631,248.0,0,0,0.0,650.0,245.0,0,0,0.0,559.0,186.0,0.0,0.0,0.0,6767,7,10023,5,0.0,0.0,0.0,0.0,0.0,0.0,0.0,0.0,0.0,0.0,0.0,639.0,235.0,0.0,636.0,241.0,0.0,612.0,229.0,0.0,642.0,238.0,,,,27,,Stefan,Bajčetić Maquieira,Bajcetic,Hamstring injury - Unknown return date,,0,0,0,0,0,0,0,0,0,0,0,0,0,,,,0.0,0.0,0.0,0.0,0.0,0,0,0
394,u,0.0,0.0,4.4,546,326.0,0,0.0,-1,1.0,0.0,676,275.0,0,0,0.0,670.0,258.0,0,0,0.0,587.0,203.0,0.0,0.0,0.0,1737,0,4091,0,0.0,0.0,0.0,0.0,0.0,0.0,0.0,0.0,0.0,0.0,0.0,660.0,249.0,0.0,657.0,255.0,0.0,635.0,244.0,0.0,663.0,252.0,,,,27,,James,McConnell,McConnell,has joined Ajax on loan for the rest of the season.,,0,0,0,0,0,0,0,0,0,0,0,0,0,,,,0.0,0.0,0.0,0.0,0.0,0,0,0
395,u,0.0,0.0,4.5,430,257.0,0,0.0,0,0.0,0.0,801,355.0,0,0,0.0,697.0,274.0,0,0,0.0,623.0,224.0,0.0,0.0,0.0,0,0,357,0,0.0,0.0,0.0,0.0,0.0,0.0,0.0,0.0,0.0,0.0,0.0,690.0,268.0,0.0,687.0,272.0,0.0,670.0,265.0,0.0,693.0,271.0,,,,27,,Tyler,Morton,Morton,Has joined Lyon permanently.,,0,0,0,0,0,0,0,0,0,0,0,0,0,,,,0.0,0.0,0.0,0.0,0.0,0,0,0
396,a,,,4.3,613,359.0,0,0.0,-2,2.0,0.3,305,105.0,2,0,1.0,464.0,204.0,0,5,0.0,567.0,193.0,0.0,0.5,0.0,97312,13,81829,52,0.5,0.5,0.0,0.0,0.0,0.0,0.0,0.0,0.0,0.0,2.2,481.0,222.0,10.3,415.0,206.0,0.0,618.0,235.0,1.3,476.0,220.0,,,,27,,Trey,Nyoni,Nyoni,,,2,0,0,0,0,0,0,0,0,0,0,0,0,,,,0.0,0.0,0.0,0.0,0.0,0,0,0
397,u,0.0,0.0,6.5,51,18.0,0,0.0,0,0.0,0.1,553,78.0,0,0,0.0,812.0,90.0,0,0,0.0,808.0,88.0,0.0,0.0,0.0,0,0,15933,1,0.0,0.0,0.0,0.0,0.0,0.0,0.0,0.0,0.0,0.0,0.0,812.0,90.0,0.0,812.0,90.0,0.0,812.0,90.0,0.0,812.0,90.0,,,,27,,Darwin,Núñez Ribeiro,Darwin,Has joined Al-Hilal permanently.,,0,0,0,0,0,0,0,0,0,0,0,0,0,,,,0.0,0.0,0.0,0.0,0.0,0,0,0
398,i,0.0,0.0,4.3,600,84.0,0,0.0,-2,2.0,0.1,472,68.0,0,0,0.0,648.0,66.0,0,0,0.0,556.0,55.0,0.0,0.0,0.0,8927,10,19480,10,0.0,0.0,0.0,0.0,0.0,0.0,0.0,0.0,0.0,0.0,0.0,637.0,66.0,0.0,633.0,65.0,0.0,609.0,65.0,0.0,640.0,66.0,,,,27,,Jayden,Danns,Danns,Hamstring injury - Unknown return date,,0,0,0,0,0,0,0,0,0,0,0,0,0,,,,0.0,0.0,0.0,0.0,0.0,0,0,0
499,i,0.0,0.0,10.3,4,2.0,0,0.0,-2,2.0,3.5,93,16.0,29,0,2.9,215.0,24.0,2,96,0.0,817.0,91.0,0.0,2.8,0.0,1797090,10,2412022,192,0.0,0.0,2.04,0.07,2.11,5.1,0.37,0.01,0.38,0.92,97.6,347.0,34.0,36.5,358.0,44.0,143.0,181.0,39.0,26.9,338.0,39.0,,,,27,,Alexander,Isak,Isak,Ankle injury - Expected back 11 Apr,,501,2,1,1,7,0,0,0,0,0,0,6,23,,,,0.0,0.18,1.26,1.08,4.13,6,6,11
661,a,100.0,100.0,8.9,7,3.0,0,0.0,4,-4.0,26.3,13,4.0,104,0,4.5,36.0,5.0,19,362,3.6,62.0,6.0,0.4,11.7,0.0,7575904,15850,6584756,3185,4.1,4.1,8.62,1.88,10.5,22.21,0.51,0.11,0.62,1.32,440.4,75.0,5.0,241.3,120.0,7.0,628.0,11.0,8.0,129.9,29.0,7.0,,,,27,,Hugo,Ekitiké,Ekitiké,,,1509,10,2,6,20,0,0,0,0,0,0,17,67,,,,0.0,0.36,1.19,1.01,4.0,9,27,31
686,a,,,4.3,619,363.0,0,0.0,-2,2.0,0.8,209,72.0,13,0,1.6,386.0,170.0,0,56,0.2,368.0,161.0,0.0,3.0,0.0,242917,264,173748,276,0.7,0.7,0.37,0.35,0.72,2.78,0.44,0.41,0.85,3.29,50.8,400.0,177.0,59.7,319.0,179.0,41.0,330.0,173.0,15.3,381.0,179.0,,,,27,,Rio,Ngumoha,Ngumoha,,,76,1,0,0,3,0,0,0,0,0,0,0,3,,,,0.0,0.0,3.55,0.0,3.55,1,0,2
692,i,0.0,0.0,4.9,350,57.0,0,0.0,-1,1.0,0.0,710,246.0,0,0,0.0,778.0,261.0,0,0,0.0,739.0,256.0,0.0,0.0,0.0,1851,3,2499,3,0.0,0.0,0.0,0.0,0.0,0.0,0.0,0.0,0.0,0.0,0.0,777.0,261.0,0.0,774.0,261.0,0.0,770.0,261.0,0.0,778.0,261.0,,,,27,,Giovanni,Leoni,Leoni,Knee injury - Expected back 01 Sep,,0,0,0,0,0,0,0,0,0,0,0,0,0,,,,0.0,0.0,0.0,0.0,0.0,0,0,0
746,a,,,4.5,491,301.0,0,0.0,0,0.0,0.0,745,316.0,0,0,0.0,736.0,307.0,0,0,0.0,670.0,264.0,0.0,0.0,0.0,982,0,770,0,0.5,0.5,0.0,0.0,0.0,0.0,0.0,0.0,0.0,0.0,0.0,734.0,305.0,0.0,729.0,306.0,0.0,716.0,302.0,0.0,735.0,306.0,,,,27,,Kieran,Morrison,Morrison,,,0,0,0,0,0,0,0,0,0,0,0,0,0,,,,0.0,0.0,0.0,0.0,0.0,0,0,0
760,a,,,4.0,706,185.0,0,0.0,0,0.0,0.0,698,241.0,0,0,0.0,609.0,226.0,0,0,0.0,498.0,198.0,0.0,0.0,0.0,947,2,740,9,0.5,0.5,0.0,0.0,0.0,0.0,0.0,0.0,0.0,0.0,0.0,598.0,225.0,0.0,591.0,225.0,0.0,559.0,219.0,0.0,601.0,225.0,,,,27,,Wellity,Lucky,Lucky,,,0,0,0,0,0,0,0,0,0,0,0,0,0,,,,0.0,0.0,0.0,0.0,0.0,0,0,0
82,a,100.0,100.0,8.0,17,12.0,0,0.0,10,-10.0,51.8,2,1.0,157,4,6.0,5.0,3.0,17,504,7.0,5.0,2.0,0.9,19.6,0.0,11099712,21610,6053219,2376,7.5,7.5,8.72,2.27,10.99,37.59,0.34,0.09,0.43,1.45,710.6,7.0,2.0,450.5,32.0,31.0,780.0,3.0,1.0,194.3,3.0,2.0,,,,27,,Antoine,Semenyo,Semenyo,,,2336,13,6,7,44,0,0,1,6,0,0,26,193,,,,0.0,0.27,1.7,1.0,7.44,38,37,118
182,a,,,4.5,428,23.0,0,0.0,-5,5.0,0.9,200,24.0,11,0,3.7,94.0,10.0,0,62,0.0,621.0,90.0,0.0,2.4,0.0,99639,6,271865,66,0.5,0.5,0.0,0.0,0.0,3.97,0.0,0.0,0.0,1.32,100.2,343.0,26.0,0.0,685.0,86.0,0.0,668.0,76.0,10.1,406.0,27.0,,,,27,,James,Trafford,Trafford,,,270,0,0,1,4,0,0,0,0,0,11,3,41,,,,3.67,0.33,1.33,1.0,0.0,2,6,33
260,a,100.0,100.0,5.2,209,28.0,0,0.0,7,-7.0,37.3,5,2.0,126,2,5.0,13.0,3.0,9,473,4.2,36.0,12.0,0.8,24.2,0.0,5840554,9811,2855748,24646,4.7,4.7,2.65,2.02,4.67,32.49,0.11,0.08,0.19,1.3,626.8,19.0,9.0,190.8,158.0,38.0,283.0,76.0,4.0,110.1,48.0,5.0,,,,27,,Marc,Guéhi,Guéhi,,,2250,2,4,9,27,0,0,0,5,0,0,25,242,,,,0.0,0.36,1.08,1.0,8.28,35,172,105
399,u,0.0,0.0,5.3,186,5.0,0,0.0,-2,2.0,0.8,205,26.0,0,0,0.0,793.0,94.0,0,0,0.0,767.0,94.0,0.0,0.0,0.0,15200,0,272755,27,0.0,0.0,0.0,0.0,0.0,0.0,0.0,0.0,0.0,0.0,0.0,793.0,94.0,0.0,792.0,93.0,0.0,789.0,91.0,0.0,793.0,94.0,,,,27,,Ederson,Santana de Moraes,Ederson M.,has joined Fenerbache permanently.,,0,0,0,0,0,0,0,0,0,0,0,0,0,,,,0.0,0.0,0.0,0.0,0.0,0,0,0
401,a,100.0,100.0,3.8,785,93.0,0,0.0,-2,2.0,0.4,276,35.0,0,0,0.0,518.0,33.0,0,0,0.0,399.0,24.0,0.0,0.0,0.0,51516,267,27969,406,0.5,0.5,0.0,0.0,0.0,0.0,0.0,0.0,0.0,0.0,0.0,507.0,33.0,0.0,493.0,17.0,0.0,458.0,4.0,0.0,510.0,33.0,,,,27,,Marcus,Bettinelli,Bettinelli,,,0,0,0,0,0,0,0,0,0,0,0,0,0,,,,0.0,0.0,0.0,0.0,0.0,0,0,0
402,a,100.0,100.0,5.7,118,12.0,0,0.0,-3,3.0,3.9,86,29.0,28,2,2.8,229.0,90.0,4,107,3.0,100.0,36.0,0.5,4.9,0.0,538783,905,2395001,322,3.5,3.5,0.3,0.73,1.03,6.91,0.05,0.12,0.17,1.12,91.6,355.0,134.0,67.6,300.0,100.0,39.0,332.0,107.0,19.8,363.0,126.0,,,,27,,Rayan,Aït-Nouri,Aït-Nouri,,,553,0,0,2,5,0,0,0,1,0,0,7,54,,,,0.0,0.33,0.81,1.14,7.49,21,25,22
403,i,0.0,0.0,5.9,101,7.0,0,0.0,-1,1.0,3.4,97,34.0,77,0,4.8,22.0,7.0,5,291,0.0,800.0,265.0,0.0,13.1,0.0,1374106,10,2171690,668,0.0,0.0,2.19,0.64,2.83,15.29,0.15,0.04,0.19,1.06,354.6,126.0,58.0,104.7,242.0,68.0,193.0,127.0,24.0,65.3,169.0,56.0,,,,27,,Joško,Gvardiol,Gvardiol,Leg injury - Unknown return date,,1301,2,2,6,13,0,0,0,2,0,0,15,115,,,,0.0,0.42,0.9,1.04,6.85,17,82,48
404,u,0.0,0.0,5.4,168,19.0,0,0.0,-1,1.0,0.3,336,121.0,0,0,0.0,796.0,264.0,0,0,0.0,776.0,262.0,0.0,0.0,0.0,9281,0,85377,7,0.0,0.0,0.0,0.0,0.0,0.0,0.0,0.0,0.0,0.0,0.0,796.0,264.0,0.0,795.0,264.0,0.0,793.0,264.0,0.0,796.0,264.0,,,,27,,Manuel,Akanji,Akanji,has joined Inter Milan on loan for the rest of the season.,,0,0,0,0,0,0,0,0,0,0,0,0,0,,,,0.0,0.0,0.0,0.0,0.0,0,0,0
405,a,,,5.3,187,23.0,0,0.0,-2,2.0,0.6,238,90.0,26,0,2.0,333.0,123.0,1,111,0.2,386.0,142.0,0.0,4.9,0.0,44387,33,84576,73,0.7,0.7,0.28,0.44,0.72,7.87,0.05,0.08,0.13,1.46,98.6,345.0,131.0,93.1,259.0,78.0,25.0,362.0,121.0,21.8,355.0,121.0,,,,27,,Nathan,Aké,Aké,,,485,0,0,2,7,0,0,0,1,0,0,4,40,,,,0.0,0.37,1.3,0.74,6.87,9,28,12
406,a,100.0,100.0,5.4,185,22.0,0,0.0,-1,1.0,0.4,291,109.0,32,1,2.5,274.0,105.0,0,157,2.8,112.0,39.0,0.5,5.9,0.0,52563,107,71544,216,3.3,3.3,0.3,0.1,0.4,11.41,0.03,0.01,0.04,1.31,152.4,292.0,114.0,34.2,360.0,127.0,4.0,434.0,159.0,19.1,366.0,127.0,,,,27,,Abdukodir,Khusanov,Khusanov,,,784,0,0,3,7,0,0,0,2,0,0,8,82,,,,0.0,0.34,0.8,0.92,8.38,21,52,39
407,a,100.0,100.0,5.4,175,21.0,0,0.0,-1,1.0,3.3,102,38.0,117,2,4.9,18.0,4.0,14,489,4.6,28.0,9.0,0.9,21.7,0.0,873578,2430,537843,5092,5.1,5.1,0.25,1.45,1.7,23.07,0.01,0.07,0.08,1.04,495.8,62.0,27.0,318.8,75.0,18.0,58.0,301.0,91.0,87.5,98.0,25.0,,,4.0,27,,Matheus,Nunes,Matheus N.,,,1994,1,7,8,20,0,0,0,4,0,0,22,186,,,,0.0,0.36,0.9,0.99,6.68,45,103,122
408,a,100.0,100.0,5.5,140,16.0,0,0.0,0,0.0,3.3,98,35.0,102,0,4.4,39.0,15.0,3,407,1.4,237.0,89.0,0.3,18.5,0.0,928319,607,1045099,590,1.9,1.9,0.53,0.51,1.04,21.78,0.03,0.02,0.05,1.05,495.4,63.0,28.0,96.5,253.0,74.0,95.0,240.0,64.0,68.8,154.0,50.0,,,,27,,Rúben,dos Santos Gato Alves Dias,Rúben,,,1869,2,0,11,18,0,0,0,3,0,0,21,170,,,,0.0,0.53,0.87,1.01,7.03,9,137,66
409,a,100.0,100.0,5.4,157,17.0,0,0.0,-1,1.0,0.6,250,93.0,12,0,1.7,381.0,141.0,0,45,0.0,771.0,261.0,0.0,2.2,0.0,50687,21,109384,24,0.5,0.5,0.0,0.06,0.06,5.05,0.0,0.02,0.02,1.29,76.6,372.0,143.0,19.6,391.0,141.0,2.0,451.0,166.0,9.8,407.0,145.0,,,,27,,John,Stones,Stones,,,351,0,0,1,8,0,0,0,0,0,0,4,34,,,,0.0,0.26,2.05,1.03,4.87,0,19,17
410,a,100.0,100.0,4.6,400,69.0,0,0.0,-4,4.0,1.2,175,66.0,19,0,1.9,340.0,127.0,2,75,0.0,692.0,249.0,0.0,4.1,0.0,367668,61,459237,166,0.5,0.5,0.11,1.31,1.42,5.04,0.03,0.38,0.41,1.46,67.4,383.0,147.0,97.3,251.0,73.0,43.0,326.0,105.0,20.7,359.0,123.0,,,,27,,Rico,Lewis,Lewis,,,311,0,1,1,5,0,0,0,1,0,0,3,23,,,,0.0,0.29,1.45,0.87,5.5,5,14,10
411,a,100.0,100.0,4.9,334,53.0,0,0.0,-1,1.0,5.7,65,21.0,117,17,4.5,32.0,11.0,6,407,7.8,2.0,1.0,1.6,23.9,0.0,2078658,78470,1412425,499,8.3,8.3,2.95,1.69,4.64,25.52,0.13,0.08,0.21,1.17,487.8,64.0,29.0,314.0,77.0,19.0,279.0,78.0,5.0,108.1,50.0,6.0,,,,27,,Nico,O'Reilly,O'Reilly,,,1971,4,3,10,19,0,0,0,4,0,0,21,157,,,,0.0,0.46,0.87,0.96,6.16,58,77,79
412,u,0.0,0.0,5.0,282,42.0,0,0.0,0,0.0,0.0,776,261.0,0,0,0.0,791.0,263.0,0,0,0.0,756.0,258.0,0.0,0.0,0.0,0,0,851,0,0.0,0.0,0.0,0.0,0.0,0.0,0.0,0.0,0.0,0.0,0.0,790.0,263.0,0.0,789.0,263.0,0.0,785.0,263.0,0.0,791.0,263.0,,,,27,,Vitor,de Oliveira Nunes dos Reis,Vitor Reis,Has joined Girona on loan for the rest of the season.,,0,0,0,0,0,0,0,0,0,0,0,0,0,,,,0.0,0.0,0.0,0.0,0.0,0,0,0
413,a,100.0,100.0,8.3,13,8.0,0,0.0,-2,2.0,2.5,117,36.0,34,4,2.3,301.0,133.0,4,111,3.6,61.0,30.0,0.4,4.1,0.0,246842,814,1255625,330,4.1,4.1,1.84,0.66,2.5,4.59,0.38,0.14,0.52,0.94,110.4,332.0,151.0,134.0,200.0,133.0,181.0,139.0,81.0,42.2,266.0,134.0,,1.0,2.0,27,,Omar,Marmoush,Marmoush,,,440,1,2,2,4,0,0,0,1,0,0,5,27,,,,0.0,0.41,0.82,1.02,5.52,10,4,13
414,a,100.0,100.0,8.1,14,9.0,-1,1.0,1,-1.0,9.4,37,13.0,109,1,4.5,35.0,18.0,10,466,1.6,216.0,91.0,0.2,13.5,0.0,6156607,283,5347650,5523,2.1,2.1,5.29,3.59,8.88,21.02,0.28,0.19,0.47,1.1,486.6,65.0,18.0,724.6,4.0,4.0,419.0,32.0,17.0,162.8,13.0,9.0,1.0,3.0,,27,,Phil,Foden,Foden,,,1716,7,3,10,14,0,0,0,4,0,0,20,127,,,,0.0,0.52,0.73,1.05,6.66,26,21,80
415,a,100.0,100.0,6.9,42,25.0,0,0.0,-1,1.0,0.4,279,98.0,26,0,1.7,382.0,168.0,0,87,0.0,811.0,363.0,0.0,3.8,0.0,33380,46,113244,22,0.5,0.5,1.28,1.18,2.46,6.39,0.22,0.2,0.42,1.08,75.0,375.0,167.0,138.1,197.0,132.0,218.0,105.0,64.0,43.1,263.0,131.0,,,,27,,Sávio,Moreira de Oliveira,Savinho,,,531,0,2,2,5,0,0,0,1,0,0,5,44,,,,0.0,0.34,0.85,0.85,7.46,5,9,30
416,a,100.0,100.0,6.2,71,47.0,0,0.0,-3,3.0,0.6,244,84.0,67,1,2.5,279.0,119.0,1,350,3.8,44.0,21.0,0.6,10.8,0.0,88353,334,126782,214,4.3,4.3,1.24,2.78,4.02,25.06,0.06,0.13,0.19,1.13,331.4,143.0,48.0,508.9,23.0,22.0,140.0,185.0,103.0,98.0,74.0,46.0,5.0,,,27,,Bernardo,Mota Veiga de Carvalho e Silva,Bernardo,,,1988,1,4,8,21,0,0,0,8,0,0,23,180,,,,0.0,0.36,0.95,1.04,8.15,29,48,103
417,a,100.0,100.0,6.4,61,39.0,-1,1.0,-1,1.0,8.5,42,14.0,91,1,4.1,61.0,27.0,12,391,2.8,116.0,54.0,0.4,14.2,0.0,2662524,1702,2602716,9460,3.3,3.3,2.16,5.87,8.03,14.71,0.18,0.48,0.66,1.2,394.8,102.0,33.0,586.2,13.0,13.0,326.0,60.0,35.0,130.9,27.0,21.0,2.0,4.0,,27,,Rayan,Cherki,Cherki,,,1099,3,8,5,11,0,0,0,1,0,0,12,106,,,,0.0,0.41,0.9,0.98,8.68,21,14,71
418,i,0.0,0.0,6.4,57,36.0,0,0.0,-1,1.0,2.3,123,39.0,72,0,3.6,115.0,51.0,9,305,0.2,390.0,175.0,0.0,11.2,0.0,2119505,7,2078963,521,0.0,0.0,1.81,4.25,6.06,15.61,0.14,0.32,0.46,1.19,302.0,178.0,70.0,557.2,16.0,16.0,380.0,44.0,27.0,123.8,33.0,25.0,,,3.0,27,,Jérémy,Doku,Doku,Calf injury - Expected back 28 Feb,,1179,1,7,5,13,0,0,0,0,0,0,13,79,,,,0.0,0.38,0.99,0.99,6.03,15,10,54
423,a,100.0,100.0,5.9,98,63.0,0,0.0,-1,1.0,0.1,473,164.0,55,0,2.6,262.0,111.0,1,289,0.0,797.0,355.0,0.0,9.3,0.0,27557,26,30588,24,0.5,0.5,0.56,1.0,1.56,16.77,0.04,0.07,0.11,1.1,278.6,191.0,77.0,185.6,163.0,114.0,64.0,286.0,154.0,52.8,220.0,109.0,,,,27,,Nico,González Iglesias,N.Gonzalez,,,1370,1,0,7,14,0,0,0,6,0,0,15,182,,,,0.0,0.46,0.92,0.99,11.96,36,67,79
425,u,0.0,0.0,5.4,184,114.0,0,0.0,-1,1.0,0.0,741,313.0,0,0,0.0,802.0,356.0,0,0,0.0,784.0,345.0,0.0,0.0,0.0,194,0,3227,0,0.0,0.0,0.0,0.0,0.0,0.0,0.0,0.0,0.0,0.0,0.0,802.0,356.0,0.0,801.0,356.0,0.0,799.0,355.0,0.0,802.0,356.0,,,,27,,Claudio,Echeverri,Echeverri,has joined Girona on loan for the rest of the season.,,0,0,0,0,0,0,0,0,0,0,0,0,0,,,,0.0,0.0,0.0,0.0,0.0,0,0,0
427,a,,,5.1,232,143.0,0,0.0,-4,4.0,10.1,35,11.0,84,0,3.5,124.0,55.0,6,313,1.0,269.0,118.0,0.2,16.5,0.0,3544908,306,4880343,2637,1.5,1.5,3.92,1.99,5.91,17.18,0.24,0.12,0.36,1.06,325.2,148.0,50.0,317.4,76.0,56.0,385.0,39.0,24.0,101.9,64.0,41.0,3.0,,,27,,Tijjani,Reijnders,Reijnders,,,1453,5,2,7,16,0,0,0,2,0,0,17,87,,,,0.0,0.43,0.99,1.05,5.39,10,27,50
428,a,100.0,100.0,5.0,278,172.0,0,0.0,0,0.0,0.0,719,300.0,0,0,0.0,788.0,346.0,0,0,0.0,753.0,323.0,0.0,0.0,0.0,192,4,2534,5,0.5,0.5,0.0,0.0,0.0,0.0,0.0,0.0,0.0,0.0,0.0,787.0,345.0,0.0,786.0,346.0,0.0,782.0,344.0,0.0,788.0,346.0,,,,27,,Sverre,Nypan,Nypan,,,0,0,0,0,0,0,0,0,0,0,0,0,0,,,,0.0,0.0,0.0,0.0,0.0,0,0,0
429,u,0.0,0.0,4.7,378,237.0,0,0.0,-3,3.0,0.1,557,203.0,0,0,0.0,754.0,322.0,0,0,0.0,693.0,281.0,0.0,0.0,0.0,4052,0,8312,5,0.0,0.0,0.0,0.0,0.0,0.0,0.0,0.0,0.0,0.0,0.0,753.0,321.0,0.0,749.0,322.0,0.0,739.0,319.0,0.0,754.0,322.0,,,,27,,Kalvin,Phillips,Phillips,has joined Sheffield United on loan for the rest of the season.,,0,0,0,0,0,0,0,0,0,0,0,0,0,,,,0.0,0.0,0.0,0.0,0.0,0,0,0
430,a,100.0,100.0,14.8,1,1.0,0,0.0,8,-8.0,67.2,1,1.0,192,5,7.1,1.0,1.0,34,778,5.4,15.0,3.0,0.4,13.0,0.0,6764167,6211,1987465,2653,5.9,5.9,20.66,1.86,22.52,28.68,0.83,0.07,0.9,1.16,974.2,1.0,1.0,249.2,112.0,5.0,1158.0,1.0,1.0,238.3,1.0,1.0,,,1.0,27,,Erling,Haaland,Haaland,,,2233,22,7,10,24,0,0,1,1,0,0,26,80,,,,0.0,0.4,0.97,1.05,3.22,13,39,28
736,a,,,5.6,127,3.0,0,0.0,1,-1.0,9.0,40,7.0,96,5,4.0,73.0,6.0,3,416,5.0,21.0,3.0,0.9,17.1,0.0,1990963,3549,1221833,2199,5.5,5.5,0.0,0.0,0.0,26.41,0.0,0.0,0.0,1.1,507.2,56.0,13.0,0.0,805.0,94.0,0.0,803.0,93.0,50.9,227.0,14.0,,,,27,,Gianluigi,Donnarumma,Donnarumma,,,2160,0,0,10,21,0,1,0,5,0,60,24,55,,,,2.5,0.42,0.88,1.0,0.0,0,34,163
739,u,0.0,0.0,4.4,565,339.0,0,0.0,-1,1.0,0.0,679,277.0,2,0,1.0,470.0,210.0,0,5,0.0,603.0,214.0,0.0,0.5,0.0,3500,0,3138,4,0.0,0.0,0.0,0.21,0.21,0.34,0.0,0.76,0.76,1.22,4.2,472.0,216.0,28.3,372.0,191.0,4.0,427.0,210.0,3.7,450.0,203.0,,,,27,,Divine,Mukasa,Mukasa,has joined Leicester City on loan for the rest of the season.,,25,0,0,0,0,0,0,0,0,0,0,0,1,,,,0.0,0.0,0.0,0.0,3.6,0,0,1
740,u,0.0,0.0,3.9,776,227.0,0,0.0,-1,1.0,0.0,617,219.0,0,0,0.0,566.0,206.0,0,0,0.0,453.0,177.0,0.0,0.0,0.0,3208,0,3736,11,0.0,0.0,0.0,0.0,0.0,0.0,0.0,0.0,0.0,0.0,0.0,555.0,205.0,0.0,545.0,205.0,0.0,511.0,197.0,0.0,558.0,205.0,,,,27,,Stephen,Mfuni,Mfuni,has joined Watford on loan for the rest of the season.,,0,0,0,0,0,0,0,0,0,0,0,0,0,,,,0.0,0.0,0.0,0.0,0.0,0,0,0
742,a,,,4.5,502,310.0,0,0.0,0,0.0,0.0,732,307.0,0,0,0.0,743.0,313.0,0,0,0.0,678.0,271.0,0.0,0.0,0.0,1476,2,1222,2,0.5,0.5,0.0,0.0,0.0,0.0,0.0,0.0,0.0,0.0,0.0,742.0,312.0,0.0,737.0,313.0,0.0,724.0,309.0,0.0,743.0,313.0,,,,27,,Ryan,McAidoo,McAidoo,,,0,0,0,0,0,0,0,0,0,0,0,0,0,,,,0.0,0.0,0.0,0.0,0.0,0,0,0
763,a,,,4.5,457,274.0,0,0.0,0,0.0,0.0,785,344.0,0,0,0.0,713.0,289.0,0,0,0.0,641.0,240.0,0.0,0.0,0.0,373,2,256,3,0.5,0.5,0.0,0.0,0.0,0.0,0.0,0.0,0.0,0.0,0.0,707.0,284.0,0.0,704.0,287.0,0.0,688.0,280.0,0.0,709.0,286.0,,,,27,,Charlie,Gray,Gray,,,0,0,0,0,0,0,0,0,0,0,0,0,0,,,,0.0,0.0,0.0,0.0,0.0,0,0,0
764,a,,,4.5,485,296.0,0,0.0,0,0.0,0.0,797,352.0,0,0,0.0,730.0,302.0,0,0,0.0,664.0,259.0,0.0,0.0,0.0,199,2,140,2,0.5,0.5,0.0,0.0,0.0,0.0,0.0,0.0,0.0,0.0,0.0,728.0,300.0,0.0,723.0,301.0,0.0,710.0,297.0,0.0,729.0,301.0,,,,27,,Reigan,Heskey,Heskey,,,0,0,0,0,0,0,0,0,0,0,0,0,0,,,,0.0,0.0,0.0,0.0,0.0,0,0,0
794,d,75.0,75.0,4.1,654,159.0,0,0.0,-4,4.0,0.0,735,254.0,5,0,2.5,267.0,103.0,0,27,0.0,527.0,222.0,0.0,1.2,0.0,5115,1,4276,31,0.4,0.4,0.26,0.06,0.32,1.54,0.17,0.04,0.21,1.03,34.0,420.0,158.0,14.8,400.0,146.0,26.0,359.0,120.0,7.5,428.0,154.0,,,,27,,Max,Alleyne,Alleyne,Knock - 75% chance of playing,,135,0,0,0,1,0,0,0,0,0,0,2,11,,,,0.0,0.0,0.67,1.33,7.33,3,8,4
119,a,100.0,100.0,8.6,10,5.0,0,0.0,6,-6.0,22.7,17,5.0,109,0,5.2,10.0,7.0,15,401,5.2,19.0,10.0,0.6,12.7,0.0,6757767,8365,5689676,2530,5.7,5.7,7.11,3.78,10.89,25.36,0.35,0.19,0.54,1.26,498.8,60.0,17.0,578.8,14.0,14.0,674.0,6.0,2.0,175.2,7.0,5.0,2.0,2.0,,27,,Bryan,Mbeumo,Mbeumo,,,1809,9,2,4,29,0,0,0,3,0,0,21,96,,,,0.0,0.2,1.44,1.04,4.78,16,12,68
431,a,,,4.7,386,17.0,0,0.0,-3,3.0,0.3,309,41.0,11,0,1.8,364.0,29.0,0,49,0.0,695.0,91.0,0.0,2.3,0.0,36524,21,61724,20,0.5,0.5,0.0,0.05,0.05,9.24,0.0,0.01,0.01,1.54,118.4,320.0,25.0,10.0,421.0,9.0,0.0,741.0,83.0,12.8,393.0,25.0,,,,27,,Altay,Bayındır,Bayindir,,,540,0,0,0,11,0,0,0,0,0,13,6,46,,,,2.17,0.0,1.83,1.0,0.0,0,7,39
432,u,0.0,0.0,4.9,302,11.0,0,0.0,-1,1.0,0.1,422,63.0,0,0,0.0,764.0,93.0,0,0,0.0,715.0,93.0,0.0,0.0,0.0,5156,0,26452,1,0.0,0.0,0.0,0.0,0.0,0.0,0.0,0.0,0.0,0.0,0.0,763.0,93.0,0.0,760.0,90.0,0.0,754.0,86.0,0.0,764.0,93.0,,,,27,,André,Onana,Onana,has joined Trabzonspor on loan for the rest of the season.,,0,0,0,0,0,0,0,0,0,0,0,0,0,,,,0.0,0.0,0.0,0.0,0.0,0,0,0
433,u,0.0,0.0,4.0,718,65.0,0,0.0,0,0.0,0.0,806,94.0,0,0,0.0,619.0,84.0,0,0,0.0,510.0,76.0,0.0,0.0,0.0,0,0,246,0,0.0,0.0,0.0,0.0,0.0,0.0,0.0,0.0,0.0,0.0,0.0,608.0,84.0,0.0,601.0,72.0,0.0,570.0,59.0,0.0,611.0,84.0,,,,27,,Elyh,Harrison,Harrison,On loan to Shrewsbury Town,,0,0,0,0,0,0,0,0,0,0,0,0,0,,,,0.0,0.0,0.0,0.0,0.0,0,0,0
434,a,,,3.9,736,66.0,0,0.0,-1,1.0,0.3,342,47.0,0,0,0.0,535.0,35.0,0,0,0.0,420.0,26.0,0.0,0.0,0.0,15415,11,23833,23,0.5,0.5,0.0,0.0,0.0,0.0,0.0,0.0,0.0,0.0,0.0,524.0,35.0,0.0,513.0,19.0,0.0,479.0,6.0,0.0,527.0,35.0,,,,27,,Tom,Heaton,Heaton,,,0,0,0,0,0,0,0,0,0,0,0,0,0,,,,0.0,0.0,0.0,0.0,0.0,0,0,0
435,a,,,3.9,759,81.0,0,0.0,-1,1.0,0.1,478,72.0,0,0,0.0,551.0,49.0,0,0,0.0,437.0,40.0,0.0,0.0,0.0,5329,1,8429,3,0.5,0.5,0.0,0.0,0.0,0.0,0.0,0.0,0.0,0.0,0.0,540.0,49.0,0.0,530.0,34.0,0.0,496.0,21.0,0.0,543.0,49.0,,,,27,,Dermot,Mee,Mee,,,0,0,0,0,0,0,0,0,0,0,0,0,0,,,,0.0,0.0,0.0,0.0,0.0,0,0,0
436,d,25.0,25.0,4.9,308,48.0,0,0.0,-1,1.0,1.9,138,55.0,43,0,3.3,143.0,56.0,5,169,0.0,717.0,253.0,0.0,8.8,0.0,419531,8,544156,135,0.1,0.1,1.38,0.83,2.21,18.73,0.11,0.06,0.17,1.44,276.6,193.0,80.0,60.2,317.0,106.0,122.0,211.0,54.0,45.7,251.0,83.0,,,,27,,Matthijs,de Ligt,De Ligt,Back injury - 25% chance of playing,,1170,1,0,1,20,0,0,0,0,0,0,13,139,,,,0.0,0.08,1.54,1.0,8.23,19,88,40
437,a,100.0,100.0,4.8,361,61.0,0,0.0,-2,2.0,1.0,191,71.0,39,0,2.8,221.0,87.0,3,165,1.8,191.0,70.0,0.4,8.1,0.0,167479,561,73122,307,2.3,2.3,0.06,0.5,0.56,9.34,0.01,0.05,0.06,0.93,220.2,238.0,94.0,78.3,286.0,90.0,10.0,400.0,146.0,31.0,318.0,107.0,,,,27,,Lisandro,Martínez,Martinez,,,904,0,0,3,11,1,0,0,0,0,0,9,75,,,,0.0,0.3,1.1,0.9,7.47,12,63,52
438,a,100.0,100.0,4.9,316,51.0,0,0.0,-1,1.0,0.2,370,135.0,20,0,1.7,379.0,140.0,2,99,0.6,308.0,107.0,0.1,4.1,0.0,32910,60,53092,35,1.1,1.1,0.06,0.23,0.28,3.98,0.01,0.05,0.06,0.8,115.2,326.0,122.0,51.5,332.0,113.0,22.0,372.0,130.0,18.7,368.0,128.0,,,,27,,Noussair,Mazraoui,Mazraoui,,,448,0,0,1,6,0,0,0,1,0,0,6,59,,,,0.0,0.2,1.21,1.21,9.44,15,32,27
439,a,,,4.2,648,156.0,0,0.0,-3,3.0,0.1,569,204.0,0,0,0.0,640.0,248.0,0,0,0.0,542.0,229.0,0.0,0.0,0.0,3236,3,8456,7,0.5,0.5,0.0,0.0,0.0,0.0,0.0,0.0,0.0,0.0,0.0,630.0,248.0,0.0,625.0,247.0,0.0,599.0,246.0,0.0,633.0,248.0,,,,27,,Diego,León Blanco,D.Leon,,,0,0,0,0,0,0,0,0,0,0,0,0,0,,,,0.0,0.0,0.0,0.0,0.0,0,0,0
440,a,100.0,100.0,4.5,419,79.0,0,0.0,0,0.0,4.6,76,25.0,86,0,3.6,104.0,39.0,8,304,3.2,75.0,29.0,0.7,19.1,0.0,932581,1619,596812,1393,3.7,3.7,1.34,1.95,3.29,25.5,0.07,0.1,0.17,1.25,397.4,98.0,45.0,344.2,66.0,12.0,131.0,197.0,49.0,87.3,99.0,26.0,,,,27,,Diogo,Dalot Teixeira,Dalot,,,1840,1,6,5,30,0,0,0,4,0,0,21,144,,,,0.0,0.24,1.47,1.03,6.02,36,87,86
441,i,0.0,0.0,4.3,616,140.0,0,0.0,-2,2.0,4.2,83,28.0,74,0,3.4,128.0,47.0,8,261,1.6,207.0,76.0,0.4,17.2,0.0,1771447,74,1988273,6573,0.0,0.0,1.86,1.42,3.28,18.78,0.13,0.1,0.23,1.27,402.4,96.0,43.0,354.1,59.0,10.0,262.0,87.0,8.0,101.9,63.0,12.0,,,,27,,Patrick,Dorgu,Dorgu,Hamstring injury - Unknown return date,,1329,3,3,3,20,0,0,0,5,0,0,14,117,,,,0.0,0.2,1.35,0.95,6.43,47,48,72
442,a,100.0,100.0,4.3,572,121.0,0,0.0,-2,2.0,1.7,146,58.0,52,0,4.0,64.0,26.0,3,161,2.6,119.0,40.0,0.6,12.1,0.0,259543,626,157196,454,3.1,3.1,0.73,0.06,0.79,11.32,0.09,0.01,0.1,1.33,172.6,270.0,109.0,20.6,388.0,139.0,93.0,243.0,66.0,28.8,328.0,114.0,,,,27,,Harry,Maguire,Maguire,,,768,1,1,4,9,0,0,0,1,0,0,9,74,,,,0.0,0.47,1.05,1.05,7.38,9,54,24
443,a,,,4.5,409,73.0,0,0.0,0,0.0,0.8,208,79.0,62,0,2.4,284.0,109.0,0,275,2.0,175.0,63.0,0.4,13.8,0.0,165163,266,114556,178,2.5,2.5,0.47,1.45,1.91,30.09,0.02,0.06,0.08,1.2,374.0,114.0,51.0,260.5,108.0,29.0,55.0,306.0,95.0,69.0,152.0,49.0,,,,27,,Luke,Shaw,Shaw,,,2264,0,1,5,34,0,0,0,4,0,0,26,171,,,,0.0,0.2,1.35,1.03,5.57,53,87,73
444,a,,,4.1,656,160.0,0,0.0,-4,4.0,1.2,173,65.0,37,0,1.6,383.0,142.0,1,114,0.4,323.0,113.0,0.1,9.0,0.0,205483,67,302598,108,0.9,0.9,0.68,0.25,0.93,17.78,0.05,0.02,0.07,1.38,209.8,250.0,102.0,62.2,312.0,105.0,73.0,274.0,78.0,34.4,301.0,99.0,,,,27,,Leny,Yoro,Yoro,,,1156,0,1,1,24,0,0,0,0,0,0,12,121,,,,0.0,0.08,1.87,0.93,7.71,23,76,50
445,u,0.0,0.0,4.0,716,194.0,0,0.0,0,0.0,0.1,538,191.0,0,0,0.0,617.0,233.0,0,0,0.0,508.0,207.0,0.0,0.0,0.0,1160,0,14413,2,0.0,0.0,0.0,0.0,0.0,0.0,0.0,0.0,0.0,0.0,0.0,606.0,232.0,0.0,599.0,232.0,0.0,568.0,227.0,0.0,609.0,232.0,,,,27,,Harry,Amass,Amass,has joined Norwich City on loan for the rest of the season.,,0,0,0,0,0,0,0,0,0,0,0,0,0,,,,0.0,0.0,0.0,0.0,0.0,0,0,0
446,a,,,3.8,804,253.0,0,0.0,-2,2.0,0.1,432,160.0,1,0,1.0,449.0,162.0,0,4,0.0,413.0,163.0,0.0,0.3,0.0,10361,0,14508,13,0.5,0.5,0.0,0.0,0.0,0.3,0.0,0.0,0.0,13.5,4.0,473.0,170.0,0.0,506.0,193.0,0.0,471.0,184.0,0.4,486.0,171.0,,,,27,,Tyler,Fredricson,Fredricson,,,2,0,0,0,0,0,0,0,0,0,0,0,2,,,,0.0,0.0,0.0,0.0,90.0,0,2,0
447,a,100.0,100.0,3.7,816,264.0,0,0.0,-3,3.0,2.1,128,49.0,26,0,2.4,281.0,107.0,0,107,0.0,394.0,145.0,0.0,7.0,0.0,413026,1460,333571,904,0.5,0.5,0.34,0.17,0.51,7.95,0.05,0.02,0.07,1.12,175.6,268.0,108.0,27.2,375.0,134.0,26.0,357.0,118.0,22.9,350.0,120.0,,,,27,,Ayden,Heaven,Heaven,,,636,0,1,1,12,1,0,0,1,0,0,8,72,,,,0.0,0.14,1.7,1.13,10.05,16,55,29
449,a,100.0,100.0,9.9,5,3.0,1,-1.0,9,-9.0,37.1,6,2.0,143,0,6.2,3.0,1.0,25,631,5.4,14.0,8.0,0.5,14.4,0.0,7311025,9623,5369924,1920,5.9,5.9,8.16,6.7,14.86,27.96,0.37,0.3,0.67,1.27,806.0,3.0,1.0,1127.1,1.0,1.0,389.0,38.0,23.0,232.5,2.0,1.0,1.0,1.0,1.0,27,,Bruno,Borges Fernandes,B.Fernandes,,,1985,6,12,3,33,0,0,2,2,0,0,23,210,,,,0.0,0.14,1.5,1.04,9.52,38,53,119
454,u,0.0,0.0,5.9,99,64.0,0,0.0,-1,1.0,0.1,566,209.0,0,0,0.0,808.0,361.0,0,0,0.0,798.0,356.0,0.0,0.0,0.0,1511,0,10694,1,0.0,0.0,0.0,0.0,0.0,0.0,0.0,0.0,0.0,0.0,0.0,808.0,361.0,0.0,808.0,361.0,0.0,807.0,361.0,0.0,808.0,361.0,,,,27,,Antony,dos Santos,Antony,has joined Real Betis permanently.,,0,0,0,0,0,0,0,0,0,0,0,0,0,,,,0.0,0.0,0.0,0.0,0.0,0,0,0
455,d,50.0,50.0,5.9,94,60.0,0,0.0,-1,1.0,0.3,320,108.0,46,0,2.7,248.0,102.0,3,164,0.0,794.0,352.0,0.0,7.8,0.0,183679,2,196619,63,0.2,0.2,1.54,1.4,2.94,10.3,0.17,0.16,0.33,1.14,162.4,281.0,123.0,198.5,155.0,108.0,158.0,160.0,89.0,51.9,222.0,111.0,3.0,,,27,,Mason,Mount,Mount,Knock - 50% chance of playing,,812,3,0,3,14,0,0,0,0,0,0,10,62,,,,0.0,0.33,1.55,1.11,6.87,14,7,41
457,a,100.0,100.0,5.6,122,76.0,0,0.0,1,-1.0,2.4,118,37.0,110,0,4.6,28.0,15.0,14,414,4.0,41.0,20.0,0.7,19.6,0.0,591388,2237,342878,936,4.5,4.5,4.11,2.42,6.53,18.89,0.21,0.13,0.34,0.99,535.6,44.0,10.0,351.4,60.0,48.0,365.0,49.0,30.0,125.4,32.0,24.0,,,,27,,Carlos Henrique,Casimiro,Casemiro,,,1724,5,4,7,20,0,0,0,6,1,0,23,222,,,,0.0,0.37,1.04,1.2,11.59,56,77,89
458,a,100.0,100.0,4.6,401,248.0,0,0.0,-4,4.0,1.3,161,52.0,32,0,1.9,341.0,149.0,0,142,3.4,67.0,32.0,0.7,7.0,0.0,194071,1291,120555,436,3.9,3.9,0.17,0.56,0.73,9.42,0.02,0.07,0.09,1.25,160.8,284.0,125.0,203.3,151.0,104.0,41.0,331.0,174.0,40.5,273.0,136.0,,,,27,,Kobbie,Mainoo,Mainoo,,,678,0,2,2,12,0,0,0,0,0,0,5,72,,,,0.0,0.27,1.59,0.66,9.56,16,20,36
459,a,,,4.7,384,240.0,0,0.0,-3,3.0,0.2,413,140.0,31,0,1.7,377.0,165.0,0,155,0.4,334.0,149.0,0.1,6.6,0.0,29358,12,37175,34,0.9,0.9,0.31,0.15,0.46,14.56,0.04,0.02,0.06,1.75,129.6,313.0,143.0,63.3,308.0,173.0,32.0,345.0,180.0,22.3,353.0,169.0,,,,27,,Manuel,Ugarte Ribeiro,Ugarte,,,748,0,0,1,20,0,0,0,1,0,0,7,122,,,,0.0,0.12,2.41,0.84,14.68,41,34,47
460,u,0.0,0.0,4.5,445,266.0,0,0.0,0,0.0,0.0,659,265.0,0,0,0.0,706.0,282.0,0,0,0.0,632.0,232.0,0.0,0.0,0.0,505,0,9593,0,0.0,0.0,0.0,0.0,0.0,0.0,0.0,0.0,0.0,0.0,0.0,699.0,276.0,0.0,697.0,280.0,0.0,681.0,273.0,0.0,702.0,279.0,,,,27,,Toby,Collyer,Collyer,has joined Hull City on loan for the rest of the season.,,0,0,0,0,0,0,0,0,0,0,0,0,0,,,,0.0,0.0,0.0,0.0,0.0,0,0,0
461,a,,,4.3,610,357.0,0,0.0,-2,2.0,0.0,606,233.0,0,0,0.0,654.0,249.0,0,0,0.0,564.0,191.0,0.0,0.0,0.0,3188,5,4731,5,0.5,0.5,0.0,0.0,0.0,0.0,0.0,0.0,0.0,0.0,0.0,643.0,239.0,0.0,640.0,245.0,0.0,616.0,233.0,0.0,646.0,242.0,,,,27,,Jayce,Fitzgerald,Fitzgerald,,,0,0,0,0,0,0,0,0,0,0,0,0,0,,,,0.0,0.0,0.0,0.0,0.0,0,0,0
462,a,,,4.3,607,354.0,0,0.0,-2,2.0,0.1,502,180.0,3,0,1.0,462.0,203.0,0,10,0.0,561.0,188.0,0.0,0.7,0.0,14585,19,12351,22,0.5,0.5,0.03,0.02,0.05,1.86,0.03,0.02,0.05,1.56,18.6,446.0,197.0,24.4,380.0,194.0,5.0,425.0,208.0,4.8,446.0,200.0,,,,27,,Jack,Fletcher,J.Fletcher,,,107,0,0,0,0,0,0,0,0,0,0,0,11,,,,0.0,0.0,0.0,0.0,9.25,5,2,4
463,u,0.0,0.0,4.3,620,364.0,0,0.0,-2,2.0,0.1,512,185.0,0,0,0.0,659.0,253.0,0,0,0.0,571.0,196.0,0.0,0.0,0.0,9069,0,13000,10,0.0,0.0,0.0,0.0,0.0,0.0,0.0,0.0,0.0,0.0,0.0,648.0,243.0,0.0,645.0,249.0,0.0,622.0,238.0,0.0,651.0,246.0,,,,27,,Sékou,Koné,Kone,has joined Lausanne-Sport on loan for the rest of the season.,,0,0,0,0,0,0,0,0,0,0,0,0,0,,,,0.0,0.0,0.0,0.0,0.0,0,0,0
464,u,0.0,0.0,4.5,472,287.0,0,0.0,0,0.0,0.0,689,283.0,0,0,0.0,722.0,297.0,0,0,0.0,652.0,250.0,0.0,0.0,0.0,723,0,2845,1,0.0,0.0,0.0,0.0,0.0,0.0,0.0,0.0,0.0,0.0,0.0,718.0,294.0,0.0,714.0,296.0,0.0,699.0,290.0,0.0,720.0,296.0,,,,27,,Jack,Moorhouse,Moorhouse,has joined Leyton Orient on loan for the rest of the season.,,0,0,0,0,0,0,0,0,0,0,0,0,0,,,,0.0,0.0,0.0,0.0,0.0,0,0,0
465,u,0.0,0.0,6.3,70,22.0,0,0.0,-2,2.0,0.3,337,55.0,0,0,0.0,810.0,89.0,0,0,0.0,805.0,87.0,0.0,0.0,0.0,5437,0,56564,6,0.0,0.0,0.0,0.0,0.0,0.0,0.0,0.0,0.0,0.0,0.0,810.0,89.0,0.0,810.0,89.0,0.0,810.0,89.0,0.0,810.0,89.0,,,,27,,Rasmus,Højlund,Højlund,has joined Napoli on loan for the rest of the season.,,0,0,0,0,0,0,0,0,0,0,0,0,0,,,,0.0,0.0,0.0,0.0,0.0,0,0,0
466,a,100.0,100.0,5.8,108,31.0,0,0.0,-2,2.0,0.4,274,44.0,35,0,2.2,311.0,34.0,6,117,0.4,345.0,46.0,0.1,6.0,0.0,107021,52,127262,72,0.9,0.9,1.86,0.29,2.15,6.99,0.34,0.05,0.39,1.28,141.2,302.0,29.0,131.2,201.0,19.0,172.0,146.0,35.0,44.1,258.0,29.0,,,,27,,Joshua,Zirkzee,Zirkzee,,,492,2,1,1,7,0,0,0,1,0,0,4,36,,,,0.0,0.18,1.28,0.73,6.59,8,11,17
467,a,,,4.2,645,89.0,0,0.0,-3,3.0,1.6,151,24.0,0,0,0.0,638.0,64.0,0,0,0.0,539.0,53.0,0.0,0.0,0.0,270496,114,355269,392,0.5,0.5,0.0,0.0,0.0,0.0,0.0,0.0,0.0,0.0,0.0,628.0,64.0,0.0,623.0,63.0,0.0,597.0,63.0,0.0,631.0,64.0,,,,27,,Chido,Obi,Obi,,,0,0,0,0,0,0,0,0,0,0,0,0,0,,,,0.0,0.0,0.0,0.0,0.0,0,0,0
468,u,0.0,0.0,4.5,479,68.0,0,0.0,0,0.0,0.1,508,71.0,0,0,0.0,727.0,77.0,0,0,0.0,658.0,67.0,0.0,0.0,0.0,4530,0,14712,5,0.0,0.0,0.0,0.0,0.0,0.0,0.0,0.0,0.0,0.0,0.0,724.0,77.0,0.0,720.0,76.0,0.0,706.0,76.0,0.0,726.0,77.0,,,,27,,Ethan,Wheatley,Wheatley,has joined Bradford City on loan for the rest of the season.,,0,0,0,0,0,0,0,0,0,0,0,0,0,,,,0.0,0.0,0.0,0.0,0.0,0,0,0
681,a,100.0,100.0,7.2,32,13.0,0,0.0,-3,3.0,3.5,94,17.0,71,0,3.4,136.0,12.0,12,229,3.2,92.0,10.0,0.4,9.9,0.0,730284,1296,1363369,468,3.7,3.7,5.86,0.2,6.06,17.39,0.48,0.02,0.5,1.42,294.6,181.0,15.0,126.5,209.0,20.0,565.0,18.0,11.0,97.9,76.0,14.0,,,,27,,Benjamin,Sesko,Šeško,,,1099,6,2,1,23,0,0,0,1,0,0,11,46,,,,0.0,0.08,1.88,0.9,3.77,5,17,24
733,a,,,5.0,261,9.0,0,0.0,0,0.0,2.1,129,18.0,59,0,3.0,193.0,19.0,4,228,2.4,145.0,10.0,0.5,11.8,0.0,466376,809,279018,382,2.9,2.9,0.0,0.0,0.0,22.79,0.0,0.0,0.0,1.14,371.2,116.0,17.0,0.0,779.0,91.0,2.0,450.0,2.0,37.4,289.0,17.0,,,,27,,Senne,Lammens,Lammens,,,1800,0,0,4,26,0,0,0,0,0,44,20,43,,,,2.2,0.2,1.3,1.0,0.0,1,17,136
755,a,100.0,100.0,4.5,482,294.0,0,0.0,0,0.0,0.0,718,299.0,2,0,1.0,480.0,218.0,0,8,0.0,661.0,257.0,0.0,0.4,0.0,3240,10,2211,13,0.5,0.5,0.07,0.0,0.07,0.11,0.52,0.0,0.52,0.82,4.0,474.0,217.0,1.5,457.0,220.0,11.0,394.0,197.0,1.5,471.0,215.0,,,,27,,Shea,Lacey,Lacey,,,12,0,0,0,0,0,0,0,0,0,0,0,1,,,,0.0,0.0,0.0,0.0,7.5,1,0,0
769,a,,,4.5,481,293.0,0,0.0,0,0.0,0.0,781,340.0,1,0,1.0,479.0,217.0,0,3,0.0,660.0,256.0,0.0,0.2,0.0,406,7,253,3,0.5,0.5,0.0,0.01,0.01,0.05,0.0,0.06,0.06,0.3,2.2,482.0,223.0,11.7,408.0,203.0,0.0,708.0,296.0,1.4,473.0,217.0,,,,27,,Bendito,Mantato,Bendito Mantato,,,15,0,0,0,0,0,0,0,0,0,0,0,0,,,,0.0,0.0,0.0,0.0,0.0,0,0,0
52,a,100.0,100.0,5.3,194,121.0,0,0.0,-2,2.0,0.2,364,121.0,30,6,1.8,371.0,163.0,1,149,3.2,83.0,40.0,0.6,5.7,0.0,25128,132,74146,14,3.2,2.7,0.85,0.82,1.67,14.9,0.1,0.09,0.19,1.67,146.0,298.0,134.0,186.8,162.0,113.0,113.0,218.0,120.0,44.6,255.0,129.0,,,,27,,Jacob,Ramsey,J.Ramsey,,,804,1,1,0,19,0,0,0,3,0,0,7,84,,,,0.0,0.0,2.13,0.78,9.4,20,14,50
135,d,25.0,25.0,7.3,24,9.0,0,0.0,-2,2.0,0.6,233,35.0,18,0,1.6,401.0,49.0,0,56,1.0,277.0,37.0,0.1,2.5,0.0,234686,3,445174,513,0.2,0.1,1.88,0.53,2.41,6.1,0.42,0.12,0.54,1.35,52.0,399.0,44.0,34.1,361.0,45.0,133.0,192.0,41.0,21.4,356.0,43.0,,,,27,,Yoane,Wissa,Wissa,Knock - 25% chance of playing,,406,1,0,1,7,0,0,0,1,0,0,4,18,,,,0.0,0.22,1.55,0.89,3.99,2,3,13
469,a,100.0,100.0,5.1,223,6.0,0,0.0,1,-1.0,4.6,79,14.0,81,2,3.9,83.0,8.0,3,338,2.0,182.0,15.0,0.4,15.9,0.0,1489912,355,1521398,431,2.0,1.5,0.18,0.0,0.18,24.88,0.01,0.0,0.01,1.19,496.8,61.0,14.0,0.0,791.0,92.0,33.0,344.0,1.0,53.0,219.0,13.0,,,,27,,Nick,Pope,Pope,,,1876,0,1,7,29,0,0,0,1,0,65,21,121,,,,3.12,0.34,1.39,1.01,0.0,1,31,199
471,a,,,3.9,741,71.0,0,0.0,-1,1.0,0.1,435,65.0,0,0,0.0,539.0,39.0,0,0,0.0,424.0,30.0,0.0,0.0,0.0,6493,6,10267,5,0.0,-0.5,0.0,0.0,0.0,0.0,0.0,0.0,0.0,0.0,0.0,528.0,39.0,0.0,518.0,24.0,0.0,484.0,11.0,0.0,531.0,39.0,,,,27,,Mark,Gillespie,Gillespie,,,0,0,0,0,0,0,0,0,0,0,0,0,0,,,,0.0,0.0,0.0,0.0,0.0,0,0,0
472,u,0.0,0.0,4.0,664,44.0,0,0.0,0,0.0,0.0,712,82.0,0,0,0.0,575.0,64.0,0,0,0.0,462.0,55.0,0.0,0.0,0.0,0,0,2454,1,0.0,0.0,0.0,0.0,0.0,0.0,0.0,0.0,0.0,0.0,0.0,564.0,64.0,0.0,556.0,51.0,0.0,523.0,38.0,0.0,567.0,64.0,,,,27,,Odysseas,Vlachodimos,Odysseas,Has joined Sevilla on loan for the rest of the season.,,0,0,0,0,0,0,0,0,0,0,0,0,0,,,,0.0,0.0,0.0,0.0,0.0,0,0,0
473,a,100.0,100.0,5.3,202,25.0,0,0.0,-2,2.0,2.4,119,47.0,63,7,3.1,176.0,68.0,4,255,2.4,148.0,51.0,0.5,11.9,0.0,584095,1913,526167,717,2.4,1.9,0.68,1.81,2.49,21.16,0.04,0.12,0.16,1.37,396.2,100.0,46.0,255.7,111.0,30.0,114.0,217.0,55.0,76.6,126.0,40.0,4.0,,,27,,Lewis,Hall,Hall,,,1389,1,2,3,26,0,0,0,2,0,0,15,132,,,,0.0,0.19,1.68,0.97,8.03,39,85,86
474,i,0.0,0.0,5.2,207,27.0,0,0.0,-3,3.0,1.2,176,67.0,51,0,3.2,159.0,63.0,0,186,0.0,763.0,260.0,0.0,9.8,0.0,296753,4,488870,198,0.0,0.0,0.97,0.6,1.57,13.85,0.08,0.05,0.13,1.14,291.2,182.0,75.0,63.6,307.0,103.0,108.0,226.0,59.0,46.4,248.0,81.0,,3.0,4.0,27,,Fabian,Schär,Schär,Ankle injury - Expected back 18 Apr,,1089,0,0,4,13,0,0,0,1,0,0,11,133,,,,0.0,0.33,1.07,0.91,9.5,14,101,42
475,d,75.0,75.0,4.9,313,49.0,0,0.0,-1,1.0,0.4,285,105.0,53,0,3.5,120.0,45.0,4,206,2.4,141.0,50.0,0.5,10.8,0.0,75824,4,100769,149,1.8,1.4,1.28,0.28,1.56,14.57,0.11,0.02,0.13,1.24,325.8,147.0,66.0,49.7,336.0,115.0,132.0,196.0,48.0,50.8,228.0,74.0,,,,27,,Sven,Botman,Botman,Back injury - 75% chance of playing,,1060,1,1,4,17,1,0,0,1,0,0,12,134,,,,0.0,0.34,1.44,1.02,8.92,9,96,61
476,a,100.0,100.0,5.0,243,36.0,0,0.0,0,0.0,3.2,103,39.0,72,2,3.8,88.0,31.0,5,204,1.0,266.0,98.0,0.2,14.4,0.0,1490680,721,1652862,283,1.0,0.5,0.19,0.31,0.5,18.0,0.01,0.02,0.03,1.06,335.4,139.0,63.0,85.8,272.0,87.0,74.0,273.0,77.0,49.6,237.0,78.0,,,,27,,Dan,Burn,Burn,,,1528,0,3,6,24,0,0,0,6,1,0,18,193,,,,0.0,0.35,1.41,1.06,9.25,28,129,56
477,i,0.0,0.0,4.9,327,52.0,0,0.0,-1,1.0,1.9,137,54.0,49,0,3.8,87.0,30.0,3,218,0.0,727.0,254.0,0.0,10.0,0.0,1089540,2,1374243,194,0.0,0.0,0.12,0.57,0.69,11.0,0.01,0.05,0.06,0.94,190.8,260.0,106.0,178.1,169.0,40.0,36.0,340.0,111.0,40.5,274.0,92.0,,,,27,,Tino,Livramento,Livramento,Hamstring injury - Expected back 04 Mar,,1048,0,1,5,10,0,0,0,1,0,0,11,86,,,,0.0,0.43,0.86,0.94,4.98,19,39,68
478,a,100.0,100.0,4.9,286,43.0,0,0.0,-1,1.0,1.3,163,64.0,41,0,2.7,240.0,95.0,2,177,1.0,261.0,96.0,0.2,8.4,0.0,242049,225,370840,110,1.0,0.5,0.05,1.77,1.82,15.82,0.0,0.13,0.13,1.16,212.0,248.0,100.0,395.1,44.0,4.0,9.0,403.0,148.0,61.5,189.0,60.0,2.0,2.0,,27,,Kieran,Trippier,Trippier,,,1228,0,0,5,21,0,0,0,2,0,0,14,86,,,,0.0,0.37,1.54,1.03,4.18,18,39,56
479,i,0.0,0.0,4.3,575,124.0,0,0.0,-2,2.0,0.0,623,223.0,0,0,0.0,641.0,249.0,0,-8,0.0,544.0,231.0,0.0,0.0,0.0,1517,2,5115,3,0.0,0.0,0.0,0.0,0.0,0.25,0.0,0.0,0.0,0.5,1.4,486.0,174.0,1.2,460.0,168.0,0.0,601.0,247.0,0.3,492.0,174.0,,,,27,,Emil,Krafth,Krafth,Knee injury - Unknown return date,,45,0,0,0,2,0,0,0,0,0,0,1,1,,,,0.0,0.0,4.0,2.0,2.0,0,1,0
480,u,0.0,0.0,4.3,573,122.0,0,0.0,-2,2.0,0.0,586,209.0,1,0,0.5,511.0,178.0,0,0,0.0,543.0,230.0,0.0,0.2,0.0,2754,0,8952,4,0.0,0.0,0.04,0.0,0.04,0.55,0.19,0.0,0.19,2.61,10.2,455.0,167.0,0.0,626.0,248.0,7.0,415.0,156.0,1.7,467.0,167.0,,,,27,,Jamaal,Lascelles,Lascelles,has joined Leicester City permanently.,,19,0,0,0,2,0,0,0,0,0,0,0,5,,,,0.0,0.0,9.47,0.0,23.68,0,5,0
481,a,,,3.8,803,252.0,0,0.0,-2,2.0,0.7,220,83.0,1,0,1.0,448.0,161.0,0,-1,0.2,353.0,125.0,0.1,0.3,0.0,76222,76,99096,92,0.2,-0.3,0.0,0.0,0.0,0.27,0.0,0.0,0.0,24.3,2.2,480.0,172.0,0.0,505.0,192.0,0.0,470.0,183.0,0.2,497.0,175.0,,,,27,,Alex,Murphy,A.Murphy,,,1,0,0,0,1,0,0,0,0,0,0,0,1,,,,0.0,0.0,90.0,0.0,90.0,0,1,0
482,u,0.0,0.0,3.9,756,219.0,0,0.0,-1,1.0,0.1,454,166.0,0,0,0.0,549.0,201.0,0,0,0.0,435.0,171.0,0.0,0.0,0.0,8541,0,16733,9,0.0,0.0,0.0,0.0,0.0,0.0,0.0,0.0,0.0,0.0,0.0,538.0,200.0,0.0,528.0,200.0,0.0,494.0,192.0,0.0,541.0,200.0,,,,27,,Harrison,Ashby,Ashby,has joined Bradford City on loan for the rest of the season.,,0,0,0,0,0,0,0,0,0,0,0,0,0,,,,0.0,0.0,0.0,0.0,0.0,0,0,0
483,a,,,3.8,809,258.0,0,0.0,-2,2.0,0.4,286,106.0,0,0,0.0,531.0,197.0,0,0,0.0,416.0,166.0,0.0,0.0,0.0,64526,38,47016,44,0.0,-0.5,0.0,0.0,0.0,0.0,0.0,0.0,0.0,0.0,0.0,520.0,196.0,0.0,509.0,196.0,0.0,475.0,188.0,0.0,523.0,196.0,,,,27,,Miodrag,Pivaš,Pivas,,,0,0,0,0,0,0,0,0,0,0,0,0,0,,,,0.0,0.0,0.0,0.0,0.0,0,0,0
484,u,0.0,0.0,4.0,668,165.0,0,0.0,0,0.0,0.1,424,157.0,0,0,0.0,578.0,212.0,0,0,0.0,465.0,183.0,0.0,0.0,0.0,3759,0,45126,7,0.0,0.0,0.0,0.0,0.0,0.0,0.0,0.0,0.0,0.0,0.0,567.0,211.0,0.0,559.0,211.0,0.0,527.0,205.0,0.0,570.0,211.0,,,,27,,Matt,Targett,Targett,has joined Middlesbrough on loan for the rest of the season.,,0,0,0,0,0,0,0,0,0,0,0,0,0,,,,0.0,0.0,0.0,0.0,0.0,0,0,0
485,a,100.0,100.0,7.2,31,19.0,0,0.0,-3,3.0,2.3,126,41.0,68,2,3.2,166.0,72.0,4,240,3.0,104.0,50.0,0.4,9.4,0.0,1462739,4796,1436826,366,3.0,2.5,5.67,3.14,8.81,17.13,0.37,0.2,0.57,1.12,262.6,202.0,84.0,344.4,65.0,52.0,384.0,42.0,26.0,98.7,73.0,45.0,,,2.0,27,,Anthony,Gordon,Gordon,,,1381,3,4,6,25,0,0,0,3,1,0,19,66,,,,0.0,0.39,1.63,1.24,4.3,14,11,41
486,a,100.0,100.0,6.5,52,33.0,0,0.0,-5,5.0,2.6,115,35.0,36,2,1.6,399.0,179.0,0,132,1.6,215.0,90.0,0.2,5.5,0.0,553668,194,1179472,110,1.6,1.1,1.25,1.37,2.62,14.44,0.11,0.12,0.23,1.31,110.2,334.0,153.0,229.9,126.0,87.0,144.0,179.0,101.0,48.4,239.0,120.0,,,,27,,Anthony,Elanga,Elanga,,,993,0,1,2,22,0,0,0,0,0,0,10,39,,,,0.0,0.18,1.99,0.91,3.53,10,6,23
487,a,,,6.1,82,53.0,0,0.0,-4,4.0,1.2,171,57.0,76,0,2.9,213.0,88.0,8,245,1.6,213.0,88.0,0.3,12.5,0.0,712684,558,635823,690,1.6,1.1,5.52,2.0,7.52,19.0,0.35,0.13,0.48,1.22,287.0,184.0,73.0,272.0,102.0,74.0,504.0,23.0,11.0,105.9,55.0,36.0,,,,27,,Harvey,Barnes,Barnes,,,1404,5,0,4,21,0,0,0,1,0,0,14,75,,,,0.0,0.26,1.35,0.9,4.81,10,15,50
488,i,0.0,0.0,6.9,38,23.0,0,0.0,4,-4.0,7.7,50,17.0,134,0,5.8,6.0,4.0,19,584,2.8,117.0,55.0,0.4,19.4,0.0,4037504,110,3384914,28457,0.0,0.0,4.82,3.62,8.44,26.13,0.21,0.16,0.37,1.16,682.6,10.0,4.0,634.3,11.0,11.0,365.0,50.0,31.0,168.3,10.0,8.0,,,,27,,Bruno,Guimarães Rodriguez Moura,Bruno G.,Hamstring injury - Expected back 11 Apr,,2019,9,6,6,31,0,0,0,5,0,0,22,200,,,,0.0,0.27,1.38,0.98,8.92,50,43,107
489,a,100.0,100.0,5.9,90,56.0,0,0.0,-6,6.0,0.6,237,83.0,54,1,2.5,278.0,118.0,2,219,0.6,315.0,142.0,0.1,9.2,0.0,158354,68,344137,59,0.6,0.1,2.78,2.34,5.12,14.11,0.23,0.19,0.42,1.16,216.0,242.0,104.0,312.0,80.0,59.0,274.0,82.0,50.0,79.3,118.0,66.0,,,,27,,Jacob,Murphy,J.Murphy,,,1094,2,1,6,12,0,0,0,1,0,0,13,52,,,,0.0,0.49,0.99,1.07,4.28,9,13,30
490,a,100.0,100.0,5.9,93,59.0,0,0.0,-1,1.0,0.3,330,113.0,56,0,2.8,230.0,94.0,2,238,0.0,793.0,351.0,0.0,9.5,0.0,71276,90,102529,34,0.0,-0.5,1.78,0.98,2.76,17.82,0.11,0.06,0.17,1.15,254.6,207.0,88.0,222.3,130.0,89.0,275.0,81.0,49.0,75.2,130.0,70.0,,,,27,,Joelinton Cássio,Apolinário de Lira,Joelinton,,,1394,2,0,5,18,0,0,0,7,0,0,17,174,,,,0.0,0.32,1.16,1.1,11.23,31,56,87
491,a,100.0,100.0,5.3,197,122.0,0,0.0,-2,2.0,1.0,187,65.0,63,2,2.3,298.0,130.0,1,345,2.2,161.0,72.0,0.4,11.9,0.0,191425,413,303471,119,2.2,1.7,1.5,1.78,3.28,23.65,0.07,0.09,0.16,1.15,284.4,186.0,74.0,348.0,61.0,49.0,155.0,163.0,91.0,79.0,120.0,67.0,1.0,1.0,,27,,Sandro,Tonali,Tonali,,,1857,0,1,7,27,0,0,0,3,0,0,23,196,,,,0.0,0.34,1.31,1.11,9.5,27,54,115
492,u,0.0,0.0,4.9,349,218.0,0,0.0,-1,1.0,0.0,674,274.0,0,0,0.0,777.0,338.0,0,0,0.0,738.0,312.0,0.0,0.0,0.0,655,0,3567,2,0.0,0.0,0.0,0.0,0.0,0.0,0.0,0.0,0.0,0.0,0.0,776.0,337.0,0.0,773.0,338.0,0.0,769.0,336.0,0.0,777.0,338.0,,,,27,,Antoñito,Cordero Campillo,Antoñito C.,has joined Cadiz on loan for the rest of the season.,,0,0,0,0,0,0,0,0,0,0,0,0,0,,,,0.0,0.0,0.0,0.0,0.0,0,0,0
494,a,100.0,100.0,5.0,248,150.0,0,0.0,0,0.0,0.1,499,179.0,20,0,1.2,439.0,197.0,0,78,1.2,245.0,106.0,0.2,4.0,0.0,12210,28,11541,14,1.2,0.7,0.78,0.35,1.13,9.61,0.14,0.06,0.2,1.72,54.0,397.0,176.0,83.1,278.0,162.0,88.0,253.0,138.0,22.3,354.0,170.0,,,,27,,Joe,Willock,Willock,,,502,0,0,2,11,0,0,0,2,0,0,6,53,,,,0.0,0.36,1.97,1.08,9.5,15,6,32
495,u,0.0,0.0,4.5,411,251.0,0,0.0,0,0.0,0.0,763,327.0,0,0,0.0,689.0,269.0,0,0,0.0,611.0,218.0,0.0,0.0,0.0,0,0,1607,0,0.0,0.0,0.0,0.0,0.0,0.0,0.0,0.0,0.0,0.0,0.0,682.0,263.0,0.0,677.0,267.0,0.0,658.0,259.0,0.0,685.0,266.0,,,,27,,Isaac,Hayden,Hayden,Has departed the club as a free agent.,,0,0,0,0,0,0,0,0,0,0,0,0,0,,,,0.0,0.0,0.0,0.0,0.0,0,0,0
496,u,0.0,0.0,4.4,557,333.0,0,0.0,-1,1.0,0.0,629,246.0,0,0,0.0,678.0,263.0,0,0,0.0,596.0,209.0,0.0,0.0,0.0,2219,0,7369,2,0.0,0.0,0.0,0.0,0.0,0.0,0.0,0.0,0.0,0.0,0.0,669.0,255.0,0.0,665.0,260.0,0.0,645.0,251.0,0.0,672.0,258.0,,,,27,,Garang,Kuol,Kuol,has joined Sparta Prague permanently.,,0,0,0,0,0,0,0,0,0,0,0,0,0,,,,0.0,0.0,0.0,0.0,0.0,0,0,0
497,i,0.0,0.0,4.5,464,281.0,0,0.0,0,0.0,2.6,113,34.0,58,0,3.1,172.0,74.0,4,271,0.4,331.0,147.0,0.1,12.9,0.0,640722,39,602365,2175,0.0,0.0,1.36,2.0,3.36,13.65,0.11,0.16,0.27,1.08,275.0,194.0,78.0,214.3,140.0,96.0,132.0,195.0,107.0,62.1,186.0,99.0,,,,27,,Lewis,Miley,L.Miley,Dead leg - Expected back 04 Mar,,1133,1,3,2,16,0,0,0,0,0,0,11,123,,,,0.0,0.16,1.27,0.87,9.77,24,42,57
684,a,,,5.0,262,40.0,0,0.0,0,0.0,4.3,82,27.0,98,1,4.1,57.0,24.0,11,332,2.8,109.0,38.0,0.6,19.6,0.0,1206291,2941,698838,1976,2.8,2.3,2.66,0.73,3.39,30.52,0.12,0.03,0.15,1.36,641.0,16.0,7.0,88.8,264.0,81.0,300.0,70.0,3.0,102.7,59.0,10.0,,,,27,,Malick,Thiaw,Thiaw,,,2027,4,0,4,36,0,0,0,3,0,0,23,235,,,,0.0,0.18,1.6,1.02,9.19,28,179,91
689,a,,,4.3,621,365.0,0,0.0,-2,2.0,0.5,262,90.0,0,0,0.0,660.0,254.0,0,0,0.0,572.0,197.0,0.0,0.0,0.0,80025,510,46424,227,0.0,-0.5,0.0,0.0,0.0,0.0,0.0,0.0,0.0,0.0,0.0,649.0,244.0,0.0,646.0,250.0,0.0,623.0,239.0,0.0,652.0,247.0,,,,27,,Seung-Soo,Park,Seung soo,,,0,0,0,0,0,0,0,0,0,0,0,0,0,,,,0.0,0.0,0.0,0.0,0.0,0,0,0
765,a,,,4.0,711,189.0,0,0.0,0,0.0,0.0,661,232.0,0,0,0.0,613.0,229.0,0,0,0.0,503.0,202.0,0.0,0.0,0.0,3428,11,1853,15,0.0,-0.5,0.0,0.0,0.0,0.0,0.0,0.0,0.0,0.0,0.0,602.0,228.0,0.0,595.0,228.0,0.0,564.0,223.0,0.0,605.0,228.0,,,,27,,Leo,Shahar,Shahar,,,0,0,0,0,0,0,0,0,0,0,0,0,0,,,,0.0,0.0,0.0,0.0,0.0,0,0,0
772,a,,,4.5,512,316.0,0,0.0,0,0.0,0.0,783,342.0,0,0,0.0,750.0,318.0,0,0,0.0,687.0,276.0,0.0,0.0,0.0,393,8,201,2,0.0,-0.5,0.0,0.0,0.0,0.0,0.0,0.0,0.0,0.0,0.0,749.0,317.0,0.0,744.0,318.0,0.0,731.0,314.0,0.0,750.0,318.0,,,,27,,Sam,Alabi,Alabi,,,0,0,0,0,0,0,0,0,0,0,0,0,0,,,,0.0,0.0,0.0,0.0,0.0,0,0,0
503,u,0.0,0.0,4.0,688,56.0,0,0.0,0,0.0,0.1,548,76.0,0,0,0.0,594.0,75.0,0,0,0.0,482.0,67.0,0.0,0.0,0.0,448,0,15583,3,0.0,0.0,0.0,0.0,0.0,0.0,0.0,0.0,0.0,0.0,0.0,583.0,75.0,0.0,576.0,63.0,0.0,544.0,50.0,0.0,586.0,75.0,,,,27,,Carlos Miguel,dos Santos Pereira,C.Miguel,Has joined Palmeiras permanently.,,0,0,0,0,0,0,0,0,0,0,0,0,0,,,,0.0,0.0,0.0,0.0,0.0,0,0,0
504,u,0.0,0.0,4.0,672,47.0,0,0.0,0,0.0,0.1,519,75.0,0,0,0.0,581.0,66.0,0,0,0.0,469.0,58.0,0.0,0.0,0.0,0,0,15636,4,0.0,0.0,0.0,0.0,0.0,0.0,0.0,0.0,0.0,0.0,0.0,570.0,66.0,0.0,563.0,54.0,0.0,531.0,41.0,0.0,573.0,66.0,,,,27,,Matt,Turner,Turner,Has joined Lyon permanently.,,0,0,0,0,0,0,0,0,0,0,0,0,0,,,,0.0,0.0,0.0,0.0,0.0,0,0,0
506,a,100.0,100.0,5.2,220,29.0,0,0.0,-3,3.0,1.9,136,53.0,64,0,3.6,110.0,41.0,3,242,2.0,183.0,67.0,0.4,12.3,0.0,253526,474,789220,253,2.0,1.5,0.48,0.43,0.91,24.6,0.03,0.02,0.05,1.43,418.8,84.0,36.0,88.2,267.0,83.0,67.0,280.0,80.0,57.5,201.0,66.0,,3.0,,27,,Murillo,Costa dos Santos,Murillo,,,1549,1,0,4,23,1,0,0,3,0,0,18,199,,,,0.0,0.23,1.34,1.05,9.7,27,140,76
507,a,100.0,100.0,4.7,379,63.0,0,0.0,-3,3.0,2.3,124,48.0,35,0,3.5,119.0,44.0,3,132,4.2,34.0,11.0,0.9,7.4,0.0,313038,534,1609278,442,4.2,3.7,0.28,0.62,0.9,15.9,0.03,0.06,0.09,1.63,159.8,285.0,111.0,107.7,234.0,62.0,54.0,307.0,96.0,32.3,312.0,104.0,,,,27,,Ola,Aina,Aina,,,878,0,1,3,12,0,0,0,2,0,0,10,90,,,,0.0,0.31,1.23,1.03,7.18,12,58,54
508,a,100.0,100.0,4.7,383,64.0,0,0.0,-3,3.0,2.9,110,45.0,79,0,3.2,157.0,62.0,9,370,2.8,106.0,37.0,0.6,16.8,0.0,386351,134,1154253,304,2.8,2.3,1.53,2.87,4.4,33.97,0.06,0.12,0.18,1.39,541.6,43.0,19.0,393.1,47.0,5.0,257.0,91.0,9.0,119.1,40.0,2.0,4.0,,,27,,Neco,Williams,N.Williams,,,2204,1,1,6,35,0,0,0,4,1,0,25,207,,,,0.0,0.25,1.43,1.02,6.82,72,95,111
509,u,0.0,0.0,4.5,434,86.0,0,0.0,0,0.0,0.0,675,235.0,0,0,0.0,700.0,257.0,0,0,0.0,626.0,245.0,0.0,0.0,0.0,427,0,4403,0,0.0,0.0,0.0,0.0,0.0,0.0,0.0,0.0,0.0,0.0,0.0,693.0,256.0,0.0,690.0,256.0,0.0,673.0,256.0,0.0,696.0,256.0,,,,27,,David,Mota Veiga Teixeira do Carmo,David Carmo,has joined Real Oviedo on loan for the rest of the season.,,0,0,0,0,0,0,0,0,0,0,0,0,0,,,,0.0,0.0,0.0,0.0,0.0,0,0,0
510,a,,,4.2,644,155.0,0,0.0,-3,3.0,0.1,555,199.0,3,0,3.0,185.0,72.0,0,9,0.0,538.0,228.0,0.0,0.7,0.0,3237,3,8207,8,0.0,-0.5,0.0,0.0,0.0,3.28,0.0,0.0,0.0,3.28,26.0,434.0,161.0,0.4,473.0,174.0,0.0,596.0,245.0,2.6,461.0,166.0,,,,27,,Jair,Paula da Cunha Filho,Jair Cunha,,,90,0,0,0,2,0,0,0,0,0,0,1,12,,,,0.0,0.0,2.0,1.0,11.0,2,9,1
513,a,,,3.8,806,255.0,0,0.0,-2,2.0,0.3,334,120.0,2,0,1.0,450.0,163.0,0,1,0.2,354.0,126.0,0.1,0.5,0.0,27744,49,27953,36,0.2,-0.3,0.0,0.01,0.01,3.13,0.0,0.01,0.01,2.35,25.4,437.0,163.0,6.3,436.0,158.0,0.0,473.0,186.0,3.2,456.0,164.0,,,,27,,Zach,Abbott,Abbott,,,120,0,0,0,4,0,0,0,0,0,0,1,10,,,,0.0,0.0,3.0,0.75,7.5,2,8,8
515,a,100.0,100.0,7.3,26,16.0,0,0.0,-2,2.0,3.5,96,31.0,103,0,4.0,79.0,37.0,8,409,3.8,47.0,24.0,0.5,14.1,0.0,866326,841,1084564,1043,3.8,3.3,6.49,2.0,8.49,36.46,0.26,0.08,0.34,1.49,430.4,78.0,26.0,542.4,18.0,18.0,488.0,24.0,12.0,145.8,19.0,15.0,,2.0,2.0,27,,Morgan,Gibbs-White,Gibbs-White,,,2208,6,2,6,35,0,0,0,0,0,0,25,125,,,,0.0,0.24,1.43,1.02,5.1,14,36,75
516,a,100.0,100.0,5.7,115,72.0,0,0.0,-3,3.0,0.7,222,77.0,65,0,2.7,246.0,101.0,6,270,1.8,199.0,84.0,0.3,11.4,0.0,262132,90,331080,131,1.8,1.3,2.2,1.97,4.17,25.45,0.13,0.12,0.25,1.56,272.4,196.0,79.0,454.8,30.0,29.0,270.0,84.0,52.0,99.4,70.0,43.0,,,,27,,Callum,Hudson-Odoi,Hudson-Odoi,,,1469,3,1,4,23,0,0,0,0,0,0,16,85,,,,0.0,0.25,1.41,0.98,5.21,12,20,53
517,a,,,5.4,169,103.0,0,0.0,-1,1.0,6.0,60,22.0,113,0,4.3,45.0,22.0,7,520,4.2,37.0,18.0,0.8,20.9,0.0,1234728,4331,1208963,1103,4.2,3.7,2.17,2.89,5.06,37.55,0.08,0.11,0.19,1.44,584.8,29.0,7.0,676.4,8.0,8.0,205.0,112.0,66.0,147.0,18.0,14.0,2.0,,4.0,27,,Elliot,Anderson,Anderson,,,2340,1,3,6,38,0,0,0,4,0,0,26,362,,,,0.0,0.23,1.46,1.0,13.92,73,69,220
518,u,0.0,0.0,5.4,180,111.0,0,0.0,-1,1.0,0.0,618,240.0,1,0,1.0,500.0,235.0,0,6,0.0,781.0,342.0,0.0,0.2,0.0,1029,0,9124,1,0.0,0.0,0.0,0.0,0.0,0.0,0.0,0.0,0.0,0.0,5.0,471.0,215.0,0.5,472.0,228.0,4.0,433.0,215.0,1.0,477.0,221.0,,,,27,,João Pedro,Ferreira da Silva,Jota,has joined Besiktas on loan for the rest of the season.,,11,0,0,0,0,0,0,0,0,0,0,0,3,,,,0.0,0.0,0.0,0.0,24.55,2,1,0
519,a,100.0,100.0,5.0,256,156.0,0,0.0,0,0.0,0.0,626,244.0,33,0,2.1,317.0,139.0,3,131,1.0,267.0,116.0,0.2,6.6,0.0,5027,5,3258,11,1.0,0.5,1.09,0.39,1.48,14.74,0.12,0.04,0.16,1.64,165.2,275.0,118.0,140.6,196.0,131.0,117.0,215.0,118.0,42.4,264.0,132.0,3.0,,,27,,Nicolás,Domínguez,Dominguez,,,810,1,0,3,15,0,0,0,2,0,0,12,82,,,,0.0,0.33,1.67,1.33,9.11,32,18,32
520,u,0.0,0.0,5.0,254,155.0,0,0.0,0,0.0,0.0,814,364.0,0,0,0.0,780.0,340.0,0,0,0.0,742.0,314.0,0.0,0.0,0.0,0,0,117,0,0.0,0.0,0.0,0.0,0.0,0.0,0.0,0.0,0.0,0.0,0.0,779.0,339.0,0.0,777.0,340.0,0.0,774.0,338.0,0.0,780.0,340.0,,,,27,,Lewis,O'Brien,O'Brien,Has joined Wrexham permanently.,,0,0,0,0,0,0,0,0,0,0,0,0,0,,,,0.0,0.0,0.0,0.0,0.0,0,0,0
521,a,100.0,100.0,4.9,309,193.0,0,0.0,-1,1.0,0.1,544,199.0,61,0,3.4,131.0,58.0,2,246,2.2,159.0,70.0,0.4,12.4,0.0,10204,15,12104,12,2.2,1.7,1.03,1.31,2.34,21.53,0.07,0.09,0.16,1.47,295.4,180.0,71.0,112.1,227.0,146.0,107.0,227.0,125.0,51.5,224.0,113.0,,,,27,,Ibrahim,Sangaré,Sangaré,,,1314,2,2,6,17,0,0,0,3,0,0,16,155,,,,0.0,0.41,1.16,1.1,10.62,38,59,58
522,a,100.0,100.0,4.7,382,239.0,0,0.0,-3,3.0,0.1,550,200.0,17,0,1.3,427.0,191.0,0,77,0.4,333.0,148.0,0.1,3.6,0.0,9732,5,18994,8,0.4,-0.1,0.1,0.19,0.29,3.69,0.02,0.05,0.07,0.9,71.6,380.0,169.0,48.3,340.0,185.0,30.0,353.0,185.0,14.9,383.0,180.0,,,,27,,Ryan,Yates,Yates,,,367,0,1,0,5,0,0,0,1,0,0,1,36,,,,0.0,0.0,1.23,0.25,8.83,8,17,11
523,a,100.0,100.0,4.5,475,289.0,0,0.0,0,0.0,0.1,574,212.0,0,0,0.0,724.0,298.0,0,0,0.0,655.0,252.0,0.0,0.0,0.0,2438,13,16624,4,0.0,-0.5,0.0,0.0,0.0,0.0,0.0,0.0,0.0,0.0,0.0,720.0,295.0,0.0,716.0,297.0,0.0,702.0,292.0,0.0,722.0,297.0,,,,27,,Eric,da Silva Moreira,Da Silva Moreira,,,0,0,0,0,0,0,0,0,0,0,0,0,0,,,,0.0,0.0,0.0,0.0,0.0,0,0,0
524,u,0.0,0.0,4.5,451,269.0,0,0.0,0,0.0,0.0,690,284.0,0,0,0.0,708.0,284.0,0,0,0.0,635.0,235.0,0.0,0.0,0.0,245,0,5693,0,0.0,0.0,0.0,0.0,0.0,0.0,0.0,0.0,0.0,0.0,0.0,702.0,279.0,0.0,699.0,282.0,0.0,683.0,275.0,0.0,704.0,281.0,,,,27,,Marko,Stamenić,Stamenic,Has joined Swansea City permanently.,,0,0,0,0,0,0,0,0,0,0,0,0,0,,,,0.0,0.0,0.0,0.0,0.0,0,0,0
525,i,0.0,0.0,7.2,28,11.0,0,0.0,-3,3.0,4.6,78,14.0,25,0,3.1,180.0,17.0,3,85,0.0,814.0,90.0,0.0,3.5,0.0,2133501,11,3385994,200,0.0,0.0,2.81,0.11,2.92,7.84,0.47,0.02,0.49,1.31,77.6,371.0,37.0,49.6,337.0,39.0,179.0,140.0,33.0,29.8,323.0,37.0,,,1.0,27,,Chris,Wood,Wood,Knee injury - Unknown return date,,538,2,0,1,8,0,0,0,0,0,0,7,14,,,,0.0,0.17,1.34,1.17,2.34,1,6,7
526,a,100.0,100.0,5.8,109,32.0,0,0.0,-2,2.0,1.3,170,29.0,59,0,2.4,291.0,32.0,6,184,2.6,128.0,19.0,0.4,10.2,0.0,411768,440,369510,705,2.6,2.1,4.1,0.85,4.95,25.53,0.26,0.05,0.31,1.61,167.0,274.0,25.0,116.0,223.0,23.0,455.0,28.0,14.0,71.4,142.0,18.0,,,3.0,27,,Igor Jesus,Maciel da Cruz,Igor Jesus,,,1426,2,2,5,27,0,0,0,0,0,0,17,70,,,,0.0,0.32,1.7,1.07,4.42,17,21,32
527,a,100.0,100.0,5.2,210,48.0,0,0.0,-3,3.0,0.3,317,52.0,13,0,1.6,391.0,45.0,1,59,1.2,246.0,30.0,0.2,2.5,0.0,35481,40,91789,33,1.2,0.7,0.85,0.39,1.24,3.39,0.38,0.17,0.55,1.5,52.4,398.0,43.0,41.8,349.0,41.0,101.0,233.0,44.0,19.6,364.0,44.0,,,,27,,Taiwo,Awoniyi,Awoniyi,,,204,1,0,0,2,0,0,0,0,0,0,1,12,,,,0.0,0.0,0.88,0.44,5.29,1,4,7
696,u,0.0,0.0,6.0,88,28.0,0,0.0,0,0.0,0.1,445,66.0,9,0,1.0,502.0,61.0,0,24,0.0,801.0,85.0,0.0,1.5,0.0,15291,0,18142,14,0.0,0.0,0.44,0.02,0.46,1.57,0.44,0.02,0.46,1.59,6.8,464.0,56.0,17.7,394.0,51.0,39.0,333.0,52.0,6.3,436.0,55.0,,,,27,,Arnaud,Kalimuendo,Kalimuendo,has joined Eintracht Frankfurt on loan for the rest of the season.,,89,0,0,0,3,0,0,0,0,0,0,0,6,,,,0.0,0.0,3.03,0.0,6.07,1,1,4
715,i,0.0,0.0,4.0,670,46.0,0,0.0,0,0.0,0.3,296,39.0,11,0,2.2,303.0,26.0,0,32,0.0,467.0,57.0,0.0,2.8,0.0,65875,10,44582,90,0.0,0.0,0.0,0.0,0.0,6.13,0.0,0.0,0.0,1.26,56.4,395.0,29.0,0.0,561.0,53.0,0.0,529.0,40.0,5.7,438.0,29.0,,,,27,,John Victor,Maciel Furtado,John,Knee injury - Expected back 01 Jun,,437,0,0,1,8,0,0,0,1,0,6,5,0,,,,1.24,0.21,1.65,1.03,0.0,0,4,26
716,i,0.0,0.0,4.5,453,92.0,0,0.0,0,0.0,0.1,546,195.0,39,0,2.8,219.0,85.0,0,131,0.0,637.0,246.0,0.0,8.7,0.0,46646,0,42916,39,0.0,0.0,1.34,0.45,1.79,15.04,0.12,0.04,0.16,1.32,216.6,241.0,96.0,123.2,212.0,51.0,94.0,242.0,65.0,43.5,259.0,87.0,,,,27,,Nicolò,Savona,Savona,Knee injury - Unknown return date,,1025,2,0,3,18,0,0,0,2,0,0,11,69,,,,0.0,0.26,1.58,0.97,5.0,20,37,27
729,u,0.0,0.0,4.5,474,94.0,0,0.0,0,0.0,0.0,811,265.0,0,0,0.0,723.0,258.0,0,0,0.0,654.0,247.0,0.0,0.0,0.0,94,0,106,0,0.0,0.0,0.0,0.0,0.0,0.0,0.0,0.0,0.0,0.0,0.0,719.0,257.0,0.0,715.0,257.0,0.0,701.0,257.0,0.0,721.0,257.0,,,,27,,Luis Eduardo,Soares da Silva,Cuiabano,has joined Vasco de Gama on loan for the rest of the season.,,0,0,0,0,0,0,0,0,0,0,0,0,0,,,,0.0,0.0,0.0,0.0,0.0,0,0,0
734,a,100.0,100.0,5.9,100,65.0,0,0.0,-1,1.0,0.0,677,276.0,12,0,1.5,417.0,188.0,0,53,0.0,799.0,357.0,0.0,2.0,0.0,4324,7,3920,9,0.0,-0.5,0.39,0.68,1.07,5.51,0.12,0.2,0.32,1.64,49.8,401.0,178.0,108.8,232.0,147.0,71.0,277.0,151.0,23.0,349.0,166.0,,,,27,,Dilane,Bakwa,Bakwa,,,302,0,1,0,7,0,0,0,1,0,0,3,23,,,,0.0,0.0,2.09,0.89,6.85,1,3,19
805,a,,,5.5,150,38.0,0,0.0,0,0.0,0.0,654,84.0,7,0,3.5,125.0,10.0,0,29,1.8,196.0,27.0,0.3,1.3,0.0,4965,28,1664,44,1.8,1.3,0.72,0.0,0.72,0.67,0.61,0.0,0.61,0.57,32.0,424.0,49.0,2.1,452.0,59.0,27.0,356.0,53.0,5.9,437.0,56.0,,,,27,,Lorenzo,Lucca,Lucca,,,106,1,0,1,0,0,0,0,0,0,0,1,3,,,,0.0,0.85,0.0,0.85,2.55,0,2,1
814,a,,,4.5,441,87.0,0,0.0,0,0.0,0.0,798,264.0,1,0,1.0,473.0,171.0,0,3,0.3,351.0,124.0,0.1,0.2,0.0,254,2,82,4,0.3,-0.2,0.0,0.36,0.36,0.0,0.0,2.31,2.31,0.0,1.0,493.0,175.0,1.1,463.0,171.0,2.0,443.0,165.0,0.4,488.0,172.0,,,,27,,Luca,Netz,Netz,,,14,0,0,0,0,0,0,0,0,0,0,0,0,,,,0.0,0.0,0.0,0.0,0.0,0,0,0
531,a,100.0,100.0,4.6,399,68.0,0,0.0,1,-1.0,3.1,107,42.0,97,0,4.4,38.0,14.0,8,297,3.2,79.0,31.0,0.7,21.1,0.0,1086233,626,955263,555,3.2,3.2,2.23,0.51,2.74,25.08,0.12,0.03,0.15,1.35,523.2,47.0,21.0,121.5,216.0,54.0,329.0,58.0,2.0,97.4,78.0,18.0,,,,27,,Daniel,Ballard,Ballard,,,1671,2,1,5,23,0,0,0,3,0,0,18,214,,,,0.0,0.27,1.24,0.97,10.88,27,175,43
532,a,,,4.5,443,88.0,0,0.0,0,0.0,0.3,306,112.0,74,0,2.8,218.0,84.0,4,259,1.6,208.0,77.0,0.4,16.4,0.0,73520,18,67700,46,1.6,1.6,1.5,0.97,2.47,34.11,0.06,0.04,0.1,1.44,340.8,137.0,62.0,266.5,106.0,27.0,169.0,148.0,29.0,76.7,125.0,39.0,2.0,,,27,,Trai,Hume,Hume,,,2129,0,1,7,27,0,0,0,7,0,0,24,173,,,,0.0,0.3,1.14,1.01,6.17,48,98,74
533,u,0.0,0.0,4.0,669,166.0,0,0.0,0,0.0,0.0,787,262.0,0,0,0.0,579.0,213.0,0,0,0.0,466.0,184.0,0.0,0.0,0.0,611,0,850,0,0.0,0.0,0.0,0.0,0.0,0.0,0.0,0.0,0.0,0.0,0.0,568.0,212.0,0.0,560.0,212.0,0.0,528.0,206.0,0.0,571.0,212.0,,,,27,,Aji,Alese,Alese,has joined Portsmouth on loan for the rest of the season.,,0,0,0,0,0,0,0,0,0,0,0,0,0,,,,0.0,0.0,0.0,0.0,0.0,0,0,0
534,u,0.0,0.0,3.8,788,237.0,0,0.0,-2,2.0,0.3,303,111.0,0,0,0.0,519.0,185.0,0,0,0.0,401.0,151.0,0.0,0.0,0.0,39413,0,63335,48,0.0,0.0,0.0,0.0,0.0,0.0,0.0,0.0,0.0,0.0,0.0,508.0,184.0,0.0,495.0,182.0,0.0,460.0,173.0,0.0,511.0,184.0,,,,27,,Joe,Anderson,Anderson,has joined Barrow FC permanently.,,0,0,0,0,0,0,0,0,0,0,0,0,0,,,,0.0,0.0,0.0,0.0,0.0,0,0,0
535,a,100.0,100.0,4.0,680,171.0,0,0.0,0,0.0,0.1,573,206.0,13,0,2.2,304.0,112.0,0,44,0.2,358.0,129.0,0.0,3.2,0.0,7292,9,5526,9,0.2,0.2,0.0,0.02,0.02,6.04,0.0,0.01,0.01,1.84,58.2,394.0,150.0,8.7,427.0,154.0,2.0,435.0,160.0,6.8,432.0,155.0,,,,27,,Dennis,Cirkin,Cirkin,,,296,0,0,1,2,0,0,0,1,0,0,3,26,,,,0.0,0.3,0.61,0.91,7.91,8,18,7
536,u,0.0,0.0,4.0,689,175.0,0,0.0,0,0.0,0.0,707,244.0,0,0,0.0,595.0,219.0,0,0,0.0,483.0,190.0,0.0,0.0,0.0,1255,0,1381,4,0.0,0.0,0.0,0.0,0.0,0.0,0.0,0.0,0.0,0.0,0.0,584.0,218.0,0.0,577.0,218.0,0.0,545.0,212.0,0.0,587.0,218.0,,,,27,,Leo Fuhr,Hjelde,Hjelde,has joined Sheffield United on loan for the rest of the season.,,0,0,0,0,0,0,0,0,0,0,0,0,0,,,,0.0,0.0,0.0,0.0,0.0,0,0,0
537,u,0.0,0.0,4.0,691,176.0,0,0.0,0,0.0,0.1,539,192.0,0,0,0.0,597.0,220.0,0,0,0.0,485.0,191.0,0.0,0.0,0.0,1038,0,16097,2,0.0,0.0,0.0,0.0,0.0,0.0,0.0,0.0,0.0,0.0,0.0,586.0,219.0,0.0,579.0,219.0,0.0,547.0,213.0,0.0,589.0,219.0,,,,27,,Niall,Huggins,Huggins,has joined Wycombe Wanderers on loan for the rest of the season.,,0,0,0,0,0,0,0,0,0,0,0,0,0,,,,0.0,0.0,0.0,0.0,0.0,0,0,0
538,u,0.0,0.0,3.8,799,248.0,0,0.0,-2,2.0,0.2,366,134.0,0,0,0.0,526.0,192.0,0,0,0.0,409.0,159.0,0.0,0.0,0.0,23261,0,32223,23,0.0,0.0,0.0,0.0,0.0,0.0,0.0,0.0,0.0,0.0,0.0,515.0,191.0,0.0,502.0,189.0,0.0,467.0,180.0,0.0,518.0,191.0,,,,27,,Zak,Johnson,Johnson,has joined York City on loan for the rest of the season.,,0,0,0,0,0,0,0,0,0,0,0,0,0,,,,0.0,0.0,0.0,0.0,0.0,0,0,0
539,a,100.0,100.0,4.0,667,164.0,0,0.0,0,0.0,0.1,556,200.0,2,0,0.4,512.0,179.0,0,6,0.4,322.0,112.0,0.1,0.5,0.0,6819,12,7154,10,0.4,0.4,0.0,0.0,0.0,0.86,0.0,0.0,0.0,3.52,6.0,466.0,168.0,1.1,461.0,169.0,0.0,526.0,204.0,0.7,480.0,169.0,,,,27,,Luke,O'Nien,O'Nien,,,22,0,0,0,0,0,0,0,0,1,0,0,3,,,,0.0,0.0,0.0,0.0,12.27,2,1,1
542,u,0.0,0.0,4.0,707,186.0,0,0.0,0,0.0,0.1,505,181.0,2,0,1.0,452.0,164.0,0,11,0.0,499.0,199.0,0.0,0.5,0.0,3016,0,25133,4,0.0,0.0,0.0,0.01,0.01,1.33,0.0,0.01,0.01,0.9,33.6,421.0,159.0,2.4,449.0,164.0,0.0,560.0,220.0,3.6,452.0,162.0,,,,27,,Jenson,Seelt,Seelt,has joined Wolfsburg on loan for the rest of the season.,,133,0,0,0,2,0,0,0,0,0,0,1,18,,,,0.0,0.0,1.35,0.68,8.12,4,8,6
543,u,0.0,0.0,4.9,343,212.0,0,0.0,-6,6.0,0.4,289,100.0,34,0,2.4,289.0,125.0,3,81,0.0,734.0,308.0,0.0,6.9,0.0,90681,0,228859,71,0.0,0.0,0.35,0.62,0.97,11.3,0.05,0.09,0.14,1.57,81.4,364.0,162.0,116.8,222.0,144.0,75.0,272.0,149.0,27.0,337.0,162.0,,,,27,,Simon,Adingra,Adingra,has joined AS Monaco on loan for the rest of the season.,,649,1,1,4,8,0,0,0,2,0,0,9,45,,,,0.0,0.55,1.11,1.25,6.24,11,13,21
544,a,100.0,100.0,5.3,205,127.0,0,0.0,-2,2.0,0.1,542,198.0,30,0,3.3,147.0,64.0,3,89,3.4,72.0,36.0,0.6,5.7,0.0,11669,65,17630,23,3.4,3.4,0.93,0.4,1.33,8.65,0.12,0.05,0.17,1.15,68.4,381.0,170.0,63.2,309.0,174.0,99.0,235.0,130.0,22.4,352.0,168.0,,,1.0,27,,Habib,Diarra,Diarra,,,675,1,2,3,6,0,0,0,3,0,0,7,40,,,,0.0,0.4,0.8,0.93,5.33,6,13,21
545,u,0.0,0.0,5.4,160,98.0,0,0.0,-1,1.0,0.0,724,303.0,1,0,1.0,499.0,234.0,0,4,0.0,773.0,337.0,0.0,0.2,0.0,462,0,4075,1,0.0,0.0,0.03,0.02,0.05,0.66,0.1,0.07,0.17,2.2,1.8,485.0,224.0,7.3,431.0,210.0,5.0,426.0,209.0,1.4,475.0,219.0,,,,27,,Patrick,Roberts,Roberts,has joined Birmingham City permanently.,,27,0,0,0,1,0,0,0,0,0,0,0,1,,,,0.0,0.0,3.33,0.0,3.33,0,0,1
546,a,100.0,100.0,4.9,348,217.0,0,0.0,-1,1.0,0.0,691,285.0,0,0,0.0,776.0,337.0,0,0,0.0,737.0,311.0,0.0,0.0,0.0,417,4,3421,0,0.0,0.0,0.0,0.0,0.0,0.0,0.0,0.0,0.0,0.0,0.0,775.0,336.0,0.0,772.0,337.0,0.0,768.0,335.0,0.0,776.0,337.0,,,,27,,Milan,Aleksić,Aleksić,,,0,0,0,0,0,0,0,0,0,0,0,0,0,,,,0.0,0.0,0.0,0.0,0.0,0,0,0
547,a,100.0,100.0,4.9,336,209.0,0,0.0,-1,1.0,1.2,174,59.0,90,0,3.6,107.0,48.0,7,375,2.2,160.0,71.0,0.4,18.4,0.0,331770,333,225992,461,2.2,2.2,3.77,2.75,6.52,32.64,0.17,0.12,0.29,1.45,461.8,69.0,20.0,502.1,24.0,23.0,172.0,145.0,83.0,113.7,43.0,30.0,3.0,2.0,2.0,27,,Enzo,Le Fée,E.Le Fée,,,2025,3,4,7,27,0,0,1,5,0,0,23,211,,,,0.0,0.31,1.2,1.02,9.38,58,57,96
548,a,100.0,100.0,4.9,330,205.0,0,0.0,-1,1.0,0.0,742,314.0,13,0,1.0,490.0,226.0,0,47,0.8,285.0,124.0,0.2,2.7,0.0,1085,4,1432,1,0.8,0.8,0.45,0.28,0.73,6.9,0.12,0.07,0.19,1.78,29.4,429.0,189.0,31.2,370.0,190.0,56.0,303.0,161.0,11.3,402.0,185.0,,3.0,,27,,Romaine,Mundle,Mundle,,,348,0,0,0,8,0,0,0,1,0,0,2,27,,,,0.0,0.0,2.07,0.52,6.98,5,5,17
549,u,0.0,0.0,4.8,362,226.0,0,0.0,-2,2.0,0.0,648,260.0,3,0,1.0,488.0,225.0,0,10,0.0,704.0,289.0,0.0,0.6,0.0,1972,0,4582,3,0.0,0.0,0.0,0.0,0.0,0.64,0.0,0.0,0.0,4.43,3.0,478.0,220.0,1.4,458.0,221.0,0.0,746.0,322.0,0.4,490.0,226.0,,,,27,,Dan,Neil,Neil,has joined Ipswich Town on loan for the rest of the season.,,13,0,0,0,0,0,0,0,0,0,0,0,2,,,,0.0,0.0,0.0,0.0,13.85,0,2,0
550,a,,,4.8,358,225.0,0,0.0,-2,2.0,0.0,662,267.0,0,0,0.0,758.0,324.0,0,0,0.0,703.0,288.0,0.0,0.0,0.0,1009,2,2684,1,0.0,0.0,0.0,0.0,0.0,0.0,0.0,0.0,0.0,0.0,0.0,757.0,323.0,0.0,753.0,324.0,0.0,745.0,321.0,0.0,758.0,324.0,,,,27,,Ian,Poveda-Ocampo,Poveda,,,0,0,0,0,0,0,0,0,0,0,0,0,0,,,,0.0,0.0,0.0,0.0,0.0,0,0,0
551,a,,,4.7,391,245.0,0,0.0,-3,3.0,0.0,595,225.0,15,0,1.5,409.0,181.0,0,48,0.0,697.0,283.0,0.0,3.2,0.0,5669,7,8984,2,0.0,0.0,0.32,0.35,0.67,5.12,0.08,0.08,0.16,1.23,20.2,444.0,196.0,48.4,339.0,184.0,21.0,374.0,189.0,8.9,414.0,186.0,,,,27,,Chris,Rigg,Rigg,,,375,0,0,2,2,0,0,0,0,0,0,6,27,,,,0.0,0.48,0.48,1.44,6.48,6,7,14
552,a,100.0,100.0,4.9,346,215.0,0,0.0,-1,1.0,0.1,571,211.0,52,0,2.5,272.0,115.0,0,270,2.0,180.0,78.0,0.4,10.6,0.0,10212,10,11548,9,2.0,2.0,0.32,0.88,1.2,25.6,0.02,0.04,0.06,1.25,224.0,233.0,100.0,196.2,156.0,109.0,49.0,315.0,164.0,47.0,244.0,124.0,,,,27,,Noah,Sadiki,Sadiki,,,1844,0,1,6,24,0,0,0,5,0,0,21,162,,,,0.0,0.29,1.17,1.02,7.91,31,64,67
553,a,100.0,100.0,4.9,344,213.0,0,0.0,-1,1.0,0.2,411,139.0,63,0,3.1,175.0,75.0,5,190,2.4,142.0,63.0,0.5,12.9,0.0,59372,25,69603,27,2.4,2.4,1.34,0.56,1.89,14.46,0.11,0.05,0.16,1.21,176.4,267.0,115.0,169.7,177.0,119.0,160.0,159.0,88.0,50.1,234.0,117.0,,,,27,,Chemsdine,Talbi,Talbi,,,1078,3,2,6,9,0,0,0,0,0,0,11,64,,,,0.0,0.5,0.75,0.92,5.34,7,14,43
554,a,,,4.3,590,346.0,0,0.0,-2,2.0,0.3,295,102.0,0,0,0.0,644.0,241.0,0,0,0.0,550.0,180.0,0.0,0.0,0.0,80643,42,76339,34,0.0,0.0,0.0,0.0,0.0,0.0,0.0,0.0,0.0,0.0,0.0,633.0,231.0,0.0,629.0,237.0,0.0,604.0,224.0,0.0,636.0,234.0,,,,27,,Abdoullah,Ba,Ba,,,0,0,0,0,0,0,0,0,0,0,0,0,0,,,,0.0,0.0,0.0,0.0,0.0,0,0,0
555,u,0.0,0.0,4.5,413,252.0,0,0.0,0,0.0,0.0,642,256.0,0,0,0.0,690.0,270.0,0,0,0.0,612.0,219.0,0.0,0.0,0.0,1291,0,9819,1,0.0,0.0,0.0,0.0,0.0,0.0,0.0,0.0,0.0,0.0,0.0,683.0,264.0,0.0,678.0,268.0,0.0,659.0,260.0,0.0,686.0,267.0,,,,27,,Alan,Browne,Browne,has joined Middlesbrough on loan for the rest of the season.,,0,0,0,0,0,0,0,0,0,0,0,0,0,,,,0.0,0.0,0.0,0.0,0.0,0,0,0
556,u,0.0,0.0,4.5,436,260.0,0,0.0,0,0.0,0.0,767,331.0,0,0,0.0,701.0,277.0,0,0,0.0,627.0,227.0,0.0,0.0,0.0,0,0,1800,0,0.0,0.0,0.0,0.0,0.0,0.0,0.0,0.0,0.0,0.0,0.0,694.0,271.0,0.0,692.0,275.0,0.0,675.0,268.0,0.0,697.0,274.0,,,,27,,Pierre,Ekwah Elimby,Ekwah,Has joined AS Saint-Etienne permanently.,,0,0,0,0,0,0,0,0,0,0,0,0,0,,,,0.0,0.0,0.0,0.0,0.0,0,0,0
557,a,,,4.3,608,355.0,0,0.0,-2,2.0,0.1,540,197.0,0,0,0.0,652.0,247.0,0,0,0.0,562.0,189.0,0.0,0.0,0.0,8140,23,9921,10,0.0,0.0,0.0,0.0,0.0,0.0,0.0,0.0,0.0,0.0,0.0,641.0,237.0,0.0,638.0,243.0,0.0,614.0,231.0,0.0,644.0,240.0,,,,27,,Harrison,Jones,H.Jones,,,0,0,0,0,0,0,0,0,0,0,0,0,0,,,,0.0,0.0,0.0,0.0,0.0,0,0,0
558,u,0.0,0.0,4.3,597,349.0,0,0.0,-2,2.0,0.2,392,129.0,0,0,0.0,646.0,243.0,0,0,0.0,553.0,183.0,0.0,0.0,0.0,30710,0,44467,34,0.0,0.0,0.0,0.0,0.0,0.0,0.0,0.0,0.0,0.0,0.0,635.0,233.0,0.0,631.0,239.0,0.0,606.0,226.0,0.0,638.0,236.0,,,,27,,Jay,Matete,Matete,has joined MK Dons permanently.,,0,0,0,0,0,0,0,0,0,0,0,0,0,,,,0.0,0.0,0.0,0.0,0.0,0,0,0
559,u,0.0,0.0,4.4,547,327.0,0,0.0,-1,1.0,0.0,640,254.0,0,0,0.0,671.0,259.0,0,0,0.0,588.0,204.0,0.0,0.0,0.0,2951,0,8606,2,0.0,0.0,0.0,0.0,0.0,0.0,0.0,0.0,0.0,0.0,0.0,661.0,250.0,0.0,658.0,256.0,0.0,636.0,245.0,0.0,664.0,253.0,,,,27,,Nectarios,Triantis,Triantis,has joined Minnesota United permanently.,,0,0,0,0,0,0,0,0,0,0,0,0,0,,,,0.0,0.0,0.0,0.0,0.0,0,0,0
560,a,100.0,100.0,5.1,234,52.0,0,0.0,-4,4.0,1.4,160,26.0,54,0,2.3,295.0,33.0,7,179,0.8,287.0,39.0,0.2,10.6,0.0,958121,147,857463,317,0.8,0.8,3.58,0.07,3.65,16.51,0.32,0.01,0.33,1.48,164.4,276.0,26.0,22.6,383.0,49.0,373.0,47.0,19.0,55.8,208.0,26.0,,,,27,,Wilson,Isidor,Isidor,,,1001,4,0,4,14,0,0,0,1,0,0,11,39,,,,0.0,0.36,1.26,0.99,3.51,8,14,17
561,a,,,5.2,218,50.0,0,0.0,-3,3.0,0.5,260,42.0,26,0,1.9,345.0,40.0,2,86,0.4,342.0,44.0,0.1,5.0,0.0,264551,19,303794,30,0.4,0.4,1.05,0.14,1.19,10.33,0.17,0.02,0.19,1.63,73.4,378.0,38.0,42.0,348.0,40.0,131.0,199.0,42.0,24.3,345.0,41.0,,,3.0,27,,Eliezer,Mayenda Dossou,Mayenda,,,572,1,0,3,7,0,0,0,0,0,0,6,20,,,,0.0,0.47,1.1,0.94,3.15,3,6,11
562,a,,,4.2,646,90.0,0,0.0,-3,3.0,0.5,264,43.0,0,0,0.0,639.0,65.0,0,0,0.0,540.0,54.0,0.0,0.0,0.0,65930,189,85100,126,0.0,0.0,0.0,0.0,0.0,0.0,0.0,0.0,0.0,0.0,0.0,629.0,65.0,0.0,624.0,64.0,0.0,598.0,64.0,0.0,632.0,65.0,,,,27,,Ahmed,Abdullahi,Abdullahi,,,0,0,0,0,0,0,0,0,0,0,0,0,0,,,,0.0,0.0,0.0,0.0,0.0,0,0,0
563,u,0.0,0.0,4.4,556,79.0,0,0.0,-1,1.0,0.1,514,72.0,0,0,0.0,677.0,72.0,0,0,0.0,595.0,62.0,0.0,0.0,0.0,5979,0,20312,2,0.0,0.0,0.0,0.0,0.0,0.0,0.0,0.0,0.0,0.0,0.0,668.0,72.0,0.0,664.0,71.0,0.0,644.0,71.0,0.0,671.0,72.0,,,,27,,Luís Hemir,Silva Semedo,Luís Hemir,has joined Moreirense on loan for the rest of the season.,,0,0,0,0,0,0,0,0,0,0,0,0,0,,,,0.0,0.0,0.0,0.0,0.0,0,0,0
564,u,0.0,0.0,4.4,538,76.0,0,0.0,-1,1.0,0.1,516,73.0,0,0,0.0,667.0,69.0,0,0,0.0,583.0,59.0,0.0,0.0,0.0,3530,0,20118,1,0.0,0.0,0.0,0.0,0.0,0.0,0.0,0.0,0.0,0.0,0.0,656.0,69.0,0.0,653.0,68.0,0.0,631.0,68.0,0.0,659.0,69.0,,,,27,,Nazarii,Rusyn,Rusyn,has joined Arka on loan for the rest of the season.,,0,0,0,0,0,0,0,0,0,0,0,0,0,,,,0.0,0.0,0.0,0.0,0.0,0,0,0
668,a,100.0,100.0,5.1,222,137.0,0,0.0,1,-1.0,3.5,95,30.0,90,0,4.1,58.0,25.0,5,426,0.0,758.0,327.0,0.0,17.6,0.0,1351680,600,1319963,482,0.0,0.0,0.59,2.19,2.78,31.25,0.03,0.1,0.13,1.43,521.2,50.0,11.0,420.4,38.0,36.0,77.0,268.0,147.0,101.8,66.0,42.0,1.0,1.0,,27,,Granit,Xhaka,Xhaka,,,1962,1,5,7,23,0,0,0,4,0,0,22,237,,,,0.0,0.32,1.06,1.01,10.87,35,101,101
670,a,,,4.9,339,13.0,0,0.0,4,-4.0,11.7,30,5.0,107,0,4.1,56.0,3.0,9,464,2.0,178.0,14.0,0.4,21.8,0.0,2138325,1890,840014,1754,2.0,2.0,0.0,0.07,0.07,37.41,0.0,0.0,0.0,1.44,671.2,11.0,2.0,40.0,350.0,2.0,0.0,766.0,88.0,71.0,145.0,2.0,,,,27,,Robin,Roefs,Roefs,,,2340,0,0,8,30,0,1,0,2,0,80,26,110,,,,3.08,0.31,1.15,1.0,0.0,0,31,261
678,u,0.0,0.0,3.9,744,213.0,0,0.0,-1,1.0,0.5,261,97.0,1,0,0.3,513.0,180.0,0,4,0.0,427.0,169.0,0.0,0.3,0.0,52353,0,81681,44,0.0,0.0,0.07,0.08,0.15,2.09,0.05,0.06,0.11,1.5,21.8,439.0,164.0,20.1,389.0,140.0,7.0,413.0,155.0,4.9,444.0,160.0,,,,27,,Arthur,Masuaku,Masuaku,has joined RC Lens on loan for the rest of the season.,,125,0,0,0,2,0,0,0,1,0,0,2,13,,,,0.0,0.0,1.44,1.44,7.2,4,6,3
683,a,100.0,100.0,4.1,650,157.0,0,0.0,1,-1.0,6.4,57,18.0,88,0,4.0,63.0,25.0,5,295,2.0,170.0,58.0,0.5,21.5,0.0,1528281,1139,879931,1530,2.0,2.0,1.23,0.75,1.97,30.66,0.06,0.04,0.1,1.45,521.2,49.0,23.0,105.7,239.0,66.0,201.0,117.0,21.0,83.2,111.0,33.0,,,,27,,Omar,Alderete,Alderete,,,1903,1,1,7,25,0,0,0,4,0,0,21,226,,,,0.0,0.33,1.18,0.99,9.55,20,182,70
730,a,100.0,100.0,5.5,147,37.0,0,0.0,0,0.0,1.3,164,27.0,61,0,2.9,212.0,23.0,8,220,2.4,149.0,23.0,0.4,11.1,0.0,333102,604,174386,967,2.4,2.4,2.6,0.3,2.9,19.68,0.21,0.02,0.23,1.58,236.4,217.0,19.0,84.0,276.0,28.0,260.0,90.0,27.0,57.2,202.0,24.0,,,,27,,Brian,Brobbey,Brobbey,,,1124,5,1,4,15,0,0,0,2,0,0,12,50,,,,0.0,0.32,1.2,0.96,4.0,7,12,31
735,i,0.0,0.0,5.5,137,85.0,0,0.0,0,0.0,0.0,644,258.0,28,0,2.8,226.0,91.0,1,114,0.0,785.0,346.0,0.0,5.1,0.0,13470,3,12820,5,0.0,0.0,0.48,0.25,0.73,8.99,0.07,0.04,0.11,1.33,115.6,323.0,146.0,108.1,233.0,148.0,135.0,188.0,104.0,35.9,292.0,145.0,,,,27,,Bertrand,Traoré,Traoré,Knee injury - Expected back 28 Feb,,607,1,1,3,9,0,0,0,1,0,0,9,40,,,,0.0,0.44,1.33,1.33,5.93,11,11,18
774,a,,,4.0,673,168.0,0,0.0,0,0.0,0.0,704,242.0,0,0,0.0,582.0,215.0,0,0,0.0,470.0,186.0,0.0,0.0,0.0,1171,9,580,2,0.0,0.0,0.0,0.0,0.0,0.0,0.0,0.0,0.0,0.0,0.0,571.0,214.0,0.0,564.0,214.0,0.0,532.0,208.0,0.0,574.0,214.0,,,,27,,Jenson,Jones,Jenson Jones,,,0,0,0,0,0,0,0,0,0,0,0,0,0,,,,0.0,0.0,0.0,0.0,0.0,0,0,0
775,u,0.0,0.0,4.5,494,303.0,0,0.0,0,0.0,0.0,815,365.0,0,0,0.0,738.0,308.0,0,0,0.0,672.0,265.0,0.0,0.0,0.0,160,0,132,0,0.0,0.0,0.0,0.0,0.0,0.0,0.0,0.0,0.0,0.0,0.0,736.0,306.0,0.0,731.0,307.0,0.0,718.0,303.0,0.0,737.0,307.0,,,,27,,Tymur,Tutierov,Tutierov,has joined Exeter City on loan for the rest of the season.,,0,0,0,0,0,0,0,0,0,0,0,0,0,,,,0.0,0.0,0.0,0.0,0.0,0,0,0
800,a,100.0,100.0,5.0,284,177.0,0,0.0,0,0.0,0.0,813,363.0,0,0,0.0,792.0,349.0,0,0,0.0,757.0,326.0,0.0,0.0,0.0,116,2,59,1,0.0,0.0,0.0,0.0,0.0,0.0,0.0,0.0,0.0,0.0,0.0,792.0,349.0,0.0,790.0,349.0,0.0,786.0,347.0,0.0,792.0,349.0,,,,27,,Djiamgone Jocelin Ta,Bi,Jocelin.T,,,0,0,0,0,0,0,0,0,0,0,0,0,0,,,,0.0,0.0,0.0,0.0,0.0,0,0,0
812,a,,,4.0,700,61.0,0,0.0,0,0.0,0.0,780,89.0,0,0,0.0,605.0,80.0,0,0,0.0,494.0,72.0,0.0,0.0,0.0,416,11,128,4,0.0,0.0,0.0,0.0,0.0,0.0,0.0,0.0,0.0,0.0,0.0,594.0,80.0,0.0,587.0,68.0,0.0,555.0,55.0,0.0,597.0,80.0,,,,27,,Melker,Ellborg,Ellborg,,,0,0,0,0,0,0,0,0,0,0,0,0,0,,,,0.0,0.0,0.0,0.0,0.0,0,0,0
813,a,,,5.0,275,170.0,0,0.0,0,0.0,0.0,773,335.0,3,0,1.5,413.0,185.0,0,13,1.0,268.0,117.0,0.2,0.6,0.0,558,8,93,2,1.0,1.0,0.21,0.04,0.25,3.03,0.22,0.04,0.26,3.25,16.6,447.0,198.0,26.3,376.0,192.0,44.0,323.0,169.0,8.7,416.0,187.0,,,,27,,Nilson,Angulo,Angulo,,,84,0,0,0,2,0,0,0,0,0,0,1,5,,,,0.0,0.0,2.14,1.07,5.36,1,3,1
565,a,,,4.7,381,16.0,0,0.0,-3,3.0,5.9,62,10.0,83,0,3.2,156.0,16.0,6,388,1.4,229.0,20.0,0.3,17.7,0.0,1347195,215,1373127,704,1.4,0.4,0.0,0.02,0.02,37.04,0.0,0.0,0.0,1.42,597.6,27.0,8.0,0.1,486.0,15.0,0.0,740.0,82.0,60.0,193.0,8.0,,,,27,,Guglielmo,Vicario,Vicario,,,2340,0,0,7,37,0,0,0,1,0,71,26,97,,,,2.73,0.27,1.42,1.0,0.0,1,30,211
566,a,,,3.9,751,78.0,0,0.0,-1,1.0,0.3,318,44.0,0,0,0.0,546.0,46.0,0,0,0.0,432.0,37.0,0.0,0.0,0.0,20696,9,23833,16,0.0,-1.0,0.0,0.0,0.0,0.0,0.0,0.0,0.0,0.0,0.0,535.0,46.0,0.0,525.0,31.0,0.0,491.0,18.0,0.0,538.0,46.0,,,,27,,Brandon,Austin,Austin,,,0,0,0,0,0,0,0,0,0,0,0,0,0,,,,0.0,0.0,0.0,0.0,0.0,0,0,0
567,a,,,3.9,766,85.0,0,0.0,-1,1.0,1.6,148,19.0,0,0,0.0,556.0,53.0,0,0,0.0,443.0,44.0,0.0,0.0,0.0,125171,32,172253,90,0.0,-1.0,0.0,0.0,0.0,0.0,0.0,0.0,0.0,0.0,0.0,545.0,53.0,0.0,535.0,38.0,0.0,501.0,25.0,0.0,548.0,53.0,,,,27,,Antonín,Kinský,Kinsky,,,0,0,0,0,0,0,0,0,0,0,0,0,0,,,,0.0,0.0,0.0,0.0,0.0,0,0,0
568,i,0.0,0.0,5.1,235,33.0,0,0.0,-4,4.0,9.4,38,13.0,79,0,3.4,133.0,49.0,4,344,0.2,382.0,141.0,0.0,15.5,0.0,1465327,21,2996314,2242,0.0,0.0,0.48,2.81,3.29,25.39,0.02,0.14,0.16,1.26,414.6,91.0,41.0,517.6,21.0,1.0,89.0,251.0,69.0,102.3,61.0,11.0,3.0,2.0,,27,,Pedro,Porro Sauceda,Pedro Porro,Hamstring injury - Expected back 01 Mar,,1820,0,3,7,24,0,0,0,5,0,0,21,171,,,,0.0,0.35,1.19,1.04,6.73,43,93,94
569,s,0.0,0.0,5.0,252,37.0,0,0.0,0,0.0,3.3,99,36.0,89,0,4.2,53.0,23.0,10,288,1.6,210.0,78.0,0.3,17.8,0.0,1016273,19,1170570,1897,0.0,0.0,1.33,1.2,2.53,25.77,0.07,0.06,0.13,1.36,543.2,42.0,18.0,110.8,229.0,60.0,206.0,111.0,18.0,86.0,102.0,28.0,,,,27,,Cristian,Romero,Romero,Suspended until 15 Mar,,1710,4,1,5,29,0,0,0,8,2,0,20,209,,,,0.0,0.26,1.53,1.05,9.58,53,129,80
570,i,0.0,0.0,4.2,627,142.0,0,0.0,-3,3.0,0.1,438,162.0,27,0,2.1,314.0,115.0,1,111,0.2,362.0,132.0,0.0,6.4,0.0,16890,1,30387,25,0.0,0.0,0.03,0.18,0.21,10.71,0.0,0.02,0.02,1.46,194.2,258.0,104.0,9.1,425.0,153.0,8.0,405.0,150.0,21.2,357.0,122.0,,,,27,,Kevin,Danso,Danso,Toe Injury - Unknown return date,,658,0,0,2,12,0,0,0,4,0,0,8,100,,,,0.0,0.27,1.64,1.09,12.72,13,80,28
571,i,0.0,0.0,4.3,576,125.0,0,0.0,-2,2.0,0.1,543,194.0,10,0,3.3,139.0,53.0,1,29,0.0,545.0,232.0,0.0,2.3,0.0,4387,1,11815,8,0.0,0.0,0.49,0.07,0.56,1.11,0.32,0.05,0.37,0.73,67.4,382.0,146.0,22.2,385.0,137.0,52.0,309.0,98.0,14.2,387.0,138.0,,,,27,,Ben,Davies,Davies,Ankle injury - Unknown return date,,136,1,0,0,3,0,0,0,1,0,0,2,14,,,,0.0,0.0,1.99,1.32,9.26,5,9,5
573,a,100.0,100.0,4.2,634,147.0,0,0.0,-3,3.0,1.0,195,75.0,55,0,2.6,252.0,97.0,1,229,0.2,364.0,134.0,0.0,13.1,0.0,297609,98,351977,151,0.2,-0.8,0.82,1.38,2.2,26.08,0.05,0.08,0.13,1.47,229.8,223.0,85.0,172.6,176.0,43.0,147.0,170.0,38.0,54.8,212.0,71.0,,,,27,,Djed,Spence,Spence,,,1596,0,0,7,23,0,0,0,4,0,0,18,108,,,,0.0,0.39,1.3,1.02,4.74,29,55,92
574,i,0.0,0.0,4.3,592,136.0,0,0.0,-2,2.0,0.3,313,116.0,15,0,1.2,435.0,156.0,0,62,0.4,326.0,116.0,0.1,3.5,0.0,50337,3,112559,45,0.0,0.0,0.16,0.51,0.67,13.98,0.02,0.06,0.08,1.58,144.0,300.0,115.0,122.3,214.0,52.0,82.0,259.0,73.0,34.9,295.0,97.0,,,,27,,Destiny,Udogie,Udogie,Hamstring injury - Expected back 15 Mar,,794,0,1,0,17,0,0,0,2,0,0,8,61,,,,0.0,0.0,1.93,0.91,4.53,19,21,47
575,a,100.0,100.0,4.5,447,89.0,0,0.0,0,0.0,23.3,16,6.0,100,0,4.2,52.0,22.0,10,363,2.2,156.0,55.0,0.5,22.2,0.0,3456502,2136,3819420,4818,2.2,1.2,2.79,0.34,3.13,32.92,0.12,0.01,0.13,1.38,551.2,37.0,15.0,77.6,288.0,91.0,202.0,115.0,20.0,83.0,112.0,34.0,,,,27,,Micky,van de Ven,Van de Ven,,,2149,4,1,7,33,0,0,0,6,0,0,24,198,,,,0.0,0.29,1.38,1.01,6.78,27,135,86
576,u,0.0,0.0,4.0,708,187.0,0,0.0,0,0.0,0.0,729,252.0,0,0,0.0,610.0,227.0,0,0,0.0,500.0,200.0,0.0,0.0,0.0,0,0,1988,2,0.0,0.0,0.0,0.0,0.0,0.0,0.0,0.0,0.0,0.0,0.0,599.0,226.0,0.0,592.0,226.0,0.0,561.0,221.0,0.0,602.0,226.0,,,,27,,Ashley,Phillips,Phillips,Has joined Stoke City on loan for the rest of the season.,,0,0,0,0,0,0,0,0,0,0,0,0,0,,,,0.0,0.0,0.0,0.0,0.0,0,0,0
577,u,0.0,0.0,4.0,710,188.0,0,0.0,0,0.0,0.0,600,214.0,0,0,0.0,612.0,228.0,0,0,0.0,502.0,201.0,0.0,0.0,0.0,1005,0,8979,1,0.0,0.0,0.0,0.0,0.0,0.0,0.0,0.0,0.0,0.0,0.0,601.0,227.0,0.0,594.0,227.0,0.0,563.0,222.0,0.0,604.0,227.0,,,,27,,Takai,Kōta,Takai,has joined Borussia Mönchengladbach on loan for the rest of the season.,,0,0,0,0,0,0,0,0,0,0,0,0,0,,,,0.0,0.0,0.0,0.0,0.0,0,0,0
582,i,0.0,0.0,6.4,60,38.0,0,0.0,-1,1.0,9.6,36,12.0,75,0,3.9,85.0,42.0,7,257,0.0,807.0,361.0,0.0,11.7,0.0,3263187,6,5182501,1016,0.0,0.0,1.92,2.41,4.33,22.74,0.11,0.14,0.25,1.33,333.4,140.0,47.0,413.8,40.0,38.0,302.0,69.0,42.0,104.7,57.0,38.0,2.0,1.0,,27,,Mohammed,Kudus,Kudus,Thigh injury - Expected back 11 Apr,,1535,2,6,7,20,0,0,0,3,0,0,19,133,,,,0.0,0.41,1.17,1.11,7.8,29,9,95
583,i,0.0,0.0,6.4,58,37.0,0,0.0,-1,1.0,0.0,720,301.0,0,0,0.0,811.0,363.0,0,0,0.0,806.0,360.0,0.0,0.0,0.0,943,3,2041,2,0.0,0.0,0.0,0.0,0.0,0.0,0.0,0.0,0.0,0.0,0.0,811.0,363.0,0.0,811.0,363.0,0.0,811.0,363.0,0.0,811.0,363.0,,,,27,,Dejan,Kulusevski,Kulusevski,Knee injury - Unknown return date,,0,0,0,0,0,0,0,0,0,0,0,0,0,,,,0.0,0.0,0.0,0.0,0.0,0,0,0
584,a,,,6.2,78,52.0,0,0.0,-3,3.0,0.1,433,146.0,48,0,2.5,280.0,120.0,5,150,0.8,297.0,133.0,0.1,7.7,0.0,39449,15,45030,37,0.8,-0.2,1.67,0.61,2.27,9.35,0.24,0.09,0.33,1.36,147.0,295.0,131.0,141.8,194.0,130.0,189.0,131.0,75.0,48.1,241.0,122.0,4.0,,4.0,27,,Mathys,Tel,Tel,,,621,3,1,1,12,0,0,0,0,0,0,6,56,,,,0.0,0.14,1.74,0.87,8.12,11,5,40
585,i,0.0,0.0,5.3,192,119.0,0,0.0,-2,2.0,0.2,398,133.0,64,0,3.2,160.0,68.0,3,269,0.0,769.0,334.0,0.0,12.1,0.0,56873,0,65962,28,0.0,0.0,0.45,0.68,1.13,20.56,0.03,0.04,0.07,1.32,268.6,198.0,81.0,159.7,183.0,124.0,85.0,256.0,139.0,51.6,223.0,112.0,,,,27,,Rodrigo,Bentancur,Bentancur,Hamstring injury - Unknown return date,,1407,1,1,5,21,0,0,0,5,0,0,17,207,,,,0.0,0.32,1.34,1.09,13.24,37,69,101
586,i,0.0,0.0,5.2,219,136.0,0,0.0,-3,3.0,0.2,391,128.0,39,0,2.3,297.0,129.0,0,139,0.0,765.0,332.0,0.0,7.5,0.0,102319,0,110855,25,0.0,0.0,0.96,0.39,1.35,10.21,0.11,0.04,0.15,1.15,137.4,308.0,139.0,81.4,280.0,164.0,133.0,191.0,106.0,35.3,294.0,146.0,,,,27,,Lucas,Bergvall,Bergvall,Ankle injury - Unknown return date,,799,1,2,3,13,0,0,0,2,0,0,10,68,,,,0.0,0.34,1.46,1.13,7.66,20,14,34
587,a,100.0,100.0,5.2,211,130.0,0,0.0,-3,3.0,0.0,590,222.0,8,0,1.6,392.0,174.0,0,51,1.4,235.0,99.0,0.3,1.5,0.0,2791,19,14319,3,1.4,0.4,0.28,0.07,0.35,6.25,0.1,0.03,0.13,2.31,44.6,406.0,181.0,13.3,405.0,201.0,21.0,375.0,190.0,7.8,425.0,193.0,,,,27,,Yves,Bissouma,Bissouma,,,244,0,0,0,7,0,0,0,1,0,0,3,33,,,,0.0,0.0,2.58,1.11,12.17,10,13,10
588,i,0.0,0.0,5.3,206,128.0,0,0.0,-2,2.0,0.1,568,210.0,46,0,1.9,347.0,152.0,6,176,2.2,163.0,74.0,0.4,8.7,0.0,16356,1,16494,81,0.0,0.0,1.92,1.21,3.13,14.24,0.18,0.11,0.29,1.32,158.8,286.0,126.0,284.3,90.0,67.0,234.0,96.0,59.0,67.6,159.0,85.0,,,,27,,Wilson,Odobert,Odobert,Knee injury - Unknown return date,,972,0,2,2,13,0,0,0,0,0,0,10,77,,,,0.0,0.19,1.2,0.93,7.13,10,14,53
589,u,0.0,0.0,5.4,171,105.0,0,0.0,-1,1.0,0.0,758,324.0,0,0,0.0,797.0,352.0,0,0,0.0,777.0,339.0,0.0,0.0,0.0,115,0,1474,0,0.0,0.0,0.0,0.0,0.0,0.0,0.0,0.0,0.0,0.0,0.0,797.0,352.0,0.0,796.0,352.0,0.0,794.0,351.0,0.0,797.0,352.0,,,,27,,Manor,Solomon,Solomon,has joined Fiorentina on loan for the rest of the season.,,0,0,0,0,0,0,0,0,0,0,0,0,0,,,,0.0,0.0,0.0,0.0,0.0,0,0,0
590,u,0.0,0.0,4.9,325,202.0,0,0.0,-1,1.0,0.0,657,264.0,0,0,0.0,769.0,332.0,0,0,0.0,725.0,303.0,0.0,0.0,0.0,675,0,4472,0,0.0,0.0,0.0,0.0,0.0,0.0,0.0,0.0,0.0,0.0,0.0,768.0,331.0,0.0,765.0,332.0,0.0,760.0,330.0,0.0,769.0,332.0,,,,27,,Bryan,Gil Salvatierra,Bryan,has joined Girona permanently.,,0,0,0,0,0,0,0,0,0,0,0,0,0,,,,0.0,0.0,0.0,0.0,0.0,0,0,0
591,a,100.0,100.0,4.8,372,233.0,0,0.0,-2,2.0,0.1,427,143.0,42,0,2.6,257.0,106.0,6,159,3.0,95.0,44.0,0.6,8.8,0.0,18176,77,22453,24,3.0,2.0,1.25,0.45,1.7,14.43,0.12,0.04,0.16,1.4,167.8,273.0,117.0,76.8,290.0,169.0,121.0,212.0,115.0,36.5,291.0,144.0,,,,27,,Archie,Gray,Gray,,,927,2,0,5,14,0,0,0,4,0,0,12,86,,,,0.0,0.49,1.36,1.17,8.35,9,43,34
592,u,0.0,0.0,5.0,270,165.0,0,0.0,0,0.0,0.0,789,347.0,0,0,0.0,786.0,345.0,0,0,0.0,750.0,321.0,0.0,0.0,0.0,0,0,682,0,0.0,0.0,0.0,0.0,0.0,0.0,0.0,0.0,0.0,0.0,0.0,785.0,344.0,0.0,784.0,345.0,0.0,780.0,343.0,0.0,786.0,345.0,,,,27,,Mikey,Moore,Moore,Has joined Rangers on loan for the rest of the season.,,0,0,0,0,0,0,0,0,0,0,0,0,0,,,,0.0,0.0,0.0,0.0,0.0,0,0,0
593,a,100.0,100.0,4.5,442,265.0,0,0.0,-5,5.0,1.0,188,66.0,53,0,3.1,171.0,73.0,2,214,2.2,155.0,68.0,0.5,11.8,0.0,364337,804,563001,120,2.2,1.2,1.09,0.95,2.04,18.15,0.11,0.09,0.2,1.76,232.4,221.0,96.0,105.3,240.0,150.0,111.0,221.0,122.0,45.0,253.0,128.0,,,,27,,Pape Matar,Sarr,P.M.Sarr,,,928,2,3,3,11,0,0,0,1,0,0,9,120,,,,0.0,0.29,1.07,0.87,11.64,20,49,51
594,u,0.0,0.0,4.5,504,312.0,0,0.0,0,0.0,0.0,731,306.0,0,0,0.0,745.0,315.0,0,0,0.0,680.0,273.0,0.0,0.0,0.0,0,0,2818,0,0.0,0.0,0.0,0.0,0.0,0.0,0.0,0.0,0.0,0.0,0.0,744.0,314.0,0.0,739.0,315.0,0.0,726.0,311.0,0.0,745.0,315.0,,,,27,,Yang,Min-hyeok,Min-hyeok,has joined Coventry City on loan for the rest of the season.,,0,0,0,0,0,0,0,0,0,0,0,0,0,,,,0.0,0.0,0.0,0.0,0.0,0,0,0
595,a,,,4.3,599,351.0,0,0.0,-2,2.0,0.2,368,123.0,0,0,0.0,647.0,244.0,0,0,0.0,555.0,185.0,0.0,0.0,0.0,23677,38,29279,20,0.0,-1.0,0.0,0.0,0.0,0.0,0.0,0.0,0.0,0.0,0.0,636.0,234.0,0.0,632.0,240.0,0.0,608.0,228.0,0.0,639.0,237.0,,,,27,,Callum,Olusesi,Olusesi,,,0,0,0,0,0,0,0,0,0,0,0,0,0,,,,0.0,0.0,0.0,0.0,0.0,0,0,0
596,a,100.0,100.0,7.2,29,12.0,0,0.0,-3,3.0,1.3,167,28.0,21,0,3.0,198.0,19.0,3,88,3.6,60.0,5.0,0.5,2.9,0.0,128953,799,493527,342,3.6,2.6,1.2,0.16,1.36,8.45,0.27,0.04,0.31,1.87,105.8,336.0,32.0,38.2,354.0,43.0,145.0,177.0,38.0,28.8,329.0,38.0,,,2.0,27,,Dominic,Solanke-Mitchell,Solanke,,,407,2,0,0,8,0,0,0,1,0,0,4,27,,,,0.0,0.0,1.77,0.88,5.97,10,10,7
597,i,0.0,0.0,6.3,67,21.0,0,0.0,-2,2.0,5.4,68,13.0,75,0,3.6,114.0,9.0,9,336,0.0,804.0,86.0,0.0,11.9,0.0,2946182,16,3037101,667,0.0,0.0,4.8,1.22,6.02,17.99,0.34,0.09,0.43,1.27,381.8,108.0,9.0,159.3,184.0,17.0,464.0,25.0,13.0,100.4,69.0,13.0,,,3.0,27,,Richarlison,de Andrade,Richarlison,Hamstring injury - Expected back 01 Mar,,1276,7,3,5,19,0,0,0,4,0,0,13,98,,,,0.0,0.35,1.34,0.92,6.91,15,46,37
598,u,0.0,0.0,4.5,469,67.0,0,0.0,0,0.0,0.0,672,87.0,0,0,0.0,720.0,76.0,0,0,0.0,649.0,66.0,0.0,0.0,0.0,0,0,5095,2,0.0,0.0,0.0,0.0,0.0,0.0,0.0,0.0,0.0,0.0,0.0,715.0,76.0,0.0,711.0,75.0,0.0,696.0,75.0,0.0,717.0,76.0,,,,27,,Will,Lankshear,Lankshear,has joined Oxford United on loan for the rest of the season.,,0,0,0,0,0,0,0,0,0,0,0,0,0,,,,0.0,0.0,0.0,0.0,0.0,0,0,0
599,u,0.0,0.0,4.3,594,83.0,0,0.0,-2,2.0,0.6,248,39.0,2,0,1.0,460.0,57.0,0,5,0.2,367.0,49.0,0.0,0.5,0.0,60820,0,107589,85,0.0,0.0,0.0,0.01,0.01,0.03,0.0,0.13,0.13,0.39,1.0,492.0,60.0,4.1,442.0,58.0,2.0,440.0,60.0,0.7,481.0,60.0,,,,27,,Dane,Scarlett,Scarlett,has joined Hibernian on loan for the rest of the season.,,7,0,0,0,0,0,0,0,0,0,0,0,1,,,,0.0,0.0,0.0,0.0,12.86,0,0,1
673,a,100.0,100.0,5.5,138,86.0,0,0.0,0,0.0,0.8,203,71.0,84,0,3.7,98.0,45.0,11,353,1.2,248.0,108.0,0.2,15.3,0.0,367314,78,355453,136,1.2,0.2,1.11,0.55,1.66,23.12,0.07,0.03,0.1,1.38,447.6,73.0,22.0,100.3,247.0,152.0,153.0,166.0,92.0,70.3,148.0,81.0,,,,27,,João Maria,Lobo Alves Palhares Costa Palhinha Gonçalves,J.Palhinha,,,1513,3,3,4,24,0,0,0,6,0,0,16,206,,,,0.0,0.24,1.43,0.95,12.25,83,64,59
717,a,100.0,100.0,6.5,53,34.0,0,0.0,-5,5.0,1.1,181,61.0,59,0,3.0,197.0,83.0,5,272,2.6,129.0,60.0,0.4,9.1,0.0,805237,423,725640,227,2.6,1.6,2.07,3.28,5.35,24.13,0.14,0.22,0.36,1.59,269.2,197.0,80.0,418.8,39.0,37.0,193.0,128.0,74.0,88.2,96.0,58.0,5.0,,,27,,Xavi,Simons,Xavi,,,1370,1,4,3,27,0,0,0,4,1,0,15,124,,,,0.0,0.2,1.77,0.99,8.15,29,21,74
726,a,100.0,100.0,6.9,39,15.0,0,0.0,-1,1.0,0.3,301,47.0,28,0,1.6,400.0,48.0,0,76,0.8,298.0,42.0,0.1,4.1,0.0,118735,52,111071,69,0.8,-0.2,1.29,1.11,2.4,15.9,0.11,0.1,0.21,1.4,83.6,359.0,36.0,175.0,173.0,15.0,163.0,156.0,37.0,41.5,270.0,30.0,,,,27,,Randal,Kolo Muani,Kolo Muani,,,1019,0,0,3,19,0,0,0,2,0,0,12,69,,,,0.0,0.26,1.68,1.06,6.09,18,12,39
745,a,,,4.0,731,208.0,0,0.0,0,0.0,0.0,628,224.0,1,0,1.0,456.0,168.0,0,3,0.2,360.0,131.0,0.0,0.2,0.0,1897,4,1782,7,0.2,-0.8,0.0,0.0,0.0,0.0,0.0,0.0,0.0,0.0,0.4,497.0,177.0,0.5,468.0,172.0,0.0,581.0,239.0,0.1,502.0,178.0,,,,27,,Jun'ai,Byfield,Byfield,,,1,0,0,0,0,0,0,0,0,0,0,0,0,,,,0.0,0.0,0.0,0.0,0.0,0,0,0
750,a,,,4.0,695,179.0,0,0.0,0,0.0,0.0,652,229.0,0,0,0.0,600.0,222.0,0,0,0.0,489.0,194.0,0.0,0.0,0.0,1626,6,1377,10,0.0,-1.0,0.0,0.0,0.0,0.0,0.0,0.0,0.0,0.0,0.0,589.0,221.0,0.0,582.0,221.0,0.0,550.0,215.0,0.0,592.0,221.0,,,,27,,James,Rowswell,Rowswell,,,0,0,0,0,0,0,0,0,0,0,0,0,0,,,,0.0,0.0,0.0,0.0,0.0,0,0,0
751,u,0.0,0.0,4.5,488,299.0,0,0.0,0,0.0,0.0,772,334.0,0,0,0.0,733.0,305.0,0,0,0.0,667.0,262.0,0.0,0.0,0.0,675,0,594,1,0.0,0.0,0.0,0.0,0.0,0.0,0.0,0.0,0.0,0.0,0.0,731.0,303.0,0.0,726.0,304.0,0.0,713.0,300.0,0.0,732.0,304.0,,,,27,,Yusuf,Akhamrich,Akhamrich,has joined Bristol Rovers on loan for the rest of the season.,,0,0,0,0,0,0,0,0,0,0,0,0,0,,,,0.0,0.0,0.0,0.0,0.0,0,0,0
790,a,,,4.5,501,309.0,0,0.0,0,0.0,0.0,771,333.0,0,0,0.0,742.0,312.0,0,0,0.0,677.0,270.0,0.0,0.0,0.0,578,7,238,5,0.0,-1.0,0.0,0.0,0.0,0.0,0.0,0.0,0.0,0.0,0.0,741.0,311.0,0.0,736.0,312.0,0.0,723.0,308.0,0.0,742.0,312.0,,,,27,,Lucá,Williams-Barnett,Williams-Barnett,,,0,0,0,0,0,0,0,0,0,0,0,0,0,,,,0.0,0.0,0.0,0.0,0.0,0,0,0
796,a,,,5.4,170,104.0,0,0.0,-1,1.0,0.1,416,141.0,15,0,3.0,196.0,82.0,0,79,2.6,124.0,58.0,0.5,2.8,0.0,34713,112,16336,96,2.6,1.6,0.56,0.46,1.02,9.73,0.12,0.1,0.22,2.13,76.2,373.0,165.0,103.1,243.0,151.0,82.0,260.0,142.0,26.1,340.0,164.0,,,,27,,Conor,Gallagher,Gallagher,,,412,0,1,0,9,0,0,0,0,0,0,5,44,,,,0.0,0.0,1.97,1.09,9.61,7,12,25
804,a,,,4.0,728,205.0,0,0.0,0,0.0,0.0,708,245.0,1,0,1.0,455.0,167.0,0,1,0.2,359.0,130.0,0.0,0.2,0.0,1634,13,462,16,0.2,-0.8,0.0,0.0,0.0,1.04,0.0,0.0,0.0,2.67,6.0,467.0,169.0,10.3,414.0,151.0,0.0,578.0,236.0,1.6,469.0,168.0,,,,27,,João Victor,de Souza Menezes,Souza,,,35,0,0,0,1,0,0,0,0,0,0,0,2,,,,0.0,0.0,2.57,0.0,5.14,0,2,2
811,a,,,4.5,462,279.0,0,0.0,0,0.0,0.0,802,356.0,0,0,0.0,716.0,292.0,0,0,0.0,644.0,243.0,0.0,0.0,0.0,220,6,63,0,0.0,-1.0,0.0,0.0,0.0,0.0,0.0,0.0,0.0,0.0,0.0,710.0,287.0,0.0,707.0,290.0,0.0,691.0,283.0,0.0,712.0,289.0,,,,27,,Rio,Kyerematen,Kyerematen,,,0,0,0,0,0,0,0,0,0,0,0,0,0,,,,0.0,0.0,0.0,0.0,0.0,0,0,0
326,a,,,5.1,226,139.0,0,0.0,-4,4.0,0.2,406,136.0,19,0,1.1,444.0,200.0,0,63,0.4,339.0,153.0,0.1,3.7,0.0,15780,43,35502,61,-0.1,0.4,0.34,0.55,0.89,5.87,0.11,0.18,0.29,1.94,21.8,440.0,193.0,62.5,311.0,175.0,62.0,291.0,157.0,14.3,386.0,181.0,,,,27,,Adama,Traoré Diarra,Adama,,,272,0,0,0,9,0,0,0,1,0,0,1,14,,,,0.0,0.0,2.98,0.33,4.63,1,1,12
600,a,,,4.3,571,27.0,0,0.0,-2,2.0,2.1,127,17.0,51,0,2.5,269.0,24.0,2,220,0.8,280.0,22.0,0.2,11.9,0.0,178932,125,435120,495,0.3,0.8,0.0,0.0,0.0,35.3,0.0,0.0,0.0,1.76,570.4,34.0,10.0,10.0,417.0,6.0,0.0,600.0,68.0,57.9,199.0,9.0,,,,27,,Alphonse,Areola,Areola,,,1800,0,1,0,37,0,0,0,0,0,77,20,55,,,,3.85,0.0,1.85,1.0,0.0,0,30,142
601,u,0.0,0.0,4.0,660,42.0,0,0.0,0,0.0,0.2,352,51.0,0,0,0.0,573.0,63.0,0,0,0.0,460.0,54.0,0.0,0.0,0.0,3874,0,42293,11,0.0,0.0,0.0,0.0,0.0,0.0,0.0,0.0,0.0,0.0,0.0,562.0,63.0,0.0,553.0,49.0,0.0,520.0,36.0,0.0,565.0,63.0,,,,27,,Wes,Foderingham,Foderingham,has joined Aris Limassol permanently.,,0,0,0,0,0,0,0,0,0,0,0,0,0,,,,0.0,0.0,0.0,0.0,0.0,0,0,0
602,u,0.0,0.0,3.9,765,84.0,0,0.0,-1,1.0,0.2,365,53.0,0,0,0.0,555.0,52.0,0,0,0.0,442.0,43.0,0.0,0.0,0.0,11331,0,19108,20,0.0,0.0,0.0,0.0,0.0,0.0,0.0,0.0,0.0,0.0,0.0,544.0,52.0,0.0,534.0,37.0,0.0,500.0,24.0,0.0,547.0,52.0,,,,27,,Krisztián,Hegyi,Hegyi,has joined MTK Budapest on loan for the rest of the season.,,0,0,0,0,0,0,0,0,0,0,0,0,0,,,,0.0,0.0,0.0,0.0,0.0,0,0,0
603,a,100.0,100.0,4.0,726,203.0,0,0.0,-5,5.0,1.6,149,59.0,70,9,3.3,138.0,52.0,3,212,5.2,16.0,4.0,1.3,17.5,0.0,276696,1178,880810,237,4.7,5.2,0.39,1.36,1.75,28.23,0.02,0.07,0.09,1.47,363.4,120.0,53.0,216.6,137.0,34.0,66.0,282.0,82.0,64.7,174.0,58.0,,,,27,,El Hadji Malick,Diouf,Diouf,,,1734,0,5,5,32,0,0,0,4,0,0,19,179,,,,0.0,0.26,1.66,0.99,7.47,28,116,69
604,u,0.0,0.0,4.4,521,101.0,0,0.0,-1,1.0,0.1,581,208.0,0,0,0.0,662.0,250.0,0,0,0.0,576.0,235.0,0.0,0.0,0.0,1719,0,20751,1,0.0,0.0,0.0,0.0,0.0,0.0,0.0,0.0,0.0,0.0,0.0,651.0,249.0,0.0,648.0,249.0,0.0,626.0,248.0,0.0,654.0,249.0,,,,27,,Emerson,Palmieri dos Santos,Emerson,has joined Marseille permanently.,,0,0,0,0,0,0,0,0,0,0,0,0,0,,,,0.0,0.0,0.0,0.0,0.0,0,0,0
605,a,,,4.2,631,145.0,0,0.0,-3,3.0,0.1,417,153.0,36,0,1.7,373.0,137.0,0,80,0.2,363.0,133.0,0.0,8.6,0.0,29922,7,49333,20,-0.3,0.2,0.56,0.25,0.81,33.28,0.03,0.01,0.04,1.92,392.4,104.0,48.0,55.8,323.0,109.0,60.0,297.0,88.0,50.9,226.0,73.0,,,,27,,Maximilian,Kilman,Kilman,,,1559,0,0,1,37,0,0,0,4,0,0,17,191,,,,0.0,0.06,2.14,0.98,9.24,16,144,43
606,a,100.0,100.0,4.4,533,112.0,0,0.0,-1,1.0,0.1,501,178.0,59,6,3.0,187.0,74.0,0,181,4.2,33.0,10.0,1.0,13.4,0.0,18553,35,17577,26,3.7,4.2,1.01,0.38,1.39,25.94,0.06,0.02,0.08,1.43,404.4,95.0,42.0,24.0,381.0,136.0,141.0,182.0,41.0,56.9,205.0,67.0,,,,27,,Konstantinos,Mavropanos,Mavropanos,,,1631,0,0,3,28,1,0,0,2,0,0,17,211,,,,0.0,0.17,1.55,0.94,10.54,22,169,63
607,u,0.0,0.0,4.4,526,106.0,0,0.0,-1,1.0,0.0,609,215.0,3,0,1.5,405.0,146.0,0,-1,0.0,579.0,238.0,0.0,0.7,0.0,1288,0,12305,1,0.0,0.0,0.1,0.03,0.13,3.42,0.05,0.02,0.07,1.71,39.0,414.0,156.0,3.9,444.0,161.0,8.0,407.0,152.0,5.1,442.0,159.0,,,,27,,Nayef,Aguerd,N.Aguerd,has joined Marseille permanently.,,180,0,0,0,8,0,0,0,0,0,0,2,23,,,,0.0,0.0,4.0,1.0,7.5,1,14,8
608,a,100.0,100.0,4.3,605,139.0,0,0.0,-2,2.0,0.0,614,217.0,21,0,1.8,358.0,133.0,0,86,1.4,223.0,83.0,0.3,4.9,0.0,4880,4,6544,9,0.9,1.4,0.18,0.32,0.5,13.28,0.02,0.04,0.06,1.83,138.2,307.0,116.0,71.7,294.0,95.0,22.0,367.0,125.0,23.2,347.0,118.0,,,,27,,Ollie,Scarles,Scarles,,,654,0,1,0,16,0,0,0,1,0,0,9,73,,,,0.0,0.0,2.2,1.24,9.91,29,43,35
609,a,100.0,100.0,4.3,587,133.0,0,0.0,-2,2.0,0.1,486,174.0,31,0,1.7,374.0,138.0,0,112,0.4,325.0,115.0,0.1,7.2,0.0,11457,10,19380,14,-0.1,0.4,0.25,0.29,0.54,28.74,0.01,0.02,0.03,1.7,333.0,141.0,64.0,64.5,306.0,102.0,22.0,366.0,124.0,42.0,268.0,89.0,,,,27,,Jean-Clair,Todibo,Todibo,,,1521,0,1,0,33,0,0,0,4,1,0,18,152,,,,0.0,0.0,1.95,1.07,8.17,33,105,76
610,a,100.0,100.0,4.1,651,158.0,0,0.0,-4,4.0,4.6,80,26.0,54,6,3.0,184.0,71.0,0,178,5.0,20.0,5.0,1.2,13.2,0.0,241688,1053,2284136,597,4.5,5.0,0.0,0.78,0.78,26.69,0.0,0.05,0.05,1.55,360.0,121.0,54.0,271.1,103.0,26.0,26.0,358.0,119.0,66.0,165.0,54.0,,,,27,,Aaron,Wan-Bissaka,Wan-Bissaka,,,1551,0,3,2,31,0,0,0,2,0,0,17,153,,,,0.0,0.12,1.8,0.99,8.07,24,115,52
611,u,0.0,0.0,4.0,705,184.0,0,0.0,0,0.0,0.1,547,196.0,0,0,0.0,608.0,225.0,0,0,0.0,497.0,197.0,0.0,0.0,0.0,0,0,13150,2,0.0,0.0,0.0,0.0,0.0,0.0,0.0,0.0,0.0,0.0,0.0,597.0,224.0,0.0,590.0,224.0,0.0,558.0,218.0,0.0,600.0,224.0,,,,27,,Kaelan,Casey,Casey,has joined Leyton Orient on loan for the rest of the season.,,0,0,0,0,0,0,0,0,0,0,0,0,0,,,,0.0,0.0,0.0,0.0,0.0,0,0,0
612,u,0.0,0.0,5.9,96,62.0,0,0.0,-1,1.0,1.1,183,62.0,69,0,3.8,89.0,43.0,8,291,0.0,796.0,354.0,0.0,11.7,0.0,897173,0,969647,202,0.0,0.0,2.85,2.0,4.85,24.22,0.17,0.12,0.29,1.44,374.6,112.0,37.0,397.2,43.0,40.0,186.0,134.0,77.0,95.7,81.0,49.0,,,,27,,Lucas,Tolentino Coelho de Lima,L.Paquetá,has joined Flamengo permanently.,,1513,4,2,3,33,0,0,0,5,1,0,18,146,,,,0.0,0.18,1.96,1.07,8.68,40,30,76
613,a,100.0,100.0,5.7,116,73.0,0,0.0,-3,3.0,0.3,329,112.0,63,2,2.6,261.0,110.0,6,244,3.6,59.0,29.0,0.6,11.1,0.0,36337,98,106499,68,3.1,3.6,3.47,0.37,3.84,23.65,0.25,0.03,0.28,1.72,306.8,173.0,68.0,121.3,218.0,142.0,284.0,74.0,45.0,71.3,144.0,79.0,,,,27,,Tomáš,Souček,Souček,,,1237,3,2,3,28,0,0,0,2,1,0,13,132,,,,0.0,0.22,2.04,0.95,9.6,21,72,39
615,a,100.0,100.0,5.7,119,74.0,1,-1.0,2,-2.0,3.2,106,33.0,80,3,3.6,113.0,50.0,7,293,6.4,6.0,3.0,1.1,14.0,0.0,478509,3611,80649,2190,5.9,6.4,4.13,1.51,5.64,25.53,0.22,0.08,0.3,1.37,318.0,160.0,57.0,299.2,88.0,66.0,413.0,33.0,18.0,103.0,58.0,39.0,2.0,,,27,,Crysencio,Summerville,Summerville,,,1676,4,3,4,29,0,0,0,3,0,0,20,143,,,,0.0,0.21,1.56,1.07,7.68,28,37,78
616,u,0.0,0.0,4.9,311,195.0,0,0.0,-1,1.0,0.0,596,226.0,0,0,0.0,765.0,328.0,0,0,0.0,719.0,298.0,0.0,0.0,0.0,1147,0,16069,2,0.0,0.0,0.0,0.0,0.0,0.0,0.0,0.0,0.0,0.0,0.0,764.0,327.0,0.0,761.0,328.0,0.0,755.0,326.0,0.0,765.0,328.0,,,,27,,Edson,Álvarez Velázquez,Álvarez,Has joined Fenerbahçe on loan for the rest of the season.,,0,0,0,0,0,0,0,0,0,0,0,0,0,,,,0.0,0.0,0.0,0.0,0.0,0,0,0
617,u,0.0,0.0,4.9,289,179.0,0,0.0,-1,1.0,0.0,702,293.0,0,0,0.0,761.0,325.0,0,0,0.0,711.0,293.0,0.0,0.0,0.0,246,0,3212,0,0.0,0.0,0.0,0.0,0.0,0.0,0.0,0.0,0.0,0.0,0.0,760.0,324.0,0.0,757.0,325.0,0.0,751.0,323.0,0.0,761.0,325.0,,,,27,,Maxwel,Cornet,Cornet,has joined Genoa on loan for the rest of the season.,,0,0,0,0,0,0,0,0,0,0,0,0,0,,,,0.0,0.0,0.0,0.0,0.0,0,0,0
618,u,0.0,0.0,4.8,355,223.0,0,0.0,-2,2.0,0.0,608,235.0,8,0,1.3,428.0,192.0,0,30,0.0,700.0,286.0,0.0,1.7,0.0,2295,0,6040,5,0.0,0.0,0.03,0.04,0.07,2.59,0.02,0.02,0.04,1.33,9.8,456.0,204.0,6.0,437.0,212.0,2.0,447.0,221.0,1.7,468.0,213.0,,,,27,,Guido,Rodríguez,G.Rodriguez,has joined Valencia on loan for the rest of the season.,,175,0,0,1,2,0,0,0,1,0,0,2,15,,,,0.0,0.51,1.03,1.03,7.71,1,4,10
619,u,0.0,0.0,4.9,345,214.0,0,0.0,-1,1.0,0.0,680,278.0,5,0,1.0,492.0,228.0,0,11,0.0,735.0,309.0,0.0,1.0,0.0,868,0,3381,1,0.0,0.0,0.07,0.03,0.1,1.82,0.05,0.02,0.07,1.35,9.2,458.0,206.0,14.5,401.0,198.0,4.0,431.0,213.0,2.5,462.0,209.0,,,,27,,Luis Guilherme,Lira dos Santos,L.Guilherme,has joined Sporting CP permanently.,,121,0,0,0,2,0,0,0,0,0,0,1,11,,,,0.0,0.0,1.49,0.74,8.18,1,2,8
620,u,0.0,0.0,4.5,446,267.0,0,0.0,0,0.0,0.0,605,232.0,1,0,1.0,474.0,213.0,0,3,0.0,633.0,233.0,0.0,0.2,0.0,3770,0,9406,1,0.0,0.0,0.0,0.01,0.01,0.73,0.0,0.11,0.11,8.21,0.0,700.0,277.0,1.5,456.0,219.0,2.0,444.0,218.0,0.4,489.0,225.0,,,,27,,George,Earthy,Earthy,has joined Bristol City on loan for the rest of the season.,,8,0,0,0,1,0,0,0,0,0,0,0,0,,,,0.0,0.0,11.25,0.0,0.0,0,0,0
621,u,0.0,0.0,4.3,583,344.0,0,0.0,-2,2.0,0.2,355,119.0,9,0,1.3,426.0,190.0,0,49,0.0,547.0,178.0,0.0,2.1,0.0,43311,0,54117,37,0.0,0.0,0.0,0.17,0.17,4.03,0.0,0.1,0.1,2.32,31.6,425.0,187.0,52.3,329.0,181.0,2.0,439.0,216.0,8.6,417.0,188.0,3.0,,,27,,Andy,Irving,Irving,has joined Sparta Prague permanently.,,156,0,0,0,4,0,0,0,0,0,0,2,22,,,,0.0,0.0,2.31,1.15,12.69,6,2,14
622,u,0.0,0.0,4.4,549,329.0,0,0.0,-1,1.0,0.1,578,215.0,0,0,0.0,673.0,261.0,0,0,0.0,590.0,206.0,0.0,0.0,0.0,1052,0,11900,1,0.0,0.0,0.0,0.0,0.0,0.0,0.0,0.0,0.0,0.0,0.0,663.0,252.0,0.0,660.0,258.0,0.0,638.0,247.0,0.0,666.0,255.0,,,,27,,Lewis,Orford,Orford,has joined Stevenage on loan for the rest of the season.,,0,0,0,0,0,0,0,0,0,0,0,0,0,,,,0.0,0.0,0.0,0.0,0.0,0,0,0
623,s,0.0,0.0,4.4,545,325.0,0,0.0,-1,1.0,0.6,228,79.0,34,0,1.8,360.0,157.0,0,206,1.0,258.0,112.0,0.2,7.7,0.0,142803,12,152838,314,0.0,0.0,0.21,1.05,1.26,19.95,0.02,0.09,0.11,1.64,179.6,264.0,112.0,129.9,204.0,135.0,37.0,336.0,175.0,34.7,297.0,147.0,1.0,,,27,,Freddie,Potts,Potts,Suspended until 14 Mar,,1094,0,1,1,23,0,0,0,1,0,0,11,112,,,,0.0,0.08,1.89,0.9,9.21,27,47,38
624,a,,,7.6,21,7.0,0,0.0,-4,4.0,8.6,41,8.0,124,4,4.6,30.0,4.0,21,478,6.2,7.0,2.0,0.8,16.3,0.0,2271357,1711,3052278,7451,5.7,6.2,5.91,3.3,9.21,42.33,0.22,0.12,0.34,1.57,576.4,30.0,4.0,394.8,45.0,1.0,661.0,9.0,7.0,163.1,12.0,4.0,,1.0,2.0,27,,Jarrod,Bowen,Bowen,,,2419,8,4,4,47,0,0,0,3,0,0,27,191,,,,0.0,0.15,1.75,1.0,7.11,34,45,112
625,u,0.0,0.0,5.6,123,34.0,0,0.0,-4,4.0,0.6,243,37.0,12,0,1.5,415.0,50.0,0,28,0.0,789.0,84.0,0.0,2.1,0.0,47611,0,392018,34,0.0,0.0,0.93,0.21,1.14,8.59,0.21,0.05,0.26,1.9,26.0,435.0,51.0,85.1,274.0,26.0,130.0,200.0,43.0,23.8,346.0,42.0,,,,27,,Niclas,Füllkrug,Füllkrug,has joined AC Milan on loan for the rest of the season.,,407,0,0,1,11,0,0,0,0,0,0,5,19,,,,0.0,0.22,2.43,1.11,4.2,2,7,10
626,u,0.0,0.0,4.3,611,85.0,0,0.0,-2,2.0,0.5,256,41.0,2,0,1.0,463.0,58.0,0,0,0.0,565.0,56.0,0.0,0.5,0.0,63604,0,104542,50,0.0,0.0,0.13,0.0,0.13,1.55,0.2,0.0,0.2,2.41,1.2,489.0,58.0,0.1,482.0,61.0,7.0,417.0,58.0,0.8,479.0,59.0,,,,27,,Callum,Marshall,Marshall,has joined VfL Bochum 1848 on loan for the rest of the season.,,58,0,0,0,2,0,0,0,0,0,0,0,3,,,,0.0,0.0,3.1,0.0,4.66,0,2,1
659,a,,,4.2,629,143.0,0,0.0,-3,3.0,0.2,344,123.0,32,0,1.8,356.0,131.0,0,118,0.4,324.0,114.0,0.1,7.6,0.0,30322,21,51935,45,-0.1,0.4,1.13,0.26,1.39,21.13,0.11,0.02,0.13,1.99,203.2,253.0,103.0,88.2,266.0,82.0,98.0,236.0,62.0,39.0,283.0,95.0,,,,27,,Kyle,Walker-Peters,Walker-Peters,,,954,1,0,1,22,0,0,0,2,0,0,10,95,,,,0.0,0.09,2.08,0.94,6.79,34,38,41
738,d,25.0,25.0,4.5,405,20.0,0,0.0,0,0.0,0.0,632,79.0,0,0,0.0,686.0,91.0,0,0,0.0,608.0,87.0,0.0,0.0,0.0,5830,4,5481,5,-0.1,0.0,0.0,0.0,0.0,0.0,0.0,0.0,0.0,0.0,0.0,679.0,91.0,0.0,674.0,83.0,0.0,655.0,73.0,0.0,682.0,91.0,,,,27,,Lukasz,Fabianski,Fabianski,Back injury - 25% chance of playing,,0,0,0,0,0,0,0,0,0,0,0,0,0,,,,0.0,0.0,0.0,0.0,0.0,0,0,0
747,a,,,4.0,723,200.0,0,0.0,0,0.0,0.0,635,225.0,5,0,1.0,454.0,166.0,0,15,0.0,515.0,213.0,0.0,1.2,0.0,2363,3,1852,6,-0.5,0.0,0.12,0.44,0.56,2.8,0.1,0.35,0.45,2.25,21.2,441.0,165.0,33.8,363.0,128.0,9.0,402.0,147.0,6.4,434.0,157.0,,,,27,,Ezra,Mayers,Mayers,,,112,0,0,0,3,0,0,0,0,0,0,0,5,,,,0.0,0.0,2.41,0.0,4.02,0,5,6
752,a,,,4.0,734,211.0,0,0.0,0,0.0,0.0,658,231.0,0,0,0.0,630.0,245.0,0,0,0.0,522.0,220.0,0.0,0.0,0.0,1842,8,1602,7,-0.5,0.0,0.0,0.0,0.0,0.0,0.0,0.0,0.0,0.0,0.0,619.0,244.0,0.0,612.0,244.0,0.0,583.0,241.0,0.0,622.0,244.0,,,,27,,Airidas,Golambeckis,Golambeckis,,,0,0,0,0,0,0,0,0,0,0,0,0,0,,,,0.0,0.0,0.0,0.0,0.0,0,0,0
627,a,,,4.4,520,26.0,0,0.0,-1,1.0,0.1,426,64.0,21,0,1.8,359.0,28.0,0,117,0.0,575.0,86.0,0.0,4.8,0.0,19586,18,23769,14,-0.5,-0.5,0.0,0.02,0.02,18.59,0.0,0.0,0.0,1.55,308.0,171.0,21.0,0.1,484.0,14.0,0.0,625.0,72.0,30.8,319.0,21.0,,,,27,,Sam,Johnstone,Johnstone,,,1080,0,0,0,24,1,0,0,0,0,39,12,71,,,,3.25,0.0,2.0,1.0,0.0,2,24,107
628,a,,,4.2,628,33.0,0,0.0,-3,3.0,1.2,177,22.0,43,0,2.9,202.0,21.0,5,187,2.8,105.0,7.0,0.7,10.2,0.0,94014,245,175918,160,2.3,2.3,0.0,0.03,0.03,21.98,0.0,0.0,0.0,1.47,328.4,146.0,19.0,10.0,416.0,5.0,0.0,591.0,65.0,34.1,304.0,19.0,,,,27,,José,Malheiro de Sá,José Sá,,,1350,0,0,3,26,0,0,0,1,0,38,15,40,,,,2.53,0.2,1.73,1.0,0.0,0,28,130
629,a,100.0,100.0,3.9,740,70.0,0,0.0,-1,1.0,0.5,263,34.0,0,0,0.0,538.0,38.0,0,0,0.0,423.0,29.0,0.0,0.0,0.0,18183,41,50484,13,-0.5,-0.5,0.0,0.0,0.0,0.0,0.0,0.0,0.0,0.0,0.0,527.0,38.0,0.0,517.0,23.0,0.0,483.0,10.0,0.0,530.0,38.0,,,,27,,Daniel,Bentley,Bentley,,,0,0,0,0,0,0,0,0,0,0,0,0,0,,,,0.0,0.0,0.0,0.0,0.0,0,0,0
631,u,0.0,0.0,4.2,641,153.0,0,0.0,-3,3.0,0.1,449,165.0,23,0,1.6,384.0,143.0,0,86,0.5,318.0,109.0,0.1,5.5,0.0,24605,0,63028,8,0.0,0.0,0.57,0.4,0.97,18.26,0.05,0.03,0.08,1.49,312.2,165.0,71.0,76.0,292.0,93.0,75.0,270.0,76.0,46.4,247.0,80.0,,5.0,,27,,Emmanuel,Agbadou,Agbadou,has joined Besiktas permanently.,,1100,0,0,0,29,0,0,0,1,1,0,12,156,,,,0.0,0.0,2.37,0.98,10.23,32,93,65
632,a,100.0,100.0,4.4,519,100.0,0,0.0,-1,1.0,0.1,500,177.0,11,0,1.2,436.0,157.0,0,43,0.0,574.0,234.0,0.0,2.5,0.0,6309,7,20184,16,-0.5,-0.5,0.09,0.19,0.28,12.04,0.01,0.03,0.04,1.68,110.6,331.0,125.0,50.4,334.0,114.0,18.0,382.0,134.0,18.0,370.0,130.0,,,,27,,Matt,Doherty,Doherty,,,644,0,0,1,14,0,0,0,4,0,0,9,63,,,,0.0,0.14,1.96,1.26,7.27,13,39,25
633,a,100.0,100.0,4.3,595,137.0,0,0.0,-2,2.0,0.2,358,129.0,61,0,2.5,270.0,104.0,4,243,2.0,173.0,61.0,0.5,14.2,0.0,46172,97,30951,166,1.5,1.5,0.5,2.23,2.73,25.99,0.03,0.12,0.15,1.4,395.0,101.0,47.0,446.5,34.0,2.0,132.0,194.0,47.0,97.6,77.0,17.0,2.0,,,27,,Hugo,Bueno López,H.Bueno,,,1665,1,2,3,29,0,0,0,1,0,0,18,150,,,,0.0,0.16,1.57,0.97,6.38,44,74,89
634,a,100.0,100.0,4.3,601,138.0,0,0.0,-2,2.0,0.1,477,172.0,36,0,2.0,326.0,121.0,1,142,1.7,204.0,74.0,0.4,8.4,0.0,13426,13,10654,63,1.2,1.2,1.41,0.31,1.72,24.28,0.09,0.02,0.11,1.55,279.2,190.0,78.0,102.5,245.0,70.0,174.0,141.0,27.0,55.5,209.0,69.0,,,,27,,Yerson,Mosquera Valdelamar,Mosquera,,,1406,0,0,3,27,2,0,0,9,0,0,16,150,,,,0.0,0.19,1.73,1.02,8.83,42,96,69
635,a,100.0,100.0,4.4,544,118.0,0,0.0,-1,1.0,0.1,564,203.0,20,0,1.7,375.0,139.0,0,53,1.0,257.0,94.0,0.2,4.5,0.0,9600,4,14742,7,0.5,0.5,1.1,0.29,1.39,7.57,0.17,0.05,0.22,1.18,101.0,341.0,129.0,60.1,318.0,107.0,140.0,184.0,43.0,30.3,322.0,110.0,,,,27,,Rodrigo,Martins Gomes,R.Gomes,,,575,1,0,0,10,0,0,0,0,0,0,6,48,,,,0.0,0.0,1.57,0.94,5.32,15,19,21
640,a,100.0,100.0,4.0,732,209.0,0,0.0,0,0.0,0.4,288,108.0,3,0,1.0,457.0,169.0,0,5,0.3,349.0,122.0,0.1,0.8,0.0,9600,9,88679,28,-0.2,-0.2,0.0,0.0,0.0,0.79,0.0,0.0,0.0,23.7,0.2,499.0,178.0,0.5,469.0,173.0,2.0,437.0,162.0,0.2,499.0,177.0,,,,27,,Pedro,Cardoso de Lima,Pedro Lima,,,3,0,0,0,1,0,0,0,0,0,0,0,0,,,,0.0,0.0,30.0,0.0,0.0,0,0,1
641,u,0.0,0.0,3.9,771,225.0,0,0.0,-1,1.0,1.0,193,73.0,0,0,0.0,561.0,204.0,0,0,0.0,448.0,175.0,0.0,0.0,0.0,85684,0,144614,96,0.0,0.0,0.0,0.0,0.0,0.0,0.0,0.0,0.0,0.0,0.0,550.0,203.0,0.0,540.0,203.0,0.0,506.0,195.0,0.0,553.0,203.0,,,,27,,Alfie,Pond,Pond,has joined Crewe Alexandra on loan for the rest of the season.,,0,0,0,0,0,0,0,0,0,0,0,0,0,,,,0.0,0.0,0.0,0.0,0.0,0,0,0
642,i,0.0,0.0,5.6,126,78.0,0,0.0,-4,4.0,0.1,451,154.0,44,0,2.2,309.0,136.0,0,125,0.8,292.0,128.0,0.1,7.9,0.0,48380,0,57596,108,0.0,0.0,2.1,0.92,3.02,17.67,0.17,0.07,0.24,1.39,132.2,311.0,142.0,152.8,190.0,127.0,145.0,175.0,99.0,42.4,265.0,133.0,,,3.0,27,,Hwang,Hee-chan,Hee Chan,Calf injury - Unknown return date,,1144,2,1,2,22,0,0,0,3,0,0,15,68,,,,0.0,0.16,1.73,1.18,5.35,8,22,38
643,a,100.0,100.0,5.2,216,134.0,0,0.0,-3,3.0,0.1,537,196.0,55,0,2.3,296.0,128.0,1,289,1.0,270.0,119.0,0.2,10.6,0.0,12617,14,17070,18,0.5,0.5,0.23,0.68,0.91,29.2,0.01,0.03,0.04,1.48,252.6,209.0,89.0,209.1,145.0,99.0,19.0,380.0,192.0,48.0,242.0,123.0,,,,27,,André,Trindade da Costa Neto,André,,,1772,0,0,1,35,0,0,0,8,0,0,19,244,,,,0.0,0.05,1.78,0.97,12.39,52,61,131
644,a,100.0,100.0,5.1,231,142.0,0,0.0,-4,4.0,0.0,601,228.0,28,0,1.6,390.0,173.0,0,131,0.5,319.0,145.0,0.1,5.5,0.0,5034,9,11098,10,0.0,0.0,0.82,0.62,1.44,15.17,0.09,0.07,0.16,1.69,124.0,316.0,144.0,125.1,210.0,140.0,99.0,234.0,129.0,34.4,303.0,151.0,3.0,4.0,,27,,Jean-Ricner,Bellegarde,Bellegarde,,,810,1,0,1,23,0,0,0,3,0,0,10,69,,,,0.0,0.11,2.56,1.11,7.67,21,21,27
645,u,0.0,0.0,5.1,241,147.0,0,0.0,-4,4.0,0.0,653,262.0,12,0,1.3,430.0,194.0,0,38,0.0,762.0,330.0,0.0,2.4,0.0,1383,0,4873,4,0.0,0.0,0.16,0.61,0.77,3.98,0.06,0.24,0.3,1.57,29.0,430.0,190.0,61.0,315.0,177.0,37.0,337.0,176.0,12.4,396.0,183.0,,,,27,,Fer,López González,Fer López,has joined Celta Vigo on loan for the rest of the season.,,228,0,1,0,9,0,0,0,1,0,0,2,12,,,,0.0,0.0,3.55,0.79,4.74,1,1,10
655,u,0.0,0.0,4.9,329,61.0,0,0.0,-1,1.0,0.2,397,62.0,0,0,0.0,772.0,85.0,0,0,0.0,729.0,77.0,0.0,0.0,0.0,7178,0,55246,2,0.0,0.0,0.0,0.0,0.0,0.0,0.0,0.0,0.0,0.0,0.0,771.0,85.0,0.0,768.0,84.0,0.0,763.0,84.0,0.0,772.0,85.0,,,,27,,Fábio,Soares Silva,Fábio Silva,has joined Borussia Dortmund permanently.,,0,0,0,0,0,0,0,0,0,0,0,0,0,,,,0.0,0.0,0.0,0.0,0.0,0,0,0
656,u,0.0,0.0,4.9,322,59.0,0,0.0,-1,1.0,0.0,587,80.0,1,0,1.0,489.0,59.0,0,1,0.0,723.0,76.0,0.0,0.2,0.0,1691,0,10115,3,0.0,0.0,0.0,0.01,0.01,0.1,0.0,0.06,0.06,0.64,1.0,494.0,61.0,4.3,441.0,57.0,2.0,448.0,61.0,0.7,482.0,61.0,,,,27,,Saša,Kalajdžić,Kalajdžić,has joined LASK on loan for the rest of the season.,,14,0,0,0,0,0,0,0,0,0,0,0,2,,,,0.0,0.0,0.0,0.0,12.86,0,1,1
720,a,,,5.4,177,44.0,0,0.0,-1,1.0,0.2,350,58.0,49,0,2.1,319.0,37.0,4,151,2.5,131.0,21.0,0.5,9.1,0.0,60142,79,33409,294,2.0,2.0,2.94,0.31,3.25,17.16,0.24,0.03,0.27,1.42,143.4,301.0,28.0,137.6,198.0,18.0,364.0,51.0,20.0,63.8,177.0,21.0,,2.0,,27,,Tolu,Arokodare,Tolu,,,1086,2,1,3,23,0,0,0,1,0,0,11,55,,,,0.0,0.25,1.91,0.91,4.56,6,28,21
749,a,,,4.6,404,66.0,0,0.0,1,-1.0,2.8,111,18.0,46,0,2.9,204.0,20.0,6,188,1.7,205.0,29.0,0.4,10.0,0.0,517148,797,165145,2825,1.2,1.2,1.23,1.32,2.55,17.53,0.11,0.12,0.23,1.6,199.0,254.0,22.0,187.5,160.0,11.0,185.0,135.0,32.0,57.1,203.0,25.0,,,,27,,Mateus,Mané,Mané,,,986,2,2,3,17,0,0,0,0,0,0,10,75,,,,0.0,0.27,1.55,0.91,6.85,16,19,40
809,a,,,4.5,515,319.0,0,0.0,0,0.0,0.0,766,330.0,0,0,0.0,752.0,320.0,0,0,0.0,690.0,279.0,0.0,0.0,0.0,663,15,138,2,-0.5,-0.5,0.0,0.0,0.0,0.0,0.0,0.0,0.0,0.0,0.0,751.0,319.0,0.0,746.0,320.0,0.0,734.0,317.0,0.0,752.0,320.0,,,,27,,Jerome,Abbey,Abbey,,,0,0,0,0,0,0,0,0,0,0,0,0,0,,,,0.0,0.0,0.0,0.0,0.0,0,0,0
816,a,100.0,100.0,4.9,307,192.0,-1,1.0,-1,1.0,0.0,669,271.0,6,0,2.0,329.0,143.0,0,42,1.5,217.0,92.0,0.3,1.2,0.0,3995,8,1265,31,1.0,1.0,0.05,0.07,0.12,6.4,0.03,0.04,0.07,3.27,32.4,422.0,186.0,37.7,356.0,187.0,10.0,401.0,199.0,8.0,423.0,192.0,,,,27,,Angel,Gomes,Angel,,,176,0,0,1,4,0,0,0,0,0,0,3,15,,,,0.0,0.51,2.05,1.53,7.67,4,4,7
