id,status,chance_of_playing_next_round,chance_of_playing_this_round,now_cost,now_cost_rank,now_cost_rank_type,cost_change_event,cost_change_event_fall,cost_change_start,cost_change_start_fall,selected_by_percent,selected_rank,selected_rank_type,total_points,event_points,points_per_game,points_per_game_rank,points_per_game_rank_type,bonus,bps,form,form_rank,form_rank_type,value_form,value_season,dreamteam_count,transfers_in,transfers_in_event,transfers_out,transfers_out_event,ep_next,ep_this,expected_goals,expected_assists,expected_goal_involvements,expected_goals_conceded,expected_goals_per_90,expected_assists_per_90,expected_goal_involvements_per_90,expected_goals_conceded_per_90,influence,influence_rank,influence_rank_type,creativity,creativity_rank,creativity_rank_type,threat,threat_rank,threat_rank_type,ict_index,ict_index_rank,ict_index_rank_type,corners_and_indirect_freekicks_order,direct_freekicks_order,penalties_order,gw,set_piece_threat,first_name,second_name,web_name,news,news_added,minutes,goals_scored,assists,clean_sheets,goals_conceded,own_goals,penalties_saved,penalties_missed,yellow_cards,red_cards,saves,starts,defensive_contribution,corners_and_indirect_freekicks_text,direct_freekicks_text,penalties_text,saves_per_90,clean_sheets_per_90,goals_conceded_per_90,starts_per_90,defensive_contribution_per_90,tackles,clearances_blocks_interceptions,recoveries
176,u,0.0,0.0,4.5,462,281.0,0,0.0,0,0.0,0.0,689,281.0,0,0,0.0,721.0,296.0,0,0,0.0,637.0,238.0,0.0,0.0,0.0,1435,0,4597,0,0.0,0.0,0.0,0.0,0.0,0.0,0.0,0.0,0.0,0.0,0.0,716.0,291.0,0.0,712.0,293.0,0.0,696.0,286.0,0.0,717.0,292.0,,,,30,,Adrian,Mazilu,Mazilu,has joined Dinamo Bucharest permanently.,,0,0,0,0,0,0,0,0,0,0,0,0,0,,,,0.0,0.0,0.0,0.0,0.0,0,0,0
286,a,,,4.4,561,81.0,0,0.0,-1,1.0,0.3,309,50.0,0,0,0.0,683.0,73.0,0,0,0.0,589.0,61.0,0.0,0.0,0.0,51087,8,58589,27,0.0,0.0,0.0,0.0,0.0,0.0,0.0,0.0,0.0,0.0,0.0,676.0,73.0,0.0,671.0,72.0,0.0,651.0,72.0,0.0,678.0,73.0,,,,30,,Zach,Marsh,Marsh,,,0,0,0,0,0,0,0,0,0,0,0,0,0,,,,0.0,0.0,0.0,0.0,0.0,0,0,0
312,u,0.0,0.0,4.9,334,62.0,0,0.0,-1,1.0,0.1,547,76.0,0,0,0.0,779.0,87.0,0,0,0.0,729.0,78.0,0.0,0.0,0.0,2418,0,14537,0,0.0,0.0,0.0,0.0,0.0,0.0,0.0,0.0,0.0,0.0,0.0,778.0,87.0,0.0,774.0,86.0,0.0,770.0,86.0,0.0,778.0,87.0,,,,30,,Youssef,Ramalho Chermiti,Y.Chermiti,has joined Rangers permanently.,,0,0,0,0,0,0,0,0,0,0,0,0,0,,,,0.0,0.0,0.0,0.0,0.0,0,0,0
786,a,,,4.0,702,60.0,0,0.0,0,0.0,0.0,749,85.0,0,0,0.0,608.0,80.0,0,0,0.0,475.0,73.0,0.0,0.0,0.0,630,0,327,1,0.5,0.0,0.0,0.0,0.0,0.0,0.0,0.0,0.0,0.0,0.0,598.0,80.0,0.0,589.0,67.0,0.0,560.0,54.0,0.0,600.0,80.0,,,,30,,Alfie,McNally,McNally,,,0,0,0,0,0,0,0,0,0,0,0,0,0,,,,0.0,0.0,0.0,0.0,0.0,0,0,0
168,a,100.0,100.0,4.6,403,249.0,0,0.0,-4,4.0,0.1,491,176.0,2,0,0.7,514.0,241.0,0,5,0.0,685.0,275.0,0.0,0.4,0.0,16301,7,29512,6,0.0,0.0,0.04,0.1,0.14,1.86,0.05,0.13,0.18,2.43,6.0,472.0,212.0,25.7,384.0,194.0,19.0,384.0,193.0,5.0,447.0,200.0,,,,30,,Facundo,Buonanotte,Buonanotte,,,69,0,0,0,2,0,0,0,1,0,0,1,5,,,,0.0,0.0,2.61,1.3,6.52,1,1,3
339,a,,,4.1,655,37.0,0,0.0,-4,4.0,0.3,303,40.0,0,0,0.0,636.0,86.0,0,0,0.0,508.0,79.0,0.0,0.0,0.0,13556,11,63637,18,0.0,0.0,0.0,0.0,0.0,0.0,0.0,0.0,0.0,0.0,0.0,626.0,86.0,0.0,618.0,74.0,0.0,591.0,61.0,0.0,628.0,86.0,,,,30,,Illan,Meslier,Meslier,,,0,0,0,0,0,0,0,0,0,0,0,0,0,,,,0.0,0.0,0.0,0.0,0.0,0,0,0
340,a,,,3.9,746,73.0,0,0.0,-1,1.0,0.1,415,62.0,0,0,0.0,545.0,43.0,0,0,0.0,407.0,34.0,0.0,0.0,0.0,8453,5,15063,6,0.0,0.0,0.0,0.0,0.0,0.0,0.0,0.0,0.0,0.0,0.0,535.0,43.0,0.0,522.0,26.0,0.0,492.0,13.0,0.0,537.0,43.0,,,,30,,Alex,Cairns,Cairns,,,0,0,0,0,0,0,0,0,0,0,0,0,0,,,,0.0,0.0,0.0,0.0,0.0,0,0,0
341,a,,,3.9,741,68.0,0,0.0,-1,1.0,2.5,122,17.0,30,0,2.3,294.0,26.0,0,149,1.8,169.0,15.0,0.5,7.7,0.0,253817,209,276002,118,1.8,1.8,0.0,0.03,0.03,16.39,0.0,0.0,0.0,1.26,290.8,196.0,22.0,0.0,517.0,21.0,0.0,487.0,8.0,29.3,339.0,22.0,,,,30,,Karl,Darlow,Darlow,,,1170,0,0,1,19,0,0,0,1,0,34,13,59,,,,2.62,0.08,1.46,1.0,0.0,0,18,118
361,u,0.0,0.0,4.5,440,264.0,0,0.0,0,0.0,0.0,668,269.0,0,0,0.0,708.0,283.0,0,0,0.0,622.0,224.0,0.0,0.0,0.0,1165,0,8404,0,0.0,0.0,0.0,0.0,0.0,0.0,0.0,0.0,0.0,0.0,0.0,702.0,277.0,0.0,699.0,280.0,0.0,682.0,273.0,0.0,704.0,279.0,,,,30,,Darko,Gyabi,Gyabi,has joined Hull City permanently.,,0,0,0,0,0,0,0,0,0,0,0,0,0,,,,0.0,0.0,0.0,0.0,0.0,0,0,0
405,a,,,5.2,204,27.0,0,0.0,-3,3.0,0.6,235,88.0,27,0,1.9,353.0,133.0,1,114,0.2,359.0,130.0,0.0,5.2,0.0,45212,13,86666,26,0.0,0.7,0.28,0.44,0.72,7.92,0.05,0.08,0.13,1.46,102.0,353.0,134.0,93.1,274.0,83.0,25.0,371.0,128.0,22.1,364.0,126.0,,,,30,,Nathan,Aké,Aké,,,487,0,0,2,7,0,0,0,1,0,0,4,41,,,,0.0,0.37,1.29,0.74,7.02,9,29,12
471,a,,,3.9,744,71.0,0,0.0,-1,1.0,0.1,435,66.0,0,0,0.0,543.0,41.0,0,0,0.0,405.0,32.0,0.0,0.0,0.0,6774,2,10605,8,0.0,-0.5,0.0,0.0,0.0,0.0,0.0,0.0,0.0,0.0,0.0,533.0,41.0,0.0,520.0,24.0,0.0,490.0,11.0,0.0,535.0,41.0,,,,30,,Mark,Gillespie,Gillespie,,,0,0,0,0,0,0,0,0,0,0,0,0,0,,,,0.0,0.0,0.0,0.0,0.0,0,0,0
426,a,,,5.0,259,157.0,0,0.0,-5,5.0,0.1,498,178.0,7,0,0.9,507.0,238.0,0,27,0.2,355.0,159.0,0.0,1.4,0.0,13207,2,26725,1,0.2,0.2,0.02,0.17,0.19,4.2,0.01,0.09,0.1,2.22,16.2,450.0,200.0,45.0,352.0,187.0,10.0,410.0,201.0,7.2,434.0,195.0,,,5.0,30,,James,McAtee,McAtee,,,170,0,0,0,8,0,0,0,1,0,0,1,11,,,,0.0,0.0,4.24,0.53,5.82,4,1,6
502,a,100.0,100.0,4.6,397,19.0,0,0.0,-4,4.0,4.8,75,13.0,64,0,2.9,202.0,21.0,3,262,0.8,273.0,20.0,0.2,13.9,0.0,412905,169,2040941,80,0.8,0.8,0.0,0.06,0.06,31.72,0.0,0.0,0.0,1.54,473.0,79.0,15.0,10.0,425.0,9.0,0.0,740.0,79.0,48.3,260.0,15.0,,,,30,,Matz,Sels,Sels,,,1857,0,0,4,31,0,0,0,2,0,63,21,75,,,,3.05,0.19,1.5,1.02,0.0,1,21,144
503,u,0.0,0.0,4.0,689,56.0,0,0.0,0,0.0,0.1,552,77.0,0,0,0.0,597.0,76.0,0,0,0.0,463.0,69.0,0.0,0.0,0.0,448,0,15677,0,0.0,0.0,0.0,0.0,0.0,0.0,0.0,0.0,0.0,0.0,0.0,587.0,76.0,0.0,578.0,63.0,0.0,549.0,50.0,0.0,589.0,76.0,,,,30,,Carlos Miguel,dos Santos Pereira,C.Miguel,Has joined Palmeiras permanently.,,0,0,0,0,0,0,0,0,0,0,0,0,0,,,,0.0,0.0,0.0,0.0,0.0,0,0,0
523,a,100.0,100.0,4.5,472,288.0,0,0.0,0,0.0,0.1,568,211.0,0,0,0.0,727.0,300.0,0,0,0.0,646.0,245.0,0.0,0.0,0.0,2711,3,16841,1,0.0,0.0,0.0,0.0,0.0,0.0,0.0,0.0,0.0,0.0,0.0,724.0,297.0,0.0,719.0,298.0,0.0,705.0,293.0,0.0,725.0,298.0,,,,30,,Eric,da Silva Moreira,Da Silva Moreira,,,0,0,0,0,0,0,0,0,0,0,0,0,0,,,,0.0,0.0,0.0,0.0,0.0,0,0,0
524,u,0.0,0.0,4.5,449,269.0,0,0.0,0,0.0,0.0,697,285.0,0,0,0.0,711.0,286.0,0,0,0.0,626.0,228.0,0.0,0.0,0.0,245,0,5709,1,0.0,0.0,0.0,0.0,0.0,0.0,0.0,0.0,0.0,0.0,0.0,706.0,281.0,0.0,702.0,283.0,0.0,686.0,276.0,0.0,707.0,282.0,,,,30,,Marko,Stamenić,Stamenic,Has joined Swansea City permanently.,,0,0,0,0,0,0,0,0,0,0,0,0,0,,,,0.0,0.0,0.0,0.0,0.0,0,0,0
525,i,0.0,0.0,7.1,34,14.0,0,0.0,-4,4.0,4.5,79,15.0,25,0,3.1,182.0,16.0,3,85,0.0,814.0,90.0,0.0,3.5,0.0,2133684,2,3390983,70,0.0,0.0,2.81,0.11,2.92,7.84,0.47,0.02,0.49,1.31,77.6,387.0,40.0,49.6,342.0,42.0,179.0,154.0,38.0,29.8,336.0,39.0,,,1.0,30,,Chris,Wood,Wood,Knee injury - Unknown return date,,538,2,0,1,8,0,0,0,0,0,0,7,14,,,,0.0,0.17,1.34,1.17,2.34,1,6,7
526,a,100.0,100.0,5.8,108,31.0,0,0.0,-2,2.0,1.2,176,27.0,71,0,2.5,276.0,29.0,6,226,3.0,96.0,12.0,0.5,12.2,0.0,437845,516,402169,120,3.0,3.0,4.3,1.06,5.36,28.42,0.23,0.06,0.29,1.54,209.6,260.0,25.0,155.8,198.0,21.0,495.0,27.0,14.0,83.7,126.0,17.0,,,3.0,30,,Igor Jesus,Maciel da Cruz,Igor Jesus,,,1662,2,4,6,31,0,0,0,0,0,0,20,79,,,,0.0,0.32,1.68,1.08,4.28,18,24,37
738,d,25.0,25.0,4.5,405,20.0,0,0.0,0,0.0,0.0,638,80.0,0,0,0.0,689.0,91.0,0,0,0.0,598.0,88.0,0.0,0.0,0.0,6016,0,5794,1,0.0,-0.1,0.0,0.0,0.0,0.0,0.0,0.0,0.0,0.0,0.0,683.0,91.0,0.0,677.0,83.0,0.0,658.0,73.0,0.0,685.0,91.0,,,,30,,Lukasz,Fabianski,Fabianski,Back injury - 25% chance of playing,,0,0,0,0,0,0,0,0,0,0,0,0,0,,,,0.0,0.0,0.0,0.0,0.0,0,0,0
747,a,,,4.0,726,201.0,0,0.0,0,0.0,0.0,630,224.0,6,0,1.0,456.0,167.0,0,18,0.2,337.0,119.0,0.0,1.5,0.0,2583,0,2137,4,0.2,-0.3,0.12,0.49,0.61,3.21,0.1,0.39,0.49,2.56,21.8,442.0,165.0,34.9,368.0,130.0,9.0,412.0,153.0,6.6,437.0,158.0,,,,30,,Ezra,Mayers,Mayers,,,113,0,0,0,3,0,0,0,0,0,0,0,5,,,,0.0,0.0,2.39,0.0,3.98,0,5,6
752,a,,,4.0,737,212.0,0,0.0,0,0.0,0.0,651,230.0,0,0,0.0,633.0,246.0,0,0,0.0,504.0,213.0,0.0,0.0,0.0,2152,1,1945,2,0.0,-0.5,0.0,0.0,0.0,0.0,0.0,0.0,0.0,0.0,0.0,623.0,246.0,0.0,615.0,246.0,0.0,588.0,244.0,0.0,625.0,246.0,,,,30,,Airidas,Golambeckis,Golambeckis,,,0,0,0,0,0,0,0,0,0,0,0,0,0,,,,0.0,0.0,0.0,0.0,0.0,0,0,0
36,d,75.0,75.0,4.8,353,58.0,0,0.0,3,-3.0,8.7,38,13.0,100,0,3.7,93.0,32.0,6,379,0.2,350.0,127.0,0.0,20.8,0.0,2811298,288,2098993,2438,0.2,-0.2,1.04,2.44,3.48,36.25,0.04,0.09,0.13,1.39,533.0,60.0,28.0,413.7,46.0,5.0,188.0,146.0,28.0,113.5,62.0,9.0,5.0,,,30,,Matty,Cash,Cash,Calf injury - 75% chance of playing,,2352,3,2,7,27,0,0,0,7,0,0,27,173,,,,0.0,0.27,1.03,1.03,5.74,48,102,74
37,a,100.0,100.0,4.5,408,73.0,0,0.0,0,0.0,1.5,161,62.0,74,0,3.1,173.0,66.0,4,289,0.5,305.0,107.0,0.1,16.4,0.0,312112,326,362928,63,0.5,0.0,0.54,2.3,2.84,20.64,0.04,0.15,0.19,1.35,279.6,204.0,80.0,308.9,92.0,20.0,108.0,230.0,60.0,69.5,174.0,59.0,,2.0,,30,,Lucas,Digne,Digne,,,1378,0,4,6,14,0,0,0,3,0,0,16,103,,,,0.0,0.39,0.91,1.04,5.16,26,53,53
38,a,100.0,100.0,4.4,525,104.0,0,0.0,-1,1.0,8.0,47,16.0,88,0,3.1,169.0,63.0,3,433,2.0,157.0,59.0,0.5,20.0,0.0,737493,2510,2033254,230,2.0,1.5,1.01,0.53,1.54,40.76,0.04,0.02,0.06,1.47,499.6,71.0,31.0,87.7,282.0,88.0,104.0,238.0,64.0,69.6,173.0,58.0,,,,30,,Ezri,Konsa Ngoyo,Konsa,,,2495,0,1,8,33,0,0,0,0,1,0,28,194,,,,0.0,0.29,1.19,1.01,6.02,20,147,88
39,a,,,4.2,635,147.0,0,0.0,-3,3.0,0.6,229,87.0,39,0,1.7,382.0,142.0,0,199,0.8,266.0,94.0,0.2,9.3,0.0,82839,70,109753,47,0.8,0.3,1.05,1.84,2.89,21.86,0.08,0.13,0.21,1.58,258.2,220.0,87.0,299.0,97.0,22.0,186.0,151.0,30.0,74.5,150.0,50.0,,,,30,,Ian,Maatsen,Maatsen,,,1243,0,0,2,20,0,0,0,2,0,0,13,113,,,,0.0,0.14,1.45,0.94,7.31,36,65,73
40,a,100.0,100.0,4.3,577,125.0,0,0.0,-2,2.0,0.7,222,84.0,41,0,3.4,132.0,46.0,4,148,0.5,301.0,104.0,0.1,9.5,0.0,153961,73,202534,42,0.5,0.0,0.65,0.36,1.01,16.42,0.07,0.04,0.11,1.69,198.6,267.0,108.0,69.7,307.0,102.0,55.0,314.0,97.0,32.4,324.0,109.0,,,,30,,Tyrone,Mings,Mings,,,872,0,1,3,12,0,0,0,0,0,0,10,85,,,,0.0,0.31,1.24,1.03,7.12,4,65,25
41,a,100.0,100.0,4.3,586,131.0,0,0.0,-2,2.0,0.3,317,116.0,50,0,3.1,168.0,62.0,2,225,0.2,340.0,122.0,0.0,11.6,0.0,71023,15,97139,18,0.2,-0.3,0.63,0.34,0.97,17.98,0.04,0.02,0.06,1.25,251.8,226.0,88.0,37.8,360.0,127.0,55.0,315.0,98.0,34.7,314.0,107.0,,,,30,,Pau,Torres,Pau,,,1296,0,1,4,15,1,0,0,0,0,0,14,121,,,,0.0,0.28,1.04,0.97,6.53,18,76,66
42,a,100.0,100.0,3.9,782,230.0,0,0.0,-1,1.0,0.2,372,138.0,2,0,0.7,512.0,176.0,0,0,0.2,333.0,115.0,0.1,0.5,0.0,28705,7,41064,12,0.2,-0.3,0.0,0.01,0.01,1.52,0.0,0.03,0.03,4.15,0.8,500.0,177.0,1.6,459.0,168.0,0.0,521.0,204.0,0.2,502.0,177.0,,,,30,,Andrés,García,A.García,,,33,0,0,0,2,0,0,0,0,0,0,0,0,,,,0.0,0.0,5.45,0.0,0.0,0,0,2
43,u,0.0,0.0,4.0,663,161.0,0,0.0,0,0.0,1.6,155,61.0,0,0,0.0,577.0,210.0,0,0,0.0,441.0,172.0,0.0,0.0,0.0,44476,0,888093,19,0.0,0.0,0.0,0.0,0.0,0.0,0.0,0.0,0.0,0.0,0.0,567.0,210.0,0.0,556.0,210.0,0.0,527.0,206.0,0.0,569.0,210.0,,,,30,,Álex,Moreno Lopera,Alex Moreno,Has joined Girona permanently.,,0,0,0,0,0,0,0,0,0,0,0,0,0,,,,0.0,0.0,0.0,0.0,0.0,0,0,0
44,a,100.0,100.0,4.0,704,183.0,0,0.0,0,0.0,0.5,246,94.0,33,0,1.4,418.0,150.0,4,105,0.2,336.0,118.0,0.0,8.2,0.0,107783,24,91691,36,0.2,-0.3,0.0,0.16,0.16,10.89,0.0,0.02,0.02,1.39,94.8,366.0,140.0,46.8,348.0,120.0,10.0,405.0,149.0,15.1,389.0,140.0,,,,30,,Lamare,Bogarde,Bogarde,,,707,0,0,2,10,0,0,0,5,0,0,7,49,,,,0.0,0.25,1.27,0.89,5.09,17,23,26
758,a,,,4.5,504,312.0,0,0.0,0,0.0,0.0,738,311.0,6,1,0.9,506.0,237.0,0,22,0.8,272.0,122.0,0.2,1.3,0.0,1869,1,1169,0,0.8,0.3,0.03,0.03,0.06,0.97,0.11,0.11,0.22,3.49,10.4,460.0,205.0,12.0,414.0,203.0,4.0,433.0,213.0,2.4,465.0,210.0,,,,30,,Mohamadou,Kanté,Mohamadou Kanté,,,25,0,0,0,0,0,0,0,1,0,0,0,11,,,,0.0,0.0,0.0,0.0,39.6,4,1,6
45,u,0.0,0.0,3.8,800,247.0,0,0.0,-2,2.0,0.3,336,123.0,0,0,0.0,529.0,191.0,0,0,0.0,388.0,148.0,0.0,0.0,0.0,22076,0,37966,20,0.0,0.0,0.0,0.0,0.0,0.0,0.0,0.0,0.0,0.0,0.0,519.0,191.0,0.0,504.0,190.0,0.0,473.0,184.0,0.0,521.0,191.0,,,,30,,Lino,da Cruz Sousa,Sousa,has joined Rotherham on loan for the rest of the season.,,0,0,0,0,0,0,0,0,0,0,0,0,0,,,,0.0,0.0,0.0,0.0,0.0,0,0,0
46,u,0.0,0.0,4.0,720,196.0,0,0.0,0,0.0,0.1,463,170.0,0,0,0.0,621.0,235.0,0,0,0.0,490.0,200.0,0.0,0.0,0.0,4656,0,21008,2,0.0,0.0,0.0,0.0,0.0,0.0,0.0,0.0,0.0,0.0,0.0,611.0,235.0,0.0,603.0,235.0,0.0,575.0,232.0,0.0,613.0,235.0,,,,30,,Yasin,Özcan,Yasin,has joined Anderlecht on loan for the rest of the season.,,0,0,0,0,0,0,0,0,0,0,0,0,0,,,,0.0,0.0,0.0,0.0,0.0,0,0,0
47,a,100.0,100.0,7.5,22,14.0,0,0.0,5,-5.0,24.4,14,4.0,130,0,4.5,36.0,16.0,13,456,1.2,236.0,104.0,0.2,17.3,0.0,5951789,5481,4002834,2268,1.2,0.7,5.27,3.14,8.41,41.59,0.18,0.11,0.29,1.45,592.6,40.0,11.0,527.6,26.0,25.0,710.0,10.0,4.0,182.9,11.0,8.0,,1.0,,30,,Morgan,Rogers,Rogers,,,2587,8,5,8,34,0,0,0,6,0,0,29,178,,,,0.0,0.28,1.18,1.01,6.19,30,41,107
48,i,0.0,0.0,5.9,93,59.0,0,0.0,-1,1.0,0.6,227,80.0,52,0,3.1,181.0,78.0,3,289,0.0,792.0,350.0,0.0,8.8,0.0,158257,6,348874,33,0.0,0.0,0.97,2.53,3.5,23.03,0.07,0.18,0.25,1.6,317.2,180.0,72.0,401.3,53.0,44.0,147.0,193.0,108.0,86.6,117.0,66.0,3.0,,,30,,Youri,Tielemans,Tielemans,Ankle injury - Expected back 11 Apr,,1295,0,4,4,17,0,0,0,0,0,0,15,138,,,,0.0,0.28,1.18,1.04,9.59,38,33,67
49,a,100.0,100.0,5.5,142,88.0,0,0.0,0,0.0,0.1,475,165.0,11,0,1.6,400.0,174.0,0,39,1.8,185.0,78.0,0.3,2.0,0.0,7525,55,50540,3,1.8,1.3,0.27,0.87,1.14,4.44,0.09,0.28,0.37,1.42,50.8,411.0,180.0,109.7,251.0,156.0,43.0,336.0,175.0,20.4,370.0,176.0,2.0,,,30,,Leon,Bailey,Bailey,,,282,0,1,0,6,0,0,0,1,0,0,2,28,,,,0.0,0.0,1.91,0.64,8.94,5,3,20
50,a,100.0,100.0,5.3,188,116.0,0,0.0,-2,2.0,0.4,270,93.0,79,0,2.9,206.0,84.0,8,276,1.0,250.0,112.0,0.2,14.9,0.0,223600,119,195740,49,1.0,0.5,2.71,1.68,4.39,21.48,0.18,0.11,0.29,1.43,331.6,167.0,64.0,303.5,94.0,71.0,304.0,78.0,47.0,92.6,98.0,59.0,,6.0,2.0,30,,Emiliano,Buendía Stati,Buendía,,,1355,5,2,3,16,0,0,0,5,0,0,17,145,,,,0.0,0.2,1.06,1.13,9.63,35,24,86
51,u,0.0,0.0,5.5,150,94.0,0,0.0,0,0.0,0.0,685,279.0,0,0,0.0,808.0,360.0,0,0,0.0,787.0,347.0,0.0,0.0,0.0,1383,0,3791,0,0.0,0.0,0.0,0.0,0.0,0.0,0.0,0.0,0.0,0.0,0.0,807.0,359.0,0.0,806.0,359.0,0.0,804.0,358.0,0.0,807.0,359.0,,,,30,,Samuel,Iling-Junior,Iling Jr,has joined Pisa on loan for the rest of the season.,,0,0,0,0,0,0,0,0,0,0,0,0,0,,,,0.0,0.0,0.0,0.0,0.0,0,0,0
53,u,0.0,0.0,5.1,228,140.0,0,0.0,-4,4.0,0.4,275,96.0,55,0,2.6,257.0,109.0,3,161,0.0,755.0,323.0,0.0,10.8,0.0,172896,0,339286,19,0.0,0.0,4.03,0.35,4.38,10.59,0.57,0.05,0.62,1.49,183.4,276.0,116.0,99.7,264.0,162.0,290.0,84.0,53.0,56.3,225.0,110.0,,,,30,,Donyell,Malen,Malen,has joined Roma on loan for the rest of the season.,,640,4,2,1,10,0,0,0,0,0,0,5,16,,,,0.0,0.14,1.41,0.7,2.25,4,2,10
54,a,100.0,100.0,5.3,184,113.0,0,0.0,-2,2.0,0.5,262,91.0,71,0,3.2,161.0,72.0,4,289,0.0,767.0,331.0,0.0,13.4,0.0,208927,83,244552,16,0.0,-0.5,2.52,1.96,4.48,26.58,0.14,0.11,0.25,1.5,308.2,185.0,76.0,385.2,60.0,49.0,193.0,141.0,80.0,88.8,109.0,64.0,,,,30,,John,McGinn,McGinn,,,1591,3,2,7,21,0,0,0,3,0,0,21,126,,,,0.0,0.4,1.19,1.19,7.13,27,29,70
55,a,100.0,100.0,4.8,349,219.0,0,0.0,-2,2.0,0.0,607,232.0,20,0,1.7,387.0,166.0,0,88,0.8,279.0,125.0,0.2,4.2,0.0,5704,7,12314,3,0.8,0.3,0.58,0.69,1.27,5.07,0.21,0.26,0.47,1.88,82.8,377.0,169.0,87.9,280.0,166.0,65.0,297.0,160.0,23.5,357.0,173.0,,,,30,,Ross,Barkley,Barkley,,,243,1,1,0,3,0,0,0,0,0,0,0,28,,,,0.0,0.0,1.11,0.0,10.37,5,8,15
56,u,0.0,0.0,5.0,270,164.0,0,0.0,0,0.0,0.0,820,368.0,0,0,0.0,790.0,347.0,0,0,0.0,746.0,317.0,0.0,0.0,0.0,0,0,35,0,0.0,0.0,0.0,0.0,0.0,0.0,0.0,0.0,0.0,0.0,0.0,789.0,346.0,0.0,787.0,346.0,0.0,783.0,344.0,0.0,789.0,346.0,,,,30,,Enzo,Barrenechea,Barrenechea,Season-long loan to Benfica,,0,0,0,0,0,0,0,0,0,0,0,0,0,,,,0.0,0.0,0.0,0.0,0.0,0,0,0
57,u,0.0,0.0,5.0,262,160.0,0,0.0,0,0.0,0.0,667,268.0,0,0,0.0,786.0,344.0,0,0,0.0,742.0,314.0,0.0,0.0,0.0,889,0,5439,0,0.0,0.0,0.0,0.0,0.0,0.0,0.0,0.0,0.0,0.0,0.0,785.0,343.0,0.0,782.0,343.0,0.0,779.0,341.0,0.0,785.0,343.0,,,,30,,Lewis,Dobbin,Dobbin,Has joined Preston North End on loan for the rest of the season.,,0,0,0,0,0,0,0,0,0,0,0,0,0,,,,0.0,0.0,0.0,0.0,0.0,0,0,0
58,i,0.0,0.0,4.9,313,195.0,0,0.0,-1,1.0,0.2,386,127.0,61,0,3.4,134.0,62.0,7,282,0.0,718.0,297.0,0.0,12.4,0.0,111390,1,119388,19,0.0,0.0,0.53,0.84,1.36,20.8,0.03,0.05,0.08,1.33,325.0,177.0,70.0,241.3,134.0,93.0,75.0,287.0,156.0,64.2,197.0,99.0,,,,30,,Boubacar,Kamara,Kamara,Knee injury - Expected back 01 Jun,,1410,1,3,5,15,0,0,0,5,0,0,17,149,,,,0.0,0.32,0.96,1.09,9.51,38,46,65
59,a,100.0,100.0,4.8,367,229.0,0,0.0,-2,2.0,0.7,219,75.0,64,0,3.2,155.0,68.0,3,285,1.5,202.0,85.0,0.3,13.3,0.0,160836,71,276957,50,1.5,1.0,1.06,0.29,1.35,23.48,0.07,0.02,0.09,1.53,326.8,172.0,68.0,86.0,286.0,168.0,125.0,218.0,122.0,53.7,235.0,117.0,,,,30,,Amadou,Onana,Onana,,,1378,2,0,5,19,0,0,0,2,0,0,17,171,,,,0.0,0.33,1.24,1.11,11.17,35,82,54
60,u,0.0,0.0,4.4,563,337.0,0,0.0,-1,1.0,0.3,347,116.0,0,0,0.0,684.0,267.0,0,0,0.0,590.0,205.0,0.0,0.0,0.0,38290,0,51447,13,0.0,0.0,0.0,0.0,0.0,0.0,0.0,0.0,0.0,0.0,0.0,677.0,260.0,0.0,672.0,264.0,0.0,652.0,255.0,0.0,679.0,262.0,,,,30,,Ben,Broggio,Broggio,has joined Falkirk on loan for the rest of the season.,,0,0,0,0,0,0,0,0,0,0,0,0,0,,,,0.0,0.0,0.0,0.0,0.0,0,0,0
61,u,0.0,0.0,4.5,410,250.0,0,0.0,0,0.0,0.1,534,194.0,0,0,0.0,691.0,270.0,0,0,0.0,600.0,210.0,0.0,0.0,0.0,2169,0,33700,0,0.0,0.0,0.0,0.0,0.0,0.0,0.0,0.0,0.0,0.0,0.0,685.0,264.0,0.0,679.0,267.0,0.0,660.0,259.0,0.0,687.0,266.0,,,,30,,Leander,Dendoncker,Dendoncker,Has joined Real Oviedo permanently.,,0,0,0,0,0,0,0,0,0,0,0,0,0,,,,0.0,0.0,0.0,0.0,0.0,0,0,0
62,u,0.0,0.0,4.5,470,287.0,0,0.0,0,0.0,0.1,559,205.0,1,0,1.0,478.0,215.0,0,3,0.0,644.0,244.0,0.0,0.2,0.0,8790,0,10678,5,0.0,0.0,0.0,0.0,0.0,0.61,0.0,0.0,0.0,6.86,0.2,506.0,231.0,0.3,481.0,234.0,0.0,703.0,292.0,0.1,508.0,233.0,,,,30,,Jamaldeen,Jimoh-Aloba,Jimoh-Aloba,has joined West Brom on loan for the rest of the season.,,8,0,0,0,0,0,0,0,0,0,0,0,1,,,,0.0,0.0,0.0,0.0,11.25,0,0,1
63,u,0.0,0.0,4.3,607,353.0,0,0.0,-2,2.0,0.5,252,87.0,0,0,0.0,655.0,248.0,0,0,0.0,549.0,179.0,0.0,0.0,0.0,102090,0,128712,57,0.0,0.0,0.0,0.0,0.0,0.0,0.0,0.0,0.0,0.0,0.0,645.0,238.0,0.0,641.0,243.0,0.0,618.0,232.0,0.0,647.0,240.0,,,,30,,Kadan,Young,Young,has joined Reading on loan for the rest of the season.,,0,0,0,0,0,0,0,0,0,0,0,0,0,,,,0.0,0.0,0.0,0.0,0.0,0,0,0
64,a,100.0,100.0,8.5,11,5.0,0,0.0,-5,5.0,7.8,48,7.0,100,0,3.6,113.0,9.0,11,352,1.2,237.0,29.0,0.1,11.8,0.0,2222915,2639,4324921,396,1.2,0.7,10.0,1.01,11.01,34.9,0.42,0.04,0.46,1.47,387.6,130.0,11.0,226.6,144.0,10.0,778.0,5.0,4.0,138.6,30.0,6.0,,,3.0,30,,Ollie,Watkins,Watkins,,,2144,8,2,8,29,0,0,0,2,0,0,25,74,,,,0.0,0.34,1.22,1.05,3.11,18,16,40
65,u,0.0,0.0,4.5,480,68.0,0,0.0,0,0.0,0.3,328,54.0,0,0,0.0,732.0,78.0,0,0,0.0,653.0,66.0,0.0,0.0,0.0,17574,0,85050,2,0.0,0.0,0.0,0.0,0.0,0.0,0.0,0.0,0.0,0.0,0.0,729.0,78.0,0.0,724.0,77.0,0.0,711.0,77.0,0.0,730.0,78.0,,,,30,,Zépiqueno,Redmond,Redmond,has joined Huddersfield Town on loan for the rest of the season.,,0,0,0,0,0,0,0,0,0,0,0,0,0,,,,0.0,0.0,0.0,0.0,0.0,0,0,0
389,a,100.0,100.0,5.1,236,144.0,0,0.0,-4,4.0,0.2,400,135.0,5,0,1.0,498.0,231.0,0,17,0.0,757.0,325.0,0.0,1.0,0.0,94146,6,103486,5,0.0,-0.5,0.29,0.08,0.37,1.74,0.24,0.07,0.31,1.42,11.8,456.0,204.0,31.7,375.0,191.0,31.0,358.0,185.0,7.4,433.0,194.0,,,,30,,Harvey,Elliott,Elliott,,,110,0,0,0,2,0,0,0,0,0,0,1,6,,,,0.0,0.0,1.64,0.82,4.91,0,2,4
456,a,100.0,0.0,5.8,106,69.0,0,0.0,-2,2.0,0.2,361,120.0,26,0,1.4,424.0,189.0,0,106,0.8,294.0,134.0,0.1,4.5,0.0,50395,2,52945,57,0.0,0.0,0.58,1.61,2.19,10.69,0.08,0.21,0.29,1.4,102.4,352.0,158.0,248.3,127.0,87.0,176.0,159.0,87.0,52.9,238.0,119.0,4.0,,,30,,Jadon,Sancho,Sancho,,,686,0,1,1,5,0,0,0,0,0,0,7,36,,,,0.0,0.13,0.66,0.92,4.72,6,11,19
699,a,100.0,100.0,4.9,315,196.0,0,0.0,-1,1.0,0.1,478,167.0,28,0,2.0,332.0,144.0,0,179,2.5,122.0,52.0,0.5,5.7,0.0,27470,74,20640,22,2.5,2.0,0.5,1.36,1.86,10.79,0.06,0.16,0.22,1.26,162.6,297.0,132.0,262.2,118.0,81.0,83.0,270.0,148.0,50.7,252.0,128.0,1.0,,,30,,Douglas Luiz,Soares de Paulo,Douglas Luiz,,,770,1,1,1,13,0,0,0,2,0,0,11,89,,,,0.0,0.12,1.52,1.29,10.4,20,21,48
701,u,0.0,0.0,4.0,716,192.0,0,0.0,0,0.0,0.1,537,190.0,0,0,0.0,618.0,232.0,0,0,0.0,486.0,196.0,0.0,0.0,0.0,8943,0,10740,0,0.0,0.0,0.0,0.0,0.0,0.0,0.0,0.0,0.0,0.0,0.0,608.0,232.0,0.0,600.0,232.0,0.0,572.0,229.0,0.0,610.0,232.0,,,,30,,Triston,Rowe,Rowe,has joined Annecy on loan for the rest of the season.,,0,0,0,0,0,0,0,0,0,0,0,0,0,,,,0.0,0.0,0.0,0.0,0.0,0,0,0
702,a,,,4.4,570,341.0,0,0.0,-1,1.0,0.1,533,193.0,1,0,1.0,473.0,211.0,0,3,0.0,596.0,208.0,0.0,0.2,0.0,9966,5,9044,6,0.0,-0.5,0.0,0.0,0.0,0.9,0.0,0.0,0.0,5.06,0.0,681.0,262.0,0.3,480.0,233.0,0.0,656.0,257.0,0.0,683.0,264.0,,,,30,,Bradley,Burrowes,Burrowes,,,16,0,0,0,1,0,0,0,0,0,0,0,1,,,,0.0,0.0,5.62,0.0,5.62,0,0,1
703,a,,,3.9,777,91.0,0,0.0,-1,1.0,0.6,225,30.0,0,0,0.0,568.0,60.0,0,0,0.0,432.0,51.0,0.0,0.0,0.0,93523,34,43876,85,0.0,-0.5,0.0,0.0,0.0,0.0,0.0,0.0,0.0,0.0,0.0,558.0,60.0,0.0,546.0,44.0,0.0,516.0,31.0,0.0,560.0,60.0,,,,30,,Sam,Proctor,Proctor,,,0,0,0,0,0,0,0,0,0,0,0,0,0,,,,0.0,0.0,0.0,0.0,0.0,0,0,0
710,a,,,3.9,774,226.0,0,0.0,-1,1.0,0.2,376,139.0,0,0,0.0,565.0,205.0,0,0,0.0,429.0,167.0,0.0,0.0,0.0,33352,1,23095,11,0.0,-0.5,0.0,0.0,0.0,0.0,0.0,0.0,0.0,0.0,0.0,555.0,205.0,0.0,543.0,205.0,0.0,513.0,200.0,0.0,557.0,205.0,,,,30,,Travis,Patterson,Patterson,,,0,0,0,0,0,0,0,0,0,0,0,0,0,,,,0.0,0.0,0.0,0.0,0.0,0,0,0
719,a,100.0,100.0,4.5,415,77.0,0,0.0,0,0.0,0.1,486,172.0,22,0,1.8,371.0,139.0,0,94,0.0,603.0,239.0,0.0,4.9,0.0,20932,11,14633,9,0.0,-0.5,0.03,0.07,0.1,10.75,0.0,0.01,0.01,1.69,123.8,331.0,127.0,27.5,381.0,136.0,8.0,416.0,156.0,16.0,386.0,138.0,,,,30,,Victor,Lindelöf,Lindelöf,,,572,0,1,1,9,0,0,0,0,0,0,6,36,,,,0.0,0.16,1.42,0.94,5.66,4,32,13
754,a,,,4.5,481,294.0,0,0.0,0,0.0,0.0,753,320.0,2,0,1.0,482.0,218.0,0,5,0.0,654.0,251.0,0.0,0.4,0.0,1146,3,717,1,0.0,-0.5,0.04,0.01,0.05,0.61,0.14,0.04,0.18,2.2,0.0,730.0,301.0,1.7,458.0,220.0,2.0,450.0,220.0,0.3,498.0,229.0,,,,30,,George,Hemmings,George Hemmings,,,25,0,0,0,0,0,0,0,0,0,0,0,1,,,,0.0,0.0,0.0,0.0,3.6,0,0,1
757,a,,,4.0,706,62.0,0,0.0,0,0.0,0.0,711,83.0,0,0,0.0,609.0,81.0,0,0,0.0,476.0,74.0,0.0,0.0,0.0,1296,1,879,3,0.0,-0.5,0.0,0.0,0.0,0.0,0.0,0.0,0.0,0.0,0.0,599.0,81.0,0.0,591.0,69.0,0.0,562.0,56.0,0.0,601.0,81.0,,,,30,,Ronnie,Hollingshead,Hollingshead,,,0,0,0,0,0,0,0,0,0,0,0,0,0,,,,0.0,0.0,0.0,0.0,0.0,0,0,0
768,a,,,4.0,738,213.0,0,0.0,0,0.0,0.0,704,247.0,0,0,0.0,634.0,247.0,0,0,0.0,505.0,214.0,0.0,0.0,0.0,687,3,609,4,0.0,-0.5,0.0,0.0,0.0,0.0,0.0,0.0,0.0,0.0,0.0,624.0,247.0,0.0,616.0,247.0,0.0,589.0,245.0,0.0,626.0,247.0,,,,30,,Leon,Routh,Leon Routh,,,0,0,0,0,0,0,0,0,0,0,0,0,0,,,,0.0,0.0,0.0,0.0,0.0,0,0,0
781,a,,,4.0,732,207.0,0,0.0,0,0.0,0.0,722,251.0,0,0,0.0,630.0,243.0,0,0,0.0,499.0,208.0,0.0,0.0,0.0,733,0,464,2,0.0,-0.5,0.0,0.0,0.0,0.0,0.0,0.0,0.0,0.0,0.0,620.0,243.0,0.0,612.0,243.0,0.0,584.0,240.0,0.0,622.0,243.0,,,,30,,TJ,Carroll,Carroll,,,0,0,0,0,0,0,0,0,0,0,0,0,0,,,,0.0,0.0,0.0,0.0,0.0,0,0,0
792,a,100.0,100.0,5.0,284,176.0,0,0.0,0,0.0,0.0,799,353.0,3,0,1.0,494.0,227.0,0,11,0.5,315.0,142.0,0.1,0.6,0.0,274,4,173,1,0.5,0.0,0.05,0.05,0.1,1.87,0.1,0.1,0.2,3.58,3.2,483.0,221.0,3.5,449.0,216.0,10.0,411.0,202.0,1.5,477.0,219.0,,,,30,,Alysson Edward Franco,da Rocha dos Santos,Alysson,,,47,0,0,0,2,0,0,0,0,0,0,0,4,,,,0.0,0.0,3.83,0.0,7.66,0,1,3
808,a,,,6.0,87,27.0,0,0.0,0,0.0,0.3,341,55.0,13,0,2.2,315.0,33.0,2,46,2.2,148.0,19.0,0.4,2.2,0.0,81781,121,51748,106,2.2,1.7,1.24,0.1,1.34,1.97,0.68,0.06,0.74,1.09,45.8,415.0,47.0,37.3,362.0,45.0,89.0,262.0,46.0,17.3,384.0,47.0,,,,30,,Tammy,Abraham,Abraham,,,163,1,0,0,2,0,0,0,0,0,0,1,6,,,,0.0,0.0,1.1,0.55,3.31,2,1,3
183,a,,,4.3,605,30.0,0,0.0,-2,2.0,0.1,444,67.0,0,0,0.0,654.0,90.0,0,0,0.0,547.0,86.0,0.0,0.0,0.0,7810,7,17360,9,-0.5,-0.5,0.0,0.0,0.0,0.0,0.0,0.0,0.0,0.0,0.0,644.0,90.0,0.0,640.0,82.0,0.0,617.0,71.0,0.0,646.0,90.0,,,,30,,Max,Weiß,Weiss,,,0,0,0,0,0,0,0,0,0,0,0,0,0,,,,0.0,0.0,0.0,0.0,0.0,0,0,0
184,u,0.0,0.0,4.0,691,57.0,0,0.0,0,0.0,0.2,404,60.0,0,0,0.0,599.0,77.0,0,0,0.0,465.0,70.0,0.0,0.0,0.0,4943,0,34023,7,0.0,0.0,0.0,0.0,0.0,0.0,0.0,0.0,0.0,0.0,0.0,589.0,77.0,0.0,580.0,64.0,0.0,551.0,51.0,0.0,591.0,77.0,,,,30,,Etienne,Green,Green,has joined FC Fredericia permanently.,,0,0,0,0,0,0,0,0,0,0,0,0,0,,,,0.0,0.0,0.0,0.0,0.0,0,0,0
185,a,,,3.9,740,67.0,0,0.0,-1,1.0,0.2,403,59.0,0,0,0.0,540.0,38.0,0,0,0.0,402.0,29.0,0.0,0.0,0.0,15174,4,20527,11,-0.5,-0.5,0.0,0.0,0.0,0.0,0.0,0.0,0.0,0.0,0.0,530.0,38.0,0.0,516.0,20.0,0.0,486.0,7.0,0.0,532.0,38.0,,,,30,,Václav,Hladký,Hladký,,,0,0,0,0,0,0,0,0,0,0,0,0,0,,,,0.0,0.0,0.0,0.0,0.0,0,0,0
186,i,0.0,0.0,4.3,580,127.0,0,0.0,-2,2.0,0.0,654,232.0,0,0,0.0,646.0,251.0,0,0,0.0,533.0,229.0,0.0,0.0,0.0,1634,1,9219,1,0.0,0.0,0.0,0.0,0.0,0.0,0.0,0.0,0.0,0.0,0.0,636.0,251.0,0.0,631.0,251.0,0.0,607.0,250.0,0.0,638.0,251.0,,,,30,,Connor,Roberts,Roberts,Achilles injury - Expected back 11 Apr,,0,0,0,0,0,0,0,0,0,0,0,0,0,,,,0.0,0.0,0.0,0.0,0.0,0,0,0
187,a,100.0,100.0,4.4,518,98.0,0,0.0,-1,1.0,1.1,184,69.0,61,6,2.2,308.0,115.0,3,188,2.5,116.0,43.0,0.6,13.9,0.0,151195,100,262859,35,2.0,2.0,0.12,0.99,1.11,54.64,0.0,0.04,0.04,2.0,391.4,125.0,55.0,162.8,192.0,48.0,22.0,378.0,133.0,57.9,217.0,72.0,,,,30,,Kyle,Walker,Walker,,,2461,0,2,4,51,0,0,0,8,0,0,28,223,,,,0.0,0.15,1.87,1.02,6.22,40,130,125
188,u,0.0,0.0,3.8,791,238.0,0,0.0,-2,2.0,0.2,368,136.0,0,0,0.0,524.0,186.0,0,0,0.0,379.0,139.0,0.0,0.0,0.0,26052,0,41719,13,0.0,0.0,0.0,0.0,0.0,0.0,0.0,0.0,0.0,0.0,0.0,514.0,186.0,0.0,499.0,185.0,0.0,468.0,179.0,0.0,516.0,186.0,,,,30,,Hannes,Delcroix,Delcroix,has joined Lugano permanently.,,0,0,0,0,0,0,0,0,0,0,0,0,0,,,,0.0,0.0,0.0,0.0,0.0,0,0,0
189,u,0.0,0.0,4.0,683,172.0,0,0.0,0,0.0,0.0,726,253.0,0,0,0.0,592.0,218.0,0,0,0.0,458.0,180.0,0.0,0.0,0.0,0,0,2380,0,0.0,0.0,0.0,0.0,0.0,0.0,0.0,0.0,0.0,0.0,0.0,582.0,218.0,0.0,573.0,218.0,0.0,544.0,214.0,0.0,584.0,218.0,,,,30,,Owen,Dodgson,Dodgson,Has joined Stockport County on loan for the rest of the season.,,0,0,0,0,0,0,0,0,0,0,0,0,0,,,,0.0,0.0,0.0,0.0,0.0,0,0,0
190,a,,,3.8,797,244.0,0,0.0,-2,2.0,0.8,211,80.0,44,0,2.9,197.0,75.0,2,121,0.0,385.0,145.0,0.0,11.6,0.0,248153,17,206127,79,-0.5,-0.5,0.21,0.24,0.45,22.73,0.02,0.02,0.04,1.74,273.8,209.0,82.0,43.1,353.0,123.0,78.0,277.0,78.0,39.5,295.0,97.0,,,,30,,Hjalmar,Ekdal,Ekdal,,,1179,0,0,2,24,0,0,0,0,0,0,13,146,,,,0.0,0.15,1.83,0.99,10.08,19,113,31
191,a,100.0,100.0,3.9,765,223.0,0,0.0,-1,1.0,7.7,50,18.0,66,6,2.4,278.0,105.0,0,223,2.2,139.0,51.0,0.6,16.9,0.0,768953,232,1946690,197,1.7,1.7,0.67,0.58,1.25,53.01,0.03,0.02,0.05,2.06,540.6,56.0,26.0,89.0,277.0,85.0,84.0,268.0,74.0,71.5,158.0,52.0,,,,30,,Maxime,Estève,Estève,,,2312,0,0,3,54,2,0,0,0,0,0,27,277,,,,0.0,0.12,2.1,1.05,9.77,31,220,88
192,a,,,4.0,696,179.0,0,0.0,0,0.0,0.6,228,86.0,52,6,3.2,154.0,57.0,0,192,1.5,196.0,73.0,0.4,13.0,0.0,184664,25,180072,28,1.0,1.0,0.19,1.52,1.71,32.06,0.01,0.1,0.11,2.05,305.4,187.0,75.0,228.9,141.0,37.0,57.0,312.0,95.0,59.2,210.0,71.0,,,,30,,Quilindschy,Hartman,Hartman,,,1410,0,5,3,28,0,0,0,1,0,0,16,130,,,,0.0,0.19,1.79,1.02,7.02,33,77,51
193,a,100.0,100.0,3.9,761,221.0,0,0.0,-1,1.0,0.1,430,160.0,39,6,2.8,214.0,82.0,1,166,2.2,138.0,50.0,0.6,10.0,0.0,20215,20,15143,13,1.7,1.7,0.32,0.62,0.94,24.67,0.03,0.05,0.08,1.93,251.6,227.0,89.0,86.2,285.0,90.0,46.0,326.0,105.0,38.2,300.0,99.0,,,,30,,Bashir,Humphreys,Humphreys,,,1149,0,2,2,24,0,0,0,5,0,0,12,105,,,,0.0,0.16,1.88,0.94,8.22,23,82,44
194,i,0.0,0.0,3.9,757,218.0,0,0.0,-1,1.0,0.1,560,201.0,0,0,0.0,552.0,200.0,0,0,0.0,416.0,162.0,0.0,0.0,0.0,1958,1,15514,0,0.0,0.0,0.0,0.0,0.0,0.0,0.0,0.0,0.0,0.0,0.0,542.0,200.0,0.0,529.0,200.0,0.0,499.0,195.0,0.0,544.0,200.0,,,,30,,Jordan,Beyer,Jordan,Hamstring injury - Unknown return date,,0,0,0,0,0,0,0,0,0,0,0,0,0,,,,0.0,0.0,0.0,0.0,0.0,0,0,0
195,a,100.0,100.0,3.8,808,255.0,0,0.0,-2,2.0,0.3,320,117.0,19,1,1.3,426.0,153.0,0,98,0.8,263.0,92.0,0.2,5.0,0.0,47913,9,37072,29,0.3,0.3,0.33,1.2,1.53,23.09,0.03,0.1,0.13,1.89,181.0,281.0,111.0,231.4,139.0,35.0,60.0,309.0,92.0,47.1,263.0,84.0,3.0,,,30,,Lucas,Pires Silva,Lucas Pires,,,1102,0,0,1,25,0,0,0,0,1,0,12,73,,,,0.0,0.08,2.04,0.98,5.96,24,49,69
196,u,0.0,0.0,4.0,681,170.0,0,0.0,0,0.0,0.0,616,218.0,0,0,0.0,591.0,217.0,0,0,0.0,457.0,179.0,0.0,0.0,0.0,202,0,9675,1,0.0,0.0,0.0,0.0,0.0,0.0,0.0,0.0,0.0,0.0,0.0,581.0,217.0,0.0,572.0,217.0,0.0,543.0,213.0,0.0,583.0,217.0,,,,30,,Shurandy,Sambo,Sambo,has joined Sparta Rotterdam on loan for the rest of the season.,,0,0,0,0,0,0,0,0,0,0,0,0,0,,,,0.0,0.0,0.0,0.0,0.0,0,0,0
720,a,,,5.4,173,42.0,0,0.0,-1,1.0,0.1,413,62.0,54,0,2.1,325.0,35.0,4,173,1.4,215.0,28.0,0.3,10.0,0.0,63281,11,47506,80,0.0,0.9,4.04,0.34,4.38,20.22,0.3,0.03,0.33,1.5,188.8,272.0,26.0,160.8,194.0,20.0,434.0,35.0,16.0,77.6,145.0,20.0,,,5.0,30,,Tolu,Arokodare,Tolu,,,1215,2,2,3,25,0,0,1,1,0,0,12,68,,,,0.0,0.22,1.85,0.89,5.04,6,39,23
197,u,0.0,0.0,3.8,803,250.0,0,0.0,-2,2.0,0.2,377,140.0,13,0,1.9,343.0,127.0,0,20,0.0,391.0,151.0,0.0,3.4,0.0,34622,0,33639,24,0.0,0.0,0.55,0.08,0.63,3.79,0.3,0.04,0.34,2.08,44.8,417.0,156.0,18.1,398.0,146.0,30.0,360.0,120.0,9.2,423.0,153.0,,,,30,,Oliver,Sonne,Sonne,has joined Sparta Prague on loan for the rest of the season.,,164,1,0,0,4,0,0,0,0,0,0,1,10,,,,0.0,0.0,2.2,0.55,3.84,2,5,4
198,i,0.0,0.0,3.9,751,215.0,0,0.0,-1,1.0,0.9,197,76.0,27,0,2.5,262.0,99.0,0,81,0.0,412.0,161.0,0.0,6.9,0.0,137363,0,295473,46,0.0,0.0,0.61,0.11,0.72,24.88,0.06,0.01,0.07,2.41,225.2,246.0,97.0,9.8,429.0,154.0,52.0,321.0,102.0,28.9,342.0,116.0,,,,30,,Axel,Tuanzebe,Tuanzebe,Achilles injury - Expected back 11 Apr,,931,1,0,1,22,1,0,0,1,0,0,11,106,,,,0.0,0.1,2.13,1.06,9.38,12,85,29
199,a,100.0,100.0,3.8,787,234.0,0,0.0,-2,2.0,0.2,363,133.0,20,1,1.8,363.0,134.0,0,40,2.5,114.0,42.0,0.7,5.3,0.0,29014,50,24424,28,2.0,2.0,0.08,0.02,0.1,11.9,0.01,0.0,0.01,2.16,138.8,319.0,123.0,1.5,460.0,169.0,17.0,388.0,139.0,15.9,387.0,139.0,,,,30,,Joe,Worrall,Worrall,,,496,0,0,0,11,0,0,0,0,0,0,5,76,,,,0.0,0.0,2.0,0.91,13.61,4,71,10
200,a,100.0,100.0,5.0,261,159.0,0,0.0,-5,5.0,2.0,140,48.0,103,3,3.6,109.0,50.0,6,399,4.8,31.0,12.0,1.0,20.6,0.0,1248802,319,1096666,130,4.3,4.3,3.87,2.23,6.1,44.74,0.17,0.1,0.27,2.0,453.4,84.0,29.0,386.4,59.0,48.0,416.0,43.0,26.0,125.5,39.0,29.0,2.0,,,30,,Jaidon,Anthony,Anthony,,,2018,7,3,4,43,0,0,0,4,0,0,24,190,,,,0.0,0.18,1.92,1.07,8.47,35,41,114
201,u,0.0,0.0,5.4,160,99.0,0,0.0,-1,1.0,0.0,713,294.0,0,0,0.0,799.0,353.0,0,0,0.0,773.0,336.0,0.0,0.0,0.0,1070,0,3147,0,0.0,0.0,0.0,0.0,0.0,0.0,0.0,0.0,0.0,0.0,0.0,798.0,352.0,0.0,797.0,352.0,0.0,795.0,351.0,0.0,798.0,352.0,,,,30,,Manuel,Benson Hedilazio,Benson,has joined Maccabi Haifa permanently.,,0,0,0,0,0,0,0,0,0,0,0,0,0,,,,0.0,0.0,0.0,0.0,0.0,0,0,0
202,a,100.0,100.0,5.3,187,115.0,0,0.0,-2,2.0,0.0,625,243.0,36,0,1.6,399.0,173.0,0,107,0.5,318.0,144.0,0.1,6.8,0.0,6057,2,8675,2,0.0,0.0,1.35,1.06,2.41,22.64,0.13,0.1,0.23,2.12,114.4,346.0,154.0,189.7,175.0,119.0,128.0,215.0,120.0,43.2,279.0,140.0,,2.0,3.0,30,,Jacob,Bruun Larsen,Bruun Larsen,,,961,0,1,3,26,0,0,0,0,0,0,10,61,,,,0.0,0.28,2.43,0.94,5.71,12,20,29
204,u,0.0,0.0,4.9,319,199.0,0,0.0,-1,1.0,0.0,728,302.0,0,0,0.0,772.0,333.0,0,0,0.0,721.0,300.0,0.0,0.0,0.0,160,0,2085,0,0.0,0.0,0.0,0.0,0.0,0.0,0.0,0.0,0.0,0.0,0.0,771.0,332.0,0.0,767.0,332.0,0.0,763.0,330.0,0.0,771.0,332.0,,,,30,,Darko,Churlinov,Churlinov,has joined Kocaelispor  permanently.,,0,0,0,0,0,0,0,0,0,0,0,0,0,,,,0.0,0.0,0.0,0.0,0.0,0,0,0
205,i,0.0,0.0,4.9,298,185.0,0,0.0,-1,1.0,0.8,205,72.0,70,0,3.9,73.0,33.0,8,321,0.0,711.0,293.0,0.0,14.3,0.0,568584,0,540643,41,0.0,0.0,0.94,1.36,2.3,32.5,0.06,0.08,0.14,1.93,342.0,158.0,57.0,218.1,150.0,101.0,98.0,246.0,136.0,66.0,190.0,97.0,,,,30,,Josh,Cullen,Cullen,Knee injury - Expected back 30 Sep,,1513,2,2,3,29,1,0,0,2,0,0,18,173,,,,0.0,0.18,1.73,1.07,10.29,32,68,73
206,a,100.0,75.0,4.7,381,238.0,0,0.0,-3,3.0,0.1,462,156.0,44,1,2.4,284.0,121.0,2,159,0.8,277.0,123.0,0.2,9.4,0.0,25706,0,25436,38,0.3,0.2,1.46,1.65,3.11,19.35,0.15,0.17,0.32,1.95,162.8,296.0,131.0,243.6,130.0,89.0,190.0,144.0,81.0,59.5,209.0,104.0,,3.0,,30,,Marcus,Edwards,Edwards,,,891,1,3,1,15,0,0,0,0,0,0,9,55,,,,0.0,0.1,1.52,0.91,5.56,8,6,41
207,a,100.0,100.0,4.7,390,242.0,0,0.0,-3,3.0,0.2,375,124.0,51,2,2.3,297.0,131.0,4,214,3.8,63.0,28.0,0.8,10.9,0.0,28860,32,26050,31,3.3,3.3,0.55,1.33,1.88,23.8,0.05,0.12,0.17,2.22,191.4,270.0,113.0,209.4,160.0,109.0,85.0,266.0,146.0,48.6,259.0,132.0,4.0,,,30,,Hannibal,Mejbri,Hannibal,,,964,1,4,2,22,0,0,0,7,0,0,11,93,,,,0.0,0.19,2.05,1.03,8.68,25,13,55
208,u,0.0,0.0,5.0,269,163.0,0,0.0,0,0.0,0.0,739,312.0,0,0,0.0,789.0,346.0,0,0,0.0,745.0,316.0,0.0,0.0,0.0,68,0,3029,0,0.0,0.0,0.0,0.0,0.0,0.0,0.0,0.0,0.0,0.0,0.0,788.0,345.0,0.0,786.0,345.0,0.0,782.0,343.0,0.0,788.0,345.0,,,,30,,Luca,Koleosho,Koleosho,has joined Paris FC on loan for the rest of the season.,,0,0,0,0,0,0,0,0,0,0,0,0,0,,,,0.0,0.0,0.0,0.0,0.0,0,0,0
209,a,,,4.8,350,220.0,0,0.0,-2,2.0,0.0,615,238.0,51,3,1.9,348.0,150.0,1,224,1.5,201.0,84.0,0.3,10.6,0.0,6060,3,6580,3,1.0,1.0,0.6,0.44,1.04,33.5,0.04,0.03,0.07,2.03,262.4,217.0,93.0,164.2,190.0,126.0,92.0,255.0,138.0,52.0,243.0,123.0,,,,30,,Josh,Laurent,Laurent,,,1486,1,0,2,34,0,0,0,6,0,0,15,159,,,,0.0,0.12,2.06,0.91,9.63,39,69,51
210,a,,,4.9,332,207.0,0,0.0,-1,1.0,0.0,629,245.0,38,0,1.7,388.0,167.0,0,128,0.8,283.0,128.0,0.2,7.8,0.0,4852,1,5990,0,0.3,0.3,0.86,0.68,1.54,15.42,0.09,0.07,0.16,1.65,99.4,359.0,161.0,109.3,252.0,157.0,101.0,243.0,134.0,31.1,330.0,160.0,,4.0,,30,,Loum,Tchaouna,Tchaouna,,,843,1,1,2,14,0,0,0,1,0,0,9,48,,,,0.0,0.21,1.49,0.96,5.12,14,11,23
219,u,0.0,0.0,4.4,527,76.0,0,0.0,-1,1.0,0.1,466,67.0,0,0,0.0,668.0,68.0,0,0,0.0,566.0,56.0,0.0,0.0,0.0,4151,0,40634,3,0.0,0.0,0.0,0.0,0.0,0.0,0.0,0.0,0.0,0.0,0.0,658.0,68.0,0.0,654.0,67.0,0.0,632.0,67.0,0.0,660.0,68.0,,,,30,,Michael,Obafemi,Obafemi,has joined Blackpool on loan for the rest of the season.,,0,0,0,0,0,0,0,0,0,0,0,0,0,,,,0.0,0.0,0.0,0.0,0.0,0,0,0
470,a,100.0,100.0,4.0,661,41.0,0,0.0,0,0.0,32.1,11,2.0,86,6,2.9,198.0,20.0,7,382,2.5,115.0,11.0,0.6,21.5,0.0,1718373,775,1467334,668,2.0,2.0,0.0,0.04,0.04,60.14,0.0,0.0,0.0,2.0,808.4,5.0,1.0,0.0,554.0,48.0,0.0,525.0,35.0,81.0,136.0,1.0,,,,30,,Martin,Dúbravka,Dúbravka,,,2700,0,0,4,58,0,0,0,1,0,108,30,96,,,,3.6,0.13,1.93,1.0,0.0,1,54,238
614,a,100.0,100.0,5.6,123,77.0,0,0.0,-4,4.0,0.2,389,129.0,24,5,2.4,291.0,128.0,0,154,3.0,95.0,40.0,0.5,4.3,0.0,18961,44,48050,12,2.5,2.5,0.13,1.2,1.33,13.25,0.02,0.17,0.19,1.83,101.2,355.0,159.0,228.2,143.0,97.0,6.0,428.0,208.0,33.5,321.0,157.0,1.0,1.0,,30,,James,Ward-Prowse,Ward-Prowse,,,651,0,1,2,15,0,0,0,0,0,0,7,51,,,,0.0,0.28,2.07,0.97,7.05,8,22,21
676,a,100.0,100.0,5.0,274,168.0,0,0.0,0,0.0,0.1,453,153.0,82,1,2.8,224.0,92.0,5,308,1.2,225.0,96.0,0.2,16.4,0.0,42530,1,38381,19,0.7,0.7,2.25,0.27,2.52,43.0,0.11,0.01,0.12,2.04,359.2,149.0,54.0,145.2,205.0,133.0,188.0,147.0,83.0,69.0,176.0,90.0,,,,30,,Lesley,Ugochukwu,Ugochukwu,,,1895,3,2,3,41,0,0,0,1,1,0,22,183,,,,0.0,0.14,1.95,1.04,8.69,46,53,84
680,a,100.0,75.0,5.2,212,49.0,0,0.0,-3,3.0,0.2,408,61.0,39,1,1.9,354.0,40.0,2,107,0.2,360.0,44.0,0.0,7.5,0.0,47624,2,59740,22,-0.2,-0.2,2.14,0.13,2.27,21.93,0.24,0.01,0.25,2.45,96.2,364.0,38.0,62.2,322.0,35.0,203.0,129.0,32.0,35.8,306.0,36.0,,,,30,,Armando,Broja,Broja,,,807,1,1,1,25,0,0,0,0,0,0,8,42,,,,0.0,0.11,2.79,0.89,4.68,6,11,25
722,a,,,5.0,252,153.0,0,0.0,0,0.0,0.0,613,236.0,66,0,2.8,223.0,91.0,0,286,0.5,312.0,139.0,0.1,13.2,0.0,14774,3,13044,5,0.0,0.0,0.55,0.39,0.94,37.28,0.03,0.02,0.05,2.03,343.4,157.0,56.0,173.2,184.0,123.0,44.0,331.0,172.0,56.3,224.0,109.0,,,,30,,Florentino Ibrain,Morris Luís,Florentino,,,1651,0,2,2,37,0,0,0,4,0,0,20,247,,,,0.0,0.11,2.02,1.09,13.46,74,88,85
776,a,,,4.5,509,314.0,0,0.0,0,0.0,0.0,790,346.0,0,0,0.0,753.0,319.0,0,0,0.0,677.0,268.0,0.0,0.0,0.0,683,1,472,2,-0.5,-0.5,0.0,0.0,0.0,0.0,0.0,0.0,0.0,0.0,0.0,752.0,318.0,0.0,746.0,318.0,0.0,733.0,314.0,0.0,752.0,318.0,,,,30,,Oliver,Pimlott,Pimlott,,,0,0,0,0,0,0,0,0,0,0,0,0,0,,,,0.0,0.0,0.0,0.0,0.0,0,0,0
784,a,,,4.5,516,320.0,0,0.0,0,0.0,0.0,801,354.0,0,0,0.0,758.0,324.0,0,0,0.0,683.0,274.0,0.0,0.0,0.0,454,1,334,2,-0.5,-0.5,0.0,0.0,0.0,0.0,0.0,0.0,0.0,0.0,0.0,757.0,323.0,0.0,751.0,323.0,0.0,739.0,320.0,0.0,757.0,323.0,,,,30,,George,Brierley,Brierley,,,0,0,0,0,0,0,0,0,0,0,0,0,0,,,,0.0,0.0,0.0,0.0,0.0,0,0,0
820,a,,,4.5,507,313.0,0,0.0,0,0.0,0.0,817,365.0,0,0,0.0,752.0,318.0,0,0,0.0,676.0,267.0,0.0,0.0,0.0,72,1,6,0,-0.5,-0.5,0.0,0.0,0.0,0.0,0.0,0.0,0.0,0.0,0.0,751.0,317.0,0.0,745.0,317.0,0.0,732.0,313.0,0.0,751.0,317.0,,,,30,,Kian,McMahon-Brown,McMahon-Brown,,,0,0,0,0,0,0,0,0,0,0,0,0,0,,,,0.0,0.0,0.0,0.0,0.0,0,0,0
66,u,0.0,0.0,4.5,406,21.0,0,0.0,0,0.0,0.1,571,78.0,0,0,0.0,690.0,92.0,0,0,0.0,599.0,89.0,0.0,0.0,0.0,0,0,16546,1,0.0,0.0,0.0,0.0,0.0,0.0,0.0,0.0,0.0,0.0,0.0,684.0,92.0,0.0,678.0,84.0,0.0,659.0,74.0,0.0,686.0,92.0,,,,30,,Norberto,Murara Neto,Neto,Has joined Botafogo permanently.,,0,0,0,0,0,0,0,0,0,0,0,0,0,,,,0.0,0.0,0.0,0.0,0.0,0,0,0
67,a,,,4.5,435,24.0,0,0.0,0,0.0,5.2,69,12.0,100,6,3.3,145.0,16.0,5,405,6.0,9.0,1.0,1.3,22.2,0.0,995071,1394,751247,416,5.5,6.5,0.0,0.0,0.0,44.33,0.0,0.0,0.0,1.48,656.2,25.0,6.0,0.0,694.0,87.0,0.0,677.0,77.0,65.9,191.0,8.0,,,,30,,Đorđe,Petrović,Petrović,,,2700,0,0,9,46,1,0,0,2,0,90,30,98,,,,3.0,0.3,1.53,1.0,0.0,0,54,232
68,u,0.0,0.0,4.0,680,51.0,0,0.0,0,0.0,0.7,212,27.0,0,0,0.0,590.0,71.0,0,0,0.0,456.0,64.0,0.0,0.0,0.0,47217,0,87248,34,0.0,0.0,0.0,0.0,0.0,0.0,0.0,0.0,0.0,0.0,0.0,580.0,71.0,0.0,571.0,58.0,0.0,542.0,45.0,0.0,582.0,71.0,,,,30,,Will,Dennis,Dennis,has joined Leyton Orient on loan for the rest of the season.,,0,0,0,0,0,0,0,0,0,0,0,0,0,,,,0.0,0.0,0.0,0.0,0.0,0,0,0
69,a,,,3.9,779,92.0,0,0.0,-1,1.0,0.3,342,47.0,0,0,0.0,570.0,61.0,0,0,0.0,434.0,52.0,0.0,0.0,0.0,22733,19,19261,23,-0.5,0.5,0.0,0.0,0.0,0.0,0.0,0.0,0.0,0.0,0.0,560.0,61.0,0.0,548.0,45.0,0.0,518.0,32.0,0.0,562.0,61.0,,,,30,,Callan,McKenna,McKenna,,,0,0,0,0,0,0,0,0,0,0,0,0,0,,,,0.0,0.0,0.0,0.0,0.0,0,0,0
70,u,0.0,0.0,4.0,697,58.0,0,0.0,0,0.0,0.1,575,79.0,0,0,0.0,603.0,78.0,0,0,0.0,470.0,71.0,0.0,0.0,0.0,1107,0,10463,3,0.0,0.0,0.0,0.0,0.0,0.0,0.0,0.0,0.0,0.0,0.0,593.0,78.0,0.0,584.0,65.0,0.0,555.0,52.0,0.0,595.0,78.0,,,,30,,Alex,Paulsen,Paulsen,Has joined Lechia Gdansk on loan for the rest of the season.,,0,0,0,0,0,0,0,0,0,0,0,0,0,,,,0.0,0.0,0.0,0.0,0.0,0,0,0
71,u,0.0,0.0,5.0,266,42.0,0,0.0,0,0.0,0.0,671,235.0,0,0,0.0,788.0,263.0,0,0,0.0,744.0,257.0,0.0,0.0,0.0,0,0,8210,0,0.0,0.0,0.0,0.0,0.0,0.0,0.0,0.0,0.0,0.0,0.0,787.0,263.0,0.0,785.0,263.0,0.0,781.0,263.0,0.0,787.0,263.0,,,,30,,Illia,Zabarnyi,Zabarnyi,Has joined Paris Saint-Germain permanently.,,0,0,0,0,0,0,0,0,0,0,0,0,0,,,,0.0,0.0,0.0,0.0,0.0,0,0,0
72,a,100.0,100.0,5.0,253,38.0,0,0.0,5,-5.0,18.5,18,6.0,134,8,4.6,28.0,9.0,9,435,7.0,2.0,1.0,1.4,26.8,0.0,5088289,7421,3064549,734,6.5,7.5,1.41,4.06,5.47,42.38,0.05,0.14,0.19,1.49,866.6,3.0,1.0,296.0,98.0,23.0,165.0,168.0,37.0,133.0,34.0,2.0,,,,30,,Marcos,Senesi Barón,Senesi,,,2568,0,4,9,45,0,0,0,8,0,0,29,391,,,,0.0,0.32,1.58,1.02,12.2,50,298,119
73,a,100.0,100.0,4.4,517,97.0,0,0.0,-1,1.0,0.2,382,144.0,36,6,2.1,321.0,119.0,0,117,1.8,170.0,64.0,0.4,8.2,0.0,26623,28,41765,7,1.3,2.3,0.0,0.19,0.19,13.56,0.0,0.02,0.02,1.55,82.8,375.0,142.0,32.3,373.0,131.0,18.0,385.0,136.0,13.3,401.0,145.0,,,,30,,Adam,Smith,Smith,,,787,0,1,4,15,0,0,0,2,0,0,11,53,,,,0.0,0.46,1.72,1.26,5.72,10,40,20
74,a,,,4.6,401,70.0,0,0.0,1,-1.0,2.7,114,46.0,115,8,3.8,79.0,30.0,9,433,6.5,4.0,3.0,1.4,25.0,0.0,666238,1764,421402,263,6.0,7.0,0.39,2.78,3.17,42.03,0.01,0.09,0.1,1.42,583.0,43.0,18.0,370.8,66.0,13.0,94.0,253.0,71.0,104.8,78.0,15.0,,,,30,,Adrien,Truffert,Truffert,,,2658,0,2,9,43,0,0,0,3,0,0,30,297,,,,0.0,0.3,1.46,1.02,8.36,80,167,155
75,a,100.0,100.0,3.8,804,251.0,0,0.0,-2,2.0,0.2,378,141.0,0,0,0.0,532.0,194.0,0,0,0.0,392.0,152.0,0.0,0.0,0.0,14847,5,32598,6,-0.5,0.5,0.0,0.0,0.0,0.0,0.0,0.0,0.0,0.0,0.0,522.0,194.0,0.0,507.0,193.0,0.0,476.0,187.0,0.0,524.0,194.0,,,,30,,Matai,Akinmboni,Akinmboni,,,0,0,0,0,0,0,0,0,0,0,0,0,0,,,,0.0,0.0,0.0,0.0,0.0,0,0,0
76,a,,,3.8,802,249.0,0,0.0,-2,2.0,0.2,384,145.0,0,0,0.0,531.0,193.0,0,0,0.0,390.0,150.0,0.0,0.0,0.0,15643,7,19684,15,-0.5,0.5,0.0,0.0,0.0,0.0,0.0,0.0,0.0,0.0,0.0,521.0,193.0,0.0,506.0,192.0,0.0,475.0,186.0,0.0,523.0,193.0,,,,30,,Owen,Bevan,Bevan,,,0,0,0,0,0,0,0,0,0,0,0,0,0,,,,0.0,0.0,0.0,0.0,0.0,0,0,0
85,a,100.0,100.0,4.9,301,188.0,0,0.0,-1,1.0,0.3,332,112.0,60,0,3.3,147.0,65.0,3,279,2.5,119.0,50.0,0.5,12.2,0.0,80724,16,93369,20,2.0,3.0,0.56,0.37,0.93,20.86,0.04,0.02,0.06,1.33,304.2,190.0,79.0,95.0,269.0,163.0,105.0,234.0,129.0,50.7,251.0,127.0,,,,30,,Tyler,Adams,Adams,,,1412,2,1,6,24,0,0,0,7,0,0,18,182,,,,0.0,0.38,1.53,1.15,11.6,40,66,76
86,a,100.0,100.0,5.0,246,150.0,0,0.0,0,0.0,0.2,391,131.0,47,1,2.0,334.0,146.0,4,179,0.8,285.0,130.0,0.2,9.4,0.0,73140,15,78782,14,0.3,1.3,5.05,2.87,7.92,16.93,0.44,0.25,0.69,1.49,200.4,265.0,110.0,323.0,80.0,61.0,391.0,50.0,31.0,90.0,106.0,63.0,,4.0,,30,,David,Brooks,Brooks,,,1024,1,2,4,18,0,0,0,7,0,0,12,80,,,,0.0,0.35,1.58,1.05,7.03,15,17,48
87,a,100.0,100.0,4.9,293,182.0,0,0.0,-1,1.0,0.1,555,201.0,31,3,1.6,395.0,169.0,0,141,1.8,177.0,72.0,0.4,6.3,0.0,9884,6,15919,4,1.3,2.3,1.49,0.53,2.02,13.1,0.21,0.07,0.28,1.85,133.8,324.0,146.0,143.2,207.0,135.0,138.0,200.0,112.0,41.8,286.0,143.0,,,,30,,Ryan,Christie,Christie,,,639,1,1,2,10,0,0,0,2,0,0,4,82,,,,0.0,0.28,1.41,0.56,11.55,18,21,43
88,i,0.0,0.0,4.9,292,181.0,0,0.0,-1,1.0,0.0,614,237.0,38,0,2.4,285.0,122.0,0,184,0.0,708.0,290.0,0.0,7.8,0.0,11741,1,10499,18,0.0,0.0,0.07,0.52,0.59,13.49,0.01,0.05,0.06,1.4,206.0,262.0,108.0,183.3,179.0,122.0,12.0,401.0,197.0,40.4,293.0,146.0,1.0,,,30,,Lewis,Cook,Cook,Hamstring injury - Expected back 11 Apr,,870,0,1,1,18,0,0,0,1,1,0,8,143,,,,0.0,0.1,1.86,0.83,14.79,25,56,62
89,u,0.0,0.0,4.9,295,184.0,0,0.0,-1,1.0,0.0,674,271.0,0,0,0.0,767.0,329.0,0,0,0.0,710.0,292.0,0.0,0.0,0.0,598,0,6637,0,0.0,0.0,0.0,0.0,0.0,0.0,0.0,0.0,0.0,0.0,0.0,766.0,328.0,0.0,762.0,328.0,0.0,758.0,326.0,0.0,766.0,328.0,,,,30,,Philip,Billing,Philip,has joined Midtjylland permanently.,,0,0,0,0,0,0,0,0,0,0,0,0,0,,,,0.0,0.0,0.0,0.0,0.0,0,0,0
90,a,100.0,100.0,5.1,241,146.0,0,0.0,1,-1.0,1.3,173,61.0,106,5,3.5,121.0,56.0,6,464,4.0,55.0,24.0,0.8,20.8,0.0,254659,118,114321,195,3.5,4.5,3.27,1.68,4.95,36.7,0.13,0.07,0.2,1.49,421.4,109.0,36.0,317.8,88.0,67.0,259.0,96.0,60.0,99.4,88.0,54.0,4.0,6.0,,30,,Alex,Scott,Scott,,,2218,2,2,9,34,0,0,0,3,0,0,27,298,,,,0.0,0.37,1.38,1.1,12.09,49,107,142
91,u,0.0,0.0,5.0,255,154.0,0,0.0,0,0.0,0.0,742,314.0,0,0,0.0,784.0,342.0,0,0,0.0,740.0,312.0,0.0,0.0,0.0,396,0,3899,0,0.0,0.0,0.0,0.0,0.0,0.0,0.0,0.0,0.0,0.0,0.0,783.0,341.0,0.0,780.0,341.0,0.0,777.0,339.0,0.0,783.0,341.0,,,,30,,Luis,Sinisterra Lucumí,Sinisterra,has joined Cruzeiro on loan for the rest of the season.,,0,0,0,0,0,0,0,0,0,0,0,0,0,,,,0.0,0.0,0.0,0.0,0.0,0,0,0
92,u,0.0,0.0,4.5,431,258.0,0,0.0,0,0.0,0.1,557,203.0,0,0,0.0,701.0,277.0,0,0,0.0,615.0,218.0,0.0,0.0,0.0,4403,0,19708,0,0.0,0.0,0.0,0.0,0.0,0.0,0.0,0.0,0.0,0.0,0.0,695.0,271.0,0.0,691.0,274.0,0.0,674.0,267.0,0.0,697.0,273.0,,,,30,,Romain,Faivre,Faivre,has joined Auxerre permanently.,,0,0,0,0,0,0,0,0,0,0,0,0,0,,,,0.0,0.0,0.0,0.0,0.0,0,0,0
93,u,0.0,0.0,4.5,426,255.0,0,0.0,0,0.0,0.3,335,114.0,4,0,4.0,60.0,26.0,0,12,0.0,611.0,215.0,0.0,0.9,0.0,114900,0,165523,5,0.0,0.0,0.0,0.0,0.0,0.4,0.0,0.0,0.0,2.25,21.2,444.0,195.0,10.0,423.0,207.0,0.0,670.0,264.0,3.1,460.0,207.0,,,,30,,Hamed,Traorè,H.Traorè,has joined Marseille on loan for the rest of the season.,,16,0,1,0,2,0,0,0,0,0,0,0,4,,,,0.0,0.0,11.25,0.0,22.5,1,1,2
94,u,0.0,0.0,4.5,463,282.0,0,0.0,0,0.0,0.0,644,253.0,0,0,0.0,722.0,297.0,0,0,0.0,638.0,239.0,0.0,0.0,0.0,3895,0,8217,1,0.0,0.0,0.0,0.0,0.0,0.0,0.0,0.0,0.0,0.0,0.0,717.0,292.0,0.0,713.0,294.0,0.0,697.0,287.0,0.0,718.0,293.0,,,,30,,Dominic,Sadi,Sadi,has joined Novi Pazar on loan for the rest of the season.,,0,0,0,0,0,0,0,0,0,0,0,0,0,,,,0.0,0.0,0.0,0.0,0.0,0,0,0
95,u,0.0,0.0,4.4,552,330.0,0,0.0,-1,1.0,0.1,581,217.0,0,0,0.0,677.0,264.0,0,0,0.0,580.0,199.0,0.0,0.0,0.0,15405,0,21545,0,0.0,0.0,0.0,0.0,0.0,0.0,0.0,0.0,0.0,0.0,0.0,668.0,255.0,0.0,664.0,260.0,0.0,643.0,250.0,0.0,670.0,257.0,,,,30,,Zain,Silcott-Duberry,Silcott-Duberry,has joined Olympiakos permanently.,,0,0,0,0,0,0,0,0,0,0,0,0,0,,,,0.0,0.0,0.0,0.0,0.0,0,0,0
96,u,0.0,0.0,4.5,493,304.0,0,0.0,0,0.0,0.0,643,252.0,1,0,1.0,483.0,219.0,0,3,0.0,665.0,260.0,0.0,0.2,0.0,2964,0,10012,1,0.0,0.0,0.0,0.0,0.0,0.31,0.0,0.0,0.0,4.65,0.0,741.0,310.0,0.0,735.0,310.0,0.0,722.0,306.0,0.0,741.0,310.0,,,,30,,Ben,Winterburn,Winterburn,has joined Barnet on loan for the rest of the season.,,6,0,0,0,2,0,0,0,0,0,0,0,0,,,,0.0,0.0,30.0,0.0,0.0,0,0,0
97,a,100.0,100.0,6.8,45,16.0,0,0.0,-2,2.0,2.3,129,20.0,89,2,3.2,164.0,15.0,6,320,3.0,98.0,13.0,0.4,13.1,0.0,1125086,254,1116704,535,2.5,3.5,8.27,1.13,9.4,29.76,0.35,0.05,0.4,1.27,295.0,192.0,16.0,310.4,91.0,3.0,649.0,16.0,11.0,125.2,42.0,9.0,,,,30,,Francisco Evanilson,de Lima Barbosa,Evanilson,,,2103,6,3,9,33,0,0,0,1,0,0,24,91,,,,0.0,0.39,1.41,1.03,3.89,7,25,59
98,a,100.0,100.0,5.4,159,39.0,0,0.0,-1,1.0,0.0,589,80.0,21,1,1.2,441.0,53.0,1,54,1.0,251.0,31.0,0.2,3.9,0.0,14115,7,11340,11,0.5,1.5,1.9,0.06,1.96,3.45,0.99,0.03,1.02,1.79,45.6,416.0,48.0,12.4,412.0,55.0,82.0,272.0,48.0,13.3,402.0,50.0,,1.0,,30,,Enes,Ünal,Enes Ünal,,,173,1,0,0,2,0,0,0,1,0,0,0,12,,,,0.0,0.0,1.04,0.0,6.24,1,7,4
99,u,0.0,0.0,4.4,567,83.0,0,0.0,-1,1.0,0.1,432,63.0,0,0,0.0,687.0,75.0,0,0,0.0,594.0,63.0,0.0,0.0,0.0,22144,0,44408,2,0.0,0.0,0.0,0.0,0.0,0.0,0.0,0.0,0.0,0.0,0.0,680.0,75.0,0.0,675.0,74.0,0.0,655.0,74.0,0.0,682.0,75.0,,,,30,,Daniel,Adu-Adjei,Adu-Adjei,has joined HNK Rijeka permanently.,,0,0,0,0,0,0,0,0,0,0,0,0,0,,,,0.0,0.0,0.0,0.0,0.0,0,0,0
100,a,,,4.7,394,65.0,0,0.0,2,-2.0,6.5,59,11.0,74,2,3.0,191.0,18.0,7,337,1.8,173.0,22.0,0.4,15.7,0.0,1858926,507,1201989,1276,1.3,2.3,5.08,0.96,6.04,19.18,0.4,0.08,0.48,1.53,337.2,161.0,15.0,202.6,164.0,13.0,344.0,64.0,23.0,88.4,111.0,16.0,,,,30,,Junior,Kroupi,Kroupi.Jr,,,1131,8,0,6,18,0,0,0,3,0,0,14,86,,,,0.0,0.48,1.43,1.11,6.84,8,32,46
391,a,100.0,0.0,4.8,370,231.0,0,0.0,-2,2.0,0.0,642,251.0,7,0,1.8,374.0,160.0,0,22,0.0,702.0,286.0,0.0,1.5,0.0,4638,1,8105,1,0.0,0.0,0.09,0.09,0.18,2.66,0.15,0.15,0.3,4.52,21.2,445.0,196.0,14.0,406.0,201.0,11.0,403.0,199.0,4.7,452.0,202.0,,,,30,,Ben,Gannon-Doak,Gannon-Doak,,,53,0,1,0,1,0,0,0,0,0,0,0,3,,,,0.0,0.0,1.7,0.0,5.09,2,1,0
685,a,100.0,100.0,4.2,634,146.0,0,0.0,-3,3.0,0.3,330,121.0,46,0,2.6,249.0,95.0,2,164,0.0,518.0,220.0,0.0,11.0,0.0,98552,6,96562,27,-0.5,0.5,0.02,0.19,0.21,22.47,0.0,0.01,0.01,1.59,267.0,213.0,83.0,54.3,334.0,114.0,22.0,376.0,131.0,34.4,318.0,108.0,,,,30,,Bafodé,Diakité,Diakité,,,1275,0,0,4,27,0,0,0,1,0,0,15,147,,,,0.0,0.28,1.91,1.06,8.26,20,97,48
687,a,,,4.3,618,362.0,0,0.0,-2,2.0,0.2,387,128.0,0,0,0.0,662.0,254.0,0,0,0.0,558.0,186.0,0.0,0.0,0.0,25330,26,20116,21,-0.5,0.5,0.0,0.0,0.0,0.0,0.0,0.0,0.0,0.0,0.0,652.0,244.0,0.0,648.0,249.0,0.0,625.0,238.0,0.0,654.0,246.0,,,,30,,Remy,Rees-Dottin,Rees-Dottin,,,0,0,0,0,0,0,0,0,0,0,0,0,0,,,,0.0,0.0,0.0,0.0,0.0,0,0,0
697,a,,,5.4,174,107.0,0,0.0,-1,1.0,0.5,261,90.0,61,1,2.3,301.0,133.0,4,225,1.5,208.0,89.0,0.3,11.3,0.0,118218,14,62492,363,1.0,2.0,2.54,1.52,4.06,14.69,0.24,0.14,0.38,1.39,256.6,221.0,95.0,209.1,161.0,110.0,240.0,103.0,63.0,70.0,171.0,89.0,3.0,,,30,,Amine,Adli,Adli,,,952,3,2,3,14,0,0,0,2,0,0,9,110,,,,0.0,0.28,1.32,0.85,10.4,31,25,54
713,a,,,4.5,465,92.0,0,0.0,0,0.0,0.3,323,119.0,64,1,2.5,268.0,104.0,2,245,4.2,46.0,16.0,0.9,14.2,0.0,59121,80,25974,129,3.7,4.7,1.04,1.54,2.58,33.85,0.05,0.07,0.12,1.62,331.0,168.0,70.0,212.1,158.0,39.0,169.0,164.0,36.0,71.2,163.0,55.0,,,,30,,Álex,Jiménez Sánchez,A.Jimenez,,,1884,1,2,5,33,0,0,0,8,0,0,21,132,,,,0.0,0.24,1.58,1.0,5.59,52,65,101
721,a,100.0,100.0,4.4,569,120.0,0,0.0,-1,1.0,0.0,653,231.0,19,0,2.7,231.0,92.0,0,63,0.0,595.0,238.0,0.0,4.3,0.0,6374,1,5932,4,-0.5,0.5,0.15,0.19,0.34,4.42,0.04,0.05,0.09,1.08,98.4,362.0,138.0,13.9,407.0,149.0,10.0,407.0,151.0,12.2,410.0,147.0,,,,30,,Veljko,Milosavljevic,Milosavljević,,,367,0,0,1,6,0,0,0,0,0,0,4,42,,,,0.0,0.25,1.47,0.98,9.56,5,34,13
756,a,,,4.5,514,318.0,0,0.0,0,0.0,0.0,741,313.0,0,0,0.0,756.0,322.0,0,0,0.0,681.0,272.0,0.0,0.0,0.0,1762,0,1142,3,-0.5,0.5,0.0,0.0,0.0,0.0,0.0,0.0,0.0,0.0,0.0,755.0,321.0,0.0,749.0,321.0,0.0,737.0,318.0,0.0,755.0,321.0,,,,30,,Malcom,DaCosta,DaCosta,,,0,0,0,0,0,0,0,0,0,0,0,0,0,,,,0.0,0.0,0.0,0.0,0.0,0,0,0
782,a,,,4.0,660,40.0,0,0.0,0,0.0,0.0,666,81.0,0,0,0.0,575.0,63.0,0,0,0.0,439.0,54.0,0.0,0.0,0.0,2879,3,970,3,-0.5,0.5,0.0,0.0,0.0,0.0,0.0,0.0,0.0,0.0,0.0,565.0,63.0,0.0,553.0,47.0,0.0,524.0,34.0,0.0,567.0,63.0,,,,30,,Fraser,Forster,Forster,,,0,0,0,0,0,0,0,0,0,0,0,0,0,,,,0.0,0.0,0.0,0.0,0.0,0,0,0
799,a,,,4.5,511,315.0,0,0.0,0,0.0,0.0,778,338.0,0,0,0.0,754.0,320.0,0,0,0.0,678.0,269.0,0.0,0.0,0.0,660,1,255,2,-0.5,0.5,0.0,0.0,0.0,0.0,0.0,0.0,0.0,0.0,0.0,753.0,319.0,0.0,747.0,319.0,0.0,734.0,315.0,0.0,753.0,319.0,,,,30,,Charlie,Stevens,Stevens,,,0,0,0,0,0,0,0,0,0,0,0,0,0,,,,0.0,0.0,0.0,0.0,0.0,0,0,0
801,a,,,4.9,343,214.0,0,0.0,-1,1.0,0.0,761,325.0,3,0,0.8,511.0,240.0,0,10,0.0,733.0,308.0,0.0,0.6,0.0,890,0,477,4,-0.5,0.5,0.06,0.25,0.31,2.34,0.08,0.32,0.4,2.97,6.0,474.0,214.0,33.5,370.0,190.0,14.0,394.0,196.0,5.3,443.0,197.0,,,,30,,Alex,Tóth,Tóth.A,,,71,0,0,0,1,0,0,0,1,0,0,1,8,,,,0.0,0.0,1.27,1.27,10.14,1,2,5
806,a,,,4.0,678,50.0,0,0.0,0,0.0,0.0,763,88.0,0,0,0.0,588.0,70.0,0,0,0.0,454.0,63.0,0.0,0.0,0.0,655,1,309,2,-0.5,0.5,0.0,0.0,0.0,0.0,0.0,0.0,0.0,0.0,0.0,578.0,70.0,0.0,569.0,57.0,0.0,540.0,44.0,0.0,580.0,70.0,,,,30,,Christos,Mandas,Mandas,,,0,0,0,0,0,0,0,0,0,0,0,0,0,,,,0.0,0.0,0.0,0.0,0.0,0,0,0
807,a,,,5.6,133,82.0,0,0.0,1,-1.0,2.6,121,39.0,30,3,4.3,43.0,20.0,2,103,2.8,109.0,47.0,0.5,5.4,0.0,401541,139,67095,1084,2.3,3.3,0.89,1.07,1.96,10.18,0.15,0.18,0.33,1.71,122.6,332.0,148.0,118.1,234.0,147.0,103.0,241.0,132.0,34.3,319.0,155.0,,,,30,,Rayan Vitor,Simplício Rocha,Rayan,,,537,2,1,3,3,0,0,0,1,0,0,6,33,,,,0.0,0.5,0.5,1.01,5.53,5,8,20
27,d,75.0,75.0,4.8,354,223.0,0,0.0,-2,2.0,0.1,494,177.0,6,0,1.0,486.0,222.0,0,19,0.0,693.0,281.0,0.0,1.2,0.0,10490,0,18404,6,0.0,0.4,0.61,0.07,0.68,1.21,1.1,0.13,1.23,2.18,16.4,449.0,199.0,4.0,446.0,215.0,16.0,391.0,195.0,3.4,458.0,206.0,,,,30,,Reiss,Nelson,Nelson,Calf injury - 75% chance of playing,,50,0,0,0,1,0,0,0,0,0,0,0,17,,,,0.0,0.0,1.8,0.0,30.6,2,3,12
83,a,100.0,100.0,6.0,91,57.0,0,0.0,0,0.0,3.7,96,32.0,97,0,4.2,53.0,22.0,10,296,2.5,130.0,56.0,0.4,16.2,0.0,949405,655,502277,253,2.5,3.0,5.37,2.3,7.67,22.81,0.3,0.13,0.43,1.27,345.0,156.0,55.0,243.0,132.0,91.0,449.0,31.0,16.0,103.1,82.0,51.0,3.0,,,30,,Dango,Ouattara,O.Dango,,,1613,5,6,4,24,0,0,0,4,0,0,18,140,,,,0.0,0.22,1.34,1.0,7.81,16,59,65
101,a,100.0,100.0,4.8,355,12.0,0,0.0,3,-3.0,13.2,27,5.0,104,0,3.7,94.0,12.0,6,402,2.0,161.0,14.0,0.4,21.7,0.0,1452163,3568,1030023,341,2.0,2.5,0.0,0.04,0.04,39.34,0.0,0.0,0.0,1.4,643.6,28.0,8.0,20.0,395.0,4.0,0.0,747.0,83.0,66.4,187.0,6.0,,,,30,,Caoimhín,Kelleher,Kelleher,,,2520,0,0,7,37,0,3,0,1,0,75,28,95,,,,2.68,0.25,1.32,1.0,0.0,1,35,211
102,a,,,3.9,756,79.0,0,0.0,-1,1.0,0.3,339,46.0,0,0,0.0,551.0,49.0,0,0,0.0,415.0,40.0,0.0,0.0,0.0,16431,8,24244,9,0.0,0.5,0.0,0.0,0.0,0.0,0.0,0.0,0.0,0.0,0.0,541.0,49.0,0.0,528.0,32.0,0.0,498.0,19.0,0.0,543.0,49.0,,,,30,,Ellery,Balcombe,Balcombe,,,0,0,0,0,0,0,0,0,0,0,0,0,0,,,,0.0,0.0,0.0,0.0,0.0,0,0,0
103,u,0.0,0.0,3.9,771,87.0,0,0.0,-1,1.0,0.1,429,65.0,0,0,0.0,563.0,57.0,0,0,0.0,427.0,48.0,0.0,0.0,0.0,11791,0,14776,8,0.0,0.0,0.0,0.0,0.0,0.0,0.0,0.0,0.0,0.0,0.0,553.0,57.0,0.0,540.0,40.0,0.0,510.0,27.0,0.0,555.0,57.0,,,,30,,Matthew,Cox,Cox,has joined Shrewsbury Town on loan for the rest of the season.,,0,0,0,0,0,0,0,0,0,0,0,0,0,,,,0.0,0.0,0.0,0.0,0.0,0,0,0
104,a,,,3.9,775,89.0,0,0.0,-1,1.0,0.1,456,69.0,0,0,0.0,566.0,58.0,0,0,0.0,430.0,49.0,0.0,0.0,0.0,13059,2,10475,4,0.0,0.5,0.0,0.0,0.0,0.0,0.0,0.0,0.0,0.0,0.0,556.0,58.0,0.0,544.0,42.0,0.0,514.0,29.0,0.0,558.0,58.0,,,,30,,Julian,Eyestone,Eyestone,,,0,0,0,0,0,0,0,0,0,0,0,0,0,,,,0.0,0.0,0.0,0.0,0.0,0,0,0
105,a,,,3.9,772,88.0,0,0.0,-1,1.0,0.6,233,32.0,1,0,1.0,452.0,33.0,0,1,0.2,332.0,25.0,0.1,0.3,0.0,38614,7,72991,32,0.2,0.7,0.0,0.0,0.0,0.97,0.0,0.0,0.0,0.97,13.0,454.0,33.0,0.0,541.0,41.0,0.0,511.0,28.0,1.3,480.0,33.0,,,,30,,Hákon Rafn,Valdimarsson,Valdimarsson,,,90,0,0,0,3,0,0,0,0,0,1,1,0,,,,1.0,0.0,3.0,1.0,0.0,0,0,7
106,a,,,4.9,321,52.0,0,0.0,-1,1.0,2.8,112,45.0,99,0,3.8,80.0,31.0,7,340,1.8,179.0,67.0,0.4,20.2,0.0,667302,1139,521223,176,1.8,2.3,1.58,1.27,2.85,33.38,0.07,0.05,0.12,1.39,661.8,23.0,9.0,116.3,236.0,63.0,258.0,98.0,11.0,103.8,80.0,16.0,,,,30,,Nathan,Collins,Collins,,,2161,1,2,6,32,1,0,0,4,0,0,23,274,,,,0.0,0.25,1.33,0.96,10.08,24,218,98
107,a,,,4.8,365,62.0,0,0.0,-2,2.0,1.6,154,60.0,79,0,2.9,205.0,80.0,3,208,0.5,309.0,109.0,0.1,16.5,0.0,465502,341,318614,236,0.5,1.0,2.02,1.03,3.05,20.6,0.16,0.08,0.24,1.61,220.6,251.0,100.0,167.8,189.0,47.0,228.0,111.0,16.0,61.6,202.0,66.0,,1.0,,30,,Keane,Lewis-Potter,Lewis-Potter,,,1152,3,1,6,20,0,0,0,1,0,0,13,60,,,,0.0,0.47,1.56,1.02,3.2,15,26,50
108,a,100.0,100.0,4.4,524,103.0,0,0.0,-1,1.0,0.3,334,122.0,70,0,3.0,188.0,73.0,1,200,2.0,156.0,58.0,0.5,15.9,0.0,42564,86,34324,15,2.0,2.5,0.69,0.72,1.41,26.12,0.04,0.04,0.08,1.46,354.4,153.0,66.0,58.1,329.0,111.0,161.0,173.0,39.0,57.5,221.0,74.0,,,,30,,Kristoffer,Ajer,Ajer,,,1606,0,2,5,26,0,0,0,2,0,0,18,172,,,,0.0,0.28,1.46,1.01,9.25,35,130,49
109,i,0.0,0.0,4.3,581,128.0,0,0.0,-2,2.0,0.2,392,147.0,52,0,2.1,320.0,118.0,0,144,1.5,197.0,74.0,0.3,12.1,0.0,25845,1,26410,119,0.0,0.0,0.18,0.54,0.72,23.91,0.01,0.04,0.05,1.63,151.6,308.0,117.0,82.0,292.0,93.0,35.0,347.0,114.0,26.9,347.0,118.0,,,,30,,Rico,Henry,Henry,Hamstring injury - Unknown return date,,1322,0,2,4,22,0,0,0,2,0,0,14,78,,,,0.0,0.27,1.5,0.95,4.63,15,53,72
110,a,100.0,100.0,4.5,494,95.0,0,0.0,0,0.0,0.8,207,79.0,78,0,2.8,218.0,86.0,6,376,1.2,222.0,82.0,0.3,17.3,0.0,206007,345,137817,42,1.2,1.7,0.27,2.52,2.79,38.51,0.01,0.09,0.1,1.42,442.8,89.0,40.0,382.9,64.0,11.0,77.0,281.0,79.0,90.5,105.0,28.0,,,,30,,Michael,Kayode,Kayode,,,2448,0,1,7,37,1,0,0,6,0,0,28,220,,,,0.0,0.26,1.36,1.03,6.43,57,118,127
111,a,100.0,100.0,4.2,631,144.0,0,0.0,-3,3.0,0.1,450,166.0,4,0,1.3,428.0,154.0,0,21,0.0,515.0,218.0,0.0,1.0,0.0,12741,10,27101,4,0.0,0.5,0.0,0.06,0.06,3.18,0.0,0.02,0.02,1.26,62.8,397.0,153.0,1.1,465.0,171.0,12.0,398.0,145.0,7.6,431.0,155.0,,,,30,,Ethan,Pinnock,Pinnock,,,228,0,0,0,5,1,0,0,1,0,0,3,33,,,,0.0,0.0,1.97,1.18,11.45,4,25,9
112,u,0.0,0.0,4.5,423,83.0,0,0.0,0,0.0,0.0,716,248.0,0,0,0.0,697.0,257.0,0,0,0.0,609.0,243.0,0.0,0.0,0.0,211,0,3930,0,0.0,0.0,0.0,0.0,0.0,0.0,0.0,0.0,0.0,0.0,0.0,691.0,257.0,0.0,686.0,257.0,0.0,668.0,257.0,0.0,693.0,257.0,,,,30,,Mads,Roerslev Rasmussen,Roerslev,Has joined Southampton permanently.,,0,0,0,0,0,0,0,0,0,0,0,0,0,,,,0.0,0.0,0.0,0.0,0.0,0,0,0
113,a,100.0,100.0,4.5,432,86.0,0,0.0,0,0.0,1.4,162,63.0,83,0,3.5,115.0,40.0,3,300,3.8,62.0,23.0,0.8,18.4,0.0,324880,1536,208648,83,3.8,4.3,2.75,0.5,3.25,32.12,0.12,0.02,0.14,1.36,495.0,73.0,33.0,57.2,330.0,112.0,240.0,102.0,12.0,79.3,139.0,44.0,,,,30,,Sepp,van den Berg,Van den Berg,,,2123,0,2,5,34,0,0,0,1,0,0,23,242,,,,0.0,0.21,1.44,0.98,8.99,14,198,89
114,u,0.0,0.0,3.8,813,259.0,0,0.0,-2,2.0,0.2,380,143.0,0,0,0.0,538.0,199.0,0,0,0.0,400.0,159.0,0.0,0.0,0.0,12981,0,30542,12,0.0,0.0,0.0,0.0,0.0,0.0,0.0,0.0,0.0,0.0,0.0,528.0,199.0,0.0,514.0,199.0,0.0,484.0,194.0,0.0,530.0,199.0,,,,30,,Benjamin,Arthur,Arthur,has joined Celtic on loan for the rest of the season.,,0,0,0,0,0,0,0,0,0,0,0,0,0,,,,0.0,0.0,0.0,0.0,0.0,0,0,0
115,u,0.0,0.0,4.0,728,203.0,0,0.0,0,0.0,0.1,530,189.0,0,0,0.0,628.0,241.0,0,0,0.0,497.0,206.0,0.0,0.0,0.0,2020,0,14397,0,0.0,0.0,0.0,0.0,0.0,0.0,0.0,0.0,0.0,0.0,0.0,618.0,241.0,0.0,610.0,241.0,0.0,582.0,238.0,0.0,620.0,241.0,,,,30,,Benjamin,Fredrick,Fredrick,has joined Dender on loan for the rest of the season.,,0,0,0,0,0,0,0,0,0,0,0,0,0,,,,0.0,0.0,0.0,0.0,0.0,0,0,0
116,i,0.0,0.0,4.0,687,173.0,0,0.0,0,0.0,0.4,282,102.0,33,0,1.8,364.0,135.0,0,94,0.2,335.0,117.0,0.0,8.2,0.0,65919,3,78630,72,0.0,0.0,0.4,0.17,0.57,6.47,0.06,0.03,0.09,0.99,82.6,378.0,143.0,16.2,402.0,147.0,42.0,337.0,110.0,13.9,394.0,143.0,,,,30,,Aaron,Hickey,Hickey,Hamstring injury - Expected back 11 Apr,,588,0,0,2,8,0,0,0,1,0,0,7,49,,,,0.0,0.31,1.22,1.07,6.43,12,30,33
117,u,0.0,0.0,3.9,780,228.0,0,0.0,-1,1.0,0.1,520,184.0,0,0,0.0,571.0,207.0,0,0,0.0,435.0,169.0,0.0,0.0,0.0,4108,0,15660,0,0.0,0.0,0.0,0.0,0.0,0.0,0.0,0.0,0.0,0.0,0.0,561.0,207.0,0.0,549.0,207.0,0.0,519.0,202.0,0.0,563.0,207.0,,,,30,,Kim,Ji-soo,Ji-soo,has joined Kaiserslautern on loan for the rest of the season.,,0,0,0,0,0,0,0,0,0,0,0,0,0,,,,0.0,0.0,0.0,0.0,0.0,0,0,0
118,u,0.0,0.0,4.0,699,181.0,0,0.0,0,0.0,0.0,612,217.0,0,0,0.0,605.0,224.0,0,0,0.0,472.0,187.0,0.0,0.0,0.0,279,0,10996,0,0.0,0.0,0.0,0.0,0.0,0.0,0.0,0.0,0.0,0.0,0.0,595.0,224.0,0.0,586.0,224.0,0.0,557.0,220.0,0.0,597.0,224.0,,,,30,,Jayden,Meghoma,Meghoma,Has joined Rangers on loan for the rest of the season.,,0,0,0,0,0,0,0,0,0,0,0,0,0,,,,0.0,0.0,0.0,0.0,0.0,0,0,0
120,a,100.0,100.0,6.9,41,25.0,0,0.0,-1,1.0,2.0,139,47.0,97,0,3.7,100.0,48.0,5,319,2.8,113.0,49.0,0.4,14.1,0.0,894619,780,703853,192,2.8,3.3,9.69,1.86,11.55,28.39,0.42,0.08,0.5,1.24,472.8,80.0,25.0,325.9,78.0,59.0,669.0,12.0,5.0,146.4,25.0,20.0,,,3.0,30,,Kevin,Schade,Schade,,,2063,7,4,8,25,0,0,1,6,1,0,24,155,,,,0.0,0.35,1.09,1.05,6.76,33,45,77
121,a,100.0,100.0,5.6,130,80.0,0,0.0,-4,4.0,1.0,192,67.0,85,0,3.4,137.0,63.0,6,352,5.5,17.0,7.0,1.0,15.2,0.0,172668,664,177630,126,5.5,6.0,1.79,3.95,5.74,22.61,0.11,0.24,0.35,1.36,414.0,112.0,37.0,527.0,27.0,26.0,249.0,100.0,61.0,119.1,50.0,34.0,,3.0,,30,,Mikkel,Damsgaard,Damsgaard,,,1495,3,4,3,25,0,0,0,0,0,0,17,168,,,,0.0,0.18,1.51,1.02,10.11,40,34,94
122,i,0.0,0.0,5.2,217,135.0,0,0.0,-3,3.0,0.0,656,261.0,1,0,1.0,499.0,232.0,0,5,0.0,763.0,329.0,0.0,0.2,0.0,2048,0,6965,1,0.0,0.0,0.0,0.01,0.01,1.49,0.0,0.02,0.02,2.98,4.0,479.0,218.0,1.8,456.0,219.0,0.0,791.0,349.0,0.6,490.0,224.0,,,,30,,Antoni,Milambo,Milambo,Knee injury - Expected back 01 Jun,,45,0,0,0,3,0,0,0,0,0,0,1,4,,,,0.0,0.0,6.0,2.0,8.0,2,0,2
123,i,0.0,0.0,4.7,387,241.0,0,0.0,-3,3.0,0.1,467,159.0,13,0,2.2,309.0,134.0,1,42,0.0,687.0,277.0,0.0,2.8,0.0,27250,0,51483,0,0.0,0.0,0.7,0.03,0.73,2.08,0.63,0.03,0.66,1.87,39.0,421.0,184.0,6.5,436.0,211.0,36.0,345.0,180.0,8.1,428.0,192.0,,,4.0,30,,Fábio,Freitas Gouveia Carvalho,Carvalho,Knee injury - Expected back 01 Jun,,100,1,0,0,4,0,0,0,0,0,0,1,8,,,,0.0,0.0,3.6,0.9,7.2,3,0,5
124,a,100.0,100.0,5.0,244,149.0,0,0.0,0,0.0,0.3,302,103.0,68,0,2.5,271.0,116.0,5,306,1.5,205.0,87.0,0.3,13.6,0.0,99548,19,101550,18,1.5,2.0,0.33,2.09,2.42,24.04,0.02,0.12,0.14,1.32,299.2,191.0,80.0,320.4,82.0,62.0,43.0,335.0,174.0,66.2,189.0,96.0,,,,30,,Jordan,Henderson,Henderson,,,1634,1,3,5,24,0,0,0,4,0,0,19,156,,,,0.0,0.28,1.32,1.05,8.59,23,50,83
125,i,0.0,0.0,4.9,303,189.0,0,0.0,-1,1.0,0.2,396,133.0,70,0,3.2,156.0,69.0,6,300,0.2,353.0,157.0,0.0,14.3,0.0,67509,0,50395,123,0.0,0.0,0.82,1.88,2.7,20.22,0.06,0.14,0.2,1.45,329.0,171.0,67.0,313.6,90.0,69.0,91.0,257.0,140.0,72.5,156.0,83.0,2.0,,,30,,Vitaly,Janelt,Janelt,Foot injury - Expected back 11 Apr,,1253,1,4,5,16,0,0,0,7,0,0,13,164,,,,0.0,0.36,1.15,0.93,11.78,24,66,74
126,a,,,4.9,306,191.0,0,0.0,-1,1.0,0.1,482,170.0,65,0,2.4,286.0,123.0,0,316,2.0,163.0,67.0,0.4,13.3,0.0,18931,19,19070,6,2.0,2.5,1.93,3.94,5.87,22.72,0.12,0.24,0.36,1.4,273.4,210.0,89.0,394.7,57.0,46.0,153.0,184.0,102.0,82.0,132.0,75.0,1.0,2.0,5.0,30,,Mathias,Jensen,Jensen,,,1465,2,2,6,21,0,0,0,3,0,0,17,132,,,,0.0,0.37,1.29,1.04,8.11,26,34,72
127,u,0.0,0.0,4.9,344,215.0,0,0.0,-1,1.0,0.0,725,300.0,0,0,0.0,780.0,339.0,0,0,0.0,734.0,309.0,0.0,0.0,0.0,1544,0,2311,0,0.0,0.0,0.0,0.0,0.0,0.0,0.0,0.0,0.0,0.0,0.0,779.0,338.0,0.0,775.0,338.0,0.0,771.0,336.0,0.0,779.0,338.0,,,,30,,Gustavo,Nunes Fernandes Gomes,Nunes,has joined Swansea City on loan for the rest of the season.,,0,0,0,0,0,0,0,0,0,0,0,0,0,,,,0.0,0.0,0.0,0.0,0.0,0,0,0
128,u,0.0,0.0,4.8,366,228.0,0,0.0,-2,2.0,0.0,608,233.0,12,0,2.0,331.0,143.0,0,41,0.0,700.0,285.0,0.0,2.5,0.0,5396,0,8897,0,0.0,0.0,0.0,0.36,0.36,2.02,0.0,0.37,0.37,2.07,28.4,435.0,193.0,13.6,408.0,202.0,4.0,435.0,214.0,4.6,453.0,203.0,,,,30,,Frank,Onyeka,Onyeka,has joined Coventry City on loan for the rest of the season.,,88,0,2,0,2,0,0,0,0,0,0,0,10,,,,0.0,0.0,2.05,0.0,10.23,2,3,5
129,a,100.0,100.0,5.0,275,169.0,0,0.0,0,0.0,0.1,480,169.0,76,0,2.6,256.0,108.0,0,331,0.5,314.0,141.0,0.1,15.2,0.0,24399,7,21531,11,0.5,1.0,1.19,1.14,2.33,30.3,0.05,0.05,0.1,1.35,332.0,166.0,63.0,217.7,151.0,102.0,110.0,229.0,127.0,65.9,192.0,98.0,,,,30,,Yehor,Yarmoliuk,Yarmoliuk,,,2014,1,2,5,33,0,0,0,7,0,0,23,253,,,,0.0,0.22,1.47,1.03,11.31,52,59,142
130,a,,,4.4,568,340.0,0,0.0,-1,1.0,0.1,465,158.0,4,0,1.0,472.0,210.0,0,19,0.5,304.0,137.0,0.1,0.9,0.0,16570,5,18930,11,0.5,1.0,0.09,0.01,0.1,0.39,0.21,0.02,0.23,0.92,8.4,467.0,210.0,11.5,416.0,205.0,21.0,380.0,191.0,4.2,454.0,204.0,,,,30,,Romelle,Donovan,Donovan,,,38,0,0,0,0,0,0,0,0,0,0,0,5,,,,0.0,0.0,0.0,0.0,11.84,0,0,5
131,u,0.0,0.0,4.3,622,366.0,0,0.0,-2,2.0,0.1,418,142.0,0,0,0.0,665.0,257.0,0,0,0.0,561.0,189.0,0.0,0.0,0.0,38108,0,44728,9,0.0,0.0,0.0,0.0,0.0,0.0,0.0,0.0,0.0,0.0,0.0,655.0,247.0,0.0,651.0,252.0,0.0,628.0,241.0,0.0,657.0,249.0,,,,30,,Yunus Emre,Konak,Konak,has joined Oxford United on loan for the rest of the season.,,0,0,0,0,0,0,0,0,0,0,0,0,0,,,,0.0,0.0,0.0,0.0,0.0,0,0,0
132,u,0.0,0.0,4.5,421,253.0,0,0.0,0,0.0,0.0,676,273.0,0,0,0.0,696.0,273.0,0,0,0.0,607.0,213.0,0.0,0.0,0.0,4038,0,5482,4,0.0,0.0,0.0,0.0,0.0,0.0,0.0,0.0,0.0,0.0,0.0,690.0,267.0,0.0,685.0,270.0,0.0,666.0,262.0,0.0,692.0,269.0,,,,30,,Paris,Maghoma,Maghoma,has joined Norwich City permanently.,,0,0,0,0,0,0,0,0,0,0,0,0,0,,,,0.0,0.0,0.0,0.0,0.0,0,0,0
34,u,0.0,0.0,4.0,685,53.0,0,0.0,0,0.0,0.1,497,75.0,0,0,0.0,594.0,73.0,0,0,0.0,460.0,66.0,0.0,0.0,0.0,0,0,17403,3,0.0,0.0,0.0,0.0,0.0,0.0,0.0,0.0,0.0,0.0,0.0,584.0,73.0,0.0,575.0,60.0,0.0,546.0,47.0,0.0,586.0,73.0,,,,30,,Joe,Gauci,Gauci,Has joined Port Vale on loan for the rest of the season.,,0,0,0,0,0,0,0,0,0,0,0,0,0,,,,0.0,0.0,0.0,0.0,0.0,0,0,0
688,a,,,3.9,766,83.0,0,0.0,-1,1.0,0.6,232,31.0,0,0,0.0,558.0,53.0,0,0,0.0,422.0,44.0,0.0,0.0,0.0,61644,14,45158,37,0.0,-0.5,0.0,0.0,0.0,0.0,0.0,0.0,0.0,0.0,0.0,548.0,53.0,0.0,535.0,36.0,0.0,505.0,23.0,0.0,550.0,53.0,,,,30,,James,Wright,Wright,,,0,0,0,0,0,0,0,0,0,0,0,0,0,,,,0.0,0.0,0.0,0.0,0.0,0,0,0
203,a,,,4.7,395,246.0,0,0.0,-3,3.0,0.0,594,222.0,0,0,0.0,761.0,326.0,0,0,0.0,690.0,278.0,0.0,0.0,0.0,4270,2,7335,3,-0.5,-0.5,0.0,0.0,0.0,0.0,0.0,0.0,0.0,0.0,0.0,760.0,325.0,0.0,755.0,325.0,0.0,746.0,322.0,0.0,760.0,325.0,,,,30,,Enock,Agyei,Boateng,,,0,0,0,0,0,0,0,0,0,0,0,0,0,,,,0.0,0.0,0.0,0.0,0.0,0,0,0
211,u,0.0,0.0,4.4,539,321.0,0,0.0,-1,1.0,1.4,163,56.0,0,0,0.0,671.0,258.0,0,0,0.0,571.0,190.0,0.0,0.0,0.0,62789,0,931240,15,0.0,0.0,0.0,0.0,0.0,0.0,0.0,0.0,0.0,0.0,0.0,661.0,248.0,0.0,657.0,253.0,0.0,635.0,242.0,0.0,663.0,250.0,,,,30,,Aaron,Ramsey,A.Ramsey,has joined Leicester City on loan for the rest of the season.,,0,0,0,0,0,0,0,0,0,0,0,0,0,,,,0.0,0.0,0.0,0.0,0.0,0,0,0
212,u,0.0,0.0,4.5,477,291.0,0,0.0,0,0.0,0.0,768,328.0,0,0,0.0,731.0,303.0,0,0,0.0,650.0,248.0,0.0,0.0,0.0,0,0,2760,0,0.0,0.0,0.0,0.0,0.0,0.0,0.0,0.0,0.0,0.0,0.0,728.0,300.0,0.0,723.0,301.0,0.0,709.0,296.0,0.0,729.0,301.0,,,,30,,Oluwaseun,Adewumi,Adewumi,Has joined Cercle Brugge on loan for the rest of the season.,,0,0,0,0,0,0,0,0,0,0,0,0,0,,,,0.0,0.0,0.0,0.0,0.0,0,0,0
213,u,0.0,0.0,4.5,464,283.0,0,0.0,0,0.0,0.0,618,240.0,1,0,1.0,476.0,213.0,0,2,0.0,639.0,240.0,0.0,0.2,0.0,7482,0,9088,1,0.0,0.0,0.0,0.0,0.0,0.05,0.0,0.0,0.0,0.5,0.0,718.0,293.0,0.5,475.0,228.0,0.0,698.0,288.0,0.0,719.0,294.0,,,,30,,Jaydon,Banel,Banel,has joined Derby County on loan for the rest of the season.,,9,0,0,0,0,0,0,0,0,0,0,0,0,,,,0.0,0.0,0.0,0.0,0.0,0,0,0
214,d,75.0,75.0,4.3,588,345.0,0,0.0,-2,2.0,0.1,565,209.0,4,0,1.0,461.0,201.0,0,10,0.0,536.0,171.0,0.0,0.9,0.0,12177,9,16050,6,-0.4,-0.4,0.0,0.0,0.0,0.46,0.0,0.0,0.0,2.18,0.6,501.0,229.0,0.4,477.0,230.0,2.0,445.0,218.0,0.3,497.0,228.0,,,,30,,Mike,Trésor Ndayishimiye,Trésor,Lack of match fitness - 75% chance of playing,,19,0,0,0,1,0,0,0,0,0,0,0,2,,,,0.0,0.0,4.74,0.0,9.47,0,0,2
215,a,100.0,75.0,5.3,193,47.0,0,0.0,-2,2.0,0.3,301,48.0,64,2,3.0,193.0,19.0,6,233,4.2,49.0,7.0,0.8,12.1,0.0,170008,57,156407,84,3.7,2.8,5.0,0.28,5.28,22.82,0.41,0.02,0.43,1.88,289.4,198.0,17.0,79.7,298.0,33.0,332.0,68.0,24.0,69.2,175.0,23.0,,5.0,1.0,30,,Zian,Flemming,Flemming,,,1092,7,0,3,19,0,0,0,3,0,0,13,61,,,,0.0,0.25,1.57,1.07,5.03,8,31,22
216,i,0.0,0.0,4.8,369,63.0,0,0.0,-2,2.0,0.0,670,85.0,0,0,0.0,764.0,84.0,0,0,0.0,701.0,73.0,0.0,0.0,0.0,2223,5,6345,1,0.0,0.0,0.0,0.0,0.0,0.0,0.0,0.0,0.0,0.0,0.0,763.0,84.0,0.0,758.0,83.0,0.0,753.0,83.0,0.0,763.0,84.0,,,,30,,Zeki,Amdouni,Amdouni,Knee injury - Expected back 11 Apr,,0,0,0,0,0,0,0,0,0,0,0,0,0,,,,0.0,0.0,0.0,0.0,0.0,0,0,0
217,a,100.0,100.0,4.9,323,60.0,0,0.0,-1,1.0,0.8,209,31.0,50,2,2.3,298.0,30.0,4,180,1.0,246.0,30.0,0.2,10.2,0.0,452917,37,443907,50,0.5,0.5,3.05,0.29,3.34,24.21,0.23,0.02,0.25,1.79,187.6,274.0,27.0,129.2,219.0,23.0,206.0,125.0,31.0,51.7,245.0,28.0,,,,30,,Lyle,Foster,Foster,,,1219,3,1,4,25,0,0,0,4,0,0,14,70,,,,0.0,0.3,1.85,1.03,5.17,12,23,35
218,a,,,4.2,623,88.0,0,0.0,-3,3.0,1.4,166,25.0,4,0,1.0,459.0,56.0,0,7,0.8,265.0,34.0,0.2,1.0,0.0,228267,91,344103,183,0.3,0.3,0.11,0.0,0.11,0.77,0.43,0.0,0.43,3.01,0.2,505.0,62.0,0.6,471.0,60.0,9.0,413.0,57.0,1.0,483.0,58.0,,,2.0,30,,Ashley,Barnes,Barnes,,,23,0,0,0,2,0,0,0,1,0,0,0,2,,,,0.0,0.0,7.83,0.0,7.83,0,0,2
77,a,,,4.2,636,148.0,0,0.0,2,-2.0,7.7,51,19.0,83,8,4.0,59.0,25.0,2,275,6.0,8.0,5.0,1.4,19.8,0.0,1071661,1632,170612,454,5.5,6.5,0.71,1.03,1.73,21.03,0.05,0.07,0.12,1.37,375.0,136.0,60.0,84.9,288.0,91.0,74.0,289.0,83.0,53.6,236.0,78.0,,,,30,,James,Hill,Hill,,,1382,0,3,6,16,0,0,0,2,0,0,14,186,,,,0.0,0.39,1.04,0.91,11.53,26,151,42
78,u,0.0,0.0,3.8,793,240.0,0,0.0,-2,2.0,0.5,256,95.0,0,0,0.0,525.0,187.0,0,0,0.0,381.0,141.0,0.0,0.0,0.0,47440,0,133143,25,0.0,0.0,0.0,0.0,0.0,0.0,0.0,0.0,0.0,0.0,0.0,515.0,187.0,0.0,500.0,186.0,0.0,469.0,180.0,0.0,517.0,187.0,,,,30,,Julián,Araujo Zúñiga,J.Araujo,has joined Celtic on loan for the rest of the season.,,0,0,0,0,0,0,0,0,0,0,0,0,0,,,,0.0,0.0,0.0,0.0,0.0,0,0,0
79,u,0.0,0.0,4.0,673,167.0,0,0.0,0,0.0,0.1,543,195.0,0,0,0.0,583.0,214.0,0,0,0.0,449.0,176.0,0.0,0.0,0.0,1400,0,16738,1,0.0,0.0,0.0,0.0,0.0,0.0,0.0,0.0,0.0,0.0,0.0,573.0,214.0,0.0,564.0,214.0,0.0,535.0,210.0,0.0,575.0,214.0,,,,30,,Chris,Mepham,Mepham,has joined West Bromwich Albion permanently.,,0,0,0,0,0,0,0,0,0,0,0,0,0,,,,0.0,0.0,0.0,0.0,0.0,0,0,0
80,i,0.0,0.0,4.0,717,193.0,0,0.0,0,0.0,0.2,379,142.0,3,0,1.0,455.0,166.0,0,2,0.0,487.0,197.0,0.0,0.8,0.0,17433,1,33677,9,0.0,0.0,0.0,0.0,0.0,1.62,0.0,0.0,0.0,4.29,1.8,490.0,175.0,2.5,452.0,164.0,2.0,441.0,165.0,0.6,489.0,172.0,,,,30,,Julio,Soler Barreto,Soler,Hamstring injury - Expected back 01 Jun,,34,0,0,0,2,0,0,0,0,0,0,0,1,,,,0.0,0.0,5.29,0.0,2.65,1,0,4
81,i,0.0,0.0,6.9,37,22.0,0,0.0,-1,1.0,0.6,234,82.0,40,0,2.2,317.0,140.0,3,147,0.0,812.0,364.0,0.0,5.8,0.0,190382,5,251565,24,0.0,0.0,2.24,1.54,3.78,16.78,0.22,0.15,0.37,1.65,146.6,312.0,141.0,304.1,93.0,70.0,128.0,216.0,121.0,57.8,218.0,108.0,,3.0,1.0,30,,Justin,Kluivert,Kluivert,Knee injury - Expected back 09 May,,914,2,0,4,18,0,0,0,4,0,0,10,62,,,,0.0,0.39,1.77,0.98,6.11,10,8,44
84,a,100.0,100.0,5.3,189,117.0,0,0.0,-2,2.0,2.3,131,44.0,107,3,4.1,58.0,25.0,10,399,3.2,84.0,37.0,0.6,20.2,0.0,1011386,467,813078,323,2.7,3.7,6.93,3.16,10.09,30.49,0.31,0.14,0.45,1.35,456.4,82.0,27.0,484.7,33.0,31.0,420.0,41.0,25.0,136.3,33.0,24.0,2.0,2.0,4.0,30,,Marcus,Tavernier,Tavernier,,,2032,5,4,9,37,0,0,0,4,0,0,23,189,,,,0.0,0.4,1.64,1.02,8.37,31,49,109
797,a,,,4.5,487,69.0,0,0.0,0,0.0,0.0,707,89.0,0,0,0.0,738.0,79.0,0,0,0.0,660.0,67.0,0.0,0.0,0.0,1907,4,1046,3,0.0,0.5,0.0,0.0,0.0,0.0,0.0,0.0,0.0,0.0,0.0,736.0,79.0,0.0,730.0,78.0,0.0,717.0,78.0,0.0,736.0,79.0,,,,30,,Kaye,Furo,Furo,,,0,0,0,0,0,0,0,0,0,0,0,0,0,,,,0.0,0.0,0.0,0.0,0.0,0,0,0
149,a,100.0,100.0,4.5,422,82.0,0,0.0,0,0.0,0.1,525,187.0,6,0,1.5,407.0,149.0,0,10,0.0,608.0,242.0,0.0,1.3,0.0,9267,8,10393,3,-0.5,0.0,0.0,0.0,0.0,4.66,0.0,0.0,0.0,4.07,25.8,437.0,162.0,10.6,418.0,152.0,0.0,667.0,256.0,3.6,457.0,165.0,,,,30,,Igor Julio,dos Santos de Paulo,Igor,,,103,0,0,0,3,0,0,0,0,0,0,1,13,,,,0.0,0.0,2.62,0.87,11.36,0,13,3
150,u,0.0,0.0,4.4,531,109.0,0,0.0,-1,1.0,0.1,514,182.0,0,0,0.0,669.0,254.0,0,0,0.0,567.0,235.0,0.0,0.0,0.0,2778,0,38610,1,0.0,0.0,0.0,0.0,0.0,0.0,0.0,0.0,0.0,0.0,0.0,659.0,254.0,0.0,655.0,254.0,0.0,633.0,253.0,0.0,661.0,254.0,,,,30,,Tariq,Lamptey,Lamptey,has joined Fiorentina permanently.,,0,0,0,0,0,0,0,0,0,0,0,0,0,,,,0.0,0.0,0.0,0.0,0.0,0,0,0
151,a,100.0,100.0,4.4,542,116.0,0,0.0,-1,1.0,4.1,91,31.0,115,8,4.1,57.0,24.0,7,447,5.8,12.0,6.0,1.3,26.1,0.0,1024851,3014,659962,266,5.3,5.8,2.19,1.14,3.32,37.27,0.08,0.04,0.12,1.35,765.2,8.0,3.0,181.3,181.0,44.0,228.0,109.0,14.0,117.8,51.0,7.0,,,,30,,Jan Paul,van Hecke,Van Hecke,,,2490,3,2,7,34,1,0,0,7,0,0,28,274,,,,0.0,0.25,1.23,1.01,8.82,42,202,83
152,a,100.0,100.0,4.3,574,122.0,0,0.0,-2,2.0,0.1,431,161.0,35,1,1.9,344.0,128.0,1,134,1.0,239.0,88.0,0.2,8.1,0.0,22316,9,36356,11,0.5,1.0,0.99,0.12,1.11,14.89,0.11,0.01,0.12,1.59,219.8,253.0,102.0,71.5,305.0,100.0,63.0,301.0,89.0,35.5,307.0,103.0,,,,30,,Joël,Veltman,Veltman,,,841,1,0,1,12,0,0,0,4,0,0,8,102,,,,0.0,0.11,1.28,0.86,9.63,29,61,34
153,i,0.0,0.0,4.4,523,102.0,0,0.0,-1,1.0,0.0,762,258.0,0,0,0.0,667.0,253.0,0,0,0.0,564.0,233.0,0.0,0.0,0.0,965,1,1738,1,0.0,0.0,0.0,0.0,0.0,0.0,0.0,0.0,0.0,0.0,0.0,657.0,253.0,0.0,653.0,253.0,0.0,631.0,252.0,0.0,659.0,253.0,,,,30,,Adam,Webster,Webster,Knee injury - Unknown return date,,0,0,0,0,0,0,0,0,0,0,0,0,0,,,,0.0,0.0,0.0,0.0,0.0,0,0,0
154,u,0.0,0.0,4.0,679,169.0,0,0.0,0,0.0,0.0,781,260.0,0,0,0.0,589.0,216.0,0,0,0.0,455.0,178.0,0.0,0.0,0.0,0,0,782,0,0.0,0.0,0.0,0.0,0.0,0.0,0.0,0.0,0.0,0.0,0.0,579.0,216.0,0.0,570.0,216.0,0.0,541.0,212.0,0.0,581.0,216.0,,,,30,,Eiran,Cashin,Cashin,has joined Blackburn Rovers on loan for the rest of the season.,,0,0,0,0,0,0,0,0,0,0,0,0,0,,,,0.0,0.0,0.0,0.0,0.0,0,0,0
155,u,0.0,0.0,4.0,722,197.0,0,0.0,0,0.0,0.1,501,177.0,0,0,0.0,623.0,236.0,0,0,0.0,492.0,201.0,0.0,0.0,0.0,3175,0,16649,2,0.0,0.0,0.0,0.0,0.0,0.0,0.0,0.0,0.0,0.0,0.0,613.0,236.0,0.0,605.0,236.0,0.0,577.0,233.0,0.0,615.0,236.0,,,,30,,Jacob,Slater,Slater,has joined Harrogate Town on loan until January.,,0,0,0,0,0,0,0,0,0,0,0,0,0,,,,0.0,0.0,0.0,0.0,0.0,0,0,0
743,a,,,4.5,497,307.0,0,0.0,0,0.0,0.0,730,304.0,0,0,0.0,744.0,313.0,0,0,0.0,667.0,262.0,0.0,0.0,0.0,1522,0,1381,1,0.5,0.5,0.0,0.0,0.0,0.0,0.0,0.0,0.0,0.0,0.0,743.0,312.0,0.0,737.0,312.0,0.0,724.0,308.0,0.0,743.0,312.0,,,,30,,Landon,Emenalo,Emenalo,,,0,0,0,0,0,0,0,0,0,0,0,0,0,,,,0.0,0.0,0.0,0.0,0.0,0,0,0
580,a,,,6.5,50,32.0,0,0.0,-5,5.0,2.4,125,41.0,51,0,2.0,339.0,148.0,2,174,1.5,210.0,90.0,0.2,7.8,0.0,1145628,22,1319765,129,0.0,1.5,1.77,0.81,2.58,18.86,0.14,0.06,0.2,1.48,184.8,275.0,115.0,192.5,173.0,118.0,189.0,145.0,82.0,56.3,226.0,111.0,4.0,,,30,,Brennan,Johnson,Johnson,,,1145,2,1,4,13,0,0,0,4,0,0,12,73,,,,0.0,0.31,1.02,0.94,5.74,18,23,32
654,a,100.0,100.0,6.1,82,26.0,0,0.0,-4,4.0,2.2,135,21.0,61,0,2.3,303.0,32.0,3,183,2.0,168.0,21.0,0.3,10.0,0.0,476004,202,731693,1305,0.0,2.0,4.16,0.67,4.83,27.62,0.21,0.03,0.24,1.38,242.2,233.0,20.0,163.8,191.0,18.0,384.0,53.0,21.0,77.8,143.0,19.0,,,,30,,Jørgen,Strand Larsen,Strand Larsen,,,1806,4,1,5,31,0,0,1,4,0,0,19,75,,,,0.0,0.25,1.54,0.95,3.74,7,41,27
677,a,100.0,100.0,6.2,77,50.0,0,0.0,-3,3.0,0.1,570,212.0,39,0,2.2,316.0,139.0,0,132,2.2,149.0,62.0,0.4,6.3,0.0,10944,10,13590,28,0.0,2.2,1.52,0.73,2.25,11.62,0.17,0.08,0.25,1.32,154.8,304.0,137.0,72.9,303.0,172.0,167.0,165.0,90.0,39.1,297.0,147.0,,,,30,,Evann,Guessand,Guessand,,,790,1,3,1,15,0,0,0,0,0,0,8,77,,,,0.0,0.11,1.71,0.91,8.77,24,12,41
690,a,100.0,100.0,4.4,565,338.0,0,0.0,-1,1.0,0.3,338,115.0,0,0,0.0,686.0,268.0,0,0,0.0,592.0,206.0,0.0,0.0,0.0,58172,3,55646,7,0.0,0.0,0.0,0.0,0.0,0.0,0.0,0.0,0.0,0.0,0.0,679.0,261.0,0.0,674.0,265.0,0.0,654.0,256.0,0.0,681.0,263.0,,,,30,,Rio,Cardines,Cardines,,,0,0,0,0,0,0,0,0,0,0,0,0,0,,,,0.0,0.0,0.0,0.0,0.0,0,0,0
712,a,100.0,100.0,5.8,109,70.0,0,0.0,-2,2.0,0.2,390,130.0,65,0,2.5,277.0,119.0,3,265,1.0,256.0,116.0,0.2,11.2,0.0,129223,8,112418,44,0.0,1.0,3.94,4.78,8.72,23.97,0.21,0.25,0.46,1.26,271.0,211.0,90.0,573.4,19.0,19.0,318.0,74.0,43.0,116.0,57.0,38.0,2.0,1.0,,30,,Yéremy,Pino Santos,Yeremy,,,1706,2,1,7,20,0,0,0,4,0,0,21,135,,,,0.0,0.37,1.06,1.11,7.12,30,24,81
723,a,100.0,100.0,4.5,510,96.0,0,0.0,0,0.0,0.0,631,225.0,37,0,3.1,174.0,67.0,4,114,2.5,118.0,45.0,0.6,8.2,0.0,5509,5,4039,7,0.0,2.5,0.79,0.21,1.0,12.91,0.11,0.03,0.14,1.87,164.4,294.0,114.0,24.8,387.0,140.0,28.0,364.0,123.0,21.6,366.0,127.0,,,,30,,Jaydee,Canvot,Canvot,,,622,0,0,3,9,0,0,0,2,0,0,6,79,,,,0.0,0.43,1.3,0.87,11.43,22,57,24
732,a,,,5.5,154,38.0,0,0.0,0,0.0,0.1,578,79.0,17,0,1.2,442.0,54.0,0,42,0.2,365.0,46.0,0.0,3.1,0.0,14665,10,11024,8,0.0,0.2,0.49,0.01,0.5,4.63,0.28,0.01,0.29,2.62,13.2,453.0,54.0,7.1,435.0,57.0,73.0,292.0,50.0,8.8,425.0,54.0,,,,30,,Christantus,Uche,Uche,,,159,0,1,0,4,0,0,0,0,0,0,0,13,,,,0.0,0.0,2.26,0.0,7.36,1,3,9
762,a,,,4.5,513,317.0,0,0.0,0,0.0,0.0,777,337.0,2,0,1.0,484.0,220.0,0,6,0.0,680.0,271.0,0.0,0.4,0.0,680,1,417,0,0.0,0.0,0.0,0.0,0.0,0.73,0.0,0.0,0.0,9.39,1.4,493.0,227.0,1.0,467.0,225.0,0.0,736.0,317.0,0.3,499.0,230.0,,,,30,,Joél,Drakes-Thomas,Drakes-Thomas,,,7,0,0,0,1,0,0,0,0,0,0,0,3,,,,0.0,0.0,12.86,0.0,38.57,1,0,2
773,a,,,4.0,736,211.0,0,0.0,0,0.0,0.0,718,249.0,0,0,0.0,632.0,245.0,0,0,0.0,503.0,212.0,0.0,0.0,0.0,720,2,541,2,0.0,0.0,0.0,0.0,0.0,0.0,0.0,0.0,0.0,0.0,0.0,622.0,245.0,0.0,614.0,245.0,0.0,587.0,243.0,0.0,624.0,245.0,,,,30,,Dean,Benamar,Benamar,,,0,0,0,0,0,0,0,0,0,0,0,0,0,,,,0.0,0.0,0.0,0.0,0.0,0,0,0
780,a,,,4.5,505,73.0,0,0.0,0,0.0,0.0,664,84.0,0,0,0.0,751.0,83.0,0,0,0.0,674.0,71.0,0.0,0.0,0.0,3096,0,1609,4,0.0,0.0,0.0,0.0,0.0,0.0,0.0,0.0,0.0,0.0,0.0,750.0,83.0,0.0,744.0,82.0,0.0,731.0,82.0,0.0,750.0,83.0,,,,30,,Ben,Casey,Casey,,,0,0,0,0,0,0,0,0,0,0,0,0,0,,,,0.0,0.0,0.0,0.0,0.0,0,0,0
793,a,,,4.0,724,199.0,0,0.0,0,0.0,0.0,698,243.0,0,0,0.0,625.0,238.0,0,0,0.0,494.0,203.0,0.0,0.0,0.0,1314,3,614,3,0.0,0.0,0.0,0.0,0.0,0.0,0.0,0.0,0.0,0.0,0.0,615.0,238.0,0.0,607.0,238.0,0.0,579.0,235.0,0.0,617.0,238.0,,,,30,,George,King,King,,,0,0,0,0,0,0,0,0,0,0,0,0,0,,,,0.0,0.0,0.0,0.0,0.0,0,0,0
798,u,0.0,0.0,4.0,701,182.0,0,0.0,0,0.0,0.0,804,265.0,0,0,0.0,607.0,225.0,0,0,0.0,474.0,188.0,0.0,0.0,0.0,142,0,179,0,0.0,0.0,0.0,0.0,0.0,0.0,0.0,0.0,0.0,0.0,0.0,597.0,225.0,0.0,588.0,225.0,0.0,559.0,221.0,0.0,599.0,225.0,,,,30,,Danny,Imray,Imray,has joined West Brom on loan for the rest of the season.,,0,0,0,0,0,0,0,0,0,0,0,0,0,,,,0.0,0.0,0.0,0.0,0.0,0,0,0
290,a,100.0,100.0,5.3,197,23.0,0,0.0,-2,2.0,0.4,269,100.0,24,0,3.4,136.0,49.0,0,84,4.2,50.0,17.0,0.8,4.5,0.0,50920,423,81817,173,3.7,3.2,0.28,0.09,0.37,5.41,0.05,0.02,0.07,0.99,121.2,335.0,129.0,31.6,377.0,134.0,74.0,290.0,84.0,22.7,362.0,125.0,,,,30,,Jarrad,Branthwaite,Branthwaite,,,490,1,1,1,6,0,0,0,1,0,0,5,42,,,,0.0,0.18,1.1,0.92,7.71,9,33,20
291,a,,,5.7,111,8.0,0,0.0,2,-2.0,11.2,30,10.0,136,0,4.7,23.0,7.0,9,484,4.8,32.0,13.0,0.8,23.9,0.0,2430208,5284,1872373,1288,4.3,3.8,2.04,1.32,3.36,41.23,0.07,0.05,0.12,1.42,746.0,9.0,4.0,185.6,177.0,43.0,265.0,92.0,8.0,120.0,47.0,5.0,,,,30,,James,Tarkowski,Tarkowski,,,2610,1,1,10,33,0,0,0,5,0,0,29,330,,,,0.0,0.34,1.14,1.0,10.48,39,265,69
292,a,100.0,100.0,4.9,312,50.0,0,0.0,-1,1.0,0.6,238,90.0,77,1,3.1,175.0,68.0,1,287,2.5,121.0,46.0,0.5,15.7,0.0,146421,82,176665,43,2.0,1.5,0.28,2.22,2.5,36.1,0.01,0.09,0.1,1.45,397.8,122.0,53.0,283.0,109.0,26.0,65.0,298.0,88.0,74.5,151.0,51.0,,,,30,,Vitalii,Mykolenko,Mykolenko,,,2239,0,1,8,32,1,0,0,5,0,0,25,194,,,,0.0,0.32,1.29,1.0,6.91,32,140,84
293,a,100.0,100.0,4.9,336,56.0,0,0.0,-1,1.0,0.6,224,85.0,96,3,3.3,150.0,55.0,2,328,2.5,123.0,47.0,0.5,19.6,0.0,170156,115,165799,64,2.0,1.5,0.83,0.83,1.66,41.75,0.03,0.03,0.06,1.53,445.6,87.0,38.0,224.5,145.0,38.0,126.0,217.0,53.0,79.9,138.0,43.0,,,,30,,Jake,O'Brien,O'Brien,,,2456,0,2,9,33,0,0,0,2,1,0,27,219,,,,0.0,0.33,1.21,0.99,7.0,48,143,94
294,a,100.0,25.0,4.2,625,140.0,0,0.0,-3,3.0,0.1,493,175.0,3,0,1.0,460.0,170.0,0,10,0.0,512.0,216.0,0.0,0.7,0.0,6347,1,17959,3,-0.1,-0.2,0.0,0.0,0.0,0.24,0.0,0.0,0.0,1.96,0.0,628.0,248.0,0.1,483.0,176.0,0.0,594.0,246.0,0.0,630.0,248.0,,,,30,,Séamus,Coleman,Coleman,,,11,0,0,0,0,0,0,0,0,0,0,1,0,,,,0.0,0.0,0.0,8.18,0.0,0,0,1
295,a,100.0,100.0,4.6,398,67.0,0,0.0,1,-1.0,3.2,103,38.0,110,3,4.2,46.0,18.0,8,346,1.8,171.0,65.0,0.4,23.9,0.0,1428597,345,1087939,450,1.3,0.8,1.97,0.2,2.17,36.19,0.09,0.01,0.1,1.59,585.0,41.0,16.0,28.5,378.0,135.0,228.0,110.0,15.0,84.1,124.0,38.0,,,,30,,Michael,Keane,Keane,,,2045,3,0,6,30,0,0,0,0,1,0,23,276,,,,0.0,0.26,1.32,1.01,10.83,28,218,72
296,a,100.0,100.0,4.4,535,113.0,0,0.0,-1,1.0,0.0,628,223.0,21,0,3.5,114.0,39.0,0,68,0.0,569.0,237.0,0.0,4.8,0.0,5812,1,6697,8,-0.5,-1.0,0.03,0.04,0.07,3.55,0.01,0.02,0.03,1.35,63.6,396.0,152.0,6.4,437.0,157.0,17.0,390.0,140.0,8.6,427.0,154.0,,,,30,,Nathan,Patterson,Patterson,,,237,0,0,2,1,0,0,0,0,0,0,3,30,,,,0.0,0.76,0.38,1.14,11.39,10,20,14
297,u,0.0,0.0,3.8,799,246.0,0,0.0,-2,2.0,0.2,402,148.0,0,0,0.0,528.0,190.0,0,0,0.0,387.0,147.0,0.0,0.0,0.0,9298,0,21693,4,0.0,0.0,0.0,0.0,0.0,0.0,0.0,0.0,0.0,0.0,0.0,518.0,190.0,0.0,503.0,189.0,0.0,472.0,183.0,0.0,520.0,190.0,,,,30,,Roman,Dixon,Dixon,has joined Stockport County on loan for the rest of the season.,,0,0,0,0,0,0,0,0,0,0,0,0,0,,,,0.0,0.0,0.0,0.0,0.0,0,0,0
664,a,,,3.9,745,72.0,0,0.0,-1,1.0,0.7,216,28.0,0,0,0.0,544.0,42.0,0,0,0.0,406.0,33.0,0.0,0.0,0.0,42881,22,54049,47,0.5,0.0,0.0,0.0,0.0,0.0,0.0,0.0,0.0,0.0,0.0,534.0,42.0,0.0,521.0,25.0,0.0,491.0,12.0,0.0,536.0,42.0,,,,30,,Benjamin,Lecomte,Lecomte,,,0,0,0,0,0,0,0,0,0,0,0,0,0,,,,0.0,0.0,0.0,0.0,0.0,0,0,0
133,u,0.0,0.0,4.4,540,322.0,0,0.0,-1,1.0,0.0,637,249.0,1,0,1.0,467.0,205.0,0,2,0.0,572.0,191.0,0.0,0.2,0.0,3881,0,6395,1,0.0,0.0,0.0,0.0,0.0,0.0,0.0,0.0,0.0,0.0,0.0,662.0,249.0,0.0,658.0,254.0,0.0,636.0,243.0,0.0,664.0,251.0,,,,30,,Myles,Peart-Harris,Peart-Harris,has joined Oxford United permanently.,,1,0,0,0,0,0,0,0,0,0,0,0,0,,,,0.0,0.0,0.0,0.0,0.0,0,0,0
504,u,0.0,0.0,4.0,674,47.0,0,0.0,0,0.0,0.1,523,76.0,0,0,0.0,584.0,67.0,0,0,0.0,450.0,60.0,0.0,0.0,0.0,0,0,15747,1,0.0,0.0,0.0,0.0,0.0,0.0,0.0,0.0,0.0,0.0,0.0,574.0,67.0,0.0,565.0,54.0,0.0,536.0,41.0,0.0,576.0,67.0,,,,30,,Matt,Turner,Turner,Has joined Lyon permanently.,,0,0,0,0,0,0,0,0,0,0,0,0,0,,,,0.0,0.0,0.0,0.0,0.0,0,0,0
615,i,0.0,0.0,5.7,118,74.0,0,0.0,2,-2.0,2.2,134,45.0,92,0,3.8,85.0,39.0,10,337,3.8,65.0,29.0,0.7,16.1,0.0,552224,33,278116,5978,0.0,0.0,4.53,1.94,6.47,28.26,0.22,0.09,0.31,1.37,371.0,142.0,49.0,331.2,75.0,57.0,472.0,29.0,14.0,117.4,52.0,35.0,2.0,,,30,,Crysencio,Summerville,Summerville,Calf injury - Unknown return date,,1856,5,3,5,34,0,0,0,4,0,0,22,163,,,,0.0,0.24,1.65,1.07,7.9,31,42,90
616,u,0.0,0.0,4.9,310,194.0,0,0.0,-1,1.0,0.0,598,226.0,0,0,0.0,770.0,331.0,0,0,0.0,717.0,296.0,0.0,0.0,0.0,1147,0,16103,0,0.0,0.0,0.0,0.0,0.0,0.0,0.0,0.0,0.0,0.0,0.0,769.0,330.0,0.0,765.0,330.0,0.0,761.0,328.0,0.0,769.0,330.0,,,,30,,Edson,Álvarez Velázquez,Álvarez,Has joined Fenerbahçe on loan for the rest of the season.,,0,0,0,0,0,0,0,0,0,0,0,0,0,,,,0.0,0.0,0.0,0.0,0.0,0,0,0
617,u,0.0,0.0,4.9,290,179.0,0,0.0,-1,1.0,0.0,712,293.0,0,0,0.0,766.0,328.0,0,0,0.0,706.0,288.0,0.0,0.0,0.0,246,0,3223,0,0.0,0.0,0.0,0.0,0.0,0.0,0.0,0.0,0.0,0.0,0.0,765.0,327.0,0.0,761.0,327.0,0.0,757.0,325.0,0.0,765.0,327.0,,,,30,,Maxwel,Cornet,Cornet,has joined Genoa on loan for the rest of the season.,,0,0,0,0,0,0,0,0,0,0,0,0,0,,,,0.0,0.0,0.0,0.0,0.0,0,0,0
618,u,0.0,0.0,4.8,352,222.0,0,0.0,-2,2.0,0.0,611,235.0,8,0,1.3,433.0,194.0,0,30,0.0,692.0,280.0,0.0,1.7,0.0,2295,0,6162,1,0.0,0.0,0.03,0.04,0.07,2.59,0.02,0.02,0.04,1.33,9.8,463.0,207.0,6.0,439.0,212.0,2.0,452.0,222.0,1.7,471.0,214.0,,,,30,,Guido,Rodríguez,G.Rodriguez,has joined Valencia on loan for the rest of the season.,,175,0,0,1,2,0,0,0,1,0,0,2,15,,,,0.0,0.51,1.03,1.03,7.71,1,4,10
619,u,0.0,0.0,4.9,341,212.0,0,0.0,-1,1.0,0.0,681,276.0,5,0,1.0,492.0,226.0,0,11,0.0,732.0,307.0,0.0,1.0,0.0,868,0,3397,0,0.0,0.0,0.07,0.03,0.1,1.82,0.05,0.02,0.07,1.35,9.2,464.0,208.0,14.5,405.0,200.0,4.0,436.0,215.0,2.5,464.0,209.0,,,,30,,Luis Guilherme,Lira dos Santos,L.Guilherme,has joined Sporting CP permanently.,,121,0,0,0,2,0,0,0,0,0,0,1,11,,,,0.0,0.0,1.49,0.74,8.18,1,2,8
620,u,0.0,0.0,4.5,446,267.0,0,0.0,0,0.0,0.0,610,234.0,1,0,1.0,475.0,212.0,0,3,0.0,624.0,226.0,0.0,0.2,0.0,3770,0,9540,3,0.0,0.0,0.0,0.01,0.01,0.73,0.0,0.11,0.11,8.21,0.0,704.0,279.0,1.5,461.0,221.0,2.0,449.0,219.0,0.4,494.0,226.0,,,,30,,George,Earthy,Earthy,has joined Bristol City on loan for the rest of the season.,,8,0,0,0,1,0,0,0,0,0,0,0,0,,,,0.0,0.0,11.25,0.0,0.0,0,0,0
621,u,0.0,0.0,4.3,584,344.0,0,0.0,-2,2.0,0.2,365,121.0,9,0,1.3,430.0,191.0,0,49,0.0,534.0,170.0,0.0,2.1,0.0,43311,0,55507,14,0.0,0.0,0.0,0.17,0.17,4.03,0.0,0.1,0.1,2.32,31.6,430.0,189.0,52.3,338.0,182.0,2.0,444.0,217.0,8.6,426.0,191.0,,,,30,,Andy,Irving,Irving,has joined Sparta Prague permanently.,,156,0,0,0,4,0,0,0,0,0,0,2,22,,,,0.0,0.0,2.31,1.15,12.69,6,2,14
134,u,0.0,0.0,4.5,486,299.0,0,0.0,0,0.0,0.0,789,345.0,0,0,0.0,737.0,308.0,0,0,0.0,659.0,256.0,0.0,0.0,0.0,0,0,949,0,0.0,0.0,0.0,0.0,0.0,0.0,0.0,0.0,0.0,0.0,0.0,735.0,306.0,0.0,729.0,306.0,0.0,716.0,302.0,0.0,735.0,306.0,,,,30,,Ryan,Trevitt,Trevitt,Has joined Wigan on loan for the rest of the season,,0,0,0,0,0,0,0,0,0,0,0,0,0,,,,0.0,0.0,0.0,0.0,0.0,0,0,0
136,a,100.0,100.0,7.2,33,13.0,0,0.0,12,-12.0,35.3,7,3.0,143,0,4.9,14.0,3.0,19,583,2.5,133.0,16.0,0.3,19.9,0.0,8927211,4884,4671372,1396,2.5,3.0,15.64,1.62,17.26,39.03,0.57,0.06,0.63,1.42,788.2,7.0,2.0,275.2,114.0,6.0,936.0,2.0,2.0,199.7,5.0,2.0,,,2.0,30,,Igor Thiago,Nascimento Rodrigues,Thiago,,,2472,18,1,7,38,0,0,1,6,0,0,28,151,,,,0.0,0.25,1.38,1.02,5.5,23,55,73
137,u,0.0,0.0,4.4,554,78.0,0,0.0,-1,1.0,0.3,322,51.0,0,0,0.0,678.0,70.0,0,0,0.0,582.0,58.0,0.0,0.0,0.0,52422,0,81629,7,0.0,0.0,0.0,0.0,0.0,0.0,0.0,0.0,0.0,0.0,0.0,670.0,70.0,0.0,665.0,69.0,0.0,645.0,69.0,0.0,672.0,70.0,,,,30,,Iwan,Morgan,Morgan,has joined Shrewsbury on loan for the rest of the season.,,0,0,0,0,0,0,0,0,0,0,0,0,0,,,,0.0,0.0,0.0,0.0,0.0,0,0,0
748,i,0.0,0.0,4.9,299,186.0,0,0.0,-1,1.0,0.0,810,359.0,0,0,0.0,768.0,330.0,0,0,0.0,712.0,294.0,0.0,0.0,0.0,192,0,226,0,0.0,0.0,0.0,0.0,0.0,0.0,0.0,0.0,0.0,0.0,0.0,767.0,329.0,0.0,763.0,329.0,0.0,759.0,327.0,0.0,767.0,329.0,,,,30,,Josh,Dasilva,Dasilva,Lack of match fitness - Expected back 24 May,,0,0,0,0,0,0,0,0,0,0,0,0,0,,,,0.0,0.0,0.0,0.0,0.0,0,0,0
810,a,,,4.5,468,285.0,0,0.0,0,0.0,0.0,803,356.0,0,0,0.0,724.0,298.0,0,0,0.0,642.0,242.0,0.0,0.0,0.0,327,0,131,2,0.0,0.5,0.0,0.0,0.0,0.0,0.0,0.0,0.0,0.0,0.0,721.0,295.0,0.0,716.0,296.0,0.0,701.0,290.0,0.0,722.0,296.0,,,,30,,Luka,Bentt,Bentt,,,0,0,0,0,0,0,0,0,0,0,0,0,0,,,,0.0,0.0,0.0,0.0,0.0,0,0,0
819,a,,,4.0,695,178.0,0,0.0,0,0.0,0.0,792,264.0,0,0,0.0,602.0,222.0,0,0,0.0,469.0,185.0,0.0,0.0,0.0,209,2,40,1,0.0,0.5,0.0,0.0,0.0,0.0,0.0,0.0,0.0,0.0,0.0,592.0,222.0,0.0,583.0,222.0,0.0,554.0,218.0,0.0,594.0,222.0,,,,30,,Ollie,Shield,Shield,,,0,0,0,0,0,0,0,0,0,0,0,0,0,,,,0.0,0.0,0.0,0.0,0.0,0,0,0
138,a,,,4.2,624,31.0,0,0.0,-3,3.0,0.2,350,49.0,0,0,0.0,637.0,87.0,0,0,0.0,511.0,81.0,0.0,0.0,0.0,10644,6,39715,13,-0.5,0.0,0.0,0.0,0.0,0.0,0.0,0.0,0.0,0.0,0.0,627.0,87.0,0.0,620.0,76.0,0.0,593.0,63.0,0.0,629.0,87.0,,,,30,,Jason,Steele,Steele,,,0,0,0,0,0,0,0,0,0,0,0,0,0,,,,0.0,0.0,0.0,0.0,0.0,0,0,0
139,a,,,4.5,444,25.0,0,0.0,0,0.0,5.4,67,11.0,98,7,3.3,146.0,17.0,4,486,4.8,30.0,4.0,1.1,21.8,0.0,702047,639,865775,286,4.3,4.8,0.0,0.05,0.05,40.06,0.0,0.0,0.0,1.34,703.4,13.0,3.0,10.0,424.0,8.0,0.0,683.0,78.0,71.4,161.0,3.0,,,,30,,Bart,Verbruggen,Verbruggen,,,2700,0,0,7,36,1,1,0,3,0,83,30,102,,,,2.77,0.23,1.2,1.0,0.0,1,24,265
140,a,,,3.9,752,77.0,0,0.0,-1,1.0,0.3,314,43.0,0,0,0.0,549.0,47.0,0,0,0.0,413.0,38.0,0.0,0.0,0.0,18180,5,28297,13,-0.5,0.0,0.0,0.0,0.0,0.0,0.0,0.0,0.0,0.0,0.0,539.0,47.0,0.0,526.0,30.0,0.0,496.0,17.0,0.0,541.0,47.0,,,,30,,Tom,McGill,McGill,,,0,0,0,0,0,0,0,0,0,0,0,0,0,,,,0.0,0.0,0.0,0.0,0.0,0,0,0
141,u,0.0,0.0,4.0,688,55.0,0,0.0,0,0.0,0.0,807,92.0,0,0,0.0,596.0,75.0,0,0,0.0,462.0,68.0,0.0,0.0,0.0,0,0,246,0,0.0,0.0,0.0,0.0,0.0,0.0,0.0,0.0,0.0,0.0,0.0,586.0,75.0,0.0,577.0,62.0,0.0,548.0,49.0,0.0,588.0,75.0,,,,30,,Carl,Rushworth,Rushworth,Has joined Coventry City on loan for the rest of the season.,,0,0,0,0,0,0,0,0,0,0,0,0,0,,,,0.0,0.0,0.0,0.0,0.0,0,0,0
142,u,0.0,0.0,4.0,676,48.0,0,0.0,0,0.0,0.0,808,93.0,0,0,0.0,586.0,68.0,0,0,0.0,452.0,61.0,0.0,0.0,0.0,0,0,205,0,0.0,0.0,0.0,0.0,0.0,0.0,0.0,0.0,0.0,0.0,0.0,576.0,68.0,0.0,567.0,55.0,0.0,538.0,42.0,0.0,578.0,68.0,,,,30,,Kjell,Scherpen,Scherpen,Has joined Union SG permanently,,0,0,0,0,0,0,0,0,0,0,0,0,0,,,,0.0,0.0,0.0,0.0,0.0,0,0,0
143,a,,,4.2,630,143.0,0,0.0,-3,3.0,0.1,504,179.0,21,0,2.6,248.0,94.0,2,88,0.2,339.0,121.0,0.0,5.0,0.0,6610,2,13001,6,-0.3,0.2,0.05,0.31,0.36,5.37,0.01,0.06,0.07,1.1,122.0,334.0,128.0,46.4,349.0,121.0,12.0,397.0,144.0,18.1,381.0,136.0,,,,30,,Olivier,Boscagli,Boscagli,,,439,0,1,1,5,0,0,0,2,0,0,5,41,,,,0.0,0.21,1.03,1.03,8.41,10,31,34
144,u,0.0,0.0,4.2,644,153.0,0,0.0,-3,3.0,0.0,600,214.0,10,0,2.0,329.0,122.0,0,32,0.0,523.0,223.0,0.0,2.4,0.0,2735,0,8278,0,0.0,0.0,0.0,0.01,0.01,4.52,0.0,0.0,0.0,2.11,42.4,419.0,157.0,3.7,448.0,162.0,2.0,443.0,167.0,4.8,450.0,163.0,,,,30,,Diego,Coppola,Coppola,has joined Paris FC on loan for the rest of the season.,,193,0,0,1,3,0,0,0,2,0,0,2,19,,,,0.0,0.47,1.4,0.93,8.39,2,16,6
145,a,100.0,100.0,4.3,590,134.0,0,0.0,-2,2.0,1.7,152,59.0,61,1,2.5,267.0,103.0,6,228,0.8,268.0,96.0,0.2,14.2,0.0,254941,25,718764,137,0.3,0.8,1.55,2.15,3.7,20.89,0.12,0.17,0.29,1.64,215.0,258.0,105.0,319.7,83.0,19.0,132.0,210.0,50.0,66.7,184.0,61.0,3.0,1.0,,30,,Maxim,De Cuyper,De Cuyper,,,1145,2,0,4,18,0,0,0,2,0,0,14,75,,,,0.0,0.31,1.41,1.1,4.01,18,33,57
146,a,100.0,100.0,4.5,407,72.0,0,0.0,0,0.0,1.0,189,72.0,78,8,2.8,216.0,84.0,0,383,3.8,61.0,22.0,0.8,17.3,0.0,158315,184,199267,52,3.3,3.8,1.3,0.51,1.81,37.35,0.05,0.02,0.07,1.36,538.0,58.0,27.0,96.1,267.0,80.0,147.0,191.0,45.0,78.3,141.0,46.0,,3.0,,30,,Lewis,Dunk,Dunk,,,2475,0,1,6,34,0,0,0,9,0,0,27,256,,,,0.0,0.22,1.24,0.98,7.78,32,182,115
147,u,0.0,0.0,4.5,418,79.0,0,0.0,0,0.0,0.0,746,256.0,0,0,0.0,694.0,255.0,0,0,0.0,605.0,240.0,0.0,0.0,0.0,0,0,1985,0,0.0,0.0,0.0,0.0,0.0,0.0,0.0,0.0,0.0,0.0,0.0,688.0,255.0,0.0,683.0,255.0,0.0,664.0,254.0,0.0,690.0,255.0,,,,30,,Pervis,Estupiñán Tenorio,Estupiñan,Has joined AC Milan permanently,,0,0,0,0,0,0,0,0,0,0,0,0,0,,,,0.0,0.0,0.0,0.0,0.0,0,0,0
148,a,,,4.4,529,107.0,0,0.0,-1,1.0,0.4,292,109.0,84,8,2.9,199.0,76.0,4,388,4.8,28.0,11.0,1.1,19.1,0.0,83646,155,67479,39,4.3,4.8,1.52,2.36,3.88,35.61,0.06,0.09,0.15,1.33,360.2,148.0,63.0,342.9,73.0,16.0,176.0,157.0,33.0,88.2,112.0,31.0,,,,30,,Ferdi,Kadıoğlu,F.Kadıoğlu,,,2410,0,2,7,31,0,0,0,6,0,0,26,165,,,,0.0,0.26,1.16,0.97,5.04,51,84,108
156,a,,,3.8,806,253.0,0,0.0,-2,2.0,0.2,406,149.0,0,0,0.0,533.0,195.0,0,0,0.0,394.0,154.0,0.0,0.0,0.0,12268,9,17266,8,-0.5,0.0,0.0,0.0,0.0,0.0,0.0,0.0,0.0,0.0,0.0,523.0,195.0,0.0,509.0,195.0,0.0,478.0,189.0,0.0,525.0,195.0,,,,30,,Charlie,Tasker,Tasker,,,0,0,0,0,0,0,0,0,0,0,0,0,0,,,,0.0,0.0,0.0,0.0,0.0,0,0,0
1,a,,,6.0,86,1.0,0,0.0,5,-5.0,34.6,9,1.0,129,7,4.2,52.0,3.0,6,515,4.2,52.0,5.0,0.7,21.5,0.0,4091253,1558,2374185,3039,0.0,5.2,0.0,0.06,0.06,22.3,0.0,0.0,0.0,0.72,425.8,106.0,18.0,33.4,371.0,3.0,0.0,811.0,94.0,46.0,268.0,16.0,,,,30,,David,Raya Martín,Raya,,,2790,0,0,15,22,0,0,0,1,0,50,31,94,,,,1.61,0.48,0.71,1.0,0.0,1,30,257
2,a,,,4.1,651,36.0,0,0.0,-4,4.0,0.4,280,37.0,0,0,0.0,635.0,85.0,0,0,0.0,506.0,78.0,0.0,0.0,0.0,14656,5,76992,14,0.0,1.0,0.0,0.0,0.0,0.0,0.0,0.0,0.0,0.0,0.0,625.0,85.0,0.0,617.0,73.0,0.0,590.0,60.0,0.0,627.0,85.0,,,,30,,Kepa,Arrizabalaga Revuelta,Arrizabalaga,,,0,0,0,0,0,0,0,0,0,0,0,0,0,,,,0.0,0.0,0.0,0.0,0.0,0,0,0
3,u,0.0,0.0,4.0,686,54.0,0,0.0,0,0.0,0.2,373,54.0,0,0,0.0,595.0,74.0,0,0,0.0,461.0,67.0,0.0,0.0,0.0,5545,0,48235,3,0.0,0.0,0.0,0.0,0.0,0.0,0.0,0.0,0.0,0.0,0.0,585.0,74.0,0.0,576.0,61.0,0.0,547.0,48.0,0.0,587.0,74.0,,,,30,,Karl,Hein,Hein,Has joined Werder Bremen on loan for the rest of the season.,,0,0,0,0,0,0,0,0,0,0,0,0,0,,,,0.0,0.0,0.0,0.0,0.0,0,0,0
4,a,,,3.9,776,90.0,0,0.0,-1,1.0,0.2,362,52.0,0,0,0.0,567.0,59.0,0,0,0.0,431.0,50.0,0.0,0.0,0.0,33849,6,33741,12,0.0,1.0,0.0,0.0,0.0,0.0,0.0,0.0,0.0,0.0,0.0,557.0,59.0,0.0,545.0,43.0,0.0,515.0,30.0,0.0,559.0,59.0,,,,30,,Tommy,Setford,Setford,,,0,0,0,0,0,0,0,0,0,0,0,0,0,,,,0.0,0.0,0.0,0.0,0.0,0,0,0
5,a,100.0,100.0,7.2,30,1.0,0,0.0,12,-12.0,43.5,4,1.0,172,8,6.9,1.0,1.0,24,593,6.8,3.0,2.0,0.9,23.9,0.0,8222377,1708,5213912,5634,0.0,7.8,1.9,1.65,3.55,15.82,0.08,0.07,0.15,0.66,665.6,21.0,7.0,105.4,256.0,72.0,196.0,137.0,24.0,96.5,92.0,23.0,,,,30,,Gabriel,dos Santos Magalhães,Gabriel,,,2165,3,4,14,15,0,0,0,3,0,0,24,239,,,,0.0,0.58,0.62,1.0,9.31,32,192,46
6,a,100.0,100.0,6.1,84,4.0,0,0.0,1,-1.0,13.3,24,9.0,104,8,4.2,54.0,23.0,6,448,4.2,53.0,18.0,0.7,17.0,0.0,1911325,1168,2241903,1690,0.0,5.2,0.88,0.7,1.58,15.15,0.04,0.03,0.07,0.66,400.0,119.0,51.0,124.6,225.0,57.0,72.0,293.0,86.0,59.7,208.0,70.0,,,,30,,William,Saliba,Saliba,,,2074,1,0,11,16,0,0,0,1,0,0,24,181,,,,0.0,0.48,0.69,1.04,6.51,29,121,96
7,a,100.0,100.0,5.6,132,14.0,0,0.0,1,-1.0,6.0,63,21.0,93,6,4.2,50.0,22.0,4,339,1.6,193.0,70.0,0.3,16.6,0.0,2633996,144,2466517,256,0.0,2.6,2.92,0.49,3.41,8.96,0.18,0.03,0.21,0.56,233.2,240.0,94.0,110.2,249.0,69.0,230.0,108.0,13.0,57.4,222.0,75.0,,,,30,,Riccardo,Calafiori,Calafiori,,,1446,1,2,11,8,0,0,0,5,0,0,18,134,,,,0.0,0.68,0.5,1.12,5.91,31,64,65
8,a,100.0,100.0,6.3,70,2.0,0,0.0,8,-8.0,28.6,13,4.0,149,1,5.0,13.0,3.0,9,532,5.2,22.0,8.0,0.8,23.7,0.0,6694316,1140,3798370,13080,0.0,6.2,4.71,1.53,6.24,17.45,0.17,0.06,0.23,0.64,492.0,76.0,35.0,401.0,54.0,8.0,350.0,61.0,2.0,124.6,44.0,4.0,,,,30,,Jurriën,Timber,J.Timber,,,2452,3,6,13,20,0,0,0,5,0,0,28,178,,,,0.0,0.48,0.73,1.03,5.43,66,82,97
9,u,0.0,0.0,5.4,169,20.0,0,0.0,-1,1.0,0.0,592,211.0,0,0,0.0,803.0,266.0,0,0,0.0,779.0,264.0,0.0,0.0,0.0,1119,0,10912,0,0.0,0.0,0.0,0.0,0.0,0.0,0.0,0.0,0.0,0.0,0.0,802.0,266.0,0.0,801.0,266.0,0.0,799.0,266.0,0.0,802.0,266.0,,,,30,,Jakub,Kiwior,Kiwior,has joined Porto on loan for the rest of the season.,,0,0,0,0,0,0,0,0,0,0,0,0,0,,,,0.0,0.0,0.0,0.0,0.0,0,0,0
10,a,,,5.1,240,36.0,0,0.0,-4,4.0,1.4,165,64.0,12,0,0.9,508.0,175.0,0,36,0.0,758.0,260.0,0.0,2.4,0.0,135052,9,466492,61,0.0,1.0,0.05,0.06,0.11,5.26,0.01,0.02,0.03,1.52,31.2,431.0,161.0,45.5,350.0,122.0,18.0,387.0,138.0,9.4,420.0,152.0,,,,30,,Myles,Lewis-Skelly,Lewis-Skelly,,,311,0,0,0,5,0,0,0,3,0,0,1,21,,,,0.0,0.0,1.45,0.29,4.05,4,10,14
11,a,100.0,100.0,5.1,227,30.0,0,0.0,-4,4.0,0.5,266,99.0,30,0,4.3,42.0,16.0,3,112,0.0,754.0,259.0,0.0,5.9,0.0,347069,12,408491,27,0.0,1.0,0.43,0.49,0.92,6.13,0.09,0.11,0.2,1.35,111.4,347.0,132.0,92.7,276.0,84.0,46.0,329.0,108.0,25.0,352.0,120.0,,,,30,,Benjamin,White,White,,,409,0,1,3,4,0,0,0,0,0,0,5,40,,,,0.0,0.66,0.88,1.1,7.92,13,23,18
13,a,,,3.8,809,256.0,0,0.0,-2,2.0,0.4,273,101.0,0,0,0.0,534.0,196.0,0,0,0.0,396.0,156.0,0.0,0.0,0.0,51914,2,78961,19,0.0,1.0,0.0,0.0,0.0,0.0,0.0,0.0,0.0,0.0,0.0,524.0,196.0,0.0,510.0,196.0,0.0,480.0,191.0,0.0,526.0,196.0,,,,30,,Brayden,Clarke,Clarke,,,0,0,0,0,0,0,0,0,0,0,0,0,0,,,,0.0,0.0,0.0,0.0,0.0,0,0,0
14,u,0.0,0.0,3.9,781,229.0,0,0.0,-1,1.0,0.1,492,174.0,0,0,0.0,572.0,208.0,0,0,0.0,436.0,170.0,0.0,0.0,0.0,10218,0,22693,3,0.0,0.0,0.0,0.0,0.0,0.0,0.0,0.0,0.0,0.0,0.0,562.0,208.0,0.0,550.0,208.0,0.0,520.0,203.0,0.0,564.0,208.0,,,,30,,Maldini,Kacurri,Kacurri,has joined Morecambe on loan for the rest of the season.,,0,0,0,0,0,0,0,0,0,0,0,0,0,,,,0.0,0.0,0.0,0.0,0.0,0,0,0
15,a,,,3.7,816,262.0,0,0.0,-3,3.0,0.3,345,127.0,0,0,0.0,519.0,182.0,0,0,0.0,373.0,134.0,0.0,0.0,0.0,30792,53,30244,35,0.0,1.0,0.0,0.0,0.0,0.0,0.0,0.0,0.0,0.0,0.0,509.0,182.0,0.0,493.0,180.0,0.0,461.0,173.0,0.0,511.0,182.0,,,,30,,Josh,Nichols,Nichols,,,0,0,0,0,0,0,0,0,0,0,0,0,0,,,,0.0,0.0,0.0,0.0,0.0,0,0,0
16,a,100.0,100.0,9.8,6,4.0,0,0.0,-2,2.0,8.2,43,16.0,133,3,4.9,16.0,9.0,14,497,6.2,7.0,2.0,0.6,13.6,0.0,4120449,483,5049970,1758,0.0,7.2,6.99,5.75,12.74,14.36,0.32,0.26,0.58,0.65,529.4,63.0,18.0,696.1,9.0,9.0,727.0,7.0,2.0,195.5,6.0,4.0,2.0,2.0,1.0,30,,Bukayo,Saka,Saka,,,1995,6,8,10,16,0,0,0,1,0,0,22,163,,,,0.0,0.45,0.72,0.99,7.35,35,24,104
17,d,75.0,50.0,7.8,18,13.0,0,0.0,-2,2.0,1.6,157,53.0,62,0,3.1,184.0,79.0,5,252,0.8,298.0,136.0,0.1,7.9,0.0,377024,1,643770,159,0.0,0.9,1.01,2.91,3.92,12.89,0.08,0.24,0.32,1.08,259.6,219.0,94.0,434.7,40.0,37.0,144.0,196.0,110.0,83.7,127.0,72.0,4.0,,3.0,30,,Martin,Ødegaard,Ødegaard,Knee injury - 75% chance of playing,,1070,1,6,4,11,0,0,0,0,0,0,13,81,,,,0.0,0.34,0.93,1.09,6.81,17,13,51
18,a,100.0,100.0,6.8,44,28.0,0,0.0,-2,2.0,0.9,195,68.0,54,3,2.7,247.0,104.0,6,186,1.2,235.0,103.0,0.2,7.9,0.0,369300,69,404130,296,0.0,2.2,1.03,2.06,3.09,9.66,0.1,0.21,0.31,0.98,182.2,279.0,119.0,242.3,133.0,92.0,284.0,87.0,54.0,70.8,165.0,86.0,3.0,,,30,,Noni,Madueke,Madueke,,,889,2,1,6,7,0,0,0,0,0,0,12,49,,,,0.0,0.61,0.71,1.21,4.96,16,11,22
19,a,100.0,100.0,6.8,46,29.0,0,0.0,-2,2.0,0.9,201,69.0,47,4,1.9,362.0,157.0,1,159,1.8,189.0,80.0,0.3,6.9,0.0,187169,41,262073,119,0.0,2.8,3.53,1.0,4.53,7.5,0.38,0.11,0.49,0.8,147.2,311.0,140.0,128.8,220.0,142.0,320.0,73.0,42.0,58.9,212.0,106.0,,,,30,,Gabriel,Martinelli Silva,Martinelli,,,839,1,4,2,5,0,0,0,2,0,0,9,64,,,,0.0,0.21,0.54,0.97,6.87,10,12,42
20,d,75.0,75.0,6.6,48,30.0,0,0.0,-4,4.0,0.9,203,70.0,99,0,3.8,88.0,42.0,9,351,1.0,260.0,119.0,0.2,15.0,0.0,535364,3,489821,628,0.0,1.5,4.96,2.7,7.66,11.74,0.27,0.15,0.42,0.63,407.4,116.0,39.0,450.0,38.0,35.0,432.0,36.0,20.0,129.2,38.0,28.0,,,4.0,30,,Leandro,Trossard,Trossard,Knock - 75% chance of playing,,1675,5,5,8,14,0,0,0,1,0,0,18,115,,,,0.0,0.43,0.75,0.97,6.18,25,22,68
21,a,100.0,100.0,7.4,23,15.0,0,0.0,9,-9.0,29.5,12,3.0,163,3,5.4,8.0,5.0,21,695,4.8,37.0,16.0,0.6,22.0,0.0,6956521,1148,4331341,13789,0.0,5.8,3.05,6.43,9.48,18.78,0.11,0.22,0.33,0.66,719.6,10.0,3.0,867.7,3.0,3.0,265.0,93.0,59.0,185.4,10.0,7.0,1.0,1.0,,30,,Declan,Rice,Rice,,,2580,4,9,14,21,0,0,0,2,0,0,29,316,,,,0.0,0.49,0.73,1.01,11.02,56,106,154
22,i,0.0,0.0,5.4,162,101.0,0,0.0,-6,6.0,0.8,208,73.0,66,0,3.1,180.0,77.0,5,238,0.0,774.0,337.0,0.0,12.2,0.0,835949,2,841349,74,0.0,0.0,2.99,1.45,4.44,6.59,0.27,0.13,0.4,0.6,304.4,188.0,77.0,187.0,176.0,120.0,237.0,104.0,64.0,72.6,155.0,82.0,,,,30,,Mikel,Merino Zazón,Merino,Foot injury - Unknown return date,,996,4,3,4,9,0,0,0,1,0,0,10,111,,,,0.0,0.36,0.81,0.9,10.03,26,30,55
23,u,0.0,0.0,5.4,168,105.0,0,0.0,-1,1.0,0.0,682,277.0,0,0,0.0,802.0,355.0,0,0,0.0,778.0,339.0,0.0,0.0,0.0,933,0,4430,0,0.0,0.0,0.0,0.0,0.0,0.0,0.0,0.0,0.0,0.0,0.0,801.0,354.0,0.0,800.0,354.0,0.0,798.0,353.0,0.0,801.0,354.0,,,,30,,Fábio,Ferreira Vieira,Fábio Vieira,has joined Hamburger on loan for the rest of the season.,,0,0,0,0,0,0,0,0,0,0,0,0,0,,,,0.0,0.0,0.0,0.0,0.0,0,0,0
24,a,100.0,100.0,5.1,225,138.0,0,0.0,-4,4.0,0.1,433,144.0,6,0,1.0,496.0,229.0,0,19,0.4,327.0,150.0,0.1,1.2,0.0,7719,1,61264,4,0.0,1.4,0.05,0.0,0.05,2.23,0.08,0.0,0.08,3.58,15.8,451.0,201.0,0.4,478.0,231.0,7.0,425.0,205.0,2.4,466.0,211.0,,,,30,,Christian,Nørgaard,Nørgaard,,,56,0,0,0,1,0,0,0,0,0,0,0,11,,,,0.0,0.0,1.61,0.0,17.68,0,7,4
25,u,0.0,0.0,5.0,272,166.0,0,0.0,-5,5.0,0.1,449,152.0,8,0,1.3,434.0,195.0,0,20,0.0,747.0,318.0,0.0,1.6,0.0,13149,0,36967,2,0.0,0.0,0.23,0.08,0.31,0.73,0.13,0.04,0.17,0.4,8.6,466.0,209.0,22.5,390.0,196.0,24.0,374.0,189.0,5.4,442.0,196.0,,,,30,,Ethan,Nwaneri,Nwaneri,has joined Marseille on loan for the rest of the season.,,165,0,0,1,0,0,0,0,0,0,0,0,13,,,,0.0,0.55,0.0,0.0,7.09,2,1,10
26,a,100.0,100.0,5.2,213,131.0,0,0.0,-3,3.0,4.2,88,29.0,117,3,3.8,82.0,36.0,9,530,2.8,106.0,45.0,0.5,22.5,0.0,1320373,128,1099238,2448,0.0,3.8,2.77,2.19,4.96,21.07,0.1,0.08,0.18,0.73,531.6,61.0,16.0,319.1,85.0,64.0,243.0,101.0,62.0,109.5,71.0,44.0,,,,30,,Martín,Zubimendi Ibáñez,Zubimendi,,,2597,5,1,15,20,0,0,0,4,0,0,30,257,,,,0.0,0.52,0.69,1.04,8.91,54,104,99
28,u,0.0,0.0,4.5,483,296.0,0,0.0,0,0.0,0.1,488,173.0,0,0,0.0,734.0,305.0,0,0,0.0,656.0,253.0,0.0,0.0,0.0,6731,0,30275,2,0.0,0.0,0.0,0.0,0.0,0.0,0.0,0.0,0.0,0.0,0.0,732.0,303.0,0.0,726.0,303.0,0.0,713.0,299.0,0.0,732.0,303.0,,,,30,,Ismeal,Kabia,Kabia,has joined Shrewsbury Town on loan for the rest of the season.,,0,0,0,0,0,0,0,0,0,0,0,0,0,,,,0.0,0.0,0.0,0.0,0.0,0,0,0
29,u,0.0,0.0,4.5,429,256.0,0,0.0,0,0.0,0.0,587,220.0,0,0,0.0,699.0,275.0,0,0,0.0,613.0,216.0,0.0,0.0,0.0,2952,0,14085,1,0.0,0.0,0.0,0.0,0.0,0.0,0.0,0.0,0.0,0.0,0.0,693.0,269.0,0.0,689.0,272.0,0.0,672.0,265.0,0.0,695.0,271.0,,,,30,,Albert,Sambi Lokonga,Sambi,has joined Hamburger permanently.,,0,0,0,0,0,0,0,0,0,0,0,0,0,,,,0.0,0.0,0.0,0.0,0.0,0,0,0
30,a,100.0,100.0,7.3,25,10.0,0,0.0,-2,2.0,0.5,263,41.0,12,2,2.0,340.0,38.0,0,57,0.8,297.0,38.0,0.1,1.6,0.0,114238,87,197483,104,0.0,1.8,0.31,0.09,0.4,2.41,0.11,0.03,0.14,0.83,35.6,426.0,50.0,33.3,372.0,49.0,45.0,330.0,51.0,11.5,412.0,52.0,,,,30,,Kai,Havertz,Havertz,,,261,0,1,3,0,0,0,0,0,0,0,3,14,,,,0.0,1.03,0.0,1.03,4.83,3,5,6
31,a,100.0,100.0,6.4,56,20.0,0,0.0,-1,1.0,0.4,288,44.0,17,0,1.5,416.0,51.0,0,68,0.0,804.0,87.0,0.0,2.7,0.0,147604,23,122647,178,0.0,1.0,1.75,0.19,1.94,3.56,0.52,0.06,0.58,1.05,100.6,356.0,36.0,24.9,386.0,50.0,207.0,122.0,30.0,33.0,322.0,38.0,,,,30,,Gabriel,Fernando de Jesus,G.Jesus,,,304,2,0,0,6,0,0,0,2,0,0,2,26,,,,0.0,0.0,1.78,0.59,7.7,4,4,18
266,a,,,7.2,31,18.0,0,0.0,-3,3.0,8.1,45,17.0,94,3,3.6,112.0,52.0,8,358,4.6,39.0,17.0,0.6,13.1,0.0,3362157,270,3737837,1060,0.0,5.6,3.88,2.23,6.11,10.3,0.23,0.13,0.36,0.62,335.4,163.0,61.0,223.3,148.0,99.0,351.0,60.0,37.0,90.8,103.0,62.0,,,,30,,Eberechi,Eze,Eze,,,1494,6,3,8,10,0,0,0,1,0,0,17,96,,,,0.0,0.48,0.6,1.02,5.78,16,19,61
662,a,100.0,100.0,5.3,200,25.0,0,0.0,-2,2.0,0.1,423,156.0,28,1,2.0,337.0,123.0,1,149,1.4,214.0,78.0,0.3,5.3,0.0,45957,12,52261,23,0.0,2.4,0.0,0.49,0.49,5.49,0.0,0.07,0.07,0.74,143.4,314.0,120.0,37.6,361.0,128.0,8.0,418.0,157.0,18.9,376.0,132.0,,,,30,,Cristhian,Mosquera,Mosquera,,,667,0,0,2,5,0,0,0,2,0,0,6,82,,,,0.0,0.27,0.67,0.81,9.31,23,46,24
666,a,100.0,100.0,8.8,8,4.0,0,0.0,-2,2.0,11.8,29,5.0,99,5,3.4,142.0,13.0,11,382,4.6,40.0,5.0,0.5,11.2,0.0,3439236,755,5020643,3974,0.0,5.6,9.23,1.76,10.98,13.85,0.44,0.08,0.52,0.66,373.8,139.0,12.0,210.8,159.0,12.0,589.0,20.0,12.0,116.5,55.0,11.0,,,2.0,30,,Viktor,Gyökeres,Gyökeres,,,1888,11,0,10,11,0,0,0,4,0,0,23,73,,,,0.0,0.48,0.52,1.1,3.48,6,20,47
700,a,100.0,100.0,4.2,649,368.0,0,0.0,-3,3.0,0.5,248,85.0,11,6,3.7,90.0,44.0,0,39,1.2,217.0,93.0,0.3,2.6,0.0,189941,609,141610,148,0.0,2.2,1.11,0.04,1.15,0.18,2.32,0.08,2.4,0.38,1.0,497.0,228.0,0.8,469.0,226.0,26.0,369.0,188.0,2.8,461.0,208.0,,,,30,,Max,Dowman,Dowman,,,43,1,1,0,0,0,0,0,0,0,0,0,7,,,,0.0,0.0,0.0,0.0,14.65,2,0,5
711,a,,,4.4,571,342.0,0,0.0,-1,1.0,0.0,705,288.0,0,0,0.0,688.0,269.0,0,0,0.0,597.0,209.0,0.0,0.0,0.0,1918,0,1801,0,0.0,1.0,0.0,0.0,0.0,0.0,0.0,0.0,0.0,0.0,0.0,682.0,263.0,0.0,676.0,266.0,0.0,657.0,258.0,0.0,684.0,265.0,,,,30,,Andre,Harriman-Annous,Harriman-Annous,,,0,0,0,0,0,0,0,0,0,0,0,0,0,,,,0.0,0.0,0.0,0.0,0.0,0,0,0
725,a,100.0,100.0,5.1,237,34.0,0,0.0,-4,4.0,0.9,202,78.0,74,4,3.5,120.0,42.0,6,282,5.0,25.0,10.0,1.0,14.5,0.0,535180,251,429323,582,0.0,6.0,0.33,1.39,1.72,14.19,0.02,0.08,0.1,0.85,359.0,150.0,64.0,157.5,196.0,49.0,53.0,320.0,101.0,56.8,223.0,76.0,,,,30,,Piero,Hincapié,Hincapie,,,1499,1,2,4,16,1,0,0,2,0,0,17,141,,,,0.0,0.24,0.96,1.02,8.47,39,102,55
759,a,,,4.0,730,205.0,0,0.0,0,0.0,0.0,680,238.0,0,0,0.0,629.0,242.0,0,0,0.0,498.0,207.0,0.0,0.0,0.0,1355,2,1173,8,0.0,1.0,0.0,0.0,0.0,0.0,0.0,0.0,0.0,0.0,0.0,619.0,242.0,0.0,611.0,242.0,0.0,583.0,239.0,0.0,621.0,242.0,,,,30,,Marli,Salmon,Salmon,,,0,0,0,0,0,0,0,0,0,0,0,0,0,,,,0.0,0.0,0.0,0.0,0.0,0,0,0
32,a,100.0,100.0,5.1,224,7.0,0,0.0,1,-1.0,4.5,82,14.0,97,0,3.9,75.0,7.0,10,422,1.2,228.0,18.0,0.2,19.0,0.0,941776,2847,652203,293,1.2,0.7,0.0,0.06,0.06,33.76,0.0,0.0,0.0,1.38,571.0,46.0,11.0,13.2,409.0,5.0,0.0,790.0,90.0,58.4,213.0,11.0,,,,30,,Emiliano,Martínez Romero,Martinez,,,2205,0,0,6,26,0,1,0,2,0,72,25,78,,,,2.94,0.24,1.06,1.02,0.0,0,25,210
33,a,100.0,100.0,4.2,626,32.0,0,0.0,-3,3.0,0.4,281,38.0,11,0,2.2,306.0,28.0,0,51,0.0,513.0,82.0,0.0,2.6,0.0,83780,7,115226,15,0.0,-0.5,0.0,0.0,0.0,8.53,0.0,0.0,0.0,1.9,92.8,369.0,28.0,0.0,621.0,77.0,0.0,595.0,64.0,9.3,422.0,28.0,,,,30,,Marco,Bizot,M.Bizot,,,405,0,0,1,8,0,0,0,2,0,13,4,23,,,,2.89,0.22,1.78,0.89,0.0,0,6,41
35,u,0.0,0.0,4.0,684,52.0,0,0.0,0,0.0,0.0,754,86.0,0,0,0.0,593.0,72.0,0,0,0.0,459.0,65.0,0.0,0.0,0.0,0,0,1269,1,0.0,0.0,0.0,0.0,0.0,0.0,0.0,0.0,0.0,0.0,0.0,583.0,72.0,0.0,574.0,59.0,0.0,545.0,46.0,0.0,585.0,72.0,,,,30,,Filip,Marschall,Marschall,Has joined Stevenage permanently.,,0,0,0,0,0,0,0,0,0,0,0,0,0,,,,0.0,0.0,0.0,0.0,0.0,0,0,0
157,d,75.0,75.0,6.1,83,54.0,0,0.0,-4,4.0,1.8,145,49.0,50,0,2.6,260.0,112.0,2,184,1.2,234.0,102.0,0.2,8.2,0.0,281036,8,857966,226,0.5,0.9,3.17,2.12,5.29,18.83,0.2,0.14,0.34,1.2,222.2,248.0,106.0,362.3,68.0,52.0,305.0,77.0,46.0,88.6,110.0,65.0,,,,30,,Mitoma,Kaoru,Mitoma,Ankle injury - 75% chance of playing,,1408,2,1,4,16,0,0,0,3,0,0,16,80,,,,0.0,0.26,1.02,1.02,5.11,12,21,47
158,a,100.0,100.0,5.6,131,81.0,0,0.0,-4,4.0,0.3,308,105.0,69,0,2.9,209.0,87.0,2,232,1.0,255.0,115.0,0.2,12.3,0.0,131238,12,254125,32,0.5,1.0,2.26,2.2,4.46,19.66,0.13,0.12,0.25,1.11,263.6,215.0,92.0,291.5,100.0,73.0,368.0,56.0,34.0,92.2,100.0,60.0,,,,30,,Georginio,Rutter,Georginio,,,1592,2,4,6,17,1,0,0,2,0,0,19,114,,,,0.0,0.34,0.96,1.07,6.44,26,35,53
159,a,100.0,100.0,5.8,105,68.0,0,0.0,-2,2.0,0.0,733,307.0,1,0,1.0,503.0,236.0,0,4,0.2,367.0,165.0,0.0,0.2,0.0,1269,18,2655,9,-0.3,0.2,0.0,0.0,0.0,0.25,0.0,0.0,0.0,5.62,0.0,809.0,360.0,0.0,809.0,360.0,0.0,808.0,360.0,0.0,809.0,360.0,,,,30,,Solly,March,March,,,4,0,0,0,0,0,0,0,0,0,0,0,0,,,,0.0,0.0,0.0,0.0,0.0,0,0,0
160,a,100.0,100.0,5.5,153,96.0,0,0.0,-5,5.0,1.8,147,50.0,92,7,3.5,126.0,60.0,6,361,2.0,167.0,70.0,0.4,16.7,0.0,1925368,337,1878709,69,1.5,2.0,2.94,3.2,6.14,26.57,0.15,0.16,0.31,1.36,319.8,179.0,71.0,464.5,36.0,33.0,469.0,30.0,15.0,125.5,40.0,30.0,,,,30,,Yankuba,Minteh,Minteh,,,1754,2,8,7,26,0,0,0,1,0,0,19,139,,,,0.0,0.36,1.33,0.97,7.13,39,24,76
161,u,0.0,0.0,5.4,172,106.0,0,0.0,-1,1.0,0.0,748,318.0,0,0,0.0,804.0,356.0,0,0,0.0,780.0,340.0,0.0,0.0,0.0,105,0,2960,0,0.0,0.0,0.0,0.0,0.0,0.0,0.0,0.0,0.0,0.0,0.0,803.0,355.0,0.0,802.0,355.0,0.0,800.0,354.0,0.0,803.0,355.0,,,,30,,Julio,Enciso Espínola,Enciso,has joined Strasbourg permanently.,,0,0,0,0,0,0,0,0,0,0,0,0,0,,,,0.0,0.0,0.0,0.0,0.0,0,0,0
162,u,0.0,0.0,5.4,177,110.0,0,0.0,-1,1.0,0.0,595,223.0,35,0,1.9,359.0,155.0,2,114,0.0,782.0,342.0,0.0,6.5,0.0,16799,0,19719,1,0.0,0.0,1.86,0.88,2.74,13.82,0.24,0.11,0.35,1.76,134.4,323.0,145.0,217.1,153.0,104.0,152.0,185.0,103.0,50.0,257.0,130.0,,,,30,,Brajan,Gruda,Gruda,has joined Leipzig on loan for the rest of the season.,,708,1,1,2,11,0,0,0,2,0,0,8,58,,,,0.0,0.25,1.4,1.02,7.37,14,4,40
163,a,100.0,100.0,5.1,242,147.0,0,0.0,-4,4.0,0.1,579,215.0,53,3,2.8,226.0,93.0,2,190,4.0,56.0,25.0,0.8,10.4,0.0,10349,14,17336,5,3.5,4.0,1.99,0.75,2.74,20.27,0.16,0.06,0.22,1.68,158.0,302.0,136.0,115.0,240.0,151.0,166.0,166.0,91.0,43.5,277.0,139.0,,,,30,,Jack,Hinshelwood,Hinshelwood,,,1088,1,4,3,16,1,0,0,0,0,0,12,87,,,,0.0,0.25,1.32,0.99,7.2,13,29,45
164,a,100.0,100.0,5.5,143,89.0,0,0.0,0,0.0,0.3,300,102.0,14,1,3.5,125.0,59.0,2,42,0.2,363.0,164.0,0.0,2.5,0.0,132033,4,199671,9,-0.3,0.2,1.21,0.18,1.39,2.45,0.59,0.09,0.68,1.19,61.6,398.0,174.0,67.4,310.0,174.0,63.0,303.0,164.0,19.2,375.0,177.0,5.0,,3.0,30,,Matt,O'Riley,O'Riley,,,186,1,0,1,2,0,0,0,0,0,0,2,9,,,,0.0,0.48,0.97,0.97,4.35,4,3,2
165,u,0.0,0.0,5.4,178,111.0,0,0.0,-1,1.0,0.0,735,309.0,0,0,0.0,805.0,357.0,0,0,0.0,783.0,343.0,0.0,0.0,0.0,247,0,2246,0,0.0,0.0,0.0,0.0,0.0,0.0,0.0,0.0,0.0,0.0,0.0,804.0,356.0,0.0,803.0,356.0,0.0,801.0,355.0,0.0,804.0,356.0,,,,30,,Abdallah,Sima,Sima,has joined Lens permanently.,,0,0,0,0,0,0,0,0,0,0,0,0,0,,,,0.0,0.0,0.0,0.0,0.0,0,0,0
166,a,100.0,100.0,4.8,372,232.0,0,0.0,-2,2.0,0.4,274,95.0,84,1,3.7,95.0,45.0,7,351,0.2,351.0,156.0,0.0,17.5,0.0,200728,28,179606,65,-0.3,0.2,2.54,1.07,3.61,24.73,0.13,0.06,0.19,1.3,311.4,183.0,74.0,215.0,156.0,107.0,206.0,124.0,73.0,73.4,154.0,81.0,,2.0,,30,,Yasin,Ayari,Ayari,,,1713,3,3,5,21,0,0,0,1,0,0,18,202,,,,0.0,0.26,1.1,0.95,10.61,43,47,112
167,a,100.0,100.0,4.5,458,277.0,0,0.0,-5,5.0,1.5,158,54.0,40,0,1.7,384.0,163.0,0,152,1.0,243.0,106.0,0.2,8.9,0.0,201440,65,549860,119,0.5,1.0,0.56,0.28,0.84,16.92,0.04,0.02,0.06,1.21,99.4,358.0,160.0,92.8,275.0,165.0,29.0,362.0,186.0,22.1,363.0,174.0,,,,30,,Carlos,Baleba,Baleba,,,1261,0,0,4,17,0,0,0,5,0,0,19,152,,,,0.0,0.29,1.21,1.36,10.85,28,50,74
169,a,100.0,100.0,4.9,337,208.0,0,0.0,-1,1.0,0.4,293,100.0,83,4,3.1,176.0,75.0,9,330,6.0,10.0,3.0,1.2,16.9,0.0,104778,801,73324,67,5.5,6.0,4.94,1.33,6.27,25.79,0.24,0.07,0.31,1.26,398.2,120.0,40.0,290.4,102.0,74.0,359.0,59.0,36.0,104.9,77.0,49.0,,5.0,,30,,Diego,Gómez Amarilla,Gomez,,,1838,5,0,7,24,0,0,0,8,0,0,22,198,,,,0.0,0.34,1.18,1.08,9.7,70,42,86
170,a,100.0,100.0,4.9,286,178.0,0,0.0,-1,1.0,0.1,464,157.0,32,3,1.8,375.0,161.0,0,142,2.0,162.0,66.0,0.4,6.5,0.0,18905,11,23618,8,1.5,2.0,0.96,0.65,1.61,10.47,0.14,0.09,0.23,1.47,116.4,341.0,152.0,128.4,221.0,143.0,54.0,318.0,169.0,29.7,337.0,162.0,,,1.0,30,,James,Milner,Milner,,,639,1,1,2,13,0,0,0,2,0,0,5,66,,,,0.0,0.28,1.83,0.7,9.3,12,18,36
171,u,0.0,0.0,4.9,327,203.0,0,0.0,-1,1.0,0.0,710,292.0,0,0,0.0,776.0,337.0,0,0,0.0,726.0,304.0,0.0,0.0,0.0,197,0,2966,0,0.0,0.0,0.0,0.0,0.0,0.0,0.0,0.0,0.0,0.0,0.0,775.0,336.0,0.0,771.0,336.0,0.0,767.0,334.0,0.0,775.0,336.0,,,,30,,Jeremy,Sarmiento Morante,Sarmiento,has joined Middlesbrough on loan for the rest of the season.,,0,0,0,0,0,0,0,0,0,0,0,0,0,,,,0.0,0.0,0.0,0.0,0.0,0,0,0
172,u,0.0,0.0,4.8,374,234.0,0,0.0,-2,2.0,0.0,648,257.0,5,0,0.8,510.0,239.0,0,15,0.0,703.0,287.0,0.0,1.0,0.0,2397,0,4218,0,0.0,0.0,0.04,0.03,0.07,1.72,0.06,0.05,0.11,2.72,6.0,473.0,213.0,2.4,454.0,218.0,7.0,424.0,204.0,1.6,472.0,215.0,,,,30,,Tom,Watson,Watson,has joined Millwall on loan for the rest of the season.,,57,0,0,0,2,0,0,0,1,0,0,0,5,,,,0.0,0.0,3.16,0.0,7.89,1,0,4
173,a,100.0,100.0,4.9,331,206.0,0,0.0,-1,1.0,0.1,445,150.0,70,5,3.5,118.0,54.0,3,308,3.0,92.0,39.0,0.6,14.3,0.0,80015,8,78154,4,2.5,3.0,1.51,1.62,3.13,18.91,0.09,0.1,0.19,1.15,340.0,160.0,59.0,246.3,129.0,88.0,159.0,178.0,98.0,74.6,149.0,79.0,,,,30,,Mats,Wieffer,Wieffer,,,1479,0,4,5,19,0,0,0,6,0,0,17,232,,,,0.0,0.3,1.16,1.03,14.12,56,90,86
174,u,0.0,0.0,5.0,282,175.0,0,0.0,0,0.0,0.0,775,335.0,0,0,0.0,795.0,351.0,0,0,0.0,752.0,322.0,0.0,0.0,0.0,0,0,1266,0,0.0,0.0,0.0,0.0,0.0,0.0,0.0,0.0,0.0,0.0,0.0,794.0,350.0,0.0,792.0,350.0,0.0,788.0,348.0,0.0,794.0,350.0,,,,30,,Malick,Yalcouyé,Yalcouye,Has joined Swansea City on loan for the rest of the season.,,0,0,0,0,0,0,0,0,0,0,0,0,0,,,,0.0,0.0,0.0,0.0,0.0,0,0,0
175,u,0.0,0.0,4.4,560,335.0,0,0.0,-1,1.0,0.1,536,196.0,1,0,1.0,470.0,208.0,0,3,0.0,588.0,204.0,0.0,0.2,0.0,11030,0,15054,2,0.0,0.0,0.0,0.0,0.0,0.0,0.0,0.0,0.0,0.0,0.0,675.0,259.0,0.0,670.0,263.0,0.0,650.0,254.0,0.0,677.0,261.0,,,,30,,Joe,Knight,Knight,has joined Stevenage permanently.,,1,0,0,0,0,0,0,0,0,0,0,0,0,,,,0.0,0.0,0.0,0.0,0.0,0,0,0
177,u,0.0,0.0,4.5,452,271.0,0,0.0,0,0.0,0.0,706,289.0,0,0,0.0,713.0,288.0,0,0,0.0,629.0,230.0,0.0,0.0,0.0,490,0,5107,1,0.0,0.0,0.0,0.0,0.0,0.0,0.0,0.0,0.0,0.0,0.0,708.0,283.0,0.0,704.0,285.0,0.0,688.0,278.0,0.0,709.0,284.0,,,,30,,Andrew,Moran,Moran,Has joined Los Angeles FC on loan for the rest of the season.,,0,0,0,0,0,0,0,0,0,0,0,0,0,,,,0.0,0.0,0.0,0.0,0.0,0,0,0
178,a,100.0,100.0,6.1,80,25.0,0,0.0,-4,4.0,3.9,94,16.0,94,2,3.2,162.0,14.0,14,365,5.2,21.0,2.0,0.9,15.4,0.0,2067915,1207,2161724,430,4.7,5.2,9.21,1.18,10.39,24.67,0.48,0.06,0.54,1.28,407.4,115.0,10.0,233.1,137.0,9.0,482.0,28.0,15.0,111.6,67.0,14.0,,4.0,2.0,30,,Danny,Welbeck,Welbeck,,,1735,10,0,7,21,0,0,2,4,0,0,19,84,,,,0.0,0.36,1.09,0.99,4.36,20,28,36
179,u,0.0,0.0,5.5,151,37.0,0,0.0,0,0.0,0.0,758,92.0,0,0,0.0,809.0,89.0,0,0,0.0,788.0,83.0,0.0,0.0,0.0,0,0,1560,0,0.0,0.0,0.0,0.0,0.0,0.0,0.0,0.0,0.0,0.0,0.0,808.0,89.0,0.0,807.0,89.0,0.0,805.0,89.0,0.0,808.0,89.0,,,,30,,Evan,Ferguson,Ferguson,Has joined AS Roma on loan for the rest of the season,,0,0,0,0,0,0,0,0,0,0,0,0,0,,,,0.0,0.0,0.0,0.0,0.0,0,0,0
180,i,0.0,0.0,5.2,221,51.0,0,0.0,-3,3.0,0.1,529,74.0,16,0,1.8,377.0,43.0,0,55,0.0,765.0,81.0,0.0,3.1,0.0,13253,5,23239,2,0.0,0.0,0.44,0.11,0.55,2.59,0.3,0.08,0.38,1.77,66.6,394.0,42.0,65.7,315.0,34.0,44.0,333.0,52.0,17.7,383.0,46.0,,,,30,,Stefanos,Tzimas,Tzimas,Knee injury - Expected back 01 Jun,,132,1,1,0,2,0,0,0,0,0,0,1,15,,,,0.0,0.0,1.36,0.68,10.23,3,2,10
181,a,,,4.8,376,64.0,0,0.0,-2,2.0,0.3,297,46.0,30,0,1.9,349.0,39.0,3,117,0.0,704.0,74.0,0.0,6.2,0.0,55710,16,76185,44,-0.5,0.0,1.7,0.23,1.93,4.62,0.52,0.07,0.59,1.42,129.6,327.0,31.0,80.0,297.0,32.0,192.0,143.0,36.0,40.1,294.0,33.0,,,,30,,Charalampos,Kostoulas,Kostoulas,,,292,2,1,1,7,0,0,0,2,0,0,2,38,,,,0.0,0.31,2.16,0.62,11.71,11,5,22
744,a,,,4.5,467,284.0,0,0.0,0,0.0,0.0,719,298.0,1,0,1.0,477.0,214.0,0,3,0.0,641.0,241.0,0.0,0.2,0.0,2854,0,2088,4,-0.5,0.0,0.0,0.0,0.0,0.0,0.0,0.0,0.0,0.0,0.0,720.0,294.0,0.0,715.0,295.0,0.0,700.0,289.0,0.0,721.0,295.0,,,,30,,Nehemiah,Oriola,Oriola,,,1,0,0,0,0,0,0,0,0,0,0,0,0,,,,0.0,0.0,0.0,0.0,0.0,0,0,0
761,a,,,4.0,727,202.0,0,0.0,0,0.0,0.0,700,245.0,0,0,0.0,627.0,240.0,0,0,0.0,496.0,205.0,0.0,0.0,0.0,1040,2,778,3,-0.5,0.0,0.0,0.0,0.0,0.0,0.0,0.0,0.0,0.0,0.0,617.0,240.0,0.0,609.0,240.0,0.0,581.0,237.0,0.0,619.0,240.0,,,,30,,Freddie,Simmonds,Simmonds,,,0,0,0,0,0,0,0,0,0,0,0,0,0,,,,0.0,0.0,0.0,0.0,0.0,0,0,0
783,a,,,5.5,135,83.0,0,0.0,0,0.0,0.1,490,175.0,41,8,3.7,99.0,47.0,4,210,4.5,41.0,18.0,0.8,7.5,0.0,22975,105,11570,27,4.0,4.5,0.78,2.13,2.91,11.36,0.08,0.21,0.29,1.12,197.2,268.0,112.0,316.3,89.0,68.0,102.0,242.0,133.0,61.5,203.0,103.0,1.0,,,30,,Pascal,Groß,Groß,,,916,1,2,3,7,0,0,0,2,0,0,10,92,,,,0.0,0.29,0.69,0.98,9.04,18,29,45
795,a,,,4.5,489,301.0,0,0.0,0,0.0,0.0,772,332.0,4,0,1.3,431.0,192.0,0,11,0.2,346.0,152.0,0.0,0.9,0.0,782,0,286,0,-0.3,0.2,0.0,0.03,0.03,1.04,0.0,0.03,0.03,1.02,10.2,462.0,206.0,5.1,442.0,213.0,2.0,451.0,221.0,1.8,469.0,213.0,,,,30,,Harry,Howell,Howell,,,92,0,0,0,2,0,0,0,0,0,0,1,7,,,,0.0,0.0,1.96,0.98,6.85,1,3,3
220,a,100.0,100.0,4.8,358,13.0,0,0.0,-2,2.0,13.2,25,3.0,100,3,3.6,107.0,14.0,7,449,1.8,174.0,16.0,0.4,20.8,0.0,1689248,512,2910591,837,2.3,2.3,0.0,0.04,0.04,37.14,0.0,0.0,0.0,1.37,618.4,35.0,9.0,50.0,340.0,1.0,0.0,749.0,84.0,66.4,188.0,7.0,,,,30,,Robert,Lynch Sánchez,Sánchez,,,2434,0,1,9,33,0,0,0,3,1,75,28,89,,,,2.77,0.33,1.22,1.04,0.0,2,23,241
221,a,100.0,100.0,4.3,604,29.0,0,0.0,-2,2.0,0.2,393,56.0,6,0,2.0,330.0,30.0,0,35,0.8,269.0,19.0,0.2,1.4,0.0,16281,18,27314,23,1.3,1.3,0.0,0.0,0.0,3.56,0.0,0.0,0.0,1.21,59.6,401.0,30.0,0.0,639.0,81.0,0.0,616.0,70.0,5.9,439.0,30.0,,,,30,,Filip,Jörgensen,Jörgensen,,,264,0,0,0,4,0,0,0,0,0,6,2,7,,,,2.05,0.0,1.36,0.68,0.0,0,3,23
222,u,0.0,0.0,4.0,712,64.0,0,0.0,0,0.0,0.0,800,91.0,0,0,0.0,614.0,83.0,0,0,0.0,482.0,76.0,0.0,0.0,0.0,0,0,341,0,0.0,0.0,0.0,0.0,0.0,0.0,0.0,0.0,0.0,0.0,0.0,604.0,83.0,0.0,596.0,71.0,0.0,568.0,58.0,0.0,606.0,83.0,,,,30,,Mike,Penders,Penders,Has joined RC Strasbourg on loan for the rest of the season.,,0,0,0,0,0,0,0,0,0,0,0,0,0,,,,0.0,0.0,0.0,0.0,0.0,0,0,0
223,a,,,3.9,764,82.0,0,0.0,-1,1.0,0.1,461,71.0,0,0,0.0,557.0,52.0,0,0,0.0,421.0,43.0,0.0,0.0,0.0,10095,1,12728,4,0.5,0.5,0.0,0.0,0.0,0.0,0.0,0.0,0.0,0.0,0.0,547.0,52.0,0.0,534.0,35.0,0.0,504.0,22.0,0.0,549.0,52.0,,,,30,,Gabriel,Słonina,Slonina,,,0,0,0,0,0,0,0,0,0,0,0,0,0,,,,0.0,0.0,0.0,0.0,0.0,0,0,0
224,a,100.0,100.0,6.0,88,5.0,0,0.0,0,0.0,13.8,23,8.0,93,2,3.6,111.0,38.0,5,430,0.8,295.0,101.0,0.1,15.5,0.0,2733215,1751,3701067,256,1.3,1.3,1.64,2.94,4.58,29.39,0.07,0.13,0.2,1.33,434.0,93.0,43.0,395.2,56.0,9.0,194.0,140.0,26.0,102.3,86.0,19.0,,,,30,,Marc,Cucurella Saseta,Cucurella,,,1986,1,3,9,22,0,0,0,5,1,0,23,183,,,,0.0,0.41,1.0,1.04,6.62,43,103,88
225,a,100.0,100.0,5.6,129,13.0,0,0.0,1,-1.0,8.5,39,14.0,113,2,4.2,49.0,21.0,11,479,4.0,58.0,20.0,0.7,20.2,0.0,2168885,3132,1904359,381,4.5,4.5,1.01,3.15,4.16,28.25,0.05,0.15,0.2,1.34,428.6,101.0,45.0,414.4,44.0,4.0,98.0,247.0,67.0,94.3,96.0,25.0,2.0,2.0,,30,,Reece,James,James,,,1892,2,6,8,20,0,0,0,4,0,0,20,163,,,,0.0,0.38,0.95,0.95,5.9,47,77,95
226,a,100.0,100.0,5.6,125,12.0,0,0.0,6,-6.0,18.2,19,7.0,131,2,4.5,34.0,13.0,7,493,1.8,186.0,68.0,0.3,23.4,0.0,4804535,1395,2866179,2080,2.3,2.3,1.29,1.01,2.3,36.16,0.05,0.04,0.09,1.28,662.2,22.0,8.0,93.8,272.0,82.0,145.0,194.0,46.0,90.0,107.0,29.0,,,,30,,Trevoh,Chalobah,Chalobah,,,2550,3,1,9,34,0,0,0,3,1,0,29,281,,,,0.0,0.32,1.2,1.02,8.79,35,214,108
227,i,0.0,0.0,4.7,389,66.0,0,0.0,-3,3.0,0.1,472,171.0,0,0,0.0,760.0,260.0,0,0,0.0,689.0,248.0,0.0,0.0,0.0,1230,4,30697,0,0.0,0.0,0.0,0.0,0.0,0.0,0.0,0.0,0.0,0.0,0.0,759.0,260.0,0.0,754.0,260.0,0.0,745.0,260.0,0.0,759.0,260.0,,,,30,,Levi,Samuels Colwill,Colwill,Anterior cruciate ligament - Unknown return date,,0,0,0,0,0,0,0,0,0,0,0,0,0,,,,0.0,0.0,0.0,0.0,0.0,0,0,0
228,a,100.0,100.0,4.9,333,54.0,0,0.0,-1,1.0,1.9,142,54.0,90,1,3.3,149.0,54.0,7,359,3.2,82.0,31.0,0.7,18.4,0.0,485425,396,480584,130,3.7,3.7,1.46,1.87,3.33,27.52,0.08,0.1,0.18,1.47,346.8,155.0,68.0,290.4,101.0,24.0,162.0,172.0,38.0,79.9,137.0,42.0,,,,30,,Malo,Gusto,Gusto,,,1689,2,3,7,22,0,0,0,2,1,0,19,124,,,,0.0,0.37,1.17,1.01,5.01,42,52,97
229,a,100.0,100.0,4.4,534,112.0,0,0.0,-1,1.0,0.0,635,227.0,7,0,0.9,505.0,174.0,0,48,0.0,568.0,236.0,0.0,1.6,0.0,8942,5,9232,6,0.5,0.5,0.0,0.06,0.06,7.41,0.0,0.01,0.01,1.42,102.8,351.0,133.0,7.9,433.0,156.0,2.0,447.0,168.0,11.4,413.0,148.0,,,,30,,Benoît,Badiashile Mukinayi,B.Badiashile,,,470,0,0,0,10,0,0,0,2,0,0,6,51,,,,0.0,0.0,1.91,1.15,9.19,7,41,16
230,a,100.0,100.0,4.4,538,115.0,0,0.0,-1,1.0,0.3,296,111.0,53,3,2.9,200.0,77.0,3,246,1.0,240.0,89.0,0.2,12.0,0.0,112401,54,105026,27,1.5,1.5,0.55,0.57,1.12,17.15,0.04,0.04,0.08,1.31,325.8,175.0,72.0,46.9,347.0,119.0,34.0,351.0,116.0,40.6,291.0,95.0,,,,30,,Wesley,Fofana,Fofana,,,1182,0,1,4,13,0,0,0,3,1,0,13,156,,,,0.0,0.3,0.99,0.99,11.27,15,133,61
231,a,100.0,100.0,4.5,475,94.0,0,0.0,0,0.0,0.0,665,234.0,2,0,1.0,479.0,172.0,0,1,0.5,306.0,108.0,0.1,0.4,0.0,2685,16,2871,12,1.0,1.0,0.35,0.0,0.35,1.42,0.35,0.0,0.35,1.4,6.2,471.0,171.0,0.1,488.0,177.0,7.0,423.0,160.0,1.3,481.0,170.0,,,,30,,Mamadou,Sarr,M.Sarr,,,91,0,0,0,3,0,0,0,0,0,0,1,8,,,,0.0,0.0,2.97,0.99,7.91,1,7,2
232,a,100.0,100.0,4.0,665,162.0,0,0.0,-5,5.0,0.3,340,125.0,33,0,2.4,279.0,106.0,2,122,0.8,264.0,93.0,0.2,8.2,0.0,107347,15,221753,21,1.3,1.3,0.11,0.4,0.5,11.89,0.01,0.05,0.06,1.46,226.2,245.0,96.0,32.0,374.0,132.0,19.0,383.0,135.0,27.8,344.0,117.0,,,,30,,Tosin,Adarabioyo,Tosin,,,731,0,0,2,12,0,0,0,2,0,0,7,106,,,,0.0,0.25,1.48,0.86,11.33,13,79,18
233,a,100.0,100.0,3.7,818,264.0,0,0.0,-3,3.0,1.7,150,57.0,33,0,2.8,213.0,81.0,5,98,0.2,328.0,111.0,0.1,8.9,0.0,589266,226,492563,340,0.7,0.7,0.6,0.13,0.73,13.91,0.1,0.02,0.12,2.21,125.2,329.0,126.0,39.2,356.0,124.0,66.0,296.0,87.0,23.1,359.0,122.0,,,,30,,Josh,Acheampong,Acheampong,,,567,1,0,2,12,0,0,0,1,0,0,7,56,,,,0.0,0.32,1.9,1.11,6.35,9,31,23
234,u,0.0,0.0,4.0,733,208.0,0,0.0,0,0.0,0.1,577,206.0,0,0,0.0,631.0,244.0,0,0,0.0,500.0,209.0,0.0,0.0,0.0,1262,0,10213,1,0.0,0.0,0.0,0.0,0.0,0.0,0.0,0.0,0.0,0.0,0.0,621.0,244.0,0.0,613.0,244.0,0.0,585.0,241.0,0.0,623.0,244.0,,,,30,,Aarón,Anselmino,Anselmino,has joined Strasbourg on loan for the rest of the season.,,0,0,0,0,0,0,0,0,0,0,0,0,0,,,,0.0,0.0,0.0,0.0,0.0,0,0,0
235,a,100.0,100.0,10.6,3,2.0,0,0.0,1,-1.0,16.5,20,7.0,94,2,4.9,17.0,10.0,9,340,3.8,66.0,30.0,0.4,8.9,0.0,2575432,2599,7280728,1575,4.3,4.3,8.59,1.8,10.39,21.26,0.58,0.12,0.7,1.44,432.0,96.0,32.0,239.0,135.0,94.0,405.0,44.0,27.0,107.4,73.0,46.0,,3.0,1.0,30,,Cole,Palmer,Palmer,,,1326,9,2,3,19,0,0,0,4,0,0,17,100,,,,0.0,0.2,1.29,1.15,6.79,18,21,61
236,a,100.0,0.0,7.0,36,21.0,0,0.0,0,0.0,4.1,89,30.0,106,0,3.8,89.0,43.0,8,454,1.8,190.0,81.0,0.3,15.1,0.0,1932808,11,1986694,1332,2.3,0.0,4.27,5.64,9.91,28.79,0.18,0.24,0.42,1.21,442.8,90.0,30.0,684.0,10.0,10.0,427.0,38.0,22.0,155.6,23.0,19.0,1.0,4.0,,30,,Pedro,Lomba Neto,Neto,,,2138,5,5,11,21,0,0,0,2,1,0,24,103,,,,0.0,0.46,0.88,1.01,4.34,15,17,71
237,a,100.0,100.0,6.6,49,31.0,0,0.0,1,-1.0,15.5,21,8.0,127,2,4.4,40.0,19.0,14,564,2.2,151.0,64.0,0.3,19.2,0.0,5451063,1825,4206490,1801,2.7,2.7,10.02,5.79,15.81,35.12,0.36,0.21,0.57,1.27,647.4,27.0,7.0,743.8,7.0,7.0,614.0,19.0,8.0,200.6,4.0,3.0,3.0,1.0,2.0,30,,Enzo,Fernández,Enzo,,,2487,8,4,8,32,0,0,0,8,0,0,28,205,,,,0.0,0.29,1.16,1.01,7.42,48,43,114
238,d,50.0,0.0,6.4,62,41.0,0,0.0,-1,1.0,1.7,149,52.0,55,0,2.9,211.0,89.0,4,169,0.0,807.0,361.0,0.0,8.6,0.0,852275,6,906287,274,0.2,0.0,2.82,2.12,4.94,8.13,0.34,0.26,0.6,0.99,177.2,285.0,124.0,218.3,149.0,100.0,283.0,88.0,55.0,67.7,179.0,92.0,,,3.0,30,,Estêvão,Almeida de Oliveira Gonçalves,Estêvão,Hamstring injury - 50% chance of playing,,738,2,5,4,8,0,0,0,3,0,0,10,51,,,,0.0,0.49,0.98,1.22,6.22,10,8,33
239,a,100.0,100.0,6.0,89,56.0,0,0.0,-5,5.0,0.1,479,168.0,25,0,1.6,401.0,175.0,0,99,0.0,799.0,356.0,0.0,4.2,0.0,17167,8,41931,3,0.5,0.5,0.81,0.94,1.75,8.89,0.15,0.17,0.32,1.65,93.0,368.0,162.0,130.4,216.0,140.0,91.0,258.0,141.0,31.3,329.0,159.0,,,,30,,Jamie,Bynoe-Gittens,Gittens,,,486,0,2,1,7,0,0,0,0,0,0,5,29,,,,0.0,0.19,1.3,0.93,5.37,8,6,15
240,u,0.0,0.0,5.9,96,62.0,0,0.0,-1,1.0,0.1,519,188.0,0,0,0.0,810.0,361.0,0,0,0.0,794.0,352.0,0.0,0.0,0.0,2668,0,23752,1,0.0,0.0,0.0,0.0,0.0,0.0,0.0,0.0,0.0,0.0,0.0,810.0,361.0,0.0,810.0,361.0,0.0,809.0,361.0,0.0,810.0,361.0,,,,30,,Christopher,Nkunku,Nkunku,has joined AC Milan permanently.,,0,0,0,0,0,0,0,0,0,0,0,0,0,,,,0.0,0.0,0.0,0.0,0.0,0,0,0
241,a,100.0,100.0,5.7,119,75.0,0,0.0,2,-2.0,7.6,52,18.0,94,1,3.8,86.0,40.0,10,469,2.2,147.0,61.0,0.4,16.5,0.0,3256066,351,3204084,472,2.7,2.7,1.21,1.99,3.2,31.09,0.05,0.09,0.14,1.33,476.6,77.0,23.0,278.2,113.0,80.0,104.0,240.0,131.0,85.7,122.0,69.0,,,,30,,Moisés,Caicedo Corozo,Caicedo,,,2104,3,1,6,30,0,0,0,9,1,0,24,295,,,,0.0,0.26,1.28,1.03,12.62,73,86,136
244,a,100.0,100.0,4.9,338,209.0,0,0.0,-1,1.0,0.0,694,282.0,7,1,1.0,491.0,225.0,0,34,0.8,284.0,129.0,0.2,1.4,0.0,2839,3,4663,2,1.3,1.3,0.0,0.09,0.09,3.42,0.0,0.05,0.05,1.88,11.8,455.0,203.0,9.0,430.0,208.0,2.0,454.0,223.0,2.2,467.0,212.0,,,,30,,Roméo,Lavia,Lavia,,,164,0,0,0,3,0,0,0,0,0,0,1,16,,,,0.0,0.0,1.65,0.55,8.78,2,7,7
245,s,0.0,0.0,4.9,330,205.0,0,0.0,-1,1.0,0.0,747,317.0,0,0,0.0,778.0,338.0,0,0,0.0,728.0,305.0,0.0,0.0,0.0,1016,0,1305,0,0.0,0.0,0.0,0.0,0.0,0.0,0.0,0.0,0.0,0.0,0.0,777.0,337.0,0.0,773.0,337.0,0.0,769.0,335.0,0.0,777.0,337.0,,,,30,,Mykhailo,Mudryk,Mudryk,Suspended - unknown return date,,0,0,0,0,0,0,0,0,0,0,0,0,0,,,,0.0,0.0,0.0,0.0,0.0,0,0,0
246,a,100.0,100.0,4.5,457,276.0,0,0.0,0,0.0,0.3,319,109.0,31,0,1.4,420.0,186.0,0,171,1.2,221.0,95.0,0.3,6.9,0.0,77001,16,83699,31,1.7,1.7,1.7,0.79,2.49,14.4,0.16,0.07,0.23,1.34,150.4,310.0,139.0,125.9,224.0,145.0,61.0,307.0,167.0,33.7,320.0,156.0,,,,30,,Andrey,Nascimento dos Santos,Andrey Santos,,,964,0,0,1,12,0,0,0,4,0,0,10,104,,,,0.0,0.09,1.12,0.93,9.71,27,39,38
247,a,100.0,100.0,4.3,598,349.0,0,0.0,-2,2.0,0.1,563,208.0,0,0,0.0,650.0,245.0,0,0,0.0,542.0,175.0,0.0,0.0,0.0,12873,12,14243,3,0.5,0.5,0.0,0.0,0.0,0.0,0.0,0.0,0.0,0.0,0.0,640.0,235.0,0.0,635.0,240.0,0.0,611.0,228.0,0.0,642.0,237.0,,,,30,,Dário,Luís Essugo,D.Essugo,,,0,0,0,0,0,0,0,0,0,0,0,0,0,,,,0.0,0.0,0.0,0.0,0.0,0,0,0
248,u,0.0,0.0,4.5,496,306.0,0,0.0,0,0.0,0.0,784,342.0,0,0,0.0,743.0,312.0,0,0,0.0,666.0,261.0,0.0,0.0,0.0,0,0,950,0,0.0,0.0,0.0,0.0,0.0,0.0,0.0,0.0,0.0,0.0,0.0,742.0,311.0,0.0,736.0,311.0,0.0,723.0,307.0,0.0,742.0,311.0,,,,30,,Kendry,Páez Andrade,Paez,has joined River Plate on loan for the rest of the season.,,0,0,0,0,0,0,0,0,0,0,0,0,0,,,,0.0,0.0,0.0,0.0,0.0,0,0,0
249,a,,,7.7,19,6.0,0,0.0,2,-2.0,49.3,3,2.0,162,2,5.4,9.0,2.0,28,656,7.5,1.0,1.0,1.0,21.0,0.0,8164552,7721,8593579,959,8.0,8.0,13.41,1.73,15.14,29.88,0.54,0.07,0.61,1.21,710.8,11.0,3.0,409.8,48.0,2.0,778.0,4.0,3.0,189.4,8.0,3.0,,,,30,,João Pedro,Junqueira de Jesus,João Pedro,,,2230,14,9,10,24,0,0,0,4,0,0,26,123,,,,0.0,0.4,0.97,1.05,4.96,24,36,63
250,a,100.0,100.0,6.2,76,24.0,0,0.0,-3,3.0,0.9,199,30.0,37,1,1.8,379.0,45.0,1,113,1.0,257.0,32.0,0.2,6.0,0.0,109348,25,466532,37,1.5,1.5,3.99,0.18,4.16,11.26,0.47,0.02,0.49,1.31,58.8,404.0,44.0,54.8,333.0,39.0,287.0,85.0,26.0,39.1,296.0,34.0,,,,30,,Liam,Delap,Delap,,,772,1,2,2,13,0,0,0,2,0,0,9,32,,,,0.0,0.23,1.52,1.05,3.73,4,10,18
251,u,0.0,0.0,6.5,54,19.0,0,0.0,0,0.0,0.1,532,75.0,0,0,0.0,816.0,92.0,0,0,0.0,809.0,89.0,0.0,0.0,0.0,4962,0,15361,0,0.0,0.0,0.0,0.0,0.0,0.0,0.0,0.0,0.0,0.0,0.0,816.0,92.0,0.0,816.0,92.0,0.0,816.0,92.0,0.0,816.0,92.0,,,,30,,Nicolas,Jackson,N.Jackson,has joined Bayern Munich on loan for the rest of the season.,,0,0,0,0,0,0,0,0,0,0,0,0,0,,,,0.0,0.0,0.0,0.0,0.0,0,0,0
252,a,100.0,100.0,4.1,657,92.0,0,0.0,-4,4.0,5.6,65,13.0,12,0,1.3,427.0,52.0,0,19,0.0,510.0,48.0,0.0,2.9,0.0,1223715,233,2744613,434,0.5,0.5,1.46,0.29,1.75,5.65,0.53,0.11,0.64,2.06,24.6,440.0,52.0,38.8,358.0,44.0,81.0,273.0,49.0,12.6,406.0,51.0,,,,30,,Marc,Guiu Paz,Marc Guiu,,,247,0,1,0,2,0,0,0,1,0,0,1,7,,,,0.0,0.0,0.73,0.36,2.55,0,4,3
453,a,,,6.4,61,40.0,0,0.0,-1,1.0,0.5,264,92.0,51,2,2.7,245.0,102.0,3,201,2.2,150.0,63.0,0.3,8.0,0.0,240929,96,230334,42,2.7,2.7,3.09,3.54,6.63,18.36,0.26,0.3,0.56,1.54,183.4,277.0,117.0,319.3,84.0,63.0,318.0,75.0,44.0,81.1,135.0,76.0,,,,30,,Alejandro,Garnacho Ferreyra,Garnacho,,,1073,1,4,4,14,0,0,0,1,0,0,14,58,,,,0.0,0.34,1.17,1.17,4.86,13,8,37
672,a,100.0,100.0,4.6,404,71.0,0,0.0,-4,4.0,0.2,388,146.0,11,1,0.7,515.0,178.0,0,35,0.8,274.0,98.0,0.2,2.4,0.0,17655,24,40577,14,1.3,1.3,0.3,0.42,0.72,8.94,0.05,0.07,0.12,1.47,95.6,365.0,139.0,67.2,311.0,104.0,24.0,373.0,130.0,18.7,377.0,133.0,,,,30,,Jorrel,Hato,Hato,,,548,0,0,0,13,0,0,0,4,0,0,5,54,,,,0.0,0.0,2.14,0.82,8.05,18,31,20
789,a,,,4.0,707,63.0,0,0.0,0,0.0,0.0,764,89.0,0,0,0.0,610.0,82.0,0,0,0.0,477.0,75.0,0.0,0.0,0.0,414,0,316,2,0.5,0.5,0.0,0.0,0.0,0.0,0.0,0.0,0.0,0.0,0.0,600.0,82.0,0.0,592.0,70.0,0.0,563.0,57.0,0.0,602.0,82.0,,,,30,,Max,Merrick,Merrick,,,0,0,0,0,0,0,0,0,0,0,0,0,0,,,,0.0,0.0,0.0,0.0,0.0,0,0,0
803,a,,,4.0,700,59.0,0,0.0,0,0.0,0.0,788,90.0,0,0,0.0,606.0,79.0,0,0,0.0,473.0,72.0,0.0,0.0,0.0,176,0,111,2,0.5,0.5,0.0,0.0,0.0,0.0,0.0,0.0,0.0,0.0,0.0,596.0,79.0,0.0,587.0,66.0,0.0,558.0,53.0,0.0,598.0,79.0,,,,30,,Teddy,Sharman-Lowe,Sharman-Lowe,,,0,0,0,0,0,0,0,0,0,0,0,0,0,,,,0.0,0.0,0.0,0.0,0.0,0,0,0
253,a,,,5.0,247,8.0,0,0.0,0,0.0,8.5,40,8.0,115,0,4.0,61.0,4.0,7,478,5.5,15.0,3.0,1.1,23.0,0.0,1093628,1211,927842,1766,0.0,5.5,0.0,0.1,0.1,39.04,0.0,0.0,0.0,1.35,692.0,14.0,4.0,10.0,428.0,12.0,0.0,775.0,89.0,70.1,170.0,4.0,,,,30,,Dean,Henderson,Henderson,,,2610,0,0,10,35,0,1,0,3,0,86,29,80,,,,2.97,0.34,1.21,1.0,0.0,0,43,234
254,a,100.0,100.0,4.0,667,45.0,0,0.0,0,0.0,0.3,315,44.0,0,0,0.0,579.0,66.0,0,0,0.0,444.0,58.0,0.0,0.0,0.0,15431,13,31182,17,0.0,0.0,0.0,0.0,0.0,0.0,0.0,0.0,0.0,0.0,0.0,569.0,66.0,0.0,559.0,52.0,0.0,530.0,39.0,0.0,571.0,66.0,,,,30,,Walter,Benítez,Benitez,,,0,0,0,0,0,0,0,0,0,0,0,0,0,,,,0.0,0.0,0.0,0.0,0.0,0,0,0
255,a,,,3.9,750,76.0,0,0.0,-1,1.0,0.1,474,72.0,0,0,0.0,548.0,46.0,0,0,0.0,411.0,37.0,0.0,0.0,0.0,6163,0,8709,4,0.0,0.0,0.0,0.0,0.0,0.0,0.0,0.0,0.0,0.0,0.0,538.0,46.0,0.0,525.0,29.0,0.0,495.0,16.0,0.0,540.0,46.0,,,,30,,Remi,Matthews,Matthews,,,0,0,0,0,0,0,0,0,0,0,0,0,0,,,,0.0,0.0,0.0,0.0,0.0,0,0,0
256,d,75.0,75.0,5.9,98,6.0,0,0.0,4,-4.0,7.8,49,17.0,109,0,5.2,10.0,2.0,8,386,2.8,112.0,41.0,0.5,18.5,0.0,3678307,73,3829244,2988,0.0,2.1,1.99,3.33,5.32,24.47,0.1,0.17,0.27,1.24,438.8,91.0,41.0,302.3,95.0,21.0,285.0,86.0,7.0,102.5,84.0,18.0,,,,30,,Daniel,Muñoz Mejía,Muñoz,Shoulder injury - 75% chance of playing,,1779,3,3,9,20,0,0,0,5,0,0,21,182,,,,0.0,0.46,1.01,1.06,7.18,49,93,82
257,a,100.0,100.0,5.1,233,32.0,0,0.0,1,-1.0,4.6,78,26.0,119,0,4.4,37.0,15.0,7,412,0.8,290.0,100.0,0.2,23.3,0.0,1613826,556,1259161,1294,0.0,0.8,1.87,0.73,2.6,34.22,0.07,0.03,0.1,1.29,627.2,32.0,13.0,79.5,299.0,95.0,217.0,117.0,18.0,92.4,99.0,26.0,,,,30,,Maxence,Lacroix,Lacroix,,,2395,1,2,9,34,0,0,0,3,1,0,27,307,,,,0.0,0.34,1.28,1.01,10.52,49,231,76
258,a,,,5.0,257,40.0,0,0.0,0,0.0,2.2,133,52.0,108,0,3.7,96.0,33.0,7,384,3.5,71.0,27.0,0.7,21.6,0.0,470340,143,381572,577,0.0,3.5,1.06,1.61,2.67,39.04,0.04,0.06,0.1,1.36,499.6,72.0,32.0,363.2,67.0,14.0,187.0,149.0,29.0,105.1,76.0,14.0,,,,30,,Tyrick,Mitchell,Mitchell,,,2578,1,1,10,35,0,0,0,5,0,0,29,239,,,,0.0,0.35,1.22,1.01,6.67,78,113,140
259,a,100.0,100.0,4.8,360,60.0,0,0.0,-2,2.0,0.1,440,164.0,5,0,1.0,487.0,173.0,0,10,0.0,696.0,250.0,0.0,1.0,0.0,11379,11,18446,11,0.0,0.0,0.0,0.06,0.06,0.83,0.0,0.1,0.1,1.41,11.0,457.0,166.0,12.2,413.0,151.0,4.0,434.0,161.0,2.7,462.0,167.0,,,,30,,Borna,Sosa,Sosa,,,53,0,0,0,1,0,0,0,0,0,0,0,8,,,,0.0,0.0,1.7,0.0,11.89,3,4,1
261,a,100.0,100.0,4.4,536,114.0,0,0.0,-1,1.0,2.7,116,47.0,104,0,4.2,45.0,17.0,3,382,2.8,102.0,37.0,0.6,23.6,0.0,955766,203,801113,966,0.0,2.8,1.09,1.32,2.41,32.47,0.04,0.05,0.09,1.3,605.6,37.0,15.0,119.1,230.0,61.0,135.0,205.0,48.0,86.2,118.0,36.0,,,,30,,Chris,Richards,Richards,,,2242,1,0,9,31,0,0,0,3,0,0,25,267,,,,0.0,0.36,1.24,1.0,10.24,50,205,49
262,a,100.0,100.0,4.0,705,184.0,0,0.0,0,0.0,0.0,585,209.0,14,0,2.3,295.0,110.0,0,58,2.0,155.0,57.0,0.5,3.5,0.0,6216,17,3534,19,0.0,2.0,0.11,0.05,0.16,4.33,0.03,0.01,0.04,1.25,63.8,395.0,151.0,21.3,392.0,142.0,14.0,392.0,141.0,9.9,416.0,149.0,,,,30,,Chadi,Riad Dnanou,Chadi Riad,,,312,0,1,1,3,0,0,0,2,0,0,3,18,,,,0.0,0.29,0.87,0.87,5.19,4,14,12
263,a,100.0,100.0,3.8,784,232.0,0,0.0,-2,2.0,0.6,245,93.0,15,0,1.9,341.0,125.0,2,49,0.2,330.0,113.0,0.1,3.9,0.0,91219,9,104027,59,0.0,0.2,0.43,0.6,1.03,7.31,0.08,0.11,0.19,1.33,80.6,383.0,145.0,53.5,335.0,115.0,33.0,354.0,118.0,16.6,385.0,137.0,,,,30,,Nathaniel,Clyne,Clyne,,,494,0,1,0,9,0,0,0,1,0,0,6,39,,,,0.0,0.0,1.64,1.09,7.11,14,25,16
264,u,0.0,0.0,4.0,668,163.0,0,0.0,0,0.0,0.0,701,246.0,0,0,0.0,580.0,211.0,0,0,0.0,445.0,173.0,0.0,0.0,0.0,0,0,3915,1,0.0,0.0,0.0,0.0,0.0,0.0,0.0,0.0,0.0,0.0,0.0,570.0,211.0,0.0,560.0,211.0,0.0,531.0,207.0,0.0,572.0,211.0,,,,30,,Rob,Holding,Holding,Has joined Colorado Rapids permanently.,,0,0,0,0,0,0,0,0,0,0,0,0,0,,,,0.0,0.0,0.0,0.0,0.0,0,0,0
265,a,100.0,100.0,4.0,723,198.0,0,0.0,0,0.0,0.0,699,244.0,0,0,0.0,624.0,237.0,0,0,0.0,493.0,202.0,0.0,0.0,0.0,870,1,2343,4,0.0,0.0,0.0,0.0,0.0,0.0,0.0,0.0,0.0,0.0,0.0,614.0,237.0,0.0,606.0,237.0,0.0,578.0,234.0,0.0,616.0,237.0,,,,30,,Caleb,Kporha,Kporha,,,0,0,0,0,0,0,0,0,0,0,0,0,0,,,,0.0,0.0,0.0,0.0,0.0,0,0,0
267,a,100.0,100.0,6.3,68,46.0,0,0.0,-2,2.0,4.3,85,27.0,90,0,4.7,24.0,13.0,9,282,4.8,34.0,13.0,0.8,14.3,0.0,2669678,559,2741514,1469,0.0,4.8,7.98,0.69,8.66,23.65,0.44,0.04,0.48,1.3,377.0,135.0,46.0,198.4,169.0,115.0,396.0,49.0,30.0,97.3,91.0,55.0,,,3.0,30,,Ismaïla,Sarr,Sarr,,,1636,7,1,8,19,0,0,0,2,0,0,19,111,,,,0.0,0.44,1.05,1.05,6.11,17,36,58
268,i,0.0,0.0,4.9,325,202.0,0,0.0,-1,1.0,0.0,795,349.0,0,0,0.0,775.0,336.0,0,0,0.0,725.0,303.0,0.0,0.0,0.0,447,1,660,0,0.0,0.0,0.0,0.0,0.0,0.0,0.0,0.0,0.0,0.0,0.0,774.0,335.0,0.0,770.0,335.0,0.0,766.0,333.0,0.0,774.0,335.0,,,,30,,Cheick,Doucouré,Doucouré,Knee injury - Unknown return date,,0,0,0,0,0,0,0,0,0,0,0,0,0,,,,0.0,0.0,0.0,0.0,0.0,0,0,0
269,u,0.0,0.0,4.7,396,247.0,0,0.0,-3,3.0,0.1,454,154.0,4,0,1.0,485.0,221.0,0,12,0.0,691.0,279.0,0.0,0.9,0.0,11622,0,28786,2,0.0,0.0,0.0,0.04,0.04,1.74,0.0,0.09,0.09,3.92,6.8,469.0,211.0,2.7,451.0,217.0,6.0,426.0,206.0,1.5,476.0,218.0,,,,30,,Romain,Esse,Esse,has joined Coventry City on loan for the rest of the season.,,40,0,0,0,0,0,0,0,0,0,0,0,5,,,,0.0,0.0,0.0,0.0,11.25,3,0,2
270,a,100.0,100.0,4.7,378,236.0,0,0.0,-3,3.0,0.1,471,163.0,39,0,1.5,408.0,179.0,0,187,0.5,307.0,138.0,0.1,8.3,0.0,21484,3,25010,13,0.0,0.5,1.11,1.66,2.77,19.08,0.08,0.12,0.2,1.39,162.2,299.0,134.0,285.8,107.0,77.0,86.0,264.0,144.0,53.5,237.0,118.0,1.0,,,30,,Will,Hughes,Hughes,,,1231,0,1,5,13,0,0,0,6,0,0,14,121,,,,0.0,0.37,0.95,1.02,8.85,24,43,54
271,a,100.0,100.0,5.0,251,152.0,0,0.0,0,0.0,0.1,526,190.0,52,0,2.7,236.0,96.0,0,250,1.0,248.0,110.0,0.2,10.4,0.0,43992,5,43031,8,0.0,1.0,1.42,2.07,3.49,18.25,0.09,0.13,0.22,1.12,177.2,284.0,123.0,243.2,131.0,90.0,136.0,204.0,115.0,55.8,228.0,113.0,,,,30,,Daichi,Kamada,Kamada,,,1469,0,2,6,17,0,0,0,2,0,0,17,159,,,,0.0,0.37,1.04,1.04,9.74,48,29,82
272,a,100.0,100.0,4.9,291,180.0,0,0.0,-1,1.0,0.1,548,199.0,51,0,2.2,311.0,135.0,3,205,0.0,707.0,289.0,0.0,10.4,0.0,12044,1,14732,6,0.0,0.0,1.01,0.91,1.92,14.61,0.08,0.07,0.15,1.14,215.6,257.0,107.0,152.9,202.0,130.0,174.0,160.0,88.0,54.3,229.0,114.0,,,,30,,Jefferson,Lerma Solís,Lerma,,,1156,0,4,5,15,1,0,0,6,0,0,12,147,,,,0.0,0.39,1.17,0.93,11.44,18,64,65
273,a,100.0,100.0,5.0,271,165.0,0,0.0,0,0.0,0.7,223,78.0,90,0,3.5,119.0,55.0,6,412,3.5,73.0,33.0,0.7,18.0,0.0,176761,85,173347,139,0.0,3.5,1.25,5.91,7.15,33.36,0.05,0.25,0.3,1.41,379.6,134.0,45.0,537.3,24.0,23.0,147.0,192.0,107.0,106.6,75.0,48.0,3.0,,,30,,Adam,Wharton,Wharton,,,2135,0,6,8,33,0,0,0,4,1,0,26,249,,,,0.0,0.34,1.39,1.1,10.5,60,58,131
274,a,,,4.3,613,358.0,0,0.0,-2,2.0,0.1,476,166.0,0,0,0.0,659.0,252.0,0,0,0.0,555.0,184.0,0.0,0.0,0.0,14673,15,10769,24,0.0,0.0,0.0,0.0,0.0,0.0,0.0,0.0,0.0,0.0,0.0,649.0,242.0,0.0,645.0,247.0,0.0,622.0,236.0,0.0,651.0,244.0,,,,30,,Asher,Agbinone,Agbinone,,,0,0,0,0,0,0,0,0,0,0,0,0,0,,,,0.0,0.0,0.0,0.0,0.0,0,0,0
275,u,0.0,0.0,4.3,591,346.0,0,0.0,-2,2.0,0.0,623,242.0,0,0,0.0,648.0,243.0,0,0,0.0,537.0,172.0,0.0,0.0,0.0,5497,0,7754,3,0.0,0.0,0.0,0.0,0.0,0.0,0.0,0.0,0.0,0.0,0.0,638.0,233.0,0.0,633.0,238.0,0.0,609.0,226.0,0.0,640.0,235.0,,,,30,,Naouirou,Ahamada,Ahamada,has joined AJ Auxerre permanently.,,0,0,0,0,0,0,0,0,0,0,0,0,0,,,,0.0,0.0,0.0,0.0,0.0,0,0,0
276,a,100.0,100.0,4.3,595,348.0,0,0.0,-2,2.0,1.3,171,60.0,29,0,1.6,393.0,168.0,0,81,0.0,540.0,174.0,0.0,6.7,0.0,290583,45,335578,210,0.0,0.0,2.38,0.36,2.74,10.05,0.36,0.05,0.41,1.53,86.6,371.0,164.0,94.5,270.0,164.0,164.0,170.0,93.0,34.5,316.0,153.0,,2.0,4.0,30,,Justin,Devenny,Devenny,,,593,1,0,1,10,0,0,0,0,0,0,5,48,,,,0.0,0.15,1.52,0.76,7.28,16,8,24
277,u,0.0,0.0,4.5,433,259.0,0,0.0,0,0.0,0.0,802,355.0,0,0,0.0,702.0,278.0,0,0,0.0,616.0,219.0,0.0,0.0,0.0,0,0,749,0,0.0,0.0,0.0,0.0,0.0,0.0,0.0,0.0,0.0,0.0,0.0,696.0,272.0,0.0,692.0,275.0,0.0,675.0,268.0,0.0,698.0,274.0,,,,30,,Malcolm,Ebiowei,Ebiowei,Has joined Blackpool permanently.,,0,0,0,0,0,0,0,0,0,0,0,0,0,,,,0.0,0.0,0.0,0.0,0.0,0,0,0
278,u,0.0,0.0,4.4,541,323.0,0,0.0,-1,1.0,0.0,652,259.0,0,0,0.0,672.0,259.0,0,0,0.0,573.0,192.0,0.0,0.0,0.0,4359,0,9540,0,0.0,0.0,0.0,0.0,0.0,0.0,0.0,0.0,0.0,0.0,0.0,663.0,250.0,0.0,659.0,255.0,0.0,637.0,244.0,0.0,665.0,252.0,,,,30,,Jesurun,Rak-Sakyi,J.Rak-Sakyi,has joined Stoke City on loan for the rest of the season.,,0,0,0,0,0,0,0,0,0,0,0,0,0,,,,0.0,0.0,0.0,0.0,0.0,0,0,0
279,u,0.0,0.0,4.5,461,280.0,0,0.0,0,0.0,0.0,770,330.0,0,0,0.0,720.0,295.0,0,0,0.0,636.0,237.0,0.0,0.0,0.0,95,0,1648,0,0.0,0.0,0.0,0.0,0.0,0.0,0.0,0.0,0.0,0.0,0.0,715.0,290.0,0.0,711.0,292.0,0.0,695.0,285.0,0.0,716.0,291.0,,,,30,,Matheus,França de Oliveira,M.França,Has joined CR Vasco da Gama on loan for the rest of the season.,,0,0,0,0,0,0,0,0,0,0,0,0,0,,,,0.0,0.0,0.0,0.0,0.0,0,0,0
280,u,0.0,0.0,4.5,456,275.0,0,0.0,0,0.0,0.0,812,361.0,0,0,0.0,717.0,292.0,0,0,0.0,633.0,234.0,0.0,0.0,0.0,0,0,191,0,0.0,0.0,0.0,0.0,0.0,0.0,0.0,0.0,0.0,0.0,0.0,712.0,287.0,0.0,708.0,289.0,0.0,692.0,282.0,0.0,713.0,288.0,,,,30,,David,Ozoh,Ozoh,Has joined Derby County on loan for the rest of the season.,,0,0,0,0,0,0,0,0,0,0,0,0,0,,,,0.0,0.0,0.0,0.0,0.0,0,0,0
281,a,,,4.4,553,331.0,0,0.0,-1,1.0,0.0,584,218.0,1,0,1.0,469.0,207.0,0,2,0.0,581.0,200.0,0.0,0.2,0.0,5879,9,6973,8,0.0,0.0,0.0,0.0,0.0,0.65,0.0,0.0,0.0,19.5,0.0,669.0,256.0,0.1,487.0,236.0,0.0,644.0,251.0,0.0,671.0,258.0,,,,30,,Kaden,Rodney,Rodney,,,3,0,0,0,0,0,0,0,0,0,0,0,0,,,,0.0,0.0,0.0,0.0,0.0,0,0,0
282,u,0.0,0.0,4.5,474,290.0,0,0.0,0,0.0,0.0,708,290.0,0,0,0.0,729.0,302.0,0,0,0.0,648.0,247.0,0.0,0.0,0.0,860,0,3063,1,0.0,0.0,0.0,0.0,0.0,0.0,0.0,0.0,0.0,0.0,0.0,726.0,299.0,0.0,721.0,300.0,0.0,707.0,295.0,0.0,727.0,300.0,,,,30,,Franco,Umeh-Chibueze,Umeh,has joined Portsmouth permanently.,,0,0,0,0,0,0,0,0,0,0,0,0,0,,,,0.0,0.0,0.0,0.0,0.0,0,0,0
283,a,100.0,100.0,7.5,21,8.0,0,0.0,0,0.0,6.5,58,10.0,84,0,3.7,103.0,8.0,9,281,0.0,815.0,91.0,0.0,11.2,0.0,4733323,102,5138110,227,0.0,0.0,11.88,1.26,13.14,26.67,0.56,0.06,0.62,1.26,411.8,113.0,9.0,119.7,229.0,24.0,664.0,13.0,8.0,119.4,48.0,10.0,,,2.0,30,,Jean-Philippe,Mateta,Mateta,,,1904,8,0,8,23,0,0,0,2,0,0,23,110,,,,0.0,0.38,1.09,1.09,5.2,8,51,51
284,i,0.0,0.0,5.4,163,40.0,0,0.0,-1,1.0,0.3,327,53.0,23,0,1.9,357.0,41.0,3,100,0.0,775.0,82.0,0.0,4.3,0.0,124432,1,145963,13,0.0,0.0,1.77,0.46,2.23,9.49,0.38,0.1,0.48,2.06,120.0,336.0,33.0,84.6,289.0,30.0,173.0,162.0,39.0,37.8,302.0,35.0,,,,30,,Eddie,Nketiah,Nketiah,Hamstring injury - Expected back 11 Apr,,414,2,0,0,12,0,0,0,2,0,0,2,38,,,,0.0,0.0,2.61,0.43,8.26,8,13,17
285,u,0.0,0.0,5.0,249,54.0,0,0.0,0,0.0,0.2,369,59.0,1,0,1.0,493.0,60.0,0,6,0.0,738.0,79.0,0.0,0.2,0.0,9044,0,89490,1,0.0,0.0,0.0,0.0,0.0,0.27,0.0,0.0,0.0,12.15,2.0,489.0,57.0,0.0,779.0,87.0,0.0,776.0,87.0,0.2,504.0,62.0,,,,30,,Odsonne,Édouard,Édouard,has joined RC Lens permanently.,,2,0,0,0,0,0,0,0,0,0,0,0,1,,,,0.0,0.0,0.0,0.0,45.0,1,0,0
242,a,100.0,100.0,5.1,229,141.0,0,0.0,1,-1.0,5.0,71,24.0,114,2,5.0,12.0,7.0,14,442,5.2,20.0,9.0,1.0,22.4,0.0,2000699,1340,1901493,389,4.7,4.2,3.11,4.0,7.11,28.2,0.15,0.19,0.34,1.32,431.8,97.0,33.0,431.9,42.0,39.0,296.0,83.0,52.0,116.0,56.0,37.0,2.0,,,30,,Kiernan,Dewsbury-Hall,Dewsbury-Hall,,,1918,6,5,7,25,0,0,0,6,0,0,22,162,,,,0.0,0.33,1.17,1.03,7.6,36,35,91
243,a,,,4.8,375,235.0,0,0.0,-2,2.0,0.1,538,197.0,10,1,1.1,444.0,199.0,0,17,0.8,282.0,127.0,0.2,2.1,0.0,9257,4,10501,4,0.3,-0.2,0.46,0.13,0.59,3.96,0.17,0.05,0.22,1.45,14.6,452.0,202.0,17.2,401.0,199.0,77.0,282.0,154.0,10.5,414.0,188.0,,,,30,,Tyrique,George,George,,,245,0,0,1,4,0,0,0,2,0,0,1,12,,,,0.0,0.37,1.47,0.37,4.41,2,1,9
287,a,,,5.6,124,2.0,0,0.0,1,-1.0,13.2,26,4.0,119,2,4.0,63.0,5.0,11,472,2.8,108.0,10.0,0.5,21.2,0.0,1638476,2275,1424471,801,2.3,1.8,0.0,0.15,0.15,43.93,0.0,0.0,0.0,1.46,683.4,17.0,5.0,0.2,482.0,13.0,2.0,458.0,3.0,68.6,178.0,5.0,,,,30,,Jordan,Pickford,Pickford,,,2700,0,0,10,35,0,1,0,2,0,82,30,97,,,,2.73,0.33,1.17,1.0,0.0,2,38,251
288,a,100.0,100.0,4.3,585,28.0,0,0.0,-2,2.0,0.1,452,68.0,0,0,0.0,647.0,89.0,0,0,0.0,535.0,85.0,0.0,0.0,0.0,4651,5,12177,3,-0.5,-1.0,0.0,0.0,0.0,0.0,0.0,0.0,0.0,0.0,0.0,637.0,89.0,0.0,632.0,80.0,0.0,608.0,69.0,0.0,639.0,89.0,,,,30,,Mark,Travers,Travers,,,0,0,0,0,0,0,0,0,0,0,0,0,0,,,,0.0,0.0,0.0,0.0,0.0,0,0,0
289,u,0.0,0.0,3.9,760,80.0,0,0.0,-1,1.0,0.1,495,74.0,0,0,0.0,554.0,50.0,0,0,0.0,418.0,41.0,0.0,0.0,0.0,4633,0,10137,5,0.0,0.0,0.0,0.0,0.0,0.0,0.0,0.0,0.0,0.0,0.0,544.0,50.0,0.0,531.0,33.0,0.0,501.0,20.0,0.0,546.0,50.0,,,,30,,Harry,Tyrer,Tyrer,has joined Cardiff City permanently.,,0,0,0,0,0,0,0,0,0,0,0,0,0,,,,0.0,0.0,0.0,0.0,0.0,0,0,0
298,a,,,3.8,796,243.0,0,0.0,-2,2.0,0.1,420,153.0,0,0,0.0,526.0,188.0,0,0,0.0,384.0,144.0,0.0,0.0,0.0,7883,2,15074,1,-0.5,-1.0,0.0,0.0,0.0,0.0,0.0,0.0,0.0,0.0,0.0,516.0,188.0,0.0,501.0,187.0,0.0,470.0,181.0,0.0,518.0,188.0,,,,30,,Reece,Welch,Welch,,,0,0,0,0,0,0,0,0,0,0,0,0,0,,,,0.0,0.0,0.0,0.0,0.0,0,0,0
299,a,100.0,100.0,6.2,75,49.0,0,0.0,-3,3.0,4.2,87,28.0,102,2,4.2,55.0,23.0,5,426,3.5,76.0,35.0,0.6,16.5,0.0,1757169,635,2543830,264,3.0,2.5,4.89,4.15,9.04,30.37,0.21,0.18,0.39,1.32,471.4,81.0,26.0,358.0,69.0,53.0,397.0,46.0,28.0,122.9,46.0,33.0,,,1.0,30,,Iliman,Ndiaye,Ndiaye,,,2063,5,3,7,29,0,0,0,2,0,0,24,224,,,,0.0,0.31,1.27,1.05,9.77,53,28,143
300,a,,,5.5,145,90.0,0,0.0,-5,5.0,0.1,417,141.0,43,3,2.5,274.0,118.0,1,147,3.5,74.0,34.0,0.6,7.8,0.0,33410,28,64468,7,3.0,2.5,1.07,0.77,1.84,13.95,0.11,0.08,0.19,1.45,104.2,350.0,157.0,148.8,204.0,132.0,100.0,244.0,135.0,35.4,309.0,150.0,,,,30,,Dwight,McNeil,McNeil,,,866,0,3,5,5,0,0,0,1,0,0,10,84,,,,0.0,0.52,0.52,1.04,8.73,18,19,47
301,d,25.0,25.0,5.2,215,133.0,0,0.0,-3,3.0,0.1,522,189.0,26,0,1.6,398.0,172.0,0,111,0.0,762.0,328.0,0.0,5.0,0.0,17074,0,29909,4,-0.1,-0.2,1.04,0.44,1.48,13.03,0.14,0.06,0.2,1.76,83.0,374.0,167.0,144.5,206.0,134.0,156.0,180.0,100.0,38.4,299.0,148.0,,,,30,,Carlos,Alcaraz Durán,Alcaraz,Knock - 25% chance of playing,,667,0,1,3,8,0,0,0,3,0,0,6,64,,,,0.0,0.4,1.08,0.81,8.64,13,10,41
302,a,100.0,100.0,5.4,155,97.0,0,0.0,-1,1.0,0.1,489,174.0,66,4,3.1,179.0,76.0,4,336,2.8,107.0,46.0,0.5,12.2,0.0,24039,22,29142,11,2.3,1.8,1.49,1.0,2.49,26.22,0.08,0.05,0.13,1.34,288.4,199.0,83.0,216.8,154.0,105.0,163.0,171.0,94.0,66.9,182.0,94.0,,,,30,,Idrissa Gana,Gueye,Gana,,,1756,2,1,4,22,0,0,0,1,1,0,21,184,,,,0.0,0.21,1.13,1.08,9.43,39,47,98
303,a,,,5.2,211,130.0,0,0.0,2,-2.0,4.0,92,31.0,133,4,4.4,38.0,17.0,13,654,5.5,16.0,6.0,1.1,25.6,0.0,1076445,1349,600517,443,5.0,4.5,1.81,4.74,6.55,43.87,0.06,0.16,0.22,1.47,686.4,15.0,4.0,721.1,8.0,8.0,207.0,121.0,72.0,161.7,20.0,16.0,1.0,3.0,2.0,30,,James,Garner,Garner,,,2693,2,5,10,35,0,0,0,7,0,0,30,368,,,,0.0,0.33,1.17,1.0,12.3,88,131,149
304,a,100.0,100.0,4.8,368,230.0,0,0.0,-2,2.0,0.0,617,239.0,56,3,2.5,269.0,114.0,1,184,1.5,203.0,86.0,0.3,11.7,0.0,5774,4,6719,0,1.0,0.5,0.37,0.61,0.98,17.77,0.03,0.05,0.08,1.45,168.6,292.0,128.0,81.2,294.0,171.0,48.0,324.0,171.0,29.6,338.0,163.0,,,,30,,Tim,Iroegbunam,Iroegbunam,,,1100,0,3,8,10,0,0,0,8,0,0,13,145,,,,0.0,0.65,0.82,1.06,11.86,51,32,62
305,a,100.0,100.0,4.5,495,305.0,0,0.0,0,0.0,0.1,499,179.0,19,1,1.7,385.0,164.0,0,78,1.0,244.0,107.0,0.2,4.2,0.0,12362,10,18327,17,0.5,0.0,0.79,0.21,1.0,10.79,0.14,0.04,0.18,1.96,58.4,405.0,178.0,66.3,312.0,175.0,78.0,278.0,151.0,20.4,369.0,175.0,,,,30,,Harrison,Armstrong,Armstrong,,,495,0,0,1,10,0,0,0,0,0,0,6,50,,,,0.0,0.18,1.82,1.09,9.09,13,13,24
306,a,,,4.3,610,356.0,0,0.0,-2,2.0,0.1,483,171.0,0,0,0.0,657.0,250.0,0,0,0.0,552.0,182.0,0.0,0.0,0.0,14778,4,14975,5,-0.5,-1.0,0.0,0.0,0.0,0.0,0.0,0.0,0.0,0.0,0.0,647.0,240.0,0.0,643.0,245.0,0.0,620.0,234.0,0.0,649.0,242.0,,,,30,,Callum,Bates,Bates,,,0,0,0,0,0,0,0,0,0,0,0,0,0,,,,0.0,0.0,0.0,0.0,0.0,0,0,0
307,a,,,4.4,548,327.0,0,0.0,-1,1.0,0.0,601,227.0,0,0,0.0,675.0,262.0,0,0,0.0,577.0,196.0,0.0,0.0,0.0,4887,0,6401,6,-0.5,-1.0,0.0,0.0,0.0,0.0,0.0,0.0,0.0,0.0,0.0,666.0,253.0,0.0,662.0,258.0,0.0,640.0,247.0,0.0,668.0,255.0,,,,30,,Coby,Ebere,Ebere,,,0,0,0,0,0,0,0,0,0,0,0,0,0,,,,0.0,0.0,0.0,0.0,0.0,0,0,0
308,u,0.0,0.0,4.5,450,270.0,0,0.0,0,0.0,0.0,703,287.0,0,0,0.0,712.0,287.0,0,0,0.0,627.0,229.0,0.0,0.0,0.0,458,0,3757,1,0.0,0.0,0.0,0.0,0.0,0.0,0.0,0.0,0.0,0.0,0.0,707.0,282.0,0.0,703.0,284.0,0.0,687.0,277.0,0.0,708.0,283.0,,,,30,,Isaac,Heath,Heath,has joined Accrington on loan for the rest of the season.,,0,0,0,0,0,0,0,0,0,0,0,0,0,,,,0.0,0.0,0.0,0.0,0.0,0,0,0
309,u,0.0,0.0,4.5,447,268.0,0,0.0,0,0.0,0.0,819,367.0,0,0,0.0,710.0,285.0,0,0,0.0,625.0,227.0,0.0,0.0,0.0,0,0,113,0,0.0,0.0,0.0,0.0,0.0,0.0,0.0,0.0,0.0,0.0,0.0,705.0,280.0,0.0,701.0,282.0,0.0,685.0,275.0,0.0,706.0,281.0,,,,30,,Jenson,Metcalfe,Metcalfe,Has joined Bradford City permanently.,,0,0,0,0,0,0,0,0,0,0,0,0,0,,,,0.0,0.0,0.0,0.0,0.0,0,0,0
310,a,,,5.7,120,33.0,0,0.0,-3,3.0,0.9,194,29.0,75,1,2.5,275.0,28.0,7,225,2.5,129.0,14.0,0.4,13.2,0.0,299080,118,274341,261,2.0,1.5,6.13,0.37,6.5,27.91,0.34,0.02,0.36,1.55,247.4,229.0,19.0,169.4,187.0,17.0,418.0,42.0,17.0,81.2,134.0,18.0,,,,30,,Thierno,Barry,Barry,,,1620,6,0,7,24,0,0,0,3,0,0,19,57,,,,0.0,0.39,1.33,1.06,3.17,3,26,28
311,a,,,5.0,268,55.0,0,0.0,-5,5.0,2.5,124,19.0,60,2,2.0,336.0,37.0,6,180,3.5,72.0,8.0,0.7,12.0,0.0,479423,271,1132990,165,3.0,2.5,6.56,0.16,6.72,17.43,0.53,0.01,0.54,1.41,221.6,249.0,23.0,88.1,279.0,28.0,404.0,45.0,18.0,69.8,172.0,22.0,,,3.0,30,,Norberto Bercique,Gomes Betuncal,Beto,,,1115,4,0,4,14,0,0,0,2,0,0,11,71,,,,0.0,0.32,1.13,0.89,5.73,12,35,24
313,u,0.0,0.0,4.4,555,79.0,0,0.0,-1,1.0,0.1,447,64.0,0,0,0.0,679.0,71.0,0,0,0.0,583.0,59.0,0.0,0.0,0.0,9203,0,26542,1,0.0,0.0,0.0,0.0,0.0,0.0,0.0,0.0,0.0,0.0,0.0,671.0,71.0,0.0,666.0,70.0,0.0,646.0,70.0,0.0,673.0,71.0,,,,30,,Martin,Sherif,Sherif,has joined Port Vale on loan for the rest of the season.,,0,0,0,0,0,0,0,0,0,0,0,0,0,,,,0.0,0.0,0.0,0.0,0.0,0,0,0
419,i,0.0,0.0,6.3,64,43.0,0,0.0,-2,2.0,5.8,64,22.0,79,0,4.0,64.0,27.0,12,356,0.0,802.0,358.0,0.0,12.5,0.0,3790409,4,3772584,257,0.0,0.0,2.05,3.37,5.41,25.81,0.11,0.19,0.3,1.43,374.2,138.0,48.0,520.5,28.0,27.0,397.0,47.0,29.0,129.2,37.0,27.0,,,,30,,Jack,Grealish,Grealish,Foot injury - Expected back 01 Jun,,1627,2,6,7,23,0,0,0,3,1,0,18,135,,,,0.0,0.39,1.27,1.0,7.47,20,27,88
630,a,,,3.9,748,74.0,0,0.0,-1,1.0,1.3,175,22.0,0,0,0.0,546.0,44.0,0,0,0.0,409.0,35.0,0.0,0.0,0.0,71828,11,100263,65,-0.5,-1.0,0.0,0.0,0.0,0.0,0.0,0.0,0.0,0.0,0.0,536.0,44.0,0.0,523.0,27.0,0.0,493.0,14.0,0.0,538.0,44.0,,,,30,,Tom,King,King,,,0,0,0,0,0,0,0,0,0,0,0,0,0,,,,0.0,0.0,0.0,0.0,0.0,0,0,0
667,a,100.0,100.0,4.2,639,150.0,0,0.0,-3,3.0,0.1,569,204.0,0,0,0.0,639.0,248.0,0,0,0.0,519.0,221.0,0.0,0.0,0.0,2858,2,12535,0,-0.5,-1.0,0.0,0.0,0.0,0.0,0.0,0.0,0.0,0.0,0.0,630.0,249.0,0.0,624.0,248.0,0.0,599.0,247.0,0.0,632.0,249.0,,,,30,,Adam,Aznou,Aznou,,,0,0,0,0,0,0,0,0,0,0,0,0,0,,,,0.0,0.0,0.0,0.0,0.0,0,0,0
704,u,0.0,0.0,4.5,437,261.0,0,0.0,0,0.0,0.0,586,219.0,0,0,0.0,705.0,280.0,0,0,0.0,619.0,221.0,0.0,0.0,0.0,8420,0,10197,1,0.0,0.0,0.0,0.0,0.0,0.0,0.0,0.0,0.0,0.0,0.0,699.0,274.0,0.0,696.0,277.0,0.0,679.0,270.0,0.0,701.0,276.0,,,,30,,Tyler,Onyango,Onyango,has joined Stockport County on loan for the rest of the season.,,0,0,0,0,0,0,0,0,0,0,0,0,0,,,,0.0,0.0,0.0,0.0,0.0,0,0,0
705,u,0.0,0.0,3.9,770,224.0,0,0.0,-1,1.0,0.2,410,150.0,0,0,0.0,562.0,203.0,0,0,0.0,426.0,165.0,0.0,0.0,0.0,18604,0,17324,6,0.0,0.0,0.0,0.0,0.0,0.0,0.0,0.0,0.0,0.0,0.0,552.0,203.0,0.0,539.0,203.0,0.0,509.0,198.0,0.0,554.0,203.0,,,,30,,Elijah,Campbell,Campbell,has joined Port Vale on loan for the rest of the season.,,0,0,0,0,0,0,0,0,0,0,0,0,0,,,,0.0,0.0,0.0,0.0,0.0,0,0,0
707,a,,,5.3,199,123.0,0,0.0,-2,2.0,0.0,650,258.0,18,0,1.3,436.0,197.0,0,49,0.2,362.0,163.0,0.0,3.4,0.0,7786,1,7331,1,-0.3,-0.8,0.2,0.14,0.34,6.65,0.05,0.04,0.09,1.71,46.0,414.0,182.0,61.0,326.0,181.0,32.0,357.0,184.0,13.6,399.0,182.0,,,,30,,Tyler,Dibling,Dibling,,,349,0,0,2,2,0,0,0,2,0,0,4,40,,,,0.0,0.52,0.52,1.03,10.32,7,11,22
728,a,100.0,100.0,5.0,276,170.0,0,0.0,0,0.0,0.0,714,295.0,17,1,1.5,413.0,184.0,0,43,0.2,356.0,160.0,0.0,3.4,0.0,1549,0,1621,2,-0.3,-0.8,0.5,0.21,0.71,8.22,0.13,0.05,0.18,2.07,61.2,399.0,175.0,65.9,314.0,176.0,32.0,356.0,183.0,15.9,388.0,179.0,,,,30,,Merlin,Röhl,Röhl,,,357,0,0,2,6,0,0,0,0,0,0,2,46,,,,0.0,0.5,1.51,0.5,11.6,17,10,19
779,a,,,4.5,503,72.0,0,0.0,0,0.0,0.0,627,82.0,0,0,0.0,750.0,82.0,0,0,0.0,673.0,70.0,0.0,0.0,0.0,4702,8,2432,10,-0.5,-1.0,0.0,0.0,0.0,0.0,0.0,0.0,0.0,0.0,0.0,749.0,82.0,0.0,743.0,81.0,0.0,730.0,81.0,0.0,749.0,82.0,,,,30,,Braiden,Graham,Graham,,,0,0,0,0,0,0,0,0,0,0,0,0,0,,,,0.0,0.0,0.0,0.0,0.0,0,0,0
314,a,,,4.9,288,10.0,0,0.0,-1,1.0,1.6,153,19.0,79,0,2.7,234.0,24.0,3,359,1.8,176.0,17.0,0.4,16.1,0.0,227475,1242,248771,48,2.3,1.8,0.0,0.0,0.0,40.83,0.0,0.0,0.0,1.41,605.4,38.0,10.0,0.0,759.0,89.0,0.0,755.0,87.0,60.4,206.0,10.0,,,,30,,Bernd,Leno,Leno,,,2610,0,0,5,43,1,0,0,3,0,71,29,107,,,,2.45,0.17,1.48,1.0,0.0,4,36,242
315,u,0.0,0.0,4.0,677,49.0,0,0.0,0,0.0,0.0,760,87.0,0,0,0.0,587.0,69.0,0,0,0.0,453.0,62.0,0.0,0.0,0.0,577,0,865,0,0.0,0.0,0.0,0.0,0.0,0.0,0.0,0.0,0.0,0.0,0.0,577.0,69.0,0.0,568.0,56.0,0.0,539.0,43.0,0.0,579.0,69.0,,,,30,,Steven,Benda,Benda,has joined Feyenoord on loan for the rest of the season.,,0,0,0,0,0,0,0,0,0,0,0,0,0,,,,0.0,0.0,0.0,0.0,0.0,0,0,0
316,a,100.0,100.0,4.9,296,45.0,0,0.0,-1,1.0,0.7,215,82.0,34,0,2.6,254.0,98.0,4,153,0.2,352.0,128.0,0.0,6.9,0.0,152125,531,186153,30,0.7,0.2,0.22,1.27,1.49,14.39,0.02,0.13,0.15,1.45,217.2,254.0,103.0,249.5,125.0,32.0,34.0,353.0,117.0,50.1,255.0,82.0,,,,30,,Antonee,Robinson,Robinson,,,891,0,0,2,11,0,0,0,1,0,0,10,78,,,,0.0,0.2,1.11,1.01,7.78,26,51,53
317,a,100.0,100.0,4.5,414,76.0,0,0.0,0,0.0,4.9,73,23.0,93,0,3.6,106.0,36.0,5,325,1.0,242.0,90.0,0.2,20.7,0.0,1273091,2695,1002938,138,1.5,1.0,1.26,1.54,2.8,35.4,0.05,0.06,0.11,1.39,657.2,24.0,10.0,111.8,244.0,66.0,124.0,219.0,54.0,89.6,108.0,30.0,,,,30,,Joachim,Andersen,Andersen,,,2291,0,1,5,38,0,0,0,6,0,0,26,302,,,,0.0,0.2,1.49,1.02,10.41,37,228,91
318,a,100.0,100.0,4.4,532,110.0,0,0.0,-1,1.0,0.5,258,96.0,66,0,3.1,170.0,64.0,6,217,2.2,141.0,53.0,0.5,15.0,0.0,118667,615,124321,33,2.7,2.2,1.28,0.24,1.52,26.11,0.07,0.01,0.08,1.36,418.4,110.0,48.0,101.1,262.0,76.0,79.0,276.0,77.0,60.1,207.0,69.0,,,,30,,Calvin,Bassey,Bassey,,,1722,1,1,3,32,0,0,0,5,0,0,19,193,,,,0.0,0.16,1.67,0.99,8.0,41,112,82
319,a,,,4.3,579,126.0,0,0.0,-2,2.0,0.1,458,169.0,30,0,1.4,419.0,151.0,0,130,0.5,302.0,105.0,0.1,7.0,0.0,19466,14,25482,7,1.0,0.5,1.1,0.51,1.61,21.75,0.09,0.04,0.13,1.74,226.8,243.0,95.0,131.5,215.0,54.0,111.0,228.0,59.0,47.1,264.0,85.0,,,,30,,Timothy,Castagne,Castagne,,,1126,0,1,0,23,0,0,0,3,0,0,12,114,,,,0.0,0.0,1.84,0.96,7.91,23,76,34
320,a,,,4.3,582,129.0,0,0.0,-2,2.0,0.1,528,188.0,13,0,1.3,429.0,155.0,0,49,0.8,267.0,95.0,0.2,3.0,0.0,7582,14,11597,4,1.3,0.8,0.02,0.04,0.06,10.15,0.0,0.01,0.01,1.54,118.0,339.0,130.0,5.7,440.0,159.0,12.0,399.0,146.0,13.6,397.0,144.0,,,,30,,Issa,Diop,Diop,,,592,0,0,0,11,0,0,0,2,0,0,6,55,,,,0.0,0.0,1.67,0.91,7.3,6,42,14
321,a,,,4.3,587,132.0,0,0.0,-2,2.0,0.1,564,202.0,39,0,2.8,215.0,83.0,1,155,0.5,303.0,106.0,0.1,9.1,0.0,6751,2,7464,9,1.0,0.5,0.05,0.53,0.58,14.59,0.0,0.05,0.05,1.41,244.6,231.0,90.0,47.1,346.0,118.0,14.0,393.0,142.0,30.7,333.0,114.0,,,,30,,Jorge,Cuenca Barreno,J.Cuenca,,,931,0,0,2,11,0,0,0,5,0,0,11,120,,,,0.0,0.19,1.06,1.06,11.02,16,98,40
322,a,100.0,100.0,4.5,412,75.0,0,0.0,0,0.0,0.3,307,113.0,75,0,3.6,105.0,35.0,5,291,2.0,159.0,61.0,0.4,16.7,0.0,166428,373,154113,12,2.5,2.0,0.92,1.43,2.35,24.84,0.05,0.08,0.13,1.31,398.0,121.0,52.0,207.1,162.0,40.0,108.0,231.0,61.0,71.4,160.0,53.0,,,,30,,Kenny,Tete,Tete,,,1701,1,0,5,25,0,0,0,2,0,0,20,180,,,,0.0,0.26,1.32,1.06,8.31,63,94,78
323,a,,,3.8,812,258.0,0,0.0,-2,2.0,0.1,422,155.0,0,0,0.0,537.0,198.0,0,0,0.0,399.0,158.0,0.0,0.0,0.0,9469,6,17220,5,0.5,0.0,0.0,0.0,0.0,0.0,0.0,0.0,0.0,0.0,0.0,527.0,198.0,0.0,513.0,198.0,0.0,483.0,193.0,0.0,529.0,198.0,,,,30,,Samuel,Amissah,Amissah,,,0,0,0,0,0,0,0,0,0,0,0,0,0,,,,0.0,0.0,0.0,0.0,0.0,0,0,0
324,a,100.0,100.0,6.4,55,35.0,0,0.0,-1,1.0,2.5,123,40.0,91,0,4.0,65.0,28.0,13,428,6.2,6.0,1.0,1.0,14.2,0.0,527575,4154,416733,160,6.7,6.2,1.26,3.54,4.8,30.6,0.06,0.16,0.22,1.41,434.0,94.0,31.0,576.9,17.0,17.0,227.0,112.0,68.0,123.9,45.0,32.0,2.0,,,30,,Alex,Iwobi,Iwobi,,,1952,4,3,3,36,0,0,0,2,0,0,23,144,,,,0.0,0.14,1.66,1.06,6.64,22,27,95
325,a,100.0,100.0,5.6,128,79.0,0,0.0,-4,4.0,0.5,250,86.0,64,0,2.2,314.0,138.0,1,280,1.2,232.0,100.0,0.2,11.4,0.0,162969,110,214243,44,1.7,1.2,4.2,0.96,5.16,24.74,0.26,0.06,0.32,1.54,244.2,232.0,101.0,256.3,121.0,84.0,321.0,72.0,41.0,82.2,131.0,74.0,,,,30,,Emile,Smith Rowe,Smith Rowe,,,1444,3,1,3,23,0,0,0,1,0,0,16,112,,,,0.0,0.19,1.43,1.0,6.98,22,33,57
327,u,0.0,0.0,5.3,186,114.0,0,0.0,-2,2.0,0.1,561,206.0,0,0,0.0,798.0,352.0,0,0,0.0,768.0,332.0,0.0,0.0,0.0,2438,0,35597,0,0.0,0.0,0.0,0.0,0.0,0.0,0.0,0.0,0.0,0.0,0.0,797.0,351.0,0.0,796.0,351.0,0.0,793.0,350.0,0.0,797.0,351.0,,,,30,,Andreas,Hoelgebaum Pereira,Andreas,has joined Palmeiras permanently.,,0,0,0,0,0,0,0,0,0,0,0,0,0,,,,0.0,0.0,0.0,0.0,0.0,0,0,0
328,a,100.0,100.0,5.4,161,100.0,0,0.0,-1,1.0,0.2,401,136.0,78,0,3.5,124.0,58.0,5,269,1.8,183.0,76.0,0.3,14.4,0.0,145975,45,139059,15,2.3,1.8,1.16,1.71,2.87,24.03,0.07,0.1,0.17,1.35,340.8,159.0,58.0,197.1,171.0,116.0,187.0,150.0,84.0,72.2,157.0,84.0,,,,30,,Ryan,Sessegnon,Sessegnon,,,1605,2,3,4,29,0,0,0,0,0,0,18,188,,,,0.0,0.22,1.63,1.01,10.54,40,87,61
329,d,75.0,75.0,6.0,85,55.0,0,0.0,5,-5.0,22.5,16,6.0,140,0,5.2,11.0,6.0,19,529,5.0,26.0,11.0,0.8,23.3,0.0,5093901,2706,2316843,3699,4.1,3.8,4.69,3.92,8.61,30.58,0.2,0.17,0.37,1.32,594.6,39.0,10.0,486.9,32.0,30.0,501.0,26.0,13.0,158.1,22.0,18.0,1.0,1.0,3.0,30,,Harry,Wilson,Wilson,Ankle injury - 75% chance of playing,,2086,9,8,6,31,0,0,0,6,0,0,25,139,,,,0.0,0.26,1.34,1.08,6.0,21,51,67
330,a,,,4.9,305,190.0,0,0.0,-1,1.0,0.1,517,186.0,73,0,2.5,270.0,115.0,3,424,2.5,120.0,51.0,0.5,14.9,0.0,11889,21,12889,7,3.0,2.5,1.29,1.1,2.39,38.32,0.05,0.04,0.09,1.42,382.8,133.0,44.0,280.0,110.0,79.0,75.0,286.0,155.0,74.1,153.0,80.0,,,,30,,Sander,Berge,Berge,,,2422,0,2,5,41,1,0,0,4,0,0,28,242,,,,0.0,0.19,1.52,1.04,8.99,48,81,113
331,a,100.0,100.0,4.8,348,218.0,0,0.0,-2,2.0,0.0,639,250.0,28,0,1.5,410.0,181.0,1,115,1.0,245.0,108.0,0.2,5.8,0.0,2768,3,4800,0,1.5,1.0,0.95,0.35,1.3,9.43,0.16,0.06,0.22,1.59,82.8,376.0,168.0,104.8,258.0,160.0,49.0,323.0,170.0,23.7,355.0,171.0,,,,30,,Tom,Cairney,Cairney,,,533,1,0,1,9,0,0,0,3,0,0,4,43,,,,0.0,0.17,1.52,0.68,7.26,4,8,31
332,a,100.0,100.0,4.9,309,193.0,0,0.0,-1,1.0,0.1,573,213.0,50,0,2.6,255.0,107.0,3,225,0.0,716.0,295.0,0.0,10.2,0.0,14679,2,19137,2,0.5,0.0,1.74,1.35,3.09,18.45,0.13,0.1,0.23,1.37,232.0,241.0,104.0,338.7,74.0,56.0,119.0,223.0,124.0,68.9,177.0,91.0,3.0,,,30,,Saša,Lukić,Lukić,,,1208,1,3,4,17,0,0,0,6,0,0,15,127,,,,0.0,0.3,1.27,1.12,9.46,35,43,49
333,u,0.0,0.0,4.5,473,289.0,0,0.0,0,0.0,0.0,669,270.0,0,0,0.0,728.0,301.0,0,0,0.0,647.0,246.0,0.0,0.0,0.0,898,0,6597,0,0.0,0.0,0.0,0.0,0.0,0.0,0.0,0.0,0.0,0.0,0.0,725.0,298.0,0.0,720.0,299.0,0.0,706.0,294.0,0.0,726.0,299.0,,,,30,,Martial,Godo,Godo,has joined Strasbourg permanently.,,0,0,0,0,0,0,0,0,0,0,0,0,0,,,,0.0,0.0,0.0,0.0,0.0,0,0,0
334,u,0.0,0.0,4.5,454,273.0,0,0.0,0,0.0,0.0,811,360.0,0,0,0.0,715.0,290.0,0,0,0.0,631.0,232.0,0.0,0.0,0.0,0,0,312,0,0.0,0.0,0.0,0.0,0.0,0.0,0.0,0.0,0.0,0.0,0.0,710.0,285.0,0.0,706.0,287.0,0.0,690.0,280.0,0.0,711.0,286.0,,,,30,,Luke,Harris,Harris,Has joined Oxford United on loan for the rest of the season.,,0,0,0,0,0,0,0,0,0,0,0,0,0,,,,0.0,0.0,0.0,0.0,0.0,0,0,0
335,a,100.0,100.0,4.4,562,336.0,0,0.0,-1,1.0,1.8,148,51.0,41,0,1.8,370.0,159.0,0,138,1.0,241.0,105.0,0.2,9.3,0.0,964331,96,871242,132,1.5,1.0,1.53,0.43,1.96,14.08,0.14,0.04,0.18,1.29,109.6,349.0,156.0,118.8,232.0,146.0,226.0,113.0,69.0,44.6,272.0,137.0,,,,30,,Josh,King,King,,,984,0,2,4,15,0,0,0,3,0,0,12,80,,,,0.0,0.37,1.37,1.1,7.32,19,16,45
336,a,,,4.3,578,343.0,0,0.0,-2,2.0,0.4,277,98.0,12,0,2.4,280.0,120.0,2,37,0.0,532.0,169.0,0.0,2.8,0.0,85444,34,71811,51,0.5,0.0,0.04,0.24,0.28,0.41,0.16,0.94,1.1,1.6,36.6,424.0,186.0,8.7,432.0,209.0,7.0,421.0,203.0,5.2,444.0,198.0,,,,30,,Harrison,Reed,Reed,,,23,1,0,0,1,0,0,0,0,0,0,0,2,,,,0.0,0.0,3.91,0.0,7.83,0,0,2
337,a,100.0,100.0,6.2,73,23.0,0,0.0,-3,3.0,2.9,109,18.0,97,0,3.5,128.0,10.0,7,361,3.5,75.0,9.0,0.6,15.6,0.0,767036,1884,676693,318,4.0,3.5,10.18,0.87,11.05,29.3,0.48,0.04,0.52,1.39,429.4,99.0,6.0,289.8,103.0,5.0,659.0,14.0,9.0,137.4,32.0,8.0,,2.0,1.0,30,,Raúl,Jiménez Rodríguez,Raúl,,,1903,8,5,7,25,0,0,0,5,0,0,24,114,,,,0.0,0.33,1.18,1.14,5.39,30,37,47
338,a,100.0,100.0,5.3,192,46.0,0,0.0,-2,2.0,0.7,214,32.0,22,0,1.8,378.0,44.0,3,62,0.8,292.0,36.0,0.2,4.2,0.0,262794,64,438058,21,1.3,0.8,1.25,0.03,1.28,7.6,0.24,0.01,0.25,1.47,82.4,379.0,39.0,55.4,332.0,38.0,166.0,167.0,40.0,29.3,340.0,40.0,,,,30,,Rodrigo,Muniz Carvalho,Muniz,,,465,1,1,1,8,1,0,0,1,0,0,4,27,,,,0.0,0.19,1.55,0.77,5.23,4,14,9
424,a,100.0,100.0,5.1,239,145.0,0,0.0,-4,4.0,0.2,355,118.0,27,0,1.9,352.0,151.0,0,115,1.8,181.0,75.0,0.4,5.3,0.0,90841,25,97846,10,2.3,1.8,0.5,1.5,2.0,7.68,0.07,0.21,0.28,1.09,90.4,370.0,163.0,217.7,152.0,103.0,107.0,233.0,128.0,41.7,288.0,145.0,,,,30,,Oscar,Bobb,Bobb,,,637,0,2,2,9,0,0,0,1,0,0,6,48,,,,0.0,0.28,1.27,0.85,6.78,12,7,29
727,a,100.0,100.0,5.3,190,118.0,0,0.0,-2,2.0,0.1,500,180.0,50,0,3.3,153.0,67.0,1,209,0.8,291.0,133.0,0.2,9.4,0.0,100138,34,92894,15,1.3,0.8,1.63,2.9,4.53,12.29,0.2,0.35,0.55,1.49,247.6,228.0,99.0,254.1,123.0,86.0,202.0,130.0,75.0,70.5,166.0,87.0,,,,30,,Samuel,Chukwueze,Chukwueze,,,743,3,4,1,16,0,0,0,0,0,0,7,60,,,,0.0,0.12,1.94,0.85,7.27,6,15,39
731,i,0.0,0.0,5.8,110,71.0,0,0.0,-2,2.0,0.1,574,214.0,43,0,1.9,361.0,156.0,0,158,0.2,368.0,166.0,0.0,7.4,0.0,34696,1,31530,16,0.0,0.0,1.12,1.4,2.52,13.01,0.11,0.14,0.25,1.3,200.8,264.0,109.0,231.6,138.0,95.0,206.0,127.0,74.0,63.6,198.0,100.0,,,,30,,Kevin,Santos Lopes de Macedo,Kevin,Foot injury - Unknown return date,,898,1,2,4,15,0,0,0,1,0,0,8,75,,,,0.0,0.4,1.5,0.8,7.52,19,16,40
737,a,,,4.5,506,74.0,0,0.0,0,0.0,0.1,481,69.0,4,0,0.8,509.0,62.0,0,11,0.0,675.0,72.0,0.0,0.9,0.0,21410,9,16455,11,0.5,0.0,0.0,0.07,0.07,0.75,0.0,0.21,0.21,2.25,1.2,496.0,59.0,11.4,417.0,56.0,8.0,417.0,58.0,2.1,468.0,57.0,,,,30,,Jonah,Kusi-Asare,Kusi-Asare,,,30,0,0,0,2,0,0,0,1,0,0,0,2,,,,0.0,0.0,6.0,0.0,6.0,0,0,2
770,a,,,4.5,501,310.0,0,0.0,0,0.0,0.0,779,339.0,0,0,0.0,748.0,316.0,0,0,0.0,671.0,265.0,0.0,0.0,0.0,626,0,362,3,0.5,0.0,0.0,0.0,0.0,0.0,0.0,0.0,0.0,0.0,0.0,747.0,315.0,0.0,741.0,315.0,0.0,728.0,311.0,0.0,747.0,315.0,,,,30,,Seth,Ridgeon,Ridgeon,,,0,0,0,0,0,0,0,0,0,0,0,0,0,,,,0.0,0.0,0.0,0.0,0.0,0,0,0
342,a,100.0,100.0,4.4,528,106.0,0,0.0,-1,1.0,0.2,356,130.0,70,0,2.6,250.0,96.0,0,195,1.2,219.0,80.0,0.3,15.9,0.0,45821,40,44743,20,1.2,1.2,2.02,1.57,3.59,34.53,0.08,0.06,0.14,1.37,332.6,165.0,69.0,231.1,140.0,36.0,185.0,153.0,31.0,75.0,147.0,48.0,,,,30,,Jayden,Bogle,Bogle,,,2268,1,3,4,41,0,0,0,5,0,0,26,184,,,,0.0,0.16,1.63,1.03,5.56,51,89,113
343,a,100.0,100.0,4.3,583,130.0,0,0.0,-2,2.0,0.5,265,98.0,80,0,3.1,167.0,61.0,3,293,1.5,198.0,75.0,0.3,18.6,0.0,109293,98,100457,43,1.5,1.5,2.52,0.54,3.06,34.51,0.1,0.02,0.12,1.38,556.8,50.0,22.0,130.0,217.0,55.0,218.0,116.0,17.0,90.5,104.0,27.0,,,,30,,Pascal,Struijk,Struijk,,,2258,0,1,4,40,0,0,0,3,0,0,25,250,,,,0.0,0.16,1.59,1.0,9.21,28,203,95
344,a,100.0,100.0,3.9,758,219.0,0,0.0,-1,1.0,0.4,283,103.0,48,0,3.0,186.0,71.0,2,155,0.5,299.0,102.0,0.1,12.3,0.0,102094,15,81806,42,0.5,0.5,0.76,0.57,1.33,20.78,0.06,0.05,0.11,1.66,293.2,193.0,76.0,38.8,357.0,125.0,195.0,138.0,25.0,52.6,240.0,79.0,,,,30,,Jaka,Bijol,Bijol,,,1126,1,2,1,21,0,0,0,2,0,0,12,126,,,,0.0,0.08,1.68,0.96,9.19,15,100,43
345,a,100.0,100.0,3.8,794,241.0,0,0.0,-2,2.0,0.1,421,154.0,17,0,1.9,342.0,126.0,0,48,0.0,382.0,142.0,0.0,4.5,0.0,22441,7,17310,21,0.0,0.0,0.0,0.01,0.01,4.93,0.0,0.0,0.0,1.46,78.4,385.0,147.0,5.6,441.0,160.0,10.0,404.0,148.0,9.4,418.0,151.0,,,,30,,Sebastiaan,Bornauw,Bornauw,,,304,0,0,1,4,0,0,0,1,0,0,4,38,,,,0.0,0.3,1.18,1.18,11.25,6,32,7
346,a,,,3.7,814,260.0,0,0.0,-3,3.0,0.2,357,131.0,1,0,1.0,447.0,160.0,0,-2,0.0,371.0,132.0,0.0,0.3,0.0,27280,187,34253,29,0.0,0.0,0.0,0.0,0.0,0.79,0.0,0.0,0.0,10.16,0.0,507.0,180.0,0.0,491.0,178.0,0.0,459.0,171.0,0.0,509.0,180.0,,,,30,,Sam,Byram,Byram,,,7,0,0,0,1,0,0,0,0,0,0,0,0,,,,0.0,0.0,12.86,0.0,0.0,0,0,0
347,a,100.0,100.0,3.8,790,237.0,0,0.0,-2,2.0,3.9,95,33.0,61,0,2.2,304.0,113.0,8,241,1.2,216.0,79.0,0.3,16.1,0.0,947438,274,804787,208,1.2,1.2,1.1,2.01,3.1,37.44,0.04,0.08,0.12,1.45,389.2,128.0,58.0,329.4,76.0,17.0,148.0,189.0,44.0,86.8,115.0,34.0,,,,30,,Gabriel,Gudmundsson,Gudmundsson,,,2318,0,0,4,42,1,0,0,4,0,0,27,193,,,,0.0,0.16,1.63,1.05,6.13,59,99,100
348,a,100.0,100.0,3.9,753,216.0,0,0.0,-1,1.0,4.0,93,32.0,85,0,3.1,165.0,60.0,5,279,2.0,154.0,56.0,0.5,21.8,0.0,1141951,485,926350,190,2.0,2.0,1.2,0.28,1.48,38.8,0.05,0.01,0.06,1.48,574.8,45.0,20.0,64.9,316.0,106.0,173.0,161.0,35.0,81.5,133.0,41.0,,,,30,,Joe,Rodon,Rodon,,,2366,2,0,3,46,0,0,0,1,0,0,27,252,,,,0.0,0.11,1.75,1.03,8.52,31,193,70
349,u,0.0,0.0,4.0,693,176.0,0,0.0,0,0.0,0.1,554,200.0,0,0,0.0,601.0,221.0,0,0,0.0,467.0,183.0,0.0,0.0,0.0,788,0,15955,0,0.0,0.0,0.0,0.0,0.0,0.0,0.0,0.0,0.0,0.0,0.0,591.0,221.0,0.0,582.0,221.0,0.0,553.0,217.0,0.0,593.0,221.0,,,,30,,Isaac,Schmidt,Schmidt,has joined Werder Bremen on loan for the rest of the season.,,0,0,0,0,0,0,0,0,0,0,0,0,0,,,,0.0,0.0,0.0,0.0,0.0,0,0,0
350,a,,,5.4,167,104.0,0,0.0,-1,1.0,0.6,230,81.0,105,0,3.8,83.0,37.0,5,362,1.8,184.0,77.0,0.3,19.4,0.0,210954,110,149412,114,1.8,1.8,4.03,2.95,6.98,28.27,0.19,0.14,0.33,1.37,388.2,129.0,42.0,354.6,71.0,55.0,424.0,40.0,24.0,116.6,53.0,36.0,,,,30,,Brenden,Aaronson,Aaronson,,,1862,4,6,7,27,0,0,0,1,0,0,22,168,,,,0.0,0.34,1.31,1.06,8.12,44,23,101
351,a,100.0,100.0,5.2,214,132.0,0,0.0,-3,3.0,0.1,507,182.0,22,0,1.4,423.0,188.0,0,88,0.2,361.0,162.0,0.0,4.2,0.0,9330,3,40390,5,0.2,0.2,0.29,0.56,0.85,8.4,0.07,0.13,0.2,2.01,59.0,403.0,177.0,87.7,283.0,167.0,39.0,339.0,176.0,18.4,380.0,178.0,,,,30,,Wilfried,Gnonto,Gnonto,,,377,0,2,1,11,0,0,0,3,0,0,4,41,,,,0.0,0.24,2.63,0.95,9.79,14,10,17
352,u,0.0,0.0,5.1,230,142.0,0,0.0,-4,4.0,0.0,596,224.0,12,0,1.1,446.0,200.0,0,51,0.0,756.0,324.0,0.0,2.4,0.0,6000,0,18662,3,0.0,0.0,0.28,0.23,0.51,3.82,0.1,0.08,0.18,1.31,30.0,432.0,190.0,49.4,343.0,183.0,35.0,349.0,181.0,11.5,411.0,187.0,,,,30,,Jack,Harrison,Harrison,has joined ACF Fiorentina on loan for the rest of the season.,,262,0,0,0,5,0,0,0,0,0,0,1,24,,,,0.0,0.0,1.72,0.34,8.24,5,6,13
353,a,100.0,100.0,5.2,205,126.0,0,0.0,-3,3.0,0.1,484,172.0,17,0,1.2,440.0,198.0,0,65,0.5,316.0,143.0,0.1,3.3,0.0,8193,12,52735,1,0.5,0.5,0.71,0.59,1.3,10.43,0.16,0.13,0.29,2.36,44.6,418.0,183.0,112.9,243.0,153.0,97.0,248.0,137.0,25.6,350.0,168.0,,,,30,,Daniel,James,James,,,398,0,0,1,13,0,0,0,0,0,0,4,22,,,,0.0,0.23,2.94,0.9,4.97,4,3,15
354,a,100.0,100.0,4.9,300,187.0,0,0.0,-1,1.0,0.2,383,126.0,92,0,3.5,117.0,53.0,6,424,3.5,70.0,32.0,0.7,18.8,0.0,44585,51,34239,30,3.5,3.5,1.72,1.56,3.28,36.69,0.07,0.06,0.13,1.43,453.4,83.0,28.0,301.1,96.0,72.0,90.0,260.0,142.0,84.7,123.0,70.0,,,,30,,Ethan,Ampadu,Ampadu,,,2309,1,2,4,41,0,0,0,7,0,0,26,313,,,,0.0,0.16,1.6,1.01,12.2,63,111,139
355,u,0.0,0.0,4.9,318,198.0,0,0.0,-1,1.0,0.0,636,248.0,0,0,0.0,771.0,332.0,0,0,0.0,720.0,299.0,0.0,0.0,0.0,1234,0,10124,0,0.0,0.0,0.0,0.0,0.0,0.0,0.0,0.0,0.0,0.0,0.0,770.0,331.0,0.0,766.0,331.0,0.0,762.0,329.0,0.0,770.0,331.0,,,,30,,Sam,Greenwood,Greenwood,has joined Pogon Szczecin permanently.,,0,0,0,0,0,0,0,0,0,0,0,0,0,,,,0.0,0.0,0.0,0.0,0.0,0,0,0
356,a,,,4.7,392,244.0,0,0.0,-3,3.0,0.1,439,147.0,53,0,2.6,252.0,105.0,3,236,1.5,200.0,83.0,0.3,11.3,0.0,21295,8,13249,27,1.5,1.5,0.46,0.85,1.31,24.24,0.03,0.06,0.09,1.75,188.4,273.0,114.0,167.8,188.0,125.0,63.0,302.0,163.0,41.7,287.0,144.0,4.0,,,30,,Ilia,Gruev,Gruev,,,1245,0,4,5,23,0,0,0,3,0,0,15,107,,,,0.0,0.36,1.66,1.08,7.73,22,36,49
357,u,0.0,0.0,4.9,322,200.0,0,0.0,-1,1.0,0.0,715,296.0,0,0,0.0,773.0,334.0,0,0,0.0,723.0,301.0,0.0,0.0,0.0,203,0,4326,0,0.0,0.0,0.0,0.0,0.0,0.0,0.0,0.0,0.0,0.0,0.0,772.0,333.0,0.0,768.0,333.0,0.0,764.0,331.0,0.0,772.0,333.0,,,,30,,Largie,Ramazani,Ramazani,has joined Valencia on loan for the rest of the season.,,0,0,0,0,0,0,0,0,0,0,0,0,0,,,,0.0,0.0,0.0,0.0,0.0,0,0,0
358,a,100.0,100.0,4.8,364,227.0,0,0.0,-2,2.0,0.2,381,125.0,43,0,2.1,322.0,141.0,2,166,0.0,699.0,284.0,0.0,9.0,0.0,52566,6,62142,16,0.0,0.0,0.83,0.61,1.44,13.29,0.1,0.07,0.17,1.62,140.0,318.0,142.0,127.1,223.0,144.0,78.0,279.0,152.0,34.5,317.0,154.0,,,,30,,Tanaka,Ao,Tanaka,,,737,2,0,2,16,0,0,0,1,0,0,7,83,,,,0.0,0.24,1.95,0.85,10.14,17,20,46
359,u,0.0,0.0,4.5,459,278.0,0,0.0,0,0.0,0.0,793,347.0,0,0,0.0,718.0,293.0,0,0,0.0,634.0,235.0,0.0,0.0,0.0,0,0,969,0,0.0,0.0,0.0,0.0,0.0,0.0,0.0,0.0,0.0,0.0,0.0,713.0,288.0,0.0,709.0,290.0,0.0,693.0,283.0,0.0,714.0,289.0,,,,30,,Charlie,Crew,Crew,Has joined Doncaster Rovers on loan for the rest of the season.,,0,0,0,0,0,0,0,0,0,0,0,0,0,,,,0.0,0.0,0.0,0.0,0.0,0,0,0
360,u,0.0,0.0,4.5,439,263.0,0,0.0,0,0.0,0.0,757,323.0,0,0,0.0,707.0,282.0,0,0,0.0,621.0,223.0,0.0,0.0,0.0,0,0,2897,0,0.0,0.0,0.0,0.0,0.0,0.0,0.0,0.0,0.0,0.0,0.0,701.0,276.0,0.0,698.0,279.0,0.0,681.0,272.0,0.0,703.0,278.0,,,,30,,Joe,Gelhardt,Gelhardt,Has joined Hull City on loan for the rest of the season.,,0,0,0,0,0,0,0,0,0,0,0,0,0,,,,0.0,0.0,0.0,0.0,0.0,0,0,0
362,a,100.0,100.0,4.9,317,58.0,0,0.0,-6,6.0,0.3,298,47.0,14,0,1.1,445.0,55.0,0,34,0.5,311.0,39.0,0.1,2.9,0.0,38864,6,220266,10,0.5,0.5,0.81,0.13,0.94,5.3,0.34,0.05,0.39,2.22,10.6,458.0,55.0,36.9,363.0,46.0,96.0,249.0,45.0,13.8,396.0,48.0,,,3.0,30,,Joël,Piroe,Piroe,,,215,0,0,1,7,0,0,0,0,0,0,2,11,,,,0.0,0.42,2.93,0.84,4.6,1,1,9
363,u,0.0,0.0,4.9,289,57.0,0,0.0,-1,1.0,0.3,305,49.0,0,0,0.0,765.0,85.0,0,0,0.0,705.0,75.0,0.0,0.0,0.0,16144,0,202976,3,0.0,0.0,0.0,0.0,0.0,0.0,0.0,0.0,0.0,0.0,0.0,764.0,85.0,0.0,760.0,84.0,0.0,756.0,84.0,0.0,764.0,85.0,,,,30,,Patrick,Bamford,Bamford,has departed the club as a free agent.,,0,0,0,0,0,0,0,0,0,0,0,0,0,,,,0.0,0.0,0.0,0.0,0.0,0,0,0
364,u,0.0,0.0,5.0,279,56.0,0,0.0,0,0.0,0.0,743,90.0,0,0,0.0,792.0,88.0,0,0,0.0,749.0,80.0,0.0,0.0,0.0,0,0,2424,0,0.0,0.0,0.0,0.0,0.0,0.0,0.0,0.0,0.0,0.0,0.0,791.0,88.0,0.0,789.0,88.0,0.0,785.0,88.0,0.0,791.0,88.0,,,,30,,Mateo,Joseph Fernández-Regatillo,Mateo Joseph,Has joined RCD Mallorca on loan for the rest of the season.,,0,0,0,0,0,0,0,0,0,0,0,0,0,,,,0.0,0.0,0.0,0.0,0.0,0,0,0
365,a,100.0,100.0,5.0,248,53.0,0,0.0,0,0.0,0.6,237,34.0,63,0,2.7,235.0,24.0,8,220,0.8,286.0,35.0,0.2,12.6,0.0,212407,80,219168,75,0.8,0.8,6.19,0.91,7.1,16.13,0.74,0.11,0.85,1.93,252.2,225.0,18.0,80.7,295.0,31.0,331.0,69.0,25.0,66.5,186.0,24.0,,,2.0,30,,Lukas,Nmecha,Nmecha,,,753,6,1,2,18,0,0,1,0,0,0,7,38,,,,0.0,0.24,2.15,0.84,4.54,6,12,20
493,a,100.0,100.0,4.8,351,221.0,0,0.0,-2,2.0,0.2,358,119.0,44,0,2.6,253.0,106.0,4,234,0.2,349.0,155.0,0.0,9.2,0.0,177542,1,181419,5,0.2,0.2,0.83,1.48,2.31,13.95,0.08,0.14,0.22,1.33,240.2,235.0,102.0,357.3,70.0,54.0,71.0,294.0,158.0,66.8,183.0,95.0,2.0,2.0,,30,,Sean,Longstaff,Longstaff,,,943,1,2,1,19,0,0,0,2,0,0,10,100,,,,0.0,0.1,1.81,0.95,9.54,37,25,38
660,a,100.0,100.0,4.7,391,243.0,0,0.0,-3,3.0,2.7,115,36.0,114,0,4.8,18.0,11.0,11,466,4.2,47.0,21.0,0.9,24.3,0.0,1110951,905,830389,219,4.2,4.2,2.38,3.99,6.37,29.1,0.11,0.18,0.29,1.34,546.2,53.0,13.0,765.0,5.0,5.0,268.0,91.0,58.0,158.2,21.0,17.0,1.0,1.0,,30,,Anton,Stach,Stach,,,1955,4,6,4,34,0,0,0,3,0,0,23,224,,,,0.0,0.18,1.57,1.06,10.31,54,66,104
665,a,100.0,100.0,4.5,417,22.0,0,0.0,0,0.0,0.2,352,50.0,43,0,2.7,232.0,23.0,3,153,0.0,604.0,90.0,0.0,9.6,0.0,42981,22,63363,24,0.0,0.0,0.0,0.0,0.0,26.68,0.0,0.0,0.0,1.67,322.4,178.0,20.0,0.0,682.0,85.0,0.0,663.0,75.0,32.2,326.0,20.0,,,,30,,Lucas Estella,Perri,Perri,,,1440,0,0,3,29,0,0,0,2,0,38,16,39,,,,2.38,0.19,1.81,1.0,0.0,0,16,100
691,d,75.0,75.0,5.7,113,32.0,0,0.0,2,-2.0,8.1,44,6.0,108,0,4.2,51.0,6.0,16,345,1.5,209.0,27.0,0.3,18.9,0.0,2892462,238,1898539,3793,1.1,1.1,10.27,0.98,11.24,24.63,0.48,0.05,0.53,1.15,428.4,102.0,7.0,248.4,126.0,8.0,717.0,8.0,6.0,138.3,31.0,7.0,,,1.0,30,,Dominic,Calvert-Lewin,Calvert-Lewin,Knee injury - 75% chance of playing,,1933,10,2,4,28,0,0,0,1,0,0,21,65,,,,0.0,0.19,1.3,0.98,3.03,10,25,30
698,d,25.0,25.0,5.5,146,91.0,0,0.0,0,0.0,0.1,511,184.0,67,0,2.9,208.0,86.0,3,228,0.0,786.0,346.0,0.0,12.2,0.0,62689,2,57746,9,0.0,0.0,4.2,0.98,5.18,22.4,0.3,0.07,0.37,1.59,254.6,223.0,97.0,199.8,166.0,113.0,322.0,70.0,40.0,77.7,144.0,78.0,,,,30,,Noah,Okafor,Okafor,Hip injury - 25% chance of playing,,1266,4,2,4,24,0,0,0,3,0,0,15,87,,,,0.0,0.28,1.71,1.07,6.18,20,21,46
706,a,100.0,100.0,3.9,755,217.0,0,0.0,-1,1.0,1.0,191,74.0,49,0,2.5,263.0,100.0,6,168,1.5,194.0,71.0,0.4,12.6,0.0,168043,77,63342,113,1.5,1.5,0.92,0.8,1.72,21.04,0.08,0.07,0.15,1.75,265.4,214.0,84.0,110.1,250.0,70.0,123.0,220.0,55.0,50.0,256.0,83.0,3.0,,,30,,James,Justin,Justin,,,1083,1,1,2,18,0,0,0,2,0,0,12,107,,,,0.0,0.17,1.5,1.0,8.31,27,73,41
741,u,0.0,0.0,4.5,490,70.0,0,0.0,0,0.0,0.1,510,71.0,0,0,0.0,740.0,80.0,0,0,0.0,662.0,68.0,0.0,0.0,0.0,27606,0,24263,4,0.0,0.0,0.0,0.0,0.0,0.0,0.0,0.0,0.0,0.0,0.0,738.0,80.0,0.0,732.0,79.0,0.0,719.0,79.0,0.0,738.0,80.0,,,,30,,Harry,Gray,Gray,has joined Rotherham United on loan for the rest of the season.,,0,0,0,0,0,0,0,0,0,0,0,0,0,,,,0.0,0.0,0.0,0.0,0.0,0,0,0
787,a,,,4.4,559,334.0,0,0.0,-1,1.0,0.0,734,308.0,0,0,0.0,682.0,266.0,0,0,0.0,587.0,203.0,0.0,0.0,0.0,2104,5,1034,6,0.0,0.0,0.0,0.0,0.0,0.0,0.0,0.0,0.0,0.0,0.0,674.0,258.0,0.0,669.0,262.0,0.0,649.0,253.0,0.0,676.0,260.0,,,,30,,Sam,Chambers,Chambers,,,0,0,0,0,0,0,0,0,0,0,0,0,0,,,,0.0,0.0,0.0,0.0,0.0,0,0,0
366,d,75.0,75.0,5.4,157,4.0,0,0.0,-1,1.0,6.2,60,9.0,85,0,3.5,123.0,15.0,8,359,2.5,125.0,12.0,0.5,15.7,0.0,663836,112,1342405,824,2.2,2.2,0.0,0.03,0.03,26.84,0.0,0.0,0.0,1.12,429.0,100.0,17.0,0.1,490.0,16.0,0.0,794.0,92.0,42.8,281.0,18.0,,,,30,,Alisson,Becker,A.Becker,Muscle injury - 75% chance of playing,,2160,0,0,8,29,0,0,0,1,0,50,24,63,,,,2.08,0.33,1.21,1.0,0.0,0,35,211
367,a,,,4.1,656,38.0,0,0.0,-4,4.0,0.5,247,33.0,19,0,3.8,78.0,9.0,0,70,0.0,509.0,80.0,0.0,4.6,0.0,155188,86,168603,55,0.5,0.5,0.0,0.0,0.0,7.1,0.0,0.0,0.0,1.42,140.0,317.0,24.0,0.0,619.0,75.0,0.0,592.0,62.0,13.9,395.0,24.0,,,,30,,Giorgi,Mamardashvili,Mamardashvili,,,450,0,0,1,10,0,1,0,0,0,17,5,45,,,,3.4,0.2,2.0,1.0,0.0,0,7,43
368,a,,,3.8,811,94.0,0,0.0,-2,2.0,0.9,196,24.0,0,0,0.0,536.0,36.0,0,0,0.0,398.0,27.0,0.0,0.0,0.0,154348,178,58128,248,0.5,0.5,0.0,0.0,0.0,0.0,0.0,0.0,0.0,0.0,0.0,526.0,36.0,0.0,512.0,18.0,0.0,482.0,5.0,0.0,528.0,36.0,,,,30,,Ármin,Pécsi,Pécsi,,,0,0,0,0,0,0,0,0,0,0,0,0,0,,,,0.0,0.0,0.0,0.0,0.0,0,0,0
369,a,,,3.9,749,75.0,0,0.0,-1,1.0,0.2,394,57.0,0,0,0.0,547.0,45.0,0,0,0.0,410.0,36.0,0.0,0.0,0.0,22437,6,17672,12,0.5,0.5,0.0,0.0,0.0,0.0,0.0,0.0,0.0,0.0,0.0,537.0,45.0,0.0,524.0,28.0,0.0,494.0,15.0,0.0,539.0,45.0,,,,30,,Freddie,Woodman,Woodman,,,0,0,0,0,0,0,0,0,0,0,0,0,0,,,,0.0,0.0,0.0,0.0,0.0,0,0,0
370,a,100.0,100.0,5.7,116,10.0,0,0.0,-3,3.0,4.8,74,24.0,45,0,3.5,127.0,43.0,1,182,2.8,110.0,40.0,0.5,7.9,0.0,625728,726,3359943,73,3.3,3.3,0.43,1.17,1.6,6.12,0.06,0.17,0.23,0.89,93.0,367.0,141.0,155.8,197.0,50.0,113.0,227.0,58.0,36.3,303.0,101.0,,,,30,,Jeremie,Frimpong,Frimpong,,,622,0,5,3,7,0,0,0,0,0,0,7,23,,,,0.0,0.43,1.01,1.01,2.75,6,13,33
371,a,,,5.6,134,15.0,0,0.0,-4,4.0,3.1,108,42.0,72,0,2.7,239.0,93.0,4,320,3.2,89.0,33.0,0.6,12.9,0.0,354184,306,805733,90,3.7,3.7,0.95,0.64,1.59,25.01,0.04,0.03,0.07,1.15,372.6,141.0,62.0,379.4,65.0,12.0,118.0,225.0,57.0,87.2,114.0,33.0,,,,30,,Milos,Kerkez,Kerkez,,,1951,1,1,6,29,0,0,0,4,0,0,24,147,,,,0.0,0.28,1.34,1.11,5.58,40,81,76
372,a,,,5.7,112,9.0,0,0.0,-3,3.0,1.0,188,71.0,34,0,2.0,338.0,124.0,4,142,0.2,366.0,131.0,0.0,6.0,0.0,59172,64,135869,25,0.7,0.7,0.22,0.99,1.2,8.83,0.03,0.14,0.17,1.2,143.0,315.0,121.0,236.1,136.0,34.0,61.0,308.0,91.0,44.2,273.0,89.0,,,,30,,Andrew,Robertson,Robertson,,,660,0,0,3,10,0,0,0,0,0,0,5,44,,,,0.0,0.41,1.36,0.68,4.64,10,24,29
373,a,,,6.2,72,3.0,0,0.0,2,-2.0,33.3,10,3.0,130,0,4.5,35.0,14.0,9,460,4.8,33.0,14.0,0.8,21.0,0.0,4393100,8709,3456363,591,5.3,5.3,2.65,1.14,3.79,33.94,0.09,0.04,0.13,1.17,861.2,4.0,2.0,178.4,182.0,45.0,364.0,58.0,1.0,140.3,29.0,1.0,,,,30,,Virgil,van Dijk,Virgil,,,2610,3,1,9,39,0,0,0,4,0,0,29,296,,,,0.0,0.31,1.34,1.0,9.34,18,253,65
374,a,100.0,100.0,5.5,140,17.0,0,0.0,0,0.0,4.3,84,28.0,111,0,4.0,62.0,26.0,8,438,3.0,94.0,36.0,0.5,20.2,0.0,811697,1124,711932,276,3.5,3.5,1.05,0.9,1.95,28.89,0.04,0.03,0.07,1.08,637.8,30.0,11.0,138.9,210.0,53.0,96.0,251.0,69.0,87.5,113.0,32.0,,,,30,,Ibrahima,Konaté,Konaté,,,2404,1,0,9,32,0,0,0,5,0,0,28,267,,,,0.0,0.34,1.2,1.05,9.06,45,197,93
375,i,0.0,0.0,4.9,335,55.0,0,0.0,-1,1.0,0.1,416,152.0,42,0,2.8,222.0,89.0,2,157,0.0,730.0,254.0,0.0,8.6,0.0,62679,1,71964,4,0.0,0.0,0.18,0.84,1.02,10.77,0.02,0.08,0.1,1.04,157.4,303.0,115.0,105.2,257.0,73.0,62.0,304.0,90.0,32.3,325.0,110.0,,,,30,,Conor,Bradley,Bradley,Knee injury - Expected back 01 Jun,,928,0,2,4,13,0,0,0,5,0,0,12,82,,,,0.0,0.39,1.26,1.16,6.3,19,46,43
376,a,100.0,100.0,4.9,297,46.0,0,0.0,-1,1.0,0.1,414,151.0,28,0,1.9,350.0,131.0,2,75,0.5,310.0,110.0,0.1,5.7,0.0,24187,6,29661,8,1.0,1.0,0.23,0.6,0.83,6.39,0.05,0.13,0.18,1.43,98.8,361.0,137.0,70.1,306.0,101.0,26.0,370.0,127.0,19.5,373.0,130.0,,,,30,,Joe,Gomez,Gomez,,,401,0,2,2,11,0,0,0,2,0,0,5,33,,,,0.0,0.45,2.47,1.12,7.18,5,27,13
377,u,0.0,0.0,4.8,357,59.0,0,0.0,-2,2.0,0.0,593,212.0,0,0,0.0,762.0,261.0,0,0,0.0,694.0,249.0,0.0,0.0,0.0,1669,0,12272,0,0.0,0.0,0.0,0.0,0.0,0.0,0.0,0.0,0.0,0.0,0.0,761.0,261.0,0.0,756.0,261.0,0.0,748.0,261.0,0.0,761.0,261.0,,,,30,,Konstantinos,Tsimikas,Tsimikas,has joined AS Roma on loan for the rest of the season.,,0,0,0,0,0,0,0,0,0,0,0,0,0,,,,0.0,0.0,0.0,0.0,0.0,0,0,0
378,a,100.0,100.0,3.7,820,266.0,0,0.0,-3,3.0,1.1,187,70.0,0,0,0.0,520.0,183.0,0,0,0.0,375.0,136.0,0.0,0.0,0.0,228225,26,120499,290,0.5,0.5,0.0,0.0,0.0,0.0,0.0,0.0,0.0,0.0,0.0,510.0,183.0,0.0,495.0,182.0,0.0,463.0,175.0,0.0,512.0,183.0,,,,30,,Amara,Nallo,Nallo,,,0,0,0,0,0,0,0,0,0,0,0,0,0,,,,0.0,0.0,0.0,0.0,0.0,0,0,0
379,a,,,3.7,815,261.0,0,0.0,-3,3.0,0.6,236,89.0,0,0,0.0,518.0,181.0,0,0,0.0,372.0,133.0,0.0,0.0,0.0,96984,48,54383,141,0.5,0.5,0.0,0.0,0.0,0.0,0.0,0.0,0.0,0.0,0.0,508.0,181.0,0.0,492.0,179.0,0.0,460.0,172.0,0.0,510.0,181.0,,,,30,,Rhys,Williams,R.Williams,,,0,0,0,0,0,0,0,0,0,0,0,0,0,,,,0.0,0.0,0.0,0.0,0.0,0,0,0
380,a,,,3.8,798,245.0,0,0.0,-2,2.0,0.2,354,129.0,0,0,0.0,527.0,189.0,0,0,0.0,386.0,146.0,0.0,0.0,0.0,27852,5,31986,10,0.5,0.5,0.0,0.0,0.0,0.0,0.0,0.0,0.0,0.0,0.0,517.0,189.0,0.0,502.0,188.0,0.0,471.0,182.0,0.0,519.0,189.0,,,,30,,Calvin,Ramsay,Ramsay,,,0,0,0,0,0,0,0,0,0,0,0,0,0,,,,0.0,0.0,0.0,0.0,0.0,0,0,0
381,a,100.0,100.0,14.0,2,1.0,0,0.0,-5,5.0,14.5,22,9.0,96,0,4.6,29.0,14.0,7,305,3.5,77.0,36.0,0.2,6.9,0.0,1421415,900,5917357,277,4.0,4.0,6.65,4.39,11.04,26.01,0.33,0.22,0.55,1.31,394.4,123.0,41.0,617.5,16.0,16.0,644.0,17.0,6.0,165.6,17.0,13.0,2.0,4.0,1.0,30,,Mohamed,Salah,M.Salah,,,1792,5,6,6,31,0,0,0,1,0,0,19,82,,,,0.0,0.3,1.56,0.95,4.12,10,10,62
382,a,100.0,100.0,8.3,14,9.0,0,0.0,-2,2.0,9.3,35,13.0,100,0,4.0,69.0,32.0,16,412,0.0,817.0,367.0,0.0,12.0,0.0,2198994,1282,4755320,362,0.5,0.5,5.64,4.1,9.73,23.77,0.27,0.2,0.47,1.16,409.0,114.0,38.0,682.1,11.0,11.0,530.0,25.0,12.0,162.1,19.0,15.0,4.0,5.0,,30,,Florian,Wirtz,Wirtz,,,1850,4,3,8,23,0,0,0,1,0,0,21,133,,,,0.0,0.39,1.12,1.02,6.47,28,19,86
383,u,0.0,0.0,8.0,16,11.0,0,0.0,0,0.0,0.0,606,231.0,0,0,0.0,819.0,367.0,0,0,0.0,816.0,366.0,0.0,0.0,0.0,0,0,7348,0,0.0,0.0,0.0,0.0,0.0,0.0,0.0,0.0,0.0,0.0,0.0,819.0,367.0,0.0,819.0,367.0,0.0,819.0,367.0,0.0,819.0,367.0,,,,30,,Luis,Díaz Marulanda,Luis Díaz,Has joined Bayern Munch permanently.,,0,0,0,0,0,0,0,0,0,0,0,0,0,,,,0.0,0.0,0.0,0.0,0.0,0,0,0
384,a,100.0,100.0,7.3,27,17.0,0,0.0,-2,2.0,6.0,62,21.0,101,0,3.7,101.0,49.0,5,365,3.0,100.0,43.0,0.4,13.8,0.0,3439436,461,3774583,301,3.5,3.5,6.28,4.21,10.49,21.77,0.29,0.19,0.48,0.99,422.6,108.0,35.0,574.6,18.0,18.0,629.0,18.0,7.0,162.5,18.0,14.0,3.0,,3.0,30,,Cody,Gakpo,Gakpo,,,1972,6,3,8,27,0,0,0,2,0,0,23,117,,,,0.0,0.37,1.23,1.05,5.34,21,29,67
385,d,75.0,75.0,6.3,67,45.0,0,0.0,-2,2.0,0.3,333,113.0,33,0,1.6,402.0,176.0,0,122,0.5,325.0,148.0,0.1,5.2,0.0,56554,1,69303,21,0.8,0.8,1.29,0.51,1.8,5.17,0.44,0.17,0.61,1.77,117.8,340.0,151.0,36.6,364.0,188.0,138.0,202.0,114.0,29.2,341.0,164.0,,,,30,,Federico,Chiesa,Chiesa,Illness - 75% chance of playing,,263,2,1,0,7,0,0,0,2,0,0,1,27,,,,0.0,0.0,2.4,0.34,9.24,8,13,6
386,a,100.0,100.0,6.3,69,47.0,0,0.0,-2,2.0,2.3,130,43.0,76,0,2.7,244.0,101.0,5,364,6.0,11.0,4.0,1.0,12.1,0.0,325957,1181,295348,229,6.5,6.5,3.14,1.25,4.39,24.69,0.14,0.06,0.2,1.11,367.4,144.0,50.0,384.2,61.0,50.0,273.0,90.0,57.0,102.5,85.0,53.0,,,4.0,30,,Alexis,Mac Allister,Mac Allister,,,1996,2,2,7,28,0,0,0,4,0,0,24,172,,,,0.0,0.32,1.26,1.08,7.76,43,49,80
387,a,100.0,100.0,6.9,39,23.0,0,0.0,4,-4.0,12.0,28,10.0,109,0,4.0,67.0,30.0,15,564,3.0,99.0,42.0,0.4,15.8,0.0,2648191,2881,1507696,748,3.5,3.5,3.62,4.6,8.22,31.94,0.13,0.17,0.3,1.19,622.4,33.0,8.0,954.7,2.0,2.0,297.0,82.0,51.0,187.3,9.0,6.0,1.0,2.0,2.0,30,,Dominik,Szoboszlai,Szoboszlai,,,2422,4,3,8,38,0,0,1,6,1,0,27,253,,,,0.0,0.3,1.41,1.0,9.4,42,70,141
388,a,100.0,100.0,5.4,164,102.0,0,0.0,-1,1.0,0.1,460,155.0,47,0,1.9,358.0,154.0,1,275,1.0,252.0,113.0,0.2,8.7,0.0,29287,10,34478,7,1.5,1.5,1.42,2.29,3.71,19.19,0.1,0.17,0.27,1.4,228.8,242.0,105.0,327.2,77.0,58.0,160.0,176.0,97.0,71.5,159.0,85.0,,,,30,,Curtis,Jones,C.Jones,,,1234,0,2,3,23,0,0,0,1,0,0,11,136,,,,0.0,0.22,1.68,0.8,9.92,25,23,88
390,a,100.0,100.0,5.5,147,92.0,0,0.0,0,0.0,5.1,70,23.0,119,0,4.4,39.0,18.0,13,537,2.0,166.0,69.0,0.4,21.6,0.0,2051949,508,1530678,583,2.5,2.5,1.39,1.9,3.29,28.31,0.05,0.07,0.12,1.09,559.6,48.0,12.0,412.4,47.0,41.0,151.0,186.0,104.0,112.0,66.0,43.0,,,,30,,Ryan,Gravenberch,Gravenberch,,,2338,4,5,9,31,0,0,0,5,0,0,27,246,,,,0.0,0.35,1.19,1.04,9.47,45,90,111
392,i,0.0,0.0,4.9,294,183.0,0,0.0,-1,1.0,0.1,509,183.0,12,0,1.5,412.0,183.0,0,49,0.0,709.0,291.0,0.0,2.4,0.0,7364,0,15251,2,0.0,0.0,0.04,0.05,0.09,4.11,0.02,0.03,0.05,2.18,56.0,408.0,179.0,18.1,399.0,198.0,6.0,427.0,207.0,8.0,429.0,193.0,,,,30,,Endo,Wataru,Endo,Foot injury - Unknown return date,,170,0,1,1,5,0,0,0,1,0,0,1,23,,,,0.0,0.53,2.65,0.53,12.18,7,13,3
393,i,0.0,0.0,4.2,643,367.0,0,0.0,-3,3.0,0.1,531,192.0,0,0,0.0,641.0,242.0,0,0,0.0,522.0,168.0,0.0,0.0,0.0,12483,77,10662,34,0.0,0.0,0.0,0.0,0.0,0.0,0.0,0.0,0.0,0.0,0.0,632.0,232.0,0.0,626.0,237.0,0.0,601.0,225.0,0.0,634.0,234.0,,,,30,,Stefan,Bajčetić Maquieira,Bajcetic,Hamstring injury - Unknown return date,,0,0,0,0,0,0,0,0,0,0,0,0,0,,,,0.0,0.0,0.0,0.0,0.0,0,0,0
394,u,0.0,0.0,4.4,546,325.0,0,0.0,-1,1.0,0.0,679,275.0,0,0,0.0,673.0,260.0,0,0,0.0,575.0,194.0,0.0,0.0,0.0,1737,0,4101,1,0.0,0.0,0.0,0.0,0.0,0.0,0.0,0.0,0.0,0.0,0.0,664.0,251.0,0.0,660.0,256.0,0.0,638.0,245.0,0.0,666.0,253.0,,,,30,,James,McConnell,McConnell,has joined Ajax on loan for the rest of the season.,,0,0,0,0,0,0,0,0,0,0,0,0,0,,,,0.0,0.0,0.0,0.0,0.0,0,0,0
395,u,0.0,0.0,4.5,430,257.0,0,0.0,0,0.0,0.0,805,357.0,0,0,0.0,700.0,276.0,0,0,0.0,614.0,217.0,0.0,0.0,0.0,0,0,361,0,0.0,0.0,0.0,0.0,0.0,0.0,0.0,0.0,0.0,0.0,0.0,694.0,270.0,0.0,690.0,273.0,0.0,673.0,266.0,0.0,696.0,272.0,,,,30,,Tyler,Morton,Morton,Has joined Lyon permanently.,,0,0,0,0,0,0,0,0,0,0,0,0,0,,,,0.0,0.0,0.0,0.0,0.0,0,0,0
396,a,,,4.3,614,359.0,0,0.0,-2,2.0,0.3,313,106.0,3,0,1.0,466.0,204.0,0,3,0.2,342.0,151.0,0.0,0.7,0.0,98182,6,83860,14,0.7,0.7,0.37,0.0,0.37,0.0,5.55,0.0,5.55,0.0,2.2,487.0,224.0,10.3,420.0,206.0,4.0,431.0,211.0,1.5,474.0,216.0,,,,30,,Trey,Nyoni,Nyoni,,,6,0,0,0,0,0,0,0,0,0,0,0,2,,,,0.0,0.0,0.0,0.0,30.0,0,0,2
397,u,0.0,0.0,6.5,51,18.0,0,0.0,0,0.0,0.1,553,77.0,0,0,0.0,815.0,91.0,0,0,0.0,808.0,88.0,0.0,0.0,0.0,0,0,15963,1,0.0,0.0,0.0,0.0,0.0,0.0,0.0,0.0,0.0,0.0,0.0,815.0,91.0,0.0,815.0,91.0,0.0,815.0,91.0,0.0,815.0,91.0,,,,30,,Darwin,Núñez Ribeiro,Darwin,Has joined Al-Hilal permanently.,,0,0,0,0,0,0,0,0,0,0,0,0,0,,,,0.0,0.0,0.0,0.0,0.0,0,0,0
398,i,0.0,0.0,4.3,602,85.0,0,0.0,-2,2.0,0.1,477,68.0,0,0,0.0,653.0,66.0,0,0,0.0,546.0,53.0,0.0,0.0,0.0,9145,4,19807,2,0.0,0.0,0.0,0.0,0.0,0.0,0.0,0.0,0.0,0.0,0.0,643.0,66.0,0.0,638.0,65.0,0.0,615.0,65.0,0.0,645.0,66.0,,,,30,,Jayden,Danns,Danns,Hamstring injury - Unknown return date,,0,0,0,0,0,0,0,0,0,0,0,0,0,,,,0.0,0.0,0.0,0.0,0.0,0,0,0
499,i,0.0,0.0,10.3,4,2.0,0,0.0,-2,2.0,3.5,97,17.0,29,0,2.9,212.0,21.0,2,96,0.0,819.0,92.0,0.0,2.8,0.0,1797419,9,2416680,59,0.0,0.0,2.04,0.07,2.11,5.1,0.37,0.01,0.38,0.92,97.6,363.0,37.0,36.5,365.0,47.0,143.0,197.0,41.0,26.9,348.0,41.0,,,,30,,Alexander,Isak,Isak,Ankle injury - Expected back 11 Apr,,501,2,1,1,7,0,0,0,0,0,0,6,23,,,,0.0,0.18,1.26,1.08,4.13,6,6,11
661,a,100.0,100.0,9.2,7,3.0,0,0.0,7,-7.0,35.2,8,4.0,123,0,4.7,26.0,5.0,22,426,4.8,38.0,4.0,0.5,13.4,0.0,8915422,7350,6792088,991,5.3,5.3,9.6,2.41,12.01,25.53,0.49,0.12,0.61,1.3,522.4,65.0,5.0,294.6,99.0,4.0,728.0,6.0,5.0,153.5,24.0,5.0,,,,30,,Hugo,Ekitiké,Ekitiké,,,1764,11,4,7,24,0,0,0,0,0,0,20,82,,,,0.0,0.36,1.22,1.02,4.18,11,31,40
686,a,,,4.3,619,363.0,0,0.0,-2,2.0,0.8,204,71.0,16,0,1.5,405.0,178.0,0,82,0.8,270.0,121.0,0.2,3.7,0.0,264294,100,186974,138,1.3,1.3,0.57,1.05,1.62,3.67,0.4,0.74,1.14,2.58,78.2,386.0,172.0,110.4,248.0,155.0,81.0,274.0,149.0,27.1,345.0,166.0,,,,30,,Rio,Ngumoha,Ngumoha,,,128,1,0,0,5,0,0,0,0,0,0,0,8,,,,0.0,0.0,3.52,0.0,5.62,2,1,5
692,i,0.0,0.0,4.9,347,57.0,0,0.0,-1,1.0,0.0,720,250.0,0,0,0.0,783.0,262.0,0,0,0.0,737.0,255.0,0.0,0.0,0.0,1897,4,2547,2,0.0,0.0,0.0,0.0,0.0,0.0,0.0,0.0,0.0,0.0,0.0,782.0,262.0,0.0,778.0,262.0,0.0,774.0,262.0,0.0,782.0,262.0,,,,30,,Giovanni,Leoni,Leoni,Knee injury - Expected back 01 Sep,,0,0,0,0,0,0,0,0,0,0,0,0,0,,,,0.0,0.0,0.0,0.0,0.0,0,0,0
746,a,,,4.5,488,300.0,0,0.0,0,0.0,0.0,745,316.0,0,0,0.0,739.0,309.0,0,0,0.0,661.0,257.0,0.0,0.0,0.0,1036,0,861,0,0.5,0.5,0.0,0.0,0.0,0.0,0.0,0.0,0.0,0.0,0.0,737.0,307.0,0.0,731.0,307.0,0.0,718.0,303.0,0.0,737.0,307.0,,,,30,,Kieran,Morrison,Morrison,,,0,0,0,0,0,0,0,0,0,0,0,0,0,,,,0.0,0.0,0.0,0.0,0.0,0,0,0
760,a,,,4.0,709,186.0,0,0.0,0,0.0,0.0,693,242.0,0,0,0.0,612.0,227.0,0,0,0.0,479.0,190.0,0.0,0.0,0.0,1116,2,954,2,0.5,0.5,0.0,0.0,0.0,0.0,0.0,0.0,0.0,0.0,0.0,602.0,227.0,0.0,594.0,227.0,0.0,565.0,223.0,0.0,604.0,227.0,,,,30,,Wellity,Lucky,Lucky,,,0,0,0,0,0,0,0,0,0,0,0,0,0,,,,0.0,0.0,0.0,0.0,0.0,0,0,0
82,a,100.0,100.0,8.3,12,7.0,0,0.0,13,-13.0,57.2,2,1.0,174,2,6.0,6.0,3.0,17,569,5.2,23.0,10.0,0.6,21.0,0.0,11945262,1409,6144337,12239,0.0,5.7,9.93,2.33,12.26,40.65,0.35,0.08,0.43,1.41,797.0,6.0,2.0,488.3,31.0,29.0,848.0,3.0,1.0,213.5,3.0,2.0,,,,30,,Antoine,Semenyo,Semenyo,,,2590,15,6,8,47,0,0,1,6,0,0,29,208,,,,0.0,0.28,1.63,1.01,7.23,40,40,128
182,a,,,4.5,428,23.0,0,0.0,-5,5.0,0.9,198,25.0,11,0,3.7,91.0,10.0,0,62,0.0,612.0,91.0,0.0,2.4,0.0,100013,4,273300,21,0.0,0.5,0.0,0.0,0.0,3.97,0.0,0.0,0.0,1.32,100.2,357.0,27.0,0.0,688.0,86.0,0.0,671.0,76.0,10.1,415.0,27.0,,,,30,,James,Trafford,Trafford,,,270,0,0,1,4,0,0,0,0,0,11,3,41,,,,3.67,0.33,1.33,1.0,0.0,2,6,33
260,a,100.0,100.0,5.2,207,28.0,0,0.0,7,-7.0,36.7,6,2.0,135,2,4.8,19.0,4.0,9,516,2.8,105.0,39.0,0.5,26.0,0.0,6107410,528,3163177,12791,0.0,3.3,3.43,2.1,5.53,35.53,0.12,0.08,0.2,1.27,672.0,19.0,6.0,198.8,167.0,41.0,321.0,71.0,6.0,119.3,49.0,6.0,,,,30,,Marc,Guéhi,Guéhi,,,2520,2,4,10,30,0,0,0,5,0,0,28,261,,,,0.0,0.36,1.07,1.0,8.07,37,189,118
399,u,0.0,0.0,5.3,183,5.0,0,0.0,-2,2.0,0.8,206,26.0,0,0,0.0,797.0,94.0,0,0,0.0,766.0,94.0,0.0,0.0,0.0,15200,0,273280,9,0.0,0.0,0.0,0.0,0.0,0.0,0.0,0.0,0.0,0.0,0.0,796.0,94.0,0.0,795.0,93.0,0.0,792.0,91.0,0.0,796.0,94.0,,,,30,,Ederson,Santana de Moraes,Ederson M.,has joined Fenerbache permanently.,,0,0,0,0,0,0,0,0,0,0,0,0,0,,,,0.0,0.0,0.0,0.0,0.0,0,0,0
401,a,100.0,100.0,3.8,786,93.0,0,0.0,-2,2.0,0.4,268,35.0,0,0,0.0,522.0,35.0,0,0,0.0,377.0,26.0,0.0,0.0,0.0,63953,148,38451,120,0.0,0.5,0.0,0.0,0.0,0.0,0.0,0.0,0.0,0.0,0.0,512.0,35.0,0.0,497.0,17.0,0.0,465.0,4.0,0.0,514.0,35.0,,,,30,,Marcus,Bettinelli,Bettinelli,,,0,0,0,0,0,0,0,0,0,0,0,0,0,,,,0.0,0.0,0.0,0.0,0.0,0,0,0
402,a,100.0,100.0,5.7,117,11.0,0,0.0,-3,3.0,4.5,81,27.0,44,1,3.4,138.0,50.0,7,183,4.5,43.0,15.0,0.8,7.7,0.0,631179,184,2408068,752,0.0,5.0,0.41,1.59,2.0,9.8,0.05,0.18,0.23,1.13,150.6,309.0,118.0,122.9,227.0,59.0,48.0,325.0,104.0,32.1,327.0,111.0,,,,30,,Rayan,Aït-Nouri,Aït-Nouri,,,778,0,2,3,8,0,0,0,2,0,0,10,67,,,,0.0,0.35,0.93,1.16,6.83,28,31,40
403,i,0.0,0.0,5.9,102,7.0,0,0.0,-1,1.0,3.3,102,37.0,77,0,4.8,20.0,5.0,5,291,0.0,798.0,265.0,0.0,13.1,0.0,1374354,3,2187364,170,0.0,0.0,2.19,0.64,2.83,15.29,0.15,0.04,0.19,1.06,354.6,152.0,65.0,104.7,259.0,74.0,193.0,142.0,27.0,65.3,195.0,64.0,,,,30,,Joško,Gvardiol,Gvardiol,Leg injury - Unknown return date,,1301,2,2,6,13,0,0,0,2,0,0,15,115,,,,0.0,0.42,0.9,1.04,6.85,17,82,48
404,u,0.0,0.0,5.4,165,19.0,0,0.0,-1,1.0,0.3,343,126.0,0,0,0.0,800.0,265.0,0,0,0.0,776.0,263.0,0.0,0.0,0.0,9281,0,85539,3,0.0,0.0,0.0,0.0,0.0,0.0,0.0,0.0,0.0,0.0,0.0,799.0,265.0,0.0,798.0,265.0,0.0,796.0,265.0,0.0,799.0,265.0,,,,30,,Manuel,Akanji,Akanji,has joined Inter Milan on loan for the rest of the season.,,0,0,0,0,0,0,0,0,0,0,0,0,0,,,,0.0,0.0,0.0,0.0,0.0,0,0,0
406,a,100.0,100.0,5.4,182,22.0,0,0.0,-1,1.0,0.4,291,108.0,35,2,2.3,302.0,112.0,0,173,1.0,254.0,91.0,0.2,6.5,0.0,55071,29,75878,46,0.0,1.5,0.44,0.13,0.57,12.08,0.04,0.01,0.05,1.23,153.4,305.0,116.0,35.5,366.0,129.0,4.0,438.0,162.0,19.4,374.0,131.0,,,,30,,Abdukodir,Khusanov,Khusanov,,,887,0,0,3,8,0,0,0,2,0,0,9,89,,,,0.0,0.3,0.81,0.91,8.12,21,59,46
407,a,100.0,100.0,5.4,171,21.0,0,0.0,-1,1.0,3.4,98,34.0,128,2,4.7,21.0,6.0,16,541,3.2,86.0,32.0,0.6,23.7,0.0,951950,127,597143,2436,0.0,3.7,0.34,1.83,2.17,26.11,0.01,0.07,0.08,1.04,546.8,52.0,24.0,408.4,49.0,6.0,76.0,284.0,81.0,103.4,81.0,17.0,,,4.0,30,,Matheus,Nunes,Matheus N.,,,2264,1,7,9,23,0,0,0,4,0,0,25,197,,,,0.0,0.36,0.91,0.99,6.32,48,111,131
408,a,100.0,100.0,5.5,138,16.0,0,0.0,0,0.0,3.4,99,35.0,112,0,4.5,32.0,12.0,4,447,2.5,127.0,48.0,0.5,20.4,0.0,949558,98,1058384,369,0.0,3.0,0.57,0.63,1.2,24.3,0.03,0.03,0.06,1.07,549.2,51.0,23.0,139.5,209.0,52.0,96.0,250.0,68.0,78.6,140.0,45.0,,,,30,,Rúben,dos Santos Gato Alves Dias,Rúben,,,2049,2,0,12,20,0,0,0,3,0,0,23,188,,,,0.0,0.53,0.88,1.01,7.2,13,151,71
409,a,100.0,100.0,5.4,156,18.0,0,0.0,-1,1.0,0.6,243,91.0,12,0,1.7,389.0,144.0,0,45,0.0,771.0,262.0,0.0,2.2,0.0,51501,11,110087,14,0.0,0.5,0.0,0.06,0.06,5.05,0.0,0.02,0.02,1.29,76.6,389.0,148.0,19.6,396.0,145.0,2.0,457.0,170.0,9.8,417.0,150.0,,,,30,,John,Stones,Stones,,,351,0,0,1,8,0,0,0,0,0,0,4,34,,,,0.0,0.26,2.05,1.03,4.87,0,19,17
410,d,25.0,25.0,4.6,400,69.0,0,0.0,-4,4.0,1.2,177,67.0,19,0,1.9,346.0,130.0,2,75,0.0,684.0,247.0,0.0,4.1,0.0,369827,3,463527,101,0.0,0.1,0.11,1.31,1.42,5.04,0.03,0.38,0.41,1.46,67.4,393.0,150.0,97.3,266.0,79.0,43.0,334.0,109.0,20.7,368.0,128.0,,,,30,,Rico,Lewis,Lewis,Ankle injury - 25% chance of playing,,311,0,1,1,5,0,0,0,1,0,0,3,23,,,,0.0,0.29,1.45,0.87,5.5,5,14,10
411,a,100.0,100.0,5.1,238,35.0,0,0.0,1,-1.0,9.7,31,11.0,125,2,4.5,31.0,11.0,6,442,6.2,5.0,4.0,1.2,24.5,0.0,2772871,1243,1568303,4450,0.0,6.7,3.96,1.72,5.68,27.49,0.17,0.07,0.24,1.16,509.8,68.0,30.0,321.5,81.0,18.0,333.0,67.0,5.0,116.5,54.0,8.0,,,,30,,Nico,O'Reilly,O'Reilly,,,2130,4,3,11,20,0,0,0,4,0,0,23,163,,,,0.0,0.46,0.85,0.97,5.96,60,81,82
412,u,0.0,0.0,5.0,283,43.0,0,0.0,0,0.0,0.0,782,261.0,0,0,0.0,796.0,264.0,0,0,0.0,753.0,258.0,0.0,0.0,0.0,0,0,852,0,0.0,0.0,0.0,0.0,0.0,0.0,0.0,0.0,0.0,0.0,0.0,795.0,264.0,0.0,793.0,264.0,0.0,789.0,264.0,0.0,795.0,264.0,,,,30,,Vitor,de Oliveira Nunes dos Reis,Vitor Reis,Has joined Girona on loan for the rest of the season.,,0,0,0,0,0,0,0,0,0,0,0,0,0,,,,0.0,0.0,0.0,0.0,0.0,0,0,0
413,a,100.0,100.0,8.3,13,8.0,0,0.0,-2,2.0,2.6,119,37.0,40,3,2.4,293.0,130.0,4,122,2.5,135.0,59.0,0.3,4.8,0.0,280677,176,1276313,395,0.0,3.0,2.19,0.68,2.87,6.58,0.35,0.11,0.46,1.05,118.2,338.0,150.0,134.4,213.0,139.0,220.0,115.0,71.0,46.9,265.0,134.0,,4.0,2.0,30,,Omar,Marmoush,Marmoush,,,566,1,3,3,5,0,0,0,2,0,0,7,32,,,,0.0,0.48,0.8,1.11,5.09,12,6,14
414,a,100.0,100.0,8.1,15,10.0,0,0.0,1,-1.0,8.3,41,14.0,112,1,4.3,44.0,21.0,10,488,1.0,262.0,120.0,0.1,13.8,0.0,6170609,61,5503172,1295,0.0,1.5,5.34,3.78,9.12,21.81,0.27,0.19,0.46,1.09,501.4,70.0,21.0,765.3,4.0,4.0,437.0,33.0,18.0,170.2,14.0,10.0,2.0,3.0,,30,,Phil,Foden,Foden,,,1807,7,3,10,16,0,0,0,4,0,0,21,133,,,,0.0,0.5,0.8,1.05,6.62,27,23,83
415,a,100.0,100.0,6.9,40,24.0,0,0.0,-1,1.0,0.4,276,97.0,27,0,1.6,403.0,177.0,0,90,0.2,369.0,167.0,0.0,3.9,0.0,34690,25,113987,19,0.0,0.7,1.77,1.19,2.96,6.6,0.28,0.19,0.47,1.06,81.2,381.0,171.0,138.9,211.0,137.0,232.0,107.0,67.0,45.2,271.0,136.0,,,,30,,Sávio,Moreira de Oliveira,Savinho,,,561,0,2,2,5,0,0,0,2,0,0,5,46,,,,0.0,0.32,0.8,0.8,7.38,6,9,31
416,a,100.0,100.0,6.2,74,48.0,0,0.0,-3,3.0,0.6,240,83.0,78,6,2.6,261.0,113.0,1,415,3.0,97.0,41.0,0.5,12.6,0.0,95378,85,134915,124,0.0,3.5,1.62,3.37,4.99,28.1,0.07,0.14,0.21,1.13,365.0,145.0,51.0,566.8,21.0,21.0,202.0,131.0,76.0,113.5,63.0,42.0,1.0,,,30,,Bernardo,Mota Veiga de Carvalho e Silva,Bernardo,,,2242,2,4,9,24,0,0,0,9,0,0,26,192,,,,0.0,0.36,0.96,1.04,7.71,32,49,111
417,a,100.0,100.0,6.4,60,39.0,0,0.0,-1,1.0,7.5,55,20.0,100,1,4.0,66.0,29.0,12,439,2.5,131.0,57.0,0.4,15.6,0.0,2736592,311,2805346,2796,0.0,3.0,2.55,6.9,9.45,16.99,0.18,0.48,0.66,1.18,427.6,104.0,34.0,681.2,12.0,12.0,344.0,65.0,38.0,145.5,27.0,22.0,3.0,2.0,,30,,Rayan,Cherki,Cherki,,,1297,3,9,6,13,0,0,0,1,0,0,14,117,,,,0.0,0.42,0.9,0.97,8.12,24,15,78
418,a,100.0,100.0,6.4,57,36.0,0,0.0,-1,1.0,2.3,126,42.0,74,1,3.4,140.0,64.0,9,318,0.5,326.0,149.0,0.1,11.6,0.0,2126623,137,2088531,102,0.0,1.0,1.88,4.57,6.45,15.76,0.14,0.34,0.48,1.16,304.4,189.0,78.0,568.0,20.0,20.0,381.0,54.0,33.0,125.2,41.0,31.0,,,3.0,30,,Jérémy,Doku,Doku,,,1222,1,7,5,13,0,0,0,0,0,0,13,83,,,,0.0,0.37,0.96,0.96,6.11,16,10,57
420,u,0.0,0.0,6.3,63,42.0,0,0.0,-2,2.0,0.1,556,202.0,0,0,0.0,812.0,363.0,0,0,0.0,801.0,357.0,0.0,0.0,0.0,1928,0,19869,0,0.0,0.0,0.0,0.0,0.0,0.0,0.0,0.0,0.0,0.0,0.0,812.0,363.0,0.0,812.0,363.0,0.0,812.0,363.0,0.0,812.0,363.0,,,,30,,İlkay,Gündoğan,Gündoğan,has joined Galatasaray permanently.,,0,0,0,0,0,0,0,0,0,0,0,0,0,,,,0.0,0.0,0.0,0.0,0.0,0,0,0
421,a,100.0,100.0,6.3,66,44.0,0,0.0,-2,2.0,0.5,257,89.0,57,4,3.2,163.0,73.0,5,292,5.5,18.0,8.0,0.9,9.0,0.0,66290,62,102033,75,0.0,6.0,0.75,2.04,2.79,16.11,0.05,0.13,0.18,1.17,284.0,202.0,84.0,325.2,79.0,60.0,92.0,256.0,139.0,70.2,169.0,88.0,,,,30,,Rodrigo 'Rodri',Hernandez Cascante,Rodrigo,,,1243,1,0,4,13,0,0,0,2,0,0,14,174,,,,0.0,0.29,0.94,1.01,12.6,35,48,91
422,a,100.0,25.0,5.8,104,67.0,0,0.0,-2,2.0,0.0,684,278.0,1,0,1.0,502.0,235.0,0,3,0.0,791.0,349.0,0.0,0.2,0.0,2446,2,3397,0,0.0,0.1,0.0,0.0,0.0,0.0,0.0,0.0,0.0,0.0,2.6,485.0,223.0,0.8,470.0,227.0,0.0,807.0,359.0,0.3,500.0,231.0,,,,30,,Mateo,Kovačić,Kovačić,,,4,0,0,0,0,0,0,0,0,0,0,0,0,,,,0.0,0.0,0.0,0.0,0.0,0,0,0
423,a,100.0,100.0,5.9,99,64.0,0,0.0,-1,1.0,0.1,473,164.0,55,0,2.6,259.0,111.0,1,289,0.0,796.0,354.0,0.0,9.3,0.0,28005,3,31209,8,0.0,0.5,0.56,1.0,1.56,16.77,0.04,0.07,0.11,1.1,278.6,206.0,87.0,185.6,178.0,121.0,64.0,300.0,162.0,52.8,239.0,120.0,,,,30,,Nico,González Iglesias,N.Gonzalez,,,1370,1,0,7,14,0,0,0,6,0,0,15,182,,,,0.0,0.46,0.92,0.99,11.96,36,67,79
425,u,0.0,0.0,5.4,181,112.0,0,0.0,-1,1.0,0.0,744,315.0,0,0,0.0,806.0,358.0,0,0,0.0,784.0,344.0,0.0,0.0,0.0,194,0,3233,0,0.0,0.0,0.0,0.0,0.0,0.0,0.0,0.0,0.0,0.0,0.0,805.0,357.0,0.0,804.0,357.0,0.0,802.0,356.0,0.0,805.0,357.0,,,,30,,Claudio,Echeverri,Echeverri,has joined Girona on loan for the rest of the season.,,0,0,0,0,0,0,0,0,0,0,0,0,0,,,,0.0,0.0,0.0,0.0,0.0,0,0,0
427,a,,,5.0,260,158.0,0,0.0,-5,5.0,9.5,33,11.0,86,1,3.3,151.0,66.0,6,325,0.5,313.0,140.0,0.1,17.2,0.0,3554223,35,4960814,617,0.0,1.0,3.96,2.16,6.12,17.28,0.24,0.13,0.37,1.05,329.6,170.0,66.0,318.5,86.0,65.0,387.0,51.0,32.0,102.7,83.0,52.0,4.0,,,30,,Tijjani,Reijnders,Reijnders,,,1488,5,2,7,16,0,0,0,2,0,0,17,95,,,,0.0,0.42,0.97,1.03,5.75,10,31,54
428,a,100.0,100.0,5.0,280,173.0,0,0.0,0,0.0,0.0,717,297.0,0,0,0.0,793.0,349.0,0,0,0.0,750.0,320.0,0.0,0.0,0.0,232,1,2589,4,0.0,0.5,0.0,0.0,0.0,0.0,0.0,0.0,0.0,0.0,0.0,792.0,348.0,0.0,790.0,348.0,0.0,786.0,346.0,0.0,792.0,348.0,,,,30,,Sverre,Nypan,Nypan,,,0,0,0,0,0,0,0,0,0,0,0,0,0,,,,0.0,0.0,0.0,0.0,0.0,0,0,0
429,u,0.0,0.0,4.7,379,237.0,0,0.0,-3,3.0,0.1,558,204.0,0,0,0.0,759.0,325.0,0,0,0.0,686.0,276.0,0.0,0.0,0.0,4052,0,8449,2,0.0,0.0,0.0,0.0,0.0,0.0,0.0,0.0,0.0,0.0,0.0,758.0,324.0,0.0,753.0,324.0,0.0,742.0,321.0,0.0,758.0,324.0,,,,30,,Kalvin,Phillips,Phillips,has joined Sheffield United on loan for the rest of the season.,,0,0,0,0,0,0,0,0,0,0,0,0,0,,,,0.0,0.0,0.0,0.0,0.0,0,0,0
430,a,100.0,100.0,14.6,1,1.0,0,0.0,6,-6.0,59.7,1,1.0,197,2,6.8,2.0,1.0,35,786,2.5,136.0,17.0,0.2,13.5,0.0,6900973,591,3043199,14951,0.0,3.0,21.19,1.94,23.13,30.23,0.79,0.07,0.86,1.13,975.4,1.0,1.0,251.1,124.0,7.0,1179.0,1.0,1.0,240.7,2.0,1.0,,,1.0,30,,Erling,Haaland,Haaland,,,2413,22,7,10,27,0,0,1,1,0,0,28,85,,,,0.0,0.37,1.01,1.04,3.17,13,41,31
736,a,,,5.6,127,3.0,0,0.0,1,-1.0,9.6,32,6.0,104,2,3.9,76.0,8.0,3,448,3.2,88.0,8.0,0.6,18.6,0.0,2127750,427,1284802,2304,0.0,3.7,0.0,0.0,0.0,29.45,0.0,0.0,0.0,1.09,540.6,57.0,13.0,0.0,808.0,94.0,0.0,806.0,93.0,54.2,230.0,13.0,,,,30,,Gianluigi,Donnarumma,Donnarumma,,,2430,0,0,11,24,0,1,0,6,0,64,27,55,,,,2.37,0.41,0.89,1.0,0.0,0,35,184
739,u,0.0,0.0,4.4,566,339.0,0,0.0,-1,1.0,0.0,686,280.0,2,0,1.0,471.0,209.0,0,5,0.0,593.0,207.0,0.0,0.5,0.0,3500,0,3264,2,0.0,0.0,0.0,0.21,0.21,0.34,0.0,0.76,0.76,1.22,4.2,476.0,216.0,28.3,379.0,192.0,4.0,432.0,212.0,3.7,455.0,205.0,,,,30,,Divine,Mukasa,Mukasa,has joined Leicester City on loan for the rest of the season.,,25,0,0,0,0,0,0,0,0,0,0,0,1,,,,0.0,0.0,0.0,0.0,3.6,0,0,1
740,u,0.0,0.0,3.9,778,227.0,0,0.0,-1,1.0,0.0,620,219.0,0,0,0.0,569.0,206.0,0,0,0.0,433.0,168.0,0.0,0.0,0.0,3208,0,3892,1,0.0,0.0,0.0,0.0,0.0,0.0,0.0,0.0,0.0,0.0,0.0,559.0,206.0,0.0,547.0,206.0,0.0,517.0,201.0,0.0,561.0,206.0,,,,30,,Stephen,Mfuni,Mfuni,has joined Watford on loan for the rest of the season.,,0,0,0,0,0,0,0,0,0,0,0,0,0,,,,0.0,0.0,0.0,0.0,0.0,0,0,0
742,a,,,4.5,500,309.0,0,0.0,0,0.0,0.0,732,306.0,0,0,0.0,747.0,315.0,0,0,0.0,670.0,264.0,0.0,0.0,0.0,1556,0,1308,1,0.0,0.5,0.0,0.0,0.0,0.0,0.0,0.0,0.0,0.0,0.0,746.0,314.0,0.0,740.0,314.0,0.0,727.0,310.0,0.0,746.0,314.0,,,,30,,Ryan,McAidoo,McAidoo,,,0,0,0,0,0,0,0,0,0,0,0,0,0,,,,0.0,0.0,0.0,0.0,0.0,0,0,0
763,a,,,4.5,455,274.0,0,0.0,0,0.0,0.0,783,341.0,0,0,0.0,716.0,291.0,0,0,0.0,632.0,233.0,0.0,0.0,0.0,443,1,317,3,0.0,0.5,0.0,0.0,0.0,0.0,0.0,0.0,0.0,0.0,0.0,711.0,286.0,0.0,707.0,288.0,0.0,691.0,281.0,0.0,712.0,287.0,,,,30,,Charlie,Gray,Gray,,,0,0,0,0,0,0,0,0,0,0,0,0,0,,,,0.0,0.0,0.0,0.0,0.0,0,0,0
764,a,,,4.5,482,295.0,0,0.0,0,0.0,0.0,796,350.0,0,0,0.0,733.0,304.0,0,0,0.0,655.0,252.0,0.0,0.0,0.0,233,0,175,2,0.0,0.5,0.0,0.0,0.0,0.0,0.0,0.0,0.0,0.0,0.0,731.0,302.0,0.0,725.0,302.0,0.0,712.0,298.0,0.0,731.0,302.0,,,,30,,Reigan,Heskey,Heskey,,,0,0,0,0,0,0,0,0,0,0,0,0,0,,,,0.0,0.0,0.0,0.0,0.0,0,0,0
794,a,100.0,100.0,4.0,694,177.0,0,0.0,-5,5.0,0.0,751,257.0,5,0,2.5,264.0,101.0,0,27,0.0,468.0,184.0,0.0,1.2,0.0,5182,5,4649,5,0.0,0.5,0.26,0.06,0.32,1.54,0.17,0.04,0.21,1.03,34.0,428.0,159.0,14.8,404.0,148.0,26.0,368.0,126.0,7.5,432.0,156.0,,,,30,,Max,Alleyne,Alleyne,,,135,0,0,0,1,0,0,0,0,0,0,2,11,,,,0.0,0.0,0.67,1.33,7.33,3,8,4
119,a,100.0,100.0,8.7,9,5.0,0,0.0,7,-7.0,23.0,15,5.0,118,0,4.9,15.0,8.0,15,429,2.2,153.0,65.0,0.3,13.6,0.0,7109157,3079,6020248,1512,2.7,2.7,7.87,4.23,12.1,27.87,0.35,0.19,0.54,1.23,524.0,64.0,19.0,664.6,13.0,13.0,714.0,9.0,3.0,190.3,7.0,5.0,2.0,2.0,,30,,Bryan,Mbeumo,Mbeumo,,,2047,9,3,5,31,0,0,0,4,0,0,24,109,,,,0.0,0.22,1.36,1.06,4.79,19,15,75
431,a,,,4.7,388,18.0,0,0.0,-3,3.0,0.3,310,42.0,11,0,1.8,373.0,32.0,0,49,0.0,688.0,92.0,0.0,2.3,0.0,37244,12,62751,6,0.5,0.5,0.0,0.05,0.05,9.24,0.0,0.01,0.01,1.54,118.4,337.0,26.0,10.0,426.0,10.0,0.0,744.0,82.0,12.8,404.0,26.0,,,,30,,Altay,Bayındır,Bayindir,,,540,0,0,0,11,0,0,0,0,0,13,6,46,,,,2.17,0.0,1.83,1.0,0.0,0,7,39
432,u,0.0,0.0,4.9,302,11.0,0,0.0,-1,1.0,0.1,426,63.0,0,0,0.0,769.0,93.0,0,0,0.0,713.0,93.0,0.0,0.0,0.0,5156,0,26548,1,0.0,0.0,0.0,0.0,0.0,0.0,0.0,0.0,0.0,0.0,0.0,768.0,93.0,0.0,764.0,90.0,0.0,760.0,88.0,0.0,768.0,93.0,,,,30,,André,Onana,Onana,has joined Trabzonspor on loan for the rest of the season.,,0,0,0,0,0,0,0,0,0,0,0,0,0,,,,0.0,0.0,0.0,0.0,0.0,0,0,0
433,u,0.0,0.0,4.0,721,65.0,0,0.0,0,0.0,0.0,809,94.0,0,0,0.0,622.0,84.0,0,0,0.0,491.0,77.0,0.0,0.0,0.0,0,0,251,0,0.0,0.0,0.0,0.0,0.0,0.0,0.0,0.0,0.0,0.0,0.0,612.0,84.0,0.0,604.0,72.0,0.0,576.0,59.0,0.0,614.0,84.0,,,,30,,Elyh,Harrison,Harrison,On loan to Shrewsbury Town,,0,0,0,0,0,0,0,0,0,0,0,0,0,,,,0.0,0.0,0.0,0.0,0.0,0,0,0
434,a,,,3.9,739,66.0,0,0.0,-1,1.0,0.2,348,48.0,0,0,0.0,539.0,37.0,0,0,0.0,401.0,28.0,0.0,0.0,0.0,15757,3,24951,17,0.5,0.5,0.0,0.0,0.0,0.0,0.0,0.0,0.0,0.0,0.0,529.0,37.0,0.0,515.0,19.0,0.0,485.0,6.0,0.0,531.0,37.0,,,,30,,Tom,Heaton,Heaton,,,0,0,0,0,0,0,0,0,0,0,0,0,0,,,,0.0,0.0,0.0,0.0,0.0,0,0,0
435,a,,,3.9,762,81.0,0,0.0,-1,1.0,0.1,485,73.0,0,0,0.0,555.0,51.0,0,0,0.0,419.0,42.0,0.0,0.0,0.0,5495,1,8756,1,0.5,0.5,0.0,0.0,0.0,0.0,0.0,0.0,0.0,0.0,0.0,545.0,51.0,0.0,532.0,34.0,0.0,502.0,21.0,0.0,547.0,51.0,,,,30,,Dermot,Mee,Mee,,,0,0,0,0,0,0,0,0,0,0,0,0,0,,,,0.0,0.0,0.0,0.0,0.0,0,0,0
436,i,0.0,0.0,4.9,307,48.0,0,0.0,-1,1.0,1.8,146,56.0,43,0,3.3,148.0,53.0,5,169,0.0,715.0,253.0,0.0,8.8,0.0,419657,5,548350,50,0.0,0.0,1.38,0.83,2.21,18.73,0.11,0.06,0.17,1.44,276.6,207.0,81.0,60.2,328.0,110.0,122.0,221.0,56.0,45.7,269.0,88.0,,,,30,,Matthijs,de Ligt,De Ligt,Back injury - Unknown return date,,1170,1,0,1,20,0,0,0,0,0,0,13,139,,,,0.0,0.08,1.54,1.0,8.23,19,88,40
437,i,0.0,0.0,4.8,361,61.0,0,0.0,-2,2.0,0.6,244,92.0,39,0,2.8,219.0,87.0,3,165,0.0,697.0,251.0,0.0,8.1,0.0,169582,5,134514,442,0.0,0.0,0.06,0.5,0.56,9.34,0.01,0.05,0.06,0.93,220.2,252.0,101.0,78.3,300.0,96.0,10.0,409.0,152.0,31.0,331.0,113.0,,,,30,,Lisandro,Martínez,Martinez,Calf injury - Expected back 13 Apr,,904,0,0,3,11,1,0,0,0,0,0,9,75,,,,0.0,0.3,1.1,0.9,7.47,12,63,52
438,a,100.0,100.0,4.9,314,51.0,0,0.0,-1,1.0,0.2,364,134.0,28,0,1.9,351.0,132.0,3,135,2.0,164.0,63.0,0.4,5.7,0.0,36181,63,55569,11,2.5,2.5,0.17,0.28,0.44,6.96,0.03,0.04,0.07,1.03,133.8,325.0,125.0,65.9,313.0,105.0,30.0,361.0,121.0,22.8,361.0,124.0,,,,30,,Noussair,Mazraoui,Mazraoui,,,610,0,0,2,7,0,0,0,3,0,0,7,70,,,,0.0,0.3,1.03,1.03,8.56,16,42,30
439,a,,,4.2,650,156.0,0,0.0,-3,3.0,0.1,567,203.0,0,0,0.0,644.0,249.0,0,0,0.0,527.0,225.0,0.0,0.0,0.0,3371,1,8615,4,0.5,0.5,0.0,0.0,0.0,0.0,0.0,0.0,0.0,0.0,0.0,635.0,250.0,0.0,629.0,249.0,0.0,604.0,248.0,0.0,637.0,250.0,,,,30,,Diego,León Blanco,D.Leon,,,0,0,0,0,0,0,0,0,0,0,0,0,0,,,,0.0,0.0,0.0,0.0,0.0,0,0,0
440,a,100.0,100.0,4.6,399,68.0,0,0.0,1,-1.0,4.9,72,22.0,95,0,3.5,116.0,41.0,9,343,2.2,142.0,54.0,0.5,20.7,0.0,1052329,1139,673967,403,2.7,2.7,1.37,2.17,3.54,27.65,0.06,0.1,0.16,1.21,435.4,92.0,42.0,383.6,63.0,10.0,159.0,177.0,40.0,97.8,90.0,22.0,,,,30,,Diogo,Dalot Teixeira,Dalot,,,2049,1,6,6,32,0,0,0,5,0,0,23,156,,,,0.0,0.26,1.41,1.01,5.93,38,97,106
441,i,0.0,0.0,4.2,647,155.0,0,0.0,-3,3.0,3.1,106,40.0,74,0,3.4,131.0,45.0,8,261,0.0,525.0,224.0,0.0,17.6,0.0,1773188,23,2133635,1208,0.0,0.0,1.86,1.42,3.28,18.78,0.13,0.1,0.23,1.27,402.4,117.0,50.0,354.1,72.0,15.0,262.0,95.0,9.0,101.9,87.0,20.0,,,,30,,Patrick,Dorgu,Dorgu,Hamstring injury - Unknown return date,,1329,3,3,3,20,0,0,0,5,0,0,14,117,,,,0.0,0.2,1.35,0.95,6.43,47,48,72
442,a,100.0,100.0,4.4,520,100.0,0,0.0,-1,1.0,1.7,151,58.0,62,0,3.9,71.0,28.0,3,204,2.5,117.0,44.0,0.6,14.1,0.0,298424,458,189565,97,3.0,3.0,0.78,0.08,0.86,14.8,0.07,0.01,0.08,1.29,223.2,247.0,98.0,25.7,383.0,138.0,104.0,237.0,63.0,35.5,308.0,104.0,,,,30,,Harry,Maguire,Maguire,,,1032,1,1,5,12,0,0,0,2,0,0,12,94,,,,0.0,0.44,1.05,1.05,7.24,10,73,38
443,a,100.0,100.0,4.5,409,74.0,0,0.0,0,0.0,0.7,213,81.0,70,0,2.4,283.0,109.0,0,297,2.0,158.0,60.0,0.4,15.6,0.0,175653,174,133071,43,2.5,2.5,0.51,1.47,1.97,32.24,0.02,0.05,0.07,1.19,391.0,126.0,56.0,264.9,117.0,31.0,57.0,313.0,96.0,71.3,162.0,54.0,,,,30,,Luke,Shaw,Shaw,,,2437,0,1,6,36,0,0,0,5,0,0,29,180,,,,0.0,0.22,1.33,1.07,5.5,53,96,81
444,a,,,4.1,658,160.0,0,0.0,-4,4.0,1.3,172,66.0,46,0,1.8,365.0,136.0,1,159,2.2,140.0,52.0,0.5,11.2,0.0,216140,127,307188,49,2.7,2.7,0.94,0.39,1.33,21.26,0.06,0.02,0.08,1.34,263.2,216.0,85.0,68.8,308.0,103.0,90.0,259.0,73.0,42.1,283.0,92.0,,,,30,,Leny,Yoro,Yoro,,,1426,0,1,2,27,0,0,0,0,0,0,15,140,,,,0.0,0.13,1.7,0.95,7.45,25,93,61
445,u,0.0,0.0,4.0,719,195.0,0,0.0,0,0.0,0.1,541,193.0,0,0,0.0,620.0,234.0,0,0,0.0,489.0,199.0,0.0,0.0,0.0,1160,0,14498,3,0.0,0.0,0.0,0.0,0.0,0.0,0.0,0.0,0.0,0.0,0.0,610.0,234.0,0.0,602.0,234.0,0.0,574.0,231.0,0.0,612.0,234.0,,,,30,,Harry,Amass,Amass,has joined Norwich City on loan for the rest of the season.,,0,0,0,0,0,0,0,0,0,0,0,0,0,,,,0.0,0.0,0.0,0.0,0.0,0,0,0
446,a,,,3.7,817,263.0,0,0.0,-3,3.0,0.1,425,158.0,1,0,1.0,448.0,161.0,0,4,0.0,374.0,135.0,0.0,0.3,0.0,11380,54,14963,12,0.5,0.5,0.0,0.0,0.0,0.3,0.0,0.0,0.0,13.5,4.0,477.0,172.0,0.0,494.0,181.0,0.0,462.0,174.0,0.4,491.0,173.0,,,,30,,Tyler,Fredricson,Fredricson,,,2,0,0,0,0,0,0,0,0,0,0,0,2,,,,0.0,0.0,0.0,0.0,90.0,0,2,0
447,a,100.0,100.0,3.7,819,265.0,0,0.0,-3,3.0,2.3,132,51.0,27,0,2.1,318.0,116.0,0,109,0.2,329.0,112.0,0.1,7.3,0.0,468054,340,372111,469,0.7,0.7,0.34,0.17,0.51,7.95,0.05,0.02,0.07,1.11,175.6,286.0,112.0,27.2,382.0,137.0,26.0,367.0,125.0,22.9,360.0,123.0,,,,30,,Ayden,Heaven,Heaven,,,642,0,1,1,12,1,0,0,2,0,0,8,73,,,,0.0,0.14,1.68,1.12,10.09,16,56,31
448,a,,,3.8,788,235.0,0,0.0,-2,2.0,0.4,284,104.0,2,0,1.0,449.0,162.0,0,2,0.2,331.0,114.0,0.1,0.5,0.0,53997,8,58374,21,0.7,0.7,0.0,0.0,0.0,0.35,0.0,0.0,0.0,4.5,3.6,480.0,173.0,0.5,472.0,173.0,0.0,466.0,177.0,0.4,492.0,174.0,,,,30,,Tyrell,Malacia,Malacia,,,7,0,0,0,1,0,0,0,0,0,0,0,2,,,,0.0,0.0,12.86,0.0,25.71,1,1,2
449,a,100.0,100.0,10.1,5,3.0,0,0.0,11,-11.0,41.5,5,2.0,166,0,6.4,4.0,1.0,31,718,5.8,13.0,5.0,0.6,16.4,0.0,7957142,6364,5460707,310,6.3,6.3,9.08,8.41,17.49,31.44,0.36,0.34,0.7,1.25,921.4,2.0,1.0,1335.0,1.0,1.0,437.0,34.0,19.0,269.6,1.0,1.0,1.0,1.0,1.0,30,,Bruno,Borges Fernandes,B.Fernandes,,,2255,7,14,4,36,0,0,2,3,0,0,26,224,,,,0.0,0.16,1.44,1.04,8.94,42,55,127
450,a,100.0,100.0,8.0,17,12.0,0,0.0,0,0.0,7.5,53,19.0,103,0,4.0,68.0,31.0,10,415,2.5,134.0,58.0,0.3,12.9,0.0,3066717,1116,3162569,655,3.0,3.0,5.51,2.43,7.94,25.43,0.26,0.12,0.38,1.21,475.0,78.0,24.0,386.5,58.0,47.0,576.0,22.0,10.0,143.9,28.0,23.0,,,,30,,Matheus,Santos Carneiro da Cunha,Cunha,,,1897,6,3,6,26,0,0,0,1,0,0,22,158,,,,0.0,0.28,1.23,1.04,7.5,31,33,94
451,u,0.0,0.0,7.0,35,20.0,0,0.0,0,0.0,0.0,709,291.0,0,0,0.0,818.0,366.0,0,0,0.0,813.0,365.0,0.0,0.0,0.0,0,0,2128,0,0.0,0.0,0.0,0.0,0.0,0.0,0.0,0.0,0.0,0.0,0.0,818.0,366.0,0.0,818.0,366.0,0.0,818.0,366.0,0.0,818.0,366.0,,,,30,,Marcus,Rashford,Rashford,Has joined Barcelona on loan for the rest of the season,,0,0,0,0,0,0,0,0,0,0,0,0,0,,,,0.0,0.0,0.0,0.0,0.0,0,0,0
452,a,100.0,100.0,6.2,78,51.0,0,0.0,-3,3.0,1.5,160,55.0,70,0,3.0,196.0,83.0,6,366,0.8,296.0,135.0,0.1,11.3,0.0,431174,108,601341,238,1.3,1.3,4.17,3.41,7.58,21.48,0.22,0.18,0.4,1.11,360.6,147.0,53.0,506.1,30.0,28.0,427.0,37.0,21.0,129.5,36.0,26.0,,,,30,,Amad,Diallo,Amad,,,1736,2,4,4,24,0,0,0,2,0,0,20,152,,,,0.0,0.21,1.24,1.04,7.88,31,37,84
454,u,0.0,0.0,5.9,100,65.0,0,0.0,-1,1.0,0.1,566,210.0,0,0,0.0,811.0,362.0,0,0,0.0,797.0,355.0,0.0,0.0,0.0,1511,0,10719,1,0.0,0.0,0.0,0.0,0.0,0.0,0.0,0.0,0.0,0.0,0.0,811.0,362.0,0.0,811.0,362.0,0.0,810.0,362.0,0.0,811.0,362.0,,,,30,,Antony,dos Santos,Antony,has joined Real Betis permanently.,,0,0,0,0,0,0,0,0,0,0,0,0,0,,,,0.0,0.0,0.0,0.0,0.0,0,0,0
455,d,75.0,75.0,5.9,95,61.0,0,0.0,-1,1.0,0.3,331,111.0,46,0,2.7,243.0,100.0,3,164,0.0,793.0,351.0,0.0,7.8,0.0,183809,3,198627,8,0.4,0.4,1.54,1.4,2.94,10.3,0.17,0.16,0.33,1.14,162.4,298.0,133.0,198.5,168.0,114.0,158.0,179.0,99.0,51.9,244.0,124.0,,,,30,,Mason,Mount,Mount,Lack of match fitness - 75% chance of playing,,812,3,0,3,14,0,0,0,0,0,0,10,62,,,,0.0,0.33,1.55,1.11,6.87,14,7,41
457,a,100.0,100.0,5.6,121,76.0,0,0.0,1,-1.0,2.8,113,35.0,127,0,4.7,22.0,12.0,15,474,4.2,51.0,23.0,0.8,22.7,0.0,689920,1321,396611,360,4.7,4.7,4.55,2.61,7.16,21.23,0.21,0.12,0.33,0.97,622.2,34.0,9.0,404.2,51.0,42.0,426.0,39.0,23.0,145.5,26.0,21.0,,,,30,,Carlos Henrique,Casimiro,Casemiro,,,1964,6,4,8,22,0,0,0,6,1,0,26,259,,,,0.0,0.37,1.01,1.19,11.87,65,84,110
458,a,100.0,100.0,4.6,402,248.0,0,0.0,-4,4.0,1.3,169,58.0,39,0,1.9,347.0,149.0,0,185,1.8,172.0,71.0,0.4,8.5,0.0,224347,155,156104,208,2.3,2.3,0.24,0.71,0.95,12.27,0.02,0.07,0.09,1.18,199.0,266.0,111.0,254.4,122.0,85.0,55.0,316.0,168.0,50.9,249.0,126.0,,,,30,,Kobbie,Mainoo,Mainoo,,,933,0,2,3,14,0,0,0,0,0,0,8,97,,,,0.0,0.29,1.35,0.77,9.36,22,25,50
459,a,,,4.7,386,240.0,0,0.0,-3,3.0,0.1,419,143.0,32,0,1.7,386.0,165.0,0,157,0.2,348.0,154.0,0.0,6.8,0.0,29868,4,38607,11,0.7,0.7,0.5,0.15,0.65,15.71,0.06,0.02,0.08,1.82,134.6,322.0,144.0,64.8,317.0,177.0,38.0,341.0,177.0,23.6,356.0,172.0,,,,30,,Manuel,Ugarte Ribeiro,Ugarte,,,777,0,0,1,21,0,0,0,1,0,0,7,127,,,,0.0,0.12,2.43,0.81,14.71,43,35,49
460,u,0.0,0.0,4.5,445,266.0,0,0.0,0,0.0,0.0,661,265.0,0,0,0.0,709.0,284.0,0,0,0.0,623.0,225.0,0.0,0.0,0.0,505,0,9639,0,0.0,0.0,0.0,0.0,0.0,0.0,0.0,0.0,0.0,0.0,0.0,703.0,278.0,0.0,700.0,281.0,0.0,684.0,274.0,0.0,705.0,280.0,,,,30,,Toby,Collyer,Collyer,has joined Hull City on loan for the rest of the season.,,0,0,0,0,0,0,0,0,0,0,0,0,0,,,,0.0,0.0,0.0,0.0,0.0,0,0,0
461,a,,,4.3,611,357.0,0,0.0,-2,2.0,0.0,605,230.0,0,0,0.0,658.0,251.0,0,0,0.0,553.0,183.0,0.0,0.0,0.0,3474,4,4968,2,0.5,0.5,0.0,0.0,0.0,0.0,0.0,0.0,0.0,0.0,0.0,648.0,241.0,0.0,644.0,246.0,0.0,621.0,235.0,0.0,650.0,243.0,,,,30,,Jayce,Fitzgerald,Fitzgerald,,,0,0,0,0,0,0,0,0,0,0,0,0,0,,,,0.0,0.0,0.0,0.0,0.0,0,0,0
462,a,,,4.3,608,354.0,0,0.0,-2,2.0,0.1,512,185.0,3,0,1.0,464.0,203.0,0,10,0.0,550.0,180.0,0.0,0.7,0.0,15122,6,13510,11,0.5,0.5,0.03,0.02,0.05,1.86,0.03,0.02,0.05,1.56,18.6,448.0,198.0,24.4,388.0,195.0,5.0,429.0,209.0,4.8,451.0,201.0,,,,30,,Jack,Fletcher,J.Fletcher,,,107,0,0,0,0,0,0,0,0,0,0,0,11,,,,0.0,0.0,0.0,0.0,9.25,5,2,4
463,u,0.0,0.0,4.3,620,364.0,0,0.0,-2,2.0,0.1,518,187.0,0,0,0.0,663.0,255.0,0,0,0.0,559.0,187.0,0.0,0.0,0.0,9069,0,13404,6,0.0,0.0,0.0,0.0,0.0,0.0,0.0,0.0,0.0,0.0,0.0,653.0,245.0,0.0,649.0,250.0,0.0,626.0,239.0,0.0,655.0,247.0,,,,30,,Sékou,Koné,Kone,has joined Lausanne-Sport on loan for the rest of the season.,,0,0,0,0,0,0,0,0,0,0,0,0,0,,,,0.0,0.0,0.0,0.0,0.0,0,0,0
464,u,0.0,0.0,4.5,469,286.0,0,0.0,0,0.0,0.0,696,284.0,0,0,0.0,725.0,299.0,0,0,0.0,643.0,243.0,0.0,0.0,0.0,723,0,2857,0,0.0,0.0,0.0,0.0,0.0,0.0,0.0,0.0,0.0,0.0,0.0,722.0,296.0,0.0,717.0,297.0,0.0,702.0,291.0,0.0,723.0,297.0,,,,30,,Jack,Moorhouse,Moorhouse,has joined Leyton Orient on loan for the rest of the season.,,0,0,0,0,0,0,0,0,0,0,0,0,0,,,,0.0,0.0,0.0,0.0,0.0,0,0,0
465,u,0.0,0.0,6.3,71,22.0,0,0.0,-2,2.0,0.3,344,56.0,0,0,0.0,813.0,90.0,0,0,0.0,803.0,86.0,0.0,0.0,0.0,5437,0,56691,0,0.0,0.0,0.0,0.0,0.0,0.0,0.0,0.0,0.0,0.0,0.0,813.0,90.0,0.0,813.0,90.0,0.0,813.0,90.0,0.0,813.0,90.0,,,,30,,Rasmus,Højlund,Højlund,has joined Napoli on loan for the rest of the season.,,0,0,0,0,0,0,0,0,0,0,0,0,0,,,,0.0,0.0,0.0,0.0,0.0,0,0,0
466,a,100.0,100.0,5.8,107,30.0,0,0.0,-2,2.0,0.4,272,43.0,37,0,2.1,326.0,36.0,6,130,0.5,323.0,43.0,0.1,6.4,0.0,108672,32,129902,21,1.0,1.0,2.18,0.32,2.5,7.63,0.39,0.06,0.45,1.35,152.8,306.0,30.0,161.8,193.0,19.0,195.0,139.0,35.0,50.6,253.0,30.0,,,,30,,Joshua,Zirkzee,Zirkzee,,,509,2,1,1,8,0,0,0,1,0,0,4,37,,,,0.0,0.18,1.41,0.71,6.54,8,11,18
467,a,,,4.2,646,90.0,0,0.0,-3,3.0,1.5,159,24.0,0,0,0.0,642.0,64.0,0,0,0.0,524.0,50.0,0.0,0.0,0.0,272686,18,371211,115,0.5,0.5,0.0,0.0,0.0,0.0,0.0,0.0,0.0,0.0,0.0,633.0,64.0,0.0,627.0,63.0,0.0,602.0,63.0,0.0,635.0,64.0,,,,30,,Chido,Obi,Obi,,,0,0,0,0,0,0,0,0,0,0,0,0,0,,,,0.0,0.0,0.0,0.0,0.0,0,0,0
468,u,0.0,0.0,4.5,476,67.0,0,0.0,0,0.0,0.1,508,70.0,0,0,0.0,730.0,77.0,0,0,0.0,649.0,65.0,0.0,0.0,0.0,4530,0,14859,1,0.0,0.0,0.0,0.0,0.0,0.0,0.0,0.0,0.0,0.0,0.0,727.0,77.0,0.0,722.0,76.0,0.0,708.0,76.0,0.0,728.0,77.0,,,,30,,Ethan,Wheatley,Wheatley,has joined Bradford City on loan for the rest of the season.,,0,0,0,0,0,0,0,0,0,0,0,0,0,,,,0.0,0.0,0.0,0.0,0.0,0,0,0
681,a,100.0,100.0,7.3,28,11.0,0,0.0,-2,2.0,6.1,61,12.0,89,0,3.7,102.0,7.0,17,304,4.5,44.0,6.0,0.6,12.2,0.0,1103149,2458,1410678,457,5.0,5.0,6.88,0.22,7.1,20.66,0.48,0.02,0.5,1.44,370.2,143.0,13.0,133.5,214.0,22.0,658.0,15.0,10.0,115.5,58.0,12.0,,,,30,,Benjamin,Sesko,Šeško,,,1295,8,2,1,26,0,0,0,1,0,0,13,53,,,,0.0,0.07,1.81,0.9,3.68,5,19,29
733,a,,,5.0,263,9.0,0,0.0,0,0.0,2.6,118,16.0,72,0,3.1,177.0,19.0,6,276,3.2,83.0,7.0,0.6,14.4,0.0,546712,1472,303816,196,3.7,3.7,0.0,0.0,0.0,26.27,0.0,0.0,0.0,1.14,431.2,98.0,16.0,0.0,783.0,91.0,2.0,455.0,2.0,43.3,278.0,17.0,,,,30,,Senne,Lammens,Lammens,,,2070,0,0,5,29,0,0,0,0,0,53,23,43,,,,2.3,0.22,1.26,1.0,0.0,1,21,159
755,a,100.0,100.0,4.5,479,293.0,0,0.0,0,0.0,0.0,727,301.0,2,0,1.0,481.0,217.0,0,8,0.0,652.0,250.0,0.0,0.4,0.0,3377,2,2527,2,0.5,0.5,0.07,0.0,0.07,0.11,0.52,0.0,0.52,0.82,4.0,478.0,217.0,1.5,462.0,222.0,11.0,402.0,198.0,1.5,475.0,217.0,,,,30,,Shea,Lacey,Lacey,,,12,0,0,0,0,0,0,0,0,0,0,0,1,,,,0.0,0.0,0.0,0.0,7.5,1,0,0
769,a,,,4.5,478,292.0,0,0.0,0,0.0,0.0,785,343.0,1,0,1.0,480.0,216.0,0,3,0.0,651.0,249.0,0.0,0.2,0.0,461,1,316,2,0.5,0.5,0.0,0.01,0.01,0.05,0.0,0.06,0.06,0.3,2.2,488.0,225.0,11.7,415.0,204.0,0.0,710.0,297.0,1.4,478.0,220.0,,,,30,,Bendito,Mantato,Bendito Mantato,,,15,0,0,0,0,0,0,0,0,0,0,0,0,,,,0.0,0.0,0.0,0.0,0.0,0,0,0
771,a,,,4.4,550,329.0,0,0.0,-1,1.0,0.0,731,305.0,1,0,1.0,468.0,206.0,0,3,0.0,579.0,198.0,0.0,0.2,0.0,2175,6,1218,3,0.5,0.5,0.0,0.01,0.01,0.02,0.0,0.9,0.9,1.8,0.4,503.0,230.0,1.0,466.0,224.0,0.0,642.0,249.0,0.1,507.0,232.0,,,,30,,Tyler,Fletcher,Fletcher,,,1,0,0,0,0,0,0,0,0,0,0,0,0,,,,0.0,0.0,0.0,0.0,0.0,0,0,0
788,a,,,4.0,718,194.0,0,0.0,0,0.0,0.0,740,255.0,0,0,0.0,619.0,233.0,0,0,0.0,488.0,198.0,0.0,0.0,0.0,448,2,370,1,0.5,0.5,0.0,0.0,0.0,0.0,0.0,0.0,0.0,0.0,0.0,609.0,233.0,0.0,601.0,233.0,0.0,573.0,230.0,0.0,611.0,233.0,,,,30,,Godwill,Kukonki,Kukonki,,,0,0,0,0,0,0,0,0,0,0,0,0,0,,,,0.0,0.0,0.0,0.0,0.0,0,0,0
52,a,100.0,100.0,5.3,191,119.0,0,0.0,-2,2.0,0.2,349,117.0,37,3,1.9,355.0,152.0,1,185,3.2,85.0,38.0,0.6,7.0,0.0,31417,80,76659,22,3.2,2.7,1.02,0.88,1.9,17.94,0.09,0.08,0.17,1.64,181.6,280.0,120.0,194.0,172.0,117.0,122.0,222.0,123.0,49.8,258.0,131.0,,,,30,,Jacob,Ramsey,J.Ramsey,,,984,2,1,1,22,0,0,0,3,1,0,10,96,,,,0.0,0.09,2.01,0.91,8.78,25,14,57
135,a,100.0,100.0,7.3,24,9.0,0,0.0,-2,2.0,0.6,239,35.0,19,0,1.6,404.0,48.0,0,57,0.2,370.0,47.0,0.0,2.6,0.0,237977,68,453767,52,0.2,-0.3,1.95,0.53,2.48,7.01,0.42,0.11,0.53,1.5,52.0,410.0,46.0,35.5,367.0,48.0,137.0,203.0,42.0,21.7,365.0,43.0,,,,30,,Yoane,Wissa,Wissa,,,421,1,0,1,8,0,0,0,1,0,0,4,18,,,,0.0,0.21,1.71,0.86,3.85,2,3,13
469,a,100.0,100.0,5.1,223,6.0,0,0.0,1,-1.0,4.5,83,15.0,82,0,3.7,98.0,13.0,3,336,0.8,288.0,23.0,0.2,16.1,0.0,1502720,687,1554479,412,0.8,0.3,0.16,0.0,0.16,27.01,0.01,0.0,0.01,1.24,505.8,69.0,14.0,0.0,794.0,92.0,35.0,348.0,1.0,54.1,231.0,14.0,,,,30,,Nick,Pope,Pope,,,1966,0,1,7,32,0,0,0,1,0,67,22,121,,,,3.07,0.32,1.46,1.01,0.0,1,32,204
472,u,0.0,0.0,4.0,666,44.0,0,0.0,0,0.0,0.0,721,84.0,0,0,0.0,578.0,65.0,0,0,0.0,443.0,57.0,0.0,0.0,0.0,0,0,2474,0,0.0,0.0,0.0,0.0,0.0,0.0,0.0,0.0,0.0,0.0,0.0,568.0,65.0,0.0,558.0,51.0,0.0,529.0,38.0,0.0,570.0,65.0,,,,30,,Odysseas,Vlachodimos,Odysseas,Has joined Sevilla on loan for the rest of the season.,,0,0,0,0,0,0,0,0,0,0,0,0,0,,,,0.0,0.0,0.0,0.0,0.0,0,0,0
473,a,100.0,100.0,5.3,198,24.0,0,0.0,-2,2.0,2.6,117,48.0,71,5,3.1,178.0,69.0,4,292,3.8,64.0,24.0,0.7,13.4,0.0,638626,6443,568661,116,3.8,3.3,0.73,2.02,2.75,26.2,0.04,0.11,0.15,1.42,427.4,105.0,47.0,271.8,115.0,29.0,131.0,213.0,52.0,83.0,128.0,39.0,2.0,4.0,,30,,Lewis,Hall,Hall,,,1659,1,2,4,30,0,0,0,3,0,0,18,151,,,,0.0,0.22,1.63,0.98,7.76,46,97,105
474,i,0.0,0.0,5.2,203,26.0,0,0.0,-3,3.0,1.2,179,68.0,51,0,3.2,159.0,59.0,0,186,0.0,760.0,261.0,0.0,9.8,0.0,296932,5,494474,39,0.0,0.0,0.97,0.6,1.57,13.85,0.08,0.05,0.13,1.14,291.2,195.0,77.0,63.6,320.0,108.0,108.0,232.0,62.0,46.4,267.0,87.0,,1.0,,30,,Fabian,Schär,Schär,Ankle injury - Expected back 18 Apr,,1089,0,0,4,13,0,0,0,1,0,0,11,133,,,,0.0,0.33,1.07,0.91,9.5,14,101,42
475,a,100.0,100.0,4.9,311,49.0,0,0.0,-1,1.0,0.4,285,105.0,62,8,3.6,108.0,37.0,4,240,2.2,144.0,55.0,0.4,12.7,0.0,77595,159,103517,4,2.2,1.7,1.28,0.28,1.56,16.0,0.1,0.02,0.12,1.25,325.8,176.0,73.0,49.7,341.0,117.0,132.0,212.0,51.0,50.8,250.0,81.0,,,,30,,Sven,Botman,Botman,,,1151,1,1,5,17,1,0,0,1,0,0,13,144,,,,0.0,0.39,1.33,1.02,8.99,11,104,62
476,a,100.0,100.0,5.0,245,37.0,0,0.0,0,0.0,3.3,101,36.0,75,1,3.4,135.0,48.0,5,218,1.2,224.0,84.0,0.2,15.0,0.0,1511452,865,1667669,113,1.2,0.7,0.19,0.32,0.51,21.94,0.01,0.02,0.03,1.15,373.4,140.0,61.0,87.6,284.0,89.0,76.0,283.0,80.0,53.8,234.0,77.0,,,,30,,Dan,Burn,Burn,,,1721,0,3,6,28,0,0,0,7,1,0,20,212,,,,0.0,0.31,1.46,1.05,9.2,32,144,61
477,a,100.0,100.0,4.9,326,53.0,0,0.0,-1,1.0,1.8,144,55.0,55,6,3.9,74.0,29.0,3,233,1.5,204.0,76.0,0.3,11.2,0.0,1091021,365,1378594,18,1.5,1.0,0.12,0.78,0.9,12.43,0.01,0.06,0.07,0.98,190.8,271.0,110.0,178.1,183.0,46.0,36.0,346.0,113.0,40.5,292.0,96.0,,,,30,,Tino,Livramento,Livramento,,,1138,0,1,6,10,0,0,0,1,0,0,12,87,,,,0.0,0.47,0.79,0.95,4.67,19,40,71
478,a,100.0,100.0,4.9,287,44.0,0,0.0,-1,1.0,1.4,167,65.0,48,0,2.8,221.0,88.0,2,202,1.8,175.0,66.0,0.4,9.8,0.0,251385,241,376206,53,1.8,1.3,0.08,1.85,1.93,18.52,0.01,0.12,0.13,1.2,261.4,218.0,86.0,430.7,43.0,3.0,12.0,400.0,147.0,70.3,168.0,57.0,4.0,2.0,,30,,Kieran,Trippier,Trippier,,,1392,0,1,5,24,0,0,0,3,0,0,16,105,,,,0.0,0.32,1.55,1.03,4.91,22,54,65
479,i,0.0,0.0,4.3,575,123.0,0,0.0,-2,2.0,0.0,622,221.0,0,0,0.0,645.0,250.0,0,-8,0.0,530.0,227.0,0.0,0.0,0.0,1587,0,5193,1,0.0,0.0,0.0,0.0,0.0,0.25,0.0,0.0,0.0,0.5,1.4,492.0,176.0,1.2,464.0,170.0,0.0,606.0,249.0,0.3,496.0,175.0,,,,30,,Emil,Krafth,Krafth,Knee injury - Unknown return date,,45,0,0,0,2,0,0,0,0,0,0,1,1,,,,0.0,0.0,4.0,2.0,2.0,0,1,0
480,u,0.0,0.0,4.3,573,121.0,0,0.0,-2,2.0,0.0,591,210.0,1,0,0.5,516.0,179.0,0,0,0.0,529.0,226.0,0.0,0.2,0.0,2754,0,9054,2,0.0,0.0,0.04,0.0,0.04,0.55,0.19,0.0,0.19,2.61,10.2,461.0,168.0,0.0,630.0,250.0,7.0,420.0,159.0,1.7,470.0,168.0,,,,30,,Jamaal,Lascelles,Lascelles,has joined Leicester City permanently.,,19,0,0,0,2,0,0,0,0,0,0,0,5,,,,0.0,0.0,9.47,0.0,23.68,0,5,0
481,a,,,3.8,805,252.0,0,0.0,-2,2.0,0.7,218,83.0,1,0,1.0,450.0,163.0,0,-1,0.0,393.0,153.0,0.0,0.3,0.0,79110,32,102658,33,0.0,-0.5,0.0,0.0,0.0,0.27,0.0,0.0,0.0,24.3,2.2,486.0,174.0,0.0,508.0,194.0,0.0,477.0,188.0,0.2,501.0,176.0,,,,30,,Alex,Murphy,A.Murphy,,,1,0,0,0,1,0,0,0,0,0,0,0,1,,,,0.0,0.0,90.0,0.0,90.0,0,1,0
482,u,0.0,0.0,3.9,759,220.0,0,0.0,-1,1.0,0.1,455,168.0,0,0,0.0,553.0,201.0,0,0,0.0,417.0,163.0,0.0,0.0,0.0,8541,0,16979,2,0.0,0.0,0.0,0.0,0.0,0.0,0.0,0.0,0.0,0.0,0.0,543.0,201.0,0.0,530.0,201.0,0.0,500.0,196.0,0.0,545.0,201.0,,,,30,,Harrison,Ashby,Ashby,has joined Bradford City on loan for the rest of the season.,,0,0,0,0,0,0,0,0,0,0,0,0,0,,,,0.0,0.0,0.0,0.0,0.0,0,0,0
483,a,,,3.8,810,257.0,0,0.0,-2,2.0,0.4,286,106.0,0,0,0.0,535.0,197.0,0,0,0.0,397.0,157.0,0.0,0.0,0.0,66255,10,49214,21,0.0,-0.5,0.0,0.0,0.0,0.0,0.0,0.0,0.0,0.0,0.0,525.0,197.0,0.0,511.0,197.0,0.0,481.0,192.0,0.0,527.0,197.0,,,,30,,Miodrag,Pivaš,Pivas,,,0,0,0,0,0,0,0,0,0,0,0,0,0,,,,0.0,0.0,0.0,0.0,0.0,0,0,0
484,u,0.0,0.0,4.0,670,165.0,0,0.0,0,0.0,0.1,428,159.0,0,0,0.0,581.0,212.0,0,0,0.0,446.0,174.0,0.0,0.0,0.0,3759,0,45312,2,0.0,0.0,0.0,0.0,0.0,0.0,0.0,0.0,0.0,0.0,0.0,571.0,212.0,0.0,561.0,212.0,0.0,532.0,208.0,0.0,573.0,212.0,,,,30,,Matt,Targett,Targett,has joined Middlesbrough on loan for the rest of the season.,,0,0,0,0,0,0,0,0,0,0,0,0,0,,,,0.0,0.0,0.0,0.0,0.0,0,0,0
485,a,100.0,100.0,7.2,32,19.0,0,0.0,-3,3.0,3.1,104,34.0,85,8,3.5,129.0,61.0,4,319,4.8,35.0,14.0,0.7,11.8,0.0,1605370,10875,1488567,128,4.8,4.3,8.27,3.33,11.6,21.88,0.45,0.18,0.63,1.2,308.8,184.0,75.0,383.9,62.0,51.0,448.0,32.0,17.0,113.7,61.0,41.0,,,1.0,30,,Anthony,Gordon,Gordon,,,1640,5,4,7,29,0,0,0,3,1,0,22,83,,,,0.0,0.38,1.59,1.21,4.55,18,14,51
486,a,100.0,100.0,6.5,52,33.0,0,0.0,-5,5.0,2.6,120,38.0,40,1,1.5,417.0,185.0,0,155,1.5,211.0,91.0,0.2,6.2,0.0,560487,176,1185752,64,1.5,1.0,1.35,1.68,3.03,17.04,0.11,0.13,0.24,1.34,122.2,333.0,149.0,256.5,120.0,83.0,161.0,174.0,95.0,54.0,233.0,116.0,5.0,,,30,,Anthony,Elanga,Elanga,,,1143,0,1,2,25,0,0,0,0,0,0,12,49,,,,0.0,0.16,1.97,0.94,3.86,13,8,28
487,a,,,6.1,81,53.0,0,0.0,-4,4.0,1.1,182,63.0,81,3,2.8,229.0,95.0,8,262,1.2,233.0,101.0,0.2,13.3,0.0,734414,816,674428,104,1.2,0.7,5.89,2.15,8.04,22.23,0.34,0.12,0.46,1.27,292.6,194.0,81.0,288.3,104.0,75.0,571.0,23.0,11.0,114.8,59.0,39.0,,,,30,,Harvey,Barnes,Barnes,,,1573,5,0,5,23,0,0,0,1,0,0,16,82,,,,0.0,0.29,1.32,0.92,4.69,12,17,53
488,i,0.0,0.0,6.8,43,27.0,0,0.0,3,-3.0,4.7,76,25.0,134,0,5.8,7.0,4.0,19,584,0.0,811.0,363.0,0.0,19.7,0.0,4039667,40,3764287,1417,0.0,0.0,4.82,3.62,8.44,26.13,0.21,0.16,0.37,1.16,682.6,18.0,5.0,634.3,15.0,15.0,365.0,57.0,35.0,168.3,15.0,11.0,3.0,5.0,2.0,30,,Bruno,Guimarães Rodriguez Moura,Bruno G.,Hamstring injury - Expected back 11 Apr,,2019,9,6,6,31,0,0,0,5,0,0,22,200,,,,0.0,0.27,1.38,0.98,8.92,50,43,107
489,a,100.0,100.0,5.9,92,58.0,0,0.0,-6,6.0,0.6,226,79.0,64,3,2.6,258.0,110.0,2,258,2.8,111.0,48.0,0.5,10.8,0.0,162649,126,347052,25,2.8,2.3,2.89,2.39,5.28,16.55,0.21,0.18,0.39,1.23,252.8,224.0,98.0,318.3,87.0,66.0,297.0,81.0,50.0,85.9,120.0,67.0,,,,30,,Jacob,Murphy,J.Murphy,,,1211,3,1,7,13,0,0,0,1,0,0,14,65,,,,0.0,0.52,0.97,1.04,4.83,13,16,36
490,a,100.0,100.0,5.9,94,60.0,0,0.0,-1,1.0,0.3,318,108.0,63,1,2.7,242.0,99.0,2,271,1.8,187.0,79.0,0.3,10.7,0.0,77469,153,104667,31,1.8,1.3,2.04,1.13,3.17,21.96,0.11,0.06,0.17,1.24,290.4,197.0,82.0,258.5,119.0,82.0,309.0,76.0,45.0,85.8,121.0,68.0,,,,30,,Joelinton Cássio,Apolinário de Lira,Joelinton,,,1597,2,1,5,22,0,0,0,8,0,0,19,194,,,,0.0,0.28,1.24,1.07,10.93,35,60,99
491,a,100.0,100.0,5.3,194,120.0,0,0.0,-2,2.0,1.1,183,64.0,71,0,2.4,290.0,127.0,2,391,2.5,124.0,53.0,0.5,13.4,0.0,212351,324,311893,110,2.5,2.0,1.56,2.35,3.91,27.26,0.07,0.1,0.17,1.2,336.6,162.0,60.0,433.5,41.0,38.0,165.0,169.0,92.0,93.8,97.0,58.0,1.0,1.0,,30,,Sandro,Tonali,Tonali,,,2037,0,2,7,31,0,0,0,3,0,0,25,211,,,,0.0,0.31,1.37,1.1,9.32,29,59,123
492,u,0.0,0.0,4.9,346,217.0,0,0.0,-1,1.0,0.0,677,274.0,0,0,0.0,782.0,341.0,0,0,0.0,736.0,311.0,0.0,0.0,0.0,655,0,3576,1,0.0,0.0,0.0,0.0,0.0,0.0,0.0,0.0,0.0,0.0,0.0,781.0,340.0,0.0,777.0,340.0,0.0,773.0,338.0,0.0,781.0,340.0,,,,30,,Antoñito,Cordero Campillo,Antoñito C.,has joined Cadiz on loan for the rest of the season.,,0,0,0,0,0,0,0,0,0,0,0,0,0,,,,0.0,0.0,0.0,0.0,0.0,0,0,0
494,a,100.0,100.0,5.0,250,151.0,0,0.0,0,0.0,0.1,502,181.0,27,6,1.4,422.0,187.0,0,107,1.8,180.0,74.0,0.4,5.4,0.0,13070,49,12620,9,1.8,1.3,0.83,0.63,1.46,12.57,0.11,0.08,0.19,1.69,61.0,400.0,176.0,102.5,261.0,161.0,89.0,261.0,143.0,25.1,351.0,169.0,,,,30,,Joe,Willock,Willock,,,668,0,1,3,12,0,0,0,3,0,0,7,70,,,,0.0,0.4,1.62,0.94,9.43,17,10,43
495,u,0.0,0.0,4.5,411,251.0,0,0.0,0,0.0,0.0,771,331.0,0,0,0.0,692.0,271.0,0,0,0.0,601.0,211.0,0.0,0.0,0.0,0,0,1611,0,0.0,0.0,0.0,0.0,0.0,0.0,0.0,0.0,0.0,0.0,0.0,686.0,265.0,0.0,680.0,268.0,0.0,661.0,260.0,0.0,688.0,267.0,,,,30,,Isaac,Hayden,Hayden,Has departed the club as a free agent.,,0,0,0,0,0,0,0,0,0,0,0,0,0,,,,0.0,0.0,0.0,0.0,0.0,0,0,0
496,u,0.0,0.0,4.4,558,333.0,0,0.0,-1,1.0,0.0,633,247.0,0,0,0.0,681.0,265.0,0,0,0.0,586.0,202.0,0.0,0.0,0.0,2219,0,7403,0,0.0,0.0,0.0,0.0,0.0,0.0,0.0,0.0,0.0,0.0,0.0,673.0,257.0,0.0,668.0,261.0,0.0,648.0,252.0,0.0,675.0,259.0,,,,30,,Garang,Kuol,Kuol,has joined Sparta Prague permanently.,,0,0,0,0,0,0,0,0,0,0,0,0,0,,,,0.0,0.0,0.0,0.0,0.0,0,0,0
497,d,50.0,0.0,4.4,556,332.0,0,0.0,-1,1.0,2.1,136,46.0,58,0,3.1,172.0,74.0,4,271,0.0,584.0,201.0,0.0,13.2,0.0,642792,16,675664,487,0.0,0.0,1.36,2.0,3.36,13.65,0.11,0.16,0.27,1.08,275.0,208.0,88.0,214.3,157.0,108.0,132.0,211.0,119.0,62.1,201.0,102.0,,,,30,,Lewis,Miley,L.Miley,Dead leg - 50% chance of playing,,1133,1,3,2,16,0,0,0,0,0,0,11,123,,,,0.0,0.16,1.27,0.87,9.77,24,42,57
498,u,0.0,0.0,4.5,438,262.0,0,0.0,0,0.0,0.0,773,333.0,0,0,0.0,706.0,281.0,0,0,0.0,620.0,222.0,0.0,0.0,0.0,117,0,1253,0,0.0,0.0,0.0,0.0,0.0,0.0,0.0,0.0,0.0,0.0,0.0,700.0,275.0,0.0,697.0,278.0,0.0,680.0,271.0,0.0,702.0,277.0,,,,30,,Joe,White,White,has joined Bradford City on loan for the rest of the season.,,0,0,0,0,0,0,0,0,0,0,0,0,0,,,,0.0,0.0,0.0,0.0,0.0,0,0,0
500,a,100.0,100.0,5.4,180,44.0,0,0.0,-1,1.0,0.2,353,58.0,30,0,1.9,360.0,42.0,2,107,2.2,145.0,18.0,0.4,5.6,0.0,76265,183,87056,34,2.2,1.7,0.69,0.04,0.73,4.77,0.23,0.01,0.24,1.61,77.4,388.0,41.0,16.1,403.0,53.0,87.0,263.0,47.0,17.8,382.0,45.0,,,,30,,William,Osula,Osula,,,267,2,1,1,6,0,0,0,0,0,0,1,13,,,,0.0,0.34,2.02,0.34,4.38,2,1,10
501,a,,,4.3,617,87.0,0,0.0,-2,2.0,0.3,346,57.0,0,0,0.0,661.0,67.0,0,0,0.0,557.0,55.0,0.0,0.0,0.0,25926,15,36199,14,0.0,-0.5,0.0,0.0,0.0,0.0,0.0,0.0,0.0,0.0,0.0,651.0,67.0,0.0,647.0,66.0,0.0,624.0,66.0,0.0,653.0,67.0,,,,30,,Sean,Neave,Neave,,,0,0,0,0,0,0,0,0,0,0,0,0,0,,,,0.0,0.0,0.0,0.0,0.0,0,0,0
674,a,,,4.8,363,14.0,0,0.0,-2,2.0,0.7,217,29.0,20,6,2.2,310.0,29.0,0,83,2.2,143.0,13.0,0.5,4.2,0.0,114116,660,153963,21,2.2,1.7,0.0,0.0,0.0,10.87,0.0,0.0,0.0,1.33,125.8,328.0,25.0,10.0,427.0,11.0,0.0,752.0,85.0,13.6,398.0,25.0,,,,30,,Aaron,Ramsdale,Ramsdale,,,733,0,0,1,11,0,0,0,1,0,17,8,0,,,,2.09,0.12,1.35,0.98,0.0,0,7,63
684,a,,,5.0,264,41.0,0,0.0,0,0.0,4.3,86,29.0,113,8,4.2,48.0,20.0,11,360,4.0,54.0,19.0,0.8,22.6,0.0,1284084,8677,794142,204,4.0,3.5,3.74,0.88,4.62,35.56,0.15,0.03,0.18,1.39,683.8,16.0,5.0,102.9,260.0,75.0,346.0,63.0,4.0,113.0,64.0,10.0,,,,30,,Malick,Thiaw,Thiaw,,,2297,4,0,5,40,0,0,0,3,0,0,26,264,,,,0.0,0.2,1.57,1.02,9.25,29,207,95
689,a,,,4.3,621,365.0,0,0.0,-2,2.0,0.5,254,88.0,0,0,0.0,664.0,256.0,0,0,0.0,560.0,188.0,0.0,0.0,0.0,93175,69,56083,95,0.0,-0.5,0.0,0.0,0.0,0.0,0.0,0.0,0.0,0.0,0.0,654.0,246.0,0.0,650.0,251.0,0.0,627.0,240.0,0.0,656.0,248.0,,,,30,,Seung-Soo,Park,Seung soo,,,0,0,0,0,0,0,0,0,0,0,0,0,0,,,,0.0,0.0,0.0,0.0,0.0,0,0,0
714,a,100.0,100.0,6.7,47,17.0,0,0.0,-3,3.0,6.8,56,9.0,88,2,3.4,141.0,12.0,10,310,1.0,261.0,33.0,0.1,13.1,0.0,5434173,441,4749155,500,1.0,0.5,6.25,0.79,7.04,21.03,0.35,0.04,0.39,1.19,358.2,151.0,14.0,182.7,180.0,15.0,381.0,55.0,22.0,91.1,102.0,15.0,,,3.0,30,,Nick,Woltemade,Woltemade,,,1596,7,3,7,25,1,0,0,0,0,0,20,87,,,,0.0,0.39,1.41,1.13,4.91,21,25,41
753,a,,,4.0,659,39.0,0,0.0,0,0.0,0.0,691,82.0,0,0,0.0,574.0,62.0,0,0,0.0,438.0,53.0,0.0,0.0,0.0,1631,1,1025,1,0.0,-0.5,0.0,0.0,0.0,0.0,0.0,0.0,0.0,0.0,0.0,564.0,62.0,0.0,552.0,46.0,0.0,523.0,33.0,0.0,566.0,62.0,,,,30,,John,Ruddy,Ruddy,,,0,0,0,0,0,0,0,0,0,0,0,0,0,,,,0.0,0.0,0.0,0.0,0.0,0,0,0
765,a,,,4.0,714,190.0,0,0.0,0,0.0,0.0,649,229.0,0,0,0.0,616.0,230.0,0,0,0.0,484.0,194.0,0.0,0.0,0.0,3962,2,2305,5,0.0,-0.5,0.0,0.0,0.0,0.0,0.0,0.0,0.0,0.0,0.0,606.0,230.0,0.0,598.0,230.0,0.0,570.0,227.0,0.0,608.0,230.0,,,,30,,Leo,Shahar,Shahar,,,0,0,0,0,0,0,0,0,0,0,0,0,0,,,,0.0,0.0,0.0,0.0,0.0,0,0,0
772,a,,,4.5,512,316.0,0,0.0,0,0.0,0.0,776,336.0,0,0,0.0,755.0,321.0,0,0,0.0,679.0,270.0,0.0,0.0,0.0,549,2,292,1,0.0,-0.5,0.0,0.0,0.0,0.0,0.0,0.0,0.0,0.0,0.0,754.0,320.0,0.0,748.0,320.0,0.0,735.0,316.0,0.0,754.0,320.0,,,,30,,Sam,Alabi,Alabi,,,0,0,0,0,0,0,0,0,0,0,0,0,0,,,,0.0,0.0,0.0,0.0,0.0,0,0,0
12,u,0.0,0.0,4.9,304,47.0,0,0.0,-1,1.0,0.2,366,135.0,7,0,1.4,421.0,152.0,0,56,0.0,714.0,252.0,0.0,1.4,0.0,26902,0,53533,3,0.0,0.0,0.07,0.36,0.43,5.02,0.02,0.09,0.11,1.28,80.8,382.0,144.0,83.4,290.0,92.0,22.0,379.0,134.0,18.6,379.0,135.0,,,,30,,Oleksandr,Zinchenko,Zinchenko,has joined Ajax permanently.,,352,0,0,0,6,0,0,0,0,0,0,4,36,,,,0.0,0.0,1.53,1.02,6.14,10,14,17
400,d,25.0,25.0,4.7,377,16.0,0,0.0,-3,3.0,0.2,385,55.0,11,0,3.7,92.0,11.0,0,38,0.8,275.0,21.0,0.2,2.3,0.0,10973,2,24836,30,0.2,0.2,0.0,0.01,0.01,4.65,0.0,0.0,0.0,1.55,68.6,391.0,29.0,0.0,752.0,88.0,0.0,741.0,80.0,6.9,435.0,29.0,,,,30,,Stefan,Ortega Moreno,Ortega Moreno,Calf injury - 25% chance of playing,,270,0,0,1,4,0,0,0,0,0,8,3,0,,,,2.67,0.33,1.33,1.0,0.0,0,1,8
505,a,,,5.1,231,31.0,0,0.0,-4,4.0,3.1,105,39.0,81,0,2.8,225.0,90.0,1,272,1.2,229.0,85.0,0.2,15.9,0.0,351959,244,1065252,114,1.2,1.2,0.81,0.44,1.25,42.71,0.03,0.02,0.05,1.47,513.8,67.0,29.0,38.6,359.0,126.0,104.0,239.0,65.0,65.9,193.0,63.0,,,,30,,Nikola,Milenković,Milenković,,,2610,0,0,6,43,1,0,0,6,0,0,29,263,,,,0.0,0.21,1.48,1.0,8.07,20,214,81
506,a,100.0,100.0,5.2,220,29.0,0,0.0,-3,3.0,1.9,141,53.0,69,0,3.3,152.0,56.0,3,274,1.2,231.0,86.0,0.2,13.3,0.0,269346,596,800794,73,1.2,1.2,0.58,0.45,1.03,29.76,0.03,0.02,0.05,1.47,492.4,75.0,34.0,101.1,263.0,77.0,73.0,291.0,85.0,66.7,185.0,62.0,,2.0,,30,,Murillo,Costa dos Santos,Murillo,,,1819,1,0,4,28,1,0,0,4,0,0,21,226,,,,0.0,0.2,1.39,1.04,9.6,30,164,90
507,a,100.0,100.0,4.7,380,63.0,0,0.0,-3,3.0,2.3,128,50.0,38,0,2.9,203.0,79.0,3,147,0.8,276.0,99.0,0.2,8.1,0.0,322768,132,1625221,70,0.8,0.8,0.28,0.67,0.95,21.06,0.02,0.05,0.07,1.66,195.4,269.0,109.0,127.5,222.0,56.0,54.0,317.0,99.0,37.8,301.0,100.0,,,,30,,Ola,Aina,Aina,,,1139,0,1,3,17,0,0,0,3,0,0,13,106,,,,0.0,0.24,1.34,1.03,6.8,16,70,64
508,a,100.0,100.0,4.7,384,64.0,0,0.0,-3,3.0,2.8,111,44.0,84,0,3.0,190.0,74.0,9,379,1.2,223.0,83.0,0.3,17.9,0.0,398272,308,1170488,80,1.2,1.2,1.54,2.9,4.44,38.3,0.06,0.11,0.17,1.41,583.0,44.0,19.0,408.3,50.0,7.0,258.0,97.0,10.0,124.8,43.0,3.0,,,,30,,Neco,Williams,N.Williams,,,2438,1,1,6,40,0,0,0,4,1,0,28,231,,,,0.0,0.22,1.48,1.03,7.05,77,114,127
509,u,0.0,0.0,4.5,434,87.0,0,0.0,0,0.0,0.0,678,237.0,0,0,0.0,703.0,258.0,0,0,0.0,617.0,244.0,0.0,0.0,0.0,427,0,4411,0,0.0,0.0,0.0,0.0,0.0,0.0,0.0,0.0,0.0,0.0,0.0,697.0,258.0,0.0,693.0,258.0,0.0,676.0,258.0,0.0,699.0,258.0,,,,30,,David,Mota Veiga Teixeira do Carmo,David Carmo,has joined Real Oviedo on loan for the rest of the season.,,0,0,0,0,0,0,0,0,0,0,0,0,0,,,,0.0,0.0,0.0,0.0,0.0,0,0,0
510,d,75.0,75.0,4.2,645,154.0,0,0.0,-3,3.0,0.1,551,199.0,5,0,1.7,383.0,143.0,0,18,0.5,300.0,103.0,0.1,1.2,0.0,3445,1,8472,12,0.4,0.4,0.14,0.0,0.14,5.45,0.06,0.0,0.06,2.29,46.2,413.0,155.0,0.8,468.0,172.0,10.0,406.0,150.0,5.6,441.0,159.0,,,,30,,Jair,Paula da Cunha Filho,Jair Cunha,Foot injury - 75% chance of playing,,214,0,0,0,4,0,0,0,0,0,0,2,21,,,,0.0,0.0,1.68,0.84,8.41,4,16,3
511,a,,,4.3,593,135.0,0,0.0,-2,2.0,0.1,506,181.0,35,0,2.3,296.0,111.0,1,145,0.2,341.0,123.0,0.0,8.1,0.0,9264,4,13426,5,0.2,0.2,0.83,0.08,0.91,14.83,0.08,0.01,0.09,1.42,233.8,237.0,92.0,20.8,393.0,143.0,59.0,311.0,94.0,31.4,328.0,112.0,,,,30,,Felipe,Rodrigues da Silva,Morato,,,938,0,0,2,17,0,0,0,4,0,0,10,124,,,,0.0,0.19,1.63,0.96,9.79,24,78,46
512,u,0.0,0.0,4.5,419,80.0,0,0.0,0,0.0,0.0,683,239.0,0,0,0.0,695.0,256.0,0,0,0.0,606.0,241.0,0.0,0.0,0.0,345,0,4129,1,0.0,0.0,0.0,0.0,0.0,0.0,0.0,0.0,0.0,0.0,0.0,689.0,256.0,0.0,684.0,256.0,0.0,665.0,255.0,0.0,691.0,256.0,,,,30,,Omar,Richards,O.Richards,has joined Rio Ave on loan for the rest of the season.,,0,0,0,0,0,0,0,0,0,0,0,0,0,,,,0.0,0.0,0.0,0.0,0.0,0,0,0
513,a,,,3.8,807,254.0,0,0.0,-2,2.0,0.3,337,124.0,2,0,1.0,451.0,164.0,0,1,0.0,395.0,155.0,0.0,0.5,0.0,29220,11,29515,15,0.0,0.0,0.0,0.01,0.01,3.13,0.0,0.01,0.01,2.35,25.4,439.0,163.0,6.3,438.0,158.0,0.0,479.0,190.0,3.2,459.0,166.0,,,,30,,Zach,Abbott,Abbott,,,120,0,0,0,4,0,0,0,0,0,0,1,10,,,,0.0,0.0,3.0,0.75,7.5,2,8,8
514,i,0.0,0.0,3.8,785,233.0,0,0.0,-2,2.0,0.4,294,110.0,0,0,0.0,521.0,184.0,0,0,0.0,376.0,137.0,0.0,0.0,0.0,42692,4,66059,28,0.0,0.0,0.0,0.0,0.0,0.0,0.0,0.0,0.0,0.0,0.0,511.0,184.0,0.0,496.0,183.0,0.0,464.0,176.0,0.0,513.0,184.0,,,,30,,Willy,Boly,Boly,Knee injury - Unknown return date,,0,0,0,0,0,0,0,0,0,0,0,0,0,,,,0.0,0.0,0.0,0.0,0.0,0,0,0
515,a,100.0,100.0,7.3,26,16.0,0,0.0,-2,2.0,4.5,80,26.0,122,0,4.2,56.0,24.0,11,483,4.8,36.0,15.0,0.7,16.7,0.0,1038561,3952,1128938,303,4.8,4.8,7.62,2.11,9.73,40.2,0.28,0.08,0.36,1.46,531.0,62.0,17.0,641.9,14.0,14.0,588.0,21.0,9.0,175.9,13.0,9.0,,3.0,2.0,30,,Morgan,Gibbs-White,Gibbs-White,,,2477,8,2,7,39,0,0,0,1,0,0,28,140,,,,0.0,0.25,1.42,1.02,5.09,15,39,86
516,a,100.0,100.0,5.7,114,72.0,0,0.0,-3,3.0,0.7,221,77.0,74,0,2.7,240.0,98.0,6,311,2.2,146.0,60.0,0.4,13.0,0.0,268181,118,337984,38,2.2,2.2,2.69,2.34,5.03,28.34,0.15,0.13,0.28,1.56,312.8,181.0,73.0,528.2,25.0,24.0,300.0,80.0,49.0,113.8,60.0,40.0,,,,30,,Callum,Hudson-Odoi,Hudson-Odoi,,,1634,3,2,5,25,0,0,0,0,0,0,18,97,,,,0.0,0.28,1.38,0.99,5.34,13,20,64
517,a,,,5.5,141,87.0,0,0.0,0,0.0,8.2,42,15.0,131,0,4.5,33.0,15.0,10,602,4.5,42.0,19.0,0.8,23.8,0.0,1598724,5116,1289641,347,4.5,4.5,2.45,3.17,5.62,41.51,0.08,0.11,0.19,1.44,669.0,20.0,6.0,752.8,6.0,6.0,232.0,106.0,66.0,165.7,16.0,12.0,1.0,1.0,4.0,30,,Elliot,Anderson,Anderson,,,2596,2,3,7,42,0,0,0,5,0,0,29,406,,,,0.0,0.24,1.46,1.01,14.08,83,80,243
518,u,0.0,0.0,5.4,176,109.0,0,0.0,-1,1.0,0.0,619,241.0,1,0,1.0,501.0,234.0,0,6,0.0,781.0,341.0,0.0,0.2,0.0,1029,0,9146,1,0.0,0.0,0.0,0.0,0.0,0.0,0.0,0.0,0.0,0.0,5.0,475.0,215.0,0.5,476.0,229.0,4.0,437.0,216.0,1.0,485.0,223.0,,,,30,,João Pedro,Ferreira da Silva,Jota,has joined Besiktas on loan for the rest of the season.,,11,0,0,0,0,0,0,0,0,0,0,0,3,,,,0.0,0.0,0.0,0.0,24.55,2,1,0
519,a,100.0,100.0,5.0,258,156.0,0,0.0,0,0.0,0.0,632,246.0,36,0,2.0,335.0,147.0,3,157,0.8,287.0,131.0,0.2,7.2,0.0,5176,1,3908,4,0.8,0.8,1.09,0.44,1.53,16.99,0.11,0.04,0.15,1.73,182.6,278.0,118.0,153.5,201.0,129.0,119.0,224.0,125.0,45.6,270.0,135.0,,,,30,,Nicolás,Domínguez,Dominguez,,,886,1,0,3,18,0,0,0,2,0,0,13,97,,,,0.0,0.3,1.83,1.32,9.85,38,19,40
520,u,0.0,0.0,5.0,256,155.0,0,0.0,0,0.0,0.0,815,363.0,0,0,0.0,785.0,343.0,0,0,0.0,741.0,313.0,0.0,0.0,0.0,0,0,118,0,0.0,0.0,0.0,0.0,0.0,0.0,0.0,0.0,0.0,0.0,0.0,784.0,342.0,0.0,781.0,342.0,0.0,778.0,340.0,0.0,784.0,342.0,,,,30,,Lewis,O'Brien,O'Brien,Has joined Wrexham permanently.,,0,0,0,0,0,0,0,0,0,0,0,0,0,,,,0.0,0.0,0.0,0.0,0.0,0,0,0
521,a,100.0,100.0,4.9,308,192.0,0,0.0,-1,1.0,0.1,544,198.0,68,0,3.2,157.0,70.0,2,285,1.8,178.0,73.0,0.4,13.9,0.0,11099,4,12897,7,1.8,1.8,1.16,1.47,2.63,26.69,0.07,0.08,0.15,1.52,330.2,169.0,65.0,142.3,208.0,136.0,116.0,226.0,126.0,59.0,211.0,105.0,,,,30,,Ibrahim,Sangaré,Sangaré,,,1584,2,2,6,22,0,0,0,4,0,0,19,188,,,,0.0,0.34,1.25,1.08,10.68,46,66,76
522,a,100.0,100.0,4.7,383,239.0,0,0.0,-3,3.0,0.1,549,200.0,18,0,1.3,432.0,193.0,0,75,0.2,347.0,153.0,0.0,3.8,0.0,9952,3,19242,3,0.2,0.2,0.21,0.19,0.4,4.48,0.05,0.05,0.1,1.1,71.6,390.0,173.0,48.4,344.0,184.0,34.0,352.0,182.0,15.1,390.0,180.0,,,,30,,Ryan,Yates,Yates,,,368,0,1,0,5,0,0,0,1,0,0,1,36,,,,0.0,0.0,1.22,0.24,8.8,8,17,11
527,a,100.0,100.0,5.2,208,48.0,0,0.0,-3,3.0,0.3,326,52.0,15,0,1.5,414.0,49.0,1,60,0.5,317.0,40.0,0.1,2.9,0.0,36401,15,93347,11,0.5,0.5,1.05,0.39,1.44,4.46,0.43,0.16,0.59,1.81,52.4,409.0,45.0,41.8,354.0,43.0,105.0,235.0,44.0,19.8,372.0,44.0,,,,30,,Taiwo,Awoniyi,Awoniyi,,,222,1,0,0,2,0,0,0,0,0,0,1,13,,,,0.0,0.0,0.81,0.41,5.27,1,4,8
669,d,75.0,75.0,5.5,148,93.0,0,0.0,-5,5.0,0.7,220,76.0,47,0,2.2,312.0,136.0,4,168,0.5,321.0,146.0,0.1,8.5,0.0,544930,0,574356,27,0.4,0.4,1.05,1.51,2.56,15.55,0.09,0.12,0.21,1.26,165.0,293.0,129.0,216.0,155.0,106.0,178.0,156.0,86.0,56.1,227.0,112.0,4.0,,,30,,Dan,Ndoye,Ndoye,Knock - 75% chance of playing,,1111,1,2,2,17,0,0,0,1,0,0,14,94,,,,0.0,0.16,1.38,1.13,7.61,22,23,49
675,a,100.0,100.0,4.0,664,43.0,0,0.0,0,0.0,1.1,181,23.0,1,0,1.0,453.0,34.0,0,4,0.0,442.0,56.0,0.0,0.2,0.0,30436,5,100750,26,0.0,0.0,0.0,0.0,0.0,0.21,0.0,0.0,0.0,0.42,1.2,494.0,34.0,0.0,557.0,50.0,0.0,528.0,37.0,0.1,505.0,34.0,,,,30,,Angus,Gunn,Gunn,,,45,0,0,0,0,0,0,0,0,0,0,0,0,,,,0.0,0.0,0.0,0.0,0.0,0,1,4
693,a,,,5.4,175,108.0,0,0.0,-1,1.0,0.1,527,191.0,60,0,2.7,237.0,97.0,3,237,1.0,253.0,114.0,0.2,11.1,0.0,32649,8,27877,10,1.0,1.0,1.72,2.99,4.71,17.33,0.13,0.23,0.36,1.35,244.8,230.0,100.0,401.6,52.0,43.0,275.0,89.0,56.0,91.9,101.0,61.0,2.0,,,30,,Omari,Hutchinson,Hutchinson,,,1153,1,5,4,17,0,0,0,0,0,0,11,90,,,,0.0,0.31,1.33,0.86,7.03,17,13,60
696,u,0.0,0.0,6.0,90,28.0,0,0.0,0,0.0,0.1,448,65.0,9,0,1.0,504.0,61.0,0,24,0.0,800.0,85.0,0.0,1.5,0.0,15291,0,18338,2,0.0,0.0,0.44,0.02,0.46,1.57,0.44,0.02,0.46,1.59,6.8,470.0,56.0,17.7,400.0,52.0,39.0,340.0,53.0,6.3,438.0,56.0,,,,30,,Arnaud,Kalimuendo,Kalimuendo,has joined Eintracht Frankfurt on loan for the rest of the season.,,89,0,0,0,3,0,0,0,0,0,0,0,6,,,,0.0,0.0,3.03,0.0,6.07,1,1,4
715,i,0.0,0.0,4.0,672,46.0,0,0.0,0,0.0,0.3,306,41.0,11,0,2.2,305.0,27.0,0,32,0.0,448.0,59.0,0.0,2.8,0.0,66209,6,47248,50,0.0,0.0,0.0,0.0,0.0,6.13,0.0,0.0,0.0,1.26,56.4,407.0,31.0,0.0,563.0,53.0,0.0,534.0,40.0,5.7,440.0,31.0,,,,30,,John Victor,Maciel Furtado,John,Knee injury - Expected back 01 Jun,,437,0,0,1,8,0,0,0,1,0,6,5,0,,,,1.24,0.21,1.65,1.03,0.0,0,4,26
716,i,0.0,0.0,4.5,451,91.0,0,0.0,0,0.0,0.1,572,205.0,39,0,2.8,217.0,85.0,0,131,0.0,628.0,245.0,0.0,8.7,0.0,46681,1,44114,7,0.0,0.0,1.34,0.45,1.79,15.04,0.12,0.04,0.16,1.32,216.6,255.0,104.0,123.2,226.0,58.0,94.0,252.0,70.0,43.5,276.0,91.0,,,,30,,Nicolò,Savona,Savona,Knee injury - Unknown return date,,1025,2,0,3,18,0,0,0,2,0,0,11,69,,,,0.0,0.26,1.58,0.97,5.0,20,37,27
729,u,0.0,0.0,4.5,471,93.0,0,0.0,0,0.0,0.0,813,266.0,0,0,0.0,726.0,259.0,0,0,0.0,645.0,246.0,0.0,0.0,0.0,94,0,117,1,0.0,0.0,0.0,0.0,0.0,0.0,0.0,0.0,0.0,0.0,0.0,723.0,259.0,0.0,718.0,259.0,0.0,704.0,259.0,0.0,724.0,259.0,,,,30,,Luis Eduardo,Soares da Silva,Cuiabano,has joined Vasco de Gama on loan for the rest of the season.,,0,0,0,0,0,0,0,0,0,0,0,0,0,,,,0.0,0.0,0.0,0.0,0.0,0,0,0
734,a,100.0,100.0,5.9,101,66.0,0,0.0,-1,1.0,0.0,675,272.0,14,0,1.4,425.0,190.0,0,55,0.5,324.0,147.0,0.1,2.4,0.0,4545,6,4132,2,0.5,0.5,0.5,0.68,1.18,6.73,0.13,0.18,0.31,1.77,49.8,412.0,181.0,113.9,242.0,152.0,78.0,280.0,153.0,23.8,354.0,170.0,3.0,,,30,,Dilane,Bakwa,Bakwa,,,342,0,1,0,8,0,0,0,1,0,0,3,26,,,,0.0,0.0,2.11,0.79,6.84,2,3,21
805,a,,,5.5,149,36.0,0,0.0,0,0.0,0.0,688,87.0,8,0,2.7,238.0,25.0,0,34,0.2,364.0,45.0,0.0,1.5,0.0,5656,4,3605,9,0.2,0.2,0.72,0.01,0.73,1.87,0.54,0.01,0.55,1.41,37.2,423.0,49.0,12.7,411.0,54.0,31.0,359.0,54.0,7.9,430.0,55.0,,,,30,,Lorenzo,Lucca,Lucca,,,119,1,0,1,1,0,0,0,0,0,0,1,5,,,,0.0,0.76,0.76,0.76,3.78,0,4,1
814,a,,,4.5,441,88.0,0,0.0,0,0.0,0.0,786,262.0,2,0,1.0,474.0,171.0,0,8,0.2,345.0,126.0,0.0,0.4,0.0,391,2,164,0,0.2,0.2,0.0,0.36,0.36,0.05,0.0,0.68,0.68,0.09,7.8,468.0,170.0,1.7,457.0,167.0,2.0,448.0,169.0,1.1,482.0,171.0,,,,30,,Luca,Netz,Netz,,,48,0,0,0,0,0,0,0,0,0,0,0,1,,,,0.0,0.0,0.0,0.0,1.88,0,1,3
528,u,0.0,0.0,4.2,632,34.0,0,0.0,-3,3.0,0.2,407,61.0,0,0,0.0,638.0,88.0,0,0,0.0,516.0,83.0,0.0,0.0,0.0,10565,0,34469,5,0.0,0.0,0.0,0.0,0.0,0.0,0.0,0.0,0.0,0.0,0.0,629.0,88.0,0.0,622.0,78.0,0.0,597.0,66.0,0.0,631.0,88.0,,,,30,,Anthony,Patterson,Patterson,has joined Millwall on loan for the rest of the season.,,0,0,0,0,0,0,0,0,0,0,0,0,0,,,,0.0,0.0,0.0,0.0,0.0,0,0,0
529,a,,,3.9,742,69.0,0,0.0,-1,1.0,0.4,290,39.0,0,0,0.0,541.0,39.0,0,0,0.0,403.0,30.0,0.0,0.0,0.0,18759,4,34138,17,0.0,0.0,0.0,0.0,0.0,0.0,0.0,0.0,0.0,0.0,0.0,531.0,39.0,0.0,518.0,22.0,0.0,488.0,9.0,0.0,533.0,39.0,,,,30,,Simon,Moore,Moore,,,0,0,0,0,0,0,0,0,0,0,0,0,0,,,,0.0,0.0,0.0,0.0,0.0,0,0,0
530,u,0.0,0.0,3.9,769,86.0,0,0.0,-1,1.0,0.1,459,70.0,0,0,0.0,561.0,56.0,0,0,0.0,425.0,47.0,0.0,0.0,0.0,7473,0,13279,10,0.0,0.0,0.0,0.0,0.0,0.0,0.0,0.0,0.0,0.0,0.0,551.0,56.0,0.0,538.0,39.0,0.0,508.0,26.0,0.0,553.0,56.0,,,,30,,Blondy,Nna Noukeu,Nna Noukeu,has joined US Boulogne CO permanently.,,0,0,0,0,0,0,0,0,0,0,0,0,0,,,,0.0,0.0,0.0,0.0,0.0,0,0,0
531,d,75.0,100.0,4.7,385,65.0,0,0.0,2,-2.0,4.1,90,30.0,118,4,4.5,30.0,10.0,9,363,5.2,19.0,7.0,1.1,25.1,0.0,1236605,2589,978057,332,5.2,5.2,2.42,0.58,3.0,30.98,0.11,0.03,0.14,1.39,612.4,36.0,14.0,153.6,200.0,51.0,348.0,62.0,3.0,111.5,68.0,11.0,,,,30,,Daniel,Ballard,Ballard,Hamstring injury - 75% chance of playing,,2004,2,2,6,28,0,0,0,3,0,0,22,266,,,,0.0,0.27,1.26,0.99,11.41,31,223,66
532,a,,,4.5,443,89.0,0,0.0,0,0.0,0.3,299,112.0,87,2,2.9,201.0,78.0,6,309,3.2,81.0,30.0,0.7,19.3,0.0,79270,42,70722,29,3.2,3.2,1.62,1.01,2.63,40.42,0.06,0.04,0.1,1.46,386.6,131.0,59.0,269.8,116.0,30.0,178.0,155.0,32.0,82.5,130.0,40.0,2.0,,,30,,Trai,Hume,Hume,,,2489,0,1,8,32,0,0,0,7,0,0,28,197,,,,0.0,0.29,1.16,1.01,6.15,56,114,83
533,u,0.0,0.0,4.0,671,166.0,0,0.0,0,0.0,0.0,791,263.0,0,0,0.0,582.0,213.0,0,0,0.0,447.0,175.0,0.0,0.0,0.0,611,0,862,0,0.0,0.0,0.0,0.0,0.0,0.0,0.0,0.0,0.0,0.0,0.0,572.0,213.0,0.0,562.0,213.0,0.0,533.0,209.0,0.0,574.0,213.0,,,,30,,Aji,Alese,Alese,has joined Portsmouth on loan for the rest of the season.,,0,0,0,0,0,0,0,0,0,0,0,0,0,,,,0.0,0.0,0.0,0.0,0.0,0,0,0
534,u,0.0,0.0,3.8,789,236.0,0,0.0,-2,2.0,0.3,312,115.0,0,0,0.0,523.0,185.0,0,0,0.0,378.0,138.0,0.0,0.0,0.0,39413,0,65021,15,0.0,0.0,0.0,0.0,0.0,0.0,0.0,0.0,0.0,0.0,0.0,513.0,185.0,0.0,498.0,184.0,0.0,467.0,178.0,0.0,515.0,185.0,,,,30,,Joe,Anderson,Anderson,has joined Barrow FC permanently.,,0,0,0,0,0,0,0,0,0,0,0,0,0,,,,0.0,0.0,0.0,0.0,0.0,0,0,0
535,a,100.0,75.0,4.0,682,171.0,0,0.0,0,0.0,0.0,599,213.0,14,1,2.0,327.0,120.0,0,44,0.2,334.0,116.0,0.0,3.5,0.0,7356,0,6895,6,0.2,0.2,0.12,0.02,0.14,6.04,0.04,0.01,0.05,1.81,58.2,406.0,154.0,8.7,431.0,155.0,2.0,440.0,164.0,6.8,436.0,157.0,,,,30,,Dennis,Cirkin,Cirkin,,,301,0,0,1,2,0,0,0,1,0,0,3,26,,,,0.0,0.3,0.6,0.9,7.77,8,18,8
536,u,0.0,0.0,4.0,690,174.0,0,0.0,0,0.0,0.0,724,252.0,0,0,0.0,598.0,219.0,0,0,0.0,464.0,181.0,0.0,0.0,0.0,1255,0,1493,2,0.0,0.0,0.0,0.0,0.0,0.0,0.0,0.0,0.0,0.0,0.0,588.0,219.0,0.0,579.0,219.0,0.0,550.0,215.0,0.0,590.0,219.0,,,,30,,Leo Fuhr,Hjelde,Hjelde,has joined Sheffield United on loan for the rest of the season.,,0,0,0,0,0,0,0,0,0,0,0,0,0,,,,0.0,0.0,0.0,0.0,0.0,0,0,0
537,u,0.0,0.0,4.0,692,175.0,0,0.0,0,0.0,0.1,542,194.0,0,0,0.0,600.0,220.0,0,0,0.0,466.0,182.0,0.0,0.0,0.0,1038,0,16188,1,0.0,0.0,0.0,0.0,0.0,0.0,0.0,0.0,0.0,0.0,0.0,590.0,220.0,0.0,581.0,220.0,0.0,552.0,216.0,0.0,592.0,220.0,,,,30,,Niall,Huggins,Huggins,has joined Wycombe Wanderers on loan for the rest of the season.,,0,0,0,0,0,0,0,0,0,0,0,0,0,,,,0.0,0.0,0.0,0.0,0.0,0,0,0
538,u,0.0,0.0,3.8,801,248.0,0,0.0,-2,2.0,0.2,371,137.0,0,0,0.0,530.0,192.0,0,0,0.0,389.0,149.0,0.0,0.0,0.0,23261,0,33206,17,0.0,0.0,0.0,0.0,0.0,0.0,0.0,0.0,0.0,0.0,0.0,520.0,192.0,0.0,505.0,191.0,0.0,474.0,185.0,0.0,522.0,192.0,,,,30,,Zak,Johnson,Johnson,has joined York City on loan for the rest of the season.,,0,0,0,0,0,0,0,0,0,0,0,0,0,,,,0.0,0.0,0.0,0.0,0.0,0,0,0
539,a,100.0,100.0,4.0,669,164.0,0,0.0,0,0.0,0.1,540,192.0,8,1,1.1,443.0,159.0,0,30,1.5,195.0,72.0,0.4,2.0,0.0,7705,8,7585,4,1.5,1.5,0.0,0.04,0.04,2.42,0.0,0.03,0.03,1.58,10.4,459.0,167.0,2.2,455.0,166.0,2.0,439.0,163.0,1.5,473.0,169.0,,,,30,,Luke,O'Nien,O'Nien,,,138,0,0,1,0,0,0,0,1,1,0,1,9,,,,0.0,0.65,0.0,0.65,5.87,3,6,5
540,u,0.0,0.0,3.9,763,222.0,0,0.0,-1,1.0,0.3,329,120.0,0,0,0.0,556.0,202.0,0,0,0.0,420.0,164.0,0.0,0.0,0.0,47547,0,47892,8,0.0,0.0,0.0,0.0,0.0,0.0,0.0,0.0,0.0,0.0,0.0,546.0,202.0,0.0,533.0,202.0,0.0,503.0,197.0,0.0,548.0,202.0,,,,30,,Timothée,Pembélé,Pembele,has joined Le Havre AC on loan for the rest of the season.,,0,0,0,0,0,0,0,0,0,0,0,0,0,,,,0.0,0.0,0.0,0.0,0.0,0,0,0
541,d,75.0,0.0,3.8,792,239.0,0,0.0,-2,2.0,2.9,110,43.0,51,0,3.0,185.0,70.0,5,181,0.0,380.0,140.0,0.0,13.4,0.0,614991,4,1055846,586,0.0,0.0,0.13,0.46,0.59,19.99,0.01,0.03,0.04,1.26,285.4,201.0,79.0,94.0,271.0,81.0,37.0,342.0,112.0,41.8,285.0,93.0,,,,30,,Reinildo,Mandava,Reinildo,Knee injury - 75% chance of playing,,1427,0,2,4,20,0,0,0,6,1,0,17,141,,,,0.0,0.25,1.26,1.07,7.69,27,95,67
542,u,0.0,0.0,4.0,710,187.0,0,0.0,0,0.0,0.1,505,180.0,2,0,1.0,454.0,165.0,0,11,0.0,480.0,191.0,0.0,0.5,0.0,3016,0,25258,0,0.0,0.0,0.0,0.01,0.01,1.33,0.0,0.01,0.01,0.9,33.6,429.0,160.0,2.4,453.0,165.0,0.0,566.0,224.0,3.6,456.0,164.0,,,,30,,Jenson,Seelt,Seelt,has joined Wolfsburg on loan for the rest of the season.,,133,0,0,0,2,0,0,0,0,0,0,1,18,,,,0.0,0.0,1.35,0.68,8.12,4,8,6
543,u,0.0,0.0,4.9,339,210.0,0,0.0,-6,6.0,0.3,295,101.0,34,0,2.4,287.0,124.0,3,81,0.0,731.0,306.0,0.0,6.9,0.0,90681,0,230724,12,0.0,0.0,0.35,0.62,0.97,11.3,0.05,0.09,0.14,1.57,81.4,380.0,170.0,116.8,235.0,148.0,75.0,288.0,157.0,27.0,346.0,167.0,,,,30,,Simon,Adingra,Adingra,has joined AS Monaco on loan for the rest of the season.,,649,1,1,4,8,0,0,0,2,0,0,9,45,,,,0.0,0.55,1.11,1.25,6.24,11,13,21
544,a,100.0,100.0,5.3,201,124.0,0,0.0,-2,2.0,0.1,442,148.0,46,2,3.5,122.0,57.0,3,136,4.0,57.0,26.0,0.8,8.7,0.0,20053,35,19800,50,4.0,4.0,2.05,0.48,2.53,14.53,0.18,0.04,0.22,1.29,110.2,348.0,155.0,67.4,309.0,173.0,155.0,182.0,101.0,32.6,323.0,158.0,,,1.0,30,,Habib,Diarra,Diarra,,,1015,2,3,4,10,0,0,0,4,0,0,11,56,,,,0.0,0.35,0.89,0.98,4.97,10,16,30
545,u,0.0,0.0,5.4,158,98.0,0,0.0,-1,1.0,0.0,729,303.0,1,0,1.0,500.0,233.0,0,4,0.0,772.0,335.0,0.0,0.2,0.0,462,0,4082,0,0.0,0.0,0.03,0.02,0.05,0.66,0.1,0.07,0.17,2.2,1.8,491.0,226.0,7.3,434.0,210.0,5.0,430.0,210.0,1.4,479.0,221.0,,,,30,,Patrick,Roberts,Roberts,has joined Birmingham City permanently.,,27,0,0,0,1,0,0,0,0,0,0,0,1,,,,0.0,0.0,3.33,0.0,3.33,0,0,1
546,a,100.0,100.0,4.9,345,216.0,0,0.0,-1,1.0,0.0,695,283.0,0,0,0.0,781.0,340.0,0,0,0.0,735.0,310.0,0.0,0.0,0.0,483,0,3480,0,0.0,0.0,0.0,0.0,0.0,0.0,0.0,0.0,0.0,0.0,0.0,780.0,339.0,0.0,776.0,339.0,0.0,772.0,337.0,0.0,780.0,339.0,,,,30,,Milan,Aleksić,Aleksić,,,0,0,0,0,0,0,0,0,0,0,0,0,0,,,,0.0,0.0,0.0,0.0,0.0,0,0,0
547,d,75.0,100.0,5.0,267,162.0,0,0.0,0,0.0,1.4,164,57.0,107,0,3.8,81.0,35.0,8,430,4.2,48.0,22.0,0.8,21.4,0.0,384453,127,253640,424,4.2,4.2,4.58,2.93,7.51,37.38,0.18,0.11,0.29,1.47,533.2,59.0,15.0,566.5,22.0,22.0,199.0,134.0,78.0,130.0,35.0,25.0,3.0,2.0,2.0,30,,Enzo,Le Fée,E.Le Fée,Knock - 75% chance of playing,,2295,4,4,8,31,0,0,1,5,0,0,26,246,,,,0.0,0.31,1.22,1.02,9.65,67,63,116
548,i,0.0,0.0,4.9,329,204.0,0,0.0,-1,1.0,0.0,752,319.0,14,0,1.0,490.0,224.0,0,42,0.2,354.0,158.0,0.0,2.9,0.0,1127,0,1625,1,0.0,0.0,0.87,0.48,1.35,8.54,0.2,0.11,0.31,1.93,29.4,433.0,191.0,33.6,369.0,189.0,69.0,295.0,159.0,12.7,405.0,183.0,,,,30,,Romaine,Mundle,Mundle,Hamstring injury - Expected back 18 Apr,,399,0,0,0,11,0,0,0,1,0,0,2,33,,,,0.0,0.0,2.48,0.45,7.44,5,6,22
549,u,0.0,0.0,4.8,362,226.0,0,0.0,-2,2.0,0.0,655,260.0,3,0,1.0,488.0,223.0,0,10,0.0,698.0,283.0,0.0,0.6,0.0,1972,0,4663,2,0.0,0.0,0.0,0.0,0.0,0.64,0.0,0.0,0.0,4.43,3.0,484.0,222.0,1.4,463.0,223.0,0.0,751.0,324.0,0.4,495.0,227.0,,,,30,,Dan,Neil,Neil,has joined Ipswich Town on loan for the rest of the season.,,13,0,0,0,0,0,0,0,0,0,0,0,2,,,,0.0,0.0,0.0,0.0,13.85,0,2,0
550,a,,,4.8,359,225.0,0,0.0,-2,2.0,0.0,663,267.0,0,0,0.0,763.0,327.0,0,0,0.0,695.0,282.0,0.0,0.0,0.0,1085,0,2769,2,0.0,0.0,0.0,0.0,0.0,0.0,0.0,0.0,0.0,0.0,0.0,762.0,326.0,0.0,757.0,326.0,0.0,750.0,323.0,0.0,762.0,326.0,,,,30,,Ian,Poveda-Ocampo,Poveda,,,0,0,0,0,0,0,0,0,0,0,0,0,0,,,,0.0,0.0,0.0,0.0,0.0,0,0,0
551,a,,,4.7,393,245.0,0,0.0,-3,3.0,0.0,597,225.0,18,2,1.5,409.0,180.0,0,59,0.8,278.0,124.0,0.2,3.8,0.0,5861,6,9277,4,0.8,0.8,0.44,0.36,0.8,6.98,0.08,0.07,0.15,1.35,20.2,446.0,197.0,48.4,345.0,185.0,21.0,381.0,192.0,8.9,424.0,190.0,,,,30,,Chris,Rigg,Rigg,,,466,0,0,2,3,0,0,0,0,0,0,7,35,,,,0.0,0.39,0.58,1.35,6.76,7,9,19
552,a,100.0,100.0,4.9,342,213.0,0,0.0,-1,1.0,0.1,562,207.0,60,2,2.4,288.0,125.0,0,311,2.0,165.0,68.0,0.4,12.2,0.0,11036,5,12135,7,2.0,2.0,0.46,0.95,1.41,31.91,0.02,0.04,0.06,1.3,255.8,222.0,96.0,201.9,165.0,112.0,65.0,299.0,161.0,52.4,241.0,121.0,,,,30,,Noah,Sadiki,Sadiki,,,2204,0,1,7,29,0,0,0,6,0,0,25,193,,,,0.0,0.29,1.18,1.02,7.88,37,74,82
553,a,100.0,100.0,4.9,340,211.0,0,0.0,-1,1.0,0.2,412,140.0,67,2,3.0,192.0,81.0,5,202,1.0,247.0,109.0,0.2,13.7,0.0,60533,7,71039,8,1.0,1.0,1.48,0.84,2.31,17.13,0.11,0.06,0.17,1.25,178.2,283.0,122.0,171.7,186.0,124.0,160.0,175.0,96.0,50.5,254.0,129.0,,,,30,,Chemsdine,Talbi,Talbi,,,1230,3,2,6,11,0,0,0,0,0,0,13,74,,,,0.0,0.44,0.8,0.95,5.41,8,17,49
554,a,,,4.3,592,347.0,0,0.0,-2,2.0,0.3,304,104.0,0,0,0.0,649.0,244.0,0,0,0.0,538.0,173.0,0.0,0.0,0.0,81793,7,78938,26,0.0,0.0,0.0,0.0,0.0,0.0,0.0,0.0,0.0,0.0,0.0,639.0,234.0,0.0,634.0,239.0,0.0,610.0,227.0,0.0,641.0,236.0,,,,30,,Abdoullah,Ba,Ba,,,0,0,0,0,0,0,0,0,0,0,0,0,0,,,,0.0,0.0,0.0,0.0,0.0,0,0,0
555,u,0.0,0.0,4.5,413,252.0,0,0.0,0,0.0,0.0,647,256.0,0,0,0.0,693.0,272.0,0,0,0.0,602.0,212.0,0.0,0.0,0.0,1291,0,9850,1,0.0,0.0,0.0,0.0,0.0,0.0,0.0,0.0,0.0,0.0,0.0,687.0,266.0,0.0,681.0,269.0,0.0,662.0,261.0,0.0,689.0,268.0,,,,30,,Alan,Browne,Browne,has joined Middlesbrough on loan for the rest of the season.,,0,0,0,0,0,0,0,0,0,0,0,0,0,,,,0.0,0.0,0.0,0.0,0.0,0,0,0
556,u,0.0,0.0,4.5,436,260.0,0,0.0,0,0.0,0.0,774,334.0,0,0,0.0,704.0,279.0,0,0,0.0,618.0,220.0,0.0,0.0,0.0,0,0,1805,0,0.0,0.0,0.0,0.0,0.0,0.0,0.0,0.0,0.0,0.0,0.0,698.0,273.0,0.0,695.0,276.0,0.0,678.0,269.0,0.0,700.0,275.0,,,,30,,Pierre,Ekwah Elimby,Ekwah,Has joined AS Saint-Etienne permanently.,,0,0,0,0,0,0,0,0,0,0,0,0,0,,,,0.0,0.0,0.0,0.0,0.0,0,0,0
557,a,,,4.3,609,355.0,0,0.0,-2,2.0,0.1,535,195.0,0,0,0.0,656.0,249.0,0,0,0.0,551.0,181.0,0.0,0.0,0.0,8875,5,10531,8,0.0,0.0,0.0,0.0,0.0,0.0,0.0,0.0,0.0,0.0,0.0,646.0,239.0,0.0,642.0,244.0,0.0,619.0,233.0,0.0,648.0,241.0,,,,30,,Harrison,Jones,H.Jones,,,0,0,0,0,0,0,0,0,0,0,0,0,0,,,,0.0,0.0,0.0,0.0,0.0,0,0,0
558,u,0.0,0.0,4.3,599,350.0,0,0.0,-2,2.0,0.2,398,134.0,0,0,0.0,651.0,246.0,0,0,0.0,543.0,176.0,0.0,0.0,0.0,30710,0,45515,9,0.0,0.0,0.0,0.0,0.0,0.0,0.0,0.0,0.0,0.0,0.0,641.0,236.0,0.0,636.0,241.0,0.0,612.0,229.0,0.0,643.0,238.0,,,,30,,Jay,Matete,Matete,has joined MK Dons permanently.,,0,0,0,0,0,0,0,0,0,0,0,0,0,,,,0.0,0.0,0.0,0.0,0.0,0,0,0
559,u,0.0,0.0,4.4,547,326.0,0,0.0,-1,1.0,0.0,646,255.0,0,0,0.0,674.0,261.0,0,0,0.0,576.0,195.0,0.0,0.0,0.0,2951,0,8645,0,0.0,0.0,0.0,0.0,0.0,0.0,0.0,0.0,0.0,0.0,0.0,665.0,252.0,0.0,661.0,257.0,0.0,639.0,246.0,0.0,667.0,254.0,,,,30,,Nectarios,Triantis,Triantis,has joined Minnesota United permanently.,,0,0,0,0,0,0,0,0,0,0,0,0,0,,,,0.0,0.0,0.0,0.0,0.0,0,0,0
560,a,100.0,100.0,5.1,234,52.0,0,0.0,-4,4.0,1.4,168,26.0,60,0,2.3,299.0,31.0,7,193,1.5,207.0,26.0,0.3,11.8,0.0,967810,64,874874,135,1.5,1.5,3.73,0.17,3.9,17.94,0.32,0.01,0.33,1.53,168.8,291.0,28.0,24.2,389.0,51.0,384.0,52.0,20.0,57.6,219.0,27.0,,,,30,,Wilson,Isidor,Isidor,,,1056,4,1,4,15,0,0,0,1,0,0,11,44,,,,0.0,0.34,1.28,0.94,3.75,9,16,19
561,a,,,5.2,218,50.0,0,0.0,-3,3.0,0.5,251,38.0,38,1,2.1,324.0,34.0,5,118,3.0,93.0,11.0,0.6,7.3,0.0,271847,46,306994,33,3.0,3.0,2.13,0.22,2.35,12.63,0.26,0.03,0.29,1.52,115.6,344.0,35.0,53.5,336.0,40.0,188.0,148.0,37.0,35.3,311.0,37.0,,,,30,,Eliezer,Mayenda Dossou,Mayenda,,,749,2,0,3,9,0,0,0,0,0,0,8,26,,,,0.0,0.36,1.08,0.96,3.12,5,7,14
562,a,,,4.2,648,91.0,0,0.0,-3,3.0,0.4,267,42.0,0,0,0.0,643.0,65.0,0,0,0.0,526.0,51.0,0.0,0.0,0.0,68770,26,91316,50,0.0,0.0,0.0,0.0,0.0,0.0,0.0,0.0,0.0,0.0,0.0,634.0,65.0,0.0,628.0,64.0,0.0,603.0,64.0,0.0,636.0,65.0,,,,30,,Ahmed,Abdullahi,Abdullahi,,,0,0,0,0,0,0,0,0,0,0,0,0,0,,,,0.0,0.0,0.0,0.0,0.0,0,0,0
563,u,0.0,0.0,4.4,557,80.0,0,0.0,-1,1.0,0.1,513,72.0,0,0,0.0,680.0,72.0,0,0,0.0,585.0,60.0,0.0,0.0,0.0,5979,0,20400,2,0.0,0.0,0.0,0.0,0.0,0.0,0.0,0.0,0.0,0.0,0.0,672.0,72.0,0.0,667.0,71.0,0.0,647.0,71.0,0.0,674.0,72.0,,,,30,,Luís Hemir,Silva Semedo,Luís Hemir,has joined Moreirense on loan for the rest of the season.,,0,0,0,0,0,0,0,0,0,0,0,0,0,,,,0.0,0.0,0.0,0.0,0.0,0,0,0
564,u,0.0,0.0,4.4,537,77.0,0,0.0,-1,1.0,0.1,516,73.0,0,0,0.0,670.0,69.0,0,0,0.0,570.0,57.0,0.0,0.0,0.0,3530,0,20200,0,0.0,0.0,0.0,0.0,0.0,0.0,0.0,0.0,0.0,0.0,0.0,660.0,69.0,0.0,656.0,68.0,0.0,634.0,68.0,0.0,662.0,69.0,,,,30,,Nazarii,Rusyn,Rusyn,has joined Arka on loan for the rest of the season.,,0,0,0,0,0,0,0,0,0,0,0,0,0,,,,0.0,0.0,0.0,0.0,0.0,0,0,0
668,a,100.0,100.0,5.1,222,137.0,0,0.0,1,-1.0,3.3,100,33.0,95,1,3.7,97.0,46.0,5,465,1.2,227.0,98.0,0.2,18.6,0.0,1369291,135,1350399,235,1.2,1.2,0.64,2.35,2.99,35.25,0.03,0.1,0.13,1.45,543.0,55.0,14.0,444.4,39.0,36.0,81.0,275.0,150.0,106.8,74.0,47.0,1.0,1.0,,30,,Granit,Xhaka,Xhaka,,,2181,1,5,7,26,0,0,0,5,0,0,24,269,,,,0.0,0.29,1.07,0.99,11.1,37,110,122
670,d,50.0,0.0,4.8,371,15.0,0,0.0,3,-3.0,8.8,37,7.0,110,0,3.9,72.0,6.0,9,474,0.8,281.0,22.0,0.2,22.9,0.0,2168088,20,1239501,6401,0.0,0.0,0.0,0.1,0.1,41.0,0.0,0.0,0.0,1.46,704.0,12.0,2.0,40.0,355.0,2.0,0.0,754.0,86.0,74.3,152.0,2.0,,,,30,,Robin,Roefs,Roefs,Hamstring injury - 50% chance of playing,,2520,0,0,8,34,0,1,0,3,0,85,28,110,,,,3.04,0.29,1.21,1.0,0.0,0,33,277
678,u,0.0,0.0,3.9,747,214.0,0,0.0,-1,1.0,0.5,259,97.0,1,0,0.3,517.0,180.0,0,4,0.0,408.0,160.0,0.0,0.3,0.0,52353,0,83122,9,0.0,0.0,0.07,0.08,0.15,2.09,0.05,0.06,0.11,1.5,21.8,441.0,164.0,20.1,394.0,144.0,7.0,419.0,158.0,4.9,448.0,161.0,,,,30,,Arthur,Masuaku,Masuaku,has joined RC Lens on loan for the rest of the season.,,125,0,0,0,2,0,0,0,1,0,0,2,13,,,,0.0,0.0,1.44,1.44,7.2,4,6,3
683,a,100.0,100.0,4.1,652,157.0,0,0.0,1,-1.0,6.7,57,20.0,102,2,3.9,70.0,27.0,5,347,3.5,69.0,26.0,0.9,24.9,0.0,1619995,744,929433,426,3.5,3.5,1.37,0.85,2.21,36.97,0.05,0.03,0.08,1.47,631.8,31.0,12.0,118.9,231.0,62.0,207.0,119.0,19.0,96.2,93.0,24.0,,,,30,,Omar,Alderete,Alderete,,,2263,1,1,8,30,0,0,0,5,0,0,25,283,,,,0.0,0.32,1.19,0.99,10.3,26,233,82
694,d,50.0,0.0,4.5,416,78.0,0,0.0,5,-5.0,8.1,46,15.0,115,0,4.6,27.0,8.0,8,397,0.2,344.0,125.0,0.0,25.6,0.0,2465917,15,1516022,6494,0.0,0.0,1.02,2.01,3.03,35.72,0.04,0.08,0.12,1.49,559.0,49.0,21.0,278.7,111.0,27.0,141.0,199.0,47.0,97.9,89.0,21.0,,,,30,,Nordi,Mukiele,Mukiele,Calf injury - 50% chance of playing,,2163,1,5,7,28,1,0,0,4,0,0,25,253,,,,0.0,0.29,1.17,1.04,9.36,57,168,101
724,a,,,4.5,425,84.0,0,0.0,0,0.0,0.1,582,207.0,43,2,1.8,372.0,140.0,0,182,2.0,160.0,62.0,0.4,9.6,0.0,9812,10,6786,5,2.0,2.0,0.5,0.71,1.21,26.99,0.03,0.05,0.08,1.84,207.2,261.0,106.0,106.9,255.0,71.0,46.0,328.0,107.0,36.0,304.0,102.0,,,,30,,Lutsharel,Geertruida,Geertruida,,,1321,0,0,2,20,0,0,0,0,0,0,13,107,,,,0.0,0.14,1.36,0.89,6.2,31,60,58
730,a,100.0,75.0,5.4,170,41.0,0,0.0,-1,1.0,0.6,231,33.0,64,2,2.8,228.0,22.0,8,227,0.8,293.0,37.0,0.1,11.9,0.0,335481,38,270248,232,0.6,0.6,2.73,0.41,3.14,22.7,0.19,0.03,0.22,1.61,236.4,236.0,21.0,95.8,268.0,26.0,264.0,94.0,27.0,58.2,215.0,26.0,,,,30,,Brian,Brobbey,Brobbey,,,1270,5,1,4,18,0,0,0,3,0,0,14,52,,,,0.0,0.28,1.28,0.99,3.69,7,13,32
735,i,0.0,0.0,5.5,136,84.0,0,0.0,0,0.0,0.0,645,254.0,30,0,2.5,273.0,117.0,1,118,0.5,320.0,145.0,0.1,5.5,0.0,13838,1,13145,4,0.0,0.0,0.48,0.25,0.73,9.74,0.07,0.04,0.11,1.38,115.6,345.0,153.0,108.4,253.0,158.0,135.0,206.0,116.0,35.9,305.0,149.0,,,,30,,Bertrand,Traoré,Traoré,Knee injury - Expected back 02 May,,634,1,1,3,9,0,0,0,1,0,0,9,40,,,,0.0,0.43,1.28,1.28,5.68,11,11,18
774,a,,,4.0,675,168.0,0,0.0,0,0.0,0.0,687,240.0,0,0,0.0,585.0,215.0,0,0,0.0,451.0,177.0,0.0,0.0,0.0,1594,1,904,1,0.0,0.0,0.0,0.0,0.0,0.0,0.0,0.0,0.0,0.0,0.0,575.0,215.0,0.0,566.0,215.0,0.0,537.0,211.0,0.0,577.0,215.0,,,,30,,Jenson,Jones,Jenson Jones,,,0,0,0,0,0,0,0,0,0,0,0,0,0,,,,0.0,0.0,0.0,0.0,0.0,0,0,0
775,u,0.0,0.0,4.5,491,302.0,0,0.0,0,0.0,0.0,818,366.0,0,0,0.0,741.0,310.0,0,0,0.0,663.0,258.0,0.0,0.0,0.0,160,0,139,0,0.0,0.0,0.0,0.0,0.0,0.0,0.0,0.0,0.0,0.0,0.0,739.0,308.0,0.0,733.0,308.0,0.0,720.0,304.0,0.0,739.0,308.0,,,,30,,Tymur,Tutierov,Tutierov,has joined Exeter City on loan for the rest of the season.,,0,0,0,0,0,0,0,0,0,0,0,0,0,,,,0.0,0.0,0.0,0.0,0.0,0,0,0
800,i,0.0,0.0,5.0,285,177.0,0,0.0,0,0.0,0.0,816,364.0,1,0,1.0,495.0,228.0,0,4,0.2,357.0,161.0,0.0,0.2,0.0,148,0,113,0,0.0,0.0,0.0,0.04,0.04,0.24,0.0,0.09,0.09,0.57,3.4,481.0,219.0,4.3,444.0,214.0,2.0,456.0,224.0,1.0,484.0,222.0,1.0,,,30,,Djiamgone Jocelin Ta,Bi,Jocelin.T,Ankle injury - Unknown return date,,38,0,0,0,0,0,0,0,0,0,0,1,3,,,,0.0,0.0,0.0,2.37,7.11,1,0,2
812,a,,,4.0,703,61.0,0,0.0,0,0.0,0.2,399,58.0,13,3,6.5,3.0,1.0,3,49,3.2,79.0,6.0,0.8,3.2,0.0,21213,172,799,55,3.2,3.2,0.0,0.01,0.01,2.72,0.0,0.0,0.0,1.36,25.6,438.0,32.0,0.0,590.0,68.0,0.0,561.0,55.0,2.6,463.0,32.0,,,,30,,Melker,Ellborg,Ellborg,,,180,0,0,1,1,0,0,0,0,0,7,2,0,,,,3.5,0.5,0.5,1.0,0.0,0,4,26
813,i,0.0,,5.0,277,171.0,0,0.0,0,0.0,0.0,759,324.0,9,0,1.8,376.0,162.0,0,27,1.5,206.0,88.0,0.3,1.8,0.0,1072,0,399,6,1.5,1.5,0.49,0.08,0.57,5.65,0.17,0.03,0.2,2.0,36.2,425.0,187.0,28.3,380.0,193.0,62.0,305.0,165.0,12.6,407.0,184.0,,,,30,,Nilson,Angulo,Angulo,Unknown - Expected back 24 Apr,,254,0,0,1,4,0,0,0,0,0,0,3,23,,,,0.0,0.35,1.42,1.06,8.15,7,10,6
565,a,,,4.7,382,17.0,0,0.0,-3,3.0,5.5,66,10.0,85,0,2.9,204.0,22.0,6,392,0.5,308.0,24.0,0.1,18.1,0.0,1352496,119,1420861,350,0.5,0.0,0.0,0.02,0.02,43.03,0.0,0.0,0.0,1.48,651.6,26.0,7.0,0.1,489.0,15.0,0.0,743.0,81.0,65.4,194.0,9.0,,,,30,,Guglielmo,Vicario,Vicario,,,2610,0,0,7,46,0,0,0,1,0,76,29,97,,,,2.62,0.24,1.59,1.0,0.0,1,34,231
566,a,,,3.9,754,78.0,0,0.0,-1,1.0,0.3,324,45.0,0,0,0.0,550.0,48.0,0,0,0.0,414.0,39.0,0.0,0.0,0.0,21084,1,24621,13,0.0,-0.5,0.0,0.0,0.0,0.0,0.0,0.0,0.0,0.0,0.0,540.0,48.0,0.0,527.0,31.0,0.0,497.0,18.0,0.0,542.0,48.0,,,,30,,Brandon,Austin,Austin,,,0,0,0,0,0,0,0,0,0,0,0,0,0,,,,0.0,0.0,0.0,0.0,0.0,0,0,0
567,a,,,3.9,768,85.0,0,0.0,-1,1.0,1.6,156,20.0,0,0,0.0,560.0,55.0,0,0,0.0,424.0,46.0,0.0,0.0,0.0,126480,16,177164,92,0.0,-0.5,0.0,0.0,0.0,0.0,0.0,0.0,0.0,0.0,0.0,550.0,55.0,0.0,537.0,38.0,0.0,507.0,25.0,0.0,552.0,55.0,,,,30,,Antonín,Kinský,Kinsky,,,0,0,0,0,0,0,0,0,0,0,0,0,0,,,,0.0,0.0,0.0,0.0,0.0,0,0,0
568,a,100.0,100.0,5.1,235,33.0,0,0.0,-4,4.0,9.2,36,12.0,80,0,3.2,158.0,58.0,4,348,0.2,358.0,129.0,0.0,15.7,0.0,1477592,821,3030464,165,0.2,-0.3,0.56,2.9,3.46,29.02,0.03,0.13,0.16,1.32,445.0,88.0,39.0,554.1,23.0,1.0,94.0,254.0,72.0,109.5,70.0,13.0,2.0,2.0,,30,,Pedro,Porro Sauceda,Pedro Porro,,,1983,0,3,7,29,0,0,0,6,0,0,23,184,,,,0.0,0.32,1.32,1.04,6.76,49,100,100
569,d,50.0,0.0,5.0,254,39.0,0,0.0,0,0.0,3.1,107,41.0,89,0,4.2,47.0,19.0,10,288,0.0,739.0,256.0,0.0,17.8,0.0,1018339,12,1208470,455,0.0,0.0,1.33,1.2,2.53,25.77,0.07,0.06,0.13,1.36,543.2,54.0,25.0,110.8,247.0,68.0,206.0,126.0,22.0,86.0,119.0,37.0,,,,30,,Cristian,Romero,Romero,Head injury - 50% chance of playing,,1710,4,1,5,29,0,0,0,8,2,0,20,209,,,,0.0,0.26,1.53,1.05,9.58,53,129,80
570,a,100.0,100.0,4.2,627,141.0,0,0.0,-3,3.0,0.1,437,162.0,31,0,2.1,319.0,117.0,1,119,1.0,238.0,87.0,0.2,7.4,0.0,17495,13,30872,6,1.0,0.5,0.19,0.19,0.38,12.49,0.02,0.02,0.04,1.5,220.8,250.0,99.0,10.4,419.0,153.0,33.0,355.0,119.0,26.5,349.0,119.0,,,,30,,Kevin,Danso,Danso,,,749,0,0,2,15,0,0,0,4,0,0,9,111,,,,0.0,0.24,1.8,1.08,12.5,16,88,31
571,i,0.0,0.0,4.3,576,124.0,0,0.0,-2,2.0,0.1,545,196.0,10,0,3.3,143.0,51.0,1,29,0.0,531.0,228.0,0.0,2.3,0.0,4421,0,12011,2,0.0,0.0,0.49,0.07,0.56,1.11,0.32,0.05,0.37,0.73,67.4,392.0,149.0,22.2,391.0,141.0,52.0,322.0,103.0,14.2,393.0,142.0,,,,30,,Ben,Davies,Davies,Ankle injury - Unknown return date,,136,1,0,0,3,0,0,0,1,0,0,2,14,,,,0.0,0.0,1.99,1.32,9.26,5,9,5
572,a,100.0,100.0,4.5,448,90.0,0,0.0,0,0.0,0.0,672,236.0,11,0,1.6,394.0,147.0,0,18,1.2,220.0,81.0,0.3,2.4,0.0,3396,14,2598,6,1.2,0.7,0.31,0.0,0.31,10.24,0.07,0.0,0.07,2.18,99.2,360.0,136.0,2.7,450.0,163.0,27.0,366.0,124.0,12.9,403.0,146.0,,,,30,,Radu,Drăgușin,Dragusin,,,423,0,0,0,12,0,0,0,0,0,0,4,57,,,,0.0,0.0,2.55,0.85,12.13,3,54,11
573,a,100.0,100.0,4.2,633,145.0,0,0.0,-3,3.0,0.9,200,77.0,55,0,2.5,265.0,102.0,1,209,0.0,517.0,219.0,0.0,13.1,0.0,299746,37,361883,41,0.0,-0.5,0.82,1.73,2.55,28.15,0.04,0.09,0.13,1.5,233.2,239.0,93.0,190.1,174.0,42.0,153.0,183.0,42.0,57.5,220.0,73.0,,,,30,,Djed,Spence,Spence,,,1686,0,0,7,27,0,0,0,4,0,0,19,113,,,,0.0,0.37,1.44,1.01,4.75,31,58,95
574,d,25.0,25.0,4.3,594,136.0,0,0.0,-2,2.0,0.3,321,118.0,15,0,1.2,438.0,157.0,0,62,0.0,539.0,230.0,0.0,3.5,0.0,50408,1,113710,8,0.0,-0.1,0.16,0.51,0.67,13.98,0.02,0.06,0.08,1.58,144.0,313.0,119.0,122.3,228.0,60.0,82.0,271.0,76.0,34.9,313.0,106.0,,,,30,,Destiny,Udogie,Udogie,Hamstring injury - 25% chance of playing,,794,0,1,0,17,0,0,0,2,0,0,8,61,,,,0.0,0.0,1.93,0.91,4.53,19,21,47
575,a,100.0,0.0,4.4,545,118.0,0,0.0,-1,1.0,19.2,17,5.0,97,0,3.6,104.0,34.0,10,338,-0.8,820.0,266.0,-0.2,22.0,0.0,3495884,52,4383721,9400,0.0,0.0,2.79,0.34,3.13,37.24,0.11,0.01,0.12,1.42,583.2,42.0,17.0,80.2,296.0,94.0,204.0,128.0,23.0,86.6,116.0,35.0,,,,30,,Micky,van de Ven,Van de Ven,,,2366,4,1,7,42,0,0,0,7,1,0,27,214,,,,0.0,0.27,1.6,1.03,6.77,31,147,94
576,u,0.0,0.0,4.0,711,188.0,0,0.0,0,0.0,0.0,736,254.0,0,0,0.0,613.0,228.0,0,0,0.0,481.0,192.0,0.0,0.0,0.0,0,0,2003,0,0.0,0.0,0.0,0.0,0.0,0.0,0.0,0.0,0.0,0.0,0.0,603.0,228.0,0.0,595.0,228.0,0.0,567.0,225.0,0.0,605.0,228.0,,,,30,,Ashley,Phillips,Phillips,Has joined Stoke City on loan for the rest of the season.,,0,0,0,0,0,0,0,0,0,0,0,0,0,,,,0.0,0.0,0.0,0.0,0.0,0,0,0
577,u,0.0,0.0,4.0,713,189.0,0,0.0,0,0.0,0.0,603,215.0,0,0,0.0,615.0,229.0,0,0,0.0,483.0,193.0,0.0,0.0,0.0,1005,0,9055,1,0.0,0.0,0.0,0.0,0.0,0.0,0.0,0.0,0.0,0.0,0.0,605.0,229.0,0.0,597.0,229.0,0.0,569.0,226.0,0.0,607.0,229.0,,,,30,,Takai,Kōta,Takai,has joined Borussia Mönchengladbach on loan for the rest of the season.,,0,0,0,0,0,0,0,0,0,0,0,0,0,,,,0.0,0.0,0.0,0.0,0.0,0,0,0
578,u,0.0,0.0,3.9,783,231.0,0,0.0,-1,1.0,0.3,311,114.0,0,0,0.0,573.0,209.0,0,0,0.0,437.0,171.0,0.0,0.0,0.0,7334,0,92072,3,0.0,0.0,0.0,0.0,0.0,0.0,0.0,0.0,0.0,0.0,0.0,563.0,209.0,0.0,551.0,209.0,0.0,522.0,205.0,0.0,565.0,209.0,,,,30,,Luka,Vušković,Vuskovic,has joined Hamburger SV on loan for the rest of the season.,,0,0,0,0,0,0,0,0,0,0,0,0,0,,,,0.0,0.0,0.0,0.0,0.0,0,0,0
579,u,0.0,0.0,8.5,10,6.0,0,0.0,0,0.0,0.1,446,151.0,0,0,0.0,820.0,368.0,0,0,0.0,818.0,368.0,0.0,0.0,0.0,0,0,25562,1,0.0,0.0,0.0,0.0,0.0,0.0,0.0,0.0,0.0,0.0,0.0,820.0,368.0,0.0,820.0,368.0,0.0,820.0,368.0,0.0,820.0,368.0,,,,30,,Son,Heung-min,Son,has joined Los Angeles FC permanently.,,0,0,0,0,0,0,0,0,0,0,0,0,0,,,,0.0,0.0,0.0,0.0,0.0,0,0,0
581,i,0.0,0.0,6.8,42,26.0,0,0.0,-2,2.0,0.1,443,149.0,0,0,0.0,817.0,365.0,0,0,0.0,810.0,362.0,0.0,0.0,0.0,1806,5,23845,3,0.0,0.0,0.0,0.0,0.0,0.0,0.0,0.0,0.0,0.0,0.0,817.0,365.0,0.0,817.0,365.0,0.0,817.0,365.0,0.0,817.0,365.0,,,,30,,James,Maddison,Maddison,Anterior cruciate ligament - Unknown return date,,0,0,0,0,0,0,0,0,0,0,0,0,0,,,,0.0,0.0,0.0,0.0,0.0,0,0,0
582,i,0.0,0.0,6.4,59,38.0,0,0.0,-1,1.0,9.4,34,12.0,75,0,3.9,77.0,34.0,7,257,0.0,806.0,360.0,0.0,11.7,0.0,3263355,3,5207865,247,0.0,0.0,1.92,2.41,4.33,22.74,0.11,0.14,0.25,1.33,333.4,164.0,62.0,413.8,45.0,40.0,302.0,79.0,48.0,104.7,79.0,50.0,3.0,4.0,3.0,30,,Mohammed,Kudus,Kudus,Thigh injury - Expected back 11 Apr,,1535,2,6,7,20,0,0,0,3,0,0,19,133,,,,0.0,0.41,1.17,1.11,7.8,29,9,95
583,i,0.0,0.0,6.4,58,37.0,0,0.0,-1,1.0,0.0,723,299.0,0,0,0.0,814.0,364.0,0,0,0.0,805.0,359.0,0.0,0.0,0.0,1042,2,2107,0,0.0,0.0,0.0,0.0,0.0,0.0,0.0,0.0,0.0,0.0,0.0,814.0,364.0,0.0,814.0,364.0,0.0,814.0,364.0,0.0,814.0,364.0,,,,30,,Dejan,Kulusevski,Kulusevski,Knee injury - Unknown return date,,0,0,0,0,0,0,0,0,0,0,0,0,0,,,,0.0,0.0,0.0,0.0,0.0,0,0,0
584,a,,,6.2,79,52.0,0,0.0,-3,3.0,0.1,434,145.0,52,0,2.4,292.0,129.0,5,167,1.0,258.0,117.0,0.2,8.4,0.0,40560,21,46658,14,1.0,0.5,1.88,0.99,2.86,11.99,0.23,0.12,0.35,1.44,170.4,289.0,127.0,223.9,146.0,98.0,226.0,114.0,70.0,62.3,200.0,101.0,4.0,,,30,,Mathys,Tel,Tel,,,751,3,1,1,16,0,0,0,0,0,0,7,62,,,,0.0,0.12,1.92,0.84,7.43,11,6,45
585,i,0.0,0.0,5.2,206,127.0,0,0.0,-3,3.0,0.2,405,137.0,64,0,3.2,160.0,71.0,3,269,0.0,761.0,327.0,0.0,12.3,0.0,56913,2,66675,8,0.0,0.0,0.45,0.68,1.13,20.56,0.03,0.04,0.07,1.32,268.6,212.0,91.0,159.7,195.0,127.0,85.0,267.0,147.0,51.6,246.0,125.0,,,,30,,Rodrigo,Bentancur,Bentancur,Hamstring injury - Unknown return date,,1407,1,1,5,21,0,0,0,5,0,0,17,207,,,,0.0,0.32,1.34,1.09,13.24,37,69,101
586,i,0.0,0.0,5.2,219,136.0,0,0.0,-3,3.0,0.2,395,132.0,39,0,2.3,300.0,132.0,0,139,0.0,764.0,330.0,0.0,7.5,0.0,102349,0,111357,4,0.0,0.0,0.96,0.39,1.35,10.21,0.11,0.04,0.15,1.15,137.4,321.0,143.0,81.4,293.0,170.0,133.0,209.0,118.0,35.3,312.0,151.0,,,,30,,Lucas,Bergvall,Bergvall,Ankle injury - Unknown return date,,799,1,2,3,13,0,0,0,2,0,0,10,68,,,,0.0,0.34,1.46,1.13,7.66,20,14,34
587,i,0.0,0.0,5.2,209,128.0,0,0.0,-3,3.0,0.0,588,221.0,13,0,1.6,397.0,171.0,0,88,1.2,230.0,99.0,0.2,2.5,0.0,3297,0,14837,18,0.0,0.0,0.36,0.08,0.44,11.22,0.07,0.02,0.09,2.2,83.8,373.0,166.0,18.9,397.0,197.0,23.0,375.0,190.0,12.6,408.0,185.0,,,,30,,Yves,Bissouma,Bissouma,Muscle injury - Unknown return date,,460,0,0,0,15,0,0,0,3,0,0,5,67,,,,0.0,0.0,2.93,0.98,13.11,18,25,24
588,i,0.0,0.0,5.3,202,125.0,0,0.0,-2,2.0,0.0,602,228.0,46,0,1.9,356.0,153.0,6,176,0.0,770.0,334.0,0.0,8.7,0.0,16374,0,18076,7,0.0,0.0,1.92,1.21,3.13,14.24,0.18,0.11,0.29,1.32,158.8,300.0,135.0,284.3,108.0,78.0,234.0,105.0,65.0,67.6,180.0,93.0,,,,30,,Wilson,Odobert,Odobert,Knee injury - Unknown return date,,972,0,2,2,13,0,0,0,0,0,0,10,77,,,,0.0,0.19,1.2,0.93,7.13,10,14,53
589,u,0.0,0.0,5.4,166,103.0,0,0.0,-1,1.0,0.0,765,326.0,0,0,0.0,801.0,354.0,0,0,0.0,777.0,338.0,0.0,0.0,0.0,115,0,1477,0,0.0,0.0,0.0,0.0,0.0,0.0,0.0,0.0,0.0,0.0,0.0,800.0,353.0,0.0,799.0,353.0,0.0,797.0,352.0,0.0,800.0,353.0,,,,30,,Manor,Solomon,Solomon,has joined Fiorentina on loan for the rest of the season.,,0,0,0,0,0,0,0,0,0,0,0,0,0,,,,0.0,0.0,0.0,0.0,0.0,0,0,0
590,u,0.0,0.0,4.9,324,201.0,0,0.0,-1,1.0,0.0,660,264.0,0,0,0.0,774.0,335.0,0,0,0.0,724.0,302.0,0.0,0.0,0.0,675,0,4489,0,0.0,0.0,0.0,0.0,0.0,0.0,0.0,0.0,0.0,0.0,0.0,773.0,334.0,0.0,769.0,334.0,0.0,765.0,332.0,0.0,773.0,334.0,,,,30,,Bryan,Gil Salvatierra,Bryan,has joined Girona permanently.,,0,0,0,0,0,0,0,0,0,0,0,0,0,,,,0.0,0.0,0.0,0.0,0.0,0,0,0
591,a,100.0,100.0,4.8,373,233.0,0,0.0,-2,2.0,0.2,409,138.0,53,0,2.8,220.0,90.0,6,204,2.8,104.0,44.0,0.6,11.0,0.0,21694,42,24232,24,2.8,2.3,1.3,1.25,2.55,20.42,0.1,0.09,0.19,1.54,233.4,238.0,103.0,110.9,245.0,154.0,134.0,208.0,117.0,47.8,261.0,133.0,,,,30,,Archie,Gray,Gray,,,1197,2,2,5,23,0,0,0,5,0,0,15,109,,,,0.0,0.38,1.73,1.13,8.2,9,56,44
592,u,0.0,0.0,5.0,273,167.0,0,0.0,0,0.0,0.0,794,348.0,0,0,0.0,791.0,348.0,0,0,0.0,748.0,319.0,0.0,0.0,0.0,0,0,687,0,0.0,0.0,0.0,0.0,0.0,0.0,0.0,0.0,0.0,0.0,0.0,790.0,347.0,0.0,788.0,347.0,0.0,784.0,345.0,0.0,790.0,347.0,,,,30,,Mikey,Moore,Moore,Has joined Rangers on loan for the rest of the season.,,0,0,0,0,0,0,0,0,0,0,0,0,0,,,,0.0,0.0,0.0,0.0,0.0,0,0,0
593,a,100.0,100.0,4.5,442,265.0,0,0.0,-5,5.0,1.1,180,62.0,59,0,3.0,189.0,80.0,2,250,1.5,199.0,82.0,0.3,13.1,0.0,395239,136,577298,136,1.5,1.0,1.41,0.97,2.38,22.77,0.11,0.08,0.19,1.8,280.6,203.0,85.0,115.2,238.0,150.0,142.0,198.0,111.0,54.0,232.0,115.0,,,,30,,Pape Matar,Sarr,P.M.Sarr,,,1140,2,3,3,18,0,0,0,2,0,0,11,154,,,,0.0,0.24,1.42,0.87,12.16,28,64,62
594,u,0.0,0.0,4.5,502,311.0,0,0.0,0,0.0,0.0,737,310.0,0,0,0.0,749.0,317.0,0,0,0.0,672.0,266.0,0.0,0.0,0.0,0,0,2823,0,0.0,0.0,0.0,0.0,0.0,0.0,0.0,0.0,0.0,0.0,0.0,748.0,316.0,0.0,742.0,316.0,0.0,729.0,312.0,0.0,748.0,316.0,,,,30,,Yang,Min-hyeok,Min-hyeok,has joined Coventry City on loan for the rest of the season.,,0,0,0,0,0,0,0,0,0,0,0,0,0,,,,0.0,0.0,0.0,0.0,0.0,0,0,0
595,a,,,4.3,601,352.0,0,0.0,-2,2.0,0.2,367,122.0,0,0,0.0,652.0,247.0,0,0,0.0,545.0,178.0,0.0,0.0,0.0,24801,7,30377,11,0.0,-0.5,0.0,0.0,0.0,0.0,0.0,0.0,0.0,0.0,0.0,642.0,237.0,0.0,637.0,242.0,0.0,614.0,231.0,0.0,644.0,239.0,,,,30,,Callum,Olusesi,Olusesi,,,0,0,0,0,0,0,0,0,0,0,0,0,0,,,,0.0,0.0,0.0,0.0,0.0,0,0,0
596,a,100.0,100.0,7.2,29,12.0,0,0.0,-3,3.0,1.2,178,28.0,31,0,3.1,183.0,17.0,4,142,2.5,132.0,15.0,0.3,4.3,0.0,138620,269,520775,99,2.5,2.0,2.17,0.19,2.35,12.34,0.33,0.03,0.36,1.86,158.8,301.0,29.0,62.2,323.0,36.0,212.0,118.0,29.0,43.2,280.0,32.0,,,2.0,30,,Dominic,Solanke-Mitchell,Solanke,,,598,3,0,0,14,0,0,0,1,0,0,6,38,,,,0.0,0.0,2.11,0.9,5.72,15,11,12
597,a,100.0,100.0,6.3,65,21.0,0,0.0,-2,2.0,5.4,68,14.0,82,0,3.4,139.0,11.0,10,373,1.8,188.0,24.0,0.3,13.0,0.0,2957267,176,3049840,150,1.8,1.3,5.32,1.24,6.56,19.27,0.36,0.08,0.44,1.29,423.2,107.0,8.0,173.0,185.0,16.0,533.0,24.0,13.0,112.7,65.0,13.0,,,5.0,30,,Richarlison,de Andrade,Richarlison,,,1346,8,3,5,20,0,0,0,5,0,0,13,102,,,,0.0,0.33,1.34,0.87,6.82,15,47,40
598,u,0.0,0.0,4.5,466,66.0,0,0.0,0,0.0,0.0,673,86.0,0,0,0.0,723.0,76.0,0,0,0.0,640.0,64.0,0.0,0.0,0.0,0,0,5118,0,0.0,0.0,0.0,0.0,0.0,0.0,0.0,0.0,0.0,0.0,0.0,719.0,76.0,0.0,714.0,75.0,0.0,699.0,75.0,0.0,720.0,76.0,,,,30,,Will,Lankshear,Lankshear,has joined Oxford United on loan for the rest of the season.,,0,0,0,0,0,0,0,0,0,0,0,0,0,,,,0.0,0.0,0.0,0.0,0.0,0,0,0
599,u,0.0,0.0,4.3,596,84.0,0,0.0,-2,2.0,0.5,249,37.0,2,0,1.0,462.0,57.0,0,5,0.0,541.0,52.0,0.0,0.5,0.0,60820,0,110281,30,0.0,0.0,0.0,0.01,0.01,0.03,0.0,0.13,0.13,0.39,1.0,498.0,60.0,4.1,445.0,59.0,2.0,446.0,60.0,0.7,487.0,60.0,,,,30,,Dane,Scarlett,Scarlett,has joined Hibernian on loan for the rest of the season.,,7,0,0,0,0,0,0,0,0,0,0,0,1,,,,0.0,0.0,0.0,0.0,12.86,0,0,1
673,d,50.0,0.0,5.5,137,85.0,0,0.0,0,0.0,0.8,210,74.0,94,0,3.6,110.0,51.0,11,398,2.5,126.0,54.0,0.5,17.1,0.0,369377,1,363554,184,0.0,0.0,1.33,0.55,1.88,29.02,0.07,0.03,0.1,1.47,495.0,74.0,22.0,115.6,237.0,149.0,170.0,163.0,89.0,78.3,142.0,77.0,,,,30,,João Maria,Lobo Alves Palhares Costa Palhinha Gonçalves,J.Palhinha,Head injury - 50% chance of playing,,1774,3,3,4,32,0,0,0,6,0,0,19,244,,,,0.0,0.2,1.62,0.96,12.38,96,79,69
717,a,100.0,100.0,6.5,53,34.0,0,0.0,-5,5.0,1.1,186,66.0,63,0,2.7,246.0,103.0,5,281,1.0,259.0,118.0,0.2,9.7,0.0,815023,128,744922,102,1.0,0.5,2.22,3.48,5.7,27.85,0.13,0.2,0.33,1.64,279.4,205.0,86.0,462.7,37.0,34.0,202.0,132.0,77.0,94.5,95.0,57.0,1.0,3.0,4.0,30,,Xavi,Simons,Xavi,,,1533,1,4,3,33,0,0,0,4,1,0,17,136,,,,0.0,0.18,1.94,1.0,7.98,30,24,82
726,a,100.0,100.0,6.9,38,15.0,0,0.0,-1,1.0,0.4,289,45.0,37,0,1.8,380.0,46.0,1,107,2.2,152.0,20.0,0.3,5.4,0.0,126826,40,117046,40,2.2,1.7,1.62,1.14,2.76,20.0,0.12,0.09,0.21,1.52,124.4,330.0,32.0,197.5,170.0,14.0,200.0,133.0,33.0,51.5,247.0,29.0,,,,30,,Randal,Kolo Muani,Kolo Muani,,,1185,1,0,3,25,0,0,0,2,0,0,15,83,,,,0.0,0.23,1.9,1.14,6.3,21,18,44
745,a,,,4.0,734,209.0,0,0.0,0,0.0,0.0,624,222.0,1,0,1.0,457.0,168.0,0,3,0.0,501.0,210.0,0.0,0.2,0.0,2037,2,1983,5,0.0,-0.5,0.0,0.0,0.0,0.0,0.0,0.0,0.0,0.0,0.4,502.0,178.0,0.5,473.0,174.0,0.0,586.0,242.0,0.1,506.0,179.0,,,,30,,Jun'ai,Byfield,Byfield,,,1,0,0,0,0,0,0,0,0,0,0,0,0,,,,0.0,0.0,0.0,0.0,0.0,0,0,0
750,a,,,4.0,698,180.0,0,0.0,0,0.0,0.0,641,228.0,0,0,0.0,604.0,223.0,0,0,0.0,471.0,186.0,0.0,0.0,0.0,1850,2,1603,3,0.0,-0.5,0.0,0.0,0.0,0.0,0.0,0.0,0.0,0.0,0.0,594.0,223.0,0.0,585.0,223.0,0.0,556.0,219.0,0.0,596.0,223.0,,,,30,,James,Rowswell,Rowswell,,,0,0,0,0,0,0,0,0,0,0,0,0,0,,,,0.0,0.0,0.0,0.0,0.0,0,0,0
751,u,0.0,0.0,4.5,485,298.0,0,0.0,0,0.0,0.0,780,340.0,0,0,0.0,736.0,307.0,0,0,0.0,658.0,255.0,0.0,0.0,0.0,675,0,630,0,0.0,0.0,0.0,0.0,0.0,0.0,0.0,0.0,0.0,0.0,0.0,734.0,305.0,0.0,728.0,305.0,0.0,715.0,301.0,0.0,734.0,305.0,,,,30,,Yusuf,Akhamrich,Akhamrich,has joined Bristol Rovers on loan for the rest of the season.,,0,0,0,0,0,0,0,0,0,0,0,0,0,,,,0.0,0.0,0.0,0.0,0.0,0,0,0
790,a,,,4.5,498,308.0,0,0.0,0,0.0,0.0,769,329.0,0,0,0.0,745.0,314.0,0,0,0.0,668.0,263.0,0.0,0.0,0.0,740,3,361,3,0.0,-0.5,0.0,0.0,0.0,0.0,0.0,0.0,0.0,0.0,0.0,744.0,313.0,0.0,738.0,313.0,0.0,725.0,309.0,0.0,744.0,313.0,,,,30,,Lucá,Williams-Barnett,Williams-Barnett,,,0,0,0,0,0,0,0,0,0,0,0,0,0,,,,0.0,0.0,0.0,0.0,0.0,0,0,0
796,d,75.0,75.0,5.2,210,129.0,0,0.0,-3,3.0,0.1,469,161.0,19,0,2.4,289.0,126.0,0,96,1.0,249.0,111.0,0.2,3.7,0.0,36434,5,24189,75,0.8,0.4,0.56,0.48,1.04,13.79,0.09,0.07,0.16,2.15,85.8,372.0,165.0,107.2,254.0,159.0,86.0,265.0,145.0,27.9,343.0,165.0,,,,30,,Conor,Gallagher,Gallagher,Illness - 75% chance of playing,,577,0,1,0,16,0,0,0,0,0,0,7,59,,,,0.0,0.0,2.5,1.09,9.2,10,15,34
804,a,,,4.0,731,206.0,0,0.0,0,0.0,0.0,692,241.0,2,0,0.7,513.0,177.0,0,-1,0.2,338.0,120.0,0.0,0.5,0.0,2114,4,857,3,0.2,-0.3,0.0,0.03,0.03,2.05,0.0,0.03,0.03,2.12,8.6,465.0,169.0,31.6,376.0,133.0,8.0,414.0,154.0,4.8,449.0,162.0,,,,30,,João Victor,de Souza Menezes,Souza,,,87,0,0,0,2,0,0,0,1,0,0,1,3,,,,0.0,0.0,2.07,1.03,3.1,0,3,2
811,a,,,4.5,460,279.0,0,0.0,0,0.0,0.0,797,351.0,0,0,0.0,719.0,294.0,0,0,0.0,635.0,236.0,0.0,0.0,0.0,350,0,149,1,0.0,-0.5,0.0,0.0,0.0,0.0,0.0,0.0,0.0,0.0,0.0,714.0,289.0,0.0,710.0,291.0,0.0,694.0,284.0,0.0,715.0,290.0,,,,30,,Rio,Kyerematen,Kyerematen,,,0,0,0,0,0,0,0,0,0,0,0,0,0,,,,0.0,0.0,0.0,0.0,0.0,0,0,0
818,a,,,4.5,499,71.0,0,0.0,0,0.0,0.0,690,88.0,0,0,0.0,746.0,81.0,0,0,0.0,669.0,69.0,0.0,0.0,0.0,2269,32,703,10,0.0,-0.5,0.0,0.0,0.0,0.0,0.0,0.0,0.0,0.0,0.0,745.0,81.0,0.0,739.0,80.0,0.0,726.0,80.0,0.0,745.0,81.0,,,,30,,James,Wilson,Wilson,,,0,0,0,0,0,0,0,0,0,0,0,0,0,,,,0.0,0.0,0.0,0.0,0.0,0,0,0
326,a,100.0,75.0,5.1,226,139.0,0,0.0,-4,4.0,0.2,411,139.0,22,1,1.0,497.0,230.0,0,67,0.8,289.0,132.0,0.2,4.3,0.0,16564,4,37141,25,0.6,0.2,0.34,0.55,0.89,7.59,0.1,0.16,0.26,2.25,21.8,443.0,194.0,63.8,319.0,178.0,62.0,306.0,166.0,14.4,392.0,181.0,,,,30,,Adama,Traoré Diarra,Adama,,,303,0,0,0,10,0,0,0,1,0,0,1,15,,,,0.0,0.0,2.97,0.3,4.46,1,2,12
600,a,,,4.3,572,27.0,0,0.0,-2,2.0,2.0,137,18.0,51,0,2.5,266.0,25.0,2,220,0.0,528.0,84.0,0.0,11.9,0.0,183390,77,454272,157,0.0,-0.5,0.0,0.0,0.0,35.3,0.0,0.0,0.0,1.76,570.4,47.0,12.0,10.0,422.0,7.0,0.0,605.0,68.0,57.9,216.0,12.0,,,,30,,Alphonse,Areola,Areola,,,1800,0,1,0,37,0,0,0,0,0,77,20,55,,,,3.85,0.0,1.85,1.0,0.0,0,30,142
601,u,0.0,0.0,4.0,662,42.0,0,0.0,0,0.0,0.2,359,51.0,0,0,0.0,576.0,64.0,0,0,0.0,440.0,55.0,0.0,0.0,0.0,3874,0,42731,8,0.0,0.0,0.0,0.0,0.0,0.0,0.0,0.0,0.0,0.0,0.0,566.0,64.0,0.0,555.0,49.0,0.0,526.0,36.0,0.0,568.0,64.0,,,,30,,Wes,Foderingham,Foderingham,has joined Aris Limassol permanently.,,0,0,0,0,0,0,0,0,0,0,0,0,0,,,,0.0,0.0,0.0,0.0,0.0,0,0,0
602,u,0.0,0.0,3.9,767,84.0,0,0.0,-1,1.0,0.2,370,53.0,0,0,0.0,559.0,54.0,0,0,0.0,423.0,45.0,0.0,0.0,0.0,11331,0,20034,12,0.0,0.0,0.0,0.0,0.0,0.0,0.0,0.0,0.0,0.0,0.0,549.0,54.0,0.0,536.0,37.0,0.0,506.0,24.0,0.0,551.0,54.0,,,,30,,Krisztián,Hegyi,Hegyi,has joined MTK Budapest on loan for the rest of the season.,,0,0,0,0,0,0,0,0,0,0,0,0,0,,,,0.0,0.0,0.0,0.0,0.0,0,0,0
603,a,100.0,100.0,4.0,729,204.0,0,0.0,-5,5.0,2.3,127,49.0,81,2,3.4,130.0,44.0,3,256,5.0,24.0,9.0,1.2,20.2,0.0,377696,786,897127,134,5.0,4.5,0.46,1.7,2.16,32.6,0.02,0.08,0.1,1.46,415.4,111.0,49.0,247.1,128.0,33.0,83.0,269.0,75.0,74.7,148.0,49.0,,,,30,,El Hadji Malick,Diouf,Diouf,,,2003,0,6,6,38,0,0,0,4,0,0,22,196,,,,0.0,0.27,1.71,0.99,7.23,30,131,85
604,u,0.0,0.0,4.4,522,101.0,0,0.0,-1,1.0,0.1,583,208.0,0,0,0.0,666.0,252.0,0,0,0.0,563.0,232.0,0.0,0.0,0.0,1719,0,20793,0,0.0,0.0,0.0,0.0,0.0,0.0,0.0,0.0,0.0,0.0,0.0,656.0,252.0,0.0,652.0,252.0,0.0,630.0,251.0,0.0,658.0,252.0,,,,30,,Emerson,Palmieri dos Santos,Emerson,has joined Marseille permanently.,,0,0,0,0,0,0,0,0,0,0,0,0,0,,,,0.0,0.0,0.0,0.0,0.0,0,0,0
605,a,,,4.1,653,158.0,0,0.0,-4,4.0,0.1,424,157.0,36,0,1.7,381.0,141.0,0,80,0.0,507.0,215.0,0.0,8.8,0.0,30184,5,50533,12,0.0,-0.5,0.56,0.25,0.81,33.28,0.03,0.01,0.04,1.92,392.4,124.0,54.0,55.8,331.0,113.0,60.0,310.0,93.0,50.9,248.0,80.0,,,,30,,Maximilian,Kilman,Kilman,,,1559,0,0,1,37,0,0,0,4,0,0,17,191,,,,0.0,0.06,2.14,0.98,9.24,16,144,43
606,a,100.0,100.0,4.4,533,111.0,0,0.0,-1,1.0,0.1,524,186.0,72,10,3.1,171.0,65.0,0,211,4.8,29.0,12.0,1.1,16.4,0.0,20106,32,20501,8,4.8,4.3,1.91,0.38,2.29,29.84,0.09,0.02,0.11,1.48,432.4,95.0,44.0,25.2,385.0,139.0,155.0,181.0,41.0,61.2,204.0,67.0,,,,30,,Konstantinos,Mavropanos,Mavropanos,,,1812,1,0,3,34,1,0,0,2,0,0,19,244,,,,0.0,0.15,1.69,0.94,11.13,28,196,69
607,u,0.0,0.0,4.4,526,105.0,0,0.0,-1,1.0,0.0,609,216.0,3,0,1.5,406.0,148.0,0,-1,0.0,565.0,234.0,0.0,0.7,0.0,1288,0,12329,1,0.0,0.0,0.1,0.03,0.13,3.42,0.05,0.02,0.07,1.71,39.0,420.0,158.0,3.9,447.0,161.0,8.0,415.0,155.0,5.1,446.0,160.0,,,,30,,Nayef,Aguerd,N.Aguerd,has joined Marseille permanently.,,180,0,0,0,8,0,0,0,0,0,0,2,23,,,,0.0,0.0,4.0,1.0,7.5,1,14,8
608,d,75.0,75.0,4.3,606,139.0,0,0.0,-2,2.0,0.0,621,220.0,21,0,1.8,367.0,138.0,0,86,0.0,548.0,231.0,0.0,4.9,0.0,4972,1,6956,5,0.0,-0.4,0.18,0.32,0.5,13.28,0.02,0.04,0.06,1.83,138.2,320.0,124.0,71.7,304.0,99.0,22.0,377.0,132.0,23.2,358.0,121.0,5.0,,,30,,Ollie,Scarles,Scarles,Knock - 75% chance of playing,,654,0,1,0,16,0,0,0,1,0,0,9,73,,,,0.0,0.0,2.2,1.24,9.91,29,43,35
609,a,100.0,100.0,4.3,589,133.0,0,0.0,-2,2.0,0.1,487,173.0,44,4,2.2,307.0,114.0,1,161,3.2,80.0,29.0,0.7,10.2,0.0,12219,9,19855,5,3.2,2.7,0.25,0.31,0.56,31.69,0.01,0.02,0.03,1.68,351.6,154.0,67.0,64.7,318.0,107.0,24.0,372.0,129.0,44.1,274.0,90.0,,,,30,,Jean-Clair,Todibo,Todibo,,,1701,0,1,1,34,0,0,0,4,1,0,20,172,,,,0.0,0.05,1.8,1.06,8.36,37,121,86
610,a,100.0,100.0,4.1,654,159.0,0,0.0,-4,4.0,4.6,77,25.0,63,2,3.0,187.0,72.0,0,194,3.8,60.0,21.0,0.9,15.4,0.0,269256,303,2309960,118,3.8,3.3,0.0,0.93,0.93,31.48,0.0,0.05,0.05,1.56,389.6,127.0,57.0,288.0,105.0,25.0,28.0,363.0,122.0,70.9,164.0,56.0,,,,30,,Aaron,Wan-Bissaka,Wan-Bissaka,,,1821,0,3,3,37,0,0,0,3,0,0,20,174,,,,0.0,0.15,1.83,0.99,7.91,28,132,64
611,u,0.0,0.0,4.0,708,185.0,0,0.0,0,0.0,0.1,550,198.0,0,0,0.0,611.0,226.0,0,0,0.0,478.0,189.0,0.0,0.0,0.0,0,0,13268,0,0.0,0.0,0.0,0.0,0.0,0.0,0.0,0.0,0.0,0.0,0.0,601.0,226.0,0.0,593.0,226.0,0.0,564.0,222.0,0.0,603.0,226.0,,,,30,,Kaelan,Casey,Casey,has joined Leyton Orient on loan for the rest of the season.,,0,0,0,0,0,0,0,0,0,0,0,0,0,,,,0.0,0.0,0.0,0.0,0.0,0,0,0
612,u,0.0,0.0,5.9,97,63.0,0,0.0,-1,1.0,1.1,185,65.0,69,0,3.8,87.0,41.0,8,291,0.0,795.0,353.0,0.0,11.7,0.0,897173,0,974735,45,0.0,0.0,2.85,2.0,4.85,24.22,0.17,0.12,0.29,1.44,374.6,137.0,47.0,397.2,55.0,45.0,186.0,152.0,85.0,95.7,94.0,56.0,,,,30,,Lucas,Tolentino Coelho de Lima,L.Paquetá,has joined Flamengo permanently.,,1513,4,2,3,33,0,0,0,5,1,0,18,146,,,,0.0,0.18,1.96,1.07,8.68,40,30,76
613,a,100.0,100.0,5.7,115,73.0,0,0.0,-3,3.0,0.3,325,110.0,77,4,2.9,210.0,88.0,6,301,4.0,59.0,27.0,0.7,13.5,0.0,42704,124,110571,18,4.0,3.5,4.42,0.39,4.81,28.02,0.26,0.02,0.28,1.67,362.0,146.0,52.0,138.8,212.0,138.0,339.0,66.0,39.0,84.1,125.0,71.0,,,,30,,Tomáš,Souček,Souček,,,1506,4,2,4,34,0,0,0,2,1,0,16,166,,,,0.0,0.24,2.03,0.96,9.92,29,90,47
622,u,0.0,0.0,4.4,549,328.0,0,0.0,-1,1.0,0.1,580,216.0,0,0,0.0,676.0,263.0,0,0,0.0,578.0,197.0,0.0,0.0,0.0,1052,0,11955,0,0.0,0.0,0.0,0.0,0.0,0.0,0.0,0.0,0.0,0.0,0.0,667.0,254.0,0.0,663.0,259.0,0.0,641.0,248.0,0.0,669.0,256.0,,,,30,,Lewis,Orford,Orford,has joined Stevenage on loan for the rest of the season.,,0,0,0,0,0,0,0,0,0,0,0,0,0,,,,0.0,0.0,0.0,0.0,0.0,0,0,0
623,a,100.0,100.0,4.4,544,324.0,0,0.0,-1,1.0,0.6,242,84.0,34,0,1.8,369.0,158.0,0,206,0.0,574.0,193.0,0.0,7.7,0.0,143863,10,163153,41,0.0,-0.5,0.21,1.05,1.26,19.95,0.02,0.09,0.11,1.64,179.6,282.0,121.0,129.9,218.0,141.0,37.0,343.0,178.0,34.7,315.0,152.0,,,,30,,Freddie,Potts,Potts,,,1094,0,1,1,23,0,0,0,1,0,0,11,112,,,,0.0,0.08,1.89,0.9,9.21,27,47,38
624,a,,,7.5,20,7.0,0,0.0,-5,5.0,7.5,54,8.0,140,5,4.7,25.0,4.0,21,552,5.0,27.0,3.0,0.7,18.7,0.0,2343154,2235,3269603,518,5.0,4.5,6.04,3.86,9.9,47.12,0.2,0.13,0.33,1.58,639.2,29.0,4.0,473.8,34.0,1.0,685.0,11.0,7.0,179.7,12.0,4.0,1.0,1.0,2.0,30,,Jarrod,Bowen,Bowen,,,2689,8,7,5,53,0,0,0,4,0,0,30,224,,,,0.0,0.17,1.77,1.0,7.46,39,56,129
625,u,0.0,0.0,5.6,122,34.0,0,0.0,-4,4.0,0.6,241,36.0,12,0,1.5,415.0,50.0,0,28,0.0,789.0,84.0,0.0,2.1,0.0,47611,0,392682,9,0.0,0.0,0.93,0.21,1.14,8.59,0.21,0.05,0.26,1.9,26.0,436.0,51.0,85.1,287.0,29.0,130.0,214.0,43.0,23.8,353.0,42.0,,,,30,,Niclas,Füllkrug,Füllkrug,has joined AC Milan on loan for the rest of the season.,,407,0,0,1,11,0,0,0,0,0,0,5,19,,,,0.0,0.22,2.43,1.11,4.2,2,7,10
626,u,0.0,0.0,4.3,612,86.0,0,0.0,-2,2.0,0.5,255,40.0,2,0,1.0,465.0,58.0,0,0,0.0,554.0,54.0,0.0,0.5,0.0,63604,0,106417,15,0.0,0.0,0.13,0.0,0.13,1.55,0.2,0.0,0.2,2.41,1.2,495.0,58.0,0.1,484.0,61.0,7.0,422.0,59.0,0.8,486.0,59.0,,,,30,,Callum,Marshall,Marshall,has joined VfL Bochum 1848 on loan for the rest of the season.,,58,0,0,0,2,0,0,0,0,0,0,0,3,,,,0.0,0.0,3.1,0.0,4.66,0,2,1
659,a,,,4.2,629,142.0,0,0.0,-3,3.0,0.2,351,128.0,32,0,1.8,366.0,137.0,0,118,0.0,514.0,217.0,0.0,7.6,0.0,31031,7,53587,7,0.0,-0.5,1.13,0.26,1.39,21.13,0.11,0.02,0.13,1.99,203.2,263.0,107.0,88.2,278.0,86.0,98.0,245.0,66.0,39.0,298.0,98.0,,,,30,,Kyle,Walker-Peters,Walker-Peters,,,954,1,0,1,22,0,0,0,2,0,0,10,95,,,,0.0,0.09,2.08,0.94,6.79,34,38,41
671,a,,,5.8,103,29.0,0,0.0,-2,2.0,0.5,253,39.0,64,0,2.7,241.0,26.0,7,224,0.5,322.0,42.0,0.1,11.0,0.0,204581,42,216962,46,0.5,0.0,6.48,0.29,6.77,18.16,0.59,0.03,0.62,1.65,226.8,244.0,22.0,93.6,273.0,27.0,396.0,48.0,19.0,70.5,167.0,21.0,,,,30,,Callum,Wilson,Wilson,,,992,5,2,1,18,0,0,0,0,0,0,10,34,,,,0.0,0.09,1.63,0.91,3.08,3,8,23
679,a,,,4.2,637,35.0,0,0.0,-3,3.0,0.4,278,36.0,43,3,4.3,41.0,2.0,8,157,5.5,14.0,2.0,1.3,10.2,0.0,44460,275,43084,35,5.5,5.0,0.0,0.01,0.01,12.79,0.0,0.0,0.0,1.28,212.2,259.0,23.0,0.0,623.0,79.0,0.0,598.0,67.0,21.2,367.0,23.0,,,,30,,Mads,Hermansen,Hermansen,,,900,0,0,4,18,0,0,0,0,0,33,10,34,,,,3.3,0.4,1.8,1.0,0.0,0,14,98
708,a,100.0,100.0,5.5,152,95.0,0,0.0,0,0.0,0.4,279,99.0,105,1,3.8,84.0,38.0,6,517,2.5,128.0,55.0,0.5,19.1,0.0,110118,118,68078,68,2.5,2.0,1.23,2.0,3.23,37.24,0.05,0.08,0.13,1.46,517.0,66.0,20.0,470.7,35.0,32.0,105.0,236.0,130.0,109.4,72.0,45.0,4.0,,,30,,Mateus Gonçalo,Espanha Fernandes,M.Fernandes,,,2303,3,3,5,40,0,0,0,6,0,0,27,290,,,,0.0,0.2,1.56,1.06,11.33,78,70,142
718,a,,,5.0,278,172.0,0,0.0,0,0.0,0.0,659,263.0,39,0,2.1,323.0,142.0,2,178,1.2,226.0,97.0,0.2,7.8,0.0,5366,1,4809,3,1.2,0.7,0.44,0.32,0.76,18.83,0.04,0.03,0.07,1.77,174.4,287.0,125.0,82.7,291.0,169.0,44.0,332.0,173.0,30.1,334.0,161.0,,,,30,,Soungoutou,Magassa,S.Magassa,,,957,1,0,2,23,0,0,0,4,0,0,11,125,,,,0.0,0.19,2.16,1.03,11.76,41,33,51
785,a,100.0,100.0,5.4,179,43.0,0,0.0,-1,1.0,0.0,750,91.0,10,2,1.7,390.0,47.0,0,29,0.5,319.0,41.0,0.1,1.9,0.0,4605,9,3977,1,0.5,0.0,0.34,0.07,0.41,4.34,0.1,0.02,0.12,1.25,19.6,447.0,53.0,53.4,337.0,41.0,21.0,382.0,55.0,9.4,421.0,53.0,,,,30,,Pablo Felipe,Pereira de Jesus,Pablo,,,313,0,0,0,5,0,0,0,0,0,0,4,29,,,,0.0,0.0,1.44,1.15,8.34,9,7,13
791,a,,,5.5,144,35.0,0,0.0,0,0.0,0.1,457,66.0,30,2,3.0,195.0,20.0,1,108,3.2,87.0,10.0,0.6,5.5,0.0,30965,60,17452,26,3.2,2.7,2.49,0.53,3.02,11.02,0.27,0.06,0.33,1.22,115.8,343.0,34.0,118.4,233.0,25.0,251.0,99.0,28.0,47.5,262.0,31.0,,,,30,,Valentín,Castellanos,Taty,,,816,2,1,4,12,0,0,0,2,0,0,10,37,,,,0.0,0.44,1.32,1.1,4.08,5,15,17
802,a,,,5.0,281,174.0,0,0.0,0,0.0,0.0,787,344.0,0,0,0.0,794.0,350.0,0,0,0.0,751.0,321.0,0.0,0.0,0.0,433,0,320,1,0.0,-0.5,0.0,0.0,0.0,0.0,0.0,0.0,0.0,0.0,0.0,793.0,349.0,0.0,791.0,349.0,0.0,787.0,347.0,0.0,793.0,349.0,,,,30,,Keiber,Lamadrid,Lamadrid,,,0,0,0,0,0,0,0,0,0,0,0,0,0,,,,0.0,0.0,0.0,0.0,0.0,0,0,0
815,a,,,4.5,420,81.0,0,0.0,0,0.0,0.1,496,176.0,20,2,3.3,144.0,52.0,0,83,3.0,91.0,35.0,0.7,4.4,0.0,15792,79,5044,15,3.0,2.5,0.69,0.01,0.7,7.35,0.12,0.0,0.12,1.22,79.0,384.0,146.0,12.9,410.0,150.0,53.0,319.0,100.0,14.5,391.0,141.0,,,,30,,Axel,Disasi,Disasi,,,540,0,0,3,7,1,0,0,0,0,0,6,33,,,,0.0,0.5,1.17,1.0,5.5,2,31,12
627,a,,,4.4,521,26.0,0,0.0,-1,1.0,0.1,427,64.0,21,0,1.8,368.0,31.0,0,117,0.0,562.0,87.0,0.0,4.8,0.0,20432,17,24676,20,0.0,-0.5,0.0,0.02,0.02,18.59,0.0,0.0,0.0,1.55,308.0,186.0,21.0,0.1,486.0,14.0,0.0,629.0,72.0,30.8,332.0,21.0,,,,30,,Sam,Johnstone,Johnstone,,,1080,0,0,0,24,1,0,0,0,0,39,12,71,,,,3.25,0.0,2.0,1.0,0.0,2,24,107
628,d,75.0,75.0,4.2,628,33.0,0,0.0,-3,3.0,1.3,174,21.0,56,0,3.1,166.0,18.0,6,249,2.8,101.0,9.0,0.7,13.3,0.0,111208,20,186705,355,0.0,1.7,0.0,0.03,0.03,26.84,0.0,0.0,0.0,1.49,400.8,118.0,19.0,10.0,421.0,6.0,0.0,596.0,65.0,41.4,289.0,19.0,,,,30,,José,Malheiro de Sá,José Sá,Ankle injury - 75% chance of playing,,1620,0,0,4,28,0,0,0,1,0,49,18,40,,,,2.72,0.22,1.56,1.0,0.0,0,37,164
629,a,100.0,100.0,3.9,743,70.0,0,0.0,-1,1.0,0.5,260,34.0,0,0,0.0,542.0,40.0,0,0,0.0,404.0,31.0,0.0,0.0,0.0,20102,15,51914,31,0.0,-0.5,0.0,0.0,0.0,0.0,0.0,0.0,0.0,0.0,0.0,532.0,40.0,0.0,519.0,23.0,0.0,489.0,10.0,0.0,534.0,40.0,,,,30,,Daniel,Bentley,Bentley,,,0,0,0,0,0,0,0,0,0,0,0,0,0,,,,0.0,0.0,0.0,0.0,0.0,0,0,0
631,u,0.0,0.0,4.2,641,152.0,0,0.0,-3,3.0,0.1,451,167.0,23,0,1.6,392.0,146.0,0,86,0.0,520.0,222.0,0.0,5.5,0.0,24605,0,63393,2,0.0,0.0,0.57,0.4,0.97,18.26,0.05,0.03,0.08,1.49,312.2,182.0,74.0,76.0,302.0,98.0,75.0,285.0,82.0,46.4,266.0,86.0,,,,30,,Emmanuel,Agbadou,Agbadou,has joined Besiktas permanently.,,1100,0,0,0,29,0,0,0,1,1,0,12,156,,,,0.0,0.0,2.37,0.98,10.23,32,93,65
632,a,100.0,100.0,4.4,519,99.0,0,0.0,-1,1.0,0.1,503,178.0,12,0,1.2,439.0,158.0,0,47,0.2,343.0,124.0,0.0,2.7,0.0,6600,8,20592,8,0.0,-0.3,0.09,0.19,0.28,13.21,0.01,0.02,0.03,1.69,116.2,342.0,131.0,50.8,339.0,116.0,18.0,386.0,137.0,18.6,378.0,134.0,,,,30,,Matt,Doherty,Doherty,,,702,0,0,1,14,0,0,0,4,0,0,10,68,,,,0.0,0.13,1.79,1.28,7.31,13,44,27
633,a,100.0,100.0,4.3,597,137.0,0,0.0,-2,2.0,0.2,360,132.0,72,0,2.7,230.0,91.0,4,284,3.6,67.0,25.0,0.8,16.7,0.0,53519,41,37704,159,0.0,3.1,0.5,2.67,3.17,29.64,0.02,0.13,0.15,1.44,451.4,85.0,36.0,510.9,29.0,2.0,134.0,207.0,49.0,109.9,69.0,12.0,1.0,,,30,,Hugo,Bueno López,H.Bueno,,,1856,1,2,4,31,0,0,0,1,0,0,20,173,,,,0.0,0.19,1.5,0.97,6.84,53,88,96
634,a,100.0,100.0,4.3,603,138.0,0,0.0,-2,2.0,0.1,441,165.0,50,0,2.4,281.0,107.0,3,190,3.4,78.0,28.0,0.8,11.6,0.0,18505,8,13376,43,0.0,2.9,1.57,0.43,2.0,27.35,0.09,0.02,0.11,1.52,325.8,174.0,71.0,114.1,241.0,65.0,207.0,120.0,20.0,64.7,196.0,65.0,,,,30,,Yerson,Mosquera Valdelamar,Mosquera,,,1617,0,0,4,29,2,0,0,10,0,0,18,173,,,,0.0,0.22,1.61,1.0,8.96,48,113,73
635,a,100.0,100.0,4.4,543,117.0,0,0.0,-1,1.0,0.1,521,185.0,34,0,2.4,282.0,108.0,0,85,3.0,90.0,34.0,0.7,7.7,0.0,12701,25,15286,35,0.0,2.5,1.69,0.29,1.98,8.42,0.26,0.04,0.3,1.27,169.2,290.0,113.0,62.9,321.0,109.0,176.0,158.0,34.0,41.0,290.0,94.0,,,,30,,Rodrigo,Martins Gomes,R.Gomes,,,596,3,0,0,11,0,0,0,0,0,0,6,49,,,,0.0,0.0,1.66,0.91,5.29,16,19,21
636,a,100.0,100.0,4.4,530,108.0,0,0.0,-1,1.0,0.1,438,163.0,71,0,3.4,133.0,47.0,2,255,2.4,137.0,49.0,0.5,16.1,0.0,30877,8,25487,61,0.0,1.9,1.63,1.04,2.67,30.22,0.08,0.05,0.13,1.48,428.0,103.0,46.0,98.1,265.0,78.0,149.0,188.0,43.0,67.4,181.0,60.0,,,,30,,Santiago,Ignacio Bueno,S.Bueno,,,1832,2,2,4,31,0,0,0,4,0,0,20,169,,,,0.0,0.2,1.52,0.98,7.52,41,112,43
637,a,100.0,100.0,4.2,640,151.0,0,0.0,-3,3.0,0.1,515,183.0,28,0,2.0,328.0,121.0,0,102,1.6,191.0,69.0,0.4,6.7,0.0,7614,1,19746,4,0.0,1.1,0.22,0.21,0.43,18.99,0.02,0.02,0.04,1.64,240.4,234.0,91.0,78.2,301.0,97.0,34.0,350.0,115.0,35.3,310.0,105.0,,,,30,,Toti,Gomes,Toti,,,1039,0,0,1,25,0,0,0,1,1,0,13,118,,,,0.0,0.09,2.17,1.13,8.32,16,80,40
638,u,0.0,0.0,3.8,795,242.0,0,0.0,-2,2.0,0.9,193,75.0,10,0,1.2,437.0,156.0,0,38,0.0,383.0,143.0,0.0,2.6,0.0,121813,0,262490,63,0.0,0.0,0.02,0.36,0.38,9.36,0.0,0.08,0.08,1.99,101.4,354.0,135.0,87.8,281.0,87.0,13.0,395.0,143.0,20.3,371.0,129.0,,,,30,,Ki-Jana,Hoever,Hoever,has joined Sheffield United on loan for the rest of the season.,,423,0,0,0,13,0,0,0,0,0,0,6,46,,,,0.0,0.0,2.77,1.28,8.51,13,27,16
639,u,0.0,0.0,4.0,715,191.0,0,0.0,0,0.0,0.0,766,259.0,0,0,0.0,617.0,231.0,0,0,0.0,485.0,195.0,0.0,0.0,0.0,0,0,882,0,0.0,0.0,0.0,0.0,0.0,0.0,0.0,0.0,0.0,0.0,0.0,607.0,231.0,0.0,599.0,231.0,0.0,571.0,228.0,0.0,609.0,231.0,,,,30,,Bastien,Meupiyou Menadjou,Meupiyou,On loan to FC Alverca,,0,0,0,0,0,0,0,0,0,0,0,0,0,,,,0.0,0.0,0.0,0.0,0.0,0,0,0
640,a,100.0,100.0,4.0,735,210.0,0,0.0,0,0.0,0.4,287,107.0,3,0,1.0,458.0,169.0,0,5,0.0,502.0,211.0,0.0,0.8,0.0,10139,2,89582,11,0.0,-0.5,0.0,0.0,0.0,0.79,0.0,0.0,0.0,23.7,0.2,504.0,179.0,0.5,474.0,175.0,2.0,442.0,166.0,0.2,503.0,178.0,,,,30,,Pedro,Cardoso de Lima,Pedro Lima,,,3,0,0,0,1,0,0,0,0,0,0,0,0,,,,0.0,0.0,30.0,0.0,0.0,0,0,1
641,u,0.0,0.0,3.9,773,225.0,0,0.0,-1,1.0,1.0,190,73.0,0,0,0.0,564.0,204.0,0,0,0.0,428.0,166.0,0.0,0.0,0.0,85684,0,148249,42,0.0,0.0,0.0,0.0,0.0,0.0,0.0,0.0,0.0,0.0,0.0,554.0,204.0,0.0,542.0,204.0,0.0,512.0,199.0,0.0,556.0,204.0,,,,30,,Alfie,Pond,Pond,has joined Crewe Alexandra on loan for the rest of the season.,,0,0,0,0,0,0,0,0,0,0,0,0,0,,,,0.0,0.0,0.0,0.0,0.0,0,0,0
642,a,100.0,100.0,5.6,126,78.0,0,0.0,-4,4.0,0.1,468,160.0,44,0,2.2,313.0,137.0,0,125,0.0,790.0,348.0,0.0,7.9,0.0,49164,10,59609,12,0.0,-0.5,2.1,0.92,3.02,17.67,0.17,0.07,0.24,1.39,132.2,326.0,147.0,152.8,203.0,131.0,145.0,195.0,109.0,42.4,282.0,141.0,,1.0,3.0,30,,Hwang,Hee-chan,Hee Chan,,,1144,2,1,2,22,0,0,0,3,0,0,15,68,,,,0.0,0.16,1.73,1.18,5.35,8,22,38
643,a,100.0,100.0,5.2,216,134.0,0,0.0,-3,3.0,0.1,470,162.0,75,0,2.8,227.0,94.0,4,360,4.4,45.0,20.0,0.8,14.4,0.0,18161,33,18282,56,0.0,3.9,0.34,0.75,1.09,33.79,0.02,0.03,0.05,1.49,326.4,173.0,69.0,228.9,142.0,96.0,28.0,365.0,187.0,58.3,214.0,107.0,,,,30,,André,Trindade da Costa Neto,André,,,2040,1,0,2,37,0,0,0,9,0,0,22,290,,,,0.0,0.09,1.63,0.97,12.79,61,72,157
644,a,100.0,100.0,5.1,232,143.0,0,0.0,-4,4.0,0.0,604,229.0,34,0,1.6,396.0,170.0,0,162,1.4,213.0,92.0,0.3,6.7,0.0,5724,3,11886,6,0.0,0.9,1.03,0.65,1.68,17.59,0.09,0.06,0.15,1.57,152.4,307.0,138.0,154.2,199.0,128.0,138.0,201.0,113.0,44.1,275.0,138.0,3.0,2.0,,30,,Jean-Ricner,Bellegarde,Bellegarde,,,1006,1,0,3,24,0,0,0,4,0,0,12,86,,,,0.0,0.27,2.15,1.07,7.69,25,27,34
645,u,0.0,0.0,5.1,243,148.0,0,0.0,-4,4.0,0.0,658,262.0,12,0,1.3,435.0,196.0,0,38,0.0,759.0,326.0,0.0,2.4,0.0,1383,0,4938,0,0.0,0.0,0.16,0.61,0.77,3.98,0.06,0.24,0.3,1.57,29.0,434.0,192.0,61.0,325.0,180.0,37.0,344.0,179.0,12.4,409.0,186.0,,,,30,,Fer,López González,Fer López,has joined Celta Vigo on loan for the rest of the season.,,228,0,1,0,9,0,0,0,1,0,0,2,12,,,,0.0,0.0,3.55,0.79,4.74,1,1,10
646,a,100.0,100.0,5.3,196,122.0,0,0.0,-2,2.0,0.3,316,107.0,85,0,3.0,194.0,82.0,4,421,3.6,68.0,31.0,0.7,16.0,0.0,70274,76,48807,272,0.0,3.1,1.15,1.34,2.49,36.08,0.05,0.05,0.1,1.47,385.0,132.0,43.0,286.9,106.0,76.0,150.0,187.0,105.0,82.7,129.0,73.0,,1.0,,30,,João Victor,Gomes da Silva,J.Gomes,,,2207,1,1,4,41,0,0,0,9,0,0,25,312,,,,0.0,0.16,1.67,1.02,12.72,83,72,157
647,u,0.0,0.0,5.5,139,86.0,0,0.0,0,0.0,0.0,798,352.0,0,0,0.0,807.0,359.0,0,0,0.0,785.0,345.0,0.0,0.0,0.0,0,0,796,0,0.0,0.0,0.0,0.0,0.0,0.0,0.0,0.0,0.0,0.0,0.0,806.0,358.0,0.0,805.0,358.0,0.0,803.0,357.0,0.0,806.0,358.0,,,,30,,Gonçalo Manuel,Ganchinho Guedes,Guedes,Has joined Real Sociedad permanently.,,0,0,0,0,0,0,0,0,0,0,0,0,0,,,,0.0,0.0,0.0,0.0,0.0,0,0,0
648,u,0.0,0.0,5.3,195,121.0,0,0.0,-2,2.0,0.0,626,244.0,38,0,2.9,207.0,85.0,1,131,0.0,769.0,333.0,0.0,7.2,0.0,19177,0,23133,0,0.0,0.0,1.64,0.38,2.02,13.36,0.17,0.04,0.21,1.38,163.6,295.0,130.0,61.8,324.0,179.0,196.0,136.0,79.0,42.1,284.0,142.0,,,,30,,Marshall,Munetsi,Munetsi,has joined Paris FC on loan for the rest of the season.,,872,1,2,0,19,0,0,0,2,0,0,9,80,,,,0.0,0.0,1.96,0.93,8.26,21,39,20
649,u,0.0,0.0,5.0,265,161.0,0,0.0,0,0.0,0.0,814,362.0,0,0,0.0,787.0,345.0,0,0,0.0,743.0,315.0,0.0,0.0,0.0,0,0,162,0,0.0,0.0,0.0,0.0,0.0,0.0,0.0,0.0,0.0,0.0,0.0,786.0,344.0,0.0,784.0,344.0,0.0,780.0,342.0,0.0,786.0,344.0,,,,30,,Boubacar,Traoré,B.Traore,Has joined FC Metz on loan for the rest of the season.,,0,0,0,0,0,0,0,0,0,0,0,0,0,,,,0.0,0.0,0.0,0.0,0.0,0,0,0
650,u,0.0,0.0,4.3,600,351.0,0,0.0,-2,2.0,0.2,374,123.0,2,0,1.0,463.0,202.0,0,4,0.0,544.0,177.0,0.0,0.5,0.0,30885,0,48429,10,0.0,0.0,0.0,0.0,0.0,0.5,0.0,0.0,0.0,1.8,3.2,482.0,220.0,0.3,479.0,232.0,0.0,613.0,230.0,0.4,493.0,225.0,,,,30,,Tawanda,Chirewa,Chirewa,has joined Barnsley on loan for the rest of the season.,,25,0,0,0,0,0,0,0,0,0,0,0,4,,,,0.0,0.0,0.0,0.0,14.4,2,1,1
651,a,,,4.3,616,361.0,0,0.0,-2,2.0,0.4,271,94.0,6,0,6.0,5.0,2.0,0,22,1.2,218.0,94.0,0.3,1.4,0.0,66930,29,68055,58,0.0,0.7,0.17,0.0,0.17,0.2,2.55,0.0,2.55,3.0,34.4,427.0,188.0,0.1,485.0,235.0,17.0,389.0,194.0,5.2,445.0,199.0,,,,30,,Tom,Edozie,Edozie,,,6,1,0,0,0,0,0,0,0,0,0,0,0,,,,0.0,0.0,0.0,0.0,0.0,0,0,0
652,a,,,4.3,615,360.0,0,0.0,-2,2.0,1.3,170,59.0,0,0,0.0,660.0,253.0,0,0,0.0,556.0,185.0,0.0,0.0,0.0,199011,25,243587,81,0.0,-0.5,0.0,0.0,0.0,0.0,0.0,0.0,0.0,0.0,0.0,650.0,243.0,0.0,646.0,248.0,0.0,623.0,237.0,0.0,652.0,245.0,,,,30,,Enso,González Medina,Gonzalez,,,0,0,0,0,0,0,0,0,0,0,0,0,0,,,,0.0,0.0,0.0,0.0,0.0,0,0,0
653,u,0.0,0.0,4.5,424,254.0,0,0.0,0,0.0,0.0,662,266.0,0,0,0.0,698.0,274.0,0,0,0.0,610.0,214.0,0.0,0.0,0.0,0,0,5779,1,0.0,0.0,0.0,0.0,0.0,0.0,0.0,0.0,0.0,0.0,0.0,692.0,268.0,0.0,687.0,271.0,0.0,669.0,263.0,0.0,694.0,270.0,,,,30,,Joe,Hodge,Hodge,Signed by CD Tondela,,0,0,0,0,0,0,0,0,0,0,0,0,0,,,,0.0,0.0,0.0,0.0,0.0,0,0,0
655,u,0.0,0.0,4.9,328,61.0,0,0.0,-1,1.0,0.2,397,60.0,0,0,0.0,777.0,86.0,0,0,0.0,727.0,77.0,0.0,0.0,0.0,7178,0,55375,2,0.0,0.0,0.0,0.0,0.0,0.0,0.0,0.0,0.0,0.0,0.0,776.0,86.0,0.0,772.0,85.0,0.0,768.0,85.0,0.0,776.0,86.0,,,,30,,Fábio,Soares Silva,Fábio Silva,has joined Borussia Dortmund permanently.,,0,0,0,0,0,0,0,0,0,0,0,0,0,,,,0.0,0.0,0.0,0.0,0.0,0,0,0
656,u,0.0,0.0,4.9,320,59.0,0,0.0,-1,1.0,0.0,590,81.0,1,0,1.0,489.0,59.0,0,1,0.0,722.0,76.0,0.0,0.2,0.0,1691,0,10144,0,0.0,0.0,0.0,0.01,0.01,0.1,0.0,0.06,0.06,0.64,1.0,499.0,61.0,4.3,443.0,58.0,2.0,453.0,61.0,0.7,488.0,61.0,,,,30,,Saša,Kalajdžić,Kalajdžić,has joined LASK on loan for the rest of the season.,,14,0,0,0,0,0,0,0,0,0,0,0,2,,,,0.0,0.0,0.0,0.0,12.86,0,1,1
657,a,100.0,100.0,4.4,564,82.0,0,0.0,-1,1.0,0.0,640,83.0,0,0,0.0,685.0,74.0,0,0,0.0,591.0,62.0,0.0,0.0,0.0,5236,3,7507,5,0.0,-0.5,0.0,0.0,0.0,0.0,0.0,0.0,0.0,0.0,0.0,678.0,74.0,0.0,673.0,73.0,0.0,653.0,73.0,0.0,680.0,74.0,,,,30,,Leon,Chiwome,Chiwome,,,0,0,0,0,0,0,0,0,0,0,0,0,0,,,,0.0,0.0,0.0,0.0,0.0,0,0,0
658,a,,,4.2,642,89.0,0,0.0,-3,3.0,1.9,143,23.0,0,0,0.0,640.0,63.0,0,0,0.0,521.0,49.0,0.0,0.0,0.0,277558,65,363673,171,0.0,-0.5,0.0,0.0,0.0,0.0,0.0,0.0,0.0,0.0,0.0,631.0,63.0,0.0,625.0,62.0,0.0,600.0,62.0,0.0,633.0,63.0,,,,30,,Nathan,Fraser,Fraser,,,0,0,0,0,0,0,0,0,0,0,0,0,0,,,,0.0,0.0,0.0,0.0,0.0,0,0,0
663,u,0.0,0.0,4.9,316,197.0,0,0.0,-6,6.0,0.1,436,146.0,45,0,2.0,333.0,145.0,2,175,0.0,719.0,298.0,0.0,9.2,0.0,20148,0,82091,3,0.0,0.0,3.38,0.62,4.0,16.0,0.27,0.05,0.32,1.29,171.0,288.0,126.0,204.0,163.0,111.0,148.0,190.0,106.0,52.1,242.0,122.0,,,,30,,Jhon,Arias,J.Arias,has joined Palmeiras permanently.,,1117,1,0,2,21,0,0,0,1,0,0,14,125,,,,0.0,0.16,1.69,1.13,10.07,43,24,58
682,a,,,4.2,638,149.0,0,0.0,-3,3.0,0.1,546,197.0,29,0,1.6,391.0,145.0,0,69,1.4,212.0,77.0,0.3,6.9,0.0,4832,2,9374,7,0.0,0.9,0.13,1.04,1.17,17.48,0.01,0.11,0.12,1.88,142.0,316.0,122.0,110.8,246.0,67.0,46.0,327.0,106.0,30.0,335.0,115.0,,,,30,,David,Møller Wolfe,Møller Wolfe,,,839,0,2,1,20,0,0,0,1,0,0,9,48,,,,0.0,0.11,2.15,0.97,4.61,9,34,20
695,a,,,4.4,551,119.0,0,0.0,-1,1.0,0.0,634,226.0,50,0,1.9,345.0,129.0,0,152,2.8,103.0,38.0,0.6,11.4,0.0,6411,3,5936,7,0.0,2.3,0.26,1.13,1.39,23.99,0.01,0.06,0.07,1.35,287.8,200.0,78.0,278.5,112.0,28.0,42.0,338.0,111.0,60.9,205.0,68.0,,,,30,,Jackson,Tchatchoua,Tchatchoua,,,1605,0,1,3,29,0,0,0,3,0,0,16,123,,,,0.0,0.17,1.63,0.9,5.5,27,71,57
709,a,100.0,100.0,4.5,427,85.0,0,0.0,0,0.0,0.1,539,191.0,59,0,2.6,251.0,97.0,0,201,0.8,271.0,97.0,0.2,13.1,0.0,24718,11,20088,24,0.0,0.3,1.97,1.35,3.32,31.35,0.09,0.06,0.15,1.45,447.4,86.0,37.0,115.0,239.0,64.0,206.0,123.0,21.0,77.1,146.0,47.0,,,,30,,Ladislav,Krejcí,Krejčí,,,1947,2,1,3,36,1,0,0,2,1,0,22,186,,,,0.0,0.14,1.66,1.02,7.53,23,140,61
749,a,,,4.5,508,75.0,0,0.0,0,0.0,2.0,138,22.0,52,0,2.7,233.0,23.0,6,207,1.6,192.0,25.0,0.4,11.6,0.0,546871,193,302954,1100,0.0,1.1,1.32,1.61,2.93,21.75,0.1,0.12,0.22,1.59,216.4,256.0,24.0,223.4,147.0,11.0,198.0,135.0,34.0,63.5,199.0,25.0,2.0,3.0,,30,,Mateus,Mané,Mané,,,1235,2,2,5,18,0,0,0,0,0,0,13,94,,,,0.0,0.36,1.31,0.95,6.85,16,27,51
766,a,,,4.0,725,200.0,0,0.0,0,0.0,0.0,657,233.0,0,0,0.0,626.0,239.0,0,0,0.0,495.0,204.0,0.0,0.0,0.0,3237,1,1746,8,0.0,-0.5,0.0,0.0,0.0,0.0,0.0,0.0,0.0,0.0,0.0,616.0,239.0,0.0,608.0,239.0,0.0,580.0,236.0,0.0,618.0,239.0,,,,30,,Saheed,Olagunju,Olagunju,,,0,0,0,0,0,0,0,0,0,0,0,0,0,,,,0.0,0.0,0.0,0.0,0.0,0,0,0
767,a,,,4.5,492,303.0,0,0.0,0,0.0,0.0,767,327.0,0,0,0.0,742.0,311.0,0,0,0.0,664.0,259.0,0.0,0.0,0.0,1099,0,700,0,0.0,-0.5,0.0,0.0,0.0,0.0,0.0,0.0,0.0,0.0,0.0,740.0,309.0,0.0,734.0,309.0,0.0,721.0,305.0,0.0,740.0,309.0,,,,30,,Luke,Rawlings,Rawlings,,,0,0,0,0,0,0,0,0,0,0,0,0,0,,,,0.0,0.0,0.0,0.0,0.0,0,0,0
777,u,0.0,0.0,4.5,453,272.0,0,0.0,0,0.0,0.0,806,358.0,0,0,0.0,714.0,289.0,0,0,0.0,630.0,231.0,0.0,0.0,0.0,415,0,340,2,0.0,0.0,0.0,0.0,0.0,0.0,0.0,0.0,0.0,0.0,0.0,709.0,284.0,0.0,705.0,286.0,0.0,689.0,279.0,0.0,710.0,285.0,,,,30,,Temple,Ojinnaka,Ojinnaka,has joined Shrewsbury Town on loan for the rest of the season.,,0,0,0,0,0,0,0,0,0,0,0,0,0,,,,0.0,0.0,0.0,0.0,0.0,0,0,0
778,a,,,4.5,484,297.0,0,0.0,0,0.0,0.0,756,322.0,0,0,0.0,735.0,306.0,0,0,0.0,657.0,254.0,0.0,0.0,0.0,1336,0,771,0,0.0,-0.5,0.0,0.0,0.0,0.0,0.0,0.0,0.0,0.0,0.0,733.0,304.0,0.0,727.0,304.0,0.0,714.0,300.0,0.0,733.0,304.0,,,,30,,Ethan,Sutherland,Sutherland,,,0,0,0,0,0,0,0,0,0,0,0,0,0,,,,0.0,0.0,0.0,0.0,0.0,0,0,0
809,a,,,4.5,515,319.0,0,0.0,0,0.0,0.0,755,321.0,0,0,0.0,757.0,323.0,0,0,0.0,682.0,273.0,0.0,0.0,0.0,1198,3,441,3,0.0,-0.5,0.0,0.0,0.0,0.0,0.0,0.0,0.0,0.0,0.0,756.0,322.0,0.0,750.0,322.0,0.0,738.0,319.0,0.0,756.0,322.0,,,,30,,Jerome,Abbey,Abbey,,,0,0,0,0,0,0,0,0,0,0,0,0,0,,,,0.0,0.0,0.0,0.0,0.0,0,0,0
816,a,100.0,100.0,4.8,356,224.0,0,0.0,-2,2.0,0.0,702,286.0,9,0,1.5,411.0,182.0,0,52,0.8,280.0,126.0,0.2,1.9,0.0,4425,3,2633,14,0.0,0.3,0.05,0.09,0.14,8.46,0.02,0.03,0.05,3.21,38.2,422.0,185.0,45.1,351.0,186.0,10.0,408.0,200.0,9.4,419.0,189.0,,,,30,,Angel,Gomes,Angel,,,237,0,0,1,4,0,0,0,0,0,0,4,22,,,,0.0,0.38,1.52,1.52,8.35,7,4,11
817,a,,,5.3,185,45.0,0,0.0,-2,2.0,0.1,576,78.0,15,0,2.5,272.0,27.0,0,59,1.8,182.0,23.0,0.3,2.8,0.0,16298,13,9670,49,0.0,1.3,0.18,0.58,0.76,10.73,0.03,0.11,0.14,2.01,59.4,402.0,43.0,60.8,327.0,37.0,13.0,396.0,56.0,13.4,400.0,49.0,,,,30,,Adam,Armstrong,Armstrong,,,481,0,2,3,5,0,0,0,2,0,0,6,22,,,,0.0,0.56,0.94,1.12,4.12,3,9,10
