id,first_name,second_name,web_name,status,news,news_added,now_cost,now_cost_rank,now_cost_rank_type,selected_by_percent,selected_rank,selected_rank_type,form,form_rank,form_rank_type,event_points,cost_change_event,cost_change_event_fall,cost_change_start,cost_change_start_fall,transfers_in_event,transfers_out_event,value_form,value_season,ep_next,ep_this,points_per_game,points_per_game_rank,points_per_game_rank_type,chance_of_playing_next_round,chance_of_playing_this_round,influence_rank,influence_rank_type,creativity_rank,creativity_rank_type,threat_rank,threat_rank_type,ict_index_rank,ict_index_rank_type,corners_and_indirect_freekicks_order,direct_freekicks_order,penalties_order,set_piece_threat,corners_and_indirect_freekicks_text,direct_freekicks_text,penalties_text,expected_goals_per_90,expected_assists_per_90,expected_goal_involvements_per_90,expected_goals_conceded_per_90,saves_per_90,clean_sheets_per_90,goals_conceded_per_90,starts_per_90,defensive_contribution_per_90,gw,total_points,minutes,goals_scored,assists,clean_sheets,goals_conceded,own_goals,penalties_saved,penalties_missed,yellow_cards,red_cards,saves,starts,bonus,bps,transfers_in,transfers_out,dreamteam_count,expected_goals,expected_assists,expected_goal_involvements,expected_goals_conceded,influence,creativity,threat,ict_index,tackles,clearances_blocks_interceptions,recoveries,defensive_contribution
1,David,Raya Martín,Raya,a,,,6.0,86,1.0,34.2,7,1.0,3.2,72.0,9.0,0,0,0.0,5,-5.0,762,979,0.5,18.7,4.2,3.7,4.0,71.0,7.0,,,98.0,16.0,368.0,3.0,809.0,94.0,258.0,15.0,,,,,,,,0.0,0.0,0.0,0.69,1.46,0.46,0.75,1.0,0.0,28,0,0,0,0,0,0,0,0,0,0,0,0,0,0,0,6457,33452,0.0,0.0,0.0,0.0,0.0,0.0,0.0,0.0,0.0,0,0,0,0
2,Kepa,Arrizabalaga Revuelta,Arrizabalaga,a,,,4.1,650,36.0,0.4,282,36.0,0.0,511.0,77.0,0,0,0.0,-4,4.0,3,10,0.0,0.0,1.0,0.5,0.0,633.0,85.0,,,623.0,85.0,615.0,73.0,586.0,60.0,625.0,85.0,,,,,,,,0.0,0.0,0.0,0.0,0.0,0.0,0.0,0.0,0.0,28,0,0,0,0,0,0,0,0,0,0,0,0,0,0,0,52,91,0.0,0.0,0.0,0.0,0.0,0.0,0.0,0.0,0.0,0,0,0,0
3,Karl,Hein,Hein,u,Has joined Werder Bremen on loan for the rest of the season.,,4.0,685,54.0,0.2,370,54.0,0.0,466.0,65.0,0,0,0.0,0,0.0,0,1,0.0,0.0,0.0,0.0,0.0,593.0,73.0,0.0,0.0,583.0,73.0,575.0,61.0,543.0,48.0,585.0,73.0,,,,,,,,0.0,0.0,0.0,0.0,0.0,0.0,0.0,0.0,0.0,28,0,0,0,0,0,0,0,0,0,0,0,0,0,0,0,0,23,0.0,0.0,0.0,0.0,0.0,0.0,0.0,0.0,0.0,0,0,0,0
4,Tommy,Setford,Setford,a,,,3.9,775,90.0,0.2,356,52.0,0.0,436.0,49.0,0,0,0.0,-1,1.0,6,9,0.0,0.0,1.0,0.5,0.0,565.0,58.0,,,555.0,58.0,544.0,43.0,510.0,30.0,557.0,58.0,,,,,,,,0.0,0.0,0.0,0.0,0.0,0.0,0.0,0.0,0.0,28,0,0,0,0,0,0,0,0,0,0,0,0,0,0,0,116,99,0.0,0.0,0.0,0.0,0.0,0.0,0.0,0.0,0.0,0,0,0,0
5,Gabriel,dos Santos Magalhães,Gabriel,a,,,7.1,33,1.0,42.6,4,1.0,3.8,47.0,13.0,0,0,0.0,11,-11.0,998,825,0.5,20.3,4.8,4.3,6.5,2.0,1.0,100.0,100.0,21.0,10.0,244.0,70.0,132.0,25.0,88.0,22.0,,,,,,,,0.09,0.05,0.14,0.61,0.0,0.57,0.66,1.0,8.83,28,0,0,0,0,0,0,0,0,0,0,0,0,0,0,0,12914,28724,0.0,0.0,0.0,0.0,0.0,0.0,0.0,0.0,0.0,0,0,0,0
6,William,Saliba,Saliba,a,,,6.1,84,4.0,13.5,25,9.0,2.7,108.0,37.0,0,0,0.0,1,-1.0,306,808,0.4,14.1,3.7,3.2,3.7,103.0,38.0,100.0,100.0,126.0,55.0,217.0,54.0,337.0,110.0,225.0,75.0,,,,,,,,0.03,0.03,0.06,0.62,0.0,0.48,0.71,1.05,6.27,28,0,0,0,0,0,0,0,0,0,0,0,0,0,0,0,3080,26456,0.0,0.0,0.0,0.0,0.0,0.0,0.0,0.0,0.0,0,0,0,0
7,Riccardo,Calafiori,Calafiori,a,,,5.6,132,14.0,6.2,62,21.0,1.5,199.0,75.0,0,0,0.0,1,-1.0,60,318,0.3,15.4,2.5,2.0,4.3,47.0,21.0,100.0,100.0,231.0,90.0,236.0,65.0,101.0,12.0,210.0,70.0,,,,,,,,0.19,0.03,0.22,0.52,0.0,0.67,0.53,1.14,6.08,28,0,0,0,0,0,0,0,0,0,0,0,0,0,0,0,513,8829,0.0,0.0,0.0,0.0,0.0,0.0,0.0,0.0,0.0,0,0,0,0
8,Jurriën,Timber,J.Timber,a,,,6.3,69,2.0,27.7,13,4.0,2.8,105.0,36.0,0,-1,1.0,8,-8.0,835,3093,0.4,20.2,3.8,3.3,4.7,23.0,8.0,100.0,100.0,74.0,34.0,55.0,8.0,57.0,1.0,43.0,4.0,,,,,,,,0.17,0.06,0.23,0.59,0.0,0.48,0.77,1.01,5.07,28,0,0,0,0,0,0,0,0,0,0,0,0,0,0,0,8153,108744,0.0,0.0,0.0,0.0,0.0,0.0,0.0,0.0,0.0,0,0,0,0
9,Jakub,Kiwior,Kiwior,u,has joined Porto on loan for the rest of the season.,,5.4,173,20.0,0.0,591,210.0,0.0,775.0,261.0,0,0,0.0,-1,1.0,0,0,0.0,0.0,0.0,0.0,0.0,800.0,265.0,0.0,0.0,800.0,265.0,799.0,265.0,797.0,265.0,800.0,265.0,,,,,,,,0.0,0.0,0.0,0.0,0.0,0.0,0.0,0.0,0.0,28,0,0,0,0,0,0,0,0,0,0,0,0,0,0,0,0,0,0.0,0.0,0.0,0.0,0.0,0.0,0.0,0.0,0.0,0,0,0,0
10,Myles,Lewis-Skelly,Lewis-Skelly,a,,,5.1,238,35.0,1.4,161,63.0,0.0,755.0,257.0,0,0,0.0,-4,4.0,24,31,0.0,2.4,1.0,0.5,0.9,506.0,175.0,,,427.0,160.0,347.0,120.0,384.0,136.0,416.0,150.0,,,,,,,,0.01,0.02,0.03,1.52,0.0,0.0,1.45,0.29,4.05,28,0,0,0,0,0,0,0,0,0,0,0,0,0,0,0,110,336,0.0,0.0,0.0,0.0,0.0,0.0,0.0,0.0,0.0,0,0,0,0
11,Benjamin,White,White,d,Knock - 75% chance of playing,,5.1,227,30.0,0.5,260,97.0,0.0,751.0,255.0,0,0,0.0,-4,4.0,1,73,0.0,5.9,0.8,0.4,4.3,44.0,19.0,75.0,75.0,333.0,126.0,265.0,82.0,320.0,103.0,343.0,117.0,,,,,,,,0.09,0.11,0.2,1.35,0.0,0.66,0.88,1.1,7.92,28,0,0,0,0,0,0,0,0,0,0,0,0,0,0,0,12,1111,0.0,0.0,0.0,0.0,0.0,0.0,0.0,0.0,0.0,0,0,0,0
13,Brayden,Clarke,Clarke,a,,,3.8,809,257.0,0.4,272,100.0,0.0,400.0,155.0,0,0,0.0,-2,2.0,6,11,0.0,0.0,1.0,0.5,0.0,531.0,196.0,,,521.0,195.0,509.0,195.0,475.0,187.0,523.0,195.0,,,,,,,,0.0,0.0,0.0,0.0,0.0,0.0,0.0,0.0,0.0,28,0,0,0,0,0,0,0,0,0,0,0,0,0,0,0,45,142,0.0,0.0,0.0,0.0,0.0,0.0,0.0,0.0,0.0,0,0,0,0
14,Maldini,Kacurri,Kacurri,u,has joined Morecambe on loan for the rest of the season.,,3.9,780,229.0,0.1,490,175.0,0.0,441.0,169.0,0,0,0.0,-1,1.0,0,0,0.0,0.0,0.0,0.0,0.0,570.0,208.0,0.0,0.0,560.0,207.0,549.0,207.0,515.0,199.0,562.0,207.0,,,,,,,,0.0,0.0,0.0,0.0,0.0,0.0,0.0,0.0,0.0,28,0,0,0,0,0,0,0,0,0,0,0,0,0,0,0,0,8,0.0,0.0,0.0,0.0,0.0,0.0,0.0,0.0,0.0,0,0,0,0
15,Josh,Nichols,Nichols,a,,,3.7,815,262.0,0.2,352,128.0,0.0,379.0,135.0,0,0,0.0,-3,3.0,51,26,0.0,0.0,1.0,0.5,0.0,516.0,182.0,,,505.0,180.0,490.0,177.0,455.0,168.0,507.0,180.0,,,,,,,,0.0,0.0,0.0,0.0,0.0,0.0,0.0,0.0,0.0,28,0,0,0,0,0,0,0,0,0,0,0,0,0,0,0,862,261,0.0,0.0,0.0,0.0,0.0,0.0,0.0,0.0,0.0,0,0,0,0
16,Bukayo,Saka,Saka,a,,,9.8,6,4.0,7.6,53,19.0,3.0,94.0,42.0,0,0,0.0,-2,2.0,749,225,0.3,12.1,4.0,3.5,5.0,15.0,9.0,100.0,100.0,66.0,19.0,8.0,8.0,5.0,2.0,5.0,4.0,2.0,2.0,1.0,,,,,0.35,0.28,0.63,0.6,0.0,0.42,0.78,0.99,7.57,28,0,0,0,0,0,0,0,0,0,0,0,0,0,0,0,7158,8452,0.0,0.0,0.0,0.0,0.0,0.0,0.0,0.0,0.0,0,0,0,0
17,Martin,Ødegaard,Ødegaard,a,,,7.8,18,13.0,1.6,150,50.0,1.5,200.0,86.0,0,0,0.0,-2,2.0,67,52,0.2,7.9,2.5,2.0,3.1,183.0,78.0,100.0,100.0,207.0,89.0,37.0,35.0,186.0,104.0,115.0,65.0,4.0,,3.0,,,,,0.08,0.24,0.32,1.08,0.0,0.34,0.93,1.09,6.81,28,0,0,0,0,0,0,0,0,0,0,0,0,0,0,0,483,753,0.0,0.0,0.0,0.0,0.0,0.0,0.0,0.0,0.0,0,0,0,0
18,Noni,Madueke,Madueke,a,,,6.8,44,27.0,1.2,179,62.0,4.8,15.0,5.0,0,0,0.0,-2,2.0,319,334,0.7,7.5,5.8,5.3,2.7,249.0,103.0,100.0,100.0,265.0,111.0,122.0,84.0,77.0,47.0,150.0,82.0,3.0,,,,,,,0.1,0.21,0.31,0.94,0.0,0.54,0.76,1.19,4.99,28,0,0,0,0,0,0,0,0,0,0,0,0,0,0,0,2094,13182,0.0,0.0,0.0,0.0,0.0,0.0,0.0,0.0,0.0,0,0,0,0
19,Gabriel,Martinelli Silva,Martinelli,a,,,6.8,46,29.0,0.9,197,68.0,2.0,169.0,79.0,0,0,0.0,-2,2.0,22,92,0.3,6.0,3.0,2.5,1.9,352.0,155.0,100.0,100.0,299.0,134.0,210.0,137.0,67.0,41.0,202.0,102.0,,,,,,,,0.43,0.11,0.54,0.83,0.0,0.25,0.63,1.0,7.15,28,0,0,0,0,0,0,0,0,0,0,0,0,0,0,0,215,3347,0.0,0.0,0.0,0.0,0.0,0.0,0.0,0.0,0.0,0,0,0,0
20,Leandro,Trossard,Trossard,a,,,6.7,48,30.0,1.0,187,67.0,2.3,136.0,61.0,0,0,0.0,-3,3.0,130,206,0.3,14.5,3.3,2.8,4.0,73.0,33.0,100.0,100.0,103.0,32.0,36.0,34.0,34.0,18.0,34.0,25.0,,,4.0,,,,,0.27,0.15,0.42,0.6,0.0,0.45,0.74,0.96,6.06,28,0,0,0,0,0,0,0,0,0,0,0,0,0,0,0,1745,5430,0.0,0.0,0.0,0.0,0.0,0.0,0.0,0.0,0.0,0,0,0,0
21,Declan,Rice,Rice,a,,,7.5,22,15.0,33.1,9,3.0,4.3,29.0,12.0,0,-1,1.0,10,-10.0,2671,2768,0.6,20.3,5.3,4.8,5.6,8.0,5.0,100.0,100.0,9.0,3.0,3.0,3.0,86.0,53.0,8.0,6.0,1.0,1.0,,,,,,0.11,0.23,0.34,0.62,0.0,0.46,0.77,1.01,11.26,28,0,0,0,0,0,0,0,0,0,0,0,0,0,0,0,23102,93698,0.0,0.0,0.0,0.0,0.0,0.0,0.0,0.0,0.0,0,0,0,0
22,Mikel,Merino Zazón,Merino,i,Foot injury - Unknown return date,,5.4,164,101.0,0.8,203,70.0,0.0,770.0,335.0,0,0,0.0,-6,6.0,1,114,0.0,12.2,0.0,0.0,3.1,179.0,76.0,0.0,0.0,182.0,72.0,164.0,113.0,98.0,60.0,141.0,77.0,,,,,,,,0.27,0.13,0.4,0.6,0.0,0.36,0.81,0.9,10.03,28,0,0,0,0,0,0,0,0,0,0,0,0,0,0,0,3,1182,0.0,0.0,0.0,0.0,0.0,0.0,0.0,0.0,0.0,0,0,0,0
23,Fábio,Ferreira Vieira,Fábio Vieira,u,has joined Hamburger on loan for the rest of the season.,,5.4,172,107.0,0.0,683,279.0,0.0,774.0,337.0,0,0,0.0,-1,1.0,0,1,0.0,0.0,0.0,0.0,0.0,799.0,353.0,0.0,0.0,799.0,353.0,798.0,353.0,796.0,352.0,799.0,353.0,,,,,,,,0.0,0.0,0.0,0.0,0.0,0.0,0.0,0.0,0.0,28,0,0,0,0,0,0,0,0,0,0,0,0,0,0,0,0,1,0.0,0.0,0.0,0.0,0.0,0.0,0.0,0.0,0.0,0,0,0,0
24,Christian,Nørgaard,Nørgaard,a,,,5.1,225,138.0,0.1,434,146.0,0.2,366.0,165.0,0,0,0.0,-4,4.0,3,7,0.0,0.8,1.2,0.7,1.0,496.0,231.0,100.0,100.0,450.0,201.0,476.0,231.0,420.0,204.0,463.0,210.0,,,,,,,,0.14,0.0,0.14,6.13,0.0,0.0,2.81,0.0,25.31,28,0,0,0,0,0,0,0,0,0,0,0,0,0,0,0,23,40,0.0,0.0,0.0,0.0,0.0,0.0,0.0,0.0,0.0,0,0,0,0
25,Ethan,Nwaneri,Nwaneri,u,has joined Marseille on loan for the rest of the season.,,5.0,270,165.0,0.1,449,154.0,0.0,743.0,318.0,0,0,0.0,-5,5.0,0,4,0.0,1.6,0.0,0.0,1.3,430.0,193.0,0.0,0.0,460.0,208.0,386.0,196.0,363.0,188.0,440.0,196.0,,,,,,,,0.13,0.04,0.17,0.4,0.0,0.55,0.0,0.0,7.09,28,0,0,0,0,0,0,0,0,0,0,0,0,0,0,0,0,17,0.0,0.0,0.0,0.0,0.0,0.0,0.0,0.0,0.0,0,0,0,0
26,Martín,Zubimendi Ibáñez,Zubimendi,a,,,5.3,199,124.0,5.0,70,25.0,4.7,17.0,7.0,0,0,0.0,-2,2.0,422,1034,0.9,20.6,5.7,5.2,3.9,83.0,39.0,100.0,100.0,54.0,14.0,77.0,57.0,97.0,59.0,55.0,35.0,,,,,,,,0.1,0.07,0.17,0.7,0.0,0.5,0.73,1.03,9.13,28,0,0,0,0,0,0,0,0,0,0,0,0,0,0,0,5201,32321,0.0,0.0,0.0,0.0,0.0,0.0,0.0,0.0,0.0,0,0,0,0
28,Ismeal,Kabia,Kabia,u,has joined Shrewsbury Town on loan for the rest of the season.,,4.5,486,297.0,0.1,484,171.0,0.0,658.0,258.0,0,0,0.0,0,0.0,0,0,0.0,0.0,0.0,0.0,0.0,732.0,304.0,0.0,0.0,731.0,303.0,725.0,303.0,712.0,299.0,731.0,303.0,,,,,,,,0.0,0.0,0.0,0.0,0.0,0.0,0.0,0.0,0.0,28,0,0,0,0,0,0,0,0,0,0,0,0,0,0,0,0,3,0.0,0.0,0.0,0.0,0.0,0.0,0.0,0.0,0.0,0,0,0,0
29,Albert,Sambi Lokonga,Sambi,u,has joined Hamburger permanently.,,4.5,429,256.0,0.0,586,221.0,0.0,614.0,220.0,0,0,0.0,0,0.0,0,1,0.0,0.0,0.0,0.0,0.0,697.0,274.0,0.0,0.0,691.0,269.0,687.0,272.0,670.0,265.0,693.0,271.0,,,,,,,,0.0,0.0,0.0,0.0,0.0,0.0,0.0,0.0,0.0,28,0,0,0,0,0,0,0,0,0,0,0,0,0,0,0,0,4,0.0,0.0,0.0,0.0,0.0,0.0,0.0,0.0,0.0,0,0,0,0
30,Kai,Havertz,Havertz,d,Muscle injury - 75% chance of playing,,7.3,25,10.0,0.5,255,40.0,1.2,242.0,30.0,0,0,0.0,-2,2.0,6,167,0.2,1.1,1.7,1.3,2.7,250.0,28.0,75.0,75.0,425.0,50.0,370.0,48.0,373.0,54.0,421.0,53.0,,,,,,,,0.12,0.03,0.15,0.64,0.0,1.15,0.0,1.15,5.77,28,0,0,0,0,0,0,0,0,0,0,0,0,0,0,0,50,5976,0.0,0.0,0.0,0.0,0.0,0.0,0.0,0.0,0.0,0,0,0,0
31,Gabriel,Fernando de Jesus,G.Jesus,a,,,6.4,55,20.0,0.5,266,43.0,1.0,255.0,31.0,0,0,0.0,-1,1.0,34,232,0.2,2.7,2.0,1.5,1.5,417.0,51.0,100.0,100.0,344.0,34.0,381.0,49.0,111.0,28.0,313.0,35.0,,,,,,,,0.52,0.06,0.58,1.05,0.0,0.0,1.78,0.59,7.7,28,0,0,0,0,0,0,0,0,0,0,0,0,0,0,0,259,4568,0.0,0.0,0.0,0.0,0.0,0.0,0.0,0.0,0.0,0,0,0,0
266,Eberechi,Eze,Eze,a,,,7.2,31,18.0,7.9,47,16.0,3.0,92.0,40.0,0,0,0.0,-3,3.0,720,187,0.4,11.9,4.0,3.5,3.7,104.0,47.0,,,150.0,51.0,147.0,101.0,56.0,34.0,97.0,58.0,,,,,,,,0.26,0.15,0.41,0.54,0.0,0.44,0.66,1.03,5.96,28,0,0,0,0,0,0,0,0,0,0,0,0,0,0,0,11147,2353,0.0,0.0,0.0,0.0,0.0,0.0,0.0,0.0,0.0,0,0,0,0
662,Cristhian,Mosquera,Mosquera,a,,,5.3,202,25.0,0.1,427,158.0,0.8,277.0,98.0,0,0,0.0,-2,2.0,13,5,0.2,4.2,1.8,1.3,1.8,372.0,138.0,100.0,100.0,319.0,120.0,360.0,127.0,413.0,154.0,375.0,131.0,,,,,,,,0.0,0.08,0.08,0.75,0.0,0.16,0.82,0.82,8.97,28,0,0,0,0,0,0,0,0,0,0,0,0,0,0,0,65,59,0.0,0.0,0.0,0.0,0.0,0.0,0.0,0.0,0.0,0,0,0,0
666,Viktor,Gyökeres,Gyökeres,a,,,8.8,8,4.0,12.2,27,5.0,5.8,6.0,2.0,0,0,0.0,-2,2.0,1939,408,0.7,10.3,6.8,6.3,3.5,131.0,13.0,100.0,100.0,120.0,11.0,160.0,12.0,19.0,12.0,47.0,11.0,,,2.0,,,,,0.43,0.09,0.52,0.64,0.0,0.52,0.52,1.1,3.29,28,0,0,0,0,0,0,0,0,0,0,0,0,0,0,0,25638,14107,0.0,0.0,0.0,0.0,0.0,0.0,0.0,0.0,0.0,0,0,0,0
700,Max,Dowman,Dowman,d,Lack of match fitness - 75% chance of playing,,4.2,648,367.0,0.5,263,91.0,0.0,530.0,174.0,0,0,0.0,-3,3.0,129,80,0.0,1.2,0.8,0.4,2.5,269.0,113.0,75.0,75.0,493.0,228.0,468.0,226.0,360.0,186.0,458.0,208.0,,,,,,,,0.47,0.07,0.54,0.4,0.0,0.0,0.0,0.0,10.0,28,0,0,0,0,0,0,0,0,0,0,0,0,0,0,0,2502,902,0.0,0.0,0.0,0.0,0.0,0.0,0.0,0.0,0.0,0,0,0,0
711,Andre,Harriman-Annous,Harriman-Annous,a,,,4.4,571,342.0,0.0,701,291.0,0.0,599.0,213.0,0,0,0.0,-1,1.0,2,1,0.0,0.0,1.0,0.5,0.0,686.0,268.0,,,680.0,263.0,674.0,266.0,655.0,258.0,682.0,265.0,,,,,,,,0.0,0.0,0.0,0.0,0.0,0.0,0.0,0.0,0.0,28,0,0,0,0,0,0,0,0,0,0,0,0,0,0,0,7,4,0.0,0.0,0.0,0.0,0.0,0.0,0.0,0.0,0.0,0,0,0,0
725,Piero,Hincapié,Hincapie,a,,,5.1,236,34.0,0.7,213,81.0,4.3,28.0,8.0,0,0,0.0,-4,4.0,335,55,0.8,12.0,5.3,4.8,3.4,138.0,50.0,100.0,100.0,149.0,65.0,188.0,47.0,313.0,98.0,219.0,74.0,,,,,,,,0.02,0.09,0.11,0.85,0.0,0.21,1.04,1.04,8.15,28,0,0,0,0,0,0,0,0,0,0,0,0,0,0,0,3857,1755,0.0,0.0,0.0,0.0,0.0,0.0,0.0,0.0,0.0,0,0,0,0
759,Marli,Salmon,Salmon,a,,,4.0,728,204.0,0.0,688,239.0,0.0,505.0,208.0,0,0,0.0,0,0.0,1,0,0.0,0.0,1.0,0.5,0.0,627.0,241.0,,,617.0,240.0,609.0,240.0,578.0,235.0,619.0,240.0,,,,,,,,0.0,0.0,0.0,0.0,0.0,0.0,0.0,0.0,0.0,28,0,0,0,0,0,0,0,0,0,0,0,0,0,0,0,19,7,0.0,0.0,0.0,0.0,0.0,0.0,0.0,0.0,0.0,0,0,0,0
32,Emiliano,Martínez Romero,Martinez,a,,,5.1,224,7.0,4.8,75,13.0,4.0,36.0,5.0,1,0,0.0,1,-1.0,206,1968,0.8,18.8,3.5,4.5,4.0,66.0,4.0,100.0,100.0,50.0,12.0,448.0,12.0,788.0,90.0,221.0,12.0,,,,,,,,0.0,0.0,0.0,1.29,2.89,0.26,0.94,1.02,0.0,28,1,90,0,0,0,2,0,0,0,0,0,0,1,0,6,13697,8248,0.0,0.0,0.0,0.0,0.9199999999999982,6.2000000000000455,0.10000000000000009,0.0,0.6000000000000014,0,0,6,0
33,Marco,Bizot,M.Bizot,a,,,4.2,626,32.0,0.4,283,37.0,0.0,517.0,81.0,0,0,0.0,-3,3.0,4,10,0.0,2.6,-0.5,0.5,2.2,308.0,27.0,100.0,100.0,354.0,28.0,619.0,77.0,591.0,64.0,418.0,28.0,,,,,,,,0.0,0.0,0.0,1.9,2.89,0.22,1.78,0.89,0.0,28,0,0,0,0,0,0,0,0,0,0,0,0,0,0,0,38,126,0.0,0.0,0.0,0.0,0.0,0.0,0.0,0.0,0.0,0,0,0,0
34,Joe,Gauci,Gauci,u,Has joined Port Vale on loan for the rest of the season.,,4.0,684,53.0,0.1,494,74.0,0.0,465.0,64.0,0,0,0.0,0,0.0,0,2,0.0,0.0,0.0,0.0,0.0,592.0,72.0,0.0,0.0,582.0,72.0,574.0,60.0,542.0,47.0,584.0,72.0,,,,,,,,0.0,0.0,0.0,0.0,0.0,0.0,0.0,0.0,0.0,28,0,0,0,0,0,0,0,0,0,0,0,0,0,0,0,0,11,0.0,0.0,0.0,0.0,0.0,0.0,0.0,0.0,0.0,0,0,0,0
35,Filip,Marschall,Marschall,u,Has joined Stevenage permanently.,,4.0,683,52.0,0.0,749,84.0,0.0,464.0,63.0,0,0,0.0,0,0.0,0,0,0.0,0.0,0.0,0.0,0.0,591.0,71.0,0.0,0.0,581.0,71.0,573.0,59.0,541.0,46.0,583.0,71.0,,,,,,,,0.0,0.0,0.0,0.0,0.0,0.0,0.0,0.0,0.0,28,0,0,0,0,0,0,0,0,0,0,0,0,0,0,0,0,1,0.0,0.0,0.0,0.0,0.0,0.0,0.0,0.0,0.0,0,0,0,0
36,Matty,Cash,Cash,a,,,4.9,300,46.0,11.0,32,11.0,1.2,229.0,86.0,0,0,0.0,4,-4.0,296,4369,0.2,20.6,0.7,1.7,3.9,80.0,29.0,100.0,100.0,51.0,23.0,41.0,3.0,137.0,27.0,48.0,5.0,5.0,,,,,,,0.04,0.1,0.14,1.33,0.0,0.27,0.98,1.01,5.81,28,0,90,0,0,0,2,0,0,0,1,0,0,1,0,11,18361,20020,0.0,0.0,0.06999999999999984,0.06999999999999984,0.9200000000000017,22.80000000000001,33.89999999999998,0.0,5.700000000000003,5,2,6,7
37,Lucas,Digne,Digne,a,,,4.5,409,73.0,1.5,155,62.0,1.2,222.0,83.0,2,0,0.0,0,0.0,53,128,0.3,16.4,0.7,1.7,3.1,171.0,66.0,100.0,100.0,194.0,79.0,84.0,20.0,226.0,58.0,154.0,50.0,,2.0,,,,,,0.04,0.15,0.19,1.35,0.0,0.39,0.91,1.04,5.16,28,2,69,0,0,0,1,0,0,0,0,0,0,1,0,7,1079,2267,0.0,0.0,0.08999999999999986,0.08999999999999986,0.4499999999999993,1.400000000000034,6.2999999999999545,0.0,0.7999999999999972,0,1,1,1
38,Ezri,Konsa Ngoyo,Konsa,a,,,4.4,526,105.0,8.3,44,16.0,3.6,50.0,14.0,1,0,0.0,-1,1.0,346,917,0.8,20.0,3.1,4.1,3.3,142.0,54.0,100.0,100.0,69.0,31.0,272.0,87.0,230.0,60.0,161.0,53.0,,,,,,,,0.04,0.02,0.06,1.39,0.0,0.3,1.09,1.01,6.02,28,1,90,0,0,0,2,0,0,0,0,0,0,1,0,10,16609,6120,0.0,0.0,0.010000000000000009,0.010000000000000009,0.9200000000000017,16.80000000000001,0.8000000000000114,0.0,1.7999999999999972,2,5,5,7
39,Ian,Maatsen,Maatsen,a,,,4.2,636,148.0,0.6,225,86.0,2.8,95.0,33.0,1,0,0.0,-3,3.0,22,139,0.7,9.3,2.3,3.3,1.8,357.0,134.0,,,220.0,85.0,91.0,22.0,140.0,28.0,146.0,46.0,,,,,,,,0.08,0.14,0.22,1.43,0.0,0.16,1.25,0.94,7.18,28,1,20,0,0,0,1,0,0,0,0,0,0,0,0,3,1437,1132,0.0,0.20000000000000007,0.08000000000000007,0.28000000000000025,0.4700000000000024,13.0,25.19999999999999,23.0,6.099999999999994,0,2,2,2
40,Tyrone,Mings,Mings,a,,,4.3,578,126.0,0.7,217,82.0,3.2,67.0,23.0,0,0,0.0,-2,2.0,31,126,0.7,9.5,2.7,3.7,3.7,94.0,34.0,100.0,100.0,263.0,109.0,301.0,99.0,309.0,95.0,323.0,111.0,,,,,,,,0.07,0.04,0.11,1.48,0.0,0.35,0.92,1.04,7.48,28,0,0,0,0,0,0,0,0,0,0,0,0,0,0,0,2132,2063,0.0,0.0,0.0,0.0,0.0,0.0,0.0,0.0,0.0,0,0,0,0
41,Pau,Torres,Pau,a,,,4.3,586,131.0,0.3,312,114.0,0.6,289.0,103.0,1,0,0.0,-2,2.0,9,22,0.1,11.6,0.1,1.1,3.1,170.0,65.0,100.0,100.0,213.0,84.0,359.0,126.0,310.0,96.0,306.0,102.0,,,,,,,,0.04,0.02,0.06,1.25,0.0,0.28,1.04,0.97,6.53,28,1,90,0,0,0,2,0,0,0,0,0,0,1,0,9,111,399,0.0,0.040000000000000036,0.010000000000000009,0.04999999999999993,0.9199999999999982,15.799999999999983,1.5,4.0,2.1000000000000014,1,6,3,7
42,Andrés,García,A.García,a,,,3.9,781,230.0,0.2,372,136.0,0.2,339.0,120.0,0,0,0.0,-1,1.0,10,3,0.1,0.5,-0.3,0.7,0.7,509.0,176.0,100.0,100.0,497.0,176.0,456.0,166.0,516.0,200.0,499.0,176.0,,,,,,,,0.0,0.03,0.03,4.15,0.0,0.0,5.45,0.0,0.0,28,0,0,0,0,0,0,0,0,0,0,0,0,0,0,0,111,83,0.0,0.0,0.0,0.0,0.0,0.0,0.0,0.0,0.0,0,0,0,0
43,Álex,Moreno Lopera,Alex Moreno,u,Has joined Girona permanently.,,4.0,662,161.0,1.6,152,60.0,0.0,446.0,171.0,0,0,0.0,0,0.0,0,14,0.0,0.0,0.0,0.0,0.0,575.0,210.0,0.0,0.0,565.0,209.0,555.0,209.0,522.0,202.0,567.0,209.0,,,,,,,,0.0,0.0,0.0,0.0,0.0,0.0,0.0,0.0,0.0,28,0,0,0,0,0,0,0,0,0,0,0,0,0,0,0,0,227,0.0,0.0,0.0,0.0,0.0,0.0,0.0,0.0,0.0,0,0,0,0
44,Lamare,Bogarde,Bogarde,a,,,4.0,702,182.0,0.6,249,94.0,2.0,152.0,50.0,0,0,0.0,0,0.0,32,36,0.5,8.2,1.5,2.5,1.5,403.0,145.0,100.0,100.0,357.0,134.0,346.0,119.0,400.0,145.0,386.0,137.0,,,,,,,,0.0,0.02,0.02,1.29,0.0,0.27,1.09,0.95,5.3,28,0,0,0,0,0,0,0,0,0,0,0,0,0,0,0,600,398,0.0,0.0,0.0,0.0,0.0,0.0,0.0,0.0,0.0,0,0,0,0
45,Lino,da Cruz Sousa,Sousa,u,has joined Rotherham on loan for the rest of the season.,,3.8,799,247.0,0.3,330,119.0,0.0,393.0,148.0,0,0,0.0,-2,2.0,0,16,0.0,0.0,0.0,0.0,0.0,526.0,191.0,0.0,0.0,516.0,190.0,502.0,188.0,467.0,179.0,518.0,190.0,,,,,,,,0.0,0.0,0.0,0.0,0.0,0.0,0.0,0.0,0.0,28,0,0,0,0,0,0,0,0,0,0,0,0,0,0,0,0,190,0.0,0.0,0.0,0.0,0.0,0.0,0.0,0.0,0.0,0,0,0,0
46,Yasin,Özcan,Yasin,u,has joined Anderlecht on loan for the rest of the season.,,4.0,718,195.0,0.1,459,169.0,0.0,496.0,200.0,0,0,0.0,0,0.0,0,0,0.0,0.0,0.0,0.0,0.0,619.0,234.0,0.0,0.0,609.0,233.0,601.0,233.0,570.0,228.0,611.0,233.0,,,,,,,,0.0,0.0,0.0,0.0,0.0,0.0,0.0,0.0,0.0,28,0,0,0,0,0,0,0,0,0,0,0,0,0,0,0,0,11,0.0,0.0,0.0,0.0,0.0,0.0,0.0,0.0,0.0,0,0,0,0
47,Morgan,Rogers,Rogers,a,,,7.7,19,14.0,31.5,11,4.0,3.6,53.0,24.0,2,0,0.0,7,-7.0,909,15460,0.5,16.8,3.1,4.1,4.6,30.0,16.0,100.0,100.0,32.0,8.0,20.0,20.0,8.0,4.0,9.0,7.0,,1.0,,,,,,0.19,0.11,0.3,1.37,0.0,0.29,1.08,1.01,6.16,28,2,90,0,0,0,2,0,0,0,0,0,0,1,0,11,56361,57098,0.0,0.25,0.029999999999999805,0.28000000000000114,0.9199999999999946,15.0,12.100000000000023,27.0,5.400000000000006,0,1,5,6
48,Youri,Tielemans,Tielemans,i,Ankle injury - Expected back 11 Apr,,5.9,92,58.0,0.6,229,79.0,0.0,790.0,349.0,0,0,0.0,-1,1.0,0,54,0.0,8.8,0.0,0.0,3.1,181.0,77.0,0.0,0.0,168.0,61.0,43.0,39.0,177.0,100.0,105.0,62.0,3.0,,,,,,,0.07,0.18,0.25,1.6,0.0,0.28,1.18,1.04,9.59,28,0,0,0,0,0,0,0,0,0,0,0,0,0,0,0,4,471,0.0,0.0,0.0,0.0,0.0,0.0,0.0,0.0,0.0,0,0,0,0
49,Leon,Bailey,Bailey,a,,,5.5,141,87.0,0.1,477,165.0,1.0,253.0,113.0,0,0,0.0,0,0.0,7,15,0.2,1.1,0.5,1.5,1.0,501.0,236.0,100.0,100.0,432.0,192.0,251.0,154.0,333.0,175.0,376.0,178.0,2.0,,,,,,,0.11,0.25,0.36,0.89,0.0,0.0,1.23,0.41,9.82,28,0,30,0,0,0,2,0,0,0,1,0,0,0,0,20,338,116,0.0,0.060000000000000026,0.0,0.06000000000000005,0.6400000000000001,0.3999999999999986,0.7999999999999972,7.0,0.7999999999999972,1,0,1,2
50,Emiliano,Buendía Stati,Buendía,a,,,5.3,189,117.0,0.5,250,86.0,1.2,233.0,102.0,1,0,0.0,-2,2.0,33,332,0.2,14.5,0.7,1.7,3.0,194.0,80.0,100.0,100.0,157.0,56.0,90.0,67.0,69.0,42.0,92.0,54.0,,6.0,2.0,,,,,0.19,0.1,0.29,1.34,0.0,0.21,0.9,1.11,9.74,28,1,69,0,0,0,1,0,0,0,1,0,0,1,0,4,2217,2722,0.0,0.0,0.030000000000000027,0.03000000000000025,0.45000000000000284,0.0,6.0,4.0,0.5,0,0,4,4
51,Samuel,Iling-Junior,Iling Jr,u,has joined Pisa on loan for the rest of the season.,,5.5,149,93.0,0.0,684,280.0,0.0,784.0,346.0,0,0,0.0,0,0.0,0,0,0.0,0.0,0.0,0.0,0.0,805.0,358.0,0.0,0.0,805.0,358.0,804.0,358.0,802.0,357.0,805.0,358.0,,,,,,,,0.0,0.0,0.0,0.0,0.0,0.0,0.0,0.0,0.0,28,0,0,0,0,0,0,0,0,0,0,0,0,0,0,0,0,0,0.0,0.0,0.0,0.0,0.0,0.0,0.0,0.0,0.0,0,0,0,0
53,Donyell,Malen,Malen,u,has joined Roma on loan for the rest of the season.,,5.1,228,140.0,0.4,274,96.0,0.0,752.0,324.0,0,0,0.0,-4,4.0,0,14,0.0,10.8,0.0,0.0,2.6,258.0,108.0,0.0,0.0,264.0,110.0,250.0,153.0,74.0,45.0,211.0,104.0,,,,,,,,0.57,0.05,0.62,1.49,0.0,0.14,1.41,0.7,2.25,28,0,0,0,0,0,0,0,0,0,0,0,0,0,0,0,0,201,0.0,0.0,0.0,0.0,0.0,0.0,0.0,0.0,0.0,0,0,0,0
54,John,McGinn,McGinn,i,Knee injury - Expected back 21 Mar,,5.4,158,97.0,0.5,258,89.0,0.0,767.0,332.0,0,0,0.0,-1,1.0,1,60,0.0,13.1,0.0,0.0,3.2,162.0,70.0,0.0,0.0,176.0,68.0,51.0,43.0,129.0,75.0,98.0,59.0,,,,,,,,0.14,0.11,0.25,1.5,0.0,0.4,1.19,1.19,7.13,28,0,0,0,0,0,0,0,0,0,0,0,0,0,0,0,20,608,0.0,0.0,0.0,0.0,0.0,0.0,0.0,0.0,0.0,0,0,0,0
55,Ross,Barkley,Barkley,a,,,4.8,353,220.0,0.0,612,237.0,0.8,262.0,117.0,1,0,0.0,-2,2.0,3,4,0.2,4.0,0.3,1.3,1.7,380.0,165.0,100.0,100.0,377.0,167.0,296.0,171.0,292.0,158.0,359.0,172.0,,,,,,,,0.24,0.15,0.39,1.55,0.0,0.0,0.83,0.0,10.83,28,1,30,0,0,0,2,0,0,0,0,0,0,0,0,3,50,27,0.0,0.0,0.07,0.07000000000000006,0.6400000000000001,9.200000000000003,12.0,2.0,2.3000000000000007,0,1,1,2
56,Enzo,Barrenechea,Barrenechea,u,Season-long loan to Benfica,,5.0,268,163.0,0.0,818,367.0,0.0,742.0,317.0,0,0,0.0,0,0.0,0,0,0.0,0.0,0.0,0.0,0.0,787.0,345.0,0.0,0.0,787.0,345.0,785.0,345.0,781.0,343.0,787.0,345.0,,,,,,,,0.0,0.0,0.0,0.0,0.0,0.0,0.0,0.0,0.0,28,0,0,0,0,0,0,0,0,0,0,0,0,0,0,0,0,0,0.0,0.0,0.0,0.0,0.0,0.0,0.0,0.0,0.0,0,0,0,0
57,Lewis,Dobbin,Dobbin,u,Has joined Preston North End on loan for the rest of the season.,,5.0,260,160.0,0.0,663,268.0,0.0,738.0,314.0,0,0,0.0,0,0.0,0,0,0.0,0.0,0.0,0.0,0.0,783.0,342.0,0.0,0.0,783.0,342.0,780.0,342.0,777.0,340.0,783.0,342.0,,,,,,,,0.0,0.0,0.0,0.0,0.0,0.0,0.0,0.0,0.0,28,0,0,0,0,0,0,0,0,0,0,0,0,0,0,0,0,0,0.0,0.0,0.0,0.0,0.0,0.0,0.0,0.0,0.0,0,0,0,0
58,Boubacar,Kamara,Kamara,i,Knee injury - Expected back 01 Jun,,4.9,316,196.0,0.2,380,126.0,0.0,715.0,298.0,0,0,0.0,-1,1.0,1,21,0.0,12.4,0.0,0.0,3.4,136.0,61.0,0.0,0.0,156.0,55.0,123.0,85.0,273.0,150.0,180.0,94.0,,,,,,,,0.03,0.05,0.08,1.33,0.0,0.32,0.96,1.09,9.51,28,0,0,0,0,0,0,0,0,0,0,0,0,0,0,0,3,294,0.0,0.0,0.0,0.0,0.0,0.0,0.0,0.0,0.0,0,0,0,0
59,Amadou,Onana,Onana,a,,,4.8,367,229.0,0.7,215,74.0,2.2,140.0,63.0,2,0,0.0,-2,2.0,59,57,0.5,12.9,1.7,2.7,3.3,144.0,62.0,100.0,100.0,165.0,59.0,277.0,162.0,214.0,118.0,227.0,112.0,,,,,,,,0.07,0.02,0.09,1.39,0.0,0.35,1.05,1.12,11.67,28,2,90,0,0,0,2,0,0,0,0,0,0,1,0,9,1044,762,0.0,0.21000000000000008,0.010000000000000009,0.21999999999999997,0.9200000000000017,8.800000000000011,2.299999999999997,15.0,2.6000000000000014,0,4,4,8
60,Ben,Broggio,Broggio,u,has joined Falkirk on loan for the rest of the season.,,4.4,563,337.0,0.3,336,115.0,0.0,592.0,209.0,0,0,0.0,-1,1.0,0,8,0.0,0.0,0.0,0.0,0.0,682.0,266.0,0.0,0.0,675.0,260.0,670.0,264.0,650.0,255.0,677.0,262.0,,,,,,,,0.0,0.0,0.0,0.0,0.0,0.0,0.0,0.0,0.0,28,0,0,0,0,0,0,0,0,0,0,0,0,0,0,0,0,108,0.0,0.0,0.0,0.0,0.0,0.0,0.0,0.0,0.0,0,0,0,0
61,Leander,Dendoncker,Dendoncker,u,Has joined Real Oviedo permanently.,,4.5,411,250.0,0.1,532,194.0,0.0,602.0,214.0,0,0,0.0,0,0.0,0,0,0.0,0.0,0.0,0.0,0.0,689.0,269.0,0.0,0.0,683.0,264.0,677.0,267.0,658.0,259.0,685.0,266.0,,,,,,,,0.0,0.0,0.0,0.0,0.0,0.0,0.0,0.0,0.0,28,0,0,0,0,0,0,0,0,0,0,0,0,0,0,0,0,6,0.0,0.0,0.0,0.0,0.0,0.0,0.0,0.0,0.0,0,0,0,0
62,Jamaldeen,Jimoh-Aloba,Jimoh-Aloba,u,has joined West Brom on loan for the rest of the season.,,4.5,473,288.0,0.1,555,202.0,0.0,646.0,249.0,0,0,0.0,0,0.0,0,5,0.0,0.2,0.0,0.0,1.0,476.0,215.0,0.0,0.0,503.0,231.0,480.0,234.0,701.0,292.0,505.0,233.0,,,,,,,,0.0,0.0,0.0,6.86,0.0,0.0,0.0,0.0,11.25,28,0,0,0,0,0,0,0,0,0,0,0,0,0,0,0,0,41,0.0,0.0,0.0,0.0,0.0,0.0,0.0,0.0,0.0,0,0,0,0
63,Kadan,Young,Young,u,has joined Reading on loan for the rest of the season.,,4.3,607,353.0,0.6,245,85.0,0.0,551.0,184.0,0,0,0.0,-2,2.0,0,32,0.0,0.0,0.0,0.0,0.0,652.0,247.0,0.0,0.0,642.0,238.0,638.0,243.0,614.0,231.0,644.0,240.0,,,,,,,,0.0,0.0,0.0,0.0,0.0,0.0,0.0,0.0,0.0,28,0,0,0,0,0,0,0,0,0,0,0,0,0,0,0,0,584,0.0,0.0,0.0,0.0,0.0,0.0,0.0,0.0,0.0,0,0,0,0
64,Ollie,Watkins,Watkins,a,,,8.6,10,5.0,8.9,42,7.0,1.6,196.0,26.0,2,0,0.0,-4,4.0,149,4808,0.2,11.5,1.1,2.1,3.7,107.0,8.0,100.0,100.0,114.0,10.0,129.0,9.0,4.0,3.0,26.0,6.0,,,3.0,,,,,0.43,0.04,0.47,1.38,0.0,0.35,1.08,1.04,3.08,28,2,85,0,0,0,1,0,0,0,0,0,0,1,0,3,13856,21487,0.0,0.08000000000000007,0.010000000000000009,0.08999999999999986,0.5,0.0,3.0,5.0,0.8000000000000114,0,1,1,2
65,Zépiqueno,Redmond,Redmond,u,has joined Huddersfield Town on loan for the rest of the season.,,4.5,483,69.0,0.3,322,55.0,0.0,655.0,67.0,0,0,0.0,0,0.0,0,4,0.0,0.0,0.0,0.0,0.0,730.0,78.0,0.0,0.0,728.0,78.0,723.0,77.0,710.0,77.0,729.0,78.0,,,,,,,,0.0,0.0,0.0,0.0,0.0,0.0,0.0,0.0,0.0,28,0,0,0,0,0,0,0,0,0,0,0,0,0,0,0,0,30,0.0,0.0,0.0,0.0,0.0,0.0,0.0,0.0,0.0,0,0,0,0
389,Harvey,Elliott,Elliott,i,Knock - Unknown return date,,5.1,235,143.0,0.2,397,133.0,0.2,367.0,166.0,0,0,0.0,-4,4.0,0,14,0.0,1.0,0.0,0.0,1.0,497.0,232.0,0.0,0.0,452.0,203.0,373.0,190.0,351.0,183.0,432.0,194.0,,,,,,,,0.24,0.07,0.31,1.42,0.0,0.0,1.64,0.82,4.91,28,0,0,0,0,0,0,0,0,0,0,0,0,0,0,0,4,112,0.0,0.0,0.0,0.0,0.0,0.0,0.0,0.0,0.0,0,0,0,0
456,Jadon,Sancho,Sancho,a,,,5.8,107,69.0,0.2,346,117.0,2.0,167.0,77.0,1,0,0.0,-2,2.0,29,59,0.3,4.3,1.5,2.5,1.5,416.0,187.0,100.0,100.0,352.0,156.0,132.0,90.0,153.0,86.0,245.0,125.0,4.0,,,,,,,0.08,0.2,0.28,1.29,0.0,0.14,0.55,0.96,4.51,28,1,59,0,0,0,0,0,0,0,0,0,0,1,0,3,601,609,0.0,0.0,0.020000000000000018,0.020000000000000018,0.27999999999999936,2.799999999999997,12.400000000000006,6.0,2.1000000000000014,0,0,2,2
688,James,Wright,Wright,a,,,3.9,765,83.0,0.6,238,31.0,0.0,426.0,42.0,0,0,0.0,-1,1.0,9,8,0.0,0.0,-0.5,0.5,0.0,555.0,51.0,,,545.0,51.0,534.0,36.0,500.0,23.0,547.0,51.0,,,,,,,,0.0,0.0,0.0,0.0,0.0,0.0,0.0,0.0,0.0,28,0,0,0,0,0,0,0,0,0,0,0,0,0,0,0,115,188,0.0,0.0,0.0,0.0,0.0,0.0,0.0,0.0,0.0,0,0,0,0
699,Douglas Luiz,Soares de Paulo,Douglas Luiz,a,,,4.9,318,197.0,0.1,482,169.0,2.0,162.0,73.0,1,0,0.0,-1,1.0,25,42,0.4,4.3,1.5,2.5,1.6,391.0,172.0,100.0,100.0,320.0,146.0,111.0,77.0,288.0,156.0,255.0,129.0,1.0,,,,,,,0.05,0.17,0.22,1.09,0.0,0.13,1.27,1.27,10.55,28,1,59,0,0,0,0,0,0,0,0,0,0,1,0,6,553,506,0.0,0.12999999999999998,0.1100000000000001,0.24,0.27999999999999936,10.200000000000003,29.80000000000001,17.0,5.700000000000003,1,1,3,5
701,Triston,Rowe,Rowe,u,has joined Annecy on loan for the rest of the season.,,4.0,714,191.0,0.1,534,189.0,0.0,492.0,196.0,0,0,0.0,0,0.0,0,0,0.0,0.0,0.0,0.0,0.0,616.0,231.0,0.0,0.0,606.0,230.0,598.0,230.0,567.0,225.0,608.0,230.0,,,,,,,,0.0,0.0,0.0,0.0,0.0,0.0,0.0,0.0,0.0,28,0,0,0,0,0,0,0,0,0,0,0,0,0,0,0,0,4,0.0,0.0,0.0,0.0,0.0,0.0,0.0,0.0,0.0,0,0,0,0
702,Bradley,Burrowes,Burrowes,a,,,4.4,570,341.0,0.1,533,195.0,0.0,598.0,212.0,0,0,0.0,-1,1.0,1,4,0.0,0.2,-0.5,0.5,1.0,471.0,211.0,,,679.0,262.0,479.0,233.0,654.0,257.0,681.0,264.0,,,,,,,,0.0,0.0,0.0,5.06,0.0,0.0,5.62,0.0,5.62,28,0,0,0,0,0,0,0,0,0,0,0,0,0,0,0,34,27,0.0,0.0,0.0,0.0,0.0,0.0,0.0,0.0,0.0,0,0,0,0
703,Sam,Proctor,Proctor,a,,,3.9,776,91.0,0.6,230,30.0,0.0,437.0,50.0,0,0,0.0,-1,1.0,52,30,0.0,0.0,-0.5,0.5,0.0,566.0,59.0,,,556.0,59.0,545.0,44.0,511.0,31.0,558.0,59.0,,,,,,,,0.0,0.0,0.0,0.0,0.0,0.0,0.0,0.0,0.0,28,0,0,0,0,0,0,0,0,0,0,0,0,0,0,0,594,393,0.0,0.0,0.0,0.0,0.0,0.0,0.0,0.0,0.0,0,0,0,0
710,Travis,Patterson,Patterson,a,,,3.9,773,226.0,0.2,381,140.0,0.0,434.0,166.0,0,0,0.0,-1,1.0,4,9,0.0,0.0,-0.5,0.5,0.0,563.0,205.0,,,553.0,204.0,542.0,204.0,508.0,196.0,555.0,204.0,,,,,,,,0.0,0.0,0.0,0.0,0.0,0.0,0.0,0.0,0.0,28,0,0,0,0,0,0,0,0,0,0,0,0,0,0,0,57,75,0.0,0.0,0.0,0.0,0.0,0.0,0.0,0.0,0.0,0,0,0,0
719,Victor,Lindelöf,Lindelöf,a,,,4.5,416,77.0,0.1,470,171.0,0.2,353.0,128.0,0,0,0.0,0,0.0,3,19,0.0,4.9,-0.3,0.7,1.8,362.0,136.0,100.0,100.0,322.0,122.0,377.0,135.0,410.0,153.0,380.0,134.0,,,,,,,,0.0,0.01,0.01,1.69,0.0,0.16,1.42,0.94,5.66,28,0,0,0,0,0,0,0,0,0,0,0,0,0,0,0,105,200,0.0,0.0,0.0,0.0,0.0,0.0,0.0,0.0,0.0,0,0,0,0
754,George,Hemmings,George Hemmings,a,,,4.5,484,295.0,0.0,750,319.0,0.0,656.0,256.0,0,0,0.0,0,0.0,2,0,0.0,0.4,-0.5,0.5,1.0,480.0,218.0,,,729.0,301.0,455.0,219.0,445.0,219.0,495.0,229.0,,,,,,,,0.14,0.04,0.18,2.2,0.0,0.0,0.0,0.0,3.6,28,0,0,0,0,0,0,0,0,0,0,0,0,0,0,0,19,7,0.0,0.0,0.0,0.0,0.0,0.0,0.0,0.0,0.0,0,0,0,0
757,Ronnie,Hollingshead,Hollingshead,a,,,4.0,704,62.0,0.0,710,82.0,0.0,482.0,73.0,0,0,0.0,0,0.0,2,0,0.0,0.0,-0.5,0.5,0.0,607.0,81.0,,,597.0,81.0,589.0,69.0,557.0,56.0,599.0,81.0,,,,,,,,0.0,0.0,0.0,0.0,0.0,0.0,0.0,0.0,0.0,28,0,0,0,0,0,0,0,0,0,0,0,0,0,0,0,10,4,0.0,0.0,0.0,0.0,0.0,0.0,0.0,0.0,0.0,0,0,0,0
768,Leon,Routh,Leon Routh,a,,,4.0,736,212.0,0.0,713,247.0,0.0,510.0,213.0,0,0,0.0,0,0.0,0,0,0.0,0.0,-0.5,0.5,0.0,632.0,246.0,,,622.0,245.0,614.0,245.0,585.0,242.0,624.0,245.0,,,,,,,,0.0,0.0,0.0,0.0,0.0,0.0,0.0,0.0,0.0,28,0,0,0,0,0,0,0,0,0,0,0,0,0,0,0,8,8,0.0,0.0,0.0,0.0,0.0,0.0,0.0,0.0,0.0,0,0,0,0
781,TJ,Carroll,Carroll,a,,,4.0,730,206.0,0.0,731,254.0,0.0,506.0,209.0,0,0,0.0,0,0.0,0,2,0.0,0.0,-0.5,0.5,0.0,628.0,242.0,,,618.0,241.0,610.0,241.0,580.0,237.0,620.0,241.0,,,,,,,,0.0,0.0,0.0,0.0,0.0,0.0,0.0,0.0,0.0,28,0,0,0,0,0,0,0,0,0,0,0,0,0,0,0,17,12,0.0,0.0,0.0,0.0,0.0,0.0,0.0,0.0,0.0,0,0,0,0
792,Alysson Edward Franco,da Rocha dos Santos,Alysson,a,,,5.0,283,176.0,0.0,807,358.0,0.4,327.0,151.0,1,0,0.0,0,0.0,4,0,0.1,0.4,-0.1,0.9,1.0,494.0,229.0,100.0,100.0,478.0,221.0,459.0,222.0,424.0,207.0,477.0,221.0,,,,,,,,0.0,0.18,0.18,2.38,0.0,0.0,4.5,0.0,9.0,28,1,4,0,0,0,1,0,0,0,0,0,0,0,0,5,17,3,0.0,0.0,0.03,0.03,0.42000000000000004,3.2,1.0,2.0,0.6000000000000001,0,1,0,1
808,Tammy,Abraham,Abraham,a,,,6.0,87,27.0,0.4,275,45.0,2.4,133.0,17.0,1,0,0.0,0,0.0,104,426,0.4,2.0,1.9,2.9,2.4,292.0,31.0,,,409.0,46.0,362.0,46.0,259.0,46.0,378.0,46.0,,,,,,,,0.62,0.06,0.68,1.0,0.0,0.0,1.25,0.62,3.12,28,1,20,0,0,0,1,0,0,0,0,0,0,0,0,4,7186,1631,0.0,0.09999999999999998,0.020000000000000004,0.1200000000000001,0.4700000000000002,3.200000000000003,20.6,7.0,3.0999999999999996,0,0,0,0
183,Max,Weiß,Weiss,a,,,4.3,604,30.0,0.1,448,66.0,0.0,549.0,85.0,0,0,0.0,-2,2.0,6,4,0.0,0.0,-0.5,-0.5,0.0,650.0,90.0,,,640.0,90.0,636.0,82.0,612.0,71.0,642.0,90.0,,,,,,,,0.0,0.0,0.0,0.0,0.0,0.0,0.0,0.0,0.0,28,0,0,0,0,0,0,0,0,0,0,0,0,0,0,0,74,56,0.0,0.0,0.0,0.0,0.0,0.0,0.0,0.0,0.0,0,0,0,0
184,Etienne,Green,Green,u,has joined FC Fredericia permanently.,,4.0,690,57.0,0.2,402,58.0,0.0,470.0,68.0,0,0,0.0,0,0.0,0,2,0.0,0.0,0.0,0.0,0.0,597.0,76.0,0.0,0.0,587.0,76.0,579.0,64.0,547.0,51.0,589.0,76.0,,,,,,,,0.0,0.0,0.0,0.0,0.0,0.0,0.0,0.0,0.0,28,0,0,0,0,0,0,0,0,0,0,0,0,0,0,0,0,35,0.0,0.0,0.0,0.0,0.0,0.0,0.0,0.0,0.0,0,0,0,0
185,Václav,Hladký,Hladký,a,,,3.9,738,67.0,0.2,400,57.0,0.0,406.0,27.0,0,0,0.0,-1,1.0,0,10,0.0,0.0,-0.5,-0.5,0.0,537.0,36.0,,,527.0,36.0,515.0,20.0,481.0,7.0,529.0,36.0,,,,,,,,0.0,0.0,0.0,0.0,0.0,0.0,0.0,0.0,0.0,28,0,0,0,0,0,0,0,0,0,0,0,0,0,0,0,76,75,0.0,0.0,0.0,0.0,0.0,0.0,0.0,0.0,0.0,0,0,0,0
186,Connor,Roberts,Roberts,i,Achilles injury - Unknown return date,,4.4,525,104.0,0.0,650,229.0,0.0,569.0,232.0,0,0,0.0,-1,1.0,0,1,0.0,0.0,0.0,0.0,0.0,665.0,252.0,0.0,0.0,655.0,251.0,651.0,251.0,629.0,250.0,657.0,251.0,,,,,,,,0.0,0.0,0.0,0.0,0.0,0.0,0.0,0.0,0.0,28,0,0,0,0,0,0,0,0,0,0,0,0,0,0,0,17,16,0.0,0.0,0.0,0.0,0.0,0.0,0.0,0.0,0.0,0,0,0,0
187,Kyle,Walker,Walker,a,,,4.4,519,99.0,1.1,183,69.0,0.6,290.0,104.0,0,0,0.0,-1,1.0,25,31,0.1,11.8,0.1,0.1,2.0,327.0,124.0,100.0,100.0,122.0,54.0,185.0,44.0,368.0,126.0,214.0,72.0,,,,,,,,0.0,0.04,0.04,1.99,0.0,0.12,1.93,1.03,5.96,28,0,0,0,0,0,0,0,0,0,0,0,0,0,0,0,737,739,0.0,0.0,0.0,0.0,0.0,0.0,0.0,0.0,0.0,0,0,0,0
188,Hannes,Delcroix,Delcroix,u,has joined Lugano permanently.,,3.8,791,239.0,0.2,361,132.0,0.0,387.0,142.0,0,0,0.0,-2,2.0,0,7,0.0,0.0,0.0,0.0,0.0,521.0,186.0,0.0,0.0,511.0,185.0,497.0,183.0,462.0,174.0,513.0,185.0,,,,,,,,0.0,0.0,0.0,0.0,0.0,0.0,0.0,0.0,0.0,28,0,0,0,0,0,0,0,0,0,0,0,0,0,0,0,0,134,0.0,0.0,0.0,0.0,0.0,0.0,0.0,0.0,0.0,0,0,0,0
189,Owen,Dodgson,Dodgson,u,Has joined Stockport County on loan for the rest of the season.,,4.0,682,172.0,0.0,723,251.0,0.0,463.0,180.0,0,0,0.0,0,0.0,0,0,0.0,0.0,0.0,0.0,0.0,590.0,218.0,0.0,0.0,580.0,217.0,572.0,217.0,540.0,211.0,582.0,217.0,,,,,,,,0.0,0.0,0.0,0.0,0.0,0.0,0.0,0.0,0.0,28,0,0,0,0,0,0,0,0,0,0,0,0,0,0,0,0,2,0.0,0.0,0.0,0.0,0.0,0.0,0.0,0.0,0.0,0,0,0,0
190,Hjalmar,Ekdal,Ekdal,a,,,3.9,764,223.0,0.8,211,80.0,0.0,425.0,163.0,0,0,0.0,-1,1.0,3,33,0.0,11.3,-0.5,-0.5,2.9,197.0,79.0,,,198.0,81.0,349.0,121.0,267.0,75.0,281.0,93.0,,,,,,,,0.02,0.02,0.04,1.74,0.0,0.15,1.83,0.99,10.08,28,0,0,0,0,0,0,0,0,0,0,0,0,0,0,0,140,636,0.0,0.0,0.0,0.0,0.0,0.0,0.0,0.0,0.0,0,0,0,0
191,Maxime,Estève,Estève,a,,,3.9,763,222.0,7.9,50,18.0,1.8,172.0,59.0,0,0,0.0,-1,1.0,127,138,0.5,15.1,1.3,1.3,2.5,266.0,103.0,100.0,100.0,58.0,26.0,271.0,86.0,265.0,74.0,163.0,54.0,,,,,,,,0.03,0.02,0.05,2.08,0.0,0.09,2.1,1.05,9.97,28,0,0,0,0,0,0,0,0,0,0,0,0,0,0,0,3382,5206,0.0,0.0,0.0,0.0,0.0,0.0,0.0,0.0,0.0,0,0,0,0
192,Quilindschy,Hartman,Hartman,a,,,4.0,694,178.0,0.6,228,88.0,0.0,474.0,185.0,0,0,0.0,0,0.0,10,30,0.0,11.5,-0.5,-0.5,3.1,168.0,64.0,,,180.0,74.0,127.0,32.0,305.0,92.0,201.0,67.0,,,,,,,,0.01,0.1,0.11,2.04,0.0,0.13,1.88,1.01,7.0,28,0,0,0,0,0,0,0,0,0,0,0,0,0,0,0,209,804,0.0,0.0,0.0,0.0,0.0,0.0,0.0,0.0,0.0,0,0,0,0
193,Bashir,Humphreys,Humphreys,a,,,3.9,759,220.0,0.1,431,160.0,1.8,171.0,58.0,0,0,0.0,-1,1.0,7,10,0.5,8.2,1.3,1.3,2.9,196.0,78.0,100.0,100.0,250.0,101.0,300.0,98.0,319.0,102.0,315.0,107.0,,,,,,,,0.02,0.05,0.07,1.87,0.0,0.1,1.84,0.92,8.29,28,0,0,0,0,0,0,0,0,0,0,0,0,0,0,0,455,196,0.0,0.0,0.0,0.0,0.0,0.0,0.0,0.0,0.0,0,0,0,0
194,Jordan,Beyer,Jordan,i,Hamstring injury - Unknown return date,,3.9,755,217.0,0.1,560,201.0,0.0,419.0,160.0,0,0,0.0,-1,1.0,2,2,0.0,0.0,0.0,0.0,0.0,549.0,200.0,0.0,0.0,539.0,199.0,528.0,199.0,494.0,191.0,541.0,199.0,,,,,,,,0.0,0.0,0.0,0.0,0.0,0.0,0.0,0.0,0.0,28,0,0,0,0,0,0,0,0,0,0,0,0,0,0,0,31,31,0.0,0.0,0.0,0.0,0.0,0.0,0.0,0.0,0.0,0,0,0,0
195,Lucas,Pires Silva,Lucas Pires,a,,,3.8,808,256.0,0.3,314,115.0,0.6,285.0,99.0,0,0,0.0,-2,2.0,12,14,0.2,4.5,0.1,0.1,1.4,418.0,149.0,100.0,100.0,293.0,113.0,171.0,41.0,308.0,94.0,284.0,94.0,3.0,,,,,,,0.03,0.1,0.13,1.83,0.0,0.1,1.89,0.99,6.56,28,0,0,0,0,0,0,0,0,0,0,0,0,0,0,0,255,322,0.0,0.0,0.0,0.0,0.0,0.0,0.0,0.0,0.0,0,0,0,0
196,Shurandy,Sambo,Sambo,u,has joined Sparta Rotterdam on loan for the rest of the season.,,4.0,680,170.0,0.0,615,218.0,0.0,461.0,178.0,0,0,0.0,0,0.0,0,0,0.0,0.0,0.0,0.0,0.0,589.0,217.0,0.0,0.0,579.0,216.0,571.0,216.0,539.0,210.0,581.0,216.0,,,,,,,,0.0,0.0,0.0,0.0,0.0,0.0,0.0,0.0,0.0,28,0,0,0,0,0,0,0,0,0,0,0,0,0,0,0,0,4,0.0,0.0,0.0,0.0,0.0,0.0,0.0,0.0,0.0,0,0,0,0
197,Oliver,Sonne,Sonne,u,has joined Sparta Prague on loan for the rest of the season.,,3.8,802,250.0,0.2,365,134.0,0.0,396.0,151.0,0,0,0.0,-2,2.0,0,19,0.0,3.4,0.0,0.0,1.9,337.0,127.0,0.0,0.0,410.0,153.0,394.0,143.0,354.0,116.0,419.0,151.0,,,,,,,,0.3,0.04,0.34,2.08,0.0,0.0,2.2,0.55,3.84,28,0,0,0,0,0,0,0,0,0,0,0,0,0,0,0,0,294,0.0,0.0,0.0,0.0,0.0,0.0,0.0,0.0,0.0,0,0,0,0
198,Axel,Tuanzebe,Tuanzebe,i,Achilles injury - Expected back 14 Mar,,3.9,749,214.0,1.0,196,76.0,-0.4,817.0,264.0,0,0,0.0,-1,1.0,2,44,-0.1,6.9,0.0,0.0,2.5,264.0,101.0,0.0,0.0,234.0,91.0,426.0,153.0,314.0,99.0,330.0,114.0,,,,,,,,0.06,0.01,0.07,2.41,0.0,0.1,2.13,1.06,9.38,28,0,0,0,0,0,0,0,0,0,0,0,0,0,0,0,43,743,0.0,0.0,0.0,0.0,0.0,0.0,0.0,0.0,0.0,0,0,0,0
199,Joe,Worrall,Worrall,a,,,3.8,787,235.0,0.2,390,147.0,1.4,201.0,76.0,0,0,0.0,-2,2.0,50,6,0.4,3.7,0.9,0.9,1.8,353.0,130.0,100.0,100.0,358.0,135.0,461.0,167.0,421.0,157.0,414.0,148.0,,,,,,,,0.0,0.01,0.01,2.09,0.0,0.0,1.62,0.81,12.66,28,0,0,0,0,0,0,0,0,0,0,0,0,0,0,0,1081,127,0.0,0.0,0.0,0.0,0.0,0.0,0.0,0.0,0.0,0,0,0,0
200,Jaidon,Anthony,Anthony,a,,,5.0,259,159.0,1.8,144,48.0,2.6,117.0,52.0,0,0,0.0,-5,5.0,28,66,0.5,17.2,2.1,2.1,3.3,147.0,63.0,100.0,100.0,100.0,31.0,56.0,46.0,52.0,32.0,49.0,33.0,2.0,,,,,,,0.16,0.09,0.25,1.97,0.0,0.15,1.91,1.08,8.19,28,0,0,0,0,0,0,0,0,0,0,0,0,0,0,0,1806,1458,0.0,0.0,0.0,0.0,0.0,0.0,0.0,0.0,0.0,0,0,0,0
201,Manuel,Benson Hedilazio,Benson,u,has joined Maccabi Haifa permanently.,,5.4,162,99.0,0.0,705,294.0,0.0,769.0,334.0,0,0,0.0,-1,1.0,0,0,0.0,0.0,0.0,0.0,0.0,796.0,351.0,0.0,0.0,796.0,351.0,795.0,351.0,793.0,350.0,796.0,351.0,,,,,,,,0.0,0.0,0.0,0.0,0.0,0.0,0.0,0.0,0.0,28,0,0,0,0,0,0,0,0,0,0,0,0,0,0,0,0,1,0.0,0.0,0.0,0.0,0.0,0.0,0.0,0.0,0.0,0,0,0,0
202,Jacob,Bruun Larsen,Bruun Larsen,a,,,5.3,188,116.0,0.0,624,243.0,0.8,276.0,125.0,0,0,0.0,-2,2.0,0,0,0.2,6.6,0.3,0.3,1.6,396.0,176.0,100.0,100.0,332.0,150.0,163.0,112.0,208.0,114.0,266.0,132.0,,2.0,3.0,,,,,0.13,0.1,0.23,2.05,0.0,0.29,2.26,0.88,5.9,28,0,0,0,0,0,0,0,0,0,0,0,0,0,0,0,32,27,0.0,0.0,0.0,0.0,0.0,0.0,0.0,0.0,0.0,0,0,0,0
203,Enock,Agyei,Boateng,a,,,4.7,394,246.0,0.0,594,225.0,0.0,691.0,282.0,0,0,0.0,-3,3.0,4,2,0.0,0.0,-0.5,-0.5,0.0,758.0,324.0,,,758.0,324.0,753.0,324.0,745.0,321.0,758.0,324.0,,,,,,,,0.0,0.0,0.0,0.0,0.0,0.0,0.0,0.0,0.0,28,0,0,0,0,0,0,0,0,0,0,0,0,0,0,0,32,36,0.0,0.0,0.0,0.0,0.0,0.0,0.0,0.0,0.0,0,0,0,0
204,Darko,Churlinov,Churlinov,u,has joined Kocaelispor  permanently.,,4.9,322,200.0,0.0,724,302.0,0.0,717.0,300.0,0,0,0.0,-1,1.0,0,0,0.0,0.0,0.0,0.0,0.0,769.0,331.0,0.0,0.0,769.0,331.0,765.0,331.0,760.0,329.0,769.0,331.0,,,,,,,,0.0,0.0,0.0,0.0,0.0,0.0,0.0,0.0,0.0,28,0,0,0,0,0,0,0,0,0,0,0,0,0,0,0,0,0,0.0,0.0,0.0,0.0,0.0,0.0,0.0,0.0,0.0,0,0,0,0
205,Josh,Cullen,Cullen,i,Knee injury - Expected back 30 Sep,,4.9,297,185.0,0.8,204,71.0,0.0,708.0,294.0,0,0,0.0,-1,1.0,0,34,0.0,14.3,0.0,0.0,3.9,79.0,38.0,0.0,0.0,141.0,47.0,135.0,92.0,238.0,132.0,171.0,91.0,,,,,,,,0.06,0.08,0.14,1.93,0.0,0.18,1.73,1.07,10.29,28,0,0,0,0,0,0,0,0,0,0,0,0,0,0,0,34,512,0.0,0.0,0.0,0.0,0.0,0.0,0.0,0.0,0.0,0,0,0,0
206,Marcus,Edwards,Edwards,a,,,4.7,380,238.0,0.1,429,144.0,2.2,139.0,62.0,0,0,0.0,-3,3.0,10,12,0.5,9.1,1.7,1.7,2.5,274.0,114.0,,,286.0,125.0,121.0,83.0,134.0,76.0,199.0,101.0,,3.0,,,,,,0.15,0.17,0.32,1.84,0.0,0.1,1.56,0.93,5.29,28,0,0,0,0,0,0,0,0,0,0,0,0,0,0,0,488,299,0.0,0.0,0.0,0.0,0.0,0.0,0.0,0.0,0.0,0,0,0,0
207,Hannibal,Mejbri,Hannibal,a,,,4.7,389,242.0,0.1,446,153.0,2.6,114.0,49.0,0,0,0.0,-3,3.0,22,2,0.6,7.9,2.1,2.1,1.9,342.0,148.0,100.0,100.0,314.0,143.0,178.0,120.0,266.0,145.0,288.0,142.0,4.0,,,,,,,0.06,0.13,0.19,2.22,0.0,0.12,2.12,1.0,8.38,28,0,0,0,0,0,0,0,0,0,0,0,0,0,0,0,329,82,0.0,0.0,0.0,0.0,0.0,0.0,0.0,0.0,0.0,0,0,0,0
208,Luca,Koleosho,Koleosho,u,has joined Paris FC on loan for the rest of the season.,,5.0,267,162.0,0.0,735,309.0,0.0,741.0,316.0,0,0,0.0,0,0.0,0,0,0.0,0.0,0.0,0.0,0.0,786.0,344.0,0.0,0.0,786.0,344.0,784.0,344.0,780.0,342.0,786.0,344.0,,,,,,,,0.0,0.0,0.0,0.0,0.0,0.0,0.0,0.0,0.0,28,0,0,0,0,0,0,0,0,0,0,0,0,0,0,0,0,0,0.0,0.0,0.0,0.0,0.0,0.0,0.0,0.0,0.0,0,0,0,0
209,Josh,Laurent,Laurent,a,,,4.8,354,221.0,0.0,611,236.0,0.8,263.0,118.0,0,0,0.0,-2,2.0,1,1,0.2,9.6,0.3,0.3,1.9,343.0,149.0,,,217.0,93.0,221.0,144.0,247.0,135.0,252.0,128.0,,,,,,,,0.04,0.03,0.07,2.01,0.0,0.07,2.09,0.88,9.57,28,0,0,0,0,0,0,0,0,0,0,0,0,0,0,0,57,58,0.0,0.0,0.0,0.0,0.0,0.0,0.0,0.0,0.0,0,0,0,0
210,Loum,Tchaouna,Tchaouna,a,,,4.9,335,208.0,0.0,628,245.0,0.6,295.0,132.0,0,0,0.0,-1,1.0,1,2,0.1,7.3,0.1,0.1,1.8,365.0,159.0,,,355.0,158.0,261.0,157.0,233.0,129.0,332.0,158.0,,4.0,,,,,,0.1,0.06,0.16,1.64,0.0,0.22,1.34,1.01,5.37,28,0,0,0,0,0,0,0,0,0,0,0,0,0,0,0,14,15,0.0,0.0,0.0,0.0,0.0,0.0,0.0,0.0,0.0,0,0,0,0
211,Aaron,Ramsey,A.Ramsey,u,has joined Leicester City on loan for the rest of the season.,,4.4,541,322.0,1.4,159,52.0,0.0,576.0,197.0,0,0,0.0,-1,1.0,0,6,0.0,0.0,0.0,0.0,0.0,669.0,257.0,0.0,0.0,659.0,248.0,655.0,253.0,633.0,242.0,661.0,250.0,,,,,,,,0.0,0.0,0.0,0.0,0.0,0.0,0.0,0.0,0.0,28,0,0,0,0,0,0,0,0,0,0,0,0,0,0,0,0,139,0.0,0.0,0.0,0.0,0.0,0.0,0.0,0.0,0.0,0,0,0,0
212,Oluwaseun,Adewumi,Adewumi,u,Has joined Cercle Brugge on loan for the rest of the season.,,4.5,480,292.0,0.0,762,325.0,0.0,652.0,253.0,0,0,0.0,0,0.0,0,0,0.0,0.0,0.0,0.0,0.0,729.0,302.0,0.0,0.0,727.0,300.0,722.0,301.0,708.0,296.0,728.0,301.0,,,,,,,,0.0,0.0,0.0,0.0,0.0,0.0,0.0,0.0,0.0,28,0,0,0,0,0,0,0,0,0,0,0,0,0,0,0,0,0,0.0,0.0,0.0,0.0,0.0,0.0,0.0,0.0,0.0,0,0,0,0
213,Jaydon,Banel,Banel,u,has joined Derby County on loan for the rest of the season.,,4.5,467,284.0,0.0,616,239.0,0.0,641.0,245.0,0,0,0.0,0,0.0,0,4,0.0,0.2,0.0,0.0,1.0,474.0,213.0,0.0,0.0,716.0,293.0,472.0,228.0,696.0,288.0,717.0,294.0,,,,,,,,0.0,0.0,0.0,0.5,0.0,0.0,0.0,0.0,0.0,28,0,0,0,0,0,0,0,0,0,0,0,0,0,0,0,0,18,0.0,0.0,0.0,0.0,0.0,0.0,0.0,0.0,0.0,0,0,0,0
214,Mike,Trésor Ndayishimiye,Trésor,i,Ankle injury - Unknown return date,,4.4,538,321.0,0.1,565,208.0,0.0,574.0,196.0,0,0,0.0,-1,1.0,1,4,0.0,0.9,0.0,0.0,1.0,464.0,204.0,0.0,0.0,498.0,229.0,475.0,230.0,442.0,217.0,494.0,228.0,,,,,,,,0.0,0.0,0.0,2.18,0.0,0.0,4.74,0.0,9.47,28,0,0,0,0,0,0,0,0,0,0,0,0,0,0,0,20,42,0.0,0.0,0.0,0.0,0.0,0.0,0.0,0.0,0.0,0,0,0,0
215,Zian,Flemming,Flemming,a,,,5.3,194,47.0,0.3,304,50.0,2.8,100.0,10.0,0,0,0.0,-2,2.0,99,19,0.5,10.6,2.3,2.3,2.9,205.0,19.0,100.0,100.0,212.0,17.0,292.0,30.0,68.0,25.0,189.0,24.0,,5.0,1.0,,,,,0.4,0.02,0.42,1.87,0.0,0.2,1.57,1.08,4.82,28,0,0,0,0,0,0,0,0,0,0,0,0,0,0,0,4178,572,0.0,0.0,0.0,0.0,0.0,0.0,0.0,0.0,0.0,0,0,0,0
216,Zeki,Amdouni,Amdouni,i,Knee injury - Expected back 25 Apr,,4.8,369,63.0,0.0,669,86.0,0.0,702.0,74.0,0,0,0.0,-2,2.0,0,0,0.0,0.0,0.0,0.0,0.0,761.0,84.0,0.0,0.0,761.0,84.0,756.0,83.0,750.0,83.0,761.0,84.0,,,,,,,,0.0,0.0,0.0,0.0,0.0,0.0,0.0,0.0,0.0,28,0,0,0,0,0,0,0,0,0,0,0,0,0,0,0,43,13,0.0,0.0,0.0,0.0,0.0,0.0,0.0,0.0,0.0,0,0,0,0
217,Lyle,Foster,Foster,a,,,4.9,326,60.0,0.8,210,32.0,0.8,269.0,33.0,0,0,0.0,-1,1.0,20,23,0.2,9.4,0.3,0.3,2.4,289.0,30.0,100.0,100.0,273.0,24.0,235.0,24.0,159.0,37.0,260.0,29.0,,,,,,,,0.2,0.02,0.22,1.87,0.0,0.26,1.94,1.06,5.3,28,0,0,0,0,0,0,0,0,0,0,0,0,0,0,0,380,596,0.0,0.0,0.0,0.0,0.0,0.0,0.0,0.0,0.0,0,0,0,0
218,Ashley,Barnes,Barnes,a,,,4.2,623,88.0,1.5,158,25.0,0.2,345.0,45.0,0,0,0.0,-3,3.0,99,106,0.0,0.5,-0.3,-0.3,1.0,457.0,56.0,,,502.0,62.0,477.0,60.0,415.0,58.0,480.0,58.0,,,2.0,,,,,0.66,0.0,0.66,2.88,0.0,0.0,6.0,0.0,12.0,28,0,0,0,0,0,0,0,0,0,0,0,0,0,0,0,1506,2147,0.0,0.0,0.0,0.0,0.0,0.0,0.0,0.0,0.0,0,0,0,0
219,Michael,Obafemi,Obafemi,u,has joined Blackpool on loan for the rest of the season.,,4.4,528,76.0,0.1,463,67.0,0.0,571.0,57.0,0,0,0.0,-1,1.0,0,2,0.0,0.0,0.0,0.0,0.0,666.0,68.0,0.0,0.0,656.0,68.0,652.0,67.0,630.0,67.0,658.0,68.0,,,,,,,,0.0,0.0,0.0,0.0,0.0,0.0,0.0,0.0,0.0,28,0,0,0,0,0,0,0,0,0,0,0,0,0,0,0,0,14,0.0,0.0,0.0,0.0,0.0,0.0,0.0,0.0,0.0,0,0,0,0
470,Martin,Dúbravka,Dúbravka,a,,,4.0,660,41.0,32.5,10,2.0,1.0,243.0,19.0,0,0,0.0,0,0.0,335,432,0.2,19.5,0.5,0.5,2.9,198.0,21.0,100.0,100.0,5.0,1.0,553.0,48.0,520.0,35.0,128.0,1.0,,,,,,,,0.0,0.0,0.0,1.99,3.74,0.11,1.93,1.0,0.0,28,0,0,0,0,0,0,0,0,0,0,0,0,0,0,0,7348,12473,0.0,0.0,0.0,0.0,0.0,0.0,0.0,0.0,0.0,0,0,0,0
614,James,Ward-Prowse,Ward-Prowse,a,,,5.6,124,77.0,0.2,388,128.0,1.0,254.0,114.0,0,0,0.0,-4,4.0,10,5,0.2,2.9,0.5,0.5,2.3,300.0,132.0,100.0,100.0,369.0,164.0,150.0,103.0,425.0,208.0,328.0,157.0,1.0,1.0,,,,,,0.03,0.21,0.24,1.58,0.0,0.2,2.18,0.99,5.15,28,0,0,0,0,0,0,0,0,0,0,0,0,0,0,0,296,78,0.0,0.0,0.0,0.0,0.0,0.0,0.0,0.0,0.0,0,0,0,0
676,Lesley,Ugochukwu,Ugochukwu,a,,,5.0,272,167.0,0.1,445,152.0,2.2,142.0,65.0,0,0,0.0,0,0.0,5,11,0.4,15.6,1.7,1.7,3.0,192.0,79.0,100.0,100.0,137.0,44.0,198.0,130.0,144.0,83.0,167.0,89.0,,,,,,,,0.11,0.01,0.12,2.05,0.0,0.15,1.94,1.07,8.92,28,0,0,0,0,0,0,0,0,0,0,0,0,0,0,0,411,360,0.0,0.0,0.0,0.0,0.0,0.0,0.0,0.0,0.0,0,0,0,0
680,Armando,Broja,Broja,i,Knock - Expected back 14 Mar,,5.2,213,49.0,0.2,393,61.0,0.4,330.0,42.0,0,0,0.0,-3,3.0,0,34,0.1,7.3,0.0,0.0,2.0,333.0,36.0,0.0,0.0,350.0,36.0,317.0,34.0,118.0,29.0,297.0,34.0,,,,,,,,0.24,0.01,0.25,2.33,0.0,0.11,2.8,0.89,4.58,28,0,0,0,0,0,0,0,0,0,0,0,0,0,0,0,64,524,0.0,0.0,0.0,0.0,0.0,0.0,0.0,0.0,0.0,0,0,0,0
722,Florentino Ibrain,Morris Luís,Florentino,a,,,5.0,251,153.0,0.0,605,232.0,0.6,296.0,133.0,0,0,0.0,0,0.0,0,4,0.1,12.8,0.1,0.1,2.9,204.0,84.0,,,164.0,58.0,181.0,123.0,324.0,169.0,220.0,108.0,,,,,,,,0.03,0.02,0.05,2.06,0.0,0.11,1.99,1.08,13.5,28,0,0,0,0,0,0,0,0,0,0,0,0,0,0,0,63,119,0.0,0.0,0.0,0.0,0.0,0.0,0.0,0.0,0.0,0,0,0,0
776,Oliver,Pimlott,Pimlott,a,,,4.5,510,314.0,0.0,791,348.0,0.0,678.0,272.0,0,0,0.0,0,0.0,0,0,0.0,0.0,-0.5,-0.5,0.0,750.0,317.0,,,750.0,317.0,744.0,317.0,731.0,313.0,750.0,317.0,,,,,,,,0.0,0.0,0.0,0.0,0.0,0.0,0.0,0.0,0.0,28,0,0,0,0,0,0,0,0,0,0,0,0,0,0,0,23,34,0.0,0.0,0.0,0.0,0.0,0.0,0.0,0.0,0.0,0,0,0,0
784,George,Brierley,Brierley,a,,,4.5,517,320.0,0.0,800,353.0,0.0,684.0,278.0,0,0,0.0,0,0.0,3,0,0.0,0.0,-0.5,-0.5,0.0,755.0,322.0,,,755.0,322.0,749.0,322.0,737.0,319.0,755.0,322.0,,,,,,,,0.0,0.0,0.0,0.0,0.0,0.0,0.0,0.0,0.0,28,0,0,0,0,0,0,0,0,0,0,0,0,0,0,0,10,7,0.0,0.0,0.0,0.0,0.0,0.0,0.0,0.0,0.0,0,0,0,0
66,Norberto,Murara Neto,Neto,u,Has joined Botafogo permanently.,,4.5,407,21.0,0.1,567,77.0,0.0,601.0,88.0,0,0,0.0,0,0.0,0,0,0.0,0.0,0.0,0.0,0.0,688.0,92.0,0.0,0.0,682.0,92.0,676.0,84.0,657.0,74.0,684.0,92.0,,,,,,,,0.0,0.0,0.0,0.0,0.0,0.0,0.0,0.0,0.0,28,0,0,0,0,0,0,0,0,0,0,0,0,0,0,0,0,7,0.0,0.0,0.0,0.0,0.0,0.0,0.0,0.0,0.0,0,0,0,0
67,Đorđe,Petrović,Petrović,a,,,4.5,435,24.0,4.7,77,14.0,5.0,12.0,2.0,0,0,0.0,0,0.0,572,87,1.1,18.9,5.0,5.0,3.1,172.0,18.0,,,25.0,8.0,692.0,87.0,675.0,77.0,196.0,9.0,,,,,,,,0.0,0.0,0.0,1.53,3.07,0.26,1.67,1.0,0.0,28,0,0,0,0,0,0,0,0,0,0,0,0,0,0,0,21586,3346,0.0,0.0,0.0,0.0,0.0,0.0,0.0,0.0,0.0,0,0,0,0
68,Will,Dennis,Dennis,u,has joined Leyton Orient on loan for the rest of the season.,,4.0,679,51.0,0.7,212,27.0,0.0,460.0,62.0,0,0,0.0,0,0.0,0,28,0.0,0.0,0.0,0.0,0.0,588.0,70.0,0.0,0.0,578.0,70.0,570.0,58.0,538.0,45.0,580.0,70.0,,,,,,,,0.0,0.0,0.0,0.0,0.0,0.0,0.0,0.0,0.0,28,0,0,0,0,0,0,0,0,0,0,0,0,0,0,0,0,264,0.0,0.0,0.0,0.0,0.0,0.0,0.0,0.0,0.0,0,0,0,0
69,Callan,McKenna,McKenna,a,,,3.9,778,92.0,0.2,344,47.0,0.0,439.0,51.0,0,0,0.0,-1,1.0,17,6,0.0,0.0,0.0,0.0,0.0,568.0,60.0,,,558.0,60.0,547.0,45.0,513.0,32.0,560.0,60.0,,,,,,,,0.0,0.0,0.0,0.0,0.0,0.0,0.0,0.0,0.0,28,0,0,0,0,0,0,0,0,0,0,0,0,0,0,0,254,137,0.0,0.0,0.0,0.0,0.0,0.0,0.0,0.0,0.0,0,0,0,0
70,Alex,Paulsen,Paulsen,u,Has joined Lechia Gdansk on loan for the rest of the season.,,4.0,695,58.0,0.1,571,78.0,0.0,475.0,69.0,0,0,0.0,0,0.0,0,1,0.0,0.0,0.0,0.0,0.0,600.0,77.0,0.0,0.0,590.0,77.0,582.0,65.0,550.0,52.0,592.0,77.0,,,,,,,,0.0,0.0,0.0,0.0,0.0,0.0,0.0,0.0,0.0,28,0,0,0,0,0,0,0,0,0,0,0,0,0,0,0,0,12,0.0,0.0,0.0,0.0,0.0,0.0,0.0,0.0,0.0,0,0,0,0
71,Illia,Zabarnyi,Zabarnyi,u,Has joined Paris Saint-Germain permanently.,,5.0,265,41.0,0.0,668,234.0,0.0,740.0,253.0,0,0,0.0,0,0.0,0,0,0.0,0.0,0.0,0.0,0.0,785.0,262.0,0.0,0.0,785.0,262.0,783.0,262.0,779.0,262.0,785.0,262.0,,,,,,,,0.0,0.0,0.0,0.0,0.0,0.0,0.0,0.0,0.0,28,0,0,0,0,0,0,0,0,0,0,0,0,0,0,0,0,1,0.0,0.0,0.0,0.0,0.0,0.0,0.0,0.0,0.0,0,0,0,0
72,Marcos,Senesi Barón,Senesi,a,,,4.9,314,50.0,16.2,21,7.0,3.4,57.0,20.0,0,0,0.0,4,-4.0,1767,491,0.7,22.7,3.4,3.4,4.3,43.0,18.0,100.0,100.0,2.0,1.0,89.0,21.0,158.0,34.0,33.0,1.0,,,,,,,,0.05,0.16,0.21,1.54,0.0,0.27,1.72,1.02,12.26,28,0,0,0,0,0,0,0,0,0,0,0,0,0,0,0,36703,12958,0.0,0.0,0.0,0.0,0.0,0.0,0.0,0.0,0.0,0,0,0,0
73,Adam,Smith,Smith,a,,,4.4,518,98.0,0.2,385,144.0,1.8,174.0,61.0,0,0,0.0,-1,1.0,10,5,0.4,6.8,1.8,1.8,1.9,338.0,128.0,100.0,100.0,363.0,138.0,371.0,131.0,382.0,134.0,393.0,141.0,,,,,,,,0.0,0.01,0.01,1.54,0.0,0.37,1.86,1.24,5.08,28,0,0,0,0,0,0,0,0,0,0,0,0,0,0,0,133,86,0.0,0.0,0.0,0.0,0.0,0.0,0.0,0.0,0.0,0,0,0,0
74,Adrien,Truffert,Truffert,a,,,4.5,450,91.0,2.1,133,51.0,4.2,30.0,9.0,0,0,0.0,0,0.0,602,71,0.9,21.1,4.2,4.2,3.5,121.0,43.0,,,43.0,18.0,66.0,13.0,246.0,68.0,79.0,18.0,,,,,,,,0.01,0.06,0.07,1.47,0.0,0.26,1.58,1.02,8.29,28,0,0,0,0,0,0,0,0,0,0,0,0,0,0,0,12551,2033,0.0,0.0,0.0,0.0,0.0,0.0,0.0,0.0,0.0,0,0,0,0
75,Matai,Akinmboni,Akinmboni,d,Lack of match fitness - 75% chance of playing,,3.8,803,251.0,0.2,384,143.0,0.0,397.0,152.0,0,0,0.0,-2,2.0,1,6,0.0,0.0,0.0,0.0,0.0,529.0,194.0,75.0,75.0,519.0,193.0,505.0,191.0,470.0,182.0,521.0,193.0,,,,,,,,0.0,0.0,0.0,0.0,0.0,0.0,0.0,0.0,0.0,28,0,0,0,0,0,0,0,0,0,0,0,0,0,0,0,30,55,0.0,0.0,0.0,0.0,0.0,0.0,0.0,0.0,0.0,0,0,0,0
76,Owen,Bevan,Bevan,a,,,3.8,801,249.0,0.2,386,145.0,0.0,395.0,150.0,0,0,0.0,-2,2.0,16,6,0.0,0.0,0.0,0.0,0.0,528.0,193.0,,,518.0,192.0,504.0,190.0,469.0,181.0,520.0,192.0,,,,,,,,0.0,0.0,0.0,0.0,0.0,0.0,0.0,0.0,0.0,28,0,0,0,0,0,0,0,0,0,0,0,0,0,0,0,153,117,0.0,0.0,0.0,0.0,0.0,0.0,0.0,0.0,0.0,0,0,0,0
77,James,Hill,Hill,a,,,4.1,655,159.0,6.5,57,19.0,5.8,5.0,3.0,0,0,0.0,1,-1.0,3041,95,1.4,15.9,5.8,5.8,3.6,108.0,39.0,,,151.0,66.0,298.0,97.0,301.0,89.0,251.0,82.0,,,,,,,,0.02,0.07,0.09,1.46,0.0,0.32,1.21,0.89,11.25,28,0,0,0,0,0,0,0,0,0,0,0,0,0,0,0,95929,2268,0.0,0.0,0.0,0.0,0.0,0.0,0.0,0.0,0.0,0,0,0,0
78,Julián,Araujo Zúñiga,J.Araujo,u,has joined Celtic on loan for the rest of the season.,,3.8,793,241.0,0.5,254,95.0,0.0,388.0,143.0,0,0,0.0,-2,2.0,0,20,0.0,0.0,0.0,0.0,0.0,522.0,187.0,0.0,0.0,512.0,186.0,498.0,184.0,463.0,175.0,514.0,186.0,,,,,,,,0.0,0.0,0.0,0.0,0.0,0.0,0.0,0.0,0.0,28,0,0,0,0,0,0,0,0,0,0,0,0,0,0,0,0,227,0.0,0.0,0.0,0.0,0.0,0.0,0.0,0.0,0.0,0,0,0,0
79,Chris,Mepham,Mepham,u,has joined West Bromwich Albion permanently.,,4.0,672,167.0,0.1,539,192.0,0.0,453.0,175.0,0,0,0.0,0,0.0,0,1,0.0,0.0,0.0,0.0,0.0,581.0,214.0,0.0,0.0,571.0,213.0,563.0,213.0,531.0,207.0,573.0,213.0,,,,,,,,0.0,0.0,0.0,0.0,0.0,0.0,0.0,0.0,0.0,28,0,0,0,0,0,0,0,0,0,0,0,0,0,0,0,0,8,0.0,0.0,0.0,0.0,0.0,0.0,0.0,0.0,0.0,0,0,0,0
80,Julio,Soler Barreto,Soler,i,Hamstring injury - Expected back 01 Jun,,4.0,715,192.0,0.2,378,138.0,0.0,493.0,197.0,0,0,0.0,0,0.0,2,11,0.0,0.8,0.0,0.0,1.0,452.0,165.0,0.0,0.0,486.0,173.0,450.0,163.0,436.0,161.0,485.0,170.0,,,,,,,,0.0,0.0,0.0,4.29,0.0,0.0,5.29,0.0,2.65,28,0,0,0,0,0,0,0,0,0,0,0,0,0,0,0,12,106,0.0,0.0,0.0,0.0,0.0,0.0,0.0,0.0,0.0,0,0,0,0
81,Justin,Kluivert,Kluivert,i,Knee injury - Expected back 09 May,,7.0,36,21.0,0.6,235,83.0,0.0,810.0,364.0,0,0,0.0,0,0.0,0,21,0.0,5.7,0.0,0.0,2.2,315.0,139.0,0.0,0.0,300.0,135.0,86.0,64.0,209.0,115.0,206.0,103.0,,3.0,1.0,,,,,0.22,0.15,0.37,1.65,0.0,0.39,1.77,0.98,6.11,28,0,0,0,0,0,0,0,0,0,0,0,0,0,0,0,19,130,0.0,0.0,0.0,0.0,0.0,0.0,0.0,0.0,0.0,0,0,0,0
84,Marcus,Tavernier,Tavernier,a,,,5.3,190,118.0,1.2,174,61.0,0.2,372.0,169.0,0,0,0.0,-2,2.0,296,35,0.0,17.9,0.2,0.2,4.1,57.0,25.0,100.0,100.0,88.0,28.0,35.0,33.0,59.0,35.0,41.0,30.0,2.0,2.0,4.0,,,,,0.26,0.12,0.38,1.4,0.0,0.36,1.83,1.02,8.33,28,0,0,0,0,0,0,0,0,0,0,0,0,0,0,0,12065,1429,0.0,0.0,0.0,0.0,0.0,0.0,0.0,0.0,0.0,0,0,0,0
85,Tyler,Adams,Adams,a,,,4.9,301,188.0,0.3,332,113.0,1.0,249.0,110.0,0,0,0.0,-1,1.0,21,9,0.2,11.2,1.0,1.0,3.4,134.0,59.0,100.0,100.0,193.0,79.0,290.0,169.0,229.0,127.0,248.0,127.0,,,,,,,,0.04,0.02,0.06,1.37,0.0,0.36,1.64,1.14,11.42,28,0,0,0,0,0,0,0,0,0,0,0,0,0,0,0,358,59,0.0,0.0,0.0,0.0,0.0,0.0,0.0,0.0,0.0,0,0,0,0
86,David,Brooks,Brooks,a,,,5.0,244,149.0,0.2,392,130.0,0.4,324.0,148.0,0,0,0.0,0,0.0,11,7,0.1,9.0,0.4,0.4,2.0,330.0,144.0,100.0,100.0,257.0,109.0,83.0,62.0,39.0,23.0,101.0,61.0,,4.0,,,,,,0.42,0.26,0.68,1.48,0.0,0.37,1.58,1.02,7.24,28,0,0,0,0,0,0,0,0,0,0,0,0,0,0,0,180,144,0.0,0.0,0.0,0.0,0.0,0.0,0.0,0.0,0.0,0,0,0,0
87,Ryan,Christie,Christie,a,,,4.9,292,182.0,0.1,557,203.0,1.0,248.0,109.0,0,0,0.0,-1,1.0,6,1,0.2,5.1,1.0,1.0,1.5,411.0,184.0,100.0,100.0,328.0,147.0,214.0,141.0,207.0,113.0,294.0,146.0,,,,,,,,0.26,0.07,0.33,2.19,0.0,0.0,1.88,0.38,10.36,28,0,0,0,0,0,0,0,0,0,0,0,0,0,0,0,63,75,0.0,0.0,0.0,0.0,0.0,0.0,0.0,0.0,0.0,0,0,0,0
88,Lewis,Cook,Cook,i,Hamstring injury - Expected back 11 Apr,,4.9,291,181.0,0.1,578,215.0,1.6,188.0,83.0,0,0,0.0,-1,1.0,0,35,0.3,7.8,0.0,0.0,2.4,287.0,124.0,0.0,0.0,253.0,107.0,170.0,117.0,395.0,196.0,277.0,139.0,1.0,,,,,,,0.01,0.05,0.06,1.4,0.0,0.1,1.86,0.83,14.79,28,0,0,0,0,0,0,0,0,0,0,0,0,0,0,0,5,403,0.0,0.0,0.0,0.0,0.0,0.0,0.0,0.0,0.0,0,0,0,0
89,Philip,Billing,Philip,u,has joined Midtjylland permanently.,,4.9,294,184.0,0.0,672,272.0,0.0,707.0,293.0,0,0,0.0,-1,1.0,0,0,0.0,0.0,0.0,0.0,0.0,764.0,327.0,0.0,0.0,764.0,327.0,760.0,327.0,754.0,325.0,764.0,327.0,,,,,,,,0.0,0.0,0.0,0.0,0.0,0.0,0.0,0.0,0.0,28,0,0,0,0,0,0,0,0,0,0,0,0,0,0,0,0,0,0.0,0.0,0.0,0.0,0.0,0.0,0.0,0.0,0.0,0,0,0,0
90,Alex,Scott,Scott,a,,,5.1,239,145.0,1.3,168,58.0,4.8,13.0,3.0,0,1,-1.0,1,-1.0,754,99,0.9,18.6,4.8,4.8,3.5,126.0,57.0,100.0,100.0,104.0,33.0,108.0,76.0,105.0,64.0,99.0,60.0,4.0,6.0,,,,,,0.12,0.06,0.18,1.56,0.0,0.32,1.52,1.11,11.87,28,0,0,0,0,0,0,0,0,0,0,0,0,0,0,0,22295,2614,0.0,0.0,0.0,0.0,0.0,0.0,0.0,0.0,0.0,0,0,0,0
91,Luis,Sinisterra Lucumí,Sinisterra,u,has joined Cruzeiro on loan for the rest of the season.,,5.0,253,154.0,0.0,737,311.0,0.0,736.0,312.0,0,0,0.0,0,0.0,0,0,0.0,0.0,0.0,0.0,0.0,781.0,340.0,0.0,0.0,781.0,340.0,778.0,340.0,775.0,338.0,781.0,340.0,,,,,,,,0.0,0.0,0.0,0.0,0.0,0.0,0.0,0.0,0.0,28,0,0,0,0,0,0,0,0,0,0,0,0,0,0,0,0,0,0.0,0.0,0.0,0.0,0.0,0.0,0.0,0.0,0.0,0,0,0,0
92,Romain,Faivre,Faivre,u,has joined Auxerre permanently.,,4.5,431,258.0,0.1,554,201.0,0.0,616.0,222.0,0,0,0.0,0,0.0,0,2,0.0,0.0,0.0,0.0,0.0,699.0,276.0,0.0,0.0,693.0,271.0,689.0,274.0,672.0,267.0,695.0,273.0,,,,,,,,0.0,0.0,0.0,0.0,0.0,0.0,0.0,0.0,0.0,28,0,0,0,0,0,0,0,0,0,0,0,0,0,0,0,0,14,0.0,0.0,0.0,0.0,0.0,0.0,0.0,0.0,0.0,0,0,0,0
93,Hamed,Traorè,H.Traorè,u,has joined Marseille on loan for the rest of the season.,,4.5,426,255.0,0.3,329,111.0,0.0,612.0,219.0,0,0,0.0,0,0.0,0,3,0.0,0.9,0.0,0.0,4.0,60.0,27.0,0.0,0.0,442.0,194.0,420.0,207.0,668.0,264.0,457.0,207.0,,,,,,,,0.0,0.0,0.0,2.25,0.0,0.0,11.25,0.0,22.5,28,0,0,0,0,0,0,0,0,0,0,0,0,0,0,0,0,20,0.0,0.0,0.0,0.0,0.0,0.0,0.0,0.0,0.0,0,0,0,0
94,Dominic,Sadi,Sadi,u,has joined Novi Pazar on loan for the rest of the season.,,4.5,466,283.0,0.0,639,253.0,0.0,640.0,244.0,0,0,0.0,0,0.0,0,0,0.0,0.0,0.0,0.0,0.0,720.0,296.0,0.0,0.0,715.0,292.0,711.0,294.0,695.0,287.0,716.0,293.0,,,,,,,,0.0,0.0,0.0,0.0,0.0,0.0,0.0,0.0,0.0,28,0,0,0,0,0,0,0,0,0,0,0,0,0,0,0,0,1,0.0,0.0,0.0,0.0,0.0,0.0,0.0,0.0,0.0,0,0,0,0
95,Zain,Silcott-Duberry,Silcott-Duberry,u,has joined Olympiakos permanently.,,4.4,553,331.0,0.1,575,213.0,0.0,583.0,204.0,0,0,0.0,-1,1.0,0,0,0.0,0.0,0.0,0.0,0.0,675.0,263.0,0.0,0.0,666.0,255.0,662.0,260.0,641.0,250.0,668.0,257.0,,,,,,,,0.0,0.0,0.0,0.0,0.0,0.0,0.0,0.0,0.0,28,0,0,0,0,0,0,0,0,0,0,0,0,0,0,0,0,8,0.0,0.0,0.0,0.0,0.0,0.0,0.0,0.0,0.0,0,0,0,0
96,Ben,Winterburn,Winterburn,u,has joined Barnet on loan for the rest of the season.,,4.5,496,305.0,0.0,638,252.0,0.0,667.0,265.0,0,0,0.0,0,0.0,0,1,0.0,0.2,0.0,0.0,1.0,481.0,219.0,0.0,0.0,740.0,310.0,734.0,310.0,721.0,306.0,740.0,310.0,,,,,,,,0.0,0.0,0.0,4.65,0.0,0.0,30.0,0.0,0.0,28,0,0,0,0,0,0,0,0,0,0,0,0,0,0,0,0,4,0.0,0.0,0.0,0.0,0.0,0.0,0.0,0.0,0.0,0,0,0,0
97,Francisco Evanilson,de Lima Barbosa,Evanilson,a,,,6.9,39,16.0,2.5,118,19.0,1.4,217.0,27.0,0,0,0.0,-1,1.0,180,369,0.2,11.4,1.4,1.4,3.2,166.0,15.0,100.0,100.0,208.0,16.0,94.0,3.0,15.0,10.0,46.0,10.0,,,,,,,,0.35,0.04,0.39,1.32,0.0,0.33,1.57,1.04,3.75,28,0,0,0,0,0,0,0,0,0,0,0,0,0,0,0,7236,12465,0.0,0.0,0.0,0.0,0.0,0.0,0.0,0.0,0.0,0,0,0,0
98,Enes,Ünal,Enes Ünal,a,,,5.4,161,41.0,0.0,595,81.0,0.8,278.0,35.0,0,0,0.0,-1,1.0,11,7,0.1,3.3,0.8,0.8,1.3,433.0,53.0,100.0,100.0,415.0,48.0,428.0,56.0,298.0,50.0,407.0,51.0,,1.0,,,,,,0.63,0.03,0.66,1.93,0.0,0.0,1.19,0.0,5.36,28,0,0,0,0,0,0,0,0,0,0,0,0,0,0,0,115,74,0.0,0.0,0.0,0.0,0.0,0.0,0.0,0.0,0.0,0,0,0,0
99,Daniel,Adu-Adjei,Adu-Adjei,u,has joined HNK Rijeka permanently.,,4.4,567,83.0,0.1,430,63.0,0.0,596.0,64.0,0,0,0.0,-1,1.0,0,1,0.0,0.0,0.0,0.0,0.0,685.0,75.0,0.0,0.0,678.0,75.0,673.0,74.0,653.0,74.0,680.0,75.0,,,,,,,,0.0,0.0,0.0,0.0,0.0,0.0,0.0,0.0,0.0,28,0,0,0,0,0,0,0,0,0,0,0,0,0,0,0,0,8,0.0,0.0,0.0,0.0,0.0,0.0,0.0,0.0,0.0,0,0,0,0
100,Junior,Kroupi,Kroupi.Jr,a,,,4.7,393,65.0,7.3,55,10.0,2.4,124.0,14.0,0,0,0.0,2,-2.0,789,841,0.5,14.7,2.4,2.4,3.1,175.0,16.0,,,147.0,14.0,177.0,15.0,60.0,23.0,114.0,16.0,,,,,,,,0.41,0.06,0.47,1.55,0.0,0.47,1.6,1.13,6.4,28,0,0,0,0,0,0,0,0,0,0,0,0,0,0,0,19772,20303,0.0,0.0,0.0,0.0,0.0,0.0,0.0,0.0,0.0,0,0,0,0
391,Ben,Gannon-Doak,Gannon-Doak,i,Hamstring injury - Unknown return date,,4.8,370,231.0,0.0,637,251.0,0.0,703.0,290.0,0,0,0.0,-2,2.0,0,0,0.0,1.5,0.0,0.0,1.8,364.0,158.0,0.0,0.0,443.0,195.0,404.0,201.0,397.0,198.0,448.0,201.0,,,,,,,,0.15,0.15,0.3,4.52,0.0,0.0,1.7,0.0,5.09,28,0,0,0,0,0,0,0,0,0,0,0,0,0,0,0,3,8,0.0,0.0,0.0,0.0,0.0,0.0,0.0,0.0,0.0,0,0,0,0
685,Bafodé,Diakité,Diakité,a,,,4.2,635,147.0,0.3,323,117.0,0.2,346.0,125.0,0,0,0.0,-3,3.0,4,14,0.0,11.0,0.2,0.2,2.6,252.0,98.0,100.0,100.0,204.0,82.0,329.0,112.0,365.0,123.0,309.0,103.0,,,,,,,,0.0,0.01,0.01,1.59,0.0,0.28,1.91,1.06,8.26,28,0,0,0,0,0,0,0,0,0,0,0,0,0,0,0,72,285,0.0,0.0,0.0,0.0,0.0,0.0,0.0,0.0,0.0,0,0,0,0
687,Remy,Rees-Dottin,Rees-Dottin,a,,,4.3,618,362.0,0.2,391,129.0,0.0,561.0,192.0,0,0,0.0,-2,2.0,33,13,0.0,0.0,0.0,0.0,0.0,659.0,253.0,,,649.0,244.0,645.0,249.0,622.0,238.0,651.0,246.0,,,,,,,,0.0,0.0,0.0,0.0,0.0,0.0,0.0,0.0,0.0,28,0,0,0,0,0,0,0,0,0,0,0,0,0,0,0,401,199,0.0,0.0,0.0,0.0,0.0,0.0,0.0,0.0,0.0,0,0,0,0
697,Amine,Adli,Adli,a,,,5.4,178,109.0,0.7,219,75.0,4.0,37.0,17.0,0,0,0.0,-1,1.0,99,68,0.7,10.7,4.0,4.0,2.5,278.0,118.0,,,214.0,92.0,155.0,107.0,103.0,63.0,165.0,87.0,3.0,,,,,,,0.25,0.15,0.4,1.44,0.0,0.3,1.4,0.9,10.42,28,0,0,0,0,0,0,0,0,0,0,0,0,0,0,0,4398,2960,0.0,0.0,0.0,0.0,0.0,0.0,0.0,0.0,0.0,0,0,0,0
713,Álex,Jiménez Sánchez,A.Jimenez,a,,,4.5,468,93.0,0.2,350,126.0,2.6,112.0,41.0,0,0,0.0,0,0.0,55,15,0.6,11.8,2.6,2.6,2.3,294.0,111.0,,,184.0,75.0,186.0,45.0,164.0,36.0,197.0,65.0,,,,,,,,0.05,0.05,0.1,1.72,0.0,0.21,1.72,1.02,5.53,28,0,0,0,0,0,0,0,0,0,0,0,0,0,0,0,1364,706,0.0,0.0,0.0,0.0,0.0,0.0,0.0,0.0,0.0,0,0,0,0
721,Veljko,Milosavljevic,Milosavljević,a,,,4.4,569,120.0,0.0,654,231.0,0.0,597.0,236.0,0,0,0.0,-1,1.0,2,0,0.0,4.3,0.0,0.0,2.7,235.0,94.0,100.0,100.0,347.0,132.0,405.0,147.0,401.0,146.0,400.0,142.0,,,,,,,,0.04,0.05,0.09,1.08,0.0,0.25,1.47,0.98,9.56,28,0,0,0,0,0,0,0,0,0,0,0,0,0,0,0,12,12,0.0,0.0,0.0,0.0,0.0,0.0,0.0,0.0,0.0,0,0,0,0
756,Malcom,DaCosta,DaCosta,a,,,4.5,515,318.0,0.0,741,314.0,0.0,682.0,276.0,0,0,0.0,0,0.0,2,1,0.0,0.0,0.0,0.0,0.0,753.0,320.0,,,753.0,320.0,747.0,320.0,735.0,317.0,753.0,320.0,,,,,,,,0.0,0.0,0.0,0.0,0.0,0.0,0.0,0.0,0.0,28,0,0,0,0,0,0,0,0,0,0,0,0,0,0,0,20,19,0.0,0.0,0.0,0.0,0.0,0.0,0.0,0.0,0.0,0,0,0,0
782,Fraser,Forster,Forster,a,,,4.0,659,40.0,0.0,673,80.0,0.0,444.0,53.0,0,0,0.0,0,0.0,0,4,0.0,0.0,0.0,0.0,0.0,573.0,62.0,,,563.0,62.0,552.0,47.0,519.0,34.0,565.0,62.0,,,,,,,,0.0,0.0,0.0,0.0,0.0,0.0,0.0,0.0,0.0,28,0,0,0,0,0,0,0,0,0,0,0,0,0,0,0,44,24,0.0,0.0,0.0,0.0,0.0,0.0,0.0,0.0,0.0,0,0,0,0
799,Charlie,Stevens,Stevens,a,,,4.5,512,315.0,0.0,783,341.0,0.0,679.0,273.0,0,0,0.0,0,0.0,2,0,0.0,0.0,0.0,0.0,0.0,751.0,318.0,,,751.0,318.0,745.0,318.0,732.0,314.0,751.0,318.0,,,,,,,,0.0,0.0,0.0,0.0,0.0,0.0,0.0,0.0,0.0,28,0,0,0,0,0,0,0,0,0,0,0,0,0,0,0,15,8,0.0,0.0,0.0,0.0,0.0,0.0,0.0,0.0,0.0,0,0,0,0
801,Alex,Tóth,Tóth.A,a,,,5.0,281,175.0,0.0,757,323.0,0.4,326.0,150.0,0,0,0.0,0,0.0,0,0,0.1,0.6,0.4,0.4,1.0,493.0,228.0,,,470.0,214.0,385.0,195.0,412.0,201.0,451.0,204.0,,,,,,,,0.08,0.11,0.19,3.19,0.0,0.0,1.36,1.36,10.91,28,0,0,0,0,0,0,0,0,0,0,0,0,0,0,0,5,22,0.0,0.0,0.0,0.0,0.0,0.0,0.0,0.0,0.0,0,0,0,0
806,Christos,Mandas,Mandas,a,,,4.0,677,50.0,0.0,770,88.0,0.0,458.0,61.0,0,0,0.0,0,0.0,1,0,0.0,0.0,0.0,0.0,0.0,586.0,69.0,,,576.0,69.0,568.0,57.0,536.0,44.0,578.0,69.0,,,,,,,,0.0,0.0,0.0,0.0,0.0,0.0,0.0,0.0,0.0,28,0,0,0,0,0,0,0,0,0,0,0,0,0,0,0,24,28,0.0,0.0,0.0,0.0,0.0,0.0,0.0,0.0,0.0,0,0,0,0
807,Rayan Vitor,Simplício Rocha,Rayan,a,,,5.6,133,82.0,2.6,113,36.0,4.4,25.0,10.0,0,0,0.0,1,-1.0,1382,111,0.8,3.9,4.4,4.4,5.5,9.0,6.0,,,343.0,155.0,288.0,168.0,257.0,140.0,341.0,164.0,,,,,,,,0.25,0.25,0.5,2.33,0.0,0.31,0.62,0.94,4.38,28,0,0,0,0,0,0,0,0,0,0,0,0,0,0,0,73579,3398,0.0,0.0,0.0,0.0,0.0,0.0,0.0,0.0,0.0,0,0,0,0
27,Reiss,Nelson,Nelson,a,,,4.8,357,224.0,0.1,488,174.0,0.0,694.0,285.0,0,0,0.0,-2,2.0,2,2,0.0,1.2,0.0,0.5,1.0,485.0,223.0,100.0,100.0,448.0,199.0,445.0,215.0,389.0,195.0,455.0,206.0,,,,,,,,1.1,0.13,1.23,2.18,0.0,0.0,1.8,0.0,30.6,28,0,0,0,0,0,0,0,0,0,0,0,0,0,0,0,23,20,0.0,0.0,0.0,0.0,0.0,0.0,0.0,0.0,0.0,0,0,0,0
83,Dango,Ouattara,O.Dango,a,,,5.9,102,66.0,2.8,111,34.0,4.6,20.0,9.0,0,0,0.0,-1,1.0,1584,165,0.8,15.1,4.6,5.1,4.2,56.0,24.0,100.0,100.0,171.0,64.0,137.0,94.0,32.0,16.0,86.0,52.0,3.0,,,,,,,0.32,0.13,0.45,1.25,0.0,0.19,1.3,0.99,7.73,28,0,0,0,0,0,0,0,0,0,0,0,0,0,0,0,122374,4565,0.0,0.0,0.0,0.0,0.0,0.0,0.0,0.0,0.0,0,0,0,0
101,Caoimhín,Kelleher,Kelleher,a,,,4.7,382,17.0,11.8,29,5.0,3.0,82.0,11.0,0,0,0.0,2,-2.0,1150,321,0.6,20.9,3.0,3.5,3.6,110.0,14.0,100.0,100.0,20.0,5.0,392.0,4.0,742.0,82.0,178.0,5.0,,,,,,,,0.0,0.0,0.0,1.39,2.7,0.22,1.37,1.0,0.0,28,0,0,0,0,0,0,0,0,0,0,0,0,0,0,0,50879,5618,0.0,0.0,0.0,0.0,0.0,0.0,0.0,0.0,0.0,0,0,0,0
102,Ellery,Balcombe,Balcombe,a,,,3.9,754,79.0,0.3,335,46.0,0.0,418.0,38.0,0,0,0.0,-1,1.0,5,3,0.0,0.0,0.0,0.5,0.0,548.0,47.0,,,538.0,47.0,527.0,32.0,493.0,19.0,540.0,47.0,,,,,,,,0.0,0.0,0.0,0.0,0.0,0.0,0.0,0.0,0.0,28,0,0,0,0,0,0,0,0,0,0,0,0,0,0,0,77,75,0.0,0.0,0.0,0.0,0.0,0.0,0.0,0.0,0.0,0,0,0,0
103,Matthew,Cox,Cox,u,has joined Shrewsbury Town on loan for the rest of the season.,,3.9,770,87.0,0.1,421,62.0,0.0,431.0,46.0,0,0,0.0,-1,1.0,0,8,0.0,0.0,0.0,0.0,0.0,560.0,55.0,0.0,0.0,550.0,55.0,539.0,40.0,505.0,27.0,552.0,55.0,,,,,,,,0.0,0.0,0.0,0.0,0.0,0.0,0.0,0.0,0.0,28,0,0,0,0,0,0,0,0,0,0,0,0,0,0,0,0,63,0.0,0.0,0.0,0.0,0.0,0.0,0.0,0.0,0.0,0,0,0,0
104,Julian,Eyestone,Eyestone,a,,,3.9,774,89.0,0.1,455,68.0,0.0,435.0,48.0,0,0,0.0,-1,1.0,1,0,0.0,0.0,0.0,0.5,0.0,564.0,57.0,,,554.0,57.0,543.0,42.0,509.0,29.0,556.0,57.0,,,,,,,,0.0,0.0,0.0,0.0,0.0,0.0,0.0,0.0,0.0,28,0,0,0,0,0,0,0,0,0,0,0,0,0,0,0,21,41,0.0,0.0,0.0,0.0,0.0,0.0,0.0,0.0,0.0,0,0,0,0
105,Hákon Rafn,Valdimarsson,Valdimarsson,a,,,3.9,771,88.0,0.6,239,32.0,0.0,432.0,47.0,0,0,0.0,-1,1.0,0,13,0.0,0.0,0.0,0.5,0.0,561.0,56.0,,,551.0,56.0,540.0,41.0,506.0,28.0,553.0,56.0,,,,,,,,0.0,0.0,0.0,0.0,0.0,0.0,0.0,0.0,0.0,28,0,0,0,0,0,0,0,0,0,0,0,0,0,0,0,62,205,0.0,0.0,0.0,0.0,0.0,0.0,0.0,0.0,0.0,0,0,0,0
106,Nathan,Collins,Collins,a,,,4.9,324,53.0,2.8,110,45.0,0.4,322.0,114.0,0,-1,1.0,-1,1.0,188,420,0.1,19.0,0.4,0.9,3.7,100.0,37.0,,,16.0,7.0,227.0,59.0,94.0,10.0,73.0,15.0,,,,,,,,0.07,0.05,0.12,1.37,0.0,0.22,1.39,0.96,10.3,28,0,0,0,0,0,0,0,0,0,0,0,0,0,0,0,5696,9115,0.0,0.0,0.0,0.0,0.0,0.0,0.0,0.0,0.0,0,0,0,0
107,Keane,Lewis-Potter,Lewis-Potter,a,,,4.8,365,62.0,1.7,148,59.0,2.0,159.0,56.0,0,0,0.0,-2,2.0,262,176,0.4,16.0,2.0,2.5,3.1,176.0,67.0,,,242.0,97.0,187.0,46.0,106.0,15.0,200.0,66.0,,1.0,,,,,,0.16,0.08,0.24,1.62,0.0,0.48,1.59,1.03,3.26,28,0,0,0,0,0,0,0,0,0,0,0,0,0,0,0,6058,5143,0.0,0.0,0.0,0.0,0.0,0.0,0.0,0.0,0.0,0,0,0,0
108,Kristoffer,Ajer,Ajer,a,,,4.4,524,103.0,0.3,341,122.0,3.0,76.0,27.0,0,0,0.0,-1,1.0,64,15,0.7,14.3,3.0,3.5,3.0,187.0,73.0,100.0,100.0,158.0,68.0,369.0,130.0,171.0,40.0,232.0,76.0,,,,,,,,0.04,0.04,0.08,1.44,0.0,0.25,1.43,1.06,9.64,28,0,0,0,0,0,0,0,0,0,0,0,0,0,0,0,2267,671,0.0,0.0,0.0,0.0,0.0,0.0,0.0,0.0,0.0,0,0,0,0
109,Rico,Henry,Henry,a,,,4.3,581,128.0,0.2,383,142.0,2.0,154.0,52.0,0,0,0.0,-2,2.0,26,11,0.5,10.9,2.0,2.5,2.0,326.0,123.0,,,330.0,125.0,328.0,111.0,356.0,117.0,365.0,126.0,,,,,,,,0.01,0.03,0.04,1.7,0.0,0.3,1.41,0.89,4.68,28,0,0,0,0,0,0,0,0,0,0,0,0,0,0,0,1348,259,0.0,0.0,0.0,0.0,0.0,0.0,0.0,0.0,0.0,0,0,0,0
110,Michael,Kayode,Kayode,d,Knock - 75% chance of playing,,4.5,497,96.0,0.7,223,85.0,1.6,187.0,70.0,0,0,0.0,0,0.0,24,120,0.4,16.2,1.2,1.6,2.8,217.0,87.0,75.0,75.0,92.0,42.0,58.0,10.0,277.0,79.0,109.0,31.0,,,,,,,,0.01,0.09,0.1,1.41,0.0,0.24,1.35,1.03,6.43,28,0,0,0,0,0,0,0,0,0,0,0,0,0,0,0,601,4219,0.0,0.0,0.0,0.0,0.0,0.0,0.0,0.0,0.0,0,0,0,0
111,Ethan,Pinnock,Pinnock,a,,,4.2,632,145.0,0.1,453,166.0,0.0,520.0,217.0,0,0,0.0,-3,3.0,2,6,0.0,1.0,0.0,0.5,1.3,425.0,153.0,100.0,100.0,392.0,150.0,464.0,170.0,394.0,143.0,430.0,154.0,,,,,,,,0.0,0.02,0.02,1.26,0.0,0.0,1.97,1.18,11.45,28,0,0,0,0,0,0,0,0,0,0,0,0,0,0,0,87,75,0.0,0.0,0.0,0.0,0.0,0.0,0.0,0.0,0.0,0,0,0,0
112,Mads,Roerslev Rasmussen,Roerslev,u,Has joined Southampton permanently.,,4.5,423,82.0,0.0,708,244.0,0.0,610.0,240.0,0,0,0.0,0,0.0,0,0,0.0,0.0,0.0,0.0,0.0,695.0,256.0,0.0,0.0,689.0,255.0,684.0,255.0,666.0,255.0,691.0,255.0,,,,,,,,0.0,0.0,0.0,0.0,0.0,0.0,0.0,0.0,0.0,28,0,0,0,0,0,0,0,0,0,0,0,0,0,0,0,0,0,0.0,0.0,0.0,0.0,0.0,0.0,0.0,0.0,0.0,0,0,0,0
113,Sepp,van den Berg,Van den Berg,a,,,4.5,432,85.0,0.9,201,77.0,3.6,51.0,15.0,0,0,0.0,0,0.0,231,47,0.8,15.8,3.6,4.1,3.2,150.0,60.0,100.0,100.0,73.0,33.0,327.0,110.0,117.0,20.0,147.0,47.0,,,,,,,,0.11,0.02,0.13,1.35,0.0,0.19,1.44,0.97,8.94,28,0,0,0,0,0,0,0,0,0,0,0,0,0,0,0,9323,1587,0.0,0.0,0.0,0.0,0.0,0.0,0.0,0.0,0.0,0,0,0,0
114,Benjamin,Arthur,Arthur,u,has joined Celtic on loan for the rest of the season.,,3.8,813,260.0,0.2,377,137.0,0.0,404.0,158.0,0,0,0.0,-2,2.0,0,11,0.0,0.0,0.0,0.0,0.0,535.0,199.0,0.0,0.0,525.0,198.0,513.0,198.0,479.0,190.0,527.0,198.0,,,,,,,,0.0,0.0,0.0,0.0,0.0,0.0,0.0,0.0,0.0,28,0,0,0,0,0,0,0,0,0,0,0,0,0,0,0,0,114,0.0,0.0,0.0,0.0,0.0,0.0,0.0,0.0,0.0,0,0,0,0
115,Benjamin,Fredrick,Fredrick,u,has joined Dender on loan for the rest of the season.,,4.0,726,202.0,0.1,523,187.0,0.0,504.0,207.0,0,0,0.0,0,0.0,0,0,0.0,0.0,0.0,0.0,0.0,626.0,240.0,0.0,0.0,616.0,239.0,608.0,239.0,577.0,234.0,618.0,239.0,,,,,,,,0.0,0.0,0.0,0.0,0.0,0.0,0.0,0.0,0.0,28,0,0,0,0,0,0,0,0,0,0,0,0,0,0,0,0,10,0.0,0.0,0.0,0.0,0.0,0.0,0.0,0.0,0.0,0,0,0,0
116,Aaron,Hickey,Hickey,d,Knock - 50% chance of playing,,4.0,686,173.0,0.4,271,99.0,0.6,287.0,101.0,0,0,0.0,0,0.0,2,58,0.2,8.2,0.3,0.6,1.8,354.0,131.0,50.0,50.0,364.0,139.0,399.0,145.0,330.0,107.0,390.0,140.0,,,,,,,,0.06,0.03,0.09,0.99,0.0,0.31,1.22,1.07,6.43,28,0,0,0,0,0,0,0,0,0,0,0,0,0,0,0,21,933,0.0,0.0,0.0,0.0,0.0,0.0,0.0,0.0,0.0,0,0,0,0
117,Kim,Ji-soo,Ji-soo,u,has joined Kaiserslautern on loan for the rest of the season.,,3.9,779,228.0,0.1,518,184.0,0.0,440.0,168.0,0,0,0.0,-1,1.0,0,1,0.0,0.0,0.0,0.0,0.0,569.0,207.0,0.0,0.0,559.0,206.0,548.0,206.0,514.0,198.0,561.0,206.0,,,,,,,,0.0,0.0,0.0,0.0,0.0,0.0,0.0,0.0,0.0,28,0,0,0,0,0,0,0,0,0,0,0,0,0,0,0,0,6,0.0,0.0,0.0,0.0,0.0,0.0,0.0,0.0,0.0,0,0,0,0
118,Jayden,Meghoma,Meghoma,u,Has joined Rangers on loan for the rest of the season.,,4.0,697,180.0,0.0,610,216.0,0.0,477.0,187.0,0,0,0.0,0,0.0,0,0,0.0,0.0,0.0,0.0,0.0,602.0,223.0,0.0,0.0,592.0,222.0,584.0,222.0,552.0,216.0,594.0,222.0,,,,,,,,0.0,0.0,0.0,0.0,0.0,0.0,0.0,0.0,0.0,28,0,0,0,0,0,0,0,0,0,0,0,0,0,0,0,0,3,0.0,0.0,0.0,0.0,0.0,0.0,0.0,0.0,0.0,0,0,0,0
120,Kevin,Schade,Schade,a,,,6.9,41,24.0,1.4,164,55.0,-0.2,816.0,367.0,0,0,0.0,-1,1.0,407,159,0.0,12.6,-0.2,0.3,3.6,117.0,54.0,100.0,100.0,81.0,26.0,85.0,63.0,14.0,5.0,25.0,20.0,,,3.0,,,,,0.41,0.08,0.49,1.21,0.0,0.33,1.04,1.04,6.91,28,0,0,0,0,0,0,0,0,0,0,0,0,0,0,0,18679,3709,0.0,0.0,0.0,0.0,0.0,0.0,0.0,0.0,0.0,0,0,0,0
121,Mikkel,Damsgaard,Damsgaard,a,,,5.6,130,80.0,0.4,269,95.0,0.6,303.0,138.0,0,0,0.0,-4,4.0,13,20,0.1,11.4,0.6,1.1,2.8,227.0,93.0,100.0,100.0,170.0,63.0,29.0,27.0,125.0,73.0,77.0,46.0,,3.0,,,,,,0.1,0.25,0.35,1.35,0.0,0.14,1.51,1.03,10.4,28,0,0,0,0,0,0,0,0,0,0,0,0,0,0,0,398,305,0.0,0.0,0.0,0.0,0.0,0.0,0.0,0.0,0.0,0,0,0,0
122,Antoni,Milambo,Milambo,i,Knee injury - Expected back 01 Jun,,5.2,217,135.0,0.0,652,261.0,0.0,760.0,328.0,0,0,0.0,-3,3.0,0,0,0.0,0.2,0.0,0.0,1.0,498.0,233.0,0.0,0.0,475.0,218.0,454.0,218.0,789.0,348.0,486.0,224.0,,,,,,,,0.0,0.02,0.02,2.98,0.0,0.0,6.0,2.0,8.0,28,0,0,0,0,0,0,0,0,0,0,0,0,0,0,0,1,0,0.0,0.0,0.0,0.0,0.0,0.0,0.0,0.0,0.0,0,0,0,0
123,Fábio,Freitas Gouveia Carvalho,Carvalho,i,Knee injury - Expected back 01 Jun,,4.7,386,241.0,0.1,462,157.0,0.0,687.0,280.0,0,0,0.0,-3,3.0,0,3,0.0,2.8,0.0,0.0,2.2,309.0,135.0,0.0,0.0,417.0,182.0,434.0,211.0,341.0,178.0,426.0,192.0,,,4.0,,,,,0.63,0.03,0.66,1.87,0.0,0.0,3.6,0.9,7.2,28,0,0,0,0,0,0,0,0,0,0,0,0,0,0,0,3,18,0.0,0.0,0.0,0.0,0.0,0.0,0.0,0.0,0.0,0,0,0,0
124,Jordan,Henderson,Henderson,a,,,5.0,242,148.0,0.3,297,102.0,1.0,250.0,111.0,0,0,0.0,0,0.0,18,11,0.2,12.8,1.0,1.5,2.6,257.0,107.0,100.0,100.0,186.0,74.0,87.0,65.0,329.0,172.0,184.0,97.0,,,,,,,,0.02,0.12,0.14,1.28,0.0,0.23,1.39,1.04,8.33,28,0,0,0,0,0,0,0,0,0,0,0,0,0,0,0,225,265,0.0,0.0,0.0,0.0,0.0,0.0,0.0,0.0,0.0,0,0,0,0
125,Vitaly,Janelt,Janelt,a,,,4.9,303,189.0,0.3,311,106.0,3.0,86.0,37.0,0,0,0.0,-1,1.0,33,46,0.6,14.3,3.0,3.5,3.2,155.0,65.0,100.0,100.0,152.0,52.0,80.0,59.0,248.0,136.0,142.0,78.0,2.0,,,,,,,0.06,0.14,0.2,1.45,0.0,0.36,1.15,0.93,11.78,28,0,0,0,0,0,0,0,0,0,0,0,0,0,0,0,1057,964,0.0,0.0,0.0,0.0,0.0,0.0,0.0,0.0,0.0,0,0,0,0
126,Mathias,Jensen,Jensen,a,,,4.9,306,191.0,0.1,479,167.0,2.8,98.0,44.0,0,0,0.0,-1,1.0,13,8,0.6,12.0,2.8,3.3,2.4,288.0,125.0,,,230.0,100.0,64.0,50.0,184.0,102.0,145.0,79.0,1.0,2.0,5.0,,,,,0.13,0.25,0.38,1.39,0.0,0.35,1.26,1.05,7.56,28,0,0,0,0,0,0,0,0,0,0,0,0,0,0,0,699,240,0.0,0.0,0.0,0.0,0.0,0.0,0.0,0.0,0.0,0,0,0,0
127,Gustavo,Nunes Fernandes Gomes,Nunes,u,has joined Swansea City on loan for the rest of the season.,,4.9,348,216.0,0.0,718,298.0,0.0,731.0,309.0,0,0,0.0,-1,1.0,0,1,0.0,0.0,0.0,0.0,0.0,777.0,337.0,0.0,0.0,777.0,337.0,773.0,337.0,769.0,335.0,777.0,337.0,,,,,,,,0.0,0.0,0.0,0.0,0.0,0.0,0.0,0.0,0.0,28,0,0,0,0,0,0,0,0,0,0,0,0,0,0,0,0,8,0.0,0.0,0.0,0.0,0.0,0.0,0.0,0.0,0.0,0,0,0,0
128,Frank,Onyeka,Onyeka,u,has joined Coventry City on loan for the rest of the season.,,4.8,366,228.0,0.0,607,234.0,0.0,701.0,289.0,0,0,0.0,-2,2.0,0,0,0.0,2.5,0.0,0.0,2.0,328.0,142.0,0.0,0.0,431.0,191.0,406.0,202.0,431.0,213.0,449.0,202.0,,,,,,,,0.0,0.37,0.37,2.07,0.0,0.0,2.05,0.0,10.23,28,0,0,0,0,0,0,0,0,0,0,0,0,0,0,0,0,13,0.0,0.0,0.0,0.0,0.0,0.0,0.0,0.0,0.0,0,0,0,0
129,Yehor,Yarmoliuk,Yarmoliuk,a,,,5.0,273,168.0,0.1,467,161.0,0.8,272.0,123.0,0,0,0.0,0,0.0,6,18,0.2,14.8,0.8,1.3,2.7,241.0,98.0,100.0,100.0,169.0,62.0,144.0,99.0,227.0,126.0,182.0,95.0,,,,,,,,0.06,0.05,0.11,1.37,0.0,0.23,1.41,1.03,11.23,28,0,0,0,0,0,0,0,0,0,0,0,0,0,0,0,128,278,0.0,0.0,0.0,0.0,0.0,0.0,0.0,0.0,0.0,0,0,0,0
130,Romelle,Donovan,Donovan,a,,,4.4,568,340.0,0.1,468,162.0,0.4,316.0,143.0,0,0,0.0,-1,1.0,7,5,0.1,0.7,0.4,0.9,1.0,470.0,210.0,,,465.0,211.0,412.0,204.0,387.0,194.0,454.0,205.0,,,,,,,,0.32,0.04,0.36,1.08,0.0,0.0,0.0,0.0,9.0,28,0,0,0,0,0,0,0,0,0,0,0,0,0,0,0,217,70,0.0,0.0,0.0,0.0,0.0,0.0,0.0,0.0,0.0,0,0,0,0
131,Yunus Emre,Konak,Konak,u,has joined Oxford United on loan for the rest of the season.,,4.3,622,366.0,0.2,411,139.0,0.0,564.0,195.0,0,0,0.0,-2,2.0,0,13,0.0,0.0,0.0,0.0,0.0,662.0,256.0,0.0,0.0,652.0,247.0,648.0,252.0,625.0,241.0,654.0,249.0,,,,,,,,0.0,0.0,0.0,0.0,0.0,0.0,0.0,0.0,0.0,28,0,0,0,0,0,0,0,0,0,0,0,0,0,0,0,0,90,0.0,0.0,0.0,0.0,0.0,0.0,0.0,0.0,0.0,0,0,0,0
132,Paris,Maghoma,Maghoma,u,has joined Norwich City permanently.,,4.5,421,253.0,0.0,670,271.0,0.0,608.0,217.0,0,0,0.0,0,0.0,0,0,0.0,0.0,0.0,0.0,0.0,694.0,272.0,0.0,0.0,688.0,267.0,683.0,270.0,664.0,262.0,690.0,269.0,,,,,,,,0.0,0.0,0.0,0.0,0.0,0.0,0.0,0.0,0.0,28,0,0,0,0,0,0,0,0,0,0,0,0,0,0,0,0,13,0.0,0.0,0.0,0.0,0.0,0.0,0.0,0.0,0.0,0,0,0,0
133,Myles,Peart-Harris,Peart-Harris,u,has joined Oxford United permanently.,,4.4,542,323.0,0.0,632,247.0,0.0,577.0,198.0,0,0,0.0,-1,1.0,0,0,0.0,0.2,0.0,0.0,1.0,465.0,205.0,0.0,0.0,660.0,249.0,656.0,254.0,634.0,243.0,662.0,251.0,,,,,,,,0.0,0.0,0.0,0.0,0.0,0.0,0.0,0.0,0.0,28,0,0,0,0,0,0,0,0,0,0,0,0,0,0,0,0,11,0.0,0.0,0.0,0.0,0.0,0.0,0.0,0.0,0.0,0,0,0,0
134,Ryan,Trevitt,Trevitt,u,Has joined Wigan on loan for the rest of the season,,4.5,489,300.0,0.0,786,344.0,0.0,661.0,261.0,0,0,0.0,0,0.0,0,0,0.0,0.0,0.0,0.0,0.0,735.0,307.0,0.0,0.0,734.0,306.0,728.0,306.0,715.0,302.0,734.0,306.0,,,,,,,,0.0,0.0,0.0,0.0,0.0,0.0,0.0,0.0,0.0,28,0,0,0,0,0,0,0,0,0,0,0,0,0,0,0,0,1,0.0,0.0,0.0,0.0,0.0,0.0,0.0,0.0,0.0,0,0,0,0
136,Igor Thiago,Nascimento Rodrigues,Thiago,a,,,7.1,34,14.0,33.6,8,3.0,2.2,151.0,20.0,0,0,0.0,11,-11.0,3205,2066,0.3,19.0,2.2,2.7,5.0,14.0,3.0,100.0,100.0,6.0,2.0,119.0,6.0,2.0,2.0,6.0,2.0,,,2.0,,,,,0.59,0.06,0.65,1.42,0.0,0.24,1.37,1.02,5.38,28,0,0,0,0,0,0,0,0,0,0,0,0,0,0,0,163248,30895,0.0,0.0,0.0,0.0,0.0,0.0,0.0,0.0,0.0,0,0,0,0
137,Iwan,Morgan,Morgan,u,has joined Shrewsbury on loan for the rest of the season.,,4.4,555,78.0,0.3,316,52.0,0.0,585.0,59.0,0,0,0.0,-1,1.0,0,11,0.0,0.0,0.0,0.0,0.0,676.0,70.0,0.0,0.0,668.0,70.0,663.0,69.0,643.0,69.0,670.0,70.0,,,,,,,,0.0,0.0,0.0,0.0,0.0,0.0,0.0,0.0,0.0,28,0,0,0,0,0,0,0,0,0,0,0,0,0,0,0,0,103,0.0,0.0,0.0,0.0,0.0,0.0,0.0,0.0,0.0,0,0,0,0
748,Josh,Dasilva,Dasilva,d,Lack of match fitness - 25% chance of playing,,4.9,298,186.0,0.0,809,359.0,0.0,709.0,295.0,0,0,0.0,-1,1.0,1,2,0.0,0.0,0.0,0.1,0.0,765.0,328.0,25.0,25.0,765.0,328.0,761.0,328.0,755.0,326.0,765.0,328.0,,,,,,,,0.0,0.0,0.0,0.0,0.0,0.0,0.0,0.0,0.0,28,0,0,0,0,0,0,0,0,0,0,0,0,0,0,0,4,8,0.0,0.0,0.0,0.0,0.0,0.0,0.0,0.0,0.0,0,0,0,0
797,Kaye,Furo,Furo,a,,,4.5,490,70.0,0.0,706,88.0,0.0,662.0,68.0,0,0,0.0,0,0.0,4,3,0.0,0.0,0.0,0.5,0.0,736.0,79.0,,,735.0,79.0,729.0,78.0,716.0,78.0,735.0,79.0,,,,,,,,0.0,0.0,0.0,0.0,0.0,0.0,0.0,0.0,0.0,28,0,0,0,0,0,0,0,0,0,0,0,0,0,0,0,50,50,0.0,0.0,0.0,0.0,0.0,0.0,0.0,0.0,0.0,0,0,0,0
810,Luka,Bentt,Bentt,a,,,4.5,471,286.0,0.0,803,356.0,0.0,644.0,247.0,0,0,0.0,0,0.0,1,0,0.0,0.0,0.0,0.5,0.0,722.0,297.0,,,719.0,295.0,714.0,296.0,699.0,290.0,720.0,296.0,,,,,,,,0.0,0.0,0.0,0.0,0.0,0.0,0.0,0.0,0.0,28,0,0,0,0,0,0,0,0,0,0,0,0,0,0,0,17,9,0.0,0.0,0.0,0.0,0.0,0.0,0.0,0.0,0.0,0,0,0,0
138,Jason,Steele,Steele,a,,,4.2,624,31.0,0.2,348,49.0,0.0,515.0,80.0,0,0,0.0,-3,3.0,2,2,0.0,0.0,-1.0,0.0,0.0,635.0,87.0,,,625.0,87.0,618.0,76.0,589.0,63.0,627.0,87.0,,,,,,,,0.0,0.0,0.0,0.0,0.0,0.0,0.0,0.0,0.0,28,0,0,0,0,0,0,0,0,0,0,0,0,0,0,0,59,83,0.0,0.0,0.0,0.0,0.0,0.0,0.0,0.0,0.0,0,0,0,0
139,Bart,Verbruggen,Verbruggen,a,,,4.5,444,25.0,5.5,67,11.0,3.0,80.0,10.0,0,0,0.0,0,0.0,110,265,0.7,19.1,2.0,3.0,3.2,152.0,15.0,,,13.0,3.0,421.0,7.0,681.0,78.0,160.0,3.0,,,,,,,,0.0,0.0,0.0,1.4,2.81,0.22,1.26,1.0,0.0,28,0,0,0,0,0,0,0,0,0,0,0,0,0,0,0,4808,4925,0.0,0.0,0.0,0.0,0.0,0.0,0.0,0.0,0.0,0,0,0,0
140,Tom,McGill,McGill,a,,,3.9,750,77.0,0.3,313,42.0,0.0,416.0,36.0,0,0,0.0,-1,1.0,2,5,0.0,0.0,-1.0,0.0,0.0,546.0,45.0,,,536.0,45.0,525.0,30.0,491.0,17.0,538.0,45.0,,,,,,,,0.0,0.0,0.0,0.0,0.0,0.0,0.0,0.0,0.0,28,0,0,0,0,0,0,0,0,0,0,0,0,0,0,0,56,86,0.0,0.0,0.0,0.0,0.0,0.0,0.0,0.0,0.0,0,0,0,0
141,Carl,Rushworth,Rushworth,u,Has joined Coventry City on loan for the rest of the season.,,4.0,687,55.0,0.0,805,92.0,0.0,467.0,66.0,0,0,0.0,0,0.0,0,0,0.0,0.0,0.0,0.0,0.0,594.0,74.0,0.0,0.0,584.0,74.0,576.0,62.0,544.0,49.0,586.0,74.0,,,,,,,,0.0,0.0,0.0,0.0,0.0,0.0,0.0,0.0,0.0,28,0,0,0,0,0,0,0,0,0,0,0,0,0,0,0,0,0,0.0,0.0,0.0,0.0,0.0,0.0,0.0,0.0,0.0,0,0,0,0
142,Kjell,Scherpen,Scherpen,u,Has joined Union SG permanently,,4.0,675,48.0,0.0,806,93.0,0.0,456.0,59.0,0,0,0.0,0,0.0,0,0,0.0,0.0,0.0,0.0,0.0,584.0,67.0,0.0,0.0,574.0,67.0,566.0,55.0,534.0,42.0,576.0,67.0,,,,,,,,0.0,0.0,0.0,0.0,0.0,0.0,0.0,0.0,0.0,28,0,0,0,0,0,0,0,0,0,0,0,0,0,0,0,0,0,0.0,0.0,0.0,0.0,0.0,0.0,0.0,0.0,0.0,0,0,0,0
143,Olivier,Boscagli,Boscagli,a,,,4.2,630,143.0,0.1,503,179.0,1.0,244.0,89.0,0,0,0.0,-3,3.0,2,3,0.2,4.8,0.0,1.0,2.9,199.0,80.0,,,341.0,129.0,356.0,123.0,393.0,142.0,383.0,135.0,,,,,,,,0.01,0.06,0.07,1.26,0.0,0.26,1.03,1.03,8.51,28,0,0,0,0,0,0,0,0,0,0,0,0,0,0,0,32,53,0.0,0.0,0.0,0.0,0.0,0.0,0.0,0.0,0.0,0,0,0,0
144,Diego,Coppola,Coppola,u,has joined Paris FC on loan for the rest of the season.,,4.2,643,153.0,0.0,599,213.0,0.0,525.0,220.0,0,0,0.0,-3,3.0,0,2,0.0,2.4,0.0,0.0,2.0,325.0,122.0,0.0,0.0,411.0,154.0,447.0,162.0,438.0,163.0,446.0,161.0,,,,,,,,0.0,0.0,0.0,2.11,0.0,0.47,1.4,0.93,8.39,28,0,0,0,0,0,0,0,0,0,0,0,0,0,0,0,0,16,0.0,0.0,0.0,0.0,0.0,0.0,0.0,0.0,0.0,0,0,0,0
145,Maxim,De Cuyper,De Cuyper,a,,,4.3,589,134.0,1.8,146,57.0,1.8,173.0,60.0,0,0,0.0,-2,2.0,17,71,0.4,13.7,0.8,1.8,2.7,233.0,92.0,100.0,100.0,247.0,99.0,75.0,17.0,199.0,48.0,169.0,55.0,3.0,1.0,,,,,,0.12,0.17,0.29,1.63,0.0,0.32,1.43,1.12,3.9,28,0,0,0,0,0,0,0,0,0,0,0,0,0,0,0,298,2021,0.0,0.0,0.0,0.0,0.0,0.0,0.0,0.0,0.0,0,0,0,0
146,Lewis,Dunk,Dunk,a,,,4.5,408,72.0,1.0,192,72.0,3.2,69.0,25.0,0,0,0.0,0,0.0,46,55,0.7,15.3,2.2,3.2,2.7,236.0,95.0,100.0,100.0,56.0,25.0,258.0,78.0,180.0,42.0,133.0,45.0,,3.0,,,,,,0.05,0.02,0.07,1.39,0.0,0.2,1.29,0.98,7.57,28,0,0,0,0,0,0,0,0,0,0,0,0,0,0,0,1403,912,0.0,0.0,0.0,0.0,0.0,0.0,0.0,0.0,0.0,0,0,0,0
147,Pervis,Estupiñán Tenorio,Estupiñan,u,Has joined AC Milan permanently,,4.5,418,78.0,0.0,743,255.0,0.0,606.0,237.0,0,0,0.0,0,0.0,0,0,0.0,0.0,0.0,0.0,0.0,692.0,254.0,0.0,0.0,686.0,253.0,681.0,253.0,662.0,252.0,688.0,253.0,,,,,,,,0.0,0.0,0.0,0.0,0.0,0.0,0.0,0.0,0.0,28,0,0,0,0,0,0,0,0,0,0,0,0,0,0,0,0,0,0.0,0.0,0.0,0.0,0.0,0.0,0.0,0.0,0.0,0,0,0,0
148,Ferdi,Kadıoğlu,F.Kadıoğlu,a,,,4.4,530,108.0,0.3,299,110.0,2.8,96.0,34.0,0,0,0.0,-1,1.0,14,29,0.6,16.6,1.8,2.8,2.8,214.0,84.0,,,140.0,62.0,71.0,15.0,157.0,33.0,110.0,32.0,,,,,,,,0.06,0.09,0.15,1.4,0.0,0.25,1.22,0.97,4.92,28,0,0,0,0,0,0,0,0,0,0,0,0,0,0,0,932,957,0.0,0.0,0.0,0.0,0.0,0.0,0.0,0.0,0.0,0,0,0,0
149,Igor Julio,dos Santos de Paulo,Igor,a,,,4.5,422,81.0,0.1,522,186.0,0.0,609.0,239.0,0,0,0.0,0,0.0,8,3,0.0,1.3,-1.0,0.0,1.5,406.0,147.0,100.0,100.0,436.0,162.0,414.0,150.0,665.0,254.0,453.0,163.0,,,,,,,,0.0,0.0,0.0,4.07,0.0,0.0,2.62,0.87,11.36,28,0,0,0,0,0,0,0,0,0,0,0,0,0,0,0,54,42,0.0,0.0,0.0,0.0,0.0,0.0,0.0,0.0,0.0,0,0,0,0
150,Tariq,Lamptey,Lamptey,u,has joined Fiorentina permanently.,,4.4,532,110.0,0.1,512,183.0,0.0,572.0,234.0,0,0,0.0,-1,1.0,0,0,0.0,0.0,0.0,0.0,0.0,667.0,253.0,0.0,0.0,657.0,252.0,653.0,252.0,631.0,251.0,659.0,252.0,,,,,,,,0.0,0.0,0.0,0.0,0.0,0.0,0.0,0.0,0.0,28,0,0,0,0,0,0,0,0,0,0,0,0,0,0,0,0,7,0.0,0.0,0.0,0.0,0.0,0.0,0.0,0.0,0.0,0,0,0,0
151,Jan Paul,van Hecke,Van Hecke,a,,,4.4,544,117.0,3.7,90,33.0,3.2,68.0,24.0,0,0,0.0,-1,1.0,602,308,0.7,23.0,2.2,3.2,4.0,59.0,26.0,100.0,100.0,8.0,3.0,203.0,51.0,104.0,14.0,57.0,10.0,,,,,,,,0.08,0.04,0.12,1.41,0.0,0.24,1.3,1.01,8.43,28,0,0,0,0,0,0,0,0,0,0,0,0,0,0,0,14887,5031,0.0,0.0,0.0,0.0,0.0,0.0,0.0,0.0,0.0,0,0,0,0
152,Joël,Veltman,Veltman,a,,,4.3,575,123.0,0.1,428,159.0,0.6,288.0,102.0,0,0,0.0,-2,2.0,4,13,0.1,7.4,-0.4,0.6,2.1,317.0,116.0,100.0,100.0,251.0,102.0,297.0,96.0,291.0,85.0,303.0,101.0,,,,,,,,0.11,0.01,0.12,1.58,0.0,0.11,1.34,0.89,9.47,28,0,0,0,0,0,0,0,0,0,0,0,0,0,0,0,54,139,0.0,0.0,0.0,0.0,0.0,0.0,0.0,0.0,0.0,0,0,0,0
153,Adam,Webster,Webster,i,Knee injury - Unknown return date,,4.4,523,102.0,0.0,758,258.0,0.0,568.0,231.0,0,0,0.0,-1,1.0,0,0,0.0,0.0,0.0,0.0,0.0,664.0,251.0,0.0,0.0,654.0,250.0,650.0,250.0,628.0,249.0,656.0,250.0,,,,,,,,0.0,0.0,0.0,0.0,0.0,0.0,0.0,0.0,0.0,28,0,0,0,0,0,0,0,0,0,0,0,0,0,0,0,6,24,0.0,0.0,0.0,0.0,0.0,0.0,0.0,0.0,0.0,0,0,0,0
154,Eiran,Cashin,Cashin,u,has joined Blackburn Rovers on loan for the rest of the season.,,4.0,678,169.0,0.0,778,260.0,0.0,459.0,177.0,0,0,0.0,0,0.0,0,0,0.0,0.0,0.0,0.0,0.0,587.0,216.0,0.0,0.0,577.0,215.0,569.0,215.0,537.0,209.0,579.0,215.0,,,,,,,,0.0,0.0,0.0,0.0,0.0,0.0,0.0,0.0,0.0,28,0,0,0,0,0,0,0,0,0,0,0,0,0,0,0,0,0,0.0,0.0,0.0,0.0,0.0,0.0,0.0,0.0,0.0,0,0,0,0
155,Jacob,Slater,Slater,u,has joined Harrogate Town on loan until January.,,4.0,720,196.0,0.1,499,177.0,0.0,498.0,201.0,0,0,0.0,0,0.0,0,1,0.0,0.0,0.0,0.0,0.0,621.0,235.0,0.0,0.0,611.0,234.0,603.0,234.0,572.0,229.0,613.0,234.0,,,,,,,,0.0,0.0,0.0,0.0,0.0,0.0,0.0,0.0,0.0,28,0,0,0,0,0,0,0,0,0,0,0,0,0,0,0,0,6,0.0,0.0,0.0,0.0,0.0,0.0,0.0,0.0,0.0,0,0,0,0
156,Charlie,Tasker,Tasker,a,,,3.8,806,254.0,0.2,409,150.0,0.0,399.0,154.0,0,0,0.0,-2,2.0,10,5,0.0,0.0,-1.0,0.0,0.0,530.0,195.0,,,520.0,194.0,508.0,194.0,473.0,185.0,522.0,194.0,,,,,,,,0.0,0.0,0.0,0.0,0.0,0.0,0.0,0.0,0.0,28,0,0,0,0,0,0,0,0,0,0,0,0,0,0,0,97,70,0.0,0.0,0.0,0.0,0.0,0.0,0.0,0.0,0.0,0,0,0,0
157,Mitoma,Kaoru,Mitoma,a,,,6.1,83,54.0,2.0,136,45.0,2.0,168.0,78.0,0,0,0.0,-4,4.0,50,115,0.3,7.9,1.0,2.0,2.8,231.0,96.0,100.0,100.0,252.0,106.0,72.0,55.0,88.0,54.0,121.0,68.0,,,,,,,,0.18,0.14,0.32,1.28,0.0,0.28,0.99,0.99,5.09,28,0,0,0,0,0,0,0,0,0,0,0,0,0,0,0,1774,1976,0.0,0.0,0.0,0.0,0.0,0.0,0.0,0.0,0.0,0,0,0,0
158,Georginio,Rutter,Georginio,a,,,5.6,131,81.0,0.3,302,104.0,0.6,304.0,139.0,0,0,0.0,-4,4.0,6,24,0.1,11.6,-0.4,0.6,2.8,228.0,94.0,100.0,100.0,218.0,94.0,107.0,75.0,54.0,33.0,107.0,63.0,,,,,,,,0.12,0.12,0.24,1.15,0.0,0.36,0.96,1.08,6.05,28,0,0,0,0,0,0,0,0,0,0,0,0,0,0,0,126,1056,0.0,0.0,0.0,0.0,0.0,0.0,0.0,0.0,0.0,0,0,0,0
159,Solly,March,March,d,Lack of match fitness - 75% chance of playing,,5.8,105,68.0,0.0,754,321.0,0.0,789.0,348.0,0,0,0.0,-2,2.0,0,0,0.0,0.0,-0.8,0.0,0.0,807.0,359.0,75.0,75.0,807.0,359.0,807.0,359.0,806.0,359.0,807.0,359.0,,,,,,,,0.0,0.0,0.0,0.0,0.0,0.0,0.0,0.0,0.0,28,0,0,0,0,0,0,0,0,0,0,0,0,0,0,0,6,11,0.0,0.0,0.0,0.0,0.0,0.0,0.0,0.0,0.0,0,0,0,0
160,Yankuba,Minteh,Minteh,a,,,5.5,153,95.0,1.9,139,46.0,0.6,302.0,137.0,0,-1,1.0,-5,5.0,22,151,0.1,15.3,-0.4,0.6,3.5,128.0,58.0,100.0,100.0,175.0,67.0,34.0,32.0,28.0,14.0,39.0,29.0,,,,,,,,0.16,0.15,0.31,1.39,0.0,0.33,1.43,0.99,6.88,28,0,0,0,0,0,0,0,0,0,0,0,0,0,0,0,809,4976,0.0,0.0,0.0,0.0,0.0,0.0,0.0,0.0,0.0,0,0,0,0
161,Julio,Enciso Espínola,Enciso,u,has joined Strasbourg permanently.,,5.4,176,108.0,0.0,746,317.0,0.0,776.0,338.0,0,0,0.0,-1,1.0,0,0,0.0,0.0,0.0,0.0,0.0,801.0,354.0,0.0,0.0,801.0,354.0,800.0,354.0,798.0,353.0,801.0,354.0,,,,,,,,0.0,0.0,0.0,0.0,0.0,0.0,0.0,0.0,0.0,28,0,0,0,0,0,0,0,0,0,0,0,0,0,0,0,0,1,0.0,0.0,0.0,0.0,0.0,0.0,0.0,0.0,0.0,0,0,0,0
162,Brajan,Gruda,Gruda,u,has joined Leipzig on loan for the rest of the season.,,5.4,181,112.0,0.0,590,223.0,0.0,778.0,340.0,0,0,0.0,-1,1.0,0,2,0.0,6.5,0.0,0.0,1.9,348.0,152.0,0.0,0.0,312.0,142.0,138.0,95.0,173.0,96.0,239.0,120.0,,,,,,,,0.24,0.11,0.35,1.76,0.0,0.25,1.4,1.02,7.37,28,0,0,0,0,0,0,0,0,0,0,0,0,0,0,0,0,37,0.0,0.0,0.0,0.0,0.0,0.0,0.0,0.0,0.0,0,0,0,0
163,Jack,Hinshelwood,Hinshelwood,a,,,5.1,240,146.0,0.0,587,222.0,1.4,209.0,89.0,0,0,0.0,-4,4.0,5,0,0.3,8.4,0.4,1.4,2.7,242.0,99.0,100.0,100.0,308.0,140.0,268.0,159.0,218.0,121.0,305.0,151.0,,,,,,,,0.1,0.05,0.15,1.94,0.0,0.21,1.49,0.96,8.22,28,0,0,0,0,0,0,0,0,0,0,0,0,0,0,0,151,76,0.0,0.0,0.0,0.0,0.0,0.0,0.0,0.0,0.0,0,0,0,0
164,Matt,O'Riley,O'Riley,a,,,5.5,142,88.0,0.3,298,103.0,0.2,374.0,171.0,0,0,0.0,0,0.0,7,5,0.0,2.4,-0.8,0.2,4.3,45.0,20.0,100.0,100.0,393.0,173.0,303.0,173.0,293.0,159.0,367.0,175.0,5.0,,3.0,,,,,0.59,0.09,0.68,1.13,0.0,0.49,0.97,0.97,4.38,28,0,0,0,0,0,0,0,0,0,0,0,0,0,0,0,88,43,0.0,0.0,0.0,0.0,0.0,0.0,0.0,0.0,0.0,0,0,0,0
165,Abdallah,Sima,Sima,u,has joined Lens permanently.,,5.4,182,113.0,0.0,729,306.0,0.0,779.0,341.0,0,0,0.0,-1,1.0,0,0,0.0,0.0,0.0,0.0,0.0,802.0,355.0,0.0,0.0,802.0,355.0,801.0,355.0,799.0,354.0,802.0,355.0,,,,,,,,0.0,0.0,0.0,0.0,0.0,0.0,0.0,0.0,0.0,28,0,0,0,0,0,0,0,0,0,0,0,0,0,0,0,0,1,0.0,0.0,0.0,0.0,0.0,0.0,0.0,0.0,0.0,0,0,0,0
166,Yasin,Ayari,Ayari,d,Shoulder injury - 75% chance of playing,,4.8,371,232.0,0.5,264,92.0,1.2,227.0,98.0,0,0,0.0,-2,2.0,3,70,0.3,17.3,0.1,0.9,4.0,62.0,28.0,75.0,75.0,173.0,65.0,141.0,96.0,113.0,68.0,138.0,75.0,,2.0,,,,,,0.13,0.06,0.19,1.3,0.0,0.26,1.11,0.95,10.59,28,0,0,0,0,0,0,0,0,0,0,0,0,0,0,0,124,2092,0.0,0.0,0.0,0.0,0.0,0.0,0.0,0.0,0.0,0,0,0,0
167,Carlos,Baleba,Baleba,a,,,4.5,460,277.0,1.5,156,51.0,1.4,205.0,87.0,0,0,0.0,-5,5.0,79,48,0.3,8.2,0.4,1.4,1.7,378.0,163.0,100.0,100.0,356.0,159.0,266.0,158.0,361.0,187.0,361.0,173.0,,,,,,,,0.03,0.02,0.05,1.24,0.0,0.31,1.22,1.37,10.75,28,0,0,0,0,0,0,0,0,0,0,0,0,0,0,0,1342,1081,0.0,0.0,0.0,0.0,0.0,0.0,0.0,0.0,0.0,0,0,0,0
169,Diego,Gómez Amarilla,Gomez,a,,,4.9,342,210.0,0.2,387,127.0,2.6,116.0,51.0,0,0,0.0,-1,1.0,20,19,0.5,14.1,1.6,2.6,2.9,201.0,82.0,100.0,100.0,142.0,48.0,115.0,79.0,62.0,37.0,89.0,53.0,,5.0,,,,,,0.26,0.07,0.33,1.35,0.0,0.34,1.25,1.08,9.53,28,0,0,0,0,0,0,0,0,0,0,0,0,0,0,0,1514,454,0.0,0.0,0.0,0.0,0.0,0.0,0.0,0.0,0.0,0,0,0,0
170,James,Milner,Milner,a,,,4.9,285,178.0,0.1,465,159.0,1.2,228.0,99.0,0,0,0.0,-1,1.0,7,4,0.2,5.5,0.2,1.2,1.7,381.0,166.0,100.0,100.0,337.0,152.0,230.0,147.0,312.0,165.0,335.0,161.0,,,1.0,,,,,0.19,0.11,0.3,1.71,0.0,0.19,2.33,0.58,9.5,28,0,0,0,0,0,0,0,0,0,0,0,0,0,0,0,88,53,0.0,0.0,0.0,0.0,0.0,0.0,0.0,0.0,0.0,0,0,0,0
171,Jeremy,Sarmiento Morante,Sarmiento,u,has joined Middlesbrough on loan for the rest of the season.,,4.9,330,204.0,0.0,702,292.0,0.0,723.0,304.0,0,0,0.0,-1,1.0,0,0,0.0,0.0,0.0,0.0,0.0,773.0,335.0,0.0,0.0,773.0,335.0,769.0,335.0,764.0,333.0,773.0,335.0,,,,,,,,0.0,0.0,0.0,0.0,0.0,0.0,0.0,0.0,0.0,28,0,0,0,0,0,0,0,0,0,0,0,0,0,0,0,0,2,0.0,0.0,0.0,0.0,0.0,0.0,0.0,0.0,0.0,0,0,0,0
172,Tom,Watson,Watson,u,has joined Millwall on loan for the rest of the season.,,4.8,373,234.0,0.0,642,256.0,0.0,704.0,291.0,0,0,0.0,-2,2.0,0,2,0.0,1.0,0.0,0.0,0.8,508.0,239.0,0.0,0.0,469.0,213.0,452.0,217.0,419.0,203.0,470.0,214.0,,,,,,,,0.06,0.05,0.11,2.72,0.0,0.0,3.16,0.0,7.89,28,0,0,0,0,0,0,0,0,0,0,0,0,0,0,0,0,12,0.0,0.0,0.0,0.0,0.0,0.0,0.0,0.0,0.0,0,0,0,0
173,Mats,Wieffer,Wieffer,a,,,4.9,334,207.0,0.1,440,149.0,0.4,323.0,147.0,0,0,0.0,-1,1.0,0,4,0.1,12.2,-0.6,0.4,3.5,123.0,55.0,100.0,100.0,174.0,66.0,125.0,86.0,204.0,112.0,166.0,88.0,,,,,,,,0.09,0.11,0.2,1.24,0.0,0.29,1.23,1.01,13.9,28,0,0,0,0,0,0,0,0,0,0,0,0,0,0,0,25,118,0.0,0.0,0.0,0.0,0.0,0.0,0.0,0.0,0.0,0,0,0,0
174,Malick,Yalcouyé,Yalcouye,u,Has joined Swansea City on loan for the rest of the season.,,5.0,280,174.0,0.0,774,335.0,0.0,749.0,323.0,0,0,0.0,0,0.0,0,0,0.0,0.0,0.0,0.0,0.0,792.0,349.0,0.0,0.0,792.0,349.0,790.0,349.0,786.0,347.0,792.0,349.0,,,,,,,,0.0,0.0,0.0,0.0,0.0,0.0,0.0,0.0,0.0,28,0,0,0,0,0,0,0,0,0,0,0,0,0,0,0,0,1,0.0,0.0,0.0,0.0,0.0,0.0,0.0,0.0,0.0,0,0,0,0
175,Joe,Knight,Knight,u,has joined Stevenage permanently.,,4.4,560,335.0,0.1,527,190.0,0.0,590.0,208.0,0,0,0.0,-1,1.0,0,4,0.0,0.2,0.0,0.0,1.0,468.0,208.0,0.0,0.0,673.0,259.0,668.0,263.0,648.0,254.0,675.0,261.0,,,,,,,,0.0,0.0,0.0,0.0,0.0,0.0,0.0,0.0,0.0,28,0,0,0,0,0,0,0,0,0,0,0,0,0,0,0,0,45,0.0,0.0,0.0,0.0,0.0,0.0,0.0,0.0,0.0,0,0,0,0
176,Adrian,Mazilu,Mazilu,u,has joined Dinamo Bucharest permanently.,,4.5,465,282.0,0.0,687,282.0,0.0,639.0,243.0,0,0,0.0,0,0.0,0,0,0.0,0.0,0.0,0.0,0.0,719.0,295.0,0.0,0.0,714.0,291.0,710.0,293.0,694.0,286.0,715.0,292.0,,,,,,,,0.0,0.0,0.0,0.0,0.0,0.0,0.0,0.0,0.0,28,0,0,0,0,0,0,0,0,0,0,0,0,0,0,0,0,0,0.0,0.0,0.0,0.0,0.0,0.0,0.0,0.0,0.0,0,0,0,0
177,Andrew,Moran,Moran,u,Has joined Los Angeles FC on loan for the rest of the season.,,4.5,454,271.0,0.0,697,287.0,0.0,630.0,234.0,0,0,0.0,0,0.0,0,0,0.0,0.0,0.0,0.0,0.0,711.0,287.0,0.0,0.0,706.0,283.0,702.0,285.0,686.0,278.0,707.0,284.0,,,,,,,,0.0,0.0,0.0,0.0,0.0,0.0,0.0,0.0,0.0,28,0,0,0,0,0,0,0,0,0,0,0,0,0,0,0,0,1,0.0,0.0,0.0,0.0,0.0,0.0,0.0,0.0,0.0,0,0,0,0
178,Danny,Welbeck,Welbeck,a,,,6.1,79,25.0,3.7,91,16.0,2.8,104.0,12.0,0,0,0.0,-4,4.0,181,315,0.5,13.4,1.8,2.8,3.2,164.0,14.0,100.0,100.0,125.0,12.0,146.0,11.0,29.0,15.0,67.0,14.0,,4.0,2.0,,,,,0.51,0.05,0.56,1.33,0.0,0.35,1.17,1.0,4.11,28,0,0,0,0,0,0,0,0,0,0,0,0,0,0,0,10277,3749,0.0,0.0,0.0,0.0,0.0,0.0,0.0,0.0,0.0,0,0,0,0
179,Evan,Ferguson,Ferguson,u,Has joined AS Roma on loan for the rest of the season,,5.5,150,37.0,0.0,753,91.0,0.0,785.0,84.0,0,0,0.0,0,0.0,0,0,0.0,0.0,0.0,0.0,0.0,806.0,89.0,0.0,0.0,806.0,89.0,805.0,89.0,803.0,89.0,806.0,89.0,,,,,,,,0.0,0.0,0.0,0.0,0.0,0.0,0.0,0.0,0.0,28,0,0,0,0,0,0,0,0,0,0,0,0,0,0,0,0,0,0.0,0.0,0.0,0.0,0.0,0.0,0.0,0.0,0.0,0,0,0,0
180,Stefanos,Tzimas,Tzimas,i,Knee injury - Expected back 01 Jun,,5.2,221,51.0,0.1,525,74.0,0.0,762.0,82.0,0,0,0.0,-3,3.0,0,2,0.0,3.1,0.0,0.0,1.8,369.0,43.0,0.0,0.0,390.0,41.0,308.0,32.0,326.0,51.0,374.0,45.0,,,,,,,,0.3,0.08,0.38,1.77,0.0,0.0,1.36,0.68,10.23,28,0,0,0,0,0,0,0,0,0,0,0,0,0,0,0,5,11,0.0,0.0,0.0,0.0,0.0,0.0,0.0,0.0,0.0,0,0,0,0
181,Charalampos,Kostoulas,Kostoulas,a,,,4.8,375,64.0,0.4,294,47.0,0.8,265.0,32.0,0,0,0.0,-2,2.0,13,25,0.2,6.2,-0.2,0.8,1.9,344.0,39.0,,,318.0,30.0,284.0,29.0,131.0,32.0,278.0,31.0,,,,,,,,0.52,0.07,0.59,1.42,0.0,0.31,2.16,0.62,11.71,28,0,0,0,0,0,0,0,0,0,0,0,0,0,0,0,168,386,0.0,0.0,0.0,0.0,0.0,0.0,0.0,0.0,0.0,0,0,0,0
744,Nehemiah,Oriola,Oriola,a,,,4.5,470,285.0,0.0,717,297.0,0.0,643.0,246.0,0,0,0.0,0,0.0,2,2,0.0,0.2,-1.0,0.0,1.0,475.0,214.0,,,718.0,294.0,713.0,295.0,698.0,289.0,719.0,295.0,,,,,,,,0.0,0.0,0.0,0.0,0.0,0.0,0.0,0.0,0.0,28,0,0,0,0,0,0,0,0,0,0,0,0,0,0,0,20,24,0.0,0.0,0.0,0.0,0.0,0.0,0.0,0.0,0.0,0,0,0,0
761,Freddie,Simmonds,Simmonds,a,,,4.0,725,201.0,0.0,711,245.0,0.0,503.0,206.0,0,0,0.0,0,0.0,2,2,0.0,0.0,-1.0,0.0,0.0,625.0,239.0,,,615.0,238.0,607.0,238.0,576.0,233.0,617.0,238.0,,,,,,,,0.0,0.0,0.0,0.0,0.0,0.0,0.0,0.0,0.0,28,0,0,0,0,0,0,0,0,0,0,0,0,0,0,0,11,20,0.0,0.0,0.0,0.0,0.0,0.0,0.0,0.0,0.0,0,0,0,0
783,Pascal,Groß,Groß,a,,,5.5,135,83.0,0.1,495,176.0,3.8,44.0,21.0,0,0,0.0,0,0.0,11,22,0.7,4.7,2.8,3.8,3.2,163.0,71.0,,,298.0,133.0,112.0,78.0,258.0,141.0,244.0,124.0,1.0,,,,,,,0.1,0.2,0.3,1.25,0.0,0.28,0.7,0.98,7.94,28,0,0,0,0,0,0,0,0,0,0,0,0,0,0,0,579,776,0.0,0.0,0.0,0.0,0.0,0.0,0.0,0.0,0.0,0,0,0,0
795,Harry,Howell,Howell,a,,,4.5,492,302.0,0.0,773,334.0,0.6,291.0,129.0,0,0,0.0,0,0.0,2,0,0.1,0.7,-0.4,0.6,1.5,407.0,180.0,,,462.0,209.0,440.0,213.0,446.0,220.0,474.0,218.0,,,,,,,,0.0,0.03,0.03,1.14,0.0,0.0,2.28,1.14,4.56,28,0,0,0,0,0,0,0,0,0,0,0,0,0,0,0,20,13,0.0,0.0,0.0,0.0,0.0,0.0,0.0,0.0,0.0,0,0,0,0
220,Robert,Lynch Sánchez,Sánchez,a,,,4.9,312,12.0,14.1,24,3.0,1.4,207.0,15.0,0,0,0.0,-1,1.0,166,998,0.3,19.4,1.9,0.9,3.7,99.0,12.0,100.0,100.0,27.0,9.0,337.0,1.0,758.0,87.0,173.0,4.0,,,,,,,,0.0,0.0,0.0,1.38,2.72,0.36,1.2,1.04,0.0,28,0,0,0,0,0,0,0,0,0,0,0,0,0,0,0,1016,45459,0.0,0.0,0.0,0.0,0.0,0.0,0.0,0.0,0.0,0,0,0,0
221,Filip,Jörgensen,Jörgensen,d,Knock - 50% chance of playing,,4.3,603,29.0,0.2,404,59.0,0.0,548.0,84.0,0,0,0.0,-2,2.0,1,6,0.0,0.7,0.2,-0.2,1.5,404.0,31.0,50.0,50.0,433.0,31.0,635.0,81.0,611.0,70.0,459.0,31.0,,,,,,,,0.0,0.0,0.0,1.44,1.55,0.0,1.55,0.52,0.0,28,0,0,0,0,0,0,0,0,0,0,0,0,0,0,0,3,56,0.0,0.0,0.0,0.0,0.0,0.0,0.0,0.0,0.0,0,0,0,0
222,Mike,Penders,Penders,u,Has joined RC Strasbourg on loan for the rest of the season.,,4.0,710,64.0,0.0,796,91.0,0.0,488.0,75.0,0,0,0.0,0,0.0,0,0,0.0,0.0,0.0,0.0,0.0,612.0,83.0,0.0,0.0,602.0,83.0,594.0,71.0,563.0,58.0,604.0,83.0,,,,,,,,0.0,0.0,0.0,0.0,0.0,0.0,0.0,0.0,0.0,28,0,0,0,0,0,0,0,0,0,0,0,0,0,0,0,0,0,0.0,0.0,0.0,0.0,0.0,0.0,0.0,0.0,0.0,0,0,0,0
223,Gabriel,Słonina,Slonina,a,,,3.9,762,82.0,0.1,460,70.0,0.0,424.0,41.0,0,0,0.0,-1,1.0,5,0,0.0,0.0,0.5,-0.5,0.0,554.0,50.0,,,544.0,50.0,533.0,35.0,499.0,22.0,546.0,50.0,,,,,,,,0.0,0.0,0.0,0.0,0.0,0.0,0.0,0.0,0.0,28,0,0,0,0,0,0,0,0,0,0,0,0,0,0,0,26,21,0.0,0.0,0.0,0.0,0.0,0.0,0.0,0.0,0.0,0,0,0,0
224,Marc,Cucurella Saseta,Cucurella,i,Hamstring injury - Unknown return date,,6.0,88,5.0,14.3,22,8.0,2.4,134.0,47.0,0,0,0.0,0,0.0,8,2523,0.4,15.0,0.0,0.0,3.8,92.0,33.0,0.0,0.0,84.0,38.0,52.0,7.0,127.0,23.0,75.0,16.0,,,,,,,,0.08,0.13,0.21,1.32,0.0,0.43,1.0,1.05,6.68,28,0,0,0,0,0,0,0,0,0,0,0,0,0,0,0,43,37477,0.0,0.0,0.0,0.0,0.0,0.0,0.0,0.0,0.0,0,0,0,0
225,Reece,James,James,a,,,5.6,129,13.0,8.0,45,17.0,1.4,214.0,80.0,0,0,0.0,1,-1.0,342,423,0.3,18.4,1.9,0.9,4.3,46.0,20.0,100.0,100.0,91.0,41.0,42.0,4.0,253.0,71.0,90.0,23.0,2.0,2.0,,,,,,0.05,0.13,0.18,1.38,0.0,0.44,0.89,0.94,6.16,28,0,0,0,0,0,0,0,0,0,0,0,0,0,0,0,3356,17478,0.0,0.0,0.0,0.0,0.0,0.0,0.0,0.0,0.0,0,0,0,0
226,Trevoh,Chalobah,Chalobah,a,,,5.7,114,10.0,20.5,18,6.0,2.4,132.0,46.0,0,0,0.0,7,-7.0,539,3442,0.4,22.1,2.9,1.9,4.8,20.0,5.0,100.0,100.0,15.0,6.0,263.0,80.0,182.0,43.0,100.0,25.0,,,,,,,,0.04,0.03,0.07,1.3,0.0,0.36,1.18,1.03,9.24,28,0,0,0,0,0,0,0,0,0,0,0,0,0,0,0,3568,167355,0.0,0.0,0.0,0.0,0.0,0.0,0.0,0.0,0.0,0,0,0,0
227,Levi,Samuels Colwill,Colwill,i,Anterior cruciate ligament - Unknown return date,,4.7,388,65.0,0.1,469,170.0,0.0,689.0,245.0,0,0,0.0,-3,3.0,0,2,0.0,0.0,0.0,0.0,0.0,757.0,259.0,0.0,0.0,757.0,259.0,752.0,259.0,744.0,259.0,757.0,259.0,,,,,,,,0.0,0.0,0.0,0.0,0.0,0.0,0.0,0.0,0.0,28,0,0,0,0,0,0,0,0,0,0,0,0,0,0,0,5,10,0.0,0.0,0.0,0.0,0.0,0.0,0.0,0.0,0.0,0,0,0,0
228,Malo,Gusto,Gusto,a,,,4.9,336,55.0,2.0,137,52.0,1.8,179.0,66.0,0,0,0.0,-1,1.0,79,138,0.4,16.9,2.3,1.3,3.5,124.0,45.0,100.0,100.0,159.0,69.0,98.0,25.0,166.0,37.0,130.0,42.0,,,,,,,,0.08,0.08,0.16,1.49,0.0,0.41,1.16,0.98,5.21,28,0,0,0,0,0,0,0,0,0,0,0,0,0,0,0,562,5931,0.0,0.0,0.0,0.0,0.0,0.0,0.0,0.0,0.0,0,0,0,0
229,Benoît,Badiashile Mukinayi,B.Badiashile,a,,,4.4,535,113.0,0.0,625,223.0,0.0,573.0,235.0,0,0,0.0,-1,1.0,2,8,0.0,1.6,0.5,-0.5,0.9,504.0,174.0,100.0,100.0,340.0,128.0,431.0,156.0,441.0,164.0,403.0,143.0,,,,,,,,0.0,0.01,0.01,1.42,0.0,0.0,1.91,1.15,9.19,28,0,0,0,0,0,0,0,0,0,0,0,0,0,0,0,14,195,0.0,0.0,0.0,0.0,0.0,0.0,0.0,0.0,0.0,0,0,0,0
230,Wesley,Fofana,Fofana,s,Suspended until 04 Mar,,4.4,540,116.0,0.4,289,107.0,1.2,221.0,82.0,0,0,0.0,-1,1.0,0,150,0.3,10.9,0.0,0.0,3.0,189.0,75.0,0.0,0.0,162.0,71.0,344.0,117.0,369.0,127.0,286.0,96.0,,,,,,,,0.02,0.05,0.07,1.35,0.0,0.35,0.97,0.97,11.61,28,0,0,0,0,0,0,0,0,0,0,0,0,0,0,0,4,4214,0.0,0.0,0.0,0.0,0.0,0.0,0.0,0.0,0.0,0,0,0,0
231,Mamadou,Sarr,M.Sarr,a,,,4.5,478,95.0,0.0,686,238.0,0.2,355.0,130.0,0,0,0.0,0,0.0,9,8,0.0,0.2,0.7,-0.3,1.0,477.0,172.0,100.0,100.0,725.0,258.0,720.0,258.0,706.0,258.0,726.0,258.0,,,,,,,,0.0,0.0,0.0,13.05,0.0,0.0,45.0,0.0,0.0,28,0,0,0,0,0,0,0,0,0,0,0,0,0,0,0,70,56,0.0,0.0,0.0,0.0,0.0,0.0,0.0,0.0,0.0,0,0,0,0
232,Tosin,Adarabioyo,Tosin,a,,,4.0,664,162.0,0.3,343,124.0,0.2,341.0,121.0,0,0,0.0,-5,5.0,20,7,0.0,7.8,0.7,-0.3,2.6,251.0,97.0,100.0,100.0,238.0,95.0,372.0,132.0,379.0,132.0,337.0,116.0,,,,,,,,0.01,0.05,0.06,1.45,0.0,0.25,1.5,0.88,11.02,28,0,0,0,0,0,0,0,0,0,0,0,0,0,0,0,167,78,0.0,0.0,0.0,0.0,0.0,0.0,0.0,0.0,0.0,0,0,0,0
233,Josh,Acheampong,Acheampong,a,,,3.7,816,263.0,1.6,153,61.0,0.4,311.0,108.0,0,0,0.0,-3,3.0,319,99,0.1,8.9,0.9,-0.1,2.8,212.0,82.0,100.0,100.0,321.0,121.0,353.0,122.0,286.0,82.0,349.0,119.0,,,,,,,,0.1,0.02,0.12,2.21,0.0,0.32,1.9,1.11,6.35,28,0,0,0,0,0,0,0,0,0,0,0,0,0,0,0,5955,1732,0.0,0.0,0.0,0.0,0.0,0.0,0.0,0.0,0.0,0,0,0,0
234,Aarón,Anselmino,Anselmino,u,has joined Strasbourg on loan for the rest of the season.,,4.0,731,207.0,0.1,573,206.0,0.0,507.0,210.0,0,0,0.0,0,0.0,0,1,0.0,0.0,0.0,0.0,0.0,629.0,243.0,0.0,0.0,619.0,242.0,611.0,242.0,581.0,238.0,621.0,242.0,,,,,,,,0.0,0.0,0.0,0.0,0.0,0.0,0.0,0.0,0.0,28,0,0,0,0,0,0,0,0,0,0,0,0,0,0,0,0,4,0.0,0.0,0.0,0.0,0.0,0.0,0.0,0.0,0.0,0,0,0,0
235,Cole,Palmer,Palmer,a,,,10.6,3,2.0,16.2,20,8.0,7.4,1.0,1.0,0,0,0.0,1,-1.0,1651,1099,0.7,7.7,7.9,6.9,5.1,12.0,8.0,100.0,100.0,113.0,35.0,151.0,104.0,49.0,29.0,83.0,49.0,,3.0,1.0,,,,,0.68,0.1,0.78,1.53,0.0,0.25,1.27,1.18,6.83,28,0,0,0,0,0,0,0,0,0,0,0,0,0,0,0,11935,75132,0.0,0.0,0.0,0.0,0.0,0.0,0.0,0.0,0.0,0,0,0,0
236,Pedro,Lomba Neto,Neto,a,,,7.0,37,22.0,4.8,73,26.0,2.6,120.0,55.0,0,0,0.0,0,0.0,366,310,0.4,15.3,3.1,2.1,4.0,75.0,35.0,100.0,100.0,80.0,25.0,10.0,10.0,31.0,15.0,16.0,12.0,1.0,4.0,,,,,,0.18,0.24,0.42,1.21,0.0,0.48,0.83,1.0,4.44,28,0,0,0,0,0,0,0,0,0,0,0,0,0,0,0,2953,11693,0.0,0.0,0.0,0.0,0.0,0.0,0.0,0.0,0.0,0,0,0,0
237,Enzo,Fernández,Enzo,a,,,6.7,49,31.0,18.0,19,7.0,2.8,106.0,47.0,0,-1,1.0,2,-2.0,1046,4654,0.4,17.9,3.3,2.3,4.6,28.0,15.0,100.0,100.0,23.0,5.0,5.0,5.0,16.0,6.0,4.0,3.0,3.0,1.0,2.0,,,,,0.4,0.21,0.61,1.29,0.0,0.32,1.13,1.01,7.29,28,0,0,0,0,0,0,0,0,0,0,0,0,0,0,0,6749,270461,0.0,0.0,0.0,0.0,0.0,0.0,0.0,0.0,0.0,0,0,0,0
238,Estêvão,Almeida de Oliveira Gonçalves,Estêvão,i,Hamstring injury - Unknown return date,,6.4,62,41.0,2.1,135,44.0,0.6,306.0,141.0,0,0,0.0,-1,1.0,4,927,0.1,8.6,0.0,0.0,2.9,209.0,88.0,0.0,0.0,269.0,115.0,134.0,91.0,78.0,48.0,162.0,85.0,,,3.0,,,,,0.34,0.26,0.6,0.99,0.0,0.49,0.98,1.22,6.22,28,0,0,0,0,0,0,0,0,0,0,0,0,0,0,0,52,15106,0.0,0.0,0.0,0.0,0.0,0.0,0.0,0.0,0.0,0,0,0,0
239,Jamie,Bynoe-Gittens,Gittens,i,Hamstring injury - Unknown return date,,6.0,89,56.0,0.1,474,164.0,0.2,376.0,173.0,0,0,0.0,-5,5.0,0,4,0.0,4.2,0.0,0.0,1.6,399.0,177.0,0.0,0.0,353.0,157.0,208.0,135.0,249.0,137.0,319.0,155.0,,,,,,,,0.15,0.17,0.32,1.65,0.0,0.19,1.3,0.93,5.37,28,0,0,0,0,0,0,0,0,0,0,0,0,0,0,0,3,30,0.0,0.0,0.0,0.0,0.0,0.0,0.0,0.0,0.0,0,0,0,0
240,Christopher,Nkunku,Nkunku,u,has joined AC Milan permanently.,,5.9,95,61.0,0.1,517,187.0,0.0,793.0,352.0,0,0,0.0,-1,1.0,0,0,0.0,0.0,0.0,0.0,0.0,808.0,360.0,0.0,0.0,808.0,360.0,808.0,360.0,807.0,360.0,808.0,360.0,,,,,,,,0.0,0.0,0.0,0.0,0.0,0.0,0.0,0.0,0.0,28,0,0,0,0,0,0,0,0,0,0,0,0,0,0,0,0,3,0.0,0.0,0.0,0.0,0.0,0.0,0.0,0.0,0.0,0,0,0,0
241,Moisés,Caicedo Corozo,Caicedo,a,,,5.7,120,75.0,7.8,51,18.0,2.2,145.0,67.0,0,0,0.0,2,-2.0,220,394,0.4,15.3,2.7,1.7,4.0,70.0,31.0,100.0,100.0,72.0,22.0,99.0,71.0,231.0,128.0,113.0,64.0,,,,,,,,0.06,0.09,0.15,1.35,0.0,0.29,1.26,1.01,12.99,28,0,0,0,0,0,0,0,0,0,0,0,0,0,0,0,1752,8881,0.0,0.0,0.0,0.0,0.0,0.0,0.0,0.0,0.0,0,0,0,0
244,Roméo,Lavia,Lavia,a,,,4.9,343,211.0,0.0,698,288.0,0.0,728.0,306.0,0,0,0.0,-1,1.0,1,1,0.0,0.8,0.5,-0.5,1.0,490.0,226.0,100.0,100.0,458.0,206.0,432.0,209.0,449.0,222.0,466.0,212.0,,,,,,,,0.0,0.04,0.04,2.39,0.0,0.0,2.57,0.86,9.43,28,0,0,0,0,0,0,0,0,0,0,0,0,0,0,0,17,4,0.0,0.0,0.0,0.0,0.0,0.0,0.0,0.0,0.0,0,0,0,0
245,Mykhailo,Mudryk,Mudryk,s,Suspended - unknown return date,,4.9,333,206.0,0.0,747,318.0,0.0,725.0,305.0,0,0,0.0,-1,1.0,0,0,0.0,0.0,0.0,0.0,0.0,775.0,336.0,0.0,0.0,775.0,336.0,771.0,336.0,766.0,334.0,775.0,336.0,,,,,,,,0.0,0.0,0.0,0.0,0.0,0.0,0.0,0.0,0.0,28,0,0,0,0,0,0,0,0,0,0,0,0,0,0,0,4,4,0.0,0.0,0.0,0.0,0.0,0.0,0.0,0.0,0.0,0,0,0,0
246,Andrey,Nascimento dos Santos,Andrey Santos,a,,,4.5,459,276.0,0.3,321,107.0,1.2,225.0,97.0,0,0,0.0,0,0.0,21,16,0.3,6.2,1.7,0.7,1.4,421.0,188.0,100.0,100.0,301.0,136.0,216.0,142.0,296.0,161.0,311.0,154.0,,,,,,,,0.17,0.08,0.25,1.33,0.0,0.1,1.02,0.92,9.86,28,0,0,0,0,0,0,0,0,0,0,0,0,0,0,0,455,314,0.0,0.0,0.0,0.0,0.0,0.0,0.0,0.0,0.0,0,0,0,0
247,Dário,Luís Essugo,D.Essugo,d,Lack of match fitness - 50% chance of playing,,4.3,597,348.0,0.1,574,212.0,0.0,543.0,179.0,0,0,0.0,-2,2.0,9,3,0.0,0.0,0.2,-0.2,0.0,646.0,243.0,50.0,50.0,636.0,234.0,631.0,239.0,606.0,226.0,638.0,236.0,,,,,,,,0.0,0.0,0.0,0.0,0.0,0.0,0.0,0.0,0.0,28,0,0,0,0,0,0,0,0,0,0,0,0,0,0,0,82,36,0.0,0.0,0.0,0.0,0.0,0.0,0.0,0.0,0.0,0,0,0,0
248,Kendry,Páez Andrade,Paez,u,has joined River Plate on loan for the rest of the season.,,4.5,499,307.0,0.0,780,338.0,0.0,668.0,266.0,0,0,0.0,0,0.0,0,0,0.0,0.0,0.0,0.0,0.0,741.0,311.0,0.0,0.0,741.0,311.0,735.0,311.0,722.0,307.0,741.0,311.0,,,,,,,,0.0,0.0,0.0,0.0,0.0,0.0,0.0,0.0,0.0,28,0,0,0,0,0,0,0,0,0,0,0,0,0,0,0,0,0,0.0,0.0,0.0,0.0,0.0,0.0,0.0,0.0,0.0,0,0,0,0
249,João Pedro,Junqueira de Jesus,João Pedro,a,,,7.6,21,7.0,45.9,3,2.0,7.0,2.0,1.0,0,-1,1.0,1,-1.0,2976,2628,0.9,18.3,7.5,6.5,5.1,11.0,2.0,,,31.0,3.0,47.0,1.0,10.0,6.0,12.0,3.0,,,,,,,,0.46,0.08,0.54,1.23,0.0,0.46,0.92,1.05,5.13,28,0,0,0,0,0,0,0,0,0,0,0,0,0,0,0,27270,170238,0.0,0.0,0.0,0.0,0.0,0.0,0.0,0.0,0.0,0,0,0,0
250,Liam,Delap,Delap,a,,,6.2,75,24.0,0.9,198,31.0,1.6,194.0,25.0,0,0,0.0,-3,3.0,19,53,0.3,5.5,2.1,1.1,1.9,350.0,41.0,100.0,100.0,396.0,42.0,334.0,40.0,75.0,26.0,287.0,32.0,,,,,,,,0.46,0.02,0.48,1.35,0.0,0.25,1.63,1.13,3.13,28,0,0,0,0,0,0,0,0,0,0,0,0,0,0,0,93,844,0.0,0.0,0.0,0.0,0.0,0.0,0.0,0.0,0.0,0,0,0,0
251,Nicolas,Jackson,N.Jackson,u,has joined Bayern Munich on loan for the rest of the season.,,6.5,54,19.0,0.1,530,75.0,0.0,806.0,89.0,0,0,0.0,0,0.0,0,0,0.0,0.0,0.0,0.0,0.0,814.0,92.0,0.0,0.0,814.0,92.0,814.0,92.0,814.0,92.0,814.0,92.0,,,,,,,,0.0,0.0,0.0,0.0,0.0,0.0,0.0,0.0,0.0,28,0,0,0,0,0,0,0,0,0,0,0,0,0,0,0,0,1,0.0,0.0,0.0,0.0,0.0,0.0,0.0,0.0,0.0,0,0,0,0
252,Marc,Guiu Paz,Marc Guiu,a,,,4.1,656,92.0,5.8,64,12.0,0.0,514.0,49.0,0,0,0.0,-4,4.0,322,314,0.0,2.9,0.5,-0.5,1.3,424.0,52.0,100.0,100.0,438.0,52.0,354.0,44.0,262.0,47.0,397.0,48.0,,,,,,,,0.53,0.11,0.64,2.06,0.0,0.0,0.73,0.36,2.55,28,0,0,0,0,0,0,0,0,0,0,0,0,0,0,0,5392,11194,0.0,0.0,0.0,0.0,0.0,0.0,0.0,0.0,0.0,0,0,0,0
453,Alejandro,Garnacho Ferreyra,Garnacho,a,,,6.4,61,40.0,0.5,267,93.0,0.4,333.0,154.0,0,0,0.0,-1,1.0,19,55,0.1,6.6,0.9,-0.1,2.6,263.0,112.0,,,305.0,138.0,116.0,80.0,85.0,52.0,176.0,93.0,,,,,,,,0.25,0.26,0.51,1.64,0.0,0.4,1.21,1.21,4.96,28,0,0,0,0,0,0,0,0,0,0,0,0,0,0,0,143,887,0.0,0.0,0.0,0.0,0.0,0.0,0.0,0.0,0.0,0,0,0,0
672,Jorrel,Hato,Hato,a,,,4.6,404,71.0,0.2,389,146.0,0.2,359.0,131.0,0,0,0.0,-4,4.0,8,12,0.0,1.7,0.7,-0.3,0.7,511.0,177.0,100.0,100.0,370.0,142.0,305.0,101.0,378.0,131.0,377.0,132.0,,,,,,,,0.06,0.08,0.14,1.71,0.0,0.0,2.39,0.72,8.62,28,0,0,0,0,0,0,0,0,0,0,0,0,0,0,0,48,498,0.0,0.0,0.0,0.0,0.0,0.0,0.0,0.0,0.0,0,0,0,0
743,Landon,Emenalo,Emenalo,a,,,4.5,500,308.0,0.0,727,304.0,0.0,669.0,267.0,0,0,0.0,0,0.0,0,1,0.0,0.0,0.5,-0.5,0.0,742.0,312.0,,,742.0,312.0,736.0,312.0,723.0,308.0,742.0,312.0,,,,,,,,0.0,0.0,0.0,0.0,0.0,0.0,0.0,0.0,0.0,28,0,0,0,0,0,0,0,0,0,0,0,0,0,0,0,6,9,0.0,0.0,0.0,0.0,0.0,0.0,0.0,0.0,0.0,0,0,0,0
789,Max,Merrick,Merrick,a,,,4.0,705,63.0,0.0,768,87.0,0.0,483.0,74.0,0,0,0.0,0,0.0,0,1,0.0,0.0,0.5,-0.5,0.0,608.0,82.0,,,598.0,82.0,590.0,70.0,558.0,57.0,600.0,82.0,,,,,,,,0.0,0.0,0.0,0.0,0.0,0.0,0.0,0.0,0.0,28,0,0,0,0,0,0,0,0,0,0,0,0,0,0,0,13,5,0.0,0.0,0.0,0.0,0.0,0.0,0.0,0.0,0.0,0,0,0,0
803,Teddy,Sharman-Lowe,Sharman-Lowe,a,,,4.0,698,59.0,0.0,794,90.0,0.0,478.0,70.0,0,0,0.0,0,0.0,0,0,0.0,0.0,0.5,-0.5,0.0,603.0,78.0,,,593.0,78.0,585.0,66.0,553.0,53.0,595.0,78.0,,,,,,,,0.0,0.0,0.0,0.0,0.0,0.0,0.0,0.0,0.0,28,0,0,0,0,0,0,0,0,0,0,0,0,0,0,0,7,2,0.0,0.0,0.0,0.0,0.0,0.0,0.0,0.0,0.0,0,0,0,0
253,Dean,Henderson,Henderson,a,,,5.0,245,8.0,7.5,54,8.0,5.4,7.0,1.0,0,0,0.0,0,0.0,932,235,1.1,21.8,5.4,4.9,4.0,64.0,3.0,,,24.0,7.0,425.0,11.0,773.0,89.0,190.0,7.0,,,,,,,,0.0,0.0,0.0,1.31,2.74,0.37,1.19,1.0,0.0,28,0,0,0,0,0,0,0,0,0,0,0,0,0,0,0,8310,7453,0.0,0.0,0.0,0.0,0.0,0.0,0.0,0.0,0.0,0,0,0,0
254,Walter,Benítez,Benitez,a,,,4.0,666,45.0,0.3,315,43.0,0.0,448.0,56.0,0,0,0.0,0,0.0,6,9,0.0,0.0,0.0,-0.5,0.0,577.0,65.0,100.0,100.0,567.0,65.0,558.0,52.0,525.0,39.0,569.0,65.0,,,,,,,,0.0,0.0,0.0,0.0,0.0,0.0,0.0,0.0,0.0,28,0,0,0,0,0,0,0,0,0,0,0,0,0,0,0,72,71,0.0,0.0,0.0,0.0,0.0,0.0,0.0,0.0,0.0,0,0,0,0
255,Remi,Matthews,Matthews,a,,,3.9,748,76.0,0.1,472,71.0,0.0,415.0,35.0,0,0,0.0,-1,1.0,4,2,0.0,0.0,0.0,-0.5,0.0,545.0,44.0,,,535.0,44.0,524.0,29.0,490.0,16.0,537.0,44.0,,,,,,,,0.0,0.0,0.0,0.0,0.0,0.0,0.0,0.0,0.0,28,0,0,0,0,0,0,0,0,0,0,0,0,0,0,0,26,28,0.0,0.0,0.0,0.0,0.0,0.0,0.0,0.0,0.0,0,0,0,0
256,Daniel,Muñoz Mejía,Muñoz,a,,,5.9,97,6.0,8.3,43,15.0,3.4,61.0,21.0,0,0,0.0,4,-4.0,762,594,0.6,18.1,3.4,2.9,5.6,7.0,2.0,100.0,100.0,86.0,39.0,96.0,23.0,82.0,7.0,82.0,20.0,,,,,,,,0.1,0.18,0.28,1.2,0.0,0.48,0.97,1.02,7.25,28,0,0,0,0,0,0,0,0,0,0,0,0,0,0,0,7915,23491,0.0,0.0,0.0,0.0,0.0,0.0,0.0,0.0,0.0,0,0,0,0
257,Maxence,Lacroix,Lacroix,a,,,5.1,232,32.0,5.0,71,22.0,3.2,70.0,26.0,0,0,0.0,1,-1.0,615,431,0.6,22.7,3.2,2.7,4.5,32.0,12.0,100.0,100.0,30.0,12.0,285.0,90.0,120.0,22.0,102.0,26.0,,,,,,,,0.07,0.03,0.1,1.3,0.0,0.35,1.23,1.0,10.62,28,0,0,0,0,0,0,0,0,0,0,0,0,0,0,0,2716,16864,0.0,0.0,0.0,0.0,0.0,0.0,0.0,0.0,0.0,0,0,0,0
258,Tyrick,Mitchell,Mitchell,a,,,5.0,255,38.0,2.1,131,50.0,4.0,35.0,10.0,0,0,0.0,0,0.0,209,112,0.8,21.0,4.0,3.5,3.9,81.0,30.0,,,70.0,32.0,68.0,14.0,145.0,29.0,76.0,17.0,,,,,,,,0.04,0.06,0.1,1.33,0.0,0.38,1.2,1.01,6.72,28,0,0,0,0,0,0,0,0,0,0,0,0,0,0,0,2918,2737,0.0,0.0,0.0,0.0,0.0,0.0,0.0,0.0,0.0,0,0,0,0
259,Borna,Sosa,Sosa,a,,,4.8,360,60.0,0.1,444,164.0,0.0,697.0,247.0,0,0,0.0,-2,2.0,14,6,0.0,1.0,0.0,-0.5,1.0,486.0,173.0,100.0,100.0,453.0,166.0,408.0,148.0,430.0,158.0,460.0,165.0,,,,,,,,0.0,0.1,0.1,1.41,0.0,0.0,1.7,0.0,11.89,28,0,0,0,0,0,0,0,0,0,0,0,0,0,0,0,68,71,0.0,0.0,0.0,0.0,0.0,0.0,0.0,0.0,0.0,0,0,0,0
261,Chris,Richards,Richards,a,,,4.4,537,115.0,2.6,114,46.0,3.0,77.0,28.0,0,0,0.0,-1,1.0,161,286,0.7,22.5,3.0,2.5,4.3,42.0,17.0,100.0,100.0,47.0,21.0,246.0,71.0,206.0,51.0,127.0,40.0,,,,,,,,0.05,0.06,0.11,1.26,0.0,0.39,1.22,1.0,10.08,28,0,0,0,0,0,0,0,0,0,0,0,0,0,0,0,1713,10726,0.0,0.0,0.0,0.0,0.0,0.0,0.0,0.0,0.0,0,0,0,0
262,Chadi,Riad Dnanou,Chadi Riad,a,,,4.0,703,183.0,0.0,613,217.0,1.4,203.0,77.0,0,0,0.0,0,0.0,8,3,0.4,2.8,1.4,0.9,2.8,213.0,83.0,100.0,100.0,414.0,156.0,396.0,144.0,392.0,141.0,434.0,156.0,,,,,,,,0.05,0.01,0.06,0.91,0.0,0.47,0.47,0.95,4.26,28,0,0,0,0,0,0,0,0,0,0,0,0,0,0,0,147,70,0.0,0.0,0.0,0.0,0.0,0.0,0.0,0.0,0.0,0,0,0,0
263,Nathaniel,Clyne,Clyne,a,,,3.8,783,232.0,0.6,244,92.0,0.0,381.0,137.0,0,0,0.0,-2,2.0,6,33,0.0,3.7,0.0,-0.5,2.0,323.0,120.0,100.0,100.0,380.0,145.0,345.0,118.0,350.0,115.0,384.0,136.0,,,,,,,,0.09,0.12,0.21,1.24,0.0,0.0,1.72,1.29,7.32,28,0,0,0,0,0,0,0,0,0,0,0,0,0,0,0,174,830,0.0,0.0,0.0,0.0,0.0,0.0,0.0,0.0,0.0,0,0,0,0
264,Rob,Holding,Holding,u,Has joined Colorado Rapids permanently.,,4.0,667,163.0,0.0,694,241.0,0.0,449.0,172.0,0,0,0.0,0,0.0,0,0,0.0,0.0,0.0,0.0,0.0,578.0,211.0,0.0,0.0,568.0,210.0,559.0,210.0,526.0,203.0,570.0,210.0,,,,,,,,0.0,0.0,0.0,0.0,0.0,0.0,0.0,0.0,0.0,28,0,0,0,0,0,0,0,0,0,0,0,0,0,0,0,0,0,0.0,0.0,0.0,0.0,0.0,0.0,0.0,0.0,0.0,0,0,0,0
265,Caleb,Kporha,Kporha,a,,,4.0,721,197.0,0.0,721,250.0,0.0,499.0,202.0,0,0,0.0,0,0.0,3,3,0.0,0.0,0.0,-0.5,0.0,622.0,236.0,100.0,100.0,612.0,235.0,604.0,235.0,573.0,230.0,614.0,235.0,,,,,,,,0.0,0.0,0.0,0.0,0.0,0.0,0.0,0.0,0.0,28,0,0,0,0,0,0,0,0,0,0,0,0,0,0,0,20,9,0.0,0.0,0.0,0.0,0.0,0.0,0.0,0.0,0.0,0,0,0,0
267,Ismaïla,Sarr,Sarr,a,,,6.4,56,35.0,3.6,93,29.0,3.8,46.0,23.0,0,0,0.0,-1,1.0,301,828,0.6,11.4,3.8,3.3,4.3,50.0,22.0,100.0,100.0,187.0,75.0,159.0,111.0,63.0,38.0,119.0,66.0,,,3.0,,,,,0.41,0.04,0.45,1.24,0.0,0.49,0.99,1.05,6.3,28,0,0,0,0,0,0,0,0,0,0,0,0,0,0,0,2788,30840,0.0,0.0,0.0,0.0,0.0,0.0,0.0,0.0,0.0,0,0,0,0
268,Cheick,Doucouré,Doucouré,i,Knee injury - Unknown return date,,4.9,328,203.0,0.0,793,350.0,0.0,721.0,303.0,0,0,0.0,-1,1.0,0,0,0.0,0.0,0.0,0.0,0.0,772.0,334.0,0.0,0.0,772.0,334.0,768.0,334.0,763.0,332.0,772.0,334.0,,,,,,,,0.0,0.0,0.0,0.0,0.0,0.0,0.0,0.0,0.0,28,0,0,0,0,0,0,0,0,0,0,0,0,0,0,0,4,1,0.0,0.0,0.0,0.0,0.0,0.0,0.0,0.0,0.0,0,0,0,0
269,Romain,Esse,Esse,u,has joined Coventry City on loan for the rest of the season.,,4.7,395,247.0,0.1,452,156.0,0.0,692.0,283.0,0,0,0.0,-3,3.0,0,7,0.0,0.9,0.0,0.0,1.0,484.0,222.0,0.0,0.0,463.0,210.0,449.0,216.0,422.0,205.0,472.0,216.0,,,,,,,,0.0,0.09,0.09,3.92,0.0,0.0,0.0,0.0,11.25,28,0,0,0,0,0,0,0,0,0,0,0,0,0,0,0,0,21,0.0,0.0,0.0,0.0,0.0,0.0,0.0,0.0,0.0,0,0,0,0
270,Will,Hughes,Hughes,a,,,4.7,377,236.0,0.1,466,160.0,1.0,247.0,108.0,0,0,0.0,-3,3.0,4,5,0.2,7.9,1.0,0.5,1.5,408.0,181.0,100.0,100.0,292.0,129.0,92.0,68.0,263.0,143.0,228.0,113.0,1.0,,,,,,,0.08,0.12,0.2,1.37,0.0,0.38,0.97,1.05,8.78,28,0,0,0,0,0,0,0,0,0,0,0,0,0,0,0,55,159,0.0,0.0,0.0,0.0,0.0,0.0,0.0,0.0,0.0,0,0,0,0
271,Daichi,Kamada,Kamada,a,,,5.0,249,151.0,0.1,524,189.0,0.8,271.0,122.0,0,0,0.0,0,0.0,2,0,0.2,9.8,0.8,0.3,2.9,203.0,83.0,100.0,100.0,288.0,127.0,145.0,100.0,203.0,111.0,236.0,117.0,,,,,,,,0.1,0.14,0.24,1.04,0.0,0.42,0.97,1.04,9.94,28,0,0,0,0,0,0,0,0,0,0,0,0,0,0,0,28,42,0.0,0.0,0.0,0.0,0.0,0.0,0.0,0.0,0.0,0,0,0,0
272,Jefferson,Lerma Solís,Lerma,i,Hamstring injury - Expected back 14 Mar,,4.9,290,180.0,0.1,535,196.0,3.0,85.0,36.0,0,0,0.0,-1,1.0,0,18,0.6,10.4,0.0,0.0,2.2,310.0,136.0,0.0,0.0,246.0,105.0,191.0,127.0,149.0,85.0,218.0,107.0,,,,,,,,0.08,0.07,0.15,1.14,0.0,0.39,1.17,0.93,11.44,28,0,0,0,0,0,0,0,0,0,0,0,0,0,0,0,2,283,0.0,0.0,0.0,0.0,0.0,0.0,0.0,0.0,0.0,0,0,0,0
273,Adam,Wharton,Wharton,a,,,5.0,269,164.0,0.6,232,80.0,2.4,126.0,57.0,0,0,0.0,0,0.0,53,52,0.5,15.6,2.4,1.9,3.2,157.0,66.0,100.0,100.0,154.0,53.0,26.0,24.0,213.0,117.0,85.0,51.0,3.0,,,,,,,0.05,0.24,0.29,1.38,0.0,0.36,1.36,1.09,10.59,28,0,0,0,0,0,0,0,0,0,0,0,0,0,0,0,361,1183,0.0,0.0,0.0,0.0,0.0,0.0,0.0,0.0,0.0,0,0,0,0
274,Asher,Agbinone,Agbinone,a,,,4.3,613,358.0,0.1,481,168.0,0.0,557.0,189.0,0,0,0.0,-2,2.0,25,20,0.0,0.0,0.0,-0.5,0.0,656.0,251.0,,,646.0,242.0,642.0,247.0,618.0,235.0,648.0,244.0,,,,,,,,0.0,0.0,0.0,0.0,0.0,0.0,0.0,0.0,0.0,28,0,0,0,0,0,0,0,0,0,0,0,0,0,0,0,415,149,0.0,0.0,0.0,0.0,0.0,0.0,0.0,0.0,0.0,0,0,0,0
275,Naouirou,Ahamada,Ahamada,u,has joined AJ Auxerre permanently.,,4.3,590,345.0,0.0,620,241.0,0.0,539.0,176.0,0,0,0.0,-2,2.0,0,2,0.0,0.0,0.0,0.0,0.0,644.0,241.0,0.0,0.0,634.0,232.0,629.0,237.0,604.0,224.0,636.0,234.0,,,,,,,,0.0,0.0,0.0,0.0,0.0,0.0,0.0,0.0,0.0,28,0,0,0,0,0,0,0,0,0,0,0,0,0,0,0,0,10,0.0,0.0,0.0,0.0,0.0,0.0,0.0,0.0,0.0,0,0,0,0
276,Justin,Devenny,Devenny,a,,,4.3,594,347.0,1.3,167,57.0,0.0,541.0,178.0,0,0,0.0,-2,2.0,80,82,0.0,6.7,0.0,-0.5,1.6,387.0,169.0,100.0,100.0,359.0,160.0,259.0,156.0,156.0,88.0,307.0,152.0,,2.0,4.0,,,,,0.36,0.05,0.41,1.53,0.0,0.15,1.52,0.76,7.28,28,0,0,0,0,0,0,0,0,0,0,0,0,0,0,0,1681,1757,0.0,0.0,0.0,0.0,0.0,0.0,0.0,0.0,0.0,0,0,0,0
277,Malcolm,Ebiowei,Ebiowei,u,Has joined Blackpool permanently.,,4.5,433,259.0,0.0,798,352.0,0.0,617.0,223.0,0,0,0.0,0,0.0,0,0,0.0,0.0,0.0,0.0,0.0,700.0,277.0,0.0,0.0,694.0,272.0,690.0,275.0,673.0,268.0,696.0,274.0,,,,,,,,0.0,0.0,0.0,0.0,0.0,0.0,0.0,0.0,0.0,28,0,0,0,0,0,0,0,0,0,0,0,0,0,0,0,0,1,0.0,0.0,0.0,0.0,0.0,0.0,0.0,0.0,0.0,0,0,0,0
278,Jesurun,Rak-Sakyi,J.Rak-Sakyi,u,has joined Stoke City on loan for the rest of the season.,,4.4,543,324.0,0.0,645,258.0,0.0,578.0,199.0,0,0,0.0,-1,1.0,0,2,0.0,0.0,0.0,0.0,0.0,670.0,258.0,0.0,0.0,661.0,250.0,657.0,255.0,635.0,244.0,663.0,252.0,,,,,,,,0.0,0.0,0.0,0.0,0.0,0.0,0.0,0.0,0.0,28,0,0,0,0,0,0,0,0,0,0,0,0,0,0,0,0,8,0.0,0.0,0.0,0.0,0.0,0.0,0.0,0.0,0.0,0,0,0,0
279,Matheus,França de Oliveira,M.França,u,Has joined CR Vasco da Gama on loan for the rest of the season.,,4.5,463,280.0,0.0,764,327.0,0.0,637.0,241.0,0,0,0.0,0,0.0,0,0,0.0,0.0,0.0,0.0,0.0,718.0,294.0,0.0,0.0,713.0,290.0,709.0,292.0,693.0,285.0,714.0,291.0,,,,,,,,0.0,0.0,0.0,0.0,0.0,0.0,0.0,0.0,0.0,28,0,0,0,0,0,0,0,0,0,0,0,0,0,0,0,0,0,0.0,0.0,0.0,0.0,0.0,0.0,0.0,0.0,0.0,0,0,0,0
280,David,Ozoh,Ozoh,u,Has joined Derby County on loan for the rest of the season.,,4.5,458,275.0,0.0,811,361.0,0.0,634.0,238.0,0,0,0.0,0,0.0,0,0,0.0,0.0,0.0,0.0,0.0,715.0,291.0,0.0,0.0,710.0,287.0,706.0,289.0,690.0,282.0,711.0,288.0,,,,,,,,0.0,0.0,0.0,0.0,0.0,0.0,0.0,0.0,0.0,28,0,0,0,0,0,0,0,0,0,0,0,0,0,0,0,0,0,0.0,0.0,0.0,0.0,0.0,0.0,0.0,0.0,0.0,0,0,0,0
281,Kaden,Rodney,Rodney,a,,,4.4,554,332.0,0.0,585,220.0,0.0,584.0,205.0,0,0,0.0,-1,1.0,4,1,0.0,0.2,0.0,-0.5,1.0,467.0,207.0,,,667.0,256.0,486.0,236.0,642.0,251.0,669.0,258.0,,,,,,,,0.0,0.0,0.0,19.5,0.0,0.0,0.0,0.0,0.0,28,0,0,0,0,0,0,0,0,0,0,0,0,0,0,0,40,29,0.0,0.0,0.0,0.0,0.0,0.0,0.0,0.0,0.0,0,0,0,0
282,Franco,Umeh-Chibueze,Umeh,u,has joined Portsmouth permanently.,,4.5,477,291.0,0.0,699,289.0,0.0,650.0,252.0,0,0,0.0,0,0.0,0,0,0.0,0.0,0.0,0.0,0.0,727.0,301.0,0.0,0.0,724.0,299.0,719.0,300.0,705.0,295.0,725.0,300.0,,,,,,,,0.0,0.0,0.0,0.0,0.0,0.0,0.0,0.0,0.0,28,0,0,0,0,0,0,0,0,0,0,0,0,0,0,0,0,2,0.0,0.0,0.0,0.0,0.0,0.0,0.0,0.0,0.0,0,0,0,0
283,Jean-Philippe,Mateta,Mateta,i,Knee injury - Expected back 14 Mar,,7.5,23,8.0,6.7,56,11.0,0.0,812.0,91.0,0,0,0.0,0,0.0,4,535,0.0,11.2,0.0,0.0,3.7,106.0,7.0,0.0,0.0,97.0,8.0,222.0,22.0,11.0,7.0,42.0,9.0,,,2.0,,,,,0.56,0.06,0.62,1.26,0.0,0.38,1.09,1.09,5.2,28,0,0,0,0,0,0,0,0,0,0,0,0,0,0,0,22,5017,0.0,0.0,0.0,0.0,0.0,0.0,0.0,0.0,0.0,0,0,0,0
284,Eddie,Nketiah,Nketiah,i,Hamstring injury - Expected back 11 Apr,,5.4,165,42.0,0.3,318,53.0,0.0,771.0,83.0,0,0,0.0,-1,1.0,2,12,0.0,4.3,0.0,0.0,1.9,346.0,40.0,0.0,0.0,323.0,31.0,278.0,28.0,151.0,35.0,292.0,33.0,,,,,,,,0.38,0.1,0.48,2.06,0.0,0.0,2.61,0.43,8.26,28,0,0,0,0,0,0,0,0,0,0,0,0,0,0,0,13,167,0.0,0.0,0.0,0.0,0.0,0.0,0.0,0.0,0.0,0,0,0,0
285,Odsonne,Édouard,Édouard,u,has joined RC Lens permanently.,,5.0,247,54.0,0.2,367,58.0,0.0,735.0,79.0,0,0,0.0,0,0.0,0,0,0.0,0.2,0.0,0.0,1.0,492.0,60.0,0.0,0.0,485.0,57.0,777.0,87.0,774.0,87.0,501.0,62.0,,,,,,,,0.0,0.0,0.0,12.15,0.0,0.0,0.0,0.0,45.0,28,0,0,0,0,0,0,0,0,0,0,0,0,0,0,0,0,11,0.0,0.0,0.0,0.0,0.0,0.0,0.0,0.0,0.0,0,0,0,0
286,Zach,Marsh,Marsh,a,,,4.4,561,81.0,0.3,306,51.0,0.0,591.0,62.0,0,0,0.0,-1,1.0,9,15,0.0,0.0,0.0,-0.5,0.0,681.0,73.0,,,674.0,73.0,669.0,72.0,649.0,72.0,676.0,73.0,,,,,,,,0.0,0.0,0.0,0.0,0.0,0.0,0.0,0.0,0.0,28,0,0,0,0,0,0,0,0,0,0,0,0,0,0,0,136,176,0.0,0.0,0.0,0.0,0.0,0.0,0.0,0.0,0.0,0,0,0,0
580,Brennan,Johnson,Johnson,a,,,6.5,50,32.0,2.4,125,41.0,1.0,256.0,115.0,0,0,0.0,-5,5.0,29,63,0.2,7.1,1.0,0.5,1.9,351.0,154.0,,,276.0,120.0,176.0,119.0,136.0,78.0,222.0,109.0,4.0,,,,,,,0.15,0.07,0.22,1.47,0.0,0.34,1.01,0.93,6.08,28,0,0,0,0,0,0,0,0,0,0,0,0,0,0,0,170,1323,0.0,0.0,0.0,0.0,0.0,0.0,0.0,0.0,0.0,0,0,0,0
654,Jørgen,Strand Larsen,Strand Larsen,a,,,6.2,73,23.0,2.3,129,22.0,3.4,62.0,8.0,0,0,0.0,-3,3.0,320,553,0.5,8.9,3.4,2.9,2.2,313.0,35.0,100.0,100.0,254.0,23.0,196.0,19.0,53.0,21.0,155.0,21.0,,,,,,,,0.2,0.03,0.23,1.35,0.0,0.27,1.56,0.92,3.67,28,0,0,0,0,0,0,0,0,0,0,0,0,0,0,0,3219,19768,0.0,0.0,0.0,0.0,0.0,0.0,0.0,0.0,0.0,0,0,0,0
677,Evann,Guessand,Guessand,a,,,6.2,76,50.0,0.0,582,217.0,2.2,147.0,68.0,0,0,0.0,-3,3.0,43,3,0.4,5.8,2.2,1.7,2.2,314.0,138.0,100.0,100.0,296.0,131.0,299.0,172.0,155.0,87.0,291.0,144.0,,,,,,,,0.2,0.09,0.29,1.24,0.0,0.13,1.69,0.91,8.84,28,0,0,0,0,0,0,0,0,0,0,0,0,0,0,0,407,89,0.0,0.0,0.0,0.0,0.0,0.0,0.0,0.0,0.0,0,0,0,0
690,Rio,Cardines,Cardines,a,,,4.4,565,338.0,0.3,333,114.0,0.0,594.0,210.0,0,0,0.0,-1,1.0,0,3,0.0,0.0,0.0,-0.5,0.0,684.0,267.0,100.0,100.0,677.0,261.0,672.0,265.0,652.0,256.0,679.0,263.0,,,,,,,,0.0,0.0,0.0,0.0,0.0,0.0,0.0,0.0,0.0,28,0,0,0,0,0,0,0,0,0,0,0,0,0,0,0,18,27,0.0,0.0,0.0,0.0,0.0,0.0,0.0,0.0,0.0,0,0,0,0
712,Yéremy,Pino Santos,Yeremy,a,,,5.8,110,70.0,0.2,371,124.0,1.2,240.0,105.0,0,0,0.0,-2,2.0,13,39,0.2,11.0,1.2,0.7,2.6,261.0,110.0,100.0,100.0,199.0,82.0,17.0,17.0,66.0,40.0,44.0,31.0,2.0,1.0,,,,,,0.21,0.25,0.46,1.25,0.0,0.37,1.06,1.11,6.98,28,0,0,0,0,0,0,0,0,0,0,0,0,0,0,0,102,964,0.0,0.0,0.0,0.0,0.0,0.0,0.0,0.0,0.0,0,0,0,0
723,Jaydee,Canvot,Canvot,a,,,4.5,511,97.0,0.0,646,227.0,1.0,246.0,90.0,0,0,0.0,0,0.0,3,0,0.2,7.1,1.0,0.5,3.2,153.0,61.0,100.0,100.0,326.0,124.0,417.0,152.0,380.0,133.0,387.0,138.0,,,,,,,,0.12,0.03,0.15,1.89,0.0,0.61,1.22,0.81,12.01,28,0,0,0,0,0,0,0,0,0,0,0,0,0,0,0,33,35,0.0,0.0,0.0,0.0,0.0,0.0,0.0,0.0,0.0,0,0,0,0
732,Christantus,Uche,Uche,a,,,5.5,154,39.0,0.1,576,79.0,0.4,331.0,43.0,0,0,0.0,0,0.0,4,8,0.1,2.9,0.4,-0.1,1.2,440.0,54.0,,,454.0,54.0,435.0,57.0,285.0,49.0,428.0,54.0,,,,,,,,0.23,0.01,0.24,2.65,0.0,0.0,2.4,0.0,7.2,28,0,0,0,0,0,0,0,0,0,0,0,0,0,0,0,72,79,0.0,0.0,0.0,0.0,0.0,0.0,0.0,0.0,0.0,0,0,0,0
762,Joél,Drakes-Thomas,Drakes-Thomas,a,,,4.5,514,317.0,0.0,777,337.0,0.0,681.0,275.0,0,0,0.0,0,0.0,0,2,0.0,0.4,0.0,-0.5,1.0,483.0,221.0,,,489.0,227.0,467.0,225.0,734.0,316.0,496.0,230.0,,,,,,,,0.0,0.0,0.0,9.39,0.0,0.0,12.86,0.0,38.57,28,0,0,0,0,0,0,0,0,0,0,0,0,0,0,0,6,7,0.0,0.0,0.0,0.0,0.0,0.0,0.0,0.0,0.0,0,0,0,0
773,Dean,Benamar,Benamar,a,,,4.0,734,210.0,0.0,726,252.0,0.0,508.0,211.0,0,0,0.0,0,0.0,2,2,0.0,0.0,0.0,-0.5,0.0,630.0,244.0,,,620.0,243.0,612.0,243.0,583.0,240.0,622.0,243.0,,,,,,,,0.0,0.0,0.0,0.0,0.0,0.0,0.0,0.0,0.0,28,0,0,0,0,0,0,0,0,0,0,0,0,0,0,0,12,9,0.0,0.0,0.0,0.0,0.0,0.0,0.0,0.0,0.0,0,0,0,0
780,Ben,Casey,Casey,a,,,4.5,508,74.0,0.0,665,85.0,0.0,676.0,72.0,0,0,0.0,0,0.0,2,8,0.0,0.0,0.0,-0.5,0.0,749.0,83.0,,,749.0,83.0,743.0,82.0,730.0,82.0,749.0,83.0,,,,,,,,0.0,0.0,0.0,0.0,0.0,0.0,0.0,0.0,0.0,28,0,0,0,0,0,0,0,0,0,0,0,0,0,0,0,46,49,0.0,0.0,0.0,0.0,0.0,0.0,0.0,0.0,0.0,0,0,0,0
793,George,King,King,a,,,4.0,722,198.0,0.0,715,249.0,0.0,500.0,203.0,0,0,0.0,0,0.0,4,2,0.0,0.0,0.0,-0.5,0.0,623.0,237.0,,,613.0,236.0,605.0,236.0,574.0,231.0,615.0,236.0,,,,,,,,0.0,0.0,0.0,0.0,0.0,0.0,0.0,0.0,0.0,28,0,0,0,0,0,0,0,0,0,0,0,0,0,0,0,29,17,0.0,0.0,0.0,0.0,0.0,0.0,0.0,0.0,0.0,0,0,0,0
798,Danny,Imray,Imray,u,has joined West Brom on loan for the rest of the season.,,4.0,699,181.0,0.0,799,264.0,0.0,479.0,188.0,0,0,0.0,0,0.0,0,0,0.0,0.0,0.0,0.0,0.0,604.0,224.0,0.0,0.0,594.0,223.0,586.0,223.0,554.0,217.0,596.0,223.0,,,,,,,,0.0,0.0,0.0,0.0,0.0,0.0,0.0,0.0,0.0,28,0,0,0,0,0,0,0,0,0,0,0,0,0,0,0,0,2,0.0,0.0,0.0,0.0,0.0,0.0,0.0,0.0,0.0,0,0,0,0
242,Kiernan,Dewsbury-Hall,Dewsbury-Hall,a,,,5.0,250,152.0,3.4,97,31.0,4.2,31.0,13.0,0,0,0.0,0,0.0,1118,116,0.8,19.4,4.7,4.2,4.8,19.0,12.0,100.0,100.0,129.0,42.0,50.0,42.0,92.0,56.0,74.0,45.0,2.0,,,,,,,0.13,0.18,0.31,1.29,0.0,0.33,1.15,1.04,7.58,28,0,0,0,0,0,0,0,0,0,0,0,0,0,0,0,13335,6085,0.0,0.0,0.0,0.0,0.0,0.0,0.0,0.0,0.0,0,0,0,0
243,Tyrique,George,George,a,,,4.8,374,235.0,0.1,531,193.0,0.8,264.0,119.0,0,0,0.0,-2,2.0,8,7,0.2,1.7,1.3,0.8,1.1,441.0,198.0,,,451.0,202.0,398.0,198.0,270.0,148.0,406.0,186.0,,,,,,,,0.17,0.05,0.22,0.87,0.0,0.37,1.12,0.37,3.73,28,0,0,0,0,0,0,0,0,0,0,0,0,0,0,0,108,79,0.0,0.0,0.0,0.0,0.0,0.0,0.0,0.0,0.0,0,0,0,0
287,Jordan,Pickford,Pickford,a,,,5.6,125,2.0,13.0,26,4.0,1.2,237.0,18.0,0,0,0.0,1,-1.0,702,584,0.2,19.5,1.7,1.2,4.0,68.0,5.0,,,18.0,4.0,481.0,13.0,453.0,3.0,181.0,6.0,,,,,,,,0.0,0.01,0.01,1.46,2.67,0.33,1.15,1.0,0.0,28,0,0,0,0,0,0,0,0,0,0,0,0,0,0,0,5483,15821,0.0,0.0,0.0,0.0,0.0,0.0,0.0,0.0,0.0,0,0,0,0
288,Mark,Travers,Travers,d,Hand injury - 75% chance of playing,,4.3,585,28.0,0.1,457,69.0,0.0,537.0,83.0,0,0,0.0,-2,2.0,0,4,0.0,0.0,0.4,0.0,0.0,643.0,89.0,75.0,75.0,633.0,89.0,628.0,80.0,603.0,69.0,635.0,89.0,,,,,,,,0.0,0.0,0.0,0.0,0.0,0.0,0.0,0.0,0.0,28,0,0,0,0,0,0,0,0,0,0,0,0,0,0,0,14,56,0.0,0.0,0.0,0.0,0.0,0.0,0.0,0.0,0.0,0,0,0,0
289,Harry,Tyrer,Tyrer,u,has joined Cardiff City permanently.,,3.9,758,80.0,0.1,491,73.0,0.0,421.0,39.0,0,0,0.0,-1,1.0,0,2,0.0,0.0,0.0,0.0,0.0,551.0,48.0,0.0,0.0,541.0,48.0,530.0,33.0,496.0,20.0,543.0,48.0,,,,,,,,0.0,0.0,0.0,0.0,0.0,0.0,0.0,0.0,0.0,28,0,0,0,0,0,0,0,0,0,0,0,0,0,0,0,0,31,0.0,0.0,0.0,0.0,0.0,0.0,0.0,0.0,0.0,0,0,0,0
290,Jarrad,Branthwaite,Branthwaite,a,,,5.3,198,23.0,0.2,353,129.0,1.6,190.0,71.0,0,0,0.0,-2,2.0,125,12,0.3,1.7,2.1,1.6,1.8,371.0,137.0,100.0,100.0,404.0,152.0,374.0,133.0,364.0,122.0,405.0,144.0,,,,,,,,0.05,0.02,0.07,1.22,0.0,0.0,1.13,0.85,7.64,28,0,0,0,0,0,0,0,0,0,0,0,0,0,0,0,955,249,0.0,0.0,0.0,0.0,0.0,0.0,0.0,0.0,0.0,0,0,0,0
291,James,Tarkowski,Tarkowski,a,,,5.7,112,8.0,10.7,33,12.0,1.2,238.0,88.0,0,0,0.0,2,-2.0,804,977,0.2,20.7,1.7,1.2,4.4,40.0,16.0,,,12.0,4.0,168.0,40.0,96.0,11.0,50.0,6.0,,,,,,,,0.07,0.05,0.12,1.46,0.0,0.33,1.15,1.0,10.63,28,0,0,0,0,0,0,0,0,0,0,0,0,0,0,0,6581,36140,0.0,0.0,0.0,0.0,0.0,0.0,0.0,0.0,0.0,0,0,0,0
292,Vitalii,Mykolenko,Mykolenko,a,,,4.9,315,51.0,0.6,243,91.0,0.6,294.0,105.0,0,0,0.0,-1,1.0,40,45,0.1,13.7,1.1,0.6,3.0,191.0,76.0,100.0,100.0,134.0,59.0,102.0,26.0,289.0,84.0,156.0,51.0,,,,,,,,0.01,0.1,0.11,1.44,0.0,0.32,1.28,1.01,6.72,28,0,0,0,0,0,0,0,0,0,0,0,0,0,0,0,280,1623,0.0,0.0,0.0,0.0,0.0,0.0,0.0,0.0,0.0,0,0,0,0
293,Jake,O'Brien,O'Brien,a,,,4.9,341,57.0,0.6,227,87.0,1.2,230.0,87.0,0,0,0.0,-1,1.0,49,36,0.2,17.6,1.7,1.2,3.3,146.0,57.0,100.0,100.0,95.0,44.0,149.0,36.0,212.0,53.0,132.0,44.0,,,,,,,,0.03,0.03,0.06,1.53,0.0,0.33,1.19,0.99,6.88,28,0,0,0,0,0,0,0,0,0,0,0,0,0,0,0,554,1754,0.0,0.0,0.0,0.0,0.0,0.0,0.0,0.0,0.0,0,0,0,0
294,Séamus,Coleman,Coleman,a,,,4.2,625,140.0,0.1,485,173.0,0.0,516.0,214.0,0,0,0.0,-3,3.0,3,3,0.0,0.7,0.5,0.0,1.0,458.0,170.0,100.0,100.0,626.0,246.0,482.0,175.0,590.0,243.0,628.0,246.0,,,,,,,,0.0,0.0,0.0,1.96,0.0,0.0,0.0,8.18,0.0,28,0,0,0,0,0,0,0,0,0,0,0,0,0,0,0,34,27,0.0,0.0,0.0,0.0,0.0,0.0,0.0,0.0,0.0,0,0,0,0
295,Michael,Keane,Keane,a,,,4.6,397,66.0,3.5,95,34.0,1.8,177.0,64.0,0,0,0.0,1,-1.0,957,214,0.4,22.8,2.3,1.8,4.6,24.0,9.0,100.0,100.0,35.0,13.0,375.0,134.0,102.0,13.0,118.0,37.0,,,,,,,,0.09,0.01,0.1,1.51,0.0,0.28,1.29,1.02,10.22,28,0,0,0,0,0,0,0,0,0,0,0,0,0,0,0,7014,10244,0.0,0.0,0.0,0.0,0.0,0.0,0.0,0.0,0.0,0,0,0,0
296,Nathan,Patterson,Patterson,a,,,4.4,536,114.0,0.0,622,222.0,0.2,350.0,127.0,0,0,0.0,-1,1.0,3,8,0.0,4.8,0.7,0.2,3.5,120.0,42.0,100.0,100.0,391.0,149.0,436.0,157.0,386.0,137.0,423.0,152.0,,,,,,,,0.01,0.02,0.03,1.35,0.0,0.76,0.38,1.14,11.39,28,0,0,0,0,0,0,0,0,0,0,0,0,0,0,0,17,73,0.0,0.0,0.0,0.0,0.0,0.0,0.0,0.0,0.0,0,0,0,0
297,Roman,Dixon,Dixon,u,has joined Stockport County on loan for the rest of the season.,,3.8,798,246.0,0.2,399,148.0,0.0,392.0,147.0,0,0,0.0,-2,2.0,0,7,0.0,0.0,0.0,0.0,0.0,525.0,190.0,0.0,0.0,515.0,189.0,501.0,187.0,466.0,178.0,517.0,189.0,,,,,,,,0.0,0.0,0.0,0.0,0.0,0.0,0.0,0.0,0.0,28,0,0,0,0,0,0,0,0,0,0,0,0,0,0,0,0,73,0.0,0.0,0.0,0.0,0.0,0.0,0.0,0.0,0.0,0,0,0,0
298,Reece,Welch,Welch,a,,,3.8,796,244.0,0.1,419,156.0,0.0,390.0,145.0,0,0,0.0,-2,2.0,2,2,0.0,0.0,0.5,0.0,0.0,523.0,188.0,,,513.0,187.0,499.0,185.0,464.0,176.0,515.0,187.0,,,,,,,,0.0,0.0,0.0,0.0,0.0,0.0,0.0,0.0,0.0,28,0,0,0,0,0,0,0,0,0,0,0,0,0,0,0,48,43,0.0,0.0,0.0,0.0,0.0,0.0,0.0,0.0,0.0,0,0,0,0
299,Iliman,Ndiaye,Ndiaye,a,,,6.2,74,49.0,3.9,87,27.0,3.0,91.0,39.0,0,0,0.0,-3,3.0,795,83,0.5,14.5,3.5,3.0,4.3,49.0,21.0,100.0,100.0,82.0,27.0,74.0,56.0,40.0,24.0,45.0,32.0,,,1.0,,,,,0.22,0.19,0.41,1.33,0.0,0.3,1.25,1.05,9.79,28,0,0,0,0,0,0,0,0,0,0,0,0,0,0,0,5537,5065,0.0,0.0,0.0,0.0,0.0,0.0,0.0,0.0,0.0,0,0,0,0
300,Dwight,McNeil,McNeil,a,,,5.5,144,89.0,0.1,422,142.0,0.0,783.0,345.0,0,0,0.0,-5,5.0,3,10,0.0,5.3,0.5,0.0,2.1,321.0,141.0,,,378.0,168.0,212.0,139.0,321.0,168.0,344.0,165.0,,,,,,,,0.07,0.1,0.17,1.78,0.0,0.44,0.59,1.02,7.76,28,0,0,0,0,0,0,0,0,0,0,0,0,0,0,0,44,251,0.0,0.0,0.0,0.0,0.0,0.0,0.0,0.0,0.0,0,0,0,0
301,Carlos,Alcaraz Durán,Alcaraz,i,Knock - Expected back 21 Mar,,5.2,215,133.0,0.1,516,186.0,0.2,370.0,168.0,0,0,0.0,-3,3.0,0,7,0.0,5.0,0.0,0.0,1.6,395.0,175.0,0.0,0.0,362.0,161.0,195.0,129.0,167.0,93.0,289.0,143.0,,,,,,,,0.14,0.06,0.2,1.76,0.0,0.4,1.08,0.81,8.64,28,0,0,0,0,0,0,0,0,0,0,0,0,0,0,0,6,85,0.0,0.0,0.0,0.0,0.0,0.0,0.0,0.0,0.0,0,0,0,0
302,Idrissa Gana,Gueye,Gana,a,,,5.4,155,96.0,0.1,492,175.0,1.4,211.0,91.0,0,0,0.0,-1,1.0,16,5,0.3,10.6,1.9,1.4,3.2,161.0,69.0,100.0,100.0,200.0,83.0,169.0,116.0,165.0,92.0,198.0,100.0,,,,,,,,0.08,0.05,0.13,1.41,0.0,0.18,1.15,1.09,9.24,28,0,0,0,0,0,0,0,0,0,0,0,0,0,0,0,134,70,0.0,0.0,0.0,0.0,0.0,0.0,0.0,0.0,0.0,0,0,0,0
303,James,Garner,Garner,a,,,5.2,212,131.0,3.7,92,28.0,2.4,127.0,58.0,0,0,0.0,2,-2.0,332,461,0.5,21.7,2.9,2.4,4.2,54.0,23.0,,,26.0,6.0,12.0,12.0,110.0,67.0,22.0,18.0,1.0,3.0,2.0,,,,,0.07,0.17,0.24,1.46,0.0,0.33,1.15,1.0,12.29,28,0,0,0,0,0,0,0,0,0,0,0,0,0,0,0,4006,15868,0.0,0.0,0.0,0.0,0.0,0.0,0.0,0.0,0.0,0,0,0,0
304,Tim,Iroegbunam,Iroegbunam,a,,,4.8,368,230.0,0.0,614,238.0,0.6,293.0,131.0,0,0,0.0,-2,2.0,1,3,0.1,10.8,1.1,0.6,2.6,255.0,105.0,100.0,100.0,277.0,121.0,282.0,165.0,318.0,167.0,327.0,156.0,,,,,,,,0.03,0.05,0.08,1.45,0.0,0.62,0.89,1.07,11.83,28,0,0,0,0,0,0,0,0,0,0,0,0,0,0,0,34,39,0.0,0.0,0.0,0.0,0.0,0.0,0.0,0.0,0.0,0,0,0,0
305,Harrison,Armstrong,Armstrong,a,,,4.5,498,306.0,0.1,497,178.0,1.4,206.0,88.0,0,0,0.0,0,0.0,21,7,0.3,3.8,1.9,1.4,1.9,339.0,146.0,100.0,100.0,402.0,178.0,306.0,174.0,268.0,146.0,364.0,174.0,,,,,,,,0.15,0.04,0.19,1.64,0.0,0.19,1.31,1.12,8.78,28,0,0,0,0,0,0,0,0,0,0,0,0,0,0,0,289,120,0.0,0.0,0.0,0.0,0.0,0.0,0.0,0.0,0.0,0,0,0,0
306,Callum,Bates,Bates,a,,,4.3,610,356.0,0.1,478,166.0,0.0,554.0,187.0,0,0,0.0,-2,2.0,13,4,0.0,0.0,0.5,0.0,0.0,654.0,249.0,,,644.0,240.0,640.0,245.0,616.0,233.0,646.0,242.0,,,,,,,,0.0,0.0,0.0,0.0,0.0,0.0,0.0,0.0,0.0,28,0,0,0,0,0,0,0,0,0,0,0,0,0,0,0,229,119,0.0,0.0,0.0,0.0,0.0,0.0,0.0,0.0,0.0,0,0,0,0
307,Coby,Ebere,Ebere,a,,,4.4,549,328.0,0.0,602,229.0,0.0,581.0,202.0,0,0,0.0,-1,1.0,1,0,0.0,0.0,0.5,0.0,0.0,673.0,261.0,,,664.0,253.0,660.0,258.0,638.0,247.0,666.0,255.0,,,,,,,,0.0,0.0,0.0,0.0,0.0,0.0,0.0,0.0,0.0,28,0,0,0,0,0,0,0,0,0,0,0,0,0,0,0,25,23,0.0,0.0,0.0,0.0,0.0,0.0,0.0,0.0,0.0,0,0,0,0
308,Isaac,Heath,Heath,u,has joined Accrington on loan for the rest of the season.,,4.5,452,270.0,0.0,695,286.0,0.0,628.0,233.0,0,0,0.0,0,0.0,0,0,0.0,0.0,0.0,0.0,0.0,710.0,286.0,0.0,0.0,705.0,282.0,701.0,284.0,685.0,277.0,706.0,283.0,,,,,,,,0.0,0.0,0.0,0.0,0.0,0.0,0.0,0.0,0.0,28,0,0,0,0,0,0,0,0,0,0,0,0,0,0,0,0,2,0.0,0.0,0.0,0.0,0.0,0.0,0.0,0.0,0.0,0,0,0,0
309,Jenson,Metcalfe,Metcalfe,u,Has joined Bradford City permanently.,,4.5,448,268.0,0.0,817,366.0,0.0,626.0,231.0,0,0,0.0,0,0.0,0,0,0.0,0.0,0.0,0.0,0.0,708.0,284.0,0.0,0.0,703.0,280.0,699.0,282.0,683.0,275.0,704.0,281.0,,,,,,,,0.0,0.0,0.0,0.0,0.0,0.0,0.0,0.0,0.0,28,0,0,0,0,0,0,0,0,0,0,0,0,0,0,0,0,0,0.0,0.0,0.0,0.0,0.0,0.0,0.0,0.0,0.0,0,0,0,0
310,Thierno,Barry,Barry,a,,,5.7,121,33.0,1.0,188,29.0,1.6,193.0,24.0,0,0,0.0,-3,3.0,177,196,0.3,11.8,2.1,1.6,2.5,280.0,29.0,,,249.0,22.0,182.0,16.0,48.0,20.0,139.0,18.0,,,,,,,,0.3,0.02,0.32,1.42,0.0,0.4,1.2,1.09,2.97,28,0,0,0,0,0,0,0,0,0,0,0,0,0,0,0,2106,6432,0.0,0.0,0.0,0.0,0.0,0.0,0.0,0.0,0.0,0,0,0,0
311,Norberto Bercique,Gomes Betuncal,Beto,a,,,5.0,266,55.0,2.4,124,21.0,1.8,181.0,22.0,0,0,0.0,-5,5.0,77,94,0.4,9.4,2.3,1.8,1.7,382.0,45.0,,,283.0,28.0,309.0,33.0,55.0,22.0,212.0,27.0,,,3.0,,,,,0.52,0.02,0.54,1.61,0.0,0.2,1.31,0.81,5.15,28,0,0,0,0,0,0,0,0,0,0,0,0,0,0,0,911,1610,0.0,0.0,0.0,0.0,0.0,0.0,0.0,0.0,0.0,0,0,0,0
312,Youssef,Ramalho Chermiti,Y.Chermiti,u,has joined Rangers permanently.,,4.9,338,62.0,0.1,545,77.0,0.0,726.0,78.0,0,0,0.0,-1,1.0,0,1,0.0,0.0,0.0,0.0,0.0,776.0,87.0,0.0,0.0,776.0,87.0,772.0,86.0,767.0,86.0,776.0,87.0,,,,,,,,0.0,0.0,0.0,0.0,0.0,0.0,0.0,0.0,0.0,28,0,0,0,0,0,0,0,0,0,0,0,0,0,0,0,0,2,0.0,0.0,0.0,0.0,0.0,0.0,0.0,0.0,0.0,0,0,0,0
313,Martin,Sherif,Sherif,u,has joined Port Vale on loan for the rest of the season.,,4.4,556,79.0,0.1,442,64.0,0.0,586.0,60.0,0,0,0.0,-1,1.0,0,1,0.0,0.0,0.0,0.0,0.0,677.0,71.0,0.0,0.0,669.0,71.0,664.0,70.0,644.0,70.0,671.0,71.0,,,,,,,,0.0,0.0,0.0,0.0,0.0,0.0,0.0,0.0,0.0,28,0,0,0,0,0,0,0,0,0,0,0,0,0,0,0,0,30,0.0,0.0,0.0,0.0,0.0,0.0,0.0,0.0,0.0,0,0,0,0
419,Jack,Grealish,Grealish,i,Foot injury - Expected back 01 Jun,,6.3,64,43.0,6.0,63,22.0,0.0,800.0,357.0,0,0,0.0,-2,2.0,1,317,0.0,12.5,0.0,0.0,4.0,72.0,32.0,0.0,0.0,119.0,39.0,22.0,22.0,37.0,21.0,32.0,24.0,,,,,,,,0.11,0.19,0.3,1.43,0.0,0.39,1.27,1.0,7.47,28,0,0,0,0,0,0,0,0,0,0,0,0,0,0,0,30,2579,0.0,0.0,0.0,0.0,0.0,0.0,0.0,0.0,0.0,0,0,0,0
630,Tom,King,King,a,,,3.9,746,74.0,1.3,170,21.0,0.0,413.0,33.0,0,0,0.0,-1,1.0,11,17,0.0,0.0,0.5,0.0,0.0,543.0,42.0,,,533.0,42.0,522.0,27.0,488.0,14.0,535.0,42.0,,,,,,,,0.0,0.0,0.0,0.0,0.0,0.0,0.0,0.0,0.0,28,0,0,0,0,0,0,0,0,0,0,0,0,0,0,0,216,245,0.0,0.0,0.0,0.0,0.0,0.0,0.0,0.0,0.0,0,0,0,0
667,Adam,Aznou,Aznou,a,,,4.2,639,150.0,0.1,569,205.0,0.0,523.0,219.0,0,0,0.0,-3,3.0,2,0,0.0,0.0,0.5,0.0,0.0,637.0,247.0,100.0,100.0,628.0,247.0,622.0,246.0,595.0,244.0,630.0,247.0,,,,,,,,0.0,0.0,0.0,0.0,0.0,0.0,0.0,0.0,0.0,28,0,0,0,0,0,0,0,0,0,0,0,0,0,0,0,14,14,0.0,0.0,0.0,0.0,0.0,0.0,0.0,0.0,0.0,0,0,0,0
704,Tyler,Onyango,Onyango,u,has joined Stockport County on loan for the rest of the season.,,4.5,437,261.0,0.0,583,218.0,0.0,620.0,225.0,0,0,0.0,0,0.0,0,1,0.0,0.0,0.0,0.0,0.0,703.0,279.0,0.0,0.0,697.0,274.0,694.0,277.0,677.0,270.0,699.0,276.0,,,,,,,,0.0,0.0,0.0,0.0,0.0,0.0,0.0,0.0,0.0,28,0,0,0,0,0,0,0,0,0,0,0,0,0,0,0,0,3,0.0,0.0,0.0,0.0,0.0,0.0,0.0,0.0,0.0,0,0,0,0
705,Elijah,Campbell,Campbell,u,has joined Port Vale on loan for the rest of the season.,,3.9,769,224.0,0.2,407,149.0,0.0,430.0,164.0,0,0,0.0,-1,1.0,0,7,0.0,0.0,0.0,0.0,0.0,559.0,203.0,0.0,0.0,549.0,202.0,538.0,202.0,504.0,194.0,551.0,202.0,,,,,,,,0.0,0.0,0.0,0.0,0.0,0.0,0.0,0.0,0.0,28,0,0,0,0,0,0,0,0,0,0,0,0,0,0,0,0,59,0.0,0.0,0.0,0.0,0.0,0.0,0.0,0.0,0.0,0,0,0,0
707,Tyler,Dibling,Dibling,a,,,5.3,201,125.0,0.0,647,259.0,0.2,373.0,170.0,0,0,0.0,-2,2.0,2,3,0.0,3.2,0.7,0.2,1.3,432.0,195.0,,,408.0,181.0,320.0,181.0,349.0,182.0,392.0,182.0,,,,,,,,0.05,0.04,0.09,1.55,0.0,0.52,0.52,1.03,10.34,28,0,0,0,0,0,0,0,0,0,0,0,0,0,0,0,18,28,0.0,0.0,0.0,0.0,0.0,0.0,0.0,0.0,0.0,0,0,0,0
728,Merlin,Röhl,Röhl,a,,,5.0,274,169.0,0.0,709,296.0,0.0,745.0,320.0,0,0,0.0,0,0.0,0,1,0.0,3.2,0.5,0.0,1.6,392.0,173.0,100.0,100.0,394.0,174.0,307.0,175.0,348.0,181.0,381.0,179.0,,,,,,,,0.13,0.04,0.17,1.6,0.0,0.51,1.02,0.51,10.96,28,0,0,0,0,0,0,0,0,0,0,0,0,0,0,0,6,9,0.0,0.0,0.0,0.0,0.0,0.0,0.0,0.0,0.0,0,0,0,0
779,Braiden,Graham,Graham,a,,,4.5,506,73.0,0.0,629,82.0,0.0,675.0,71.0,0,0,0.0,0,0.0,6,8,0.0,0.0,0.5,0.0,0.0,748.0,82.0,,,748.0,82.0,742.0,81.0,729.0,81.0,748.0,82.0,,,,,,,,0.0,0.0,0.0,0.0,0.0,0.0,0.0,0.0,0.0,28,0,0,0,0,0,0,0,0,0,0,0,0,0,0,0,75,88,0.0,0.0,0.0,0.0,0.0,0.0,0.0,0.0,0.0,0,0,0,0
314,Bernd,Leno,Leno,a,,,4.9,287,10.0,1.5,157,20.0,0.8,267.0,20.0,0,0,0.0,-1,1.0,242,40,0.2,15.1,0.8,0.8,2.7,240.0,23.0,,,33.0,10.0,757.0,89.0,751.0,85.0,205.0,11.0,,,,,,,,0.0,0.0,0.0,1.44,2.52,0.19,1.52,1.0,0.0,28,0,0,0,0,0,0,0,0,0,0,0,0,0,0,0,1302,1220,0.0,0.0,0.0,0.0,0.0,0.0,0.0,0.0,0.0,0,0,0,0
315,Steven,Benda,Benda,u,has joined Feyenoord on loan for the rest of the season.,,4.0,676,49.0,0.0,751,85.0,0.0,457.0,60.0,0,0,0.0,0,0.0,0,0,0.0,0.0,0.0,0.0,0.0,585.0,68.0,0.0,0.0,575.0,68.0,567.0,56.0,535.0,43.0,577.0,68.0,,,,,,,,0.0,0.0,0.0,0.0,0.0,0.0,0.0,0.0,0.0,28,0,0,0,0,0,0,0,0,0,0,0,0,0,0,0,0,4,0.0,0.0,0.0,0.0,0.0,0.0,0.0,0.0,0.0,0,0,0,0
316,Antonee,Robinson,Robinson,a,,,4.9,295,44.0,0.7,222,84.0,0.2,360.0,132.0,0,0,0.0,-1,1.0,99,44,0.0,6.7,0.2,0.2,2.8,220.0,89.0,100.0,100.0,260.0,106.0,152.0,37.0,346.0,114.0,263.0,88.0,,,,,,,,0.02,0.12,0.14,1.49,0.0,0.22,1.12,1.01,7.64,28,0,0,0,0,0,0,0,0,0,0,0,0,0,0,0,476,1829,0.0,0.0,0.0,0.0,0.0,0.0,0.0,0.0,0.0,0,0,0,0
317,Joachim,Andersen,Andersen,a,,,4.5,415,76.0,4.7,76,24.0,1.4,204.0,78.0,0,0,0.0,0,0.0,1330,111,0.3,20.7,1.4,1.4,3.6,109.0,40.0,100.0,100.0,14.0,5.0,231.0,61.0,211.0,52.0,94.0,24.0,,,,,,,,0.05,0.06,0.11,1.39,0.0,0.2,1.49,1.02,10.41,28,0,0,0,0,0,0,0,0,0,0,0,0,0,0,0,16200,6397,0.0,0.0,0.0,0.0,0.0,0.0,0.0,0.0,0.0,0,0,0,0
318,Calvin,Bassey,Bassey,a,,,4.4,533,111.0,0.4,279,101.0,1.8,175.0,62.0,0,0,0.0,-1,1.0,142,7,0.4,14.5,1.8,1.8,3.4,133.0,48.0,100.0,100.0,112.0,51.0,256.0,77.0,284.0,81.0,215.0,73.0,,,,,,,,0.06,0.01,0.07,1.41,0.0,0.18,1.75,0.99,8.23,28,0,0,0,0,0,0,0,0,0,0,0,0,0,0,0,1175,248,0.0,0.0,0.0,0.0,0.0,0.0,0.0,0.0,0.0,0,0,0,0
319,Timothy,Castagne,Castagne,a,,,4.3,580,127.0,0.1,458,168.0,0.8,257.0,92.0,0,0,0.0,-2,2.0,4,8,0.2,6.7,0.8,0.8,1.4,420.0,151.0,,,237.0,94.0,207.0,53.0,255.0,72.0,259.0,86.0,,,,,,,,0.08,0.04,0.12,1.75,0.0,0.0,1.85,0.97,7.89,28,0,0,0,0,0,0,0,0,0,0,0,0,0,0,0,67,91,0.0,0.0,0.0,0.0,0.0,0.0,0.0,0.0,0.0,0,0,0,0
320,Issa,Diop,Diop,a,,,4.3,582,129.0,0.1,526,188.0,0.0,535.0,227.0,0,0,0.0,-2,2.0,0,4,0.0,2.3,0.0,0.0,1.2,435.0,156.0,,,382.0,146.0,441.0,160.0,408.0,151.0,424.0,153.0,,,,,,,,0.0,0.01,0.01,1.79,0.0,0.0,1.97,0.87,7.65,28,0,0,0,0,0,0,0,0,0,0,0,0,0,0,0,20,31,0.0,0.0,0.0,0.0,0.0,0.0,0.0,0.0,0.0,0,0,0,0
321,Jorge,Cuenca Barreno,J.Cuenca,a,,,4.3,587,132.0,0.1,561,202.0,0.8,258.0,93.0,0,0,0.0,-2,2.0,1,1,0.2,8.8,0.8,0.8,2.9,200.0,81.0,,,225.0,87.0,343.0,116.0,390.0,139.0,325.0,113.0,,,,,,,,0.0,0.05,0.05,1.4,0.0,0.19,1.06,1.06,10.74,28,0,0,0,0,0,0,0,0,0,0,0,0,0,0,0,21,68,0.0,0.0,0.0,0.0,0.0,0.0,0.0,0.0,0.0,0,0,0,0
322,Kenny,Tete,Tete,a,,,4.5,413,75.0,0.3,342,123.0,1.2,223.0,84.0,0,0,0.0,0,0.0,39,2,0.3,15.8,1.2,1.2,3.7,95.0,35.0,100.0,100.0,121.0,53.0,173.0,42.0,250.0,69.0,179.0,60.0,,,,,,,,0.04,0.06,0.1,1.35,0.0,0.29,1.35,1.06,8.47,28,0,0,0,0,0,0,0,0,0,0,0,0,0,0,0,337,363,0.0,0.0,0.0,0.0,0.0,0.0,0.0,0.0,0.0,0,0,0,0
323,Samuel,Amissah,Amissah,a,,,3.8,812,259.0,0.1,418,155.0,0.0,403.0,157.0,0,0,0.0,-2,2.0,1,1,0.0,0.0,0.0,0.0,0.0,534.0,198.0,,,524.0,197.0,512.0,197.0,478.0,189.0,526.0,197.0,,,,,,,,0.0,0.0,0.0,0.0,0.0,0.0,0.0,0.0,0.0,28,0,0,0,0,0,0,0,0,0,0,0,0,0,0,0,36,46,0.0,0.0,0.0,0.0,0.0,0.0,0.0,0.0,0.0,0,0,0,0
324,Alex,Iwobi,Iwobi,a,,,6.3,65,44.0,0.9,200,69.0,4.2,34.0,16.0,0,0,0.0,-2,2.0,623,36,0.7,12.5,4.2,4.2,3.8,93.0,45.0,100.0,100.0,127.0,41.0,27.0,25.0,138.0,79.0,61.0,39.0,2.0,,,,,,,0.06,0.17,0.23,1.46,0.0,0.15,1.73,1.07,6.4,28,0,0,0,0,0,0,0,0,0,0,0,0,0,0,0,7408,487,0.0,0.0,0.0,0.0,0.0,0.0,0.0,0.0,0.0,0,0,0,0
325,Emile,Smith Rowe,Smith Rowe,a,,,5.6,128,79.0,0.5,251,87.0,1.4,213.0,92.0,0,0,0.0,-4,4.0,42,29,0.3,10.9,1.4,1.4,2.3,301.0,133.0,100.0,100.0,228.0,99.0,117.0,81.0,90.0,55.0,136.0,74.0,,,,,,,,0.24,0.06,0.3,1.6,0.0,0.2,1.41,1.0,7.17,28,0,0,0,0,0,0,0,0,0,0,0,0,0,0,0,484,661,0.0,0.0,0.0,0.0,0.0,0.0,0.0,0.0,0.0,0,0,0,0
327,Andreas,Hoelgebaum Pereira,Andreas,u,has joined Palmeiras permanently.,,5.3,187,115.0,0.1,562,206.0,0.0,764.0,330.0,0,0,0.0,-2,2.0,0,0,0.0,0.0,0.0,0.0,0.0,795.0,350.0,0.0,0.0,795.0,350.0,794.0,350.0,791.0,349.0,795.0,350.0,,,,,,,,0.0,0.0,0.0,0.0,0.0,0.0,0.0,0.0,0.0,28,0,0,0,0,0,0,0,0,0,0,0,0,0,0,0,0,4,0.0,0.0,0.0,0.0,0.0,0.0,0.0,0.0,0.0,0,0,0,0
328,Ryan,Sessegnon,Sessegnon,a,,,5.4,163,100.0,0.2,408,137.0,2.4,128.0,59.0,0,0,0.0,-1,1.0,10,14,0.4,13.5,2.4,2.4,3.6,113.0,51.0,100.0,100.0,163.0,57.0,174.0,118.0,161.0,90.0,174.0,92.0,,,,,,,,0.06,0.1,0.16,1.38,0.0,0.24,1.67,1.02,10.45,28,0,0,0,0,0,0,0,0,0,0,0,0,0,0,0,237,160,0.0,0.0,0.0,0.0,0.0,0.0,0.0,0.0,0.0,0,0,0,0
329,Harry,Wilson,Wilson,a,,,6.0,85,55.0,22.0,17,6.0,2.8,103.0,46.0,0,1,-1.0,5,-5.0,9780,717,0.5,21.3,2.8,2.8,4.9,18.0,11.0,100.0,100.0,44.0,11.0,31.0,29.0,26.0,13.0,20.0,16.0,1.0,1.0,3.0,,,,,0.19,0.17,0.36,1.34,0.0,0.27,1.34,1.07,6.16,28,0,0,0,0,0,0,0,0,0,0,0,0,0,0,0,164284,14684,0.0,0.0,0.0,0.0,0.0,0.0,0.0,0.0,0.0,0,0,0,0
330,Sander,Berge,Berge,a,,,4.9,305,190.0,0.1,520,188.0,2.0,160.0,71.0,0,0,0.0,-1,1.0,9,2,0.4,13.7,2.0,2.0,2.5,276.0,116.0,,,130.0,43.0,100.0,72.0,281.0,154.0,149.0,81.0,,,,,,,,0.05,0.04,0.09,1.45,0.0,0.2,1.56,1.04,8.88,28,0,0,0,0,0,0,0,0,0,0,0,0,0,0,0,88,52,0.0,0.0,0.0,0.0,0.0,0.0,0.0,0.0,0.0,0,0,0,0
331,Tom,Cairney,Cairney,a,,,4.8,352,219.0,0.0,636,250.0,0.4,319.0,146.0,0,0,0.0,-2,2.0,1,1,0.1,5.2,0.4,0.4,1.5,410.0,183.0,100.0,100.0,373.0,165.0,273.0,160.0,317.0,166.0,356.0,171.0,,,,,,,,0.17,0.06,0.23,1.63,0.0,0.0,1.78,0.59,6.92,28,0,0,0,0,0,0,0,0,0,0,0,0,0,0,0,12,14,0.0,0.0,0.0,0.0,0.0,0.0,0.0,0.0,0.0,0,0,0,0
332,Saša,Lukić,Lukić,a,,,4.9,310,194.0,0.1,572,211.0,0.0,713.0,296.0,0,0,0.0,-1,1.0,0,0,0.0,10.2,0.0,0.0,2.6,256.0,106.0,100.0,100.0,227.0,98.0,69.0,53.0,219.0,122.0,157.0,83.0,3.0,,,,,,,0.13,0.1,0.23,1.37,0.0,0.3,1.27,1.12,9.46,28,0,0,0,0,0,0,0,0,0,0,0,0,0,0,0,5,20,0.0,0.0,0.0,0.0,0.0,0.0,0.0,0.0,0.0,0,0,0,0
333,Martial,Godo,Godo,u,has joined Strasbourg permanently.,,4.5,476,290.0,0.0,667,270.0,0.0,649.0,251.0,0,0,0.0,0,0.0,0,0,0.0,0.0,0.0,0.0,0.0,726.0,300.0,0.0,0.0,723.0,298.0,718.0,299.0,704.0,294.0,724.0,299.0,,,,,,,,0.0,0.0,0.0,0.0,0.0,0.0,0.0,0.0,0.0,28,0,0,0,0,0,0,0,0,0,0,0,0,0,0,0,0,1,0.0,0.0,0.0,0.0,0.0,0.0,0.0,0.0,0.0,0,0,0,0
334,Luke,Harris,Harris,u,Has joined Oxford United on loan for the rest of the season.,,4.5,456,273.0,0.0,810,360.0,0.0,632.0,236.0,0,0,0.0,0,0.0,0,0,0.0,0.0,0.0,0.0,0.0,713.0,289.0,0.0,0.0,708.0,285.0,704.0,287.0,688.0,280.0,709.0,286.0,,,,,,,,0.0,0.0,0.0,0.0,0.0,0.0,0.0,0.0,0.0,28,0,0,0,0,0,0,0,0,0,0,0,0,0,0,0,0,1,0.0,0.0,0.0,0.0,0.0,0.0,0.0,0.0,0.0,0,0,0,0
335,Josh,King,King,a,,,4.4,562,336.0,1.8,143,47.0,0.2,352.0,158.0,0,0,0.0,-1,1.0,81,99,0.0,8.4,0.2,0.2,1.8,361.0,157.0,100.0,100.0,339.0,154.0,241.0,150.0,123.0,72.0,279.0,140.0,,,,,,,,0.14,0.04,0.18,1.28,0.0,0.3,1.49,1.09,7.33,28,0,0,0,0,0,0,0,0,0,0,0,0,0,0,0,1500,2762,0.0,0.0,0.0,0.0,0.0,0.0,0.0,0.0,0.0,0,0,0,0
336,Harrison,Reed,Reed,a,,,4.3,579,343.0,0.4,276,97.0,0.2,347.0,155.0,0,0,0.0,-2,2.0,53,32,0.0,2.8,0.2,0.2,2.4,285.0,123.0,,,420.0,184.0,430.0,208.0,417.0,202.0,441.0,197.0,,,,,,,,0.16,0.94,1.1,1.6,0.0,0.0,3.91,0.0,7.83,28,0,0,0,0,0,0,0,0,0,0,0,0,0,0,0,905,613,0.0,0.0,0.0,0.0,0.0,0.0,0.0,0.0,0.0,0,0,0,0
337,Raúl,Jiménez Rodríguez,Raúl,a,,,6.1,81,26.0,2.5,121,20.0,4.6,21.0,4.0,0,0,0.0,-4,4.0,2549,144,0.8,15.4,4.6,4.6,3.6,115.0,9.0,100.0,100.0,90.0,7.0,101.0,4.0,13.0,9.0,28.0,8.0,,2.0,1.0,,,,,0.49,0.04,0.53,1.41,0.0,0.36,1.22,1.12,5.33,28,0,0,0,0,0,0,0,0,0,0,0,0,0,0,0,42440,3574,0.0,0.0,0.0,0.0,0.0,0.0,0.0,0.0,0.0,0,0,0,0
338,Rodrigo,Muniz Carvalho,Muniz,a,,,5.3,193,46.0,0.7,216,33.0,0.6,299.0,39.0,0,0,0.0,-2,2.0,37,7,0.1,3.8,0.6,0.6,2.0,334.0,37.0,100.0,100.0,381.0,39.0,331.0,38.0,194.0,41.0,342.0,41.0,,,,,,,,0.24,0.0,0.24,1.56,0.0,0.22,1.51,0.86,5.17,28,0,0,0,0,0,0,0,0,0,0,0,0,0,0,0,449,182,0.0,0.0,0.0,0.0,0.0,0.0,0.0,0.0,0.0,0,0,0,0
424,Oscar,Bobb,Bobb,a,,,5.1,237,144.0,0.2,366,122.0,0.6,298.0,135.0,0,0,0.0,-4,4.0,17,8,0.1,4.1,0.6,0.6,1.8,366.0,160.0,100.0,100.0,375.0,166.0,179.0,121.0,236.0,131.0,302.0,149.0,,,,,,,,0.08,0.2,0.28,1.16,0.0,0.34,1.18,0.84,7.08,28,0,0,0,0,0,0,0,0,0,0,0,0,0,0,0,281,117,0.0,0.0,0.0,0.0,0.0,0.0,0.0,0.0,0.0,0,0,0,0
664,Benjamin,Lecomte,Lecomte,a,,,3.9,743,72.0,0.7,214,28.0,0.0,410.0,31.0,0,0,0.0,-1,1.0,15,17,0.0,0.0,0.0,0.0,0.0,541.0,40.0,,,531.0,40.0,520.0,25.0,486.0,12.0,533.0,40.0,,,,,,,,0.0,0.0,0.0,0.0,0.0,0.0,0.0,0.0,0.0,28,0,0,0,0,0,0,0,0,0,0,0,0,0,0,0,252,203,0.0,0.0,0.0,0.0,0.0,0.0,0.0,0.0,0.0,0,0,0,0
727,Samuel,Chukwueze,Chukwueze,a,,,5.3,191,119.0,0.1,510,183.0,1.2,234.0,103.0,0,0,0.0,-2,2.0,20,6,0.2,8.9,1.2,1.2,3.6,112.0,50.0,100.0,100.0,232.0,101.0,136.0,93.0,142.0,82.0,188.0,98.0,,,,,,,,0.22,0.36,0.58,1.55,0.0,0.14,2.13,0.85,7.23,28,0,0,0,0,0,0,0,0,0,0,0,0,0,0,0,174,304,0.0,0.0,0.0,0.0,0.0,0.0,0.0,0.0,0.0,0,0,0,0
731,Kevin,Santos Lopes de Macedo,Kevin,i,Foot injury - Unknown return date,,5.8,111,71.0,0.1,541,198.0,1.8,184.0,82.0,0,0,0.0,-2,2.0,0,39,0.3,7.4,0.0,0.0,1.9,349.0,153.0,0.0,0.0,256.0,108.0,126.0,87.0,115.0,69.0,183.0,96.0,,,,,,,,0.11,0.14,0.25,1.3,0.0,0.4,1.5,0.8,7.52,28,0,0,0,0,0,0,0,0,0,0,0,0,0,0,0,12,320,0.0,0.0,0.0,0.0,0.0,0.0,0.0,0.0,0.0,0,0,0,0
737,Jonah,Kusi-Asare,Kusi-Asare,a,,,4.5,509,75.0,0.1,475,69.0,0.0,677.0,73.0,0,0,0.0,0,0.0,8,10,0.0,0.9,0.0,0.0,0.8,507.0,62.0,,,492.0,59.0,410.0,55.0,411.0,57.0,465.0,57.0,,,,,,,,0.0,0.21,0.21,2.25,0.0,0.0,6.0,0.0,6.0,28,0,0,0,0,0,0,0,0,0,0,0,0,0,0,0,101,134,0.0,0.0,0.0,0.0,0.0,0.0,0.0,0.0,0.0,0,0,0,0
770,Seth,Ridgeon,Ridgeon,a,,,4.5,504,311.0,0.0,781,339.0,0.0,673.0,270.0,0,0,0.0,0,0.0,0,0,0.0,0.0,0.0,0.0,0.0,746.0,315.0,,,746.0,315.0,740.0,315.0,727.0,311.0,746.0,315.0,,,,,,,,0.0,0.0,0.0,0.0,0.0,0.0,0.0,0.0,0.0,28,0,0,0,0,0,0,0,0,0,0,0,0,0,0,0,8,8,0.0,0.0,0.0,0.0,0.0,0.0,0.0,0.0,0.0,0,0,0,0
786,Alfie,McNally,McNally,a,,,4.0,700,60.0,0.0,756,86.0,0.0,480.0,71.0,0,0,0.0,0,0.0,0,1,0.0,0.0,0.0,0.0,0.0,605.0,79.0,,,595.0,79.0,587.0,67.0,555.0,54.0,597.0,79.0,,,,,,,,0.0,0.0,0.0,0.0,0.0,0.0,0.0,0.0,0.0,28,0,0,0,0,0,0,0,0,0,0,0,0,0,0,0,7,8,0.0,0.0,0.0,0.0,0.0,0.0,0.0,0.0,0.0,0,0,0,0
168,Facundo,Buonanotte,Buonanotte,a,,,4.6,403,249.0,0.1,486,172.0,0.2,358.0,160.0,0,0,0.0,-4,4.0,12,10,0.0,0.4,0.2,-0.3,0.7,510.0,240.0,100.0,100.0,468.0,212.0,380.0,193.0,381.0,192.0,444.0,199.0,,,,,,,,0.05,0.13,0.18,2.43,0.0,0.0,2.61,1.3,6.52,28,0,0,0,0,0,0,0,0,0,0,0,0,0,0,0,77,127,0.0,0.0,0.0,0.0,0.0,0.0,0.0,0.0,0.0,0,0,0,0
339,Illan,Meslier,Meslier,a,,,4.1,653,37.0,0.3,301,40.0,0.0,512.0,78.0,0,0,0.0,-4,4.0,6,12,0.0,0.0,0.0,-0.5,0.0,634.0,86.0,,,624.0,86.0,616.0,74.0,587.0,61.0,626.0,86.0,,,,,,,,0.0,0.0,0.0,0.0,0.0,0.0,0.0,0.0,0.0,28,0,0,0,0,0,0,0,0,0,0,0,0,0,0,0,59,112,0.0,0.0,0.0,0.0,0.0,0.0,0.0,0.0,0.0,0,0,0,0
340,Alex,Cairns,Cairns,a,,,3.9,744,73.0,0.2,413,61.0,0.0,411.0,32.0,0,0,0.0,-1,1.0,0,1,0.0,0.0,0.0,-0.5,0.0,542.0,41.0,,,532.0,41.0,521.0,26.0,487.0,13.0,534.0,41.0,,,,,,,,0.0,0.0,0.0,0.0,0.0,0.0,0.0,0.0,0.0,28,0,0,0,0,0,0,0,0,0,0,0,0,0,0,0,23,91,0.0,0.0,0.0,0.0,0.0,0.0,0.0,0.0,0.0,0,0,0,0
341,Karl,Darlow,Darlow,a,,,3.9,739,68.0,2.4,123,16.0,1.4,202.0,14.0,0,0,0.0,-1,1.0,196,53,0.4,6.4,1.4,0.9,2.3,293.0,25.0,,,216.0,22.0,516.0,21.0,482.0,8.0,345.0,22.0,,,,,,,,0.0,0.0,0.0,1.23,2.73,0.09,1.55,1.0,0.0,28,0,0,0,0,0,0,0,0,0,0,0,0,0,0,0,4087,1927,0.0,0.0,0.0,0.0,0.0,0.0,0.0,0.0,0.0,0,0,0,0
342,Jayden,Bogle,Bogle,a,,,4.4,529,107.0,0.2,379,139.0,2.6,111.0,40.0,0,0,0.0,-1,1.0,67,11,0.6,15.0,2.6,2.1,2.6,253.0,99.0,100.0,100.0,160.0,70.0,140.0,35.0,154.0,32.0,151.0,48.0,,,,,,,,0.08,0.05,0.13,1.35,0.0,0.17,1.66,1.02,5.72,28,0,0,0,0,0,0,0,0,0,0,0,0,0,0,0,345,781,0.0,0.0,0.0,0.0,0.0,0.0,0.0,0.0,0.0,0,0,0,0
343,Pascal,Struijk,Struijk,a,,,4.3,583,130.0,0.4,270,98.0,1.6,186.0,69.0,0,0,0.0,-2,2.0,57,33,0.4,17.7,1.6,1.1,3.2,149.0,59.0,100.0,100.0,53.0,24.0,239.0,66.0,109.0,16.0,112.0,34.0,,,,,,,,0.11,0.02,0.13,1.37,0.0,0.17,1.65,1.0,9.62,28,0,0,0,0,0,0,0,0,0,0,0,0,0,0,0,426,951,0.0,0.0,0.0,0.0,0.0,0.0,0.0,0.0,0.0,0,0,0,0
344,Jaka,Bijol,Bijol,a,,,3.9,756,218.0,0.4,281,102.0,0.6,286.0,100.0,0,0,0.0,-1,1.0,14,19,0.2,11.8,0.6,0.1,3.3,139.0,51.0,100.0,100.0,192.0,78.0,358.0,125.0,196.0,47.0,254.0,84.0,,,,,,,,0.04,0.04,0.08,1.67,0.0,0.08,1.69,0.97,9.19,28,0,0,0,0,0,0,0,0,0,0,0,0,0,0,0,151,584,0.0,0.0,0.0,0.0,0.0,0.0,0.0,0.0,0.0,0,0,0,0
345,Sebastiaan,Bornauw,Bornauw,a,,,3.8,794,242.0,0.1,415,152.0,0.2,336.0,117.0,0,0,0.0,-2,2.0,5,11,0.1,4.5,0.2,-0.3,1.9,336.0,126.0,100.0,100.0,372.0,143.0,439.0,159.0,399.0,144.0,415.0,149.0,,,,,,,,0.0,0.0,0.0,1.46,0.0,0.3,1.18,1.18,11.25,28,0,0,0,0,0,0,0,0,0,0,0,0,0,0,0,63,221,0.0,0.0,0.0,0.0,0.0,0.0,0.0,0.0,0.0,0,0,0,0
346,Sam,Byram,Byram,a,,,3.8,785,234.0,0.2,382,141.0,0.0,383.0,139.0,0,0,0.0,-2,2.0,5,1,0.0,0.3,0.0,-0.5,1.0,445.0,159.0,,,508.0,183.0,493.0,180.0,458.0,171.0,510.0,183.0,,,,,,,,0.0,0.0,0.0,10.16,0.0,0.0,12.86,0.0,0.0,28,0,0,0,0,0,0,0,0,0,0,0,0,0,0,0,59,126,0.0,0.0,0.0,0.0,0.0,0.0,0.0,0.0,0.0,0,0,0,0
347,Gabriel,Gudmundsson,Gudmundsson,a,,,3.8,790,238.0,3.8,88,31.0,0.4,312.0,109.0,0,0,0.0,-2,2.0,209,140,0.1,15.0,0.4,-0.1,2.2,305.0,113.0,100.0,100.0,116.0,52.0,73.0,16.0,191.0,46.0,111.0,33.0,,,,,,,,0.04,0.08,0.12,1.45,0.0,0.17,1.68,1.05,6.25,28,0,0,0,0,0,0,0,0,0,0,0,0,0,0,0,3496,4357,0.0,0.0,0.0,0.0,0.0,0.0,0.0,0.0,0.0,0,0,0,0
348,Joe,Rodon,Rodon,a,,,3.9,751,215.0,3.9,85,29.0,2.6,110.0,39.0,0,0,0.0,-1,1.0,648,105,0.7,20.8,2.6,2.1,3.2,148.0,58.0,100.0,100.0,42.0,17.0,314.0,104.0,150.0,31.0,125.0,39.0,,,,,,,,0.05,0.01,0.06,1.48,0.0,0.12,1.81,1.03,8.75,28,0,0,0,0,0,0,0,0,0,0,0,0,0,0,0,10210,5022,0.0,0.0,0.0,0.0,0.0,0.0,0.0,0.0,0.0,0,0,0,0
349,Isaac,Schmidt,Schmidt,u,has joined Werder Bremen on loan for the rest of the season.,,4.0,692,176.0,0.1,550,197.0,0.0,472.0,183.0,0,0,0.0,0,0.0,0,1,0.0,0.0,0.0,0.0,0.0,599.0,221.0,0.0,0.0,589.0,220.0,581.0,220.0,549.0,214.0,591.0,220.0,,,,,,,,0.0,0.0,0.0,0.0,0.0,0.0,0.0,0.0,0.0,28,0,0,0,0,0,0,0,0,0,0,0,0,0,0,0,0,7,0.0,0.0,0.0,0.0,0.0,0.0,0.0,0.0,0.0,0,0,0,0
350,Brenden,Aaronson,Aaronson,a,,,5.4,171,106.0,0.6,226,78.0,2.0,164.0,74.0,0,0,0.0,-1,1.0,152,94,0.4,18.7,2.0,1.5,3.9,84.0,40.0,,,117.0,37.0,70.0,54.0,47.0,28.0,53.0,34.0,,,,,,,,0.18,0.15,0.33,1.36,0.0,0.37,1.3,1.04,8.19,28,0,0,0,0,0,0,0,0,0,0,0,0,0,0,0,810,4039,0.0,0.0,0.0,0.0,0.0,0.0,0.0,0.0,0.0,0,0,0,0
351,Wilfried,Gnonto,Gnonto,a,,,5.2,214,132.0,0.1,509,182.0,0.2,369.0,167.0,0,0,0.0,-3,3.0,2,5,0.0,4.0,0.2,-0.3,1.5,414.0,186.0,100.0,100.0,395.0,175.0,274.0,161.0,352.0,184.0,373.0,177.0,,,,,,,,0.07,0.14,0.21,2.18,0.0,0.26,2.86,1.04,9.62,28,0,0,0,0,0,0,0,0,0,0,0,0,0,0,0,20,41,0.0,0.0,0.0,0.0,0.0,0.0,0.0,0.0,0.0,0,0,0,0
352,Jack,Harrison,Harrison,u,has joined ACF Fiorentina on loan for the rest of the season.,,5.1,229,141.0,0.0,593,224.0,0.0,753.0,325.0,0,0,0.0,-4,4.0,0,2,0.0,2.4,0.0,0.0,1.1,444.0,200.0,0.0,0.0,428.0,188.0,340.0,183.0,344.0,179.0,402.0,185.0,,,,,,,,0.1,0.08,0.18,1.31,0.0,0.0,1.72,0.34,8.24,28,0,0,0,0,0,0,0,0,0,0,0,0,0,0,0,0,15,0.0,0.0,0.0,0.0,0.0,0.0,0.0,0.0,0.0,0,0,0,0
353,Daniel,James,James,a,,,5.2,207,128.0,0.1,483,170.0,0.4,329.0,153.0,0,0,0.0,-3,3.0,3,3,0.1,2.9,0.4,-0.1,1.2,439.0,197.0,100.0,100.0,418.0,183.0,254.0,155.0,245.0,134.0,351.0,167.0,,,,,,,,0.17,0.14,0.31,2.55,0.0,0.24,3.18,0.98,4.89,28,0,0,0,0,0,0,0,0,0,0,0,0,0,0,0,29,22,0.0,0.0,0.0,0.0,0.0,0.0,0.0,0.0,0.0,0,0,0,0
354,Ethan,Ampadu,Ampadu,a,,,4.9,299,187.0,0.2,403,135.0,2.8,97.0,43.0,0,0,0.0,-1,1.0,31,13,0.6,17.6,2.8,2.3,3.6,111.0,49.0,100.0,100.0,94.0,29.0,118.0,82.0,264.0,144.0,135.0,73.0,,,,,,,,0.07,0.06,0.13,1.43,0.0,0.17,1.65,1.01,12.01,28,0,0,0,0,0,0,0,0,0,0,0,0,0,0,0,356,394,0.0,0.0,0.0,0.0,0.0,0.0,0.0,0.0,0.0,0,0,0,0
355,Sam,Greenwood,Greenwood,u,has joined Pogon Szczecin permanently.,,4.9,321,199.0,0.0,634,249.0,0.0,716.0,299.0,0,0,0.0,-1,1.0,0,1,0.0,0.0,0.0,0.0,0.0,768.0,330.0,0.0,0.0,768.0,330.0,764.0,330.0,759.0,328.0,768.0,330.0,,,,,,,,0.0,0.0,0.0,0.0,0.0,0.0,0.0,0.0,0.0,28,0,0,0,0,0,0,0,0,0,0,0,0,0,0,0,0,3,0.0,0.0,0.0,0.0,0.0,0.0,0.0,0.0,0.0,0,0,0,0
356,Ilia,Gruev,Gruev,a,,,4.7,391,244.0,0.1,437,148.0,3.0,83.0,34.0,0,0,0.0,-3,3.0,22,21,0.6,10.2,3.0,2.5,2.7,238.0,97.0,,,267.0,113.0,190.0,126.0,297.0,162.0,282.0,141.0,4.0,,,,,,,0.04,0.06,0.1,1.8,0.0,0.32,1.78,1.05,8.19,28,0,0,0,0,0,0,0,0,0,0,0,0,0,0,0,339,430,0.0,0.0,0.0,0.0,0.0,0.0,0.0,0.0,0.0,0,0,0,0
357,Largie,Ramazani,Ramazani,u,has joined Valencia on loan for the rest of the season.,,4.9,325,201.0,0.0,707,295.0,0.0,719.0,301.0,0,0,0.0,-1,1.0,0,0,0.0,0.0,0.0,0.0,0.0,770.0,332.0,0.0,0.0,770.0,332.0,766.0,332.0,761.0,330.0,770.0,332.0,,,,,,,,0.0,0.0,0.0,0.0,0.0,0.0,0.0,0.0,0.0,28,0,0,0,0,0,0,0,0,0,0,0,0,0,0,0,0,0,0.0,0.0,0.0,0.0,0.0,0.0,0.0,0.0,0.0,0,0,0,0
358,Tanaka,Ao,Tanaka,a,,,4.8,364,227.0,0.2,375,125.0,0.0,700.0,288.0,0,0,0.0,-2,2.0,7,24,0.0,9.0,0.0,-0.5,2.1,319.0,140.0,100.0,100.0,307.0,139.0,213.0,140.0,269.0,147.0,308.0,153.0,,,,,,,,0.1,0.07,0.17,1.62,0.0,0.24,1.95,0.85,10.14,28,0,0,0,0,0,0,0,0,0,0,0,0,0,0,0,57,305,0.0,0.0,0.0,0.0,0.0,0.0,0.0,0.0,0.0,0,0,0,0
359,Charlie,Crew,Crew,u,Has joined Doncaster Rovers on loan for the rest of the season.,,4.5,461,278.0,0.0,789,346.0,0.0,635.0,239.0,0,0,0.0,0,0.0,0,0,0.0,0.0,0.0,0.0,0.0,716.0,292.0,0.0,0.0,711.0,288.0,707.0,290.0,691.0,283.0,712.0,289.0,,,,,,,,0.0,0.0,0.0,0.0,0.0,0.0,0.0,0.0,0.0,28,0,0,0,0,0,0,0,0,0,0,0,0,0,0,0,0,0,0.0,0.0,0.0,0.0,0.0,0.0,0.0,0.0,0.0,0,0,0,0
360,Joe,Gelhardt,Gelhardt,u,Has joined Hull City on loan for the rest of the season.,,4.5,439,263.0,0.0,752,320.0,0.0,622.0,227.0,0,0,0.0,0,0.0,0,0,0.0,0.0,0.0,0.0,0.0,705.0,281.0,0.0,0.0,699.0,276.0,696.0,279.0,679.0,272.0,701.0,278.0,,,,,,,,0.0,0.0,0.0,0.0,0.0,0.0,0.0,0.0,0.0,28,0,0,0,0,0,0,0,0,0,0,0,0,0,0,0,0,1,0.0,0.0,0.0,0.0,0.0,0.0,0.0,0.0,0.0,0,0,0,0
361,Darko,Gyabi,Gyabi,u,has joined Hull City permanently.,,4.5,440,264.0,0.0,666,269.0,0.0,623.0,228.0,0,0,0.0,0,0.0,0,1,0.0,0.0,0.0,0.0,0.0,706.0,282.0,0.0,0.0,700.0,277.0,697.0,280.0,680.0,273.0,702.0,279.0,,,,,,,,0.0,0.0,0.0,0.0,0.0,0.0,0.0,0.0,0.0,28,0,0,0,0,0,0,0,0,0,0,0,0,0,0,0,0,2,0.0,0.0,0.0,0.0,0.0,0.0,0.0,0.0,0.0,0,0,0,0
362,Joël,Piroe,Piroe,a,,,4.9,320,58.0,0.3,295,48.0,0.2,362.0,46.0,0,0,0.0,-6,6.0,8,14,0.0,2.4,0.2,-0.3,1.1,442.0,55.0,100.0,100.0,461.0,55.0,388.0,51.0,251.0,45.0,401.0,50.0,,,3.0,,,,,0.28,0.03,0.31,2.32,0.0,0.44,3.06,0.87,4.37,28,0,0,0,0,0,0,0,0,0,0,0,0,0,0,0,57,135,0.0,0.0,0.0,0.0,0.0,0.0,0.0,0.0,0.0,0,0,0,0
363,Patrick,Bamford,Bamford,u,has departed the club as a free agent.,,4.9,288,57.0,0.3,303,49.0,0.0,705.0,75.0,0,0,0.0,-1,1.0,0,2,0.0,0.0,0.0,0.0,0.0,762.0,85.0,0.0,0.0,762.0,85.0,758.0,84.0,752.0,84.0,762.0,85.0,,,,,,,,0.0,0.0,0.0,0.0,0.0,0.0,0.0,0.0,0.0,28,0,0,0,0,0,0,0,0,0,0,0,0,0,0,0,0,20,0.0,0.0,0.0,0.0,0.0,0.0,0.0,0.0,0.0,0,0,0,0
364,Mateo,Joseph Fernández-Regatillo,Mateo Joseph,u,Has joined RCD Mallorca on loan for the rest of the season.,,5.0,277,56.0,0.0,739,90.0,0.0,746.0,80.0,0,0,0.0,0,0.0,0,0,0.0,0.0,0.0,0.0,0.0,789.0,88.0,0.0,0.0,789.0,88.0,787.0,88.0,783.0,88.0,789.0,88.0,,,,,,,,0.0,0.0,0.0,0.0,0.0,0.0,0.0,0.0,0.0,28,0,0,0,0,0,0,0,0,0,0,0,0,0,0,0,0,0,0.0,0.0,0.0,0.0,0.0,0.0,0.0,0.0,0.0,0,0,0,0
365,Lukas,Nmecha,Nmecha,a,,,5.0,246,53.0,0.6,240,35.0,2.4,125.0,15.0,0,0,0.0,0,0.0,116,47,0.5,12.2,2.4,1.9,2.9,202.0,18.0,100.0,100.0,215.0,18.0,324.0,36.0,65.0,24.0,187.0,23.0,,,2.0,,,,,0.8,0.1,0.9,1.89,0.0,0.26,2.19,0.9,4.63,28,0,0,0,0,0,0,0,0,0,0,0,0,0,0,0,1036,1127,0.0,0.0,0.0,0.0,0.0,0.0,0.0,0.0,0.0,0,0,0,0
493,Sean,Longstaff,Longstaff,a,,,4.8,355,222.0,0.2,354,118.0,0.6,292.0,130.0,0,0,0.0,-2,2.0,9,7,0.1,9.2,0.6,0.1,2.6,254.0,104.0,100.0,100.0,222.0,96.0,61.0,48.0,280.0,153.0,168.0,90.0,2.0,2.0,,,,,,0.08,0.14,0.22,1.33,0.0,0.1,1.81,0.95,9.54,28,0,0,0,0,0,0,0,0,0,0,0,0,0,0,0,59,154,0.0,0.0,0.0,0.0,0.0,0.0,0.0,0.0,0.0,0,0,0,0
660,Anton,Stach,Stach,a,,,4.7,390,243.0,2.1,134,43.0,2.6,115.0,50.0,0,0,0.0,-3,3.0,1044,59,0.6,23.0,2.6,2.1,4.9,16.0,10.0,100.0,100.0,59.0,16.0,9.0,9.0,95.0,58.0,23.0,19.0,1.0,1.0,,,,,,0.11,0.18,0.29,1.33,0.0,0.2,1.62,1.06,10.19,28,0,0,0,0,0,0,0,0,0,0,0,0,0,0,0,14082,3098,0.0,0.0,0.0,0.0,0.0,0.0,0.0,0.0,0.0,0,0,0,0
665,Lucas Estella,Perri,Perri,a,,,4.5,417,22.0,0.2,349,50.0,0.0,605.0,89.0,0,0,0.0,0,0.0,14,19,0.0,9.6,0.0,-0.5,2.7,237.0,22.0,100.0,100.0,161.0,20.0,680.0,85.0,661.0,75.0,317.0,20.0,,,,,,,,0.0,0.0,0.0,1.67,2.38,0.19,1.81,1.0,0.0,28,0,0,0,0,0,0,0,0,0,0,0,0,0,0,0,98,660,0.0,0.0,0.0,0.0,0.0,0.0,0.0,0.0,0.0,0,0,0,0
691,Dominic,Calvert-Lewin,Calvert-Lewin,a,,,5.8,106,30.0,9.5,37,6.0,2.2,146.0,18.0,0,0,0.0,3,-3.0,1344,1381,0.4,17.9,2.2,1.7,4.3,48.0,6.0,100.0,100.0,85.0,6.0,124.0,8.0,7.0,4.0,27.0,7.0,,,1.0,,,,,0.48,0.05,0.53,1.12,0.0,0.21,1.33,0.98,3.08,28,0,0,0,0,0,0,0,0,0,0,0,0,0,0,0,9030,48570,0.0,0.0,0.0,0.0,0.0,0.0,0.0,0.0,0.0,0,0,0,0
698,Noah,Okafor,Okafor,i,Hamstring injury - Expected back 14 Mar,,5.5,145,90.0,0.1,487,173.0,2.8,102.0,45.0,0,0,0.0,0,0.0,0,34,0.5,12.2,0.0,0.0,2.9,207.0,86.0,0.0,0.0,210.0,90.0,156.0,108.0,64.0,39.0,126.0,71.0,,,,,,,,0.3,0.07,0.37,1.59,0.0,0.28,1.71,1.07,6.18,28,0,0,0,0,0,0,0,0,0,0,0,0,0,0,0,1,413,0.0,0.0,0.0,0.0,0.0,0.0,0.0,0.0,0.0,0,0,0,0
706,James,Justin,Justin,a,,,3.9,753,216.0,1.0,191,71.0,1.8,170.0,57.0,0,0,0.0,-1,1.0,84,70,0.5,11.5,1.8,1.3,2.5,265.0,102.0,,,235.0,92.0,240.0,67.0,223.0,56.0,256.0,85.0,3.0,,,,,,,0.09,0.08,0.17,1.77,0.0,0.19,1.56,0.97,8.18,28,0,0,0,0,0,0,0,0,0,0,0,0,0,0,0,1151,1857,0.0,0.0,0.0,0.0,0.0,0.0,0.0,0.0,0.0,0,0,0,0
741,Harry,Gray,Gray,u,has joined Rotherham United on loan for the rest of the season.,,4.5,493,71.0,0.1,500,70.0,0.0,664.0,69.0,0,0,0.0,0,0.0,0,9,0.0,0.0,0.0,0.0,0.0,738.0,80.0,0.0,0.0,737.0,80.0,731.0,79.0,718.0,79.0,737.0,80.0,,,,,,,,0.0,0.0,0.0,0.0,0.0,0.0,0.0,0.0,0.0,28,0,0,0,0,0,0,0,0,0,0,0,0,0,0,0,0,51,0.0,0.0,0.0,0.0,0.0,0.0,0.0,0.0,0.0,0,0,0,0
787,Sam,Chambers,Chambers,a,,,4.4,559,334.0,0.0,738,312.0,0.0,589.0,207.0,0,0,0.0,-1,1.0,4,2,0.0,0.0,0.0,-0.5,0.0,680.0,265.0,,,672.0,258.0,667.0,262.0,647.0,253.0,674.0,260.0,,,,,,,,0.0,0.0,0.0,0.0,0.0,0.0,0.0,0.0,0.0,28,0,0,0,0,0,0,0,0,0,0,0,0,0,0,0,47,54,0.0,0.0,0.0,0.0,0.0,0.0,0.0,0.0,0.0,0,0,0,0
366,Alisson,Becker,A.Becker,a,,,5.4,157,4.0,6.3,60,9.0,3.4,58.0,7.0,0,0,0.0,-1,1.0,862,108,0.6,15.2,4.4,3.9,3.7,101.0,13.0,100.0,100.0,108.0,18.0,488.0,16.0,792.0,92.0,283.0,18.0,,,,,,,,0.0,0.0,0.0,1.12,2.09,0.36,1.14,1.0,0.0,28,0,0,0,0,0,0,0,0,0,0,0,0,0,0,0,22648,2039,0.0,0.0,0.0,0.0,0.0,0.0,0.0,0.0,0.0,0,0,0,0
367,Giorgi,Mamardashvili,Mamardashvili,a,,,4.1,654,38.0,0.5,252,33.0,0.0,513.0,79.0,0,0,0.0,-4,4.0,13,22,0.0,4.6,1.0,0.5,3.8,87.0,9.0,,,306.0,24.0,617.0,75.0,588.0,62.0,391.0,24.0,,,,,,,,0.0,0.0,0.0,1.42,3.4,0.2,2.0,1.0,0.0,28,0,0,0,0,0,0,0,0,0,0,0,0,0,0,0,82,278,0.0,0.0,0.0,0.0,0.0,0.0,0.0,0.0,0.0,0,0,0,0
368,Ármin,Pécsi,Pécsi,a,,,3.8,811,94.0,0.9,202,25.0,0.0,402.0,25.0,0,0,0.0,-2,2.0,188,104,0.0,0.0,1.0,0.5,0.0,533.0,34.0,,,523.0,34.0,511.0,18.0,477.0,5.0,525.0,34.0,,,,,,,,0.0,0.0,0.0,0.0,0.0,0.0,0.0,0.0,0.0,28,0,0,0,0,0,0,0,0,0,0,0,0,0,0,0,2867,1393,0.0,0.0,0.0,0.0,0.0,0.0,0.0,0.0,0.0,0,0,0,0
369,Freddie,Woodman,Woodman,a,,,3.9,747,75.0,0.2,394,56.0,0.0,414.0,34.0,0,0,0.0,-1,1.0,1,5,0.0,0.0,1.0,0.5,0.0,544.0,43.0,,,534.0,43.0,523.0,28.0,489.0,15.0,536.0,43.0,,,,,,,,0.0,0.0,0.0,0.0,0.0,0.0,0.0,0.0,0.0,28,0,0,0,0,0,0,0,0,0,0,0,0,0,0,0,32,67,0.0,0.0,0.0,0.0,0.0,0.0,0.0,0.0,0.0,0,0,0,0
370,Jeremie,Frimpong,Frimpong,a,,,5.7,117,11.0,4.6,78,25.0,0.0,787.0,262.0,0,0,0.0,-3,3.0,174,50,0.0,6.0,1.0,0.5,3.1,180.0,69.0,100.0,100.0,361.0,137.0,200.0,50.0,232.0,61.0,314.0,106.0,,,,,,,,0.07,0.17,0.24,1.0,0.0,0.33,1.17,1.0,2.68,28,0,0,0,0,0,0,0,0,0,0,0,0,0,0,0,2380,1242,0.0,0.0,0.0,0.0,0.0,0.0,0.0,0.0,0.0,0,0,0,0
371,Milos,Kerkez,Kerkez,a,,,5.6,134,15.0,3.0,108,43.0,2.4,131.0,45.0,0,0,0.0,-4,4.0,241,52,0.4,11.6,3.4,2.9,2.6,259.0,100.0,,,132.0,58.0,57.0,9.0,224.0,57.0,116.0,35.0,,,,,,,,0.05,0.03,0.08,1.16,0.0,0.25,1.35,1.1,5.81,28,0,0,0,0,0,0,0,0,0,0,0,0,0,0,0,6011,866,0.0,0.0,0.0,0.0,0.0,0.0,0.0,0.0,0.0,0,0,0,0
372,Andrew,Robertson,Robertson,a,,,5.7,113,9.0,1.0,190,70.0,1.8,182.0,67.0,0,0,0.0,-3,3.0,20,21,0.3,6.0,2.8,2.3,2.1,322.0,119.0,,,311.0,117.0,133.0,33.0,299.0,87.0,274.0,90.0,,,,,,,,0.03,0.13,0.16,1.19,0.0,0.43,1.13,0.71,4.68,28,0,0,0,0,0,0,0,0,0,0,0,0,0,0,0,270,229,0.0,0.0,0.0,0.0,0.0,0.0,0.0,0.0,0.0,0,0,0,0
373,Virgil,van Dijk,Virgil,a,,,6.1,80,3.0,28.7,12,3.0,6.4,4.0,2.0,0,1,-1.0,1,-1.0,8777,184,1.0,20.0,7.4,6.9,4.5,33.0,13.0,,,4.0,2.0,193.0,48.0,70.0,3.0,37.0,2.0,,,,,,,,0.07,0.03,0.1,1.17,0.0,0.33,1.3,1.0,9.56,28,0,0,0,0,0,0,0,0,0,0,0,0,0,0,0,266379,2520,0.0,0.0,0.0,0.0,0.0,0.0,0.0,0.0,0.0,0,0,0,0
374,Ibrahima,Konaté,Konaté,a,,,5.5,140,17.0,4.1,84,28.0,5.4,8.0,4.0,0,1,-1.0,0,0.0,1897,121,1.0,19.6,6.4,5.9,4.2,55.0,25.0,100.0,100.0,29.0,11.0,204.0,52.0,240.0,64.0,117.0,36.0,,,,,,,,0.04,0.04,0.08,1.08,0.0,0.36,1.17,1.05,9.22,28,0,0,0,0,0,0,0,0,0,0,0,0,0,0,0,45082,2135,0.0,0.0,0.0,0.0,0.0,0.0,0.0,0.0,0.0,0,0,0,0
375,Conor,Bradley,Bradley,i,Knee injury - Expected back 01 Jun,,4.9,339,56.0,0.2,412,151.0,0.0,727.0,251.0,0,0,0.0,-1,1.0,0,3,0.0,8.6,0.0,0.0,2.8,221.0,90.0,0.0,0.0,290.0,112.0,242.0,68.0,294.0,86.0,316.0,108.0,,,,,,,,0.02,0.08,0.1,1.04,0.0,0.39,1.26,1.16,6.3,28,0,0,0,0,0,0,0,0,0,0,0,0,0,0,0,4,57,0.0,0.0,0.0,0.0,0.0,0.0,0.0,0.0,0.0,0,0,0,0
376,Joe,Gomez,Gomez,a,,,4.9,296,45.0,0.1,417,154.0,0.4,320.0,112.0,0,0,0.0,-1,1.0,11,4,0.1,5.5,1.4,0.9,2.1,320.0,118.0,100.0,100.0,360.0,136.0,325.0,108.0,370.0,128.0,379.0,133.0,,,,,,,,0.05,0.16,0.21,1.25,0.0,0.59,2.05,1.17,7.62,28,0,0,0,0,0,0,0,0,0,0,0,0,0,0,0,107,60,0.0,0.0,0.0,0.0,0.0,0.0,0.0,0.0,0.0,0,0,0,0
377,Konstantinos,Tsimikas,Tsimikas,u,has joined AS Roma on loan for the rest of the season.,,4.8,358,59.0,0.0,592,211.0,0.0,695.0,246.0,0,0,0.0,-2,2.0,0,0,0.0,0.0,0.0,0.0,0.0,759.0,260.0,0.0,0.0,759.0,260.0,754.0,260.0,746.0,260.0,759.0,260.0,,,,,,,,0.0,0.0,0.0,0.0,0.0,0.0,0.0,0.0,0.0,28,0,0,0,0,0,0,0,0,0,0,0,0,0,0,0,0,1,0.0,0.0,0.0,0.0,0.0,0.0,0.0,0.0,0.0,0,0,0,0
378,Amara,Nallo,Nallo,a,,,3.7,818,265.0,1.2,181,68.0,0.0,380.0,136.0,0,0,0.0,-3,3.0,56,132,0.0,0.0,1.0,0.5,0.0,517.0,183.0,100.0,100.0,506.0,181.0,491.0,178.0,456.0,169.0,508.0,181.0,,,,,,,,0.0,0.0,0.0,0.0,0.0,0.0,0.0,0.0,0.0,28,0,0,0,0,0,0,0,0,0,0,0,0,0,0,0,655,2097,0.0,0.0,0.0,0.0,0.0,0.0,0.0,0.0,0.0,0,0,0,0
379,Rhys,Williams,R.Williams,a,,,3.7,814,261.0,0.6,231,89.0,0.0,378.0,134.0,0,0,0.0,-3,3.0,70,94,0.0,0.0,1.0,0.5,0.0,515.0,181.0,,,504.0,179.0,489.0,176.0,454.0,167.0,506.0,179.0,,,,,,,,0.0,0.0,0.0,0.0,0.0,0.0,0.0,0.0,0.0,28,0,0,0,0,0,0,0,0,0,0,0,0,0,0,0,1104,1340,0.0,0.0,0.0,0.0,0.0,0.0,0.0,0.0,0.0,0,0,0,0
380,Calvin,Ramsay,Ramsay,a,,,3.8,797,245.0,0.2,351,127.0,0.0,391.0,146.0,0,0,0.0,-2,2.0,4,5,0.0,0.0,1.0,0.5,0.0,524.0,189.0,,,514.0,188.0,500.0,186.0,465.0,177.0,516.0,188.0,,,,,,,,0.0,0.0,0.0,0.0,0.0,0.0,0.0,0.0,0.0,28,0,0,0,0,0,0,0,0,0,0,0,0,0,0,0,31,85,0.0,0.0,0.0,0.0,0.0,0.0,0.0,0.0,0.0,0,0,0,0
381,Mohamed,Salah,M.Salah,a,,,14.0,2,1.0,14.3,23,9.0,3.2,75.0,31.0,0,0,0.0,-5,5.0,258,196,0.2,6.1,4.2,3.7,4.5,35.0,18.0,100.0,100.0,138.0,45.0,16.0,16.0,17.0,7.0,19.0,15.0,2.0,4.0,1.0,,,,,0.35,0.22,0.57,1.32,0.0,0.33,1.51,0.95,3.74,28,0,0,0,0,0,0,0,0,0,0,0,0,0,0,0,10128,2291,0.0,0.0,0.0,0.0,0.0,0.0,0.0,0.0,0.0,0,0,0,0
382,Florian,Wirtz,Wirtz,d,Back injury - 25% chance of playing,,8.3,13,8.0,11.6,30,10.0,3.4,65.0,27.0,0,-1,1.0,-2,2.0,89,9525,0.4,12.0,1.1,1.0,4.0,77.0,37.0,25.0,25.0,99.0,30.0,7.0,7.0,21.0,9.0,15.0,11.0,4.0,5.0,,,,,,0.27,0.2,0.47,1.16,0.0,0.39,1.12,1.02,6.47,28,0,0,0,0,0,0,0,0,0,0,0,0,0,0,0,1907,201925,0.0,0.0,0.0,0.0,0.0,0.0,0.0,0.0,0.0,0,0,0,0
383,Luis,Díaz Marulanda,Luis Díaz,u,Has joined Bayern Munch permanently.,,8.0,16,11.0,0.0,603,230.0,0.0,813.0,365.0,0,0,0.0,0,0.0,0,0,0.0,0.0,0.0,0.0,0.0,817.0,366.0,0.0,0.0,817.0,366.0,817.0,366.0,817.0,366.0,817.0,366.0,,,,,,,,0.0,0.0,0.0,0.0,0.0,0.0,0.0,0.0,0.0,28,0,0,0,0,0,0,0,0,0,0,0,0,0,0,0,0,2,0.0,0.0,0.0,0.0,0.0,0.0,0.0,0.0,0.0,0,0,0,0
384,Cody,Gakpo,Gakpo,a,,,7.3,27,17.0,5.5,66,23.0,2.4,135.0,60.0,0,0,0.0,-2,2.0,748,165,0.3,12.6,3.4,2.9,3.7,105.0,48.0,100.0,100.0,115.0,36.0,19.0,19.0,20.0,8.0,21.0,17.0,3.0,,3.0,,,,,0.26,0.2,0.46,0.99,0.0,0.35,1.24,1.04,5.4,28,0,0,0,0,0,0,0,0,0,0,0,0,0,0,0,23240,2837,0.0,0.0,0.0,0.0,0.0,0.0,0.0,0.0,0.0,0,0,0,0
385,Federico,Chiesa,Chiesa,a,,,6.3,68,46.0,0.3,327,109.0,0.8,283.0,128.0,0,0,0.0,-2,2.0,8,6,0.1,5.1,1.8,1.3,1.6,400.0,178.0,100.0,100.0,329.0,148.0,364.0,188.0,210.0,116.0,334.0,160.0,,,,,,,,0.42,0.18,0.6,1.8,0.0,0.0,2.14,0.36,9.64,28,0,0,0,0,0,0,0,0,0,0,0,0,0,0,0,78,71,0.0,0.0,0.0,0.0,0.0,0.0,0.0,0.0,0.0,0,0,0,0
386,Alexis,Mac Allister,Mac Allister,a,,,6.2,72,48.0,1.4,160,53.0,3.8,45.0,22.0,0,0,0.0,-3,3.0,458,45,0.6,10.5,4.8,4.3,2.5,283.0,121.0,100.0,100.0,181.0,71.0,63.0,49.0,100.0,62.0,96.0,57.0,,,4.0,,,,,0.14,0.06,0.2,1.11,0.0,0.35,1.19,1.09,7.58,28,0,0,0,0,0,0,0,0,0,0,0,0,0,0,0,11311,568,0.0,0.0,0.0,0.0,0.0,0.0,0.0,0.0,0.0,0,0,0,0
387,Dominik,Szoboszlai,Szoboszlai,a,,,6.8,45,28.0,9.2,39,13.0,3.2,74.0,30.0,0,0,0.0,3,-3.0,6251,246,0.5,14.7,4.2,3.7,4.0,74.0,34.0,100.0,100.0,36.0,9.0,2.0,2.0,81.0,49.0,10.0,8.0,1.0,2.0,2.0,,,,,0.14,0.16,0.3,1.19,0.0,0.32,1.36,1.0,9.23,28,0,0,0,0,0,0,0,0,0,0,0,0,0,0,0,146266,5664,0.0,0.0,0.0,0.0,0.0,0.0,0.0,0.0,0.0,0,0,0,0
388,Curtis,Jones,C.Jones,a,,,5.4,166,102.0,0.1,451,155.0,1.2,235.0,104.0,0,0,0.0,-1,1.0,13,7,0.2,8.5,2.2,1.7,1.9,347.0,151.0,100.0,100.0,239.0,102.0,82.0,61.0,174.0,97.0,159.0,84.0,,,,,,,,0.1,0.17,0.27,1.42,0.0,0.23,1.59,0.83,9.76,28,0,0,0,0,0,0,0,0,0,0,0,0,0,0,0,270,151,0.0,0.0,0.0,0.0,0.0,0.0,0.0,0.0,0.0,0,0,0,0
390,Ryan,Gravenberch,Gravenberch,a,,,5.5,146,91.0,5.1,69,24.0,3.4,59.0,25.0,0,0,0.0,0,0.0,835,346,0.6,20.7,4.4,3.9,4.6,26.0,13.0,100.0,100.0,49.0,12.0,54.0,45.0,192.0,106.0,62.0,40.0,,,,,,,,0.05,0.07,0.12,1.08,0.0,0.37,1.18,1.02,9.82,28,0,0,0,0,0,0,0,0,0,0,0,0,0,0,0,18752,6525,0.0,0.0,0.0,0.0,0.0,0.0,0.0,0.0,0.0,0,0,0,0
392,Endo,Wataru,Endo,i,Foot injury - Unknown return date,,4.9,293,183.0,0.1,505,181.0,0.8,268.0,120.0,0,0,0.0,-1,1.0,0,2,0.2,2.4,0.0,0.0,1.5,412.0,185.0,0.0,0.0,400.0,177.0,395.0,197.0,423.0,206.0,427.0,193.0,,,,,,,,0.02,0.03,0.05,2.18,0.0,0.53,2.65,0.53,12.18,28,0,0,0,0,0,0,0,0,0,0,0,0,0,0,0,1,20,0.0,0.0,0.0,0.0,0.0,0.0,0.0,0.0,0.0,0,0,0,0
393,Stefan,Bajčetić Maquieira,Bajcetic,i,Hamstring injury - Unknown return date,,4.3,605,352.0,0.0,633,248.0,0.0,550.0,183.0,0,0,0.0,-2,2.0,0,2,0.0,0.0,0.0,0.0,0.0,651.0,246.0,0.0,0.0,641.0,237.0,637.0,242.0,613.0,230.0,643.0,239.0,,,,,,,,0.0,0.0,0.0,0.0,0.0,0.0,0.0,0.0,0.0,28,0,0,0,0,0,0,0,0,0,0,0,0,0,0,0,13,24,0.0,0.0,0.0,0.0,0.0,0.0,0.0,0.0,0.0,0,0,0,0
394,James,McConnell,McConnell,u,has joined Ajax on loan for the rest of the season.,,4.4,547,326.0,0.0,676,274.0,0.0,579.0,200.0,0,0,0.0,-1,1.0,0,0,0.0,0.0,0.0,0.0,0.0,671.0,259.0,0.0,0.0,662.0,251.0,658.0,256.0,636.0,245.0,664.0,253.0,,,,,,,,0.0,0.0,0.0,0.0,0.0,0.0,0.0,0.0,0.0,28,0,0,0,0,0,0,0,0,0,0,0,0,0,0,0,0,1,0.0,0.0,0.0,0.0,0.0,0.0,0.0,0.0,0.0,0,0,0,0
395,Tyler,Morton,Morton,u,Has joined Lyon permanently.,,4.5,430,257.0,0.0,804,357.0,0.0,615.0,221.0,0,0,0.0,0,0.0,0,0,0.0,0.0,0.0,0.0,0.0,698.0,275.0,0.0,0.0,692.0,270.0,688.0,273.0,671.0,266.0,694.0,272.0,,,,,,,,0.0,0.0,0.0,0.0,0.0,0.0,0.0,0.0,0.0,28,0,0,0,0,0,0,0,0,0,0,0,0,0,0,0,0,0,0.0,0.0,0.0,0.0,0.0,0.0,0.0,0.0,0.0,0,0,0,0
396,Trey,Nyoni,Nyoni,a,,,4.3,614,359.0,0.3,308,105.0,0.0,558.0,190.0,0,0,0.0,-2,2.0,8,9,0.0,0.5,1.0,0.5,1.0,463.0,203.0,,,483.0,224.0,416.0,206.0,619.0,236.0,476.0,220.0,,,,,,,,0.0,0.0,0.0,0.0,0.0,0.0,0.0,0.0,0.0,28,0,0,0,0,0,0,0,0,0,0,0,0,0,0,0,77,186,0.0,0.0,0.0,0.0,0.0,0.0,0.0,0.0,0.0,0,0,0,0
397,Darwin,Núñez Ribeiro,Darwin,u,Has joined Al-Hilal permanently.,,6.5,51,18.0,0.1,552,78.0,0.0,805.0,88.0,0,0,0.0,0,0.0,0,1,0.0,0.0,0.0,0.0,0.0,813.0,91.0,0.0,0.0,813.0,91.0,813.0,91.0,813.0,91.0,813.0,91.0,,,,,,,,0.0,0.0,0.0,0.0,0.0,0.0,0.0,0.0,0.0,28,0,0,0,0,0,0,0,0,0,0,0,0,0,0,0,0,1,0.0,0.0,0.0,0.0,0.0,0.0,0.0,0.0,0.0,0,0,0,0
398,Jayden,Danns,Danns,i,Hamstring injury - Unknown return date,,4.3,601,85.0,0.1,471,68.0,0.0,547.0,54.0,0,0,0.0,-2,2.0,0,2,0.0,0.0,0.0,0.0,0.0,649.0,66.0,0.0,0.0,639.0,66.0,634.0,65.0,610.0,65.0,641.0,66.0,,,,,,,,0.0,0.0,0.0,0.0,0.0,0.0,0.0,0.0,0.0,28,0,0,0,0,0,0,0,0,0,0,0,0,0,0,0,22,40,0.0,0.0,0.0,0.0,0.0,0.0,0.0,0.0,0.0,0,0,0,0
499,Alexander,Isak,Isak,i,Ankle injury - Expected back 11 Apr,,10.3,4,2.0,3.5,94,17.0,0.0,815.0,92.0,0,0,0.0,-2,2.0,1,60,0.0,2.8,0.0,0.0,2.9,211.0,20.0,0.0,0.0,348.0,35.0,361.0,45.0,187.0,40.0,339.0,40.0,,,,,,,,0.37,0.01,0.38,0.92,0.0,0.18,1.26,1.08,4.13,28,0,0,0,0,0,0,0,0,0,0,0,0,0,0,0,19,312,0.0,0.0,0.0,0.0,0.0,0.0,0.0,0.0,0.0,0,0,0,0
661,Hugo,Ekitiké,Ekitiké,a,,,9.0,7,3.0,27.5,14,4.0,3.8,49.0,7.0,0,1,-1.0,5,-5.0,3839,1198,0.4,11.8,4.8,4.3,4.4,41.0,5.0,100.0,100.0,75.0,5.0,120.0,7.0,9.0,5.0,24.0,5.0,,,,,,,,0.53,0.11,0.64,1.32,0.0,0.39,1.13,1.01,4.11,28,0,0,0,0,0,0,0,0,0,0,0,0,0,0,0,115841,22493,0.0,0.0,0.0,0.0,0.0,0.0,0.0,0.0,0.0,0,0,0,0
686,Rio,Ngumoha,Ngumoha,a,,,4.3,619,363.0,0.8,208,73.0,0.2,349.0,156.0,0,0,0.0,-2,2.0,122,74,0.0,3.3,1.2,0.7,1.6,388.0,170.0,,,398.0,176.0,294.0,170.0,327.0,171.0,372.0,176.0,,,,,,,,0.37,0.78,1.15,3.1,0.0,0.0,3.03,0.0,4.04,28,0,0,0,0,0,0,0,0,0,0,0,0,0,0,0,2499,1075,0.0,0.0,0.0,0.0,0.0,0.0,0.0,0.0,0.0,0,0,0,0
692,Giovanni,Leoni,Leoni,i,Knee injury - Expected back 01 Sep,,4.9,351,58.0,0.0,712,246.0,0.0,734.0,252.0,0,0,0.0,-1,1.0,0,0,0.0,0.0,0.0,0.0,0.0,780.0,261.0,0.0,0.0,780.0,261.0,776.0,261.0,772.0,261.0,780.0,261.0,,,,,,,,0.0,0.0,0.0,0.0,0.0,0.0,0.0,0.0,0.0,28,0,0,0,0,0,0,0,0,0,0,0,0,0,0,0,5,4,0.0,0.0,0.0,0.0,0.0,0.0,0.0,0.0,0.0,0,0,0,0
746,Kieran,Morrison,Morrison,a,,,4.5,491,301.0,0.0,745,316.0,0.0,663.0,262.0,0,0,0.0,0,0.0,1,3,0.0,0.0,1.0,0.5,0.0,737.0,308.0,,,736.0,307.0,730.0,307.0,717.0,303.0,736.0,307.0,,,,,,,,0.0,0.0,0.0,0.0,0.0,0.0,0.0,0.0,0.0,28,0,0,0,0,0,0,0,0,0,0,0,0,0,0,0,4,7,0.0,0.0,0.0,0.0,0.0,0.0,0.0,0.0,0.0,0,0,0,0
760,Wellity,Lucky,Lucky,a,,,4.0,707,185.0,0.0,696,242.0,0.0,485.0,190.0,0,0,0.0,0,0.0,0,2,0.0,0.0,1.0,0.5,0.0,610.0,226.0,,,600.0,225.0,592.0,225.0,560.0,219.0,602.0,225.0,,,,,,,,0.0,0.0,0.0,0.0,0.0,0.0,0.0,0.0,0.0,28,0,0,0,0,0,0,0,0,0,0,0,0,0,0,0,12,20,0.0,0.0,0.0,0.0,0.0,0.0,0.0,0.0,0.0,0,0,0,0
82,Antoine,Semenyo,Semenyo,a,,,8.1,15,10.0,53.5,2,1.0,5.4,9.0,2.0,0,0,0.0,11,-11.0,5403,690,0.7,19.4,5.9,5.9,6.0,4.0,2.0,100.0,100.0,7.0,2.0,33.0,31.0,3.0,1.0,3.0,2.0,,,,,,,,0.34,0.09,0.43,1.45,0.0,0.27,1.7,1.0,7.44,28,0,0,0,0,0,0,0,0,0,0,0,0,0,0,0,112522,14203,0.0,0.0,0.0,0.0,0.0,0.0,0.0,0.0,0.0,0,0,0,0
182,James,Trafford,Trafford,a,,,4.5,428,23.0,0.9,199,24.0,0.0,613.0,90.0,0,0,0.0,-5,5.0,3,11,0.0,2.4,0.5,0.5,3.7,96.0,10.0,,,345.0,26.0,686.0,86.0,669.0,76.0,410.0,27.0,,,,,,,,0.0,0.0,0.0,1.32,3.67,0.33,1.33,1.0,0.0,28,0,0,0,0,0,0,0,0,0,0,0,0,0,0,0,29,102,0.0,0.0,0.0,0.0,0.0,0.0,0.0,0.0,0.0,0,0,0,0
260,Marc,Guéhi,Guéhi,a,,,5.2,209,28.0,36.7,6,2.0,3.0,88.0,31.0,0,0,0.0,7,-7.0,1636,1926,0.6,24.2,3.5,3.5,5.0,13.0,3.0,100.0,100.0,19.0,9.0,161.0,38.0,79.0,5.0,51.0,7.0,,,,,,,,0.11,0.08,0.19,1.3,0.0,0.36,1.08,1.0,8.28,28,0,0,0,0,0,0,0,0,0,0,0,0,0,0,0,27032,49251,0.0,0.0,0.0,0.0,0.0,0.0,0.0,0.0,0.0,0,0,0,0
399,Ederson,Santana de Moraes,Ederson M.,u,has joined Fenerbache permanently.,,5.3,186,5.0,0.8,207,26.0,0.0,763.0,94.0,0,0,0.0,-2,2.0,0,4,0.0,0.0,0.0,0.0,0.0,794.0,94.0,0.0,0.0,794.0,94.0,793.0,93.0,790.0,91.0,794.0,94.0,,,,,,,,0.0,0.0,0.0,0.0,0.0,0.0,0.0,0.0,0.0,28,0,0,0,0,0,0,0,0,0,0,0,0,0,0,0,0,41,0.0,0.0,0.0,0.0,0.0,0.0,0.0,0.0,0.0,0,0,0,0
401,Marcus,Bettinelli,Bettinelli,a,,,3.8,786,93.0,0.4,278,35.0,0.0,384.0,24.0,0,0,0.0,-2,2.0,73,97,0.0,0.0,0.5,0.5,0.0,519.0,33.0,100.0,100.0,509.0,33.0,494.0,17.0,459.0,4.0,511.0,33.0,,,,,,,,0.0,0.0,0.0,0.0,0.0,0.0,0.0,0.0,0.0,28,0,0,0,0,0,0,0,0,0,0,0,0,0,0,0,1186,1319,0.0,0.0,0.0,0.0,0.0,0.0,0.0,0.0,0.0,0,0,0,0
402,Rayan,Aït-Nouri,Aït-Nouri,a,,,5.7,118,12.0,3.9,86,30.0,3.0,90.0,32.0,0,0,0.0,-3,3.0,166,57,0.5,4.9,3.5,3.5,2.8,229.0,91.0,100.0,100.0,351.0,133.0,302.0,100.0,335.0,109.0,363.0,125.0,,,,,,,,0.05,0.12,0.17,1.13,0.0,0.33,0.81,1.14,7.65,28,0,0,0,0,0,0,0,0,0,0,0,0,0,0,0,2566,885,0.0,0.0,0.0,0.0,0.0,0.0,0.0,0.0,0.0,0,0,0,0
403,Joško,Gvardiol,Gvardiol,i,Leg injury - Unknown return date,,5.9,101,7.0,3.4,99,35.0,0.0,797.0,263.0,0,0,0.0,-1,1.0,4,176,0.0,13.1,0.0,0.0,4.8,21.0,6.0,0.0,0.0,135.0,60.0,243.0,69.0,130.0,24.0,175.0,58.0,,,,,,,,0.15,0.04,0.19,1.06,0.0,0.42,0.9,1.04,6.85,28,0,0,0,0,0,0,0,0,0,0,0,0,0,0,0,25,1482,0.0,0.0,0.0,0.0,0.0,0.0,0.0,0.0,0.0,0,0,0,0
404,Manuel,Akanji,Akanji,u,has joined Inter Milan on loan for the rest of the season.,,5.4,167,19.0,0.3,337,121.0,0.0,772.0,260.0,0,0,0.0,-1,1.0,0,4,0.0,0.0,0.0,0.0,0.0,797.0,264.0,0.0,0.0,797.0,264.0,796.0,264.0,794.0,264.0,797.0,264.0,,,,,,,,0.0,0.0,0.0,0.0,0.0,0.0,0.0,0.0,0.0,28,0,0,0,0,0,0,0,0,0,0,0,0,0,0,0,0,11,0.0,0.0,0.0,0.0,0.0,0.0,0.0,0.0,0.0,0,0,0,0
405,Nathan,Aké,Aké,a,,,5.2,206,27.0,0.6,237,90.0,0.2,368.0,133.0,0,-1,1.0,-3,3.0,4,16,0.0,5.0,0.7,0.7,2.0,332.0,125.0,,,346.0,131.0,264.0,81.0,362.0,121.0,355.0,121.0,,,,,,,,0.05,0.08,0.13,1.46,0.0,0.37,1.3,0.74,6.87,28,0,0,0,0,0,0,0,0,0,0,0,0,0,0,0,53,193,0.0,0.0,0.0,0.0,0.0,0.0,0.0,0.0,0.0,0,0,0,0
406,Abdukodir,Khusanov,Khusanov,a,,,5.4,185,22.0,0.4,292,109.0,1.6,191.0,72.0,0,0,0.0,-1,1.0,21,39,0.3,5.9,2.1,2.1,2.5,279.0,109.0,100.0,100.0,294.0,114.0,363.0,128.0,434.0,159.0,368.0,127.0,,,,,,,,0.03,0.01,0.04,1.31,0.0,0.34,0.8,0.92,8.38,28,0,0,0,0,0,0,0,0,0,0,0,0,0,0,0,276,382,0.0,0.0,0.0,0.0,0.0,0.0,0.0,0.0,0.0,0,0,0,0
407,Matheus,Nunes,Matheus N.,a,,,5.4,175,21.0,3.2,105,41.0,2.4,129.0,44.0,0,0,0.0,-1,1.0,341,446,0.4,21.7,2.9,2.9,4.9,17.0,4.0,100.0,100.0,63.0,27.0,76.0,18.0,304.0,91.0,103.0,27.0,,,4.0,,,,,0.01,0.07,0.08,1.04,0.0,0.36,0.9,0.99,6.63,28,0,0,0,0,0,0,0,0,0,0,0,0,0,0,0,4833,8552,0.0,0.0,0.0,0.0,0.0,0.0,0.0,0.0,0.0,0,0,0,0
408,Rúben,dos Santos Gato Alves Dias,Rúben,a,,,5.5,138,16.0,3.3,100,36.0,1.4,212.0,79.0,0,0,0.0,0,0.0,100,135,0.3,18.5,1.9,1.9,4.4,39.0,15.0,100.0,100.0,64.0,28.0,255.0,76.0,241.0,65.0,158.0,52.0,,,,,,,,0.03,0.02,0.05,1.05,0.0,0.53,0.87,1.01,7.03,28,0,0,0,0,0,0,0,0,0,0,0,0,0,0,0,1443,1427,0.0,0.0,0.0,0.0,0.0,0.0,0.0,0.0,0.0,0,0,0,0
409,John,Stones,Stones,a,,,5.4,156,18.0,0.6,246,93.0,0.0,766.0,259.0,0,0,0.0,-1,1.0,5,3,0.0,2.2,0.5,0.5,1.7,384.0,143.0,100.0,100.0,376.0,144.0,393.0,142.0,452.0,166.0,413.0,147.0,,,,,,,,0.0,0.02,0.02,1.29,0.0,0.26,2.05,1.03,4.87,28,0,0,0,0,0,0,0,0,0,0,0,0,0,0,0,41,31,0.0,0.0,0.0,0.0,0.0,0.0,0.0,0.0,0.0,0,0,0,0
410,Rico,Lewis,Lewis,a,,,4.6,401,70.0,1.2,175,66.0,0.0,685.0,244.0,0,0,0.0,-4,4.0,27,30,0.0,4.1,0.5,0.5,1.9,340.0,129.0,100.0,100.0,387.0,148.0,253.0,75.0,328.0,106.0,360.0,123.0,,,,,,,,0.03,0.38,0.41,1.46,0.0,0.29,1.45,0.87,5.5,28,0,0,0,0,0,0,0,0,0,0,0,0,0,0,0,286,314,0.0,0.0,0.0,0.0,0.0,0.0,0.0,0.0,0.0,0,0,0,0
411,Nico,O'Reilly,O'Reilly,a,,,5.0,263,40.0,9.8,35,13.0,6.6,3.0,1.0,0,0,0.0,0,0.0,6380,130,1.3,23.4,7.1,7.1,4.5,31.0,11.0,100.0,100.0,67.0,30.0,79.0,19.0,80.0,6.0,54.0,9.0,,,,,,,,0.13,0.08,0.21,1.17,0.0,0.46,0.87,0.96,6.12,28,0,0,0,0,0,0,0,0,0,0,0,0,0,0,0,189914,1879,0.0,0.0,0.0,0.0,0.0,0.0,0.0,0.0,0.0,0,0,0,0
412,Vitor,de Oliveira Nunes dos Reis,Vitor Reis,u,Has joined Girona on loan for the rest of the season.,,5.0,282,42.0,0.0,779,261.0,0.0,750.0,254.0,0,0,0.0,0,0.0,0,0,0.0,0.0,0.0,0.0,0.0,793.0,263.0,0.0,0.0,793.0,263.0,791.0,263.0,787.0,263.0,793.0,263.0,,,,,,,,0.0,0.0,0.0,0.0,0.0,0.0,0.0,0.0,0.0,28,0,0,0,0,0,0,0,0,0,0,0,0,0,0,0,0,0,0.0,0.0,0.0,0.0,0.0,0.0,0.0,0.0,0.0,0,0,0,0
413,Omar,Marmoush,Marmoush,a,,,8.3,12,7.0,2.5,119,38.0,1.6,195.0,85.0,0,0,0.0,-2,2.0,169,71,0.2,4.1,2.1,2.1,2.3,303.0,134.0,100.0,100.0,334.0,151.0,205.0,134.0,141.0,81.0,271.0,137.0,,4.0,2.0,,,,,0.38,0.14,0.52,0.95,0.0,0.41,0.82,1.02,5.52,28,0,0,0,0,0,0,0,0,0,0,0,0,0,0,0,2378,1189,0.0,0.0,0.0,0.0,0.0,0.0,0.0,0.0,0.0,0,0,0,0
414,Phil,Foden,Foden,a,,,8.1,14,9.0,9.0,41,14.0,1.4,218.0,95.0,0,0,0.0,1,-1.0,124,926,0.2,13.5,1.9,1.9,4.5,34.0,17.0,100.0,100.0,68.0,20.0,4.0,4.0,33.0,17.0,14.0,10.0,2.0,3.0,,,,,,0.28,0.19,0.47,1.1,0.0,0.52,0.73,1.05,6.66,28,0,0,0,0,0,0,0,0,0,0,0,0,0,0,0,1607,17362,0.0,0.0,0.0,0.0,0.0,0.0,0.0,0.0,0.0,0,0,0,0
415,Sávio,Moreira de Oliveira,Savinho,a,,,6.9,40,23.0,0.4,280,99.0,0.0,808.0,362.0,0,0,0.0,-1,1.0,11,4,0.0,3.8,0.5,0.5,1.7,385.0,168.0,100.0,100.0,379.0,169.0,202.0,133.0,107.0,65.0,267.0,133.0,,,,,,,,0.22,0.2,0.42,1.08,0.0,0.34,0.85,0.85,7.46,28,0,0,0,0,0,0,0,0,0,0,0,0,0,0,0,99,42,0.0,0.0,0.0,0.0,0.0,0.0,0.0,0.0,0.0,0,0,0,0
416,Bernardo,Mota Veiga de Carvalho e Silva,Bernardo,a,,,6.2,71,47.0,0.6,241,84.0,2.6,119.0,54.0,0,0,0.0,-3,3.0,71,35,0.4,10.8,3.1,3.1,2.5,282.0,120.0,100.0,100.0,146.0,50.0,25.0,23.0,190.0,105.0,80.0,48.0,1.0,,,,,,,0.06,0.13,0.19,1.14,0.0,0.36,0.95,1.04,8.15,28,0,0,0,0,0,0,0,0,0,0,0,0,0,0,0,1005,793,0.0,0.0,0.0,0.0,0.0,0.0,0.0,0.0,0.0,0,0,0,0
417,Rayan,Cherki,Cherki,a,,,6.4,60,39.0,7.9,48,17.0,2.2,148.0,69.0,0,0,0.0,-1,1.0,474,1282,0.3,14.2,2.7,2.7,4.1,58.0,26.0,100.0,100.0,106.0,34.0,15.0,15.0,61.0,36.0,31.0,23.0,3.0,2.0,,,,,,0.18,0.48,0.66,1.2,0.0,0.41,0.9,0.98,8.68,28,0,0,0,0,0,0,0,0,0,0,0,0,0,0,0,6369,36193,0.0,0.0,0.0,0.0,0.0,0.0,0.0,0.0,0.0,0,0,0,0
418,Jérémy,Doku,Doku,d,Lack of match fitness - 50% chance of playing,,6.4,57,36.0,2.3,128,42.0,0.0,802.0,358.0,0,0,0.0,-1,1.0,10,115,0.0,11.2,0.2,0.2,3.6,116.0,53.0,50.0,50.0,183.0,73.0,18.0,18.0,45.0,27.0,36.0,27.0,,,3.0,,,,,0.14,0.32,0.46,1.19,0.0,0.38,0.99,0.99,6.03,28,0,0,0,0,0,0,0,0,0,0,0,0,0,0,0,36,1024,0.0,0.0,0.0,0.0,0.0,0.0,0.0,0.0,0.0,0,0,0,0
420,İlkay,Gündoğan,Gündoğan,u,has joined Galatasaray permanently.,,6.3,63,42.0,0.1,558,204.0,0.0,799.0,356.0,0,0,0.0,-2,2.0,0,0,0.0,0.0,0.0,0.0,0.0,810.0,362.0,0.0,0.0,810.0,362.0,810.0,362.0,810.0,362.0,810.0,362.0,,,,,,,,0.0,0.0,0.0,0.0,0.0,0.0,0.0,0.0,0.0,28,0,0,0,0,0,0,0,0,0,0,0,0,0,0,0,0,2,0.0,0.0,0.0,0.0,0.0,0.0,0.0,0.0,0.0,0,0,0,0
421,Rodrigo 'Rodri',Hernandez Cascante,Rodrigo,a,,,6.3,67,45.0,0.5,262,90.0,3.2,73.0,29.0,0,0,0.0,-2,2.0,56,14,0.5,6.5,3.7,3.7,2.7,248.0,102.0,100.0,100.0,241.0,103.0,105.0,74.0,331.0,173.0,224.0,110.0,,,,,,,,0.02,0.12,0.14,1.21,0.0,0.28,0.92,1.02,13.04,28,0,0,0,0,0,0,0,0,0,0,0,0,0,0,0,874,194,0.0,0.0,0.0,0.0,0.0,0.0,0.0,0.0,0.0,0,0,0,0
422,Mateo,Kovačić,Kovačić,i,Ankle injury - Unknown return date,,5.8,104,67.0,0.0,685,281.0,0.0,788.0,347.0,0,0,0.0,-2,2.0,0,1,0.0,0.2,0.0,0.0,1.0,502.0,237.0,0.0,0.0,481.0,223.0,469.0,227.0,805.0,358.0,497.0,231.0,,,,,,,,0.0,0.0,0.0,0.0,0.0,0.0,0.0,0.0,0.0,28,0,0,0,0,0,0,0,0,0,0,0,0,0,0,0,4,2,0.0,0.0,0.0,0.0,0.0,0.0,0.0,0.0,0.0,0,0,0,0
423,Nico,González Iglesias,N.Gonzalez,a,,,5.9,98,63.0,0.1,473,163.0,0.0,795.0,354.0,0,0,0.0,-1,1.0,6,4,0.0,9.3,0.5,0.5,2.6,262.0,111.0,100.0,100.0,195.0,80.0,167.0,115.0,290.0,157.0,226.0,111.0,,,,,,,,0.04,0.07,0.11,1.1,0.0,0.46,0.92,0.99,11.96,28,0,0,0,0,0,0,0,0,0,0,0,0,0,0,0,32,41,0.0,0.0,0.0,0.0,0.0,0.0,0.0,0.0,0.0,0,0,0,0
425,Claudio,Echeverri,Echeverri,u,has joined Girona on loan for the rest of the season.,,5.4,184,114.0,0.0,740,313.0,0.0,780.0,342.0,0,0,0.0,-1,1.0,0,0,0.0,0.0,0.0,0.0,0.0,803.0,356.0,0.0,0.0,803.0,356.0,802.0,356.0,800.0,355.0,803.0,356.0,,,,,,,,0.0,0.0,0.0,0.0,0.0,0.0,0.0,0.0,0.0,28,0,0,0,0,0,0,0,0,0,0,0,0,0,0,0,0,0,0.0,0.0,0.0,0.0,0.0,0.0,0.0,0.0,0.0,0,0,0,0
427,Tijjani,Reijnders,Reijnders,a,,,5.0,258,158.0,9.9,34,11.0,0.4,325.0,149.0,0,0,0.0,-5,5.0,78,468,0.1,16.8,0.9,0.9,3.5,125.0,56.0,,,155.0,54.0,78.0,58.0,42.0,26.0,72.0,44.0,4.0,,,,,,,0.24,0.12,0.36,1.06,0.0,0.43,0.99,1.05,5.39,28,0,0,0,0,0,0,0,0,0,0,0,0,0,0,0,1145,10091,0.0,0.0,0.0,0.0,0.0,0.0,0.0,0.0,0.0,0,0,0,0
428,Sverre,Nypan,Nypan,a,,,5.0,278,172.0,0.0,719,299.0,0.0,747.0,321.0,0,0,0.0,0,0.0,0,1,0.0,0.0,0.5,0.5,0.0,790.0,347.0,100.0,100.0,790.0,347.0,788.0,347.0,784.0,345.0,790.0,347.0,,,,,,,,0.0,0.0,0.0,0.0,0.0,0.0,0.0,0.0,0.0,28,0,0,0,0,0,0,0,0,0,0,0,0,0,0,0,1,2,0.0,0.0,0.0,0.0,0.0,0.0,0.0,0.0,0.0,0,0,0,0
429,Kalvin,Phillips,Phillips,u,has joined Sheffield United on loan for the rest of the season.,,4.7,378,237.0,0.1,559,205.0,0.0,686.0,279.0,0,0,0.0,-3,3.0,0,2,0.0,0.0,0.0,0.0,0.0,756.0,323.0,0.0,0.0,756.0,323.0,751.0,323.0,740.0,320.0,756.0,323.0,,,,,,,,0.0,0.0,0.0,0.0,0.0,0.0,0.0,0.0,0.0,28,0,0,0,0,0,0,0,0,0,0,0,0,0,0,0,0,11,0.0,0.0,0.0,0.0,0.0,0.0,0.0,0.0,0.0,0,0,0,0
430,Erling,Haaland,Haaland,a,,,14.8,1,1.0,67.4,1,1.0,5.4,10.0,3.0,0,0,0.0,8,-8.0,1287,541,0.4,13.0,5.9,5.9,7.1,1.0,1.0,100.0,100.0,1.0,1.0,114.0,5.0,1.0,1.0,1.0,1.0,,,1.0,,,,,0.83,0.07,0.9,1.16,0.0,0.4,0.97,1.05,3.22,28,0,0,0,0,0,0,0,0,0,0,0,0,0,0,0,24916,10291,0.0,0.0,0.0,0.0,0.0,0.0,0.0,0.0,0.0,0,0,0,0
736,Gianluigi,Donnarumma,Donnarumma,a,,,5.6,127,3.0,9.2,40,7.0,3.4,60.0,8.0,0,0,0.0,1,-1.0,757,408,0.6,17.1,3.9,3.9,4.0,69.0,6.0,,,57.0,13.0,806.0,94.0,804.0,93.0,234.0,14.0,,,,,,,,0.0,0.0,0.0,1.1,2.5,0.42,0.88,1.0,0.0,28,0,0,0,0,0,0,0,0,0,0,0,0,0,0,0,12756,6457,0.0,0.0,0.0,0.0,0.0,0.0,0.0,0.0,0.0,0,0,0,0
739,Divine,Mukasa,Mukasa,u,has joined Leicester City on loan for the rest of the season.,,4.4,566,339.0,0.0,681,278.0,0.0,595.0,211.0,0,0,0.0,-1,1.0,0,0,0.0,0.5,0.0,0.0,1.0,469.0,209.0,0.0,0.0,472.0,216.0,376.0,191.0,428.0,211.0,450.0,203.0,,,,,,,,0.0,0.76,0.76,1.22,0.0,0.0,0.0,0.0,3.6,28,0,0,0,0,0,0,0,0,0,0,0,0,0,0,0,0,8,0.0,0.0,0.0,0.0,0.0,0.0,0.0,0.0,0.0,0,0,0,0
740,Stephen,Mfuni,Mfuni,u,has joined Watford on loan for the rest of the season.,,3.9,777,227.0,0.0,618,220.0,0.0,438.0,167.0,0,0,0.0,-1,1.0,0,1,0.0,0.0,0.0,0.0,0.0,567.0,206.0,0.0,0.0,557.0,205.0,546.0,205.0,512.0,197.0,559.0,205.0,,,,,,,,0.0,0.0,0.0,0.0,0.0,0.0,0.0,0.0,0.0,28,0,0,0,0,0,0,0,0,0,0,0,0,0,0,0,0,18,0.0,0.0,0.0,0.0,0.0,0.0,0.0,0.0,0.0,0,0,0,0
742,Ryan,McAidoo,McAidoo,a,,,4.5,503,310.0,0.0,732,307.0,0.0,672.0,269.0,0,0,0.0,0,0.0,1,1,0.0,0.0,0.5,0.5,0.0,745.0,314.0,,,745.0,314.0,739.0,314.0,726.0,310.0,745.0,314.0,,,,,,,,0.0,0.0,0.0,0.0,0.0,0.0,0.0,0.0,0.0,28,0,0,0,0,0,0,0,0,0,0,0,0,0,0,0,7,13,0.0,0.0,0.0,0.0,0.0,0.0,0.0,0.0,0.0,0,0,0,0
763,Charlie,Gray,Gray,a,,,4.5,457,274.0,0.0,785,343.0,0.0,633.0,237.0,0,0,0.0,0,0.0,1,1,0.0,0.0,0.5,0.5,0.0,714.0,290.0,,,709.0,286.0,705.0,288.0,689.0,281.0,710.0,287.0,,,,,,,,0.0,0.0,0.0,0.0,0.0,0.0,0.0,0.0,0.0,28,0,0,0,0,0,0,0,0,0,0,0,0,0,0,0,7,3,0.0,0.0,0.0,0.0,0.0,0.0,0.0,0.0,0.0,0,0,0,0
764,Reigan,Heskey,Heskey,a,,,4.5,485,296.0,0.0,797,351.0,0.0,657.0,257.0,0,0,0.0,0,0.0,0,0,0.0,0.0,0.5,0.5,0.0,731.0,303.0,,,730.0,302.0,724.0,302.0,711.0,298.0,730.0,302.0,,,,,,,,0.0,0.0,0.0,0.0,0.0,0.0,0.0,0.0,0.0,28,0,0,0,0,0,0,0,0,0,0,0,0,0,0,0,0,2,0.0,0.0,0.0,0.0,0.0,0.0,0.0,0.0,0.0,0,0,0,0
794,Max,Alleyne,Alleyne,d,Knock - 75% chance of playing,,4.0,693,177.0,0.0,744,256.0,0.0,473.0,184.0,0,-1,1.0,-5,5.0,0,4,0.0,1.2,0.4,0.4,2.5,267.0,104.0,75.0,75.0,423.0,158.0,401.0,146.0,358.0,119.0,431.0,155.0,,,,,,,,0.17,0.04,0.21,1.03,0.0,0.0,0.67,1.33,7.33,28,0,0,0,0,0,0,0,0,0,0,0,0,0,0,0,5,67,0.0,0.0,0.0,0.0,0.0,0.0,0.0,0.0,0.0,0,0,0,0
119,Bryan,Mbeumo,Mbeumo,a,,,8.7,9,5.0,24.0,15,5.0,4.4,26.0,11.0,0,0,0.0,7,-7.0,4029,611,0.5,13.2,4.9,4.9,5.2,10.0,7.0,100.0,100.0,55.0,15.0,13.0,13.0,6.0,3.0,7.0,5.0,2.0,2.0,,,,,,0.36,0.19,0.55,1.22,0.0,0.24,1.38,1.05,4.77,28,0,0,0,0,0,0,0,0,0,0,0,0,0,0,0,94171,11649,0.0,0.0,0.0,0.0,0.0,0.0,0.0,0.0,0.0,0,0,0,0
431,Altay,Bayındır,Bayindir,a,,,4.7,387,18.0,0.3,310,41.0,0.0,688.0,91.0,0,0,0.0,-3,3.0,5,6,0.0,2.3,0.5,0.5,1.8,363.0,29.0,,,324.0,25.0,423.0,9.0,743.0,83.0,394.0,25.0,,,,,,,,0.0,0.01,0.01,1.54,2.17,0.0,1.83,1.0,0.0,28,0,0,0,0,0,0,0,0,0,0,0,0,0,0,0,67,96,0.0,0.0,0.0,0.0,0.0,0.0,0.0,0.0,0.0,0,0,0,0
432,André,Onana,Onana,u,has joined Trabzonspor on loan for the rest of the season.,,4.9,302,11.0,0.1,424,63.0,0.0,710.0,93.0,0,0,0.0,-1,1.0,0,2,0.0,0.0,0.0,0.0,0.0,766.0,93.0,0.0,0.0,766.0,93.0,762.0,90.0,756.0,86.0,766.0,93.0,,,,,,,,0.0,0.0,0.0,0.0,0.0,0.0,0.0,0.0,0.0,28,0,0,0,0,0,0,0,0,0,0,0,0,0,0,0,0,8,0.0,0.0,0.0,0.0,0.0,0.0,0.0,0.0,0.0,0,0,0,0
433,Elyh,Harrison,Harrison,u,On loan to Shrewsbury Town,,4.0,719,65.0,0.0,808,94.0,0.0,497.0,76.0,0,0,0.0,0,0.0,0,1,0.0,0.0,0.0,0.0,0.0,620.0,84.0,0.0,0.0,610.0,84.0,602.0,72.0,571.0,59.0,612.0,84.0,,,,,,,,0.0,0.0,0.0,0.0,0.0,0.0,0.0,0.0,0.0,28,0,0,0,0,0,0,0,0,0,0,0,0,0,0,0,0,1,0.0,0.0,0.0,0.0,0.0,0.0,0.0,0.0,0.0,0,0,0,0
434,Tom,Heaton,Heaton,a,,,3.9,737,66.0,0.2,345,48.0,0.0,405.0,26.0,0,0,0.0,-1,1.0,2,7,0.0,0.0,0.5,0.5,0.0,536.0,35.0,,,526.0,35.0,514.0,19.0,480.0,6.0,528.0,35.0,,,,,,,,0.0,0.0,0.0,0.0,0.0,0.0,0.0,0.0,0.0,28,0,0,0,0,0,0,0,0,0,0,0,0,0,0,0,32,121,0.0,0.0,0.0,0.0,0.0,0.0,0.0,0.0,0.0,0,0,0,0
435,Dermot,Mee,Mee,a,,,3.9,760,81.0,0.1,476,72.0,0.0,422.0,40.0,0,0,0.0,-1,1.0,0,2,0.0,0.0,0.5,0.5,0.0,552.0,49.0,,,542.0,49.0,531.0,34.0,497.0,21.0,544.0,49.0,,,,,,,,0.0,0.0,0.0,0.0,0.0,0.0,0.0,0.0,0.0,28,0,0,0,0,0,0,0,0,0,0,0,0,0,0,0,23,40,0.0,0.0,0.0,0.0,0.0,0.0,0.0,0.0,0.0,0,0,0,0
436,Matthijs,de Ligt,De Ligt,i,Back injury - Unknown return date,,4.9,308,48.0,1.8,142,55.0,0.0,712.0,249.0,0,0,0.0,-1,1.0,0,54,0.0,8.8,0.0,0.0,3.3,145.0,56.0,0.0,0.0,196.0,80.0,321.0,106.0,215.0,54.0,253.0,83.0,,,,,,,,0.11,0.06,0.17,1.44,0.0,0.08,1.54,1.0,8.23,28,0,0,0,0,0,0,0,0,0,0,0,0,0,0,0,5,285,0.0,0.0,0.0,0.0,0.0,0.0,0.0,0.0,0.0,0,0,0,0
437,Lisandro,Martínez,Martinez,d,Calf injury - 50% chance of playing,,4.8,361,61.0,0.8,205,78.0,2.0,158.0,55.0,0,0,0.0,-2,2.0,9,704,0.4,8.1,1.2,1.2,2.8,219.0,88.0,50.0,50.0,240.0,96.0,289.0,92.0,402.0,147.0,321.0,110.0,,,,,,,,0.01,0.05,0.06,0.93,0.0,0.3,1.1,0.9,7.47,28,0,0,0,0,0,0,0,0,0,0,0,0,0,0,0,58,9474,0.0,0.0,0.0,0.0,0.0,0.0,0.0,0.0,0.0,0,0,0,0
438,Noussair,Mazraoui,Mazraoui,a,,,4.9,317,52.0,0.2,368,135.0,0.4,321.0,113.0,0,0,0.0,-1,1.0,20,21,0.1,4.1,0.9,0.9,1.5,413.0,148.0,100.0,100.0,325.0,123.0,335.0,113.0,372.0,130.0,369.0,128.0,,,,,,,,0.01,0.04,0.05,0.85,0.0,0.2,1.17,1.17,9.98,28,0,0,0,0,0,0,0,0,0,0,0,0,0,0,0,120,159,0.0,0.0,0.0,0.0,0.0,0.0,0.0,0.0,0.0,0,0,0,0
439,Diego,León Blanco,D.Leon,a,,,4.2,649,156.0,0.1,568,204.0,0.0,531.0,223.0,0,0,0.0,-3,3.0,3,1,0.0,0.0,0.5,0.5,0.0,641.0,248.0,,,632.0,248.0,626.0,247.0,600.0,246.0,634.0,248.0,,,,,,,,0.0,0.0,0.0,0.0,0.0,0.0,0.0,0.0,0.0,28,0,0,0,0,0,0,0,0,0,0,0,0,0,0,0,12,9,0.0,0.0,0.0,0.0,0.0,0.0,0.0,0.0,0.0,0,0,0,0
440,Diogo,Dalot Teixeira,Dalot,a,,,4.6,399,68.0,5.0,72,23.0,4.4,24.0,7.0,0,1,-1.0,1,-1.0,1440,250,1.0,20.2,4.9,4.9,3.7,97.0,36.0,100.0,100.0,87.0,40.0,60.0,11.0,168.0,38.0,87.0,21.0,,,,,,,,0.06,0.1,0.16,1.22,0.0,0.28,1.4,1.03,6.16,28,0,0,0,0,0,0,0,0,0,0,0,0,0,0,0,28685,5461,0.0,0.0,0.0,0.0,0.0,0.0,0.0,0.0,0.0,0,0,0,0
441,Patrick,Dorgu,Dorgu,i,Hamstring injury - Unknown return date,,4.2,646,155.0,3.8,89,32.0,0.0,528.0,222.0,0,0,0.0,-3,3.0,25,1181,0.0,17.6,0.0,0.0,3.4,132.0,47.0,0.0,0.0,102.0,47.0,62.0,12.0,89.0,8.0,71.0,14.0,,,,,,,,0.13,0.1,0.23,1.27,0.0,0.2,1.35,0.95,6.43,28,0,0,0,0,0,0,0,0,0,0,0,0,0,0,0,132,23349,0.0,0.0,0.0,0.0,0.0,0.0,0.0,0.0,0.0,0,0,0,0
442,Harry,Maguire,Maguire,a,,,4.3,573,121.0,1.8,145,56.0,3.4,56.0,19.0,0,0,0.0,-2,2.0,402,94,0.8,13.7,3.9,3.9,4.2,51.0,22.0,100.0,100.0,259.0,105.0,389.0,139.0,244.0,67.0,320.0,109.0,,,,,,,,0.08,0.01,0.09,1.25,0.0,0.52,0.94,1.05,7.66,28,0,0,0,0,0,0,0,0,0,0,0,0,0,0,0,8141,1866,0.0,0.0,0.0,0.0,0.0,0.0,0.0,0.0,0.0,0,0,0,0
443,Luke,Shaw,Shaw,a,,,4.5,410,74.0,0.8,209,79.0,3.0,78.0,29.0,0,0,0.0,0,0.0,134,50,0.7,15.1,3.5,3.5,2.5,272.0,107.0,,,111.0,50.0,110.0,30.0,306.0,93.0,152.0,49.0,,,,,,,,0.02,0.06,0.08,1.17,0.0,0.23,1.3,1.03,5.51,28,0,0,0,0,0,0,0,0,0,0,0,0,0,0,0,2109,884,0.0,0.0,0.0,0.0,0.0,0.0,0.0,0.0,0.0,0,0,0,0
444,Leny,Yoro,Yoro,a,,,4.1,657,160.0,1.2,173,65.0,1.6,185.0,68.0,0,0,0.0,-4,4.0,59,31,0.4,10.5,2.1,2.1,1.8,355.0,132.0,,,229.0,89.0,315.0,105.0,276.0,78.0,295.0,97.0,,,,,,,,0.05,0.02,0.07,1.33,0.0,0.14,1.73,0.94,7.73,28,0,0,0,0,0,0,0,0,0,0,0,0,0,0,0,1030,327,0.0,0.0,0.0,0.0,0.0,0.0,0.0,0.0,0.0,0,0,0,0
445,Harry,Amass,Amass,u,has joined Norwich City on loan for the rest of the season.,,4.0,717,194.0,0.1,537,190.0,0.0,495.0,199.0,0,0,0.0,0,0.0,0,0,0.0,0.0,0.0,0.0,0.0,618.0,233.0,0.0,0.0,608.0,232.0,600.0,232.0,569.0,227.0,610.0,232.0,,,,,,,,0.0,0.0,0.0,0.0,0.0,0.0,0.0,0.0,0.0,28,0,0,0,0,0,0,0,0,0,0,0,0,0,0,0,0,4,0.0,0.0,0.0,0.0,0.0,0.0,0.0,0.0,0.0,0,0,0,0
446,Tyler,Fredricson,Fredricson,a,,,3.8,805,253.0,0.1,433,161.0,0.0,398.0,153.0,0,0,0.0,-2,2.0,1,7,0.0,0.3,0.5,0.5,1.0,448.0,162.0,,,473.0,170.0,507.0,193.0,472.0,184.0,487.0,171.0,,,,,,,,0.0,0.0,0.0,13.5,0.0,0.0,0.0,0.0,90.0,28,0,0,0,0,0,0,0,0,0,0,0,0,0,0,0,10,42,0.0,0.0,0.0,0.0,0.0,0.0,0.0,0.0,0.0,0,0,0,0
447,Ayden,Heaven,Heaven,a,,,3.7,817,264.0,2.1,130,49.0,0.2,335.0,116.0,0,0,0.0,-3,3.0,367,204,0.1,7.3,0.7,0.7,2.2,304.0,112.0,100.0,100.0,272.0,110.0,379.0,136.0,357.0,118.0,350.0,120.0,,,,,,,,0.05,0.02,0.07,1.12,0.0,0.14,1.7,1.13,10.03,28,0,0,0,0,0,0,0,0,0,0,0,0,0,0,0,5750,4783,0.0,0.0,0.0,0.0,0.0,0.0,0.0,0.0,0.0,0,0,0,0
448,Tyrell,Malacia,Malacia,a,,,3.8,788,236.0,0.4,284,103.0,0.0,385.0,140.0,0,0,0.0,-2,2.0,4,11,0.0,0.3,0.5,0.5,1.0,446.0,160.0,,,479.0,171.0,495.0,181.0,460.0,172.0,492.0,173.0,,,,,,,,0.0,0.0,0.0,13.5,0.0,0.0,0.0,0.0,90.0,28,0,0,0,0,0,0,0,0,0,0,0,0,0,0,0,59,151,0.0,0.0,0.0,0.0,0.0,0.0,0.0,0.0,0.0,0,0,0,0
449,Bruno,Borges Fernandes,B.Fernandes,a,,,9.9,5,3.0,37.6,5,2.0,4.8,16.0,6.0,0,0,0.0,9,-9.0,2382,1038,0.5,14.6,5.3,5.3,6.0,5.0,3.0,100.0,100.0,3.0,1.0,1.0,1.0,38.0,22.0,2.0,1.0,1.0,1.0,1.0,,,,,0.36,0.29,0.65,1.24,0.0,0.17,1.43,1.04,9.2,28,0,0,0,0,0,0,0,0,0,0,0,0,0,0,0,51151,18787,0.0,0.0,0.0,0.0,0.0,0.0,0.0,0.0,0.0,0,0,0,0
450,Matheus,Santos Carneiro da Cunha,Cunha,a,,,8.0,17,12.0,7.9,46,15.0,3.4,64.0,26.0,0,0,0.0,0,0.0,945,833,0.4,12.0,3.9,3.9,4.0,76.0,36.0,100.0,100.0,77.0,23.0,59.0,47.0,22.0,10.0,29.0,21.0,,,,,,,,0.28,0.12,0.4,1.18,0.0,0.31,1.21,1.05,7.5,28,0,0,0,0,0,0,0,0,0,0,0,0,0,0,0,13256,21038,0.0,0.0,0.0,0.0,0.0,0.0,0.0,0.0,0.0,0,0,0,0
451,Marcus,Rashford,Rashford,u,Has joined Barcelona on loan for the rest of the season,,7.0,35,20.0,0.0,700,290.0,0.0,809.0,363.0,0,0,0.0,0,0.0,0,0,0.0,0.0,0.0,0.0,0.0,816.0,365.0,0.0,0.0,816.0,365.0,816.0,365.0,816.0,365.0,816.0,365.0,,,,,,,,0.0,0.0,0.0,0.0,0.0,0.0,0.0,0.0,0.0,28,0,0,0,0,0,0,0,0,0,0,0,0,0,0,0,0,1,0.0,0.0,0.0,0.0,0.0,0.0,0.0,0.0,0.0,0,0,0,0
452,Amad,Diallo,Amad,a,,,6.2,77,51.0,1.7,149,49.0,1.4,215.0,93.0,0,0,0.0,-3,3.0,198,306,0.2,11.0,1.9,1.9,3.2,165.0,72.0,100.0,100.0,139.0,46.0,30.0,28.0,36.0,20.0,35.0,26.0,,,,,,,,0.22,0.17,0.39,1.1,0.0,0.21,1.21,1.05,7.86,28,0,0,0,0,0,0,0,0,0,0,0,0,0,0,0,2893,6318,0.0,0.0,0.0,0.0,0.0,0.0,0.0,0.0,0.0,0,0,0,0
454,Antony,dos Santos,Antony,u,has joined Real Betis permanently.,,5.9,99,64.0,0.1,564,207.0,0.0,796.0,355.0,0,0,0.0,-1,1.0,0,0,0.0,0.0,0.0,0.0,0.0,809.0,361.0,0.0,0.0,809.0,361.0,809.0,361.0,808.0,361.0,809.0,361.0,,,,,,,,0.0,0.0,0.0,0.0,0.0,0.0,0.0,0.0,0.0,28,0,0,0,0,0,0,0,0,0,0,0,0,0,0,0,0,0,0.0,0.0,0.0,0.0,0.0,0.0,0.0,0.0,0.0,0,0,0,0
455,Mason,Mount,Mount,d,Knock - 25% chance of playing,,5.9,94,60.0,0.3,324,108.0,0.0,792.0,351.0,0,0,0.0,-1,1.0,1,26,0.0,7.8,0.1,0.1,2.7,247.0,101.0,25.0,25.0,287.0,126.0,158.0,110.0,162.0,91.0,230.0,115.0,,,,,,,,0.17,0.16,0.33,1.14,0.0,0.33,1.55,1.11,6.87,28,0,0,0,0,0,0,0,0,0,0,0,0,0,0,0,3,210,0.0,0.0,0.0,0.0,0.0,0.0,0.0,0.0,0.0,0,0,0,0
457,Carlos Henrique,Casimiro,Casemiro,a,,,5.6,122,76.0,2.5,120,39.0,4.6,19.0,8.0,0,0,0.0,1,-1.0,567,350,0.8,20.5,5.1,5.1,4.6,27.0,14.0,100.0,100.0,39.0,10.0,53.0,44.0,50.0,30.0,30.0,22.0,,,,,,,,0.2,0.12,0.32,0.97,0.0,0.4,0.99,1.19,11.76,28,0,0,0,0,0,0,0,0,0,0,0,0,0,0,0,10759,5556,0.0,0.0,0.0,0.0,0.0,0.0,0.0,0.0,0.0,0,0,0,0
458,Kobbie,Mainoo,Mainoo,a,,,4.6,402,248.0,1.4,163,54.0,3.0,81.0,33.0,0,0,0.0,-4,4.0,266,155,0.7,7.6,3.5,3.5,1.9,341.0,147.0,100.0,100.0,268.0,114.0,148.0,102.0,332.0,174.0,268.0,134.0,,,,,,,,0.02,0.07,0.09,1.18,0.0,0.35,1.41,0.7,9.49,28,0,0,0,0,0,0,0,0,0,0,0,0,0,0,0,4367,2931,0.0,0.0,0.0,0.0,0.0,0.0,0.0,0.0,0.0,0,0,0,0
459,Manuel,Ugarte Ribeiro,Ugarte,a,,,4.7,385,240.0,0.1,414,140.0,0.4,318.0,145.0,0,0,0.0,-3,3.0,8,7,0.1,6.6,0.9,0.9,1.7,379.0,164.0,,,317.0,145.0,313.0,177.0,347.0,180.0,353.0,169.0,,,,,,,,0.04,0.02,0.06,1.75,0.0,0.12,2.41,0.84,14.68,28,0,0,0,0,0,0,0,0,0,0,0,0,0,0,0,44,149,0.0,0.0,0.0,0.0,0.0,0.0,0.0,0.0,0.0,0,0,0,0
460,Toby,Collyer,Collyer,u,has joined Hull City on loan for the rest of the season.,,4.5,445,266.0,0.0,659,265.0,0.0,624.0,229.0,0,0,0.0,0,0.0,0,0,0.0,0.0,0.0,0.0,0.0,707.0,283.0,0.0,0.0,701.0,278.0,698.0,281.0,682.0,274.0,703.0,280.0,,,,,,,,0.0,0.0,0.0,0.0,0.0,0.0,0.0,0.0,0.0,28,0,0,0,0,0,0,0,0,0,0,0,0,0,0,0,0,3,0.0,0.0,0.0,0.0,0.0,0.0,0.0,0.0,0.0,0,0,0,0
461,Jayce,Fitzgerald,Fitzgerald,a,,,4.3,611,357.0,0.0,604,231.0,0.0,555.0,188.0,0,0,0.0,-2,2.0,3,0,0.0,0.0,0.5,0.5,0.0,655.0,250.0,,,645.0,241.0,641.0,246.0,617.0,234.0,647.0,243.0,,,,,,,,0.0,0.0,0.0,0.0,0.0,0.0,0.0,0.0,0.0,28,0,0,0,0,0,0,0,0,0,0,0,0,0,0,0,24,21,0.0,0.0,0.0,0.0,0.0,0.0,0.0,0.0,0.0,0,0,0,0
462,Jack,Fletcher,J.Fletcher,a,,,4.3,608,354.0,0.1,502,180.0,0.0,552.0,185.0,0,0,0.0,-2,2.0,2,1,0.0,0.7,0.5,0.5,1.0,461.0,202.0,,,446.0,197.0,382.0,194.0,426.0,209.0,447.0,200.0,,,,,,,,0.03,0.02,0.05,1.56,0.0,0.0,0.0,0.0,9.25,28,0,0,0,0,0,0,0,0,0,0,0,0,0,0,0,75,117,0.0,0.0,0.0,0.0,0.0,0.0,0.0,0.0,0.0,0,0,0,0
463,Sékou,Koné,Kone,u,has joined Lausanne-Sport on loan for the rest of the season.,,4.3,620,364.0,0.1,513,184.0,0.0,562.0,193.0,0,0,0.0,-2,2.0,0,6,0.0,0.0,0.0,0.0,0.0,660.0,254.0,0.0,0.0,650.0,245.0,646.0,250.0,623.0,239.0,652.0,247.0,,,,,,,,0.0,0.0,0.0,0.0,0.0,0.0,0.0,0.0,0.0,28,0,0,0,0,0,0,0,0,0,0,0,0,0,0,0,0,36,0.0,0.0,0.0,0.0,0.0,0.0,0.0,0.0,0.0,0,0,0,0
464,Jack,Moorhouse,Moorhouse,u,has joined Leyton Orient on loan for the rest of the season.,,4.5,472,287.0,0.0,689,283.0,0.0,645.0,248.0,0,0,0.0,0,0.0,0,0,0.0,0.0,0.0,0.0,0.0,723.0,298.0,0.0,0.0,720.0,296.0,715.0,297.0,700.0,291.0,721.0,297.0,,,,,,,,0.0,0.0,0.0,0.0,0.0,0.0,0.0,0.0,0.0,28,0,0,0,0,0,0,0,0,0,0,0,0,0,0,0,0,1,0.0,0.0,0.0,0.0,0.0,0.0,0.0,0.0,0.0,0,0,0,0
465,Rasmus,Højlund,Højlund,u,has joined Napoli on loan for the rest of the season.,,6.3,70,22.0,0.3,338,56.0,0.0,801.0,87.0,0,0,0.0,-2,2.0,0,0,0.0,0.0,0.0,0.0,0.0,811.0,90.0,0.0,0.0,811.0,90.0,811.0,90.0,811.0,90.0,811.0,90.0,,,,,,,,0.0,0.0,0.0,0.0,0.0,0.0,0.0,0.0,0.0,28,0,0,0,0,0,0,0,0,0,0,0,0,0,0,0,0,8,0.0,0.0,0.0,0.0,0.0,0.0,0.0,0.0,0.0,0,0,0,0
466,Joshua,Zirkzee,Zirkzee,a,,,5.8,108,31.0,0.4,273,44.0,0.4,332.0,44.0,0,0,0.0,-2,2.0,17,26,0.1,6.0,0.9,0.9,2.2,312.0,34.0,100.0,100.0,304.0,29.0,206.0,20.0,152.0,36.0,261.0,30.0,,,,,,,,0.34,0.05,0.39,1.28,0.0,0.18,1.28,0.73,6.59,28,0,0,0,0,0,0,0,0,0,0,0,0,0,0,0,156,249,0.0,0.0,0.0,0.0,0.0,0.0,0.0,0.0,0.0,0,0,0,0
467,Chido,Obi,Obi,a,,,4.2,645,90.0,1.6,154,24.0,0.0,527.0,51.0,0,0,0.0,-3,3.0,17,109,0.0,0.0,0.5,0.5,0.0,639.0,64.0,,,630.0,64.0,624.0,63.0,598.0,63.0,632.0,64.0,,,,,,,,0.0,0.0,0.0,0.0,0.0,0.0,0.0,0.0,0.0,28,0,0,0,0,0,0,0,0,0,0,0,0,0,0,0,217,2005,0.0,0.0,0.0,0.0,0.0,0.0,0.0,0.0,0.0,0,0,0,0
468,Ethan,Wheatley,Wheatley,u,has joined Bradford City on loan for the rest of the season.,,4.5,479,68.0,0.1,506,71.0,0.0,651.0,66.0,0,0,0.0,0,0.0,0,3,0.0,0.0,0.0,0.0,0.0,728.0,77.0,0.0,0.0,726.0,77.0,721.0,76.0,707.0,76.0,727.0,77.0,,,,,,,,0.0,0.0,0.0,0.0,0.0,0.0,0.0,0.0,0.0,28,0,0,0,0,0,0,0,0,0,0,0,0,0,0,0,0,16,0.0,0.0,0.0,0.0,0.0,0.0,0.0,0.0,0.0,0,0,0,0
681,Benjamin,Sesko,Šeško,a,,,7.3,28,11.0,4.2,83,15.0,4.6,22.0,5.0,0,1,-1.0,-2,2.0,1634,141,0.6,10.8,5.1,5.1,3.6,118.0,10.0,100.0,100.0,148.0,15.0,215.0,21.0,18.0,11.0,64.0,13.0,,,,,,,,0.5,0.02,0.52,1.42,0.0,0.08,1.83,0.88,4.06,28,0,0,0,0,0,0,0,0,0,0,0,0,0,0,0,33204,1585,0.0,0.0,0.0,0.0,0.0,0.0,0.0,0.0,0.0,0,0,0,0
733,Senne,Lammens,Lammens,a,,,5.0,261,9.0,2.3,126,17.0,3.8,42.0,6.0,0,0,0.0,0,0.0,618,119,0.8,13.6,4.3,4.3,3.2,156.0,16.0,,,107.0,17.0,781.0,91.0,450.0,2.0,280.0,17.0,,,,,,,,0.0,0.0,0.0,1.11,2.29,0.24,1.24,1.0,0.0,28,0,0,0,0,0,0,0,0,0,0,0,0,0,0,0,12538,1697,0.0,0.0,0.0,0.0,0.0,0.0,0.0,0.0,0.0,0,0,0,0
755,Shea,Lacey,Lacey,a,,,4.5,482,294.0,0.0,720,300.0,0.0,654.0,255.0,0,0,0.0,0,0.0,1,0,0.0,0.4,0.5,0.5,1.0,479.0,217.0,100.0,100.0,474.0,217.0,458.0,221.0,396.0,197.0,471.0,215.0,,,,,,,,0.52,0.0,0.52,0.82,0.0,0.0,0.0,0.0,7.5,28,0,0,0,0,0,0,0,0,0,0,0,0,0,0,0,14,22,0.0,0.0,0.0,0.0,0.0,0.0,0.0,0.0,0.0,0,0,0,0
769,Bendito,Mantato,Bendito Mantato,a,,,4.5,481,293.0,0.0,784,342.0,0.0,653.0,254.0,0,0,0.0,0,0.0,0,1,0.0,0.2,0.5,0.5,1.0,478.0,216.0,,,484.0,225.0,409.0,203.0,709.0,297.0,473.0,217.0,,,,,,,,0.0,0.06,0.06,0.3,0.0,0.0,0.0,0.0,0.0,28,0,0,0,0,0,0,0,0,0,0,0,0,0,0,0,6,2,0.0,0.0,0.0,0.0,0.0,0.0,0.0,0.0,0.0,0,0,0,0
771,Tyler,Fletcher,Fletcher,a,,,4.4,551,330.0,0.0,728,305.0,0.2,351.0,157.0,0,0,0.0,-1,1.0,7,2,0.0,0.2,0.7,0.7,1.0,466.0,206.0,,,500.0,230.0,466.0,224.0,640.0,249.0,504.0,232.0,,,,,,,,0.0,0.9,0.9,1.8,0.0,0.0,0.0,0.0,0.0,28,0,0,0,0,0,0,0,0,0,0,0,0,0,0,0,40,27,0.0,0.0,0.0,0.0,0.0,0.0,0.0,0.0,0.0,0,0,0,0
788,Godwill,Kukonki,Kukonki,a,,,4.0,716,193.0,0.0,748,257.0,0.0,494.0,198.0,0,0,0.0,0,0.0,0,0,0.0,0.0,0.5,0.5,0.0,617.0,232.0,,,607.0,231.0,599.0,231.0,568.0,226.0,609.0,231.0,,,,,,,,0.0,0.0,0.0,0.0,0.0,0.0,0.0,0.0,0.0,28,0,0,0,0,0,0,0,0,0,0,0,0,0,0,0,6,8,0.0,0.0,0.0,0.0,0.0,0.0,0.0,0.0,0.0,0,0,0,0
52,Jacob,Ramsey,J.Ramsey,d,Hamstring injury - 75% chance of playing,,5.3,192,120.0,0.2,358,120.0,3.0,89.0,38.0,0,0,0.0,-2,2.0,5,25,0.6,5.7,1.9,2.2,1.8,370.0,162.0,75.0,75.0,302.0,137.0,165.0,114.0,222.0,124.0,257.0,130.0,,,,,,,,0.1,0.09,0.19,1.67,0.0,0.0,2.13,0.78,9.29,28,0,0,0,0,0,0,0,0,0,0,0,0,0,0,0,120,293,0.0,0.0,0.0,0.0,0.0,0.0,0.0,0.0,0.0,0,0,0,0
135,Yoane,Wissa,Wissa,a,,,7.3,24,9.0,0.6,236,34.0,0.6,307.0,41.0,0,0,0.0,-2,2.0,26,43,0.1,2.5,0.1,0.6,1.6,402.0,49.0,100.0,100.0,406.0,45.0,365.0,47.0,198.0,42.0,357.0,43.0,,,,,,,,0.42,0.12,0.54,1.35,0.0,0.22,1.55,0.89,3.99,28,0,0,0,0,0,0,0,0,0,0,0,0,0,0,0,738,915,0.0,0.0,0.0,0.0,0.0,0.0,0.0,0.0,0.0,0,0,0,0
469,Nick,Pope,Pope,a,,,5.1,223,6.0,4.6,79,15.0,1.4,208.0,16.0,0,0,0.0,1,-1.0,68,169,0.3,15.9,0.9,1.4,3.9,82.0,8.0,100.0,100.0,62.0,14.0,792.0,92.0,343.0,1.0,223.0,13.0,,,,,,,,0.01,0.0,0.01,1.19,3.12,0.34,1.39,1.01,0.0,28,0,0,0,0,0,0,0,0,0,0,0,0,0,0,0,3410,2361,0.0,0.0,0.0,0.0,0.0,0.0,0.0,0.0,0.0,0,0,0,0
471,Mark,Gillespie,Gillespie,a,,,3.9,742,71.0,0.1,435,65.0,0.0,409.0,30.0,0,0,0.0,-1,1.0,4,1,0.0,0.0,-0.5,0.0,0.0,540.0,39.0,,,530.0,39.0,519.0,24.0,485.0,11.0,532.0,39.0,,,,,,,,0.0,0.0,0.0,0.0,0.0,0.0,0.0,0.0,0.0,28,0,0,0,0,0,0,0,0,0,0,0,0,0,0,0,35,33,0.0,0.0,0.0,0.0,0.0,0.0,0.0,0.0,0.0,0,0,0,0
472,Odysseas,Vlachodimos,Odysseas,u,Has joined Sevilla on loan for the rest of the season.,,4.0,665,44.0,0.0,716,83.0,0.0,447.0,55.0,0,0,0.0,0,0.0,0,0,0.0,0.0,0.0,0.0,0.0,576.0,64.0,0.0,0.0,566.0,64.0,557.0,51.0,524.0,38.0,568.0,64.0,,,,,,,,0.0,0.0,0.0,0.0,0.0,0.0,0.0,0.0,0.0,28,0,0,0,0,0,0,0,0,0,0,0,0,0,0,0,0,2,0.0,0.0,0.0,0.0,0.0,0.0,0.0,0.0,0.0,0,0,0,0
473,Lewis,Hall,Hall,a,,,5.3,200,24.0,2.5,117,47.0,2.2,144.0,49.0,0,0,0.0,-2,2.0,260,202,0.4,11.9,1.7,2.2,3.1,178.0,68.0,100.0,100.0,105.0,48.0,113.0,31.0,221.0,55.0,129.0,41.0,2.0,4.0,,,,,,0.04,0.12,0.16,1.37,0.0,0.19,1.68,0.97,8.03,28,0,0,0,0,0,0,0,0,0,0,0,0,0,0,0,9104,3142,0.0,0.0,0.0,0.0,0.0,0.0,0.0,0.0,0.0,0,0,0,0
474,Fabian,Schär,Schär,i,Ankle injury - Expected back 18 Apr,,5.2,205,26.0,1.2,178,67.0,0.0,757.0,258.0,0,0,0.0,-3,3.0,1,56,0.0,9.8,0.0,0.0,3.2,158.0,63.0,0.0,0.0,185.0,76.0,312.0,103.0,228.0,59.0,250.0,81.0,,1.0,,,,,,0.08,0.05,0.13,1.14,0.0,0.33,1.07,0.91,9.5,28,0,0,0,0,0,0,0,0,0,0,0,0,0,0,0,10,530,0.0,0.0,0.0,0.0,0.0,0.0,0.0,0.0,0.0,0,0,0,0
475,Sven,Botman,Botman,a,,,4.9,313,49.0,0.4,287,105.0,1.8,178.0,65.0,0,0,0.0,-1,1.0,21,9,0.4,10.8,1.3,1.8,3.5,122.0,44.0,100.0,100.0,153.0,67.0,338.0,115.0,202.0,50.0,235.0,78.0,,,,,,,,0.11,0.02,0.13,1.24,0.0,0.34,1.44,1.02,8.92,28,0,0,0,0,0,0,0,0,0,0,0,0,0,0,0,336,177,0.0,0.0,0.0,0.0,0.0,0.0,0.0,0.0,0.0,0,0,0,0
476,Dan,Burn,Burn,a,,,5.0,243,36.0,3.3,101,37.0,1.0,251.0,91.0,0,0,0.0,0,0.0,115,79,0.2,14.4,0.5,1.0,3.8,90.0,32.0,100.0,100.0,143.0,63.0,275.0,88.0,275.0,77.0,241.0,79.0,,,,,,,,0.01,0.02,0.03,1.06,0.0,0.35,1.41,1.06,9.31,28,0,0,0,0,0,0,0,0,0,0,0,0,0,0,0,3300,817,0.0,0.0,0.0,0.0,0.0,0.0,0.0,0.0,0.0,0,0,0,0
477,Tino,Livramento,Livramento,i,Hamstring injury - Expected back 14 Mar,,4.9,329,54.0,1.9,141,54.0,0.0,722.0,250.0,0,0,0.0,-1,1.0,1,39,0.0,10.0,0.0,0.0,3.8,88.0,31.0,0.0,0.0,261.0,107.0,175.0,43.0,342.0,112.0,276.0,92.0,,,,,,,,0.01,0.05,0.06,0.94,0.0,0.43,0.86,0.94,4.98,28,0,0,0,0,0,0,0,0,0,0,0,0,0,0,0,7,491,0.0,0.0,0.0,0.0,0.0,0.0,0.0,0.0,0.0,0,0,0,0
478,Kieran,Trippier,Trippier,a,,,4.9,286,43.0,1.4,165,64.0,0.8,266.0,96.0,0,0,0.0,-1,1.0,45,30,0.2,8.4,0.3,0.8,2.7,239.0,96.0,100.0,100.0,248.0,100.0,45.0,5.0,406.0,149.0,195.0,64.0,4.0,2.0,,,,,,0.0,0.13,0.13,1.16,0.0,0.37,1.54,1.03,4.25,28,0,0,0,0,0,0,0,0,0,0,0,0,0,0,0,1437,322,0.0,0.0,0.0,0.0,0.0,0.0,0.0,0.0,0.0,0,0,0,0
479,Emil,Krafth,Krafth,i,Knee injury - Unknown return date,,4.3,576,124.0,0.0,621,221.0,0.0,533.0,225.0,0,0,0.0,-2,2.0,0,0,0.0,0.0,0.0,0.0,0.0,642.0,249.0,0.0,0.0,488.0,174.0,462.0,168.0,602.0,247.0,493.0,174.0,,,,,,,,0.0,0.0,0.0,0.5,0.0,0.0,4.0,2.0,2.0,28,0,0,0,0,0,0,0,0,0,0,0,0,0,0,0,5,5,0.0,0.0,0.0,0.0,0.0,0.0,0.0,0.0,0.0,0,0,0,0
480,Jamaal,Lascelles,Lascelles,u,has joined Leicester City permanently.,,4.3,574,122.0,0.0,588,209.0,0.0,532.0,224.0,0,0,0.0,-2,2.0,0,1,0.0,0.2,0.0,0.0,0.5,512.0,178.0,0.0,0.0,456.0,167.0,627.0,248.0,416.0,156.0,467.0,167.0,,,,,,,,0.19,0.0,0.19,2.61,0.0,0.0,9.47,0.0,23.68,28,0,0,0,0,0,0,0,0,0,0,0,0,0,0,0,0,10,0.0,0.0,0.0,0.0,0.0,0.0,0.0,0.0,0.0,0,0,0,0
481,Alex,Murphy,A.Murphy,a,,,3.8,804,252.0,0.7,218,83.0,0.2,337.0,118.0,0,0,0.0,-2,2.0,30,20,0.1,0.3,-0.3,0.2,1.0,447.0,161.0,,,482.0,172.0,506.0,192.0,471.0,183.0,498.0,175.0,,,,,,,,0.0,0.0,0.0,24.3,0.0,0.0,90.0,0.0,90.0,28,0,0,0,0,0,0,0,0,0,0,0,0,0,0,0,328,281,0.0,0.0,0.0,0.0,0.0,0.0,0.0,0.0,0.0,0,0,0,0
482,Harrison,Ashby,Ashby,u,has joined Bradford City on loan for the rest of the season.,,3.9,757,219.0,0.1,456,167.0,0.0,420.0,161.0,0,0,0.0,-1,1.0,0,2,0.0,0.0,0.0,0.0,0.0,550.0,201.0,0.0,0.0,540.0,200.0,529.0,200.0,495.0,192.0,542.0,200.0,,,,,,,,0.0,0.0,0.0,0.0,0.0,0.0,0.0,0.0,0.0,28,0,0,0,0,0,0,0,0,0,0,0,0,0,0,0,0,19,0.0,0.0,0.0,0.0,0.0,0.0,0.0,0.0,0.0,0,0,0,0
483,Miodrag,Pivaš,Pivas,a,,,3.8,810,258.0,0.4,286,104.0,0.0,401.0,156.0,0,0,0.0,-2,2.0,16,16,0.0,0.0,-0.5,0.0,0.0,532.0,197.0,,,522.0,196.0,510.0,196.0,476.0,188.0,524.0,196.0,,,,,,,,0.0,0.0,0.0,0.0,0.0,0.0,0.0,0.0,0.0,28,0,0,0,0,0,0,0,0,0,0,0,0,0,0,0,216,185,0.0,0.0,0.0,0.0,0.0,0.0,0.0,0.0,0.0,0,0,0,0
484,Matt,Targett,Targett,u,has joined Middlesbrough on loan for the rest of the season.,,4.0,669,165.0,0.1,425,157.0,0.0,450.0,173.0,0,0,0.0,0,0.0,0,2,0.0,0.0,0.0,0.0,0.0,579.0,212.0,0.0,0.0,569.0,211.0,560.0,211.0,528.0,205.0,571.0,211.0,,,,,,,,0.0,0.0,0.0,0.0,0.0,0.0,0.0,0.0,0.0,28,0,0,0,0,0,0,0,0,0,0,0,0,0,0,0,0,14,0.0,0.0,0.0,0.0,0.0,0.0,0.0,0.0,0.0,0,0,0,0
485,Anthony,Gordon,Gordon,a,,,7.2,32,19.0,2.8,112,35.0,2.6,121.0,56.0,0,0,0.0,-3,3.0,901,223,0.4,9.4,2.1,2.6,3.2,167.0,73.0,100.0,100.0,206.0,88.0,67.0,52.0,41.0,25.0,78.0,47.0,,,1.0,,,,,0.37,0.2,0.57,1.12,0.0,0.39,1.63,1.24,4.3,28,0,0,0,0,0,0,0,0,0,0,0,0,0,0,0,29748,2795,0.0,0.0,0.0,0.0,0.0,0.0,0.0,0.0,0.0,0,0,0,0
486,Anthony,Elanga,Elanga,a,,,6.5,52,33.0,2.6,115,37.0,1.4,216.0,94.0,0,0,0.0,-5,5.0,40,43,0.2,5.5,0.9,1.4,1.6,401.0,179.0,100.0,100.0,338.0,153.0,128.0,88.0,185.0,103.0,246.0,126.0,5.0,,,,,,,0.11,0.13,0.24,1.31,0.0,0.18,1.99,0.91,3.53,28,0,0,0,0,0,0,0,0,0,0,0,0,0,0,0,1014,440,0.0,0.0,0.0,0.0,0.0,0.0,0.0,0.0,0.0,0,0,0,0
487,Harvey,Barnes,Barnes,a,,,6.1,82,53.0,1.2,172,60.0,1.2,241.0,106.0,0,0,0.0,-4,4.0,98,200,0.2,12.5,0.7,1.2,2.9,208.0,87.0,,,188.0,76.0,103.0,73.0,24.0,11.0,59.0,38.0,,,,,,,,0.35,0.13,0.48,1.22,0.0,0.26,1.35,0.9,4.81,28,0,0,0,0,0,0,0,0,0,0,0,0,0,0,0,3885,4078,0.0,0.0,0.0,0.0,0.0,0.0,0.0,0.0,0.0,0,0,0,0
488,Bruno,Guimarães Rodriguez Moura,Bruno G.,i,Hamstring injury - Expected back 11 Apr,,6.8,43,26.0,6.2,61,21.0,2.8,107.0,48.0,0,-1,1.0,3,-3.0,33,3517,0.4,19.7,0.0,0.0,5.8,6.0,4.0,0.0,0.0,10.0,4.0,11.0,11.0,51.0,31.0,11.0,9.0,3.0,5.0,2.0,,,,,0.21,0.16,0.37,1.16,0.0,0.27,1.38,0.98,8.92,28,0,0,0,0,0,0,0,0,0,0,0,0,0,0,0,258,62464,0.0,0.0,0.0,0.0,0.0,0.0,0.0,0.0,0.0,0,0,0,0
489,Jacob,Murphy,J.Murphy,a,,,5.9,91,57.0,0.6,234,82.0,0.6,305.0,140.0,0,0,0.0,-6,6.0,12,21,0.1,9.2,0.1,0.6,2.5,281.0,119.0,100.0,100.0,245.0,104.0,81.0,60.0,84.0,51.0,122.0,69.0,,,,,,,,0.23,0.19,0.42,1.16,0.0,0.49,0.99,1.07,4.28,28,0,0,0,0,0,0,0,0,0,0,0,0,0,0,0,350,272,0.0,0.0,0.0,0.0,0.0,0.0,0.0,0.0,0.0,0,0,0,0
490,Joelinton Cássio,Apolinário de Lira,Joelinton,a,,,5.9,93,59.0,0.3,328,110.0,0.0,791.0,350.0,0,0,0.0,-1,1.0,40,9,0.0,9.5,-0.5,0.0,2.8,230.0,95.0,100.0,100.0,211.0,91.0,130.0,89.0,83.0,50.0,134.0,72.0,,,,,,,,0.11,0.06,0.17,1.15,0.0,0.32,1.16,1.1,11.23,28,0,0,0,0,0,0,0,0,0,0,0,0,0,0,0,642,132,0.0,0.0,0.0,0.0,0.0,0.0,0.0,0.0,0.0,0,0,0,0
491,Sandro,Tonali,Tonali,a,,,5.3,195,121.0,1.1,186,66.0,1.4,210.0,90.0,0,0,0.0,-2,2.0,139,53,0.3,11.9,0.9,1.4,2.3,298.0,130.0,100.0,100.0,190.0,77.0,65.0,51.0,169.0,94.0,123.0,70.0,1.0,1.0,,,,,,0.07,0.09,0.16,1.15,0.0,0.34,1.31,1.11,9.55,28,0,0,0,0,0,0,0,0,0,0,0,0,0,0,0,2785,594,0.0,0.0,0.0,0.0,0.0,0.0,0.0,0.0,0.0,0,0,0,0
492,Antoñito,Cordero Campillo,Antoñito C.,u,has joined Cadiz on loan for the rest of the season.,,4.9,350,218.0,0.0,674,273.0,0.0,733.0,311.0,0,0,0.0,-1,1.0,0,0,0.0,0.0,0.0,0.0,0.0,779.0,339.0,0.0,0.0,779.0,339.0,775.0,339.0,771.0,337.0,779.0,339.0,,,,,,,,0.0,0.0,0.0,0.0,0.0,0.0,0.0,0.0,0.0,28,0,0,0,0,0,0,0,0,0,0,0,0,0,0,0,0,0,0.0,0.0,0.0,0.0,0.0,0.0,0.0,0.0,0.0,0,0,0,0
494,Joe,Willock,Willock,a,,,5.0,248,150.0,0.1,498,179.0,1.0,252.0,112.0,0,0,0.0,0,0.0,11,10,0.2,4.0,0.5,1.0,1.2,438.0,196.0,100.0,100.0,403.0,179.0,280.0,163.0,254.0,138.0,354.0,170.0,,,,,,,,0.14,0.06,0.2,1.72,0.0,0.36,1.97,1.08,9.5,28,0,0,0,0,0,0,0,0,0,0,0,0,0,0,0,125,88,0.0,0.0,0.0,0.0,0.0,0.0,0.0,0.0,0.0,0,0,0,0
495,Isaac,Hayden,Hayden,u,Has departed the club as a free agent.,,4.5,412,251.0,0.0,766,329.0,0.0,603.0,215.0,0,0,0.0,0,0.0,0,0,0.0,0.0,0.0,0.0,0.0,690.0,270.0,0.0,0.0,684.0,265.0,678.0,268.0,659.0,260.0,686.0,267.0,,,,,,,,0.0,0.0,0.0,0.0,0.0,0.0,0.0,0.0,0.0,28,0,0,0,0,0,0,0,0,0,0,0,0,0,0,0,0,0,0.0,0.0,0.0,0.0,0.0,0.0,0.0,0.0,0.0,0,0,0,0
496,Garang,Kuol,Kuol,u,has joined Sparta Prague permanently.,,4.4,558,333.0,0.0,631,246.0,0.0,588.0,206.0,0,0,0.0,-1,1.0,0,0,0.0,0.0,0.0,0.0,0.0,679.0,264.0,0.0,0.0,671.0,257.0,666.0,261.0,646.0,252.0,673.0,259.0,,,,,,,,0.0,0.0,0.0,0.0,0.0,0.0,0.0,0.0,0.0,28,0,0,0,0,0,0,0,0,0,0,0,0,0,0,0,0,4,0.0,0.0,0.0,0.0,0.0,0.0,0.0,0.0,0.0,0,0,0,0
497,Lewis,Miley,L.Miley,i,Dead leg - Expected back 14 Mar,,4.5,464,281.0,2.5,122,40.0,0.0,638.0,242.0,0,0,0.0,0,0.0,8,519,0.0,12.9,0.0,0.0,3.1,173.0,74.0,0.0,0.0,197.0,81.0,142.0,97.0,201.0,110.0,193.0,99.0,,,,,,,,0.11,0.16,0.27,1.08,0.0,0.16,1.27,0.87,9.77,28,0,0,0,0,0,0,0,0,0,0,0,0,0,0,0,125,10793,0.0,0.0,0.0,0.0,0.0,0.0,0.0,0.0,0.0,0,0,0,0
498,Joe,White,White,u,has joined Bradford City on loan for the rest of the season.,,4.5,438,262.0,0.0,769,331.0,0.0,621.0,226.0,0,0,0.0,0,0.0,0,0,0.0,0.0,0.0,0.0,0.0,704.0,280.0,0.0,0.0,698.0,275.0,695.0,278.0,678.0,271.0,700.0,277.0,,,,,,,,0.0,0.0,0.0,0.0,0.0,0.0,0.0,0.0,0.0,28,0,0,0,0,0,0,0,0,0,0,0,0,0,0,0,0,1,0.0,0.0,0.0,0.0,0.0,0.0,0.0,0.0,0.0,0,0,0,0
500,William,Osula,Osula,a,,,5.4,183,45.0,0.2,376,60.0,0.8,279.0,36.0,0,0,0.0,-1,1.0,6,5,0.1,4.1,0.3,0.8,1.6,397.0,47.0,100.0,100.0,412.0,47.0,400.0,53.0,282.0,48.0,398.0,49.0,,,,,,,,0.22,0.01,0.23,1.56,0.0,0.35,2.09,0.35,3.49,28,0,0,0,0,0,0,0,0,0,0,0,0,0,0,0,106,56,0.0,0.0,0.0,0.0,0.0,0.0,0.0,0.0,0.0,0,0,0,0
501,Sean,Neave,Neave,a,,,4.3,617,87.0,0.3,339,57.0,0.0,560.0,56.0,0,0,0.0,-2,2.0,11,8,0.0,0.0,-0.5,0.0,0.0,658.0,67.0,,,648.0,67.0,644.0,66.0,621.0,66.0,650.0,67.0,,,,,,,,0.0,0.0,0.0,0.0,0.0,0.0,0.0,0.0,0.0,28,0,0,0,0,0,0,0,0,0,0,0,0,0,0,0,129,126,0.0,0.0,0.0,0.0,0.0,0.0,0.0,0.0,0.0,0,0,0,0
674,Aaron,Ramsdale,Ramsdale,a,,,4.8,363,14.0,0.7,224,29.0,0.0,699.0,92.0,0,0,0.0,-2,2.0,13,22,0.0,2.3,-0.5,0.0,1.6,389.0,30.0,,,349.0,27.0,424.0,10.0,749.0,84.0,404.0,26.0,,,,,,,,0.0,0.0,0.0,1.3,1.63,0.0,1.63,0.98,0.0,28,0,0,0,0,0,0,0,0,0,0,0,0,0,0,0,151,399,0.0,0.0,0.0,0.0,0.0,0.0,0.0,0.0,0.0,0,0,0,0
684,Malick,Thiaw,Thiaw,a,,,5.0,262,39.0,4.5,82,27.0,3.0,87.0,30.0,0,0,0.0,0,0.0,421,487,0.6,20.0,2.5,3.0,4.2,53.0,24.0,,,17.0,8.0,267.0,83.0,72.0,4.0,66.0,11.0,,,,,,,,0.12,0.03,0.15,1.36,0.0,0.18,1.6,1.02,9.24,28,0,0,0,0,0,0,0,0,0,0,0,0,0,0,0,17297,6890,0.0,0.0,0.0,0.0,0.0,0.0,0.0,0.0,0.0,0,0,0,0
689,Seung-Soo,Park,Seung soo,a,,,4.3,621,365.0,0.5,256,88.0,0.0,563.0,194.0,0,0,0.0,-2,2.0,112,65,0.0,0.0,-0.5,0.0,0.0,661.0,255.0,,,651.0,246.0,647.0,251.0,624.0,240.0,653.0,248.0,,,,,,,,0.0,0.0,0.0,0.0,0.0,0.0,0.0,0.0,0.0,28,0,0,0,0,0,0,0,0,0,0,0,0,0,0,0,1497,751,0.0,0.0,0.0,0.0,0.0,0.0,0.0,0.0,0.0,0,0,0,0
714,Nick,Woltemade,Woltemade,a,,,6.8,47,17.0,7.6,52,9.0,0.8,284.0,38.0,0,0,0.0,-2,2.0,151,786,0.1,12.5,0.3,0.8,3.5,130.0,12.0,,,133.0,13.0,172.0,14.0,44.0,18.0,91.0,15.0,,,3.0,,,,,0.38,0.05,0.43,1.16,0.0,0.37,1.4,1.1,4.7,28,0,0,0,0,0,0,0,0,0,0,0,0,0,0,0,5459,12277,0.0,0.0,0.0,0.0,0.0,0.0,0.0,0.0,0.0,0,0,0,0
753,John,Ruddy,Ruddy,a,,,4.0,658,39.0,0.0,692,81.0,0.0,443.0,52.0,0,0,0.0,0,0.0,0,2,0.0,0.0,-0.5,0.0,0.0,572.0,61.0,,,562.0,61.0,551.0,46.0,518.0,33.0,564.0,61.0,,,,,,,,0.0,0.0,0.0,0.0,0.0,0.0,0.0,0.0,0.0,28,0,0,0,0,0,0,0,0,0,0,0,0,0,0,0,14,11,0.0,0.0,0.0,0.0,0.0,0.0,0.0,0.0,0.0,0,0,0,0
765,Leo,Shahar,Shahar,a,,,4.0,712,189.0,0.0,658,232.0,0.0,490.0,194.0,0,0,0.0,0,0.0,3,1,0.0,0.0,-0.5,0.0,0.0,614.0,229.0,,,604.0,228.0,596.0,228.0,565.0,223.0,606.0,228.0,,,,,,,,0.0,0.0,0.0,0.0,0.0,0.0,0.0,0.0,0.0,28,0,0,0,0,0,0,0,0,0,0,0,0,0,0,0,59,38,0.0,0.0,0.0,0.0,0.0,0.0,0.0,0.0,0.0,0,0,0,0
772,Sam,Alabi,Alabi,a,,,4.5,513,316.0,0.0,782,340.0,0.0,680.0,274.0,0,0,0.0,0,0.0,0,1,0.0,0.0,-0.5,0.0,0.0,752.0,319.0,,,752.0,319.0,746.0,319.0,733.0,315.0,752.0,319.0,,,,,,,,0.0,0.0,0.0,0.0,0.0,0.0,0.0,0.0,0.0,28,0,0,0,0,0,0,0,0,0,0,0,0,0,0,0,20,8,0.0,0.0,0.0,0.0,0.0,0.0,0.0,0.0,0.0,0,0,0,0
12,Oleksandr,Zinchenko,Zinchenko,u,has joined Ajax permanently.,,4.9,304,47.0,0.2,360,131.0,0.0,711.0,248.0,0,0,0.0,-1,1.0,0,9,0.0,1.4,0.0,0.0,1.4,422.0,152.0,0.0,0.0,368.0,141.0,279.0,89.0,371.0,129.0,370.0,129.0,,,,,,,,0.02,0.09,0.11,1.28,0.0,0.0,1.53,1.02,6.14,28,0,0,0,0,0,0,0,0,0,0,0,0,0,0,0,0,58,0.0,0.0,0.0,0.0,0.0,0.0,0.0,0.0,0.0,0,0,0,0
400,Stefan,Ortega Moreno,Ortega Moreno,a,,,4.7,376,15.0,0.2,373,55.0,2.2,137.0,12.0,0,0,0.0,-3,3.0,18,16,0.5,2.3,1.7,2.2,3.7,98.0,11.0,,,384.0,29.0,750.0,88.0,739.0,80.0,435.0,29.0,,,,,,,,0.0,0.0,0.0,1.55,2.67,0.33,1.33,1.0,0.0,28,0,0,0,0,0,0,0,0,0,0,0,0,0,0,0,374,260,0.0,0.0,0.0,0.0,0.0,0.0,0.0,0.0,0.0,0,0,0,0
426,James,McAtee,McAtee,a,,,5.0,257,157.0,0.1,496,177.0,0.2,363.0,162.0,0,0,0.0,-5,5.0,1,3,0.0,1.4,-0.3,0.2,0.9,505.0,238.0,,,449.0,200.0,348.0,186.0,404.0,200.0,433.0,195.0,,,5.0,,,,,0.01,0.09,0.1,2.22,0.0,0.0,4.24,0.53,5.82,28,0,0,0,0,0,0,0,0,0,0,0,0,0,0,0,23,26,0.0,0.0,0.0,0.0,0.0,0.0,0.0,0.0,0.0,0,0,0,0
502,Matz,Sels,Sels,i,Groin Injury - Expected back 04 Mar,,4.6,396,19.0,4.8,74,12.0,0.2,357.0,23.0,0,0,0.0,-4,4.0,2,311,0.0,13.3,0.0,0.0,3.0,190.0,20.0,0.0,0.0,89.0,15.0,422.0,8.0,738.0,79.0,265.0,16.0,,,,,,,,0.0,0.0,0.0,1.52,2.95,0.21,1.45,1.02,0.0,28,0,0,0,0,0,0,0,0,0,0,0,0,0,0,0,19,5216,0.0,0.0,0.0,0.0,0.0,0.0,0.0,0.0,0.0,0,0,0,0
503,Carlos Miguel,dos Santos Pereira,C.Miguel,u,Has joined Palmeiras permanently.,,4.0,688,56.0,0.1,548,76.0,0.0,468.0,67.0,0,0,0.0,0,0.0,0,0,0.0,0.0,0.0,0.0,0.0,595.0,75.0,0.0,0.0,585.0,75.0,577.0,63.0,545.0,50.0,587.0,75.0,,,,,,,,0.0,0.0,0.0,0.0,0.0,0.0,0.0,0.0,0.0,28,0,0,0,0,0,0,0,0,0,0,0,0,0,0,0,0,7,0.0,0.0,0.0,0.0,0.0,0.0,0.0,0.0,0.0,0,0,0,0
504,Matt,Turner,Turner,u,Has joined Lyon permanently.,,4.0,673,47.0,0.1,519,75.0,0.0,454.0,58.0,0,0,0.0,0,0.0,0,0,0.0,0.0,0.0,0.0,0.0,582.0,66.0,0.0,0.0,572.0,66.0,564.0,54.0,532.0,41.0,574.0,66.0,,,,,,,,0.0,0.0,0.0,0.0,0.0,0.0,0.0,0.0,0.0,28,0,0,0,0,0,0,0,0,0,0,0,0,0,0,0,0,7,0.0,0.0,0.0,0.0,0.0,0.0,0.0,0.0,0.0,0,0,0,0
505,Nikola,Milenković,Milenković,a,,,5.1,230,31.0,3.2,102,38.0,2.8,99.0,35.0,0,0,0.0,-4,4.0,40,131,0.5,15.7,2.3,2.8,3.0,193.0,77.0,,,65.0,29.0,357.0,124.0,239.0,63.0,186.0,61.0,,,,,,,,0.03,0.02,0.05,1.45,0.0,0.22,1.44,1.0,8.37,28,0,0,0,0,0,0,0,0,0,0,0,0,0,0,0,758,1754,0.0,0.0,0.0,0.0,0.0,0.0,0.0,0.0,0.0,0,0,0,0
506,Murillo,Costa dos Santos,Murillo,a,,,5.2,220,29.0,1.9,140,53.0,0.8,275.0,97.0,0,0,0.0,-3,3.0,89,79,0.2,12.7,0.3,0.8,3.5,127.0,46.0,100.0,100.0,78.0,36.0,249.0,73.0,278.0,80.0,194.0,63.0,,2.0,,,,,,0.03,0.02,0.05,1.45,0.0,0.22,1.32,1.04,9.66,28,0,0,0,0,0,0,0,0,0,0,0,0,0,0,0,1109,1260,0.0,0.0,0.0,0.0,0.0,0.0,0.0,0.0,0.0,0,0,0,0
507,Ola,Aina,Aina,a,,,4.7,379,63.0,2.3,127,48.0,2.2,138.0,48.0,0,0,0.0,-3,3.0,69,103,0.5,7.7,1.7,2.2,3.3,143.0,55.0,100.0,100.0,278.0,111.0,232.0,62.0,311.0,97.0,310.0,104.0,,,,,,,,0.03,0.06,0.09,1.64,0.0,0.28,1.21,1.02,6.97,28,0,0,0,0,0,0,0,0,0,0,0,0,0,0,0,900,1726,0.0,0.0,0.0,0.0,0.0,0.0,0.0,0.0,0.0,0,0,0,0
508,Neco,Williams,N.Williams,a,,,4.7,384,64.0,2.9,109,44.0,2.0,157.0,54.0,0,0,0.0,-3,3.0,58,97,0.4,17.7,1.5,2.0,3.2,154.0,62.0,100.0,100.0,40.0,15.0,48.0,6.0,91.0,9.0,40.0,3.0,,,,,,,,0.06,0.11,0.17,1.4,0.0,0.24,1.41,1.02,7.06,28,0,0,0,0,0,0,0,0,0,0,0,0,0,0,0,1084,1543,0.0,0.0,0.0,0.0,0.0,0.0,0.0,0.0,0.0,0,0,0,0
509,David,Mota Veiga Teixeira do Carmo,David Carmo,u,has joined Real Oviedo on loan for the rest of the season.,,4.5,434,86.0,0.0,675,235.0,0.0,618.0,241.0,0,0,0.0,0,0.0,0,0,0.0,0.0,0.0,0.0,0.0,701.0,257.0,0.0,0.0,695.0,256.0,691.0,256.0,674.0,256.0,697.0,256.0,,,,,,,,0.0,0.0,0.0,0.0,0.0,0.0,0.0,0.0,0.0,28,0,0,0,0,0,0,0,0,0,0,0,0,0,0,0,0,2,0.0,0.0,0.0,0.0,0.0,0.0,0.0,0.0,0.0,0,0,0,0
510,Jair,Paula da Cunha Filho,Jair Cunha,a,,,4.2,644,154.0,0.1,553,199.0,0.0,526.0,221.0,0,0,0.0,-3,3.0,3,1,0.0,0.7,-0.5,0.0,3.0,186.0,72.0,,,434.0,161.0,474.0,174.0,597.0,245.0,461.0,166.0,,,,,,,,0.0,0.0,0.0,3.28,0.0,0.0,2.0,1.0,11.0,28,0,0,0,0,0,0,0,0,0,0,0,0,0,0,0,16,10,0.0,0.0,0.0,0.0,0.0,0.0,0.0,0.0,0.0,0,0,0,0
511,Felipe,Rodrigues da Silva,Morato,a,,,4.3,592,135.0,0.1,508,182.0,2.4,123.0,43.0,0,0,0.0,-2,2.0,4,3,0.6,7.9,1.9,2.4,2.4,286.0,110.0,,,236.0,93.0,390.0,140.0,302.0,90.0,324.0,112.0,,,,,,,,0.08,0.01,0.09,1.35,0.0,0.19,1.63,0.96,9.41,28,0,0,0,0,0,0,0,0,0,0,0,0,0,0,0,37,65,0.0,0.0,0.0,0.0,0.0,0.0,0.0,0.0,0.0,0,0,0,0
512,Omar,Richards,O.Richards,u,has joined Rio Ave on loan for the rest of the season.,,4.5,419,79.0,0.0,682,237.0,0.0,607.0,238.0,0,0,0.0,0,0.0,0,0,0.0,0.0,0.0,0.0,0.0,693.0,255.0,0.0,0.0,687.0,254.0,682.0,254.0,663.0,253.0,689.0,254.0,,,,,,,,0.0,0.0,0.0,0.0,0.0,0.0,0.0,0.0,0.0,28,0,0,0,0,0,0,0,0,0,0,0,0,0,0,0,0,2,0.0,0.0,0.0,0.0,0.0,0.0,0.0,0.0,0.0,0,0,0,0
513,Zach,Abbott,Abbott,a,,,3.8,807,255.0,0.3,334,120.0,0.2,338.0,119.0,0,0,0.0,-2,2.0,10,14,0.1,0.5,-0.3,0.2,1.0,449.0,163.0,,,437.0,163.0,437.0,158.0,474.0,186.0,456.0,164.0,,,,,,,,0.0,0.01,0.01,2.35,0.0,0.0,3.0,0.75,7.5,28,0,0,0,0,0,0,0,0,0,0,0,0,0,0,0,135,141,0.0,0.0,0.0,0.0,0.0,0.0,0.0,0.0,0.0,0,0,0,0
514,Willy,Boly,Boly,i,Knee injury - Unknown return date,,3.8,784,233.0,0.4,290,108.0,0.0,382.0,138.0,0,0,0.0,-2,2.0,11,26,0.0,0.0,0.0,0.0,0.0,518.0,184.0,0.0,0.0,507.0,182.0,492.0,179.0,457.0,170.0,509.0,182.0,,,,,,,,0.0,0.0,0.0,0.0,0.0,0.0,0.0,0.0,0.0,28,0,0,0,0,0,0,0,0,0,0,0,0,0,0,0,78,315,0.0,0.0,0.0,0.0,0.0,0.0,0.0,0.0,0.0,0,0,0,0
515,Morgan,Gibbs-White,Gibbs-White,a,,,7.3,26,16.0,3.4,98,32.0,3.0,93.0,41.0,0,0,0.0,-2,2.0,191,415,0.4,14.4,2.5,3.0,3.9,86.0,42.0,100.0,100.0,79.0,24.0,14.0,14.0,25.0,12.0,18.0,14.0,,3.0,2.0,,,,,0.26,0.08,0.34,1.47,0.0,0.27,1.37,1.02,5.13,28,0,0,0,0,0,0,0,0,0,0,0,0,0,0,0,3249,7845,0.0,0.0,0.0,0.0,0.0,0.0,0.0,0.0,0.0,0,0,0,0
516,Callum,Hudson-Odoi,Hudson-Odoi,a,,,5.7,115,72.0,0.7,221,77.0,1.8,183.0,81.0,0,0,0.0,-3,3.0,25,45,0.3,11.9,1.3,1.8,2.7,245.0,100.0,100.0,100.0,191.0,78.0,28.0,26.0,73.0,44.0,58.0,37.0,,,,,,,,0.15,0.12,0.27,1.52,0.0,0.29,1.35,1.0,5.34,28,0,0,0,0,0,0,0,0,0,0,0,0,0,0,0,696,718,0.0,0.0,0.0,0.0,0.0,0.0,0.0,0.0,0.0,0,0,0,0
517,Elliot,Anderson,Anderson,a,,,5.4,168,103.0,6.4,58,20.0,4.2,33.0,15.0,0,0,0.0,-1,1.0,1367,421,0.8,21.9,3.7,4.2,4.4,38.0,19.0,,,28.0,7.0,6.0,6.0,108.0,66.0,17.0,13.0,1.0,1.0,4.0,,,,,0.08,0.11,0.19,1.42,0.0,0.26,1.42,1.01,14.19,28,0,0,0,0,0,0,0,0,0,0,0,0,0,0,0,29135,8101,0.0,0.0,0.0,0.0,0.0,0.0,0.0,0.0,0.0,0,0,0,0
518,João Pedro,Ferreira da Silva,Jota,u,has joined Besiktas on loan for the rest of the season.,,5.4,180,111.0,0.0,619,240.0,0.0,777.0,339.0,0,0,0.0,-1,1.0,0,0,0.0,0.2,0.0,0.0,1.0,500.0,235.0,0.0,0.0,471.0,215.0,473.0,229.0,433.0,215.0,479.0,223.0,,,,,,,,0.0,0.0,0.0,0.0,0.0,0.0,0.0,0.0,24.55,28,0,0,0,0,0,0,0,0,0,0,0,0,0,0,0,0,0,0.0,0.0,0.0,0.0,0.0,0.0,0.0,0.0,0.0,0,0,0,0
519,Nicolás,Domínguez,Dominguez,a,,,5.0,256,156.0,0.0,627,244.0,0.6,297.0,134.0,0,0,0.0,0,0.0,1,2,0.1,6.8,0.1,0.6,2.0,331.0,145.0,100.0,100.0,274.0,118.0,199.0,131.0,220.0,123.0,264.0,131.0,,,,,,,,0.12,0.04,0.16,1.74,0.0,0.33,1.75,1.31,9.4,28,0,0,0,0,0,0,0,0,0,0,0,0,0,0,0,10,66,0.0,0.0,0.0,0.0,0.0,0.0,0.0,0.0,0.0,0,0,0,0
520,Lewis,O'Brien,O'Brien,u,Has joined Wrexham permanently.,,5.0,254,155.0,0.0,815,364.0,0.0,737.0,313.0,0,0,0.0,0,0.0,0,0,0.0,0.0,0.0,0.0,0.0,782.0,341.0,0.0,0.0,782.0,341.0,779.0,341.0,776.0,339.0,782.0,341.0,,,,,,,,0.0,0.0,0.0,0.0,0.0,0.0,0.0,0.0,0.0,28,0,0,0,0,0,0,0,0,0,0,0,0,0,0,0,0,0,0.0,0.0,0.0,0.0,0.0,0.0,0.0,0.0,0.0,0,0,0,0
521,Ibrahim,Sangaré,Sangaré,a,,,4.9,309,193.0,0.1,542,199.0,2.0,161.0,72.0,0,0,0.0,-1,1.0,5,4,0.4,13.3,1.5,2.0,3.4,135.0,60.0,100.0,100.0,178.0,69.0,211.0,138.0,225.0,125.0,217.0,106.0,,,,,,,,0.07,0.09,0.16,1.49,0.0,0.38,1.15,1.09,10.96,28,0,0,0,0,0,0,0,0,0,0,0,0,0,0,0,108,90,0.0,0.0,0.0,0.0,0.0,0.0,0.0,0.0,0.0,0,0,0,0
522,Ryan,Yates,Yates,a,,,4.7,383,239.0,0.1,549,200.0,0.4,317.0,144.0,0,0,0.0,-3,3.0,1,1,0.1,3.6,-0.1,0.4,1.3,428.0,191.0,100.0,100.0,383.0,170.0,342.0,185.0,355.0,185.0,385.0,180.0,,,,,,,,0.02,0.05,0.07,0.9,0.0,0.0,1.23,0.25,8.83,28,0,0,0,0,0,0,0,0,0,0,0,0,0,0,0,29,28,0.0,0.0,0.0,0.0,0.0,0.0,0.0,0.0,0.0,0,0,0,0
523,Eric,da Silva Moreira,Da Silva Moreira,a,,,4.5,475,289.0,0.1,570,210.0,0.0,648.0,250.0,0,0,0.0,0,0.0,4,1,0.0,0.0,-0.5,0.0,0.0,725.0,299.0,100.0,100.0,722.0,297.0,717.0,298.0,703.0,293.0,723.0,298.0,,,,,,,,0.0,0.0,0.0,0.0,0.0,0.0,0.0,0.0,0.0,28,0,0,0,0,0,0,0,0,0,0,0,0,0,0,0,23,17,0.0,0.0,0.0,0.0,0.0,0.0,0.0,0.0,0.0,0,0,0,0
524,Marko,Stamenić,Stamenic,u,Has joined Swansea City permanently.,,4.5,451,269.0,0.0,690,284.0,0.0,627.0,232.0,0,0,0.0,0,0.0,0,0,0.0,0.0,0.0,0.0,0.0,709.0,285.0,0.0,0.0,704.0,281.0,700.0,283.0,684.0,276.0,705.0,282.0,,,,,,,,0.0,0.0,0.0,0.0,0.0,0.0,0.0,0.0,0.0,28,0,0,0,0,0,0,0,0,0,0,0,0,0,0,0,0,0,0.0,0.0,0.0,0.0,0.0,0.0,0.0,0.0,0.0,0,0,0,0
525,Chris,Wood,Wood,i,Knee injury - Unknown return date,,7.2,29,12.0,4.6,81,14.0,0.0,811.0,90.0,0,0,0.0,-3,3.0,2,59,0.0,3.5,0.0,0.0,3.1,182.0,17.0,0.0,0.0,374.0,38.0,339.0,41.0,146.0,34.0,326.0,37.0,,,1.0,,,,,0.47,0.02,0.49,1.31,0.0,0.17,1.34,1.17,2.34,28,0,0,0,0,0,0,0,0,0,0,0,0,0,0,0,22,324,0.0,0.0,0.0,0.0,0.0,0.0,0.0,0.0,0.0,0,0,0,0
526,Igor Jesus,Maciel da Cruz,Igor Jesus,a,,,5.8,109,32.0,1.2,177,28.0,1.2,239.0,29.0,0,0,0.0,-2,2.0,60,190,0.2,10.5,0.7,1.2,2.3,302.0,33.0,100.0,100.0,279.0,25.0,224.0,23.0,27.0,14.0,143.0,19.0,,,3.0,,,,,0.25,0.05,0.3,1.56,0.0,0.36,1.62,1.08,4.37,28,0,0,0,0,0,0,0,0,0,0,0,0,0,0,0,1611,5397,0.0,0.0,0.0,0.0,0.0,0.0,0.0,0.0,0.0,0,0,0,0
527,Taiwo,Awoniyi,Awoniyi,a,,,5.2,210,48.0,0.3,319,54.0,0.0,759.0,81.0,0,0,0.0,-3,3.0,8,16,0.0,2.5,-0.5,0.0,1.6,394.0,46.0,100.0,100.0,405.0,44.0,350.0,42.0,234.0,44.0,366.0,44.0,,,,,,,,0.38,0.17,0.55,1.5,0.0,0.0,0.88,0.44,5.29,28,0,0,0,0,0,0,0,0,0,0,0,0,0,0,0,77,146,0.0,0.0,0.0,0.0,0.0,0.0,0.0,0.0,0.0,0,0,0,0
669,Dan,Ndoye,Ndoye,a,,,5.5,147,92.0,0.7,220,76.0,0.8,280.0,126.0,0,0,0.0,-5,5.0,3,17,0.1,8.4,0.3,0.8,2.3,299.0,131.0,100.0,100.0,285.0,124.0,153.0,105.0,148.0,84.0,216.0,105.0,4.0,,,,,,,0.09,0.12,0.21,1.27,0.0,0.16,1.39,1.14,7.67,28,0,0,0,0,0,0,0,0,0,0,0,0,0,0,0,49,122,0.0,0.0,0.0,0.0,0.0,0.0,0.0,0.0,0.0,0,0,0,0
675,Angus,Gunn,Gunn,a,,,4.0,663,43.0,1.1,182,23.0,0.2,340.0,22.0,0,0,0.0,0,0.0,3,9,0.0,0.2,-0.3,0.2,1.0,450.0,32.0,100.0,100.0,490.0,32.0,556.0,50.0,523.0,37.0,502.0,32.0,,,,,,,,0.0,0.0,0.0,0.42,0.0,0.0,0.0,0.0,0.0,28,0,0,0,0,0,0,0,0,0,0,0,0,0,0,0,62,168,0.0,0.0,0.0,0.0,0.0,0.0,0.0,0.0,0.0,0,0,0,0
693,Omari,Hutchinson,Hutchinson,a,,,5.4,179,110.0,0.1,515,185.0,2.0,165.0,75.0,0,0,0.0,-1,1.0,4,8,0.4,10.9,1.5,2.0,2.8,225.0,91.0,,,219.0,95.0,44.0,40.0,93.0,57.0,95.0,56.0,2.0,,,,,,,0.14,0.24,0.38,1.32,0.0,0.33,1.23,0.82,7.05,28,0,0,0,0,0,0,0,0,0,0,0,0,0,0,0,83,219,0.0,0.0,0.0,0.0,0.0,0.0,0.0,0.0,0.0,0,0,0,0
696,Arnaud,Kalimuendo,Kalimuendo,u,has joined Eintracht Frankfurt on loan for the rest of the season.,,6.0,90,28.0,0.1,447,65.0,0.0,798.0,86.0,0,0,0.0,0,0.0,0,1,0.0,1.5,0.0,0.0,1.0,503.0,61.0,0.0,0.0,464.0,56.0,397.0,52.0,336.0,52.0,438.0,56.0,,,,,,,,0.44,0.02,0.46,1.59,0.0,0.0,3.03,0.0,6.07,28,0,0,0,0,0,0,0,0,0,0,0,0,0,0,0,0,11,0.0,0.0,0.0,0.0,0.0,0.0,0.0,0.0,0.0,0,0,0,0
715,John Victor,Maciel Furtado,John,i,Knee injury - Expected back 01 Jun,,4.0,671,46.0,0.3,300,39.0,0.0,452.0,57.0,0,0,0.0,0,0.0,1,22,0.0,2.8,0.0,0.0,2.2,306.0,26.0,0.0,0.0,399.0,30.0,562.0,53.0,530.0,40.0,439.0,30.0,,,,,,,,0.0,0.0,0.0,1.26,1.24,0.21,1.65,1.03,0.0,28,0,0,0,0,0,0,0,0,0,0,0,0,0,0,0,32,283,0.0,0.0,0.0,0.0,0.0,0.0,0.0,0.0,0.0,0,0,0,0
716,Nicolò,Savona,Savona,i,Knee injury - Unknown return date,,4.5,453,92.0,0.1,556,200.0,0.0,629.0,242.0,0,0,0.0,0,0.0,0,6,0.0,8.7,0.0,0.0,2.8,216.0,86.0,0.0,0.0,243.0,98.0,218.0,55.0,243.0,66.0,262.0,87.0,,,,,,,,0.12,0.04,0.16,1.32,0.0,0.26,1.58,0.97,5.0,28,0,0,0,0,0,0,0,0,0,0,0,0,0,0,0,4,140,0.0,0.0,0.0,0.0,0.0,0.0,0.0,0.0,0.0,0,0,0,0
729,Luis Eduardo,Soares da Silva,Cuiabano,u,has joined Vasco de Gama on loan for the rest of the season.,,4.5,474,94.0,0.0,812,265.0,0.0,647.0,243.0,0,0,0.0,0,0.0,0,0,0.0,0.0,0.0,0.0,0.0,724.0,258.0,0.0,0.0,721.0,257.0,716.0,257.0,702.0,257.0,722.0,257.0,,,,,,,,0.0,0.0,0.0,0.0,0.0,0.0,0.0,0.0,0.0,28,0,0,0,0,0,0,0,0,0,0,0,0,0,0,0,0,0,0.0,0.0,0.0,0.0,0.0,0.0,0.0,0.0,0.0,0,0,0,0
734,Dilane,Bakwa,Bakwa,a,,,5.9,100,65.0,0.0,677,275.0,0.2,375.0,172.0,0,0,0.0,-1,1.0,1,0,0.0,2.2,-0.3,0.2,1.4,423.0,189.0,100.0,100.0,407.0,180.0,229.0,146.0,279.0,152.0,347.0,166.0,3.0,,,,,,,0.12,0.19,0.31,1.85,0.0,0.0,2.21,0.83,7.18,28,0,0,0,0,0,0,0,0,0,0,0,0,0,0,0,10,18,0.0,0.0,0.0,0.0,0.0,0.0,0.0,0.0,0.0,0,0,0,0
805,Lorenzo,Lucca,Lucca,a,,,5.5,148,36.0,0.0,661,84.0,1.6,192.0,23.0,0,0,0.0,0,0.0,8,12,0.3,1.5,1.1,1.6,2.7,244.0,26.0,,,419.0,49.0,407.0,54.0,353.0,53.0,429.0,55.0,,,,,,,,0.54,0.01,0.55,1.41,0.0,0.76,0.76,0.76,3.78,28,0,0,0,0,0,0,0,0,0,0,0,0,0,0,0,110,235,0.0,0.0,0.0,0.0,0.0,0.0,0.0,0.0,0.0,0,0,0,0
814,Luca,Netz,Netz,a,,,4.5,441,87.0,0.0,795,263.0,0.2,354.0,129.0,0,0,0.0,0,0.0,2,2,0.0,0.2,-0.3,0.2,1.0,472.0,171.0,,,495.0,175.0,465.0,171.0,443.0,165.0,489.0,172.0,,,,,,,,0.0,2.31,2.31,0.0,0.0,0.0,0.0,0.0,0.0,28,0,0,0,0,0,0,0,0,0,0,0,0,0,0,0,8,11,0.0,0.0,0.0,0.0,0.0,0.0,0.0,0.0,0.0,0,0,0,0
528,Anthony,Patterson,Patterson,u,has joined Millwall on loan for the rest of the season.,,4.2,633,34.0,0.2,405,60.0,0.0,521.0,82.0,0,0,0.0,-3,3.0,0,12,0.0,0.0,0.0,0.0,0.0,636.0,88.0,0.0,0.0,627.0,88.0,620.0,78.0,593.0,66.0,629.0,88.0,,,,,,,,0.0,0.0,0.0,0.0,0.0,0.0,0.0,0.0,0.0,28,0,0,0,0,0,0,0,0,0,0,0,0,0,0,0,0,92,0.0,0.0,0.0,0.0,0.0,0.0,0.0,0.0,0.0,0,0,0,0
529,Simon,Moore,Moore,a,,,3.9,740,69.0,0.4,291,38.0,0.0,407.0,28.0,0,0,0.0,-1,1.0,1,5,0.0,0.0,0.0,0.0,0.0,538.0,37.0,,,528.0,37.0,517.0,22.0,483.0,9.0,530.0,37.0,,,,,,,,0.0,0.0,0.0,0.0,0.0,0.0,0.0,0.0,0.0,28,0,0,0,0,0,0,0,0,0,0,0,0,0,0,0,83,89,0.0,0.0,0.0,0.0,0.0,0.0,0.0,0.0,0.0,0,0,0,0
530,Blondy,Nna Noukeu,Nna Noukeu,u,has joined US Boulogne CO permanently.,,3.9,768,86.0,0.1,454,67.0,0.0,429.0,45.0,0,0,0.0,-1,1.0,0,1,0.0,0.0,0.0,0.0,0.0,558.0,54.0,0.0,0.0,548.0,54.0,537.0,39.0,503.0,26.0,550.0,54.0,,,,,,,,0.0,0.0,0.0,0.0,0.0,0.0,0.0,0.0,0.0,28,0,0,0,0,0,0,0,0,0,0,0,0,0,0,0,0,29,0.0,0.0,0.0,0.0,0.0,0.0,0.0,0.0,0.0,0,0,0,0
531,Daniel,Ballard,Ballard,a,,,4.6,400,69.0,3.2,104,40.0,3.6,52.0,16.0,0,0,0.0,1,-1.0,720,105,0.8,22.0,3.6,3.6,4.4,37.0,14.0,100.0,100.0,45.0,19.0,197.0,49.0,58.0,2.0,68.0,12.0,,,,,,,,0.11,0.03,0.14,1.38,0.0,0.26,1.33,0.97,10.78,28,0,0,0,0,0,0,0,0,0,0,0,0,0,0,0,9655,3073,0.0,0.0,0.0,0.0,0.0,0.0,0.0,0.0,0.0,0,0,0,0
532,Trai,Hume,Hume,a,,,4.5,443,88.0,0.3,307,112.0,1.8,176.0,63.0,0,0,0.0,0,0.0,12,11,0.4,16.7,1.8,1.8,2.8,215.0,85.0,,,136.0,61.0,106.0,28.0,147.0,30.0,124.0,38.0,2.0,,,,,,,0.06,0.04,0.1,1.46,0.0,0.28,1.22,1.01,6.12,28,0,0,0,0,0,0,0,0,0,0,0,0,0,0,0,453,317,0.0,0.0,0.0,0.0,0.0,0.0,0.0,0.0,0.0,0,0,0,0
533,Aji,Alese,Alese,u,has joined Portsmouth on loan for the rest of the season.,,4.0,670,166.0,0.0,788,262.0,0.0,451.0,174.0,0,0,0.0,0,0.0,0,0,0.0,0.0,0.0,0.0,0.0,580.0,213.0,0.0,0.0,570.0,212.0,561.0,212.0,529.0,206.0,572.0,212.0,,,,,,,,0.0,0.0,0.0,0.0,0.0,0.0,0.0,0.0,0.0,28,0,0,0,0,0,0,0,0,0,0,0,0,0,0,0,0,2,0.0,0.0,0.0,0.0,0.0,0.0,0.0,0.0,0.0,0,0,0,0
534,Joe,Anderson,Anderson,u,has joined Barrow FC permanently.,,3.8,789,237.0,0.3,305,111.0,0.0,386.0,141.0,0,0,0.0,-2,2.0,0,18,0.0,0.0,0.0,0.0,0.0,520.0,185.0,0.0,0.0,510.0,184.0,496.0,182.0,461.0,173.0,512.0,184.0,,,,,,,,0.0,0.0,0.0,0.0,0.0,0.0,0.0,0.0,0.0,28,0,0,0,0,0,0,0,0,0,0,0,0,0,0,0,0,182,0.0,0.0,0.0,0.0,0.0,0.0,0.0,0.0,0.0,0,0,0,0
535,Dennis,Cirkin,Cirkin,i,Hamstring injury - Expected back 21 Mar,,4.0,681,171.0,0.1,579,207.0,0.0,462.0,179.0,0,0,0.0,0,0.0,0,14,0.0,3.2,0.0,0.0,2.2,307.0,114.0,0.0,0.0,397.0,151.0,429.0,155.0,435.0,160.0,436.0,157.0,,,,,,,,0.0,0.01,0.01,1.84,0.0,0.3,0.61,0.91,7.91,28,0,0,0,0,0,0,0,0,0,0,0,0,0,0,0,5,183,0.0,0.0,0.0,0.0,0.0,0.0,0.0,0.0,0.0,0,0,0,0
536,Leo Fuhr,Hjelde,Hjelde,u,has joined Sheffield United on loan for the rest of the season.,,4.0,689,174.0,0.0,714,248.0,0.0,469.0,181.0,0,0,0.0,0,0.0,0,2,0.0,0.0,0.0,0.0,0.0,596.0,219.0,0.0,0.0,586.0,218.0,578.0,218.0,546.0,212.0,588.0,218.0,,,,,,,,0.0,0.0,0.0,0.0,0.0,0.0,0.0,0.0,0.0,28,0,0,0,0,0,0,0,0,0,0,0,0,0,0,0,0,10,0.0,0.0,0.0,0.0,0.0,0.0,0.0,0.0,0.0,0,0,0,0
537,Niall,Huggins,Huggins,u,has joined Wycombe Wanderers on loan for the rest of the season.,,4.0,691,175.0,0.1,538,191.0,0.0,471.0,182.0,0,0,0.0,0,0.0,0,0,0.0,0.0,0.0,0.0,0.0,598.0,220.0,0.0,0.0,588.0,219.0,580.0,219.0,548.0,213.0,590.0,219.0,,,,,,,,0.0,0.0,0.0,0.0,0.0,0.0,0.0,0.0,0.0,28,0,0,0,0,0,0,0,0,0,0,0,0,0,0,0,0,10,0.0,0.0,0.0,0.0,0.0,0.0,0.0,0.0,0.0,0,0,0,0
538,Zak,Johnson,Johnson,u,has joined York City on loan for the rest of the season.,,3.8,800,248.0,0.2,364,133.0,0.0,394.0,149.0,0,0,0.0,-2,2.0,0,10,0.0,0.0,0.0,0.0,0.0,527.0,192.0,0.0,0.0,517.0,191.0,503.0,189.0,468.0,180.0,519.0,191.0,,,,,,,,0.0,0.0,0.0,0.0,0.0,0.0,0.0,0.0,0.0,28,0,0,0,0,0,0,0,0,0,0,0,0,0,0,0,0,100,0.0,0.0,0.0,0.0,0.0,0.0,0.0,0.0,0.0,0,0,0,0
539,Luke,O'Nien,O'Nien,a,,,4.0,668,164.0,0.1,551,198.0,0.2,342.0,122.0,0,0,0.0,0,0.0,6,3,0.0,0.5,0.2,0.2,0.4,513.0,179.0,100.0,100.0,466.0,168.0,463.0,169.0,527.0,204.0,482.0,169.0,,,,,,,,0.0,0.0,0.0,3.52,0.0,0.0,0.0,0.0,12.27,28,0,0,0,0,0,0,0,0,0,0,0,0,0,0,0,56,40,0.0,0.0,0.0,0.0,0.0,0.0,0.0,0.0,0.0,0,0,0,0
540,Timothée,Pembélé,Pembele,u,has joined Le Havre AC on loan for the rest of the season.,,3.9,761,221.0,0.3,325,118.0,0.0,423.0,162.0,0,0,0.0,-1,1.0,0,14,0.0,0.0,0.0,0.0,0.0,553.0,202.0,0.0,0.0,543.0,201.0,532.0,201.0,498.0,193.0,545.0,201.0,,,,,,,,0.0,0.0,0.0,0.0,0.0,0.0,0.0,0.0,0.0,28,0,0,0,0,0,0,0,0,0,0,0,0,0,0,0,0,103,0.0,0.0,0.0,0.0,0.0,0.0,0.0,0.0,0.0,0,0,0,0
541,Reinildo,Mandava,Reinildo,i,Knee injury - Expected back 14 Mar,,3.8,792,240.0,3.1,107,42.0,2.6,109.0,38.0,0,0,0.0,-2,2.0,25,426,0.7,13.4,0.0,0.0,3.0,184.0,70.0,0.0,0.0,189.0,77.0,260.0,79.0,338.0,111.0,275.0,91.0,,,,,,,,0.01,0.03,0.04,1.26,0.0,0.25,1.26,1.07,7.69,28,0,0,0,0,0,0,0,0,0,0,0,0,0,0,0,340,5866,0.0,0.0,0.0,0.0,0.0,0.0,0.0,0.0,0.0,0,0,0,0
542,Jenson,Seelt,Seelt,u,has joined Wolfsburg on loan for the rest of the season.,,4.0,708,186.0,0.1,504,180.0,0.0,486.0,191.0,0,0,0.0,0,0.0,0,1,0.0,0.5,0.0,0.0,1.0,451.0,164.0,0.0,0.0,424.0,159.0,451.0,164.0,561.0,220.0,452.0,162.0,,,,,,,,0.0,0.01,0.01,0.9,0.0,0.0,1.35,0.68,8.12,28,0,0,0,0,0,0,0,0,0,0,0,0,0,0,0,0,10,0.0,0.0,0.0,0.0,0.0,0.0,0.0,0.0,0.0,0,0,0,0
543,Simon,Adingra,Adingra,u,has joined AS Monaco on loan for the rest of the season.,,4.9,344,212.0,0.4,293,100.0,0.0,729.0,307.0,0,0,0.0,-6,6.0,0,22,0.0,6.9,0.0,0.0,2.4,290.0,126.0,0.0,0.0,365.0,162.0,225.0,145.0,274.0,151.0,338.0,162.0,,,,,,,,0.05,0.09,0.14,1.57,0.0,0.55,1.11,1.25,6.24,28,0,0,0,0,0,0,0,0,0,0,0,0,0,0,0,0,229,0.0,0.0,0.0,0.0,0.0,0.0,0.0,0.0,0.0,0,0,0,0
544,Habib,Diarra,Diarra,a,,,5.3,203,126.0,0.1,529,192.0,3.8,43.0,20.0,0,0,0.0,-2,2.0,6,8,0.7,6.0,3.8,3.8,3.2,160.0,68.0,100.0,100.0,385.0,171.0,311.0,176.0,235.0,130.0,352.0,168.0,,,1.0,,,,,0.12,0.05,0.17,1.22,0.0,0.36,0.97,0.97,5.32,28,0,0,0,0,0,0,0,0,0,0,0,0,0,0,0,380,216,0.0,0.0,0.0,0.0,0.0,0.0,0.0,0.0,0.0,0,0,0,0
545,Patrick,Roberts,Roberts,u,has joined Birmingham City permanently.,,5.4,159,98.0,0.0,725,303.0,0.0,768.0,333.0,0,0,0.0,-1,1.0,0,0,0.0,0.2,0.0,0.0,1.0,499.0,234.0,0.0,0.0,487.0,226.0,433.0,210.0,427.0,210.0,475.0,219.0,,,,,,,,0.1,0.07,0.17,2.2,0.0,0.0,3.33,0.0,3.33,28,0,0,0,0,0,0,0,0,0,0,0,0,0,0,0,0,0,0.0,0.0,0.0,0.0,0.0,0.0,0.0,0.0,0.0,0,0,0,0
546,Milan,Aleksić,Aleksić,a,,,4.9,349,217.0,0.0,691,285.0,0.0,732.0,310.0,0,0,0.0,-1,1.0,0,2,0.0,0.0,0.0,0.0,0.0,778.0,338.0,100.0,100.0,778.0,338.0,774.0,338.0,770.0,336.0,778.0,338.0,,,,,,,,0.0,0.0,0.0,0.0,0.0,0.0,0.0,0.0,0.0,28,0,0,0,0,0,0,0,0,0,0,0,0,0,0,0,10,6,0.0,0.0,0.0,0.0,0.0,0.0,0.0,0.0,0.0,0,0,0,0
547,Enzo,Le Fée,E.Le Fée,a,,,4.9,337,209.0,1.4,166,56.0,3.8,41.0,19.0,0,0,0.0,-1,1.0,357,84,0.8,20.4,3.8,3.8,3.8,89.0,43.0,100.0,100.0,61.0,18.0,21.0,21.0,128.0,74.0,38.0,28.0,3.0,2.0,2.0,,,,,0.19,0.12,0.31,1.47,0.0,0.3,1.28,1.02,9.49,28,0,0,0,0,0,0,0,0,0,0,0,0,0,0,0,9789,3212,0.0,0.0,0.0,0.0,0.0,0.0,0.0,0.0,0.0,0,0,0,0
548,Romaine,Mundle,Mundle,i,Hamstring injury - Expected back 22 Mar,,4.9,332,205.0,0.0,742,315.0,0.8,270.0,121.0,0,0,0.0,-1,1.0,0,2,0.2,2.9,0.0,0.0,1.0,489.0,225.0,0.0,0.0,429.0,189.0,367.0,189.0,283.0,155.0,395.0,183.0,,,,,,,,0.2,0.11,0.31,1.93,0.0,0.0,2.48,0.45,7.44,28,0,0,0,0,0,0,0,0,0,0,0,0,0,0,0,9,19,0.0,0.0,0.0,0.0,0.0,0.0,0.0,0.0,0.0,0,0,0,0
549,Dan,Neil,Neil,u,has joined Ipswich Town on loan for the rest of the season.,,4.8,362,226.0,0.0,649,260.0,0.0,698.0,287.0,0,0,0.0,-2,2.0,0,2,0.0,0.6,0.0,0.0,1.0,487.0,224.0,0.0,0.0,480.0,222.0,460.0,223.0,748.0,323.0,491.0,227.0,,,,,,,,0.0,0.0,0.0,4.43,0.0,0.0,0.0,0.0,13.85,28,0,0,0,0,0,0,0,0,0,0,0,0,0,0,0,0,9,0.0,0.0,0.0,0.0,0.0,0.0,0.0,0.0,0.0,0,0,0,0
550,Ian,Poveda-Ocampo,Poveda,a,,,4.8,359,225.0,0.0,662,267.0,0.0,696.0,286.0,0,0,0.0,-2,2.0,1,1,0.0,0.0,0.0,0.0,0.0,760.0,325.0,,,760.0,325.0,755.0,325.0,747.0,322.0,760.0,325.0,,,,,,,,0.0,0.0,0.0,0.0,0.0,0.0,0.0,0.0,0.0,28,0,0,0,0,0,0,0,0,0,0,0,0,0,0,0,8,5,0.0,0.0,0.0,0.0,0.0,0.0,0.0,0.0,0.0,0,0,0,0
551,Chris,Rigg,Rigg,a,,,4.7,392,245.0,0.0,596,226.0,0.0,690.0,281.0,0,0,0.0,-3,3.0,0,1,0.0,3.2,0.0,0.0,1.5,409.0,182.0,,,444.0,196.0,341.0,184.0,374.0,189.0,420.0,189.0,,,,,,,,0.08,0.08,0.16,1.23,0.0,0.48,0.48,1.44,6.48,28,0,0,0,0,0,0,0,0,0,0,0,0,0,0,0,25,28,0.0,0.0,0.0,0.0,0.0,0.0,0.0,0.0,0.0,0,0,0,0
552,Noah,Sadiki,Sadiki,a,,,4.9,347,215.0,0.1,566,209.0,1.8,180.0,80.0,0,0,0.0,-1,1.0,2,3,0.4,11.0,1.8,1.8,2.5,277.0,117.0,100.0,100.0,223.0,97.0,157.0,109.0,307.0,164.0,243.0,123.0,,,,,,,,0.02,0.04,0.06,1.28,0.0,0.28,1.26,1.02,8.0,28,0,0,0,0,0,0,0,0,0,0,0,0,0,0,0,77,42,0.0,0.0,0.0,0.0,0.0,0.0,0.0,0.0,0.0,0,0,0,0
553,Chemsdine,Talbi,Talbi,a,,,4.9,345,213.0,0.2,410,138.0,2.2,141.0,64.0,0,0,0.0,-1,1.0,7,11,0.4,12.9,2.2,2.2,3.1,177.0,75.0,100.0,100.0,270.0,116.0,180.0,122.0,160.0,89.0,238.0,119.0,,,,,,,,0.11,0.05,0.16,1.21,0.0,0.5,0.75,0.92,5.34,28,0,0,0,0,0,0,0,0,0,0,0,0,0,0,0,140,130,0.0,0.0,0.0,0.0,0.0,0.0,0.0,0.0,0.0,0,0,0,0
554,Abdoullah,Ba,Ba,a,,,4.3,591,346.0,0.3,296,101.0,0.0,540.0,177.0,0,0,0.0,-2,2.0,7,18,0.0,0.0,0.0,0.0,0.0,645.0,242.0,,,635.0,233.0,630.0,238.0,605.0,225.0,637.0,235.0,,,,,,,,0.0,0.0,0.0,0.0,0.0,0.0,0.0,0.0,0.0,28,0,0,0,0,0,0,0,0,0,0,0,0,0,0,0,148,284,0.0,0.0,0.0,0.0,0.0,0.0,0.0,0.0,0.0,0,0,0,0
555,Alan,Browne,Browne,u,has joined Middlesbrough on loan for the rest of the season.,,4.5,414,252.0,0.0,641,255.0,0.0,604.0,216.0,0,0,0.0,0,0.0,0,1,0.0,0.0,0.0,0.0,0.0,691.0,271.0,0.0,0.0,685.0,266.0,679.0,269.0,660.0,261.0,687.0,268.0,,,,,,,,0.0,0.0,0.0,0.0,0.0,0.0,0.0,0.0,0.0,28,0,0,0,0,0,0,0,0,0,0,0,0,0,0,0,0,2,0.0,0.0,0.0,0.0,0.0,0.0,0.0,0.0,0.0,0,0,0,0
556,Pierre,Ekwah Elimby,Ekwah,u,Has joined AS Saint-Etienne permanently.,,4.5,436,260.0,0.0,772,333.0,0.0,619.0,224.0,0,0,0.0,0,0.0,0,0,0.0,0.0,0.0,0.0,0.0,702.0,278.0,0.0,0.0,696.0,273.0,693.0,276.0,676.0,269.0,698.0,275.0,,,,,,,,0.0,0.0,0.0,0.0,0.0,0.0,0.0,0.0,0.0,28,0,0,0,0,0,0,0,0,0,0,0,0,0,0,0,0,0,0.0,0.0,0.0,0.0,0.0,0.0,0.0,0.0,0.0,0,0,0,0
557,Harrison,Jones,H.Jones,a,,,4.3,609,355.0,0.1,536,197.0,0.0,553.0,186.0,0,0,0.0,-2,2.0,5,4,0.0,0.0,0.0,0.0,0.0,653.0,248.0,,,643.0,239.0,639.0,244.0,615.0,232.0,645.0,241.0,,,,,,,,0.0,0.0,0.0,0.0,0.0,0.0,0.0,0.0,0.0,28,0,0,0,0,0,0,0,0,0,0,0,0,0,0,0,97,46,0.0,0.0,0.0,0.0,0.0,0.0,0.0,0.0,0.0,0,0,0,0
558,Jay,Matete,Matete,u,has joined MK Dons permanently.,,4.3,598,349.0,0.2,396,132.0,0.0,544.0,180.0,0,0,0.0,-2,2.0,0,9,0.0,0.0,0.0,0.0,0.0,647.0,244.0,0.0,0.0,637.0,235.0,632.0,240.0,607.0,227.0,639.0,237.0,,,,,,,,0.0,0.0,0.0,0.0,0.0,0.0,0.0,0.0,0.0,28,0,0,0,0,0,0,0,0,0,0,0,0,0,0,0,0,95,0.0,0.0,0.0,0.0,0.0,0.0,0.0,0.0,0.0,0,0,0,0
559,Nectarios,Triantis,Triantis,u,has joined Minnesota United permanently.,,4.4,548,327.0,0.0,640,254.0,0.0,580.0,201.0,0,0,0.0,-1,1.0,0,0,0.0,0.0,0.0,0.0,0.0,672.0,260.0,0.0,0.0,663.0,252.0,659.0,257.0,637.0,246.0,665.0,254.0,,,,,,,,0.0,0.0,0.0,0.0,0.0,0.0,0.0,0.0,0.0,28,0,0,0,0,0,0,0,0,0,0,0,0,0,0,0,0,0,0.0,0.0,0.0,0.0,0.0,0.0,0.0,0.0,0.0,0,0,0,0
560,Wilson,Isidor,Isidor,a,,,5.1,233,52.0,1.4,162,26.0,0.8,274.0,34.0,0,0,0.0,-4,4.0,49,86,0.2,10.8,0.8,0.8,2.3,296.0,32.0,100.0,100.0,280.0,26.0,384.0,50.0,46.0,19.0,209.0,26.0,,,,,,,,0.32,0.01,0.33,1.49,0.0,0.35,1.32,0.97,3.7,28,0,0,0,0,0,0,0,0,0,0,0,0,0,0,0,1674,1688,0.0,0.0,0.0,0.0,0.0,0.0,0.0,0.0,0.0,0,0,0,0
561,Eliezer,Mayenda Dossou,Mayenda,a,,,5.2,218,50.0,0.5,257,41.0,0.2,371.0,47.0,0,0,0.0,-3,3.0,10,12,0.0,5.2,0.2,0.2,1.8,368.0,42.0,,,371.0,37.0,333.0,39.0,178.0,38.0,336.0,39.0,,,,,,,,0.17,0.03,0.2,1.64,0.0,0.46,1.22,0.91,3.19,28,0,0,0,0,0,0,0,0,0,0,0,0,0,0,0,155,139,0.0,0.0,0.0,0.0,0.0,0.0,0.0,0.0,0.0,0,0,0,0
562,Ahmed,Abdullahi,Abdullahi,a,,,4.2,647,91.0,0.5,265,42.0,0.0,529.0,52.0,0,0,0.0,-3,3.0,35,36,0.0,0.0,0.0,0.0,0.0,640.0,65.0,,,631.0,65.0,625.0,64.0,599.0,64.0,633.0,65.0,,,,,,,,0.0,0.0,0.0,0.0,0.0,0.0,0.0,0.0,0.0,28,0,0,0,0,0,0,0,0,0,0,0,0,0,0,0,324,595,0.0,0.0,0.0,0.0,0.0,0.0,0.0,0.0,0.0,0,0,0,0
563,Luís Hemir,Silva Semedo,Luís Hemir,u,has joined Moreirense on loan for the rest of the season.,,4.4,557,80.0,0.1,511,72.0,0.0,587.0,61.0,0,0,0.0,-1,1.0,0,0,0.0,0.0,0.0,0.0,0.0,678.0,72.0,0.0,0.0,670.0,72.0,665.0,71.0,645.0,71.0,672.0,72.0,,,,,,,,0.0,0.0,0.0,0.0,0.0,0.0,0.0,0.0,0.0,28,0,0,0,0,0,0,0,0,0,0,0,0,0,0,0,0,7,0.0,0.0,0.0,0.0,0.0,0.0,0.0,0.0,0.0,0,0,0,0
564,Nazarii,Rusyn,Rusyn,u,has joined Arka on loan for the rest of the season.,,4.4,539,77.0,0.1,514,73.0,0.0,575.0,58.0,0,0,0.0,-1,1.0,0,0,0.0,0.0,0.0,0.0,0.0,668.0,69.0,0.0,0.0,658.0,69.0,654.0,68.0,632.0,68.0,660.0,69.0,,,,,,,,0.0,0.0,0.0,0.0,0.0,0.0,0.0,0.0,0.0,28,0,0,0,0,0,0,0,0,0,0,0,0,0,0,0,0,7,0.0,0.0,0.0,0.0,0.0,0.0,0.0,0.0,0.0,0,0,0,0
668,Granit,Xhaka,Xhaka,a,,,5.1,222,137.0,3.4,96,30.0,0.2,365.0,164.0,0,0,0.0,1,-1.0,155,140,0.0,17.8,0.2,0.2,4.0,65.0,29.0,100.0,100.0,52.0,13.0,39.0,37.0,271.0,149.0,69.0,43.0,1.0,1.0,,,,,,0.03,0.1,0.13,1.44,0.0,0.32,1.09,1.0,10.99,28,0,0,0,0,0,0,0,0,0,0,0,0,0,0,0,2232,3677,0.0,0.0,0.0,0.0,0.0,0.0,0.0,0.0,0.0,0,0,0,0
670,Robin,Roefs,Roefs,a,,,4.9,340,13.0,11.5,31,6.0,2.0,163.0,13.0,0,0,0.0,4,-4.0,283,697,0.4,22.0,2.0,2.0,4.0,63.0,2.0,,,11.0,2.0,351.0,2.0,768.0,88.0,144.0,2.0,,,,,,,,0.0,0.0,0.0,1.46,3.0,0.3,1.22,1.0,0.0,28,0,0,0,0,0,0,0,0,0,0,0,0,0,0,0,5161,17326,0.0,0.0,0.0,0.0,0.0,0.0,0.0,0.0,0.0,0,0,0,0
678,Arthur,Masuaku,Masuaku,u,has joined RC Lens on loan for the rest of the season.,,3.9,745,213.0,0.5,259,96.0,0.0,412.0,159.0,0,0,0.0,-1,1.0,0,8,0.0,0.3,0.0,0.0,0.3,514.0,180.0,0.0,0.0,439.0,164.0,391.0,141.0,414.0,155.0,445.0,160.0,,,,,,,,0.05,0.06,0.11,1.5,0.0,0.0,1.44,1.44,7.2,28,0,0,0,0,0,0,0,0,0,0,0,0,0,0,0,0,132,0.0,0.0,0.0,0.0,0.0,0.0,0.0,0.0,0.0,0,0,0,0
683,Omar,Alderete,Alderete,a,,,4.1,651,157.0,6.3,59,20.0,2.0,153.0,51.0,0,0,0.0,1,-1.0,423,348,0.5,21.7,2.0,2.0,3.9,78.0,28.0,100.0,100.0,48.0,22.0,223.0,57.0,116.0,19.0,104.0,28.0,,,,,,,,0.06,0.04,0.1,1.47,0.0,0.32,1.26,0.99,9.44,28,0,0,0,0,0,0,0,0,0,0,0,0,0,0,0,7357,9739,0.0,0.0,0.0,0.0,0.0,0.0,0.0,0.0,0.0,0,0,0,0
694,Nordi,Mukiele,Mukiele,i,Calf injury - Expected back 14 Mar,,4.6,398,67.0,11.8,28,10.0,2.6,113.0,42.0,0,0,0.0,6,-6.0,22,11065,0.6,25.0,0.0,0.0,4.6,25.0,10.0,0.0,0.0,41.0,16.0,97.0,24.0,189.0,45.0,81.0,19.0,,,,,,,,0.04,0.08,0.12,1.49,0.0,0.29,1.17,1.04,9.36,28,0,0,0,0,0,0,0,0,0,0,0,0,0,0,0,292,174586,0.0,0.0,0.0,0.0,0.0,0.0,0.0,0.0,0.0,0,0,0,0
724,Lutsharel,Geertruida,Geertruida,a,,,4.5,425,83.0,0.0,597,212.0,0.8,260.0,94.0,0,0,0.0,0,0.0,5,5,0.2,8.0,0.8,0.8,1.7,377.0,142.0,,,262.0,108.0,247.0,72.0,323.0,105.0,312.0,105.0,,,,,,,,0.04,0.06,0.1,1.93,0.0,0.17,1.49,0.83,6.04,28,0,0,0,0,0,0,0,0,0,0,0,0,0,0,0,74,41,0.0,0.0,0.0,0.0,0.0,0.0,0.0,0.0,0.0,0,0,0,0
730,Brian,Brobbey,Brobbey,i,Groin Injury - Expected back 14 Mar,,5.4,174,43.0,1.0,189,30.0,1.2,236.0,28.0,0,-1,1.0,-1,1.0,6,1299,0.2,11.5,0.0,0.0,2.8,224.0,23.0,0.0,0.0,224.0,19.0,257.0,25.0,87.0,27.0,203.0,25.0,,,,,,,,0.2,0.03,0.23,1.59,0.0,0.3,1.28,0.98,3.77,28,0,0,0,0,0,0,0,0,0,0,0,0,0,0,0,76,20123,0.0,0.0,0.0,0.0,0.0,0.0,0.0,0.0,0.0,0,0,0,0
735,Bertrand,Traoré,Traoré,a,,,5.5,136,84.0,0.0,643,257.0,0.0,781.0,343.0,0,0,0.0,0,0.0,7,1,0.0,5.1,0.0,0.0,2.8,226.0,92.0,100.0,100.0,331.0,149.0,237.0,148.0,195.0,108.0,296.0,147.0,,,,,,,,0.07,0.04,0.11,1.33,0.0,0.44,1.33,1.33,5.93,28,0,0,0,0,0,0,0,0,0,0,0,0,0,0,0,68,12,0.0,0.0,0.0,0.0,0.0,0.0,0.0,0.0,0.0,0,0,0,0
774,Jenson,Jones,Jenson Jones,a,,,4.0,674,168.0,0.0,693,240.0,0.0,455.0,176.0,0,0,0.0,0,0.0,1,2,0.0,0.0,0.0,0.0,0.0,583.0,215.0,,,573.0,214.0,565.0,214.0,533.0,208.0,575.0,214.0,,,,,,,,0.0,0.0,0.0,0.0,0.0,0.0,0.0,0.0,0.0,28,0,0,0,0,0,0,0,0,0,0,0,0,0,0,0,51,17,0.0,0.0,0.0,0.0,0.0,0.0,0.0,0.0,0.0,0,0,0,0
775,Tymur,Tutierov,Tutierov,u,has joined Exeter City on loan for the rest of the season.,,4.5,494,303.0,0.0,816,365.0,0.0,665.0,263.0,0,0,0.0,0,0.0,0,0,0.0,0.0,0.0,0.0,0.0,739.0,309.0,0.0,0.0,738.0,308.0,732.0,308.0,719.0,304.0,738.0,308.0,,,,,,,,0.0,0.0,0.0,0.0,0.0,0.0,0.0,0.0,0.0,28,0,0,0,0,0,0,0,0,0,0,0,0,0,0,0,0,0,0.0,0.0,0.0,0.0,0.0,0.0,0.0,0.0,0.0,0,0,0,0
800,Djiamgone Jocelin Ta,Bi,Jocelin.T,i,Ankle injury - Expected back 22 Mar,,5.0,284,177.0,0.0,814,363.0,0.2,364.0,163.0,0,0,0.0,0,0.0,0,2,0.0,0.2,0.0,0.0,1.0,495.0,230.0,0.0,0.0,476.0,219.0,443.0,214.0,451.0,223.0,478.0,222.0,1.0,,,,,,,0.0,0.09,0.09,0.57,0.0,0.0,0.0,2.37,7.11,28,0,0,0,0,0,0,0,0,0,0,0,0,0,0,0,4,7,0.0,0.0,0.0,0.0,0.0,0.0,0.0,0.0,0.0,0,0,0,0
812,Melker,Ellborg,Ellborg,a,,,4.0,701,61.0,0.0,775,89.0,0.0,481.0,72.0,0,0,0.0,0,0.0,3,0,0.0,0.0,0.0,0.0,0.0,606.0,80.0,,,596.0,80.0,588.0,68.0,556.0,55.0,598.0,80.0,,,,,,,,0.0,0.0,0.0,0.0,0.0,0.0,0.0,0.0,0.0,28,0,0,0,0,0,0,0,0,0,0,0,0,0,0,0,56,8,0.0,0.0,0.0,0.0,0.0,0.0,0.0,0.0,0.0,0,0,0,0
813,Nilson,Angulo,Angulo,a,,,5.0,275,170.0,0.0,765,328.0,1.2,231.0,100.0,0,0,0.0,0,0.0,3,0,0.2,1.0,1.2,1.2,1.7,383.0,167.0,,,447.0,198.0,378.0,192.0,303.0,163.0,411.0,188.0,,,,,,,,0.29,0.03,0.32,2.64,0.0,0.0,2.35,1.18,3.53,28,0,0,0,0,0,0,0,0,0,0,0,0,0,0,0,88,19,0.0,0.0,0.0,0.0,0.0,0.0,0.0,0.0,0.0,0,0,0,0
565,Guglielmo,Vicario,Vicario,a,,,4.7,381,16.0,5.8,65,10.0,1.2,226.0,17.0,0,0,0.0,-3,3.0,44,209,0.3,17.7,1.2,1.2,3.1,174.0,19.0,,,22.0,6.0,487.0,15.0,741.0,81.0,191.0,8.0,,,,,,,,0.0,0.0,0.0,1.45,2.7,0.26,1.52,1.0,0.0,28,0,0,0,0,0,0,0,0,0,0,0,0,0,0,0,602,4897,0.0,0.0,0.0,0.0,0.0,0.0,0.0,0.0,0.0,0,0,0,0
566,Brandon,Austin,Austin,a,,,3.9,752,78.0,0.3,320,44.0,0.0,417.0,37.0,0,0,0.0,-1,1.0,1,2,0.0,0.0,0.0,0.0,0.0,547.0,46.0,,,537.0,46.0,526.0,31.0,492.0,18.0,539.0,46.0,,,,,,,,0.0,0.0,0.0,0.0,0.0,0.0,0.0,0.0,0.0,28,0,0,0,0,0,0,0,0,0,0,0,0,0,0,0,47,75,0.0,0.0,0.0,0.0,0.0,0.0,0.0,0.0,0.0,0,0,0,0
567,Antonín,Kinský,Kinsky,a,,,3.9,767,85.0,1.6,151,19.0,0.0,428.0,44.0,0,0,0.0,-1,1.0,9,32,0.0,0.0,0.0,0.0,0.0,557.0,53.0,,,547.0,53.0,536.0,38.0,502.0,25.0,549.0,53.0,,,,,,,,0.0,0.0,0.0,0.0,0.0,0.0,0.0,0.0,0.0,28,0,0,0,0,0,0,0,0,0,0,0,0,0,0,0,121,472,0.0,0.0,0.0,0.0,0.0,0.0,0.0,0.0,0.0,0,0,0,0
568,Pedro,Porro Sauceda,Pedro Porro,a,,,5.1,234,33.0,9.3,38,14.0,0.0,754.0,256.0,0,0,0.0,-4,4.0,140,136,0.0,15.5,0.0,0.0,3.4,137.0,49.0,100.0,100.0,96.0,45.0,23.0,1.0,252.0,70.0,70.0,13.0,2.0,2.0,,,,,,0.02,0.14,0.16,1.26,0.0,0.35,1.19,1.04,6.73,28,0,0,0,0,0,0,0,0,0,0,0,0,0,0,0,1535,2235,0.0,0.0,0.0,0.0,0.0,0.0,0.0,0.0,0.0,0,0,0,0
569,Cristian,Romero,Romero,s,Suspended until 15 Mar,,5.0,252,37.0,3.2,103,39.0,-0.6,818.0,265.0,0,0,0.0,0,0.0,5,371,-0.1,17.8,0.0,0.0,4.2,52.0,23.0,0.0,0.0,46.0,20.0,233.0,63.0,114.0,18.0,106.0,29.0,,,,,,,,0.07,0.06,0.13,1.36,0.0,0.26,1.53,1.05,9.58,28,0,0,0,0,0,0,0,0,0,0,0,0,0,0,0,22,5135,0.0,0.0,0.0,0.0,0.0,0.0,0.0,0.0,0.0,0,0,0,0
570,Kevin,Danso,Danso,a,,,4.2,627,141.0,0.1,438,162.0,0.0,518.0,215.0,0,0,0.0,-3,3.0,3,2,0.0,6.4,0.0,0.0,2.1,316.0,115.0,100.0,100.0,258.0,104.0,427.0,154.0,407.0,150.0,358.0,122.0,,,,,,,,0.0,0.02,0.02,1.46,0.0,0.27,1.64,1.09,12.72,28,0,0,0,0,0,0,0,0,0,0,0,0,0,0,0,32,22,0.0,0.0,0.0,0.0,0.0,0.0,0.0,0.0,0.0,0,0,0,0
571,Ben,Davies,Davies,i,Ankle injury - Unknown return date,,4.3,577,125.0,0.1,540,193.0,0.0,534.0,226.0,0,0,0.0,-2,2.0,0,4,0.0,2.3,0.0,0.0,3.3,141.0,53.0,0.0,0.0,386.0,147.0,387.0,138.0,315.0,100.0,389.0,139.0,,,,,,,,0.32,0.05,0.37,0.73,0.0,0.0,1.99,1.32,9.26,28,0,0,0,0,0,0,0,0,0,0,0,0,0,0,0,10,21,0.0,0.0,0.0,0.0,0.0,0.0,0.0,0.0,0.0,0,0,0,0
572,Radu,Drăgușin,Dragusin,a,,,4.5,449,90.0,0.0,678,236.0,1.2,224.0,85.0,0,0,0.0,0,0.0,6,1,0.3,1.8,1.2,1.2,1.3,427.0,154.0,100.0,100.0,367.0,140.0,453.0,165.0,388.0,138.0,412.0,146.0,,,,,,,,0.05,0.0,0.05,2.18,0.0,0.0,2.69,0.81,11.86,28,0,0,0,0,0,0,0,0,0,0,0,0,0,0,0,74,77,0.0,0.0,0.0,0.0,0.0,0.0,0.0,0.0,0.0,0,0,0,0
573,Djed,Spence,Spence,a,,,4.2,634,146.0,1.0,195,75.0,0.0,522.0,218.0,0,0,0.0,-3,3.0,34,39,0.0,13.1,0.0,0.0,2.5,268.0,105.0,100.0,100.0,226.0,88.0,162.0,39.0,170.0,39.0,207.0,68.0,,,,,,,,0.04,0.09,0.13,1.5,0.0,0.37,1.44,1.01,4.75,28,0,0,0,0,0,0,0,0,0,0,0,0,0,0,0,409,763,0.0,0.0,0.0,0.0,0.0,0.0,0.0,0.0,0.0,0,0,0,0
574,Destiny,Udogie,Udogie,i,Hamstring injury - Expected back 15 Mar,,4.3,593,136.0,0.3,317,116.0,0.2,348.0,126.0,0,0,0.0,-2,2.0,0,9,0.0,3.5,0.0,0.0,1.2,436.0,157.0,0.0,0.0,303.0,115.0,219.0,56.0,260.0,73.0,301.0,100.0,,,,,,,,0.02,0.06,0.08,1.58,0.0,0.0,1.93,0.91,4.53,28,0,0,0,0,0,0,0,0,0,0,0,0,0,0,0,7,112,0.0,0.0,0.0,0.0,0.0,0.0,0.0,0.0,0.0,0,0,0,0
575,Micky,van de Ven,Van de Ven,a,,,4.5,447,89.0,22.8,16,5.0,0.8,261.0,95.0,0,0,0.0,0,0.0,664,1024,0.2,22.2,0.8,0.8,4.0,61.0,27.0,100.0,100.0,37.0,14.0,286.0,91.0,119.0,21.0,108.0,30.0,,,,,,,,0.11,0.01,0.12,1.41,0.0,0.28,1.49,1.0,6.87,28,0,0,0,0,0,0,0,0,0,0,0,0,0,0,0,6841,30488,0.0,0.0,0.0,0.0,0.0,0.0,0.0,0.0,0.0,0,0,0,0
576,Ashley,Phillips,Phillips,u,Has joined Stoke City on loan for the rest of the season.,,4.0,709,187.0,0.0,730,253.0,0.0,487.0,192.0,0,0,0.0,0,0.0,0,0,0.0,0.0,0.0,0.0,0.0,611.0,227.0,0.0,0.0,601.0,226.0,593.0,226.0,562.0,221.0,603.0,226.0,,,,,,,,0.0,0.0,0.0,0.0,0.0,0.0,0.0,0.0,0.0,28,0,0,0,0,0,0,0,0,0,0,0,0,0,0,0,0,1,0.0,0.0,0.0,0.0,0.0,0.0,0.0,0.0,0.0,0,0,0,0
577,Takai,Kōta,Takai,u,has joined Borussia Mönchengladbach on loan for the rest of the season.,,4.0,711,188.0,0.0,601,214.0,0.0,489.0,193.0,0,0,0.0,0,0.0,0,2,0.0,0.0,0.0,0.0,0.0,613.0,228.0,0.0,0.0,603.0,227.0,595.0,227.0,564.0,222.0,605.0,227.0,,,,,,,,0.0,0.0,0.0,0.0,0.0,0.0,0.0,0.0,0.0,28,0,0,0,0,0,0,0,0,0,0,0,0,0,0,0,0,7,0.0,0.0,0.0,0.0,0.0,0.0,0.0,0.0,0.0,0,0,0,0
578,Luka,Vušković,Vuskovic,u,has joined Hamburger SV on loan for the rest of the season.,,3.9,782,231.0,0.3,309,113.0,0.0,442.0,170.0,0,0,0.0,-1,1.0,0,3,0.0,0.0,0.0,0.0,0.0,571.0,209.0,0.0,0.0,561.0,208.0,550.0,208.0,517.0,201.0,563.0,208.0,,,,,,,,0.0,0.0,0.0,0.0,0.0,0.0,0.0,0.0,0.0,28,0,0,0,0,0,0,0,0,0,0,0,0,0,0,0,0,34,0.0,0.0,0.0,0.0,0.0,0.0,0.0,0.0,0.0,0,0,0,0
579,Son,Heung-min,Son,u,has joined Los Angeles FC permanently.,,8.5,11,6.0,0.1,443,151.0,0.0,814.0,366.0,0,0,0.0,0,0.0,0,0,0.0,0.0,0.0,0.0,0.0,818.0,367.0,0.0,0.0,818.0,367.0,818.0,367.0,818.0,367.0,818.0,367.0,,,,,,,,0.0,0.0,0.0,0.0,0.0,0.0,0.0,0.0,0.0,28,0,0,0,0,0,0,0,0,0,0,0,0,0,0,0,0,3,0.0,0.0,0.0,0.0,0.0,0.0,0.0,0.0,0.0,0,0,0,0
581,James,Maddison,Maddison,i,Anterior cruciate ligament - Unknown return date,,6.8,42,25.0,0.1,441,150.0,0.0,807.0,361.0,0,0,0.0,-2,2.0,2,1,0.0,0.0,0.0,0.0,0.0,815.0,364.0,0.0,0.0,815.0,364.0,815.0,364.0,815.0,364.0,815.0,364.0,,,,,,,,0.0,0.0,0.0,0.0,0.0,0.0,0.0,0.0,0.0,28,0,0,0,0,0,0,0,0,0,0,0,0,0,0,0,10,10,0.0,0.0,0.0,0.0,0.0,0.0,0.0,0.0,0.0,0,0,0,0
582,Mohammed,Kudus,Kudus,i,Thigh injury - Expected back 11 Apr,,6.4,59,38.0,9.6,36,12.0,0.0,804.0,360.0,0,0,0.0,-1,1.0,1,304,0.0,11.7,0.0,0.0,3.9,85.0,41.0,0.0,0.0,144.0,49.0,40.0,38.0,71.0,43.0,63.0,41.0,3.0,4.0,3.0,,,,,0.11,0.14,0.25,1.33,0.0,0.41,1.17,1.11,7.8,28,0,0,0,0,0,0,0,0,0,0,0,0,0,0,0,11,2006,0.0,0.0,0.0,0.0,0.0,0.0,0.0,0.0,0.0,0,0,0,0
583,Dejan,Kulusevski,Kulusevski,i,Knee injury - Unknown return date,,6.4,58,37.0,0.0,722,301.0,0.0,803.0,359.0,0,0,0.0,-1,1.0,1,1,0.0,0.0,0.0,0.0,0.0,812.0,363.0,0.0,0.0,812.0,363.0,812.0,363.0,812.0,363.0,812.0,363.0,,,,,,,,0.0,0.0,0.0,0.0,0.0,0.0,0.0,0.0,0.0,28,0,0,0,0,0,0,0,0,0,0,0,0,0,0,0,9,9,0.0,0.0,0.0,0.0,0.0,0.0,0.0,0.0,0.0,0,0,0,0
584,Mathys,Tel,Tel,a,,,6.2,78,52.0,0.1,436,147.0,0.8,282.0,127.0,0,0,0.0,-3,3.0,23,8,0.1,7.9,0.8,0.8,2.5,284.0,122.0,,,295.0,130.0,189.0,125.0,135.0,77.0,240.0,121.0,4.0,,,,,,,0.24,0.11,0.35,1.35,0.0,0.14,1.86,0.86,8.16,28,0,0,0,0,0,0,0,0,0,0,0,0,0,0,0,89,200,0.0,0.0,0.0,0.0,0.0,0.0,0.0,0.0,0.0,0,0,0,0
585,Rodrigo,Bentancur,Bentancur,i,Hamstring injury - Unknown return date,,5.2,208,129.0,0.2,401,134.0,0.0,758.0,327.0,0,-1,1.0,-3,3.0,0,9,0.0,12.3,0.0,0.0,3.2,159.0,67.0,0.0,0.0,203.0,86.0,183.0,124.0,256.0,139.0,231.0,116.0,,,,,,,,0.03,0.04,0.07,1.32,0.0,0.32,1.34,1.09,13.24,28,0,0,0,0,0,0,0,0,0,0,0,0,0,0,0,0,73,0.0,0.0,0.0,0.0,0.0,0.0,0.0,0.0,0.0,0,0,0,0
586,Lucas,Bergvall,Bergvall,i,Ankle injury - Unknown return date,,5.2,219,136.0,0.2,395,131.0,0.0,761.0,329.0,0,0,0.0,-3,3.0,0,2,0.0,7.5,0.0,0.0,2.3,297.0,129.0,0.0,0.0,310.0,141.0,281.0,164.0,197.0,109.0,300.0,148.0,,,,,,,,0.11,0.04,0.15,1.15,0.0,0.34,1.46,1.13,7.66,28,0,0,0,0,0,0,0,0,0,0,0,0,0,0,0,1,37,0.0,0.0,0.0,0.0,0.0,0.0,0.0,0.0,0.0,0,0,0,0
587,Yves,Bissouma,Bissouma,a,,,5.2,211,130.0,0.0,584,219.0,1.2,232.0,101.0,0,0,0.0,-3,3.0,9,5,0.2,2.1,1.2,1.2,1.8,367.0,161.0,100.0,100.0,388.0,172.0,403.0,200.0,375.0,190.0,409.0,187.0,,,,,,,,0.08,0.02,0.1,2.24,0.0,0.0,2.96,1.08,14.55,28,0,0,0,0,0,0,0,0,0,0,0,0,0,0,0,74,26,0.0,0.0,0.0,0.0,0.0,0.0,0.0,0.0,0.0,0,0,0,0
588,Wilson,Odobert,Odobert,i,Knee injury - Unknown return date,,5.3,204,127.0,0.1,581,216.0,0.6,300.0,136.0,0,0,0.0,-2,2.0,1,6,0.1,8.7,0.0,0.0,1.9,345.0,150.0,0.0,0.0,289.0,128.0,93.0,69.0,99.0,61.0,164.0,86.0,,,,,,,,0.18,0.11,0.29,1.32,0.0,0.19,1.2,0.93,7.13,28,0,0,0,0,0,0,0,0,0,0,0,0,0,0,0,1,316,0.0,0.0,0.0,0.0,0.0,0.0,0.0,0.0,0.0,0,0,0,0
589,Manor,Solomon,Solomon,u,has joined Fiorentina on loan for the rest of the season.,,5.4,170,105.0,0.0,760,324.0,0.0,773.0,336.0,0,0,0.0,-1,1.0,0,0,0.0,0.0,0.0,0.0,0.0,798.0,352.0,0.0,0.0,798.0,352.0,797.0,352.0,795.0,351.0,798.0,352.0,,,,,,,,0.0,0.0,0.0,0.0,0.0,0.0,0.0,0.0,0.0,28,0,0,0,0,0,0,0,0,0,0,0,0,0,0,0,0,0,0.0,0.0,0.0,0.0,0.0,0.0,0.0,0.0,0.0,0,0,0,0
590,Bryan,Gil Salvatierra,Bryan,u,has joined Girona permanently.,,4.9,327,202.0,0.0,657,264.0,0.0,720.0,302.0,0,0,0.0,-1,1.0,0,0,0.0,0.0,0.0,0.0,0.0,771.0,333.0,0.0,0.0,771.0,333.0,767.0,333.0,762.0,331.0,771.0,333.0,,,,,,,,0.0,0.0,0.0,0.0,0.0,0.0,0.0,0.0,0.0,28,0,0,0,0,0,0,0,0,0,0,0,0,0,0,0,0,0,0.0,0.0,0.0,0.0,0.0,0.0,0.0,0.0,0.0,0,0,0,0
591,Archie,Gray,Gray,a,,,4.8,372,233.0,0.1,423,143.0,3.0,84.0,35.0,0,0,0.0,-2,2.0,18,10,0.6,9.0,3.0,3.0,2.5,275.0,115.0,100.0,100.0,271.0,117.0,283.0,166.0,216.0,119.0,293.0,145.0,,,,,,,,0.11,0.04,0.15,1.46,0.0,0.44,1.59,1.15,8.32,28,0,0,0,0,0,0,0,0,0,0,0,0,0,0,0,330,179,0.0,0.0,0.0,0.0,0.0,0.0,0.0,0.0,0.0,0,0,0,0
592,Mikey,Moore,Moore,u,Has joined Rangers on loan for the rest of the season.,,5.0,271,166.0,0.0,790,347.0,0.0,744.0,319.0,0,0,0.0,0,0.0,0,0,0.0,0.0,0.0,0.0,0.0,788.0,346.0,0.0,0.0,788.0,346.0,786.0,346.0,782.0,344.0,788.0,346.0,,,,,,,,0.0,0.0,0.0,0.0,0.0,0.0,0.0,0.0,0.0,28,0,0,0,0,0,0,0,0,0,0,0,0,0,0,0,0,1,0.0,0.0,0.0,0.0,0.0,0.0,0.0,0.0,0.0,0,0,0,0
593,Pape Matar,Sarr,P.M.Sarr,a,,,4.5,442,265.0,1.1,185,65.0,3.0,79.0,32.0,0,0,0.0,-5,5.0,252,52,0.7,12.7,3.0,3.0,3.2,151.0,64.0,100.0,100.0,205.0,87.0,238.0,149.0,217.0,120.0,242.0,122.0,,,,,,,,0.1,0.08,0.18,1.79,0.0,0.27,1.33,0.88,12.11,28,0,0,0,0,0,0,0,0,0,0,0,0,0,0,0,5250,987,0.0,0.0,0.0,0.0,0.0,0.0,0.0,0.0,0.0,0,0,0,0
594,Yang,Min-hyeok,Min-hyeok,u,has joined Coventry City on loan for the rest of the season.,,4.5,505,312.0,0.0,733,308.0,0.0,674.0,271.0,0,0,0.0,0,0.0,0,1,0.0,0.0,0.0,0.0,0.0,747.0,316.0,0.0,0.0,747.0,316.0,741.0,316.0,728.0,312.0,747.0,316.0,,,,,,,,0.0,0.0,0.0,0.0,0.0,0.0,0.0,0.0,0.0,28,0,0,0,0,0,0,0,0,0,0,0,0,0,0,0,0,1,0.0,0.0,0.0,0.0,0.0,0.0,0.0,0.0,0.0,0,0,0,0
595,Callum,Olusesi,Olusesi,a,,,4.3,600,351.0,0.2,363,121.0,0.0,546.0,182.0,0,0,0.0,-2,2.0,12,7,0.0,0.0,0.0,0.0,0.0,648.0,245.0,,,638.0,236.0,633.0,241.0,609.0,229.0,640.0,238.0,,,,,,,,0.0,0.0,0.0,0.0,0.0,0.0,0.0,0.0,0.0,28,0,0,0,0,0,0,0,0,0,0,0,0,0,0,0,147,88,0.0,0.0,0.0,0.0,0.0,0.0,0.0,0.0,0.0,0,0,0,0
596,Dominic,Solanke-Mitchell,Solanke,a,,,7.2,30,13.0,1.2,171,27.0,3.4,63.0,9.0,0,0,0.0,-3,3.0,93,142,0.5,3.1,3.4,3.4,2.8,232.0,24.0,100.0,100.0,335.0,33.0,352.0,43.0,183.0,39.0,329.0,38.0,,,2.0,,,,,0.25,0.04,0.29,1.8,0.0,0.0,1.86,0.83,6.41,28,0,0,0,0,0,0,0,0,0,0,0,0,0,0,0,1114,3648,0.0,0.0,0.0,0.0,0.0,0.0,0.0,0.0,0.0,0,0,0,0
597,Richarlison,de Andrade,Richarlison,a,,,6.3,66,21.0,5.4,68,13.0,0.2,377.0,48.0,0,0,0.0,-2,2.0,78,112,0.0,12.1,0.2,0.2,3.5,129.0,11.0,100.0,100.0,110.0,9.0,184.0,17.0,23.0,13.0,60.0,12.0,,,5.0,,,,,0.36,0.08,0.44,1.26,0.0,0.35,1.39,0.9,6.93,28,0,0,0,0,0,0,0,0,0,0,0,0,0,0,0,812,838,0.0,0.0,0.0,0.0,0.0,0.0,0.0,0.0,0.0,0,0,0,0
598,Will,Lankshear,Lankshear,u,has joined Oxford United on loan for the rest of the season.,,4.5,469,67.0,0.0,671,87.0,0.0,642.0,65.0,0,0,0.0,0,0.0,0,0,0.0,0.0,0.0,0.0,0.0,721.0,76.0,0.0,0.0,717.0,76.0,712.0,75.0,697.0,75.0,718.0,76.0,,,,,,,,0.0,0.0,0.0,0.0,0.0,0.0,0.0,0.0,0.0,28,0,0,0,0,0,0,0,0,0,0,0,0,0,0,0,0,1,0.0,0.0,0.0,0.0,0.0,0.0,0.0,0.0,0.0,0,0,0,0
599,Dane,Scarlett,Scarlett,u,has joined Hibernian on loan for the rest of the season.,,4.3,595,84.0,0.6,247,37.0,0.0,542.0,53.0,0,0,0.0,-2,2.0,0,15,0.0,0.5,0.0,0.0,1.0,459.0,57.0,0.0,0.0,494.0,60.0,444.0,59.0,440.0,60.0,483.0,60.0,,,,,,,,0.0,0.13,0.13,0.39,0.0,0.0,0.0,0.0,12.86,28,0,0,0,0,0,0,0,0,0,0,0,0,0,0,0,0,202,0.0,0.0,0.0,0.0,0.0,0.0,0.0,0.0,0.0,0,0,0,0
673,João Maria,Lobo Alves Palhares Costa Palhinha Gonçalves,J.Palhinha,a,,,5.5,137,85.0,0.8,206,72.0,2.0,166.0,76.0,0,0,0.0,0,0.0,27,36,0.4,16.0,2.0,2.0,3.7,102.0,46.0,100.0,100.0,71.0,21.0,248.0,152.0,172.0,95.0,140.0,76.0,,,,,,,,0.06,0.03,0.09,1.42,0.0,0.23,1.52,0.96,12.48,28,0,0,0,0,0,0,0,0,0,0,0,0,0,0,0,358,621,0.0,0.0,0.0,0.0,0.0,0.0,0.0,0.0,0.0,0,0,0,0
717,Xavi,Simons,Xavi,a,,,6.5,53,34.0,1.2,180,63.0,2.2,149.0,70.0,0,0,0.0,-5,5.0,143,92,0.3,9.4,2.2,2.2,2.9,210.0,89.0,100.0,100.0,201.0,84.0,38.0,36.0,121.0,70.0,93.0,55.0,1.0,3.0,4.0,,,,,0.13,0.2,0.33,1.62,0.0,0.18,1.91,0.99,7.89,28,0,0,0,0,0,0,0,0,0,0,0,0,0,0,0,1883,1803,0.0,0.0,0.0,0.0,0.0,0.0,0.0,0.0,0.0,0,0,0,0
726,Randal,Kolo Muani,Kolo Muani,a,,,6.9,38,15.0,0.4,285,46.0,2.2,150.0,19.0,0,0,0.0,-1,1.0,79,27,0.3,5.1,2.2,2.2,1.8,373.0,44.0,100.0,100.0,327.0,32.0,166.0,13.0,143.0,33.0,247.0,28.0,,,,,,,,0.13,0.09,0.22,1.47,0.0,0.25,1.82,1.08,6.13,28,0,0,0,0,0,0,0,0,0,0,0,0,0,0,0,1698,316,0.0,0.0,0.0,0.0,0.0,0.0,0.0,0.0,0.0,0,0,0,0
745,Jun'ai,Byfield,Byfield,a,,,4.0,732,208.0,0.0,626,224.0,0.2,344.0,124.0,0,0,0.0,0,0.0,1,0,0.0,0.2,0.2,0.2,1.0,455.0,168.0,,,499.0,177.0,470.0,172.0,582.0,239.0,503.0,178.0,,,,,,,,0.0,0.0,0.0,0.0,0.0,0.0,0.0,0.0,0.0,28,0,0,0,0,0,0,0,0,0,0,0,0,0,0,0,14,11,0.0,0.0,0.0,0.0,0.0,0.0,0.0,0.0,0.0,0,0,0,0
750,James,Rowswell,Rowswell,a,,,4.0,696,179.0,0.0,648,228.0,0.0,476.0,186.0,0,0,0.0,0,0.0,1,1,0.0,0.0,0.0,0.0,0.0,601.0,222.0,,,591.0,221.0,583.0,221.0,551.0,215.0,593.0,221.0,,,,,,,,0.0,0.0,0.0,0.0,0.0,0.0,0.0,0.0,0.0,28,0,0,0,0,0,0,0,0,0,0,0,0,0,0,0,25,16,0.0,0.0,0.0,0.0,0.0,0.0,0.0,0.0,0.0,0,0,0,0
751,Yusuf,Akhamrich,Akhamrich,u,has joined Bristol Rovers on loan for the rest of the season.,,4.5,488,299.0,0.0,776,336.0,0.0,660.0,260.0,0,0,0.0,0,0.0,0,0,0.0,0.0,0.0,0.0,0.0,734.0,306.0,0.0,0.0,733.0,305.0,727.0,305.0,714.0,301.0,733.0,305.0,,,,,,,,0.0,0.0,0.0,0.0,0.0,0.0,0.0,0.0,0.0,28,0,0,0,0,0,0,0,0,0,0,0,0,0,0,0,0,5,0.0,0.0,0.0,0.0,0.0,0.0,0.0,0.0,0.0,0,0,0,0
790,Lucá,Williams-Barnett,Williams-Barnett,a,,,4.5,501,309.0,0.0,771,332.0,0.0,670.0,268.0,0,0,0.0,0,0.0,1,0,0.0,0.0,0.0,0.0,0.0,743.0,313.0,,,743.0,313.0,737.0,313.0,724.0,309.0,743.0,313.0,,,,,,,,0.0,0.0,0.0,0.0,0.0,0.0,0.0,0.0,0.0,28,0,0,0,0,0,0,0,0,0,0,0,0,0,0,0,16,8,0.0,0.0,0.0,0.0,0.0,0.0,0.0,0.0,0.0,0,0,0,0
796,Conor,Gallagher,Gallagher,a,,,5.4,169,104.0,0.1,420,141.0,2.6,118.0,53.0,0,0,0.0,-1,1.0,23,27,0.5,3.1,2.6,2.6,2.8,223.0,90.0,,,366.0,163.0,245.0,151.0,261.0,142.0,340.0,163.0,,,,,,,,0.11,0.09,0.2,2.2,0.0,0.0,2.28,1.14,9.7,28,0,0,0,0,0,0,0,0,0,0,0,0,0,0,0,341,780,0.0,0.0,0.0,0.0,0.0,0.0,0.0,0.0,0.0,0,0,0,0
804,João Victor,de Souza Menezes,Souza,a,,,4.0,729,205.0,0.0,703,243.0,0.2,343.0,123.0,0,0,0.0,0,0.0,1,4,0.0,0.2,0.2,0.2,1.0,454.0,167.0,,,467.0,169.0,415.0,151.0,579.0,236.0,469.0,168.0,,,,,,,,0.0,0.0,0.0,2.67,0.0,0.0,2.57,0.0,5.14,28,0,0,0,0,0,0,0,0,0,0,0,0,0,0,0,35,37,0.0,0.0,0.0,0.0,0.0,0.0,0.0,0.0,0.0,0,0,0,0
811,Rio,Kyerematen,Kyerematen,a,,,4.5,462,279.0,0.0,801,354.0,0.0,636.0,240.0,0,0,0.0,0,0.0,2,2,0.0,0.0,0.0,0.0,0.0,717.0,293.0,,,712.0,289.0,708.0,291.0,692.0,284.0,713.0,290.0,,,,,,,,0.0,0.0,0.0,0.0,0.0,0.0,0.0,0.0,0.0,28,0,0,0,0,0,0,0,0,0,0,0,0,0,0,0,18,8,0.0,0.0,0.0,0.0,0.0,0.0,0.0,0.0,0.0,0,0,0,0
818,James,Wilson,Wilson,a,,,4.5,502,72.0,0.0,759,92.0,0.0,671.0,70.0,0,0,0.0,0,0.0,26,7,0.0,0.0,0.0,0.0,0.0,744.0,81.0,,,744.0,81.0,738.0,80.0,725.0,80.0,744.0,81.0,,,,,,,,0.0,0.0,0.0,0.0,0.0,0.0,0.0,0.0,0.0,28,0,0,0,0,0,0,0,0,0,0,0,0,0,0,0,267,33,0.0,0.0,0.0,0.0,0.0,0.0,0.0,0.0,0.0,0,0,0,0
326,Adama,Traoré Diarra,Adama,a,,,5.1,226,139.0,0.2,406,136.0,0.4,328.0,152.0,0,0,0.0,-4,4.0,7,10,0.1,3.7,0.4,-0.1,1.1,443.0,199.0,,,440.0,193.0,316.0,178.0,295.0,160.0,388.0,181.0,,,,,,,,0.11,0.18,0.29,1.94,0.0,0.0,2.98,0.33,4.63,28,0,0,0,0,0,0,0,0,0,0,0,0,0,0,0,84,107,0.0,0.0,0.0,0.0,0.0,0.0,0.0,0.0,0.0,0,0,0,0
600,Alphonse,Areola,Areola,a,,,4.3,572,27.0,2.1,132,18.0,0.4,314.0,21.0,0,0,0.0,-2,2.0,33,100,0.1,11.9,0.4,-0.1,2.5,270.0,24.0,,,38.0,11.0,419.0,6.0,601.0,68.0,204.0,10.0,,,,,,,,0.0,0.0,0.0,1.76,3.85,0.0,1.85,1.0,0.0,28,0,0,0,0,0,0,0,0,0,0,0,0,0,0,0,507,2508,0.0,0.0,0.0,0.0,0.0,0.0,0.0,0.0,0.0,0,0,0,0
601,Wes,Foderingham,Foderingham,u,has joined Aris Limassol permanently.,,4.0,661,42.0,0.2,355,51.0,0.0,445.0,54.0,0,0,0.0,0,0.0,0,2,0.0,0.0,0.0,0.0,0.0,574.0,63.0,0.0,0.0,564.0,63.0,554.0,49.0,521.0,36.0,566.0,63.0,,,,,,,,0.0,0.0,0.0,0.0,0.0,0.0,0.0,0.0,0.0,28,0,0,0,0,0,0,0,0,0,0,0,0,0,0,0,0,35,0.0,0.0,0.0,0.0,0.0,0.0,0.0,0.0,0.0,0,0,0,0
602,Krisztián,Hegyi,Hegyi,u,has joined MTK Budapest on loan for the rest of the season.,,3.9,766,84.0,0.2,362,53.0,0.0,427.0,43.0,0,0,0.0,-1,1.0,0,5,0.0,0.0,0.0,0.0,0.0,556.0,52.0,0.0,0.0,546.0,52.0,535.0,37.0,501.0,24.0,548.0,52.0,,,,,,,,0.0,0.0,0.0,0.0,0.0,0.0,0.0,0.0,0.0,28,0,0,0,0,0,0,0,0,0,0,0,0,0,0,0,0,96,0.0,0.0,0.0,0.0,0.0,0.0,0.0,0.0,0.0,0,0,0,0
603,El Hadji Malick,Diouf,Diouf,a,,,4.0,727,203.0,1.8,147,58.0,5.0,11.0,5.0,0,0,0.0,-5,5.0,634,50,1.2,17.5,5.0,4.5,3.3,140.0,52.0,100.0,100.0,128.0,56.0,139.0,34.0,287.0,83.0,177.0,59.0,,,,,,,,0.02,0.07,0.09,1.47,0.0,0.26,1.66,0.99,7.47,28,0,0,0,0,0,0,0,0,0,0,0,0,0,0,0,8757,2300,0.0,0.0,0.0,0.0,0.0,0.0,0.0,0.0,0.0,0,0,0,0
604,Emerson,Palmieri dos Santos,Emerson,u,has joined Marseille permanently.,,4.4,522,101.0,0.1,580,208.0,0.0,567.0,230.0,0,0,0.0,-1,1.0,0,0,0.0,0.0,0.0,0.0,0.0,663.0,250.0,0.0,0.0,653.0,249.0,649.0,249.0,627.0,248.0,655.0,249.0,,,,,,,,0.0,0.0,0.0,0.0,0.0,0.0,0.0,0.0,0.0,28,0,0,0,0,0,0,0,0,0,0,0,0,0,0,0,0,2,0.0,0.0,0.0,0.0,0.0,0.0,0.0,0.0,0.0,0,0,0,0
605,Maximilian,Kilman,Kilman,a,,,4.2,631,144.0,0.1,416,153.0,0.0,519.0,216.0,0,0,0.0,-3,3.0,3,6,0.0,8.6,0.0,-0.5,1.7,374.0,139.0,,,109.0,49.0,326.0,109.0,300.0,88.0,233.0,77.0,,,,,,,,0.03,0.01,0.04,1.92,0.0,0.06,2.14,0.98,9.24,28,0,0,0,0,0,0,0,0,0,0,0,0,0,0,0,21,159,0.0,0.0,0.0,0.0,0.0,0.0,0.0,0.0,0.0,0,0,0,0
606,Konstantinos,Mavropanos,Mavropanos,a,,,4.4,534,112.0,0.1,507,181.0,3.8,40.0,12.0,0,0,0.0,-1,1.0,16,2,0.9,13.4,3.8,3.3,3.0,188.0,74.0,100.0,100.0,101.0,46.0,383.0,137.0,188.0,44.0,208.0,69.0,,,,,,,,0.06,0.02,0.08,1.43,0.0,0.17,1.55,0.94,10.54,28,0,0,0,0,0,0,0,0,0,0,0,0,0,0,0,333,574,0.0,0.0,0.0,0.0,0.0,0.0,0.0,0.0,0.0,0,0,0,0
607,Nayef,Aguerd,N.Aguerd,u,has joined Marseille permanently.,,4.4,527,106.0,0.0,609,215.0,0.0,570.0,233.0,0,0,0.0,-1,1.0,0,0,0.0,0.7,0.0,0.0,1.5,405.0,146.0,0.0,0.0,416.0,157.0,446.0,161.0,409.0,152.0,443.0,159.0,,,,,,,,0.05,0.02,0.07,1.71,0.0,0.0,4.0,1.0,7.5,28,0,0,0,0,0,0,0,0,0,0,0,0,0,0,0,0,1,0.0,0.0,0.0,0.0,0.0,0.0,0.0,0.0,0.0,0,0,0,0
608,Ollie,Scarles,Scarles,a,,,4.3,606,139.0,0.0,617,219.0,0.4,315.0,111.0,0,0,0.0,-2,2.0,0,3,0.1,4.9,0.4,-0.1,1.8,358.0,135.0,100.0,100.0,309.0,116.0,295.0,95.0,367.0,125.0,348.0,118.0,5.0,,,,,,,0.02,0.04,0.06,1.83,0.0,0.0,2.2,1.24,9.91,28,0,0,0,0,0,0,0,0,0,0,0,0,0,0,0,8,61,0.0,0.0,0.0,0.0,0.0,0.0,0.0,0.0,0.0,0,0,0,0
609,Jean-Clair,Todibo,Todibo,a,,,4.3,588,133.0,0.1,489,174.0,0.0,538.0,228.0,0,0,0.0,-2,2.0,4,4,0.0,7.2,0.0,-0.5,1.7,375.0,140.0,100.0,100.0,145.0,64.0,310.0,102.0,366.0,124.0,273.0,89.0,,,,,,,,0.01,0.02,0.03,1.7,0.0,0.0,1.95,1.07,8.17,28,0,0,0,0,0,0,0,0,0,0,0,0,0,0,0,30,69,0.0,0.0,0.0,0.0,0.0,0.0,0.0,0.0,0.0,0,0,0,0
610,Aaron,Wan-Bissaka,Wan-Bissaka,a,,,4.1,652,158.0,4.6,80,26.0,4.6,18.0,6.0,0,0,0.0,-4,4.0,284,86,1.1,13.2,4.6,4.1,3.0,185.0,71.0,100.0,100.0,131.0,57.0,104.0,27.0,359.0,120.0,170.0,56.0,,,,,,,,0.0,0.05,0.05,1.55,0.0,0.12,1.8,0.99,8.07,28,0,0,0,0,0,0,0,0,0,0,0,0,0,0,0,3154,3752,0.0,0.0,0.0,0.0,0.0,0.0,0.0,0.0,0.0,0,0,0,0
611,Kaelan,Casey,Casey,u,has joined Leyton Orient on loan for the rest of the season.,,4.0,706,184.0,0.1,546,195.0,0.0,484.0,189.0,0,0,0.0,0,0.0,0,0,0.0,0.0,0.0,0.0,0.0,609.0,225.0,0.0,0.0,599.0,224.0,591.0,224.0,559.0,218.0,601.0,224.0,,,,,,,,0.0,0.0,0.0,0.0,0.0,0.0,0.0,0.0,0.0,28,0,0,0,0,0,0,0,0,0,0,0,0,0,0,0,0,5,0.0,0.0,0.0,0.0,0.0,0.0,0.0,0.0,0.0,0,0,0,0
612,Lucas,Tolentino Coelho de Lima,L.Paquetá,u,has joined Flamengo permanently.,,5.9,96,62.0,1.1,184,64.0,0.0,794.0,353.0,0,0,0.0,-1,1.0,0,62,0.0,11.7,0.0,0.0,3.8,91.0,44.0,0.0,0.0,118.0,38.0,46.0,41.0,139.0,80.0,84.0,50.0,,,,,,,,0.17,0.12,0.29,1.44,0.0,0.18,1.96,1.07,8.68,28,0,0,0,0,0,0,0,0,0,0,0,0,0,0,0,0,630,0.0,0.0,0.0,0.0,0.0,0.0,0.0,0.0,0.0,0,0,0,0
613,Tomáš,Souček,Souček,a,,,5.7,116,73.0,0.3,331,112.0,3.2,71.0,28.0,0,0,0.0,-3,3.0,21,14,0.6,11.1,3.2,2.7,2.6,260.0,109.0,100.0,100.0,179.0,70.0,220.0,143.0,76.0,46.0,148.0,80.0,,,,,,,,0.25,0.03,0.28,1.72,0.0,0.22,2.04,0.95,9.6,28,0,0,0,0,0,0,0,0,0,0,0,0,0,0,0,292,670,0.0,0.0,0.0,0.0,0.0,0.0,0.0,0.0,0.0,0,0,0,0
615,Crysencio,Summerville,Summerville,a,,,5.7,119,74.0,3.1,106,33.0,4.8,14.0,4.0,0,0,0.0,2,-2.0,909,364,0.8,14.0,4.8,4.3,3.6,114.0,52.0,100.0,100.0,166.0,60.0,88.0,66.0,35.0,19.0,65.0,42.0,2.0,,,,,,,0.22,0.08,0.3,1.37,0.0,0.21,1.56,1.07,7.68,28,0,0,0,0,0,0,0,0,0,0,0,0,0,0,0,9604,16955,0.0,0.0,0.0,0.0,0.0,0.0,0.0,0.0,0.0,0,0,0,0
616,Edson,Álvarez Velázquez,Álvarez,u,Has joined Fenerbahçe on loan for the rest of the season.,,4.9,311,195.0,0.0,598,227.0,0.0,714.0,297.0,0,0,0.0,-1,1.0,0,0,0.0,0.0,0.0,0.0,0.0,767.0,329.0,0.0,0.0,767.0,329.0,763.0,329.0,757.0,327.0,767.0,329.0,,,,,,,,0.0,0.0,0.0,0.0,0.0,0.0,0.0,0.0,0.0,28,0,0,0,0,0,0,0,0,0,0,0,0,0,0,0,0,0,0.0,0.0,0.0,0.0,0.0,0.0,0.0,0.0,0.0,0,0,0,0
617,Maxwel,Cornet,Cornet,u,has joined Genoa on loan for the rest of the season.,,4.9,289,179.0,0.0,704,293.0,0.0,706.0,292.0,0,0,0.0,-1,1.0,0,0,0.0,0.0,0.0,0.0,0.0,763.0,326.0,0.0,0.0,763.0,326.0,759.0,326.0,753.0,324.0,763.0,326.0,,,,,,,,0.0,0.0,0.0,0.0,0.0,0.0,0.0,0.0,0.0,28,0,0,0,0,0,0,0,0,0,0,0,0,0,0,0,0,0,0.0,0.0,0.0,0.0,0.0,0.0,0.0,0.0,0.0,0,0,0,0
618,Guido,Rodríguez,G.Rodriguez,u,has joined Valencia on loan for the rest of the season.,,4.8,356,223.0,0.0,608,235.0,0.0,693.0,284.0,0,0,0.0,-2,2.0,0,5,0.0,1.7,0.0,0.0,1.3,429.0,192.0,0.0,0.0,457.0,205.0,438.0,212.0,447.0,221.0,468.0,213.0,,,,,,,,0.02,0.02,0.04,1.33,0.0,0.51,1.03,1.03,7.71,28,0,0,0,0,0,0,0,0,0,0,0,0,0,0,0,0,8,0.0,0.0,0.0,0.0,0.0,0.0,0.0,0.0,0.0,0,0,0,0
619,Luis Guilherme,Lira dos Santos,L.Guilherme,u,has joined Sporting CP permanently.,,4.9,346,214.0,0.0,679,276.0,0.0,730.0,308.0,0,0,0.0,-1,1.0,0,1,0.0,1.0,0.0,0.0,1.0,491.0,227.0,0.0,0.0,459.0,207.0,402.0,199.0,432.0,214.0,462.0,209.0,,,,,,,,0.05,0.02,0.07,1.35,0.0,0.0,1.49,0.74,8.18,28,0,0,0,0,0,0,0,0,0,0,0,0,0,0,0,0,2,0.0,0.0,0.0,0.0,0.0,0.0,0.0,0.0,0.0,0,0,0,0
620,George,Earthy,Earthy,u,has joined Bristol City on loan for the rest of the season.,,4.5,446,267.0,0.0,606,233.0,0.0,625.0,230.0,0,0,0.0,0,0.0,0,2,0.0,0.2,0.0,0.0,1.0,473.0,212.0,0.0,0.0,702.0,279.0,457.0,220.0,444.0,218.0,490.0,226.0,,,,,,,,0.0,0.11,0.11,8.21,0.0,0.0,11.25,0.0,0.0,28,0,0,0,0,0,0,0,0,0,0,0,0,0,0,0,0,11,0.0,0.0,0.0,0.0,0.0,0.0,0.0,0.0,0.0,0,0,0,0
621,Andy,Irving,Irving,u,has joined Sparta Prague permanently.,,4.3,584,344.0,0.2,357,119.0,0.0,536.0,175.0,0,0,0.0,-2,2.0,0,8,0.0,2.1,0.0,0.0,1.3,426.0,190.0,0.0,0.0,426.0,187.0,332.0,182.0,439.0,216.0,422.0,190.0,,,,,,,,0.0,0.1,0.1,2.32,0.0,0.0,2.31,1.15,12.69,28,0,0,0,0,0,0,0,0,0,0,0,0,0,0,0,0,133,0.0,0.0,0.0,0.0,0.0,0.0,0.0,0.0,0.0,0,0,0,0
622,Lewis,Orford,Orford,u,has joined Stevenage on loan for the rest of the season.,,4.4,550,329.0,0.1,577,214.0,0.0,582.0,203.0,0,0,0.0,-1,1.0,0,0,0.0,0.0,0.0,0.0,0.0,674.0,262.0,0.0,0.0,665.0,254.0,661.0,259.0,639.0,248.0,667.0,256.0,,,,,,,,0.0,0.0,0.0,0.0,0.0,0.0,0.0,0.0,0.0,28,0,0,0,0,0,0,0,0,0,0,0,0,0,0,0,0,5,0.0,0.0,0.0,0.0,0.0,0.0,0.0,0.0,0.0,0,0,0,0
623,Freddie,Potts,Potts,s,Suspended until 14 Mar,,4.4,546,325.0,0.6,233,81.0,0.8,259.0,116.0,0,0,0.0,-1,1.0,3,96,0.2,7.7,0.0,0.0,1.8,360.0,156.0,0.0,0.0,266.0,112.0,209.0,136.0,339.0,176.0,304.0,150.0,,,,,,,,0.02,0.09,0.11,1.64,0.0,0.08,1.89,0.9,9.21,28,0,0,0,0,0,0,0,0,0,0,0,0,0,0,0,68,1699,0.0,0.0,0.0,0.0,0.0,0.0,0.0,0.0,0.0,0,0,0,0
624,Jarrod,Bowen,Bowen,a,,,7.6,20,6.0,7.9,49,8.0,3.8,48.0,6.0,0,0,0.0,-4,4.0,373,1032,0.5,16.3,3.8,3.3,4.6,29.0,4.0,,,34.0,4.0,49.0,2.0,12.0,8.0,13.0,4.0,1.0,1.0,2.0,,,,,0.22,0.12,0.34,1.57,0.0,0.15,1.75,1.0,7.11,28,0,0,0,0,0,0,0,0,0,0,0,0,0,0,0,4362,43622,0.0,0.0,0.0,0.0,0.0,0.0,0.0,0.0,0.0,0,0,0,0
625,Niclas,Füllkrug,Füllkrug,u,has joined AC Milan on loan for the rest of the season.,,5.6,123,34.0,0.6,242,36.0,0.0,786.0,85.0,0,0,0.0,-4,4.0,0,3,0.0,2.1,0.0,0.0,1.5,415.0,50.0,0.0,0.0,435.0,51.0,276.0,27.0,205.0,43.0,346.0,42.0,,,,,,,,0.21,0.05,0.26,1.9,0.0,0.22,2.43,1.11,4.2,28,0,0,0,0,0,0,0,0,0,0,0,0,0,0,0,0,40,0.0,0.0,0.0,0.0,0.0,0.0,0.0,0.0,0.0,0,0,0,0
626,Callum,Marshall,Marshall,u,has joined VfL Bochum 1848 on loan for the rest of the season.,,4.3,612,86.0,0.5,253,39.0,0.0,556.0,55.0,0,0,0.0,-2,2.0,0,23,0.0,0.5,0.0,0.0,1.0,462.0,58.0,0.0,0.0,491.0,58.0,483.0,61.0,418.0,59.0,481.0,59.0,,,,,,,,0.2,0.0,0.2,2.41,0.0,0.0,3.1,0.0,4.66,28,0,0,0,0,0,0,0,0,0,0,0,0,0,0,0,0,236,0.0,0.0,0.0,0.0,0.0,0.0,0.0,0.0,0.0,0,0,0,0
659,Kyle,Walker-Peters,Walker-Peters,a,,,4.2,629,142.0,0.2,347,125.0,0.4,313.0,110.0,0,0,0.0,-3,3.0,7,10,0.1,7.6,0.4,-0.1,1.8,356.0,133.0,,,255.0,103.0,269.0,84.0,237.0,62.0,285.0,95.0,,,,,,,,0.11,0.02,0.13,1.99,0.0,0.09,2.08,0.94,6.79,28,0,0,0,0,0,0,0,0,0,0,0,0,0,0,0,65,194,0.0,0.0,0.0,0.0,0.0,0.0,0.0,0.0,0.0,0,0,0,0
671,Callum,Wilson,Wilson,a,,,5.8,103,29.0,0.6,248,38.0,0.8,281.0,37.0,0,0,0.0,-2,2.0,20,48,0.1,10.9,0.8,0.3,2.7,246.0,27.0,,,233.0,20.0,262.0,26.0,43.0,17.0,153.0,20.0,,,,,,,,0.57,0.03,0.6,1.71,0.0,0.1,1.74,0.87,3.09,28,0,0,0,0,0,0,0,0,0,0,0,0,0,0,0,242,903,0.0,0.0,0.0,0.0,0.0,0.0,0.0,0.0,0.0,0,0,0,0
679,Mads,Hermansen,Hermansen,a,,,4.2,637,35.0,0.3,326,45.0,4.4,23.0,3.0,0,0,0.0,-3,3.0,119,14,1.0,7.4,4.4,3.9,4.4,36.0,1.0,,,291.0,23.0,621.0,79.0,594.0,67.0,382.0,23.0,,,,,,,,0.0,0.0,0.0,1.14,3.0,0.43,1.71,1.0,0.0,28,0,0,0,0,0,0,0,0,0,0,0,0,0,0,0,2045,674,0.0,0.0,0.0,0.0,0.0,0.0,0.0,0.0,0.0,0,0,0,0
708,Mateus Gonçalo,Espanha Fernandes,M.Fernandes,a,,,5.5,152,94.0,0.4,268,94.0,4.0,38.0,18.0,0,0,0.0,0,0.0,121,50,0.7,18.2,4.0,3.5,4.0,67.0,30.0,100.0,100.0,60.0,17.0,32.0,30.0,242.0,133.0,56.0,36.0,4.0,,,,,,,0.05,0.08,0.13,1.44,0.0,0.18,1.51,1.06,11.91,28,0,0,0,0,0,0,0,0,0,0,0,0,0,0,0,1591,2716,0.0,0.0,0.0,0.0,0.0,0.0,0.0,0.0,0.0,0,0,0,0
718,Soungoutou,Magassa,S.Magassa,a,,,5.0,276,171.0,0.0,656,263.0,0.8,273.0,124.0,0,0,0.0,0,0.0,0,1,0.2,7.4,0.8,0.3,2.3,295.0,128.0,,,282.0,122.0,287.0,167.0,325.0,170.0,333.0,159.0,,,,,,,,0.05,0.03,0.08,1.71,0.0,0.22,2.07,1.09,11.88,28,0,0,0,0,0,0,0,0,0,0,0,0,0,0,0,26,41,0.0,0.0,0.0,0.0,0.0,0.0,0.0,0.0,0.0,0,0,0,0
738,Lukasz,Fabianski,Fabianski,d,Back injury - 25% chance of playing,,4.5,406,20.0,0.0,630,79.0,0.0,600.0,87.0,0,0,0.0,0,0.0,0,1,0.0,0.0,0.0,-0.1,0.0,687.0,91.0,25.0,25.0,681.0,91.0,675.0,83.0,656.0,73.0,683.0,91.0,,,,,,,,0.0,0.0,0.0,0.0,0.0,0.0,0.0,0.0,0.0,28,0,0,0,0,0,0,0,0,0,0,0,0,0,0,0,40,23,0.0,0.0,0.0,0.0,0.0,0.0,0.0,0.0,0.0,0,0,0,0
747,Ezra,Mayers,Mayers,a,,,4.0,724,200.0,0.0,635,225.0,0.0,502.0,205.0,0,0,0.0,0,0.0,0,6,0.0,1.2,0.0,-0.5,1.0,453.0,166.0,,,441.0,165.0,366.0,129.0,405.0,148.0,437.0,158.0,,,,,,,,0.1,0.35,0.45,2.25,0.0,0.0,2.41,0.0,4.02,28,0,0,0,0,0,0,0,0,0,0,0,0,0,0,0,34,26,0.0,0.0,0.0,0.0,0.0,0.0,0.0,0.0,0.0,0,0,0,0
752,Airidas,Golambeckis,Golambeckis,a,,,4.0,735,211.0,0.0,653,230.0,0.0,509.0,212.0,0,0,0.0,0,0.0,3,3,0.0,0.0,0.0,-0.5,0.0,631.0,245.0,,,621.0,244.0,613.0,244.0,584.0,241.0,623.0,244.0,,,,,,,,0.0,0.0,0.0,0.0,0.0,0.0,0.0,0.0,0.0,28,0,0,0,0,0,0,0,0,0,0,0,0,0,0,0,52,33,0.0,0.0,0.0,0.0,0.0,0.0,0.0,0.0,0.0,0,0,0,0
758,Mohamadou,Kanté,Mohamadou Kanté,a,,,4.5,507,313.0,0.0,736,310.0,0.2,356.0,159.0,0,0,0.0,0,0.0,0,1,0.0,0.9,0.2,-0.3,1.0,482.0,220.0,,,455.0,204.0,413.0,205.0,429.0,212.0,464.0,211.0,,,,,,,,0.12,0.08,0.2,2.29,0.0,0.0,0.0,0.0,36.82,28,0,0,0,0,0,0,0,0,0,0,0,0,0,0,0,33,17,0.0,0.0,0.0,0.0,0.0,0.0,0.0,0.0,0.0,0,0,0,0
785,Pablo Felipe,Pereira de Jesus,Pablo,i,Calf injury - Unknown return date,,5.5,151,38.0,0.0,734,89.0,0.6,301.0,40.0,0,0,0.0,0,0.0,0,6,0.1,1.5,0.0,0.0,1.6,398.0,48.0,0.0,0.0,445.0,53.0,330.0,37.0,377.0,55.0,417.0,52.0,,,,,,,,0.12,0.03,0.15,1.35,0.0,0.0,1.44,1.08,9.0,28,0,0,0,0,0,0,0,0,0,0,0,0,0,0,0,77,83,0.0,0.0,0.0,0.0,0.0,0.0,0.0,0.0,0.0,0,0,0,0
791,Valentín,Castellanos,Taty,a,,,5.5,143,35.0,0.1,461,66.0,2.4,130.0,16.0,0,0,0.0,0,0.0,41,20,0.4,3.5,2.4,1.9,2.7,243.0,25.0,,,389.0,40.0,304.0,31.0,124.0,30.0,318.0,36.0,,,,,,,,0.33,0.07,0.4,1.17,0.0,0.48,0.96,1.12,4.78,28,0,0,0,0,0,0,0,0,0,0,0,0,0,0,0,490,1399,0.0,0.0,0.0,0.0,0.0,0.0,0.0,0.0,0.0,0,0,0,0
802,Keiber,Lamadrid,Lamadrid,a,,,5.0,279,173.0,0.0,787,345.0,0.0,748.0,322.0,0,0,0.0,0,0.0,0,0,0.0,0.0,0.0,-0.5,0.0,791.0,348.0,,,791.0,348.0,789.0,348.0,785.0,346.0,791.0,348.0,,,,,,,,0.0,0.0,0.0,0.0,0.0,0.0,0.0,0.0,0.0,28,0,0,0,0,0,0,0,0,0,0,0,0,0,0,0,22,11,0.0,0.0,0.0,0.0,0.0,0.0,0.0,0.0,0.0,0,0,0,0
815,Axel,Disasi,Disasi,a,,,4.5,420,80.0,0.1,493,176.0,3.5,55.0,18.0,0,0,0.0,0,0.0,39,8,0.8,3.1,3.5,3.0,4.7,22.0,7.0,,,413.0,155.0,411.0,149.0,316.0,101.0,408.0,145.0,,,,,,,,0.23,0.0,0.23,0.85,0.0,0.67,0.33,1.0,5.67,28,0,0,0,0,0,0,0,0,0,0,0,0,0,0,0,477,377,0.0,0.0,0.0,0.0,0.0,0.0,0.0,0.0,0.0,0,0,0,0
627,Sam,Johnstone,Johnstone,a,,,4.4,521,26.0,0.1,426,64.0,0.0,566.0,86.0,0,0,0.0,-1,1.0,10,10,0.0,4.8,-1.0,-0.5,1.8,359.0,28.0,,,177.0,21.0,485.0,14.0,626.0,72.0,322.0,21.0,,,,,,,,0.0,0.0,0.0,1.55,3.25,0.0,2.0,1.0,0.0,28,0,0,0,0,0,0,0,0,0,0,0,0,0,0,0,57,82,0.0,0.0,0.0,0.0,0.0,0.0,0.0,0.0,0.0,0,0,0,0
628,José,Malheiro de Sá,José Sá,a,,,4.2,628,33.0,1.2,176,22.0,4.3,27.0,4.0,8,0,0.0,-3,3.0,108,41,1.0,12.6,3.3,3.8,3.1,169.0,17.0,,,123.0,19.0,418.0,5.0,592.0,65.0,290.0,19.0,,,,,,,,0.0,0.0,0.0,1.47,2.59,0.24,1.59,1.0,0.0,28,8,90,0,0,1,0,0,0,0,0,0,4,1,1,31,999,1112,0.0,0.0,0.0,0.0,1.0599999999999987,27.400000000000034,0.0,0.0,2.6999999999999957,0,1,9,0
629,Daniel,Bentley,Bentley,a,,,3.9,741,70.0,0.5,261,34.0,0.0,408.0,29.0,0,0,0.0,-1,1.0,14,13,0.0,0.0,-1.0,-0.5,0.0,539.0,38.0,100.0,100.0,529.0,38.0,518.0,23.0,484.0,10.0,531.0,38.0,,,,,,,,0.0,0.0,0.0,0.0,0.0,0.0,0.0,0.0,0.0,28,0,0,0,0,0,0,0,0,0,0,0,0,0,0,0,199,149,0.0,0.0,0.0,0.0,0.0,0.0,0.0,0.0,0.0,0,0,0,0
631,Emmanuel,Agbadou,Agbadou,u,has joined Besiktas permanently.,,4.2,641,152.0,0.1,450,165.0,0.5,309.0,107.0,0,0,0.0,-3,3.0,0,2,0.1,5.5,0.0,0.0,1.6,386.0,144.0,0.0,0.0,172.0,73.0,293.0,94.0,272.0,76.0,249.0,80.0,,,,,,,,0.05,0.03,0.08,1.49,0.0,0.0,2.37,0.98,10.23,28,0,0,0,0,0,0,0,0,0,0,0,0,0,0,0,0,61,0.0,0.0,0.0,0.0,0.0,0.0,0.0,0.0,0.0,0,0,0,0
632,Matt,Doherty,Doherty,a,,,4.4,520,100.0,0.1,501,178.0,0.0,565.0,229.0,0,0,0.0,-1,1.0,7,5,0.0,2.5,-1.0,-0.5,1.2,437.0,158.0,100.0,100.0,336.0,127.0,336.0,114.0,383.0,135.0,371.0,130.0,,,,,,,,0.01,0.03,0.04,1.68,0.0,0.14,1.96,1.26,7.27,28,0,0,0,0,0,0,0,0,0,0,0,0,0,0,0,34,34,0.0,0.0,0.0,0.0,0.0,0.0,0.0,0.0,0.0,0,0,0,0
633,Hugo,Bueno López,H.Bueno,a,,,4.3,596,137.0,0.2,359,130.0,3.5,54.0,17.0,6,0,0.0,-2,2.0,70,54,0.8,16.5,2.5,3.0,2.7,234.0,93.0,100.0,100.0,76.0,35.0,24.0,2.0,200.0,49.0,52.0,8.0,1.0,,,,,,,0.02,0.13,0.15,1.42,0.0,0.2,1.46,0.98,6.78,28,6,90,0,0,1,0,0,0,0,0,0,0,1,0,26,688,827,0.0,0.0,0.010000000000000231,0.010000000000000231,1.0600000000000023,14.799999999999955,1.400000000000034,0.0,1.6000000000000085,2,5,5,7
634,Yerson,Mosquera Valdelamar,Mosquera,a,,,4.3,602,138.0,0.1,480,172.0,3.8,39.0,11.0,9,0,0.0,-2,2.0,34,14,0.9,11.4,2.8,3.3,2.5,271.0,106.0,100.0,100.0,167.0,72.0,228.0,60.0,133.0,26.0,192.0,62.0,,,,,,,,0.09,0.02,0.11,1.52,0.0,0.23,1.59,1.02,8.97,28,9,90,0,0,1,0,0,0,0,1,0,0,1,2,36,201,341,0.0,0.020000000000000018,0.06,0.08000000000000007,1.0599999999999987,22.600000000000023,10.399999999999991,7.0,4.0,4,6,1,10
635,Rodrigo,Martins Gomes,R.Gomes,a,,,4.4,545,118.0,0.1,563,203.0,2.0,155.0,53.0,7,0,0.0,-1,1.0,13,4,0.5,6.1,1.0,1.5,2.1,318.0,117.0,100.0,100.0,313.0,118.0,323.0,107.0,163.0,35.0,299.0,99.0,,,,,,,,0.22,0.05,0.27,1.21,0.0,0.0,1.56,0.94,5.31,28,7,1,1,0,0,0,0,0,0,0,0,0,0,0,17,36,43,0.0,0.2799999999999998,0.0,0.28,0.1899999999999995,33.0,0.0,17.0,4.9999999999999964,0,0,0,0
636,Santiago,Ignacio Bueno,S.Bueno,a,,,4.4,531,109.0,0.1,439,163.0,3.3,66.0,22.0,6,0,0.0,-1,1.0,41,30,0.7,15.9,2.3,2.8,3.5,119.0,41.0,100.0,100.0,93.0,43.0,252.0,74.0,179.0,41.0,172.0,57.0,,,,,,,,0.08,0.05,0.13,1.47,0.0,0.21,1.55,0.98,7.54,28,6,90,0,0,1,0,0,0,0,0,0,0,1,0,24,323,433,0.0,0.0,0.0,0.0,1.0600000000000023,22.80000000000001,0.3999999999999915,0.0,2.299999999999997,1,8,1,9
637,Toti,Gomes,Toti,a,,,4.2,640,151.0,0.1,521,185.0,1.3,219.0,81.0,8,0,0.0,-3,3.0,9,4,0.3,6.7,0.3,0.8,2.0,324.0,121.0,100.0,100.0,221.0,86.0,291.0,93.0,345.0,113.0,298.0,98.0,,,,,,,,0.03,0.02,0.05,1.65,0.0,0.09,2.17,1.13,8.32,28,8,90,0,0,1,0,0,0,0,0,0,0,1,0,25,27,16,0.0,0.24999999999999997,0.0,0.25,1.0599999999999987,28.200000000000017,0.7999999999999972,5.0,3.3999999999999986,2,10,3,12
638,Ki-Jana,Hoever,Hoever,u,has joined Sheffield United on loan for the rest of the season.,,3.8,795,243.0,1.0,194,74.0,0.0,389.0,144.0,0,0,0.0,-2,2.0,0,47,0.0,2.6,0.0,0.0,1.2,434.0,155.0,0.0,0.0,342.0,130.0,270.0,85.0,391.0,140.0,362.0,124.0,,,,,,,,0.0,0.08,0.08,1.99,0.0,0.0,2.77,1.28,8.51,28,0,0,0,0,0,0,0,0,0,0,0,0,0,0,0,0,610,0.0,0.0,0.0,0.0,0.0,0.0,0.0,0.0,0.0,0,0,0,0
639,Bastien,Meupiyou Menadjou,Meupiyou,u,On loan to FC Alverca,,4.0,713,190.0,0.0,761,259.0,0.0,491.0,195.0,0,0,0.0,0,0.0,0,0,0.0,0.0,0.0,0.0,0.0,615.0,230.0,0.0,0.0,605.0,229.0,597.0,229.0,566.0,224.0,607.0,229.0,,,,,,,,0.0,0.0,0.0,0.0,0.0,0.0,0.0,0.0,0.0,28,0,0,0,0,0,0,0,0,0,0,0,0,0,0,0,0,0,0.0,0.0,0.0,0.0,0.0,0.0,0.0,0.0,0.0,0,0,0,0
640,Pedro,Cardoso de Lima,Pedro Lima,a,,,4.0,733,209.0,0.4,288,106.0,0.3,334.0,115.0,0,0,0.0,0,0.0,3,7,0.1,0.8,-0.7,-0.2,1.0,456.0,169.0,100.0,100.0,501.0,178.0,471.0,173.0,437.0,162.0,500.0,177.0,,,,,,,,0.0,0.0,0.0,23.7,0.0,0.0,30.0,0.0,0.0,28,0,0,0,0,0,0,0,0,0,0,0,0,0,0,0,48,71,0.0,0.0,0.0,0.0,0.0,0.0,0.0,0.0,0.0,0,0,0,0
641,Alfie,Pond,Pond,u,has joined Crewe Alexandra on loan for the rest of the season.,,3.9,772,225.0,1.0,193,73.0,0.0,433.0,165.0,0,0,0.0,-1,1.0,0,24,0.0,0.0,0.0,0.0,0.0,562.0,204.0,0.0,0.0,552.0,203.0,541.0,203.0,507.0,195.0,554.0,203.0,,,,,,,,0.0,0.0,0.0,0.0,0.0,0.0,0.0,0.0,0.0,28,0,0,0,0,0,0,0,0,0,0,0,0,0,0,0,0,329,0.0,0.0,0.0,0.0,0.0,0.0,0.0,0.0,0.0,0,0,0,0
642,Hwang,Hee-chan,Hee Chan,d,Calf injury - 25% chance of playing,,5.6,126,78.0,0.1,464,158.0,0.5,310.0,142.0,0,0,0.0,-4,4.0,0,14,0.1,7.9,-0.1,0.0,2.2,311.0,137.0,25.0,25.0,316.0,144.0,192.0,128.0,181.0,101.0,270.0,136.0,,1.0,3.0,,,,,0.17,0.07,0.24,1.39,0.0,0.16,1.73,1.18,5.35,28,0,0,0,0,0,0,0,0,0,0,0,0,0,0,0,5,341,0.0,0.0,0.0,0.0,0.0,0.0,0.0,0.0,0.0,0,0,0,0
643,André,Trindade da Costa Neto,André,a,,,5.2,216,134.0,0.1,528,191.0,2.2,143.0,66.0,5,0,0.0,-3,3.0,10,11,0.4,12.1,1.2,1.7,2.4,291.0,127.0,100.0,100.0,202.0,85.0,143.0,98.0,376.0,191.0,237.0,118.0,,,,,,,,0.01,0.03,0.04,1.48,0.0,0.09,1.66,0.97,12.42,28,5,88,0,0,1,0,0,0,0,0,0,0,1,0,18,196,60,0.0,0.0,0.010000000000000009,0.010000000000000009,0.8200000000000038,9.199999999999989,2.0999999999999943,0.0,1.0999999999999943,2,3,7,12
644,Jean-Ricner,Bellegarde,Bellegarde,a,,,5.1,231,142.0,0.0,600,228.0,1.3,220.0,96.0,2,0,0.0,-4,4.0,7,9,0.3,6.5,0.3,0.8,1.6,393.0,174.0,100.0,100.0,297.0,132.0,201.0,132.0,193.0,107.0,269.0,135.0,3.0,2.0,,,,,,0.09,0.06,0.15,1.56,0.0,0.28,2.12,1.11,7.47,28,2,80,0,0,1,0,0,0,0,1,0,0,1,0,8,178,79,0.0,0.0,0.0,0.0,0.6699999999999982,5.199999999999989,13.600000000000009,6.0,2.5,1,1,1,3
645,Fer,López González,Fer López,u,has joined Celta Vigo on loan for the rest of the season.,,5.1,241,147.0,0.0,655,262.0,0.0,756.0,326.0,0,0,0.0,-4,4.0,0,2,0.0,2.4,0.0,0.0,1.3,431.0,194.0,0.0,0.0,430.0,190.0,319.0,180.0,340.0,177.0,399.0,184.0,,,,,,,,0.06,0.24,0.3,1.57,0.0,0.0,3.55,0.79,4.74,28,0,0,0,0,0,0,0,0,0,0,0,0,0,0,0,0,8,0.0,0.0,0.0,0.0,0.0,0.0,0.0,0.0,0.0,0,0,0,0
646,João Victor,Gomes da Silva,J.Gomes,a,,,5.3,197,123.0,0.3,340,116.0,4.2,32.0,14.0,14,0,0.0,-2,2.0,277,78,0.8,15.5,3.2,3.7,3.0,195.0,81.0,100.0,100.0,124.0,40.0,95.0,70.0,175.0,98.0,120.0,67.0,,1.0,,,,,,0.05,0.06,0.11,1.46,0.0,0.17,1.7,1.02,12.58,28,14,90,1,1,1,0,0,0,0,0,0,0,1,3,53,573,2457,0.0,0.29000000000000015,0.010000000000000009,0.30000000000000027,1.0600000000000023,40.60000000000002,2.3000000000000114,24.0,6.700000000000003,1,2,7,10
647,Gonçalo Manuel,Ganchinho Guedes,Guedes,u,Has joined Real Sociedad permanently.,,5.5,139,86.0,0.0,792,349.0,0.0,782.0,344.0,0,0,0.0,0,0.0,0,0,0.0,0.0,0.0,0.0,0.0,804.0,357.0,0.0,0.0,804.0,357.0,803.0,357.0,801.0,356.0,804.0,357.0,,,,,,,,0.0,0.0,0.0,0.0,0.0,0.0,0.0,0.0,0.0,28,0,0,0,0,0,0,0,0,0,0,0,0,0,0,0,0,0,0.0,0.0,0.0,0.0,0.0,0.0,0.0,0.0,0.0,0,0,0,0
648,Marshall,Munetsi,Munetsi,u,has joined Paris FC on loan for the rest of the season.,,5.3,196,122.0,0.0,623,242.0,0.0,765.0,331.0,0,0,0.0,-2,2.0,0,1,0.0,7.2,0.0,0.0,2.9,206.0,85.0,0.0,0.0,284.0,123.0,318.0,179.0,122.0,71.0,272.0,138.0,,,,,,,,0.17,0.04,0.21,1.38,0.0,0.0,1.96,0.93,8.26,28,0,0,0,0,0,0,0,0,0,0,0,0,0,0,0,0,13,0.0,0.0,0.0,0.0,0.0,0.0,0.0,0.0,0.0,0,0,0,0
649,Boubacar,Traoré,B.Traore,u,Has joined FC Metz on loan for the rest of the season.,,5.0,264,161.0,0.0,813,362.0,0.0,739.0,315.0,0,0,0.0,0,0.0,0,0,0.0,0.0,0.0,0.0,0.0,784.0,343.0,0.0,0.0,784.0,343.0,782.0,343.0,778.0,341.0,784.0,343.0,,,,,,,,0.0,0.0,0.0,0.0,0.0,0.0,0.0,0.0,0.0,28,0,0,0,0,0,0,0,0,0,0,0,0,0,0,0,0,0,0.0,0.0,0.0,0.0,0.0,0.0,0.0,0.0,0.0,0,0,0,0
650,Tawanda,Chirewa,Chirewa,u,has joined Barnsley on loan for the rest of the season.,,4.3,599,350.0,0.2,369,123.0,0.0,545.0,181.0,0,0,0.0,-2,2.0,0,13,0.0,0.5,0.0,0.0,1.0,460.0,201.0,0.0,0.0,477.0,220.0,478.0,232.0,608.0,228.0,488.0,225.0,,,,,,,,0.0,0.0,0.0,1.8,0.0,0.0,0.0,0.0,14.4,28,0,0,0,0,0,0,0,0,0,0,0,0,0,0,0,0,79,0.0,0.0,0.0,0.0,0.0,0.0,0.0,0.0,0.0,0,0,0,0
651,Tom,Edozie,Edozie,a,,,4.3,616,361.0,0.4,277,98.0,1.0,245.0,107.0,0,0,0.0,-2,2.0,47,22,0.2,1.4,0.0,0.5,6.0,3.0,1.0,,,422.0,186.0,484.0,235.0,385.0,193.0,442.0,198.0,,,,,,,,2.55,0.0,2.55,3.0,0.0,0.0,0.0,0.0,0.0,28,0,0,0,0,0,0,0,0,0,0,0,0,0,0,0,1209,378,0.0,0.0,0.0,0.0,0.0,0.0,0.0,0.0,0.0,0,0,0,0
652,Enso,González Medina,Gonzalez,a,,,4.3,615,360.0,1.3,169,59.0,0.0,559.0,191.0,0,0,0.0,-2,2.0,54,63,0.0,0.0,-1.0,-0.5,0.0,657.0,252.0,,,647.0,243.0,643.0,248.0,620.0,237.0,649.0,245.0,,,,,,,,0.0,0.0,0.0,0.0,0.0,0.0,0.0,0.0,0.0,28,0,0,0,0,0,0,0,0,0,0,0,0,0,0,0,599,625,0.0,0.0,0.0,0.0,0.0,0.0,0.0,0.0,0.0,0,0,0,0
653,Joe,Hodge,Hodge,u,Signed by CD Tondela,,4.5,424,254.0,0.0,660,266.0,0.0,611.0,218.0,0,0,0.0,0,0.0,0,0,0.0,0.0,0.0,0.0,0.0,696.0,273.0,0.0,0.0,690.0,268.0,685.0,271.0,667.0,263.0,692.0,270.0,,,,,,,,0.0,0.0,0.0,0.0,0.0,0.0,0.0,0.0,0.0,28,0,0,0,0,0,0,0,0,0,0,0,0,0,0,0,0,3,0.0,0.0,0.0,0.0,0.0,0.0,0.0,0.0,0.0,0,0,0,0
655,Fábio,Soares Silva,Fábio Silva,u,has joined Borussia Dortmund permanently.,,4.9,331,61.0,0.2,398,62.0,0.0,724.0,77.0,0,0,0.0,-1,1.0,0,1,0.0,0.0,0.0,0.0,0.0,774.0,86.0,0.0,0.0,774.0,86.0,770.0,85.0,765.0,85.0,774.0,86.0,,,,,,,,0.0,0.0,0.0,0.0,0.0,0.0,0.0,0.0,0.0,28,0,0,0,0,0,0,0,0,0,0,0,0,0,0,0,0,9,0.0,0.0,0.0,0.0,0.0,0.0,0.0,0.0,0.0,0,0,0,0
656,Saša,Kalajdžić,Kalajdžić,u,has joined LASK on loan for the rest of the season.,,4.9,323,59.0,0.0,589,80.0,0.0,718.0,76.0,0,0,0.0,-1,1.0,0,2,0.0,0.2,0.0,0.0,1.0,488.0,59.0,0.0,0.0,496.0,61.0,442.0,58.0,448.0,61.0,484.0,61.0,,,,,,,,0.0,0.06,0.06,0.64,0.0,0.0,0.0,0.0,12.86,28,0,0,0,0,0,0,0,0,0,0,0,0,0,0,0,0,3,0.0,0.0,0.0,0.0,0.0,0.0,0.0,0.0,0.0,0,0,0,0
657,Leon,Chiwome,Chiwome,i,Knee injury - Unknown return date,,4.4,564,82.0,0.0,651,83.0,0.0,593.0,63.0,0,0,0.0,-1,1.0,0,1,0.0,0.0,0.0,0.0,0.0,683.0,74.0,0.0,0.0,676.0,74.0,671.0,73.0,651.0,73.0,678.0,74.0,,,,,,,,0.0,0.0,0.0,0.0,0.0,0.0,0.0,0.0,0.0,28,0,0,0,0,0,0,0,0,0,0,0,0,0,0,0,46,34,0.0,0.0,0.0,0.0,0.0,0.0,0.0,0.0,0.0,0,0,0,0
658,Nathan,Fraser,Fraser,a,,,4.2,642,89.0,1.9,138,23.0,0.0,524.0,50.0,0,0,0.0,-3,3.0,89,120,0.0,0.0,-1.0,-0.5,0.0,638.0,63.0,,,629.0,63.0,623.0,62.0,596.0,62.0,631.0,63.0,,,,,,,,0.0,0.0,0.0,0.0,0.0,0.0,0.0,0.0,0.0,28,0,0,0,0,0,0,0,0,0,0,0,0,0,0,0,821,1876,0.0,0.0,0.0,0.0,0.0,0.0,0.0,0.0,0.0,0,0,0,0
663,Jhon,Arias,J.Arias,u,has joined Palmeiras permanently.,,4.9,319,198.0,0.1,432,145.0,0.2,361.0,161.0,0,0,0.0,-6,6.0,0,11,0.0,9.2,0.0,0.0,2.0,329.0,143.0,0.0,0.0,275.0,119.0,154.0,106.0,176.0,99.0,229.0,114.0,,,,,,,,0.27,0.05,0.32,1.29,0.0,0.16,1.69,1.13,10.07,28,0,0,0,0,0,0,0,0,0,0,0,0,0,0,0,0,94,0.0,0.0,0.0,0.0,0.0,0.0,0.0,0.0,0.0,0,0,0,0
682,David,Møller Wolfe,Møller Wolfe,a,,,4.2,638,149.0,0.1,547,196.0,0.5,308.0,106.0,0,0,0.0,-3,3.0,2,2,0.1,5.5,-0.5,0.0,1.4,419.0,150.0,,,315.0,119.0,234.0,64.0,322.0,104.0,331.0,115.0,,,,,,,,0.02,0.12,0.14,1.92,0.0,0.0,2.37,0.95,4.49,28,0,0,0,0,0,0,0,0,0,0,0,0,0,0,0,17,21,0.0,0.0,0.0,0.0,0.0,0.0,0.0,0.0,0.0,0,0,0,0
695,Jackson,Tchatchoua,Tchatchoua,a,,,4.4,552,119.0,0.0,644,226.0,1.5,197.0,73.0,6,0,0.0,-1,1.0,5,3,0.3,10.2,0.5,1.0,1.7,376.0,141.0,,,209.0,83.0,109.0,29.0,334.0,108.0,213.0,71.0,,,,,,,,0.02,0.07,0.09,1.32,0.0,0.18,1.66,0.89,5.52,28,6,90,0,0,1,0,0,0,0,0,0,0,1,0,25,26,27,0.0,0.0,0.010000000000000009,0.010000000000000009,1.0600000000000023,14.200000000000017,8.699999999999989,0.0,2.299999999999997,1,4,4,5
709,Ladislav,Krejcí,Krejčí,s,Suspended until 03 Mar,,4.5,427,84.0,0.1,543,194.0,1.5,198.0,74.0,0,0,0.0,0,0.0,1,27,0.3,12.2,0.0,0.0,2.5,273.0,108.0,0.0,0.0,83.0,37.0,226.0,58.0,112.0,17.0,131.0,43.0,,,,,,,,0.1,0.07,0.17,1.43,0.0,0.15,1.7,1.02,7.42,28,0,0,0,0,0,0,0,0,0,0,0,0,0,0,0,16,552,0.0,0.0,0.0,0.0,0.0,0.0,0.0,0.0,0.0,0,0,0,0
720,Tolu,Arokodare,Tolu,a,,,5.4,177,44.0,0.2,374,59.0,2.5,122.0,13.0,1,0,0.0,-1,1.0,17,130,0.5,9.3,1.5,2.0,2.0,335.0,38.0,,,281.0,27.0,194.0,18.0,30.0,16.0,137.0,17.0,,,5.0,,,,,0.31,0.03,0.34,1.48,0.0,0.23,1.82,0.91,4.94,28,1,9,0,0,0,0,0,0,0,0,0,0,0,0,4,408,2305,0.0,0.0,0.010000000000000009,0.009999999999999787,0.39000000000000057,4.0,10.300000000000011,0.0,1.3999999999999915,0,1,0,1
749,Mateus,Mané,Mané,a,,,4.6,405,66.0,2.6,116,18.0,2.0,156.0,21.0,2,0,0.0,1,-1.0,221,801,0.4,10.9,1.0,1.5,2.8,218.0,21.0,,,244.0,21.0,131.0,10.0,126.0,31.0,185.0,22.0,2.0,3.0,,,,,,0.1,0.12,0.22,1.59,0.0,0.31,1.39,0.93,6.95,28,2,90,0,0,1,0,0,0,0,0,0,0,1,0,6,3583,20991,0.0,0.09000000000000008,0.010000000000000009,0.10000000000000009,1.0599999999999987,1.5999999999999943,11.400000000000006,5.0,1.8000000000000043,0,2,3,5
766,Saheed,Olagunju,Olagunju,a,,,4.0,723,199.0,0.0,664,233.0,0.0,501.0,204.0,0,0,0.0,0,0.0,6,4,0.0,0.0,-1.0,-0.5,0.0,624.0,238.0,,,614.0,237.0,606.0,237.0,575.0,232.0,616.0,237.0,,,,,,,,0.0,0.0,0.0,0.0,0.0,0.0,0.0,0.0,0.0,28,0,0,0,0,0,0,0,0,0,0,0,0,0,0,0,74,32,0.0,0.0,0.0,0.0,0.0,0.0,0.0,0.0,0.0,0,0,0,0
767,Luke,Rawlings,Rawlings,a,,,4.5,495,304.0,0.0,767,330.0,0.0,666.0,264.0,0,0,0.0,0,0.0,1,0,0.0,0.0,-1.0,-0.5,0.0,740.0,310.0,,,739.0,309.0,733.0,309.0,720.0,305.0,739.0,309.0,,,,,,,,0.0,0.0,0.0,0.0,0.0,0.0,0.0,0.0,0.0,28,0,0,0,0,0,0,0,0,0,0,0,0,0,0,0,12,9,0.0,0.0,0.0,0.0,0.0,0.0,0.0,0.0,0.0,0,0,0,0
777,Temple,Ojinnaka,Ojinnaka,u,has joined Shrewsbury Town on loan for the rest of the season.,,4.5,455,272.0,0.0,802,355.0,0.0,631.0,235.0,0,0,0.0,0,0.0,0,0,0.0,0.0,0.0,0.0,0.0,712.0,288.0,0.0,0.0,707.0,284.0,703.0,286.0,687.0,279.0,708.0,285.0,,,,,,,,0.0,0.0,0.0,0.0,0.0,0.0,0.0,0.0,0.0,28,0,0,0,0,0,0,0,0,0,0,0,0,0,0,0,0,4,0.0,0.0,0.0,0.0,0.0,0.0,0.0,0.0,0.0,0,0,0,0
778,Ethan,Sutherland,Sutherland,a,,,4.5,487,298.0,0.0,755,322.0,0.0,659.0,259.0,0,0,0.0,0,0.0,0,0,0.0,0.0,-1.0,-0.5,0.0,733.0,305.0,,,732.0,304.0,726.0,304.0,713.0,300.0,732.0,304.0,,,,,,,,0.0,0.0,0.0,0.0,0.0,0.0,0.0,0.0,0.0,28,0,0,0,0,0,0,0,0,0,0,0,0,0,0,0,13,11,0.0,0.0,0.0,0.0,0.0,0.0,0.0,0.0,0.0,0,0,0,0
809,Jerome,Abbey,Abbey,a,,,4.5,516,319.0,0.0,763,326.0,0.0,683.0,277.0,0,0,0.0,0,0.0,5,4,0.0,0.0,-1.0,-0.5,0.0,754.0,321.0,,,754.0,321.0,748.0,321.0,736.0,318.0,754.0,321.0,,,,,,,,0.0,0.0,0.0,0.0,0.0,0.0,0.0,0.0,0.0,28,0,0,0,0,0,0,0,0,0,0,0,0,0,0,0,44,26,0.0,0.0,0.0,0.0,0.0,0.0,0.0,0.0,0.0,0,0,0,0
816,Angel,Gomes,Angel,a,,,4.9,307,192.0,0.0,680,277.0,1.6,189.0,84.0,1,0,0.0,-1,1.0,3,17,0.3,1.6,0.6,1.1,1.6,390.0,171.0,100.0,100.0,421.0,185.0,355.0,187.0,403.0,199.0,425.0,191.0,,,,,,,,0.03,0.04,0.07,3.67,0.0,0.51,2.02,1.52,9.1,28,1,1,0,0,0,0,0,0,0,0,0,0,0,0,3,34,219,0.0,0.0,0.0,0.0,0.2400000000000002,2.0,0.0,0.0,0.20000000000000107,1,0,0,1
817,Adam,Armstrong,Armstrong,a,,,5.4,160,40.0,0.1,544,76.0,2.8,101.0,11.0,4,0,0.0,-1,1.0,43,27,0.5,2.6,1.8,2.3,2.8,222.0,22.0,,,401.0,43.0,322.0,35.0,398.0,56.0,396.0,47.0,,,,,,,,0.04,0.12,0.16,2.05,0.0,0.64,1.07,1.07,3.84,28,4,90,0,1,1,0,0,0,0,1,0,0,1,0,20,257,739,0.0,0.0,0.010000000000000009,0.010000000000000009,0.8699999999999992,18.0,10.800000000000004,2.0,3.0999999999999996,1,1,5,7
