id,status,chance_of_playing_next_round,chance_of_playing_this_round,now_cost,now_cost_rank,now_cost_rank_type,cost_change_event,cost_change_event_fall,cost_change_start,cost_change_start_fall,selected_by_percent,selected_rank,selected_rank_type,total_points,event_points,points_per_game,points_per_game_rank,points_per_game_rank_type,bonus,bps,form,form_rank,form_rank_type,value_form,value_season,dreamteam_count,transfers_in,transfers_in_event,transfers_out,transfers_out_event,ep_next,ep_this,expected_goals,expected_assists,expected_goal_involvements,expected_goals_conceded,expected_goals_per_90,expected_assists_per_90,expected_goal_involvements_per_90,expected_goals_conceded_per_90,influence,influence_rank,influence_rank_type,creativity,creativity_rank,creativity_rank_type,threat,threat_rank,threat_rank_type,ict_index,ict_index_rank,ict_index_rank_type,corners_and_indirect_freekicks_order,direct_freekicks_order,penalties_order,gw,set_piece_threat,first_name,second_name,web_name,news,news_added,minutes,goals_scored,assists,clean_sheets,goals_conceded,own_goals,penalties_saved,penalties_missed,yellow_cards,red_cards,saves,starts,defensive_contribution,corners_and_indirect_freekicks_text,direct_freekicks_text,penalties_text,saves_per_90,clean_sheets_per_90,goals_conceded_per_90,starts_per_90,defensive_contribution_per_90,tackles,clearances_blocks_interceptions,recoveries
750,a,,,4.0,700,180.0,0,0.0,0,0.0,0.0,641,228.0,0,0,0.0,604.0,223.0,0,0,0.0,471.0,186.0,0.0,0.0,0.0,1850,2,1604,4,0.0,-0.5,0.0,0.0,0.0,0.0,0.0,0.0,0.0,0.0,0.0,594.0,223.0,0.0,585.0,223.0,0.0,556.0,219.0,0.0,596.0,223.0,,,,30,,James,Rowswell,Rowswell,,,0,0,0,0,0,0,0,0,0,0,0,0,0,,,,0.0,0.0,0.0,0.0,0.0,0,0,0
36,d,75.0,75.0,4.7,381,63.0,-1,1.0,2,-2.0,8.7,38,13.0,100,0,3.7,94.0,33.0,6,379,0.2,347.0,127.0,0.0,21.3,0.0,2811397,387,2100344,3789,0.2,-0.2,1.04,2.44,3.48,36.25,0.04,0.09,0.13,1.39,533.0,62.0,28.0,413.7,50.0,7.0,188.0,148.0,29.0,113.5,67.0,11.0,5.0,,,30,,Matty,Cash,Cash,Calf injury - 75% chance of playing,,2352,3,2,7,27,0,0,0,7,0,0,27,173,,,,0.0,0.27,1.03,1.03,5.74,48,102,74
37,a,100.0,100.0,4.5,408,73.0,0,0.0,0,0.0,1.5,160,62.0,74,0,3.1,173.0,66.0,4,289,0.5,305.0,107.0,0.1,16.4,0.0,312208,422,362975,110,0.5,0.0,0.54,2.3,2.84,20.64,0.04,0.15,0.19,1.35,279.6,204.0,80.0,308.9,92.0,20.0,108.0,234.0,61.0,69.5,178.0,60.0,,2.0,,30,,Lucas,Digne,Digne,,,1378,0,4,6,14,0,0,0,3,0,0,16,103,,,,0.0,0.39,0.91,1.04,5.16,26,53,53
50,a,100.0,100.0,5.3,189,117.0,0,0.0,-2,2.0,0.4,270,93.0,79,0,2.9,207.0,84.0,8,276,1.0,250.0,112.0,0.2,14.9,0.0,223627,146,195768,77,1.0,0.5,2.71,1.68,4.39,21.48,0.18,0.11,0.29,1.43,331.6,173.0,67.0,303.5,95.0,71.0,304.0,81.0,49.0,92.6,100.0,60.0,,6.0,2.0,30,,Emiliano,Buendía Stati,Buendía,,,1355,5,2,3,16,0,0,0,5,0,0,17,145,,,,0.0,0.2,1.06,1.13,9.63,35,24,86
51,u,0.0,0.0,5.5,150,94.0,0,0.0,0,0.0,0.0,685,279.0,0,0,0.0,810.0,362.0,0,0,0.0,789.0,349.0,0.0,0.0,0.0,1383,0,3791,0,0.0,0.0,0.0,0.0,0.0,0.0,0.0,0.0,0.0,0.0,0.0,809.0,361.0,0.0,808.0,361.0,0.0,806.0,360.0,0.0,809.0,361.0,,,,30,,Samuel,Iling-Junior,Iling Jr,has joined Pisa on loan for the rest of the season.,,0,0,0,0,0,0,0,0,0,0,0,0,0,,,,0.0,0.0,0.0,0.0,0.0,0,0,0
53,u,0.0,0.0,5.1,227,139.0,0,0.0,-4,4.0,0.4,275,96.0,55,0,2.6,258.0,110.0,3,161,0.0,757.0,325.0,0.0,10.8,0.0,172896,0,339290,23,0.0,0.0,4.03,0.35,4.38,10.59,0.57,0.05,0.62,1.49,183.4,281.0,121.0,99.7,267.0,162.0,290.0,86.0,54.0,56.3,226.0,110.0,,,,30,,Donyell,Malen,Malen,has joined Roma on loan for the rest of the season.,,640,4,2,1,10,0,0,0,0,0,0,5,16,,,,0.0,0.14,1.41,0.7,2.25,4,2,10
54,a,100.0,100.0,5.3,185,114.0,0,0.0,-2,2.0,0.5,261,90.0,71,0,3.2,162.0,72.0,4,289,0.0,769.0,333.0,0.0,13.4,0.0,208955,111,244560,24,0.0,-0.5,2.52,1.96,4.48,26.58,0.14,0.11,0.25,1.5,308.2,188.0,78.0,385.2,62.0,50.0,193.0,143.0,82.0,88.8,114.0,66.0,,,,30,,John,McGinn,McGinn,,,1591,3,2,7,21,0,0,0,3,0,0,21,126,,,,0.0,0.4,1.19,1.19,7.13,27,29,70
62,u,0.0,0.0,4.5,469,287.0,0,0.0,0,0.0,0.1,559,205.0,1,0,1.0,478.0,215.0,0,3,0.0,644.0,244.0,0.0,0.2,0.0,8790,0,10679,6,0.0,0.0,0.0,0.0,0.0,0.61,0.0,0.0,0.0,6.86,0.2,506.0,231.0,0.3,481.0,234.0,0.0,703.0,292.0,0.1,508.0,233.0,,,,30,,Jamaldeen,Jimoh-Aloba,Jimoh-Aloba,has joined West Brom on loan for the rest of the season.,,8,0,0,0,0,0,0,0,0,0,0,0,1,,,,0.0,0.0,0.0,0.0,11.25,0,0,1
63,u,0.0,0.0,4.3,609,355.0,0,0.0,-2,2.0,0.5,252,87.0,0,0,0.0,655.0,248.0,0,0,0.0,549.0,179.0,0.0,0.0,0.0,102090,0,128732,77,0.0,0.0,0.0,0.0,0.0,0.0,0.0,0.0,0.0,0.0,0.0,645.0,238.0,0.0,641.0,243.0,0.0,618.0,232.0,0.0,647.0,240.0,,,,30,,Kadan,Young,Young,has joined Reading on loan for the rest of the season.,,0,0,0,0,0,0,0,0,0,0,0,0,0,,,,0.0,0.0,0.0,0.0,0.0,0,0,0
64,a,100.0,100.0,8.5,11,5.0,0,0.0,-5,5.0,7.8,48,7.0,100,0,3.6,115.0,9.0,11,352,1.2,237.0,29.0,0.1,11.8,0.0,2224436,4160,4325101,576,1.2,0.7,10.0,1.01,11.01,34.9,0.42,0.04,0.46,1.47,387.6,135.0,12.0,226.6,149.0,11.0,778.0,5.0,4.0,138.6,31.0,6.0,,,3.0,30,,Ollie,Watkins,Watkins,,,2144,8,2,8,29,0,0,0,2,0,0,25,74,,,,0.0,0.34,1.22,1.05,3.11,18,16,40
65,u,0.0,0.0,4.5,481,68.0,0,0.0,0,0.0,0.3,328,54.0,0,0,0.0,734.0,78.0,0,0,0.0,655.0,66.0,0.0,0.0,0.0,17574,0,85052,4,0.0,0.0,0.0,0.0,0.0,0.0,0.0,0.0,0.0,0.0,0.0,731.0,78.0,0.0,726.0,77.0,0.0,713.0,77.0,0.0,732.0,78.0,,,,30,,Zépiqueno,Redmond,Redmond,has joined Huddersfield Town on loan for the rest of the season.,,0,0,0,0,0,0,0,0,0,0,0,0,0,,,,0.0,0.0,0.0,0.0,0.0,0,0,0
389,a,100.0,100.0,5.1,235,143.0,0,0.0,-4,4.0,0.2,400,135.0,5,0,1.0,498.0,231.0,0,17,0.0,759.0,327.0,0.0,1.0,0.0,94152,12,103489,8,0.0,-0.5,0.29,0.08,0.37,1.74,0.24,0.07,0.31,1.42,11.8,458.0,205.0,31.7,375.0,191.0,31.0,359.0,186.0,7.4,434.0,195.0,,,,30,,Harvey,Elliott,Elliott,,,110,0,0,0,2,0,0,0,0,0,0,1,6,,,,0.0,0.0,1.64,0.82,4.91,0,2,4
808,a,,,6.0,87,27.0,0,0.0,0,0.0,0.3,341,55.0,13,0,2.2,316.0,33.0,2,46,2.2,151.0,19.0,0.4,2.2,0.0,81832,172,51806,164,2.2,1.7,1.24,0.1,1.34,1.97,0.68,0.06,0.74,1.09,45.8,416.0,47.0,37.3,365.0,46.0,89.0,263.0,46.0,17.3,385.0,47.0,,,,30,,Tammy,Abraham,Abraham,,,163,1,0,0,2,0,0,0,0,0,0,1,6,,,,0.0,0.0,1.1,0.55,3.31,2,1,3
183,a,,,4.3,607,30.0,0,0.0,-2,2.0,0.1,444,67.0,0,0,0.0,654.0,90.0,0,0,0.0,547.0,86.0,0.0,0.0,0.0,7815,12,17365,14,-0.5,-0.5,0.0,0.0,0.0,0.0,0.0,0.0,0.0,0.0,0.0,644.0,90.0,0.0,640.0,82.0,0.0,617.0,71.0,0.0,646.0,90.0,,,,30,,Max,Weiß,Weiss,,,0,0,0,0,0,0,0,0,0,0,0,0,0,,,,0.0,0.0,0.0,0.0,0.0,0,0,0
184,u,0.0,0.0,4.0,693,57.0,0,0.0,0,0.0,0.2,404,60.0,0,0,0.0,599.0,77.0,0,0,0.0,465.0,70.0,0.0,0.0,0.0,4943,0,34026,10,0.0,0.0,0.0,0.0,0.0,0.0,0.0,0.0,0.0,0.0,0.0,589.0,77.0,0.0,580.0,64.0,0.0,551.0,51.0,0.0,591.0,77.0,,,,30,,Etienne,Green,Green,has joined FC Fredericia permanently.,,0,0,0,0,0,0,0,0,0,0,0,0,0,,,,0.0,0.0,0.0,0.0,0.0,0,0,0
1,a,,,6.0,86,1.0,0,0.0,5,-5.0,34.6,9,1.0,129,7,4.2,53.0,3.0,6,515,4.2,54.0,5.0,0.7,21.5,0.0,4092239,2544,2375561,4415,0.0,5.2,0.0,0.06,0.06,22.3,0.0,0.0,0.0,0.72,445.8,93.0,16.0,33.4,373.0,3.0,0.0,813.0,94.0,48.0,264.0,16.0,,,,30,,David,Raya Martín,Raya,,,2790,0,0,15,22,0,0,0,1,0,50,31,94,,,,1.61,0.48,0.71,1.0,0.0,1,30,257
2,a,,,4.1,653,36.0,0,0.0,-4,4.0,0.4,280,37.0,0,0,0.0,635.0,85.0,0,0,0.0,506.0,78.0,0.0,0.0,0.0,14659,8,77005,27,0.0,1.0,0.0,0.0,0.0,0.0,0.0,0.0,0.0,0.0,0.0,625.0,85.0,0.0,617.0,73.0,0.0,590.0,60.0,0.0,627.0,85.0,,,,30,,Kepa,Arrizabalaga Revuelta,Arrizabalaga,,,0,0,0,0,0,0,0,0,0,0,0,0,0,,,,0.0,0.0,0.0,0.0,0.0,0,0,0
3,u,0.0,0.0,4.0,688,54.0,0,0.0,0,0.0,0.2,373,54.0,0,0,0.0,595.0,74.0,0,0,0.0,461.0,67.0,0.0,0.0,0.0,5545,0,48237,5,0.0,0.0,0.0,0.0,0.0,0.0,0.0,0.0,0.0,0.0,0.0,585.0,74.0,0.0,576.0,61.0,0.0,547.0,48.0,0.0,587.0,74.0,,,,30,,Karl,Hein,Hein,Has joined Werder Bremen on loan for the rest of the season.,,0,0,0,0,0,0,0,0,0,0,0,0,0,,,,0.0,0.0,0.0,0.0,0.0,0,0,0
197,u,0.0,0.0,3.8,805,250.0,0,0.0,-2,2.0,0.2,377,140.0,13,0,1.9,343.0,127.0,0,20,0.0,391.0,151.0,0.0,3.4,0.0,34622,0,33654,39,0.0,0.0,0.55,0.08,0.63,3.79,0.3,0.04,0.34,2.08,44.8,418.0,156.0,18.1,399.0,146.0,30.0,361.0,120.0,9.2,425.0,153.0,,,,30,,Oliver,Sonne,Sonne,has joined Sparta Prague on loan for the rest of the season.,,164,1,0,0,4,0,0,0,0,0,0,1,10,,,,0.0,0.0,2.2,0.55,3.84,2,5,4
198,i,0.0,0.0,3.9,753,215.0,0,0.0,-1,1.0,0.9,197,76.0,27,0,2.5,262.0,99.0,0,81,0.0,412.0,161.0,0.0,6.9,0.0,137363,0,295494,67,0.0,0.0,0.61,0.11,0.72,24.88,0.06,0.01,0.07,2.41,225.2,248.0,97.0,9.8,431.0,154.0,52.0,324.0,105.0,28.9,343.0,116.0,,,,30,,Axel,Tuanzebe,Tuanzebe,Achilles injury - Expected back 11 Apr,,931,1,0,1,22,1,0,0,1,0,0,11,106,,,,0.0,0.1,2.13,1.06,9.38,12,85,29
199,a,100.0,100.0,3.8,789,234.0,0,0.0,-2,2.0,0.2,363,133.0,20,1,1.8,363.0,134.0,0,40,2.5,115.0,43.0,0.7,5.3,0.0,29030,66,24434,38,2.0,2.0,0.08,0.02,0.1,11.68,0.01,0.0,0.01,2.12,145.6,315.0,120.0,1.5,461.0,169.0,19.0,383.0,135.0,16.8,386.0,138.0,,,,30,,Joe,Worrall,Worrall,,,496,0,0,0,11,0,0,0,0,0,0,5,77,,,,0.0,0.0,2.0,0.91,13.79,4,72,10
200,a,100.0,100.0,5.0,261,159.0,0,0.0,-5,5.0,2.0,139,48.0,103,3,3.6,110.0,51.0,6,398,4.8,33.0,13.0,1.0,20.6,0.0,1248956,473,1096731,195,4.3,4.3,3.87,2.08,5.95,44.41,0.17,0.09,0.26,1.98,470.0,84.0,28.0,417.9,48.0,40.0,458.0,32.0,17.0,134.5,36.0,26.0,2.0,,,30,,Jaidon,Anthony,Anthony,,,2018,7,3,4,43,0,0,0,4,0,0,24,189,,,,0.0,0.18,1.92,1.07,8.43,34,41,114
4,a,,,3.9,778,90.0,0,0.0,-1,1.0,0.2,362,52.0,0,0,0.0,567.0,59.0,0,0,0.0,431.0,50.0,0.0,0.0,0.0,33850,7,33747,18,0.0,1.0,0.0,0.0,0.0,0.0,0.0,0.0,0.0,0.0,0.0,557.0,59.0,0.0,545.0,43.0,0.0,515.0,30.0,0.0,559.0,59.0,,,,30,,Tommy,Setford,Setford,,,0,0,0,0,0,0,0,0,0,0,0,0,0,,,,0.0,0.0,0.0,0.0,0.0,0,0,0
5,a,100.0,100.0,7.2,30,1.0,0,0.0,12,-12.0,43.3,4,1.0,173,9,6.9,1.0,1.0,25,593,7.0,4.0,3.0,1.0,24.0,0.0,8223546,2877,5216371,8093,0.0,8.0,1.9,1.65,3.55,15.82,0.08,0.07,0.15,0.66,686.8,19.0,7.0,108.4,257.0,72.0,199.0,137.0,25.0,99.2,91.0,23.0,,,,30,,Gabriel,dos Santos Magalhães,Gabriel,,,2165,3,4,14,15,0,0,0,3,0,0,24,239,,,,0.0,0.58,0.62,1.0,9.31,32,192,46
6,a,100.0,100.0,6.1,84,4.0,0,0.0,1,-1.0,13.3,24,9.0,107,11,4.3,44.0,17.0,9,448,4.8,35.0,14.0,0.8,17.5,0.0,1912061,1904,2242430,2217,0.0,5.8,0.88,0.7,1.58,15.15,0.04,0.03,0.07,0.66,433.6,103.0,47.0,156.4,199.0,51.0,74.0,292.0,85.0,66.4,192.0,64.0,,,,30,,William,Saliba,Saliba,,,2074,1,0,11,16,0,0,0,1,0,0,24,181,,,,0.0,0.48,0.69,1.04,6.51,29,121,96
7,a,100.0,100.0,5.6,131,13.0,0,0.0,1,-1.0,6.0,63,21.0,93,6,4.2,51.0,23.0,4,339,1.6,193.0,70.0,0.3,16.6,0.0,2634067,215,2466637,376,0.0,2.6,2.92,0.49,3.41,8.96,0.18,0.03,0.21,0.56,244.4,233.0,91.0,127.9,225.0,58.0,249.0,102.0,12.0,62.2,205.0,68.0,,,,30,,Riccardo,Calafiori,Calafiori,,,1446,1,2,11,8,0,0,0,5,0,0,18,134,,,,0.0,0.68,0.5,1.12,5.91,31,64,65
8,a,100.0,100.0,6.3,70,2.0,0,0.0,8,-8.0,28.5,13,4.0,149,1,5.0,13.0,3.0,9,532,5.2,24.0,9.0,0.8,23.7,0.0,6694846,1670,3804962,19672,0.0,6.2,4.71,1.53,6.24,17.45,0.17,0.06,0.23,0.64,499.0,74.0,34.0,402.6,55.0,10.0,352.0,66.0,4.0,125.7,43.0,3.0,,,,30,,Jurriën,Timber,J.Timber,,,2452,3,6,13,20,0,0,0,5,0,0,28,178,,,,0.0,0.48,0.73,1.03,5.43,66,82,97
9,u,0.0,0.0,5.4,170,20.0,0,0.0,-1,1.0,0.0,592,211.0,0,0,0.0,805.0,266.0,0,0,0.0,781.0,264.0,0.0,0.0,0.0,1119,0,10912,0,0.0,0.0,0.0,0.0,0.0,0.0,0.0,0.0,0.0,0.0,0.0,804.0,266.0,0.0,803.0,266.0,0.0,801.0,266.0,0.0,804.0,266.0,,,,30,,Jakub,Kiwior,Kiwior,has joined Porto on loan for the rest of the season.,,0,0,0,0,0,0,0,0,0,0,0,0,0,,,,0.0,0.0,0.0,0.0,0.0,0,0,0
10,a,,,5.1,240,36.0,0,0.0,-4,4.0,1.4,165,64.0,12,0,0.9,508.0,175.0,0,36,0.0,760.0,260.0,0.0,2.4,0.0,135056,13,466511,80,0.0,1.0,0.05,0.06,0.11,5.26,0.01,0.02,0.03,1.52,31.2,433.0,161.0,45.5,354.0,125.0,18.0,388.0,139.0,9.4,423.0,152.0,,,,30,,Myles,Lewis-Skelly,Lewis-Skelly,,,311,0,0,0,5,0,0,0,3,0,0,1,21,,,,0.0,0.0,1.45,0.29,4.05,4,10,14
11,a,100.0,100.0,5.1,226,30.0,0,0.0,-4,4.0,0.5,266,99.0,30,0,4.3,42.0,16.0,3,112,0.0,756.0,259.0,0.0,5.9,0.0,347071,14,408505,41,0.0,1.0,0.43,0.49,0.92,6.13,0.09,0.11,0.2,1.35,111.4,350.0,133.0,92.7,280.0,86.0,46.0,331.0,108.0,25.0,352.0,120.0,,,,30,,Benjamin,White,White,,,409,0,1,3,4,0,0,0,0,0,0,5,40,,,,0.0,0.66,0.88,1.1,7.92,13,23,18
13,a,,,3.8,811,256.0,0,0.0,-2,2.0,0.4,272,101.0,0,0,0.0,534.0,196.0,0,0,0.0,396.0,156.0,0.0,0.0,0.0,51915,3,78973,31,0.0,1.0,0.0,0.0,0.0,0.0,0.0,0.0,0.0,0.0,0.0,524.0,196.0,0.0,510.0,196.0,0.0,480.0,191.0,0.0,526.0,196.0,,,,30,,Brayden,Clarke,Clarke,,,0,0,0,0,0,0,0,0,0,0,0,0,0,,,,0.0,0.0,0.0,0.0,0.0,0,0,0
14,u,0.0,0.0,3.9,783,229.0,0,0.0,-1,1.0,0.1,492,174.0,0,0,0.0,572.0,208.0,0,0,0.0,436.0,170.0,0.0,0.0,0.0,10218,0,22694,4,0.0,0.0,0.0,0.0,0.0,0.0,0.0,0.0,0.0,0.0,0.0,562.0,208.0,0.0,550.0,208.0,0.0,520.0,203.0,0.0,564.0,208.0,,,,30,,Maldini,Kacurri,Kacurri,has joined Morecambe on loan for the rest of the season.,,0,0,0,0,0,0,0,0,0,0,0,0,0,,,,0.0,0.0,0.0,0.0,0.0,0,0,0
15,a,,,3.7,818,262.0,0,0.0,-3,3.0,0.3,344,127.0,0,0,0.0,519.0,182.0,0,0,0.0,373.0,134.0,0.0,0.0,0.0,30810,71,30262,53,0.0,1.0,0.0,0.0,0.0,0.0,0.0,0.0,0.0,0.0,0.0,509.0,182.0,0.0,493.0,180.0,0.0,461.0,173.0,0.0,511.0,182.0,,,,30,,Josh,Nichols,Nichols,,,0,0,0,0,0,0,0,0,0,0,0,0,0,,,,0.0,0.0,0.0,0.0,0.0,0,0,0
16,a,100.0,100.0,9.8,6,4.0,0,0.0,-2,2.0,8.2,43,16.0,133,3,4.9,16.0,9.0,14,497,6.2,7.0,2.0,0.6,13.6,0.0,4120811,845,5050940,2728,0.0,7.2,6.99,5.75,12.74,14.36,0.32,0.26,0.58,0.65,538.8,60.0,16.0,725.9,9.0,9.0,762.0,6.0,2.0,202.9,5.0,4.0,2.0,2.0,1.0,30,,Bukayo,Saka,Saka,,,1995,6,8,10,16,0,0,0,1,0,0,22,163,,,,0.0,0.45,0.72,0.99,7.35,35,24,104
17,d,75.0,50.0,7.8,18,13.0,0,0.0,-2,2.0,1.6,157,53.0,62,0,3.1,184.0,79.0,5,252,0.8,298.0,136.0,0.1,7.9,0.0,377024,1,643817,206,0.0,0.9,1.01,2.91,3.92,12.89,0.08,0.24,0.32,1.08,259.6,222.0,96.0,434.7,42.0,37.0,144.0,196.0,110.0,83.7,130.0,73.0,4.0,,3.0,30,,Martin,Ødegaard,Ødegaard,Knee injury - 75% chance of playing,,1070,1,6,4,11,0,0,0,0,0,0,13,81,,,,0.0,0.34,0.93,1.09,6.81,17,13,51
18,a,100.0,100.0,6.8,44,28.0,0,0.0,-2,2.0,0.9,195,68.0,54,3,2.7,248.0,105.0,6,186,1.2,235.0,103.0,0.2,7.9,0.0,369315,84,404284,450,0.0,2.2,1.03,2.06,3.09,9.66,0.1,0.21,0.31,0.98,192.4,274.0,116.0,266.3,118.0,82.0,312.0,76.0,45.0,77.0,148.0,80.0,3.0,,,30,,Noni,Madueke,Madueke,,,889,2,1,6,7,0,0,0,0,0,0,12,49,,,,0.0,0.61,0.71,1.21,4.96,16,11,22
19,a,100.0,100.0,6.8,46,29.0,0,0.0,-2,2.0,0.9,201,69.0,47,4,1.9,362.0,157.0,1,159,1.8,189.0,80.0,0.3,6.9,0.0,187179,51,262126,172,0.0,2.8,3.53,1.0,4.53,7.5,0.38,0.11,0.49,0.8,167.2,296.0,130.0,143.3,211.0,138.0,331.0,72.0,41.0,63.5,203.0,102.0,,,,30,,Gabriel,Martinelli Silva,Martinelli,,,839,1,4,2,5,0,0,0,2,0,0,9,64,,,,0.0,0.21,0.54,0.97,6.87,10,12,42
20,d,75.0,75.0,6.6,48,30.0,0,0.0,-4,4.0,0.8,203,70.0,99,0,3.8,89.0,42.0,9,351,1.0,260.0,119.0,0.2,15.0,0.0,535364,3,490126,933,0.0,1.5,4.96,2.7,7.66,11.74,0.27,0.15,0.42,0.63,407.4,119.0,39.0,450.0,40.0,36.0,432.0,39.0,22.0,129.2,42.0,31.0,,,4.0,30,,Leandro,Trossard,Trossard,Knock - 75% chance of playing,,1675,5,5,8,14,0,0,0,1,0,0,18,115,,,,0.0,0.43,0.75,0.97,6.18,25,22,68
29,u,0.0,0.0,4.5,428,256.0,0,0.0,0,0.0,0.0,587,220.0,0,0,0.0,699.0,275.0,0,0,0.0,613.0,216.0,0.0,0.0,0.0,2952,0,14085,1,0.0,0.0,0.0,0.0,0.0,0.0,0.0,0.0,0.0,0.0,0.0,693.0,269.0,0.0,689.0,272.0,0.0,672.0,265.0,0.0,695.0,271.0,,,,30,,Albert,Sambi Lokonga,Sambi,has joined Hamburger permanently.,,0,0,0,0,0,0,0,0,0,0,0,0,0,,,,0.0,0.0,0.0,0.0,0.0,0,0,0
30,a,100.0,100.0,7.3,26,10.0,0,0.0,-2,2.0,0.5,263,41.0,12,2,2.0,340.0,38.0,0,57,0.8,297.0,38.0,0.1,1.6,0.0,114260,109,197538,159,0.0,1.8,0.31,0.09,0.4,2.41,0.11,0.03,0.14,0.83,37.2,426.0,50.0,47.6,350.0,43.0,49.0,327.0,51.0,13.5,402.0,50.0,,,,30,,Kai,Havertz,Havertz,,,261,0,1,3,0,0,0,0,0,0,0,3,14,,,,0.0,1.03,0.0,1.03,4.83,3,5,6
31,a,100.0,100.0,6.4,56,20.0,0,0.0,-1,1.0,0.4,288,44.0,17,0,1.5,416.0,51.0,0,68,0.0,806.0,87.0,0.0,2.7,0.0,147608,27,122723,254,0.0,1.0,1.75,0.19,1.94,3.56,0.52,0.06,0.58,1.05,100.6,357.0,36.0,24.9,386.0,50.0,207.0,125.0,31.0,33.0,324.0,38.0,,,,30,,Gabriel,Fernando de Jesus,G.Jesus,,,304,2,0,0,6,0,0,0,2,0,0,2,26,,,,0.0,0.0,1.78,0.59,7.7,4,4,18
266,a,,,7.2,31,18.0,0,0.0,-3,3.0,8.1,45,17.0,94,3,3.6,114.0,54.0,8,358,4.6,41.0,17.0,0.6,13.1,0.0,3362256,369,3738452,1675,0.0,5.6,3.88,2.23,6.11,10.3,0.23,0.13,0.36,0.62,338.4,168.0,63.0,242.8,138.0,95.0,373.0,56.0,34.0,95.3,97.0,57.0,,,,30,,Eberechi,Eze,Eze,,,1494,6,3,8,10,0,0,0,1,0,0,17,96,,,,0.0,0.48,0.6,1.02,5.78,16,19,61
662,a,100.0,100.0,5.3,200,25.0,0,0.0,-2,2.0,0.1,423,156.0,28,1,2.0,337.0,123.0,1,149,1.4,214.0,78.0,0.3,5.3,0.0,45960,15,52266,28,0.0,2.4,0.0,0.49,0.49,5.49,0.0,0.07,0.07,0.74,153.8,308.0,118.0,51.0,341.0,117.0,10.0,412.0,153.0,21.5,369.0,129.0,,,,30,,Cristhian,Mosquera,Mosquera,,,667,0,0,2,5,0,0,0,2,0,0,6,82,,,,0.0,0.27,0.67,0.81,9.31,23,46,24
666,a,100.0,100.0,8.8,8,4.0,0,0.0,-2,2.0,11.8,29,5.0,101,7,3.5,130.0,11.0,13,382,5.0,30.0,4.0,0.6,11.5,0.0,3440089,1608,5022046,5377,0.0,6.0,9.23,1.76,10.98,13.85,0.44,0.08,0.52,0.66,413.8,115.0,10.0,211.3,164.0,13.0,622.0,19.0,12.0,123.9,49.0,10.0,,,2.0,30,,Viktor,Gyökeres,Gyökeres,,,1888,11,0,10,11,0,0,0,4,0,0,23,73,,,,0.0,0.48,0.52,1.1,3.48,6,20,47
700,a,100.0,100.0,4.2,651,370.0,0,0.0,-3,3.0,0.5,245,85.0,11,6,3.7,91.0,44.0,0,39,1.2,217.0,93.0,0.3,2.6,0.0,190251,919,141689,227,0.0,2.2,1.11,0.04,1.15,0.18,2.32,0.08,2.4,0.38,38.2,423.0,185.0,23.3,390.0,196.0,47.0,329.0,172.0,10.9,415.0,189.0,,,,30,,Max,Dowman,Dowman,,,43,1,1,0,0,0,0,0,0,0,0,0,7,,,,0.0,0.0,0.0,0.0,14.65,2,0,5
711,a,,,4.4,573,344.0,0,0.0,-1,1.0,0.0,705,288.0,0,0,0.0,688.0,269.0,0,0,0.0,598.0,209.0,0.0,0.0,0.0,1918,0,1801,0,0.0,1.0,0.0,0.0,0.0,0.0,0.0,0.0,0.0,0.0,0.0,682.0,263.0,0.0,677.0,266.0,0.0,658.0,258.0,0.0,684.0,265.0,,,,30,,Andre,Harriman-Annous,Harriman-Annous,,,0,0,0,0,0,0,0,0,0,0,0,0,0,,,,0.0,0.0,0.0,0.0,0.0,0,0,0
725,a,100.0,100.0,5.1,236,34.0,0,0.0,-4,4.0,0.9,202,78.0,74,4,3.5,122.0,42.0,6,282,5.0,28.0,11.0,1.0,14.5,0.0,535265,336,429508,767,0.0,6.0,0.33,1.39,1.72,14.19,0.02,0.08,0.1,0.85,383.4,138.0,62.0,168.4,190.0,49.0,57.0,316.0,99.0,60.7,211.0,72.0,,,,30,,Piero,Hincapié,Hincapie,,,1499,1,2,4,16,1,0,0,2,0,0,17,141,,,,0.0,0.24,0.96,1.02,8.47,39,102,55
759,a,,,4.0,732,205.0,0,0.0,0,0.0,0.0,680,238.0,0,0,0.0,629.0,242.0,0,0,0.0,498.0,207.0,0.0,0.0,0.0,1356,3,1174,9,0.0,1.0,0.0,0.0,0.0,0.0,0.0,0.0,0.0,0.0,0.0,619.0,242.0,0.0,611.0,242.0,0.0,583.0,239.0,0.0,621.0,242.0,,,,30,,Marli,Salmon,Salmon,,,0,0,0,0,0,0,0,0,0,0,0,0,0,,,,0.0,0.0,0.0,0.0,0.0,0,0,0
32,a,100.0,100.0,5.1,223,7.0,0,0.0,1,-1.0,4.5,81,14.0,97,0,3.9,76.0,7.0,10,422,1.2,228.0,18.0,0.2,19.0,0.0,942909,3980,652348,438,1.2,0.7,0.0,0.06,0.06,33.76,0.0,0.0,0.0,1.38,571.0,46.0,11.0,13.2,412.0,5.0,0.0,792.0,90.0,58.4,218.0,11.0,,,,30,,Emiliano,Martínez Romero,Martinez,,,2205,0,0,6,26,0,1,0,2,0,72,25,78,,,,2.94,0.24,1.06,1.02,0.0,0,25,210
201,u,0.0,0.0,5.4,160,99.0,0,0.0,-1,1.0,0.0,713,294.0,0,0,0.0,801.0,355.0,0,0,0.0,775.0,338.0,0.0,0.0,0.0,1070,0,3147,0,0.0,0.0,0.0,0.0,0.0,0.0,0.0,0.0,0.0,0.0,0.0,800.0,354.0,0.0,799.0,354.0,0.0,797.0,353.0,0.0,800.0,354.0,,,,30,,Manuel,Benson Hedilazio,Benson,has joined Maccabi Haifa permanently.,,0,0,0,0,0,0,0,0,0,0,0,0,0,,,,0.0,0.0,0.0,0.0,0.0,0,0,0
202,a,100.0,100.0,5.3,188,116.0,0,0.0,-2,2.0,0.0,625,243.0,36,0,1.6,399.0,173.0,0,107,0.5,318.0,144.0,0.1,6.8,0.0,6057,2,8676,3,0.0,0.0,1.35,1.06,2.41,22.64,0.13,0.1,0.23,2.12,114.4,348.0,155.0,189.7,175.0,119.0,128.0,217.0,121.0,43.2,282.0,141.0,,2.0,3.0,30,,Jacob,Bruun Larsen,Bruun Larsen,,,961,0,1,3,26,0,0,0,0,0,0,10,61,,,,0.0,0.28,2.43,0.94,5.71,12,20,29
784,a,,,4.5,517,322.0,0,0.0,0,0.0,0.0,801,354.0,0,0,0.0,760.0,326.0,0,0,0.0,685.0,276.0,0.0,0.0,0.0,454,1,334,2,-0.5,-0.5,0.0,0.0,0.0,0.0,0.0,0.0,0.0,0.0,0.0,759.0,325.0,0.0,753.0,325.0,0.0,741.0,322.0,0.0,759.0,325.0,,,,30,,George,Brierley,Brierley,,,0,0,0,0,0,0,0,0,0,0,0,0,0,,,,0.0,0.0,0.0,0.0,0.0,0,0,0
820,a,,,4.5,508,315.0,0,0.0,0,0.0,0.0,817,365.0,0,0,0.0,754.0,320.0,0,0,0.0,678.0,269.0,0.0,0.0,0.0,72,1,6,0,-0.5,-0.5,0.0,0.0,0.0,0.0,0.0,0.0,0.0,0.0,0.0,753.0,319.0,0.0,747.0,319.0,0.0,734.0,315.0,0.0,753.0,319.0,,,,30,,Kian,McMahon-Brown,McMahon-Brown,,,0,0,0,0,0,0,0,0,0,0,0,0,0,,,,0.0,0.0,0.0,0.0,0.0,0,0,0
66,u,0.0,0.0,4.5,406,21.0,0,0.0,0,0.0,0.1,571,78.0,0,0,0.0,690.0,92.0,0,0,0.0,600.0,90.0,0.0,0.0,0.0,0,0,16546,1,0.0,0.0,0.0,0.0,0.0,0.0,0.0,0.0,0.0,0.0,0.0,684.0,92.0,0.0,679.0,85.0,0.0,660.0,75.0,0.0,686.0,92.0,,,,30,,Norberto,Murara Neto,Neto,Has joined Botafogo permanently.,,0,0,0,0,0,0,0,0,0,0,0,0,0,,,,0.0,0.0,0.0,0.0,0.0,0,0,0
67,a,,,4.5,434,23.0,0,0.0,0,0.0,5.2,69,12.0,100,6,3.3,145.0,16.0,5,405,6.0,10.0,1.0,1.3,22.2,0.0,995710,2033,751436,605,5.5,6.5,0.0,0.0,0.0,44.59,0.0,0.0,0.0,1.49,670.6,22.0,6.0,0.0,694.0,87.0,0.0,677.0,77.0,67.3,185.0,7.0,,,,30,,Đorđe,Petrović,Petrović,,,2700,0,0,9,46,1,0,0,2,0,90,30,98,,,,3.0,0.3,1.53,1.0,0.0,0,54,232
68,u,0.0,0.0,4.0,682,51.0,0,0.0,0,0.0,0.7,212,27.0,0,0,0.0,590.0,71.0,0,0,0.0,456.0,64.0,0.0,0.0,0.0,47217,0,87270,56,0.0,0.0,0.0,0.0,0.0,0.0,0.0,0.0,0.0,0.0,0.0,580.0,71.0,0.0,571.0,58.0,0.0,542.0,45.0,0.0,582.0,71.0,,,,30,,Will,Dennis,Dennis,has joined Leyton Orient on loan for the rest of the season.,,0,0,0,0,0,0,0,0,0,0,0,0,0,,,,0.0,0.0,0.0,0.0,0.0,0,0,0
69,a,,,3.9,781,92.0,0,0.0,-1,1.0,0.3,342,47.0,0,0,0.0,570.0,61.0,0,0,0.0,434.0,52.0,0.0,0.0,0.0,22739,25,19282,44,-0.5,0.5,0.0,0.0,0.0,0.0,0.0,0.0,0.0,0.0,0.0,560.0,61.0,0.0,548.0,45.0,0.0,518.0,32.0,0.0,562.0,61.0,,,,30,,Callan,McKenna,McKenna,,,0,0,0,0,0,0,0,0,0,0,0,0,0,,,,0.0,0.0,0.0,0.0,0.0,0,0,0
89,u,0.0,0.0,4.9,295,184.0,0,0.0,-1,1.0,0.0,674,271.0,0,0,0.0,769.0,331.0,0,0,0.0,712.0,294.0,0.0,0.0,0.0,598,0,6637,0,0.0,0.0,0.0,0.0,0.0,0.0,0.0,0.0,0.0,0.0,0.0,768.0,330.0,0.0,764.0,330.0,0.0,760.0,328.0,0.0,768.0,330.0,,,,30,,Philip,Billing,Philip,has joined Midtjylland permanently.,,0,0,0,0,0,0,0,0,0,0,0,0,0,,,,0.0,0.0,0.0,0.0,0.0,0,0,0
90,a,100.0,100.0,5.1,241,146.0,0,0.0,1,-1.0,1.3,173,61.0,106,5,3.5,123.0,58.0,6,462,4.0,56.0,24.0,0.8,20.8,0.0,254722,181,114424,298,3.5,4.5,3.28,1.68,4.96,36.96,0.13,0.07,0.2,1.5,451.4,89.0,30.0,323.1,86.0,66.0,267.0,94.0,60.0,103.7,85.0,52.0,4.0,6.0,,30,,Alex,Scott,Scott,,,2218,2,2,9,34,0,0,0,3,0,0,27,297,,,,0.0,0.37,1.38,1.1,12.05,48,107,142
91,u,0.0,0.0,5.0,255,154.0,0,0.0,0,0.0,0.0,742,314.0,0,0,0.0,786.0,344.0,0,0,0.0,742.0,314.0,0.0,0.0,0.0,396,0,3899,0,0.0,0.0,0.0,0.0,0.0,0.0,0.0,0.0,0.0,0.0,0.0,785.0,343.0,0.0,782.0,343.0,0.0,779.0,341.0,0.0,785.0,343.0,,,,30,,Luis,Sinisterra Lucumí,Sinisterra,has joined Cruzeiro on loan for the rest of the season.,,0,0,0,0,0,0,0,0,0,0,0,0,0,,,,0.0,0.0,0.0,0.0,0.0,0,0,0
687,a,,,4.3,620,364.0,0,0.0,-2,2.0,0.2,387,128.0,0,0,0.0,662.0,254.0,0,0,0.0,558.0,186.0,0.0,0.0,0.0,25345,41,20128,33,-0.5,0.5,0.0,0.0,0.0,0.0,0.0,0.0,0.0,0.0,0.0,652.0,244.0,0.0,648.0,249.0,0.0,625.0,238.0,0.0,654.0,246.0,,,,30,,Remy,Rees-Dottin,Rees-Dottin,,,0,0,0,0,0,0,0,0,0,0,0,0,0,,,,0.0,0.0,0.0,0.0,0.0,0,0,0
105,a,,,3.9,774,88.0,0,0.0,-1,1.0,0.6,233,32.0,1,0,1.0,452.0,33.0,0,1,0.2,332.0,25.0,0.1,0.3,0.0,38617,10,73014,55,0.2,0.7,0.0,0.0,0.0,0.97,0.0,0.0,0.0,0.97,13.0,456.0,33.0,0.0,541.0,41.0,0.0,511.0,28.0,1.3,480.0,33.0,,,,30,,Hákon Rafn,Valdimarsson,Valdimarsson,,,90,0,0,0,3,0,0,0,0,0,1,1,0,,,,1.0,0.0,3.0,1.0,0.0,0,0,7
106,a,,,4.9,321,52.0,0,0.0,-1,1.0,2.8,112,45.0,99,0,3.8,81.0,32.0,7,340,1.8,179.0,67.0,0.4,20.2,0.0,667791,1628,521356,309,1.8,2.3,1.58,1.27,2.85,33.38,0.07,0.05,0.12,1.39,661.8,25.0,9.0,116.3,239.0,64.0,258.0,98.0,11.0,103.8,83.0,18.0,,,,30,,Nathan,Collins,Collins,,,2161,1,2,6,32,1,0,0,4,0,0,23,274,,,,0.0,0.25,1.33,0.96,10.08,24,218,98
107,a,,,4.8,363,61.0,0,0.0,-2,2.0,1.6,154,60.0,79,0,2.9,206.0,81.0,3,208,0.5,309.0,109.0,0.1,16.5,0.0,465613,452,318730,352,0.5,1.0,2.02,1.03,3.05,20.6,0.16,0.08,0.24,1.61,220.6,254.0,101.0,167.8,192.0,50.0,228.0,112.0,17.0,61.6,207.0,69.0,,1.0,,30,,Keane,Lewis-Potter,Lewis-Potter,,,1152,3,1,6,20,0,0,0,1,0,0,13,60,,,,0.0,0.47,1.56,1.02,3.2,15,26,50
108,a,100.0,100.0,4.4,525,103.0,0,0.0,-1,1.0,0.3,334,122.0,70,0,3.0,188.0,73.0,1,200,2.0,159.0,59.0,0.5,15.9,0.0,42579,101,34330,21,2.0,2.5,0.69,0.72,1.41,26.12,0.04,0.04,0.08,1.46,354.4,158.0,68.0,58.1,330.0,111.0,161.0,177.0,40.0,57.5,224.0,77.0,,,,30,,Kristoffer,Ajer,Ajer,,,1606,0,2,5,26,0,0,0,2,0,0,18,172,,,,0.0,0.28,1.46,1.01,9.25,35,130,49
33,a,100.0,100.0,4.2,628,32.0,0,0.0,-3,3.0,0.4,281,38.0,11,0,2.2,307.0,29.0,0,51,0.0,513.0,82.0,0.0,2.6,0.0,83784,11,115237,26,0.0,-0.5,0.0,0.0,0.0,8.53,0.0,0.0,0.0,1.9,92.8,370.0,28.0,0.0,621.0,77.0,0.0,595.0,64.0,9.3,424.0,28.0,,,,30,,Marco,Bizot,M.Bizot,,,405,0,0,1,8,0,0,0,2,0,13,4,23,,,,2.89,0.22,1.78,0.89,0.0,0,6,41
35,u,0.0,0.0,4.0,686,52.0,0,0.0,0,0.0,0.0,754,86.0,0,0,0.0,593.0,72.0,0,0,0.0,459.0,65.0,0.0,0.0,0.0,0,0,1269,1,0.0,0.0,0.0,0.0,0.0,0.0,0.0,0.0,0.0,0.0,0.0,583.0,72.0,0.0,574.0,59.0,0.0,545.0,46.0,0.0,585.0,72.0,,,,30,,Filip,Marschall,Marschall,Has joined Stevenage permanently.,,0,0,0,0,0,0,0,0,0,0,0,0,0,,,,0.0,0.0,0.0,0.0,0.0,0,0,0
38,a,100.0,100.0,4.4,526,104.0,0,0.0,-1,1.0,8.0,47,16.0,88,0,3.1,170.0,64.0,3,433,2.0,160.0,60.0,0.5,20.0,0.0,738312,3329,2033407,383,2.0,1.5,1.01,0.53,1.54,40.76,0.04,0.02,0.06,1.47,499.6,72.0,32.0,87.7,286.0,90.0,104.0,243.0,65.0,69.6,177.0,59.0,,,,30,,Ezri,Konsa Ngoyo,Konsa,,,2495,0,1,8,33,0,0,0,0,1,0,28,194,,,,0.0,0.29,1.19,1.01,6.02,20,147,88
39,a,,,4.2,637,147.0,0,0.0,-3,3.0,0.6,229,87.0,39,0,1.7,382.0,142.0,0,199,0.8,266.0,94.0,0.2,9.3,0.0,82850,81,109779,73,0.8,0.3,1.05,1.84,2.89,21.86,0.08,0.13,0.21,1.58,258.2,223.0,88.0,299.0,100.0,23.0,186.0,153.0,31.0,74.5,154.0,51.0,,,,30,,Ian,Maatsen,Maatsen,,,1243,0,0,2,20,0,0,0,2,0,0,13,113,,,,0.0,0.14,1.45,0.94,7.31,36,65,73
40,a,100.0,100.0,4.3,579,125.0,0,0.0,-2,2.0,0.7,222,84.0,41,0,3.4,133.0,46.0,4,148,0.5,301.0,104.0,0.1,9.5,0.0,153974,86,202552,60,0.5,0.0,0.65,0.36,1.01,16.42,0.07,0.04,0.11,1.69,198.6,269.0,108.0,69.7,308.0,102.0,55.0,318.0,101.0,32.4,326.0,110.0,,,,30,,Tyrone,Mings,Mings,,,872,0,1,3,12,0,0,0,0,0,0,10,85,,,,0.0,0.31,1.24,1.03,7.12,4,65,25
41,a,100.0,100.0,4.3,588,131.0,0,0.0,-2,2.0,0.3,316,116.0,50,0,3.1,169.0,63.0,2,225,0.2,340.0,122.0,0.0,11.6,0.0,71035,27,97153,32,0.2,-0.3,0.63,0.34,0.97,17.98,0.04,0.02,0.06,1.25,251.8,227.0,89.0,37.8,364.0,130.0,55.0,319.0,102.0,34.7,317.0,108.0,,,,30,,Pau,Torres,Pau,,,1296,0,1,4,15,1,0,0,0,0,0,14,121,,,,0.0,0.28,1.04,0.97,6.53,18,76,66
42,a,100.0,100.0,3.9,784,230.0,0,0.0,-1,1.0,0.2,372,138.0,2,0,0.7,512.0,176.0,0,0,0.2,333.0,115.0,0.1,0.5,0.0,28708,10,41070,18,0.2,-0.3,0.0,0.01,0.01,1.52,0.0,0.03,0.03,4.15,0.8,500.0,177.0,1.6,460.0,168.0,0.0,521.0,204.0,0.2,502.0,177.0,,,,30,,Andrés,García,A.García,,,33,0,0,0,2,0,0,0,0,0,0,0,0,,,,0.0,0.0,5.45,0.0,0.0,0,0,2
43,u,0.0,0.0,4.0,665,161.0,0,0.0,0,0.0,1.6,155,61.0,0,0,0.0,577.0,210.0,0,0,0.0,441.0,172.0,0.0,0.0,0.0,44476,0,888101,27,0.0,0.0,0.0,0.0,0.0,0.0,0.0,0.0,0.0,0.0,0.0,567.0,210.0,0.0,556.0,210.0,0.0,527.0,206.0,0.0,569.0,210.0,,,,30,,Álex,Moreno Lopera,Alex Moreno,Has joined Girona permanently.,,0,0,0,0,0,0,0,0,0,0,0,0,0,,,,0.0,0.0,0.0,0.0,0.0,0,0,0
44,a,100.0,100.0,4.0,706,183.0,0,0.0,0,0.0,0.5,247,94.0,33,0,1.4,418.0,150.0,4,105,0.2,336.0,118.0,0.0,8.2,0.0,107798,39,91710,55,0.2,-0.3,0.0,0.16,0.16,10.89,0.0,0.02,0.02,1.39,94.8,367.0,141.0,46.8,352.0,123.0,10.0,405.0,149.0,15.1,391.0,141.0,,,,30,,Lamare,Bogarde,Bogarde,,,707,0,0,2,10,0,0,0,5,0,0,7,49,,,,0.0,0.25,1.27,0.89,5.09,17,23,26
45,u,0.0,0.0,3.8,802,247.0,0,0.0,-2,2.0,0.3,336,123.0,0,0,0.0,529.0,191.0,0,0,0.0,388.0,148.0,0.0,0.0,0.0,22076,0,37975,29,0.0,0.0,0.0,0.0,0.0,0.0,0.0,0.0,0.0,0.0,0.0,519.0,191.0,0.0,504.0,190.0,0.0,473.0,184.0,0.0,521.0,191.0,,,,30,,Lino,da Cruz Sousa,Sousa,has joined Rotherham on loan for the rest of the season.,,0,0,0,0,0,0,0,0,0,0,0,0,0,,,,0.0,0.0,0.0,0.0,0.0,0,0,0
46,u,0.0,0.0,4.0,722,196.0,0,0.0,0,0.0,0.1,462,170.0,0,0,0.0,621.0,235.0,0,0,0.0,490.0,200.0,0.0,0.0,0.0,4656,0,21010,4,0.0,0.0,0.0,0.0,0.0,0.0,0.0,0.0,0.0,0.0,0.0,611.0,235.0,0.0,603.0,235.0,0.0,575.0,232.0,0.0,613.0,235.0,,,,30,,Yasin,Özcan,Yasin,has joined Anderlecht on loan for the rest of the season.,,0,0,0,0,0,0,0,0,0,0,0,0,0,,,,0.0,0.0,0.0,0.0,0.0,0,0,0
47,a,100.0,100.0,7.5,22,14.0,0,0.0,5,-5.0,24.5,14,4.0,130,0,4.5,36.0,16.0,13,456,1.2,236.0,104.0,0.2,17.3,0.0,5954588,8280,4004023,3457,1.2,0.7,5.27,3.14,8.41,41.59,0.18,0.11,0.29,1.45,592.6,42.0,11.0,527.6,27.0,26.0,710.0,10.0,4.0,182.9,12.0,8.0,,1.0,,30,,Morgan,Rogers,Rogers,,,2587,8,5,8,34,0,0,0,6,0,0,29,178,,,,0.0,0.28,1.18,1.01,6.19,30,41,107
48,i,0.0,0.0,5.9,93,59.0,0,0.0,-1,1.0,0.6,227,80.0,52,0,3.1,181.0,78.0,3,289,0.0,794.0,352.0,0.0,8.8,0.0,158257,6,348892,51,0.0,0.0,0.97,2.53,3.5,23.03,0.07,0.18,0.25,1.6,317.2,182.0,73.0,401.3,57.0,45.0,147.0,194.0,108.0,86.6,122.0,70.0,3.0,,,30,,Youri,Tielemans,Tielemans,Ankle injury - Expected back 11 Apr,,1295,0,4,4,17,0,0,0,0,0,0,15,138,,,,0.0,0.28,1.18,1.04,9.59,38,33,67
49,a,100.0,100.0,5.5,142,88.0,0,0.0,0,0.0,0.1,474,165.0,11,0,1.6,400.0,174.0,0,39,1.8,186.0,78.0,0.3,2.0,0.0,7545,75,50542,5,1.8,1.3,0.27,0.87,1.14,4.44,0.09,0.28,0.37,1.42,50.8,412.0,180.0,109.7,254.0,157.0,43.0,337.0,176.0,20.4,372.0,176.0,2.0,,,30,,Leon,Bailey,Bailey,,,282,0,1,0,6,0,0,0,1,0,0,2,28,,,,0.0,0.0,1.91,0.64,8.94,5,3,20
55,a,100.0,100.0,4.8,349,219.0,0,0.0,-2,2.0,0.0,607,232.0,20,0,1.7,387.0,166.0,0,88,0.8,280.0,126.0,0.2,4.2,0.0,5704,7,12315,4,0.8,0.3,0.58,0.69,1.27,5.07,0.21,0.26,0.47,1.88,82.8,379.0,170.0,87.9,284.0,167.0,65.0,298.0,161.0,23.5,358.0,173.0,,,,30,,Ross,Barkley,Barkley,,,243,1,1,0,3,0,0,0,0,0,0,0,28,,,,0.0,0.0,1.11,0.0,10.37,5,8,15
56,u,0.0,0.0,5.0,270,164.0,0,0.0,0,0.0,0.0,820,368.0,0,0,0.0,792.0,349.0,0,0,0.0,748.0,319.0,0.0,0.0,0.0,0,0,35,0,0.0,0.0,0.0,0.0,0.0,0.0,0.0,0.0,0.0,0.0,0.0,791.0,348.0,0.0,789.0,348.0,0.0,785.0,346.0,0.0,791.0,348.0,,,,30,,Enzo,Barrenechea,Barrenechea,Season-long loan to Benfica,,0,0,0,0,0,0,0,0,0,0,0,0,0,,,,0.0,0.0,0.0,0.0,0.0,0,0,0
57,u,0.0,0.0,5.0,262,160.0,0,0.0,0,0.0,0.0,667,268.0,0,0,0.0,788.0,346.0,0,0,0.0,744.0,316.0,0.0,0.0,0.0,889,0,5439,0,0.0,0.0,0.0,0.0,0.0,0.0,0.0,0.0,0.0,0.0,0.0,787.0,345.0,0.0,784.0,345.0,0.0,781.0,343.0,0.0,787.0,345.0,,,,30,,Lewis,Dobbin,Dobbin,Has joined Preston North End on loan for the rest of the season.,,0,0,0,0,0,0,0,0,0,0,0,0,0,,,,0.0,0.0,0.0,0.0,0.0,0,0,0
58,i,0.0,0.0,4.9,313,195.0,0,0.0,-1,1.0,0.2,386,127.0,61,0,3.4,135.0,62.0,7,282,0.0,720.0,299.0,0.0,12.4,0.0,111390,1,119393,24,0.0,0.0,0.53,0.84,1.36,20.8,0.03,0.05,0.08,1.33,325.0,179.0,72.0,241.3,139.0,96.0,75.0,289.0,157.0,64.2,200.0,100.0,,,,30,,Boubacar,Kamara,Kamara,Knee injury - Expected back 01 Jun,,1410,1,3,5,15,0,0,0,5,0,0,17,149,,,,0.0,0.32,0.96,1.09,9.51,38,46,65
104,a,,,3.9,777,89.0,0,0.0,-1,1.0,0.1,456,69.0,0,0,0.0,566.0,58.0,0,0,0.0,430.0,49.0,0.0,0.0,0.0,13060,3,10478,7,0.0,0.5,0.0,0.0,0.0,0.0,0.0,0.0,0.0,0.0,0.0,556.0,58.0,0.0,544.0,42.0,0.0,514.0,29.0,0.0,558.0,58.0,,,,30,,Julian,Eyestone,Eyestone,,,0,0,0,0,0,0,0,0,0,0,0,0,0,,,,0.0,0.0,0.0,0.0,0.0,0,0,0
109,i,0.0,0.0,4.3,583,128.0,0,0.0,-2,2.0,0.2,392,147.0,52,0,2.1,321.0,119.0,0,144,1.5,197.0,74.0,0.3,12.1,0.0,25846,2,26469,178,0.0,0.0,0.18,0.54,0.72,23.91,0.01,0.04,0.05,1.63,151.6,311.0,119.0,82.0,294.0,93.0,35.0,349.0,115.0,26.9,348.0,118.0,,,,30,,Rico,Henry,Henry,Hamstring injury - Unknown return date,,1322,0,2,4,22,0,0,0,2,0,0,14,78,,,,0.0,0.27,1.5,0.95,4.63,15,53,72
110,a,100.0,100.0,4.5,495,95.0,0,0.0,0,0.0,0.8,207,79.0,78,0,2.8,218.0,86.0,6,376,1.2,222.0,82.0,0.3,17.3,0.0,206121,459,137840,65,1.2,1.7,0.27,2.52,2.79,38.51,0.01,0.09,0.1,1.42,442.8,95.0,43.0,382.9,65.0,12.0,77.0,284.0,81.0,90.5,109.0,30.0,,,,30,,Michael,Kayode,Kayode,,,2448,0,1,7,37,1,0,0,6,0,0,28,220,,,,0.0,0.26,1.36,1.03,6.43,57,118,127
111,a,100.0,100.0,4.2,633,144.0,0,0.0,-3,3.0,0.1,450,166.0,4,0,1.3,428.0,154.0,0,21,0.0,515.0,218.0,0.0,1.0,0.0,12743,12,27103,6,0.0,0.5,0.0,0.06,0.06,3.18,0.0,0.02,0.02,1.26,62.8,400.0,153.0,1.1,466.0,171.0,12.0,398.0,145.0,7.6,432.0,155.0,,,,30,,Ethan,Pinnock,Pinnock,,,228,0,0,0,5,1,0,0,1,0,0,3,33,,,,0.0,0.0,1.97,1.18,11.45,4,25,9
112,u,0.0,0.0,4.5,422,83.0,0,0.0,0,0.0,0.0,716,248.0,0,0,0.0,697.0,257.0,0,0,0.0,609.0,243.0,0.0,0.0,0.0,211,0,3930,0,0.0,0.0,0.0,0.0,0.0,0.0,0.0,0.0,0.0,0.0,0.0,691.0,257.0,0.0,686.0,257.0,0.0,668.0,257.0,0.0,693.0,257.0,,,,30,,Mads,Roerslev Rasmussen,Roerslev,Has joined Southampton permanently.,,0,0,0,0,0,0,0,0,0,0,0,0,0,,,,0.0,0.0,0.0,0.0,0.0,0,0,0
113,a,100.0,100.0,4.5,431,86.0,0,0.0,0,0.0,1.4,162,63.0,83,0,3.5,117.0,40.0,3,300,3.8,63.0,24.0,0.8,18.4,0.0,325391,2047,208676,111,3.8,4.3,2.75,0.5,3.25,32.12,0.12,0.02,0.14,1.36,495.0,75.0,35.0,57.2,332.0,113.0,240.0,104.0,13.0,79.3,141.0,45.0,,,,30,,Sepp,van den Berg,Van den Berg,,,2123,0,2,5,34,0,0,0,1,0,0,23,242,,,,0.0,0.21,1.44,0.98,8.99,14,198,89
114,u,0.0,0.0,3.8,815,259.0,0,0.0,-2,2.0,0.2,380,143.0,0,0,0.0,538.0,199.0,0,0,0.0,400.0,159.0,0.0,0.0,0.0,12981,0,30546,16,0.0,0.0,0.0,0.0,0.0,0.0,0.0,0.0,0.0,0.0,0.0,528.0,199.0,0.0,514.0,199.0,0.0,484.0,194.0,0.0,530.0,199.0,,,,30,,Benjamin,Arthur,Arthur,has joined Celtic on loan for the rest of the season.,,0,0,0,0,0,0,0,0,0,0,0,0,0,,,,0.0,0.0,0.0,0.0,0.0,0,0,0
34,u,0.0,0.0,4.0,687,53.0,0,0.0,0,0.0,0.1,497,75.0,0,0,0.0,594.0,73.0,0,0,0.0,460.0,66.0,0.0,0.0,0.0,0,0,17404,4,0.0,0.0,0.0,0.0,0.0,0.0,0.0,0.0,0.0,0.0,0.0,584.0,73.0,0.0,575.0,60.0,0.0,546.0,47.0,0.0,586.0,73.0,,,,30,,Joe,Gauci,Gauci,Has joined Port Vale on loan for the rest of the season.,,0,0,0,0,0,0,0,0,0,0,0,0,0,,,,0.0,0.0,0.0,0.0,0.0,0,0,0
688,a,,,3.9,768,83.0,0,0.0,-1,1.0,0.6,232,31.0,0,0,0.0,558.0,53.0,0,0,0.0,422.0,44.0,0.0,0.0,0.0,61647,17,45174,53,0.0,-0.5,0.0,0.0,0.0,0.0,0.0,0.0,0.0,0.0,0.0,548.0,53.0,0.0,535.0,36.0,0.0,505.0,23.0,0.0,550.0,53.0,,,,30,,James,Wright,Wright,,,0,0,0,0,0,0,0,0,0,0,0,0,0,,,,0.0,0.0,0.0,0.0,0.0,0,0,0
203,a,,,4.7,395,246.0,0,0.0,-3,3.0,0.0,594,222.0,0,0,0.0,763.0,328.0,0,0,0.0,692.0,280.0,0.0,0.0,0.0,4274,6,7335,3,-0.5,-0.5,0.0,0.0,0.0,0.0,0.0,0.0,0.0,0.0,0.0,762.0,327.0,0.0,757.0,327.0,0.0,748.0,324.0,0.0,762.0,327.0,,,,30,,Enock,Agyei,Boateng,,,0,0,0,0,0,0,0,0,0,0,0,0,0,,,,0.0,0.0,0.0,0.0,0.0,0,0,0
211,u,0.0,0.0,4.4,541,323.0,0,0.0,-1,1.0,1.4,163,56.0,0,0,0.0,671.0,258.0,0,0,0.0,572.0,190.0,0.0,0.0,0.0,62789,0,931247,22,0.0,0.0,0.0,0.0,0.0,0.0,0.0,0.0,0.0,0.0,0.0,661.0,248.0,0.0,658.0,253.0,0.0,636.0,242.0,0.0,663.0,250.0,,,,30,,Aaron,Ramsey,A.Ramsey,has joined Leicester City on loan for the rest of the season.,,0,0,0,0,0,0,0,0,0,0,0,0,0,,,,0.0,0.0,0.0,0.0,0.0,0,0,0
212,u,0.0,0.0,4.5,478,293.0,0,0.0,0,0.0,0.0,768,328.0,0,0,0.0,733.0,305.0,0,0,0.0,652.0,250.0,0.0,0.0,0.0,0,0,2760,0,0.0,0.0,0.0,0.0,0.0,0.0,0.0,0.0,0.0,0.0,0.0,730.0,302.0,0.0,725.0,303.0,0.0,711.0,298.0,0.0,731.0,303.0,,,,30,,Oluwaseun,Adewumi,Adewumi,Has joined Cercle Brugge on loan for the rest of the season.,,0,0,0,0,0,0,0,0,0,0,0,0,0,,,,0.0,0.0,0.0,0.0,0.0,0,0,0
213,u,0.0,0.0,4.5,463,283.0,0,0.0,0,0.0,0.0,618,240.0,1,0,1.0,476.0,213.0,0,2,0.0,639.0,240.0,0.0,0.2,0.0,7482,0,9090,3,0.0,0.0,0.0,0.0,0.0,0.05,0.0,0.0,0.0,0.5,0.0,718.0,293.0,0.5,475.0,228.0,0.0,698.0,288.0,0.0,719.0,294.0,,,,30,,Jaydon,Banel,Banel,has joined Derby County on loan for the rest of the season.,,9,0,0,0,0,0,0,0,0,0,0,0,0,,,,0.0,0.0,0.0,0.0,0.0,0,0,0
214,d,75.0,75.0,4.3,590,347.0,0,0.0,-2,2.0,0.1,565,209.0,4,0,1.0,461.0,201.0,0,10,0.0,536.0,171.0,0.0,0.9,0.0,12181,13,16053,9,-0.4,-0.4,0.0,0.0,0.0,0.46,0.0,0.0,0.0,2.18,0.6,501.0,229.0,0.4,477.0,230.0,2.0,445.0,218.0,0.3,497.0,228.0,,,,30,,Mike,Trésor Ndayishimiye,Trésor,Lack of match fitness - 75% chance of playing,,19,0,0,0,1,0,0,0,0,0,0,0,2,,,,0.0,0.0,4.74,0.0,9.47,0,0,2
215,a,100.0,75.0,5.3,193,47.0,0,0.0,-2,2.0,0.3,301,48.0,64,2,3.0,193.0,19.0,6,233,4.2,51.0,7.0,0.8,12.1,0.0,170086,135,156437,114,3.7,2.8,5.25,0.28,5.53,22.71,0.43,0.02,0.45,1.87,301.6,193.0,16.0,102.1,264.0,27.0,362.0,63.0,24.0,75.7,152.0,21.0,,5.0,1.0,30,,Zian,Flemming,Flemming,,,1092,7,0,3,19,0,0,0,3,0,0,13,61,,,,0.0,0.25,1.57,1.07,5.03,8,31,22
216,i,0.0,0.0,4.8,367,63.0,0,0.0,-2,2.0,0.0,670,85.0,0,0,0.0,766.0,84.0,0,0,0.0,703.0,73.0,0.0,0.0,0.0,2224,6,6347,3,0.0,0.0,0.0,0.0,0.0,0.0,0.0,0.0,0.0,0.0,0.0,765.0,84.0,0.0,760.0,83.0,0.0,755.0,83.0,0.0,765.0,84.0,,,,30,,Zeki,Amdouni,Amdouni,Knee injury - Expected back 11 Apr,,0,0,0,0,0,0,0,0,0,0,0,0,0,,,,0.0,0.0,0.0,0.0,0.0,0,0,0
217,a,100.0,100.0,4.9,323,60.0,0,0.0,-1,1.0,0.8,209,31.0,50,2,2.3,299.0,30.0,4,180,1.0,246.0,30.0,0.2,10.2,0.0,452938,58,443932,75,0.5,0.5,3.05,0.29,3.34,24.13,0.23,0.02,0.25,1.78,187.6,278.0,27.0,129.9,224.0,23.0,216.0,120.0,29.0,52.7,246.0,28.0,,,,30,,Lyle,Foster,Foster,,,1219,3,1,4,25,0,0,0,4,0,0,14,70,,,,0.0,0.3,1.85,1.03,5.17,12,23,35
218,a,,,4.2,625,88.0,0,0.0,-3,3.0,1.4,166,25.0,4,0,1.0,459.0,56.0,0,7,0.8,265.0,34.0,0.2,1.0,0.0,228306,130,344209,289,0.3,0.3,0.11,0.0,0.11,0.77,0.43,0.0,0.43,3.01,0.2,505.0,62.0,0.6,471.0,60.0,9.0,415.0,57.0,1.0,483.0,58.0,,,2.0,30,,Ashley,Barnes,Barnes,,,23,0,0,0,2,0,0,0,1,0,0,0,2,,,,0.0,0.0,7.83,0.0,7.83,0,0,2
77,a,,,4.2,638,148.0,0,0.0,2,-2.0,7.7,51,19.0,83,8,4.0,59.0,25.0,2,276,6.0,8.0,5.0,1.4,19.8,0.0,1072390,2361,170825,667,5.5,6.5,0.67,1.03,1.69,21.29,0.04,0.07,0.11,1.39,404.2,123.0,53.0,95.2,272.0,83.0,85.0,270.0,76.0,58.7,217.0,75.0,,,,30,,James,Hill,Hill,,,1382,0,3,6,16,0,0,0,2,0,0,14,187,,,,0.0,0.39,1.04,0.91,11.59,26,152,43
78,u,0.0,0.0,3.8,795,240.0,0,0.0,-2,2.0,0.5,256,95.0,0,0,0.0,525.0,187.0,0,0,0.0,381.0,141.0,0.0,0.0,0.0,47440,0,133163,45,0.0,0.0,0.0,0.0,0.0,0.0,0.0,0.0,0.0,0.0,0.0,515.0,187.0,0.0,500.0,186.0,0.0,469.0,180.0,0.0,517.0,187.0,,,,30,,Julián,Araujo Zúñiga,J.Araujo,has joined Celtic on loan for the rest of the season.,,0,0,0,0,0,0,0,0,0,0,0,0,0,,,,0.0,0.0,0.0,0.0,0.0,0,0,0
79,u,0.0,0.0,4.0,675,167.0,0,0.0,0,0.0,0.1,543,195.0,0,0,0.0,583.0,214.0,0,0,0.0,449.0,176.0,0.0,0.0,0.0,1400,0,16739,2,0.0,0.0,0.0,0.0,0.0,0.0,0.0,0.0,0.0,0.0,0.0,573.0,214.0,0.0,564.0,214.0,0.0,535.0,210.0,0.0,575.0,214.0,,,,30,,Chris,Mepham,Mepham,has joined West Bromwich Albion permanently.,,0,0,0,0,0,0,0,0,0,0,0,0,0,,,,0.0,0.0,0.0,0.0,0.0,0,0,0
80,i,0.0,0.0,4.0,719,193.0,0,0.0,0,0.0,0.2,379,142.0,3,0,1.0,455.0,166.0,0,2,0.0,487.0,197.0,0.0,0.8,0.0,17433,1,33682,14,0.0,0.0,0.0,0.0,0.0,1.62,0.0,0.0,0.0,4.29,1.8,491.0,175.0,2.5,454.0,165.0,2.0,441.0,165.0,0.6,489.0,172.0,,,,30,,Julio,Soler Barreto,Soler,Hamstring injury - Expected back 01 Jun,,34,0,0,0,2,0,0,0,0,0,0,0,1,,,,0.0,0.0,5.29,0.0,2.65,1,0,4
81,i,0.0,0.0,6.9,38,23.0,0,0.0,-1,1.0,0.6,234,82.0,40,0,2.2,318.0,140.0,3,147,0.0,814.0,366.0,0.0,5.8,0.0,190382,5,251570,29,0.0,0.0,2.24,1.54,3.78,16.78,0.22,0.15,0.37,1.65,146.6,314.0,142.0,304.1,94.0,70.0,128.0,218.0,122.0,57.8,221.0,108.0,,3.0,1.0,30,,Justin,Kluivert,Kluivert,Knee injury - Expected back 09 May,,914,2,0,4,18,0,0,0,4,0,0,10,62,,,,0.0,0.39,1.77,0.98,6.11,10,8,44
84,a,100.0,100.0,5.4,163,102.0,1,-1.0,-1,1.0,2.3,131,44.0,107,3,4.1,58.0,25.0,10,399,3.2,86.0,39.0,0.6,19.8,0.0,1011619,700,813262,507,2.7,3.7,6.95,3.12,10.07,30.75,0.31,0.14,0.45,1.36,476.4,80.0,25.0,540.9,24.0,23.0,432.0,38.0,21.0,145.1,28.0,23.0,2.0,2.0,4.0,30,,Marcus,Tavernier,Tavernier,,,2032,5,4,9,37,0,0,0,4,0,0,23,189,,,,0.0,0.4,1.64,1.02,8.37,31,49,109
797,a,,,4.5,488,69.0,0,0.0,0,0.0,0.0,707,89.0,0,0,0.0,740.0,79.0,0,0,0.0,662.0,67.0,0.0,0.0,0.0,1908,5,1048,5,0.0,0.5,0.0,0.0,0.0,0.0,0.0,0.0,0.0,0.0,0.0,738.0,79.0,0.0,732.0,78.0,0.0,719.0,78.0,0.0,738.0,79.0,,,,30,,Kaye,Furo,Furo,,,0,0,0,0,0,0,0,0,0,0,0,0,0,,,,0.0,0.0,0.0,0.0,0.0,0,0,0
149,a,100.0,100.0,4.5,421,82.0,0,0.0,0,0.0,0.1,525,187.0,6,0,1.5,407.0,149.0,0,10,0.0,608.0,242.0,0.0,1.3,0.0,9270,11,10396,6,-0.5,0.0,0.0,0.0,0.0,4.66,0.0,0.0,0.0,4.07,25.8,440.0,162.0,10.6,420.0,152.0,0.0,667.0,256.0,3.6,459.0,165.0,,,,30,,Igor Julio,dos Santos de Paulo,Igor,,,103,0,0,0,3,0,0,0,0,0,0,1,13,,,,0.0,0.0,2.62,0.87,11.36,0,13,3
150,u,0.0,0.0,4.4,533,109.0,0,0.0,-1,1.0,0.1,515,183.0,0,0,0.0,669.0,254.0,0,0,0.0,568.0,235.0,0.0,0.0,0.0,2778,0,38610,1,0.0,0.0,0.0,0.0,0.0,0.0,0.0,0.0,0.0,0.0,0.0,659.0,254.0,0.0,656.0,254.0,0.0,634.0,253.0,0.0,661.0,254.0,,,,30,,Tariq,Lamptey,Lamptey,has joined Fiorentina permanently.,,0,0,0,0,0,0,0,0,0,0,0,0,0,,,,0.0,0.0,0.0,0.0,0.0,0,0,0
151,a,100.0,100.0,4.4,544,116.0,0,0.0,-1,1.0,4.1,91,31.0,116,9,4.1,57.0,24.0,8,447,6.0,9.0,6.0,1.4,26.4,0.0,1026452,4615,660108,412,5.5,6.0,2.13,1.14,3.26,37.2,0.08,0.04,0.12,1.34,800.4,6.0,3.0,181.9,183.0,45.0,235.0,107.0,15.0,122.1,50.0,6.0,,,,30,,Jan Paul,van Hecke,Van Hecke,,,2490,3,2,7,34,1,0,0,7,0,0,28,274,,,,0.0,0.25,1.23,1.01,8.82,42,202,83
152,a,100.0,100.0,4.3,576,122.0,0,0.0,-2,2.0,0.1,431,161.0,35,1,1.9,344.0,128.0,1,134,1.0,239.0,88.0,0.2,8.1,0.0,22316,9,36361,16,0.5,1.0,0.99,0.12,1.11,14.85,0.11,0.01,0.12,1.59,222.8,250.0,99.0,71.5,306.0,100.0,63.0,301.0,89.0,35.8,310.0,104.0,,,,30,,Joël,Veltman,Veltman,,,841,1,0,1,12,0,0,0,4,0,0,8,102,,,,0.0,0.11,1.28,0.86,9.63,29,61,34
153,i,0.0,0.0,4.4,524,102.0,0,0.0,-1,1.0,0.0,762,258.0,0,0,0.0,667.0,253.0,0,0,0.0,564.0,233.0,0.0,0.0,0.0,966,2,1738,1,0.0,0.0,0.0,0.0,0.0,0.0,0.0,0.0,0.0,0.0,0.0,657.0,253.0,0.0,653.0,253.0,0.0,631.0,252.0,0.0,659.0,253.0,,,,30,,Adam,Webster,Webster,Knee injury - Unknown return date,,0,0,0,0,0,0,0,0,0,0,0,0,0,,,,0.0,0.0,0.0,0.0,0.0,0,0,0
154,u,0.0,0.0,4.0,681,169.0,0,0.0,0,0.0,0.0,781,260.0,0,0,0.0,589.0,216.0,0,0,0.0,455.0,178.0,0.0,0.0,0.0,0,0,782,0,0.0,0.0,0.0,0.0,0.0,0.0,0.0,0.0,0.0,0.0,0.0,579.0,216.0,0.0,570.0,216.0,0.0,541.0,212.0,0.0,581.0,216.0,,,,30,,Eiran,Cashin,Cashin,has joined Blackburn Rovers on loan for the rest of the season.,,0,0,0,0,0,0,0,0,0,0,0,0,0,,,,0.0,0.0,0.0,0.0,0.0,0,0,0
155,u,0.0,0.0,4.0,724,197.0,0,0.0,0,0.0,0.1,501,177.0,0,0,0.0,623.0,236.0,0,0,0.0,492.0,201.0,0.0,0.0,0.0,3175,0,16649,2,0.0,0.0,0.0,0.0,0.0,0.0,0.0,0.0,0.0,0.0,0.0,613.0,236.0,0.0,605.0,236.0,0.0,577.0,233.0,0.0,615.0,236.0,,,,30,,Jacob,Slater,Slater,has joined Harrogate Town on loan until January.,,0,0,0,0,0,0,0,0,0,0,0,0,0,,,,0.0,0.0,0.0,0.0,0.0,0,0,0
743,a,,,4.5,498,309.0,0,0.0,0,0.0,0.0,730,304.0,0,0,0.0,746.0,315.0,0,0,0.0,669.0,264.0,0.0,0.0,0.0,1524,2,1383,3,0.5,0.5,0.0,0.0,0.0,0.0,0.0,0.0,0.0,0.0,0.0,745.0,314.0,0.0,739.0,314.0,0.0,726.0,310.0,0.0,745.0,314.0,,,,30,,Landon,Emenalo,Emenalo,,,0,0,0,0,0,0,0,0,0,0,0,0,0,,,,0.0,0.0,0.0,0.0,0.0,0,0,0
789,a,,,4.0,709,63.0,0,0.0,0,0.0,0.0,764,89.0,0,0,0.0,610.0,82.0,0,0,0.0,477.0,75.0,0.0,0.0,0.0,414,0,316,2,0.5,0.5,0.0,0.0,0.0,0.0,0.0,0.0,0.0,0.0,0.0,600.0,82.0,0.0,592.0,70.0,0.0,563.0,57.0,0.0,602.0,82.0,,,,30,,Max,Merrick,Merrick,,,0,0,0,0,0,0,0,0,0,0,0,0,0,,,,0.0,0.0,0.0,0.0,0.0,0,0,0
803,a,,,4.0,702,59.0,0,0.0,0,0.0,0.0,788,90.0,0,0,0.0,606.0,79.0,0,0,0.0,473.0,72.0,0.0,0.0,0.0,177,1,111,2,0.5,0.5,0.0,0.0,0.0,0.0,0.0,0.0,0.0,0.0,0.0,596.0,79.0,0.0,587.0,66.0,0.0,558.0,53.0,0.0,598.0,79.0,,,,30,,Teddy,Sharman-Lowe,Sharman-Lowe,,,0,0,0,0,0,0,0,0,0,0,0,0,0,,,,0.0,0.0,0.0,0.0,0.0,0,0,0
253,a,,,5.0,247,8.0,0,0.0,0,0.0,8.4,40,8.0,115,0,4.0,61.0,4.0,7,478,5.5,15.0,3.0,1.1,23.0,0.0,1094107,1690,928675,2599,0.0,5.5,0.0,0.1,0.1,39.04,0.0,0.0,0.0,1.35,692.0,17.0,5.0,10.0,430.0,12.0,0.0,777.0,89.0,70.1,176.0,5.0,,,,30,,Dean,Henderson,Henderson,,,2610,0,0,10,35,0,1,0,3,0,86,29,80,,,,2.97,0.34,1.21,1.0,0.0,0,43,234
254,a,100.0,100.0,4.0,669,45.0,0,0.0,0,0.0,0.3,315,44.0,0,0,0.0,579.0,66.0,0,0,0.0,444.0,58.0,0.0,0.0,0.0,15435,17,31192,27,0.0,0.0,0.0,0.0,0.0,0.0,0.0,0.0,0.0,0.0,0.0,569.0,66.0,0.0,559.0,52.0,0.0,530.0,39.0,0.0,571.0,66.0,,,,30,,Walter,Benítez,Benitez,,,0,0,0,0,0,0,0,0,0,0,0,0,0,,,,0.0,0.0,0.0,0.0,0.0,0,0,0
255,a,,,3.9,752,76.0,0,0.0,-1,1.0,0.1,475,72.0,0,0,0.0,548.0,46.0,0,0,0.0,411.0,37.0,0.0,0.0,0.0,6163,0,8712,7,0.0,0.0,0.0,0.0,0.0,0.0,0.0,0.0,0.0,0.0,0.0,538.0,46.0,0.0,525.0,29.0,0.0,495.0,16.0,0.0,540.0,46.0,,,,30,,Remi,Matthews,Matthews,,,0,0,0,0,0,0,0,0,0,0,0,0,0,,,,0.0,0.0,0.0,0.0,0.0,0,0,0
256,d,75.0,75.0,5.9,98,6.0,0,0.0,4,-4.0,7.7,50,18.0,109,0,5.2,10.0,2.0,8,386,2.8,113.0,42.0,0.5,18.5,0.0,3678347,113,3830591,4335,0.0,2.1,1.99,3.33,5.32,24.47,0.1,0.17,0.27,1.24,438.8,100.0,45.0,302.3,97.0,22.0,285.0,87.0,7.0,102.5,87.0,20.0,,,,30,,Daniel,Muñoz Mejía,Muñoz,Shoulder injury - 75% chance of playing,,1779,3,3,9,20,0,0,0,5,0,0,21,182,,,,0.0,0.46,1.01,1.06,7.18,49,93,82
257,a,100.0,100.0,5.1,232,32.0,0,0.0,1,-1.0,4.5,79,26.0,119,0,4.4,37.0,15.0,7,412,0.8,290.0,100.0,0.2,23.3,0.0,1614083,813,1259856,1989,0.0,0.8,1.87,0.73,2.6,34.22,0.07,0.03,0.1,1.29,627.2,34.0,14.0,79.5,299.0,95.0,217.0,119.0,19.0,92.4,102.0,26.0,,,,30,,Maxence,Lacroix,Lacroix,,,2395,1,2,9,34,0,0,0,3,1,0,27,307,,,,0.0,0.34,1.28,1.01,10.52,49,231,76
258,a,,,5.0,257,40.0,0,0.0,0,0.0,2.2,133,52.0,108,0,3.7,97.0,34.0,7,384,3.5,72.0,27.0,0.7,21.6,0.0,470389,192,381896,901,0.0,3.5,1.06,1.61,2.67,39.04,0.04,0.06,0.1,1.36,499.6,73.0,33.0,363.2,68.0,14.0,187.0,151.0,30.0,105.1,81.0,17.0,,,,30,,Tyrick,Mitchell,Mitchell,,,2578,1,1,10,35,0,0,0,5,0,0,29,239,,,,0.0,0.35,1.22,1.01,6.67,78,113,140
259,a,100.0,100.0,4.8,358,59.0,0,0.0,-2,2.0,0.1,440,164.0,5,0,1.0,487.0,173.0,0,10,0.0,698.0,250.0,0.0,1.0,0.0,11385,17,18448,13,0.0,0.0,0.0,0.06,0.06,0.83,0.0,0.1,0.1,1.41,11.0,459.0,167.0,12.2,415.0,151.0,4.0,437.0,164.0,2.7,464.0,167.0,,,,30,,Borna,Sosa,Sosa,,,53,0,0,0,1,0,0,0,0,0,0,0,8,,,,0.0,0.0,1.7,0.0,11.89,3,4,1
261,a,100.0,100.0,4.4,538,114.0,0,0.0,-1,1.0,2.7,117,48.0,104,0,4.2,46.0,18.0,3,382,2.8,102.0,37.0,0.6,23.6,0.0,955835,272,801583,1436,0.0,2.8,1.09,1.32,2.41,32.47,0.04,0.05,0.09,1.3,605.6,39.0,17.0,119.1,236.0,63.0,135.0,205.0,48.0,86.2,123.0,37.0,,,,30,,Chris,Richards,Richards,,,2242,1,0,9,31,0,0,0,3,0,0,25,267,,,,0.0,0.36,1.24,1.0,10.24,50,205,49
262,a,100.0,100.0,4.0,707,184.0,0,0.0,0,0.0,0.0,585,209.0,14,0,2.3,295.0,110.0,0,58,2.0,158.0,58.0,0.5,3.5,0.0,6222,23,3542,27,0.0,2.0,0.11,0.05,0.16,4.33,0.03,0.01,0.04,1.25,63.8,398.0,151.0,21.3,393.0,142.0,14.0,392.0,141.0,9.9,419.0,149.0,,,,30,,Chadi,Riad Dnanou,Chadi Riad,,,312,0,1,1,3,0,0,0,2,0,0,3,18,,,,0.0,0.29,0.87,0.87,5.19,4,14,12
263,a,100.0,100.0,3.8,786,232.0,0,0.0,-2,2.0,0.5,246,93.0,15,0,1.9,341.0,125.0,2,49,0.2,330.0,113.0,0.1,3.9,0.0,91227,17,104061,93,0.0,0.2,0.43,0.6,1.03,7.31,0.08,0.11,0.19,1.33,80.6,385.0,146.0,53.5,339.0,116.0,33.0,355.0,118.0,16.6,387.0,139.0,,,,30,,Nathaniel,Clyne,Clyne,,,494,0,1,0,9,0,0,0,1,0,0,6,39,,,,0.0,0.0,1.64,1.09,7.11,14,25,16
264,u,0.0,0.0,4.0,670,163.0,0,0.0,0,0.0,0.0,701,246.0,0,0,0.0,580.0,211.0,0,0,0.0,445.0,173.0,0.0,0.0,0.0,0,0,3915,1,0.0,0.0,0.0,0.0,0.0,0.0,0.0,0.0,0.0,0.0,0.0,570.0,211.0,0.0,560.0,211.0,0.0,531.0,207.0,0.0,572.0,211.0,,,,30,,Rob,Holding,Holding,Has joined Colorado Rapids permanently.,,0,0,0,0,0,0,0,0,0,0,0,0,0,,,,0.0,0.0,0.0,0.0,0.0,0,0,0
265,a,100.0,100.0,4.0,725,198.0,0,0.0,0,0.0,0.0,699,244.0,0,0,0.0,624.0,237.0,0,0,0.0,493.0,202.0,0.0,0.0,0.0,870,1,2343,4,0.0,0.0,0.0,0.0,0.0,0.0,0.0,0.0,0.0,0.0,0.0,614.0,237.0,0.0,606.0,237.0,0.0,578.0,234.0,0.0,616.0,237.0,,,,30,,Caleb,Kporha,Kporha,,,0,0,0,0,0,0,0,0,0,0,0,0,0,,,,0.0,0.0,0.0,0.0,0.0,0,0,0
267,a,100.0,100.0,6.3,68,46.0,0,0.0,-2,2.0,4.3,86,27.0,90,0,4.7,25.0,13.0,9,282,4.8,37.0,14.0,0.8,14.3,0.0,2669939,820,2742312,2267,0.0,4.8,7.98,0.69,8.66,23.65,0.44,0.04,0.48,1.3,377.0,142.0,48.0,198.4,170.0,116.0,396.0,50.0,31.0,97.3,94.0,55.0,,,3.0,30,,Ismaïla,Sarr,Sarr,,,1636,7,1,8,19,0,0,0,2,0,0,19,111,,,,0.0,0.44,1.05,1.05,6.11,17,36,58
268,i,0.0,0.0,4.9,325,202.0,0,0.0,-1,1.0,0.0,795,349.0,0,0,0.0,777.0,338.0,0,0,0.0,727.0,305.0,0.0,0.0,0.0,448,2,660,0,0.0,0.0,0.0,0.0,0.0,0.0,0.0,0.0,0.0,0.0,0.0,776.0,337.0,0.0,772.0,337.0,0.0,768.0,335.0,0.0,776.0,337.0,,,,30,,Cheick,Doucouré,Doucouré,Knee injury - Unknown return date,,0,0,0,0,0,0,0,0,0,0,0,0,0,,,,0.0,0.0,0.0,0.0,0.0,0,0,0
269,u,0.0,0.0,4.7,396,247.0,0,0.0,-3,3.0,0.1,454,154.0,4,0,1.0,485.0,221.0,0,12,0.0,693.0,281.0,0.0,0.9,0.0,11622,0,28786,2,0.0,0.0,0.0,0.04,0.04,1.74,0.0,0.09,0.09,3.92,6.8,470.0,212.0,2.7,453.0,218.0,6.0,428.0,206.0,1.5,476.0,218.0,,,,30,,Romain,Esse,Esse,has joined Coventry City on loan for the rest of the season.,,40,0,0,0,0,0,0,0,0,0,0,0,5,,,,0.0,0.0,0.0,0.0,11.25,3,0,2
580,a,,,6.5,50,32.0,0,0.0,-5,5.0,2.4,125,41.0,51,0,2.0,339.0,148.0,2,174,1.5,210.0,90.0,0.2,7.8,0.0,1145643,37,1319811,175,0.0,1.5,1.77,0.81,2.58,18.86,0.14,0.06,0.2,1.48,184.8,280.0,120.0,192.5,173.0,118.0,189.0,146.0,83.0,56.3,227.0,111.0,4.0,,,30,,Brennan,Johnson,Johnson,,,1145,2,1,4,13,0,0,0,4,0,0,12,73,,,,0.0,0.31,1.02,0.94,5.74,18,23,32
654,a,100.0,100.0,6.1,82,26.0,0,0.0,-4,4.0,2.2,135,21.0,61,0,2.3,304.0,32.0,3,183,2.0,170.0,21.0,0.3,10.0,0.0,476103,301,732230,1842,0.0,2.0,4.16,0.67,4.83,27.62,0.21,0.03,0.24,1.38,242.2,235.0,20.0,163.8,195.0,18.0,384.0,54.0,22.0,77.8,144.0,19.0,,,,30,,Jørgen,Strand Larsen,Strand Larsen,,,1806,4,1,5,31,0,0,1,4,0,0,19,75,,,,0.0,0.25,1.54,0.95,3.74,7,41,27
723,a,100.0,100.0,4.5,511,96.0,0,0.0,0,0.0,0.0,631,225.0,37,0,3.1,174.0,67.0,4,114,2.5,119.0,46.0,0.6,8.2,0.0,5509,5,4047,15,0.0,2.5,0.79,0.21,1.0,12.91,0.11,0.03,0.14,1.87,164.4,298.0,116.0,24.8,387.0,140.0,28.0,366.0,123.0,21.6,368.0,128.0,,,,30,,Jaydee,Canvot,Canvot,,,622,0,0,3,9,0,0,0,2,0,0,6,79,,,,0.0,0.43,1.3,0.87,11.43,22,57,24
732,a,,,5.5,154,38.0,0,0.0,0,0.0,0.1,577,78.0,17,0,1.2,442.0,54.0,0,42,0.2,365.0,46.0,0.0,3.1,0.0,14669,14,11032,16,0.0,0.2,0.49,0.01,0.5,4.63,0.28,0.01,0.29,2.62,13.2,455.0,54.0,7.1,436.0,57.0,73.0,294.0,50.0,8.8,426.0,54.0,,,,30,,Christantus,Uche,Uche,,,159,0,1,0,4,0,0,0,0,0,0,0,13,,,,0.0,0.0,2.26,0.0,7.36,1,3,9
762,a,,,4.5,514,319.0,0,0.0,0,0.0,0.0,777,337.0,2,0,1.0,484.0,220.0,0,6,0.0,682.0,273.0,0.0,0.4,0.0,680,1,417,0,0.0,0.0,0.0,0.0,0.0,0.73,0.0,0.0,0.0,9.39,1.4,494.0,228.0,1.0,468.0,226.0,0.0,738.0,319.0,0.3,499.0,230.0,,,,30,,Joél,Drakes-Thomas,Drakes-Thomas,,,7,0,0,0,1,0,0,0,0,0,0,0,3,,,,0.0,0.0,12.86,0.0,38.57,1,0,2
773,a,,,4.0,738,211.0,0,0.0,0,0.0,0.0,718,249.0,0,0,0.0,632.0,245.0,0,0,0.0,503.0,212.0,0.0,0.0,0.0,721,3,542,3,0.0,0.0,0.0,0.0,0.0,0.0,0.0,0.0,0.0,0.0,0.0,622.0,245.0,0.0,614.0,245.0,0.0,587.0,243.0,0.0,624.0,245.0,,,,30,,Dean,Benamar,Benamar,,,0,0,0,0,0,0,0,0,0,0,0,0,0,,,,0.0,0.0,0.0,0.0,0.0,0,0,0
780,a,,,4.5,506,73.0,0,0.0,0,0.0,0.0,664,84.0,0,0,0.0,753.0,83.0,0,0,0.0,676.0,71.0,0.0,0.0,0.0,3097,1,1611,6,0.0,0.0,0.0,0.0,0.0,0.0,0.0,0.0,0.0,0.0,0.0,752.0,83.0,0.0,746.0,82.0,0.0,733.0,82.0,0.0,752.0,83.0,,,,30,,Ben,Casey,Casey,,,0,0,0,0,0,0,0,0,0,0,0,0,0,,,,0.0,0.0,0.0,0.0,0.0,0,0,0
793,a,,,4.0,726,199.0,0,0.0,0,0.0,0.0,698,243.0,0,0,0.0,625.0,238.0,0,0,0.0,494.0,203.0,0.0,0.0,0.0,1315,4,615,4,0.0,0.0,0.0,0.0,0.0,0.0,0.0,0.0,0.0,0.0,0.0,615.0,238.0,0.0,607.0,238.0,0.0,579.0,235.0,0.0,617.0,238.0,,,,30,,George,King,King,,,0,0,0,0,0,0,0,0,0,0,0,0,0,,,,0.0,0.0,0.0,0.0,0.0,0,0,0
798,u,0.0,0.0,4.0,703,182.0,0,0.0,0,0.0,0.0,804,265.0,0,0,0.0,607.0,225.0,0,0,0.0,474.0,188.0,0.0,0.0,0.0,142,0,179,0,0.0,0.0,0.0,0.0,0.0,0.0,0.0,0.0,0.0,0.0,0.0,597.0,225.0,0.0,588.0,225.0,0.0,559.0,221.0,0.0,599.0,225.0,,,,30,,Danny,Imray,Imray,has joined West Brom on loan for the rest of the season.,,0,0,0,0,0,0,0,0,0,0,0,0,0,,,,0.0,0.0,0.0,0.0,0.0,0,0,0
290,a,100.0,100.0,5.3,197,23.0,0,0.0,-2,2.0,0.4,269,100.0,24,0,3.4,137.0,49.0,0,84,4.2,52.0,19.0,0.8,4.5,0.0,51033,536,81893,249,3.7,3.2,0.28,0.09,0.37,5.41,0.05,0.02,0.07,0.99,121.2,338.0,129.0,31.6,377.0,134.0,74.0,291.0,84.0,22.7,364.0,126.0,,,,30,,Jarrad,Branthwaite,Branthwaite,,,490,1,1,1,6,0,0,0,1,0,0,5,42,,,,0.0,0.18,1.1,0.92,7.71,9,33,20
291,a,,,5.7,111,8.0,0,0.0,2,-2.0,11.3,30,10.0,136,0,4.7,23.0,8.0,9,484,4.8,34.0,13.0,0.8,23.9,0.0,2432657,7733,1873160,2075,4.3,3.8,2.04,1.32,3.36,41.23,0.07,0.05,0.12,1.42,746.0,9.0,4.0,185.6,177.0,43.0,265.0,95.0,8.0,120.0,53.0,8.0,,,,30,,James,Tarkowski,Tarkowski,,,2610,1,1,10,33,0,0,0,5,0,0,29,330,,,,0.0,0.34,1.14,1.0,10.48,39,265,69
292,a,100.0,100.0,4.9,312,50.0,0,0.0,-1,1.0,0.6,238,90.0,77,1,3.1,175.0,68.0,1,287,2.5,123.0,47.0,0.5,15.7,0.0,146461,122,176692,70,2.0,1.5,0.28,2.22,2.5,36.1,0.01,0.09,0.1,1.45,411.4,117.0,51.0,284.5,111.0,27.0,65.0,299.0,88.0,76.0,150.0,48.0,,,,30,,Vitalii,Mykolenko,Mykolenko,,,2239,0,1,8,32,1,0,0,5,0,0,25,194,,,,0.0,0.32,1.29,1.0,6.91,32,140,84
293,a,100.0,100.0,4.9,336,56.0,0,0.0,-1,1.0,0.6,224,85.0,96,3,3.3,150.0,55.0,2,328,2.5,125.0,48.0,0.5,19.6,0.0,170208,167,165820,85,2.0,1.5,0.83,0.83,1.66,41.75,0.03,0.03,0.06,1.53,464.4,85.0,37.0,224.8,150.0,39.0,128.0,216.0,53.0,82.0,137.0,43.0,,,,30,,Jake,O'Brien,O'Brien,,,2456,0,2,9,33,0,0,0,2,1,0,27,219,,,,0.0,0.33,1.21,0.99,7.0,48,143,94
294,a,100.0,25.0,4.2,627,140.0,0,0.0,-3,3.0,0.1,493,175.0,3,0,1.0,460.0,170.0,0,10,0.0,512.0,216.0,0.0,0.7,0.0,6348,2,17961,5,-0.5,-0.2,0.0,0.0,0.0,0.24,0.0,0.0,0.0,1.96,0.0,628.0,248.0,0.1,483.0,176.0,0.0,594.0,246.0,0.0,630.0,248.0,,,,30,,Séamus,Coleman,Coleman,,,11,0,0,0,0,0,0,0,0,0,0,1,0,,,,0.0,0.0,0.0,8.18,0.0,0,0,1
295,a,100.0,100.0,4.6,398,67.0,0,0.0,1,-1.0,3.2,104,38.0,110,3,4.2,47.0,19.0,8,350,1.8,172.0,65.0,0.4,23.9,0.0,1428736,484,1088157,668,1.3,0.8,1.97,0.2,2.17,36.19,0.09,0.01,0.1,1.59,623.8,35.0,15.0,29.3,378.0,135.0,239.0,105.0,14.0,89.2,111.0,32.0,,,,30,,Michael,Keane,Keane,,,2045,3,0,6,30,0,0,0,0,1,0,23,276,,,,0.0,0.26,1.32,1.01,10.83,28,218,72
296,a,100.0,100.0,4.4,537,113.0,0,0.0,-1,1.0,0.0,628,223.0,21,0,3.5,116.0,39.0,0,68,0.0,570.0,237.0,0.0,4.8,0.0,5813,2,6698,9,-0.5,-1.0,0.03,0.04,0.07,3.55,0.01,0.02,0.03,1.35,63.6,399.0,152.0,6.4,438.0,157.0,17.0,390.0,140.0,8.6,428.0,154.0,,,,30,,Nathan,Patterson,Patterson,,,237,0,0,2,1,0,0,0,0,0,0,3,30,,,,0.0,0.76,0.38,1.14,11.39,10,20,14
297,u,0.0,0.0,3.8,801,246.0,0,0.0,-2,2.0,0.2,402,148.0,0,0,0.0,528.0,190.0,0,0,0.0,387.0,147.0,0.0,0.0,0.0,9298,0,21696,7,0.0,0.0,0.0,0.0,0.0,0.0,0.0,0.0,0.0,0.0,0.0,518.0,190.0,0.0,503.0,189.0,0.0,472.0,183.0,0.0,520.0,190.0,,,,30,,Roman,Dixon,Dixon,has joined Stockport County on loan for the rest of the season.,,0,0,0,0,0,0,0,0,0,0,0,0,0,,,,0.0,0.0,0.0,0.0,0.0,0,0,0
664,a,,,3.9,747,72.0,0,0.0,-1,1.0,0.7,217,29.0,0,0,0.0,544.0,42.0,0,0,0.0,406.0,33.0,0.0,0.0,0.0,42887,28,54067,65,0.5,0.0,0.0,0.0,0.0,0.0,0.0,0.0,0.0,0.0,0.0,534.0,42.0,0.0,521.0,25.0,0.0,491.0,12.0,0.0,536.0,42.0,,,,30,,Benjamin,Lecomte,Lecomte,,,0,0,0,0,0,0,0,0,0,0,0,0,0,,,,0.0,0.0,0.0,0.0,0.0,0,0,0
133,u,0.0,0.0,4.4,542,324.0,0,0.0,-1,1.0,0.0,637,249.0,1,0,1.0,467.0,205.0,0,2,0.0,573.0,191.0,0.0,0.2,0.0,3881,0,6395,1,0.0,0.0,0.0,0.0,0.0,0.0,0.0,0.0,0.0,0.0,0.0,662.0,249.0,0.0,659.0,254.0,0.0,637.0,243.0,0.0,664.0,251.0,,,,30,,Myles,Peart-Harris,Peart-Harris,has joined Oxford United permanently.,,1,0,0,0,0,0,0,0,0,0,0,0,0,,,,0.0,0.0,0.0,0.0,0.0,0,0,0
504,u,0.0,0.0,4.0,676,47.0,0,0.0,0,0.0,0.1,524,76.0,0,0,0.0,584.0,67.0,0,0,0.0,450.0,60.0,0.0,0.0,0.0,0,0,15748,2,0.0,0.0,0.0,0.0,0.0,0.0,0.0,0.0,0.0,0.0,0.0,574.0,67.0,0.0,565.0,54.0,0.0,536.0,41.0,0.0,576.0,67.0,,,,30,,Matt,Turner,Turner,Has joined Lyon permanently.,,0,0,0,0,0,0,0,0,0,0,0,0,0,,,,0.0,0.0,0.0,0.0,0.0,0,0,0
615,i,0.0,0.0,5.6,129,80.0,-1,1.0,1,-1.0,2.2,134,45.0,92,0,3.8,86.0,39.0,10,337,3.8,65.0,29.0,0.7,16.4,0.0,552231,40,280427,8289,0.0,0.0,4.53,1.94,6.47,28.26,0.22,0.09,0.31,1.37,371.0,147.0,52.0,331.2,81.0,62.0,472.0,31.0,16.0,117.4,57.0,38.0,2.0,,,30,,Crysencio,Summerville,Summerville,Calf injury - Unknown return date,,1856,5,3,5,34,0,0,0,4,0,0,22,163,,,,0.0,0.24,1.65,1.07,7.9,31,42,90
616,u,0.0,0.0,4.9,310,194.0,0,0.0,-1,1.0,0.0,598,226.0,0,0,0.0,772.0,333.0,0,0,0.0,719.0,298.0,0.0,0.0,0.0,1147,0,16103,0,0.0,0.0,0.0,0.0,0.0,0.0,0.0,0.0,0.0,0.0,0.0,771.0,332.0,0.0,767.0,332.0,0.0,763.0,330.0,0.0,771.0,332.0,,,,30,,Edson,Álvarez Velázquez,Álvarez,Has joined Fenerbahçe on loan for the rest of the season.,,0,0,0,0,0,0,0,0,0,0,0,0,0,,,,0.0,0.0,0.0,0.0,0.0,0,0,0
617,u,0.0,0.0,4.9,290,179.0,0,0.0,-1,1.0,0.0,712,293.0,0,0,0.0,768.0,330.0,0,0,0.0,708.0,290.0,0.0,0.0,0.0,246,0,3223,0,0.0,0.0,0.0,0.0,0.0,0.0,0.0,0.0,0.0,0.0,0.0,767.0,329.0,0.0,763.0,329.0,0.0,759.0,327.0,0.0,767.0,329.0,,,,30,,Maxwel,Cornet,Cornet,has joined Genoa on loan for the rest of the season.,,0,0,0,0,0,0,0,0,0,0,0,0,0,,,,0.0,0.0,0.0,0.0,0.0,0,0,0
618,u,0.0,0.0,4.8,352,222.0,0,0.0,-2,2.0,0.0,611,235.0,8,0,1.3,433.0,194.0,0,30,0.0,694.0,282.0,0.0,1.7,0.0,2295,0,6163,2,0.0,0.0,0.03,0.04,0.07,2.59,0.02,0.02,0.04,1.33,9.8,464.0,208.0,6.0,440.0,213.0,2.0,452.0,222.0,1.7,472.0,214.0,,,,30,,Guido,Rodríguez,G.Rodriguez,has joined Valencia on loan for the rest of the season.,,175,0,0,1,2,0,0,0,1,0,0,2,15,,,,0.0,0.51,1.03,1.03,7.71,1,4,10
619,u,0.0,0.0,4.9,341,212.0,0,0.0,-1,1.0,0.0,681,276.0,5,0,1.0,492.0,226.0,0,11,0.0,734.0,309.0,0.0,1.0,0.0,868,0,3397,0,0.0,0.0,0.07,0.03,0.1,1.82,0.05,0.02,0.07,1.35,9.2,465.0,209.0,14.5,407.0,202.0,4.0,439.0,215.0,2.5,465.0,210.0,,,,30,,Luis Guilherme,Lira dos Santos,L.Guilherme,has joined Sporting CP permanently.,,121,0,0,0,2,0,0,0,0,0,0,1,11,,,,0.0,0.0,1.49,0.74,8.18,1,2,8
620,u,0.0,0.0,4.5,445,267.0,0,0.0,0,0.0,0.0,610,234.0,1,0,1.0,475.0,212.0,0,3,0.0,624.0,226.0,0.0,0.2,0.0,3770,0,9540,3,0.0,0.0,0.0,0.01,0.01,0.73,0.0,0.11,0.11,8.21,0.0,704.0,279.0,1.5,462.0,222.0,2.0,449.0,219.0,0.4,494.0,226.0,,,,30,,George,Earthy,Earthy,has joined Bristol City on loan for the rest of the season.,,8,0,0,0,1,0,0,0,0,0,0,0,0,,,,0.0,0.0,11.25,0.0,0.0,0,0,0
621,u,0.0,0.0,4.3,586,346.0,0,0.0,-2,2.0,0.2,365,121.0,9,0,1.3,430.0,191.0,0,49,0.0,534.0,170.0,0.0,2.1,0.0,43311,0,55512,19,0.0,0.0,0.0,0.17,0.17,4.03,0.0,0.1,0.1,2.32,31.6,432.0,190.0,52.3,340.0,183.0,2.0,444.0,217.0,8.6,427.0,192.0,,,,30,,Andy,Irving,Irving,has joined Sparta Prague permanently.,,156,0,0,0,4,0,0,0,0,0,0,2,22,,,,0.0,0.0,2.31,1.15,12.69,6,2,14
134,u,0.0,0.0,4.5,487,301.0,0,0.0,0,0.0,0.0,789,345.0,0,0,0.0,739.0,310.0,0,0,0.0,661.0,258.0,0.0,0.0,0.0,0,0,949,0,0.0,0.0,0.0,0.0,0.0,0.0,0.0,0.0,0.0,0.0,0.0,737.0,308.0,0.0,731.0,308.0,0.0,718.0,304.0,0.0,737.0,308.0,,,,30,,Ryan,Trevitt,Trevitt,Has joined Wigan on loan for the rest of the season,,0,0,0,0,0,0,0,0,0,0,0,0,0,,,,0.0,0.0,0.0,0.0,0.0,0,0,0
810,a,,,4.5,467,285.0,0,0.0,0,0.0,0.0,803,356.0,0,0,0.0,724.0,298.0,0,0,0.0,642.0,242.0,0.0,0.0,0.0,327,0,131,2,0.0,0.5,0.0,0.0,0.0,0.0,0.0,0.0,0.0,0.0,0.0,721.0,295.0,0.0,716.0,296.0,0.0,701.0,290.0,0.0,722.0,296.0,,,,30,,Luka,Bentt,Bentt,,,0,0,0,0,0,0,0,0,0,0,0,0,0,,,,0.0,0.0,0.0,0.0,0.0,0,0,0
21,a,100.0,100.0,7.4,23,15.0,0,0.0,9,-9.0,29.3,12,3.0,163,3,5.4,8.0,5.0,21,695,4.8,38.0,15.0,0.6,22.0,0.0,6957080,1707,4339295,21743,0.0,5.8,3.05,6.43,9.48,18.78,0.11,0.22,0.33,0.66,736.2,10.0,3.0,911.4,3.0,3.0,273.0,92.0,58.0,192.2,8.0,5.0,1.0,1.0,,30,,Declan,Rice,Rice,,,2580,4,9,14,21,0,0,0,2,0,0,29,316,,,,0.0,0.49,0.73,1.01,11.02,56,106,154
22,i,0.0,0.0,5.4,162,101.0,0,0.0,-6,6.0,0.8,208,73.0,66,0,3.1,180.0,77.0,5,238,0.0,776.0,339.0,0.0,12.2,0.0,835949,2,841372,97,0.0,0.0,2.99,1.45,4.44,6.59,0.27,0.13,0.4,0.6,304.4,191.0,80.0,187.0,176.0,120.0,237.0,106.0,64.0,72.6,162.0,84.0,,,,30,,Mikel,Merino Zazón,Merino,Foot injury - Unknown return date,,996,4,3,4,9,0,0,0,1,0,0,10,111,,,,0.0,0.36,0.81,0.9,10.03,26,30,55
23,u,0.0,0.0,5.4,169,106.0,0,0.0,-1,1.0,0.0,682,277.0,0,0,0.0,804.0,357.0,0,0,0.0,780.0,341.0,0.0,0.0,0.0,933,0,4430,0,0.0,0.0,0.0,0.0,0.0,0.0,0.0,0.0,0.0,0.0,0.0,803.0,356.0,0.0,802.0,356.0,0.0,800.0,355.0,0.0,803.0,356.0,,,,30,,Fábio,Ferreira Vieira,Fábio Vieira,has joined Hamburger on loan for the rest of the season.,,0,0,0,0,0,0,0,0,0,0,0,0,0,,,,0.0,0.0,0.0,0.0,0.0,0,0,0
24,a,100.0,100.0,5.1,224,137.0,0,0.0,-4,4.0,0.1,433,144.0,6,0,1.0,496.0,229.0,0,19,0.4,327.0,150.0,0.1,1.2,0.0,7720,2,61264,4,0.0,1.4,0.05,0.0,0.05,2.23,0.08,0.0,0.08,3.58,15.8,453.0,202.0,0.4,478.0,231.0,7.0,427.0,205.0,2.4,467.0,212.0,,,,30,,Christian,Nørgaard,Nørgaard,,,56,0,0,0,1,0,0,0,0,0,0,0,11,,,,0.0,0.0,1.61,0.0,17.68,0,7,4
25,u,0.0,0.0,5.0,272,166.0,0,0.0,-5,5.0,0.1,449,152.0,8,0,1.3,434.0,195.0,0,20,0.0,749.0,320.0,0.0,1.6,0.0,13149,0,36968,3,0.0,0.0,0.23,0.08,0.31,0.73,0.13,0.04,0.17,0.4,8.6,467.0,210.0,22.5,391.0,197.0,24.0,375.0,190.0,5.4,444.0,197.0,,,,30,,Ethan,Nwaneri,Nwaneri,has joined Marseille on loan for the rest of the season.,,165,0,0,1,0,0,0,0,0,0,0,0,13,,,,0.0,0.55,0.0,0.0,7.09,2,1,10
26,a,100.0,100.0,5.1,239,145.0,-1,1.0,-4,4.0,4.1,88,29.0,117,3,3.8,83.0,36.0,9,530,2.8,106.0,45.0,0.5,22.9,0.0,1320432,187,1100604,3814,0.0,3.8,2.77,2.19,4.96,21.07,0.1,0.08,0.18,0.73,539.6,59.0,15.0,335.9,80.0,61.0,258.0,99.0,61.0,113.5,68.0,44.0,,,,30,,Martín,Zubimendi Ibáñez,Zubimendi,,,2597,5,1,15,20,0,0,0,4,0,0,30,257,,,,0.0,0.52,0.69,1.04,8.91,54,104,99
28,u,0.0,0.0,4.5,484,298.0,0,0.0,0,0.0,0.1,488,173.0,0,0,0.0,736.0,307.0,0,0,0.0,658.0,255.0,0.0,0.0,0.0,6731,0,30275,2,0.0,0.0,0.0,0.0,0.0,0.0,0.0,0.0,0.0,0.0,0.0,734.0,305.0,0.0,728.0,305.0,0.0,715.0,301.0,0.0,734.0,305.0,,,,30,,Ismeal,Kabia,Kabia,has joined Shrewsbury Town on loan for the rest of the season.,,0,0,0,0,0,0,0,0,0,0,0,0,0,,,,0.0,0.0,0.0,0.0,0.0,0,0,0
159,a,100.0,100.0,5.8,105,68.0,0,0.0,-2,2.0,0.0,732,306.0,1,0,1.0,503.0,236.0,0,4,0.2,367.0,165.0,0.0,0.2,0.0,1274,23,2658,12,-0.3,0.2,0.0,0.0,0.0,0.25,0.0,0.0,0.0,5.62,0.0,811.0,362.0,0.0,811.0,362.0,0.0,810.0,362.0,0.0,811.0,362.0,,,,30,,Solly,March,March,,,4,0,0,0,0,0,0,0,0,0,0,0,0,,,,0.0,0.0,0.0,0.0,0.0,0,0,0
247,a,100.0,100.0,4.3,600,351.0,0,0.0,-2,2.0,0.1,563,208.0,0,0,0.0,650.0,245.0,0,0,0.0,542.0,175.0,0.0,0.0,0.0,12883,22,14248,8,0.5,0.5,0.0,0.0,0.0,0.0,0.0,0.0,0.0,0.0,0.0,640.0,235.0,0.0,635.0,240.0,0.0,611.0,228.0,0.0,642.0,237.0,,,,30,,Dário,Luís Essugo,D.Essugo,,,0,0,0,0,0,0,0,0,0,0,0,0,0,,,,0.0,0.0,0.0,0.0,0.0,0,0,0
428,a,100.0,100.0,5.0,280,173.0,0,0.0,0,0.0,0.0,717,297.0,0,0,0.0,795.0,351.0,0,0,0.0,752.0,322.0,0.0,0.0,0.0,232,1,2589,4,0.0,0.5,0.0,0.0,0.0,0.0,0.0,0.0,0.0,0.0,0.0,794.0,350.0,0.0,792.0,350.0,0.0,788.0,348.0,0.0,794.0,350.0,,,,30,,Sverre,Nypan,Nypan,,,0,0,0,0,0,0,0,0,0,0,0,0,0,,,,0.0,0.0,0.0,0.0,0.0,0,0,0
481,a,,,3.8,807,252.0,0,0.0,-2,2.0,0.7,218,83.0,1,0,1.0,450.0,163.0,0,-1,0.0,393.0,153.0,0.0,0.3,0.0,79117,39,102673,48,0.0,-0.5,0.0,0.0,0.0,0.27,0.0,0.0,0.0,24.3,2.2,487.0,174.0,0.0,508.0,194.0,0.0,477.0,188.0,0.2,501.0,176.0,,,,30,,Alex,Murphy,A.Murphy,,,1,0,0,0,1,0,0,0,0,0,0,0,1,,,,0.0,0.0,90.0,0.0,90.0,0,1,0
595,a,,,4.3,603,354.0,0,0.0,-2,2.0,0.2,367,122.0,0,0,0.0,652.0,247.0,0,0,0.0,545.0,178.0,0.0,0.0,0.0,24805,11,30385,19,0.0,-0.5,0.0,0.0,0.0,0.0,0.0,0.0,0.0,0.0,0.0,642.0,237.0,0.0,637.0,242.0,0.0,614.0,231.0,0.0,644.0,239.0,,,,30,,Callum,Olusesi,Olusesi,,,0,0,0,0,0,0,0,0,0,0,0,0,0,,,,0.0,0.0,0.0,0.0,0.0,0,0,0
749,a,,,4.5,509,75.0,0,0.0,0,0.0,2.0,140,22.0,52,0,2.7,233.0,23.0,6,207,1.6,192.0,25.0,0.4,11.6,0.0,546941,263,303560,1706,0.0,1.1,1.32,1.61,2.93,21.75,0.1,0.12,0.22,1.59,216.4,259.0,24.0,223.4,152.0,12.0,198.0,138.0,34.0,63.5,202.0,25.0,2.0,3.0,,30,,Mateus,Mané,Mané,,,1235,2,2,5,18,0,0,0,0,0,0,13,94,,,,0.0,0.36,1.31,0.95,6.85,16,27,51
766,a,,,4.0,727,200.0,0,0.0,0,0.0,0.0,657,233.0,0,0,0.0,626.0,239.0,0,0,0.0,495.0,204.0,0.0,0.0,0.0,3239,3,1749,11,0.0,-0.5,0.0,0.0,0.0,0.0,0.0,0.0,0.0,0.0,0.0,616.0,239.0,0.0,608.0,239.0,0.0,580.0,236.0,0.0,618.0,239.0,,,,30,,Saheed,Olagunju,Olagunju,,,0,0,0,0,0,0,0,0,0,0,0,0,0,,,,0.0,0.0,0.0,0.0,0.0,0,0,0
767,a,,,4.5,493,305.0,0,0.0,0,0.0,0.0,767,327.0,0,0,0.0,744.0,313.0,0,0,0.0,666.0,261.0,0.0,0.0,0.0,1099,0,702,2,0.0,-0.5,0.0,0.0,0.0,0.0,0.0,0.0,0.0,0.0,0.0,742.0,311.0,0.0,736.0,311.0,0.0,723.0,307.0,0.0,742.0,311.0,,,,30,,Luke,Rawlings,Rawlings,,,0,0,0,0,0,0,0,0,0,0,0,0,0,,,,0.0,0.0,0.0,0.0,0.0,0,0,0
777,u,0.0,0.0,4.5,452,272.0,0,0.0,0,0.0,0.0,806,358.0,0,0,0.0,714.0,289.0,0,0,0.0,630.0,231.0,0.0,0.0,0.0,415,0,340,2,0.0,0.0,0.0,0.0,0.0,0.0,0.0,0.0,0.0,0.0,0.0,709.0,284.0,0.0,705.0,286.0,0.0,689.0,279.0,0.0,710.0,285.0,,,,30,,Temple,Ojinnaka,Ojinnaka,has joined Shrewsbury Town on loan for the rest of the season.,,0,0,0,0,0,0,0,0,0,0,0,0,0,,,,0.0,0.0,0.0,0.0,0.0,0,0,0
778,a,,,4.5,485,299.0,0,0.0,0,0.0,0.0,756,322.0,0,0,0.0,737.0,308.0,0,0,0.0,659.0,256.0,0.0,0.0,0.0,1337,1,772,1,0.0,-0.5,0.0,0.0,0.0,0.0,0.0,0.0,0.0,0.0,0.0,735.0,306.0,0.0,729.0,306.0,0.0,716.0,302.0,0.0,735.0,306.0,,,,30,,Ethan,Sutherland,Sutherland,,,0,0,0,0,0,0,0,0,0,0,0,0,0,,,,0.0,0.0,0.0,0.0,0.0,0,0,0
809,a,,,4.5,516,321.0,0,0.0,0,0.0,0.0,755,321.0,0,0,0.0,759.0,325.0,0,0,0.0,684.0,275.0,0.0,0.0,0.0,1198,3,442,4,0.0,-0.5,0.0,0.0,0.0,0.0,0.0,0.0,0.0,0.0,0.0,758.0,324.0,0.0,752.0,324.0,0.0,740.0,321.0,0.0,758.0,324.0,,,,30,,Jerome,Abbey,Abbey,,,0,0,0,0,0,0,0,0,0,0,0,0,0,,,,0.0,0.0,0.0,0.0,0.0,0,0,0
816,a,100.0,100.0,4.7,383,239.0,-1,1.0,-3,3.0,0.0,702,286.0,9,0,1.5,409.0,180.0,0,52,0.8,278.0,124.0,0.2,1.9,0.0,4426,4,2637,18,0.0,0.3,0.05,0.09,0.14,8.46,0.02,0.03,0.05,3.21,38.2,424.0,186.0,45.1,355.0,186.0,10.0,408.0,200.0,9.4,422.0,191.0,,,,30,,Angel,Gomes,Angel,,,237,0,0,1,4,0,0,0,0,0,0,4,22,,,,0.0,0.38,1.52,1.52,8.35,7,4,11
817,a,,,5.3,186,45.0,0,0.0,-2,2.0,0.1,578,79.0,15,0,2.5,272.0,27.0,0,59,1.8,182.0,23.0,0.3,2.8,0.0,16302,17,9701,80,0.0,1.3,0.18,0.58,0.76,10.73,0.03,0.11,0.14,2.01,59.4,403.0,44.0,60.8,328.0,37.0,13.0,396.0,56.0,13.4,403.0,51.0,,,,30,,Adam,Armstrong,Armstrong,,,481,0,2,3,5,0,0,0,2,0,0,6,22,,,,0.0,0.56,0.94,1.12,4.12,3,9,10
59,a,100.0,100.0,4.8,365,228.0,0,0.0,-2,2.0,0.7,219,75.0,64,0,3.2,156.0,68.0,3,285,1.5,202.0,85.0,0.3,13.3,0.0,160851,86,276975,68,1.5,1.0,1.06,0.29,1.35,23.48,0.07,0.02,0.09,1.53,326.8,176.0,70.0,86.0,289.0,169.0,125.0,219.0,123.0,53.7,241.0,121.0,,,,30,,Amadou,Onana,Onana,,,1378,2,0,5,19,0,0,0,2,0,0,17,171,,,,0.0,0.33,1.24,1.11,11.17,35,82,54
60,u,0.0,0.0,4.4,565,339.0,0,0.0,-1,1.0,0.3,347,116.0,0,0,0.0,684.0,267.0,0,0,0.0,591.0,205.0,0.0,0.0,0.0,38290,0,51456,22,0.0,0.0,0.0,0.0,0.0,0.0,0.0,0.0,0.0,0.0,0.0,677.0,260.0,0.0,673.0,264.0,0.0,653.0,255.0,0.0,679.0,262.0,,,,30,,Ben,Broggio,Broggio,has joined Falkirk on loan for the rest of the season.,,0,0,0,0,0,0,0,0,0,0,0,0,0,,,,0.0,0.0,0.0,0.0,0.0,0,0,0
61,u,0.0,0.0,4.5,410,250.0,0,0.0,0,0.0,0.1,534,194.0,0,0,0.0,691.0,270.0,0,0,0.0,601.0,210.0,0.0,0.0,0.0,2169,0,33700,0,0.0,0.0,0.0,0.0,0.0,0.0,0.0,0.0,0.0,0.0,0.0,685.0,264.0,0.0,680.0,267.0,0.0,661.0,259.0,0.0,687.0,266.0,,,,30,,Leander,Dendoncker,Dendoncker,Has joined Real Oviedo permanently.,,0,0,0,0,0,0,0,0,0,0,0,0,0,,,,0.0,0.0,0.0,0.0,0.0,0,0,0
456,a,100.0,0.0,5.8,106,69.0,0,0.0,-2,2.0,0.2,361,120.0,26,0,1.4,424.0,189.0,0,106,0.8,294.0,134.0,0.1,4.5,0.0,50408,15,52959,71,0.8,0.0,0.58,1.61,2.19,10.69,0.08,0.21,0.29,1.4,102.4,354.0,159.0,248.3,134.0,92.0,176.0,162.0,88.0,52.9,243.0,123.0,4.0,,,30,,Jadon,Sancho,Sancho,,,686,0,1,1,5,0,0,0,0,0,0,7,36,,,,0.0,0.13,0.66,0.92,4.72,6,11,19
699,a,100.0,100.0,4.9,315,196.0,0,0.0,-1,1.0,0.1,476,166.0,28,0,2.0,332.0,144.0,0,179,2.5,124.0,52.0,0.5,5.7,0.0,27497,101,20648,30,2.5,2.0,0.5,1.36,1.86,10.79,0.06,0.16,0.22,1.26,162.6,301.0,134.0,262.2,122.0,84.0,83.0,273.0,148.0,50.7,256.0,132.0,1.0,,,30,,Douglas Luiz,Soares de Paulo,Douglas Luiz,,,770,1,1,1,13,0,0,0,2,0,0,11,89,,,,0.0,0.12,1.52,1.29,10.4,20,21,48
701,u,0.0,0.0,4.0,718,192.0,0,0.0,0,0.0,0.1,537,190.0,0,0,0.0,618.0,232.0,0,0,0.0,486.0,196.0,0.0,0.0,0.0,8943,0,10740,0,0.0,0.0,0.0,0.0,0.0,0.0,0.0,0.0,0.0,0.0,0.0,608.0,232.0,0.0,600.0,232.0,0.0,572.0,229.0,0.0,610.0,232.0,,,,30,,Triston,Rowe,Rowe,has joined Annecy on loan for the rest of the season.,,0,0,0,0,0,0,0,0,0,0,0,0,0,,,,0.0,0.0,0.0,0.0,0.0,0,0,0
702,a,,,4.4,572,343.0,0,0.0,-1,1.0,0.1,533,193.0,1,0,1.0,473.0,211.0,0,3,0.0,597.0,208.0,0.0,0.2,0.0,9968,7,9047,9,0.0,-0.5,0.0,0.0,0.0,0.9,0.0,0.0,0.0,5.06,0.0,681.0,262.0,0.3,480.0,233.0,0.0,657.0,257.0,0.0,683.0,264.0,,,,30,,Bradley,Burrowes,Burrowes,,,16,0,0,0,1,0,0,0,0,0,0,0,1,,,,0.0,0.0,5.62,0.0,5.62,0,0,1
703,a,,,3.9,779,91.0,0,0.0,-1,1.0,0.6,225,30.0,0,0,0.0,568.0,60.0,0,0,0.0,432.0,51.0,0.0,0.0,0.0,93531,42,43926,135,0.0,-0.5,0.0,0.0,0.0,0.0,0.0,0.0,0.0,0.0,0.0,558.0,60.0,0.0,546.0,44.0,0.0,516.0,31.0,0.0,560.0,60.0,,,,30,,Sam,Proctor,Proctor,,,0,0,0,0,0,0,0,0,0,0,0,0,0,,,,0.0,0.0,0.0,0.0,0.0,0,0,0
710,a,,,3.9,776,226.0,0,0.0,-1,1.0,0.2,376,139.0,0,0,0.0,565.0,205.0,0,0,0.0,429.0,167.0,0.0,0.0,0.0,33352,1,23098,14,0.0,-0.5,0.0,0.0,0.0,0.0,0.0,0.0,0.0,0.0,0.0,555.0,205.0,0.0,543.0,205.0,0.0,513.0,200.0,0.0,557.0,205.0,,,,30,,Travis,Patterson,Patterson,,,0,0,0,0,0,0,0,0,0,0,0,0,0,,,,0.0,0.0,0.0,0.0,0.0,0,0,0
719,a,100.0,100.0,4.5,415,77.0,0,0.0,0,0.0,0.1,485,172.0,22,0,1.8,371.0,139.0,0,94,0.0,604.0,239.0,0.0,4.9,0.0,20944,23,14640,16,0.0,-0.5,0.03,0.07,0.1,10.75,0.0,0.01,0.01,1.69,123.8,336.0,127.0,27.5,381.0,136.0,8.0,419.0,159.0,16.0,389.0,140.0,,,,30,,Victor,Lindelöf,Lindelöf,,,572,0,1,1,9,0,0,0,0,0,0,6,36,,,,0.0,0.16,1.42,0.94,5.66,4,32,13
754,a,,,4.5,482,296.0,0,0.0,0,0.0,0.0,753,320.0,2,0,1.0,482.0,218.0,0,5,0.0,656.0,253.0,0.0,0.4,0.0,1146,3,717,1,0.0,-0.5,0.04,0.01,0.05,0.61,0.14,0.04,0.18,2.2,0.0,732.0,303.0,1.7,459.0,221.0,2.0,450.0,220.0,0.3,498.0,229.0,,,,30,,George,Hemmings,George Hemmings,,,25,0,0,0,0,0,0,0,0,0,0,0,1,,,,0.0,0.0,0.0,0.0,3.6,0,0,1
757,a,,,4.0,708,62.0,0,0.0,0,0.0,0.0,711,83.0,0,0,0.0,609.0,81.0,0,0,0.0,476.0,74.0,0.0,0.0,0.0,1297,2,879,3,0.0,-0.5,0.0,0.0,0.0,0.0,0.0,0.0,0.0,0.0,0.0,599.0,81.0,0.0,591.0,69.0,0.0,562.0,56.0,0.0,601.0,81.0,,,,30,,Ronnie,Hollingshead,Hollingshead,,,0,0,0,0,0,0,0,0,0,0,0,0,0,,,,0.0,0.0,0.0,0.0,0.0,0,0,0
768,a,,,4.0,740,213.0,0,0.0,0,0.0,0.0,704,247.0,0,0,0.0,634.0,247.0,0,0,0.0,505.0,214.0,0.0,0.0,0.0,687,3,609,4,0.0,-0.5,0.0,0.0,0.0,0.0,0.0,0.0,0.0,0.0,0.0,624.0,247.0,0.0,616.0,247.0,0.0,589.0,245.0,0.0,626.0,247.0,,,,30,,Leon,Routh,Leon Routh,,,0,0,0,0,0,0,0,0,0,0,0,0,0,,,,0.0,0.0,0.0,0.0,0.0,0,0,0
781,a,,,4.0,734,207.0,0,0.0,0,0.0,0.0,722,251.0,0,0,0.0,630.0,243.0,0,0,0.0,499.0,208.0,0.0,0.0,0.0,733,0,465,3,0.0,-0.5,0.0,0.0,0.0,0.0,0.0,0.0,0.0,0.0,0.0,620.0,243.0,0.0,612.0,243.0,0.0,584.0,240.0,0.0,622.0,243.0,,,,30,,TJ,Carroll,Carroll,,,0,0,0,0,0,0,0,0,0,0,0,0,0,,,,0.0,0.0,0.0,0.0,0.0,0,0,0
792,a,100.0,100.0,5.0,284,176.0,0,0.0,0,0.0,0.0,799,353.0,3,0,1.0,494.0,227.0,0,11,0.5,315.0,142.0,0.1,0.6,0.0,274,4,174,2,0.5,0.0,0.05,0.05,0.1,1.87,0.1,0.1,0.2,3.58,3.2,484.0,222.0,3.5,450.0,217.0,10.0,411.0,202.0,1.5,477.0,219.0,,,,30,,Alysson Edward Franco,da Rocha dos Santos,Alysson,,,47,0,0,0,2,0,0,0,0,0,0,0,4,,,,0.0,0.0,3.83,0.0,7.66,0,1,3
185,a,,,3.9,742,67.0,0,0.0,-1,1.0,0.2,403,59.0,0,0,0.0,540.0,38.0,0,0,0.0,402.0,29.0,0.0,0.0,0.0,15176,6,20533,17,-0.5,-0.5,0.0,0.0,0.0,0.0,0.0,0.0,0.0,0.0,0.0,530.0,38.0,0.0,516.0,20.0,0.0,486.0,7.0,0.0,532.0,38.0,,,,30,,Václav,Hladký,Hladký,,,0,0,0,0,0,0,0,0,0,0,0,0,0,,,,0.0,0.0,0.0,0.0,0.0,0,0,0
186,i,0.0,0.0,4.3,582,127.0,0,0.0,-2,2.0,0.0,654,232.0,0,0,0.0,646.0,251.0,0,0,0.0,533.0,229.0,0.0,0.0,0.0,1634,1,9219,1,0.0,0.0,0.0,0.0,0.0,0.0,0.0,0.0,0.0,0.0,0.0,636.0,251.0,0.0,631.0,251.0,0.0,607.0,250.0,0.0,638.0,251.0,,,,30,,Connor,Roberts,Roberts,Achilles injury - Expected back 11 Apr,,0,0,0,0,0,0,0,0,0,0,0,0,0,,,,0.0,0.0,0.0,0.0,0.0,0,0,0
187,a,100.0,100.0,4.4,519,98.0,0,0.0,-1,1.0,1.1,184,69.0,61,6,2.2,310.0,116.0,3,188,2.5,117.0,44.0,0.6,13.9,0.0,151228,133,262873,49,2.0,2.0,0.12,0.99,1.11,54.31,0.0,0.04,0.04,1.99,407.0,120.0,52.0,174.0,186.0,48.0,22.0,380.0,133.0,60.6,212.0,73.0,,,,30,,Kyle,Walker,Walker,,,2461,0,2,4,51,0,0,0,8,0,0,28,223,,,,0.0,0.15,1.87,1.02,6.22,40,130,125
188,u,0.0,0.0,3.8,793,238.0,0,0.0,-2,2.0,0.2,368,136.0,0,0,0.0,524.0,186.0,0,0,0.0,379.0,139.0,0.0,0.0,0.0,26052,0,41724,18,0.0,0.0,0.0,0.0,0.0,0.0,0.0,0.0,0.0,0.0,0.0,514.0,186.0,0.0,499.0,185.0,0.0,468.0,179.0,0.0,516.0,186.0,,,,30,,Hannes,Delcroix,Delcroix,has joined Lugano permanently.,,0,0,0,0,0,0,0,0,0,0,0,0,0,,,,0.0,0.0,0.0,0.0,0.0,0,0,0
189,u,0.0,0.0,4.0,685,172.0,0,0.0,0,0.0,0.0,726,253.0,0,0,0.0,592.0,218.0,0,0,0.0,458.0,180.0,0.0,0.0,0.0,0,0,2380,0,0.0,0.0,0.0,0.0,0.0,0.0,0.0,0.0,0.0,0.0,0.0,582.0,218.0,0.0,573.0,218.0,0.0,544.0,214.0,0.0,584.0,218.0,,,,30,,Owen,Dodgson,Dodgson,Has joined Stockport County on loan for the rest of the season.,,0,0,0,0,0,0,0,0,0,0,0,0,0,,,,0.0,0.0,0.0,0.0,0.0,0,0,0
190,a,,,3.8,799,244.0,0,0.0,-2,2.0,0.8,211,80.0,44,0,2.9,197.0,75.0,2,121,0.0,385.0,145.0,0.0,11.6,0.0,248159,23,206166,118,-0.5,-0.5,0.21,0.24,0.45,22.73,0.02,0.02,0.04,1.74,273.8,211.0,83.0,43.1,357.0,126.0,78.0,280.0,80.0,39.5,298.0,98.0,,,,30,,Hjalmar,Ekdal,Ekdal,,,1179,0,0,2,24,0,0,0,0,0,0,13,146,,,,0.0,0.15,1.83,0.99,10.08,19,113,31
191,a,100.0,100.0,3.9,767,223.0,0,0.0,-1,1.0,7.7,49,17.0,66,6,2.4,278.0,105.0,0,224,2.2,142.0,52.0,0.6,16.9,0.0,769052,331,1946792,299,1.7,1.7,0.67,0.58,1.25,52.9,0.03,0.02,0.05,2.06,554.6,53.0,25.0,89.5,282.0,87.0,88.0,264.0,75.0,73.4,160.0,53.0,,,,30,,Maxime,Estève,Estève,,,2312,0,0,3,54,2,0,0,0,0,0,27,279,,,,0.0,0.12,2.1,1.05,9.85,31,222,88
192,a,,,4.0,698,179.0,0,0.0,0,0.0,0.6,228,86.0,52,6,3.2,154.0,57.0,0,192,1.5,196.0,73.0,0.4,13.0,0.0,184676,37,180087,43,1.0,1.0,0.19,1.52,1.71,31.95,0.01,0.1,0.11,2.04,317.2,181.0,74.0,229.7,145.0,37.0,59.0,313.0,96.0,60.7,210.0,71.0,,,,30,,Quilindschy,Hartman,Hartman,,,1410,0,5,3,28,0,0,0,1,0,0,16,130,,,,0.0,0.19,1.79,1.02,7.02,33,77,51
193,a,100.0,100.0,3.9,763,221.0,0,0.0,-1,1.0,0.1,430,160.0,39,6,2.8,215.0,83.0,1,167,2.2,141.0,51.0,0.6,10.0,0.0,20219,24,15146,16,1.7,1.7,0.32,0.62,0.94,24.34,0.03,0.05,0.08,1.91,277.2,207.0,81.0,96.8,270.0,81.0,61.0,309.0,93.0,43.3,280.0,93.0,,,,30,,Bashir,Humphreys,Humphreys,,,1149,0,2,2,24,0,0,0,5,0,0,12,107,,,,0.0,0.16,1.88,0.94,8.38,23,84,44
194,i,0.0,0.0,3.9,759,218.0,0,0.0,-1,1.0,0.1,560,201.0,0,0,0.0,552.0,200.0,0,0,0.0,416.0,162.0,0.0,0.0,0.0,1959,2,15514,0,0.0,0.0,0.0,0.0,0.0,0.0,0.0,0.0,0.0,0.0,0.0,542.0,200.0,0.0,529.0,200.0,0.0,499.0,195.0,0.0,544.0,200.0,,,,30,,Jordan,Beyer,Jordan,Hamstring injury - Unknown return date,,0,0,0,0,0,0,0,0,0,0,0,0,0,,,,0.0,0.0,0.0,0.0,0.0,0,0,0
195,a,100.0,100.0,3.8,810,255.0,0,0.0,-2,2.0,0.3,320,117.0,19,1,1.3,426.0,153.0,0,98,0.8,263.0,92.0,0.2,5.0,0.0,47917,13,37085,42,0.3,0.3,0.33,1.2,1.53,22.87,0.03,0.1,0.13,1.87,181.2,283.0,111.0,231.5,143.0,35.0,62.0,305.0,91.0,47.3,266.0,84.0,3.0,,,30,,Lucas,Pires Silva,Lucas Pires,,,1102,0,0,1,25,0,0,0,0,1,0,12,73,,,,0.0,0.08,2.04,0.98,5.96,24,49,69
196,u,0.0,0.0,4.0,683,170.0,0,0.0,0,0.0,0.0,616,218.0,0,0,0.0,591.0,217.0,0,0,0.0,457.0,179.0,0.0,0.0,0.0,202,0,9675,1,0.0,0.0,0.0,0.0,0.0,0.0,0.0,0.0,0.0,0.0,0.0,581.0,217.0,0.0,572.0,217.0,0.0,543.0,213.0,0.0,583.0,217.0,,,,30,,Shurandy,Sambo,Sambo,has joined Sparta Rotterdam on loan for the rest of the season.,,0,0,0,0,0,0,0,0,0,0,0,0,0,,,,0.0,0.0,0.0,0.0,0.0,0,0,0
204,u,0.0,0.0,4.9,319,199.0,0,0.0,-1,1.0,0.0,728,302.0,0,0,0.0,774.0,335.0,0,0,0.0,723.0,302.0,0.0,0.0,0.0,160,0,2085,0,0.0,0.0,0.0,0.0,0.0,0.0,0.0,0.0,0.0,0.0,0.0,773.0,334.0,0.0,769.0,334.0,0.0,765.0,332.0,0.0,773.0,334.0,,,,30,,Darko,Churlinov,Churlinov,has joined Kocaelispor  permanently.,,0,0,0,0,0,0,0,0,0,0,0,0,0,,,,0.0,0.0,0.0,0.0,0.0,0,0,0
205,i,0.0,0.0,4.9,298,185.0,0,0.0,-1,1.0,0.8,205,72.0,70,0,3.9,74.0,33.0,8,321,0.0,713.0,295.0,0.0,14.3,0.0,568584,0,540661,59,0.0,0.0,0.94,1.36,2.3,32.5,0.06,0.08,0.14,1.93,342.0,164.0,60.0,218.1,157.0,105.0,98.0,250.0,138.0,66.0,194.0,98.0,,,,30,,Josh,Cullen,Cullen,Knee injury - Expected back 30 Sep,,1513,2,2,3,29,1,0,0,2,0,0,18,173,,,,0.0,0.18,1.73,1.07,10.29,32,68,73
206,a,100.0,75.0,4.7,379,237.0,0,0.0,-3,3.0,0.1,464,157.0,44,1,2.4,284.0,121.0,2,159,0.8,277.0,123.0,0.2,9.4,0.0,25707,1,25448,50,0.3,0.2,1.46,1.65,3.11,19.09,0.15,0.17,0.32,1.93,163.4,300.0,133.0,248.4,132.0,91.0,195.0,141.0,81.0,60.5,213.0,105.0,,3.0,,30,,Marcus,Edwards,Edwards,,,891,1,3,1,15,0,0,0,0,0,0,9,55,,,,0.0,0.1,1.52,0.91,5.56,8,6,41
207,a,100.0,100.0,4.7,390,242.0,0,0.0,-3,3.0,0.2,375,124.0,51,2,2.3,297.0,131.0,4,214,3.8,64.0,28.0,0.8,10.9,0.0,28881,53,26067,48,3.3,3.3,0.56,1.33,1.89,23.47,0.05,0.12,0.17,2.19,203.8,264.0,110.0,236.2,140.0,97.0,88.0,265.0,144.0,52.8,244.0,124.0,4.0,,,30,,Hannibal,Mejbri,Hannibal,,,964,1,4,2,22,0,0,0,7,0,0,11,94,,,,0.0,0.19,2.05,1.03,8.78,25,14,55
208,u,0.0,0.0,5.0,269,163.0,0,0.0,0,0.0,0.0,739,312.0,0,0,0.0,791.0,348.0,0,0,0.0,747.0,318.0,0.0,0.0,0.0,68,0,3029,0,0.0,0.0,0.0,0.0,0.0,0.0,0.0,0.0,0.0,0.0,0.0,790.0,347.0,0.0,788.0,347.0,0.0,784.0,345.0,0.0,790.0,347.0,,,,30,,Luca,Koleosho,Koleosho,has joined Paris FC on loan for the rest of the season.,,0,0,0,0,0,0,0,0,0,0,0,0,0,,,,0.0,0.0,0.0,0.0,0.0,0,0,0
209,a,,,4.8,350,220.0,0,0.0,-2,2.0,0.0,615,238.0,51,3,1.9,348.0,150.0,1,223,1.5,201.0,84.0,0.3,10.6,0.0,6063,6,6581,4,1.0,1.0,0.6,0.44,1.04,33.39,0.04,0.03,0.07,2.02,276.4,209.0,88.0,167.3,193.0,126.0,94.0,257.0,140.0,53.9,240.0,120.0,,,,30,,Josh,Laurent,Laurent,,,1486,1,0,2,34,0,0,0,6,0,0,15,158,,,,0.0,0.12,2.06,0.91,9.57,39,68,51
210,a,,,4.9,332,207.0,0,0.0,-1,1.0,0.0,629,245.0,38,0,1.7,388.0,167.0,0,128,0.8,283.0,128.0,0.2,7.8,0.0,4852,1,5992,2,0.3,0.3,0.86,0.68,1.54,15.42,0.09,0.07,0.16,1.65,99.4,360.0,161.0,109.3,255.0,158.0,101.0,246.0,136.0,31.1,333.0,163.0,,4.0,,30,,Loum,Tchaouna,Tchaouna,,,843,1,1,2,14,0,0,0,1,0,0,9,48,,,,0.0,0.21,1.49,0.96,5.12,14,11,23
219,u,0.0,0.0,4.4,529,76.0,0,0.0,-1,1.0,0.1,466,67.0,0,0,0.0,668.0,68.0,0,0,0.0,567.0,56.0,0.0,0.0,0.0,4151,0,40637,6,0.0,0.0,0.0,0.0,0.0,0.0,0.0,0.0,0.0,0.0,0.0,658.0,68.0,0.0,655.0,67.0,0.0,633.0,67.0,0.0,660.0,68.0,,,,30,,Michael,Obafemi,Obafemi,has joined Blackpool on loan for the rest of the season.,,0,0,0,0,0,0,0,0,0,0,0,0,0,,,,0.0,0.0,0.0,0.0,0.0,0,0,0
470,a,100.0,100.0,4.0,663,41.0,0,0.0,0,0.0,32.1,11,2.0,86,6,2.9,198.0,20.0,7,383,2.5,116.0,11.0,0.6,21.5,0.0,1718746,1148,1467698,1032,2.0,2.0,0.0,0.04,0.04,59.81,0.0,0.0,0.0,1.99,825.2,5.0,1.0,0.0,554.0,48.0,0.0,525.0,35.0,82.7,133.0,1.0,,,,30,,Martin,Dúbravka,Dúbravka,,,2700,0,0,4,58,0,0,0,1,0,108,30,96,,,,3.6,0.13,1.93,1.0,0.0,1,54,239
614,a,100.0,100.0,5.6,122,76.0,0,0.0,-4,4.0,0.2,389,129.0,24,5,2.4,291.0,128.0,0,154,3.0,96.0,41.0,0.5,4.3,0.0,18987,70,48051,13,2.5,2.5,0.13,1.21,1.34,12.92,0.02,0.17,0.19,1.79,132.8,327.0,147.0,263.0,121.0,83.0,6.0,430.0,208.0,40.1,297.0,147.0,1.0,1.0,,30,,James,Ward-Prowse,Ward-Prowse,,,651,0,1,2,15,0,0,0,0,0,0,7,51,,,,0.0,0.28,2.07,0.97,7.05,8,22,21
676,a,100.0,100.0,5.0,274,168.0,0,0.0,0,0.0,0.1,453,153.0,82,1,2.8,224.0,92.0,5,308,1.2,225.0,96.0,0.2,16.4,0.0,42531,2,38383,21,0.7,0.7,2.25,0.27,2.52,42.77,0.11,0.01,0.12,2.03,361.2,153.0,55.0,145.2,209.0,136.0,188.0,149.0,84.0,69.2,179.0,91.0,,,,30,,Lesley,Ugochukwu,Ugochukwu,,,1895,3,2,3,41,0,0,0,1,1,0,22,183,,,,0.0,0.14,1.95,1.04,8.69,46,53,84
680,a,100.0,75.0,5.2,212,49.0,0,0.0,-3,3.0,0.2,408,61.0,39,1,1.9,354.0,40.0,2,107,0.2,360.0,44.0,0.0,7.5,0.0,47625,3,59745,27,-0.3,-0.2,2.14,0.13,2.27,21.7,0.24,0.01,0.25,2.42,96.4,366.0,38.0,62.4,322.0,35.0,205.0,131.0,32.0,36.0,308.0,36.0,,,,30,,Armando,Broja,Broja,,,807,1,1,1,25,0,0,0,0,0,0,8,42,,,,0.0,0.11,2.79,0.89,4.68,6,11,25
722,a,,,5.0,252,153.0,0,0.0,0,0.0,0.0,613,236.0,66,0,2.8,223.0,91.0,0,286,0.5,312.0,139.0,0.1,13.2,0.0,14774,3,13047,8,0.0,0.0,0.55,0.39,0.94,37.28,0.03,0.02,0.05,2.03,343.4,163.0,59.0,173.2,187.0,124.0,44.0,332.0,173.0,56.3,225.0,109.0,,,,30,,Florentino Ibrain,Morris Luís,Florentino,,,1651,0,2,2,37,0,0,0,4,0,0,20,247,,,,0.0,0.11,2.02,1.09,13.46,74,88,85
776,a,,,4.5,510,316.0,0,0.0,0,0.0,0.0,790,346.0,0,0,0.0,755.0,321.0,0,0,0.0,679.0,270.0,0.0,0.0,0.0,684,2,473,3,-0.5,-0.5,0.0,0.0,0.0,0.0,0.0,0.0,0.0,0.0,0.0,754.0,320.0,0.0,748.0,320.0,0.0,735.0,316.0,0.0,754.0,320.0,,,,30,,Oliver,Pimlott,Pimlott,,,0,0,0,0,0,0,0,0,0,0,0,0,0,,,,0.0,0.0,0.0,0.0,0.0,0,0,0
70,u,0.0,0.0,4.0,699,58.0,0,0.0,0,0.0,0.1,575,79.0,0,0,0.0,603.0,78.0,0,0,0.0,470.0,71.0,0.0,0.0,0.0,1107,0,10464,4,0.0,0.0,0.0,0.0,0.0,0.0,0.0,0.0,0.0,0.0,0.0,593.0,78.0,0.0,584.0,65.0,0.0,555.0,52.0,0.0,595.0,78.0,,,,30,,Alex,Paulsen,Paulsen,Has joined Lechia Gdansk on loan for the rest of the season.,,0,0,0,0,0,0,0,0,0,0,0,0,0,,,,0.0,0.0,0.0,0.0,0.0,0,0,0
71,u,0.0,0.0,5.0,266,42.0,0,0.0,0,0.0,0.0,671,235.0,0,0,0.0,790.0,263.0,0,0,0.0,746.0,257.0,0.0,0.0,0.0,0,0,8210,0,0.0,0.0,0.0,0.0,0.0,0.0,0.0,0.0,0.0,0.0,0.0,789.0,263.0,0.0,787.0,263.0,0.0,783.0,263.0,0.0,789.0,263.0,,,,30,,Illia,Zabarnyi,Zabarnyi,Has joined Paris Saint-Germain permanently.,,0,0,0,0,0,0,0,0,0,0,0,0,0,,,,0.0,0.0,0.0,0.0,0.0,0,0,0
72,a,100.0,100.0,5.0,253,38.0,0,0.0,5,-5.0,18.5,18,6.0,136,10,4.7,21.0,6.0,11,438,7.5,1.0,1.0,1.5,27.2,0.0,5093020,12152,3064892,1077,7.0,8.0,1.38,4.06,5.44,42.64,0.05,0.14,0.19,1.49,899.4,3.0,1.0,297.3,101.0,24.0,176.0,161.0,36.0,137.5,33.0,2.0,,,,30,,Marcos,Senesi Barón,Senesi,,,2568,0,4,9,45,0,0,0,8,0,0,29,393,,,,0.0,0.32,1.58,1.02,12.27,50,300,119
73,a,100.0,100.0,4.4,518,97.0,0,0.0,-1,1.0,0.2,382,144.0,38,8,2.2,309.0,115.0,2,117,2.2,144.0,54.0,0.5,8.6,0.0,26627,32,41768,10,1.7,2.7,0.0,0.2,0.2,13.81,0.0,0.02,0.02,1.58,115.4,347.0,132.0,58.0,331.0,112.0,18.0,386.0,137.0,19.1,377.0,133.0,,,,30,,Adam,Smith,Smith,,,787,0,1,4,15,0,0,0,2,0,0,11,53,,,,0.0,0.46,1.72,1.26,5.72,10,40,20
74,a,,,4.6,401,70.0,0,0.0,1,-1.0,2.8,114,46.0,118,11,3.9,72.0,29.0,12,428,7.2,3.0,2.0,1.6,25.7,0.0,667494,3020,421519,380,6.7,7.7,0.39,2.34,2.73,42.29,0.01,0.08,0.09,1.43,619.6,38.0,16.0,411.0,52.0,8.0,100.0,247.0,67.0,113.1,69.0,12.0,,,,30,,Adrien,Truffert,Truffert,,,2658,0,2,9,43,0,0,0,3,0,0,30,297,,,,0.0,0.3,1.46,1.02,8.36,80,167,154
75,a,100.0,100.0,3.8,806,251.0,0,0.0,-2,2.0,0.2,378,141.0,0,0,0.0,532.0,194.0,0,0,0.0,392.0,152.0,0.0,0.0,0.0,14849,7,32605,13,-0.5,0.5,0.0,0.0,0.0,0.0,0.0,0.0,0.0,0.0,0.0,522.0,194.0,0.0,507.0,193.0,0.0,476.0,187.0,0.0,524.0,194.0,,,,30,,Matai,Akinmboni,Akinmboni,,,0,0,0,0,0,0,0,0,0,0,0,0,0,,,,0.0,0.0,0.0,0.0,0.0,0,0,0
76,a,,,3.8,804,249.0,0,0.0,-2,2.0,0.2,384,145.0,0,0,0.0,531.0,193.0,0,0,0.0,390.0,150.0,0.0,0.0,0.0,15649,13,19693,24,-0.5,0.5,0.0,0.0,0.0,0.0,0.0,0.0,0.0,0.0,0.0,521.0,193.0,0.0,506.0,192.0,0.0,475.0,186.0,0.0,523.0,193.0,,,,30,,Owen,Bevan,Bevan,,,0,0,0,0,0,0,0,0,0,0,0,0,0,,,,0.0,0.0,0.0,0.0,0.0,0,0,0
85,a,100.0,100.0,4.9,301,188.0,0,0.0,-1,1.0,0.3,332,112.0,60,0,3.3,147.0,65.0,3,279,2.5,121.0,50.0,0.5,12.2,0.0,80728,20,93377,28,2.0,3.0,0.56,0.37,0.93,20.86,0.04,0.02,0.06,1.33,304.2,192.0,81.0,95.0,273.0,163.0,105.0,239.0,133.0,50.7,255.0,131.0,,,,30,,Tyler,Adams,Adams,,,1412,2,1,6,24,0,0,0,7,0,0,18,182,,,,0.0,0.38,1.53,1.15,11.6,40,66,76
86,a,100.0,100.0,5.0,246,150.0,0,0.0,0,0.0,0.2,391,131.0,47,1,2.0,334.0,146.0,4,183,0.8,285.0,130.0,0.2,9.4,0.0,73142,17,78785,17,0.3,1.3,4.87,3.13,8.0,16.94,0.43,0.28,0.71,1.49,201.0,266.0,111.0,324.8,85.0,65.0,398.0,47.0,29.0,90.9,106.0,63.0,,4.0,,30,,David,Brooks,Brooks,,,1024,1,2,4,18,0,0,0,7,0,0,12,80,,,,0.0,0.35,1.58,1.05,7.03,15,17,48
87,a,100.0,100.0,4.9,293,182.0,0,0.0,-1,1.0,0.1,555,201.0,33,5,1.6,395.0,169.0,0,142,2.2,147.0,61.0,0.4,6.7,0.0,9889,11,15923,8,1.7,2.7,1.49,0.53,2.02,13.35,0.21,0.07,0.28,1.88,147.8,313.0,141.0,148.0,207.0,134.0,140.0,200.0,112.0,43.9,277.0,140.0,,,,30,,Ryan,Christie,Christie,,,639,1,1,2,10,0,0,0,2,0,0,4,83,,,,0.0,0.28,1.41,0.56,11.69,18,22,43
88,i,0.0,0.0,4.9,292,181.0,0,0.0,-1,1.0,0.0,614,237.0,38,0,2.4,285.0,122.0,0,184,0.0,710.0,292.0,0.0,7.8,0.0,11741,1,10503,22,0.0,0.0,0.07,0.52,0.59,13.49,0.01,0.05,0.06,1.4,206.0,263.0,109.0,183.3,181.0,122.0,12.0,401.0,197.0,40.4,295.0,146.0,1.0,,,30,,Lewis,Cook,Cook,Hamstring injury - Expected back 11 Apr,,870,0,1,1,18,0,0,0,1,1,0,8,143,,,,0.0,0.1,1.86,0.83,14.79,25,56,62
92,u,0.0,0.0,4.5,430,258.0,0,0.0,0,0.0,0.1,556,202.0,0,0,0.0,701.0,277.0,0,0,0.0,615.0,218.0,0.0,0.0,0.0,4403,0,19708,0,0.0,0.0,0.0,0.0,0.0,0.0,0.0,0.0,0.0,0.0,0.0,695.0,271.0,0.0,691.0,274.0,0.0,674.0,267.0,0.0,697.0,273.0,,,,30,,Romain,Faivre,Faivre,has joined Auxerre permanently.,,0,0,0,0,0,0,0,0,0,0,0,0,0,,,,0.0,0.0,0.0,0.0,0.0,0,0,0
93,u,0.0,0.0,4.5,425,255.0,0,0.0,0,0.0,0.3,335,114.0,4,0,4.0,60.0,26.0,0,12,0.0,611.0,215.0,0.0,0.9,0.0,114900,0,165526,8,0.0,0.0,0.0,0.0,0.0,0.4,0.0,0.0,0.0,2.25,21.2,447.0,197.0,10.0,425.0,209.0,0.0,670.0,264.0,3.1,462.0,208.0,,,,30,,Hamed,Traorè,H.Traorè,has joined Marseille on loan for the rest of the season.,,16,0,1,0,2,0,0,0,0,0,0,0,4,,,,0.0,0.0,11.25,0.0,22.5,1,1,2
94,u,0.0,0.0,4.5,462,282.0,0,0.0,0,0.0,0.0,644,253.0,0,0,0.0,722.0,297.0,0,0,0.0,638.0,239.0,0.0,0.0,0.0,3895,0,8217,1,0.0,0.0,0.0,0.0,0.0,0.0,0.0,0.0,0.0,0.0,0.0,717.0,292.0,0.0,713.0,294.0,0.0,697.0,287.0,0.0,718.0,293.0,,,,30,,Dominic,Sadi,Sadi,has joined Novi Pazar on loan for the rest of the season.,,0,0,0,0,0,0,0,0,0,0,0,0,0,,,,0.0,0.0,0.0,0.0,0.0,0,0,0
95,u,0.0,0.0,4.4,554,332.0,0,0.0,-1,1.0,0.1,581,217.0,0,0,0.0,677.0,264.0,0,0,0.0,581.0,199.0,0.0,0.0,0.0,15405,0,21545,0,0.0,0.0,0.0,0.0,0.0,0.0,0.0,0.0,0.0,0.0,0.0,668.0,255.0,0.0,665.0,260.0,0.0,644.0,250.0,0.0,670.0,257.0,,,,30,,Zain,Silcott-Duberry,Silcott-Duberry,has joined Olympiakos permanently.,,0,0,0,0,0,0,0,0,0,0,0,0,0,,,,0.0,0.0,0.0,0.0,0.0,0,0,0
96,u,0.0,0.0,4.5,494,306.0,0,0.0,0,0.0,0.0,643,252.0,1,0,1.0,483.0,219.0,0,3,0.0,667.0,262.0,0.0,0.2,0.0,2964,0,10012,1,0.0,0.0,0.0,0.0,0.0,0.31,0.0,0.0,0.0,4.65,0.0,743.0,312.0,0.0,737.0,312.0,0.0,724.0,308.0,0.0,743.0,312.0,,,,30,,Ben,Winterburn,Winterburn,has joined Barnet on loan for the rest of the season.,,6,0,0,0,2,0,0,0,0,0,0,0,0,,,,0.0,0.0,30.0,0.0,0.0,0,0,0
97,a,100.0,100.0,6.8,45,16.0,0,0.0,-2,2.0,2.3,130,20.0,89,2,3.2,165.0,15.0,6,320,3.0,98.0,13.0,0.4,13.1,0.0,1125197,365,1116959,790,2.5,3.5,8.24,1.13,9.37,30.02,0.35,0.05,0.4,1.28,296.0,196.0,17.0,314.8,90.0,3.0,693.0,11.0,7.0,130.1,37.0,9.0,,,,30,,Francisco Evanilson,de Lima Barbosa,Evanilson,,,2103,6,3,9,33,0,0,0,1,0,0,24,91,,,,0.0,0.39,1.41,1.03,3.89,7,25,59
98,a,100.0,100.0,5.4,159,39.0,0,0.0,-1,1.0,0.0,589,80.0,21,1,1.2,441.0,53.0,1,54,1.0,251.0,31.0,0.2,3.9,0.0,14122,14,11343,14,0.5,1.5,1.85,0.06,1.91,3.45,0.96,0.03,0.99,1.79,45.6,417.0,48.0,14.0,409.0,54.0,86.0,269.0,48.0,13.7,399.0,49.0,,1.0,,30,,Enes,Ünal,Enes Ünal,,,173,1,0,0,2,0,0,0,1,0,0,0,12,,,,0.0,0.0,1.04,0.0,6.24,1,7,4
99,u,0.0,0.0,4.4,569,83.0,0,0.0,-1,1.0,0.1,432,63.0,0,0,0.0,687.0,75.0,0,0,0.0,595.0,63.0,0.0,0.0,0.0,22144,0,44408,2,0.0,0.0,0.0,0.0,0.0,0.0,0.0,0.0,0.0,0.0,0.0,680.0,75.0,0.0,676.0,74.0,0.0,656.0,74.0,0.0,682.0,75.0,,,,30,,Daniel,Adu-Adjei,Adu-Adjei,has joined HNK Rijeka permanently.,,0,0,0,0,0,0,0,0,0,0,0,0,0,,,,0.0,0.0,0.0,0.0,0.0,0,0,0
100,a,,,4.7,394,65.0,0,0.0,2,-2.0,6.4,59,11.0,74,2,3.0,191.0,18.0,7,337,1.8,174.0,22.0,0.4,15.7,0.0,1859136,717,1202729,2016,1.3,2.3,5.04,0.96,6.0,19.43,0.4,0.08,0.48,1.55,350.0,160.0,15.0,251.7,129.0,8.0,365.0,59.0,23.0,96.7,95.0,15.0,,,,30,,Junior,Kroupi,Kroupi.Jr,,,1131,8,0,6,18,0,0,0,3,0,0,14,87,,,,0.0,0.48,1.43,1.11,6.92,8,33,46
391,a,100.0,0.0,4.8,368,230.0,0,0.0,-2,2.0,0.0,642,251.0,7,0,1.8,374.0,160.0,0,22,0.0,704.0,288.0,0.0,1.5,0.0,4638,1,8105,1,-0.5,0.0,0.09,0.09,0.18,2.66,0.15,0.15,0.3,4.52,21.2,448.0,198.0,14.0,408.0,203.0,11.0,403.0,199.0,4.7,454.0,203.0,,,,30,,Ben,Gannon-Doak,Gannon-Doak,,,53,0,1,0,1,0,0,0,0,0,0,0,3,,,,0.0,0.0,1.7,0.0,5.09,2,1,0
685,a,100.0,100.0,4.2,636,146.0,0,0.0,-3,3.0,0.3,330,121.0,46,0,2.6,250.0,95.0,2,164,0.0,518.0,220.0,0.0,11.0,0.0,98554,8,96568,33,-0.5,0.5,0.02,0.19,0.21,22.47,0.0,0.01,0.01,1.59,267.0,215.0,84.0,54.3,337.0,115.0,22.0,378.0,131.0,34.4,321.0,109.0,,,,30,,Bafodé,Diakité,Diakité,,,1275,0,0,4,27,0,0,0,1,0,0,15,147,,,,0.0,0.28,1.91,1.06,8.26,20,97,48
697,a,,,5.4,175,108.0,0,0.0,-1,1.0,0.5,262,91.0,61,1,2.3,302.0,133.0,4,225,1.5,208.0,89.0,0.3,11.3,0.0,118220,16,62623,494,1.0,2.0,2.55,1.53,4.08,14.7,0.24,0.14,0.38,1.39,257.2,224.0,97.0,220.5,155.0,103.0,243.0,103.0,63.0,71.5,168.0,88.0,3.0,,,30,,Amine,Adli,Adli,,,952,3,2,3,14,0,0,0,2,0,0,9,110,,,,0.0,0.28,1.32,0.85,10.4,31,25,54
713,a,,,4.5,464,92.0,0,0.0,0,0.0,0.3,324,119.0,64,1,2.5,268.0,104.0,2,247,4.2,48.0,18.0,0.9,14.2,0.0,59148,107,26012,167,3.7,4.7,1.04,1.53,2.57,33.86,0.05,0.07,0.12,1.62,338.6,167.0,71.0,227.6,148.0,38.0,169.0,170.0,38.0,73.5,159.0,52.0,,,,30,,Álex,Jiménez Sánchez,A.Jimenez,,,1884,1,2,5,33,0,0,0,8,0,0,21,133,,,,0.0,0.24,1.58,1.0,5.64,53,65,101
721,a,100.0,100.0,4.4,571,120.0,0,0.0,-1,1.0,0.0,653,231.0,19,0,2.7,232.0,92.0,0,63,0.0,596.0,238.0,0.0,4.3,0.0,6374,1,5932,4,-0.5,0.5,0.15,0.19,0.34,4.42,0.04,0.05,0.09,1.08,98.4,363.0,139.0,13.9,410.0,149.0,10.0,407.0,151.0,12.2,411.0,147.0,,,,30,,Veljko,Milosavljevic,Milosavljević,,,367,0,0,1,6,0,0,0,0,0,0,4,42,,,,0.0,0.25,1.47,0.98,9.56,5,34,13
756,a,,,4.5,515,320.0,0,0.0,0,0.0,0.0,741,313.0,0,0,0.0,758.0,324.0,0,0,0.0,683.0,274.0,0.0,0.0,0.0,1764,2,1143,4,-0.5,0.5,0.0,0.0,0.0,0.0,0.0,0.0,0.0,0.0,0.0,757.0,323.0,0.0,751.0,323.0,0.0,739.0,320.0,0.0,757.0,323.0,,,,30,,Malcom,DaCosta,DaCosta,,,0,0,0,0,0,0,0,0,0,0,0,0,0,,,,0.0,0.0,0.0,0.0,0.0,0,0,0
782,a,,,4.0,662,40.0,0,0.0,0,0.0,0.0,666,81.0,0,0,0.0,575.0,63.0,0,0,0.0,439.0,54.0,0.0,0.0,0.0,2881,5,973,6,-0.5,0.5,0.0,0.0,0.0,0.0,0.0,0.0,0.0,0.0,0.0,565.0,63.0,0.0,553.0,47.0,0.0,524.0,34.0,0.0,567.0,63.0,,,,30,,Fraser,Forster,Forster,,,0,0,0,0,0,0,0,0,0,0,0,0,0,,,,0.0,0.0,0.0,0.0,0.0,0,0,0
799,a,,,4.5,512,317.0,0,0.0,0,0.0,0.0,778,338.0,0,0,0.0,756.0,322.0,0,0,0.0,680.0,271.0,0.0,0.0,0.0,661,2,256,3,-0.5,0.5,0.0,0.0,0.0,0.0,0.0,0.0,0.0,0.0,0.0,755.0,321.0,0.0,749.0,321.0,0.0,736.0,317.0,0.0,755.0,321.0,,,,30,,Charlie,Stevens,Stevens,,,0,0,0,0,0,0,0,0,0,0,0,0,0,,,,0.0,0.0,0.0,0.0,0.0,0,0,0
801,a,,,4.9,343,214.0,0,0.0,-1,1.0,0.0,761,325.0,3,0,0.8,511.0,240.0,0,10,0.0,735.0,310.0,0.0,0.6,0.0,890,0,477,4,-0.5,0.5,0.06,0.25,0.31,2.34,0.08,0.32,0.4,2.97,6.0,475.0,215.0,33.5,372.0,190.0,14.0,394.0,196.0,5.3,445.0,198.0,,,,30,,Alex,Tóth,Tóth.A,,,71,0,0,0,1,0,0,0,1,0,0,1,8,,,,0.0,0.0,1.27,1.27,10.14,1,2,5
806,a,,,4.0,680,50.0,0,0.0,0,0.0,0.0,763,88.0,0,0,0.0,588.0,70.0,0,0,0.0,454.0,63.0,0.0,0.0,0.0,655,1,310,3,-0.5,0.5,0.0,0.0,0.0,0.0,0.0,0.0,0.0,0.0,0.0,578.0,70.0,0.0,569.0,57.0,0.0,540.0,44.0,0.0,580.0,70.0,,,,30,,Christos,Mandas,Mandas,,,0,0,0,0,0,0,0,0,0,0,0,0,0,,,,0.0,0.0,0.0,0.0,0.0,0,0,0
807,a,,,5.6,132,82.0,0,0.0,1,-1.0,2.6,121,39.0,30,3,4.3,43.0,20.0,2,105,2.8,110.0,47.0,0.5,5.4,0.0,401583,181,67654,1643,2.3,3.3,0.89,1.07,1.96,10.44,0.15,0.18,0.33,1.75,124.0,335.0,152.0,123.8,230.0,148.0,111.0,230.0,128.0,35.8,311.0,152.0,,,,30,,Rayan Vitor,Simplício Rocha,Rayan,,,537,2,1,3,3,0,0,0,1,0,0,6,33,,,,0.0,0.5,0.5,1.01,5.53,5,8,20
27,d,75.0,75.0,4.8,353,223.0,0,0.0,-2,2.0,0.1,494,177.0,6,0,1.0,486.0,222.0,0,19,0.0,695.0,283.0,0.0,1.2,0.0,10490,0,18407,9,0.0,0.4,0.61,0.07,0.68,1.21,1.1,0.13,1.23,2.18,16.4,450.0,200.0,4.0,447.0,216.0,16.0,391.0,195.0,3.4,460.0,207.0,,,,30,,Reiss,Nelson,Nelson,Calf injury - 75% chance of playing,,50,0,0,0,1,0,0,0,0,0,0,0,17,,,,0.0,0.0,1.8,0.0,30.6,2,3,12
83,a,100.0,100.0,6.0,91,57.0,0,0.0,0,0.0,3.7,96,32.0,97,0,4.2,54.0,22.0,10,296,2.5,133.0,57.0,0.4,16.2,0.0,949713,963,502426,402,2.5,3.0,5.37,2.3,7.67,22.81,0.3,0.13,0.43,1.27,345.0,162.0,58.0,243.0,137.0,94.0,449.0,33.0,18.0,103.1,86.0,53.0,3.0,,,30,,Dango,Ouattara,O.Dango,,,1613,5,6,4,24,0,0,0,4,0,0,18,140,,,,0.0,0.22,1.34,1.0,7.81,16,59,65
101,a,100.0,100.0,4.8,354,12.0,0,0.0,3,-3.0,13.2,26,4.0,104,0,3.7,95.0,12.0,6,402,2.0,164.0,14.0,0.4,21.7,0.0,1453681,5086,1030217,535,2.0,2.5,0.0,0.04,0.04,39.34,0.0,0.0,0.0,1.4,643.6,30.0,8.0,20.0,396.0,4.0,0.0,749.0,83.0,66.4,191.0,8.0,,,,30,,Caoimhín,Kelleher,Kelleher,,,2520,0,0,7,37,0,3,0,1,0,75,28,95,,,,2.68,0.25,1.32,1.0,0.0,1,35,211
102,a,,,3.9,758,79.0,0,0.0,-1,1.0,0.3,339,46.0,0,0,0.0,551.0,49.0,0,0,0.0,415.0,40.0,0.0,0.0,0.0,16433,10,24254,19,0.0,0.5,0.0,0.0,0.0,0.0,0.0,0.0,0.0,0.0,0.0,541.0,49.0,0.0,528.0,32.0,0.0,498.0,19.0,0.0,543.0,49.0,,,,30,,Ellery,Balcombe,Balcombe,,,0,0,0,0,0,0,0,0,0,0,0,0,0,,,,0.0,0.0,0.0,0.0,0.0,0,0,0
103,u,0.0,0.0,3.9,773,87.0,0,0.0,-1,1.0,0.1,429,65.0,0,0,0.0,563.0,57.0,0,0,0.0,427.0,48.0,0.0,0.0,0.0,11791,0,14779,11,0.0,0.0,0.0,0.0,0.0,0.0,0.0,0.0,0.0,0.0,0.0,553.0,57.0,0.0,540.0,40.0,0.0,510.0,27.0,0.0,555.0,57.0,,,,30,,Matthew,Cox,Cox,has joined Shrewsbury Town on loan for the rest of the season.,,0,0,0,0,0,0,0,0,0,0,0,0,0,,,,0.0,0.0,0.0,0.0,0.0,0,0,0
115,u,0.0,0.0,4.0,730,203.0,0,0.0,0,0.0,0.1,530,189.0,0,0,0.0,628.0,241.0,0,0,0.0,497.0,206.0,0.0,0.0,0.0,2020,0,14397,0,0.0,0.0,0.0,0.0,0.0,0.0,0.0,0.0,0.0,0.0,0.0,618.0,241.0,0.0,610.0,241.0,0.0,582.0,238.0,0.0,620.0,241.0,,,,30,,Benjamin,Fredrick,Fredrick,has joined Dender on loan for the rest of the season.,,0,0,0,0,0,0,0,0,0,0,0,0,0,,,,0.0,0.0,0.0,0.0,0.0,0,0,0
116,i,0.0,0.0,4.0,689,173.0,0,0.0,0,0.0,0.4,282,102.0,33,0,1.8,364.0,135.0,0,94,0.2,335.0,117.0,0.0,8.2,0.0,65919,3,78657,99,0.0,0.0,0.4,0.17,0.57,6.47,0.06,0.03,0.09,0.99,82.6,380.0,144.0,16.2,404.0,147.0,42.0,338.0,110.0,13.9,396.0,144.0,,,,30,,Aaron,Hickey,Hickey,Hamstring injury - Expected back 11 Apr,,588,0,0,2,8,0,0,0,1,0,0,7,49,,,,0.0,0.31,1.22,1.07,6.43,12,30,33
117,u,0.0,0.0,3.9,782,228.0,0,0.0,-1,1.0,0.1,521,185.0,0,0,0.0,571.0,207.0,0,0,0.0,435.0,169.0,0.0,0.0,0.0,4108,0,15661,1,0.0,0.0,0.0,0.0,0.0,0.0,0.0,0.0,0.0,0.0,0.0,561.0,207.0,0.0,549.0,207.0,0.0,519.0,202.0,0.0,563.0,207.0,,,,30,,Kim,Ji-soo,Ji-soo,has joined Kaiserslautern on loan for the rest of the season.,,0,0,0,0,0,0,0,0,0,0,0,0,0,,,,0.0,0.0,0.0,0.0,0.0,0,0,0
118,u,0.0,0.0,4.0,701,181.0,0,0.0,0,0.0,0.0,612,217.0,0,0,0.0,605.0,224.0,0,0,0.0,472.0,187.0,0.0,0.0,0.0,279,0,10996,0,0.0,0.0,0.0,0.0,0.0,0.0,0.0,0.0,0.0,0.0,0.0,595.0,224.0,0.0,586.0,224.0,0.0,557.0,220.0,0.0,597.0,224.0,,,,30,,Jayden,Meghoma,Meghoma,Has joined Rangers on loan for the rest of the season.,,0,0,0,0,0,0,0,0,0,0,0,0,0,,,,0.0,0.0,0.0,0.0,0.0,0,0,0
120,a,100.0,100.0,6.9,41,25.0,0,0.0,-1,1.0,2.0,138,47.0,97,0,3.7,101.0,48.0,5,319,2.8,114.0,49.0,0.4,14.1,0.0,894971,1132,703933,272,2.8,3.3,9.69,1.86,11.55,28.39,0.42,0.08,0.5,1.24,472.8,83.0,27.0,325.9,84.0,64.0,669.0,13.0,5.0,146.4,26.0,21.0,,,3.0,30,,Kevin,Schade,Schade,,,2063,7,4,8,25,0,0,1,6,1,0,24,155,,,,0.0,0.35,1.09,1.05,6.76,33,45,77
121,a,100.0,100.0,5.6,128,79.0,0,0.0,-4,4.0,1.0,192,67.0,85,0,3.4,138.0,63.0,6,352,5.5,17.0,7.0,1.0,15.2,0.0,173049,1045,177688,184,5.5,6.0,1.79,3.95,5.74,22.61,0.11,0.24,0.35,1.36,414.0,114.0,37.0,527.0,28.0,27.0,249.0,101.0,62.0,119.1,55.0,36.0,,3.0,,30,,Mikkel,Damsgaard,Damsgaard,,,1495,3,4,3,25,0,0,0,0,0,0,17,168,,,,0.0,0.18,1.51,1.02,10.11,40,34,94
122,i,0.0,0.0,5.2,216,134.0,0,0.0,-3,3.0,0.0,656,261.0,1,0,1.0,499.0,232.0,0,5,0.0,765.0,331.0,0.0,0.2,0.0,2048,0,6965,1,0.0,0.0,0.0,0.01,0.01,1.49,0.0,0.02,0.02,2.98,4.0,480.0,219.0,1.8,457.0,220.0,0.0,793.0,351.0,0.6,490.0,224.0,,,,30,,Antoni,Milambo,Milambo,Knee injury - Expected back 01 Jun,,45,0,0,0,3,0,0,0,0,0,0,1,4,,,,0.0,0.0,6.0,2.0,8.0,2,0,2
123,i,0.0,0.0,4.7,387,241.0,0,0.0,-3,3.0,0.1,467,159.0,13,0,2.2,311.0,134.0,1,42,0.0,689.0,279.0,0.0,2.8,0.0,27250,0,51483,0,0.0,0.0,0.7,0.03,0.73,2.08,0.63,0.03,0.66,1.87,39.0,422.0,184.0,6.5,437.0,212.0,36.0,347.0,181.0,8.1,429.0,193.0,,,4.0,30,,Fábio,Freitas Gouveia Carvalho,Carvalho,Knee injury - Expected back 01 Jun,,100,1,0,0,4,0,0,0,0,0,0,1,8,,,,0.0,0.0,3.6,0.9,7.2,3,0,5
124,a,100.0,100.0,5.0,244,149.0,0,0.0,0,0.0,0.3,302,103.0,68,0,2.5,271.0,116.0,5,306,1.5,205.0,87.0,0.3,13.6,0.0,99556,27,101568,36,1.5,2.0,0.33,2.09,2.42,24.04,0.02,0.12,0.14,1.32,299.2,194.0,82.0,320.4,87.0,67.0,43.0,336.0,175.0,66.2,193.0,97.0,,,,30,,Jordan,Henderson,Henderson,,,1634,1,3,5,24,0,0,0,4,0,0,19,156,,,,0.0,0.28,1.32,1.05,8.59,23,50,83
125,i,0.0,0.0,4.9,303,189.0,0,0.0,-1,1.0,0.2,399,134.0,70,0,3.2,157.0,69.0,6,300,0.2,353.0,157.0,0.0,14.3,0.0,67509,0,50442,170,0.0,0.0,0.82,1.88,2.7,20.22,0.06,0.14,0.2,1.45,329.0,175.0,69.0,313.6,91.0,69.0,91.0,259.0,141.0,72.5,164.0,85.0,2.0,,,30,,Vitaly,Janelt,Janelt,Foot injury - Expected back 11 Apr,,1253,1,4,5,16,0,0,0,7,0,0,13,164,,,,0.0,0.36,1.15,0.93,11.78,24,66,74
126,a,,,4.9,306,191.0,0,0.0,-1,1.0,0.1,482,170.0,65,0,2.4,286.0,123.0,0,316,2.0,166.0,69.0,0.4,13.3,0.0,18938,26,19074,10,2.0,2.5,1.93,3.94,5.87,22.72,0.12,0.24,0.36,1.4,273.4,212.0,90.0,394.7,59.0,47.0,153.0,186.0,102.0,82.0,136.0,76.0,1.0,2.0,5.0,30,,Mathias,Jensen,Jensen,,,1465,2,2,6,21,0,0,0,3,0,0,17,132,,,,0.0,0.37,1.29,1.04,8.11,26,34,72
127,u,0.0,0.0,4.9,344,215.0,0,0.0,-1,1.0,0.0,725,300.0,0,0,0.0,782.0,341.0,0,0,0.0,736.0,311.0,0.0,0.0,0.0,1544,0,2311,0,0.0,0.0,0.0,0.0,0.0,0.0,0.0,0.0,0.0,0.0,0.0,781.0,340.0,0.0,777.0,340.0,0.0,773.0,338.0,0.0,781.0,340.0,,,,30,,Gustavo,Nunes Fernandes Gomes,Nunes,has joined Swansea City on loan for the rest of the season.,,0,0,0,0,0,0,0,0,0,0,0,0,0,,,,0.0,0.0,0.0,0.0,0.0,0,0,0
128,u,0.0,0.0,4.8,364,227.0,0,0.0,-2,2.0,0.0,608,233.0,12,0,2.0,331.0,143.0,0,41,0.0,702.0,287.0,0.0,2.5,0.0,5396,0,8897,0,0.0,0.0,0.0,0.36,0.36,2.02,0.0,0.37,0.37,2.07,28.4,437.0,194.0,13.6,411.0,204.0,4.0,438.0,214.0,4.6,455.0,204.0,,,,30,,Frank,Onyeka,Onyeka,has joined Coventry City on loan for the rest of the season.,,88,0,2,0,2,0,0,0,0,0,0,0,10,,,,0.0,0.0,2.05,0.0,10.23,2,3,5
129,a,100.0,100.0,5.0,275,169.0,0,0.0,0,0.0,0.1,480,169.0,76,0,2.6,257.0,109.0,0,331,0.5,314.0,141.0,0.1,15.2,0.0,24402,10,21539,19,0.5,1.0,1.19,1.14,2.33,30.3,0.05,0.05,0.1,1.35,332.0,172.0,66.0,217.7,158.0,106.0,110.0,231.0,129.0,65.9,195.0,99.0,,,,30,,Yehor,Yarmoliuk,Yarmoliuk,,,2014,1,2,5,33,0,0,0,7,0,0,23,253,,,,0.0,0.22,1.47,1.03,11.31,52,59,142
130,a,,,4.4,570,342.0,0,0.0,-1,1.0,0.1,465,158.0,4,0,1.0,472.0,210.0,0,19,0.5,304.0,137.0,0.1,0.9,0.0,16571,6,18939,20,0.5,1.0,0.09,0.01,0.1,0.39,0.21,0.02,0.23,0.92,8.4,468.0,211.0,11.5,418.0,207.0,21.0,382.0,192.0,4.2,456.0,205.0,,,,30,,Romelle,Donovan,Donovan,,,38,0,0,0,0,0,0,0,0,0,0,0,5,,,,0.0,0.0,0.0,0.0,11.84,0,0,5
131,u,0.0,0.0,4.3,624,368.0,0,0.0,-2,2.0,0.1,418,142.0,0,0,0.0,665.0,257.0,0,0,0.0,561.0,189.0,0.0,0.0,0.0,38108,0,44733,14,0.0,0.0,0.0,0.0,0.0,0.0,0.0,0.0,0.0,0.0,0.0,655.0,247.0,0.0,651.0,252.0,0.0,628.0,241.0,0.0,657.0,249.0,,,,30,,Yunus Emre,Konak,Konak,has joined Oxford United on loan for the rest of the season.,,0,0,0,0,0,0,0,0,0,0,0,0,0,,,,0.0,0.0,0.0,0.0,0.0,0,0,0
132,u,0.0,0.0,4.5,420,253.0,0,0.0,0,0.0,0.0,676,273.0,0,0,0.0,696.0,273.0,0,0,0.0,607.0,213.0,0.0,0.0,0.0,4038,0,5482,4,0.0,0.0,0.0,0.0,0.0,0.0,0.0,0.0,0.0,0.0,0.0,690.0,267.0,0.0,685.0,270.0,0.0,666.0,262.0,0.0,692.0,269.0,,,,30,,Paris,Maghoma,Maghoma,has joined Norwich City permanently.,,0,0,0,0,0,0,0,0,0,0,0,0,0,,,,0.0,0.0,0.0,0.0,0.0,0,0,0
136,a,100.0,100.0,7.2,33,13.0,0,0.0,12,-12.0,35.3,7,3.0,143,0,4.9,14.0,3.0,19,583,2.5,136.0,16.0,0.3,19.9,0.0,8930746,8419,4672073,2097,2.5,3.0,15.64,1.62,17.26,39.03,0.57,0.06,0.63,1.42,788.2,8.0,2.0,275.2,117.0,6.0,936.0,2.0,2.0,199.7,6.0,2.0,,,2.0,30,,Igor Thiago,Nascimento Rodrigues,Thiago,,,2472,18,1,7,38,0,0,1,6,0,0,28,151,,,,0.0,0.25,1.38,1.02,5.5,23,55,73
137,u,0.0,0.0,4.4,556,78.0,0,0.0,-1,1.0,0.3,321,51.0,0,0,0.0,678.0,70.0,0,0,0.0,583.0,58.0,0.0,0.0,0.0,52422,0,81631,9,0.0,0.0,0.0,0.0,0.0,0.0,0.0,0.0,0.0,0.0,0.0,670.0,70.0,0.0,666.0,69.0,0.0,646.0,69.0,0.0,672.0,70.0,,,,30,,Iwan,Morgan,Morgan,has joined Shrewsbury on loan for the rest of the season.,,0,0,0,0,0,0,0,0,0,0,0,0,0,,,,0.0,0.0,0.0,0.0,0.0,0,0,0
748,i,0.0,0.0,4.9,299,186.0,0,0.0,-1,1.0,0.0,810,359.0,0,0,0.0,770.0,332.0,0,0,0.0,714.0,296.0,0.0,0.0,0.0,192,0,226,0,0.0,0.0,0.0,0.0,0.0,0.0,0.0,0.0,0.0,0.0,0.0,769.0,331.0,0.0,765.0,331.0,0.0,761.0,329.0,0.0,769.0,331.0,,,,30,,Josh,Dasilva,Dasilva,Lack of match fitness - Expected back 24 May,,0,0,0,0,0,0,0,0,0,0,0,0,0,,,,0.0,0.0,0.0,0.0,0.0,0,0,0
819,a,,,4.0,697,178.0,0,0.0,0,0.0,0.0,791,263.0,0,0,0.0,602.0,222.0,0,0,0.0,469.0,185.0,0.0,0.0,0.0,209,2,40,1,0.0,0.5,0.0,0.0,0.0,0.0,0.0,0.0,0.0,0.0,0.0,592.0,222.0,0.0,583.0,222.0,0.0,554.0,218.0,0.0,594.0,222.0,,,,30,,Ollie,Shield,Shield,,,0,0,0,0,0,0,0,0,0,0,0,0,0,,,,0.0,0.0,0.0,0.0,0.0,0,0,0
138,a,,,4.2,626,31.0,0,0.0,-3,3.0,0.2,350,49.0,0,0,0.0,637.0,87.0,0,0,0.0,511.0,81.0,0.0,0.0,0.0,10647,9,39718,16,-0.5,0.0,0.0,0.0,0.0,0.0,0.0,0.0,0.0,0.0,0.0,627.0,87.0,0.0,620.0,76.0,0.0,593.0,63.0,0.0,629.0,87.0,,,,30,,Jason,Steele,Steele,,,0,0,0,0,0,0,0,0,0,0,0,0,0,,,,0.0,0.0,0.0,0.0,0.0,0,0,0
139,a,,,4.5,443,24.0,0,0.0,0,0.0,5.4,67,11.0,98,7,3.3,146.0,17.0,4,486,4.8,32.0,4.0,1.1,21.8,0.0,702354,946,865893,404,4.3,4.8,0.0,0.05,0.05,39.99,0.0,0.0,0.0,1.33,727.6,11.0,2.0,10.0,426.0,8.0,0.0,683.0,78.0,73.8,158.0,3.0,,,,30,,Bart,Verbruggen,Verbruggen,,,2700,0,0,7,36,1,1,0,3,0,83,30,102,,,,2.77,0.23,1.2,1.0,0.0,1,24,265
140,a,,,3.9,754,77.0,0,0.0,-1,1.0,0.3,314,43.0,0,0,0.0,549.0,47.0,0,0,0.0,413.0,38.0,0.0,0.0,0.0,18183,8,28311,27,-0.5,0.0,0.0,0.0,0.0,0.0,0.0,0.0,0.0,0.0,0.0,539.0,47.0,0.0,526.0,30.0,0.0,496.0,17.0,0.0,541.0,47.0,,,,30,,Tom,McGill,McGill,,,0,0,0,0,0,0,0,0,0,0,0,0,0,,,,0.0,0.0,0.0,0.0,0.0,0,0,0
141,u,0.0,0.0,4.0,690,55.0,0,0.0,0,0.0,0.0,807,92.0,0,0,0.0,596.0,75.0,0,0,0.0,462.0,68.0,0.0,0.0,0.0,0,0,246,0,0.0,0.0,0.0,0.0,0.0,0.0,0.0,0.0,0.0,0.0,0.0,586.0,75.0,0.0,577.0,62.0,0.0,548.0,49.0,0.0,588.0,75.0,,,,30,,Carl,Rushworth,Rushworth,Has joined Coventry City on loan for the rest of the season.,,0,0,0,0,0,0,0,0,0,0,0,0,0,,,,0.0,0.0,0.0,0.0,0.0,0,0,0
142,u,0.0,0.0,4.0,678,48.0,0,0.0,0,0.0,0.0,808,93.0,0,0,0.0,586.0,68.0,0,0,0.0,452.0,61.0,0.0,0.0,0.0,0,0,205,0,0.0,0.0,0.0,0.0,0.0,0.0,0.0,0.0,0.0,0.0,0.0,576.0,68.0,0.0,567.0,55.0,0.0,538.0,42.0,0.0,578.0,68.0,,,,30,,Kjell,Scherpen,Scherpen,Has joined Union SG permanently,,0,0,0,0,0,0,0,0,0,0,0,0,0,,,,0.0,0.0,0.0,0.0,0.0,0,0,0
143,a,,,4.2,632,143.0,0,0.0,-3,3.0,0.1,504,179.0,21,0,2.6,249.0,94.0,2,88,0.2,339.0,121.0,0.0,5.0,0.0,6611,3,13006,11,-0.3,0.2,0.05,0.31,0.36,5.37,0.01,0.06,0.07,1.1,122.0,337.0,128.0,46.4,353.0,124.0,12.0,397.0,144.0,18.1,382.0,137.0,,,,30,,Olivier,Boscagli,Boscagli,,,439,0,1,1,5,0,0,0,2,0,0,5,41,,,,0.0,0.21,1.03,1.03,8.41,10,31,34
144,u,0.0,0.0,4.2,646,153.0,0,0.0,-3,3.0,0.0,600,214.0,10,0,2.0,329.0,122.0,0,32,0.0,523.0,223.0,0.0,2.4,0.0,2735,0,8278,0,0.0,0.0,0.0,0.01,0.01,4.52,0.0,0.0,0.0,2.11,42.4,420.0,157.0,3.7,449.0,162.0,2.0,443.0,167.0,4.8,452.0,163.0,,,,30,,Diego,Coppola,Coppola,has joined Paris FC on loan for the rest of the season.,,193,0,0,1,3,0,0,0,2,0,0,2,19,,,,0.0,0.47,1.4,0.93,8.39,2,16,6
145,a,100.0,100.0,4.3,592,134.0,0,0.0,-2,2.0,1.7,152,59.0,61,1,2.5,267.0,103.0,6,228,0.8,268.0,96.0,0.2,14.2,0.0,254946,30,718831,204,0.3,0.8,1.55,2.15,3.7,20.84,0.12,0.17,0.29,1.64,215.4,261.0,106.0,319.8,88.0,19.0,132.0,211.0,51.0,66.8,186.0,62.0,3.0,1.0,,30,,Maxim,De Cuyper,De Cuyper,,,1145,2,0,4,18,0,0,0,2,0,0,14,75,,,,0.0,0.31,1.41,1.1,4.01,18,33,57
146,a,100.0,100.0,4.5,407,72.0,0,0.0,0,0.0,1.0,189,72.0,81,11,2.9,201.0,78.0,3,383,4.5,42.0,16.0,1.0,18.0,0.0,158517,386,199287,72,4.0,4.5,1.3,0.5,1.8,37.28,0.05,0.02,0.07,1.36,569.2,48.0,21.0,107.5,258.0,73.0,156.0,182.0,42.0,83.5,131.0,41.0,,3.0,,30,,Lewis,Dunk,Dunk,,,2475,0,1,6,34,0,0,0,9,0,0,27,256,,,,0.0,0.22,1.24,0.98,7.78,32,182,115
147,u,0.0,0.0,4.5,417,79.0,0,0.0,0,0.0,0.0,746,256.0,0,0,0.0,694.0,255.0,0,0,0.0,605.0,240.0,0.0,0.0,0.0,0,0,1985,0,0.0,0.0,0.0,0.0,0.0,0.0,0.0,0.0,0.0,0.0,0.0,688.0,255.0,0.0,683.0,255.0,0.0,664.0,254.0,0.0,690.0,255.0,,,,30,,Pervis,Estupiñán Tenorio,Estupiñan,Has joined AC Milan permanently,,0,0,0,0,0,0,0,0,0,0,0,0,0,,,,0.0,0.0,0.0,0.0,0.0,0,0,0
148,a,,,4.4,531,107.0,0,0.0,-1,1.0,0.4,292,108.0,84,8,2.9,199.0,76.0,4,388,4.8,31.0,12.0,1.1,19.1,0.0,83732,241,67497,57,4.3,4.8,1.56,2.36,3.92,35.54,0.06,0.09,0.15,1.33,378.2,141.0,63.0,345.6,76.0,16.0,181.0,157.0,34.0,90.8,107.0,28.0,,,,30,,Ferdi,Kadıoğlu,F.Kadıoğlu,,,2410,0,2,7,31,0,0,0,6,0,0,26,165,,,,0.0,0.26,1.16,0.97,5.04,51,84,108
156,a,,,3.8,808,253.0,0,0.0,-2,2.0,0.2,406,149.0,0,0,0.0,533.0,195.0,0,0,0.0,394.0,154.0,0.0,0.0,0.0,12268,9,17267,9,-0.5,0.0,0.0,0.0,0.0,0.0,0.0,0.0,0.0,0.0,0.0,523.0,195.0,0.0,509.0,195.0,0.0,478.0,189.0,0.0,525.0,195.0,,,,30,,Charlie,Tasker,Tasker,,,0,0,0,0,0,0,0,0,0,0,0,0,0,,,,0.0,0.0,0.0,0.0,0.0,0,0,0
157,d,75.0,75.0,6.1,83,54.0,0,0.0,-4,4.0,1.8,145,49.0,50,0,2.6,261.0,113.0,2,184,1.2,234.0,102.0,0.2,8.2,0.0,281037,9,858042,302,0.5,0.9,3.17,2.12,5.29,18.83,0.2,0.14,0.34,1.2,222.2,251.0,106.0,362.3,69.0,53.0,305.0,80.0,48.0,88.6,115.0,67.0,,,,30,,Mitoma,Kaoru,Mitoma,Ankle injury - 75% chance of playing,,1408,2,1,4,16,0,0,0,3,0,0,16,80,,,,0.0,0.26,1.02,1.02,5.11,12,21,47
158,a,100.0,100.0,5.6,130,81.0,0,0.0,-4,4.0,0.3,308,105.0,69,0,2.9,210.0,87.0,2,232,1.0,255.0,115.0,0.2,12.3,0.0,131246,20,254148,55,0.5,1.0,2.26,2.2,4.46,19.66,0.13,0.12,0.25,1.11,263.6,218.0,94.0,291.5,105.0,76.0,368.0,58.0,36.0,92.2,104.0,61.0,,,,30,,Georginio,Rutter,Georginio,,,1592,2,4,6,17,1,0,0,2,0,0,19,114,,,,0.0,0.34,0.96,1.07,6.44,26,35,53
160,a,100.0,100.0,5.5,153,96.0,0,0.0,-5,5.0,1.8,147,50.0,94,9,3.6,112.0,53.0,8,361,2.5,131.0,56.0,0.5,17.1,0.0,1925559,528,1878758,118,2.0,2.5,2.93,3.51,6.44,26.54,0.15,0.18,0.33,1.36,371.0,146.0,51.0,498.9,32.0,30.0,498.0,28.0,14.0,137.0,35.0,25.0,,,,30,,Yankuba,Minteh,Minteh,,,1754,2,8,7,26,0,0,0,1,0,0,19,139,,,,0.0,0.36,1.33,0.97,7.13,39,24,76
161,u,0.0,0.0,5.4,173,107.0,0,0.0,-1,1.0,0.0,748,318.0,0,0,0.0,806.0,358.0,0,0,0.0,782.0,342.0,0.0,0.0,0.0,105,0,2960,0,0.0,0.0,0.0,0.0,0.0,0.0,0.0,0.0,0.0,0.0,0.0,805.0,357.0,0.0,804.0,357.0,0.0,802.0,356.0,0.0,805.0,357.0,,,,30,,Julio,Enciso Espínola,Enciso,has joined Strasbourg permanently.,,0,0,0,0,0,0,0,0,0,0,0,0,0,,,,0.0,0.0,0.0,0.0,0.0,0,0,0
162,u,0.0,0.0,5.4,178,111.0,0,0.0,-1,1.0,0.0,595,223.0,35,0,1.9,359.0,155.0,2,114,0.0,784.0,344.0,0.0,6.5,0.0,16799,0,19721,3,0.0,0.0,1.86,0.88,2.74,13.82,0.24,0.11,0.35,1.76,134.4,325.0,146.0,217.1,160.0,108.0,152.0,187.0,103.0,50.0,261.0,134.0,,,,30,,Brajan,Gruda,Gruda,has joined Leipzig on loan for the rest of the season.,,708,1,1,2,11,0,0,0,2,0,0,8,58,,,,0.0,0.25,1.4,1.02,7.37,14,4,40
163,a,100.0,100.0,5.1,242,147.0,0,0.0,-4,4.0,0.1,579,215.0,53,3,2.8,226.0,93.0,2,190,4.0,57.0,25.0,0.8,10.4,0.0,10353,18,17338,7,3.5,4.0,2.18,0.78,2.96,20.24,0.18,0.06,0.24,1.67,172.6,289.0,127.0,149.9,206.0,133.0,208.0,122.0,73.0,52.7,247.0,126.0,,,,30,,Jack,Hinshelwood,Hinshelwood,,,1088,1,4,3,16,1,0,0,0,0,0,12,87,,,,0.0,0.25,1.32,0.99,7.2,13,29,45
164,a,100.0,100.0,5.5,143,89.0,0,0.0,0,0.0,0.3,300,102.0,14,1,3.5,127.0,61.0,2,42,0.2,363.0,164.0,0.0,2.5,0.0,132036,7,199672,10,-0.3,0.2,1.21,0.18,1.39,2.41,0.59,0.09,0.68,1.17,61.6,401.0,176.0,67.4,311.0,174.0,63.0,304.0,164.0,19.2,376.0,177.0,5.0,,3.0,30,,Matt,O'Riley,O'Riley,,,186,1,0,1,2,0,0,0,0,0,0,2,9,,,,0.0,0.48,0.97,0.97,4.35,4,3,2
165,u,0.0,0.0,5.4,179,112.0,0,0.0,-1,1.0,0.0,735,309.0,0,0,0.0,807.0,359.0,0,0,0.0,785.0,345.0,0.0,0.0,0.0,247,0,2246,0,0.0,0.0,0.0,0.0,0.0,0.0,0.0,0.0,0.0,0.0,0.0,806.0,358.0,0.0,805.0,358.0,0.0,803.0,357.0,0.0,806.0,358.0,,,,30,,Abdallah,Sima,Sima,has joined Lens permanently.,,0,0,0,0,0,0,0,0,0,0,0,0,0,,,,0.0,0.0,0.0,0.0,0.0,0,0,0
166,a,100.0,100.0,4.8,370,231.0,0,0.0,-2,2.0,0.4,274,95.0,84,1,3.7,96.0,45.0,7,351,0.2,351.0,156.0,0.0,17.5,0.0,200746,46,179642,101,-0.3,0.2,2.54,1.07,3.61,24.69,0.13,0.06,0.19,1.3,311.4,186.0,76.0,215.1,162.0,110.0,206.0,127.0,75.0,73.4,161.0,83.0,,2.0,,30,,Yasin,Ayari,Ayari,,,1713,3,3,5,21,0,0,0,1,0,0,18,202,,,,0.0,0.26,1.1,0.95,10.61,43,47,112
167,a,100.0,100.0,4.5,457,277.0,0,0.0,-5,5.0,1.5,158,54.0,40,0,1.7,384.0,163.0,0,152,1.0,243.0,106.0,0.2,8.9,0.0,201468,93,549918,177,0.5,1.0,0.56,0.28,0.84,16.92,0.04,0.02,0.06,1.21,99.4,359.0,160.0,92.8,279.0,166.0,29.0,364.0,187.0,22.1,365.0,174.0,,,,30,,Carlos,Baleba,Baleba,,,1261,0,0,4,17,0,0,0,5,0,0,19,152,,,,0.0,0.29,1.21,1.36,10.85,28,50,74
169,a,100.0,100.0,4.9,337,208.0,0,0.0,-1,1.0,0.4,291,100.0,83,4,3.1,176.0,75.0,9,330,6.0,11.0,3.0,1.2,16.9,0.0,105126,1149,73361,104,5.5,6.0,4.92,1.33,6.25,25.76,0.24,0.07,0.31,1.26,406.0,122.0,41.0,296.4,102.0,75.0,369.0,57.0,35.0,107.3,78.0,48.0,,5.0,,30,,Diego,Gómez Amarilla,Gomez,,,1838,5,0,7,24,0,0,0,8,0,0,22,199,,,,0.0,0.34,1.18,1.08,9.74,70,42,87
170,a,100.0,100.0,4.9,286,178.0,0,0.0,-1,1.0,0.1,463,156.0,32,3,1.8,375.0,161.0,0,142,2.0,165.0,68.0,0.4,6.5,0.0,18906,12,23622,12,1.5,2.0,0.96,0.64,1.6,10.4,0.14,0.09,0.23,1.46,127.6,331.0,150.0,135.2,218.0,142.0,54.0,322.0,169.0,31.5,330.0,161.0,,,1.0,30,,James,Milner,Milner,,,639,1,1,2,13,0,0,0,2,0,0,5,66,,,,0.0,0.28,1.83,0.7,9.3,12,18,36
171,u,0.0,0.0,4.9,327,203.0,0,0.0,-1,1.0,0.0,710,292.0,0,0,0.0,778.0,339.0,0,0,0.0,728.0,306.0,0.0,0.0,0.0,197,0,2966,0,0.0,0.0,0.0,0.0,0.0,0.0,0.0,0.0,0.0,0.0,0.0,777.0,338.0,0.0,773.0,338.0,0.0,769.0,336.0,0.0,777.0,338.0,,,,30,,Jeremy,Sarmiento Morante,Sarmiento,has joined Middlesbrough on loan for the rest of the season.,,0,0,0,0,0,0,0,0,0,0,0,0,0,,,,0.0,0.0,0.0,0.0,0.0,0,0,0
172,u,0.0,0.0,4.8,372,233.0,0,0.0,-2,2.0,0.0,648,257.0,5,0,0.8,510.0,239.0,0,15,0.0,705.0,289.0,0.0,1.0,0.0,2397,0,4218,0,0.0,0.0,0.04,0.03,0.07,1.72,0.06,0.05,0.11,2.72,6.0,474.0,214.0,2.4,456.0,219.0,7.0,426.0,204.0,1.6,473.0,215.0,,,,30,,Tom,Watson,Watson,has joined Millwall on loan for the rest of the season.,,57,0,0,0,2,0,0,0,1,0,0,0,5,,,,0.0,0.0,3.16,0.0,7.89,1,0,4
173,a,100.0,100.0,4.9,331,206.0,0,0.0,-1,1.0,0.1,445,150.0,70,5,3.5,120.0,56.0,3,308,3.0,93.0,40.0,0.6,14.3,0.0,80021,14,78155,5,2.5,3.0,1.5,1.78,3.28,18.84,0.09,0.11,0.2,1.15,364.2,152.0,54.0,260.6,123.0,85.0,170.0,167.0,91.0,79.6,140.0,77.0,,,,30,,Mats,Wieffer,Wieffer,,,1479,0,4,5,19,0,0,0,6,0,0,17,232,,,,0.0,0.3,1.16,1.03,14.12,56,90,86
174,u,0.0,0.0,5.0,282,175.0,0,0.0,0,0.0,0.0,776,336.0,0,0,0.0,797.0,353.0,0,0,0.0,754.0,324.0,0.0,0.0,0.0,0,0,1266,0,0.0,0.0,0.0,0.0,0.0,0.0,0.0,0.0,0.0,0.0,0.0,796.0,352.0,0.0,794.0,352.0,0.0,790.0,350.0,0.0,796.0,352.0,,,,30,,Malick,Yalcouyé,Yalcouye,Has joined Swansea City on loan for the rest of the season.,,0,0,0,0,0,0,0,0,0,0,0,0,0,,,,0.0,0.0,0.0,0.0,0.0,0,0,0
175,u,0.0,0.0,4.4,562,337.0,0,0.0,-1,1.0,0.1,536,196.0,1,0,1.0,470.0,208.0,0,3,0.0,589.0,204.0,0.0,0.2,0.0,11030,0,15056,4,0.0,0.0,0.0,0.0,0.0,0.0,0.0,0.0,0.0,0.0,0.0,675.0,259.0,0.0,671.0,263.0,0.0,651.0,254.0,0.0,677.0,261.0,,,,30,,Joe,Knight,Knight,has joined Stevenage permanently.,,1,0,0,0,0,0,0,0,0,0,0,0,0,,,,0.0,0.0,0.0,0.0,0.0,0,0,0
176,u,0.0,0.0,4.5,461,281.0,0,0.0,0,0.0,0.0,689,281.0,0,0,0.0,721.0,296.0,0,0,0.0,637.0,238.0,0.0,0.0,0.0,1435,0,4597,0,0.0,0.0,0.0,0.0,0.0,0.0,0.0,0.0,0.0,0.0,0.0,716.0,291.0,0.0,712.0,293.0,0.0,696.0,286.0,0.0,717.0,292.0,,,,30,,Adrian,Mazilu,Mazilu,has joined Dinamo Bucharest permanently.,,0,0,0,0,0,0,0,0,0,0,0,0,0,,,,0.0,0.0,0.0,0.0,0.0,0,0,0
177,u,0.0,0.0,4.5,451,271.0,0,0.0,0,0.0,0.0,706,289.0,0,0,0.0,713.0,288.0,0,0,0.0,629.0,230.0,0.0,0.0,0.0,490,0,5107,1,0.0,0.0,0.0,0.0,0.0,0.0,0.0,0.0,0.0,0.0,0.0,708.0,283.0,0.0,704.0,285.0,0.0,688.0,278.0,0.0,709.0,284.0,,,,30,,Andrew,Moran,Moran,Has joined Los Angeles FC on loan for the rest of the season.,,0,0,0,0,0,0,0,0,0,0,0,0,0,,,,0.0,0.0,0.0,0.0,0.0,0,0,0
178,a,100.0,100.0,6.1,80,25.0,0,0.0,-4,4.0,3.9,94,16.0,94,2,3.2,163.0,14.0,14,365,5.2,23.0,2.0,0.9,15.4,0.0,2068478,1770,2161925,631,4.7,5.2,9.21,1.15,10.36,24.64,0.48,0.06,0.54,1.28,419.4,112.0,9.0,251.2,130.0,9.0,501.0,27.0,14.0,116.5,62.0,12.0,,4.0,2.0,30,,Danny,Welbeck,Welbeck,,,1735,10,0,7,21,0,0,2,4,0,0,19,84,,,,0.0,0.36,1.09,0.99,4.36,20,28,36
179,u,0.0,0.0,5.5,151,37.0,0,0.0,0,0.0,0.0,758,92.0,0,0,0.0,811.0,89.0,0,0,0.0,790.0,83.0,0.0,0.0,0.0,0,0,1560,0,0.0,0.0,0.0,0.0,0.0,0.0,0.0,0.0,0.0,0.0,0.0,810.0,89.0,0.0,809.0,89.0,0.0,807.0,89.0,0.0,810.0,89.0,,,,30,,Evan,Ferguson,Ferguson,Has joined AS Roma on loan for the rest of the season,,0,0,0,0,0,0,0,0,0,0,0,0,0,,,,0.0,0.0,0.0,0.0,0.0,0,0,0
180,i,0.0,0.0,5.2,220,51.0,0,0.0,-3,3.0,0.1,529,74.0,16,0,1.8,377.0,43.0,0,55,0.0,767.0,81.0,0.0,3.1,0.0,13254,6,23239,2,0.0,0.0,0.44,0.11,0.55,2.59,0.3,0.08,0.38,1.77,66.6,395.0,42.0,65.7,315.0,34.0,44.0,334.0,52.0,17.7,384.0,46.0,,,,30,,Stefanos,Tzimas,Tzimas,Knee injury - Expected back 01 Jun,,132,1,1,0,2,0,0,0,0,0,0,1,15,,,,0.0,0.0,1.36,0.68,10.23,3,2,10
181,a,,,4.8,374,64.0,0,0.0,-2,2.0,0.3,297,46.0,30,0,1.9,349.0,39.0,3,117,0.0,706.0,74.0,0.0,6.2,0.0,55714,20,76200,59,-0.5,0.0,1.7,0.23,1.93,4.62,0.52,0.07,0.59,1.42,129.6,330.0,31.0,80.0,298.0,33.0,192.0,145.0,36.0,40.1,296.0,34.0,,,,30,,Charalampos,Kostoulas,Kostoulas,,,292,2,1,1,7,0,0,0,2,0,0,2,38,,,,0.0,0.31,2.16,0.62,11.71,11,5,22
744,a,,,4.5,466,284.0,0,0.0,0,0.0,0.0,719,298.0,1,0,1.0,477.0,214.0,0,3,0.0,641.0,241.0,0.0,0.2,0.0,2854,0,2089,5,-0.5,0.0,0.0,0.0,0.0,0.0,0.0,0.0,0.0,0.0,0.0,720.0,294.0,0.0,715.0,295.0,0.0,700.0,289.0,0.0,721.0,295.0,,,,30,,Nehemiah,Oriola,Oriola,,,1,0,0,0,0,0,0,0,0,0,0,0,0,,,,0.0,0.0,0.0,0.0,0.0,0,0,0
761,a,,,4.0,729,202.0,0,0.0,0,0.0,0.0,700,245.0,0,0,0.0,627.0,240.0,0,0,0.0,496.0,205.0,0.0,0.0,0.0,1041,3,778,3,-0.5,0.0,0.0,0.0,0.0,0.0,0.0,0.0,0.0,0.0,0.0,617.0,240.0,0.0,609.0,240.0,0.0,581.0,237.0,0.0,619.0,240.0,,,,30,,Freddie,Simmonds,Simmonds,,,0,0,0,0,0,0,0,0,0,0,0,0,0,,,,0.0,0.0,0.0,0.0,0.0,0,0,0
783,a,,,5.5,134,83.0,0,0.0,0,0.0,0.1,489,174.0,41,8,3.7,100.0,47.0,4,209,4.5,43.0,18.0,0.8,7.5,0.0,23041,171,11577,34,4.0,4.5,0.78,2.13,2.91,11.29,0.08,0.21,0.29,1.11,221.0,252.0,107.0,336.4,79.0,60.0,109.0,232.0,130.0,66.6,189.0,96.0,1.0,,,30,,Pascal,Groß,Groß,,,916,1,2,3,7,0,0,0,2,0,0,10,91,,,,0.0,0.29,0.69,0.98,8.94,18,29,44
795,a,,,4.5,490,303.0,0,0.0,0,0.0,0.0,772,332.0,4,0,1.3,431.0,192.0,0,11,0.2,346.0,152.0,0.0,0.9,0.0,782,0,287,1,-0.3,0.2,0.0,0.03,0.03,1.04,0.0,0.03,0.03,1.02,10.2,463.0,207.0,5.1,443.0,214.0,2.0,451.0,221.0,1.8,470.0,213.0,,,,30,,Harry,Howell,Howell,,,92,0,0,0,2,0,0,0,0,0,0,1,7,,,,0.0,0.0,1.96,0.98,6.85,1,3,3
220,a,100.0,100.0,4.8,356,13.0,0,0.0,-2,2.0,13.2,25,3.0,100,3,3.6,109.0,14.0,7,449,1.8,175.0,16.0,0.4,20.8,0.0,1689501,765,2910988,1234,2.3,2.3,0.0,0.04,0.04,37.14,0.0,0.0,0.0,1.37,643.0,31.0,9.0,50.0,343.0,1.0,0.0,751.0,84.0,68.9,180.0,6.0,,,,30,,Robert,Lynch Sánchez,Sánchez,,,2434,0,1,9,33,0,0,0,3,1,75,28,89,,,,2.77,0.33,1.22,1.04,0.0,2,23,241
221,a,100.0,100.0,4.3,606,29.0,0,0.0,-2,2.0,0.2,393,56.0,6,0,2.0,330.0,30.0,0,35,0.8,269.0,19.0,0.2,1.4,0.0,16283,20,27321,30,1.3,1.3,0.0,0.0,0.0,3.56,0.0,0.0,0.0,1.21,59.6,402.0,30.0,0.0,639.0,81.0,0.0,616.0,70.0,5.9,440.0,30.0,,,,30,,Filip,Jörgensen,Jörgensen,,,264,0,0,0,4,0,0,0,0,0,6,2,7,,,,2.05,0.0,1.36,0.68,0.0,0,3,23
222,u,0.0,0.0,4.0,714,64.0,0,0.0,0,0.0,0.0,800,91.0,0,0,0.0,614.0,83.0,0,0,0.0,482.0,76.0,0.0,0.0,0.0,0,0,341,0,0.0,0.0,0.0,0.0,0.0,0.0,0.0,0.0,0.0,0.0,0.0,604.0,83.0,0.0,596.0,71.0,0.0,568.0,58.0,0.0,606.0,83.0,,,,30,,Mike,Penders,Penders,Has joined RC Strasbourg on loan for the rest of the season.,,0,0,0,0,0,0,0,0,0,0,0,0,0,,,,0.0,0.0,0.0,0.0,0.0,0,0,0
223,a,,,3.9,766,82.0,0,0.0,-1,1.0,0.1,461,71.0,0,0,0.0,557.0,52.0,0,0,0.0,421.0,43.0,0.0,0.0,0.0,10095,1,12732,8,0.5,0.5,0.0,0.0,0.0,0.0,0.0,0.0,0.0,0.0,0.0,547.0,52.0,0.0,534.0,35.0,0.0,504.0,22.0,0.0,549.0,52.0,,,,30,,Gabriel,Słonina,Slonina,,,0,0,0,0,0,0,0,0,0,0,0,0,0,,,,0.0,0.0,0.0,0.0,0.0,0,0,0
224,a,100.0,100.0,6.0,88,5.0,0,0.0,0,0.0,13.8,23,8.0,93,2,3.6,113.0,38.0,5,430,0.8,295.0,101.0,0.1,15.5,0.0,2733932,2468,3701193,382,1.3,1.3,1.64,2.94,4.58,29.39,0.07,0.13,0.2,1.33,452.4,87.0,38.0,441.2,41.0,4.0,206.0,130.0,23.0,109.9,73.0,14.0,,,,30,,Marc,Cucurella Saseta,Cucurella,,,1986,1,3,9,22,0,0,0,5,1,0,23,183,,,,0.0,0.41,1.0,1.04,6.62,43,103,88
225,a,100.0,100.0,5.6,127,12.0,0,0.0,1,-1.0,8.5,39,14.0,113,2,4.2,50.0,22.0,11,479,4.0,60.0,22.0,0.7,20.2,0.0,2170057,4304,1904598,620,4.5,4.5,1.01,3.15,4.16,28.25,0.05,0.15,0.2,1.34,446.4,92.0,41.0,480.8,36.0,3.0,109.0,233.0,60.0,103.8,84.0,19.0,2.0,2.0,,30,,Reece,James,James,,,1892,2,6,8,20,0,0,0,4,0,0,20,163,,,,0.0,0.38,0.95,0.95,5.9,47,77,95
226,a,100.0,100.0,5.5,138,16.0,-1,1.0,5,-5.0,18.2,19,7.0,131,2,4.5,33.0,13.0,7,493,1.8,185.0,68.0,0.3,23.8,0.0,4805147,2007,2867531,3432,2.3,2.3,1.29,1.01,2.3,36.16,0.05,0.04,0.09,1.28,673.2,21.0,8.0,96.3,271.0,82.0,154.0,184.0,43.0,92.3,103.0,27.0,,,,30,,Trevoh,Chalobah,Chalobah,,,2550,3,1,9,34,0,0,0,3,1,0,29,281,,,,0.0,0.32,1.2,1.02,8.79,35,214,108
227,i,0.0,0.0,4.7,389,66.0,0,0.0,-3,3.0,0.1,472,171.0,0,0,0.0,762.0,260.0,0,0,0.0,691.0,248.0,0.0,0.0,0.0,1231,5,30697,0,0.0,0.0,0.0,0.0,0.0,0.0,0.0,0.0,0.0,0.0,0.0,761.0,260.0,0.0,756.0,260.0,0.0,747.0,260.0,0.0,761.0,260.0,,,,30,,Levi,Samuels Colwill,Colwill,Anterior cruciate ligament - Unknown return date,,0,0,0,0,0,0,0,0,0,0,0,0,0,,,,0.0,0.0,0.0,0.0,0.0,0,0,0
228,a,100.0,100.0,4.9,333,54.0,0,0.0,-1,1.0,1.9,142,54.0,90,1,3.3,149.0,54.0,7,359,3.2,83.0,31.0,0.7,18.4,0.0,485556,527,480687,233,3.7,3.7,1.46,1.87,3.33,27.52,0.08,0.1,0.18,1.47,352.6,159.0,69.0,308.0,93.0,21.0,168.0,171.0,39.0,82.8,132.0,42.0,,,,30,,Malo,Gusto,Gusto,,,1689,2,3,7,22,0,0,0,2,1,0,19,124,,,,0.0,0.37,1.17,1.01,5.01,42,52,97
229,a,100.0,100.0,4.4,536,112.0,0,0.0,-1,1.0,0.0,635,227.0,7,0,0.9,505.0,174.0,0,48,0.0,569.0,236.0,0.0,1.6,0.0,8942,5,9234,8,0.5,0.5,0.0,0.06,0.06,7.41,0.0,0.01,0.01,1.42,102.8,353.0,134.0,7.9,434.0,156.0,2.0,447.0,168.0,11.4,414.0,148.0,,,,30,,Benoît,Badiashile Mukinayi,B.Badiashile,,,470,0,0,0,10,0,0,0,2,0,0,6,51,,,,0.0,0.0,1.91,1.15,9.19,7,41,16
230,a,100.0,100.0,4.4,540,115.0,0,0.0,-1,1.0,0.3,296,111.0,53,3,2.9,200.0,77.0,3,246,1.0,240.0,89.0,0.2,12.0,0.0,112419,72,105038,39,1.5,1.5,0.55,0.57,1.12,17.15,0.04,0.04,0.08,1.31,346.6,161.0,70.0,49.8,345.0,120.0,38.0,342.0,112.0,43.4,279.0,92.0,,,,30,,Wesley,Fofana,Fofana,,,1182,0,1,4,13,0,0,0,3,1,0,13,156,,,,0.0,0.3,0.99,0.99,11.27,15,133,61
231,a,100.0,100.0,4.5,476,94.0,0,0.0,0,0.0,0.0,665,234.0,2,0,1.0,479.0,172.0,0,1,0.5,306.0,108.0,0.1,0.4,0.0,2688,19,2877,18,1.0,1.0,0.35,0.0,0.35,1.42,0.35,0.0,0.35,1.4,6.2,472.0,171.0,0.1,488.0,177.0,7.0,425.0,162.0,1.3,481.0,170.0,,,,30,,Mamadou,Sarr,M.Sarr,,,91,0,0,0,3,0,0,0,0,0,0,1,8,,,,0.0,0.0,2.97,0.99,7.91,1,7,2
232,a,100.0,100.0,4.0,667,162.0,0,0.0,-5,5.0,0.3,340,125.0,33,0,2.4,279.0,106.0,2,122,0.8,264.0,93.0,0.2,8.2,0.0,107353,21,221764,32,1.3,1.3,0.11,0.4,0.5,11.89,0.01,0.05,0.06,1.46,226.2,247.0,96.0,32.0,374.0,132.0,19.0,384.0,136.0,27.8,345.0,117.0,,,,30,,Tosin,Adarabioyo,Tosin,,,731,0,0,2,12,0,0,0,2,0,0,7,106,,,,0.0,0.25,1.48,0.86,11.33,13,79,18
233,a,100.0,100.0,3.7,820,264.0,0,0.0,-3,3.0,1.7,150,57.0,33,0,2.8,214.0,82.0,5,98,0.2,328.0,111.0,0.1,8.9,0.0,589349,309,492756,533,0.7,0.7,0.6,0.13,0.73,13.91,0.1,0.02,0.12,2.21,125.2,332.0,126.0,39.2,360.0,127.0,66.0,297.0,87.0,23.1,361.0,123.0,,,,30,,Josh,Acheampong,Acheampong,,,567,1,0,2,12,0,0,0,1,0,0,7,56,,,,0.0,0.32,1.9,1.11,6.35,9,31,23
234,u,0.0,0.0,4.0,735,208.0,0,0.0,0,0.0,0.1,576,206.0,0,0,0.0,631.0,244.0,0,0,0.0,500.0,209.0,0.0,0.0,0.0,1262,0,10213,1,0.0,0.0,0.0,0.0,0.0,0.0,0.0,0.0,0.0,0.0,0.0,621.0,244.0,0.0,613.0,244.0,0.0,585.0,241.0,0.0,623.0,244.0,,,,30,,Aarón,Anselmino,Anselmino,has joined Strasbourg on loan for the rest of the season.,,0,0,0,0,0,0,0,0,0,0,0,0,0,,,,0.0,0.0,0.0,0.0,0.0,0,0,0
235,a,100.0,100.0,10.6,3,2.0,0,0.0,1,-1.0,16.5,20,7.0,94,2,4.9,17.0,10.0,9,340,3.8,67.0,31.0,0.4,8.9,0.0,2576897,4064,7281583,2430,4.3,4.3,8.59,1.8,10.39,21.26,0.58,0.12,0.7,1.44,450.0,90.0,31.0,287.6,108.0,77.0,429.0,40.0,23.0,116.5,63.0,41.0,,3.0,1.0,30,,Cole,Palmer,Palmer,,,1326,9,2,3,19,0,0,0,4,0,0,17,100,,,,0.0,0.2,1.29,1.15,6.79,18,21,61
236,a,100.0,0.0,7.0,36,21.0,0,0.0,0,0.0,4.1,89,30.0,106,0,3.8,90.0,43.0,8,454,1.8,190.0,81.0,0.3,15.1,0.0,1932913,116,1986944,1582,2.3,0.0,4.27,5.64,9.91,28.79,0.18,0.24,0.42,1.21,442.8,96.0,32.0,684.0,11.0,11.0,427.0,42.0,25.0,155.6,23.0,19.0,1.0,4.0,,30,,Pedro,Lomba Neto,Neto,,,2138,5,5,11,21,0,0,0,2,1,0,24,103,,,,0.0,0.46,0.88,1.01,4.34,15,17,71
237,a,100.0,100.0,6.6,49,31.0,0,0.0,1,-1.0,15.5,21,8.0,127,2,4.4,40.0,19.0,14,564,2.2,154.0,66.0,0.3,19.2,0.0,5451810,2572,4207639,2950,2.7,2.7,10.02,5.79,15.81,35.12,0.36,0.21,0.57,1.27,660.6,26.0,7.0,782.7,4.0,4.0,618.0,20.0,8.0,206.2,4.0,3.0,3.0,1.0,2.0,30,,Enzo,Fernández,Enzo,,,2487,8,4,8,32,0,0,0,8,0,0,28,205,,,,0.0,0.29,1.16,1.01,7.42,48,43,114
238,d,50.0,0.0,6.4,62,41.0,0,0.0,-1,1.0,1.7,149,52.0,55,0,2.9,212.0,89.0,4,169,0.0,809.0,363.0,0.0,8.6,0.0,852279,10,906372,359,0.2,0.0,2.82,2.12,4.94,8.13,0.34,0.26,0.6,0.99,177.2,287.0,126.0,218.3,156.0,104.0,283.0,88.0,55.0,67.7,182.0,93.0,,,3.0,30,,Estêvão,Almeida de Oliveira Gonçalves,Estêvão,Hamstring injury - 50% chance of playing,,738,2,5,4,8,0,0,0,3,0,0,10,51,,,,0.0,0.49,0.98,1.22,6.22,10,8,33
239,a,100.0,100.0,6.0,89,56.0,0,0.0,-5,5.0,0.1,479,168.0,25,0,1.6,401.0,175.0,0,99,0.0,801.0,358.0,0.0,4.2,0.0,17169,10,41931,3,0.5,0.5,0.81,0.94,1.75,8.89,0.15,0.17,0.32,1.65,93.0,369.0,162.0,130.4,221.0,143.0,91.0,260.0,142.0,31.3,332.0,162.0,,,,30,,Jamie,Bynoe-Gittens,Gittens,,,486,0,2,1,7,0,0,0,0,0,0,5,29,,,,0.0,0.19,1.3,0.93,5.37,8,6,15
240,u,0.0,0.0,5.9,96,62.0,0,0.0,-1,1.0,0.1,520,188.0,0,0,0.0,812.0,363.0,0,0,0.0,796.0,354.0,0.0,0.0,0.0,2668,0,23752,1,0.0,0.0,0.0,0.0,0.0,0.0,0.0,0.0,0.0,0.0,0.0,812.0,363.0,0.0,812.0,363.0,0.0,811.0,363.0,0.0,812.0,363.0,,,,30,,Christopher,Nkunku,Nkunku,has joined AC Milan permanently.,,0,0,0,0,0,0,0,0,0,0,0,0,0,,,,0.0,0.0,0.0,0.0,0.0,0,0,0
241,a,100.0,100.0,5.7,119,75.0,0,0.0,2,-2.0,7.6,52,18.0,94,1,3.8,87.0,40.0,10,469,2.2,150.0,63.0,0.4,16.5,0.0,3256180,465,3204340,728,2.7,2.7,1.21,1.99,3.2,31.09,0.05,0.09,0.14,1.33,484.0,78.0,23.0,302.3,96.0,72.0,104.0,245.0,135.0,88.9,112.0,64.0,,,,30,,Moisés,Caicedo Corozo,Caicedo,,,2104,3,1,6,30,0,0,0,9,1,0,24,295,,,,0.0,0.26,1.28,1.03,12.62,73,86,136
244,a,100.0,100.0,4.9,338,209.0,0,0.0,-1,1.0,0.0,694,282.0,7,1,1.0,491.0,225.0,0,34,0.8,284.0,129.0,0.2,1.4,0.0,2839,3,4664,3,1.3,1.3,0.0,0.09,0.09,3.42,0.0,0.05,0.05,1.88,12.8,457.0,204.0,16.3,403.0,201.0,2.0,454.0,223.0,3.0,463.0,209.0,,,,30,,Roméo,Lavia,Lavia,,,164,0,0,0,3,0,0,0,0,0,0,1,16,,,,0.0,0.0,1.65,0.55,8.78,2,7,7
245,s,0.0,0.0,4.9,330,205.0,0,0.0,-1,1.0,0.0,747,317.0,0,0,0.0,780.0,340.0,0,0,0.0,730.0,307.0,0.0,0.0,0.0,1017,1,1305,0,0.0,0.0,0.0,0.0,0.0,0.0,0.0,0.0,0.0,0.0,0.0,779.0,339.0,0.0,775.0,339.0,0.0,771.0,337.0,0.0,779.0,339.0,,,,30,,Mykhailo,Mudryk,Mudryk,Suspended - unknown return date,,0,0,0,0,0,0,0,0,0,0,0,0,0,,,,0.0,0.0,0.0,0.0,0.0,0,0,0
246,a,100.0,100.0,4.5,456,276.0,0,0.0,0,0.0,0.3,319,109.0,31,0,1.4,420.0,186.0,0,171,1.2,221.0,95.0,0.3,6.9,0.0,77006,21,83718,50,1.7,1.7,1.7,0.79,2.49,14.4,0.16,0.07,0.23,1.34,150.4,312.0,140.0,125.9,229.0,147.0,61.0,310.0,167.0,33.7,323.0,158.0,,,,30,,Andrey,Nascimento dos Santos,Andrey Santos,,,964,0,0,1,12,0,0,0,4,0,0,10,104,,,,0.0,0.09,1.12,0.93,9.71,27,39,38
248,u,0.0,0.0,4.5,497,308.0,0,0.0,0,0.0,0.0,784,342.0,0,0,0.0,745.0,314.0,0,0,0.0,668.0,263.0,0.0,0.0,0.0,0,0,950,0,0.0,0.0,0.0,0.0,0.0,0.0,0.0,0.0,0.0,0.0,0.0,744.0,313.0,0.0,738.0,313.0,0.0,725.0,309.0,0.0,744.0,313.0,,,,30,,Kendry,Páez Andrade,Paez,has joined River Plate on loan for the rest of the season.,,0,0,0,0,0,0,0,0,0,0,0,0,0,,,,0.0,0.0,0.0,0.0,0.0,0,0,0
249,a,,,7.7,19,6.0,0,0.0,2,-2.0,49.3,3,2.0,162,2,5.4,9.0,2.0,28,656,7.5,2.0,1.0,1.0,21.0,0.0,8169157,12326,8594253,1633,8.0,8.0,13.41,1.73,15.14,29.88,0.54,0.07,0.61,1.21,715.4,13.0,3.0,421.1,46.0,2.0,795.0,4.0,3.0,192.7,7.0,3.0,,,,30,,João Pedro,Junqueira de Jesus,João Pedro,,,2230,14,9,10,24,0,0,0,4,0,0,26,123,,,,0.0,0.4,0.97,1.05,4.96,24,36,63
250,a,100.0,100.0,6.2,76,24.0,0,0.0,-3,3.0,0.9,199,30.0,37,1,1.8,379.0,45.0,1,113,1.0,257.0,32.0,0.2,6.0,0.0,109355,32,466548,53,1.5,1.5,3.99,0.18,4.16,11.26,0.47,0.02,0.49,1.31,65.0,397.0,43.0,56.2,333.0,38.0,311.0,77.0,26.0,42.3,286.0,33.0,,,,30,,Liam,Delap,Delap,,,772,1,2,2,13,0,0,0,2,0,0,9,32,,,,0.0,0.23,1.52,1.05,3.73,4,10,18
251,u,0.0,0.0,6.5,54,19.0,0,0.0,0,0.0,0.1,532,75.0,0,0,0.0,818.0,92.0,0,0,0.0,811.0,89.0,0.0,0.0,0.0,4962,0,15362,1,0.0,0.0,0.0,0.0,0.0,0.0,0.0,0.0,0.0,0.0,0.0,818.0,92.0,0.0,818.0,92.0,0.0,818.0,92.0,0.0,818.0,92.0,,,,30,,Nicolas,Jackson,N.Jackson,has joined Bayern Munich on loan for the rest of the season.,,0,0,0,0,0,0,0,0,0,0,0,0,0,,,,0.0,0.0,0.0,0.0,0.0,0,0,0
252,a,100.0,100.0,4.1,659,92.0,0,0.0,-4,4.0,5.6,65,13.0,12,0,1.3,427.0,52.0,0,19,0.0,510.0,48.0,0.0,2.9,0.0,1223810,328,2744894,715,0.5,0.5,1.46,0.29,1.75,5.65,0.53,0.11,0.64,2.06,24.6,442.0,52.0,38.8,362.0,45.0,81.0,276.0,49.0,12.6,407.0,52.0,,,,30,,Marc,Guiu Paz,Marc Guiu,,,247,0,1,0,2,0,0,0,1,0,0,1,7,,,,0.0,0.0,0.73,0.36,2.55,0,4,3
453,a,,,6.4,61,40.0,0,0.0,-1,1.0,0.5,264,92.0,51,2,2.7,246.0,103.0,3,201,2.2,153.0,65.0,0.3,8.0,0.0,240953,120,230356,64,2.7,2.7,3.09,3.54,6.63,18.36,0.26,0.3,0.56,1.54,195.8,270.0,114.0,359.1,71.0,55.0,344.0,68.0,39.0,88.9,113.0,65.0,,,,30,,Alejandro,Garnacho Ferreyra,Garnacho,,,1073,1,4,4,14,0,0,0,1,0,0,14,58,,,,0.0,0.34,1.17,1.17,4.86,13,8,37
672,a,100.0,100.0,4.6,404,71.0,0,0.0,-4,4.0,0.2,388,146.0,11,1,0.7,515.0,178.0,0,35,0.8,274.0,98.0,0.2,2.4,0.0,17657,26,40584,21,1.3,1.3,0.3,0.42,0.72,8.94,0.05,0.07,0.12,1.47,98.0,364.0,140.0,68.9,309.0,103.0,24.0,374.0,130.0,19.1,378.0,134.0,,,,30,,Jorrel,Hato,Hato,,,548,0,0,0,13,0,0,0,4,0,0,5,54,,,,0.0,0.0,2.14,0.82,8.05,18,31,20
270,a,100.0,100.0,4.7,376,235.0,0,0.0,-3,3.0,0.1,471,163.0,39,0,1.5,408.0,179.0,0,187,0.5,307.0,138.0,0.1,8.3,0.0,21484,3,25017,20,0.0,0.5,1.11,1.66,2.77,19.08,0.08,0.12,0.2,1.39,162.2,303.0,136.0,285.8,110.0,79.0,86.0,267.0,145.0,53.5,242.0,122.0,1.0,,,30,,Will,Hughes,Hughes,,,1231,0,1,5,13,0,0,0,6,0,0,14,121,,,,0.0,0.37,0.95,1.02,8.85,24,43,54
271,a,100.0,100.0,5.0,251,152.0,0,0.0,0,0.0,0.1,526,190.0,52,0,2.7,236.0,96.0,0,250,1.0,248.0,110.0,0.2,10.4,0.0,43994,7,43032,9,0.0,1.0,1.42,2.07,3.49,18.25,0.09,0.13,0.22,1.12,177.2,286.0,125.0,243.2,136.0,93.0,136.0,204.0,115.0,55.8,229.0,113.0,,,,30,,Daichi,Kamada,Kamada,,,1469,0,2,6,17,0,0,0,2,0,0,17,159,,,,0.0,0.37,1.04,1.04,9.74,48,29,82
272,a,100.0,100.0,4.9,291,180.0,0,0.0,-1,1.0,0.1,548,199.0,51,0,2.2,312.0,135.0,3,205,0.0,709.0,291.0,0.0,10.4,0.0,12045,2,14734,8,0.0,0.0,1.01,0.91,1.92,14.61,0.08,0.07,0.15,1.14,215.6,260.0,108.0,152.9,204.0,131.0,174.0,163.0,89.0,54.3,234.0,116.0,,,,30,,Jefferson,Lerma Solís,Lerma,,,1156,0,4,5,15,1,0,0,6,0,0,12,147,,,,0.0,0.39,1.17,0.93,11.44,18,64,65
273,a,100.0,100.0,5.0,271,165.0,0,0.0,0,0.0,0.7,223,78.0,90,0,3.5,121.0,57.0,6,412,3.5,74.0,34.0,0.7,18.0,0.0,176793,117,173417,209,0.0,3.5,1.25,5.91,7.15,33.36,0.05,0.25,0.3,1.41,379.6,140.0,47.0,537.3,25.0,24.0,147.0,193.0,107.0,106.6,80.0,50.0,3.0,,,30,,Adam,Wharton,Wharton,,,2135,0,6,8,33,0,0,0,4,1,0,26,249,,,,0.0,0.34,1.39,1.1,10.5,60,58,131
274,a,,,4.3,615,360.0,0,0.0,-2,2.0,0.1,477,167.0,0,0,0.0,659.0,252.0,0,0,0.0,555.0,184.0,0.0,0.0,0.0,14674,16,10785,40,0.0,0.0,0.0,0.0,0.0,0.0,0.0,0.0,0.0,0.0,0.0,649.0,242.0,0.0,645.0,247.0,0.0,622.0,236.0,0.0,651.0,244.0,,,,30,,Asher,Agbinone,Agbinone,,,0,0,0,0,0,0,0,0,0,0,0,0,0,,,,0.0,0.0,0.0,0.0,0.0,0,0,0
275,u,0.0,0.0,4.3,593,348.0,0,0.0,-2,2.0,0.0,623,242.0,0,0,0.0,648.0,243.0,0,0,0.0,537.0,172.0,0.0,0.0,0.0,5497,0,7754,3,0.0,0.0,0.0,0.0,0.0,0.0,0.0,0.0,0.0,0.0,0.0,638.0,233.0,0.0,633.0,238.0,0.0,609.0,226.0,0.0,640.0,235.0,,,,30,,Naouirou,Ahamada,Ahamada,has joined AJ Auxerre permanently.,,0,0,0,0,0,0,0,0,0,0,0,0,0,,,,0.0,0.0,0.0,0.0,0.0,0,0,0
276,a,100.0,100.0,4.3,597,350.0,0,0.0,-2,2.0,1.3,171,60.0,29,0,1.6,393.0,168.0,0,81,0.0,540.0,174.0,0.0,6.7,0.0,290595,57,335688,320,0.0,0.0,2.38,0.36,2.74,10.05,0.36,0.05,0.41,1.53,86.6,372.0,164.0,94.5,274.0,164.0,164.0,176.0,97.0,34.5,319.0,155.0,,2.0,4.0,30,,Justin,Devenny,Devenny,,,593,1,0,1,10,0,0,0,0,0,0,5,48,,,,0.0,0.15,1.52,0.76,7.28,16,8,24
277,u,0.0,0.0,4.5,432,259.0,0,0.0,0,0.0,0.0,802,355.0,0,0,0.0,702.0,278.0,0,0,0.0,616.0,219.0,0.0,0.0,0.0,0,0,749,0,0.0,0.0,0.0,0.0,0.0,0.0,0.0,0.0,0.0,0.0,0.0,696.0,272.0,0.0,692.0,275.0,0.0,675.0,268.0,0.0,698.0,274.0,,,,30,,Malcolm,Ebiowei,Ebiowei,Has joined Blackpool permanently.,,0,0,0,0,0,0,0,0,0,0,0,0,0,,,,0.0,0.0,0.0,0.0,0.0,0,0,0
278,u,0.0,0.0,4.4,543,325.0,0,0.0,-1,1.0,0.0,652,259.0,0,0,0.0,672.0,259.0,0,0,0.0,574.0,192.0,0.0,0.0,0.0,4359,0,9541,1,0.0,0.0,0.0,0.0,0.0,0.0,0.0,0.0,0.0,0.0,0.0,663.0,250.0,0.0,660.0,255.0,0.0,638.0,244.0,0.0,665.0,252.0,,,,30,,Jesurun,Rak-Sakyi,J.Rak-Sakyi,has joined Stoke City on loan for the rest of the season.,,0,0,0,0,0,0,0,0,0,0,0,0,0,,,,0.0,0.0,0.0,0.0,0.0,0,0,0
279,u,0.0,0.0,4.5,460,280.0,0,0.0,0,0.0,0.0,770,330.0,0,0,0.0,720.0,295.0,0,0,0.0,636.0,237.0,0.0,0.0,0.0,95,0,1648,0,0.0,0.0,0.0,0.0,0.0,0.0,0.0,0.0,0.0,0.0,0.0,715.0,290.0,0.0,711.0,292.0,0.0,695.0,285.0,0.0,716.0,291.0,,,,30,,Matheus,França de Oliveira,M.França,Has joined CR Vasco da Gama on loan for the rest of the season.,,0,0,0,0,0,0,0,0,0,0,0,0,0,,,,0.0,0.0,0.0,0.0,0.0,0,0,0
280,u,0.0,0.0,4.5,455,275.0,0,0.0,0,0.0,0.0,812,361.0,0,0,0.0,717.0,292.0,0,0,0.0,633.0,234.0,0.0,0.0,0.0,0,0,191,0,0.0,0.0,0.0,0.0,0.0,0.0,0.0,0.0,0.0,0.0,0.0,712.0,287.0,0.0,708.0,289.0,0.0,692.0,282.0,0.0,713.0,288.0,,,,30,,David,Ozoh,Ozoh,Has joined Derby County on loan for the rest of the season.,,0,0,0,0,0,0,0,0,0,0,0,0,0,,,,0.0,0.0,0.0,0.0,0.0,0,0,0
281,a,,,4.4,555,333.0,0,0.0,-1,1.0,0.0,584,218.0,1,0,1.0,469.0,207.0,0,2,0.0,582.0,200.0,0.0,0.2,0.0,5880,10,6974,9,0.0,0.0,0.0,0.0,0.0,0.65,0.0,0.0,0.0,19.5,0.0,669.0,256.0,0.1,487.0,236.0,0.0,645.0,251.0,0.0,671.0,258.0,,,,30,,Kaden,Rodney,Rodney,,,3,0,0,0,0,0,0,0,0,0,0,0,0,,,,0.0,0.0,0.0,0.0,0.0,0,0,0
282,u,0.0,0.0,4.5,475,292.0,0,0.0,0,0.0,0.0,708,290.0,0,0,0.0,731.0,304.0,0,0,0.0,650.0,249.0,0.0,0.0,0.0,860,0,3063,1,0.0,0.0,0.0,0.0,0.0,0.0,0.0,0.0,0.0,0.0,0.0,728.0,301.0,0.0,723.0,302.0,0.0,709.0,297.0,0.0,729.0,302.0,,,,30,,Franco,Umeh-Chibueze,Umeh,has joined Portsmouth permanently.,,0,0,0,0,0,0,0,0,0,0,0,0,0,,,,0.0,0.0,0.0,0.0,0.0,0,0,0
283,a,100.0,100.0,7.5,21,8.0,0,0.0,0,0.0,6.5,58,10.0,84,0,3.7,105.0,8.0,9,281,0.0,817.0,91.0,0.0,11.2,0.0,4733387,166,5138184,301,0.0,0.0,11.88,1.26,13.14,26.67,0.56,0.06,0.62,1.26,411.8,116.0,11.0,119.7,235.0,25.0,664.0,14.0,9.0,119.4,54.0,11.0,,,2.0,30,,Jean-Philippe,Mateta,Mateta,,,1904,8,0,8,23,0,0,0,2,0,0,23,110,,,,0.0,0.38,1.09,1.09,5.2,8,51,51
284,i,0.0,0.0,5.4,164,40.0,0,0.0,-1,1.0,0.3,327,53.0,23,0,1.9,357.0,41.0,3,100,0.0,777.0,82.0,0.0,4.3,0.0,124432,1,145965,15,0.0,0.0,1.77,0.46,2.23,9.49,0.38,0.1,0.48,2.06,120.0,340.0,34.0,84.6,291.0,31.0,173.0,166.0,39.0,37.8,305.0,35.0,,,,30,,Eddie,Nketiah,Nketiah,Hamstring injury - Expected back 11 Apr,,414,2,0,0,12,0,0,0,2,0,0,2,38,,,,0.0,0.0,2.61,0.43,8.26,8,13,17
285,u,0.0,0.0,5.0,249,54.0,0,0.0,0,0.0,0.2,369,59.0,1,0,1.0,493.0,60.0,0,6,0.0,740.0,79.0,0.0,0.2,0.0,9044,0,89490,1,0.0,0.0,0.0,0.0,0.0,0.27,0.0,0.0,0.0,12.15,2.0,490.0,57.0,0.0,781.0,87.0,0.0,778.0,87.0,0.2,504.0,62.0,,,,30,,Odsonne,Édouard,Édouard,has joined RC Lens permanently.,,2,0,0,0,0,0,0,0,0,0,0,0,1,,,,0.0,0.0,0.0,0.0,45.0,1,0,0
286,a,,,4.4,563,81.0,0,0.0,-1,1.0,0.3,309,50.0,0,0,0.0,683.0,73.0,0,0,0.0,590.0,61.0,0.0,0.0,0.0,51090,11,58607,45,0.0,0.0,0.0,0.0,0.0,0.0,0.0,0.0,0.0,0.0,0.0,676.0,73.0,0.0,672.0,72.0,0.0,652.0,72.0,0.0,678.0,73.0,,,,30,,Zach,Marsh,Marsh,,,0,0,0,0,0,0,0,0,0,0,0,0,0,,,,0.0,0.0,0.0,0.0,0.0,0,0,0
677,a,100.0,100.0,6.2,77,50.0,0,0.0,-3,3.0,0.1,570,212.0,39,0,2.2,317.0,139.0,0,132,2.2,152.0,64.0,0.4,6.3,0.0,10947,13,13597,35,0.0,2.2,1.52,0.73,2.25,11.62,0.17,0.08,0.25,1.32,154.8,307.0,138.0,72.9,303.0,172.0,167.0,172.0,94.0,39.1,299.0,148.0,,,,30,,Evann,Guessand,Guessand,,,790,1,3,1,15,0,0,0,0,0,0,8,77,,,,0.0,0.11,1.71,0.91,8.77,24,12,41
690,a,100.0,100.0,4.4,567,340.0,0,0.0,-1,1.0,0.3,338,115.0,0,0,0.0,686.0,268.0,0,0,0.0,593.0,206.0,0.0,0.0,0.0,58172,3,55649,10,0.0,0.0,0.0,0.0,0.0,0.0,0.0,0.0,0.0,0.0,0.0,679.0,261.0,0.0,675.0,265.0,0.0,655.0,256.0,0.0,681.0,263.0,,,,30,,Rio,Cardines,Cardines,,,0,0,0,0,0,0,0,0,0,0,0,0,0,,,,0.0,0.0,0.0,0.0,0.0,0,0,0
712,a,100.0,100.0,5.8,109,70.0,0,0.0,-2,2.0,0.2,390,130.0,65,0,2.5,277.0,119.0,3,265,1.0,256.0,116.0,0.2,11.2,0.0,129227,12,112451,77,0.0,1.0,3.94,4.78,8.72,23.97,0.21,0.25,0.46,1.26,271.0,213.0,91.0,573.4,21.0,21.0,318.0,75.0,44.0,116.0,64.0,42.0,2.0,1.0,,30,,Yéremy,Pino Santos,Yeremy,,,1706,2,1,7,20,0,0,0,4,0,0,21,135,,,,0.0,0.37,1.06,1.11,7.12,30,24,81
242,a,100.0,100.0,5.1,228,140.0,0,0.0,1,-1.0,5.0,71,24.0,114,2,5.0,12.0,7.0,14,442,5.2,22.0,10.0,1.0,22.4,0.0,2001226,1867,1901758,654,4.7,4.2,3.11,4.0,7.11,28.2,0.15,0.19,0.34,1.32,442.2,97.0,33.0,434.4,43.0,38.0,309.0,78.0,46.0,118.6,56.0,37.0,2.0,,,30,,Kiernan,Dewsbury-Hall,Dewsbury-Hall,,,1918,6,5,7,25,0,0,0,6,0,0,22,162,,,,0.0,0.33,1.17,1.03,7.6,36,35,91
243,n,0.0,,4.8,373,234.0,0,0.0,-2,2.0,0.1,538,197.0,10,1,1.1,444.0,199.0,0,17,0.8,282.0,127.0,0.2,2.1,0.0,9258,5,10510,13,0.0,-0.2,0.46,0.13,0.59,3.96,0.17,0.05,0.22,1.45,14.6,454.0,203.0,17.2,402.0,200.0,77.0,285.0,155.0,10.5,416.0,190.0,,,,30,,Tyrique,George,George,Ineligible to face his parent club on 21/3. - Expected back 11 Apr,,245,0,0,1,4,0,0,0,2,0,0,1,12,,,,0.0,0.37,1.47,0.37,4.41,2,1,9
287,a,,,5.6,123,2.0,0,0.0,1,-1.0,13.2,27,5.0,119,2,4.0,63.0,5.0,11,472,2.8,109.0,10.0,0.5,21.2,0.0,1639554,3353,1424910,1240,2.3,1.8,0.0,0.15,0.15,43.93,0.0,0.0,0.0,1.46,706.2,14.0,3.0,0.2,482.0,13.0,2.0,458.0,3.0,70.9,172.0,4.0,,,,30,,Jordan,Pickford,Pickford,,,2700,0,0,10,35,0,1,0,2,0,82,30,97,,,,2.73,0.33,1.17,1.0,0.0,2,38,251
288,a,100.0,100.0,4.3,587,28.0,0,0.0,-2,2.0,0.1,452,68.0,0,0,0.0,647.0,89.0,0,0,0.0,535.0,85.0,0.0,0.0,0.0,4651,5,12179,5,-0.5,-1.0,0.0,0.0,0.0,0.0,0.0,0.0,0.0,0.0,0.0,637.0,89.0,0.0,632.0,80.0,0.0,608.0,69.0,0.0,639.0,89.0,,,,30,,Mark,Travers,Travers,,,0,0,0,0,0,0,0,0,0,0,0,0,0,,,,0.0,0.0,0.0,0.0,0.0,0,0,0
289,u,0.0,0.0,3.9,762,80.0,0,0.0,-1,1.0,0.1,495,74.0,0,0,0.0,554.0,50.0,0,0,0.0,418.0,41.0,0.0,0.0,0.0,4633,0,10138,6,0.0,0.0,0.0,0.0,0.0,0.0,0.0,0.0,0.0,0.0,0.0,544.0,50.0,0.0,531.0,33.0,0.0,501.0,20.0,0.0,546.0,50.0,,,,30,,Harry,Tyrer,Tyrer,has joined Cardiff City permanently.,,0,0,0,0,0,0,0,0,0,0,0,0,0,,,,0.0,0.0,0.0,0.0,0.0,0,0,0
298,a,,,3.8,798,243.0,0,0.0,-2,2.0,0.1,420,153.0,0,0,0.0,526.0,188.0,0,0,0.0,384.0,144.0,0.0,0.0,0.0,7885,4,15075,2,-0.5,-1.0,0.0,0.0,0.0,0.0,0.0,0.0,0.0,0.0,0.0,516.0,188.0,0.0,501.0,187.0,0.0,470.0,181.0,0.0,518.0,188.0,,,,30,,Reece,Welch,Welch,,,0,0,0,0,0,0,0,0,0,0,0,0,0,,,,0.0,0.0,0.0,0.0,0.0,0,0,0
299,a,100.0,100.0,6.2,75,49.0,0,0.0,-3,3.0,4.2,87,28.0,102,2,4.2,55.0,23.0,5,426,3.5,77.0,36.0,0.6,16.5,0.0,1757426,892,2543991,425,3.0,2.5,4.89,4.15,9.04,30.37,0.21,0.18,0.39,1.32,478.4,79.0,24.0,372.1,67.0,52.0,401.0,46.0,28.0,125.4,44.0,32.0,,,1.0,30,,Iliman,Ndiaye,Ndiaye,,,2063,5,3,7,29,0,0,0,2,0,0,24,224,,,,0.0,0.31,1.27,1.05,9.77,53,28,143
300,a,,,5.5,145,90.0,0,0.0,-5,5.0,0.1,417,141.0,43,3,2.5,274.0,118.0,1,147,3.5,75.0,35.0,0.6,7.8,0.0,33420,38,64471,10,3.0,2.5,1.07,0.77,1.84,13.95,0.11,0.08,0.19,1.45,113.6,349.0,156.0,164.7,194.0,127.0,111.0,229.0,127.0,39.0,302.0,149.0,,,,30,,Dwight,McNeil,McNeil,,,866,0,3,5,5,0,0,0,1,0,0,10,84,,,,0.0,0.52,0.52,1.04,8.73,18,19,47
301,d,25.0,25.0,5.2,214,132.0,0,0.0,-3,3.0,0.1,522,189.0,26,0,1.6,398.0,172.0,0,111,0.0,764.0,330.0,0.0,5.0,0.0,17074,0,29911,6,-0.1,-0.2,1.04,0.44,1.48,13.03,0.14,0.06,0.2,1.76,83.0,377.0,168.0,144.5,210.0,137.0,156.0,183.0,101.0,38.4,303.0,150.0,,,,30,,Carlos,Alcaraz Durán,Alcaraz,Knock - 25% chance of playing,,667,0,1,3,8,0,0,0,3,0,0,6,64,,,,0.0,0.4,1.08,0.81,8.64,13,10,41
302,a,100.0,100.0,5.4,155,97.0,0,0.0,-1,1.0,0.1,490,175.0,66,4,3.1,179.0,76.0,4,336,2.8,108.0,46.0,0.5,12.2,0.0,24040,23,29146,15,2.3,1.8,1.49,1.0,2.49,26.22,0.08,0.05,0.13,1.34,313.6,183.0,74.0,223.2,154.0,102.0,174.0,164.0,90.0,71.2,171.0,89.0,,,,30,,Idrissa Gana,Gueye,Gana,,,1756,2,1,4,22,0,0,0,1,1,0,21,184,,,,0.0,0.21,1.13,1.08,9.43,39,47,98
303,a,,,5.2,211,130.0,0,0.0,2,-2.0,4.0,92,31.0,133,4,4.4,38.0,17.0,13,654,5.5,16.0,6.0,1.1,25.6,0.0,1077610,2514,600779,705,5.0,4.5,1.81,4.74,6.55,43.87,0.06,0.16,0.22,1.47,703.2,16.0,4.0,732.4,8.0,8.0,207.0,124.0,74.0,164.5,18.0,14.0,1.0,3.0,2.0,30,,James,Garner,Garner,,,2693,2,5,10,35,0,0,0,7,0,0,30,368,,,,0.0,0.33,1.17,1.0,12.3,88,131,149
304,a,100.0,100.0,4.8,366,229.0,0,0.0,-2,2.0,0.0,617,239.0,56,3,2.5,269.0,114.0,1,184,1.5,203.0,86.0,0.3,11.7,0.0,5776,6,6719,0,1.0,0.5,0.37,0.61,0.98,17.77,0.03,0.05,0.08,1.45,187.2,279.0,119.0,93.5,277.0,165.0,48.0,328.0,171.0,32.7,325.0,159.0,,,,30,,Tim,Iroegbunam,Iroegbunam,,,1100,0,3,8,10,0,0,0,8,0,0,13,145,,,,0.0,0.65,0.82,1.06,11.86,51,32,62
305,a,100.0,100.0,4.5,496,307.0,0,0.0,0,0.0,0.1,499,179.0,19,1,1.7,385.0,164.0,0,78,1.0,244.0,107.0,0.2,4.2,0.0,12363,11,18332,22,0.5,0.0,0.79,0.21,1.0,10.79,0.14,0.04,0.18,1.96,58.6,405.0,178.0,66.6,312.0,175.0,78.0,281.0,152.0,20.5,371.0,175.0,,,,30,,Harrison,Armstrong,Armstrong,,,495,0,0,1,10,0,0,0,0,0,0,6,50,,,,0.0,0.18,1.82,1.09,9.09,13,13,24
306,a,,,4.3,612,358.0,0,0.0,-2,2.0,0.1,484,172.0,0,0,0.0,657.0,250.0,0,0,0.0,552.0,182.0,0.0,0.0,0.0,14779,5,14984,14,-0.5,-1.0,0.0,0.0,0.0,0.0,0.0,0.0,0.0,0.0,0.0,647.0,240.0,0.0,643.0,245.0,0.0,620.0,234.0,0.0,649.0,242.0,,,,30,,Callum,Bates,Bates,,,0,0,0,0,0,0,0,0,0,0,0,0,0,,,,0.0,0.0,0.0,0.0,0.0,0,0,0
307,a,,,4.4,550,329.0,0,0.0,-1,1.0,0.0,601,227.0,0,0,0.0,675.0,262.0,0,0,0.0,578.0,196.0,0.0,0.0,0.0,4888,1,6403,8,-0.5,-1.0,0.0,0.0,0.0,0.0,0.0,0.0,0.0,0.0,0.0,666.0,253.0,0.0,663.0,258.0,0.0,641.0,247.0,0.0,668.0,255.0,,,,30,,Coby,Ebere,Ebere,,,0,0,0,0,0,0,0,0,0,0,0,0,0,,,,0.0,0.0,0.0,0.0,0.0,0,0,0
308,u,0.0,0.0,4.5,449,270.0,0,0.0,0,0.0,0.0,703,287.0,0,0,0.0,712.0,287.0,0,0,0.0,627.0,229.0,0.0,0.0,0.0,458,0,3757,1,0.0,0.0,0.0,0.0,0.0,0.0,0.0,0.0,0.0,0.0,0.0,707.0,282.0,0.0,703.0,284.0,0.0,687.0,277.0,0.0,708.0,283.0,,,,30,,Isaac,Heath,Heath,has joined Accrington on loan for the rest of the season.,,0,0,0,0,0,0,0,0,0,0,0,0,0,,,,0.0,0.0,0.0,0.0,0.0,0,0,0
309,u,0.0,0.0,4.5,446,268.0,0,0.0,0,0.0,0.0,819,367.0,0,0,0.0,710.0,285.0,0,0,0.0,625.0,227.0,0.0,0.0,0.0,0,0,113,0,0.0,0.0,0.0,0.0,0.0,0.0,0.0,0.0,0.0,0.0,0.0,705.0,280.0,0.0,701.0,282.0,0.0,685.0,275.0,0.0,706.0,281.0,,,,30,,Jenson,Metcalfe,Metcalfe,Has joined Bradford City permanently.,,0,0,0,0,0,0,0,0,0,0,0,0,0,,,,0.0,0.0,0.0,0.0,0.0,0,0,0
310,a,,,5.7,120,33.0,0,0.0,-3,3.0,0.9,194,29.0,75,1,2.5,275.0,28.0,7,225,2.5,132.0,14.0,0.4,13.2,0.0,299123,161,274452,372,2.0,1.5,6.13,0.37,6.5,27.91,0.34,0.02,0.36,1.55,247.4,229.0,19.0,169.4,189.0,17.0,420.0,45.0,18.0,81.3,139.0,18.0,,,,30,,Thierno,Barry,Barry,,,1620,6,0,7,24,0,0,0,3,0,0,19,57,,,,0.0,0.39,1.33,1.06,3.17,3,26,28
311,a,,,5.0,268,55.0,0,0.0,-5,5.0,2.5,124,19.0,60,2,2.0,336.0,37.0,6,180,3.5,73.0,8.0,0.7,12.0,0.0,479518,366,1133073,248,3.0,2.5,6.56,0.16,6.72,17.43,0.53,0.01,0.54,1.41,229.6,243.0,22.0,90.4,281.0,29.0,439.0,34.0,16.0,74.3,156.0,22.0,,,3.0,30,,Norberto Bercique,Gomes Betuncal,Beto,,,1115,4,0,4,14,0,0,0,2,0,0,11,71,,,,0.0,0.32,1.13,0.89,5.73,12,35,24
312,u,0.0,0.0,4.9,334,62.0,0,0.0,-1,1.0,0.1,547,76.0,0,0,0.0,781.0,87.0,0,0,0.0,731.0,78.0,0.0,0.0,0.0,2418,0,14539,2,0.0,0.0,0.0,0.0,0.0,0.0,0.0,0.0,0.0,0.0,0.0,780.0,87.0,0.0,776.0,86.0,0.0,772.0,86.0,0.0,780.0,87.0,,,,30,,Youssef,Ramalho Chermiti,Y.Chermiti,has joined Rangers permanently.,,0,0,0,0,0,0,0,0,0,0,0,0,0,,,,0.0,0.0,0.0,0.0,0.0,0,0,0
313,u,0.0,0.0,4.4,557,79.0,0,0.0,-1,1.0,0.1,447,64.0,0,0,0.0,679.0,71.0,0,0,0.0,584.0,59.0,0.0,0.0,0.0,9203,0,26544,3,0.0,0.0,0.0,0.0,0.0,0.0,0.0,0.0,0.0,0.0,0.0,671.0,71.0,0.0,667.0,70.0,0.0,647.0,70.0,0.0,673.0,71.0,,,,30,,Martin,Sherif,Sherif,has joined Port Vale on loan for the rest of the season.,,0,0,0,0,0,0,0,0,0,0,0,0,0,,,,0.0,0.0,0.0,0.0,0.0,0,0,0
419,i,0.0,0.0,6.3,64,43.0,0,0.0,-2,2.0,5.8,64,22.0,79,0,4.0,64.0,27.0,12,356,0.0,804.0,360.0,0.0,12.5,0.0,3790410,5,3772662,335,0.0,0.0,2.05,3.37,5.41,25.81,0.11,0.19,0.3,1.43,374.2,144.0,50.0,520.5,29.0,28.0,397.0,48.0,30.0,129.2,40.0,29.0,,,,30,,Jack,Grealish,Grealish,Foot injury - Expected back 01 Jun,,1627,2,6,7,23,0,0,0,3,1,0,18,135,,,,0.0,0.39,1.27,1.0,7.47,20,27,88
630,a,,,3.9,750,74.0,0,0.0,-1,1.0,1.3,174,21.0,0,0,0.0,546.0,44.0,0,0,0.0,409.0,35.0,0.0,0.0,0.0,71831,14,100298,100,-0.5,-1.0,0.0,0.0,0.0,0.0,0.0,0.0,0.0,0.0,0.0,536.0,44.0,0.0,523.0,27.0,0.0,493.0,14.0,0.0,538.0,44.0,,,,30,,Tom,King,King,,,0,0,0,0,0,0,0,0,0,0,0,0,0,,,,0.0,0.0,0.0,0.0,0.0,0,0,0
667,a,100.0,100.0,4.2,641,150.0,0,0.0,-3,3.0,0.1,569,204.0,0,0,0.0,639.0,248.0,0,0,0.0,519.0,221.0,0.0,0.0,0.0,2858,2,12536,1,-0.5,-1.0,0.0,0.0,0.0,0.0,0.0,0.0,0.0,0.0,0.0,630.0,249.0,0.0,624.0,248.0,0.0,599.0,247.0,0.0,632.0,249.0,,,,30,,Adam,Aznou,Aznou,,,0,0,0,0,0,0,0,0,0,0,0,0,0,,,,0.0,0.0,0.0,0.0,0.0,0,0,0
704,u,0.0,0.0,4.5,436,261.0,0,0.0,0,0.0,0.0,586,219.0,0,0,0.0,705.0,280.0,0,0,0.0,619.0,221.0,0.0,0.0,0.0,8420,0,10197,1,0.0,0.0,0.0,0.0,0.0,0.0,0.0,0.0,0.0,0.0,0.0,699.0,274.0,0.0,696.0,277.0,0.0,679.0,270.0,0.0,701.0,276.0,,,,30,,Tyler,Onyango,Onyango,has joined Stockport County on loan for the rest of the season.,,0,0,0,0,0,0,0,0,0,0,0,0,0,,,,0.0,0.0,0.0,0.0,0.0,0,0,0
705,u,0.0,0.0,3.9,772,224.0,0,0.0,-1,1.0,0.2,410,150.0,0,0,0.0,562.0,203.0,0,0,0.0,426.0,165.0,0.0,0.0,0.0,18604,0,17327,9,0.0,0.0,0.0,0.0,0.0,0.0,0.0,0.0,0.0,0.0,0.0,552.0,203.0,0.0,539.0,203.0,0.0,509.0,198.0,0.0,554.0,203.0,,,,30,,Elijah,Campbell,Campbell,has joined Port Vale on loan for the rest of the season.,,0,0,0,0,0,0,0,0,0,0,0,0,0,,,,0.0,0.0,0.0,0.0,0.0,0,0,0
707,a,,,5.3,199,123.0,0,0.0,-2,2.0,0.0,650,258.0,18,0,1.3,436.0,197.0,0,49,0.2,362.0,163.0,0.0,3.4,0.0,7786,1,7331,1,-0.3,-0.8,0.2,0.14,0.34,6.65,0.05,0.04,0.09,1.71,46.0,415.0,182.0,61.0,327.0,182.0,32.0,358.0,185.0,13.6,401.0,182.0,,,,30,,Tyler,Dibling,Dibling,,,349,0,0,2,2,0,0,0,2,0,0,4,40,,,,0.0,0.52,0.52,1.03,10.32,7,11,22
728,a,100.0,100.0,5.0,276,170.0,0,0.0,0,0.0,0.0,714,295.0,17,1,1.5,413.0,184.0,0,43,0.2,356.0,160.0,0.0,3.4,0.0,1549,0,1621,2,-0.3,-0.8,0.5,0.21,0.71,8.22,0.13,0.05,0.18,2.07,65.6,396.0,175.0,66.0,313.0,176.0,32.0,357.0,184.0,16.4,388.0,179.0,,,,30,,Merlin,Röhl,Röhl,,,357,0,0,2,6,0,0,0,0,0,0,2,46,,,,0.0,0.5,1.51,0.5,11.6,17,10,19
779,a,,,4.5,504,72.0,0,0.0,0,0.0,0.0,627,82.0,0,0,0.0,752.0,82.0,0,0,0.0,675.0,70.0,0.0,0.0,0.0,4703,9,2436,14,-0.5,-1.0,0.0,0.0,0.0,0.0,0.0,0.0,0.0,0.0,0.0,751.0,82.0,0.0,745.0,81.0,0.0,732.0,81.0,0.0,751.0,82.0,,,,30,,Braiden,Graham,Graham,,,0,0,0,0,0,0,0,0,0,0,0,0,0,,,,0.0,0.0,0.0,0.0,0.0,0,0,0
314,a,,,4.9,288,10.0,0,0.0,-1,1.0,1.7,153,19.0,79,0,2.7,234.0,24.0,3,359,1.8,177.0,17.0,0.4,16.1,0.0,227984,1751,248807,84,2.3,1.8,0.0,0.0,0.0,40.83,0.0,0.0,0.0,1.41,605.4,40.0,10.0,0.0,761.0,89.0,0.0,757.0,87.0,60.4,214.0,10.0,,,,30,,Bernd,Leno,Leno,,,2610,0,0,5,43,1,0,0,3,0,71,29,107,,,,2.45,0.17,1.48,1.0,0.0,4,36,242
315,u,0.0,0.0,4.0,679,49.0,0,0.0,0,0.0,0.0,760,87.0,0,0,0.0,587.0,69.0,0,0,0.0,453.0,62.0,0.0,0.0,0.0,577,0,867,2,0.0,0.0,0.0,0.0,0.0,0.0,0.0,0.0,0.0,0.0,0.0,577.0,69.0,0.0,568.0,56.0,0.0,539.0,43.0,0.0,579.0,69.0,,,,30,,Steven,Benda,Benda,has joined Feyenoord on loan for the rest of the season.,,0,0,0,0,0,0,0,0,0,0,0,0,0,,,,0.0,0.0,0.0,0.0,0.0,0,0,0
316,a,100.0,100.0,4.9,296,45.0,0,0.0,-1,1.0,0.7,214,82.0,34,0,2.6,255.0,98.0,4,153,0.2,352.0,128.0,0.0,6.9,0.0,152315,721,186172,49,0.7,0.2,0.22,1.27,1.49,14.39,0.02,0.13,0.15,1.45,217.2,256.0,103.0,249.5,131.0,32.0,34.0,354.0,117.0,50.1,259.0,82.0,,,,30,,Antonee,Robinson,Robinson,,,891,0,0,2,11,0,0,0,1,0,0,10,78,,,,0.0,0.2,1.11,1.01,7.78,26,51,53
317,a,100.0,100.0,4.5,414,76.0,0,0.0,0,0.0,4.9,73,23.0,93,0,3.6,108.0,37.0,5,325,1.0,242.0,90.0,0.2,20.7,0.0,1274146,3750,1003041,241,1.5,1.0,1.26,1.54,2.8,35.4,0.05,0.06,0.11,1.39,657.2,27.0,10.0,111.8,246.0,67.0,124.0,220.0,54.0,89.6,110.0,31.0,,,,30,,Joachim,Andersen,Andersen,,,2291,0,1,5,38,0,0,0,6,0,0,26,302,,,,0.0,0.2,1.49,1.02,10.41,37,228,91
318,a,100.0,100.0,4.4,534,110.0,0,0.0,-1,1.0,0.5,258,96.0,66,0,3.1,171.0,65.0,6,217,2.2,145.0,55.0,0.5,15.0,0.0,118871,819,124336,48,2.7,2.2,1.28,0.24,1.52,26.11,0.07,0.01,0.08,1.36,418.4,113.0,50.0,101.1,265.0,77.0,79.0,278.0,79.0,60.1,215.0,74.0,,,,30,,Calvin,Bassey,Bassey,,,1722,1,1,3,32,0,0,0,5,0,0,19,193,,,,0.0,0.16,1.67,0.99,8.0,41,112,82
319,a,,,4.3,581,126.0,0,0.0,-2,2.0,0.1,458,169.0,30,0,1.4,419.0,151.0,0,130,0.5,302.0,105.0,0.1,7.0,0.0,19474,22,25486,11,1.0,0.5,1.1,0.51,1.61,21.75,0.09,0.04,0.13,1.74,226.8,245.0,95.0,131.5,220.0,56.0,111.0,228.0,59.0,47.1,267.0,85.0,,,,30,,Timothy,Castagne,Castagne,,,1126,0,1,0,23,0,0,0,3,0,0,12,114,,,,0.0,0.0,1.84,0.96,7.91,23,76,34
320,a,,,4.3,584,129.0,0,0.0,-2,2.0,0.1,527,188.0,13,0,1.3,429.0,155.0,0,49,0.8,267.0,95.0,0.2,3.0,0.0,7589,21,11597,4,1.3,0.8,0.02,0.04,0.06,10.15,0.0,0.01,0.01,1.54,118.0,342.0,130.0,5.7,441.0,159.0,12.0,399.0,146.0,13.6,400.0,145.0,,,,30,,Issa,Diop,Diop,,,592,0,0,0,11,0,0,0,2,0,0,6,55,,,,0.0,0.0,1.67,0.91,7.3,6,42,14
321,a,,,4.3,589,132.0,0,0.0,-2,2.0,0.1,564,202.0,39,0,2.8,216.0,84.0,1,155,0.5,303.0,106.0,0.1,9.1,0.0,6754,5,7467,12,1.0,0.5,0.05,0.53,0.58,14.59,0.0,0.05,0.05,1.41,244.6,232.0,90.0,47.1,351.0,122.0,14.0,393.0,142.0,30.7,336.0,114.0,,,,30,,Jorge,Cuenca Barreno,J.Cuenca,,,931,0,0,2,11,0,0,0,5,0,0,11,120,,,,0.0,0.19,1.06,1.06,11.02,16,98,40
322,a,100.0,100.0,4.5,412,75.0,0,0.0,0,0.0,0.3,306,113.0,75,0,3.6,107.0,36.0,5,291,2.0,162.0,62.0,0.4,16.7,0.0,166564,509,154124,23,2.5,2.0,0.92,1.43,2.35,24.84,0.05,0.08,0.13,1.31,398.0,127.0,56.0,207.1,166.0,41.0,108.0,235.0,62.0,71.4,169.0,56.0,,,,30,,Kenny,Tete,Tete,,,1701,1,0,5,25,0,0,0,2,0,0,20,180,,,,0.0,0.26,1.32,1.06,8.31,63,94,78
323,a,,,3.8,814,258.0,0,0.0,-2,2.0,0.1,422,155.0,0,0,0.0,537.0,198.0,0,0,0.0,399.0,158.0,0.0,0.0,0.0,9470,7,17221,6,0.5,0.0,0.0,0.0,0.0,0.0,0.0,0.0,0.0,0.0,0.0,527.0,198.0,0.0,513.0,198.0,0.0,483.0,193.0,0.0,529.0,198.0,,,,30,,Samuel,Amissah,Amissah,,,0,0,0,0,0,0,0,0,0,0,0,0,0,,,,0.0,0.0,0.0,0.0,0.0,0,0,0
324,a,100.0,100.0,6.4,55,35.0,0,0.0,-1,1.0,2.5,123,40.0,91,0,4.0,65.0,28.0,13,428,6.2,6.0,1.0,1.0,14.2,0.0,529409,5988,416826,253,6.7,6.2,1.26,3.54,4.8,30.6,0.06,0.16,0.22,1.41,434.0,102.0,35.0,576.9,19.0,19.0,227.0,113.0,68.0,123.9,48.0,34.0,2.0,,,30,,Alex,Iwobi,Iwobi,,,1952,4,3,3,36,0,0,0,2,0,0,23,144,,,,0.0,0.14,1.66,1.06,6.64,22,27,95
325,a,100.0,100.0,5.6,126,78.0,0,0.0,-4,4.0,0.5,250,86.0,64,0,2.2,315.0,138.0,1,280,1.2,232.0,100.0,0.2,11.4,0.0,163007,148,214256,57,1.7,1.2,4.2,0.96,5.16,24.74,0.26,0.06,0.32,1.54,244.2,234.0,101.0,256.3,126.0,88.0,321.0,74.0,43.0,82.2,135.0,75.0,,,,30,,Emile,Smith Rowe,Smith Rowe,,,1444,3,1,3,23,0,0,0,1,0,0,16,112,,,,0.0,0.19,1.43,1.0,6.98,22,33,57
327,u,0.0,0.0,5.3,187,115.0,0,0.0,-2,2.0,0.1,561,206.0,0,0,0.0,800.0,354.0,0,0,0.0,770.0,334.0,0.0,0.0,0.0,2438,0,35597,0,0.0,0.0,0.0,0.0,0.0,0.0,0.0,0.0,0.0,0.0,0.0,799.0,353.0,0.0,798.0,353.0,0.0,795.0,352.0,0.0,799.0,353.0,,,,30,,Andreas,Hoelgebaum Pereira,Andreas,has joined Palmeiras permanently.,,0,0,0,0,0,0,0,0,0,0,0,0,0,,,,0.0,0.0,0.0,0.0,0.0,0,0,0
328,a,100.0,100.0,5.4,161,100.0,0,0.0,-1,1.0,0.2,401,136.0,78,0,3.5,126.0,60.0,5,269,1.8,183.0,76.0,0.3,14.4,0.0,145988,58,139062,18,2.3,1.8,1.16,1.71,2.87,24.03,0.07,0.1,0.17,1.35,340.8,166.0,62.0,197.1,172.0,117.0,187.0,152.0,85.0,72.2,165.0,86.0,,,,30,,Ryan,Sessegnon,Sessegnon,,,1605,2,3,4,29,0,0,0,0,0,0,18,188,,,,0.0,0.22,1.63,1.01,10.54,40,87,61
329,d,75.0,75.0,6.0,85,55.0,0,0.0,5,-5.0,22.5,16,6.0,140,0,5.2,11.0,6.0,19,529,5.0,29.0,12.0,0.8,23.3,0.0,5095146,3951,2318877,5733,4.1,3.8,4.69,3.92,8.61,30.58,0.2,0.17,0.37,1.32,594.6,41.0,10.0,486.9,35.0,32.0,501.0,26.0,13.0,158.1,22.0,18.0,1.0,1.0,3.0,30,,Harry,Wilson,Wilson,Ankle injury - 75% chance of playing,,2086,9,8,6,31,0,0,0,6,0,0,25,139,,,,0.0,0.26,1.34,1.08,6.0,21,51,67
330,a,,,4.9,305,190.0,0,0.0,-1,1.0,0.1,518,186.0,73,0,2.5,270.0,115.0,3,424,2.5,122.0,51.0,0.5,14.9,0.0,11901,33,12892,10,3.0,2.5,1.29,1.1,2.39,38.32,0.05,0.04,0.09,1.42,382.8,139.0,46.0,280.0,114.0,81.0,75.0,288.0,156.0,74.1,157.0,82.0,,,,30,,Sander,Berge,Berge,,,2422,0,2,5,41,1,0,0,4,0,0,28,242,,,,0.0,0.19,1.52,1.04,8.99,48,81,113
331,a,100.0,100.0,4.8,348,218.0,0,0.0,-2,2.0,0.0,639,250.0,28,0,1.5,411.0,182.0,1,115,1.0,245.0,108.0,0.2,5.8,0.0,2768,3,4801,1,1.5,1.0,0.95,0.35,1.3,9.43,0.16,0.06,0.22,1.59,82.8,378.0,169.0,104.8,261.0,161.0,49.0,326.0,170.0,23.7,356.0,171.0,,,,30,,Tom,Cairney,Cairney,,,533,1,0,1,9,0,0,0,3,0,0,4,43,,,,0.0,0.17,1.52,0.68,7.26,4,8,31
332,a,100.0,100.0,4.9,309,193.0,0,0.0,-1,1.0,0.1,573,213.0,50,0,2.6,256.0,108.0,3,225,0.0,718.0,297.0,0.0,10.2,0.0,14679,2,19140,5,0.5,0.0,1.74,1.35,3.09,18.45,0.13,0.1,0.23,1.37,232.0,242.0,104.0,338.7,78.0,59.0,119.0,223.0,124.0,68.9,181.0,92.0,3.0,,,30,,Saša,Lukić,Lukić,,,1208,1,3,4,17,0,0,0,6,0,0,15,127,,,,0.0,0.3,1.27,1.12,9.46,35,43,49
333,u,0.0,0.0,4.5,474,291.0,0,0.0,0,0.0,0.0,669,270.0,0,0,0.0,730.0,303.0,0,0,0.0,649.0,248.0,0.0,0.0,0.0,898,0,6597,0,0.0,0.0,0.0,0.0,0.0,0.0,0.0,0.0,0.0,0.0,0.0,727.0,300.0,0.0,722.0,301.0,0.0,708.0,296.0,0.0,728.0,301.0,,,,30,,Martial,Godo,Godo,has joined Strasbourg permanently.,,0,0,0,0,0,0,0,0,0,0,0,0,0,,,,0.0,0.0,0.0,0.0,0.0,0,0,0
334,u,0.0,0.0,4.5,453,273.0,0,0.0,0,0.0,0.0,811,360.0,0,0,0.0,715.0,290.0,0,0,0.0,631.0,232.0,0.0,0.0,0.0,0,0,312,0,0.0,0.0,0.0,0.0,0.0,0.0,0.0,0.0,0.0,0.0,0.0,710.0,285.0,0.0,706.0,287.0,0.0,690.0,280.0,0.0,711.0,286.0,,,,30,,Luke,Harris,Harris,Has joined Oxford United on loan for the rest of the season.,,0,0,0,0,0,0,0,0,0,0,0,0,0,,,,0.0,0.0,0.0,0.0,0.0,0,0,0
335,a,100.0,100.0,4.4,564,338.0,0,0.0,-1,1.0,1.8,148,51.0,41,0,1.8,370.0,159.0,0,138,1.0,241.0,105.0,0.2,9.3,0.0,964373,138,871335,225,1.5,1.0,1.53,0.43,1.96,14.08,0.14,0.04,0.18,1.29,109.6,352.0,158.0,118.8,237.0,149.0,226.0,115.0,70.0,44.6,274.0,138.0,,,,30,,Josh,King,King,,,984,0,2,4,15,0,0,0,3,0,0,12,80,,,,0.0,0.37,1.37,1.1,7.32,19,16,45
336,a,,,4.3,580,345.0,0,0.0,-2,2.0,0.4,278,98.0,12,0,2.4,280.0,120.0,2,37,0.0,532.0,169.0,0.0,2.8,0.0,85452,42,71839,79,0.5,0.0,0.04,0.24,0.28,0.41,0.16,0.94,1.1,1.6,36.6,427.0,187.0,8.7,433.0,210.0,7.0,423.0,203.0,5.2,446.0,199.0,,,,30,,Harrison,Reed,Reed,,,23,1,0,0,1,0,0,0,0,0,0,0,2,,,,0.0,0.0,3.91,0.0,7.83,0,0,2
337,a,100.0,100.0,6.2,73,23.0,0,0.0,-3,3.0,2.9,109,18.0,97,0,3.5,129.0,10.0,7,361,3.5,76.0,9.0,0.6,15.6,0.0,768017,2865,676866,491,4.0,3.5,10.18,0.87,11.05,29.3,0.48,0.04,0.52,1.39,429.4,105.0,6.0,289.8,106.0,5.0,659.0,15.0,10.0,137.4,34.0,8.0,,2.0,1.0,30,,Raúl,Jiménez Rodríguez,Raúl,,,1903,8,5,7,25,0,0,0,5,0,0,24,114,,,,0.0,0.33,1.18,1.14,5.39,30,37,47
338,a,100.0,100.0,5.3,192,46.0,0,0.0,-2,2.0,0.7,215,32.0,22,0,1.8,378.0,44.0,3,62,0.8,292.0,36.0,0.2,4.2,0.0,262811,81,438069,32,1.3,0.8,1.25,0.03,1.28,7.6,0.24,0.01,0.25,1.47,82.4,381.0,39.0,55.4,335.0,39.0,166.0,173.0,40.0,29.3,341.0,40.0,,,,30,,Rodrigo,Muniz Carvalho,Muniz,,,465,1,1,1,8,1,0,0,1,0,0,4,27,,,,0.0,0.19,1.55,0.77,5.23,4,14,9
424,a,100.0,100.0,5.1,238,144.0,0,0.0,-4,4.0,0.2,356,118.0,27,0,1.9,352.0,151.0,0,115,1.8,181.0,75.0,0.4,5.3,0.0,90850,34,97851,15,2.3,1.8,0.5,1.5,2.0,7.68,0.07,0.21,0.28,1.09,90.4,371.0,163.0,217.7,159.0,107.0,107.0,238.0,132.0,41.7,291.0,145.0,,,,30,,Oscar,Bobb,Bobb,,,637,0,2,2,9,0,0,0,1,0,0,6,48,,,,0.0,0.28,1.27,0.85,6.78,12,7,29
727,a,100.0,100.0,5.3,190,118.0,0,0.0,-2,2.0,0.1,500,180.0,50,0,3.3,153.0,67.0,1,209,0.8,291.0,133.0,0.2,9.4,0.0,100154,50,92898,19,1.3,0.8,1.63,2.9,4.53,12.29,0.2,0.35,0.55,1.49,247.6,228.0,99.0,254.1,128.0,90.0,202.0,133.0,77.0,70.5,173.0,90.0,,,,30,,Samuel,Chukwueze,Chukwueze,,,743,3,4,1,16,0,0,0,0,0,0,7,60,,,,0.0,0.12,1.94,0.85,7.27,6,15,39
353,a,100.0,100.0,5.2,205,126.0,0,0.0,-3,3.0,0.1,483,171.0,17,0,1.2,440.0,198.0,0,65,0.5,316.0,143.0,0.1,3.3,0.0,8196,15,52736,2,0.5,0.5,0.71,0.59,1.3,10.43,0.16,0.13,0.29,2.36,44.6,419.0,183.0,112.9,245.0,154.0,97.0,252.0,139.0,25.6,351.0,169.0,,,,30,,Daniel,James,James,,,398,0,0,1,13,0,0,0,0,0,0,4,22,,,,0.0,0.23,2.94,0.9,4.97,4,3,15
731,i,0.0,0.0,5.8,110,71.0,0,0.0,-2,2.0,0.1,574,214.0,43,0,1.9,361.0,156.0,0,158,0.2,368.0,166.0,0.0,7.4,0.0,34696,1,31532,18,0.0,0.0,1.12,1.4,2.52,13.01,0.11,0.14,0.25,1.3,200.8,267.0,112.0,231.6,142.0,98.0,206.0,129.0,76.0,63.6,201.0,101.0,,,,30,,Kevin,Santos Lopes de Macedo,Kevin,Foot injury - Unknown return date,,898,1,2,4,15,0,0,0,1,0,0,8,75,,,,0.0,0.4,1.5,0.8,7.52,19,16,40
737,a,,,4.5,507,74.0,0,0.0,0,0.0,0.1,481,69.0,4,0,0.8,509.0,62.0,0,11,0.0,677.0,72.0,0.0,0.9,0.0,21414,13,16463,19,0.5,0.0,0.0,0.07,0.07,0.75,0.0,0.21,0.21,2.25,1.2,497.0,59.0,11.4,419.0,56.0,8.0,420.0,58.0,2.1,469.0,57.0,,,,30,,Jonah,Kusi-Asare,Kusi-Asare,,,30,0,0,0,2,0,0,0,1,0,0,0,2,,,,0.0,0.0,6.0,0.0,6.0,0,0,2
770,a,,,4.5,502,312.0,0,0.0,0,0.0,0.0,779,339.0,0,0,0.0,750.0,318.0,0,0,0.0,673.0,267.0,0.0,0.0,0.0,626,0,362,3,0.5,0.0,0.0,0.0,0.0,0.0,0.0,0.0,0.0,0.0,0.0,749.0,317.0,0.0,743.0,317.0,0.0,730.0,313.0,0.0,749.0,317.0,,,,30,,Seth,Ridgeon,Ridgeon,,,0,0,0,0,0,0,0,0,0,0,0,0,0,,,,0.0,0.0,0.0,0.0,0.0,0,0,0
786,a,,,4.0,704,60.0,0,0.0,0,0.0,0.0,749,85.0,0,0,0.0,608.0,80.0,0,0,0.0,475.0,73.0,0.0,0.0,0.0,633,3,327,1,0.5,0.0,0.0,0.0,0.0,0.0,0.0,0.0,0.0,0.0,0.0,598.0,80.0,0.0,589.0,67.0,0.0,560.0,54.0,0.0,600.0,80.0,,,,30,,Alfie,McNally,McNally,,,0,0,0,0,0,0,0,0,0,0,0,0,0,,,,0.0,0.0,0.0,0.0,0.0,0,0,0
168,a,100.0,100.0,4.6,403,249.0,0,0.0,-4,4.0,0.1,491,176.0,2,0,0.7,514.0,241.0,0,5,0.0,687.0,277.0,0.0,0.4,0.0,16304,10,29518,12,0.0,0.0,0.04,0.1,0.14,1.86,0.05,0.13,0.18,2.43,6.0,473.0,213.0,25.7,384.0,194.0,19.0,385.0,193.0,5.0,449.0,201.0,,,,30,,Facundo,Buonanotte,Buonanotte,,,69,0,0,0,2,0,0,0,1,0,0,1,5,,,,0.0,0.0,2.61,1.3,6.52,1,1,3
339,a,,,4.1,657,37.0,0,0.0,-4,4.0,0.3,303,40.0,0,0,0.0,636.0,86.0,0,0,0.0,508.0,79.0,0.0,0.0,0.0,13558,13,63647,28,0.0,0.0,0.0,0.0,0.0,0.0,0.0,0.0,0.0,0.0,0.0,626.0,86.0,0.0,618.0,74.0,0.0,591.0,61.0,0.0,628.0,86.0,,,,30,,Illan,Meslier,Meslier,,,0,0,0,0,0,0,0,0,0,0,0,0,0,,,,0.0,0.0,0.0,0.0,0.0,0,0,0
340,a,,,3.9,748,73.0,0,0.0,-1,1.0,0.1,415,62.0,0,0,0.0,545.0,43.0,0,0,0.0,407.0,34.0,0.0,0.0,0.0,8453,5,15067,10,0.0,0.0,0.0,0.0,0.0,0.0,0.0,0.0,0.0,0.0,0.0,535.0,43.0,0.0,522.0,26.0,0.0,492.0,13.0,0.0,537.0,43.0,,,,30,,Alex,Cairns,Cairns,,,0,0,0,0,0,0,0,0,0,0,0,0,0,,,,0.0,0.0,0.0,0.0,0.0,0,0,0
341,a,,,3.9,743,68.0,0,0.0,-1,1.0,2.5,122,17.0,30,0,2.3,294.0,26.0,0,149,1.8,171.0,15.0,0.5,7.7,0.0,253902,294,276075,191,1.8,1.8,0.0,0.03,0.03,16.39,0.0,0.0,0.0,1.26,290.8,199.0,22.0,0.0,517.0,21.0,0.0,487.0,8.0,29.3,340.0,22.0,,,,30,,Karl,Darlow,Darlow,,,1170,0,0,1,19,0,0,0,1,0,34,13,59,,,,2.62,0.08,1.46,1.0,0.0,0,18,118
342,a,100.0,100.0,4.4,530,106.0,0,0.0,-1,1.0,0.2,357,131.0,70,0,2.6,251.0,96.0,0,195,1.2,219.0,80.0,0.3,15.9,0.0,45839,58,44753,30,1.2,1.2,2.02,1.57,3.59,34.53,0.08,0.06,0.14,1.37,332.6,171.0,72.0,231.1,144.0,36.0,185.0,155.0,32.0,75.0,153.0,50.0,,,,30,,Jayden,Bogle,Bogle,,,2268,1,3,4,41,0,0,0,5,0,0,26,184,,,,0.0,0.16,1.63,1.03,5.56,51,89,113
343,a,100.0,100.0,4.3,585,130.0,0,0.0,-2,2.0,0.5,265,98.0,80,0,3.1,168.0,62.0,3,293,1.5,198.0,75.0,0.3,18.6,0.0,109323,128,100485,71,1.5,1.5,2.52,0.54,3.06,34.51,0.1,0.02,0.12,1.38,556.8,52.0,24.0,130.0,222.0,57.0,218.0,118.0,18.0,90.5,108.0,29.0,,,,30,,Pascal,Struijk,Struijk,,,2258,0,1,4,40,0,0,0,3,0,0,25,250,,,,0.0,0.16,1.59,1.0,9.21,28,203,95
344,a,100.0,100.0,3.9,760,219.0,0,0.0,-1,1.0,0.4,284,104.0,48,0,3.0,186.0,71.0,2,155,0.5,299.0,102.0,0.1,12.3,0.0,102097,18,81829,65,0.5,0.5,0.76,0.57,1.33,20.78,0.06,0.05,0.11,1.66,293.2,197.0,76.0,38.8,361.0,128.0,195.0,140.0,26.0,52.6,248.0,80.0,,,,30,,Jaka,Bijol,Bijol,,,1126,1,2,1,21,0,0,0,2,0,0,12,126,,,,0.0,0.08,1.68,0.96,9.19,15,100,43
345,a,100.0,100.0,3.8,796,241.0,0,0.0,-2,2.0,0.1,421,154.0,17,0,1.9,342.0,126.0,0,48,0.0,382.0,142.0,0.0,4.5,0.0,22446,12,17317,28,0.0,0.0,0.0,0.01,0.01,4.93,0.0,0.0,0.0,1.46,78.4,386.0,147.0,5.6,442.0,160.0,10.0,404.0,148.0,9.4,421.0,151.0,,,,30,,Sebastiaan,Bornauw,Bornauw,,,304,0,0,1,4,0,0,0,1,0,0,4,38,,,,0.0,0.3,1.18,1.18,11.25,6,32,7
346,a,,,3.7,816,260.0,0,0.0,-3,3.0,0.2,354,129.0,1,0,1.0,447.0,160.0,0,-2,0.0,371.0,132.0,0.0,0.3,0.0,27361,268,34265,41,0.0,0.0,0.0,0.0,0.0,0.79,0.0,0.0,0.0,10.16,0.0,507.0,180.0,0.0,491.0,178.0,0.0,459.0,171.0,0.0,509.0,180.0,,,,30,,Sam,Byram,Byram,,,7,0,0,0,1,0,0,0,0,0,0,0,0,,,,0.0,0.0,12.86,0.0,0.0,0,0,0
347,a,100.0,100.0,3.8,792,237.0,0,0.0,-2,2.0,3.9,95,33.0,61,0,2.2,305.0,113.0,8,241,1.2,216.0,79.0,0.3,16.1,0.0,947535,371,804913,334,1.2,1.2,1.1,2.01,3.1,37.44,0.04,0.08,0.12,1.45,389.2,133.0,60.0,329.4,82.0,18.0,148.0,191.0,46.0,86.8,120.0,35.0,,,,30,,Gabriel,Gudmundsson,Gudmundsson,,,2318,0,0,4,42,1,0,0,4,0,0,27,193,,,,0.0,0.16,1.63,1.05,6.13,59,99,100
348,a,100.0,100.0,3.9,755,216.0,0,0.0,-1,1.0,4.0,93,32.0,85,0,3.1,166.0,61.0,5,279,2.0,157.0,57.0,0.5,21.8,0.0,1142109,643,926490,330,2.0,2.0,1.2,0.28,1.48,38.8,0.05,0.01,0.06,1.48,574.8,45.0,20.0,64.9,317.0,107.0,173.0,165.0,37.0,81.5,138.0,44.0,,,,30,,Joe,Rodon,Rodon,,,2366,2,0,3,46,0,0,0,1,0,0,27,252,,,,0.0,0.11,1.75,1.03,8.52,31,193,70
349,u,0.0,0.0,4.0,695,176.0,0,0.0,0,0.0,0.1,554,200.0,0,0,0.0,601.0,221.0,0,0,0.0,467.0,183.0,0.0,0.0,0.0,788,0,15955,0,0.0,0.0,0.0,0.0,0.0,0.0,0.0,0.0,0.0,0.0,0.0,591.0,221.0,0.0,582.0,221.0,0.0,553.0,217.0,0.0,593.0,221.0,,,,30,,Isaac,Schmidt,Schmidt,has joined Werder Bremen on loan for the rest of the season.,,0,0,0,0,0,0,0,0,0,0,0,0,0,,,,0.0,0.0,0.0,0.0,0.0,0,0,0
350,a,,,5.4,168,105.0,0,0.0,-1,1.0,0.6,230,81.0,105,0,3.8,84.0,37.0,5,362,1.8,184.0,77.0,0.3,19.4,0.0,211003,159,149470,172,1.8,1.8,4.03,2.95,6.98,28.27,0.19,0.14,0.33,1.37,388.2,134.0,44.0,354.6,73.0,57.0,424.0,44.0,27.0,116.6,61.0,40.0,,,,30,,Brenden,Aaronson,Aaronson,,,1862,4,6,7,27,0,0,0,1,0,0,22,168,,,,0.0,0.34,1.31,1.06,8.12,44,23,101
351,a,100.0,100.0,5.2,213,131.0,0,0.0,-3,3.0,0.1,507,182.0,22,0,1.4,423.0,188.0,0,88,0.2,361.0,162.0,0.0,4.2,0.0,9330,3,40394,9,0.2,0.2,0.29,0.56,0.85,8.4,0.07,0.13,0.2,2.01,59.0,404.0,177.0,87.7,287.0,168.0,39.0,340.0,177.0,18.4,381.0,178.0,,,,30,,Wilfried,Gnonto,Gnonto,,,377,0,2,1,11,0,0,0,3,0,0,4,41,,,,0.0,0.24,2.63,0.95,9.79,14,10,17
352,u,0.0,0.0,5.1,229,141.0,0,0.0,-4,4.0,0.0,596,224.0,12,0,1.1,446.0,200.0,0,51,0.0,758.0,326.0,0.0,2.4,0.0,6000,0,18662,3,0.0,0.0,0.28,0.23,0.51,3.82,0.1,0.08,0.18,1.31,30.0,434.0,191.0,49.4,347.0,184.0,35.0,351.0,182.0,11.5,413.0,188.0,,,,30,,Jack,Harrison,Harrison,has joined ACF Fiorentina on loan for the rest of the season.,,262,0,0,0,5,0,0,0,0,0,0,1,24,,,,0.0,0.0,1.72,0.34,8.24,5,6,13
354,a,100.0,100.0,4.9,300,187.0,0,0.0,-1,1.0,0.2,383,126.0,92,0,3.5,119.0,55.0,6,424,3.5,71.0,33.0,0.7,18.8,0.0,44596,62,34255,46,3.5,3.5,1.72,1.56,3.28,36.69,0.07,0.06,0.13,1.43,453.4,86.0,29.0,301.1,99.0,74.0,90.0,262.0,143.0,84.7,128.0,72.0,,,,30,,Ethan,Ampadu,Ampadu,,,2309,1,2,4,41,0,0,0,7,0,0,26,313,,,,0.0,0.16,1.6,1.01,12.2,63,111,139
355,u,0.0,0.0,4.9,318,198.0,0,0.0,-1,1.0,0.0,636,248.0,0,0,0.0,773.0,334.0,0,0,0.0,722.0,301.0,0.0,0.0,0.0,1234,0,10124,0,0.0,0.0,0.0,0.0,0.0,0.0,0.0,0.0,0.0,0.0,0.0,772.0,333.0,0.0,768.0,333.0,0.0,764.0,331.0,0.0,772.0,333.0,,,,30,,Sam,Greenwood,Greenwood,has joined Pogon Szczecin permanently.,,0,0,0,0,0,0,0,0,0,0,0,0,0,,,,0.0,0.0,0.0,0.0,0.0,0,0,0
356,a,,,4.7,392,244.0,0,0.0,-3,3.0,0.1,438,147.0,53,0,2.6,253.0,106.0,3,236,1.5,200.0,83.0,0.3,11.3,0.0,21298,11,13266,44,1.5,1.5,0.46,0.85,1.31,24.24,0.03,0.06,0.09,1.75,188.4,277.0,118.0,167.8,191.0,125.0,63.0,303.0,163.0,41.7,290.0,144.0,4.0,,,30,,Ilia,Gruev,Gruev,,,1245,0,4,5,23,0,0,0,3,0,0,15,107,,,,0.0,0.36,1.66,1.08,7.73,22,36,49
357,u,0.0,0.0,4.9,322,200.0,0,0.0,-1,1.0,0.0,715,296.0,0,0,0.0,775.0,336.0,0,0,0.0,725.0,303.0,0.0,0.0,0.0,203,0,4326,0,0.0,0.0,0.0,0.0,0.0,0.0,0.0,0.0,0.0,0.0,0.0,774.0,335.0,0.0,770.0,335.0,0.0,766.0,333.0,0.0,774.0,335.0,,,,30,,Largie,Ramazani,Ramazani,has joined Valencia on loan for the rest of the season.,,0,0,0,0,0,0,0,0,0,0,0,0,0,,,,0.0,0.0,0.0,0.0,0.0,0,0,0
358,a,100.0,100.0,4.8,362,226.0,0,0.0,-2,2.0,0.2,381,125.0,43,0,2.1,322.0,141.0,2,166,0.0,701.0,286.0,0.0,9.0,0.0,52568,8,62149,23,0.0,0.0,0.83,0.61,1.44,13.29,0.1,0.07,0.17,1.62,140.0,321.0,143.0,127.1,227.0,145.0,78.0,282.0,153.0,34.5,320.0,156.0,,,,30,,Tanaka,Ao,Tanaka,,,737,2,0,2,16,0,0,0,1,0,0,7,83,,,,0.0,0.24,1.95,0.85,10.14,17,20,46
359,u,0.0,0.0,4.5,458,278.0,0,0.0,0,0.0,0.0,793,347.0,0,0,0.0,718.0,293.0,0,0,0.0,634.0,235.0,0.0,0.0,0.0,0,0,969,0,0.0,0.0,0.0,0.0,0.0,0.0,0.0,0.0,0.0,0.0,0.0,713.0,288.0,0.0,709.0,290.0,0.0,693.0,283.0,0.0,714.0,289.0,,,,30,,Charlie,Crew,Crew,Has joined Doncaster Rovers on loan for the rest of the season.,,0,0,0,0,0,0,0,0,0,0,0,0,0,,,,0.0,0.0,0.0,0.0,0.0,0,0,0
360,u,0.0,0.0,4.5,438,263.0,0,0.0,0,0.0,0.0,757,323.0,0,0,0.0,707.0,282.0,0,0,0.0,621.0,223.0,0.0,0.0,0.0,0,0,2897,0,0.0,0.0,0.0,0.0,0.0,0.0,0.0,0.0,0.0,0.0,0.0,701.0,276.0,0.0,698.0,279.0,0.0,681.0,272.0,0.0,703.0,278.0,,,,30,,Joe,Gelhardt,Gelhardt,Has joined Hull City on loan for the rest of the season.,,0,0,0,0,0,0,0,0,0,0,0,0,0,,,,0.0,0.0,0.0,0.0,0.0,0,0,0
361,u,0.0,0.0,4.5,439,264.0,0,0.0,0,0.0,0.0,668,269.0,0,0,0.0,708.0,283.0,0,0,0.0,622.0,224.0,0.0,0.0,0.0,1165,0,8405,1,0.0,0.0,0.0,0.0,0.0,0.0,0.0,0.0,0.0,0.0,0.0,702.0,277.0,0.0,699.0,280.0,0.0,682.0,273.0,0.0,704.0,279.0,,,,30,,Darko,Gyabi,Gyabi,has joined Hull City permanently.,,0,0,0,0,0,0,0,0,0,0,0,0,0,,,,0.0,0.0,0.0,0.0,0.0,0,0,0
362,a,100.0,100.0,4.9,317,58.0,0,0.0,-6,6.0,0.3,298,47.0,14,0,1.1,445.0,55.0,0,34,0.5,311.0,39.0,0.1,2.9,0.0,38868,10,220271,15,0.5,0.5,0.81,0.13,0.94,5.3,0.34,0.05,0.39,2.22,10.6,460.0,55.0,36.9,366.0,47.0,96.0,253.0,45.0,13.8,398.0,48.0,,,3.0,30,,Joël,Piroe,Piroe,,,215,0,0,1,7,0,0,0,0,0,0,2,11,,,,0.0,0.42,2.93,0.84,4.6,1,1,9
363,u,0.0,0.0,4.9,289,57.0,0,0.0,-1,1.0,0.3,305,49.0,0,0,0.0,767.0,85.0,0,0,0.0,707.0,75.0,0.0,0.0,0.0,16144,0,202976,3,0.0,0.0,0.0,0.0,0.0,0.0,0.0,0.0,0.0,0.0,0.0,766.0,85.0,0.0,762.0,84.0,0.0,758.0,84.0,0.0,766.0,85.0,,,,30,,Patrick,Bamford,Bamford,has departed the club as a free agent.,,0,0,0,0,0,0,0,0,0,0,0,0,0,,,,0.0,0.0,0.0,0.0,0.0,0,0,0
364,u,0.0,0.0,5.0,279,56.0,0,0.0,0,0.0,0.0,743,90.0,0,0,0.0,794.0,88.0,0,0,0.0,751.0,80.0,0.0,0.0,0.0,0,0,2424,0,0.0,0.0,0.0,0.0,0.0,0.0,0.0,0.0,0.0,0.0,0.0,793.0,88.0,0.0,791.0,88.0,0.0,787.0,88.0,0.0,793.0,88.0,,,,30,,Mateo,Joseph Fernández-Regatillo,Mateo Joseph,Has joined RCD Mallorca on loan for the rest of the season.,,0,0,0,0,0,0,0,0,0,0,0,0,0,,,,0.0,0.0,0.0,0.0,0.0,0,0,0
365,a,100.0,100.0,5.0,248,53.0,0,0.0,0,0.0,0.6,237,34.0,63,0,2.7,235.0,24.0,8,220,0.8,286.0,35.0,0.2,12.6,0.0,212440,113,219201,108,0.8,0.8,6.19,0.91,7.1,16.13,0.74,0.11,0.85,1.93,252.2,226.0,18.0,80.7,296.0,32.0,331.0,71.0,25.0,66.5,190.0,24.0,,,2.0,30,,Lukas,Nmecha,Nmecha,,,753,6,1,2,18,0,0,1,0,0,0,7,38,,,,0.0,0.24,2.15,0.84,4.54,6,12,20
493,a,100.0,100.0,4.8,351,221.0,0,0.0,-2,2.0,0.2,358,119.0,44,0,2.6,254.0,107.0,4,234,0.2,350.0,155.0,0.0,9.2,0.0,177544,3,181421,7,0.2,0.2,0.83,1.48,2.31,13.95,0.08,0.14,0.22,1.33,240.2,237.0,102.0,357.3,72.0,56.0,71.0,295.0,159.0,66.8,187.0,95.0,2.0,2.0,,30,,Sean,Longstaff,Longstaff,,,943,1,2,1,19,0,0,0,2,0,0,10,100,,,,0.0,0.1,1.81,0.95,9.54,37,25,38
660,a,100.0,100.0,4.7,391,243.0,0,0.0,-3,3.0,2.7,116,36.0,114,0,4.8,18.0,11.0,11,466,4.2,49.0,21.0,0.9,24.3,0.0,1111355,1309,830542,372,4.2,4.2,2.38,3.99,6.37,29.1,0.11,0.18,0.29,1.34,546.2,56.0,14.0,765.0,6.0,6.0,268.0,93.0,59.0,158.2,21.0,17.0,1.0,1.0,,30,,Anton,Stach,Stach,,,1955,4,6,4,34,0,0,0,3,0,0,23,224,,,,0.0,0.18,1.57,1.06,10.31,54,66,104
665,a,100.0,100.0,4.4,527,26.0,-1,1.0,-1,1.0,0.2,353,50.0,43,0,2.7,231.0,23.0,3,153,0.0,565.0,88.0,0.0,9.8,0.0,42991,32,63369,30,0.0,0.0,0.0,0.0,0.0,26.68,0.0,0.0,0.0,1.67,322.4,180.0,20.0,0.0,654.0,83.0,0.0,632.0,73.0,32.2,328.0,20.0,,,,30,,Lucas Estella,Perri,Perri,,,1440,0,0,3,29,0,0,0,2,0,38,16,39,,,,2.38,0.19,1.81,1.0,0.0,0,16,100
691,d,75.0,75.0,5.7,114,32.0,0,0.0,2,-2.0,8.1,44,6.0,108,0,4.2,52.0,6.0,16,345,1.5,209.0,27.0,0.3,18.9,0.0,2892548,324,1900417,5671,1.1,1.1,10.27,0.98,11.24,24.63,0.48,0.05,0.53,1.15,428.4,107.0,7.0,248.4,133.0,10.0,717.0,8.0,6.0,138.3,32.0,7.0,,,1.0,30,,Dominic,Calvert-Lewin,Calvert-Lewin,Knee injury - 75% chance of playing,,1933,10,2,4,28,0,0,0,1,0,0,21,65,,,,0.0,0.19,1.3,0.98,3.03,10,25,30
698,d,25.0,25.0,5.5,146,91.0,0,0.0,0,0.0,0.1,511,184.0,67,0,2.9,209.0,86.0,3,228,0.0,788.0,348.0,0.0,12.2,0.0,62689,2,57755,18,0.0,0.0,4.2,0.98,5.18,22.4,0.3,0.07,0.37,1.59,254.6,225.0,98.0,199.8,168.0,114.0,322.0,73.0,42.0,77.7,145.0,79.0,,,,30,,Noah,Okafor,Okafor,Hip injury - 25% chance of playing,,1266,4,2,4,24,0,0,0,3,0,0,15,87,,,,0.0,0.28,1.71,1.07,6.18,20,21,46
706,a,100.0,100.0,3.9,757,217.0,0,0.0,-1,1.0,1.0,191,74.0,49,0,2.5,263.0,100.0,6,168,1.5,194.0,71.0,0.4,12.6,0.0,168060,94,63403,174,1.5,1.5,0.92,0.8,1.72,21.04,0.08,0.07,0.15,1.75,265.4,216.0,85.0,110.1,252.0,70.0,123.0,221.0,55.0,50.0,260.0,83.0,3.0,,,30,,James,Justin,Justin,,,1083,1,1,2,18,0,0,0,2,0,0,12,107,,,,0.0,0.17,1.5,1.0,8.31,27,73,41
383,u,0.0,0.0,8.0,16,11.0,0,0.0,0,0.0,0.0,606,231.0,0,0,0.0,821.0,369.0,0,0,0.0,818.0,368.0,0.0,0.0,0.0,0,0,7348,0,0.0,0.0,0.0,0.0,0.0,0.0,0.0,0.0,0.0,0.0,0.0,821.0,369.0,0.0,821.0,369.0,0.0,821.0,369.0,0.0,821.0,369.0,,,,30,,Luis,Díaz Marulanda,Luis Díaz,Has joined Bayern Munch permanently.,,0,0,0,0,0,0,0,0,0,0,0,0,0,,,,0.0,0.0,0.0,0.0,0.0,0,0,0
741,u,0.0,0.0,4.5,491,70.0,0,0.0,0,0.0,0.1,510,71.0,0,0,0.0,742.0,80.0,0,0,0.0,664.0,68.0,0.0,0.0,0.0,27606,0,24268,9,0.0,0.0,0.0,0.0,0.0,0.0,0.0,0.0,0.0,0.0,0.0,740.0,80.0,0.0,734.0,79.0,0.0,721.0,79.0,0.0,740.0,80.0,,,,30,,Harry,Gray,Gray,has joined Rotherham United on loan for the rest of the season.,,0,0,0,0,0,0,0,0,0,0,0,0,0,,,,0.0,0.0,0.0,0.0,0.0,0,0,0
787,a,,,4.4,561,336.0,0,0.0,-1,1.0,0.0,734,308.0,0,0,0.0,682.0,266.0,0,0,0.0,588.0,203.0,0.0,0.0,0.0,2107,8,1039,11,0.0,0.0,0.0,0.0,0.0,0.0,0.0,0.0,0.0,0.0,0.0,674.0,258.0,0.0,670.0,262.0,0.0,650.0,253.0,0.0,676.0,260.0,,,,30,,Sam,Chambers,Chambers,,,0,0,0,0,0,0,0,0,0,0,0,0,0,,,,0.0,0.0,0.0,0.0,0.0,0,0,0
366,d,75.0,75.0,5.4,157,4.0,0,0.0,-1,1.0,6.2,60,9.0,85,0,3.5,125.0,15.0,8,359,2.5,127.0,13.0,0.5,15.7,0.0,663886,162,1342730,1149,2.2,2.2,0.0,0.03,0.03,26.84,0.0,0.0,0.0,1.12,429.0,106.0,18.0,0.1,490.0,16.0,0.0,796.0,92.0,42.8,284.0,18.0,,,,30,,Alisson,Becker,A.Becker,Muscle injury - 75% chance of playing,,2160,0,0,8,29,0,0,0,1,0,50,24,63,,,,2.08,0.33,1.21,1.0,0.0,0,35,211
367,a,,,4.1,658,38.0,0,0.0,-4,4.0,0.5,248,33.0,19,0,3.8,79.0,9.0,0,70,0.0,509.0,80.0,0.0,4.6,0.0,155212,110,168622,74,0.5,0.5,0.0,0.0,0.0,7.1,0.0,0.0,0.0,1.42,140.0,320.0,25.0,0.0,619.0,75.0,0.0,592.0,62.0,13.9,397.0,25.0,,,,30,,Giorgi,Mamardashvili,Mamardashvili,,,450,0,0,1,10,0,1,0,0,0,17,5,45,,,,3.4,0.2,2.0,1.0,0.0,0,7,43
368,a,,,3.8,813,94.0,0,0.0,-2,2.0,0.9,196,24.0,0,0,0.0,536.0,36.0,0,0,0.0,398.0,27.0,0.0,0.0,0.0,154413,243,58228,348,0.5,0.5,0.0,0.0,0.0,0.0,0.0,0.0,0.0,0.0,0.0,526.0,36.0,0.0,512.0,18.0,0.0,482.0,5.0,0.0,528.0,36.0,,,,30,,Ármin,Pécsi,Pécsi,,,0,0,0,0,0,0,0,0,0,0,0,0,0,,,,0.0,0.0,0.0,0.0,0.0,0,0,0
369,a,,,3.9,751,75.0,0,0.0,-1,1.0,0.2,395,57.0,0,0,0.0,547.0,45.0,0,0,0.0,410.0,36.0,0.0,0.0,0.0,22439,8,17677,17,0.5,0.5,0.0,0.0,0.0,0.0,0.0,0.0,0.0,0.0,0.0,537.0,45.0,0.0,524.0,28.0,0.0,494.0,15.0,0.0,539.0,45.0,,,,30,,Freddie,Woodman,Woodman,,,0,0,0,0,0,0,0,0,0,0,0,0,0,,,,0.0,0.0,0.0,0.0,0.0,0,0,0
370,a,100.0,100.0,5.7,117,10.0,0,0.0,-3,3.0,4.9,74,24.0,45,0,3.5,128.0,43.0,1,182,2.8,111.0,41.0,0.5,7.9,0.0,626024,1022,3359981,111,3.3,3.3,0.43,1.17,1.6,6.12,0.06,0.17,0.23,0.89,93.0,368.0,142.0,155.8,200.0,52.0,113.0,227.0,58.0,36.3,307.0,103.0,,,,30,,Jeremie,Frimpong,Frimpong,,,622,0,5,3,7,0,0,0,0,0,0,7,23,,,,0.0,0.43,1.01,1.01,2.75,6,13,33
371,a,,,5.6,133,14.0,0,0.0,-4,4.0,3.1,107,41.0,72,0,2.7,239.0,93.0,4,320,3.2,90.0,33.0,0.6,12.9,0.0,354309,431,805769,126,3.7,3.7,0.95,0.64,1.59,25.01,0.04,0.03,0.07,1.15,372.6,145.0,64.0,379.4,66.0,13.0,118.0,225.0,57.0,87.2,119.0,34.0,,,,30,,Milos,Kerkez,Kerkez,,,1951,1,1,6,29,0,0,0,4,0,0,24,147,,,,0.0,0.28,1.34,1.11,5.58,40,81,76
372,a,,,5.7,113,9.0,0,0.0,-3,3.0,1.0,188,71.0,34,0,2.0,338.0,124.0,4,142,0.2,366.0,131.0,0.0,6.0,0.0,59199,91,135883,39,0.7,0.7,0.22,0.99,1.2,8.83,0.03,0.14,0.17,1.2,143.0,318.0,122.0,236.1,141.0,34.0,61.0,311.0,94.0,44.2,275.0,90.0,,,,30,,Andrew,Robertson,Robertson,,,660,0,0,3,10,0,0,0,0,0,0,5,44,,,,0.0,0.41,1.36,0.68,4.64,10,24,29
373,a,,,6.2,72,3.0,0,0.0,2,-2.0,33.4,10,3.0,130,0,4.5,35.0,14.0,9,460,4.8,36.0,15.0,0.8,21.0,0.0,4397544,13153,3456655,883,5.3,5.3,2.65,1.14,3.79,33.94,0.09,0.04,0.13,1.17,861.2,4.0,2.0,178.4,184.0,46.0,364.0,62.0,1.0,140.3,30.0,1.0,,,,30,,Virgil,van Dijk,Virgil,,,2610,3,1,9,39,0,0,0,4,0,0,29,296,,,,0.0,0.31,1.34,1.0,9.34,18,253,65
374,a,100.0,100.0,5.5,140,17.0,0,0.0,0,0.0,4.3,85,29.0,111,0,4.0,62.0,26.0,8,438,3.0,95.0,36.0,0.5,20.2,0.0,812175,1602,712071,415,3.5,3.5,1.05,0.9,1.95,28.89,0.04,0.03,0.07,1.08,637.8,32.0,12.0,138.9,216.0,55.0,96.0,255.0,71.0,87.5,117.0,33.0,,,,30,,Ibrahima,Konaté,Konaté,,,2404,1,0,9,32,0,0,0,5,0,0,28,267,,,,0.0,0.34,1.2,1.05,9.06,45,197,93
375,i,0.0,0.0,4.9,335,55.0,0,0.0,-1,1.0,0.1,416,152.0,42,0,2.8,222.0,89.0,2,157,0.0,732.0,254.0,0.0,8.6,0.0,62679,1,71968,8,0.0,0.0,0.18,0.84,1.02,10.77,0.02,0.08,0.1,1.04,157.4,306.0,117.0,105.2,260.0,74.0,62.0,306.0,92.0,32.3,327.0,111.0,,,,30,,Conor,Bradley,Bradley,Knee injury - Expected back 01 Jun,,928,0,2,4,13,0,0,0,5,0,0,12,82,,,,0.0,0.39,1.26,1.16,6.3,19,46,43
376,a,100.0,100.0,4.9,297,46.0,0,0.0,-1,1.0,0.1,413,151.0,28,0,1.9,350.0,131.0,2,75,0.5,310.0,110.0,0.1,5.7,0.0,24192,11,29663,10,1.0,1.0,0.23,0.6,0.83,6.39,0.05,0.13,0.18,1.43,98.8,362.0,138.0,70.1,307.0,101.0,26.0,371.0,127.0,19.5,375.0,132.0,,,,30,,Joe,Gomez,Gomez,,,401,0,2,2,11,0,0,0,2,0,0,5,33,,,,0.0,0.45,2.47,1.12,7.18,5,27,13
377,u,0.0,0.0,4.8,355,58.0,0,0.0,-2,2.0,0.0,593,212.0,0,0,0.0,764.0,261.0,0,0,0.0,696.0,249.0,0.0,0.0,0.0,1669,0,12272,0,0.0,0.0,0.0,0.0,0.0,0.0,0.0,0.0,0.0,0.0,0.0,763.0,261.0,0.0,758.0,261.0,0.0,750.0,261.0,0.0,763.0,261.0,,,,30,,Konstantinos,Tsimikas,Tsimikas,has joined AS Roma on loan for the rest of the season.,,0,0,0,0,0,0,0,0,0,0,0,0,0,,,,0.0,0.0,0.0,0.0,0.0,0,0,0
378,a,100.0,100.0,3.7,822,266.0,0,0.0,-3,3.0,1.1,187,70.0,0,0,0.0,520.0,183.0,0,0,0.0,375.0,136.0,0.0,0.0,0.0,228240,41,120652,443,0.5,0.5,0.0,0.0,0.0,0.0,0.0,0.0,0.0,0.0,0.0,510.0,183.0,0.0,495.0,182.0,0.0,463.0,175.0,0.0,512.0,183.0,,,,30,,Amara,Nallo,Nallo,,,0,0,0,0,0,0,0,0,0,0,0,0,0,,,,0.0,0.0,0.0,0.0,0.0,0,0,0
379,a,,,3.7,817,261.0,0,0.0,-3,3.0,0.6,236,89.0,0,0,0.0,518.0,181.0,0,0,0.0,372.0,133.0,0.0,0.0,0.0,97005,69,54463,221,0.5,0.5,0.0,0.0,0.0,0.0,0.0,0.0,0.0,0.0,0.0,508.0,181.0,0.0,492.0,179.0,0.0,460.0,172.0,0.0,510.0,181.0,,,,30,,Rhys,Williams,R.Williams,,,0,0,0,0,0,0,0,0,0,0,0,0,0,,,,0.0,0.0,0.0,0.0,0.0,0,0,0
380,a,,,3.8,800,245.0,0,0.0,-2,2.0,0.2,355,130.0,0,0,0.0,527.0,189.0,0,0,0.0,386.0,146.0,0.0,0.0,0.0,27855,8,31994,18,0.5,0.5,0.0,0.0,0.0,0.0,0.0,0.0,0.0,0.0,0.0,517.0,189.0,0.0,502.0,188.0,0.0,471.0,182.0,0.0,519.0,189.0,,,,30,,Calvin,Ramsay,Ramsay,,,0,0,0,0,0,0,0,0,0,0,0,0,0,,,,0.0,0.0,0.0,0.0,0.0,0,0,0
381,a,100.0,100.0,14.0,2,1.0,0,0.0,-5,5.0,14.6,22,9.0,96,0,4.6,29.0,14.0,7,305,3.5,78.0,37.0,0.2,6.9,0.0,1422102,1587,5917447,367,4.0,4.0,6.65,4.39,11.04,26.01,0.33,0.22,0.55,1.31,394.4,129.0,42.0,617.5,16.0,16.0,644.0,17.0,6.0,165.6,17.0,13.0,2.0,4.0,1.0,30,,Mohamed,Salah,M.Salah,,,1792,5,6,6,31,0,0,0,1,0,0,19,82,,,,0.0,0.3,1.56,0.95,4.12,10,10,62
382,a,100.0,100.0,8.3,14,9.0,0,0.0,-2,2.0,9.3,35,13.0,100,0,4.0,69.0,32.0,16,412,0.0,819.0,369.0,0.0,12.0,0.0,2199636,1924,4755479,521,0.5,0.5,5.64,4.1,9.73,23.77,0.27,0.2,0.47,1.16,409.0,118.0,38.0,682.1,12.0,12.0,530.0,25.0,12.0,162.1,20.0,16.0,4.0,5.0,,30,,Florian,Wirtz,Wirtz,,,1850,4,3,8,23,0,0,0,1,0,0,21,133,,,,0.0,0.39,1.12,1.02,6.47,28,19,86
384,a,100.0,100.0,7.3,27,17.0,0,0.0,-2,2.0,6.0,62,21.0,101,0,3.7,103.0,50.0,5,365,3.0,100.0,43.0,0.4,13.8,0.0,3439682,707,3774746,464,3.5,3.5,6.28,4.21,10.49,21.77,0.29,0.19,0.48,0.99,422.6,111.0,36.0,574.6,20.0,20.0,629.0,18.0,7.0,162.5,19.0,15.0,3.0,,3.0,30,,Cody,Gakpo,Gakpo,,,1972,6,3,8,27,0,0,0,2,0,0,23,117,,,,0.0,0.37,1.23,1.05,5.34,21,29,67
385,d,75.0,75.0,6.3,67,45.0,0,0.0,-2,2.0,0.3,333,113.0,33,0,1.6,402.0,176.0,0,122,0.5,325.0,148.0,0.1,5.2,0.0,56554,1,69312,30,0.8,0.8,1.29,0.51,1.8,5.17,0.44,0.17,0.61,1.77,117.8,343.0,153.0,36.6,367.0,188.0,138.0,202.0,114.0,29.2,342.0,165.0,,,,30,,Federico,Chiesa,Chiesa,Illness - 75% chance of playing,,263,2,1,0,7,0,0,0,2,0,0,1,27,,,,0.0,0.0,2.4,0.34,9.24,8,13,6
386,a,100.0,100.0,6.3,69,47.0,0,0.0,-2,2.0,2.3,129,43.0,76,0,2.7,245.0,102.0,5,364,6.0,12.0,4.0,1.0,12.1,0.0,326438,1662,295477,358,6.5,6.5,3.14,1.25,4.39,24.69,0.14,0.06,0.2,1.11,367.4,150.0,53.0,384.2,63.0,51.0,273.0,91.0,57.0,102.5,88.0,54.0,,,4.0,30,,Alexis,Mac Allister,Mac Allister,,,1996,2,2,7,28,0,0,0,4,0,0,24,172,,,,0.0,0.32,1.26,1.08,7.76,43,49,80
387,a,100.0,100.0,7.0,37,22.0,1,-1.0,5,-5.0,12.0,28,10.0,109,0,4.0,67.0,30.0,15,564,3.0,99.0,42.0,0.4,15.6,0.0,2649649,4339,1508095,1147,3.5,3.5,3.62,4.6,8.22,31.94,0.13,0.17,0.3,1.19,622.4,36.0,8.0,954.7,2.0,2.0,297.0,85.0,53.0,187.3,10.0,7.0,1.0,2.0,2.0,30,,Dominik,Szoboszlai,Szoboszlai,,,2422,4,3,8,38,0,0,1,6,1,0,27,253,,,,0.0,0.3,1.41,1.0,9.4,42,70,141
388,a,100.0,100.0,5.4,165,103.0,0,0.0,-1,1.0,0.1,460,155.0,47,0,1.9,358.0,154.0,1,275,1.0,252.0,113.0,0.2,8.7,0.0,29290,13,34484,13,1.5,1.5,1.42,2.29,3.71,19.19,0.1,0.17,0.27,1.4,228.8,244.0,105.0,327.2,83.0,63.0,160.0,179.0,99.0,71.5,167.0,87.0,,,,30,,Curtis,Jones,C.Jones,,,1234,0,2,3,23,0,0,0,1,0,0,11,136,,,,0.0,0.22,1.68,0.8,9.92,25,23,88
390,a,100.0,100.0,5.5,147,92.0,0,0.0,0,0.0,5.1,70,23.0,119,0,4.4,39.0,18.0,13,537,2.0,169.0,71.0,0.4,21.6,0.0,2052164,723,1531042,947,2.5,2.5,1.39,1.9,3.29,28.31,0.05,0.07,0.12,1.09,559.6,49.0,12.0,412.4,51.0,42.0,151.0,188.0,104.0,112.0,71.0,45.0,,,,30,,Ryan,Gravenberch,Gravenberch,,,2338,4,5,9,31,0,0,0,5,0,0,27,246,,,,0.0,0.35,1.19,1.04,9.47,45,90,111
392,i,0.0,0.0,4.9,294,183.0,0,0.0,-1,1.0,0.1,509,183.0,12,0,1.5,412.0,183.0,0,49,0.0,711.0,293.0,0.0,2.4,0.0,7365,1,15252,3,0.0,0.0,0.04,0.05,0.09,4.11,0.02,0.03,0.05,2.18,56.0,408.0,179.0,18.1,400.0,199.0,6.0,429.0,207.0,8.0,430.0,194.0,,,,30,,Endo,Wataru,Endo,Foot injury - Unknown return date,,170,0,1,1,5,0,0,0,1,0,0,1,23,,,,0.0,0.53,2.65,0.53,12.18,7,13,3
393,i,0.0,0.0,4.2,645,369.0,0,0.0,-3,3.0,0.1,531,192.0,0,0,0.0,641.0,242.0,0,0,0.0,522.0,168.0,0.0,0.0,0.0,12513,107,10685,57,0.0,0.0,0.0,0.0,0.0,0.0,0.0,0.0,0.0,0.0,0.0,632.0,232.0,0.0,626.0,237.0,0.0,601.0,225.0,0.0,634.0,234.0,,,,30,,Stefan,Bajčetić Maquieira,Bajcetic,Hamstring injury - Unknown return date,,0,0,0,0,0,0,0,0,0,0,0,0,0,,,,0.0,0.0,0.0,0.0,0.0,0,0,0
394,u,0.0,0.0,4.4,548,327.0,0,0.0,-1,1.0,0.0,679,275.0,0,0,0.0,673.0,260.0,0,0,0.0,576.0,194.0,0.0,0.0,0.0,1737,0,4101,1,0.0,0.0,0.0,0.0,0.0,0.0,0.0,0.0,0.0,0.0,0.0,664.0,251.0,0.0,661.0,256.0,0.0,639.0,245.0,0.0,666.0,253.0,,,,30,,James,McConnell,McConnell,has joined Ajax on loan for the rest of the season.,,0,0,0,0,0,0,0,0,0,0,0,0,0,,,,0.0,0.0,0.0,0.0,0.0,0,0,0
395,u,0.0,0.0,4.5,429,257.0,0,0.0,0,0.0,0.0,805,357.0,0,0,0.0,700.0,276.0,0,0,0.0,614.0,217.0,0.0,0.0,0.0,0,0,361,0,0.0,0.0,0.0,0.0,0.0,0.0,0.0,0.0,0.0,0.0,0.0,694.0,270.0,0.0,690.0,273.0,0.0,673.0,266.0,0.0,696.0,272.0,,,,30,,Tyler,Morton,Morton,Has joined Lyon permanently.,,0,0,0,0,0,0,0,0,0,0,0,0,0,,,,0.0,0.0,0.0,0.0,0.0,0,0,0
396,a,,,4.3,616,361.0,0,0.0,-2,2.0,0.3,313,106.0,3,0,1.0,466.0,204.0,0,3,0.2,342.0,151.0,0.0,0.7,0.0,98183,7,83869,23,0.7,0.7,0.37,0.0,0.37,0.0,5.55,0.0,5.55,0.0,2.2,488.0,225.0,10.3,422.0,208.0,4.0,434.0,211.0,1.5,474.0,216.0,,,,30,,Trey,Nyoni,Nyoni,,,6,0,0,0,0,0,0,0,0,0,0,0,2,,,,0.0,0.0,0.0,0.0,30.0,0,0,2
397,u,0.0,0.0,6.5,51,18.0,0,0.0,0,0.0,0.1,553,77.0,0,0,0.0,817.0,91.0,0,0,0.0,810.0,88.0,0.0,0.0,0.0,0,0,15963,1,0.0,0.0,0.0,0.0,0.0,0.0,0.0,0.0,0.0,0.0,0.0,817.0,91.0,0.0,817.0,91.0,0.0,817.0,91.0,0.0,817.0,91.0,,,,30,,Darwin,Núñez Ribeiro,Darwin,Has joined Al-Hilal permanently.,,0,0,0,0,0,0,0,0,0,0,0,0,0,,,,0.0,0.0,0.0,0.0,0.0,0,0,0
398,i,0.0,0.0,4.3,604,85.0,0,0.0,-2,2.0,0.1,478,68.0,0,0,0.0,653.0,66.0,0,0,0.0,546.0,53.0,0.0,0.0,0.0,9146,5,19810,5,0.0,0.0,0.0,0.0,0.0,0.0,0.0,0.0,0.0,0.0,0.0,643.0,66.0,0.0,638.0,65.0,0.0,615.0,65.0,0.0,645.0,66.0,,,,30,,Jayden,Danns,Danns,Hamstring injury - Unknown return date,,0,0,0,0,0,0,0,0,0,0,0,0,0,,,,0.0,0.0,0.0,0.0,0.0,0,0,0
499,i,0.0,0.0,10.3,4,2.0,0,0.0,-2,2.0,3.5,97,17.0,29,0,2.9,213.0,21.0,2,96,0.0,821.0,92.0,0.0,2.8,0.0,1797422,12,2416705,84,0.0,0.0,2.04,0.07,2.11,5.1,0.37,0.01,0.38,0.92,97.6,365.0,37.0,36.5,368.0,48.0,143.0,197.0,41.0,26.9,349.0,41.0,,,,30,,Alexander,Isak,Isak,Ankle injury - Expected back 11 Apr,,501,2,1,1,7,0,0,0,0,0,0,6,23,,,,0.0,0.18,1.26,1.08,4.13,6,6,11
661,a,100.0,100.0,9.2,7,3.0,0,0.0,7,-7.0,35.3,8,4.0,123,0,4.7,27.0,5.0,22,426,4.8,40.0,5.0,0.5,13.4,0.0,8921742,13670,6792511,1414,5.3,5.3,9.6,2.41,12.01,25.53,0.49,0.12,0.61,1.3,522.4,65.0,5.0,294.6,103.0,4.0,728.0,7.0,5.0,153.5,24.0,5.0,,,,30,,Hugo,Ekitiké,Ekitiké,,,1764,11,4,7,24,0,0,0,0,0,0,20,82,,,,0.0,0.36,1.22,1.02,4.18,11,31,40
686,a,,,4.3,621,365.0,0,0.0,-2,2.0,0.8,204,71.0,16,0,1.5,405.0,178.0,0,82,0.8,270.0,121.0,0.2,3.7,0.0,264322,128,187054,218,1.3,1.3,0.57,1.05,1.62,3.67,0.4,0.74,1.14,2.58,78.2,387.0,173.0,110.4,250.0,156.0,81.0,277.0,150.0,27.1,346.0,167.0,,,,30,,Rio,Ngumoha,Ngumoha,,,128,1,0,0,5,0,0,0,0,0,0,0,8,,,,0.0,0.0,3.52,0.0,5.62,2,1,5
692,i,0.0,0.0,4.9,347,57.0,0,0.0,-1,1.0,0.0,720,250.0,0,0,0.0,785.0,262.0,0,0,0.0,739.0,255.0,0.0,0.0,0.0,1897,4,2548,3,0.0,0.0,0.0,0.0,0.0,0.0,0.0,0.0,0.0,0.0,0.0,784.0,262.0,0.0,780.0,262.0,0.0,776.0,262.0,0.0,784.0,262.0,,,,30,,Giovanni,Leoni,Leoni,Knee injury - Expected back 01 Sep,,0,0,0,0,0,0,0,0,0,0,0,0,0,,,,0.0,0.0,0.0,0.0,0.0,0,0,0
746,a,,,4.5,489,302.0,0,0.0,0,0.0,0.0,745,316.0,0,0,0.0,741.0,311.0,0,0,0.0,663.0,259.0,0.0,0.0,0.0,1037,1,863,2,0.5,0.5,0.0,0.0,0.0,0.0,0.0,0.0,0.0,0.0,0.0,739.0,309.0,0.0,733.0,309.0,0.0,720.0,305.0,0.0,739.0,309.0,,,,30,,Kieran,Morrison,Morrison,,,0,0,0,0,0,0,0,0,0,0,0,0,0,,,,0.0,0.0,0.0,0.0,0.0,0,0,0
760,a,,,4.0,711,186.0,0,0.0,0,0.0,0.0,693,242.0,0,0,0.0,612.0,227.0,0,0,0.0,479.0,190.0,0.0,0.0,0.0,1117,3,954,2,0.5,0.5,0.0,0.0,0.0,0.0,0.0,0.0,0.0,0.0,0.0,602.0,227.0,0.0,594.0,227.0,0.0,565.0,223.0,0.0,604.0,227.0,,,,30,,Wellity,Lucky,Lucky,,,0,0,0,0,0,0,0,0,0,0,0,0,0,,,,0.0,0.0,0.0,0.0,0.0,0,0,0
82,a,100.0,100.0,8.3,12,7.0,0,0.0,13,-13.0,57.0,2,1.0,174,2,6.0,6.0,3.0,17,569,5.2,26.0,11.0,0.6,21.0,0.0,11945818,1965,6153146,21048,0.0,5.7,9.93,2.33,12.26,40.65,0.35,0.08,0.43,1.41,797.0,7.0,2.0,495.0,33.0,31.0,854.0,3.0,1.0,214.5,3.0,2.0,,,,30,,Antoine,Semenyo,Semenyo,,,2590,15,6,8,47,0,0,1,6,0,0,29,208,,,,0.0,0.28,1.63,1.01,7.23,40,40,128
182,a,,,4.5,427,22.0,0,0.0,-5,5.0,0.9,198,25.0,11,0,3.7,92.0,10.0,0,62,0.0,612.0,91.0,0.0,2.4,0.0,100014,5,273308,29,0.0,0.5,0.0,0.0,0.0,3.97,0.0,0.0,0.0,1.32,100.2,358.0,27.0,0.0,688.0,86.0,0.0,671.0,76.0,10.1,418.0,27.0,,,,30,,James,Trafford,Trafford,,,270,0,0,1,4,0,0,0,0,0,11,3,41,,,,3.67,0.33,1.33,1.0,0.0,2,6,33
260,a,100.0,100.0,5.2,207,28.0,0,0.0,7,-7.0,36.6,6,2.0,135,2,4.8,19.0,4.0,9,516,2.8,107.0,40.0,0.5,26.0,0.0,6107606,724,3172070,21684,0.0,3.3,3.52,2.1,5.62,35.53,0.13,0.08,0.21,1.27,688.4,18.0,6.0,223.2,153.0,40.0,339.0,69.0,6.0,125.2,45.0,4.0,,,,30,,Marc,Guéhi,Guéhi,,,2520,2,4,10,30,0,0,0,5,0,0,28,261,,,,0.0,0.36,1.07,1.0,8.07,37,189,118
399,u,0.0,0.0,5.3,184,5.0,0,0.0,-2,2.0,0.8,206,26.0,0,0,0.0,799.0,94.0,0,0,0.0,768.0,94.0,0.0,0.0,0.0,15200,0,273284,13,0.0,0.0,0.0,0.0,0.0,0.0,0.0,0.0,0.0,0.0,0.0,798.0,94.0,0.0,797.0,93.0,0.0,794.0,91.0,0.0,798.0,94.0,,,,30,,Ederson,Santana de Moraes,Ederson M.,has joined Fenerbache permanently.,,0,0,0,0,0,0,0,0,0,0,0,0,0,,,,0.0,0.0,0.0,0.0,0.0,0,0,0
401,a,100.0,100.0,3.8,788,93.0,0,0.0,-2,2.0,0.4,268,35.0,0,0,0.0,522.0,35.0,0,0,0.0,377.0,26.0,0.0,0.0,0.0,64024,219,38502,171,0.0,0.5,0.0,0.0,0.0,0.0,0.0,0.0,0.0,0.0,0.0,512.0,35.0,0.0,497.0,17.0,0.0,465.0,4.0,0.0,514.0,35.0,,,,30,,Marcus,Bettinelli,Bettinelli,,,0,0,0,0,0,0,0,0,0,0,0,0,0,,,,0.0,0.0,0.0,0.0,0.0,0,0,0
402,a,100.0,100.0,5.7,118,11.0,0,0.0,-3,3.0,4.5,82,27.0,44,1,3.4,139.0,50.0,7,183,4.5,45.0,17.0,0.8,7.7,0.0,631236,241,2408668,1352,0.0,5.0,0.41,1.59,2.0,9.8,0.05,0.18,0.23,1.13,170.0,293.0,114.0,143.2,212.0,53.0,57.0,317.0,100.0,37.0,306.0,102.0,,,,30,,Rayan,Aït-Nouri,Aït-Nouri,,,778,0,2,3,8,0,0,0,2,0,0,10,67,,,,0.0,0.35,0.93,1.16,6.83,28,31,40
403,i,0.0,0.0,5.9,102,7.0,0,0.0,-1,1.0,3.3,103,37.0,77,0,4.8,20.0,5.0,5,291,0.0,800.0,265.0,0.0,13.1,0.0,1374355,4,2187419,225,0.0,0.0,2.19,0.64,2.83,15.29,0.15,0.04,0.19,1.06,354.6,157.0,67.0,104.7,262.0,75.0,193.0,144.0,27.0,65.3,198.0,66.0,,,,30,,Joško,Gvardiol,Gvardiol,Leg injury - Unknown return date,,1301,2,2,6,13,0,0,0,2,0,0,15,115,,,,0.0,0.42,0.9,1.04,6.85,17,82,48
404,u,0.0,0.0,5.4,166,19.0,0,0.0,-1,1.0,0.3,343,126.0,0,0,0.0,802.0,265.0,0,0,0.0,778.0,263.0,0.0,0.0,0.0,9281,0,85541,5,0.0,0.0,0.0,0.0,0.0,0.0,0.0,0.0,0.0,0.0,0.0,801.0,265.0,0.0,800.0,265.0,0.0,798.0,265.0,0.0,801.0,265.0,,,,30,,Manuel,Akanji,Akanji,has joined Inter Milan on loan for the rest of the season.,,0,0,0,0,0,0,0,0,0,0,0,0,0,,,,0.0,0.0,0.0,0.0,0.0,0,0,0
405,a,,,5.2,204,27.0,0,0.0,-3,3.0,0.6,235,88.0,27,0,1.9,353.0,133.0,1,114,0.2,359.0,130.0,0.0,5.2,0.0,45213,14,86678,38,0.0,0.7,0.28,0.44,0.72,7.92,0.05,0.08,0.13,1.46,102.0,355.0,135.0,93.1,278.0,85.0,25.0,372.0,128.0,22.1,366.0,127.0,,,,30,,Nathan,Aké,Aké,,,487,0,0,2,7,0,0,0,1,0,0,4,41,,,,0.0,0.37,1.29,0.74,7.02,9,29,12
406,a,100.0,100.0,5.4,183,22.0,0,0.0,-1,1.0,0.4,293,109.0,35,2,2.3,303.0,112.0,0,173,1.0,254.0,91.0,0.2,6.5,0.0,55089,47,75901,69,0.0,1.5,0.44,0.13,0.57,12.08,0.04,0.01,0.05,1.23,172.0,290.0,113.0,48.6,348.0,121.0,10.0,413.0,154.0,23.2,360.0,122.0,,,,30,,Abdukodir,Khusanov,Khusanov,,,887,0,0,3,8,0,0,0,2,0,0,9,89,,,,0.0,0.3,0.81,0.91,8.12,21,59,46
407,a,100.0,100.0,5.4,172,21.0,0,0.0,-1,1.0,3.4,99,35.0,128,2,4.7,22.0,7.0,16,541,3.2,87.0,32.0,0.6,23.7,0.0,952009,186,598702,3995,0.0,3.7,0.34,1.83,2.17,26.11,0.01,0.07,0.08,1.04,557.8,51.0,23.0,418.9,47.0,6.0,98.0,251.0,69.0,107.8,77.0,16.0,,,4.0,30,,Matheus,Nunes,Matheus N.,,,2264,1,7,9,23,0,0,0,4,0,0,25,197,,,,0.0,0.36,0.91,0.99,6.32,48,111,131
408,a,100.0,100.0,5.5,137,15.0,0,0.0,0,0.0,3.4,98,34.0,112,0,4.5,32.0,12.0,4,447,2.5,129.0,49.0,0.5,20.4,0.0,949580,120,1058631,616,0.0,3.0,0.57,0.63,1.2,24.3,0.03,0.03,0.06,1.07,549.2,55.0,26.0,139.5,215.0,54.0,96.0,254.0,70.0,78.6,142.0,46.0,,,,30,,Rúben,dos Santos Gato Alves Dias,Rúben,,,2049,2,0,12,20,0,0,0,3,0,0,23,188,,,,0.0,0.53,0.88,1.01,7.2,13,151,71
409,a,100.0,100.0,5.4,156,18.0,0,0.0,-1,1.0,0.6,243,91.0,12,0,1.7,389.0,144.0,0,45,0.0,773.0,262.0,0.0,2.2,0.0,51503,13,110096,23,0.0,0.5,0.0,0.06,0.06,5.05,0.0,0.02,0.02,1.29,76.6,390.0,148.0,19.6,397.0,145.0,2.0,457.0,170.0,9.8,420.0,150.0,,,,30,,John,Stones,Stones,,,351,0,0,1,8,0,0,0,0,0,0,4,34,,,,0.0,0.26,2.05,1.03,4.87,0,19,17
410,d,25.0,25.0,4.6,400,69.0,0,0.0,-4,4.0,1.2,177,67.0,19,0,1.9,346.0,130.0,2,75,0.0,686.0,247.0,0.0,4.1,0.0,369827,3,463568,142,0.0,0.1,0.11,1.31,1.42,5.04,0.03,0.38,0.41,1.46,67.4,394.0,150.0,97.3,269.0,80.0,43.0,335.0,109.0,20.7,370.0,130.0,,,,30,,Rico,Lewis,Lewis,Ankle injury - 25% chance of playing,,311,0,1,1,5,0,0,0,1,0,0,3,23,,,,0.0,0.29,1.45,0.87,5.5,5,14,10
411,a,100.0,100.0,5.1,237,35.0,0,0.0,1,-1.0,9.7,31,11.0,125,2,4.5,31.0,11.0,6,442,6.2,5.0,4.0,1.2,24.5,0.0,2773296,1668,1571354,7501,0.0,6.7,4.0,1.72,5.72,27.49,0.17,0.07,0.24,1.16,519.8,67.0,29.0,340.0,77.0,17.0,356.0,64.0,2.0,121.7,51.0,7.0,,,,30,,Nico,O'Reilly,O'Reilly,,,2130,4,3,11,20,0,0,0,4,0,0,23,163,,,,0.0,0.46,0.85,0.97,5.96,60,81,82
412,u,0.0,0.0,5.0,283,43.0,0,0.0,0,0.0,0.0,782,261.0,0,0,0.0,798.0,264.0,0,0,0.0,755.0,258.0,0.0,0.0,0.0,0,0,852,0,0.0,0.0,0.0,0.0,0.0,0.0,0.0,0.0,0.0,0.0,0.0,797.0,264.0,0.0,795.0,264.0,0.0,791.0,264.0,0.0,797.0,264.0,,,,30,,Vitor,de Oliveira Nunes dos Reis,Vitor Reis,Has joined Girona on loan for the rest of the season.,,0,0,0,0,0,0,0,0,0,0,0,0,0,,,,0.0,0.0,0.0,0.0,0.0,0,0,0
413,a,100.0,100.0,8.3,13,8.0,0,0.0,-2,2.0,2.6,119,37.0,40,3,2.4,293.0,130.0,4,122,2.5,138.0,60.0,0.3,4.8,0.0,280768,267,1276536,618,0.0,3.0,2.19,0.68,2.87,6.58,0.35,0.11,0.46,1.05,132.2,329.0,149.0,146.4,208.0,135.0,227.0,114.0,69.0,50.2,258.0,133.0,,4.0,2.0,30,,Omar,Marmoush,Marmoush,,,566,1,3,3,5,0,0,0,2,0,0,7,32,,,,0.0,0.48,0.8,1.11,5.09,12,6,14
414,a,100.0,100.0,8.0,15,10.0,-1,1.0,0,0.0,8.3,41,14.0,112,1,4.3,45.0,21.0,10,488,1.0,262.0,120.0,0.1,14.0,0.0,6170630,82,5503808,1931,0.0,1.5,5.34,3.97,9.31,21.81,0.27,0.2,0.47,1.09,502.2,71.0,21.0,768.1,5.0,5.0,439.0,35.0,19.0,170.8,14.0,10.0,2.0,3.0,,30,,Phil,Foden,Foden,,,1807,7,3,10,16,0,0,0,4,0,0,21,134,,,,0.0,0.5,0.8,1.05,6.67,28,23,83
415,a,100.0,100.0,6.9,40,24.0,0,0.0,-1,1.0,0.4,276,97.0,27,0,1.6,403.0,177.0,0,90,0.2,369.0,167.0,0.0,3.9,0.0,34692,27,113997,29,0.0,0.7,1.77,1.19,2.96,6.6,0.28,0.19,0.47,1.06,81.2,383.0,172.0,138.9,217.0,141.0,232.0,110.0,67.0,45.2,273.0,137.0,,,,30,,Sávio,Moreira de Oliveira,Savinho,,,561,0,2,2,5,0,0,0,2,0,0,5,46,,,,0.0,0.32,0.8,0.8,7.38,6,9,31
416,a,100.0,100.0,6.2,74,48.0,0,0.0,-3,3.0,0.6,241,83.0,81,9,2.7,244.0,101.0,4,415,3.8,66.0,30.0,0.6,13.1,0.0,95427,134,134957,166,0.0,4.3,1.62,3.37,4.99,28.1,0.07,0.14,0.21,1.13,406.2,121.0,40.0,613.4,17.0,17.0,226.0,116.0,71.0,124.7,47.0,33.0,1.0,,,30,,Bernardo,Mota Veiga de Carvalho e Silva,Bernardo,,,2242,2,4,9,24,0,0,0,9,0,0,26,192,,,,0.0,0.36,0.96,1.04,7.71,32,49,111
417,a,100.0,100.0,6.4,60,39.0,0,0.0,-1,1.0,7.4,55,20.0,100,1,4.0,66.0,29.0,12,439,2.5,134.0,58.0,0.4,15.6,0.0,2736718,437,2807143,4593,0.0,3.0,2.55,6.9,9.45,16.99,0.18,0.48,0.66,1.18,440.4,98.0,34.0,709.0,10.0,10.0,365.0,60.0,37.0,151.7,25.0,20.0,3.0,2.0,,30,,Rayan,Cherki,Cherki,,,1297,3,9,6,13,0,0,0,1,0,0,14,117,,,,0.0,0.42,0.9,0.97,8.12,24,15,78
418,a,100.0,100.0,6.4,57,36.0,0,0.0,-1,1.0,2.3,126,42.0,74,1,3.4,141.0,64.0,9,318,0.5,326.0,149.0,0.1,11.6,0.0,2126669,183,2088591,162,0.0,1.0,1.88,4.57,6.45,15.76,0.14,0.34,0.48,1.16,311.4,187.0,77.0,598.3,18.0,18.0,384.0,55.0,33.0,129.2,41.0,30.0,,,3.0,30,,Jérémy,Doku,Doku,,,1222,1,7,5,13,0,0,0,0,0,0,13,83,,,,0.0,0.37,0.96,0.96,6.11,16,10,57
420,u,0.0,0.0,6.3,63,42.0,0,0.0,-2,2.0,0.1,557,203.0,0,0,0.0,814.0,365.0,0,0,0.0,803.0,359.0,0.0,0.0,0.0,1928,0,19870,1,0.0,0.0,0.0,0.0,0.0,0.0,0.0,0.0,0.0,0.0,0.0,814.0,365.0,0.0,814.0,365.0,0.0,814.0,365.0,0.0,814.0,365.0,,,,30,,İlkay,Gündoğan,Gündoğan,has joined Galatasaray permanently.,,0,0,0,0,0,0,0,0,0,0,0,0,0,,,,0.0,0.0,0.0,0.0,0.0,0,0,0
421,a,100.0,100.0,6.3,66,44.0,0,0.0,-2,2.0,0.5,257,89.0,57,4,3.2,164.0,73.0,5,292,5.5,18.0,8.0,0.9,9.0,0.0,66328,100,102086,128,0.0,6.0,0.75,2.04,2.79,16.11,0.05,0.15,0.2,1.17,305.0,190.0,79.0,361.9,70.0,54.0,99.0,248.0,137.0,76.7,149.0,81.0,,,,30,,Rodrigo 'Rodri',Hernandez Cascante,Rodrigo,,,1243,1,0,4,13,0,0,0,2,0,0,14,174,,,,0.0,0.29,0.94,1.01,12.6,35,48,91
422,a,100.0,25.0,5.8,104,67.0,0,0.0,-2,2.0,0.0,684,278.0,1,0,1.0,502.0,235.0,0,3,0.0,793.0,351.0,0.0,0.2,0.0,2446,2,3397,0,0.0,0.1,0.0,0.0,0.0,0.0,0.0,0.0,0.0,0.0,2.6,486.0,224.0,0.8,470.0,227.0,0.0,809.0,361.0,0.3,500.0,231.0,,,,30,,Mateo,Kovačić,Kovačić,,,4,0,0,0,0,0,0,0,0,0,0,0,0,,,,0.0,0.0,0.0,0.0,0.0,0,0,0
423,a,100.0,100.0,5.9,99,64.0,0,0.0,-1,1.0,0.1,473,164.0,55,0,2.6,260.0,112.0,1,289,0.0,798.0,356.0,0.0,9.3,0.0,28010,8,31212,11,0.0,0.5,0.56,1.0,1.56,16.77,0.04,0.07,0.11,1.1,278.6,206.0,87.0,185.6,178.0,121.0,64.0,300.0,162.0,52.8,245.0,125.0,,,,30,,Nico,González Iglesias,N.Gonzalez,,,1370,1,0,7,14,0,0,0,6,0,0,15,182,,,,0.0,0.46,0.92,0.99,11.96,36,67,79
425,u,0.0,0.0,5.4,182,113.0,0,0.0,-1,1.0,0.0,744,315.0,0,0,0.0,808.0,360.0,0,0,0.0,786.0,346.0,0.0,0.0,0.0,194,0,3233,0,0.0,0.0,0.0,0.0,0.0,0.0,0.0,0.0,0.0,0.0,0.0,807.0,359.0,0.0,806.0,359.0,0.0,804.0,358.0,0.0,807.0,359.0,,,,30,,Claudio,Echeverri,Echeverri,has joined Girona on loan for the rest of the season.,,0,0,0,0,0,0,0,0,0,0,0,0,0,,,,0.0,0.0,0.0,0.0,0.0,0,0,0
427,a,,,5.0,260,158.0,0,0.0,-5,5.0,9.5,33,11.0,86,1,3.3,151.0,66.0,6,325,0.5,313.0,140.0,0.1,17.2,0.0,3554248,60,4961136,939,0.0,1.0,3.96,2.16,6.12,17.28,0.24,0.13,0.37,1.05,341.4,165.0,61.0,346.0,75.0,58.0,394.0,51.0,32.0,107.3,79.0,49.0,4.0,,,30,,Tijjani,Reijnders,Reijnders,,,1488,5,2,7,16,0,0,0,2,0,0,17,95,,,,0.0,0.42,0.97,1.03,5.75,10,31,54
429,u,0.0,0.0,4.7,377,236.0,0,0.0,-3,3.0,0.1,558,204.0,0,0,0.0,761.0,327.0,0,0,0.0,688.0,278.0,0.0,0.0,0.0,4052,0,8449,2,0.0,0.0,0.0,0.0,0.0,0.0,0.0,0.0,0.0,0.0,0.0,760.0,326.0,0.0,755.0,326.0,0.0,744.0,323.0,0.0,760.0,326.0,,,,30,,Kalvin,Phillips,Phillips,has joined Sheffield United on loan for the rest of the season.,,0,0,0,0,0,0,0,0,0,0,0,0,0,,,,0.0,0.0,0.0,0.0,0.0,0,0,0
430,a,100.0,100.0,14.6,1,1.0,0,0.0,6,-6.0,59.4,1,1.0,197,2,6.8,2.0,1.0,35,786,2.5,139.0,17.0,0.2,13.5,0.0,6901111,729,3058688,30440,0.0,3.0,21.11,1.94,23.05,30.23,0.79,0.07,0.86,1.13,977.0,1.0,1.0,263.7,120.0,7.0,1217.0,1.0,1.0,245.9,2.0,1.0,,,1.0,30,,Erling,Haaland,Haaland,,,2413,22,7,10,27,0,0,1,1,0,0,28,85,,,,0.0,0.37,1.01,1.04,3.17,13,41,31
736,a,,,5.6,125,3.0,0,0.0,1,-1.0,9.6,32,6.0,104,2,3.9,77.0,8.0,3,448,3.2,89.0,8.0,0.6,18.6,0.0,2127891,568,1286234,3736,0.0,3.7,0.0,0.0,0.0,29.45,0.0,0.0,0.0,1.09,544.2,57.0,13.0,0.0,810.0,94.0,0.0,808.0,93.0,54.6,233.0,13.0,,,,30,,Gianluigi,Donnarumma,Donnarumma,,,2430,0,0,11,24,0,1,0,6,0,64,27,55,,,,2.37,0.41,0.89,1.0,0.0,0,35,184
739,u,0.0,0.0,4.4,568,341.0,0,0.0,-1,1.0,0.0,686,280.0,2,0,1.0,471.0,209.0,0,5,0.0,594.0,207.0,0.0,0.5,0.0,3500,0,3264,2,0.0,0.0,0.0,0.21,0.21,0.34,0.0,0.76,0.76,1.22,4.2,477.0,217.0,28.3,379.0,192.0,4.0,435.0,212.0,3.7,457.0,206.0,,,,30,,Divine,Mukasa,Mukasa,has joined Leicester City on loan for the rest of the season.,,25,0,0,0,0,0,0,0,0,0,0,0,1,,,,0.0,0.0,0.0,0.0,3.6,0,0,1
740,u,0.0,0.0,3.9,780,227.0,0,0.0,-1,1.0,0.0,620,219.0,0,0,0.0,569.0,206.0,0,0,0.0,433.0,168.0,0.0,0.0,0.0,3208,0,3892,1,0.0,0.0,0.0,0.0,0.0,0.0,0.0,0.0,0.0,0.0,0.0,559.0,206.0,0.0,547.0,206.0,0.0,517.0,201.0,0.0,561.0,206.0,,,,30,,Stephen,Mfuni,Mfuni,has joined Watford on loan for the rest of the season.,,0,0,0,0,0,0,0,0,0,0,0,0,0,,,,0.0,0.0,0.0,0.0,0.0,0,0,0
742,a,,,4.5,501,311.0,0,0.0,0,0.0,0.0,733,307.0,0,0,0.0,749.0,317.0,0,0,0.0,672.0,266.0,0.0,0.0,0.0,1557,1,1310,3,0.0,0.5,0.0,0.0,0.0,0.0,0.0,0.0,0.0,0.0,0.0,748.0,316.0,0.0,742.0,316.0,0.0,729.0,312.0,0.0,748.0,316.0,,,,30,,Ryan,McAidoo,McAidoo,,,0,0,0,0,0,0,0,0,0,0,0,0,0,,,,0.0,0.0,0.0,0.0,0.0,0,0,0
763,a,,,4.5,454,274.0,0,0.0,0,0.0,0.0,783,341.0,0,0,0.0,716.0,291.0,0,0,0.0,632.0,233.0,0.0,0.0,0.0,443,1,317,3,0.0,0.5,0.0,0.0,0.0,0.0,0.0,0.0,0.0,0.0,0.0,711.0,286.0,0.0,707.0,288.0,0.0,691.0,281.0,0.0,712.0,287.0,,,,30,,Charlie,Gray,Gray,,,0,0,0,0,0,0,0,0,0,0,0,0,0,,,,0.0,0.0,0.0,0.0,0.0,0,0,0
764,a,,,4.5,483,297.0,0,0.0,0,0.0,0.0,797,351.0,0,0,0.0,735.0,306.0,0,0,0.0,657.0,254.0,0.0,0.0,0.0,233,0,175,2,0.0,0.5,0.0,0.0,0.0,0.0,0.0,0.0,0.0,0.0,0.0,733.0,304.0,0.0,727.0,304.0,0.0,714.0,300.0,0.0,733.0,304.0,,,,30,,Reigan,Heskey,Heskey,,,0,0,0,0,0,0,0,0,0,0,0,0,0,,,,0.0,0.0,0.0,0.0,0.0,0,0,0
794,a,100.0,100.0,4.0,696,177.0,0,0.0,-5,5.0,0.0,751,257.0,5,0,2.5,264.0,101.0,0,27,0.0,468.0,184.0,0.0,1.2,0.0,5183,6,4649,5,0.0,0.5,0.26,0.06,0.32,1.54,0.17,0.04,0.21,1.03,34.0,430.0,159.0,14.8,406.0,148.0,26.0,370.0,126.0,7.5,433.0,156.0,,,,30,,Max,Alleyne,Alleyne,,,135,0,0,0,1,0,0,0,0,0,0,2,11,,,,0.0,0.0,0.67,1.33,7.33,3,8,4
119,a,100.0,100.0,8.7,9,5.0,0,0.0,7,-7.0,23.0,15,5.0,118,0,4.9,15.0,8.0,15,429,2.2,156.0,67.0,0.3,13.6,0.0,7111027,4949,6020955,2219,2.7,2.7,7.87,4.23,12.1,27.87,0.35,0.19,0.54,1.23,524.0,64.0,19.0,664.6,13.0,13.0,714.0,9.0,3.0,190.3,9.0,6.0,2.0,2.0,,30,,Bryan,Mbeumo,Mbeumo,,,2047,9,3,5,31,0,0,0,4,0,0,24,109,,,,0.0,0.22,1.36,1.06,4.79,19,15,75
431,a,,,4.7,388,18.0,0,0.0,-3,3.0,0.3,310,42.0,11,0,1.8,373.0,32.0,0,49,0.0,690.0,92.0,0.0,2.3,0.0,37250,18,62756,11,0.5,0.5,0.0,0.05,0.05,9.24,0.0,0.01,0.01,1.54,118.4,341.0,26.0,10.0,428.0,10.0,0.0,746.0,82.0,12.8,405.0,26.0,,,,30,,Altay,Bayındır,Bayindir,,,540,0,0,0,11,0,0,0,0,0,13,6,46,,,,2.17,0.0,1.83,1.0,0.0,0,7,39
432,u,0.0,0.0,4.9,302,11.0,0,0.0,-1,1.0,0.1,426,63.0,0,0,0.0,771.0,93.0,0,0,0.0,715.0,93.0,0.0,0.0,0.0,5156,0,26549,2,0.0,0.0,0.0,0.0,0.0,0.0,0.0,0.0,0.0,0.0,0.0,770.0,93.0,0.0,766.0,90.0,0.0,762.0,88.0,0.0,770.0,93.0,,,,30,,André,Onana,Onana,has joined Trabzonspor on loan for the rest of the season.,,0,0,0,0,0,0,0,0,0,0,0,0,0,,,,0.0,0.0,0.0,0.0,0.0,0,0,0
433,u,0.0,0.0,4.0,723,65.0,0,0.0,0,0.0,0.0,809,94.0,0,0,0.0,622.0,84.0,0,0,0.0,491.0,77.0,0.0,0.0,0.0,0,0,251,0,0.0,0.0,0.0,0.0,0.0,0.0,0.0,0.0,0.0,0.0,0.0,612.0,84.0,0.0,604.0,72.0,0.0,576.0,59.0,0.0,614.0,84.0,,,,30,,Elyh,Harrison,Harrison,On loan to Shrewsbury Town,,0,0,0,0,0,0,0,0,0,0,0,0,0,,,,0.0,0.0,0.0,0.0,0.0,0,0,0
434,a,,,3.9,741,66.0,0,0.0,-1,1.0,0.2,348,48.0,0,0,0.0,539.0,37.0,0,0,0.0,401.0,28.0,0.0,0.0,0.0,15760,6,24955,21,0.5,0.5,0.0,0.0,0.0,0.0,0.0,0.0,0.0,0.0,0.0,529.0,37.0,0.0,515.0,19.0,0.0,485.0,6.0,0.0,531.0,37.0,,,,30,,Tom,Heaton,Heaton,,,0,0,0,0,0,0,0,0,0,0,0,0,0,,,,0.0,0.0,0.0,0.0,0.0,0,0,0
435,a,,,3.9,764,81.0,0,0.0,-1,1.0,0.1,486,73.0,0,0,0.0,555.0,51.0,0,0,0.0,419.0,42.0,0.0,0.0,0.0,5495,1,8759,4,0.5,0.5,0.0,0.0,0.0,0.0,0.0,0.0,0.0,0.0,0.0,545.0,51.0,0.0,532.0,34.0,0.0,502.0,21.0,0.0,547.0,51.0,,,,30,,Dermot,Mee,Mee,,,0,0,0,0,0,0,0,0,0,0,0,0,0,,,,0.0,0.0,0.0,0.0,0.0,0,0,0
436,i,0.0,0.0,4.9,307,48.0,0,0.0,-1,1.0,1.8,146,56.0,43,0,3.3,148.0,53.0,5,169,0.0,717.0,253.0,0.0,8.8,0.0,419659,7,548372,72,0.0,0.0,1.38,0.83,2.21,18.73,0.11,0.06,0.17,1.44,276.6,208.0,82.0,60.2,329.0,110.0,122.0,222.0,56.0,45.7,271.0,89.0,,,,30,,Matthijs,de Ligt,De Ligt,Back injury - Unknown return date,,1170,1,0,1,20,0,0,0,0,0,0,13,139,,,,0.0,0.08,1.54,1.0,8.23,19,88,40
437,i,0.0,0.0,4.8,359,60.0,0,0.0,-2,2.0,0.6,244,92.0,39,0,2.8,219.0,87.0,3,165,0.0,699.0,251.0,0.0,8.1,0.0,169584,7,134679,607,0.0,0.0,0.06,0.5,0.56,9.34,0.01,0.05,0.06,0.93,220.2,255.0,102.0,78.3,300.0,96.0,10.0,409.0,152.0,31.0,334.0,113.0,,,,30,,Lisandro,Martínez,Martinez,Calf injury - Expected back 13 Apr,,904,0,0,3,11,1,0,0,0,0,0,9,75,,,,0.0,0.3,1.1,0.9,7.47,12,63,52
438,a,100.0,100.0,4.9,314,51.0,0,0.0,-1,1.0,0.2,364,134.0,28,0,1.9,351.0,132.0,3,135,2.0,167.0,64.0,0.4,5.7,0.0,36219,101,55573,15,2.5,2.5,0.17,0.28,0.44,6.96,0.03,0.04,0.07,1.03,133.8,326.0,125.0,65.9,314.0,105.0,30.0,363.0,122.0,22.8,363.0,125.0,,,,30,,Noussair,Mazraoui,Mazraoui,,,610,0,0,2,7,0,0,0,3,0,0,7,70,,,,0.0,0.3,1.03,1.03,8.56,16,42,30
439,a,,,4.2,652,156.0,0,0.0,-3,3.0,0.1,567,203.0,0,0,0.0,644.0,249.0,0,0,0.0,527.0,225.0,0.0,0.0,0.0,3372,2,8616,5,0.5,0.5,0.0,0.0,0.0,0.0,0.0,0.0,0.0,0.0,0.0,635.0,250.0,0.0,629.0,249.0,0.0,604.0,248.0,0.0,637.0,250.0,,,,30,,Diego,León Blanco,D.Leon,,,0,0,0,0,0,0,0,0,0,0,0,0,0,,,,0.0,0.0,0.0,0.0,0.0,0,0,0
440,a,100.0,100.0,4.6,399,68.0,0,0.0,1,-1.0,5.0,72,22.0,95,0,3.5,118.0,41.0,9,343,2.2,146.0,56.0,0.5,20.7,0.0,1052821,1631,674206,642,2.7,2.7,1.37,2.17,3.54,27.65,0.06,0.1,0.16,1.21,435.4,101.0,46.0,383.6,64.0,11.0,159.0,180.0,41.0,97.8,93.0,25.0,,,,30,,Diogo,Dalot Teixeira,Dalot,,,2049,1,6,6,32,0,0,0,5,0,0,23,156,,,,0.0,0.26,1.41,1.01,5.93,38,97,106
441,i,0.0,0.0,4.2,649,155.0,0,0.0,-3,3.0,3.1,106,40.0,74,0,3.4,132.0,45.0,8,261,0.0,525.0,224.0,0.0,17.6,0.0,1773191,26,2134162,1735,0.0,0.0,1.86,1.42,3.28,18.78,0.13,0.1,0.23,1.27,402.4,124.0,54.0,354.1,74.0,15.0,262.0,96.0,9.0,101.9,89.0,21.0,,,,30,,Patrick,Dorgu,Dorgu,Hamstring injury - Unknown return date,,1329,3,3,3,20,0,0,0,5,0,0,14,117,,,,0.0,0.2,1.35,0.95,6.43,47,48,72
442,a,100.0,100.0,4.4,521,100.0,0,0.0,-1,1.0,1.7,151,58.0,62,0,3.9,71.0,28.0,3,204,2.5,118.0,45.0,0.6,14.1,0.0,298576,610,189635,167,3.0,3.0,0.78,0.08,0.86,14.8,0.07,0.01,0.08,1.29,223.2,249.0,98.0,25.7,383.0,138.0,104.0,242.0,64.0,35.5,312.0,105.0,,,,30,,Harry,Maguire,Maguire,,,1032,1,1,5,12,0,0,0,2,0,0,12,94,,,,0.0,0.44,1.05,1.05,7.24,10,73,38
443,a,100.0,100.0,4.5,409,74.0,0,0.0,0,0.0,0.7,213,81.0,70,0,2.4,283.0,109.0,0,297,2.0,161.0,61.0,0.4,15.6,0.0,175703,224,133094,66,2.5,2.5,0.51,1.47,1.97,32.24,0.02,0.05,0.07,1.19,391.0,132.0,59.0,264.9,119.0,31.0,57.0,315.0,98.0,71.3,170.0,57.0,,,,30,,Luke,Shaw,Shaw,,,2437,0,1,6,36,0,0,0,5,0,0,29,180,,,,0.0,0.22,1.33,1.07,5.5,53,96,81
444,a,,,4.1,660,160.0,0,0.0,-4,4.0,1.3,172,66.0,46,0,1.8,365.0,136.0,1,159,2.2,143.0,53.0,0.5,11.2,0.0,216191,178,307212,73,2.7,2.7,0.94,0.39,1.33,21.26,0.06,0.02,0.08,1.34,263.2,219.0,86.0,68.8,310.0,104.0,90.0,261.0,74.0,42.1,287.0,94.0,,,,30,,Leny,Yoro,Yoro,,,1426,0,1,2,27,0,0,0,0,0,0,15,140,,,,0.0,0.13,1.7,0.95,7.45,25,93,61
445,u,0.0,0.0,4.0,721,195.0,0,0.0,0,0.0,0.1,541,193.0,0,0,0.0,620.0,234.0,0,0,0.0,489.0,199.0,0.0,0.0,0.0,1160,0,14498,3,0.0,0.0,0.0,0.0,0.0,0.0,0.0,0.0,0.0,0.0,0.0,610.0,234.0,0.0,602.0,234.0,0.0,574.0,231.0,0.0,612.0,234.0,,,,30,,Harry,Amass,Amass,has joined Norwich City on loan for the rest of the season.,,0,0,0,0,0,0,0,0,0,0,0,0,0,,,,0.0,0.0,0.0,0.0,0.0,0,0,0
446,a,,,3.7,819,263.0,0,0.0,-3,3.0,0.1,424,157.0,1,0,1.0,448.0,161.0,0,4,0.0,374.0,135.0,0.0,0.3,0.0,11395,69,14967,16,0.5,0.5,0.0,0.0,0.0,0.3,0.0,0.0,0.0,13.5,4.0,478.0,172.0,0.0,494.0,181.0,0.0,462.0,174.0,0.4,491.0,173.0,,,,30,,Tyler,Fredricson,Fredricson,,,2,0,0,0,0,0,0,0,0,0,0,0,2,,,,0.0,0.0,0.0,0.0,90.0,0,2,0
447,a,100.0,100.0,3.7,821,265.0,0,0.0,-3,3.0,2.3,132,51.0,27,0,2.1,319.0,117.0,0,109,0.2,329.0,112.0,0.1,7.3,0.0,468173,459,372353,711,0.7,0.7,0.34,0.17,0.51,7.95,0.05,0.02,0.07,1.11,175.6,288.0,112.0,27.2,382.0,137.0,26.0,369.0,125.0,22.9,362.0,124.0,,,,30,,Ayden,Heaven,Heaven,,,642,0,1,1,12,1,0,0,2,0,0,8,73,,,,0.0,0.14,1.68,1.12,10.09,16,56,31
448,a,,,3.8,790,235.0,0,0.0,-2,2.0,0.4,285,105.0,2,0,1.0,449.0,162.0,0,2,0.2,331.0,114.0,0.1,0.5,0.0,53999,10,58378,25,0.7,0.7,0.0,0.0,0.0,0.35,0.0,0.0,0.0,4.5,3.6,481.0,173.0,0.5,472.0,173.0,0.0,466.0,177.0,0.4,492.0,174.0,,,,30,,Tyrell,Malacia,Malacia,,,7,0,0,0,1,0,0,0,0,0,0,0,2,,,,0.0,0.0,12.86,0.0,25.71,1,1,2
449,a,100.0,100.0,10.1,5,3.0,0,0.0,11,-11.0,41.5,5,2.0,166,0,6.4,4.0,1.0,31,718,5.8,13.0,5.0,0.6,16.4,0.0,7961356,10578,5460835,438,6.3,6.3,9.08,8.41,17.49,31.44,0.36,0.34,0.7,1.25,921.4,2.0,1.0,1335.0,1.0,1.0,437.0,36.0,20.0,269.6,1.0,1.0,1.0,1.0,1.0,30,,Bruno,Borges Fernandes,B.Fernandes,,,2255,7,14,4,36,0,0,2,3,0,0,26,224,,,,0.0,0.16,1.44,1.04,8.94,42,55,127
450,a,100.0,100.0,8.0,17,12.0,0,0.0,0,0.0,7.5,54,19.0,103,0,4.0,68.0,31.0,10,415,2.5,137.0,59.0,0.3,12.9,0.0,3067292,1691,3162884,970,3.0,3.0,5.51,2.43,7.94,25.43,0.26,0.12,0.38,1.21,475.0,81.0,26.0,386.5,60.0,48.0,576.0,22.0,10.0,143.9,29.0,24.0,,,,30,,Matheus,Santos Carneiro da Cunha,Cunha,,,1897,6,3,6,26,0,0,0,1,0,0,22,158,,,,0.0,0.28,1.23,1.04,7.5,31,33,94
451,u,0.0,0.0,7.0,35,20.0,0,0.0,0,0.0,0.0,709,291.0,0,0,0.0,820.0,368.0,0,0,0.0,815.0,367.0,0.0,0.0,0.0,0,0,2128,0,0.0,0.0,0.0,0.0,0.0,0.0,0.0,0.0,0.0,0.0,0.0,820.0,368.0,0.0,820.0,368.0,0.0,820.0,368.0,0.0,820.0,368.0,,,,30,,Marcus,Rashford,Rashford,Has joined Barcelona on loan for the rest of the season,,0,0,0,0,0,0,0,0,0,0,0,0,0,,,,0.0,0.0,0.0,0.0,0.0,0,0,0
452,a,100.0,100.0,6.2,78,51.0,0,0.0,-3,3.0,1.5,161,55.0,70,0,3.0,196.0,83.0,6,366,0.8,296.0,135.0,0.1,11.3,0.0,431229,163,601431,328,1.3,1.3,4.17,3.41,7.58,21.48,0.22,0.18,0.4,1.11,360.6,154.0,56.0,506.1,31.0,29.0,427.0,41.0,24.0,129.5,39.0,28.0,,,,30,,Amad,Diallo,Amad,,,1736,2,4,4,24,0,0,0,2,0,0,20,152,,,,0.0,0.21,1.24,1.04,7.88,31,37,84
454,u,0.0,0.0,5.9,100,65.0,0,0.0,-1,1.0,0.1,566,210.0,0,0,0.0,813.0,364.0,0,0,0.0,799.0,357.0,0.0,0.0,0.0,1511,0,10719,1,0.0,0.0,0.0,0.0,0.0,0.0,0.0,0.0,0.0,0.0,0.0,813.0,364.0,0.0,813.0,364.0,0.0,812.0,364.0,0.0,813.0,364.0,,,,30,,Antony,dos Santos,Antony,has joined Real Betis permanently.,,0,0,0,0,0,0,0,0,0,0,0,0,0,,,,0.0,0.0,0.0,0.0,0.0,0,0,0
455,d,75.0,75.0,5.9,95,61.0,0,0.0,-1,1.0,0.3,331,111.0,46,0,2.7,243.0,100.0,3,164,0.0,795.0,353.0,0.0,7.8,0.0,183810,4,198633,14,0.4,0.4,1.54,1.4,2.94,10.3,0.17,0.16,0.33,1.14,162.4,302.0,135.0,198.5,169.0,115.0,158.0,181.0,100.0,51.9,250.0,128.0,,,,30,,Mason,Mount,Mount,Lack of match fitness - 75% chance of playing,,812,3,0,3,14,0,0,0,0,0,0,10,62,,,,0.0,0.33,1.55,1.11,6.87,14,7,41
457,a,100.0,100.0,5.7,112,72.0,1,-1.0,2,-2.0,2.8,113,35.0,127,0,4.7,24.0,12.0,15,474,4.2,53.0,23.0,0.7,22.3,0.0,690540,1941,396807,556,4.7,4.7,4.55,2.61,7.16,21.23,0.21,0.12,0.33,0.97,622.2,37.0,9.0,404.2,54.0,43.0,426.0,43.0,26.0,145.5,27.0,22.0,,,,30,,Carlos Henrique,Casimiro,Casemiro,,,1964,6,4,8,22,0,0,0,6,1,0,26,259,,,,0.0,0.37,1.01,1.19,11.87,65,84,110
458,a,100.0,100.0,4.6,402,248.0,0,0.0,-4,4.0,1.3,169,58.0,39,0,1.9,347.0,149.0,0,185,1.8,173.0,72.0,0.4,8.5,0.0,224406,214,156256,360,2.3,2.3,0.24,0.71,0.95,12.27,0.02,0.07,0.09,1.18,199.0,268.0,113.0,254.4,127.0,89.0,55.0,320.0,168.0,50.9,254.0,130.0,,,,30,,Kobbie,Mainoo,Mainoo,,,933,0,2,3,14,0,0,0,0,0,0,8,97,,,,0.0,0.29,1.35,0.77,9.36,22,25,50
459,a,,,4.7,386,240.0,0,0.0,-3,3.0,0.1,419,143.0,32,0,1.7,386.0,165.0,0,157,0.2,349.0,154.0,0.0,6.8,0.0,29868,4,38613,17,0.7,0.7,0.5,0.15,0.65,15.71,0.06,0.02,0.08,1.82,134.6,324.0,145.0,64.8,318.0,177.0,38.0,343.0,178.0,23.6,357.0,172.0,,,,30,,Manuel,Ugarte Ribeiro,Ugarte,,,777,0,0,1,21,0,0,0,1,0,0,7,127,,,,0.0,0.12,2.43,0.81,14.71,43,35,49
460,u,0.0,0.0,4.5,444,266.0,0,0.0,0,0.0,0.0,661,265.0,0,0,0.0,709.0,284.0,0,0,0.0,623.0,225.0,0.0,0.0,0.0,505,0,9640,1,0.0,0.0,0.0,0.0,0.0,0.0,0.0,0.0,0.0,0.0,0.0,703.0,278.0,0.0,700.0,281.0,0.0,684.0,274.0,0.0,705.0,280.0,,,,30,,Toby,Collyer,Collyer,has joined Hull City on loan for the rest of the season.,,0,0,0,0,0,0,0,0,0,0,0,0,0,,,,0.0,0.0,0.0,0.0,0.0,0,0,0
461,a,,,4.3,613,359.0,0,0.0,-2,2.0,0.0,605,230.0,0,0,0.0,658.0,251.0,0,0,0.0,553.0,183.0,0.0,0.0,0.0,3474,4,4969,3,0.5,0.5,0.0,0.0,0.0,0.0,0.0,0.0,0.0,0.0,0.0,648.0,241.0,0.0,644.0,246.0,0.0,621.0,235.0,0.0,650.0,243.0,,,,30,,Jayce,Fitzgerald,Fitzgerald,,,0,0,0,0,0,0,0,0,0,0,0,0,0,,,,0.0,0.0,0.0,0.0,0.0,0,0,0
462,a,,,4.3,610,356.0,0,0.0,-2,2.0,0.1,513,185.0,3,0,1.0,464.0,203.0,0,10,0.0,550.0,180.0,0.0,0.7,0.0,15123,7,13515,16,0.5,0.5,0.03,0.02,0.05,1.86,0.03,0.02,0.05,1.56,18.6,449.0,199.0,24.4,388.0,195.0,5.0,431.0,209.0,4.8,453.0,202.0,,,,30,,Jack,Fletcher,J.Fletcher,,,107,0,0,0,0,0,0,0,0,0,0,0,11,,,,0.0,0.0,0.0,0.0,9.25,5,2,4
463,u,0.0,0.0,4.3,622,366.0,0,0.0,-2,2.0,0.1,519,187.0,0,0,0.0,663.0,255.0,0,0,0.0,559.0,187.0,0.0,0.0,0.0,9069,0,13405,7,0.0,0.0,0.0,0.0,0.0,0.0,0.0,0.0,0.0,0.0,0.0,653.0,245.0,0.0,649.0,250.0,0.0,626.0,239.0,0.0,655.0,247.0,,,,30,,Sékou,Koné,Kone,has joined Lausanne-Sport on loan for the rest of the season.,,0,0,0,0,0,0,0,0,0,0,0,0,0,,,,0.0,0.0,0.0,0.0,0.0,0,0,0
464,u,0.0,0.0,4.5,468,286.0,0,0.0,0,0.0,0.0,696,284.0,0,0,0.0,725.0,299.0,0,0,0.0,643.0,243.0,0.0,0.0,0.0,723,0,2857,0,0.0,0.0,0.0,0.0,0.0,0.0,0.0,0.0,0.0,0.0,0.0,722.0,296.0,0.0,717.0,297.0,0.0,702.0,291.0,0.0,723.0,297.0,,,,30,,Jack,Moorhouse,Moorhouse,has joined Leyton Orient on loan for the rest of the season.,,0,0,0,0,0,0,0,0,0,0,0,0,0,,,,0.0,0.0,0.0,0.0,0.0,0,0,0
465,u,0.0,0.0,6.3,71,22.0,0,0.0,-2,2.0,0.3,345,56.0,0,0,0.0,815.0,90.0,0,0,0.0,805.0,86.0,0.0,0.0,0.0,5437,0,56692,1,0.0,0.0,0.0,0.0,0.0,0.0,0.0,0.0,0.0,0.0,0.0,815.0,90.0,0.0,815.0,90.0,0.0,815.0,90.0,0.0,815.0,90.0,,,,30,,Rasmus,Højlund,Højlund,has joined Napoli on loan for the rest of the season.,,0,0,0,0,0,0,0,0,0,0,0,0,0,,,,0.0,0.0,0.0,0.0,0.0,0,0,0
466,a,100.0,100.0,5.8,107,30.0,0,0.0,-2,2.0,0.4,271,43.0,37,0,2.1,326.0,36.0,6,130,0.5,323.0,43.0,0.1,6.4,0.0,108682,42,129912,31,1.0,1.0,2.18,0.32,2.5,7.63,0.39,0.06,0.45,1.35,152.8,309.0,30.0,161.8,196.0,19.0,195.0,142.0,35.0,50.6,257.0,30.0,,,,30,,Joshua,Zirkzee,Zirkzee,,,509,2,1,1,8,0,0,0,1,0,0,4,37,,,,0.0,0.18,1.41,0.71,6.54,8,11,18
467,a,,,4.2,648,90.0,0,0.0,-3,3.0,1.5,159,24.0,0,0,0.0,642.0,64.0,0,0,0.0,524.0,50.0,0.0,0.0,0.0,272690,22,371269,173,0.5,0.5,0.0,0.0,0.0,0.0,0.0,0.0,0.0,0.0,0.0,633.0,64.0,0.0,627.0,63.0,0.0,602.0,63.0,0.0,635.0,64.0,,,,30,,Chido,Obi,Obi,,,0,0,0,0,0,0,0,0,0,0,0,0,0,,,,0.0,0.0,0.0,0.0,0.0,0,0,0
468,u,0.0,0.0,4.5,477,67.0,0,0.0,0,0.0,0.1,508,70.0,0,0,0.0,732.0,77.0,0,0,0.0,651.0,65.0,0.0,0.0,0.0,4530,0,14859,1,0.0,0.0,0.0,0.0,0.0,0.0,0.0,0.0,0.0,0.0,0.0,729.0,77.0,0.0,724.0,76.0,0.0,710.0,76.0,0.0,730.0,77.0,,,,30,,Ethan,Wheatley,Wheatley,has joined Bradford City on loan for the rest of the season.,,0,0,0,0,0,0,0,0,0,0,0,0,0,,,,0.0,0.0,0.0,0.0,0.0,0,0,0
681,a,100.0,100.0,7.3,28,11.0,0,0.0,-2,2.0,6.1,61,12.0,89,0,3.7,104.0,7.0,17,304,4.5,46.0,6.0,0.6,12.2,0.0,1104686,3995,1410875,654,5.0,5.0,6.88,0.22,7.1,20.66,0.48,0.02,0.5,1.44,370.2,149.0,13.0,133.5,219.0,22.0,658.0,16.0,11.0,115.5,65.0,13.0,,,,30,,Benjamin,Sesko,Šeško,,,1295,8,2,1,26,0,0,0,1,0,0,13,53,,,,0.0,0.07,1.81,0.9,3.68,5,19,29
733,a,,,5.0,263,9.0,0,0.0,0,0.0,2.6,118,16.0,72,0,3.1,177.0,19.0,6,276,3.2,84.0,7.0,0.6,14.4,0.0,547302,2062,303897,277,3.7,3.7,0.0,0.0,0.0,26.27,0.0,0.0,0.0,1.14,431.2,104.0,17.0,0.0,785.0,91.0,2.0,455.0,2.0,43.3,281.0,17.0,,,,30,,Senne,Lammens,Lammens,,,2070,0,0,5,29,0,0,0,0,0,53,23,43,,,,2.3,0.22,1.26,1.0,0.0,1,21,159
755,a,100.0,100.0,4.5,480,295.0,0,0.0,0,0.0,0.0,727,301.0,2,0,1.0,481.0,217.0,0,8,0.0,654.0,252.0,0.0,0.4,0.0,3378,3,2527,2,0.5,0.5,0.07,0.0,0.07,0.11,0.52,0.0,0.52,0.82,4.0,479.0,218.0,1.5,463.0,223.0,11.0,402.0,198.0,1.5,475.0,217.0,,,,30,,Shea,Lacey,Lacey,,,12,0,0,0,0,0,0,0,0,0,0,0,1,,,,0.0,0.0,0.0,0.0,7.5,1,0,0
769,a,,,4.5,479,294.0,0,0.0,0,0.0,0.0,785,343.0,1,0,1.0,480.0,216.0,0,3,0.0,653.0,251.0,0.0,0.2,0.0,461,1,316,2,0.5,0.5,0.0,0.01,0.01,0.05,0.0,0.06,0.06,0.3,2.2,489.0,226.0,11.7,417.0,206.0,0.0,712.0,299.0,1.4,478.0,220.0,,,,30,,Bendito,Mantato,Bendito Mantato,,,15,0,0,0,0,0,0,0,0,0,0,0,0,,,,0.0,0.0,0.0,0.0,0.0,0,0,0
771,a,,,4.4,552,331.0,0,0.0,-1,1.0,0.0,731,305.0,1,0,1.0,468.0,206.0,0,3,0.0,580.0,198.0,0.0,0.2,0.0,2176,7,1220,5,0.5,0.5,0.0,0.01,0.01,0.02,0.0,0.9,0.9,1.8,0.4,503.0,230.0,1.0,467.0,225.0,0.0,643.0,249.0,0.1,507.0,232.0,,,,30,,Tyler,Fletcher,Fletcher,,,1,0,0,0,0,0,0,0,0,0,0,0,0,,,,0.0,0.0,0.0,0.0,0.0,0,0,0
788,a,,,4.0,720,194.0,0,0.0,0,0.0,0.0,740,255.0,0,0,0.0,619.0,233.0,0,0,0.0,488.0,198.0,0.0,0.0,0.0,449,3,370,1,0.5,0.5,0.0,0.0,0.0,0.0,0.0,0.0,0.0,0.0,0.0,609.0,233.0,0.0,601.0,233.0,0.0,573.0,230.0,0.0,611.0,233.0,,,,30,,Godwill,Kukonki,Kukonki,,,0,0,0,0,0,0,0,0,0,0,0,0,0,,,,0.0,0.0,0.0,0.0,0.0,0,0,0
52,a,100.0,100.0,5.3,191,119.0,0,0.0,-2,2.0,0.2,349,117.0,37,3,1.9,355.0,152.0,1,185,3.2,85.0,38.0,0.6,7.0,0.0,31458,121,76674,37,3.2,2.7,1.02,0.88,1.9,17.94,0.09,0.08,0.17,1.64,193.4,272.0,115.0,229.3,146.0,99.0,129.0,215.0,120.0,55.2,230.0,114.0,,,,30,,Jacob,Ramsey,J.Ramsey,,,984,2,1,1,22,0,0,0,3,1,0,10,96,,,,0.0,0.09,2.01,0.91,8.78,25,14,57
135,a,100.0,100.0,7.3,25,9.0,0,0.0,-2,2.0,0.6,239,35.0,19,0,1.6,404.0,48.0,0,57,0.2,370.0,47.0,0.0,2.6,0.0,238012,103,453789,74,0.2,-0.3,1.95,0.53,2.48,7.01,0.42,0.11,0.53,1.5,52.0,411.0,46.0,35.5,369.0,49.0,137.0,203.0,42.0,21.7,367.0,43.0,,,,30,,Yoane,Wissa,Wissa,,,421,1,0,1,8,0,0,0,1,0,0,4,18,,,,0.0,0.21,1.71,0.86,3.85,2,3,13
469,a,100.0,100.0,5.1,222,6.0,0,0.0,1,-1.0,4.5,83,15.0,82,0,3.7,99.0,13.0,3,336,0.8,288.0,23.0,0.2,16.1,0.0,1503104,1071,1554685,618,0.8,0.3,0.16,0.0,0.16,27.01,0.01,0.0,0.01,1.24,505.8,70.0,14.0,0.0,796.0,92.0,35.0,350.0,1.0,54.1,237.0,14.0,,,,30,,Nick,Pope,Pope,,,1966,0,1,7,32,0,0,0,1,0,67,22,121,,,,3.07,0.32,1.46,1.01,0.0,1,32,204
471,a,,,3.9,746,71.0,0,0.0,-1,1.0,0.1,435,66.0,0,0,0.0,543.0,41.0,0,0,0.0,405.0,32.0,0.0,0.0,0.0,6775,3,10609,12,0.0,-0.5,0.0,0.0,0.0,0.0,0.0,0.0,0.0,0.0,0.0,533.0,41.0,0.0,520.0,24.0,0.0,490.0,11.0,0.0,535.0,41.0,,,,30,,Mark,Gillespie,Gillespie,,,0,0,0,0,0,0,0,0,0,0,0,0,0,,,,0.0,0.0,0.0,0.0,0.0,0,0,0
472,u,0.0,0.0,4.0,668,44.0,0,0.0,0,0.0,0.0,721,84.0,0,0,0.0,578.0,65.0,0,0,0.0,443.0,57.0,0.0,0.0,0.0,0,0,2474,0,0.0,0.0,0.0,0.0,0.0,0.0,0.0,0.0,0.0,0.0,0.0,568.0,65.0,0.0,558.0,51.0,0.0,529.0,38.0,0.0,570.0,65.0,,,,30,,Odysseas,Vlachodimos,Odysseas,Has joined Sevilla on loan for the rest of the season.,,0,0,0,0,0,0,0,0,0,0,0,0,0,,,,0.0,0.0,0.0,0.0,0.0,0,0,0
473,a,100.0,100.0,5.3,198,24.0,0,0.0,-2,2.0,2.7,115,47.0,72,6,3.1,178.0,69.0,5,292,4.0,58.0,21.0,0.8,13.6,0.0,642258,10075,568707,162,4.0,3.5,0.73,2.02,2.75,26.2,0.04,0.11,0.15,1.42,438.8,99.0,44.0,292.7,104.0,25.0,131.0,213.0,52.0,86.2,124.0,38.0,2.0,4.0,,30,,Lewis,Hall,Hall,,,1659,1,2,4,30,0,0,0,3,0,0,18,151,,,,0.0,0.22,1.63,0.98,7.76,46,97,105
474,i,0.0,0.0,5.2,203,26.0,0,0.0,-3,3.0,1.2,179,68.0,51,0,3.2,160.0,60.0,0,186,0.0,762.0,261.0,0.0,9.8,0.0,296933,6,494489,54,0.0,0.0,0.97,0.6,1.57,13.85,0.08,0.05,0.13,1.14,291.2,198.0,77.0,63.6,320.0,108.0,108.0,237.0,63.0,46.4,269.0,87.0,,1.0,,30,,Fabian,Schär,Schär,Ankle injury - Expected back 18 Apr,,1089,0,0,4,13,0,0,0,1,0,0,11,133,,,,0.0,0.33,1.07,0.91,9.5,14,101,42
475,a,100.0,100.0,4.9,311,49.0,0,0.0,-1,1.0,0.4,283,103.0,64,10,3.8,80.0,31.0,6,240,2.8,105.0,39.0,0.6,13.1,0.0,77786,350,103520,7,2.8,2.3,1.28,0.28,1.56,16.0,0.1,0.02,0.12,1.25,358.8,155.0,66.0,50.0,344.0,119.0,134.0,209.0,50.0,54.3,235.0,79.0,,,,30,,Sven,Botman,Botman,,,1151,1,1,5,17,1,0,0,1,0,0,13,144,,,,0.0,0.39,1.33,1.02,8.99,11,104,62
476,a,100.0,100.0,5.0,245,37.0,0,0.0,0,0.0,3.3,101,36.0,75,1,3.4,136.0,48.0,5,218,1.2,224.0,84.0,0.2,15.0,0.0,1511798,1211,1667728,172,1.2,0.7,0.19,0.32,0.51,21.94,0.01,0.02,0.03,1.15,384.8,137.0,61.0,87.6,288.0,91.0,76.0,286.0,82.0,54.9,232.0,78.0,,,,30,,Dan,Burn,Burn,,,1721,0,3,6,28,0,0,0,7,1,0,20,212,,,,0.0,0.31,1.46,1.05,9.2,32,144,61
477,a,100.0,100.0,4.9,326,53.0,0,0.0,-1,1.0,1.9,144,55.0,55,6,3.9,75.0,30.0,3,233,1.5,204.0,76.0,0.3,11.2,0.0,1091213,557,1378599,23,1.5,1.0,0.12,0.78,0.9,12.43,0.01,0.06,0.07,0.98,192.4,273.0,110.0,183.5,180.0,44.0,36.0,348.0,114.0,41.2,293.0,96.0,,,,30,,Tino,Livramento,Livramento,,,1138,0,1,6,10,0,0,0,1,0,0,12,87,,,,0.0,0.47,0.79,0.95,4.67,19,40,71
478,a,100.0,100.0,4.9,287,44.0,0,0.0,-1,1.0,1.4,167,65.0,48,0,2.8,221.0,88.0,2,202,1.8,176.0,66.0,0.4,9.8,0.0,251460,316,376232,79,1.8,1.3,0.08,1.85,1.93,18.52,0.01,0.12,0.13,1.2,261.4,221.0,87.0,430.7,45.0,5.0,12.0,400.0,147.0,70.3,175.0,58.0,4.0,2.0,,30,,Kieran,Trippier,Trippier,,,1392,0,1,5,24,0,0,0,3,0,0,16,105,,,,0.0,0.32,1.55,1.03,4.91,22,54,65
479,i,0.0,0.0,4.3,577,123.0,0,0.0,-2,2.0,0.0,622,221.0,0,0,0.0,645.0,250.0,0,-8,0.0,530.0,227.0,0.0,0.0,0.0,1588,1,5194,2,0.0,0.0,0.0,0.0,0.0,0.25,0.0,0.0,0.0,0.5,1.4,493.0,176.0,1.2,465.0,170.0,0.0,606.0,249.0,0.3,496.0,175.0,,,,30,,Emil,Krafth,Krafth,Knee injury - Unknown return date,,45,0,0,0,2,0,0,0,0,0,0,1,1,,,,0.0,0.0,4.0,2.0,2.0,0,1,0
480,u,0.0,0.0,4.3,575,121.0,0,0.0,-2,2.0,0.0,591,210.0,1,0,0.5,516.0,179.0,0,0,0.0,529.0,226.0,0.0,0.2,0.0,2754,0,9054,2,0.0,0.0,0.04,0.0,0.04,0.55,0.19,0.0,0.19,2.61,10.2,462.0,168.0,0.0,630.0,250.0,7.0,422.0,161.0,1.7,471.0,169.0,,,,30,,Jamaal,Lascelles,Lascelles,has joined Leicester City permanently.,,19,0,0,0,2,0,0,0,0,0,0,0,5,,,,0.0,0.0,9.47,0.0,23.68,0,5,0
482,u,0.0,0.0,3.9,761,220.0,0,0.0,-1,1.0,0.1,455,168.0,0,0,0.0,553.0,201.0,0,0,0.0,417.0,163.0,0.0,0.0,0.0,8541,0,16979,2,0.0,0.0,0.0,0.0,0.0,0.0,0.0,0.0,0.0,0.0,0.0,543.0,201.0,0.0,530.0,201.0,0.0,500.0,196.0,0.0,545.0,201.0,,,,30,,Harrison,Ashby,Ashby,has joined Bradford City on loan for the rest of the season.,,0,0,0,0,0,0,0,0,0,0,0,0,0,,,,0.0,0.0,0.0,0.0,0.0,0,0,0
483,a,,,3.8,812,257.0,0,0.0,-2,2.0,0.4,286,106.0,0,0,0.0,535.0,197.0,0,0,0.0,397.0,157.0,0.0,0.0,0.0,66258,13,49227,34,0.0,-0.5,0.0,0.0,0.0,0.0,0.0,0.0,0.0,0.0,0.0,525.0,197.0,0.0,511.0,197.0,0.0,481.0,192.0,0.0,527.0,197.0,,,,30,,Miodrag,Pivaš,Pivas,,,0,0,0,0,0,0,0,0,0,0,0,0,0,,,,0.0,0.0,0.0,0.0,0.0,0,0,0
484,u,0.0,0.0,4.0,672,165.0,0,0.0,0,0.0,0.1,428,159.0,0,0,0.0,581.0,212.0,0,0,0.0,446.0,174.0,0.0,0.0,0.0,3759,0,45313,3,0.0,0.0,0.0,0.0,0.0,0.0,0.0,0.0,0.0,0.0,0.0,571.0,212.0,0.0,561.0,212.0,0.0,532.0,208.0,0.0,573.0,212.0,,,,30,,Matt,Targett,Targett,has joined Middlesbrough on loan for the rest of the season.,,0,0,0,0,0,0,0,0,0,0,0,0,0,,,,0.0,0.0,0.0,0.0,0.0,0,0,0
485,a,100.0,100.0,7.2,32,19.0,0,0.0,-3,3.0,3.3,102,34.0,88,11,3.7,102.0,49.0,7,319,5.5,19.0,9.0,0.8,12.2,0.0,1614285,19790,1488626,187,5.5,5.0,8.27,3.33,11.6,21.88,0.45,0.18,0.63,1.2,355.6,156.0,57.0,386.4,61.0,49.0,479.0,30.0,15.0,121.7,52.0,35.0,,,1.0,30,,Anthony,Gordon,Gordon,,,1640,5,4,7,29,0,0,0,3,1,0,22,83,,,,0.0,0.38,1.59,1.21,4.55,18,14,51
486,a,100.0,100.0,6.5,52,33.0,0,0.0,-5,5.0,2.6,120,38.0,40,1,1.5,417.0,185.0,0,155,1.5,211.0,91.0,0.2,6.2,0.0,560568,257,1185771,83,1.5,1.0,1.35,1.68,3.03,17.04,0.11,0.13,0.24,1.34,125.2,333.0,151.0,256.5,125.0,87.0,161.0,178.0,98.0,54.3,236.0,117.0,5.0,,,30,,Anthony,Elanga,Elanga,,,1143,0,1,2,25,0,0,0,0,0,0,12,49,,,,0.0,0.16,1.97,0.94,3.86,13,8,28
487,a,,,6.1,81,53.0,0,0.0,-4,4.0,1.1,182,63.0,81,3,2.8,229.0,95.0,8,262,1.2,233.0,101.0,0.2,13.3,0.0,734775,1177,674473,149,1.2,0.7,5.89,2.15,8.04,22.23,0.34,0.12,0.46,1.27,296.6,195.0,83.0,301.3,98.0,73.0,575.0,23.0,11.0,116.9,60.0,39.0,,,,30,,Harvey,Barnes,Barnes,,,1573,5,0,5,23,0,0,0,1,0,0,16,82,,,,0.0,0.29,1.32,0.92,4.69,12,17,53
488,i,0.0,0.0,6.8,43,27.0,0,0.0,3,-3.0,4.7,76,25.0,134,0,5.8,7.0,4.0,19,584,0.0,813.0,365.0,0.0,19.7,0.0,4039682,55,3764946,2076,0.0,0.0,4.82,3.62,8.44,26.13,0.21,0.16,0.37,1.16,682.6,20.0,5.0,634.3,15.0,15.0,365.0,61.0,38.0,168.3,15.0,11.0,3.0,5.0,2.0,30,,Bruno,Guimarães Rodriguez Moura,Bruno G.,Hamstring injury - Expected back 11 Apr,,2019,9,6,6,31,0,0,0,5,0,0,22,200,,,,0.0,0.27,1.38,0.98,8.92,50,43,107
489,a,100.0,100.0,5.9,92,58.0,0,0.0,-6,6.0,0.6,226,79.0,64,3,2.6,259.0,111.0,2,258,2.8,112.0,48.0,0.5,10.8,0.0,162706,183,347060,33,2.8,2.3,2.89,2.39,5.28,16.55,0.21,0.18,0.39,1.23,264.4,217.0,93.0,319.6,89.0,68.0,303.0,82.0,50.0,87.8,116.0,68.0,,,,30,,Jacob,Murphy,J.Murphy,,,1211,3,1,7,13,0,0,0,1,0,0,14,65,,,,0.0,0.52,0.97,1.04,4.83,13,16,36
490,a,100.0,100.0,5.9,94,60.0,0,0.0,-1,1.0,0.3,317,107.0,63,1,2.7,242.0,99.0,2,271,1.8,187.0,79.0,0.3,10.7,0.0,77518,202,104684,48,1.8,1.3,2.04,1.13,3.17,21.96,0.11,0.06,0.17,1.24,290.6,200.0,84.0,258.8,124.0,86.0,309.0,79.0,47.0,85.9,126.0,71.0,,,,30,,Joelinton Cássio,Apolinário de Lira,Joelinton,,,1597,2,1,5,22,0,0,0,8,0,0,19,194,,,,0.0,0.28,1.24,1.07,10.93,35,60,99
491,a,100.0,100.0,5.3,194,120.0,0,0.0,-2,2.0,1.1,183,64.0,71,0,2.4,290.0,127.0,2,391,2.5,126.0,53.0,0.5,13.4,0.0,212464,437,311959,176,2.5,2.0,1.56,2.35,3.91,27.26,0.07,0.1,0.17,1.2,336.6,169.0,64.0,433.5,44.0,39.0,165.0,175.0,96.0,93.8,99.0,59.0,1.0,1.0,,30,,Sandro,Tonali,Tonali,,,2037,0,2,7,31,0,0,0,3,0,0,25,211,,,,0.0,0.31,1.37,1.1,9.32,29,59,123
492,u,0.0,0.0,4.9,346,217.0,0,0.0,-1,1.0,0.0,677,274.0,0,0,0.0,784.0,343.0,0,0,0.0,738.0,313.0,0.0,0.0,0.0,655,0,3576,1,0.0,0.0,0.0,0.0,0.0,0.0,0.0,0.0,0.0,0.0,0.0,783.0,342.0,0.0,779.0,342.0,0.0,775.0,340.0,0.0,783.0,342.0,,,,30,,Antoñito,Cordero Campillo,Antoñito C.,has joined Cadiz on loan for the rest of the season.,,0,0,0,0,0,0,0,0,0,0,0,0,0,,,,0.0,0.0,0.0,0.0,0.0,0,0,0
494,a,100.0,100.0,5.0,250,151.0,0,0.0,0,0.0,0.1,502,181.0,27,6,1.4,422.0,187.0,0,107,1.8,180.0,74.0,0.4,5.4,0.0,13088,67,12622,11,1.8,1.3,0.83,0.63,1.46,12.57,0.11,0.08,0.19,1.69,86.4,373.0,165.0,126.8,228.0,146.0,108.0,236.0,131.0,32.0,329.0,160.0,,,,30,,Joe,Willock,Willock,,,668,0,1,3,12,0,0,0,3,0,0,7,70,,,,0.0,0.4,1.62,0.94,9.43,17,10,43
495,u,0.0,0.0,4.5,411,251.0,0,0.0,0,0.0,0.0,771,331.0,0,0,0.0,692.0,271.0,0,0,0.0,602.0,211.0,0.0,0.0,0.0,0,0,1611,0,0.0,0.0,0.0,0.0,0.0,0.0,0.0,0.0,0.0,0.0,0.0,686.0,265.0,0.0,681.0,268.0,0.0,662.0,260.0,0.0,688.0,267.0,,,,30,,Isaac,Hayden,Hayden,Has departed the club as a free agent.,,0,0,0,0,0,0,0,0,0,0,0,0,0,,,,0.0,0.0,0.0,0.0,0.0,0,0,0
496,u,0.0,0.0,4.4,560,335.0,0,0.0,-1,1.0,0.0,633,247.0,0,0,0.0,681.0,265.0,0,0,0.0,587.0,202.0,0.0,0.0,0.0,2219,0,7403,0,0.0,0.0,0.0,0.0,0.0,0.0,0.0,0.0,0.0,0.0,0.0,673.0,257.0,0.0,669.0,261.0,0.0,649.0,252.0,0.0,675.0,259.0,,,,30,,Garang,Kuol,Kuol,has joined Sparta Prague permanently.,,0,0,0,0,0,0,0,0,0,0,0,0,0,,,,0.0,0.0,0.0,0.0,0.0,0,0,0
497,d,50.0,0.0,4.4,558,334.0,0,0.0,-1,1.0,2.1,136,46.0,58,0,3.1,172.0,74.0,4,271,0.0,585.0,201.0,0.0,13.2,0.0,642800,24,675887,710,0.0,0.0,1.36,2.0,3.36,13.65,0.11,0.16,0.27,1.08,275.0,210.0,89.0,214.3,163.0,111.0,132.0,212.0,119.0,62.1,206.0,104.0,,,,30,,Lewis,Miley,L.Miley,Dead leg - 50% chance of playing,,1133,1,3,2,16,0,0,0,0,0,0,11,123,,,,0.0,0.16,1.27,0.87,9.77,24,42,57
498,u,0.0,0.0,4.5,437,262.0,0,0.0,0,0.0,0.0,773,333.0,0,0,0.0,706.0,281.0,0,0,0.0,620.0,222.0,0.0,0.0,0.0,117,0,1253,0,0.0,0.0,0.0,0.0,0.0,0.0,0.0,0.0,0.0,0.0,0.0,700.0,275.0,0.0,697.0,278.0,0.0,680.0,271.0,0.0,702.0,277.0,,,,30,,Joe,White,White,has joined Bradford City on loan for the rest of the season.,,0,0,0,0,0,0,0,0,0,0,0,0,0,,,,0.0,0.0,0.0,0.0,0.0,0,0,0
500,a,100.0,100.0,5.4,181,44.0,0,0.0,-1,1.0,0.2,352,58.0,30,0,1.9,360.0,42.0,2,107,2.2,148.0,18.0,0.4,5.6,0.0,76321,239,87076,54,2.2,1.7,0.69,0.04,0.73,4.77,0.23,0.01,0.24,1.61,77.4,389.0,41.0,16.1,405.0,53.0,87.0,266.0,47.0,17.8,383.0,45.0,,,,30,,William,Osula,Osula,,,267,2,1,1,6,0,0,0,0,0,0,1,13,,,,0.0,0.34,2.02,0.34,4.38,2,1,10
501,a,,,4.3,619,87.0,0,0.0,-2,2.0,0.3,346,57.0,0,0,0.0,661.0,67.0,0,0,0.0,557.0,55.0,0.0,0.0,0.0,25930,19,36207,22,0.0,-0.5,0.0,0.0,0.0,0.0,0.0,0.0,0.0,0.0,0.0,651.0,67.0,0.0,647.0,66.0,0.0,624.0,66.0,0.0,653.0,67.0,,,,30,,Sean,Neave,Neave,,,0,0,0,0,0,0,0,0,0,0,0,0,0,,,,0.0,0.0,0.0,0.0,0.0,0,0,0
674,a,,,4.8,361,14.0,0,0.0,-2,2.0,0.7,216,28.0,21,7,2.3,298.0,27.0,1,83,2.5,120.0,12.0,0.5,4.4,0.0,114654,1198,153976,34,2.5,2.0,0.0,0.0,0.0,10.87,0.0,0.0,0.0,1.33,143.4,317.0,24.0,10.0,429.0,11.0,0.0,754.0,85.0,15.4,390.0,24.0,,,,30,,Aaron,Ramsdale,Ramsdale,,,733,0,0,1,11,0,0,0,1,0,17,8,0,,,,2.09,0.12,1.35,0.98,0.0,0,7,63
684,a,,,5.0,264,41.0,0,0.0,0,0.0,4.4,84,28.0,113,8,4.2,49.0,21.0,11,360,4.0,55.0,20.0,0.8,22.6,0.0,1291030,15623,794213,275,4.0,3.5,3.74,0.88,4.62,35.56,0.15,0.03,0.18,1.39,718.2,12.0,5.0,103.7,263.0,76.0,350.0,67.0,5.0,116.9,59.0,10.0,,,,30,,Malick,Thiaw,Thiaw,,,2297,4,0,5,40,0,0,0,3,0,0,26,264,,,,0.0,0.2,1.57,1.02,9.25,29,207,95
689,a,,,4.3,623,367.0,0,0.0,-2,2.0,0.5,254,88.0,0,0,0.0,664.0,256.0,0,0,0.0,560.0,188.0,0.0,0.0,0.0,93213,107,56155,167,0.0,-0.5,0.0,0.0,0.0,0.0,0.0,0.0,0.0,0.0,0.0,654.0,246.0,0.0,650.0,251.0,0.0,627.0,240.0,0.0,656.0,248.0,,,,30,,Seung-Soo,Park,Seung soo,,,0,0,0,0,0,0,0,0,0,0,0,0,0,,,,0.0,0.0,0.0,0.0,0.0,0,0,0
714,a,100.0,100.0,6.7,47,17.0,0,0.0,-3,3.0,6.8,56,9.0,88,2,3.4,142.0,13.0,10,310,1.0,261.0,33.0,0.1,13.1,0.0,5434449,717,4749354,699,1.0,0.5,6.25,0.79,7.04,21.03,0.35,0.04,0.39,1.19,366.8,151.0,14.0,185.2,179.0,15.0,385.0,52.0,20.0,92.6,101.0,16.0,,,3.0,30,,Nick,Woltemade,Woltemade,,,1596,7,3,7,25,1,0,0,0,0,0,20,87,,,,0.0,0.39,1.41,1.13,4.91,21,25,41
753,a,,,4.0,661,39.0,0,0.0,0,0.0,0.0,691,82.0,0,0,0.0,574.0,62.0,0,0,0.0,438.0,53.0,0.0,0.0,0.0,1632,2,1025,1,0.0,-0.5,0.0,0.0,0.0,0.0,0.0,0.0,0.0,0.0,0.0,564.0,62.0,0.0,552.0,46.0,0.0,523.0,33.0,0.0,566.0,62.0,,,,30,,John,Ruddy,Ruddy,,,0,0,0,0,0,0,0,0,0,0,0,0,0,,,,0.0,0.0,0.0,0.0,0.0,0,0,0
765,a,,,4.0,716,190.0,0,0.0,0,0.0,0.0,649,229.0,0,0,0.0,616.0,230.0,0,0,0.0,484.0,194.0,0.0,0.0,0.0,3962,2,2307,7,0.0,-0.5,0.0,0.0,0.0,0.0,0.0,0.0,0.0,0.0,0.0,606.0,230.0,0.0,598.0,230.0,0.0,570.0,227.0,0.0,608.0,230.0,,,,30,,Leo,Shahar,Shahar,,,0,0,0,0,0,0,0,0,0,0,0,0,0,,,,0.0,0.0,0.0,0.0,0.0,0,0,0
772,a,,,4.5,513,318.0,0,0.0,0,0.0,0.0,775,335.0,0,0,0.0,757.0,323.0,0,0,0.0,681.0,272.0,0.0,0.0,0.0,549,2,292,1,0.0,-0.5,0.0,0.0,0.0,0.0,0.0,0.0,0.0,0.0,0.0,756.0,322.0,0.0,750.0,322.0,0.0,737.0,318.0,0.0,756.0,322.0,,,,30,,Sam,Alabi,Alabi,,,0,0,0,0,0,0,0,0,0,0,0,0,0,,,,0.0,0.0,0.0,0.0,0.0,0,0,0
12,u,0.0,0.0,4.9,304,47.0,0,0.0,-1,1.0,0.2,366,135.0,7,0,1.4,421.0,152.0,0,56,0.0,716.0,252.0,0.0,1.4,0.0,26902,0,53538,8,0.0,0.0,0.07,0.36,0.43,5.02,0.02,0.09,0.11,1.28,80.8,384.0,145.0,83.4,292.0,92.0,22.0,381.0,134.0,18.6,380.0,136.0,,,,30,,Oleksandr,Zinchenko,Zinchenko,has joined Ajax permanently.,,352,0,0,0,6,0,0,0,0,0,0,4,36,,,,0.0,0.0,1.53,1.02,6.14,10,14,17
400,d,25.0,25.0,4.7,375,16.0,0,0.0,-3,3.0,0.2,385,55.0,11,0,3.7,93.0,11.0,0,38,0.8,275.0,21.0,0.2,2.3,0.0,10973,2,24854,48,0.2,0.2,0.0,0.01,0.01,4.65,0.0,0.0,0.0,1.55,68.6,392.0,29.0,0.0,754.0,88.0,0.0,743.0,80.0,6.9,437.0,29.0,,,,30,,Stefan,Ortega Moreno,Ortega Moreno,Calf injury - 25% chance of playing,,270,0,0,1,4,0,0,0,0,0,8,3,0,,,,2.67,0.33,1.33,1.0,0.0,0,1,8
426,a,,,5.0,259,157.0,0,0.0,-5,5.0,0.1,498,178.0,7,0,0.9,507.0,238.0,0,27,0.2,355.0,159.0,0.0,1.4,0.0,13208,3,26727,3,0.2,0.2,0.02,0.17,0.19,4.2,0.01,0.09,0.1,2.22,16.2,451.0,201.0,45.0,356.0,187.0,10.0,410.0,201.0,7.2,435.0,196.0,,,5.0,30,,James,McAtee,McAtee,,,170,0,0,0,8,0,0,0,1,0,0,1,11,,,,0.0,0.0,4.24,0.53,5.82,4,1,6
502,a,100.0,100.0,4.6,397,19.0,0,0.0,-4,4.0,4.8,75,13.0,64,0,2.9,203.0,21.0,3,262,0.8,273.0,20.0,0.2,13.9,0.0,412973,237,2040979,118,0.8,0.8,0.0,0.06,0.06,31.72,0.0,0.0,0.0,1.54,473.0,82.0,15.0,10.0,427.0,9.0,0.0,742.0,79.0,48.3,263.0,15.0,,,,30,,Matz,Sels,Sels,,,1857,0,0,4,31,0,0,0,2,0,63,21,75,,,,3.05,0.19,1.5,1.02,0.0,1,21,144
503,u,0.0,0.0,4.0,691,56.0,0,0.0,0,0.0,0.1,552,77.0,0,0,0.0,597.0,76.0,0,0,0.0,463.0,69.0,0.0,0.0,0.0,448,0,15677,0,0.0,0.0,0.0,0.0,0.0,0.0,0.0,0.0,0.0,0.0,0.0,587.0,76.0,0.0,578.0,63.0,0.0,549.0,50.0,0.0,589.0,76.0,,,,30,,Carlos Miguel,dos Santos Pereira,C.Miguel,Has joined Palmeiras permanently.,,0,0,0,0,0,0,0,0,0,0,0,0,0,,,,0.0,0.0,0.0,0.0,0.0,0,0,0
505,a,,,5.1,230,31.0,0,0.0,-4,4.0,3.1,105,39.0,81,0,2.8,225.0,90.0,1,272,1.2,229.0,85.0,0.2,15.9,0.0,352064,349,1065292,154,1.2,1.2,0.81,0.44,1.25,42.71,0.03,0.02,0.05,1.47,513.8,68.0,30.0,38.6,363.0,129.0,104.0,244.0,66.0,65.9,196.0,65.0,,,,30,,Nikola,Milenković,Milenković,,,2610,0,0,6,43,1,0,0,6,0,0,29,263,,,,0.0,0.21,1.48,1.0,8.07,20,214,81
506,a,100.0,100.0,5.2,219,29.0,0,0.0,-3,3.0,1.9,141,53.0,69,0,3.3,152.0,56.0,3,274,1.2,231.0,86.0,0.2,13.3,0.0,269572,822,800827,106,1.2,1.2,0.58,0.45,1.03,29.76,0.03,0.02,0.05,1.47,492.4,77.0,36.0,101.1,266.0,78.0,73.0,293.0,86.0,66.7,188.0,63.0,,2.0,,30,,Murillo,Costa dos Santos,Murillo,,,1819,1,0,4,28,1,0,0,4,0,0,21,226,,,,0.0,0.2,1.39,1.04,9.6,30,164,90
507,a,100.0,100.0,4.7,378,62.0,0,0.0,-3,3.0,2.3,128,50.0,38,0,2.9,204.0,80.0,3,147,0.8,276.0,99.0,0.2,8.1,0.0,322822,186,1625256,105,0.8,0.8,0.28,0.67,0.95,21.06,0.02,0.05,0.07,1.66,195.4,271.0,109.0,127.5,226.0,59.0,54.0,321.0,103.0,37.8,304.0,101.0,,,,30,,Ola,Aina,Aina,,,1139,0,1,3,17,0,0,0,3,0,0,13,106,,,,0.0,0.24,1.34,1.03,6.8,16,70,64
508,a,100.0,100.0,4.7,384,64.0,0,0.0,-3,3.0,2.8,111,44.0,84,0,3.0,190.0,74.0,9,379,1.2,223.0,83.0,0.3,17.9,0.0,398424,460,1170533,125,1.2,1.2,1.54,2.9,4.44,38.3,0.06,0.11,0.17,1.41,583.0,44.0,19.0,408.3,53.0,9.0,258.0,97.0,10.0,124.8,46.0,5.0,,,,30,,Neco,Williams,N.Williams,,,2438,1,1,6,40,0,0,0,4,1,0,28,231,,,,0.0,0.22,1.48,1.03,7.05,77,114,127
509,u,0.0,0.0,4.5,433,87.0,0,0.0,0,0.0,0.0,678,237.0,0,0,0.0,703.0,258.0,0,0,0.0,617.0,244.0,0.0,0.0,0.0,427,0,4411,0,0.0,0.0,0.0,0.0,0.0,0.0,0.0,0.0,0.0,0.0,0.0,697.0,258.0,0.0,693.0,258.0,0.0,676.0,258.0,0.0,699.0,258.0,,,,30,,David,Mota Veiga Teixeira do Carmo,David Carmo,has joined Real Oviedo on loan for the rest of the season.,,0,0,0,0,0,0,0,0,0,0,0,0,0,,,,0.0,0.0,0.0,0.0,0.0,0,0,0
510,d,75.0,75.0,4.2,647,154.0,0,0.0,-3,3.0,0.1,551,199.0,5,0,1.7,383.0,143.0,0,18,0.5,300.0,103.0,0.1,1.2,0.0,3445,1,8474,14,0.4,0.4,0.14,0.0,0.14,5.45,0.06,0.0,0.06,2.29,46.2,414.0,155.0,0.8,469.0,172.0,10.0,406.0,150.0,5.6,442.0,159.0,,,,30,,Jair,Paula da Cunha Filho,Jair Cunha,Foot injury - 75% chance of playing,,214,0,0,0,4,0,0,0,0,0,0,2,21,,,,0.0,0.0,1.68,0.84,8.41,4,16,3
511,a,,,4.3,595,135.0,0,0.0,-2,2.0,0.1,506,181.0,35,0,2.3,296.0,111.0,1,145,0.2,341.0,123.0,0.0,8.1,0.0,9264,4,13429,8,0.2,0.2,0.83,0.08,0.91,14.83,0.08,0.01,0.09,1.42,233.8,239.0,93.0,20.8,394.0,143.0,59.0,314.0,97.0,31.4,331.0,112.0,,,,30,,Felipe,Rodrigues da Silva,Morato,,,938,0,0,2,17,0,0,0,4,0,0,10,124,,,,0.0,0.19,1.63,0.96,9.79,24,78,46
512,u,0.0,0.0,4.5,418,80.0,0,0.0,0,0.0,0.0,683,239.0,0,0,0.0,695.0,256.0,0,0,0.0,606.0,241.0,0.0,0.0,0.0,345,0,4129,1,0.0,0.0,0.0,0.0,0.0,0.0,0.0,0.0,0.0,0.0,0.0,689.0,256.0,0.0,684.0,256.0,0.0,665.0,255.0,0.0,691.0,256.0,,,,30,,Omar,Richards,O.Richards,has joined Rio Ave on loan for the rest of the season.,,0,0,0,0,0,0,0,0,0,0,0,0,0,,,,0.0,0.0,0.0,0.0,0.0,0,0,0
513,a,,,3.8,809,254.0,0,0.0,-2,2.0,0.3,337,124.0,2,0,1.0,451.0,164.0,0,1,0.0,395.0,155.0,0.0,0.5,0.0,29223,14,29519,19,0.0,0.0,0.0,0.01,0.01,3.13,0.0,0.01,0.01,2.35,25.4,441.0,163.0,6.3,439.0,158.0,0.0,479.0,190.0,3.2,461.0,166.0,,,,30,,Zach,Abbott,Abbott,,,120,0,0,0,4,0,0,0,0,0,0,1,10,,,,0.0,0.0,3.0,0.75,7.5,2,8,8
514,i,0.0,0.0,3.8,787,233.0,0,0.0,-2,2.0,0.3,294,110.0,0,0,0.0,521.0,184.0,0,0,0.0,376.0,137.0,0.0,0.0,0.0,42693,5,66074,43,0.0,0.0,0.0,0.0,0.0,0.0,0.0,0.0,0.0,0.0,0.0,511.0,184.0,0.0,496.0,183.0,0.0,464.0,176.0,0.0,513.0,184.0,,,,30,,Willy,Boly,Boly,Knee injury - Unknown return date,,0,0,0,0,0,0,0,0,0,0,0,0,0,,,,0.0,0.0,0.0,0.0,0.0,0,0,0
515,a,100.0,100.0,7.4,24,16.0,1,-1.0,-1,1.0,4.6,78,26.0,122,0,4.2,56.0,24.0,11,483,4.8,39.0,16.0,0.6,16.5,0.0,1040823,6214,1129093,458,4.8,4.8,7.62,2.11,9.73,40.2,0.28,0.08,0.36,1.46,531.0,63.0,18.0,641.9,14.0,14.0,588.0,21.0,9.0,175.9,13.0,9.0,,3.0,2.0,30,,Morgan,Gibbs-White,Gibbs-White,,,2477,8,2,7,39,0,0,0,1,0,0,28,140,,,,0.0,0.25,1.42,1.02,5.09,15,39,86
516,a,100.0,100.0,5.7,115,73.0,0,0.0,-3,3.0,0.7,221,77.0,74,0,2.7,240.0,98.0,6,311,2.2,149.0,62.0,0.4,13.0,0.0,268214,151,338005,59,2.2,2.2,2.69,2.34,5.03,28.34,0.15,0.13,0.28,1.56,312.8,184.0,75.0,528.2,26.0,25.0,300.0,84.0,52.0,113.8,66.0,43.0,,,,30,,Callum,Hudson-Odoi,Hudson-Odoi,,,1634,3,2,5,25,0,0,0,0,0,0,18,97,,,,0.0,0.28,1.38,0.99,5.34,13,20,64
517,a,,,5.5,141,87.0,0,0.0,0,0.0,8.2,42,15.0,131,0,4.5,34.0,15.0,10,602,4.5,44.0,19.0,0.8,23.8,0.0,1601014,7406,1289867,573,4.5,4.5,2.45,3.17,5.62,41.51,0.08,0.11,0.19,1.44,669.0,24.0,6.0,752.8,7.0,7.0,232.0,109.0,66.0,165.7,16.0,12.0,1.0,1.0,4.0,30,,Elliot,Anderson,Anderson,,,2596,2,3,7,42,0,0,0,5,0,0,29,406,,,,0.0,0.24,1.46,1.01,14.08,83,80,243
518,u,0.0,0.0,5.4,177,110.0,0,0.0,-1,1.0,0.0,619,241.0,1,0,1.0,501.0,234.0,0,6,0.0,783.0,343.0,0.0,0.2,0.0,1029,0,9146,1,0.0,0.0,0.0,0.0,0.0,0.0,0.0,0.0,0.0,0.0,5.0,476.0,216.0,0.5,476.0,229.0,4.0,440.0,216.0,1.0,485.0,223.0,,,,30,,João Pedro,Ferreira da Silva,Jota,has joined Besiktas on loan for the rest of the season.,,11,0,0,0,0,0,0,0,0,0,0,0,3,,,,0.0,0.0,0.0,0.0,24.55,2,1,0
519,a,100.0,100.0,5.0,258,156.0,0,0.0,0,0.0,0.0,632,246.0,36,0,2.0,335.0,147.0,3,157,0.8,287.0,131.0,0.2,7.2,0.0,5176,1,3910,6,0.8,0.8,1.09,0.44,1.53,16.99,0.11,0.04,0.15,1.73,182.6,282.0,122.0,153.5,203.0,130.0,119.0,224.0,125.0,45.6,272.0,136.0,,,,30,,Nicolás,Domínguez,Dominguez,,,886,1,0,3,18,0,0,0,2,0,0,13,97,,,,0.0,0.3,1.83,1.32,9.85,38,19,40
520,u,0.0,0.0,5.0,256,155.0,0,0.0,0,0.0,0.0,815,363.0,0,0,0.0,787.0,345.0,0,0,0.0,743.0,315.0,0.0,0.0,0.0,0,0,118,0,0.0,0.0,0.0,0.0,0.0,0.0,0.0,0.0,0.0,0.0,0.0,786.0,344.0,0.0,783.0,344.0,0.0,780.0,342.0,0.0,786.0,344.0,,,,30,,Lewis,O'Brien,O'Brien,Has joined Wrexham permanently.,,0,0,0,0,0,0,0,0,0,0,0,0,0,,,,0.0,0.0,0.0,0.0,0.0,0,0,0
521,a,100.0,100.0,4.9,308,192.0,0,0.0,-1,1.0,0.1,544,198.0,68,0,3.2,158.0,70.0,2,285,1.8,178.0,73.0,0.4,13.9,0.0,11103,8,12901,11,1.8,1.8,1.16,1.47,2.63,26.69,0.07,0.08,0.15,1.52,330.2,174.0,68.0,142.3,213.0,139.0,116.0,226.0,126.0,59.0,216.0,106.0,,,,30,,Ibrahim,Sangaré,Sangaré,,,1584,2,2,6,22,0,0,0,4,0,0,19,188,,,,0.0,0.34,1.25,1.08,10.68,46,66,76
522,a,100.0,100.0,4.7,382,238.0,0,0.0,-3,3.0,0.1,549,200.0,18,0,1.3,432.0,193.0,0,75,0.2,348.0,153.0,0.0,3.8,0.0,9953,4,19243,4,0.2,0.2,0.21,0.19,0.4,4.48,0.05,0.05,0.1,1.1,71.6,391.0,174.0,48.4,349.0,185.0,34.0,353.0,183.0,15.1,392.0,180.0,,,,30,,Ryan,Yates,Yates,,,368,0,1,0,5,0,0,0,1,0,0,1,36,,,,0.0,0.0,1.22,0.24,8.8,8,17,11
523,a,100.0,100.0,4.5,471,288.0,0,0.0,0,0.0,0.1,568,211.0,0,0,0.0,727.0,300.0,0,0,0.0,646.0,245.0,0.0,0.0,0.0,2712,4,16842,2,0.0,0.0,0.0,0.0,0.0,0.0,0.0,0.0,0.0,0.0,0.0,724.0,297.0,0.0,719.0,298.0,0.0,705.0,293.0,0.0,725.0,298.0,,,,30,,Eric,da Silva Moreira,Da Silva Moreira,,,0,0,0,0,0,0,0,0,0,0,0,0,0,,,,0.0,0.0,0.0,0.0,0.0,0,0,0
524,u,0.0,0.0,4.5,448,269.0,0,0.0,0,0.0,0.0,697,285.0,0,0,0.0,711.0,286.0,0,0,0.0,626.0,228.0,0.0,0.0,0.0,245,0,5709,1,0.0,0.0,0.0,0.0,0.0,0.0,0.0,0.0,0.0,0.0,0.0,706.0,281.0,0.0,702.0,283.0,0.0,686.0,276.0,0.0,707.0,282.0,,,,30,,Marko,Stamenić,Stamenic,Has joined Swansea City permanently.,,0,0,0,0,0,0,0,0,0,0,0,0,0,,,,0.0,0.0,0.0,0.0,0.0,0,0,0
525,i,0.0,0.0,7.1,34,14.0,0,0.0,-4,4.0,4.5,80,15.0,25,0,3.1,182.0,16.0,3,85,0.0,816.0,90.0,0.0,3.5,0.0,2133685,3,3391003,90,0.0,0.0,2.81,0.11,2.92,7.84,0.47,0.02,0.49,1.31,77.6,388.0,40.0,49.6,346.0,42.0,179.0,158.0,38.0,29.8,339.0,39.0,,,1.0,30,,Chris,Wood,Wood,Knee injury - Unknown return date,,538,2,0,1,8,0,0,0,0,0,0,7,14,,,,0.0,0.17,1.34,1.17,2.34,1,6,7
526,a,100.0,100.0,5.8,108,31.0,0,0.0,-2,2.0,1.2,176,27.0,71,0,2.5,276.0,29.0,6,226,3.0,97.0,12.0,0.5,12.2,0.0,438083,754,402233,184,3.0,3.0,4.3,1.06,5.36,28.42,0.23,0.06,0.29,1.54,209.6,262.0,25.0,155.8,201.0,21.0,495.0,29.0,15.0,83.7,129.0,17.0,,,3.0,30,,Igor Jesus,Maciel da Cruz,Igor Jesus,,,1662,2,4,6,31,0,0,0,0,0,0,20,79,,,,0.0,0.32,1.68,1.08,4.28,18,24,37
527,a,100.0,100.0,5.2,208,48.0,0,0.0,-3,3.0,0.3,326,52.0,15,0,1.5,414.0,49.0,1,60,0.5,317.0,40.0,0.1,2.9,0.0,36404,18,93352,16,0.5,0.5,1.05,0.39,1.44,4.46,0.43,0.16,0.59,1.81,52.4,410.0,45.0,41.8,358.0,44.0,105.0,240.0,44.0,19.8,374.0,44.0,,,,30,,Taiwo,Awoniyi,Awoniyi,,,222,1,0,0,2,0,0,0,0,0,0,1,13,,,,0.0,0.0,0.81,0.41,5.27,1,4,8
669,d,75.0,75.0,5.5,148,93.0,0,0.0,-5,5.0,0.7,220,76.0,47,0,2.2,313.0,136.0,4,168,0.5,321.0,146.0,0.1,8.5,0.0,544930,0,574364,35,0.4,0.4,1.05,1.51,2.56,15.55,0.09,0.12,0.21,1.26,165.0,297.0,131.0,216.0,161.0,109.0,178.0,159.0,87.0,56.1,228.0,112.0,4.0,,,30,,Dan,Ndoye,Ndoye,Knock - 75% chance of playing,,1111,1,2,2,17,0,0,0,1,0,0,14,94,,,,0.0,0.16,1.38,1.13,7.61,22,23,49
675,a,100.0,100.0,4.0,666,43.0,0,0.0,0,0.0,1.1,181,23.0,1,0,1.0,453.0,34.0,0,4,0.0,442.0,56.0,0.0,0.2,0.0,30438,7,100764,40,0.0,0.0,0.0,0.0,0.0,0.21,0.0,0.0,0.0,0.42,1.2,495.0,34.0,0.0,557.0,50.0,0.0,528.0,37.0,0.1,505.0,34.0,,,,30,,Angus,Gunn,Gunn,,,45,0,0,0,0,0,0,0,0,0,0,0,0,,,,0.0,0.0,0.0,0.0,0.0,0,1,4
693,a,,,5.4,176,109.0,0,0.0,-1,1.0,0.1,528,191.0,60,0,2.7,237.0,97.0,3,237,1.0,253.0,114.0,0.2,11.1,0.0,32651,10,27878,11,1.0,1.0,1.72,2.99,4.71,17.33,0.13,0.23,0.36,1.35,244.8,231.0,100.0,401.6,56.0,44.0,275.0,90.0,56.0,91.9,105.0,62.0,2.0,,,30,,Omari,Hutchinson,Hutchinson,,,1153,1,5,4,17,0,0,0,0,0,0,11,90,,,,0.0,0.31,1.33,0.86,7.03,17,13,60
696,u,0.0,0.0,6.0,90,28.0,0,0.0,0,0.0,0.1,448,65.0,9,0,1.0,504.0,61.0,0,24,0.0,802.0,85.0,0.0,1.5,0.0,15291,0,18338,2,0.0,0.0,0.44,0.02,0.46,1.57,0.44,0.02,0.46,1.59,6.8,471.0,56.0,17.7,401.0,52.0,39.0,341.0,53.0,6.3,439.0,56.0,,,,30,,Arnaud,Kalimuendo,Kalimuendo,has joined Eintracht Frankfurt on loan for the rest of the season.,,89,0,0,0,3,0,0,0,0,0,0,0,6,,,,0.0,0.0,3.03,0.0,6.07,1,1,4
715,i,0.0,0.0,4.0,674,46.0,0,0.0,0,0.0,0.3,307,41.0,11,0,2.2,306.0,28.0,0,32,0.0,448.0,59.0,0.0,2.8,0.0,66210,7,47274,76,0.0,0.0,0.0,0.0,0.0,6.13,0.0,0.0,0.0,1.26,56.4,407.0,31.0,0.0,563.0,53.0,0.0,534.0,40.0,5.7,441.0,31.0,,,,30,,John Victor,Maciel Furtado,John,Knee injury - Expected back 01 Jun,,437,0,0,1,8,0,0,0,1,0,6,5,0,,,,1.24,0.21,1.65,1.03,0.0,0,4,26
716,i,0.0,0.0,4.5,450,91.0,0,0.0,0,0.0,0.1,572,205.0,39,0,2.8,217.0,85.0,0,131,0.0,628.0,245.0,0.0,8.7,0.0,46681,1,44116,9,0.0,0.0,1.34,0.45,1.79,15.04,0.12,0.04,0.16,1.32,216.6,258.0,105.0,123.2,231.0,60.0,94.0,256.0,72.0,43.5,278.0,91.0,,,,30,,Nicolò,Savona,Savona,Knee injury - Unknown return date,,1025,2,0,3,18,0,0,0,2,0,0,11,69,,,,0.0,0.26,1.58,0.97,5.0,20,37,27
729,u,0.0,0.0,4.5,470,93.0,0,0.0,0,0.0,0.0,813,266.0,0,0,0.0,726.0,259.0,0,0,0.0,645.0,246.0,0.0,0.0,0.0,94,0,117,1,0.0,0.0,0.0,0.0,0.0,0.0,0.0,0.0,0.0,0.0,0.0,723.0,259.0,0.0,718.0,259.0,0.0,704.0,259.0,0.0,724.0,259.0,,,,30,,Luis Eduardo,Soares da Silva,Cuiabano,has joined Vasco de Gama on loan for the rest of the season.,,0,0,0,0,0,0,0,0,0,0,0,0,0,,,,0.0,0.0,0.0,0.0,0.0,0,0,0
734,a,100.0,100.0,5.9,101,66.0,0,0.0,-1,1.0,0.0,675,272.0,14,0,1.4,425.0,190.0,0,55,0.5,324.0,147.0,0.1,2.4,0.0,4548,9,4132,2,0.5,0.5,0.5,0.68,1.18,6.73,0.13,0.18,0.31,1.77,49.8,413.0,181.0,113.9,244.0,153.0,78.0,283.0,154.0,23.8,355.0,170.0,3.0,,,30,,Dilane,Bakwa,Bakwa,,,342,0,1,0,8,0,0,0,1,0,0,3,26,,,,0.0,0.0,2.11,0.79,6.84,2,3,21
805,a,,,5.5,149,36.0,0,0.0,0,0.0,0.0,688,87.0,8,0,2.7,238.0,25.0,0,34,0.2,364.0,45.0,0.0,1.5,0.0,5658,6,3610,14,0.2,0.2,0.72,0.01,0.73,1.87,0.54,0.01,0.55,1.41,37.2,425.0,49.0,12.7,414.0,55.0,31.0,360.0,54.0,7.9,431.0,55.0,,,,30,,Lorenzo,Lucca,Lucca,,,119,1,0,1,1,0,0,0,0,0,0,1,5,,,,0.0,0.76,0.76,0.76,3.78,0,4,1
814,a,,,4.5,440,88.0,0,0.0,0,0.0,0.0,786,262.0,2,0,1.0,474.0,171.0,0,8,0.2,345.0,126.0,0.0,0.4,0.0,391,2,166,2,0.2,0.2,0.0,0.36,0.36,0.05,0.0,0.68,0.68,0.09,7.8,469.0,170.0,1.7,458.0,167.0,2.0,448.0,169.0,1.1,482.0,171.0,,,,30,,Luca,Netz,Netz,,,48,0,0,0,0,0,0,0,0,0,0,0,1,,,,0.0,0.0,0.0,0.0,1.88,0,1,3
528,u,0.0,0.0,4.2,634,34.0,0,0.0,-3,3.0,0.2,407,61.0,0,0,0.0,638.0,88.0,0,0,0.0,516.0,83.0,0.0,0.0,0.0,10565,0,34472,8,0.0,0.0,0.0,0.0,0.0,0.0,0.0,0.0,0.0,0.0,0.0,629.0,88.0,0.0,622.0,78.0,0.0,597.0,66.0,0.0,631.0,88.0,,,,30,,Anthony,Patterson,Patterson,has joined Millwall on loan for the rest of the season.,,0,0,0,0,0,0,0,0,0,0,0,0,0,,,,0.0,0.0,0.0,0.0,0.0,0,0,0
529,a,,,3.9,744,69.0,0,0.0,-1,1.0,0.4,290,39.0,0,0,0.0,541.0,39.0,0,0,0.0,403.0,30.0,0.0,0.0,0.0,18763,8,34146,25,0.0,0.0,0.0,0.0,0.0,0.0,0.0,0.0,0.0,0.0,0.0,531.0,39.0,0.0,518.0,22.0,0.0,488.0,9.0,0.0,533.0,39.0,,,,30,,Simon,Moore,Moore,,,0,0,0,0,0,0,0,0,0,0,0,0,0,,,,0.0,0.0,0.0,0.0,0.0,0,0,0
530,u,0.0,0.0,3.9,771,86.0,0,0.0,-1,1.0,0.1,459,70.0,0,0,0.0,561.0,56.0,0,0,0.0,425.0,47.0,0.0,0.0,0.0,7473,0,13281,12,0.0,0.0,0.0,0.0,0.0,0.0,0.0,0.0,0.0,0.0,0.0,551.0,56.0,0.0,538.0,39.0,0.0,508.0,26.0,0.0,553.0,56.0,,,,30,,Blondy,Nna Noukeu,Nna Noukeu,has joined US Boulogne CO permanently.,,0,0,0,0,0,0,0,0,0,0,0,0,0,,,,0.0,0.0,0.0,0.0,0.0,0,0,0
531,d,75.0,100.0,4.7,385,65.0,0,0.0,2,-2.0,4.1,90,30.0,118,4,4.5,30.0,10.0,9,363,5.2,21.0,8.0,1.1,25.1,0.0,1236955,2939,978657,932,3.9,5.2,2.42,0.58,3.0,31.12,0.11,0.03,0.14,1.4,637.6,33.0,13.0,177.1,185.0,47.0,353.0,65.0,3.0,116.9,58.0,9.0,,,,30,,Daniel,Ballard,Ballard,Hamstring injury - 75% chance of playing,,2004,2,2,6,28,0,0,0,3,0,0,22,266,,,,0.0,0.27,1.26,0.99,11.41,31,223,66
532,a,,,4.5,442,89.0,0,0.0,0,0.0,0.3,299,112.0,87,2,2.9,202.0,79.0,6,309,3.2,82.0,30.0,0.7,19.3,0.0,79293,65,70731,38,3.2,3.2,1.64,1.02,2.66,40.53,0.06,0.04,0.1,1.47,394.6,128.0,57.0,281.4,113.0,28.0,183.0,156.0,33.0,85.0,127.0,40.0,2.0,,,30,,Trai,Hume,Hume,,,2489,0,1,8,32,0,0,0,7,0,0,28,198,,,,0.0,0.29,1.16,1.01,6.18,56,115,83
533,u,0.0,0.0,4.0,673,166.0,0,0.0,0,0.0,0.0,792,264.0,0,0,0.0,582.0,213.0,0,0,0.0,447.0,175.0,0.0,0.0,0.0,611,0,862,0,0.0,0.0,0.0,0.0,0.0,0.0,0.0,0.0,0.0,0.0,0.0,572.0,213.0,0.0,562.0,213.0,0.0,533.0,209.0,0.0,574.0,213.0,,,,30,,Aji,Alese,Alese,has joined Portsmouth on loan for the rest of the season.,,0,0,0,0,0,0,0,0,0,0,0,0,0,,,,0.0,0.0,0.0,0.0,0.0,0,0,0
534,u,0.0,0.0,3.8,791,236.0,0,0.0,-2,2.0,0.3,312,115.0,0,0,0.0,523.0,185.0,0,0,0.0,378.0,138.0,0.0,0.0,0.0,39413,0,65026,20,0.0,0.0,0.0,0.0,0.0,0.0,0.0,0.0,0.0,0.0,0.0,513.0,185.0,0.0,498.0,184.0,0.0,467.0,178.0,0.0,515.0,185.0,,,,30,,Joe,Anderson,Anderson,has joined Barrow FC permanently.,,0,0,0,0,0,0,0,0,0,0,0,0,0,,,,0.0,0.0,0.0,0.0,0.0,0,0,0
535,a,100.0,75.0,4.0,684,171.0,0,0.0,0,0.0,0.0,599,213.0,14,1,2.0,327.0,120.0,0,44,0.2,334.0,116.0,0.0,3.5,0.0,7356,0,6895,6,0.2,0.2,0.08,0.02,0.09,6.04,0.02,0.01,0.03,1.81,58.2,406.0,154.0,8.9,432.0,155.0,8.0,416.0,156.0,7.1,436.0,157.0,,,,30,,Dennis,Cirkin,Cirkin,,,301,0,0,1,2,0,0,0,1,0,0,3,26,,,,0.0,0.3,0.6,0.9,7.77,8,18,8
536,u,0.0,0.0,4.0,692,174.0,0,0.0,0,0.0,0.0,724,252.0,0,0,0.0,598.0,219.0,0,0,0.0,464.0,181.0,0.0,0.0,0.0,1255,0,1493,2,0.0,0.0,0.0,0.0,0.0,0.0,0.0,0.0,0.0,0.0,0.0,588.0,219.0,0.0,579.0,219.0,0.0,550.0,215.0,0.0,590.0,219.0,,,,30,,Leo Fuhr,Hjelde,Hjelde,has joined Sheffield United on loan for the rest of the season.,,0,0,0,0,0,0,0,0,0,0,0,0,0,,,,0.0,0.0,0.0,0.0,0.0,0,0,0
537,u,0.0,0.0,4.0,694,175.0,0,0.0,0,0.0,0.1,542,194.0,0,0,0.0,600.0,220.0,0,0,0.0,466.0,182.0,0.0,0.0,0.0,1038,0,16190,3,0.0,0.0,0.0,0.0,0.0,0.0,0.0,0.0,0.0,0.0,0.0,590.0,220.0,0.0,581.0,220.0,0.0,552.0,216.0,0.0,592.0,220.0,,,,30,,Niall,Huggins,Huggins,has joined Wycombe Wanderers on loan for the rest of the season.,,0,0,0,0,0,0,0,0,0,0,0,0,0,,,,0.0,0.0,0.0,0.0,0.0,0,0,0
538,u,0.0,0.0,3.8,803,248.0,0,0.0,-2,2.0,0.2,371,137.0,0,0,0.0,530.0,192.0,0,0,0.0,389.0,149.0,0.0,0.0,0.0,23261,0,33210,21,0.0,0.0,0.0,0.0,0.0,0.0,0.0,0.0,0.0,0.0,0.0,520.0,192.0,0.0,505.0,191.0,0.0,474.0,185.0,0.0,522.0,192.0,,,,30,,Zak,Johnson,Johnson,has joined York City on loan for the rest of the season.,,0,0,0,0,0,0,0,0,0,0,0,0,0,,,,0.0,0.0,0.0,0.0,0.0,0,0,0
539,a,100.0,100.0,4.0,671,164.0,0,0.0,0,0.0,0.1,539,191.0,8,1,1.1,443.0,159.0,0,30,1.5,195.0,72.0,0.4,2.0,0.0,7707,10,7586,5,1.5,1.5,0.0,0.03,0.03,2.39,0.0,0.02,0.02,1.56,16.0,452.0,166.0,3.0,451.0,163.0,4.0,433.0,163.0,2.3,468.0,168.0,,,,30,,Luke,O'Nien,O'Nien,,,138,0,0,1,0,0,0,0,1,1,0,1,9,,,,0.0,0.65,0.0,0.65,5.87,3,6,5
540,u,0.0,0.0,3.9,765,222.0,0,0.0,-1,1.0,0.3,329,120.0,0,0,0.0,556.0,202.0,0,0,0.0,420.0,164.0,0.0,0.0,0.0,47547,0,47894,10,0.0,0.0,0.0,0.0,0.0,0.0,0.0,0.0,0.0,0.0,0.0,546.0,202.0,0.0,533.0,202.0,0.0,503.0,197.0,0.0,548.0,202.0,,,,30,,Timothée,Pembélé,Pembele,has joined Le Havre AC on loan for the rest of the season.,,0,0,0,0,0,0,0,0,0,0,0,0,0,,,,0.0,0.0,0.0,0.0,0.0,0,0,0
541,d,75.0,0.0,3.8,794,239.0,0,0.0,-2,2.0,2.9,110,43.0,51,0,3.0,185.0,70.0,5,181,0.0,380.0,140.0,0.0,13.4,0.0,614999,12,1056044,784,0.0,0.0,0.13,0.46,0.59,19.99,0.01,0.03,0.04,1.26,285.4,202.0,79.0,94.0,275.0,84.0,37.0,344.0,113.0,41.8,289.0,95.0,,,,30,,Reinildo,Mandava,Reinildo,Knee injury - 75% chance of playing,,1427,0,2,4,20,0,0,0,6,1,0,17,141,,,,0.0,0.25,1.26,1.07,7.69,27,95,67
542,u,0.0,0.0,4.0,712,187.0,0,0.0,0,0.0,0.1,505,180.0,2,0,1.0,454.0,165.0,0,11,0.0,480.0,191.0,0.0,0.5,0.0,3016,0,25259,1,0.0,0.0,0.0,0.01,0.01,1.33,0.0,0.01,0.01,0.9,33.6,431.0,160.0,2.4,455.0,166.0,0.0,566.0,224.0,3.6,458.0,164.0,,,,30,,Jenson,Seelt,Seelt,has joined Wolfsburg on loan for the rest of the season.,,133,0,0,0,2,0,0,0,0,0,0,1,18,,,,0.0,0.0,1.35,0.68,8.12,4,8,6
543,u,0.0,0.0,4.9,339,210.0,0,0.0,-6,6.0,0.3,295,101.0,34,0,2.4,287.0,124.0,3,81,0.0,733.0,308.0,0.0,6.9,0.0,90681,0,230728,16,0.0,0.0,0.35,0.62,0.97,11.3,0.05,0.09,0.14,1.57,81.4,382.0,171.0,116.8,238.0,150.0,75.0,290.0,158.0,27.0,347.0,168.0,,,,30,,Simon,Adingra,Adingra,has joined AS Monaco on loan for the rest of the season.,,649,1,1,4,8,0,0,0,2,0,0,9,45,,,,0.0,0.55,1.11,1.25,6.24,11,13,21
544,a,100.0,100.0,5.3,201,124.0,0,0.0,-2,2.0,0.1,443,149.0,46,2,3.5,124.0,59.0,3,136,4.0,59.0,26.0,0.8,8.7,0.0,20065,47,19821,71,4.0,4.0,2.05,0.5,2.55,14.64,0.18,0.04,0.22,1.3,110.2,351.0,157.0,72.7,304.0,173.0,166.0,174.0,95.0,34.0,322.0,157.0,,,1.0,30,,Habib,Diarra,Diarra,,,1015,2,3,4,10,0,0,0,4,0,0,11,56,,,,0.0,0.35,0.89,0.98,4.97,10,16,30
545,u,0.0,0.0,5.4,158,98.0,0,0.0,-1,1.0,0.0,729,303.0,1,0,1.0,500.0,233.0,0,4,0.0,774.0,337.0,0.0,0.2,0.0,462,0,4082,0,0.0,0.0,0.03,0.02,0.05,0.66,0.1,0.07,0.17,2.2,1.8,492.0,227.0,7.3,435.0,211.0,5.0,432.0,210.0,1.4,479.0,221.0,,,,30,,Patrick,Roberts,Roberts,has joined Birmingham City permanently.,,27,0,0,0,1,0,0,0,0,0,0,0,1,,,,0.0,0.0,3.33,0.0,3.33,0,0,1
546,a,100.0,100.0,4.9,345,216.0,0,0.0,-1,1.0,0.0,695,283.0,0,0,0.0,783.0,342.0,0,0,0.0,737.0,312.0,0.0,0.0,0.0,484,1,3481,1,0.0,0.0,0.0,0.0,0.0,0.0,0.0,0.0,0.0,0.0,0.0,782.0,341.0,0.0,778.0,341.0,0.0,774.0,339.0,0.0,782.0,341.0,,,,30,,Milan,Aleksić,Aleksić,,,0,0,0,0,0,0,0,0,0,0,0,0,0,,,,0.0,0.0,0.0,0.0,0.0,0,0,0
547,d,75.0,100.0,5.0,267,162.0,0,0.0,0,0.0,1.4,164,57.0,107,0,3.8,82.0,35.0,8,430,4.2,50.0,22.0,0.8,21.4,0.0,384469,143,254006,790,3.2,4.2,4.58,2.93,7.51,37.38,0.18,0.11,0.29,1.47,533.2,61.0,17.0,566.5,22.0,22.0,199.0,136.0,79.0,130.0,38.0,27.0,3.0,2.0,2.0,30,,Enzo,Le Fée,E.Le Fée,Knock - 75% chance of playing,,2295,4,4,8,31,0,0,1,5,0,0,26,246,,,,0.0,0.31,1.22,1.02,9.65,67,63,116
548,i,0.0,0.0,4.9,329,204.0,0,0.0,-1,1.0,0.0,752,319.0,14,0,1.0,490.0,224.0,0,42,0.2,354.0,158.0,0.0,2.9,0.0,1127,0,1625,1,0.0,0.0,0.87,0.48,1.35,8.54,0.2,0.11,0.31,1.93,29.4,435.0,192.0,33.6,371.0,189.0,69.0,296.0,160.0,12.7,406.0,183.0,,,,30,,Romaine,Mundle,Mundle,Hamstring injury - Expected back 18 Apr,,399,0,0,0,11,0,0,0,1,0,0,2,33,,,,0.0,0.0,2.48,0.45,7.44,5,6,22
549,u,0.0,0.0,4.8,360,225.0,0,0.0,-2,2.0,0.0,655,260.0,3,0,1.0,488.0,223.0,0,10,0.0,700.0,285.0,0.0,0.6,0.0,1972,0,4663,2,0.0,0.0,0.0,0.0,0.0,0.64,0.0,0.0,0.0,4.43,3.0,485.0,223.0,1.4,464.0,224.0,0.0,753.0,326.0,0.4,495.0,227.0,,,,30,,Dan,Neil,Neil,has joined Ipswich Town on loan for the rest of the season.,,13,0,0,0,0,0,0,0,0,0,0,0,2,,,,0.0,0.0,0.0,0.0,13.85,0,2,0
550,a,,,4.8,357,224.0,0,0.0,-2,2.0,0.0,663,267.0,0,0,0.0,765.0,329.0,0,0,0.0,697.0,284.0,0.0,0.0,0.0,1085,0,2770,3,0.0,0.0,0.0,0.0,0.0,0.0,0.0,0.0,0.0,0.0,0.0,764.0,328.0,0.0,759.0,328.0,0.0,752.0,325.0,0.0,764.0,328.0,,,,30,,Ian,Poveda-Ocampo,Poveda,,,0,0,0,0,0,0,0,0,0,0,0,0,0,,,,0.0,0.0,0.0,0.0,0.0,0,0,0
551,a,,,4.7,393,245.0,0,0.0,-3,3.0,0.0,597,225.0,18,2,1.5,410.0,181.0,0,59,0.8,279.0,125.0,0.2,3.8,0.0,5862,7,9277,4,0.8,0.8,0.42,0.36,0.78,7.09,0.08,0.07,0.15,1.37,26.8,438.0,195.0,61.7,325.0,180.0,29.0,365.0,188.0,11.7,412.0,187.0,,,,30,,Chris,Rigg,Rigg,,,466,0,0,2,3,0,0,0,0,0,0,7,35,,,,0.0,0.39,0.58,1.35,6.76,7,9,19
552,a,100.0,100.0,4.9,342,213.0,0,0.0,-1,1.0,0.1,562,207.0,60,2,2.4,288.0,125.0,0,317,2.0,168.0,70.0,0.4,12.2,0.0,11037,6,12138,10,2.0,2.0,0.46,0.95,1.41,32.02,0.02,0.04,0.06,1.31,262.0,220.0,95.0,207.7,165.0,112.0,79.0,279.0,151.0,55.0,231.0,115.0,,,,30,,Noah,Sadiki,Sadiki,,,2204,0,1,7,29,0,0,0,6,0,0,25,193,,,,0.0,0.29,1.18,1.02,7.88,37,74,82
553,a,100.0,100.0,4.9,340,211.0,0,0.0,-1,1.0,0.2,412,140.0,67,2,3.0,192.0,81.0,5,202,1.0,247.0,109.0,0.2,13.7,0.0,60538,12,71041,10,1.0,1.0,1.45,0.92,2.36,17.24,0.11,0.07,0.18,1.26,191.4,275.0,117.0,183.3,182.0,123.0,170.0,168.0,92.0,54.0,239.0,119.0,,,,30,,Chemsdine,Talbi,Talbi,,,1230,3,2,6,11,0,0,0,0,0,0,13,74,,,,0.0,0.44,0.8,0.95,5.41,8,17,49
554,a,,,4.3,594,349.0,0,0.0,-2,2.0,0.3,304,104.0,0,0,0.0,649.0,244.0,0,0,0.0,538.0,173.0,0.0,0.0,0.0,81797,11,78954,42,0.0,0.0,0.0,0.0,0.0,0.0,0.0,0.0,0.0,0.0,0.0,639.0,234.0,0.0,634.0,239.0,0.0,610.0,227.0,0.0,641.0,236.0,,,,30,,Abdoullah,Ba,Ba,,,0,0,0,0,0,0,0,0,0,0,0,0,0,,,,0.0,0.0,0.0,0.0,0.0,0,0,0
555,u,0.0,0.0,4.5,413,252.0,0,0.0,0,0.0,0.0,647,256.0,0,0,0.0,693.0,272.0,0,0,0.0,603.0,212.0,0.0,0.0,0.0,1291,0,9850,1,0.0,0.0,0.0,0.0,0.0,0.0,0.0,0.0,0.0,0.0,0.0,687.0,266.0,0.0,682.0,269.0,0.0,663.0,261.0,0.0,689.0,268.0,,,,30,,Alan,Browne,Browne,has joined Middlesbrough on loan for the rest of the season.,,0,0,0,0,0,0,0,0,0,0,0,0,0,,,,0.0,0.0,0.0,0.0,0.0,0,0,0
556,u,0.0,0.0,4.5,435,260.0,0,0.0,0,0.0,0.0,774,334.0,0,0,0.0,704.0,279.0,0,0,0.0,618.0,220.0,0.0,0.0,0.0,0,0,1805,0,0.0,0.0,0.0,0.0,0.0,0.0,0.0,0.0,0.0,0.0,0.0,698.0,273.0,0.0,695.0,276.0,0.0,678.0,269.0,0.0,700.0,275.0,,,,30,,Pierre,Ekwah Elimby,Ekwah,Has joined AS Saint-Etienne permanently.,,0,0,0,0,0,0,0,0,0,0,0,0,0,,,,0.0,0.0,0.0,0.0,0.0,0,0,0
557,a,,,4.3,611,357.0,0,0.0,-2,2.0,0.1,535,195.0,0,0,0.0,656.0,249.0,0,0,0.0,551.0,181.0,0.0,0.0,0.0,8876,6,10535,12,0.0,0.0,0.0,0.0,0.0,0.0,0.0,0.0,0.0,0.0,0.0,646.0,239.0,0.0,642.0,244.0,0.0,619.0,233.0,0.0,648.0,241.0,,,,30,,Harrison,Jones,H.Jones,,,0,0,0,0,0,0,0,0,0,0,0,0,0,,,,0.0,0.0,0.0,0.0,0.0,0,0,0
558,u,0.0,0.0,4.3,601,352.0,0,0.0,-2,2.0,0.2,398,133.0,0,0,0.0,651.0,246.0,0,0,0.0,543.0,176.0,0.0,0.0,0.0,30710,0,45519,13,0.0,0.0,0.0,0.0,0.0,0.0,0.0,0.0,0.0,0.0,0.0,641.0,236.0,0.0,636.0,241.0,0.0,612.0,229.0,0.0,643.0,238.0,,,,30,,Jay,Matete,Matete,has joined MK Dons permanently.,,0,0,0,0,0,0,0,0,0,0,0,0,0,,,,0.0,0.0,0.0,0.0,0.0,0,0,0
559,u,0.0,0.0,4.4,549,328.0,0,0.0,-1,1.0,0.0,646,255.0,0,0,0.0,674.0,261.0,0,0,0.0,577.0,195.0,0.0,0.0,0.0,2951,0,8645,0,0.0,0.0,0.0,0.0,0.0,0.0,0.0,0.0,0.0,0.0,0.0,665.0,252.0,0.0,662.0,257.0,0.0,640.0,246.0,0.0,667.0,254.0,,,,30,,Nectarios,Triantis,Triantis,has joined Minnesota United permanently.,,0,0,0,0,0,0,0,0,0,0,0,0,0,,,,0.0,0.0,0.0,0.0,0.0,0,0,0
560,a,100.0,100.0,5.1,233,52.0,0,0.0,-4,4.0,1.4,168,26.0,60,0,2.3,300.0,31.0,7,193,1.5,207.0,26.0,0.3,11.8,0.0,967835,89,874937,198,1.5,1.5,3.73,0.17,3.9,17.94,0.32,0.01,0.33,1.53,168.8,295.0,28.0,24.2,389.0,51.0,384.0,53.0,21.0,57.6,222.0,27.0,,,,30,,Wilson,Isidor,Isidor,,,1056,4,1,4,15,0,0,0,1,0,0,11,44,,,,0.0,0.34,1.28,0.94,3.75,9,16,19
561,a,,,5.2,217,50.0,0,0.0,-3,3.0,0.5,251,38.0,38,1,2.1,324.0,34.0,5,118,3.0,94.0,11.0,0.6,7.3,0.0,271861,60,307008,47,3.0,3.0,2.13,0.22,2.35,12.63,0.26,0.03,0.29,1.52,116.6,344.0,35.0,53.8,338.0,41.0,188.0,150.0,37.0,35.4,313.0,37.0,,,,30,,Eliezer,Mayenda Dossou,Mayenda,,,749,2,0,3,9,0,0,0,0,0,0,8,26,,,,0.0,0.36,1.08,0.96,3.12,5,7,14
562,a,,,4.2,650,91.0,0,0.0,-3,3.0,0.4,267,42.0,0,0,0.0,643.0,65.0,0,0,0.0,526.0,51.0,0.0,0.0,0.0,68783,39,91341,75,0.0,0.0,0.0,0.0,0.0,0.0,0.0,0.0,0.0,0.0,0.0,634.0,65.0,0.0,628.0,64.0,0.0,603.0,64.0,0.0,636.0,65.0,,,,30,,Ahmed,Abdullahi,Abdullahi,,,0,0,0,0,0,0,0,0,0,0,0,0,0,,,,0.0,0.0,0.0,0.0,0.0,0,0,0
563,u,0.0,0.0,4.4,559,80.0,0,0.0,-1,1.0,0.1,514,72.0,0,0,0.0,680.0,72.0,0,0,0.0,586.0,60.0,0.0,0.0,0.0,5979,0,20401,3,0.0,0.0,0.0,0.0,0.0,0.0,0.0,0.0,0.0,0.0,0.0,672.0,72.0,0.0,668.0,71.0,0.0,648.0,71.0,0.0,674.0,72.0,,,,30,,Luís Hemir,Silva Semedo,Luís Hemir,has joined Moreirense on loan for the rest of the season.,,0,0,0,0,0,0,0,0,0,0,0,0,0,,,,0.0,0.0,0.0,0.0,0.0,0,0,0
564,u,0.0,0.0,4.4,539,77.0,0,0.0,-1,1.0,0.1,517,73.0,0,0,0.0,670.0,69.0,0,0,0.0,571.0,57.0,0.0,0.0,0.0,3530,0,20200,0,0.0,0.0,0.0,0.0,0.0,0.0,0.0,0.0,0.0,0.0,0.0,660.0,69.0,0.0,657.0,68.0,0.0,635.0,68.0,0.0,662.0,69.0,,,,30,,Nazarii,Rusyn,Rusyn,has joined Arka on loan for the rest of the season.,,0,0,0,0,0,0,0,0,0,0,0,0,0,,,,0.0,0.0,0.0,0.0,0.0,0,0,0
668,a,100.0,100.0,5.1,221,136.0,0,0.0,1,-1.0,3.3,100,33.0,95,1,3.7,98.0,46.0,5,465,1.2,227.0,98.0,0.2,18.6,0.0,1369331,175,1350516,352,1.2,1.2,0.64,2.35,2.99,35.36,0.03,0.1,0.13,1.46,552.2,54.0,13.0,456.8,39.0,35.0,83.0,274.0,149.0,109.2,76.0,47.0,1.0,1.0,,30,,Granit,Xhaka,Xhaka,,,2181,1,5,7,26,0,0,0,5,0,0,24,269,,,,0.0,0.29,1.07,0.99,11.1,37,110,122
670,d,50.0,0.0,4.8,369,15.0,0,0.0,3,-3.0,8.8,37,7.0,110,0,3.9,73.0,6.0,9,474,0.8,281.0,22.0,0.2,22.9,0.0,2168101,33,1241902,8802,0.4,0.0,0.0,0.1,0.1,41.0,0.0,0.0,0.0,1.46,704.0,15.0,4.0,40.0,359.0,2.0,0.0,756.0,86.0,74.3,155.0,2.0,,,,30,,Robin,Roefs,Roefs,Hamstring injury - 50% chance of playing,,2520,0,0,8,34,0,1,0,3,0,85,28,110,,,,3.04,0.29,1.21,1.0,0.0,0,33,277
678,u,0.0,0.0,3.9,749,214.0,0,0.0,-1,1.0,0.5,259,97.0,1,0,0.3,517.0,180.0,0,4,0.0,408.0,160.0,0.0,0.3,0.0,52353,0,83132,19,0.0,0.0,0.07,0.08,0.15,2.09,0.05,0.06,0.11,1.5,21.8,445.0,164.0,20.1,395.0,144.0,7.0,421.0,160.0,4.9,450.0,161.0,,,,30,,Arthur,Masuaku,Masuaku,has joined RC Lens on loan for the rest of the season.,,125,0,0,0,2,0,0,0,1,0,0,2,13,,,,0.0,0.0,1.44,1.44,7.2,4,6,3
683,a,100.0,100.0,4.1,654,157.0,0,0.0,1,-1.0,6.7,57,20.0,102,2,3.9,70.0,27.0,5,346,3.5,70.0,26.0,0.9,24.9,0.0,1620270,1019,929691,684,3.5,3.5,1.37,0.85,2.21,37.08,0.05,0.03,0.08,1.47,651.8,28.0,11.0,119.8,233.0,62.0,231.0,111.0,16.0,100.7,90.0,22.0,,,,30,,Omar,Alderete,Alderete,,,2263,1,1,8,30,0,0,0,5,0,0,25,283,,,,0.0,0.32,1.19,0.99,10.3,26,233,82
694,d,50.0,0.0,4.5,416,78.0,0,0.0,5,-5.0,8.1,46,15.0,115,0,4.6,28.0,9.0,8,397,0.2,344.0,125.0,0.0,25.6,0.0,2465929,27,1518717,9189,0.1,0.0,1.02,2.01,3.03,35.72,0.04,0.08,0.12,1.49,559.0,50.0,22.0,278.7,115.0,29.0,141.0,199.0,47.0,97.9,92.0,24.0,,,,30,,Nordi,Mukiele,Mukiele,Calf injury - 50% chance of playing,,2163,1,5,7,28,1,0,0,4,0,0,25,253,,,,0.0,0.29,1.17,1.04,9.36,57,168,101
724,a,,,4.5,424,84.0,0,0.0,0,0.0,0.1,582,207.0,43,2,1.8,372.0,140.0,0,182,2.0,163.0,63.0,0.4,9.6,0.0,9815,13,6789,8,2.0,2.0,0.5,0.72,1.22,27.1,0.03,0.05,0.08,1.85,216.8,257.0,104.0,110.0,253.0,71.0,63.0,302.0,90.0,39.0,301.0,100.0,,,,30,,Lutsharel,Geertruida,Geertruida,,,1321,0,0,2,20,0,0,0,0,0,0,13,107,,,,0.0,0.14,1.36,0.89,6.2,31,60,58
730,a,100.0,75.0,5.4,171,41.0,0,0.0,-1,1.0,0.6,231,33.0,64,2,2.8,228.0,22.0,8,227,0.8,293.0,37.0,0.1,11.9,0.0,335512,69,270314,298,0.8,0.6,2.73,0.41,3.14,22.81,0.19,0.03,0.22,1.62,240.0,238.0,21.0,110.3,251.0,26.0,275.0,89.0,27.0,61.1,208.0,26.0,,,,30,,Brian,Brobbey,Brobbey,,,1270,5,1,4,18,0,0,0,3,0,0,14,52,,,,0.0,0.28,1.28,0.99,3.69,7,13,32
735,i,0.0,0.0,5.5,135,84.0,0,0.0,0,0.0,0.0,645,254.0,30,0,2.5,273.0,117.0,1,118,0.5,320.0,145.0,0.1,5.5,0.0,13838,1,13145,4,0.0,0.0,0.48,0.25,0.73,9.74,0.07,0.04,0.11,1.38,115.6,346.0,154.0,108.4,256.0,159.0,135.0,206.0,116.0,35.9,309.0,151.0,,,,30,,Bertrand,Traoré,Traoré,Knee injury - Expected back 02 May,,634,1,1,3,9,0,0,0,1,0,0,9,40,,,,0.0,0.43,1.28,1.28,5.68,11,11,18
774,a,,,4.0,677,168.0,0,0.0,0,0.0,0.0,687,240.0,0,0,0.0,585.0,215.0,0,0,0.0,451.0,177.0,0.0,0.0,0.0,1595,2,904,1,0.0,0.0,0.0,0.0,0.0,0.0,0.0,0.0,0.0,0.0,0.0,575.0,215.0,0.0,566.0,215.0,0.0,537.0,211.0,0.0,577.0,215.0,,,,30,,Jenson,Jones,Jenson Jones,,,0,0,0,0,0,0,0,0,0,0,0,0,0,,,,0.0,0.0,0.0,0.0,0.0,0,0,0
775,u,0.0,0.0,4.5,492,304.0,0,0.0,0,0.0,0.0,818,366.0,0,0,0.0,743.0,312.0,0,0,0.0,665.0,260.0,0.0,0.0,0.0,160,0,139,0,0.0,0.0,0.0,0.0,0.0,0.0,0.0,0.0,0.0,0.0,0.0,741.0,310.0,0.0,735.0,310.0,0.0,722.0,306.0,0.0,741.0,310.0,,,,30,,Tymur,Tutierov,Tutierov,has joined Exeter City on loan for the rest of the season.,,0,0,0,0,0,0,0,0,0,0,0,0,0,,,,0.0,0.0,0.0,0.0,0.0,0,0,0
800,i,0.0,0.0,5.0,285,177.0,0,0.0,0,0.0,0.0,816,364.0,1,0,1.0,495.0,228.0,0,4,0.2,357.0,161.0,0.0,0.2,0.0,148,0,113,0,0.0,0.0,0.0,0.04,0.04,0.24,0.0,0.09,0.09,0.57,3.4,482.0,220.0,4.3,445.0,215.0,2.0,456.0,224.0,1.0,484.0,222.0,1.0,,,30,,Djiamgone Jocelin Ta,Bi,Jocelin.T,Ankle injury - Unknown return date,,38,0,0,0,0,0,0,0,0,0,0,1,3,,,,0.0,0.0,0.0,2.37,7.11,1,0,2
812,a,,,4.0,705,61.0,0,0.0,0,0.0,0.2,396,58.0,13,3,6.5,3.0,1.0,3,49,3.2,80.0,6.0,0.8,3.2,0.0,21262,221,815,71,3.2,3.2,0.0,0.02,0.02,2.83,0.0,0.01,0.01,1.42,53.2,409.0,32.0,0.0,590.0,68.0,0.0,561.0,55.0,5.4,443.0,32.0,,,,30,,Melker,Ellborg,Ellborg,,,180,0,0,1,1,0,0,0,0,0,7,2,0,,,,3.5,0.5,0.5,1.0,0.0,0,4,26
813,i,0.0,,5.0,277,171.0,0,0.0,0,0.0,0.0,759,324.0,9,0,1.8,376.0,162.0,0,27,1.5,206.0,88.0,0.3,1.8,0.0,1073,1,406,13,0.0,1.5,0.49,0.08,0.57,5.65,0.17,0.03,0.2,2.0,36.2,428.0,188.0,28.3,380.0,193.0,62.0,307.0,165.0,12.6,408.0,184.0,,,,30,,Nilson,Angulo,Angulo,Unknown - Expected back 24 Apr,,254,0,0,1,4,0,0,0,0,0,0,3,23,,,,0.0,0.35,1.42,1.06,8.15,7,10,6
821,a,,,4.5,472,289.0,0,0.0,0,0.0,0.0,822,370.0,0,0,0.0,728.0,301.0,0,0,0.0,647.0,246.0,0.0,0.0,0.0,0,0,0,0,1.3,1.3,0.0,0.0,0.0,0.0,0.0,0.0,0.0,0.0,0.0,725.0,298.0,0.0,720.0,299.0,0.0,706.0,294.0,0.0,726.0,299.0,,,,30,,Jack,Whittaker,Whittaker,,,0,0,0,0,0,0,0,0,0,0,0,0,0,,,,0.0,0.0,0.0,0.0,0.0,0,0,0
822,a,,,4.5,473,290.0,0,0.0,0,0.0,0.0,821,369.0,0,0,0.0,729.0,302.0,0,0,0.0,648.0,247.0,0.0,0.0,0.0,2,2,1,1,1.3,1.3,0.0,0.0,0.0,0.0,0.0,0.0,0.0,0.0,0.0,726.0,299.0,0.0,721.0,300.0,0.0,707.0,295.0,0.0,727.0,300.0,,,,30,,Jaydon,Jones,Jones,,,0,0,0,0,0,0,0,0,0,0,0,0,0,,,,0.0,0.0,0.0,0.0,0.0,0,0,0
565,a,,,4.7,380,17.0,0,0.0,-3,3.0,5.5,66,10.0,85,0,2.9,205.0,22.0,6,392,0.5,308.0,24.0,0.1,18.1,0.0,1352551,174,1421015,504,0.5,0.0,0.0,0.02,0.02,43.03,0.0,0.0,0.0,1.48,651.6,29.0,7.0,0.1,489.0,15.0,0.0,745.0,81.0,65.4,197.0,9.0,,,,30,,Guglielmo,Vicario,Vicario,,,2610,0,0,7,46,0,0,0,1,0,76,29,97,,,,2.62,0.24,1.59,1.0,0.0,1,34,231
566,a,,,3.9,756,78.0,0,0.0,-1,1.0,0.3,325,45.0,0,0,0.0,550.0,48.0,0,0,0.0,414.0,39.0,0.0,0.0,0.0,21085,2,24629,21,0.0,-0.5,0.0,0.0,0.0,0.0,0.0,0.0,0.0,0.0,0.0,540.0,48.0,0.0,527.0,31.0,0.0,497.0,18.0,0.0,542.0,48.0,,,,30,,Brandon,Austin,Austin,,,0,0,0,0,0,0,0,0,0,0,0,0,0,,,,0.0,0.0,0.0,0.0,0.0,0,0,0
567,a,,,3.9,770,85.0,0,0.0,-1,1.0,1.6,156,20.0,0,0,0.0,560.0,55.0,0,0,0.0,424.0,46.0,0.0,0.0,0.0,126485,21,177213,141,0.0,-0.5,0.0,0.0,0.0,0.0,0.0,0.0,0.0,0.0,0.0,550.0,55.0,0.0,537.0,38.0,0.0,507.0,25.0,0.0,552.0,55.0,,,,30,,Antonín,Kinský,Kinsky,,,0,0,0,0,0,0,0,0,0,0,0,0,0,,,,0.0,0.0,0.0,0.0,0.0,0,0,0
568,a,100.0,100.0,5.1,234,33.0,0,0.0,-4,4.0,9.2,36,12.0,80,0,3.2,159.0,59.0,4,348,0.2,358.0,129.0,0.0,15.7,0.0,1477917,1146,3030541,242,0.2,-0.3,0.56,2.9,3.46,29.02,0.03,0.13,0.16,1.32,445.0,94.0,42.0,554.1,23.0,1.0,94.0,258.0,73.0,109.5,75.0,15.0,2.0,2.0,,30,,Pedro,Porro Sauceda,Pedro Porro,,,1983,0,3,7,29,0,0,0,6,0,0,23,184,,,,0.0,0.32,1.32,1.04,6.76,49,100,100
569,d,50.0,0.0,5.0,254,39.0,0,0.0,0,0.0,3.1,108,42.0,89,0,4.2,48.0,20.0,10,288,0.0,741.0,256.0,0.0,17.8,0.0,1018342,15,1208607,592,0.0,0.0,1.33,1.2,2.53,25.77,0.07,0.06,0.13,1.36,543.2,58.0,27.0,110.8,249.0,69.0,206.0,128.0,22.0,86.0,125.0,39.0,,,,30,,Cristian,Romero,Romero,Head injury - 50% chance of playing,,1710,4,1,5,29,0,0,0,8,2,0,20,209,,,,0.0,0.26,1.53,1.05,9.58,53,129,80
570,a,100.0,100.0,4.2,629,141.0,0,0.0,-3,3.0,0.1,437,162.0,31,0,2.1,320.0,118.0,1,119,1.0,238.0,87.0,0.2,7.4,0.0,17500,18,30879,13,1.0,0.5,0.19,0.19,0.38,12.49,0.02,0.02,0.04,1.5,220.8,253.0,100.0,10.4,421.0,153.0,33.0,356.0,119.0,26.5,350.0,119.0,,,,30,,Kevin,Danso,Danso,,,749,0,0,2,15,0,0,0,4,0,0,9,111,,,,0.0,0.24,1.8,1.08,12.5,16,88,31
571,i,0.0,0.0,4.3,578,124.0,0,0.0,-2,2.0,0.1,545,196.0,10,0,3.3,143.0,51.0,1,29,0.0,531.0,228.0,0.0,2.3,0.0,4421,0,12011,2,0.0,0.0,0.49,0.07,0.56,1.11,0.32,0.05,0.37,0.73,67.4,393.0,149.0,22.2,392.0,141.0,52.0,325.0,106.0,14.2,395.0,143.0,,,,30,,Ben,Davies,Davies,Ankle injury - Unknown return date,,136,1,0,0,3,0,0,0,1,0,0,2,14,,,,0.0,0.0,1.99,1.32,9.26,5,9,5
572,a,100.0,100.0,4.5,447,90.0,0,0.0,0,0.0,0.0,672,236.0,11,0,1.6,394.0,147.0,0,18,1.2,220.0,81.0,0.3,2.4,0.0,3400,18,2599,7,1.2,0.7,0.31,0.0,0.31,10.24,0.07,0.0,0.07,2.18,99.2,361.0,137.0,2.7,452.0,164.0,27.0,368.0,124.0,12.9,404.0,146.0,,,,30,,Radu,Drăgușin,Dragusin,,,423,0,0,0,12,0,0,0,0,0,0,4,57,,,,0.0,0.0,2.55,0.85,12.13,3,54,11
573,a,100.0,100.0,4.2,635,145.0,0,0.0,-3,3.0,0.9,200,77.0,55,0,2.5,265.0,102.0,1,209,0.0,517.0,219.0,0.0,13.1,0.0,299756,47,361906,64,0.0,-0.5,0.82,1.73,2.55,28.15,0.04,0.09,0.13,1.5,233.2,241.0,94.0,190.1,174.0,42.0,153.0,185.0,44.0,57.5,223.0,76.0,,,,30,,Djed,Spence,Spence,,,1686,0,0,7,27,0,0,0,4,0,0,19,113,,,,0.0,0.37,1.44,1.01,4.75,31,58,95
574,d,25.0,25.0,4.3,596,136.0,0,0.0,-2,2.0,0.3,322,118.0,15,0,1.2,438.0,157.0,0,62,0.0,539.0,230.0,0.0,3.5,0.0,50408,1,113716,14,0.0,-0.1,0.16,0.51,0.67,13.98,0.02,0.06,0.08,1.58,144.0,316.0,121.0,122.3,232.0,61.0,82.0,275.0,78.0,34.9,316.0,107.0,,,,30,,Destiny,Udogie,Udogie,Hamstring injury - 25% chance of playing,,794,0,1,0,17,0,0,0,2,0,0,8,61,,,,0.0,0.0,1.93,0.91,4.53,19,21,47
575,a,100.0,0.0,4.4,547,118.0,0,0.0,-1,1.0,19.2,17,5.0,97,0,3.6,106.0,35.0,10,338,-0.8,822.0,266.0,-0.2,22.0,0.0,3496139,307,4385281,10960,-0.8,0.0,2.79,0.34,3.13,37.24,0.11,0.01,0.12,1.42,583.2,43.0,18.0,80.2,297.0,94.0,204.0,132.0,24.0,86.6,121.0,36.0,,,,30,,Micky,van de Ven,Van de Ven,,,2366,4,1,7,42,0,0,0,7,1,0,27,214,,,,0.0,0.27,1.6,1.03,6.77,31,147,94
576,u,0.0,0.0,4.0,713,188.0,0,0.0,0,0.0,0.0,736,254.0,0,0,0.0,613.0,228.0,0,0,0.0,481.0,192.0,0.0,0.0,0.0,0,0,2003,0,0.0,0.0,0.0,0.0,0.0,0.0,0.0,0.0,0.0,0.0,0.0,603.0,228.0,0.0,595.0,228.0,0.0,567.0,225.0,0.0,605.0,228.0,,,,30,,Ashley,Phillips,Phillips,Has joined Stoke City on loan for the rest of the season.,,0,0,0,0,0,0,0,0,0,0,0,0,0,,,,0.0,0.0,0.0,0.0,0.0,0,0,0
577,u,0.0,0.0,4.0,715,189.0,0,0.0,0,0.0,0.0,603,215.0,0,0,0.0,615.0,229.0,0,0,0.0,483.0,193.0,0.0,0.0,0.0,1005,0,9055,1,0.0,0.0,0.0,0.0,0.0,0.0,0.0,0.0,0.0,0.0,0.0,605.0,229.0,0.0,597.0,229.0,0.0,569.0,226.0,0.0,607.0,229.0,,,,30,,Takai,Kōta,Takai,has joined Borussia Mönchengladbach on loan for the rest of the season.,,0,0,0,0,0,0,0,0,0,0,0,0,0,,,,0.0,0.0,0.0,0.0,0.0,0,0,0
578,u,0.0,0.0,3.9,785,231.0,0,0.0,-1,1.0,0.3,311,114.0,0,0,0.0,573.0,209.0,0,0,0.0,437.0,171.0,0.0,0.0,0.0,7334,0,92075,6,0.0,0.0,0.0,0.0,0.0,0.0,0.0,0.0,0.0,0.0,0.0,563.0,209.0,0.0,551.0,209.0,0.0,522.0,205.0,0.0,565.0,209.0,,,,30,,Luka,Vušković,Vuskovic,has joined Hamburger SV on loan for the rest of the season.,,0,0,0,0,0,0,0,0,0,0,0,0,0,,,,0.0,0.0,0.0,0.0,0.0,0,0,0
579,u,0.0,0.0,8.5,10,6.0,0,0.0,0,0.0,0.1,446,151.0,0,0,0.0,822.0,370.0,0,0,0.0,820.0,370.0,0.0,0.0,0.0,0,0,25562,1,0.0,0.0,0.0,0.0,0.0,0.0,0.0,0.0,0.0,0.0,0.0,822.0,370.0,0.0,822.0,370.0,0.0,822.0,370.0,0.0,822.0,370.0,,,,30,,Son,Heung-min,Son,has joined Los Angeles FC permanently.,,0,0,0,0,0,0,0,0,0,0,0,0,0,,,,0.0,0.0,0.0,0.0,0.0,0,0,0
581,i,0.0,0.0,6.8,42,26.0,0,0.0,-2,2.0,0.1,442,148.0,0,0,0.0,819.0,367.0,0,0,0.0,812.0,364.0,0.0,0.0,0.0,1807,6,23845,3,0.0,0.0,0.0,0.0,0.0,0.0,0.0,0.0,0.0,0.0,0.0,819.0,367.0,0.0,819.0,367.0,0.0,819.0,367.0,0.0,819.0,367.0,,,,30,,James,Maddison,Maddison,Anterior cruciate ligament - Unknown return date,,0,0,0,0,0,0,0,0,0,0,0,0,0,,,,0.0,0.0,0.0,0.0,0.0,0,0,0
582,i,0.0,0.0,6.4,59,38.0,0,0.0,-1,1.0,9.4,34,12.0,75,0,3.9,78.0,34.0,7,257,0.0,808.0,362.0,0.0,11.7,0.0,3263355,3,5207970,352,0.0,0.0,1.92,2.41,4.33,22.74,0.11,0.14,0.25,1.33,333.4,170.0,65.0,413.8,49.0,41.0,302.0,83.0,51.0,104.7,82.0,51.0,3.0,4.0,3.0,30,,Mohammed,Kudus,Kudus,Thigh injury - Expected back 11 Apr,,1535,2,6,7,20,0,0,0,3,0,0,19,133,,,,0.0,0.41,1.17,1.11,7.8,29,9,95
583,i,0.0,0.0,6.4,58,37.0,0,0.0,-1,1.0,0.0,723,299.0,0,0,0.0,816.0,366.0,0,0,0.0,807.0,361.0,0.0,0.0,0.0,1043,3,2107,0,0.0,0.0,0.0,0.0,0.0,0.0,0.0,0.0,0.0,0.0,0.0,816.0,366.0,0.0,816.0,366.0,0.0,816.0,366.0,0.0,816.0,366.0,,,,30,,Dejan,Kulusevski,Kulusevski,Knee injury - Unknown return date,,0,0,0,0,0,0,0,0,0,0,0,0,0,,,,0.0,0.0,0.0,0.0,0.0,0,0,0
584,a,,,6.2,79,52.0,0,0.0,-3,3.0,0.1,434,145.0,52,0,2.4,292.0,129.0,5,167,1.0,258.0,117.0,0.2,8.4,0.0,40568,29,46664,20,1.0,0.5,1.88,0.99,2.86,11.99,0.23,0.12,0.35,1.44,170.4,292.0,129.0,223.9,151.0,101.0,226.0,117.0,72.0,62.3,204.0,103.0,4.0,,,30,,Mathys,Tel,Tel,,,751,3,1,1,16,0,0,0,0,0,0,7,62,,,,0.0,0.12,1.92,0.84,7.43,11,6,45
585,i,0.0,0.0,5.2,206,127.0,0,0.0,-3,3.0,0.2,405,137.0,64,0,3.2,161.0,71.0,3,269,0.0,763.0,329.0,0.0,12.3,0.0,56913,2,66679,12,0.0,0.0,0.45,0.68,1.13,20.56,0.03,0.04,0.07,1.32,268.6,214.0,92.0,159.7,198.0,128.0,85.0,271.0,147.0,51.6,251.0,129.0,,,,30,,Rodrigo,Bentancur,Bentancur,Hamstring injury - Unknown return date,,1407,1,1,5,21,0,0,0,5,0,0,17,207,,,,0.0,0.32,1.34,1.09,13.24,37,69,101
586,i,0.0,0.0,5.2,218,135.0,0,0.0,-3,3.0,0.2,394,132.0,39,0,2.3,301.0,132.0,0,139,0.0,766.0,332.0,0.0,7.5,0.0,102350,1,111361,8,0.0,0.0,0.96,0.39,1.35,10.21,0.11,0.04,0.15,1.15,137.4,323.0,144.0,81.4,295.0,171.0,133.0,210.0,118.0,35.3,315.0,153.0,,,,30,,Lucas,Bergvall,Bergvall,Ankle injury - Unknown return date,,799,1,2,3,13,0,0,0,2,0,0,10,68,,,,0.0,0.34,1.46,1.13,7.66,20,14,34
587,i,0.0,0.0,5.2,209,128.0,0,0.0,-3,3.0,0.0,588,221.0,13,0,1.6,397.0,171.0,0,88,1.2,230.0,99.0,0.2,2.5,0.0,3297,0,14843,24,0.0,0.0,0.36,0.08,0.44,11.22,0.07,0.02,0.09,2.2,83.8,376.0,167.0,18.9,398.0,198.0,23.0,376.0,191.0,12.6,409.0,185.0,,,,30,,Yves,Bissouma,Bissouma,Muscle injury - Unknown return date,,460,0,0,0,15,0,0,0,3,0,0,5,67,,,,0.0,0.0,2.93,0.98,13.11,18,25,24
588,i,0.0,0.0,5.3,202,125.0,0,0.0,-2,2.0,0.0,602,228.0,46,0,1.9,356.0,153.0,6,176,0.0,772.0,336.0,0.0,8.7,0.0,16374,0,18076,7,0.0,0.0,1.92,1.21,3.13,14.24,0.18,0.11,0.29,1.32,158.8,304.0,137.0,284.3,112.0,80.0,234.0,108.0,65.0,67.6,183.0,94.0,,,,30,,Wilson,Odobert,Odobert,Knee injury - Unknown return date,,972,0,2,2,13,0,0,0,0,0,0,10,77,,,,0.0,0.19,1.2,0.93,7.13,10,14,53
589,u,0.0,0.0,5.4,167,104.0,0,0.0,-1,1.0,0.0,765,326.0,0,0,0.0,803.0,356.0,0,0,0.0,779.0,340.0,0.0,0.0,0.0,115,0,1477,0,0.0,0.0,0.0,0.0,0.0,0.0,0.0,0.0,0.0,0.0,0.0,802.0,355.0,0.0,801.0,355.0,0.0,799.0,354.0,0.0,802.0,355.0,,,,30,,Manor,Solomon,Solomon,has joined Fiorentina on loan for the rest of the season.,,0,0,0,0,0,0,0,0,0,0,0,0,0,,,,0.0,0.0,0.0,0.0,0.0,0,0,0
590,u,0.0,0.0,4.9,324,201.0,0,0.0,-1,1.0,0.0,660,264.0,0,0,0.0,776.0,337.0,0,0,0.0,726.0,304.0,0.0,0.0,0.0,675,0,4489,0,0.0,0.0,0.0,0.0,0.0,0.0,0.0,0.0,0.0,0.0,0.0,775.0,336.0,0.0,771.0,336.0,0.0,767.0,334.0,0.0,775.0,336.0,,,,30,,Bryan,Gil Salvatierra,Bryan,has joined Girona permanently.,,0,0,0,0,0,0,0,0,0,0,0,0,0,,,,0.0,0.0,0.0,0.0,0.0,0,0,0
591,a,100.0,100.0,4.8,371,232.0,0,0.0,-2,2.0,0.2,409,138.0,53,0,2.8,220.0,90.0,6,204,2.8,104.0,44.0,0.6,11.0,0.0,21705,53,24244,36,2.8,2.3,1.3,1.25,2.55,20.42,0.1,0.09,0.19,1.54,233.4,240.0,103.0,110.9,247.0,155.0,134.0,208.0,117.0,47.8,265.0,135.0,,,,30,,Archie,Gray,Gray,,,1197,2,2,5,23,0,0,0,5,0,0,15,109,,,,0.0,0.38,1.73,1.13,8.2,9,56,44
592,u,0.0,0.0,5.0,273,167.0,0,0.0,0,0.0,0.0,794,348.0,0,0,0.0,793.0,350.0,0,0,0.0,750.0,321.0,0.0,0.0,0.0,0,0,687,0,0.0,0.0,0.0,0.0,0.0,0.0,0.0,0.0,0.0,0.0,0.0,792.0,349.0,0.0,790.0,349.0,0.0,786.0,347.0,0.0,792.0,349.0,,,,30,,Mikey,Moore,Moore,Has joined Rangers on loan for the rest of the season.,,0,0,0,0,0,0,0,0,0,0,0,0,0,,,,0.0,0.0,0.0,0.0,0.0,0,0,0
593,a,100.0,100.0,4.5,441,265.0,0,0.0,-5,5.0,1.1,180,62.0,59,0,3.0,189.0,80.0,2,250,1.5,199.0,82.0,0.3,13.1,0.0,395303,200,577371,209,1.5,1.0,1.41,0.97,2.38,22.77,0.11,0.08,0.19,1.8,280.6,203.0,85.0,115.2,241.0,152.0,142.0,198.0,111.0,54.0,238.0,118.0,,,,30,,Pape Matar,Sarr,P.M.Sarr,,,1140,2,3,3,18,0,0,0,2,0,0,11,154,,,,0.0,0.24,1.42,0.87,12.16,28,64,62
594,u,0.0,0.0,4.5,503,313.0,0,0.0,0,0.0,0.0,737,310.0,0,0,0.0,751.0,319.0,0,0,0.0,674.0,268.0,0.0,0.0,0.0,0,0,2823,0,0.0,0.0,0.0,0.0,0.0,0.0,0.0,0.0,0.0,0.0,0.0,750.0,318.0,0.0,744.0,318.0,0.0,731.0,314.0,0.0,750.0,318.0,,,,30,,Yang,Min-hyeok,Min-hyeok,has joined Coventry City on loan for the rest of the season.,,0,0,0,0,0,0,0,0,0,0,0,0,0,,,,0.0,0.0,0.0,0.0,0.0,0,0,0
596,a,100.0,100.0,7.2,29,12.0,0,0.0,-3,3.0,1.2,178,28.0,31,0,3.1,183.0,17.0,4,142,2.5,135.0,15.0,0.3,4.3,0.0,138748,397,520798,122,2.5,2.0,2.17,0.19,2.35,12.34,0.33,0.03,0.36,1.86,158.8,305.0,29.0,62.2,323.0,36.0,212.0,121.0,30.0,43.2,283.0,32.0,,,2.0,30,,Dominic,Solanke-Mitchell,Solanke,,,598,3,0,0,14,0,0,0,1,0,0,6,38,,,,0.0,0.0,2.11,0.9,5.72,15,11,12
597,a,100.0,100.0,6.3,65,21.0,0,0.0,-2,2.0,5.4,68,14.0,82,0,3.4,140.0,12.0,10,373,1.8,188.0,24.0,0.3,13.0,0.0,2957370,279,3049884,194,1.8,1.3,5.32,1.24,6.56,19.27,0.36,0.08,0.44,1.29,423.2,110.0,8.0,173.0,188.0,16.0,533.0,24.0,13.0,112.7,70.0,14.0,,,5.0,30,,Richarlison,de Andrade,Richarlison,,,1346,8,3,5,20,0,0,0,5,0,0,13,102,,,,0.0,0.33,1.34,0.87,6.82,15,47,40
598,u,0.0,0.0,4.5,465,66.0,0,0.0,0,0.0,0.0,673,86.0,0,0,0.0,723.0,76.0,0,0,0.0,640.0,64.0,0.0,0.0,0.0,0,0,5118,0,0.0,0.0,0.0,0.0,0.0,0.0,0.0,0.0,0.0,0.0,0.0,719.0,76.0,0.0,714.0,75.0,0.0,699.0,75.0,0.0,720.0,76.0,,,,30,,Will,Lankshear,Lankshear,has joined Oxford United on loan for the rest of the season.,,0,0,0,0,0,0,0,0,0,0,0,0,0,,,,0.0,0.0,0.0,0.0,0.0,0,0,0
599,u,0.0,0.0,4.3,598,84.0,0,0.0,-2,2.0,0.5,249,37.0,2,0,1.0,462.0,57.0,0,5,0.0,541.0,52.0,0.0,0.5,0.0,60820,0,110287,36,0.0,0.0,0.0,0.01,0.01,0.03,0.0,0.13,0.13,0.39,1.0,498.0,60.0,4.1,446.0,59.0,2.0,446.0,60.0,0.7,487.0,60.0,,,,30,,Dane,Scarlett,Scarlett,has joined Hibernian on loan for the rest of the season.,,7,0,0,0,0,0,0,0,0,0,0,0,1,,,,0.0,0.0,0.0,0.0,12.86,0,0,1
673,d,50.0,0.0,5.5,136,85.0,0,0.0,0,0.0,0.8,210,74.0,94,0,3.6,111.0,52.0,11,398,2.5,128.0,54.0,0.5,17.1,0.0,369379,3,363618,248,1.2,0.0,1.33,0.55,1.88,29.02,0.07,0.03,0.1,1.47,495.0,76.0,22.0,115.6,240.0,151.0,170.0,169.0,93.0,78.3,143.0,78.0,,,,30,,João Maria,Lobo Alves Palhares Costa Palhinha Gonçalves,J.Palhinha,Head injury - 50% chance of playing,,1774,3,3,4,32,0,0,0,6,0,0,19,244,,,,0.0,0.2,1.62,0.96,12.38,96,79,69
717,a,100.0,100.0,6.5,53,34.0,0,0.0,-5,5.0,1.1,186,66.0,63,0,2.7,247.0,104.0,5,281,1.0,259.0,118.0,0.2,9.7,0.0,815077,182,744958,138,1.0,0.5,2.22,3.48,5.7,27.85,0.13,0.2,0.33,1.64,279.4,205.0,86.0,462.7,38.0,34.0,202.0,134.0,78.0,94.5,98.0,58.0,1.0,3.0,4.0,30,,Xavi,Simons,Xavi,,,1533,1,4,3,33,0,0,0,4,1,0,17,136,,,,0.0,0.18,1.94,1.0,7.98,30,24,82
726,a,100.0,100.0,6.9,39,15.0,0,0.0,-1,1.0,0.4,289,45.0,37,0,1.8,380.0,46.0,1,107,2.2,155.0,20.0,0.3,5.4,0.0,126843,57,117060,54,2.2,1.7,1.62,1.14,2.76,20.0,0.12,0.09,0.21,1.52,124.4,334.0,32.0,197.5,171.0,14.0,200.0,135.0,33.0,51.5,252.0,29.0,,,,30,,Randal,Kolo Muani,Kolo Muani,,,1185,1,0,3,25,0,0,0,2,0,0,15,83,,,,0.0,0.23,1.9,1.14,6.3,21,18,44
745,a,,,4.0,736,209.0,0,0.0,0,0.0,0.0,624,222.0,1,0,1.0,457.0,168.0,0,3,0.0,501.0,210.0,0.0,0.2,0.0,2038,3,1985,7,0.0,-0.5,0.0,0.0,0.0,0.0,0.0,0.0,0.0,0.0,0.4,502.0,178.0,0.5,473.0,174.0,0.0,586.0,242.0,0.1,506.0,179.0,,,,30,,Jun'ai,Byfield,Byfield,,,1,0,0,0,0,0,0,0,0,0,0,0,0,,,,0.0,0.0,0.0,0.0,0.0,0,0,0
751,u,0.0,0.0,4.5,486,300.0,0,0.0,0,0.0,0.0,780,340.0,0,0,0.0,738.0,309.0,0,0,0.0,660.0,257.0,0.0,0.0,0.0,675,0,630,0,0.0,0.0,0.0,0.0,0.0,0.0,0.0,0.0,0.0,0.0,0.0,736.0,307.0,0.0,730.0,307.0,0.0,717.0,303.0,0.0,736.0,307.0,,,,30,,Yusuf,Akhamrich,Akhamrich,has joined Bristol Rovers on loan for the rest of the season.,,0,0,0,0,0,0,0,0,0,0,0,0,0,,,,0.0,0.0,0.0,0.0,0.0,0,0,0
790,a,,,4.5,499,310.0,0,0.0,0,0.0,0.0,769,329.0,0,0,0.0,747.0,316.0,0,0,0.0,670.0,265.0,0.0,0.0,0.0,741,4,362,4,0.0,-0.5,0.0,0.0,0.0,0.0,0.0,0.0,0.0,0.0,0.0,746.0,315.0,0.0,740.0,315.0,0.0,727.0,311.0,0.0,746.0,315.0,,,,30,,Lucá,Williams-Barnett,Williams-Barnett,,,0,0,0,0,0,0,0,0,0,0,0,0,0,,,,0.0,0.0,0.0,0.0,0.0,0,0,0
796,d,75.0,75.0,5.2,210,129.0,0,0.0,-3,3.0,0.1,469,161.0,19,0,2.4,289.0,126.0,0,96,1.0,249.0,111.0,0.2,3.7,0.0,36435,6,24224,110,0.8,0.4,0.56,0.48,1.04,13.79,0.09,0.07,0.16,2.15,85.8,374.0,166.0,107.2,259.0,160.0,86.0,268.0,146.0,27.9,344.0,166.0,,,,30,,Conor,Gallagher,Gallagher,Illness - 75% chance of playing,,577,0,1,0,16,0,0,0,0,0,0,7,59,,,,0.0,0.0,2.5,1.09,9.2,10,15,34
804,a,,,4.0,733,206.0,0,0.0,0,0.0,0.0,692,241.0,2,0,0.7,513.0,177.0,0,-1,0.2,338.0,120.0,0.0,0.5,0.0,2115,5,862,8,0.2,-0.3,0.0,0.03,0.03,2.05,0.0,0.03,0.03,2.12,8.6,466.0,169.0,31.6,376.0,133.0,8.0,417.0,157.0,4.8,451.0,162.0,,,,30,,João Victor,de Souza Menezes,Souza,,,87,0,0,0,2,0,0,0,1,0,0,1,3,,,,0.0,0.0,2.07,1.03,3.1,0,3,2
811,a,,,4.5,459,279.0,0,0.0,0,0.0,0.0,796,350.0,0,0,0.0,719.0,294.0,0,0,0.0,635.0,236.0,0.0,0.0,0.0,350,0,149,1,0.0,-0.5,0.0,0.0,0.0,0.0,0.0,0.0,0.0,0.0,0.0,714.0,289.0,0.0,710.0,291.0,0.0,694.0,284.0,0.0,715.0,290.0,,,,30,,Rio,Kyerematen,Kyerematen,,,0,0,0,0,0,0,0,0,0,0,0,0,0,,,,0.0,0.0,0.0,0.0,0.0,0,0,0
818,a,,,4.5,500,71.0,0,0.0,0,0.0,0.0,690,88.0,0,0,0.0,748.0,81.0,0,0,0.0,671.0,69.0,0.0,0.0,0.0,2278,41,706,13,0.0,-0.5,0.0,0.0,0.0,0.0,0.0,0.0,0.0,0.0,0.0,747.0,81.0,0.0,741.0,80.0,0.0,728.0,80.0,0.0,747.0,81.0,,,,30,,James,Wilson,Wilson,,,0,0,0,0,0,0,0,0,0,0,0,0,0,,,,0.0,0.0,0.0,0.0,0.0,0,0,0
326,a,100.0,75.0,5.1,225,138.0,0,0.0,-4,4.0,0.2,411,139.0,22,1,1.0,497.0,230.0,0,67,0.8,289.0,132.0,0.2,4.3,0.0,16569,9,37146,30,0.8,0.2,0.34,0.55,0.89,7.65,0.1,0.16,0.26,2.27,22.8,444.0,196.0,63.8,319.0,178.0,62.0,308.0,166.0,14.5,394.0,181.0,,,,30,,Adama,Traoré Diarra,Adama,,,303,0,0,0,10,0,0,0,1,0,0,1,15,,,,0.0,0.0,2.97,0.3,4.46,1,2,12
600,a,,,4.3,574,27.0,0,0.0,-2,2.0,2.0,137,18.0,51,0,2.5,266.0,25.0,2,220,0.0,528.0,84.0,0.0,11.9,0.0,183421,108,454387,272,0.0,-0.5,0.0,0.0,0.0,35.3,0.0,0.0,0.0,1.76,570.4,47.0,12.0,10.0,424.0,7.0,0.0,605.0,68.0,57.9,220.0,12.0,,,,30,,Alphonse,Areola,Areola,,,1800,0,1,0,37,0,0,0,0,0,77,20,55,,,,3.85,0.0,1.85,1.0,0.0,0,30,142
601,u,0.0,0.0,4.0,664,42.0,0,0.0,0,0.0,0.2,359,51.0,0,0,0.0,576.0,64.0,0,0,0.0,440.0,55.0,0.0,0.0,0.0,3874,0,42732,9,0.0,0.0,0.0,0.0,0.0,0.0,0.0,0.0,0.0,0.0,0.0,566.0,64.0,0.0,555.0,49.0,0.0,526.0,36.0,0.0,568.0,64.0,,,,30,,Wes,Foderingham,Foderingham,has joined Aris Limassol permanently.,,0,0,0,0,0,0,0,0,0,0,0,0,0,,,,0.0,0.0,0.0,0.0,0.0,0,0,0
602,u,0.0,0.0,3.9,769,84.0,0,0.0,-1,1.0,0.2,370,53.0,0,0,0.0,559.0,54.0,0,0,0.0,423.0,45.0,0.0,0.0,0.0,11331,0,20037,15,0.0,0.0,0.0,0.0,0.0,0.0,0.0,0.0,0.0,0.0,0.0,549.0,54.0,0.0,536.0,37.0,0.0,506.0,24.0,0.0,551.0,54.0,,,,30,,Krisztián,Hegyi,Hegyi,has joined MTK Budapest on loan for the rest of the season.,,0,0,0,0,0,0,0,0,0,0,0,0,0,,,,0.0,0.0,0.0,0.0,0.0,0,0,0
603,a,100.0,100.0,4.0,731,204.0,0,0.0,-5,5.0,2.3,127,49.0,81,2,3.4,131.0,44.0,3,255,5.0,27.0,10.0,1.2,20.2,0.0,378100,1190,897215,222,5.0,4.5,0.46,1.7,2.16,32.66,0.02,0.08,0.1,1.47,426.0,109.0,49.0,247.5,135.0,33.0,83.0,272.0,77.0,75.8,151.0,49.0,,,,30,,El Hadji Malick,Diouf,Diouf,,,2003,0,6,6,38,0,0,0,4,0,0,22,196,,,,0.0,0.27,1.71,0.99,7.23,30,131,85
604,u,0.0,0.0,4.4,523,101.0,0,0.0,-1,1.0,0.1,583,208.0,0,0,0.0,666.0,252.0,0,0,0.0,563.0,232.0,0.0,0.0,0.0,1719,0,20793,0,0.0,0.0,0.0,0.0,0.0,0.0,0.0,0.0,0.0,0.0,0.0,656.0,252.0,0.0,652.0,252.0,0.0,630.0,251.0,0.0,658.0,252.0,,,,30,,Emerson,Palmieri dos Santos,Emerson,has joined Marseille permanently.,,0,0,0,0,0,0,0,0,0,0,0,0,0,,,,0.0,0.0,0.0,0.0,0.0,0,0,0
605,a,,,4.1,655,158.0,0,0.0,-4,4.0,0.1,425,158.0,36,0,1.7,381.0,141.0,0,80,0.0,507.0,215.0,0.0,8.8,0.0,30185,6,50539,18,0.0,-0.5,0.56,0.25,0.81,33.28,0.03,0.01,0.04,1.92,392.4,130.0,58.0,55.8,334.0,114.0,60.0,312.0,95.0,50.9,253.0,81.0,,,,30,,Maximilian,Kilman,Kilman,,,1559,0,0,1,37,0,0,0,4,0,0,17,191,,,,0.0,0.06,2.14,0.98,9.24,16,144,43
606,a,100.0,100.0,4.4,535,111.0,0,0.0,-1,1.0,0.1,512,182.0,74,12,3.2,155.0,58.0,2,211,5.2,20.0,7.0,1.2,16.8,0.0,20377,303,20504,11,5.2,4.7,1.91,0.38,2.29,29.9,0.09,0.02,0.11,1.49,512.2,69.0,31.0,25.4,385.0,139.0,188.0,147.0,28.0,72.5,163.0,54.0,,,,30,,Konstantinos,Mavropanos,Mavropanos,,,1812,1,0,3,34,1,0,0,2,0,0,19,244,,,,0.0,0.15,1.69,0.94,11.13,28,196,69
607,u,0.0,0.0,4.4,528,105.0,0,0.0,-1,1.0,0.0,609,216.0,3,0,1.5,406.0,148.0,0,-1,0.0,566.0,234.0,0.0,0.7,0.0,1288,0,12330,2,0.0,0.0,0.1,0.03,0.13,3.42,0.05,0.02,0.07,1.71,39.0,421.0,158.0,3.9,448.0,161.0,8.0,418.0,158.0,5.1,448.0,160.0,,,,30,,Nayef,Aguerd,N.Aguerd,has joined Marseille permanently.,,180,0,0,0,8,0,0,0,0,0,0,2,23,,,,0.0,0.0,4.0,1.0,7.5,1,14,8
608,d,75.0,75.0,4.3,608,139.0,0,0.0,-2,2.0,0.0,621,220.0,21,0,1.8,367.0,138.0,0,86,0.0,548.0,231.0,0.0,4.9,0.0,4972,1,6958,7,0.0,-0.4,0.18,0.32,0.5,13.28,0.02,0.04,0.06,1.83,138.2,322.0,124.0,71.7,305.0,99.0,22.0,379.0,132.0,23.2,359.0,121.0,5.0,,,30,,Ollie,Scarles,Scarles,Knock - 75% chance of playing,,654,0,1,0,16,0,0,0,1,0,0,9,73,,,,0.0,0.0,2.2,1.24,9.91,29,43,35
609,a,100.0,100.0,4.3,591,133.0,0,0.0,-2,2.0,0.1,487,173.0,44,4,2.2,308.0,114.0,1,161,3.2,81.0,29.0,0.7,10.2,0.0,12226,16,19857,7,3.2,2.7,0.25,0.31,0.56,31.75,0.01,0.02,0.03,1.68,370.6,148.0,65.0,65.5,316.0,106.0,24.0,373.0,129.0,46.1,270.0,88.0,,,,30,,Jean-Clair,Todibo,Todibo,,,1701,0,1,1,34,0,0,0,4,1,0,20,172,,,,0.0,0.05,1.8,1.06,8.36,37,121,86
610,a,100.0,100.0,4.1,656,159.0,0,0.0,-4,4.0,4.6,77,25.0,63,2,3.0,187.0,72.0,0,194,3.8,62.0,23.0,0.9,15.4,0.0,269384,431,2310036,194,3.8,3.3,0.0,0.93,0.93,31.54,0.0,0.05,0.05,1.56,398.2,126.0,55.0,288.9,107.0,26.0,30.0,362.0,121.0,72.1,166.0,55.0,,,,30,,Aaron,Wan-Bissaka,Wan-Bissaka,,,1821,0,3,3,37,0,0,0,3,0,0,20,174,,,,0.0,0.15,1.83,0.99,7.91,28,132,64
611,u,0.0,0.0,4.0,710,185.0,0,0.0,0,0.0,0.1,550,198.0,0,0,0.0,611.0,226.0,0,0,0.0,478.0,189.0,0.0,0.0,0.0,0,0,13268,0,0.0,0.0,0.0,0.0,0.0,0.0,0.0,0.0,0.0,0.0,0.0,601.0,226.0,0.0,593.0,226.0,0.0,564.0,222.0,0.0,603.0,226.0,,,,30,,Kaelan,Casey,Casey,has joined Leyton Orient on loan for the rest of the season.,,0,0,0,0,0,0,0,0,0,0,0,0,0,,,,0.0,0.0,0.0,0.0,0.0,0,0,0
612,u,0.0,0.0,5.9,97,63.0,0,0.0,-1,1.0,1.1,185,65.0,69,0,3.8,88.0,41.0,8,291,0.0,797.0,355.0,0.0,11.7,0.0,897173,0,974754,64,0.0,0.0,2.85,2.0,4.85,24.22,0.17,0.12,0.29,1.44,374.6,143.0,49.0,397.2,58.0,46.0,186.0,154.0,86.0,95.7,96.0,56.0,,,,30,,Lucas,Tolentino Coelho de Lima,L.Paquetá,has joined Flamengo permanently.,,1513,4,2,3,33,0,0,0,5,1,0,18,146,,,,0.0,0.18,1.96,1.07,8.68,40,30,76
613,a,100.0,100.0,5.7,116,74.0,0,0.0,-3,3.0,0.3,323,110.0,77,4,2.9,211.0,88.0,6,301,4.0,61.0,27.0,0.7,13.5,0.0,42786,206,110586,33,4.0,3.5,4.42,0.39,4.81,28.08,0.26,0.02,0.28,1.68,391.2,131.0,43.0,141.6,214.0,140.0,339.0,70.0,40.0,87.3,118.0,69.0,,,,30,,Tomáš,Souček,Souček,,,1506,4,2,4,34,0,0,0,2,1,0,16,166,,,,0.0,0.24,2.03,0.96,9.92,29,90,47
622,u,0.0,0.0,4.4,551,330.0,0,0.0,-1,1.0,0.1,580,216.0,0,0,0.0,676.0,263.0,0,0,0.0,579.0,197.0,0.0,0.0,0.0,1052,0,11955,0,0.0,0.0,0.0,0.0,0.0,0.0,0.0,0.0,0.0,0.0,0.0,667.0,254.0,0.0,664.0,259.0,0.0,642.0,248.0,0.0,669.0,256.0,,,,30,,Lewis,Orford,Orford,has joined Stevenage on loan for the rest of the season.,,0,0,0,0,0,0,0,0,0,0,0,0,0,,,,0.0,0.0,0.0,0.0,0.0,0,0,0
623,a,100.0,100.0,4.4,546,326.0,0,0.0,-1,1.0,0.6,242,84.0,34,0,1.8,369.0,158.0,0,206,0.0,575.0,193.0,0.0,7.7,0.0,143869,16,163189,77,0.0,-0.5,0.21,1.05,1.26,19.95,0.02,0.09,0.11,1.64,179.6,284.0,123.0,129.9,223.0,144.0,37.0,345.0,179.0,34.7,318.0,154.0,,,,30,,Freddie,Potts,Potts,,,1094,0,1,1,23,0,0,0,1,0,0,11,112,,,,0.0,0.08,1.89,0.9,9.21,27,47,38
624,a,,,7.5,20,7.0,0,0.0,-5,5.0,7.5,53,8.0,141,6,4.7,26.0,4.0,22,552,5.2,25.0,3.0,0.7,18.8,0.0,2346439,5520,3269747,662,5.2,4.7,6.04,3.86,9.9,47.18,0.2,0.13,0.33,1.58,670.6,23.0,4.0,491.0,34.0,1.0,685.0,12.0,8.0,184.6,11.0,4.0,1.0,1.0,2.0,30,,Jarrod,Bowen,Bowen,,,2689,8,7,5,53,0,0,0,4,0,0,30,224,,,,0.0,0.17,1.77,1.0,7.5,39,56,129
625,u,0.0,0.0,5.6,121,34.0,0,0.0,-4,4.0,0.6,240,36.0,12,0,1.5,415.0,50.0,0,28,0.0,791.0,84.0,0.0,2.1,0.0,47611,0,392684,11,0.0,0.0,0.93,0.21,1.14,8.59,0.21,0.05,0.26,1.9,26.0,439.0,51.0,85.1,290.0,30.0,130.0,214.0,43.0,23.8,354.0,42.0,,,,30,,Niclas,Füllkrug,Füllkrug,has joined AC Milan on loan for the rest of the season.,,407,0,0,1,11,0,0,0,0,0,0,5,19,,,,0.0,0.22,2.43,1.11,4.2,2,7,10
626,u,0.0,0.0,4.3,614,86.0,0,0.0,-2,2.0,0.5,255,40.0,2,0,1.0,465.0,58.0,0,0,0.0,554.0,54.0,0.0,0.5,0.0,63604,0,106423,21,0.0,0.0,0.13,0.0,0.13,1.55,0.2,0.0,0.2,2.41,1.2,496.0,58.0,0.1,484.0,61.0,7.0,424.0,59.0,0.8,486.0,59.0,,,,30,,Callum,Marshall,Marshall,has joined VfL Bochum 1848 on loan for the rest of the season.,,58,0,0,0,2,0,0,0,0,0,0,0,3,,,,0.0,0.0,3.1,0.0,4.66,0,2,1
659,a,,,4.2,631,142.0,0,0.0,-3,3.0,0.2,351,128.0,32,0,1.8,366.0,137.0,0,118,0.0,514.0,217.0,0.0,7.6,0.0,31032,8,53591,11,0.0,-0.5,1.13,0.26,1.39,21.13,0.11,0.02,0.13,1.99,203.2,265.0,107.0,88.2,283.0,88.0,98.0,249.0,68.0,39.0,300.0,99.0,,,,30,,Kyle,Walker-Peters,Walker-Peters,,,954,1,0,1,22,0,0,0,2,0,0,10,95,,,,0.0,0.09,2.08,0.94,6.79,34,38,41
671,a,,,5.8,103,29.0,0,0.0,-2,2.0,0.5,253,39.0,64,0,2.7,241.0,26.0,7,224,0.5,322.0,42.0,0.1,11.0,0.0,204590,51,216991,75,0.5,0.0,6.48,0.29,6.77,18.16,0.59,0.03,0.62,1.65,226.8,246.0,23.0,93.6,276.0,28.0,396.0,49.0,19.0,70.5,174.0,23.0,,,,30,,Callum,Wilson,Wilson,,,992,5,2,1,18,0,0,0,0,0,0,10,34,,,,0.0,0.09,1.63,0.91,3.08,3,8,23
679,a,,,4.2,639,35.0,0,0.0,-3,3.0,0.4,277,36.0,43,3,4.3,41.0,2.0,8,157,5.5,14.0,2.0,1.3,10.2,0.0,44698,513,43109,60,5.5,5.0,0.0,0.01,0.01,12.85,0.0,0.0,0.0,1.28,245.0,230.0,23.0,0.0,623.0,79.0,0.0,598.0,67.0,24.5,353.0,23.0,,,,30,,Mads,Hermansen,Hermansen,,,900,0,0,4,18,0,0,0,0,0,33,10,34,,,,3.3,0.4,1.8,1.0,0.0,0,14,98
708,a,100.0,100.0,5.5,152,95.0,0,0.0,0,0.0,0.4,279,99.0,105,1,3.8,85.0,38.0,6,517,2.5,130.0,55.0,0.5,19.1,0.0,110175,175,68145,135,2.5,2.0,1.23,2.0,3.23,37.3,0.05,0.08,0.13,1.46,520.0,66.0,20.0,472.0,37.0,33.0,105.0,241.0,134.0,109.8,74.0,46.0,4.0,,,30,,Mateus Gonçalo,Espanha Fernandes,M.Fernandes,,,2303,3,3,5,40,0,0,0,6,0,0,27,290,,,,0.0,0.2,1.56,1.06,11.33,78,70,142
718,a,,,5.0,278,172.0,0,0.0,0,0.0,0.0,659,263.0,39,0,2.1,323.0,142.0,2,178,1.2,226.0,97.0,0.2,7.8,0.0,5367,2,4811,5,1.2,0.7,0.44,0.32,0.76,18.89,0.04,0.03,0.07,1.78,179.6,285.0,124.0,82.8,293.0,170.0,44.0,333.0,174.0,30.6,337.0,164.0,,,,30,,Soungoutou,Magassa,S.Magassa,,,957,1,0,2,23,0,0,0,4,0,0,11,125,,,,0.0,0.19,2.16,1.03,11.76,41,33,51
738,d,25.0,25.0,4.5,405,20.0,0,0.0,0,0.0,0.0,638,80.0,0,0,0.0,689.0,91.0,0,0,0.0,599.0,89.0,0.0,0.0,0.0,6018,2,5797,4,0.0,-0.1,0.0,0.0,0.0,0.0,0.0,0.0,0.0,0.0,0.0,683.0,91.0,0.0,678.0,84.0,0.0,659.0,74.0,0.0,685.0,91.0,,,,30,,Lukasz,Fabianski,Fabianski,Back injury - 25% chance of playing,,0,0,0,0,0,0,0,0,0,0,0,0,0,,,,0.0,0.0,0.0,0.0,0.0,0,0,0
747,a,,,4.0,728,201.0,0,0.0,0,0.0,0.0,630,224.0,6,0,1.0,456.0,167.0,0,18,0.2,337.0,119.0,0.0,1.5,0.0,2583,0,2138,5,0.2,-0.3,0.12,0.49,0.61,3.21,0.1,0.39,0.49,2.56,21.8,446.0,165.0,34.9,370.0,131.0,9.0,414.0,155.0,6.6,438.0,158.0,,,,30,,Ezra,Mayers,Mayers,,,113,0,0,0,3,0,0,0,0,0,0,0,5,,,,0.0,0.0,2.39,0.0,3.98,0,5,6
752,a,,,4.0,739,212.0,0,0.0,0,0.0,0.0,651,230.0,0,0,0.0,633.0,246.0,0,0,0.0,504.0,213.0,0.0,0.0,0.0,2152,1,1946,3,0.0,-0.5,0.0,0.0,0.0,0.0,0.0,0.0,0.0,0.0,0.0,623.0,246.0,0.0,615.0,246.0,0.0,588.0,244.0,0.0,625.0,246.0,,,,30,,Airidas,Golambeckis,Golambeckis,,,0,0,0,0,0,0,0,0,0,0,0,0,0,,,,0.0,0.0,0.0,0.0,0.0,0,0,0
758,a,,,4.5,505,314.0,0,0.0,0,0.0,0.0,738,311.0,6,1,0.9,506.0,237.0,0,22,0.8,272.0,122.0,0.2,1.3,0.0,1870,2,1169,0,0.8,0.3,0.03,0.03,0.06,0.97,0.11,0.11,0.22,3.49,10.4,461.0,206.0,12.0,416.0,205.0,4.0,436.0,213.0,2.4,466.0,211.0,,,,30,,Mohamadou,Kanté,Mohamadou Kanté,,,25,0,0,0,0,0,0,0,1,0,0,0,11,,,,0.0,0.0,0.0,0.0,39.6,4,1,6
785,a,100.0,100.0,5.4,180,43.0,0,0.0,-1,1.0,0.0,750,91.0,10,2,1.7,390.0,47.0,0,29,0.5,319.0,41.0,0.1,1.9,0.0,4608,12,3977,1,0.5,0.0,0.34,0.07,0.41,4.34,0.1,0.02,0.12,1.25,23.4,443.0,53.0,55.2,336.0,40.0,23.0,377.0,55.0,10.2,417.0,53.0,,,,30,,Pablo Felipe,Pereira de Jesus,Pablo,,,313,0,0,0,5,0,0,0,0,0,0,4,29,,,,0.0,0.0,1.44,1.15,8.34,9,7,13
791,a,,,5.5,144,35.0,0,0.0,0,0.0,0.1,457,66.0,30,2,3.0,195.0,20.0,1,108,3.2,88.0,10.0,0.6,5.5,0.0,30991,86,17473,47,3.2,2.7,2.49,0.53,3.02,11.02,0.27,0.06,0.33,1.22,120.4,339.0,33.0,119.7,234.0,24.0,255.0,100.0,28.0,48.5,262.0,31.0,,,,30,,Valentín,Castellanos,Taty,,,816,2,1,4,12,0,0,0,2,0,0,10,37,,,,0.0,0.44,1.32,1.1,4.08,5,15,17
802,a,,,5.0,281,174.0,0,0.0,0,0.0,0.0,787,344.0,0,0,0.0,796.0,352.0,0,0,0.0,753.0,323.0,0.0,0.0,0.0,433,0,320,1,0.0,-0.5,0.0,0.0,0.0,0.0,0.0,0.0,0.0,0.0,0.0,795.0,351.0,0.0,793.0,351.0,0.0,789.0,349.0,0.0,795.0,351.0,,,,30,,Keiber,Lamadrid,Lamadrid,,,0,0,0,0,0,0,0,0,0,0,0,0,0,,,,0.0,0.0,0.0,0.0,0.0,0,0,0
815,a,,,4.5,419,81.0,0,0.0,0,0.0,0.1,496,176.0,20,2,3.3,144.0,52.0,0,83,3.0,92.0,35.0,0.7,4.4,0.0,15827,114,5056,27,3.0,2.5,0.69,0.01,0.7,7.41,0.12,0.0,0.12,1.24,83.8,375.0,143.0,13.1,413.0,150.0,53.0,323.0,104.0,15.0,393.0,142.0,,,,30,,Axel,Disasi,Disasi,,,540,0,0,3,7,1,0,0,0,0,0,6,33,,,,0.0,0.5,1.17,1.0,5.5,2,31,12
627,a,,,4.4,522,25.0,0,0.0,-1,1.0,0.1,427,64.0,21,0,1.8,368.0,31.0,0,117,0.0,562.0,87.0,0.0,4.8,0.0,20434,19,24683,27,0.0,-0.5,0.0,0.02,0.02,18.59,0.0,0.0,0.0,1.55,308.0,189.0,21.0,0.1,486.0,14.0,0.0,629.0,72.0,30.8,335.0,21.0,,,,30,,Sam,Johnstone,Johnstone,,,1080,0,0,0,24,1,0,0,0,0,39,12,71,,,,3.25,0.0,2.0,1.0,0.0,2,24,107
628,d,75.0,75.0,4.2,630,33.0,0,0.0,-3,3.0,1.3,175,22.0,56,0,3.1,167.0,18.0,6,249,2.8,101.0,9.0,0.7,13.3,0.0,111217,29,186862,512,0.0,1.7,0.0,0.03,0.03,26.84,0.0,0.0,0.0,1.49,400.8,125.0,19.0,10.0,423.0,6.0,0.0,596.0,65.0,41.4,292.0,19.0,,,,30,,José,Malheiro de Sá,José Sá,Ankle injury - 75% chance of playing,,1620,0,0,4,28,0,0,0,1,0,49,18,40,,,,2.72,0.22,1.56,1.0,0.0,0,37,164
629,a,100.0,100.0,3.9,745,70.0,0,0.0,-1,1.0,0.5,260,34.0,0,0,0.0,542.0,40.0,0,0,0.0,404.0,31.0,0.0,0.0,0.0,20105,18,51919,36,0.0,-0.5,0.0,0.0,0.0,0.0,0.0,0.0,0.0,0.0,0.0,532.0,40.0,0.0,519.0,23.0,0.0,489.0,10.0,0.0,534.0,40.0,,,,30,,Daniel,Bentley,Bentley,,,0,0,0,0,0,0,0,0,0,0,0,0,0,,,,0.0,0.0,0.0,0.0,0.0,0,0,0
631,u,0.0,0.0,4.2,643,152.0,0,0.0,-3,3.0,0.1,451,167.0,23,0,1.6,392.0,146.0,0,86,0.0,520.0,222.0,0.0,5.5,0.0,24605,0,63394,3,0.0,0.0,0.57,0.4,0.97,18.26,0.05,0.03,0.08,1.49,312.2,185.0,75.0,76.0,302.0,98.0,75.0,287.0,83.0,46.4,268.0,86.0,,,,30,,Emmanuel,Agbadou,Agbadou,has joined Besiktas permanently.,,1100,0,0,0,29,0,0,0,1,1,0,12,156,,,,0.0,0.0,2.37,0.98,10.23,32,93,65
632,a,100.0,100.0,4.4,520,99.0,0,0.0,-1,1.0,0.1,503,178.0,12,0,1.2,439.0,158.0,0,47,0.2,343.0,124.0,0.0,2.7,0.0,6601,9,20597,13,0.0,-0.3,0.09,0.19,0.28,13.21,0.01,0.02,0.03,1.69,116.2,345.0,131.0,50.8,342.0,118.0,18.0,387.0,138.0,18.6,379.0,135.0,,,,30,,Matt,Doherty,Doherty,,,702,0,0,1,14,0,0,0,4,0,0,10,68,,,,0.0,0.13,1.79,1.28,7.31,13,44,27
633,a,100.0,100.0,4.3,599,137.0,0,0.0,-2,2.0,0.2,360,132.0,72,0,2.7,230.0,91.0,4,284,3.6,68.0,25.0,0.8,16.7,0.0,53539,61,37778,233,0.0,3.1,0.5,2.67,3.17,29.64,0.02,0.13,0.15,1.44,451.4,88.0,39.0,510.9,30.0,2.0,134.0,207.0,49.0,109.9,72.0,13.0,1.0,,,30,,Hugo,Bueno López,H.Bueno,,,1856,1,2,4,31,0,0,0,1,0,0,20,173,,,,0.0,0.19,1.5,0.97,6.84,53,88,96
634,a,100.0,100.0,4.3,605,138.0,0,0.0,-2,2.0,0.1,441,165.0,50,0,2.4,281.0,107.0,3,190,3.4,79.0,28.0,0.8,11.6,0.0,18509,12,13397,64,0.0,2.9,1.57,0.43,2.0,27.35,0.09,0.02,0.11,1.52,325.8,178.0,73.0,114.1,243.0,66.0,207.0,123.0,20.0,64.7,199.0,67.0,,,,30,,Yerson,Mosquera Valdelamar,Mosquera,,,1617,0,0,4,29,2,0,0,10,0,0,18,173,,,,0.0,0.22,1.61,1.0,8.96,48,113,73
635,a,100.0,100.0,4.4,545,117.0,0,0.0,-1,1.0,0.1,523,186.0,34,0,2.4,282.0,108.0,0,85,3.0,91.0,34.0,0.7,7.7,0.0,12705,29,15297,46,0.0,2.5,1.69,0.29,1.98,8.42,0.26,0.04,0.3,1.27,169.2,294.0,115.0,62.9,321.0,109.0,176.0,160.0,35.0,41.0,294.0,97.0,,,,30,,Rodrigo,Martins Gomes,R.Gomes,,,596,3,0,0,11,0,0,0,0,0,0,6,49,,,,0.0,0.0,1.66,0.91,5.29,16,19,21
636,a,100.0,100.0,4.4,532,108.0,0,0.0,-1,1.0,0.1,439,163.0,71,0,3.4,134.0,47.0,2,255,2.4,140.0,50.0,0.5,16.1,0.0,30880,11,25518,92,0.0,1.9,1.63,1.04,2.67,30.22,0.08,0.05,0.13,1.48,428.0,108.0,48.0,98.1,268.0,79.0,149.0,190.0,45.0,67.4,184.0,61.0,,,,30,,Santiago,Ignacio Bueno,S.Bueno,,,1832,2,2,4,31,0,0,0,4,0,0,20,169,,,,0.0,0.2,1.52,0.98,7.52,41,112,43
637,a,100.0,100.0,4.2,642,151.0,0,0.0,-3,3.0,0.1,516,184.0,28,0,2.0,328.0,121.0,0,102,1.6,191.0,69.0,0.4,6.7,0.0,7616,3,19747,5,0.0,1.1,0.22,0.21,0.43,18.99,0.02,0.02,0.04,1.64,240.4,236.0,92.0,78.2,301.0,97.0,34.0,352.0,116.0,35.3,314.0,106.0,,,,30,,Toti,Gomes,Toti,,,1039,0,0,1,25,0,0,0,1,1,0,13,118,,,,0.0,0.09,2.17,1.13,8.32,16,80,40
638,u,0.0,0.0,3.8,797,242.0,0,0.0,-2,2.0,0.9,193,75.0,10,0,1.2,437.0,156.0,0,38,0.0,383.0,143.0,0.0,2.6,0.0,121813,0,262524,97,0.0,0.0,0.02,0.36,0.38,9.36,0.0,0.08,0.08,1.99,101.4,356.0,136.0,87.8,285.0,89.0,13.0,395.0,143.0,20.3,373.0,131.0,,,,30,,Ki-Jana,Hoever,Hoever,has joined Sheffield United on loan for the rest of the season.,,423,0,0,0,13,0,0,0,0,0,0,6,46,,,,0.0,0.0,2.77,1.28,8.51,13,27,16
639,u,0.0,0.0,4.0,717,191.0,0,0.0,0,0.0,0.0,766,259.0,0,0,0.0,617.0,231.0,0,0,0.0,485.0,195.0,0.0,0.0,0.0,0,0,882,0,0.0,0.0,0.0,0.0,0.0,0.0,0.0,0.0,0.0,0.0,0.0,607.0,231.0,0.0,599.0,231.0,0.0,571.0,228.0,0.0,609.0,231.0,,,,30,,Bastien,Meupiyou Menadjou,Meupiyou,On loan to FC Alverca,,0,0,0,0,0,0,0,0,0,0,0,0,0,,,,0.0,0.0,0.0,0.0,0.0,0,0,0
640,a,100.0,100.0,4.0,737,210.0,0,0.0,0,0.0,0.4,287,107.0,3,0,1.0,458.0,169.0,0,5,0.0,502.0,211.0,0.0,0.8,0.0,10140,3,89589,18,0.0,-0.5,0.0,0.0,0.0,0.79,0.0,0.0,0.0,23.7,0.2,504.0,179.0,0.5,474.0,175.0,2.0,442.0,166.0,0.2,503.0,178.0,,,,30,,Pedro,Cardoso de Lima,Pedro Lima,,,3,0,0,0,1,0,0,0,0,0,0,0,0,,,,0.0,0.0,30.0,0.0,0.0,0,0,1
641,u,0.0,0.0,3.9,775,225.0,0,0.0,-1,1.0,1.0,190,73.0,0,0,0.0,564.0,204.0,0,0,0.0,428.0,166.0,0.0,0.0,0.0,85684,0,148274,67,0.0,0.0,0.0,0.0,0.0,0.0,0.0,0.0,0.0,0.0,0.0,554.0,204.0,0.0,542.0,204.0,0.0,512.0,199.0,0.0,556.0,204.0,,,,30,,Alfie,Pond,Pond,has joined Crewe Alexandra on loan for the rest of the season.,,0,0,0,0,0,0,0,0,0,0,0,0,0,,,,0.0,0.0,0.0,0.0,0.0,0,0,0
642,a,100.0,100.0,5.6,124,77.0,0,0.0,-4,4.0,0.1,468,160.0,44,0,2.2,314.0,137.0,0,125,0.0,792.0,350.0,0.0,7.9,0.0,49166,12,59618,21,0.0,-0.5,2.1,0.92,3.02,17.67,0.17,0.07,0.24,1.39,132.2,328.0,148.0,152.8,205.0,132.0,145.0,195.0,109.0,42.4,285.0,142.0,,1.0,3.0,30,,Hwang,Hee-chan,Hee Chan,,,1144,2,1,2,22,0,0,0,3,0,0,15,68,,,,0.0,0.16,1.73,1.18,5.35,8,22,38
643,a,100.0,100.0,5.2,215,133.0,0,0.0,-3,3.0,0.1,470,162.0,75,0,2.8,227.0,94.0,4,360,4.4,47.0,20.0,0.8,14.4,0.0,18181,53,18305,79,0.0,3.9,0.34,0.75,1.09,33.79,0.02,0.03,0.05,1.49,326.4,177.0,71.0,228.9,147.0,100.0,28.0,367.0,189.0,58.3,219.0,107.0,,,,30,,André,Trindade da Costa Neto,André,,,2040,1,0,2,37,0,0,0,9,0,0,22,290,,,,0.0,0.09,1.63,0.97,12.79,61,72,157
644,a,100.0,100.0,5.1,231,142.0,0,0.0,-4,4.0,0.0,604,229.0,34,0,1.6,396.0,170.0,0,162,1.4,213.0,92.0,0.3,6.7,0.0,5725,4,11887,7,0.0,0.9,1.03,0.65,1.68,17.59,0.09,0.06,0.15,1.57,152.4,310.0,139.0,154.2,202.0,129.0,138.0,201.0,113.0,44.1,276.0,139.0,3.0,2.0,,30,,Jean-Ricner,Bellegarde,Bellegarde,,,1006,1,0,3,24,0,0,0,4,0,0,12,86,,,,0.0,0.27,2.15,1.07,7.69,25,27,34
645,u,0.0,0.0,5.1,243,148.0,0,0.0,-4,4.0,0.0,658,262.0,12,0,1.3,435.0,196.0,0,38,0.0,761.0,328.0,0.0,2.4,0.0,1383,0,4938,0,0.0,0.0,0.16,0.61,0.77,3.98,0.06,0.24,0.3,1.57,29.0,436.0,193.0,61.0,326.0,181.0,37.0,346.0,180.0,12.4,410.0,186.0,,,,30,,Fer,López González,Fer López,has joined Celta Vigo on loan for the rest of the season.,,228,0,1,0,9,0,0,0,1,0,0,2,12,,,,0.0,0.0,3.55,0.79,4.74,1,1,10
646,a,100.0,100.0,5.3,196,122.0,0,0.0,-2,2.0,0.3,318,108.0,85,0,3.0,194.0,82.0,4,421,3.6,69.0,32.0,0.7,16.0,0.0,70293,95,48951,416,0.0,3.1,1.15,1.34,2.49,36.08,0.05,0.05,0.1,1.47,385.0,136.0,45.0,286.9,109.0,78.0,150.0,189.0,105.0,82.7,134.0,74.0,,1.0,,30,,João Victor,Gomes da Silva,J.Gomes,,,2207,1,1,4,41,0,0,0,9,0,0,25,312,,,,0.0,0.16,1.67,1.02,12.72,83,72,157
647,u,0.0,0.0,5.5,139,86.0,0,0.0,0,0.0,0.0,798,352.0,0,0,0.0,809.0,361.0,0,0,0.0,787.0,347.0,0.0,0.0,0.0,0,0,796,0,0.0,0.0,0.0,0.0,0.0,0.0,0.0,0.0,0.0,0.0,0.0,808.0,360.0,0.0,807.0,360.0,0.0,805.0,359.0,0.0,808.0,360.0,,,,30,,Gonçalo Manuel,Ganchinho Guedes,Guedes,Has joined Real Sociedad permanently.,,0,0,0,0,0,0,0,0,0,0,0,0,0,,,,0.0,0.0,0.0,0.0,0.0,0,0,0
648,u,0.0,0.0,5.3,195,121.0,0,0.0,-2,2.0,0.0,626,244.0,38,0,2.9,208.0,85.0,1,131,0.0,771.0,335.0,0.0,7.2,0.0,19177,0,23134,1,0.0,0.0,1.64,0.38,2.02,13.36,0.17,0.04,0.21,1.38,163.6,299.0,132.0,61.8,324.0,179.0,196.0,139.0,80.0,42.1,288.0,143.0,,,,30,,Marshall,Munetsi,Munetsi,has joined Paris FC on loan for the rest of the season.,,872,1,2,0,19,0,0,0,2,0,0,9,80,,,,0.0,0.0,1.96,0.93,8.26,21,39,20
649,u,0.0,0.0,5.0,265,161.0,0,0.0,0,0.0,0.0,814,362.0,0,0,0.0,789.0,347.0,0,0,0.0,745.0,317.0,0.0,0.0,0.0,0,0,162,0,0.0,0.0,0.0,0.0,0.0,0.0,0.0,0.0,0.0,0.0,0.0,788.0,346.0,0.0,786.0,346.0,0.0,782.0,344.0,0.0,788.0,346.0,,,,30,,Boubacar,Traoré,B.Traore,Has joined FC Metz on loan for the rest of the season.,,0,0,0,0,0,0,0,0,0,0,0,0,0,,,,0.0,0.0,0.0,0.0,0.0,0,0,0
650,u,0.0,0.0,4.3,602,353.0,0,0.0,-2,2.0,0.2,374,123.0,2,0,1.0,463.0,202.0,0,4,0.0,544.0,177.0,0.0,0.5,0.0,30885,0,48431,12,0.0,0.0,0.0,0.0,0.0,0.5,0.0,0.0,0.0,1.8,3.2,483.0,221.0,0.3,479.0,232.0,0.0,613.0,230.0,0.4,493.0,225.0,,,,30,,Tawanda,Chirewa,Chirewa,has joined Barnsley on loan for the rest of the season.,,25,0,0,0,0,0,0,0,0,0,0,0,4,,,,0.0,0.0,0.0,0.0,14.4,2,1,1
651,a,,,4.3,618,363.0,0,0.0,-2,2.0,0.4,273,94.0,6,0,6.0,5.0,2.0,0,22,1.2,218.0,94.0,0.3,1.4,0.0,66942,41,68078,81,0.0,0.7,0.17,0.0,0.17,0.2,2.55,0.0,2.55,3.0,34.4,429.0,189.0,0.1,485.0,235.0,17.0,389.0,194.0,5.2,447.0,200.0,,,,30,,Tom,Edozie,Edozie,,,6,1,0,0,0,0,0,0,0,0,0,0,0,,,,0.0,0.0,0.0,0.0,0.0,0,0,0
652,a,,,4.3,617,362.0,0,0.0,-2,2.0,1.3,170,59.0,0,0,0.0,660.0,253.0,0,0,0.0,556.0,185.0,0.0,0.0,0.0,199031,45,243631,125,0.0,-0.5,0.0,0.0,0.0,0.0,0.0,0.0,0.0,0.0,0.0,650.0,243.0,0.0,646.0,248.0,0.0,623.0,237.0,0.0,652.0,245.0,,,,30,,Enso,González Medina,Gonzalez,,,0,0,0,0,0,0,0,0,0,0,0,0,0,,,,0.0,0.0,0.0,0.0,0.0,0,0,0
653,u,0.0,0.0,4.5,423,254.0,0,0.0,0,0.0,0.0,662,266.0,0,0,0.0,698.0,274.0,0,0,0.0,610.0,214.0,0.0,0.0,0.0,0,0,5779,1,0.0,0.0,0.0,0.0,0.0,0.0,0.0,0.0,0.0,0.0,0.0,692.0,268.0,0.0,687.0,271.0,0.0,669.0,263.0,0.0,694.0,270.0,,,,30,,Joe,Hodge,Hodge,Signed by CD Tondela,,0,0,0,0,0,0,0,0,0,0,0,0,0,,,,0.0,0.0,0.0,0.0,0.0,0,0,0
655,u,0.0,0.0,4.9,328,61.0,0,0.0,-1,1.0,0.2,397,60.0,0,0,0.0,779.0,86.0,0,0,0.0,729.0,77.0,0.0,0.0,0.0,7178,0,55376,3,0.0,0.0,0.0,0.0,0.0,0.0,0.0,0.0,0.0,0.0,0.0,778.0,86.0,0.0,774.0,85.0,0.0,770.0,85.0,0.0,778.0,86.0,,,,30,,Fábio,Soares Silva,Fábio Silva,has joined Borussia Dortmund permanently.,,0,0,0,0,0,0,0,0,0,0,0,0,0,,,,0.0,0.0,0.0,0.0,0.0,0,0,0
656,u,0.0,0.0,4.9,320,59.0,0,0.0,-1,1.0,0.0,590,81.0,1,0,1.0,489.0,59.0,0,1,0.0,724.0,76.0,0.0,0.2,0.0,1691,0,10144,0,0.0,0.0,0.0,0.01,0.01,0.1,0.0,0.06,0.06,0.64,1.0,499.0,61.0,4.3,444.0,58.0,2.0,453.0,61.0,0.7,488.0,61.0,,,,30,,Saša,Kalajdžić,Kalajdžić,has joined LASK on loan for the rest of the season.,,14,0,0,0,0,0,0,0,0,0,0,0,2,,,,0.0,0.0,0.0,0.0,12.86,0,1,1
657,a,100.0,100.0,4.4,566,82.0,0,0.0,-1,1.0,0.0,640,83.0,0,0,0.0,685.0,74.0,0,0,0.0,592.0,62.0,0.0,0.0,0.0,5238,5,7509,7,0.0,-0.5,0.0,0.0,0.0,0.0,0.0,0.0,0.0,0.0,0.0,678.0,74.0,0.0,674.0,73.0,0.0,654.0,73.0,0.0,680.0,74.0,,,,30,,Leon,Chiwome,Chiwome,,,0,0,0,0,0,0,0,0,0,0,0,0,0,,,,0.0,0.0,0.0,0.0,0.0,0,0,0
658,a,,,4.2,644,89.0,0,0.0,-3,3.0,1.9,143,23.0,0,0,0.0,640.0,63.0,0,0,0.0,521.0,49.0,0.0,0.0,0.0,277593,100,363761,259,0.0,-0.5,0.0,0.0,0.0,0.0,0.0,0.0,0.0,0.0,0.0,631.0,63.0,0.0,625.0,62.0,0.0,600.0,62.0,0.0,633.0,63.0,,,,30,,Nathan,Fraser,Fraser,,,0,0,0,0,0,0,0,0,0,0,0,0,0,,,,0.0,0.0,0.0,0.0,0.0,0,0,0
663,u,0.0,0.0,4.9,316,197.0,0,0.0,-6,6.0,0.1,436,146.0,45,0,2.0,333.0,145.0,2,175,0.0,721.0,300.0,0.0,9.2,0.0,20148,0,82091,3,0.0,0.0,3.38,0.62,4.0,16.0,0.27,0.05,0.32,1.29,171.0,291.0,128.0,204.0,167.0,113.0,148.0,192.0,106.0,52.1,249.0,127.0,,,,30,,Jhon,Arias,J.Arias,has joined Palmeiras permanently.,,1117,1,0,2,21,0,0,0,1,0,0,14,125,,,,0.0,0.16,1.69,1.13,10.07,43,24,58
682,a,,,4.2,640,149.0,0,0.0,-3,3.0,0.1,546,197.0,29,0,1.6,391.0,145.0,0,69,1.4,212.0,77.0,0.3,6.9,0.0,4832,2,9375,8,0.0,0.9,0.13,1.04,1.17,17.48,0.01,0.11,0.12,1.88,142.0,319.0,123.0,110.8,248.0,68.0,46.0,330.0,107.0,30.0,338.0,115.0,,,,30,,David,Møller Wolfe,Møller Wolfe,,,839,0,2,1,20,0,0,0,1,0,0,9,48,,,,0.0,0.11,2.15,0.97,4.61,9,34,20
695,a,,,4.4,553,119.0,0,0.0,-1,1.0,0.0,634,226.0,50,0,1.9,345.0,129.0,0,152,2.8,103.0,38.0,0.6,11.4,0.0,6411,3,5939,10,0.0,2.3,0.26,1.13,1.39,23.99,0.01,0.06,0.07,1.35,287.8,201.0,78.0,278.5,116.0,30.0,42.0,339.0,111.0,60.9,209.0,70.0,,,,30,,Jackson,Tchatchoua,Tchatchoua,,,1605,0,1,3,29,0,0,0,3,0,0,16,123,,,,0.0,0.17,1.63,0.9,5.5,27,71,57
709,a,100.0,100.0,4.5,426,85.0,0,0.0,0,0.0,0.1,540,192.0,59,0,2.6,252.0,97.0,0,201,0.8,271.0,97.0,0.2,13.1,0.0,24721,14,20106,42,0.0,0.3,1.97,1.35,3.32,31.35,0.09,0.06,0.15,1.45,447.4,91.0,40.0,115.0,242.0,65.0,206.0,126.0,21.0,77.1,147.0,47.0,,,,30,,Ladislav,Krejcí,Krejčí,,,1947,2,1,3,36,1,0,0,2,1,0,22,186,,,,0.0,0.14,1.66,1.02,7.53,23,140,61
720,a,,,5.4,174,42.0,0,0.0,-1,1.0,0.1,414,62.0,54,0,2.1,325.0,35.0,4,173,1.4,215.0,28.0,0.3,10.0,0.0,63286,16,47548,122,0.0,0.9,4.04,0.34,4.38,20.22,0.3,0.03,0.33,1.5,188.8,276.0,26.0,160.8,197.0,20.0,434.0,37.0,17.0,77.6,146.0,20.0,,,5.0,30,,Tolu,Arokodare,Tolu,,,1215,2,2,3,25,0,0,1,1,0,0,12,68,,,,0.0,0.22,1.85,0.89,5.04,6,39,23
