id,first_name,second_name,web_name,status,news,news_added,now_cost,now_cost_rank,now_cost_rank_type,selected_by_percent,selected_rank,selected_rank_type,form,form_rank,form_rank_type,event_points,cost_change_event,cost_change_event_fall,cost_change_start,cost_change_start_fall,transfers_in_event,transfers_out_event,value_form,value_season,ep_next,ep_this,points_per_game,points_per_game_rank,points_per_game_rank_type,chance_of_playing_next_round,chance_of_playing_this_round,influence_rank,influence_rank_type,creativity_rank,creativity_rank_type,threat_rank,threat_rank_type,ict_index_rank,ict_index_rank_type,corners_and_indirect_freekicks_order,direct_freekicks_order,penalties_order,set_piece_threat,corners_and_indirect_freekicks_text,direct_freekicks_text,penalties_text,expected_goals_per_90,expected_assists_per_90,expected_goal_involvements_per_90,expected_goals_conceded_per_90,saves_per_90,clean_sheets_per_90,goals_conceded_per_90,starts_per_90,defensive_contribution_per_90,gw,total_points,minutes,goals_scored,assists,clean_sheets,goals_conceded,own_goals,penalties_saved,penalties_missed,yellow_cards,red_cards,saves,starts,bonus,bps,transfers_in,transfers_out,dreamteam_count,expected_goals,expected_assists,expected_goal_involvements,expected_goals_conceded,influence,creativity,threat,ict_index,tackles,clearances_blocks_interceptions,recoveries,defensive_contribution
324,Alex,Iwobi,Iwobi,a,,,6.3,66,44.0,0.8,210,73.0,4.6,36.0,17.0,13,0,0.0,-2,2.0,2372,198,0.7,12.5,4.6,4.6,3.8,93.0,45.0,100.0,100.0,124.0,40.0,27.0,25.0,137.0,79.0,61.0,39.0,5.0,,,,,,,0.06,0.17,0.23,1.46,0.0,0.15,1.73,1.07,6.4,27,13.0,87.0,1.0,1.0,0.0,1.0,0.0,0.0,0.0,0.0,0.0,0.0,1.0,3.0,48.0,2406.0,223.0,0.0,0.2500000000000001,0.18999999999999995,0.4400000000000004,1.7100000000000009,58.39999999999998,40.69999999999999,22.0,12.099999999999994,0.0,0.0,2.0,2.0
6,William,Saliba,Saliba,a,,,6.1,84,4.0,13.8,26,10.0,2.8,132.0,44.0,2,0,0.0,1,-1.0,3535,17912,0.5,14.1,3.3,3.8,3.7,101.0,36.0,100.0,100.0,125.0,55.0,217.0,54.0,336.0,110.0,225.0,75.0,,,,,,,,0.03,0.03,0.06,0.62,0.0,0.48,0.71,1.05,6.22,27,2.0,90.0,0.0,0.0,0.0,1.0,0.0,0.0,0.0,0.0,0.0,0.0,1.0,0.0,9.0,3822.0,20314.0,0.0,0.24,0.010000000000000009,0.25,0.7600000000000016,15.399999999999977,2.5,7.0,2.5,1.0,6.0,4.0,7.0
26,Martín,Zubimendi Ibáñez,Zubimendi,a,,,5.3,201,125.0,5.4,67,23.0,4.8,29.0,13.0,2,0,0.0,-2,2.0,3570,13142,0.9,20.6,5.3,5.8,3.9,83.0,39.0,100.0,100.0,53.0,14.0,76.0,56.0,96.0,59.0,52.0,35.0,,,,,,,,0.1,0.07,0.17,0.7,0.0,0.5,0.73,1.03,9.13,27,2.0,90.0,0.0,0.0,0.0,1.0,0.0,0.0,0.0,0.0,0.0,0.0,1.0,0.0,14.0,4189.0,15647.0,0.0,0.0,0.020000000000000018,0.019999999999999574,0.7600000000000016,11.200000000000045,4.100000000000023,6.0,2.1000000000000085,3.0,1.0,3.0,7.0
699,Douglas Luiz,Soares de Paulo,Douglas Luiz,a,,,4.9,319,197.0,0.1,480,167.0,1.8,215.0,95.0,2,0,0.0,-1,1.0,223,140,0.4,4.1,2.3,1.8,1.7,382.0,168.0,100.0,100.0,329.0,149.0,126.0,87.0,316.0,165.0,280.0,140.0,,,,,,,,0.03,0.17,0.2,1.15,0.0,0.14,1.39,1.25,10.82,27,2.0,86.0,0.0,0.0,0.0,1.0,0.0,0.0,0.0,0.0,0.0,0.0,1.0,0.0,22.0,310.0,155.0,0.0,0.0,0.18999999999999995,0.18999999999999995,1.3500000000000005,19.0,32.30000000000001,0.0,5.099999999999994,4.0,1.0,5.0,10.0
188,Hannes,Delcroix,Delcroix,u,has joined Lugano permanently.,,3.8,791,239.0,0.2,360,131.0,0.0,408.0,153.0,0,0,0.0,-2,2.0,0,100,0.0,0.0,0.0,0.0,0.0,521.0,186.0,0.0,0.0,510.0,185.0,497.0,183.0,462.0,174.0,513.0,185.0,,,,,,,,0.0,0.0,0.0,0.0,0.0,0.0,0.0,0.0,0.0,27,0.0,0.0,0.0,0.0,0.0,0.0,0.0,0.0,0.0,0.0,0.0,0.0,0.0,0.0,0.0,0.0,106.0,0.0,0.0,0.0,0.0,0.0,0.0,0.0,0.0,0.0,0.0,0.0,0.0,0.0
189,Owen,Dodgson,Dodgson,u,Has joined Stockport County on loan for the rest of the season.,,4.0,682,172.0,0.0,722,250.0,0.0,483.0,190.0,0,0,0.0,0,0.0,0,1,0.0,0.0,0.0,0.0,0.0,590.0,218.0,0.0,0.0,579.0,217.0,572.0,217.0,540.0,211.0,582.0,217.0,,,,,,,,0.0,0.0,0.0,0.0,0.0,0.0,0.0,0.0,0.0,27,0.0,0.0,0.0,0.0,0.0,0.0,0.0,0.0,0.0,0.0,0.0,0.0,0.0,0.0,0.0,0.0,1.0,0.0,0.0,0.0,0.0,0.0,0.0,0.0,0.0,0.0,0.0,0.0,0.0,0.0
197,Oliver,Sonne,Sonne,u,has joined Sparta Prague on loan for the rest of the season.,,3.8,802,250.0,0.2,364,133.0,0.0,417.0,162.0,0,0,0.0,-2,2.0,0,213,0.0,3.4,0.0,0.0,1.9,335.0,125.0,0.0,0.0,407.0,152.0,392.0,142.0,353.0,115.0,417.0,150.0,,,,,,,,0.3,0.04,0.34,2.08,0.0,0.0,2.2,0.55,3.84,27,0.0,0.0,0.0,0.0,0.0,0.0,0.0,0.0,0.0,0.0,0.0,0.0,0.0,0.0,0.0,0.0,240.0,0.0,0.0,0.0,0.0,0.0,0.0,0.0,0.0,0.0,0.0,0.0,0.0,0.0
198,Axel,Tuanzebe,Tuanzebe,i,Achilles injury - Expected back 14 Mar,,3.9,749,214.0,1.0,198,77.0,1.0,266.0,95.0,0,0,0.0,-1,1.0,9,528,0.3,6.9,0.0,0.0,2.5,264.0,101.0,0.0,0.0,232.0,89.0,426.0,153.0,312.0,98.0,328.0,113.0,,,,,,,,0.06,0.01,0.07,2.41,0.0,0.1,2.13,1.06,9.38,27,0.0,0.0,0.0,0.0,0.0,0.0,0.0,0.0,0.0,0.0,0.0,0.0,0.0,0.0,0.0,11.0,594.0,0.0,0.0,0.0,0.0,0.0,0.0,0.0,0.0,0.0,0.0,0.0,0.0,0.0
199,Joe,Worrall,Worrall,a,,,3.8,787,235.0,0.2,405,148.0,1.4,235.0,85.0,4,0,0.0,-2,2.0,533,61,0.4,3.7,0.9,0.4,1.8,351.0,128.0,100.0,100.0,358.0,135.0,460.0,167.0,421.0,157.0,411.0,147.0,,,,,,,,0.0,0.01,0.01,2.09,0.0,0.0,1.62,0.81,12.66,27,4.0,90.0,0.0,0.0,0.0,1.0,0.0,0.0,0.0,0.0,0.0,0.0,1.0,0.0,12.0,562.0,65.0,0.0,0.0,0.0,0.0,1.9900000000000002,21.39999999999999,0.19999999999999996,2.0,2.3999999999999995,1.0,10.0,1.0,11.0
211,Aaron,Ramsey,A.Ramsey,u,has joined Leicester City on loan for the rest of the season.,,4.4,541,322.0,1.4,158,51.0,0.0,590.0,204.0,0,0,0.0,-1,1.0,0,174,0.0,0.0,0.0,0.0,0.0,669.0,257.0,0.0,0.0,658.0,247.0,655.0,253.0,633.0,242.0,661.0,250.0,,,,,,,,0.0,0.0,0.0,0.0,0.0,0.0,0.0,0.0,0.0,27,0.0,0.0,0.0,0.0,0.0,0.0,0.0,0.0,0.0,0.0,0.0,0.0,0.0,0.0,0.0,0.0,191.0,0.0,0.0,0.0,0.0,0.0,0.0,0.0,0.0,0.0,0.0,0.0,0.0,0.0
807,Rayan Vitor,Simplício Rocha,Rayan,a,,,5.6,133,82.0,1.7,146,48.0,5.5,17.0,8.0,3,1,-1.0,1,-1.0,25134,1198,1.0,3.9,5.5,5.5,5.5,9.0,6.0,,,342.0,155.0,288.0,168.0,257.0,140.0,341.0,164.0,,,,,,,,0.25,0.25,0.5,2.33,0.0,0.31,0.62,0.94,4.38,27,3.0,90.0,0.0,0.0,1.0,0.0,0.0,0.0,0.0,0.0,0.0,0.0,1.0,0.0,8.0,29348.0,1332.0,0.0,0.30000000000000004,0.09000000000000008,0.3900000000000001,3.2700000000000005,11.200000000000003,16.0,15.0,4.199999999999999,2.0,1.0,2.0,5.0
1,David,Raya Martín,Raya,a,,,6.0,86,1.0,34.7,7,1.0,3.3,88.0,7.0,3,0,0.0,5,-5.0,4967,18289,0.6,18.7,3.8,4.3,4.0,72.0,7.0,,,96.0,16.0,367.0,3.0,809.0,94.0,257.0,15.0,,,,,,,,0.0,0.0,0.0,0.69,1.46,0.46,0.75,1.0,0.0,27,3.0,90.0,0.0,0.0,0.0,1.0,0.0,0.0,0.0,0.0,0.0,4.0,1.0,0.0,18.0,5331.0,21716.0,0.0,0.0,0.009999999999999995,0.009999999999999995,0.759999999999998,28.400000000000034,3.0,0.0,3.1000000000000014,0.0,2.0,14.0,0.0
132,Paris,Maghoma,Maghoma,u,has joined Norwich City permanently.,,4.5,421,253.0,0.0,669,271.0,0.0,622.0,224.0,0,0,0.0,0,0.0,0,11,0.0,0.0,0.0,0.0,0.0,694.0,272.0,0.0,0.0,687.0,266.0,683.0,270.0,664.0,262.0,690.0,269.0,,,,,,,,0.0,0.0,0.0,0.0,0.0,0.0,0.0,0.0,0.0,27,0.0,0.0,0.0,0.0,0.0,0.0,0.0,0.0,0.0,0.0,0.0,0.0,0.0,0.0,0.0,0.0,13.0,0.0,0.0,0.0,0.0,0.0,0.0,0.0,0.0,0.0,0.0,0.0,0.0,0.0
2,Kepa,Arrizabalaga Revuelta,Arrizabalaga,a,,,4.1,650,36.0,0.4,281,36.0,0.0,530.0,77.0,0,0,0.0,-4,4.0,50,95,0.0,0.0,0.5,1.0,0.0,633.0,85.0,,,622.0,85.0,615.0,73.0,586.0,60.0,625.0,85.0,,,,,,,,0.0,0.0,0.0,0.0,0.0,0.0,0.0,0.0,0.0,27,0.0,0.0,0.0,0.0,0.0,0.0,0.0,0.0,0.0,0.0,0.0,0.0,0.0,0.0,0.0,52.0,99.0,0.0,0.0,0.0,0.0,0.0,0.0,0.0,0.0,0.0,0.0,0.0,0.0,0.0
3,Karl,Hein,Hein,u,Has joined Werder Bremen on loan for the rest of the season.,,4.0,685,54.0,0.2,372,54.0,0.0,486.0,65.0,0,0,0.0,0,0.0,0,28,0.0,0.0,0.0,0.0,0.0,593.0,73.0,0.0,0.0,582.0,73.0,575.0,61.0,543.0,48.0,585.0,73.0,,,,,,,,0.0,0.0,0.0,0.0,0.0,0.0,0.0,0.0,0.0,27,0.0,0.0,0.0,0.0,0.0,0.0,0.0,0.0,0.0,0.0,0.0,0.0,0.0,0.0,0.0,0.0,30.0,0.0,0.0,0.0,0.0,0.0,0.0,0.0,0.0,0.0,0.0,0.0,0.0,0.0
4,Tommy,Setford,Setford,a,,,3.9,775,90.0,0.2,357,52.0,0.0,457.0,49.0,0,0,0.0,-1,1.0,79,72,0.0,0.0,0.5,1.0,0.0,565.0,58.0,,,554.0,58.0,544.0,43.0,510.0,30.0,557.0,58.0,,,,,,,,0.0,0.0,0.0,0.0,0.0,0.0,0.0,0.0,0.0,27,0.0,0.0,0.0,0.0,0.0,0.0,0.0,0.0,0.0,0.0,0.0,0.0,0.0,0.0,0.0,92.0,83.0,0.0,0.0,0.0,0.0,0.0,0.0,0.0,0.0,0.0,0.0,0.0,0.0,0.0
5,Gabriel,dos Santos Magalhães,Gabriel,a,,,7.1,33,1.0,42.9,4,1.0,4.0,60.0,21.0,2,0,0.0,11,-11.0,9255,17255,0.6,20.3,4.5,5.0,6.5,2.0,1.0,100.0,100.0,21.0,10.0,243.0,69.0,131.0,25.0,87.0,21.0,,,,,,,,0.09,0.05,0.14,0.61,0.0,0.57,0.66,1.0,8.83,27,2.0,90.0,0.0,0.0,0.0,1.0,0.0,0.0,0.0,0.0,0.0,0.0,1.0,0.0,12.0,10549.0,19410.0,0.0,0.0,0.010000000000000009,0.009999999999999787,0.7599999999999998,18.399999999999977,1.7999999999999972,0.0,2.0,3.0,3.0,2.0,6.0
7,Riccardo,Calafiori,Calafiori,a,,,5.6,132,14.0,6.3,59,20.0,1.5,234.0,84.0,0,0,0.0,1,-1.0,600,6752,0.3,15.4,2.0,2.5,4.3,49.0,21.0,100.0,100.0,228.0,87.0,234.0,63.0,101.0,12.0,210.0,70.0,,,,,,,,0.19,0.03,0.22,0.52,0.0,0.67,0.53,1.14,6.08,27,0.0,0.0,0.0,0.0,0.0,0.0,0.0,0.0,0.0,0.0,0.0,0.0,0.0,0.0,0.0,687.0,7639.0,0.0,0.0,0.0,0.0,0.0,0.0,0.0,0.0,0.0,0.0,0.0,0.0,0.0
8,Jurriën,Timber,J.Timber,a,,,6.4,59,2.0,29.3,12,3.0,3.0,121.0,42.0,3,0,0.0,9,-9.0,6067,64944,0.5,19.8,3.5,4.0,4.7,24.0,9.0,100.0,100.0,74.0,34.0,54.0,8.0,56.0,1.0,43.0,4.0,,,,,,,,0.17,0.06,0.23,0.59,0.0,0.48,0.77,1.01,5.07,27,3.0,56.0,0.0,1.0,0.0,1.0,0.0,0.0,0.0,1.0,0.0,0.0,1.0,0.0,14.0,6738.0,75057.0,0.0,0.0,0.19999999999999996,0.20000000000000018,0.34999999999999964,25.80000000000001,38.19999999999999,4.0,6.800000000000011,1.0,0.0,2.0,1.0
9,Jakub,Kiwior,Kiwior,u,has joined Porto on loan for the rest of the season.,,5.4,174,20.0,0.0,589,210.0,0.0,782.0,263.0,0,0,0.0,-1,1.0,0,3,0.0,0.0,0.0,0.0,0.0,800.0,265.0,0.0,0.0,800.0,265.0,799.0,265.0,797.0,265.0,800.0,265.0,,,,,,,,0.0,0.0,0.0,0.0,0.0,0.0,0.0,0.0,0.0,27,0.0,0.0,0.0,0.0,0.0,0.0,0.0,0.0,0.0,0.0,0.0,0.0,0.0,0.0,0.0,0.0,3.0,0.0,0.0,0.0,0.0,0.0,0.0,0.0,0.0,0.0,0.0,0.0,0.0,0.0
148,Ferdi,Kadıoğlu,F.Kadıoğlu,a,,,4.4,530,108.0,0.3,300,110.0,3.0,109.0,39.0,8,0,0.0,-1,1.0,468,206,0.7,16.6,3.0,3.0,2.8,213.0,84.0,,,137.0,62.0,71.0,15.0,155.0,32.0,110.0,32.0,2.0,,,,,,,0.06,0.09,0.15,1.4,0.0,0.25,1.22,0.97,4.92,27,8.0,90.0,0.0,1.0,1.0,0.0,0.0,0.0,0.0,1.0,0.0,0.0,1.0,0.0,27.0,513.0,272.0,0.0,0.020000000000000018,0.029999999999999805,0.04999999999999982,1.6000000000000014,8.600000000000023,12.900000000000034,7.0,2.8999999999999915,1.0,5.0,7.0,6.0
149,Igor Julio,dos Santos de Paulo,Igor,a,,,4.5,422,81.0,0.1,523,187.0,0.0,623.0,244.0,0,0,0.0,0,0.0,41,37,0.0,1.3,0.0,0.0,1.5,407.0,148.0,100.0,100.0,436.0,162.0,414.0,150.0,665.0,254.0,453.0,163.0,,,,,,,,0.0,0.0,0.0,4.07,0.0,0.0,2.62,0.87,11.36,27,0.0,0.0,0.0,0.0,0.0,0.0,0.0,0.0,0.0,0.0,0.0,0.0,0.0,0.0,0.0,43.0,38.0,0.0,0.0,0.0,0.0,0.0,0.0,0.0,0.0,0.0,0.0,0.0,0.0,0.0
33,Marco,Bizot,M.Bizot,a,,,4.2,627,32.0,0.4,282,37.0,0.0,537.0,81.0,0,0,0.0,-3,3.0,17,227,0.0,2.6,0.5,0.0,2.2,307.0,27.0,100.0,0.0,353.0,28.0,619.0,77.0,591.0,64.0,415.0,28.0,,,,,,,,0.0,0.0,0.0,1.9,2.89,0.22,1.78,0.89,0.0,27,0.0,0.0,0.0,0.0,0.0,0.0,0.0,0.0,0.0,0.0,0.0,0.0,0.0,0.0,0.0,18.0,248.0,0.0,0.0,0.0,0.0,0.0,0.0,0.0,0.0,0.0,0.0,0.0,0.0,0.0
77,James,Hill,Hill,a,,,4.0,686,173.0,5.0,70,22.0,7.0,5.0,3.0,6,0,0.0,0,0.0,45705,961,1.8,16.2,7.0,7.0,3.6,106.0,37.0,,,149.0,66.0,297.0,97.0,300.0,89.0,251.0,82.0,,,,,,,,0.02,0.07,0.09,1.46,0.0,0.32,1.21,0.89,11.25,27,6.0,90.0,0.0,0.0,1.0,0.0,0.0,0.0,0.0,0.0,0.0,0.0,1.0,0.0,29.0,55099.0,1064.0,0.0,0.0,0.06999999999999995,0.07000000000000006,3.2699999999999996,20.0,0.7999999999999972,0.0,2.1000000000000014,2.0,5.0,3.0,7.0
27,Reiss,Nelson,Nelson,a,,,4.8,357,224.0,0.1,489,172.0,0.0,707.0,291.0,0,0,0.0,-2,2.0,27,30,0.0,1.2,0.5,0.0,1.0,486.0,224.0,100.0,100.0,448.0,199.0,445.0,215.0,389.0,195.0,455.0,206.0,,,,,,,,1.1,0.13,1.23,2.18,0.0,0.0,1.8,0.0,30.6,27,0.0,0.0,0.0,0.0,0.0,0.0,0.0,0.0,0.0,0.0,0.0,0.0,0.0,0.0,0.0,29.0,32.0,0.0,0.0,0.0,0.0,0.0,0.0,0.0,0.0,0.0,0.0,0.0,0.0,0.0
175,Joe,Knight,Knight,u,has joined Stevenage permanently.,,4.4,560,335.0,0.1,529,191.0,0.0,604.0,215.0,0,0,0.0,-1,1.0,0,40,0.0,0.2,0.0,0.0,1.0,469.0,209.0,0.0,0.0,672.0,258.0,668.0,263.0,648.0,254.0,675.0,261.0,,,,,,,,0.0,0.0,0.0,0.0,0.0,0.0,0.0,0.0,0.0,27,0.0,0.0,0.0,0.0,0.0,0.0,0.0,0.0,0.0,0.0,0.0,0.0,0.0,0.0,0.0,0.0,43.0,0.0,0.0,0.0,0.0,0.0,0.0,0.0,0.0,0.0,0.0,0.0,0.0,0.0
231,Mamadou,Sarr,M.Sarr,a,,,4.5,478,95.0,0.0,688,239.0,0.2,373.0,139.0,1,0,0.0,0,0.0,60,52,0.0,0.2,-0.3,1.2,1.0,478.0,172.0,100.0,100.0,724.0,258.0,720.0,258.0,706.0,258.0,726.0,258.0,,,,,,,,0.0,0.0,0.0,13.05,0.0,0.0,45.0,0.0,0.0,27,1.0,2.0,0.0,0.0,0.0,1.0,0.0,0.0,0.0,0.0,0.0,0.0,0.0,0.0,-1.0,71.0,55.0,0.0,0.0,0.0,0.0,0.29,0.0,0.0,0.0,0.0,0.0,0.0,1.0,0.0
232,Tosin,Adarabioyo,Tosin,a,,,4.0,664,162.0,0.2,347,124.0,0.2,361.0,131.0,1,0,0.0,-5,5.0,99,64,0.0,7.8,-0.3,1.2,2.6,249.0,96.0,100.0,100.0,236.0,93.0,371.0,132.0,379.0,132.0,336.0,116.0,,,,,,,,0.01,0.05,0.06,1.45,0.0,0.25,1.5,0.88,11.02,27,1.0,15.0,0.0,0.0,0.0,1.0,0.0,0.0,0.0,0.0,0.0,0.0,0.0,0.0,114.0,109.0,79.0,0.0,0.0,0.0,0.0,0.5600000000000005,5.0,0.0,0.0,0.5,0.0,1.0,0.0,1.0
233,Josh,Acheampong,Acheampong,a,,,3.7,816,263.0,1.5,154,62.0,0.4,329.0,115.0,1,0,0.0,-3,3.0,3539,1301,0.1,8.9,-0.1,1.4,2.8,210.0,82.0,100.0,100.0,319.0,120.0,353.0,122.0,284.0,82.0,349.0,119.0,,,,,,,,0.1,0.02,0.12,2.21,0.0,0.32,1.9,1.11,6.35,27,1.0,1.0,0.0,0.0,0.0,1.0,0.0,0.0,0.0,0.0,0.0,0.0,0.0,0.0,0.0,4045.0,1476.0,0.0,0.0,0.03,0.030000000000000027,0.2900000000000009,2.0,10.300000000000004,2.0,1.4000000000000021,0.0,0.0,0.0,0.0
234,Aarón,Anselmino,Anselmino,u,has joined Strasbourg on loan for the rest of the season.,,4.0,731,207.0,0.1,576,207.0,0.0,526.0,219.0,0,0,0.0,0,0.0,0,7,0.0,0.0,0.0,0.0,0.0,629.0,243.0,0.0,0.0,618.0,242.0,611.0,242.0,581.0,238.0,621.0,242.0,,,,,,,,0.0,0.0,0.0,0.0,0.0,0.0,0.0,0.0,0.0,27,0.0,0.0,0.0,0.0,0.0,0.0,0.0,0.0,0.0,0.0,0.0,0.0,0.0,0.0,0.0,0.0,8.0,0.0,0.0,0.0,0.0,0.0,0.0,0.0,0.0,0.0,0.0,0.0,0.0,0.0
223,Gabriel,Słonina,Slonina,a,,,3.9,762,82.0,0.1,462,70.0,0.0,445.0,41.0,0,0,0.0,-1,1.0,14,27,0.0,0.0,-0.5,1.0,0.0,554.0,50.0,,,543.0,50.0,533.0,35.0,499.0,22.0,546.0,50.0,,,,,,,,0.0,0.0,0.0,0.0,0.0,0.0,0.0,0.0,0.0,27,0.0,0.0,0.0,0.0,0.0,0.0,0.0,0.0,0.0,0.0,0.0,0.0,0.0,0.0,0.0,15.0,29.0,0.0,0.0,0.0,0.0,0.0,0.0,0.0,0.0,0.0,0.0,0.0,0.0,0.0
224,Marc,Cucurella Saseta,Cucurella,i,Hamstring injury - Unknown return date,,6.1,81,3.0,15.1,22,8.0,3.2,104.0,37.0,0,0,0.0,1,-1.0,68,44826,0.5,14.8,0.0,0.0,3.8,92.0,33.0,0.0,0.0,83.0,38.0,50.0,6.0,126.0,23.0,73.0,16.0,,,,,,,,0.08,0.13,0.21,1.32,0.0,0.43,1.0,1.05,6.68,27,0.0,0.0,0.0,0.0,0.0,0.0,0.0,0.0,0.0,0.0,0.0,0.0,0.0,0.0,0.0,75.0,50923.0,0.0,0.0,0.0,0.0,0.0,0.0,0.0,0.0,0.0,0.0,0.0,0.0,0.0
225,Reece,James,James,a,,,5.6,129,13.0,8.3,44,15.0,2.6,146.0,48.0,6,0,0.0,1,-1.0,4378,7742,0.5,18.4,2.1,3.6,4.3,48.0,20.0,100.0,100.0,89.0,40.0,41.0,3.0,253.0,71.0,89.0,22.0,2.0,2.0,,,,,,0.05,0.13,0.18,1.38,0.0,0.44,0.89,0.94,6.16,27,6.0,88.0,0.0,0.0,1.0,0.0,0.0,0.0,0.0,0.0,0.0,0.0,1.0,0.0,26.0,5597.0,8642.0,0.0,0.0,0.020000000000000018,0.020000000000000018,0.5600000000000023,10.199999999999989,5.300000000000011,0.0,1.5999999999999943,3.0,3.0,1.0,6.0
226,Trevoh,Chalobah,Chalobah,a,,,5.8,107,8.0,23.2,16,6.0,3.2,102.0,36.0,2,0,0.0,8,-8.0,7479,97814,0.6,21.7,2.7,4.2,4.8,20.0,5.0,100.0,100.0,15.0,6.0,263.0,80.0,179.0,41.0,99.0,24.0,,,,,,,,0.04,0.03,0.07,1.3,0.0,0.36,1.18,1.03,9.24,27,2.0,90.0,0.0,0.0,0.0,1.0,0.0,0.0,0.0,0.0,0.0,0.0,1.0,0.0,14.0,9990.0,99893.0,0.0,0.0,0.010000000000000009,0.010000000000000009,0.8499999999999979,21.600000000000023,2.3999999999999915,0.0,2.4000000000000057,1.0,8.0,6.0,9.0
227,Levi,Samuels Colwill,Colwill,i,Anterior cruciate ligament - Unknown return date,,4.7,387,65.0,0.1,469,171.0,0.0,702.0,250.0,0,0,0.0,-3,3.0,3,12,0.0,0.0,0.0,0.0,0.0,757.0,259.0,0.0,0.0,756.0,259.0,752.0,259.0,744.0,259.0,757.0,259.0,,,,,,,,0.0,0.0,0.0,0.0,0.0,0.0,0.0,0.0,0.0,27,0.0,0.0,0.0,0.0,0.0,0.0,0.0,0.0,0.0,0.0,0.0,0.0,0.0,0.0,0.0,3.0,12.0,0.0,0.0,0.0,0.0,0.0,0.0,0.0,0.0,0.0,0.0,0.0,0.0,0.0
254,Walter,Benítez,Benitez,a,,,4.0,666,45.0,0.3,317,43.0,0.0,469.0,56.0,0,0,0.0,0,0.0,65,47,0.0,0.0,-0.5,0.5,0.0,577.0,65.0,100.0,100.0,566.0,65.0,558.0,52.0,525.0,39.0,569.0,65.0,,,,,,,,0.0,0.0,0.0,0.0,0.0,0.0,0.0,0.0,0.0,27,0.0,0.0,0.0,0.0,0.0,0.0,0.0,0.0,0.0,0.0,0.0,0.0,0.0,0.0,0.0,68.0,54.0,0.0,0.0,0.0,0.0,0.0,0.0,0.0,0.0,0.0,0.0,0.0,0.0,0.0
255,Remi,Matthews,Matthews,a,,,3.9,748,76.0,0.1,475,71.0,0.0,436.0,35.0,0,0,0.0,-1,1.0,20,20,0.0,0.0,-0.5,0.5,0.0,545.0,44.0,,,534.0,44.0,524.0,29.0,490.0,16.0,537.0,44.0,,,,,,,,0.0,0.0,0.0,0.0,0.0,0.0,0.0,0.0,0.0,27,0.0,0.0,0.0,0.0,0.0,0.0,0.0,0.0,0.0,0.0,0.0,0.0,0.0,0.0,0.0,22.0,26.0,0.0,0.0,0.0,0.0,0.0,0.0,0.0,0.0,0.0,0.0,0.0,0.0,0.0
256,Daniel,Muñoz Mejía,Muñoz,a,,,5.9,97,6.0,8.4,42,14.0,3.6,76.0,27.0,9,0,0.0,4,-4.0,7361,10832,0.6,18.1,3.1,4.1,5.6,7.0,2.0,100.0,100.0,85.0,39.0,94.0,22.0,82.0,7.0,81.0,20.0,,,,,,,,0.1,0.18,0.28,1.2,0.0,0.48,0.97,1.02,7.2,27,9.0,90.0,0.0,0.0,1.0,0.0,0.0,0.0,0.0,0.0,0.0,0.0,1.0,1.0,34.0,10240.0,11261.0,0.0,0.0,0.020000000000000018,0.020000000000000462,1.6799999999999997,21.19999999999999,4.600000000000023,2.0,2.799999999999997,5.0,8.0,4.0,13.0
281,Kaden,Rodney,Rodney,a,,,4.4,554,332.0,0.0,584,219.0,0.0,598.0,212.0,0,0,0.0,-1,1.0,28,19,0.0,0.2,-0.5,0.5,1.0,468.0,208.0,,,666.0,255.0,486.0,236.0,642.0,251.0,669.0,258.0,,,,,,,,0.0,0.0,0.0,19.5,0.0,0.0,0.0,0.0,0.0,27,0.0,0.0,0.0,0.0,0.0,0.0,0.0,0.0,0.0,0.0,0.0,0.0,0.0,0.0,0.0,32.0,23.0,0.0,0.0,0.0,0.0,0.0,0.0,0.0,0.0,0.0,0.0,0.0,0.0,0.0
712,Yéremy,Pino Santos,Yeremy,a,,,5.8,111,70.0,0.2,363,121.0,1.4,252.0,108.0,3,0,0.0,-2,2.0,95,470,0.2,11.0,0.9,1.9,2.6,261.0,110.0,100.0,100.0,200.0,83.0,17.0,17.0,66.0,40.0,44.0,31.0,1.0,1.0,,,,,,0.2,0.25,0.45,1.25,0.0,0.37,1.06,1.11,6.93,27,3.0,76.0,0.0,0.0,1.0,0.0,0.0,0.0,0.0,0.0,0.0,0.0,1.0,0.0,8.0,122.0,534.0,0.0,0.21999999999999975,0.009999999999999787,0.22999999999999865,1.5600000000000023,4.399999999999977,13.799999999999955,13.0,3.0999999999999943,0.0,1.0,2.0,3.0
723,Jaydee,Canvot,Canvot,a,,,4.5,511,97.0,0.0,647,227.0,1.0,271.0,97.0,5,0,0.0,0,0.0,19,29,0.2,7.1,0.5,1.5,3.2,155.0,62.0,100.0,100.0,330.0,124.0,417.0,152.0,380.0,133.0,386.0,138.0,,,,,,,,0.08,0.03,0.11,1.9,0.0,0.61,1.22,0.81,12.01,27,5.0,90.0,0.0,0.0,1.0,0.0,0.0,0.0,0.0,1.0,0.0,0.0,1.0,0.0,22.0,24.0,32.0,0.0,0.36,0.04000000000000001,0.3999999999999999,1.6799999999999997,16.0,3.0999999999999996,9.0,2.8000000000000007,3.0,4.0,7.0,7.0
732,Christantus,Uche,Uche,a,,,5.5,154,40.0,0.1,580,79.0,0.6,323.0,45.0,0,0,0.0,0,0.0,56,67,0.1,2.9,0.1,1.1,1.2,442.0,54.0,,,453.0,54.0,435.0,57.0,283.0,49.0,427.0,54.0,,,,,,,,0.23,0.01,0.24,2.65,0.0,0.0,2.4,0.0,7.2,27,0.0,0.0,0.0,0.0,0.0,0.0,0.0,0.0,0.0,0.0,0.0,0.0,0.0,0.0,0.0,61.0,71.0,0.0,0.0,0.0,0.0,0.0,0.0,0.0,0.0,0.0,0.0,0.0,0.0,0.0
793,George,King,King,a,,,4.0,722,198.0,0.0,720,249.0,0.0,519.0,212.0,0,0,0.0,0,0.0,25,20,0.0,0.0,-0.5,0.5,0.0,623.0,237.0,,,612.0,236.0,605.0,236.0,574.0,231.0,615.0,236.0,,,,,,,,0.0,0.0,0.0,0.0,0.0,0.0,0.0,0.0,0.0,27,0.0,0.0,0.0,0.0,0.0,0.0,0.0,0.0,0.0,0.0,0.0,0.0,0.0,0.0,0.0,27.0,21.0,0.0,0.0,0.0,0.0,0.0,0.0,0.0,0.0,0.0,0.0,0.0,0.0,0.0
786,Alfie,McNally,McNally,a,,,4.0,700,60.0,0.0,758,86.0,0.0,499.0,71.0,0,0,0.0,0,0.0,7,4,0.0,0.0,0.0,0.0,0.0,605.0,79.0,,,594.0,79.0,587.0,67.0,555.0,54.0,597.0,79.0,,,,,,,,0.0,0.0,0.0,0.0,0.0,0.0,0.0,0.0,0.0,27,0.0,0.0,0.0,0.0,0.0,0.0,0.0,0.0,0.0,0.0,0.0,0.0,0.0,0.0,0.0,11.0,4.0,0.0,0.0,0.0,0.0,0.0,0.0,0.0,0.0,0.0,0.0,0.0,0.0,0.0
368,Ármin,Pécsi,Pécsi,a,,,3.8,811,94.0,0.8,203,25.0,0.0,423.0,25.0,0,0,0.0,-2,2.0,2240,895,0.0,0.0,0.5,0.5,0.0,533.0,34.0,,,522.0,34.0,511.0,18.0,477.0,5.0,525.0,34.0,,,,,,,,0.0,0.0,0.0,0.0,0.0,0.0,0.0,0.0,0.0,27,0.0,0.0,0.0,0.0,0.0,0.0,0.0,0.0,0.0,0.0,0.0,0.0,0.0,0.0,0.0,2556.0,963.0,0.0,0.0,0.0,0.0,0.0,0.0,0.0,0.0,0.0,0.0,0.0,0.0,0.0
421,Rodrigo 'Rodri',Hernandez Cascante,Rodrigo,a,,,6.3,68,45.0,0.5,267,93.0,3.8,66.0,32.0,6,0,0.0,-2,2.0,680,158,0.6,6.5,4.3,4.3,2.7,246.0,101.0,100.0,100.0,239.0,103.0,104.0,74.0,331.0,173.0,224.0,110.0,,,,,,,,0.02,0.12,0.14,1.21,0.0,0.28,0.92,1.02,13.04,27,6.0,90.0,0.0,0.0,0.0,1.0,0.0,0.0,0.0,0.0,0.0,0.0,1.0,2.0,26.0,701.0,172.0,0.0,0.0,0.1100000000000001,0.1100000000000001,0.6199999999999992,25.799999999999983,29.399999999999977,2.0,5.700000000000003,5.0,5.0,6.0,16.0
422,Mateo,Kovačić,Kovačić,i,Ankle injury - Unknown return date,,5.8,104,67.0,0.0,684,281.0,0.0,794.0,350.0,0,0,0.0,-2,2.0,2,3,0.0,0.2,0.0,0.0,1.0,502.0,237.0,0.0,0.0,480.0,222.0,468.0,226.0,805.0,358.0,497.0,231.0,,,,,,,,0.0,0.0,0.0,0.0,0.0,0.0,0.0,0.0,0.0,27,0.0,0.0,0.0,0.0,0.0,0.0,0.0,0.0,0.0,0.0,0.0,0.0,0.0,0.0,0.0,2.0,4.0,0.0,0.0,0.0,0.0,0.0,0.0,0.0,0.0,0.0,0.0,0.0,0.0,0.0
448,Tyrell,Malacia,Malacia,a,,,3.8,788,236.0,0.4,284,104.0,0.0,406.0,151.0,0,0,0.0,-2,2.0,43,116,0.0,0.3,0.5,0.5,1.0,447.0,160.0,,,478.0,171.0,495.0,181.0,460.0,172.0,492.0,173.0,,,,,,,,0.0,0.0,0.0,13.5,0.0,0.0,0.0,0.0,90.0,27,0.0,0.0,0.0,0.0,0.0,0.0,0.0,0.0,0.0,0.0,0.0,0.0,0.0,0.0,0.0,46.0,125.0,0.0,0.0,0.0,0.0,0.0,0.0,0.0,0.0,0.0,0.0,0.0,0.0,0.0
450,Matheus,Santos Carneiro da Cunha,Cunha,a,,,8.1,15,10.0,8.1,45,15.0,4.6,37.0,18.0,0,0,0.0,1,-1.0,5263,6373,0.6,11.5,5.1,5.1,4.0,77.0,36.0,100.0,100.0,79.0,25.0,58.0,46.0,23.0,10.0,30.0,22.0,,,,,,,,0.28,0.13,0.41,1.21,0.0,0.28,1.27,1.05,7.3,27,0.0,0.0,0.0,0.0,0.0,0.0,0.0,0.0,0.0,0.0,0.0,0.0,0.0,0.0,0.0,5639.0,10137.0,0.0,0.0,0.0,0.0,0.0,0.0,0.0,0.0,0.0,0.0,0.0,0.0,0.0
451,Marcus,Rashford,Rashford,u,Has joined Barcelona on loan for the rest of the season,,7.0,35,20.0,0.0,698,289.0,0.0,813.0,364.0,0,0,0.0,0,0.0,0,0,0.0,0.0,0.0,0.0,0.0,816.0,365.0,0.0,0.0,816.0,365.0,816.0,365.0,816.0,365.0,816.0,365.0,,,,,,,,0.0,0.0,0.0,0.0,0.0,0.0,0.0,0.0,0.0,27,0.0,0.0,0.0,0.0,0.0,0.0,0.0,0.0,0.0,0.0,0.0,0.0,0.0,0.0,0.0,0.0,0.0,0.0,0.0,0.0,0.0,0.0,0.0,0.0,0.0,0.0,0.0,0.0,0.0,0.0
452,Amad,Diallo,Amad,a,,,6.2,77,51.0,1.8,144,47.0,1.6,230.0,99.0,0,0,0.0,-3,3.0,2398,1655,0.3,10.8,2.1,2.1,3.4,138.0,62.0,100.0,100.0,140.0,46.0,32.0,30.0,36.0,20.0,40.0,29.0,,,,,,,,0.22,0.18,0.4,1.13,0.0,0.22,1.25,1.04,7.85,27,0.0,0.0,0.0,0.0,0.0,0.0,0.0,0.0,0.0,0.0,0.0,0.0,0.0,0.0,0.0,2699.0,2142.0,0.0,0.0,0.0,0.0,0.0,0.0,0.0,0.0,0.0,0.0,0.0,0.0,0.0
771,Tyler,Fletcher,Fletcher,a,,,4.4,551,330.0,0.0,734,309.0,0.2,372.0,162.0,0,0,0.0,-1,1.0,34,15,0.0,0.2,0.7,0.7,1.0,467.0,207.0,,,499.0,229.0,465.0,223.0,640.0,249.0,504.0,232.0,,,,,,,,0.0,0.9,0.9,1.8,0.0,0.0,0.0,0.0,0.0,27,0.0,0.0,0.0,0.0,0.0,0.0,0.0,0.0,0.0,0.0,0.0,0.0,0.0,0.0,0.0,39.0,19.0,0.0,0.0,0.0,0.0,0.0,0.0,0.0,0.0,0.0,0.0,0.0,0.0,0.0
788,Godwill,Kukonki,Kukonki,a,,,4.0,716,193.0,0.0,749,257.0,0.0,513.0,207.0,0,0,0.0,0,0.0,13,9,0.0,0.0,0.5,0.5,0.0,617.0,232.0,,,606.0,231.0,599.0,231.0,568.0,226.0,609.0,231.0,,,,,,,,0.0,0.0,0.0,0.0,0.0,0.0,0.0,0.0,0.0,27,0.0,0.0,0.0,0.0,0.0,0.0,0.0,0.0,0.0,0.0,0.0,0.0,0.0,0.0,0.0,14.0,10.0,0.0,0.0,0.0,0.0,0.0,0.0,0.0,0.0,0.0,0.0,0.0,0.0,0.0
498,Joe,White,White,u,has joined Bradford City on loan for the rest of the season.,,4.5,438,262.0,0.0,765,329.0,0.0,635.0,233.0,0,0,0.0,0,0.0,0,3,0.0,0.0,0.0,0.0,0.0,704.0,280.0,0.0,0.0,697.0,274.0,695.0,278.0,678.0,271.0,700.0,277.0,,,,,,,,0.0,0.0,0.0,0.0,0.0,0.0,0.0,0.0,0.0,27,0.0,0.0,0.0,0.0,0.0,0.0,0.0,0.0,0.0,0.0,0.0,0.0,0.0,0.0,0.0,0.0,3.0,0.0,0.0,0.0,0.0,0.0,0.0,0.0,0.0,0.0,0.0,0.0,0.0,0.0
500,William,Osula,Osula,a,,,5.4,183,45.0,0.2,380,60.0,0.8,302.0,42.0,1,0,0.0,-1,1.0,63,36,0.1,4.1,0.8,0.3,1.6,397.0,47.0,100.0,100.0,409.0,45.0,398.0,52.0,280.0,48.0,397.0,48.0,,,,,,,,0.22,0.01,0.23,1.56,0.0,0.35,2.09,0.35,3.49,27,1.0,12.0,0.0,0.0,0.0,0.0,0.0,0.0,0.0,0.0,0.0,0.0,0.0,0.0,3.0,64.0,40.0,0.0,0.0,0.0,0.0,0.35999999999999943,0.0,0.0,0.0,0.0,0.0,0.0,0.0,0.0
714,Nick,Woltemade,Woltemade,a,,,6.8,49,17.0,7.8,49,9.0,1.0,286.0,38.0,1,-1,1.0,-2,2.0,2573,10052,0.1,12.5,1.0,0.5,3.5,128.0,11.0,,,130.0,13.0,170.0,14.0,44.0,18.0,90.0,15.0,,,3.0,,,,,0.38,0.05,0.43,1.16,0.0,0.37,1.4,1.1,4.7,27,1.0,59.0,0.0,0.0,0.0,2.0,0.0,0.0,0.0,0.0,0.0,0.0,1.0,0.0,2.0,2670.0,12280.0,0.0,0.0,0.010000000000000009,0.010000000000000675,0.7899999999999991,7.399999999999977,11.800000000000011,0.0,1.9000000000000057,2.0,0.0,3.0,5.0
511,Felipe,Rodrigues da Silva,Morato,a,,,4.3,592,135.0,0.1,509,182.0,2.6,140.0,47.0,0,0,0.0,-2,2.0,23,38,0.6,7.9,2.6,2.1,2.4,286.0,109.0,,,234.0,91.0,387.0,138.0,301.0,90.0,322.0,110.0,,,,,,,,0.08,0.01,0.09,1.35,0.0,0.19,1.63,0.96,9.41,27,0.0,0.0,0.0,0.0,0.0,0.0,0.0,0.0,0.0,0.0,0.0,0.0,0.0,0.0,0.0,26.0,43.0,0.0,0.0,0.0,0.0,0.0,0.0,0.0,0.0,0.0,0.0,0.0,0.0,0.0
512,Omar,Richards,O.Richards,u,has joined Rio Ave on loan for the rest of the season.,,4.5,418,78.0,0.0,682,236.0,0.0,621.0,243.0,0,0,0.0,0,0.0,0,0,0.0,0.0,0.0,0.0,0.0,693.0,255.0,0.0,0.0,686.0,254.0,682.0,254.0,663.0,253.0,689.0,254.0,,,,,,,,0.0,0.0,0.0,0.0,0.0,0.0,0.0,0.0,0.0,27,0.0,0.0,0.0,0.0,0.0,0.0,0.0,0.0,0.0,0.0,0.0,0.0,0.0,0.0,0.0,0.0,0.0,0.0,0.0,0.0,0.0,0.0,0.0,0.0,0.0,0.0,0.0,0.0,0.0,0.0
282,Franco,Umeh-Chibueze,Umeh,u,has joined Portsmouth permanently.,,4.5,477,291.0,0.0,697,288.0,0.0,663.0,258.0,0,0,0.0,0,0.0,0,2,0.0,0.0,0.0,0.0,0.0,727.0,301.0,0.0,0.0,723.0,298.0,719.0,300.0,705.0,295.0,725.0,300.0,,,,,,,,0.0,0.0,0.0,0.0,0.0,0.0,0.0,0.0,0.0,27,0.0,0.0,0.0,0.0,0.0,0.0,0.0,0.0,0.0,0.0,0.0,0.0,0.0,0.0,0.0,0.0,2.0,0.0,0.0,0.0,0.0,0.0,0.0,0.0,0.0,0.0,0.0,0.0,0.0,0.0
283,Jean-Philippe,Mateta,Mateta,i,Knee injury - Expected back 14 Mar,,7.5,23,8.0,6.9,56,11.0,0.4,353.0,47.0,0,0,0.0,0,0.0,28,6327,0.1,11.2,0.0,0.0,3.7,104.0,7.0,0.0,0.0,95.0,8.0,222.0,22.0,10.0,7.0,42.0,9.0,,,2.0,,,,,0.56,0.06,0.62,1.26,0.0,0.38,1.09,1.09,5.2,27,0.0,0.0,0.0,0.0,0.0,0.0,0.0,0.0,0.0,0.0,0.0,0.0,0.0,0.0,0.0,30.0,7068.0,0.0,0.0,0.0,0.0,0.0,0.0,0.0,0.0,0.0,0.0,0.0,0.0,0.0
514,Willy,Boly,Boly,i,Knee injury - Unknown return date,,3.8,784,233.0,0.4,288,108.0,0.0,403.0,149.0,0,0,0.0,-2,2.0,53,267,0.0,0.0,0.0,0.0,0.0,518.0,184.0,0.0,0.0,506.0,182.0,492.0,179.0,457.0,170.0,509.0,182.0,,,,,,,,0.0,0.0,0.0,0.0,0.0,0.0,0.0,0.0,0.0,27,0.0,0.0,0.0,0.0,0.0,0.0,0.0,0.0,0.0,0.0,0.0,0.0,0.0,0.0,0.0,60.0,295.0,0.0,0.0,0.0,0.0,0.0,0.0,0.0,0.0,0.0,0.0,0.0,0.0,0.0
366,Alisson,Becker,A.Becker,a,,,5.4,157,4.0,5.9,62,9.0,3.6,74.0,6.0,7,0,0.0,-1,1.0,10645,1101,0.7,15.2,4.1,4.1,3.7,99.0,13.0,100.0,100.0,107.0,17.0,488.0,16.0,792.0,92.0,281.0,17.0,,,,,,,,0.0,0.0,0.0,1.12,2.09,0.36,1.14,1.0,0.0,27,7.0,90.0,0.0,0.0,1.0,0.0,0.0,0.0,0.0,0.0,0.0,2.0,1.0,1.0,32.0,11167.0,1245.0,0.0,0.0,0.0,0.0,1.259999999999998,26.0,0.0,0.0,2.5999999999999943,0.0,4.0,7.0,0.0
367,Giorgi,Mamardashvili,Mamardashvili,a,,,4.1,654,38.0,0.5,254,33.0,0.0,532.0,79.0,0,0,0.0,-4,4.0,102,219,0.0,4.6,0.5,0.5,3.8,87.0,9.0,,,306.0,24.0,617.0,75.0,588.0,62.0,390.0,24.0,,,,,,,,0.0,0.0,0.0,1.42,3.4,0.2,2.0,1.0,0.0,27,0.0,0.0,0.0,0.0,0.0,0.0,0.0,0.0,0.0,0.0,0.0,0.0,0.0,0.0,0.0,111.0,241.0,0.0,0.0,0.0,0.0,0.0,0.0,0.0,0.0,0.0,0.0,0.0,0.0,0.0
369,Freddie,Woodman,Woodman,a,,,3.9,747,75.0,0.2,390,56.0,0.0,435.0,34.0,0,0,0.0,-1,1.0,21,37,0.0,0.0,0.5,0.5,0.0,544.0,43.0,,,533.0,43.0,523.0,28.0,489.0,15.0,536.0,43.0,,,,,,,,0.0,0.0,0.0,0.0,0.0,0.0,0.0,0.0,0.0,27,0.0,0.0,0.0,0.0,0.0,0.0,0.0,0.0,0.0,0.0,0.0,0.0,0.0,0.0,0.0,23.0,42.0,0.0,0.0,0.0,0.0,0.0,0.0,0.0,0.0,0.0,0.0,0.0,0.0,0.0
370,Jeremie,Frimpong,Frimpong,d,Groin Injury - 50% chance of playing,,5.7,117,11.0,4.6,75,23.0,0.0,793.0,264.0,0,0,0.0,-3,3.0,70,1816,0.0,6.0,0.2,0.0,3.1,178.0,69.0,50.0,0.0,361.0,137.0,199.0,50.0,232.0,61.0,311.0,103.0,,,,,,,,0.07,0.17,0.24,1.0,0.0,0.33,1.17,1.0,2.68,27,0.0,0.0,0.0,0.0,0.0,0.0,0.0,0.0,0.0,0.0,0.0,0.0,0.0,0.0,0.0,72.0,2163.0,0.0,0.0,0.0,0.0,0.0,0.0,0.0,0.0,0.0,0.0,0.0,0.0,0.0
371,Milos,Kerkez,Kerkez,a,,,5.6,134,15.0,2.9,108,43.0,2.4,168.0,58.0,6,0,0.0,-4,4.0,2687,642,0.4,11.6,2.9,2.9,2.6,259.0,100.0,,,129.0,58.0,56.0,9.0,223.0,57.0,116.0,35.0,,,,,,,,0.05,0.03,0.08,1.16,0.0,0.25,1.35,1.1,5.81,27,6.0,82.0,0.0,0.0,1.0,0.0,0.0,0.0,0.0,0.0,0.0,0.0,1.0,0.0,25.0,2906.0,724.0,0.0,0.0,0.010000000000000009,0.010000000000000009,0.9899999999999984,4.0,1.3000000000000114,0.0,0.5,1.0,1.0,4.0,2.0
373,Virgil,van Dijk,Virgil,a,,,6.0,85,5.0,24.4,14,4.0,8.2,2.0,1.0,11,1,-1.0,0,0.0,125155,2176,1.4,20.3,8.7,8.7,4.5,34.0,14.0,,,4.0,2.0,193.0,48.0,69.0,3.0,36.0,2.0,,,,,,,,0.07,0.03,0.1,1.17,0.0,0.33,1.3,1.0,9.56,27,11.0,90.0,0.0,1.0,1.0,0.0,0.0,0.0,0.0,0.0,0.0,0.0,1.0,2.0,34.0,134804.0,2505.0,0.0,0.030000000000000027,0.010000000000000009,0.040000000000000036,1.2600000000000016,24.200000000000045,2.0999999999999943,37.0,6.299999999999997,0.0,7.0,2.0,7.0
374,Ibrahima,Konaté,Konaté,a,,,5.4,165,18.0,3.4,98,35.0,5.2,21.0,5.0,8,0,0.0,-1,1.0,15256,1212,1.0,19.8,5.7,5.7,4.1,58.0,24.0,100.0,100.0,29.0,11.0,203.0,52.0,240.0,64.0,117.0,36.0,,,,,,,,0.04,0.04,0.08,1.08,0.0,0.36,1.17,1.05,9.18,27,8.0,90.0,0.0,0.0,1.0,0.0,0.0,0.0,0.0,0.0,0.0,0.0,1.0,0.0,31.0,16410.0,1345.0,0.0,0.0,0.020000000000000018,0.020000000000000018,1.259999999999998,26.600000000000023,11.800000000000011,0.0,3.8000000000000114,2.0,9.0,6.0,11.0
375,Conor,Bradley,Bradley,i,Knee injury - Expected back 01 Jun,,4.9,339,56.0,0.2,412,151.0,0.0,738.0,255.0,0,0,0.0,-1,1.0,9,86,0.0,8.6,0.0,0.0,2.8,220.0,90.0,0.0,0.0,290.0,112.0,241.0,67.0,291.0,86.0,314.0,106.0,,,,,,,,0.02,0.08,0.1,1.04,0.0,0.39,1.26,1.16,6.3,27,0.0,0.0,0.0,0.0,0.0,0.0,0.0,0.0,0.0,0.0,0.0,0.0,0.0,0.0,0.0,9.0,96.0,0.0,0.0,0.0,0.0,0.0,0.0,0.0,0.0,0.0,0.0,0.0,0.0,0.0
376,Joe,Gomez,Gomez,a,,,4.9,297,46.0,0.1,421,155.0,0.4,344.0,125.0,1,0,0.0,-1,1.0,79,49,0.1,5.5,0.9,0.9,2.1,319.0,117.0,100.0,100.0,360.0,136.0,322.0,108.0,370.0,128.0,376.0,133.0,,,,,,,,0.05,0.16,0.21,1.24,0.0,0.59,2.05,1.17,7.62,27,1.0,7.0,0.0,0.0,0.0,0.0,0.0,0.0,0.0,0.0,0.0,0.0,0.0,0.0,3.0,84.0,50.0,0.0,0.0,0.010000000000000009,0.010000000000000009,0.27,4.400000000000006,0.30000000000000426,0.0,0.5,0.0,3.0,0.0,3.0
377,Konstantinos,Tsimikas,Tsimikas,u,has joined AS Roma on loan for the rest of the season.,,4.8,358,59.0,0.0,591,211.0,0.0,708.0,251.0,0,0,0.0,-2,2.0,0,0,0.0,0.0,0.0,0.0,0.0,759.0,260.0,0.0,0.0,758.0,260.0,754.0,260.0,746.0,260.0,759.0,260.0,,,,,,,,0.0,0.0,0.0,0.0,0.0,0.0,0.0,0.0,0.0,27,0.0,0.0,0.0,0.0,0.0,0.0,0.0,0.0,0.0,0.0,0.0,0.0,0.0,0.0,0.0,0.0,1.0,0.0,0.0,0.0,0.0,0.0,0.0,0.0,0.0,0.0,0.0,0.0,0.0,0.0
378,Amara,Nallo,Nallo,a,,,3.7,818,265.0,1.2,178,68.0,0.0,401.0,147.0,0,0,0.0,-3,3.0,485,1685,0.0,0.0,0.5,0.5,0.0,517.0,183.0,100.0,100.0,505.0,181.0,491.0,178.0,456.0,169.0,508.0,181.0,,,,,,,,0.0,0.0,0.0,0.0,0.0,0.0,0.0,0.0,0.0,27,0.0,0.0,0.0,0.0,0.0,0.0,0.0,0.0,0.0,0.0,0.0,0.0,0.0,0.0,0.0,598.0,1809.0,0.0,0.0,0.0,0.0,0.0,0.0,0.0,0.0,0.0,0.0,0.0,0.0,0.0
379,Rhys,Williams,R.Williams,a,,,3.7,814,261.0,0.6,232,89.0,0.0,398.0,144.0,0,0,0.0,-3,3.0,780,983,0.0,0.0,0.5,0.5,0.0,515.0,181.0,,,503.0,179.0,489.0,176.0,454.0,167.0,506.0,179.0,,,,,,,,0.0,0.0,0.0,0.0,0.0,0.0,0.0,0.0,0.0,27,0.0,0.0,0.0,0.0,0.0,0.0,0.0,0.0,0.0,0.0,0.0,0.0,0.0,0.0,0.0,935.0,1070.0,0.0,0.0,0.0,0.0,0.0,0.0,0.0,0.0,0.0,0.0,0.0,0.0,0.0
540,Timothée,Pembélé,Pembele,u,has joined Le Havre AC on loan for the rest of the season.,,3.9,761,221.0,0.3,324,118.0,0.0,444.0,173.0,0,0,0.0,-1,1.0,0,95,0.0,0.0,0.0,0.0,0.0,553.0,202.0,0.0,0.0,542.0,201.0,532.0,201.0,498.0,193.0,545.0,201.0,,,,,,,,0.0,0.0,0.0,0.0,0.0,0.0,0.0,0.0,0.0,27,0.0,0.0,0.0,0.0,0.0,0.0,0.0,0.0,0.0,0.0,0.0,0.0,0.0,0.0,0.0,0.0,107.0,0.0,0.0,0.0,0.0,0.0,0.0,0.0,0.0,0.0,0.0,0.0,0.0,0.0
541,Reinildo,Mandava,Reinildo,i,Knee injury - Expected back 22 Mar,,3.8,792,240.0,3.2,105,41.0,2.4,153.0,50.0,0,0,0.0,-2,2.0,226,6340,0.6,13.4,0.0,0.0,3.0,182.0,70.0,0.0,0.0,189.0,77.0,260.0,79.0,337.0,111.0,272.0,91.0,,,,,,,,0.01,0.03,0.04,1.26,0.0,0.25,1.26,1.07,7.69,27,0.0,0.0,0.0,0.0,0.0,0.0,0.0,0.0,0.0,0.0,0.0,0.0,0.0,0.0,0.0,264.0,7038.0,0.0,0.0,0.0,0.0,0.0,0.0,0.0,0.0,0.0,0.0,0.0,0.0,0.0
694,Nordi,Mukiele,Mukiele,d,Calf injury - 75% chance of playing,,4.6,398,67.0,14.1,25,9.0,3.4,82.0,31.0,1,0,0.0,6,-6.0,9414,19967,0.7,25.0,2.5,3.4,4.6,26.0,10.0,75.0,,39.0,15.0,96.0,23.0,186.0,43.0,79.0,19.0,,,,,,,,0.04,0.08,0.12,1.49,0.0,0.29,1.17,1.04,9.36,27,1.0,11.0,0.0,0.0,0.0,0.0,0.0,0.0,0.0,0.0,0.0,0.0,1.0,0.0,3.0,12410.0,20585.0,0.0,0.0,0.0,0.0,0.0,0.0,0.0,0.0,0.0,0.0,0.0,0.0,0.0
724,Lutsharel,Geertruida,Geertruida,a,,,4.5,425,83.0,0.0,598,213.0,0.8,293.0,105.0,1,0,0.0,0,0.0,25,52,0.2,8.0,0.8,0.8,1.7,377.0,139.0,,,261.0,107.0,247.0,72.0,323.0,105.0,309.0,102.0,,,,,,,,0.04,0.06,0.1,1.93,0.0,0.17,1.49,0.83,6.04,27,1.0,78.0,0.0,0.0,0.0,3.0,0.0,0.0,0.0,0.0,0.0,0.0,0.0,0.0,5.0,28.0,55.0,0.0,0.08000000000000002,0.07000000000000006,0.1499999999999999,1.870000000000001,14.599999999999994,11.799999999999997,8.0,3.400000000000002,4.0,3.0,8.0,7.0
671,Callum,Wilson,Wilson,a,,,5.8,103,29.0,0.6,247,38.0,1.0,284.0,37.0,1,0,0.0,-2,2.0,150,569,0.2,10.9,0.5,1.0,2.7,244.0,27.0,,,231.0,20.0,262.0,26.0,42.0,17.0,151.0,20.0,,,,,,,,0.57,0.03,0.6,1.71,0.0,0.1,1.74,0.87,3.09,27,1.0,18.0,0.0,0.0,0.0,0.0,0.0,0.0,0.0,0.0,0.0,0.0,0.0,0.0,1.0,187.0,629.0,0.0,1.0300000000000002,0.12999999999999998,1.1600000000000001,0.3099999999999987,5.200000000000017,20.5,53.0,7.900000000000006,0.0,0.0,0.0,0.0
679,Mads,Hermansen,Hermansen,a,,,4.2,638,35.0,0.3,337,46.0,4.4,39.0,5.0,10,0,0.0,-3,3.0,1146,162,1.0,7.4,3.9,4.4,4.4,37.0,1.0,,,291.0,23.0,621.0,79.0,594.0,67.0,381.0,23.0,,,,,,,,0.0,0.0,0.0,1.14,3.0,0.43,1.71,1.0,0.0,27,10.0,90.0,0.0,0.0,1.0,0.0,0.0,0.0,0.0,0.0,0.0,5.0,1.0,3.0,34.0,1253.0,183.0,0.0,0.0,0.0,0.0,0.6500000000000004,27.19999999999999,0.0,0.0,2.6999999999999993,0.0,2.0,13.0,0.0
708,Mateus Gonçalo,Espanha Fernandes,M.Fernandes,a,,,5.5,153,95.0,0.5,266,92.0,5.6,15.0,7.0,5,0,0.0,0,0.0,1454,825,1.0,18.2,5.1,5.6,4.0,69.0,30.0,100.0,100.0,59.0,16.0,31.0,29.0,242.0,133.0,55.0,36.0,4.0,,,,,,,0.05,0.08,0.13,1.44,0.0,0.18,1.51,1.06,11.91,27,5.0,90.0,0.0,0.0,1.0,0.0,0.0,0.0,0.0,0.0,0.0,0.0,1.0,0.0,25.0,1705.0,929.0,0.0,0.020000000000000018,0.040000000000000036,0.06000000000000005,0.6500000000000021,18.0,27.19999999999999,4.0,4.900000000000006,5.0,2.0,8.0,15.0
718,Soungoutou,Magassa,S.Magassa,a,,,5.0,277,171.0,0.0,655,263.0,0.8,298.0,131.0,3,0,0.0,0,0.0,4,17,0.2,7.4,0.3,0.8,2.3,294.0,127.0,,,279.0,120.0,287.0,167.0,325.0,170.0,332.0,159.0,,,,,,,,0.05,0.03,0.08,1.71,0.0,0.22,2.07,1.09,11.88,27,3.0,83.0,0.0,0.0,1.0,0.0,0.0,0.0,0.0,0.0,0.0,0.0,1.0,0.0,7.0,6.0,22.0,0.0,0.13,0.010000000000000009,0.14,0.629999999999999,7.0,2.299999999999997,7.0,1.5999999999999979,1.0,3.0,2.0,6.0
791,Valentín,Castellanos,Taty,a,,,5.5,143,35.0,0.1,440,64.0,3.2,101.0,9.0,2,0,0.0,0,0.0,389,411,0.6,3.5,2.7,3.2,2.7,241.0,25.0,,,387.0,40.0,303.0,31.0,124.0,30.0,317.0,36.0,,,,,,,,0.33,0.07,0.4,1.17,0.0,0.48,0.96,1.12,4.78,27,2.0,90.0,0.0,0.0,1.0,0.0,0.0,0.0,0.0,0.0,0.0,0.0,1.0,0.0,6.0,476.0,491.0,0.0,0.29000000000000004,0.24000000000000002,0.5299999999999998,0.6500000000000004,2.8000000000000114,16.999999999999993,22.0,4.199999999999999,1.0,2.0,2.0,5.0
648,Marshall,Munetsi,Munetsi,u,has joined Paris FC on loan for the rest of the season.,,5.3,198,123.0,0.0,624,242.0,0.0,773.0,336.0,0,0,0.0,-2,2.0,0,4,0.0,7.2,0.0,0.0,2.9,204.0,84.0,0.0,0.0,280.0,121.0,315.0,177.0,122.0,71.0,269.0,135.0,,,,,,,,0.17,0.04,0.21,1.38,0.0,0.0,1.96,0.93,8.26,27,0.0,0.0,0.0,0.0,0.0,0.0,0.0,0.0,0.0,0.0,0.0,0.0,0.0,0.0,0.0,0.0,5.0,0.0,0.0,0.0,0.0,0.0,0.0,0.0,0.0,0.0,0.0,0.0,0.0,0.0
652,Enso,González Medina,Gonzalez,a,,,4.3,615,360.0,1.3,167,56.0,0.0,574.0,198.0,0,0,0.0,-2,2.0,429,438,0.0,0.0,-0.5,-0.5,0.0,657.0,252.0,,,646.0,242.0,643.0,248.0,620.0,237.0,649.0,245.0,,,,,,,,0.0,0.0,0.0,0.0,0.0,0.0,0.0,0.0,0.0,27,0.0,0.0,0.0,0.0,0.0,0.0,0.0,0.0,0.0,0.0,0.0,0.0,0.0,0.0,0.0,487.0,505.0,0.0,0.0,0.0,0.0,0.0,0.0,0.0,0.0,0.0,0.0,0.0,0.0,0.0
657,Leon,Chiwome,Chiwome,i,Knee injury - Unknown return date,,4.4,564,82.0,0.0,652,83.0,0.0,607.0,65.0,0,0,0.0,-1,1.0,14,11,0.0,0.0,0.0,0.0,0.0,683.0,74.0,0.0,0.0,675.0,74.0,671.0,73.0,651.0,73.0,678.0,74.0,,,,,,,,0.0,0.0,0.0,0.0,0.0,0.0,0.0,0.0,0.0,27,0.0,0.0,0.0,0.0,0.0,0.0,0.0,0.0,0.0,0.0,0.0,0.0,0.0,0.0,0.0,16.0,12.0,0.0,0.0,0.0,0.0,0.0,0.0,0.0,0.0,0.0,0.0,0.0,0.0,0.0
658,Nathan,Fraser,Fraser,a,,,4.2,643,89.0,2.0,134,22.0,0.0,542.0,53.0,0,0,0.0,-3,3.0,1018,1196,0.0,0.0,-0.5,-0.5,0.0,638.0,63.0,,,628.0,63.0,623.0,62.0,596.0,62.0,631.0,63.0,,,,,,,,0.0,0.0,0.0,0.0,0.0,0.0,0.0,0.0,0.0,27,0.0,0.0,0.0,0.0,0.0,0.0,0.0,0.0,0.0,0.0,0.0,0.0,0.0,0.0,0.0,1271.0,1331.0,0.0,0.0,0.0,0.0,0.0,0.0,0.0,0.0,0.0,0.0,0.0,0.0,0.0
766,Saheed,Olagunju,Olagunju,a,,,4.0,723,199.0,0.0,667,233.0,0.0,520.0,213.0,0,0,0.0,0,0.0,32,25,0.0,0.0,-0.5,-0.5,0.0,624.0,238.0,,,613.0,237.0,606.0,237.0,575.0,232.0,616.0,237.0,,,,,,,,0.0,0.0,0.0,0.0,0.0,0.0,0.0,0.0,0.0,27,0.0,0.0,0.0,0.0,0.0,0.0,0.0,0.0,0.0,0.0,0.0,0.0,0.0,0.0,0.0,38.0,29.0,0.0,0.0,0.0,0.0,0.0,0.0,0.0,0.0,0.0,0.0,0.0,0.0,0.0
767,Luke,Rawlings,Rawlings,a,,,4.5,495,304.0,0.0,764,328.0,0.0,679.0,270.0,0,0,0.0,0,0.0,12,9,0.0,0.0,-0.5,-0.5,0.0,740.0,310.0,,,738.0,308.0,733.0,309.0,720.0,305.0,739.0,309.0,,,,,,,,0.0,0.0,0.0,0.0,0.0,0.0,0.0,0.0,0.0,27,0.0,0.0,0.0,0.0,0.0,0.0,0.0,0.0,0.0,0.0,0.0,0.0,0.0,0.0,0.0,13.0,10.0,0.0,0.0,0.0,0.0,0.0,0.0,0.0,0.0,0.0,0.0,0.0,0.0,0.0
380,Calvin,Ramsay,Ramsay,a,,,3.8,797,245.0,0.2,349,125.0,0.0,412.0,157.0,0,0,0.0,-2,2.0,37,62,0.0,0.0,0.5,0.5,0.0,524.0,189.0,,,513.0,188.0,500.0,186.0,465.0,177.0,516.0,188.0,,,,,,,,0.0,0.0,0.0,0.0,0.0,0.0,0.0,0.0,0.0,27,0.0,0.0,0.0,0.0,0.0,0.0,0.0,0.0,0.0,0.0,0.0,0.0,0.0,0.0,0.0,40.0,72.0,0.0,0.0,0.0,0.0,0.0,0.0,0.0,0.0,0.0,0.0,0.0,0.0,0.0
383,Luis,Díaz Marulanda,Luis Díaz,u,Has joined Bayern Munch permanently.,,8.0,16,11.0,0.0,604,231.0,0.0,816.0,366.0,0,0,0.0,0,0.0,0,0,0.0,0.0,0.0,0.0,0.0,817.0,366.0,0.0,0.0,817.0,366.0,817.0,366.0,817.0,366.0,817.0,366.0,,,,,,,,0.0,0.0,0.0,0.0,0.0,0.0,0.0,0.0,0.0,27,0.0,0.0,0.0,0.0,0.0,0.0,0.0,0.0,0.0,0.0,0.0,0.0,0.0,0.0,0.0,0.0,0.0,0.0,0.0,0.0,0.0,0.0,0.0,0.0,0.0,0.0,0.0,0.0,0.0,0.0
384,Cody,Gakpo,Gakpo,a,,,7.3,27,17.0,5.3,69,24.0,2.8,135.0,65.0,3,0,0.0,-2,2.0,4194,1784,0.4,12.6,3.3,3.3,3.7,103.0,48.0,100.0,100.0,113.0,36.0,19.0,19.0,20.0,8.0,21.0,17.0,3.0,,3.0,,,,,0.26,0.2,0.46,0.99,0.0,0.35,1.24,1.04,5.4,27,3.0,76.0,0.0,0.0,1.0,0.0,0.0,0.0,0.0,0.0,0.0,0.0,1.0,0.0,12.0,4513.0,2095.0,0.0,0.019999999999999574,0.019999999999999574,0.03999999999999915,0.9899999999999984,15.0,6.300000000000068,2.0,2.3000000000000114,3.0,2.0,4.0,9.0
385,Federico,Chiesa,Chiesa,a,,,6.3,69,46.0,0.3,326,110.0,0.8,308.0,138.0,1,0,0.0,-2,2.0,72,83,0.1,5.1,1.3,1.3,1.6,400.0,178.0,100.0,100.0,324.0,147.0,363.0,188.0,209.0,115.0,334.0,160.0,,,,,,,,0.42,0.18,0.6,1.79,0.0,0.0,2.14,0.36,9.64,27,1.0,13.0,0.0,0.0,0.0,0.0,0.0,0.0,0.0,0.0,0.0,0.0,0.0,0.0,2.0,75.0,89.0,0.0,0.0,0.0,0.0,0.2699999999999996,1.2000000000000028,0.20000000000000284,0.0,0.09999999999999787,0.0,1.0,0.0,1.0
329,Harry,Wilson,Wilson,a,,,5.9,91,57.0,20.0,19,7.0,4.8,30.0,14.0,8,0,0.0,4,-4.0,36184,15886,0.8,21.7,4.8,4.8,4.9,19.0,12.0,100.0,100.0,43.0,10.0,30.0,28.0,26.0,13.0,20.0,16.0,3.0,3.0,3.0,,,,,0.19,0.17,0.36,1.34,0.0,0.27,1.34,1.07,6.16,27,8.0,90.0,0.0,1.0,0.0,1.0,0.0,0.0,0.0,0.0,0.0,0.0,1.0,1.0,29.0,37985.0,22275.0,0.0,0.10999999999999943,0.1200000000000001,0.23000000000000043,1.8200000000000003,32.80000000000007,17.399999999999977,17.0,6.699999999999989,1.0,8.0,7.0,16.0
330,Sander,Berge,Berge,a,,,4.9,306,190.0,0.1,520,188.0,2.2,180.0,80.0,4,0,0.0,-1,1.0,42,40,0.4,13.7,2.2,2.2,2.5,274.0,116.0,,,127.0,41.0,99.0,72.0,279.0,152.0,148.0,81.0,,,,,,,,0.05,0.04,0.09,1.45,0.0,0.2,1.56,1.04,8.88,27,4.0,90.0,0.0,0.0,0.0,1.0,0.0,0.0,0.0,0.0,0.0,0.0,1.0,0.0,13.0,47.0,42.0,0.0,0.14000000000000012,0.020000000000000018,0.16000000000000014,1.8200000000000003,7.800000000000011,2.099999999999966,6.0,1.6000000000000085,3.0,5.0,6.0,14.0
817,Adam,Armstrong,Armstrong,a,,,5.4,160,41.0,0.1,528,75.0,2.5,151.0,22.0,2,-1,1.0,-1,1.0,114,437,0.5,1.9,2.0,2.0,2.5,276.0,29.0,,,418.0,48.0,344.0,41.0,406.0,56.0,416.0,52.0,,,,,,,,0.04,0.11,0.15,2.33,0.0,0.54,1.36,1.08,2.98,27,2.0,62.0,0.0,0.0,1.0,0.0,0.0,0.0,0.0,0.0,0.0,0.0,1.0,0.0,9.0,124.0,530.0,0.0,0.12,0.030000000000000027,0.15000000000000002,0.7400000000000002,7.0000000000000036,12.899999999999999,2.0,2.200000000000001,1.0,2.0,2.0,5.0
331,Tom,Cairney,Cairney,a,,,4.8,352,219.0,0.0,637,251.0,0.6,313.0,140.0,1,0,0.0,-2,2.0,1,17,0.1,5.2,0.6,0.3,1.5,411.0,183.0,100.0,50.0,372.0,165.0,272.0,160.0,317.0,166.0,356.0,171.0,,,,,,,,0.17,0.06,0.23,1.63,0.0,0.0,1.78,0.59,6.92,27,1.0,2.0,0.0,0.0,0.0,0.0,0.0,0.0,0.0,0.0,0.0,0.0,0.0,0.0,3.0,1.0,18.0,0.0,0.0,0.0,0.0,0.11000000000000121,0.20000000000000284,1.5999999999999943,0.0,0.1999999999999993,0.0,0.0,1.0,1.0
653,Joe,Hodge,Hodge,u,Signed by CD Tondela,,4.5,424,254.0,0.0,660,266.0,0.0,625.0,225.0,0,0,0.0,0,0.0,0,4,0.0,0.0,0.0,0.0,0.0,696.0,273.0,0.0,0.0,689.0,267.0,685.0,271.0,667.0,263.0,692.0,270.0,,,,,,,,0.0,0.0,0.0,0.0,0.0,0.0,0.0,0.0,0.0,27,0.0,0.0,0.0,0.0,0.0,0.0,0.0,0.0,0.0,0.0,0.0,0.0,0.0,0.0,0.0,0.0,4.0,0.0,0.0,0.0,0.0,0.0,0.0,0.0,0.0,0.0,0.0,0.0,0.0,0.0
655,Fábio,Soares Silva,Fábio Silva,u,has joined Borussia Dortmund permanently.,,4.9,331,61.0,0.2,397,62.0,0.0,735.0,79.0,0,0,0.0,-1,1.0,0,10,0.0,0.0,0.0,0.0,0.0,774.0,86.0,0.0,0.0,773.0,86.0,770.0,85.0,765.0,85.0,774.0,86.0,,,,,,,,0.0,0.0,0.0,0.0,0.0,0.0,0.0,0.0,0.0,27,0.0,0.0,0.0,0.0,0.0,0.0,0.0,0.0,0.0,0.0,0.0,0.0,0.0,0.0,0.0,0.0,12.0,0.0,0.0,0.0,0.0,0.0,0.0,0.0,0.0,0.0,0.0,0.0,0.0,0.0
656,Saša,Kalajdžić,Kalajdžić,u,has joined LASK on loan for the rest of the season.,,4.9,324,59.0,0.0,587,80.0,0.0,729.0,78.0,0,0,0.0,-1,1.0,0,4,0.0,0.2,0.0,0.0,1.0,489.0,59.0,0.0,0.0,495.0,61.0,442.0,58.0,448.0,61.0,483.0,61.0,,,,,,,,0.0,0.06,0.06,0.64,0.0,0.0,0.0,0.0,12.86,27,0.0,0.0,0.0,0.0,0.0,0.0,0.0,0.0,0.0,0.0,0.0,0.0,0.0,0.0,0.0,0.0,4.0,0.0,0.0,0.0,0.0,0.0,0.0,0.0,0.0,0.0,0.0,0.0,0.0,0.0
663,Jhon,Arias,J.Arias,u,has joined Palmeiras permanently.,,4.9,320,198.0,0.1,429,144.0,0.3,356.0,160.0,0,0,0.0,-6,6.0,0,77,0.1,9.2,0.0,0.0,2.0,327.0,143.0,0.0,0.0,274.0,118.0,153.0,105.0,172.0,97.0,228.0,113.0,1.0,1.0,,,,,,0.27,0.05,0.32,1.29,0.0,0.16,1.69,1.13,10.07,27,0.0,0.0,0.0,0.0,0.0,0.0,0.0,0.0,0.0,0.0,0.0,0.0,0.0,0.0,0.0,0.0,91.0,0.0,0.0,0.0,0.0,0.0,0.0,0.0,0.0,0.0,0.0,0.0,0.0,0.0
682,David,Møller Wolfe,Møller Wolfe,a,,,4.2,639,150.0,0.1,549,197.0,0.5,326.0,112.0,1,0,0.0,-3,3.0,14,22,0.1,5.5,0.0,0.0,1.4,419.0,150.0,,,315.0,118.0,239.0,66.0,322.0,104.0,333.0,115.0,,,,,,,,0.02,0.12,0.14,1.9,0.0,0.0,2.37,0.95,4.49,27,1.0,27.0,0.0,0.0,0.0,1.0,0.0,0.0,0.0,0.0,0.0,0.0,0.0,0.0,2.0,16.0,25.0,0.0,0.0,0.0,0.0,0.9299999999999979,11.0,0.29999999999999716,0.0,1.1000000000000014,1.0,3.0,1.0,4.0
695,Jackson,Tchatchoua,Tchatchoua,a,,,4.4,552,119.0,0.0,645,226.0,0.5,328.0,114.0,2,0,0.0,-1,1.0,11,15,0.1,8.9,0.0,0.0,1.6,390.0,144.0,,,217.0,83.0,112.0,31.0,333.0,108.0,220.0,74.0,,,,,,,,0.02,0.07,0.09,1.31,0.0,0.13,1.77,0.88,5.56,27,2.0,90.0,0.0,0.0,0.0,1.0,0.0,0.0,0.0,0.0,0.0,0.0,1.0,0.0,13.0,12.0,17.0,0.0,0.0,0.10000000000000009,0.10000000000000009,1.6700000000000017,16.0,15.800000000000011,2.0,3.3999999999999986,1.0,4.0,3.0,5.0
24,Christian,Nørgaard,Nørgaard,a,,,5.1,225,138.0,0.1,434,147.0,0.2,384.0,171.0,0,0,0.0,-4,4.0,29,52,0.0,0.8,0.7,1.2,1.0,497.0,232.0,100.0,100.0,450.0,201.0,476.0,231.0,420.0,204.0,463.0,210.0,,,,,,,,0.14,0.0,0.14,6.13,0.0,0.0,2.81,0.0,25.31,27,0.0,0.0,0.0,0.0,0.0,0.0,0.0,0.0,0.0,0.0,0.0,0.0,0.0,0.0,0.0,33.0,61.0,0.0,0.0,0.0,0.0,0.0,0.0,0.0,0.0,0.0,0.0,0.0,0.0,0.0
662,Cristhian,Mosquera,Mosquera,a,,,5.3,204,26.0,0.1,428,159.0,0.8,301.0,106.0,1,0,0.0,-2,2.0,78,66,0.2,4.2,1.3,1.8,1.8,372.0,135.0,100.0,100.0,318.0,119.0,359.0,126.0,413.0,154.0,374.0,131.0,,,,,,,,0.0,0.08,0.08,0.75,0.0,0.16,0.82,0.82,8.8,27,1.0,33.0,0.0,0.0,0.0,0.0,0.0,0.0,0.0,0.0,0.0,0.0,0.0,0.0,13.0,87.0,70.0,0.0,0.0,0.020000000000000018,0.020000000000000018,0.41999999999999993,12.599999999999994,11.299999999999997,0.0,2.400000000000002,4.0,2.0,0.0,6.0
666,Viktor,Gyökeres,Gyökeres,a,,,8.8,8,4.0,11.9,29,5.0,6.0,10.0,3.0,13,0,0.0,-2,2.0,18257,15824,0.7,10.3,6.5,7.0,3.5,129.0,12.0,100.0,100.0,119.0,11.0,160.0,12.0,18.0,11.0,46.0,11.0,,,2.0,,,,,0.43,0.09,0.52,0.64,0.0,0.52,0.52,1.1,3.29,27,13.0,90.0,2.0,0.0,0.0,1.0,0.0,0.0,0.0,0.0,0.0,0.0,1.0,3.0,66.0,18423.0,21976.0,0.0,0.2999999999999998,0.3599999999999999,0.6599999999999984,0.7599999999999998,67.0,14.400000000000006,41.0,12.199999999999989,1.0,0.0,4.0,5.0
456,Jadon,Sancho,Sancho,a,,,5.8,108,69.0,0.2,345,117.0,2.0,205.0,90.0,1,0,0.0,-2,2.0,325,330,0.3,4.1,2.5,2.0,1.5,416.0,187.0,100.0,100.0,357.0,159.0,150.0,103.0,156.0,88.0,248.0,127.0,,,,,,,,0.09,0.22,0.31,1.37,0.0,0.15,0.6,0.9,4.65,27,1.0,29.0,0.0,0.0,0.0,0.0,0.0,0.0,0.0,0.0,0.0,0.0,0.0,0.0,8.0,419.0,351.0,0.0,0.0,0.19999999999999996,0.19999999999999996,0.9199999999999999,8.600000000000009,29.80000000000001,12.0,5.0,1.0,0.0,1.0,2.0
688,James,Wright,Wright,a,,,3.9,765,83.0,0.6,240,32.0,0.0,447.0,42.0,0,0,0.0,-1,1.0,110,136,0.0,0.0,0.5,0.0,0.0,555.0,51.0,,,544.0,51.0,534.0,36.0,500.0,23.0,547.0,51.0,,,,,,,,0.0,0.0,0.0,0.0,0.0,0.0,0.0,0.0,0.0,27,0.0,0.0,0.0,0.0,0.0,0.0,0.0,0.0,0.0,0.0,0.0,0.0,0.0,0.0,0.0,116.0,149.0,0.0,0.0,0.0,0.0,0.0,0.0,0.0,0.0,0.0,0.0,0.0,0.0,0.0
185,Václav,Hladký,Hladký,a,,,3.9,738,67.0,0.2,400,58.0,0.0,427.0,27.0,0,0,0.0,-1,1.0,19,28,0.0,0.0,-0.5,-1.0,0.0,537.0,36.0,,,526.0,36.0,515.0,20.0,481.0,7.0,529.0,36.0,,,,,,,,0.0,0.0,0.0,0.0,0.0,0.0,0.0,0.0,0.0,27,0.0,0.0,0.0,0.0,0.0,0.0,0.0,0.0,0.0,0.0,0.0,0.0,0.0,0.0,0.0,20.0,34.0,0.0,0.0,0.0,0.0,0.0,0.0,0.0,0.0,0.0,0.0,0.0,0.0,0.0
186,Connor,Roberts,Roberts,i,Achilles injury - Unknown return date,,4.4,525,104.0,0.0,649,228.0,0.0,584.0,238.0,0,0,0.0,-1,1.0,7,9,0.0,0.0,0.0,0.0,0.0,665.0,252.0,0.0,0.0,654.0,251.0,651.0,251.0,629.0,250.0,657.0,251.0,,,,,,,,0.0,0.0,0.0,0.0,0.0,0.0,0.0,0.0,0.0,27,0.0,0.0,0.0,0.0,0.0,0.0,0.0,0.0,0.0,0.0,0.0,0.0,0.0,0.0,0.0,9.0,16.0,0.0,0.0,0.0,0.0,0.0,0.0,0.0,0.0,0.0,0.0,0.0,0.0,0.0
187,Kyle,Walker,Walker,a,,,4.4,519,99.0,1.1,182,69.0,1.4,237.0,87.0,1,0,0.0,-1,1.0,237,430,0.3,11.8,0.9,0.4,2.0,325.0,122.0,100.0,100.0,120.0,53.0,185.0,44.0,368.0,126.0,212.0,71.0,,,,,,,,0.0,0.04,0.04,1.99,0.0,0.12,1.93,1.03,5.96,27,1.0,45.0,0.0,0.0,0.0,1.0,0.0,0.0,0.0,0.0,0.0,0.0,1.0,0.0,153.0,284.0,471.0,0.0,0.0,0.010000000000000009,0.010000000000000009,1.3100000000000023,2.0,0.5,0.0,0.29999999999999716,0.0,1.0,2.0,1.0
190,Hjalmar,Ekdal,Ekdal,a,,,3.9,764,223.0,0.8,207,78.0,0.0,446.0,174.0,0,0,0.0,-1,1.0,55,413,0.0,11.3,-0.5,-1.0,2.9,195.0,79.0,,,198.0,81.0,349.0,121.0,266.0,75.0,279.0,93.0,,,,,,,,0.02,0.02,0.04,1.74,0.0,0.15,1.83,0.99,10.08,27,0.0,0.0,0.0,0.0,0.0,0.0,0.0,0.0,0.0,0.0,0.0,0.0,0.0,0.0,0.0,65.0,467.0,0.0,0.0,0.0,0.0,0.0,0.0,0.0,0.0,0.0,0.0,0.0,0.0,0.0
191,Maxime,Estève,Estève,a,,,3.9,763,222.0,7.9,47,17.0,2.4,154.0,51.0,2,0,0.0,-1,1.0,1342,2218,0.6,15.1,1.9,1.4,2.5,266.0,103.0,100.0,100.0,57.0,26.0,271.0,86.0,264.0,74.0,161.0,52.0,,,,,,,,0.03,0.02,0.05,2.08,0.0,0.09,2.1,1.05,9.97,27,2.0,90.0,0.0,0.0,0.0,1.0,0.0,0.0,0.0,0.0,0.0,0.0,1.0,0.0,11.0,1577.0,2644.0,0.0,0.15999999999999998,0.0,0.16000000000000014,1.990000000000002,22.19999999999999,1.0,4.0,2.6999999999999886,2.0,7.0,7.0,9.0
205,Josh,Cullen,Cullen,i,Knee injury - Expected back 30 Sep,,4.9,298,185.0,0.9,202,70.0,0.0,719.0,299.0,0,0,0.0,-1,1.0,7,405,0.0,14.3,0.0,0.0,3.9,80.0,38.0,0.0,0.0,139.0,45.0,133.0,91.0,238.0,132.0,169.0,91.0,,,,,,,,0.06,0.08,0.14,1.93,0.0,0.18,1.73,1.07,10.29,27,0.0,0.0,0.0,0.0,0.0,0.0,0.0,0.0,0.0,0.0,0.0,0.0,0.0,0.0,0.0,12.0,458.0,0.0,0.0,0.0,0.0,0.0,0.0,0.0,0.0,0.0,0.0,0.0,0.0,0.0
121,Mikkel,Damsgaard,Damsgaard,a,,,5.6,130,80.0,0.4,269,95.0,0.8,305.0,135.0,1,0,0.0,-4,4.0,223,221,0.1,11.4,1.3,0.8,2.8,225.0,92.0,100.0,100.0,167.0,62.0,29.0,27.0,125.0,73.0,75.0,45.0,1.0,3.0,,,,,,0.1,0.25,0.35,1.35,0.0,0.14,1.51,1.03,10.4,27,1.0,23.0,0.0,0.0,0.0,0.0,0.0,0.0,0.0,0.0,0.0,0.0,0.0,0.0,4.0,249.0,249.0,0.0,0.27,0.010000000000000231,0.28000000000000025,0.00999999999999801,5.0,6.5,19.0,3.0999999999999943,1.0,0.0,1.0,2.0
228,Malo,Gusto,Gusto,a,,,4.9,336,55.0,2.0,131,51.0,2.0,198.0,70.0,6,0,0.0,-1,1.0,764,2861,0.4,16.9,1.5,3.0,3.5,122.0,44.0,100.0,100.0,158.0,69.0,97.0,24.0,164.0,36.0,129.0,42.0,,,,,,,,0.08,0.08,0.16,1.49,0.0,0.41,1.16,0.98,5.21,27,6.0,79.0,0.0,0.0,1.0,0.0,0.0,0.0,0.0,0.0,0.0,0.0,1.0,0.0,25.0,1192.0,3158.0,0.0,0.0,0.18000000000000016,0.18000000000000016,0.40000000000000213,2.8000000000000114,9.5,8.0,2.0,0.0,2.0,3.0,2.0
229,Benoît,Badiashile Mukinayi,B.Badiashile,a,,,4.4,535,113.0,0.0,622,222.0,0.8,291.0,103.0,0,0,0.0,-1,1.0,16,142,0.2,1.6,0.3,1.8,0.9,504.0,174.0,100.0,100.0,339.0,127.0,431.0,156.0,441.0,164.0,402.0,143.0,,,,,,,,0.0,0.01,0.01,1.42,0.0,0.0,1.91,1.15,9.19,27,0.0,0.0,0.0,0.0,0.0,0.0,0.0,0.0,0.0,0.0,0.0,0.0,0.0,0.0,0.0,17.0,166.0,0.0,0.0,0.0,0.0,0.0,0.0,0.0,0.0,0.0,0.0,0.0,0.0,0.0
230,Wesley,Fofana,Fofana,s,Suspended until 04 Mar,,4.4,540,116.0,0.4,272,100.0,1.4,238.0,88.0,-1,0,0.0,-1,1.0,51,3437,0.3,10.9,0.0,2.4,3.0,187.0,75.0,0.0,100.0,161.0,71.0,343.0,117.0,369.0,127.0,285.0,96.0,,,,,,,,0.02,0.05,0.07,1.35,0.0,0.35,0.97,0.97,11.61,27,48.0,71.0,0.0,0.0,0.0,1.0,0.0,0.0,0.0,0.0,1.0,0.0,1.0,0.0,7.0,219.0,3524.0,0.0,0.0,0.030000000000000027,0.030000000000000027,0.27999999999999936,11.800000000000011,13.600000000000001,0.0,2.5,1.0,4.0,7.0,5.0
743,Landon,Emenalo,Emenalo,a,,,4.5,500,308.0,0.0,726,304.0,0.0,682.0,273.0,0,0,0.0,0,0.0,4,10,0.0,0.0,-0.5,1.0,0.0,742.0,312.0,,,741.0,311.0,736.0,312.0,723.0,308.0,742.0,312.0,,,,,,,,0.0,0.0,0.0,0.0,0.0,0.0,0.0,0.0,0.0,27,0.0,0.0,0.0,0.0,0.0,0.0,0.0,0.0,0.0,0.0,0.0,0.0,0.0,0.0,0.0,5.0,11.0,0.0,0.0,0.0,0.0,0.0,0.0,0.0,0.0,0.0,0.0,0.0,0.0,0.0
272,Jefferson,Lerma Solís,Lerma,i,Hamstring injury - Expected back 14 Mar,,4.9,291,180.0,0.1,525,189.0,3.2,96.0,44.0,0,0,0.0,-1,1.0,1,223,0.7,10.4,0.0,0.0,2.2,309.0,136.0,0.0,0.0,244.0,105.0,191.0,127.0,148.0,85.0,217.0,107.0,,,,,,,,0.08,0.07,0.15,1.14,0.0,0.39,1.17,0.93,11.44,27,0.0,0.0,0.0,0.0,0.0,0.0,0.0,0.0,0.0,0.0,0.0,0.0,0.0,0.0,0.0,1.0,252.0,0.0,0.0,0.0,0.0,0.0,0.0,0.0,0.0,0.0,0.0,0.0,0.0,0.0
286,Zach,Marsh,Marsh,a,,,4.4,561,81.0,0.3,304,49.0,0.0,605.0,64.0,0,0,0.0,-1,1.0,116,161,0.0,0.0,-0.5,0.5,0.0,681.0,73.0,,,673.0,73.0,669.0,72.0,649.0,72.0,676.0,73.0,,,,,,,,0.0,0.0,0.0,0.0,0.0,0.0,0.0,0.0,0.0,27,0.0,0.0,0.0,0.0,0.0,0.0,0.0,0.0,0.0,0.0,0.0,0.0,0.0,0.0,0.0,132.0,174.0,0.0,0.0,0.0,0.0,0.0,0.0,0.0,0.0,0.0,0.0,0.0,0.0,0.0
580,Brennan,Johnson,Johnson,a,,,6.5,50,32.0,2.4,121,38.0,1.4,253.0,109.0,1,0,0.0,-5,5.0,187,1035,0.2,7.1,0.9,1.9,1.9,349.0,154.0,,,275.0,119.0,175.0,119.0,135.0,78.0,221.0,109.0,,,,,,,,0.15,0.07,0.22,1.47,0.0,0.34,1.01,0.93,6.08,27,1.0,13.0,0.0,0.0,0.0,0.0,0.0,0.0,0.0,0.0,0.0,0.0,0.0,0.0,7.0,239.0,1137.0,0.0,0.050000000000000044,0.08000000000000007,0.1299999999999999,0.120000000000001,6.199999999999989,18.0,4.0,2.799999999999997,1.0,0.0,1.0,2.0
690,Rio,Cardines,Cardines,a,,,4.4,565,338.0,0.3,332,115.0,0.0,608.0,217.0,0,0,0.0,-1,1.0,14,30,0.0,0.0,-0.5,0.5,0.0,684.0,267.0,100.0,100.0,676.0,260.0,672.0,265.0,652.0,256.0,679.0,263.0,,,,,,,,0.0,0.0,0.0,0.0,0.0,0.0,0.0,0.0,0.0,27,0.0,0.0,0.0,0.0,0.0,0.0,0.0,0.0,0.0,0.0,0.0,0.0,0.0,0.0,0.0,15.0,33.0,0.0,0.0,0.0,0.0,0.0,0.0,0.0,0.0,0.0,0.0,0.0,0.0,0.0
773,Dean,Benamar,Benamar,a,,,4.0,734,210.0,0.0,727,252.0,0.0,527.0,220.0,0,0,0.0,0,0.0,8,16,0.0,0.0,-0.5,0.5,0.0,630.0,244.0,,,619.0,243.0,612.0,243.0,583.0,240.0,622.0,243.0,,,,,,,,0.0,0.0,0.0,0.0,0.0,0.0,0.0,0.0,0.0,27,0.0,0.0,0.0,0.0,0.0,0.0,0.0,0.0,0.0,0.0,0.0,0.0,0.0,0.0,0.0,8.0,16.0,0.0,0.0,0.0,0.0,0.0,0.0,0.0,0.0,0.0,0.0,0.0,0.0,0.0
780,Ben,Casey,Casey,a,,,4.5,508,74.0,0.0,666,85.0,0.0,689.0,74.0,0,0,0.0,0,0.0,46,46,0.0,0.0,-0.5,0.5,0.0,749.0,83.0,,,748.0,83.0,743.0,82.0,730.0,82.0,749.0,83.0,,,,,,,,0.0,0.0,0.0,0.0,0.0,0.0,0.0,0.0,0.0,27,0.0,0.0,0.0,0.0,0.0,0.0,0.0,0.0,0.0,0.0,0.0,0.0,0.0,0.0,0.0,58.0,47.0,0.0,0.0,0.0,0.0,0.0,0.0,0.0,0.0,0.0,0.0,0.0,0.0,0.0
294,Séamus,Coleman,Coleman,a,,,4.2,626,141.0,0.1,484,173.0,0.0,536.0,224.0,0,0,0.0,-3,3.0,43,16,0.0,0.7,0.0,-0.5,1.0,459.0,170.0,100.0,100.0,625.0,246.0,482.0,175.0,590.0,243.0,628.0,246.0,,,,,,,,0.0,0.0,0.0,1.96,0.0,0.0,0.0,8.18,0.0,27,0.0,0.0,0.0,0.0,0.0,0.0,0.0,0.0,0.0,0.0,0.0,0.0,0.0,0.0,0.0,50.0,16.0,0.0,0.0,0.0,0.0,0.0,0.0,0.0,0.0,0.0,0.0,0.0,0.0,0.0
311,Norberto Bercique,Gomes Betuncal,Beto,a,,,5.0,266,55.0,2.4,120,21.0,1.8,217.0,29.0,0,0,0.0,-5,5.0,557,1003,0.4,9.2,1.8,1.3,1.8,365.0,42.0,,,285.0,27.0,325.0,35.0,57.0,22.0,214.0,27.0,,,2.0,,,,,0.53,0.02,0.55,1.63,0.0,0.2,1.33,0.82,5.21,27,0.0,0.0,0.0,0.0,0.0,0.0,0.0,0.0,0.0,0.0,0.0,0.0,0.0,0.0,0.0,615.0,1126.0,0.0,0.0,0.0,0.0,0.0,0.0,0.0,0.0,0.0,0.0,0.0,0.0,0.0
312,Youssef,Ramalho Chermiti,Y.Chermiti,u,has joined Rangers permanently.,,4.9,338,62.0,0.1,545,77.0,0.0,737.0,80.0,0,0,0.0,-1,1.0,0,5,0.0,0.0,0.0,0.0,0.0,776.0,87.0,0.0,0.0,775.0,87.0,772.0,86.0,767.0,86.0,776.0,87.0,,,,,,,,0.0,0.0,0.0,0.0,0.0,0.0,0.0,0.0,0.0,27,0.0,0.0,0.0,0.0,0.0,0.0,0.0,0.0,0.0,0.0,0.0,0.0,0.0,0.0,0.0,0.0,6.0,0.0,0.0,0.0,0.0,0.0,0.0,0.0,0.0,0.0,0.0,0.0,0.0,0.0
353,Daniel,James,James,a,,,5.2,208,129.0,0.1,479,166.0,0.4,348.0,156.0,0,0,0.0,-3,3.0,27,34,0.1,2.9,-0.1,0.4,1.2,440.0,198.0,100.0,100.0,416.0,183.0,254.0,155.0,245.0,134.0,351.0,167.0,,,,,,,,0.17,0.14,0.31,2.55,0.0,0.24,3.18,0.98,4.89,27,0.0,0.0,0.0,0.0,0.0,0.0,0.0,0.0,0.0,0.0,0.0,0.0,0.0,0.0,0.0,31.0,34.0,0.0,0.0,0.0,0.0,0.0,0.0,0.0,0.0,0.0,0.0,0.0,0.0,0.0
354,Ethan,Ampadu,Ampadu,a,,,4.9,300,187.0,0.2,404,135.0,3.6,72.0,34.0,8,0,0.0,-1,1.0,306,129,0.7,17.6,3.1,3.6,3.6,111.0,49.0,100.0,100.0,92.0,29.0,117.0,81.0,263.0,144.0,134.0,72.0,,,,,,,,0.07,0.06,0.13,1.43,0.0,0.17,1.65,1.01,12.01,27,8.0,90.0,0.0,1.0,0.0,1.0,0.0,0.0,0.0,0.0,0.0,0.0,1.0,1.0,24.0,327.0,154.0,0.0,0.0,0.010000000000000009,0.010000000000000231,1.4600000000000009,22.0,16.400000000000006,0.0,3.799999999999997,5.0,7.0,9.0,21.0
355,Sam,Greenwood,Greenwood,u,has joined Pogon Szczecin permanently.,,4.9,322,199.0,0.0,633,249.0,0.0,727.0,304.0,0,0,0.0,-1,1.0,0,0,0.0,0.0,0.0,0.0,0.0,768.0,330.0,0.0,0.0,767.0,329.0,764.0,330.0,759.0,328.0,768.0,330.0,,,,,,,,0.0,0.0,0.0,0.0,0.0,0.0,0.0,0.0,0.0,27,0.0,0.0,0.0,0.0,0.0,0.0,0.0,0.0,0.0,0.0,0.0,0.0,0.0,0.0,0.0,0.0,0.0,0.0,0.0,0.0,0.0,0.0,0.0,0.0,0.0,0.0,0.0,0.0,0.0,0.0
420,İlkay,Gündoğan,Gündoğan,u,has joined Galatasaray permanently.,,6.3,64,42.0,0.1,557,203.0,0.0,804.0,358.0,0,0,0.0,-2,2.0,0,3,0.0,0.0,0.0,0.0,0.0,810.0,362.0,0.0,0.0,810.0,362.0,810.0,362.0,810.0,362.0,810.0,362.0,,,,,,,,0.0,0.0,0.0,0.0,0.0,0.0,0.0,0.0,0.0,27,0.0,0.0,0.0,0.0,0.0,0.0,0.0,0.0,0.0,0.0,0.0,0.0,0.0,0.0,0.0,0.0,3.0,0.0,0.0,0.0,0.0,0.0,0.0,0.0,0.0,0.0,0.0,0.0,0.0,0.0
753,John,Ruddy,Ruddy,a,,,4.0,658,39.0,0.0,693,81.0,0.0,464.0,52.0,0,0,0.0,0,0.0,9,13,0.0,0.0,0.0,-0.5,0.0,572.0,61.0,,,561.0,61.0,551.0,46.0,518.0,33.0,564.0,61.0,,,,,,,,0.0,0.0,0.0,0.0,0.0,0.0,0.0,0.0,0.0,27,0.0,0.0,0.0,0.0,0.0,0.0,0.0,0.0,0.0,0.0,0.0,0.0,0.0,0.0,0.0,12.0,13.0,0.0,0.0,0.0,0.0,0.0,0.0,0.0,0.0,0.0,0.0,0.0,0.0,0.0
12,Oleksandr,Zinchenko,Zinchenko,u,has joined Ajax permanently.,,4.9,305,48.0,0.2,362,132.0,0.0,722.0,252.0,0,0,0.0,-1,1.0,0,91,0.0,1.4,0.0,0.0,1.4,422.0,152.0,0.0,0.0,368.0,141.0,278.0,89.0,371.0,129.0,369.0,129.0,,,,,,,,0.02,0.09,0.11,1.28,0.0,0.0,1.53,1.02,6.14,27,0.0,0.0,0.0,0.0,0.0,0.0,0.0,0.0,0.0,0.0,0.0,0.0,0.0,0.0,0.0,0.0,96.0,0.0,0.0,0.0,0.0,0.0,0.0,0.0,0.0,0.0,0.0,0.0,0.0,0.0
400,Stefan,Ortega Moreno,Ortega Moreno,a,,,4.7,376,15.0,0.2,379,55.0,2.2,178.0,12.0,3,0,0.0,-3,3.0,330,89,0.5,2.3,2.2,1.7,3.7,96.0,11.0,,,383.0,29.0,750.0,88.0,740.0,81.0,435.0,29.0,,,,,,,,0.0,0.0,0.0,1.56,2.67,0.33,1.33,1.0,0.0,27,3.0,90.0,0.0,0.0,0.0,1.0,0.0,0.0,0.0,0.0,0.0,3.0,1.0,0.0,11.0,355.0,114.0,0.0,0.0,0.0,0.0,1.7599999999999998,27.599999999999994,0.0,0.0,2.8,0.0,1.0,2.0,0.0
505,Nikola,Milenković,Milenković,a,,,5.1,230,31.0,3.2,104,40.0,4.4,42.0,13.0,4,0,0.0,-4,4.0,1209,1147,0.9,15.7,4.4,3.9,3.0,192.0,77.0,,,65.0,29.0,357.0,124.0,239.0,63.0,184.0,61.0,,,,,,,,0.03,0.02,0.05,1.46,0.0,0.22,1.44,1.0,8.37,27,4.0,90.0,0.0,0.0,0.0,1.0,0.0,0.0,0.0,0.0,0.0,0.0,1.0,0.0,7.0,1276.0,1367.0,0.0,0.07000000000000006,0.0,0.07000000000000006,1.7600000000000051,20.799999999999955,0.5,5.0,2.6000000000000014,1.0,10.0,0.0,11.0
476,Dan,Burn,Burn,a,,,5.0,243,36.0,3.3,103,39.0,1.0,277.0,100.0,2,0,0.0,0,0.0,2252,752,0.2,14.4,1.0,0.5,3.8,90.0,32.0,100.0,100.0,142.0,63.0,275.0,88.0,273.0,77.0,240.0,79.0,,,,,,,,0.01,0.02,0.03,1.06,0.0,0.35,1.41,1.06,9.31,27,2.0,90.0,0.0,0.0,0.0,2.0,0.0,0.0,0.0,1.0,0.0,0.0,1.0,0.0,4.0,2318.0,851.0,0.0,0.0,0.0,0.0,1.3500000000000014,16.80000000000001,0.20000000000000284,0.0,1.7000000000000028,2.0,10.0,5.0,12.0
477,Tino,Livramento,Livramento,i,Hamstring injury - Expected back 04 Mar,,4.9,329,54.0,1.9,138,54.0,0.0,733.0,254.0,0,0,0.0,-1,1.0,12,470,0.0,10.0,0.0,0.0,3.8,88.0,31.0,0.0,0.0,260.0,106.0,174.0,42.0,341.0,112.0,274.0,92.0,,,,,,,,0.01,0.05,0.06,0.94,0.0,0.43,0.86,0.94,4.98,27,0.0,0.0,0.0,0.0,0.0,0.0,0.0,0.0,0.0,0.0,0.0,0.0,0.0,0.0,0.0,12.0,517.0,0.0,0.0,0.0,0.0,0.0,0.0,0.0,0.0,0.0,0.0,0.0,0.0,0.0
478,Kieran,Trippier,Trippier,a,,,4.9,287,44.0,1.3,163,64.0,1.0,272.0,98.0,0,0,0.0,-1,1.0,589,341,0.2,8.4,1.0,0.5,2.7,237.0,95.0,100.0,100.0,246.0,98.0,44.0,4.0,405.0,149.0,194.0,63.0,2.0,2.0,,,,,,0.0,0.13,0.13,1.16,0.0,0.37,1.54,1.03,4.25,27,0.0,90.0,0.0,0.0,0.0,2.0,0.0,0.0,0.0,1.0,0.0,0.0,1.0,0.0,6.0,610.0,370.0,0.0,0.0,0.1100000000000001,0.1100000000000001,1.3499999999999996,16.80000000000001,34.19999999999999,0.0,5.100000000000001,1.0,1.0,3.0,2.0
479,Emil,Krafth,Krafth,i,Knee injury - Unknown return date,,4.3,576,124.0,0.0,623,223.0,0.0,550.0,232.0,0,0,0.0,-2,2.0,5,6,0.0,0.0,0.0,0.0,0.0,642.0,249.0,0.0,0.0,487.0,174.0,461.0,168.0,602.0,247.0,493.0,174.0,,,,,,,,0.0,0.0,0.0,0.5,0.0,0.0,4.0,2.0,2.0,27,0.0,0.0,0.0,0.0,0.0,0.0,0.0,0.0,0.0,0.0,0.0,0.0,0.0,0.0,0.0,5.0,7.0,0.0,0.0,0.0,0.0,0.0,0.0,0.0,0.0,0.0,0.0,0.0,0.0,0.0
480,Jamaal,Lascelles,Lascelles,u,has joined Leicester City permanently.,,4.3,574,122.0,0.0,586,209.0,0.0,549.0,231.0,0,0,0.0,-2,2.0,0,8,0.0,0.2,0.0,0.0,0.5,512.0,178.0,0.0,0.0,455.0,167.0,627.0,248.0,416.0,156.0,467.0,167.0,,,,,,,,0.19,0.0,0.19,2.61,0.0,0.0,9.47,0.0,23.68,27,0.0,0.0,0.0,0.0,0.0,0.0,0.0,0.0,0.0,0.0,0.0,0.0,0.0,0.0,0.0,0.0,9.0,0.0,0.0,0.0,0.0,0.0,0.0,0.0,0.0,0.0,0.0,0.0,0.0,0.0
481,Alex,Murphy,A.Murphy,a,,,3.8,804,252.0,0.7,219,83.0,0.2,357.0,128.0,0,0,0.0,-2,2.0,214,270,0.1,0.3,0.2,-0.3,1.0,448.0,161.0,,,481.0,172.0,506.0,192.0,471.0,183.0,498.0,175.0,,,,,,,,0.0,0.0,0.0,24.3,0.0,0.0,90.0,0.0,90.0,27,0.0,0.0,0.0,0.0,0.0,0.0,0.0,0.0,0.0,0.0,0.0,0.0,0.0,0.0,0.0,238.0,296.0,0.0,0.0,0.0,0.0,0.0,0.0,0.0,0.0,0.0,0.0,0.0,0.0,0.0
482,Harrison,Ashby,Ashby,u,has joined Bradford City on loan for the rest of the season.,,3.9,757,219.0,0.1,455,166.0,0.0,441.0,172.0,0,0,0.0,-1,1.0,0,23,0.0,0.0,0.0,0.0,0.0,550.0,201.0,0.0,0.0,539.0,200.0,529.0,200.0,495.0,192.0,542.0,200.0,,,,,,,,0.0,0.0,0.0,0.0,0.0,0.0,0.0,0.0,0.0,27,0.0,0.0,0.0,0.0,0.0,0.0,0.0,0.0,0.0,0.0,0.0,0.0,0.0,0.0,0.0,0.0,28.0,0.0,0.0,0.0,0.0,0.0,0.0,0.0,0.0,0.0,0.0,0.0,0.0,0.0
483,Miodrag,Pivaš,Pivas,a,,,3.8,810,258.0,0.4,286,106.0,0.0,422.0,167.0,0,0,0.0,-2,2.0,119,145,0.0,0.0,0.0,-0.5,0.0,532.0,197.0,,,521.0,196.0,510.0,196.0,476.0,188.0,524.0,196.0,,,,,,,,0.0,0.0,0.0,0.0,0.0,0.0,0.0,0.0,0.0,27,0.0,0.0,0.0,0.0,0.0,0.0,0.0,0.0,0.0,0.0,0.0,0.0,0.0,0.0,0.0,134.0,158.0,0.0,0.0,0.0,0.0,0.0,0.0,0.0,0.0,0.0,0.0,0.0,0.0,0.0
484,Matt,Targett,Targett,u,has joined Middlesbrough on loan for the rest of the season.,,4.0,669,165.0,0.1,424,157.0,0.0,471.0,184.0,0,0,0.0,0,0.0,0,17,0.0,0.0,0.0,0.0,0.0,579.0,212.0,0.0,0.0,568.0,211.0,560.0,211.0,528.0,205.0,571.0,211.0,,,,,,,,0.0,0.0,0.0,0.0,0.0,0.0,0.0,0.0,0.0,27,0.0,0.0,0.0,0.0,0.0,0.0,0.0,0.0,0.0,0.0,0.0,0.0,0.0,0.0,0.0,0.0,20.0,0.0,0.0,0.0,0.0,0.0,0.0,0.0,0.0,0.0,0.0,0.0,0.0,0.0
485,Anthony,Gordon,Gordon,a,,,7.2,31,19.0,2.4,122,39.0,3.0,125.0,59.0,2,0,0.0,-3,3.0,13305,1365,0.4,9.4,3.0,2.5,3.2,167.0,73.0,100.0,100.0,205.0,87.0,66.0,52.0,40.0,24.0,76.0,46.0,,,2.0,,,,,0.37,0.2,0.57,1.12,0.0,0.39,1.63,1.24,4.3,27,2.0,77.0,0.0,0.0,0.0,2.0,0.0,0.0,0.0,0.0,0.0,0.0,1.0,0.0,7.0,13955.0,1761.0,0.0,0.20999999999999996,0.010000000000000231,0.22000000000000064,0.9899999999999984,7.000000000000028,10.399999999999977,38.0,5.5,0.0,0.0,1.0,1.0
486,Anthony,Elanga,Elanga,a,,,6.5,52,33.0,2.6,115,35.0,1.6,231.0,100.0,2,0,0.0,-5,5.0,634,323,0.2,5.5,1.6,1.1,1.6,401.0,179.0,100.0,100.0,337.0,153.0,128.0,88.0,182.0,102.0,245.0,125.0,,,,,,,,0.11,0.13,0.24,1.31,0.0,0.18,1.99,0.91,3.53,27,2.0,77.0,0.0,0.0,0.0,2.0,0.0,0.0,0.0,0.0,0.0,0.0,1.0,0.0,5.0,653.0,371.0,0.0,0.010000000000000009,0.039999999999999813,0.04999999999999982,0.9900000000000002,0.0,2.6000000000000227,13.0,1.6000000000000014,0.0,0.0,2.0,2.0
487,Harvey,Barnes,Barnes,a,,,6.1,82,53.0,1.2,171,57.0,1.6,229.0,98.0,0,0,0.0,-4,4.0,1437,2521,0.3,12.5,1.6,1.1,2.9,206.0,86.0,,,188.0,76.0,102.0,73.0,24.0,11.0,59.0,38.0,,,,,,,,0.35,0.13,0.48,1.22,0.0,0.26,1.35,0.9,4.81,27,0.0,30.0,0.0,0.0,0.0,0.0,0.0,0.0,0.0,1.0,0.0,0.0,0.0,0.0,245.0,1508.0,3174.0,0.0,0.009999999999999787,0.010000000000000009,0.019999999999999574,0.5700000000000003,1.1999999999999886,1.3999999999999773,9.0,1.2000000000000028,0.0,0.0,0.0,0.0
488,Bruno,Guimarães Rodriguez Moura,Bruno G.,i,Hamstring injury - Expected back 11 Apr,,6.9,38,23.0,7.4,53,19.0,2.8,134.0,64.0,0,0,0.0,4,-4.0,301,66366,0.4,19.4,0.0,0.0,5.8,6.0,4.0,0.0,0.0,10.0,4.0,11.0,11.0,51.0,31.0,11.0,9.0,,,,,,,,0.21,0.16,0.37,1.16,0.0,0.27,1.38,0.98,8.92,27,0.0,0.0,0.0,0.0,0.0,0.0,0.0,0.0,0.0,0.0,0.0,0.0,0.0,0.0,0.0,310.0,79582.0,0.0,0.0,0.0,0.0,0.0,0.0,0.0,0.0,0.0,0.0,0.0,0.0,0.0
489,Jacob,Murphy,J.Murphy,a,,,5.9,90,56.0,0.6,237,83.0,0.6,324.0,146.0,1,0,0.0,-6,6.0,210,176,0.1,9.2,0.6,0.1,2.5,280.0,119.0,100.0,100.0,243.0,104.0,80.0,59.0,84.0,51.0,121.0,68.0,,,,,,,,0.23,0.19,0.42,1.16,0.0,0.49,0.99,1.07,4.28,27,1.0,12.0,0.0,0.0,0.0,0.0,0.0,0.0,0.0,0.0,0.0,0.0,0.0,0.0,3.0,224.0,208.0,0.0,0.0,0.0,0.0,0.35999999999999943,0.0,0.8000000000000114,0.0,0.09999999999999432,0.0,0.0,2.0,2.0
669,Dan,Ndoye,Ndoye,a,,,5.5,148,93.0,0.7,218,75.0,0.8,303.0,133.0,1,0,0.0,-5,5.0,46,99,0.1,8.4,0.8,0.3,2.3,299.0,131.0,100.0,100.0,281.0,122.0,152.0,104.0,147.0,84.0,215.0,105.0,,,,,,,,0.09,0.12,0.21,1.27,0.0,0.16,1.39,1.14,7.67,27,1.0,24.0,0.0,0.0,0.0,1.0,0.0,0.0,0.0,0.0,0.0,0.0,0.0,0.0,5.0,52.0,106.0,0.0,0.050000000000000044,0.0,0.04999999999999982,1.2300000000000004,4.199999999999989,4.5,5.0,1.4000000000000057,1.0,1.0,2.0,4.0
675,Angus,Gunn,Gunn,a,,,4.0,663,43.0,1.1,181,23.0,0.2,360.0,23.0,0,0,0.0,0,0.0,47,110,0.0,0.2,0.2,-0.3,1.0,451.0,32.0,100.0,100.0,489.0,32.0,556.0,50.0,523.0,37.0,502.0,32.0,,,,,,,,0.0,0.0,0.0,0.42,0.0,0.0,0.0,0.0,0.0,27,0.0,0.0,0.0,0.0,0.0,0.0,0.0,0.0,0.0,0.0,0.0,0.0,0.0,0.0,0.0,53.0,120.0,0.0,0.0,0.0,0.0,0.0,0.0,0.0,0.0,0.0,0.0,0.0,0.0,0.0
693,Omari,Hutchinson,Hutchinson,a,,,5.4,179,110.0,0.1,511,184.0,2.2,186.0,85.0,3,0,0.0,-1,1.0,48,85,0.4,10.9,2.2,1.7,2.8,222.0,90.0,,,219.0,96.0,43.0,40.0,92.0,56.0,95.0,57.0,,,,,,,,0.14,0.24,0.38,1.32,0.0,0.33,1.23,0.82,6.97,27,3.0,65.0,0.0,0.0,1.0,0.0,0.0,0.0,0.0,0.0,0.0,0.0,1.0,0.0,7.0,55.0,107.0,0.0,0.030000000000000027,0.04999999999999982,0.08000000000000007,0.5399999999999991,4.0,9.600000000000023,25.0,3.8999999999999915,0.0,1.0,2.0,3.0
572,Radu,Drăgușin,Dragusin,a,,,4.5,449,90.0,0.0,685,237.0,1.4,240.0,90.0,2,0,0.0,0,0.0,76,28,0.3,1.8,1.4,0.4,1.3,427.0,154.0,100.0,100.0,362.0,138.0,453.0,165.0,388.0,138.0,407.0,145.0,,,,,,,,0.05,0.0,0.05,2.14,0.0,0.0,2.69,0.81,11.32,27,2.0,90.0,0.0,0.0,0.0,4.0,0.0,0.0,0.0,0.0,0.0,0.0,1.0,0.0,12.0,79.0,37.0,0.0,0.0,0.0,0.0,1.9299999999999997,35.8,0.10000000000000009,2.0,3.799999999999999,0.0,18.0,6.0,18.0
578,Luka,Vušković,Vuskovic,u,has joined Hamburger SV on loan for the rest of the season.,,3.9,782,231.0,0.3,307,113.0,0.0,463.0,181.0,0,0,0.0,-1,1.0,0,41,0.0,0.0,0.0,0.0,0.0,571.0,209.0,0.0,0.0,560.0,208.0,550.0,208.0,517.0,201.0,563.0,208.0,,,,,,,,0.0,0.0,0.0,0.0,0.0,0.0,0.0,0.0,0.0,27,0.0,0.0,0.0,0.0,0.0,0.0,0.0,0.0,0.0,0.0,0.0,0.0,0.0,0.0,0.0,0.0,43.0,0.0,0.0,0.0,0.0,0.0,0.0,0.0,0.0,0.0,0.0,0.0,0.0,0.0
579,Son,Heung-min,Son,u,has joined Los Angeles FC permanently.,,8.5,11,6.0,0.1,444,151.0,0.0,817.0,367.0,0,0,0.0,0,0.0,0,2,0.0,0.0,0.0,0.0,0.0,818.0,367.0,0.0,0.0,818.0,367.0,818.0,367.0,818.0,367.0,818.0,367.0,,,,,,,,0.0,0.0,0.0,0.0,0.0,0.0,0.0,0.0,0.0,27,0.0,0.0,0.0,0.0,0.0,0.0,0.0,0.0,0.0,0.0,0.0,0.0,0.0,0.0,0.0,0.0,2.0,0.0,0.0,0.0,0.0,0.0,0.0,0.0,0.0,0.0,0.0,0.0,0.0,0.0
758,Mohamadou,Kanté,Mohamadou Kanté,a,,,4.5,507,313.0,0.0,738,311.0,0.2,374.0,163.0,1,0,0.0,0,0.0,21,7,0.0,0.9,-0.3,0.2,1.0,483.0,221.0,,,454.0,203.0,413.0,205.0,428.0,211.0,464.0,211.0,,,,,,,,0.12,0.08,0.2,2.29,0.0,0.0,0.0,0.0,36.82,27,1.0,6.0,0.0,0.0,0.0,0.0,0.0,0.0,0.0,0.0,0.0,0.0,0.0,0.0,6.0,24.0,9.0,0.0,0.0,0.0,0.0,0.020000000000000018,6.0,0.29999999999999893,0.0,0.5999999999999999,3.0,1.0,1.0,5.0
785,Pablo Felipe,Pereira de Jesus,Pablo,i,Calf injury - Unknown return date,,5.5,152,39.0,0.0,730,89.0,1.0,282.0,36.0,0,0,0.0,0,0.0,7,69,0.2,1.5,0.0,0.0,1.6,398.0,48.0,0.0,0.0,445.0,53.0,328.0,36.0,377.0,55.0,414.0,51.0,,,,,,,,0.12,0.03,0.15,1.35,0.0,0.0,1.44,1.08,9.0,27,0.0,0.0,0.0,0.0,0.0,0.0,0.0,0.0,0.0,0.0,0.0,0.0,0.0,0.0,0.0,7.0,84.0,0.0,0.0,0.0,0.0,0.0,0.0,0.0,0.0,0.0,0.0,0.0,0.0,0.0
802,Keiber,Lamadrid,Lamadrid,a,,,5.0,280,173.0,0.0,790,348.0,0.0,759.0,327.0,0,0,0.0,0,0.0,13,7,0.0,0.0,-0.5,0.0,0.0,791.0,348.0,,,790.0,347.0,789.0,348.0,785.0,346.0,791.0,348.0,,,,,,,,0.0,0.0,0.0,0.0,0.0,0.0,0.0,0.0,0.0,27,0.0,0.0,0.0,0.0,0.0,0.0,0.0,0.0,0.0,0.0,0.0,0.0,0.0,0.0,0.0,13.0,8.0,0.0,0.0,0.0,0.0,0.0,0.0,0.0,0.0,0.0,0.0,0.0,0.0,0.0
815,Axel,Disasi,Disasi,a,,,4.5,420,80.0,0.1,499,177.0,4.7,33.0,8.0,6,0,0.0,0,0.0,382,185,1.0,3.1,4.2,4.7,4.7,22.0,7.0,,,411.0,154.0,411.0,149.0,315.0,101.0,405.0,144.0,,,,,,,,0.23,0.0,0.23,0.85,0.0,0.67,0.33,1.0,5.67,27,6.0,90.0,0.0,0.0,1.0,0.0,0.0,0.0,0.0,0.0,0.0,0.0,1.0,0.0,18.0,422.0,201.0,0.0,0.6699999999999999,0.0,0.6699999999999999,0.6500000000000001,10.999999999999996,0.20000000000000107,42.0,5.300000000000001,0.0,4.0,1.0,4.0
636,Santiago,Ignacio Bueno,S.Bueno,a,,,4.4,531,109.0,0.1,439,163.0,2.5,150.0,49.0,2,0,0.0,-1,1.0,159,225,0.6,14.5,2.0,2.0,3.4,131.0,47.0,100.0,100.0,105.0,48.0,252.0,74.0,176.0,39.0,180.0,60.0,,,,,,,,0.09,0.06,0.15,1.47,0.0,0.16,1.63,0.98,7.52,27,2.0,90.0,0.0,0.0,0.0,1.0,0.0,0.0,0.0,0.0,0.0,0.0,1.0,0.0,10.0,188.0,252.0,0.0,0.019999999999999796,0.010000000000000009,0.029999999999999805,1.6700000000000017,17.80000000000001,0.4000000000000057,19.0,3.700000000000003,1.0,8.0,3.0,9.0
637,Toti,Gomes,Toti,a,,,4.2,641,152.0,0.1,521,185.0,0.0,541.0,227.0,0,0,0.0,-3,3.0,5,17,0.0,4.8,-0.5,-0.4,1.5,404.0,146.0,100.0,75.0,250.0,101.0,291.0,93.0,355.0,116.0,316.0,107.0,,,,,,,,0.0,0.02,0.02,1.7,0.0,0.0,2.37,1.14,7.97,27,0.0,0.0,0.0,0.0,0.0,0.0,0.0,0.0,0.0,0.0,0.0,0.0,0.0,0.0,0.0,5.0,20.0,0.0,0.0,0.0,0.0,0.0,0.0,0.0,0.0,0.0,0.0,0.0,0.0,0.0
334,Luke,Harris,Harris,u,Has joined Oxford United on loan for the rest of the season.,,4.5,456,273.0,0.0,808,359.0,0.0,646.0,243.0,0,0,0.0,0,0.0,0,0,0.0,0.0,0.0,0.0,0.0,713.0,289.0,0.0,0.0,707.0,284.0,704.0,287.0,688.0,280.0,709.0,286.0,,,,,,,,0.0,0.0,0.0,0.0,0.0,0.0,0.0,0.0,0.0,27,0.0,0.0,0.0,0.0,0.0,0.0,0.0,0.0,0.0,0.0,0.0,0.0,0.0,0.0,0.0,0.0,0.0,0.0,0.0,0.0,0.0,0.0,0.0,0.0,0.0,0.0,0.0,0.0,0.0,0.0
335,Josh,King,King,a,,,4.4,562,336.0,1.8,141,45.0,1.0,270.0,120.0,0,0,0.0,-1,1.0,1136,1126,0.2,8.4,1.0,1.0,1.8,358.0,157.0,100.0,100.0,338.0,154.0,240.0,150.0,123.0,72.0,277.0,138.0,,,,,,,,0.14,0.04,0.18,1.28,0.0,0.3,1.49,1.09,7.33,27,0.0,0.0,0.0,0.0,0.0,0.0,0.0,0.0,0.0,0.0,0.0,0.0,0.0,0.0,0.0,1399.0,1347.0,0.0,0.0,0.0,0.0,0.0,0.0,0.0,0.0,0.0,0.0,0.0,0.0,0.0
336,Harrison,Reed,Reed,a,,,4.3,579,343.0,0.4,277,97.0,0.2,370.0,161.0,0,0,0.0,-2,2.0,573,357,0.0,2.8,0.2,0.2,2.4,285.0,123.0,,,420.0,184.0,430.0,208.0,417.0,202.0,441.0,197.0,,,,,,,,0.16,0.94,1.1,1.6,0.0,0.0,3.91,0.0,7.83,27,0.0,0.0,0.0,0.0,0.0,0.0,0.0,0.0,0.0,0.0,0.0,0.0,0.0,0.0,0.0,692.0,414.0,0.0,0.0,0.0,0.0,0.0,0.0,0.0,0.0,0.0,0.0,0.0,0.0,0.0
337,Raúl,Jiménez Rodríguez,Raúl,a,,,6.1,80,26.0,1.8,140,23.0,5.0,26.0,5.0,11,0,0.0,-4,4.0,14866,1783,0.8,15.4,5.0,5.0,3.6,115.0,9.0,100.0,100.0,88.0,7.0,100.0,4.0,13.0,9.0,28.0,8.0,,1.0,1.0,,,,,0.49,0.04,0.53,1.41,0.0,0.36,1.22,1.12,5.33,27,11.0,64.0,2.0,0.0,1.0,0.0,0.0,0.0,0.0,1.0,0.0,0.0,1.0,2.0,45.0,15119.0,2333.0,0.0,1.0299999999999994,0.1100000000000001,1.1400000000000006,0.5500000000000007,68.39999999999998,14.300000000000011,54.0,13.700000000000003,1.0,2.0,1.0,4.0
338,Rodrigo,Muniz Carvalho,Muniz,a,,,5.3,195,46.0,0.7,216,33.0,0.6,322.0,44.0,1,0,0.0,-2,2.0,235,120,0.1,3.8,0.6,0.6,2.0,332.0,37.0,100.0,100.0,380.0,39.0,329.0,37.0,191.0,41.0,342.0,41.0,,,,,,,,0.24,0.0,0.24,1.55,0.0,0.22,1.51,0.86,5.17,27,1.0,25.0,0.0,0.0,0.0,1.0,0.0,0.0,0.0,0.0,0.0,0.0,0.0,0.0,3.0,259.0,129.0,0.0,0.0,0.01,0.009999999999999787,1.2699999999999996,9.400000000000006,0.6000000000000014,0.0,1.0,0.0,2.0,1.0,3.0
424,Oscar,Bobb,Bobb,a,,,5.1,238,145.0,0.2,371,124.0,0.6,320.0,145.0,1,0,0.0,-4,4.0,148,70,0.1,4.1,0.6,0.6,1.8,366.0,162.0,100.0,100.0,379.0,168.0,179.0,121.0,236.0,131.0,304.0,153.0,,,,,,,,0.08,0.2,0.28,1.16,0.0,0.34,1.18,0.84,6.91,27,1.0,45.0,0.0,0.0,0.0,1.0,0.0,0.0,0.0,0.0,0.0,0.0,0.0,0.0,88.0,161.0,71.0,0.0,0.0,0.020000000000000018,0.019999999999999796,1.7600000000000007,0.0,3.5,2.0,0.6000000000000014,2.0,0.0,2.0,4.0
61,Leander,Dendoncker,Dendoncker,u,Has joined Real Oviedo permanently.,,4.5,410,250.0,0.1,533,193.0,0.0,616.0,221.0,0,0,0.0,0,0.0,0,11,0.0,0.0,0.0,0.0,0.0,689.0,269.0,0.0,0.0,682.0,263.0,677.0,267.0,658.0,259.0,685.0,266.0,,,,,,,,0.0,0.0,0.0,0.0,0.0,0.0,0.0,0.0,0.0,27,0.0,0.0,0.0,0.0,0.0,0.0,0.0,0.0,0.0,0.0,0.0,0.0,0.0,0.0,0.0,0.0,12.0,0.0,0.0,0.0,0.0,0.0,0.0,0.0,0.0,0.0,0.0,0.0,0.0,0.0
62,Jamaldeen,Jimoh-Aloba,Jimoh-Aloba,u,has joined West Brom on loan for the rest of the season.,,4.5,473,288.0,0.1,552,201.0,0.0,659.0,255.0,0,0,0.0,0,0.0,0,32,0.0,0.2,0.0,0.0,1.0,477.0,216.0,0.0,0.0,502.0,230.0,480.0,234.0,701.0,292.0,505.0,233.0,,,,,,,,0.0,0.0,0.0,6.86,0.0,0.0,0.0,0.0,11.25,27,0.0,0.0,0.0,0.0,0.0,0.0,0.0,0.0,0.0,0.0,0.0,0.0,0.0,0.0,0.0,0.0,39.0,0.0,0.0,0.0,0.0,0.0,0.0,0.0,0.0,0.0,0.0,0.0,0.0,0.0
63,Kadan,Young,Young,u,has joined Reading on loan for the rest of the season.,,4.3,607,353.0,0.6,246,85.0,0.0,566.0,191.0,0,0,0.0,-2,2.0,0,446,0.0,0.0,0.0,0.0,0.0,652.0,247.0,0.0,0.0,641.0,237.0,638.0,243.0,614.0,231.0,644.0,240.0,,,,,,,,0.0,0.0,0.0,0.0,0.0,0.0,0.0,0.0,0.0,27,0.0,0.0,0.0,0.0,0.0,0.0,0.0,0.0,0.0,0.0,0.0,0.0,0.0,0.0,0.0,0.0,514.0,0.0,0.0,0.0,0.0,0.0,0.0,0.0,0.0,0.0,0.0,0.0,0.0,0.0
64,Ollie,Watkins,Watkins,a,,,8.6,9,5.0,9.0,40,7.0,2.8,136.0,17.0,2,0,0.0,-4,4.0,5215,13131,0.3,11.3,3.3,2.8,3.7,105.0,8.0,100.0,100.0,112.0,10.0,129.0,9.0,4.0,3.0,27.0,7.0,,,3.0,,,,,0.44,0.05,0.49,1.41,0.0,0.36,1.09,1.04,3.12,27,2.0,90.0,0.0,0.0,0.0,1.0,0.0,0.0,0.0,0.0,0.0,0.0,1.0,0.0,9.0,6684.0,14502.0,0.0,0.25,0.040000000000000036,0.2900000000000009,1.3500000000000014,6.600000000000023,23.900000000000006,25.0,5.599999999999994,2.0,0.0,2.0,4.0
781,TJ,Carroll,Carroll,a,,,4.0,730,206.0,0.0,735,254.0,0.0,525.0,218.0,0,0,0.0,0,0.0,11,16,0.0,0.0,0.5,0.0,0.0,628.0,242.0,,,617.0,241.0,610.0,241.0,580.0,237.0,620.0,241.0,,,,,,,,0.0,0.0,0.0,0.0,0.0,0.0,0.0,0.0,0.0,27,0.0,0.0,0.0,0.0,0.0,0.0,0.0,0.0,0.0,0.0,0.0,0.0,0.0,0.0,0.0,12.0,16.0,0.0,0.0,0.0,0.0,0.0,0.0,0.0,0.0,0.0,0.0,0.0,0.0,0.0
192,Quilindschy,Hartman,Hartman,a,,,4.0,694,178.0,0.7,227,87.0,0.0,493.0,194.0,0,0,0.0,0,0.0,60,447,0.0,11.5,-0.5,-1.0,3.1,168.0,65.0,,,178.0,73.0,127.0,32.0,304.0,92.0,199.0,66.0,1.0,,,,,,,0.01,0.1,0.11,2.04,0.0,0.13,1.88,1.01,7.0,27,0.0,0.0,0.0,0.0,0.0,0.0,0.0,0.0,0.0,0.0,0.0,0.0,0.0,0.0,0.0,77.0,518.0,0.0,0.0,0.0,0.0,0.0,0.0,0.0,0.0,0.0,0.0,0.0,0.0,0.0
193,Bashir,Humphreys,Humphreys,a,,,3.9,759,220.0,0.1,436,161.0,2.0,190.0,65.0,2,0,0.0,-1,1.0,71,87,0.5,8.2,1.5,1.0,2.9,194.0,78.0,100.0,100.0,248.0,99.0,299.0,98.0,318.0,102.0,312.0,104.0,,,,,,,,0.02,0.05,0.07,1.87,0.0,0.1,1.84,0.92,8.29,27,2.0,82.0,0.0,0.0,0.0,1.0,0.0,0.0,0.0,0.0,0.0,0.0,1.0,0.0,6.0,85.0,102.0,0.0,0.0,0.0,0.0,1.9199999999999982,9.799999999999983,2.0,0.0,1.2000000000000028,2.0,4.0,2.0,6.0
184,Etienne,Green,Green,u,has joined FC Fredericia permanently.,,4.0,691,57.0,0.2,399,57.0,0.0,490.0,68.0,0,0,0.0,0,0.0,0,18,0.0,0.0,0.0,0.0,0.0,597.0,76.0,0.0,0.0,586.0,76.0,579.0,64.0,547.0,51.0,589.0,76.0,,,,,,,,0.0,0.0,0.0,0.0,0.0,0.0,0.0,0.0,0.0,27,0.0,0.0,0.0,0.0,0.0,0.0,0.0,0.0,0.0,0.0,0.0,0.0,0.0,0.0,0.0,0.0,20.0,0.0,0.0,0.0,0.0,0.0,0.0,0.0,0.0,0.0,0.0,0.0,0.0,0.0
206,Marcus,Edwards,Edwards,a,,,4.7,380,238.0,0.1,431,145.0,2.6,141.0,67.0,2,0,0.0,-3,3.0,125,145,0.6,9.1,2.1,1.6,2.5,272.0,114.0,,,282.0,123.0,120.0,82.0,132.0,76.0,197.0,100.0,,3.0,,,,,,0.15,0.17,0.32,1.84,0.0,0.1,1.56,0.93,5.29,27,2.0,90.0,0.0,0.0,0.0,1.0,0.0,0.0,0.0,0.0,0.0,0.0,1.0,0.0,6.0,143.0,170.0,0.0,0.20999999999999996,0.010000000000000009,0.21999999999999975,1.9900000000000002,0.0,4.799999999999983,18.0,2.200000000000003,1.0,1.0,6.0,8.0
202,Jacob,Bruun Larsen,Bruun Larsen,a,,,5.3,189,116.0,0.0,625,243.0,0.8,300.0,132.0,1,0,0.0,-2,2.0,15,10,0.2,6.6,0.3,-0.2,1.6,396.0,176.0,100.0,100.0,331.0,150.0,163.0,112.0,207.0,113.0,265.0,131.0,3.0,1.0,3.0,,,,,0.13,0.1,0.23,2.05,0.0,0.29,2.26,0.88,5.9,27,1.0,12.0,0.0,0.0,0.0,0.0,0.0,0.0,0.0,0.0,0.0,0.0,0.0,0.0,2.0,19.0,11.0,0.0,0.10000000000000009,0.0,0.10000000000000009,0.10999999999999943,1.0,10.300000000000011,4.0,1.5,0.0,1.0,0.0,1.0
203,Enock,Agyei,Boateng,a,,,4.7,393,246.0,0.0,593,224.0,0.0,704.0,288.0,0,0,0.0,-3,3.0,27,19,0.0,0.0,-0.5,-1.0,0.0,758.0,324.0,,,757.0,323.0,753.0,324.0,745.0,321.0,758.0,324.0,,,,,,,,0.0,0.0,0.0,0.0,0.0,0.0,0.0,0.0,0.0,27,0.0,0.0,0.0,0.0,0.0,0.0,0.0,0.0,0.0,0.0,0.0,0.0,0.0,0.0,0.0,27.0,19.0,0.0,0.0,0.0,0.0,0.0,0.0,0.0,0.0,0.0,0.0,0.0,0.0,0.0
204,Darko,Churlinov,Churlinov,u,has joined Kocaelispor  permanently.,,4.9,323,200.0,0.0,723,302.0,0.0,728.0,305.0,0,0,0.0,-1,1.0,0,0,0.0,0.0,0.0,0.0,0.0,769.0,331.0,0.0,0.0,768.0,330.0,765.0,331.0,760.0,329.0,769.0,331.0,,,,,,,,0.0,0.0,0.0,0.0,0.0,0.0,0.0,0.0,0.0,27,0.0,0.0,0.0,0.0,0.0,0.0,0.0,0.0,0.0,0.0,0.0,0.0,0.0,0.0,0.0,0.0,0.0,0.0,0.0,0.0,0.0,0.0,0.0,0.0,0.0,0.0,0.0,0.0,0.0,0.0
722,Florentino Ibrain,Morris Luís,Florentino,a,,,5.0,251,153.0,0.0,603,230.0,1.4,246.0,104.0,0,0,0.0,0,0.0,17,57,0.3,12.8,0.9,0.4,2.9,202.0,83.0,,,163.0,58.0,181.0,123.0,324.0,169.0,219.0,108.0,,,,,,,,0.03,0.02,0.05,2.06,0.0,0.11,1.99,1.08,13.5,27,0.0,0.0,0.0,0.0,0.0,0.0,0.0,0.0,0.0,0.0,0.0,0.0,0.0,0.0,0.0,19.0,63.0,0.0,0.0,0.0,0.0,0.0,0.0,0.0,0.0,0.0,0.0,0.0,0.0,0.0
776,Oliver,Pimlott,Pimlott,a,,,4.5,510,314.0,0.0,786,345.0,0.0,691.0,278.0,0,0,0.0,0,0.0,8,0,0.0,0.0,-0.5,-1.0,0.0,750.0,317.0,,,749.0,316.0,744.0,317.0,731.0,313.0,750.0,317.0,,,,,,,,0.0,0.0,0.0,0.0,0.0,0.0,0.0,0.0,0.0,27,0.0,0.0,0.0,0.0,0.0,0.0,0.0,0.0,0.0,0.0,0.0,0.0,0.0,0.0,0.0,9.0,0.0,0.0,0.0,0.0,0.0,0.0,0.0,0.0,0.0,0.0,0.0,0.0,0.0,0.0
784,George,Brierley,Brierley,a,,,4.5,517,320.0,0.0,800,354.0,0.0,697.0,284.0,0,0,0.0,0,0.0,7,6,0.0,0.0,-0.5,-1.0,0.0,755.0,322.0,,,754.0,321.0,749.0,322.0,737.0,319.0,755.0,322.0,,,,,,,,0.0,0.0,0.0,0.0,0.0,0.0,0.0,0.0,0.0,27,0.0,0.0,0.0,0.0,0.0,0.0,0.0,0.0,0.0,0.0,0.0,0.0,0.0,0.0,0.0,7.0,6.0,0.0,0.0,0.0,0.0,0.0,0.0,0.0,0.0,0.0,0.0,0.0,0.0,0.0
66,Norberto,Murara Neto,Neto,u,Has joined Botafogo permanently.,,4.5,406,21.0,0.1,567,77.0,0.0,615.0,88.0,0,0,0.0,0,0.0,0,14,0.0,0.0,0.0,0.0,0.0,688.0,92.0,0.0,0.0,681.0,92.0,676.0,84.0,657.0,74.0,684.0,92.0,,,,,,,,0.0,0.0,0.0,0.0,0.0,0.0,0.0,0.0,0.0,27,0.0,0.0,0.0,0.0,0.0,0.0,0.0,0.0,0.0,0.0,0.0,0.0,0.0,0.0,0.0,0.0,14.0,0.0,0.0,0.0,0.0,0.0,0.0,0.0,0.0,0.0,0.0,0.0,0.0,0.0
67,Đorđe,Petrović,Petrović,a,,,4.5,435,24.0,4.4,81,15.0,5.2,20.0,3.0,9,0,0.0,0,0.0,8139,1027,1.2,18.9,5.2,5.2,3.1,170.0,16.0,,,25.0,8.0,692.0,87.0,675.0,77.0,195.0,9.0,,,,,,,,0.0,0.0,0.0,1.53,3.07,0.26,1.67,1.0,0.0,27,9.0,90.0,0.0,0.0,1.0,0.0,0.0,0.0,0.0,0.0,0.0,3.0,1.0,2.0,33.0,8671.0,1303.0,0.0,0.0,0.0,0.0,3.269999999999996,34.80000000000007,0.0,0.0,3.5,0.0,4.0,5.0,0.0
69,Callan,McKenna,McKenna,a,,,3.9,778,92.0,0.2,346,49.0,0.0,460.0,51.0,0,0,0.0,-1,1.0,182,81,0.0,0.0,0.0,0.0,0.0,568.0,60.0,,,557.0,60.0,547.0,45.0,513.0,32.0,560.0,60.0,,,,,,,,0.0,0.0,0.0,0.0,0.0,0.0,0.0,0.0,0.0,27,0.0,0.0,0.0,0.0,0.0,0.0,0.0,0.0,0.0,0.0,0.0,0.0,0.0,0.0,0.0,197.0,88.0,0.0,0.0,0.0,0.0,0.0,0.0,0.0,0.0,0.0,0.0,0.0,0.0,0.0
70,Alex,Paulsen,Paulsen,u,Has joined Lechia Gdansk on loan for the rest of the season.,,4.0,695,58.0,0.1,571,78.0,0.0,494.0,69.0,0,0,0.0,0,0.0,0,3,0.0,0.0,0.0,0.0,0.0,600.0,77.0,0.0,0.0,589.0,77.0,582.0,65.0,550.0,52.0,592.0,77.0,,,,,,,,0.0,0.0,0.0,0.0,0.0,0.0,0.0,0.0,0.0,27,0.0,0.0,0.0,0.0,0.0,0.0,0.0,0.0,0.0,0.0,0.0,0.0,0.0,0.0,0.0,0.0,3.0,0.0,0.0,0.0,0.0,0.0,0.0,0.0,0.0,0.0,0.0,0.0,0.0,0.0
86,David,Brooks,Brooks,a,,,5.0,244,149.0,0.2,392,129.0,0.4,346.0,154.0,1,0,0.0,0,0.0,107,70,0.1,9.0,0.4,0.4,2.0,328.0,144.0,100.0,100.0,257.0,109.0,83.0,62.0,38.0,22.0,100.0,61.0,5.0,3.0,,,,,,0.42,0.26,0.68,1.48,0.0,0.37,1.58,1.02,7.24,27,1.0,24.0,0.0,0.0,0.0,0.0,0.0,0.0,0.0,0.0,0.0,0.0,0.0,0.0,5.0,131.0,83.0,0.0,0.09999999999999964,0.020000000000000018,0.1200000000000001,1.799999999999999,5.599999999999994,10.5,10.0,2.6000000000000085,0.0,1.0,3.0,4.0
87,Ryan,Christie,Christie,a,,,4.9,293,182.0,0.1,559,205.0,1.2,256.0,112.0,1,0,0.0,-1,1.0,31,42,0.2,5.1,1.2,1.2,1.5,412.0,184.0,100.0,100.0,323.0,146.0,213.0,140.0,206.0,112.0,292.0,146.0,,,,,,,,0.26,0.07,0.33,2.19,0.0,0.0,1.88,0.38,10.36,27,1.0,24.0,0.0,0.0,0.0,0.0,0.0,0.0,0.0,0.0,0.0,0.0,0.0,0.0,6.0,34.0,49.0,0.0,0.0,0.0,0.0,1.799999999999999,4.799999999999997,1.7000000000000028,0.0,0.7000000000000028,2.0,0.0,3.0,5.0
88,Lewis,Cook,Cook,a,,,4.9,292,181.0,0.1,560,206.0,2.4,157.0,71.0,0,0,0.0,-1,1.0,64,117,0.5,7.8,2.4,2.4,2.4,288.0,124.0,100.0,100.0,253.0,107.0,168.0,116.0,395.0,196.0,275.0,137.0,,,,,,,,0.01,0.05,0.06,1.4,0.0,0.1,1.86,0.83,14.79,27,0.0,0.0,0.0,0.0,0.0,0.0,0.0,0.0,0.0,0.0,0.0,0.0,0.0,0.0,0.0,82.0,128.0,0.0,0.0,0.0,0.0,0.0,0.0,0.0,0.0,0.0,0.0,0.0,0.0,0.0
97,Francisco Evanilson,de Lima Barbosa,Evanilson,a,,,6.9,40,16.0,2.6,113,19.0,3.0,123.0,14.0,2,0,0.0,-1,1.0,3189,6089,0.4,11.4,3.0,3.0,3.2,166.0,15.0,100.0,100.0,208.0,16.0,93.0,3.0,15.0,10.0,45.0,10.0,,,,,,,,0.35,0.04,0.39,1.32,0.0,0.33,1.57,1.04,3.75,27,2.0,79.0,0.0,0.0,1.0,0.0,0.0,0.0,0.0,0.0,0.0,0.0,1.0,0.0,4.0,3644.0,7731.0,0.0,0.0,0.0,0.0,3.09,5.199999999999989,1.6000000000000227,4.0,1.1000000000000085,0.0,1.0,0.0,1.0
98,Enes,Ünal,Enes Ünal,a,,,5.4,161,42.0,0.0,597,81.0,1.0,281.0,35.0,1,0,0.0,-1,1.0,87,64,0.2,3.3,1.0,1.0,1.3,433.0,53.0,100.0,100.0,413.0,47.0,428.0,56.0,296.0,50.0,404.0,50.0,,,,,,,,0.63,0.03,0.66,1.93,0.0,0.0,1.19,0.0,5.36,27,1.0,1.0,0.0,0.0,0.0,0.0,0.0,0.0,0.0,0.0,0.0,0.0,0.0,0.0,2.0,91.0,68.0,0.0,0.0,0.0,0.0,0.10000000000000009,2.1999999999999957,0.10000000000000142,0.0,0.1999999999999993,0.0,1.0,0.0,1.0
99,Daniel,Adu-Adjei,Adu-Adjei,u,has joined HNK Rijeka permanently.,,4.4,567,83.0,0.1,430,63.0,0.0,610.0,66.0,0,0,0.0,-1,1.0,0,14,0.0,0.0,0.0,0.0,0.0,685.0,75.0,0.0,0.0,677.0,75.0,673.0,74.0,653.0,74.0,680.0,75.0,,,,,,,,0.0,0.0,0.0,0.0,0.0,0.0,0.0,0.0,0.0,27,0.0,0.0,0.0,0.0,0.0,0.0,0.0,0.0,0.0,0.0,0.0,0.0,0.0,0.0,0.0,0.0,16.0,0.0,0.0,0.0,0.0,0.0,0.0,0.0,0.0,0.0,0.0,0.0,0.0,0.0
782,Fraser,Forster,Forster,a,,,4.0,659,40.0,0.0,677,80.0,0.0,465.0,53.0,0,0,0.0,0,0.0,40,21,0.0,0.0,0.0,0.0,0.0,573.0,62.0,,,562.0,62.0,552.0,47.0,519.0,34.0,565.0,62.0,,,,,,,,0.0,0.0,0.0,0.0,0.0,0.0,0.0,0.0,0.0,27,0.0,0.0,0.0,0.0,0.0,0.0,0.0,0.0,0.0,0.0,0.0,0.0,0.0,0.0,0.0,43.0,22.0,0.0,0.0,0.0,0.0,0.0,0.0,0.0,0.0,0.0,0.0,0.0,0.0,0.0
799,Charlie,Stevens,Stevens,a,,,4.5,512,315.0,0.0,784,343.0,0.0,692.0,279.0,0,0,0.0,0,0.0,21,10,0.0,0.0,0.0,0.0,0.0,751.0,318.0,,,750.0,317.0,745.0,318.0,732.0,314.0,751.0,318.0,,,,,,,,0.0,0.0,0.0,0.0,0.0,0.0,0.0,0.0,0.0,27,0.0,0.0,0.0,0.0,0.0,0.0,0.0,0.0,0.0,0.0,0.0,0.0,0.0,0.0,0.0,23.0,10.0,0.0,0.0,0.0,0.0,0.0,0.0,0.0,0.0,0.0,0.0,0.0,0.0,0.0
801,Alex,Tóth,Tóth.A,a,,,5.0,282,175.0,0.0,757,323.0,0.6,319.0,144.0,0,0,0.0,0,0.0,9,18,0.1,0.6,0.6,0.6,1.0,494.0,229.0,,,470.0,214.0,383.0,195.0,412.0,201.0,451.0,204.0,,,,,,,,0.08,0.11,0.19,3.19,0.0,0.0,1.36,1.36,10.91,27,0.0,0.0,0.0,0.0,0.0,0.0,0.0,0.0,0.0,0.0,0.0,0.0,0.0,0.0,0.0,9.0,19.0,0.0,0.0,0.0,0.0,0.0,0.0,0.0,0.0,0.0,0.0,0.0,0.0,0.0
169,Diego,Gómez Amarilla,Gomez,a,,,4.9,342,210.0,0.2,401,134.0,3.0,113.0,52.0,10,0,0.0,-1,1.0,912,99,0.6,14.1,3.0,3.0,2.9,199.0,81.0,100.0,100.0,141.0,47.0,114.0,78.0,62.0,37.0,88.0,53.0,,3.0,,,,,,0.26,0.07,0.33,1.35,0.0,0.34,1.25,1.08,9.53,27,10.0,75.0,1.0,0.0,1.0,0.0,0.0,0.0,0.0,0.0,0.0,0.0,1.0,2.0,30.0,942.0,127.0,0.0,0.14999999999999947,0.010000000000000009,0.16000000000000014,1.1099999999999994,40.39999999999998,3.5999999999999943,23.0,6.700000000000003,3.0,2.0,5.0,10.0
789,Max,Merrick,Merrick,a,,,4.0,705,63.0,0.0,768,87.0,0.0,502.0,74.0,0,0,0.0,0,0.0,7,6,0.0,0.0,-0.5,1.0,0.0,608.0,82.0,,,597.0,82.0,590.0,70.0,558.0,57.0,600.0,82.0,,,,,,,,0.0,0.0,0.0,0.0,0.0,0.0,0.0,0.0,0.0,27,0.0,0.0,0.0,0.0,0.0,0.0,0.0,0.0,0.0,0.0,0.0,0.0,0.0,0.0,0.0,7.0,8.0,0.0,0.0,0.0,0.0,0.0,0.0,0.0,0.0,0.0,0.0,0.0,0.0,0.0
268,Cheick,Doucouré,Doucouré,i,Knee injury - Unknown return date,,4.9,328,203.0,0.0,792,350.0,0.0,732.0,308.0,0,0,0.0,-1,1.0,3,2,0.0,0.0,0.0,0.0,0.0,772.0,334.0,0.0,0.0,771.0,333.0,768.0,334.0,763.0,332.0,772.0,334.0,,,,,,,,0.0,0.0,0.0,0.0,0.0,0.0,0.0,0.0,0.0,27,0.0,0.0,0.0,0.0,0.0,0.0,0.0,0.0,0.0,0.0,0.0,0.0,0.0,0.0,0.0,3.0,2.0,0.0,0.0,0.0,0.0,0.0,0.0,0.0,0.0,0.0,0.0,0.0,0.0,0.0
269,Romain,Esse,Esse,u,has joined Coventry City on loan for the rest of the season.,,4.7,394,247.0,0.1,451,154.0,0.0,705.0,289.0,0,0,0.0,-3,3.0,0,26,0.0,0.9,0.0,0.0,1.0,485.0,223.0,0.0,0.0,463.0,210.0,449.0,216.0,422.0,205.0,472.0,216.0,,,,,,,,0.0,0.09,0.09,3.92,0.0,0.0,0.0,0.0,11.25,27,0.0,0.0,0.0,0.0,0.0,0.0,0.0,0.0,0.0,0.0,0.0,0.0,0.0,0.0,0.0,0.0,29.0,0.0,0.0,0.0,0.0,0.0,0.0,0.0,0.0,0.0,0.0,0.0,0.0,0.0
737,Jonah,Kusi-Asare,Kusi-Asare,a,,,4.5,509,75.0,0.1,476,69.0,0.0,690.0,75.0,0,0,0.0,0,0.0,116,104,0.0,0.9,0.0,0.0,0.8,507.0,62.0,,,491.0,59.0,410.0,55.0,411.0,57.0,465.0,57.0,,,,,,,,0.0,0.21,0.21,2.25,0.0,0.0,6.0,0.0,6.0,27,0.0,0.0,0.0,0.0,0.0,0.0,0.0,0.0,0.0,0.0,0.0,0.0,0.0,0.0,0.0,132.0,113.0,0.0,0.0,0.0,0.0,0.0,0.0,0.0,0.0,0.0,0.0,0.0,0.0,0.0
770,Seth,Ridgeon,Ridgeon,a,,,4.5,504,311.0,0.0,779,339.0,0.0,686.0,276.0,0,0,0.0,0,0.0,8,11,0.0,0.0,0.0,0.0,0.0,746.0,315.0,,,745.0,314.0,740.0,315.0,727.0,311.0,746.0,315.0,,,,,,,,0.0,0.0,0.0,0.0,0.0,0.0,0.0,0.0,0.0,27,0.0,0.0,0.0,0.0,0.0,0.0,0.0,0.0,0.0,0.0,0.0,0.0,0.0,0.0,0.0,10.0,11.0,0.0,0.0,0.0,0.0,0.0,0.0,0.0,0.0,0.0,0.0,0.0,0.0,0.0
168,Facundo,Buonanotte,Buonanotte,a,,,4.6,402,249.0,0.1,483,170.0,0.2,375.0,164.0,0,0,0.0,-4,4.0,58,65,0.0,0.4,-0.3,0.2,0.7,510.0,240.0,100.0,100.0,468.0,212.0,378.0,193.0,381.0,192.0,444.0,199.0,,,,,,,,0.05,0.13,0.18,2.43,0.0,0.0,2.61,1.3,6.52,27,0.0,0.0,0.0,0.0,0.0,0.0,0.0,0.0,0.0,0.0,0.0,0.0,0.0,0.0,0.0,72.0,76.0,0.0,0.0,0.0,0.0,0.0,0.0,0.0,0.0,0.0,0.0,0.0,0.0,0.0
356,Ilia,Gruev,Gruev,a,,,4.7,390,244.0,0.1,437,148.0,3.4,84.0,39.0,1,0,0.0,-3,3.0,184,291,0.7,10.2,2.9,3.4,2.7,236.0,96.0,,,266.0,113.0,190.0,126.0,294.0,159.0,282.0,141.0,,,,,,,,0.04,0.06,0.1,1.8,0.0,0.32,1.78,1.05,8.19,27,1.0,90.0,0.0,0.0,0.0,1.0,0.0,0.0,0.0,1.0,0.0,0.0,1.0,0.0,0.0,236.0,314.0,0.0,0.08000000000000002,0.010000000000000009,0.09000000000000008,1.4600000000000009,4.199999999999989,1.299999999999983,7.0,1.3000000000000043,3.0,4.0,1.0,8.0
349,Isaac,Schmidt,Schmidt,u,has joined Werder Bremen on loan for the rest of the season.,,4.0,693,177.0,0.1,551,198.0,0.0,492.0,193.0,0,0,0.0,0,0.0,0,8,0.0,0.0,0.0,0.0,0.0,599.0,221.0,0.0,0.0,588.0,220.0,581.0,220.0,549.0,214.0,591.0,220.0,,,,,,,,0.0,0.0,0.0,0.0,0.0,0.0,0.0,0.0,0.0,27,0.0,0.0,0.0,0.0,0.0,0.0,0.0,0.0,0.0,0.0,0.0,0.0,0.0,0.0,0.0,0.0,8.0,0.0,0.0,0.0,0.0,0.0,0.0,0.0,0.0,0.0,0.0,0.0,0.0,0.0
350,Brenden,Aaronson,Aaronson,a,,,5.4,172,106.0,0.7,221,76.0,2.8,129.0,62.0,3,0,0.0,-1,1.0,595,1706,0.5,18.7,2.3,2.8,3.9,84.0,40.0,,,115.0,37.0,70.0,54.0,47.0,28.0,50.0,34.0,,,,,,,,0.18,0.15,0.33,1.36,0.0,0.37,1.3,1.04,8.19,27,3.0,72.0,0.0,0.0,1.0,0.0,0.0,0.0,0.0,0.0,0.0,0.0,1.0,0.0,8.0,746.0,2042.0,0.0,0.0,0.009999999999999787,0.010000000000000675,0.9500000000000028,3.400000000000034,2.1999999999999886,2.0,0.8000000000000114,1.0,1.0,3.0,5.0
362,Joël,Piroe,Piroe,a,,,4.9,321,58.0,0.3,294,46.0,0.2,379.0,50.0,0,0,0.0,-6,6.0,51,109,0.0,2.4,-0.3,0.2,1.1,443.0,55.0,100.0,100.0,461.0,55.0,386.0,50.0,251.0,45.0,400.0,49.0,,,2.0,,,,,0.28,0.03,0.31,2.32,0.0,0.44,3.06,0.87,4.37,27,0.0,0.0,0.0,0.0,0.0,0.0,0.0,0.0,0.0,0.0,0.0,0.0,0.0,0.0,0.0,58.0,121.0,0.0,0.0,0.0,0.0,0.0,0.0,0.0,0.0,0.0,0.0,0.0,0.0,0.0
363,Patrick,Bamford,Bamford,u,has departed the club as a free agent.,,4.9,289,57.0,0.3,302,48.0,0.0,716.0,77.0,0,0,0.0,-1,1.0,0,24,0.0,0.0,0.0,0.0,0.0,762.0,85.0,0.0,0.0,761.0,85.0,758.0,84.0,752.0,84.0,762.0,85.0,,,,,,,,0.0,0.0,0.0,0.0,0.0,0.0,0.0,0.0,0.0,27,0.0,0.0,0.0,0.0,0.0,0.0,0.0,0.0,0.0,0.0,0.0,0.0,0.0,0.0,0.0,0.0,26.0,0.0,0.0,0.0,0.0,0.0,0.0,0.0,0.0,0.0,0.0,0.0,0.0,0.0
364,Mateo,Joseph Fernández-Regatillo,Mateo Joseph,u,Has joined RCD Mallorca on loan for the rest of the season.,,5.0,278,56.0,0.0,740,90.0,0.0,757.0,82.0,0,0,0.0,0,0.0,0,0,0.0,0.0,0.0,0.0,0.0,789.0,88.0,0.0,0.0,788.0,88.0,787.0,88.0,783.0,88.0,789.0,88.0,,,,,,,,0.0,0.0,0.0,0.0,0.0,0.0,0.0,0.0,0.0,27,0.0,0.0,0.0,0.0,0.0,0.0,0.0,0.0,0.0,0.0,0.0,0.0,0.0,0.0,0.0,0.0,0.0,0.0,0.0,0.0,0.0,0.0,0.0,0.0,0.0,0.0,0.0,0.0,0.0,0.0
381,Mohamed,Salah,M.Salah,a,,,14.0,2,1.0,14.2,24,9.0,4.2,53.0,26.0,3,0,0.0,-5,5.0,3287,2260,0.3,6.1,4.7,4.7,4.5,36.0,18.0,100.0,100.0,135.0,43.0,15.0,15.0,17.0,7.0,19.0,15.0,,4.0,1.0,,,,,0.35,0.22,0.57,1.33,0.0,0.33,1.51,0.95,3.74,27,3.0,76.0,0.0,0.0,1.0,0.0,0.0,0.0,0.0,0.0,0.0,0.0,1.0,0.0,11.0,3587.0,2422.0,0.0,0.0,0.22999999999999998,0.23000000000000043,0.990000000000002,1.8000000000000114,14.899999999999977,2.0,1.9000000000000057,0.0,0.0,3.0,3.0
382,Florian,Wirtz,Wirtz,d,Back injury - 75% chance of playing,,8.4,12,7.0,13.8,27,10.0,3.8,68.0,33.0,0,0,0.0,-1,1.0,21000,23477,0.5,11.9,3.2,4.3,4.0,78.0,37.0,75.0,100.0,97.0,30.0,7.0,7.0,21.0,9.0,15.0,11.0,4.0,,,,,,,0.27,0.2,0.47,1.16,0.0,0.39,1.12,1.02,6.47,27,0.0,0.0,0.0,0.0,0.0,0.0,0.0,0.0,0.0,0.0,0.0,0.0,0.0,0.0,0.0,23961.0,25146.0,0.0,0.0,0.0,0.0,0.0,0.0,0.0,0.0,0.0,0.0,0.0,0.0,0.0
403,Joško,Gvardiol,Gvardiol,i,Leg injury - Unknown return date,,5.9,101,7.0,3.4,97,34.0,0.0,802.0,265.0,0,0,0.0,-1,1.0,30,1796,0.0,13.1,0.0,0.0,4.8,21.0,6.0,0.0,0.0,132.0,60.0,242.0,68.0,129.0,24.0,173.0,56.0,,,,,,,,0.15,0.04,0.19,1.06,0.0,0.42,0.9,1.04,6.85,27,0.0,0.0,0.0,0.0,0.0,0.0,0.0,0.0,0.0,0.0,0.0,0.0,0.0,0.0,0.0,33.0,1986.0,0.0,0.0,0.0,0.0,0.0,0.0,0.0,0.0,0.0,0.0,0.0,0.0,0.0
404,Manuel,Akanji,Akanji,u,has joined Inter Milan on loan for the rest of the season.,,5.4,168,19.0,0.3,338,121.0,0.0,779.0,262.0,0,0,0.0,-1,1.0,0,20,0.0,0.0,0.0,0.0,0.0,797.0,264.0,0.0,0.0,797.0,264.0,796.0,264.0,794.0,264.0,797.0,264.0,,,,,,,,0.0,0.0,0.0,0.0,0.0,0.0,0.0,0.0,0.0,27,0.0,0.0,0.0,0.0,0.0,0.0,0.0,0.0,0.0,0.0,0.0,0.0,0.0,0.0,0.0,0.0,21.0,0.0,0.0,0.0,0.0,0.0,0.0,0.0,0.0,0.0,0.0,0.0,0.0,0.0
405,Nathan,Aké,Aké,a,,,5.3,187,23.0,0.6,238,90.0,0.2,390.0,143.0,0,0,0.0,-2,2.0,77,247,0.0,4.9,0.7,0.7,2.0,331.0,123.0,,,346.0,131.0,264.0,81.0,362.0,121.0,355.0,121.0,,,,,,,,0.05,0.08,0.13,1.46,0.0,0.37,1.3,0.74,6.87,27,0.0,0.0,0.0,0.0,0.0,0.0,0.0,0.0,0.0,0.0,0.0,0.0,0.0,0.0,0.0,82.0,260.0,0.0,0.0,0.0,0.0,0.0,0.0,0.0,0.0,0.0,0.0,0.0,0.0,0.0
442,Harry,Maguire,Maguire,a,,,4.3,573,121.0,1.7,147,58.0,2.6,139.0,46.0,0,0,0.0,-2,2.0,1622,1146,0.6,12.1,3.1,3.1,4.0,60.0,25.0,100.0,100.0,272.0,110.0,388.0,139.0,244.0,67.0,329.0,114.0,,,,,,,,0.09,0.01,0.1,1.33,0.0,0.47,1.05,1.05,7.38,27,0.0,0.0,0.0,0.0,0.0,0.0,0.0,0.0,0.0,0.0,0.0,0.0,0.0,0.0,0.0,1884.0,1349.0,0.0,0.0,0.0,0.0,0.0,0.0,0.0,0.0,0.0,0.0,0.0,0.0,0.0
464,Jack,Moorhouse,Moorhouse,u,has joined Leyton Orient on loan for the rest of the season.,,4.5,472,287.0,0.0,689,283.0,0.0,658.0,254.0,0,0,0.0,0,0.0,0,1,0.0,0.0,0.0,0.0,0.0,723.0,298.0,0.0,0.0,719.0,295.0,715.0,297.0,700.0,291.0,721.0,297.0,,,,,,,,0.0,0.0,0.0,0.0,0.0,0.0,0.0,0.0,0.0,27,0.0,0.0,0.0,0.0,0.0,0.0,0.0,0.0,0.0,0.0,0.0,0.0,0.0,0.0,0.0,0.0,2.0,0.0,0.0,0.0,0.0,0.0,0.0,0.0,0.0,0.0,0.0,0.0,0.0,0.0
465,Rasmus,Højlund,Højlund,u,has joined Napoli on loan for the rest of the season.,,6.3,70,22.0,0.3,339,56.0,0.0,806.0,88.0,0,0,0.0,-2,2.0,0,12,0.0,0.0,0.0,0.0,0.0,811.0,90.0,0.0,0.0,811.0,90.0,811.0,90.0,811.0,90.0,811.0,90.0,,,,,,,,0.0,0.0,0.0,0.0,0.0,0.0,0.0,0.0,0.0,27,0.0,0.0,0.0,0.0,0.0,0.0,0.0,0.0,0.0,0.0,0.0,0.0,0.0,0.0,0.0,0.0,12.0,0.0,0.0,0.0,0.0,0.0,0.0,0.0,0.0,0.0,0.0,0.0,0.0,0.0
466,Joshua,Zirkzee,Zirkzee,a,,,5.8,109,31.0,0.4,274,44.0,0.4,350.0,46.0,0,0,0.0,-2,2.0,150,175,0.1,6.0,0.9,0.9,2.2,311.0,34.0,100.0,100.0,304.0,29.0,205.0,20.0,151.0,36.0,260.0,30.0,,,,,,,,0.34,0.05,0.39,1.28,0.0,0.18,1.28,0.73,6.59,27,0.0,0.0,0.0,0.0,0.0,0.0,0.0,0.0,0.0,0.0,0.0,0.0,0.0,0.0,0.0,159.0,191.0,0.0,0.0,0.0,0.0,0.0,0.0,0.0,0.0,0.0,0.0,0.0,0.0,0.0
467,Chido,Obi,Obi,a,,,4.2,646,90.0,1.6,152,24.0,0.0,545.0,54.0,0,0,0.0,-3,3.0,286,1018,0.0,0.0,0.5,0.5,0.0,639.0,64.0,,,629.0,64.0,624.0,63.0,598.0,63.0,632.0,64.0,,,,,,,,0.0,0.0,0.0,0.0,0.0,0.0,0.0,0.0,0.0,27,0.0,0.0,0.0,0.0,0.0,0.0,0.0,0.0,0.0,0.0,0.0,0.0,0.0,0.0,0.0,346.0,1214.0,0.0,0.0,0.0,0.0,0.0,0.0,0.0,0.0,0.0,0.0,0.0,0.0,0.0
468,Ethan,Wheatley,Wheatley,u,has joined Bradford City on loan for the rest of the season.,,4.5,479,68.0,0.1,508,71.0,0.0,664.0,68.0,0,0,0.0,0,0.0,0,16,0.0,0.0,0.0,0.0,0.0,728.0,77.0,0.0,0.0,725.0,77.0,721.0,76.0,707.0,76.0,727.0,77.0,,,,,,,,0.0,0.0,0.0,0.0,0.0,0.0,0.0,0.0,0.0,27,0.0,0.0,0.0,0.0,0.0,0.0,0.0,0.0,0.0,0.0,0.0,0.0,0.0,0.0,0.0,0.0,18.0,0.0,0.0,0.0,0.0,0.0,0.0,0.0,0.0,0.0,0.0,0.0,0.0,0.0
681,Benjamin,Sesko,Šeško,a,,,7.2,32,13.0,3.5,93,17.0,3.2,107.0,11.0,0,0,0.0,-3,3.0,3442,1316,0.4,9.9,3.7,3.7,3.4,139.0,13.0,100.0,100.0,183.0,15.0,214.0,21.0,19.0,12.0,80.0,14.0,,,,,,,,0.48,0.02,0.5,1.42,0.0,0.08,1.88,0.9,3.77,27,0.0,0.0,0.0,0.0,0.0,0.0,0.0,0.0,0.0,0.0,0.0,0.0,0.0,0.0,0.0,3846.0,1474.0,0.0,0.0,0.0,0.0,0.0,0.0,0.0,0.0,0.0,0.0,0.0,0.0,0.0
346,Sam,Byram,Byram,a,,,3.8,785,234.0,0.2,381,140.0,0.0,404.0,150.0,0,0,0.0,-2,2.0,19,67,0.0,0.3,-0.5,0.0,1.0,446.0,159.0,,,507.0,183.0,493.0,180.0,458.0,171.0,510.0,183.0,,,,,,,,0.0,0.0,0.0,10.16,0.0,0.0,12.86,0.0,0.0,27,0.0,0.0,0.0,0.0,0.0,0.0,0.0,0.0,0.0,0.0,0.0,0.0,0.0,0.0,0.0,24.0,72.0,0.0,0.0,0.0,0.0,0.0,0.0,0.0,0.0,0.0,0.0,0.0,0.0,0.0
570,Kevin,Danso,Danso,i,Toe Injury - Unknown return date,,4.2,628,142.0,0.1,438,162.0,0.2,366.0,135.0,0,0,0.0,-3,3.0,4,71,0.0,6.4,0.0,0.0,2.1,315.0,114.0,0.0,0.0,258.0,104.0,427.0,154.0,407.0,150.0,358.0,122.0,,,,,,,,0.0,0.02,0.02,1.46,0.0,0.27,1.64,1.09,12.72,27,0.0,0.0,0.0,0.0,0.0,0.0,0.0,0.0,0.0,0.0,0.0,0.0,0.0,0.0,0.0,4.0,78.0,0.0,0.0,0.0,0.0,0.0,0.0,0.0,0.0,0.0,0.0,0.0,0.0,0.0
571,Ben,Davies,Davies,i,Ankle injury - Unknown return date,,4.3,577,125.0,0.1,543,194.0,0.0,551.0,233.0,0,0,0.0,-2,2.0,2,19,0.0,2.3,0.0,0.0,3.3,142.0,53.0,0.0,0.0,385.0,147.0,385.0,137.0,313.0,99.0,388.0,139.0,,,,,,,,0.32,0.05,0.37,0.73,0.0,0.0,1.99,1.32,9.26,27,0.0,0.0,0.0,0.0,0.0,0.0,0.0,0.0,0.0,0.0,0.0,0.0,0.0,0.0,0.0,2.0,21.0,0.0,0.0,0.0,0.0,0.0,0.0,0.0,0.0,0.0,0.0,0.0,0.0,0.0
573,Djed,Spence,Spence,a,,,4.2,635,147.0,1.0,196,75.0,0.2,368.0,137.0,0,0,0.0,-3,3.0,314,403,0.0,13.1,0.2,-0.8,2.5,268.0,105.0,100.0,100.0,220.0,84.0,162.0,39.0,170.0,38.0,205.0,68.0,,,,,,,,0.04,0.09,0.13,1.5,0.0,0.37,1.44,1.01,4.75,27,0.0,90.0,0.0,0.0,0.0,4.0,0.0,0.0,0.0,0.0,0.0,0.0,1.0,0.0,214.0,346.0,496.0,0.0,0.0,0.33000000000000007,0.3299999999999996,1.9300000000000033,8.399999999999977,17.5,4.0,3.0,2.0,3.0,3.0,5.0
595,Callum,Olusesi,Olusesi,a,,,4.3,600,351.0,0.2,367,122.0,0.0,561.0,189.0,0,0,0.0,-2,2.0,102,62,0.0,0.0,0.0,-1.0,0.0,648.0,245.0,,,637.0,235.0,633.0,241.0,609.0,229.0,640.0,238.0,,,,,,,,0.0,0.0,0.0,0.0,0.0,0.0,0.0,0.0,0.0,27,0.0,0.0,0.0,0.0,0.0,0.0,0.0,0.0,0.0,0.0,0.0,0.0,0.0,0.0,0.0,117.0,67.0,0.0,0.0,0.0,0.0,0.0,0.0,0.0,0.0,0.0,0.0,0.0,0.0,0.0
596,Dominic,Solanke-Mitchell,Solanke,a,,,7.2,29,12.0,1.3,168,28.0,3.8,67.0,7.0,1,0,0.0,-3,3.0,1629,1699,0.5,3.1,3.8,2.8,2.8,231.0,24.0,100.0,100.0,334.0,33.0,352.0,43.0,180.0,39.0,327.0,38.0,,,2.0,,,,,0.25,0.04,0.29,1.8,0.0,0.0,1.86,0.83,6.41,27,1.0,28.0,0.0,0.0,0.0,1.0,0.0,0.0,0.0,0.0,0.0,0.0,0.0,0.0,6.0,1803.0,2128.0,0.0,0.0,0.010000000000000009,0.010000000000000009,0.27000000000000135,5.200000000000003,1.0999999999999943,0.0,0.5999999999999979,2.0,1.0,1.0,4.0
597,Richarlison,de Andrade,Richarlison,a,,,6.3,67,21.0,5.4,68,13.0,0.2,395.0,51.0,1,0,0.0,-2,2.0,107,1695,0.0,12.1,0.2,0.0,3.5,127.0,10.0,100.0,0.0,109.0,9.0,184.0,17.0,22.0,13.0,60.0,12.0,,,3.0,,,,,0.36,0.08,0.44,1.26,0.0,0.35,1.39,0.9,6.86,27,1.0,22.0,0.0,0.0,0.0,1.0,0.0,0.0,0.0,0.0,0.0,0.0,0.0,0.0,7.0,110.0,1845.0,0.0,0.39000000000000057,0.0,0.39000000000000057,0.240000000000002,5.0,0.0,50.0,5.5,0.0,0.0,1.0,1.0
598,Will,Lankshear,Lankshear,u,has joined Oxford United on loan for the rest of the season.,,4.5,469,67.0,0.0,672,87.0,0.0,655.0,67.0,0,0,0.0,0,0.0,0,2,0.0,0.0,0.0,0.0,0.0,721.0,76.0,0.0,0.0,716.0,76.0,712.0,75.0,697.0,75.0,718.0,76.0,,,,,,,,0.0,0.0,0.0,0.0,0.0,0.0,0.0,0.0,0.0,27,0.0,0.0,0.0,0.0,0.0,0.0,0.0,0.0,0.0,0.0,0.0,0.0,0.0,0.0,0.0,0.0,2.0,0.0,0.0,0.0,0.0,0.0,0.0,0.0,0.0,0.0,0.0,0.0,0.0,0.0
750,James,Rowswell,Rowswell,a,,,4.0,696,179.0,0.0,651,229.0,0.0,495.0,195.0,0,0,0.0,0,0.0,12,19,0.0,0.0,0.0,-1.0,0.0,601.0,222.0,,,590.0,221.0,583.0,221.0,551.0,215.0,593.0,221.0,,,,,,,,0.0,0.0,0.0,0.0,0.0,0.0,0.0,0.0,0.0,27,0.0,0.0,0.0,0.0,0.0,0.0,0.0,0.0,0.0,0.0,0.0,0.0,0.0,0.0,0.0,14.0,19.0,0.0,0.0,0.0,0.0,0.0,0.0,0.0,0.0,0.0,0.0,0.0,0.0,0.0
751,Yusuf,Akhamrich,Akhamrich,u,has joined Bristol Rovers on loan for the rest of the season.,,4.5,488,299.0,0.0,773,335.0,0.0,673.0,266.0,0,0,0.0,0,0.0,0,4,0.0,0.0,0.0,0.0,0.0,734.0,306.0,0.0,0.0,732.0,304.0,727.0,305.0,714.0,301.0,733.0,305.0,,,,,,,,0.0,0.0,0.0,0.0,0.0,0.0,0.0,0.0,0.0,27,0.0,0.0,0.0,0.0,0.0,0.0,0.0,0.0,0.0,0.0,0.0,0.0,0.0,0.0,0.0,0.0,4.0,0.0,0.0,0.0,0.0,0.0,0.0,0.0,0.0,0.0,0.0,0.0,0.0,0.0
659,Kyle,Walker-Peters,Walker-Peters,a,,,4.2,630,143.0,0.2,344,123.0,0.4,333.0,119.0,0,0,0.0,-3,3.0,44,119,0.1,7.6,-0.1,0.4,1.8,353.0,130.0,,,255.0,103.0,269.0,84.0,237.0,62.0,284.0,95.0,,,,,,,,0.11,0.02,0.13,1.99,0.0,0.09,2.08,0.94,6.79,27,0.0,0.0,0.0,0.0,0.0,0.0,0.0,0.0,0.0,0.0,0.0,0.0,0.0,0.0,0.0,53.0,140.0,0.0,0.0,0.0,0.0,0.0,0.0,0.0,0.0,0.0,0.0,0.0,0.0,0.0
738,Lukasz,Fabianski,Fabianski,d,Back injury - 25% chance of playing,,4.5,405,20.0,0.0,632,79.0,0.0,614.0,87.0,0,0,0.0,0,0.0,8,15,0.0,0.0,-0.1,0.0,0.0,687.0,91.0,25.0,25.0,680.0,91.0,675.0,83.0,656.0,73.0,683.0,91.0,,,,,,,,0.0,0.0,0.0,0.0,0.0,0.0,0.0,0.0,0.0,27,0.0,0.0,0.0,0.0,0.0,0.0,0.0,0.0,0.0,0.0,0.0,0.0,0.0,0.0,0.0,8.0,19.0,0.0,0.0,0.0,0.0,0.0,0.0,0.0,0.0,0.0,0.0,0.0,0.0,0.0
747,Ezra,Mayers,Mayers,a,,,4.0,724,200.0,0.0,635,225.0,0.0,521.0,214.0,0,0,0.0,0,0.0,11,22,0.0,1.2,-0.5,0.0,1.0,454.0,166.0,,,441.0,165.0,365.0,129.0,404.0,148.0,437.0,158.0,,,,,,,,0.1,0.35,0.45,2.25,0.0,0.0,2.41,0.0,4.02,27,0.0,0.0,0.0,0.0,0.0,0.0,0.0,0.0,0.0,0.0,0.0,0.0,0.0,0.0,0.0,15.0,25.0,0.0,0.0,0.0,0.0,0.0,0.0,0.0,0.0,0.0,0.0,0.0,0.0,0.0
372,Andrew,Robertson,Robertson,a,,,5.7,114,10.0,1.0,195,74.0,2.0,204.0,72.0,1,0,0.0,-3,3.0,348,233,0.4,6.0,2.5,2.5,2.1,321.0,118.0,,,311.0,117.0,131.0,33.0,297.0,87.0,271.0,90.0,,,,,,,,0.03,0.13,0.16,1.19,0.0,0.43,1.13,0.71,4.68,27,1.0,7.0,0.0,0.0,0.0,0.0,0.0,0.0,0.0,0.0,0.0,0.0,0.0,0.0,3.0,380.0,249.0,0.0,0.0,0.029999999999999916,0.029999999999999805,0.2699999999999996,5.400000000000006,0.09999999999999432,0.0,0.6000000000000014,0.0,1.0,0.0,1.0
53,Donyell,Malen,Malen,u,has joined Roma on loan for the rest of the season.,,5.1,228,140.0,0.4,275,96.0,0.0,762.0,329.0,0,0,0.0,-4,4.0,0,202,0.0,10.8,0.0,0.0,2.6,257.0,107.0,0.0,0.0,263.0,110.0,250.0,153.0,74.0,45.0,211.0,104.0,,,,,,,,0.57,0.05,0.62,1.49,0.0,0.14,1.41,0.7,2.25,27,0.0,0.0,0.0,0.0,0.0,0.0,0.0,0.0,0.0,0.0,0.0,0.0,0.0,0.0,0.0,0.0,228.0,0.0,0.0,0.0,0.0,0.0,0.0,0.0,0.0,0.0,0.0,0.0,0.0,0.0
768,Leon,Routh,Leon Routh,a,,,4.0,736,212.0,0.0,717,248.0,0.0,529.0,222.0,0,0,0.0,0,0.0,8,14,0.0,0.0,0.5,0.0,0.0,632.0,246.0,,,621.0,245.0,614.0,245.0,585.0,242.0,624.0,245.0,,,,,,,,0.0,0.0,0.0,0.0,0.0,0.0,0.0,0.0,0.0,27,0.0,0.0,0.0,0.0,0.0,0.0,0.0,0.0,0.0,0.0,0.0,0.0,0.0,0.0,0.0,8.0,15.0,0.0,0.0,0.0,0.0,0.0,0.0,0.0,0.0,0.0,0.0,0.0,0.0,0.0
792,Alysson Edward Franco,da Rocha dos Santos,Alysson,i,Knock - Unknown return date,,5.0,284,176.0,0.0,809,360.0,0.2,381.0,168.0,0,0,0.0,0,0.0,3,8,0.0,0.2,0.0,0.0,1.0,495.0,230.0,0.0,0.0,793.0,349.0,472.0,228.0,432.0,214.0,486.0,224.0,,,,,,,,0.0,0.06,0.06,0.62,0.0,0.0,0.0,0.0,5.62,27,0.0,0.0,0.0,0.0,0.0,0.0,0.0,0.0,0.0,0.0,0.0,0.0,0.0,0.0,0.0,3.0,8.0,0.0,0.0,0.0,0.0,0.0,0.0,0.0,0.0,0.0,0.0,0.0,0.0,0.0
808,Tammy,Abraham,Abraham,a,,,6.0,87,27.0,0.3,313,50.0,2.8,131.0,16.0,7,0,0.0,0,0.0,6370,585,0.5,1.8,3.3,2.8,2.8,229.0,23.0,,,410.0,46.0,399.0,53.0,269.0,47.0,392.0,46.0,,,,,,,,0.65,0.06,0.71,0.82,0.0,0.0,0.73,0.73,3.63,27,7.0,15.0,1.0,0.0,0.0,0.0,0.0,0.0,0.0,0.0,0.0,0.0,0.0,2.0,29.0,6560.0,706.0,0.0,0.25,0.0,0.25,0.2899999999999999,33.2,1.3000000000000007,33.0,6.800000000000001,0.0,0.0,1.0,1.0
183,Max,Weiß,Weiss,a,,,4.3,604,30.0,0.1,450,66.0,0.0,564.0,85.0,0,0,0.0,-2,2.0,44,31,0.0,0.0,-0.5,-1.0,0.0,650.0,90.0,,,639.0,90.0,636.0,82.0,612.0,71.0,642.0,90.0,,,,,,,,0.0,0.0,0.0,0.0,0.0,0.0,0.0,0.0,0.0,27,0.0,0.0,0.0,0.0,0.0,0.0,0.0,0.0,0.0,0.0,0.0,0.0,0.0,0.0,0.0,50.0,31.0,0.0,0.0,0.0,0.0,0.0,0.0,0.0,0.0,0.0,0.0,0.0,0.0,0.0
194,Jordan,Beyer,Jordan,i,Hamstring injury - Unknown return date,,3.9,755,217.0,0.1,562,202.0,0.0,440.0,171.0,0,0,0.0,-1,1.0,6,11,0.0,0.0,0.0,0.0,0.0,549.0,200.0,0.0,0.0,538.0,199.0,528.0,199.0,494.0,191.0,541.0,199.0,,,,,,,,0.0,0.0,0.0,0.0,0.0,0.0,0.0,0.0,0.0,27,0.0,0.0,0.0,0.0,0.0,0.0,0.0,0.0,0.0,0.0,0.0,0.0,0.0,0.0,0.0,7.0,13.0,0.0,0.0,0.0,0.0,0.0,0.0,0.0,0.0,0.0,0.0,0.0,0.0,0.0
195,Lucas,Pires Silva,Lucas Pires,a,,,3.8,808,256.0,0.3,312,115.0,0.8,288.0,101.0,1,0,0.0,-2,2.0,132,185,0.2,4.5,0.3,-0.2,1.4,418.0,149.0,100.0,100.0,293.0,113.0,169.0,40.0,306.0,93.0,283.0,94.0,,,,,,,,0.03,0.1,0.13,1.83,0.0,0.1,1.89,0.99,6.56,27,1.0,45.0,0.0,0.0,0.0,0.0,0.0,0.0,0.0,0.0,0.0,0.0,0.0,0.0,7.0,153.0,205.0,0.0,0.0,0.020000000000000018,0.020000000000000018,0.6799999999999997,9.599999999999994,11.800000000000011,0.0,2.1000000000000014,0.0,5.0,5.0,5.0
207,Hannibal,Mejbri,Hannibal,a,,,4.7,388,242.0,0.1,458,157.0,2.8,126.0,60.0,1,0,0.0,-3,3.0,172,55,0.6,7.9,2.3,1.8,1.9,340.0,148.0,100.0,100.0,313.0,143.0,178.0,120.0,265.0,145.0,287.0,142.0,,4.0,,,,,,0.06,0.13,0.19,2.22,0.0,0.12,2.12,1.0,8.38,27,1.0,90.0,0.0,0.0,0.0,1.0,0.0,0.0,0.0,1.0,0.0,0.0,1.0,0.0,13.0,200.0,60.0,0.0,0.06,0.030000000000000027,0.09000000000000008,1.9900000000000002,9.800000000000011,3.3000000000000114,24.0,3.700000000000003,1.0,1.0,6.0,8.0
208,Luca,Koleosho,Koleosho,u,has joined Paris FC on loan for the rest of the season.,,5.0,267,161.0,0.0,733,308.0,0.0,752.0,321.0,0,0,0.0,0,0.0,0,1,0.0,0.0,0.0,0.0,0.0,786.0,344.0,0.0,0.0,785.0,343.0,784.0,344.0,780.0,342.0,786.0,344.0,,,,,,,,0.0,0.0,0.0,0.0,0.0,0.0,0.0,0.0,0.0,27,0.0,0.0,0.0,0.0,0.0,0.0,0.0,0.0,0.0,0.0,0.0,0.0,0.0,0.0,0.0,0.0,1.0,0.0,0.0,0.0,0.0,0.0,0.0,0.0,0.0,0.0,0.0,0.0,0.0,0.0
200,Jaidon,Anthony,Anthony,a,,,5.0,259,158.0,1.8,143,46.0,3.0,114.0,53.0,2,0,0.0,-5,5.0,620,707,0.6,17.2,2.5,2.0,3.3,149.0,64.0,100.0,100.0,98.0,31.0,55.0,45.0,52.0,32.0,47.0,32.0,2.0,,,,,,,0.16,0.09,0.25,1.97,0.0,0.15,1.91,1.08,8.19,27,2.0,83.0,0.0,0.0,0.0,1.0,0.0,0.0,0.0,0.0,0.0,0.0,1.0,0.0,5.0,727.0,813.0,0.0,0.10999999999999988,0.1100000000000001,0.22000000000000064,1.9200000000000017,4.600000000000023,25.600000000000023,6.0,3.5999999999999943,0.0,2.0,3.0,5.0
201,Manuel,Benson Hedilazio,Benson,u,has joined Maccabi Haifa permanently.,,5.4,162,99.0,0.0,704,294.0,0.0,777.0,339.0,0,0,0.0,-1,1.0,0,0,0.0,0.0,0.0,0.0,0.0,796.0,351.0,0.0,0.0,796.0,351.0,795.0,351.0,793.0,350.0,796.0,351.0,,,,,,,,0.0,0.0,0.0,0.0,0.0,0.0,0.0,0.0,0.0,27,0.0,0.0,0.0,0.0,0.0,0.0,0.0,0.0,0.0,0.0,0.0,0.0,0.0,0.0,0.0,0.0,0.0,0.0,0.0,0.0,0.0,0.0,0.0,0.0,0.0,0.0,0.0,0.0,0.0,0.0
114,Benjamin,Arthur,Arthur,u,has joined Celtic on loan for the rest of the season.,,3.8,813,260.0,0.2,378,139.0,0.0,425.0,169.0,0,0,0.0,-2,2.0,0,74,0.0,0.0,0.0,0.0,0.0,535.0,199.0,0.0,0.0,524.0,198.0,513.0,198.0,479.0,190.0,527.0,198.0,,,,,,,,0.0,0.0,0.0,0.0,0.0,0.0,0.0,0.0,0.0,27,0.0,0.0,0.0,0.0,0.0,0.0,0.0,0.0,0.0,0.0,0.0,0.0,0.0,0.0,0.0,0.0,84.0,0.0,0.0,0.0,0.0,0.0,0.0,0.0,0.0,0.0,0.0,0.0,0.0,0.0
115,Benjamin,Fredrick,Fredrick,u,has joined Dender on loan for the rest of the season.,,4.0,726,202.0,0.1,524,188.0,0.0,523.0,216.0,0,0,0.0,0,0.0,0,6,0.0,0.0,0.0,0.0,0.0,626.0,240.0,0.0,0.0,615.0,239.0,608.0,239.0,577.0,234.0,618.0,239.0,,,,,,,,0.0,0.0,0.0,0.0,0.0,0.0,0.0,0.0,0.0,27,0.0,0.0,0.0,0.0,0.0,0.0,0.0,0.0,0.0,0.0,0.0,0.0,0.0,0.0,0.0,0.0,8.0,0.0,0.0,0.0,0.0,0.0,0.0,0.0,0.0,0.0,0.0,0.0,0.0,0.0
116,Aaron,Hickey,Hickey,d,Knock - 75% chance of playing,,4.0,687,174.0,0.4,271,99.0,0.8,289.0,102.0,1,0,0.0,0,0.0,47,475,0.2,8.2,1.0,0.8,1.8,352.0,129.0,75.0,100.0,365.0,140.0,396.0,144.0,330.0,107.0,389.0,140.0,,,,,,,,0.06,0.03,0.09,0.99,0.0,0.31,1.22,1.07,6.43,27,1.0,44.0,0.0,0.0,0.0,1.0,0.0,0.0,0.0,0.0,0.0,0.0,1.0,0.0,3.0,64.0,502.0,0.0,0.0,0.0,0.0,0.6200000000000001,8.599999999999994,1.8999999999999986,0.0,1.0999999999999996,2.0,3.0,2.0,5.0
129,Yehor,Yarmoliuk,Yarmoliuk,a,,,5.0,274,168.0,0.1,463,158.0,1.4,247.0,105.0,0,0,0.0,0,0.0,62,120,0.3,14.8,1.9,1.4,2.7,239.0,97.0,100.0,100.0,166.0,61.0,142.0,97.0,227.0,126.0,181.0,95.0,,,,,,,,0.06,0.05,0.11,1.37,0.0,0.23,1.41,1.03,11.23,27,0.0,45.0,0.0,0.0,0.0,0.0,0.0,0.0,0.0,1.0,0.0,0.0,0.0,0.0,6.0,77.0,133.0,0.0,0.0,0.04999999999999982,0.04999999999999982,0.10999999999999943,7.0,16.599999999999994,0.0,2.4000000000000057,0.0,2.0,2.0,4.0
124,Jordan,Henderson,Henderson,a,,,5.0,242,148.0,0.3,297,103.0,1.2,257.0,113.0,2,0,0.0,0,0.0,146,203,0.2,12.8,1.7,1.2,2.6,256.0,106.0,100.0,100.0,186.0,74.0,86.0,65.0,329.0,172.0,183.0,97.0,,,,,,,,0.02,0.12,0.14,1.28,0.0,0.23,1.39,1.04,8.33,27,2.0,66.0,0.0,0.0,0.0,2.0,0.0,0.0,0.0,0.0,0.0,0.0,1.0,0.0,12.0,163.0,227.0,0.0,0.0,0.020000000000000018,0.020000000000000018,1.0800000000000018,6.2000000000000455,23.600000000000023,0.0,3.0,0.0,1.0,4.0,5.0
125,Vitaly,Janelt,Janelt,a,,,4.9,304,189.0,0.3,310,106.0,3.4,86.0,41.0,1,0,0.0,-1,1.0,494,446,0.7,14.3,3.9,3.4,3.2,157.0,66.0,100.0,100.0,150.0,51.0,79.0,58.0,248.0,136.0,140.0,77.0,5.0,,,,,,,0.06,0.14,0.2,1.45,0.0,0.36,1.15,0.93,11.78,27,1.0,45.0,0.0,0.0,0.0,2.0,0.0,0.0,0.0,0.0,0.0,0.0,1.0,0.0,0.0,622.0,505.0,0.0,0.06999999999999995,0.019999999999999796,0.0900000000000003,0.9800000000000004,0.0,4.600000000000023,2.0,0.09999999999999432,0.0,0.0,2.0,2.0
126,Mathias,Jensen,Jensen,a,,,4.9,307,191.0,0.1,492,175.0,3.2,97.0,45.0,2,0,0.0,-1,1.0,175,67,0.7,12.0,3.7,3.2,2.4,289.0,125.0,,,227.0,100.0,63.0,50.0,181.0,101.0,144.0,79.0,3.0,,5.0,,,,,0.13,0.25,0.38,1.39,0.0,0.35,1.26,1.05,7.56,27,2.0,90.0,0.0,0.0,0.0,2.0,0.0,0.0,0.0,0.0,0.0,0.0,1.0,0.0,14.0,219.0,88.0,0.0,0.07000000000000006,0.28000000000000025,0.34999999999999964,1.0899999999999999,5.0,25.30000000000001,14.0,4.400000000000006,0.0,0.0,1.0,1.0
236,Pedro,Lomba Neto,Neto,a,,,7.0,37,22.0,4.9,71,25.0,3.2,106.0,49.0,8,0,0.0,0,0.0,4037,4492,0.5,15.3,2.7,4.2,4.0,76.0,35.0,100.0,100.0,78.0,24.0,10.0,10.0,31.0,15.0,16.0,12.0,1.0,4.0,,,,,,0.18,0.24,0.42,1.21,0.0,0.48,0.83,1.0,4.44,27,8.0,87.0,0.0,1.0,1.0,0.0,0.0,0.0,0.0,0.0,0.0,0.0,1.0,2.0,31.0,4712.0,5113.0,0.0,0.11000000000000032,0.5800000000000001,0.6899999999999995,0.5600000000000023,24.600000000000023,42.40000000000009,17.0,8.400000000000006,0.0,0.0,3.0,3.0
630,Tom,King,King,a,,,3.9,746,74.0,1.3,169,21.0,0.0,434.0,33.0,0,0,0.0,-1,1.0,132,230,0.0,0.0,0.0,-0.5,0.0,543.0,42.0,,,532.0,42.0,522.0,27.0,488.0,14.0,535.0,42.0,,,,,,,,0.0,0.0,0.0,0.0,0.0,0.0,0.0,0.0,0.0,27,0.0,0.0,0.0,0.0,0.0,0.0,0.0,0.0,0.0,0.0,0.0,0.0,0.0,0.0,0.0,140.0,251.0,0.0,0.0,0.0,0.0,0.0,0.0,0.0,0.0,0.0,0.0,0.0,0.0,0.0
357,Largie,Ramazani,Ramazani,u,has joined Valencia on loan for the rest of the season.,,4.9,325,201.0,0.0,705,295.0,0.0,730.0,306.0,0,0,0.0,-1,1.0,0,2,0.0,0.0,0.0,0.0,0.0,770.0,332.0,0.0,0.0,769.0,331.0,766.0,332.0,761.0,330.0,770.0,332.0,,,,,,,,0.0,0.0,0.0,0.0,0.0,0.0,0.0,0.0,0.0,27,0.0,0.0,0.0,0.0,0.0,0.0,0.0,0.0,0.0,0.0,0.0,0.0,0.0,0.0,0.0,0.0,2.0,0.0,0.0,0.0,0.0,0.0,0.0,0.0,0.0,0.0,0.0,0.0,0.0,0.0
358,Tanaka,Ao,Tanaka,a,,,4.8,364,227.0,0.2,374,125.0,0.2,377.0,165.0,0,0,0.0,-2,2.0,47,231,0.0,9.0,-0.3,0.2,2.1,318.0,140.0,100.0,100.0,307.0,139.0,212.0,139.0,267.0,146.0,303.0,152.0,,,,,,,,0.1,0.07,0.17,1.62,0.0,0.24,1.95,0.85,10.14,27,0.0,0.0,0.0,0.0,0.0,0.0,0.0,0.0,0.0,0.0,0.0,0.0,0.0,0.0,0.0,55.0,254.0,0.0,0.0,0.0,0.0,0.0,0.0,0.0,0.0,0.0,0.0,0.0,0.0,0.0
359,Charlie,Crew,Crew,u,Has joined Doncaster Rovers on loan for the rest of the season.,,4.5,461,278.0,0.0,788,346.0,0.0,649.0,246.0,0,0,0.0,0,0.0,0,0,0.0,0.0,0.0,0.0,0.0,716.0,292.0,0.0,0.0,710.0,287.0,707.0,290.0,691.0,283.0,712.0,289.0,,,,,,,,0.0,0.0,0.0,0.0,0.0,0.0,0.0,0.0,0.0,27,0.0,0.0,0.0,0.0,0.0,0.0,0.0,0.0,0.0,0.0,0.0,0.0,0.0,0.0,0.0,0.0,0.0,0.0,0.0,0.0,0.0,0.0,0.0,0.0,0.0,0.0,0.0,0.0,0.0,0.0
428,Sverre,Nypan,Nypan,a,,,5.0,279,172.0,0.0,719,300.0,0.0,758.0,326.0,0,0,0.0,0,0.0,9,16,0.0,0.0,0.5,0.5,0.0,790.0,347.0,100.0,100.0,789.0,346.0,788.0,347.0,784.0,345.0,790.0,347.0,,,,,,,,0.0,0.0,0.0,0.0,0.0,0.0,0.0,0.0,0.0,27,0.0,0.0,0.0,0.0,0.0,0.0,0.0,0.0,0.0,0.0,0.0,0.0,0.0,0.0,0.0,9.0,16.0,0.0,0.0,0.0,0.0,0.0,0.0,0.0,0.0,0.0,0.0,0.0,0.0,0.0
611,Kaelan,Casey,Casey,u,has joined Leyton Orient on loan for the rest of the season.,,4.0,706,184.0,0.1,547,196.0,0.0,503.0,198.0,0,0,0.0,0,0.0,0,7,0.0,0.0,0.0,0.0,0.0,609.0,225.0,0.0,0.0,598.0,224.0,591.0,224.0,559.0,218.0,601.0,224.0,,,,,,,,0.0,0.0,0.0,0.0,0.0,0.0,0.0,0.0,0.0,27,0.0,0.0,0.0,0.0,0.0,0.0,0.0,0.0,0.0,0.0,0.0,0.0,0.0,0.0,0.0,0.0,8.0,0.0,0.0,0.0,0.0,0.0,0.0,0.0,0.0,0.0,0.0,0.0,0.0,0.0
393,Stefan,Bajčetić Maquieira,Bajcetic,i,Hamstring injury - Unknown return date,,4.3,605,352.0,0.0,631,248.0,0.0,565.0,190.0,0,0,0.0,-2,2.0,8,7,0.0,0.0,0.0,0.0,0.0,651.0,246.0,0.0,0.0,640.0,236.0,637.0,242.0,613.0,230.0,643.0,239.0,,,,,,,,0.0,0.0,0.0,0.0,0.0,0.0,0.0,0.0,0.0,27,0.0,0.0,0.0,0.0,0.0,0.0,0.0,0.0,0.0,0.0,0.0,0.0,0.0,0.0,0.0,8.0,9.0,0.0,0.0,0.0,0.0,0.0,0.0,0.0,0.0,0.0,0.0,0.0,0.0,0.0
394,James,McConnell,McConnell,u,has joined Ajax on loan for the rest of the season.,,4.4,547,326.0,0.0,676,275.0,0.0,593.0,207.0,0,0,0.0,-1,1.0,0,0,0.0,0.0,0.0,0.0,0.0,671.0,259.0,0.0,0.0,661.0,250.0,658.0,256.0,636.0,245.0,664.0,253.0,,,,,,,,0.0,0.0,0.0,0.0,0.0,0.0,0.0,0.0,0.0,27,0.0,0.0,0.0,0.0,0.0,0.0,0.0,0.0,0.0,0.0,0.0,0.0,0.0,0.0,0.0,0.0,0.0,0.0,0.0,0.0,0.0,0.0,0.0,0.0,0.0,0.0,0.0,0.0,0.0,0.0
395,Tyler,Morton,Morton,u,Has joined Lyon permanently.,,4.5,430,257.0,0.0,802,356.0,0.0,629.0,228.0,0,0,0.0,0,0.0,0,0,0.0,0.0,0.0,0.0,0.0,698.0,275.0,0.0,0.0,691.0,269.0,688.0,273.0,671.0,266.0,694.0,272.0,,,,,,,,0.0,0.0,0.0,0.0,0.0,0.0,0.0,0.0,0.0,27,0.0,0.0,0.0,0.0,0.0,0.0,0.0,0.0,0.0,0.0,0.0,0.0,0.0,0.0,0.0,0.0,0.0,0.0,0.0,0.0,0.0,0.0,0.0,0.0,0.0,0.0,0.0,0.0,0.0,0.0
396,Trey,Nyoni,Nyoni,a,,,4.3,614,359.0,0.3,305,105.0,0.0,573.0,197.0,0,0,0.0,-2,2.0,52,144,0.0,0.5,0.5,0.5,1.0,464.0,204.0,,,482.0,223.0,416.0,206.0,619.0,236.0,476.0,220.0,,,,,,,,0.0,0.0,0.0,0.0,0.0,0.0,0.0,0.0,0.0,27,0.0,0.0,0.0,0.0,0.0,0.0,0.0,0.0,0.0,0.0,0.0,0.0,0.0,0.0,0.0,62.0,154.0,0.0,0.0,0.0,0.0,0.0,0.0,0.0,0.0,0.0,0.0,0.0,0.0,0.0
397,Darwin,Núñez Ribeiro,Darwin,u,Has joined Al-Hilal permanently.,,6.5,51,18.0,0.1,553,78.0,0.0,809.0,89.0,0,0,0.0,0,0.0,0,2,0.0,0.0,0.0,0.0,0.0,813.0,91.0,0.0,0.0,813.0,91.0,813.0,91.0,813.0,91.0,813.0,91.0,,,,,,,,0.0,0.0,0.0,0.0,0.0,0.0,0.0,0.0,0.0,27,0.0,0.0,0.0,0.0,0.0,0.0,0.0,0.0,0.0,0.0,0.0,0.0,0.0,0.0,0.0,0.0,2.0,0.0,0.0,0.0,0.0,0.0,0.0,0.0,0.0,0.0,0.0,0.0,0.0,0.0
709,Ladislav,Krejcí,Krejčí,s,Suspended until 03 Mar,,4.5,427,84.0,0.1,522,186.0,1.7,221.0,78.0,-1,0,0.0,0,0.0,58,205,0.4,12.2,0.0,1.2,2.5,271.0,106.0,0.0,100.0,82.0,37.0,226.0,58.0,111.0,17.0,130.0,43.0,,,,,,,,0.1,0.07,0.17,1.42,0.0,0.15,1.7,1.02,7.42,27,55.0,60.0,0.0,0.0,0.0,1.0,0.0,0.0,0.0,0.0,1.0,0.0,1.0,0.0,192.0,67.0,220.0,0.0,0.0,0.010000000000000009,0.009999999999999787,0.740000000000002,12.400000000000034,1.0,0.0,1.2999999999999972,1.0,8.0,2.0,9.0
720,Tolu,Arokodare,Tolu,a,,,5.4,177,44.0,0.2,353,58.0,2.5,152.0,23.0,0,0,0.0,-1,1.0,187,995,0.5,9.1,2.0,2.0,2.0,333.0,38.0,,,289.0,28.0,200.0,19.0,30.0,16.0,143.0,19.0,,2.0,,,,,,0.31,0.02,0.33,1.44,0.0,0.23,1.84,0.92,4.82,27,0.0,90.0,0.0,0.0,0.0,1.0,0.0,0.0,1.0,0.0,0.0,0.0,1.0,0.0,150.0,214.0,1246.0,0.0,1.1700000000000004,0.010000000000000009,1.1799999999999997,1.6699999999999982,15.199999999999989,2.0,66.0,8.299999999999997,0.0,6.0,2.0,8.0
22,Mikel,Merino Zazón,Merino,i,Foot injury - Unknown return date,,5.4,164,101.0,0.9,201,69.0,1.2,261.0,116.0,0,0,0.0,-6,6.0,9,1213,0.2,12.2,0.0,0.0,3.1,177.0,76.0,0.0,0.0,180.0,72.0,164.0,113.0,97.0,60.0,139.0,76.0,,,,,,,,0.27,0.13,0.4,0.6,0.0,0.36,0.81,0.9,10.03,27,0.0,0.0,0.0,0.0,0.0,0.0,0.0,0.0,0.0,0.0,0.0,0.0,0.0,0.0,0.0,9.0,1451.0,0.0,0.0,0.0,0.0,0.0,0.0,0.0,0.0,0.0,0.0,0.0,0.0,0.0
23,Fábio,Ferreira Vieira,Fábio Vieira,u,has joined Hamburger on loan for the rest of the season.,,5.4,173,107.0,0.0,681,279.0,0.0,781.0,341.0,0,0,0.0,-1,1.0,0,0,0.0,0.0,0.0,0.0,0.0,799.0,353.0,0.0,0.0,799.0,353.0,798.0,353.0,796.0,352.0,799.0,353.0,,,,,,,,0.0,0.0,0.0,0.0,0.0,0.0,0.0,0.0,0.0,27,0.0,0.0,0.0,0.0,0.0,0.0,0.0,0.0,0.0,0.0,0.0,0.0,0.0,0.0,0.0,0.0,0.0,0.0,0.0,0.0,0.0,0.0,0.0,0.0,0.0,0.0,0.0,0.0,0.0,0.0
25,Ethan,Nwaneri,Nwaneri,u,has joined Marseille on loan for the rest of the season.,,5.0,270,164.0,0.1,447,152.0,0.0,754.0,323.0,0,0,0.0,-5,5.0,0,28,0.0,1.6,0.0,0.0,1.3,430.0,193.0,0.0,0.0,459.0,207.0,384.0,196.0,363.0,188.0,440.0,196.0,,,,,,,,0.13,0.04,0.17,0.4,0.0,0.55,0.0,0.0,7.09,27,0.0,0.0,0.0,0.0,0.0,0.0,0.0,0.0,0.0,0.0,0.0,0.0,0.0,0.0,0.0,0.0,29.0,0.0,0.0,0.0,0.0,0.0,0.0,0.0,0.0,0.0,0.0,0.0,0.0,0.0
28,Ismeal,Kabia,Kabia,u,has joined Shrewsbury Town on loan for the rest of the season.,,4.5,486,297.0,0.1,482,169.0,0.0,671.0,264.0,0,0,0.0,0,0.0,0,11,0.0,0.0,0.0,0.0,0.0,732.0,304.0,0.0,0.0,730.0,302.0,725.0,303.0,712.0,299.0,731.0,303.0,,,,,,,,0.0,0.0,0.0,0.0,0.0,0.0,0.0,0.0,0.0,27,0.0,0.0,0.0,0.0,0.0,0.0,0.0,0.0,0.0,0.0,0.0,0.0,0.0,0.0,0.0,0.0,12.0,0.0,0.0,0.0,0.0,0.0,0.0,0.0,0.0,0.0,0.0,0.0,0.0,0.0
29,Albert,Sambi Lokonga,Sambi,u,has joined Hamburger permanently.,,4.5,429,256.0,0.0,583,218.0,0.0,628.0,227.0,0,0,0.0,0,0.0,0,3,0.0,0.0,0.0,0.0,0.0,697.0,274.0,0.0,0.0,690.0,268.0,687.0,272.0,670.0,265.0,693.0,271.0,,,,,,,,0.0,0.0,0.0,0.0,0.0,0.0,0.0,0.0,0.0,27,0.0,0.0,0.0,0.0,0.0,0.0,0.0,0.0,0.0,0.0,0.0,0.0,0.0,0.0,0.0,0.0,4.0,0.0,0.0,0.0,0.0,0.0,0.0,0.0,0.0,0.0,0.0,0.0,0.0,0.0
78,Julián,Araujo Zúñiga,J.Araujo,u,has joined Celtic on loan for the rest of the season.,,3.8,793,241.0,0.5,255,95.0,0.0,409.0,154.0,0,0,0.0,-2,2.0,0,170,0.0,0.0,0.0,0.0,0.0,522.0,187.0,0.0,0.0,511.0,186.0,498.0,184.0,463.0,175.0,514.0,186.0,,,,,,,,0.0,0.0,0.0,0.0,0.0,0.0,0.0,0.0,0.0,27,0.0,0.0,0.0,0.0,0.0,0.0,0.0,0.0,0.0,0.0,0.0,0.0,0.0,0.0,0.0,0.0,201.0,0.0,0.0,0.0,0.0,0.0,0.0,0.0,0.0,0.0,0.0,0.0,0.0,0.0
79,Chris,Mepham,Mepham,u,has joined West Bromwich Albion permanently.,,4.0,672,167.0,0.1,542,193.0,0.0,474.0,186.0,0,0,0.0,0,0.0,0,5,0.0,0.0,0.0,0.0,0.0,581.0,214.0,0.0,0.0,570.0,213.0,563.0,213.0,531.0,207.0,573.0,213.0,,,,,,,,0.0,0.0,0.0,0.0,0.0,0.0,0.0,0.0,0.0,27,0.0,0.0,0.0,0.0,0.0,0.0,0.0,0.0,0.0,0.0,0.0,0.0,0.0,0.0,0.0,0.0,7.0,0.0,0.0,0.0,0.0,0.0,0.0,0.0,0.0,0.0,0.0,0.0,0.0,0.0
80,Julio,Soler Barreto,Soler,i,Hamstring injury - Expected back 01 Jun,,4.0,715,192.0,0.2,377,138.0,0.0,512.0,206.0,0,0,0.0,0,0.0,9,90,0.0,0.8,0.0,0.0,1.0,453.0,165.0,0.0,0.0,485.0,173.0,450.0,163.0,436.0,161.0,484.0,170.0,,,,,,,,0.0,0.0,0.0,4.29,0.0,0.0,5.29,0.0,2.65,27,0.0,0.0,0.0,0.0,0.0,0.0,0.0,0.0,0.0,0.0,0.0,0.0,0.0,0.0,0.0,9.0,99.0,0.0,0.0,0.0,0.0,0.0,0.0,0.0,0.0,0.0,0.0,0.0,0.0,0.0
803,Teddy,Sharman-Lowe,Sharman-Lowe,a,,,4.0,698,59.0,0.0,795,91.0,0.0,497.0,70.0,0,0,0.0,0,0.0,4,6,0.0,0.0,-0.5,1.0,0.0,603.0,78.0,,,592.0,78.0,585.0,66.0,553.0,53.0,595.0,78.0,,,,,,,,0.0,0.0,0.0,0.0,0.0,0.0,0.0,0.0,0.0,27,0.0,0.0,0.0,0.0,0.0,0.0,0.0,0.0,0.0,0.0,0.0,0.0,0.0,0.0,0.0,4.0,6.0,0.0,0.0,0.0,0.0,0.0,0.0,0.0,0.0,0.0,0.0,0.0,0.0,0.0
740,Stephen,Mfuni,Mfuni,u,has joined Watford on loan for the rest of the season.,,3.9,777,227.0,0.0,617,219.0,0.0,459.0,178.0,0,0,0.0,-1,1.0,0,24,0.0,0.0,0.0,0.0,0.0,567.0,206.0,0.0,0.0,556.0,205.0,546.0,205.0,512.0,197.0,559.0,205.0,,,,,,,,0.0,0.0,0.0,0.0,0.0,0.0,0.0,0.0,0.0,27,0.0,0.0,0.0,0.0,0.0,0.0,0.0,0.0,0.0,0.0,0.0,0.0,0.0,0.0,0.0,0.0,25.0,0.0,0.0,0.0,0.0,0.0,0.0,0.0,0.0,0.0,0.0,0.0,0.0,0.0
742,Ryan,McAidoo,McAidoo,a,,,4.5,503,310.0,0.0,732,307.0,0.0,685.0,275.0,0,0,0.0,0,0.0,9,8,0.0,0.0,0.5,0.5,0.0,745.0,314.0,,,744.0,313.0,739.0,314.0,726.0,310.0,745.0,314.0,,,,,,,,0.0,0.0,0.0,0.0,0.0,0.0,0.0,0.0,0.0,27,0.0,0.0,0.0,0.0,0.0,0.0,0.0,0.0,0.0,0.0,0.0,0.0,0.0,0.0,0.0,9.0,9.0,0.0,0.0,0.0,0.0,0.0,0.0,0.0,0.0,0.0,0.0,0.0,0.0,0.0
398,Jayden,Danns,Danns,i,Hamstring injury - Unknown return date,,4.3,601,85.0,0.1,471,68.0,0.0,562.0,56.0,0,0,0.0,-2,2.0,16,21,0.0,0.0,0.0,0.0,0.0,649.0,66.0,0.0,0.0,638.0,66.0,634.0,65.0,610.0,65.0,641.0,66.0,,,,,,,,0.0,0.0,0.0,0.0,0.0,0.0,0.0,0.0,0.0,27,0.0,0.0,0.0,0.0,0.0,0.0,0.0,0.0,0.0,0.0,0.0,0.0,0.0,0.0,0.0,16.0,23.0,0.0,0.0,0.0,0.0,0.0,0.0,0.0,0.0,0.0,0.0,0.0,0.0,0.0
527,Taiwo,Awoniyi,Awoniyi,a,,,5.2,210,48.0,0.3,318,53.0,1.2,260.0,31.0,0,0,0.0,-3,3.0,97,101,0.2,2.5,1.2,0.7,1.6,394.0,46.0,100.0,100.0,402.0,43.0,350.0,42.0,234.0,44.0,364.0,44.0,,,,,,,,0.38,0.17,0.55,1.5,0.0,0.0,0.88,0.44,5.29,27,0.0,0.0,0.0,0.0,0.0,0.0,0.0,0.0,0.0,0.0,0.0,0.0,0.0,0.0,0.0,105.0,115.0,0.0,0.0,0.0,0.0,0.0,0.0,0.0,0.0,0.0,0.0,0.0,0.0,0.0
564,Nazarii,Rusyn,Rusyn,u,has joined Arka on loan for the rest of the season.,,4.4,539,77.0,0.1,516,73.0,0.0,589.0,60.0,0,0,0.0,-1,1.0,0,6,0.0,0.0,0.0,0.0,0.0,668.0,69.0,0.0,0.0,657.0,69.0,654.0,68.0,632.0,68.0,660.0,69.0,,,,,,,,0.0,0.0,0.0,0.0,0.0,0.0,0.0,0.0,0.0,27,0.0,0.0,0.0,0.0,0.0,0.0,0.0,0.0,0.0,0.0,0.0,0.0,0.0,0.0,0.0,0.0,6.0,0.0,0.0,0.0,0.0,0.0,0.0,0.0,0.0,0.0,0.0,0.0,0.0,0.0
668,Granit,Xhaka,Xhaka,a,,,5.1,222,137.0,3.5,95,30.0,0.2,383.0,170.0,1,0,0.0,1,-1.0,1499,1674,0.0,17.8,0.2,0.2,4.0,68.0,29.0,100.0,100.0,51.0,13.0,39.0,37.0,268.0,147.0,68.0,43.0,1.0,1.0,,,,,,0.03,0.1,0.13,1.44,0.0,0.32,1.09,1.0,10.99,27,1.0,19.0,0.0,0.0,0.0,1.0,0.0,0.0,0.0,0.0,0.0,0.0,0.0,0.0,9.0,1743.0,2078.0,0.0,0.0,0.08000000000000007,0.08000000000000007,0.4200000000000017,5.0,1.400000000000034,0.0,0.6000000000000085,0.0,2.0,3.0,5.0
670,Robin,Roefs,Roefs,a,,,4.9,340,13.0,11.7,30,5.0,2.2,181.0,13.0,1,0,0.0,4,-4.0,4143,9130,0.4,22.0,2.2,2.2,4.0,66.0,4.0,,,11.0,2.0,351.0,2.0,768.0,88.0,145.0,2.0,,,,,,,,0.0,0.0,0.0,1.45,3.0,0.3,1.22,1.0,0.0,27,1.0,90.0,0.0,0.0,0.0,3.0,0.0,0.0,0.0,0.0,0.0,1.0,1.0,0.0,1.0,4928.0,9800.0,0.0,0.0,0.03,0.03,1.8700000000000045,10.399999999999977,0.0,0.0,1.0,0.0,0.0,11.0,0.0
678,Arthur,Masuaku,Masuaku,u,has joined RC Lens on loan for the rest of the season.,,3.9,745,213.0,0.5,261,97.0,0.0,433.0,170.0,0,0,0.0,-1,1.0,0,124,0.0,0.3,0.0,0.0,0.3,514.0,180.0,0.0,0.0,439.0,164.0,389.0,140.0,414.0,155.0,445.0,160.0,,,,,,,,0.05,0.06,0.11,1.5,0.0,0.0,1.44,1.44,7.2,27,0.0,0.0,0.0,0.0,0.0,0.0,0.0,0.0,0.0,0.0,0.0,0.0,0.0,0.0,0.0,0.0,137.0,0.0,0.0,0.0,0.0,0.0,0.0,0.0,0.0,0.0,0.0,0.0,0.0,0.0
683,Omar,Alderete,Alderete,a,,,4.1,651,157.0,6.4,58,19.0,2.2,175.0,62.0,1,0,0.0,1,-1.0,2814,5127,0.5,21.7,2.2,2.2,3.9,79.0,29.0,100.0,100.0,47.0,22.0,223.0,57.0,115.0,19.0,104.0,28.0,,,,,,,,0.06,0.04,0.1,1.47,0.0,0.32,1.26,0.99,9.44,27,1.0,90.0,0.0,0.0,0.0,3.0,0.0,0.0,0.0,0.0,0.0,0.0,1.0,0.0,2.0,3533.0,5566.0,0.0,0.0,0.06999999999999995,0.07000000000000006,1.870000000000001,20.199999999999932,12.599999999999994,4.0,3.700000000000003,0.0,7.0,2.0,7.0
730,Brian,Brobbey,Brobbey,d,Knock - 75% chance of playing,,5.5,146,36.0,1.3,166,27.0,2.6,145.0,19.0,1,0,0.0,0,0.0,1476,3962,0.5,11.3,2.0,2.6,2.8,224.0,22.0,75.0,100.0,221.0,19.0,257.0,25.0,87.0,27.0,202.0,25.0,,,,,,,,0.2,0.03,0.23,1.59,0.0,0.3,1.28,0.98,3.77,27,1.0,69.0,0.0,0.0,0.0,2.0,0.0,0.0,0.0,1.0,0.0,0.0,1.0,0.0,4.0,1842.0,4472.0,0.0,0.0,0.10999999999999999,0.10999999999999988,1.4499999999999993,0.0,11.799999999999997,4.0,1.0,0.0,0.0,0.0,0.0
735,Bertrand,Traoré,Traoré,d,Knee injury - 50% chance of playing,,5.5,137,85.0,0.0,644,258.0,0.0,788.0,347.0,0,0,0.0,0,0.0,6,17,0.0,5.1,0.0,0.0,2.8,223.0,91.0,50.0,0.0,327.0,148.0,235.0,148.0,192.0,106.0,294.0,147.0,,,,,,,,0.07,0.04,0.11,1.33,0.0,0.44,1.33,1.33,5.93,27,0.0,0.0,0.0,0.0,0.0,0.0,0.0,0.0,0.0,0.0,0.0,0.0,0.0,0.0,0.0,6.0,19.0,0.0,0.0,0.0,0.0,0.0,0.0,0.0,0.0,0.0,0.0,0.0,0.0,0.0
774,Jenson,Jones,Jenson Jones,a,,,4.0,674,168.0,0.0,702,242.0,0.0,476.0,187.0,0,0,0.0,0,0.0,21,9,0.0,0.0,0.0,0.0,0.0,583.0,215.0,,,572.0,214.0,565.0,214.0,533.0,208.0,575.0,214.0,,,,,,,,0.0,0.0,0.0,0.0,0.0,0.0,0.0,0.0,0.0,27,0.0,0.0,0.0,0.0,0.0,0.0,0.0,0.0,0.0,0.0,0.0,0.0,0.0,0.0,0.0,21.0,11.0,0.0,0.0,0.0,0.0,0.0,0.0,0.0,0.0,0.0,0.0,0.0,0.0,0.0
775,Tymur,Tutierov,Tutierov,u,has joined Exeter City on loan for the rest of the season.,,4.5,494,303.0,0.0,815,365.0,0.0,678.0,269.0,0,0,0.0,0,0.0,0,0,0.0,0.0,0.0,0.0,0.0,739.0,309.0,0.0,0.0,737.0,307.0,732.0,308.0,719.0,304.0,738.0,308.0,,,,,,,,0.0,0.0,0.0,0.0,0.0,0.0,0.0,0.0,0.0,27,0.0,0.0,0.0,0.0,0.0,0.0,0.0,0.0,0.0,0.0,0.0,0.0,0.0,0.0,0.0,0.0,0.0,0.0,0.0,0.0,0.0,0.0,0.0,0.0,0.0,0.0,0.0,0.0,0.0,0.0
800,Djiamgone Jocelin Ta,Bi,Jocelin.T,d,Ankle injury - 75% chance of playing,,5.0,285,177.0,0.0,813,363.0,0.2,382.0,169.0,1,0,0.0,0,0.0,6,4,0.0,0.2,0.2,0.2,1.0,496.0,231.0,75.0,100.0,476.0,219.0,443.0,214.0,451.0,223.0,477.0,221.0,,,,,,,,0.0,0.09,0.09,0.57,0.0,0.0,0.0,2.37,7.11,27,1.0,38.0,0.0,0.0,0.0,0.0,0.0,0.0,0.0,0.0,0.0,0.0,1.0,0.0,4.0,7.0,4.0,0.0,0.0,0.04,0.04,0.24,3.4,4.3,2.0,1.0,1.0,0.0,2.0,3.0
812,Melker,Ellborg,Ellborg,a,,,4.0,701,61.0,0.0,780,89.0,0.0,500.0,72.0,0,0,0.0,0,0.0,19,14,0.0,0.0,0.0,0.0,0.0,606.0,80.0,,,595.0,80.0,588.0,68.0,556.0,55.0,598.0,80.0,,,,,,,,0.0,0.0,0.0,0.0,0.0,0.0,0.0,0.0,0.0,27,0.0,0.0,0.0,0.0,0.0,0.0,0.0,0.0,0.0,0.0,0.0,0.0,0.0,0.0,0.0,21.0,15.0,0.0,0.0,0.0,0.0,0.0,0.0,0.0,0.0,0.0,0.0,0.0,0.0,0.0
813,Nilson,Angulo,Angulo,a,,,5.0,276,170.0,0.0,772,334.0,1.7,222.0,97.0,2,0,0.0,0,0.0,38,16,0.3,1.0,1.7,1.7,1.7,383.0,169.0,,,447.0,198.0,375.0,192.0,299.0,161.0,406.0,186.0,,,,,,,,0.29,0.03,0.32,2.64,0.0,0.0,2.35,1.18,3.53,27,2.0,69.0,0.0,0.0,0.0,2.0,0.0,0.0,0.0,0.0,0.0,0.0,1.0,0.0,11.0,42.0,17.0,0.0,0.28,0.010000000000000002,0.29000000000000004,1.4500000000000006,0.0,1.3000000000000007,16.0,1.6000000000000014,0.0,1.0,0.0,1.0
565,Guglielmo,Vicario,Vicario,a,,,4.7,381,16.0,5.8,64,10.0,1.4,243.0,20.0,0,0,0.0,-3,3.0,557,2559,0.3,17.7,1.4,0.4,3.1,172.0,17.0,,,22.0,6.0,487.0,15.0,742.0,82.0,190.0,8.0,,,,,,,,0.0,0.0,0.0,1.44,2.7,0.26,1.52,1.0,0.0,27,0.0,90.0,0.0,0.0,0.0,4.0,0.0,0.0,0.0,0.0,0.0,2.0,1.0,0.0,387.0,590.0,3133.0,0.0,0.0,0.0,0.0,1.9299999999999997,21.799999999999955,0.0,0.0,2.200000000000003,0.0,3.0,7.0,0.0
566,Brandon,Austin,Austin,a,,,3.9,752,78.0,0.3,319,44.0,0.0,438.0,37.0,0,0,0.0,-1,1.0,28,56,0.0,0.0,0.0,-1.0,0.0,547.0,46.0,,,536.0,46.0,526.0,31.0,492.0,18.0,539.0,46.0,,,,,,,,0.0,0.0,0.0,0.0,0.0,0.0,0.0,0.0,0.0,27,0.0,0.0,0.0,0.0,0.0,0.0,0.0,0.0,0.0,0.0,0.0,0.0,0.0,0.0,0.0,29.0,61.0,0.0,0.0,0.0,0.0,0.0,0.0,0.0,0.0,0.0,0.0,0.0,0.0,0.0
567,Antonín,Kinský,Kinsky,a,,,3.9,767,85.0,1.6,150,19.0,0.0,449.0,44.0,0,0,0.0,-1,1.0,74,297,0.0,0.0,0.0,-1.0,0.0,557.0,53.0,,,546.0,53.0,536.0,38.0,502.0,25.0,549.0,53.0,,,,,,,,0.0,0.0,0.0,0.0,0.0,0.0,0.0,0.0,0.0,27,0.0,0.0,0.0,0.0,0.0,0.0,0.0,0.0,0.0,0.0,0.0,0.0,0.0,0.0,0.0,87.0,333.0,0.0,0.0,0.0,0.0,0.0,0.0,0.0,0.0,0.0,0.0,0.0,0.0,0.0
568,Pedro,Porro Sauceda,Pedro Porro,d,Hamstring injury - 50% chance of playing,,5.1,235,33.0,9.4,37,13.0,0.2,386.0,142.0,0,0,0.0,-4,4.0,53,6228,0.0,15.5,0.1,0.0,3.4,136.0,49.0,50.0,0.0,94.0,43.0,22.0,1.0,252.0,70.0,69.0,13.0,3.0,2.0,,,,,,0.02,0.14,0.16,1.26,0.0,0.35,1.19,1.04,6.73,27,0.0,0.0,0.0,0.0,0.0,0.0,0.0,0.0,0.0,0.0,0.0,0.0,0.0,0.0,0.0,55.0,7082.0,0.0,0.0,0.0,0.0,0.0,0.0,0.0,0.0,0.0,0.0,0.0,0.0,0.0
569,Cristian,Romero,Romero,s,Suspended until 15 Mar,,5.0,252,37.0,3.3,101,37.0,1.6,227.0,83.0,0,0,0.0,0,0.0,39,4941,0.3,17.8,0.0,0.0,4.2,52.0,22.0,0.0,0.0,45.0,20.0,232.0,62.0,113.0,18.0,106.0,29.0,,,,,,,,0.07,0.06,0.13,1.36,0.0,0.26,1.53,1.05,9.58,27,0.0,0.0,0.0,0.0,0.0,0.0,0.0,0.0,0.0,0.0,0.0,0.0,0.0,0.0,0.0,41.0,5578.0,0.0,0.0,0.0,0.0,0.0,0.0,0.0,0.0,0.0,0.0,0.0,0.0,0.0
499,Alexander,Isak,Isak,i,Ankle injury - Expected back 11 Apr,,10.3,4,2.0,3.5,92,16.0,0.0,818.0,92.0,0,0,0.0,-2,2.0,31,527,0.0,2.8,0.0,0.0,2.9,209.0,20.0,0.0,0.0,348.0,35.0,360.0,45.0,184.0,40.0,339.0,40.0,,,,,,,,0.37,0.01,0.38,0.92,0.0,0.18,1.26,1.08,4.13,27,0.0,0.0,0.0,0.0,0.0,0.0,0.0,0.0,0.0,0.0,0.0,0.0,0.0,0.0,0.0,32.0,546.0,0.0,0.0,0.0,0.0,0.0,0.0,0.0,0.0,0.0,0.0,0.0,0.0,0.0
661,Hugo,Ekitiké,Ekitiké,a,,,8.9,7,3.0,26.4,13,4.0,4.0,61.0,6.0,2,0,0.0,4,-4.0,37731,18926,0.4,11.9,4.5,4.5,4.4,42.0,5.0,100.0,100.0,75.0,5.0,119.0,7.0,7.0,5.0,24.0,5.0,,,,,,,,0.53,0.11,0.64,1.32,0.0,0.39,1.13,1.01,4.11,27,2.0,90.0,0.0,0.0,1.0,0.0,0.0,0.0,0.0,0.0,0.0,0.0,1.0,0.0,7.0,42526.0,22065.0,0.0,0.7100000000000009,0.0,0.7100000000000009,1.259999999999998,8.200000000000045,2.799999999999983,47.0,5.799999999999983,1.0,1.0,4.0,6.0
687,Remy,Rees-Dottin,Rees-Dottin,a,,,4.3,619,362.0,0.2,395,132.0,0.0,576.0,199.0,0,0,0.0,-2,2.0,342,146,0.0,0.0,0.0,0.0,0.0,659.0,253.0,,,648.0,243.0,645.0,249.0,622.0,238.0,651.0,246.0,,,,,,,,0.0,0.0,0.0,0.0,0.0,0.0,0.0,0.0,0.0,27,0.0,0.0,0.0,0.0,0.0,0.0,0.0,0.0,0.0,0.0,0.0,0.0,0.0,0.0,0.0,382.0,151.0,0.0,0.0,0.0,0.0,0.0,0.0,0.0,0.0,0.0,0.0,0.0,0.0,0.0
704,Tyler,Onyango,Onyango,u,has joined Stockport County on loan for the rest of the season.,,4.5,437,261.0,0.0,582,217.0,0.0,634.0,232.0,0,0,0.0,0,0.0,0,6,0.0,0.0,0.0,0.0,0.0,703.0,279.0,0.0,0.0,696.0,273.0,694.0,277.0,677.0,270.0,699.0,276.0,,,,,,,,0.0,0.0,0.0,0.0,0.0,0.0,0.0,0.0,0.0,27,0.0,0.0,0.0,0.0,0.0,0.0,0.0,0.0,0.0,0.0,0.0,0.0,0.0,0.0,0.0,0.0,6.0,0.0,0.0,0.0,0.0,0.0,0.0,0.0,0.0,0.0,0.0,0.0,0.0,0.0
705,Elijah,Campbell,Campbell,u,has joined Port Vale on loan for the rest of the season.,,3.9,769,224.0,0.2,406,149.0,0.0,451.0,175.0,0,0,0.0,-1,1.0,0,78,0.0,0.0,0.0,0.0,0.0,559.0,203.0,0.0,0.0,548.0,202.0,538.0,202.0,504.0,194.0,551.0,202.0,,,,,,,,0.0,0.0,0.0,0.0,0.0,0.0,0.0,0.0,0.0,27,0.0,0.0,0.0,0.0,0.0,0.0,0.0,0.0,0.0,0.0,0.0,0.0,0.0,0.0,0.0,0.0,87.0,0.0,0.0,0.0,0.0,0.0,0.0,0.0,0.0,0.0,0.0,0.0,0.0,0.0
707,Tyler,Dibling,Dibling,a,,,5.3,203,126.0,0.0,646,259.0,0.4,349.0,157.0,0,0,0.0,-2,2.0,7,14,0.1,3.2,0.4,-0.1,1.3,432.0,195.0,,,406.0,181.0,317.0,179.0,348.0,182.0,391.0,182.0,,,,,,,,0.05,0.04,0.09,1.55,0.0,0.52,0.52,1.03,10.34,27,0.0,0.0,0.0,0.0,0.0,0.0,0.0,0.0,0.0,0.0,0.0,0.0,0.0,0.0,0.0,7.0,16.0,0.0,0.0,0.0,0.0,0.0,0.0,0.0,0.0,0.0,0.0,0.0,0.0,0.0
182,James,Trafford,Trafford,a,,,4.5,428,23.0,0.9,200,24.0,0.0,627.0,90.0,0,0,0.0,-5,5.0,28,160,0.0,2.4,0.5,0.5,3.7,95.0,10.0,,,345.0,26.0,686.0,86.0,669.0,76.0,408.0,27.0,,,,,,,,0.0,0.0,0.0,1.32,3.67,0.33,1.33,1.0,0.0,27,0.0,0.0,0.0,0.0,0.0,0.0,0.0,0.0,0.0,0.0,0.0,0.0,0.0,0.0,0.0,31.0,172.0,0.0,0.0,0.0,0.0,0.0,0.0,0.0,0.0,0.0,0.0,0.0,0.0,0.0
734,Dilane,Bakwa,Bakwa,a,,,5.9,100,65.0,0.0,678,276.0,0.2,394.0,178.0,1,0,0.0,-1,1.0,23,15,0.0,2.2,0.2,-0.3,1.4,423.0,189.0,100.0,100.0,404.0,179.0,228.0,146.0,277.0,150.0,347.0,166.0,,,,,,,,0.12,0.19,0.31,1.86,0.0,0.0,2.21,0.83,7.18,27,1.0,24.0,0.0,0.0,0.0,1.0,0.0,0.0,0.0,0.0,0.0,0.0,0.0,0.0,2.0,23.0,16.0,0.0,0.04999999999999999,0.0,0.050000000000000044,1.2300000000000004,0.0,4.299999999999997,1.0,0.3000000000000007,1.0,0.0,2.0,3.0
633,Hugo,Bueno López,H.Bueno,a,,,4.3,596,137.0,0.2,359,130.0,2.7,137.0,45.0,4,0,0.0,-2,2.0,252,453,0.6,15.1,2.2,2.2,2.6,251.0,98.0,100.0,100.0,81.0,36.0,25.0,2.0,197.0,48.0,53.0,7.0,2.0,,,,,,,0.03,0.14,0.17,1.42,0.0,0.15,1.54,0.97,6.77,27,4.0,90.0,0.0,0.0,0.0,1.0,0.0,0.0,0.0,0.0,0.0,0.0,1.0,0.0,18.0,288.0,511.0,0.0,0.0,0.41999999999999993,0.41999999999999993,1.6700000000000017,37.60000000000002,62.19999999999999,0.0,10.0,6.0,8.0,2.0,14.0
634,Yerson,Mosquera Valdelamar,Mosquera,a,,,4.3,602,138.0,0.1,477,172.0,2.3,171.0,59.0,4,0,0.0,-2,2.0,57,152,0.5,9.3,1.8,1.8,2.1,317.0,116.0,100.0,100.0,184.0,75.0,245.0,70.0,139.0,27.0,203.0,67.0,,,,,,,,0.09,0.02,0.11,1.53,0.0,0.18,1.68,1.02,8.9,27,4.0,90.0,0.0,0.0,0.0,1.0,0.0,0.0,0.0,0.0,0.0,0.0,1.0,0.0,6.0,66.0,177.0,0.0,0.1100000000000001,0.06,0.16999999999999993,1.2300000000000004,14.800000000000011,0.9000000000000057,9.0,2.5,1.0,9.0,2.0,10.0
10,Myles,Lewis-Skelly,Lewis-Skelly,a,,,5.1,239,35.0,1.4,159,63.0,0.0,764.0,259.0,0,0,0.0,-4,4.0,171,376,0.0,2.4,0.5,1.0,0.9,506.0,175.0,,,427.0,160.0,347.0,120.0,384.0,136.0,413.0,149.0,,,,,,,,0.01,0.02,0.03,1.52,0.0,0.0,1.45,0.29,4.05,27,0.0,0.0,0.0,0.0,0.0,0.0,0.0,0.0,0.0,0.0,0.0,0.0,0.0,0.0,0.0,178.0,413.0,0.0,0.0,0.0,0.0,0.0,0.0,0.0,0.0,0.0,0.0,0.0,0.0,0.0
11,Benjamin,White,White,d,Knock - 75% chance of playing,,5.1,227,30.0,0.5,258,96.0,0.2,385.0,141.0,0,0,0.0,-4,4.0,133,495,0.0,5.9,0.5,1.2,4.3,45.0,19.0,75.0,100.0,332.0,125.0,265.0,82.0,320.0,103.0,343.0,117.0,,,,,,,,0.09,0.11,0.2,1.35,0.0,0.66,0.88,1.1,7.92,27,0.0,0.0,0.0,0.0,0.0,0.0,0.0,0.0,0.0,0.0,0.0,0.0,0.0,0.0,0.0,142.0,581.0,0.0,0.0,0.0,0.0,0.0,0.0,0.0,0.0,0.0,0.0,0.0,0.0,0.0
13,Brayden,Clarke,Clarke,a,,,3.8,809,257.0,0.4,273,101.0,0.0,421.0,166.0,0,0,0.0,-2,2.0,52,117,0.0,0.0,0.5,1.0,0.0,531.0,196.0,,,520.0,195.0,509.0,195.0,475.0,187.0,523.0,195.0,,,,,,,,0.0,0.0,0.0,0.0,0.0,0.0,0.0,0.0,0.0,27,0.0,0.0,0.0,0.0,0.0,0.0,0.0,0.0,0.0,0.0,0.0,0.0,0.0,0.0,0.0,57.0,127.0,0.0,0.0,0.0,0.0,0.0,0.0,0.0,0.0,0.0,0.0,0.0,0.0,0.0
14,Maldini,Kacurri,Kacurri,u,has joined Morecambe on loan for the rest of the season.,,3.9,780,229.0,0.1,488,175.0,0.0,462.0,180.0,0,0,0.0,-1,1.0,0,14,0.0,0.0,0.0,0.0,0.0,570.0,208.0,0.0,0.0,559.0,207.0,549.0,207.0,515.0,199.0,562.0,207.0,,,,,,,,0.0,0.0,0.0,0.0,0.0,0.0,0.0,0.0,0.0,27,0.0,0.0,0.0,0.0,0.0,0.0,0.0,0.0,0.0,0.0,0.0,0.0,0.0,0.0,0.0,0.0,14.0,0.0,0.0,0.0,0.0,0.0,0.0,0.0,0.0,0.0,0.0,0.0,0.0,0.0
15,Josh,Nichols,Nichols,a,,,3.7,815,262.0,0.2,355,128.0,0.0,399.0,145.0,0,0,0.0,-3,3.0,468,185,0.0,0.0,0.5,1.0,0.0,516.0,182.0,,,504.0,180.0,490.0,177.0,455.0,168.0,507.0,180.0,,,,,,,,0.0,0.0,0.0,0.0,0.0,0.0,0.0,0.0,0.0,27,0.0,0.0,0.0,0.0,0.0,0.0,0.0,0.0,0.0,0.0,0.0,0.0,0.0,0.0,0.0,593.0,195.0,0.0,0.0,0.0,0.0,0.0,0.0,0.0,0.0,0.0,0.0,0.0,0.0,0.0
16,Bukayo,Saka,Saka,d,Knock - 75% chance of playing,,9.8,6,4.0,7.7,51,18.0,3.3,89.0,42.0,5,0,0.0,-2,2.0,5971,3026,0.3,12.1,2.8,4.3,5.0,15.0,9.0,75.0,100.0,66.0,19.0,8.0,8.0,6.0,2.0,6.0,4.0,2.0,,1.0,,,,,0.34,0.28,0.62,0.6,0.0,0.42,0.78,0.99,7.46,27,5.0,90.0,0.0,1.0,0.0,1.0,0.0,0.0,0.0,0.0,0.0,0.0,1.0,0.0,16.0,6565.0,4162.0,0.0,0.4500000000000002,0.1200000000000001,0.5700000000000003,0.629999999999999,16.19999999999999,31.40000000000009,74.0,12.199999999999989,2.0,1.0,3.0,6.0
17,Martin,Ødegaard,Ødegaard,a,,,7.8,18,13.0,1.6,149,49.0,2.2,189.0,87.0,4,0,0.0,-2,2.0,110,1258,0.3,7.9,2.7,2.4,3.1,181.0,78.0,100.0,75.0,207.0,89.0,36.0,34.0,183.0,103.0,115.0,65.0,4.0,,3.0,,,,,0.08,0.24,0.32,1.08,0.0,0.34,0.93,1.09,6.81,27,4.0,13.0,0.0,1.0,0.0,0.0,0.0,0.0,0.0,0.0,0.0,0.0,0.0,0.0,16.0,112.0,1469.0,0.0,0.0,0.010000000000000231,0.009999999999999787,0.41999999999999993,17.600000000000023,10.800000000000011,0.0,2.799999999999997,0.0,0.0,1.0,1.0
18,Noni,Madueke,Madueke,a,,,6.8,45,28.0,1.3,165,55.0,5.0,27.0,12.0,1,0,0.0,-2,2.0,1361,5241,0.7,7.5,5.5,6.0,2.7,247.0,102.0,100.0,100.0,264.0,111.0,121.0,83.0,77.0,47.0,149.0,82.0,3.0,,,,,,,0.1,0.21,0.31,0.94,0.0,0.54,0.76,1.19,4.99,27,1.0,1.0,0.0,0.0,0.0,0.0,0.0,0.0,0.0,0.0,0.0,0.0,0.0,0.0,4.0,1612.0,6649.0,0.0,0.0,0.0,0.0,0.129999999999999,0.19999999999998863,0.30000000000001137,0.0,0.09999999999999432,0.0,0.0,0.0,0.0
19,Gabriel,Martinelli Silva,Martinelli,a,,,6.8,47,30.0,1.0,191,67.0,2.0,207.0,92.0,1,0,0.0,-2,2.0,219,1793,0.3,6.0,2.5,3.0,1.9,350.0,155.0,100.0,100.0,298.0,133.0,209.0,136.0,67.0,41.0,201.0,102.0,,,,,,,,0.43,0.11,0.54,0.83,0.0,0.25,0.63,1.0,7.03,27,1.0,14.0,0.0,0.0,0.0,0.0,0.0,0.0,0.0,0.0,0.0,0.0,0.0,0.0,3.0,257.0,2226.0,0.0,0.0,0.0,0.0,0.41999999999999993,0.19999999999998863,0.5,2.0,0.30000000000000426,0.0,0.0,4.0,4.0
20,Leandro,Trossard,Trossard,a,,,6.8,43,26.0,1.1,185,63.0,2.7,138.0,66.0,2,0,0.0,-2,2.0,801,3474,0.4,14.3,3.2,3.7,4.0,74.0,33.0,100.0,100.0,101.0,32.0,37.0,35.0,34.0,18.0,33.0,24.0,,,4.0,,,,,0.27,0.15,0.42,0.6,0.0,0.45,0.74,0.96,6.0,27,2.0,75.0,0.0,0.0,0.0,1.0,0.0,0.0,0.0,0.0,0.0,0.0,1.0,0.0,8.0,926.0,4335.0,0.0,0.2400000000000002,0.06000000000000005,0.2999999999999998,0.3500000000000014,5.599999999999966,9.799999999999955,20.0,3.5,3.0,1.0,4.0,8.0
21,Declan,Rice,Rice,a,,,7.6,22,15.0,34.1,8,3.0,4.5,38.0,19.0,4,0,0.0,11,-11.0,14620,31710,0.6,20.0,5.0,5.5,5.6,8.0,5.0,100.0,100.0,9.0,3.0,3.0,3.0,86.0,53.0,7.0,5.0,1.0,1.0,,,,,,0.11,0.23,0.34,0.62,0.0,0.46,0.77,1.01,11.19,27,4.0,90.0,0.0,0.0,0.0,1.0,0.0,0.0,0.0,0.0,0.0,0.0,1.0,0.0,11.0,16291.0,42236.0,0.0,0.0,0.02999999999999936,0.02999999999999936,0.7599999999999998,4.399999999999977,7.2999999999999545,4.0,1.5999999999999943,2.0,2.0,9.0,13.0
30,Kai,Havertz,Havertz,d,Muscle injury - 75% chance of playing,,7.3,25,10.0,0.6,236,35.0,1.2,264.0,33.0,0,0,0.0,-2,2.0,88,3091,0.2,1.1,1.3,1.7,2.7,248.0,28.0,75.0,75.0,425.0,50.0,369.0,47.0,373.0,54.0,419.0,53.0,,,,,,,,0.12,0.03,0.15,0.64,0.0,1.15,0.0,1.15,5.77,27,0.0,0.0,0.0,0.0,0.0,0.0,0.0,0.0,0.0,0.0,0.0,0.0,0.0,0.0,0.0,95.0,4393.0,0.0,0.0,0.0,0.0,0.0,0.0,0.0,0.0,0.0,0.0,0.0,0.0,0.0
31,Gabriel,Fernando de Jesus,G.Jesus,a,,,6.4,55,20.0,0.5,253,40.0,1.2,263.0,32.0,0,0,0.0,-1,1.0,427,3904,0.2,2.7,1.7,2.2,1.5,417.0,51.0,100.0,100.0,344.0,34.0,379.0,48.0,110.0,28.0,310.0,35.0,,,,,,,,0.52,0.06,0.58,1.05,0.0,0.0,1.78,0.59,7.7,27,0.0,0.0,0.0,0.0,0.0,0.0,0.0,0.0,0.0,0.0,0.0,0.0,0.0,0.0,0.0,470.0,4393.0,0.0,0.0,0.0,0.0,0.0,0.0,0.0,0.0,0.0,0.0,0.0,0.0,0.0
266,Eberechi,Eze,Eze,a,,,7.2,30,18.0,7.7,50,17.0,3.0,124.0,58.0,14,0,0.0,-3,3.0,11181,2451,0.4,11.9,3.5,4.0,3.7,102.0,47.0,,,147.0,50.0,145.0,99.0,55.0,34.0,96.0,58.0,,,,,,,,0.26,0.15,0.41,0.54,0.0,0.44,0.66,1.03,5.96,27,14.0,76.0,2.0,0.0,0.0,1.0,0.0,0.0,0.0,0.0,0.0,0.0,1.0,2.0,48.0,11257.0,3025.0,0.0,0.6800000000000002,0.31999999999999984,1.0,0.34999999999999964,70.59999999999997,29.19999999999999,46.0,14.599999999999994,0.0,1.0,5.0,6.0
700,Max,Dowman,Dowman,i,Ankle injury - Unknown return date,,4.2,648,367.0,0.5,268,94.0,0.0,547.0,181.0,0,0,0.0,-3,3.0,1362,679,0.0,1.2,0.0,0.0,2.5,269.0,113.0,0.0,0.0,492.0,227.0,467.0,225.0,360.0,186.0,458.0,208.0,,,,,,,,0.47,0.07,0.54,0.4,0.0,0.0,0.0,0.0,10.0,27,0.0,0.0,0.0,0.0,0.0,0.0,0.0,0.0,0.0,0.0,0.0,0.0,0.0,0.0,0.0,1653.0,743.0,0.0,0.0,0.0,0.0,0.0,0.0,0.0,0.0,0.0,0.0,0.0,0.0,0.0
711,Andre,Harriman-Annous,Harriman-Annous,a,,,4.4,571,342.0,0.0,701,292.0,0.0,613.0,220.0,0,0,0.0,-1,1.0,3,6,0.0,0.0,0.5,1.0,0.0,686.0,268.0,,,679.0,262.0,674.0,266.0,655.0,258.0,682.0,265.0,,,,,,,,0.0,0.0,0.0,0.0,0.0,0.0,0.0,0.0,0.0,27,0.0,0.0,0.0,0.0,0.0,0.0,0.0,0.0,0.0,0.0,0.0,0.0,0.0,0.0,0.0,3.0,6.0,0.0,0.0,0.0,0.0,0.0,0.0,0.0,0.0,0.0,0.0,0.0,0.0,0.0
725,Piero,Hincapié,Hincapie,a,,,5.1,237,34.0,0.7,223,85.0,4.3,44.0,14.0,4,0,0.0,-4,4.0,2399,767,0.8,12.0,4.8,5.3,3.4,137.0,50.0,100.0,100.0,148.0,65.0,188.0,47.0,311.0,97.0,218.0,73.0,,,,,,,,0.02,0.09,0.11,0.85,0.0,0.21,1.04,1.04,8.08,27,4.0,90.0,0.0,0.0,0.0,1.0,0.0,0.0,0.0,0.0,0.0,0.0,1.0,0.0,16.0,2742.0,905.0,0.0,0.020000000000000018,0.27,0.29000000000000004,0.7599999999999998,24.0,35.499999999999986,2.0,6.199999999999996,7.0,3.0,4.0,10.0
759,Marli,Salmon,Salmon,a,,,4.0,728,204.0,0.0,687,238.0,0.0,524.0,217.0,0,0,0.0,0,0.0,15,11,0.0,0.0,0.5,1.0,0.0,627.0,241.0,,,616.0,240.0,609.0,240.0,578.0,235.0,619.0,240.0,,,,,,,,0.0,0.0,0.0,0.0,0.0,0.0,0.0,0.0,0.0,27,0.0,0.0,0.0,0.0,0.0,0.0,0.0,0.0,0.0,0.0,0.0,0.0,0.0,0.0,0.0,18.0,12.0,0.0,0.0,0.0,0.0,0.0,0.0,0.0,0.0,0.0,0.0,0.0,0.0,0.0
32,Emiliano,Martínez Romero,Martinez,a,,,5.1,224,7.0,4.7,74,13.0,5.8,12.0,1.0,3,1,-1.0,1,-1.0,11547,2343,1.1,18.6,6.3,5.8,4.1,56.0,3.0,100.0,100.0,50.0,12.0,448.0,12.0,788.0,90.0,223.0,13.0,,,,,,,,0.0,0.0,0.0,1.3,3.02,0.27,0.89,1.02,0.0,27,3.0,90.0,0.0,0.0,0.0,1.0,0.0,0.0,0.0,0.0,0.0,3.0,1.0,0.0,13.0,14672.0,2520.0,0.0,0.0,0.0,0.0,1.3500000000000014,25.999999999999943,0.0,0.0,2.6000000000000014,0.0,1.0,3.0,0.0
34,Joe,Gauci,Gauci,u,Has joined Port Vale on loan for the rest of the season.,,4.0,684,53.0,0.1,494,74.0,0.0,485.0,64.0,0,0,0.0,0,0.0,0,13,0.0,0.0,0.0,0.0,0.0,592.0,72.0,0.0,0.0,581.0,72.0,574.0,60.0,542.0,47.0,584.0,72.0,,,,,,,,0.0,0.0,0.0,0.0,0.0,0.0,0.0,0.0,0.0,27,0.0,0.0,0.0,0.0,0.0,0.0,0.0,0.0,0.0,0.0,0.0,0.0,0.0,0.0,0.0,0.0,13.0,0.0,0.0,0.0,0.0,0.0,0.0,0.0,0.0,0.0,0.0,0.0,0.0,0.0
35,Filip,Marschall,Marschall,u,Has joined Stevenage permanently.,,4.0,683,52.0,0.0,748,84.0,0.0,484.0,63.0,0,0,0.0,0,0.0,0,0,0.0,0.0,0.0,0.0,0.0,591.0,71.0,0.0,0.0,580.0,71.0,573.0,59.0,541.0,46.0,583.0,71.0,,,,,,,,0.0,0.0,0.0,0.0,0.0,0.0,0.0,0.0,0.0,27,0.0,0.0,0.0,0.0,0.0,0.0,0.0,0.0,0.0,0.0,0.0,0.0,0.0,0.0,0.0,0.0,0.0,0.0,0.0,0.0,0.0,0.0,0.0,0.0,0.0,0.0,0.0,0.0,0.0,0.0
36,Matty,Cash,Cash,a,,,4.9,301,47.0,11.0,33,12.0,2.4,158.0,54.0,2,0,0.0,4,-4.0,9881,11212,0.5,20.6,2.9,2.4,4.0,65.0,28.0,100.0,100.0,55.0,25.0,51.0,7.0,136.0,26.0,54.0,8.0,1.0,,,,,,,0.04,0.1,0.14,1.35,0.0,0.28,0.93,1.01,5.76,27,2.0,86.0,0.0,0.0,0.0,1.0,0.0,0.0,0.0,0.0,0.0,0.0,1.0,0.0,13.0,12376.0,12223.0,0.0,0.020000000000000018,0.1200000000000001,0.14000000000000012,1.3499999999999979,18.0,19.80000000000001,5.0,4.299999999999997,1.0,6.0,3.0,7.0
37,Lucas,Digne,Digne,a,,,4.5,408,72.0,1.6,153,61.0,1.4,239.0,89.0,0,0,0.0,0,0.0,561,2060,0.3,16.0,1.9,1.4,3.1,169.0,66.0,100.0,100.0,195.0,79.0,87.0,20.0,225.0,58.0,157.0,51.0,2.0,2.0,,,,,,0.04,0.15,0.19,1.39,0.0,0.41,0.89,1.03,5.36,27,0.0,0.0,0.0,0.0,0.0,0.0,0.0,0.0,0.0,0.0,0.0,0.0,0.0,0.0,0.0,711.0,2183.0,0.0,0.0,0.0,0.0,0.0,0.0,0.0,0.0,0.0,0.0,0.0,0.0,0.0
38,Ezri,Konsa Ngoyo,Konsa,a,,,4.4,526,105.0,8.1,46,16.0,4.6,34.0,9.0,7,0,0.0,-1,1.0,10035,1801,1.0,19.8,5.1,4.6,3.3,144.0,55.0,100.0,100.0,71.0,32.0,273.0,87.0,230.0,60.0,170.0,55.0,,,,,,,,0.04,0.02,0.06,1.41,0.0,0.31,1.05,1.01,5.99,27,7.0,90.0,0.0,1.0,0.0,1.0,0.0,0.0,0.0,0.0,0.0,0.0,1.0,0.0,23.0,11878.0,2073.0,0.0,0.13,0.010000000000000009,0.14000000000000012,1.3499999999999943,28.80000000000001,1.5,10.0,4.000000000000007,2.0,8.0,4.0,10.0
39,Ian,Maatsen,Maatsen,a,,,4.2,637,149.0,0.6,229,88.0,3.6,70.0,25.0,2,0,0.0,-3,3.0,994,450,0.9,9.0,4.1,3.6,1.8,354.0,131.0,,,229.0,88.0,108.0,28.0,159.0,34.0,174.0,57.0,5.0,,,,,,,0.07,0.14,0.21,1.41,0.0,0.16,1.19,0.95,7.15,27,2.0,90.0,0.0,0.0,0.0,1.0,0.0,0.0,0.0,0.0,0.0,0.0,1.0,0.0,8.0,1312.0,490.0,0.0,0.0,0.020000000000000018,0.020000000000000018,1.3499999999999979,9.799999999999983,3.5,2.0,1.5,2.0,2.0,4.0,4.0
40,Tyrone,Mings,Mings,a,,,4.3,578,126.0,0.7,220,84.0,3.4,80.0,29.0,2,0,0.0,-2,2.0,863,448,0.8,9.5,3.9,3.4,3.7,94.0,34.0,100.0,100.0,262.0,108.0,300.0,99.0,307.0,94.0,321.0,109.0,,,,,,,,0.07,0.04,0.11,1.48,0.0,0.35,0.92,1.04,7.48,27,2.0,90.0,0.0,0.0,0.0,1.0,0.0,0.0,0.0,0.0,0.0,0.0,1.0,0.0,12.0,1327.0,498.0,0.0,0.08999999999999997,0.24000000000000002,0.32999999999999996,1.3499999999999996,24.0,21.5,11.0,5.699999999999999,0.0,8.0,1.0,8.0
41,Pau,Torres,Pau,a,,,4.3,586,131.0,0.3,308,114.0,1.6,224.0,80.0,0,0,0.0,-2,2.0,81,376,0.4,11.4,2.1,1.6,3.3,143.0,54.0,100.0,100.0,223.0,85.0,361.0,127.0,314.0,100.0,313.0,105.0,,,,,,,,0.04,0.02,0.06,1.28,0.0,0.3,0.97,0.97,6.49,27,0.0,0.0,0.0,0.0,0.0,0.0,0.0,0.0,0.0,0.0,0.0,0.0,0.0,0.0,0.0,101.0,404.0,0.0,0.0,0.0,0.0,0.0,0.0,0.0,0.0,0.0,0.0,0.0,0.0,0.0
42,Andrés,García,A.García,a,,,3.9,781,230.0,0.2,376,137.0,0.2,359.0,130.0,1,0,0.0,-1,1.0,82,29,0.1,0.5,0.7,0.2,0.7,509.0,176.0,100.0,100.0,496.0,176.0,456.0,166.0,516.0,200.0,499.0,176.0,,,,,,,,0.0,0.03,0.03,4.15,0.0,0.0,5.45,0.0,0.0,27,1.0,3.0,0.0,0.0,0.0,0.0,0.0,0.0,0.0,0.0,0.0,0.0,0.0,0.0,3.0,88.0,34.0,0.0,0.0,0.0,0.0,0.0,0.20000000000000007,0.10000000000000009,0.0,0.0,0.0,0.0,0.0,0.0
43,Álex,Moreno Lopera,Alex Moreno,u,Has joined Girona permanently.,,4.0,662,161.0,1.6,151,60.0,0.0,467.0,182.0,0,0,0.0,0,0.0,0,206,0.0,0.0,0.0,0.0,0.0,575.0,210.0,0.0,0.0,564.0,209.0,555.0,209.0,522.0,202.0,567.0,209.0,,,,,,,,0.0,0.0,0.0,0.0,0.0,0.0,0.0,0.0,0.0,27,0.0,0.0,0.0,0.0,0.0,0.0,0.0,0.0,0.0,0.0,0.0,0.0,0.0,0.0,0.0,0.0,238.0,0.0,0.0,0.0,0.0,0.0,0.0,0.0,0.0,0.0,0.0,0.0,0.0,0.0
44,Lamare,Bogarde,Bogarde,a,,,4.0,702,182.0,0.5,251,94.0,2.2,173.0,60.0,1,0,0.0,0,0.0,240,320,0.6,8.2,2.7,2.2,1.5,403.0,145.0,100.0,100.0,356.0,134.0,346.0,119.0,399.0,145.0,385.0,137.0,,,,,,,,0.0,0.02,0.02,1.29,0.0,0.27,1.09,0.95,5.3,27,1.0,3.0,0.0,0.0,0.0,0.0,0.0,0.0,0.0,0.0,0.0,0.0,0.0,0.0,3.0,322.0,342.0,0.0,0.0,0.0,0.0,0.0,0.3999999999999915,0.5,0.0,0.09999999999999964,0.0,0.0,1.0,0.0
45,Lino,da Cruz Sousa,Sousa,u,has joined Rotherham on loan for the rest of the season.,,3.8,799,247.0,0.3,327,119.0,0.0,414.0,159.0,0,0,0.0,-2,2.0,0,189,0.0,0.0,0.0,0.0,0.0,526.0,191.0,0.0,0.0,515.0,190.0,502.0,188.0,467.0,179.0,518.0,190.0,,,,,,,,0.0,0.0,0.0,0.0,0.0,0.0,0.0,0.0,0.0,27,0.0,0.0,0.0,0.0,0.0,0.0,0.0,0.0,0.0,0.0,0.0,0.0,0.0,0.0,0.0,0.0,209.0,0.0,0.0,0.0,0.0,0.0,0.0,0.0,0.0,0.0,0.0,0.0,0.0,0.0
46,Yasin,Özcan,Yasin,u,has joined Anderlecht on loan for the rest of the season.,,4.0,718,195.0,0.1,461,169.0,0.0,515.0,209.0,0,0,0.0,0,0.0,0,11,0.0,0.0,0.0,0.0,0.0,619.0,234.0,0.0,0.0,608.0,233.0,601.0,233.0,570.0,228.0,611.0,233.0,,,,,,,,0.0,0.0,0.0,0.0,0.0,0.0,0.0,0.0,0.0,27,0.0,0.0,0.0,0.0,0.0,0.0,0.0,0.0,0.0,0.0,0.0,0.0,0.0,0.0,0.0,0.0,11.0,0.0,0.0,0.0,0.0,0.0,0.0,0.0,0.0,0.0,0.0,0.0,0.0,0.0
47,Morgan,Rogers,Rogers,a,,,7.7,19,14.0,31.5,11,4.0,4.8,32.0,16.0,2,0,0.0,7,-7.0,21985,27653,0.6,16.5,5.3,4.8,4.7,25.0,13.0,100.0,100.0,34.0,8.0,23.0,22.0,12.0,4.0,9.0,7.0,,,,,,,,0.18,0.12,0.3,1.39,0.0,0.3,1.05,1.01,6.17,27,2.0,90.0,0.0,0.0,0.0,1.0,0.0,0.0,0.0,0.0,0.0,0.0,1.0,0.0,11.0,30031.0,29639.0,0.0,0.0699999999999994,0.20000000000000018,0.2699999999999996,1.3500000000000014,11.600000000000023,20.5,14.0,4.599999999999994,1.0,2.0,4.0,7.0
48,Youri,Tielemans,Tielemans,i,Ankle injury - Expected back 11 Apr,,5.9,92,58.0,0.6,228,79.0,0.6,325.0,147.0,0,0,0.0,-1,1.0,13,537,0.1,8.8,0.0,0.0,3.1,179.0,77.0,0.0,0.0,165.0,60.0,42.0,39.0,174.0,99.0,105.0,62.0,3.0,,,,,,,0.07,0.18,0.25,1.6,0.0,0.28,1.18,1.04,9.59,27,0.0,0.0,0.0,0.0,0.0,0.0,0.0,0.0,0.0,0.0,0.0,0.0,0.0,0.0,0.0,14.0,594.0,0.0,0.0,0.0,0.0,0.0,0.0,0.0,0.0,0.0,0.0,0.0,0.0,0.0
49,Leon,Bailey,Bailey,a,,,5.5,141,88.0,0.1,485,171.0,1.2,262.0,117.0,2,0,0.0,0,0.0,169,56,0.2,1.1,1.7,1.2,1.2,441.0,199.0,100.0,100.0,433.0,192.0,251.0,154.0,345.0,179.0,377.0,177.0,,,,,,,,0.1,0.29,0.39,0.73,0.0,0.0,0.47,0.47,10.42,27,2.0,60.0,0.0,0.0,0.0,1.0,0.0,0.0,0.0,0.0,0.0,0.0,1.0,0.0,6.0,185.0,61.0,0.0,0.06,0.06999999999999995,0.13,0.42999999999999994,7.800000000000001,19.400000000000006,7.0,3.400000000000002,0.0,0.0,9.0,9.0
50,Emiliano,Buendía Stati,Buendía,a,,,5.3,190,117.0,0.6,250,86.0,3.2,99.0,46.0,1,0,0.0,-2,2.0,873,1184,0.6,14.3,3.7,3.2,3.0,193.0,80.0,100.0,100.0,156.0,56.0,92.0,69.0,72.0,43.0,92.0,55.0,,6.0,2.0,,,,,0.2,0.11,0.31,1.38,0.0,0.22,0.88,1.1,10.0,27,1.0,74.0,0.0,0.0,0.0,1.0,0.0,0.0,0.0,1.0,0.0,0.0,1.0,0.0,259.0,1146.0,1345.0,0.0,0.14000000000000012,0.030000000000000027,0.16999999999999993,1.0699999999999967,0.0,2.8000000000000114,5.0,0.0,0.0,0.0,3.0,3.0
51,Samuel,Iling-Junior,Iling Jr,u,has joined Pisa on loan for the rest of the season.,,5.5,150,94.0,0.0,683,280.0,0.0,790.0,349.0,0,0,0.0,0,0.0,0,4,0.0,0.0,0.0,0.0,0.0,805.0,358.0,0.0,0.0,805.0,358.0,804.0,358.0,802.0,357.0,805.0,358.0,,,,,,,,0.0,0.0,0.0,0.0,0.0,0.0,0.0,0.0,0.0,27,0.0,0.0,0.0,0.0,0.0,0.0,0.0,0.0,0.0,0.0,0.0,0.0,0.0,0.0,0.0,0.0,4.0,0.0,0.0,0.0,0.0,0.0,0.0,0.0,0.0,0.0,0.0,0.0,0.0,0.0
608,Ollie,Scarles,Scarles,a,,,4.3,606,139.0,0.0,614,217.0,1.4,236.0,86.0,0,0,0.0,-2,2.0,12,31,0.3,4.9,0.9,1.4,1.8,355.0,132.0,100.0,100.0,309.0,116.0,295.0,95.0,367.0,125.0,348.0,118.0,,,,,,,,0.02,0.04,0.06,1.83,0.0,0.0,2.2,1.24,9.91,27,0.0,0.0,0.0,0.0,0.0,0.0,0.0,0.0,0.0,0.0,0.0,0.0,0.0,0.0,0.0,12.0,34.0,0.0,0.0,0.0,0.0,0.0,0.0,0.0,0.0,0.0,0.0,0.0,0.0,0.0
54,John,McGinn,McGinn,i,Knee injury - Expected back 21 Mar,,5.4,158,97.0,0.5,257,88.0,0.0,775.0,337.0,0,0,0.0,-1,1.0,17,564,0.0,13.1,0.0,0.0,3.2,163.0,71.0,0.0,0.0,174.0,68.0,49.0,42.0,128.0,75.0,97.0,59.0,4.0,,,,,,,0.14,0.11,0.25,1.5,0.0,0.4,1.19,1.19,7.13,27,0.0,0.0,0.0,0.0,0.0,0.0,0.0,0.0,0.0,0.0,0.0,0.0,0.0,0.0,0.0,21.0,631.0,0.0,0.0,0.0,0.0,0.0,0.0,0.0,0.0,0.0,0.0,0.0,0.0,0.0
55,Ross,Barkley,Barkley,a,,,4.8,353,220.0,0.0,612,237.0,0.6,314.0,141.0,1,0,0.0,-2,2.0,43,21,0.1,3.8,1.1,0.6,1.8,361.0,158.0,100.0,100.0,388.0,171.0,321.0,180.0,295.0,160.0,367.0,174.0,,,,,,,,0.28,0.14,0.42,1.5,0.0,0.0,0.0,0.0,11.61,27,1.0,29.0,0.0,0.0,0.0,0.0,0.0,0.0,0.0,0.0,0.0,0.0,0.0,0.0,9.0,53.0,21.0,0.0,0.09999999999999998,0.10999999999999999,0.20999999999999996,0.9199999999999999,4.800000000000004,13.699999999999996,3.0,2.1999999999999993,0.0,1.0,2.0,3.0
56,Enzo,Barrenechea,Barrenechea,u,Season-long loan to Benfica,,5.0,268,162.0,0.0,817,367.0,0.0,753.0,322.0,0,0,0.0,0,0.0,0,0,0.0,0.0,0.0,0.0,0.0,787.0,345.0,0.0,0.0,786.0,344.0,785.0,345.0,781.0,343.0,787.0,345.0,,,,,,,,0.0,0.0,0.0,0.0,0.0,0.0,0.0,0.0,0.0,27,0.0,0.0,0.0,0.0,0.0,0.0,0.0,0.0,0.0,0.0,0.0,0.0,0.0,0.0,0.0,0.0,0.0,0.0,0.0,0.0,0.0,0.0,0.0,0.0,0.0,0.0,0.0,0.0,0.0,0.0
57,Lewis,Dobbin,Dobbin,u,Has joined Preston North End on loan for the rest of the season.,,5.0,260,159.0,0.0,663,268.0,0.0,749.0,319.0,0,0,0.0,0,0.0,0,2,0.0,0.0,0.0,0.0,0.0,783.0,342.0,0.0,0.0,782.0,341.0,780.0,342.0,777.0,340.0,783.0,342.0,,,,,,,,0.0,0.0,0.0,0.0,0.0,0.0,0.0,0.0,0.0,27,0.0,0.0,0.0,0.0,0.0,0.0,0.0,0.0,0.0,0.0,0.0,0.0,0.0,0.0,0.0,0.0,2.0,0.0,0.0,0.0,0.0,0.0,0.0,0.0,0.0,0.0,0.0,0.0,0.0,0.0
58,Boubacar,Kamara,Kamara,i,Knee injury - Expected back 01 Jun,,4.9,317,196.0,0.2,375,126.0,0.0,726.0,303.0,0,0,0.0,-1,1.0,3,196,0.0,12.4,0.0,0.0,3.4,135.0,61.0,0.0,0.0,155.0,55.0,122.0,84.0,271.0,148.0,178.0,94.0,,,,,,,,0.03,0.05,0.08,1.33,0.0,0.32,0.96,1.09,9.51,27,0.0,0.0,0.0,0.0,0.0,0.0,0.0,0.0,0.0,0.0,0.0,0.0,0.0,0.0,0.0,3.0,228.0,0.0,0.0,0.0,0.0,0.0,0.0,0.0,0.0,0.0,0.0,0.0,0.0,0.0
59,Amadou,Onana,Onana,a,,,4.8,367,229.0,0.7,217,74.0,2.8,127.0,61.0,2,0,0.0,-2,2.0,627,347,0.6,12.5,3.3,2.8,3.3,146.0,63.0,100.0,100.0,171.0,65.0,280.0,163.0,226.0,125.0,236.0,117.0,,,,,,,,0.06,0.02,0.08,1.43,0.0,0.38,0.98,1.13,11.94,27,2.0,60.0,0.0,0.0,0.0,1.0,0.0,0.0,0.0,0.0,0.0,0.0,1.0,0.0,12.0,727.0,399.0,0.0,0.35,0.010000000000000009,0.3600000000000001,0.4299999999999997,11.800000000000011,1.6000000000000085,33.0,4.600000000000001,1.0,2.0,2.0,5.0
60,Ben,Broggio,Broggio,u,has joined Falkirk on loan for the rest of the season.,,4.4,563,337.0,0.3,331,114.0,0.0,606.0,216.0,0,0,0.0,-1,1.0,0,127,0.0,0.0,0.0,0.0,0.0,682.0,266.0,0.0,0.0,674.0,259.0,670.0,264.0,650.0,255.0,677.0,262.0,,,,,,,,0.0,0.0,0.0,0.0,0.0,0.0,0.0,0.0,0.0,27,0.0,0.0,0.0,0.0,0.0,0.0,0.0,0.0,0.0,0.0,0.0,0.0,0.0,0.0,0.0,0.0,136.0,0.0,0.0,0.0,0.0,0.0,0.0,0.0,0.0,0.0,0.0,0.0,0.0,0.0
65,Zépiqueno,Redmond,Redmond,u,has joined Huddersfield Town on loan for the rest of the season.,,4.5,483,69.0,0.3,322,54.0,0.0,668.0,69.0,0,0,0.0,0,0.0,0,35,0.0,0.0,0.0,0.0,0.0,730.0,78.0,0.0,0.0,727.0,78.0,723.0,77.0,710.0,77.0,729.0,78.0,,,,,,,,0.0,0.0,0.0,0.0,0.0,0.0,0.0,0.0,0.0,27,0.0,0.0,0.0,0.0,0.0,0.0,0.0,0.0,0.0,0.0,0.0,0.0,0.0,0.0,0.0,0.0,36.0,0.0,0.0,0.0,0.0,0.0,0.0,0.0,0.0,0.0,0.0,0.0,0.0,0.0
389,Harvey,Elliott,Elliott,i,Knock - Unknown return date,,5.1,236,144.0,0.2,394,131.0,0.2,387.0,172.0,0,0,0.0,-4,4.0,3,179,0.0,1.0,0.0,0.0,1.0,498.0,233.0,0.0,0.0,451.0,202.0,372.0,190.0,350.0,183.0,432.0,194.0,,,,,,,,0.24,0.07,0.31,1.42,0.0,0.0,1.64,0.82,4.91,27,0.0,0.0,0.0,0.0,0.0,0.0,0.0,0.0,0.0,0.0,0.0,0.0,0.0,0.0,0.0,3.0,186.0,0.0,0.0,0.0,0.0,0.0,0.0,0.0,0.0,0.0,0.0,0.0,0.0,0.0
701,Triston,Rowe,Rowe,u,has joined Annecy on loan for the rest of the season.,,4.0,714,191.0,0.1,536,190.0,0.0,511.0,205.0,0,0,0.0,0,0.0,0,6,0.0,0.0,0.0,0.0,0.0,616.0,231.0,0.0,0.0,605.0,230.0,598.0,230.0,567.0,225.0,608.0,230.0,,,,,,,,0.0,0.0,0.0,0.0,0.0,0.0,0.0,0.0,0.0,27,0.0,0.0,0.0,0.0,0.0,0.0,0.0,0.0,0.0,0.0,0.0,0.0,0.0,0.0,0.0,0.0,6.0,0.0,0.0,0.0,0.0,0.0,0.0,0.0,0.0,0.0,0.0,0.0,0.0,0.0
702,Bradley,Burrowes,Burrowes,a,,,4.4,570,341.0,0.1,535,195.0,0.0,612.0,219.0,0,0,0.0,-1,1.0,31,21,0.0,0.2,0.5,0.0,1.0,472.0,212.0,,,678.0,261.0,479.0,233.0,654.0,257.0,681.0,264.0,,,,,,,,0.0,0.0,0.0,5.06,0.0,0.0,5.62,0.0,5.62,27,0.0,0.0,0.0,0.0,0.0,0.0,0.0,0.0,0.0,0.0,0.0,0.0,0.0,0.0,0.0,34.0,22.0,0.0,0.0,0.0,0.0,0.0,0.0,0.0,0.0,0.0,0.0,0.0,0.0,0.0
703,Sam,Proctor,Proctor,a,,,3.9,776,91.0,0.6,234,30.0,0.0,458.0,50.0,0,0,0.0,-1,1.0,491,324,0.0,0.0,0.5,0.0,0.0,566.0,59.0,,,555.0,59.0,545.0,44.0,511.0,31.0,558.0,59.0,,,,,,,,0.0,0.0,0.0,0.0,0.0,0.0,0.0,0.0,0.0,27,0.0,0.0,0.0,0.0,0.0,0.0,0.0,0.0,0.0,0.0,0.0,0.0,0.0,0.0,0.0,509.0,346.0,0.0,0.0,0.0,0.0,0.0,0.0,0.0,0.0,0.0,0.0,0.0,0.0,0.0
710,Travis,Patterson,Patterson,a,,,3.9,773,226.0,0.2,382,141.0,0.0,455.0,177.0,0,0,0.0,-1,1.0,24,60,0.0,0.0,0.5,0.0,0.0,563.0,205.0,,,552.0,204.0,542.0,204.0,508.0,196.0,555.0,204.0,,,,,,,,0.0,0.0,0.0,0.0,0.0,0.0,0.0,0.0,0.0,27,0.0,0.0,0.0,0.0,0.0,0.0,0.0,0.0,0.0,0.0,0.0,0.0,0.0,0.0,0.0,29.0,68.0,0.0,0.0,0.0,0.0,0.0,0.0,0.0,0.0,0.0,0.0,0.0,0.0,0.0
719,Victor,Lindelöf,Lindelöf,a,,,4.5,415,76.0,0.1,468,170.0,0.4,338.0,122.0,0,0,0.0,0,0.0,64,162,0.1,4.9,0.9,0.4,1.8,359.0,133.0,100.0,100.0,320.0,121.0,376.0,134.0,410.0,153.0,378.0,134.0,,,,,,,,0.0,0.01,0.01,1.69,0.0,0.16,1.42,0.94,5.66,27,0.0,0.0,0.0,0.0,0.0,0.0,0.0,0.0,0.0,0.0,0.0,0.0,0.0,0.0,0.0,72.0,174.0,0.0,0.0,0.0,0.0,0.0,0.0,0.0,0.0,0.0,0.0,0.0,0.0,0.0
754,George,Hemmings,George Hemmings,a,,,4.5,484,295.0,0.0,751,319.0,0.0,669.0,262.0,0,0,0.0,0,0.0,17,12,0.0,0.4,0.5,0.0,1.0,481.0,219.0,,,728.0,300.0,455.0,219.0,445.0,219.0,495.0,229.0,,,,,,,,0.14,0.04,0.18,2.2,0.0,0.0,0.0,0.0,3.6,27,0.0,0.0,0.0,0.0,0.0,0.0,0.0,0.0,0.0,0.0,0.0,0.0,0.0,0.0,0.0,20.0,12.0,0.0,0.0,0.0,0.0,0.0,0.0,0.0,0.0,0.0,0.0,0.0,0.0,0.0
757,Ronnie,Hollingshead,Hollingshead,a,,,4.0,704,62.0,0.0,714,83.0,0.0,501.0,73.0,0,0,0.0,0,0.0,9,9,0.0,0.0,0.5,0.0,0.0,607.0,81.0,,,596.0,81.0,589.0,69.0,557.0,56.0,599.0,81.0,,,,,,,,0.0,0.0,0.0,0.0,0.0,0.0,0.0,0.0,0.0,27,0.0,0.0,0.0,0.0,0.0,0.0,0.0,0.0,0.0,0.0,0.0,0.0,0.0,0.0,0.0,11.0,9.0,0.0,0.0,0.0,0.0,0.0,0.0,0.0,0.0,0.0,0.0,0.0,0.0,0.0
196,Shurandy,Sambo,Sambo,u,has joined Sparta Rotterdam on loan for the rest of the season.,,4.0,680,170.0,0.0,615,218.0,0.0,482.0,189.0,0,0,0.0,0,0.0,0,3,0.0,0.0,0.0,0.0,0.0,589.0,217.0,0.0,0.0,578.0,216.0,571.0,216.0,539.0,210.0,581.0,216.0,,,,,,,,0.0,0.0,0.0,0.0,0.0,0.0,0.0,0.0,0.0,27,0.0,0.0,0.0,0.0,0.0,0.0,0.0,0.0,0.0,0.0,0.0,0.0,0.0,0.0,0.0,0.0,3.0,0.0,0.0,0.0,0.0,0.0,0.0,0.0,0.0,0.0,0.0,0.0,0.0,0.0
209,Josh,Laurent,Laurent,a,,,4.8,354,221.0,0.0,611,236.0,0.8,294.0,128.0,1,0,0.0,-2,2.0,14,27,0.2,9.6,0.3,-0.2,1.9,341.0,149.0,,,215.0,93.0,221.0,144.0,247.0,135.0,252.0,128.0,,,,,,,,0.04,0.03,0.07,2.01,0.0,0.07,2.09,0.88,9.57,27,1.0,77.0,0.0,0.0,0.0,1.0,0.0,0.0,0.0,1.0,0.0,0.0,1.0,0.0,8.0,16.0,29.0,0.0,0.06999999999999995,0.08000000000000002,0.15000000000000002,1.879999999999999,5.799999999999983,15.700000000000003,17.0,3.8999999999999986,0.0,1.0,2.0,3.0
210,Loum,Tchaouna,Tchaouna,a,,,4.9,335,208.0,0.0,627,245.0,0.6,317.0,143.0,1,0,0.0,-1,1.0,5,7,0.1,7.3,0.1,-0.4,1.8,364.0,161.0,,,354.0,157.0,261.0,157.0,233.0,129.0,330.0,157.0,,2.0,,,,,,0.1,0.06,0.16,1.64,0.0,0.22,1.34,1.01,5.37,27,1.0,7.0,0.0,0.0,0.0,0.0,0.0,0.0,0.0,0.0,0.0,0.0,0.0,0.0,5.0,6.0,7.0,0.0,0.0,0.11999999999999994,0.11999999999999988,0.07000000000000028,4.199999999999989,15.299999999999997,0.0,2.0,0.0,0.0,0.0,0.0
212,Oluwaseun,Adewumi,Adewumi,u,Has joined Cercle Brugge on loan for the rest of the season.,,4.5,480,292.0,0.0,761,325.0,0.0,665.0,259.0,0,0,0.0,0,0.0,0,0,0.0,0.0,0.0,0.0,0.0,729.0,302.0,0.0,0.0,726.0,299.0,722.0,301.0,708.0,296.0,728.0,301.0,,,,,,,,0.0,0.0,0.0,0.0,0.0,0.0,0.0,0.0,0.0,27,0.0,0.0,0.0,0.0,0.0,0.0,0.0,0.0,0.0,0.0,0.0,0.0,0.0,0.0,0.0,0.0,0.0,0.0,0.0,0.0,0.0,0.0,0.0,0.0,0.0,0.0,0.0,0.0,0.0,0.0
213,Jaydon,Banel,Banel,u,has joined Derby County on loan for the rest of the season.,,4.5,467,284.0,0.0,613,238.0,0.0,654.0,251.0,0,0,0.0,0,0.0,0,19,0.0,0.2,0.0,0.0,1.0,475.0,214.0,0.0,0.0,715.0,292.0,471.0,227.0,696.0,288.0,717.0,294.0,,,,,,,,0.0,0.0,0.0,0.5,0.0,0.0,0.0,0.0,0.0,27,0.0,0.0,0.0,0.0,0.0,0.0,0.0,0.0,0.0,0.0,0.0,0.0,0.0,0.0,0.0,0.0,19.0,0.0,0.0,0.0,0.0,0.0,0.0,0.0,0.0,0.0,0.0,0.0,0.0,0.0
214,Mike,Trésor Ndayishimiye,Trésor,i,Ankle injury - Unknown return date,,4.4,538,321.0,0.1,566,209.0,0.0,588.0,203.0,0,0,0.0,-1,1.0,2,18,0.0,0.9,0.0,0.0,1.0,465.0,205.0,0.0,0.0,497.0,228.0,475.0,230.0,442.0,217.0,494.0,228.0,,,,,,,,0.0,0.0,0.0,2.18,0.0,0.0,4.74,0.0,9.47,27,0.0,0.0,0.0,0.0,0.0,0.0,0.0,0.0,0.0,0.0,0.0,0.0,0.0,0.0,0.0,4.0,25.0,0.0,0.0,0.0,0.0,0.0,0.0,0.0,0.0,0.0,0.0,0.0,0.0,0.0
215,Zian,Flemming,Flemming,a,,,5.3,196,47.0,0.3,333,55.0,2.8,128.0,15.0,9,0,0.0,-2,2.0,1154,168,0.5,10.6,2.3,1.8,2.9,203.0,19.0,100.0,100.0,211.0,17.0,292.0,30.0,68.0,25.0,187.0,23.0,,,1.0,,,,,0.4,0.02,0.42,1.87,0.0,0.2,1.57,1.08,4.82,27,9.0,90.0,1.0,0.0,0.0,1.0,0.0,0.0,0.0,0.0,0.0,0.0,1.0,3.0,33.0,1176.0,198.0,0.0,0.11000000000000032,0.0,0.11000000000000032,1.9899999999999984,40.39999999999998,10.400000000000006,19.0,7.0,0.0,6.0,0.0,6.0
216,Zeki,Amdouni,Amdouni,i,Knee injury - Expected back 25 Apr,,4.8,369,63.0,0.0,671,86.0,0.0,713.0,76.0,0,0,0.0,-2,2.0,7,5,0.0,0.0,0.0,0.0,0.0,761.0,84.0,0.0,0.0,760.0,84.0,756.0,83.0,750.0,83.0,761.0,84.0,,,,,,,,0.0,0.0,0.0,0.0,0.0,0.0,0.0,0.0,0.0,27,0.0,0.0,0.0,0.0,0.0,0.0,0.0,0.0,0.0,0.0,0.0,0.0,0.0,0.0,0.0,9.0,5.0,0.0,0.0,0.0,0.0,0.0,0.0,0.0,0.0,0.0,0.0,0.0,0.0,0.0
217,Lyle,Foster,Foster,a,,,4.9,326,60.0,0.8,206,32.0,1.8,216.0,28.0,0,0,0.0,-1,1.0,244,394,0.4,9.4,1.3,0.8,2.4,290.0,31.0,100.0,100.0,271.0,24.0,233.0,24.0,158.0,37.0,259.0,29.0,,,,,,,,0.2,0.02,0.22,1.87,0.0,0.26,1.94,1.06,5.3,27,0.0,0.0,0.0,0.0,0.0,0.0,0.0,0.0,0.0,0.0,0.0,0.0,0.0,0.0,0.0,285.0,444.0,0.0,0.0,0.0,0.0,0.0,0.0,0.0,0.0,0.0,0.0,0.0,0.0,0.0
218,Ashley,Barnes,Barnes,a,,,4.2,624,88.0,1.5,156,25.0,0.2,365.0,48.0,1,0,0.0,-3,3.0,1137,1054,0.0,0.5,-0.3,-0.8,1.0,458.0,56.0,,,501.0,62.0,477.0,60.0,415.0,58.0,479.0,58.0,,,2.0,,,,,0.66,0.0,0.66,2.88,0.0,0.0,6.0,0.0,12.0,27,1.0,6.0,0.0,0.0,0.0,0.0,0.0,0.0,0.0,0.0,0.0,0.0,0.0,0.0,0.0,1404.0,1233.0,0.0,0.0,0.0,0.0,0.07,0.0,0.0,0.0,0.0,0.0,0.0,1.0,1.0
219,Michael,Obafemi,Obafemi,u,has joined Blackpool on loan for the rest of the season.,,4.4,528,76.0,0.1,465,67.0,0.0,586.0,59.0,0,0,0.0,-1,1.0,0,8,0.0,0.0,0.0,0.0,0.0,666.0,68.0,0.0,0.0,655.0,68.0,652.0,67.0,630.0,67.0,658.0,68.0,,,,,,,,0.0,0.0,0.0,0.0,0.0,0.0,0.0,0.0,0.0,27,0.0,0.0,0.0,0.0,0.0,0.0,0.0,0.0,0.0,0.0,0.0,0.0,0.0,0.0,0.0,0.0,10.0,0.0,0.0,0.0,0.0,0.0,0.0,0.0,0.0,0.0,0.0,0.0,0.0,0.0
470,Martin,Dúbravka,Dúbravka,a,,,4.0,660,41.0,32.6,9,2.0,2.0,191.0,14.0,2,0,0.0,0,0.0,3876,5903,0.5,19.5,1.5,1.0,2.9,196.0,20.0,100.0,100.0,5.0,1.0,553.0,48.0,520.0,35.0,127.0,1.0,,,,,,,,0.0,0.0,0.0,1.99,3.74,0.11,1.93,1.0,0.0,27,2.0,90.0,0.0,0.0,0.0,1.0,0.0,0.0,0.0,0.0,0.0,1.0,1.0,0.0,4.0,4380.0,6991.0,0.0,0.0,0.0,0.0,1.990000000000002,7.199999999999932,0.0,0.0,0.6999999999999886,0.0,0.0,2.0,0.0
614,James,Ward-Prowse,Ward-Prowse,a,,,5.6,124,77.0,0.2,389,127.0,1.0,283.0,126.0,4,0,0.0,-4,4.0,195,30,0.2,2.9,0.5,0.0,2.3,300.0,132.0,100.0,100.0,369.0,164.0,148.0,101.0,424.0,207.0,326.0,156.0,,,,,,,,0.03,0.21,0.24,1.58,0.0,0.2,2.18,0.99,5.15,27,4.0,33.0,0.0,1.0,0.0,0.0,0.0,0.0,0.0,0.0,0.0,0.0,0.0,0.0,18.0,202.0,33.0,0.0,0.0,0.13,0.1299999999999999,0.40000000000000036,21.400000000000006,29.5,0.0,5.100000000000001,0.0,1.0,2.0,3.0
676,Lesley,Ugochukwu,Ugochukwu,a,,,5.0,273,167.0,0.1,448,153.0,2.6,143.0,68.0,1,0,0.0,0,0.0,89,98,0.5,15.6,2.1,1.6,3.0,191.0,79.0,100.0,100.0,134.0,42.0,197.0,130.0,143.0,83.0,165.0,89.0,,,,,,,,0.11,0.01,0.12,2.05,0.0,0.15,1.94,1.07,8.92,27,1.0,56.0,0.0,0.0,0.0,1.0,0.0,0.0,0.0,0.0,0.0,0.0,1.0,0.0,6.0,115.0,114.0,0.0,0.029999999999999805,0.0,0.029999999999999805,1.5899999999999963,2.0,1.0,4.0,0.7000000000000028,2.0,0.0,1.0,3.0
680,Armando,Broja,Broja,i,Knock - Expected back 14 Mar,,5.2,213,49.0,0.2,385,61.0,0.8,299.0,41.0,0,0,0.0,-3,3.0,9,447,0.2,7.3,0.0,0.0,2.0,330.0,36.0,0.0,0.0,350.0,36.0,314.0,33.0,117.0,29.0,295.0,34.0,,,,,,,,0.24,0.01,0.25,2.33,0.0,0.11,2.8,0.89,4.58,27,0.0,0.0,0.0,0.0,0.0,0.0,0.0,0.0,0.0,0.0,0.0,0.0,0.0,0.0,0.0,10.0,503.0,0.0,0.0,0.0,0.0,0.0,0.0,0.0,0.0,0.0,0.0,0.0,0.0,0.0
68,Will,Dennis,Dennis,u,has joined Leyton Orient on loan for the rest of the season.,,4.0,679,51.0,0.8,211,27.0,0.0,481.0,62.0,0,0,0.0,0,0.0,0,228,0.0,0.0,0.0,0.0,0.0,588.0,70.0,0.0,0.0,577.0,70.0,570.0,58.0,538.0,45.0,580.0,70.0,,,,,,,,0.0,0.0,0.0,0.0,0.0,0.0,0.0,0.0,0.0,27,0.0,0.0,0.0,0.0,0.0,0.0,0.0,0.0,0.0,0.0,0.0,0.0,0.0,0.0,0.0,0.0,244.0,0.0,0.0,0.0,0.0,0.0,0.0,0.0,0.0,0.0,0.0,0.0,0.0,0.0
71,Illia,Zabarnyi,Zabarnyi,u,Has joined Paris Saint-Germain permanently.,,5.0,265,42.0,0.0,668,234.0,0.0,751.0,257.0,0,0,0.0,0,0.0,0,0,0.0,0.0,0.0,0.0,0.0,785.0,262.0,0.0,0.0,784.0,262.0,783.0,262.0,779.0,262.0,785.0,262.0,,,,,,,,0.0,0.0,0.0,0.0,0.0,0.0,0.0,0.0,0.0,27,0.0,0.0,0.0,0.0,0.0,0.0,0.0,0.0,0.0,0.0,0.0,0.0,0.0,0.0,0.0,0.0,1.0,0.0,0.0,0.0,0.0,0.0,0.0,0.0,0.0,0.0,0.0,0.0,0.0,0.0
72,Marcos,Senesi Barón,Senesi,a,,,4.9,315,51.0,15.8,21,7.0,4.0,56.0,20.0,5,1,-1.0,4,-4.0,19120,6652,0.8,22.7,4.0,4.0,4.3,44.0,18.0,100.0,100.0,2.0,1.0,89.0,21.0,157.0,33.0,32.0,1.0,,,,,,,,0.05,0.16,0.21,1.54,0.0,0.27,1.72,1.02,12.26,27,5.0,90.0,0.0,0.0,1.0,0.0,0.0,0.0,0.0,1.0,0.0,0.0,1.0,0.0,23.0,21132.0,7987.0,0.0,0.06000000000000005,0.010000000000000231,0.07000000000000028,3.270000000000003,24.199999999999932,1.3999999999999773,15.0,4.1000000000000085,0.0,8.0,4.0,8.0
73,Adam,Smith,Smith,a,,,4.4,518,98.0,0.2,384,143.0,2.0,194.0,68.0,1,0,0.0,-1,1.0,80,80,0.5,6.8,2.0,2.0,1.9,336.0,126.0,100.0,100.0,364.0,139.0,370.0,131.0,382.0,134.0,393.0,141.0,,,,,,,,0.0,0.01,0.01,1.54,0.0,0.37,1.86,1.24,5.08,27,1.0,1.0,0.0,0.0,0.0,0.0,0.0,0.0,0.0,0.0,0.0,0.0,0.0,0.0,4.0,86.0,91.0,0.0,0.0,0.0,0.0,0.10000000000000142,0.20000000000000284,0.0,0.0,0.0,0.0,0.0,0.0,0.0
74,Adrien,Truffert,Truffert,a,,,4.5,450,91.0,1.9,135,52.0,4.8,28.0,7.0,6,0,0.0,0,0.0,5422,739,1.1,21.1,4.8,4.8,3.5,119.0,42.0,,,42.0,18.0,65.0,12.0,246.0,68.0,77.0,18.0,,,,,,,,0.01,0.06,0.07,1.47,0.0,0.26,1.58,1.02,8.29,27,6.0,90.0,0.0,0.0,1.0,0.0,0.0,0.0,0.0,0.0,0.0,0.0,1.0,0.0,24.0,5999.0,880.0,0.0,0.040000000000000036,0.0,0.040000000000000036,3.270000000000003,12.0,2.5,2.0,1.7000000000000028,1.0,5.0,6.0,6.0
75,Matai,Akinmboni,Akinmboni,d,Lack of match fitness - 75% chance of playing,,3.8,803,251.0,0.2,383,142.0,0.0,418.0,163.0,0,0,0.0,-2,2.0,22,37,0.0,0.0,0.0,0.0,0.0,529.0,194.0,75.0,75.0,518.0,193.0,505.0,191.0,470.0,182.0,521.0,193.0,,,,,,,,0.0,0.0,0.0,0.0,0.0,0.0,0.0,0.0,0.0,27,0.0,0.0,0.0,0.0,0.0,0.0,0.0,0.0,0.0,0.0,0.0,0.0,0.0,0.0,0.0,24.0,44.0,0.0,0.0,0.0,0.0,0.0,0.0,0.0,0.0,0.0,0.0,0.0,0.0,0.0
76,Owen,Bevan,Bevan,a,,,3.8,801,249.0,0.2,387,145.0,0.0,416.0,161.0,0,0,0.0,-2,2.0,100,80,0.0,0.0,0.0,0.0,0.0,528.0,193.0,,,517.0,192.0,504.0,190.0,469.0,181.0,520.0,192.0,,,,,,,,0.0,0.0,0.0,0.0,0.0,0.0,0.0,0.0,0.0,27,0.0,0.0,0.0,0.0,0.0,0.0,0.0,0.0,0.0,0.0,0.0,0.0,0.0,0.0,0.0,110.0,82.0,0.0,0.0,0.0,0.0,0.0,0.0,0.0,0.0,0.0,0.0,0.0,0.0,0.0
81,Justin,Kluivert,Kluivert,i,Knee injury - Expected back 09 May,,7.0,36,21.0,0.6,235,82.0,0.0,814.0,365.0,0,0,0.0,0,0.0,20,191,0.0,5.7,0.0,0.0,2.2,314.0,139.0,0.0,0.0,299.0,134.0,85.0,64.0,208.0,114.0,207.0,103.0,4.0,2.0,1.0,,,,,0.22,0.15,0.37,1.65,0.0,0.39,1.77,0.98,6.11,27,0.0,0.0,0.0,0.0,0.0,0.0,0.0,0.0,0.0,0.0,0.0,0.0,0.0,0.0,0.0,22.0,203.0,0.0,0.0,0.0,0.0,0.0,0.0,0.0,0.0,0.0,0.0,0.0,0.0,0.0
84,Marcus,Tavernier,Tavernier,a,,,5.3,191,118.0,1.1,186,64.0,0.2,391.0,175.0,1,0,0.0,-2,2.0,3022,593,0.0,17.9,0.2,0.1,4.1,57.0,25.0,100.0,50.0,86.0,27.0,35.0,33.0,59.0,35.0,41.0,30.0,2.0,1.0,4.0,,,,,0.26,0.12,0.38,1.4,0.0,0.36,1.83,1.02,8.33,27,1.0,10.0,0.0,0.0,0.0,0.0,0.0,0.0,0.0,0.0,0.0,0.0,0.0,0.0,2.0,3083.0,901.0,0.0,0.0,0.0,0.0,0.17999999999999972,0.19999999999998863,1.8000000000000114,4.0,0.6000000000000085,0.0,0.0,0.0,0.0
85,Tyler,Adams,Adams,a,,,4.9,302,188.0,0.3,336,116.0,1.0,274.0,122.0,5,0,0.0,-1,1.0,184,33,0.2,11.2,1.0,1.0,3.4,133.0,59.0,100.0,100.0,193.0,79.0,290.0,169.0,229.0,127.0,247.0,126.0,,,,,,,,0.04,0.02,0.06,1.37,0.0,0.36,1.64,1.14,11.42,27,5.0,65.0,0.0,0.0,1.0,0.0,0.0,0.0,0.0,0.0,0.0,0.0,1.0,0.0,15.0,196.0,40.0,0.0,0.0,0.010000000000000009,0.010000000000000009,1.4699999999999989,15.600000000000023,4.299999999999997,0.0,2.0,2.0,7.0,5.0,14.0
89,Philip,Billing,Philip,u,has joined Midtjylland permanently.,,4.9,295,184.0,0.0,673,273.0,0.0,718.0,298.0,0,0,0.0,-1,1.0,0,0,0.0,0.0,0.0,0.0,0.0,764.0,327.0,0.0,0.0,763.0,326.0,760.0,327.0,754.0,325.0,764.0,327.0,,,,,,,,0.0,0.0,0.0,0.0,0.0,0.0,0.0,0.0,0.0,27,0.0,0.0,0.0,0.0,0.0,0.0,0.0,0.0,0.0,0.0,0.0,0.0,0.0,0.0,0.0,0.0,0.0,0.0,0.0,0.0,0.0,0.0,0.0,0.0,0.0,0.0,0.0,0.0,0.0,0.0
90,Alex,Scott,Scott,a,,,5.0,272,166.0,1.0,192,68.0,5.8,11.0,5.0,5,0,0.0,0,0.0,6382,955,1.2,19.0,5.8,5.8,3.5,123.0,56.0,100.0,100.0,103.0,33.0,107.0,76.0,104.0,64.0,98.0,60.0,1.0,,,,,,,0.12,0.06,0.18,1.56,0.0,0.32,1.52,1.11,11.87,27,5.0,90.0,0.0,0.0,1.0,0.0,0.0,0.0,0.0,0.0,0.0,0.0,1.0,0.0,20.0,7226.0,1153.0,0.0,0.14000000000000012,0.06000000000000005,0.20000000000000018,3.270000000000003,29.599999999999966,17.400000000000006,26.0,7.299999999999997,4.0,2.0,6.0,12.0
91,Luis,Sinisterra Lucumí,Sinisterra,u,has joined Cruzeiro on loan for the rest of the season.,,5.0,253,154.0,0.0,737,310.0,0.0,747.0,317.0,0,0,0.0,0,0.0,0,0,0.0,0.0,0.0,0.0,0.0,781.0,340.0,0.0,0.0,780.0,339.0,778.0,340.0,775.0,338.0,781.0,340.0,,,,,,,,0.0,0.0,0.0,0.0,0.0,0.0,0.0,0.0,0.0,27,0.0,0.0,0.0,0.0,0.0,0.0,0.0,0.0,0.0,0.0,0.0,0.0,0.0,0.0,0.0,0.0,0.0,0.0,0.0,0.0,0.0,0.0,0.0,0.0,0.0,0.0,0.0,0.0,0.0,0.0
92,Romain,Faivre,Faivre,u,has joined Auxerre permanently.,,4.5,431,258.0,0.1,554,202.0,0.0,630.0,229.0,0,0,0.0,0,0.0,0,14,0.0,0.0,0.0,0.0,0.0,699.0,276.0,0.0,0.0,692.0,270.0,689.0,274.0,672.0,267.0,695.0,273.0,,,,,,,,0.0,0.0,0.0,0.0,0.0,0.0,0.0,0.0,0.0,27,0.0,0.0,0.0,0.0,0.0,0.0,0.0,0.0,0.0,0.0,0.0,0.0,0.0,0.0,0.0,0.0,15.0,0.0,0.0,0.0,0.0,0.0,0.0,0.0,0.0,0.0,0.0,0.0,0.0,0.0
93,Hamed,Traorè,H.Traorè,u,has joined Marseille on loan for the rest of the season.,,4.5,426,255.0,0.3,328,111.0,0.0,626.0,226.0,0,0,0.0,0,0.0,0,25,0.0,0.9,0.0,0.0,4.0,62.0,27.0,0.0,0.0,442.0,194.0,420.0,207.0,668.0,264.0,457.0,207.0,,,,,,,,0.0,0.0,0.0,2.25,0.0,0.0,11.25,0.0,22.5,27,0.0,0.0,0.0,0.0,0.0,0.0,0.0,0.0,0.0,0.0,0.0,0.0,0.0,0.0,0.0,0.0,27.0,0.0,0.0,0.0,0.0,0.0,0.0,0.0,0.0,0.0,0.0,0.0,0.0,0.0
94,Dominic,Sadi,Sadi,u,has joined Novi Pazar on loan for the rest of the season.,,4.5,466,283.0,0.0,639,253.0,0.0,653.0,250.0,0,0,0.0,0,0.0,0,6,0.0,0.0,0.0,0.0,0.0,720.0,296.0,0.0,0.0,714.0,291.0,711.0,294.0,695.0,287.0,716.0,293.0,,,,,,,,0.0,0.0,0.0,0.0,0.0,0.0,0.0,0.0,0.0,27,0.0,0.0,0.0,0.0,0.0,0.0,0.0,0.0,0.0,0.0,0.0,0.0,0.0,0.0,0.0,0.0,6.0,0.0,0.0,0.0,0.0,0.0,0.0,0.0,0.0,0.0,0.0,0.0,0.0,0.0
95,Zain,Silcott-Duberry,Silcott-Duberry,u,has joined Olympiakos permanently.,,4.4,553,331.0,0.1,577,214.0,0.0,597.0,211.0,0,0,0.0,-1,1.0,0,6,0.0,0.0,0.0,0.0,0.0,675.0,263.0,0.0,0.0,665.0,254.0,662.0,260.0,641.0,250.0,668.0,257.0,,,,,,,,0.0,0.0,0.0,0.0,0.0,0.0,0.0,0.0,0.0,27,0.0,0.0,0.0,0.0,0.0,0.0,0.0,0.0,0.0,0.0,0.0,0.0,0.0,0.0,0.0,0.0,8.0,0.0,0.0,0.0,0.0,0.0,0.0,0.0,0.0,0.0,0.0,0.0,0.0,0.0
96,Ben,Winterburn,Winterburn,u,has joined Barnet on loan for the rest of the season.,,4.5,496,305.0,0.0,638,252.0,0.0,680.0,271.0,0,0,0.0,0,0.0,0,7,0.0,0.2,0.0,0.0,1.0,482.0,220.0,0.0,0.0,739.0,309.0,734.0,310.0,721.0,306.0,740.0,310.0,,,,,,,,0.0,0.0,0.0,4.65,0.0,0.0,30.0,0.0,0.0,27,0.0,0.0,0.0,0.0,0.0,0.0,0.0,0.0,0.0,0.0,0.0,0.0,0.0,0.0,0.0,0.0,8.0,0.0,0.0,0.0,0.0,0.0,0.0,0.0,0.0,0.0,0.0,0.0,0.0,0.0
100,Junior,Kroupi,Kroupi.Jr,a,,,4.7,392,65.0,7.3,54,10.0,2.6,142.0,18.0,2,0,0.0,2,-2.0,9729,8784,0.6,14.7,2.6,2.6,3.1,173.0,16.0,,,146.0,14.0,176.0,15.0,60.0,23.0,114.0,16.0,,,,,,,,0.41,0.06,0.47,1.55,0.0,0.47,1.6,1.13,6.4,27,2.0,88.0,0.0,0.0,1.0,0.0,0.0,0.0,0.0,0.0,0.0,0.0,1.0,0.0,10.0,11770.0,10474.0,0.0,0.019999999999999574,0.050000000000000044,0.07000000000000028,3.179999999999998,9.0,33.30000000000001,13.0,5.5,1.0,1.0,2.0,4.0
391,Ben,Gannon-Doak,Gannon-Doak,i,Hamstring injury - Unknown return date,,4.8,370,231.0,0.0,636,250.0,0.0,714.0,295.0,0,0,0.0,-2,2.0,2,9,0.0,1.5,0.0,0.0,1.8,362.0,159.0,0.0,0.0,443.0,195.0,403.0,200.0,397.0,198.0,448.0,201.0,,,,,,,,0.15,0.15,0.3,4.52,0.0,0.0,1.7,0.0,5.09,27,0.0,0.0,0.0,0.0,0.0,0.0,0.0,0.0,0.0,0.0,0.0,0.0,0.0,0.0,0.0,2.0,9.0,0.0,0.0,0.0,0.0,0.0,0.0,0.0,0.0,0.0,0.0,0.0,0.0,0.0
685,Bafodé,Diakité,Diakité,a,,,4.2,636,148.0,0.3,321,117.0,0.2,369.0,138.0,0,0,0.0,-3,3.0,67,171,0.0,11.0,0.2,0.2,2.6,250.0,97.0,100.0,100.0,202.0,82.0,327.0,112.0,365.0,123.0,306.0,100.0,,,,,,,,0.0,0.01,0.01,1.59,0.0,0.28,1.91,1.06,8.26,27,0.0,0.0,0.0,0.0,0.0,0.0,0.0,0.0,0.0,0.0,0.0,0.0,0.0,0.0,0.0,74.0,188.0,0.0,0.0,0.0,0.0,0.0,0.0,0.0,0.0,0.0,0.0,0.0,0.0,0.0
697,Amine,Adli,Adli,a,,,5.4,178,109.0,0.7,224,78.0,6.0,9.0,4.0,3,0,0.0,-1,1.0,6031,924,1.1,10.7,6.0,6.0,2.5,277.0,118.0,,,212.0,92.0,154.0,106.0,102.0,63.0,163.0,87.0,,6.0,,,,,,0.25,0.15,0.4,1.44,0.0,0.3,1.4,0.9,10.42,27,3.0,65.0,0.0,0.0,1.0,0.0,0.0,0.0,0.0,0.0,0.0,0.0,1.0,0.0,11.0,7622.0,1031.0,0.0,0.0,0.020000000000000018,0.020000000000000018,1.4700000000000006,6.400000000000006,16.400000000000006,0.0,2.299999999999997,1.0,1.0,5.0,7.0
713,Álex,Jiménez Sánchez,A.Jimenez,a,,,4.5,468,93.0,0.2,354,127.0,4.0,54.0,18.0,6,0,0.0,0,0.0,598,210,0.9,11.8,4.0,4.0,2.3,293.0,111.0,,,182.0,74.0,186.0,45.0,163.0,35.0,196.0,64.0,,,,,,,,0.05,0.05,0.1,1.72,0.0,0.21,1.72,1.02,5.53,27,6.0,88.0,0.0,0.0,1.0,0.0,0.0,0.0,0.0,0.0,0.0,0.0,1.0,0.0,20.0,642.0,267.0,0.0,0.0,0.010000000000000009,0.010000000000000009,3.1799999999999997,10.800000000000011,1.3000000000000114,0.0,1.2000000000000028,2.0,3.0,4.0,5.0
721,Veljko,Milosavljevic,Milosavljević,a,,,4.4,569,120.0,0.0,654,230.0,0.0,611.0,241.0,0,0,0.0,-1,1.0,18,11,0.0,4.3,0.0,0.0,2.7,233.0,93.0,100.0,100.0,347.0,132.0,404.0,147.0,400.0,146.0,399.0,142.0,,,,,,,,0.04,0.05,0.09,1.08,0.0,0.25,1.47,0.98,9.56,27,0.0,0.0,0.0,0.0,0.0,0.0,0.0,0.0,0.0,0.0,0.0,0.0,0.0,0.0,0.0,18.0,11.0,0.0,0.0,0.0,0.0,0.0,0.0,0.0,0.0,0.0,0.0,0.0,0.0,0.0
756,Malcom,DaCosta,DaCosta,a,,,4.5,515,318.0,0.0,743,315.0,0.0,695.0,282.0,0,0,0.0,0,0.0,18,15,0.0,0.0,0.0,0.0,0.0,753.0,320.0,,,752.0,319.0,747.0,320.0,735.0,317.0,753.0,320.0,,,,,,,,0.0,0.0,0.0,0.0,0.0,0.0,0.0,0.0,0.0,27,0.0,0.0,0.0,0.0,0.0,0.0,0.0,0.0,0.0,0.0,0.0,0.0,0.0,0.0,0.0,20.0,16.0,0.0,0.0,0.0,0.0,0.0,0.0,0.0,0.0,0.0,0.0,0.0,0.0,0.0
806,Christos,Mandas,Mandas,a,,,4.0,677,50.0,0.0,769,88.0,0.0,479.0,61.0,0,0,0.0,0,0.0,12,10,0.0,0.0,0.0,0.0,0.0,586.0,69.0,,,575.0,69.0,568.0,57.0,536.0,44.0,578.0,69.0,,,,,,,,0.0,0.0,0.0,0.0,0.0,0.0,0.0,0.0,0.0,27,0.0,0.0,0.0,0.0,0.0,0.0,0.0,0.0,0.0,0.0,0.0,0.0,0.0,0.0,0.0,12.0,13.0,0.0,0.0,0.0,0.0,0.0,0.0,0.0,0.0,0.0,0.0,0.0,0.0,0.0
83,Dango,Ouattara,O.Dango,a,,,5.9,102,66.0,1.4,161,52.0,4.8,31.0,15.0,2,1,-1.0,-1,1.0,24142,1425,0.8,15.1,5.3,4.8,4.2,55.0,24.0,100.0,100.0,168.0,63.0,135.0,93.0,32.0,16.0,86.0,52.0,2.0,,,,,,,0.32,0.13,0.45,1.25,0.0,0.19,1.3,0.99,7.73,27,2.0,90.0,0.0,0.0,0.0,2.0,0.0,0.0,0.0,0.0,0.0,0.0,1.0,0.0,12.0,29759.0,1577.0,0.0,0.33000000000000007,0.6600000000000001,0.9900000000000002,1.0899999999999999,12.400000000000034,32.599999999999994,11.0,5.599999999999994,1.0,3.0,1.0,5.0
101,Caoimhín,Kelleher,Kelleher,a,,,4.6,397,19.0,11.0,32,6.0,3.2,94.0,10.0,2,0,0.0,1,-1.0,24476,2885,0.7,21.3,3.7,3.2,3.6,110.0,14.0,100.0,100.0,19.0,4.0,390.0,4.0,739.0,80.0,177.0,5.0,,,,,,,,0.0,0.0,0.0,1.39,2.7,0.22,1.37,1.0,0.0,27,2.0,90.0,0.0,0.0,0.0,2.0,0.0,0.0,0.0,0.0,0.0,5.0,1.0,0.0,14.0,28393.0,3142.0,0.0,0.0,0.0,0.0,1.0900000000000034,37.39999999999998,0.0,0.0,3.700000000000003,0.0,1.0,8.0,0.0
102,Ellery,Balcombe,Balcombe,a,,,3.9,754,79.0,0.3,335,45.0,0.0,439.0,38.0,0,0,0.0,-1,1.0,59,46,0.0,0.0,0.5,0.0,0.0,548.0,47.0,,,537.0,47.0,527.0,32.0,493.0,19.0,540.0,47.0,,,,,,,,0.0,0.0,0.0,0.0,0.0,0.0,0.0,0.0,0.0,27,0.0,0.0,0.0,0.0,0.0,0.0,0.0,0.0,0.0,0.0,0.0,0.0,0.0,0.0,0.0,63.0,58.0,0.0,0.0,0.0,0.0,0.0,0.0,0.0,0.0,0.0,0.0,0.0,0.0,0.0
103,Matthew,Cox,Cox,u,has joined Shrewsbury Town on loan for the rest of the season.,,3.9,770,87.0,0.1,419,62.0,0.0,452.0,46.0,0,0,0.0,-1,1.0,0,52,0.0,0.0,0.0,0.0,0.0,560.0,55.0,0.0,0.0,549.0,55.0,539.0,40.0,505.0,27.0,552.0,55.0,,,,,,,,0.0,0.0,0.0,0.0,0.0,0.0,0.0,0.0,0.0,27,0.0,0.0,0.0,0.0,0.0,0.0,0.0,0.0,0.0,0.0,0.0,0.0,0.0,0.0,0.0,0.0,57.0,0.0,0.0,0.0,0.0,0.0,0.0,0.0,0.0,0.0,0.0,0.0,0.0,0.0
104,Julian,Eyestone,Eyestone,a,,,3.9,774,89.0,0.1,454,68.0,0.0,456.0,48.0,0,0,0.0,-1,1.0,9,28,0.0,0.0,0.5,0.0,0.0,564.0,57.0,,,553.0,57.0,543.0,42.0,509.0,29.0,556.0,57.0,,,,,,,,0.0,0.0,0.0,0.0,0.0,0.0,0.0,0.0,0.0,27,0.0,0.0,0.0,0.0,0.0,0.0,0.0,0.0,0.0,0.0,0.0,0.0,0.0,0.0,0.0,9.0,31.0,0.0,0.0,0.0,0.0,0.0,0.0,0.0,0.0,0.0,0.0,0.0,0.0,0.0
105,Hákon Rafn,Valdimarsson,Valdimarsson,a,,,3.9,771,88.0,0.6,239,31.0,0.0,453.0,47.0,0,0,0.0,-1,1.0,33,111,0.0,0.0,0.5,0.0,0.0,561.0,56.0,,,550.0,56.0,540.0,41.0,506.0,28.0,553.0,56.0,,,,,,,,0.0,0.0,0.0,0.0,0.0,0.0,0.0,0.0,0.0,27,0.0,0.0,0.0,0.0,0.0,0.0,0.0,0.0,0.0,0.0,0.0,0.0,0.0,0.0,0.0,36.0,119.0,0.0,0.0,0.0,0.0,0.0,0.0,0.0,0.0,0.0,0.0,0.0,0.0,0.0
106,Nathan,Collins,Collins,a,,,5.0,258,39.0,2.9,109,44.0,0.6,318.0,111.0,1,0,0.0,0,0.0,2969,7522,0.1,18.6,1.1,0.6,3.7,98.0,35.0,,,16.0,7.0,227.0,59.0,94.0,10.0,72.0,15.0,,,,,,,,0.07,0.05,0.12,1.37,0.0,0.22,1.39,0.96,10.3,27,1.0,45.0,0.0,0.0,0.0,1.0,0.0,0.0,0.0,0.0,0.0,0.0,0.0,0.0,2.0,3257.0,8280.0,0.0,0.09000000000000008,0.2499999999999999,0.33999999999999986,0.4700000000000024,5.199999999999932,11.0,8.0,2.3999999999999915,1.0,3.0,3.0,4.0
107,Keane,Lewis-Potter,Lewis-Potter,a,,,4.8,365,62.0,1.7,145,57.0,2.2,179.0,64.0,0,0,0.0,-2,2.0,3357,3208,0.5,16.0,2.7,2.2,3.1,174.0,67.0,,,240.0,95.0,187.0,46.0,105.0,14.0,198.0,65.0,,,,,,,,0.16,0.08,0.24,1.62,0.0,0.48,1.59,1.03,3.26,27,0.0,45.0,0.0,0.0,0.0,2.0,0.0,0.0,0.0,0.0,0.0,0.0,1.0,0.0,199.0,4021.0,3432.0,0.0,0.040000000000000036,0.0,0.03999999999999959,0.9800000000000004,2.200000000000017,1.6999999999999886,7.0,1.1000000000000014,0.0,0.0,2.0,0.0
108,Kristoffer,Ajer,Ajer,a,,,4.4,524,103.0,0.2,351,126.0,3.2,91.0,33.0,1,0,0.0,-1,1.0,581,209,0.7,14.3,3.7,3.2,3.0,185.0,73.0,100.0,100.0,157.0,68.0,368.0,130.0,167.0,37.0,231.0,76.0,,,,,,,,0.04,0.04,0.08,1.44,0.0,0.25,1.43,1.06,9.64,27,1.0,80.0,0.0,0.0,0.0,2.0,0.0,0.0,0.0,0.0,0.0,0.0,1.0,0.0,0.0,794.0,232.0,0.0,0.019999999999999907,0.0,0.020000000000000018,1.0899999999999999,3.2000000000000455,0.6000000000000014,10.0,1.3999999999999986,1.0,1.0,1.0,2.0
109,Rico,Henry,Henry,a,,,4.3,581,128.0,0.2,388,146.0,2.4,155.0,52.0,1,0,0.0,-2,2.0,401,96,0.6,10.9,2.9,2.4,2.0,324.0,121.0,,,325.0,122.0,326.0,111.0,356.0,117.0,363.0,126.0,,,,,,,,0.01,0.03,0.04,1.7,0.0,0.3,1.41,0.89,4.68,27,1.0,90.0,0.0,0.0,0.0,2.0,0.0,0.0,0.0,0.0,0.0,0.0,1.0,0.0,0.0,454.0,106.0,0.0,0.0,0.020000000000000018,0.020000000000000018,1.0899999999999999,12.200000000000003,2.799999999999997,0.0,1.5,0.0,5.0,5.0,5.0
110,Michael,Kayode,Kayode,d,Knock - 75% chance of playing,,4.5,497,96.0,0.7,213,81.0,1.8,212.0,75.0,0,0,0.0,0,0.0,668,1862,0.4,16.2,1.7,1.8,2.8,216.0,87.0,75.0,,91.0,41.0,57.0,10.0,275.0,79.0,108.0,30.0,,,,,,,,0.01,0.09,0.1,1.41,0.0,0.24,1.35,1.03,6.43,27,0.0,0.0,0.0,0.0,0.0,0.0,0.0,0.0,0.0,0.0,0.0,0.0,0.0,0.0,0.0,1162.0,1925.0,0.0,0.0,0.0,0.0,0.0,0.0,0.0,0.0,0.0,0.0,0.0,0.0,0.0
111,Ethan,Pinnock,Pinnock,a,,,4.2,633,146.0,0.1,459,167.0,0.0,538.0,225.0,0,0,0.0,-3,3.0,45,57,0.0,1.0,0.5,0.0,1.3,425.0,153.0,100.0,100.0,392.0,150.0,463.0,170.0,394.0,143.0,430.0,154.0,,,,,,,,0.0,0.02,0.02,1.26,0.0,0.0,1.97,1.18,11.45,27,0.0,0.0,0.0,0.0,0.0,0.0,0.0,0.0,0.0,0.0,0.0,0.0,0.0,0.0,0.0,48.0,59.0,0.0,0.0,0.0,0.0,0.0,0.0,0.0,0.0,0.0,0.0,0.0,0.0,0.0
112,Mads,Roerslev Rasmussen,Roerslev,u,Has joined Southampton permanently.,,4.5,423,82.0,0.0,706,243.0,0.0,624.0,245.0,0,0,0.0,0,0.0,0,2,0.0,0.0,0.0,0.0,0.0,695.0,256.0,0.0,0.0,688.0,255.0,684.0,255.0,666.0,255.0,691.0,255.0,,,,,,,,0.0,0.0,0.0,0.0,0.0,0.0,0.0,0.0,0.0,27,0.0,0.0,0.0,0.0,0.0,0.0,0.0,0.0,0.0,0.0,0.0,0.0,0.0,0.0,0.0,0.0,2.0,0.0,0.0,0.0,0.0,0.0,0.0,0.0,0.0,0.0,0.0,0.0,0.0,0.0
113,Sepp,van den Berg,Van den Berg,a,,,4.5,432,85.0,0.7,212,80.0,3.8,63.0,23.0,3,0,0.0,0,0.0,3073,409,0.8,15.8,4.3,3.8,3.2,152.0,61.0,100.0,100.0,73.0,33.0,324.0,110.0,116.0,20.0,146.0,46.0,,,,,,,,0.11,0.02,0.13,1.35,0.0,0.19,1.44,0.97,8.94,27,3.0,90.0,0.0,0.0,0.0,2.0,0.0,0.0,0.0,0.0,0.0,0.0,1.0,0.0,6.0,3445.0,474.0,0.0,0.40000000000000013,0.0,0.3999999999999999,1.0899999999999999,20.80000000000001,0.29999999999999716,14.0,3.5,0.0,12.0,2.0,12.0
117,Kim,Ji-soo,Ji-soo,u,has joined Kaiserslautern on loan for the rest of the season.,,3.9,779,228.0,0.1,518,184.0,0.0,461.0,179.0,0,0,0.0,-1,1.0,0,7,0.0,0.0,0.0,0.0,0.0,569.0,207.0,0.0,0.0,558.0,206.0,548.0,206.0,514.0,198.0,561.0,206.0,,,,,,,,0.0,0.0,0.0,0.0,0.0,0.0,0.0,0.0,0.0,27,0.0,0.0,0.0,0.0,0.0,0.0,0.0,0.0,0.0,0.0,0.0,0.0,0.0,0.0,0.0,0.0,7.0,0.0,0.0,0.0,0.0,0.0,0.0,0.0,0.0,0.0,0.0,0.0,0.0,0.0
118,Jayden,Meghoma,Meghoma,u,Has joined Rangers on loan for the rest of the season.,,4.0,697,180.0,0.0,610,216.0,0.0,496.0,196.0,0,0,0.0,0,0.0,0,5,0.0,0.0,0.0,0.0,0.0,602.0,223.0,0.0,0.0,591.0,222.0,584.0,222.0,552.0,216.0,594.0,222.0,,,,,,,,0.0,0.0,0.0,0.0,0.0,0.0,0.0,0.0,0.0,27,0.0,0.0,0.0,0.0,0.0,0.0,0.0,0.0,0.0,0.0,0.0,0.0,0.0,0.0,0.0,0.0,6.0,0.0,0.0,0.0,0.0,0.0,0.0,0.0,0.0,0.0,0.0,0.0,0.0,0.0
120,Kevin,Schade,Schade,a,,,6.9,42,25.0,1.2,179,60.0,0.2,397.0,180.0,1,0,0.0,-1,1.0,4713,1772,0.0,12.6,0.7,0.2,3.6,117.0,54.0,100.0,100.0,80.0,26.0,84.0,63.0,14.0,5.0,25.0,20.0,,,3.0,,,,,0.41,0.08,0.49,1.21,0.0,0.33,1.04,1.04,6.91,27,1.0,45.0,0.0,0.0,0.0,0.0,0.0,0.0,0.0,0.0,0.0,0.0,0.0,0.0,3.0,5719.0,2119.0,0.0,0.0,0.050000000000000044,0.05000000000000071,0.10999999999999943,3.6000000000000227,1.5,4.0,0.9000000000000057,2.0,0.0,2.0,4.0
122,Antoni,Milambo,Milambo,i,Knee injury - Expected back 01 Jun,,5.2,217,135.0,0.0,650,261.0,0.0,767.0,332.0,0,0,0.0,-3,3.0,2,3,0.0,0.2,0.0,0.0,1.0,499.0,234.0,0.0,0.0,475.0,218.0,454.0,218.0,789.0,348.0,485.0,223.0,,,,,,,,0.0,0.02,0.02,2.98,0.0,0.0,6.0,2.0,8.0,27,0.0,0.0,0.0,0.0,0.0,0.0,0.0,0.0,0.0,0.0,0.0,0.0,0.0,0.0,0.0,2.0,3.0,0.0,0.0,0.0,0.0,0.0,0.0,0.0,0.0,0.0,0.0,0.0,0.0,0.0
123,Fábio,Freitas Gouveia Carvalho,Carvalho,i,Knee injury - Expected back 01 Jun,,4.7,385,241.0,0.1,466,160.0,0.0,700.0,286.0,0,0,0.0,-3,3.0,8,20,0.0,2.8,0.0,0.0,2.2,308.0,135.0,0.0,0.0,415.0,182.0,434.0,211.0,340.0,177.0,425.0,192.0,4.0,,4.0,,,,,0.63,0.03,0.66,1.87,0.0,0.0,3.6,0.9,7.2,27,0.0,0.0,0.0,0.0,0.0,0.0,0.0,0.0,0.0,0.0,0.0,0.0,0.0,0.0,0.0,8.0,22.0,0.0,0.0,0.0,0.0,0.0,0.0,0.0,0.0,0.0,0.0,0.0,0.0,0.0
127,Gustavo,Nunes Fernandes Gomes,Nunes,u,has joined Swansea City on loan for the rest of the season.,,4.9,348,216.0,0.0,713,297.0,0.0,742.0,314.0,0,0,0.0,-1,1.0,0,5,0.0,0.0,0.0,0.0,0.0,777.0,337.0,0.0,0.0,776.0,336.0,773.0,337.0,769.0,335.0,777.0,337.0,,,,,,,,0.0,0.0,0.0,0.0,0.0,0.0,0.0,0.0,0.0,27,0.0,0.0,0.0,0.0,0.0,0.0,0.0,0.0,0.0,0.0,0.0,0.0,0.0,0.0,0.0,0.0,6.0,0.0,0.0,0.0,0.0,0.0,0.0,0.0,0.0,0.0,0.0,0.0,0.0,0.0
128,Frank,Onyeka,Onyeka,u,has joined Coventry City on loan for the rest of the season.,,4.8,366,228.0,0.0,607,234.0,0.0,712.0,294.0,0,0,0.0,-2,2.0,0,11,0.0,2.5,0.0,0.0,2.0,326.0,142.0,0.0,0.0,431.0,191.0,405.0,201.0,430.0,212.0,449.0,202.0,,,,,,,,0.0,0.37,0.37,2.07,0.0,0.0,2.05,0.0,10.23,27,0.0,0.0,0.0,0.0,0.0,0.0,0.0,0.0,0.0,0.0,0.0,0.0,0.0,0.0,0.0,0.0,12.0,0.0,0.0,0.0,0.0,0.0,0.0,0.0,0.0,0.0,0.0,0.0,0.0,0.0
130,Romelle,Donovan,Donovan,a,,,4.4,568,340.0,0.1,473,164.0,0.4,337.0,149.0,1,0,0.0,-1,1.0,129,59,0.1,0.7,0.9,0.4,1.0,471.0,211.0,,,465.0,211.0,412.0,204.0,387.0,194.0,454.0,205.0,,,,,,,,0.32,0.04,0.36,1.08,0.0,0.0,0.0,0.0,9.0,27,1.0,9.0,0.0,0.0,0.0,0.0,0.0,0.0,0.0,0.0,0.0,0.0,0.0,0.0,3.0,135.0,64.0,0.0,0.0,0.0,0.0,0.0,1.2000000000000002,0.29999999999999893,4.0,0.6000000000000001,0.0,0.0,0.0,0.0
131,Yunus Emre,Konak,Konak,u,has joined Oxford United on loan for the rest of the season.,,4.3,623,366.0,0.2,409,137.0,0.0,579.0,202.0,0,0,0.0,-2,2.0,0,73,0.0,0.0,0.0,0.0,0.0,662.0,256.0,0.0,0.0,651.0,246.0,648.0,252.0,625.0,241.0,654.0,249.0,,,,,,,,0.0,0.0,0.0,0.0,0.0,0.0,0.0,0.0,0.0,27,0.0,0.0,0.0,0.0,0.0,0.0,0.0,0.0,0.0,0.0,0.0,0.0,0.0,0.0,0.0,0.0,84.0,0.0,0.0,0.0,0.0,0.0,0.0,0.0,0.0,0.0,0.0,0.0,0.0,0.0
133,Myles,Peart-Harris,Peart-Harris,u,has joined Oxford United permanently.,,4.4,542,323.0,0.0,630,247.0,0.0,591.0,205.0,0,0,0.0,-1,1.0,0,13,0.0,0.2,0.0,0.0,1.0,466.0,206.0,0.0,0.0,659.0,248.0,656.0,254.0,634.0,243.0,662.0,251.0,,,,,,,,0.0,0.0,0.0,0.0,0.0,0.0,0.0,0.0,0.0,27,0.0,0.0,0.0,0.0,0.0,0.0,0.0,0.0,0.0,0.0,0.0,0.0,0.0,0.0,0.0,0.0,14.0,0.0,0.0,0.0,0.0,0.0,0.0,0.0,0.0,0.0,0.0,0.0,0.0,0.0
134,Ryan,Trevitt,Trevitt,u,Has joined Wigan on loan for the rest of the season,,4.5,489,300.0,0.0,783,342.0,0.0,674.0,267.0,0,0,0.0,0,0.0,0,1,0.0,0.0,0.0,0.0,0.0,735.0,307.0,0.0,0.0,733.0,305.0,728.0,306.0,715.0,302.0,734.0,306.0,,,,,,,,0.0,0.0,0.0,0.0,0.0,0.0,0.0,0.0,0.0,27,0.0,0.0,0.0,0.0,0.0,0.0,0.0,0.0,0.0,0.0,0.0,0.0,0.0,0.0,0.0,0.0,1.0,0.0,0.0,0.0,0.0,0.0,0.0,0.0,0.0,0.0,0.0,0.0,0.0,0.0
136,Igor Thiago,Nascimento Rodrigues,Thiago,a,,,7.1,34,14.0,31.9,10,3.0,2.6,149.0,21.0,2,1,-1.0,11,-11.0,62404,28402,0.4,19.0,3.1,2.6,5.0,14.0,3.0,100.0,100.0,6.0,2.0,118.0,6.0,2.0,2.0,5.0,2.0,,,2.0,,,,,0.59,0.06,0.65,1.42,0.0,0.24,1.37,1.02,5.38,27,2.0,90.0,0.0,0.0,0.0,2.0,0.0,0.0,0.0,0.0,0.0,0.0,1.0,0.0,5.0,74914.0,30859.0,0.0,0.3100000000000005,0.42999999999999994,0.7400000000000002,1.0900000000000034,0.0,13.0,14.0,2.5,0.0,1.0,4.0,5.0
137,Iwan,Morgan,Morgan,u,has joined Shrewsbury on loan for the rest of the season.,,4.4,555,78.0,0.3,314,51.0,0.0,599.0,61.0,0,0,0.0,-1,1.0,0,84,0.0,0.0,0.0,0.0,0.0,676.0,70.0,0.0,0.0,667.0,70.0,663.0,69.0,643.0,69.0,670.0,70.0,,,,,,,,0.0,0.0,0.0,0.0,0.0,0.0,0.0,0.0,0.0,27,0.0,0.0,0.0,0.0,0.0,0.0,0.0,0.0,0.0,0.0,0.0,0.0,0.0,0.0,0.0,0.0,89.0,0.0,0.0,0.0,0.0,0.0,0.0,0.0,0.0,0.0,0.0,0.0,0.0,0.0
748,Josh,Dasilva,Dasilva,i,Knee injury - Unknown return date,,4.9,299,186.0,0.0,807,358.0,0.0,720.0,300.0,0,0,0.0,-1,1.0,1,1,0.0,0.0,0.0,0.0,0.0,765.0,328.0,0.0,0.0,764.0,327.0,761.0,328.0,755.0,326.0,765.0,328.0,,,,,,,,0.0,0.0,0.0,0.0,0.0,0.0,0.0,0.0,0.0,27,0.0,0.0,0.0,0.0,0.0,0.0,0.0,0.0,0.0,0.0,0.0,0.0,0.0,0.0,0.0,1.0,1.0,0.0,0.0,0.0,0.0,0.0,0.0,0.0,0.0,0.0,0.0,0.0,0.0,0.0
797,Kaye,Furo,Furo,a,,,4.5,490,70.0,0.0,708,88.0,0.0,675.0,70.0,0,0,0.0,0,0.0,44,36,0.0,0.0,0.5,0.0,0.0,736.0,79.0,,,734.0,79.0,729.0,78.0,716.0,78.0,735.0,79.0,,,,,,,,0.0,0.0,0.0,0.0,0.0,0.0,0.0,0.0,0.0,27,0.0,0.0,0.0,0.0,0.0,0.0,0.0,0.0,0.0,0.0,0.0,0.0,0.0,0.0,0.0,52.0,36.0,0.0,0.0,0.0,0.0,0.0,0.0,0.0,0.0,0.0,0.0,0.0,0.0,0.0
810,Luka,Bentt,Bentt,a,,,4.5,471,286.0,0.0,803,357.0,0.0,657.0,253.0,0,0,0.0,0,0.0,9,4,0.0,0.0,0.5,0.0,0.0,722.0,297.0,,,718.0,294.0,714.0,296.0,699.0,290.0,720.0,296.0,,,,,,,,0.0,0.0,0.0,0.0,0.0,0.0,0.0,0.0,0.0,27,0.0,0.0,0.0,0.0,0.0,0.0,0.0,0.0,0.0,0.0,0.0,0.0,0.0,0.0,0.0,10.0,4.0,0.0,0.0,0.0,0.0,0.0,0.0,0.0,0.0,0.0,0.0,0.0,0.0,0.0
138,Jason,Steele,Steele,a,,,4.2,625,31.0,0.2,348,50.0,0.0,535.0,80.0,0,0,0.0,-3,3.0,46,41,0.0,0.0,0.0,0.0,0.0,635.0,87.0,,,624.0,87.0,618.0,76.0,589.0,63.0,627.0,87.0,,,,,,,,0.0,0.0,0.0,0.0,0.0,0.0,0.0,0.0,0.0,27,0.0,0.0,0.0,0.0,0.0,0.0,0.0,0.0,0.0,0.0,0.0,0.0,0.0,0.0,0.0,48.0,48.0,0.0,0.0,0.0,0.0,0.0,0.0,0.0,0.0,0.0,0.0,0.0,0.0,0.0
139,Bart,Verbruggen,Verbruggen,a,,,4.5,444,25.0,5.5,65,11.0,3.2,93.0,9.0,7,0,0.0,0,0.0,2250,1420,0.7,19.1,3.2,3.2,3.2,154.0,15.0,,,12.0,3.0,421.0,7.0,681.0,78.0,159.0,3.0,,,,,,,,0.0,0.0,0.0,1.4,2.81,0.22,1.26,1.0,0.0,27,7.0,90.0,0.0,0.0,1.0,0.0,0.0,0.0,0.0,0.0,0.0,4.0,1.0,0.0,28.0,2477.0,2432.0,0.0,0.0,0.010000000000000002,0.010000000000000002,1.5999999999999943,24.40000000000009,0.0,0.0,2.4000000000000057,0.0,2.0,11.0,0.0
140,Tom,McGill,McGill,a,,,3.9,750,77.0,0.3,311,42.0,0.0,437.0,36.0,0,0,0.0,-1,1.0,40,52,0.0,0.0,0.0,0.0,0.0,546.0,45.0,,,535.0,45.0,525.0,30.0,491.0,17.0,538.0,45.0,,,,,,,,0.0,0.0,0.0,0.0,0.0,0.0,0.0,0.0,0.0,27,0.0,0.0,0.0,0.0,0.0,0.0,0.0,0.0,0.0,0.0,0.0,0.0,0.0,0.0,0.0,43.0,59.0,0.0,0.0,0.0,0.0,0.0,0.0,0.0,0.0,0.0,0.0,0.0,0.0,0.0
141,Carl,Rushworth,Rushworth,u,Has joined Coventry City on loan for the rest of the season.,,4.0,688,55.0,0.0,804,92.0,0.0,487.0,66.0,0,0,0.0,0,0.0,0,0,0.0,0.0,0.0,0.0,0.0,594.0,74.0,0.0,0.0,583.0,74.0,576.0,62.0,544.0,49.0,586.0,74.0,,,,,,,,0.0,0.0,0.0,0.0,0.0,0.0,0.0,0.0,0.0,27,0.0,0.0,0.0,0.0,0.0,0.0,0.0,0.0,0.0,0.0,0.0,0.0,0.0,0.0,0.0,0.0,0.0,0.0,0.0,0.0,0.0,0.0,0.0,0.0,0.0,0.0,0.0,0.0,0.0,0.0
142,Kjell,Scherpen,Scherpen,u,Has joined Union SG permanently,,4.0,675,48.0,0.0,805,93.0,0.0,477.0,59.0,0,0,0.0,0,0.0,0,0,0.0,0.0,0.0,0.0,0.0,584.0,67.0,0.0,0.0,573.0,67.0,566.0,55.0,534.0,42.0,576.0,67.0,,,,,,,,0.0,0.0,0.0,0.0,0.0,0.0,0.0,0.0,0.0,27,0.0,0.0,0.0,0.0,0.0,0.0,0.0,0.0,0.0,0.0,0.0,0.0,0.0,0.0,0.0,0.0,0.0,0.0,0.0,0.0,0.0,0.0,0.0,0.0,0.0,0.0,0.0,0.0,0.0,0.0
143,Olivier,Boscagli,Boscagli,a,,,4.2,631,144.0,0.1,504,180.0,2.0,192.0,66.0,0,0,0.0,-3,3.0,37,46,0.5,4.8,2.0,2.0,2.9,197.0,80.0,,,340.0,128.0,356.0,123.0,393.0,142.0,382.0,135.0,,,,,,,,0.01,0.06,0.07,1.26,0.0,0.26,1.03,1.03,8.51,27,0.0,0.0,0.0,0.0,0.0,0.0,0.0,0.0,0.0,0.0,0.0,0.0,0.0,0.0,0.0,47.0,52.0,0.0,0.0,0.0,0.0,0.0,0.0,0.0,0.0,0.0,0.0,0.0,0.0,0.0
144,Diego,Coppola,Coppola,u,has joined Paris FC on loan for the rest of the season.,,4.2,644,154.0,0.0,594,212.0,0.0,543.0,228.0,0,0,0.0,-3,3.0,0,17,0.0,2.4,0.0,0.0,2.0,323.0,120.0,0.0,0.0,408.0,153.0,447.0,162.0,438.0,163.0,446.0,161.0,,,,,,,,0.0,0.0,0.0,2.11,0.0,0.47,1.4,0.93,8.39,27,0.0,0.0,0.0,0.0,0.0,0.0,0.0,0.0,0.0,0.0,0.0,0.0,0.0,0.0,0.0,0.0,19.0,0.0,0.0,0.0,0.0,0.0,0.0,0.0,0.0,0.0,0.0,0.0,0.0,0.0
145,Maxim,De Cuyper,De Cuyper,a,,,4.3,589,134.0,1.8,142,56.0,2.0,193.0,67.0,1,0,0.0,-2,2.0,184,1286,0.5,13.7,2.0,2.0,2.7,232.0,92.0,100.0,100.0,245.0,97.0,74.0,17.0,196.0,47.0,167.0,53.0,3.0,6.0,,,,,,0.12,0.17,0.29,1.63,0.0,0.32,1.43,1.12,3.9,27,1.0,14.0,0.0,0.0,0.0,0.0,0.0,0.0,0.0,0.0,0.0,0.0,0.0,0.0,4.0,200.0,1468.0,0.0,0.0,0.0,0.0,0.48999999999999844,4.0,3.0,0.0,0.6999999999999886,2.0,0.0,1.0,2.0
146,Lewis,Dunk,Dunk,a,,,4.5,407,71.0,1.0,197,76.0,3.8,62.0,22.0,6,0,0.0,0,0.0,871,271,0.8,15.3,3.8,3.8,2.7,234.0,94.0,100.0,100.0,54.0,24.0,258.0,78.0,177.0,40.0,132.0,45.0,,1.0,,,,,,0.05,0.02,0.07,1.39,0.0,0.2,1.29,0.98,7.57,27,6.0,90.0,0.0,0.0,1.0,0.0,0.0,0.0,0.0,0.0,0.0,0.0,1.0,0.0,26.0,935.0,340.0,0.0,0.050000000000000044,0.0,0.050000000000000044,1.6000000000000014,14.400000000000034,1.0,17.0,3.200000000000003,1.0,6.0,2.0,7.0
147,Pervis,Estupiñán Tenorio,Estupiñan,u,Has joined AC Milan permanently,,4.5,417,77.0,0.0,744,256.0,0.0,620.0,242.0,0,0,0.0,0,0.0,0,0,0.0,0.0,0.0,0.0,0.0,692.0,254.0,0.0,0.0,685.0,253.0,681.0,253.0,662.0,252.0,688.0,253.0,,,,,,,,0.0,0.0,0.0,0.0,0.0,0.0,0.0,0.0,0.0,27,0.0,0.0,0.0,0.0,0.0,0.0,0.0,0.0,0.0,0.0,0.0,0.0,0.0,0.0,0.0,0.0,0.0,0.0,0.0,0.0,0.0,0.0,0.0,0.0,0.0,0.0,0.0,0.0,0.0,0.0
150,Tariq,Lamptey,Lamptey,u,has joined Fiorentina permanently.,,4.4,532,110.0,0.1,515,183.0,0.0,587.0,240.0,0,0,0.0,-1,1.0,0,5,0.0,0.0,0.0,0.0,0.0,667.0,253.0,0.0,0.0,656.0,252.0,653.0,252.0,631.0,251.0,659.0,252.0,,,,,,,,0.0,0.0,0.0,0.0,0.0,0.0,0.0,0.0,0.0,27,0.0,0.0,0.0,0.0,0.0,0.0,0.0,0.0,0.0,0.0,0.0,0.0,0.0,0.0,0.0,0.0,6.0,0.0,0.0,0.0,0.0,0.0,0.0,0.0,0.0,0.0,0.0,0.0,0.0,0.0
151,Jan Paul,van Hecke,Van Hecke,a,,,4.4,544,117.0,3.6,91,32.0,3.4,81.0,30.0,9,0,0.0,-1,1.0,6120,1483,0.8,23.0,3.4,3.4,4.0,61.0,26.0,100.0,100.0,8.0,3.0,202.0,51.0,103.0,13.0,56.0,9.0,,,,,,,,0.08,0.04,0.12,1.41,0.0,0.24,1.3,1.01,8.43,27,9.0,90.0,0.0,0.0,1.0,0.0,0.0,0.0,0.0,0.0,0.0,0.0,1.0,1.0,29.0,6377.0,2223.0,0.0,0.0,0.010000000000000009,0.009999999999999787,1.6000000000000014,17.0,0.700000000000017,0.0,1.7999999999999972,0.0,10.0,4.0,10.0
152,Joël,Veltman,Veltman,a,,,4.3,575,123.0,0.1,426,158.0,0.6,310.0,108.0,1,0,0.0,-2,2.0,35,90,0.1,7.4,0.6,0.6,2.1,316.0,115.0,100.0,100.0,249.0,100.0,296.0,96.0,289.0,85.0,299.0,98.0,,,,,,,,0.11,0.01,0.12,1.58,0.0,0.11,1.34,0.89,9.47,27,1.0,25.0,0.0,0.0,0.0,0.0,0.0,0.0,0.0,0.0,0.0,0.0,0.0,0.0,4.0,38.0,103.0,0.0,0.0,0.0,0.0,0.8699999999999992,4.0,0.09999999999999432,0.0,0.4000000000000057,1.0,1.0,0.0,2.0
153,Adam,Webster,Webster,i,Knee injury - Unknown return date,,4.4,523,102.0,0.0,756,258.0,0.0,583.0,237.0,0,0,0.0,-1,1.0,2,3,0.0,0.0,0.0,0.0,0.0,664.0,251.0,0.0,0.0,653.0,250.0,650.0,250.0,628.0,249.0,656.0,250.0,,,,,,,,0.0,0.0,0.0,0.0,0.0,0.0,0.0,0.0,0.0,27,0.0,0.0,0.0,0.0,0.0,0.0,0.0,0.0,0.0,0.0,0.0,0.0,0.0,0.0,0.0,2.0,3.0,0.0,0.0,0.0,0.0,0.0,0.0,0.0,0.0,0.0,0.0,0.0,0.0,0.0
154,Eiran,Cashin,Cashin,u,has joined Blackburn Rovers on loan for the rest of the season.,,4.0,678,169.0,0.0,775,260.0,0.0,480.0,188.0,0,0,0.0,0,0.0,0,0,0.0,0.0,0.0,0.0,0.0,587.0,216.0,0.0,0.0,576.0,215.0,569.0,215.0,537.0,209.0,579.0,215.0,,,,,,,,0.0,0.0,0.0,0.0,0.0,0.0,0.0,0.0,0.0,27,0.0,0.0,0.0,0.0,0.0,0.0,0.0,0.0,0.0,0.0,0.0,0.0,0.0,0.0,0.0,0.0,0.0,0.0,0.0,0.0,0.0,0.0,0.0,0.0,0.0,0.0,0.0,0.0,0.0,0.0
155,Jacob,Slater,Slater,u,has joined Harrogate Town on loan until January.,,4.0,720,196.0,0.1,498,176.0,0.0,517.0,210.0,0,0,0.0,0,0.0,0,6,0.0,0.0,0.0,0.0,0.0,621.0,235.0,0.0,0.0,610.0,234.0,603.0,234.0,572.0,229.0,613.0,234.0,,,,,,,,0.0,0.0,0.0,0.0,0.0,0.0,0.0,0.0,0.0,27,0.0,0.0,0.0,0.0,0.0,0.0,0.0,0.0,0.0,0.0,0.0,0.0,0.0,0.0,0.0,0.0,6.0,0.0,0.0,0.0,0.0,0.0,0.0,0.0,0.0,0.0,0.0,0.0,0.0,0.0
156,Charlie,Tasker,Tasker,a,,,3.8,806,254.0,0.2,408,150.0,0.0,420.0,165.0,0,0,0.0,-2,2.0,52,59,0.0,0.0,0.0,0.0,0.0,530.0,195.0,,,519.0,194.0,508.0,194.0,473.0,185.0,522.0,194.0,,,,,,,,0.0,0.0,0.0,0.0,0.0,0.0,0.0,0.0,0.0,27,0.0,0.0,0.0,0.0,0.0,0.0,0.0,0.0,0.0,0.0,0.0,0.0,0.0,0.0,0.0,57.0,65.0,0.0,0.0,0.0,0.0,0.0,0.0,0.0,0.0,0.0,0.0,0.0,0.0,0.0
157,Mitoma,Kaoru,Mitoma,a,,,6.1,83,54.0,2.0,133,43.0,2.4,170.0,77.0,3,0,0.0,-4,4.0,999,781,0.4,7.9,2.4,2.4,2.8,230.0,95.0,100.0,100.0,252.0,106.0,72.0,55.0,88.0,54.0,119.0,67.0,,,,,,,,0.18,0.14,0.32,1.28,0.0,0.28,0.99,0.99,5.09,27,3.0,90.0,0.0,0.0,1.0,0.0,0.0,0.0,0.0,0.0,0.0,0.0,1.0,0.0,11.0,1105.0,995.0,0.0,0.29000000000000004,0.05999999999999983,0.34999999999999964,1.6000000000000014,13.0,23.900000000000034,40.0,7.700000000000003,1.0,2.0,2.0,5.0
158,Georginio,Rutter,Georginio,a,,,5.6,131,81.0,0.3,293,101.0,0.8,306.0,136.0,0,0,0.0,-4,4.0,62,396,0.1,11.6,0.8,0.8,2.8,226.0,93.0,100.0,100.0,216.0,94.0,106.0,75.0,54.0,33.0,107.0,63.0,,,,,,,,0.12,0.12,0.24,1.15,0.0,0.36,0.96,1.08,6.05,27,0.0,0.0,0.0,0.0,0.0,0.0,0.0,0.0,0.0,0.0,0.0,0.0,0.0,0.0,0.0,75.0,531.0,0.0,0.0,0.0,0.0,0.0,0.0,0.0,0.0,0.0,0.0,0.0,0.0,0.0
159,Solly,March,March,d,Lack of match fitness - 75% chance of playing,,5.8,105,68.0,0.0,754,321.0,0.0,795.0,351.0,0,0,0.0,-2,2.0,9,5,0.0,0.0,0.0,0.0,0.0,807.0,359.0,75.0,75.0,807.0,359.0,807.0,359.0,806.0,359.0,807.0,359.0,,,,,,,,0.0,0.0,0.0,0.0,0.0,0.0,0.0,0.0,0.0,27,0.0,0.0,0.0,0.0,0.0,0.0,0.0,0.0,0.0,0.0,0.0,0.0,0.0,0.0,0.0,9.0,6.0,0.0,0.0,0.0,0.0,0.0,0.0,0.0,0.0,0.0,0.0,0.0,0.0,0.0
160,Yankuba,Minteh,Minteh,a,,,5.6,135,83.0,2.0,132,42.0,0.8,307.0,137.0,0,0,0.0,-4,4.0,412,2081,0.1,15.0,0.8,0.8,3.5,126.0,58.0,100.0,100.0,173.0,67.0,34.0,32.0,28.0,14.0,39.0,28.0,1.0,,,,,,,0.16,0.15,0.31,1.39,0.0,0.33,1.43,0.99,6.88,27,0.0,0.0,0.0,0.0,0.0,0.0,0.0,0.0,0.0,0.0,0.0,0.0,0.0,0.0,0.0,474.0,2676.0,0.0,0.0,0.0,0.0,0.0,0.0,0.0,0.0,0.0,0.0,0.0,0.0,0.0
161,Julio,Enciso Espínola,Enciso,u,has joined Strasbourg permanently.,,5.4,176,108.0,0.0,746,317.0,0.0,783.0,342.0,0,0,0.0,-1,1.0,0,0,0.0,0.0,0.0,0.0,0.0,801.0,354.0,0.0,0.0,801.0,354.0,800.0,354.0,798.0,353.0,801.0,354.0,,,,,,,,0.0,0.0,0.0,0.0,0.0,0.0,0.0,0.0,0.0,27,0.0,0.0,0.0,0.0,0.0,0.0,0.0,0.0,0.0,0.0,0.0,0.0,0.0,0.0,0.0,0.0,0.0,0.0,0.0,0.0,0.0,0.0,0.0,0.0,0.0,0.0,0.0,0.0,0.0,0.0
162,Brajan,Gruda,Gruda,u,has joined Leipzig on loan for the rest of the season.,,5.4,181,112.0,0.0,585,220.0,0.0,785.0,344.0,0,0,0.0,-1,1.0,0,19,0.0,6.5,0.0,0.0,1.9,346.0,152.0,0.0,0.0,312.0,142.0,136.0,94.0,169.0,95.0,238.0,119.0,,,,,,,,0.24,0.11,0.35,1.76,0.0,0.25,1.4,1.02,7.37,27,0.0,0.0,0.0,0.0,0.0,0.0,0.0,0.0,0.0,0.0,0.0,0.0,0.0,0.0,0.0,0.0,23.0,0.0,0.0,0.0,0.0,0.0,0.0,0.0,0.0,0.0,0.0,0.0,0.0,0.0
163,Jack,Hinshelwood,Hinshelwood,a,,,5.1,240,146.0,0.0,592,223.0,1.4,248.0,106.0,6,0,0.0,-4,4.0,86,23,0.3,8.4,1.4,1.4,2.7,240.0,98.0,100.0,100.0,308.0,140.0,268.0,159.0,217.0,120.0,301.0,150.0,,,,,,,,0.1,0.05,0.15,1.94,0.0,0.21,1.49,0.96,8.22,27,6.0,90.0,0.0,1.0,1.0,0.0,0.0,0.0,0.0,0.0,0.0,0.0,1.0,0.0,20.0,90.0,28.0,0.0,0.08999999999999997,0.019999999999999962,0.10999999999999988,1.5999999999999979,4.800000000000011,13.800000000000011,14.0,3.3000000000000043,1.0,1.0,2.0,4.0
164,Matt,O'Riley,O'Riley,a,,,5.5,142,89.0,0.3,299,104.0,0.2,392.0,176.0,0,0,0.0,0,0.0,90,44,0.0,2.4,0.2,0.2,4.3,47.0,22.0,100.0,100.0,393.0,173.0,302.0,172.0,290.0,156.0,365.0,173.0,,,,,,,,0.59,0.09,0.68,1.13,0.0,0.49,0.97,0.97,4.38,27,0.0,0.0,0.0,0.0,0.0,0.0,0.0,0.0,0.0,0.0,0.0,0.0,0.0,0.0,0.0,97.0,47.0,0.0,0.0,0.0,0.0,0.0,0.0,0.0,0.0,0.0,0.0,0.0,0.0,0.0
165,Abdallah,Sima,Sima,u,has joined Lens permanently.,,5.4,182,113.0,0.0,728,305.0,0.0,786.0,345.0,0,0,0.0,-1,1.0,0,0,0.0,0.0,0.0,0.0,0.0,802.0,355.0,0.0,0.0,802.0,355.0,801.0,355.0,799.0,354.0,802.0,355.0,,,,,,,,0.0,0.0,0.0,0.0,0.0,0.0,0.0,0.0,0.0,27,0.0,0.0,0.0,0.0,0.0,0.0,0.0,0.0,0.0,0.0,0.0,0.0,0.0,0.0,0.0,0.0,0.0,0.0,0.0,0.0,0.0,0.0,0.0,0.0,0.0,0.0,0.0,0.0,0.0,0.0
166,Yasin,Ayari,Ayari,d,Shoulder injury - 50% chance of playing,,4.8,371,232.0,0.5,259,89.0,3.4,85.0,40.0,0,0,0.0,-2,2.0,32,1965,0.7,17.3,1.7,0.0,4.0,64.0,28.0,50.0,0.0,170.0,64.0,140.0,95.0,112.0,67.0,137.0,75.0,4.0,5.0,,,,,,0.13,0.06,0.19,1.3,0.0,0.26,1.11,0.95,10.59,27,0.0,0.0,0.0,0.0,0.0,0.0,0.0,0.0,0.0,0.0,0.0,0.0,0.0,0.0,0.0,37.0,2418.0,0.0,0.0,0.0,0.0,0.0,0.0,0.0,0.0,0.0,0.0,0.0,0.0,0.0
167,Carlos,Baleba,Baleba,a,,,4.5,460,277.0,1.5,155,50.0,2.2,177.0,79.0,1,0,0.0,-5,5.0,981,681,0.5,8.2,2.2,2.2,1.7,378.0,165.0,100.0,100.0,355.0,158.0,266.0,158.0,361.0,187.0,360.0,172.0,,,,,,,,0.03,0.02,0.05,1.24,0.0,0.31,1.22,1.37,10.75,27,1.0,1.0,0.0,0.0,0.0,0.0,0.0,0.0,0.0,0.0,0.0,0.0,0.0,0.0,4.0,1160.0,756.0,0.0,0.0,0.0,0.0,0.0,2.0,0.0,0.0,0.20000000000000284,1.0,0.0,0.0,1.0
170,James,Milner,Milner,a,,,4.9,286,178.0,0.1,467,161.0,1.4,244.0,103.0,3,0,0.0,-1,1.0,91,35,0.3,5.5,1.4,1.4,1.7,380.0,167.0,100.0,100.0,336.0,152.0,229.0,147.0,310.0,164.0,335.0,161.0,5.0,,1.0,,,,,0.19,0.11,0.3,1.71,0.0,0.19,2.33,0.58,9.5,27,3.0,89.0,0.0,0.0,1.0,0.0,0.0,0.0,0.0,0.0,0.0,0.0,1.0,0.0,16.0,92.0,39.0,0.0,0.029999999999999916,0.020000000000000018,0.050000000000000044,1.6000000000000005,9.400000000000006,8.299999999999997,6.0,2.3999999999999986,2.0,2.0,5.0,9.0
171,Jeremy,Sarmiento Morante,Sarmiento,u,has joined Middlesbrough on loan for the rest of the season.,,4.9,330,204.0,0.0,700,291.0,0.0,734.0,309.0,0,0,0.0,-1,1.0,0,1,0.0,0.0,0.0,0.0,0.0,773.0,335.0,0.0,0.0,772.0,334.0,769.0,335.0,764.0,333.0,773.0,335.0,,,,,,,,0.0,0.0,0.0,0.0,0.0,0.0,0.0,0.0,0.0,27,0.0,0.0,0.0,0.0,0.0,0.0,0.0,0.0,0.0,0.0,0.0,0.0,0.0,0.0,0.0,0.0,1.0,0.0,0.0,0.0,0.0,0.0,0.0,0.0,0.0,0.0,0.0,0.0,0.0,0.0
172,Tom,Watson,Watson,u,has joined Millwall on loan for the rest of the season.,,4.8,373,234.0,0.0,641,255.0,0.0,715.0,296.0,0,0,0.0,-2,2.0,0,16,0.0,1.0,0.0,0.0,0.8,508.0,239.0,0.0,0.0,469.0,213.0,452.0,217.0,419.0,203.0,470.0,214.0,,,,,,,,0.06,0.05,0.11,2.72,0.0,0.0,3.16,0.0,7.89,27,0.0,0.0,0.0,0.0,0.0,0.0,0.0,0.0,0.0,0.0,0.0,0.0,0.0,0.0,0.0,0.0,17.0,0.0,0.0,0.0,0.0,0.0,0.0,0.0,0.0,0.0,0.0,0.0,0.0,0.0
173,Mats,Wieffer,Wieffer,a,,,4.9,334,207.0,0.1,441,149.0,0.4,345.0,153.0,2,0,0.0,-1,1.0,16,45,0.1,12.2,0.4,0.4,3.5,121.0,55.0,100.0,100.0,172.0,66.0,124.0,85.0,203.0,111.0,164.0,88.0,,,,,,,,0.09,0.11,0.2,1.24,0.0,0.29,1.23,1.01,13.9,27,2.0,64.0,0.0,0.0,1.0,0.0,0.0,0.0,0.0,1.0,0.0,0.0,1.0,0.0,9.0,16.0,59.0,0.0,0.0,0.020000000000000018,0.020000000000000018,0.7300000000000004,7.0,2.1999999999999886,0.0,0.9000000000000057,2.0,3.0,3.0,8.0
174,Malick,Yalcouyé,Yalcouye,u,Has joined Swansea City on loan for the rest of the season.,,5.0,281,174.0,0.0,771,333.0,0.0,760.0,328.0,0,0,0.0,0,0.0,0,0,0.0,0.0,0.0,0.0,0.0,792.0,349.0,0.0,0.0,791.0,348.0,790.0,349.0,786.0,347.0,792.0,349.0,,,,,,,,0.0,0.0,0.0,0.0,0.0,0.0,0.0,0.0,0.0,27,0.0,0.0,0.0,0.0,0.0,0.0,0.0,0.0,0.0,0.0,0.0,0.0,0.0,0.0,0.0,0.0,0.0,0.0,0.0,0.0,0.0,0.0,0.0,0.0,0.0,0.0,0.0,0.0,0.0,0.0
176,Adrian,Mazilu,Mazilu,u,has joined Dinamo Bucharest permanently.,,4.5,465,282.0,0.0,686,282.0,0.0,652.0,249.0,0,0,0.0,0,0.0,0,0,0.0,0.0,0.0,0.0,0.0,719.0,295.0,0.0,0.0,713.0,290.0,710.0,293.0,694.0,286.0,715.0,292.0,,,,,,,,0.0,0.0,0.0,0.0,0.0,0.0,0.0,0.0,0.0,27,0.0,0.0,0.0,0.0,0.0,0.0,0.0,0.0,0.0,0.0,0.0,0.0,0.0,0.0,0.0,0.0,0.0,0.0,0.0,0.0,0.0,0.0,0.0,0.0,0.0,0.0,0.0,0.0,0.0,0.0
177,Andrew,Moran,Moran,u,Has joined Los Angeles FC on loan for the rest of the season.,,4.5,454,271.0,0.0,695,287.0,0.0,644.0,241.0,0,0,0.0,0,0.0,0,3,0.0,0.0,0.0,0.0,0.0,711.0,287.0,0.0,0.0,705.0,282.0,702.0,285.0,686.0,278.0,707.0,284.0,,,,,,,,0.0,0.0,0.0,0.0,0.0,0.0,0.0,0.0,0.0,27,0.0,0.0,0.0,0.0,0.0,0.0,0.0,0.0,0.0,0.0,0.0,0.0,0.0,0.0,0.0,0.0,3.0,0.0,0.0,0.0,0.0,0.0,0.0,0.0,0.0,0.0,0.0,0.0,0.0,0.0
178,Danny,Welbeck,Welbeck,a,,,6.1,79,25.0,3.6,90,15.0,3.2,103.0,10.0,9,0,0.0,-4,4.0,6628,1543,0.5,13.4,3.2,3.2,3.2,165.0,14.0,100.0,100.0,123.0,12.0,144.0,11.0,29.0,15.0,66.0,13.0,,2.0,2.0,,,,,0.51,0.05,0.56,1.33,0.0,0.35,1.17,1.0,4.11,27,9.0,90.0,1.0,0.0,1.0,0.0,0.0,0.0,0.0,0.0,0.0,0.0,1.0,3.0,32.0,6795.0,2127.0,0.0,0.3600000000000012,0.020000000000000018,0.3800000000000008,1.6000000000000014,38.599999999999966,12.899999999999977,37.0,8.900000000000006,0.0,1.0,0.0,1.0
179,Evan,Ferguson,Ferguson,u,Has joined AS Roma on loan for the rest of the season,,5.5,151,38.0,0.0,753,91.0,0.0,791.0,85.0,0,0,0.0,0,0.0,0,0,0.0,0.0,0.0,0.0,0.0,806.0,89.0,0.0,0.0,806.0,89.0,805.0,89.0,803.0,89.0,806.0,89.0,,,,,,,,0.0,0.0,0.0,0.0,0.0,0.0,0.0,0.0,0.0,27,0.0,0.0,0.0,0.0,0.0,0.0,0.0,0.0,0.0,0.0,0.0,0.0,0.0,0.0,0.0,0.0,0.0,0.0,0.0,0.0,0.0,0.0,0.0,0.0,0.0,0.0,0.0,0.0,0.0,0.0
180,Stefanos,Tzimas,Tzimas,i,Knee injury - Expected back 01 Jun,,5.2,221,51.0,0.1,526,74.0,0.0,769.0,83.0,0,0,0.0,-3,3.0,9,22,0.0,3.1,0.0,0.0,1.8,369.0,44.0,0.0,0.0,389.0,41.0,306.0,32.0,326.0,51.0,373.0,45.0,,,,,,,,0.3,0.08,0.38,1.77,0.0,0.0,1.36,0.68,10.23,27,0.0,0.0,0.0,0.0,0.0,0.0,0.0,0.0,0.0,0.0,0.0,0.0,0.0,0.0,0.0,11.0,23.0,0.0,0.0,0.0,0.0,0.0,0.0,0.0,0.0,0.0,0.0,0.0,0.0,0.0
181,Charalampos,Kostoulas,Kostoulas,a,,,4.8,375,64.0,0.4,292,45.0,0.8,296.0,40.0,0,0,0.0,-2,2.0,135,276,0.2,6.2,0.8,0.8,1.9,342.0,39.0,,,317.0,30.0,283.0,29.0,130.0,31.0,276.0,31.0,,,,,,,,0.52,0.07,0.59,1.42,0.0,0.31,2.16,0.62,11.71,27,0.0,0.0,0.0,0.0,0.0,0.0,0.0,0.0,0.0,0.0,0.0,0.0,0.0,0.0,0.0,158.0,299.0,0.0,0.0,0.0,0.0,0.0,0.0,0.0,0.0,0.0,0.0,0.0,0.0,0.0
744,Nehemiah,Oriola,Oriola,a,,,4.5,470,285.0,0.0,716,298.0,0.0,656.0,252.0,0,0,0.0,0,0.0,10,5,0.0,0.2,0.0,0.0,1.0,476.0,215.0,,,717.0,293.0,713.0,295.0,698.0,289.0,719.0,295.0,,,,,,,,0.0,0.0,0.0,0.0,0.0,0.0,0.0,0.0,0.0,27,0.0,0.0,0.0,0.0,0.0,0.0,0.0,0.0,0.0,0.0,0.0,0.0,0.0,0.0,0.0,12.0,6.0,0.0,0.0,0.0,0.0,0.0,0.0,0.0,0.0,0.0,0.0,0.0,0.0,0.0
761,Freddie,Simmonds,Simmonds,a,,,4.0,725,201.0,0.0,715,247.0,0.0,522.0,215.0,0,0,0.0,0,0.0,3,17,0.0,0.0,0.0,0.0,0.0,625.0,239.0,,,614.0,238.0,607.0,238.0,576.0,233.0,617.0,238.0,,,,,,,,0.0,0.0,0.0,0.0,0.0,0.0,0.0,0.0,0.0,27,0.0,0.0,0.0,0.0,0.0,0.0,0.0,0.0,0.0,0.0,0.0,0.0,0.0,0.0,0.0,6.0,19.0,0.0,0.0,0.0,0.0,0.0,0.0,0.0,0.0,0.0,0.0,0.0,0.0,0.0
783,Pascal,Groß,Groß,a,,,5.5,136,84.0,0.1,491,174.0,4.2,50.0,23.0,3,0,0.0,0,0.0,305,233,0.8,4.7,4.2,4.2,3.2,164.0,72.0,,,297.0,132.0,110.0,77.0,258.0,141.0,244.0,124.0,,,,,,,,0.1,0.2,0.3,1.25,0.0,0.28,0.7,0.98,7.94,27,3.0,90.0,0.0,0.0,1.0,0.0,0.0,0.0,0.0,0.0,0.0,0.0,1.0,0.0,12.0,360.0,282.0,0.0,0.09999999999999998,0.06999999999999984,0.16999999999999993,1.6000000000000005,11.0,28.69999999999999,7.0,4.699999999999996,1.0,0.0,1.0,2.0
795,Harry,Howell,Howell,a,,,4.5,492,302.0,0.0,774,336.0,0.6,312.0,139.0,0,0,0.0,0,0.0,27,9,0.1,0.7,0.6,0.6,1.5,408.0,180.0,,,462.0,209.0,440.0,213.0,446.0,220.0,474.0,218.0,,,,,,,,0.0,0.03,0.03,1.14,0.0,0.0,2.28,1.14,4.56,27,0.0,0.0,0.0,0.0,0.0,0.0,0.0,0.0,0.0,0.0,0.0,0.0,0.0,0.0,0.0,28.0,12.0,0.0,0.0,0.0,0.0,0.0,0.0,0.0,0.0,0.0,0.0,0.0,0.0,0.0
220,Robert,Lynch Sánchez,Sánchez,a,,,4.9,313,12.0,14.8,23,3.0,2.0,197.0,15.0,2,0,0.0,-1,1.0,1246,24399,0.4,19.4,1.5,3.0,3.7,97.0,12.0,100.0,100.0,26.0,9.0,336.0,1.0,758.0,87.0,171.0,4.0,,,,,,,,0.0,0.0,0.0,1.38,2.72,0.36,1.2,1.04,0.0,27,2.0,90.0,0.0,0.0,0.0,1.0,0.0,0.0,0.0,1.0,0.0,3.0,1.0,0.0,10.0,2264.0,25336.0,0.0,0.0,0.0,0.0,0.8500000000000014,24.0,0.0,0.0,2.4000000000000057,0.0,1.0,7.0,0.0
221,Filip,Jörgensen,Jörgensen,d,Knock - 50% chance of playing,,4.3,603,29.0,0.2,402,59.0,0.0,563.0,84.0,0,0,0.0,-2,2.0,9,70,0.0,0.7,-0.2,0.5,1.5,405.0,31.0,50.0,50.0,432.0,31.0,635.0,81.0,611.0,70.0,459.0,31.0,,,,,,,,0.0,0.0,0.0,1.44,1.55,0.0,1.55,0.52,0.0,27,0.0,0.0,0.0,0.0,0.0,0.0,0.0,0.0,0.0,0.0,0.0,0.0,0.0,0.0,0.0,9.0,77.0,0.0,0.0,0.0,0.0,0.0,0.0,0.0,0.0,0.0,0.0,0.0,0.0,0.0
222,Mike,Penders,Penders,u,Has joined RC Strasbourg on loan for the rest of the season.,,4.0,710,64.0,0.0,793,90.0,0.0,507.0,75.0,0,0,0.0,0,0.0,0,0,0.0,0.0,0.0,0.0,0.0,612.0,83.0,0.0,0.0,601.0,83.0,594.0,71.0,563.0,58.0,604.0,83.0,,,,,,,,0.0,0.0,0.0,0.0,0.0,0.0,0.0,0.0,0.0,27,0.0,0.0,0.0,0.0,0.0,0.0,0.0,0.0,0.0,0.0,0.0,0.0,0.0,0.0,0.0,0.0,0.0,0.0,0.0,0.0,0.0,0.0,0.0,0.0,0.0,0.0,0.0,0.0,0.0,0.0
235,Cole,Palmer,Palmer,a,,,10.6,3,2.0,17.1,20,8.0,7.4,4.0,1.0,3,0,0.0,1,-1.0,9826,29470,0.7,7.7,6.9,8.4,5.1,12.0,8.0,100.0,100.0,111.0,35.0,149.0,102.0,49.0,29.0,83.0,49.0,,1.0,1.0,,,,,0.68,0.1,0.78,1.53,0.0,0.25,1.27,1.18,6.83,27,3.0,74.0,0.0,0.0,1.0,0.0,0.0,0.0,0.0,0.0,0.0,0.0,1.0,0.0,14.0,21022.0,29718.0,0.0,0.40000000000000036,0.21999999999999997,0.6199999999999992,0.28000000000000114,12.0,27.099999999999994,32.0,7.1000000000000085,2.0,1.0,6.0,9.0
237,Enzo,Fernández,Enzo,a,,,6.8,48,31.0,21.7,18,6.0,4.4,43.0,20.0,2,-1,1.0,3,-3.0,9422,100466,0.6,17.6,3.9,5.4,4.6,29.0,16.0,100.0,100.0,23.0,5.0,5.0,5.0,16.0,6.0,4.0,3.0,3.0,3.0,2.0,,,,,0.4,0.21,0.61,1.29,0.0,0.32,1.13,1.01,7.29,27,2.0,90.0,0.0,0.0,0.0,1.0,0.0,0.0,0.0,0.0,0.0,0.0,1.0,0.0,7.0,12658.0,106096.0,0.0,0.08999999999999986,0.03000000000000025,0.11999999999999922,0.8500000000000014,0.0,6.699999999999932,1.0,0.6999999999999886,0.0,1.0,3.0,4.0
238,Estêvão,Almeida de Oliveira Gonçalves,Estêvão,d,Hamstring injury - 75% chance of playing,,6.4,63,41.0,2.3,126,41.0,3.2,105.0,48.0,0,0,0.0,-1,1.0,336,9390,0.5,8.6,2.0,4.2,2.9,207.0,87.0,75.0,100.0,267.0,114.0,132.0,90.0,78.0,48.0,160.0,85.0,4.0,,3.0,,,,,0.34,0.26,0.6,0.99,0.0,0.49,0.98,1.22,6.22,27,0.0,0.0,0.0,0.0,0.0,0.0,0.0,0.0,0.0,0.0,0.0,0.0,0.0,0.0,0.0,649.0,10000.0,0.0,0.0,0.0,0.0,0.0,0.0,0.0,0.0,0.0,0.0,0.0,0.0,0.0
239,Jamie,Bynoe-Gittens,Gittens,i,Hamstring injury - Unknown return date,,6.0,88,55.0,0.1,472,163.0,0.4,351.0,158.0,0,0,0.0,-5,5.0,2,37,0.1,4.2,0.0,0.0,1.6,399.0,177.0,0.0,0.0,352.0,156.0,207.0,134.0,249.0,137.0,318.0,155.0,,,,,,,,0.15,0.17,0.32,1.65,0.0,0.19,1.3,0.93,5.37,27,0.0,0.0,0.0,0.0,0.0,0.0,0.0,0.0,0.0,0.0,0.0,0.0,0.0,0.0,0.0,2.0,40.0,0.0,0.0,0.0,0.0,0.0,0.0,0.0,0.0,0.0,0.0,0.0,0.0,0.0
240,Christopher,Nkunku,Nkunku,u,has joined AC Milan permanently.,,5.9,95,61.0,0.1,517,187.0,0.0,798.0,354.0,0,0,0.0,-1,1.0,0,1,0.0,0.0,0.0,0.0,0.0,808.0,360.0,0.0,0.0,808.0,360.0,808.0,360.0,807.0,360.0,808.0,360.0,,,,,,,,0.0,0.0,0.0,0.0,0.0,0.0,0.0,0.0,0.0,27,0.0,0.0,0.0,0.0,0.0,0.0,0.0,0.0,0.0,0.0,0.0,0.0,0.0,0.0,0.0,0.0,1.0,0.0,0.0,0.0,0.0,0.0,0.0,0.0,0.0,0.0,0.0,0.0,0.0,0.0
241,Moisés,Caicedo Corozo,Caicedo,a,,,5.7,120,75.0,7.9,48,16.0,2.6,147.0,70.0,2,0,0.0,2,-2.0,2126,5347,0.5,15.3,2.1,3.6,4.0,71.0,31.0,100.0,100.0,72.0,22.0,98.0,71.0,231.0,128.0,113.0,64.0,,,,,,,,0.06,0.09,0.15,1.35,0.0,0.29,1.26,1.01,12.99,27,2.0,90.0,0.0,0.0,0.0,1.0,0.0,0.0,0.0,0.0,0.0,0.0,1.0,0.0,17.0,2421.0,5774.0,0.0,0.06999999999999984,0.08000000000000007,0.1499999999999999,0.8499999999999979,12.400000000000034,11.400000000000034,2.0,2.5999999999999943,2.0,1.0,3.0,6.0
244,Roméo,Lavia,Lavia,a,,,4.9,343,211.0,0.0,699,290.0,0.0,739.0,311.0,0,0,0.0,-1,1.0,7,3,0.0,0.8,-0.5,0.5,1.0,491.0,227.0,100.0,50.0,457.0,205.0,432.0,209.0,449.0,222.0,466.0,212.0,,,,,,,,0.0,0.04,0.04,2.39,0.0,0.0,2.57,0.86,9.43,27,0.0,0.0,0.0,0.0,0.0,0.0,0.0,0.0,0.0,0.0,0.0,0.0,0.0,0.0,0.0,7.0,3.0,0.0,0.0,0.0,0.0,0.0,0.0,0.0,0.0,0.0,0.0,0.0,0.0,0.0
245,Mykhailo,Mudryk,Mudryk,s,Suspended - unknown return date,,4.9,333,206.0,0.0,747,318.0,0.0,736.0,310.0,0,0,0.0,-1,1.0,10,7,0.0,0.0,0.0,0.0,0.0,775.0,336.0,0.0,0.0,774.0,335.0,771.0,336.0,766.0,334.0,775.0,336.0,,,,,,,,0.0,0.0,0.0,0.0,0.0,0.0,0.0,0.0,0.0,27,0.0,0.0,0.0,0.0,0.0,0.0,0.0,0.0,0.0,0.0,0.0,0.0,0.0,0.0,0.0,10.0,7.0,0.0,0.0,0.0,0.0,0.0,0.0,0.0,0.0,0.0,0.0,0.0,0.0,0.0
246,Andrey,Nascimento dos Santos,Andrey Santos,a,,,4.5,459,276.0,0.3,323,108.0,1.8,211.0,93.0,2,0,0.0,0,0.0,331,174,0.4,6.2,1.3,2.8,1.4,421.0,188.0,100.0,100.0,300.0,135.0,216.0,142.0,293.0,158.0,308.0,154.0,,,,,,,,0.17,0.08,0.25,1.33,0.0,0.1,1.02,0.92,9.86,27,2.0,90.0,0.0,0.0,0.0,1.0,0.0,0.0,0.0,0.0,0.0,0.0,1.0,0.0,14.0,389.0,200.0,0.0,0.0,0.09000000000000008,0.0900000000000003,0.8499999999999996,11.0,6.799999999999997,0.0,1.8000000000000043,1.0,1.0,2.0,4.0
247,Dário,Luís Essugo,D.Essugo,i,Knock - Expected back 04 Mar,,4.3,597,348.0,0.1,579,216.0,0.0,558.0,186.0,0,0,0.0,-2,2.0,56,32,0.0,0.0,0.0,0.0,0.0,646.0,243.0,0.0,0.0,635.0,233.0,631.0,239.0,606.0,226.0,638.0,236.0,,,,,,,,0.0,0.0,0.0,0.0,0.0,0.0,0.0,0.0,0.0,27,0.0,0.0,0.0,0.0,0.0,0.0,0.0,0.0,0.0,0.0,0.0,0.0,0.0,0.0,0.0,65.0,35.0,0.0,0.0,0.0,0.0,0.0,0.0,0.0,0.0,0.0,0.0,0.0,0.0,0.0
248,Kendry,Páez Andrade,Paez,u,has joined River Plate on loan for the rest of the season.,,4.5,499,307.0,0.0,778,338.0,0.0,681.0,272.0,0,0,0.0,0,0.0,0,0,0.0,0.0,0.0,0.0,0.0,741.0,311.0,0.0,0.0,740.0,310.0,735.0,311.0,722.0,307.0,741.0,311.0,,,,,,,,0.0,0.0,0.0,0.0,0.0,0.0,0.0,0.0,0.0,27,0.0,0.0,0.0,0.0,0.0,0.0,0.0,0.0,0.0,0.0,0.0,0.0,0.0,0.0,0.0,0.0,0.0,0.0,0.0,0.0,0.0,0.0,0.0,0.0,0.0,0.0,0.0,0.0,0.0,0.0
249,João Pedro,Junqueira de Jesus,João Pedro,a,,,7.7,20,6.0,47.7,3,2.0,9.4,1.0,1.0,7,0,0.0,2,-2.0,40062,44803,1.2,18.1,8.9,10.4,5.1,11.0,2.0,,,31.0,3.0,46.0,1.0,9.0,6.0,12.0,3.0,,,,,,,,0.46,0.08,0.54,1.23,0.0,0.46,0.92,1.05,5.13,27,7.0,79.0,1.0,0.0,1.0,0.0,0.0,0.0,0.0,0.0,0.0,0.0,1.0,1.0,30.0,50604.0,45376.0,0.0,1.2200000000000006,0.06000000000000005,1.2800000000000011,0.40000000000000213,34.60000000000002,16.30000000000001,47.0,9.800000000000011,1.0,1.0,2.0,4.0
250,Liam,Delap,Delap,a,,,6.2,75,24.0,0.9,199,31.0,1.8,220.0,30.0,1,0,0.0,-3,3.0,194,644,0.3,5.5,1.3,2.8,1.9,348.0,41.0,100.0,100.0,396.0,42.0,332.0,39.0,75.0,26.0,286.0,32.0,,,,,,,,0.46,0.02,0.48,1.35,0.0,0.25,1.63,1.13,3.13,27,1.0,10.0,0.0,0.0,0.0,1.0,0.0,0.0,0.0,0.0,0.0,0.0,0.0,0.0,2.0,230.0,712.0,0.0,0.07000000000000028,0.0,0.07000000000000028,0.4399999999999995,0.0,0.29999999999999716,1.0,0.0,0.0,0.0,0.0,0.0
251,Nicolas,Jackson,N.Jackson,u,has joined Bayern Munich on loan for the rest of the season.,,6.5,54,19.0,0.1,531,76.0,0.0,810.0,90.0,0,0,0.0,0,0.0,0,4,0.0,0.0,0.0,0.0,0.0,814.0,92.0,0.0,0.0,814.0,92.0,814.0,92.0,814.0,92.0,814.0,92.0,,,,,,,,0.0,0.0,0.0,0.0,0.0,0.0,0.0,0.0,0.0,27,0.0,0.0,0.0,0.0,0.0,0.0,0.0,0.0,0.0,0.0,0.0,0.0,0.0,0.0,0.0,0.0,4.0,0.0,0.0,0.0,0.0,0.0,0.0,0.0,0.0,0.0,0.0,0.0,0.0,0.0
252,Marc,Guiu Paz,Marc Guiu,a,,,4.1,656,92.0,5.9,63,12.0,0.0,534.0,52.0,0,-1,1.0,-4,4.0,2797,3809,0.0,2.9,-0.5,1.0,1.3,424.0,52.0,100.0,100.0,438.0,52.0,354.0,44.0,261.0,46.0,396.0,47.0,,,,,,,,0.53,0.11,0.64,2.06,0.0,0.0,0.73,0.36,2.55,27,0.0,0.0,0.0,0.0,0.0,0.0,0.0,0.0,0.0,0.0,0.0,0.0,0.0,0.0,0.0,3093.0,5351.0,0.0,0.0,0.0,0.0,0.0,0.0,0.0,0.0,0.0,0.0,0.0,0.0,0.0
453,Alejandro,Garnacho Ferreyra,Garnacho,a,,,6.4,62,40.0,0.5,265,91.0,0.4,352.0,159.0,0,0,0.0,-1,1.0,152,643,0.1,6.6,-0.1,1.4,2.6,263.0,112.0,,,305.0,138.0,115.0,79.0,85.0,52.0,175.0,93.0,,,,,,,,0.25,0.26,0.51,1.64,0.0,0.4,1.21,1.21,4.96,27,0.0,0.0,0.0,0.0,0.0,0.0,0.0,0.0,0.0,0.0,0.0,0.0,0.0,0.0,0.0,169.0,747.0,0.0,0.0,0.0,0.0,0.0,0.0,0.0,0.0,0.0,0.0,0.0,0.0,0.0
672,Jorrel,Hato,Hato,a,,,4.6,403,70.0,0.2,386,144.0,0.4,340.0,123.0,0,0,0.0,-4,4.0,62,220,0.1,1.7,-0.1,1.4,0.7,511.0,177.0,100.0,100.0,370.0,142.0,304.0,101.0,378.0,131.0,375.0,132.0,,,,,,,,0.06,0.08,0.14,1.71,0.0,0.0,2.39,0.72,8.62,27,0.0,10.0,0.0,0.0,0.0,1.0,0.0,0.0,0.0,1.0,0.0,0.0,0.0,0.0,22.0,188.0,236.0,0.0,0.04000000000000001,0.020000000000000018,0.05999999999999994,0.4399999999999995,2.0,4.299999999999997,1.0,0.7000000000000011,2.0,0.0,0.0,2.0
253,Dean,Henderson,Henderson,a,,,5.0,245,8.0,7.4,52,8.0,5.6,14.0,2.0,16,0,0.0,0,0.0,3817,4005,1.1,21.8,5.1,6.1,4.0,67.0,5.0,,,24.0,7.0,425.0,11.0,773.0,89.0,189.0,7.0,,,,,,,,0.0,0.0,0.0,1.31,2.74,0.37,1.19,1.0,0.0,27,16.0,90.0,0.0,0.0,1.0,0.0,0.0,1.0,0.0,0.0,0.0,7.0,1.0,3.0,49.0,4160.0,4390.0,0.0,0.0,0.0,0.0,1.6799999999999997,69.60000000000002,0.0,0.0,7.0,0.0,2.0,8.0,0.0
257,Maxence,Lacroix,Lacroix,d,Thigh injury - 25% chance of playing,,5.1,233,32.0,5.5,66,21.0,3.4,87.0,32.0,0,0,0.0,1,-1.0,139,42748,0.7,22.7,0.7,1.0,4.5,32.0,12.0,25.0,25.0,30.0,12.0,285.0,90.0,119.0,22.0,101.0,25.0,,,,,,,,0.07,0.03,0.1,1.3,0.0,0.35,1.23,1.0,10.62,27,0.0,0.0,0.0,0.0,0.0,0.0,0.0,0.0,0.0,0.0,0.0,0.0,0.0,0.0,0.0,153.0,47095.0,0.0,0.0,0.0,0.0,0.0,0.0,0.0,0.0,0.0,0.0,0.0,0.0,0.0
258,Tyrick,Mitchell,Mitchell,a,,,5.0,255,38.0,2.1,130,50.0,4.2,48.0,16.0,11,0,0.0,0,0.0,2519,1526,0.8,21.0,3.7,4.7,3.9,81.0,30.0,,,69.0,31.0,68.0,14.0,144.0,28.0,74.0,17.0,,,,,,,,0.04,0.06,0.1,1.33,0.0,0.38,1.2,1.01,6.72,27,11.0,90.0,0.0,1.0,1.0,0.0,0.0,0.0,0.0,0.0,0.0,0.0,1.0,2.0,40.0,2996.0,1653.0,0.0,0.050000000000000044,0.1200000000000001,0.16999999999999993,1.6799999999999997,26.200000000000045,17.30000000000001,19.0,6.299999999999997,1.0,1.0,3.0,2.0
259,Borna,Sosa,Sosa,a,,,4.8,360,60.0,0.1,446,164.0,0.2,376.0,140.0,0,0,0.0,-2,2.0,57,58,0.0,1.0,-0.3,0.7,1.0,487.0,173.0,100.0,100.0,452.0,166.0,407.0,148.0,429.0,158.0,460.0,165.0,,,,,,,,0.0,0.1,0.1,1.41,0.0,0.0,1.7,0.0,11.89,27,0.0,0.0,0.0,0.0,0.0,0.0,0.0,0.0,0.0,0.0,0.0,0.0,0.0,0.0,0.0,64.0,62.0,0.0,0.0,0.0,0.0,0.0,0.0,0.0,0.0,0.0,0.0,0.0,0.0,0.0
261,Chris,Richards,Richards,a,,,4.4,537,115.0,2.7,112,46.0,4.4,40.0,11.0,6,0,0.0,-1,1.0,1053,4386,1.0,22.5,3.9,4.9,4.3,43.0,17.0,100.0,100.0,46.0,21.0,246.0,71.0,205.0,51.0,126.0,40.0,,,,,,,,0.05,0.06,0.11,1.26,0.0,0.39,1.22,1.0,10.08,27,6.0,90.0,0.0,0.0,1.0,0.0,0.0,0.0,0.0,0.0,0.0,0.0,1.0,0.0,24.0,1949.0,4711.0,0.0,0.1100000000000001,0.010000000000000009,0.11999999999999966,1.6799999999999997,20.600000000000023,1.7999999999999972,4.0,2.5999999999999943,0.0,7.0,2.0,7.0
262,Chadi,Riad Dnanou,Chadi Riad,a,,,4.0,703,183.0,0.0,619,220.0,2.2,174.0,61.0,5,0,0.0,0,0.0,96,42,0.6,2.8,1.7,2.7,2.8,211.0,83.0,100.0,100.0,412.0,155.0,394.0,143.0,392.0,141.0,434.0,156.0,,,,,,,,0.05,0.01,0.06,0.92,0.0,0.47,0.47,0.95,4.26,27,5.0,71.0,0.0,0.0,1.0,0.0,0.0,0.0,0.0,1.0,0.0,0.0,1.0,0.0,17.0,110.0,45.0,0.0,0.020000000000000004,0.0,0.020000000000000018,1.54,2.3999999999999986,1.0,4.0,0.6999999999999993,0.0,2.0,5.0,2.0
263,Nathaniel,Clyne,Clyne,a,,,3.8,783,232.0,0.6,245,92.0,0.0,402.0,148.0,0,0,0.0,-2,2.0,135,390,0.0,3.7,-0.5,0.5,2.0,322.0,119.0,100.0,100.0,378.0,145.0,345.0,118.0,349.0,114.0,383.0,136.0,,,,,,,,0.09,0.12,0.21,1.24,0.0,0.0,1.72,1.29,7.32,27,0.0,0.0,0.0,0.0,0.0,0.0,0.0,0.0,0.0,0.0,0.0,0.0,0.0,0.0,0.0,164.0,449.0,0.0,0.0,0.0,0.0,0.0,0.0,0.0,0.0,0.0,0.0,0.0,0.0,0.0
264,Rob,Holding,Holding,u,Has joined Colorado Rapids permanently.,,4.0,667,163.0,0.0,692,240.0,0.0,470.0,183.0,0,0,0.0,0,0.0,0,2,0.0,0.0,0.0,0.0,0.0,578.0,211.0,0.0,0.0,567.0,210.0,559.0,210.0,526.0,203.0,570.0,210.0,,,,,,,,0.0,0.0,0.0,0.0,0.0,0.0,0.0,0.0,0.0,27,0.0,0.0,0.0,0.0,0.0,0.0,0.0,0.0,0.0,0.0,0.0,0.0,0.0,0.0,0.0,0.0,2.0,0.0,0.0,0.0,0.0,0.0,0.0,0.0,0.0,0.0,0.0,0.0,0.0,0.0
265,Caleb,Kporha,Kporha,a,,,4.0,721,197.0,0.0,725,251.0,0.0,518.0,211.0,0,0,0.0,0,0.0,15,8,0.0,0.0,-0.5,0.5,0.0,622.0,236.0,100.0,100.0,611.0,235.0,604.0,235.0,573.0,230.0,614.0,235.0,,,,,,,,0.0,0.0,0.0,0.0,0.0,0.0,0.0,0.0,0.0,27,0.0,0.0,0.0,0.0,0.0,0.0,0.0,0.0,0.0,0.0,0.0,0.0,0.0,0.0,0.0,16.0,8.0,0.0,0.0,0.0,0.0,0.0,0.0,0.0,0.0,0.0,0.0,0.0,0.0,0.0
267,Ismaïla,Sarr,Sarr,a,,,6.4,56,35.0,4.0,84,27.0,4.2,51.0,24.0,2,0,0.0,-1,1.0,2467,8366,0.7,11.4,3.7,4.7,4.3,51.0,23.0,100.0,100.0,187.0,75.0,159.0,111.0,63.0,38.0,118.0,66.0,,,,,,,,0.41,0.04,0.45,1.24,0.0,0.49,0.99,1.05,6.3,27,2.0,90.0,0.0,0.0,1.0,0.0,0.0,0.0,0.0,1.0,0.0,0.0,1.0,0.0,5.0,4194.0,8873.0,0.0,0.39000000000000057,0.030000000000000027,0.41999999999999993,1.6799999999999997,7.7999999999999545,2.8000000000000114,13.0,2.3999999999999915,3.0,2.0,6.0,11.0
270,Will,Hughes,Hughes,a,,,4.7,377,236.0,0.1,464,159.0,1.2,255.0,111.0,0,0,0.0,-3,3.0,46,75,0.3,7.9,0.7,1.7,1.5,409.0,181.0,100.0,100.0,292.0,129.0,90.0,67.0,262.0,143.0,227.0,112.0,5.0,,,,,,,0.08,0.12,0.2,1.37,0.0,0.38,0.97,1.05,8.78,27,0.0,45.0,0.0,0.0,0.0,0.0,0.0,0.0,0.0,1.0,0.0,0.0,1.0,0.0,1.0,56.0,84.0,0.0,0.0,0.020000000000000018,0.020000000000000018,1.4200000000000017,4.799999999999983,10.699999999999989,0.0,1.5999999999999943,1.0,2.0,1.0,4.0
271,Daichi,Kamada,Kamada,a,,,5.0,249,151.0,0.1,527,190.0,0.8,297.0,130.0,1,0,0.0,0,0.0,36,18,0.2,9.8,0.3,1.3,2.9,201.0,82.0,100.0,100.0,287.0,127.0,143.0,98.0,200.0,109.0,235.0,116.0,2.0,,,,,,,0.1,0.14,0.24,1.04,0.0,0.42,0.97,1.04,9.94,27,1.0,45.0,0.0,0.0,0.0,0.0,0.0,0.0,0.0,0.0,0.0,0.0,0.0,0.0,7.0,38.0,22.0,0.0,0.07999999999999985,0.04999999999999982,0.13000000000000034,0.2599999999999998,4.800000000000011,13.800000000000011,6.0,2.5,0.0,3.0,0.0,3.0
273,Adam,Wharton,Wharton,a,,,5.0,269,163.0,0.6,231,81.0,2.2,182.0,81.0,2,0,0.0,0,0.0,293,601,0.4,15.6,1.7,2.7,3.2,158.0,67.0,100.0,100.0,153.0,53.0,26.0,24.0,213.0,117.0,85.0,51.0,3.0,,,,,,,0.05,0.24,0.29,1.39,0.0,0.36,1.36,1.09,10.59,27,2.0,90.0,0.0,0.0,1.0,0.0,0.0,0.0,0.0,1.0,0.0,0.0,1.0,0.0,5.0,442.0,648.0,0.0,0.08999999999999986,0.2599999999999998,0.34999999999999964,1.6799999999999997,2.2000000000000455,31.80000000000001,8.0,4.200000000000003,1.0,3.0,4.0,8.0
274,Asher,Agbinone,Agbinone,a,,,4.3,613,358.0,0.1,490,173.0,0.0,572.0,196.0,0,0,0.0,-2,2.0,280,102,0.0,0.0,-0.5,0.5,0.0,656.0,251.0,,,645.0,241.0,642.0,247.0,618.0,235.0,648.0,244.0,,,,,,,,0.0,0.0,0.0,0.0,0.0,0.0,0.0,0.0,0.0,27,0.0,0.0,0.0,0.0,0.0,0.0,0.0,0.0,0.0,0.0,0.0,0.0,0.0,0.0,0.0,317.0,112.0,0.0,0.0,0.0,0.0,0.0,0.0,0.0,0.0,0.0,0.0,0.0,0.0,0.0
275,Naouirou,Ahamada,Ahamada,u,has joined AJ Auxerre permanently.,,4.3,590,345.0,0.0,620,241.0,0.0,555.0,183.0,0,0,0.0,-2,2.0,0,5,0.0,0.0,0.0,0.0,0.0,644.0,241.0,0.0,0.0,633.0,231.0,629.0,237.0,604.0,224.0,636.0,234.0,,,,,,,,0.0,0.0,0.0,0.0,0.0,0.0,0.0,0.0,0.0,27,0.0,0.0,0.0,0.0,0.0,0.0,0.0,0.0,0.0,0.0,0.0,0.0,0.0,0.0,0.0,0.0,8.0,0.0,0.0,0.0,0.0,0.0,0.0,0.0,0.0,0.0,0.0,0.0,0.0,0.0
276,Justin,Devenny,Devenny,a,,,4.3,594,347.0,1.3,164,54.0,0.0,557.0,185.0,0,0,0.0,-2,2.0,1067,799,0.0,6.7,-0.5,0.5,1.6,388.0,171.0,100.0,100.0,359.0,160.0,259.0,156.0,154.0,87.0,302.0,151.0,,2.0,,,,,,0.36,0.05,0.41,1.53,0.0,0.15,1.52,0.76,7.28,27,0.0,0.0,0.0,0.0,0.0,0.0,0.0,0.0,0.0,0.0,0.0,0.0,0.0,0.0,0.0,1309.0,941.0,0.0,0.0,0.0,0.0,0.0,0.0,0.0,0.0,0.0,0.0,0.0,0.0,0.0
277,Malcolm,Ebiowei,Ebiowei,u,Has joined Blackpool permanently.,,4.5,433,259.0,0.0,794,351.0,0.0,631.0,230.0,0,0,0.0,0,0.0,0,0,0.0,0.0,0.0,0.0,0.0,700.0,277.0,0.0,0.0,693.0,271.0,690.0,275.0,673.0,268.0,696.0,274.0,,,,,,,,0.0,0.0,0.0,0.0,0.0,0.0,0.0,0.0,0.0,27,0.0,0.0,0.0,0.0,0.0,0.0,0.0,0.0,0.0,0.0,0.0,0.0,0.0,0.0,0.0,0.0,0.0,0.0,0.0,0.0,0.0,0.0,0.0,0.0,0.0,0.0,0.0,0.0,0.0,0.0
278,Jesurun,Rak-Sakyi,J.Rak-Sakyi,u,has joined Stoke City on loan for the rest of the season.,,4.4,543,324.0,0.0,643,257.0,0.0,592.0,206.0,0,0,0.0,-1,1.0,0,9,0.0,0.0,0.0,0.0,0.0,670.0,258.0,0.0,0.0,660.0,249.0,657.0,255.0,635.0,244.0,663.0,252.0,,,,,,,,0.0,0.0,0.0,0.0,0.0,0.0,0.0,0.0,0.0,27,0.0,0.0,0.0,0.0,0.0,0.0,0.0,0.0,0.0,0.0,0.0,0.0,0.0,0.0,0.0,0.0,11.0,0.0,0.0,0.0,0.0,0.0,0.0,0.0,0.0,0.0,0.0,0.0,0.0,0.0
279,Matheus,França de Oliveira,M.França,u,Has joined CR Vasco da Gama on loan for the rest of the season.,,4.5,463,280.0,0.0,762,326.0,0.0,651.0,248.0,0,0,0.0,0,0.0,0,0,0.0,0.0,0.0,0.0,0.0,718.0,294.0,0.0,0.0,712.0,289.0,709.0,292.0,693.0,285.0,714.0,291.0,,,,,,,,0.0,0.0,0.0,0.0,0.0,0.0,0.0,0.0,0.0,27,0.0,0.0,0.0,0.0,0.0,0.0,0.0,0.0,0.0,0.0,0.0,0.0,0.0,0.0,0.0,0.0,0.0,0.0,0.0,0.0,0.0,0.0,0.0,0.0,0.0,0.0,0.0,0.0,0.0,0.0
280,David,Ozoh,Ozoh,u,Has joined Derby County on loan for the rest of the season.,,4.5,458,275.0,0.0,810,361.0,0.0,648.0,245.0,0,0,0.0,0,0.0,0,0,0.0,0.0,0.0,0.0,0.0,715.0,291.0,0.0,0.0,709.0,286.0,706.0,289.0,690.0,282.0,711.0,288.0,,,,,,,,0.0,0.0,0.0,0.0,0.0,0.0,0.0,0.0,0.0,27,0.0,0.0,0.0,0.0,0.0,0.0,0.0,0.0,0.0,0.0,0.0,0.0,0.0,0.0,0.0,0.0,0.0,0.0,0.0,0.0,0.0,0.0,0.0,0.0,0.0,0.0,0.0,0.0,0.0,0.0
284,Eddie,Nketiah,Nketiah,i,Hamstring injury - Unknown return date,,5.4,166,43.0,0.3,316,52.0,0.0,778.0,84.0,0,0,0.0,-1,1.0,15,167,0.0,4.3,0.0,0.0,1.9,344.0,40.0,0.0,0.0,321.0,31.0,277.0,28.0,150.0,35.0,290.0,33.0,,,,,,,,0.38,0.1,0.48,2.06,0.0,0.0,2.61,0.43,8.26,27,0.0,0.0,0.0,0.0,0.0,0.0,0.0,0.0,0.0,0.0,0.0,0.0,0.0,0.0,0.0,17.0,188.0,0.0,0.0,0.0,0.0,0.0,0.0,0.0,0.0,0.0,0.0,0.0,0.0,0.0
285,Odsonne,Édouard,Édouard,u,has joined RC Lens permanently.,,5.0,247,54.0,0.2,369,59.0,0.0,746.0,81.0,0,0,0.0,0,0.0,0,16,0.0,0.2,0.0,0.0,1.0,493.0,60.0,0.0,0.0,484.0,57.0,777.0,87.0,774.0,87.0,501.0,62.0,,,,,,,,0.0,0.0,0.0,12.15,0.0,0.0,0.0,0.0,45.0,27,0.0,0.0,0.0,0.0,0.0,0.0,0.0,0.0,0.0,0.0,0.0,0.0,0.0,0.0,0.0,0.0,18.0,0.0,0.0,0.0,0.0,0.0,0.0,0.0,0.0,0.0,0.0,0.0,0.0,0.0
654,Jørgen,Strand Larsen,Strand Larsen,a,,,6.2,73,23.0,2.5,116,20.0,3.6,77.0,8.0,2,0,0.0,-3,3.0,4172,7902,0.6,8.9,3.1,4.1,2.2,312.0,35.0,100.0,100.0,254.0,23.0,195.0,18.0,53.0,21.0,152.0,21.0,,,,,,,,0.2,0.03,0.23,1.35,0.0,0.27,1.56,0.92,3.67,27,2.0,90.0,0.0,0.0,1.0,0.0,0.0,0.0,0.0,0.0,0.0,0.0,1.0,0.0,4.0,8109.0,8115.0,0.0,0.040000000000000036,0.020000000000000018,0.05999999999999961,1.6799999999999997,9.0,21.5,10.0,4.1000000000000085,0.0,4.0,3.0,7.0
677,Evann,Guessand,Guessand,a,,,6.2,76,50.0,0.0,599,227.0,2.2,187.0,86.0,6,0,0.0,-3,3.0,135,43,0.4,5.8,1.7,2.7,2.2,313.0,138.0,100.0,100.0,296.0,131.0,298.0,171.0,153.0,86.0,289.0,144.0,,,,,,,,0.2,0.09,0.29,1.24,0.0,0.13,1.69,0.91,8.84,27,6.0,18.0,1.0,0.0,0.0,0.0,0.0,0.0,0.0,0.0,0.0,0.0,0.0,0.0,26.0,145.0,45.0,0.0,0.25,0.18999999999999995,0.43999999999999995,0.1399999999999988,34.599999999999994,1.2000000000000028,21.0,5.699999999999996,0.0,1.0,2.0,3.0
762,Joél,Drakes-Thomas,Drakes-Thomas,a,,,4.5,514,317.0,0.0,776,337.0,0.0,694.0,281.0,0,0,0.0,0,0.0,5,4,0.0,0.4,-0.5,0.5,1.0,484.0,222.0,,,488.0,226.0,466.0,224.0,734.0,316.0,496.0,230.0,,,,,,,,0.0,0.0,0.0,9.39,0.0,0.0,12.86,0.0,38.57,27,0.0,0.0,0.0,0.0,0.0,0.0,0.0,0.0,0.0,0.0,0.0,0.0,0.0,0.0,0.0,5.0,4.0,0.0,0.0,0.0,0.0,0.0,0.0,0.0,0.0,0.0,0.0,0.0,0.0,0.0
798,Danny,Imray,Imray,u,has joined West Brom on loan for the rest of the season.,,4.0,699,181.0,0.0,796,263.0,0.0,498.0,197.0,0,0,0.0,0,0.0,0,5,0.0,0.0,0.0,0.0,0.0,604.0,224.0,0.0,0.0,593.0,223.0,586.0,223.0,554.0,217.0,596.0,223.0,,,,,,,,0.0,0.0,0.0,0.0,0.0,0.0,0.0,0.0,0.0,27,0.0,0.0,0.0,0.0,0.0,0.0,0.0,0.0,0.0,0.0,0.0,0.0,0.0,0.0,0.0,0.0,5.0,0.0,0.0,0.0,0.0,0.0,0.0,0.0,0.0,0.0,0.0,0.0,0.0,0.0
242,Kiernan,Dewsbury-Hall,Dewsbury-Hall,a,,,5.0,250,152.0,3.3,100,32.0,3.6,73.0,35.0,0,1,-1.0,0,0.0,4870,1985,0.7,18.6,3.6,3.1,4.9,17.0,11.0,100.0,100.0,136.0,44.0,53.0,44.0,93.0,57.0,82.0,48.0,2.0,,,,,,,0.14,0.19,0.33,1.29,0.0,0.35,1.15,1.04,7.27,27,0.0,0.0,0.0,0.0,0.0,0.0,0.0,0.0,0.0,0.0,0.0,0.0,0.0,0.0,0.0,6281.0,2602.0,0.0,0.0,0.0,0.0,0.0,0.0,0.0,0.0,0.0,0.0,0.0,0.0,0.0
243,Tyrique,George,George,a,,,4.8,374,235.0,0.1,534,194.0,0.6,315.0,142.0,0,0,0.0,-2,2.0,56,35,0.1,1.5,0.6,0.1,1.2,438.0,196.0,,,460.0,208.0,408.0,202.0,286.0,154.0,423.0,190.0,,,,,,,,0.16,0.05,0.21,0.94,0.0,0.4,1.21,0.4,4.02,27,0.0,0.0,0.0,0.0,0.0,0.0,0.0,0.0,0.0,0.0,0.0,0.0,0.0,0.0,0.0,59.0,40.0,0.0,0.0,0.0,0.0,0.0,0.0,0.0,0.0,0.0,0.0,0.0,0.0,0.0
287,Jordan,Pickford,Pickford,a,,,5.6,125,2.0,13.2,28,4.0,1.6,228.0,18.0,0,0,0.0,1,-1.0,3076,8320,0.3,19.3,1.6,1.1,4.2,54.0,2.0,,,20.0,5.0,481.0,13.0,453.0,3.0,188.0,6.0,,,,,,,,0.0,0.01,0.01,1.47,2.73,0.35,1.15,1.0,0.0,27,0.0,0.0,0.0,0.0,0.0,0.0,0.0,0.0,0.0,0.0,0.0,0.0,0.0,0.0,0.0,3243.0,10177.0,0.0,0.0,0.0,0.0,0.0,0.0,0.0,0.0,0.0,0.0,0.0,0.0,0.0
288,Mark,Travers,Travers,a,,,4.3,585,28.0,0.1,456,69.0,0.0,554.0,83.0,0,0,0.0,-2,2.0,23,28,0.0,0.0,0.0,-0.5,0.0,643.0,89.0,,,632.0,89.0,628.0,80.0,603.0,69.0,635.0,89.0,,,,,,,,0.0,0.0,0.0,0.0,0.0,0.0,0.0,0.0,0.0,27,0.0,0.0,0.0,0.0,0.0,0.0,0.0,0.0,0.0,0.0,0.0,0.0,0.0,0.0,0.0,24.0,31.0,0.0,0.0,0.0,0.0,0.0,0.0,0.0,0.0,0.0,0.0,0.0,0.0,0.0
289,Harry,Tyrer,Tyrer,u,has joined Cardiff City permanently.,,3.9,758,80.0,0.1,487,73.0,0.0,442.0,39.0,0,0,0.0,-1,1.0,0,30,0.0,0.0,0.0,0.0,0.0,551.0,48.0,0.0,0.0,540.0,48.0,530.0,33.0,496.0,20.0,543.0,48.0,,,,,,,,0.0,0.0,0.0,0.0,0.0,0.0,0.0,0.0,0.0,27,0.0,0.0,0.0,0.0,0.0,0.0,0.0,0.0,0.0,0.0,0.0,0.0,0.0,0.0,0.0,0.0,31.0,0.0,0.0,0.0,0.0,0.0,0.0,0.0,0.0,0.0,0.0,0.0,0.0,0.0
290,Jarrad,Branthwaite,Branthwaite,a,,,5.3,200,24.0,0.2,358,129.0,1.4,249.0,92.0,0,0,0.0,-2,2.0,488,175,0.3,1.3,1.4,0.9,1.8,371.0,134.0,100.0,100.0,417.0,157.0,397.0,145.0,364.0,122.0,429.0,153.0,,,,,,,,0.07,0.02,0.09,1.2,0.0,0.0,1.18,0.79,7.89,27,0.0,0.0,0.0,0.0,0.0,0.0,0.0,0.0,0.0,0.0,0.0,0.0,0.0,0.0,0.0,544.0,186.0,0.0,0.0,0.0,0.0,0.0,0.0,0.0,0.0,0.0,0.0,0.0,0.0,0.0
291,James,Tarkowski,Tarkowski,a,,,5.7,113,9.0,11.3,31,11.0,1.8,219.0,77.0,0,0,0.0,2,-2.0,3821,22423,0.3,20.5,1.8,1.3,4.5,33.0,13.0,,,14.0,5.0,177.0,43.0,100.0,11.0,58.0,10.0,,,,,,,,0.07,0.05,0.12,1.47,0.0,0.35,1.15,1.0,10.69,27,0.0,0.0,0.0,0.0,0.0,0.0,0.0,0.0,0.0,0.0,0.0,0.0,0.0,0.0,0.0,4073.0,26415.0,0.0,0.0,0.0,0.0,0.0,0.0,0.0,0.0,0.0,0.0,0.0,0.0,0.0
292,Vitalii,Mykolenko,Mykolenko,a,,,4.9,316,52.0,0.6,242,91.0,1.0,275.0,99.0,0,0,0.0,-1,1.0,221,752,0.2,13.7,1.0,0.5,3.0,189.0,76.0,100.0,100.0,131.0,59.0,101.0,25.0,287.0,84.0,153.0,48.0,,,,,,,,0.01,0.1,0.11,1.44,0.0,0.32,1.28,1.01,6.72,27,0.0,0.0,0.0,0.0,0.0,0.0,0.0,0.0,0.0,0.0,0.0,0.0,0.0,0.0,0.0,248.0,912.0,0.0,0.0,0.0,0.0,0.0,0.0,0.0,0.0,0.0,0.0,0.0,0.0,0.0
293,Jake,O'Brien,O'Brien,a,,,4.9,341,57.0,0.7,225,86.0,2.0,199.0,71.0,0,0,0.0,-1,1.0,153,1419,0.4,17.6,2.0,0.0,3.3,148.0,58.0,100.0,0.0,93.0,42.0,147.0,36.0,212.0,53.0,131.0,44.0,,,,,,,,0.03,0.03,0.06,1.53,0.0,0.33,1.19,0.99,6.88,27,0.0,0.0,0.0,0.0,0.0,0.0,0.0,0.0,0.0,0.0,0.0,0.0,0.0,0.0,0.0,154.0,1974.0,0.0,0.0,0.0,0.0,0.0,0.0,0.0,0.0,0.0,0.0,0.0,0.0,0.0
295,Michael,Keane,Keane,a,,,4.6,396,66.0,3.5,94,33.0,1.4,242.0,91.0,0,-1,1.0,1,-1.0,1529,5830,0.3,22.4,1.4,0.9,4.7,23.0,8.0,100.0,100.0,40.0,16.0,374.0,133.0,107.0,15.0,120.0,37.0,,,,,,,,0.09,0.01,0.1,1.53,0.0,0.29,1.31,1.02,10.32,27,0.0,0.0,0.0,0.0,0.0,0.0,0.0,0.0,0.0,0.0,0.0,0.0,0.0,0.0,0.0,1669.0,7095.0,0.0,0.0,0.0,0.0,0.0,0.0,0.0,0.0,0.0,0.0,0.0,0.0,0.0
296,Nathan,Patterson,Patterson,a,,,4.4,536,114.0,0.0,621,221.0,0.6,311.0,109.0,0,0,0.0,-1,1.0,15,41,0.1,4.8,0.6,0.1,3.5,118.0,41.0,100.0,100.0,391.0,149.0,436.0,157.0,386.0,137.0,421.0,151.0,,,,,,,,0.01,0.02,0.03,1.35,0.0,0.76,0.38,1.14,11.39,27,0.0,0.0,0.0,0.0,0.0,0.0,0.0,0.0,0.0,0.0,0.0,0.0,0.0,0.0,0.0,16.0,51.0,0.0,0.0,0.0,0.0,0.0,0.0,0.0,0.0,0.0,0.0,0.0,0.0,0.0
297,Roman,Dixon,Dixon,u,has joined Stockport County on loan for the rest of the season.,,3.8,798,246.0,0.2,396,147.0,0.0,413.0,158.0,0,0,0.0,-2,2.0,0,79,0.0,0.0,0.0,0.0,0.0,525.0,190.0,0.0,0.0,514.0,189.0,501.0,187.0,466.0,178.0,517.0,189.0,,,,,,,,0.0,0.0,0.0,0.0,0.0,0.0,0.0,0.0,0.0,27,0.0,0.0,0.0,0.0,0.0,0.0,0.0,0.0,0.0,0.0,0.0,0.0,0.0,0.0,0.0,0.0,87.0,0.0,0.0,0.0,0.0,0.0,0.0,0.0,0.0,0.0,0.0,0.0,0.0,0.0
298,Reece,Welch,Welch,a,,,3.8,796,244.0,0.1,422,156.0,0.0,411.0,156.0,0,0,0.0,-2,2.0,41,28,0.0,0.0,0.0,-0.5,0.0,523.0,188.0,,,512.0,187.0,499.0,185.0,464.0,176.0,515.0,187.0,,,,,,,,0.0,0.0,0.0,0.0,0.0,0.0,0.0,0.0,0.0,27,0.0,0.0,0.0,0.0,0.0,0.0,0.0,0.0,0.0,0.0,0.0,0.0,0.0,0.0,0.0,44.0,31.0,0.0,0.0,0.0,0.0,0.0,0.0,0.0,0.0,0.0,0.0,0.0,0.0,0.0
299,Iliman,Ndiaye,Ndiaye,a,,,6.2,74,49.0,3.9,87,29.0,3.0,120.0,56.0,0,0,0.0,-3,3.0,2867,1470,0.5,14.2,3.0,2.5,4.4,41.0,20.0,100.0,100.0,90.0,28.0,82.0,61.0,43.0,26.0,48.0,33.0,,,1.0,,,,,0.23,0.19,0.42,1.33,0.0,0.32,1.27,1.06,9.83,27,0.0,0.0,0.0,0.0,0.0,0.0,0.0,0.0,0.0,0.0,0.0,0.0,0.0,0.0,0.0,3243.0,2159.0,0.0,0.0,0.0,0.0,0.0,0.0,0.0,0.0,0.0,0.0,0.0,0.0,0.0
300,Dwight,McNeil,McNeil,a,,,5.5,144,90.0,0.1,418,142.0,0.2,393.0,177.0,0,0,0.0,-5,5.0,27,109,0.0,5.3,0.2,-0.3,2.1,320.0,141.0,,,376.0,166.0,211.0,138.0,321.0,168.0,344.0,165.0,,,,,,,,0.07,0.1,0.17,1.78,0.0,0.44,0.59,1.02,7.76,27,0.0,0.0,0.0,0.0,0.0,0.0,0.0,0.0,0.0,0.0,0.0,0.0,0.0,0.0,0.0,30.0,144.0,0.0,0.0,0.0,0.0,0.0,0.0,0.0,0.0,0.0,0.0,0.0,0.0,0.0
301,Carlos,Alcaraz Durán,Alcaraz,a,,,5.2,215,133.0,0.1,513,186.0,0.2,389.0,174.0,0,0,0.0,-3,3.0,28,22,0.0,5.0,0.2,-0.3,1.6,395.0,175.0,100.0,100.0,363.0,161.0,194.0,129.0,165.0,92.0,288.0,143.0,,,,,,,,0.14,0.06,0.2,1.76,0.0,0.4,1.08,0.81,8.64,27,0.0,0.0,0.0,0.0,0.0,0.0,0.0,0.0,0.0,0.0,0.0,0.0,0.0,0.0,0.0,28.0,34.0,0.0,0.0,0.0,0.0,0.0,0.0,0.0,0.0,0.0,0.0,0.0,0.0,0.0
302,Idrissa Gana,Gueye,Gana,a,,,5.4,155,96.0,0.1,493,176.0,2.2,185.0,84.0,0,0,0.0,-1,1.0,86,43,0.4,10.2,2.2,1.7,3.2,162.0,70.0,100.0,100.0,203.0,85.0,172.0,117.0,173.0,98.0,200.0,101.0,,,,,,,,0.08,0.06,0.14,1.42,0.0,0.19,1.16,1.09,9.32,27,0.0,0.0,0.0,0.0,0.0,0.0,0.0,0.0,0.0,0.0,0.0,0.0,0.0,0.0,0.0,95.0,53.0,0.0,0.0,0.0,0.0,0.0,0.0,0.0,0.0,0.0,0.0,0.0,0.0,0.0
303,James,Garner,Garner,a,,,5.2,212,131.0,3.9,85,28.0,2.4,164.0,74.0,0,0,0.0,2,-2.0,2742,6275,0.5,21.3,2.4,1.9,4.3,46.0,21.0,,,28.0,7.0,12.0,12.0,121.0,70.0,23.0,19.0,3.0,3.0,,,,,,0.07,0.16,0.23,1.47,0.0,0.35,1.16,1.0,12.42,27,0.0,0.0,0.0,0.0,0.0,0.0,0.0,0.0,0.0,0.0,0.0,0.0,0.0,0.0,0.0,3086.0,7868.0,0.0,0.0,0.0,0.0,0.0,0.0,0.0,0.0,0.0,0.0,0.0,0.0,0.0
304,Tim,Iroegbunam,Iroegbunam,a,,,4.8,368,230.0,0.0,616,239.0,0.2,378.0,166.0,0,0,0.0,-2,2.0,22,18,0.0,10.4,0.2,-0.3,2.6,254.0,104.0,100.0,100.0,283.0,124.0,284.0,166.0,319.0,167.0,331.0,158.0,,,,,,,,0.03,0.06,0.09,1.45,0.0,0.67,0.87,1.06,12.14,27,0.0,0.0,0.0,0.0,0.0,0.0,0.0,0.0,0.0,0.0,0.0,0.0,0.0,0.0,0.0,24.0,21.0,0.0,0.0,0.0,0.0,0.0,0.0,0.0,0.0,0.0,0.0,0.0,0.0,0.0
305,Harrison,Armstrong,Armstrong,a,,,4.5,498,306.0,0.1,505,181.0,1.2,254.0,110.0,0,0,0.0,0,0.0,111,84,0.3,3.3,1.2,0.7,1.9,337.0,146.0,100.0,100.0,405.0,180.0,334.0,182.0,302.0,162.0,380.0,179.0,,,,,,,,0.15,0.04,0.19,1.64,0.0,0.22,1.32,1.1,9.22,27,0.0,0.0,0.0,0.0,0.0,0.0,0.0,0.0,0.0,0.0,0.0,0.0,0.0,0.0,0.0,125.0,92.0,0.0,0.0,0.0,0.0,0.0,0.0,0.0,0.0,0.0,0.0,0.0,0.0,0.0
306,Callum,Bates,Bates,a,,,4.3,610,356.0,0.1,481,168.0,0.0,569.0,194.0,0,0,0.0,-2,2.0,121,52,0.0,0.0,0.0,-0.5,0.0,654.0,249.0,,,643.0,239.0,640.0,245.0,616.0,233.0,646.0,242.0,,,,,,,,0.0,0.0,0.0,0.0,0.0,0.0,0.0,0.0,0.0,27,0.0,0.0,0.0,0.0,0.0,0.0,0.0,0.0,0.0,0.0,0.0,0.0,0.0,0.0,0.0,132.0,60.0,0.0,0.0,0.0,0.0,0.0,0.0,0.0,0.0,0.0,0.0,0.0,0.0,0.0
307,Coby,Ebere,Ebere,a,,,4.4,549,328.0,0.0,601,228.0,0.0,595.0,209.0,0,0,0.0,-1,1.0,28,12,0.0,0.0,0.0,-0.5,0.0,673.0,261.0,,,663.0,252.0,660.0,258.0,638.0,247.0,666.0,255.0,,,,,,,,0.0,0.0,0.0,0.0,0.0,0.0,0.0,0.0,0.0,27,0.0,0.0,0.0,0.0,0.0,0.0,0.0,0.0,0.0,0.0,0.0,0.0,0.0,0.0,0.0,31.0,12.0,0.0,0.0,0.0,0.0,0.0,0.0,0.0,0.0,0.0,0.0,0.0,0.0,0.0
308,Isaac,Heath,Heath,u,has joined Accrington on loan for the rest of the season.,,4.5,452,270.0,0.0,694,286.0,0.0,642.0,240.0,0,0,0.0,0,0.0,0,2,0.0,0.0,0.0,0.0,0.0,710.0,286.0,0.0,0.0,704.0,281.0,701.0,284.0,685.0,277.0,706.0,283.0,,,,,,,,0.0,0.0,0.0,0.0,0.0,0.0,0.0,0.0,0.0,27,0.0,0.0,0.0,0.0,0.0,0.0,0.0,0.0,0.0,0.0,0.0,0.0,0.0,0.0,0.0,0.0,2.0,0.0,0.0,0.0,0.0,0.0,0.0,0.0,0.0,0.0,0.0,0.0,0.0,0.0
309,Jenson,Metcalfe,Metcalfe,u,Has joined Bradford City permanently.,,4.5,448,268.0,0.0,816,366.0,0.0,640.0,238.0,0,0,0.0,0,0.0,0,0,0.0,0.0,0.0,0.0,0.0,708.0,284.0,0.0,0.0,702.0,279.0,699.0,282.0,683.0,275.0,704.0,281.0,,,,,,,,0.0,0.0,0.0,0.0,0.0,0.0,0.0,0.0,0.0,27,0.0,0.0,0.0,0.0,0.0,0.0,0.0,0.0,0.0,0.0,0.0,0.0,0.0,0.0,0.0,0.0,0.0,0.0,0.0,0.0,0.0,0.0,0.0,0.0,0.0,0.0,0.0,0.0,0.0,0.0
310,Thierno,Barry,Barry,a,,,5.7,121,33.0,1.1,184,30.0,3.0,118.0,12.0,0,0,0.0,-3,3.0,757,2374,0.5,11.4,3.0,2.5,2.5,279.0,30.0,,,247.0,22.0,182.0,16.0,48.0,20.0,138.0,17.0,,,,,,,,0.32,0.02,0.34,1.43,0.0,0.42,1.21,1.09,2.97,27,0.0,0.0,0.0,0.0,0.0,0.0,0.0,0.0,0.0,0.0,0.0,0.0,0.0,0.0,0.0,859.0,3089.0,0.0,0.0,0.0,0.0,0.0,0.0,0.0,0.0,0.0,0.0,0.0,0.0,0.0
313,Martin,Sherif,Sherif,u,has joined Port Vale on loan for the rest of the season.,,4.4,556,79.0,0.1,442,65.0,0.0,600.0,62.0,0,0,0.0,-1,1.0,0,20,0.0,0.0,0.0,0.0,0.0,677.0,71.0,0.0,0.0,668.0,71.0,664.0,70.0,644.0,70.0,671.0,71.0,,,,,,,,0.0,0.0,0.0,0.0,0.0,0.0,0.0,0.0,0.0,27,0.0,0.0,0.0,0.0,0.0,0.0,0.0,0.0,0.0,0.0,0.0,0.0,0.0,0.0,0.0,0.0,22.0,0.0,0.0,0.0,0.0,0.0,0.0,0.0,0.0,0.0,0.0,0.0,0.0,0.0
419,Jack,Grealish,Grealish,i,Foot injury - Expected back 01 Jun,,6.3,65,43.0,6.0,61,22.0,0.0,805.0,359.0,0,0,0.0,-2,2.0,19,3350,0.0,12.5,0.0,0.0,4.0,73.0,32.0,0.0,0.0,117.0,39.0,21.0,21.0,37.0,21.0,31.0,23.0,,,,,,,,0.11,0.19,0.3,1.43,0.0,0.39,1.27,1.0,7.47,27,0.0,0.0,0.0,0.0,0.0,0.0,0.0,0.0,0.0,0.0,0.0,0.0,0.0,0.0,0.0,19.0,3736.0,0.0,0.0,0.0,0.0,0.0,0.0,0.0,0.0,0.0,0.0,0.0,0.0,0.0
667,Adam,Aznou,Aznou,a,,,4.2,640,151.0,0.1,572,205.0,0.0,540.0,226.0,0,0,0.0,-3,3.0,8,8,0.0,0.0,0.0,-0.5,0.0,637.0,247.0,100.0,100.0,627.0,247.0,622.0,246.0,595.0,244.0,630.0,247.0,,,,,,,,0.0,0.0,0.0,0.0,0.0,0.0,0.0,0.0,0.0,27,0.0,0.0,0.0,0.0,0.0,0.0,0.0,0.0,0.0,0.0,0.0,0.0,0.0,0.0,0.0,8.0,12.0,0.0,0.0,0.0,0.0,0.0,0.0,0.0,0.0,0.0,0.0,0.0,0.0,0.0
728,Merlin,Röhl,Röhl,a,,,5.0,275,169.0,0.0,710,296.0,0.0,756.0,325.0,0,0,0.0,0,0.0,9,9,0.0,3.2,0.0,-0.5,1.6,392.0,173.0,100.0,100.0,394.0,174.0,305.0,173.0,347.0,181.0,379.0,178.0,,,,,,,,0.13,0.04,0.17,1.6,0.0,0.51,1.02,0.51,10.96,27,0.0,0.0,0.0,0.0,0.0,0.0,0.0,0.0,0.0,0.0,0.0,0.0,0.0,0.0,0.0,9.0,9.0,0.0,0.0,0.0,0.0,0.0,0.0,0.0,0.0,0.0,0.0,0.0,0.0,0.0
779,Braiden,Graham,Graham,a,,,4.5,506,73.0,0.0,634,82.0,0.0,688.0,73.0,0,0,0.0,0,0.0,89,51,0.0,0.0,0.0,-0.5,0.0,748.0,82.0,,,747.0,82.0,742.0,81.0,729.0,81.0,748.0,82.0,,,,,,,,0.0,0.0,0.0,0.0,0.0,0.0,0.0,0.0,0.0,27,0.0,0.0,0.0,0.0,0.0,0.0,0.0,0.0,0.0,0.0,0.0,0.0,0.0,0.0,0.0,97.0,57.0,0.0,0.0,0.0,0.0,0.0,0.0,0.0,0.0,0.0,0.0,0.0,0.0,0.0
314,Bernd,Leno,Leno,a,,,4.9,288,10.0,1.5,157,20.0,1.4,245.0,21.0,2,0,0.0,-1,1.0,450,570,0.3,15.1,1.4,1.4,2.7,238.0,23.0,,,32.0,10.0,757.0,89.0,751.0,85.0,206.0,11.0,,,,,,,,0.0,0.0,0.0,1.44,2.52,0.19,1.52,1.0,0.0,27,2.0,90.0,0.0,0.0,0.0,1.0,0.0,0.0,0.0,0.0,0.0,1.0,1.0,0.0,6.0,482.0,677.0,0.0,0.0,0.0,0.0,1.8200000000000003,7.0,0.0,0.0,0.6999999999999957,0.0,0.0,8.0,0.0
315,Steven,Benda,Benda,u,has joined Feyenoord on loan for the rest of the season.,,4.0,676,49.0,0.0,750,85.0,0.0,478.0,60.0,0,0,0.0,0,0.0,0,2,0.0,0.0,0.0,0.0,0.0,585.0,68.0,0.0,0.0,574.0,68.0,567.0,56.0,535.0,43.0,577.0,68.0,,,,,,,,0.0,0.0,0.0,0.0,0.0,0.0,0.0,0.0,0.0,27,0.0,0.0,0.0,0.0,0.0,0.0,0.0,0.0,0.0,0.0,0.0,0.0,0.0,0.0,0.0,0.0,3.0,0.0,0.0,0.0,0.0,0.0,0.0,0.0,0.0,0.0,0.0,0.0,0.0,0.0
316,Antonee,Robinson,Robinson,d,Ankle injury - 75% chance of playing,,4.9,296,45.0,0.7,214,82.0,0.4,343.0,124.0,0,0,0.0,-1,1.0,330,1236,0.1,6.7,0.3,0.4,2.8,219.0,89.0,75.0,100.0,259.0,105.0,151.0,37.0,344.0,113.0,262.0,88.0,,,,,,,,0.02,0.12,0.14,1.49,0.0,0.22,1.12,1.01,7.64,27,0.0,0.0,0.0,0.0,0.0,0.0,0.0,0.0,0.0,0.0,0.0,0.0,0.0,0.0,0.0,361.0,1330.0,0.0,0.0,0.0,0.0,0.0,0.0,0.0,0.0,0.0,0.0,0.0,0.0,0.0
317,Joachim,Andersen,Andersen,a,,,4.5,414,75.0,4.6,76,24.0,3.0,110.0,40.0,4,0,0.0,0,0.0,2443,3236,0.7,20.7,3.0,3.0,3.6,108.0,39.0,100.0,100.0,13.0,4.0,230.0,60.0,211.0,52.0,93.0,23.0,,,,,,,,0.05,0.06,0.11,1.39,0.0,0.2,1.49,1.02,10.41,27,4.0,90.0,0.0,0.0,0.0,1.0,0.0,0.0,0.0,0.0,0.0,0.0,1.0,0.0,13.0,2999.0,4009.0,0.0,0.0,0.010000000000000009,0.009999999999999787,1.8200000000000003,26.399999999999977,0.3999999999999915,0.0,2.6999999999999886,1.0,10.0,1.0,11.0
318,Calvin,Bassey,Bassey,a,,,4.4,533,111.0,0.4,283,103.0,1.8,209.0,73.0,7,0,0.0,-1,1.0,381,130,0.4,14.5,1.8,1.8,3.4,132.0,48.0,100.0,100.0,110.0,50.0,256.0,77.0,282.0,81.0,213.0,72.0,,,,,,,,0.06,0.01,0.07,1.41,0.0,0.18,1.75,0.99,8.23,27,7.0,90.0,0.0,1.0,0.0,1.0,0.0,0.0,0.0,0.0,0.0,0.0,1.0,0.0,21.0,406.0,152.0,0.0,0.08000000000000007,0.0,0.07999999999999985,1.8200000000000003,27.80000000000001,20.60000000000001,7.0,5.5,3.0,10.0,3.0,13.0
319,Timothy,Castagne,Castagne,a,,,4.3,580,127.0,0.1,460,168.0,1.6,223.0,79.0,1,0,0.0,-2,2.0,42,49,0.4,6.7,1.6,1.6,1.4,420.0,151.0,,,235.0,92.0,206.0,53.0,255.0,72.0,258.0,86.0,,,,,,,,0.08,0.04,0.12,1.75,0.0,0.0,1.85,0.97,7.89,27,1.0,2.0,0.0,0.0,0.0,0.0,0.0,0.0,0.0,0.0,0.0,0.0,0.0,0.0,3.0,47.0,58.0,0.0,0.0,0.0,0.0,0.10999999999999943,2.0,0.10000000000002274,0.0,0.19999999999999574,0.0,1.0,0.0,1.0
320,Issa,Diop,Diop,a,,,4.3,582,129.0,0.1,530,189.0,0.0,552.0,234.0,0,0,0.0,-2,2.0,22,22,0.0,2.3,0.0,0.0,1.2,435.0,156.0,,,381.0,146.0,441.0,160.0,408.0,151.0,422.0,152.0,,,,,,,,0.0,0.01,0.01,1.79,0.0,0.0,1.97,0.87,7.65,27,0.0,0.0,0.0,0.0,0.0,0.0,0.0,0.0,0.0,0.0,0.0,0.0,0.0,0.0,0.0,25.0,23.0,0.0,0.0,0.0,0.0,0.0,0.0,0.0,0.0,0.0,0.0,0.0,0.0,0.0
321,Jorge,Cuenca Barreno,J.Cuenca,a,,,4.3,587,132.0,0.1,561,201.0,1.6,225.0,81.0,1,0,0.0,-2,2.0,18,59,0.4,8.8,1.6,1.6,2.9,198.0,81.0,,,224.0,86.0,342.0,116.0,390.0,139.0,324.0,112.0,,,,,,,,0.0,0.05,0.05,1.4,0.0,0.19,1.06,1.06,10.74,27,1.0,2.0,0.0,0.0,0.0,0.0,0.0,0.0,0.0,0.0,0.0,0.0,0.0,0.0,3.0,23.0,67.0,0.0,0.0,0.0,0.0,0.10999999999999943,0.8000000000000114,0.0,0.0,0.10000000000000142,0.0,0.0,1.0,0.0
322,Kenny,Tete,Tete,a,,,4.5,412,74.0,0.3,341,122.0,0.8,292.0,104.0,2,0,0.0,0,0.0,83,174,0.2,15.3,0.8,0.8,3.6,107.0,38.0,100.0,100.0,122.0,54.0,171.0,41.0,250.0,69.0,179.0,59.0,,,,,,,,0.04,0.06,0.1,1.34,0.0,0.29,1.35,1.06,8.35,27,2.0,87.0,0.0,0.0,0.0,1.0,0.0,0.0,0.0,0.0,0.0,0.0,1.0,0.0,12.0,88.0,227.0,0.0,0.04999999999999993,0.0,0.050000000000000044,1.7100000000000009,14.599999999999966,2.0999999999999943,3.0,2.0,3.0,6.0,4.0,9.0
323,Samuel,Amissah,Amissah,a,,,3.8,812,259.0,0.1,420,154.0,0.0,424.0,168.0,0,0,0.0,-2,2.0,19,52,0.0,0.0,0.0,0.0,0.0,534.0,198.0,,,523.0,197.0,512.0,197.0,478.0,189.0,526.0,197.0,,,,,,,,0.0,0.0,0.0,0.0,0.0,0.0,0.0,0.0,0.0,27,0.0,0.0,0.0,0.0,0.0,0.0,0.0,0.0,0.0,0.0,0.0,0.0,0.0,0.0,0.0,27.0,54.0,0.0,0.0,0.0,0.0,0.0,0.0,0.0,0.0,0.0,0.0,0.0,0.0,0.0
325,Emile,Smith Rowe,Smith Rowe,a,,,5.6,128,79.0,0.5,252,87.0,1.8,218.0,96.0,2,0,0.0,-4,4.0,244,420,0.3,10.9,1.8,1.8,2.3,301.0,133.0,100.0,100.0,225.0,98.0,116.0,80.0,90.0,55.0,135.0,73.0,,,,,,,,0.24,0.06,0.3,1.6,0.0,0.2,1.41,1.0,7.23,27,2.0,87.0,0.0,0.0,0.0,1.0,0.0,0.0,0.0,0.0,0.0,0.0,1.0,0.0,10.0,266.0,493.0,0.0,0.0,0.030000000000000027,0.03000000000000025,1.7100000000000009,10.399999999999977,12.5,0.0,2.299999999999997,3.0,2.0,4.0,9.0
327,Andreas,Hoelgebaum Pereira,Andreas,u,has joined Palmeiras permanently.,,5.3,188,115.0,0.1,563,207.0,0.0,771.0,334.0,0,0,0.0,-2,2.0,0,1,0.0,0.0,0.0,0.0,0.0,795.0,350.0,0.0,0.0,795.0,350.0,794.0,350.0,791.0,349.0,795.0,350.0,,,,,,,,0.0,0.0,0.0,0.0,0.0,0.0,0.0,0.0,0.0,27,0.0,0.0,0.0,0.0,0.0,0.0,0.0,0.0,0.0,0.0,0.0,0.0,0.0,0.0,0.0,0.0,1.0,0.0,0.0,0.0,0.0,0.0,0.0,0.0,0.0,0.0,0.0,0.0,0.0,0.0
328,Ryan,Sessegnon,Sessegnon,a,,,5.4,163,100.0,0.2,410,138.0,2.6,144.0,69.0,2,0,0.0,-1,1.0,100,76,0.5,13.5,2.6,2.6,3.6,113.0,51.0,100.0,100.0,162.0,57.0,173.0,118.0,161.0,90.0,172.0,92.0,,,,,,,,0.06,0.1,0.16,1.38,0.0,0.24,1.67,1.02,10.45,27,2.0,90.0,0.0,0.0,0.0,1.0,0.0,0.0,0.0,0.0,0.0,0.0,1.0,0.0,4.0,115.0,93.0,0.0,0.08999999999999997,0.020000000000000018,0.11000000000000032,1.8200000000000003,0.8000000000000114,11.099999999999994,8.0,2.0,1.0,5.0,1.0,7.0
332,Saša,Lukić,Lukić,d,Hamstring injury - 50% chance of playing,,4.9,311,194.0,0.1,575,213.0,0.0,724.0,301.0,0,0,0.0,-1,1.0,2,12,0.0,10.2,0.0,0.0,2.6,255.0,105.0,50.0,50.0,226.0,99.0,69.0,53.0,218.0,121.0,155.0,83.0,1.0,,,,,,,0.13,0.1,0.23,1.37,0.0,0.3,1.27,1.12,9.46,27,0.0,0.0,0.0,0.0,0.0,0.0,0.0,0.0,0.0,0.0,0.0,0.0,0.0,0.0,0.0,2.0,15.0,0.0,0.0,0.0,0.0,0.0,0.0,0.0,0.0,0.0,0.0,0.0,0.0,0.0
333,Martial,Godo,Godo,u,has joined Strasbourg permanently.,,4.5,476,290.0,0.0,665,270.0,0.0,662.0,257.0,0,0,0.0,0,0.0,0,0,0.0,0.0,0.0,0.0,0.0,726.0,300.0,0.0,0.0,722.0,297.0,718.0,299.0,704.0,294.0,724.0,299.0,,,,,,,,0.0,0.0,0.0,0.0,0.0,0.0,0.0,0.0,0.0,27,0.0,0.0,0.0,0.0,0.0,0.0,0.0,0.0,0.0,0.0,0.0,0.0,0.0,0.0,0.0,0.0,0.0,0.0,0.0,0.0,0.0,0.0,0.0,0.0,0.0,0.0,0.0,0.0,0.0,0.0
664,Benjamin,Lecomte,Lecomte,a,,,3.9,743,72.0,0.7,215,28.0,0.0,431.0,31.0,0,0,0.0,-1,1.0,192,148,0.0,0.0,0.0,0.0,0.0,541.0,40.0,,,530.0,40.0,520.0,25.0,486.0,12.0,533.0,40.0,,,,,,,,0.0,0.0,0.0,0.0,0.0,0.0,0.0,0.0,0.0,27,0.0,0.0,0.0,0.0,0.0,0.0,0.0,0.0,0.0,0.0,0.0,0.0,0.0,0.0,0.0,201.0,162.0,0.0,0.0,0.0,0.0,0.0,0.0,0.0,0.0,0.0,0.0,0.0,0.0,0.0
727,Samuel,Chukwueze,Chukwueze,i,Calf injury - Unknown return date,,5.3,193,120.0,0.1,495,177.0,2.4,166.0,75.0,0,0,0.0,-2,2.0,2,686,0.5,8.9,0.0,0.0,3.6,112.0,50.0,0.0,0.0,230.0,101.0,134.0,92.0,141.0,82.0,186.0,98.0,,,,,,,,0.22,0.36,0.58,1.55,0.0,0.14,2.13,0.85,7.23,27,0.0,0.0,0.0,0.0,0.0,0.0,0.0,0.0,0.0,0.0,0.0,0.0,0.0,0.0,0.0,4.0,755.0,0.0,0.0,0.0,0.0,0.0,0.0,0.0,0.0,0.0,0.0,0.0,0.0,0.0
731,Kevin,Santos Lopes de Macedo,Kevin,d,Knock - 75% chance of playing,,5.8,112,71.0,0.1,532,192.0,2.0,206.0,91.0,1,0,0.0,-2,2.0,137,108,0.3,7.4,1.5,2.0,1.9,347.0,153.0,75.0,100.0,256.0,108.0,125.0,86.0,114.0,68.0,182.0,96.0,4.0,,,,,,,0.11,0.14,0.25,1.3,0.0,0.4,1.5,0.8,7.52,27,1.0,45.0,0.0,0.0,0.0,0.0,0.0,0.0,0.0,0.0,0.0,0.0,1.0,0.0,4.0,153.0,123.0,0.0,0.1200000000000001,0.020000000000000018,0.14000000000000012,0.0600000000000005,3.0,1.299999999999983,4.0,0.8000000000000043,1.0,1.0,5.0,7.0
339,Illan,Meslier,Meslier,a,,,4.1,653,37.0,0.3,301,40.0,0.0,531.0,78.0,0,0,0.0,-4,4.0,73,68,0.0,0.0,-0.5,0.0,0.0,634.0,86.0,,,623.0,86.0,616.0,74.0,587.0,61.0,626.0,86.0,,,,,,,,0.0,0.0,0.0,0.0,0.0,0.0,0.0,0.0,0.0,27,0.0,0.0,0.0,0.0,0.0,0.0,0.0,0.0,0.0,0.0,0.0,0.0,0.0,0.0,0.0,73.0,75.0,0.0,0.0,0.0,0.0,0.0,0.0,0.0,0.0,0.0,0.0,0.0,0.0,0.0
340,Alex,Cairns,Cairns,a,,,3.9,744,73.0,0.2,414,61.0,0.0,432.0,32.0,0,0,0.0,-1,1.0,18,28,0.0,0.0,-0.5,0.0,0.0,542.0,41.0,,,531.0,41.0,521.0,26.0,487.0,13.0,534.0,41.0,,,,,,,,0.0,0.0,0.0,0.0,0.0,0.0,0.0,0.0,0.0,27,0.0,0.0,0.0,0.0,0.0,0.0,0.0,0.0,0.0,0.0,0.0,0.0,0.0,0.0,0.0,18.0,29.0,0.0,0.0,0.0,0.0,0.0,0.0,0.0,0.0,0.0,0.0,0.0,0.0,0.0
341,Karl,Darlow,Darlow,a,,,3.9,739,68.0,2.4,123,16.0,1.8,208.0,17.0,2,0,0.0,-1,1.0,2042,708,0.5,6.4,1.3,1.8,2.3,292.0,25.0,,,214.0,22.0,516.0,21.0,482.0,8.0,345.0,22.0,,,,,,,,0.0,0.0,0.0,1.23,2.73,0.09,1.55,1.0,0.0,27,2.0,90.0,0.0,0.0,0.0,1.0,0.0,0.0,0.0,1.0,0.0,3.0,1.0,0.0,11.0,2370.0,830.0,0.0,0.0,0.0,0.0,1.459999999999999,23.599999999999994,0.0,0.0,2.400000000000002,0.0,3.0,9.0,0.0
342,Jayden,Bogle,Bogle,a,,,4.4,529,107.0,0.2,373,136.0,3.0,108.0,38.0,1,0,0.0,-1,1.0,217,271,0.7,15.0,2.5,3.0,2.6,252.0,99.0,100.0,100.0,159.0,70.0,139.0,35.0,152.0,31.0,150.0,47.0,,,,,,,,0.08,0.05,0.13,1.35,0.0,0.17,1.66,1.02,5.72,27,1.0,90.0,0.0,0.0,0.0,1.0,0.0,0.0,0.0,1.0,0.0,0.0,1.0,0.0,14.0,269.0,326.0,0.0,0.010000000000000009,0.07999999999999985,0.08999999999999986,1.4600000000000009,19.799999999999955,24.900000000000006,2.0,4.699999999999989,3.0,6.0,5.0,9.0
343,Pascal,Struijk,Struijk,a,,,4.3,583,130.0,0.4,270,98.0,2.4,156.0,53.0,2,0,0.0,-2,2.0,243,497,0.6,17.7,1.9,2.4,3.2,151.0,60.0,100.0,100.0,52.0,23.0,237.0,64.0,109.0,16.0,112.0,34.0,,,3.0,,,,,0.11,0.02,0.13,1.37,0.0,0.17,1.65,1.0,9.62,27,2.0,90.0,0.0,0.0,0.0,1.0,0.0,0.0,0.0,0.0,0.0,0.0,1.0,0.0,10.0,289.0,561.0,0.0,0.0,0.0,0.0,1.4599999999999973,14.199999999999989,0.4000000000000057,0.0,1.5,2.0,5.0,1.0,7.0
344,Jaka,Bijol,Bijol,a,,,3.9,756,218.0,0.4,279,102.0,0.6,309.0,107.0,0,0,0.0,-1,1.0,88,326,0.2,11.8,0.1,0.6,3.3,140.0,51.0,100.0,100.0,192.0,78.0,358.0,125.0,193.0,46.0,254.0,84.0,,,,,,,,0.04,0.04,0.08,1.67,0.0,0.08,1.69,0.97,9.19,27,0.0,45.0,0.0,0.0,0.0,1.0,0.0,0.0,0.0,1.0,0.0,0.0,0.0,0.0,148.0,115.0,370.0,0.0,0.0,0.0,0.0,0.75,0.0,0.0,2.0,0.19999999999999574,0.0,2.0,0.0,2.0
345,Sebastiaan,Bornauw,Bornauw,a,,,3.8,794,242.0,0.2,415,152.0,1.0,265.0,94.0,0,0,0.0,-2,2.0,140,127,0.3,4.5,0.5,1.0,1.9,334.0,124.0,100.0,100.0,371.0,143.0,439.0,159.0,398.0,144.0,412.0,148.0,,,,,,,,0.0,0.0,0.0,1.46,0.0,0.3,1.18,1.18,11.25,27,0.0,0.0,0.0,0.0,0.0,0.0,0.0,0.0,0.0,0.0,0.0,0.0,0.0,0.0,0.0,187.0,141.0,0.0,0.0,0.0,0.0,0.0,0.0,0.0,0.0,0.0,0.0,0.0,0.0,0.0
347,Gabriel,Gudmundsson,Gudmundsson,a,,,3.8,790,238.0,3.8,89,31.0,0.4,330.0,116.0,1,0,0.0,-2,2.0,1879,2370,0.1,15.0,-0.1,0.4,2.2,304.0,112.0,100.0,100.0,114.0,51.0,73.0,16.0,189.0,45.0,111.0,33.0,,,,,,,,0.04,0.08,0.12,1.45,0.0,0.17,1.68,1.05,6.25,27,1.0,45.0,0.0,0.0,0.0,0.0,0.0,0.0,0.0,0.0,0.0,0.0,1.0,0.0,6.0,2299.0,2682.0,0.0,0.06000000000000005,0.0,0.06000000000000005,0.7100000000000009,5.399999999999977,0.5,11.0,1.7000000000000028,2.0,3.0,1.0,5.0
348,Joe,Rodon,Rodon,a,,,3.9,751,215.0,3.9,88,30.0,3.4,79.0,28.0,4,0,0.0,-1,1.0,3998,1903,0.9,20.8,2.9,3.4,3.2,150.0,59.0,100.0,100.0,41.0,17.0,311.0,104.0,149.0,30.0,124.0,39.0,,,,,,,,0.05,0.01,0.06,1.48,0.0,0.12,1.81,1.03,8.75,27,4.0,90.0,0.0,0.0,0.0,1.0,0.0,0.0,0.0,0.0,0.0,0.0,1.0,0.0,7.0,4622.0,2214.0,0.0,0.24,0.0,0.24,1.4600000000000009,30.0,0.10000000000000142,10.0,4.0,2.0,12.0,2.0,14.0
351,Wilfried,Gnonto,Gnonto,a,,,5.2,214,132.0,0.1,510,183.0,0.2,388.0,173.0,0,0,0.0,-3,3.0,23,41,0.0,4.0,-0.3,0.2,1.5,414.0,186.0,100.0,100.0,395.0,175.0,274.0,161.0,351.0,184.0,372.0,176.0,,,,,,,,0.07,0.14,0.21,2.18,0.0,0.26,2.86,1.04,9.62,27,0.0,0.0,0.0,0.0,0.0,0.0,0.0,0.0,0.0,0.0,0.0,0.0,0.0,0.0,0.0,23.0,43.0,0.0,0.0,0.0,0.0,0.0,0.0,0.0,0.0,0.0,0.0,0.0,0.0,0.0
352,Jack,Harrison,Harrison,u,has joined ACF Fiorentina on loan for the rest of the season.,,5.1,229,141.0,0.0,590,222.0,0.0,763.0,330.0,0,0,0.0,-4,4.0,0,17,0.0,2.4,0.0,0.0,1.1,445.0,201.0,0.0,0.0,428.0,188.0,339.0,183.0,343.0,178.0,401.0,185.0,4.0,,,,,,,0.1,0.08,0.18,1.31,0.0,0.0,1.72,0.34,8.24,27,0.0,0.0,0.0,0.0,0.0,0.0,0.0,0.0,0.0,0.0,0.0,0.0,0.0,0.0,0.0,0.0,18.0,0.0,0.0,0.0,0.0,0.0,0.0,0.0,0.0,0.0,0.0,0.0,0.0,0.0
360,Joe,Gelhardt,Gelhardt,u,Has joined Hull City on loan for the rest of the season.,,4.5,439,263.0,0.0,752,320.0,0.0,636.0,234.0,0,0,0.0,0,0.0,0,0,0.0,0.0,0.0,0.0,0.0,705.0,281.0,0.0,0.0,698.0,275.0,696.0,279.0,679.0,272.0,701.0,278.0,,,,,,,,0.0,0.0,0.0,0.0,0.0,0.0,0.0,0.0,0.0,27,0.0,0.0,0.0,0.0,0.0,0.0,0.0,0.0,0.0,0.0,0.0,0.0,0.0,0.0,0.0,0.0,0.0,0.0,0.0,0.0,0.0,0.0,0.0,0.0,0.0,0.0,0.0,0.0,0.0,0.0
361,Darko,Gyabi,Gyabi,u,has joined Hull City permanently.,,4.5,440,264.0,0.0,664,269.0,0.0,637.0,235.0,0,0,0.0,0,0.0,0,3,0.0,0.0,0.0,0.0,0.0,706.0,282.0,0.0,0.0,699.0,276.0,697.0,280.0,680.0,273.0,702.0,279.0,,,,,,,,0.0,0.0,0.0,0.0,0.0,0.0,0.0,0.0,0.0,27,0.0,0.0,0.0,0.0,0.0,0.0,0.0,0.0,0.0,0.0,0.0,0.0,0.0,0.0,0.0,0.0,3.0,0.0,0.0,0.0,0.0,0.0,0.0,0.0,0.0,0.0,0.0,0.0,0.0,0.0
365,Lukas,Nmecha,Nmecha,a,,,5.0,246,53.0,0.6,241,36.0,2.4,162.0,24.0,1,0,0.0,0,0.0,737,760,0.5,12.2,1.9,2.4,2.9,200.0,18.0,100.0,100.0,213.0,18.0,320.0,34.0,65.0,24.0,185.0,22.0,,,1.0,,,,,0.8,0.1,0.9,1.89,0.0,0.26,2.19,0.9,4.63,27,1.0,17.0,0.0,0.0,0.0,1.0,0.0,0.0,0.0,0.0,0.0,0.0,0.0,0.0,213.0,998.0,806.0,0.0,0.5100000000000007,0.0,0.5099999999999998,0.5099999999999998,2.0,0.10000000000000142,17.0,1.8999999999999986,0.0,0.0,1.0,1.0
493,Sean,Longstaff,Longstaff,a,,,4.8,355,222.0,0.2,350,118.0,0.8,295.0,129.0,1,0,0.0,-2,2.0,37,70,0.2,9.2,0.3,0.8,2.6,253.0,103.0,100.0,100.0,218.0,95.0,59.0,47.0,278.0,151.0,166.0,90.0,1.0,2.0,,,,,,0.08,0.14,0.22,1.33,0.0,0.1,1.81,0.95,9.54,27,1.0,7.0,0.0,0.0,0.0,1.0,0.0,0.0,0.0,0.0,0.0,0.0,0.0,0.0,6.0,44.0,86.0,0.0,0.0,0.18999999999999995,0.18999999999999995,0.379999999999999,3.0,14.300000000000011,6.0,2.299999999999997,0.0,0.0,0.0,0.0
660,Anton,Stach,Stach,a,,,4.7,389,243.0,1.9,137,44.0,4.2,46.0,21.0,11,0,0.0,-3,3.0,9722,851,0.9,23.0,3.7,4.2,4.9,16.0,10.0,100.0,100.0,58.0,15.0,9.0,9.0,95.0,58.0,22.0,18.0,3.0,1.0,,,,,,0.11,0.18,0.29,1.33,0.0,0.2,1.62,1.06,10.19,27,11.0,82.0,1.0,0.0,1.0,0.0,0.0,0.0,0.0,0.0,0.0,0.0,1.0,3.0,31.0,10203.0,1324.0,0.0,0.07000000000000028,0.33999999999999986,0.41000000000000014,1.0799999999999983,49.80000000000001,28.799999999999955,13.0,9.199999999999989,0.0,5.0,6.0,11.0
665,Lucas Estella,Perri,Perri,a,,,4.5,416,22.0,0.3,343,48.0,0.0,619.0,89.0,0,0,0.0,0,0.0,46,189,0.0,9.6,-0.5,0.0,2.7,235.0,22.0,100.0,100.0,160.0,20.0,680.0,85.0,661.0,75.0,315.0,20.0,,,,,,,,0.0,0.0,0.0,1.67,2.38,0.19,1.81,1.0,0.0,27,0.0,0.0,0.0,0.0,0.0,0.0,0.0,0.0,0.0,0.0,0.0,0.0,0.0,0.0,0.0,65.0,212.0,0.0,0.0,0.0,0.0,0.0,0.0,0.0,0.0,0.0,0.0,0.0,0.0,0.0
691,Dominic,Calvert-Lewin,Calvert-Lewin,a,,,5.8,106,30.0,10.1,34,6.0,2.6,148.0,20.0,2,0,0.0,3,-3.0,6885,24522,0.4,17.9,2.1,2.6,4.3,50.0,6.0,100.0,100.0,84.0,6.0,123.0,8.0,5.0,4.0,26.0,6.0,,,,,,,,0.48,0.05,0.53,1.12,0.0,0.21,1.33,0.98,3.08,27,2.0,90.0,0.0,0.0,0.0,1.0,0.0,0.0,0.0,0.0,0.0,0.0,1.0,0.0,9.0,7731.0,29233.0,0.0,0.3800000000000008,0.039999999999999925,0.41999999999999993,1.4600000000000009,19.399999999999977,32.79999999999998,44.0,9.599999999999994,1.0,3.0,3.0,7.0
698,Noah,Okafor,Okafor,i,Hamstring injury - Expected back 14 Mar,,5.5,145,91.0,0.1,470,162.0,3.0,116.0,55.0,0,0,0.0,0,0.0,8,562,0.5,12.2,0.0,0.0,2.9,205.0,85.0,0.0,0.0,209.0,90.0,156.0,108.0,64.0,39.0,125.0,70.0,,,,,,,,0.3,0.07,0.37,1.59,0.0,0.28,1.71,1.07,6.18,27,0.0,0.0,0.0,0.0,0.0,0.0,0.0,0.0,0.0,0.0,0.0,0.0,0.0,0.0,0.0,12.0,608.0,0.0,0.0,0.0,0.0,0.0,0.0,0.0,0.0,0.0,0.0,0.0,0.0,0.0
706,James,Justin,Justin,a,,,3.9,753,216.0,1.0,190,71.0,3.6,69.0,24.0,2,0,0.0,-1,1.0,1163,1466,0.9,11.5,3.1,3.6,2.5,265.0,102.0,,,233.0,90.0,238.0,65.0,222.0,56.0,255.0,85.0,,,,,,,,0.09,0.08,0.17,1.77,0.0,0.19,1.56,0.97,8.18,27,2.0,90.0,0.0,0.0,0.0,1.0,0.0,0.0,0.0,0.0,0.0,0.0,1.0,0.0,11.0,1422.0,1587.0,0.0,0.0,0.0,0.0,1.4600000000000009,14.0,0.3999999999999915,0.0,1.3999999999999986,3.0,5.0,2.0,8.0
741,Harry,Gray,Gray,u,has joined Rotherham United on loan for the rest of the season.,,4.5,493,71.0,0.1,497,70.0,0.0,677.0,71.0,0,0,0.0,0,0.0,0,56,0.0,0.0,0.0,0.0,0.0,738.0,80.0,0.0,0.0,736.0,80.0,731.0,79.0,718.0,79.0,737.0,80.0,,,,,,,,0.0,0.0,0.0,0.0,0.0,0.0,0.0,0.0,0.0,27,0.0,0.0,0.0,0.0,0.0,0.0,0.0,0.0,0.0,0.0,0.0,0.0,0.0,0.0,0.0,0.0,62.0,0.0,0.0,0.0,0.0,0.0,0.0,0.0,0.0,0.0,0.0,0.0,0.0,0.0
787,Sam,Chambers,Chambers,a,,,4.4,559,334.0,0.0,739,312.0,0.0,603.0,214.0,0,0,0.0,-1,1.0,44,25,0.0,0.0,-0.5,0.0,0.0,680.0,265.0,,,671.0,257.0,667.0,262.0,647.0,253.0,674.0,260.0,,,,,,,,0.0,0.0,0.0,0.0,0.0,0.0,0.0,0.0,0.0,27,0.0,0.0,0.0,0.0,0.0,0.0,0.0,0.0,0.0,0.0,0.0,0.0,0.0,0.0,0.0,52.0,27.0,0.0,0.0,0.0,0.0,0.0,0.0,0.0,0.0,0.0,0.0,0.0,0.0,0.0
386,Alexis,Mac Allister,Mac Allister,a,,,6.2,72,48.0,1.2,172,58.0,4.0,59.0,29.0,13,0,0.0,-3,3.0,3038,356,0.6,10.5,4.5,4.5,2.5,282.0,121.0,100.0,100.0,179.0,71.0,61.0,48.0,99.0,62.0,94.0,56.0,,,4.0,,,,,0.14,0.06,0.2,1.11,0.0,0.35,1.19,1.09,7.58,27,13.0,90.0,1.0,0.0,1.0,0.0,0.0,0.0,0.0,0.0,0.0,0.0,1.0,3.0,37.0,3092.0,389.0,0.0,0.7199999999999998,0.020000000000000018,0.7400000000000002,1.2600000000000016,49.39999999999998,8.5,39.0,9.700000000000003,3.0,3.0,6.0,12.0
387,Dominik,Szoboszlai,Szoboszlai,a,,,6.8,46,29.0,7.2,55,20.0,5.8,13.0,6.0,3,1,-1.0,3,-3.0,65303,2819,0.9,14.7,6.3,6.3,4.0,75.0,34.0,100.0,100.0,35.0,9.0,2.0,2.0,81.0,49.0,10.0,8.0,2.0,2.0,,,,,,0.14,0.16,0.3,1.19,0.0,0.32,1.36,1.0,9.23,27,3.0,90.0,0.0,0.0,1.0,0.0,0.0,0.0,0.0,0.0,0.0,0.0,1.0,0.0,23.0,70527.0,3216.0,0.0,0.0,0.3100000000000005,0.3100000000000005,1.2600000000000016,27.200000000000045,66.19999999999993,2.0,9.5,2.0,2.0,4.0,8.0
388,Curtis,Jones,C.Jones,a,,,5.4,167,102.0,0.1,457,156.0,1.4,250.0,107.0,3,0,0.0,-1,1.0,108,88,0.3,8.5,1.9,1.9,1.9,345.0,151.0,100.0,100.0,237.0,102.0,81.0,60.0,171.0,96.0,158.0,84.0,,,,,,,,0.1,0.17,0.27,1.43,0.0,0.23,1.59,0.83,9.76,27,3.0,82.0,0.0,0.0,1.0,0.0,0.0,0.0,0.0,0.0,0.0,0.0,1.0,0.0,6.0,114.0,101.0,0.0,0.2999999999999998,0.029999999999999805,0.33000000000000007,0.9899999999999984,2.8000000000000114,6.699999999999989,38.0,4.800000000000004,1.0,2.0,4.0,7.0
390,Ryan,Gravenberch,Gravenberch,a,,,5.5,147,92.0,4.8,73,26.0,4.0,57.0,27.0,5,0,0.0,0,0.0,12710,3202,0.7,21.1,4.5,4.5,4.6,27.0,14.0,100.0,100.0,49.0,12.0,52.0,43.0,190.0,105.0,62.0,40.0,,,,,,,,0.05,0.07,0.12,1.08,0.0,0.37,1.18,1.02,9.86,27,5.0,90.0,0.0,0.0,1.0,0.0,0.0,0.0,0.0,0.0,0.0,0.0,1.0,0.0,14.0,13613.0,3833.0,0.0,0.0,0.020000000000000018,0.020000000000000018,1.259999999999998,16.600000000000023,7.600000000000023,4.0,2.799999999999997,1.0,8.0,3.0,12.0
392,Endo,Wataru,Endo,i,Foot injury - Unknown return date,,4.9,294,183.0,0.1,507,182.0,1.0,273.0,121.0,0,0,0.0,-1,1.0,4,42,0.2,2.4,0.0,0.0,1.5,413.0,185.0,0.0,0.0,400.0,177.0,393.0,197.0,423.0,206.0,426.0,193.0,,,,,,,,0.02,0.03,0.05,2.18,0.0,0.53,2.65,0.53,12.18,27,0.0,0.0,0.0,0.0,0.0,0.0,0.0,0.0,0.0,0.0,0.0,0.0,0.0,0.0,0.0,4.0,44.0,0.0,0.0,0.0,0.0,0.0,0.0,0.0,0.0,0.0,0.0,0.0,0.0,0.0
686,Rio,Ngumoha,Ngumoha,a,,,4.3,620,363.0,0.8,209,72.0,0.4,336.0,148.0,1,0,0.0,-2,2.0,1100,824,0.1,3.3,0.9,0.9,1.6,389.0,172.0,,,398.0,176.0,294.0,170.0,327.0,171.0,371.0,175.0,,,,,,,,0.37,0.78,1.15,3.08,0.0,0.0,3.03,0.0,4.04,27,1.0,13.0,0.0,0.0,0.0,0.0,0.0,0.0,0.0,0.0,0.0,0.0,0.0,0.0,8.0,1229.0,924.0,0.0,0.0,0.42000000000000004,0.41999999999999993,0.27,7.400000000000006,14.299999999999997,2.0,2.3999999999999986,0.0,0.0,1.0,1.0
692,Giovanni,Leoni,Leoni,i,Knee injury - Expected back 01 Sep,,4.9,351,58.0,0.0,711,246.0,0.0,745.0,256.0,0,0,0.0,-1,1.0,4,4,0.0,0.0,0.0,0.0,0.0,780.0,261.0,0.0,0.0,779.0,261.0,776.0,261.0,772.0,261.0,780.0,261.0,,,,,,,,0.0,0.0,0.0,0.0,0.0,0.0,0.0,0.0,0.0,27,0.0,0.0,0.0,0.0,0.0,0.0,0.0,0.0,0.0,0.0,0.0,0.0,0.0,0.0,0.0,4.0,4.0,0.0,0.0,0.0,0.0,0.0,0.0,0.0,0.0,0.0,0.0,0.0,0.0,0.0
746,Kieran,Morrison,Morrison,a,,,4.5,491,301.0,0.0,745,316.0,0.0,676.0,268.0,0,0,0.0,0,0.0,6,5,0.0,0.0,0.5,0.5,0.0,737.0,308.0,,,735.0,306.0,730.0,307.0,717.0,303.0,736.0,307.0,,,,,,,,0.0,0.0,0.0,0.0,0.0,0.0,0.0,0.0,0.0,27,0.0,0.0,0.0,0.0,0.0,0.0,0.0,0.0,0.0,0.0,0.0,0.0,0.0,0.0,0.0,7.0,5.0,0.0,0.0,0.0,0.0,0.0,0.0,0.0,0.0,0.0,0.0,0.0,0.0,0.0
760,Wellity,Lucky,Lucky,a,,,4.0,707,185.0,0.0,696,241.0,0.0,504.0,199.0,0,0,0.0,0,0.0,13,25,0.0,0.0,0.5,0.5,0.0,610.0,226.0,,,599.0,225.0,592.0,225.0,560.0,219.0,602.0,225.0,,,,,,,,0.0,0.0,0.0,0.0,0.0,0.0,0.0,0.0,0.0,27,0.0,0.0,0.0,0.0,0.0,0.0,0.0,0.0,0.0,0.0,0.0,0.0,0.0,0.0,0.0,14.0,26.0,0.0,0.0,0.0,0.0,0.0,0.0,0.0,0.0,0.0,0.0,0.0,0.0,0.0
82,Antoine,Semenyo,Semenyo,a,,,8.0,17,12.0,52.0,2,1.0,7.0,6.0,2.0,4,0,0.0,10,-10.0,56486,7784,0.9,19.6,7.5,7.5,6.0,5.0,3.0,100.0,100.0,7.0,2.0,33.0,31.0,3.0,1.0,3.0,2.0,,,,,,,,0.34,0.09,0.43,1.45,0.0,0.27,1.7,1.0,7.44,27,4.0,86.0,0.0,0.0,0.0,1.0,0.0,0.0,0.0,0.0,0.0,0.0,1.0,0.0,13.0,67376.0,8610.0,0.0,0.3200000000000003,0.06999999999999984,0.39000000000000057,0.44999999999999574,19.399999999999977,29.30000000000001,28.0,7.699999999999989,5.0,2.0,6.0,13.0
260,Marc,Guéhi,Guéhi,a,,,5.2,209,28.0,37.1,6,2.0,4.2,49.0,17.0,2,0,0.0,7,-7.0,22742,58322,0.8,24.2,4.7,4.7,5.0,13.0,3.0,100.0,100.0,18.0,9.0,161.0,38.0,79.0,5.0,49.0,5.0,,,,,,,,0.11,0.08,0.19,1.3,0.0,0.36,1.08,1.0,8.28,27,2.0,90.0,0.0,0.0,0.0,1.0,0.0,0.0,0.0,0.0,0.0,0.0,1.0,0.0,18.0,26595.0,59490.0,0.0,0.0,0.17999999999999994,0.17999999999999972,0.620000000000001,18.399999999999977,15.699999999999989,0.0,3.4000000000000057,1.0,6.0,2.0,7.0
399,Ederson,Santana de Moraes,Ederson M.,u,has joined Fenerbache permanently.,,5.3,186,5.0,0.8,205,26.0,0.0,770.0,94.0,0,0,0.0,-2,2.0,0,59,0.0,0.0,0.0,0.0,0.0,794.0,94.0,0.0,0.0,794.0,94.0,793.0,93.0,790.0,91.0,794.0,94.0,,,,,,,,0.0,0.0,0.0,0.0,0.0,0.0,0.0,0.0,0.0,27,0.0,0.0,0.0,0.0,0.0,0.0,0.0,0.0,0.0,0.0,0.0,0.0,0.0,0.0,0.0,0.0,64.0,0.0,0.0,0.0,0.0,0.0,0.0,0.0,0.0,0.0,0.0,0.0,0.0,0.0
401,Marcus,Bettinelli,Bettinelli,a,,,3.8,786,93.0,0.4,276,35.0,0.0,405.0,24.0,0,0,0.0,-2,2.0,761,1105,0.0,0.0,0.5,0.5,0.0,519.0,33.0,100.0,100.0,508.0,33.0,494.0,17.0,459.0,4.0,511.0,33.0,,,,,,,,0.0,0.0,0.0,0.0,0.0,0.0,0.0,0.0,0.0,27,0.0,0.0,0.0,0.0,0.0,0.0,0.0,0.0,0.0,0.0,0.0,0.0,0.0,0.0,0.0,893.0,1169.0,0.0,0.0,0.0,0.0,0.0,0.0,0.0,0.0,0.0,0.0,0.0,0.0,0.0
402,Rayan,Aït-Nouri,Aït-Nouri,a,,,5.7,118,12.0,3.9,86,29.0,3.0,117.0,41.0,2,0,0.0,-3,3.0,2306,941,0.5,4.9,3.5,3.5,2.8,227.0,91.0,100.0,100.0,351.0,133.0,301.0,100.0,334.0,109.0,362.0,125.0,,,,,,,,0.05,0.12,0.17,1.13,0.0,0.33,0.81,1.14,7.65,27,2.0,90.0,0.0,0.0,0.0,1.0,0.0,0.0,0.0,0.0,0.0,0.0,1.0,0.0,6.0,2563.0,978.0,0.0,0.0,0.020000000000000018,0.020000000000000018,0.6200000000000001,12.799999999999997,5.499999999999993,2.0,2.0,3.0,3.0,2.0,6.0
406,Abdukodir,Khusanov,Khusanov,a,,,5.4,185,22.0,0.4,291,109.0,2.8,130.0,43.0,1,0,0.0,-1,1.0,292,470,0.5,5.9,3.3,3.3,2.5,278.0,107.0,100.0,100.0,294.0,114.0,362.0,128.0,434.0,159.0,366.0,127.0,,,,,,,,0.03,0.01,0.04,1.31,0.0,0.34,0.8,0.92,8.38,27,1.0,45.0,0.0,0.0,0.0,0.0,0.0,0.0,0.0,0.0,0.0,0.0,0.0,0.0,6.0,313.0,506.0,0.0,0.0,0.0,0.0,0.3000000000000007,10.599999999999994,0.3999999999999986,0.0,1.1000000000000014,2.0,2.0,5.0,4.0
407,Matheus,Nunes,Matheus N.,a,,,5.4,175,21.0,3.3,102,38.0,4.6,35.0,10.0,2,0,0.0,-1,1.0,4905,11730,0.9,21.7,5.1,5.1,4.9,18.0,4.0,100.0,100.0,63.0,27.0,75.0,18.0,303.0,91.0,102.0,26.0,,,4.0,,,,,0.01,0.07,0.08,1.04,0.0,0.36,0.9,0.99,6.63,27,2.0,90.0,0.0,0.0,0.0,1.0,0.0,0.0,0.0,0.0,0.0,0.0,1.0,0.0,12.0,5613.0,12129.0,0.0,0.0,0.040000000000000036,0.040000000000000036,0.620000000000001,14.600000000000023,11.900000000000034,0.0,2.6999999999999886,0.0,2.0,5.0,2.0
408,Rúben,dos Santos Gato Alves Dias,Rúben,a,,,5.5,139,16.0,3.3,99,36.0,1.4,251.0,93.0,0,0,0.0,0,0.0,1351,1854,0.3,18.5,1.9,1.9,4.4,40.0,16.0,100.0,100.0,64.0,28.0,255.0,76.0,241.0,65.0,156.0,50.0,,,,,,,,0.03,0.02,0.05,1.05,0.0,0.53,0.87,1.01,7.03,27,0.0,45.0,0.0,0.0,0.0,1.0,0.0,0.0,0.0,1.0,0.0,0.0,1.0,0.0,0.0,1480.0,1936.0,0.0,0.0,0.010000000000000009,0.010000000000000009,0.3200000000000003,3.0,1.2999999999999972,0.0,0.3999999999999915,0.0,3.0,0.0,3.0
409,John,Stones,Stones,a,,,5.4,156,17.0,0.6,249,93.0,0.0,774.0,261.0,0,0,0.0,-1,1.0,60,66,0.0,2.2,0.5,0.5,1.7,384.0,141.0,100.0,100.0,375.0,144.0,391.0,141.0,452.0,166.0,410.0,146.0,,,,,,,,0.0,0.02,0.02,1.29,0.0,0.26,2.05,1.03,4.87,27,0.0,0.0,0.0,0.0,0.0,0.0,0.0,0.0,0.0,0.0,0.0,0.0,0.0,0.0,0.0,64.0,68.0,0.0,0.0,0.0,0.0,0.0,0.0,0.0,0.0,0.0,0.0,0.0,0.0,0.0
410,Rico,Lewis,Lewis,a,,,4.6,400,69.0,1.2,175,66.0,0.0,698.0,249.0,0,0,0.0,-4,4.0,176,435,0.0,4.1,0.5,0.5,1.9,338.0,127.0,100.0,100.0,386.0,148.0,253.0,75.0,328.0,106.0,359.0,123.0,,,,,,,,0.03,0.38,0.41,1.46,0.0,0.29,1.45,0.87,5.5,27,0.0,0.0,0.0,0.0,0.0,0.0,0.0,0.0,0.0,0.0,0.0,0.0,0.0,0.0,0.0,190.0,464.0,0.0,0.0,0.0,0.0,0.0,0.0,0.0,0.0,0.0,0.0,0.0,0.0,0.0
411,Nico,O'Reilly,O'Reilly,a,,,5.0,263,41.0,6.5,57,18.0,7.8,3.0,2.0,17,1,-1.0,0,0.0,189130,954,1.6,23.4,8.3,8.3,4.5,31.0,11.0,100.0,100.0,67.0,30.0,78.0,19.0,80.0,6.0,51.0,6.0,,,,,,,,0.13,0.08,0.21,1.17,0.0,0.46,0.87,0.96,6.12,27,17.0,90.0,2.0,0.0,0.0,1.0,0.0,0.0,0.0,0.0,0.0,0.0,1.0,3.0,32.0,191409.0,1506.0,0.0,0.3200000000000003,0.10999999999999988,0.4300000000000006,0.6199999999999974,70.0,7.5,36.0,11.400000000000006,1.0,0.0,3.0,1.0
412,Vitor,de Oliveira Nunes dos Reis,Vitor Reis,u,Has joined Girona on loan for the rest of the season.,,5.0,283,43.0,0.0,777,261.0,0.0,761.0,258.0,0,0,0.0,0,0.0,0,0,0.0,0.0,0.0,0.0,0.0,793.0,263.0,0.0,0.0,792.0,263.0,791.0,263.0,787.0,263.0,793.0,263.0,,,,,,,,0.0,0.0,0.0,0.0,0.0,0.0,0.0,0.0,0.0,27,0.0,0.0,0.0,0.0,0.0,0.0,0.0,0.0,0.0,0.0,0.0,0.0,0.0,0.0,0.0,0.0,0.0,0.0,0.0,0.0,0.0,0.0,0.0,0.0,0.0,0.0,0.0,0.0,0.0,0.0
413,Omar,Marmoush,Marmoush,a,,,8.3,13,8.0,2.5,117,36.0,3.6,78.0,37.0,4,0,0.0,-2,2.0,2302,952,0.4,4.1,4.1,4.1,2.3,303.0,134.0,100.0,100.0,333.0,151.0,204.0,133.0,140.0,81.0,268.0,134.0,,1.0,2.0,,,,,0.38,0.14,0.52,0.95,0.0,0.41,0.82,1.02,5.52,27,4.0,57.0,0.0,1.0,0.0,1.0,0.0,0.0,0.0,0.0,0.0,0.0,1.0,0.0,13.0,2466.0,1033.0,0.0,0.26,0.08000000000000007,0.33999999999999986,0.35000000000000053,25.400000000000006,26.900000000000006,47.0,9.899999999999999,2.0,0.0,1.0,3.0
414,Phil,Foden,Foden,a,,,8.1,14,9.0,9.4,38,13.0,1.6,232.0,101.0,1,-1,1.0,1,-1.0,810,15886,0.2,13.5,2.1,2.1,4.5,35.0,17.0,100.0,100.0,68.0,20.0,4.0,4.0,33.0,17.0,14.0,10.0,1.0,3.0,,,,,,0.28,0.19,0.47,1.1,0.0,0.52,0.73,1.05,6.66,27,1.0,3.0,0.0,0.0,0.0,0.0,0.0,0.0,0.0,0.0,0.0,0.0,0.0,0.0,1.0,918.0,18448.0,0.0,0.13999999999999968,0.0,0.14000000000000057,0.16999999999999815,3.0,0.5,23.0,2.6999999999999886,0.0,0.0,0.0,0.0
415,Sávio,Moreira de Oliveira,Savinho,a,,,6.9,41,24.0,0.4,278,98.0,0.0,812.0,363.0,0,0,0.0,-1,1.0,97,56,0.0,3.8,0.5,0.5,1.7,385.0,170.0,100.0,100.0,377.0,167.0,201.0,132.0,106.0,65.0,266.0,132.0,,,,,,,,0.22,0.2,0.42,1.08,0.0,0.34,0.85,0.85,7.46,27,0.0,0.0,0.0,0.0,0.0,0.0,0.0,0.0,0.0,0.0,0.0,0.0,0.0,0.0,0.0,103.0,58.0,0.0,0.0,0.0,0.0,0.0,0.0,0.0,0.0,0.0,0.0,0.0,0.0,0.0
416,Bernardo,Mota Veiga de Carvalho e Silva,Bernardo,a,,,6.2,71,47.0,0.6,243,84.0,3.8,65.0,31.0,1,0,0.0,-3,3.0,858,686,0.6,10.8,4.3,4.3,2.5,281.0,120.0,100.0,100.0,145.0,49.0,24.0,23.0,188.0,104.0,78.0,47.0,5.0,,,,,,,0.06,0.13,0.19,1.14,0.0,0.36,0.95,1.04,8.15,27,1.0,90.0,0.0,0.0,0.0,1.0,0.0,0.0,0.0,1.0,0.0,0.0,1.0,0.0,12.0,935.0,743.0,0.0,0.0,0.05999999999999961,0.05999999999999961,0.620000000000001,19.200000000000045,38.299999999999955,6.0,6.400000000000006,1.0,4.0,5.0,10.0
417,Rayan,Cherki,Cherki,a,,,6.4,61,39.0,8.4,43,14.0,2.8,133.0,63.0,1,-1,1.0,-1,1.0,4362,25183,0.4,14.2,3.3,3.3,4.1,59.0,26.0,100.0,100.0,106.0,34.0,14.0,14.0,61.0,36.0,29.0,21.0,2.0,4.0,,,,,,0.18,0.48,0.66,1.2,0.0,0.41,0.9,0.98,8.68,27,1.0,32.0,0.0,0.0,0.0,0.0,0.0,0.0,0.0,0.0,0.0,0.0,0.0,0.0,9.0,4866.0,29196.0,0.0,0.0,0.08000000000000007,0.07999999999999918,0.2699999999999996,8.600000000000023,22.100000000000023,0.0,3.1000000000000085,0.0,0.0,3.0,3.0
418,Jérémy,Doku,Doku,d,Calf injury - 50% chance of playing,,6.4,57,36.0,2.3,124,40.0,0.2,396.0,179.0,0,0,0.0,-1,1.0,38,1448,0.0,11.2,0.3,0.0,3.6,116.0,53.0,50.0,0.0,181.0,73.0,18.0,18.0,45.0,27.0,35.0,26.0,,,3.0,,,,,0.14,0.32,0.46,1.19,0.0,0.38,0.99,0.99,6.03,27,0.0,0.0,0.0,0.0,0.0,0.0,0.0,0.0,0.0,0.0,0.0,0.0,0.0,0.0,0.0,39.0,1618.0,0.0,0.0,0.0,0.0,0.0,0.0,0.0,0.0,0.0,0.0,0.0,0.0,0.0
423,Nico,González Iglesias,N.Gonzalez,a,,,5.9,98,63.0,0.1,474,165.0,0.0,800.0,356.0,0,0,0.0,-1,1.0,55,77,0.0,9.3,0.5,0.5,2.6,262.0,111.0,100.0,100.0,194.0,80.0,166.0,115.0,288.0,155.0,226.0,111.0,,,,,,,,0.04,0.07,0.11,1.1,0.0,0.46,0.92,0.99,11.96,27,0.0,0.0,0.0,0.0,0.0,0.0,0.0,0.0,0.0,0.0,0.0,0.0,0.0,0.0,0.0,58.0,80.0,0.0,0.0,0.0,0.0,0.0,0.0,0.0,0.0,0.0,0.0,0.0,0.0,0.0
425,Claudio,Echeverri,Echeverri,u,has joined Girona on loan for the rest of the season.,,5.4,184,114.0,0.0,741,313.0,0.0,787.0,346.0,0,0,0.0,-1,1.0,0,1,0.0,0.0,0.0,0.0,0.0,803.0,356.0,0.0,0.0,803.0,356.0,802.0,356.0,800.0,355.0,803.0,356.0,,,,,,,,0.0,0.0,0.0,0.0,0.0,0.0,0.0,0.0,0.0,27,0.0,0.0,0.0,0.0,0.0,0.0,0.0,0.0,0.0,0.0,0.0,0.0,0.0,0.0,0.0,0.0,1.0,0.0,0.0,0.0,0.0,0.0,0.0,0.0,0.0,0.0,0.0,0.0,0.0,0.0
427,Tijjani,Reijnders,Reijnders,a,,,5.1,232,143.0,10.0,35,11.0,1.0,279.0,125.0,0,0,0.0,-4,4.0,816,7713,0.2,16.5,1.5,1.5,3.5,124.0,57.0,,,154.0,54.0,77.0,57.0,41.0,25.0,71.0,44.0,3.0,,,,,,,0.24,0.12,0.36,1.06,0.0,0.43,0.99,1.05,5.39,27,0.0,0.0,0.0,0.0,0.0,0.0,0.0,0.0,0.0,0.0,0.0,0.0,0.0,0.0,0.0,969.0,8762.0,0.0,0.0,0.0,0.0,0.0,0.0,0.0,0.0,0.0,0.0,0.0,0.0,0.0
429,Kalvin,Phillips,Phillips,u,has joined Sheffield United on loan for the rest of the season.,,4.7,378,237.0,0.1,558,204.0,0.0,699.0,285.0,0,0,0.0,-3,3.0,0,19,0.0,0.0,0.0,0.0,0.0,756.0,323.0,0.0,0.0,755.0,322.0,751.0,323.0,741.0,320.0,756.0,323.0,,,,,,,,0.0,0.0,0.0,0.0,0.0,0.0,0.0,0.0,0.0,27,0.0,0.0,0.0,0.0,0.0,0.0,0.0,0.0,0.0,0.0,0.0,0.0,0.0,0.0,0.0,0.0,19.0,0.0,0.0,0.0,0.0,0.0,0.0,0.0,0.0,0.0,0.0,0.0,0.0,0.0
430,Erling,Haaland,Haaland,a,,,14.8,1,1.0,67.2,1,1.0,5.6,16.0,4.0,6,0,0.0,8,-8.0,16751,7675,0.4,13.0,6.1,6.1,7.1,1.0,1.0,100.0,100.0,1.0,1.0,113.0,5.0,1.0,1.0,1.0,1.0,,,1.0,,,,,0.83,0.07,0.9,1.16,0.0,0.4,0.97,1.05,3.22,27,6.0,90.0,0.0,1.0,0.0,1.0,0.0,0.0,0.0,0.0,0.0,0.0,1.0,1.0,22.0,17527.0,12327.0,0.0,0.3099999999999987,0.2200000000000002,0.5300000000000011,0.6199999999999974,27.199999999999932,18.100000000000023,36.0,8.099999999999994,1.0,3.0,0.0,4.0
736,Gianluigi,Donnarumma,Donnarumma,a,,,5.6,127,3.0,9.1,39,7.0,5.0,25.0,4.0,5,0,0.0,1,-1.0,10966,5626,0.9,17.1,5.5,5.5,4.0,70.0,6.0,,,56.0,13.0,806.0,94.0,804.0,93.0,233.0,14.0,,,,,,,,0.0,0.0,0.0,1.1,2.5,0.42,0.88,1.0,0.0,27,5.0,90.0,0.0,0.0,0.0,1.0,0.0,0.0,0.0,0.0,0.0,6.0,1.0,1.0,22.0,11849.0,6083.0,0.0,0.0,0.0,0.0,0.620000000000001,47.0,0.0,0.0,4.699999999999996,0.0,1.0,9.0,0.0
739,Divine,Mukasa,Mukasa,u,has joined Leicester City on loan for the rest of the season.,,4.4,566,339.0,0.0,679,277.0,0.0,609.0,218.0,0,0,0.0,-1,1.0,0,12,0.0,0.5,0.0,0.0,1.0,470.0,210.0,0.0,0.0,472.0,216.0,373.0,191.0,427.0,210.0,450.0,203.0,,,,,,,,0.0,0.76,0.76,1.22,0.0,0.0,0.0,0.0,3.6,27,0.0,0.0,0.0,0.0,0.0,0.0,0.0,0.0,0.0,0.0,0.0,0.0,0.0,0.0,0.0,0.0,12.0,0.0,0.0,0.0,0.0,0.0,0.0,0.0,0.0,0.0,0.0,0.0,0.0,0.0
763,Charlie,Gray,Gray,a,,,4.5,457,274.0,0.0,785,344.0,0.0,647.0,244.0,0,0,0.0,0,0.0,7,4,0.0,0.0,0.5,0.5,0.0,714.0,290.0,,,708.0,285.0,705.0,288.0,689.0,281.0,710.0,287.0,,,,,,,,0.0,0.0,0.0,0.0,0.0,0.0,0.0,0.0,0.0,27,0.0,0.0,0.0,0.0,0.0,0.0,0.0,0.0,0.0,0.0,0.0,0.0,0.0,0.0,0.0,8.0,4.0,0.0,0.0,0.0,0.0,0.0,0.0,0.0,0.0,0.0,0.0,0.0,0.0,0.0
764,Reigan,Heskey,Heskey,a,,,4.5,485,296.0,0.0,798,352.0,0.0,670.0,263.0,0,0,0.0,0,0.0,5,3,0.0,0.0,0.5,0.5,0.0,731.0,303.0,,,729.0,301.0,724.0,302.0,711.0,298.0,730.0,302.0,,,,,,,,0.0,0.0,0.0,0.0,0.0,0.0,0.0,0.0,0.0,27,0.0,0.0,0.0,0.0,0.0,0.0,0.0,0.0,0.0,0.0,0.0,0.0,0.0,0.0,0.0,5.0,3.0,0.0,0.0,0.0,0.0,0.0,0.0,0.0,0.0,0.0,0.0,0.0,0.0,0.0
794,Max,Alleyne,Alleyne,d,Knock - 75% chance of playing,,4.1,655,159.0,0.0,736,255.0,0.0,533.0,223.0,0,0,0.0,-4,4.0,3,57,0.0,1.2,0.4,0.4,2.5,267.0,104.0,75.0,75.0,422.0,158.0,400.0,146.0,359.0,120.0,431.0,155.0,,,,,,,,0.17,0.04,0.21,1.03,0.0,0.0,0.67,1.33,7.33,27,0.0,0.0,0.0,0.0,0.0,0.0,0.0,0.0,0.0,0.0,0.0,0.0,0.0,0.0,0.0,3.0,57.0,0.0,0.0,0.0,0.0,0.0,0.0,0.0,0.0,0.0,0.0,0.0,0.0,0.0
119,Bryan,Mbeumo,Mbeumo,a,,,8.6,10,5.0,22.8,17,5.0,5.2,23.0,11.0,0,0,0.0,6,-6.0,24155,6808,0.6,12.7,5.7,5.7,5.2,10.0,7.0,100.0,100.0,61.0,18.0,16.0,16.0,8.0,3.0,8.0,6.0,2.0,2.0,,,,,,0.35,0.19,0.54,1.26,0.0,0.2,1.44,1.04,4.78,27,0.0,0.0,0.0,0.0,0.0,0.0,0.0,0.0,0.0,0.0,0.0,0.0,0.0,0.0,0.0,27394.0,9854.0,0.0,0.0,0.0,0.0,0.0,0.0,0.0,0.0,0.0,0.0,0.0,0.0,0.0
431,Altay,Bayındır,Bayindir,a,,,4.7,386,17.0,0.3,309,41.0,0.0,701.0,91.0,0,0,0.0,-3,3.0,60,61,0.0,2.3,0.5,0.5,1.8,360.0,29.0,,,322.0,25.0,423.0,9.0,743.0,83.0,394.0,25.0,,,,,,,,0.0,0.01,0.01,1.54,2.17,0.0,1.83,1.0,0.0,27,0.0,0.0,0.0,0.0,0.0,0.0,0.0,0.0,0.0,0.0,0.0,0.0,0.0,0.0,0.0,67.0,65.0,0.0,0.0,0.0,0.0,0.0,0.0,0.0,0.0,0.0,0.0,0.0,0.0,0.0
432,André,Onana,Onana,u,has joined Trabzonspor on loan for the rest of the season.,,4.9,303,11.0,0.1,423,63.0,0.0,721.0,93.0,0,0,0.0,-1,1.0,0,8,0.0,0.0,0.0,0.0,0.0,766.0,93.0,0.0,0.0,765.0,93.0,762.0,90.0,756.0,86.0,766.0,93.0,,,,,,,,0.0,0.0,0.0,0.0,0.0,0.0,0.0,0.0,0.0,27,0.0,0.0,0.0,0.0,0.0,0.0,0.0,0.0,0.0,0.0,0.0,0.0,0.0,0.0,0.0,0.0,8.0,0.0,0.0,0.0,0.0,0.0,0.0,0.0,0.0,0.0,0.0,0.0,0.0,0.0
433,Elyh,Harrison,Harrison,u,On loan to Shrewsbury Town,,4.0,719,65.0,0.0,806,94.0,0.0,516.0,76.0,0,0,0.0,0,0.0,0,0,0.0,0.0,0.0,0.0,0.0,620.0,84.0,0.0,0.0,609.0,84.0,602.0,72.0,571.0,59.0,612.0,84.0,,,,,,,,0.0,0.0,0.0,0.0,0.0,0.0,0.0,0.0,0.0,27,0.0,0.0,0.0,0.0,0.0,0.0,0.0,0.0,0.0,0.0,0.0,0.0,0.0,0.0,0.0,0.0,0.0,0.0,0.0,0.0,0.0,0.0,0.0,0.0,0.0,0.0,0.0,0.0,0.0,0.0
434,Tom,Heaton,Heaton,a,,,3.9,737,66.0,0.3,342,47.0,0.0,426.0,26.0,0,0,0.0,-1,1.0,24,71,0.0,0.0,0.5,0.5,0.0,536.0,35.0,,,525.0,35.0,514.0,19.0,480.0,6.0,528.0,35.0,,,,,,,,0.0,0.0,0.0,0.0,0.0,0.0,0.0,0.0,0.0,27,0.0,0.0,0.0,0.0,0.0,0.0,0.0,0.0,0.0,0.0,0.0,0.0,0.0,0.0,0.0,32.0,75.0,0.0,0.0,0.0,0.0,0.0,0.0,0.0,0.0,0.0,0.0,0.0,0.0,0.0
435,Dermot,Mee,Mee,a,,,3.9,760,81.0,0.1,478,72.0,0.0,443.0,40.0,0,0,0.0,-1,1.0,5,20,0.0,0.0,0.5,0.5,0.0,552.0,49.0,,,541.0,49.0,531.0,34.0,497.0,21.0,544.0,49.0,,,,,,,,0.0,0.0,0.0,0.0,0.0,0.0,0.0,0.0,0.0,27,0.0,0.0,0.0,0.0,0.0,0.0,0.0,0.0,0.0,0.0,0.0,0.0,0.0,0.0,0.0,5.0,21.0,0.0,0.0,0.0,0.0,0.0,0.0,0.0,0.0,0.0,0.0,0.0,0.0,0.0
436,Matthijs,de Ligt,De Ligt,d,Back injury - 25% chance of playing,,4.9,309,49.0,1.9,139,55.0,0.0,723.0,253.0,0,0,0.0,-1,1.0,11,361,0.0,8.8,0.1,0.1,3.3,147.0,57.0,25.0,25.0,196.0,80.0,318.0,106.0,214.0,54.0,253.0,83.0,,,,,,,,0.11,0.06,0.17,1.44,0.0,0.08,1.54,1.0,8.23,27,0.0,0.0,0.0,0.0,0.0,0.0,0.0,0.0,0.0,0.0,0.0,0.0,0.0,0.0,0.0,11.0,379.0,0.0,0.0,0.0,0.0,0.0,0.0,0.0,0.0,0.0,0.0,0.0,0.0,0.0
437,Lisandro,Martínez,Martinez,a,,,4.8,361,61.0,1.0,189,70.0,1.8,213.0,76.0,0,0,0.0,-2,2.0,1458,830,0.4,8.1,2.3,2.3,2.8,218.0,88.0,100.0,100.0,238.0,94.0,289.0,92.0,401.0,147.0,319.0,108.0,,,,,,,,0.01,0.05,0.06,0.93,0.0,0.3,1.1,0.9,7.47,27,0.0,0.0,0.0,0.0,0.0,0.0,0.0,0.0,0.0,0.0,0.0,0.0,0.0,0.0,0.0,1640.0,940.0,0.0,0.0,0.0,0.0,0.0,0.0,0.0,0.0,0.0,0.0,0.0,0.0,0.0
438,Noussair,Mazraoui,Mazraoui,a,,,4.9,318,53.0,0.2,370,135.0,0.6,316.0,110.0,0,0,0.0,-1,1.0,164,101,0.1,4.1,1.1,1.1,1.7,381.0,140.0,100.0,100.0,328.0,123.0,333.0,113.0,372.0,130.0,368.0,128.0,,,,,,,,0.01,0.05,0.06,0.8,0.0,0.2,1.21,1.21,9.44,27,0.0,0.0,0.0,0.0,0.0,0.0,0.0,0.0,0.0,0.0,0.0,0.0,0.0,0.0,0.0,174.0,114.0,0.0,0.0,0.0,0.0,0.0,0.0,0.0,0.0,0.0,0.0,0.0,0.0,0.0
439,Diego,León Blanco,D.Leon,a,,,4.2,649,156.0,0.1,568,204.0,0.0,548.0,230.0,0,0,0.0,-3,3.0,8,14,0.0,0.0,0.5,0.5,0.0,641.0,248.0,,,631.0,248.0,626.0,247.0,600.0,246.0,634.0,248.0,,,,,,,,0.0,0.0,0.0,0.0,0.0,0.0,0.0,0.0,0.0,27,0.0,0.0,0.0,0.0,0.0,0.0,0.0,0.0,0.0,0.0,0.0,0.0,0.0,0.0,0.0,10.0,18.0,0.0,0.0,0.0,0.0,0.0,0.0,0.0,0.0,0.0,0.0,0.0,0.0,0.0
440,Diogo,Dalot Teixeira,Dalot,a,,,4.5,419,79.0,4.6,77,25.0,3.2,92.0,34.0,0,0,0.0,0,0.0,3962,3751,0.7,19.1,3.7,3.7,3.6,109.0,40.0,100.0,100.0,102.0,46.0,67.0,13.0,202.0,50.0,103.0,27.0,,,,,,,,0.07,0.1,0.17,1.25,0.0,0.24,1.47,1.03,6.02,27,0.0,0.0,0.0,0.0,0.0,0.0,0.0,0.0,0.0,0.0,0.0,0.0,0.0,0.0,0.0,4713.0,4513.0,0.0,0.0,0.0,0.0,0.0,0.0,0.0,0.0,0.0,0.0,0.0,0.0,0.0
441,Patrick,Dorgu,Dorgu,i,Hamstring injury - Unknown return date,,4.3,617,140.0,4.2,83,28.0,1.6,226.0,82.0,0,0,0.0,-2,2.0,187,16643,0.4,17.2,0.0,0.0,3.4,130.0,46.0,0.0,0.0,100.0,45.0,60.0,11.0,89.0,8.0,70.0,14.0,,,,,,,,0.13,0.1,0.23,1.27,0.0,0.2,1.35,0.95,6.43,27,0.0,0.0,0.0,0.0,0.0,0.0,0.0,0.0,0.0,0.0,0.0,0.0,0.0,0.0,0.0,198.0,18870.0,0.0,0.0,0.0,0.0,0.0,0.0,0.0,0.0,0.0,0.0,0.0,0.0,0.0
443,Luke,Shaw,Shaw,a,,,4.5,409,73.0,0.8,208,79.0,2.0,195.0,69.0,0,0,0.0,0,0.0,695,482,0.4,13.8,2.5,2.5,2.4,287.0,110.0,,,118.0,52.0,109.0,29.0,308.0,95.0,154.0,49.0,,,,,,,,0.02,0.06,0.08,1.2,0.0,0.2,1.35,1.03,5.57,27,0.0,0.0,0.0,0.0,0.0,0.0,0.0,0.0,0.0,0.0,0.0,0.0,0.0,0.0,0.0,793.0,559.0,0.0,0.0,0.0,0.0,0.0,0.0,0.0,0.0,0.0,0.0,0.0,0.0,0.0
444,Leny,Yoro,Yoro,a,,,4.1,657,160.0,1.2,174,65.0,0.4,332.0,118.0,0,0,0.0,-4,4.0,223,320,0.1,9.0,0.9,0.9,1.6,386.0,142.0,,,251.0,102.0,313.0,105.0,274.0,78.0,305.0,99.0,,,,,,,,0.05,0.02,0.07,1.38,0.0,0.08,1.87,0.93,7.71,27,0.0,0.0,0.0,0.0,0.0,0.0,0.0,0.0,0.0,0.0,0.0,0.0,0.0,0.0,0.0,245.0,359.0,0.0,0.0,0.0,0.0,0.0,0.0,0.0,0.0,0.0,0.0,0.0,0.0,0.0
445,Harry,Amass,Amass,u,has joined Norwich City on loan for the rest of the season.,,4.0,717,194.0,0.1,538,191.0,0.0,514.0,208.0,0,0,0.0,0,0.0,0,8,0.0,0.0,0.0,0.0,0.0,618.0,233.0,0.0,0.0,607.0,232.0,600.0,232.0,569.0,227.0,610.0,232.0,,,,,,,,0.0,0.0,0.0,0.0,0.0,0.0,0.0,0.0,0.0,27,0.0,0.0,0.0,0.0,0.0,0.0,0.0,0.0,0.0,0.0,0.0,0.0,0.0,0.0,0.0,0.0,8.0,0.0,0.0,0.0,0.0,0.0,0.0,0.0,0.0,0.0,0.0,0.0,0.0,0.0
446,Tyler,Fredricson,Fredricson,a,,,3.8,805,253.0,0.1,432,160.0,0.0,419.0,164.0,0,0,0.0,-2,2.0,7,28,0.0,0.3,0.5,0.5,1.0,449.0,162.0,,,473.0,170.0,507.0,193.0,472.0,184.0,487.0,171.0,,,,,,,,0.0,0.0,0.0,13.5,0.0,0.0,0.0,0.0,90.0,27,0.0,0.0,0.0,0.0,0.0,0.0,0.0,0.0,0.0,0.0,0.0,0.0,0.0,0.0,0.0,10.0,29.0,0.0,0.0,0.0,0.0,0.0,0.0,0.0,0.0,0.0,0.0,0.0,0.0,0.0
447,Ayden,Heaven,Heaven,a,,,3.7,817,264.0,2.1,128,49.0,0.0,400.0,146.0,0,0,0.0,-3,3.0,4185,2463,0.0,7.0,0.5,0.5,2.4,284.0,108.0,100.0,100.0,270.0,109.0,377.0,135.0,357.0,118.0,350.0,120.0,,,,,,,,0.05,0.02,0.07,1.12,0.0,0.14,1.7,1.13,10.05,27,0.0,0.0,0.0,0.0,0.0,0.0,0.0,0.0,0.0,0.0,0.0,0.0,0.0,0.0,0.0,4898.0,2759.0,0.0,0.0,0.0,0.0,0.0,0.0,0.0,0.0,0.0,0.0,0.0,0.0,0.0
449,Bruno,Borges Fernandes,B.Fernandes,a,,,9.9,5,3.0,37.2,5,2.0,5.4,18.0,9.0,0,1,-1.0,9,-9.0,26442,5385,0.5,14.4,5.9,5.9,6.2,3.0,1.0,100.0,100.0,3.0,1.0,1.0,1.0,39.0,23.0,2.0,1.0,1.0,1.0,1.0,,,,,0.37,0.3,0.67,1.27,0.0,0.14,1.5,1.04,9.52,27,0.0,0.0,0.0,0.0,0.0,0.0,0.0,0.0,0.0,0.0,0.0,0.0,0.0,0.0,0.0,29951.0,7855.0,0.0,0.0,0.0,0.0,0.0,0.0,0.0,0.0,0.0,0.0,0.0,0.0,0.0
454,Antony,dos Santos,Antony,u,has joined Real Betis permanently.,,5.9,99,64.0,0.1,565,208.0,0.0,801.0,357.0,0,0,0.0,-1,1.0,0,3,0.0,0.0,0.0,0.0,0.0,809.0,361.0,0.0,0.0,809.0,361.0,809.0,361.0,808.0,361.0,809.0,361.0,,,,,,,,0.0,0.0,0.0,0.0,0.0,0.0,0.0,0.0,0.0,27,0.0,0.0,0.0,0.0,0.0,0.0,0.0,0.0,0.0,0.0,0.0,0.0,0.0,0.0,0.0,0.0,3.0,0.0,0.0,0.0,0.0,0.0,0.0,0.0,0.0,0.0,0.0,0.0,0.0,0.0
455,Mason,Mount,Mount,d,Knock - 50% chance of playing,,5.9,94,60.0,0.3,320,107.0,0.0,797.0,353.0,0,0,0.0,-1,1.0,12,189,0.0,7.8,0.2,0.2,2.7,245.0,100.0,50.0,50.0,284.0,125.0,158.0,110.0,162.0,91.0,229.0,114.0,3.0,,,,,,,0.17,0.16,0.33,1.14,0.0,0.33,1.55,1.11,6.87,27,0.0,0.0,0.0,0.0,0.0,0.0,0.0,0.0,0.0,0.0,0.0,0.0,0.0,0.0,0.0,13.0,215.0,0.0,0.0,0.0,0.0,0.0,0.0,0.0,0.0,0.0,0.0,0.0,0.0,0.0
457,Carlos Henrique,Casimiro,Casemiro,a,,,5.6,122,76.0,2.4,119,37.0,4.0,58.0,28.0,0,0,0.0,1,-1.0,5474,2725,0.7,19.6,4.5,4.5,4.6,28.0,15.0,100.0,100.0,48.0,11.0,62.0,49.0,50.0,30.0,34.0,25.0,,,,,,,,0.21,0.13,0.34,0.99,0.0,0.37,1.04,1.2,11.59,27,0.0,0.0,0.0,0.0,0.0,0.0,0.0,0.0,0.0,0.0,0.0,0.0,0.0,0.0,0.0,6104.0,3158.0,0.0,0.0,0.0,0.0,0.0,0.0,0.0,0.0,0.0,0.0,0.0,0.0,0.0
458,Kobbie,Mainoo,Mainoo,a,,,4.6,401,248.0,1.4,162,53.0,3.4,83.0,38.0,0,0,0.0,-4,4.0,3137,1231,0.7,7.0,3.9,3.9,1.9,339.0,147.0,100.0,100.0,286.0,126.0,155.0,107.0,332.0,174.0,273.0,136.0,,,,,,,,0.02,0.07,0.09,1.25,0.0,0.27,1.59,0.66,9.56,27,0.0,0.0,0.0,0.0,0.0,0.0,0.0,0.0,0.0,0.0,0.0,0.0,0.0,0.0,0.0,3830.0,1427.0,0.0,0.0,0.0,0.0,0.0,0.0,0.0,0.0,0.0,0.0,0.0,0.0,0.0
459,Manuel,Ugarte Ribeiro,Ugarte,a,,,4.7,384,240.0,0.2,413,140.0,0.4,342.0,152.0,0,0,0.0,-3,3.0,43,95,0.1,6.6,0.9,0.9,1.7,379.0,166.0,,,316.0,145.0,310.0,175.0,346.0,180.0,353.0,169.0,,,,,,,,0.04,0.02,0.06,1.75,0.0,0.12,2.41,0.84,14.68,27,0.0,0.0,0.0,0.0,0.0,0.0,0.0,0.0,0.0,0.0,0.0,0.0,0.0,0.0,0.0,52.0,111.0,0.0,0.0,0.0,0.0,0.0,0.0,0.0,0.0,0.0,0.0,0.0,0.0,0.0
460,Toby,Collyer,Collyer,u,has joined Hull City on loan for the rest of the season.,,4.5,445,266.0,0.0,659,265.0,0.0,638.0,236.0,0,0,0.0,0,0.0,0,2,0.0,0.0,0.0,0.0,0.0,707.0,283.0,0.0,0.0,700.0,277.0,698.0,281.0,682.0,274.0,703.0,280.0,,,,,,,,0.0,0.0,0.0,0.0,0.0,0.0,0.0,0.0,0.0,27,0.0,0.0,0.0,0.0,0.0,0.0,0.0,0.0,0.0,0.0,0.0,0.0,0.0,0.0,0.0,0.0,2.0,0.0,0.0,0.0,0.0,0.0,0.0,0.0,0.0,0.0,0.0,0.0,0.0,0.0
461,Jayce,Fitzgerald,Fitzgerald,a,,,4.3,611,357.0,0.0,605,232.0,0.0,570.0,195.0,0,0,0.0,-2,2.0,18,16,0.0,0.0,0.5,0.5,0.0,655.0,250.0,,,644.0,240.0,641.0,246.0,617.0,234.0,647.0,243.0,,,,,,,,0.0,0.0,0.0,0.0,0.0,0.0,0.0,0.0,0.0,27,0.0,0.0,0.0,0.0,0.0,0.0,0.0,0.0,0.0,0.0,0.0,0.0,0.0,0.0,0.0,20.0,17.0,0.0,0.0,0.0,0.0,0.0,0.0,0.0,0.0,0.0,0.0,0.0,0.0,0.0
462,Jack,Fletcher,J.Fletcher,a,,,4.3,608,354.0,0.1,503,180.0,0.0,567.0,192.0,0,0,0.0,-2,2.0,43,65,0.0,0.7,0.5,0.5,1.0,462.0,203.0,,,446.0,197.0,380.0,194.0,425.0,208.0,447.0,200.0,,,,,,,,0.03,0.02,0.05,1.56,0.0,0.0,0.0,0.0,9.25,27,0.0,0.0,0.0,0.0,0.0,0.0,0.0,0.0,0.0,0.0,0.0,0.0,0.0,0.0,0.0,49.0,74.0,0.0,0.0,0.0,0.0,0.0,0.0,0.0,0.0,0.0,0.0,0.0,0.0,0.0
463,Sékou,Koné,Kone,u,has joined Lausanne-Sport on loan for the rest of the season.,,4.3,621,364.0,0.1,512,185.0,0.0,577.0,200.0,0,0,0.0,-2,2.0,0,34,0.0,0.0,0.0,0.0,0.0,660.0,254.0,0.0,0.0,649.0,244.0,646.0,250.0,623.0,239.0,652.0,247.0,,,,,,,,0.0,0.0,0.0,0.0,0.0,0.0,0.0,0.0,0.0,27,0.0,0.0,0.0,0.0,0.0,0.0,0.0,0.0,0.0,0.0,0.0,0.0,0.0,0.0,0.0,0.0,35.0,0.0,0.0,0.0,0.0,0.0,0.0,0.0,0.0,0.0,0.0,0.0,0.0,0.0
733,Senne,Lammens,Lammens,a,,,5.0,261,9.0,2.1,129,18.0,2.4,163.0,11.0,0,0,0.0,0,0.0,2314,1065,0.5,11.8,2.9,2.9,3.0,190.0,19.0,,,121.0,18.0,781.0,91.0,450.0,2.0,293.0,18.0,,,,,,,,0.0,0.0,0.0,1.14,2.2,0.2,1.3,1.0,0.0,27,0.0,0.0,0.0,0.0,0.0,0.0,0.0,0.0,0.0,0.0,0.0,0.0,0.0,0.0,0.0,2514.0,1270.0,0.0,0.0,0.0,0.0,0.0,0.0,0.0,0.0,0.0,0.0,0.0,0.0,0.0
755,Shea,Lacey,Lacey,a,,,4.5,482,294.0,0.0,718,299.0,0.0,667.0,261.0,0,0,0.0,0,0.0,24,28,0.0,0.4,0.5,0.5,1.0,480.0,218.0,100.0,100.0,474.0,217.0,458.0,221.0,396.0,197.0,471.0,215.0,,,,,,,,0.52,0.0,0.52,0.82,0.0,0.0,0.0,0.0,7.5,27,0.0,0.0,0.0,0.0,0.0,0.0,0.0,0.0,0.0,0.0,0.0,0.0,0.0,0.0,0.0,28.0,30.0,0.0,0.0,0.0,0.0,0.0,0.0,0.0,0.0,0.0,0.0,0.0,0.0,0.0
769,Bendito,Mantato,Bendito Mantato,a,,,4.5,481,293.0,0.0,782,341.0,0.0,666.0,260.0,0,0,0.0,0,0.0,10,7,0.0,0.2,0.5,0.5,1.0,479.0,217.0,,,483.0,224.0,409.0,203.0,709.0,297.0,473.0,217.0,,,,,,,,0.0,0.06,0.06,0.3,0.0,0.0,0.0,0.0,0.0,27,0.0,0.0,0.0,0.0,0.0,0.0,0.0,0.0,0.0,0.0,0.0,0.0,0.0,0.0,0.0,10.0,7.0,0.0,0.0,0.0,0.0,0.0,0.0,0.0,0.0,0.0,0.0,0.0,0.0,0.0
52,Jacob,Ramsey,J.Ramsey,a,,,5.3,194,121.0,0.2,361,120.0,3.2,100.0,47.0,6,0,0.0,-2,2.0,538,48,0.6,5.7,3.2,2.7,1.8,370.0,164.0,100.0,100.0,301.0,136.0,165.0,114.0,221.0,123.0,256.0,129.0,,,,,,,,0.1,0.09,0.19,1.67,0.0,0.0,2.13,0.78,9.29,27,6.0,90.0,0.0,1.0,0.0,2.0,0.0,0.0,0.0,0.0,0.0,0.0,1.0,1.0,22.0,554.0,52.0,0.0,0.04999999999999993,0.1399999999999999,0.18999999999999995,1.3499999999999996,31.799999999999997,40.60000000000002,5.0,7.700000000000003,4.0,2.0,1.0,7.0
135,Yoane,Wissa,Wissa,d,Knock - 25% chance of playing,,7.3,24,9.0,0.6,233,34.0,1.0,287.0,39.0,0,0,0.0,-2,2.0,9,1309,0.1,2.5,0.2,0.1,1.6,402.0,49.0,25.0,25.0,403.0,44.0,364.0,46.0,195.0,42.0,357.0,43.0,,,,,,,,0.42,0.12,0.54,1.35,0.0,0.22,1.55,0.89,3.99,27,0.0,0.0,0.0,0.0,0.0,0.0,0.0,0.0,0.0,0.0,0.0,0.0,0.0,0.0,0.0,10.0,1547.0,0.0,0.0,0.0,0.0,0.0,0.0,0.0,0.0,0.0,0.0,0.0,0.0,0.0
469,Nick,Pope,Pope,a,,,5.1,223,6.0,4.6,79,14.0,2.0,200.0,16.0,2,0,0.0,1,-1.0,1124,1262,0.4,15.9,2.0,1.5,3.9,82.0,8.0,100.0,100.0,62.0,14.0,792.0,92.0,342.0,1.0,222.0,12.0,,,,,,,,0.01,0.0,0.01,1.19,3.12,0.34,1.39,1.01,0.0,27,2.0,90.0,0.0,0.0,0.0,2.0,0.0,0.0,0.0,0.0,0.0,5.0,1.0,0.0,20.0,1142.0,1899.0,0.0,0.16,0.0,0.16,1.3499999999999979,47.0,0.0,35.0,8.200000000000003,0.0,2.0,12.0,0.0
471,Mark,Gillespie,Gillespie,a,,,3.9,742,71.0,0.1,435,65.0,0.0,430.0,30.0,0,0,0.0,-1,1.0,12,17,0.0,0.0,0.0,-0.5,0.0,540.0,39.0,,,529.0,39.0,519.0,24.0,485.0,11.0,532.0,39.0,,,,,,,,0.0,0.0,0.0,0.0,0.0,0.0,0.0,0.0,0.0,27,0.0,0.0,0.0,0.0,0.0,0.0,0.0,0.0,0.0,0.0,0.0,0.0,0.0,0.0,0.0,13.0,19.0,0.0,0.0,0.0,0.0,0.0,0.0,0.0,0.0,0.0,0.0,0.0,0.0,0.0
472,Odysseas,Vlachodimos,Odysseas,u,Has joined Sevilla on loan for the rest of the season.,,4.0,665,44.0,0.0,712,82.0,0.0,468.0,55.0,0,0,0.0,0,0.0,0,1,0.0,0.0,0.0,0.0,0.0,576.0,64.0,0.0,0.0,565.0,64.0,557.0,51.0,524.0,38.0,568.0,64.0,,,,,,,,0.0,0.0,0.0,0.0,0.0,0.0,0.0,0.0,0.0,27,0.0,0.0,0.0,0.0,0.0,0.0,0.0,0.0,0.0,0.0,0.0,0.0,0.0,0.0,0.0,0.0,1.0,0.0,0.0,0.0,0.0,0.0,0.0,0.0,0.0,0.0,0.0,0.0,0.0,0.0
473,Lewis,Hall,Hall,a,,,5.3,202,25.0,2.4,118,47.0,2.4,167.0,57.0,7,0,0.0,-2,2.0,5943,1478,0.5,11.9,2.4,1.9,3.1,176.0,68.0,100.0,100.0,104.0,47.0,111.0,30.0,220.0,55.0,128.0,41.0,4.0,,,,,,,0.04,0.12,0.16,1.37,0.0,0.19,1.68,0.97,8.03,27,7.0,90.0,1.0,0.0,0.0,2.0,0.0,0.0,0.0,0.0,0.0,0.0,1.0,0.0,17.0,6022.0,2605.0,0.0,0.06000000000000005,0.010000000000000009,0.07000000000000028,1.3500000000000014,52.0,2.799999999999983,10.0,6.5,4.0,4.0,8.0,8.0
474,Fabian,Schär,Schär,i,Ankle injury - Expected back 18 Apr,,5.2,207,27.0,1.2,177,67.0,0.0,766.0,260.0,0,0,0.0,-3,3.0,14,613,0.0,9.8,0.0,0.0,3.2,159.0,64.0,0.0,0.0,185.0,76.0,309.0,103.0,228.0,59.0,250.0,81.0,,3.0,4.0,,,,,0.08,0.05,0.13,1.14,0.0,0.33,1.07,0.91,9.5,27,0.0,0.0,0.0,0.0,0.0,0.0,0.0,0.0,0.0,0.0,0.0,0.0,0.0,0.0,0.0,15.0,676.0,0.0,0.0,0.0,0.0,0.0,0.0,0.0,0.0,0.0,0.0,0.0,0.0,0.0
475,Sven,Botman,Botman,d,Back injury - 75% chance of playing,,4.9,314,50.0,0.4,285,105.0,2.4,159.0,55.0,0,0,0.0,-1,1.0,12,436,0.5,10.8,1.8,1.4,3.5,120.0,43.0,75.0,75.0,152.0,67.0,337.0,115.0,199.0,49.0,234.0,78.0,,,,,,,,0.11,0.02,0.13,1.24,0.0,0.34,1.44,1.02,8.92,27,0.0,0.0,0.0,0.0,0.0,0.0,0.0,0.0,0.0,0.0,0.0,0.0,0.0,0.0,0.0,14.0,478.0,0.0,0.0,0.0,0.0,0.0,0.0,0.0,0.0,0.0,0.0,0.0,0.0,0.0
490,Joelinton Cássio,Apolinário de Lira,Joelinton,a,,,5.9,93,59.0,0.3,330,113.0,0.0,796.0,352.0,0,0,0.0,-1,1.0,276,112,0.0,9.5,0.0,-0.5,2.8,228.0,94.0,100.0,100.0,210.0,91.0,130.0,89.0,83.0,50.0,133.0,71.0,,,,,,,,0.11,0.06,0.17,1.15,0.0,0.32,1.16,1.1,11.23,27,0.0,30.0,0.0,0.0,0.0,0.0,0.0,0.0,0.0,1.0,0.0,0.0,0.0,0.0,238.0,291.0,127.0,0.0,0.030000000000000027,0.010000000000000009,0.03999999999999959,0.5700000000000003,0.0,13.0,6.0,1.7999999999999972,1.0,1.0,1.0,3.0
491,Sandro,Tonali,Tonali,a,,,5.3,197,122.0,1.0,187,65.0,2.2,183.0,82.0,2,0,0.0,-2,2.0,1159,417,0.4,11.9,2.2,1.7,2.3,298.0,130.0,100.0,100.0,190.0,77.0,64.0,51.0,166.0,93.0,122.0,69.0,1.0,1.0,,,,,,0.07,0.09,0.16,1.15,0.0,0.34,1.31,1.11,9.55,27,2.0,90.0,0.0,0.0,0.0,2.0,0.0,0.0,0.0,0.0,0.0,0.0,1.0,0.0,15.0,1233.0,472.0,0.0,0.0,0.17999999999999994,0.17999999999999972,1.3499999999999979,10.0,26.30000000000001,2.0,3.799999999999997,1.0,1.0,5.0,7.0
492,Antoñito,Cordero Campillo,Antoñito C.,u,has joined Cadiz on loan for the rest of the season.,,4.9,350,218.0,0.0,674,274.0,0.0,744.0,316.0,0,0,0.0,-1,1.0,0,3,0.0,0.0,0.0,0.0,0.0,779.0,339.0,0.0,0.0,778.0,338.0,775.0,339.0,771.0,337.0,779.0,339.0,,,,,,,,0.0,0.0,0.0,0.0,0.0,0.0,0.0,0.0,0.0,27,0.0,0.0,0.0,0.0,0.0,0.0,0.0,0.0,0.0,0.0,0.0,0.0,0.0,0.0,0.0,0.0,3.0,0.0,0.0,0.0,0.0,0.0,0.0,0.0,0.0,0.0,0.0,0.0,0.0,0.0
494,Joe,Willock,Willock,a,,,5.0,248,150.0,0.1,500,179.0,1.2,258.0,114.0,0,0,0.0,0,0.0,96,62,0.2,4.0,1.2,0.7,1.2,439.0,197.0,100.0,100.0,401.0,178.0,279.0,162.0,254.0,138.0,354.0,170.0,,,,,,,,0.14,0.06,0.2,1.72,0.0,0.36,1.97,1.08,9.5,27,0.0,59.0,0.0,0.0,0.0,2.0,0.0,0.0,0.0,1.0,0.0,0.0,1.0,0.0,78.0,98.0,65.0,0.0,0.07000000000000006,0.009999999999999953,0.07999999999999985,0.7899999999999991,0.0,3.3999999999999915,22.0,2.5,0.0,0.0,5.0,5.0
495,Isaac,Hayden,Hayden,u,Has departed the club as a free agent.,,4.5,411,251.0,0.0,763,327.0,0.0,617.0,222.0,0,0,0.0,0,0.0,0,1,0.0,0.0,0.0,0.0,0.0,690.0,270.0,0.0,0.0,683.0,264.0,678.0,268.0,659.0,260.0,686.0,267.0,,,,,,,,0.0,0.0,0.0,0.0,0.0,0.0,0.0,0.0,0.0,27,0.0,0.0,0.0,0.0,0.0,0.0,0.0,0.0,0.0,0.0,0.0,0.0,0.0,0.0,0.0,0.0,1.0,0.0,0.0,0.0,0.0,0.0,0.0,0.0,0.0,0.0,0.0,0.0,0.0,0.0
496,Garang,Kuol,Kuol,u,has joined Sparta Prague permanently.,,4.4,558,333.0,0.0,629,246.0,0.0,602.0,213.0,0,0,0.0,-1,1.0,0,2,0.0,0.0,0.0,0.0,0.0,679.0,264.0,0.0,0.0,670.0,256.0,666.0,261.0,646.0,252.0,673.0,259.0,,,,,,,,0.0,0.0,0.0,0.0,0.0,0.0,0.0,0.0,0.0,27,0.0,0.0,0.0,0.0,0.0,0.0,0.0,0.0,0.0,0.0,0.0,0.0,0.0,0.0,0.0,0.0,2.0,0.0,0.0,0.0,0.0,0.0,0.0,0.0,0.0,0.0,0.0,0.0,0.0,0.0
497,Lewis,Miley,L.Miley,i,Dead leg - Expected back 04 Mar,,4.5,464,281.0,2.6,114,34.0,0.4,339.0,150.0,0,0,0.0,0,0.0,95,5590,0.1,12.9,0.0,0.0,3.1,171.0,74.0,0.0,0.0,197.0,81.0,141.0,96.0,198.0,108.0,191.0,99.0,,,,,,,,0.11,0.16,0.27,1.08,0.0,0.16,1.27,0.87,9.77,27,0.0,0.0,0.0,0.0,0.0,0.0,0.0,0.0,0.0,0.0,0.0,0.0,0.0,0.0,0.0,116.0,6724.0,0.0,0.0,0.0,0.0,0.0,0.0,0.0,0.0,0.0,0.0,0.0,0.0,0.0
501,Sean,Neave,Neave,a,,,4.3,618,87.0,0.3,340,57.0,0.0,575.0,58.0,0,0,0.0,-2,2.0,126,115,0.0,0.0,0.0,-0.5,0.0,658.0,67.0,,,647.0,67.0,644.0,66.0,621.0,66.0,650.0,67.0,,,,,,,,0.0,0.0,0.0,0.0,0.0,0.0,0.0,0.0,0.0,27,0.0,0.0,0.0,0.0,0.0,0.0,0.0,0.0,0.0,0.0,0.0,0.0,0.0,0.0,0.0,158.0,126.0,0.0,0.0,0.0,0.0,0.0,0.0,0.0,0.0,0.0,0.0,0.0,0.0,0.0
674,Aaron,Ramsdale,Ramsdale,a,,,4.8,363,14.0,0.7,226,29.0,0.0,711.0,92.0,0,0,0.0,-2,2.0,96,241,0.0,2.3,0.0,-0.5,1.6,391.0,30.0,,,349.0,27.0,424.0,10.0,749.0,84.0,403.0,26.0,,,,,,,,0.0,0.0,0.0,1.3,1.63,0.0,1.63,0.98,0.0,27,0.0,0.0,0.0,0.0,0.0,0.0,0.0,0.0,0.0,0.0,0.0,0.0,0.0,0.0,0.0,102.0,295.0,0.0,0.0,0.0,0.0,0.0,0.0,0.0,0.0,0.0,0.0,0.0,0.0,0.0
684,Malick,Thiaw,Thiaw,a,,,5.0,262,40.0,4.3,82,27.0,3.2,98.0,35.0,3,0,0.0,0,0.0,7498,5284,0.6,20.0,3.2,2.7,4.2,53.0,23.0,,,17.0,8.0,267.0,83.0,71.0,4.0,65.0,11.0,,,,,,,,0.12,0.03,0.15,1.36,0.0,0.18,1.6,1.02,9.24,27,3.0,90.0,0.0,0.0,0.0,2.0,0.0,0.0,0.0,0.0,0.0,0.0,1.0,0.0,15.0,7878.0,6559.0,0.0,0.010000000000000231,0.0,0.010000000000000231,1.3499999999999979,26.40000000000009,0.4000000000000057,17.0,4.3999999999999915,3.0,7.0,2.0,10.0
689,Seung-Soo,Park,Seung soo,a,,,4.3,622,365.0,0.5,262,90.0,0.0,578.0,201.0,0,0,0.0,-2,2.0,1465,626,0.0,0.0,0.0,-0.5,0.0,661.0,255.0,,,650.0,245.0,647.0,251.0,624.0,240.0,653.0,248.0,,,,,,,,0.0,0.0,0.0,0.0,0.0,0.0,0.0,0.0,0.0,27,0.0,0.0,0.0,0.0,0.0,0.0,0.0,0.0,0.0,0.0,0.0,0.0,0.0,0.0,0.0,1615.0,681.0,0.0,0.0,0.0,0.0,0.0,0.0,0.0,0.0,0.0,0.0,0.0,0.0,0.0
765,Leo,Shahar,Shahar,a,,,4.0,712,189.0,0.0,661,232.0,0.0,509.0,203.0,0,0,0.0,0,0.0,29,45,0.0,0.0,0.0,-0.5,0.0,614.0,229.0,,,603.0,228.0,596.0,228.0,565.0,223.0,606.0,228.0,,,,,,,,0.0,0.0,0.0,0.0,0.0,0.0,0.0,0.0,0.0,27,0.0,0.0,0.0,0.0,0.0,0.0,0.0,0.0,0.0,0.0,0.0,0.0,0.0,0.0,0.0,33.0,47.0,0.0,0.0,0.0,0.0,0.0,0.0,0.0,0.0,0.0,0.0,0.0,0.0,0.0
772,Sam,Alabi,Alabi,a,,,4.5,513,316.0,0.0,781,340.0,0.0,693.0,280.0,0,0,0.0,0,0.0,15,5,0.0,0.0,0.0,-0.5,0.0,752.0,319.0,,,751.0,318.0,746.0,319.0,733.0,315.0,752.0,319.0,,,,,,,,0.0,0.0,0.0,0.0,0.0,0.0,0.0,0.0,0.0,27,0.0,0.0,0.0,0.0,0.0,0.0,0.0,0.0,0.0,0.0,0.0,0.0,0.0,0.0,0.0,16.0,7.0,0.0,0.0,0.0,0.0,0.0,0.0,0.0,0.0,0.0,0.0,0.0,0.0,0.0
426,James,McAtee,McAtee,a,,,5.0,257,157.0,0.1,496,178.0,0.2,380.0,167.0,1,0,0.0,-5,5.0,24,21,0.0,1.4,0.2,-0.3,0.9,505.0,238.0,,,449.0,200.0,348.0,186.0,403.0,200.0,433.0,195.0,,,,,,,,0.01,0.09,0.1,2.25,0.0,0.0,4.24,0.53,5.82,27,1.0,1.0,0.0,0.0,0.0,1.0,0.0,0.0,0.0,0.0,0.0,0.0,0.0,0.0,3.0,24.0,26.0,0.0,0.0,0.0,0.0,0.69,0.0,0.0,2.0,0.20000000000000018,0.0,0.0,0.0,0.0
502,Matz,Sels,Sels,i,Groin Injury - Unknown return date,,4.6,395,18.0,4.9,72,12.0,1.4,241.0,19.0,0,0,0.0,-4,4.0,18,4381,0.3,13.3,0.0,0.0,3.0,188.0,18.0,0.0,0.0,87.0,15.0,422.0,8.0,738.0,79.0,264.0,16.0,,,,,,,,0.0,0.0,0.0,1.52,2.95,0.21,1.45,1.02,0.0,27,0.0,0.0,0.0,0.0,0.0,0.0,0.0,0.0,0.0,0.0,0.0,0.0,0.0,0.0,0.0,20.0,5122.0,0.0,0.0,0.0,0.0,0.0,0.0,0.0,0.0,0.0,0.0,0.0,0.0,0.0
503,Carlos Miguel,dos Santos Pereira,C.Miguel,u,Has joined Palmeiras permanently.,,4.0,689,56.0,0.1,548,76.0,0.0,488.0,67.0,0,0,0.0,0,0.0,0,5,0.0,0.0,0.0,0.0,0.0,595.0,75.0,0.0,0.0,584.0,75.0,577.0,63.0,545.0,50.0,587.0,75.0,,,,,,,,0.0,0.0,0.0,0.0,0.0,0.0,0.0,0.0,0.0,27,0.0,0.0,0.0,0.0,0.0,0.0,0.0,0.0,0.0,0.0,0.0,0.0,0.0,0.0,0.0,0.0,5.0,0.0,0.0,0.0,0.0,0.0,0.0,0.0,0.0,0.0,0.0,0.0,0.0,0.0
504,Matt,Turner,Turner,u,Has joined Lyon permanently.,,4.0,673,47.0,0.1,519,75.0,0.0,475.0,58.0,0,0,0.0,0,0.0,0,9,0.0,0.0,0.0,0.0,0.0,582.0,66.0,0.0,0.0,571.0,66.0,564.0,54.0,532.0,41.0,574.0,66.0,,,,,,,,0.0,0.0,0.0,0.0,0.0,0.0,0.0,0.0,0.0,27,0.0,0.0,0.0,0.0,0.0,0.0,0.0,0.0,0.0,0.0,0.0,0.0,0.0,0.0,0.0,0.0,10.0,0.0,0.0,0.0,0.0,0.0,0.0,0.0,0.0,0.0,0.0,0.0,0.0,0.0
506,Murillo,Costa dos Santos,Murillo,a,,,5.2,220,29.0,1.9,136,53.0,2.4,165.0,56.0,2,0,0.0,-3,3.0,1364,695,0.5,12.7,2.4,1.9,3.5,125.0,45.0,100.0,100.0,76.0,35.0,249.0,73.0,276.0,80.0,193.0,62.0,,3.0,,,,,,0.03,0.02,0.05,1.45,0.0,0.22,1.32,1.04,9.66,27,2.0,90.0,0.0,0.0,0.0,1.0,0.0,0.0,0.0,0.0,0.0,0.0,1.0,0.0,15.0,1453.0,840.0,0.0,0.09999999999999998,0.020000000000000018,0.12,1.759999999999998,27.399999999999977,11.799999999999997,6.0,4.5,1.0,8.0,6.0,9.0
507,Ola,Aina,Aina,a,,,4.7,379,63.0,2.3,125,48.0,4.4,41.0,12.0,1,0,0.0,-3,3.0,1207,1229,0.9,7.7,4.4,3.9,3.3,145.0,56.0,100.0,100.0,276.0,111.0,231.0,61.0,309.0,96.0,307.0,101.0,,,,,,,,0.03,0.06,0.09,1.64,0.0,0.28,1.21,1.02,6.97,27,1.0,90.0,0.0,0.0,0.0,1.0,0.0,0.0,0.0,1.0,0.0,0.0,1.0,0.0,8.0,1397.0,1450.0,0.0,0.0,0.010000000000000009,0.010000000000000009,1.7599999999999998,8.199999999999989,3.200000000000003,0.0,1.1000000000000014,1.0,4.0,6.0,5.0
508,Neco,Williams,N.Williams,a,,,4.7,383,64.0,2.9,110,45.0,3.6,71.0,26.0,4,0,0.0,-3,3.0,590,821,0.8,17.7,3.6,3.1,3.2,156.0,63.0,100.0,100.0,38.0,14.0,47.0,5.0,91.0,9.0,38.0,3.0,4.0,,,,,,,0.06,0.11,0.17,1.4,0.0,0.24,1.41,1.02,7.1,27,4.0,90.0,0.0,0.0,0.0,1.0,0.0,0.0,0.0,0.0,0.0,0.0,1.0,0.0,12.0,644.0,1034.0,0.0,0.010000000000000009,0.009999999999999787,0.019999999999999574,1.759999999999998,21.799999999999955,3.2999999999999545,1.0,2.6000000000000085,0.0,14.0,5.0,14.0
509,David,Mota Veiga Teixeira do Carmo,David Carmo,u,has joined Real Oviedo on loan for the rest of the season.,,4.5,434,86.0,0.0,675,235.0,0.0,632.0,246.0,0,0,0.0,0,0.0,0,0,0.0,0.0,0.0,0.0,0.0,701.0,257.0,0.0,0.0,694.0,256.0,691.0,256.0,674.0,256.0,697.0,256.0,,,,,,,,0.0,0.0,0.0,0.0,0.0,0.0,0.0,0.0,0.0,27,0.0,0.0,0.0,0.0,0.0,0.0,0.0,0.0,0.0,0.0,0.0,0.0,0.0,0.0,0.0,0.0,0.0,0.0,0.0,0.0,0.0,0.0,0.0,0.0,0.0,0.0,0.0,0.0,0.0,0.0
510,Jair,Paula da Cunha Filho,Jair Cunha,a,,,4.2,645,155.0,0.1,555,199.0,0.0,544.0,229.0,0,0,0.0,-3,3.0,12,19,0.0,0.7,0.0,-0.5,3.0,184.0,72.0,,,434.0,161.0,474.0,174.0,597.0,245.0,461.0,166.0,,,,,,,,0.0,0.0,0.0,3.28,0.0,0.0,2.0,1.0,11.0,27,0.0,0.0,0.0,0.0,0.0,0.0,0.0,0.0,0.0,0.0,0.0,0.0,0.0,0.0,0.0,12.0,20.0,0.0,0.0,0.0,0.0,0.0,0.0,0.0,0.0,0.0,0.0,0.0,0.0,0.0
513,Zach,Abbott,Abbott,a,,,3.8,807,255.0,0.3,334,120.0,0.2,358.0,129.0,0,0,0.0,-2,2.0,140,93,0.1,0.5,0.2,-0.3,1.0,450.0,163.0,,,437.0,163.0,437.0,158.0,474.0,186.0,456.0,164.0,,,,,,,,0.0,0.01,0.01,2.35,0.0,0.0,3.0,0.75,7.5,27,0.0,0.0,0.0,0.0,0.0,0.0,0.0,0.0,0.0,0.0,0.0,0.0,0.0,0.0,0.0,153.0,96.0,0.0,0.0,0.0,0.0,0.0,0.0,0.0,0.0,0.0,0.0,0.0,0.0,0.0
515,Morgan,Gibbs-White,Gibbs-White,a,,,7.3,26,16.0,3.4,96,31.0,4.2,52.0,25.0,2,0,0.0,-2,2.0,2352,3973,0.6,14.4,4.2,3.7,3.9,86.0,42.0,100.0,100.0,77.0,23.0,13.0,13.0,25.0,12.0,18.0,14.0,,2.0,2.0,,,,,0.26,0.08,0.34,1.47,0.0,0.27,1.37,1.02,5.13,27,2.0,90.0,0.0,0.0,1.0,0.0,0.0,0.0,0.0,1.0,0.0,0.0,1.0,0.0,6.0,2500.0,5242.0,0.0,0.21999999999999975,0.040000000000000036,0.2599999999999998,1.0700000000000003,11.0,45.700000000000045,16.0,7.299999999999983,0.0,2.0,4.0,6.0
516,Callum,Hudson-Odoi,Hudson-Odoi,a,,,5.7,115,72.0,0.7,222,77.0,2.4,169.0,76.0,3,0,0.0,-3,3.0,331,403,0.4,11.9,2.4,1.9,2.7,243.0,99.0,100.0,100.0,191.0,78.0,28.0,26.0,73.0,44.0,57.0,37.0,,,,,,,,0.16,0.12,0.28,1.52,0.0,0.29,1.35,1.0,5.34,27,3.0,65.0,0.0,0.0,1.0,0.0,0.0,0.0,0.0,0.0,0.0,0.0,1.0,0.0,15.0,356.0,510.0,0.0,0.54,0.15999999999999992,0.7000000000000002,0.5399999999999991,12.0,34.80000000000001,21.0,6.799999999999997,0.0,0.0,6.0,6.0
517,Elliot,Anderson,Anderson,a,,,5.4,169,103.0,6.1,60,21.0,5.2,22.0,10.0,5,0,0.0,-1,1.0,14549,2847,1.0,21.9,5.2,4.7,4.4,39.0,19.0,,,27.0,6.0,6.0,6.0,108.0,66.0,17.0,13.0,2.0,,4.0,,,,,0.08,0.11,0.19,1.42,0.0,0.26,1.42,1.01,14.19,27,5.0,76.0,0.0,0.0,1.0,0.0,0.0,0.0,0.0,0.0,0.0,0.0,1.0,0.0,22.0,15578.0,4175.0,0.0,0.10999999999999988,0.040000000000000036,0.15000000000000036,0.5400000000000063,18.800000000000068,35.30000000000007,9.0,6.300000000000011,3.0,4.0,12.0,19.0
518,João Pedro,Ferreira da Silva,Jota,u,has joined Besiktas on loan for the rest of the season.,,5.4,180,111.0,0.0,618,240.0,0.0,784.0,343.0,0,0,0.0,-1,1.0,0,3,0.0,0.2,0.0,0.0,1.0,501.0,236.0,0.0,0.0,471.0,215.0,473.0,229.0,433.0,215.0,478.0,222.0,,,,,,,,0.0,0.0,0.0,0.0,0.0,0.0,0.0,0.0,24.55,27,0.0,0.0,0.0,0.0,0.0,0.0,0.0,0.0,0.0,0.0,0.0,0.0,0.0,0.0,0.0,0.0,3.0,0.0,0.0,0.0,0.0,0.0,0.0,0.0,0.0,0.0,0.0,0.0,0.0,0.0
519,Nicolás,Domínguez,Dominguez,a,,,5.0,256,156.0,0.0,626,244.0,1.2,259.0,115.0,1,0,0.0,0,0.0,12,45,0.2,6.8,1.2,0.7,2.0,329.0,145.0,100.0,100.0,273.0,117.0,198.0,131.0,219.0,122.0,263.0,130.0,3.0,,,,,,,0.12,0.04,0.16,1.75,0.0,0.33,1.75,1.31,9.4,27,1.0,13.0,0.0,0.0,0.0,1.0,0.0,0.0,0.0,0.0,0.0,0.0,0.0,0.0,9.0,13.0,53.0,0.0,0.0,0.0,0.0,1.2300000000000004,7.400000000000006,0.5999999999999943,0.0,0.8000000000000043,3.0,1.0,0.0,4.0
520,Lewis,O'Brien,O'Brien,u,Has joined Wrexham permanently.,,5.0,254,155.0,0.0,814,364.0,0.0,748.0,318.0,0,0,0.0,0,0.0,0,0,0.0,0.0,0.0,0.0,0.0,782.0,341.0,0.0,0.0,781.0,340.0,779.0,341.0,776.0,339.0,782.0,341.0,,,,,,,,0.0,0.0,0.0,0.0,0.0,0.0,0.0,0.0,0.0,27,0.0,0.0,0.0,0.0,0.0,0.0,0.0,0.0,0.0,0.0,0.0,0.0,0.0,0.0,0.0,0.0,0.0,0.0,0.0,0.0,0.0,0.0,0.0,0.0,0.0,0.0,0.0,0.0,0.0,0.0
521,Ibrahim,Sangaré,Sangaré,a,,,4.9,310,193.0,0.1,544,199.0,3.0,112.0,51.0,4,0,0.0,-1,1.0,75,41,0.6,13.3,3.0,2.5,3.4,134.0,60.0,100.0,100.0,176.0,69.0,210.0,137.0,224.0,124.0,216.0,106.0,,,,,,,,0.07,0.09,0.16,1.49,0.0,0.38,1.15,1.09,10.96,27,4.0,90.0,0.0,0.0,0.0,1.0,0.0,0.0,0.0,0.0,0.0,0.0,1.0,0.0,19.0,77.0,54.0,0.0,0.050000000000000044,0.1499999999999999,0.20000000000000018,1.759999999999998,12.600000000000023,16.0,2.0,3.1000000000000014,6.0,1.0,9.0,16.0
522,Ryan,Yates,Yates,a,,,4.7,382,239.0,0.1,550,200.0,0.4,341.0,151.0,0,0,0.0,-3,3.0,14,22,0.1,3.6,0.4,-0.1,1.3,428.0,191.0,100.0,100.0,382.0,169.0,341.0,185.0,354.0,185.0,384.0,180.0,,,,,,,,0.02,0.05,0.07,0.9,0.0,0.0,1.23,0.25,8.83,27,0.0,0.0,0.0,0.0,0.0,0.0,0.0,0.0,0.0,0.0,0.0,0.0,0.0,0.0,0.0,17.0,23.0,0.0,0.0,0.0,0.0,0.0,0.0,0.0,0.0,0.0,0.0,0.0,0.0,0.0
523,Eric,da Silva Moreira,Da Silva Moreira,a,,,4.5,475,289.0,0.1,573,212.0,0.0,661.0,256.0,0,0,0.0,0,0.0,26,15,0.0,0.0,0.0,-0.5,0.0,725.0,299.0,100.0,100.0,721.0,296.0,717.0,298.0,703.0,293.0,723.0,298.0,,,,,,,,0.0,0.0,0.0,0.0,0.0,0.0,0.0,0.0,0.0,27,0.0,0.0,0.0,0.0,0.0,0.0,0.0,0.0,0.0,0.0,0.0,0.0,0.0,0.0,0.0,29.0,15.0,0.0,0.0,0.0,0.0,0.0,0.0,0.0,0.0,0.0,0.0,0.0,0.0,0.0
524,Marko,Stamenić,Stamenic,u,Has joined Swansea City permanently.,,4.5,451,269.0,0.0,690,284.0,0.0,641.0,239.0,0,0,0.0,0,0.0,0,2,0.0,0.0,0.0,0.0,0.0,709.0,285.0,0.0,0.0,703.0,280.0,700.0,283.0,684.0,276.0,705.0,282.0,,,,,,,,0.0,0.0,0.0,0.0,0.0,0.0,0.0,0.0,0.0,27,0.0,0.0,0.0,0.0,0.0,0.0,0.0,0.0,0.0,0.0,0.0,0.0,0.0,0.0,0.0,0.0,2.0,0.0,0.0,0.0,0.0,0.0,0.0,0.0,0.0,0.0,0.0,0.0,0.0,0.0
525,Chris,Wood,Wood,i,Knee injury - Unknown return date,,7.2,28,11.0,4.6,78,14.0,0.0,815.0,91.0,0,0,0.0,-3,3.0,18,503,0.0,3.5,0.0,0.0,3.1,180.0,17.0,0.0,0.0,374.0,38.0,338.0,40.0,145.0,34.0,325.0,37.0,,,1.0,,,,,0.47,0.02,0.49,1.31,0.0,0.17,1.34,1.17,2.34,27,0.0,0.0,0.0,0.0,0.0,0.0,0.0,0.0,0.0,0.0,0.0,0.0,0.0,0.0,0.0,19.0,535.0,0.0,0.0,0.0,0.0,0.0,0.0,0.0,0.0,0.0,0.0,0.0,0.0,0.0
526,Igor Jesus,Maciel da Cruz,Igor Jesus,a,,,5.8,110,32.0,1.3,170,29.0,3.0,119.0,13.0,2,0,0.0,-2,2.0,1305,2119,0.5,10.5,3.0,2.5,2.3,302.0,33.0,100.0,100.0,277.0,25.0,224.0,23.0,27.0,14.0,142.0,18.0,,,3.0,,,,,0.25,0.05,0.3,1.56,0.0,0.36,1.62,1.08,4.37,27,2.0,76.0,0.0,0.0,1.0,0.0,0.0,0.0,0.0,0.0,0.0,0.0,1.0,0.0,3.0,1418.0,2796.0,0.0,0.03000000000000025,0.010000000000000009,0.040000000000000036,0.5399999999999991,0.4000000000000057,2.299999999999997,6.0,0.8999999999999915,0.0,1.0,2.0,3.0
696,Arnaud,Kalimuendo,Kalimuendo,u,has joined Eintracht Frankfurt on loan for the rest of the season.,,6.0,89,28.0,0.1,445,66.0,0.0,803.0,87.0,0,0,0.0,0,0.0,0,27,0.0,1.5,0.0,0.0,1.0,503.0,61.0,0.0,0.0,464.0,56.0,395.0,51.0,335.0,52.0,438.0,56.0,,,,,,,,0.44,0.02,0.46,1.59,0.0,0.0,3.03,0.0,6.07,27,0.0,0.0,0.0,0.0,0.0,0.0,0.0,0.0,0.0,0.0,0.0,0.0,0.0,0.0,0.0,0.0,28.0,0.0,0.0,0.0,0.0,0.0,0.0,0.0,0.0,0.0,0.0,0.0,0.0,0.0
715,John Victor,Maciel Furtado,John,i,Knee injury - Expected back 01 Jun,,4.0,671,46.0,0.3,296,39.0,0.0,473.0,57.0,0,0,0.0,0,0.0,24,222,0.0,2.8,0.0,0.0,2.2,305.0,26.0,0.0,0.0,399.0,30.0,562.0,53.0,530.0,40.0,439.0,30.0,,,,,,,,0.0,0.0,0.0,1.26,1.24,0.21,1.65,1.03,0.0,27,0.0,0.0,0.0,0.0,0.0,0.0,0.0,0.0,0.0,0.0,0.0,0.0,0.0,0.0,0.0,25.0,248.0,0.0,0.0,0.0,0.0,0.0,0.0,0.0,0.0,0.0,0.0,0.0,0.0,0.0
716,Nicolò,Savona,Savona,i,Knee injury - Unknown return date,,4.5,453,92.0,0.1,546,195.0,0.0,643.0,247.0,0,0,0.0,0,0.0,3,93,0.0,8.7,0.0,0.0,2.8,215.0,86.0,0.0,0.0,241.0,96.0,218.0,55.0,243.0,66.0,261.0,87.0,,,,,,,,0.12,0.04,0.16,1.32,0.0,0.26,1.58,0.97,5.0,27,0.0,0.0,0.0,0.0,0.0,0.0,0.0,0.0,0.0,0.0,0.0,0.0,0.0,0.0,0.0,3.0,107.0,0.0,0.0,0.0,0.0,0.0,0.0,0.0,0.0,0.0,0.0,0.0,0.0,0.0
729,Luis Eduardo,Soares da Silva,Cuiabano,u,has joined Vasco de Gama on loan for the rest of the season.,,4.5,474,94.0,0.0,811,265.0,0.0,660.0,248.0,0,0,0.0,0,0.0,0,1,0.0,0.0,0.0,0.0,0.0,724.0,258.0,0.0,0.0,720.0,257.0,716.0,257.0,702.0,257.0,722.0,257.0,,,,,,,,0.0,0.0,0.0,0.0,0.0,0.0,0.0,0.0,0.0,27,0.0,0.0,0.0,0.0,0.0,0.0,0.0,0.0,0.0,0.0,0.0,0.0,0.0,0.0,0.0,0.0,1.0,0.0,0.0,0.0,0.0,0.0,0.0,0.0,0.0,0.0,0.0,0.0,0.0,0.0
805,Lorenzo,Lucca,Lucca,a,,,5.5,149,37.0,0.0,656,84.0,2.0,203.0,27.0,1,0,0.0,0,0.0,66,150,0.4,1.5,2.0,1.5,2.7,242.0,26.0,,,419.0,49.0,406.0,54.0,352.0,53.0,428.0,55.0,,,,,,,,0.54,0.01,0.55,1.44,0.0,0.76,0.76,0.76,3.78,27,1.0,13.0,0.0,0.0,0.0,1.0,0.0,0.0,0.0,0.0,0.0,0.0,0.0,0.0,5.0,77.0,170.0,0.0,0.0,0.01,0.010000000000000009,1.23,5.200000000000003,10.700000000000001,4.0,2.0,0.0,2.0,0.0,2.0
814,Luca,Netz,Netz,a,,,4.5,441,87.0,0.0,797,264.0,0.3,355.0,127.0,0,0,0.0,0,0.0,10,12,0.1,0.2,0.3,-0.2,1.0,473.0,171.0,,,494.0,175.0,464.0,171.0,443.0,165.0,489.0,172.0,,,,,,,,0.0,2.31,2.31,0.0,0.0,0.0,0.0,0.0,0.0,27,0.0,0.0,0.0,0.0,0.0,0.0,0.0,0.0,0.0,0.0,0.0,0.0,0.0,0.0,0.0,10.0,12.0,0.0,0.0,0.0,0.0,0.0,0.0,0.0,0.0,0.0,0.0,0.0,0.0,0.0
528,Anthony,Patterson,Patterson,u,has joined Millwall on loan for the rest of the season.,,4.2,634,34.0,0.2,403,60.0,0.0,539.0,82.0,0,0,0.0,-3,3.0,0,69,0.0,0.0,0.0,0.0,0.0,636.0,88.0,0.0,0.0,626.0,88.0,620.0,78.0,593.0,66.0,629.0,88.0,,,,,,,,0.0,0.0,0.0,0.0,0.0,0.0,0.0,0.0,0.0,27,0.0,0.0,0.0,0.0,0.0,0.0,0.0,0.0,0.0,0.0,0.0,0.0,0.0,0.0,0.0,0.0,73.0,0.0,0.0,0.0,0.0,0.0,0.0,0.0,0.0,0.0,0.0,0.0,0.0,0.0
529,Simon,Moore,Moore,a,,,3.9,740,69.0,0.4,290,38.0,0.0,428.0,28.0,0,0,0.0,-1,1.0,37,49,0.0,0.0,0.0,0.0,0.0,538.0,37.0,,,527.0,37.0,517.0,22.0,483.0,9.0,530.0,37.0,,,,,,,,0.0,0.0,0.0,0.0,0.0,0.0,0.0,0.0,0.0,27,0.0,0.0,0.0,0.0,0.0,0.0,0.0,0.0,0.0,0.0,0.0,0.0,0.0,0.0,0.0,43.0,61.0,0.0,0.0,0.0,0.0,0.0,0.0,0.0,0.0,0.0,0.0,0.0,0.0,0.0
530,Blondy,Nna Noukeu,Nna Noukeu,u,has joined US Boulogne CO permanently.,,3.9,768,86.0,0.1,452,67.0,0.0,450.0,45.0,0,0,0.0,-1,1.0,0,35,0.0,0.0,0.0,0.0,0.0,558.0,54.0,0.0,0.0,547.0,54.0,537.0,39.0,503.0,26.0,550.0,54.0,,,,,,,,0.0,0.0,0.0,0.0,0.0,0.0,0.0,0.0,0.0,27,0.0,0.0,0.0,0.0,0.0,0.0,0.0,0.0,0.0,0.0,0.0,0.0,0.0,0.0,0.0,0.0,39.0,0.0,0.0,0.0,0.0,0.0,0.0,0.0,0.0,0.0,0.0,0.0,0.0,0.0
531,Daniel,Ballard,Ballard,a,,,4.6,399,68.0,3.1,107,42.0,4.0,55.0,19.0,4,0,0.0,1,-1.0,2186,1616,0.9,22.0,4.0,4.0,4.4,38.0,15.0,100.0,100.0,44.0,19.0,196.0,49.0,58.0,2.0,67.0,12.0,,,,,,,,0.11,0.03,0.14,1.38,0.0,0.26,1.33,0.97,10.78,27,4.0,90.0,0.0,1.0,0.0,3.0,0.0,0.0,0.0,0.0,0.0,0.0,1.0,0.0,15.0,2570.0,1764.0,0.0,0.0,0.040000000000000036,0.03999999999999959,1.870000000000001,20.199999999999932,21.30000000000001,8.0,5.0,0.0,9.0,2.0,9.0
532,Trai,Hume,Hume,a,,,4.5,443,88.0,0.3,306,112.0,1.8,210.0,74.0,1,0,0.0,0,0.0,79,201,0.4,16.7,1.8,1.8,2.8,214.0,85.0,,,133.0,61.0,105.0,27.0,146.0,29.0,123.0,38.0,2.0,,,,,,,0.06,0.04,0.1,1.46,0.0,0.28,1.22,1.01,6.12,27,1.0,90.0,0.0,0.0,0.0,3.0,0.0,0.0,0.0,0.0,0.0,0.0,1.0,0.0,258.0,91.0,226.0,0.0,0.08000000000000007,0.010000000000000009,0.08999999999999986,1.8699999999999974,12.399999999999977,1.5,9.0,2.299999999999997,1.0,4.0,2.0,5.0
533,Aji,Alese,Alese,u,has joined Portsmouth on loan for the rest of the season.,,4.0,670,166.0,0.0,787,262.0,0.0,472.0,185.0,0,0,0.0,0,0.0,0,1,0.0,0.0,0.0,0.0,0.0,580.0,213.0,0.0,0.0,569.0,212.0,561.0,212.0,529.0,206.0,572.0,212.0,,,,,,,,0.0,0.0,0.0,0.0,0.0,0.0,0.0,0.0,0.0,27,0.0,0.0,0.0,0.0,0.0,0.0,0.0,0.0,0.0,0.0,0.0,0.0,0.0,0.0,0.0,0.0,1.0,0.0,0.0,0.0,0.0,0.0,0.0,0.0,0.0,0.0,0.0,0.0,0.0,0.0
534,Joe,Anderson,Anderson,u,has joined Barrow FC permanently.,,3.8,789,237.0,0.3,303,111.0,0.0,407.0,152.0,0,0,0.0,-2,2.0,0,148,0.0,0.0,0.0,0.0,0.0,520.0,185.0,0.0,0.0,509.0,184.0,496.0,182.0,461.0,173.0,512.0,184.0,,,,,,,,0.0,0.0,0.0,0.0,0.0,0.0,0.0,0.0,0.0,27,0.0,0.0,0.0,0.0,0.0,0.0,0.0,0.0,0.0,0.0,0.0,0.0,0.0,0.0,0.0,0.0,162.0,0.0,0.0,0.0,0.0,0.0,0.0,0.0,0.0,0.0,0.0,0.0,0.0,0.0
535,Dennis,Cirkin,Cirkin,d,Knock - 75% chance of playing,,4.0,681,171.0,0.1,574,206.0,0.2,362.0,132.0,0,0,0.0,0,0.0,20,65,0.0,3.2,0.2,0.2,2.2,306.0,113.0,75.0,100.0,397.0,151.0,429.0,155.0,435.0,160.0,436.0,157.0,,,,,,,,0.0,0.01,0.01,1.84,0.0,0.3,0.61,0.91,7.91,27,0.0,0.0,0.0,0.0,0.0,0.0,0.0,0.0,0.0,0.0,0.0,0.0,0.0,0.0,0.0,25.0,71.0,0.0,0.0,0.0,0.0,0.0,0.0,0.0,0.0,0.0,0.0,0.0,0.0,0.0
536,Leo Fuhr,Hjelde,Hjelde,u,has joined Sheffield United on loan for the rest of the season.,,4.0,690,175.0,0.0,709,245.0,0.0,489.0,191.0,0,0,0.0,0,0.0,0,8,0.0,0.0,0.0,0.0,0.0,596.0,219.0,0.0,0.0,585.0,218.0,578.0,218.0,546.0,212.0,588.0,218.0,,,,,,,,0.0,0.0,0.0,0.0,0.0,0.0,0.0,0.0,0.0,27,0.0,0.0,0.0,0.0,0.0,0.0,0.0,0.0,0.0,0.0,0.0,0.0,0.0,0.0,0.0,0.0,9.0,0.0,0.0,0.0,0.0,0.0,0.0,0.0,0.0,0.0,0.0,0.0,0.0,0.0
537,Niall,Huggins,Huggins,u,has joined Wycombe Wanderers on loan for the rest of the season.,,4.0,692,176.0,0.1,539,192.0,0.0,491.0,192.0,0,0,0.0,0,0.0,0,7,0.0,0.0,0.0,0.0,0.0,598.0,220.0,0.0,0.0,587.0,219.0,580.0,219.0,548.0,213.0,590.0,219.0,,,,,,,,0.0,0.0,0.0,0.0,0.0,0.0,0.0,0.0,0.0,27,0.0,0.0,0.0,0.0,0.0,0.0,0.0,0.0,0.0,0.0,0.0,0.0,0.0,0.0,0.0,0.0,7.0,0.0,0.0,0.0,0.0,0.0,0.0,0.0,0.0,0.0,0.0,0.0,0.0,0.0
538,Zak,Johnson,Johnson,u,has joined York City on loan for the rest of the season.,,3.8,800,248.0,0.2,366,134.0,0.0,415.0,160.0,0,0,0.0,-2,2.0,0,74,0.0,0.0,0.0,0.0,0.0,527.0,192.0,0.0,0.0,516.0,191.0,503.0,189.0,468.0,180.0,519.0,191.0,,,,,,,,0.0,0.0,0.0,0.0,0.0,0.0,0.0,0.0,0.0,27,0.0,0.0,0.0,0.0,0.0,0.0,0.0,0.0,0.0,0.0,0.0,0.0,0.0,0.0,0.0,0.0,82.0,0.0,0.0,0.0,0.0,0.0,0.0,0.0,0.0,0.0,0.0,0.0,0.0,0.0
539,Luke,O'Nien,O'Nien,a,,,4.0,668,164.0,0.1,556,200.0,0.4,331.0,117.0,0,0,0.0,0,0.0,26,29,0.1,0.5,0.4,0.4,0.4,513.0,179.0,100.0,100.0,466.0,168.0,462.0,169.0,527.0,204.0,481.0,169.0,,,,,,,,0.0,0.0,0.0,3.52,0.0,0.0,0.0,0.0,12.27,27,0.0,0.0,0.0,0.0,0.0,0.0,0.0,0.0,0.0,0.0,0.0,0.0,0.0,0.0,0.0,27.0,31.0,0.0,0.0,0.0,0.0,0.0,0.0,0.0,0.0,0.0,0.0,0.0,0.0,0.0
542,Jenson,Seelt,Seelt,u,has joined Wolfsburg on loan for the rest of the season.,,4.0,708,186.0,0.1,506,181.0,0.0,505.0,200.0,0,0,0.0,0,0.0,0,12,0.0,0.5,0.0,0.0,1.0,452.0,164.0,0.0,0.0,423.0,159.0,451.0,164.0,561.0,220.0,452.0,162.0,,,,,,,,0.0,0.01,0.01,0.9,0.0,0.0,1.35,0.68,8.12,27,0.0,0.0,0.0,0.0,0.0,0.0,0.0,0.0,0.0,0.0,0.0,0.0,0.0,0.0,0.0,0.0,15.0,0.0,0.0,0.0,0.0,0.0,0.0,0.0,0.0,0.0,0.0,0.0,0.0,0.0
543,Simon,Adingra,Adingra,u,has joined AS Monaco on loan for the rest of the season.,,4.9,344,212.0,0.4,289,100.0,0.0,740.0,312.0,0,0,0.0,-6,6.0,0,168,0.0,6.9,0.0,0.0,2.4,291.0,126.0,0.0,0.0,366.0,162.0,225.0,145.0,272.0,149.0,338.0,162.0,,,,,,,,0.05,0.09,0.14,1.57,0.0,0.55,1.11,1.25,6.24,27,0.0,0.0,0.0,0.0,0.0,0.0,0.0,0.0,0.0,0.0,0.0,0.0,0.0,0.0,0.0,0.0,202.0,0.0,0.0,0.0,0.0,0.0,0.0,0.0,0.0,0.0,0.0,0.0,0.0,0.0
544,Habib,Diarra,Diarra,a,,,5.3,205,127.0,0.1,541,198.0,3.8,64.0,30.0,2,0,0.0,-2,2.0,169,96,0.7,6.0,3.8,3.8,3.2,161.0,69.0,100.0,100.0,384.0,170.0,308.0,174.0,235.0,130.0,352.0,168.0,,,1.0,,,,,0.11,0.05,0.16,1.22,0.0,0.36,0.97,0.97,5.32,27,2.0,70.0,0.0,0.0,0.0,2.0,0.0,0.0,0.0,0.0,0.0,0.0,1.0,0.0,7.0,205.0,101.0,0.0,0.019999999999999907,0.0,0.020000000000000018,1.4499999999999993,0.0,1.2000000000000028,1.0,0.20000000000000284,1.0,0.0,3.0,4.0
545,Patrick,Roberts,Roberts,u,has joined Birmingham City permanently.,,5.4,159,98.0,0.0,724,303.0,0.0,776.0,338.0,0,0,0.0,-1,1.0,0,1,0.0,0.2,0.0,0.0,1.0,500.0,235.0,0.0,0.0,486.0,225.0,433.0,210.0,426.0,209.0,475.0,219.0,,,,,,,,0.1,0.07,0.17,2.2,0.0,0.0,3.33,0.0,3.33,27,0.0,0.0,0.0,0.0,0.0,0.0,0.0,0.0,0.0,0.0,0.0,0.0,0.0,0.0,0.0,0.0,1.0,0.0,0.0,0.0,0.0,0.0,0.0,0.0,0.0,0.0,0.0,0.0,0.0,0.0
546,Milan,Aleksić,Aleksić,a,,,4.9,349,217.0,0.0,691,285.0,0.0,743.0,315.0,0,0,0.0,-1,1.0,6,1,0.0,0.0,0.0,0.0,0.0,778.0,338.0,100.0,100.0,777.0,337.0,774.0,338.0,770.0,336.0,778.0,338.0,,,,,,,,0.0,0.0,0.0,0.0,0.0,0.0,0.0,0.0,0.0,27,0.0,0.0,0.0,0.0,0.0,0.0,0.0,0.0,0.0,0.0,0.0,0.0,0.0,0.0,0.0,6.0,1.0,0.0,0.0,0.0,0.0,0.0,0.0,0.0,0.0,0.0,0.0,0.0,0.0,0.0
547,Enzo,Le Fée,E.Le Fée,a,,,4.9,337,209.0,1.2,173,59.0,4.2,47.0,22.0,10,0,0.0,-1,1.0,2476,1060,0.9,20.4,4.2,4.2,3.8,89.0,43.0,100.0,100.0,60.0,17.0,20.0,20.0,127.0,74.0,37.0,27.0,3.0,2.0,2.0,,,,,0.19,0.12,0.31,1.47,0.0,0.3,1.28,1.02,9.49,27,10.0,90.0,1.0,0.0,0.0,3.0,0.0,0.0,0.0,0.0,0.0,0.0,1.0,1.0,29.0,2718.0,1546.0,0.0,0.7899999999999996,0.06000000000000005,0.8500000000000005,1.8699999999999974,41.80000000000001,19.100000000000023,21.0,8.200000000000003,1.0,2.0,9.0,12.0
548,Romaine,Mundle,Mundle,d,Knock - 75% chance of playing,,4.9,332,205.0,0.0,742,314.0,1.0,276.0,123.0,1,0,0.0,-1,1.0,9,4,0.2,2.9,0.8,1.0,1.0,490.0,226.0,75.0,100.0,429.0,189.0,366.0,189.0,281.0,153.0,395.0,183.0,,3.0,,,,,,0.2,0.08,0.28,1.92,0.0,0.0,2.48,0.45,7.44,27,1.0,51.0,0.0,0.0,0.0,3.0,0.0,0.0,0.0,0.0,0.0,0.0,0.0,0.0,44.0,10.0,4.0,0.0,0.42,0.06,0.48,1.629999999999999,0.0,2.400000000000002,13.0,1.3999999999999986,0.0,1.0,5.0,6.0
549,Dan,Neil,Neil,u,has joined Ipswich Town on loan for the rest of the season.,,4.8,362,226.0,0.0,648,260.0,0.0,710.0,293.0,0,0,0.0,-2,2.0,0,11,0.0,0.6,0.0,0.0,1.0,488.0,225.0,0.0,0.0,479.0,221.0,459.0,222.0,748.0,323.0,491.0,227.0,,,,,,,,0.0,0.0,0.0,4.43,0.0,0.0,0.0,0.0,13.85,27,0.0,0.0,0.0,0.0,0.0,0.0,0.0,0.0,0.0,0.0,0.0,0.0,0.0,0.0,0.0,0.0,11.0,0.0,0.0,0.0,0.0,0.0,0.0,0.0,0.0,0.0,0.0,0.0,0.0,0.0
550,Ian,Poveda-Ocampo,Poveda,a,,,4.8,359,225.0,0.0,662,267.0,0.0,709.0,292.0,0,0,0.0,-2,2.0,4,7,0.0,0.0,0.0,0.0,0.0,760.0,325.0,,,759.0,324.0,755.0,325.0,747.0,322.0,760.0,325.0,,,,,,,,0.0,0.0,0.0,0.0,0.0,0.0,0.0,0.0,0.0,27,0.0,0.0,0.0,0.0,0.0,0.0,0.0,0.0,0.0,0.0,0.0,0.0,0.0,0.0,0.0,4.0,7.0,0.0,0.0,0.0,0.0,0.0,0.0,0.0,0.0,0.0,0.0,0.0,0.0,0.0
551,Chris,Rigg,Rigg,a,,,4.7,391,245.0,0.0,595,225.0,0.0,703.0,287.0,0,0,0.0,-3,3.0,9,9,0.0,3.2,0.0,0.0,1.5,410.0,182.0,,,444.0,196.0,340.0,184.0,374.0,189.0,418.0,188.0,,,,,,,,0.08,0.08,0.16,1.23,0.0,0.48,0.48,1.44,6.48,27,0.0,0.0,0.0,0.0,0.0,0.0,0.0,0.0,0.0,0.0,0.0,0.0,0.0,0.0,0.0,10.0,15.0,0.0,0.0,0.0,0.0,0.0,0.0,0.0,0.0,0.0,0.0,0.0,0.0,0.0
552,Noah,Sadiki,Sadiki,a,,,4.9,347,215.0,0.1,570,211.0,2.4,161.0,73.0,2,0,0.0,-1,1.0,30,27,0.5,11.0,2.4,2.4,2.5,275.0,117.0,100.0,100.0,222.0,97.0,157.0,109.0,305.0,163.0,242.0,122.0,,,,,,,,0.02,0.04,0.06,1.28,0.0,0.28,1.26,1.02,7.96,27,2.0,90.0,0.0,0.0,0.0,3.0,0.0,0.0,0.0,0.0,0.0,0.0,1.0,0.0,19.0,34.0,34.0,0.0,0.020000000000000018,0.030000000000000027,0.050000000000000044,1.8699999999999974,12.199999999999989,2.4000000000000057,7.0,2.200000000000003,2.0,2.0,5.0,9.0
553,Chemsdine,Talbi,Talbi,a,,,4.9,345,213.0,0.2,411,139.0,2.4,160.0,72.0,0,0,0.0,-1,1.0,68,93,0.5,12.9,2.4,2.4,3.1,175.0,75.0,100.0,100.0,268.0,115.0,180.0,122.0,160.0,89.0,237.0,118.0,,,,,,,,0.11,0.05,0.16,1.21,0.0,0.5,0.75,0.92,5.34,27,0.0,0.0,0.0,0.0,0.0,0.0,0.0,0.0,0.0,0.0,0.0,0.0,0.0,0.0,0.0,79.0,103.0,0.0,0.0,0.0,0.0,0.0,0.0,0.0,0.0,0.0,0.0,0.0,0.0,0.0
554,Abdoullah,Ba,Ba,a,,,4.3,591,346.0,0.3,295,102.0,0.0,556.0,184.0,0,0,0.0,-2,2.0,100,122,0.0,0.0,0.0,0.0,0.0,645.0,242.0,,,634.0,232.0,630.0,238.0,605.0,225.0,637.0,235.0,,,,,,,,0.0,0.0,0.0,0.0,0.0,0.0,0.0,0.0,0.0,27,0.0,0.0,0.0,0.0,0.0,0.0,0.0,0.0,0.0,0.0,0.0,0.0,0.0,0.0,0.0,115.0,142.0,0.0,0.0,0.0,0.0,0.0,0.0,0.0,0.0,0.0,0.0,0.0,0.0,0.0
555,Alan,Browne,Browne,u,has joined Middlesbrough on loan for the rest of the season.,,4.5,413,252.0,0.0,642,256.0,0.0,618.0,223.0,0,0,0.0,0,0.0,0,2,0.0,0.0,0.0,0.0,0.0,691.0,271.0,0.0,0.0,684.0,265.0,679.0,269.0,660.0,261.0,687.0,268.0,,,,,,,,0.0,0.0,0.0,0.0,0.0,0.0,0.0,0.0,0.0,27,0.0,0.0,0.0,0.0,0.0,0.0,0.0,0.0,0.0,0.0,0.0,0.0,0.0,0.0,0.0,0.0,2.0,0.0,0.0,0.0,0.0,0.0,0.0,0.0,0.0,0.0,0.0,0.0,0.0,0.0
556,Pierre,Ekwah Elimby,Ekwah,u,Has joined AS Saint-Etienne permanently.,,4.5,436,260.0,0.0,767,331.0,0.0,633.0,231.0,0,0,0.0,0,0.0,0,0,0.0,0.0,0.0,0.0,0.0,702.0,278.0,0.0,0.0,695.0,272.0,693.0,276.0,676.0,269.0,698.0,275.0,,,,,,,,0.0,0.0,0.0,0.0,0.0,0.0,0.0,0.0,0.0,27,0.0,0.0,0.0,0.0,0.0,0.0,0.0,0.0,0.0,0.0,0.0,0.0,0.0,0.0,0.0,0.0,0.0,0.0,0.0,0.0,0.0,0.0,0.0,0.0,0.0,0.0,0.0,0.0,0.0,0.0
557,Harrison,Jones,H.Jones,a,,,4.3,609,355.0,0.1,540,197.0,0.0,568.0,193.0,0,0,0.0,-2,2.0,46,33,0.0,0.0,0.0,0.0,0.0,653.0,248.0,,,642.0,238.0,639.0,244.0,615.0,232.0,645.0,241.0,,,,,,,,0.0,0.0,0.0,0.0,0.0,0.0,0.0,0.0,0.0,27,0.0,0.0,0.0,0.0,0.0,0.0,0.0,0.0,0.0,0.0,0.0,0.0,0.0,0.0,0.0,55.0,36.0,0.0,0.0,0.0,0.0,0.0,0.0,0.0,0.0,0.0,0.0,0.0,0.0,0.0
558,Jay,Matete,Matete,u,has joined MK Dons permanently.,,4.3,598,349.0,0.2,393,130.0,0.0,559.0,187.0,0,0,0.0,-2,2.0,0,95,0.0,0.0,0.0,0.0,0.0,647.0,244.0,0.0,0.0,636.0,234.0,632.0,240.0,607.0,227.0,639.0,237.0,,,,,,,,0.0,0.0,0.0,0.0,0.0,0.0,0.0,0.0,0.0,27,0.0,0.0,0.0,0.0,0.0,0.0,0.0,0.0,0.0,0.0,0.0,0.0,0.0,0.0,0.0,0.0,101.0,0.0,0.0,0.0,0.0,0.0,0.0,0.0,0.0,0.0,0.0,0.0,0.0,0.0
559,Nectarios,Triantis,Triantis,u,has joined Minnesota United permanently.,,4.4,548,327.0,0.0,640,254.0,0.0,594.0,208.0,0,0,0.0,-1,1.0,0,3,0.0,0.0,0.0,0.0,0.0,672.0,260.0,0.0,0.0,662.0,251.0,659.0,257.0,637.0,246.0,665.0,254.0,,,,,,,,0.0,0.0,0.0,0.0,0.0,0.0,0.0,0.0,0.0,27,0.0,0.0,0.0,0.0,0.0,0.0,0.0,0.0,0.0,0.0,0.0,0.0,0.0,0.0,0.0,0.0,3.0,0.0,0.0,0.0,0.0,0.0,0.0,0.0,0.0,0.0,0.0,0.0,0.0,0.0
560,Wilson,Isidor,Isidor,a,,,5.1,234,52.0,1.4,160,26.0,1.0,280.0,34.0,1,0,0.0,-4,4.0,390,1011,0.2,10.8,1.0,1.0,2.3,295.0,32.0,100.0,100.0,278.0,26.0,382.0,49.0,46.0,19.0,209.0,26.0,,,,,,,,0.32,0.01,0.33,1.49,0.0,0.35,1.32,0.97,3.7,27,1.0,20.0,0.0,0.0,0.0,1.0,0.0,0.0,0.0,0.0,0.0,0.0,0.0,0.0,1.0,463.0,1165.0,0.0,0.08999999999999986,0.0,0.0900000000000003,0.41999999999999815,2.1999999999999886,1.2999999999999972,6.0,1.0,1.0,1.0,1.0,3.0
561,Eliezer,Mayenda Dossou,Mayenda,a,,,5.2,218,50.0,0.5,260,42.0,0.6,321.0,43.0,1,0,0.0,-3,3.0,58,104,0.1,5.2,0.6,0.6,1.8,368.0,43.0,,,373.0,37.0,331.0,38.0,175.0,38.0,337.0,39.0,,,3.0,,,,,0.17,0.04,0.21,1.63,0.0,0.46,1.22,0.91,3.19,27,1.0,20.0,0.0,0.0,0.0,1.0,0.0,0.0,0.0,0.0,0.0,0.0,0.0,0.0,4.0,65.0,112.0,0.0,0.06000000000000005,0.14999999999999997,0.20999999999999996,0.41999999999999993,4.199999999999989,10.299999999999997,15.0,3.0,1.0,0.0,0.0,1.0
562,Ahmed,Abdullahi,Abdullahi,a,,,4.2,647,91.0,0.5,264,43.0,0.0,546.0,55.0,0,0,0.0,-3,3.0,368,390,0.0,0.0,0.0,0.0,0.0,640.0,65.0,,,630.0,65.0,625.0,64.0,599.0,64.0,633.0,65.0,,,,,,,,0.0,0.0,0.0,0.0,0.0,0.0,0.0,0.0,0.0,27,0.0,0.0,0.0,0.0,0.0,0.0,0.0,0.0,0.0,0.0,0.0,0.0,0.0,0.0,0.0,443.0,441.0,0.0,0.0,0.0,0.0,0.0,0.0,0.0,0.0,0.0,0.0,0.0,0.0,0.0
563,Luís Hemir,Silva Semedo,Luís Hemir,u,has joined Moreirense on loan for the rest of the season.,,4.4,557,80.0,0.1,514,72.0,0.0,601.0,63.0,0,0,0.0,-1,1.0,0,7,0.0,0.0,0.0,0.0,0.0,678.0,72.0,0.0,0.0,669.0,72.0,665.0,71.0,645.0,71.0,672.0,72.0,,,,,,,,0.0,0.0,0.0,0.0,0.0,0.0,0.0,0.0,0.0,27,0.0,0.0,0.0,0.0,0.0,0.0,0.0,0.0,0.0,0.0,0.0,0.0,0.0,0.0,0.0,0.0,8.0,0.0,0.0,0.0,0.0,0.0,0.0,0.0,0.0,0.0,0.0,0.0,0.0,0.0
574,Destiny,Udogie,Udogie,i,Hamstring injury - Expected back 15 Mar,,4.3,593,136.0,0.3,315,116.0,0.4,335.0,121.0,0,0,0.0,-2,2.0,3,127,0.1,3.5,0.0,0.0,1.2,436.0,157.0,0.0,0.0,302.0,115.0,219.0,56.0,259.0,73.0,298.0,97.0,,,,,,,,0.02,0.06,0.08,1.58,0.0,0.0,1.93,0.91,4.53,27,0.0,0.0,0.0,0.0,0.0,0.0,0.0,0.0,0.0,0.0,0.0,0.0,0.0,0.0,0.0,4.0,134.0,0.0,0.0,0.0,0.0,0.0,0.0,0.0,0.0,0.0,0.0,0.0,0.0,0.0
575,Micky,van de Ven,Van de Ven,a,,,4.5,447,89.0,23.3,15,5.0,2.2,176.0,63.0,0,0,0.0,0,0.0,5000,16452,0.5,22.2,2.2,1.2,4.0,63.0,27.0,100.0,100.0,37.0,13.0,286.0,91.0,118.0,21.0,109.0,31.0,,,,,,,,0.11,0.01,0.12,1.4,0.0,0.28,1.49,1.0,6.87,27,0.0,90.0,0.0,0.0,0.0,4.0,0.0,0.0,0.0,0.0,0.0,0.0,1.0,0.0,357.0,5457.0,18999.0,0.0,0.0,0.0,0.0,1.9299999999999997,18.199999999999932,1.5,0.0,2.0,2.0,7.0,1.0,9.0
576,Ashley,Phillips,Phillips,u,Has joined Stoke City on loan for the rest of the season.,,4.0,709,187.0,0.0,729,253.0,0.0,506.0,201.0,0,0,0.0,0,0.0,0,2,0.0,0.0,0.0,0.0,0.0,611.0,227.0,0.0,0.0,600.0,226.0,593.0,226.0,562.0,221.0,603.0,226.0,,,,,,,,0.0,0.0,0.0,0.0,0.0,0.0,0.0,0.0,0.0,27,0.0,0.0,0.0,0.0,0.0,0.0,0.0,0.0,0.0,0.0,0.0,0.0,0.0,0.0,0.0,0.0,2.0,0.0,0.0,0.0,0.0,0.0,0.0,0.0,0.0,0.0,0.0,0.0,0.0,0.0
577,Takai,Kōta,Takai,u,has joined Borussia Mönchengladbach on loan for the rest of the season.,,4.0,711,188.0,0.0,600,214.0,0.0,508.0,202.0,0,0,0.0,0,0.0,0,7,0.0,0.0,0.0,0.0,0.0,613.0,228.0,0.0,0.0,602.0,227.0,595.0,227.0,564.0,222.0,605.0,227.0,,,,,,,,0.0,0.0,0.0,0.0,0.0,0.0,0.0,0.0,0.0,27,0.0,0.0,0.0,0.0,0.0,0.0,0.0,0.0,0.0,0.0,0.0,0.0,0.0,0.0,0.0,0.0,8.0,0.0,0.0,0.0,0.0,0.0,0.0,0.0,0.0,0.0,0.0,0.0,0.0,0.0
581,James,Maddison,Maddison,i,Anterior cruciate ligament - Unknown return date,,6.8,44,27.0,0.1,443,150.0,0.0,811.0,362.0,0,0,0.0,-2,2.0,15,10,0.0,0.0,0.0,0.0,0.0,815.0,364.0,0.0,0.0,815.0,364.0,815.0,364.0,815.0,364.0,815.0,364.0,,,,,,,,0.0,0.0,0.0,0.0,0.0,0.0,0.0,0.0,0.0,27,0.0,0.0,0.0,0.0,0.0,0.0,0.0,0.0,0.0,0.0,0.0,0.0,0.0,0.0,0.0,15.0,10.0,0.0,0.0,0.0,0.0,0.0,0.0,0.0,0.0,0.0,0.0,0.0,0.0,0.0
582,Mohammed,Kudus,Kudus,i,Thigh injury - Expected back 11 Apr,,6.4,60,38.0,9.6,36,12.0,0.0,808.0,361.0,0,0,0.0,-1,1.0,15,2772,0.0,11.7,0.0,0.0,3.9,85.0,41.0,0.0,0.0,143.0,48.0,40.0,38.0,70.0,42.0,63.0,41.0,2.0,1.0,,,,,,0.11,0.14,0.25,1.33,0.0,0.41,1.17,1.11,7.8,27,0.0,0.0,0.0,0.0,0.0,0.0,0.0,0.0,0.0,0.0,0.0,0.0,0.0,0.0,0.0,15.0,3026.0,0.0,0.0,0.0,0.0,0.0,0.0,0.0,0.0,0.0,0.0,0.0,0.0,0.0
583,Dejan,Kulusevski,Kulusevski,i,Knee injury - Unknown return date,,6.4,58,37.0,0.0,721,301.0,0.0,807.0,360.0,0,0,0.0,-1,1.0,10,9,0.0,0.0,0.0,0.0,0.0,812.0,363.0,0.0,0.0,812.0,363.0,812.0,363.0,812.0,363.0,812.0,363.0,,,,,,,,0.0,0.0,0.0,0.0,0.0,0.0,0.0,0.0,0.0,27,0.0,0.0,0.0,0.0,0.0,0.0,0.0,0.0,0.0,0.0,0.0,0.0,0.0,0.0,0.0,11.0,9.0,0.0,0.0,0.0,0.0,0.0,0.0,0.0,0.0,0.0,0.0,0.0,0.0,0.0
584,Mathys,Tel,Tel,a,,,6.2,78,52.0,0.1,433,146.0,1.0,285.0,127.0,1,0,0.0,-3,3.0,61,123,0.2,7.9,1.0,0.0,2.5,283.0,122.0,,,295.0,130.0,189.0,125.0,134.0,77.0,239.0,120.0,4.0,,4.0,,,,,0.24,0.11,0.35,1.35,0.0,0.14,1.86,0.86,8.16,27,1.0,8.0,0.0,0.0,0.0,1.0,0.0,0.0,0.0,0.0,0.0,0.0,0.0,0.0,3.0,66.0,162.0,0.0,0.0,0.16000000000000003,0.16000000000000014,0.08999999999999986,4.199999999999989,14.0,0.0,1.7999999999999972,0.0,0.0,1.0,1.0
585,Rodrigo,Bentancur,Bentancur,i,Hamstring injury - Unknown return date,,5.3,192,119.0,0.2,398,133.0,0.0,772.0,335.0,0,0,0.0,-2,2.0,2,77,0.0,12.1,0.0,0.0,3.2,160.0,68.0,0.0,0.0,201.0,84.0,183.0,124.0,256.0,139.0,230.0,115.0,,,,,,,,0.03,0.04,0.07,1.32,0.0,0.32,1.34,1.09,13.24,27,0.0,0.0,0.0,0.0,0.0,0.0,0.0,0.0,0.0,0.0,0.0,0.0,0.0,0.0,0.0,2.0,82.0,0.0,0.0,0.0,0.0,0.0,0.0,0.0,0.0,0.0,0.0,0.0,0.0,0.0
586,Lucas,Bergvall,Bergvall,i,Ankle injury - Unknown return date,,5.2,219,136.0,0.2,391,128.0,0.0,768.0,333.0,0,0,0.0,-3,3.0,5,61,0.0,7.5,0.0,0.0,2.3,297.0,129.0,0.0,0.0,310.0,141.0,281.0,164.0,194.0,107.0,297.0,148.0,,,,,,,,0.11,0.04,0.15,1.15,0.0,0.34,1.46,1.13,7.66,27,0.0,0.0,0.0,0.0,0.0,0.0,0.0,0.0,0.0,0.0,0.0,0.0,0.0,0.0,0.0,6.0,65.0,0.0,0.0,0.0,0.0,0.0,0.0,0.0,0.0,0.0,0.0,0.0,0.0,0.0
587,Yves,Bissouma,Bissouma,a,,,5.2,211,130.0,0.0,588,221.0,2.0,201.0,88.0,3,0,0.0,-3,3.0,80,14,0.4,2.1,2.0,1.0,1.8,367.0,163.0,100.0,100.0,390.0,172.0,402.0,199.0,375.0,190.0,409.0,187.0,,,,,,,,0.08,0.02,0.1,2.2,0.0,0.0,2.96,1.08,14.28,27,3.0,90.0,0.0,0.0,0.0,4.0,0.0,0.0,0.0,1.0,0.0,0.0,1.0,0.0,19.0,83.0,19.0,0.0,0.0,0.0,0.0,1.9299999999999997,20.999999999999993,0.7999999999999989,0.0,2.2,4.0,6.0,10.0,20.0
588,Wilson,Odobert,Odobert,i,Knee injury - Unknown return date,,5.3,206,128.0,0.1,569,210.0,2.2,184.0,83.0,0,0,0.0,-2,2.0,1,176,0.4,8.7,0.0,0.0,1.9,343.0,150.0,0.0,0.0,288.0,128.0,91.0,68.0,98.0,61.0,162.0,86.0,,,,,,,,0.18,0.11,0.29,1.32,0.0,0.19,1.2,0.93,7.13,27,0.0,0.0,0.0,0.0,0.0,0.0,0.0,0.0,0.0,0.0,0.0,0.0,0.0,0.0,0.0,1.0,226.0,0.0,0.0,0.0,0.0,0.0,0.0,0.0,0.0,0.0,0.0,0.0,0.0,0.0
589,Manor,Solomon,Solomon,u,has joined Fiorentina on loan for the rest of the season.,,5.4,171,105.0,0.0,759,324.0,0.0,780.0,340.0,0,0,0.0,-1,1.0,0,0,0.0,0.0,0.0,0.0,0.0,798.0,352.0,0.0,0.0,798.0,352.0,797.0,352.0,795.0,351.0,798.0,352.0,,,,,,,,0.0,0.0,0.0,0.0,0.0,0.0,0.0,0.0,0.0,27,0.0,0.0,0.0,0.0,0.0,0.0,0.0,0.0,0.0,0.0,0.0,0.0,0.0,0.0,0.0,0.0,0.0,0.0,0.0,0.0,0.0,0.0,0.0,0.0,0.0,0.0,0.0,0.0,0.0,0.0
590,Bryan,Gil Salvatierra,Bryan,u,has joined Girona permanently.,,4.9,327,202.0,0.0,657,264.0,0.0,731.0,307.0,0,0,0.0,-1,1.0,0,0,0.0,0.0,0.0,0.0,0.0,771.0,333.0,0.0,0.0,770.0,332.0,767.0,333.0,762.0,331.0,771.0,333.0,,,,,,,,0.0,0.0,0.0,0.0,0.0,0.0,0.0,0.0,0.0,27,0.0,0.0,0.0,0.0,0.0,0.0,0.0,0.0,0.0,0.0,0.0,0.0,0.0,0.0,0.0,0.0,0.0,0.0,0.0,0.0,0.0,0.0,0.0,0.0,0.0,0.0,0.0,0.0,0.0,0.0
591,Archie,Gray,Gray,a,,,4.8,372,233.0,0.1,427,143.0,3.2,95.0,43.0,1,0,0.0,-2,2.0,192,104,0.7,9.0,3.2,2.2,2.5,273.0,115.0,100.0,100.0,269.0,116.0,282.0,165.0,215.0,118.0,291.0,145.0,,,,,,,,0.11,0.04,0.15,1.45,0.0,0.44,1.59,1.15,8.32,27,1.0,90.0,0.0,0.0,0.0,4.0,0.0,0.0,0.0,1.0,0.0,0.0,1.0,0.0,2.0,223.0,116.0,0.0,0.0,0.0,0.0,1.9299999999999997,8.199999999999989,3.700000000000003,0.0,1.2000000000000028,0.0,5.0,3.0,8.0
592,Mikey,Moore,Moore,u,Has joined Rangers on loan for the rest of the season.,,5.0,271,165.0,0.0,789,347.0,0.0,755.0,324.0,0,0,0.0,0,0.0,0,0,0.0,0.0,0.0,0.0,0.0,788.0,346.0,0.0,0.0,787.0,345.0,786.0,346.0,782.0,344.0,788.0,346.0,,,,,,,,0.0,0.0,0.0,0.0,0.0,0.0,0.0,0.0,0.0,27,0.0,0.0,0.0,0.0,0.0,0.0,0.0,0.0,0.0,0.0,0.0,0.0,0.0,0.0,0.0,0.0,0.0,0.0,0.0,0.0,0.0,0.0,0.0,0.0,0.0,0.0,0.0,0.0,0.0,0.0
593,Pape Matar,Sarr,P.M.Sarr,a,,,4.5,442,265.0,1.0,188,66.0,3.0,111.0,50.0,4,0,0.0,-5,5.0,2252,390,0.7,12.7,3.0,2.0,3.2,153.0,65.0,100.0,100.0,204.0,86.0,236.0,149.0,216.0,119.0,241.0,121.0,,,,,,,,0.1,0.08,0.18,1.78,0.0,0.27,1.33,0.88,12.02,27,4.0,90.0,0.0,0.0,0.0,4.0,0.0,0.0,0.0,0.0,0.0,0.0,1.0,0.0,16.0,2729.0,465.0,0.0,0.06999999999999984,0.010000000000000009,0.08000000000000007,1.9299999999999997,32.400000000000006,2.6000000000000085,9.0,4.399999999999999,4.0,9.0,3.0,16.0
594,Yang,Min-hyeok,Min-hyeok,u,has joined Coventry City on loan for the rest of the season.,,4.5,505,312.0,0.0,731,306.0,0.0,687.0,277.0,0,0,0.0,0,0.0,0,0,0.0,0.0,0.0,0.0,0.0,747.0,316.0,0.0,0.0,746.0,315.0,741.0,316.0,728.0,312.0,747.0,316.0,,,,,,,,0.0,0.0,0.0,0.0,0.0,0.0,0.0,0.0,0.0,27,0.0,0.0,0.0,0.0,0.0,0.0,0.0,0.0,0.0,0.0,0.0,0.0,0.0,0.0,0.0,0.0,0.0,0.0,0.0,0.0,0.0,0.0,0.0,0.0,0.0,0.0,0.0,0.0,0.0,0.0
599,Dane,Scarlett,Scarlett,u,has joined Hibernian on loan for the rest of the season.,,4.3,595,84.0,0.6,248,39.0,0.2,371.0,49.0,0,0,0.0,-2,2.0,0,232,0.0,0.5,0.0,0.0,1.0,460.0,57.0,0.0,0.0,493.0,60.0,444.0,59.0,440.0,60.0,482.0,60.0,,,,,,,,0.0,0.13,0.13,0.39,0.0,0.0,0.0,0.0,12.86,27,0.0,0.0,0.0,0.0,0.0,0.0,0.0,0.0,0.0,0.0,0.0,0.0,0.0,0.0,0.0,0.0,252.0,0.0,0.0,0.0,0.0,0.0,0.0,0.0,0.0,0.0,0.0,0.0,0.0,0.0
673,João Maria,Lobo Alves Palhares Costa Palhinha Gonçalves,J.Palhinha,a,,,5.5,138,86.0,0.8,204,71.0,2.0,202.0,89.0,4,0,0.0,0,0.0,213,381,0.4,16.0,2.0,1.0,3.7,100.0,46.0,100.0,100.0,70.0,21.0,248.0,152.0,168.0,94.0,141.0,78.0,,,,,,,,0.06,0.03,0.09,1.41,0.0,0.23,1.52,0.96,12.42,27,4.0,81.0,0.0,0.0,0.0,3.0,0.0,0.0,0.0,0.0,0.0,0.0,1.0,0.0,18.0,229.0,452.0,0.0,0.0,0.0,0.0,1.8499999999999979,21.19999999999999,0.10000000000000853,0.0,2.1000000000000085,5.0,5.0,4.0,14.0
717,Xavi,Simons,Xavi,a,,,6.5,53,34.0,1.2,180,61.0,3.0,122.0,57.0,2,0,0.0,-5,5.0,1276,821,0.5,9.4,3.0,2.0,2.9,208.0,88.0,100.0,100.0,199.0,82.0,38.0,36.0,120.0,69.0,91.0,54.0,5.0,,,,,,,0.13,0.2,0.33,1.61,0.0,0.18,1.91,0.99,7.89,27,2.0,90.0,0.0,0.0,0.0,4.0,0.0,0.0,0.0,0.0,0.0,0.0,1.0,0.0,270.0,1377.0,1043.0,0.0,0.06000000000000005,0.010000000000000231,0.07000000000000028,1.9299999999999997,3.1999999999999886,12.699999999999989,7.0,2.299999999999997,0.0,1.0,3.0,4.0
726,Randal,Kolo Muani,Kolo Muani,a,,,6.9,39,15.0,0.3,298,47.0,2.2,188.0,25.0,7,0,0.0,-1,1.0,881,198,0.3,5.1,2.2,1.2,1.8,373.0,45.0,100.0,100.0,326.0,32.0,167.0,13.0,142.0,33.0,246.0,28.0,,,,,,,,0.13,0.09,0.22,1.46,0.0,0.25,1.82,1.08,6.05,27,7.0,67.0,1.0,0.0,0.0,3.0,0.0,0.0,0.0,0.0,0.0,0.0,1.0,1.0,29.0,892.0,237.0,0.0,0.24,0.0,0.2400000000000002,1.6899999999999995,32.60000000000001,10.300000000000011,19.0,6.200000000000003,1.0,2.0,1.0,4.0
745,Jun'ai,Byfield,Byfield,a,,,4.0,732,208.0,0.0,628,224.0,0.2,364.0,134.0,0,0,0.0,0,0.0,8,21,0.0,0.2,0.2,-0.8,1.0,456.0,168.0,,,498.0,177.0,469.0,172.0,582.0,239.0,503.0,178.0,,,,,,,,0.0,0.0,0.0,0.0,0.0,0.0,0.0,0.0,0.0,27,0.0,0.0,0.0,0.0,0.0,0.0,0.0,0.0,0.0,0.0,0.0,0.0,0.0,0.0,0.0,8.0,24.0,0.0,0.0,0.0,0.0,0.0,0.0,0.0,0.0,0.0,0.0,0.0,0.0,0.0
790,Lucá,Williams-Barnett,Williams-Barnett,a,,,4.5,501,309.0,0.0,770,332.0,0.0,683.0,274.0,0,0,0.0,0,0.0,18,13,0.0,0.0,0.0,-1.0,0.0,743.0,313.0,,,742.0,312.0,737.0,313.0,724.0,309.0,743.0,313.0,,,,,,,,0.0,0.0,0.0,0.0,0.0,0.0,0.0,0.0,0.0,27,0.0,0.0,0.0,0.0,0.0,0.0,0.0,0.0,0.0,0.0,0.0,0.0,0.0,0.0,0.0,19.0,13.0,0.0,0.0,0.0,0.0,0.0,0.0,0.0,0.0,0.0,0.0,0.0,0.0,0.0
796,Conor,Gallagher,Gallagher,a,,,5.4,170,104.0,0.1,416,141.0,3.0,115.0,54.0,2,0,0.0,-1,1.0,272,324,0.6,3.1,3.0,2.0,2.8,221.0,89.0,,,367.0,163.0,244.0,151.0,260.0,142.0,340.0,163.0,,,,,,,,0.11,0.09,0.2,2.17,0.0,0.0,2.28,1.14,9.7,27,2.0,61.0,0.0,0.0,0.0,3.0,0.0,0.0,0.0,0.0,0.0,0.0,1.0,0.0,12.0,306.0,389.0,0.0,0.0,0.0,0.0,1.6600000000000001,5.0,0.6000000000000085,0.0,0.5999999999999979,3.0,0.0,4.0,7.0
804,João Victor,de Souza Menezes,Souza,a,,,4.0,729,205.0,0.0,707,244.0,0.2,363.0,133.0,0,0,0.0,0,0.0,35,37,0.0,0.2,0.2,-0.8,1.0,455.0,167.0,,,467.0,169.0,415.0,151.0,579.0,236.0,469.0,168.0,,,,,,,,0.0,0.0,0.0,2.67,0.0,0.0,2.57,0.0,5.14,27,0.0,0.0,0.0,0.0,0.0,0.0,0.0,0.0,0.0,0.0,0.0,0.0,0.0,0.0,0.0,37.0,41.0,0.0,0.0,0.0,0.0,0.0,0.0,0.0,0.0,0.0,0.0,0.0,0.0,0.0
811,Rio,Kyerematen,Kyerematen,a,,,4.5,462,279.0,0.0,801,355.0,0.0,650.0,247.0,0,0,0.0,0,0.0,13,4,0.0,0.0,0.0,-1.0,0.0,717.0,293.0,,,711.0,288.0,708.0,291.0,692.0,284.0,713.0,290.0,,,,,,,,0.0,0.0,0.0,0.0,0.0,0.0,0.0,0.0,0.0,27,0.0,0.0,0.0,0.0,0.0,0.0,0.0,0.0,0.0,0.0,0.0,0.0,0.0,0.0,0.0,14.0,4.0,0.0,0.0,0.0,0.0,0.0,0.0,0.0,0.0,0.0,0.0,0.0,0.0,0.0
818,James,Wilson,Wilson,a,,,4.5,502,72.0,0.0,818,92.0,0.0,684.0,72.0,0,0,0.0,0,0.0,34,3,0.0,0.0,1.3,0.3,0.0,744.0,81.0,,,743.0,81.0,738.0,80.0,725.0,80.0,744.0,81.0,,,,,,,,0.0,0.0,0.0,0.0,0.0,0.0,0.0,0.0,0.0,27,0.0,0.0,0.0,0.0,0.0,0.0,0.0,0.0,0.0,0.0,0.0,0.0,0.0,0.0,0.0,34.0,3.0,0.0,0.0,0.0,0.0,0.0,0.0,0.0,0.0,0.0,0.0,0.0,0.0,0.0
326,Adama,Traoré Diarra,Adama,a,,,5.1,226,139.0,0.2,407,136.0,0.4,347.0,155.0,0,0,0.0,-4,4.0,105,156,0.1,3.7,-0.1,0.4,1.1,444.0,200.0,,,440.0,193.0,312.0,176.0,292.0,157.0,387.0,181.0,,,,,,,,0.11,0.18,0.29,1.94,0.0,0.0,2.98,0.33,4.63,27,0.0,0.0,0.0,0.0,0.0,0.0,0.0,0.0,0.0,0.0,0.0,0.0,0.0,0.0,0.0,110.0,166.0,0.0,0.0,0.0,0.0,0.0,0.0,0.0,0.0,0.0,0.0,0.0,0.0,0.0
600,Alphonse,Areola,Areola,a,,,4.3,572,27.0,2.1,127,17.0,0.8,290.0,22.0,0,0,0.0,-2,2.0,360,1401,0.2,11.9,0.3,0.8,2.5,270.0,24.0,,,36.0,11.0,419.0,6.0,601.0,68.0,204.0,10.0,,,,,,,,0.0,0.0,0.0,1.76,3.85,0.0,1.85,1.0,0.0,27,0.0,0.0,0.0,0.0,0.0,0.0,0.0,0.0,0.0,0.0,0.0,0.0,0.0,0.0,0.0,443.0,1571.0,0.0,0.0,0.0,0.0,0.0,0.0,0.0,0.0,0.0,0.0,0.0,0.0,0.0
601,Wes,Foderingham,Foderingham,u,has joined Aris Limassol permanently.,,4.0,661,42.0,0.2,352,51.0,0.0,466.0,54.0,0,0,0.0,0,0.0,0,33,0.0,0.0,0.0,0.0,0.0,574.0,63.0,0.0,0.0,563.0,63.0,554.0,49.0,521.0,36.0,566.0,63.0,,,,,,,,0.0,0.0,0.0,0.0,0.0,0.0,0.0,0.0,0.0,27,0.0,0.0,0.0,0.0,0.0,0.0,0.0,0.0,0.0,0.0,0.0,0.0,0.0,0.0,0.0,0.0,36.0,0.0,0.0,0.0,0.0,0.0,0.0,0.0,0.0,0.0,0.0,0.0,0.0,0.0
602,Krisztián,Hegyi,Hegyi,u,has joined MTK Budapest on loan for the rest of the season.,,3.9,766,84.0,0.2,365,53.0,0.0,448.0,43.0,0,0,0.0,-1,1.0,0,65,0.0,0.0,0.0,0.0,0.0,556.0,52.0,0.0,0.0,545.0,52.0,535.0,37.0,501.0,24.0,548.0,52.0,,,,,,,,0.0,0.0,0.0,0.0,0.0,0.0,0.0,0.0,0.0,27,0.0,0.0,0.0,0.0,0.0,0.0,0.0,0.0,0.0,0.0,0.0,0.0,0.0,0.0,0.0,0.0,72.0,0.0,0.0,0.0,0.0,0.0,0.0,0.0,0.0,0.0,0.0,0.0,0.0,0.0
603,El Hadji Malick,Diouf,Diouf,a,,,4.0,727,203.0,1.6,148,59.0,5.2,19.0,4.0,9,0,0.0,-5,5.0,4943,659,1.3,17.5,4.7,5.2,3.3,141.0,52.0,100.0,100.0,126.0,56.0,137.0,34.0,285.0,83.0,176.0,58.0,,,,,,,,0.02,0.07,0.09,1.47,0.0,0.26,1.66,0.99,7.47,27,9.0,90.0,0.0,0.0,1.0,0.0,0.0,0.0,0.0,0.0,0.0,0.0,1.0,1.0,32.0,5523.0,760.0,0.0,0.0,0.3400000000000001,0.3400000000000001,0.6500000000000021,29.0,15.799999999999983,2.0,4.700000000000003,3.0,7.0,7.0,10.0
604,Emerson,Palmieri dos Santos,Emerson,u,has joined Marseille permanently.,,4.4,522,101.0,0.1,581,208.0,0.0,582.0,236.0,0,0,0.0,-1,1.0,0,2,0.0,0.0,0.0,0.0,0.0,663.0,250.0,0.0,0.0,652.0,249.0,649.0,249.0,627.0,248.0,655.0,249.0,,,,,,,,0.0,0.0,0.0,0.0,0.0,0.0,0.0,0.0,0.0,27,0.0,0.0,0.0,0.0,0.0,0.0,0.0,0.0,0.0,0.0,0.0,0.0,0.0,0.0,0.0,0.0,2.0,0.0,0.0,0.0,0.0,0.0,0.0,0.0,0.0,0.0,0.0,0.0,0.0,0.0
605,Maximilian,Kilman,Kilman,a,,,4.2,632,145.0,0.1,417,153.0,0.2,367.0,136.0,0,0,0.0,-3,3.0,17,82,0.0,8.6,-0.3,0.2,1.7,374.0,136.0,,,108.0,49.0,323.0,109.0,298.0,88.0,232.0,77.0,,,,,,,,0.03,0.01,0.04,1.92,0.0,0.06,2.14,0.98,9.24,27,0.0,0.0,0.0,0.0,0.0,0.0,0.0,0.0,0.0,0.0,0.0,0.0,0.0,0.0,0.0,20.0,96.0,0.0,0.0,0.0,0.0,0.0,0.0,0.0,0.0,0.0,0.0,0.0,0.0,0.0
606,Konstantinos,Mavropanos,Mavropanos,a,,,4.4,534,112.0,0.1,501,178.0,4.2,45.0,15.0,6,0,0.0,-1,1.0,105,93,1.0,13.4,3.7,4.2,3.0,186.0,74.0,100.0,100.0,99.0,44.0,381.0,136.0,185.0,42.0,208.0,69.0,,,,,,,,0.06,0.02,0.08,1.43,0.0,0.17,1.55,0.94,10.54,27,6.0,90.0,0.0,0.0,1.0,0.0,0.0,0.0,0.0,0.0,0.0,0.0,1.0,0.0,23.0,133.0,118.0,0.0,0.0,0.020000000000000018,0.019999999999999796,0.6500000000000021,23.19999999999999,10.8,6.0,4.0,0.0,8.0,4.0,8.0
607,Nayef,Aguerd,N.Aguerd,u,has joined Marseille permanently.,,4.4,527,106.0,0.0,609,215.0,0.0,585.0,239.0,0,0,0.0,-1,1.0,0,2,0.0,0.7,0.0,0.0,1.5,406.0,147.0,0.0,0.0,414.0,156.0,446.0,161.0,409.0,152.0,443.0,159.0,,,,,,,,0.05,0.02,0.07,1.71,0.0,0.0,4.0,1.0,7.5,27,0.0,0.0,0.0,0.0,0.0,0.0,0.0,0.0,0.0,0.0,0.0,0.0,0.0,0.0,0.0,0.0,3.0,0.0,0.0,0.0,0.0,0.0,0.0,0.0,0.0,0.0,0.0,0.0,0.0,0.0
609,Jean-Clair,Todibo,Todibo,a,,,4.3,588,133.0,0.1,486,174.0,0.4,334.0,120.0,0,0,0.0,-2,2.0,29,32,0.1,7.2,-0.1,0.4,1.7,375.0,137.0,100.0,100.0,144.0,64.0,307.0,102.0,366.0,124.0,270.0,89.0,,,,,,,,0.01,0.02,0.03,1.7,0.0,0.0,1.95,1.07,8.17,27,0.0,0.0,0.0,0.0,0.0,0.0,0.0,0.0,0.0,0.0,0.0,0.0,0.0,0.0,0.0,37.0,37.0,0.0,0.0,0.0,0.0,0.0,0.0,0.0,0.0,0.0,0.0,0.0,0.0,0.0
610,Aaron,Wan-Bissaka,Wan-Bissaka,a,,,4.1,652,158.0,4.6,80,26.0,5.0,24.0,6.0,6,0,0.0,-4,4.0,2765,1519,1.2,13.2,4.5,5.0,3.0,183.0,71.0,100.0,100.0,128.0,57.0,103.0,26.0,358.0,119.0,168.0,54.0,,,,,,,,0.0,0.05,0.05,1.55,0.0,0.12,1.8,0.99,8.07,27,6.0,90.0,0.0,0.0,1.0,0.0,0.0,0.0,0.0,0.0,0.0,0.0,1.0,0.0,25.0,3409.0,1672.0,0.0,0.0,0.040000000000000036,0.040000000000000036,0.6500000000000021,19.399999999999977,15.500000000000028,2.0,3.700000000000003,1.0,7.0,7.0,8.0
612,Lucas,Tolentino Coelho de Lima,L.Paquetá,u,has joined Flamengo permanently.,,5.9,96,62.0,1.1,183,62.0,0.0,799.0,355.0,0,0,0.0,-1,1.0,0,538,0.0,11.7,0.0,0.0,3.8,91.0,44.0,0.0,0.0,116.0,38.0,45.0,41.0,138.0,80.0,84.0,50.0,,,,,,,,0.17,0.12,0.29,1.44,0.0,0.18,1.96,1.07,8.68,27,0.0,0.0,0.0,0.0,0.0,0.0,0.0,0.0,0.0,0.0,0.0,0.0,0.0,0.0,0.0,0.0,644.0,0.0,0.0,0.0,0.0,0.0,0.0,0.0,0.0,0.0,0.0,0.0,0.0,0.0
613,Tomáš,Souček,Souček,a,,,5.7,116,73.0,0.3,329,112.0,3.6,75.0,36.0,2,0,0.0,-3,3.0,195,204,0.6,11.1,3.1,3.6,2.6,260.0,109.0,100.0,100.0,177.0,70.0,220.0,143.0,76.0,46.0,147.0,80.0,,,,,,,,0.25,0.03,0.28,1.72,0.0,0.22,2.04,0.95,9.6,27,2.0,71.0,0.0,0.0,1.0,0.0,0.0,0.0,0.0,1.0,0.0,0.0,1.0,0.0,6.0,290.0,223.0,0.0,0.27,0.010000000000000009,0.2799999999999998,0.33999999999999986,5.400000000000034,13.399999999999991,10.0,2.8999999999999915,0.0,2.0,0.0,2.0
615,Crysencio,Summerville,Summerville,a,,,5.7,119,74.0,3.2,106,33.0,6.4,7.0,3.0,3,1,-1.0,2,-2.0,9490,6806,1.1,14.0,5.9,6.4,3.6,114.0,52.0,100.0,100.0,164.0,59.0,88.0,66.0,35.0,19.0,64.0,42.0,2.0,,,,,,,0.22,0.08,0.3,1.37,0.0,0.21,1.56,1.07,7.68,27,3.0,90.0,0.0,0.0,1.0,0.0,0.0,0.0,0.0,0.0,0.0,0.0,1.0,0.0,13.0,12442.0,7239.0,0.0,0.7199999999999998,0.33000000000000007,1.0499999999999998,0.6500000000000021,16.600000000000023,27.80000000000001,53.0,9.700000000000003,3.0,1.0,6.0,10.0
616,Edson,Álvarez Velázquez,Álvarez,u,Has joined Fenerbahçe on loan for the rest of the season.,,4.9,312,195.0,0.0,596,226.0,0.0,725.0,302.0,0,0,0.0,-1,1.0,0,4,0.0,0.0,0.0,0.0,0.0,767.0,329.0,0.0,0.0,766.0,328.0,763.0,329.0,757.0,327.0,767.0,329.0,,,,,,,,0.0,0.0,0.0,0.0,0.0,0.0,0.0,0.0,0.0,27,0.0,0.0,0.0,0.0,0.0,0.0,0.0,0.0,0.0,0.0,0.0,0.0,0.0,0.0,0.0,0.0,4.0,0.0,0.0,0.0,0.0,0.0,0.0,0.0,0.0,0.0,0.0,0.0,0.0,0.0
617,Maxwel,Cornet,Cornet,u,has joined Genoa on loan for the rest of the season.,,4.9,290,179.0,0.0,703,293.0,0.0,717.0,297.0,0,0,0.0,-1,1.0,0,1,0.0,0.0,0.0,0.0,0.0,763.0,326.0,0.0,0.0,762.0,325.0,759.0,326.0,753.0,324.0,763.0,326.0,,,,,,,,0.0,0.0,0.0,0.0,0.0,0.0,0.0,0.0,0.0,27,0.0,0.0,0.0,0.0,0.0,0.0,0.0,0.0,0.0,0.0,0.0,0.0,0.0,0.0,0.0,0.0,1.0,0.0,0.0,0.0,0.0,0.0,0.0,0.0,0.0,0.0,0.0,0.0,0.0,0.0
618,Guido,Rodríguez,G.Rodriguez,u,has joined Valencia on loan for the rest of the season.,,4.8,356,223.0,0.0,608,235.0,0.0,706.0,290.0,0,0,0.0,-2,2.0,0,12,0.0,1.7,0.0,0.0,1.3,429.0,192.0,0.0,0.0,456.0,204.0,438.0,212.0,447.0,221.0,468.0,213.0,,,,,,,,0.02,0.02,0.04,1.33,0.0,0.51,1.03,1.03,7.71,27,0.0,0.0,0.0,0.0,0.0,0.0,0.0,0.0,0.0,0.0,0.0,0.0,0.0,0.0,0.0,0.0,14.0,0.0,0.0,0.0,0.0,0.0,0.0,0.0,0.0,0.0,0.0,0.0,0.0,0.0
619,Luis Guilherme,Lira dos Santos,L.Guilherme,u,has joined Sporting CP permanently.,,4.9,346,214.0,0.0,680,278.0,0.0,741.0,313.0,0,0,0.0,-1,1.0,0,1,0.0,1.0,0.0,0.0,1.0,492.0,228.0,0.0,0.0,458.0,206.0,401.0,198.0,431.0,213.0,462.0,209.0,,,,,,,,0.05,0.02,0.07,1.35,0.0,0.0,1.49,0.74,8.18,27,0.0,0.0,0.0,0.0,0.0,0.0,0.0,0.0,0.0,0.0,0.0,0.0,0.0,0.0,0.0,0.0,1.0,0.0,0.0,0.0,0.0,0.0,0.0,0.0,0.0,0.0,0.0,0.0,0.0,0.0
620,George,Earthy,Earthy,u,has joined Bristol City on loan for the rest of the season.,,4.5,446,267.0,0.0,606,233.0,0.0,639.0,237.0,0,0,0.0,0,0.0,0,5,0.0,0.2,0.0,0.0,1.0,474.0,213.0,0.0,0.0,701.0,278.0,457.0,220.0,444.0,218.0,490.0,226.0,,,,,,,,0.0,0.11,0.11,8.21,0.0,0.0,11.25,0.0,0.0,27,0.0,0.0,0.0,0.0,0.0,0.0,0.0,0.0,0.0,0.0,0.0,0.0,0.0,0.0,0.0,0.0,6.0,0.0,0.0,0.0,0.0,0.0,0.0,0.0,0.0,0.0,0.0,0.0,0.0,0.0
621,Andy,Irving,Irving,u,has joined Sparta Prague permanently.,,4.3,584,344.0,0.2,356,119.0,0.0,553.0,182.0,0,0,0.0,-2,2.0,0,121,0.0,2.1,0.0,0.0,1.3,426.0,190.0,0.0,0.0,426.0,187.0,330.0,181.0,439.0,216.0,420.0,189.0,3.0,,,,,,,0.0,0.1,0.1,2.32,0.0,0.0,2.31,1.15,12.69,27,0.0,0.0,0.0,0.0,0.0,0.0,0.0,0.0,0.0,0.0,0.0,0.0,0.0,0.0,0.0,0.0,132.0,0.0,0.0,0.0,0.0,0.0,0.0,0.0,0.0,0.0,0.0,0.0,0.0,0.0
622,Lewis,Orford,Orford,u,has joined Stevenage on loan for the rest of the season.,,4.4,550,329.0,0.1,578,215.0,0.0,596.0,210.0,0,0,0.0,-1,1.0,0,4,0.0,0.0,0.0,0.0,0.0,674.0,262.0,0.0,0.0,664.0,253.0,661.0,259.0,639.0,248.0,667.0,256.0,,,,,,,,0.0,0.0,0.0,0.0,0.0,0.0,0.0,0.0,0.0,27,0.0,0.0,0.0,0.0,0.0,0.0,0.0,0.0,0.0,0.0,0.0,0.0,0.0,0.0,0.0,0.0,4.0,0.0,0.0,0.0,0.0,0.0,0.0,0.0,0.0,0.0,0.0,0.0,0.0,0.0
623,Freddie,Potts,Potts,s,Suspended until 14 Mar,,4.4,546,325.0,0.6,230,80.0,1.0,269.0,119.0,0,0,0.0,-1,1.0,23,818,0.2,7.7,0.0,0.0,1.8,357.0,156.0,0.0,0.0,265.0,112.0,208.0,135.0,338.0,175.0,300.0,149.0,1.0,,,,,,,0.02,0.09,0.11,1.64,0.0,0.08,1.89,0.9,9.21,27,0.0,0.0,0.0,0.0,0.0,0.0,0.0,0.0,0.0,0.0,0.0,0.0,0.0,0.0,0.0,31.0,983.0,0.0,0.0,0.0,0.0,0.0,0.0,0.0,0.0,0.0,0.0,0.0,0.0,0.0
624,Jarrod,Bowen,Bowen,a,,,7.6,21,7.0,8.5,41,8.0,6.2,8.0,2.0,4,0,0.0,-4,4.0,5097,20163,0.8,16.3,5.7,6.2,4.6,30.0,4.0,,,33.0,4.0,48.0,2.0,11.0,8.0,13.0,4.0,,1.0,2.0,,,,,0.22,0.12,0.34,1.57,0.0,0.15,1.75,1.0,7.11,27,4.0,90.0,0.0,0.0,1.0,0.0,0.0,0.0,0.0,0.0,0.0,0.0,1.0,0.0,10.0,6361.0,22200.0,0.0,0.14000000000000057,0.8499999999999996,0.9900000000000002,0.6499999999999986,23.399999999999977,63.30000000000001,14.0,10.099999999999994,4.0,3.0,7.0,14.0
625,Niclas,Füllkrug,Füllkrug,u,has joined AC Milan on loan for the rest of the season.,,5.6,123,34.0,0.6,244,37.0,0.0,792.0,86.0,0,0,0.0,-4,4.0,0,71,0.0,2.1,0.0,0.0,1.5,415.0,50.0,0.0,0.0,435.0,51.0,276.0,27.0,204.0,43.0,346.0,42.0,,,,,,,,0.21,0.05,0.26,1.9,0.0,0.22,2.43,1.11,4.2,27,0.0,0.0,0.0,0.0,0.0,0.0,0.0,0.0,0.0,0.0,0.0,0.0,0.0,0.0,0.0,0.0,77.0,0.0,0.0,0.0,0.0,0.0,0.0,0.0,0.0,0.0,0.0,0.0,0.0,0.0
626,Callum,Marshall,Marshall,u,has joined VfL Bochum 1848 on loan for the rest of the season.,,4.3,612,86.0,0.5,256,41.0,0.0,571.0,57.0,0,0,0.0,-2,2.0,0,132,0.0,0.5,0.0,0.0,1.0,463.0,58.0,0.0,0.0,490.0,58.0,483.0,61.0,418.0,59.0,480.0,59.0,,,,,,,,0.2,0.0,0.2,2.41,0.0,0.0,3.1,0.0,4.66,27,0.0,0.0,0.0,0.0,0.0,0.0,0.0,0.0,0.0,0.0,0.0,0.0,0.0,0.0,0.0,0.0,161.0,0.0,0.0,0.0,0.0,0.0,0.0,0.0,0.0,0.0,0.0,0.0,0.0,0.0
752,Airidas,Golambeckis,Golambeckis,a,,,4.0,735,211.0,0.0,658,231.0,0.0,528.0,221.0,0,0,0.0,0,0.0,27,19,0.0,0.0,-0.5,0.0,0.0,631.0,245.0,,,620.0,244.0,613.0,244.0,584.0,241.0,623.0,244.0,,,,,,,,0.0,0.0,0.0,0.0,0.0,0.0,0.0,0.0,0.0,27,0.0,0.0,0.0,0.0,0.0,0.0,0.0,0.0,0.0,0.0,0.0,0.0,0.0,0.0,0.0,27.0,19.0,0.0,0.0,0.0,0.0,0.0,0.0,0.0,0.0,0.0,0.0,0.0,0.0,0.0
627,Sam,Johnstone,Johnstone,a,,,4.4,521,26.0,0.1,425,64.0,0.0,581.0,86.0,0,0,0.0,-1,1.0,55,44,0.0,4.8,-0.5,-0.5,1.8,356.0,28.0,,,175.0,21.0,485.0,14.0,626.0,72.0,320.0,21.0,,,,,,,,0.0,0.0,0.0,1.55,3.25,0.0,2.0,1.0,0.0,27,0.0,0.0,0.0,0.0,0.0,0.0,0.0,0.0,0.0,0.0,0.0,0.0,0.0,0.0,0.0,61.0,49.0,0.0,0.0,0.0,0.0,0.0,0.0,0.0,0.0,0.0,0.0,0.0,0.0,0.0
628,José,Malheiro de Sá,José Sá,a,,,4.2,629,33.0,1.2,176,22.0,3.2,90.0,8.0,2,0,0.0,-3,3.0,573,495,0.8,10.7,2.7,2.7,2.8,212.0,21.0,,,138.0,19.0,418.0,5.0,592.0,65.0,296.0,19.0,,,,,,,,0.0,0.0,0.0,1.48,2.5,0.19,1.69,1.0,0.0,27,2.0,90.0,0.0,0.0,0.0,1.0,0.0,0.0,0.0,0.0,0.0,2.0,1.0,0.0,11.0,721.0,623.0,0.0,0.0,0.0,0.0,1.6699999999999982,15.200000000000045,0.0,0.0,1.5,0.0,3.0,11.0,0.0
629,Daniel,Bentley,Bentley,a,,,3.9,741,70.0,0.5,263,34.0,0.0,429.0,29.0,0,0,0.0,-1,1.0,137,58,0.0,0.0,-0.5,-0.5,0.0,539.0,38.0,100.0,100.0,528.0,38.0,518.0,23.0,484.0,10.0,531.0,38.0,,,,,,,,0.0,0.0,0.0,0.0,0.0,0.0,0.0,0.0,0.0,27,0.0,0.0,0.0,0.0,0.0,0.0,0.0,0.0,0.0,0.0,0.0,0.0,0.0,0.0,0.0,159.0,70.0,0.0,0.0,0.0,0.0,0.0,0.0,0.0,0.0,0.0,0.0,0.0,0.0,0.0
631,Emmanuel,Agbadou,Agbadou,u,has joined Besiktas permanently.,,4.2,642,153.0,0.1,449,165.0,0.5,327.0,113.0,0,0,0.0,-3,3.0,0,24,0.1,5.5,0.0,0.0,1.6,387.0,143.0,0.0,0.0,169.0,72.0,293.0,94.0,270.0,76.0,249.0,80.0,,5.0,,,,,,0.05,0.03,0.08,1.49,0.0,0.0,2.37,0.98,10.23,27,0.0,0.0,0.0,0.0,0.0,0.0,0.0,0.0,0.0,0.0,0.0,0.0,0.0,0.0,0.0,0.0,29.0,0.0,0.0,0.0,0.0,0.0,0.0,0.0,0.0,0.0,0.0,0.0,0.0,0.0
632,Matt,Doherty,Doherty,a,,,4.4,520,100.0,0.1,502,179.0,0.0,580.0,235.0,0,0,0.0,-1,1.0,12,37,0.0,2.5,-0.5,-0.5,1.2,437.0,158.0,100.0,100.0,335.0,126.0,335.0,114.0,383.0,135.0,370.0,130.0,,,,,,,,0.01,0.03,0.04,1.68,0.0,0.14,1.96,1.26,7.27,27,0.0,0.0,0.0,0.0,0.0,0.0,0.0,0.0,0.0,0.0,0.0,0.0,0.0,0.0,0.0,12.0,39.0,0.0,0.0,0.0,0.0,0.0,0.0,0.0,0.0,0.0,0.0,0.0,0.0,0.0
635,Rodrigo,Martins Gomes,R.Gomes,a,,,4.4,545,118.0,0.1,564,203.0,1.0,268.0,96.0,0,0,0.0,-1,1.0,11,27,0.2,4.5,0.5,0.5,1.7,376.0,138.0,100.0,100.0,343.0,130.0,319.0,107.0,187.0,44.0,323.0,111.0,,,,,,,,0.17,0.05,0.22,1.18,0.0,0.0,1.57,0.94,5.32,27,0.0,0.0,0.0,0.0,0.0,0.0,0.0,0.0,0.0,0.0,0.0,0.0,0.0,0.0,0.0,14.0,32.0,0.0,0.0,0.0,0.0,0.0,0.0,0.0,0.0,0.0,0.0,0.0,0.0,0.0
638,Ki-Jana,Hoever,Hoever,u,has joined Sheffield United on loan for the rest of the season.,,3.8,795,243.0,1.0,193,72.0,0.0,410.0,155.0,0,0,0.0,-2,2.0,0,532,0.0,2.6,0.0,0.0,1.2,434.0,155.0,0.0,0.0,341.0,129.0,270.0,85.0,391.0,140.0,361.0,124.0,,,,,,,,0.0,0.08,0.08,1.99,0.0,0.0,2.77,1.28,8.51,27,0.0,0.0,0.0,0.0,0.0,0.0,0.0,0.0,0.0,0.0,0.0,0.0,0.0,0.0,0.0,0.0,589.0,0.0,0.0,0.0,0.0,0.0,0.0,0.0,0.0,0.0,0.0,0.0,0.0,0.0
639,Bastien,Meupiyou Menadjou,Meupiyou,u,On loan to FC Alverca,,4.0,713,190.0,0.0,760,259.0,0.0,510.0,204.0,0,0,0.0,0,0.0,0,1,0.0,0.0,0.0,0.0,0.0,615.0,230.0,0.0,0.0,604.0,229.0,597.0,229.0,566.0,224.0,607.0,229.0,,,,,,,,0.0,0.0,0.0,0.0,0.0,0.0,0.0,0.0,0.0,27,0.0,0.0,0.0,0.0,0.0,0.0,0.0,0.0,0.0,0.0,0.0,0.0,0.0,0.0,0.0,0.0,1.0,0.0,0.0,0.0,0.0,0.0,0.0,0.0,0.0,0.0,0.0,0.0,0.0,0.0
640,Pedro,Cardoso de Lima,Pedro Lima,a,,,4.0,733,209.0,0.4,287,107.0,0.3,354.0,126.0,0,0,0.0,0,0.0,25,70,0.1,0.8,-0.2,-0.2,1.0,457.0,169.0,100.0,100.0,500.0,178.0,470.0,173.0,437.0,162.0,500.0,177.0,,,,,,,,0.0,0.0,0.0,23.7,0.0,0.0,30.0,0.0,0.0,27,0.0,0.0,0.0,0.0,0.0,0.0,0.0,0.0,0.0,0.0,0.0,0.0,0.0,0.0,0.0,28.0,77.0,0.0,0.0,0.0,0.0,0.0,0.0,0.0,0.0,0.0,0.0,0.0,0.0,0.0
641,Alfie,Pond,Pond,u,has joined Crewe Alexandra on loan for the rest of the season.,,3.9,772,225.0,1.0,194,73.0,0.0,454.0,176.0,0,0,0.0,-1,1.0,0,301,0.0,0.0,0.0,0.0,0.0,562.0,204.0,0.0,0.0,551.0,203.0,541.0,203.0,507.0,195.0,554.0,203.0,,,,,,,,0.0,0.0,0.0,0.0,0.0,0.0,0.0,0.0,0.0,27,0.0,0.0,0.0,0.0,0.0,0.0,0.0,0.0,0.0,0.0,0.0,0.0,0.0,0.0,0.0,0.0,335.0,0.0,0.0,0.0,0.0,0.0,0.0,0.0,0.0,0.0,0.0,0.0,0.0,0.0
642,Hwang,Hee-chan,Hee Chan,i,Calf injury - Unknown return date,,5.6,126,78.0,0.1,453,155.0,0.8,304.0,134.0,0,0,0.0,-4,4.0,2,269,0.1,7.9,0.0,0.0,2.2,310.0,137.0,0.0,0.0,314.0,144.0,192.0,128.0,178.0,100.0,267.0,133.0,,,3.0,,,,,0.17,0.07,0.24,1.39,0.0,0.16,1.73,1.18,5.35,27,0.0,0.0,0.0,0.0,0.0,0.0,0.0,0.0,0.0,0.0,0.0,0.0,0.0,0.0,0.0,3.0,326.0,0.0,0.0,0.0,0.0,0.0,0.0,0.0,0.0,0.0,0.0,0.0,0.0,0.0
643,André,Trindade da Costa Neto,André,a,,,5.2,216,134.0,0.1,537,196.0,1.5,233.0,102.0,3,0,0.0,-3,3.0,51,43,0.3,11.2,1.0,1.0,2.3,296.0,128.0,100.0,100.0,206.0,88.0,146.0,100.0,376.0,191.0,243.0,123.0,,,,,,,,0.01,0.03,0.04,1.49,0.0,0.05,1.74,0.97,12.42,27,3.0,90.0,0.0,0.0,0.0,1.0,0.0,0.0,0.0,1.0,0.0,0.0,1.0,0.0,8.0,58.0,48.0,0.0,0.05000000000000002,0.009999999999999898,0.05999999999999994,1.6700000000000017,7.000000000000028,2.5,2.0,1.2000000000000028,2.0,4.0,7.0,13.0
644,Jean-Ricner,Bellegarde,Bellegarde,a,,,5.1,231,142.0,0.0,602,229.0,1.0,278.0,124.0,3,0,0.0,-4,4.0,31,28,0.2,6.1,0.5,0.5,1.6,393.0,174.0,100.0,100.0,303.0,137.0,215.0,141.0,201.0,110.0,278.0,139.0,3.0,4.0,,,,,,0.1,0.06,0.16,1.62,0.0,0.2,2.31,1.1,7.83,27,3.0,86.0,0.0,0.0,1.0,0.0,0.0,0.0,0.0,0.0,0.0,0.0,1.0,0.0,20.0,34.0,41.0,0.0,0.21000000000000008,0.0,0.20999999999999996,0.9799999999999986,19.400000000000006,1.2000000000000028,33.0,5.399999999999999,2.0,4.0,3.0,9.0
645,Fer,López González,Fer López,u,has joined Celta Vigo on loan for the rest of the season.,,5.1,241,147.0,0.0,653,262.0,0.0,765.0,331.0,0,0,0.0,-4,4.0,0,13,0.0,2.4,0.0,0.0,1.3,431.0,194.0,0.0,0.0,430.0,190.0,316.0,178.0,339.0,176.0,398.0,184.0,,,,,,,,0.06,0.24,0.3,1.57,0.0,0.0,3.55,0.79,4.74,27,0.0,0.0,0.0,0.0,0.0,0.0,0.0,0.0,0.0,0.0,0.0,0.0,0.0,0.0,0.0,0.0,13.0,0.0,0.0,0.0,0.0,0.0,0.0,0.0,0.0,0.0,0.0,0.0,0.0,0.0
646,João Victor,Gomes da Silva,J.Gomes,a,,,5.3,199,124.0,0.3,325,109.0,2.3,172.0,78.0,1,0,0.0,-2,2.0,115,1298,0.4,12.8,1.8,1.8,2.6,258.0,108.0,100.0,100.0,151.0,52.0,95.0,70.0,210.0,116.0,136.0,74.0,,,,,,,,0.04,0.06,0.1,1.47,0.0,0.13,1.78,1.02,12.7,27,1.0,3.0,0.0,0.0,0.0,1.0,0.0,0.0,0.0,0.0,0.0,0.0,0.0,0.0,5.0,124.0,1599.0,0.0,0.0,0.0,0.0,0.6899999999999977,2.1999999999999886,0.2999999999999545,0.0,0.29999999999999716,1.0,0.0,1.0,2.0
647,Gonçalo Manuel,Ganchinho Guedes,Guedes,u,Has joined Real Sociedad permanently.,,5.5,140,87.0,0.0,791,349.0,0.0,789.0,348.0,0,0,0.0,0,0.0,0,0,0.0,0.0,0.0,0.0,0.0,804.0,357.0,0.0,0.0,804.0,357.0,803.0,357.0,801.0,356.0,804.0,357.0,,,,,,,,0.0,0.0,0.0,0.0,0.0,0.0,0.0,0.0,0.0,27,0.0,0.0,0.0,0.0,0.0,0.0,0.0,0.0,0.0,0.0,0.0,0.0,0.0,0.0,0.0,0.0,0.0,0.0,0.0,0.0,0.0,0.0,0.0,0.0,0.0,0.0,0.0,0.0,0.0,0.0
649,Boubacar,Traoré,B.Traore,u,Has joined FC Metz on loan for the rest of the season.,,5.0,264,160.0,0.0,812,362.0,0.0,750.0,320.0,0,0,0.0,0,0.0,0,0,0.0,0.0,0.0,0.0,0.0,784.0,343.0,0.0,0.0,783.0,342.0,782.0,343.0,778.0,341.0,784.0,343.0,,,,,,,,0.0,0.0,0.0,0.0,0.0,0.0,0.0,0.0,0.0,27,0.0,0.0,0.0,0.0,0.0,0.0,0.0,0.0,0.0,0.0,0.0,0.0,0.0,0.0,0.0,0.0,0.0,0.0,0.0,0.0,0.0,0.0,0.0,0.0,0.0,0.0,0.0,0.0,0.0,0.0
650,Tawanda,Chirewa,Chirewa,u,has joined Barnsley on loan for the rest of the season.,,4.3,599,350.0,0.2,368,123.0,0.0,560.0,188.0,0,0,0.0,-2,2.0,0,93,0.0,0.5,0.0,0.0,1.0,461.0,202.0,0.0,0.0,477.0,220.0,478.0,232.0,608.0,228.0,488.0,225.0,,,,,,,,0.0,0.0,0.0,1.8,0.0,0.0,0.0,0.0,14.4,27,0.0,0.0,0.0,0.0,0.0,0.0,0.0,0.0,0.0,0.0,0.0,0.0,0.0,0.0,0.0,0.0,97.0,0.0,0.0,0.0,0.0,0.0,0.0,0.0,0.0,0.0,0.0,0.0,0.0,0.0
651,Tom,Edozie,Edozie,a,,,4.3,616,361.0,0.4,280,99.0,1.0,267.0,118.0,0,0,0.0,-2,2.0,646,170,0.2,1.4,0.5,0.5,6.0,4.0,2.0,,,421.0,185.0,484.0,235.0,385.0,193.0,442.0,198.0,,,,,,,,2.55,0.0,2.55,3.0,0.0,0.0,0.0,0.0,0.0,27,0.0,0.0,0.0,0.0,0.0,0.0,0.0,0.0,0.0,0.0,0.0,0.0,0.0,0.0,0.0,869.0,187.0,0.0,0.0,0.0,0.0,0.0,0.0,0.0,0.0,0.0,0.0,0.0,0.0,0.0
749,Mateus,Mané,Mané,a,,,4.6,404,66.0,2.8,111,18.0,2.0,196.0,26.0,2,0,0.0,1,-1.0,2052,7233,0.4,10.4,1.5,1.5,2.8,217.0,21.0,,,242.0,21.0,138.0,10.0,133.0,32.0,192.0,24.0,,,,,,,,0.1,0.14,0.24,1.61,0.0,0.25,1.51,0.92,7.03,27,2.0,90.0,0.0,0.0,0.0,1.0,0.0,0.0,0.0,0.0,0.0,0.0,1.0,0.0,11.0,2558.0,9267.0,0.0,0.0,0.31999999999999984,0.3200000000000003,1.6699999999999982,17.599999999999994,28.099999999999994,4.0,5.0,0.0,5.0,4.0,9.0
777,Temple,Ojinnaka,Ojinnaka,u,has joined Shrewsbury Town on loan for the rest of the season.,,4.5,455,272.0,0.0,799,353.0,0.0,645.0,242.0,0,0,0.0,0,0.0,0,2,0.0,0.0,0.0,0.0,0.0,712.0,288.0,0.0,0.0,706.0,283.0,703.0,286.0,687.0,279.0,708.0,285.0,,,,,,,,0.0,0.0,0.0,0.0,0.0,0.0,0.0,0.0,0.0,27,0.0,0.0,0.0,0.0,0.0,0.0,0.0,0.0,0.0,0.0,0.0,0.0,0.0,0.0,0.0,0.0,2.0,0.0,0.0,0.0,0.0,0.0,0.0,0.0,0.0,0.0,0.0,0.0,0.0,0.0
778,Ethan,Sutherland,Sutherland,a,,,4.5,487,298.0,0.0,755,322.0,0.0,672.0,265.0,0,0,0.0,0,0.0,11,8,0.0,0.0,-0.5,-0.5,0.0,733.0,305.0,,,731.0,303.0,726.0,304.0,713.0,300.0,732.0,304.0,,,,,,,,0.0,0.0,0.0,0.0,0.0,0.0,0.0,0.0,0.0,27,0.0,0.0,0.0,0.0,0.0,0.0,0.0,0.0,0.0,0.0,0.0,0.0,0.0,0.0,0.0,11.0,10.0,0.0,0.0,0.0,0.0,0.0,0.0,0.0,0.0,0.0,0.0,0.0,0.0,0.0
809,Jerome,Abbey,Abbey,a,,,4.5,516,319.0,0.0,766,330.0,0.0,696.0,283.0,0,0,0.0,0,0.0,31,9,0.0,0.0,-0.5,-0.5,0.0,754.0,321.0,,,753.0,320.0,748.0,321.0,736.0,318.0,754.0,321.0,,,,,,,,0.0,0.0,0.0,0.0,0.0,0.0,0.0,0.0,0.0,27,0.0,0.0,0.0,0.0,0.0,0.0,0.0,0.0,0.0,0.0,0.0,0.0,0.0,0.0,0.0,36.0,11.0,0.0,0.0,0.0,0.0,0.0,0.0,0.0,0.0,0.0,0.0,0.0,0.0,0.0
816,Angel,Gomes,Angel,a,,,4.9,308,192.0,0.0,670,272.0,1.8,214.0,94.0,1,-1,1.0,-1,1.0,22,99,0.4,1.4,1.3,1.3,1.8,363.0,160.0,100.0,100.0,424.0,186.0,355.0,187.0,402.0,199.0,424.0,191.0,,,,,,,,0.03,0.04,0.07,3.48,0.0,0.51,2.03,1.53,8.64,27,1.0,1.0,0.0,0.0,0.0,0.0,0.0,0.0,0.0,0.0,0.0,0.0,0.0,0.0,4.0,30.0,120.0,0.0,0.0,0.009999999999999995,0.010000000000000009,0.4399999999999995,0.3999999999999986,1.0999999999999943,0.0,0.1999999999999993,0.0,0.0,2.0,2.0
